uniprot_id,nr_code,common_name,group,pdb_id,polymer_entity_id,entity_id,stage3b_coordinate_selected,representative_instance_id,label_asym_id,auth_asym_id,experimental_methods,resolution,r_free,standardized_lbd_start,standardized_lbd_end,standardized_lbd_length,positive_occupancy_lbd_coverage,bfactor_usable_lbd_coverage,completeness_ge_090,completeness_ge_095,completeness_ge_099,completeness_ge_080,completeness_eq_100,identity_class,fusion_or_chimera,primary_method_pass,primary_completeness_pass,primary_resolution_pass,primary_rfree_pass,primary_identity_pass,primary_selection_status,primary_exclusion_reasons_json
P10275,NR3C4,AR,Steroid hormone receptors,1T65,1T65_1,1,True,1T65.A,A,A,"[""X-RAY DIFFRACTION""]",1.66,0.27,669,900,232,0.99569,0.99569,True,True,True,True,False,HUMAN_OR_HUMAN_DERIVED,False,True,True,False,True,True,EXCLUDED_PRIMARY,"[""RESOLUTION_LT_1_8""]"
P10275,NR3C4,AR,Steroid hormone receptors,1XJ7,1XJ7_1,1,True,1XJ7.A,A,A,"[""X-RAY DIFFRACTION""]",2.7,0.32,669,900,232,1.0,1.0,True,True,True,True,True,HUMAN_OR_HUMAN_DERIVED,False,True,True,True,False,True,EXCLUDED_PRIMARY,"[""RFREE_GT_0_30""]"
P10275,NR3C4,AR,Steroid hormone receptors,1XOW,1XOW_2,2,False,,,,"[""X-RAY DIFFRACTION""]",1.8,0.213,669,900,232,,,False,False,False,False,False,HUMAN_OR_HUMAN_DERIVED,False,True,False,True,True,True,NO_COORDINATE_CANDIDATE,"[""NO_LBD_OVERLAP""]"
P10275,NR3C4,AR,Steroid hormone receptors,2AM9,2AM9_1,1,True,2AM9.A,A,A,"[""X-RAY DIFFRACTION""]",1.64,0.23,669,900,232,0.991379,0.991379,True,True,True,True,False,HUMAN_OR_HUMAN_DERIVED,False,True,True,False,True,True,EXCLUDED_PRIMARY,"[""RESOLUTION_LT_1_8""]"
P10275,NR3C4,AR,Steroid hormone receptors,2AMB,2AMB_1,1,True,2AMB.A,A,A,"[""X-RAY DIFFRACTION""]",1.75,0.209,669,900,232,0.974138,0.974138,True,True,False,True,False,HUMAN_OR_HUMAN_DERIVED,False,True,True,False,True,True,EXCLUDED_PRIMARY,"[""RESOLUTION_LT_1_8""]"
P10275,NR3C4,AR,Steroid hormone receptors,2AX6,2AX6_1,1,True,2AX6.A,A,A,"[""X-RAY DIFFRACTION""]",1.5,0.274,669,900,232,0.965517,0.965517,True,True,False,True,False,HUMAN_OR_HUMAN_DERIVED,False,True,True,False,True,True,EXCLUDED_PRIMARY,"[""RESOLUTION_LT_1_8""]"
P10275,NR3C4,AR,Steroid hormone receptors,2AX8,2AX8_1,1,True,2AX8.A,A,A,"[""X-RAY DIFFRACTION""]",1.7,0.248,669,900,232,0.948276,0.948276,True,False,False,True,False,HUMAN_OR_HUMAN_DERIVED,False,True,True,False,True,True,EXCLUDED_PRIMARY,"[""RESOLUTION_LT_1_8""]"
P10275,NR3C4,AR,Steroid hormone receptors,2AX9,2AX9_1,1,True,2AX9.A,A,A,"[""X-RAY DIFFRACTION""]",1.65,0.249,669,900,232,0.948276,0.948276,True,False,False,True,False,HUMAN_OR_HUMAN_DERIVED,False,True,True,False,True,True,EXCLUDED_PRIMARY,"[""RESOLUTION_LT_1_8""]"
P10275,NR3C4,AR,Steroid hormone receptors,2PIT,2PIT_1,1,True,2PIT.A,A,A,"[""X-RAY DIFFRACTION""]",1.76,0.25,669,900,232,0.99569,0.99569,True,True,True,True,False,HUMAN_OR_HUMAN_DERIVED,False,True,True,False,True,True,EXCLUDED_PRIMARY,"[""RESOLUTION_LT_1_8""]"
P10275,NR3C4,AR,Steroid hormone receptors,2PNU,2PNU_1,1,True,2PNU.A,A,A,"[""X-RAY DIFFRACTION""]",1.65,0.205,669,900,232,0.969828,0.969828,True,True,False,True,False,HUMAN_OR_HUMAN_DERIVED,False,True,True,False,True,True,EXCLUDED_PRIMARY,"[""RESOLUTION_LT_1_8""]"
P10275,NR3C4,AR,Steroid hormone receptors,2Q7I,2Q7I_2,2,False,,,,"[""X-RAY DIFFRACTION""]",1.87,0.21714,669,900,232,,,False,False,False,False,False,HUMAN_OR_HUMAN_DERIVED,False,True,False,True,True,True,NO_COORDINATE_CANDIDATE,"[""NO_LBD_OVERLAP""]"
P10275,NR3C4,AR,Steroid hormone receptors,2Q7K,2Q7K_2,2,False,,,,"[""X-RAY DIFFRACTION""]",1.8,0.20856,669,900,232,,,False,False,False,False,False,HUMAN_OR_HUMAN_DERIVED,False,True,False,True,True,True,NO_COORDINATE_CANDIDATE,"[""NO_LBD_OVERLAP""]"
P10275,NR3C4,AR,Steroid hormone receptors,3B66,3B66_1,1,True,3B66.A,A,A,"[""X-RAY DIFFRACTION""]",1.65,0.242,669,900,232,0.987069,0.987069,True,True,False,True,False,HUMAN_OR_HUMAN_DERIVED,False,True,True,False,True,True,EXCLUDED_PRIMARY,"[""RESOLUTION_LT_1_8""]"
P10275,NR3C4,AR,Steroid hormone receptors,3BTR,3BTR_2,2,False,,,,"[""X-RAY DIFFRACTION""]",2.6,0.2289,669,900,232,,,False,False,False,False,False,HUMAN_OR_HUMAN_DERIVED,False,True,False,True,True,True,NO_COORDINATE_CANDIDATE,"[""NO_LBD_OVERLAP""]"
P10275,NR3C4,AR,Steroid hormone receptors,3L3X,3L3X_1,1,True,3L3X.A,A,A,"[""X-RAY DIFFRACTION""]",1.55,0.20568,669,900,232,0.991379,0.991379,True,True,True,True,False,HUMAN_OR_HUMAN_DERIVED,False,True,True,False,True,True,EXCLUDED_PRIMARY,"[""RESOLUTION_LT_1_8""]"
P10275,NR3C4,AR,Steroid hormone receptors,3RLL,3RLL_1,1,True,3RLL.A,A,A,"[""X-RAY DIFFRACTION""]",1.7,0.263,669,900,232,0.948276,0.948276,True,False,False,True,False,HUMAN_OR_HUMAN_DERIVED,False,True,True,False,True,True,EXCLUDED_PRIMARY,"[""RESOLUTION_LT_1_8""]"
P10275,NR3C4,AR,Steroid hormone receptors,3V49,3V49_1,1,True,3V49.A,A,A,"[""X-RAY DIFFRACTION""]",1.7,,669,900,232,0.965517,0.965517,True,True,False,True,False,HUMAN_OR_HUMAN_DERIVED,False,True,True,False,False,True,EXCLUDED_PRIMARY,"[""RESOLUTION_LT_1_8"", ""RFREE_MISSING""]"
P10275,NR3C4,AR,Steroid hormone receptors,3V49,3V49_2,2,False,,,,"[""X-RAY DIFFRACTION""]",1.7,,669,900,232,,,False,False,False,False,False,HUMAN_OR_HUMAN_DERIVED,False,True,False,False,False,True,NO_COORDINATE_CANDIDATE,"[""NO_LBD_OVERLAP""]"
P10275,NR3C4,AR,Steroid hormone receptors,3V4A,3V4A_1,1,True,3V4A.A,A,A,"[""X-RAY DIFFRACTION""]",1.95,,669,900,232,0.965517,0.965517,True,True,False,True,False,HUMAN_OR_HUMAN_DERIVED,False,True,True,True,False,True,EXCLUDED_PRIMARY,"[""RFREE_MISSING""]"
P10275,NR3C4,AR,Steroid hormone receptors,3V4A,3V4A_2,2,False,,,,"[""X-RAY DIFFRACTION""]",1.95,,669,900,232,,,False,False,False,False,False,HUMAN_OR_HUMAN_DERIVED,False,True,False,True,False,True,NO_COORDINATE_CANDIDATE,"[""NO_LBD_OVERLAP""]"
P10275,NR3C4,AR,Steroid hormone receptors,3ZQT,3ZQT_1,1,True,3ZQT.A,A,A,"[""X-RAY DIFFRACTION""]",2.29,0.3067,669,900,232,0.991379,0.991379,True,True,True,True,False,NON_HUMAN_CONSTRUCT,False,True,True,True,False,False,EXCLUDED_PRIMARY,"[""RFREE_GT_0_30"", ""NON_HUMAN_CONSTRUCT""]"
P10275,NR3C4,AR,Steroid hormone receptors,4OH6,4OH6_1,1,True,4OH6.A,A,A,"[""X-RAY DIFFRACTION""]",3.56,0.26141,669,900,232,0.956897,0.956897,True,True,False,True,False,HUMAN_OR_HUMAN_DERIVED,False,True,True,False,True,True,EXCLUDED_PRIMARY,"[""RESOLUTION_GT_3_5""]"
P10275,NR3C4,AR,Steroid hormone receptors,4OHA,4OHA_1,1,True,4OHA.A,A,A,"[""X-RAY DIFFRACTION""]",1.42,0.20005,669,900,232,0.956897,0.956897,True,True,False,True,False,HUMAN_OR_HUMAN_DERIVED,False,True,True,False,True,True,EXCLUDED_PRIMARY,"[""RESOLUTION_LT_1_8""]"
P10275,NR3C4,AR,Steroid hormone receptors,4OIU,4OIU_1,1,True,4OIU.A,A,A,"[""X-RAY DIFFRACTION""]",3.01,0.33757,669,900,232,0.961207,0.961207,True,True,False,True,False,HUMAN_OR_HUMAN_DERIVED,False,True,True,True,False,True,EXCLUDED_PRIMARY,"[""RFREE_GT_0_30""]"
P10275,NR3C4,AR,Steroid hormone receptors,4OJ9,4OJ9_1,1,True,4OJ9.A,A,A,"[""X-RAY DIFFRACTION""]",3.31,0.36224,669,900,232,0.991379,0.991379,True,True,True,True,False,HUMAN_OR_HUMAN_DERIVED,False,True,True,True,False,True,EXCLUDED_PRIMARY,"[""RFREE_GT_0_30""]"
P10275,NR3C4,AR,Steroid hormone receptors,4OLM,4OLM_1,1,True,4OLM.A,A,A,"[""X-RAY DIFFRACTION""]",2.8,0.31255,669,900,232,0.952586,0.952586,True,True,False,True,False,HUMAN_OR_HUMAN_DERIVED,False,True,True,True,False,True,EXCLUDED_PRIMARY,"[""RFREE_GT_0_30""]"
P10275,NR3C4,AR,Steroid hormone receptors,5CJ6,5CJ6_2,2,False,,,,"[""X-RAY DIFFRACTION""]",2.07,0.22171,669,900,232,,,False,False,False,False,False,HUMAN_OR_HUMAN_DERIVED,False,True,False,True,True,True,NO_COORDINATE_CANDIDATE,"[""NO_LBD_OVERLAP""]"
P10275,NR3C4,AR,Steroid hormone receptors,5T8J,5T8J_1,1,True,5T8J.A,A,A,"[""X-RAY DIFFRACTION""]",2.7,0.3047,669,900,232,0.987069,0.987069,True,True,False,True,False,HUMAN_OR_HUMAN_DERIVED,False,True,True,True,False,True,EXCLUDED_PRIMARY,"[""RFREE_GT_0_30""]"
P10275,NR3C4,AR,Steroid hormone receptors,5V8Q,5V8Q_1,1,True,5V8Q.A,A,A,"[""X-RAY DIFFRACTION""]",1.44,0.2047,669,900,232,0.987069,0.987069,True,True,False,True,False,HUMAN_OR_HUMAN_DERIVED,False,True,True,False,True,True,EXCLUDED_PRIMARY,"[""RESOLUTION_LT_1_8""]"
P10275,NR3C4,AR,Steroid hormone receptors,7ZTZ,7ZTZ_1,1,True,7ZTZ.A,A,A,"[""X-RAY DIFFRACTION""]",1.4,0.2196,669,900,232,0.961207,0.961207,True,True,False,True,False,HUMAN_OR_HUMAN_DERIVED,False,True,True,False,True,True,EXCLUDED_PRIMARY,"[""RESOLUTION_LT_1_8""]"
P10275,NR3C4,AR,Steroid hormone receptors,7ZU1,7ZU1_1,1,True,7ZU1.A,A,A,"[""X-RAY DIFFRACTION""]",1.68,0.2545,669,900,232,0.969828,0.969828,True,True,False,True,False,HUMAN_OR_HUMAN_DERIVED,False,True,True,False,True,True,EXCLUDED_PRIMARY,"[""RESOLUTION_LT_1_8""]"
P10275,NR3C4,AR,Steroid hormone receptors,7ZU2,7ZU2_1,1,True,7ZU2.A,A,A,"[""X-RAY DIFFRACTION""]",1.74,0.2186,669,900,232,0.956897,0.956897,True,True,False,True,False,HUMAN_OR_HUMAN_DERIVED,False,True,True,False,True,True,EXCLUDED_PRIMARY,"[""RESOLUTION_LT_1_8""]"
P10275,NR3C4,AR,Steroid hormone receptors,8E1A,8E1A_1,1,True,8E1A.A,A,A,"[""X-RAY DIFFRACTION""]",1.2,0.15146,669,900,232,0.991379,0.991379,True,True,True,True,False,HUMAN_OR_HUMAN_DERIVED,False,True,True,False,True,True,EXCLUDED_PRIMARY,"[""RESOLUTION_LT_1_8""]"
P10275,NR3C4,AR,Steroid hormone receptors,8FGZ,8FGZ_1,1,True,8FGZ.A,A,A,"[""X-RAY DIFFRACTION""]",1.61,0.2199,669,900,232,0.969828,0.969828,True,True,False,True,False,HUMAN_OR_HUMAN_DERIVED,False,True,True,False,True,True,EXCLUDED_PRIMARY,"[""RESOLUTION_LT_1_8""]"
P10275,NR3C4,AR,Steroid hormone receptors,8FH0,8FH0_1,1,True,8FH0.A,A,A,"[""X-RAY DIFFRACTION""]",1.59,0.2082,669,900,232,0.961207,0.961207,True,True,False,True,False,HUMAN_OR_HUMAN_DERIVED,False,True,True,False,True,True,EXCLUDED_PRIMARY,"[""RESOLUTION_LT_1_8""]"
P10275,NR3C4,AR,Steroid hormone receptors,8FH1,8FH1_1,1,True,8FH1.A,A,A,"[""X-RAY DIFFRACTION""]",1.69,0.229,669,900,232,0.961207,0.961207,True,True,False,True,False,HUMAN_OR_HUMAN_DERIVED,False,True,True,False,True,True,EXCLUDED_PRIMARY,"[""RESOLUTION_LT_1_8""]"
P10275,NR3C4,AR,Steroid hormone receptors,8FH2,8FH2_1,1,True,8FH2.A,A,A,"[""X-RAY DIFFRACTION""]",1.59,0.2209,669,900,232,0.978448,0.978448,True,True,False,True,False,HUMAN_OR_HUMAN_DERIVED,False,True,True,False,True,True,EXCLUDED_PRIMARY,"[""RESOLUTION_LT_1_8""]"
P10275,NR3C4,AR,Steroid hormone receptors,8RM6,8RM6_1,1,False,,,,"[""X-RAY DIFFRACTION""]",2.05,0.2468,669,900,232,,,False,False,False,False,False,HUMAN_OR_HUMAN_DERIVED,False,True,False,True,True,True,NO_COORDINATE_CANDIDATE,"[""NO_LBD_OVERLAP""]"
P10275,NR3C4,AR,Steroid hormone receptors,8RM7,8RM7_1,1,False,,,,"[""X-RAY DIFFRACTION""]",2.25,0.31,669,900,232,,,False,False,False,False,False,HUMAN_OR_HUMAN_DERIVED,False,True,False,True,False,True,NO_COORDINATE_CANDIDATE,"[""NO_LBD_OVERLAP""]"
P03372,NR3A1,ERα,Steroid hormone receptors,11SD,11SD_2,2,False,,,,"[""X-RAY DIFFRACTION""]",2.816,0.2511,311,547,237,,,False,False,False,False,False,HUMAN_OR_HUMAN_DERIVED,False,True,False,True,True,True,NO_COORDINATE_CANDIDATE,"[""NO_LBD_OVERLAP""]"
P03372,NR3A1,ERα,Steroid hormone receptors,11SE,11SE_2,2,False,,,,"[""X-RAY DIFFRACTION""]",2.239,0.2562,311,547,237,,,False,False,False,False,False,HUMAN_OR_HUMAN_DERIVED,False,True,False,True,True,True,NO_COORDINATE_CANDIDATE,"[""NO_LBD_OVERLAP""]"
P03372,NR3A1,ERα,Steroid hormone receptors,11SF,11SF_2,2,False,,,,"[""X-RAY DIFFRACTION""]",2.24,0.2496,311,547,237,,,False,False,False,False,False,HUMAN_OR_HUMAN_DERIVED,False,True,False,True,True,True,NO_COORDINATE_CANDIDATE,"[""NO_LBD_OVERLAP""]"
P03372,NR3A1,ERα,Steroid hormone receptors,11SG,11SG_2,2,False,,,,"[""X-RAY DIFFRACTION""]",2.6,0.2482,311,547,237,,,False,False,False,False,False,HUMAN_OR_HUMAN_DERIVED,False,True,False,True,True,True,NO_COORDINATE_CANDIDATE,"[""NO_LBD_OVERLAP""]"
P03372,NR3A1,ERα,Steroid hormone receptors,11SH,11SH_2,2,False,,,,"[""X-RAY DIFFRACTION""]",2.2,0.2367,311,547,237,,,False,False,False,False,False,HUMAN_OR_HUMAN_DERIVED,False,True,False,True,True,True,NO_COORDINATE_CANDIDATE,"[""NO_LBD_OVERLAP""]"
P03372,NR3A1,ERα,Steroid hormone receptors,11SI,11SI_2,2,False,,,,"[""X-RAY DIFFRACTION""]",2.5,0.2774,311,547,237,,,False,False,False,False,False,HUMAN_OR_HUMAN_DERIVED,False,True,False,True,True,True,NO_COORDINATE_CANDIDATE,"[""NO_LBD_OVERLAP""]"
P03372,NR3A1,ERα,Steroid hormone receptors,11SJ,11SJ_2,2,False,,,,"[""X-RAY DIFFRACTION""]",2.4,0.2434,311,547,237,,,False,False,False,False,False,HUMAN_OR_HUMAN_DERIVED,False,True,False,True,True,True,NO_COORDINATE_CANDIDATE,"[""NO_LBD_OVERLAP""]"
P03372,NR3A1,ERα,Steroid hormone receptors,11ZU,11ZU_2,2,False,,,,"[""X-RAY DIFFRACTION""]",2.25,0.2263,311,547,237,,,False,False,False,False,False,HUMAN_OR_HUMAN_DERIVED,False,True,False,True,True,True,NO_COORDINATE_CANDIDATE,"[""NO_LBD_OVERLAP""]"
P03372,NR3A1,ERα,Steroid hormone receptors,1G50,1G50_1,1,True,1G50.A,A,A,"[""X-RAY DIFFRACTION""]",2.9,0.31,311,547,237,1.0,1.0,True,True,True,True,True,HUMAN_OR_HUMAN_DERIVED,False,True,True,True,False,True,EXCLUDED_PRIMARY,"[""RFREE_GT_0_30""]"
P03372,NR3A1,ERα,Steroid hormone receptors,1HCP,1HCP_1,1,False,,,,"[""SOLUTION NMR""]",,,311,547,237,,,False,False,False,False,False,HUMAN_OR_HUMAN_DERIVED,False,False,False,False,False,True,NO_COORDINATE_CANDIDATE,"[""NON_XRAY"", ""NO_LBD_OVERLAP""]"
P03372,NR3A1,ERα,Steroid hormone receptors,1HCQ,1HCQ_3,3,False,,,,"[""X-RAY DIFFRACTION""]",2.4,,311,547,237,,,False,False,False,False,False,HUMAN_OR_HUMAN_DERIVED,False,True,False,True,False,True,NO_COORDINATE_CANDIDATE,"[""NO_LBD_OVERLAP""]"
P03372,NR3A1,ERα,Steroid hormone receptors,1XP6,1XP6_1,1,True,1XP6.A,A,A,"[""X-RAY DIFFRACTION""]",1.7,0.267,311,547,237,1.0,1.0,True,True,True,True,True,HUMAN_OR_HUMAN_DERIVED,False,True,True,False,True,True,EXCLUDED_PRIMARY,"[""RESOLUTION_LT_1_8""]"
P03372,NR3A1,ERα,Steroid hormone receptors,1XPC,1XPC_1,1,True,1XPC.A,A,A,"[""X-RAY DIFFRACTION""]",1.6,0.251,311,547,237,1.0,1.0,True,True,True,True,True,HUMAN_OR_HUMAN_DERIVED,False,True,True,False,True,True,EXCLUDED_PRIMARY,"[""RESOLUTION_LT_1_8""]"
P03372,NR3A1,ERα,Steroid hormone receptors,2B1Z,2B1Z_1,1,True,2B1Z.B,B,B,"[""X-RAY DIFFRACTION""]",1.78,0.23779,311,547,237,0.978903,0.978903,True,True,False,True,False,HUMAN_OR_HUMAN_DERIVED,False,True,True,False,True,True,EXCLUDED_PRIMARY,"[""RESOLUTION_LT_1_8""]"
P03372,NR3A1,ERα,Steroid hormone receptors,2BJ4,2BJ4_1,1,True,2BJ4.A,A,A,"[""X-RAY DIFFRACTION""]",2.0,0.219,311,547,237,0.894515,0.894515,False,False,False,True,False,HUMAN_OR_HUMAN_DERIVED,False,True,False,True,True,True,EXCLUDED_PRIMARY,"[""LBD_COVERAGE_LT_0_90""]"
P03372,NR3A1,ERα,Steroid hormone receptors,2IOG,2IOG_1,1,True,2IOG.A,A,A,"[""X-RAY DIFFRACTION""]",1.6,0.328,311,547,237,1.0,1.0,True,True,True,True,True,HUMAN_OR_HUMAN_DERIVED,False,True,True,False,False,True,EXCLUDED_PRIMARY,"[""RESOLUTION_LT_1_8"", ""RFREE_GT_0_30""]"
P03372,NR3A1,ERα,Steroid hormone receptors,2IOK,2IOK_1,1,True,2IOK.B,B,B,"[""X-RAY DIFFRACTION""]",2.4,0.323,311,547,237,0.940928,0.940928,True,False,False,True,False,HUMAN_OR_HUMAN_DERIVED,False,True,True,True,False,True,EXCLUDED_PRIMARY,"[""RFREE_GT_0_30""]"
P03372,NR3A1,ERα,Steroid hormone receptors,2JF9,2JF9_1,1,True,2JF9.A,A,A,"[""X-RAY DIFFRACTION""]",2.1,0.198,311,547,237,0.881857,0.881857,False,False,False,True,False,HUMAN_OR_HUMAN_DERIVED,False,True,False,True,True,True,EXCLUDED_PRIMARY,"[""LBD_COVERAGE_LT_0_90""]"
P03372,NR3A1,ERα,Steroid hormone receptors,2LLO,2LLO_2,2,False,,,,"[""SOLUTION NMR""]",,,311,547,237,,,False,False,False,False,False,HUMAN_OR_HUMAN_DERIVED,False,False,False,False,False,True,NO_COORDINATE_CANDIDATE,"[""NON_XRAY"", ""NO_LBD_OVERLAP""]"
P03372,NR3A1,ERα,Steroid hormone receptors,2LLQ,2LLQ_2,2,False,,,,"[""SOLUTION NMR""]",,,311,547,237,,,False,False,False,False,False,HUMAN_OR_HUMAN_DERIVED,False,False,False,False,False,True,NO_COORDINATE_CANDIDATE,"[""NON_XRAY"", ""NO_LBD_OVERLAP""]"
P03372,NR3A1,ERα,Steroid hormone receptors,2Q70,2Q70_1,1,True,2Q70.A,A,A,"[""X-RAY DIFFRACTION""]",1.95,0.303,311,547,237,0.962025,0.962025,True,True,False,True,False,HUMAN_OR_HUMAN_DERIVED,False,True,True,True,False,True,EXCLUDED_PRIMARY,"[""RFREE_GT_0_30""]"
P03372,NR3A1,ERα,Steroid hormone receptors,2QE4,2QE4_1,1,True,2QE4.A,A,A,"[""X-RAY DIFFRACTION""]",2.4,0.279,311,547,237,0.852321,0.852321,False,False,False,True,False,HUMAN_OR_HUMAN_DERIVED,False,True,False,True,True,True,EXCLUDED_PRIMARY,"[""LBD_COVERAGE_LT_0_90""]"
P03372,NR3A1,ERα,Steroid hormone receptors,2QXS,2QXS_1,1,True,2QXS.A,A,A,"[""X-RAY DIFFRACTION""]",1.7,0.216,311,547,237,0.978903,0.978903,True,True,False,True,False,HUMAN_OR_HUMAN_DERIVED,False,True,True,False,True,True,EXCLUDED_PRIMARY,"[""RESOLUTION_LT_1_8""]"
P03372,NR3A1,ERα,Steroid hormone receptors,2QZO,2QZO_1,1,True,2QZO.A,A,A,"[""X-RAY DIFFRACTION""]",1.72,0.221,311,547,237,0.92827,0.92827,True,False,False,True,False,HUMAN_OR_HUMAN_DERIVED,False,True,True,False,True,True,EXCLUDED_PRIMARY,"[""RESOLUTION_LT_1_8""]"
P03372,NR3A1,ERα,Steroid hormone receptors,2QZO,2QZO_2,2,True,2QZO.B,B,B,"[""X-RAY DIFFRACTION""]",1.72,0.221,311,547,237,0.970464,0.970464,True,True,False,True,False,HUMAN_OR_HUMAN_DERIVED,False,True,True,False,True,True,EXCLUDED_PRIMARY,"[""RESOLUTION_LT_1_8""]"
P03372,NR3A1,ERα,Steroid hormone receptors,3CBM,3CBM_2,2,False,,,,"[""X-RAY DIFFRACTION""]",1.69,0.229,311,547,237,,,False,False,False,False,False,HUMAN_OR_HUMAN_DERIVED,False,True,False,False,True,True,NO_COORDINATE_CANDIDATE,"[""NO_LBD_OVERLAP""]"
P03372,NR3A1,ERα,Steroid hormone receptors,3CBO,3CBO_2,2,False,,,,"[""X-RAY DIFFRACTION""]",1.65,0.231,311,547,237,,,False,False,False,False,False,HUMAN_OR_HUMAN_DERIVED,False,True,False,False,True,True,NO_COORDINATE_CANDIDATE,"[""NO_LBD_OVERLAP""]"
P03372,NR3A1,ERα,Steroid hormone receptors,3CBP,3CBP_2,2,False,,,,"[""X-RAY DIFFRACTION""]",1.42,0.243,311,547,237,,,False,False,False,False,False,HUMAN_OR_HUMAN_DERIVED,False,True,False,False,True,True,NO_COORDINATE_CANDIDATE,"[""NO_LBD_OVERLAP""]"
P03372,NR3A1,ERα,Steroid hormone receptors,3UUD,3UUD_1,1,True,3UUD.A,A,A,"[""X-RAY DIFFRACTION""]",1.6,0.1948,311,547,237,0.987342,0.987342,True,True,False,True,False,HUMAN_OR_HUMAN_DERIVED,False,True,True,False,True,True,EXCLUDED_PRIMARY,"[""RESOLUTION_LT_1_8""]"
P03372,NR3A1,ERα,Steroid hormone receptors,3UUD,3UUD_2,2,True,3UUD.B,B,B,"[""X-RAY DIFFRACTION""]",1.6,0.1948,311,547,237,0.957806,0.957806,True,True,False,True,False,HUMAN_OR_HUMAN_DERIVED,False,True,True,False,True,True,EXCLUDED_PRIMARY,"[""RESOLUTION_LT_1_8""]"
P03372,NR3A1,ERα,Steroid hormone receptors,4AA6,4AA6_1,1,False,,,,"[""X-RAY DIFFRACTION""]",2.6,,311,547,237,,,False,False,False,False,False,HUMAN_OR_HUMAN_DERIVED,False,True,False,True,False,True,NO_COORDINATE_CANDIDATE,"[""NO_LBD_OVERLAP""]"
P03372,NR3A1,ERα,Steroid hormone receptors,4IUI,4IUI_1,1,True,4IUI.C,C,B,"[""X-RAY DIFFRACTION""]",2.3,0.3121,311,547,237,0.911392,0.911392,True,False,False,True,False,HUMAN_OR_HUMAN_DERIVED,False,True,True,True,False,True,EXCLUDED_PRIMARY,"[""RFREE_GT_0_30""]"
P03372,NR3A1,ERα,Steroid hormone receptors,4JC3,4JC3_2,2,False,,,,"[""X-RAY DIFFRACTION""]",2.05,0.23512,311,547,237,,,False,False,False,False,False,HUMAN_OR_HUMAN_DERIVED,False,True,False,True,True,True,NO_COORDINATE_CANDIDATE,"[""NO_LBD_OVERLAP""]"
P03372,NR3A1,ERα,Steroid hormone receptors,4JDD,4JDD_2,2,False,,,,"[""X-RAY DIFFRACTION""]",2.1,0.2316,311,547,237,,,False,False,False,False,False,HUMAN_OR_HUMAN_DERIVED,False,True,False,True,True,True,NO_COORDINATE_CANDIDATE,"[""NO_LBD_OVERLAP""]"
P03372,NR3A1,ERα,Steroid hormone receptors,4O6F,4O6F_2,2,False,,,,"[""X-RAY DIFFRACTION""]",2.822,0.2355,311,547,237,,,False,False,False,False,False,HUMAN_OR_HUMAN_DERIVED,False,True,False,True,True,True,NO_COORDINATE_CANDIDATE,"[""NO_LBD_OVERLAP""]"
P03372,NR3A1,ERα,Steroid hormone receptors,4ZNV,4ZNV_1,1,True,4ZNV.B,B,B,"[""X-RAY DIFFRACTION""]",1.771,0.1969,311,547,237,0.978903,0.978903,True,True,False,True,False,HUMAN_OR_HUMAN_DERIVED,False,True,True,False,True,True,EXCLUDED_PRIMARY,"[""RESOLUTION_LT_1_8""]"
P03372,NR3A1,ERα,Steroid hormone receptors,5AAV,5AAV_2,2,True,5AAV.B,B,B,"[""X-RAY DIFFRACTION""]",1.95,0.23413,311,547,237,0.860759,0.860759,False,False,False,True,False,HUMAN_OR_HUMAN_DERIVED,False,True,False,True,True,True,EXCLUDED_PRIMARY,"[""LBD_COVERAGE_LT_0_90""]"
P03372,NR3A1,ERα,Steroid hormone receptors,5DVV,5DVV_1,1,True,5DVV.B,B,B,"[""X-RAY DIFFRACTION""]",2.505,0.2576,311,547,237,0.877637,0.877637,False,False,False,True,False,HUMAN_OR_HUMAN_DERIVED,False,True,False,True,True,True,EXCLUDED_PRIMARY,"[""LBD_COVERAGE_LT_0_90""]"
P03372,NR3A1,ERα,Steroid hormone receptors,5DXE,5DXE_1,1,True,5DXE.A,A,A,"[""X-RAY DIFFRACTION""]",1.5,0.201,311,547,237,0.957806,0.957806,True,True,False,True,False,HUMAN_OR_HUMAN_DERIVED,False,True,True,False,True,True,EXCLUDED_PRIMARY,"[""RESOLUTION_LT_1_8""]"
P03372,NR3A1,ERα,Steroid hormone receptors,5FQV,5FQV_1,1,True,5FQV.A,A,A,"[""X-RAY DIFFRACTION""]",1.74,0.2336,311,547,237,0.966245,0.966245,True,True,False,True,False,HUMAN_OR_HUMAN_DERIVED,False,True,True,False,True,True,EXCLUDED_PRIMARY,"[""RESOLUTION_LT_1_8""]"
P03372,NR3A1,ERα,Steroid hormone receptors,5GTR,5GTR_1,1,True,5GTR.A,A,A,"[""X-RAY DIFFRACTION""]",2.804,0.3674,311,547,237,0.970464,0.970464,True,True,False,True,False,HUMAN_OR_HUMAN_DERIVED,False,True,True,True,False,True,EXCLUDED_PRIMARY,"[""RFREE_GT_0_30""]"
P03372,NR3A1,ERα,Steroid hormone receptors,5KCT,5KCT_1,1,True,5KCT.A,A,A,"[""X-RAY DIFFRACTION""]",1.6,0.2124,311,547,237,0.957806,0.957806,True,True,False,True,False,HUMAN_OR_HUMAN_DERIVED,False,True,True,False,True,True,EXCLUDED_PRIMARY,"[""RESOLUTION_LT_1_8""]"
P03372,NR3A1,ERα,Steroid hormone receptors,5KD9,5KD9_1,1,True,5KD9.A,A,A,"[""X-RAY DIFFRACTION""]",1.78,0.2126,311,547,237,0.962025,0.962025,True,True,False,True,False,HUMAN_OR_HUMAN_DERIVED,False,True,True,False,True,True,EXCLUDED_PRIMARY,"[""RESOLUTION_LT_1_8""]"
P03372,NR3A1,ERα,Steroid hormone receptors,5N10,5N10_1,1,False,,,,"[""X-RAY DIFFRACTION""]",1.6,0.1935,311,547,237,,,False,False,False,False,False,HUMAN_OR_HUMAN_DERIVED,False,True,False,False,True,True,NO_COORDINATE_CANDIDATE,"[""NO_LBD_OVERLAP""]"
P03372,NR3A1,ERα,Steroid hormone receptors,5T0X,5T0X_2,2,False,,,,"[""SOLUTION NMR""]",,,311,547,237,,,False,False,False,False,False,HUMAN_OR_HUMAN_DERIVED,False,False,False,False,False,True,NO_COORDINATE_CANDIDATE,"[""NON_XRAY"", ""NO_LBD_OVERLAP""]"
P03372,NR3A1,ERα,Steroid hormone receptors,5T92,5T92_1,1,True,5T92.A,A,A,"[""X-RAY DIFFRACTION""]",2.22,0.2817,311,547,237,0.767932,0.767932,False,False,False,False,False,HUMAN_OR_HUMAN_DERIVED,False,True,False,True,True,True,EXCLUDED_PRIMARY,"[""LBD_COVERAGE_LT_0_90""]"
P03372,NR3A1,ERα,Steroid hormone receptors,5T97,5T97_1,1,True,5T97.B,B,B,"[""X-RAY DIFFRACTION""]",3.0,0.2909,311,547,237,0.797468,0.797468,False,False,False,False,False,HUMAN_OR_HUMAN_DERIVED,False,True,False,True,True,True,EXCLUDED_PRIMARY,"[""LBD_COVERAGE_LT_0_90""]"
P03372,NR3A1,ERα,Steroid hormone receptors,5TM9,5TM9_1,1,True,5TM9.A,A,A,"[""X-RAY DIFFRACTION""]",2.5,0.2373,311,547,237,0.881857,0.881857,False,False,False,True,False,HUMAN_OR_HUMAN_DERIVED,False,True,False,True,True,True,EXCLUDED_PRIMARY,"[""LBD_COVERAGE_LT_0_90""]"
P03372,NR3A1,ERα,Steroid hormone receptors,5UFW,5UFW_1,1,True,5UFW.A,A,A,"[""X-RAY DIFFRACTION""]",1.583,0.2104,311,547,237,0.987342,0.987342,True,True,False,True,False,HUMAN_OR_HUMAN_DERIVED,False,True,True,False,True,True,EXCLUDED_PRIMARY,"[""RESOLUTION_LT_1_8""]"
P03372,NR3A1,ERα,Steroid hormone receptors,5UFX,5UFX_1,1,True,5UFX.A,A,A,"[""X-RAY DIFFRACTION""]",1.5503,0.2299,311,547,237,0.974684,0.974684,True,True,False,True,False,HUMAN_OR_HUMAN_DERIVED,False,True,True,False,True,True,EXCLUDED_PRIMARY,"[""RESOLUTION_LT_1_8""]"
P03372,NR3A1,ERα,Steroid hormone receptors,5W9D,5W9D_1,1,True,5W9D.A,A,A,"[""X-RAY DIFFRACTION""]",1.6464,0.1952,311,547,237,0.991561,0.991561,True,True,True,True,False,HUMAN_OR_HUMAN_DERIVED,False,True,True,False,True,True,EXCLUDED_PRIMARY,"[""RESOLUTION_LT_1_8""]"
P03372,NR3A1,ERα,Steroid hormone receptors,6B0F,6B0F_1,1,True,6B0F.A,A,A,"[""X-RAY DIFFRACTION""]",2.86,0.299,311,547,237,0.852321,0.852321,False,False,False,True,False,HUMAN_OR_HUMAN_DERIVED,False,True,False,True,True,True,EXCLUDED_PRIMARY,"[""LBD_COVERAGE_LT_0_90""]"
P03372,NR3A1,ERα,Steroid hormone receptors,6CBZ,6CBZ_1,1,True,6CBZ.A,A,A,"[""X-RAY DIFFRACTION""]",1.65,0.2135,311,547,237,0.949367,0.949367,True,False,False,True,False,HUMAN_OR_HUMAN_DERIVED,False,True,True,False,True,True,EXCLUDED_PRIMARY,"[""RESOLUTION_LT_1_8""]"
P03372,NR3A1,ERα,Steroid hormone receptors,6CBZ,6CBZ_2,2,True,6CBZ.B,B,B,"[""X-RAY DIFFRACTION""]",1.65,0.2135,311,547,237,0.924051,0.924051,True,False,False,True,False,HUMAN_OR_HUMAN_DERIVED,False,True,True,False,True,True,EXCLUDED_PRIMARY,"[""RESOLUTION_LT_1_8""]"
P03372,NR3A1,ERα,Steroid hormone receptors,6CHZ,6CHZ_1,1,True,6CHZ.A,A,A,"[""X-RAY DIFFRACTION""]",1.68,0.26187,311,547,237,1.0,1.0,True,True,True,True,True,HUMAN_OR_HUMAN_DERIVED,False,True,True,False,True,True,EXCLUDED_PRIMARY,"[""RESOLUTION_LT_1_8""]"
P03372,NR3A1,ERα,Steroid hormone receptors,6D0F,6D0F_1,1,True,6D0F.B,B,B,"[""X-RAY DIFFRACTION""]",2.5,0.2414,311,547,237,0.898734,0.898734,False,False,False,True,False,HUMAN_OR_HUMAN_DERIVED,False,True,False,True,True,True,EXCLUDED_PRIMARY,"[""LBD_COVERAGE_LT_0_90""]"
P03372,NR3A1,ERα,Steroid hormone receptors,6HHP,6HHP_2,2,False,,,,"[""X-RAY DIFFRACTION""]",1.802,0.2153,311,547,237,,,False,False,False,False,False,HUMAN_OR_HUMAN_DERIVED,False,True,False,True,True,True,NO_COORDINATE_CANDIDATE,"[""NO_LBD_OVERLAP""]"
P03372,NR3A1,ERα,Steroid hormone receptors,6HKB,6HKB_2,2,False,,,,"[""X-RAY DIFFRACTION""]",1.7,0.2,311,547,237,,,False,False,False,False,False,HUMAN_OR_HUMAN_DERIVED,False,True,False,False,True,True,NO_COORDINATE_CANDIDATE,"[""NO_LBD_OVERLAP""]"
P03372,NR3A1,ERα,Steroid hormone receptors,6HKF,6HKF_2,2,False,,,,"[""X-RAY DIFFRACTION""]",1.801,0.2114,311,547,237,,,False,False,False,False,False,HUMAN_OR_HUMAN_DERIVED,False,True,False,True,True,True,NO_COORDINATE_CANDIDATE,"[""NO_LBD_OVERLAP""]"
P03372,NR3A1,ERα,Steroid hormone receptors,6HMU,6HMU_2,2,False,,,,"[""X-RAY DIFFRACTION""]",1.2,0.2061,311,547,237,,,False,False,False,False,False,HUMAN_OR_HUMAN_DERIVED,False,True,False,False,True,True,NO_COORDINATE_CANDIDATE,"[""NO_LBD_OVERLAP""]"
P03372,NR3A1,ERα,Steroid hormone receptors,6SBO,6SBO_1,1,True,6SBO.B,B,B,"[""X-RAY DIFFRACTION""]",1.48,0.212,311,547,237,0.987342,0.987342,True,True,False,True,False,HUMAN_OR_HUMAN_DERIVED,False,True,True,False,True,True,EXCLUDED_PRIMARY,"[""RESOLUTION_LT_1_8""]"
P03372,NR3A1,ERα,Steroid hormone receptors,6SQ0,6SQ0_1,1,True,6SQ0.A,A,A,"[""X-RAY DIFFRACTION""]",1.77,0.198,311,547,237,0.911392,0.911392,True,False,False,True,False,HUMAN_OR_HUMAN_DERIVED,False,True,True,False,True,True,EXCLUDED_PRIMARY,"[""RESOLUTION_LT_1_8""]"
P03372,NR3A1,ERα,Steroid hormone receptors,6SUO,6SUO_1,1,True,6SUO.A,A,A,"[""X-RAY DIFFRACTION""]",1.74,0.244,311,547,237,0.907173,0.907173,True,False,False,True,False,HUMAN_OR_HUMAN_DERIVED,False,True,True,False,True,True,EXCLUDED_PRIMARY,"[""RESOLUTION_LT_1_8""]"
P03372,NR3A1,ERα,Steroid hormone receptors,6TJM,6TJM_2,2,False,,,,"[""X-RAY DIFFRACTION""]",1.85,0.218,311,547,237,,,False,False,False,False,False,HUMAN_OR_HUMAN_DERIVED,False,True,False,True,True,True,NO_COORDINATE_CANDIDATE,"[""NO_LBD_OVERLAP""]"
P03372,NR3A1,ERα,Steroid hormone receptors,6TL3,6TL3_2,2,False,,,,"[""X-RAY DIFFRACTION""]",2.455,0.2592,311,547,237,,,False,False,False,False,False,HUMAN_OR_HUMAN_DERIVED,False,True,False,True,True,True,NO_COORDINATE_CANDIDATE,"[""NO_LBD_OVERLAP""]"
P03372,NR3A1,ERα,Steroid hormone receptors,6V87,6V87_1,1,True,6V87.A,A,A,"[""X-RAY DIFFRACTION""]",2.4,0.2714,311,547,237,0.890295,0.890295,False,False,False,True,False,HUMAN_OR_HUMAN_DERIVED,False,True,False,True,True,True,EXCLUDED_PRIMARY,"[""LBD_COVERAGE_LT_0_90""]"
P03372,NR3A1,ERα,Steroid hormone receptors,6V8T,6V8T_1,1,True,6V8T.B,B,B,"[""X-RAY DIFFRACTION""]",2.1,0.256,311,547,237,0.886076,0.886076,False,False,False,True,False,HUMAN_OR_HUMAN_DERIVED,False,True,False,True,True,True,EXCLUDED_PRIMARY,"[""LBD_COVERAGE_LT_0_90""]"
P03372,NR3A1,ERα,Steroid hormone receptors,6VPF,6VPF_1,1,True,6VPF.A,A,B,"[""X-RAY DIFFRACTION""]",1.6,0.2344,311,547,237,0.995781,0.995781,True,True,True,True,False,HUMAN_OR_HUMAN_DERIVED,False,True,True,False,True,True,EXCLUDED_PRIMARY,"[""RESOLUTION_LT_1_8""]"
P03372,NR3A1,ERα,Steroid hormone receptors,7B9M,7B9M_2,2,False,,,,"[""X-RAY DIFFRACTION""]",1.7,0.2128,311,547,237,,,False,False,False,False,False,HUMAN_OR_HUMAN_DERIVED,False,True,False,False,True,True,NO_COORDINATE_CANDIDATE,"[""NO_LBD_OVERLAP""]"
P03372,NR3A1,ERα,Steroid hormone receptors,7B9R,7B9R_2,2,False,,,,"[""X-RAY DIFFRACTION""]",1.15,0.1957,311,547,237,,,False,False,False,False,False,HUMAN_OR_HUMAN_DERIVED,False,True,False,False,True,True,NO_COORDINATE_CANDIDATE,"[""NO_LBD_OVERLAP""]"
P03372,NR3A1,ERα,Steroid hormone receptors,7B9T,7B9T_2,2,False,,,,"[""X-RAY DIFFRACTION""]",1.15,0.1943,311,547,237,,,False,False,False,False,False,HUMAN_OR_HUMAN_DERIVED,False,True,False,False,True,True,NO_COORDINATE_CANDIDATE,"[""NO_LBD_OVERLAP""]"
P03372,NR3A1,ERα,Steroid hormone receptors,7BA3,7BA3_2,2,False,,,,"[""X-RAY DIFFRACTION""]",1.4,0.2038,311,547,237,,,False,False,False,False,False,HUMAN_OR_HUMAN_DERIVED,False,True,False,False,True,True,NO_COORDINATE_CANDIDATE,"[""NO_LBD_OVERLAP""]"
P03372,NR3A1,ERα,Steroid hormone receptors,7BA5,7BA5_2,2,False,,,,"[""X-RAY DIFFRACTION""]",1.45,0.2009,311,547,237,,,False,False,False,False,False,HUMAN_OR_HUMAN_DERIVED,False,True,False,False,True,True,NO_COORDINATE_CANDIDATE,"[""NO_LBD_OVERLAP""]"
P03372,NR3A1,ERα,Steroid hormone receptors,7BA6,7BA6_2,2,False,,,,"[""X-RAY DIFFRACTION""]",1.4,0.206,311,547,237,,,False,False,False,False,False,HUMAN_OR_HUMAN_DERIVED,False,True,False,False,True,True,NO_COORDINATE_CANDIDATE,"[""NO_LBD_OVERLAP""]"
P03372,NR3A1,ERα,Steroid hormone receptors,7BA7,7BA7_2,2,False,,,,"[""X-RAY DIFFRACTION""]",1.45,0.2078,311,547,237,,,False,False,False,False,False,HUMAN_OR_HUMAN_DERIVED,False,True,False,False,True,True,NO_COORDINATE_CANDIDATE,"[""NO_LBD_OVERLAP""]"
P03372,NR3A1,ERα,Steroid hormone receptors,7BA8,7BA8_2,2,False,,,,"[""X-RAY DIFFRACTION""]",1.2,0.2067,311,547,237,,,False,False,False,False,False,HUMAN_OR_HUMAN_DERIVED,False,True,False,False,True,True,NO_COORDINATE_CANDIDATE,"[""NO_LBD_OVERLAP""]"
P03372,NR3A1,ERα,Steroid hormone receptors,7BA9,7BA9_2,2,False,,,,"[""X-RAY DIFFRACTION""]",1.48,0.2118,311,547,237,,,False,False,False,False,False,HUMAN_OR_HUMAN_DERIVED,False,True,False,False,True,True,NO_COORDINATE_CANDIDATE,"[""NO_LBD_OVERLAP""]"
P03372,NR3A1,ERα,Steroid hormone receptors,7BAA,7BAA_2,2,False,,,,"[""X-RAY DIFFRACTION""]",1.1,0.1972,311,547,237,,,False,False,False,False,False,HUMAN_OR_HUMAN_DERIVED,False,True,False,False,True,True,NO_COORDINATE_CANDIDATE,"[""NO_LBD_OVERLAP""]"
P03372,NR3A1,ERα,Steroid hormone receptors,7BAB,7BAB_2,2,False,,,,"[""X-RAY DIFFRACTION""]",1.3,0.2011,311,547,237,,,False,False,False,False,False,HUMAN_OR_HUMAN_DERIVED,False,True,False,False,True,True,NO_COORDINATE_CANDIDATE,"[""NO_LBD_OVERLAP""]"
P03372,NR3A1,ERα,Steroid hormone receptors,7NDO,7NDO_1,1,True,7NDO.B,B,B,"[""X-RAY DIFFRACTION""]",1.6,0.1954,311,547,237,0.991561,0.991561,True,True,True,True,False,HUMAN_OR_HUMAN_DERIVED,False,True,True,False,True,True,EXCLUDED_PRIMARY,"[""RESOLUTION_LT_1_8""]"
P03372,NR3A1,ERα,Steroid hormone receptors,7NEL,7NEL_1,1,True,7NEL.B,B,B,"[""X-RAY DIFFRACTION""]",1.45,0.186,311,547,237,1.0,1.0,True,True,True,True,True,HUMAN_OR_HUMAN_DERIVED,False,True,True,False,True,True,EXCLUDED_PRIMARY,"[""RESOLUTION_LT_1_8""]"
P03372,NR3A1,ERα,Steroid hormone receptors,7NFB,7NFB_1,1,True,7NFB.B,B,B,"[""X-RAY DIFFRACTION""]",1.33,0.1781,311,547,237,1.0,1.0,True,True,True,True,True,HUMAN_OR_HUMAN_DERIVED,False,True,True,False,True,True,EXCLUDED_PRIMARY,"[""RESOLUTION_LT_1_8""]"
P03372,NR3A1,ERα,Steroid hormone receptors,7NFW,7NFW_2,2,False,,,,"[""X-RAY DIFFRACTION""]",1.19,0.2262,311,547,237,,,False,False,False,False,False,HUMAN_OR_HUMAN_DERIVED,False,True,False,False,True,True,NO_COORDINATE_CANDIDATE,"[""NO_LBD_OVERLAP""]"
P03372,NR3A1,ERα,Steroid hormone receptors,7NIZ,7NIZ_2,2,False,,,,"[""X-RAY DIFFRACTION""]",1.48,0.2394,311,547,237,,,False,False,False,False,False,HUMAN_OR_HUMAN_DERIVED,False,True,False,False,True,True,NO_COORDINATE_CANDIDATE,"[""NO_LBD_OVERLAP""]"
P03372,NR3A1,ERα,Steroid hormone receptors,7OPW,7OPW_2,2,False,,,,"[""X-RAY DIFFRACTION""]",1.81,0.2291,311,547,237,,,False,False,False,False,False,HUMAN_OR_HUMAN_DERIVED,False,True,False,True,True,True,NO_COORDINATE_CANDIDATE,"[""NO_LBD_OVERLAP""]"
P03372,NR3A1,ERα,Steroid hormone receptors,7OQ7,7OQ7_2,2,False,,,,"[""X-RAY DIFFRACTION""]",1.6,0.1975,311,547,237,,,False,False,False,False,False,HUMAN_OR_HUMAN_DERIVED,False,True,False,False,True,True,NO_COORDINATE_CANDIDATE,"[""NO_LBD_OVERLAP""]"
P03372,NR3A1,ERα,Steroid hormone receptors,7OQ8,7OQ8_2,2,False,,,,"[""X-RAY DIFFRACTION""]",1.43,0.2056,311,547,237,,,False,False,False,False,False,HUMAN_OR_HUMAN_DERIVED,False,True,False,False,True,True,NO_COORDINATE_CANDIDATE,"[""NO_LBD_OVERLAP""]"
P03372,NR3A1,ERα,Steroid hormone receptors,7PWT,7PWT_2,2,False,,,,"[""X-RAY DIFFRACTION""]",2.312,0.2535,311,547,237,,,False,False,False,False,False,HUMAN_OR_HUMAN_DERIVED,False,True,False,True,True,True,NO_COORDINATE_CANDIDATE,"[""NO_LBD_OVERLAP""]"
P03372,NR3A1,ERα,Steroid hormone receptors,7PWZ,7PWZ_2,2,False,,,,"[""X-RAY DIFFRACTION""]",2.5,0.298,311,547,237,,,False,False,False,False,False,HUMAN_OR_HUMAN_DERIVED,False,True,False,True,True,True,NO_COORDINATE_CANDIDATE,"[""NO_LBD_OVERLAP""]"
P03372,NR3A1,ERα,Steroid hormone receptors,7QVJ,7QVJ_1,1,True,7QVJ.B,B,B,"[""X-RAY DIFFRACTION""]",1.68,0.216,311,547,237,0.970464,0.970464,True,True,False,True,False,HUMAN_OR_HUMAN_DERIVED,False,True,True,False,True,True,EXCLUDED_PRIMARY,"[""RESOLUTION_LT_1_8""]"
P03372,NR3A1,ERα,Steroid hormone receptors,7R62,7R62_1,1,True,7R62.A,A,A,"[""X-RAY DIFFRACTION""]",1.5,0.2298,311,547,237,0.983122,0.983122,True,True,False,True,False,HUMAN_OR_HUMAN_DERIVED,False,True,True,False,True,True,EXCLUDED_PRIMARY,"[""RESOLUTION_LT_1_8""]"
P03372,NR3A1,ERα,Steroid hormone receptors,7RKE,7RKE_1,1,True,7RKE.B,B,B,"[""X-RAY DIFFRACTION""]",1.55,0.2726,311,547,237,0.949367,0.949367,True,False,False,True,False,HUMAN_OR_HUMAN_DERIVED,False,True,True,False,True,True,EXCLUDED_PRIMARY,"[""RESOLUTION_LT_1_8""]"
P03372,NR3A1,ERα,Steroid hormone receptors,7RRX,7RRX_1,1,True,7RRX.A,A,A,"[""X-RAY DIFFRACTION""]",1.78,0.2647,311,547,237,0.974684,0.974684,True,True,False,True,False,HUMAN_OR_HUMAN_DERIVED,False,True,True,False,True,True,EXCLUDED_PRIMARY,"[""RESOLUTION_LT_1_8""]"
P03372,NR3A1,ERα,Steroid hormone receptors,7RS0,7RS0_1,1,True,7RS0.A,A,A,"[""X-RAY DIFFRACTION""]",1.67,0.2269,311,547,237,0.995781,0.995781,True,True,True,True,False,HUMAN_OR_HUMAN_DERIVED,False,True,True,False,True,True,EXCLUDED_PRIMARY,"[""RESOLUTION_LT_1_8""]"
P03372,NR3A1,ERα,Steroid hormone receptors,7RS1,7RS1_1,1,True,7RS1.C,C,C,"[""X-RAY DIFFRACTION""]",1.59,0.2191,311,547,237,0.957806,0.957806,True,True,False,True,False,HUMAN_OR_HUMAN_DERIVED,False,True,True,False,True,True,EXCLUDED_PRIMARY,"[""RESOLUTION_LT_1_8""]"
P03372,NR3A1,ERα,Steroid hormone receptors,7RS2,7RS2_1,1,True,7RS2.C,C,C,"[""X-RAY DIFFRACTION""]",1.72,0.221,311,547,237,0.974684,0.974684,True,True,False,True,False,HUMAN_OR_HUMAN_DERIVED,False,True,True,False,True,True,EXCLUDED_PRIMARY,"[""RESOLUTION_LT_1_8""]"
P03372,NR3A1,ERα,Steroid hormone receptors,7RS4,7RS4_1,1,True,7RS4.B,B,B,"[""X-RAY DIFFRACTION""]",1.78,0.2509,311,547,237,1.0,1.0,True,True,True,True,True,HUMAN_OR_HUMAN_DERIVED,False,True,True,False,True,True,EXCLUDED_PRIMARY,"[""RESOLUTION_LT_1_8""]"
P03372,NR3A1,ERα,Steroid hormone receptors,7RS7,7RS7_1,1,True,7RS7.D,D,D,"[""X-RAY DIFFRACTION""]",1.58,0.251,311,547,237,0.983122,0.983122,True,True,False,True,False,HUMAN_OR_HUMAN_DERIVED,False,True,True,False,True,True,EXCLUDED_PRIMARY,"[""RESOLUTION_LT_1_8""]"
P03372,NR3A1,ERα,Steroid hormone receptors,7RS8,7RS8_1,1,True,7RS8.A,A,A,"[""X-RAY DIFFRACTION""]",1.64,0.2496,311,547,237,0.949367,0.949367,True,False,False,True,False,HUMAN_OR_HUMAN_DERIVED,False,True,True,False,True,True,EXCLUDED_PRIMARY,"[""RESOLUTION_LT_1_8""]"
P03372,NR3A1,ERα,Steroid hormone receptors,7RS8,7RS8_2,2,True,7RS8.D,D,D,"[""X-RAY DIFFRACTION""]",1.64,0.2496,311,547,237,0.894515,0.894515,False,False,False,True,False,HUMAN_OR_HUMAN_DERIVED,False,True,False,False,True,True,EXCLUDED_PRIMARY,"[""LBD_COVERAGE_LT_0_90"", ""RESOLUTION_LT_1_8""]"
P03372,NR3A1,ERα,Steroid hormone receptors,7RS9,7RS9_1,1,True,7RS9.A,A,A,"[""X-RAY DIFFRACTION""]",1.7,0.2517,311,547,237,0.995781,0.995781,True,True,True,True,False,HUMAN_OR_HUMAN_DERIVED,False,True,True,False,True,True,EXCLUDED_PRIMARY,"[""RESOLUTION_LT_1_8""]"
P03372,NR3A1,ERα,Steroid hormone receptors,7UJ7,7UJ7_1,1,True,7UJ7.B,B,B,"[""X-RAY DIFFRACTION""]",1.68,0.24,311,547,237,0.919831,0.919831,True,False,False,True,False,HUMAN_OR_HUMAN_DERIVED,False,True,True,False,True,True,EXCLUDED_PRIMARY,"[""RESOLUTION_LT_1_8""]"
P03372,NR3A1,ERα,Steroid hormone receptors,7UJ8,7UJ8_1,1,True,7UJ8.A,A,B,"[""X-RAY DIFFRACTION""]",2.385,0.2714,311,547,237,0.890295,0.890295,False,False,False,True,False,HUMAN_OR_HUMAN_DERIVED,False,True,False,True,True,True,EXCLUDED_PRIMARY,"[""LBD_COVERAGE_LT_0_90""]"
P03372,NR3A1,ERα,Steroid hormone receptors,7UJC,7UJC_1,1,True,7UJC.A,A,A,"[""X-RAY DIFFRACTION""]",1.78,0.23,311,547,237,0.936709,0.936709,True,False,False,True,False,HUMAN_OR_HUMAN_DERIVED,False,True,True,False,True,True,EXCLUDED_PRIMARY,"[""RESOLUTION_LT_1_8""]"
P03372,NR3A1,ERα,Steroid hormone receptors,7UJF,7UJF_1,1,True,7UJF.C,C,C,"[""X-RAY DIFFRACTION""]",1.7,0.2392,311,547,237,0.983122,0.983122,True,True,False,True,False,HUMAN_OR_HUMAN_DERIVED,False,True,True,False,True,True,EXCLUDED_PRIMARY,"[""RESOLUTION_LT_1_8""]"
P03372,NR3A1,ERα,Steroid hormone receptors,7UJO,7UJO_1,1,True,7UJO.B,B,D,"[""X-RAY DIFFRACTION""]",1.449,0.228219,311,547,237,0.991561,0.991561,True,True,True,True,False,HUMAN_OR_HUMAN_DERIVED,False,True,True,False,True,True,EXCLUDED_PRIMARY,"[""RESOLUTION_LT_1_8""]"
P03372,NR3A1,ERα,Steroid hormone receptors,7UJW,7UJW_1,1,True,7UJW.B,B,D,"[""X-RAY DIFFRACTION""]",2.6,0.263,311,547,237,0.898734,0.898734,False,False,False,True,False,HUMAN_OR_HUMAN_DERIVED,False,True,False,True,True,True,EXCLUDED_PRIMARY,"[""LBD_COVERAGE_LT_0_90""]"
P03372,NR3A1,ERα,Steroid hormone receptors,7UJY,7UJY_1,1,True,7UJY.C,C,C,"[""X-RAY DIFFRACTION""]",1.7,0.224,311,547,237,0.957806,0.957806,True,True,False,True,False,HUMAN_OR_HUMAN_DERIVED,False,True,True,False,True,True,EXCLUDED_PRIMARY,"[""RESOLUTION_LT_1_8""]"
P03372,NR3A1,ERα,Steroid hormone receptors,8AFN,8AFN_2,2,False,,,,"[""X-RAY DIFFRACTION""]",1.36,0.1848,311,547,237,,,False,False,False,False,False,HUMAN_OR_HUMAN_DERIVED,False,True,False,False,True,True,NO_COORDINATE_CANDIDATE,"[""NO_LBD_OVERLAP""]"
P03372,NR3A1,ERα,Steroid hormone receptors,8AI0,8AI0_2,2,False,,,,"[""X-RAY DIFFRACTION""]",1.6,0.1767,311,547,237,,,False,False,False,False,False,HUMAN_OR_HUMAN_DERIVED,False,True,False,False,True,True,NO_COORDINATE_CANDIDATE,"[""NO_LBD_OVERLAP""]"
P03372,NR3A1,ERα,Steroid hormone receptors,8ALR,8ALR_2,2,False,,,,"[""X-RAY DIFFRACTION""]",1.4,0.17062,311,547,237,,,False,False,False,False,False,HUMAN_OR_HUMAN_DERIVED,False,True,False,False,True,True,NO_COORDINATE_CANDIDATE,"[""NO_LBD_OVERLAP""]"
P03372,NR3A1,ERα,Steroid hormone receptors,8ALT,8ALT_2,2,False,,,,"[""X-RAY DIFFRACTION""]",1.4,0.15837,311,547,237,,,False,False,False,False,False,HUMAN_OR_HUMAN_DERIVED,False,True,False,False,True,True,NO_COORDINATE_CANDIDATE,"[""NO_LBD_OVERLAP""]"
P03372,NR3A1,ERα,Steroid hormone receptors,8ALV,8ALV_2,2,False,,,,"[""X-RAY DIFFRACTION""]",1.6,0.1846,311,547,237,,,False,False,False,False,False,HUMAN_OR_HUMAN_DERIVED,False,True,False,False,True,True,NO_COORDINATE_CANDIDATE,"[""NO_LBD_OVERLAP""]"
P03372,NR3A1,ERα,Steroid hormone receptors,8ALW,8ALW_2,2,False,,,,"[""X-RAY DIFFRACTION""]",1.5,0.16829,311,547,237,,,False,False,False,False,False,HUMAN_OR_HUMAN_DERIVED,False,True,False,False,True,True,NO_COORDINATE_CANDIDATE,"[""NO_LBD_OVERLAP""]"
P03372,NR3A1,ERα,Steroid hormone receptors,8AM7,8AM7_2,2,False,,,,"[""X-RAY DIFFRACTION""]",1.5,0.16341,311,547,237,,,False,False,False,False,False,HUMAN_OR_HUMAN_DERIVED,False,True,False,False,True,True,NO_COORDINATE_CANDIDATE,"[""NO_LBD_OVERLAP""]"
P03372,NR3A1,ERα,Steroid hormone receptors,8ANF,8ANF_2,2,False,,,,"[""X-RAY DIFFRACTION""]",1.4,0.16201,311,547,237,,,False,False,False,False,False,HUMAN_OR_HUMAN_DERIVED,False,True,False,False,True,True,NO_COORDINATE_CANDIDATE,"[""NO_LBD_OVERLAP""]"
P03372,NR3A1,ERα,Steroid hormone receptors,8AOY,8AOY_2,2,False,,,,"[""X-RAY DIFFRACTION""]",1.4,0.1529,311,547,237,,,False,False,False,False,False,HUMAN_OR_HUMAN_DERIVED,False,True,False,False,True,True,NO_COORDINATE_CANDIDATE,"[""NO_LBD_OVERLAP""]"
P03372,NR3A1,ERα,Steroid hormone receptors,8APS,8APS_2,2,False,,,,"[""X-RAY DIFFRACTION""]",1.2,0.1514,311,547,237,,,False,False,False,False,False,HUMAN_OR_HUMAN_DERIVED,False,True,False,False,True,True,NO_COORDINATE_CANDIDATE,"[""NO_LBD_OVERLAP""]"
P03372,NR3A1,ERα,Steroid hormone receptors,8AQ1,8AQ1_2,2,False,,,,"[""X-RAY DIFFRACTION""]",1.4,0.18083,311,547,237,,,False,False,False,False,False,HUMAN_OR_HUMAN_DERIVED,False,True,False,False,True,True,NO_COORDINATE_CANDIDATE,"[""NO_LBD_OVERLAP""]"
P03372,NR3A1,ERα,Steroid hormone receptors,8AQC,8AQC_2,2,False,,,,"[""X-RAY DIFFRACTION""]",1.5,0.17195,311,547,237,,,False,False,False,False,False,HUMAN_OR_HUMAN_DERIVED,False,True,False,False,True,True,NO_COORDINATE_CANDIDATE,"[""NO_LBD_OVERLAP""]"
P03372,NR3A1,ERα,Steroid hormone receptors,8AQE,8AQE_2,2,False,,,,"[""X-RAY DIFFRACTION""]",1.6,0.24032,311,547,237,,,False,False,False,False,False,HUMAN_OR_HUMAN_DERIVED,False,True,False,False,True,True,NO_COORDINATE_CANDIDATE,"[""NO_LBD_OVERLAP""]"
P03372,NR3A1,ERα,Steroid hormone receptors,8AQZ,8AQZ_2,2,False,,,,"[""X-RAY DIFFRACTION""]",1.4,0.15954,311,547,237,,,False,False,False,False,False,HUMAN_OR_HUMAN_DERIVED,False,True,False,False,True,True,NO_COORDINATE_CANDIDATE,"[""NO_LBD_OVERLAP""]"
P03372,NR3A1,ERα,Steroid hormone receptors,8AR4,8AR4_2,2,False,,,,"[""X-RAY DIFFRACTION""]",1.5,0.21926,311,547,237,,,False,False,False,False,False,HUMAN_OR_HUMAN_DERIVED,False,True,False,False,True,True,NO_COORDINATE_CANDIDATE,"[""NO_LBD_OVERLAP""]"
P03372,NR3A1,ERα,Steroid hormone receptors,8AR5,8AR5_2,2,False,,,,"[""X-RAY DIFFRACTION""]",1.4,0.16225,311,547,237,,,False,False,False,False,False,HUMAN_OR_HUMAN_DERIVED,False,True,False,False,True,True,NO_COORDINATE_CANDIDATE,"[""NO_LBD_OVERLAP""]"
P03372,NR3A1,ERα,Steroid hormone receptors,8ARG,8ARG_2,2,False,,,,"[""X-RAY DIFFRACTION""]",1.5,0.1634,311,547,237,,,False,False,False,False,False,HUMAN_OR_HUMAN_DERIVED,False,True,False,False,True,True,NO_COORDINATE_CANDIDATE,"[""NO_LBD_OVERLAP""]"
P03372,NR3A1,ERα,Steroid hormone receptors,8ARO,8ARO_2,2,False,,,,"[""X-RAY DIFFRACTION""]",1.6,0.2004,311,547,237,,,False,False,False,False,False,HUMAN_OR_HUMAN_DERIVED,False,True,False,False,True,True,NO_COORDINATE_CANDIDATE,"[""NO_LBD_OVERLAP""]"
P03372,NR3A1,ERα,Steroid hormone receptors,8ARQ,8ARQ_2,2,False,,,,"[""X-RAY DIFFRACTION""]",1.4,0.17486,311,547,237,,,False,False,False,False,False,HUMAN_OR_HUMAN_DERIVED,False,True,False,False,True,True,NO_COORDINATE_CANDIDATE,"[""NO_LBD_OVERLAP""]"
P03372,NR3A1,ERα,Steroid hormone receptors,8ARR,8ARR_2,2,False,,,,"[""X-RAY DIFFRACTION""]",1.35,0.19904,311,547,237,,,False,False,False,False,False,HUMAN_OR_HUMAN_DERIVED,False,True,False,False,True,True,NO_COORDINATE_CANDIDATE,"[""NO_LBD_OVERLAP""]"
P03372,NR3A1,ERα,Steroid hormone receptors,8ARW,8ARW_2,2,False,,,,"[""X-RAY DIFFRACTION""]",1.5,0.17888,311,547,237,,,False,False,False,False,False,AMBIGUOUS_IDENTITY,False,True,False,False,True,False,NO_COORDINATE_CANDIDATE,"[""NO_LBD_OVERLAP""]"
P03372,NR3A1,ERα,Steroid hormone receptors,8ARX,8ARX_2,2,False,,,,"[""X-RAY DIFFRACTION""]",1.4,0.16535,311,547,237,,,False,False,False,False,False,HUMAN_OR_HUMAN_DERIVED,False,True,False,False,True,True,NO_COORDINATE_CANDIDATE,"[""NO_LBD_OVERLAP""]"
P03372,NR3A1,ERα,Steroid hormone receptors,8ARY,8ARY_2,2,False,,,,"[""X-RAY DIFFRACTION""]",1.45,0.16525,311,547,237,,,False,False,False,False,False,HUMAN_OR_HUMAN_DERIVED,False,True,False,False,True,True,NO_COORDINATE_CANDIDATE,"[""NO_LBD_OVERLAP""]"
P03372,NR3A1,ERα,Steroid hormone receptors,8ARZ,8ARZ_2,2,False,,,,"[""X-RAY DIFFRACTION""]",1.5,0.1695,311,547,237,,,False,False,False,False,False,HUMAN_OR_HUMAN_DERIVED,False,True,False,False,True,True,NO_COORDINATE_CANDIDATE,"[""NO_LBD_OVERLAP""]"
P03372,NR3A1,ERα,Steroid hormone receptors,8AS1,8AS1_2,2,False,,,,"[""X-RAY DIFFRACTION""]",1.5,0.19176,311,547,237,,,False,False,False,False,False,HUMAN_OR_HUMAN_DERIVED,False,True,False,False,True,True,NO_COORDINATE_CANDIDATE,"[""NO_LBD_OVERLAP""]"
P03372,NR3A1,ERα,Steroid hormone receptors,8AT9,8AT9_2,2,False,,,,"[""X-RAY DIFFRACTION""]",1.4,0.17846,311,547,237,,,False,False,False,False,False,HUMAN_OR_HUMAN_DERIVED,False,True,False,False,True,True,NO_COORDINATE_CANDIDATE,"[""NO_LBD_OVERLAP""]"
P03372,NR3A1,ERα,Steroid hormone receptors,8ATP,8ATP_2,2,False,,,,"[""X-RAY DIFFRACTION""]",1.4,0.15548,311,547,237,,,False,False,False,False,False,HUMAN_OR_HUMAN_DERIVED,False,True,False,False,True,True,NO_COORDINATE_CANDIDATE,"[""NO_LBD_OVERLAP""]"
P03372,NR3A1,ERα,Steroid hormone receptors,8AU2,8AU2_2,2,False,,,,"[""X-RAY DIFFRACTION""]",1.6,0.20249,311,547,237,,,False,False,False,False,False,HUMAN_OR_HUMAN_DERIVED,False,True,False,False,True,True,NO_COORDINATE_CANDIDATE,"[""NO_LBD_OVERLAP""]"
P03372,NR3A1,ERα,Steroid hormone receptors,8AUS,8AUS_2,2,False,,,,"[""X-RAY DIFFRACTION""]",1.4,0.21601,311,547,237,,,False,False,False,False,False,HUMAN_OR_HUMAN_DERIVED,False,True,False,False,True,True,NO_COORDINATE_CANDIDATE,"[""NO_LBD_OVERLAP""]"
P03372,NR3A1,ERα,Steroid hormone receptors,8AUY,8AUY_2,2,False,,,,"[""X-RAY DIFFRACTION""]",1.5,0.22674,311,547,237,,,False,False,False,False,False,HUMAN_OR_HUMAN_DERIVED,False,True,False,False,True,True,NO_COORDINATE_CANDIDATE,"[""NO_LBD_OVERLAP""]"
P03372,NR3A1,ERα,Steroid hormone receptors,8AV3,8AV3_2,2,False,,,,"[""X-RAY DIFFRACTION""]",1.8,0.19491,311,547,237,,,False,False,False,False,False,HUMAN_OR_HUMAN_DERIVED,False,True,False,True,True,True,NO_COORDINATE_CANDIDATE,"[""NO_LBD_OVERLAP""]"
P03372,NR3A1,ERα,Steroid hormone receptors,8AV4,8AV4_2,2,False,,,,"[""X-RAY DIFFRACTION""]",1.6,0.1989,311,547,237,,,False,False,False,False,False,HUMAN_OR_HUMAN_DERIVED,False,True,False,False,True,True,NO_COORDINATE_CANDIDATE,"[""NO_LBD_OVERLAP""]"
P03372,NR3A1,ERα,Steroid hormone receptors,8AV7,8AV7_2,2,False,,,,"[""X-RAY DIFFRACTION""]",1.4,0.17073,311,547,237,,,False,False,False,False,False,HUMAN_OR_HUMAN_DERIVED,False,True,False,False,True,True,NO_COORDINATE_CANDIDATE,"[""NO_LBD_OVERLAP""]"
P03372,NR3A1,ERα,Steroid hormone receptors,8AV8,8AV8_2,2,False,,,,"[""X-RAY DIFFRACTION""]",1.8,0.24787,311,547,237,,,False,False,False,False,False,HUMAN_OR_HUMAN_DERIVED,False,True,False,True,True,True,NO_COORDINATE_CANDIDATE,"[""NO_LBD_OVERLAP""]"
P03372,NR3A1,ERα,Steroid hormone receptors,8AWG,8AWG_2,2,False,,,,"[""X-RAY DIFFRACTION""]",1.8,0.18504,311,547,237,,,False,False,False,False,False,HUMAN_OR_HUMAN_DERIVED,False,True,False,True,True,True,NO_COORDINATE_CANDIDATE,"[""NO_LBD_OVERLAP""]"
P03372,NR3A1,ERα,Steroid hormone receptors,8AXE,8AXE_2,2,False,,,,"[""X-RAY DIFFRACTION""]",1.8,0.217,311,547,237,,,False,False,False,False,False,HUMAN_OR_HUMAN_DERIVED,False,True,False,True,True,True,NO_COORDINATE_CANDIDATE,"[""NO_LBD_OVERLAP""]"
P03372,NR3A1,ERα,Steroid hormone receptors,8AXU,8AXU_2,2,False,,,,"[""X-RAY DIFFRACTION""]",1.6,0.1695,311,547,237,,,False,False,False,False,False,HUMAN_OR_HUMAN_DERIVED,False,True,False,False,True,True,NO_COORDINATE_CANDIDATE,"[""NO_LBD_OVERLAP""]"
P03372,NR3A1,ERα,Steroid hormone receptors,8AZE,8AZE_2,2,False,,,,"[""X-RAY DIFFRACTION""]",1.6,0.2013,311,547,237,,,False,False,False,False,False,HUMAN_OR_HUMAN_DERIVED,False,True,False,False,True,True,NO_COORDINATE_CANDIDATE,"[""NO_LBD_OVERLAP""]"
P03372,NR3A1,ERα,Steroid hormone receptors,8B39,8B39_2,2,False,,,,"[""X-RAY DIFFRACTION""]",1.4,0.16039,311,547,237,,,False,False,False,False,False,HUMAN_OR_HUMAN_DERIVED,False,True,False,False,True,True,NO_COORDINATE_CANDIDATE,"[""NO_LBD_OVERLAP""]"
P03372,NR3A1,ERα,Steroid hormone receptors,8BWJ,8BWJ_2,2,False,,,,"[""X-RAY DIFFRACTION""]",1.6,0.1867,311,547,237,,,False,False,False,False,False,HUMAN_OR_HUMAN_DERIVED,False,True,False,False,True,True,NO_COORDINATE_CANDIDATE,"[""NO_LBD_OVERLAP""]"
P03372,NR3A1,ERα,Steroid hormone receptors,8BWX,8BWX_2,2,False,,,,"[""X-RAY DIFFRACTION""]",1.6,0.1874,311,547,237,,,False,False,False,False,False,HUMAN_OR_HUMAN_DERIVED,False,True,False,False,True,True,NO_COORDINATE_CANDIDATE,"[""NO_LBD_OVERLAP""]"
P03372,NR3A1,ERα,Steroid hormone receptors,8BWZ,8BWZ_2,2,False,,,,"[""X-RAY DIFFRACTION""]",1.6,0.1981,311,547,237,,,False,False,False,False,False,HUMAN_OR_HUMAN_DERIVED,False,True,False,False,True,True,NO_COORDINATE_CANDIDATE,"[""NO_LBD_OVERLAP""]"
P03372,NR3A1,ERα,Steroid hormone receptors,8BX0,8BX0_2,2,False,,,,"[""X-RAY DIFFRACTION""]",1.6,0.1964,311,547,237,,,False,False,False,False,False,HUMAN_OR_HUMAN_DERIVED,False,True,False,False,True,True,NO_COORDINATE_CANDIDATE,"[""NO_LBD_OVERLAP""]"
P03372,NR3A1,ERα,Steroid hormone receptors,8BX3,8BX3_2,2,False,,,,"[""X-RAY DIFFRACTION""]",1.2,0.1894,311,547,237,,,False,False,False,False,False,HUMAN_OR_HUMAN_DERIVED,False,True,False,False,True,True,NO_COORDINATE_CANDIDATE,"[""NO_LBD_OVERLAP""]"
P03372,NR3A1,ERα,Steroid hormone receptors,8BX4,8BX4_2,2,False,,,,"[""X-RAY DIFFRACTION""]",1.6,0.192,311,547,237,,,False,False,False,False,False,HUMAN_OR_HUMAN_DERIVED,False,True,False,False,True,True,NO_COORDINATE_CANDIDATE,"[""NO_LBD_OVERLAP""]"
P03372,NR3A1,ERα,Steroid hormone receptors,8BXI,8BXI_2,2,False,,,,"[""X-RAY DIFFRACTION""]",1.2,0.1866,311,547,237,,,False,False,False,False,False,HUMAN_OR_HUMAN_DERIVED,False,True,False,False,True,True,NO_COORDINATE_CANDIDATE,"[""NO_LBD_OVERLAP""]"
P03372,NR3A1,ERα,Steroid hormone receptors,8BXM,8BXM_2,2,False,,,,"[""X-RAY DIFFRACTION""]",1.6,0.1877,311,547,237,,,False,False,False,False,False,HUMAN_OR_HUMAN_DERIVED,False,True,False,False,True,True,NO_COORDINATE_CANDIDATE,"[""NO_LBD_OVERLAP""]"
P03372,NR3A1,ERα,Steroid hormone receptors,8BXN,8BXN_2,2,False,,,,"[""X-RAY DIFFRACTION""]",1.6,0.1881,311,547,237,,,False,False,False,False,False,HUMAN_OR_HUMAN_DERIVED,False,True,False,False,True,True,NO_COORDINATE_CANDIDATE,"[""NO_LBD_OVERLAP""]"
P03372,NR3A1,ERα,Steroid hormone receptors,8BXO,8BXO_2,2,False,,,,"[""X-RAY DIFFRACTION""]",1.6,0.1911,311,547,237,,,False,False,False,False,False,HUMAN_OR_HUMAN_DERIVED,False,True,False,False,True,True,NO_COORDINATE_CANDIDATE,"[""NO_LBD_OVERLAP""]"
P03372,NR3A1,ERα,Steroid hormone receptors,8BXQ,8BXQ_2,2,False,,,,"[""X-RAY DIFFRACTION""]",1.6,0.1822,311,547,237,,,False,False,False,False,False,HUMAN_OR_HUMAN_DERIVED,False,True,False,False,True,True,NO_COORDINATE_CANDIDATE,"[""NO_LBD_OVERLAP""]"
P03372,NR3A1,ERα,Steroid hormone receptors,8BXS,8BXS_2,2,False,,,,"[""X-RAY DIFFRACTION""]",1.6,0.1912,311,547,237,,,False,False,False,False,False,HUMAN_OR_HUMAN_DERIVED,False,True,False,False,True,True,NO_COORDINATE_CANDIDATE,"[""NO_LBD_OVERLAP""]"
P03372,NR3A1,ERα,Steroid hormone receptors,8BY9,8BY9_2,2,False,,,,"[""X-RAY DIFFRACTION""]",1.6,0.191,311,547,237,,,False,False,False,False,False,HUMAN_OR_HUMAN_DERIVED,False,True,False,False,True,True,NO_COORDINATE_CANDIDATE,"[""NO_LBD_OVERLAP""]"
P03372,NR3A1,ERα,Steroid hormone receptors,8BYB,8BYB_2,2,False,,,,"[""X-RAY DIFFRACTION""]",1.6,0.1855,311,547,237,,,False,False,False,False,False,HUMAN_OR_HUMAN_DERIVED,False,True,False,False,True,True,NO_COORDINATE_CANDIDATE,"[""NO_LBD_OVERLAP""]"
P03372,NR3A1,ERα,Steroid hormone receptors,8BYC,8BYC_2,2,False,,,,"[""X-RAY DIFFRACTION""]",1.6,0.1943,311,547,237,,,False,False,False,False,False,HUMAN_OR_HUMAN_DERIVED,False,True,False,False,True,True,NO_COORDINATE_CANDIDATE,"[""NO_LBD_OVERLAP""]"
P03372,NR3A1,ERα,Steroid hormone receptors,8BYD,8BYD_2,2,False,,,,"[""X-RAY DIFFRACTION""]",1.6,0.1948,311,547,237,,,False,False,False,False,False,HUMAN_OR_HUMAN_DERIVED,False,True,False,False,True,True,NO_COORDINATE_CANDIDATE,"[""NO_LBD_OVERLAP""]"
P03372,NR3A1,ERα,Steroid hormone receptors,8BYE,8BYE_2,2,False,,,,"[""X-RAY DIFFRACTION""]",1.6,0.2066,311,547,237,,,False,False,False,False,False,HUMAN_OR_HUMAN_DERIVED,False,True,False,False,True,True,NO_COORDINATE_CANDIDATE,"[""NO_LBD_OVERLAP""]"
P03372,NR3A1,ERα,Steroid hormone receptors,8BYF,8BYF_2,2,False,,,,"[""X-RAY DIFFRACTION""]",1.65,0.2024,311,547,237,,,False,False,False,False,False,HUMAN_OR_HUMAN_DERIVED,False,True,False,False,True,True,NO_COORDINATE_CANDIDATE,"[""NO_LBD_OVERLAP""]"
P03372,NR3A1,ERα,Steroid hormone receptors,8BYG,8BYG_2,2,False,,,,"[""X-RAY DIFFRACTION""]",1.7,0.2202,311,547,237,,,False,False,False,False,False,HUMAN_OR_HUMAN_DERIVED,False,True,False,False,True,True,NO_COORDINATE_CANDIDATE,"[""NO_LBD_OVERLAP""]"
P03372,NR3A1,ERα,Steroid hormone receptors,8BYO,8BYO_2,2,False,,,,"[""X-RAY DIFFRACTION""]",1.2,0.171,311,547,237,,,False,False,False,False,False,HUMAN_OR_HUMAN_DERIVED,False,True,False,False,True,True,NO_COORDINATE_CANDIDATE,"[""NO_LBD_OVERLAP""]"
P03372,NR3A1,ERα,Steroid hormone receptors,8BYY,8BYY_2,2,False,,,,"[""X-RAY DIFFRACTION""]",1.6,0.1863,311,547,237,,,False,False,False,False,False,HUMAN_OR_HUMAN_DERIVED,False,True,False,False,True,True,NO_COORDINATE_CANDIDATE,"[""NO_LBD_OVERLAP""]"
P03372,NR3A1,ERα,Steroid hormone receptors,8BYZ,8BYZ_2,2,False,,,,"[""X-RAY DIFFRACTION""]",1.4,0.1824,311,547,237,,,False,False,False,False,False,HUMAN_OR_HUMAN_DERIVED,False,True,False,False,True,True,NO_COORDINATE_CANDIDATE,"[""NO_LBD_OVERLAP""]"
P03372,NR3A1,ERα,Steroid hormone receptors,8BZ0,8BZ0_2,2,False,,,,"[""X-RAY DIFFRACTION""]",1.2,0.2014,311,547,237,,,False,False,False,False,False,HUMAN_OR_HUMAN_DERIVED,False,True,False,False,True,True,NO_COORDINATE_CANDIDATE,"[""NO_LBD_OVERLAP""]"
P03372,NR3A1,ERα,Steroid hormone receptors,8BZ9,8BZ9_2,2,False,,,,"[""X-RAY DIFFRACTION""]",1.3,0.1947,311,547,237,,,False,False,False,False,False,HUMAN_OR_HUMAN_DERIVED,False,True,False,False,True,True,NO_COORDINATE_CANDIDATE,"[""NO_LBD_OVERLAP""]"
P03372,NR3A1,ERα,Steroid hormone receptors,8BZA,8BZA_2,2,False,,,,"[""X-RAY DIFFRACTION""]",1.25,0.196,311,547,237,,,False,False,False,False,False,HUMAN_OR_HUMAN_DERIVED,False,True,False,False,True,True,NO_COORDINATE_CANDIDATE,"[""NO_LBD_OVERLAP""]"
P03372,NR3A1,ERα,Steroid hormone receptors,8BZB,8BZB_2,2,False,,,,"[""X-RAY DIFFRACTION""]",1.7,0.1933,311,547,237,,,False,False,False,False,False,HUMAN_OR_HUMAN_DERIVED,False,True,False,False,True,True,NO_COORDINATE_CANDIDATE,"[""NO_LBD_OVERLAP""]"
P03372,NR3A1,ERα,Steroid hormone receptors,8BZC,8BZC_2,2,False,,,,"[""X-RAY DIFFRACTION""]",1.1,0.1768,311,547,237,,,False,False,False,False,False,HUMAN_OR_HUMAN_DERIVED,False,True,False,False,True,True,NO_COORDINATE_CANDIDATE,"[""NO_LBD_OVERLAP""]"
P03372,NR3A1,ERα,Steroid hormone receptors,8BZD,8BZD_2,2,False,,,,"[""X-RAY DIFFRACTION""]",1.5,0.2031,311,547,237,,,False,False,False,False,False,HUMAN_OR_HUMAN_DERIVED,False,True,False,False,True,True,NO_COORDINATE_CANDIDATE,"[""NO_LBD_OVERLAP""]"
P03372,NR3A1,ERα,Steroid hormone receptors,8BZE,8BZE_2,2,False,,,,"[""X-RAY DIFFRACTION""]",1.43,0.1901,311,547,237,,,False,False,False,False,False,HUMAN_OR_HUMAN_DERIVED,False,True,False,False,True,True,NO_COORDINATE_CANDIDATE,"[""NO_LBD_OVERLAP""]"
P03372,NR3A1,ERα,Steroid hormone receptors,8BZF,8BZF_2,2,False,,,,"[""X-RAY DIFFRACTION""]",1.53,0.2142,311,547,237,,,False,False,False,False,False,HUMAN_OR_HUMAN_DERIVED,False,True,False,False,True,True,NO_COORDINATE_CANDIDATE,"[""NO_LBD_OVERLAP""]"
P03372,NR3A1,ERα,Steroid hormone receptors,8BZG,8BZG_2,2,False,,,,"[""X-RAY DIFFRACTION""]",1.49,0.1891,311,547,237,,,False,False,False,False,False,HUMAN_OR_HUMAN_DERIVED,False,True,False,False,True,True,NO_COORDINATE_CANDIDATE,"[""NO_LBD_OVERLAP""]"
P03372,NR3A1,ERα,Steroid hormone receptors,8BZH,8BZH_2,2,False,,,,"[""X-RAY DIFFRACTION""]",1.46,0.1889,311,547,237,,,False,False,False,False,False,HUMAN_OR_HUMAN_DERIVED,False,True,False,False,True,True,NO_COORDINATE_CANDIDATE,"[""NO_LBD_OVERLAP""]"
P03372,NR3A1,ERα,Steroid hormone receptors,8BZT,8BZT_2,2,False,,,,"[""X-RAY DIFFRACTION""]",1.65,0.208,311,547,237,,,False,False,False,False,False,HUMAN_OR_HUMAN_DERIVED,False,True,False,False,True,True,NO_COORDINATE_CANDIDATE,"[""NO_LBD_OVERLAP""]"
P03372,NR3A1,ERα,Steroid hormone receptors,8BZW,8BZW_2,2,False,,,,"[""X-RAY DIFFRACTION""]",1.1,0.1925,311,547,237,,,False,False,False,False,False,HUMAN_OR_HUMAN_DERIVED,False,True,False,False,True,True,NO_COORDINATE_CANDIDATE,"[""NO_LBD_OVERLAP""]"
P03372,NR3A1,ERα,Steroid hormone receptors,8C04,8C04_2,2,False,,,,"[""X-RAY DIFFRACTION""]",1.1,0.1972,311,547,237,,,False,False,False,False,False,HUMAN_OR_HUMAN_DERIVED,False,True,False,False,True,True,NO_COORDINATE_CANDIDATE,"[""NO_LBD_OVERLAP""]"
P03372,NR3A1,ERα,Steroid hormone receptors,8C0K,8C0K_2,2,False,,,,"[""X-RAY DIFFRACTION""]",1.4,0.1841,311,547,237,,,False,False,False,False,False,HUMAN_OR_HUMAN_DERIVED,False,True,False,False,True,True,NO_COORDINATE_CANDIDATE,"[""NO_LBD_OVERLAP""]"
P03372,NR3A1,ERα,Steroid hormone receptors,8C0L,8C0L_2,2,False,,,,"[""X-RAY DIFFRACTION""]",1.6,0.2076,311,547,237,,,False,False,False,False,False,HUMAN_OR_HUMAN_DERIVED,False,True,False,False,True,True,NO_COORDINATE_CANDIDATE,"[""NO_LBD_OVERLAP""]"
P03372,NR3A1,ERα,Steroid hormone receptors,8C42,8C42_2,2,False,,,,"[""X-RAY DIFFRACTION""]",1.4,0.196,311,547,237,,,False,False,False,False,False,HUMAN_OR_HUMAN_DERIVED,False,True,False,False,True,True,NO_COORDINATE_CANDIDATE,"[""NO_LBD_OVERLAP""]"
P03372,NR3A1,ERα,Steroid hormone receptors,8C4F,8C4F_2,2,False,,,,"[""X-RAY DIFFRACTION""]",1.4,0.2014,311,547,237,,,False,False,False,False,False,HUMAN_OR_HUMAN_DERIVED,False,True,False,False,True,True,NO_COORDINATE_CANDIDATE,"[""NO_LBD_OVERLAP""]"
P03372,NR3A1,ERα,Steroid hormone receptors,8C4G,8C4G_2,2,False,,,,"[""X-RAY DIFFRACTION""]",1.46,0.2196,311,547,237,,,False,False,False,False,False,HUMAN_OR_HUMAN_DERIVED,False,True,False,False,True,True,NO_COORDINATE_CANDIDATE,"[""NO_LBD_OVERLAP""]"
P03372,NR3A1,ERα,Steroid hormone receptors,8DU8,8DU8_1,1,True,8DU8.A,A,A,"[""X-RAY DIFFRACTION""]",1.47,0.1941,311,547,237,0.970464,0.970464,True,True,False,True,False,HUMAN_OR_HUMAN_DERIVED,False,True,True,False,True,True,EXCLUDED_PRIMARY,"[""RESOLUTION_LT_1_8""]"
P03372,NR3A1,ERα,Steroid hormone receptors,8DUC,8DUC_1,1,True,8DUC.A,A,A,"[""X-RAY DIFFRACTION""]",1.7,0.2624,311,547,237,0.911392,0.911392,True,False,False,True,False,HUMAN_OR_HUMAN_DERIVED,False,True,True,False,True,True,EXCLUDED_PRIMARY,"[""RESOLUTION_LT_1_8""]"
P03372,NR3A1,ERα,Steroid hormone receptors,8DUK,8DUK_1,1,True,8DUK.A,A,A,"[""X-RAY DIFFRACTION""]",1.7,0.2684,311,547,237,0.978903,0.978903,True,True,False,True,False,HUMAN_OR_HUMAN_DERIVED,False,True,True,False,True,True,EXCLUDED_PRIMARY,"[""RESOLUTION_LT_1_8""]"
P03372,NR3A1,ERα,Steroid hormone receptors,8DUS,8DUS_1,1,True,8DUS.A,A,A,"[""X-RAY DIFFRACTION""]",1.9,0.3268,311,547,237,0.974684,0.974684,True,True,False,True,False,HUMAN_OR_HUMAN_DERIVED,False,True,True,True,False,True,EXCLUDED_PRIMARY,"[""RFREE_GT_0_30""]"
P03372,NR3A1,ERα,Steroid hormone receptors,8DV7,8DV7_1,1,True,8DV7.A,A,A,"[""X-RAY DIFFRACTION""]",1.59,0.2079,311,547,237,0.962025,0.962025,True,True,False,True,False,HUMAN_OR_HUMAN_DERIVED,False,True,True,False,True,True,EXCLUDED_PRIMARY,"[""RESOLUTION_LT_1_8""]"
P03372,NR3A1,ERα,Steroid hormone receptors,8DV8,8DV8_1,1,True,8DV8.B,B,B,"[""X-RAY DIFFRACTION""]",1.7,0.2109,311,547,237,0.911392,0.911392,True,False,False,True,False,HUMAN_OR_HUMAN_DERIVED,False,True,True,False,True,True,EXCLUDED_PRIMARY,"[""RESOLUTION_LT_1_8""]"
P03372,NR3A1,ERα,Steroid hormone receptors,8VYT,8VYT_1,1,True,8VYT.A,A,A,"[""X-RAY DIFFRACTION""]",1.61,0.2118,311,547,237,0.974684,0.974684,True,True,False,True,False,HUMAN_OR_HUMAN_DERIVED,False,True,True,False,True,True,EXCLUDED_PRIMARY,"[""RESOLUTION_LT_1_8""]"
P03372,NR3A1,ERα,Steroid hormone receptors,8VYX,8VYX_1,1,True,8VYX.C,C,C,"[""X-RAY DIFFRACTION""]",1.69,0.2462,311,547,237,0.966245,0.966245,True,True,False,True,False,HUMAN_OR_HUMAN_DERIVED,False,True,True,False,True,True,EXCLUDED_PRIMARY,"[""RESOLUTION_LT_1_8""]"
P03372,NR3A1,ERα,Steroid hormone receptors,8VZP,8VZP_1,1,True,8VZP.C,C,C,"[""X-RAY DIFFRACTION""]",1.72,0.2216,311,547,237,0.970464,0.970464,True,True,False,True,False,HUMAN_OR_HUMAN_DERIVED,False,True,True,False,True,True,EXCLUDED_PRIMARY,"[""RESOLUTION_LT_1_8""]"
P03372,NR3A1,ERα,Steroid hormone receptors,8VZQ,8VZQ_1,1,True,8VZQ.A,A,A,"[""X-RAY DIFFRACTION""]",1.75,0.2201,311,547,237,0.974684,0.974684,True,True,False,True,False,HUMAN_OR_HUMAN_DERIVED,False,True,True,False,True,True,EXCLUDED_PRIMARY,"[""RESOLUTION_LT_1_8""]"
P03372,NR3A1,ERα,Steroid hormone receptors,8W03,8W03_1,1,True,8W03.A,A,A,"[""X-RAY DIFFRACTION""]",1.68,0.2447,311,547,237,0.995781,0.995781,True,True,True,True,False,HUMAN_OR_HUMAN_DERIVED,False,True,True,False,True,True,EXCLUDED_PRIMARY,"[""RESOLUTION_LT_1_8""]"
P03372,NR3A1,ERα,Steroid hormone receptors,9B25,9B25_1,1,True,9B25.A,A,A,"[""X-RAY DIFFRACTION""]",1.45,0.2232,311,547,237,0.995781,0.995781,True,True,True,True,False,HUMAN_OR_HUMAN_DERIVED,False,True,True,False,True,True,EXCLUDED_PRIMARY,"[""RESOLUTION_LT_1_8""]"
P03372,NR3A1,ERα,Steroid hormone receptors,9B2B,9B2B_1,1,True,9B2B.B,B,B,"[""X-RAY DIFFRACTION""]",2.08,0.3182,311,547,237,0.953586,0.953586,True,True,False,True,False,HUMAN_OR_HUMAN_DERIVED,False,True,True,True,False,True,EXCLUDED_PRIMARY,"[""RFREE_GT_0_30""]"
P03372,NR3A1,ERα,Steroid hormone receptors,9BU1,9BU1_1,1,True,9BU1.A,A,A,"[""X-RAY DIFFRACTION""]",1.75,0.2262,311,547,237,0.92827,0.92827,True,False,False,True,False,HUMAN_OR_HUMAN_DERIVED,False,True,True,False,True,True,EXCLUDED_PRIMARY,"[""RESOLUTION_LT_1_8""]"
P03372,NR3A1,ERα,Steroid hormone receptors,9I6S,9I6S_2,2,False,,,,"[""X-RAY DIFFRACTION""]",1.3,0.18217,311,547,237,,,False,False,False,False,False,HUMAN_OR_HUMAN_DERIVED,False,True,False,False,True,True,NO_COORDINATE_CANDIDATE,"[""NO_LBD_OVERLAP""]"
P03372,NR3A1,ERα,Steroid hormone receptors,9I6T,9I6T_2,2,False,,,,"[""X-RAY DIFFRACTION""]",1.3,0.15383,311,547,237,,,False,False,False,False,False,HUMAN_OR_HUMAN_DERIVED,False,True,False,False,True,True,NO_COORDINATE_CANDIDATE,"[""NO_LBD_OVERLAP""]"
P03372,NR3A1,ERα,Steroid hormone receptors,9I6U,9I6U_2,2,False,,,,"[""X-RAY DIFFRACTION""]",1.3,0.16055,311,547,237,,,False,False,False,False,False,HUMAN_OR_HUMAN_DERIVED,False,True,False,False,True,True,NO_COORDINATE_CANDIDATE,"[""NO_LBD_OVERLAP""]"
P03372,NR3A1,ERα,Steroid hormone receptors,9I6V,9I6V_2,2,False,,,,"[""X-RAY DIFFRACTION""]",1.3,0.15826,311,547,237,,,False,False,False,False,False,HUMAN_OR_HUMAN_DERIVED,False,True,False,False,True,True,NO_COORDINATE_CANDIDATE,"[""NO_LBD_OVERLAP""]"
P03372,NR3A1,ERα,Steroid hormone receptors,9I6W,9I6W_2,2,False,,,,"[""X-RAY DIFFRACTION""]",1.3,0.17205,311,547,237,,,False,False,False,False,False,HUMAN_OR_HUMAN_DERIVED,False,True,False,False,True,True,NO_COORDINATE_CANDIDATE,"[""NO_LBD_OVERLAP""]"
P03372,NR3A1,ERα,Steroid hormone receptors,9I6X,9I6X_2,2,False,,,,"[""X-RAY DIFFRACTION""]",1.3,0.16275,311,547,237,,,False,False,False,False,False,HUMAN_OR_HUMAN_DERIVED,False,True,False,False,True,True,NO_COORDINATE_CANDIDATE,"[""NO_LBD_OVERLAP""]"
P03372,NR3A1,ERα,Steroid hormone receptors,9I6Y,9I6Y_2,2,False,,,,"[""X-RAY DIFFRACTION""]",1.5,0.1795,311,547,237,,,False,False,False,False,False,HUMAN_OR_HUMAN_DERIVED,False,True,False,False,True,True,NO_COORDINATE_CANDIDATE,"[""NO_LBD_OVERLAP""]"
P03372,NR3A1,ERα,Steroid hormone receptors,9I6Z,9I6Z_2,2,False,,,,"[""X-RAY DIFFRACTION""]",1.4,0.15727,311,547,237,,,False,False,False,False,False,HUMAN_OR_HUMAN_DERIVED,False,True,False,False,True,True,NO_COORDINATE_CANDIDATE,"[""NO_LBD_OVERLAP""]"
P03372,NR3A1,ERα,Steroid hormone receptors,9I70,9I70_2,2,False,,,,"[""X-RAY DIFFRACTION""]",1.4,0.14697,311,547,237,,,False,False,False,False,False,HUMAN_OR_HUMAN_DERIVED,False,True,False,False,True,True,NO_COORDINATE_CANDIDATE,"[""NO_LBD_OVERLAP""]"
P03372,NR3A1,ERα,Steroid hormone receptors,9I71,9I71_2,2,False,,,,"[""X-RAY DIFFRACTION""]",1.35,0.16196,311,547,237,,,False,False,False,False,False,HUMAN_OR_HUMAN_DERIVED,False,True,False,False,True,True,NO_COORDINATE_CANDIDATE,"[""NO_LBD_OVERLAP""]"
P03372,NR3A1,ERα,Steroid hormone receptors,9I72,9I72_2,2,False,,,,"[""X-RAY DIFFRACTION""]",1.35,0.16441,311,547,237,,,False,False,False,False,False,HUMAN_OR_HUMAN_DERIVED,False,True,False,False,True,True,NO_COORDINATE_CANDIDATE,"[""NO_LBD_OVERLAP""]"
P03372,NR3A1,ERα,Steroid hormone receptors,9I73,9I73_2,2,False,,,,"[""X-RAY DIFFRACTION""]",1.4,0.15418,311,547,237,,,False,False,False,False,False,HUMAN_OR_HUMAN_DERIVED,False,True,False,False,True,True,NO_COORDINATE_CANDIDATE,"[""NO_LBD_OVERLAP""]"
P03372,NR3A1,ERα,Steroid hormone receptors,9I74,9I74_2,2,False,,,,"[""X-RAY DIFFRACTION""]",1.5,0.16045,311,547,237,,,False,False,False,False,False,HUMAN_OR_HUMAN_DERIVED,False,True,False,False,True,True,NO_COORDINATE_CANDIDATE,"[""NO_LBD_OVERLAP""]"
P03372,NR3A1,ERα,Steroid hormone receptors,9I75,9I75_2,2,False,,,,"[""X-RAY DIFFRACTION""]",1.4,0.15078,311,547,237,,,False,False,False,False,False,HUMAN_OR_HUMAN_DERIVED,False,True,False,False,True,True,NO_COORDINATE_CANDIDATE,"[""NO_LBD_OVERLAP""]"
P03372,NR3A1,ERα,Steroid hormone receptors,9SV3,9SV3_3,3,False,,,,"[""ELECTRON MICROSCOPY""]",4.3,,311,547,237,,,False,False,False,False,False,HUMAN_OR_HUMAN_DERIVED,False,False,False,False,False,True,NO_COORDINATE_CANDIDATE,"[""NON_XRAY""]"
P03372,NR3A1,ERα,Steroid hormone receptors,9W12,9W12_1,1,True,9W12.B,B,B,"[""X-RAY DIFFRACTION""]",1.75,0.19661,311,547,237,0.991561,0.991561,True,True,True,True,False,HUMAN_OR_HUMAN_DERIVED,False,True,True,False,True,True,EXCLUDED_PRIMARY,"[""RESOLUTION_LT_1_8""]"
P03372,NR3A1,ERα,Steroid hormone receptors,9Y7E,9Y7E_2,2,False,,,,"[""X-RAY DIFFRACTION""]",2.28,0.2662,311,547,237,,,False,False,False,False,False,HUMAN_OR_HUMAN_DERIVED,False,True,False,True,True,True,NO_COORDINATE_CANDIDATE,"[""NO_LBD_OVERLAP""]"
P03372,NR3A1,ERα,Steroid hormone receptors,9YC4,9YC4_2,2,False,,,,"[""X-RAY DIFFRACTION""]",2.152,0.2574,311,547,237,,,False,False,False,False,False,HUMAN_OR_HUMAN_DERIVED,False,True,False,True,True,True,NO_COORDINATE_CANDIDATE,"[""NO_LBD_OVERLAP""]"
Q92731,NR3A2,ERβ,Steroid hormone receptors,2GIU,2GIU_1,1,True,2GIU.A,A,A,"[""X-RAY DIFFRACTION""]",2.2,0.323,264,498,235,0.931915,0.931915,True,False,False,True,False,HUMAN_OR_HUMAN_DERIVED,False,True,True,True,False,True,EXCLUDED_PRIMARY,"[""RFREE_GT_0_30""]"
Q92731,NR3A2,ERβ,Steroid hormone receptors,3OLL,3OLL_1,1,True,3OLL.A,A,A,"[""X-RAY DIFFRACTION""]",1.5,0.20809,264,498,235,0.991489,0.991489,True,True,True,True,False,HUMAN_OR_HUMAN_DERIVED,False,True,True,False,True,True,EXCLUDED_PRIMARY,"[""RESOLUTION_LT_1_8""]"
Q92731,NR3A2,ERβ,Steroid hormone receptors,7XVY,7XVY_1,1,True,7XVY.B,B,B,"[""X-RAY DIFFRACTION""]",1.544,0.2375,264,498,235,0.948936,0.948936,True,False,False,True,False,HUMAN_OR_HUMAN_DERIVED,False,True,True,False,True,True,EXCLUDED_PRIMARY,"[""RESOLUTION_LT_1_8""]"
Q92731,NR3A2,ERβ,Steroid hormone receptors,7XVZ,7XVZ_1,1,True,7XVZ.B,B,B,"[""X-RAY DIFFRACTION""]",2.08,0.307,264,498,235,0.948936,0.948936,True,False,False,True,False,HUMAN_OR_HUMAN_DERIVED,False,True,True,True,False,True,EXCLUDED_PRIMARY,"[""RFREE_GT_0_30""]"
Q92731,NR3A2,ERβ,Steroid hormone receptors,7XWR,7XWR_1,1,True,7XWR.B,B,B,"[""X-RAY DIFFRACTION""]",2.164,0.3178,264,498,235,0.953191,0.953191,True,True,False,True,False,HUMAN_OR_HUMAN_DERIVED,False,True,True,True,False,True,EXCLUDED_PRIMARY,"[""RFREE_GT_0_30""]"
P04150,NR3C1,GR,Steroid hormone receptors,1P93,1P93_1,1,True,1P93.A,A,A,"[""X-RAY DIFFRACTION""]",2.7,0.363,524,758,235,0.974468,0.974468,True,True,False,True,False,HUMAN_OR_HUMAN_DERIVED,False,True,True,True,False,True,EXCLUDED_PRIMARY,"[""RFREE_GT_0_30""]"
P04150,NR3C1,GR,Steroid hormone receptors,4HN5,4HN5_1,1,False,,,,"[""X-RAY DIFFRACTION""]",1.902,0.2346,524,758,235,,,False,False,False,False,False,HUMAN_OR_HUMAN_DERIVED,False,True,False,True,True,True,NO_COORDINATE_CANDIDATE,"[""NO_LBD_OVERLAP""]"
P04150,NR3C1,GR,Steroid hormone receptors,4HN6,4HN6_1,1,False,,,,"[""X-RAY DIFFRACTION""]",2.549,0.2478,524,758,235,,,False,False,False,False,False,HUMAN_OR_HUMAN_DERIVED,False,True,False,True,True,True,NO_COORDINATE_CANDIDATE,"[""NO_LBD_OVERLAP""]"
P04150,NR3C1,GR,Steroid hormone receptors,5CBX,5CBX_1,1,False,,,,"[""X-RAY DIFFRACTION""]",2.0,0.2291,524,758,235,,,False,False,False,False,False,ANCESTRAL_RECONSTRUCTION,False,True,False,True,True,False,NO_COORDINATE_CANDIDATE,"[""NO_LBD_OVERLAP""]"
P04150,NR3C1,GR,Steroid hormone receptors,5CBY,5CBY_1,1,False,,,,"[""X-RAY DIFFRACTION""]",1.997,0.217,524,758,235,,,False,False,False,False,False,ANCESTRAL_RECONSTRUCTION,False,True,False,True,True,False,NO_COORDINATE_CANDIDATE,"[""NO_LBD_OVERLAP""]"
P04150,NR3C1,GR,Steroid hormone receptors,5CBZ,5CBZ_1,1,False,,,,"[""X-RAY DIFFRACTION""]",2.2,0.23,524,758,235,,,False,False,False,False,False,ANCESTRAL_RECONSTRUCTION,False,True,False,True,True,False,NO_COORDINATE_CANDIDATE,"[""NO_LBD_OVERLAP""]"
P04150,NR3C1,GR,Steroid hormone receptors,5CC1,5CC1_1,1,False,,,,"[""X-RAY DIFFRACTION""]",2.302,0.2791,524,758,235,,,False,False,False,False,False,HUMAN_OR_HUMAN_DERIVED,False,True,False,True,True,True,NO_COORDINATE_CANDIDATE,"[""NO_LBD_OVERLAP""]"
P04150,NR3C1,GR,Steroid hormone receptors,5E69,5E69_1,1,False,,,,"[""X-RAY DIFFRACTION""]",1.85,0.2418,524,758,235,,,False,False,False,False,False,HUMAN_OR_HUMAN_DERIVED,False,True,False,True,True,True,NO_COORDINATE_CANDIDATE,"[""NO_LBD_OVERLAP""]"
P04150,NR3C1,GR,Steroid hormone receptors,5E6A,5E6A_1,1,False,,,,"[""X-RAY DIFFRACTION""]",2.197,0.2658,524,758,235,,,False,False,False,False,False,HUMAN_OR_HUMAN_DERIVED,False,True,False,True,True,True,NO_COORDINATE_CANDIDATE,"[""NO_LBD_OVERLAP""]"
P04150,NR3C1,GR,Steroid hormone receptors,5E6B,5E6B_1,1,False,,,,"[""X-RAY DIFFRACTION""]",2.25,0.2274,524,758,235,,,False,False,False,False,False,HUMAN_OR_HUMAN_DERIVED,False,True,False,True,True,True,NO_COORDINATE_CANDIDATE,"[""NO_LBD_OVERLAP""]"
P04150,NR3C1,GR,Steroid hormone receptors,5E6C,5E6C_1,1,False,,,,"[""X-RAY DIFFRACTION""]",2.2,0.2706,524,758,235,,,False,False,False,False,False,HUMAN_OR_HUMAN_DERIVED,False,True,False,True,True,True,NO_COORDINATE_CANDIDATE,"[""NO_LBD_OVERLAP""]"
P04150,NR3C1,GR,Steroid hormone receptors,5E6D,5E6D_3,3,False,,,,"[""X-RAY DIFFRACTION""]",2.4,0.2835,524,758,235,,,False,False,False,False,False,HUMAN_OR_HUMAN_DERIVED,False,True,False,True,True,True,NO_COORDINATE_CANDIDATE,"[""NO_LBD_OVERLAP""]"
P04150,NR3C1,GR,Steroid hormone receptors,5EMC,5EMC_2,2,False,,,,"[""X-RAY DIFFRACTION""]",2.3,0.2609,524,758,235,,,False,False,False,False,False,HUMAN_OR_HUMAN_DERIVED,False,True,False,True,True,True,NO_COORDINATE_CANDIDATE,"[""NO_LBD_OVERLAP""]"
P04150,NR3C1,GR,Steroid hormone receptors,5EMP,5EMP_1,1,False,,,,"[""X-RAY DIFFRACTION""]",2.3,0.238,524,758,235,,,False,False,False,False,False,HUMAN_OR_HUMAN_DERIVED,False,True,False,True,True,True,NO_COORDINATE_CANDIDATE,"[""NO_LBD_OVERLAP""]"
P04150,NR3C1,GR,Steroid hormone receptors,5EMQ,5EMQ_3,3,False,,,,"[""X-RAY DIFFRACTION""]",2.3,0.2243,524,758,235,,,False,False,False,False,False,HUMAN_OR_HUMAN_DERIVED,False,True,False,True,True,True,NO_COORDINATE_CANDIDATE,"[""NO_LBD_OVERLAP""]"
P04150,NR3C1,GR,Steroid hormone receptors,5VA0,5VA0_1,1,False,,,,"[""X-RAY DIFFRACTION""]",2.295,0.2314,524,758,235,,,False,False,False,False,False,HUMAN_OR_HUMAN_DERIVED,False,True,False,True,True,True,NO_COORDINATE_CANDIDATE,"[""NO_LBD_OVERLAP""]"
P04150,NR3C1,GR,Steroid hormone receptors,5VA7,5VA7_1,1,False,,,,"[""X-RAY DIFFRACTION""]",2.153,0.227,524,758,235,,,False,False,False,False,False,HUMAN_OR_HUMAN_DERIVED,False,True,False,True,True,True,NO_COORDINATE_CANDIDATE,"[""NO_LBD_OVERLAP""]"
P04150,NR3C1,GR,Steroid hormone receptors,6BQU,6BQU_1,1,False,,,,"[""X-RAY DIFFRACTION""]",2.5,0.2487,524,758,235,,,False,False,False,False,False,HUMAN_OR_HUMAN_DERIVED,False,True,False,True,True,True,NO_COORDINATE_CANDIDATE,"[""NO_LBD_OVERLAP""]"
P04150,NR3C1,GR,Steroid hormone receptors,6CFN,6CFN_1,1,False,,,,"[""X-RAY DIFFRACTION""]",2.5,0.2483,524,758,235,,,False,False,False,False,False,HUMAN_OR_HUMAN_DERIVED,False,True,False,True,True,True,NO_COORDINATE_CANDIDATE,"[""NO_LBD_OVERLAP""]"
P04150,NR3C1,GR,Steroid hormone receptors,6X6D,6X6D_1,1,False,,,,"[""X-RAY DIFFRACTION""]",2.48,0.2113,524,758,235,,,False,False,False,False,False,HUMAN_OR_HUMAN_DERIVED,False,True,False,True,True,True,NO_COORDINATE_CANDIDATE,"[""NO_LBD_OVERLAP""]"
P04150,NR3C1,GR,Steroid hormone receptors,6X6E,6X6E_1,1,False,,,,"[""X-RAY DIFFRACTION""]",2.0,0.2122,524,758,235,,,False,False,False,False,False,HUMAN_OR_HUMAN_DERIVED,False,True,False,True,True,True,NO_COORDINATE_CANDIDATE,"[""NO_LBD_OVERLAP""]"
P04150,NR3C1,GR,Steroid hormone receptors,6YMO,6YMO_2,2,True,6YMO.D,D,D,"[""X-RAY DIFFRACTION""]",2.02,0.234,524,758,235,0.025532,0.025532,False,False,False,False,False,HUMAN_OR_HUMAN_DERIVED,False,True,False,True,True,True,EXCLUDED_PRIMARY,"[""LBD_COVERAGE_LT_0_90""]"
P04150,NR3C1,GR,Steroid hormone receptors,6YO8,6YO8_2,2,True,6YO8.E,E,E,"[""X-RAY DIFFRACTION""]",2.09,0.238,524,758,235,0.029787,0.029787,False,False,False,False,False,HUMAN_OR_HUMAN_DERIVED,False,True,False,True,True,True,EXCLUDED_PRIMARY,"[""LBD_COVERAGE_LT_0_90""]"
P04150,NR3C1,GR,Steroid hormone receptors,6YOS,6YOS_2,2,True,6YOS.C,C,C,"[""X-RAY DIFFRACTION""]",2.75,0.261,524,758,235,0.059574,0.059574,False,False,False,False,False,HUMAN_OR_HUMAN_DERIVED,False,True,False,True,True,True,EXCLUDED_PRIMARY,"[""LBD_COVERAGE_LT_0_90""]"
P04150,NR3C1,GR,Steroid hormone receptors,7KRJ,7KRJ_3,3,False,,,,"[""ELECTRON MICROSCOPY""]",2.56,,524,758,235,,,False,False,False,False,False,HUMAN_OR_HUMAN_DERIVED,False,False,False,True,False,True,NO_COORDINATE_CANDIDATE,"[""NON_XRAY""]"
P04150,NR3C1,GR,Steroid hormone receptors,7KW7,7KW7_4,4,False,,,,"[""ELECTRON MICROSCOPY""]",3.57,,524,758,235,,,False,False,False,False,False,HUMAN_OR_HUMAN_DERIVED,False,False,False,False,False,True,NO_COORDINATE_CANDIDATE,"[""NON_XRAY""]"
P04150,NR3C1,GR,Steroid hormone receptors,8A9G,8A9G_2,2,True,8A9G.C,C,C,"[""X-RAY DIFFRACTION""]",1.961,0.2612,524,758,235,0.029787,0.029787,False,False,False,False,False,HUMAN_OR_HUMAN_DERIVED,False,True,False,True,True,True,EXCLUDED_PRIMARY,"[""LBD_COVERAGE_LT_0_90""]"
P04150,NR3C1,GR,Steroid hormone receptors,8FFV,8FFV_2,2,False,,,,"[""ELECTRON MICROSCOPY""]",3.01,,524,758,235,,,False,False,False,False,False,HUMAN_OR_HUMAN_DERIVED,False,False,False,True,False,True,NO_COORDINATE_CANDIDATE,"[""NON_XRAY""]"
P04150,NR3C1,GR,Steroid hormone receptors,8FFW,8FFW_2,2,False,,,,"[""ELECTRON MICROSCOPY""]",3.23,,524,758,235,,,False,False,False,False,False,HUMAN_OR_HUMAN_DERIVED,False,False,False,True,False,True,NO_COORDINATE_CANDIDATE,"[""NON_XRAY""]"
P08235,NR3C2,MR,Steroid hormone receptors,1YA3,1YA3_1,1,True,1YA3.A,A,A,"[""X-RAY DIFFRACTION""]",2.34,0.284,726,964,239,0.899582,0.899582,False,False,False,True,False,HUMAN_OR_HUMAN_DERIVED,False,True,False,True,True,True,EXCLUDED_PRIMARY,"[""LBD_COVERAGE_LT_0_90""]"
P08235,NR3C2,MR,Steroid hormone receptors,2AAX,2AAX_1,1,True,2AAX.A,A,A,"[""X-RAY DIFFRACTION""]",1.75,0.212,726,964,239,0.995816,0.995816,True,True,True,True,False,HUMAN_OR_HUMAN_DERIVED,False,True,True,False,True,True,EXCLUDED_PRIMARY,"[""RESOLUTION_LT_1_8""]"
P08235,NR3C2,MR,Steroid hormone receptors,3VHV,3VHV_1,1,True,3VHV.A,A,A,"[""X-RAY DIFFRACTION""]",1.35,0.16735,726,964,239,0.974895,0.974895,True,True,False,True,False,HUMAN_OR_HUMAN_DERIVED,False,True,True,False,True,True,EXCLUDED_PRIMARY,"[""RESOLUTION_LT_1_8""]"
P08235,NR3C2,MR,Steroid hormone receptors,3WFG,3WFG_1,1,True,3WFG.A,A,A,"[""X-RAY DIFFRACTION""]",1.4,0.1791,726,964,239,0.962343,0.962343,True,True,False,True,False,HUMAN_OR_HUMAN_DERIVED,False,True,True,False,True,True,EXCLUDED_PRIMARY,"[""RESOLUTION_LT_1_8""]"
P08235,NR3C2,MR,Steroid hormone receptors,4PF3,4PF3_1,1,True,4PF3.A,A,A,"[""X-RAY DIFFRACTION""]",1.1,0.17683,726,964,239,0.962343,0.962343,True,True,False,True,False,HUMAN_OR_HUMAN_DERIVED,False,True,True,False,True,True,EXCLUDED_PRIMARY,"[""RESOLUTION_LT_1_8""]"
P08235,NR3C2,MR,Steroid hormone receptors,4TNT,4TNT_1,1,False,,,,"[""X-RAY DIFFRACTION""]",2.3938,0.2584,726,964,239,,,False,False,False,False,False,HUMAN_OR_HUMAN_DERIVED,False,True,False,True,True,True,NO_COORDINATE_CANDIDATE,"[""NO_LBD_OVERLAP""]"
P08235,NR3C2,MR,Steroid hormone receptors,5MWY,5MWY_1,1,True,5MWY.A,A,A,"[""X-RAY DIFFRACTION""]",1.75,0.245,726,964,239,0.92887,0.92887,True,False,False,True,False,HUMAN_OR_HUMAN_DERIVED,False,True,True,False,True,True,EXCLUDED_PRIMARY,"[""RESOLUTION_LT_1_8""]"
P08235,NR3C2,MR,Steroid hormone receptors,6GEV,6GEV_1,1,True,6GEV.A,A,A,"[""X-RAY DIFFRACTION""]",1.54,0.19,726,964,239,0.941423,0.941423,True,False,False,True,False,HUMAN_OR_HUMAN_DERIVED,False,True,True,False,True,True,EXCLUDED_PRIMARY,"[""RESOLUTION_LT_1_8""]"
P08235,NR3C2,MR,Steroid hormone receptors,6GGG,6GGG_1,1,True,6GGG.A,A,A,"[""X-RAY DIFFRACTION""]",1.71,0.192,726,964,239,0.895397,0.895397,False,False,False,True,False,HUMAN_OR_HUMAN_DERIVED,False,True,False,False,True,True,EXCLUDED_PRIMARY,"[""LBD_COVERAGE_LT_0_90"", ""RESOLUTION_LT_1_8""]"
P08235,NR3C2,MR,Steroid hormone receptors,6L88,6L88_1,1,True,6L88.A,A,A,"[""X-RAY DIFFRACTION""]",3.0,0.307,726,964,239,0.74477,0.74477,False,False,False,False,False,HUMAN_OR_HUMAN_DERIVED,False,True,False,True,False,True,EXCLUDED_PRIMARY,"[""LBD_COVERAGE_LT_0_90"", ""RFREE_GT_0_30""]"
P08235,NR3C2,MR,Steroid hormone receptors,9GC7,9GC7_1,1,True,9GC7.A,A,A,"[""X-RAY DIFFRACTION""]",1.46,0.2099,726,964,239,0.953975,0.953975,True,True,False,True,False,HUMAN_OR_HUMAN_DERIVED,False,True,True,False,True,True,EXCLUDED_PRIMARY,"[""RESOLUTION_LT_1_8""]"
P06401,NR3C3,PR,Steroid hormone receptors,1E3K,1E3K_1,1,True,1E3K.A,A,A,"[""X-RAY DIFFRACTION""]",2.8,0.343,679,913,235,0.987234,0.987234,True,True,False,True,False,HUMAN_OR_HUMAN_DERIVED,False,True,True,True,False,True,EXCLUDED_PRIMARY,"[""RFREE_GT_0_30""]"
P06401,NR3C3,PR,Steroid hormone receptors,1SQN,1SQN_1,1,True,1SQN.B,B,B,"[""X-RAY DIFFRACTION""]",1.451,0.21586,679,913,235,0.978723,0.978723,True,True,False,True,False,HUMAN_OR_HUMAN_DERIVED,False,True,True,False,True,True,EXCLUDED_PRIMARY,"[""RESOLUTION_LT_1_8""]"
P06401,NR3C3,PR,Steroid hormone receptors,1SR7,1SR7_1,1,True,1SR7.B,B,B,"[""X-RAY DIFFRACTION""]",1.46,0.21061,679,913,235,0.982979,0.982979,True,True,False,True,False,HUMAN_OR_HUMAN_DERIVED,False,True,True,False,True,True,EXCLUDED_PRIMARY,"[""RESOLUTION_LT_1_8""]"
P06401,NR3C3,PR,Steroid hormone receptors,2C7A,2C7A_1,1,False,,,,"[""X-RAY DIFFRACTION""]",2.5,0.246,679,913,235,,,False,False,False,False,False,HUMAN_OR_HUMAN_DERIVED,False,True,False,True,True,True,NO_COORDINATE_CANDIDATE,"[""NO_LBD_OVERLAP""]"
P06401,NR3C3,PR,Steroid hormone receptors,3ZR7,3ZR7_1,1,True,3ZR7.A,A,A,"[""X-RAY DIFFRACTION""]",1.65,0.19176,679,913,235,0.982979,0.982979,True,True,False,True,False,HUMAN_OR_HUMAN_DERIVED,False,True,True,False,True,True,EXCLUDED_PRIMARY,"[""RESOLUTION_LT_1_8""]"
P06401,NR3C3,PR,Steroid hormone receptors,5CC0,5CC0_1,1,False,,,,"[""X-RAY DIFFRACTION""]",2.405,0.2372,679,913,235,,,False,False,False,False,False,ANCESTRAL_RECONSTRUCTION,False,True,False,True,True,False,NO_COORDINATE_CANDIDATE,"[""NO_LBD_OVERLAP""]"
P10276,NR1B1,RARα,Steroid hormone receptors,1DSZ,1DSZ_3,3,False,,,,"[""X-RAY DIFFRACTION""]",1.7,0.267,183,417,235,,,False,False,False,False,False,HUMAN_OR_HUMAN_DERIVED,False,True,False,False,True,True,NO_COORDINATE_CANDIDATE,"[""NO_LBD_OVERLAP""]"
P10276,NR1B1,RARα,Steroid hormone receptors,6XWG,6XWG_4,4,False,,,,"[""X-RAY DIFFRACTION""]",2.4,0.207,183,417,235,,,False,False,False,False,False,HUMAN_OR_HUMAN_DERIVED,False,True,False,True,True,True,NO_COORDINATE_CANDIDATE,"[""NO_LBD_OVERLAP""]"
P10276,NR1B1,RARα,Steroid hormone receptors,9GFE,9GFE_1,1,True,9GFE.A,A,A,"[""X-RAY DIFFRACTION""]",1.583,0.2291,183,417,235,0.991489,0.991489,True,True,True,True,False,HUMAN_OR_HUMAN_DERIVED,False,True,True,False,True,True,EXCLUDED_PRIMARY,"[""RESOLUTION_LT_1_8""]"
P10826,NR1B2,RARβ,Steroid hormone receptors,1HRA,1HRA_1,1,False,,,,"[""SOLUTION NMR""]",,,183,417,235,,,False,False,False,False,False,HUMAN_OR_HUMAN_DERIVED,False,False,False,False,False,True,NO_COORDINATE_CANDIDATE,"[""NON_XRAY"", ""NO_LBD_OVERLAP""]"
P10826,NR1B2,RARβ,Steroid hormone receptors,5UAN,5UAN_2,2,True,5UAN.B,B,B,"[""X-RAY DIFFRACTION""]",3.508,0.2703,183,417,235,0.991489,0.991489,True,True,True,True,False,HUMAN_OR_HUMAN_DERIVED,False,True,True,False,True,True,EXCLUDED_PRIMARY,"[""RESOLUTION_GT_3_5""]"
P13631,NR1B3,RARγ,Steroid hormone receptors,1EXA,1EXA_1,1,True,1EXA.A,A,A,"[""X-RAY DIFFRACTION""]",1.59,0.25,185,419,235,0.991489,0.991489,True,True,True,True,False,HUMAN_OR_HUMAN_DERIVED,False,True,True,False,True,True,EXCLUDED_PRIMARY,"[""RESOLUTION_LT_1_8""]"
P13631,NR1B3,RARγ,Steroid hormone receptors,1EXX,1EXX_1,1,True,1EXX.A,A,A,"[""X-RAY DIFFRACTION""]",1.67,0.243,185,419,235,0.991489,0.991489,True,True,True,True,False,HUMAN_OR_HUMAN_DERIVED,False,True,True,False,True,True,EXCLUDED_PRIMARY,"[""RESOLUTION_LT_1_8""]"
P13631,NR1B3,RARγ,Steroid hormone receptors,1FCX,1FCX_1,1,True,1FCX.A,A,A,"[""X-RAY DIFFRACTION""]",1.47,0.1671,185,419,235,0.991489,0.991489,True,True,True,True,False,HUMAN_OR_HUMAN_DERIVED,False,True,True,False,True,True,EXCLUDED_PRIMARY,"[""RESOLUTION_LT_1_8""]"
P13631,NR1B3,RARγ,Steroid hormone receptors,1FCY,1FCY_1,1,True,1FCY.A,A,A,"[""X-RAY DIFFRACTION""]",1.3,0.1641,185,419,235,0.991489,0.991489,True,True,True,True,False,HUMAN_OR_HUMAN_DERIVED,False,True,True,False,True,True,EXCLUDED_PRIMARY,"[""RESOLUTION_LT_1_8""]"
P13631,NR1B3,RARγ,Steroid hormone receptors,1FCZ,1FCZ_1,1,True,1FCZ.A,A,A,"[""X-RAY DIFFRACTION""]",1.38,0.1738,185,419,235,0.991489,0.991489,True,True,True,True,False,HUMAN_OR_HUMAN_DERIVED,False,True,True,False,True,True,EXCLUDED_PRIMARY,"[""RESOLUTION_LT_1_8""]"
P13631,NR1B3,RARγ,Steroid hormone receptors,1FD0,1FD0_1,1,True,1FD0.A,A,A,"[""X-RAY DIFFRACTION""]",1.38,0.158,185,419,235,0.991489,0.991489,True,True,True,True,False,HUMAN_OR_HUMAN_DERIVED,False,True,True,False,True,True,EXCLUDED_PRIMARY,"[""RESOLUTION_LT_1_8""]"
P13631,NR1B3,RARγ,Steroid hormone receptors,2LBD,2LBD_1,1,True,2LBD.A,A,A,"[""X-RAY DIFFRACTION""]",2.06,0.313,185,419,235,1.0,1.0,True,True,True,True,True,HUMAN_OR_HUMAN_DERIVED,False,True,True,True,False,True,EXCLUDED_PRIMARY,"[""RFREE_GT_0_30""]"
P13631,NR1B3,RARγ,Steroid hormone receptors,5M24,5M24_1,1,True,5M24.A,A,A,"[""X-RAY DIFFRACTION""]",1.69,0.23361,185,419,235,0.991489,0.991489,True,True,True,True,False,HUMAN_OR_HUMAN_DERIVED,False,True,True,False,True,True,EXCLUDED_PRIMARY,"[""RESOLUTION_LT_1_8""]"
P10827,NR1A1,TRα,Steroid hormone receptors,1NAV,1NAV_1,1,True,1NAV.A,A,A,"[""X-RAY DIFFRACTION""]",2.5,0.279,163,407,245,0.808163,0.808163,False,False,False,True,False,HUMAN_OR_HUMAN_DERIVED,False,True,False,True,True,True,EXCLUDED_PRIMARY,"[""LBD_COVERAGE_LT_0_90""]"
P10827,NR1A1,TRα,Steroid hormone receptors,2H77,2H77_1,1,True,2H77.A,A,A,"[""X-RAY DIFFRACTION""]",2.33,0.238,163,407,245,0.84898,0.84898,False,False,False,True,False,HUMAN_OR_HUMAN_DERIVED,False,True,False,True,True,True,EXCLUDED_PRIMARY,"[""LBD_COVERAGE_LT_0_90""]"
P10827,NR1A1,TRα,Steroid hormone receptors,2H79,2H79_1,1,True,2H79.A,A,A,"[""X-RAY DIFFRACTION""]",1.87,0.187,163,407,245,0.84898,0.84898,False,False,False,True,False,HUMAN_OR_HUMAN_DERIVED,False,True,False,True,True,True,EXCLUDED_PRIMARY,"[""LBD_COVERAGE_LT_0_90""]"
P10827,NR1A1,TRα,Steroid hormone receptors,3HZF,3HZF_1,1,True,3HZF.A,A,A,"[""X-RAY DIFFRACTION""]",2.5,0.26293,163,407,245,0.84898,0.84898,False,False,False,True,False,HUMAN_OR_HUMAN_DERIVED,False,True,False,True,True,True,EXCLUDED_PRIMARY,"[""LBD_COVERAGE_LT_0_90""]"
P10827,NR1A1,TRα,Steroid hormone receptors,3ILZ,3ILZ_1,1,True,3ILZ.A,A,A,"[""X-RAY DIFFRACTION""]",1.85,0.188,163,407,245,0.840816,0.840816,False,False,False,True,False,HUMAN_OR_HUMAN_DERIVED,False,True,False,True,True,True,EXCLUDED_PRIMARY,"[""LBD_COVERAGE_LT_0_90""]"
P10827,NR1A1,TRα,Steroid hormone receptors,3JZB,3JZB_1,1,True,3JZB.A,A,A,"[""X-RAY DIFFRACTION""]",2.007,0.1985,163,407,245,0.840816,0.840816,False,False,False,True,False,HUMAN_OR_HUMAN_DERIVED,False,True,False,True,True,True,EXCLUDED_PRIMARY,"[""LBD_COVERAGE_LT_0_90""]"
P10827,NR1A1,TRα,Steroid hormone receptors,4LNW,4LNW_1,1,True,4LNW.A,A,A,"[""X-RAY DIFFRACTION""]",1.9,0.184,163,407,245,0.84898,0.84898,False,False,False,True,False,HUMAN_OR_HUMAN_DERIVED,False,True,False,True,True,True,EXCLUDED_PRIMARY,"[""LBD_COVERAGE_LT_0_90""]"
P10827,NR1A1,TRα,Steroid hormone receptors,4LNX,4LNX_1,1,True,4LNX.A,A,A,"[""X-RAY DIFFRACTION""]",2.05,0.177,163,407,245,0.84898,0.84898,False,False,False,True,False,HUMAN_OR_HUMAN_DERIVED,False,True,False,True,True,True,EXCLUDED_PRIMARY,"[""LBD_COVERAGE_LT_0_90""]"
P10827,NR1A1,TRα,Steroid hormone receptors,7QDT,7QDT_1,1,True,7QDT.A,A,A,"[""X-RAY DIFFRACTION""]",3.0,0.22754,163,407,245,0.84898,0.84898,False,False,False,True,False,HUMAN_OR_HUMAN_DERIVED,False,True,False,True,True,True,EXCLUDED_PRIMARY,"[""LBD_COVERAGE_LT_0_90""]"
P10827,NR1A1,TRα,Steroid hormone receptors,8RQO,8RQO_1,1,True,8RQO.A,A,A,"[""X-RAY DIFFRACTION""]",2.74,0.22784,163,407,245,0.82449,0.82449,False,False,False,True,False,HUMAN_OR_HUMAN_DERIVED,False,True,False,True,True,True,EXCLUDED_PRIMARY,"[""LBD_COVERAGE_LT_0_90""]"
P10828,NR1A2,TRβ,Steroid hormone receptors,1BSX,1BSX_1,1,True,1BSX.A,A,A,"[""X-RAY DIFFRACTION""]",3.7,0.299,217,461,245,0.967347,0.967347,True,True,False,True,False,HUMAN_OR_HUMAN_DERIVED,False,True,True,False,True,True,EXCLUDED_PRIMARY,"[""RESOLUTION_GT_3_5""]"
P10828,NR1A2,TRβ,Steroid hormone receptors,1NUO,1NUO_1,1,True,1NUO.A,A,A,"[""X-RAY DIFFRACTION""]",3.1,0.302,217,461,245,0.942857,0.942857,True,False,False,True,False,HUMAN_OR_HUMAN_DERIVED,False,True,True,True,False,True,EXCLUDED_PRIMARY,"[""RFREE_GT_0_30""]"
P10828,NR1A2,TRβ,Steroid hormone receptors,1R6G,1R6G_1,1,True,1R6G.A,A,A,"[""X-RAY DIFFRACTION""]",3.0,0.34677,217,461,245,0.918367,0.918367,True,False,False,True,False,HUMAN_OR_HUMAN_DERIVED,False,True,True,True,False,True,EXCLUDED_PRIMARY,"[""RFREE_GT_0_30""]"
P10828,NR1A2,TRβ,Steroid hormone receptors,2NLL,2NLL_4,4,False,,,,"[""X-RAY DIFFRACTION""]",1.9,0.269,217,461,245,,,False,False,False,False,False,HUMAN_OR_HUMAN_DERIVED,False,True,False,True,True,True,NO_COORDINATE_CANDIDATE,"[""NO_LBD_OVERLAP""]"
P10828,NR1A2,TRβ,Steroid hormone receptors,6KKB,6KKB_1,1,True,6KKB.A,A,X,"[""X-RAY DIFFRACTION""]",1.7,0.1973,217,461,245,0.967347,0.967347,True,True,False,True,False,HUMAN_OR_HUMAN_DERIVED,False,True,True,False,True,True,EXCLUDED_PRIMARY,"[""RESOLUTION_LT_1_8""]"
P10828,NR1A2,TRβ,Steroid hormone receptors,7WMG,7WMG_1,1,True,7WMG.A,A,A,"[""X-RAY DIFFRACTION""]",2.93,0.2984,217,461,245,0.893878,0.893878,False,False,False,True,False,HUMAN_OR_HUMAN_DERIVED,False,True,False,True,True,True,EXCLUDED_PRIMARY,"[""LBD_COVERAGE_LT_0_90""]"
P11473,NR1I1,VDR,Steroid hormone receptors,1DB1,1DB1_1,1,True,1DB1.A,A,A,"[""X-RAY DIFFRACTION""]",1.8,0.214,127,423,297,0.818182,0.818182,False,False,False,True,False,HUMAN_OR_HUMAN_DERIVED,False,True,False,True,True,True,EXCLUDED_PRIMARY,"[""LBD_COVERAGE_LT_0_90""]"
P11473,NR1I1,VDR,Steroid hormone receptors,1IE8,1IE8_1,1,True,1IE8.A,A,A,"[""X-RAY DIFFRACTION""]",1.52,0.23,127,423,297,0.818182,0.818182,False,False,False,True,False,HUMAN_OR_HUMAN_DERIVED,False,True,False,False,True,True,EXCLUDED_PRIMARY,"[""LBD_COVERAGE_LT_0_90"", ""RESOLUTION_LT_1_8""]"
P11473,NR1I1,VDR,Steroid hormone receptors,1IE9,1IE9_1,1,True,1IE9.A,A,A,"[""X-RAY DIFFRACTION""]",1.4,0.248,127,423,297,0.828283,0.828283,False,False,False,True,False,HUMAN_OR_HUMAN_DERIVED,False,True,False,False,True,True,EXCLUDED_PRIMARY,"[""LBD_COVERAGE_LT_0_90"", ""RESOLUTION_LT_1_8""]"
P11473,NR1I1,VDR,Steroid hormone receptors,1KB2,1KB2_3,3,False,,,,"[""X-RAY DIFFRACTION""]",2.7,0.289,127,423,297,,,False,False,False,False,False,HUMAN_OR_HUMAN_DERIVED,False,True,False,True,True,True,NO_COORDINATE_CANDIDATE,"[""NO_LBD_OVERLAP""]"
P11473,NR1I1,VDR,Steroid hormone receptors,1KB4,1KB4_3,3,False,,,,"[""X-RAY DIFFRACTION""]",2.8,0.272,127,423,297,,,False,False,False,False,False,HUMAN_OR_HUMAN_DERIVED,False,True,False,True,True,True,NO_COORDINATE_CANDIDATE,"[""NO_LBD_OVERLAP""]"
P11473,NR1I1,VDR,Steroid hormone receptors,1KB6,1KB6_3,3,False,,,,"[""X-RAY DIFFRACTION""]",2.7,0.275,127,423,297,,,False,False,False,False,False,HUMAN_OR_HUMAN_DERIVED,False,True,False,True,True,True,NO_COORDINATE_CANDIDATE,"[""NO_LBD_OVERLAP""]"
P11473,NR1I1,VDR,Steroid hormone receptors,1S0Z,1S0Z_1,1,True,1S0Z.A,A,A,"[""X-RAY DIFFRACTION""]",2.5,0.204,127,423,297,0.818182,0.818182,False,False,False,True,False,HUMAN_OR_HUMAN_DERIVED,False,True,False,True,True,True,EXCLUDED_PRIMARY,"[""LBD_COVERAGE_LT_0_90""]"
P11473,NR1I1,VDR,Steroid hormone receptors,1S19,1S19_1,1,True,1S19.A,A,A,"[""X-RAY DIFFRACTION""]",2.1,0.214,127,423,297,0.818182,0.818182,False,False,False,True,False,HUMAN_OR_HUMAN_DERIVED,False,True,False,True,True,True,EXCLUDED_PRIMARY,"[""LBD_COVERAGE_LT_0_90""]"
P11473,NR1I1,VDR,Steroid hormone receptors,1TXI,1TXI_1,1,True,1TXI.A,A,A,"[""X-RAY DIFFRACTION""]",1.9,0.218,127,423,297,0.818182,0.818182,False,False,False,True,False,HUMAN_OR_HUMAN_DERIVED,False,True,False,True,True,True,EXCLUDED_PRIMARY,"[""LBD_COVERAGE_LT_0_90""]"
P11473,NR1I1,VDR,Steroid hormone receptors,1YNW,1YNW_3,3,False,,,,"[""X-RAY DIFFRACTION""]",3.0,0.283,127,423,297,,,False,False,False,False,False,HUMAN_OR_HUMAN_DERIVED,False,True,False,True,True,True,NO_COORDINATE_CANDIDATE,"[""NO_LBD_OVERLAP""]"
P11473,NR1I1,VDR,Steroid hormone receptors,2HAM,2HAM_1,1,True,2HAM.A,A,A,"[""X-RAY DIFFRACTION""]",1.9,0.216,127,423,297,0.824916,0.824916,False,False,False,True,False,HUMAN_OR_HUMAN_DERIVED,False,True,False,True,True,True,EXCLUDED_PRIMARY,"[""LBD_COVERAGE_LT_0_90""]"
P11473,NR1I1,VDR,Steroid hormone receptors,2HAR,2HAR_1,1,True,2HAR.A,A,A,"[""X-RAY DIFFRACTION""]",1.9,0.227,127,423,297,0.821549,0.821549,False,False,False,True,False,HUMAN_OR_HUMAN_DERIVED,False,True,False,True,True,True,EXCLUDED_PRIMARY,"[""LBD_COVERAGE_LT_0_90""]"
P11473,NR1I1,VDR,Steroid hormone receptors,2HAS,2HAS_1,1,True,2HAS.A,A,A,"[""X-RAY DIFFRACTION""]",1.96,0.228,127,423,297,0.824916,0.824916,False,False,False,True,False,HUMAN_OR_HUMAN_DERIVED,False,True,False,True,True,True,EXCLUDED_PRIMARY,"[""LBD_COVERAGE_LT_0_90""]"
P11473,NR1I1,VDR,Steroid hormone receptors,2HB7,2HB7_1,1,True,2HB7.A,A,A,"[""X-RAY DIFFRACTION""]",1.8,0.204,127,423,297,0.828283,0.828283,False,False,False,True,False,HUMAN_OR_HUMAN_DERIVED,False,True,False,True,True,True,EXCLUDED_PRIMARY,"[""LBD_COVERAGE_LT_0_90""]"
P11473,NR1I1,VDR,Steroid hormone receptors,2HB8,2HB8_1,1,True,2HB8.A,A,A,"[""X-RAY DIFFRACTION""]",2.0,0.224,127,423,297,0.818182,0.818182,False,False,False,True,False,HUMAN_OR_HUMAN_DERIVED,False,True,False,True,True,True,EXCLUDED_PRIMARY,"[""LBD_COVERAGE_LT_0_90""]"
P11473,NR1I1,VDR,Steroid hormone receptors,3A2I,3A2I_1,1,True,3A2I.A,A,A,"[""X-RAY DIFFRACTION""]",3.27,0.27578,127,423,297,0.821549,0.821549,False,False,False,True,False,HUMAN_OR_HUMAN_DERIVED,False,True,False,True,True,True,EXCLUDED_PRIMARY,"[""LBD_COVERAGE_LT_0_90""]"
P11473,NR1I1,VDR,Steroid hormone receptors,3A2J,3A2J_1,1,True,3A2J.A,A,A,"[""X-RAY DIFFRACTION""]",2.7,0.2674,127,423,297,0.821549,0.821549,False,False,False,True,False,HUMAN_OR_HUMAN_DERIVED,False,True,False,True,True,True,EXCLUDED_PRIMARY,"[""LBD_COVERAGE_LT_0_90""]"
P11473,NR1I1,VDR,Steroid hormone receptors,3A3Z,3A3Z_1,1,True,3A3Z.A,A,X,"[""X-RAY DIFFRACTION""]",1.72,0.20917,127,423,297,0.828283,0.828283,False,False,False,True,False,HUMAN_OR_HUMAN_DERIVED,False,True,False,False,True,True,EXCLUDED_PRIMARY,"[""LBD_COVERAGE_LT_0_90"", ""RESOLUTION_LT_1_8""]"
P11473,NR1I1,VDR,Steroid hormone receptors,3A40,3A40_1,1,True,3A40.A,A,X,"[""X-RAY DIFFRACTION""]",1.45,0.19556,127,423,297,0.828283,0.828283,False,False,False,True,False,HUMAN_OR_HUMAN_DERIVED,False,True,False,False,True,True,EXCLUDED_PRIMARY,"[""LBD_COVERAGE_LT_0_90"", ""RESOLUTION_LT_1_8""]"
P11473,NR1I1,VDR,Steroid hormone receptors,3A78,3A78_1,1,True,3A78.A,A,A,"[""X-RAY DIFFRACTION""]",1.9,0.20307,127,423,297,0.828283,0.828283,False,False,False,True,False,HUMAN_OR_HUMAN_DERIVED,False,True,False,True,True,True,EXCLUDED_PRIMARY,"[""LBD_COVERAGE_LT_0_90""]"
P11473,NR1I1,VDR,Steroid hormone receptors,3AUQ,3AUQ_1,1,True,3AUQ.A,A,A,"[""X-RAY DIFFRACTION""]",2.64,0.28639,127,423,297,0.821549,0.821549,False,False,False,True,False,HUMAN_OR_HUMAN_DERIVED,False,True,False,True,True,True,EXCLUDED_PRIMARY,"[""LBD_COVERAGE_LT_0_90""]"
P11473,NR1I1,VDR,Steroid hormone receptors,3AUR,3AUR_1,1,True,3AUR.A,A,A,"[""X-RAY DIFFRACTION""]",2.21,0.25427,127,423,297,0.821549,0.821549,False,False,False,True,False,HUMAN_OR_HUMAN_DERIVED,False,True,False,True,True,True,EXCLUDED_PRIMARY,"[""LBD_COVERAGE_LT_0_90""]"
P11473,NR1I1,VDR,Steroid hormone receptors,3AX8,3AX8_1,1,True,3AX8.A,A,A,"[""X-RAY DIFFRACTION""]",2.6,0.29369,127,423,297,0.821549,0.821549,False,False,False,True,False,HUMAN_OR_HUMAN_DERIVED,False,True,False,True,True,True,EXCLUDED_PRIMARY,"[""LBD_COVERAGE_LT_0_90""]"
P11473,NR1I1,VDR,Steroid hormone receptors,3AZ1,3AZ1_1,1,True,3AZ1.A,A,A,"[""X-RAY DIFFRACTION""]",1.5,0.2129,127,423,297,0.818182,0.818182,False,False,False,True,False,HUMAN_OR_HUMAN_DERIVED,False,True,False,False,True,True,EXCLUDED_PRIMARY,"[""LBD_COVERAGE_LT_0_90"", ""RESOLUTION_LT_1_8""]"
P11473,NR1I1,VDR,Steroid hormone receptors,3AZ2,3AZ2_1,1,True,3AZ2.A,A,A,"[""X-RAY DIFFRACTION""]",1.69,0.2121,127,423,297,0.818182,0.818182,False,False,False,True,False,HUMAN_OR_HUMAN_DERIVED,False,True,False,False,True,True,EXCLUDED_PRIMARY,"[""LBD_COVERAGE_LT_0_90"", ""RESOLUTION_LT_1_8""]"
P11473,NR1I1,VDR,Steroid hormone receptors,3AZ3,3AZ3_1,1,True,3AZ3.A,A,A,"[""X-RAY DIFFRACTION""]",1.36,0.2432,127,423,297,0.818182,0.818182,False,False,False,True,False,HUMAN_OR_HUMAN_DERIVED,False,True,False,False,True,True,EXCLUDED_PRIMARY,"[""LBD_COVERAGE_LT_0_90"", ""RESOLUTION_LT_1_8""]"
P11473,NR1I1,VDR,Steroid hormone receptors,3B0T,3B0T_1,1,True,3B0T.A,A,A,"[""X-RAY DIFFRACTION""]",1.3,0.19897,127,423,297,0.828283,0.828283,False,False,False,True,False,HUMAN_OR_HUMAN_DERIVED,False,True,False,False,True,True,EXCLUDED_PRIMARY,"[""LBD_COVERAGE_LT_0_90"", ""RESOLUTION_LT_1_8""]"
P11473,NR1I1,VDR,Steroid hormone receptors,3CS4,3CS4_1,1,True,3CS4.A,A,A,"[""X-RAY DIFFRACTION""]",2.0,0.217,127,423,297,0.828283,0.828283,False,False,False,True,False,HUMAN_OR_HUMAN_DERIVED,False,True,False,True,True,True,EXCLUDED_PRIMARY,"[""LBD_COVERAGE_LT_0_90""]"
P11473,NR1I1,VDR,Steroid hormone receptors,3CS6,3CS6_1,1,True,3CS6.A,A,A,"[""X-RAY DIFFRACTION""]",1.8,0.206,127,423,297,0.828283,0.828283,False,False,False,True,False,HUMAN_OR_HUMAN_DERIVED,False,True,False,True,True,True,EXCLUDED_PRIMARY,"[""LBD_COVERAGE_LT_0_90""]"
P11473,NR1I1,VDR,Steroid hormone receptors,3KPZ,3KPZ_1,1,True,3KPZ.A,A,A,"[""X-RAY DIFFRACTION""]",1.9,0.228,127,423,297,0.818182,0.818182,False,False,False,True,False,HUMAN_OR_HUMAN_DERIVED,False,True,False,True,True,True,EXCLUDED_PRIMARY,"[""LBD_COVERAGE_LT_0_90""]"
P11473,NR1I1,VDR,Steroid hormone receptors,3M7R,3M7R_1,1,True,3M7R.A,A,A,"[""X-RAY DIFFRACTION""]",1.8,0.241,127,423,297,0.818182,0.818182,False,False,False,True,False,HUMAN_OR_HUMAN_DERIVED,False,True,False,True,True,True,EXCLUDED_PRIMARY,"[""LBD_COVERAGE_LT_0_90""]"
P11473,NR1I1,VDR,Steroid hormone receptors,3OGT,3OGT_1,1,True,3OGT.A,A,A,"[""X-RAY DIFFRACTION""]",1.75,0.1836,127,423,297,0.828283,0.828283,False,False,False,True,False,HUMAN_OR_HUMAN_DERIVED,False,True,False,False,True,True,EXCLUDED_PRIMARY,"[""LBD_COVERAGE_LT_0_90"", ""RESOLUTION_LT_1_8""]"
P11473,NR1I1,VDR,Steroid hormone receptors,3P8X,3P8X_1,1,True,3P8X.A,A,A,"[""X-RAY DIFFRACTION""]",1.7,0.209,127,423,297,0.824916,0.824916,False,False,False,True,False,HUMAN_OR_HUMAN_DERIVED,False,True,False,False,True,True,EXCLUDED_PRIMARY,"[""LBD_COVERAGE_LT_0_90"", ""RESOLUTION_LT_1_8""]"
P11473,NR1I1,VDR,Steroid hormone receptors,3TKC,3TKC_1,1,True,3TKC.A,A,A,"[""X-RAY DIFFRACTION""]",1.75,0.1831,127,423,297,0.828283,0.828283,False,False,False,True,False,HUMAN_OR_HUMAN_DERIVED,False,True,False,False,True,True,EXCLUDED_PRIMARY,"[""LBD_COVERAGE_LT_0_90"", ""RESOLUTION_LT_1_8""]"
P11473,NR1I1,VDR,Steroid hormone receptors,3VHW,3VHW_1,1,True,3VHW.A,A,A,"[""X-RAY DIFFRACTION""]",2.43,0.24696,127,423,297,0.824916,0.824916,False,False,False,True,False,HUMAN_OR_HUMAN_DERIVED,False,True,False,True,True,True,EXCLUDED_PRIMARY,"[""LBD_COVERAGE_LT_0_90""]"
P11473,NR1I1,VDR,Steroid hormone receptors,3W0A,3W0A_1,1,True,3W0A.A,A,A,"[""X-RAY DIFFRACTION""]",1.8,0.2357,127,423,297,0.818182,0.818182,False,False,False,True,False,HUMAN_OR_HUMAN_DERIVED,False,True,False,True,True,True,EXCLUDED_PRIMARY,"[""LBD_COVERAGE_LT_0_90""]"
P11473,NR1I1,VDR,Steroid hormone receptors,3W0C,3W0C_1,1,True,3W0C.A,A,A,"[""X-RAY DIFFRACTION""]",1.9,0.235,127,423,297,0.818182,0.818182,False,False,False,True,False,HUMAN_OR_HUMAN_DERIVED,False,True,False,True,True,True,EXCLUDED_PRIMARY,"[""LBD_COVERAGE_LT_0_90""]"
P11473,NR1I1,VDR,Steroid hormone receptors,3W0Y,3W0Y_1,1,True,3W0Y.A,A,A,"[""X-RAY DIFFRACTION""]",1.98,0.218,127,423,297,0.818182,0.818182,False,False,False,True,False,HUMAN_OR_HUMAN_DERIVED,False,True,False,True,True,True,EXCLUDED_PRIMARY,"[""LBD_COVERAGE_LT_0_90""]"
P11473,NR1I1,VDR,Steroid hormone receptors,3WGP,3WGP_1,1,True,3WGP.A,A,A,"[""X-RAY DIFFRACTION""]",2.0,0.2066,127,423,297,0.818182,0.818182,False,False,False,True,False,HUMAN_OR_HUMAN_DERIVED,False,True,False,True,True,True,EXCLUDED_PRIMARY,"[""LBD_COVERAGE_LT_0_90""]"
P11473,NR1I1,VDR,Steroid hormone receptors,3WWR,3WWR_1,1,True,3WWR.A,A,A,"[""X-RAY DIFFRACTION""]",3.18,0.2906,127,423,297,0.824916,0.824916,False,False,False,True,False,HUMAN_OR_HUMAN_DERIVED,False,True,False,True,True,True,EXCLUDED_PRIMARY,"[""LBD_COVERAGE_LT_0_90""]"
P11473,NR1I1,VDR,Steroid hormone receptors,3X31,3X31_1,1,True,3X31.A,A,A,"[""X-RAY DIFFRACTION""]",2.11,0.29857,127,423,297,0.824916,0.824916,False,False,False,True,False,HUMAN_OR_HUMAN_DERIVED,False,True,False,True,True,True,EXCLUDED_PRIMARY,"[""LBD_COVERAGE_LT_0_90""]"
P11473,NR1I1,VDR,Steroid hormone receptors,3X36,3X36_1,1,True,3X36.A,A,A,"[""X-RAY DIFFRACTION""]",1.93,0.22129,127,423,297,0.824916,0.824916,False,False,False,True,False,HUMAN_OR_HUMAN_DERIVED,False,True,False,True,True,True,EXCLUDED_PRIMARY,"[""LBD_COVERAGE_LT_0_90""]"
P11473,NR1I1,VDR,Steroid hormone receptors,4G2I,4G2I_1,1,True,4G2I.A,A,A,"[""X-RAY DIFFRACTION""]",1.8,0.223,127,423,297,0.818182,0.818182,False,False,False,True,False,HUMAN_OR_HUMAN_DERIVED,False,True,False,True,True,True,EXCLUDED_PRIMARY,"[""LBD_COVERAGE_LT_0_90""]"
P11473,NR1I1,VDR,Steroid hormone receptors,4ITE,4ITE_1,1,True,4ITE.A,A,A,"[""X-RAY DIFFRACTION""]",2.49,0.24836,127,423,297,0.821549,0.821549,False,False,False,True,False,HUMAN_OR_HUMAN_DERIVED,False,True,False,True,True,True,EXCLUDED_PRIMARY,"[""LBD_COVERAGE_LT_0_90""]"
P11473,NR1I1,VDR,Steroid hormone receptors,4ITF,4ITF_1,1,True,4ITF.A,A,A,"[""X-RAY DIFFRACTION""]",2.84,0.25486,127,423,297,0.821549,0.821549,False,False,False,True,False,HUMAN_OR_HUMAN_DERIVED,False,True,False,True,True,True,EXCLUDED_PRIMARY,"[""LBD_COVERAGE_LT_0_90""]"
P11473,NR1I1,VDR,Steroid hormone receptors,5GT4,5GT4_1,1,True,5GT4.A,A,A,"[""X-RAY DIFFRACTION""]",1.83,0.2171,127,423,297,0.828283,0.828283,False,False,False,True,False,HUMAN_OR_HUMAN_DERIVED,False,True,False,True,True,True,EXCLUDED_PRIMARY,"[""LBD_COVERAGE_LT_0_90""]"
P11473,NR1I1,VDR,Steroid hormone receptors,5V39,5V39_1,1,True,5V39.A,A,A,"[""X-RAY DIFFRACTION""]",2.2,0.235,127,423,297,0.828283,0.828283,False,False,False,True,False,HUMAN_OR_HUMAN_DERIVED,False,True,False,True,True,True,EXCLUDED_PRIMARY,"[""LBD_COVERAGE_LT_0_90""]"
P11473,NR1I1,VDR,Steroid hormone receptors,5YSY,5YSY_1,1,True,5YSY.A,A,A,"[""X-RAY DIFFRACTION""]",2.0,0.24223,127,423,297,0.828283,0.828283,False,False,False,True,False,HUMAN_OR_HUMAN_DERIVED,False,True,False,True,True,True,EXCLUDED_PRIMARY,"[""LBD_COVERAGE_LT_0_90""]"
P11473,NR1I1,VDR,Steroid hormone receptors,5YT2,5YT2_1,1,True,5YT2.A,A,A,"[""X-RAY DIFFRACTION""]",2.0,0.23342,127,423,297,0.828283,0.828283,False,False,False,True,False,HUMAN_OR_HUMAN_DERIVED,False,True,False,True,True,True,EXCLUDED_PRIMARY,"[""LBD_COVERAGE_LT_0_90""]"
P11473,NR1I1,VDR,Steroid hormone receptors,7QPP,7QPP_1,1,True,7QPP.A,A,A,"[""X-RAY DIFFRACTION""]",1.52,0.1662,127,423,297,0.83165,0.83165,False,False,False,True,False,HUMAN_OR_HUMAN_DERIVED,False,True,False,False,True,True,EXCLUDED_PRIMARY,"[""LBD_COVERAGE_LT_0_90"", ""RESOLUTION_LT_1_8""]"
P11473,NR1I1,VDR,Steroid hormone receptors,8IQN,8IQN_1,1,True,8IQN.A,A,A,"[""X-RAY DIFFRACTION""]",1.639,0.206,127,423,297,0.824916,0.824916,False,False,False,True,False,HUMAN_OR_HUMAN_DERIVED,False,True,False,False,True,True,EXCLUDED_PRIMARY,"[""LBD_COVERAGE_LT_0_90"", ""RESOLUTION_LT_1_8""]"
P11473,NR1I1,VDR,Steroid hormone receptors,8IQT,8IQT_1,1,True,8IQT.A,A,A,"[""X-RAY DIFFRACTION""]",1.745,0.2071,127,423,297,0.824916,0.824916,False,False,False,True,False,HUMAN_OR_HUMAN_DERIVED,False,True,False,False,True,True,EXCLUDED_PRIMARY,"[""LBD_COVERAGE_LT_0_90"", ""RESOLUTION_LT_1_8""]"
P11474,NR3B1,ERRα,Nutritional sensors,7E2E,7E2E_1,1,True,7E2E.A,A,A,"[""X-RAY DIFFRACTION""]",2.7,0.3051,193,421,229,0.930131,0.930131,True,False,False,True,False,HUMAN_OR_HUMAN_DERIVED,False,True,True,True,False,True,EXCLUDED_PRIMARY,"[""RFREE_GT_0_30""]"
P11474,NR3B1,ERRα,Nutritional sensors,9LVP,9LVP_1,1,False,,,,"[""X-RAY DIFFRACTION""]",2.79,0.27962,193,421,229,,,False,False,False,False,False,HUMAN_OR_HUMAN_DERIVED,False,True,False,True,True,True,NO_COORDINATE_CANDIDATE,"[""NO_LBD_OVERLAP""]"
O95718,NR3B2,ERRβ,Nutritional sensors,1LO1,1LO1_3,3,False,,,,"[""SOLUTION NMR""]",,,208,432,225,,,False,False,False,False,False,HUMAN_OR_HUMAN_DERIVED,False,False,False,False,False,True,NO_COORDINATE_CANDIDATE,"[""NON_XRAY"", ""NO_LBD_OVERLAP""]"
O95718,NR3B2,ERRβ,Nutritional sensors,6LIT,6LIT_1,1,True,6LIT.A,A,A,"[""X-RAY DIFFRACTION""]",2.0,0.2383,208,432,225,0.88,0.88,False,False,False,True,False,HUMAN_OR_HUMAN_DERIVED,False,True,False,True,True,True,EXCLUDED_PRIMARY,"[""LBD_COVERAGE_LT_0_90""]"
P62508,NR3B3,ERRγ,Nutritional sensors,1VJB,1VJB_1,1,True,1VJB.B,B,B,"[""X-RAY DIFFRACTION""]",3.2,0.275,233,457,225,0.933333,0.933333,True,False,False,True,False,NON_HUMAN_ORTHOLOG,False,True,True,True,True,False,EXCLUDED_PRIMARY,"[""NON_HUMAN_ORTHOLOG""]"
P62508,NR3B3,ERRγ,Nutritional sensors,2E2R,2E2R_1,1,True,2E2R.A,A,A,"[""X-RAY DIFFRACTION""]",1.6,0.19666,233,457,225,1.0,1.0,True,True,True,True,True,HUMAN_OR_HUMAN_DERIVED,False,True,True,False,True,True,EXCLUDED_PRIMARY,"[""RESOLUTION_LT_1_8""]"
P62508,NR3B3,ERRγ,Nutritional sensors,2GPU,2GPU_1,1,True,2GPU.A,A,A,"[""X-RAY DIFFRACTION""]",1.7,0.195,233,457,225,0.986667,0.986667,True,True,False,True,False,HUMAN_OR_HUMAN_DERIVED,False,True,True,False,True,True,EXCLUDED_PRIMARY,"[""RESOLUTION_LT_1_8""]"
P62508,NR3B3,ERRγ,Nutritional sensors,2ZKC,2ZKC_1,1,True,2ZKC.A,A,A,"[""X-RAY DIFFRACTION""]",1.7,0.23362,233,457,225,1.0,1.0,True,True,True,True,True,HUMAN_OR_HUMAN_DERIVED,False,True,True,False,True,True,EXCLUDED_PRIMARY,"[""RESOLUTION_LT_1_8""]"
P62508,NR3B3,ERRγ,Nutritional sensors,6I61,6I61_1,1,True,6I61.A,A,A,"[""X-RAY DIFFRACTION""]",1.65,0.2191,233,457,225,0.995556,0.995556,True,True,True,True,False,HUMAN_OR_HUMAN_DERIVED,False,True,True,False,True,True,EXCLUDED_PRIMARY,"[""RESOLUTION_LT_1_8""]"
P62508,NR3B3,ERRγ,Nutritional sensors,6I62,6I62_1,1,True,6I62.A,A,A,"[""X-RAY DIFFRACTION""]",1.65,0.1997,233,457,225,0.995556,0.995556,True,True,True,True,False,HUMAN_OR_HUMAN_DERIVED,False,True,True,False,True,True,EXCLUDED_PRIMARY,"[""RESOLUTION_LT_1_8""]"
P62508,NR3B3,ERRγ,Nutritional sensors,6I65,6I65_1,1,True,6I65.A,A,A,"[""X-RAY DIFFRACTION""]",1.5,0.1975,233,457,225,0.995556,0.995556,True,True,True,True,False,HUMAN_OR_HUMAN_DERIVED,False,True,True,False,True,True,EXCLUDED_PRIMARY,"[""RESOLUTION_LT_1_8""]"
P62508,NR3B3,ERRγ,Nutritional sensors,6I66,6I66_1,1,True,6I66.A,A,A,"[""X-RAY DIFFRACTION""]",1.6,0.2068,233,457,225,0.991111,0.991111,True,True,True,True,False,HUMAN_OR_HUMAN_DERIVED,False,True,True,False,True,True,EXCLUDED_PRIMARY,"[""RESOLUTION_LT_1_8""]"
P62508,NR3B3,ERRγ,Nutritional sensors,6I67,6I67_1,1,True,6I67.A,A,A,"[""X-RAY DIFFRACTION""]",1.75,0.2084,233,457,225,0.995556,0.995556,True,True,True,True,False,HUMAN_OR_HUMAN_DERIVED,False,True,True,False,True,True,EXCLUDED_PRIMARY,"[""RESOLUTION_LT_1_8""]"
P62508,NR3B3,ERRγ,Nutritional sensors,6XXC,6XXC_2,2,False,,,,"[""X-RAY DIFFRACTION""]",1.3,0.1807,233,457,225,,,False,False,False,False,False,HUMAN_OR_HUMAN_DERIVED,False,True,False,False,True,True,NO_COORDINATE_CANDIDATE,"[""NO_LBD_OVERLAP""]"
P62508,NR3B3,ERRγ,Nutritional sensors,6XY5,6XY5_2,2,False,,,,"[""X-RAY DIFFRACTION""]",1.3,0.1775,233,457,225,,,False,False,False,False,False,HUMAN_OR_HUMAN_DERIVED,False,True,False,False,True,True,NO_COORDINATE_CANDIDATE,"[""NO_LBD_OVERLAP""]"
P62508,NR3B3,ERRγ,Nutritional sensors,6Y18,6Y18_2,2,False,,,,"[""X-RAY DIFFRACTION""]",1.3,0.182,233,457,225,,,False,False,False,False,False,HUMAN_OR_HUMAN_DERIVED,False,True,False,False,True,True,NO_COORDINATE_CANDIDATE,"[""NO_LBD_OVERLAP""]"
P62508,NR3B3,ERRγ,Nutritional sensors,6Y1D,6Y1D_2,2,False,,,,"[""X-RAY DIFFRACTION""]",1.38,0.1873,233,457,225,,,False,False,False,False,False,HUMAN_OR_HUMAN_DERIVED,False,True,False,False,True,True,NO_COORDINATE_CANDIDATE,"[""NO_LBD_OVERLAP""]"
P62508,NR3B3,ERRγ,Nutritional sensors,6Y3W,6Y3W_2,2,False,,,,"[""X-RAY DIFFRACTION""]",1.34,0.1866,233,457,225,,,False,False,False,False,False,HUMAN_OR_HUMAN_DERIVED,False,True,False,False,True,True,NO_COORDINATE_CANDIDATE,"[""NO_LBD_OVERLAP""]"
P62508,NR3B3,ERRγ,Nutritional sensors,6Y58,6Y58_2,2,True,6Y58.B,B,P,"[""X-RAY DIFFRACTION""]",1.904,0.2088,233,457,225,0.026667,0.026667,False,False,False,False,False,HUMAN_OR_HUMAN_DERIVED,False,True,False,True,True,True,EXCLUDED_PRIMARY,"[""LBD_COVERAGE_LT_0_90""]"
P62508,NR3B3,ERRγ,Nutritional sensors,8B4Q,8B4Q_2,2,False,,,,"[""X-RAY DIFFRACTION""]",1.4,0.175,233,457,225,,,False,False,False,False,False,HUMAN_OR_HUMAN_DERIVED,False,True,False,False,True,True,NO_COORDINATE_CANDIDATE,"[""NO_LBD_OVERLAP""]"
P62508,NR3B3,ERRγ,Nutritional sensors,8BJG,8BJG_2,2,False,,,,"[""X-RAY DIFFRACTION""]",1.4,0.1747,233,457,225,,,False,False,False,False,False,HUMAN_OR_HUMAN_DERIVED,False,True,False,False,True,True,NO_COORDINATE_CANDIDATE,"[""NO_LBD_OVERLAP""]"
P62508,NR3B3,ERRγ,Nutritional sensors,8BJN,8BJN_2,2,False,,,,"[""X-RAY DIFFRACTION""]",1.4,0.1755,233,457,225,,,False,False,False,False,False,HUMAN_OR_HUMAN_DERIVED,False,True,False,False,True,True,NO_COORDINATE_CANDIDATE,"[""NO_LBD_OVERLAP""]"
P62508,NR3B3,ERRγ,Nutritional sensors,8BM5,8BM5_2,2,False,,,,"[""X-RAY DIFFRACTION""]",1.4,0.1861,233,457,225,,,False,False,False,False,False,HUMAN_OR_HUMAN_DERIVED,False,True,False,False,True,True,NO_COORDINATE_CANDIDATE,"[""NO_LBD_OVERLAP""]"
P62508,NR3B3,ERRγ,Nutritional sensors,8IFO,8IFO_1,1,False,,,,"[""X-RAY DIFFRACTION""]",2.2,0.26001,233,457,225,,,False,False,False,False,False,HUMAN_OR_HUMAN_DERIVED,False,True,False,True,True,True,NO_COORDINATE_CANDIDATE,"[""NO_LBD_OVERLAP""]"
P62508,NR3B3,ERRγ,Nutritional sensors,9KND,9KND_1,1,True,9KND.A,A,A,"[""X-RAY DIFFRACTION""]",1.52,0.21184,233,457,225,1.0,1.0,True,True,True,True,True,HUMAN_OR_HUMAN_DERIVED,False,True,True,False,True,True,EXCLUDED_PRIMARY,"[""RESOLUTION_LT_1_8""]"
P62508,NR3B3,ERRγ,Nutritional sensors,9KNF,9KNF_1,1,True,9KNF.A,A,A,"[""X-RAY DIFFRACTION""]",1.62,0.2277,233,457,225,1.0,1.0,True,True,True,True,True,HUMAN_OR_HUMAN_DERIVED,False,True,True,False,True,True,EXCLUDED_PRIMARY,"[""RESOLUTION_LT_1_8""]"
P62508,NR3B3,ERRγ,Nutritional sensors,9KNG,9KNG_1,1,True,9KNG.A,A,A,"[""X-RAY DIFFRACTION""]",1.5,0.2335,233,457,225,0.995556,0.995556,True,True,True,True,False,HUMAN_OR_HUMAN_DERIVED,False,True,True,False,True,True,EXCLUDED_PRIMARY,"[""RESOLUTION_LT_1_8""]"
Q96RI1,NR1H4,FXR,Nutritional sensors,4OIV,4OIV_1,1,True,4OIV.B,B,B,"[""X-RAY DIFFRACTION""]",1.7,0.23946,262,486,225,0.951111,0.951111,True,True,False,True,False,HUMAN_OR_HUMAN_DERIVED,False,True,True,False,True,True,EXCLUDED_PRIMARY,"[""RESOLUTION_LT_1_8""]"
Q96RI1,NR1H4,FXR,Nutritional sensors,4WVD,4WVD_2,2,True,4WVD.B,B,A,"[""X-RAY DIFFRACTION""]",2.9,0.30221,262,486,225,0.915556,0.915556,True,False,False,True,False,HUMAN_OR_HUMAN_DERIVED,False,True,True,True,False,True,EXCLUDED_PRIMARY,"[""RFREE_GT_0_30""]"
Q96RI1,NR1H4,FXR,Nutritional sensors,5Q0I,5Q0I_1,1,True,5Q0I.A,A,A,"[""X-RAY DIFFRACTION""]",1.7,0.226,262,486,225,0.986667,0.986667,True,True,False,True,False,HUMAN_OR_HUMAN_DERIVED,False,True,True,False,True,True,EXCLUDED_PRIMARY,"[""RESOLUTION_LT_1_8""]"
Q96RI1,NR1H4,FXR,Nutritional sensors,6HL0,6HL0_1,1,True,6HL0.A,A,A,"[""X-RAY DIFFRACTION""]",1.66,0.2458,262,486,225,0.995556,0.995556,True,True,True,True,False,HUMAN_OR_HUMAN_DERIVED,False,True,True,False,True,True,EXCLUDED_PRIMARY,"[""RESOLUTION_LT_1_8""]"
Q96RI1,NR1H4,FXR,Nutritional sensors,6HL1,6HL1_1,1,True,6HL1.A,A,A,"[""X-RAY DIFFRACTION""]",1.599,0.246,262,486,225,0.973333,0.973333,True,True,False,True,False,HUMAN_OR_HUMAN_DERIVED,False,True,True,False,True,True,EXCLUDED_PRIMARY,"[""RESOLUTION_LT_1_8""]"
Q96RI1,NR1H4,FXR,Nutritional sensors,8HBM,8HBM_2,2,False,,,,"[""X-RAY DIFFRACTION""]",3.3,0.3008,262,486,225,,,False,False,False,False,False,HUMAN_OR_HUMAN_DERIVED,False,True,False,True,False,True,NO_COORDINATE_CANDIDATE,"[""NO_LBD_OVERLAP""]"
Q96RI1,NR1H4,FXR,Nutritional sensors,9H65,9H65_1,1,True,9H65.A,A,A,"[""X-RAY DIFFRACTION""]",3.1,0.3233,262,486,225,1.0,1.0,True,True,True,True,True,HUMAN_OR_HUMAN_DERIVED,False,True,True,True,False,True,EXCLUDED_PRIMARY,"[""RFREE_GT_0_30""]"
Q96RI1,NR1H4,FXR,Nutritional sensors,9H66,9H66_1,1,True,9H66.B,B,B,"[""X-RAY DIFFRACTION""]",2.6,0.312,262,486,225,1.0,1.0,True,True,True,True,True,HUMAN_OR_HUMAN_DERIVED,False,True,True,True,False,True,EXCLUDED_PRIMARY,"[""RFREE_GT_0_30""]"
P41235,NR2A1,HNF4α,Nutritional sensors,3CBB,3CBB_3,3,False,,,,"[""X-RAY DIFFRACTION""]",2.0,0.252,147,377,231,,,False,False,False,False,False,HUMAN_OR_HUMAN_DERIVED,False,True,False,True,True,True,NO_COORDINATE_CANDIDATE,"[""NO_LBD_OVERLAP""]"
P41235,NR2A1,HNF4α,Nutritional sensors,4B7W,4B7W_1,1,True,4B7W.A,A,A,"[""X-RAY DIFFRACTION""]",4.0,0.2798,147,377,231,0.874459,0.874459,False,False,False,True,False,HUMAN_OR_HUMAN_DERIVED,False,True,False,False,True,True,EXCLUDED_PRIMARY,"[""LBD_COVERAGE_LT_0_90"", ""RESOLUTION_GT_3_5""]"
P41235,NR2A1,HNF4α,Nutritional sensors,9IBR,9IBR_1,1,True,9IBR.A,A,A,"[""X-RAY DIFFRACTION""]",2.78,0.3546,147,377,231,0.982684,0.982684,True,True,False,True,False,HUMAN_OR_HUMAN_DERIVED,False,True,True,True,False,True,EXCLUDED_PRIMARY,"[""RFREE_GT_0_30""]"
O00482,NR5A2,LRH-1,Nutritional sensors,2A66,2A66_3,3,False,,,,"[""X-RAY DIFFRACTION""]",2.2,0.226,300,539,240,,,False,False,False,False,False,HUMAN_OR_HUMAN_DERIVED,False,True,False,True,True,True,NO_COORDINATE_CANDIDATE,"[""NO_LBD_OVERLAP""]"
O00482,NR5A2,LRH-1,Nutritional sensors,3PLZ,3PLZ_1,1,True,3PLZ.C,C,B,"[""X-RAY DIFFRACTION""]",1.75,0.214,300,539,240,0.995833,0.995833,True,True,True,True,False,HUMAN_OR_HUMAN_DERIVED,False,True,True,False,True,True,EXCLUDED_PRIMARY,"[""RESOLUTION_LT_1_8""]"
O00482,NR5A2,LRH-1,Nutritional sensors,4PLD,4PLD_1,1,True,4PLD.A,A,A,"[""X-RAY DIFFRACTION""]",1.75,0.2245,300,539,240,0.991667,0.991667,True,True,True,True,False,HUMAN_OR_HUMAN_DERIVED,False,True,True,False,True,True,EXCLUDED_PRIMARY,"[""RESOLUTION_LT_1_8""]"
O00482,NR5A2,LRH-1,Nutritional sensors,4PLE,4PLE_1,1,True,4PLE.A,A,A,"[""X-RAY DIFFRACTION""]",1.752,0.2362,300,539,240,0.991667,0.991667,True,True,True,True,False,HUMAN_OR_HUMAN_DERIVED,False,True,True,False,True,True,EXCLUDED_PRIMARY,"[""RESOLUTION_LT_1_8""]"
O00482,NR5A2,LRH-1,Nutritional sensors,5L0M,5L0M_1,1,False,,,,"[""X-RAY DIFFRACTION""]",2.197,0.197,300,539,240,,,False,False,False,False,False,HUMAN_OR_HUMAN_DERIVED,False,True,False,True,True,True,NO_COORDINATE_CANDIDATE,"[""NO_LBD_OVERLAP""]"
O00482,NR5A2,LRH-1,Nutritional sensors,6VC2,6VC2_1,1,True,6VC2.A,A,A,"[""X-RAY DIFFRACTION""]",1.697,0.2284,300,539,240,0.983333,0.983333,True,True,False,True,False,HUMAN_OR_HUMAN_DERIVED,False,True,True,False,True,True,EXCLUDED_PRIMARY,"[""RESOLUTION_LT_1_8""]"
O00482,NR5A2,LRH-1,Nutritional sensors,8PKI,8PKI_7,7,False,,,,"[""ELECTRON MICROSCOPY""]",2.58,,300,539,240,,,False,False,False,False,False,HUMAN_OR_HUMAN_DERIVED,False,False,False,True,False,True,NO_COORDINATE_CANDIDATE,"[""NON_XRAY"", ""NO_LBD_OVERLAP""]"
Q13133,NR1H3,LXRα,Nutritional sensors,1UHL,1UHL_2,2,True,1UHL.B,B,B,"[""X-RAY DIFFRACTION""]",2.9,0.32649,209,447,239,0.903766,0.903766,True,False,False,True,False,HUMAN_OR_HUMAN_DERIVED,False,True,True,True,False,True,EXCLUDED_PRIMARY,"[""RFREE_GT_0_30""]"
Q13133,NR1H3,LXRα,Nutritional sensors,3IPS,3IPS_1,1,True,3IPS.B,B,B,"[""X-RAY DIFFRACTION""]",2.26,0.3145,209,447,239,0.92887,0.92887,True,False,False,True,False,HUMAN_OR_HUMAN_DERIVED,False,True,True,True,False,True,EXCLUDED_PRIMARY,"[""RFREE_GT_0_30""]"
Q13133,NR1H3,LXRα,Nutritional sensors,5HJS,5HJS_1,1,True,5HJS.A,A,A,"[""X-RAY DIFFRACTION""]",1.72,0.2384,209,447,239,0.92887,0.92887,True,False,False,True,False,HUMAN_OR_HUMAN_DERIVED,False,True,True,False,True,True,EXCLUDED_PRIMARY,"[""RESOLUTION_LT_1_8""]"
P55055,NR1H2,LXRβ,Nutritional sensors,6K9H,6K9H_1,1,True,6K9H.A,A,A,"[""X-RAY DIFFRACTION""]",2.5,0.28738,222,460,239,0.891213,0.891213,False,False,False,True,False,HUMAN_OR_HUMAN_DERIVED,False,True,False,True,True,True,EXCLUDED_PRIMARY,"[""LBD_COVERAGE_LT_0_90""]"
P55055,NR1H2,LXRβ,Nutritional sensors,6S5K,6S5K_1,1,True,6S5K.A,A,A,"[""X-RAY DIFFRACTION""]",1.6,0.2142,222,460,239,0.916318,0.916318,True,False,False,True,False,HUMAN_OR_HUMAN_DERIVED,False,True,True,False,True,True,EXCLUDED_PRIMARY,"[""RESOLUTION_LT_1_8""]"
P22736,NR4A1,NUR77,Nutritional sensors,4RZE,4RZE_1,1,True,4RZE.B,B,A,"[""X-RAY DIFFRACTION""]",2.49,0.30895,360,595,236,0.970339,0.970339,True,True,False,True,False,HUMAN_OR_HUMAN_DERIVED,False,True,True,True,False,True,EXCLUDED_PRIMARY,"[""RFREE_GT_0_30""]"
P22736,NR4A1,NUR77,Nutritional sensors,6KZ5,6KZ5_1,1,True,6KZ5.A,A,A,"[""X-RAY DIFFRACTION""]",4.45,0.3079,360,595,236,0.978814,0.978814,True,True,False,True,False,HUMAN_OR_HUMAN_DERIVED,False,True,True,False,False,True,EXCLUDED_PRIMARY,"[""RESOLUTION_GT_3_5"", ""RFREE_GT_0_30""]"
P22736,NR4A1,NUR77,Nutritional sensors,6LC1,6LC1_2,2,False,,,,"[""X-RAY DIFFRACTION""]",3.12,0.2676,360,595,236,,,False,False,False,False,False,HUMAN_OR_HUMAN_DERIVED,False,True,False,True,True,True,NO_COORDINATE_CANDIDATE,"[""NO_LBD_OVERLAP""]"
P43354,NR4A2,NURR1,Nutritional sensors,6L6L,6L6L_1,1,False,,,,"[""X-RAY DIFFRACTION""]",2.781,0.252,360,595,236,,,False,False,False,False,False,HUMAN_OR_HUMAN_DERIVED,False,True,False,True,True,True,NO_COORDINATE_CANDIDATE,"[""NO_LBD_OVERLAP""]"
P43354,NR4A2,NURR1,Nutritional sensors,6L6Q,6L6Q_1,1,False,,,,"[""X-RAY DIFFRACTION""]",2.601,0.2892,360,595,236,,,False,False,False,False,False,HUMAN_OR_HUMAN_DERIVED,False,True,False,True,True,True,NO_COORDINATE_CANDIDATE,"[""NO_LBD_OVERLAP""]"
Q07869,NR1C1,PPARα,Nutritional sensors,2P54,2P54_1,1,True,2P54.A,A,A,"[""X-RAY DIFFRACTION""]",1.79,0.227,239,466,228,1.0,1.0,True,True,True,True,True,HUMAN_OR_HUMAN_DERIVED,False,True,True,False,True,True,EXCLUDED_PRIMARY,"[""RESOLUTION_LT_1_8""]"
Q07869,NR1C1,PPARα,Nutritional sensors,3KDT,3KDT_1,1,True,3KDT.B,B,B,"[""X-RAY DIFFRACTION""]",2.7,0.316,239,466,228,0.986842,0.986842,True,True,False,True,False,HUMAN_OR_HUMAN_DERIVED,False,True,True,True,False,True,EXCLUDED_PRIMARY,"[""RFREE_GT_0_30""]"
Q07869,NR1C1,PPARα,Nutritional sensors,3VI8,3VI8_1,1,True,3VI8.A,A,A,"[""X-RAY DIFFRACTION""]",1.75,0.249,239,466,228,0.991228,0.991228,True,True,True,True,False,HUMAN_OR_HUMAN_DERIVED,False,True,True,False,True,True,EXCLUDED_PRIMARY,"[""RESOLUTION_LT_1_8""]"
Q07869,NR1C1,PPARα,Nutritional sensors,5AZT,5AZT_1,1,True,5AZT.A,A,A,"[""X-RAY DIFFRACTION""]",3.45,0.30763,239,466,228,1.0,1.0,True,True,True,True,True,HUMAN_OR_HUMAN_DERIVED,False,True,True,True,False,True,EXCLUDED_PRIMARY,"[""RFREE_GT_0_30""]"
Q07869,NR1C1,PPARα,Nutritional sensors,6KAX,6KAX_1,1,True,6KAX.A,A,A,"[""X-RAY DIFFRACTION""]",1.23,0.2032,239,466,228,1.0,1.0,True,True,True,True,True,HUMAN_OR_HUMAN_DERIVED,False,True,True,False,True,True,EXCLUDED_PRIMARY,"[""RESOLUTION_LT_1_8""]"
Q07869,NR1C1,PPARα,Nutritional sensors,6KAY,6KAY_1,1,True,6KAY.A,A,A,"[""X-RAY DIFFRACTION""]",1.735,0.2519,239,466,228,0.973684,0.973684,True,True,False,True,False,HUMAN_OR_HUMAN_DERIVED,False,True,True,False,True,True,EXCLUDED_PRIMARY,"[""RESOLUTION_LT_1_8""]"
Q07869,NR1C1,PPARα,Nutritional sensors,6KAZ,6KAZ_1,1,True,6KAZ.A,A,A,"[""X-RAY DIFFRACTION""]",1.48,0.1978,239,466,228,1.0,1.0,True,True,True,True,True,HUMAN_OR_HUMAN_DERIVED,False,True,True,False,True,True,EXCLUDED_PRIMARY,"[""RESOLUTION_LT_1_8""]"
Q07869,NR1C1,PPARα,Nutritional sensors,6KB0,6KB0_1,1,True,6KB0.A,A,A,"[""X-RAY DIFFRACTION""]",1.35,0.1951,239,466,228,1.0,1.0,True,True,True,True,True,HUMAN_OR_HUMAN_DERIVED,False,True,True,False,True,True,EXCLUDED_PRIMARY,"[""RESOLUTION_LT_1_8""]"
Q07869,NR1C1,PPARα,Nutritional sensors,6KB1,6KB1_1,1,True,6KB1.A,A,A,"[""X-RAY DIFFRACTION""]",1.25,0.2042,239,466,228,1.0,1.0,True,True,True,True,True,HUMAN_OR_HUMAN_DERIVED,False,True,True,False,True,True,EXCLUDED_PRIMARY,"[""RESOLUTION_LT_1_8""]"
Q07869,NR1C1,PPARα,Nutritional sensors,6KB3,6KB3_1,1,True,6KB3.A,A,A,"[""X-RAY DIFFRACTION""]",1.45,0.208,239,466,228,0.97807,0.97807,True,True,False,True,False,HUMAN_OR_HUMAN_DERIVED,False,True,True,False,True,True,EXCLUDED_PRIMARY,"[""RESOLUTION_LT_1_8""]"
Q07869,NR1C1,PPARα,Nutritional sensors,6KB4,6KB4_1,1,True,6KB4.A,A,A,"[""X-RAY DIFFRACTION""]",1.42,0.1954,239,466,228,1.0,1.0,True,True,True,True,True,HUMAN_OR_HUMAN_DERIVED,False,True,True,False,True,True,EXCLUDED_PRIMARY,"[""RESOLUTION_LT_1_8""]"
Q07869,NR1C1,PPARα,Nutritional sensors,6KB6,6KB6_1,1,True,6KB6.A,A,A,"[""X-RAY DIFFRACTION""]",1.431,0.193,239,466,228,1.0,1.0,True,True,True,True,True,HUMAN_OR_HUMAN_DERIVED,False,True,True,False,True,True,EXCLUDED_PRIMARY,"[""RESOLUTION_LT_1_8""]"
Q07869,NR1C1,PPARα,Nutritional sensors,6KB8,6KB8_1,1,True,6KB8.A,A,A,"[""X-RAY DIFFRACTION""]",1.47,0.2183,239,466,228,0.982456,0.982456,True,True,False,True,False,HUMAN_OR_HUMAN_DERIVED,False,True,True,False,True,True,EXCLUDED_PRIMARY,"[""RESOLUTION_LT_1_8""]"
Q07869,NR1C1,PPARα,Nutritional sensors,6KB9,6KB9_1,1,True,6KB9.A,A,A,"[""X-RAY DIFFRACTION""]",1.55,0.1977,239,466,228,1.0,1.0,True,True,True,True,True,HUMAN_OR_HUMAN_DERIVED,False,True,True,False,True,True,EXCLUDED_PRIMARY,"[""RESOLUTION_LT_1_8""]"
Q07869,NR1C1,PPARα,Nutritional sensors,6LX6,6LX6_1,1,True,6LX6.A,A,A,"[""X-RAY DIFFRACTION""]",1.3,0.1952,239,466,228,1.0,1.0,True,True,True,True,True,HUMAN_OR_HUMAN_DERIVED,False,True,True,False,True,True,EXCLUDED_PRIMARY,"[""RESOLUTION_LT_1_8""]"
Q07869,NR1C1,PPARα,Nutritional sensors,6LX7,6LX7_1,1,True,6LX7.A,A,A,"[""X-RAY DIFFRACTION""]",1.41,0.1921,239,466,228,1.0,1.0,True,True,True,True,True,HUMAN_OR_HUMAN_DERIVED,False,True,True,False,True,True,EXCLUDED_PRIMARY,"[""RESOLUTION_LT_1_8""]"
Q07869,NR1C1,PPARα,Nutritional sensors,6LX8,6LX8_1,1,True,6LX8.A,A,A,"[""X-RAY DIFFRACTION""]",1.54,0.198,239,466,228,1.0,1.0,True,True,True,True,True,HUMAN_OR_HUMAN_DERIVED,False,True,True,False,True,True,EXCLUDED_PRIMARY,"[""RESOLUTION_LT_1_8""]"
Q07869,NR1C1,PPARα,Nutritional sensors,6LX9,6LX9_1,1,True,6LX9.A,A,A,"[""X-RAY DIFFRACTION""]",1.4,0.1933,239,466,228,1.0,1.0,True,True,True,True,True,HUMAN_OR_HUMAN_DERIVED,False,True,True,False,True,True,EXCLUDED_PRIMARY,"[""RESOLUTION_LT_1_8""]"
Q07869,NR1C1,PPARα,Nutritional sensors,6LXA,6LXA_1,1,True,6LXA.A,A,A,"[""X-RAY DIFFRACTION""]",1.23,0.1957,239,466,228,1.0,1.0,True,True,True,True,True,HUMAN_OR_HUMAN_DERIVED,False,True,True,False,True,True,EXCLUDED_PRIMARY,"[""RESOLUTION_LT_1_8""]"
Q07869,NR1C1,PPARα,Nutritional sensors,7BQ0,7BQ0_1,1,True,7BQ0.A,A,A,"[""X-RAY DIFFRACTION""]",1.771,0.2173,239,466,228,1.0,1.0,True,True,True,True,True,HUMAN_OR_HUMAN_DERIVED,False,True,True,False,True,True,EXCLUDED_PRIMARY,"[""RESOLUTION_LT_1_8""]"
Q07869,NR1C1,PPARα,Nutritional sensors,7BQ1,7BQ1_1,1,True,7BQ1.A,A,A,"[""X-RAY DIFFRACTION""]",1.521,0.2133,239,466,228,0.986842,0.986842,True,True,False,True,False,HUMAN_OR_HUMAN_DERIVED,False,True,True,False,True,True,EXCLUDED_PRIMARY,"[""RESOLUTION_LT_1_8""]"
Q07869,NR1C1,PPARα,Nutritional sensors,7BQ2,7BQ2_1,1,True,7BQ2.A,A,A,"[""X-RAY DIFFRACTION""]",1.52,0.2059,239,466,228,0.982456,0.982456,True,True,False,True,False,HUMAN_OR_HUMAN_DERIVED,False,True,True,False,True,True,EXCLUDED_PRIMARY,"[""RESOLUTION_LT_1_8""]"
Q07869,NR1C1,PPARα,Nutritional sensors,7BQ4,7BQ4_1,1,True,7BQ4.A,A,A,"[""X-RAY DIFFRACTION""]",1.62,0.2145,239,466,228,0.986842,0.986842,True,True,False,True,False,HUMAN_OR_HUMAN_DERIVED,False,True,True,False,True,True,EXCLUDED_PRIMARY,"[""RESOLUTION_LT_1_8""]"
Q07869,NR1C1,PPARα,Nutritional sensors,7E5F,7E5F_1,1,True,7E5F.A,A,A,"[""X-RAY DIFFRACTION""]",1.79,0.2288,239,466,228,1.0,1.0,True,True,True,True,True,HUMAN_OR_HUMAN_DERIVED,False,True,True,False,True,True,EXCLUDED_PRIMARY,"[""RESOLUTION_LT_1_8""]"
Q07869,NR1C1,PPARα,Nutritional sensors,7E5G,7E5G_1,1,True,7E5G.A,A,A,"[""X-RAY DIFFRACTION""]",1.66,0.229,239,466,228,1.0,1.0,True,True,True,True,True,HUMAN_OR_HUMAN_DERIVED,False,True,True,False,True,True,EXCLUDED_PRIMARY,"[""RESOLUTION_LT_1_8""]"
Q07869,NR1C1,PPARα,Nutritional sensors,7E5H,7E5H_1,1,True,7E5H.A,A,A,"[""X-RAY DIFFRACTION""]",1.66,0.239,239,466,228,1.0,1.0,True,True,True,True,True,HUMAN_OR_HUMAN_DERIVED,False,True,True,False,True,True,EXCLUDED_PRIMARY,"[""RESOLUTION_LT_1_8""]"
Q07869,NR1C1,PPARα,Nutritional sensors,7E5I,7E5I_1,1,True,7E5I.A,A,A,"[""X-RAY DIFFRACTION""]",1.58,0.2211,239,466,228,1.0,1.0,True,True,True,True,True,HUMAN_OR_HUMAN_DERIVED,False,True,True,False,True,True,EXCLUDED_PRIMARY,"[""RESOLUTION_LT_1_8""]"
Q07869,NR1C1,PPARα,Nutritional sensors,8HUQ,8HUQ_1,1,True,8HUQ.A,A,A,"[""X-RAY DIFFRACTION""]",1.65,0.2135,239,466,228,0.97807,0.97807,True,True,False,True,False,HUMAN_OR_HUMAN_DERIVED,False,True,True,False,True,True,EXCLUDED_PRIMARY,"[""RESOLUTION_LT_1_8""]"
Q07869,NR1C1,PPARα,Nutritional sensors,8YT9,8YT9_1,1,True,8YT9.A,A,A,"[""X-RAY DIFFRACTION""]",1.59,0.2065,239,466,228,0.964912,0.964912,True,True,False,True,False,HUMAN_OR_HUMAN_DERIVED,False,True,True,False,True,True,EXCLUDED_PRIMARY,"[""RESOLUTION_LT_1_8""]"
Q07869,NR1C1,PPARα,Nutritional sensors,8YWU,8YWU_1,1,True,8YWU.A,A,A,"[""X-RAY DIFFRACTION""]",1.77,0.2295,239,466,228,0.973684,0.973684,True,True,False,True,False,HUMAN_OR_HUMAN_DERIVED,False,True,True,False,True,True,EXCLUDED_PRIMARY,"[""RESOLUTION_LT_1_8""]"
Q07869,NR1C1,PPARα,Nutritional sensors,9IWJ,9IWJ_1,1,True,9IWJ.B,B,B,"[""X-RAY DIFFRACTION""]",2.48,0.2543,239,466,228,0.820175,0.820175,False,False,False,True,False,HUMAN_OR_HUMAN_DERIVED,False,True,False,True,True,True,EXCLUDED_PRIMARY,"[""LBD_COVERAGE_LT_0_90""]"
Q07869,NR1C1,PPARα,Nutritional sensors,9IWM,9IWM_1,1,True,9IWM.A,A,A,"[""X-RAY DIFFRACTION""]",1.39,0.2048,239,466,228,1.0,1.0,True,True,True,True,True,HUMAN_OR_HUMAN_DERIVED,False,True,True,False,True,True,EXCLUDED_PRIMARY,"[""RESOLUTION_LT_1_8""]"
Q07869,NR1C1,PPARα,Nutritional sensors,9IWN,9IWN_1,1,True,9IWN.A,A,A,"[""X-RAY DIFFRACTION""]",1.59,0.2081,239,466,228,0.986842,0.986842,True,True,False,True,False,HUMAN_OR_HUMAN_DERIVED,False,True,True,False,True,True,EXCLUDED_PRIMARY,"[""RESOLUTION_LT_1_8""]"
Q07869,NR1C1,PPARα,Nutritional sensors,9IWO,9IWO_1,1,True,9IWO.A,A,A,"[""X-RAY DIFFRACTION""]",1.49,0.2135,239,466,228,1.0,1.0,True,True,True,True,True,HUMAN_OR_HUMAN_DERIVED,False,True,True,False,True,True,EXCLUDED_PRIMARY,"[""RESOLUTION_LT_1_8""]"
Q07869,NR1C1,PPARα,Nutritional sensors,9T5S,9T5S_1,1,True,9T5S.A,A,A,"[""X-RAY DIFFRACTION""]",1.74,0.2113,239,466,228,1.0,1.0,True,True,True,True,True,HUMAN_OR_HUMAN_DERIVED,False,True,True,False,True,True,EXCLUDED_PRIMARY,"[""RESOLUTION_LT_1_8""]"
Q07869,NR1C1,PPARα,Nutritional sensors,9VZS,9VZS_1,1,True,9VZS.A,A,A,"[""X-RAY DIFFRACTION""]",1.455,0.2012,239,466,228,1.0,1.0,True,True,True,True,True,HUMAN_OR_HUMAN_DERIVED,False,True,True,False,True,True,EXCLUDED_PRIMARY,"[""RESOLUTION_LT_1_8""]"
Q07869,NR1C1,PPARα,Nutritional sensors,9VZT,9VZT_1,1,True,9VZT.A,A,A,"[""X-RAY DIFFRACTION""]",1.475,0.2019,239,466,228,1.0,1.0,True,True,True,True,True,HUMAN_OR_HUMAN_DERIVED,False,True,True,False,True,True,EXCLUDED_PRIMARY,"[""RESOLUTION_LT_1_8""]"
Q03181,NR1C2,PPARδ,Nutritional sensors,1GWX,1GWX_1,1,True,1GWX.A,A,A,"[""X-RAY DIFFRACTION""]",2.5,0.303,211,439,229,1.0,1.0,True,True,True,True,True,HUMAN_OR_HUMAN_DERIVED,False,True,True,True,False,True,EXCLUDED_PRIMARY,"[""RFREE_GT_0_30""]"
Q03181,NR1C2,PPARδ,Nutritional sensors,2ENV,2ENV_1,1,False,,,,"[""SOLUTION NMR""]",,,211,439,229,,,False,False,False,False,False,HUMAN_OR_HUMAN_DERIVED,False,False,False,False,False,True,NO_COORDINATE_CANDIDATE,"[""NON_XRAY"", ""NO_LBD_OVERLAP""]"
Q03181,NR1C2,PPARδ,Nutritional sensors,2Q5G,2Q5G_1,1,True,2Q5G.A,A,A,"[""X-RAY DIFFRACTION""]",2.7,0.305,211,439,229,0.912664,0.912664,True,False,False,True,False,HUMAN_OR_HUMAN_DERIVED,False,True,True,True,False,True,EXCLUDED_PRIMARY,"[""RFREE_GT_0_30""]"
Q03181,NR1C2,PPARδ,Nutritional sensors,3GWX,3GWX_1,1,True,3GWX.A,A,A,"[""X-RAY DIFFRACTION""]",2.4,0.301,211,439,229,1.0,1.0,True,True,True,True,True,HUMAN_OR_HUMAN_DERIVED,False,True,True,True,False,True,EXCLUDED_PRIMARY,"[""RFREE_GT_0_30""]"
Q03181,NR1C2,PPARδ,Nutritional sensors,5U3Q,5U3Q_1,1,True,5U3Q.A,A,A,"[""X-RAY DIFFRACTION""]",1.5,0.1892,211,439,229,1.0,1.0,True,True,True,True,True,HUMAN_OR_HUMAN_DERIVED,False,True,True,False,True,True,EXCLUDED_PRIMARY,"[""RESOLUTION_LT_1_8""]"
Q03181,NR1C2,PPARδ,Nutritional sensors,5U3T,5U3T_1,1,True,5U3T.A,A,A,"[""X-RAY DIFFRACTION""]",1.7,0.2204,211,439,229,1.0,1.0,True,True,True,True,True,HUMAN_OR_HUMAN_DERIVED,False,True,True,False,True,True,EXCLUDED_PRIMARY,"[""RESOLUTION_LT_1_8""]"
Q03181,NR1C2,PPARδ,Nutritional sensors,5U3Z,5U3Z_1,1,True,5U3Z.A,A,A,"[""X-RAY DIFFRACTION""]",1.72,0.2137,211,439,229,1.0,1.0,True,True,True,True,True,HUMAN_OR_HUMAN_DERIVED,False,True,True,False,True,True,EXCLUDED_PRIMARY,"[""RESOLUTION_LT_1_8""]"
Q03181,NR1C2,PPARδ,Nutritional sensors,5U42,5U42_1,1,True,5U42.A,A,A,"[""X-RAY DIFFRACTION""]",1.7,0.2156,211,439,229,1.0,1.0,True,True,True,True,True,HUMAN_OR_HUMAN_DERIVED,False,True,True,False,True,True,EXCLUDED_PRIMARY,"[""RESOLUTION_LT_1_8""]"
Q03181,NR1C2,PPARδ,Nutritional sensors,5Y7X,5Y7X_1,1,True,5Y7X.B,B,B,"[""X-RAY DIFFRACTION""]",1.699,0.2305,211,439,229,0.978166,0.978166,True,True,False,True,False,HUMAN_OR_HUMAN_DERIVED,False,True,True,False,True,True,EXCLUDED_PRIMARY,"[""RESOLUTION_LT_1_8""]"
Q03181,NR1C2,PPARδ,Nutritional sensors,7F80,7F80_1,1,True,7F80.B,B,B,"[""X-RAY DIFFRACTION""]",2.8,0.30039,211,439,229,0.978166,0.978166,True,True,False,True,False,HUMAN_OR_HUMAN_DERIVED,False,True,True,True,False,True,EXCLUDED_PRIMARY,"[""RFREE_GT_0_30""]"
P37231,NR1C3,PPARγ,Nutritional sensors,1NYX,1NYX_1,1,True,1NYX.B,B,B,"[""X-RAY DIFFRACTION""]",2.65,0.306,238,503,266,0.954887,0.954887,True,True,False,True,False,HUMAN_OR_HUMAN_DERIVED,False,True,True,True,False,True,EXCLUDED_PRIMARY,"[""RFREE_GT_0_30""]"
P37231,NR1C3,PPARγ,Nutritional sensors,1PRG,1PRG_1,1,True,1PRG.A,A,A,"[""X-RAY DIFFRACTION""]",2.2,0.318,238,503,266,1.0,1.0,True,True,True,True,True,HUMAN_OR_HUMAN_DERIVED,False,True,True,True,False,True,EXCLUDED_PRIMARY,"[""RFREE_GT_0_30""]"
P37231,NR1C3,PPARγ,Nutritional sensors,2HWR,2HWR_1,1,True,2HWR.A,A,A,"[""X-RAY DIFFRACTION""]",2.34,0.316,238,503,266,0.962406,0.962406,True,True,False,True,False,HUMAN_OR_HUMAN_DERIVED,False,True,True,True,False,True,EXCLUDED_PRIMARY,"[""RFREE_GT_0_30""]"
P37231,NR1C3,PPARγ,Nutritional sensors,2P4Y,2P4Y_1,1,True,2P4Y.A,A,A,"[""X-RAY DIFFRACTION""]",2.25,0.274,238,503,266,0.890977,0.890977,False,False,False,True,False,HUMAN_OR_HUMAN_DERIVED,False,True,False,True,True,True,EXCLUDED_PRIMARY,"[""LBD_COVERAGE_LT_0_90""]"
P37231,NR1C3,PPARγ,Nutritional sensors,2QMV,2QMV_1,1,False,,,,"[""SOLUTION NMR""]",,,238,503,266,,,False,False,False,False,False,HUMAN_OR_HUMAN_DERIVED,False,False,False,False,False,True,NO_COORDINATE_CANDIDATE,"[""NON_XRAY""]"
P37231,NR1C3,PPARγ,Nutritional sensors,2VV1,2VV1_2,2,True,2VV1.B,B,B,"[""X-RAY DIFFRACTION""]",2.2,0.277,238,503,266,0.894737,0.894737,False,False,False,True,False,HUMAN_OR_HUMAN_DERIVED,False,True,False,True,True,True,EXCLUDED_PRIMARY,"[""LBD_COVERAGE_LT_0_90""]"
P37231,NR1C3,PPARγ,Nutritional sensors,2ZK0,2ZK0_1,1,True,2ZK0.A,A,A,"[""X-RAY DIFFRACTION""]",2.36,0.313,238,503,266,1.0,1.0,True,True,True,True,True,HUMAN_OR_HUMAN_DERIVED,False,True,True,True,False,True,EXCLUDED_PRIMARY,"[""RFREE_GT_0_30""]"
P37231,NR1C3,PPARγ,Nutritional sensors,2ZK1,2ZK1_1,1,True,2ZK1.A,A,A,"[""X-RAY DIFFRACTION""]",2.61,0.307,238,503,266,1.0,1.0,True,True,True,True,True,HUMAN_OR_HUMAN_DERIVED,False,True,True,True,False,True,EXCLUDED_PRIMARY,"[""RFREE_GT_0_30""]"
P37231,NR1C3,PPARγ,Nutritional sensors,2ZK4,2ZK4_1,1,True,2ZK4.A,A,A,"[""X-RAY DIFFRACTION""]",2.57,0.306,238,503,266,1.0,1.0,True,True,True,True,True,HUMAN_OR_HUMAN_DERIVED,False,True,True,True,False,True,EXCLUDED_PRIMARY,"[""RFREE_GT_0_30""]"
P37231,NR1C3,PPARγ,Nutritional sensors,2ZK5,2ZK5_1,1,True,2ZK5.A,A,A,"[""X-RAY DIFFRACTION""]",2.45,0.306,238,503,266,1.0,1.0,True,True,True,True,True,HUMAN_OR_HUMAN_DERIVED,False,True,True,True,False,True,EXCLUDED_PRIMARY,"[""RFREE_GT_0_30""]"
P37231,NR1C3,PPARγ,Nutritional sensors,3B1M,3B1M_1,1,True,3B1M.A,A,A,"[""X-RAY DIFFRACTION""]",1.6,0.244,238,503,266,0.954887,0.954887,True,True,False,True,False,HUMAN_OR_HUMAN_DERIVED,False,True,True,False,True,True,EXCLUDED_PRIMARY,"[""RESOLUTION_LT_1_8""]"
P37231,NR1C3,PPARγ,Nutritional sensors,3B3K,3B3K_1,1,True,3B3K.B,B,B,"[""X-RAY DIFFRACTION""]",2.6,0.316,238,503,266,0.951128,0.951128,True,True,False,True,False,HUMAN_OR_HUMAN_DERIVED,False,True,True,True,False,True,EXCLUDED_PRIMARY,"[""RFREE_GT_0_30""]"
P37231,NR1C3,PPARγ,Nutritional sensors,3CDS,3CDS_1,1,True,3CDS.B,B,B,"[""X-RAY DIFFRACTION""]",2.65,0.319,238,503,266,0.951128,0.951128,True,True,False,True,False,HUMAN_OR_HUMAN_DERIVED,False,True,True,True,False,True,EXCLUDED_PRIMARY,"[""RFREE_GT_0_30""]"
P37231,NR1C3,PPARγ,Nutritional sensors,3D6D,3D6D_1,1,True,3D6D.B,B,B,"[""X-RAY DIFFRACTION""]",2.4,0.305,238,503,266,0.951128,0.951128,True,True,False,True,False,HUMAN_OR_HUMAN_DERIVED,False,True,True,True,False,True,EXCLUDED_PRIMARY,"[""RFREE_GT_0_30""]"
P37231,NR1C3,PPARγ,Nutritional sensors,3H0A,3H0A_2,2,True,3H0A.B,B,D,"[""X-RAY DIFFRACTION""]",2.1,0.34165,238,503,266,0.973684,0.973684,True,True,False,True,False,HUMAN_OR_HUMAN_DERIVED,False,True,True,True,False,True,EXCLUDED_PRIMARY,"[""RFREE_GT_0_30""]"
P37231,NR1C3,PPARγ,Nutritional sensors,3HO0,3HO0_1,1,True,3HO0.B,B,B,"[""X-RAY DIFFRACTION""]",2.6,0.328,238,503,266,0.951128,0.951128,True,True,False,True,False,HUMAN_OR_HUMAN_DERIVED,False,True,True,True,False,True,EXCLUDED_PRIMARY,"[""RFREE_GT_0_30""]"
P37231,NR1C3,PPARγ,Nutritional sensors,3U9Q,3U9Q_1,1,True,3U9Q.A,A,A,"[""X-RAY DIFFRACTION""]",1.522,0.2221,238,503,266,0.954887,0.954887,True,True,False,True,False,HUMAN_OR_HUMAN_DERIVED,False,True,True,False,True,True,EXCLUDED_PRIMARY,"[""RESOLUTION_LT_1_8""]"
P37231,NR1C3,PPARγ,Nutritional sensors,3V9T,3V9T_1,1,True,3V9T.A,A,A,"[""X-RAY DIFFRACTION""]",1.65,0.21878,238,503,266,0.951128,0.951128,True,True,False,True,False,HUMAN_OR_HUMAN_DERIVED,False,True,True,False,True,True,EXCLUDED_PRIMARY,"[""RESOLUTION_LT_1_8""]"
P37231,NR1C3,PPARγ,Nutritional sensors,3V9V,3V9V_1,1,True,3V9V.A,A,A,"[""X-RAY DIFFRACTION""]",1.6,0.24403,238,503,266,0.951128,0.951128,True,True,False,True,False,HUMAN_OR_HUMAN_DERIVED,False,True,True,False,True,True,EXCLUDED_PRIMARY,"[""RESOLUTION_LT_1_8""]"
P37231,NR1C3,PPARγ,Nutritional sensors,3VN2,3VN2_1,1,True,3VN2.A,A,A,"[""X-RAY DIFFRACTION""]",2.18,0.30851,238,503,266,0.962406,0.962406,True,True,False,True,False,HUMAN_OR_HUMAN_DERIVED,False,True,True,True,False,True,EXCLUDED_PRIMARY,"[""RFREE_GT_0_30""]"
P37231,NR1C3,PPARγ,Nutritional sensors,4CI5,4CI5_1,1,True,4CI5.B,B,B,"[""X-RAY DIFFRACTION""]",1.77,0.2125,238,503,266,0.958647,0.958647,True,True,False,True,False,HUMAN_OR_HUMAN_DERIVED,False,True,True,False,True,True,EXCLUDED_PRIMARY,"[""RESOLUTION_LT_1_8""]"
P37231,NR1C3,PPARγ,Nutritional sensors,4E4K,4E4K_1,1,True,4E4K.A,A,A,"[""X-RAY DIFFRACTION""]",2.5,0.335,238,503,266,0.996241,0.996241,True,True,True,True,False,HUMAN_OR_HUMAN_DERIVED,False,True,True,True,False,True,EXCLUDED_PRIMARY,"[""RFREE_GT_0_30""]"
P37231,NR1C3,PPARγ,Nutritional sensors,4PWL,4PWL_1,1,True,4PWL.A,A,A,"[""X-RAY DIFFRACTION""]",2.6,0.3077,238,503,266,0.947368,0.947368,True,False,False,True,False,HUMAN_OR_HUMAN_DERIVED,False,True,True,True,False,True,EXCLUDED_PRIMARY,"[""RFREE_GT_0_30""]"
P37231,NR1C3,PPARγ,Nutritional sensors,5AZV,5AZV_1,1,True,5AZV.A,A,A,"[""X-RAY DIFFRACTION""]",2.7,0.30664,238,503,266,0.954887,0.954887,True,True,False,True,False,HUMAN_OR_HUMAN_DERIVED,False,True,True,True,False,True,EXCLUDED_PRIMARY,"[""RFREE_GT_0_30""]"
P37231,NR1C3,PPARγ,Nutritional sensors,5Y2T,5Y2T_1,1,True,5Y2T.A,A,A,"[""X-RAY DIFFRACTION""]",1.7,0.2237,238,503,266,0.966165,0.966165,True,True,False,True,False,HUMAN_OR_HUMAN_DERIVED,False,True,True,False,True,True,EXCLUDED_PRIMARY,"[""RESOLUTION_LT_1_8""]"
P37231,NR1C3,PPARγ,Nutritional sensors,6AVI,6AVI_1,1,True,6AVI.B,B,B,"[""X-RAY DIFFRACTION""]",2.29,0.3144,238,503,266,0.958647,0.958647,True,True,False,True,False,HUMAN_OR_HUMAN_DERIVED,False,True,True,True,False,True,EXCLUDED_PRIMARY,"[""RFREE_GT_0_30""]"
P37231,NR1C3,PPARγ,Nutritional sensors,6DCU,6DCU_1,1,True,6DCU.A,A,A,"[""X-RAY DIFFRACTION""]",2.95,0.3027,238,503,266,0.93985,0.93985,True,False,False,True,False,HUMAN_OR_HUMAN_DERIVED,False,True,True,True,False,True,EXCLUDED_PRIMARY,"[""RFREE_GT_0_30""]"
P37231,NR1C3,PPARγ,Nutritional sensors,6F2L,6F2L_1,1,True,6F2L.A,A,A,"[""X-RAY DIFFRACTION""]",2.1,0.3022,238,503,266,0.962406,0.962406,True,True,False,True,False,HUMAN_OR_HUMAN_DERIVED,False,True,True,True,False,True,EXCLUDED_PRIMARY,"[""RFREE_GT_0_30""]"
P37231,NR1C3,PPARγ,Nutritional sensors,6ILQ,6ILQ_1,1,True,6ILQ.A,A,A,"[""X-RAY DIFFRACTION""]",2.408,0.3035,238,503,266,0.913534,0.913534,True,False,False,True,False,HUMAN_OR_HUMAN_DERIVED,False,True,True,True,False,True,EXCLUDED_PRIMARY,"[""RFREE_GT_0_30""]"
P37231,NR1C3,PPARγ,Nutritional sensors,6IZN,6IZN_1,1,True,6IZN.A,A,A,"[""X-RAY DIFFRACTION""]",1.75,0.265,238,503,266,0.977444,0.977444,True,True,False,True,False,HUMAN_OR_HUMAN_DERIVED,False,True,True,False,True,True,EXCLUDED_PRIMARY,"[""RESOLUTION_LT_1_8""]"
P37231,NR1C3,PPARγ,Nutritional sensors,6JEY,6JEY_1,1,True,6JEY.A,A,A,"[""X-RAY DIFFRACTION""]",2.2,0.30971,238,503,266,0.954887,0.954887,True,True,False,True,False,HUMAN_OR_HUMAN_DERIVED,False,True,True,True,False,True,EXCLUDED_PRIMARY,"[""RFREE_GT_0_30""]"
P37231,NR1C3,PPARγ,Nutritional sensors,6MS7,6MS7_1,1,True,6MS7.A,A,A,"[""X-RAY DIFFRACTION""]",1.43,0.208,238,503,266,0.973684,0.973684,True,True,False,True,False,HUMAN_OR_HUMAN_DERIVED,False,True,True,False,True,True,EXCLUDED_PRIMARY,"[""RESOLUTION_LT_1_8""]"
P37231,NR1C3,PPARγ,Nutritional sensors,6T1S,6T1S_1,1,True,6T1S.A,A,A,"[""X-RAY DIFFRACTION""]",1.65,0.2044,238,503,266,0.992481,0.992481,True,True,True,True,False,HUMAN_OR_HUMAN_DERIVED,False,True,True,False,True,True,EXCLUDED_PRIMARY,"[""RESOLUTION_LT_1_8""]"
P37231,NR1C3,PPARγ,Nutritional sensors,6ZLY,6ZLY_1,1,True,6ZLY.A,A,A,"[""X-RAY DIFFRACTION""]",1.79,0.2804,238,503,266,0.93609,0.93609,True,False,False,True,False,HUMAN_OR_HUMAN_DERIVED,False,True,True,False,True,True,EXCLUDED_PRIMARY,"[""RESOLUTION_LT_1_8""]"
P37231,NR1C3,PPARγ,Nutritional sensors,7AWC,7AWC_1,1,True,7AWC.A,A,A,"[""X-RAY DIFFRACTION""]",1.74,0.2041,238,503,266,0.977444,0.977444,True,True,False,True,False,HUMAN_OR_HUMAN_DERIVED,False,True,True,False,True,True,EXCLUDED_PRIMARY,"[""RESOLUTION_LT_1_8""]"
P37231,NR1C3,PPARγ,Nutritional sensors,7E0A,7E0A_1,1,True,7E0A.A,A,A,"[""X-RAY DIFFRACTION""]",1.771,0.2205,238,503,266,0.969925,0.969925,True,True,False,True,False,HUMAN_OR_HUMAN_DERIVED,False,True,True,False,True,True,EXCLUDED_PRIMARY,"[""RESOLUTION_LT_1_8""]"
P37231,NR1C3,PPARγ,Nutritional sensors,7E2O,7E2O_1,1,True,7E2O.A,A,A,"[""X-RAY DIFFRACTION""]",3.2,0.3133,238,503,266,0.943609,0.943609,True,False,False,True,False,HUMAN_OR_HUMAN_DERIVED,False,True,True,True,False,True,EXCLUDED_PRIMARY,"[""RFREE_GT_0_30""]"
P37231,NR1C3,PPARγ,Nutritional sensors,8B8X,8B8X_1,1,True,8B8X.A,A,A,"[""X-RAY DIFFRACTION""]",1.78,0.2162,238,503,266,0.973684,0.973684,True,True,False,True,False,HUMAN_OR_HUMAN_DERIVED,False,True,True,False,True,True,EXCLUDED_PRIMARY,"[""RESOLUTION_LT_1_8""]"
P37231,NR1C3,PPARγ,Nutritional sensors,8B92,8B92_1,1,True,8B92.A,A,A,"[""X-RAY DIFFRACTION""]",1.66,0.2274,238,503,266,0.917293,0.917293,True,False,False,True,False,HUMAN_OR_HUMAN_DERIVED,False,True,True,False,True,True,EXCLUDED_PRIMARY,"[""RESOLUTION_LT_1_8""]"
P37231,NR1C3,PPARγ,Nutritional sensors,8B93,8B93_1,1,True,8B93.A,A,A,"[""X-RAY DIFFRACTION""]",2.21,0.3857,238,503,266,0.902256,0.902256,True,False,False,True,False,HUMAN_OR_HUMAN_DERIVED,False,True,True,True,False,True,EXCLUDED_PRIMARY,"[""RFREE_GT_0_30""]"
P37231,NR1C3,PPARγ,Nutritional sensors,8B94,8B94_1,1,True,8B94.A,A,A,"[""X-RAY DIFFRACTION""]",1.55,0.2398,238,503,266,0.943609,0.943609,True,False,False,True,False,HUMAN_OR_HUMAN_DERIVED,False,True,True,False,True,True,EXCLUDED_PRIMARY,"[""RESOLUTION_LT_1_8""]"
P37231,NR1C3,PPARγ,Nutritional sensors,8B95,8B95_1,1,True,8B95.A,A,A,"[""X-RAY DIFFRACTION""]",1.72,0.238,238,503,266,0.943609,0.943609,True,False,False,True,False,HUMAN_OR_HUMAN_DERIVED,False,True,True,False,True,True,EXCLUDED_PRIMARY,"[""RESOLUTION_LT_1_8""]"
P37231,NR1C3,PPARγ,Nutritional sensors,8BF1,8BF1_1,1,True,8BF1.A,A,A,"[""X-RAY DIFFRACTION""]",1.36,0.1811,238,503,266,0.969925,0.969925,True,True,False,True,False,HUMAN_OR_HUMAN_DERIVED,False,True,True,False,True,True,EXCLUDED_PRIMARY,"[""RESOLUTION_LT_1_8""]"
P37231,NR1C3,PPARγ,Nutritional sensors,8DKV,8DKV_1,1,True,8DKV.A,A,A,"[""X-RAY DIFFRACTION""]",1.59,0.266,238,503,266,0.973684,0.973684,True,True,False,True,False,HUMAN_OR_HUMAN_DERIVED,False,True,True,False,True,True,EXCLUDED_PRIMARY,"[""RESOLUTION_LT_1_8""]"
P37231,NR1C3,PPARγ,Nutritional sensors,8FKC,8FKC_1,1,True,8FKC.A,A,A,"[""X-RAY DIFFRACTION""]",1.42,0.1975,238,503,266,0.93985,0.93985,True,False,False,True,False,HUMAN_OR_HUMAN_DERIVED,False,True,True,False,True,True,EXCLUDED_PRIMARY,"[""RESOLUTION_LT_1_8""]"
P37231,NR1C3,PPARγ,Nutritional sensors,8REJ,8REJ_1,1,True,8REJ.A,A,A,"[""X-RAY DIFFRACTION""]",3.16,0.2664,238,503,266,0.890977,0.890977,False,False,False,True,False,HUMAN_OR_HUMAN_DERIVED,False,True,False,True,True,True,EXCLUDED_PRIMARY,"[""LBD_COVERAGE_LT_0_90""]"
P37231,NR1C3,PPARγ,Nutritional sensors,8ZFN,8ZFN_1,1,True,8ZFN.A,A,A,"[""X-RAY DIFFRACTION""]",2.54,0.3214,238,503,266,0.969925,0.969925,True,True,False,True,False,HUMAN_OR_HUMAN_DERIVED,False,True,True,True,False,True,EXCLUDED_PRIMARY,"[""RFREE_GT_0_30""]"
P37231,NR1C3,PPARγ,Nutritional sensors,8ZFP,8ZFP_1,1,True,8ZFP.A,A,A,"[""X-RAY DIFFRACTION""]",2.48,0.303,238,503,266,0.954887,0.954887,True,True,False,True,False,HUMAN_OR_HUMAN_DERIVED,False,True,True,True,False,True,EXCLUDED_PRIMARY,"[""RFREE_GT_0_30""]"
P37231,NR1C3,PPARγ,Nutritional sensors,8ZFQ,8ZFQ_1,1,True,8ZFQ.A,A,A,"[""X-RAY DIFFRACTION""]",2.49,0.304,238,503,266,0.962406,0.962406,True,True,False,True,False,HUMAN_OR_HUMAN_DERIVED,False,True,True,True,False,True,EXCLUDED_PRIMARY,"[""RFREE_GT_0_30""]"
P37231,NR1C3,PPARγ,Nutritional sensors,8ZFR,8ZFR_1,1,True,8ZFR.A,A,A,"[""X-RAY DIFFRACTION""]",2.73,0.3019,238,503,266,0.962406,0.962406,True,True,False,True,False,HUMAN_OR_HUMAN_DERIVED,False,True,True,True,False,True,EXCLUDED_PRIMARY,"[""RFREE_GT_0_30""]"
P37231,NR1C3,PPARγ,Nutritional sensors,9F7W,9F7W_1,1,True,9F7W.A,A,A,"[""X-RAY DIFFRACTION""]",1.25,0.1889,238,503,266,1.0,1.0,True,True,True,True,True,HUMAN_OR_HUMAN_DERIVED,False,True,True,False,True,True,EXCLUDED_PRIMARY,"[""RESOLUTION_LT_1_8""]"
P37231,NR1C3,PPARγ,Nutritional sensors,9F7X,9F7X_1,1,True,9F7X.A,A,A,"[""X-RAY DIFFRACTION""]",1.63,0.2899,238,503,266,0.981203,0.981203,True,True,False,True,False,HUMAN_OR_HUMAN_DERIVED,False,True,True,False,True,True,EXCLUDED_PRIMARY,"[""RESOLUTION_LT_1_8""]"
P37231,NR1C3,PPARγ,Nutritional sensors,9OLC,9OLC_1,1,True,9OLC.B,B,B,"[""X-RAY DIFFRACTION""]",2.83,0.2983,238,503,266,0.894737,0.894737,False,False,False,True,False,HUMAN_OR_HUMAN_DERIVED,False,True,False,True,True,True,EXCLUDED_PRIMARY,"[""LBD_COVERAGE_LT_0_90""]"
P37231,NR1C3,PPARγ,Nutritional sensors,9R6I,9R6I_1,1,True,9R6I.A,A,A,"[""X-RAY DIFFRACTION""]",1.7,0.2288,238,503,266,1.0,1.0,True,True,True,True,True,HUMAN_OR_HUMAN_DERIVED,False,True,True,False,True,True,EXCLUDED_PRIMARY,"[""RESOLUTION_LT_1_8""]"
P37231,NR1C3,PPARγ,Nutritional sensors,9V8D,9V8D_1,1,True,9V8D.A,A,A,"[""X-RAY DIFFRACTION""]",1.44,0.2013,238,503,266,0.958647,0.958647,True,True,False,True,False,HUMAN_OR_HUMAN_DERIVED,False,True,True,False,True,True,EXCLUDED_PRIMARY,"[""RESOLUTION_LT_1_8""]"
P37231,NR1C3,PPARγ,Nutritional sensors,9V8E,9V8E_1,1,True,9V8E.A,A,A,"[""X-RAY DIFFRACTION""]",1.7,0.21487,238,503,266,0.928571,0.928571,True,False,False,True,False,HUMAN_OR_HUMAN_DERIVED,False,True,True,False,True,True,EXCLUDED_PRIMARY,"[""RESOLUTION_LT_1_8""]"
P37231,NR1C3,PPARγ,Nutritional sensors,9V8F,9V8F_1,1,True,9V8F.A,A,A,"[""X-RAY DIFFRACTION""]",1.75,0.23042,238,503,266,0.947368,0.947368,True,False,False,True,False,HUMAN_OR_HUMAN_DERIVED,False,True,True,False,True,True,EXCLUDED_PRIMARY,"[""RESOLUTION_LT_1_8""]"
P37231,NR1C3,PPARγ,Nutritional sensors,9V8G,9V8G_1,1,True,9V8G.A,A,A,"[""X-RAY DIFFRACTION""]",1.39,0.1823,238,503,266,0.954887,0.954887,True,True,False,True,False,HUMAN_OR_HUMAN_DERIVED,False,True,True,False,True,True,EXCLUDED_PRIMARY,"[""RESOLUTION_LT_1_8""]"
P37231,NR1C3,PPARγ,Nutritional sensors,9V8H,9V8H_1,1,True,9V8H.A,A,A,"[""X-RAY DIFFRACTION""]",1.39,0.19,238,503,266,0.924812,0.924812,True,False,False,True,False,HUMAN_OR_HUMAN_DERIVED,False,True,True,False,True,True,EXCLUDED_PRIMARY,"[""RESOLUTION_LT_1_8""]"
O75469,NR1I2,PXR,Nutritional sensors,1SKX,1SKX_1,1,True,1SKX.A,A,A,"[""X-RAY DIFFRACTION""]",2.8,0.266,146,433,288,0.829861,0.829861,False,False,False,True,False,HUMAN_OR_HUMAN_DERIVED,False,True,False,True,True,True,EXCLUDED_PRIMARY,"[""LBD_COVERAGE_LT_0_90""]"
O75469,NR1I2,PXR,Nutritional sensors,2QNV,2QNV_1,1,True,2QNV.A,A,A,"[""X-RAY DIFFRACTION""]",2.8,0.284,146,433,288,0.847222,0.847222,False,False,False,True,False,HUMAN_OR_HUMAN_DERIVED,False,True,False,True,True,True,EXCLUDED_PRIMARY,"[""LBD_COVERAGE_LT_0_90""]"
O75469,NR1I2,PXR,Nutritional sensors,4NY9,4NY9_1,1,True,4NY9.A,A,A,"[""X-RAY DIFFRACTION""]",2.8,0.2982,146,433,288,0.888889,0.888889,False,False,False,True,False,HUMAN_OR_HUMAN_DERIVED,False,True,False,True,True,True,EXCLUDED_PRIMARY,"[""LBD_COVERAGE_LT_0_90""]"
O75469,NR1I2,PXR,Nutritional sensors,5X0R,5X0R_1,1,True,5X0R.B,B,B,"[""X-RAY DIFFRACTION""]",2.665,0.25208,146,433,288,0.868056,0.868056,False,False,False,True,False,HUMAN_OR_HUMAN_DERIVED,False,True,False,True,True,True,EXCLUDED_PRIMARY,"[""LBD_COVERAGE_LT_0_90""]"
O75469,NR1I2,PXR,Nutritional sensors,6DUP,6DUP_1,1,True,6DUP.A,A,A,"[""X-RAY DIFFRACTION""]",2.3,0.266,146,433,288,0.892361,0.892361,False,False,False,True,False,HUMAN_OR_HUMAN_DERIVED,False,True,False,True,True,True,EXCLUDED_PRIMARY,"[""LBD_COVERAGE_LT_0_90""]"
O75469,NR1I2,PXR,Nutritional sensors,6XP9,6XP9_1,1,True,6XP9.A,A,A,"[""X-RAY DIFFRACTION""]",2.27,0.2199,146,433,288,0.857639,0.857639,False,False,False,True,False,HUMAN_OR_HUMAN_DERIVED,True,True,False,True,True,True,EXCLUDED_PRIMARY,"[""LBD_COVERAGE_LT_0_90""]"
O75469,NR1I2,PXR,Nutritional sensors,7AXC,7AXC_1,1,True,7AXC.A,A,A,"[""X-RAY DIFFRACTION""]",2.05,0.2512,146,433,288,0.899306,0.899306,False,False,False,True,False,HUMAN_OR_HUMAN_DERIVED,False,True,False,True,True,True,EXCLUDED_PRIMARY,"[""LBD_COVERAGE_LT_0_90""]"
O75469,NR1I2,PXR,Nutritional sensors,7AXF,7AXF_1,1,True,7AXF.A,A,A,"[""X-RAY DIFFRACTION""]",2.45,0.2461,146,433,288,0.892361,0.892361,False,False,False,True,False,HUMAN_OR_HUMAN_DERIVED,False,True,False,True,True,True,EXCLUDED_PRIMARY,"[""LBD_COVERAGE_LT_0_90""]"
O75469,NR1I2,PXR,Nutritional sensors,7YFK,7YFK_1,1,True,7YFK.A,A,A,"[""X-RAY DIFFRACTION""]",2.1,,146,433,288,0.930556,0.930556,True,False,False,True,False,HUMAN_OR_HUMAN_DERIVED,True,True,True,True,False,True,EXCLUDED_PRIMARY,"[""RFREE_MISSING""]"
O75469,NR1I2,PXR,Nutritional sensors,8SVP,8SVP_1,1,True,8SVP.A,A,A,"[""X-RAY DIFFRACTION""]",3.32,0.252,146,433,288,0.881944,0.881944,False,False,False,True,False,HUMAN_OR_HUMAN_DERIVED,True,True,False,True,True,True,EXCLUDED_PRIMARY,"[""LBD_COVERAGE_LT_0_90""]"
O75469,NR1I2,PXR,Nutritional sensors,8SVS,8SVS_1,1,True,8SVS.B,B,B,"[""X-RAY DIFFRACTION""]",2.68,0.2503,146,433,288,0.899306,0.899306,False,False,False,True,False,HUMAN_OR_HUMAN_DERIVED,True,True,False,True,True,True,EXCLUDED_PRIMARY,"[""LBD_COVERAGE_LT_0_90""]"
O75469,NR1I2,PXR,Nutritional sensors,9FZG,9FZG_1,1,True,9FZG.A,A,A,"[""X-RAY DIFFRACTION""]",2.0,0.2369,146,433,288,0.881944,0.881944,False,False,False,True,False,HUMAN_OR_HUMAN_DERIVED,False,True,False,True,True,True,EXCLUDED_PRIMARY,"[""LBD_COVERAGE_LT_0_90""]"
O75469,NR1I2,PXR,Nutritional sensors,9FZH,9FZH_1,1,True,9FZH.A,A,A,"[""X-RAY DIFFRACTION""]",2.5,0.2565,146,433,288,0.892361,0.892361,False,False,False,True,False,HUMAN_OR_HUMAN_DERIVED,False,True,False,True,True,True,EXCLUDED_PRIMARY,"[""LBD_COVERAGE_LT_0_90""]"
O75469,NR1I2,PXR,Nutritional sensors,9FZJ,9FZJ_1,1,True,9FZJ.A,A,A,"[""X-RAY DIFFRACTION""]",1.6,0.2086,146,433,288,0.951389,0.951389,True,True,False,True,False,HUMAN_OR_HUMAN_DERIVED,False,True,True,False,True,True,EXCLUDED_PRIMARY,"[""RESOLUTION_LT_1_8""]"
P20393,NR1D1,Rev-erbα,Nutritional sensors,1A6Y,1A6Y_3,3,False,,,,"[""X-RAY DIFFRACTION""]",2.3,0.288,284,614,331,,,False,False,False,False,False,HUMAN_OR_HUMAN_DERIVED,False,True,False,True,True,True,NO_COORDINATE_CANDIDATE,"[""NO_LBD_OVERLAP""]"
P20393,NR1D1,Rev-erbα,Nutritional sensors,1GA5,1GA5_3,3,False,,,,"[""X-RAY DIFFRACTION""]",2.4,0.299,284,614,331,,,False,False,False,False,False,HUMAN_OR_HUMAN_DERIVED,False,True,False,True,True,True,NO_COORDINATE_CANDIDATE,"[""NO_LBD_OVERLAP""]"
P20393,NR1D1,Rev-erbα,Nutritional sensors,1HLZ,1HLZ_3,3,False,,,,"[""X-RAY DIFFRACTION""]",2.8,0.3103,284,614,331,,,False,False,False,False,False,HUMAN_OR_HUMAN_DERIVED,False,True,False,True,False,True,NO_COORDINATE_CANDIDATE,"[""NO_LBD_OVERLAP""]"
P20393,NR1D1,Rev-erbα,Nutritional sensors,3N00,3N00_1,1,True,3N00.A,A,A,"[""X-RAY DIFFRACTION""]",2.6,0.26633,284,614,331,0.55287,0.55287,False,False,False,False,False,HUMAN_OR_HUMAN_DERIVED,False,True,False,True,True,True,EXCLUDED_PRIMARY,"[""LBD_COVERAGE_LT_0_90""]"
P20393,NR1D1,Rev-erbα,Nutritional sensors,8D8I,8D8I_1,1,True,8D8I.A,A,A,"[""X-RAY DIFFRACTION""]",2.504,0.2395,284,614,331,0.60423,0.60423,False,False,False,False,False,HUMAN_OR_HUMAN_DERIVED,False,True,False,True,True,True,EXCLUDED_PRIMARY,"[""LBD_COVERAGE_LT_0_90""]"
Q14995,NR1D2,Rev-erbβ,Nutritional sensors,2V0V,2V0V_1,1,True,2V0V.A,A,A,"[""X-RAY DIFFRACTION""]",2.4,0.2195,369,579,211,0.85782,0.85782,False,False,False,True,False,HUMAN_OR_HUMAN_DERIVED,False,True,False,True,True,True,EXCLUDED_PRIMARY,"[""LBD_COVERAGE_LT_0_90""]"
Q14995,NR1D2,Rev-erbβ,Nutritional sensors,2V7C,2V7C_1,1,True,2V7C.B,B,B,"[""X-RAY DIFFRACTION""]",2.4,0.28,369,579,211,0.829384,0.829384,False,False,False,True,False,HUMAN_OR_HUMAN_DERIVED,False,True,False,True,True,True,EXCLUDED_PRIMARY,"[""LBD_COVERAGE_LT_0_90""]"
P35398,NR1F1,RORα,Nutritional sensors,1N83,1N83_1,1,True,1N83.A,A,A,"[""X-RAY DIFFRACTION""]",1.63,0.22277,272,510,239,1.0,1.0,True,True,True,True,True,HUMAN_OR_HUMAN_DERIVED,False,True,True,False,True,True,EXCLUDED_PRIMARY,"[""RESOLUTION_LT_1_8""]"
P51449,NR1F3,RORγ,Nutritional sensors,29OB,29OB_1,1,True,29OB.A,A,A,"[""X-RAY DIFFRACTION""]",3.6,0.2828,269,508,240,0.929167,0.929167,True,False,False,True,False,HUMAN_OR_HUMAN_DERIVED,False,True,True,False,True,True,EXCLUDED_PRIMARY,"[""RESOLUTION_GT_3_5""]"
P51449,NR1F3,RORγ,Nutritional sensors,3B0W,3B0W_1,1,True,3B0W.B,B,B,"[""X-RAY DIFFRACTION""]",2.2,0.24922,269,508,240,0.8875,0.8875,False,False,False,True,False,HUMAN_OR_HUMAN_DERIVED,False,True,False,True,True,True,EXCLUDED_PRIMARY,"[""LBD_COVERAGE_LT_0_90""]"
P51449,NR1F3,RORγ,Nutritional sensors,3L0L,3L0L_1,1,True,3L0L.A,A,A,"[""X-RAY DIFFRACTION""]",1.74,0.25164,269,508,240,0.995833,0.995833,True,True,True,True,False,HUMAN_OR_HUMAN_DERIVED,False,True,True,False,True,True,EXCLUDED_PRIMARY,"[""RESOLUTION_LT_1_8""]"
P51449,NR1F3,RORγ,Nutritional sensors,4S14,4S14_1,1,True,4S14.A,A,A,"[""X-RAY DIFFRACTION""]",3.542,0.2193,269,508,240,0.995833,0.995833,True,True,True,True,False,HUMAN_OR_HUMAN_DERIVED,False,True,True,False,True,True,EXCLUDED_PRIMARY,"[""RESOLUTION_GT_3_5""]"
P51449,NR1F3,RORγ,Nutritional sensors,4WLB,4WLB_1,1,True,4WLB.A,A,A,"[""X-RAY DIFFRACTION""]",1.702,0.2263,269,508,240,0.995833,0.995833,True,True,True,True,False,HUMAN_OR_HUMAN_DERIVED,False,True,True,False,True,True,EXCLUDED_PRIMARY,"[""RESOLUTION_LT_1_8""]"
P51449,NR1F3,RORγ,Nutritional sensors,4WQP,4WQP_2,2,True,4WQP.C,C,P,"[""X-RAY DIFFRACTION""]",1.99,0.18005,269,508,240,0.054167,0.054167,False,False,False,False,False,HUMAN_OR_HUMAN_DERIVED,False,True,False,True,True,True,EXCLUDED_PRIMARY,"[""LBD_COVERAGE_LT_0_90""]"
P51449,NR1F3,RORγ,Nutritional sensors,5APH,5APH_1,1,True,5APH.A,A,A,"[""X-RAY DIFFRACTION""]",1.54,0.2422,269,508,240,0.995833,0.995833,True,True,True,True,False,HUMAN_OR_HUMAN_DERIVED,False,True,True,False,True,True,EXCLUDED_PRIMARY,"[""RESOLUTION_LT_1_8""]"
P51449,NR1F3,RORγ,Nutritional sensors,5APK,5APK_2,2,True,5APK.C,C,D,"[""X-RAY DIFFRACTION""]",2.1,0.2241,269,508,240,0.054167,0.054167,False,False,False,False,False,HUMAN_OR_HUMAN_DERIVED,False,True,False,True,True,True,EXCLUDED_PRIMARY,"[""LBD_COVERAGE_LT_0_90""]"
P51449,NR1F3,RORγ,Nutritional sensors,5AYG,5AYG_1,1,True,5AYG.B,B,B,"[""X-RAY DIFFRACTION""]",2.6,0.22673,269,508,240,0.891667,0.891667,False,False,False,True,False,HUMAN_OR_HUMAN_DERIVED,False,True,False,True,True,True,EXCLUDED_PRIMARY,"[""LBD_COVERAGE_LT_0_90""]"
P51449,NR1F3,RORγ,Nutritional sensors,5C4T,5C4T_1,1,True,5C4T.A,A,A,"[""X-RAY DIFFRACTION""]",1.77,0.2241,269,508,240,0.995833,0.995833,True,True,True,True,False,HUMAN_OR_HUMAN_DERIVED,False,True,True,False,True,True,EXCLUDED_PRIMARY,"[""RESOLUTION_LT_1_8""]"
P51449,NR1F3,RORγ,Nutritional sensors,5G42,5G42_1,1,True,5G42.A,A,A,"[""X-RAY DIFFRACTION""]",1.72,0.2124,269,508,240,0.995833,0.995833,True,True,True,True,False,HUMAN_OR_HUMAN_DERIVED,False,True,True,False,True,True,EXCLUDED_PRIMARY,"[""RESOLUTION_LT_1_8""]"
P51449,NR1F3,RORγ,Nutritional sensors,5G46,5G46_1,1,True,5G46.A,A,A,"[""X-RAY DIFFRACTION""]",1.76,0.2169,269,508,240,0.995833,0.995833,True,True,True,True,False,HUMAN_OR_HUMAN_DERIVED,False,True,True,False,True,True,EXCLUDED_PRIMARY,"[""RESOLUTION_LT_1_8""]"
P51449,NR1F3,RORγ,Nutritional sensors,5M96,5M96_1,1,True,5M96.A,A,A,"[""X-RAY DIFFRACTION""]",1.77,0.2078,269,508,240,0.920833,0.920833,True,False,False,True,False,HUMAN_OR_HUMAN_DERIVED,False,True,True,False,True,True,EXCLUDED_PRIMARY,"[""RESOLUTION_LT_1_8""]"
P51449,NR1F3,RORγ,Nutritional sensors,5NTP,5NTP_1,1,True,5NTP.A,A,A,"[""X-RAY DIFFRACTION""]",1.7,0.2274,269,508,240,0.933333,0.933333,True,False,False,True,False,HUMAN_OR_HUMAN_DERIVED,False,True,True,False,True,True,EXCLUDED_PRIMARY,"[""RESOLUTION_LT_1_8""]"
P51449,NR1F3,RORγ,Nutritional sensors,5NTW,5NTW_1,1,True,5NTW.A,A,A,"[""X-RAY DIFFRACTION""]",1.64,0.2223,269,508,240,1.0,1.0,True,True,True,True,True,HUMAN_OR_HUMAN_DERIVED,False,True,True,False,True,True,EXCLUDED_PRIMARY,"[""RESOLUTION_LT_1_8""]"
P51449,NR1F3,RORγ,Nutritional sensors,5UHI,5UHI_1,1,True,5UHI.A,A,A,"[""X-RAY DIFFRACTION""]",3.198,0.3181,269,508,240,0.9125,0.9125,True,False,False,True,False,HUMAN_OR_HUMAN_DERIVED,False,True,True,True,False,True,EXCLUDED_PRIMARY,"[""RFREE_GT_0_30""]"
P51449,NR1F3,RORγ,Nutritional sensors,5W4R,5W4R_1,1,True,5W4R.B,B,B,"[""X-RAY DIFFRACTION""]",3.002,0.245,269,508,240,0.8875,0.8875,False,False,False,True,False,HUMAN_OR_HUMAN_DERIVED,False,True,False,True,True,True,EXCLUDED_PRIMARY,"[""LBD_COVERAGE_LT_0_90""]"
P51449,NR1F3,RORγ,Nutritional sensors,5W4V,5W4V_1,1,True,5W4V.A,A,A,"[""X-RAY DIFFRACTION""]",2.65,0.3835,269,508,240,0.8625,0.8625,False,False,False,True,False,HUMAN_OR_HUMAN_DERIVED,False,True,False,True,False,True,EXCLUDED_PRIMARY,"[""LBD_COVERAGE_LT_0_90"", ""RFREE_GT_0_30""]"
P51449,NR1F3,RORγ,Nutritional sensors,6B30,6B30_1,1,True,6B30.A,A,A,"[""X-RAY DIFFRACTION""]",2.69,0.2344,269,508,240,0.879167,0.879167,False,False,False,True,False,HUMAN_OR_HUMAN_DERIVED,False,True,False,True,True,True,EXCLUDED_PRIMARY,"[""LBD_COVERAGE_LT_0_90""]"
P51449,NR1F3,RORγ,Nutritional sensors,6B33,6B33_1,1,True,6B33.A,A,A,"[""X-RAY DIFFRACTION""]",2.48,0.2391,269,508,240,0.891667,0.891667,False,False,False,True,False,HUMAN_OR_HUMAN_DERIVED,False,True,False,True,True,True,EXCLUDED_PRIMARY,"[""LBD_COVERAGE_LT_0_90""]"
P51449,NR1F3,RORγ,Nutritional sensors,6BR2,6BR2_1,1,True,6BR2.A,A,A,"[""X-RAY DIFFRACTION""]",3.18,0.2271,269,508,240,0.879167,0.879167,False,False,False,True,False,HUMAN_OR_HUMAN_DERIVED,False,True,False,True,True,True,EXCLUDED_PRIMARY,"[""LBD_COVERAGE_LT_0_90""]"
P51449,NR1F3,RORγ,Nutritional sensors,6BR3,6BR3_1,1,True,6BR3.A,A,A,"[""X-RAY DIFFRACTION""]",3.0,0.2387,269,508,240,0.883333,0.883333,False,False,False,True,False,HUMAN_OR_HUMAN_DERIVED,False,True,False,True,True,True,EXCLUDED_PRIMARY,"[""LBD_COVERAGE_LT_0_90""]"
P51449,NR1F3,RORγ,Nutritional sensors,6CVH,6CVH_1,1,True,6CVH.A,A,A,"[""X-RAY DIFFRACTION""]",3.5,0.3096,269,508,240,0.920833,0.920833,True,False,False,True,False,HUMAN_OR_HUMAN_DERIVED,False,True,True,True,False,True,EXCLUDED_PRIMARY,"[""RFREE_GT_0_30""]"
P51449,NR1F3,RORγ,Nutritional sensors,6E3E,6E3E_1,1,True,6E3E.A,A,A,"[""X-RAY DIFFRACTION""]",2.47,0.2135,269,508,240,0.8875,0.8875,False,False,False,True,False,HUMAN_OR_HUMAN_DERIVED,False,True,False,True,True,True,EXCLUDED_PRIMARY,"[""LBD_COVERAGE_LT_0_90""]"
P51449,NR1F3,RORγ,Nutritional sensors,6G07,6G07_1,1,True,6G07.A,A,A,"[""X-RAY DIFFRACTION""]",1.66,0.2329,269,508,240,1.0,1.0,True,True,True,True,True,HUMAN_OR_HUMAN_DERIVED,False,True,True,False,True,True,EXCLUDED_PRIMARY,"[""RESOLUTION_LT_1_8""]"
P51449,NR1F3,RORγ,Nutritional sensors,6R7K,6R7K_1,1,True,6R7K.A,A,A,"[""X-RAY DIFFRACTION""]",1.54,0.2135,269,508,240,0.995833,0.995833,True,True,True,True,False,HUMAN_OR_HUMAN_DERIVED,False,True,True,False,True,True,EXCLUDED_PRIMARY,"[""RESOLUTION_LT_1_8""]"
P51449,NR1F3,RORγ,Nutritional sensors,6SAL,6SAL_1,1,True,6SAL.A,A,A,"[""X-RAY DIFFRACTION""]",1.61,0.2027,269,508,240,0.995833,0.995833,True,True,True,True,False,HUMAN_OR_HUMAN_DERIVED,False,True,True,False,True,True,EXCLUDED_PRIMARY,"[""RESOLUTION_LT_1_8""]"
P51449,NR1F3,RORγ,Nutritional sensors,6T4J,6T4J_1,1,True,6T4J.A,A,A,"[""X-RAY DIFFRACTION""]",1.79,0.1967,269,508,240,0.995833,0.995833,True,True,True,True,False,HUMAN_OR_HUMAN_DERIVED,False,True,True,False,True,True,EXCLUDED_PRIMARY,"[""RESOLUTION_LT_1_8""]"
P51449,NR1F3,RORγ,Nutritional sensors,6T4T,6T4T_1,1,True,6T4T.A,A,A,"[""X-RAY DIFFRACTION""]",1.62,0.1738,269,508,240,0.995833,0.995833,True,True,True,True,False,HUMAN_OR_HUMAN_DERIVED,False,True,True,False,True,True,EXCLUDED_PRIMARY,"[""RESOLUTION_LT_1_8""]"
P51449,NR1F3,RORγ,Nutritional sensors,6T4W,6T4W_1,1,True,6T4W.A,A,A,"[""X-RAY DIFFRACTION""]",1.71,0.20003,269,508,240,0.995833,0.995833,True,True,True,True,False,HUMAN_OR_HUMAN_DERIVED,False,True,True,False,True,True,EXCLUDED_PRIMARY,"[""RESOLUTION_LT_1_8""]"
P51449,NR1F3,RORγ,Nutritional sensors,6T4X,6T4X_1,1,True,6T4X.A,A,A,"[""X-RAY DIFFRACTION""]",1.48,0.1852,269,508,240,0.995833,0.995833,True,True,True,True,False,HUMAN_OR_HUMAN_DERIVED,False,True,True,False,True,True,EXCLUDED_PRIMARY,"[""RESOLUTION_LT_1_8""]"
P51449,NR1F3,RORγ,Nutritional sensors,6TLQ,6TLQ_1,1,True,6TLQ.A,A,A,"[""X-RAY DIFFRACTION""]",1.761,0.2116,269,508,240,0.995833,0.995833,True,True,True,True,False,HUMAN_OR_HUMAN_DERIVED,False,True,True,False,True,True,EXCLUDED_PRIMARY,"[""RESOLUTION_LT_1_8""]"
P51449,NR1F3,RORγ,Nutritional sensors,6W9I,6W9I_1,1,True,6W9I.A,A,A,"[""X-RAY DIFFRACTION""]",1.608,0.2355,269,508,240,0.995833,0.995833,True,True,True,True,False,HUMAN_OR_HUMAN_DERIVED,True,True,True,False,True,True,EXCLUDED_PRIMARY,"[""RESOLUTION_LT_1_8""]"
P51449,NR1F3,RORγ,Nutritional sensors,7KXD,7KXD_1,1,True,7KXD.A,A,A,"[""X-RAY DIFFRACTION""]",1.624,0.239,269,508,240,0.995833,0.995833,True,True,True,True,False,HUMAN_OR_HUMAN_DERIVED,True,True,True,False,True,True,EXCLUDED_PRIMARY,"[""RESOLUTION_LT_1_8""]"
P51449,NR1F3,RORγ,Nutritional sensors,7NP5,7NP5_1,1,True,7NP5.A,A,A,"[""X-RAY DIFFRACTION""]",1.55,0.2698,269,508,240,0.995833,0.995833,True,True,True,True,False,HUMAN_OR_HUMAN_DERIVED,False,True,True,False,True,True,EXCLUDED_PRIMARY,"[""RESOLUTION_LT_1_8""]"
P51449,NR1F3,RORγ,Nutritional sensors,7NPC,7NPC_1,1,True,7NPC.A,A,A,"[""X-RAY DIFFRACTION""]",1.47,0.1967,269,508,240,0.995833,0.995833,True,True,True,True,False,HUMAN_OR_HUMAN_DERIVED,False,True,True,False,True,True,EXCLUDED_PRIMARY,"[""RESOLUTION_LT_1_8""]"
P51449,NR1F3,RORγ,Nutritional sensors,7OFK,7OFK_1,1,True,7OFK.A,A,A,"[""X-RAY DIFFRACTION""]",1.61,0.2295,269,508,240,0.995833,0.995833,True,True,True,True,False,HUMAN_OR_HUMAN_DERIVED,False,True,True,False,True,True,EXCLUDED_PRIMARY,"[""RESOLUTION_LT_1_8""]"
P51449,NR1F3,RORγ,Nutritional sensors,7QP4,7QP4_2,2,True,7QP4.C,C,P,"[""X-RAY DIFFRACTION""]",2.3,0.2373,269,508,240,0.0625,0.0625,False,False,False,False,False,HUMAN_OR_HUMAN_DERIVED,False,True,False,True,True,True,EXCLUDED_PRIMARY,"[""LBD_COVERAGE_LT_0_90""]"
P51449,NR1F3,RORγ,Nutritional sensors,7W3P,7W3P_1,1,True,7W3P.A,A,A,"[""X-RAY DIFFRACTION""]",1.77,0.2342,269,508,240,0.995833,0.995833,True,True,True,True,False,HUMAN_OR_HUMAN_DERIVED,False,True,True,False,True,True,EXCLUDED_PRIMARY,"[""RESOLUTION_LT_1_8""]"
P51449,NR1F3,RORγ,Nutritional sensors,7XQE,7XQE_1,1,True,7XQE.B,B,B,"[""X-RAY DIFFRACTION""]",2.57,0.2769,269,508,240,0.858333,0.858333,False,False,False,True,False,HUMAN_OR_HUMAN_DERIVED,False,True,False,True,True,True,EXCLUDED_PRIMARY,"[""LBD_COVERAGE_LT_0_90""]"
P51449,NR1F3,RORγ,Nutritional sensors,9N9L,9N9L_1,1,True,9N9L.A,A,A,"[""X-RAY DIFFRACTION""]",1.637,0.2248,269,508,240,0.933333,0.933333,True,False,False,True,False,HUMAN_OR_HUMAN_DERIVED,False,True,True,False,True,True,EXCLUDED_PRIMARY,"[""RESOLUTION_LT_1_8""]"
P19793,NR2B1,RXRα,Nutritional sensors,1BY4,1BY4_3,3,False,,,,"[""X-RAY DIFFRACTION""]",2.1,0.284,227,458,232,,,False,False,False,False,False,HUMAN_OR_HUMAN_DERIVED,False,True,False,True,True,True,NO_COORDINATE_CANDIDATE,"[""NO_LBD_OVERLAP""]"
P19793,NR2B1,RXRα,Nutritional sensors,1DSZ,1DSZ_4,4,False,,,,"[""X-RAY DIFFRACTION""]",1.7,0.267,227,458,232,,,False,False,False,False,False,HUMAN_OR_HUMAN_DERIVED,False,True,False,False,True,True,NO_COORDINATE_CANDIDATE,"[""NO_LBD_OVERLAP""]"
P19793,NR2B1,RXRα,Nutritional sensors,1R0N,1R0N_3,3,False,,,,"[""X-RAY DIFFRACTION""]",2.6,0.292,227,458,232,,,False,False,False,False,False,HUMAN_OR_HUMAN_DERIVED,False,True,False,True,True,True,NO_COORDINATE_CANDIDATE,"[""NO_LBD_OVERLAP""]"
P19793,NR2B1,RXRα,Nutritional sensors,1RXR,1RXR_1,1,False,,,,"[""SOLUTION NMR""]",,,227,458,232,,,False,False,False,False,False,HUMAN_OR_HUMAN_DERIVED,False,False,False,False,False,True,NO_COORDINATE_CANDIDATE,"[""NON_XRAY"", ""NO_LBD_OVERLAP""]"
P19793,NR2B1,RXRα,Nutritional sensors,1XLS,1XLS_1,1,True,1XLS.A,A,A,"[""X-RAY DIFFRACTION""]",2.96,0.303,227,458,232,1.0,1.0,True,True,True,True,True,HUMAN_OR_HUMAN_DERIVED,False,True,True,True,False,True,EXCLUDED_PRIMARY,"[""RFREE_GT_0_30""]"
P19793,NR2B1,RXRα,Nutritional sensors,1YNW,1YNW_4,4,True,1YNW.D,D,B,"[""X-RAY DIFFRACTION""]",3.0,0.283,227,458,232,0.0,0.0,False,False,False,False,False,HUMAN_OR_HUMAN_DERIVED,False,True,False,True,True,True,EXCLUDED_PRIMARY,"[""LBD_COVERAGE_LT_0_90""]"
P19793,NR2B1,RXRα,Nutritional sensors,2NLL,2NLL_3,3,False,,,,"[""X-RAY DIFFRACTION""]",1.9,0.269,227,458,232,,,False,False,False,False,False,HUMAN_OR_HUMAN_DERIVED,False,True,False,True,True,True,NO_COORDINATE_CANDIDATE,"[""NO_LBD_OVERLAP""]"
P19793,NR2B1,RXRα,Nutritional sensors,3DZU,3DZU_1,1,True,3DZU.A,A,A,"[""X-RAY DIFFRACTION""]",3.2,0.272,227,458,232,0.896552,0.896552,False,False,False,True,False,HUMAN_OR_HUMAN_DERIVED,False,True,False,True,True,True,EXCLUDED_PRIMARY,"[""LBD_COVERAGE_LT_0_90""]"
P19793,NR2B1,RXRα,Nutritional sensors,3DZY,3DZY_1,1,True,3DZY.A,A,A,"[""X-RAY DIFFRACTION""]",3.1,0.268,227,458,232,0.892241,0.892241,False,False,False,True,False,HUMAN_OR_HUMAN_DERIVED,False,True,False,True,True,True,EXCLUDED_PRIMARY,"[""LBD_COVERAGE_LT_0_90""]"
P19793,NR2B1,RXRα,Nutritional sensors,3E00,3E00_1,1,True,3E00.A,A,A,"[""X-RAY DIFFRACTION""]",3.1,0.276,227,458,232,0.896552,0.896552,False,False,False,True,False,HUMAN_OR_HUMAN_DERIVED,False,True,False,True,True,True,EXCLUDED_PRIMARY,"[""LBD_COVERAGE_LT_0_90""]"
P19793,NR2B1,RXRα,Nutritional sensors,3FAL,3FAL_1,1,True,3FAL.A,A,A,"[""X-RAY DIFFRACTION""]",2.36,0.2777,227,458,232,0.844828,0.844828,False,False,False,True,False,HUMAN_OR_HUMAN_DERIVED,False,True,False,True,True,True,EXCLUDED_PRIMARY,"[""LBD_COVERAGE_LT_0_90""]"
P19793,NR2B1,RXRα,Nutritional sensors,3FC6,3FC6_1,1,True,3FC6.A,A,A,"[""X-RAY DIFFRACTION""]",2.063,0.2501,227,458,232,0.883621,0.883621,False,False,False,True,False,HUMAN_OR_HUMAN_DERIVED,False,True,False,True,True,True,EXCLUDED_PRIMARY,"[""LBD_COVERAGE_LT_0_90""]"
P19793,NR2B1,RXRα,Nutritional sensors,3H0A,3H0A_1,1,True,3H0A.A,A,A,"[""X-RAY DIFFRACTION""]",2.1,0.34165,227,458,232,0.905172,0.905172,True,False,False,True,False,HUMAN_OR_HUMAN_DERIVED,False,True,True,True,False,True,EXCLUDED_PRIMARY,"[""RFREE_GT_0_30""]"
P19793,NR2B1,RXRα,Nutritional sensors,3NSP,3NSP_1,1,True,3NSP.A,A,A,"[""X-RAY DIFFRACTION""]",2.9,0.30755,227,458,232,0.831897,0.831897,False,False,False,True,False,HUMAN_OR_HUMAN_DERIVED,False,True,False,True,False,True,EXCLUDED_PRIMARY,"[""LBD_COVERAGE_LT_0_90"", ""RFREE_GT_0_30""]"
P19793,NR2B1,RXRα,Nutritional sensors,3NSQ,3NSQ_1,1,True,3NSQ.B,B,B,"[""X-RAY DIFFRACTION""]",2.6,0.31799,227,458,232,0.840517,0.840517,False,False,False,True,False,HUMAN_OR_HUMAN_DERIVED,False,True,False,True,False,True,EXCLUDED_PRIMARY,"[""LBD_COVERAGE_LT_0_90"", ""RFREE_GT_0_30""]"
P19793,NR2B1,RXRα,Nutritional sensors,3OZJ,3OZJ_1,1,True,3OZJ.A,A,A,"[""X-RAY DIFFRACTION""]",2.1,,227,458,232,0.926724,0.926724,True,False,False,True,False,HUMAN_OR_HUMAN_DERIVED,False,True,True,True,False,True,EXCLUDED_PRIMARY,"[""RFREE_MISSING""]"
P19793,NR2B1,RXRα,Nutritional sensors,3PCU,3PCU_1,1,True,3PCU.A,A,A,"[""X-RAY DIFFRACTION""]",2.0,,227,458,232,0.909483,0.909483,True,False,False,True,False,HUMAN_OR_HUMAN_DERIVED,False,True,True,True,False,True,EXCLUDED_PRIMARY,"[""RFREE_MISSING""]"
P19793,NR2B1,RXRα,Nutritional sensors,3R29,3R29_1,1,True,3R29.A,A,A,"[""X-RAY DIFFRACTION""]",2.9,0.32626,227,458,232,0.913793,0.913793,True,False,False,True,False,HUMAN_OR_HUMAN_DERIVED,False,True,True,True,False,True,EXCLUDED_PRIMARY,"[""RFREE_GT_0_30""]"
P19793,NR2B1,RXRα,Nutritional sensors,3R2A,3R2A_1,1,True,3R2A.D,D,D,"[""X-RAY DIFFRACTION""]",3.0,0.33492,227,458,232,0.931034,0.931034,True,False,False,True,False,HUMAN_OR_HUMAN_DERIVED,False,True,True,True,False,True,EXCLUDED_PRIMARY,"[""RFREE_GT_0_30""]"
P19793,NR2B1,RXRα,Nutritional sensors,4CN2,4CN2_3,3,False,,,,"[""X-RAY DIFFRACTION""]",2.069,0.2142,227,458,232,,,False,False,False,False,False,HUMAN_OR_HUMAN_DERIVED,False,True,False,True,True,True,NO_COORDINATE_CANDIDATE,"[""NO_LBD_OVERLAP""]"
P19793,NR2B1,RXRα,Nutritional sensors,4CN3,4CN3_1,1,False,,,,"[""X-RAY DIFFRACTION""]",2.35,0.2493,227,458,232,,,False,False,False,False,False,HUMAN_OR_HUMAN_DERIVED,False,True,False,True,True,True,NO_COORDINATE_CANDIDATE,"[""NO_LBD_OVERLAP""]"
P19793,NR2B1,RXRα,Nutritional sensors,4CN3,4CN3_2,2,False,,,,"[""X-RAY DIFFRACTION""]",2.35,0.2493,227,458,232,,,False,False,False,False,False,HUMAN_OR_HUMAN_DERIVED,False,True,False,True,True,True,NO_COORDINATE_CANDIDATE,"[""NO_LBD_OVERLAP""]"
P19793,NR2B1,RXRα,Nutritional sensors,4CN5,4CN5_1,1,False,,,,"[""X-RAY DIFFRACTION""]",2.0,0.227,227,458,232,,,False,False,False,False,False,HUMAN_OR_HUMAN_DERIVED,False,True,False,True,True,True,NO_COORDINATE_CANDIDATE,"[""NO_LBD_OVERLAP""]"
P19793,NR2B1,RXRα,Nutritional sensors,4CN7,4CN7_1,1,False,,,,"[""X-RAY DIFFRACTION""]",2.34,0.2093,227,458,232,,,False,False,False,False,False,HUMAN_OR_HUMAN_DERIVED,False,True,False,True,True,True,NO_COORDINATE_CANDIDATE,"[""NO_LBD_OVERLAP""]"
P19793,NR2B1,RXRα,Nutritional sensors,4N8R,4N8R_1,1,True,4N8R.B,B,B,"[""X-RAY DIFFRACTION""]",2.03,0.2386,227,458,232,0.853448,0.853448,False,False,False,True,False,HUMAN_OR_HUMAN_DERIVED,False,True,False,True,True,True,EXCLUDED_PRIMARY,"[""LBD_COVERAGE_LT_0_90""]"
P19793,NR2B1,RXRα,Nutritional sensors,4ZO1,4ZO1_3,3,True,4ZO1.C,C,B,"[""X-RAY DIFFRACTION""]",3.221,0.2813,227,458,232,0.857759,0.857759,False,False,False,True,False,HUMAN_OR_HUMAN_DERIVED,False,True,False,True,True,True,EXCLUDED_PRIMARY,"[""LBD_COVERAGE_LT_0_90""]"
P19793,NR2B1,RXRα,Nutritional sensors,5MKU,5MKU_1,1,True,5MKU.A,A,A,"[""X-RAY DIFFRACTION""]",1.78,0.1772,227,458,232,0.896552,0.896552,False,False,False,True,False,HUMAN_OR_HUMAN_DERIVED,False,True,False,False,True,True,EXCLUDED_PRIMARY,"[""LBD_COVERAGE_LT_0_90"", ""RESOLUTION_LT_1_8""]"
P19793,NR2B1,RXRα,Nutritional sensors,5UAN,5UAN_1,1,True,5UAN.A,A,A,"[""X-RAY DIFFRACTION""]",3.508,0.2703,227,458,232,0.909483,0.909483,True,False,False,True,False,HUMAN_OR_HUMAN_DERIVED,False,True,True,False,True,True,EXCLUDED_PRIMARY,"[""RESOLUTION_GT_3_5""]"
P19793,NR2B1,RXRα,Nutritional sensors,5ZQU,5ZQU_1,1,True,5ZQU.B,B,B,"[""X-RAY DIFFRACTION""]",2.60038789589,0.269641540074,227,458,232,0.853448,0.853448,False,False,False,True,False,HUMAN_OR_HUMAN_DERIVED,False,True,False,True,True,True,EXCLUDED_PRIMARY,"[""LBD_COVERAGE_LT_0_90""]"
P19793,NR2B1,RXRα,Nutritional sensors,6FBQ,6FBQ_1,1,False,,,,"[""X-RAY DIFFRACTION""]",1.6,0.198,227,458,232,,,False,False,False,False,False,HUMAN_OR_HUMAN_DERIVED,False,True,False,False,True,True,NO_COORDINATE_CANDIDATE,"[""NO_LBD_OVERLAP""]"
P19793,NR2B1,RXRα,Nutritional sensors,6FBR,6FBR_1,1,False,,,,"[""X-RAY DIFFRACTION""]",2.1,0.232,227,458,232,,,False,False,False,False,False,HUMAN_OR_HUMAN_DERIVED,False,True,False,True,True,True,NO_COORDINATE_CANDIDATE,"[""NO_LBD_OVERLAP""]"
P19793,NR2B1,RXRα,Nutritional sensors,6JNO,6JNO_1,1,True,6JNO.D,D,D,"[""X-RAY DIFFRACTION""]",2.65,0.27442,227,458,232,0.875,0.875,False,False,False,True,False,HUMAN_OR_HUMAN_DERIVED,False,True,False,True,True,True,EXCLUDED_PRIMARY,"[""LBD_COVERAGE_LT_0_90""]"
P19793,NR2B1,RXRα,Nutritional sensors,6LB4,6LB4_1,1,True,6LB4.A,A,A,"[""X-RAY DIFFRACTION""]",1.5,0.2014,227,458,232,0.939655,0.939655,True,False,False,True,False,HUMAN_OR_HUMAN_DERIVED,False,True,True,False,True,True,EXCLUDED_PRIMARY,"[""RESOLUTION_LT_1_8""]"
P19793,NR2B1,RXRα,Nutritional sensors,6XWG,6XWG_3,3,False,,,,"[""X-RAY DIFFRACTION""]",2.4,0.207,227,458,232,,,False,False,False,False,False,HUMAN_OR_HUMAN_DERIVED,False,True,False,True,True,True,NO_COORDINATE_CANDIDATE,"[""NO_LBD_OVERLAP""]"
P19793,NR2B1,RXRα,Nutritional sensors,6XWH,6XWH_3,3,False,,,,"[""X-RAY DIFFRACTION""]",2.1,0.224,227,458,232,,,False,False,False,False,False,HUMAN_OR_HUMAN_DERIVED,False,True,False,True,True,True,NO_COORDINATE_CANDIDATE,"[""NO_LBD_OVERLAP""]"
P19793,NR2B1,RXRα,Nutritional sensors,7A77,7A77_1,1,True,7A77.A,A,A,"[""X-RAY DIFFRACTION""]",1.5,0.1799,227,458,232,0.961207,0.961207,True,True,False,True,False,HUMAN_OR_HUMAN_DERIVED,False,True,True,False,True,True,EXCLUDED_PRIMARY,"[""RESOLUTION_LT_1_8""]"
P19793,NR2B1,RXRα,Nutritional sensors,7CFO,7CFO_1,1,True,7CFO.C,C,C,"[""X-RAY DIFFRACTION""]",2.15,0.26633,227,458,232,0.887931,0.887931,False,False,False,True,False,HUMAN_OR_HUMAN_DERIVED,False,True,False,True,True,True,EXCLUDED_PRIMARY,"[""LBD_COVERAGE_LT_0_90""]"
P19793,NR2B1,RXRα,Nutritional sensors,8HBM,8HBM_1,1,False,,,,"[""X-RAY DIFFRACTION""]",3.3,0.3008,227,458,232,,,False,False,False,False,False,HUMAN_OR_HUMAN_DERIVED,False,True,False,True,False,True,NO_COORDINATE_CANDIDATE,"[""NO_LBD_OVERLAP""]"
P19793,NR2B1,RXRα,Nutritional sensors,9QJ9,9QJ9_1,1,False,,,,"[""X-RAY DIFFRACTION""]",3.5,0.3352,227,458,232,,,False,False,False,False,False,HUMAN_OR_HUMAN_DERIVED,False,True,False,True,False,True,NO_COORDINATE_CANDIDATE,"[""NO_LBD_OVERLAP""]"
P19793,NR2B1,RXRα,Nutritional sensors,9QX6,9QX6_1,1,True,9QX6.A,A,A,"[""X-RAY DIFFRACTION""]",1.46,0.213,227,458,232,0.909483,0.909483,True,False,False,True,False,HUMAN_OR_HUMAN_DERIVED,False,True,True,False,True,True,EXCLUDED_PRIMARY,"[""RESOLUTION_LT_1_8""]"
P19793,NR2B1,RXRα,Nutritional sensors,9RMR,9RMR_1,1,True,9RMR.A,A,A,"[""X-RAY DIFFRACTION""]",1.65,0.2149,227,458,232,0.905172,0.905172,True,False,False,True,False,HUMAN_OR_HUMAN_DERIVED,False,True,True,False,True,True,EXCLUDED_PRIMARY,"[""RESOLUTION_LT_1_8""]"
P19793,NR2B1,RXRα,Nutritional sensors,9S70,9S70_1,1,True,9S70.A,A,A,"[""X-RAY DIFFRACTION""]",1.95,0.2207,227,458,232,0.896552,0.896552,False,False,False,True,False,HUMAN_OR_HUMAN_DERIVED,False,True,False,True,True,True,EXCLUDED_PRIMARY,"[""LBD_COVERAGE_LT_0_90""]"
P19793,NR2B1,RXRα,Nutritional sensors,9S71,9S71_1,1,True,9S71.A,A,A,"[""X-RAY DIFFRACTION""]",2.0,0.2216,227,458,232,0.892241,0.892241,False,False,False,True,False,HUMAN_OR_HUMAN_DERIVED,False,True,False,True,True,True,EXCLUDED_PRIMARY,"[""LBD_COVERAGE_LT_0_90""]"
P28702,NR2B2,RXRβ,Nutritional sensors,1H9U,1H9U_1,1,True,1H9U.A,A,A,"[""X-RAY DIFFRACTION""]",2.7,0.306,296,529,234,0.858974,0.858974,False,False,False,True,False,HUMAN_OR_HUMAN_DERIVED,False,True,False,True,False,True,EXCLUDED_PRIMARY,"[""LBD_COVERAGE_LT_0_90"", ""RFREE_GT_0_30""]"
P28702,NR2B2,RXRβ,Nutritional sensors,1UHL,1UHL_1,1,True,1UHL.A,A,A,"[""X-RAY DIFFRACTION""]",2.9,0.32649,296,529,234,0.91453,0.91453,True,False,False,True,False,HUMAN_OR_HUMAN_DERIVED,False,True,True,True,False,True,EXCLUDED_PRIMARY,"[""RFREE_GT_0_30""]"
P28702,NR2B2,RXRβ,Nutritional sensors,5HJP,5HJP_1,1,True,5HJP.C,C,C,"[""X-RAY DIFFRACTION""]",2.6,0.2826,296,529,234,0.888889,0.888889,False,False,False,True,False,HUMAN_OR_HUMAN_DERIVED,False,True,False,True,True,True,EXCLUDED_PRIMARY,"[""LBD_COVERAGE_LT_0_90""]"
P28702,NR2B2,RXRβ,Nutritional sensors,5I4V,5I4V_2,2,True,5I4V.B,B,B,"[""X-RAY DIFFRACTION""]",2.61,0.24815,296,529,234,0.884615,0.884615,False,False,False,True,False,HUMAN_OR_HUMAN_DERIVED,True,True,False,True,True,True,EXCLUDED_PRIMARY,"[""LBD_COVERAGE_LT_0_90""]"
P28702,NR2B2,RXRβ,Nutritional sensors,5KYA,5KYA_2,2,True,5KYA.B,B,B,"[""X-RAY DIFFRACTION""]",2.598,0.24851,296,529,234,0.880342,0.880342,False,False,False,True,False,HUMAN_OR_HUMAN_DERIVED,False,True,False,True,True,True,EXCLUDED_PRIMARY,"[""LBD_COVERAGE_LT_0_90""]"
P28702,NR2B2,RXRβ,Nutritional sensors,5KYJ,5KYJ_2,2,True,5KYJ.B,B,B,"[""X-RAY DIFFRACTION""]",2.8,0.2528,296,529,234,0.888889,0.888889,False,False,False,True,False,HUMAN_OR_HUMAN_DERIVED,False,True,False,True,True,True,EXCLUDED_PRIMARY,"[""LBD_COVERAGE_LT_0_90""]"
P28702,NR2B2,RXRβ,Nutritional sensors,7A78,7A78_1,1,True,7A78.A,A,A,"[""X-RAY DIFFRACTION""]",1.72,0.2037,296,529,234,0.905983,0.905983,True,False,False,True,False,HUMAN_OR_HUMAN_DERIVED,False,True,True,False,True,True,EXCLUDED_PRIMARY,"[""RESOLUTION_LT_1_8""]"
P48443,NR2B3,RXRγ,Nutritional sensors,2GL8,2GL8_1,1,True,2GL8.D,D,D,"[""X-RAY DIFFRACTION""]",2.4,0.29574,231,459,229,0.851528,0.851528,False,False,False,True,False,HUMAN_OR_HUMAN_DERIVED,False,True,False,True,True,True,EXCLUDED_PRIMARY,"[""LBD_COVERAGE_LT_0_90""]"
P49116,NR2C2,TR4,Nutritional sensors,7XV6,7XV6_3,3,False,,,,"[""X-RAY DIFFRACTION""]",2.3,0.215,341,583,243,,,False,False,False,False,False,HUMAN_OR_HUMAN_DERIVED,False,True,False,True,True,True,NO_COORDINATE_CANDIDATE,"[""NO_LBD_OVERLAP""]"
P49116,NR2C2,TR4,Nutritional sensors,7XV8,7XV8_1,1,False,,,,"[""X-RAY DIFFRACTION""]",3.199,0.2493,341,583,243,,,False,False,False,False,False,HUMAN_OR_HUMAN_DERIVED,False,True,False,True,True,True,NO_COORDINATE_CANDIDATE,"[""NO_LBD_OVERLAP""]"
P49116,NR2C2,TR4,Nutritional sensors,7XV9,7XV9_1,1,False,,,,"[""X-RAY DIFFRACTION""]",1.599,0.1805,341,583,243,,,False,False,False,False,False,HUMAN_OR_HUMAN_DERIVED,False,True,False,False,True,True,NO_COORDINATE_CANDIDATE,"[""NO_LBD_OVERLAP""]"
P49116,NR2C2,TR4,Nutritional sensors,7XVA,7XVA_1,1,True,7XVA.A,A,A,"[""X-RAY DIFFRACTION""]",1.856,0.2187,341,583,243,0.880658,0.880658,False,False,False,True,False,HUMAN_OR_HUMAN_DERIVED,False,True,False,True,True,True,EXCLUDED_PRIMARY,"[""LBD_COVERAGE_LT_0_90""]"
P10589,NR2F1,COUP-TFI,Orphan receptors,2EBL,2EBL_1,1,False,,,,"[""SOLUTION NMR""]",,,184,410,227,,,False,False,False,False,False,HUMAN_OR_HUMAN_DERIVED,False,False,False,False,False,True,NO_COORDINATE_CANDIDATE,"[""NON_XRAY"", ""NO_LBD_OVERLAP""]"
P24468,NR2F2,COUP-TFII,Orphan receptors,3CJW,3CJW_1,1,True,3CJW.A,A,A,"[""X-RAY DIFFRACTION""]",1.48,0.2379,177,403,227,0.867841,0.867841,False,False,False,True,False,HUMAN_OR_HUMAN_DERIVED,False,True,False,False,True,True,EXCLUDED_PRIMARY,"[""LBD_COVERAGE_LT_0_90"", ""RESOLUTION_LT_1_8""]"
P51843,NR0B1,DAX-1,Orphan receptors,4RWV,4RWV_2,2,False,,,,"[""X-RAY DIFFRACTION""]",1.859,0.21,205,469,265,,,False,False,False,False,False,HUMAN_OR_HUMAN_DERIVED,False,True,False,True,True,True,NO_COORDINATE_CANDIDATE,"[""NO_LBD_OVERLAP""]"
P10588,NR2F6,EAR-2,Orphan receptors,8C5L,8C5L_1,1,True,8C5L.A,A,A,"[""X-RAY DIFFRACTION""]",2.6,0.2328,165,393,229,0.816594,0.816594,False,False,False,True,False,HUMAN_OR_HUMAN_DERIVED,True,True,False,True,True,True,EXCLUDED_PRIMARY,"[""LBD_COVERAGE_LT_0_90""]"
Q92570,NR4A3,NOR-1,Orphan receptors,8XTT,8XTT_1,1,False,,,,"[""SOLUTION NMR""]",,,394,623,230,,,False,False,False,False,False,HUMAN_OR_HUMAN_DERIVED,False,False,False,False,False,True,NO_COORDINATE_CANDIDATE,"[""NON_XRAY""]"
Q9Y5X4,NR2E3,PNR,Orphan receptors,4LOG,4LOG_1,1,True,4LOG.B,B,B,"[""X-RAY DIFFRACTION""]",2.7,0.30744,169,410,242,0.77686,0.77686,False,False,False,False,False,HUMAN_OR_HUMAN_DERIVED,True,True,False,True,False,True,EXCLUDED_PRIMARY,"[""LBD_COVERAGE_LT_0_90"", ""RFREE_GT_0_30""]"
Q15466,NR0B2,SHP,Orphan receptors,1YUC,1YUC_2,2,True,1YUC.C,C,C,"[""X-RAY DIFFRACTION""]",1.9,0.248,16,257,242,0.053719,0.053719,False,False,False,False,False,HUMAN_OR_HUMAN_DERIVED,False,True,False,True,True,True,EXCLUDED_PRIMARY,"[""LBD_COVERAGE_LT_0_90""]"
Q15466,NR0B2,SHP,Orphan receptors,2Q3Y,2Q3Y_2,2,True,2Q3Y.B,B,B,"[""X-RAY DIFFRACTION""]",2.4,0.24,16,257,242,0.041322,0.041322,False,False,False,False,False,HUMAN_OR_HUMAN_DERIVED,False,True,False,True,True,True,EXCLUDED_PRIMARY,"[""LBD_COVERAGE_LT_0_90""]"
Q15466,NR0B2,SHP,Orphan receptors,2Z4J,2Z4J_2,2,True,2Z4J.B,B,B,"[""X-RAY DIFFRACTION""]",2.6,0.234,16,257,242,0.041322,0.041322,False,False,False,False,False,HUMAN_OR_HUMAN_DERIVED,False,True,False,True,True,True,EXCLUDED_PRIMARY,"[""LBD_COVERAGE_LT_0_90""]"
Q15466,NR0B2,SHP,Orphan receptors,4DOR,4DOR_2,2,True,4DOR.C,C,C,"[""X-RAY DIFFRACTION""]",1.9,0.2196,16,257,242,0.049587,0.049587,False,False,False,False,False,HUMAN_OR_HUMAN_DERIVED,False,True,False,True,True,True,EXCLUDED_PRIMARY,"[""LBD_COVERAGE_LT_0_90""]"
Q15466,NR0B2,SHP,Orphan receptors,4ONI,4ONI_2,2,True,4ONI.B,B,C,"[""X-RAY DIFFRACTION""]",1.8,0.2023,16,257,242,0.053719,0.053719,False,False,False,False,False,HUMAN_OR_HUMAN_DERIVED,False,True,False,True,True,True,EXCLUDED_PRIMARY,"[""LBD_COVERAGE_LT_0_90""]"
Q15466,NR0B2,SHP,Orphan receptors,5UFS,5UFS_2,2,True,5UFS.C,C,C,"[""X-RAY DIFFRACTION""]",2.118,0.2499,16,257,242,0.041322,0.041322,False,False,False,False,False,HUMAN_OR_HUMAN_DERIVED,False,True,False,True,True,True,EXCLUDED_PRIMARY,"[""LBD_COVERAGE_LT_0_90""]"
Q15466,NR0B2,SHP,Orphan receptors,6W9M,6W9M_2,2,True,6W9M.B,B,B,"[""X-RAY DIFFRACTION""]",1.59,0.2197,16,257,242,0.045455,0.045455,False,False,False,False,False,HUMAN_OR_HUMAN_DERIVED,False,True,False,False,True,True,EXCLUDED_PRIMARY,"[""LBD_COVERAGE_LT_0_90"", ""RESOLUTION_LT_1_8""]"
Q15466,NR0B2,SHP,Orphan receptors,7YXC,7YXC_2,2,True,7YXC.B,B,R,"[""X-RAY DIFFRACTION""]",2.25,0.2452,16,257,242,0.045455,0.045455,False,False,False,False,False,HUMAN_OR_HUMAN_DERIVED,False,True,False,True,True,True,EXCLUDED_PRIMARY,"[""LBD_COVERAGE_LT_0_90""]"
Q15466,NR0B2,SHP,Orphan receptors,7YXD,7YXD_2,2,True,7YXD.F,F,J,"[""X-RAY DIFFRACTION""]",2.3,0.221,16,257,242,0.049587,0.049587,False,False,False,False,False,HUMAN_OR_HUMAN_DERIVED,False,True,False,True,True,True,EXCLUDED_PRIMARY,"[""LBD_COVERAGE_LT_0_90""]"
Q15466,NR0B2,SHP,Orphan receptors,7YXN,7YXN_2,2,True,7YXN.C,C,R,"[""X-RAY DIFFRACTION""]",2.46,0.247,16,257,242,0.045455,0.045455,False,False,False,False,False,HUMAN_OR_HUMAN_DERIVED,False,True,False,True,True,True,EXCLUDED_PRIMARY,"[""LBD_COVERAGE_LT_0_90""]"
Q15466,NR0B2,SHP,Orphan receptors,7YXO,7YXO_2,2,True,7YXO.B,B,B,"[""X-RAY DIFFRACTION""]",2.99,0.2801,16,257,242,0.041322,0.041322,False,False,False,False,False,HUMAN_OR_HUMAN_DERIVED,False,True,False,True,True,True,EXCLUDED_PRIMARY,"[""LBD_COVERAGE_LT_0_90""]"
Q15466,NR0B2,SHP,Orphan receptors,7YXP,7YXP_2,2,True,7YXP.B,B,B,"[""X-RAY DIFFRACTION""]",3.36,0.2882,16,257,242,0.053719,0.053719,False,False,False,False,False,HUMAN_OR_HUMAN_DERIVED,False,True,False,True,True,True,EXCLUDED_PRIMARY,"[""LBD_COVERAGE_LT_0_90""]"
Q15466,NR0B2,SHP,Orphan receptors,7YXR,7YXR_2,2,True,7YXR.C,C,R,"[""X-RAY DIFFRACTION""]",2.5,0.2239,16,257,242,0.049587,0.049587,False,False,False,False,False,HUMAN_OR_HUMAN_DERIVED,False,True,False,True,True,True,EXCLUDED_PRIMARY,"[""LBD_COVERAGE_LT_0_90""]"
Q15466,NR0B2,SHP,Orphan receptors,9HDF,9HDF_3,3,True,9HDF.AA,AA,k,"[""X-RAY DIFFRACTION""]",2.78,0.24431,16,257,242,0.057851,0.057851,False,False,False,False,False,HUMAN_OR_HUMAN_DERIVED,False,True,False,True,True,True,EXCLUDED_PRIMARY,"[""LBD_COVERAGE_LT_0_90""]"
Q9Y466,NR2E1,TLX,Orphan receptors,4XAJ,4XAJ_1,1,True,4XAJ.B,B,C,"[""X-RAY DIFFRACTION""]",3.551,0.3136,155,383,229,0.855895,0.855895,False,False,False,True,False,HUMAN_OR_HUMAN_DERIVED,True,True,False,False,False,True,EXCLUDED_PRIMARY,"[""LBD_COVERAGE_LT_0_90"", ""RESOLUTION_GT_3_5"", ""RFREE_GT_0_30""]"
