pdb_id,receptor_uniprot_id,receptor_nr_code,receptor_common_name,receptor_representative_instance_id,partner_polymer_entity_id,partner_chain,partner_auth_asym_id,partner_description,partner_sequence_length,partner_mapped_uniprot_ids_json,minimum_distance_to_receptor_lbd,contacting_receptor_canonical_positions_json,partner_category,partner_category_evidence
1DKF,P10276,NR1B1,RARα,1DKF.B,1DKF_1,A,A,PROTEIN (RETINOID X RECEPTOR-ALPHA),233,"[""P28700""]",2.6900336429123017,"[315, 332, 337, 338, 340, 349, 352, 353, 356, 357, 360, 364, 372, 374, 375, 376, 378, 379, 381, 382, 383, 385, 386, 389, 393]",OTHER_PROTEIN_PARTNER,"Longer polymer (233 aa), no project-receptor UniProt match, no coregulator keyword: 'PROTEIN (RETINOID X RECEPTOR-ALPHA)'."
1FM6,P37231,NR1C3,PPARγ,1FM6.B,1FM6_3,G,E,STEROID RECEPTOR COACTIVATOR,25,"[""Q15788""]",2.47112868948584,"[321, 322, 325, 326, 329, 334, 339, 340, 342, 343, 346, 347, 494, 495, 496, 499, 500, 502, 503]",COREGULATOR_CANDIDATE,"Short polymer (25 aa) with coregulator-keyword description match: ['coactivator', 'steroid receptor coactivator']."
1FM6,P19793,NR2B1,RXRα,1FM6.A,1FM6_3,E,B,STEROID RECEPTOR COACTIVATOR,25,"[""Q15788""]",2.607902988993263,"[277, 280, 284, 289, 294, 295, 297, 298, 301, 302, 449, 450, 453, 454, 456]",COREGULATOR_CANDIDATE,"Short polymer (25 aa) with coregulator-keyword description match: ['coactivator', 'steroid receptor coactivator']."
1FM9,P37231,NR1C3,PPARγ,1FM9.B,1FM9_3,D,E,STEROID RECEPTOR COACTIVATOR,25,"[""Q15788""]",2.812792740320551,"[321, 322, 325, 326, 329, 334, 339, 340, 342, 343, 346, 347, 496, 499, 500, 502]",COREGULATOR_CANDIDATE,"Short polymer (25 aa) with coregulator-keyword description match: ['coactivator', 'steroid receptor coactivator']."
1FM9,P19793,NR2B1,RXRα,1FM9.A,1FM9_3,C,B,STEROID RECEPTOR COACTIVATOR,25,"[""Q15788""]",2.8142483898902735,"[277, 280, 284, 289, 294, 295, 297, 298, 301, 302, 449, 450, 453, 454, 456]",COREGULATOR_CANDIDATE,"Short polymer (25 aa) with coregulator-keyword description match: ['coactivator', 'steroid receptor coactivator']."
1GWQ,P03372,NR3A1,ERα,1GWQ.A,1GWQ_2,C,C,NUCLEAR RECEPTOR COACTIVATOR 2,9,"[""Q15596""]",2.479254121706769,"[355, 358, 359, 362, 367, 372, 373, 375, 376, 379, 380, 538, 539, 542, 543]",COREGULATOR_CANDIDATE,Short polymer (9 aa) with coregulator-keyword description match: ['coactivator'].
1GWR,P03372,NR3A1,ERα,1GWR.B,1GWR_2,D,D,TRANSCRIPTION INTERMEDIARY FACTOR-2,9,"[""Q15596""]",2.8346904592918083,"[355, 358, 362, 367, 372, 375, 376, 379, 380, 539, 542, 543]",UNCLASSIFIED_PARTNER,Short polymer (9 aa) but no coregulator-keyword evidence in description ('TRANSCRIPTION INTERMEDIARY FACTOR-2') — not assumed to be a coregulator without supporting metadata.
1K74,P37231,NR1C3,PPARγ,1K74.B,1K74_3,D,E,steroid receptor coactivator,25,"[""Q15788""]",2.7364074988933944,"[321, 322, 325, 326, 329, 334, 339, 340, 342, 343, 346, 347, 495, 496, 499, 500, 502]",COREGULATOR_CANDIDATE,"Short polymer (25 aa) with coregulator-keyword description match: ['coactivator', 'steroid receptor coactivator']."
1K74,P19793,NR2B1,RXRα,1K74.A,1K74_3,C,B,steroid receptor coactivator,25,"[""Q15788""]",2.711614648138635,"[277, 280, 284, 289, 294, 295, 297, 298, 301, 302, 449, 450, 453, 454, 456]",COREGULATOR_CANDIDATE,"Short polymer (25 aa) with coregulator-keyword description match: ['coactivator', 'steroid receptor coactivator']."
1K7L,Q07869,NR1C1,PPARα,1K7L.A,1K7L_2,B,B,steroid receptor coactivator,21,"[""Q15788""]",2.9040168732292155,"[284, 285, 288, 289, 292, 297, 302, 303, 305, 306, 309, 310, 457, 458, 459, 462, 463, 465, 466]",COREGULATOR_CANDIDATE,"Short polymer (21 aa) with coregulator-keyword description match: ['coactivator', 'steroid receptor coactivator']."
1KKQ,Q07869,NR1C1,PPARα,1KKQ.A,1KKQ_2,E,E,NUCLEAR RECEPTOR CO-REPRESSOR 2,19,"[""Q9Y618""]",2.7669045881634586,"[281, 284, 285, 288, 289, 292, 302, 303, 305, 306, 309, 310, 311, 313, 314, 437, 441, 445, 460, 464, 465]",UNCLASSIFIED_PARTNER,Short polymer (19 aa) but no coregulator-keyword evidence in description ('NUCLEAR RECEPTOR CO-REPRESSOR 2') — not assumed to be a coregulator without supporting metadata.
1KV6,P62508,NR3B3,ERRγ,1KV6.A,1KV6_2,C,C,steroid receptor coactivator 1,15,"[""Q15788""]",2.6551913302057955,"[277, 280, 289, 294, 297, 298, 301, 302, 448, 449, 452, 453]",COREGULATOR_CANDIDATE,"Short polymer (15 aa) with coregulator-keyword description match: ['coactivator', 'steroid receptor coactivator']."
1L2I,P03372,NR3A1,ERα,1L2I.A,1L2I_2,C,C,GLUCOCORTICOID RECEPTOR-INTERACTING PROTEIN 1,13,"[""Q61026""]",2.7385983641271703,"[355, 358, 362, 367, 372, 375, 376, 379, 380, 538, 539, 542, 543]",UNCLASSIFIED_PARTNER,Short polymer (13 aa) but no coregulator-keyword evidence in description ('GLUCOCORTICOID RECEPTOR-INTERACTING PROTEIN 1') — not assumed to be a coregulator without supporting metadata.
1M2Z,P04150,NR3C1,GR,1M2Z.A,1M2Z_2,B,B,nuclear receptor coactivator 2,21,"[""Q15596""]",2.7155489316158525,"[572, 575, 576, 579, 584, 585, 589, 590, 592, 593, 596, 597, 751, 752, 755, 756, 758]",COREGULATOR_CANDIDATE,Short polymer (21 aa) with coregulator-keyword description match: ['coactivator'].
1MV9,P19793,NR2B1,RXRα,1MV9.A,1MV9_2,B,B,Nuclear receptor coactivator 2,13,"[""Q15596""]",2.7375896332357783,"[277, 280, 281, 284, 289, 294, 295, 297, 298, 301, 302, 449, 450, 453, 454, 456, 457, 458]",COREGULATOR_CANDIDATE,Short polymer (13 aa) with coregulator-keyword description match: ['coactivator'].
1MVC,P19793,NR2B1,RXRα,1MVC.A,1MVC_2,B,B,Nuclear receptor coactivator 2,13,"[""Q15596""]",1.7102798016698828,"[277, 280, 281, 284, 289, 290, 294, 295, 297, 298, 301, 302, 449, 450, 453, 454, 456, 457, 458]",COREGULATOR_CANDIDATE,Short polymer (13 aa) with coregulator-keyword description match: ['coactivator'].
1MZN,P19793,NR2B1,RXRα,1MZN.A,1MZN_2,B,B,Nuclear receptor coactivator 2,13,"[""Q15596""]",2.801483357080673,"[277, 280, 284, 289, 294, 295, 297, 298, 301, 302, 449, 450, 453, 454, 457, 458]",COREGULATOR_CANDIDATE,Short polymer (13 aa) with coregulator-keyword description match: ['coactivator'].
1NRL,O75469,NR1I2,PXR,1NRL.A,1NRL_2,C,C,Nuclear Receptor Coactivator 1 isoform 3,25,"[""Q15788""]",2.764089904471272,"[252, 255, 259, 264, 269, 270, 272, 273, 274, 276, 277, 423, 424, 427, 428]",COREGULATOR_CANDIDATE,Short polymer (25 aa) with coregulator-keyword description match: ['coactivator'].
1P8D,P55055,NR1H2,LXRβ,1P8D.A,1P8D_2,C,C,nuclear receptor coactivator 1 isoform 3,25,"[""Q15788""]",2.6842552039625454,"[278, 279, 282, 286, 291, 296, 297, 299, 300, 301, 303, 304, 384, 450, 451, 454, 455, 459, 460]",COREGULATOR_CANDIDATE,Short polymer (25 aa) with coregulator-keyword description match: ['coactivator'].
1PCG,P03372,NR3A1,ERα,1PCG.B,1PCG_2,D,F,peptide inhibitor,9,[],2.6226486611820548,"[355, 358, 362, 367, 372, 375, 376, 379, 380, 538, 539, 542, 543]",UNCLASSIFIED_PARTNER,Short polymer (9 aa) but no coregulator-keyword evidence in description ('peptide inhibitor') — not assumed to be a coregulator without supporting metadata.
1PZL,P41235,NR2A1,HNF4α,1PZL.A,1PZL_2,B,B,steroid receptor coactivator-1,14,"[""Q15788""]",2.633457043507637,"[196, 199, 203, 208, 213, 214, 216, 217, 220, 221, 368, 369, 372, 373, 377]",COREGULATOR_CANDIDATE,"Short polymer (14 aa) with coregulator-keyword description match: ['coactivator', 'steroid receptor coactivator']."
1RDT,P37231,NR1C3,PPARγ,1RDT.C,1RDT_4,D,E,LxxLL motif coactivator,23,"[""Q92793""]",2.8419331448857137,"[325, 326, 329, 342, 343, 496, 499]",COREGULATOR_CANDIDATE,"Short polymer (23 aa) with coregulator-keyword description match: ['coactivator', 'lxxll']."
1RDT,P19793,NR2B1,RXRα,1RDT.A,1RDT_2,B,B,LxxLL motif coactivator,25,"[""Q15788""]",2.593220584524191,"[277, 280, 284, 289, 294, 297, 298, 301, 302, 449, 450, 453, 454, 456]",COREGULATOR_CANDIDATE,"Short polymer (25 aa) with coregulator-keyword description match: ['coactivator', 'lxxll']."
1T5Z,P10275,NR3C4,AR,1T5Z.A,1T5Z_2,B,B,Nuclear receptor coactivator 4,15,"[""Q13772""]",2.887478311606854,"[713, 714, 717, 718, 721, 726, 731, 734, 735, 738, 739, 894, 895, 898, 899]",COREGULATOR_CANDIDATE,Short polymer (15 aa) with coregulator-keyword description match: ['coactivator'].
1T63,P10275,NR3C4,AR,1T63.A,1T63_2,B,B,Nuclear receptor coactivator 2,14,"[""Q15596""]",2.6755894677621987,"[710, 713, 714, 717, 718, 721, 726, 727, 731, 732, 734, 735, 738, 739, 823, 894, 895, 898, 899]",COREGULATOR_CANDIDATE,Short polymer (14 aa) with coregulator-keyword description match: ['coactivator'].
1TFC,P62508,NR3B3,ERRγ,1TFC.A,1TFC_2,C,C,steroid receptor coactivator-1,15,"[""Q15788""]",2.4752708942659196,"[277, 280, 284, 289, 294, 297, 298, 301, 302, 448, 449, 452, 453]",COREGULATOR_CANDIDATE,"Short polymer (15 aa) with coregulator-keyword description match: ['coactivator', 'steroid receptor coactivator']."
1U3R,Q92731,NR3A2,ERβ,1U3R.A,1U3R_2,B,C,steroid receptor coactivator-1,13,"[""Q15788""]",2.525786016272953,"[307, 310, 314, 319, 324, 327, 328, 331, 332, 490, 493, 494]",COREGULATOR_CANDIDATE,"Short polymer (13 aa) with coregulator-keyword description match: ['coactivator', 'steroid receptor coactivator']."
1U3S,Q92731,NR3A2,ERβ,1U3S.A,1U3S_2,B,C,steroid receptor coactivator-1,13,"[""Q15788""]",2.5557738554105267,"[307, 310, 314, 319, 324, 327, 328, 331, 332, 489, 490, 493, 494]",COREGULATOR_CANDIDATE,"Short polymer (13 aa) with coregulator-keyword description match: ['coactivator', 'steroid receptor coactivator']."
1U9E,Q92731,NR3A2,ERβ,1U9E.B,1U9E_2,D,D,STEROID RECEPTOR COACTIVATOR-1,9,[],2.7348462479634943,"[307, 310, 314, 319, 324, 327, 328, 331, 332, 490, 493, 494]",COREGULATOR_CANDIDATE,"Short polymer (9 aa) with coregulator-keyword description match: ['coactivator', 'steroid receptor coactivator']."
1WM0,P37231,NR1C3,PPARγ,1WM0.A,1WM0_2,B,Y,14-mer from Nuclear receptor coactivator 2,14,"[""Q61026""]",2.5538124441704797,"[321, 322, 325, 329, 334, 339, 340, 342, 343, 346, 347, 495, 496, 499, 500, 502]",COREGULATOR_CANDIDATE,Short polymer (14 aa) with coregulator-keyword description match: ['coactivator'].
1X76,Q92731,NR3A2,ERβ,1X76.A,1X76_2,C,C,STEROID RECEPTOR COACTIVATOR-1,13,"[""Q15788""]",2.4837894435720593,"[307, 310, 314, 319, 324, 327, 328, 331, 332, 489, 490, 493, 494]",COREGULATOR_CANDIDATE,"Short polymer (13 aa) with coregulator-keyword description match: ['coactivator', 'steroid receptor coactivator']."
1X78,Q92731,NR3A2,ERβ,1X78.A,1X78_2,C,C,STEROID RECEPTOR COACTIVATOR-1,13,"[""Q15788""]",2.4937153005104666,"[307, 310, 314, 319, 324, 327, 328, 331, 332, 489, 490, 493, 494]",COREGULATOR_CANDIDATE,"Short polymer (13 aa) with coregulator-keyword description match: ['coactivator', 'steroid receptor coactivator']."
1X7B,Q92731,NR3A2,ERβ,1X7B.A,1X7B_2,C,C,STEROID RECEPTOR COACTIVATOR-1,13,"[""Q15788""]",2.4824542291853033,"[307, 310, 314, 319, 324, 327, 328, 331, 332, 489, 490, 493, 494]",COREGULATOR_CANDIDATE,"Short polymer (13 aa) with coregulator-keyword description match: ['coactivator', 'steroid receptor coactivator']."
1X7E,P03372,NR3A1,ERα,1X7E.A,1X7E_2,C,C,steroid receptor coactivator-3,13,[],2.39457845977116,"[355, 358, 359, 362, 367, 372, 373, 375, 376, 379, 380, 538, 539, 542, 543]",COREGULATOR_CANDIDATE,"Short polymer (13 aa) with coregulator-keyword description match: ['coactivator', 'steroid receptor coactivator']."
1X7J,Q92731,NR3A2,ERβ,1X7J.A,1X7J_2,C,C,STEROID RECEPTOR COACTIVATOR-1,13,"[""Q15788""]",2.526182297459944,"[307, 310, 314, 319, 324, 327, 328, 331, 332, 489, 490, 493, 494]",COREGULATOR_CANDIDATE,"Short polymer (13 aa) with coregulator-keyword description match: ['coactivator', 'steroid receptor coactivator']."
1X7R,P03372,NR3A1,ERα,1X7R.A,1X7R_2,B,B,steroid receptor coactivator-3,13,[],2.5016942259197075,"[355, 358, 359, 362, 367, 372, 375, 376, 379, 380, 538, 539, 542, 543]",COREGULATOR_CANDIDATE,"Short polymer (13 aa) with coregulator-keyword description match: ['coactivator', 'steroid receptor coactivator']."
1XB7,P11474,NR3B1,ERRα,1XB7.A,1XB7_2,B,P,Peroxisome proliferator activated receptor gamma coactivator 1 alpha,12,"[""Q9UBK2""]",2.903092489053698,"[237, 240, 244, 249, 254, 257, 258, 261, 262, 412, 413, 416, 417]",COREGULATOR_CANDIDATE,Short polymer (12 aa) with coregulator-keyword description match: ['coactivator'].
1XOW,P10275,NR3C4,AR,1XOW.A,1XOW_2,B,B,decamer fragment of androgen receptor,11,"[""P10275""]",2.6183189263342235,"[713, 714, 717, 718, 721, 726, 731, 734, 735, 738, 739, 894, 895, 898, 899]",OTHER_RECEPTOR_PARTNER,"UniProt mapping matches project receptor(s): P10275 (AR) (same receptor — a second copy/homodimer partner chain, not a heterodimer partner)."
1XV9,Q14994,NR1I3,CAR,1XV9.B,1XV9_3,F,F,nuclear receptor coactivator 1 isoform 1,13,"[""Q15788""]",2.7744325545956343,"[170, 173, 176, 177, 182, 183, 187, 190, 191, 194, 195, 341, 342, 345, 346, 348]",COREGULATOR_CANDIDATE,Short polymer (13 aa) with coregulator-keyword description match: ['coactivator'].
1XV9,P19793,NR2B1,RXRα,1XV9.A,1XV9_3,E,E,nuclear receptor coactivator 1 isoform 1,13,"[""Q15788""]",2.7317514528228957,"[280, 281, 284, 289, 294, 297, 298, 301, 302, 449, 450, 453, 454, 456]",COREGULATOR_CANDIDATE,Short polymer (13 aa) with coregulator-keyword description match: ['coactivator'].
1XV9,P19793,NR2B1,RXRα,1XV9.A,1XV9_3,H,H,nuclear receptor coactivator 1 isoform 1,13,"[""Q15788""]",3.172801128340691,"[258, 259]",COREGULATOR_CANDIDATE,Short polymer (13 aa) with coregulator-keyword description match: ['coactivator'].
1XVP,Q14994,NR1I3,CAR,1XVP.B,1XVP_3,F,F,nuclear receptor coactivator 1 isoform 1,13,"[""Q15788""]",2.735303091066878,"[170, 173, 177, 182, 183, 187, 190, 191, 194, 195, 341, 342, 345, 346, 348]",COREGULATOR_CANDIDATE,Short polymer (13 aa) with coregulator-keyword description match: ['coactivator'].
1XVP,P19793,NR2B1,RXRα,1XVP.A,1XVP_3,E,E,nuclear receptor coactivator 1 isoform 1,13,"[""Q15788""]",2.7949654738475718,"[277, 280, 281, 284, 289, 294, 297, 298, 301, 302, 449, 450, 453, 454]",COREGULATOR_CANDIDATE,Short polymer (13 aa) with coregulator-keyword description match: ['coactivator'].
1XVP,P19793,NR2B1,RXRα,1XVP.A,1XVP_3,H,H,nuclear receptor coactivator 1 isoform 1,13,"[""Q15788""]",3.0037589783469674,"[258, 259]",COREGULATOR_CANDIDATE,Short polymer (13 aa) with coregulator-keyword description match: ['coactivator'].
1YOK,O00482,NR5A2,LRH-1,1YOK.A,1YOK_2,B,B,Nuclear receptor coactivator 2,14,"[""Q15596""]",2.7761278788989547,"[354, 357, 358, 361, 366, 371, 372, 374, 375, 378, 379, 531, 534, 535, 537, 538]",COREGULATOR_CANDIDATE,Short polymer (14 aa) with coregulator-keyword description match: ['coactivator'].
1YOK,O00482,NR5A2,LRH-1,1YOK.A,1YOK_2,C,C,Nuclear receptor coactivator 2,14,"[""Q15596""]",3.3640123364815397,"[534, 537]",COREGULATOR_CANDIDATE,Short polymer (14 aa) with coregulator-keyword description match: ['coactivator'].
1YOW,Q13285,NR5A1,SF-1,1YOW.A,1YOW_2,B,B,TIF2 peptide,11,[],2.7285738032899185,"[273, 274, 277, 286, 294, 295, 298, 299, 451, 454, 455]",COREGULATOR_CANDIDATE,Short polymer (11 aa) with coregulator-keyword description match: ['tif2'].
1YUC,O00482,NR5A2,LRH-1,1YUC.B,1YUC_2,D,D,Nuclear receptor 0B2,14,"[""Q15466""]",2.7282171834368323,"[354, 357, 361, 366, 371, 374, 375, 378, 379, 529, 530, 531, 534, 535]",OTHER_RECEPTOR_PARTNER,UniProt mapping matches project receptor(s): Q15466 (SHP) (a different project-receptor heterodimer partner).
1YY4,Q92731,NR3A2,ERβ,1YY4.A,1YY4_2,C,C,STEROID RECEPTOR COACTIVATOR-1,13,"[""Q15788""]",2.6571130950714155,"[307, 310, 314, 319, 324, 327, 328, 331, 332, 489, 490, 493, 494]",COREGULATOR_CANDIDATE,"Short polymer (13 aa) with coregulator-keyword description match: ['coactivator', 'steroid receptor coactivator']."
1YYE,Q92731,NR3A2,ERβ,1YYE.A,1YYE_2,C,C,STEROID RECEPTOR COACTIVATOR-1,13,"[""Q15788""]",2.5884487632557036,"[307, 310, 314, 319, 324, 327, 328, 331, 332, 489, 490, 493, 494]",COREGULATOR_CANDIDATE,"Short polymer (13 aa) with coregulator-keyword description match: ['coactivator', 'steroid receptor coactivator']."
1ZAF,Q92731,NR3A2,ERβ,1ZAF.A,1ZAF_2,C,C,Nuclear receptor coactivator 1,13,"[""Q15788""]",2.430116046611766,"[307, 310, 314, 319, 324, 325, 327, 328, 331, 332, 489, 490, 493, 494, 497]",COREGULATOR_CANDIDATE,Short polymer (13 aa) with coregulator-keyword description match: ['coactivator'].
1ZDT,Q13285,NR5A1,SF-1,1ZDT.B,1ZDT_2,D,Q,Nuclear receptor coactivator 2,12,"[""Q15596""]",3.0149562185876007,"[274, 277, 281, 286, 291, 294, 295, 298, 299, 449, 451, 454, 455, 458]",COREGULATOR_CANDIDATE,Short polymer (12 aa) with coregulator-keyword description match: ['coactivator'].
1ZDU,O00482,NR5A2,LRH-1,1ZDU.A,1ZDU_2,B,P,Nuclear receptor coactivator 2,11,"[""Q15596""]",2.7593874320218226,"[354, 357, 361, 366, 371, 372, 374, 375, 378, 379, 530, 531, 534, 535, 538]",COREGULATOR_CANDIDATE,Short polymer (11 aa) with coregulator-keyword description match: ['coactivator'].
1ZDU,O00482,NR5A2,LRH-1,1ZDU.A,1ZDU_2,C,Q,Nuclear receptor coactivator 2,11,"[""Q15596""]",3.25566613767444,"[323, 326, 327, 330, 338, 339, 341, 344, 345, 348, 405, 407, 409, 410, 411, 412, 415]",COREGULATOR_CANDIDATE,Short polymer (11 aa) with coregulator-keyword description match: ['coactivator'].
1ZGY,P37231,NR1C3,PPARγ,1ZGY.A,1ZGY_2,B,B,"Nuclear receptor subfamily 0, group B, member 2",17,"[""P97947""]",2.682290066342566,"[321, 322, 325, 326, 329, 334, 339, 340, 342, 343, 346, 347, 495, 496, 499, 500]",UNCLASSIFIED_PARTNER,"Short polymer (17 aa) but no coregulator-keyword evidence in description ('Nuclear receptor subfamily 0, group B, member 2') — not assumed to be a coregulator without supporting metadata."
1ZKY,P03372,NR3A1,ERα,1ZKY.B,1ZKY_2,D,D,Nuclear receptor coactivator 2,13,"[""Q15596""]",2.8939346917302746,"[355, 358, 359, 362, 367, 372, 375, 376, 379, 380, 538, 539, 542, 543]",COREGULATOR_CANDIDATE,Short polymer (13 aa) with coregulator-keyword description match: ['coactivator'].
2A3I,P08235,NR3C2,MR,2A3I.A,2A3I_2,B,B,"Nuclear receptor coactivator 1, residues 1430-1441",12,"[""Q15788""]",2.7767956352601804,"[777, 778, 781, 782, 785, 790, 795, 798, 799, 802, 803, 958, 959, 962, 963]",COREGULATOR_CANDIDATE,Short polymer (12 aa) with coregulator-keyword description match: ['coactivator'].
2ACL,P19793,NR2B1,RXRα,2ACL.C,2ACL_2,D,D,Oxysterols receptor LXR-alpha,244,"[""Q9Z0Y9""]",2.4852374132062303,"[348, 351, 352, 356, 373, 379, 390, 393, 394, 397, 398, 401, 415, 416, 419, 420, 421, 422, 423, 424, 426, 427, 430, 434, 437, 438, 441, 443, 444, 445, 446, 447, 448, 449, 450, 451, 452, 454, 455, 456, 457, 458]",OTHER_PROTEIN_PARTNER,"Longer polymer (244 aa), no project-receptor UniProt match, no coregulator keyword: 'Oxysterols receptor LXR-alpha'."
2ACL,P19793,NR2B1,RXRα,2ACL.C,2ACL_2,F,F,Oxysterols receptor LXR-alpha,244,"[""Q9Z0Y9""]",3.2944583773360976,"[291, 292, 293, 385, 388]",OTHER_PROTEIN_PARTNER,"Longer polymer (244 aa), no project-receptor UniProt match, no coregulator keyword: 'Oxysterols receptor LXR-alpha'."
2ACL,P19793,NR2B1,RXRα,2ACL.C,2ACL_2,H,H,Oxysterols receptor LXR-alpha,244,"[""Q9Z0Y9""]",2.6813895651322284,"[266, 269, 270, 273, 276, 277, 279, 280, 281, 284, 290, 291, 292, 293, 294, 295, 297, 298, 301, 302, 305]",OTHER_PROTEIN_PARTNER,"Longer polymer (244 aa), no project-receptor UniProt match, no coregulator keyword: 'Oxysterols receptor LXR-alpha'."
2AO6,P10275,NR3C4,AR,2AO6.A,2AO6_2,B,B,14-mer fragment of Nuclear receptor coactivator 2,25,"[""Q15596""]",2.9024386298421523,"[713, 714, 717, 721, 726, 727, 731, 732, 734, 735, 738, 739, 895, 898, 899]",COREGULATOR_CANDIDATE,Short polymer (25 aa) with coregulator-keyword description match: ['coactivator'].
2B1V,P03372,NR3A1,ERα,2B1V.B,2B1V_2,D,D,Nuclear receptor coactivator 2,13,"[""Q15596""]",2.768524697379455,"[355, 358, 359, 362, 367, 372, 375, 376, 379, 380, 538, 539, 542, 543]",COREGULATOR_CANDIDATE,Short polymer (13 aa) with coregulator-keyword description match: ['coactivator'].
2B23,P03372,NR3A1,ERα,2B23.B,2B23_2,D,D,Nuclear receptor coactivator 2,13,"[""Q15596""]",2.515857706628102,"[355, 358, 359, 362, 367, 372, 375, 376, 379, 380, 538, 539, 542, 543, 546]",COREGULATOR_CANDIDATE,Short polymer (13 aa) with coregulator-keyword description match: ['coactivator'].
2BJ4,P03372,NR3A1,ERα,2BJ4.B,2BJ4_1,A,A,ESTROGEN RECEPTOR,252,"[""P03372""]",1.1894624836454493,"[427, 430, 434, 451, 455, 459, 460, 476, 479, 480, 483, 484, 487, 497, 498, 500, 501, 502, 504, 505, 506, 508, 509, 510, 511, 512, 513, 515, 516, 519, 520, 523]",OTHER_RECEPTOR_PARTNER,"UniProt mapping matches project receptor(s): P03372 (ERα) (same receptor — a second copy/homodimer partner chain, not a heterodimer partner)."
2BJ4,P03372,NR3A1,ERα,2BJ4.B,2BJ4_3,D,D,PEPTIDE ANTAGONIST,11,[],2.4884555451122683,"[320, 321, 323, 324, 325, 326, 328, 393, 394, 397, 403, 406, 439, 440, 441, 442, 443, 444, 445, 446, 489, 490, 493, 503]",UNCLASSIFIED_PARTNER,Short polymer (11 aa) but no coregulator-keyword evidence in description ('PEPTIDE ANTAGONIST') — not assumed to be a coregulator without supporting metadata.
2FAI,P03372,NR3A1,ERα,2FAI.B,2FAI_2,D,D,Nuclear receptor coactivator 2,13,"[""Q15596""]",2.501736596846279,"[355, 358, 362, 367, 372, 373, 375, 376, 379, 380, 538, 539, 542, 543]",COREGULATOR_CANDIDATE,Short polymer (13 aa) with coregulator-keyword description match: ['coactivator'].
2FVJ,P37231,NR1C3,PPARγ,2FVJ.A,2FVJ_2,B,B,Nuclear receptor coactivator 1,13,"[""Q15788""]",2.6127558247949616,"[321, 322, 325, 326, 329, 334, 339, 342, 343, 346, 347, 495, 496, 499, 500]",COREGULATOR_CANDIDATE,Short polymer (13 aa) with coregulator-keyword description match: ['coactivator'].
2G44,P03372,NR3A1,ERα,2G44.A,2G44_2,C,C,Nuclear receptor coactivator 2,13,"[""Q15596""]",2.8659368450822504,"[355, 358, 362, 367, 372, 375, 376, 379, 380, 538, 539, 542, 543]",COREGULATOR_CANDIDATE,Short polymer (13 aa) with coregulator-keyword description match: ['coactivator'].
2G5O,P03372,NR3A1,ERα,2G5O.A,2G5O_2,C,C,Nuclear receptor coactivator 2,13,"[""Q15596""]",2.893077600065367,"[355, 358, 359, 362, 367, 372, 375, 376, 377, 379, 380, 538, 539, 542, 543]",COREGULATOR_CANDIDATE,Short polymer (13 aa) with coregulator-keyword description match: ['coactivator'].
2GPO,P62508,NR3B3,ERRγ,2GPO.A,2GPO_2,B,C,Nuclear receptor-interacting protein 1,25,"[""P48552""]",2.9706696214826707,"[277, 280, 284, 289, 294, 297, 298, 301, 302, 448, 449, 452, 453]",UNCLASSIFIED_PARTNER,Short polymer (25 aa) but no coregulator-keyword evidence in description ('Nuclear receptor-interacting protein 1') — not assumed to be a coregulator without supporting metadata.
2GPP,P62508,NR3B3,ERRγ,2GPP.A,2GPP_2,C,C,Nuclear receptor-interacting protein 1,25,"[""P48552""]",2.83174045420833,"[277, 280, 284, 289, 294, 297, 298, 301, 302, 448, 449, 452, 453]",UNCLASSIFIED_PARTNER,Short polymer (25 aa) but no coregulator-keyword evidence in description ('Nuclear receptor-interacting protein 1') — not assumed to be a coregulator without supporting metadata.
2GPV,P62508,NR3B3,ERRγ,2GPV.A,2GPV_2,G,G,Nuclear receptor corepressor 2,22,"[""Q9Y618""]",3.291853733081109,"[273, 276, 277, 280, 284, 289, 294, 297, 298, 301, 302, 305, 436]",COREGULATOR_CANDIDATE,Short polymer (22 aa) with coregulator-keyword description match: ['corepressor'].
2GTK,P37231,NR1C3,PPARγ,2GTK.A,2GTK_2,B,B,Decamer from Nuclear receptor coactivator 1,10,"[""Q15788""]",2.777270962653806,"[321, 322, 325, 326, 329, 334, 339, 342, 343, 346, 347, 495, 496, 499, 500, 502]",COREGULATOR_CANDIDATE,Short polymer (10 aa) with coregulator-keyword description match: ['coactivator'].
2HFP,P37231,NR1C3,PPARγ,2HFP.A,2HFP_2,B,B,SRC Peptide Fragment,21,"[""Q15788""]",2.9187773125060428,"[321, 322, 325, 326, 329, 334, 339, 340, 342, 343, 346, 347, 495, 496, 499, 500, 502, 503]",UNCLASSIFIED_PARTNER,Short polymer (21 aa) but no coregulator-keyword evidence in description ('SRC Peptide Fragment') — not assumed to be a coregulator without supporting metadata.
2JFA,P03372,NR3A1,ERα,2JFA.A,2JFA_3,C,P,COREPRESSOR PEPTIDE,16,[],3.0371698997586543,"[351, 354, 355, 358, 359, 362, 367, 372, 375, 376, 379, 380, 383]",COREGULATOR_CANDIDATE,Short polymer (16 aa) with coregulator-keyword description match: ['corepressor'].
2JFA,P03372,NR3A1,ERα,2JFA.B,2JFA_3,D,Q,COREPRESSOR PEPTIDE,16,[],3.034611342495114,"[354, 358, 359, 362, 367, 372, 375, 376, 379, 380, 383]",COREGULATOR_CANDIDATE,Short polymer (16 aa) with coregulator-keyword description match: ['corepressor'].
2NPA,Q07869,NR1C1,PPARα,2NPA.A,2NPA_2,B,B,SRC- peptide from Nuclear receptor coactivator 1,15,"[""Q15788""]",2.6343122442110016,"[284, 285, 288, 289, 292, 297, 302, 303, 305, 306, 307, 309, 310, 458, 459, 462, 463, 465, 466]",COREGULATOR_CANDIDATE,Short polymer (15 aa) with coregulator-keyword description match: ['coactivator'].
2NV7,Q92731,NR3A2,ERβ,2NV7.A,2NV7_2,C,C,Nuclear receptor coactivator 1,10,"[""Q15788""]",2.548488571683225,"[307, 310, 314, 319, 324, 327, 328, 331, 332, 489, 490, 493, 494]",COREGULATOR_CANDIDATE,Short polymer (10 aa) with coregulator-keyword description match: ['coactivator'].
2O9I,O75469,NR1I2,PXR,2O9I.A,2O9I_2,C,C,Nuclear Receptor Coactivator 1 isoform 3,15,"[""P70365""]",2.8115750034455766,"[252, 255, 259, 264, 269, 270, 272, 273, 274, 276, 277, 355, 423, 424, 427, 428]",COREGULATOR_CANDIDATE,Short polymer (15 aa) with coregulator-keyword description match: ['coactivator'].
2OCF,P03372,NR3A1,ERα,2OCF.A,2OCF_2,B,D,Fibronectin,121,"[""P02751""]",2.596706567943322,"[325, 326, 327, 328, 330, 348, 351, 352, 355, 356, 358, 359, 362, 363, 367, 372, 373, 375, 376, 379, 380, 406, 537, 538, 539, 542, 543]",OTHER_PROTEIN_PARTNER,"Longer polymer (121 aa), no project-receptor UniProt match, no coregulator keyword: 'Fibronectin'."
2OVH,P06401,NR3C3,PR,2OVH.A,2OVH_2,B,B,SMRT peptide,17,[],2.697284745813832,"[723, 726, 727, 730, 733, 734, 739, 740, 744, 747, 748, 751, 752, 755]",COREGULATOR_CANDIDATE,Short polymer (17 aa) with coregulator-keyword description match: ['smrt'].
2OVM,P06401,NR3C3,PR,2OVM.A,2OVM_2,B,B,NCoR,25,[],2.5966120233874,"[723, 726, 727, 730, 733, 734, 739, 740, 744, 747, 748, 751, 752, 755]",COREGULATOR_CANDIDATE,Short polymer (25 aa) with coregulator-keyword description match: ['ncor'].
2P15,P03372,NR3A1,ERα,2P15.A,2P15_2,C,C,GRIP peptide,13,"[""Q15596""]",2.548648857728345,"[355, 358, 359, 362, 367, 372, 375, 376, 379, 380, 538, 539, 542, 543, 545]",UNCLASSIFIED_PARTNER,Short polymer (13 aa) but no coregulator-keyword evidence in description ('GRIP peptide') — not assumed to be a coregulator without supporting metadata.
2P1T,P19793,NR2B1,RXRα,2P1T.A,2P1T_2,B,B,Nuclear receptor coactivator 2 peptide,13,"[""Q15596""]",2.6042759070421098,"[277, 280, 284, 289, 294, 295, 297, 298, 301, 302, 449, 450, 453, 454, 456, 457, 458]",COREGULATOR_CANDIDATE,Short polymer (13 aa) with coregulator-keyword description match: ['coactivator'].
2P1U,P19793,NR2B1,RXRα,2P1U.A,2P1U_2,B,B,Nuclear receptor coactivator 2 peptide,13,"[""Q15596""]",2.8371883969874117,"[277, 280, 281, 284, 289, 294, 295, 297, 298, 301, 302, 449, 450, 453, 454, 456, 457]",COREGULATOR_CANDIDATE,Short polymer (13 aa) with coregulator-keyword description match: ['coactivator'].
2P1V,P19793,NR2B1,RXRα,2P1V.A,2P1V_2,B,B,Nuclear receptor coactivator 2 peptide,13,"[""Q15596""]",2.6997744350223027,"[277, 280, 284, 289, 294, 295, 297, 298, 301, 302, 449, 450, 453, 454, 456, 457, 458]",COREGULATOR_CANDIDATE,Short polymer (13 aa) with coregulator-keyword description match: ['coactivator'].
2PKL,P10275,NR3C4,AR,2PKL.A,2PKL_2,B,B,ARA70 peptide,4,[],3.151609271467515,"[713, 714, 717, 721, 726, 731, 734, 735, 738, 894, 895]",UNCLASSIFIED_PARTNER,Short polymer (4 aa) but no coregulator-keyword evidence in description ('ARA70 peptide') — not assumed to be a coregulator without supporting metadata.
2PRG,P37231,NR1C3,PPARγ,2PRG.A,2PRG_2,C,C,NUCLEAR RECEPTOR COACTIVATOR SRC-1,88,"[""Q15788""]",2.742701587850926,"[321, 322, 325, 329, 334, 339, 340, 342, 343, 346, 347, 494, 495, 496, 499, 500, 502]",COREGULATOR_CANDIDATE,"Description keyword match (['coactivator', 'src-1']) despite length 88 aa."
2Q6J,P03372,NR3A1,ERα,2Q6J.A,2Q6J_2,C,C,GRIP peptide,13,"[""Q61026""]",2.5355117826584848,"[355, 358, 362, 367, 372, 375, 376, 379, 380, 538, 539, 542, 543]",UNCLASSIFIED_PARTNER,Short polymer (13 aa) but no coregulator-keyword evidence in description ('GRIP peptide') — not assumed to be a coregulator without supporting metadata.
2Q7I,P10275,NR3C4,AR,2Q7I.A,2Q7I_2,B,B,Androgen receptor,11,"[""P10275""]",2.6331277978860026,"[713, 714, 717, 718, 721, 726, 731, 734, 735, 738, 739, 894, 895, 898, 899]",OTHER_RECEPTOR_PARTNER,"UniProt mapping matches project receptor(s): P10275 (AR) (same receptor — a second copy/homodimer partner chain, not a heterodimer partner)."
2Q7J,P10275,NR3C4,AR,2Q7J.A,2Q7J_2,B,B,Nuclear receptor coactivator 2,14,"[""Q15596""]",2.370912271679408,"[713, 714, 717, 721, 726, 727, 731, 732, 734, 735, 738, 739, 894, 895, 898, 899]",COREGULATOR_CANDIDATE,Short polymer (14 aa) with coregulator-keyword description match: ['coactivator'].
2Q7K,P10275,NR3C4,AR,2Q7K.A,2Q7K_2,B,B,Androgen receptor,11,"[""P10275""]",2.6059044495146013,"[713, 714, 717, 718, 721, 726, 731, 734, 735, 738, 739, 894, 895, 898, 899]",OTHER_RECEPTOR_PARTNER,"UniProt mapping matches project receptor(s): P10275 (AR) (same receptor — a second copy/homodimer partner chain, not a heterodimer partner)."
2Q7L,P10275,NR3C4,AR,2Q7L.A,2Q7L_2,B,B,Nuclear receptor coactivator 2,14,"[""Q15596""]",2.374934314881151,"[713, 714, 717, 721, 726, 727, 731, 732, 734, 735, 738, 739, 894, 895, 898, 899]",COREGULATOR_CANDIDATE,Short polymer (14 aa) with coregulator-keyword description match: ['coactivator'].
2QA6,P03372,NR3A1,ERα,2QA6.A,2QA6_2,C,C,nuclear receptor coactivator 2,13,"[""Q61026""]",2.689656297745123,"[355, 358, 362, 367, 372, 375, 376, 379, 380, 538, 539, 542, 543]",COREGULATOR_CANDIDATE,Short polymer (13 aa) with coregulator-keyword description match: ['coactivator'].
2QA8,P03372,NR3A1,ERα,2QA8.A,2QA8_3,C,C,nuclear receptor coactivator 2,13,"[""Q61026""]",2.786640629862414,"[355, 358, 362, 367, 372, 373, 375, 376, 379, 380, 538, 539, 542, 543]",COREGULATOR_CANDIDATE,Short polymer (13 aa) with coregulator-keyword description match: ['coactivator'].
2QA8,P03372,NR3A1,ERα,2QA8.B,2QA8_3,D,D,nuclear receptor coactivator 2,13,"[""Q61026""]",2.7122348718354012,"[358, 362, 367, 372, 373, 375, 376, 379, 380, 538, 539, 542, 543, 546]",COREGULATOR_CANDIDATE,Short polymer (13 aa) with coregulator-keyword description match: ['coactivator'].
2QAB,P03372,NR3A1,ERα,2QAB.B,2QAB_2,D,D,nuclear receptor coactivator 2,13,"[""Q61026""]",2.667516635374557,"[355, 358, 362, 367, 372, 375, 376, 379, 380, 538, 539, 542, 543]",COREGULATOR_CANDIDATE,Short polymer (13 aa) with coregulator-keyword description match: ['coactivator'].
2QGT,P03372,NR3A1,ERα,2QGT.B,2QGT_2,D,D,Nuclear receptor coactivator 2,13,"[""Q61026""]",2.7861487756399494,"[355, 358, 359, 362, 367, 372, 375, 376, 379, 380, 538, 539, 542, 543]",COREGULATOR_CANDIDATE,Short polymer (13 aa) with coregulator-keyword description match: ['coactivator'].
2QGW,P03372,NR3A1,ERα,2QGW.B,2QGW_2,D,D,Nuclear receptor coactivator 2,13,"[""Q61026""]",2.7464038304663068,"[355, 358, 362, 367, 372, 373, 375, 376, 379, 380, 538, 539, 542, 543]",COREGULATOR_CANDIDATE,Short polymer (13 aa) with coregulator-keyword description match: ['coactivator'].
2QH6,P03372,NR3A1,ERα,2QH6.A,2QH6_2,C,C,Nuclear receptor coactivator 2,13,"[""Q61026""]",3.0554569216403618,"[355, 358, 359, 362, 367, 372, 373, 375, 376, 379, 380, 538, 539, 542, 543]",COREGULATOR_CANDIDATE,Short polymer (13 aa) with coregulator-keyword description match: ['coactivator'].
2QR9,P03372,NR3A1,ERα,2QR9.A,2QR9_2,C,C,Nuclear receptor coactivator 2,13,"[""Q61026""]",2.500802671143806,"[358, 359, 362, 367, 372, 375, 376, 379, 380, 538, 539, 542, 543]",COREGULATOR_CANDIDATE,Short polymer (13 aa) with coregulator-keyword description match: ['coactivator'].
2QSE,P03372,NR3A1,ERα,2QSE.B,2QSE_2,D,D,Nuclear receptor coactivator 2,13,"[""Q61026""]",2.6900447951660595,"[358, 362, 367, 372, 373, 375, 376, 379, 380, 538, 539, 542, 543]",COREGULATOR_CANDIDATE,Short polymer (13 aa) with coregulator-keyword description match: ['coactivator'].
2QXM,P03372,NR3A1,ERα,2QXM.B,2QXM_2,D,D,Nuclear receptor coactivator 2,13,"[""Q61026""]",2.5957234059121155,"[358, 362, 367, 372, 373, 375, 376, 379, 380, 538, 539, 542, 543]",COREGULATOR_CANDIDATE,Short polymer (13 aa) with coregulator-keyword description match: ['coactivator'].
2VV1,P37231,NR1C3,PPARγ,2VV1.A,2VV1_2,B,B,PEROXISOME PROLIFERATOR-ACTIVATED RECEPTOR GAMMA,276,"[""P37231""]",2.780426406147085,"[418, 424, 438, 439, 442, 443, 446, 450, 457, 458, 460, 461, 462, 464, 465, 467, 468, 471, 472, 475]",OTHER_RECEPTOR_PARTNER,"UniProt mapping matches project receptor(s): P37231 (PPARγ) (same receptor — a second copy/homodimer partner chain, not a heterodimer partner)."
2YJA,P03372,NR3A1,ERα,2YJA.B,2YJA_1,A,A,STAPLED PEPTIDE,13,[],2.826608214804449,"[358, 362, 367, 372, 373, 375, 376, 379, 380, 538, 539, 542, 543, 546]",UNCLASSIFIED_PARTNER,Short polymer (13 aa) but no coregulator-keyword evidence in description ('STAPLED PEPTIDE') — not assumed to be a coregulator without supporting metadata.
2YJD,Q92731,NR3A2,ERβ,2YJD.A,2YJD_2,C,C,STAPLED PEPTIDE,13,"[""Q15596""]",3.012741940492083,"[307, 310, 314, 319, 324, 327, 328, 331, 332, 490, 493, 494]",UNCLASSIFIED_PARTNER,Short polymer (13 aa) but no coregulator-keyword evidence in description ('STAPLED PEPTIDE') — not assumed to be a coregulator without supporting metadata.
2Z4J,P10275,NR3C4,AR,2Z4J.A,2Z4J_2,B,B,Nuclear receptor 0B2,10,"[""Q15466""]",2.6373490478129775,"[710, 713, 714, 717, 721, 727, 731, 734, 735, 738, 739, 894, 895, 898, 899]",OTHER_RECEPTOR_PARTNER,UniProt mapping matches project receptor(s): Q15466 (SHP) (a different project-receptor heterodimer partner).
2ZXZ,P19793,NR2B1,RXRα,2ZXZ.A,2ZXZ_2,B,B,GRIP1 from Nuclear receptor coactivator 2,13,"[""Q15596""]",2.6688885327042056,"[277, 280, 281, 284, 289, 294, 295, 297, 298, 301, 302, 449, 450, 453, 454, 457, 458]",COREGULATOR_CANDIDATE,"Short polymer (13 aa) with coregulator-keyword description match: ['coactivator', 'grip1']."
2ZY0,P19793,NR2B1,RXRα,2ZY0.A,2ZY0_2,B,B,GRIP1 from Nuclear receptor coactivator 2,13,"[""Q15596""]",2.5400175196246177,"[277, 280, 281, 284, 289, 294, 295, 297, 298, 301, 302, 449, 450, 453, 454, 458]",COREGULATOR_CANDIDATE,"Short polymer (13 aa) with coregulator-keyword description match: ['coactivator', 'grip1']."
3A9E,P10276,NR1B1,RARα,3A9E.B,3A9E_1,A,A,Retinoic acid receptor RXR-alpha,240,"[""P28700""]",2.720986769537843,"[332, 337, 338, 340, 352, 356, 357, 360, 364, 372, 374, 375, 376, 378, 379, 381, 382, 383, 385, 386]",OTHER_PROTEIN_PARTNER,"Longer polymer (240 aa), no project-receptor UniProt match, no coregulator keyword: 'Retinoic acid receptor RXR-alpha'."
3A9E,P10276,NR1B1,RARα,3A9E.B,3A9E_3,C,I,13-mer (LXXLL motif) from Nuclear receptor coactivator 2,13,"[""Q15596""]",2.9896565020082178,"[237, 240, 244, 249, 254, 257, 258, 261, 262, 408, 409, 412, 413]",COREGULATOR_CANDIDATE,"Short polymer (13 aa) with coregulator-keyword description match: ['coactivator', 'lxxll']."
3BEJ,Q96RI1,NR1H4,FXR,3BEJ.B,3BEJ_2,D,F,Nuclear receptor coactivator 1,25,"[""Q15788""]",2.5086097743571023,"[309, 310, 313, 317, 322, 327, 328, 330, 331, 334, 335, 477, 478, 481, 482, 484]",COREGULATOR_CANDIDATE,Short polymer (25 aa) with coregulator-keyword description match: ['coactivator'].
3BQD,P04150,NR3C1,GR,3BQD.A,3BQD_2,B,B,Nuclear receptor coactivator 1,13,"[""Q15788""]",2.4762530161516207,"[572, 575, 576, 579, 584, 585, 589, 592, 593, 596, 597, 751, 752, 755, 756]",COREGULATOR_CANDIDATE,Short polymer (13 aa) with coregulator-keyword description match: ['coactivator'].
3CLD,P04150,NR3C1,GR,3CLD.A,3CLD_2,B,H,Tif2 coactivator motif,12,"[""Q15596""]",2.9966603077426037,"[572, 575, 579, 584, 589, 592, 593, 596, 597, 752, 755, 756]",COREGULATOR_CANDIDATE,"Short polymer (12 aa) with coregulator-keyword description match: ['coactivator', 'tif2']."
3CS8,P37231,NR1C3,PPARγ,3CS8.A,3CS8_2,B,B,PGC-1alfa peptide,12,"[""Q9UBK2""]",2.6378258092603475,"[321, 322, 325, 326, 329, 334, 339, 340, 342, 343, 346, 347, 495, 496, 499, 500]",COREGULATOR_CANDIDATE,Short polymer (12 aa) with coregulator-keyword description match: ['pgc-1'].
3CWD,P37231,NR1C3,PPARγ,3CWD.B,3CWD_2,D,D,SRC1-2 PEPTIDE,16,"[""Q15788""]",2.402030391148289,"[252, 321, 322, 325, 326, 329, 334, 339, 340, 342, 343, 346, 347, 495, 496, 499, 500, 502, 503]",COREGULATOR_CANDIDATE,Short polymer (16 aa) with coregulator-keyword description match: ['src1'].
3D24,P11474,NR3B1,ERRα,3D24.C,3D24_2,D,D,Peroxisome proliferator-activated receptor gamma coactivator 1-alpha,22,"[""Q9UBK2""]",2.677525723499211,"[237, 240, 244, 249, 254, 257, 258, 259, 261, 262, 339, 341, 412, 413, 416, 417, 419, 420]",COREGULATOR_CANDIDATE,"Short polymer (22 aa) with coregulator-keyword description match: ['coactivator', 'peroxisome proliferator-activated receptor gamma coactivator']."
3DCT,Q96RI1,NR1H4,FXR,3DCT.A,3DCT_2,B,B,Nuclear receptor coactivator 1,21,"[""Q15788""]",2.693792308252429,"[309, 310, 313, 317, 322, 330, 331, 334, 335, 477, 478, 481, 482, 484]",COREGULATOR_CANDIDATE,Short polymer (21 aa) with coregulator-keyword description match: ['coactivator'].
3DCU,Q96RI1,NR1H4,FXR,3DCU.A,3DCU_2,B,B,Nuclear receptor coactivator 1,21,"[""Q15788""]",2.5934488620368077,"[310, 313, 322, 330, 331, 334, 335, 477, 478, 481, 482, 484]",COREGULATOR_CANDIDATE,Short polymer (21 aa) with coregulator-keyword description match: ['coactivator'].
3DZU,P37231,NR1C3,PPARγ,3DZU.B,3DZU_1,A,A,Retinoic acid receptor RXR-alpha,467,"[""P19793""]",2.433909201264501,"[262, 264, 265, 266, 267, 273, 276, 278, 363, 364, 365, 377, 379, 401, 423, 424, 426, 431, 435, 438, 439, 442, 443, 457, 458, 460, 461, 462, 464, 465, 467, 468, 469, 471, 472, 475, 476, 479]",OTHER_RECEPTOR_PARTNER,UniProt mapping matches project receptor(s): P19793 (RXRα) (a different project-receptor heterodimer partner).
3DZU,P37231,NR1C3,PPARγ,3DZU.B,3DZU_4,D,F,DNA (5'-D(*DCP*DTP*DGP*DAP*DCP*DCP*DTP*DTP*DTP*DGP*DAP*DCP*DCP*DTP*DAP*DGP*DTP*DTP*DTP*DG)-3'),20,[],4.007961701413827,[268],UNCLASSIFIED_PARTNER,Short polymer (20 aa) but no coregulator-keyword evidence in description ('DNA (5'-D(*DCP*DTP*DGP*DAP*DCP*DCP*DTP*DTP*DTP*DGP*DAP*DCP*DCP*DTP*DAP*DGP*DTP*DTP*DTP*DG)-3')') — not assumed to be a coregulator without supporting metadata.
3DZU,P37231,NR1C3,PPARγ,3DZU.B,3DZU_5,F,E,NCOA2 Peptide,13,"[""Q15596""]",2.7542565240006223,"[321, 322, 325, 329, 334, 339, 342, 343, 346, 347, 495, 496, 499, 500]",COREGULATOR_CANDIDATE,Short polymer (13 aa) with coregulator-keyword description match: ['ncoa'].
3DZY,P37231,NR1C3,PPARγ,3DZY.B,3DZY_1,A,A,Retinoic acid receptor RXR-alpha,467,"[""P19793""]",2.5601203096729646,"[262, 264, 265, 266, 267, 273, 276, 278, 363, 364, 365, 377, 379, 401, 423, 424, 426, 431, 435, 438, 439, 442, 443, 457, 458, 460, 461, 462, 464, 465, 467, 468, 469, 471, 472, 475, 476, 479]",OTHER_RECEPTOR_PARTNER,UniProt mapping matches project receptor(s): P19793 (RXRα) (a different project-receptor heterodimer partner).
3DZY,P37231,NR1C3,PPARγ,3DZY.B,3DZY_4,D,F,DNA (5'-D(*DCP*DTP*DGP*DAP*DCP*DCP*DTP*DTP*DTP*DGP*DAP*DCP*DCP*DTP*DAP*DGP*DTP*DTP*DTP*DG)-3'),20,[],4.724386203518931,[268],UNCLASSIFIED_PARTNER,Short polymer (20 aa) but no coregulator-keyword evidence in description ('DNA (5'-D(*DCP*DTP*DGP*DAP*DCP*DCP*DTP*DTP*DTP*DGP*DAP*DCP*DCP*DTP*DAP*DGP*DTP*DTP*DTP*DG)-3')') — not assumed to be a coregulator without supporting metadata.
3DZY,P37231,NR1C3,PPARγ,3DZY.B,3DZY_5,F,E,NCOA2 Peptide,13,"[""Q15596""]",2.9050545605891807,"[321, 322, 325, 326, 329, 334, 339, 340, 342, 343, 346, 347, 495, 496, 499, 500, 502]",COREGULATOR_CANDIDATE,Short polymer (13 aa) with coregulator-keyword description match: ['ncoa'].
3E00,P37231,NR1C3,PPARγ,3E00.B,3E00_1,A,A,Retinoic acid receptor RXR-alpha,467,"[""P19793""]",2.4633799950474553,"[262, 264, 265, 266, 267, 273, 276, 278, 362, 363, 364, 365, 377, 379, 397, 401, 423, 424, 426, 431, 435, 438, 439, 442, 443, 457, 458, 460, 461, 462, 464, 465, 467, 468, 469, 471, 472, 475, 476, 479]",OTHER_RECEPTOR_PARTNER,UniProt mapping matches project receptor(s): P19793 (RXRα) (a different project-receptor heterodimer partner).
3E00,P37231,NR1C3,PPARγ,3E00.B,3E00_5,F,E,NCOA2 Peptide,13,"[""Q15596""]",2.6029756049567587,"[321, 322, 325, 326, 329, 334, 339, 340, 342, 343, 346, 347, 495, 496, 499, 500, 502]",COREGULATOR_CANDIDATE,Short polymer (13 aa) with coregulator-keyword description match: ['ncoa'].
3E7C,P04150,NR3C1,GR,3E7C.A,3E7C_2,B,H,Nuclear receptor coactivator 2,11,"[""Q15596""]",2.3719820825630173,"[572, 575, 579, 584, 589, 590, 592, 593, 596, 597, 751, 752, 755, 756]",COREGULATOR_CANDIDATE,Short polymer (11 aa) with coregulator-keyword description match: ['coactivator'].
3E94,P19793,NR2B1,RXRα,3E94.A,3E94_2,B,B,Nuclear receptor coactivator 2 peptide,13,"[""Q15596""]",2.7305180827088478,"[277, 280, 281, 284, 289, 294, 295, 297, 298, 301, 302, 449, 450, 453, 454, 456, 457, 458]",COREGULATOR_CANDIDATE,Short polymer (13 aa) with coregulator-keyword description match: ['coactivator'].
3ERD,P03372,NR3A1,ERα,3ERD.A,3ERD_2,C,C,GLUCOCORTICOID RECEPTOR INTERACTING PROTEIN 1,13,"[""Q15596""]",2.9535879875161983,"[355, 358, 359, 362, 367, 372, 375, 376, 379, 380, 538, 539, 542, 543]",UNCLASSIFIED_PARTNER,Short polymer (13 aa) but no coregulator-keyword evidence in description ('GLUCOCORTICOID RECEPTOR INTERACTING PROTEIN 1') — not assumed to be a coregulator without supporting metadata.
3ET1,Q07869,NR1C1,PPARα,3ET1.B,3ET1_2,D,Q,Steroid receptor coactivator 1,16,"[""Q15788""]",2.755587051791324,"[285, 288, 289, 292, 297, 302, 303, 304, 305, 306, 307, 309, 310, 390, 458, 459, 462, 463, 465]",COREGULATOR_CANDIDATE,"Short polymer (16 aa) with coregulator-keyword description match: ['coactivator', 'steroid receptor coactivator']."
3ET3,P37231,NR1C3,PPARγ,3ET3.A,3ET3_2,B,P,Steroid receptor coactivator 1,16,"[""Q15788""]",2.887278303177575,"[321, 322, 325, 326, 329, 334, 339, 340, 342, 343, 344, 346, 347, 427, 429, 494, 495, 496, 499, 500, 502, 503]",COREGULATOR_CANDIDATE,"Short polymer (16 aa) with coregulator-keyword description match: ['coactivator', 'steroid receptor coactivator']."
3FEI,Q07869,NR1C1,PPARα,3FEI.A,3FEI_2,B,Z,Peptide motif 5 of Nuclear receptor coactivator 1,13,"[""Q15788""]",2.9252153766859643,"[284, 285, 288, 289, 292, 297, 302, 303, 305, 306, 309, 310, 457, 458, 459, 462, 463, 465]",COREGULATOR_CANDIDATE,Short polymer (13 aa) with coregulator-keyword description match: ['coactivator'].
3FEJ,P37231,NR1C3,PPARγ,3FEJ.A,3FEJ_2,B,B,peptide motif 3 of Nuclear receptor coactivator 1,13,"[""Q15788""]",2.6736390930714644,"[321, 322, 325, 326, 329, 334, 339, 342, 343, 346, 347, 494, 495, 496, 499, 500]",COREGULATOR_CANDIDATE,Short polymer (13 aa) with coregulator-keyword description match: ['coactivator'].
3FS1,P41235,NR2A1,HNF4α,3FS1.A,3FS1_2,B,B,PPARgamma Coactivator-1a (PGC-1a),9,[],2.62080178571368,"[196, 199, 203, 208, 213, 216, 217, 220, 221, 368, 369, 372, 373]",COREGULATOR_CANDIDATE,"Short polymer (9 aa) with coregulator-keyword description match: ['coactivator', 'pgc-1']."
3FUG,P19793,NR2B1,RXRα,3FUG.A,3FUG_2,B,B,Nuclear receptor coactivator 2,13,"[""Q15596""]",2.7844024493596464,"[277, 280, 281, 284, 289, 294, 295, 297, 298, 301, 302, 449, 450, 453, 454, 456, 457, 458]",COREGULATOR_CANDIDATE,Short polymer (13 aa) with coregulator-keyword description match: ['coactivator'].
3FUR,P37231,NR1C3,PPARγ,3FUR.A,3FUR_2,B,H,Nuclear receptor coactivator 1,12,"[""Q15788""]",2.6287103301809425,"[321, 322, 325, 326, 329, 334, 339, 342, 343, 346, 347, 494, 495, 496, 499, 500]",COREGULATOR_CANDIDATE,Short polymer (12 aa) with coregulator-keyword description match: ['coactivator'].
3FXV,Q96RI1,NR1H4,FXR,3FXV.A,3FXV_2,B,B,12-meric peptide from Nuclear receptor coactivator 1,13,"[""Q15788""]",2.5501394079540023,"[310, 313, 314, 317, 322, 323, 327, 328, 330, 331, 334, 335, 477, 478, 481, 482, 484]",COREGULATOR_CANDIDATE,Short polymer (13 aa) with coregulator-keyword description match: ['coactivator'].
3G8I,Q07869,NR1C1,PPARα,3G8I.A,3G8I_2,B,Z,Nuclear receptor coactivator 1,13,"[""Q15788""]",2.6227954552347397,"[284, 285, 288, 289, 292, 297, 302, 303, 305, 306, 309, 310, 458, 459, 462, 463]",COREGULATOR_CANDIDATE,Short polymer (13 aa) with coregulator-keyword description match: ['coactivator'].
3G9E,P37231,NR1C3,PPARγ,3G9E.A,3G9E_2,B,B,Nuclear receptor coactivator 1,13,"[""Q15788""]",2.626661188657571,"[321, 322, 325, 326, 329, 334, 339, 342, 343, 346, 347, 494, 495, 496, 499, 500, 502]",COREGULATOR_CANDIDATE,Short polymer (13 aa) with coregulator-keyword description match: ['coactivator'].
3GD2,Q96RI1,NR1H4,FXR,3GD2.A,3GD2_2,B,B,activator peptide,11,[],2.7127827041619166,"[309, 310, 313, 317, 322, 327, 328, 330, 331, 334, 335, 477, 478, 481, 482, 484]",UNCLASSIFIED_PARTNER,Short polymer (11 aa) but no coregulator-keyword evidence in description ('activator peptide') — not assumed to be a coregulator without supporting metadata.
3H52,P04150,NR3C1,GR,3H52.A,3H52_2,E,N,Nuclear receptor corepressor 1,19,"[""O75376""]",2.6918025559093315,"[568, 571, 572, 575, 579, 589, 592, 593, 596, 597, 600, 755, 756, 758]",COREGULATOR_CANDIDATE,Short polymer (19 aa) with coregulator-keyword description match: ['corepressor'].
3HC5,Q96RI1,NR1H4,FXR,3HC5.A,3HC5_2,B,B,Nuclear receptor coactivator 1,21,"[""Q15788""]",2.5143434530708024,"[309, 310, 313, 317, 322, 323, 330, 331, 334, 335, 477, 478, 481, 482, 484]",COREGULATOR_CANDIDATE,Short polymer (21 aa) with coregulator-keyword description match: ['coactivator'].
3HC6,Q96RI1,NR1H4,FXR,3HC6.A,3HC6_2,B,B,Nuclear receptor coactivator 1,21,"[""Q15788""]",2.5014829601658373,"[309, 310, 313, 317, 322, 327, 330, 331, 334, 335, 477, 478, 481, 482]",COREGULATOR_CANDIDATE,Short polymer (21 aa) with coregulator-keyword description match: ['coactivator'].
3HLV,P03372,NR3A1,ERα,3HLV.A,3HLV_2,C,C,Nuclear receptor coactivator 2,13,"[""Q9WUI9""]",2.722517584883521,"[355, 358, 362, 367, 372, 373, 375, 376, 379, 380, 538, 539, 542, 543]",COREGULATOR_CANDIDATE,Short polymer (13 aa) with coregulator-keyword description match: ['coactivator'].
3HM1,P03372,NR3A1,ERα,3HM1.A,3HM1_2,C,C,Nuclear receptor coactivator 2,13,"[""Q9WUI9""]",2.7779038860262966,"[355, 358, 362, 367, 372, 375, 376, 379, 380, 539, 542, 543]",COREGULATOR_CANDIDATE,Short polymer (13 aa) with coregulator-keyword description match: ['coactivator'].
3IPQ,Q13133,NR1H3,LXRα,3IPQ.A,3IPQ_2,B,B,Nuclear receptor coactivator 1,25,"[""Q15788""]",2.669863854206801,"[266, 269, 270, 273, 278, 283, 284, 286, 287, 288, 290, 291, 371, 437, 438, 441, 442]",COREGULATOR_CANDIDATE,Short polymer (25 aa) with coregulator-keyword description match: ['coactivator'].
3IPU,Q13133,NR1H3,LXRα,3IPU.A,3IPU_2,C,C,Nuclear receptor coactivator 1,25,"[""Q15788""]",2.5717733181600573,"[265, 266, 269, 270, 273, 278, 283, 284, 286, 287, 288, 290, 291, 371, 437, 438, 441, 442]",COREGULATOR_CANDIDATE,Short polymer (25 aa) with coregulator-keyword description match: ['coactivator'].
3K22,P04150,NR3C1,GR,3K22.A,3K22_2,B,H,Transcriptional Intermediary Factor 2,12,"[""Q15596""]",2.8137016544047446,"[572, 575, 579, 584, 585, 589, 590, 592, 593, 596, 597, 752, 755, 756]",UNCLASSIFIED_PARTNER,Short polymer (12 aa) but no coregulator-keyword evidence in description ('Transcriptional Intermediary Factor 2') — not assumed to be a coregulator without supporting metadata.
3K23,P04150,NR3C1,GR,3K23.E,3K23_2,F,F,Nuclear receptor coactivator 2,12,"[""Q15596""]",2.888523671358784,"[572, 575, 579, 584, 589, 592, 593, 596, 597, 751, 752, 755, 756]",COREGULATOR_CANDIDATE,Short polymer (12 aa) with coregulator-keyword description match: ['coactivator'].
3KMG,P37231,NR1C3,PPARγ,3KMG.A,3KMG_2,B,B,Steroid Receptor Coactivator-1,27,[],2.7592509853219225,"[321, 322, 325, 329, 334, 339, 342, 343, 346, 347, 495, 496, 499, 500, 502]",COREGULATOR_CANDIDATE,"Short polymer (27 aa) with coregulator-keyword description match: ['coactivator', 'steroid receptor coactivator']."
3KMR,P10276,NR1B1,RARα,3KMR.A,3KMR_2,B,C,Nuclear receptor coactivator 1,13,"[""Q15788""]",2.774672773499607,"[237, 240, 244, 249, 254, 257, 258, 261, 262, 408, 409, 412, 413]",COREGULATOR_CANDIDATE,Short polymer (13 aa) with coregulator-keyword description match: ['coactivator'].
3KMZ,P10276,NR1B1,RARα,3KMZ.A,3KMZ_2,B,C,Nuclear receptor corepressor 1,19,"[""O75376""]",2.765232178317042,"[233, 236, 237, 240, 244, 249, 254, 257, 258, 261, 262, 265, 266, 391, 392, 393, 394, 395, 396, 397, 398, 399, 400, 401]",COREGULATOR_CANDIDATE,Short polymer (19 aa) with coregulator-keyword description match: ['corepressor'].
3KMZ,P10276,NR1B1,RARα,3KMZ.A,3KMZ_2,D,D,Nuclear receptor corepressor 1,19,"[""O75376""]",2.709471166113415,"[212, 213, 215, 216, 218, 221, 223, 299]",COREGULATOR_CANDIDATE,Short polymer (19 aa) with coregulator-keyword description match: ['corepressor'].
3KWY,P19793,NR2B1,RXRα,3KWY.A,3KWY_2,B,B,Nuclear receptor coactivator 2 peptide,13,"[""Q15596""]",2.776801937481317,"[277, 280, 281, 284, 289, 294, 295, 297, 298, 301, 302, 449, 450, 453, 454, 456, 457, 458]",COREGULATOR_CANDIDATE,Short polymer (13 aa) with coregulator-keyword description match: ['coactivator'].
3KYT,P51449,NR1F3,RORγ,3KYT.A,3KYT_2,B,C,Nuclear receptor coactivator 2,12,"[""Q15596""]",2.8558265003322574,"[329, 332, 333, 336, 341, 342, 346, 349, 350, 353, 354, 500, 501, 504, 505]",COREGULATOR_CANDIDATE,Short polymer (12 aa) with coregulator-keyword description match: ['coactivator'].
3L03,P03372,NR3A1,ERα,3L03.B,3L03_2,D,D,Nuclear receptor coactivator 2,13,"[""Q9WUI9""]",2.621711845340749,"[355, 358, 362, 367, 372, 373, 375, 376, 379, 380, 538, 539, 542, 543]",COREGULATOR_CANDIDATE,Short polymer (13 aa) with coregulator-keyword description match: ['coactivator'].
3L0E,P55055,NR1H2,LXRβ,3L0E.A,3L0E_2,B,B,Nuclear receptor coactivator 2,12,"[""Q15596""]",2.421168932561296,"[278, 279, 282, 286, 291, 292, 296, 297, 299, 300, 303, 304, 450, 451, 453, 454, 455, 457, 460]",COREGULATOR_CANDIDATE,Short polymer (12 aa) with coregulator-keyword description match: ['coactivator'].
3L0J,P51449,NR1F3,RORγ,3L0J.A,3L0J_2,B,C,Nuclear receptor coactivator 2,10,"[""Q15596""]",2.4973443895466247,"[329, 332, 336, 341, 342, 346, 349, 350, 353, 354, 500, 501, 504, 505]",COREGULATOR_CANDIDATE,Short polymer (10 aa) with coregulator-keyword description match: ['coactivator'].
3L3Z,P10275,NR3C4,AR,3L3Z.A,3L3Z_2,B,B,Nuclear receptor coactivator 3,12,"[""Q9Y6Q9""]",2.574463439243215,"[710, 713, 714, 717, 718, 721, 726, 727, 731, 732, 734, 735, 738, 739, 894, 895, 898, 899]",COREGULATOR_CANDIDATE,Short polymer (12 aa) with coregulator-keyword description match: ['coactivator'].
3LMP,P37231,NR1C3,PPARγ,3LMP.A,3LMP_2,B,C,Peptide of Nuclear receptor coactivator 1,15,"[""Q15788""]",2.924805292664795,"[321, 322, 325, 326, 329, 334, 339, 340, 342, 343, 346, 347, 495, 496, 499, 500, 502, 503]",COREGULATOR_CANDIDATE,Short polymer (15 aa) with coregulator-keyword description match: ['coactivator'].
3OAP,P19793,NR2B1,RXRα,3OAP.A,3OAP_2,B,B,Nuclear receptor coactivator 2,11,"[""Q15596""]",2.526786496718706,"[277, 280, 281, 284, 289, 294, 295, 297, 298, 301, 302, 449, 450, 453, 454, 456, 457, 458]",COREGULATOR_CANDIDATE,Short polymer (11 aa) with coregulator-keyword description match: ['coactivator'].
3OKH,Q96RI1,NR1H4,FXR,3OKH.A,3OKH_2,B,B,peptide of Nuclear receptor coactivator 1,14,"[""Q15788""]",2.6776911696459718,"[310, 313, 314, 317, 322, 323, 327, 328, 330, 331, 334, 335, 477, 478, 481, 482]",COREGULATOR_CANDIDATE,Short polymer (14 aa) with coregulator-keyword description match: ['coactivator'].
3OKI,Q96RI1,NR1H4,FXR,3OKI.A,3OKI_2,B,B,peptide of Nuclear receptor coactivator 1,14,"[""Q15788""]",2.897799164883586,"[309, 310, 313, 314, 317, 322, 323, 327, 328, 330, 331, 334, 335, 477, 478, 481, 482]",COREGULATOR_CANDIDATE,Short polymer (14 aa) with coregulator-keyword description match: ['coactivator'].
3OLF,Q96RI1,NR1H4,FXR,3OLF.A,3OLF_2,B,B,peptide of Nuclear receptor coactivator 1,14,"[""Q15788""]",2.7483436830207397,"[309, 310, 313, 314, 317, 322, 327, 328, 330, 331, 334, 335, 477, 478, 481, 482]",COREGULATOR_CANDIDATE,Short polymer (14 aa) with coregulator-keyword description match: ['coactivator'].
3OLS,Q92731,NR3A2,ERβ,3OLS.A,3OLS_2,C,C,Nuclear receptor coactivator 1,19,"[""Q15788""]",2.0927766244871924,"[307, 310, 314, 319, 324, 325, 327, 328, 331, 332, 489, 490, 493, 494, 496, 497]",COREGULATOR_CANDIDATE,Short polymer (19 aa) with coregulator-keyword description match: ['coactivator'].
3OMK,Q96RI1,NR1H4,FXR,3OMK.A,3OMK_2,B,B,peptide of Nuclear receptor coactivator 1,14,"[""Q15788""]",2.7556902946448827,"[309, 310, 313, 314, 317, 322, 327, 328, 330, 331, 334, 335, 477, 478, 481, 482]",COREGULATOR_CANDIDATE,Short polymer (14 aa) with coregulator-keyword description match: ['coactivator'].
3OMM,Q96RI1,NR1H4,FXR,3OMM.A,3OMM_2,B,B,peptide of Nuclear receptor coactivator 1,14,"[""Q15788""]",2.7078140630405176,"[309, 310, 313, 314, 317, 322, 323, 327, 328, 330, 331, 334, 335, 477, 478, 481, 482]",COREGULATOR_CANDIDATE,Short polymer (14 aa) with coregulator-keyword description match: ['coactivator'].
3OMO,Q92731,NR3A2,ERβ,3OMO.A,3OMO_2,C,C,Nuclear receptor coactivator 1,19,"[""Q15788""]",2.1465297575388984,"[307, 310, 314, 319, 324, 327, 328, 331, 332, 489, 490, 493, 494, 496, 497]",COREGULATOR_CANDIDATE,Short polymer (19 aa) with coregulator-keyword description match: ['coactivator'].
3OMP,Q92731,NR3A2,ERβ,3OMP.A,3OMP_2,C,C,Nuclear receptor coactivator 1,19,"[""Q15788""]",2.0161631878397155,"[307, 310, 314, 319, 324, 327, 328, 331, 332, 489, 490, 493, 494, 496, 497]",COREGULATOR_CANDIDATE,Short polymer (19 aa) with coregulator-keyword description match: ['coactivator'].
3OMQ,Q92731,NR3A2,ERβ,3OMQ.A,3OMQ_2,C,C,Nuclear receptor coactivator 1,19,"[""Q15788""]",1.9664925629149992,"[307, 310, 314, 319, 324, 327, 328, 331, 332, 489, 490, 493, 494, 496, 497]",COREGULATOR_CANDIDATE,Short polymer (19 aa) with coregulator-keyword description match: ['coactivator'].
3OOF,Q96RI1,NR1H4,FXR,3OOF.A,3OOF_2,B,B,peptide of Nuclear receptor coactivator 1,14,"[""Q15788""]",2.6800026119390283,"[309, 310, 313, 314, 317, 322, 323, 327, 330, 331, 334, 335, 477, 478, 481, 482]",COREGULATOR_CANDIDATE,Short polymer (14 aa) with coregulator-keyword description match: ['coactivator'].
3OOK,Q96RI1,NR1H4,FXR,3OOK.A,3OOK_2,B,B,peptide of Nuclear receptor coactivator 1,14,"[""Q15788""]",2.8215694214390714,"[309, 313, 314, 317, 322, 323, 327, 328, 330, 331, 334, 335, 477, 478, 481, 482]",COREGULATOR_CANDIDATE,Short polymer (14 aa) with coregulator-keyword description match: ['coactivator'].
3P88,Q96RI1,NR1H4,FXR,3P88.A,3P88_2,B,B,Nuclear receptor coactivator 1,11,"[""Q15788""]",2.6789619258212687,"[310, 313, 317, 322, 327, 330, 331, 334, 335, 477, 478, 481, 482, 484]",COREGULATOR_CANDIDATE,Short polymer (11 aa) with coregulator-keyword description match: ['coactivator'].
3P89,Q96RI1,NR1H4,FXR,3P89.A,3P89_2,B,B,Nuclear receptor coactivator 1,11,"[""Q15788""]",2.5813184615618523,"[309, 310, 313, 317, 322, 327, 328, 330, 331, 334, 335, 477, 478, 481, 482, 484]",COREGULATOR_CANDIDATE,Short polymer (11 aa) with coregulator-keyword description match: ['coactivator'].
3Q95,P03372,NR3A1,ERα,3Q95.A,3Q95_3,C,C,Nuclear receptor coactivator 2,13,"[""Q15596""]",2.5572942732505384,"[355, 358, 362, 367, 372, 373, 375, 376, 379, 380, 538, 539, 542, 543]",COREGULATOR_CANDIDATE,Short polymer (13 aa) with coregulator-keyword description match: ['coactivator'].
3Q95,P03372,NR3A1,ERα,3Q95.B,3Q95_3,D,D,Nuclear receptor coactivator 2,13,"[""Q15596""]",2.800998393430456,"[355, 358, 359, 362, 363, 367, 372, 373, 375, 376, 379, 380, 538, 539, 542, 543, 545]",COREGULATOR_CANDIDATE,Short polymer (13 aa) with coregulator-keyword description match: ['coactivator'].
3QT0,P37231,NR1C3,PPARγ,3QT0.A,3QT0_2,B,C,Nuclear receptor coactivator 1 peptide,16,"[""Q15788""]",2.6332795142179624,"[321, 322, 325, 329, 334, 338, 339, 340, 342, 343, 346, 347, 494, 495, 496, 499, 500, 502, 503]",COREGULATOR_CANDIDATE,Short polymer (16 aa) with coregulator-keyword description match: ['coactivator'].
3R5M,P19793,NR2B1,RXRα,3R5M.A,3R5M_2,B,B,Nuclear receptor coactivator 2,10,"[""Q15596""]",2.852420200461356,"[277, 280, 281, 284, 289, 294, 295, 297, 298, 301, 302, 449, 450, 453, 454, 458]",COREGULATOR_CANDIDATE,Short polymer (10 aa) with coregulator-keyword description match: ['coactivator'].
3RUT,Q96RI1,NR1H4,FXR,3RUT.A,3RUT_2,B,B,Nuclear receptor coactivator 1,11,"[""Q15788""]",2.526604836534593,"[310, 313, 317, 322, 323, 327, 330, 331, 334, 335, 477, 478, 481, 482, 484]",COREGULATOR_CANDIDATE,Short polymer (11 aa) with coregulator-keyword description match: ['coactivator'].
3RUU,Q96RI1,NR1H4,FXR,3RUU.A,3RUU_2,B,B,Nuclear receptor coactivator 1,11,"[""Q15788""]",2.774468777982555,"[309, 310, 313, 317, 322, 327, 330, 331, 334, 335, 477, 478, 481, 482, 484]",COREGULATOR_CANDIDATE,Short polymer (11 aa) with coregulator-keyword description match: ['coactivator'].
3RVF,Q96RI1,NR1H4,FXR,3RVF.A,3RVF_2,B,B,Nuclear receptor coactivator 1,21,"[""Q15788""]",2.553573378620635,"[309, 310, 313, 317, 322, 330, 331, 334, 335, 477, 478, 481, 482, 484]",COREGULATOR_CANDIDATE,Short polymer (21 aa) with coregulator-keyword description match: ['coactivator'].
3S9S,P37231,NR1C3,PPARγ,3S9S.A,3S9S_2,B,B,Nuclear receptor coactivator 1,13,"[""Q15788""]",2.7501732672688095,"[321, 322, 325, 326, 329, 334, 339, 340, 342, 343, 346, 347, 495, 496, 499, 500]",COREGULATOR_CANDIDATE,Short polymer (13 aa) with coregulator-keyword description match: ['coactivator'].
3SP6,Q07869,NR1C1,PPARα,3SP6.A,3SP6_2,B,B,Peroxisome proliferator-activated receptor gamma coactivator 1-beta,11,"[""Q86YN6""]",2.8017574841516897,"[284, 285, 288, 289, 292, 297, 302, 303, 305, 306, 309, 310, 458, 459, 462, 463]",COREGULATOR_CANDIDATE,"Short polymer (11 aa) with coregulator-keyword description match: ['coactivator', 'peroxisome proliferator-activated receptor gamma coactivator']."
3T03,P37231,NR1C3,PPARγ,3T03.A,3T03_2,C,C,Nuclear receptor coactivator 1,18,"[""Q15788""]",2.5218033230210484,"[321, 322, 325, 326, 329, 339, 340, 342, 343, 346, 347, 495, 496, 499, 500, 502]",COREGULATOR_CANDIDATE,Short polymer (18 aa) with coregulator-keyword description match: ['coactivator'].
3TX7,O00482,NR5A2,LRH-1,3TX7.B,3TX7_1,A,A,Catenin beta-1,527,"[""P35222""]",2.70370560527584,"[300, 301, 302, 310, 475, 476, 479, 480, 482, 483, 484, 486, 487, 488, 489, 490, 491, 492, 493, 494, 501, 504, 507]",OTHER_PROTEIN_PARTNER,"Longer polymer (527 aa), no project-receptor UniProt match, no coregulator keyword: 'Catenin beta-1'."
3UU7,P03372,NR3A1,ERα,3UU7.A,3UU7_3,C,F,Nuclear receptor coactivator 1,13,"[""Q15788""]",2.9175726212041417,"[355, 358, 359, 362, 367, 372, 375, 376, 379, 380, 538, 539, 542, 543]",COREGULATOR_CANDIDATE,Short polymer (13 aa) with coregulator-keyword description match: ['coactivator'].
3UU7,P03372,NR3A1,ERα,3UU7.B,3UU7_3,D,G,Nuclear receptor coactivator 1,13,"[""Q15788""]",2.8447428706299616,"[355, 358, 359, 362, 367, 372, 373, 375, 376, 379, 380, 538, 539, 542, 543]",COREGULATOR_CANDIDATE,Short polymer (13 aa) with coregulator-keyword description match: ['coactivator'].
3UUA,P03372,NR3A1,ERα,3UUA.A,3UUA_3,C,F,Nuclear receptor coactivator 1,13,"[""Q15788""]",2.8592303160116352,"[355, 358, 359, 362, 367, 372, 375, 376, 379, 380, 538, 539, 542, 543]",COREGULATOR_CANDIDATE,Short polymer (13 aa) with coregulator-keyword description match: ['coactivator'].
3UUA,P03372,NR3A1,ERα,3UUA.B,3UUA_3,D,G,Nuclear receptor coactivator 1,13,"[""Q15788""]",2.6760648347900693,"[355, 358, 362, 367, 372, 373, 375, 376, 379, 380, 538, 539, 542, 543]",COREGULATOR_CANDIDATE,Short polymer (13 aa) with coregulator-keyword description match: ['coactivator'].
3UVV,P19793,NR2B1,RXRα,3UVV.B,3UVV_1,A,A,Thyroid hormone receptor alpha,265,"[""P04625""]",3.0300102310058294,"[352, 356, 359, 373, 390, 394, 397, 398, 401, 405, 412, 413, 415, 416, 417, 419, 420, 421, 422, 423, 424, 426, 427, 430]",OTHER_PROTEIN_PARTNER,"Longer polymer (265 aa), no project-receptor UniProt match, no coregulator keyword: 'Thyroid hormone receptor alpha'."
3V9Y,P37231,NR1C3,PPARγ,3V9Y.A,3V9Y_2,B,B,Peptide from Nuclear receptor coactivator 1,15,"[""Q15788""]",2.6387599360305605,"[321, 322, 325, 329, 334, 339, 340, 342, 343, 346, 347, 495, 496, 498, 499, 500, 502]",COREGULATOR_CANDIDATE,Short polymer (15 aa) with coregulator-keyword description match: ['coactivator'].
4CSJ,P04150,NR3C1,GR,4CSJ.A,4CSJ_2,B,B,NUCLEAR RECEPTOR COACTIVATOR 2,13,"[""Q15596""]",2.7104453508602604,"[572, 575, 576, 579, 584, 585, 589, 590, 592, 593, 596, 597, 751, 752, 755]",COREGULATOR_CANDIDATE,Short polymer (13 aa) with coregulator-keyword description match: ['coactivator'].
4DK7,P55055,NR1H2,LXRβ,4DK7.A,4DK7_2,B,B,Nuclear receptor coactivator 1,12,"[""Q15788""]",2.4892241763248304,"[278, 279, 282, 286, 291, 292, 296, 297, 299, 300, 303, 304, 450, 451, 454, 455]",COREGULATOR_CANDIDATE,Short polymer (12 aa) with coregulator-keyword description match: ['coactivator'].
4DK8,P55055,NR1H2,LXRβ,4DK8.A,4DK8_2,B,B,Nuclear receptor coactivator 1,12,"[""Q15788""]",2.5241267797002616,"[279, 282, 283, 286, 291, 292, 296, 297, 299, 300, 303, 304, 450, 451, 454, 455]",COREGULATOR_CANDIDATE,Short polymer (12 aa) with coregulator-keyword description match: ['coactivator'].
4DM6,P10826,NR1B2,RARβ,4DM6.B,4DM6_2,D,F,Nuclear receptor coactivator 1,25,"[""Q15788""]",2.77814218498622,"[237, 240, 244, 249, 254, 257, 258, 261, 262, 408, 409, 411, 412, 413, 415]",COREGULATOR_CANDIDATE,Short polymer (25 aa) with coregulator-keyword description match: ['coactivator'].
4DM8,P10826,NR1B2,RARβ,4DM8.B,4DM8_2,D,D,Nuclear receptor coactivator 1,25,"[""Q15788""]",2.7330150017883192,"[237, 240, 244, 249, 254, 257, 258, 261, 262, 408, 409, 412, 413, 415]",COREGULATOR_CANDIDATE,Short polymer (25 aa) with coregulator-keyword description match: ['coactivator'].
4DMA,P03372,NR3A1,ERα,4DMA.A,4DMA_2,C,E,Nuclear receptor coactivator 1,15,"[""P70365""]",2.787416007703192,"[355, 358, 362, 367, 372, 375, 376, 379, 380, 538, 539, 542, 543]",COREGULATOR_CANDIDATE,Short polymer (15 aa) with coregulator-keyword description match: ['coactivator'].
4DOR,O00482,NR5A2,LRH-1,4DOR.B,4DOR_2,D,D,Nuclear receptor subfamily 0 group B member 2,14,"[""Q15466""]",2.718701528303539,"[354, 357, 361, 366, 371, 374, 375, 378, 379, 529, 530, 531, 534, 535]",OTHER_RECEPTOR_PARTNER,UniProt mapping matches project receptor(s): Q15466 (SHP) (a different project-receptor heterodimer partner).
4DOS,O00482,NR5A2,LRH-1,4DOS.A,4DOS_2,B,B,Nuclear receptor coactivator 2,14,"[""Q15596""]",2.578133433319542,"[354, 357, 358, 361, 366, 371, 372, 374, 375, 378, 379, 531, 534, 535, 538]",COREGULATOR_CANDIDATE,Short polymer (14 aa) with coregulator-keyword description match: ['coactivator'].
4DQM,P10276,NR1B1,RARα,4DQM.A,4DQM_2,B,B,Nuclear receptor coactivator 1,10,"[""Q15788""]",2.955519243720128,"[237, 240, 241, 244, 249, 254, 257, 258, 261, 262, 408, 409, 412, 413]",COREGULATOR_CANDIDATE,Short polymer (10 aa) with coregulator-keyword description match: ['coactivator'].
4F9M,P37231,NR1C3,PPARγ,4F9M.A,4F9M_2,B,C,peptide from Nuclear receptor coactivator 1,15,"[""Q15788""]",2.8226868405829206,"[321, 322, 325, 329, 334, 339, 340, 342, 343, 346, 347, 495, 496, 499, 500, 502]",COREGULATOR_CANDIDATE,Short polymer (15 aa) with coregulator-keyword description match: ['coactivator'].
4FGY,P37231,NR1C3,PPARγ,4FGY.A,4FGY_2,B,B,Nuclear receptor coactivator 1,11,"[""Q15788""]",2.228074280628902,"[321, 322, 325, 326, 329, 334, 339, 340, 342, 343, 346, 347, 495, 496, 499, 500, 502]",COREGULATOR_CANDIDATE,Short polymer (11 aa) with coregulator-keyword description match: ['coactivator'].
4HEE,P37231,NR1C3,PPARγ,4HEE.A,4HEE_2,B,Y,Nuclear receptor coactivator 1,25,"[""Q15788""]",2.8064463294351447,"[321, 322, 325, 329, 334, 339, 340, 342, 343, 346, 347, 495, 496, 499, 500, 502]",COREGULATOR_CANDIDATE,Short polymer (25 aa) with coregulator-keyword description match: ['coactivator'].
4IQR,P41235,NR2A1,HNF4α,4IQR.E,4IQR_4,K,K,Nuclear receptor coactivator 2,13,"[""Q15596""]",2.8167410246595246,"[199, 203, 208, 213, 214, 216, 217, 220, 221, 368, 369, 372, 373]",COREGULATOR_CANDIDATE,Short polymer (13 aa) with coregulator-keyword description match: ['coactivator'].
4IU7,P03372,NR3A1,ERα,4IU7.B,4IU7_2,D,D,Nuclear receptor coactivator 2,10,"[""Q15596""]",2.8007613250685965,"[355, 358, 362, 367, 372, 373, 375, 376, 379, 380, 538, 539, 542, 543]",COREGULATOR_CANDIDATE,Short polymer (10 aa) with coregulator-keyword description match: ['coactivator'].
4IV2,P03372,NR3A1,ERα,4IV2.B,4IV2_2,D,D,Nuclear receptor coactivator 2,10,"[""Q15596""]",2.758363464085183,"[355, 358, 359, 362, 367, 372, 373, 375, 376, 379, 380, 538, 539, 542, 543]",COREGULATOR_CANDIDATE,Short polymer (10 aa) with coregulator-keyword description match: ['coactivator'].
4IV4,P03372,NR3A1,ERα,4IV4.B,4IV4_2,D,D,Nuclear receptor coactivator 2,10,"[""Q15596""]",2.502818810861066,"[355, 358, 359, 362, 367, 372, 373, 375, 376, 379, 380, 538, 539, 542, 543]",COREGULATOR_CANDIDATE,Short polymer (10 aa) with coregulator-keyword description match: ['coactivator'].
4IVW,P03372,NR3A1,ERα,4IVW.C,4IVW_2,D,D,Nuclear receptor coactivator 2,10,"[""Q15596""]",2.7695199945116844,"[358, 362, 367, 372, 375, 376, 379, 380, 538, 539, 542, 543]",COREGULATOR_CANDIDATE,Short polymer (10 aa) with coregulator-keyword description match: ['coactivator'].
4IVY,P03372,NR3A1,ERα,4IVY.C,4IVY_2,D,D,Nuclear receptor coactivator 2,10,"[""Q15596""]",2.533516528463946,"[358, 362, 367, 372, 373, 375, 376, 379, 380, 538, 539, 542, 543, 546]",COREGULATOR_CANDIDATE,Short polymer (10 aa) with coregulator-keyword description match: ['coactivator'].
4IW6,P03372,NR3A1,ERα,4IW6.C,4IW6_2,D,D,Nuclear receptor coactivator 2,10,"[""Q15596""]",2.9482447320397265,"[358, 362, 367, 372, 375, 376, 379, 380, 538, 539, 542, 543]",COREGULATOR_CANDIDATE,Short polymer (10 aa) with coregulator-keyword description match: ['coactivator'].
4IW8,P03372,NR3A1,ERα,4IW8.A,4IW8_2,B,C,Nuclear receptor coactivator 2,10,"[""Q15596""]",2.595249698969253,"[355, 358, 362, 367, 372, 373, 375, 376, 379, 380, 538, 539, 542, 543, 546]",COREGULATOR_CANDIDATE,Short polymer (10 aa) with coregulator-keyword description match: ['coactivator'].
4IWC,P03372,NR3A1,ERα,4IWC.B,4IWC_2,D,D,Nuclear receptor coactivator 2,10,"[""Q15596""]",2.9355697913693004,"[355, 358, 359, 362, 367, 372, 375, 376, 379, 380, 538, 539, 542, 543]",COREGULATOR_CANDIDATE,Short polymer (10 aa) with coregulator-keyword description match: ['coactivator'].
4IWF,P03372,NR3A1,ERα,4IWF.A,4IWF_2,C,C,Nuclear receptor coactivator 2,10,"[""Q15596""]",2.583580074238071,"[355, 358, 359, 362, 367, 372, 373, 375, 376, 379, 380, 538, 539, 542, 543]",COREGULATOR_CANDIDATE,Short polymer (10 aa) with coregulator-keyword description match: ['coactivator'].
4J24,Q92731,NR3A2,ERβ,4J24.B,4J24_2,G,J,19-mer peptide,19,[],2.335465906409257,"[307, 310, 314, 319, 324, 327, 328, 331, 332, 489, 490, 493, 494, 497]",UNCLASSIFIED_PARTNER,Short polymer (19 aa) but no coregulator-keyword evidence in description ('19-mer peptide') — not assumed to be a coregulator without supporting metadata.
4J26,Q92731,NR3A2,ERβ,4J26.C,4J26_2,D,J,12-mer Peptide,12,[],2.7209081204627257,"[307, 310, 314, 319, 324, 327, 328, 331, 332, 489, 490, 493, 494, 497]",UNCLASSIFIED_PARTNER,Short polymer (12 aa) but no coregulator-keyword evidence in description ('12-mer Peptide') — not assumed to be a coregulator without supporting metadata.
4JYG,P10826,NR1B2,RARβ,4JYG.A,4JYG_2,D,G,Steroid Receptor Coactivator 1,13,"[""Q15788""]",2.9547367056981573,"[237, 240, 244, 249, 254, 257, 258, 261, 262, 408, 409, 411, 412, 413, 415]",COREGULATOR_CANDIDATE,"Short polymer (13 aa) with coregulator-keyword description match: ['coactivator', 'steroid receptor coactivator']."
4JYH,P10826,NR1B2,RARβ,4JYH.A,4JYH_2,D,G,Nuclear receptor coactivator 1,13,"[""Q15788""]",2.8367604763180125,"[237, 240, 244, 249, 254, 257, 258, 261, 262, 408, 409, 411, 412, 413, 415]",COREGULATOR_CANDIDATE,Short polymer (13 aa) with coregulator-keyword description match: ['coactivator'].
4JYI,P10826,NR1B2,RARβ,4JYI.A,4JYI_2,D,G,Nuclear receptor coactivator 1,13,"[""Q15788""]",2.780191899851517,"[237, 240, 241, 244, 249, 254, 257, 258, 261, 262, 408, 409, 411, 412, 413, 415]",COREGULATOR_CANDIDATE,Short polymer (13 aa) with coregulator-keyword description match: ['coactivator'].
4K4J,P19793,NR2B1,RXRα,4K4J.A,4K4J_2,B,B,Nuclear receptor coactivator 2 peptide,13,"[""Q15596""]",2.758480378759296,"[277, 280, 281, 284, 289, 294, 295, 297, 298, 301, 302, 449, 450, 453, 454, 456, 457, 458]",COREGULATOR_CANDIDATE,Short polymer (13 aa) with coregulator-keyword description match: ['coactivator'].
4K6I,P19793,NR2B1,RXRα,4K6I.A,4K6I_2,B,B,Nuclear receptor coactivator 2,13,"[""Q15596""]",2.7146986941463696,"[277, 280, 281, 284, 289, 294, 297, 298, 301, 302, 449, 450, 453, 454, 456, 457, 458]",COREGULATOR_CANDIDATE,Short polymer (13 aa) with coregulator-keyword description match: ['coactivator'].
4LSJ,P04150,NR3C1,GR,4LSJ.A,4LSJ_2,B,B,D30 peptide,13,[],2.6988477170822356,"[571, 572, 575, 576, 579, 584, 585, 589, 590, 592, 593, 596, 597, 752, 755, 756]",UNCLASSIFIED_PARTNER,Short polymer (13 aa) but no coregulator-keyword evidence in description ('D30 peptide') — not assumed to be a coregulator without supporting metadata.
4M8E,P19793,NR2B1,RXRα,4M8E.A,4M8E_2,B,B,Nuclear receptor coactivator 2,11,"[""Q15596""]",2.739108431588641,"[277, 280, 281, 284, 289, 294, 295, 297, 298, 301, 302, 449, 450, 453, 454, 456, 457, 458]",COREGULATOR_CANDIDATE,Short polymer (11 aa) with coregulator-keyword description match: ['coactivator'].
4M8H,P19793,NR2B1,RXRα,4M8H.A,4M8H_2,B,B,Nuclear receptor coactivator 2,11,"[""Q15596""]",2.6834809483206685,"[277, 280, 281, 284, 289, 294, 295, 297, 298, 301, 302, 449, 450, 453, 454, 456, 457, 458]",COREGULATOR_CANDIDATE,Short polymer (11 aa) with coregulator-keyword description match: ['coactivator'].
4MDD,P04150,NR3C1,GR,4MDD.A,4MDD_2,C,C,Nuclear receptor corepressor 1,15,"[""O75376""]",3.134613213779333,"[568, 571, 572, 575, 576, 579, 584, 589, 592, 593, 596, 597, 600]",COREGULATOR_CANDIDATE,Short polymer (15 aa) with coregulator-keyword description match: ['corepressor'].
4MDD,P04150,NR3C1,GR,4MDD.A,4MDD_2,D,D,Nuclear receptor corepressor 1,15,"[""O75376""]",3.3562934913383238,"[752, 755]",COREGULATOR_CANDIDATE,Short polymer (15 aa) with coregulator-keyword description match: ['corepressor'].
4MG5,P03372,NR3A1,ERα,4MG5.A,4MG5_2,C,C,Nuclear receptor coactivator 1,13,"[""Q15788""]",2.5977486257526925,"[355, 358, 359, 362, 367, 372, 375, 376, 379, 380, 538, 539, 542, 543]",COREGULATOR_CANDIDATE,Short polymer (13 aa) with coregulator-keyword description match: ['coactivator'].
4MG6,P03372,NR3A1,ERα,4MG6.A,4MG6_2,C,C,Nuclear receptor coactivator 1,13,"[""Q15788""]",2.792672913178339,"[358, 359, 362, 367, 372, 375, 376, 379, 380, 538, 539, 542, 543]",COREGULATOR_CANDIDATE,Short polymer (13 aa) with coregulator-keyword description match: ['coactivator'].
4MG7,P03372,NR3A1,ERα,4MG7.A,4MG7_3,C,C,Nuclear receptor coactivator 1,13,"[""Q15788""]",2.8432194779861795,"[355, 358, 362, 367, 372, 375, 376, 379, 380, 538, 539, 542, 543]",COREGULATOR_CANDIDATE,Short polymer (13 aa) with coregulator-keyword description match: ['coactivator'].
4MG7,P03372,NR3A1,ERα,4MG7.B,4MG7_3,D,D,Nuclear receptor coactivator 1,13,"[""Q15788""]",2.9938956227630933,"[355, 358, 359, 362, 367, 372, 375, 376, 379, 380, 538, 539, 542, 543]",COREGULATOR_CANDIDATE,Short polymer (13 aa) with coregulator-keyword description match: ['coactivator'].
4MG8,P03372,NR3A1,ERα,4MG8.A,4MG8_3,C,C,Nuclear receptor coactivator 1,13,"[""Q15788""]",2.6554826303329513,"[358, 359, 362, 367, 372, 373, 375, 376, 379, 380, 538, 539, 542, 543]",COREGULATOR_CANDIDATE,Short polymer (13 aa) with coregulator-keyword description match: ['coactivator'].
4MG8,P03372,NR3A1,ERα,4MG8.B,4MG8_3,D,D,Nuclear receptor coactivator 1,13,"[""Q15788""]",2.7936528059155834,"[355, 358, 359, 362, 367, 372, 373, 375, 376, 379, 380, 538, 539, 542, 543]",COREGULATOR_CANDIDATE,Short polymer (13 aa) with coregulator-keyword description match: ['coactivator'].
4MG9,P03372,NR3A1,ERα,4MG9.A,4MG9_3,C,F,Nuclear receptor coactivator 1,13,"[""Q15788""]",2.8152490120769067,"[355, 358, 362, 367, 372, 375, 376, 379, 380, 538, 539, 542, 543]",COREGULATOR_CANDIDATE,Short polymer (13 aa) with coregulator-keyword description match: ['coactivator'].
4MG9,P03372,NR3A1,ERα,4MG9.B,4MG9_3,D,G,Nuclear receptor coactivator 1,13,"[""Q15788""]",2.805590668647159,"[355, 358, 359, 362, 367, 372, 373, 375, 376, 379, 380, 538, 539, 542, 543]",COREGULATOR_CANDIDATE,Short polymer (13 aa) with coregulator-keyword description match: ['coactivator'].
4MGA,P03372,NR3A1,ERα,4MGA.A,4MGA_3,C,C,Nuclear receptor coactivator 1,13,"[""Q15788""]",2.8163708917683423,"[358, 359, 362, 367, 372, 375, 376, 379, 380, 538, 539, 542, 543]",COREGULATOR_CANDIDATE,Short polymer (13 aa) with coregulator-keyword description match: ['coactivator'].
4MGA,P03372,NR3A1,ERα,4MGA.B,4MGA_3,D,D,Nuclear receptor coactivator 1,13,"[""Q15788""]",2.8049857397141977,"[355, 358, 359, 362, 367, 372, 373, 375, 376, 379, 380, 538, 539, 542, 543]",COREGULATOR_CANDIDATE,Short polymer (13 aa) with coregulator-keyword description match: ['coactivator'].
4MGB,P03372,NR3A1,ERα,4MGB.A,4MGB_3,C,C,Nuclear receptor coactivator 1,13,"[""Q15788""]",2.912224064181875,"[355, 358, 359, 362, 367, 372, 375, 376, 379, 380, 538, 539, 542, 543]",COREGULATOR_CANDIDATE,Short polymer (13 aa) with coregulator-keyword description match: ['coactivator'].
4MGB,P03372,NR3A1,ERα,4MGB.B,4MGB_3,D,D,Nuclear receptor coactivator 1,13,"[""Q15788""]",2.88334077070332,"[355, 358, 359, 362, 367, 372, 375, 376, 379, 380, 538, 539, 542, 543]",COREGULATOR_CANDIDATE,Short polymer (13 aa) with coregulator-keyword description match: ['coactivator'].
4MGC,P03372,NR3A1,ERα,4MGC.A,4MGC_2,C,F,Nuclear receptor coactivator 1,13,"[""Q15788""]",2.801758376448617,"[355, 358, 362, 367, 372, 375, 376, 379, 380, 538, 539, 542, 543]",COREGULATOR_CANDIDATE,Short polymer (13 aa) with coregulator-keyword description match: ['coactivator'].
4MGD,P03372,NR3A1,ERα,4MGD.A,4MGD_3,C,F,Nuclear receptor coactivator 1,13,"[""Q15788""]",2.968253021559988,"[355, 358, 359, 362, 367, 372, 375, 376, 379, 380, 538, 539, 542, 543]",COREGULATOR_CANDIDATE,Short polymer (13 aa) with coregulator-keyword description match: ['coactivator'].
4MGD,P03372,NR3A1,ERα,4MGD.B,4MGD_3,D,G,Nuclear receptor coactivator 1,13,"[""Q15788""]",2.7985762451646754,"[355, 358, 359, 362, 367, 372, 373, 375, 376, 379, 380, 538, 539, 542, 543]",COREGULATOR_CANDIDATE,Short polymer (13 aa) with coregulator-keyword description match: ['coactivator'].
4NIE,P51449,NR1F3,RORγ,4NIE.A,4NIE_2,C,C,Peptide from Nuclear receptor coactivator 2,12,"[""Q15596""]",2.6626169457884847,"[491, 492, 495, 496]",COREGULATOR_CANDIDATE,Short polymer (12 aa) with coregulator-keyword description match: ['coactivator'].
4NIE,P51449,NR1F3,RORγ,4NIE.A,4NIE_2,D,D,Peptide from Nuclear receptor coactivator 2,12,"[""Q15596""]",2.7970564885250355,"[332, 336, 341, 342, 346, 349, 350, 353, 354, 500, 501, 504, 505]",COREGULATOR_CANDIDATE,Short polymer (12 aa) with coregulator-keyword description match: ['coactivator'].
4NQA,P55055,NR1H2,LXRβ,4NQA.H,4NQA_3,J,K,Nuclear receptor coactivator 2,13,"[""Q15596""]",2.495706312850135,"[279, 282, 283, 286, 291, 296, 297, 299, 300, 303, 304, 450, 451, 454, 455]",COREGULATOR_CANDIDATE,Short polymer (13 aa) with coregulator-keyword description match: ['coactivator'].
4NQA,P19793,NR2B1,RXRα,4NQA.A,4NQA_3,C,C,Nuclear receptor coactivator 2,13,"[""Q15596""]",2.432618959064488,"[277, 280, 284, 289, 294, 297, 298, 301, 302, 449, 450, 453, 454]",COREGULATOR_CANDIDATE,Short polymer (13 aa) with coregulator-keyword description match: ['coactivator'].
4OAR,P06401,NR3C3,PR,4OAR.A,4OAR_2,B,B,Peptide from Nuclear receptor corepressor 2,17,"[""Q9Y618""]",2.8883768798409957,"[726, 727, 730, 733, 734, 739, 740, 744, 745, 747, 748, 751, 752, 755]",COREGULATOR_CANDIDATE,Short polymer (17 aa) with coregulator-keyword description match: ['corepressor'].
4OC7,P19793,NR2B1,RXRα,4OC7.A,4OC7_2,B,B,Nuclear receptor coactivator 2,13,"[""Q15596""]",2.703877216147217,"[277, 280, 281, 284, 289, 294, 295, 297, 298, 301, 302, 449, 450, 453, 454]",COREGULATOR_CANDIDATE,Short polymer (13 aa) with coregulator-keyword description match: ['coactivator'].
4OED,P10275,NR3C4,AR,4OED.A,4OED_2,B,B,Protein BUD31 homolog,15,"[""P41223""]",2.5074221822421516,"[713, 714, 717, 721, 726, 731, 732, 734, 735, 738, 739, 894, 895, 898, 899]",UNCLASSIFIED_PARTNER,Short polymer (15 aa) but no coregulator-keyword evidence in description ('Protein BUD31 homolog') — not assumed to be a coregulator without supporting metadata.
4OEY,P10275,NR3C4,AR,4OEY.A,4OEY_2,B,B,co-regulator peptide,11,[],2.511905252990245,"[713, 714, 717, 721, 726, 731, 734, 735, 738, 739, 894, 895, 898, 899]",UNCLASSIFIED_PARTNER,Short polymer (11 aa) but no coregulator-keyword evidence in description ('co-regulator peptide') — not assumed to be a coregulator without supporting metadata.
4OEZ,P10275,NR3C4,AR,4OEZ.A,4OEZ_2,B,B,co-regulator peptide,12,[],2.2375039664769285,"[713, 714, 717, 721, 726, 727, 731, 734, 735, 738, 739, 894, 895, 898, 899]",UNCLASSIFIED_PARTNER,Short polymer (12 aa) but no coregulator-keyword evidence in description ('co-regulator peptide') — not assumed to be a coregulator without supporting metadata.
4OFR,P10275,NR3C4,AR,4OFR.A,4OFR_2,B,B,co-regulator peptide,12,[],2.5165986966538787,"[713, 714, 717, 718, 721, 726, 731, 732, 734, 735, 736, 738, 739, 894, 895, 898, 899]",UNCLASSIFIED_PARTNER,Short polymer (12 aa) but no coregulator-keyword evidence in description ('co-regulator peptide') — not assumed to be a coregulator without supporting metadata.
4OFU,P10275,NR3C4,AR,4OFU.A,4OFU_2,B,B,co-regulator peptide,12,[],2.2370974498219773,"[713, 714, 717, 718, 721, 726, 731, 734, 735, 738, 739, 894, 895, 898, 899]",UNCLASSIFIED_PARTNER,Short polymer (12 aa) but no coregulator-keyword evidence in description ('co-regulator peptide') — not assumed to be a coregulator without supporting metadata.
4OH5,P10275,NR3C4,AR,4OH5.A,4OH5_2,B,B,co-regulator peptide,11,[],2.6864863669856955,"[713, 714, 717, 721, 726, 731, 734, 735, 738, 739, 894, 895, 898, 899]",UNCLASSIFIED_PARTNER,Short polymer (11 aa) but no coregulator-keyword evidence in description ('co-regulator peptide') — not assumed to be a coregulator without supporting metadata.
4OIL,P10275,NR3C4,AR,4OIL.A,4OIL_2,B,B,co-regulator peptide,12,[],2.4515225881072356,"[713, 717, 721, 726, 731, 734, 735, 738, 739, 894, 895, 898, 899]",UNCLASSIFIED_PARTNER,Short polymer (12 aa) but no coregulator-keyword evidence in description ('co-regulator peptide') — not assumed to be a coregulator without supporting metadata.
4OK1,P10275,NR3C4,AR,4OK1.A,4OK1_2,B,B,co-regulator peptide,11,[],2.6977952109083474,"[713, 714, 717, 721, 726, 731, 734, 735, 738, 739, 894, 895, 898, 899]",UNCLASSIFIED_PARTNER,Short polymer (11 aa) but no coregulator-keyword evidence in description ('co-regulator peptide') — not assumed to be a coregulator without supporting metadata.
4OKB,P10275,NR3C4,AR,4OKB.A,4OKB_2,B,B,Protein BUD31 homolog,15,"[""P41223""]",2.70296226388753,"[713, 714, 717, 721, 726, 731, 732, 734, 735, 738, 739, 894, 895, 898, 899]",UNCLASSIFIED_PARTNER,Short polymer (15 aa) but no coregulator-keyword evidence in description ('Protein BUD31 homolog') — not assumed to be a coregulator without supporting metadata.
4OKT,P10275,NR3C4,AR,4OKT.A,4OKT_2,B,B,co-regulator peptide,12,[],2.3950060542720966,"[713, 714, 717, 718, 721, 726, 731, 734, 735, 738, 739, 894, 895, 898, 899]",UNCLASSIFIED_PARTNER,Short polymer (12 aa) but no coregulator-keyword evidence in description ('co-regulator peptide') — not assumed to be a coregulator without supporting metadata.
4OKW,P10275,NR3C4,AR,4OKW.A,4OKW_2,B,B,co-regulator peptide,12,[],2.512994229997356,"[713, 714, 717, 721, 726, 731, 734, 735, 738, 739, 894, 895, 898, 899]",UNCLASSIFIED_PARTNER,Short polymer (12 aa) but no coregulator-keyword evidence in description ('co-regulator peptide') — not assumed to be a coregulator without supporting metadata.
4OKX,P10275,NR3C4,AR,4OKX.A,4OKX_2,B,B,co-regulator peptide,12,[],2.6546596768700885,"[713, 714, 717, 721, 726, 731, 734, 735, 738, 739, 895, 898, 899]",UNCLASSIFIED_PARTNER,Short polymer (12 aa) but no coregulator-keyword evidence in description ('co-regulator peptide') — not assumed to be a coregulator without supporting metadata.
4ONI,O00482,NR5A2,LRH-1,4ONI.A,4ONI_2,B,C,Nuclear receptor subfamily 0 group B member 2,19,"[""Q15466""]",2.427395517833877,"[354, 357, 361, 366, 371, 372, 374, 375, 378, 379, 529, 530, 531, 534, 535, 537, 538]",OTHER_RECEPTOR_PARTNER,UniProt mapping matches project receptor(s): Q15466 (SHP) (a different project-receptor heterodimer partner).
4P6W,P04150,NR3C1,GR,4P6W.A,4P6W_2,B,B,Nuclear receptor coactivator 2,12,"[""Q15596""]",2.5802997887842425,"[572, 575, 579, 584, 585, 589, 590, 592, 593, 596, 597, 751, 752, 755, 756]",COREGULATOR_CANDIDATE,Short polymer (12 aa) with coregulator-keyword description match: ['coactivator'].
4P6X,P04150,NR3C1,GR,4P6X.C,4P6X_2,D,D,Nuclear receptor coactivator 2,14,"[""Q15596""]",2.4168744278509804,"[572, 575, 576, 579, 584, 585, 589, 590, 592, 593, 596, 597, 752, 755, 756]",COREGULATOR_CANDIDATE,Short polymer (14 aa) with coregulator-keyword description match: ['coactivator'].
4POH,P19793,NR2B1,RXRα,4POH.A,4POH_2,B,B,Nuclear receptor coactivator 2,13,"[""Q15596""]",2.676776045917929,"[277, 280, 281, 284, 289, 294, 295, 297, 298, 301, 302, 449, 450, 453, 454, 456, 457, 458]",COREGULATOR_CANDIDATE,Short polymer (13 aa) with coregulator-keyword description match: ['coactivator'].
4POJ,P19793,NR2B1,RXRα,4POJ.A,4POJ_2,B,B,Nuclear receptor coactivator 2,13,"[""Q15596""]",2.678169897523304,"[277, 280, 281, 284, 289, 294, 295, 297, 298, 301, 302, 449, 450, 453, 454, 456, 457, 458]",COREGULATOR_CANDIDATE,Short polymer (13 aa) with coregulator-keyword description match: ['coactivator'].
4PP3,P19793,NR2B1,RXRα,4PP3.A,4PP3_2,B,B,Nuclear receptor coactivator 2,13,"[""Q15596""]",2.6818027518816487,"[277, 280, 281, 284, 289, 294, 295, 297, 298, 301, 302, 449, 450, 453, 454, 457, 458]",COREGULATOR_CANDIDATE,Short polymer (13 aa) with coregulator-keyword description match: ['coactivator'].
4PP5,P19793,NR2B1,RXRα,4PP5.A,4PP5_2,B,B,Nuclear receptor coactivator 2,13,"[""Q15596""]",2.712116516671069,"[277, 280, 281, 284, 289, 294, 297, 298, 301, 302, 449, 450, 453, 454, 456, 457, 458]",COREGULATOR_CANDIDATE,Short polymer (13 aa) with coregulator-keyword description match: ['coactivator'].
4PP6,P03372,NR3A1,ERα,4PP6.A,4PP6_2,C,C,Nuclear receptor coactivator 2,9,"[""Q15596""]",3.023006450538933,"[355, 358, 362, 367, 372, 373, 375, 376, 379, 380, 538, 539, 542, 543]",COREGULATOR_CANDIDATE,Short polymer (9 aa) with coregulator-keyword description match: ['coactivator'].
4PPP,P03372,NR3A1,ERα,4PPP.B,4PPP_2,D,D,Nuclear receptor coactivator 2,9,"[""Q15596""]",2.7821288611421298,"[358, 367, 372, 375, 376, 379, 380, 538, 539, 542, 543]",COREGULATOR_CANDIDATE,Short polymer (9 aa) with coregulator-keyword description match: ['coactivator'].
4PPS,P03372,NR3A1,ERα,4PPS.A,4PPS_2,C,C,Nuclear receptor coactivator 2,12,"[""Q15596""]",2.5419484652525925,"[355, 358, 362, 363, 367, 372, 375, 376, 379, 380, 538, 539, 542, 543]",COREGULATOR_CANDIDATE,Short polymer (12 aa) with coregulator-keyword description match: ['coactivator'].
4PXM,P03372,NR3A1,ERα,4PXM.A,4PXM_2,C,C,Nuclear receptor coactivator 2,13,"[""Q15596""]",2.736136875231207,"[355, 358, 362, 367, 372, 373, 375, 376, 379, 380, 538, 539, 542, 543]",COREGULATOR_CANDIDATE,Short polymer (13 aa) with coregulator-keyword description match: ['coactivator'].
4Q13,P03372,NR3A1,ERα,4Q13.A,4Q13_2,C,C,Glucocorticoid receptor-interacting protein 1 NR box II peptide,13,"[""Q15596""]",2.546210124871866,"[358, 362, 367, 372, 375, 376, 379, 380, 538, 539, 542, 543]",UNCLASSIFIED_PARTNER,Short polymer (13 aa) but no coregulator-keyword evidence in description ('Glucocorticoid receptor-interacting protein 1 NR box II peptide') — not assumed to be a coregulator without supporting metadata.
4QE8,Q96RI1,NR1H4,FXR,4QE8.A,4QE8_2,C,C,Nuclear receptor coactivator 2,13,"[""Q15596""]",2.621140782178631,"[313, 317, 322, 323, 327, 328, 330, 331, 334, 335, 477, 478, 481, 482]",COREGULATOR_CANDIDATE,Short polymer (13 aa) with coregulator-keyword description match: ['coactivator'].
4QE8,Q96RI1,NR1H4,FXR,4QE8.A,4QE8_2,D,D,Nuclear receptor coactivator 2,13,"[""Q15596""]",3.776219538109509,"[310, 477, 478, 481]",COREGULATOR_CANDIDATE,Short polymer (13 aa) with coregulator-keyword description match: ['coactivator'].
4QJR,Q13285,NR5A1,SF-1,4QJR.A,4QJR_2,B,B,Peroxisome proliferator-activated receptor gamma coactivator 1-alpha,14,"[""Q9UBK2""]",2.6345384795064177,"[273, 274, 277, 281, 286, 291, 294, 295, 298, 299, 449, 450, 451, 454, 455]",COREGULATOR_CANDIDATE,"Short polymer (14 aa) with coregulator-keyword description match: ['coactivator', 'peroxisome proliferator-activated receptor gamma coactivator']."
4QK4,Q13285,NR5A1,SF-1,4QK4.A,4QK4_2,B,B,Peroxisome proliferator-activated receptor gamma coactivator 1-alpha,14,"[""Q9UBK2""]",2.9006849191182424,"[273, 274, 277, 281, 286, 291, 294, 295, 298, 299, 449, 450, 451, 454, 455]",COREGULATOR_CANDIDATE,"Short polymer (14 aa) with coregulator-keyword description match: ['coactivator', 'peroxisome proliferator-activated receptor gamma coactivator']."
4RFW,P19793,NR2B1,RXRα,4RFW.A,4RFW_2,B,G,Nuclear receptor coactivator 2,13,"[""Q15596""]",2.7206166580391344,"[277, 280, 281, 284, 289, 294, 295, 297, 298, 301, 302, 449, 450, 453, 454, 456, 457, 458]",COREGULATOR_CANDIDATE,Short polymer (13 aa) with coregulator-keyword description match: ['coactivator'].
4RMC,P19793,NR2B1,RXRα,4RMC.A,4RMC_2,B,B,Nuclear receptor coactivator 2,13,"[""Q15596""]",2.6063710403547695,"[277, 280, 281, 284, 289, 294, 295, 297, 298, 301, 302, 449, 450, 453, 456, 457, 458]",COREGULATOR_CANDIDATE,Short polymer (13 aa) with coregulator-keyword description match: ['coactivator'].
4RMD,P19793,NR2B1,RXRα,4RMD.A,4RMD_2,B,B,Nuclear receptor coactivator 2,13,"[""Q15596""]",2.6258153019586126,"[277, 280, 281, 284, 289, 294, 295, 297, 298, 301, 302, 449, 450, 453, 454, 456, 457, 458]",COREGULATOR_CANDIDATE,Short polymer (13 aa) with coregulator-keyword description match: ['coactivator'].
4RME,P19793,NR2B1,RXRα,4RME.A,4RME_2,B,B,Nuclear receptor coactivator 2,13,"[""Q15596""]",2.767075170644988,"[277, 280, 281, 284, 289, 294, 295, 297, 298, 301, 302, 449, 450, 453, 454, 456, 457, 458]",COREGULATOR_CANDIDATE,Short polymer (13 aa) with coregulator-keyword description match: ['coactivator'].
4RWV,O00482,NR5A2,LRH-1,4RWV.A,4RWV_2,B,B,Nuclear receptor DAX1,15,"[""P51843""]",2.600229412955713,"[354, 357, 361, 362, 366, 367, 368, 369, 370, 371, 372, 374, 375, 378, 379, 529, 530, 531, 534, 535, 538]",OTHER_RECEPTOR_PARTNER,UniProt mapping matches project receptor(s): P51843 (DAX-1) (a different project-receptor heterodimer partner).
4S0S,O75469,NR1I2,PXR,4S0S.A,4S0S_2,C,D,Adnectin-1,120,[],2.3887509288328914,"[160, 248, 252, 255, 256, 259, 260, 264, 265, 269, 272, 273, 276, 277, 423, 424, 427, 428]",OTHER_PROTEIN_PARTNER,"Longer polymer (120 aa), no project-receptor UniProt match, no coregulator keyword: 'Adnectin-1'."
4S0T,O75469,NR1I2,PXR,4S0T.B,4S0T_2,D,E,Adnectin-1,120,[],2.617012609828239,"[160, 161, 248, 252, 255, 256, 259, 260, 264, 265, 269, 272, 273, 276, 277, 423, 424, 427, 428]",OTHER_PROTEIN_PARTNER,"Longer polymer (120 aa), no project-receptor UniProt match, no coregulator keyword: 'Adnectin-1'."
4S15,P35398,NR1F1,RORα,4S15.A,4S15_2,B,C,Nuclear receptor-interacting protein 1,12,"[""P48552""]",2.536445741584079,"[332, 335, 336, 339, 344, 345, 349, 350, 352, 353, 356, 357, 505, 506, 509, 510]",UNCLASSIFIED_PARTNER,Short polymer (12 aa) but no coregulator-keyword evidence in description ('Nuclear receptor-interacting protein 1') — not assumed to be a coregulator without supporting metadata.
4S15,P35398,NR1F1,RORα,4S15.A,4S15_2,D,D,Nuclear receptor-interacting protein 1,12,"[""P48552""]",3.1829662266508563,"[286, 287, 329, 332, 333, 336, 340]",UNCLASSIFIED_PARTNER,Short polymer (12 aa) but no coregulator-keyword evidence in description ('Nuclear receptor-interacting protein 1') — not assumed to be a coregulator without supporting metadata.
4TUZ,P03372,NR3A1,ERα,4TUZ.A,4TUZ_3,C,F,Nuclear receptor coactivator 1,13,"[""Q15788""]",2.833265607033692,"[355, 358, 359, 362, 367, 372, 373, 375, 376, 379, 380, 538, 539, 542, 543]",COREGULATOR_CANDIDATE,Short polymer (13 aa) with coregulator-keyword description match: ['coactivator'].
4TUZ,P03372,NR3A1,ERα,4TUZ.B,4TUZ_3,D,G,Nuclear receptor coactivator 1,13,"[""Q15788""]",2.8879141261471055,"[355, 358, 362, 367, 372, 375, 376, 379, 380, 538, 539, 542, 543]",COREGULATOR_CANDIDATE,Short polymer (13 aa) with coregulator-keyword description match: ['coactivator'].
4TV1,P03372,NR3A1,ERα,4TV1.A,4TV1_3,C,C,Nuclear receptor coactivator 1,13,"[""Q15788""]",2.8979915458813883,"[358, 359, 362, 367, 372, 373, 375, 376, 379, 380, 538, 539, 542, 543]",COREGULATOR_CANDIDATE,Short polymer (13 aa) with coregulator-keyword description match: ['coactivator'].
4TV1,P03372,NR3A1,ERα,4TV1.B,4TV1_3,D,D,Nuclear receptor coactivator 1,13,"[""Q15788""]",2.9189253159339317,"[355, 358, 362, 367, 372, 373, 375, 376, 379, 380, 538, 539, 542, 543]",COREGULATOR_CANDIDATE,Short polymer (13 aa) with coregulator-keyword description match: ['coactivator'].
4UDA,P08235,NR3C2,MR,4UDA.A,4UDA_2,B,B,NUCLEAR RECEPTOR COACTIVATOR 1,15,"[""Q15788""]",2.761733332528685,"[778, 781, 782, 785, 790, 795, 798, 799, 802, 803, 958, 959, 962, 963]",COREGULATOR_CANDIDATE,Short polymer (15 aa) with coregulator-keyword description match: ['coactivator'].
4UDB,P08235,NR3C2,MR,4UDB.A,4UDB_2,B,B,NUCLEAR RECEPTOR COACTIVATOR 1,15,"[""Q15788""]",2.8190482436453626,"[778, 781, 782, 785, 790, 795, 798, 799, 802, 803, 958, 959, 962, 963]",COREGULATOR_CANDIDATE,Short polymer (15 aa) with coregulator-keyword description match: ['coactivator'].
4UDC,P04150,NR3C1,GR,4UDC.A,4UDC_2,B,B,NUCLEAR RECEPTOR COACTIVATOR 2,14,"[""Q15596""]",2.8025433092104035,"[572, 575, 576, 579, 584, 585, 589, 590, 592, 593, 596, 597, 751, 752, 755, 756]",COREGULATOR_CANDIDATE,Short polymer (14 aa) with coregulator-keyword description match: ['coactivator'].
4UDD,P04150,NR3C1,GR,4UDD.A,4UDD_2,B,B,NUCLEAR RECEPTOR COACTIVATOR 2,14,"[""Q15596""]",2.788939583425928,"[572, 575, 576, 579, 584, 585, 589, 590, 592, 593, 596, 597, 751, 752, 755]",COREGULATOR_CANDIDATE,Short polymer (14 aa) with coregulator-keyword description match: ['coactivator'].
4WPF,P51449,NR1F3,RORγ,4WPF.A,4WPF_2,B,B,RHKILHRLLQEGSPS,11,[],2.756330531703341,"[329, 332, 336, 341, 342, 346, 349, 350, 353, 354, 500, 501, 503, 504, 505]",UNCLASSIFIED_PARTNER,Short polymer (11 aa) but no coregulator-keyword evidence in description ('RHKILHRLLQEGSPS') — not assumed to be a coregulator without supporting metadata.
4WPF,P51449,NR1F3,RORγ,4WPF.A,4WPF_2,D,E,RHKILHRLLQEGSPS,11,[],3.409202839374623,[395],UNCLASSIFIED_PARTNER,Short polymer (11 aa) but no coregulator-keyword evidence in description ('RHKILHRLLQEGSPS') — not assumed to be a coregulator without supporting metadata.
4WQP,P51449,NR1F3,RORγ,4WQP.A,4WQP_2,C,P,VAL-GLU-ARG-LEU-GLN-ILE-PHE-GLN-HIS-LEU-HIS-PRO-ILE,13,"[""P51449""]",3.0732243653856464,"[317, 321, 324, 325, 328, 329, 332, 336, 341, 346, 349, 350, 353, 354, 358, 483, 487, 492, 498]",OTHER_RECEPTOR_PARTNER,"UniProt mapping matches project receptor(s): P51449 (RORγ) (same receptor — a second copy/homodimer partner chain, not a heterodimer partner)."
4XT9,P51449,NR1F3,RORγ,4XT9.A,4XT9_2,B,B,LYS-ILE-LEU-HIS-ARG-LEU-LEU-GLN,8,[],2.6663810680396005,"[329, 332, 336, 341, 342, 346, 349, 350, 353, 354, 500, 501, 504, 505]",UNCLASSIFIED_PARTNER,Short polymer (8 aa) but no coregulator-keyword evidence in description ('LYS-ILE-LEU-HIS-ARG-LEU-LEU-GLN') — not assumed to be a coregulator without supporting metadata.
4Y29,P37231,NR1C3,PPARγ,4Y29.A,4Y29_2,B,B,Peptide from Nuclear receptor coactivator 1,10,"[""Q15788""]",2.599944807106491,"[321, 322, 325, 326, 329, 334, 339, 340, 342, 343, 346, 347, 495, 496, 499, 500]",COREGULATOR_CANDIDATE,Short polymer (10 aa) with coregulator-keyword description match: ['coactivator'].
4ZI1,Q92731,NR3A2,ERβ,4ZI1.A,4ZI1_2,B,B,Nuclear receptor coactivator 5,12,"[""Q9HCD5""]",2.848976307377791,"[307, 310, 314, 319, 324, 327, 328, 331, 332, 490, 493, 494]",COREGULATOR_CANDIDATE,Short polymer (12 aa) with coregulator-keyword description match: ['coactivator'].
4ZN7,P03372,NR3A1,ERα,4ZN7.B,4ZN7_2,C,C,Nuclear receptor coactivator 2,13,"[""Q15596""]",2.789851967398987,"[355, 358, 359, 362, 367, 372, 375, 376, 379, 380, 538, 539, 542, 543]",COREGULATOR_CANDIDATE,Short polymer (13 aa) with coregulator-keyword description match: ['coactivator'].
4ZN9,P03372,NR3A1,ERα,4ZN9.A,4ZN9_2,C,C,Nuclear receptor-interacting peptide,13,"[""Q15596""]",2.7704501439296836,"[355, 358, 359, 362, 367, 372, 373, 375, 376, 379, 380, 538, 539, 542, 543]",UNCLASSIFIED_PARTNER,Short polymer (13 aa) but no coregulator-keyword evidence in description ('Nuclear receptor-interacting peptide') — not assumed to be a coregulator without supporting metadata.
4ZNH,P03372,NR3A1,ERα,4ZNH.A,4ZNH_2,C,C,Nuclear receptor-interacting peptide,13,"[""Q15596""]",2.9326155561205085,"[358, 359, 362, 367, 372, 373, 375, 376, 379, 380, 538, 539, 542, 543]",UNCLASSIFIED_PARTNER,Short polymer (13 aa) but no coregulator-keyword evidence in description ('Nuclear receptor-interacting peptide') — not assumed to be a coregulator without supporting metadata.
4ZNS,P03372,NR3A1,ERα,4ZNS.B,4ZNS_2,D,D,Nuclear receptor-interacting peptide,13,"[""Q15596""]",2.6703207672487554,"[358, 362, 367, 372, 375, 376, 379, 380, 538, 539, 542, 543]",UNCLASSIFIED_PARTNER,Short polymer (13 aa) but no coregulator-keyword evidence in description ('Nuclear receptor-interacting peptide') — not assumed to be a coregulator without supporting metadata.
4ZNT,P03372,NR3A1,ERα,4ZNT.B,4ZNT_2,D,D,Nuclear receptor-interacting peptide,13,"[""Q15596""]",2.734319842300824,"[355, 358, 362, 367, 372, 375, 376, 379, 380, 538, 539, 542, 543]",UNCLASSIFIED_PARTNER,Short polymer (13 aa) but no coregulator-keyword evidence in description ('Nuclear receptor-interacting peptide') — not assumed to be a coregulator without supporting metadata.
4ZNU,P03372,NR3A1,ERα,4ZNU.A,4ZNU_2,B,C,Nuclear receptor-interacting peptide,13,"[""Q15596""]",2.846693871845021,"[355, 358, 359, 362, 367, 372, 375, 376, 379, 380, 538, 539, 542, 543]",UNCLASSIFIED_PARTNER,Short polymer (13 aa) but no coregulator-keyword evidence in description ('Nuclear receptor-interacting peptide') — not assumed to be a coregulator without supporting metadata.
4ZNW,P03372,NR3A1,ERα,4ZNW.A,4ZNW_2,C,C,Nuclear receptor-interacting peptide,13,"[""Q15596""]",2.924553983088702,"[355, 358, 359, 362, 367, 372, 375, 376, 379, 380, 538, 539, 542, 543]",UNCLASSIFIED_PARTNER,Short polymer (13 aa) but no coregulator-keyword evidence in description ('Nuclear receptor-interacting peptide') — not assumed to be a coregulator without supporting metadata.
4ZO1,P10828,NR1A2,TRβ,4ZO1.A,4ZO1_2,B,A,Nuclear receptor coactivator 2,9,"[""Q15596""]",2.9848311510033536,"[281, 284, 288, 293, 298, 301, 302, 305, 306, 453, 454, 457]",COREGULATOR_CANDIDATE,Short polymer (9 aa) with coregulator-keyword description match: ['coactivator'].
4ZO1,P10828,NR1A2,TRβ,4ZO1.A,4ZO1_3,C,B,Retinoic acid receptor RXR-alpha,225,"[""P19793""]",2.8584375102492636,"[376, 381, 382, 389, 393, 396, 397, 400, 404, 416, 418, 419, 420, 422, 423, 425, 426, 427, 429, 430, 433, 434]",OTHER_RECEPTOR_PARTNER,UniProt mapping matches project receptor(s): P19793 (RXRα) (a different project-receptor heterodimer partner).
4ZSH,P19793,NR2B1,RXRα,4ZSH.A,4ZSH_2,B,B,NCoA2 peptide,13,"[""Q15596""]",2.4983324438512944,"[277, 280, 281, 284, 289, 294, 295, 297, 298, 301, 302, 449, 450, 453, 454, 457, 458]",COREGULATOR_CANDIDATE,Short polymer (13 aa) with coregulator-keyword description match: ['ncoa'].
5A86,O75469,NR1I2,PXR,5A86.B,5A86_2,D,D,NUCLEAR RECEPTOR COACTIVATOR 1,17,"[""Q15788""]",2.7696239816985995,"[252, 255, 256, 259, 260, 264, 269, 270, 272, 273, 274, 276, 277, 423, 424, 427, 428]",COREGULATOR_CANDIDATE,Short polymer (17 aa) with coregulator-keyword description match: ['coactivator'].
5AAV,P03372,NR3A1,ERα,5AAV.A,5AAV_2,B,B,ESTROGEN RECEPTOR,252,"[""P03372""]",2.4562208776899532,"[451, 455, 456, 457, 458, 459, 460, 476, 479, 480, 483, 484, 487, 497, 498, 501, 502, 504, 505, 506, 508, 509, 511, 512, 513, 515, 516, 519, 523]",OTHER_RECEPTOR_PARTNER,"UniProt mapping matches project receptor(s): P03372 (ERα) (same receptor — a second copy/homodimer partner chain, not a heterodimer partner)."
5APJ,P51449,NR1F3,RORγ,5APJ.A,5APJ_2,B,C,NUCLEAR RECEPTOR COACTIVATOR 2,12,"[""Q15596""]",2.671846926753102,"[329, 332, 336, 341, 342, 346, 349, 350, 353, 354, 500, 501, 504, 505]",COREGULATOR_CANDIDATE,Short polymer (12 aa) with coregulator-keyword description match: ['coactivator'].
5APK,P51449,NR1F3,RORγ,5APK.B,5APK_2,C,D,NUCLEAR RECEPTOR ROR-GAMMA,13,"[""P51449""]",3.0893148107630557,"[317, 321, 324, 325, 328, 332, 333, 336, 341, 346, 349, 350, 353, 354, 358, 483, 487]",OTHER_RECEPTOR_PARTNER,"UniProt mapping matches project receptor(s): P51449 (RORγ) (same receptor — a second copy/homodimer partner chain, not a heterodimer partner)."
5AVI,Q13133,NR1H3,LXRα,5AVI.A,5AVI_2,B,B,Nuclear receptor coactivator 1,25,"[""Q15788""]",2.6016606235249204,"[265, 266, 269, 270, 273, 278, 279, 283, 284, 286, 287, 288, 290, 291, 370, 371, 437, 438, 441, 442]",COREGULATOR_CANDIDATE,Short polymer (25 aa) with coregulator-keyword description match: ['coactivator'].
5AVL,Q13133,NR1H3,LXRα,5AVL.A,5AVL_2,B,B,Nuclear receptor coactivator 1,25,"[""Q15788""]",2.5046744299409447,"[265, 266, 269, 273, 278, 283, 284, 286, 287, 288, 290, 291, 371, 437, 438, 441, 442]",COREGULATOR_CANDIDATE,Short polymer (25 aa) with coregulator-keyword description match: ['coactivator'].
5CJ6,P10275,NR3C4,AR,5CJ6.A,5CJ6_2,B,B,small peptide,10,"[""P10275""]",2.6509494525546877,"[713, 714, 717, 718, 721, 726, 731, 734, 735, 738, 739, 894, 895, 898, 899]",OTHER_RECEPTOR_PARTNER,"UniProt mapping matches project receptor(s): P10275 (AR) (same receptor — a second copy/homodimer partner chain, not a heterodimer partner)."
5DI7,P03372,NR3A1,ERα,5DI7.B,5DI7_2,D,D,Nuclear receptor coactivator 2,14,"[""Q15596""]",2.686283305982451,"[355, 358, 359, 362, 367, 372, 375, 376, 379, 380, 538, 539, 542, 543]",COREGULATOR_CANDIDATE,Short polymer (14 aa) with coregulator-keyword description match: ['coactivator'].
5DID,P03372,NR3A1,ERα,5DID.B,5DID_2,D,D,Nuclear receptor coactivator 2,14,"[""Q15596""]",2.730485671084907,"[355, 358, 359, 362, 367, 372, 375, 376, 379, 380, 538, 539, 542, 543]",COREGULATOR_CANDIDATE,Short polymer (14 aa) with coregulator-keyword description match: ['coactivator'].
5DIE,P03372,NR3A1,ERα,5DIE.A,5DIE_2,C,C,Nuclear receptor coactivator 2,14,"[""Q15596""]",2.627035020702999,"[355, 358, 362, 367, 372, 373, 375, 376, 379, 380, 538, 539, 542, 543]",COREGULATOR_CANDIDATE,Short polymer (14 aa) with coregulator-keyword description match: ['coactivator'].
5DIG,P03372,NR3A1,ERα,5DIG.B,5DIG_2,D,D,Nuclear receptor coactivator 2,14,"[""Q15596""]",2.3852622497327207,"[355, 358, 359, 362, 367, 372, 375, 376, 379, 380, 538, 539, 542, 543, 546]",COREGULATOR_CANDIDATE,Short polymer (14 aa) with coregulator-keyword description match: ['coactivator'].
5DK9,P03372,NR3A1,ERα,5DK9.B,5DK9_2,D,D,Nuclear receptor coactivator 2,14,"[""Q15596""]",2.8005802970098883,"[355, 358, 359, 362, 367, 372, 373, 375, 376, 379, 380, 538, 539, 542, 543]",COREGULATOR_CANDIDATE,Short polymer (14 aa) with coregulator-keyword description match: ['coactivator'].
5DKB,P03372,NR3A1,ERα,5DKB.B,5DKB_2,D,D,Nuclear receptor coactivator 2,14,"[""Q15596""]",2.8979042427243846,"[358, 362, 367, 372, 373, 375, 376, 379, 380, 538, 539, 542, 543]",COREGULATOR_CANDIDATE,Short polymer (14 aa) with coregulator-keyword description match: ['coactivator'].
5DKE,P03372,NR3A1,ERα,5DKE.B,5DKE_2,D,D,Nuclear receptor coactivator 2,14,"[""Q15596""]",3.0282986972886268,"[355, 358, 359, 362, 367, 372, 373, 375, 376, 379, 380, 538, 539, 542, 543]",COREGULATOR_CANDIDATE,Short polymer (14 aa) with coregulator-keyword description match: ['coactivator'].
5DKG,P03372,NR3A1,ERα,5DKG.B,5DKG_2,D,D,Nuclear receptor coactivator 2,14,"[""Q15596""]",2.953236360334202,"[358, 362, 367, 372, 373, 375, 376, 379, 380, 538, 539, 542, 543]",COREGULATOR_CANDIDATE,Short polymer (14 aa) with coregulator-keyword description match: ['coactivator'].
5DKS,P03372,NR3A1,ERα,5DKS.B,5DKS_2,D,D,Nuclear receptor coactivator 2,14,"[""Q15596""]",2.497959367163525,"[355, 358, 359, 362, 367, 372, 375, 376, 379, 380, 538, 539, 542, 543]",COREGULATOR_CANDIDATE,Short polymer (14 aa) with coregulator-keyword description match: ['coactivator'].
5DL4,P03372,NR3A1,ERα,5DL4.B,5DL4_2,D,D,Nuclear receptor coactivator 2,14,"[""Q15596""]",2.8553169701453465,"[358, 362, 367, 372, 373, 375, 376, 379, 380, 538, 539, 542, 543]",COREGULATOR_CANDIDATE,Short polymer (14 aa) with coregulator-keyword description match: ['coactivator'].
5DLR,P03372,NR3A1,ERα,5DLR.B,5DLR_2,C,C,Nuclear receptor coactivator 2,14,"[""Q15596""]",2.4964474759145245,"[358, 362, 367, 372, 373, 375, 376, 379, 380, 538, 539, 542, 543]",COREGULATOR_CANDIDATE,Short polymer (14 aa) with coregulator-keyword description match: ['coactivator'].
5DMC,P03372,NR3A1,ERα,5DMC.B,5DMC_2,D,D,Nuclear receptor coactivator 2,14,"[""Q15596""]",2.812863843132122,"[355, 358, 359, 362, 367, 372, 375, 376, 379, 380, 538, 539, 542, 543]",COREGULATOR_CANDIDATE,Short polymer (14 aa) with coregulator-keyword description match: ['coactivator'].
5DMF,P03372,NR3A1,ERα,5DMF.A,5DMF_2,C,C,Nuclear receptor coactivator 2,14,"[""Q15596""]",1.985025944414833,"[355, 358, 359, 362, 363, 367, 372, 373, 375, 376, 379, 380, 538, 539, 542, 543]",COREGULATOR_CANDIDATE,Short polymer (14 aa) with coregulator-keyword description match: ['coactivator'].
5DP0,P03372,NR3A1,ERα,5DP0.B,5DP0_2,C,C,Nuclear receptor coactivator 2,14,"[""Q15596""]",2.8411622621737043,"[358, 362, 367, 372, 373, 375, 376, 379, 380, 538, 539, 542, 543]",COREGULATOR_CANDIDATE,Short polymer (14 aa) with coregulator-keyword description match: ['coactivator'].
5DRJ,P03372,NR3A1,ERα,5DRJ.B,5DRJ_2,D,D,Nuclear receptor coactivator 2,14,"[""Q15596""]",2.964926474636429,"[358, 359, 362, 367, 372, 375, 376, 379, 380, 538, 539, 542, 543]",COREGULATOR_CANDIDATE,Short polymer (14 aa) with coregulator-keyword description match: ['coactivator'].
5DRM,P03372,NR3A1,ERα,5DRM.A,5DRM_2,C,C,Nuclear receptor coactivator 2,14,"[""Q15596""]",2.708744727729065,"[358, 362, 367, 372, 373, 375, 376, 379, 380, 538, 539, 542, 543]",COREGULATOR_CANDIDATE,Short polymer (14 aa) with coregulator-keyword description match: ['coactivator'].
5DSH,P37231,NR1C3,PPARγ,5DSH.A,5DSH_2,B,B,Nuclear receptor coactivator 1,16,"[""Q15788""]",2.6387385243710684,"[321, 322, 325, 329, 334, 339, 340, 342, 343, 346, 347, 495, 496, 499, 500, 502]",COREGULATOR_CANDIDATE,Short polymer (16 aa) with coregulator-keyword description match: ['coactivator'].
5DTV,P03372,NR3A1,ERα,5DTV.C,5DTV_2,D,D,Nuclear receptor coactivator 2,14,"[""Q15596""]",2.802891007513493,"[355, 358, 359, 362, 367, 372, 375, 376, 379, 380, 538, 539, 542, 543]",COREGULATOR_CANDIDATE,Short polymer (14 aa) with coregulator-keyword description match: ['coactivator'].
5DU5,P03372,NR3A1,ERα,5DU5.B,5DU5_2,D,D,Nuclear receptor coactivator 2,14,"[""Q15596""]",2.6396853979215043,"[355, 358, 359, 362, 367, 372, 375, 376, 379, 380, 538, 539, 542, 543]",COREGULATOR_CANDIDATE,Short polymer (14 aa) with coregulator-keyword description match: ['coactivator'].
5DUE,P03372,NR3A1,ERα,5DUE.B,5DUE_2,D,D,Nuclear receptor coactivator 2,14,"[""Q15596""]",2.5607770305124196,"[358, 359, 362, 367, 372, 375, 376, 379, 380, 538, 539, 542, 543]",COREGULATOR_CANDIDATE,Short polymer (14 aa) with coregulator-keyword description match: ['coactivator'].
5DUG,P03372,NR3A1,ERα,5DUG.A,5DUG_2,C,C,Nuclear receptor coactivator 2,14,"[""Q15596""]",2.771571756242293,"[355, 358, 359, 362, 367, 372, 375, 376, 379, 380, 538, 539, 542, 543]",COREGULATOR_CANDIDATE,Short polymer (14 aa) with coregulator-keyword description match: ['coactivator'].
5DUH,P03372,NR3A1,ERα,5DUH.A,5DUH_2,C,C,Nuclear receptor coactivator 2,14,"[""Q15596""]",2.9201503385955996,"[358, 362, 367, 372, 373, 375, 376, 379, 380, 538, 539, 542, 543]",COREGULATOR_CANDIDATE,Short polymer (14 aa) with coregulator-keyword description match: ['coactivator'].
5DV3,P37231,NR1C3,PPARγ,5DV3.A,5DV3_2,B,B,Nuclear receptor coactivator 1,16,"[""Q15788""]",2.7410499813027864,"[321, 322, 325, 326, 329, 334, 339, 340, 342, 343, 346, 347, 494, 495, 496, 499, 500, 502]",COREGULATOR_CANDIDATE,Short polymer (16 aa) with coregulator-keyword description match: ['coactivator'].
5DV6,P37231,NR1C3,PPARγ,5DV6.A,5DV6_2,B,B,Nuclear receptor coactivator 1,16,"[""Q15788""]",2.6407811344373084,"[321, 322, 325, 329, 334, 339, 340, 342, 343, 346, 347, 495, 496, 499, 500, 502]",COREGULATOR_CANDIDATE,Short polymer (16 aa) with coregulator-keyword description match: ['coactivator'].
5DV8,P37231,NR1C3,PPARγ,5DV8.A,5DV8_2,B,B,Nuclear receptor coactivator 1,16,"[""Q15788""]",2.669654846604707,"[321, 322, 325, 326, 329, 334, 339, 340, 342, 343, 346, 347, 494, 495, 496, 499, 500, 502]",COREGULATOR_CANDIDATE,Short polymer (16 aa) with coregulator-keyword description match: ['coactivator'].
5DVC,P37231,NR1C3,PPARγ,5DVC.A,5DVC_2,B,B,Nuclear receptor coactivator 1,16,"[""Q15788""]",2.6752990487046477,"[321, 322, 325, 329, 334, 339, 340, 342, 343, 346, 347, 495, 496, 499, 500, 502]",COREGULATOR_CANDIDATE,Short polymer (16 aa) with coregulator-keyword description match: ['coactivator'].
5DVS,P03372,NR3A1,ERα,5DVS.A,5DVS_2,C,C,Nuclear receptor coactivator 2,14,"[""Q15596""]",2.674487053623555,"[355, 358, 359, 362, 367, 372, 373, 375, 376, 379, 380, 538, 539, 542, 543]",COREGULATOR_CANDIDATE,Short polymer (14 aa) with coregulator-keyword description match: ['coactivator'].
5DWE,P03372,NR3A1,ERα,5DWE.A,5DWE_2,C,C,Nuclear receptor coactivator 2,14,"[""Q15596""]",2.902191757965004,"[355, 358, 359, 362, 367, 372, 373, 375, 376, 379, 380, 538, 539, 542, 543]",COREGULATOR_CANDIDATE,Short polymer (14 aa) with coregulator-keyword description match: ['coactivator'].
5DWG,P03372,NR3A1,ERα,5DWG.A,5DWG_2,C,C,Nuclear receptor coactivator 2,14,"[""Q15596""]",2.8128514002698397,"[355, 358, 359, 362, 367, 372, 375, 376, 379, 380, 538, 539, 542, 543]",COREGULATOR_CANDIDATE,Short polymer (14 aa) with coregulator-keyword description match: ['coactivator'].
5DWI,P03372,NR3A1,ERα,5DWI.A,5DWI_2,C,C,Nuclear receptor coactivator 2,14,"[""Q15596""]",2.736789542511444,"[358, 359, 362, 367, 372, 373, 375, 376, 379, 380, 538, 539, 542, 543]",COREGULATOR_CANDIDATE,Short polymer (14 aa) with coregulator-keyword description match: ['coactivator'].
5DWJ,P03372,NR3A1,ERα,5DWJ.A,5DWJ_2,C,C,Nuclear receptor coactivator 2,14,"[""Q15596""]",2.7142831466153288,"[355, 358, 359, 362, 367, 372, 373, 375, 376, 379, 380, 538, 539, 542, 543]",COREGULATOR_CANDIDATE,Short polymer (14 aa) with coregulator-keyword description match: ['coactivator'].
5DWL,P37231,NR1C3,PPARγ,5DWL.A,5DWL_2,B,B,Nuclear receptor coactivator 1,16,"[""Q15788""]",2.550160779245103,"[321, 322, 325, 326, 329, 334, 339, 340, 342, 343, 346, 347, 495, 496, 499, 500, 502]",COREGULATOR_CANDIDATE,Short polymer (16 aa) with coregulator-keyword description match: ['coactivator'].
5DX3,P03372,NR3A1,ERα,5DX3.A,5DX3_3,C,C,Stapled Peptide SRC2-P3,13,"[""Q15596""]",2.7706109434563313,"[358, 362, 367, 372, 373, 375, 376, 379, 380, 538, 539, 542, 543]",COREGULATOR_CANDIDATE,Short polymer (13 aa) with coregulator-keyword description match: ['src2'].
5DX3,P03372,NR3A1,ERα,5DX3.B,5DX3_3,D,D,Stapled Peptide SRC2-P3,13,"[""Q15596""]",1.7985733234983876,"[358, 362, 367, 372, 375, 376, 379, 380, 538, 539, 542, 543]",COREGULATOR_CANDIDATE,Short polymer (13 aa) with coregulator-keyword description match: ['src2'].
5DXB,P03372,NR3A1,ERα,5DXB.A,5DXB_3,C,D,Nuclear receptor coactivator 2,13,"[""Q15596""]",2.864035788882533,"[358, 359, 362, 367, 372, 373, 375, 376, 379, 380, 539, 542, 543]",COREGULATOR_CANDIDATE,Short polymer (13 aa) with coregulator-keyword description match: ['coactivator'].
5DXB,P03372,NR3A1,ERα,5DXB.B,5DXB_3,D,E,Nuclear receptor coactivator 2,13,"[""Q15596""]",2.847014225464987,"[355, 358, 362, 367, 372, 373, 375, 376, 379, 380, 539, 542, 543]",COREGULATOR_CANDIDATE,Short polymer (13 aa) with coregulator-keyword description match: ['coactivator'].
5DXG,P03372,NR3A1,ERα,5DXG.A,5DXG_2,C,C,Stapled Peptide SRC2-P5,13,"[""Q15596""]",2.8924403191768713,"[354, 355, 358, 359, 362, 367, 372, 373, 375, 376, 379, 380, 538, 539, 542, 543]",COREGULATOR_CANDIDATE,Short polymer (13 aa) with coregulator-keyword description match: ['src2'].
5DXK,P03372,NR3A1,ERα,5DXK.B,5DXK_2,D,D,Nuclear receptor coactivator 2,14,"[""Q15596""]",2.755699185324842,"[355, 358, 359, 362, 367, 372, 375, 376, 379, 380, 538, 539, 542, 543]",COREGULATOR_CANDIDATE,Short polymer (14 aa) with coregulator-keyword description match: ['coactivator'].
5DXM,P03372,NR3A1,ERα,5DXM.B,5DXM_2,D,D,Nuclear receptor coactivator 2,14,"[""Q15596""]",2.6419933762218255,"[355, 358, 359, 362, 367, 372, 375, 376, 379, 380, 538, 539, 542, 543]",COREGULATOR_CANDIDATE,Short polymer (14 aa) with coregulator-keyword description match: ['coactivator'].
5DXP,P03372,NR3A1,ERα,5DXP.B,5DXP_2,D,D,Nuclear receptor coactivator 2,14,"[""Q15596""]",2.3159294030691,"[355, 358, 359, 362, 367, 372, 373, 375, 376, 379, 380, 538, 539, 542, 543]",COREGULATOR_CANDIDATE,Short polymer (14 aa) with coregulator-keyword description match: ['coactivator'].
5DXQ,P03372,NR3A1,ERα,5DXQ.B,5DXQ_2,D,D,Nuclear receptor coactivator 2,14,"[""Q15596""]",2.831469406509633,"[355, 358, 359, 362, 367, 372, 375, 376, 379, 380, 538, 539, 542, 543]",COREGULATOR_CANDIDATE,Short polymer (14 aa) with coregulator-keyword description match: ['coactivator'].
5DXR,P03372,NR3A1,ERα,5DXR.B,5DXR_2,D,D,Nuclear receptor coactivator 2,14,"[""Q15596""]",2.80608303512209,"[355, 358, 362, 367, 372, 375, 376, 379, 380, 538, 539, 542, 543]",COREGULATOR_CANDIDATE,Short polymer (14 aa) with coregulator-keyword description match: ['coactivator'].
5DY8,P03372,NR3A1,ERα,5DY8.B,5DY8_2,D,D,Nuclear receptor coactivator 2,14,"[""Q15596""]",2.8094131059707097,"[355, 358, 362, 367, 372, 373, 375, 376, 379, 380, 538, 539, 542, 543]",COREGULATOR_CANDIDATE,Short polymer (14 aa) with coregulator-keyword description match: ['coactivator'].
5DYB,P03372,NR3A1,ERα,5DYB.B,5DYB_2,D,D,Nuclear receptor coactivator 2,14,"[""Q15596""]",2.8518860426040846,"[355, 358, 362, 367, 372, 375, 376, 379, 380, 538, 539, 542, 543]",COREGULATOR_CANDIDATE,Short polymer (14 aa) with coregulator-keyword description match: ['coactivator'].
5DYD,P03372,NR3A1,ERα,5DYD.B,5DYD_2,D,D,Nuclear receptor coactivator 2,14,"[""Q15596""]",2.9651465393804752,"[355, 358, 359, 362, 367, 372, 375, 376, 379, 380, 539, 543]",COREGULATOR_CANDIDATE,Short polymer (14 aa) with coregulator-keyword description match: ['coactivator'].
5DZ0,P03372,NR3A1,ERα,5DZ0.A,5DZ0_2,C,C,Nuclear receptor coactivator 2,14,"[""Q15596""]",2.3886092187714576,"[355, 358, 359, 362, 367, 372, 373, 375, 376, 379, 380, 538, 539, 542, 543, 546]",COREGULATOR_CANDIDATE,Short polymer (14 aa) with coregulator-keyword description match: ['coactivator'].
5DZ1,P03372,NR3A1,ERα,5DZ1.B,5DZ1_2,D,D,Nuclear receptor coactivator 2,14,"[""Q15596""]",2.8071152452295216,"[358, 362, 367, 372, 373, 375, 376, 379, 380, 538, 539, 542, 543]",COREGULATOR_CANDIDATE,Short polymer (14 aa) with coregulator-keyword description match: ['coactivator'].
5DZ3,P03372,NR3A1,ERα,5DZ3.B,5DZ3_2,D,D,Nuclear receptor coactivator 2,14,"[""Q15596""]",2.8239104093437524,"[358, 362, 367, 372, 375, 376, 379, 380, 538, 539, 542, 543]",COREGULATOR_CANDIDATE,Short polymer (14 aa) with coregulator-keyword description match: ['coactivator'].
5DZH,P03372,NR3A1,ERα,5DZH.A,5DZH_2,C,C,Nuclear receptor coactivator 2,14,"[""Q15596""]",2.7688340506429765,"[358, 359, 362, 367, 372, 373, 375, 376, 379, 380, 538, 539, 542, 543]",COREGULATOR_CANDIDATE,Short polymer (14 aa) with coregulator-keyword description match: ['coactivator'].
5DZI,P03372,NR3A1,ERα,5DZI.B,5DZI_2,D,D,Nuclear receptor coactivator 2,14,"[""Q15596""]",2.973787147729307,"[355, 358, 362, 367, 372, 373, 375, 376, 379, 380, 538, 539, 542, 543]",COREGULATOR_CANDIDATE,Short polymer (14 aa) with coregulator-keyword description match: ['coactivator'].
5E0W,P03372,NR3A1,ERα,5E0W.A,5E0W_2,C,C,Nuclear receptor coactivator 2,14,"[""Q15596""]",2.4976957380753966,"[355, 358, 362, 367, 372, 375, 376, 379, 380, 538, 539, 542, 543]",COREGULATOR_CANDIDATE,Short polymer (14 aa) with coregulator-keyword description match: ['coactivator'].
5E0X,P03372,NR3A1,ERα,5E0X.A,5E0X_2,C,C,Nuclear receptor coactivator 2,14,"[""Q15596""]",2.836249283825384,"[355, 358, 362, 367, 372, 375, 376, 379, 380, 538, 539, 542, 543]",COREGULATOR_CANDIDATE,Short polymer (14 aa) with coregulator-keyword description match: ['coactivator'].
5E14,P03372,NR3A1,ERα,5E14.B,5E14_2,D,D,Nuclear receptor coactivator 2,14,"[""Q15596""]",2.807783823587563,"[358, 362, 367, 372, 375, 376, 379, 380, 538, 539, 542, 543]",COREGULATOR_CANDIDATE,Short polymer (14 aa) with coregulator-keyword description match: ['coactivator'].
5E15,P03372,NR3A1,ERα,5E15.B,5E15_2,D,D,Nuclear receptor coactivator 2,14,"[""Q15596""]",2.329191705291773,"[355, 358, 359, 362, 367, 372, 373, 375, 376, 379, 380, 538, 539, 542, 543]",COREGULATOR_CANDIDATE,Short polymer (14 aa) with coregulator-keyword description match: ['coactivator'].
5E19,P03372,NR3A1,ERα,5E19.B,5E19_2,C,C,Nuclear receptor coactivator 2,14,"[""Q15596""]",2.753303651978837,"[358, 362, 367, 372, 373, 375, 376, 379, 380, 538, 539, 542, 543]",COREGULATOR_CANDIDATE,Short polymer (14 aa) with coregulator-keyword description match: ['coactivator'].
5E1C,P03372,NR3A1,ERα,5E1C.B,5E1C_2,D,D,Nuclear receptor coactivator 2,14,"[""Q15596""]",2.6390109889881086,"[355, 358, 359, 362, 367, 372, 373, 375, 376, 379, 380, 538, 539, 542, 543]",COREGULATOR_CANDIDATE,Short polymer (14 aa) with coregulator-keyword description match: ['coactivator'].
5EC9,P19793,NR2B1,RXRα,5EC9.A,5EC9_2,B,B,LYS-HIS-LYS-ILE-LEU-HIS-ARG-LEU-LEU-GLN-ASP,11,"[""Q15596""]",2.6634948845454915,"[259, 262, 266, 271, 276, 277, 279, 280, 283, 284, 431, 432, 435, 436, 438]",UNCLASSIFIED_PARTNER,Short polymer (11 aa) but no coregulator-keyword evidence in description ('LYS-HIS-LYS-ILE-LEU-HIS-ARG-LEU-LEU-GLN-ASP') — not assumed to be a coregulator without supporting metadata.
5EGV,P03372,NR3A1,ERα,5EGV.B,5EGV_2,D,D,NCOA2,14,"[""Q15596""]",2.65024998820866,"[358, 359, 362, 367, 372, 375, 376, 379, 380, 538, 539, 542, 543]",COREGULATOR_CANDIDATE,Short polymer (14 aa) with coregulator-keyword description match: ['ncoa'].
5EHJ,P03372,NR3A1,ERα,5EHJ.B,5EHJ_2,C,C,NCOA2,14,"[""Q15596""]",2.518553156079895,"[355, 358, 362, 367, 372, 373, 375, 376, 379, 380, 538, 539, 542, 543]",COREGULATOR_CANDIDATE,Short polymer (14 aa) with coregulator-keyword description match: ['ncoa'].
5EI1,P03372,NR3A1,ERα,5EI1.A,5EI1_2,C,C,NCOA2,14,"[""Q15596""]",2.9761165971782764,"[355, 358, 359, 362, 367, 372, 375, 376, 379, 380, 538, 539, 542, 543]",COREGULATOR_CANDIDATE,Short polymer (14 aa) with coregulator-keyword description match: ['ncoa'].
5EIT,P03372,NR3A1,ERα,5EIT.B,5EIT_2,D,D,NCOA2,14,"[""Q15596""]",2.7403791708447938,"[355, 358, 359, 362, 367, 372, 375, 376, 379, 380, 538, 539, 542, 543]",COREGULATOR_CANDIDATE,Short polymer (14 aa) with coregulator-keyword description match: ['ncoa'].
5EJV,P51449,NR1F3,RORγ,5EJV.C,5EJV_2,D,D,EBI96 Coactivator Peptide,19,[],2.7033984168080014,"[329, 332, 333, 336, 337, 341, 342, 346, 349, 350, 353, 354, 500, 501, 504, 505]",COREGULATOR_CANDIDATE,Short polymer (19 aa) with coregulator-keyword description match: ['coactivator'].
5G3J,P04150,NR3C1,GR,5G3J.A,5G3J_2,B,B,NUCLEAR RECEPTOR COACTIVATOR 2,14,"[""Q15596""]",2.7375671681257425,"[572, 575, 576, 579, 584, 585, 589, 590, 592, 593, 596, 597, 751, 752, 755, 756]",COREGULATOR_CANDIDATE,Short polymer (14 aa) with coregulator-keyword description match: ['coactivator'].
5G43,P51449,NR1F3,RORγ,5G43.A,5G43_2,B,C,RORG,12,"[""Q15596""]",2.7726790293865604,"[329, 332, 336, 341, 342, 346, 349, 350, 353, 354, 500, 501, 503, 504, 505]",UNCLASSIFIED_PARTNER,Short polymer (12 aa) but no coregulator-keyword evidence in description ('RORG') — not assumed to be a coregulator without supporting metadata.
5G44,P51449,NR1F3,RORγ,5G44.A,5G44_2,B,C,RORG,12,"[""Q15596""]",2.805946186226671,"[329, 332, 336, 341, 342, 346, 349, 350, 353, 354, 500, 501, 504, 505]",UNCLASSIFIED_PARTNER,Short polymer (12 aa) but no coregulator-keyword evidence in description ('RORG') — not assumed to be a coregulator without supporting metadata.
5G45,P51449,NR1F3,RORγ,5G45.A,5G45_2,B,C,RORG,10,"[""Q15596""]",2.7288035839906106,"[329, 332, 336, 341, 342, 346, 349, 350, 353, 354, 500, 501, 504, 505]",UNCLASSIFIED_PARTNER,Short polymer (10 aa) but no coregulator-keyword evidence in description ('RORG') — not assumed to be a coregulator without supporting metadata.
5G5W,P04150,NR3C1,GR,5G5W.A,5G5W_2,B,B,NUCLEAR RECEPTOR COACTIVATOR 2,14,"[""Q15596""]",2.773067976087135,"[572, 575, 576, 579, 584, 585, 589, 590, 592, 593, 596, 597, 751, 752, 755]",COREGULATOR_CANDIDATE,Short polymer (14 aa) with coregulator-keyword description match: ['coactivator'].
5GS4,P03372,NR3A1,ERα,5GS4.A,5GS4_2,B,B,ARG-IAS-ILE-LEU-DNP-ARG-LEU-LEU-GLN,10,[],2.588039605570208,"[355, 358, 362, 367, 372, 375, 376, 379, 380, 538, 539, 542, 543]",UNCLASSIFIED_PARTNER,Short polymer (10 aa) but no coregulator-keyword evidence in description ('ARG-IAS-ILE-LEU-DNP-ARG-LEU-LEU-GLN') — not assumed to be a coregulator without supporting metadata.
5GTN,P37231,NR1C3,PPARγ,5GTN.A,5GTN_2,B,B,Nuclear receptor coactivator 1,16,"[""Q15788""]",2.7391858279423102,"[321, 322, 325, 326, 329, 334, 339, 340, 342, 343, 346, 347, 495, 496, 499, 500, 502]",COREGULATOR_CANDIDATE,Short polymer (16 aa) with coregulator-keyword description match: ['coactivator'].
5GTO,P37231,NR1C3,PPARγ,5GTO.A,5GTO_2,B,B,Nuclear receptor coactivator 1,16,"[""Q15788""]",2.692565133845421,"[321, 322, 325, 326, 329, 334, 339, 340, 342, 343, 346, 347, 495, 496, 499, 500, 502, 503]",COREGULATOR_CANDIDATE,Short polymer (16 aa) with coregulator-keyword description match: ['coactivator'].
5GTP,P37231,NR1C3,PPARγ,5GTP.A,5GTP_2,B,B,Nuclear receptor coactivator 1,16,"[""Q15788""]",2.636795213891287,"[321, 322, 325, 326, 329, 334, 339, 340, 342, 343, 346, 347, 495, 496, 498, 499, 500, 502]",COREGULATOR_CANDIDATE,Short polymer (16 aa) with coregulator-keyword description match: ['coactivator'].
5HJP,P55055,NR1H2,LXRβ,5HJP.B,5HJP_1,A,A,Retinoic acid receptor RXR-beta,254,"[""P28702""]",2.696904892650091,"[354, 361, 375, 380, 381, 392, 395, 396, 399, 403, 407, 414, 415, 417, 418, 419, 421, 422, 424, 425, 426, 428, 429, 432]",OTHER_RECEPTOR_PARTNER,UniProt mapping matches project receptor(s): P28702 (RXRβ) (a different project-receptor heterodimer partner).
5HJP,P55055,NR1H2,LXRβ,5HJP.B,5HJP_1,C,C,Retinoic acid receptor RXR-beta,254,"[""P28702""]",3.391251833762866,"[222, 223, 225, 226, 229, 289, 290, 292, 293, 393, 394, 397, 400]",OTHER_RECEPTOR_PARTNER,UniProt mapping matches project receptor(s): P28702 (RXRβ) (a different project-receptor heterodimer partner).
5HYR,P03372,NR3A1,ERα,5HYR.A,5HYR_2,C,F,Stapled Peptide SRC2-SP2,13,"[""Q15596""]",2.64211146623302,"[358, 359, 362, 367, 372, 373, 375, 376, 379, 380, 538, 539, 542, 543]",COREGULATOR_CANDIDATE,Short polymer (13 aa) with coregulator-keyword description match: ['src2'].
5I4V,P55055,NR1H2,LXRβ,5I4V.A,5I4V_2,B,B,"Retinoic acid receptor RXR-beta,Nuclear receptor coactivator 2",255,"[""P28702"", ""Q15596""]",2.5988099199441272,"[361, 375, 380, 381, 392, 395, 399, 403, 407, 414, 415, 417, 418, 419, 421, 422, 424, 425, 426, 428, 429, 432]",OTHER_RECEPTOR_PARTNER,UniProt mapping matches project receptor(s): P28702 (RXRβ) (a different project-receptor heterodimer partner).
5IAW,Q96RI1,NR1H4,FXR,5IAW.A,5IAW_2,C,C,Peptide from Nuclear receptor coactivator 2,10,"[""Q15596""]",2.580354626790665,"[309, 310, 313, 314, 317, 322, 327, 328, 330, 331, 334, 335, 477, 478, 481, 482, 484]",COREGULATOR_CANDIDATE,Short polymer (10 aa) with coregulator-keyword description match: ['coactivator'].
5ICK,Q96RI1,NR1H4,FXR,5ICK.A,5ICK_2,D,D,Nuclear receptor coactivator 2,11,"[""Q15596""]",2.7662346249007883,"[313, 314, 316, 317, 322, 323, 327, 328, 330, 331, 334, 335, 477, 478, 481, 482]",COREGULATOR_CANDIDATE,Short polymer (11 aa) with coregulator-keyword description match: ['coactivator'].
5IZ0,P51449,NR1F3,RORγ,5IZ0.A,5IZ0_2,B,C,GLU-PHE-PRO-TYR-LEU-LEU-SER-LEU-LEU-GLY-GLU-VAL-SER-PRO-GLN,15,[],2.624548342096222,"[329, 332, 336, 341, 342, 346, 349, 350, 353, 354, 500, 501, 504, 505]",UNCLASSIFIED_PARTNER,Short polymer (15 aa) but no coregulator-keyword evidence in description ('GLU-PHE-PRO-TYR-LEU-LEU-SER-LEU-LEU-GLY-GLU-VAL-SER-PRO-GLN') — not assumed to be a coregulator without supporting metadata.
5IZ0,P51449,NR1F3,RORγ,5IZ0.A,5IZ0_2,D,E,GLU-PHE-PRO-TYR-LEU-LEU-SER-LEU-LEU-GLY-GLU-VAL-SER-PRO-GLN,15,[],2.905113767135461,"[314, 492, 495, 496, 503]",UNCLASSIFIED_PARTNER,Short polymer (15 aa) but no coregulator-keyword evidence in description ('GLU-PHE-PRO-TYR-LEU-LEU-SER-LEU-LEU-GLY-GLU-VAL-SER-PRO-GLN') — not assumed to be a coregulator without supporting metadata.
5JI0,P37231,NR1C3,PPARγ,5JI0.B,5JI0_3,C,E,Nuclear receptor coactivator 1,27,"[""Q15788""]",2.81587180105913,"[321, 322, 325, 329, 334, 339, 340, 342, 343, 344, 346, 347, 427, 495, 496, 499, 500, 502, 503]",COREGULATOR_CANDIDATE,Short polymer (27 aa) with coregulator-keyword description match: ['coactivator'].
5JI0,P19793,NR2B1,RXRα,5JI0.A,5JI0_3,D,F,Nuclear receptor coactivator 1,27,"[""Q15788""]",2.726945727366061,"[277, 280, 284, 289, 294, 295, 297, 298, 301, 302, 449, 450, 453, 454]",COREGULATOR_CANDIDATE,Short polymer (27 aa) with coregulator-keyword description match: ['coactivator'].
5JJM,P10275,NR3C4,AR,5JJM.A,5JJM_2,B,M,Unknown peptide,3,[],2.8599534961254185,"[669, 670, 840, 844, 847, 848, 849, 850, 853]",UNCLASSIFIED_PARTNER,Short polymer (3 aa) but no coregulator-keyword evidence in description ('Unknown peptide') — not assumed to be a coregulator without supporting metadata.
5JJM,P10275,NR3C4,AR,5JJM.A,5JJM_4,I,G,uba3-derived peptide,8,"[""Q8TBC4""]",3.3244274695050895,"[713, 714, 717, 721, 726, 731, 734, 735, 738, 739, 894, 895, 898, 899]",UNCLASSIFIED_PARTNER,Short polymer (8 aa) but no coregulator-keyword evidence in description ('uba3-derived peptide') — not assumed to be a coregulator without supporting metadata.
5JJM,P10275,NR3C4,AR,5JJM.C,5JJM_2,D,F,Unknown peptide,3,[],3.0005687794149973,"[670, 840, 844, 847, 848, 849, 850, 853]",UNCLASSIFIED_PARTNER,Short polymer (3 aa) but no coregulator-keyword evidence in description ('Unknown peptide') — not assumed to be a coregulator without supporting metadata.
5JJM,P10275,NR3C4,AR,5JJM.C,5JJM_4,J,H,uba3-derived peptide,8,"[""Q8TBC4""]",3.2525368560555936,"[714, 717, 721, 726, 731, 734, 735, 738, 739, 895, 898, 899]",UNCLASSIFIED_PARTNER,Short polymer (8 aa) but no coregulator-keyword evidence in description ('uba3-derived peptide') — not assumed to be a coregulator without supporting metadata.
5JMM,P03372,NR3A1,ERα,5JMM.A,5JMM_3,C,F,Nuclear receptor coactivator 1,13,"[""Q15788""]",2.414444449557704,"[355, 358, 359, 362, 367, 372, 373, 375, 376, 379, 380, 538, 539, 542, 543]",COREGULATOR_CANDIDATE,Short polymer (13 aa) with coregulator-keyword description match: ['coactivator'].
5JMM,P03372,NR3A1,ERα,5JMM.B,5JMM_3,D,G,Nuclear receptor coactivator 1,13,"[""Q15788""]",2.6898819676706975,"[355, 358, 359, 362, 367, 372, 373, 375, 376, 379, 380, 538, 539, 542, 543]",COREGULATOR_CANDIDATE,Short polymer (13 aa) with coregulator-keyword description match: ['coactivator'].
5KCC,P03372,NR3A1,ERα,5KCC.A,5KCC_2,C,C,NCOA2,14,"[""Q15596""]",2.975627832911906,"[355, 358, 362, 367, 372, 375, 376, 379, 380, 538, 539, 542, 543]",COREGULATOR_CANDIDATE,Short polymer (14 aa) with coregulator-keyword description match: ['ncoa'].
5KCD,P03372,NR3A1,ERα,5KCD.A,5KCD_2,C,C,NCOA2,14,"[""Q15596""]",2.7833253492899477,"[358, 359, 362, 367, 372, 373, 375, 376, 379, 380, 538, 539, 542, 543]",COREGULATOR_CANDIDATE,Short polymer (14 aa) with coregulator-keyword description match: ['ncoa'].
5KCE,P03372,NR3A1,ERα,5KCE.B,5KCE_2,C,C,Nuclear receptor coactivator 2,13,"[""Q15596""]",2.4963200916549164,"[355, 358, 359, 362, 367, 372, 375, 376, 379, 380, 538, 539, 542, 543]",COREGULATOR_CANDIDATE,Short polymer (13 aa) with coregulator-keyword description match: ['coactivator'].
5KCF,P03372,NR3A1,ERα,5KCF.A,5KCF_2,D,D,NCOA2,14,"[""Q15596""]",2.9950322201939668,"[358, 359, 362, 367, 372, 373, 375, 376, 379, 380, 538, 539, 542, 543]",COREGULATOR_CANDIDATE,Short polymer (14 aa) with coregulator-keyword description match: ['ncoa'].
5KCU,P03372,NR3A1,ERα,5KCU.B,5KCU_2,D,D,NCOA2,14,"[""Q15596""]",2.7568991639158655,"[355, 358, 359, 362, 367, 372, 375, 376, 379, 380, 538, 539, 542, 543]",COREGULATOR_CANDIDATE,Short polymer (14 aa) with coregulator-keyword description match: ['ncoa'].
5KCW,P03372,NR3A1,ERα,5KCW.A,5KCW_2,C,C,NCOA2,14,"[""Q15596""]",2.649732439322885,"[355, 358, 359, 362, 367, 372, 373, 375, 376, 379, 380, 538, 539, 542, 543]",COREGULATOR_CANDIDATE,Short polymer (14 aa) with coregulator-keyword description match: ['ncoa'].
5KR9,P03372,NR3A1,ERα,5KR9.A,5KR9_2,C,C,NCOA2,14,"[""Q15596""]",2.621983600253822,"[354, 355, 358, 359, 362, 363, 367, 372, 375, 376, 379, 380, 538, 539, 542, 543]",COREGULATOR_CANDIDATE,Short polymer (14 aa) with coregulator-keyword description match: ['ncoa'].
5KRA,P03372,NR3A1,ERα,5KRA.B,5KRA_2,D,D,NCOA2,14,"[""Q15596""]",2.459168355359188,"[355, 358, 359, 362, 367, 372, 373, 375, 376, 379, 380, 538, 539, 542, 543]",COREGULATOR_CANDIDATE,Short polymer (14 aa) with coregulator-keyword description match: ['ncoa'].
5KRC,P03372,NR3A1,ERα,5KRC.B,5KRC_2,C,C,NCOA2,14,"[""Q15596""]",2.8234693198262315,"[355, 358, 359, 362, 367, 372, 375, 376, 379, 380, 538, 539, 542, 543]",COREGULATOR_CANDIDATE,Short polymer (14 aa) with coregulator-keyword description match: ['ncoa'].
5KRF,P03372,NR3A1,ERα,5KRF.B,5KRF_2,D,D,KHKILHRLLQDSSS Peptide,14,"[""Q15596""]",2.383781449713879,"[355, 358, 362, 367, 372, 375, 376, 379, 380, 538, 539, 542, 543, 546]",UNCLASSIFIED_PARTNER,Short polymer (14 aa) but no coregulator-keyword evidence in description ('KHKILHRLLQDSSS Peptide') — not assumed to be a coregulator without supporting metadata.
5KRH,P03372,NR3A1,ERα,5KRH.B,5KRH_2,D,D,NCOA2,14,"[""Q15596""]",2.893709384164208,"[358, 362, 367, 372, 375, 376, 379, 380, 538, 539, 542, 543]",COREGULATOR_CANDIDATE,Short polymer (14 aa) with coregulator-keyword description match: ['ncoa'].
5KRI,P03372,NR3A1,ERα,5KRI.A,5KRI_2,C,C,NCOA2,14,"[""Q15596""]",2.823195706995887,"[355, 358, 359, 362, 367, 372, 375, 376, 379, 380, 538, 539, 542, 543]",COREGULATOR_CANDIDATE,Short polymer (14 aa) with coregulator-keyword description match: ['ncoa'].
5KRJ,P03372,NR3A1,ERα,5KRJ.A,5KRJ_2,C,C,NCOA2,14,"[""Q15596""]",2.565471106833987,"[355, 358, 359, 362, 367, 372, 373, 375, 376, 379, 380, 538, 539, 542, 543]",COREGULATOR_CANDIDATE,Short polymer (14 aa) with coregulator-keyword description match: ['ncoa'].
5KRK,P03372,NR3A1,ERα,5KRK.A,5KRK_2,C,C,NCOA2,14,"[""Q15596""]",2.713088461513925,"[355, 358, 359, 362, 367, 372, 375, 376, 379, 380, 538, 539, 542, 543]",COREGULATOR_CANDIDATE,Short polymer (14 aa) with coregulator-keyword description match: ['ncoa'].
5KRL,P03372,NR3A1,ERα,5KRL.A,5KRL_2,C,C,NCOA2,14,"[""Q15596""]",2.6968257266645907,"[355, 358, 362, 367, 372, 375, 376, 379, 380, 538, 539, 542, 543]",COREGULATOR_CANDIDATE,Short polymer (14 aa) with coregulator-keyword description match: ['ncoa'].
5KRM,P03372,NR3A1,ERα,5KRM.B,5KRM_2,D,D,NCOA2,14,"[""Q15596""]",2.8890808226839213,"[355, 358, 359, 362, 367, 372, 375, 376, 379, 380, 538, 539, 542, 543]",COREGULATOR_CANDIDATE,Short polymer (14 aa) with coregulator-keyword description match: ['ncoa'].
5KRO,P03372,NR3A1,ERα,5KRO.A,5KRO_2,C,C,NCOA2,14,"[""Q15596""]",2.66712766848533,"[355, 358, 359, 362, 367, 372, 375, 376, 379, 380, 538, 539, 542, 543]",COREGULATOR_CANDIDATE,Short polymer (14 aa) with coregulator-keyword description match: ['ncoa'].
5KYA,P55055,NR1H2,LXRβ,5KYA.C,5KYA_2,B,B,Retinoic acid receptor RXR-beta,256,"[""P28702""]",2.3891559178923436,"[321, 322, 324, 357]",OTHER_RECEPTOR_PARTNER,UniProt mapping matches project receptor(s): P28702 (RXRβ) (a different project-receptor heterodimer partner).
5KYA,P55055,NR1H2,LXRβ,5KYA.C,5KYA_2,D,F,Retinoic acid receptor RXR-beta,256,"[""P28702""]",2.569294455682337,"[354, 361, 375, 380, 381, 392, 395, 396, 399, 403, 407, 414, 415, 417, 418, 419, 421, 422, 424, 425, 426, 428, 429, 432]",OTHER_RECEPTOR_PARTNER,UniProt mapping matches project receptor(s): P28702 (RXRβ) (a different project-receptor heterodimer partner).
5KYJ,P55055,NR1H2,LXRβ,5KYJ.A,5KYJ_2,B,B,Retinoic acid receptor RXR-beta,256,"[""P28702""]",2.544864829416293,"[361, 375, 380, 381, 392, 395, 396, 399, 400, 403, 407, 414, 415, 417, 418, 419, 421, 422, 424, 425, 426, 428, 429, 432]",OTHER_RECEPTOR_PARTNER,UniProt mapping matches project receptor(s): P28702 (RXRβ) (a different project-receptor heterodimer partner).
5KYJ,P55055,NR1H2,LXRβ,5KYJ.A,5KYJ_2,D,F,Retinoic acid receptor RXR-beta,256,"[""P28702""]",2.7867926008226696,"[321, 322, 324, 357]",OTHER_RECEPTOR_PARTNER,UniProt mapping matches project receptor(s): P28702 (RXRβ) (a different project-receptor heterodimer partner).
5L11,O00482,NR5A2,LRH-1,5L11.A,5L11_2,B,C,Tif2,14,"[""Q15596""]",2.4428010561648286,"[354, 357, 358, 361, 366, 371, 372, 374, 375, 378, 379, 530, 531, 534, 535]",COREGULATOR_CANDIDATE,Short polymer (14 aa) with coregulator-keyword description match: ['tif2'].
5L7E,P08235,NR3C2,MR,5L7E.A,5L7E_2,B,B,NCOA1 peptide,10,"[""Q15788""]",2.7126756164348143,"[778, 781, 782, 785, 790, 791, 795, 798, 799, 802, 803, 958, 959, 962, 963]",COREGULATOR_CANDIDATE,Short polymer (10 aa) with coregulator-keyword description match: ['ncoa'].
5L7G,P08235,NR3C2,MR,5L7G.A,5L7G_2,B,B,NCOA1 peptide,10,"[""Q15788""]",2.759081912520902,"[778, 781, 782, 785, 790, 791, 795, 798, 799, 802, 803, 958, 959, 962, 963]",COREGULATOR_CANDIDATE,Short polymer (10 aa) with coregulator-keyword description match: ['ncoa'].
5L7H,P08235,NR3C2,MR,5L7H.A,5L7H_2,B,B,NCOA1 peptide,10,"[""Q15788""]",2.7389722525064033,"[778, 781, 782, 785, 790, 795, 798, 799, 802, 803, 958, 959, 962, 963]",COREGULATOR_CANDIDATE,Short polymer (10 aa) with coregulator-keyword description match: ['ncoa'].
5LYQ,P19793,NR2B1,RXRα,5LYQ.A,5LYQ_2,B,B,HIS-LYS-ILE-LEU-HIS-ARG-LEU-LEU-GLN-ASP,13,"[""Q15596""]",2.80005196380353,"[277, 280, 281, 284, 289, 294, 295, 297, 298, 301, 302, 449, 450, 453, 454, 456, 457, 458]",UNCLASSIFIED_PARTNER,Short polymer (13 aa) but no coregulator-keyword evidence in description ('HIS-LYS-ILE-LEU-HIS-ARG-LEU-LEU-GLN-ASP') — not assumed to be a coregulator without supporting metadata.
5MJ5,P19793,NR2B1,RXRα,5MJ5.A,5MJ5_2,B,B,LYS-HIS-LYS-ILE-LEU-HIS-ARG-LEU-LEU-GLN-ASP-SER,13,[],2.291059798433902,"[277, 280, 281, 284, 289, 294, 295, 297, 298, 301, 302, 449, 450, 453, 454]",UNCLASSIFIED_PARTNER,Short polymer (13 aa) but no coregulator-keyword evidence in description ('LYS-HIS-LYS-ILE-LEU-HIS-ARG-LEU-LEU-GLN-ASP-SER') — not assumed to be a coregulator without supporting metadata.
5MK4,P19793,NR2B1,RXRα,5MK4.C,5MK4_2,D,D,Nuclear receptor coactivator 2,11,"[""Q15596""]",2.5544606084259747,"[277, 280, 284, 289, 294, 295, 297, 298, 301, 302, 448, 449, 450, 453, 454, 456, 457]",COREGULATOR_CANDIDATE,Short polymer (11 aa) with coregulator-keyword description match: ['coactivator'].
5MKJ,P19793,NR2B1,RXRα,5MKJ.A,5MKJ_2,B,B,LYS-ILE-LEU-HIS-ARG-LEU-LEU-GLN-ASP,9,[],2.4149020684077445,"[277, 280, 281, 284, 289, 294, 295, 297, 298, 301, 302, 449, 450, 453, 454]",UNCLASSIFIED_PARTNER,Short polymer (9 aa) but no coregulator-keyword evidence in description ('LYS-ILE-LEU-HIS-ARG-LEU-LEU-GLN-ASP') — not assumed to be a coregulator without supporting metadata.
5MMW,P19793,NR2B1,RXRα,5MMW.A,5MMW_2,B,B,LYS-ILE-LEU-HIS-ARG-LEU-LEU-GLN,8,[],2.6505254196102332,"[277, 280, 281, 284, 289, 294, 295, 297, 298, 301, 302, 449, 450, 453, 454]",UNCLASSIFIED_PARTNER,Short polymer (8 aa) but no coregulator-keyword evidence in description ('LYS-ILE-LEU-HIS-ARG-LEU-LEU-GLN') — not assumed to be a coregulator without supporting metadata.
5MWP,P08235,NR3C2,MR,5MWP.A,5MWP_2,B,B,NCOA1 peptide,15,"[""Q15788""]",2.73381747744797,"[777, 778, 781, 782, 785, 790, 795, 798, 799, 802, 803, 958, 959, 962, 963]",COREGULATOR_CANDIDATE,Short polymer (15 aa) with coregulator-keyword description match: ['ncoa'].
5NFP,P04150,NR3C1,GR,5NFP.A,5NFP_2,B,B,Nuclear receptor coactivator 2,14,"[""Q15596""]",2.737097184975353,"[572, 575, 576, 579, 584, 585, 589, 590, 592, 593, 596, 597, 751, 752, 755]",COREGULATOR_CANDIDATE,Short polymer (14 aa) with coregulator-keyword description match: ['coactivator'].
5NFT,P04150,NR3C1,GR,5NFT.A,5NFT_2,B,B,Nuclear receptor coactivator 2,14,"[""Q15596""]",2.7794405911981643,"[572, 575, 576, 579, 584, 585, 589, 590, 592, 593, 596, 597, 751, 752, 755]",COREGULATOR_CANDIDATE,Short polymer (14 aa) with coregulator-keyword description match: ['coactivator'].
5NI5,P51449,NR1F3,RORγ,5NI5.A,5NI5_2,B,C,tethered SRC2-2 peptide,15,"[""Q15596""]",2.7076776026698597,"[329, 332, 336, 341, 342, 346, 349, 350, 353, 354, 500, 501, 504, 505]",COREGULATOR_CANDIDATE,Short polymer (15 aa) with coregulator-keyword description match: ['src2'].
5NI7,P51449,NR1F3,RORγ,5NI7.A,5NI7_2,B,C,The tethered SRC2-2 peptide,15,"[""Q15596""]",2.7931722109458277,"[329, 332, 336, 341, 342, 346, 349, 350, 353, 354, 500, 501, 504, 505]",COREGULATOR_CANDIDATE,Short polymer (15 aa) with coregulator-keyword description match: ['src2'].
5NI8,P51449,NR1F3,RORγ,5NI8.A,5NI8_2,B,C,The Tethered SRC2-2 peptide,15,"[""Q15596""]",2.796941365134421,"[329, 332, 336, 341, 342, 346, 349, 350, 353, 354, 500, 501, 504, 505]",COREGULATOR_CANDIDATE,Short polymer (15 aa) with coregulator-keyword description match: ['src2'].
5NIB,P51449,NR1F3,RORγ,5NIB.A,5NIB_2,B,C,The tethered SRC2-2 peptide,15,"[""Q15596""]",2.774914413094573,"[329, 332, 336, 341, 342, 346, 349, 350, 353, 354, 500, 501, 504, 505]",COREGULATOR_CANDIDATE,Short polymer (15 aa) with coregulator-keyword description match: ['src2'].
5NTI,P51449,NR1F3,RORγ,5NTI.A,5NTI_2,E,P,ASN-SER-HIS-GLN-LYS-VAL-THR-LEU-LEU-GLN-LEU-LEU-LEU-GLY-HIS-LYS-ASN-GLU-GLU-ASN,20,"[""P48552""]",2.8174602038005787,"[332, 336, 341, 342, 346, 349, 350, 353, 354, 500, 501, 504, 505]",UNCLASSIFIED_PARTNER,Short polymer (20 aa) but no coregulator-keyword evidence in description ('ASN-SER-HIS-GLN-LYS-VAL-THR-LEU-LEU-GLN-LEU-LEU-LEU-GLY-HIS-LYS-ASN-GLU-GLU-ASN') — not assumed to be a coregulator without supporting metadata.
5NTI,P51449,NR1F3,RORγ,5NTI.A,5NTI_2,F,Q,ASN-SER-HIS-GLN-LYS-VAL-THR-LEU-LEU-GLN-LEU-LEU-LEU-GLY-HIS-LYS-ASN-GLU-GLU-ASN,20,"[""P48552""]",3.5428821600499227,"[492, 495, 496]",UNCLASSIFIED_PARTNER,Short polymer (20 aa) but no coregulator-keyword evidence in description ('ASN-SER-HIS-GLN-LYS-VAL-THR-LEU-LEU-GLN-LEU-LEU-LEU-GLY-HIS-LYS-ASN-GLU-GLU-ASN') — not assumed to be a coregulator without supporting metadata.
5NTN,P51449,NR1F3,RORγ,5NTN.A,5NTN_2,E,P,Nuclear receptor-interacting protein 1,20,"[""P48552""]",2.832203735609431,"[332, 336, 341, 342, 346, 349, 350, 353, 354, 500, 501, 504, 505]",UNCLASSIFIED_PARTNER,Short polymer (20 aa) but no coregulator-keyword evidence in description ('Nuclear receptor-interacting protein 1') — not assumed to be a coregulator without supporting metadata.
5NTN,P51449,NR1F3,RORγ,5NTN.A,5NTN_2,F,Q,Nuclear receptor-interacting protein 1,20,"[""P48552""]",3.6996466047448378,"[492, 495, 496]",UNCLASSIFIED_PARTNER,Short polymer (20 aa) but no coregulator-keyword evidence in description ('Nuclear receptor-interacting protein 1') — not assumed to be a coregulator without supporting metadata.
5NU1,P51449,NR1F3,RORγ,5NU1.A,5NU1_2,C,P,Nuclear receptor-interacting protein 1,20,"[""P48552""]",2.7823993243242424,"[332, 336, 341, 342, 346, 349, 350, 353, 354, 500, 501, 504, 505]",UNCLASSIFIED_PARTNER,Short polymer (20 aa) but no coregulator-keyword evidence in description ('Nuclear receptor-interacting protein 1') — not assumed to be a coregulator without supporting metadata.
5Q0J,Q96RI1,NR1H4,FXR,5Q0J.A,5Q0J_2,B,B,COACTIVATOR PEPTIDE SRC-1 HD3,14,"[""Q15788""]",2.7614983251850815,"[309, 310, 313, 314, 317, 322, 323, 327, 328, 330, 331, 334, 335, 477, 478, 481, 482]",COREGULATOR_CANDIDATE,"Short polymer (14 aa) with coregulator-keyword description match: ['coactivator', 'src-1']."
5Q0K,Q96RI1,NR1H4,FXR,5Q0K.A,5Q0K_2,B,B,COACTIVATOR PEPTIDE SRC-1 HD3,14,"[""Q15788""]",2.7143791186936257,"[309, 310, 313, 314, 317, 322, 327, 328, 330, 331, 334, 335, 478, 481, 482]",COREGULATOR_CANDIDATE,"Short polymer (14 aa) with coregulator-keyword description match: ['coactivator', 'src-1']."
5Q0L,Q96RI1,NR1H4,FXR,5Q0L.A,5Q0L_2,B,B,COACTIVATOR PEPTIDE SRC-1 HD3,14,"[""Q15788""]",2.8082674374069145,"[309, 310, 313, 314, 317, 322, 323, 327, 330, 331, 334, 335, 477, 478, 481, 482, 484]",COREGULATOR_CANDIDATE,"Short polymer (14 aa) with coregulator-keyword description match: ['coactivator', 'src-1']."
5Q0M,Q96RI1,NR1H4,FXR,5Q0M.A,5Q0M_2,B,B,COACTIVATOR PEPTIDE SRC-1 HD3,14,"[""Q15788""]",2.689000557828132,"[310, 313, 314, 317, 322, 323, 327, 328, 330, 331, 334, 335, 477, 478, 481, 482, 484]",COREGULATOR_CANDIDATE,"Short polymer (14 aa) with coregulator-keyword description match: ['coactivator', 'src-1']."
5Q0N,Q96RI1,NR1H4,FXR,5Q0N.A,5Q0N_2,B,B,COACTIVATOR PEPTIDE SRC-1 HD3,14,"[""Q15788""]",2.7995137077714034,"[309, 310, 313, 314, 317, 322, 323, 327, 328, 330, 331, 334, 335, 477, 478, 481, 482]",COREGULATOR_CANDIDATE,"Short polymer (14 aa) with coregulator-keyword description match: ['coactivator', 'src-1']."
5Q0O,Q96RI1,NR1H4,FXR,5Q0O.A,5Q0O_2,B,B,COACTIVATOR PEPTIDE SRC-1 HD3,14,"[""Q15788""]",2.784528326305913,"[309, 310, 313, 314, 317, 322, 323, 327, 328, 330, 331, 334, 335, 477, 478, 481, 482]",COREGULATOR_CANDIDATE,"Short polymer (14 aa) with coregulator-keyword description match: ['coactivator', 'src-1']."
5Q0P,Q96RI1,NR1H4,FXR,5Q0P.A,5Q0P_2,B,B,COACTIVATOR PEPTIDE SRC-1 HD3,14,"[""Q15788""]",2.7500112727041675,"[310, 313, 314, 317, 322, 323, 327, 328, 330, 331, 334, 335, 477, 478, 481, 482]",COREGULATOR_CANDIDATE,"Short polymer (14 aa) with coregulator-keyword description match: ['coactivator', 'src-1']."
5Q0Q,Q96RI1,NR1H4,FXR,5Q0Q.C,5Q0Q_2,D,D,COACTIVATOR PEPTIDE SRC-1 HD3,14,"[""Q15788""]",2.7842277205717214,"[309, 310, 313, 314, 317, 322, 323, 327, 328, 330, 331, 334, 335, 477, 478, 481, 482]",COREGULATOR_CANDIDATE,"Short polymer (14 aa) with coregulator-keyword description match: ['coactivator', 'src-1']."
5Q0R,Q96RI1,NR1H4,FXR,5Q0R.A,5Q0R_2,B,B,COACTIVATOR PEPTIDE SRC-1 HD3,14,"[""Q15788""]",2.7746702506784473,"[309, 310, 313, 314, 317, 322, 327, 330, 331, 334, 335, 477, 478, 481, 482]",COREGULATOR_CANDIDATE,"Short polymer (14 aa) with coregulator-keyword description match: ['coactivator', 'src-1']."
5Q0S,Q96RI1,NR1H4,FXR,5Q0S.A,5Q0S_2,B,B,COACTIVATOR PEPTIDE SRC-1 HD3,14,"[""Q15788""]",2.800958764423354,"[309, 310, 313, 314, 317, 322, 323, 327, 328, 330, 331, 334, 335, 477, 478, 481, 482]",COREGULATOR_CANDIDATE,"Short polymer (14 aa) with coregulator-keyword description match: ['coactivator', 'src-1']."
5Q0T,Q96RI1,NR1H4,FXR,5Q0T.A,5Q0T_2,B,B,COACTIVATOR PEPTIDE SRC-1 HD3,14,"[""Q15788""]",2.906160009359429,"[309, 310, 313, 314, 317, 322, 327, 328, 330, 331, 334, 335, 477, 478, 481, 482]",COREGULATOR_CANDIDATE,"Short polymer (14 aa) with coregulator-keyword description match: ['coactivator', 'src-1']."
5Q0U,Q96RI1,NR1H4,FXR,5Q0U.A,5Q0U_2,B,B,COACTIVATOR PEPTIDE SRC-1 HD3,14,"[""Q15788""]",2.7466854570554653,"[309, 310, 313, 314, 317, 322, 323, 327, 328, 330, 331, 334, 335, 477, 478, 481, 482]",COREGULATOR_CANDIDATE,"Short polymer (14 aa) with coregulator-keyword description match: ['coactivator', 'src-1']."
5Q0V,Q96RI1,NR1H4,FXR,5Q0V.A,5Q0V_2,B,B,COACTIVATOR PEPTIDE SRC-1 HD3,14,"[""Q15788""]",2.658247166837578,"[309, 310, 313, 314, 317, 322, 323, 327, 328, 330, 331, 334, 335, 477, 478, 481, 482]",COREGULATOR_CANDIDATE,"Short polymer (14 aa) with coregulator-keyword description match: ['coactivator', 'src-1']."
5Q0W,Q96RI1,NR1H4,FXR,5Q0W.A,5Q0W_2,B,B,"cDNA FLJ76652, highly similar to Homo sapiens nuclear receptor coactivator 1 (NCOA1), transcript variant 2, mRNA",14,"[""Q15788""]",2.799453696705839,"[309, 310, 313, 314, 317, 322, 323, 327, 328, 330, 331, 334, 335, 478, 482]",COREGULATOR_CANDIDATE,"Short polymer (14 aa) with coregulator-keyword description match: ['coactivator', 'ncoa']."
5Q0X,Q96RI1,NR1H4,FXR,5Q0X.A,5Q0X_2,B,B,COACTIVATOR PEPTIDE SRC-1 HD3,14,"[""Q15788""]",2.6990326044714603,"[310, 313, 314, 317, 322, 323, 327, 328, 330, 331, 334, 335, 477, 478, 481, 482, 484]",COREGULATOR_CANDIDATE,"Short polymer (14 aa) with coregulator-keyword description match: ['coactivator', 'src-1']."
5Q0Y,Q96RI1,NR1H4,FXR,5Q0Y.A,5Q0Y_2,B,B,COACTIVATOR PEPTIDE SRC-1 HD3,14,"[""Q15788""]",2.772515464339197,"[309, 310, 313, 314, 317, 322, 323, 327, 328, 330, 331, 334, 335, 477, 478, 481, 482]",COREGULATOR_CANDIDATE,"Short polymer (14 aa) with coregulator-keyword description match: ['coactivator', 'src-1']."
5Q0Z,Q96RI1,NR1H4,FXR,5Q0Z.A,5Q0Z_2,B,B,COACTIVATOR PEPTIDE SRC-1 HD3,14,"[""Q15788""]",2.811342383986696,"[313, 314, 317, 322, 323, 327, 328, 330, 331, 334, 335, 477, 478, 481, 482]",COREGULATOR_CANDIDATE,"Short polymer (14 aa) with coregulator-keyword description match: ['coactivator', 'src-1']."
5Q10,Q96RI1,NR1H4,FXR,5Q10.A,5Q10_2,B,B,COACTIVATOR PEPTIDE SRC-1 HD3,14,"[""Q15788""]",2.837774656310824,"[309, 310, 313, 314, 317, 322, 327, 328, 330, 331, 334, 335, 478, 482, 483]",COREGULATOR_CANDIDATE,"Short polymer (14 aa) with coregulator-keyword description match: ['coactivator', 'src-1']."
5Q11,Q96RI1,NR1H4,FXR,5Q11.A,5Q11_2,B,B,COACTIVATOR PEPTIDE SRC-1 HD3,14,"[""Q15788""]",2.9189823569182467,"[309, 310, 313, 314, 317, 322, 327, 328, 330, 331, 334, 335, 477, 478, 481, 482]",COREGULATOR_CANDIDATE,"Short polymer (14 aa) with coregulator-keyword description match: ['coactivator', 'src-1']."
5Q12,Q96RI1,NR1H4,FXR,5Q12.A,5Q12_2,B,B,COACTIVATOR PEPTIDE SRC-1 HD3,14,"[""Q15788""]",2.68035855810375,"[309, 310, 312, 313, 314, 317, 322, 323, 327, 328, 330, 331, 334, 335, 478, 481, 482]",COREGULATOR_CANDIDATE,"Short polymer (14 aa) with coregulator-keyword description match: ['coactivator', 'src-1']."
5Q13,Q96RI1,NR1H4,FXR,5Q13.A,5Q13_2,B,B,COACTIVATOR PEPTIDE SRC-1 HD3,14,"[""Q15788""]",2.7539586053533895,"[309, 310, 313, 314, 316, 317, 322, 323, 327, 328, 330, 331, 334, 335, 477, 478, 481, 482]",COREGULATOR_CANDIDATE,"Short polymer (14 aa) with coregulator-keyword description match: ['coactivator', 'src-1']."
5Q14,Q96RI1,NR1H4,FXR,5Q14.A,5Q14_2,B,B,COACTIVATOR PEPTIDE SRC-1 HD3,14,"[""Q15788""]",2.7602646612236295,"[310, 313, 314, 317, 322, 323, 327, 328, 330, 331, 334, 335, 477, 478, 481, 482]",COREGULATOR_CANDIDATE,"Short polymer (14 aa) with coregulator-keyword description match: ['coactivator', 'src-1']."
5Q15,Q96RI1,NR1H4,FXR,5Q15.A,5Q15_2,B,B,COACTIVATOR PEPTIDE SRC-1 HD3,14,"[""Q15788""]",2.7814449482238497,"[309, 310, 313, 314, 316, 317, 322, 323, 327, 328, 330, 331, 334, 335, 477, 478, 481, 482]",COREGULATOR_CANDIDATE,"Short polymer (14 aa) with coregulator-keyword description match: ['coactivator', 'src-1']."
5Q16,Q96RI1,NR1H4,FXR,5Q16.A,5Q16_2,B,B,COACTIVATOR PEPTIDE SRC-1 HD3,14,"[""Q15788""]",2.8534340714304234,"[309, 310, 313, 314, 317, 322, 323, 327, 328, 330, 331, 334, 335, 477, 478, 481, 482]",COREGULATOR_CANDIDATE,"Short polymer (14 aa) with coregulator-keyword description match: ['coactivator', 'src-1']."
5Q17,Q96RI1,NR1H4,FXR,5Q17.A,5Q17_2,B,B,Nuclear receptor coactivator peptide SRC2,12,"[""Q15596""]",2.7895463788938857,"[309, 310, 313, 314, 317, 322, 327, 328, 330, 331, 334, 335, 478, 482]",COREGULATOR_CANDIDATE,"Short polymer (12 aa) with coregulator-keyword description match: ['coactivator', 'src2']."
5Q18,Q96RI1,NR1H4,FXR,5Q18.A,5Q18_2,B,B,COACTIVATOR PEPTIDE SRC-1 HD3,14,"[""Q15788""]",2.732820703961385,"[309, 310, 313, 314, 317, 322, 323, 327, 328, 330, 331, 334, 335, 477, 478, 481, 482]",COREGULATOR_CANDIDATE,"Short polymer (14 aa) with coregulator-keyword description match: ['coactivator', 'src-1']."
5Q19,Q96RI1,NR1H4,FXR,5Q19.A,5Q19_2,B,B,COACTIVATOR PEPTIDE SRC-1 HD3,14,"[""Q15788""]",2.7680140895595167,"[310, 313, 314, 317, 322, 323, 327, 328, 330, 331, 334, 335, 477, 478, 481, 482, 484]",COREGULATOR_CANDIDATE,"Short polymer (14 aa) with coregulator-keyword description match: ['coactivator', 'src-1']."
5Q1A,Q96RI1,NR1H4,FXR,5Q1A.A,5Q1A_2,B,B,COACTIVATOR PEPTIDE SRC-1 HD3,14,"[""Q15788""]",2.6726481249876493,"[309, 310, 313, 314, 317, 322, 323, 327, 328, 330, 331, 334, 335, 477, 478, 481, 482]",COREGULATOR_CANDIDATE,"Short polymer (14 aa) with coregulator-keyword description match: ['coactivator', 'src-1']."
5Q1B,Q96RI1,NR1H4,FXR,5Q1B.A,5Q1B_2,B,B,COACTIVATOR PEPTIDE SRC-1 HD3,14,"[""Q15788""]",2.8055482530157994,"[309, 310, 313, 314, 316, 317, 322, 327, 328, 330, 331, 334, 335, 477, 478, 481, 482]",COREGULATOR_CANDIDATE,"Short polymer (14 aa) with coregulator-keyword description match: ['coactivator', 'src-1']."
5Q1C,Q96RI1,NR1H4,FXR,5Q1C.A,5Q1C_2,B,B,COACTIVATOR PEPTIDE SRC-1 HD3,14,"[""Q15788""]",2.7626518057837113,"[309, 310, 313, 314, 317, 322, 323, 327, 328, 330, 331, 334, 335, 477, 478, 481, 482]",COREGULATOR_CANDIDATE,"Short polymer (14 aa) with coregulator-keyword description match: ['coactivator', 'src-1']."
5Q1D,Q96RI1,NR1H4,FXR,5Q1D.A,5Q1D_2,B,B,COACTIVATOR PEPTIDE SRC-1 HD3,14,"[""Q15788""]",2.7460333209923005,"[309, 310, 313, 314, 317, 322, 323, 327, 328, 330, 331, 334, 335, 477, 478, 481, 482]",COREGULATOR_CANDIDATE,"Short polymer (14 aa) with coregulator-keyword description match: ['coactivator', 'src-1']."
5Q1E,Q96RI1,NR1H4,FXR,5Q1E.A,5Q1E_2,B,B,COACTIVATOR PEPTIDE SRC-1 HD3,14,"[""Q15788""]",2.7901145137789594,"[309, 310, 313, 314, 317, 322, 327, 328, 330, 331, 334, 335, 478, 481, 482]",COREGULATOR_CANDIDATE,"Short polymer (14 aa) with coregulator-keyword description match: ['coactivator', 'src-1']."
5Q1F,Q96RI1,NR1H4,FXR,5Q1F.C,5Q1F_2,D,D,COACTIVATOR PEPTIDE SRC-1 HD3,14,"[""Q15788""]",2.812327505821462,"[310, 313, 314, 317, 322, 323, 327, 328, 330, 331, 334, 335, 477, 478, 481, 482, 484]",COREGULATOR_CANDIDATE,"Short polymer (14 aa) with coregulator-keyword description match: ['coactivator', 'src-1']."
5Q1G,Q96RI1,NR1H4,FXR,5Q1G.A,5Q1G_2,B,B,COACTIVATOR PEPTIDE SRC-1 HD3,14,"[""Q15788""]",2.8933693162125014,"[313, 317, 322, 323, 327, 328, 330, 331, 334, 335, 477, 478, 481, 482]",COREGULATOR_CANDIDATE,"Short polymer (14 aa) with coregulator-keyword description match: ['coactivator', 'src-1']."
5Q1H,Q96RI1,NR1H4,FXR,5Q1H.E,5Q1H_2,F,F,COACTIVATOR PEPTIDE SRC-1 HD3,14,"[""Q15788""]",2.808824665229214,"[310, 313, 314, 317, 322, 323, 327, 328, 330, 331, 334, 335, 477, 478, 481, 482, 484]",COREGULATOR_CANDIDATE,"Short polymer (14 aa) with coregulator-keyword description match: ['coactivator', 'src-1']."
5Q1I,Q96RI1,NR1H4,FXR,5Q1I.A,5Q1I_2,B,B,COACTIVATOR PEPTIDE SRC-1 HD3,14,"[""Q15788""]",2.7453863116144483,"[309, 310, 313, 314, 317, 322, 323, 327, 328, 330, 331, 334, 335, 478, 481, 482]",COREGULATOR_CANDIDATE,"Short polymer (14 aa) with coregulator-keyword description match: ['coactivator', 'src-1']."
5SYZ,O00482,NR5A2,LRH-1,5SYZ.A,5SYZ_2,B,C,Nuclear receptor coactivator 2,15,"[""Q15596""]",2.8056174008585,"[354, 357, 361, 366, 371, 372, 374, 375, 378, 379, 530, 531, 534, 535, 538]",COREGULATOR_CANDIDATE,Short polymer (15 aa) with coregulator-keyword description match: ['coactivator'].
5T1Z,P03372,NR3A1,ERα,5T1Z.A,5T1Z_2,C,C,Nuclear receptor coactivator 2,13,"[""Q15596""]",2.927996243166988,"[358, 362, 367, 372, 373, 375, 376, 379, 380, 538, 539, 542, 543]",COREGULATOR_CANDIDATE,Short polymer (13 aa) with coregulator-keyword description match: ['coactivator'].
5TLD,P03372,NR3A1,ERα,5TLD.B,5TLD_2,D,D,NUCLEAR RECEPTOR COACTIVATOR 2,13,"[""Q15596""]",2.661358487690076,"[355, 358, 359, 362, 367, 372, 375, 376, 379, 380, 538, 539, 542, 543]",COREGULATOR_CANDIDATE,Short polymer (13 aa) with coregulator-keyword description match: ['coactivator'].
5TLF,P03372,NR3A1,ERα,5TLF.A,5TLF_2,C,C,NUCLEAR RECEPTOR COACTIVATOR 2,13,"[""Q15596""]",2.8474017981310604,"[358, 359, 362, 367, 372, 373, 375, 376, 379, 380, 538, 539, 542, 543]",COREGULATOR_CANDIDATE,Short polymer (13 aa) with coregulator-keyword description match: ['coactivator'].
5TLG,P03372,NR3A1,ERα,5TLG.B,5TLG_2,D,D,NUCLEAR RECEPTOR COACTIVATOR 2,13,"[""Q15596""]",2.8006879512005627,"[355, 358, 359, 362, 367, 372, 375, 376, 379, 380, 538, 539, 542, 543]",COREGULATOR_CANDIDATE,Short polymer (13 aa) with coregulator-keyword description match: ['coactivator'].
5TLL,P03372,NR3A1,ERα,5TLL.A,5TLL_2,C,C,NUCLEAR RECEPTOR COACTIVATOR 2,13,"[""Q15596""]",2.716196973711589,"[358, 362, 367, 372, 375, 376, 379, 380, 538, 539, 542, 543]",COREGULATOR_CANDIDATE,Short polymer (13 aa) with coregulator-keyword description match: ['coactivator'].
5TLM,P03372,NR3A1,ERα,5TLM.B,5TLM_2,D,D,NUCLEAR RECEPTOR COACTIVATOR 2,13,"[""Q15596""]",2.6124901913691447,"[355, 358, 362, 367, 372, 375, 376, 379, 380, 538, 539, 542, 543]",COREGULATOR_CANDIDATE,Short polymer (13 aa) with coregulator-keyword description match: ['coactivator'].
5TLO,P03372,NR3A1,ERα,5TLO.B,5TLO_2,D,D,NUCLEAR RECEPTOR COACTIVATOR 2,13,"[""Q15596""]",2.388082285014485,"[355, 358, 359, 362, 367, 372, 375, 376, 379, 380, 538, 539, 542, 543]",COREGULATOR_CANDIDATE,Short polymer (13 aa) with coregulator-keyword description match: ['coactivator'].
5TLP,P03372,NR3A1,ERα,5TLP.A,5TLP_2,C,C,NUCLEAR RECEPTOR COACTIVATOR 2,13,"[""Q15596""]",2.823860832264934,"[355, 358, 359, 362, 367, 372, 375, 376, 379, 380, 538, 539, 542, 543]",COREGULATOR_CANDIDATE,Short polymer (13 aa) with coregulator-keyword description match: ['coactivator'].
5TLT,P03372,NR3A1,ERα,5TLT.B,5TLT_2,D,D,NUCLEAR RECEPTOR COACTIVATOR 2,13,"[""Q15596""]",2.7513796539191056,"[355, 358, 359, 362, 367, 372, 375, 376, 379, 380, 538, 539, 542, 543]",COREGULATOR_CANDIDATE,Short polymer (13 aa) with coregulator-keyword description match: ['coactivator'].
5TLU,P03372,NR3A1,ERα,5TLU.B,5TLU_2,D,D,NUCLEAR RECEPTOR COACTIVATOR 2,13,"[""Q15596""]",2.853858615979426,"[355, 358, 362, 367, 372, 373, 375, 376, 379, 380, 538, 539, 542, 543]",COREGULATOR_CANDIDATE,Short polymer (13 aa) with coregulator-keyword description match: ['coactivator'].
5TLV,P03372,NR3A1,ERα,5TLV.B,5TLV_2,D,D,Nuclear receptor coactivator 2,13,"[""Q15596""]",2.660623235258986,"[358, 362, 367, 372, 375, 376, 379, 380, 538, 539, 542, 543]",COREGULATOR_CANDIDATE,Short polymer (13 aa) with coregulator-keyword description match: ['coactivator'].
5TLX,P03372,NR3A1,ERα,5TLX.B,5TLX_2,D,D,Nuclear receptor coactivator 2,13,"[""Q15596""]",2.7223763516457464,"[355, 358, 359, 362, 367, 372, 375, 376, 379, 380, 538, 539, 542, 543]",COREGULATOR_CANDIDATE,Short polymer (13 aa) with coregulator-keyword description match: ['coactivator'].
5TLY,P03372,NR3A1,ERα,5TLY.B,5TLY_2,D,D,Nuclear receptor coactivator 2,13,"[""Q15596""]",2.86993275182538,"[355, 358, 359, 362, 367, 372, 375, 376, 379, 380, 538, 539, 542, 543]",COREGULATOR_CANDIDATE,Short polymer (13 aa) with coregulator-keyword description match: ['coactivator'].
5TM1,P03372,NR3A1,ERα,5TM1.B,5TM1_2,D,D,Nuclear receptor coactivator 2,13,"[""Q15596""]",2.7932552693944768,"[355, 358, 362, 367, 372, 375, 376, 379, 380, 538, 539, 542, 543]",COREGULATOR_CANDIDATE,Short polymer (13 aa) with coregulator-keyword description match: ['coactivator'].
5TM2,P03372,NR3A1,ERα,5TM2.B,5TM2_2,D,D,Nuclear receptor coactivator 2,13,"[""Q15596""]",2.7929430713854493,"[355, 358, 359, 362, 367, 372, 375, 376, 379, 380, 538, 539, 542, 543]",COREGULATOR_CANDIDATE,Short polymer (13 aa) with coregulator-keyword description match: ['coactivator'].
5TM3,P03372,NR3A1,ERα,5TM3.B,5TM3_2,D,D,Nuclear receptor coactivator 2,13,"[""Q15596""]",2.6595298456682146,"[355, 358, 359, 362, 367, 372, 375, 376, 379, 380, 538, 539, 542, 543]",COREGULATOR_CANDIDATE,Short polymer (13 aa) with coregulator-keyword description match: ['coactivator'].
5TM4,P03372,NR3A1,ERα,5TM4.A,5TM4_2,C,C,Nuclear receptor coactivator 2,13,"[""Q15596""]",2.8011369120412524,"[355, 358, 362, 367, 372, 375, 376, 379, 380, 538, 539, 542, 543]",COREGULATOR_CANDIDATE,Short polymer (13 aa) with coregulator-keyword description match: ['coactivator'].
5TM5,P03372,NR3A1,ERα,5TM5.A,5TM5_2,C,C,Nuclear receptor coactivator 2,13,"[""Q15596""]",2.596686542499884,"[355, 358, 362, 367, 372, 375, 376, 379, 380, 538, 539, 542, 543]",COREGULATOR_CANDIDATE,Short polymer (13 aa) with coregulator-keyword description match: ['coactivator'].
5TM6,P03372,NR3A1,ERα,5TM6.B,5TM6_2,D,D,Nuclear receptor coactivator 2,13,"[""Q15596""]",2.956931686732042,"[355, 358, 359, 362, 367, 372, 373, 375, 376, 379, 380, 538, 539, 542, 543]",COREGULATOR_CANDIDATE,Short polymer (13 aa) with coregulator-keyword description match: ['coactivator'].
5TM7,P03372,NR3A1,ERα,5TM7.B,5TM7_2,D,D,Nuclear receptor coactivator 2,13,"[""Q15596""]",2.8666616472824282,"[358, 362, 367, 372, 375, 376, 379, 380, 538, 539, 542, 543]",COREGULATOR_CANDIDATE,Short polymer (13 aa) with coregulator-keyword description match: ['coactivator'].
5TM8,P03372,NR3A1,ERα,5TM8.A,5TM8_2,C,C,Nuclear receptor coactivator 2,13,"[""Q15596""]",2.6183036493118976,"[358, 362, 367, 372, 375, 376, 379, 380, 538, 539, 542, 543]",COREGULATOR_CANDIDATE,Short polymer (13 aa) with coregulator-keyword description match: ['coactivator'].
5TML,P03372,NR3A1,ERα,5TML.B,5TML_2,D,D,Nuclear receptor coactivator 2,13,"[""Q15596""]",2.726669947023293,"[358, 362, 367, 372, 375, 376, 379, 380, 538, 539, 542, 543]",COREGULATOR_CANDIDATE,Short polymer (13 aa) with coregulator-keyword description match: ['coactivator'].
5TMM,P03372,NR3A1,ERα,5TMM.A,5TMM_2,C,C,Nuclear receptor coactivator 2,13,"[""Q15596""]",2.7632281845696363,"[358, 362, 367, 372, 375, 376, 379, 380, 538, 539, 542, 543]",COREGULATOR_CANDIDATE,Short polymer (13 aa) with coregulator-keyword description match: ['coactivator'].
5TMO,P03372,NR3A1,ERα,5TMO.B,5TMO_2,D,D,Nuclear receptor coactivator 2,13,"[""Q15596""]",2.731424902866634,"[355, 358, 362, 367, 372, 375, 376, 379, 380, 538, 539, 542, 543]",COREGULATOR_CANDIDATE,Short polymer (13 aa) with coregulator-keyword description match: ['coactivator'].
5TMQ,P03372,NR3A1,ERα,5TMQ.B,5TMQ_2,D,D,Nuclear receptor coactivator 2,13,"[""Q15596""]",2.6036117222043695,"[355, 358, 359, 362, 367, 372, 375, 376, 379, 380, 538, 539, 542, 543]",COREGULATOR_CANDIDATE,Short polymer (13 aa) with coregulator-keyword description match: ['coactivator'].
5TMR,P03372,NR3A1,ERα,5TMR.A,5TMR_2,B,C,Nuclear receptor coactivator 2,13,"[""Q15596""]",2.4563210295073405,"[355, 358, 362, 367, 372, 373, 375, 376, 379, 380, 538, 539, 542, 543]",COREGULATOR_CANDIDATE,Short polymer (13 aa) with coregulator-keyword description match: ['coactivator'].
5TMS,P03372,NR3A1,ERα,5TMS.B,5TMS_2,D,D,Nuclear receptor coactivator 2,13,"[""Q15596""]",2.578155930117496,"[355, 358, 359, 362, 367, 372, 375, 376, 379, 380, 538, 539, 542, 543]",COREGULATOR_CANDIDATE,Short polymer (13 aa) with coregulator-keyword description match: ['coactivator'].
5TMT,P03372,NR3A1,ERα,5TMT.A,5TMT_2,C,C,Nuclear receptor coactivator 2,13,"[""Q15596""]",2.4789070172154495,"[358, 362, 367, 372, 375, 376, 379, 380, 538, 539, 542, 543]",COREGULATOR_CANDIDATE,Short polymer (13 aa) with coregulator-keyword description match: ['coactivator'].
5TMU,P03372,NR3A1,ERα,5TMU.A,5TMU_2,B,C,Nuclear receptor coactivator 2,13,"[""Q15596""]",2.5928843013138883,"[355, 358, 359, 362, 367, 372, 375, 376, 379, 380, 538, 539, 542, 543]",COREGULATOR_CANDIDATE,Short polymer (13 aa) with coregulator-keyword description match: ['coactivator'].
5TMV,P03372,NR3A1,ERα,5TMV.B,5TMV_2,D,D,Nuclear receptor coactivator 2,13,"[""Q15596""]",2.871585972942479,"[355, 358, 359, 362, 367, 372, 373, 375, 376, 379, 380, 538, 539, 542, 543]",COREGULATOR_CANDIDATE,Short polymer (13 aa) with coregulator-keyword description match: ['coactivator'].
5TMW,P03372,NR3A1,ERα,5TMW.C,5TMW_2,D,D,Nuclear receptor coactivator 2,13,"[""Q15596""]",2.9200811632555683,"[358, 362, 367, 372, 373, 375, 376, 379, 380, 538, 539, 542, 543]",COREGULATOR_CANDIDATE,Short polymer (13 aa) with coregulator-keyword description match: ['coactivator'].
5TMZ,P03372,NR3A1,ERα,5TMZ.C,5TMZ_2,D,D,Nuclear receptor coactivator 2,13,"[""Q15596""]",2.7879730988659137,"[355, 358, 362, 367, 372, 373, 375, 376, 379, 380, 538, 539, 542, 543]",COREGULATOR_CANDIDATE,Short polymer (13 aa) with coregulator-keyword description match: ['coactivator'].
5TN1,P03372,NR3A1,ERα,5TN1.B,5TN1_2,D,D,Nuclear receptor coactivator 2,13,"[""Q15596""]",2.679330700007001,"[355, 358, 359, 362, 367, 372, 373, 375, 376, 379, 380, 538, 539, 542, 543]",COREGULATOR_CANDIDATE,Short polymer (13 aa) with coregulator-keyword description match: ['coactivator'].
5TN3,P03372,NR3A1,ERα,5TN3.B,5TN3_2,D,D,Nuclear receptor coactivator 2,13,"[""Q15596""]",2.569552101047962,"[358, 359, 362, 367, 372, 373, 375, 376, 379, 380, 538, 539, 542, 543]",COREGULATOR_CANDIDATE,Short polymer (13 aa) with coregulator-keyword description match: ['coactivator'].
5TN4,P03372,NR3A1,ERα,5TN4.B,5TN4_2,D,D,Nuclear receptor coactivator 2,13,"[""Q15596""]",2.633823266660084,"[355, 358, 359, 362, 367, 372, 375, 376, 379, 380, 538, 539, 542, 543]",COREGULATOR_CANDIDATE,Short polymer (13 aa) with coregulator-keyword description match: ['coactivator'].
5TN5,P03372,NR3A1,ERα,5TN5.B,5TN5_2,D,D,Nuclear receptor coactivator 2,13,"[""Q15596""]",2.684970390898194,"[355, 358, 359, 362, 367, 372, 375, 376, 379, 380, 538, 539, 542, 543]",COREGULATOR_CANDIDATE,Short polymer (13 aa) with coregulator-keyword description match: ['coactivator'].
5TN6,P03372,NR3A1,ERα,5TN6.A,5TN6_2,C,C,Nuclear receptor coactivator 2,13,"[""Q15596""]",2.7815177511567324,"[355, 358, 362, 367, 372, 375, 376, 379, 380, 538, 539, 542, 543]",COREGULATOR_CANDIDATE,Short polymer (13 aa) with coregulator-keyword description match: ['coactivator'].
5TN7,P03372,NR3A1,ERα,5TN7.A,5TN7_2,C,C,Nuclear receptor coactivator 2,13,"[""Q15596""]",2.3030547105963444,"[355, 358, 359, 362, 367, 372, 373, 375, 376, 379, 380, 538, 539, 542, 543]",COREGULATOR_CANDIDATE,Short polymer (13 aa) with coregulator-keyword description match: ['coactivator'].
5TN8,P03372,NR3A1,ERα,5TN8.B,5TN8_2,D,D,Nuclear receptor coactivator 2,13,"[""Q15596""]",2.8229605027346736,"[355, 358, 362, 367, 372, 375, 376, 379, 538, 539, 542, 543]",COREGULATOR_CANDIDATE,Short polymer (13 aa) with coregulator-keyword description match: ['coactivator'].
5TWO,P37231,NR1C3,PPARγ,5TWO.A,5TWO_2,B,B,PRO-SER-LEU-LEU-LYS-LYS-LEU-LEU-LEU-ALA-PRO,15,"[""Q9UBK2""]",2.567166726178881,"[321, 322, 325, 326, 329, 334, 339, 340, 342, 343, 346, 347, 494, 495, 496, 499, 500]",UNCLASSIFIED_PARTNER,Short polymer (15 aa) but no coregulator-keyword evidence in description ('PRO-SER-LEU-LEU-LYS-LYS-LEU-LEU-LEU-ALA-PRO') — not assumed to be a coregulator without supporting metadata.
5U2D,P03372,NR3A1,ERα,5U2D.A,5U2D_2,C,C,Nuclear receptor coactivator 2,13,"[""Q15596""]",2.8085601293189364,"[355, 358, 362, 367, 372, 373, 375, 376, 379, 380, 538, 539, 542, 543]",COREGULATOR_CANDIDATE,Short polymer (13 aa) with coregulator-keyword description match: ['coactivator'].
5UNJ,O00482,NR5A2,LRH-1,5UNJ.A,5UNJ_2,B,C,Peroxisome proliferator-activated gamma coactivator 1-alpha,14,"[""Q9UBK2""]",2.529273413452961,"[354, 357, 361, 366, 371, 374, 375, 378, 379, 530, 531, 534, 535]",COREGULATOR_CANDIDATE,Short polymer (14 aa) with coregulator-keyword description match: ['coactivator'].
5WGD,P03372,NR3A1,ERα,5WGD.A,5WGD_2,C,E,(ACE)HKILHKLLQDS(NH2),13,[],2.8748149505663863,"[358, 359, 362, 367, 372, 373, 375, 376, 379, 380, 538, 539, 542, 543]",UNCLASSIFIED_PARTNER,Short polymer (13 aa) but no coregulator-keyword evidence in description ('(ACE)HKILHKLLQDS(NH2)') — not assumed to be a coregulator without supporting metadata.
5WGQ,P03372,NR3A1,ERα,5WGQ.A,5WGQ_2,D,F,SRC2-BCP1,13,"[""Q15596""]",2.9143234206244166,"[358, 362, 367, 372, 373, 375, 376, 379, 380, 539, 542, 543]",COREGULATOR_CANDIDATE,Short polymer (13 aa) with coregulator-keyword description match: ['src2'].
5WZX,Q96RI1,NR1H4,FXR,5WZX.B,5WZX_2,D,D,SRC2-3 peptide from Nuclear receptor coactivator 2,12,"[""Q15596""]",2.7909808311774507,"[309, 313, 314, 316, 317, 322, 323, 327, 328, 330, 331, 334, 335, 477, 478, 481, 482]",COREGULATOR_CANDIDATE,"Short polymer (12 aa) with coregulator-keyword description match: ['coactivator', 'src2']."
5X8Q,P51449,NR1F3,RORγ,5X8Q.A,5X8Q_2,B,B,Nuclear receptor corepressor 2,22,"[""Q9Y618""]",2.8739450238304833,"[325, 328, 329, 332, 333, 336, 341, 346, 349, 350, 353, 354, 357, 358, 477, 478, 480, 481, 484]",COREGULATOR_CANDIDATE,Short polymer (22 aa) with coregulator-keyword description match: ['corepressor'].
5X8Q,P51449,NR1F3,RORγ,5X8Q.A,5X8Q_2,F,F,Nuclear receptor corepressor 2,22,"[""Q9Y618""]",3.380994676127131,"[286, 287, 330]",COREGULATOR_CANDIDATE,Short polymer (22 aa) with coregulator-keyword description match: ['corepressor'].
5Y1J,Q96RI1,NR1H4,FXR,5Y1J.A,5Y1J_2,B,U,Peptide from Nuclear receptor coactivator 2,10,"[""Q15596""]",2.6398784062907183,"[313, 314, 316, 317, 322, 327, 328, 330, 331, 334, 335, 477, 478, 481, 482]",COREGULATOR_CANDIDATE,Short polymer (10 aa) with coregulator-keyword description match: ['coactivator'].
5Y44,Q96RI1,NR1H4,FXR,5Y44.A,5Y44_2,B,B,Peptide from Nuclear receptor coactivator 1,11,"[""Q15788""]",1.4571870161375984,"[313, 314, 316, 317, 322, 323, 327, 330, 331, 334, 335, 476, 477, 480, 481, 483]",COREGULATOR_CANDIDATE,Short polymer (11 aa) with coregulator-keyword description match: ['coactivator'].
5Y49,Q96RI1,NR1H4,FXR,5Y49.B,5Y49_2,D,E,Peptide from Nuclear receptor coactivator 2,11,"[""Q15596""]",2.871075582425504,"[313, 316, 317, 322, 323, 327, 328, 330, 331, 334, 335, 477, 478, 481, 482, 484]",COREGULATOR_CANDIDATE,Short polymer (11 aa) with coregulator-keyword description match: ['coactivator'].
5YCN,P37231,NR1C3,PPARγ,5YCN.A,5YCN_2,B,B,Nuclear receptor coactivator 1,16,"[""Q15788""]",2.6696078363684803,"[321, 322, 325, 326, 329, 334, 339, 340, 342, 343, 346, 347, 495, 496, 499, 500, 502]",COREGULATOR_CANDIDATE,Short polymer (16 aa) with coregulator-keyword description match: ['coactivator'].
5YCP,P37231,NR1C3,PPARγ,5YCP.A,5YCP_2,B,B,Nuclear receptor coactivator 1,16,"[""Q15788""]",2.7063325737979795,"[321, 322, 325, 326, 329, 334, 339, 340, 342, 343, 346, 347, 495, 496, 499, 500, 502]",COREGULATOR_CANDIDATE,Short polymer (16 aa) with coregulator-keyword description match: ['coactivator'].
5YP5,P51449,NR1F3,RORγ,5YP5.A,5YP5_2,B,B,SRC2-2 peptide,8,"[""Q15596""]",2.76891693627671,"[329, 332, 336, 341, 342, 346, 349, 350, 353, 354, 500, 501, 504, 505]",COREGULATOR_CANDIDATE,Short polymer (8 aa) with coregulator-keyword description match: ['src2'].
5YP6,P51449,NR1F3,RORγ,5YP6.A,5YP6_2,B,B,SRC2,8,"[""Q15788""]",2.5791663381798386,"[329, 332, 336, 341, 342, 346, 349, 350, 353, 354, 500, 501, 504, 505]",COREGULATOR_CANDIDATE,Short polymer (8 aa) with coregulator-keyword description match: ['src2'].
5YXB,Q96RI1,NR1H4,FXR,5YXB.A,5YXB_2,B,B,Peptide from Nuclear receptor coactivator 2,11,"[""Q15596""]",2.839377748732986,"[313, 314, 317, 322, 323, 327, 330, 331, 334, 335, 477, 478, 481, 482, 484]",COREGULATOR_CANDIDATE,Short polymer (11 aa) with coregulator-keyword description match: ['coactivator'].
5YXD,Q96RI1,NR1H4,FXR,5YXD.A,5YXD_2,B,B,Peptide from Nuclear receptor coactivator,11,"[""Q15596""]",2.0767633471341886,"[310, 313, 314, 316, 317, 322, 323, 327, 328, 330, 331, 334, 335, 477, 478, 481, 482, 484]",COREGULATOR_CANDIDATE,Short polymer (11 aa) with coregulator-keyword description match: ['coactivator'].
5YXJ,Q96RI1,NR1H4,FXR,5YXJ.A,5YXJ_2,D,D,Peptide from Nuclear receptor coactivator 2,11,"[""Q15596""]",2.8913073167686623,"[313, 314, 316, 317, 322, 323, 327, 330, 331, 334, 335, 477, 478, 481, 482]",COREGULATOR_CANDIDATE,Short polymer (11 aa) with coregulator-keyword description match: ['coactivator'].
5YXL,Q96RI1,NR1H4,FXR,5YXL.A,5YXL_2,B,B,Peptide from Nuclear receptor coactivator 2,8,"[""Q15596""]",2.6860772513090594,"[313, 314, 317, 322, 323, 327, 328, 330, 331, 334, 335, 477, 478, 481, 482]",COREGULATOR_CANDIDATE,Short polymer (8 aa) with coregulator-keyword description match: ['coactivator'].
5Z12,Q96RI1,NR1H4,FXR,5Z12.A,5Z12_4,D,J,Peptide from Nuclear receptor coactivator 2,6,"[""Q15596""]",2.8235962884236843,"[313, 317, 323, 327, 331, 334, 335, 477, 478, 481, 482]",COREGULATOR_CANDIDATE,Short polymer (6 aa) with coregulator-keyword description match: ['coactivator'].
5Z12,P19793,NR2B1,RXRα,5Z12.G,5Z12_3,H,I,Peptide from Nuclear receptor coactivator 2,9,"[""Q15596""]",2.7875040807145024,"[277, 280, 284, 289, 294, 297, 298, 301, 302, 449, 450, 453, 454, 458]",COREGULATOR_CANDIDATE,Short polymer (9 aa) with coregulator-keyword description match: ['coactivator'].
5Z5S,P37231,NR1C3,PPARγ,5Z5S.A,5Z5S_2,B,C,Peptide from Peroxisome proliferator-activated receptor gamma coactivator 1-alpha,19,"[""Q9UBK2""]",2.6122059643144526,"[321, 322, 325, 326, 329, 334, 339, 340, 342, 343, 346, 347, 495, 496, 499, 500]",COREGULATOR_CANDIDATE,"Short polymer (19 aa) with coregulator-keyword description match: ['coactivator', 'peroxisome proliferator-activated receptor gamma coactivator']."
5Z6S,P37231,NR1C3,PPARγ,5Z6S.A,5Z6S_2,B,C,Peptide from Peroxisome proliferator-activated receptor gamma coactivator 1-alpha,19,"[""Q9UBK2""]",2.662412815473975,"[321, 322, 325, 326, 329, 334, 339, 340, 342, 343, 346, 347, 495, 496, 499, 500]",COREGULATOR_CANDIDATE,"Short polymer (19 aa) with coregulator-keyword description match: ['coactivator', 'peroxisome proliferator-activated receptor gamma coactivator']."
6A22,P51449,NR1F3,RORγ,6A22.A,6A22_2,B,B,Nuclear receptor corepressor 2,22,"[""Q9Y618""]",2.8162444851255377,"[318, 322, 325, 328, 329, 332, 333, 336, 341, 346, 349, 350, 353, 354, 357, 477, 481, 484, 487, 493]",COREGULATOR_CANDIDATE,Short polymer (22 aa) with coregulator-keyword description match: ['corepressor'].
6A22,P51449,NR1F3,RORγ,6A22.A,6A22_2,F,F,Nuclear receptor corepressor 2,22,"[""Q9Y618""]",4.324190906979015,[337],COREGULATOR_CANDIDATE,Short polymer (22 aa) with coregulator-keyword description match: ['corepressor'].
6A5W,Q96RI1,NR1H4,FXR,6A5W.A,6A5W_2,B,B,Nuclear receptor coactivator 1,12,"[""Q15788""]",3.0002209918604326,"[310, 313, 314, 317, 322, 323, 327, 328, 330, 331, 334, 335, 477, 478, 481, 482, 484]",COREGULATOR_CANDIDATE,Short polymer (12 aa) with coregulator-keyword description match: ['coactivator'].
6A5X,Q96RI1,NR1H4,FXR,6A5X.A,6A5X_2,B,B,Nuclear receptor coactivator 1,11,"[""Q15788""]",2.57547840216143,"[310, 313, 317, 322, 323, 327, 328, 330, 331, 334, 335, 477, 478, 481, 482]",COREGULATOR_CANDIDATE,Short polymer (11 aa) with coregulator-keyword description match: ['coactivator'].
6A5Y,Q96RI1,NR1H4,FXR,6A5Y.A,6A5Y_2,B,B,Nuclear receptor coactivator 1,16,"[""Q15788""]",2.7169797570096117,"[309, 310, 313, 314, 317, 322, 323, 327, 328, 330, 331, 334, 335, 477, 478, 481, 482]",COREGULATOR_CANDIDATE,Short polymer (16 aa) with coregulator-keyword description match: ['coactivator'].
6A5Y,P19793,NR2B1,RXRα,6A5Y.C,6A5Y_2,D,F,Nuclear receptor coactivator 1,16,"[""Q15788""]",2.5139250187704483,"[276, 277, 280, 281, 284, 285, 289, 294, 295, 297, 298, 301, 302, 449, 450, 453, 454, 456, 457]",COREGULATOR_CANDIDATE,Short polymer (16 aa) with coregulator-keyword description match: ['coactivator'].
6A5Z,Q96RI1,NR1H4,FXR,6A5Z.C,6A5Z_3,G,G,Nuclear receptor coactivator 1,16,"[""Q15788""]",2.7792182354036186,"[310, 313, 314, 317, 322, 323, 327, 328, 330, 331, 334, 335, 477, 478, 481, 482]",COREGULATOR_CANDIDATE,Short polymer (16 aa) with coregulator-keyword description match: ['coactivator'].
6A5Z,P19793,NR2B1,RXRα,6A5Z.B,6A5Z_3,F,F,Nuclear receptor coactivator 1,16,"[""Q15788""]",2.632107330638324,"[277, 280, 281, 284, 289, 294, 295, 297, 298, 301, 302, 449, 450, 453, 454, 456]",COREGULATOR_CANDIDATE,Short polymer (16 aa) with coregulator-keyword description match: ['coactivator'].
6A60,Q96RI1,NR1H4,FXR,6A60.A,6A60_2,B,B,Nuclear receptor coactivator 1,16,"[""Q15788""]",2.6978613752378022,"[313, 317, 323, 327, 328, 330, 331, 478, 481]",COREGULATOR_CANDIDATE,Short polymer (16 aa) with coregulator-keyword description match: ['coactivator'].
6A60,P19793,NR2B1,RXRα,6A60.C,6A60_2,D,F,Nuclear receptor coactivator 1,16,"[""Q15788""]",2.8888217321254004,"[277, 280, 284, 289, 294, 295, 297, 298, 301, 302, 449, 450, 453, 454, 456, 457]",COREGULATOR_CANDIDATE,Short polymer (16 aa) with coregulator-keyword description match: ['coactivator'].
6AD9,P37231,NR1C3,PPARγ,6AD9.A,6AD9_2,B,B,12-mer peptide from Peroxisome proliferator-activated receptor gamma coactivator 1-alpha,12,"[""Q9UBK2""]",2.4505236175152447,"[321, 322, 325, 329, 334, 339, 340, 342, 343, 346, 347, 495, 496, 499, 500]",COREGULATOR_CANDIDATE,"Short polymer (12 aa) with coregulator-keyword description match: ['coactivator', 'peroxisome proliferator-activated receptor gamma coactivator']."
6CHT,P41235,NR2A1,HNF4α,6CHT.D,6CHT_2,F,F,Proliferation-associated protein 2G4,20,"[""Q9UQ80""]",2.6261900159737106,"[196, 199, 203, 213, 217, 220, 367, 368, 369, 372, 373]",UNCLASSIFIED_PARTNER,Short polymer (20 aa) but no coregulator-keyword evidence in description ('Proliferation-associated protein 2G4') — not assumed to be a coregulator without supporting metadata.
6CZN,P03372,NR3A1,ERα,6CZN.B,6CZN_2,D,D,GRIP Peptide,13,"[""Q15596""]",3.34126951920973,"[355, 358, 362, 367, 372, 375, 376, 379, 380, 539, 543]",UNCLASSIFIED_PARTNER,Short polymer (13 aa) but no coregulator-keyword evidence in description ('GRIP Peptide') — not assumed to be a coregulator without supporting metadata.
6D94,P37231,NR1C3,PPARγ,6D94.A,6D94_2,B,B,Mediator of RNA polymerase II transcription subunit 1,24,"[""Q15648""]",2.66555904080176,"[321, 322, 325, 326, 329, 334, 339, 340, 342, 343, 344, 346, 347, 429, 494, 495, 496, 499, 500, 502, 503]",COREGULATOR_CANDIDATE,Short polymer (24 aa) with coregulator-keyword description match: ['mediator'].
6DGP,P37231,NR1C3,PPARγ,6DGP.A,6DGP_2,C,C,TRAP220 Coactivator Peptide (Mediator of RNA polymerase II transcription subunit 1),19,[],2.4311122968715346,"[321, 322, 325, 329, 334, 339, 340, 342, 343, 346, 347, 495, 496, 499, 500]",COREGULATOR_CANDIDATE,"Short polymer (19 aa) with coregulator-keyword description match: ['coactivator', 'mediator']."
6E3G,P51449,NR1F3,RORγ,6E3G.A,6E3G_2,B,C,co-activator peptide,8,"[""Q15788""]",2.7813861652061203,"[329, 332, 336, 341, 342, 346, 349, 350, 353, 354, 500, 501, 504, 505]",UNCLASSIFIED_PARTNER,Short polymer (8 aa) but no coregulator-keyword evidence in description ('co-activator peptide') — not assumed to be a coregulator without supporting metadata.
6EL6,P04150,NR3C1,GR,6EL6.A,6EL6_2,B,B,Nuclear receptor coactivator 2,14,"[""Q15596""]",2.7599367746381422,"[572, 575, 576, 579, 584, 585, 589, 592, 593, 596, 597, 751, 752, 755, 756]",COREGULATOR_CANDIDATE,Short polymer (14 aa) with coregulator-keyword description match: ['coactivator'].
6EL7,P04150,NR3C1,GR,6EL7.A,6EL7_2,B,B,Nuclear receptor coactivator 2,14,"[""Q15596""]",2.7978486377929728,"[572, 575, 576, 579, 584, 585, 589, 590, 592, 593, 596, 597, 751, 752, 755]",COREGULATOR_CANDIDATE,Short polymer (14 aa) with coregulator-keyword description match: ['coactivator'].
6EL9,P04150,NR3C1,GR,6EL9.A,6EL9_2,B,B,Nuclear receptor coactivator 2,14,"[""Q15596""]",2.762493981893897,"[572, 575, 576, 579, 584, 585, 589, 592, 593, 596, 597, 751, 752, 755, 756]",COREGULATOR_CANDIDATE,Short polymer (14 aa) with coregulator-keyword description match: ['coactivator'].
6ESN,P51449,NR1F3,RORγ,6ESN.A,6ESN_2,B,C,LYS-HIS-LYS-ILE-LEU-HIS-ARG-LEU-LEU-GLN-ASP-SER,12,"[""Q15596""]",2.792366379972371,"[329, 332, 336, 341, 342, 346, 349, 350, 353, 354, 500, 501, 503, 504, 505]",UNCLASSIFIED_PARTNER,Short polymer (12 aa) but no coregulator-keyword evidence in description ('LYS-HIS-LYS-ILE-LEU-HIS-ARG-LEU-LEU-GLN-ASP-SER') — not assumed to be a coregulator without supporting metadata.
6FZF,P37231,NR1C3,PPARγ,6FZF.A,6FZF_2,C,C,Peroxisome proliferator-activated receptor gamma coactivator 1-alpha,14,"[""Q9UBK2""]",2.5296055028403166,"[321, 322, 325, 326, 329, 334, 339, 340, 342, 343, 346, 347, 494, 495, 496, 499, 500]",COREGULATOR_CANDIDATE,"Short polymer (14 aa) with coregulator-keyword description match: ['coactivator', 'peroxisome proliferator-activated receptor gamma coactivator']."
6FZJ,P37231,NR1C3,PPARγ,6FZJ.A,6FZJ_2,C,C,Peroxisome proliferator-activated receptor gamma coactivator 1-alpha,14,[],2.7426857275305885,"[321, 322, 325, 326, 329, 334, 339, 340, 342, 343, 346, 347, 495, 496, 499, 500]",COREGULATOR_CANDIDATE,"Short polymer (14 aa) with coregulator-keyword description match: ['coactivator', 'peroxisome proliferator-activated receptor gamma coactivator']."
6FZP,P37231,NR1C3,PPARγ,6FZP.A,6FZP_2,B,C,Peroxisome proliferator-activated receptor gamma coactivator 1-alpha,14,"[""Q9UBK2""]",2.4180616203893566,"[321, 322, 325, 329, 334, 339, 340, 342, 343, 346, 347, 495, 496, 499, 500]",COREGULATOR_CANDIDATE,"Short polymer (14 aa) with coregulator-keyword description match: ['coactivator', 'peroxisome proliferator-activated receptor gamma coactivator']."
6FZU,P51449,NR1F3,RORγ,6FZU.A,6FZU_2,C,P,Nuclear receptor-interacting protein 1,20,"[""P48552""]",2.811128065385853,"[329, 332, 336, 341, 342, 346, 349, 350, 353, 354, 500, 501, 504, 505]",UNCLASSIFIED_PARTNER,Short polymer (20 aa) but no coregulator-keyword evidence in description ('Nuclear receptor-interacting protein 1') — not assumed to be a coregulator without supporting metadata.
6G05,P51449,NR1F3,RORγ,6G05.A,6G05_2,C,P,Nuclear receptor-interacting protein 1,20,"[""P48552""]",2.7120105088291973,"[332, 336, 341, 342, 346, 349, 350, 353, 354, 500, 501, 504, 505]",UNCLASSIFIED_PARTNER,Short polymer (20 aa) but no coregulator-keyword evidence in description ('Nuclear receptor-interacting protein 1') — not assumed to be a coregulator without supporting metadata.
6GG8,P08235,NR3C2,MR,6GG8.A,6GG8_2,B,B,Nuclear receptor coactivator 1,15,"[""Q15788""]",2.7043688727686552,"[778, 781, 785, 790, 795, 798, 799, 802, 803, 958, 959, 962, 963]",COREGULATOR_CANDIDATE,Short polymer (15 aa) with coregulator-keyword description match: ['coactivator'].
6ICJ,P37231,NR1C3,PPARγ,6ICJ.A,6ICJ_2,B,B,Nuclear receptor coactivator 1,25,"[""Q15788""]",2.5267815497189297,"[321, 322, 325, 329, 334, 339, 340, 342, 343, 346, 347, 495, 496, 499, 500, 502]",COREGULATOR_CANDIDATE,Short polymer (25 aa) with coregulator-keyword description match: ['coactivator'].
6IJR,P37231,NR1C3,PPARγ,6IJR.A,6IJR_2,B,B,16 mer peptide from Nuclear receptor coactivator 1,16,"[""Q15788""]",2.5499117631792676,"[321, 322, 325, 329, 334, 339, 342, 343, 346, 347, 495, 496, 499, 500, 502]",COREGULATOR_CANDIDATE,Short polymer (16 aa) with coregulator-keyword description match: ['coactivator'].
6IJS,P37231,NR1C3,PPARγ,6IJS.A,6IJS_2,B,B,16-mer peptide from Nuclear receptor coactivator 1,16,"[""Q15788""]",2.5785844954160417,"[321, 322, 325, 326, 329, 334, 339, 340, 342, 343, 346, 347, 495, 496, 499, 500]",COREGULATOR_CANDIDATE,Short polymer (16 aa) with coregulator-keyword description match: ['coactivator'].
6ITM,Q96RI1,NR1H4,FXR,6ITM.C,6ITM_2,D,D,HD3 Peptide from Nuclear receptor coactivator 1,14,"[""Q15788""]",2.816452023379771,"[309, 310, 313, 314, 317, 322, 323, 327, 328, 330, 331, 334, 335, 477, 478, 481, 482, 484]",COREGULATOR_CANDIDATE,Short polymer (14 aa) with coregulator-keyword description match: ['coactivator'].
6IVX,P51449,NR1F3,RORγ,6IVX.A,6IVX_2,B,B,Nuclear receptor corepressor 2,22,"[""Q9Y618""]",2.668069339428792,"[325, 328, 329, 332, 333, 336, 341, 346, 349, 350, 353, 354, 357, 358, 477, 478, 480, 481, 484]",COREGULATOR_CANDIDATE,Short polymer (22 aa) with coregulator-keyword description match: ['corepressor'].
6IVX,P51449,NR1F3,RORγ,6IVX.A,6IVX_2,D,D,Nuclear receptor corepressor 2,22,"[""Q9Y618""]",4.482718037084196,[288],COREGULATOR_CANDIDATE,Short polymer (22 aa) with coregulator-keyword description match: ['corepressor'].
6IZM,P37231,NR1C3,PPARγ,6IZM.A,6IZM_2,B,C,Peptide from Peroxisome proliferator-activated receptor gamma coactivator 1-alpha,19,"[""Q9UBK2""]",2.584526842576798,"[321, 322, 325, 326, 329, 334, 339, 340, 342, 343, 346, 347, 495, 496, 499, 500]",COREGULATOR_CANDIDATE,"Short polymer (19 aa) with coregulator-keyword description match: ['coactivator', 'peroxisome proliferator-activated receptor gamma coactivator']."
6J3N,P51449,NR1F3,RORγ,6J3N.A,6J3N_2,B,B,LYS-ILE-LEU-HIS-ARG-LEU-LEU-GLN,8,[],2.5500070588137604,"[329, 332, 336, 341, 342, 346, 349, 350, 353, 354, 500, 501, 504, 505]",UNCLASSIFIED_PARTNER,Short polymer (8 aa) but no coregulator-keyword evidence in description ('LYS-ILE-LEU-HIS-ARG-LEU-LEU-GLN') — not assumed to be a coregulator without supporting metadata.
6JNR,P19793,NR2B1,RXRα,6JNR.B,6JNR_2,D,D,HIS-LYS-ILE-LEU-HIS-ARG-LEU-LEU-GLN,12,"[""Q15788""]",2.7241385794412136,"[277, 280, 281, 284, 289, 294, 295, 297, 298, 301, 302, 449, 450, 453, 454, 456, 457, 458]",UNCLASSIFIED_PARTNER,Short polymer (12 aa) but no coregulator-keyword evidence in description ('HIS-LYS-ILE-LEU-HIS-ARG-LEU-LEU-GLN') — not assumed to be a coregulator without supporting metadata.
6JQ7,P37231,NR1C3,PPARγ,6JQ7.A,6JQ7_2,B,B,16-mer peptide from Nuclear receptor coactivator 1,16,"[""Q15788""]",2.618572511885054,"[321, 322, 325, 326, 329, 334, 339, 340, 342, 343, 346, 347, 495, 496, 498, 499, 500, 502]",COREGULATOR_CANDIDATE,Short polymer (16 aa) with coregulator-keyword description match: ['coactivator'].
6K0T,P37231,NR1C3,PPARγ,6K0T.C,6K0T_2,D,D,Peroxisome proliferator-activated receptor gamma coactivator 1-alpha,12,"[""Q9UBK2""]",2.3257104290947312,"[321, 322, 325, 326, 329, 334, 339, 340, 342, 343, 346, 347, 495, 496, 499, 500, 502]",COREGULATOR_CANDIDATE,"Short polymer (12 aa) with coregulator-keyword description match: ['coactivator', 'peroxisome proliferator-activated receptor gamma coactivator']."
6KKE,P10828,NR1A2,TRβ,6KKE.A,6KKE_2,B,C,SRC2-3,11,"[""Q15596""]",2.697832833961364,"[281, 284, 288, 293, 298, 299, 301, 302, 305, 306, 453, 454, 457, 458, 459]",COREGULATOR_CANDIDATE,Short polymer (11 aa) with coregulator-keyword description match: ['src2'].
6KNU,P10828,NR1A2,TRβ,6KNU.A,6KNU_2,B,C,Nuclear receptor coactivator 2,11,"[""Q15596""]",2.482041699891445,"[284, 288, 293, 298, 299, 301, 302, 305, 306, 453, 454, 457, 458, 460]",COREGULATOR_CANDIDATE,Short polymer (11 aa) with coregulator-keyword description match: ['coactivator'].
6KNV,P10828,NR1A2,TRβ,6KNV.A,6KNV_2,B,C,Nuclear receptor coactivator 2,11,"[""Q15596""]",2.4830042287519363,"[281, 284, 285, 288, 293, 298, 299, 301, 302, 305, 306, 454, 457, 458]",COREGULATOR_CANDIDATE,Short polymer (11 aa) with coregulator-keyword description match: ['coactivator'].
6KNW,P10828,NR1A2,TRβ,6KNW.A,6KNW_2,B,C,Nuclear receptor coactivator 2,11,"[""Q15596""]",2.659425501870658,"[281, 284, 288, 293, 298, 299, 301, 302, 305, 306, 453, 454, 457, 458]",COREGULATOR_CANDIDATE,Short polymer (11 aa) with coregulator-keyword description match: ['coactivator'].
6KTM,P37231,NR1C3,PPARγ,6KTM.A,6KTM_2,B,B,16-mer peptide from Nuclear receptor coactivator 1,16,"[""Q15788""]",2.3334536635639456,"[321, 322, 325, 326, 329, 334, 339, 340, 342, 343, 346, 347, 495, 496, 499, 500, 502]",COREGULATOR_CANDIDATE,Short polymer (16 aa) with coregulator-keyword description match: ['coactivator'].
6KTN,P37231,NR1C3,PPARγ,6KTN.A,6KTN_2,B,B,16-mer peptide from Nuclear receptor coactivator 1,16,"[""Q15788""]",2.6808412858653163,"[321, 322, 325, 329, 334, 339, 340, 342, 343, 346, 347, 495, 496, 499, 500, 502]",COREGULATOR_CANDIDATE,Short polymer (16 aa) with coregulator-keyword description match: ['coactivator'].
6KXX,Q07869,NR1C1,PPARα,6KXX.A,6KXX_2,B,B,PGC1alpha,22,"[""Q9UBK2""]",2.7934491225007116,"[284, 285, 288, 289, 292, 297, 302, 303, 305, 306, 309, 310, 458, 459, 462, 463]",COREGULATOR_CANDIDATE,Short polymer (22 aa) with coregulator-keyword description match: ['pgc1'].
6KXY,Q07869,NR1C1,PPARα,6KXY.A,6KXY_2,B,B,PGC1alpha,22,"[""Q9UBK2""]",2.7685458276864403,"[284, 285, 288, 289, 292, 297, 302, 303, 305, 306, 309, 310, 458, 459, 462, 463]",COREGULATOR_CANDIDATE,Short polymer (22 aa) with coregulator-keyword description match: ['pgc1'].
6L6K,P19793,NR2B1,RXRα,6L6K.A,6L6K_2,B,B,Nuclear receptor coactivator 1,12,"[""Q15788""]",2.7262610193083123,"[277, 280, 281, 284, 289, 294, 295, 297, 298, 301, 302, 449, 450, 453, 454, 457]",COREGULATOR_CANDIDATE,Short polymer (12 aa) with coregulator-keyword description match: ['coactivator'].
6L96,Q07869,NR1C1,PPARα,6L96.A,6L96_2,C,C,SRC1 coactivator peptide,13,"[""Q15788""]",2.6375505682356137,"[284, 285, 288, 289, 292, 297, 302, 303, 305, 306, 309, 310, 458, 459, 462, 463, 465]",COREGULATOR_CANDIDATE,"Short polymer (13 aa) with coregulator-keyword description match: ['coactivator', 'src1']."
6LB5,P19793,NR2B1,RXRα,6LB5.C,6LB5_2,D,D,Nuclear receptor coactivator 2,13,"[""Q15596""]",2.5075434193648576,"[277, 280, 284, 289, 294, 295, 297, 298, 301, 302, 449, 450, 453, 454, 456, 457]",COREGULATOR_CANDIDATE,Short polymer (13 aa) with coregulator-keyword description match: ['coactivator'].
6LB6,P19793,NR2B1,RXRα,6LB6.A,6LB6_2,B,B,Nuclear receptor coactivator 2,13,"[""Q15596""]",2.3993795031215885,"[277, 280, 281, 284, 289, 294, 297, 298, 301, 302, 449, 450, 453, 454, 456, 457, 458]",COREGULATOR_CANDIDATE,Short polymer (13 aa) with coregulator-keyword description match: ['coactivator'].
6LN4,O95718,NR3B2,ERRβ,6LN4.A,6LN4_2,B,B,10-mer from Peroxisome proliferator-activated receptor gamma coactivator 1-alpha,10,"[""Q9UBK2""]",2.506400805936673,"[252, 255, 259, 264, 269, 272, 273, 276, 277, 423, 424, 427, 428]",COREGULATOR_CANDIDATE,"Short polymer (10 aa) with coregulator-keyword description match: ['coactivator', 'peroxisome proliferator-activated receptor gamma coactivator']."
6ONI,P37231,NR1C3,PPARγ,6ONI.A,6ONI_2,B,D,NCOR isoform c,23,"[""O75376""]",2.7257852079721907,"[314, 318, 321, 322, 325, 326, 329, 334, 339, 340, 342, 343, 346, 347, 350, 351]",COREGULATOR_CANDIDATE,Short polymer (23 aa) with coregulator-keyword description match: ['ncor'].
6ONJ,P37231,NR1C3,PPARγ,6ONJ.A,6ONJ_2,B,C,"Mediator of RNA polymerase II transcription subunit 1, TRAP220 Coactivator Peptide",19,"[""Q15648""]",2.3115064352062724,"[321, 322, 325, 326, 329, 334, 339, 340, 341, 342, 343, 344, 346, 347, 427, 429, 494, 495, 496, 499, 500, 502]",COREGULATOR_CANDIDATE,"Short polymer (19 aa) with coregulator-keyword description match: ['coactivator', 'mediator']."
6OQX,O00482,NR5A2,LRH-1,6OQX.A,6OQX_2,B,C,Nuclear receptor coactivator 2,15,"[""Q15596""]",2.548025117615602,"[354, 357, 358, 361, 366, 371, 372, 374, 375, 378, 379, 530, 531, 534, 535, 538]",COREGULATOR_CANDIDATE,Short polymer (15 aa) with coregulator-keyword description match: ['coactivator'].
6OQY,O00482,NR5A2,LRH-1,6OQY.A,6OQY_2,B,C,Nuclear receptor coactivator 2,15,"[""Q15596""]",2.547232419705747,"[354, 357, 358, 361, 366, 371, 372, 374, 375, 378, 379, 529, 530, 531, 534, 535, 538]",COREGULATOR_CANDIDATE,Short polymer (15 aa) with coregulator-keyword description match: ['coactivator'].
6OR1,O00482,NR5A2,LRH-1,6OR1.A,6OR1_2,B,C,Nuclear receptor coactivator 2,15,"[""Q15596""]",2.3961039209516777,"[354, 357, 358, 361, 366, 371, 372, 374, 375, 378, 379, 530, 531, 534, 535, 538]",COREGULATOR_CANDIDATE,Short polymer (15 aa) with coregulator-keyword description match: ['coactivator'].
6PDZ,P37231,NR1C3,PPARγ,6PDZ.A,6PDZ_2,B,C,Nuclear receptor corepressor 2,22,"[""Q9Y618""]",2.4972697091023237,"[318, 321, 322, 325, 326, 329, 334, 339, 340, 342, 343, 346, 347, 350, 351]",COREGULATOR_CANDIDATE,Short polymer (22 aa) with coregulator-keyword description match: ['corepressor'].
6PIT,P03372,NR3A1,ERα,6PIT.A,6PIT_3,D,C,Stapled Peptide 41A,12,[],3.615925192810272,"[358, 359, 362, 367, 372, 375, 376, 379]",UNCLASSIFIED_PARTNER,Short polymer (12 aa) but no coregulator-keyword evidence in description ('Stapled Peptide 41A') — not assumed to be a coregulator without supporting metadata.
6PIT,P03372,NR3A1,ERα,6PIT.B,6PIT_3,C,D,Stapled Peptide 41A,12,[],2.5668498203050363,"[355, 358, 362, 367, 372, 373, 375, 376, 379, 380, 538, 539, 542, 543]",UNCLASSIFIED_PARTNER,Short polymer (12 aa) but no coregulator-keyword evidence in description ('Stapled Peptide 41A') — not assumed to be a coregulator without supporting metadata.
6R7A,P51449,NR1F3,RORγ,6R7A.A,6R7A_2,B,C,LYS-HIS-LYS-ILE-LEU-HIS-ARG-LEU-LEU-GLN-ASP-SER,15,"[""Q15596""]",2.78204565023653,"[329, 332, 336, 341, 342, 346, 349, 350, 353, 354, 500, 501, 504, 505]",UNCLASSIFIED_PARTNER,Short polymer (15 aa) but no coregulator-keyword evidence in description ('LYS-HIS-LYS-ILE-LEU-HIS-ARG-LEU-LEU-GLN-ASP-SER') — not assumed to be a coregulator without supporting metadata.
6R7J,P51449,NR1F3,RORγ,6R7J.A,6R7J_2,B,C,SRC2 peptide,15,"[""Q15596""]",2.7810924112657607,"[329, 332, 336, 341, 342, 346, 349, 350, 353, 354, 500, 501, 503, 504, 505]",COREGULATOR_CANDIDATE,Short polymer (15 aa) with coregulator-keyword description match: ['src2'].
6SJM,P19793,NR2B1,RXRα,6SJM.A,6SJM_2,B,B,Nuclear receptor coactivator 2,14,"[""Q15596""]",2.536891996124392,"[276, 277, 280, 281, 284, 289, 294, 295, 297, 298, 301, 302, 449, 450, 453, 454, 456]",COREGULATOR_CANDIDATE,Short polymer (14 aa) with coregulator-keyword description match: ['coactivator'].
6SSQ,P10826,NR1B2,RARβ,6SSQ.A,6SSQ_2,D,G,Nuclear receptor coactivator 1,13,"[""Q15788""]",2.8369226284831943,"[237, 240, 244, 249, 254, 257, 258, 261, 262, 408, 409, 411, 412, 413, 415]",COREGULATOR_CANDIDATE,Short polymer (13 aa) with coregulator-keyword description match: ['coactivator'].
6STI,P19793,NR2B1,RXRα,6STI.A,6STI_2,B,B,Nuclear receptor coactivator 2,13,"[""Q15596""]",2.5588178911364525,"[277, 280, 281, 284, 289, 294, 295, 297, 298, 301, 302, 449, 450, 453, 454, 456, 457, 458]",COREGULATOR_CANDIDATE,Short polymer (13 aa) with coregulator-keyword description match: ['coactivator'].
6T1V,P37231,NR1C3,PPARγ,6T1V.A,6T1V_2,B,C,Peroxisome proliferator-activated receptor gamma coactivator 1-alpha,14,"[""Q9UBK2""]",2.6667142394714864,"[321, 322, 325, 329, 334, 339, 340, 342, 343, 346, 347, 495, 496, 499, 500]",COREGULATOR_CANDIDATE,"Short polymer (14 aa) with coregulator-keyword description match: ['coactivator', 'peroxisome proliferator-activated receptor gamma coactivator']."
6VIF,O00482,NR5A2,LRH-1,6VIF.A,6VIF_2,B,B,Nuclear receptor coactivator 2,14,"[""Q15596""]",2.4891772009240314,"[354, 357, 358, 361, 366, 371, 372, 374, 375, 378, 379, 530, 531, 534, 535]",COREGULATOR_CANDIDATE,Short polymer (14 aa) with coregulator-keyword description match: ['coactivator'].
6WMQ,Q14995,NR1D2,Rev-erbβ,6WMQ.A,6WMQ_2,C,E,Nuclear receptor corepressor 1,23,"[""O75376""]",2.7772534994126823,"[402, 409, 410, 413, 414, 417, 418, 421, 426, 431, 434, 435, 438, 439, 442, 569, 572, 573]",COREGULATOR_CANDIDATE,Short polymer (23 aa) with coregulator-keyword description match: ['corepressor'].
6WMQ,Q14995,NR1D2,Rev-erbβ,6WMQ.A,6WMQ_2,D,F,Nuclear receptor corepressor 1,23,"[""O75376""]",3.8940102722001146,[570],COREGULATOR_CANDIDATE,Short polymer (23 aa) with coregulator-keyword description match: ['corepressor'].
6WMS,Q14995,NR1D2,Rev-erbβ,6WMS.A,6WMS_2,C,E,NCOR isoform c,23,"[""O75376""]",2.4875467834796603,"[406, 409, 410, 413, 414, 417, 418, 421, 426, 434, 435, 438, 439, 442]",COREGULATOR_CANDIDATE,Short polymer (23 aa) with coregulator-keyword description match: ['ncor'].
7A79,P48443,NR2B3,RXRγ,7A79.B,7A79_2,D,D,Nuclear receptor coactivator 2,14,"[""Q15596""]",2.407017656769472,"[278, 281, 282, 285, 290, 295, 298, 299, 302, 303, 450, 451, 454, 455, 457, 458, 459]",COREGULATOR_CANDIDATE,Short polymer (14 aa) with coregulator-keyword description match: ['coactivator'].
7AOS,P10276,NR1B1,RARα,7AOS.B,7AOS_1,A,A,Retinoic acid receptor RXR-alpha,238,"[""P28700""]",2.279502472821647,"[315, 332, 337, 338, 340, 345, 349, 352, 353, 356, 357, 360, 364, 372, 374, 375, 376, 378, 379, 381, 382, 383, 385, 386]",OTHER_PROTEIN_PARTNER,"Longer polymer (238 aa), no project-receptor UniProt match, no coregulator keyword: 'Retinoic acid receptor RXR-alpha'."
7AOS,P10276,NR1B1,RARα,7AOS.B,7AOS_3,C,C,Nuclear receptor coactivator 1,27,"[""Q15788""]",2.6407343335708737,"[237, 240, 244, 249, 254, 257, 258, 261, 262, 408, 409, 412, 413]",COREGULATOR_CANDIDATE,Short polymer (27 aa) with coregulator-keyword description match: ['coactivator'].
7APO,P10276,NR1B1,RARα,7APO.A,7APO_2,C,C,Nuclear receptor coactivator 2,28,"[""Q15596""]",3.090404989641323,"[233, 234, 237, 240, 244, 249, 254, 257, 258, 261, 262, 407, 408, 409, 412, 413]",COREGULATOR_CANDIDATE,Short polymer (28 aa) with coregulator-keyword description match: ['coactivator'].
7B88,P19793,NR2B1,RXRα,7B88.A,7B88_2,B,B,Nuclear receptor coactivator 2,14,"[""Q15596""]",2.4509349236566864,"[277, 280, 281, 284, 289, 294, 295, 297, 298, 301, 302, 449, 450, 453, 454]",COREGULATOR_CANDIDATE,Short polymer (14 aa) with coregulator-keyword description match: ['coactivator'].
7B9O,P19793,NR2B1,RXRα,7B9O.A,7B9O_2,B,C,Nuclear receptor coactivator 2,14,"[""Q15596""]",2.8217900347120124,"[263, 265, 266, 339, 340, 341, 342, 344, 431, 434, 435, 438, 439, 442, 444, 445]",COREGULATOR_CANDIDATE,Short polymer (14 aa) with coregulator-keyword description match: ['coactivator'].
7BK4,P19793,NR2B1,RXRα,7BK4.A,7BK4_2,B,B,Nuclear receptor coactivator 2,28,"[""Q15596""]",2.46655934451211,"[277, 280, 284, 289, 290, 291, 292, 293, 294, 295, 297, 298, 301, 302, 449, 450, 453, 454]",COREGULATOR_CANDIDATE,Short polymer (28 aa) with coregulator-keyword description match: ['coactivator'].
7BPY,Q07869,NR1C1,PPARα,7BPY.A,7BPY_2,B,B,15-meric peptide from Nuclear receptor coactivator 1,15,"[""Q15788""]",2.659329802788665,"[284, 285, 288, 289, 292, 297, 302, 303, 305, 306, 307, 309, 310, 458, 459, 462, 463, 465, 466]",COREGULATOR_CANDIDATE,Short polymer (15 aa) with coregulator-keyword description match: ['coactivator'].
7BPZ,Q07869,NR1C1,PPARα,7BPZ.A,7BPZ_2,B,B,15-meric peptide from Nuclear receptor coactivator 1,15,"[""Q15788""]",2.5553179841264364,"[284, 285, 288, 289, 292, 297, 302, 303, 305, 306, 309, 310, 458, 459, 462, 463, 465, 466]",COREGULATOR_CANDIDATE,Short polymer (15 aa) with coregulator-keyword description match: ['coactivator'].
7BQ3,Q07869,NR1C1,PPARα,7BQ3.A,7BQ3_2,B,B,15-meric peptide from Nuclear receptor coactivator 1,15,"[""Q15788""]",2.540389930699616,"[284, 285, 288, 289, 292, 297, 302, 305, 306, 309, 310, 458, 459, 462, 463, 465, 466]",COREGULATOR_CANDIDATE,Short polymer (15 aa) with coregulator-keyword description match: ['coactivator'].
7C6Q,Q07869,NR1C1,PPARα,7C6Q.A,7C6Q_2,B,B,LYS-ILE-LEU-HIS-ARG-LEU-LEU-GLN,18,"[""Q15788""]",2.6728834617319186,"[284, 285, 288, 289, 292, 297, 302, 303, 305, 306, 309, 310, 458, 459, 462, 463]",UNCLASSIFIED_PARTNER,Short polymer (18 aa) but no coregulator-keyword evidence in description ('LYS-ILE-LEU-HIS-ARG-LEU-LEU-GLN') — not assumed to be a coregulator without supporting metadata.
7CXF,P37231,NR1C3,PPARγ,7CXF.A,7CXF_2,B,B,16-mer peptide from Nuclear receptor coactivator 1,16,"[""Q15788""]",2.5579931587085993,"[321, 322, 325, 326, 329, 334, 339, 340, 342, 343, 346, 347, 494, 495, 496, 499, 500, 502, 503]",COREGULATOR_CANDIDATE,Short polymer (16 aa) with coregulator-keyword description match: ['coactivator'].
7CXH,P37231,NR1C3,PPARγ,7CXH.A,7CXH_2,B,B,16-mer peptide from Nuclear receptor coactivator 1,16,"[""Q15788""]",2.7152550524766537,"[321, 322, 325, 326, 329, 334, 339, 340, 342, 343, 346, 347, 494, 495, 496, 499, 500, 502]",COREGULATOR_CANDIDATE,Short polymer (16 aa) with coregulator-keyword description match: ['coactivator'].
7CXI,P37231,NR1C3,PPARγ,7CXI.A,7CXI_2,B,B,16-mer peptide from Nuclear receptor coactivator 1,16,"[""Q15788""]",2.559534527995276,"[321, 322, 325, 326, 329, 334, 339, 340, 342, 343, 346, 347, 495, 496, 498, 499, 500, 502]",COREGULATOR_CANDIDATE,Short polymer (16 aa) with coregulator-keyword description match: ['coactivator'].
7CXJ,P37231,NR1C3,PPARγ,7CXJ.A,7CXJ_2,B,B,16-mer peptide from Nuclear receptor coactivator 1,16,"[""Q15788""]",2.702924527248218,"[321, 322, 325, 326, 329, 334, 339, 340, 342, 343, 346, 347, 495, 496, 499, 500, 502]",COREGULATOR_CANDIDATE,Short polymer (16 aa) with coregulator-keyword description match: ['coactivator'].
7CXK,P37231,NR1C3,PPARγ,7CXK.A,7CXK_2,B,B,16-mer peptide from Nuclear receptor coactivator 1,16,"[""Q15788""]",2.614169275314819,"[321, 322, 325, 326, 329, 334, 339, 340, 342, 343, 346, 347, 495, 496, 499, 500, 502, 503]",COREGULATOR_CANDIDATE,Short polymer (16 aa) with coregulator-keyword description match: ['coactivator'].
7CXL,P37231,NR1C3,PPARγ,7CXL.A,7CXL_2,B,B,16-mer peptide from Nuclear receptor coactivator 1,16,"[""Q15788""]",2.5567152755048808,"[321, 322, 325, 326, 329, 334, 339, 340, 342, 343, 346, 347, 495, 496, 499, 500]",COREGULATOR_CANDIDATE,Short polymer (16 aa) with coregulator-keyword description match: ['coactivator'].
7D42,Q96RI1,NR1H4,FXR,7D42.A,7D42_2,B,B,Peptide from Nuclear receptor coactivator 2,14,"[""Q15596""]",2.407116116850203,"[309, 313, 317, 322, 330, 331, 334, 335, 477, 478, 481, 482]",COREGULATOR_CANDIDATE,Short polymer (14 aa) with coregulator-keyword description match: ['coactivator'].
7E3M,P51449,NR1F3,RORγ,7E3M.A,7E3M_2,B,B,LYS-ILE-LEU-HIS-ARG-LEU-LEU-GLN,8,[],2.4780922097452307,"[329, 332, 336, 341, 342, 346, 349, 350, 353, 354, 500, 501, 504, 505]",UNCLASSIFIED_PARTNER,Short polymer (8 aa) but no coregulator-keyword evidence in description ('LYS-ILE-LEU-HIS-ARG-LEU-LEU-GLN') — not assumed to be a coregulator without supporting metadata.
7JHD,P03372,NR3A1,ERα,7JHD.A,7JHD_2,C,C,Nuclear receptor coactivator 2,13,"[""Q15596""]",2.790746136788511,"[355, 358, 359, 362, 367, 372, 375, 376, 379, 380, 538, 539, 542, 543]",COREGULATOR_CANDIDATE,Short polymer (13 aa) with coregulator-keyword description match: ['coactivator'].
7JYD,O00482,NR5A2,LRH-1,7JYD.A,7JYD_2,B,C,Nuclear receptor coactivator 2,12,"[""Q15596""]",2.551751555304707,"[354, 357, 361, 366, 371, 372, 374, 375, 378, 379, 530, 531, 534, 535, 538]",COREGULATOR_CANDIDATE,Short polymer (12 aa) with coregulator-keyword description match: ['coactivator'].
7JYE,O00482,NR5A2,LRH-1,7JYE.A,7JYE_2,B,C,Nuclear receptor coactivator 2,12,"[""Q15596""]",2.891270481985385,"[354, 357, 361, 366, 371, 372, 374, 375, 378, 379, 530, 531, 534, 535, 538]",COREGULATOR_CANDIDATE,Short polymer (12 aa) with coregulator-keyword description match: ['coactivator'].
7KCO,P51449,NR1F3,RORγ,7KCO.A,7KCO_2,C,C,Peptide GLU-LYS-HIS-LYS-ILE-LEU-HIS-ARG-LEU-LEU-GLN-ASP-SER,13,"[""Q15596""]",2.777264481463731,"[332, 336, 341, 342, 346, 349, 350, 353, 354, 500, 501, 504, 505]",UNCLASSIFIED_PARTNER,Short polymer (13 aa) but no coregulator-keyword evidence in description ('Peptide GLU-LYS-HIS-LYS-ILE-LEU-HIS-ARG-LEU-LEU-GLN-ASP-SER') — not assumed to be a coregulator without supporting metadata.
7KCO,P51449,NR1F3,RORγ,7KCO.A,7KCO_2,D,D,Peptide GLU-LYS-HIS-LYS-ILE-LEU-HIS-ARG-LEU-LEU-GLN-ASP-SER,13,"[""Q15596""]",3.3756110557941956,"[492, 495, 496]",UNCLASSIFIED_PARTNER,Short polymer (13 aa) but no coregulator-keyword evidence in description ('Peptide GLU-LYS-HIS-LYS-ILE-LEU-HIS-ARG-LEU-LEU-GLN-ASP-SER') — not assumed to be a coregulator without supporting metadata.
7KHT,Q13285,NR5A1,SF-1,7KHT.A,7KHT_2,B,B,Peroxisome proliferator-activated receptor gamma coactivator 1-alpha peptide,14,"[""Q9UBK2""]",2.9973903649674996,"[273, 274, 277, 281, 286, 291, 294, 295, 298, 299, 451, 454, 455]",COREGULATOR_CANDIDATE,"Short polymer (14 aa) with coregulator-keyword description match: ['coactivator', 'peroxisome proliferator-activated receptor gamma coactivator']."
7NKE,P19793,NR2B1,RXRα,7NKE.A,7NKE_2,B,B,Nuclear receptor coactivator 2,13,"[""Q15596""]",2.7862564490728414,"[277, 280, 284, 289, 294, 295, 297, 298, 301, 302, 449, 450, 453, 454, 456, 457]",COREGULATOR_CANDIDATE,Short polymer (13 aa) with coregulator-keyword description match: ['coactivator'].
7OFI,P51449,NR1F3,RORγ,7OFI.A,7OFI_2,B,C,Nuclear receptor coactivator 2,18,"[""Q15596""]",2.7820693736857103,"[329, 332, 336, 341, 342, 346, 349, 350, 353, 354, 500, 501, 503, 504, 505]",COREGULATOR_CANDIDATE,Short polymer (18 aa) with coregulator-keyword description match: ['coactivator'].
7PRW,P04150,NR3C1,GR,7PRW.A,7PRW_4,E,F,Peroxisome proliferator-activated receptor gamma coactivator 1-alpha,21,"[""Q9UBK2""]",2.831695958255404,"[572, 575, 579, 584, 585, 589, 592, 593, 596, 597, 751, 752, 755, 756]",COREGULATOR_CANDIDATE,"Short polymer (21 aa) with coregulator-keyword description match: ['coactivator', 'peroxisome proliferator-activated receptor gamma coactivator']."
7PRX,P04150,NR3C1,GR,7PRX.A,7PRX_2,B,B,Peroxisome proliferator-activated receptor gamma coactivator 1-alpha,21,"[""Q9UBK2""]",2.6249497138040514,"[572, 575, 576, 579, 584, 585, 589, 592, 593, 596, 597, 751, 752, 755, 756]",COREGULATOR_CANDIDATE,"Short polymer (21 aa) with coregulator-keyword description match: ['coactivator', 'peroxisome proliferator-activated receptor gamma coactivator']."
7QAA,P10276,NR1B1,RARα,7QAA.B,7QAA_1,A,A,Retinoic acid receptor RXR-alpha,233,"[""P28700""]",2.496345458885852,"[315, 332, 337, 338, 340, 349, 352, 353, 356, 357, 360, 364, 372, 374, 375, 376, 378, 379, 381, 382, 383, 385, 386, 393]",OTHER_PROTEIN_PARTNER,"Longer polymer (233 aa), no project-receptor UniProt match, no coregulator keyword: 'Retinoic acid receptor RXR-alpha'."
7QP4,P51449,NR1F3,RORγ,7QP4.A,7QP4_2,C,P,HIS-VAL-GLU-ARG-LEU-GLN-ILE-PHE-GLN-HIS-LEU-HIS-PRO-ILE-VAL,15,"[""P51449""]",3.084024643221904,"[317, 321, 324, 325, 328, 329, 332, 333, 336, 341, 346, 349, 350, 353, 354, 358, 483, 484, 487, 492, 496]",OTHER_RECEPTOR_PARTNER,"UniProt mapping matches project receptor(s): P51449 (RORγ) (same receptor — a second copy/homodimer partner chain, not a heterodimer partner)."
7RLE,P37231,NR1C3,PPARγ,7RLE.C,7RLE_2,D,D,CREB-binding protein,24,"[""Q92793""]",2.5950865110820467,"[321, 322, 325, 326, 329, 334, 335, 337, 339, 340, 342, 343, 344, 346, 347, 494, 495, 496, 499, 500, 502]",UNCLASSIFIED_PARTNER,Short polymer (24 aa) but no coregulator-keyword evidence in description ('CREB-binding protein') — not assumed to be a coregulator without supporting metadata.
7RNM,P03372,NR3A1,ERα,7RNM.B,7RNM_2,D,D,Nuclear receptor coactivator 2,10,"[""E7EWM1""]",2.3350862939086423,"[355, 358, 362, 367, 372, 373, 375, 376, 379, 380, 538, 539, 542, 543]",COREGULATOR_CANDIDATE,Short polymer (10 aa) with coregulator-keyword description match: ['coactivator'].
7SFO,P03372,NR3A1,ERα,7SFO.B,7SFO_2,D,D,Nuclear receptor coactivator 2,10,"[""Q15596""]",2.702372661199784,"[355, 358, 359, 362, 367, 372, 373, 375, 376, 379, 380, 538, 539, 542, 543]",COREGULATOR_CANDIDATE,Short polymer (10 aa) with coregulator-keyword description match: ['coactivator'].
7SQA,P37231,NR1C3,PPARγ,7SQA.A,7SQA_2,D,D,Nuclear receptor corepressor 2,22,"[""Q9Y618""]",2.80048013740501,"[318, 321, 322, 325, 329, 334, 339, 340, 342, 343, 346, 347, 350, 351]",COREGULATOR_CANDIDATE,Short polymer (22 aa) with coregulator-keyword description match: ['corepressor'].
7T2X,P03372,NR3A1,ERα,7T2X.B,7T2X_2,D,D,Nuclear receptor coactivator 2,13,"[""Q15596""]",2.9402032242686915,"[355, 358, 362, 367, 372, 375, 376, 379, 380, 538, 539, 542, 543]",COREGULATOR_CANDIDATE,Short polymer (13 aa) with coregulator-keyword description match: ['coactivator'].
7TRB,Q96RI1,NR1H4,FXR,7TRB.A,7TRB_2,C,C,co-activator,14,"[""Q15788""]",2.7543801480550907,"[309, 310, 313, 317, 322, 327, 328, 330, 331, 334, 335, 477, 478, 481, 482]",UNCLASSIFIED_PARTNER,Short polymer (14 aa) but no coregulator-keyword evidence in description ('co-activator') — not assumed to be a coregulator without supporting metadata.
7TT8,O00482,NR5A2,LRH-1,7TT8.A,7TT8_2,B,C,Nuclear receptor coactivator 2,14,"[""Q15596""]",2.7797364255446944,"[354, 357, 361, 366, 371, 372, 374, 375, 378, 379, 530, 531, 534, 535, 538]",COREGULATOR_CANDIDATE,Short polymer (14 aa) with coregulator-keyword description match: ['coactivator'].
7UW2,P19793,NR2B1,RXRα,7UW2.A,7UW2_2,B,B,Nuclear receptor coactivator 2,13,"[""Q15596""]",2.7278707276738743,"[277, 280, 281, 284, 289, 294, 295, 297, 298, 301, 302, 449, 450, 453, 454, 456, 457]",COREGULATOR_CANDIDATE,Short polymer (13 aa) with coregulator-keyword description match: ['coactivator'].
7UW4,P19793,NR2B1,RXRα,7UW4.A,7UW4_2,B,B,Nuclear receptor coactivator 2,13,"[""Q15596""]",2.8325576847965515,"[277, 280, 281, 284, 289, 294, 295, 297, 298, 301, 302, 449, 450, 453, 454, 456, 457]",COREGULATOR_CANDIDATE,Short polymer (13 aa) with coregulator-keyword description match: ['coactivator'].
7VUE,Q96RI1,NR1H4,FXR,7VUE.A,7VUE_2,B,B,Peptide from Nuclear receptor coactivator 2,14,"[""Q15596""]",2.1865728892492924,"[309, 310, 313, 317, 322, 330, 331, 334, 335, 477, 478, 481, 482]",COREGULATOR_CANDIDATE,Short polymer (14 aa) with coregulator-keyword description match: ['coactivator'].
7W3Q,P51449,NR1F3,RORγ,7W3Q.A,7W3Q_2,B,C,Peptide from Nuclear receptor coactivator 2,13,"[""Q15596""]",2.759400115967237,"[329, 332, 336, 341, 342, 346, 349, 350, 353, 354, 500, 501, 504, 505]",COREGULATOR_CANDIDATE,Short polymer (13 aa) with coregulator-keyword description match: ['coactivator'].
7WGO,P37231,NR1C3,PPARγ,7WGO.A,7WGO_2,B,B,15-meric peptide from Nuclear receptor coactivator 1,15,"[""Q15788""]",2.6452903432326673,"[321, 322, 325, 329, 334, 339, 340, 342, 343, 346, 347, 494, 495, 496, 499, 500, 502, 503]",COREGULATOR_CANDIDATE,Short polymer (15 aa) with coregulator-keyword description match: ['coactivator'].
7WGP,P37231,NR1C3,PPARγ,7WGP.A,7WGP_2,B,B,15-meric peptide from Nuclear receptor coactivator 1,15,"[""Q15788""]",2.61471872292222,"[321, 322, 325, 326, 329, 334, 339, 342, 343, 346, 347, 494, 495, 496, 498, 499, 500, 502]",COREGULATOR_CANDIDATE,Short polymer (15 aa) with coregulator-keyword description match: ['coactivator'].
7WGQ,P37231,NR1C3,PPARγ,7WGQ.A,7WGQ_2,B,B,15-meric peptide from Nuclear receptor coactivator 1,15,"[""Q15788""]",2.5314442518056777,"[321, 322, 325, 329, 334, 339, 340, 342, 343, 344, 346, 347, 495, 496, 499, 500, 502]",COREGULATOR_CANDIDATE,Short polymer (15 aa) with coregulator-keyword description match: ['coactivator'].
7WLX,P10828,NR1A2,TRβ,7WLX.A,7WLX_2,B,B,Nuclear receptor coactivator 2,11,"[""Q15596""]",2.4821138168907564,"[281, 284, 288, 293, 298, 299, 301, 302, 305, 306, 453, 454, 457, 458]",COREGULATOR_CANDIDATE,Short polymer (11 aa) with coregulator-keyword description match: ['coactivator'].
7WMH,P10828,NR1A2,TRβ,7WMH.A,7WMH_2,B,B,Nuclear receptor coactivator 2,11,"[""Q15596""]",2.8515779842045355,"[281, 284, 288, 293, 298, 301, 302, 305, 306, 453, 454, 457, 458]",COREGULATOR_CANDIDATE,Short polymer (11 aa) with coregulator-keyword description match: ['coactivator'].
7WMJ,P10828,NR1A2,TRβ,7WMJ.A,7WMJ_2,B,B,Nuclear receptor coactivator 2,11,"[""Q15596""]",2.6954020108325207,"[281, 284, 288, 293, 298, 301, 302, 305, 306, 453, 454, 457, 458]",COREGULATOR_CANDIDATE,Short polymer (11 aa) with coregulator-keyword description match: ['coactivator'].
7WML,P10828,NR1A2,TRβ,7WML.A,7WML_2,B,B,Nuclear receptor coactivator 2,11,"[""Q15596""]",2.569958170865821,"[281, 284, 288, 293, 298, 299, 301, 302, 305, 306, 453, 454, 457, 458]",COREGULATOR_CANDIDATE,Short polymer (11 aa) with coregulator-keyword description match: ['coactivator'].
7WMN,P10828,NR1A2,TRβ,7WMN.A,7WMN_2,B,B,Nuclear receptor coactivator 2,11,"[""Q15596""]",2.6001157666534764,"[281, 284, 288, 293, 298, 299, 301, 302, 305, 306, 453, 454, 457, 458]",COREGULATOR_CANDIDATE,Short polymer (11 aa) with coregulator-keyword description match: ['coactivator'].
7WMO,P10828,NR1A2,TRβ,7WMO.A,7WMO_2,B,B,Nuclear receptor coactivator 2,11,"[""Q15596""]",2.370568919057196,"[281, 284, 288, 293, 298, 299, 301, 302, 305, 306, 453, 454, 457, 458]",COREGULATOR_CANDIDATE,Short polymer (11 aa) with coregulator-keyword description match: ['coactivator'].
7WNH,P43354,NR4A2,NURR1,7WNH.D,7WNH_2,H,I,DNA (5'-D(*CP*GP*CP*AP*TP*GP*AP*CP*CP*TP*TP*TP*TP*CP*GP*G)-3'),16,[],2.2262821025198036,"[362, 363, 365, 366, 369, 370, 373, 500, 501]",UNCLASSIFIED_PARTNER,Short polymer (16 aa) but no coregulator-keyword evidence in description ('DNA (5'-D(*CP*GP*CP*AP*TP*GP*AP*CP*CP*TP*TP*TP*TP*CP*GP*G)-3')') — not assumed to be a coregulator without supporting metadata.
7WNH,P43354,NR4A2,NURR1,7WNH.D,7WNH_3,G,H,DNA (5'-D(*CP*CP*GP*AP*AP*AP*AP*GP*GP*TP*CP*AP*TP*GP*CP*G)-3'),16,[],3.5788569404210557,"[370, 373, 379, 500]",UNCLASSIFIED_PARTNER,Short polymer (16 aa) but no coregulator-keyword evidence in description ('DNA (5'-D(*CP*CP*GP*AP*AP*AP*AP*GP*GP*TP*CP*AP*TP*GP*CP*G)-3')') — not assumed to be a coregulator without supporting metadata.
7WQQ,P10276,NR1B1,RARα,7WQQ.A,7WQQ_2,B,C,Peptide from Nuclear receptor coactivator 1,13,"[""Q15788""]",2.69762525195773,"[237, 240, 244, 249, 254, 257, 258, 261, 262, 408, 409, 412, 413]",COREGULATOR_CANDIDATE,Short polymer (13 aa) with coregulator-keyword description match: ['coactivator'].
7XWP,Q92731,NR3A2,ERβ,7XWP.B,7XWP_2,D,D,SRC peptide,13,"[""Q15788""]",2.5789724698026535,"[307, 310, 314, 319, 324, 327, 328, 331, 332, 490, 493, 494]",UNCLASSIFIED_PARTNER,Short polymer (13 aa) but no coregulator-keyword evidence in description ('SRC peptide') — not assumed to be a coregulator without supporting metadata.
7XWQ,Q92731,NR3A2,ERβ,7XWQ.B,7XWQ_2,D,D,SRC peptide,13,"[""Q15788""]",2.672590877781333,"[307, 310, 314, 319, 324, 327, 328, 331, 332, 489, 490, 493, 494]",UNCLASSIFIED_PARTNER,Short polymer (13 aa) but no coregulator-keyword evidence in description ('SRC peptide') — not assumed to be a coregulator without supporting metadata.
7Y8F,P03372,NR3A1,ERα,7Y8F.A,7Y8F_2,B,C,Grip peptide,8,"[""Q15788""]",2.780647586444569,"[358, 361, 362, 367, 372, 373, 375, 376, 379, 380, 538, 539, 542, 543]",UNCLASSIFIED_PARTNER,Short polymer (8 aa) but no coregulator-keyword evidence in description ('Grip peptide') — not assumed to be a coregulator without supporting metadata.
7Y8G,P03372,NR3A1,ERα,7Y8G.C,7Y8G_2,D,D,Grip peptide,8,"[""Q15788""]",2.320061637112259,"[355, 358, 362, 367, 372, 373, 375, 376, 379, 380, 538, 539, 542, 543]",UNCLASSIFIED_PARTNER,Short polymer (8 aa) but no coregulator-keyword evidence in description ('Grip peptide') — not assumed to be a coregulator without supporting metadata.
7YMK,P03372,NR3A1,ERα,7YMK.A,7YMK_2,B,C,Grip peptide,8,"[""Q15596""]",2.952945817315313,"[358, 362, 367, 372, 373, 375, 376, 379, 380, 538, 539, 542, 543]",UNCLASSIFIED_PARTNER,Short polymer (8 aa) but no coregulator-keyword evidence in description ('Grip peptide') — not assumed to be a coregulator without supporting metadata.
8AQM,P37231,NR1C3,PPARγ,8AQM.B,8AQM_2,D,D,Nuclear receptor corepressor 2,23,"[""Q9Y618""]",2.7974940571876106,"[318, 321, 322, 325, 326, 329, 334, 339, 340, 342, 343, 346, 347, 350, 351]",COREGULATOR_CANDIDATE,Short polymer (23 aa) with coregulator-keyword description match: ['corepressor'].
8AQN,P37231,NR1C3,PPARγ,8AQN.A,8AQN_2,C,C,Nuclear receptor corepressor 2,23,"[""Q9Y618""]",2.807029746903299,"[318, 321, 322, 325, 329, 334, 339, 342, 343, 346, 347, 350, 351]",COREGULATOR_CANDIDATE,Short polymer (23 aa) with coregulator-keyword description match: ['corepressor'].
8B8W,P37231,NR1C3,PPARγ,8B8W.A,8B8W_2,C,C,Nuclear receptor corepressor 2,23,"[""Q9Y618""]",2.778637975699605,"[318, 321, 322, 325, 326, 329, 334, 339, 340, 342, 343, 346, 347, 350, 351, 485, 496, 497, 500, 501]",COREGULATOR_CANDIDATE,Short polymer (23 aa) with coregulator-keyword description match: ['corepressor'].
8B8Y,P37231,NR1C3,PPARγ,8B8Y.A,8B8Y_2,C,C,Nuclear receptor corepressor 2,23,"[""Q9Y618""]",2.4671742946131703,"[318, 321, 322, 325, 326, 329, 334, 339, 340, 342, 343, 346, 347, 350, 351, 496, 497]",COREGULATOR_CANDIDATE,Short polymer (23 aa) with coregulator-keyword description match: ['corepressor'].
8B8Z,P37231,NR1C3,PPARγ,8B8Z.A,8B8Z_2,C,C,Nuclear receptor corepressor 2,23,"[""Q9Y618""]",2.5236334916148193,"[318, 321, 322, 325, 326, 329, 334, 339, 340, 342, 343, 346, 347, 350, 351, 496, 497]",COREGULATOR_CANDIDATE,Short polymer (23 aa) with coregulator-keyword description match: ['corepressor'].
8B90,P37231,NR1C3,PPARγ,8B90.A,8B90_2,C,C,Nuclear receptor corepressor 2,23,"[""Q9Y618""]",2.768075324119633,"[318, 321, 322, 325, 326, 329, 334, 339, 340, 342, 343, 346, 347, 350, 351, 496, 497]",COREGULATOR_CANDIDATE,Short polymer (23 aa) with coregulator-keyword description match: ['corepressor'].
8B91,P37231,NR1C3,PPARγ,8B91.A,8B91_2,C,C,Nuclear receptor corepressor 2,23,"[""Q9Y618""]",2.57969881962992,"[318, 321, 322, 325, 326, 329, 334, 339, 340, 342, 343, 346, 347, 350, 351, 496, 497, 499]",COREGULATOR_CANDIDATE,Short polymer (23 aa) with coregulator-keyword description match: ['corepressor'].
8C1L,P41235,NR2A1,HNF4α,8C1L.B,8C1L_2,C,D,Nuclear receptor coactivator 2,9,"[""Q15596""]",2.724599236585081,"[196, 199, 203, 208, 213, 214, 216, 217, 220, 221, 367, 368, 369, 372, 373, 377]",COREGULATOR_CANDIDATE,Short polymer (9 aa) with coregulator-keyword description match: ['coactivator'].
8DAF,Q13285,NR5A1,SF-1,8DAF.B,8DAF_2,D,D,Nuclear receptor coactivator 2,14,"[""Q15596""]",2.654290949858361,"[273, 274, 277, 278, 281, 286, 291, 294, 295, 298, 299, 451, 454, 455, 458]",COREGULATOR_CANDIDATE,Short polymer (14 aa) with coregulator-keyword description match: ['coactivator'].
8DK4,P37231,NR1C3,PPARγ,8DK4.A,8DK4_2,B,B,Peroxisome proliferator-activated receptor gamma coactivator 1-alpha,15,"[""Q9UBK2""]",2.279179896366235,"[321, 322, 325, 326, 329, 334, 339, 340, 342, 343, 346, 347, 495, 496, 499, 500]",COREGULATOR_CANDIDATE,"Short polymer (15 aa) with coregulator-keyword description match: ['coactivator', 'peroxisome proliferator-activated receptor gamma coactivator']."
8DKN,P37231,NR1C3,PPARγ,8DKN.A,8DKN_2,B,C,Nuclear receptor corepressor 1 peptide,13,"[""O75376""]",2.7745540182162625,"[318, 321, 322, 325, 326, 329, 334, 339, 342, 343, 346, 347, 350, 351]",COREGULATOR_CANDIDATE,Short polymer (13 aa) with coregulator-keyword description match: ['corepressor'].
8EV1,P03372,NR3A1,ERα,8EV1.A,8EV1_3,C,C,Nuclear receptor coactivator 2,13,"[""Q15596""]",2.7274055437356606,"[355, 358, 359, 362, 367, 372, 375, 376, 379, 380, 538, 539, 542, 543]",COREGULATOR_CANDIDATE,Short polymer (13 aa) with coregulator-keyword description match: ['coactivator'].
8EV1,P03372,NR3A1,ERα,8EV1.B,8EV1_3,D,D,Nuclear receptor coactivator 2,13,"[""Q15596""]",2.628737719895236,"[355, 358, 359, 362, 367, 372, 375, 376, 379, 380, 538, 539, 542, 543]",COREGULATOR_CANDIDATE,Short polymer (13 aa) with coregulator-keyword description match: ['coactivator'].
8EV2,P03372,NR3A1,ERα,8EV2.B,8EV2_2,D,D,Nuclear receptor coactivator 2,13,"[""Q15596""]",2.6315278831887765,"[355, 358, 359, 362, 367, 372, 375, 376, 379, 380, 538, 539, 542, 543]",COREGULATOR_CANDIDATE,Short polymer (13 aa) with coregulator-keyword description match: ['coactivator'].
8F5Y,O75469,NR1I2,PXR,8F5Y.A,8F5Y_2,C,C,Nuclear receptor coactivator 1,25,"[""Q15788""]",2.7452378767604118,"[252, 255, 259, 264, 269, 270, 272, 273, 276, 277, 423, 424, 427, 428]",COREGULATOR_CANDIDATE,Short polymer (25 aa) with coregulator-keyword description match: ['coactivator'].
8F8M,O00482,NR5A2,LRH-1,8F8M.A,8F8M_2,B,B,Nuclear receptor coactivator 2,14,"[""Q15596""]",2.682990476967818,"[354, 357, 361, 366, 367, 371, 372, 374, 375, 378, 379, 530, 531, 534, 535]",COREGULATOR_CANDIDATE,Short polymer (14 aa) with coregulator-keyword description match: ['coactivator'].
8FHE,P37231,NR1C3,PPARγ,8FHE.A,8FHE_2,B,D,Nuclear receptor corepressor 1,23,"[""O75376""]",2.592023533843781,"[314, 318, 321, 322, 325, 326, 329, 334, 339, 340, 342, 343, 346, 347, 350, 351]",COREGULATOR_CANDIDATE,Short polymer (23 aa) with coregulator-keyword description match: ['corepressor'].
8FHG,P37231,NR1C3,PPARγ,8FHG.A,8FHG_2,B,D,Nuclear receptor corepressor 1,23,"[""O75376""]",2.489878711905462,"[318, 321, 322, 325, 326, 329, 334, 339, 342, 343, 346, 347, 350, 351]",COREGULATOR_CANDIDATE,Short polymer (23 aa) with coregulator-keyword description match: ['corepressor'].
8FKD,P37231,NR1C3,PPARγ,8FKD.A,8FKD_2,B,D,Nuclear receptor corepressor 1,23,"[""O75376""]",2.587407339422998,"[314, 318, 321, 322, 325, 326, 329, 334, 339, 340, 342, 343, 346, 347, 350, 351]",COREGULATOR_CANDIDATE,Short polymer (23 aa) with coregulator-keyword description match: ['corepressor'].
8FKE,P37231,NR1C3,PPARγ,8FKE.A,8FKE_2,B,D,Nuclear receptor corepressor 1,23,"[""O75376""]",2.7604980922652356,"[314, 318, 321, 322, 325, 326, 329, 334, 339, 340, 342, 343, 346, 347, 350, 351]",COREGULATOR_CANDIDATE,Short polymer (23 aa) with coregulator-keyword description match: ['corepressor'].
8FKF,P37231,NR1C3,PPARγ,8FKF.A,8FKF_2,B,D,Nuclear receptor corepressor 1,23,"[""O75376""]",2.7666725905498826,"[314, 318, 321, 322, 325, 326, 329, 334, 339, 340, 342, 343, 346, 347, 350, 351]",COREGULATOR_CANDIDATE,Short polymer (23 aa) with coregulator-keyword description match: ['corepressor'].
8FKG,P37231,NR1C3,PPARγ,8FKG.B,8FKG_1,A,D,Nuclear receptor corepressor 1,23,"[""O75376""]",2.7112956823076306,"[318, 321, 322, 325, 326, 329, 334, 339, 340, 342, 343, 346, 347, 350, 351]",COREGULATOR_CANDIDATE,Short polymer (23 aa) with coregulator-keyword description match: ['corepressor'].
8HUK,Q07869,NR1C1,PPARα,8HUK.A,8HUK_2,B,B,15-meric peptide from Nuclear receptor coactivator 1,15,"[""Q15788""]",2.379048969651524,"[284, 285, 288, 289, 292, 297, 302, 305, 306, 309, 310, 459, 462, 463, 465]",COREGULATOR_CANDIDATE,Short polymer (15 aa) with coregulator-keyword description match: ['coactivator'].
8HUM,P37231,NR1C3,PPARγ,8HUM.A,8HUM_2,B,B,15-meric peptide from Nuclear receptor coactivator 1,15,"[""Q15788""]",2.553834959428664,"[321, 322, 325, 326, 329, 334, 339, 342, 343, 346, 347, 494, 495, 496, 499, 500, 502]",COREGULATOR_CANDIDATE,Short polymer (15 aa) with coregulator-keyword description match: ['coactivator'].
8HUP,P37231,NR1C3,PPARγ,8HUP.A,8HUP_2,B,B,15-meric peptide from Nuclear receptor coactivator 1,15,"[""Q15788""]",2.5834616312227285,"[321, 322, 325, 329, 334, 339, 342, 343, 346, 347, 494, 495, 496, 499, 500, 502, 503]",COREGULATOR_CANDIDATE,Short polymer (15 aa) with coregulator-keyword description match: ['coactivator'].
8PP0,P19793,NR2B1,RXRα,8PP0.A,8PP0_2,B,B,Nuclear receptor coactivator 2,14,"[""Q15596""]",2.24802535572889,"[277, 280, 281, 284, 289, 294, 295, 297, 298, 301, 302, 449, 450, 453, 454, 457, 458]",COREGULATOR_CANDIDATE,Short polymer (14 aa) with coregulator-keyword description match: ['coactivator'].
8VKZ,P04150,NR3C1,GR,8VKZ.A,8VKZ_2,C,D,Nuclear receptor coactivator 2,14,"[""Q15596""]",2.6634928195885927,"[571, 572, 575, 576, 579, 584, 585, 589, 592, 593, 596, 597, 752, 755, 756]",COREGULATOR_CANDIDATE,Short polymer (14 aa) with coregulator-keyword description match: ['coactivator'].
8X7E,P51449,NR1F3,RORγ,8X7E.C,8X7E_2,D,D,Nuclear receptor corepressor 2,22,"[""Q9Y618""]",2.5118051277915656,"[325, 328, 329, 332, 336, 341, 342, 346, 349, 350, 353, 354, 355, 357, 358, 477, 478, 480, 481, 484]",COREGULATOR_CANDIDATE,Short polymer (22 aa) with coregulator-keyword description match: ['corepressor'].
8YT6,Q07869,NR1C1,PPARα,8YT6.A,8YT6_2,B,B,Peroxisome proliferator-activated receptor gamma coactivator 1-alpha,22,"[""Q9UBK2""]",2.5442427164089514,"[284, 285, 288, 289, 292, 297, 302, 303, 305, 306, 309, 310, 458, 459, 462, 463]",COREGULATOR_CANDIDATE,"Short polymer (22 aa) with coregulator-keyword description match: ['coactivator', 'peroxisome proliferator-activated receptor gamma coactivator']."
8YTL,Q07869,NR1C1,PPARα,8YTL.A,8YTL_2,B,B,Peroxisome proliferator-activated receptor gamma coactivator 1-alpha,22,"[""Q9UBK2""]",2.4733344104871864,"[284, 285, 288, 289, 292, 297, 302, 303, 305, 306, 309, 310, 458, 459, 462, 463]",COREGULATOR_CANDIDATE,"Short polymer (22 aa) with coregulator-keyword description match: ['coactivator', 'peroxisome proliferator-activated receptor gamma coactivator']."
8YU8,Q07869,NR1C1,PPARα,8YU8.A,8YU8_2,B,B,Peroxisome proliferator-activated receptor gamma coactivator 1-alpha,22,"[""Q9UBK2""]",2.600083652500434,"[284, 285, 288, 289, 292, 297, 302, 303, 305, 306, 309, 310, 457, 458, 459, 462, 463]",COREGULATOR_CANDIDATE,"Short polymer (22 aa) with coregulator-keyword description match: ['coactivator', 'peroxisome proliferator-activated receptor gamma coactivator']."
8YWV,Q07869,NR1C1,PPARα,8YWV.A,8YWV_2,B,B,Peroxisome proliferator-activated receptor gamma coactivator 1-alpha,22,"[""Q9UBK2""]",2.5760219331364405,"[284, 285, 288, 289, 292, 297, 302, 303, 305, 306, 309, 310, 458, 459, 462, 463]",COREGULATOR_CANDIDATE,"Short polymer (22 aa) with coregulator-keyword description match: ['coactivator', 'peroxisome proliferator-activated receptor gamma coactivator']."
9CK0,P37231,NR1C3,PPARγ,9CK0.A,9CK0_2,B,B,NF-kappa-B inhibitor beta,23,"[""Q15653""]",2.8787769972681096,"[321, 322, 325, 329, 334, 339, 342, 343, 346, 347, 495, 496, 499, 500]",UNCLASSIFIED_PARTNER,Short polymer (23 aa) but no coregulator-keyword evidence in description ('NF-kappa-B inhibitor beta') — not assumed to be a coregulator without supporting metadata.
9CWN,P37231,NR1C3,PPARγ,9CWN.A,9CWN_2,B,B,Nuclear receptor-interacting protein 1,23,"[""P48552""]",2.4752670562991805,"[321, 322, 325, 329, 334, 339, 342, 343, 346, 347, 495, 496, 499, 500, 502]",UNCLASSIFIED_PARTNER,Short polymer (23 aa) but no coregulator-keyword evidence in description ('Nuclear receptor-interacting protein 1') — not assumed to be a coregulator without supporting metadata.
9EBG,P03372,NR3A1,ERα,9EBG.D,9EBG_1,B,D,Nuclear receptor coactivator 2,13,"[""Q15596""]",2.6295588983705986,"[358, 362, 367, 372, 375, 376, 379, 380, 538, 539, 542, 543]",COREGULATOR_CANDIDATE,Short polymer (13 aa) with coregulator-keyword description match: ['coactivator'].
9EBL,Q92731,NR3A2,ERβ,9EBL.B,9EBL_2,D,D,Nuclear receptor coactivator 2,13,"[""Q15596""]",2.5704464592751193,"[307, 310, 314, 319, 324, 327, 328, 331, 332, 489, 490, 493, 494]",COREGULATOR_CANDIDATE,Short polymer (13 aa) with coregulator-keyword description match: ['coactivator'].
9ECF,Q92731,NR3A2,ERβ,9ECF.A,9ECF_2,C,G,Nuclear receptor coactivator 2,13,"[""Q15596""]",2.6318408006564553,"[307, 310, 314, 319, 324, 327, 328, 331, 332, 489, 490, 493, 494]",COREGULATOR_CANDIDATE,Short polymer (13 aa) with coregulator-keyword description match: ['coactivator'].
9GFI,P10276,NR1B1,RARα,9GFI.A,9GFI_2,B,B,Stapled peptide-like ligand,10,[],2.804720663452959,"[237, 240, 244, 249, 254, 257, 258, 261, 262, 408, 409, 412, 413]",UNCLASSIFIED_PARTNER,Short polymer (10 aa) but no coregulator-keyword evidence in description ('Stapled peptide-like ligand') — not assumed to be a coregulator without supporting metadata.
9IWK,P37231,NR1C3,PPARγ,9IWK.C,9IWK_2,D,D,Nuclear receptor corepressor 2,22,"[""Q9Y618""]",2.338791568310438,"[318, 321, 322, 325, 329, 334, 339, 340, 342, 343, 346, 347, 350, 351]",COREGULATOR_CANDIDATE,Short polymer (22 aa) with coregulator-keyword description match: ['corepressor'].
9IWL,Q07869,NR1C1,PPARα,9IWL.A,9IWL_2,B,B,CREB-binding protein,19,"[""Q92793""]",2.586943563358118,"[284, 285, 288, 289, 292, 297, 302, 303, 305, 306, 307, 309, 310, 457, 458, 459, 462, 463, 465]",UNCLASSIFIED_PARTNER,Short polymer (19 aa) but no coregulator-keyword evidence in description ('CREB-binding protein') — not assumed to be a coregulator without supporting metadata.
9IX5,P10828,NR1A2,TRβ,9IX5.A,9IX5_2,B,B,Nuclear receptor coactivator 2,12,"[""Q15596""]",2.547722512362758,"[280, 281, 284, 288, 293, 298, 299, 301, 302, 305, 306, 453, 454, 457, 458]",COREGULATOR_CANDIDATE,Short polymer (12 aa) with coregulator-keyword description match: ['coactivator'].
9J0K,P10828,NR1A2,TRβ,9J0K.B,9J0K_2,D,D,Nuclear receptor coactivator 2,12,"[""Q15596""]",2.9444376373086927,"[281, 284, 285, 288, 293, 298, 299, 301, 302, 305, 306, 453, 454, 457, 458]",COREGULATOR_CANDIDATE,Short polymer (12 aa) with coregulator-keyword description match: ['coactivator'].
9KNC,P62508,NR3B3,ERRγ,9KNC.A,9KNC_2,B,C,Nuclear receptor-interacting protein 1,15,"[""P48552""]",2.804920319723895,"[277, 280, 284, 289, 294, 297, 298, 301, 302, 448, 449, 452, 453]",UNCLASSIFIED_PARTNER,Short polymer (15 aa) but no coregulator-keyword evidence in description ('Nuclear receptor-interacting protein 1') — not assumed to be a coregulator without supporting metadata.
9KNE,P62508,NR3B3,ERRγ,9KNE.A,9KNE_2,B,B,Nuclear receptor-interacting protein 1,15,"[""P48552""]",2.756117014932422,"[277, 280, 284, 289, 294, 297, 298, 301, 302, 448, 449, 452, 453]",UNCLASSIFIED_PARTNER,Short polymer (15 aa) but no coregulator-keyword evidence in description ('Nuclear receptor-interacting protein 1') — not assumed to be a coregulator without supporting metadata.
9LQ3,Q96RI1,NR1H4,FXR,9LQ3.A,9LQ3_2,B,C,Nuclear receptor coactivator 2,11,"[""Q15596""]",2.3573548735818317,"[310, 313, 317, 322, 327, 330, 331, 334, 335, 477, 478, 481, 482]",COREGULATOR_CANDIDATE,Short polymer (11 aa) with coregulator-keyword description match: ['coactivator'].
9O9N,P37231,NR1C3,PPARγ,9O9N.A,9O9N_2,B,D,Nuclear receptor corepressor 1,23,"[""O75376""]",2.8410982071903095,"[314, 318, 321, 322, 325, 329, 334, 339, 340, 342, 343, 346, 347, 350, 351]",COREGULATOR_CANDIDATE,Short polymer (23 aa) with coregulator-keyword description match: ['corepressor'].
9SMQ,O00482,NR5A2,LRH-1,9SMQ.A,9SMQ_2,B,C,Nuclear receptor coactivator 2,14,"[""Q15596""]",2.6255248999009697,"[354, 357, 358, 361, 366, 371, 372, 374, 375, 378, 379, 530, 531, 534, 535]",COREGULATOR_CANDIDATE,Short polymer (14 aa) with coregulator-keyword description match: ['coactivator'].
9VBQ,Q96RI1,NR1H4,FXR,9VBQ.A,9VBQ_2,B,B,Nuclear receptor coactivator 1,14,"[""Q15788""]",2.915266197107907,"[309, 310, 313, 314, 317, 322, 323, 327, 328, 330, 331, 334, 335, 477, 478, 481, 482]",COREGULATOR_CANDIDATE,Short polymer (14 aa) with coregulator-keyword description match: ['coactivator'].
9VNX,P51449,NR1F3,RORγ,9VNX.A,9VNX_2,B,B,Nuclear receptor coactivator 1,15,"[""Q15788""]",2.8377702927650783,"[329, 332, 333, 336, 341, 342, 346, 349, 350, 353, 354, 500, 501, 504, 505]",COREGULATOR_CANDIDATE,Short polymer (15 aa) with coregulator-keyword description match: ['coactivator'].
9VZQ,P51449,NR1F3,RORγ,9VZQ.A,9VZQ_2,B,B,Nuclear receptor coactivator 1,13,"[""Q15788""]",2.733230323262202,"[329, 332, 336, 341, 342, 346, 349, 350, 353, 354, 500, 501, 504, 505]",COREGULATOR_CANDIDATE,Short polymer (13 aa) with coregulator-keyword description match: ['coactivator'].
9WB2,P03372,NR3A1,ERα,9WB2.C,9WB2_2,D,C,GRIP Peptide,8,[],2.332915343513348,"[358, 362, 367, 372, 373, 375, 376, 379, 380, 538, 539, 542, 543]",UNCLASSIFIED_PARTNER,Short polymer (8 aa) but no coregulator-keyword evidence in description ('GRIP Peptide') — not assumed to be a coregulator without supporting metadata.
9WF5,Q96RI1,NR1H4,FXR,9WF5.C,9WF5_2,D,D,Nuclear receptor coactivator 1,19,"[""Q15788""]",2.711781886509313,"[309, 310, 313, 314, 317, 322, 323, 327, 328, 330, 331, 334, 335, 477, 478, 481, 482]",COREGULATOR_CANDIDATE,Short polymer (19 aa) with coregulator-keyword description match: ['coactivator'].
9XMJ,P51449,NR1F3,RORγ,9XMJ.A,9XMJ_2,B,B,Nuclear receptor corepressor 2,22,"[""Q9Y618""]",2.8755063901859095,"[325, 328, 329, 332, 333, 336, 341, 342, 346, 349, 350, 353, 354, 355, 357, 358, 474, 477, 478, 480, 481, 484]",COREGULATOR_CANDIDATE,Short polymer (22 aa) with coregulator-keyword description match: ['corepressor'].
9XMJ,P51449,NR1F3,RORγ,9XMJ.A,9XMJ_2,F,F,Nuclear receptor corepressor 2,22,"[""Q9Y618""]",4.379011989022181,[434],COREGULATOR_CANDIDATE,Short polymer (22 aa) with coregulator-keyword description match: ['corepressor'].
