pdb_id,label_asym_id,model_num,label_seq_id
1A28,A,1,1
1A28,A,1,2
1A28,A,1,3
1A28,A,1,4
1A28,A,1,256
1A28,B,1,1
1A28,B,1,2
1A28,B,1,3
1A28,B,1,4
1A28,B,1,5
1A28,B,1,255
1A28,B,1,256
1A52,A,1,1
1A52,A,1,2
1A52,A,1,3
1A52,A,1,4
1A52,A,1,5
1A52,A,1,6
1A52,A,1,7
1A52,A,1,8
1A52,A,1,9
1A52,A,1,249
1A52,A,1,250
1A52,A,1,251
1A52,A,1,252
1A52,A,1,253
1A52,A,1,254
1A52,A,1,255
1A52,A,1,256
1A52,A,1,257
1A52,A,1,258
1A52,B,1,1
1A52,B,1,2
1A52,B,1,3
1A52,B,1,4
1A52,B,1,5
1A52,B,1,6
1A52,B,1,7
1A52,B,1,8
1A52,B,1,249
1A52,B,1,250
1A52,B,1,251
1A52,B,1,252
1A52,B,1,253
1A52,B,1,254
1A52,B,1,255
1A52,B,1,256
1A52,B,1,257
1A52,B,1,258
1BSX,A,1,1
1BSX,A,1,2
1BSX,A,1,3
1BSX,A,1,4
1BSX,A,1,5
1BSX,A,1,6
1BSX,A,1,7
1BSX,A,1,8
1BSX,A,1,9
1BSX,A,1,54
1BSX,A,1,55
1BSX,A,1,56
1BSX,A,1,57
1BSX,A,1,58
1BSX,A,1,59
1BSX,A,1,60
1BSX,A,1,61
1BSX,B,1,1
1BSX,C,1,1
1BSX,C,1,2
1BSX,C,1,3
1BSX,C,1,4
1BSX,C,1,5
1BSX,C,1,6
1BSX,C,1,7
1BSX,C,1,8
1BSX,C,1,9
1BSX,C,1,54
1BSX,C,1,55
1BSX,C,1,56
1BSX,C,1,57
1BSX,C,1,58
1BSX,C,1,59
1BSX,C,1,60
1BSX,C,1,61
1BSX,D,1,1
1DB1,A,1,1
1DB1,A,1,2
1DB1,A,1,207
1DB1,A,1,208
1DB1,A,1,209
1DB1,A,1,256
1DB1,A,1,257
1DB1,A,1,258
1DB1,A,1,259
1DKF,A,1,21
1DKF,A,1,22
1DKF,A,1,23
1DKF,A,1,24
1DKF,A,1,25
1DKF,A,1,26
1DKF,A,1,27
1DKF,A,1,28
1DKF,A,1,29
1DKF,A,1,30
1DKF,A,1,31
1DKF,A,1,32
1DKF,A,1,33
1DKF,A,1,34
1DKF,A,1,35
1DKF,A,1,36
1DKF,B,1,30
1DKF,B,1,31
1DKF,B,1,32
1E3G,A,1,1
1E3G,A,1,2
1E3G,A,1,3
1E3G,A,1,4
1E3G,A,1,5
1E3G,A,1,6
1E3G,A,1,7
1E3G,A,1,8
1E3G,A,1,9
1E3G,A,1,10
1E3G,A,1,11
1E3G,A,1,12
1E3G,A,1,263
1E3K,A,1,1
1E3K,A,1,2
1E3K,A,1,3
1E3K,A,1,4
1E3K,A,1,5
1E3K,A,1,6
1E3K,A,1,258
1E3K,B,1,1
1E3K,B,1,2
1E3K,B,1,3
1E3K,B,1,4
1E3K,B,1,5
1E3K,B,1,6
1E3K,B,1,7
1E3K,B,1,257
1E3K,B,1,258
1ERE,A,1,1
1ERE,A,1,2
1ERE,A,1,3
1ERE,A,1,4
1ERE,A,1,31
1ERE,A,1,32
1ERE,A,1,33
1ERE,A,1,34
1ERE,A,1,35
1ERE,A,1,36
1ERE,A,1,162
1ERE,A,1,163
1ERE,A,1,164
1ERE,A,1,249
1ERE,A,1,250
1ERE,A,1,251
1ERE,A,1,252
1ERE,A,1,253
1ERE,B,1,1
1ERE,B,1,2
1ERE,B,1,3
1ERE,B,1,4
1ERE,B,1,31
1ERE,B,1,32
1ERE,B,1,33
1ERE,B,1,34
1ERE,B,1,35
1ERE,B,1,36
1ERE,B,1,162
1ERE,B,1,163
1ERE,B,1,164
1ERE,B,1,249
1ERE,B,1,250
1ERE,B,1,251
1ERE,B,1,252
1ERE,B,1,253
1ERE,C,1,1
1ERE,C,1,2
1ERE,C,1,3
1ERE,C,1,4
1ERE,C,1,31
1ERE,C,1,32
1ERE,C,1,33
1ERE,C,1,34
1ERE,C,1,35
1ERE,C,1,36
1ERE,C,1,162
1ERE,C,1,163
1ERE,C,1,164
1ERE,C,1,249
1ERE,C,1,250
1ERE,C,1,251
1ERE,C,1,252
1ERE,C,1,253
1ERE,D,1,1
1ERE,D,1,2
1ERE,D,1,3
1ERE,D,1,4
1ERE,D,1,31
1ERE,D,1,32
1ERE,D,1,33
1ERE,D,1,34
1ERE,D,1,35
1ERE,D,1,36
1ERE,D,1,162
1ERE,D,1,163
1ERE,D,1,164
1ERE,D,1,249
1ERE,D,1,250
1ERE,D,1,251
1ERE,D,1,252
1ERE,D,1,253
1ERE,E,1,1
1ERE,E,1,2
1ERE,E,1,3
1ERE,E,1,4
1ERE,E,1,31
1ERE,E,1,32
1ERE,E,1,33
1ERE,E,1,34
1ERE,E,1,35
1ERE,E,1,36
1ERE,E,1,162
1ERE,E,1,163
1ERE,E,1,164
1ERE,E,1,249
1ERE,E,1,250
1ERE,E,1,251
1ERE,E,1,252
1ERE,E,1,253
1ERE,F,1,1
1ERE,F,1,2
1ERE,F,1,3
1ERE,F,1,4
1ERE,F,1,31
1ERE,F,1,32
1ERE,F,1,33
1ERE,F,1,34
1ERE,F,1,35
1ERE,F,1,36
1ERE,F,1,162
1ERE,F,1,163
1ERE,F,1,164
1ERE,F,1,249
1ERE,F,1,250
1ERE,F,1,251
1ERE,F,1,252
1ERE,F,1,253
1ERR,A,1,1
1ERR,A,1,2
1ERR,A,1,3
1ERR,A,1,4
1ERR,A,1,5
1ERR,A,1,6
1ERR,A,1,160
1ERR,A,1,161
1ERR,A,1,162
1ERR,A,1,163
1ERR,A,1,164
1ERR,A,1,165
1ERR,A,1,166
1ERR,A,1,167
1ERR,A,1,168
1ERR,A,1,169
1ERR,A,1,229
1ERR,A,1,230
1ERR,A,1,231
1ERR,A,1,232
1ERR,A,1,233
1ERR,A,1,234
1ERR,A,1,248
1ERR,A,1,249
1ERR,A,1,250
1ERR,A,1,251
1ERR,A,1,252
1ERR,A,1,253
1ERR,B,1,1
1ERR,B,1,2
1ERR,B,1,3
1ERR,B,1,4
1ERR,B,1,5
1ERR,B,1,32
1ERR,B,1,33
1ERR,B,1,34
1ERR,B,1,35
1ERR,B,1,36
1ERR,B,1,37
1ERR,B,1,38
1ERR,B,1,39
1ERR,B,1,160
1ERR,B,1,161
1ERR,B,1,162
1ERR,B,1,163
1ERR,B,1,164
1ERR,B,1,165
1ERR,B,1,166
1ERR,B,1,167
1ERR,B,1,168
1ERR,B,1,230
1ERR,B,1,231
1ERR,B,1,232
1ERR,B,1,233
1ERR,B,1,234
1ERR,B,1,235
1ERR,B,1,252
1ERR,B,1,253
1EXA,A,1,1
1EXA,A,1,2
1EXA,A,1,3
1EXA,A,1,4
1EXA,A,1,241
1EXA,A,1,242
1EXA,A,1,243
1EXA,A,1,244
1EXA,A,1,245
1EXA,A,1,246
1EXX,A,1,1
1EXX,A,1,2
1EXX,A,1,3
1EXX,A,1,4
1EXX,A,1,241
1EXX,A,1,242
1EXX,A,1,243
1EXX,A,1,244
1EXX,A,1,245
1EXX,A,1,246
1FBY,A,1,22
1FBY,A,1,23
1FBY,A,1,24
1FBY,A,1,25
1FBY,A,1,26
1FBY,A,1,27
1FBY,A,1,28
1FBY,A,1,29
1FBY,A,1,30
1FBY,A,1,31
1FBY,A,1,32
1FBY,A,1,33
1FBY,A,1,34
1FBY,A,1,35
1FBY,A,1,36
1FBY,A,1,37
1FBY,A,1,38
1FBY,A,1,39
1FBY,A,1,236
1FBY,A,1,237
1FBY,A,1,238
1FBY,A,1,239
1FBY,B,1,1
1FBY,B,1,2
1FBY,B,1,3
1FBY,B,1,4
1FBY,B,1,5
1FBY,B,1,22
1FBY,B,1,23
1FBY,B,1,24
1FBY,B,1,25
1FBY,B,1,26
1FBY,B,1,27
1FBY,B,1,28
1FBY,B,1,29
1FBY,B,1,30
1FBY,B,1,31
1FBY,B,1,32
1FBY,B,1,33
1FBY,B,1,34
1FBY,B,1,35
1FBY,B,1,36
1FBY,B,1,37
1FBY,B,1,38
1FBY,B,1,39
1FBY,B,1,236
1FBY,B,1,237
1FBY,B,1,238
1FBY,B,1,239
1FM6,A,1,1
1FM6,A,1,2
1FM6,A,1,235
1FM6,A,1,236
1FM6,A,1,237
1FM6,A,1,238
1FM6,C,1,1
1FM6,C,1,2
1FM6,C,1,235
1FM6,C,1,236
1FM6,C,1,237
1FM6,C,1,238
1FM6,E,1,1
1FM6,E,1,2
1FM6,E,1,3
1FM6,E,1,4
1FM6,E,1,5
1FM6,E,1,6
1FM6,E,1,7
1FM6,E,1,8
1FM6,E,1,9
1FM6,E,1,10
1FM6,E,1,11
1FM6,E,1,22
1FM6,E,1,23
1FM6,E,1,24
1FM6,E,1,25
1FM6,F,1,1
1FM6,F,1,2
1FM6,F,1,3
1FM6,F,1,4
1FM6,F,1,5
1FM6,F,1,6
1FM6,F,1,7
1FM6,F,1,8
1FM6,F,1,9
1FM6,F,1,25
1FM6,G,1,1
1FM6,G,1,2
1FM6,G,1,3
1FM6,G,1,4
1FM6,G,1,5
1FM6,G,1,6
1FM6,G,1,7
1FM6,G,1,8
1FM6,G,1,9
1FM6,H,1,1
1FM6,H,1,2
1FM6,H,1,3
1FM6,H,1,4
1FM6,H,1,5
1FM6,H,1,6
1FM6,H,1,7
1FM6,H,1,8
1FM6,H,1,22
1FM6,H,1,23
1FM6,H,1,24
1FM6,H,1,25
1FM9,A,1,1
1FM9,A,1,2
1FM9,A,1,235
1FM9,A,1,236
1FM9,A,1,237
1FM9,A,1,238
1FM9,C,1,1
1FM9,C,1,2
1FM9,C,1,3
1FM9,C,1,4
1FM9,C,1,5
1FM9,C,1,6
1FM9,C,1,7
1FM9,C,1,8
1FM9,C,1,9
1FM9,C,1,10
1FM9,C,1,11
1FM9,C,1,22
1FM9,C,1,23
1FM9,C,1,24
1FM9,C,1,25
1FM9,D,1,1
1FM9,D,1,2
1FM9,D,1,3
1FM9,D,1,4
1FM9,D,1,5
1FM9,D,1,6
1FM9,D,1,7
1FM9,D,1,8
1FM9,D,1,9
1G1U,A,1,1
1G1U,A,1,2
1G1U,A,1,3
1G1U,A,1,4
1G1U,A,1,5
1G1U,A,1,6
1G1U,A,1,235
1G1U,A,1,236
1G1U,A,1,237
1G1U,A,1,238
1G1U,B,1,1
1G1U,B,1,2
1G1U,B,1,3
1G1U,B,1,4
1G1U,B,1,5
1G1U,B,1,6
1G1U,B,1,236
1G1U,B,1,237
1G1U,B,1,238
1G1U,C,1,1
1G1U,C,1,2
1G1U,C,1,3
1G1U,C,1,4
1G1U,C,1,5
1G1U,C,1,6
1G1U,C,1,233
1G1U,C,1,234
1G1U,C,1,235
1G1U,C,1,236
1G1U,C,1,237
1G1U,C,1,238
1G1U,D,1,1
1G1U,D,1,2
1G1U,D,1,3
1G1U,D,1,4
1G1U,D,1,5
1G1U,D,1,6
1G1U,D,1,236
1G1U,D,1,237
1G1U,D,1,238
1G50,B,1,247
1G50,C,1,245
1G50,C,1,246
1G50,C,1,247
1G5Y,A,1,1
1G5Y,A,1,2
1G5Y,A,1,3
1G5Y,A,1,4
1G5Y,A,1,5
1G5Y,A,1,6
1G5Y,A,1,235
1G5Y,A,1,236
1G5Y,A,1,237
1G5Y,A,1,238
1G5Y,B,1,1
1G5Y,B,1,2
1G5Y,B,1,3
1G5Y,B,1,4
1G5Y,B,1,5
1G5Y,B,1,6
1G5Y,B,1,236
1G5Y,B,1,237
1G5Y,B,1,238
1G5Y,C,1,1
1G5Y,C,1,2
1G5Y,C,1,3
1G5Y,C,1,4
1G5Y,C,1,5
1G5Y,C,1,6
1G5Y,C,1,233
1G5Y,C,1,234
1G5Y,C,1,235
1G5Y,C,1,236
1G5Y,C,1,237
1G5Y,C,1,238
1G5Y,D,1,1
1G5Y,D,1,2
1G5Y,D,1,3
1G5Y,D,1,4
1G5Y,D,1,5
1G5Y,D,1,6
1G5Y,D,1,236
1G5Y,D,1,237
1G5Y,D,1,238
1GS4,A,1,178
1GS4,A,1,179
1GS4,A,1,180
1GS4,A,1,181
1GWQ,A,1,31
1GWQ,A,1,32
1GWQ,A,1,33
1GWQ,A,1,34
1GWQ,A,1,35
1GWQ,B,1,31
1GWQ,B,1,32
1GWQ,B,1,33
1GWQ,B,1,34
1GWQ,B,1,35
1GWQ,B,1,36
1GWR,A,1,1
1GWR,A,1,28
1GWR,A,1,29
1GWR,A,1,30
1GWR,A,1,158
1GWR,A,1,159
1GWR,A,1,160
1GWR,B,1,30
1GWR,B,1,31
1GWR,B,1,158
1GWR,B,1,159
1GWR,B,1,160
1GWR,B,1,245
1H9U,A,1,14
1H9U,A,1,15
1H9U,A,1,16
1H9U,A,1,17
1H9U,A,1,18
1H9U,A,1,19
1H9U,A,1,20
1H9U,A,1,21
1H9U,A,1,22
1H9U,A,1,23
1H9U,A,1,24
1H9U,A,1,25
1H9U,A,1,26
1H9U,A,1,27
1H9U,A,1,28
1H9U,A,1,29
1H9U,A,1,30
1H9U,A,1,31
1H9U,A,1,32
1H9U,A,1,33
1H9U,A,1,34
1H9U,A,1,35
1H9U,A,1,36
1H9U,B,1,14
1H9U,B,1,15
1H9U,B,1,16
1H9U,B,1,17
1H9U,B,1,18
1H9U,B,1,19
1H9U,B,1,20
1H9U,B,1,21
1H9U,B,1,22
1H9U,B,1,23
1H9U,B,1,24
1H9U,B,1,25
1H9U,B,1,26
1H9U,B,1,27
1H9U,B,1,28
1H9U,B,1,29
1H9U,B,1,30
1H9U,B,1,31
1H9U,B,1,32
1H9U,B,1,33
1H9U,B,1,34
1H9U,B,1,35
1H9U,B,1,36
1H9U,C,1,14
1H9U,C,1,15
1H9U,C,1,16
1H9U,C,1,17
1H9U,C,1,18
1H9U,C,1,19
1H9U,C,1,20
1H9U,C,1,21
1H9U,C,1,22
1H9U,C,1,23
1H9U,C,1,24
1H9U,C,1,25
1H9U,C,1,26
1H9U,C,1,27
1H9U,C,1,28
1H9U,C,1,29
1H9U,C,1,30
1H9U,C,1,31
1H9U,C,1,32
1H9U,C,1,33
1H9U,C,1,34
1H9U,C,1,35
1H9U,C,1,36
1H9U,D,1,14
1H9U,D,1,15
1H9U,D,1,16
1H9U,D,1,17
1H9U,D,1,18
1H9U,D,1,19
1H9U,D,1,20
1H9U,D,1,21
1H9U,D,1,22
1H9U,D,1,23
1H9U,D,1,24
1H9U,D,1,25
1H9U,D,1,26
1H9U,D,1,27
1H9U,D,1,28
1H9U,D,1,29
1H9U,D,1,30
1H9U,D,1,31
1H9U,D,1,32
1H9U,D,1,33
1H9U,D,1,34
1H9U,D,1,35
1H9U,D,1,36
1I7G,A,1,1
1I7G,A,1,2
1I7G,A,1,3
1I7G,A,1,4
1I7G,A,1,5
1I7G,A,1,6
1I7G,A,1,7
1I7G,A,1,8
1I7G,A,1,9
1I7G,A,1,10
1I7G,A,1,11
1I7G,A,1,12
1I7G,A,1,13
1I7G,A,1,14
1I7G,A,1,15
1I7G,A,1,16
1I7G,A,1,17
1I7G,A,1,51
1I7G,A,1,52
1I7G,A,1,74
1I7G,A,1,75
1I7G,A,1,76
1I7G,A,1,77
1I7G,A,1,78
1I7G,A,1,79
1I7G,A,1,80
1I7G,A,1,81
1I7G,A,1,82
1I7I,A,1,1
1I7I,A,1,2
1I7I,A,1,3
1I7I,A,1,4
1I7I,A,1,5
1I7I,A,1,6
1I7I,A,1,7
1I7I,A,1,8
1I7I,A,1,9
1I7I,A,1,10
1I7I,A,1,11
1I7I,A,1,12
1I7I,A,1,13
1I7I,A,1,14
1I7I,A,1,15
1I7I,A,1,16
1I7I,A,1,17
1I7I,A,1,18
1I7I,A,1,19
1I7I,A,1,20
1I7I,A,1,21
1I7I,A,1,79
1I7I,A,1,80
1I7I,A,1,81
1I7I,A,1,82
1I7I,A,1,83
1I7I,A,1,84
1I7I,A,1,85
1I7I,A,1,86
1I7I,A,1,87
1I7I,A,1,88
1I7I,A,1,89
1I7I,A,1,90
1I7I,A,1,292
1I7I,B,1,1
1I7I,B,1,2
1I7I,B,1,3
1I7I,B,1,4
1I7I,B,1,5
1I7I,B,1,6
1I7I,B,1,7
1I7I,B,1,8
1I7I,B,1,9
1I7I,B,1,10
1I7I,B,1,11
1I7I,B,1,12
1I7I,B,1,13
1I7I,B,1,14
1I7I,B,1,15
1I7I,B,1,16
1I7I,B,1,17
1I7I,B,1,18
1I7I,B,1,19
1I7I,B,1,20
1I7I,B,1,21
1I7I,B,1,83
1I7I,B,1,84
1I7I,B,1,85
1I7I,B,1,86
1I7I,B,1,87
1I7I,B,1,88
1I7I,B,1,89
1I7I,B,1,277
1I7I,B,1,278
1I7I,B,1,289
1I7I,B,1,290
1I7I,B,1,291
1I7I,B,1,292
1IE8,A,1,1
1IE8,A,1,2
1IE8,A,1,207
1IE8,A,1,208
1IE8,A,1,209
1IE8,A,1,256
1IE8,A,1,257
1IE8,A,1,258
1IE8,A,1,259
1IE9,A,1,256
1IE9,A,1,257
1IE9,A,1,258
1IE9,A,1,259
1ILG,A,1,1
1ILG,A,1,2
1ILG,A,1,3
1ILG,A,1,4
1ILG,A,1,5
1ILG,A,1,6
1ILG,A,1,7
1ILG,A,1,8
1ILG,A,1,9
1ILG,A,1,10
1ILG,A,1,11
1ILG,A,1,12
1ILG,A,1,13
1ILG,A,1,14
1ILG,A,1,15
1ILG,A,1,16
1ILG,A,1,17
1ILG,A,1,18
1ILG,A,1,19
1ILG,A,1,20
1ILG,A,1,21
1ILG,A,1,22
1ILG,A,1,23
1ILG,A,1,60
1ILG,A,1,61
1ILG,A,1,62
1ILG,A,1,63
1ILG,A,1,64
1ILG,A,1,65
1ILG,A,1,66
1ILG,A,1,67
1ILG,A,1,68
1ILG,A,1,69
1ILG,A,1,70
1ILG,A,1,71
1ILG,A,1,72
1ILG,A,1,73
1ILG,A,1,74
1ILG,A,1,75
1ILG,A,1,76
1ILG,A,1,77
1ILG,A,1,78
1ILG,A,1,79
1ILG,A,1,314
1ILG,A,1,315
1ILG,A,1,316
1ILH,A,1,1
1ILH,A,1,2
1ILH,A,1,3
1ILH,A,1,4
1ILH,A,1,5
1ILH,A,1,6
1ILH,A,1,7
1ILH,A,1,8
1ILH,A,1,9
1ILH,A,1,10
1ILH,A,1,11
1ILH,A,1,12
1ILH,A,1,13
1ILH,A,1,14
1ILH,A,1,15
1ILH,A,1,16
1ILH,A,1,17
1ILH,A,1,18
1ILH,A,1,19
1ILH,A,1,20
1ILH,A,1,21
1ILH,A,1,22
1ILH,A,1,23
1ILH,A,1,60
1ILH,A,1,61
1ILH,A,1,62
1ILH,A,1,63
1ILH,A,1,64
1ILH,A,1,65
1ILH,A,1,66
1ILH,A,1,67
1ILH,A,1,68
1ILH,A,1,69
1ILH,A,1,70
1ILH,A,1,71
1ILH,A,1,72
1ILH,A,1,73
1ILH,A,1,74
1ILH,A,1,75
1ILH,A,1,76
1ILH,A,1,77
1ILH,A,1,78
1ILH,A,1,79
1ILH,A,1,314
1ILH,A,1,315
1ILH,A,1,316
1K74,A,1,1
1K74,A,1,2
1K74,A,1,235
1K74,A,1,236
1K74,A,1,237
1K74,A,1,238
1K74,B,1,1
1K74,B,1,2
1K74,B,1,3
1K74,B,1,4
1K74,B,1,5
1K74,B,1,6
1K74,B,1,7
1K74,B,1,8
1K74,B,1,9
1K74,B,1,10
1K74,B,1,11
1K74,C,1,1
1K74,C,1,2
1K74,C,1,3
1K74,C,1,4
1K74,C,1,5
1K74,C,1,6
1K74,C,1,7
1K74,C,1,8
1K74,C,1,9
1K74,C,1,10
1K74,C,1,11
1K74,C,1,22
1K74,C,1,23
1K74,C,1,24
1K74,C,1,25
1K74,D,1,1
1K74,D,1,2
1K74,D,1,3
1K74,D,1,4
1K74,D,1,5
1K74,D,1,6
1K74,D,1,7
1K74,D,1,8
1K74,D,1,9
1K7L,A,1,1
1K7L,A,1,2
1K7L,A,1,3
1K7L,A,1,4
1K7L,A,1,5
1K7L,A,1,6
1K7L,A,1,7
1K7L,A,1,8
1K7L,A,1,9
1K7L,A,1,10
1K7L,A,1,11
1K7L,A,1,12
1K7L,A,1,13
1K7L,A,1,14
1K7L,A,1,15
1K7L,A,1,16
1K7L,A,1,17
1K7L,A,1,18
1K7L,A,1,19
1K7L,A,1,20
1K7L,A,1,21
1K7L,B,1,1
1K7L,B,1,2
1K7L,B,1,3
1K7L,B,1,4
1K7L,B,1,5
1K7L,B,1,19
1K7L,B,1,20
1K7L,B,1,21
1K7L,C,1,1
1K7L,C,1,2
1K7L,C,1,3
1K7L,C,1,4
1K7L,C,1,5
1K7L,C,1,6
1K7L,C,1,7
1K7L,C,1,8
1K7L,C,1,9
1K7L,C,1,10
1K7L,C,1,11
1K7L,C,1,12
1K7L,C,1,13
1K7L,C,1,14
1K7L,C,1,15
1K7L,C,1,16
1K7L,C,1,17
1K7L,C,1,18
1K7L,C,1,19
1K7L,C,1,20
1K7L,C,1,21
1K7L,D,1,1
1K7L,D,1,2
1K7L,D,1,3
1K7L,D,1,4
1K7L,D,1,5
1K7L,D,1,19
1K7L,D,1,20
1K7L,D,1,21
1K7L,E,1,1
1K7L,E,1,2
1K7L,E,1,3
1K7L,E,1,4
1K7L,E,1,5
1K7L,E,1,6
1K7L,E,1,7
1K7L,E,1,8
1K7L,E,1,9
1K7L,E,1,10
1K7L,E,1,11
1K7L,E,1,12
1K7L,E,1,13
1K7L,E,1,14
1K7L,E,1,15
1K7L,E,1,16
1K7L,E,1,17
1K7L,E,1,18
1K7L,E,1,19
1K7L,E,1,20
1K7L,E,1,21
1K7L,F,1,1
1K7L,F,1,2
1K7L,F,1,3
1K7L,F,1,4
1K7L,F,1,5
1K7L,F,1,19
1K7L,F,1,20
1K7L,F,1,21
1K7L,G,1,1
1K7L,G,1,2
1K7L,G,1,3
1K7L,G,1,4
1K7L,G,1,5
1K7L,G,1,6
1K7L,G,1,7
1K7L,G,1,8
1K7L,G,1,9
1K7L,G,1,10
1K7L,G,1,11
1K7L,G,1,12
1K7L,G,1,13
1K7L,G,1,14
1K7L,G,1,15
1K7L,G,1,16
1K7L,G,1,17
1K7L,G,1,18
1K7L,G,1,19
1K7L,G,1,20
1K7L,G,1,21
1K7L,H,1,1
1K7L,H,1,2
1K7L,H,1,3
1K7L,H,1,4
1K7L,H,1,5
1K7L,H,1,19
1K7L,H,1,20
1K7L,H,1,21
1KNU,A,1,64
1KNU,A,1,65
1KNU,A,1,66
1KNU,A,1,67
1KNU,A,1,68
1KNU,A,1,69
1KNU,A,1,70
1KNU,A,1,71
1KNU,A,1,274
1KNU,B,1,1
1KNU,B,1,2
1KNU,B,1,3
1KNU,B,1,66
1KNU,B,1,67
1KNU,B,1,68
1KNU,B,1,69
1KNU,B,1,70
1KNU,B,1,71
1KNU,B,1,258
1KNU,B,1,259
1KNU,B,1,260
1KNU,B,1,261
1KNU,B,1,262
1KNU,B,1,273
1KNU,B,1,274
1KV6,A,1,1
1KV6,A,1,2
1KV6,A,1,3
1KV6,A,1,4
1KV6,A,1,5
1KV6,A,1,6
1KV6,A,1,229
1KV6,A,1,230
1KV6,B,1,1
1KV6,B,1,2
1KV6,B,1,3
1KV6,B,1,4
1KV6,B,1,5
1KV6,B,1,6
1KV6,B,1,229
1KV6,B,1,230
1KV6,C,1,1
1KV6,C,1,12
1KV6,C,1,13
1KV6,C,1,14
1KV6,C,1,15
1KV6,D,1,1
1KV6,D,1,13
1KV6,D,1,14
1KV6,D,1,15
1L2I,A,1,1
1L2I,A,1,2
1L2I,A,1,3
1L2I,A,1,4
1L2I,A,1,5
1L2I,A,1,6
1L2I,A,1,7
1L2I,A,1,8
1L2I,A,1,9
1L2I,A,1,10
1L2I,A,1,11
1L2I,A,1,167
1L2I,A,1,168
1L2I,A,1,169
1L2I,A,1,170
1L2I,A,1,171
1L2I,A,1,172
1L2I,A,1,173
1L2I,A,1,174
1L2I,A,1,175
1L2I,A,1,255
1L2I,A,1,256
1L2I,A,1,257
1L2I,A,1,258
1L2I,A,1,259
1L2I,A,1,260
1L2I,A,1,261
1L2I,B,1,1
1L2I,B,1,2
1L2I,B,1,3
1L2I,B,1,4
1L2I,B,1,5
1L2I,B,1,6
1L2I,B,1,7
1L2I,B,1,8
1L2I,B,1,9
1L2I,B,1,10
1L2I,B,1,11
1L2I,B,1,168
1L2I,B,1,169
1L2I,B,1,170
1L2I,B,1,171
1L2I,B,1,172
1L2I,B,1,173
1L2I,B,1,174
1L2I,B,1,175
1L2I,B,1,176
1L2I,B,1,177
1L2I,B,1,178
1L2I,B,1,255
1L2I,B,1,256
1L2I,B,1,257
1L2I,B,1,258
1L2I,B,1,259
1L2I,B,1,260
1L2I,B,1,261
1L2I,C,1,1
1L2I,C,1,12
1L2I,C,1,13
1L2I,D,1,11
1L2I,D,1,12
1L2I,D,1,13
1L2J,A,1,1
1L2J,A,1,2
1L2J,A,1,3
1L2J,A,1,4
1L2J,A,1,5
1L2J,A,1,6
1L2J,A,1,7
1L2J,A,1,8
1L2J,A,1,9
1L2J,A,1,10
1L2J,A,1,11
1L2J,A,1,12
1L2J,A,1,13
1L2J,A,1,14
1L2J,A,1,15
1L2J,A,1,16
1L2J,A,1,17
1L2J,A,1,18
1L2J,A,1,19
1L2J,A,1,20
1L2J,A,1,21
1L2J,A,1,22
1L2J,A,1,23
1L2J,A,1,24
1L2J,A,1,25
1L2J,A,1,26
1L2J,A,1,51
1L2J,A,1,52
1L2J,A,1,53
1L2J,A,1,54
1L2J,A,1,55
1L2J,A,1,175
1L2J,A,1,176
1L2J,A,1,177
1L2J,A,1,178
1L2J,A,1,268
1L2J,A,1,269
1L2J,A,1,270
1L2J,A,1,271
1L2J,B,1,1
1L2J,B,1,2
1L2J,B,1,3
1L2J,B,1,4
1L2J,B,1,5
1L2J,B,1,6
1L2J,B,1,7
1L2J,B,1,8
1L2J,B,1,9
1L2J,B,1,10
1L2J,B,1,11
1L2J,B,1,12
1L2J,B,1,13
1L2J,B,1,14
1L2J,B,1,15
1L2J,B,1,16
1L2J,B,1,17
1L2J,B,1,18
1L2J,B,1,19
1L2J,B,1,20
1L2J,B,1,47
1L2J,B,1,48
1L2J,B,1,49
1L2J,B,1,50
1L2J,B,1,51
1L2J,B,1,52
1L2J,B,1,53
1L2J,B,1,54
1L2J,B,1,55
1L2J,B,1,56
1L2J,B,1,57
1L2J,B,1,58
1L2J,B,1,59
1L2J,B,1,177
1L2J,B,1,178
1L2J,B,1,246
1L2J,B,1,247
1L2J,B,1,248
1L2J,B,1,249
1L2J,B,1,250
1L2J,B,1,264
1L2J,B,1,265
1L2J,B,1,266
1L2J,B,1,267
1L2J,B,1,268
1L2J,B,1,269
1L2J,B,1,270
1L2J,B,1,271
1LV2,A,1,21
1LV2,A,1,22
1LV2,A,1,23
1LV2,A,1,24
1M13,A,1,1
1M13,A,1,2
1M13,A,1,3
1M13,A,1,4
1M13,A,1,5
1M13,A,1,6
1M13,A,1,7
1M13,A,1,8
1M13,A,1,9
1M13,A,1,10
1M13,A,1,11
1M13,A,1,12
1M13,A,1,13
1M13,A,1,14
1M13,A,1,15
1M13,A,1,16
1M13,A,1,17
1M13,A,1,18
1M13,A,1,19
1M13,A,1,20
1M13,A,1,21
1M13,A,1,22
1M13,A,1,23
1M13,A,1,60
1M13,A,1,61
1M13,A,1,62
1M13,A,1,63
1M13,A,1,64
1M13,A,1,65
1M13,A,1,66
1M13,A,1,67
1M13,A,1,68
1M13,A,1,69
1M13,A,1,70
1M13,A,1,71
1M13,A,1,72
1M13,A,1,73
1M13,A,1,74
1M13,A,1,75
1M13,A,1,76
1M13,A,1,77
1M13,A,1,78
1M13,A,1,79
1M2Z,A,1,1
1M2Z,A,1,2
1M2Z,C,1,1
1M2Z,C,1,2
1M2Z,C,1,3
1M2Z,C,1,4
1MV9,A,1,1
1MV9,A,1,2
1MV9,A,1,3
1MV9,A,1,4
1MV9,A,1,5
1MV9,A,1,6
1MV9,A,1,23
1MV9,A,1,24
1MV9,A,1,25
1MV9,A,1,26
1MV9,A,1,27
1MV9,A,1,28
1MV9,A,1,29
1MV9,A,1,30
1MV9,A,1,31
1MV9,A,1,32
1MV9,A,1,33
1MV9,A,1,34
1MV9,A,1,35
1MV9,A,1,36
1MV9,A,1,37
1MV9,A,1,38
1MV9,A,1,39
1MV9,A,1,40
1MV9,A,1,239
1MV9,A,1,240
1MV9,B,1,12
1MV9,B,1,13
1MVC,A,1,1
1MVC,A,1,2
1MVC,A,1,3
1MVC,A,1,4
1MVC,A,1,5
1MVC,A,1,6
1MVC,A,1,23
1MVC,A,1,24
1MVC,A,1,25
1MVC,A,1,26
1MVC,A,1,27
1MVC,A,1,28
1MVC,A,1,29
1MVC,A,1,30
1MVC,A,1,31
1MVC,A,1,32
1MVC,A,1,33
1MVC,A,1,34
1MVC,A,1,35
1MVC,A,1,36
1MVC,A,1,37
1MVC,A,1,38
1MVC,A,1,39
1MVC,A,1,40
1MVC,A,1,237
1MVC,A,1,238
1MVC,A,1,239
1MVC,A,1,240
1MVC,B,1,12
1MVC,B,1,13
1MZN,A,1,1
1MZN,A,1,2
1MZN,A,1,3
1MZN,A,1,4
1MZN,A,1,32
1MZN,A,1,33
1MZN,A,1,34
1MZN,A,1,35
1MZN,A,1,36
1MZN,A,1,37
1MZN,A,1,38
1MZN,A,1,39
1MZN,A,1,237
1MZN,A,1,238
1MZN,A,1,239
1MZN,A,1,240
1MZN,B,1,12
1MZN,B,1,13
1MZN,C,1,1
1MZN,C,1,2
1MZN,C,1,3
1MZN,C,1,4
1MZN,C,1,5
1MZN,C,1,6
1MZN,C,1,23
1MZN,C,1,24
1MZN,C,1,25
1MZN,C,1,26
1MZN,C,1,27
1MZN,C,1,28
1MZN,C,1,29
1MZN,C,1,30
1MZN,C,1,31
1MZN,C,1,32
1MZN,C,1,33
1MZN,C,1,34
1MZN,C,1,35
1MZN,C,1,36
1MZN,C,1,37
1MZN,C,1,38
1MZN,C,1,39
1MZN,C,1,40
1MZN,C,1,237
1MZN,C,1,238
1MZN,C,1,239
1MZN,C,1,240
1MZN,D,1,12
1MZN,D,1,13
1MZN,E,1,1
1MZN,E,1,2
1MZN,E,1,3
1MZN,E,1,4
1MZN,E,1,32
1MZN,E,1,33
1MZN,E,1,34
1MZN,E,1,35
1MZN,E,1,36
1MZN,E,1,37
1MZN,E,1,38
1MZN,E,1,39
1MZN,E,1,237
1MZN,E,1,238
1MZN,E,1,239
1MZN,E,1,240
1MZN,F,1,12
1MZN,F,1,13
1MZN,G,1,1
1MZN,G,1,2
1MZN,G,1,3
1MZN,G,1,4
1MZN,G,1,5
1MZN,G,1,6
1MZN,G,1,23
1MZN,G,1,24
1MZN,G,1,25
1MZN,G,1,26
1MZN,G,1,27
1MZN,G,1,28
1MZN,G,1,29
1MZN,G,1,30
1MZN,G,1,31
1MZN,G,1,32
1MZN,G,1,33
1MZN,G,1,34
1MZN,G,1,35
1MZN,G,1,36
1MZN,G,1,37
1MZN,G,1,38
1MZN,G,1,39
1MZN,G,1,40
1MZN,G,1,237
1MZN,G,1,238
1MZN,G,1,239
1MZN,G,1,240
1MZN,H,1,12
1MZN,H,1,13
1N46,A,1,1
1N46,A,1,2
1N46,A,1,3
1N46,A,1,4
1N46,A,1,5
1N46,A,1,6
1N46,A,1,7
1N46,A,1,33
1N46,A,1,34
1N46,A,1,35
1N46,B,1,1
1N46,B,1,2
1N46,B,1,3
1N46,B,1,4
1N46,B,1,5
1N46,B,1,6
1N46,B,1,7
1N46,B,1,33
1N46,B,1,34
1N46,B,1,35
1N46,B,1,51
1N46,B,1,52
1N46,B,1,53
1N46,B,1,54
1N46,B,1,55
1N46,B,1,56
1N46,B,1,57
1N46,B,1,58
1N46,B,1,59
1N83,A,1,1
1N83,A,1,2
1N83,A,1,3
1N83,A,1,4
1N83,A,1,5
1N83,A,1,6
1N83,A,1,7
1N83,A,1,259
1N83,A,1,260
1N83,A,1,261
1N83,A,1,262
1N83,A,1,263
1N83,A,1,264
1N83,A,1,265
1N83,A,1,266
1N83,A,1,267
1N83,A,1,268
1N83,A,1,269
1N83,A,1,270
1NAV,A,1,36
1NAV,A,1,37
1NAV,A,1,38
1NAV,A,1,39
1NAV,A,1,40
1NAV,A,1,55
1NAV,A,1,56
1NAV,A,1,57
1NAV,A,1,58
1NAV,A,1,59
1NAX,A,1,1
1NAX,A,1,2
1NDE,A,1,1
1NDE,A,1,2
1NDE,A,1,3
1NDE,A,1,4
1NDE,A,1,5
1NDE,A,1,6
1NDE,A,1,7
1NDE,A,1,8
1NDE,A,1,9
1NDE,A,1,10
1NDE,A,1,11
1NDE,A,1,12
1NDE,A,1,13
1NDE,A,1,14
1NDE,A,1,41
1NDE,A,1,42
1NDE,A,1,166
1NDE,A,1,167
1NDE,A,1,168
1NDE,A,1,169
1NDE,A,1,237
1NDE,A,1,238
1NDE,A,1,239
1NDE,A,1,255
1NHZ,A,1,1
1NHZ,A,1,2
1NHZ,A,1,3
1NHZ,A,1,4
1NHZ,A,1,5
1NHZ,A,1,6
1NHZ,A,1,7
1NHZ,A,1,8
1NHZ,A,1,9
1NHZ,A,1,10
1NHZ,A,1,11
1NHZ,A,1,12
1NHZ,A,1,13
1NHZ,A,1,14
1NHZ,A,1,15
1NHZ,A,1,16
1NHZ,A,1,17
1NHZ,A,1,18
1NHZ,A,1,19
1NHZ,A,1,20
1NHZ,A,1,21
1NHZ,A,1,22
1NHZ,A,1,23
1NHZ,A,1,24
1NHZ,A,1,25
1NHZ,A,1,26
1NHZ,A,1,27
1NHZ,A,1,28
1NHZ,A,1,29
1NHZ,A,1,30
1NHZ,A,1,31
1NHZ,A,1,32
1NHZ,A,1,263
1NHZ,A,1,264
1NHZ,A,1,265
1NHZ,A,1,266
1NHZ,A,1,267
1NHZ,A,1,268
1NHZ,A,1,269
1NHZ,A,1,270
1NHZ,A,1,280
1NQ0,A,1,55
1NQ0,A,1,56
1NQ0,A,1,57
1NQ0,A,1,58
1NQ0,A,1,59
1NQ0,A,1,60
1NQ0,A,1,61
1NQ0,A,1,62
1NQ0,A,1,63
1NQ0,A,1,64
1NQ1,A,1,55
1NQ1,A,1,56
1NQ1,A,1,57
1NQ1,A,1,58
1NQ1,A,1,59
1NQ1,A,1,60
1NQ1,A,1,61
1NQ1,A,1,62
1NQ1,A,1,63
1NQ1,A,1,64
1NQ2,A,1,57
1NQ2,A,1,58
1NQ2,A,1,59
1NQ2,A,1,60
1NQ2,A,1,61
1NQ2,A,1,62
1NQ2,A,1,63
1NQ2,A,1,64
1NQ2,A,1,264
1NRL,A,1,1
1NRL,A,1,2
1NRL,A,1,3
1NRL,A,1,4
1NRL,A,1,5
1NRL,A,1,6
1NRL,A,1,7
1NRL,A,1,8
1NRL,A,1,9
1NRL,A,1,10
1NRL,A,1,11
1NRL,A,1,12
1NRL,A,1,13
1NRL,A,1,14
1NRL,A,1,15
1NRL,A,1,16
1NRL,A,1,17
1NRL,A,1,18
1NRL,A,1,19
1NRL,A,1,20
1NRL,A,1,21
1NRL,A,1,22
1NRL,A,1,23
1NRL,A,1,60
1NRL,A,1,61
1NRL,A,1,62
1NRL,A,1,63
1NRL,A,1,64
1NRL,A,1,65
1NRL,A,1,66
1NRL,A,1,67
1NRL,A,1,68
1NRL,A,1,69
1NRL,A,1,70
1NRL,A,1,71
1NRL,A,1,72
1NRL,A,1,73
1NRL,A,1,316
1NRL,B,1,1
1NRL,B,1,2
1NRL,B,1,3
1NRL,B,1,4
1NRL,B,1,5
1NRL,B,1,6
1NRL,B,1,7
1NRL,B,1,8
1NRL,B,1,9
1NRL,B,1,10
1NRL,B,1,11
1NRL,B,1,12
1NRL,B,1,13
1NRL,B,1,14
1NRL,B,1,15
1NRL,B,1,16
1NRL,B,1,17
1NRL,B,1,18
1NRL,B,1,19
1NRL,B,1,20
1NRL,B,1,21
1NRL,B,1,22
1NRL,B,1,23
1NRL,B,1,60
1NRL,B,1,61
1NRL,B,1,62
1NRL,B,1,63
1NRL,B,1,64
1NRL,B,1,65
1NRL,B,1,66
1NRL,B,1,67
1NRL,B,1,68
1NRL,B,1,69
1NRL,B,1,70
1NRL,B,1,71
1NRL,B,1,72
1NRL,B,1,73
1NRL,B,1,74
1NRL,B,1,314
1NRL,B,1,315
1NRL,B,1,316
1NRL,C,1,1
1NRL,C,1,2
1NRL,C,1,3
1NRL,C,1,4
1NRL,C,1,5
1NRL,C,1,6
1NRL,C,1,22
1NRL,C,1,23
1NRL,C,1,24
1NRL,C,1,25
1NRL,D,1,1
1NRL,D,1,2
1NRL,D,1,3
1NRL,D,1,4
1NRL,D,1,5
1NRL,D,1,6
1NRL,D,1,22
1NRL,D,1,23
1NRL,D,1,24
1NRL,D,1,25
1NUO,A,1,35
1NUO,A,1,53
1NUO,A,1,54
1NUO,A,1,55
1NUO,A,1,56
1NUO,A,1,57
1NUO,A,1,58
1NUO,A,1,59
1NUO,A,1,60
1NUO,A,1,61
1NUO,A,1,62
1NUO,A,1,63
1NUO,A,1,64
1NUO,A,1,261
1NYX,A,1,61
1NYX,A,1,62
1NYX,A,1,63
1NYX,A,1,64
1NYX,A,1,65
1NYX,A,1,66
1NYX,A,1,67
1NYX,A,1,68
1NYX,A,1,69
1NYX,A,1,70
1NYX,A,1,71
1NYX,A,1,72
1NYX,A,1,73
1NYX,A,1,74
1NYX,A,1,75
1NYX,A,1,276
1NYX,B,1,1
1NYX,B,1,2
1NYX,B,1,3
1NYX,B,1,4
1NYX,B,1,5
1NYX,B,1,68
1NYX,B,1,69
1NYX,B,1,70
1NYX,B,1,71
1NYX,B,1,72
1NYX,B,1,73
1NYX,B,1,74
1NYX,B,1,75
1NYX,B,1,261
1NYX,B,1,262
1NYX,B,1,263
1NYX,B,1,264
1NYX,B,1,276
1OSH,A,1,27
1OSH,A,1,28
1OSH,A,1,29
1OSH,A,1,30
1OSH,A,1,31
1OSH,A,1,32
1OSH,A,1,33
1OSH,A,1,34
1OSH,A,1,35
1OSH,A,1,36
1OSH,A,1,37
1OSH,A,1,38
1OSH,A,1,39
1OSH,A,1,40
1OSH,A,1,41
1OSH,A,1,232
1OVL,A,1,1
1OVL,A,1,2
1OVL,A,1,3
1OVL,A,1,4
1OVL,A,1,5
1OVL,A,1,6
1OVL,A,1,7
1OVL,A,1,8
1OVL,A,1,9
1OVL,A,1,10
1OVL,A,1,11
1OVL,A,1,12
1OVL,A,1,13
1OVL,A,1,14
1OVL,A,1,15
1OVL,A,1,16
1OVL,A,1,17
1OVL,A,1,18
1OVL,A,1,19
1OVL,A,1,20
1OVL,A,1,21
1OVL,A,1,22
1OVL,A,1,23
1OVL,A,1,24
1OVL,A,1,25
1OVL,A,1,26
1OVL,A,1,27
1OVL,A,1,28
1OVL,A,1,29
1OVL,A,1,30
1OVL,A,1,31
1OVL,A,1,32
1OVL,A,1,33
1OVL,A,1,34
1OVL,A,1,35
1OVL,A,1,64
1OVL,A,1,65
1OVL,A,1,66
1OVL,A,1,67
1OVL,A,1,68
1OVL,A,1,69
1OVL,A,1,70
1OVL,A,1,71
1OVL,B,1,1
1OVL,B,1,2
1OVL,B,1,3
1OVL,B,1,4
1OVL,B,1,5
1OVL,B,1,6
1OVL,B,1,7
1OVL,B,1,8
1OVL,B,1,9
1OVL,B,1,10
1OVL,B,1,11
1OVL,B,1,12
1OVL,B,1,13
1OVL,B,1,14
1OVL,B,1,15
1OVL,B,1,16
1OVL,B,1,17
1OVL,B,1,18
1OVL,B,1,19
1OVL,B,1,20
1OVL,B,1,21
1OVL,B,1,22
1OVL,B,1,23
1OVL,B,1,24
1OVL,B,1,25
1OVL,B,1,26
1OVL,B,1,27
1OVL,B,1,28
1OVL,B,1,29
1OVL,B,1,30
1OVL,B,1,31
1OVL,B,1,32
1OVL,B,1,33
1OVL,B,1,34
1OVL,B,1,35
1OVL,C,1,1
1OVL,C,1,2
1OVL,C,1,3
1OVL,C,1,4
1OVL,C,1,5
1OVL,C,1,6
1OVL,C,1,7
1OVL,C,1,8
1OVL,C,1,9
1OVL,C,1,10
1OVL,C,1,11
1OVL,C,1,12
1OVL,C,1,13
1OVL,C,1,14
1OVL,C,1,15
1OVL,C,1,16
1OVL,C,1,17
1OVL,C,1,18
1OVL,C,1,19
1OVL,C,1,20
1OVL,C,1,21
1OVL,C,1,22
1OVL,C,1,23
1OVL,C,1,24
1OVL,C,1,25
1OVL,C,1,26
1OVL,C,1,27
1OVL,C,1,28
1OVL,C,1,29
1OVL,C,1,30
1OVL,C,1,31
1OVL,C,1,32
1OVL,C,1,33
1OVL,C,1,34
1OVL,C,1,35
1OVL,C,1,65
1OVL,C,1,66
1OVL,C,1,67
1OVL,C,1,68
1OVL,C,1,69
1OVL,C,1,217
1OVL,C,1,218
1OVL,C,1,219
1OVL,C,1,220
1OVL,C,1,221
1OVL,D,1,1
1OVL,D,1,2
1OVL,D,1,3
1OVL,D,1,4
1OVL,D,1,5
1OVL,D,1,6
1OVL,D,1,7
1OVL,D,1,8
1OVL,D,1,9
1OVL,D,1,10
1OVL,D,1,11
1OVL,D,1,12
1OVL,D,1,13
1OVL,D,1,14
1OVL,D,1,15
1OVL,D,1,16
1OVL,D,1,17
1OVL,D,1,18
1OVL,D,1,19
1OVL,D,1,20
1OVL,D,1,21
1OVL,D,1,22
1OVL,D,1,23
1OVL,D,1,24
1OVL,D,1,25
1OVL,D,1,26
1OVL,D,1,27
1OVL,D,1,28
1OVL,D,1,29
1OVL,D,1,30
1OVL,D,1,31
1OVL,D,1,32
1OVL,D,1,33
1OVL,D,1,34
1OVL,D,1,35
1OVL,D,1,66
1OVL,D,1,67
1OVL,D,1,68
1OVL,D,1,69
1OVL,D,1,70
1OVL,D,1,71
1OVL,E,1,1
1OVL,E,1,2
1OVL,E,1,3
1OVL,E,1,4
1OVL,E,1,5
1OVL,E,1,6
1OVL,E,1,21
1OVL,E,1,22
1OVL,E,1,23
1OVL,E,1,24
1OVL,E,1,25
1OVL,E,1,26
1OVL,E,1,27
1OVL,E,1,28
1OVL,E,1,29
1OVL,E,1,30
1OVL,E,1,31
1OVL,E,1,32
1OVL,E,1,33
1OVL,E,1,34
1OVL,E,1,35
1OVL,F,1,1
1OVL,F,1,2
1OVL,F,1,3
1OVL,F,1,4
1OVL,F,1,5
1OVL,F,1,6
1OVL,F,1,7
1OVL,F,1,8
1OVL,F,1,9
1OVL,F,1,10
1OVL,F,1,11
1OVL,F,1,12
1OVL,F,1,13
1OVL,F,1,14
1OVL,F,1,15
1OVL,F,1,16
1OVL,F,1,17
1OVL,F,1,18
1OVL,F,1,19
1OVL,F,1,20
1OVL,F,1,21
1OVL,F,1,22
1OVL,F,1,23
1OVL,F,1,24
1OVL,F,1,25
1OVL,F,1,26
1OVL,F,1,27
1OVL,F,1,28
1OVL,F,1,29
1OVL,F,1,30
1OVL,F,1,31
1OVL,F,1,32
1OVL,F,1,33
1OVL,F,1,34
1OVL,F,1,35
1OVL,F,1,64
1OVL,F,1,65
1OVL,F,1,66
1OVL,F,1,67
1OVL,F,1,68
1OVL,F,1,69
1OVL,F,1,70
1OVL,F,1,71
1OVL,F,1,217
1OVL,F,1,218
1OVL,F,1,219
1OVL,F,1,220
1OVL,F,1,221
1P8D,A,1,1
1P8D,A,1,2
1P8D,A,1,3
1P8D,A,1,4
1P8D,A,1,5
1P8D,A,1,6
1P8D,A,1,44
1P8D,A,1,45
1P8D,A,1,46
1P8D,A,1,47
1P8D,B,1,1
1P8D,B,1,2
1P8D,B,1,3
1P8D,B,1,4
1P8D,B,1,5
1P8D,B,1,6
1P8D,B,1,46
1P8D,B,1,47
1P8D,B,1,48
1P8D,B,1,249
1P8D,B,1,250
1P8D,C,1,1
1P8D,C,1,2
1P8D,C,1,3
1P8D,C,1,4
1P8D,C,1,5
1P8D,C,1,6
1P8D,C,1,23
1P8D,C,1,24
1P8D,C,1,25
1P8D,D,1,1
1P8D,D,1,2
1P8D,D,1,3
1P8D,D,1,4
1P8D,D,1,5
1P8D,D,1,6
1P8D,D,1,7
1P8D,D,1,8
1P8D,D,1,9
1P8D,D,1,10
1P8D,D,1,24
1P8D,D,1,25
1P93,A,1,1
1P93,A,1,2
1P93,A,1,3
1P93,A,1,4
1P93,A,1,5
1P93,A,1,6
1P93,A,1,7
1P93,A,1,8
1P93,A,1,9
1P93,A,1,10
1P93,A,1,11
1P93,A,1,12
1P93,A,1,13
1P93,A,1,14
1P93,A,1,15
1P93,A,1,16
1P93,A,1,17
1P93,A,1,18
1P93,A,1,19
1P93,A,1,20
1P93,A,1,21
1P93,A,1,22
1P93,A,1,23
1P93,A,1,24
1P93,A,1,25
1P93,A,1,26
1P93,A,1,27
1P93,A,1,28
1P93,A,1,29
1P93,A,1,208
1P93,A,1,209
1P93,A,1,210
1P93,A,1,280
1P93,B,1,1
1P93,B,1,2
1P93,B,1,3
1P93,C,1,1
1P93,C,1,2
1P93,C,1,3
1P93,C,1,4
1P93,C,1,5
1P93,C,1,6
1P93,C,1,7
1P93,C,1,8
1P93,C,1,9
1P93,C,1,10
1P93,C,1,11
1P93,C,1,12
1P93,C,1,13
1P93,C,1,14
1P93,C,1,15
1P93,C,1,16
1P93,C,1,17
1P93,C,1,18
1P93,C,1,19
1P93,C,1,20
1P93,C,1,21
1P93,C,1,22
1P93,C,1,23
1P93,C,1,24
1P93,C,1,25
1P93,C,1,26
1P93,C,1,27
1P93,C,1,28
1P93,C,1,29
1P93,C,1,30
1P93,C,1,31
1P93,C,1,208
1P93,C,1,209
1P93,C,1,210
1P93,C,1,280
1P93,D,1,1
1P93,D,1,2
1P93,D,1,3
1P93,E,1,1
1P93,E,1,2
1P93,E,1,3
1P93,E,1,4
1P93,E,1,5
1P93,E,1,6
1P93,E,1,7
1P93,E,1,8
1P93,E,1,9
1P93,E,1,10
1P93,E,1,11
1P93,E,1,12
1P93,E,1,13
1P93,E,1,14
1P93,E,1,15
1P93,E,1,16
1P93,E,1,17
1P93,E,1,18
1P93,E,1,19
1P93,E,1,20
1P93,E,1,21
1P93,E,1,22
1P93,E,1,23
1P93,E,1,24
1P93,E,1,25
1P93,E,1,26
1P93,E,1,27
1P93,E,1,28
1P93,E,1,29
1P93,E,1,208
1P93,E,1,209
1P93,E,1,210
1P93,E,1,280
1P93,F,1,1
1P93,F,1,2
1P93,F,1,3
1P93,G,1,1
1P93,G,1,2
1P93,G,1,3
1P93,G,1,4
1P93,G,1,5
1P93,G,1,6
1P93,G,1,7
1P93,G,1,8
1P93,G,1,9
1P93,G,1,10
1P93,G,1,11
1P93,G,1,12
1P93,G,1,13
1P93,G,1,14
1P93,G,1,15
1P93,G,1,16
1P93,G,1,17
1P93,G,1,18
1P93,G,1,19
1P93,G,1,20
1P93,G,1,21
1P93,G,1,22
1P93,G,1,23
1P93,G,1,24
1P93,G,1,25
1P93,G,1,26
1P93,G,1,27
1P93,G,1,28
1P93,G,1,29
1P93,G,1,208
1P93,G,1,209
1P93,G,1,210
1P93,G,1,280
1P93,H,1,1
1P93,H,1,2
1P93,H,1,3
1PCG,A,1,32
1PCG,A,1,160
1PCG,A,1,161
1PCG,A,1,162
1PCG,A,1,163
1PCG,A,1,164
1PCG,A,1,165
1PCG,A,1,166
1PCG,A,1,167
1PCG,A,1,168
1PCG,A,1,169
1PCG,A,1,170
1PCG,B,1,160
1PQ6,A,1,1
1PQ6,A,1,2
1PQ6,A,1,3
1PQ6,A,1,4
1PQ6,A,1,5
1PQ6,A,1,6
1PQ6,A,1,7
1PQ6,A,1,8
1PQ6,A,1,9
1PQ6,A,1,10
1PQ6,A,1,11
1PQ6,A,1,35
1PQ6,A,1,36
1PQ6,A,1,37
1PQ6,A,1,38
1PQ6,A,1,46
1PQ6,A,1,47
1PQ6,A,1,48
1PQ6,A,1,49
1PQ6,A,1,50
1PQ6,A,1,253
1PQ6,B,1,1
1PQ6,B,1,2
1PQ6,B,1,3
1PQ6,B,1,4
1PQ6,B,1,5
1PQ6,B,1,6
1PQ6,B,1,7
1PQ6,B,1,8
1PQ6,B,1,9
1PQ6,B,1,10
1PQ6,B,1,11
1PQ6,B,1,253
1PQ6,C,1,1
1PQ6,C,1,2
1PQ6,C,1,3
1PQ6,C,1,4
1PQ6,C,1,5
1PQ6,C,1,6
1PQ6,C,1,7
1PQ6,C,1,8
1PQ6,C,1,9
1PQ6,C,1,10
1PQ6,C,1,11
1PQ6,C,1,45
1PQ6,C,1,46
1PQ6,C,1,47
1PQ6,C,1,48
1PQ6,C,1,49
1PQ6,C,1,50
1PQ6,C,1,51
1PQ6,C,1,52
1PQ6,C,1,53
1PQ6,C,1,54
1PQ6,C,1,55
1PQ6,C,1,231
1PQ6,C,1,232
1PQ6,C,1,233
1PQ6,C,1,234
1PQ6,C,1,235
1PQ6,C,1,236
1PQ6,C,1,237
1PQ6,C,1,238
1PQ6,C,1,239
1PQ6,C,1,240
1PQ6,C,1,241
1PQ6,C,1,242
1PQ6,C,1,243
1PQ6,C,1,244
1PQ6,C,1,245
1PQ6,C,1,246
1PQ6,C,1,247
1PQ6,C,1,248
1PQ6,C,1,249
1PQ6,C,1,250
1PQ6,C,1,251
1PQ6,C,1,252
1PQ6,C,1,253
1PQ6,D,1,1
1PQ6,D,1,2
1PQ6,D,1,3
1PQ6,D,1,4
1PQ6,D,1,5
1PQ6,D,1,6
1PQ6,D,1,7
1PQ6,D,1,8
1PQ6,D,1,9
1PQ6,D,1,10
1PQ6,D,1,11
1PQ6,D,1,37
1PQ6,D,1,38
1PQ6,D,1,39
1PQ6,D,1,47
1PQ6,D,1,48
1PQ6,D,1,49
1PQ6,D,1,50
1PQ6,D,1,51
1PQ6,D,1,52
1PQ6,D,1,53
1PQ6,D,1,54
1PQ6,D,1,237
1PQ6,D,1,238
1PQ6,D,1,239
1PQ6,D,1,253
1PQ9,A,1,1
1PQ9,A,1,2
1PQ9,A,1,3
1PQ9,A,1,4
1PQ9,A,1,5
1PQ9,A,1,6
1PQ9,A,1,7
1PQ9,A,1,8
1PQ9,A,1,9
1PQ9,A,1,10
1PQ9,A,1,11
1PQ9,A,1,46
1PQ9,A,1,47
1PQ9,A,1,48
1PQ9,A,1,49
1PQ9,A,1,50
1PQ9,A,1,51
1PQ9,A,1,52
1PQ9,A,1,251
1PQ9,A,1,252
1PQ9,A,1,253
1PQ9,B,1,1
1PQ9,B,1,2
1PQ9,B,1,3
1PQ9,B,1,4
1PQ9,B,1,5
1PQ9,B,1,6
1PQ9,B,1,7
1PQ9,B,1,8
1PQ9,B,1,9
1PQ9,B,1,10
1PQ9,B,1,51
1PQ9,B,1,52
1PQ9,B,1,251
1PQ9,B,1,252
1PQ9,B,1,253
1PQ9,C,1,1
1PQ9,C,1,2
1PQ9,C,1,3
1PQ9,C,1,4
1PQ9,C,1,5
1PQ9,C,1,6
1PQ9,C,1,7
1PQ9,C,1,8
1PQ9,C,1,9
1PQ9,C,1,10
1PQ9,C,1,11
1PQ9,C,1,36
1PQ9,C,1,37
1PQ9,C,1,38
1PQ9,C,1,39
1PQ9,C,1,47
1PQ9,C,1,48
1PQ9,C,1,49
1PQ9,C,1,50
1PQ9,C,1,251
1PQ9,C,1,252
1PQ9,C,1,253
1PQ9,D,1,1
1PQ9,D,1,2
1PQ9,D,1,3
1PQ9,D,1,4
1PQ9,D,1,5
1PQ9,D,1,6
1PQ9,D,1,7
1PQ9,D,1,8
1PQ9,D,1,9
1PQ9,D,1,10
1PQ9,D,1,11
1PQ9,D,1,35
1PQ9,D,1,36
1PQ9,D,1,37
1PQ9,D,1,38
1PQ9,D,1,39
1PQ9,D,1,40
1PQ9,D,1,45
1PQ9,D,1,46
1PQ9,D,1,47
1PQ9,D,1,48
1PQ9,D,1,49
1PQ9,D,1,50
1PQ9,D,1,51
1PQ9,D,1,122
1PQ9,D,1,123
1PQ9,D,1,124
1PQ9,D,1,236
1PQ9,D,1,237
1PQ9,D,1,238
1PQ9,D,1,239
1PQ9,D,1,251
1PQ9,D,1,252
1PQ9,D,1,253
1PQC,A,1,1
1PQC,A,1,2
1PQC,A,1,3
1PQC,A,1,4
1PQC,A,1,5
1PQC,A,1,6
1PQC,A,1,7
1PQC,A,1,8
1PQC,A,1,9
1PQC,A,1,10
1PQC,A,1,11
1PQC,A,1,46
1PQC,A,1,47
1PQC,A,1,48
1PQC,A,1,49
1PQC,A,1,50
1PQC,A,1,51
1PQC,A,1,52
1PQC,A,1,251
1PQC,A,1,252
1PQC,A,1,253
1PQC,B,1,1
1PQC,B,1,2
1PQC,B,1,3
1PQC,B,1,4
1PQC,B,1,5
1PQC,B,1,6
1PQC,B,1,7
1PQC,B,1,8
1PQC,B,1,9
1PQC,B,1,10
1PQC,B,1,51
1PQC,B,1,52
1PQC,B,1,251
1PQC,B,1,252
1PQC,B,1,253
1PQC,C,1,1
1PQC,C,1,2
1PQC,C,1,3
1PQC,C,1,4
1PQC,C,1,5
1PQC,C,1,6
1PQC,C,1,7
1PQC,C,1,8
1PQC,C,1,9
1PQC,C,1,10
1PQC,C,1,11
1PQC,C,1,36
1PQC,C,1,37
1PQC,C,1,38
1PQC,C,1,39
1PQC,C,1,47
1PQC,C,1,48
1PQC,C,1,49
1PQC,C,1,50
1PQC,C,1,251
1PQC,C,1,252
1PQC,C,1,253
1PQC,D,1,1
1PQC,D,1,2
1PQC,D,1,3
1PQC,D,1,4
1PQC,D,1,5
1PQC,D,1,6
1PQC,D,1,7
1PQC,D,1,8
1PQC,D,1,9
1PQC,D,1,10
1PQC,D,1,11
1PQC,D,1,35
1PQC,D,1,36
1PQC,D,1,37
1PQC,D,1,38
1PQC,D,1,39
1PQC,D,1,40
1PQC,D,1,45
1PQC,D,1,46
1PQC,D,1,47
1PQC,D,1,48
1PQC,D,1,49
1PQC,D,1,50
1PQC,D,1,51
1PQC,D,1,122
1PQC,D,1,123
1PQC,D,1,124
1PQC,D,1,236
1PQC,D,1,237
1PQC,D,1,238
1PQC,D,1,239
1PQC,D,1,251
1PQC,D,1,252
1PQC,D,1,253
1PZL,A,1,1
1PZL,A,1,2
1PZL,A,1,3
1PZL,A,1,4
1PZL,A,1,26
1PZL,A,1,27
1PZL,A,1,28
1PZL,A,1,29
1PZL,A,1,30
1PZL,A,1,31
1Q4X,A,1,40
1Q4X,A,1,41
1Q4X,A,1,42
1Q4X,A,1,43
1Q4X,A,1,44
1Q4X,A,1,45
1Q4X,A,1,46
1Q4X,A,1,47
1Q4X,A,1,48
1Q4X,A,1,49
1Q4X,A,1,50
1Q4X,A,1,51
1Q4X,A,1,52
1Q4X,A,1,53
1QKM,A,1,1
1QKM,A,1,2
1QKM,A,1,3
1QKM,A,1,4
1QKM,A,1,5
1QKM,A,1,32
1QKM,A,1,33
1QKM,A,1,34
1QKM,A,1,35
1QKM,A,1,36
1QKM,A,1,37
1QKM,A,1,161
1QKM,A,1,162
1QKM,A,1,163
1QKM,A,1,164
1QKM,A,1,165
1QKM,A,1,247
1QKM,A,1,248
1QKM,A,1,249
1QKM,A,1,250
1QKM,A,1,251
1QKM,A,1,252
1QKM,A,1,253
1QKM,A,1,254
1QKM,A,1,255
1QKU,B,1,1
1QKU,B,1,2
1QKU,B,1,3
1QKU,C,1,1
1QKU,C,1,2
1QKU,C,1,3
1R5K,A,1,1
1R5K,A,1,2
1R5K,A,1,3
1R5K,A,1,4
1R5K,A,1,5
1R5K,A,1,6
1R5K,A,1,7
1R5K,A,1,8
1R5K,A,1,9
1R5K,A,1,10
1R5K,A,1,11
1R5K,A,1,12
1R5K,A,1,40
1R5K,A,1,41
1R5K,A,1,42
1R5K,A,1,43
1R5K,A,1,253
1R5K,A,1,254
1R5K,A,1,255
1R5K,A,1,256
1R5K,A,1,257
1R5K,A,1,258
1R5K,A,1,259
1R5K,A,1,260
1R5K,A,1,261
1R5K,B,1,1
1R5K,B,1,2
1R5K,B,1,3
1R5K,B,1,4
1R5K,B,1,5
1R5K,B,1,6
1R5K,B,1,7
1R5K,B,1,8
1R5K,B,1,9
1R5K,B,1,10
1R5K,B,1,11
1R5K,B,1,12
1R5K,B,1,40
1R5K,B,1,41
1R5K,B,1,42
1R5K,B,1,43
1R5K,B,1,252
1R5K,B,1,253
1R5K,B,1,254
1R5K,B,1,255
1R5K,B,1,256
1R5K,B,1,257
1R5K,B,1,258
1R5K,B,1,259
1R5K,B,1,260
1R5K,B,1,261
1R5K,C,1,1
1R5K,C,1,2
1R5K,C,1,3
1R5K,C,1,4
1R5K,C,1,5
1R5K,C,1,6
1R5K,C,1,7
1R5K,C,1,8
1R5K,C,1,9
1R5K,C,1,10
1R5K,C,1,11
1R5K,C,1,12
1R5K,C,1,40
1R5K,C,1,41
1R5K,C,1,42
1R5K,C,1,43
1R5K,C,1,252
1R5K,C,1,253
1R5K,C,1,254
1R5K,C,1,255
1R5K,C,1,256
1R5K,C,1,257
1R5K,C,1,258
1R5K,C,1,259
1R5K,C,1,260
1R5K,C,1,261
1R6G,A,1,33
1R6G,A,1,34
1R6G,A,1,35
1R6G,A,1,36
1R6G,A,1,37
1R6G,A,1,38
1R6G,A,1,39
1R6G,A,1,40
1R6G,A,1,51
1R6G,A,1,52
1R6G,A,1,53
1R6G,A,1,54
1R6G,A,1,55
1R6G,A,1,56
1R6G,A,1,57
1R6G,A,1,58
1R6G,A,1,59
1R6G,A,1,60
1R6G,A,1,61
1R6G,A,1,259
1RDT,A,1,1
1RDT,A,1,2
1RDT,A,1,3
1RDT,A,1,4
1RDT,A,1,5
1RDT,A,1,6
1RDT,A,1,7
1RDT,A,1,25
1RDT,A,1,26
1RDT,A,1,27
1RDT,A,1,28
1RDT,A,1,29
1RDT,A,1,30
1RDT,A,1,31
1RDT,A,1,32
1RDT,A,1,33
1RDT,A,1,34
1RDT,A,1,35
1RDT,A,1,36
1RDT,A,1,37
1RDT,A,1,38
1RDT,A,1,39
1RDT,A,1,40
1RDT,A,1,41
1RDT,A,1,42
1RDT,A,1,237
1RDT,A,1,238
1RDT,A,1,239
1RDT,A,1,240
1RDT,A,1,241
1RDT,A,1,242
1RDT,B,1,1
1RDT,B,1,2
1RDT,B,1,3
1RDT,B,1,4
1RDT,B,1,5
1RDT,B,1,6
1RDT,B,1,7
1RDT,B,1,8
1RDT,B,1,9
1RDT,B,1,10
1RDT,B,1,11
1RDT,B,1,21
1RDT,B,1,22
1RDT,B,1,23
1RDT,B,1,24
1RDT,B,1,25
1RDT,C,1,1
1RDT,C,1,2
1RDT,C,1,3
1RDT,C,1,4
1RDT,C,1,5
1RDT,C,1,6
1RDT,C,1,7
1RDT,C,1,8
1RDT,C,1,9
1RDT,C,1,10
1RDT,C,1,11
1RDT,C,1,12
1RDT,C,1,64
1RDT,C,1,65
1RDT,C,1,66
1RDT,C,1,67
1RDT,C,1,68
1RDT,C,1,69
1RDT,C,1,70
1RDT,C,1,71
1RDT,C,1,72
1RDT,C,1,73
1RDT,C,1,74
1RDT,C,1,75
1RDT,C,1,76
1RDT,C,1,77
1RDT,C,1,78
1RDT,C,1,79
1RDT,C,1,80
1RDT,C,1,81
1RDT,C,1,82
1RDT,D,1,1
1RDT,D,1,2
1RDT,D,1,3
1RDT,D,1,4
1RDT,D,1,5
1RDT,D,1,6
1RDT,D,1,7
1RDT,D,1,8
1RDT,D,1,9
1RDT,D,1,10
1RDT,D,1,18
1RDT,D,1,19
1RDT,D,1,20
1RDT,D,1,21
1RDT,D,1,22
1RDT,D,1,23
1S0X,A,1,1
1S0X,A,1,2
1S0X,A,1,3
1S0X,A,1,4
1S0X,A,1,5
1S0X,A,1,6
1S0X,A,1,7
1S0X,A,1,259
1S0X,A,1,260
1S0X,A,1,261
1S0X,A,1,262
1S0X,A,1,263
1S0X,A,1,264
1S0X,A,1,265
1S0X,A,1,266
1S0X,A,1,267
1S0X,A,1,268
1S0X,A,1,269
1S0X,A,1,270
1S0Z,A,1,1
1S0Z,A,1,2
1S0Z,A,1,3
1S0Z,A,1,4
1S0Z,A,1,5
1S0Z,A,1,6
1S0Z,A,1,211
1S0Z,A,1,212
1S0Z,A,1,213
1S0Z,A,1,260
1S0Z,A,1,261
1S0Z,A,1,262
1S0Z,A,1,263
1S19,A,1,1
1S19,A,1,2
1S19,A,1,3
1S19,A,1,4
1S19,A,1,5
1S19,A,1,6
1S19,A,1,211
1S19,A,1,212
1S19,A,1,213
1S19,A,1,260
1S19,A,1,261
1S19,A,1,262
1S19,A,1,263
1SJ0,A,1,225
1SJ0,A,1,226
1SJ0,A,1,246
1SJ0,A,1,247
1SJ0,A,1,248
1SKX,A,1,1
1SKX,A,1,2
1SKX,A,1,3
1SKX,A,1,4
1SKX,A,1,5
1SKX,A,1,6
1SKX,A,1,7
1SKX,A,1,8
1SKX,A,1,9
1SKX,A,1,10
1SKX,A,1,11
1SKX,A,1,12
1SKX,A,1,13
1SKX,A,1,14
1SKX,A,1,15
1SKX,A,1,16
1SKX,A,1,17
1SKX,A,1,18
1SKX,A,1,19
1SKX,A,1,20
1SKX,A,1,21
1SKX,A,1,22
1SKX,A,1,23
1SKX,A,1,24
1SKX,A,1,60
1SKX,A,1,61
1SKX,A,1,62
1SKX,A,1,63
1SKX,A,1,64
1SKX,A,1,65
1SKX,A,1,66
1SKX,A,1,67
1SKX,A,1,68
1SKX,A,1,69
1SKX,A,1,70
1SKX,A,1,71
1SKX,A,1,72
1SKX,A,1,73
1SKX,A,1,74
1SKX,A,1,75
1SKX,A,1,76
1SKX,A,1,77
1SKX,A,1,78
1SKX,A,1,79
1SKX,A,1,80
1SKX,A,1,81
1SKX,A,1,82
1SKX,A,1,83
1SKX,A,1,84
1SKX,A,1,85
1SKX,A,1,86
1SKX,A,1,87
1SKX,A,1,88
1SKX,A,1,89
1SKX,A,1,90
1SKX,A,1,91
1SKX,A,1,111
1SKX,A,1,112
1SKX,A,1,113
1SKX,A,1,114
1SKX,A,1,115
1SKX,A,1,116
1SKX,A,1,117
1SKX,A,1,192
1SKX,A,1,193
1SKX,A,1,194
1SKX,A,1,195
1SKX,A,1,196
1SKX,A,1,197
1SKX,A,1,198
1SKX,A,1,199
1SQN,A,1,1
1SQN,A,1,2
1SQN,A,1,3
1SQN,A,1,4
1SQN,A,1,5
1SQN,A,1,6
1SQN,A,1,7
1SQN,A,1,8
1SQN,A,1,9
1SQN,A,1,34
1SQN,A,1,35
1SQN,A,1,189
1SQN,A,1,261
1SQN,B,1,1
1SQN,B,1,2
1SQN,B,1,3
1SQN,B,1,4
1SQN,B,1,5
1SQN,B,1,6
1SQN,B,1,7
1SQN,B,1,8
1SQN,B,1,9
1SQN,B,1,10
1SQN,B,1,189
1SR7,A,1,1
1SR7,A,1,2
1SR7,A,1,3
1SR7,A,1,4
1SR7,A,1,5
1SR7,A,1,6
1SR7,A,1,7
1SR7,A,1,32
1SR7,A,1,33
1SR7,A,1,259
1SR7,B,1,1
1SR7,B,1,2
1SR7,B,1,3
1SR7,B,1,4
1SR7,B,1,5
1SR7,B,1,6
1SR7,B,1,7
1SR7,B,1,8
1SR7,B,1,258
1SR7,B,1,259
1T5Z,A,1,251
1T5Z,B,1,1
1T5Z,B,1,2
1T5Z,B,1,3
1T5Z,B,1,15
1T63,A,1,251
1T65,B,1,1
1T65,B,1,9
1T65,B,1,10
1T65,B,1,11
1T65,B,1,12
1T65,B,1,13
1TFC,A,1,1
1TFC,A,1,2
1TFC,A,1,3
1TFC,A,1,4
1TFC,A,1,5
1TFC,A,1,6
1TFC,A,1,7
1TFC,A,1,8
1TFC,A,1,9
1TFC,A,1,10
1TFC,A,1,11
1TFC,A,1,12
1TFC,A,1,13
1TFC,A,1,14
1TFC,A,1,15
1TFC,A,1,16
1TFC,A,1,17
1TFC,A,1,18
1TFC,A,1,19
1TFC,A,1,20
1TFC,A,1,21
1TFC,A,1,22
1TFC,A,1,23
1TFC,A,1,24
1TFC,A,1,25
1TFC,B,1,1
1TFC,B,1,2
1TFC,B,1,3
1TFC,B,1,4
1TFC,B,1,5
1TFC,B,1,6
1TFC,B,1,7
1TFC,B,1,8
1TFC,B,1,9
1TFC,B,1,10
1TFC,B,1,11
1TFC,B,1,12
1TFC,B,1,13
1TFC,B,1,14
1TFC,B,1,15
1TFC,B,1,16
1TFC,B,1,17
1TFC,B,1,18
1TFC,B,1,19
1TFC,B,1,20
1TFC,B,1,21
1TFC,B,1,22
1TFC,B,1,23
1TFC,B,1,24
1TFC,B,1,25
1TFC,B,1,251
1TFC,C,1,1
1TFC,C,1,13
1TFC,C,1,14
1TFC,C,1,15
1TFC,D,1,1
1TFC,D,1,12
1TFC,D,1,13
1TFC,D,1,14
1TFC,D,1,15
1TXI,A,1,1
1TXI,A,1,2
1TXI,A,1,3
1TXI,A,1,4
1TXI,A,1,5
1TXI,A,1,6
1TXI,A,1,211
1TXI,A,1,212
1TXI,A,1,213
1TXI,A,1,260
1TXI,A,1,261
1TXI,A,1,262
1TXI,A,1,263
1U3Q,A,1,1
1U3Q,A,1,2
1U3Q,A,1,152
1U3Q,A,1,153
1U3Q,A,1,154
1U3Q,A,1,155
1U3Q,A,1,156
1U3Q,A,1,157
1U3Q,A,1,158
1U3Q,A,1,159
1U3Q,A,1,160
1U3Q,A,1,238
1U3Q,A,1,239
1U3Q,A,1,240
1U3Q,B,1,151
1U3Q,B,1,152
1U3Q,B,1,153
1U3Q,B,1,154
1U3Q,B,1,155
1U3Q,B,1,156
1U3Q,B,1,157
1U3Q,B,1,158
1U3Q,B,1,159
1U3Q,B,1,160
1U3Q,B,1,238
1U3Q,B,1,239
1U3Q,B,1,240
1U3Q,C,1,1
1U3Q,C,1,2
1U3Q,C,1,152
1U3Q,C,1,153
1U3Q,C,1,154
1U3Q,C,1,155
1U3Q,C,1,156
1U3Q,C,1,157
1U3Q,C,1,158
1U3Q,C,1,159
1U3Q,C,1,160
1U3Q,C,1,238
1U3Q,C,1,239
1U3Q,C,1,240
1U3Q,D,1,1
1U3Q,D,1,2
1U3Q,D,1,152
1U3Q,D,1,153
1U3Q,D,1,154
1U3Q,D,1,155
1U3Q,D,1,156
1U3Q,D,1,157
1U3Q,D,1,158
1U3Q,D,1,159
1U3Q,D,1,160
1U3Q,D,1,238
1U3Q,D,1,239
1U3Q,D,1,240
1U3R,A,1,1
1U3R,A,1,2
1U3R,A,1,151
1U3R,A,1,152
1U3R,A,1,153
1U3R,A,1,154
1U3R,A,1,155
1U3R,A,1,156
1U3R,A,1,157
1U3R,A,1,241
1U3R,B,1,1
1U3R,B,1,2
1U3R,B,1,3
1U3R,B,1,4
1U3R,C,1,1
1U3R,C,1,2
1U3R,C,1,150
1U3R,C,1,151
1U3R,C,1,152
1U3R,C,1,153
1U3R,C,1,154
1U3R,C,1,155
1U3R,C,1,156
1U3R,C,1,157
1U3R,C,1,158
1U3R,C,1,159
1U3R,C,1,160
1U3R,C,1,161
1U3R,D,1,1
1U3R,D,1,2
1U3R,D,1,3
1U3R,D,1,4
1U3S,A,1,1
1U3S,A,1,2
1U3S,A,1,152
1U3S,A,1,153
1U3S,A,1,154
1U3S,A,1,155
1U3S,A,1,156
1U3S,A,1,157
1U3S,A,1,158
1U3S,A,1,159
1U3S,A,1,238
1U3S,A,1,239
1U3S,A,1,240
1U3S,B,1,1
1U3S,B,1,2
1U3S,B,1,3
1U3S,B,1,4
1U3S,C,1,1
1U3S,C,1,2
1U3S,C,1,150
1U3S,C,1,151
1U3S,C,1,152
1U3S,C,1,153
1U3S,C,1,154
1U3S,C,1,155
1U3S,C,1,156
1U3S,C,1,157
1U3S,C,1,158
1U3S,C,1,159
1U3S,C,1,160
1U3S,C,1,161
1U3S,C,1,238
1U3S,C,1,239
1U3S,C,1,240
1U3S,D,1,1
1U3S,D,1,2
1U3S,D,1,3
1U3S,D,1,4
1U9E,A,1,1
1U9E,A,1,2
1U9E,A,1,150
1U9E,A,1,151
1U9E,A,1,152
1U9E,A,1,153
1U9E,A,1,154
1U9E,A,1,155
1U9E,A,1,156
1U9E,A,1,157
1U9E,A,1,158
1U9E,A,1,159
1U9E,A,1,160
1U9E,A,1,161
1U9E,A,1,238
1U9E,A,1,239
1U9E,A,1,240
1U9E,A,1,241
1U9E,B,1,1
1U9E,B,1,2
1U9E,B,1,151
1U9E,B,1,152
1U9E,B,1,153
1U9E,B,1,154
1U9E,B,1,155
1U9E,B,1,156
1U9E,B,1,157
1U9E,B,1,158
1U9E,B,1,159
1U9E,B,1,160
1U9E,B,1,161
1UHL,A,1,17
1UHL,A,1,18
1UHL,A,1,19
1UHL,A,1,20
1UHL,A,1,21
1UHL,A,1,22
1UHL,A,1,23
1UHL,A,1,24
1UHL,A,1,25
1UHL,A,1,26
1UHL,A,1,27
1UHL,A,1,28
1UHL,A,1,29
1UHL,A,1,30
1UHL,A,1,31
1UHL,A,1,32
1UHL,A,1,33
1UHL,A,1,232
1UHL,A,1,233
1UHL,A,1,234
1UHL,A,1,235
1UHL,A,1,236
1UHL,B,1,25
1UHL,B,1,26
1UHL,B,1,27
1UHL,B,1,28
1UHL,B,1,29
1UHL,B,1,30
1UHL,B,1,31
1UHL,B,1,32
1UHL,B,1,33
1UHL,B,1,34
1UHL,B,1,35
1UHL,B,1,36
1UHL,B,1,37
1UHL,B,1,38
1UHL,B,1,39
1UHL,B,1,40
1UHL,B,1,41
1UHL,B,1,42
1UHL,B,1,110
1UHL,B,1,111
1UHL,B,1,112
1UHL,B,1,241
1UHL,B,1,242
1UHL,C,1,10
1UOM,A,1,1
1UOM,A,1,2
1UOM,A,1,3
1UOM,A,1,4
1UOM,A,1,5
1UOM,A,1,6
1UOM,A,1,7
1UOM,A,1,227
1UOM,A,1,228
1UOM,A,1,229
1UOM,A,1,230
1UOM,A,1,231
1UOM,A,1,232
1UOM,A,1,233
1UOM,A,1,234
1UOM,A,1,235
1UOM,A,1,249
1UOM,A,1,250
1UOM,A,1,251
1UOM,A,1,252
1UOM,A,1,253
1UOM,A,1,254
1UPV,A,1,1
1UPV,A,1,2
1UPV,A,1,3
1UPV,A,1,4
1UPV,A,1,5
1UPV,A,1,6
1UPV,A,1,7
1UPV,A,1,8
1UPV,A,1,9
1UPV,A,1,10
1UPV,A,1,11
1UPV,A,1,12
1UPV,A,1,13
1UPV,A,1,14
1UPV,A,1,34
1UPV,A,1,35
1UPV,A,1,36
1UPV,A,1,37
1UPV,A,1,38
1UPV,A,1,39
1UPV,A,1,40
1UPV,A,1,41
1UPV,A,1,42
1UPV,A,1,43
1UPV,A,1,44
1UPW,A,1,1
1UPW,A,1,2
1UPW,A,1,3
1UPW,A,1,4
1UPW,A,1,5
1UPW,A,1,6
1UPW,A,1,7
1UPW,A,1,8
1UPW,A,1,9
1UPW,A,1,10
1UPW,A,1,11
1UPW,A,1,12
1UPW,A,1,13
1UPW,A,1,14
1UPW,A,1,34
1UPW,A,1,35
1UPW,A,1,36
1UPW,A,1,37
1UPW,A,1,38
1UPW,A,1,39
1UPW,A,1,40
1UPW,A,1,41
1UPW,A,1,42
1UPW,A,1,43
1UPW,A,1,44
1VJB,A,1,1
1VJB,A,1,2
1VJB,A,1,3
1VJB,A,1,4
1VJB,A,1,5
1VJB,A,1,6
1VJB,A,1,7
1VJB,A,1,8
1VJB,A,1,9
1VJB,A,1,10
1VJB,A,1,11
1VJB,A,1,12
1VJB,A,1,13
1VJB,A,1,14
1VJB,A,1,15
1VJB,A,1,16
1VJB,A,1,17
1VJB,A,1,18
1VJB,A,1,19
1VJB,A,1,20
1VJB,A,1,21
1VJB,A,1,22
1VJB,A,1,23
1VJB,A,1,24
1VJB,A,1,25
1VJB,A,1,26
1VJB,A,1,235
1VJB,A,1,236
1VJB,A,1,237
1VJB,A,1,238
1VJB,A,1,239
1VJB,A,1,240
1VJB,A,1,241
1VJB,A,1,242
1VJB,A,1,243
1VJB,A,1,244
1VJB,A,1,245
1VJB,A,1,246
1VJB,A,1,247
1VJB,A,1,248
1VJB,A,1,249
1VJB,A,1,250
1VJB,A,1,251
1VJB,B,1,1
1VJB,B,1,2
1VJB,B,1,3
1VJB,B,1,4
1VJB,B,1,5
1VJB,B,1,6
1VJB,B,1,7
1VJB,B,1,8
1VJB,B,1,9
1VJB,B,1,10
1VJB,B,1,11
1VJB,B,1,12
1VJB,B,1,13
1VJB,B,1,14
1VJB,B,1,15
1VJB,B,1,16
1VJB,B,1,17
1VJB,B,1,18
1VJB,B,1,19
1VJB,B,1,20
1VJB,B,1,21
1VJB,B,1,22
1VJB,B,1,23
1VJB,B,1,24
1VJB,B,1,25
1VJB,B,1,236
1VJB,B,1,237
1VJB,B,1,238
1VJB,B,1,239
1VJB,B,1,240
1VJB,B,1,241
1VJB,B,1,242
1VJB,B,1,243
1VJB,B,1,244
1VJB,B,1,245
1VJB,B,1,246
1VJB,B,1,247
1VJB,B,1,248
1VJB,B,1,249
1VJB,B,1,250
1VJB,B,1,251
1WM0,A,1,1
1WM0,A,1,2
1WM0,A,1,3
1WM0,A,1,4
1WM0,A,1,5
1WM0,A,1,6
1WM0,A,1,7
1WM0,A,1,8
1WM0,A,1,9
1WM0,A,1,10
1WM0,A,1,11
1WM0,A,1,12
1WM0,A,1,13
1WM0,A,1,14
1WM0,A,1,83
1WM0,A,1,84
1WM0,A,1,85
1WM0,A,1,86
1WM0,A,1,87
1WM0,A,1,88
1WM0,B,1,1
1WM0,B,1,2
1WM0,B,1,13
1WM0,B,1,14
1X76,A,1,1
1X76,A,1,2
1X76,A,1,151
1X76,A,1,152
1X76,A,1,153
1X76,A,1,154
1X76,A,1,155
1X76,A,1,156
1X76,A,1,157
1X76,A,1,158
1X76,A,1,159
1X76,A,1,160
1X76,A,1,238
1X76,A,1,239
1X76,A,1,240
1X76,B,1,1
1X76,B,1,2
1X76,B,1,151
1X76,B,1,152
1X76,B,1,153
1X76,B,1,154
1X76,B,1,155
1X76,B,1,156
1X76,B,1,157
1X76,B,1,158
1X76,B,1,159
1X76,B,1,160
1X76,B,1,238
1X76,B,1,239
1X76,B,1,240
1X76,C,1,1
1X76,C,1,2
1X76,C,1,3
1X76,C,1,4
1X76,D,1,1
1X76,D,1,2
1X76,D,1,3
1X76,D,1,4
1X78,A,1,1
1X78,A,1,2
1X78,A,1,151
1X78,A,1,152
1X78,A,1,153
1X78,A,1,154
1X78,A,1,155
1X78,A,1,156
1X78,A,1,157
1X78,A,1,158
1X78,A,1,159
1X78,A,1,160
1X78,B,1,1
1X78,B,1,2
1X78,B,1,151
1X78,B,1,152
1X78,B,1,153
1X78,B,1,154
1X78,B,1,155
1X78,B,1,156
1X78,B,1,157
1X78,B,1,158
1X78,B,1,159
1X78,B,1,160
1X78,C,1,1
1X78,C,1,2
1X78,C,1,3
1X78,C,1,4
1X78,D,1,1
1X78,D,1,2
1X78,D,1,3
1X78,D,1,4
1X7B,A,1,1
1X7B,A,1,2
1X7B,A,1,151
1X7B,A,1,152
1X7B,A,1,153
1X7B,A,1,154
1X7B,A,1,155
1X7B,A,1,156
1X7B,A,1,157
1X7B,A,1,158
1X7B,A,1,159
1X7B,A,1,160
1X7B,B,1,1
1X7B,B,1,2
1X7B,B,1,151
1X7B,B,1,152
1X7B,B,1,153
1X7B,B,1,154
1X7B,B,1,155
1X7B,B,1,156
1X7B,B,1,157
1X7B,B,1,158
1X7B,B,1,159
1X7B,B,1,160
1X7B,B,1,238
1X7B,B,1,239
1X7B,B,1,240
1X7B,C,1,1
1X7B,C,1,2
1X7B,C,1,3
1X7B,D,1,1
1X7B,D,1,2
1X7B,D,1,3
1X7E,A,1,158
1X7E,A,1,159
1X7E,A,1,160
1X7E,A,1,161
1X7E,A,1,162
1X7E,A,1,163
1X7E,A,1,164
1X7E,B,1,158
1X7E,B,1,159
1X7E,B,1,160
1X7E,B,1,161
1X7E,B,1,162
1X7E,B,1,163
1X7E,B,1,164
1X7E,C,1,1
1X7E,C,1,13
1X7E,D,1,1
1X7E,D,1,13
1X7J,A,1,1
1X7J,A,1,2
1X7J,A,1,151
1X7J,A,1,152
1X7J,A,1,153
1X7J,A,1,154
1X7J,A,1,155
1X7J,A,1,156
1X7J,A,1,157
1X7J,A,1,158
1X7J,A,1,159
1X7J,A,1,160
1X7J,A,1,238
1X7J,A,1,239
1X7J,A,1,240
1X7J,B,1,1
1X7J,B,1,2
1X7J,B,1,151
1X7J,B,1,152
1X7J,B,1,153
1X7J,B,1,154
1X7J,B,1,155
1X7J,B,1,156
1X7J,B,1,157
1X7J,B,1,158
1X7J,B,1,159
1X7J,B,1,160
1X7J,B,1,238
1X7J,B,1,239
1X7J,B,1,240
1X7J,C,1,1
1X7J,C,1,2
1X7J,C,1,3
1X7J,D,1,1
1X7J,D,1,2
1X7J,D,1,3
1X7R,A,1,1
1X7R,A,1,27
1X7R,A,1,28
1X7R,A,1,29
1X7R,A,1,30
1X7R,A,1,31
1X7R,A,1,32
1X7R,A,1,33
1X7R,A,1,244
1X7R,A,1,245
1X7R,B,1,1
1X7R,B,1,11
1X7R,B,1,12
1X7R,B,1,13
1XAP,A,1,1
1XAP,A,1,2
1XAP,A,1,3
1XAP,A,1,4
1XAP,A,1,5
1XAP,A,1,6
1XAP,A,1,7
1XAP,A,1,8
1XAP,A,1,9
1XAP,A,1,10
1XAP,A,1,11
1XAP,A,1,12
1XAP,A,1,13
1XAP,A,1,14
1XAP,A,1,15
1XAP,A,1,16
1XAP,A,1,17
1XAP,A,1,18
1XAP,A,1,19
1XAP,A,1,20
1XAP,A,1,21
1XAP,A,1,22
1XAP,A,1,23
1XAP,A,1,24
1XAP,A,1,25
1XAP,A,1,26
1XAP,A,1,27
1XAP,A,1,215
1XAP,A,1,216
1XAP,A,1,217
1XAP,A,1,263
1XAP,A,1,264
1XAP,A,1,265
1XAP,A,1,266
1XAP,A,1,267
1XB7,A,1,1
1XB7,A,1,2
1XB7,A,1,3
1XB7,A,1,4
1XB7,A,1,5
1XB7,A,1,6
1XB7,A,1,7
1XB7,A,1,8
1XB7,A,1,9
1XB7,A,1,37
1XB7,A,1,38
1XB7,A,1,39
1XB7,A,1,40
1XB7,A,1,41
1XB7,A,1,42
1XB7,A,1,43
1XB7,A,1,44
1XB7,A,1,45
1XB7,A,1,46
1XB7,A,1,47
1XB7,A,1,190
1XB7,A,1,191
1XB7,A,1,192
1XB7,A,1,193
1XB7,A,1,194
1XB7,A,1,195
1XB7,A,1,196
1XB7,A,1,197
1XB7,A,1,198
1XB7,A,1,245
1XB7,A,1,246
1XB7,A,1,247
1XB7,B,1,1
1XB7,B,1,2
1XB7,B,1,3
1XJ7,A,1,257
1XLS,I,1,17
1XLS,I,1,18
1XLS,J,1,17
1XLS,J,1,18
1XLS,K,1,17
1XLS,K,1,18
1XLS,L,1,17
1XLS,L,1,18
1XOW,A,1,174
1XOW,A,1,175
1XOW,A,1,176
1XOW,A,1,177
1XOW,A,1,178
1XOW,A,1,179
1XOW,B,1,1
1XP1,A,1,246
1XP1,A,1,247
1XP1,A,1,248
1XP6,A,1,246
1XP6,A,1,247
1XP6,A,1,248
1XP9,A,1,246
1XP9,A,1,247
1XP9,A,1,248
1XPC,A,1,246
1XPC,A,1,247
1XPC,A,1,248
1XQ3,A,1,174
1XQ3,A,1,175
1XQ3,A,1,176
1XQ3,A,1,177
1XQ3,A,1,178
1XQ3,A,1,179
1XQC,A,1,1
1XQC,A,1,2
1XQC,A,1,3
1XQC,A,1,4
1XQC,A,1,5
1XQC,A,1,6
1XQC,A,1,7
1XQC,A,1,32
1XQC,A,1,33
1XQC,A,1,34
1XQC,A,1,35
1XQC,A,1,36
1XQC,A,1,37
1XQC,A,1,38
1XQC,A,1,39
1XQC,A,1,40
1XQC,A,1,41
1XQC,A,1,163
1XQC,A,1,164
1XQC,A,1,230
1XQC,A,1,231
1XQC,A,1,232
1XQC,A,1,233
1XQC,A,1,234
1XQC,A,1,235
1XQC,A,1,250
1XQC,A,1,251
1XQC,A,1,252
1XQC,A,1,253
1XQC,A,1,254
1XQC,B,1,1
1XQC,B,1,2
1XQC,B,1,3
1XQC,B,1,4
1XQC,B,1,5
1XQC,B,1,6
1XQC,B,1,7
1XQC,B,1,32
1XQC,B,1,33
1XQC,B,1,34
1XQC,B,1,35
1XQC,B,1,36
1XQC,B,1,37
1XQC,B,1,38
1XQC,B,1,39
1XQC,B,1,40
1XQC,B,1,41
1XQC,B,1,163
1XQC,B,1,164
1XQC,B,1,227
1XQC,B,1,228
1XQC,B,1,229
1XQC,B,1,230
1XQC,B,1,231
1XQC,B,1,232
1XQC,B,1,233
1XQC,B,1,234
1XQC,B,1,235
1XQC,B,1,250
1XQC,B,1,251
1XQC,B,1,252
1XQC,B,1,253
1XQC,B,1,254
1XQC,C,1,1
1XQC,C,1,2
1XQC,C,1,3
1XQC,C,1,4
1XQC,C,1,5
1XQC,C,1,6
1XQC,C,1,7
1XQC,C,1,32
1XQC,C,1,33
1XQC,C,1,34
1XQC,C,1,35
1XQC,C,1,36
1XQC,C,1,37
1XQC,C,1,38
1XQC,C,1,39
1XQC,C,1,40
1XQC,C,1,41
1XQC,C,1,163
1XQC,C,1,164
1XQC,C,1,230
1XQC,C,1,231
1XQC,C,1,232
1XQC,C,1,233
1XQC,C,1,234
1XQC,C,1,235
1XQC,C,1,250
1XQC,C,1,251
1XQC,C,1,252
1XQC,C,1,253
1XQC,C,1,254
1XQC,D,1,1
1XQC,D,1,2
1XQC,D,1,3
1XQC,D,1,4
1XQC,D,1,5
1XQC,D,1,6
1XQC,D,1,7
1XQC,D,1,32
1XQC,D,1,33
1XQC,D,1,34
1XQC,D,1,35
1XQC,D,1,36
1XQC,D,1,37
1XQC,D,1,38
1XQC,D,1,39
1XQC,D,1,40
1XQC,D,1,41
1XQC,D,1,163
1XQC,D,1,164
1XQC,D,1,227
1XQC,D,1,228
1XQC,D,1,229
1XQC,D,1,230
1XQC,D,1,231
1XQC,D,1,232
1XQC,D,1,233
1XQC,D,1,234
1XQC,D,1,235
1XQC,D,1,250
1XQC,D,1,251
1XQC,D,1,252
1XQC,D,1,253
1XQC,D,1,254
1XV9,A,1,233
1XV9,A,1,234
1XV9,A,1,235
1XV9,A,1,236
1XV9,C,1,233
1XV9,C,1,234
1XV9,C,1,235
1XV9,C,1,236
1XV9,E,1,1
1XV9,E,1,2
1XV9,E,1,13
1XV9,F,1,1
1XV9,G,1,13
1XV9,H,1,13
1XVP,A,1,233
1XVP,A,1,234
1XVP,A,1,235
1XVP,A,1,236
1XVP,E,1,1
1XVP,E,1,2
1XVP,E,1,13
1XVP,F,1,1
1XVP,G,1,13
1XVP,H,1,13
1XZX,A,1,1
1XZX,A,1,2
1XZX,A,1,3
1XZX,A,1,4
1XZX,A,1,5
1XZX,A,1,6
1XZX,A,1,7
1XZX,A,1,8
1XZX,A,1,9
1XZX,A,1,10
1XZX,A,1,11
1XZX,A,1,12
1XZX,A,1,13
1XZX,A,1,14
1XZX,A,1,15
1XZX,A,1,16
1XZX,A,1,17
1XZX,A,1,18
1XZX,A,1,19
1XZX,A,1,72
1XZX,A,1,73
1XZX,A,1,74
1XZX,A,1,75
1XZX,A,1,76
1XZX,A,1,77
1XZX,A,1,78
1XZX,A,1,79
1XZX,A,1,80
1XZX,A,1,81
1XZX,A,1,82
1XZX,A,1,83
1XZX,A,1,281
1Y0S,A,1,35
1Y0S,A,1,36
1Y0S,A,1,37
1Y0S,A,1,38
1Y0S,A,1,39
1Y0S,A,1,60
1Y0S,A,1,61
1Y0S,A,1,62
1Y0S,A,1,63
1Y0S,A,1,64
1Y0S,A,1,271
1Y0S,A,1,272
1Y0S,B,1,1
1Y0S,B,1,2
1Y0S,B,1,3
1Y0S,B,1,35
1Y0S,B,1,36
1Y0S,B,1,37
1Y0S,B,1,38
1Y0S,B,1,39
1Y0S,B,1,60
1Y0S,B,1,61
1Y0S,B,1,62
1Y0S,B,1,63
1Y0S,B,1,64
1Y0S,B,1,272
1Y0X,A,1,1
1Y0X,A,1,2
1Y0X,A,1,3
1Y0X,A,1,4
1Y0X,A,1,5
1Y0X,A,1,6
1Y0X,A,1,7
1Y0X,A,1,8
1Y0X,A,1,9
1Y0X,A,1,10
1Y0X,A,1,11
1Y0X,A,1,12
1Y0X,A,1,13
1Y0X,A,1,14
1Y0X,A,1,15
1Y0X,A,1,16
1Y0X,A,1,17
1Y0X,A,1,18
1Y0X,A,1,72
1Y0X,A,1,73
1Y0X,A,1,74
1Y0X,A,1,75
1Y0X,A,1,76
1Y0X,A,1,77
1Y0X,A,1,78
1Y0X,A,1,79
1Y0X,A,1,80
1Y0X,A,1,81
1Y0X,A,1,82
1Y0X,A,1,83
1Y0X,A,1,281
1Y9R,A,1,1
1Y9R,A,1,2
1Y9R,A,1,3
1Y9R,A,1,4
1Y9R,A,1,5
1Y9R,A,1,6
1Y9R,A,1,7
1Y9R,A,1,180
1Y9R,A,1,181
1Y9R,A,1,182
1Y9R,A,1,183
1Y9R,A,1,184
1Y9R,A,1,185
1Y9R,A,1,186
1Y9R,A,1,187
1Y9R,A,1,255
1Y9R,B,1,1
1Y9R,B,1,2
1Y9R,B,1,3
1Y9R,B,1,4
1Y9R,B,1,5
1Y9R,B,1,6
1Y9R,B,1,7
1Y9R,B,1,180
1Y9R,B,1,181
1Y9R,B,1,182
1Y9R,B,1,183
1Y9R,B,1,184
1Y9R,B,1,185
1Y9R,B,1,186
1Y9R,B,1,187
1Y9R,B,1,188
1Y9R,B,1,189
1YA3,A,1,1
1YA3,A,1,2
1YA3,A,1,3
1YA3,A,1,4
1YA3,A,1,5
1YA3,A,1,6
1YA3,A,1,7
1YA3,A,1,26
1YA3,A,1,27
1YA3,A,1,28
1YA3,A,1,29
1YA3,A,1,30
1YA3,A,1,180
1YA3,A,1,181
1YA3,A,1,182
1YA3,A,1,183
1YA3,A,1,184
1YA3,A,1,185
1YA3,A,1,186
1YA3,A,1,187
1YA3,A,1,254
1YA3,A,1,255
1YA3,B,1,1
1YA3,B,1,2
1YA3,B,1,3
1YA3,B,1,4
1YA3,B,1,5
1YA3,B,1,6
1YA3,B,1,7
1YA3,B,1,8
1YA3,B,1,24
1YA3,B,1,25
1YA3,B,1,26
1YA3,B,1,27
1YA3,B,1,28
1YA3,B,1,29
1YA3,B,1,30
1YA3,B,1,180
1YA3,B,1,181
1YA3,B,1,182
1YA3,B,1,183
1YA3,B,1,184
1YA3,B,1,185
1YA3,B,1,186
1YA3,B,1,187
1YA3,B,1,254
1YA3,B,1,255
1YA3,C,1,1
1YA3,C,1,2
1YA3,C,1,3
1YA3,C,1,4
1YA3,C,1,5
1YA3,C,1,6
1YA3,C,1,7
1YA3,C,1,18
1YA3,C,1,19
1YA3,C,1,20
1YA3,C,1,28
1YA3,C,1,29
1YA3,C,1,30
1YA3,C,1,180
1YA3,C,1,181
1YA3,C,1,182
1YA3,C,1,183
1YA3,C,1,184
1YA3,C,1,185
1YA3,C,1,186
1YA3,C,1,187
1YA3,C,1,254
1YA3,C,1,255
1YIM,A,1,246
1YIM,A,1,247
1YIM,A,1,248
1YIN,A,1,223
1YIN,A,1,224
1YIN,A,1,225
1YIN,A,1,226
1YIN,A,1,246
1YIN,A,1,247
1YIN,A,1,248
1YNW,C,1,1
1YNW,C,1,2
1YNW,C,1,99
1YNW,C,1,100
1YNW,C,1,101
1YNW,C,1,102
1YNW,C,1,103
1YNW,C,1,104
1YNW,C,1,105
1YNW,C,1,106
1YNW,C,1,107
1YNW,C,1,108
1YNW,C,1,109
1YNW,C,1,110
1YNW,D,1,1
1YNW,D,1,2
1YNW,D,1,3
1YNW,D,1,4
1YNW,D,1,78
1YNW,D,1,79
1YNW,D,1,80
1YNW,D,1,81
1YNW,D,1,82
1YNW,D,1,83
1YNW,D,1,84
1YNW,D,1,85
1YNW,D,1,86
1YNW,D,1,87
1YNW,D,1,88
1YNW,D,1,89
1YNW,D,1,90
1YNW,D,1,91
1YNW,D,1,92
1YNW,D,1,93
1YNW,D,1,94
1YNW,D,1,95
1YNW,D,1,96
1YNW,D,1,97
1YNW,D,1,98
1YNW,D,1,99
1YOK,A,1,1
1YOK,A,1,2
1YOK,A,1,3
1YOK,A,1,4
1YOK,A,1,5
1YOK,A,1,6
1YOK,A,1,7
1YOK,A,1,8
1YOK,A,1,9
1YOK,A,1,10
1YOK,A,1,11
1YOK,A,1,12
1YOK,A,1,13
1YOK,A,1,14
1YOK,A,1,50
1YOK,A,1,51
1YOK,A,1,52
1YOK,A,1,254
1YOK,A,1,255
1YOK,A,1,256
1YOK,B,1,1
1YOK,B,1,2
1YOK,B,1,14
1YOW,A,1,1
1YOW,A,1,32
1YOW,A,1,33
1YOW,A,1,34
1YOW,A,1,35
1YOW,A,1,36
1YOW,A,1,37
1YOW,A,1,38
1YOW,A,1,39
1YOW,A,1,240
1YOW,A,1,241
1YOW,A,1,242
1YUC,A,1,1
1YUC,A,1,2
1YUC,A,1,3
1YUC,A,1,4
1YUC,A,1,5
1YUC,A,1,6
1YUC,A,1,7
1YUC,A,1,8
1YUC,A,1,9
1YUC,A,1,10
1YUC,A,1,11
1YUC,A,1,12
1YUC,A,1,253
1YUC,A,1,254
1YUC,A,1,255
1YUC,B,1,1
1YUC,B,1,2
1YUC,B,1,3
1YUC,B,1,4
1YUC,B,1,5
1YUC,B,1,6
1YUC,B,1,7
1YUC,B,1,8
1YUC,B,1,9
1YUC,B,1,10
1YUC,B,1,11
1YUC,B,1,12
1YUC,B,1,13
1YUC,B,1,254
1YUC,B,1,255
1YUC,D,1,1
1YUC,D,1,2
1YUC,D,1,14
1YY4,A,1,149
1YY4,A,1,150
1YY4,A,1,151
1YY4,A,1,152
1YY4,A,1,153
1YY4,A,1,154
1YY4,A,1,155
1YY4,A,1,156
1YY4,A,1,157
1YY4,A,1,158
1YY4,A,1,236
1YY4,A,1,237
1YY4,A,1,238
1YY4,A,1,239
1YY4,A,1,240
1YY4,A,1,241
1YY4,A,1,242
1YY4,A,1,243
1YY4,A,1,244
1YY4,A,1,245
1YY4,A,1,246
1YY4,A,1,247
1YY4,A,1,248
1YY4,A,1,249
1YY4,A,1,250
1YY4,A,1,251
1YY4,A,1,252
1YY4,A,1,253
1YY4,A,1,254
1YY4,A,1,255
1YY4,A,1,256
1YY4,A,1,257
1YY4,A,1,258
1YY4,A,1,259
1YY4,A,1,260
1YY4,A,1,261
1YY4,A,1,262
1YY4,A,1,263
1YY4,A,1,264
1YY4,A,1,265
1YY4,A,1,266
1YY4,A,1,267
1YY4,A,1,268
1YY4,B,1,149
1YY4,B,1,150
1YY4,B,1,151
1YY4,B,1,152
1YY4,B,1,153
1YY4,B,1,154
1YY4,B,1,155
1YY4,B,1,156
1YY4,B,1,157
1YY4,B,1,158
1YY4,B,1,236
1YY4,B,1,237
1YY4,B,1,238
1YY4,B,1,239
1YY4,B,1,240
1YY4,B,1,241
1YY4,B,1,242
1YY4,B,1,243
1YY4,B,1,244
1YY4,B,1,245
1YY4,B,1,246
1YY4,B,1,247
1YY4,B,1,248
1YY4,B,1,249
1YY4,B,1,250
1YY4,B,1,251
1YY4,B,1,252
1YY4,B,1,253
1YY4,B,1,254
1YY4,B,1,255
1YY4,B,1,256
1YY4,B,1,257
1YY4,B,1,258
1YY4,B,1,259
1YY4,B,1,260
1YY4,B,1,261
1YY4,B,1,262
1YY4,B,1,263
1YY4,B,1,264
1YY4,B,1,265
1YY4,B,1,266
1YY4,B,1,267
1YY4,B,1,268
1YY4,C,1,1
1YY4,C,1,2
1YY4,C,1,3
1YY4,C,1,4
1YY4,D,1,1
1YY4,D,1,2
1YY4,D,1,3
1YY4,D,1,4
1YYE,A,1,149
1YYE,A,1,150
1YYE,A,1,151
1YYE,A,1,152
1YYE,A,1,153
1YYE,A,1,154
1YYE,A,1,155
1YYE,A,1,156
1YYE,A,1,157
1YYE,A,1,158
1YYE,A,1,239
1YYE,A,1,240
1YYE,A,1,241
1YYE,A,1,242
1YYE,A,1,243
1YYE,A,1,244
1YYE,A,1,245
1YYE,A,1,246
1YYE,A,1,247
1YYE,A,1,248
1YYE,A,1,249
1YYE,A,1,250
1YYE,A,1,251
1YYE,A,1,252
1YYE,A,1,253
1YYE,A,1,254
1YYE,A,1,255
1YYE,A,1,256
1YYE,A,1,257
1YYE,A,1,258
1YYE,A,1,259
1YYE,A,1,260
1YYE,A,1,261
1YYE,A,1,262
1YYE,A,1,263
1YYE,A,1,264
1YYE,A,1,265
1YYE,A,1,266
1YYE,A,1,267
1YYE,A,1,268
1YYE,B,1,149
1YYE,B,1,150
1YYE,B,1,151
1YYE,B,1,152
1YYE,B,1,153
1YYE,B,1,154
1YYE,B,1,155
1YYE,B,1,156
1YYE,B,1,157
1YYE,B,1,158
1YYE,B,1,235
1YYE,B,1,236
1YYE,B,1,237
1YYE,B,1,238
1YYE,B,1,239
1YYE,B,1,240
1YYE,B,1,241
1YYE,B,1,242
1YYE,B,1,243
1YYE,B,1,244
1YYE,B,1,245
1YYE,B,1,246
1YYE,B,1,247
1YYE,B,1,248
1YYE,B,1,249
1YYE,B,1,250
1YYE,B,1,251
1YYE,B,1,252
1YYE,B,1,253
1YYE,B,1,254
1YYE,B,1,255
1YYE,B,1,256
1YYE,B,1,257
1YYE,B,1,258
1YYE,B,1,259
1YYE,B,1,260
1YYE,B,1,261
1YYE,B,1,262
1YYE,B,1,263
1YYE,B,1,264
1YYE,B,1,265
1YYE,B,1,266
1YYE,B,1,267
1YYE,B,1,268
1YYE,C,1,1
1YYE,C,1,2
1YYE,C,1,3
1YYE,D,1,1
1YYE,D,1,2
1YYE,D,1,3
1Z95,A,1,173
1Z95,A,1,174
1Z95,A,1,175
1Z95,A,1,176
1Z95,A,1,177
1Z95,A,1,178
1Z95,A,1,179
1Z95,A,1,180
1ZAF,A,1,149
1ZAF,A,1,150
1ZAF,A,1,151
1ZAF,A,1,152
1ZAF,A,1,153
1ZAF,A,1,154
1ZAF,A,1,155
1ZAF,A,1,156
1ZAF,A,1,157
1ZAF,A,1,158
1ZAF,B,1,149
1ZAF,B,1,150
1ZAF,B,1,151
1ZAF,B,1,152
1ZAF,B,1,153
1ZAF,B,1,154
1ZAF,B,1,155
1ZAF,B,1,156
1ZAF,B,1,157
1ZAF,B,1,158
1ZDT,A,1,29
1ZDT,A,1,30
1ZDT,A,1,31
1ZDT,A,1,32
1ZDT,A,1,33
1ZDT,A,1,34
1ZDT,A,1,35
1ZDT,A,1,241
1ZDT,B,1,240
1ZDT,B,1,241
1ZDT,D,1,12
1ZDU,A,1,1
1ZDU,A,1,2
1ZDU,A,1,35
1ZDU,A,1,36
1ZDU,A,1,37
1ZDU,A,1,38
1ZDU,A,1,39
1ZDU,A,1,40
1ZDU,A,1,41
1ZDU,A,1,243
1ZDU,A,1,244
1ZDU,A,1,245
1ZDU,C,1,1
1ZEO,A,1,1
1ZEO,A,1,2
1ZEO,A,1,3
1ZEO,A,1,4
1ZEO,A,1,5
1ZEO,A,1,6
1ZEO,A,1,64
1ZEO,A,1,65
1ZEO,A,1,66
1ZEO,A,1,67
1ZEO,A,1,68
1ZEO,A,1,69
1ZEO,A,1,70
1ZEO,A,1,71
1ZEO,B,1,1
1ZEO,B,1,2
1ZEO,B,1,3
1ZEO,B,1,4
1ZEO,B,1,5
1ZEO,B,1,6
1ZEO,B,1,41
1ZEO,B,1,42
1ZEO,B,1,61
1ZEO,B,1,62
1ZEO,B,1,63
1ZEO,B,1,64
1ZEO,B,1,65
1ZEO,B,1,66
1ZEO,B,1,67
1ZEO,B,1,68
1ZEO,B,1,69
1ZEO,B,1,70
1ZEO,B,1,71
1ZEO,B,1,72
1ZEO,B,1,73
1ZEO,B,1,74
1ZEO,B,1,75
1ZEO,B,1,261
1ZEO,B,1,262
1ZEO,B,1,263
1ZEO,B,1,264
1ZEO,B,1,265
1ZEO,B,1,276
1ZEO,B,1,277
1ZGY,B,1,1
1ZGY,B,1,2
1ZGY,B,1,3
1ZGY,B,1,16
1ZGY,B,1,17
1ZKY,A,1,1
1ZKY,A,1,2
1ZKY,A,1,3
1ZKY,A,1,4
1ZKY,A,1,5
1ZKY,A,1,6
1ZKY,A,1,165
1ZKY,A,1,166
1ZKY,A,1,167
1ZKY,A,1,168
1ZKY,A,1,169
1ZKY,A,1,170
1ZKY,A,1,171
1ZKY,A,1,253
1ZKY,A,1,254
1ZKY,A,1,255
1ZKY,A,1,256
1ZKY,A,1,257
1ZKY,B,1,1
1ZKY,B,1,2
1ZKY,B,1,3
1ZKY,B,1,4
1ZKY,B,1,5
1ZKY,B,1,6
1ZKY,B,1,7
1ZKY,B,1,253
1ZKY,B,1,254
1ZKY,B,1,255
1ZKY,B,1,256
1ZKY,B,1,257
1ZKY,C,1,1
1ZKY,C,1,12
1ZKY,C,1,13
1ZKY,D,1,1
1ZKY,D,1,2
1ZKY,D,1,12
1ZKY,D,1,13
1ZUC,A,1,1
1ZUC,A,1,2
1ZUC,A,1,3
1ZUC,A,1,4
1ZUC,A,1,5
1ZUC,A,1,6
1ZUC,A,1,7
1ZUC,A,1,259
1ZUC,B,1,1
1ZUC,B,1,2
1ZUC,B,1,3
1ZUC,B,1,4
1ZUC,B,1,5
1ZUC,B,1,6
1ZUC,B,1,7
1ZUC,B,1,259
29OB,A,1,229
29OB,A,1,230
29OB,A,1,231
29OB,A,1,232
29OB,A,1,233
29OB,A,1,234
29OB,A,1,235
29OB,A,1,236
29OB,A,1,237
29OB,A,1,238
29OB,A,1,239
29OB,A,1,240
29OB,A,1,241
29OB,A,1,242
29OB,A,1,243
2AA2,A,1,1
2AA2,A,1,2
2AA2,A,1,3
2AA2,A,1,4
2AA2,A,1,5
2AA2,A,1,6
2AA2,A,1,7
2AA2,A,1,8
2AA2,A,1,9
2AA2,A,1,10
2AA2,A,1,11
2AA2,A,1,12
2AA2,A,1,13
2AA2,A,1,14
2AA2,A,1,15
2AA2,A,1,16
2AA2,A,1,17
2AA2,A,1,200
2AA2,A,1,201
2AA2,A,1,202
2AA2,A,1,203
2AA2,A,1,204
2AA2,A,1,275
2AA5,A,1,1
2AA5,A,1,2
2AA5,A,1,3
2AA5,A,1,4
2AA5,A,1,5
2AA5,A,1,6
2AA5,A,1,7
2AA5,A,1,8
2AA5,A,1,9
2AA5,A,1,10
2AA5,A,1,11
2AA5,A,1,12
2AA5,A,1,202
2AA5,A,1,203
2AA5,A,1,204
2AA5,A,1,205
2AA5,A,1,206
2AA5,A,1,207
2AA5,A,1,274
2AA5,A,1,275
2AA5,B,1,1
2AA5,B,1,2
2AA5,B,1,3
2AA5,B,1,4
2AA5,B,1,5
2AA5,B,1,6
2AA5,B,1,7
2AA5,B,1,8
2AA5,B,1,9
2AA5,B,1,10
2AA5,B,1,11
2AA5,B,1,12
2AA5,B,1,13
2AA5,B,1,199
2AA5,B,1,200
2AA5,B,1,201
2AA5,B,1,202
2AA5,B,1,203
2AA5,B,1,274
2AA5,B,1,275
2AA6,A,1,1
2AA6,A,1,2
2AA6,A,1,3
2AA6,A,1,4
2AA6,A,1,5
2AA6,A,1,6
2AA6,A,1,7
2AA6,A,1,8
2AA6,A,1,9
2AA6,A,1,10
2AA6,A,1,11
2AA6,A,1,12
2AA6,A,1,202
2AA6,A,1,274
2AA6,A,1,275
2AA6,B,1,1
2AA6,B,1,2
2AA6,B,1,3
2AA6,B,1,4
2AA6,B,1,5
2AA6,B,1,6
2AA6,B,1,7
2AA6,B,1,8
2AA6,B,1,9
2AA6,B,1,10
2AA6,B,1,11
2AA6,B,1,12
2AA6,B,1,200
2AA6,B,1,201
2AA6,B,1,274
2AA6,B,1,275
2AA7,A,1,1
2AA7,A,1,2
2AA7,A,1,3
2AA7,A,1,4
2AA7,A,1,5
2AA7,A,1,6
2AA7,A,1,7
2AA7,A,1,8
2AA7,A,1,9
2AA7,A,1,10
2AA7,A,1,11
2AA7,A,1,12
2AA7,A,1,13
2AA7,A,1,14
2AA7,A,1,15
2AA7,A,1,16
2AA7,A,1,17
2AA7,A,1,201
2AA7,A,1,202
2AA7,A,1,203
2AA7,A,1,204
2AA7,A,1,275
2AAX,A,1,1
2AAX,A,1,2
2AAX,A,1,3
2AAX,A,1,4
2AAX,A,1,5
2AAX,A,1,6
2AAX,A,1,7
2AAX,A,1,8
2AAX,A,1,9
2AAX,A,1,10
2AAX,A,1,11
2AAX,A,1,12
2AAX,A,1,202
2AAX,A,1,275
2AAX,B,1,1
2AAX,B,1,2
2AAX,B,1,3
2AAX,B,1,4
2AAX,B,1,5
2AAX,B,1,6
2AAX,B,1,7
2AAX,B,1,8
2AAX,B,1,9
2AAX,B,1,10
2AAX,B,1,11
2AAX,B,1,12
2AAX,B,1,13
2AAX,B,1,200
2AAX,B,1,201
2AAX,B,1,202
2AAX,B,1,274
2AAX,B,1,275
2AB2,A,1,1
2AB2,A,1,2
2AB2,A,1,3
2AB2,A,1,4
2AB2,A,1,5
2AB2,A,1,6
2AB2,A,1,7
2AB2,A,1,8
2AB2,A,1,9
2AB2,A,1,10
2AB2,A,1,11
2AB2,A,1,12
2AB2,A,1,13
2AB2,A,1,202
2AB2,A,1,274
2AB2,A,1,275
2AB2,B,1,1
2AB2,B,1,2
2AB2,B,1,3
2AB2,B,1,4
2AB2,B,1,5
2AB2,B,1,6
2AB2,B,1,7
2AB2,B,1,8
2AB2,B,1,9
2AB2,B,1,10
2AB2,B,1,11
2AB2,B,1,12
2AB2,B,1,13
2AB2,B,1,200
2AB2,B,1,274
2AB2,B,1,275
2ABI,A,1,1
2ABI,A,1,2
2ABI,A,1,3
2ABI,A,1,4
2ABI,A,1,5
2ABI,A,1,6
2ABI,A,1,7
2ABI,A,1,8
2ABI,A,1,26
2ABI,A,1,27
2ABI,A,1,28
2ABI,A,1,29
2ABI,A,1,30
2ABI,A,1,31
2ABI,A,1,32
2ABI,A,1,181
2ABI,A,1,182
2ABI,A,1,183
2ABI,A,1,184
2ABI,A,1,185
2ABI,A,1,186
2ABI,A,1,187
2ABI,A,1,188
2ABI,A,1,189
2ABI,A,1,255
2ABI,A,1,256
2ABI,B,1,1
2ABI,B,1,2
2ABI,B,1,3
2ABI,B,1,4
2ABI,B,1,5
2ABI,B,1,6
2ABI,B,1,7
2ABI,B,1,8
2ABI,B,1,28
2ABI,B,1,29
2ABI,B,1,30
2ABI,B,1,31
2ABI,B,1,181
2ABI,B,1,182
2ABI,B,1,183
2ABI,B,1,184
2ABI,B,1,185
2ABI,B,1,186
2ABI,B,1,187
2ABI,B,1,188
2ABI,B,1,255
2ABI,B,1,256
2ABI,C,1,1
2ABI,C,1,2
2ABI,C,1,3
2ABI,C,1,4
2ABI,C,1,5
2ABI,C,1,6
2ABI,C,1,7
2ABI,C,1,8
2ABI,C,1,28
2ABI,C,1,29
2ABI,C,1,30
2ABI,C,1,31
2ABI,C,1,181
2ABI,C,1,182
2ABI,C,1,183
2ABI,C,1,184
2ABI,C,1,185
2ABI,C,1,186
2ABI,C,1,187
2ABI,C,1,188
2ABI,C,1,255
2ABI,C,1,256
2ACL,A,1,20
2ACL,A,1,21
2ACL,A,1,22
2ACL,A,1,23
2ACL,A,1,24
2ACL,A,1,25
2ACL,A,1,26
2ACL,A,1,27
2ACL,A,1,28
2ACL,A,1,29
2ACL,A,1,30
2ACL,A,1,31
2ACL,A,1,32
2ACL,A,1,33
2ACL,A,1,34
2ACL,A,1,35
2ACL,A,1,36
2ACL,A,1,37
2ACL,A,1,38
2ACL,A,1,234
2ACL,A,1,235
2ACL,A,1,236
2ACL,A,1,237
2ACL,A,1,238
2ACL,B,1,243
2ACL,B,1,244
2ACL,C,1,20
2ACL,C,1,21
2ACL,C,1,22
2ACL,C,1,23
2ACL,C,1,24
2ACL,C,1,25
2ACL,C,1,26
2ACL,C,1,27
2ACL,C,1,28
2ACL,C,1,29
2ACL,C,1,30
2ACL,C,1,31
2ACL,C,1,32
2ACL,C,1,33
2ACL,C,1,34
2ACL,C,1,35
2ACL,C,1,36
2ACL,C,1,37
2ACL,C,1,38
2ACL,C,1,235
2ACL,C,1,236
2ACL,C,1,237
2ACL,C,1,238
2ACL,D,1,243
2ACL,D,1,244
2ACL,E,1,20
2ACL,E,1,21
2ACL,E,1,22
2ACL,E,1,23
2ACL,E,1,24
2ACL,E,1,25
2ACL,E,1,26
2ACL,E,1,27
2ACL,E,1,28
2ACL,E,1,29
2ACL,E,1,30
2ACL,E,1,31
2ACL,E,1,32
2ACL,E,1,33
2ACL,E,1,34
2ACL,E,1,35
2ACL,E,1,36
2ACL,E,1,37
2ACL,E,1,38
2ACL,E,1,234
2ACL,E,1,235
2ACL,E,1,236
2ACL,E,1,237
2ACL,E,1,238
2ACL,F,1,243
2ACL,F,1,244
2ACL,G,1,20
2ACL,G,1,21
2ACL,G,1,22
2ACL,G,1,23
2ACL,G,1,24
2ACL,G,1,25
2ACL,G,1,26
2ACL,G,1,27
2ACL,G,1,28
2ACL,G,1,29
2ACL,G,1,30
2ACL,G,1,31
2ACL,G,1,32
2ACL,G,1,33
2ACL,G,1,34
2ACL,G,1,35
2ACL,G,1,36
2ACL,G,1,37
2ACL,G,1,38
2ACL,G,1,234
2ACL,G,1,235
2ACL,G,1,236
2ACL,G,1,237
2ACL,G,1,238
2AM9,A,1,1
2AM9,A,1,2
2AM9,A,1,3
2AM9,A,1,4
2AM9,A,1,5
2AM9,A,1,6
2AM9,A,1,7
2AM9,A,1,8
2AM9,A,1,9
2AM9,A,1,10
2AM9,A,1,11
2AM9,A,1,12
2AM9,A,1,13
2AM9,A,1,14
2AM9,A,1,15
2AM9,A,1,16
2AMA,A,1,1
2AMA,A,1,2
2AMA,A,1,3
2AMA,A,1,4
2AMA,A,1,5
2AMA,A,1,6
2AMA,A,1,7
2AMA,A,1,8
2AMA,A,1,9
2AMA,A,1,10
2AMA,A,1,11
2AMA,A,1,12
2AMA,A,1,13
2AMA,A,1,14
2AMA,A,1,15
2AMA,A,1,16
2AMA,A,1,17
2AMA,A,1,191
2AMA,A,1,192
2AMA,A,1,193
2AMA,A,1,194
2AMA,A,1,195
2AMA,A,1,196
2AMB,A,1,1
2AMB,A,1,2
2AMB,A,1,3
2AMB,A,1,4
2AMB,A,1,5
2AMB,A,1,6
2AMB,A,1,7
2AMB,A,1,8
2AMB,A,1,9
2AMB,A,1,10
2AMB,A,1,11
2AMB,A,1,12
2AMB,A,1,13
2AMB,A,1,14
2AMB,A,1,15
2AMB,A,1,16
2AMB,A,1,17
2AMB,A,1,194
2AMB,A,1,195
2AMB,A,1,196
2AO6,A,1,174
2AO6,A,1,175
2AO6,A,1,176
2AO6,A,1,177
2AO6,A,1,178
2AO6,A,1,179
2AO6,A,1,249
2AO6,B,1,1
2AO6,B,1,2
2AO6,B,1,3
2AO6,B,1,4
2AO6,B,1,5
2AO6,B,1,6
2AO6,B,1,7
2AO6,B,1,8
2AO6,B,1,9
2AO6,B,1,10
2AO6,B,1,11
2AO6,B,1,12
2AO6,B,1,13
2AO6,B,1,14
2AWH,A,1,30
2AWH,A,1,31
2AWH,A,1,32
2AWH,A,1,33
2AWH,A,1,57
2AWH,A,1,58
2AWH,A,1,59
2AWH,A,1,60
2AWH,A,1,61
2AWH,A,1,62
2AWH,A,1,63
2AWH,A,1,64
2AWH,A,1,65
2AWH,A,1,66
2AWH,B,1,30
2AWH,B,1,31
2AWH,B,1,32
2AWH,B,1,33
2AWH,B,1,34
2AWH,B,1,35
2AWH,B,1,56
2AWH,B,1,57
2AWH,B,1,58
2AWH,B,1,59
2AWH,B,1,60
2AWH,B,1,61
2AWH,B,1,62
2AWH,B,1,63
2AWH,B,1,64
2AWH,B,1,65
2AWH,B,1,66
2AWH,B,1,268
2AX6,A,1,1
2AX6,A,1,2
2AX6,A,1,3
2AX6,A,1,4
2AX6,A,1,5
2AX6,A,1,6
2AX6,A,1,7
2AX6,A,1,181
2AX6,A,1,182
2AX6,A,1,183
2AX6,A,1,184
2AX6,A,1,185
2AX6,A,1,255
2AX6,A,1,256
2AX7,A,1,1
2AX7,A,1,2
2AX7,A,1,3
2AX7,A,1,4
2AX7,A,1,5
2AX7,A,1,6
2AX7,A,1,7
2AX7,A,1,8
2AX7,A,1,181
2AX7,A,1,182
2AX7,A,1,183
2AX7,A,1,184
2AX7,A,1,185
2AX7,A,1,186
2AX7,A,1,187
2AX7,A,1,188
2AX7,A,1,255
2AX7,A,1,256
2AX8,A,1,1
2AX8,A,1,2
2AX8,A,1,3
2AX8,A,1,4
2AX8,A,1,5
2AX8,A,1,6
2AX8,A,1,7
2AX8,A,1,8
2AX8,A,1,181
2AX8,A,1,182
2AX8,A,1,183
2AX8,A,1,184
2AX8,A,1,185
2AX8,A,1,186
2AX8,A,1,187
2AX8,A,1,188
2AX8,A,1,255
2AX8,A,1,256
2AX9,A,1,1
2AX9,A,1,2
2AX9,A,1,3
2AX9,A,1,4
2AX9,A,1,5
2AX9,A,1,6
2AX9,A,1,7
2AX9,A,1,8
2AX9,A,1,181
2AX9,A,1,182
2AX9,A,1,183
2AX9,A,1,184
2AX9,A,1,185
2AX9,A,1,186
2AX9,A,1,187
2AX9,A,1,188
2AX9,A,1,255
2AX9,A,1,256
2AXA,A,1,1
2AXA,A,1,2
2AXA,A,1,3
2AXA,A,1,4
2AXA,A,1,5
2AXA,A,1,6
2AXA,A,1,7
2AXA,A,1,8
2AXA,A,1,181
2AXA,A,1,182
2AXA,A,1,183
2AXA,A,1,184
2AXA,A,1,185
2AXA,A,1,186
2AXA,A,1,187
2AXA,A,1,188
2AXA,A,1,255
2AXA,A,1,256
2AYR,A,1,1
2AYR,A,1,2
2B1V,A,1,1
2B1V,A,1,2
2B1V,A,1,3
2B1V,A,1,4
2B1V,A,1,5
2B1V,A,1,6
2B1V,A,1,7
2B1V,A,1,165
2B1V,A,1,166
2B1V,A,1,167
2B1V,A,1,168
2B1V,A,1,169
2B1V,A,1,170
2B1V,A,1,171
2B1V,A,1,172
2B1V,A,1,252
2B1V,A,1,253
2B1V,A,1,254
2B1V,A,1,255
2B1V,A,1,256
2B1V,A,1,257
2B1V,B,1,1
2B1V,B,1,2
2B1V,B,1,3
2B1V,B,1,4
2B1V,B,1,5
2B1V,B,1,6
2B1V,B,1,7
2B1V,B,1,251
2B1V,B,1,253
2B1V,B,1,254
2B1V,B,1,255
2B1V,B,1,256
2B1V,B,1,257
2B1V,C,1,1
2B1V,C,1,2
2B1V,C,1,12
2B1V,C,1,13
2B1V,D,1,1
2B1V,D,1,2
2B1V,D,1,12
2B1V,D,1,13
2B1Z,A,1,1
2B1Z,A,1,2
2B1Z,A,1,3
2B1Z,A,1,4
2B1Z,A,1,5
2B1Z,A,1,6
2B1Z,A,1,7
2B1Z,A,1,165
2B1Z,A,1,166
2B1Z,A,1,167
2B1Z,A,1,168
2B1Z,A,1,169
2B1Z,A,1,170
2B1Z,A,1,171
2B1Z,A,1,172
2B1Z,A,1,173
2B1Z,A,1,252
2B1Z,A,1,253
2B1Z,A,1,254
2B1Z,A,1,255
2B1Z,A,1,256
2B1Z,A,1,257
2B1Z,B,1,1
2B1Z,B,1,2
2B1Z,B,1,3
2B1Z,B,1,4
2B1Z,B,1,5
2B1Z,B,1,6
2B1Z,B,1,7
2B1Z,B,1,166
2B1Z,B,1,167
2B1Z,B,1,168
2B1Z,B,1,169
2B1Z,B,1,174
2B1Z,B,1,251
2B1Z,B,1,252
2B1Z,B,1,253
2B1Z,B,1,254
2B1Z,B,1,255
2B1Z,B,1,256
2B1Z,B,1,257
2B1Z,C,1,1
2B1Z,C,1,2
2B1Z,C,1,11
2B1Z,C,1,12
2B1Z,C,1,13
2B1Z,D,1,1
2B1Z,D,1,2
2B1Z,D,1,12
2B1Z,D,1,13
2B23,A,1,1
2B23,A,1,2
2B23,A,1,3
2B23,A,1,4
2B23,A,1,5
2B23,A,1,6
2B23,A,1,7
2B23,A,1,36
2B23,A,1,37
2B23,A,1,38
2B23,A,1,39
2B23,A,1,165
2B23,A,1,166
2B23,A,1,167
2B23,A,1,168
2B23,A,1,169
2B23,A,1,170
2B23,A,1,171
2B23,A,1,172
2B23,A,1,173
2B23,A,1,174
2B23,A,1,175
2B23,A,1,252
2B23,A,1,253
2B23,A,1,254
2B23,A,1,255
2B23,A,1,256
2B23,A,1,257
2B23,B,1,1
2B23,B,1,2
2B23,B,1,3
2B23,B,1,4
2B23,B,1,5
2B23,B,1,6
2B23,B,1,7
2B23,B,1,165
2B23,B,1,166
2B23,B,1,167
2B23,B,1,168
2B23,B,1,169
2B23,B,1,170
2B23,B,1,171
2B23,B,1,172
2B23,B,1,173
2B23,B,1,174
2B23,B,1,251
2B23,B,1,252
2B23,B,1,253
2B23,B,1,254
2B23,B,1,255
2B23,B,1,256
2B23,B,1,257
2B23,C,1,1
2B23,C,1,12
2B23,C,1,13
2B23,D,1,1
2B23,D,1,2
2B23,D,1,12
2B23,D,1,13
2B50,A,1,1
2B50,A,1,2
2B50,A,1,3
2B50,A,1,4
2B50,A,1,5
2B50,A,1,6
2B50,A,1,62
2B50,A,1,63
2B50,A,1,64
2B50,A,1,65
2B50,A,1,66
2B50,B,1,36
2B50,B,1,37
2B50,B,1,38
2B50,B,1,62
2B50,B,1,63
2B50,B,1,64
2B50,B,1,65
2B50,B,1,66
2B50,B,1,272
2BAW,A,1,29
2BAW,A,1,32
2BAW,A,1,33
2BAW,A,1,34
2BAW,A,1,35
2BAW,A,1,55
2BAW,A,1,56
2BAW,A,1,57
2BAW,A,1,58
2BAW,A,1,59
2BAW,A,1,60
2BAW,A,1,61
2BAW,A,1,62
2BAW,A,1,63
2BAW,A,1,64
2BAW,A,1,266
2BAW,A,1,267
2BAW,B,1,29
2BAW,B,1,30
2BAW,B,1,31
2BAW,B,1,32
2BAW,B,1,33
2BAW,B,1,34
2BAW,B,1,35
2BAW,B,1,53
2BAW,B,1,54
2BAW,B,1,55
2BAW,B,1,56
2BAW,B,1,57
2BAW,B,1,58
2BAW,B,1,59
2BAW,B,1,60
2BAW,B,1,61
2BAW,B,1,62
2BAW,B,1,63
2BAW,B,1,64
2BJ4,A,1,1
2BJ4,A,1,2
2BJ4,A,1,3
2BJ4,A,1,4
2BJ4,A,1,5
2BJ4,A,1,6
2BJ4,A,1,7
2BJ4,A,1,8
2BJ4,A,1,9
2BJ4,A,1,10
2BJ4,A,1,11
2BJ4,A,1,12
2BJ4,A,1,13
2BJ4,A,1,14
2BJ4,A,1,15
2BJ4,A,1,16
2BJ4,A,1,17
2BJ4,A,1,18
2BJ4,A,1,19
2BJ4,A,1,20
2BJ4,A,1,21
2BJ4,A,1,22
2BJ4,A,1,23
2BJ4,A,1,50
2BJ4,A,1,51
2BJ4,A,1,52
2BJ4,A,1,53
2BJ4,A,1,54
2BJ4,A,1,182
2BJ4,A,1,248
2BJ4,A,1,249
2BJ4,A,1,250
2BJ4,A,1,251
2BJ4,A,1,252
2BJ4,B,1,1
2BJ4,B,1,2
2BJ4,B,1,3
2BJ4,B,1,4
2BJ4,B,1,5
2BJ4,B,1,6
2BJ4,B,1,7
2BJ4,B,1,8
2BJ4,B,1,9
2BJ4,B,1,10
2BJ4,B,1,11
2BJ4,B,1,12
2BJ4,B,1,13
2BJ4,B,1,14
2BJ4,B,1,15
2BJ4,B,1,16
2BJ4,B,1,17
2BJ4,B,1,18
2BJ4,B,1,19
2BJ4,B,1,20
2BJ4,B,1,21
2BJ4,B,1,22
2BJ4,B,1,180
2BJ4,B,1,181
2BJ4,B,1,182
2BJ4,B,1,183
2BJ4,B,1,249
2BJ4,B,1,250
2BJ4,B,1,251
2BJ4,B,1,252
2E2R,A,1,1
2E2R,A,1,2
2E2R,A,1,3
2E2R,A,1,4
2E2R,A,1,5
2E2R,A,1,6
2E2R,A,1,7
2E2R,A,1,8
2E2R,A,1,9
2E2R,A,1,10
2E2R,A,1,11
2E2R,A,1,12
2E2R,A,1,13
2E2R,A,1,14
2E2R,A,1,15
2E2R,A,1,16
2EWP,A,1,225
2EWP,A,1,226
2EWP,B,1,225
2EWP,B,1,226
2EWP,C,1,1
2EWP,C,1,225
2EWP,C,1,226
2EWP,D,1,1
2EWP,D,1,2
2EWP,D,1,224
2EWP,D,1,225
2EWP,D,1,226
2EWP,E,1,1
2EWP,E,1,2
2EWP,E,1,3
2EWP,E,1,4
2EWP,E,1,172
2EWP,E,1,173
2EWP,E,1,174
2EWP,E,1,175
2EWP,E,1,176
2EWP,E,1,224
2EWP,E,1,225
2EWP,E,1,226
2FAI,A,1,1
2FAI,A,1,2
2FAI,A,1,3
2FAI,A,1,4
2FAI,A,1,5
2FAI,A,1,6
2FAI,A,1,7
2FAI,A,1,165
2FAI,A,1,166
2FAI,A,1,167
2FAI,A,1,168
2FAI,A,1,169
2FAI,A,1,170
2FAI,A,1,171
2FAI,A,1,172
2FAI,A,1,252
2FAI,A,1,253
2FAI,A,1,254
2FAI,A,1,255
2FAI,A,1,256
2FAI,A,1,257
2FAI,B,1,1
2FAI,B,1,2
2FAI,B,1,3
2FAI,B,1,4
2FAI,B,1,5
2FAI,B,1,6
2FAI,B,1,252
2FAI,B,1,253
2FAI,B,1,254
2FAI,B,1,255
2FAI,B,1,256
2FAI,B,1,257
2FAI,C,1,1
2FAI,C,1,12
2FAI,C,1,13
2FAI,D,1,1
2FAI,D,1,12
2FAI,D,1,13
2FSZ,A,1,1
2FSZ,A,1,2
2FSZ,A,1,3
2FSZ,A,1,4
2FSZ,A,1,5
2FSZ,A,1,6
2FSZ,A,1,7
2FSZ,A,1,155
2FSZ,A,1,156
2FSZ,A,1,157
2FSZ,A,1,158
2FSZ,A,1,159
2FSZ,A,1,160
2FSZ,A,1,161
2FSZ,A,1,162
2FSZ,A,1,163
2FSZ,A,1,164
2FSZ,A,1,165
2FSZ,A,1,166
2FSZ,A,1,224
2FSZ,A,1,225
2FSZ,A,1,226
2FSZ,A,1,246
2FSZ,B,1,1
2FSZ,B,1,2
2FSZ,B,1,3
2FSZ,B,1,155
2FSZ,B,1,156
2FSZ,B,1,157
2FSZ,B,1,158
2FSZ,B,1,159
2FSZ,B,1,160
2FSZ,B,1,161
2FSZ,B,1,162
2FSZ,B,1,163
2FSZ,B,1,164
2FSZ,B,1,165
2FSZ,B,1,166
2FSZ,B,1,224
2FSZ,B,1,225
2FSZ,B,1,226
2FSZ,B,1,246
2FVJ,A,1,56
2FVJ,A,1,57
2FVJ,A,1,58
2FVJ,A,1,59
2FVJ,A,1,60
2FVJ,A,1,61
2FVJ,A,1,62
2FVJ,A,1,63
2FVJ,A,1,64
2FVJ,A,1,65
2FVJ,A,1,66
2FVJ,A,1,67
2FVJ,A,1,68
2FVJ,B,1,1
2FVJ,B,1,2
2FVJ,B,1,3
2G44,A,1,1
2G44,A,1,2
2G44,A,1,3
2G44,A,1,4
2G44,A,1,5
2G44,A,1,6
2G44,A,1,7
2G44,A,1,165
2G44,A,1,166
2G44,A,1,167
2G44,A,1,168
2G44,A,1,169
2G44,A,1,170
2G44,A,1,171
2G44,A,1,252
2G44,A,1,253
2G44,A,1,254
2G44,A,1,255
2G44,A,1,256
2G44,A,1,257
2G44,B,1,1
2G44,B,1,2
2G44,B,1,3
2G44,B,1,4
2G44,B,1,5
2G44,B,1,6
2G44,B,1,7
2G44,B,1,8
2G44,B,1,165
2G44,B,1,166
2G44,B,1,167
2G44,B,1,168
2G44,B,1,169
2G44,B,1,170
2G44,B,1,171
2G44,B,1,172
2G44,B,1,173
2G44,B,1,174
2G44,B,1,256
2G44,B,1,257
2G44,C,1,1
2G44,C,1,2
2G44,C,1,12
2G44,C,1,13
2G44,D,1,1
2G44,D,1,2
2G44,D,1,12
2G44,D,1,13
2G5O,A,1,1
2G5O,A,1,2
2G5O,A,1,3
2G5O,A,1,4
2G5O,A,1,5
2G5O,A,1,6
2G5O,A,1,165
2G5O,A,1,166
2G5O,A,1,167
2G5O,A,1,168
2G5O,A,1,169
2G5O,A,1,170
2G5O,A,1,171
2G5O,A,1,252
2G5O,A,1,253
2G5O,A,1,254
2G5O,A,1,255
2G5O,A,1,256
2G5O,A,1,257
2G5O,B,1,1
2G5O,B,1,2
2G5O,B,1,3
2G5O,B,1,4
2G5O,B,1,5
2G5O,B,1,6
2G5O,B,1,166
2G5O,B,1,167
2G5O,B,1,168
2G5O,B,1,169
2G5O,B,1,170
2G5O,B,1,171
2G5O,B,1,172
2G5O,B,1,173
2G5O,B,1,254
2G5O,B,1,255
2G5O,B,1,256
2G5O,B,1,257
2G5O,C,1,1
2G5O,C,1,12
2G5O,C,1,13
2G5O,D,1,1
2G5O,D,1,2
2G5O,D,1,12
2G5O,D,1,13
2GIU,A,1,27
2GIU,A,1,28
2GIU,A,1,29
2GIU,A,1,30
2GIU,A,1,31
2GIU,A,1,32
2GIU,A,1,111
2GIU,A,1,156
2GIU,A,1,157
2GIU,A,1,158
2GIU,A,1,159
2GIU,A,1,160
2GIU,A,1,221
2GIU,A,1,222
2GIU,A,1,223
2GIU,A,1,224
2GL8,A,1,1
2GL8,A,1,2
2GL8,A,1,3
2GL8,A,1,4
2GL8,A,1,5
2GL8,A,1,6
2GL8,A,1,7
2GL8,A,1,8
2GL8,A,1,9
2GL8,A,1,10
2GL8,A,1,26
2GL8,A,1,27
2GL8,A,1,28
2GL8,A,1,29
2GL8,A,1,30
2GL8,A,1,31
2GL8,A,1,32
2GL8,A,1,33
2GL8,A,1,34
2GL8,A,1,35
2GL8,A,1,36
2GL8,A,1,37
2GL8,A,1,38
2GL8,A,1,39
2GL8,A,1,40
2GL8,A,1,41
2GL8,A,1,42
2GL8,A,1,43
2GL8,A,1,44
2GL8,A,1,45
2GL8,A,1,46
2GL8,A,1,47
2GL8,A,1,48
2GL8,A,1,49
2GL8,A,1,225
2GL8,A,1,226
2GL8,A,1,227
2GL8,A,1,228
2GL8,A,1,229
2GL8,A,1,230
2GL8,A,1,231
2GL8,A,1,232
2GL8,A,1,233
2GL8,A,1,234
2GL8,A,1,235
2GL8,A,1,236
2GL8,A,1,237
2GL8,A,1,238
2GL8,A,1,239
2GL8,A,1,240
2GL8,A,1,241
2GL8,B,1,1
2GL8,B,1,2
2GL8,B,1,3
2GL8,B,1,4
2GL8,B,1,5
2GL8,B,1,6
2GL8,B,1,7
2GL8,B,1,8
2GL8,B,1,9
2GL8,B,1,10
2GL8,B,1,26
2GL8,B,1,27
2GL8,B,1,28
2GL8,B,1,29
2GL8,B,1,30
2GL8,B,1,31
2GL8,B,1,32
2GL8,B,1,33
2GL8,B,1,34
2GL8,B,1,35
2GL8,B,1,36
2GL8,B,1,37
2GL8,B,1,38
2GL8,B,1,39
2GL8,B,1,40
2GL8,B,1,41
2GL8,B,1,42
2GL8,B,1,43
2GL8,B,1,44
2GL8,B,1,45
2GL8,B,1,46
2GL8,B,1,47
2GL8,B,1,48
2GL8,B,1,49
2GL8,B,1,227
2GL8,B,1,228
2GL8,B,1,229
2GL8,B,1,230
2GL8,B,1,231
2GL8,B,1,232
2GL8,B,1,233
2GL8,B,1,234
2GL8,B,1,235
2GL8,B,1,236
2GL8,B,1,237
2GL8,B,1,238
2GL8,B,1,239
2GL8,B,1,240
2GL8,B,1,241
2GL8,C,1,1
2GL8,C,1,2
2GL8,C,1,3
2GL8,C,1,4
2GL8,C,1,5
2GL8,C,1,6
2GL8,C,1,7
2GL8,C,1,8
2GL8,C,1,9
2GL8,C,1,10
2GL8,C,1,27
2GL8,C,1,28
2GL8,C,1,29
2GL8,C,1,30
2GL8,C,1,31
2GL8,C,1,32
2GL8,C,1,33
2GL8,C,1,34
2GL8,C,1,35
2GL8,C,1,36
2GL8,C,1,37
2GL8,C,1,38
2GL8,C,1,39
2GL8,C,1,40
2GL8,C,1,41
2GL8,C,1,42
2GL8,C,1,43
2GL8,C,1,44
2GL8,C,1,45
2GL8,C,1,46
2GL8,C,1,47
2GL8,C,1,48
2GL8,C,1,49
2GL8,C,1,228
2GL8,C,1,229
2GL8,C,1,230
2GL8,C,1,231
2GL8,C,1,232
2GL8,C,1,233
2GL8,C,1,234
2GL8,C,1,235
2GL8,C,1,236
2GL8,C,1,237
2GL8,C,1,238
2GL8,C,1,239
2GL8,C,1,240
2GL8,C,1,241
2GL8,D,1,1
2GL8,D,1,2
2GL8,D,1,3
2GL8,D,1,4
2GL8,D,1,5
2GL8,D,1,6
2GL8,D,1,7
2GL8,D,1,8
2GL8,D,1,9
2GL8,D,1,10
2GL8,D,1,27
2GL8,D,1,28
2GL8,D,1,29
2GL8,D,1,30
2GL8,D,1,31
2GL8,D,1,32
2GL8,D,1,33
2GL8,D,1,34
2GL8,D,1,35
2GL8,D,1,36
2GL8,D,1,37
2GL8,D,1,38
2GL8,D,1,39
2GL8,D,1,40
2GL8,D,1,41
2GL8,D,1,42
2GL8,D,1,43
2GL8,D,1,44
2GL8,D,1,45
2GL8,D,1,46
2GL8,D,1,47
2GL8,D,1,48
2GL8,D,1,49
2GL8,D,1,229
2GL8,D,1,230
2GL8,D,1,231
2GL8,D,1,232
2GL8,D,1,233
2GL8,D,1,234
2GL8,D,1,235
2GL8,D,1,236
2GL8,D,1,237
2GL8,D,1,238
2GL8,D,1,239
2GL8,D,1,240
2GL8,D,1,241
2GP7,A,1,1
2GP7,A,1,2
2GP7,A,1,3
2GP7,A,1,4
2GP7,A,1,5
2GP7,A,1,6
2GP7,B,1,1
2GP7,B,1,2
2GP7,B,1,3
2GP7,B,1,4
2GP7,B,1,5
2GP7,C,1,1
2GP7,C,1,2
2GP7,C,1,3
2GP7,C,1,4
2GP7,C,1,5
2GP7,C,1,6
2GP7,D,1,1
2GP7,D,1,2
2GP7,D,1,3
2GP7,D,1,4
2GP7,D,1,5
2GP7,D,1,6
2GPO,A,1,1
2GPO,A,1,2
2GPO,A,1,3
2GPO,A,1,4
2GPO,A,1,5
2GPO,A,1,6
2GPO,B,1,1
2GPO,B,1,2
2GPO,B,1,3
2GPO,B,1,4
2GPO,B,1,5
2GPO,B,1,6
2GPO,B,1,7
2GPO,B,1,8
2GPO,B,1,9
2GPO,B,1,10
2GPO,B,1,11
2GPO,B,1,12
2GPO,B,1,23
2GPO,B,1,24
2GPO,B,1,25
2GPP,A,1,1
2GPP,A,1,2
2GPP,A,1,3
2GPP,A,1,4
2GPP,A,1,230
2GPP,B,1,1
2GPP,B,1,2
2GPP,B,1,3
2GPP,B,1,4
2GPP,B,1,229
2GPP,B,1,230
2GPP,C,1,1
2GPP,C,1,2
2GPP,C,1,3
2GPP,C,1,4
2GPP,C,1,5
2GPP,C,1,6
2GPP,C,1,7
2GPP,C,1,8
2GPP,C,1,9
2GPP,C,1,10
2GPP,C,1,11
2GPP,C,1,12
2GPP,C,1,24
2GPP,C,1,25
2GPP,D,1,1
2GPP,D,1,2
2GPP,D,1,3
2GPP,D,1,4
2GPP,D,1,5
2GPP,D,1,6
2GPP,D,1,7
2GPP,D,1,8
2GPP,D,1,9
2GPP,D,1,10
2GPP,D,1,11
2GPP,D,1,12
2GPU,A,1,1
2GPU,A,1,2
2GPU,A,1,3
2GPU,A,1,4
2GPU,A,1,5
2GPU,A,1,228
2GPU,A,1,229
2GPU,A,1,230
2GPV,A,1,1
2GPV,A,1,2
2GPV,A,1,3
2GPV,A,1,228
2GPV,A,1,229
2GPV,A,1,230
2GPV,B,1,1
2GPV,B,1,2
2GPV,B,1,3
2GPV,B,1,4
2GPV,B,1,228
2GPV,B,1,229
2GPV,B,1,230
2GPV,C,1,1
2GPV,C,1,2
2GPV,C,1,3
2GPV,C,1,4
2GPV,C,1,228
2GPV,C,1,229
2GPV,C,1,230
2GPV,D,1,1
2GPV,D,1,2
2GPV,D,1,3
2GPV,D,1,4
2GPV,D,1,214
2GPV,D,1,215
2GPV,D,1,216
2GPV,D,1,217
2GPV,D,1,218
2GPV,D,1,219
2GPV,D,1,220
2GPV,D,1,221
2GPV,D,1,222
2GPV,D,1,223
2GPV,D,1,224
2GPV,D,1,225
2GPV,D,1,226
2GPV,D,1,227
2GPV,D,1,228
2GPV,D,1,229
2GPV,D,1,230
2GPV,E,1,1
2GPV,E,1,2
2GPV,E,1,3
2GPV,E,1,4
2GPV,E,1,5
2GPV,E,1,214
2GPV,E,1,215
2GPV,E,1,216
2GPV,E,1,217
2GPV,E,1,218
2GPV,E,1,219
2GPV,E,1,220
2GPV,E,1,221
2GPV,E,1,222
2GPV,E,1,223
2GPV,E,1,224
2GPV,E,1,225
2GPV,E,1,226
2GPV,E,1,227
2GPV,E,1,228
2GPV,E,1,229
2GPV,E,1,230
2GPV,F,1,1
2GPV,F,1,2
2GPV,F,1,3
2GPV,F,1,4
2GPV,F,1,213
2GPV,F,1,214
2GPV,F,1,215
2GPV,F,1,216
2GPV,F,1,217
2GPV,F,1,218
2GPV,F,1,219
2GPV,F,1,220
2GPV,F,1,221
2GPV,F,1,222
2GPV,F,1,223
2GPV,F,1,224
2GPV,F,1,225
2GPV,F,1,226
2GPV,F,1,227
2GPV,F,1,228
2GPV,F,1,229
2GPV,F,1,230
2GPV,G,1,1
2GPV,G,1,2
2GPV,G,1,3
2GPV,G,1,16
2GPV,G,1,17
2GPV,G,1,18
2GPV,G,1,19
2GPV,G,1,20
2GPV,G,1,21
2GPV,G,1,22
2GPV,H,1,1
2GPV,H,1,2
2GPV,H,1,3
2GPV,H,1,16
2GPV,H,1,17
2GPV,H,1,18
2GPV,H,1,19
2GPV,H,1,20
2GPV,H,1,21
2GPV,H,1,22
2GPV,I,1,1
2GPV,I,1,2
2GPV,I,1,3
2GPV,I,1,16
2GPV,I,1,17
2GPV,I,1,18
2GPV,I,1,19
2GPV,I,1,20
2GPV,I,1,21
2GPV,I,1,22
2GTK,A,1,56
2GTK,A,1,57
2GTK,A,1,58
2GTK,A,1,59
2GTK,A,1,60
2GTK,A,1,61
2GTK,A,1,62
2GTK,A,1,63
2GTK,A,1,64
2GTK,A,1,65
2GTK,A,1,66
2GTK,A,1,67
2GTK,A,1,68
2GWX,A,1,267
2H77,A,1,1
2H77,A,1,2
2H77,A,1,3
2H77,A,1,4
2H77,A,1,5
2H77,A,1,6
2H77,A,1,7
2H77,A,1,8
2H77,A,1,9
2H77,A,1,10
2H77,A,1,266
2H77,A,1,267
2H77,A,1,268
2H77,A,1,269
2H79,A,1,1
2H79,A,1,268
2H79,A,1,269
2HAM,A,1,1
2HAM,A,1,2
2HAM,A,1,3
2HAM,A,1,4
2HAM,A,1,5
2HAM,A,1,210
2HAM,A,1,260
2HAM,A,1,261
2HAM,A,1,262
2HAM,A,1,263
2HAR,A,1,1
2HAR,A,1,2
2HAR,A,1,3
2HAR,A,1,4
2HAR,A,1,5
2HAR,A,1,209
2HAR,A,1,210
2HAR,A,1,260
2HAR,A,1,261
2HAR,A,1,262
2HAR,A,1,263
2HAS,A,1,1
2HAS,A,1,2
2HAS,A,1,3
2HAS,A,1,4
2HAS,A,1,5
2HAS,A,1,210
2HAS,A,1,260
2HAS,A,1,261
2HAS,A,1,262
2HAS,A,1,263
2HB7,A,1,1
2HB7,A,1,2
2HB7,A,1,3
2HB7,A,1,4
2HB7,A,1,5
2HB7,A,1,260
2HB7,A,1,261
2HB7,A,1,262
2HB7,A,1,263
2HB8,A,1,1
2HB8,A,1,2
2HB8,A,1,3
2HB8,A,1,4
2HB8,A,1,5
2HB8,A,1,211
2HB8,A,1,212
2HB8,A,1,213
2HB8,A,1,260
2HB8,A,1,261
2HB8,A,1,262
2HB8,A,1,263
2HFP,A,1,1
2HFP,A,1,2
2HFP,A,1,3
2HFP,A,1,4
2HFP,A,1,5
2HFP,A,1,6
2HFP,A,1,7
2HFP,A,1,8
2HFP,A,1,9
2HFP,A,1,10
2HFP,B,1,1
2HFP,B,1,2
2HFP,B,1,3
2HFP,B,1,4
2HWQ,A,1,59
2HWQ,A,1,60
2HWQ,A,1,61
2HWQ,A,1,62
2HWQ,A,1,63
2HWQ,A,1,64
2HWQ,A,1,65
2HWQ,A,1,66
2HWQ,A,1,67
2HWQ,A,1,68
2HWQ,B,1,57
2HWQ,B,1,58
2HWQ,B,1,59
2HWQ,B,1,60
2HWQ,B,1,61
2HWQ,B,1,62
2HWQ,B,1,63
2HWQ,B,1,64
2HWQ,B,1,262
2HWQ,B,1,263
2HWQ,B,1,264
2HWQ,B,1,265
2HWQ,B,1,266
2HWQ,B,1,267
2HWQ,B,1,268
2HWQ,B,1,269
2HWQ,B,1,270
2HWQ,B,1,271
2HWR,A,1,59
2HWR,A,1,60
2HWR,A,1,61
2HWR,A,1,62
2HWR,A,1,63
2HWR,A,1,64
2HWR,A,1,65
2HWR,A,1,66
2HWR,A,1,67
2HWR,A,1,68
2HWR,B,1,57
2HWR,B,1,58
2HWR,B,1,59
2HWR,B,1,60
2HWR,B,1,61
2HWR,B,1,62
2HWR,B,1,63
2HWR,B,1,64
2HWR,B,1,262
2HWR,B,1,263
2HWR,B,1,264
2HWR,B,1,265
2HWR,B,1,266
2HWR,B,1,267
2HWR,B,1,268
2HWR,B,1,269
2HWR,B,1,270
2HWR,B,1,271
2I0G,A,1,1
2I0G,A,1,2
2I0G,A,1,3
2I0G,A,1,4
2I0G,A,1,5
2I0G,A,1,6
2I0G,A,1,7
2I0G,A,1,8
2I0G,A,1,9
2I0G,A,1,10
2I0G,A,1,11
2I0G,A,1,12
2I0G,A,1,38
2I0G,A,1,39
2I0G,A,1,40
2I0G,A,1,41
2I0G,A,1,42
2I0G,A,1,43
2I0G,A,1,167
2I0G,A,1,168
2I0G,A,1,169
2I0G,A,1,170
2I0G,A,1,171
2I0G,A,1,172
2I0G,A,1,173
2I0G,A,1,233
2I0G,A,1,234
2I0G,A,1,235
2I0G,A,1,236
2I0G,A,1,251
2I0G,A,1,252
2I0G,A,1,253
2I0G,A,1,254
2I0G,A,1,255
2I0G,A,1,256
2I0G,A,1,257
2I0G,B,1,1
2I0G,B,1,2
2I0G,B,1,3
2I0G,B,1,4
2I0G,B,1,5
2I0G,B,1,6
2I0G,B,1,7
2I0G,B,1,8
2I0G,B,1,9
2I0G,B,1,10
2I0G,B,1,11
2I0G,B,1,38
2I0G,B,1,39
2I0G,B,1,40
2I0G,B,1,41
2I0G,B,1,42
2I0G,B,1,43
2I0G,B,1,167
2I0G,B,1,168
2I0G,B,1,169
2I0G,B,1,170
2I0G,B,1,171
2I0G,B,1,172
2I0G,B,1,173
2I0G,B,1,233
2I0G,B,1,234
2I0G,B,1,235
2I0G,B,1,236
2I0G,B,1,251
2I0G,B,1,252
2I0G,B,1,253
2I0G,B,1,254
2I0G,B,1,255
2I0G,B,1,256
2I0G,B,1,257
2I0J,A,1,1
2I0J,A,1,2
2I0J,A,1,159
2I0J,A,1,160
2I0J,A,1,226
2I0J,A,1,227
2I0J,A,1,228
2I0J,A,1,229
2I0J,A,1,230
2I0J,A,1,231
2I0J,A,1,232
2I0J,A,1,233
2I0J,A,1,234
2I0J,A,1,235
2I0J,A,1,236
2I0J,A,1,237
2I0J,A,1,238
2I0J,A,1,239
2I0J,A,1,240
2I0J,A,1,241
2I0J,A,1,242
2I0J,A,1,243
2I0J,A,1,244
2I0J,B,1,1
2I0J,B,1,2
2I0J,B,1,30
2I0J,B,1,31
2I0J,B,1,32
2I0J,B,1,33
2I0J,B,1,34
2I0J,B,1,35
2I0J,B,1,36
2I0J,B,1,159
2I0J,B,1,160
2I0J,B,1,226
2I0J,B,1,227
2I0J,B,1,228
2I0J,B,1,229
2I0J,B,1,230
2I0J,B,1,231
2I0J,C,1,1
2I0J,C,1,2
2I0J,C,1,226
2I0J,C,1,227
2I0J,C,1,228
2I0J,C,1,229
2I0J,C,1,230
2I0J,C,1,231
2I0J,C,1,232
2I0J,C,1,233
2I0J,C,1,234
2I0J,C,1,235
2I0J,C,1,236
2I0J,C,1,237
2I0J,C,1,238
2I0J,C,1,239
2I0J,C,1,240
2I0J,C,1,241
2I0J,C,1,242
2I0J,C,1,243
2I0J,C,1,244
2I0J,D,1,1
2I0J,D,1,2
2I0J,D,1,30
2I0J,D,1,31
2I0J,D,1,32
2I0J,D,1,33
2I0J,D,1,34
2I0J,D,1,35
2I0J,D,1,36
2I0J,D,1,37
2I0J,D,1,159
2I0J,D,1,160
2I0J,D,1,226
2I0J,D,1,227
2I0J,D,1,228
2I0J,D,1,229
2I0J,D,1,230
2I0J,D,1,231
2I0J,D,1,232
2I4J,A,1,1
2I4J,A,1,2
2I4J,A,1,3
2I4J,A,1,4
2I4J,A,1,5
2I4J,A,1,6
2I4J,A,1,7
2I4J,A,1,8
2I4J,A,1,9
2I4J,A,1,10
2I4J,A,1,11
2I4J,A,1,12
2I4J,A,1,13
2I4J,A,1,14
2I4J,A,1,15
2I4J,A,1,16
2I4J,A,1,70
2I4J,A,1,74
2I4J,A,1,76
2I4J,A,1,80
2I4J,A,1,81
2I4J,A,1,82
2I4J,A,1,83
2I4J,A,1,84
2I4J,B,1,1
2I4J,B,1,2
2I4J,B,1,3
2I4J,B,1,4
2I4J,B,1,5
2I4J,B,1,6
2I4J,B,1,7
2I4J,B,1,8
2I4J,B,1,9
2I4J,B,1,10
2I4J,B,1,11
2I4J,B,1,12
2I4J,B,1,13
2I4J,B,1,14
2I4J,B,1,15
2I4J,B,1,16
2I4J,B,1,71
2I4J,B,1,75
2I4J,B,1,76
2I4J,B,1,78
2I4J,B,1,81
2I4J,B,1,82
2I4J,B,1,83
2I4J,B,1,84
2I4J,B,1,86
2I4P,A,1,1
2I4P,A,1,2
2I4P,A,1,3
2I4P,A,1,4
2I4P,A,1,5
2I4P,A,1,6
2I4P,A,1,7
2I4P,A,1,8
2I4P,A,1,9
2I4P,A,1,10
2I4P,A,1,11
2I4P,A,1,12
2I4P,A,1,13
2I4P,A,1,14
2I4P,A,1,15
2I4P,A,1,16
2I4P,A,1,70
2I4P,A,1,74
2I4P,A,1,76
2I4P,A,1,80
2I4P,A,1,81
2I4P,A,1,82
2I4P,A,1,83
2I4P,A,1,84
2I4P,B,1,1
2I4P,B,1,2
2I4P,B,1,3
2I4P,B,1,4
2I4P,B,1,5
2I4P,B,1,6
2I4P,B,1,7
2I4P,B,1,8
2I4P,B,1,9
2I4P,B,1,10
2I4P,B,1,11
2I4P,B,1,12
2I4P,B,1,13
2I4P,B,1,14
2I4P,B,1,15
2I4P,B,1,16
2I4P,B,1,71
2I4P,B,1,75
2I4P,B,1,76
2I4P,B,1,78
2I4P,B,1,81
2I4P,B,1,82
2I4P,B,1,83
2I4P,B,1,84
2I4P,B,1,86
2I4Z,A,1,1
2I4Z,A,1,2
2I4Z,A,1,3
2I4Z,A,1,4
2I4Z,A,1,5
2I4Z,A,1,6
2I4Z,A,1,7
2I4Z,A,1,8
2I4Z,A,1,9
2I4Z,A,1,10
2I4Z,A,1,11
2I4Z,A,1,12
2I4Z,A,1,13
2I4Z,A,1,14
2I4Z,A,1,15
2I4Z,A,1,16
2I4Z,A,1,70
2I4Z,A,1,74
2I4Z,A,1,76
2I4Z,A,1,80
2I4Z,A,1,81
2I4Z,A,1,82
2I4Z,A,1,83
2I4Z,A,1,84
2I4Z,B,1,1
2I4Z,B,1,2
2I4Z,B,1,3
2I4Z,B,1,4
2I4Z,B,1,5
2I4Z,B,1,6
2I4Z,B,1,7
2I4Z,B,1,8
2I4Z,B,1,9
2I4Z,B,1,10
2I4Z,B,1,11
2I4Z,B,1,12
2I4Z,B,1,13
2I4Z,B,1,14
2I4Z,B,1,15
2I4Z,B,1,16
2I4Z,B,1,71
2I4Z,B,1,75
2I4Z,B,1,76
2I4Z,B,1,78
2I4Z,B,1,81
2I4Z,B,1,82
2I4Z,B,1,83
2I4Z,B,1,84
2I4Z,B,1,86
2IOG,A,1,244
2IOG,A,1,245
2IOG,A,1,246
2IOK,A,1,1
2IOK,A,1,2
2IOK,A,1,3
2IOK,A,1,4
2IOK,A,1,5
2IOK,A,1,32
2IOK,A,1,33
2IOK,A,1,34
2IOK,A,1,35
2IOK,A,1,36
2IOK,A,1,37
2IOK,A,1,38
2IOK,A,1,230
2IOK,A,1,231
2IOK,A,1,232
2IOK,A,1,233
2IOK,A,1,234
2IOK,A,1,245
2IOK,A,1,246
2IOK,A,1,247
2IOK,A,1,248
2IOK,A,1,249
2IOK,A,1,250
2IOK,A,1,251
2IOK,A,1,252
2IOK,A,1,253
2IOK,A,1,254
2IOK,B,1,1
2IOK,B,1,2
2IOK,B,1,3
2IOK,B,1,4
2IOK,B,1,5
2IOK,B,1,36
2IOK,B,1,37
2IOK,B,1,38
2IOK,B,1,39
2IOK,B,1,228
2IOK,B,1,229
2IOK,B,1,230
2IOK,B,1,231
2IOK,B,1,232
2IOK,B,1,233
2IOK,B,1,234
2IOK,B,1,245
2IOK,B,1,246
2IOK,B,1,247
2IOK,B,1,248
2IOK,B,1,249
2IOK,B,1,250
2IOK,B,1,251
2IOK,B,1,252
2IOK,B,1,253
2IOK,B,1,254
2J14,A,1,1
2J14,A,1,2
2J14,A,1,3
2J14,A,1,4
2J14,A,1,5
2J14,A,1,6
2J14,A,1,7
2J14,A,1,8
2J14,A,1,9
2J14,A,1,10
2J14,A,1,11
2J14,A,1,12
2J14,A,1,13
2J14,A,1,14
2J14,A,1,15
2J14,A,1,16
2J14,A,1,17
2J14,A,1,47
2J14,A,1,48
2J14,A,1,49
2J14,A,1,69
2J14,A,1,70
2J14,A,1,71
2J14,A,1,72
2J14,A,1,73
2J14,A,1,74
2J14,A,1,75
2J14,A,1,76
2J14,A,1,77
2J14,A,1,78
2J14,A,1,285
2J14,B,1,1
2J14,B,1,2
2J14,B,1,3
2J14,B,1,4
2J14,B,1,5
2J14,B,1,6
2J14,B,1,7
2J14,B,1,8
2J14,B,1,9
2J14,B,1,10
2J14,B,1,11
2J14,B,1,12
2J14,B,1,13
2J14,B,1,14
2J14,B,1,15
2J14,B,1,16
2J14,B,1,17
2J14,B,1,18
2J14,B,1,49
2J14,B,1,50
2J14,B,1,51
2J14,B,1,52
2J14,B,1,53
2J14,B,1,71
2J14,B,1,72
2J14,B,1,73
2J14,B,1,74
2J14,B,1,75
2J14,B,1,76
2J14,B,1,77
2J14,B,1,78
2J14,B,1,284
2J14,B,1,285
2J4A,A,1,1
2J4A,A,1,2
2JF9,A,1,1
2JF9,A,1,2
2JF9,A,1,3
2JF9,A,1,4
2JF9,A,1,5
2JF9,A,1,6
2JF9,A,1,7
2JF9,A,1,8
2JF9,A,1,9
2JF9,A,1,10
2JF9,A,1,11
2JF9,A,1,12
2JF9,A,1,13
2JF9,A,1,14
2JF9,A,1,15
2JF9,A,1,16
2JF9,A,1,17
2JF9,A,1,18
2JF9,A,1,19
2JF9,A,1,20
2JF9,A,1,21
2JF9,A,1,22
2JF9,A,1,23
2JF9,A,1,180
2JF9,A,1,181
2JF9,A,1,182
2JF9,A,1,183
2JF9,A,1,184
2JF9,A,1,185
2JF9,A,1,186
2JF9,A,1,187
2JF9,A,1,188
2JF9,A,1,248
2JF9,A,1,249
2JF9,A,1,250
2JF9,A,1,251
2JF9,A,1,252
2JF9,B,1,1
2JF9,B,1,2
2JF9,B,1,3
2JF9,B,1,4
2JF9,B,1,5
2JF9,B,1,6
2JF9,B,1,7
2JF9,B,1,8
2JF9,B,1,9
2JF9,B,1,10
2JF9,B,1,11
2JF9,B,1,12
2JF9,B,1,13
2JF9,B,1,14
2JF9,B,1,15
2JF9,B,1,16
2JF9,B,1,17
2JF9,B,1,18
2JF9,B,1,19
2JF9,B,1,20
2JF9,B,1,21
2JF9,B,1,22
2JF9,B,1,23
2JF9,B,1,52
2JF9,B,1,53
2JF9,B,1,54
2JF9,B,1,55
2JF9,B,1,56
2JF9,B,1,57
2JF9,B,1,58
2JF9,B,1,59
2JF9,B,1,180
2JF9,B,1,181
2JF9,B,1,182
2JF9,B,1,183
2JF9,B,1,184
2JF9,B,1,185
2JF9,B,1,186
2JF9,B,1,187
2JF9,B,1,249
2JF9,B,1,250
2JF9,B,1,251
2JF9,B,1,252
2JF9,C,1,1
2JF9,C,1,2
2JF9,C,1,3
2JF9,C,1,4
2JF9,C,1,5
2JF9,C,1,6
2JF9,C,1,7
2JF9,C,1,8
2JF9,C,1,9
2JF9,C,1,10
2JF9,C,1,11
2JF9,C,1,12
2JF9,C,1,13
2JF9,C,1,14
2JF9,C,1,15
2JF9,C,1,16
2JF9,C,1,17
2JF9,C,1,18
2JF9,C,1,19
2JF9,C,1,20
2JF9,C,1,21
2JF9,C,1,22
2JF9,C,1,23
2JF9,C,1,178
2JF9,C,1,179
2JF9,C,1,180
2JF9,C,1,181
2JF9,C,1,182
2JF9,C,1,183
2JF9,C,1,184
2JF9,C,1,185
2JF9,C,1,186
2JF9,C,1,187
2JF9,C,1,188
2JF9,C,1,249
2JF9,C,1,250
2JF9,C,1,251
2JF9,C,1,252
2JFA,A,1,1
2JFA,A,1,2
2JFA,A,1,3
2JFA,A,1,4
2JFA,A,1,5
2JFA,A,1,6
2JFA,A,1,7
2JFA,A,1,8
2JFA,A,1,9
2JFA,A,1,10
2JFA,A,1,11
2JFA,A,1,12
2JFA,A,1,13
2JFA,A,1,14
2JFA,A,1,15
2JFA,A,1,16
2JFA,A,1,17
2JFA,A,1,18
2JFA,A,1,19
2JFA,A,1,20
2JFA,A,1,21
2JFA,A,1,22
2JFA,A,1,23
2JFA,A,1,51
2JFA,A,1,52
2JFA,A,1,53
2JFA,A,1,54
2JFA,A,1,249
2JFA,A,1,250
2JFA,A,1,251
2JFA,A,1,252
2JFA,B,1,1
2JFA,B,1,2
2JFA,B,1,3
2JFA,B,1,4
2JFA,B,1,5
2JFA,B,1,6
2JFA,B,1,7
2JFA,B,1,8
2JFA,B,1,9
2JFA,B,1,10
2JFA,B,1,11
2JFA,B,1,12
2JFA,B,1,13
2JFA,B,1,14
2JFA,B,1,15
2JFA,B,1,16
2JFA,B,1,17
2JFA,B,1,18
2JFA,B,1,19
2JFA,B,1,20
2JFA,B,1,21
2JFA,B,1,22
2JFA,B,1,23
2JFA,B,1,24
2JFA,B,1,248
2JFA,B,1,249
2JFA,B,1,250
2JFA,B,1,251
2JFA,B,1,252
2JFA,C,1,16
2JFA,D,1,16
2JJ3,A,1,1
2JJ3,A,1,2
2JJ3,A,1,3
2JJ3,A,1,4
2JJ3,A,1,5
2JJ3,A,1,6
2JJ3,A,1,7
2JJ3,A,1,8
2JJ3,A,1,9
2JJ3,A,1,10
2JJ3,A,1,11
2JJ3,A,1,12
2JJ3,A,1,38
2JJ3,A,1,39
2JJ3,A,1,40
2JJ3,A,1,41
2JJ3,A,1,42
2JJ3,A,1,43
2JJ3,A,1,167
2JJ3,A,1,168
2JJ3,A,1,169
2JJ3,A,1,170
2JJ3,A,1,171
2JJ3,A,1,172
2JJ3,A,1,173
2JJ3,A,1,233
2JJ3,A,1,234
2JJ3,A,1,252
2JJ3,A,1,253
2JJ3,A,1,254
2JJ3,A,1,255
2JJ3,A,1,256
2JJ3,A,1,257
2JJ3,B,1,1
2JJ3,B,1,2
2JJ3,B,1,3
2JJ3,B,1,4
2JJ3,B,1,5
2JJ3,B,1,6
2JJ3,B,1,7
2JJ3,B,1,8
2JJ3,B,1,9
2JJ3,B,1,10
2JJ3,B,1,11
2JJ3,B,1,38
2JJ3,B,1,39
2JJ3,B,1,40
2JJ3,B,1,41
2JJ3,B,1,42
2JJ3,B,1,43
2JJ3,B,1,167
2JJ3,B,1,168
2JJ3,B,1,169
2JJ3,B,1,170
2JJ3,B,1,171
2JJ3,B,1,172
2JJ3,B,1,173
2JJ3,B,1,233
2JJ3,B,1,234
2JJ3,B,1,254
2JJ3,B,1,255
2JJ3,B,1,256
2JJ3,B,1,257
2LBD,A,1,1
2LBD,A,1,2
2LBD,A,1,3
2LBD,A,1,4
2LBD,A,1,5
2LBD,A,1,6
2LBD,A,1,7
2LBD,A,1,8
2LBD,A,1,9
2LBD,A,1,10
2LBD,A,1,11
2LBD,A,1,12
2LBD,A,1,13
2LBD,A,1,14
2LBD,A,1,15
2LBD,A,1,16
2LBD,A,1,17
2LBD,A,1,18
2LBD,A,1,19
2LBD,A,1,20
2LBD,A,1,21
2LBD,A,1,22
2LBD,A,1,23
2LBD,A,1,24
2LBD,A,1,25
2LBD,A,1,264
2LBD,A,1,265
2LBD,A,1,266
2LBD,A,1,267
2NPA,A,1,270
2NPA,C,1,62
2NPA,C,1,63
2NPA,C,1,64
2NPA,D,1,1
2NPA,D,1,2
2NPA,D,1,13
2NPA,D,1,14
2NPA,D,1,15
2NV7,A,1,149
2NV7,A,1,150
2NV7,A,1,151
2NV7,A,1,152
2NV7,A,1,153
2NV7,A,1,154
2NV7,A,1,155
2NV7,A,1,156
2NV7,A,1,157
2NV7,A,1,158
2NV7,B,1,149
2NV7,B,1,150
2NV7,B,1,151
2NV7,B,1,152
2NV7,B,1,153
2NV7,B,1,154
2NV7,B,1,155
2NV7,B,1,156
2NV7,B,1,157
2NV7,B,1,158
2NV7,B,1,236
2NV7,B,1,237
2NV7,B,1,238
2O9I,A,1,38
2O9I,A,1,39
2O9I,A,1,40
2O9I,A,1,41
2O9I,A,1,42
2O9I,A,1,43
2O9I,A,1,44
2O9I,A,1,45
2O9I,A,1,46
2O9I,A,1,47
2O9I,A,1,48
2O9I,A,1,49
2O9I,A,1,50
2O9I,A,1,293
2O9I,B,1,38
2O9I,B,1,39
2O9I,B,1,40
2O9I,B,1,41
2O9I,B,1,42
2O9I,B,1,43
2O9I,B,1,44
2O9I,B,1,45
2O9I,B,1,46
2O9I,B,1,47
2O9I,B,1,48
2O9I,B,1,49
2O9I,B,1,50
2O9I,B,1,293
2OAX,A,1,1
2OAX,A,1,2
2OAX,A,1,3
2OAX,A,1,4
2OAX,A,1,5
2OAX,A,1,6
2OAX,A,1,7
2OAX,A,1,8
2OAX,A,1,9
2OAX,A,1,29
2OAX,A,1,30
2OAX,A,1,31
2OAX,A,1,181
2OAX,A,1,182
2OAX,A,1,183
2OAX,A,1,184
2OAX,A,1,185
2OAX,A,1,186
2OAX,A,1,187
2OAX,A,1,188
2OAX,A,1,189
2OAX,A,1,255
2OAX,A,1,256
2OAX,B,1,1
2OAX,B,1,2
2OAX,B,1,3
2OAX,B,1,4
2OAX,B,1,5
2OAX,B,1,6
2OAX,B,1,7
2OAX,B,1,8
2OAX,B,1,9
2OAX,B,1,10
2OAX,B,1,180
2OAX,B,1,181
2OAX,B,1,182
2OAX,B,1,183
2OAX,B,1,184
2OAX,B,1,185
2OAX,B,1,186
2OAX,B,1,187
2OAX,B,1,188
2OAX,B,1,189
2OAX,B,1,190
2OAX,B,1,255
2OAX,B,1,256
2OAX,C,1,1
2OAX,C,1,2
2OAX,C,1,3
2OAX,C,1,4
2OAX,C,1,5
2OAX,C,1,6
2OAX,C,1,7
2OAX,C,1,8
2OAX,C,1,9
2OAX,C,1,29
2OAX,C,1,30
2OAX,C,1,31
2OAX,C,1,182
2OAX,C,1,183
2OAX,C,1,184
2OAX,C,1,185
2OAX,C,1,186
2OAX,C,1,187
2OAX,C,1,188
2OAX,C,1,189
2OAX,C,1,190
2OAX,C,1,255
2OAX,C,1,256
2OAX,D,1,1
2OAX,D,1,2
2OAX,D,1,3
2OAX,D,1,4
2OAX,D,1,5
2OAX,D,1,6
2OAX,D,1,7
2OAX,D,1,8
2OAX,D,1,9
2OAX,D,1,29
2OAX,D,1,30
2OAX,D,1,31
2OAX,D,1,180
2OAX,D,1,181
2OAX,D,1,182
2OAX,D,1,183
2OAX,D,1,184
2OAX,D,1,185
2OAX,D,1,186
2OAX,D,1,187
2OAX,D,1,255
2OAX,D,1,256
2OAX,E,1,1
2OAX,E,1,2
2OAX,E,1,3
2OAX,E,1,4
2OAX,E,1,5
2OAX,E,1,6
2OAX,E,1,7
2OAX,E,1,8
2OAX,E,1,9
2OAX,E,1,180
2OAX,E,1,181
2OAX,E,1,182
2OAX,E,1,183
2OAX,E,1,184
2OAX,E,1,185
2OAX,E,1,186
2OAX,E,1,187
2OAX,E,1,188
2OAX,E,1,189
2OAX,E,1,190
2OAX,E,1,255
2OAX,E,1,256
2OAX,F,1,1
2OAX,F,1,2
2OAX,F,1,3
2OAX,F,1,4
2OAX,F,1,5
2OAX,F,1,6
2OAX,F,1,7
2OAX,F,1,8
2OAX,F,1,9
2OAX,F,1,29
2OAX,F,1,30
2OAX,F,1,31
2OAX,F,1,180
2OAX,F,1,181
2OAX,F,1,182
2OAX,F,1,183
2OAX,F,1,255
2OAX,F,1,256
2OCF,A,1,1
2OCF,A,1,2
2OCF,A,1,3
2OCF,A,1,4
2OCF,A,1,5
2OCF,A,1,6
2OCF,A,1,7
2OCF,A,1,164
2OCF,A,1,165
2OCF,A,1,166
2OCF,A,1,167
2OCF,A,1,168
2OCF,A,1,169
2OCF,A,1,170
2OCF,A,1,171
2OCF,A,1,172
2OCF,A,1,173
2OCF,A,1,174
2OCF,A,1,252
2OCF,A,1,253
2OCF,A,1,254
2OCF,A,1,255
2OCF,A,1,256
2OCF,A,1,257
2OCF,A,1,258
2OCF,A,1,259
2OCF,A,1,260
2OCF,A,1,261
2OCF,A,1,262
2OCF,A,1,263
2OCF,A,1,264
2OCF,A,1,265
2OCF,A,1,266
2OCF,A,1,267
2OCF,A,1,268
2OCF,A,1,269
2OCF,A,1,270
2OCF,A,1,271
2OCF,A,1,272
2OCF,A,1,273
2OCF,A,1,274
2OCF,A,1,275
2OCF,A,1,276
2OCF,A,1,277
2OCF,A,1,278
2OCF,A,1,279
2OCF,A,1,280
2OCF,A,1,281
2OCF,A,1,282
2OCF,A,1,283
2OCF,A,1,284
2OCF,A,1,285
2OCF,A,1,286
2OCF,A,1,287
2OCF,A,1,288
2OCF,A,1,289
2OCF,A,1,290
2OCF,A,1,291
2OCF,A,1,292
2OCF,A,1,293
2OCF,A,1,294
2OCF,A,1,295
2OCF,A,1,296
2OCF,A,1,297
2OCF,A,1,298
2OCF,B,1,1
2OCF,B,1,2
2OCF,B,1,3
2OCF,B,1,4
2OCF,B,1,5
2OCF,B,1,6
2OCF,B,1,7
2OCF,B,1,8
2OCF,B,1,9
2OCF,B,1,10
2OCF,B,1,11
2OCF,B,1,12
2OCF,B,1,13
2OCF,B,1,14
2OCF,B,1,15
2OCF,B,1,16
2OCF,B,1,17
2OCF,B,1,18
2OCF,B,1,19
2OCF,B,1,20
2OCF,B,1,21
2OCF,B,1,22
2OCF,B,1,23
2OCF,B,1,24
2OCF,B,1,25
2OCF,B,1,26
2OCF,B,1,27
2OCF,B,1,28
2OM9,A,1,1
2OM9,A,1,2
2OM9,A,1,3
2OM9,A,1,4
2OM9,A,1,5
2OM9,A,1,6
2OM9,A,1,7
2OM9,A,1,278
2OM9,B,1,1
2OM9,B,1,2
2OM9,B,1,3
2OM9,B,1,4
2OM9,B,1,5
2OM9,B,1,6
2OM9,B,1,7
2OM9,B,1,40
2OM9,B,1,41
2OM9,B,1,42
2OM9,B,1,43
2OM9,B,1,44
2OM9,B,1,71
2OM9,B,1,72
2OM9,B,1,73
2OM9,B,1,74
2OM9,B,1,75
2OM9,B,1,278
2OM9,C,1,1
2OM9,C,1,2
2OM9,C,1,3
2OM9,C,1,4
2OM9,C,1,5
2OM9,C,1,6
2OM9,C,1,7
2OM9,C,1,278
2OM9,D,1,1
2OM9,D,1,2
2OM9,D,1,3
2OM9,D,1,4
2OM9,D,1,5
2OM9,D,1,6
2OM9,D,1,7
2OM9,D,1,40
2OM9,D,1,41
2OM9,D,1,42
2OM9,D,1,43
2OM9,D,1,44
2OM9,D,1,71
2OM9,D,1,72
2OM9,D,1,73
2OM9,D,1,74
2OM9,D,1,75
2OM9,D,1,278
2OUZ,A,1,1
2OUZ,A,1,2
2OUZ,A,1,3
2OUZ,A,1,4
2OUZ,A,1,5
2OUZ,A,1,252
2OUZ,A,1,253
2OVH,A,1,1
2OVH,A,1,2
2OVH,A,1,3
2OVH,A,1,223
2OVH,A,1,224
2OVH,A,1,225
2OVH,A,1,226
2OVH,A,1,227
2OVH,A,1,228
2OVH,A,1,229
2OVH,A,1,230
2OVH,A,1,231
2OVH,A,1,256
2OVH,B,1,1
2OVH,B,1,2
2OVH,B,1,3
2OVH,B,1,17
2OVM,A,1,1
2OVM,A,1,2
2OVM,A,1,3
2OVM,A,1,4
2OVM,A,1,224
2OVM,A,1,225
2OVM,A,1,226
2OVM,A,1,227
2OVM,A,1,228
2OVM,A,1,229
2OVM,A,1,230
2OVM,A,1,231
2OVM,A,1,256
2OVM,B,1,1
2OVM,B,1,2
2OVM,B,1,3
2OVM,B,1,4
2OVM,B,1,5
2OVM,B,1,6
2OVM,B,1,7
2OVM,B,1,8
2OVM,B,1,9
2OVM,B,1,10
2OVM,B,1,11
2OVM,B,1,12
2OVM,B,1,24
2OVM,B,1,25
2P15,A,1,1
2P15,A,1,2
2P15,A,1,3
2P15,A,1,4
2P15,A,1,5
2P15,A,1,6
2P15,A,1,7
2P15,A,1,8
2P15,A,1,36
2P15,A,1,37
2P15,A,1,38
2P15,A,1,254
2P15,A,1,255
2P15,A,1,256
2P15,A,1,257
2P15,A,1,258
2P15,B,1,1
2P15,B,1,2
2P15,B,1,3
2P15,B,1,4
2P15,B,1,5
2P15,B,1,6
2P15,B,1,7
2P15,B,1,8
2P15,B,1,9
2P15,B,1,166
2P15,B,1,167
2P15,B,1,168
2P15,B,1,255
2P15,B,1,256
2P15,B,1,257
2P15,B,1,258
2P15,C,1,1
2P15,C,1,13
2P15,D,1,12
2P15,D,1,13
2P1T,A,1,1
2P1T,A,1,2
2P1T,A,1,3
2P1T,A,1,4
2P1T,A,1,5
2P1T,A,1,6
2P1T,A,1,22
2P1T,A,1,23
2P1T,A,1,24
2P1T,A,1,25
2P1T,A,1,26
2P1T,A,1,27
2P1T,A,1,28
2P1T,A,1,29
2P1T,A,1,30
2P1T,A,1,31
2P1T,A,1,32
2P1T,A,1,33
2P1T,A,1,34
2P1T,A,1,35
2P1T,A,1,36
2P1T,A,1,37
2P1T,A,1,38
2P1T,A,1,39
2P1T,A,1,40
2P1T,A,1,237
2P1T,A,1,238
2P1T,A,1,239
2P1T,A,1,240
2P1T,B,1,1
2P1T,B,1,12
2P1T,B,1,13
2P1U,A,1,1
2P1U,A,1,2
2P1U,A,1,3
2P1U,A,1,4
2P1U,A,1,5
2P1U,A,1,6
2P1U,A,1,22
2P1U,A,1,23
2P1U,A,1,24
2P1U,A,1,25
2P1U,A,1,26
2P1U,A,1,27
2P1U,A,1,28
2P1U,A,1,29
2P1U,A,1,30
2P1U,A,1,31
2P1U,A,1,32
2P1U,A,1,33
2P1U,A,1,34
2P1U,A,1,35
2P1U,A,1,36
2P1U,A,1,37
2P1U,A,1,38
2P1U,A,1,39
2P1U,A,1,40
2P1U,A,1,237
2P1U,A,1,238
2P1U,A,1,239
2P1U,A,1,240
2P1U,B,1,1
2P1U,B,1,12
2P1U,B,1,13
2P1V,A,1,1
2P1V,A,1,2
2P1V,A,1,3
2P1V,A,1,4
2P1V,A,1,5
2P1V,A,1,6
2P1V,A,1,22
2P1V,A,1,23
2P1V,A,1,24
2P1V,A,1,25
2P1V,A,1,26
2P1V,A,1,27
2P1V,A,1,28
2P1V,A,1,29
2P1V,A,1,30
2P1V,A,1,31
2P1V,A,1,32
2P1V,A,1,33
2P1V,A,1,34
2P1V,A,1,35
2P1V,A,1,36
2P1V,A,1,37
2P1V,A,1,38
2P1V,A,1,39
2P1V,A,1,40
2P1V,A,1,237
2P1V,A,1,238
2P1V,A,1,239
2P1V,A,1,240
2P1V,B,1,1
2P1V,B,1,12
2P1V,B,1,13
2P4Y,A,1,1
2P4Y,A,1,2
2P4Y,A,1,3
2P4Y,A,1,4
2P4Y,A,1,39
2P4Y,A,1,40
2P4Y,A,1,41
2P4Y,A,1,42
2P4Y,A,1,43
2P4Y,A,1,55
2P4Y,A,1,56
2P4Y,A,1,57
2P4Y,A,1,58
2P4Y,A,1,59
2P4Y,A,1,60
2P4Y,A,1,61
2P4Y,A,1,62
2P4Y,A,1,63
2P4Y,A,1,64
2P4Y,A,1,65
2P4Y,A,1,66
2P4Y,A,1,67
2P4Y,A,1,68
2P4Y,A,1,69
2P4Y,A,1,70
2P4Y,A,1,71
2P4Y,A,1,72
2P4Y,A,1,73
2P4Y,A,1,74
2P4Y,A,1,75
2P4Y,A,1,76
2P4Y,A,1,77
2P4Y,A,1,78
2P4Y,B,1,1
2P4Y,B,1,2
2P4Y,B,1,3
2P4Y,B,1,4
2P4Y,B,1,5
2P4Y,B,1,6
2P4Y,B,1,7
2P4Y,B,1,8
2P4Y,B,1,38
2P4Y,B,1,39
2P4Y,B,1,40
2P4Y,B,1,41
2P4Y,B,1,42
2P4Y,B,1,43
2P4Y,B,1,44
2P4Y,B,1,55
2P4Y,B,1,56
2P4Y,B,1,57
2P4Y,B,1,58
2P4Y,B,1,59
2P4Y,B,1,60
2P4Y,B,1,61
2P4Y,B,1,62
2P4Y,B,1,63
2P4Y,B,1,64
2P4Y,B,1,65
2P4Y,B,1,66
2P4Y,B,1,67
2P4Y,B,1,68
2P4Y,B,1,69
2P4Y,B,1,70
2P4Y,B,1,71
2P4Y,B,1,72
2P4Y,B,1,73
2P4Y,B,1,74
2P4Y,B,1,75
2P4Y,B,1,76
2P4Y,B,1,77
2P4Y,B,1,254
2P4Y,B,1,255
2P4Y,B,1,256
2P4Y,B,1,257
2P4Y,B,1,258
2P4Y,B,1,259
2P4Y,B,1,260
2P4Y,B,1,261
2P4Y,B,1,262
2P4Y,B,1,263
2P4Y,B,1,264
2P4Y,B,1,265
2P7A,A,1,1
2P7A,A,1,2
2P7A,A,1,3
2P7A,A,1,4
2P7A,A,1,5
2P7A,A,1,6
2P7A,A,1,7
2P7A,A,1,8
2P7A,A,1,9
2P7A,A,1,10
2P7A,A,1,11
2P7A,A,1,12
2P7A,A,1,13
2P7A,A,1,14
2P7A,A,1,15
2P7A,A,1,16
2P7A,A,1,17
2P7A,A,1,18
2P7A,A,1,19
2P7A,A,1,20
2P7A,A,1,21
2P7A,A,1,22
2P7A,A,1,23
2P7A,A,1,24
2P7A,A,1,25
2P7A,A,1,26
2P7A,A,1,250
2P7A,A,1,251
2P7G,A,1,1
2P7G,A,1,2
2P7G,A,1,3
2P7G,A,1,4
2P7G,A,1,5
2P7G,A,1,6
2P7G,A,1,7
2P7G,A,1,8
2P7G,A,1,9
2P7G,A,1,10
2P7G,A,1,11
2P7G,A,1,12
2P7G,A,1,13
2P7G,A,1,14
2P7G,A,1,15
2P7G,A,1,16
2P7G,A,1,17
2P7G,A,1,18
2P7G,A,1,19
2P7G,A,1,20
2P7G,A,1,21
2P7G,A,1,22
2P7G,A,1,23
2P7G,A,1,24
2P7G,A,1,25
2P7G,A,1,26
2P7G,A,1,27
2P7G,A,1,250
2P7G,A,1,251
2P7Z,A,1,1
2P7Z,A,1,2
2P7Z,A,1,3
2P7Z,A,1,4
2P7Z,A,1,5
2P7Z,A,1,6
2P7Z,A,1,7
2P7Z,A,1,8
2P7Z,A,1,9
2P7Z,A,1,10
2P7Z,A,1,11
2P7Z,A,1,12
2P7Z,A,1,13
2P7Z,A,1,14
2P7Z,A,1,15
2P7Z,A,1,16
2P7Z,A,1,17
2P7Z,A,1,18
2P7Z,A,1,19
2P7Z,A,1,20
2P7Z,A,1,21
2P7Z,A,1,22
2P7Z,A,1,23
2P7Z,A,1,24
2P7Z,A,1,25
2P7Z,A,1,26
2P7Z,A,1,27
2P7Z,A,1,235
2P7Z,A,1,236
2P7Z,A,1,237
2P7Z,A,1,238
2P7Z,A,1,239
2P7Z,A,1,240
2P7Z,A,1,241
2P7Z,A,1,242
2P7Z,A,1,243
2P7Z,A,1,244
2P7Z,A,1,245
2P7Z,A,1,246
2P7Z,A,1,247
2P7Z,A,1,248
2P7Z,A,1,249
2P7Z,A,1,250
2P7Z,A,1,251
2PIN,A,1,1
2PIN,A,1,47
2PIN,A,1,48
2PIN,A,1,49
2PIN,A,1,50
2PIN,A,1,51
2PIN,A,1,52
2PIN,A,1,253
2PIN,B,1,1
2PIN,B,1,2
2PIN,B,1,253
2PIO,A,1,1
2PIO,A,1,2
2PIO,A,1,251
2PIP,A,1,1
2PIP,A,1,251
2PIQ,A,1,1
2PIQ,A,1,251
2PIR,A,1,251
2PIT,A,1,251
2PIU,A,1,1
2PIU,A,1,2
2PIU,A,1,251
2PIV,A,1,1
2PIV,A,1,251
2PIW,A,1,1
2PIW,A,1,2
2PIW,A,1,251
2PIX,A,1,1
2PIX,A,1,2
2PIX,A,1,251
2PJL,A,1,1
2PJL,A,1,2
2PJL,A,1,3
2PJL,A,1,4
2PJL,A,1,5
2PJL,A,1,6
2PJL,A,1,7
2PJL,A,1,8
2PJL,A,1,9
2PJL,A,1,37
2PJL,A,1,38
2PJL,A,1,39
2PJL,A,1,40
2PJL,A,1,41
2PJL,A,1,42
2PJL,A,1,43
2PJL,A,1,44
2PJL,A,1,45
2PJL,A,1,190
2PJL,A,1,191
2PJL,A,1,192
2PJL,A,1,193
2PJL,A,1,194
2PJL,A,1,195
2PJL,A,1,196
2PJL,A,1,197
2PJL,A,1,198
2PJL,A,1,246
2PJL,A,1,247
2PJL,B,1,1
2PJL,B,1,2
2PJL,B,1,3
2PJL,B,1,4
2PJL,B,1,5
2PJL,B,1,6
2PJL,B,1,7
2PJL,B,1,8
2PJL,B,1,9
2PJL,B,1,37
2PJL,B,1,38
2PJL,B,1,39
2PJL,B,1,40
2PJL,B,1,41
2PJL,B,1,42
2PJL,B,1,43
2PJL,B,1,44
2PJL,B,1,45
2PJL,B,1,190
2PJL,B,1,191
2PJL,B,1,192
2PJL,B,1,193
2PJL,B,1,194
2PJL,B,1,195
2PJL,B,1,196
2PJL,B,1,197
2PJL,B,1,198
2PJL,B,1,246
2PJL,B,1,247
2PKL,A,1,1
2PKL,A,1,251
2PNU,A,1,1
2PNU,A,1,2
2PNU,A,1,3
2PNU,A,1,4
2PNU,A,1,5
2PNU,A,1,6
2PNU,A,1,7
2PNU,A,1,8
2PNU,A,1,9
2PNU,A,1,10
2PNU,A,1,11
2PNU,A,1,12
2PNU,A,1,13
2PNU,A,1,14
2PNU,A,1,15
2PNU,A,1,16
2PNU,A,1,192
2PNU,A,1,193
2PNU,A,1,194
2PNU,A,1,195
2PNU,A,1,196
2POB,A,1,1
2POB,A,1,36
2POB,A,1,37
2POB,A,1,38
2POB,A,1,59
2POB,A,1,60
2POB,A,1,61
2POB,A,1,62
2POB,A,1,63
2POB,A,1,64
2POB,A,1,65
2POB,A,1,66
2POB,A,1,67
2POB,A,1,68
2POB,A,1,69
2POB,A,1,271
2POB,A,1,272
2POB,B,1,35
2POB,B,1,36
2POB,B,1,37
2POB,B,1,38
2POB,B,1,39
2POB,B,1,54
2POB,B,1,55
2POB,B,1,56
2POB,B,1,57
2POB,B,1,58
2POB,B,1,59
2POB,B,1,60
2POB,B,1,61
2POB,B,1,62
2POB,B,1,63
2POB,B,1,64
2POB,B,1,65
2POB,B,1,66
2POB,B,1,67
2POB,B,1,257
2POB,B,1,258
2POB,B,1,259
2POB,B,1,270
2POB,B,1,271
2POB,B,1,272
2POG,A,1,1
2POG,A,1,2
2POG,A,1,29
2POG,A,1,30
2POG,A,1,31
2POG,A,1,32
2POG,A,1,33
2POG,A,1,34
2POG,A,1,35
2POG,A,1,36
2POG,A,1,227
2POG,A,1,228
2POG,A,1,229
2POG,A,1,230
2POG,A,1,248
2POG,B,1,1
2POG,B,1,2
2POG,B,1,28
2POG,B,1,29
2POG,B,1,30
2POG,B,1,31
2POG,B,1,32
2POG,B,1,33
2POG,B,1,34
2POG,B,1,35
2POG,B,1,36
2POG,B,1,37
2POG,B,1,159
2POG,B,1,160
2POG,B,1,226
2POG,B,1,227
2POG,B,1,228
2POG,B,1,229
2POG,B,1,230
2POG,B,1,231
2POG,B,1,232
2POG,B,1,233
2POG,B,1,234
2POG,B,1,235
2POG,B,1,236
2POG,B,1,237
2POG,B,1,238
2POG,B,1,239
2POG,B,1,240
2POG,B,1,241
2POG,B,1,242
2POG,B,1,243
2POG,B,1,244
2POG,B,1,245
2POG,B,1,246
2POG,B,1,247
2POG,B,1,248
2PRG,B,1,33
2PRG,B,1,34
2PRG,B,1,35
2PRG,B,1,36
2PRG,B,1,37
2PRG,B,1,38
2PRG,B,1,39
2PRG,B,1,40
2PRG,B,1,41
2PRG,B,1,51
2PRG,B,1,52
2PRG,B,1,53
2PRG,B,1,54
2PRG,B,1,55
2PRG,B,1,56
2PRG,B,1,57
2PRG,B,1,58
2PRG,B,1,59
2PRG,B,1,60
2PRG,B,1,61
2PRG,B,1,62
2PRG,B,1,63
2PRG,B,1,64
2PRG,B,1,65
2PRG,B,1,66
2PRG,C,1,1
2PRG,C,1,2
2PRG,C,1,3
2PRG,C,1,4
2PRG,C,1,5
2PRG,C,1,19
2PRG,C,1,20
2PRG,C,1,21
2PRG,C,1,22
2PRG,C,1,23
2PRG,C,1,24
2PRG,C,1,25
2PRG,C,1,26
2PRG,C,1,27
2PRG,C,1,28
2PRG,C,1,29
2PRG,C,1,30
2PRG,C,1,31
2PRG,C,1,32
2PRG,C,1,33
2PRG,C,1,34
2PRG,C,1,35
2PRG,C,1,36
2PRG,C,1,37
2PRG,C,1,38
2PRG,C,1,39
2PRG,C,1,40
2PRG,C,1,41
2PRG,C,1,42
2PRG,C,1,43
2PRG,C,1,44
2PRG,C,1,45
2PRG,C,1,46
2PRG,C,1,47
2PRG,C,1,48
2PRG,C,1,49
2PRG,C,1,50
2PRG,C,1,51
2PRG,C,1,52
2PRG,C,1,53
2PRG,C,1,54
2PRG,C,1,55
2PRG,C,1,56
2PRG,C,1,57
2PRG,C,1,58
2PRG,C,1,59
2PRG,C,1,60
2PRG,C,1,61
2PRG,C,1,62
2PRG,C,1,82
2PRG,C,1,83
2PRG,C,1,84
2PRG,C,1,85
2PRG,C,1,86
2PRG,C,1,87
2PRG,C,1,88
2Q3Y,A,1,1
2Q3Y,A,1,2
2Q3Y,A,1,174
2Q3Y,A,1,175
2Q3Y,A,1,176
2Q59,A,1,1
2Q59,A,1,2
2Q59,A,1,3
2Q59,A,1,58
2Q59,A,1,59
2Q59,A,1,60
2Q59,A,1,61
2Q59,A,1,62
2Q59,A,1,63
2Q59,A,1,64
2Q59,A,1,65
2Q59,A,1,66
2Q59,A,1,67
2Q59,A,1,68
2Q59,A,1,69
2Q59,A,1,70
2Q59,A,1,71
2Q59,A,1,273
2Q59,A,1,274
2Q59,B,1,1
2Q59,B,1,2
2Q59,B,1,3
2Q59,B,1,65
2Q59,B,1,66
2Q59,B,1,67
2Q59,B,1,68
2Q59,B,1,69
2Q59,B,1,70
2Q59,B,1,71
2Q59,B,1,254
2Q59,B,1,255
2Q59,B,1,256
2Q59,B,1,257
2Q59,B,1,258
2Q59,B,1,259
2Q59,B,1,260
2Q59,B,1,261
2Q59,B,1,262
2Q59,B,1,273
2Q59,B,1,274
2Q5G,A,1,1
2Q5G,A,1,2
2Q5G,A,1,3
2Q5G,A,1,4
2Q5G,A,1,5
2Q5G,A,1,6
2Q5G,A,1,7
2Q5G,A,1,8
2Q5G,A,1,9
2Q5G,A,1,10
2Q5G,A,1,11
2Q5G,A,1,12
2Q5G,A,1,13
2Q5G,A,1,14
2Q5G,A,1,15
2Q5G,A,1,48
2Q5G,A,1,49
2Q5G,A,1,71
2Q5G,A,1,72
2Q5G,A,1,73
2Q5G,A,1,74
2Q5G,A,1,75
2Q5G,A,1,76
2Q5G,A,1,77
2Q5G,A,1,78
2Q5G,A,1,79
2Q5G,A,1,80
2Q5G,A,1,81
2Q5G,A,1,265
2Q5G,A,1,266
2Q5G,A,1,267
2Q5G,A,1,268
2Q5G,A,1,269
2Q5G,A,1,270
2Q5G,A,1,271
2Q5G,A,1,272
2Q5G,A,1,281
2Q5G,A,1,282
2Q5G,A,1,283
2Q5G,B,1,1
2Q5G,B,1,2
2Q5G,B,1,3
2Q5G,B,1,4
2Q5G,B,1,5
2Q5G,B,1,6
2Q5G,B,1,7
2Q5G,B,1,8
2Q5G,B,1,9
2Q5G,B,1,10
2Q5G,B,1,11
2Q5G,B,1,12
2Q5G,B,1,13
2Q5G,B,1,14
2Q5G,B,1,46
2Q5G,B,1,47
2Q5G,B,1,48
2Q5G,B,1,49
2Q5G,B,1,50
2Q5G,B,1,71
2Q5G,B,1,72
2Q5G,B,1,73
2Q5G,B,1,74
2Q5G,B,1,75
2Q5G,B,1,76
2Q5G,B,1,77
2Q5G,B,1,78
2Q5G,B,1,79
2Q5G,B,1,80
2Q5G,B,1,81
2Q5G,B,1,266
2Q5G,B,1,267
2Q5G,B,1,268
2Q5G,B,1,269
2Q5G,B,1,270
2Q5G,B,1,271
2Q5G,B,1,272
2Q5G,B,1,273
2Q5G,B,1,274
2Q5G,B,1,275
2Q5G,B,1,276
2Q5G,B,1,277
2Q5G,B,1,278
2Q5G,B,1,279
2Q5G,B,1,280
2Q5G,B,1,281
2Q5G,B,1,282
2Q5G,B,1,283
2Q5P,A,1,1
2Q5P,A,1,2
2Q5P,A,1,3
2Q5P,A,1,58
2Q5P,A,1,59
2Q5P,A,1,60
2Q5P,A,1,61
2Q5P,A,1,62
2Q5P,A,1,63
2Q5P,A,1,64
2Q5P,A,1,65
2Q5P,A,1,66
2Q5P,A,1,67
2Q5P,A,1,68
2Q5P,A,1,69
2Q5P,A,1,70
2Q5P,A,1,71
2Q5P,A,1,274
2Q5P,B,1,1
2Q5P,B,1,2
2Q5P,B,1,3
2Q5P,B,1,38
2Q5P,B,1,39
2Q5P,B,1,40
2Q5P,B,1,41
2Q5P,B,1,57
2Q5P,B,1,58
2Q5P,B,1,59
2Q5P,B,1,60
2Q5P,B,1,66
2Q5P,B,1,67
2Q5P,B,1,68
2Q5P,B,1,69
2Q5P,B,1,70
2Q5P,B,1,71
2Q5P,B,1,72
2Q5P,B,1,73
2Q5P,B,1,254
2Q5P,B,1,255
2Q5P,B,1,256
2Q5P,B,1,257
2Q5P,B,1,258
2Q5P,B,1,259
2Q5P,B,1,260
2Q5P,B,1,261
2Q5P,B,1,273
2Q5P,B,1,274
2Q5S,A,1,1
2Q5S,A,1,2
2Q5S,A,1,3
2Q5S,A,1,4
2Q5S,A,1,58
2Q5S,A,1,59
2Q5S,A,1,60
2Q5S,A,1,61
2Q5S,A,1,62
2Q5S,A,1,63
2Q5S,A,1,64
2Q5S,A,1,65
2Q5S,A,1,66
2Q5S,A,1,67
2Q5S,A,1,68
2Q5S,A,1,69
2Q5S,A,1,70
2Q5S,A,1,71
2Q5S,B,1,1
2Q5S,B,1,2
2Q5S,B,1,3
2Q5S,B,1,38
2Q5S,B,1,39
2Q5S,B,1,40
2Q5S,B,1,64
2Q5S,B,1,65
2Q5S,B,1,66
2Q5S,B,1,67
2Q5S,B,1,68
2Q5S,B,1,69
2Q5S,B,1,70
2Q5S,B,1,71
2Q5S,B,1,261
2Q5S,B,1,274
2Q61,A,1,1
2Q61,A,1,2
2Q61,A,1,3
2Q61,A,1,4
2Q61,A,1,5
2Q61,A,1,59
2Q61,A,1,60
2Q61,A,1,61
2Q61,A,1,62
2Q61,A,1,63
2Q61,A,1,64
2Q61,A,1,65
2Q61,A,1,66
2Q61,A,1,67
2Q61,A,1,68
2Q61,A,1,69
2Q61,A,1,70
2Q61,A,1,71
2Q61,B,1,1
2Q61,B,1,2
2Q61,B,1,3
2Q61,B,1,39
2Q61,B,1,40
2Q61,B,1,65
2Q61,B,1,66
2Q61,B,1,67
2Q61,B,1,68
2Q61,B,1,69
2Q61,B,1,70
2Q61,B,1,71
2Q61,B,1,261
2Q61,B,1,262
2Q61,B,1,274
2Q6J,A,1,1
2Q6J,A,1,2
2Q6J,A,1,3
2Q6J,A,1,4
2Q6J,A,1,5
2Q6J,A,1,6
2Q6J,A,1,7
2Q6J,A,1,8
2Q6J,A,1,9
2Q6J,A,1,165
2Q6J,A,1,166
2Q6J,A,1,254
2Q6J,A,1,255
2Q6J,A,1,256
2Q6J,A,1,257
2Q6J,A,1,258
2Q6J,B,1,1
2Q6J,B,1,2
2Q6J,B,1,3
2Q6J,B,1,4
2Q6J,B,1,5
2Q6J,B,1,6
2Q6J,B,1,7
2Q6J,B,1,8
2Q6J,B,1,163
2Q6J,B,1,164
2Q6J,B,1,165
2Q6J,B,1,166
2Q6J,B,1,167
2Q6J,B,1,168
2Q6J,B,1,169
2Q6J,B,1,170
2Q6J,B,1,171
2Q6J,B,1,172
2Q6J,B,1,173
2Q6J,B,1,253
2Q6J,B,1,254
2Q6J,B,1,255
2Q6J,B,1,256
2Q6J,B,1,257
2Q6J,B,1,258
2Q6J,C,1,1
2Q6J,C,1,2
2Q6J,C,1,13
2Q6J,D,1,1
2Q6J,D,1,12
2Q6J,D,1,13
2Q6R,A,1,1
2Q6R,A,1,2
2Q6R,A,1,3
2Q6R,A,1,58
2Q6R,A,1,59
2Q6R,A,1,60
2Q6R,A,1,61
2Q6R,A,1,62
2Q6R,A,1,63
2Q6R,A,1,64
2Q6R,A,1,65
2Q6R,A,1,66
2Q6R,A,1,67
2Q6R,A,1,68
2Q6R,A,1,69
2Q6R,A,1,70
2Q6R,A,1,71
2Q6R,A,1,154
2Q6R,A,1,155
2Q6R,A,1,156
2Q6R,A,1,157
2Q6R,A,1,247
2Q6R,A,1,248
2Q6R,A,1,249
2Q6R,A,1,250
2Q6R,A,1,251
2Q6R,A,1,252
2Q6R,A,1,253
2Q6R,A,1,254
2Q6R,A,1,255
2Q6R,A,1,256
2Q6R,A,1,257
2Q6R,A,1,258
2Q6R,A,1,259
2Q6R,A,1,260
2Q6R,A,1,261
2Q6R,A,1,262
2Q6R,A,1,263
2Q6R,A,1,274
2Q6R,B,1,1
2Q6R,B,1,2
2Q6R,B,1,3
2Q6R,B,1,64
2Q6R,B,1,65
2Q6R,B,1,66
2Q6R,B,1,67
2Q6R,B,1,68
2Q6R,B,1,69
2Q6R,B,1,70
2Q6R,B,1,71
2Q6R,B,1,256
2Q6R,B,1,257
2Q6R,B,1,258
2Q6R,B,1,259
2Q6R,B,1,260
2Q6S,A,1,1
2Q6S,A,1,2
2Q6S,A,1,3
2Q6S,A,1,58
2Q6S,A,1,59
2Q6S,A,1,60
2Q6S,A,1,61
2Q6S,A,1,62
2Q6S,A,1,63
2Q6S,A,1,64
2Q6S,A,1,65
2Q6S,A,1,66
2Q6S,A,1,67
2Q6S,A,1,68
2Q6S,A,1,69
2Q6S,A,1,70
2Q6S,A,1,71
2Q6S,A,1,272
2Q6S,A,1,273
2Q6S,A,1,274
2Q6S,B,1,1
2Q6S,B,1,2
2Q6S,B,1,3
2Q6S,B,1,65
2Q6S,B,1,66
2Q6S,B,1,67
2Q6S,B,1,68
2Q6S,B,1,69
2Q6S,B,1,70
2Q6S,B,1,71
2Q6S,B,1,254
2Q6S,B,1,255
2Q6S,B,1,256
2Q6S,B,1,257
2Q6S,B,1,258
2Q6S,B,1,259
2Q6S,B,1,260
2Q6S,B,1,261
2Q6S,B,1,262
2Q6S,B,1,273
2Q6S,B,1,274
2Q70,A,1,1
2Q70,A,1,2
2Q70,A,1,31
2Q70,A,1,32
2Q70,A,1,33
2Q70,A,1,34
2Q70,A,1,226
2Q70,A,1,227
2Q70,A,1,228
2Q70,A,1,229
2Q70,A,1,230
2Q70,A,1,247
2Q70,A,1,248
2Q70,B,1,1
2Q70,B,1,2
2Q70,B,1,28
2Q70,B,1,29
2Q70,B,1,30
2Q70,B,1,31
2Q70,B,1,32
2Q70,B,1,33
2Q70,B,1,34
2Q70,B,1,35
2Q70,B,1,36
2Q70,B,1,37
2Q70,B,1,159
2Q70,B,1,160
2Q70,B,1,226
2Q70,B,1,227
2Q70,B,1,228
2Q70,B,1,229
2Q70,B,1,230
2Q70,B,1,231
2Q70,B,1,232
2Q70,B,1,233
2Q70,B,1,234
2Q70,B,1,235
2Q70,B,1,236
2Q70,B,1,237
2Q70,B,1,238
2Q70,B,1,239
2Q70,B,1,240
2Q70,B,1,241
2Q70,B,1,242
2Q70,B,1,243
2Q70,B,1,244
2Q70,B,1,245
2Q70,B,1,246
2Q70,B,1,247
2Q70,B,1,248
2Q7I,A,1,1
2Q7I,A,1,2
2Q7I,A,1,3
2Q7I,A,1,4
2Q7I,A,1,5
2Q7I,A,1,6
2Q7I,A,1,7
2Q7I,A,1,8
2Q7I,A,1,181
2Q7I,A,1,182
2Q7I,A,1,183
2Q7I,A,1,184
2Q7I,A,1,185
2Q7I,A,1,186
2Q7I,A,1,187
2Q7I,A,1,188
2Q7I,B,1,1
2Q7J,A,1,1
2Q7J,A,1,2
2Q7J,A,1,3
2Q7J,A,1,4
2Q7J,A,1,5
2Q7J,A,1,6
2Q7J,A,1,7
2Q7J,A,1,8
2Q7J,A,1,182
2Q7J,A,1,183
2Q7J,B,1,1
2Q7K,A,1,1
2Q7K,A,1,2
2Q7K,A,1,3
2Q7K,A,1,4
2Q7K,A,1,5
2Q7K,A,1,6
2Q7K,A,1,7
2Q7K,A,1,8
2Q7K,A,1,182
2Q7K,A,1,183
2Q7K,A,1,184
2Q7K,A,1,185
2Q7K,A,1,186
2Q7K,A,1,187
2Q7K,A,1,188
2Q7K,B,1,1
2Q7L,A,1,1
2Q7L,A,1,2
2Q7L,A,1,3
2Q7L,A,1,4
2Q7L,A,1,5
2Q7L,A,1,6
2Q7L,A,1,7
2Q7L,A,1,8
2Q7L,A,1,182
2Q7L,A,1,183
2Q7L,B,1,1
2Q8S,A,1,55
2Q8S,A,1,56
2Q8S,A,1,57
2Q8S,A,1,58
2Q8S,A,1,59
2Q8S,A,1,60
2Q8S,A,1,61
2Q8S,A,1,62
2Q8S,A,1,63
2Q8S,A,1,64
2Q8S,A,1,65
2Q8S,A,1,66
2Q8S,A,1,67
2Q8S,A,1,68
2Q8S,A,1,69
2Q8S,A,1,269
2Q8S,A,1,270
2Q8S,A,1,271
2Q8S,B,1,32
2Q8S,B,1,60
2Q8S,B,1,61
2Q8S,B,1,62
2Q8S,B,1,63
2Q8S,B,1,64
2Q8S,B,1,65
2Q8S,B,1,66
2Q8S,B,1,67
2Q8S,B,1,68
2Q8S,B,1,256
2Q8S,B,1,257
2Q8S,B,1,258
2Q8S,B,1,259
2Q8S,B,1,260
2Q8S,B,1,270
2Q8S,B,1,271
2QA6,A,1,1
2QA6,A,1,2
2QA6,A,1,3
2QA6,A,1,4
2QA6,A,1,5
2QA6,A,1,6
2QA6,A,1,7
2QA6,A,1,8
2QA6,A,1,37
2QA6,A,1,38
2QA6,A,1,254
2QA6,A,1,255
2QA6,A,1,256
2QA6,A,1,257
2QA6,A,1,258
2QA6,B,1,1
2QA6,B,1,2
2QA6,B,1,3
2QA6,B,1,4
2QA6,B,1,5
2QA6,B,1,6
2QA6,B,1,7
2QA6,B,1,8
2QA6,B,1,9
2QA6,B,1,166
2QA6,B,1,167
2QA6,B,1,168
2QA6,B,1,255
2QA6,B,1,256
2QA6,B,1,257
2QA6,B,1,258
2QA6,C,1,1
2QA6,C,1,2
2QA6,C,1,12
2QA6,C,1,13
2QA6,D,1,12
2QA6,D,1,13
2QA8,A,1,1
2QA8,A,1,2
2QA8,A,1,3
2QA8,A,1,4
2QA8,A,1,5
2QA8,A,1,6
2QA8,A,1,7
2QA8,A,1,8
2QA8,A,1,35
2QA8,A,1,36
2QA8,A,1,37
2QA8,A,1,38
2QA8,A,1,39
2QA8,A,1,40
2QA8,A,1,166
2QA8,A,1,167
2QA8,A,1,168
2QA8,A,1,169
2QA8,A,1,170
2QA8,A,1,171
2QA8,A,1,172
2QA8,A,1,173
2QA8,A,1,253
2QA8,A,1,254
2QA8,A,1,255
2QA8,A,1,256
2QA8,A,1,257
2QA8,A,1,258
2QA8,B,1,1
2QA8,B,1,2
2QA8,B,1,3
2QA8,B,1,4
2QA8,B,1,5
2QA8,B,1,6
2QA8,B,1,7
2QA8,B,1,8
2QA8,B,1,164
2QA8,B,1,165
2QA8,B,1,166
2QA8,B,1,167
2QA8,B,1,168
2QA8,B,1,169
2QA8,B,1,170
2QA8,B,1,171
2QA8,B,1,172
2QA8,B,1,173
2QA8,B,1,254
2QA8,B,1,255
2QA8,B,1,256
2QA8,B,1,257
2QA8,B,1,258
2QA8,C,1,1
2QA8,C,1,12
2QA8,C,1,13
2QA8,D,1,1
2QA8,D,1,2
2QA8,D,1,12
2QA8,D,1,13
2QAB,A,1,1
2QAB,A,1,2
2QAB,A,1,3
2QAB,A,1,4
2QAB,A,1,5
2QAB,A,1,6
2QAB,A,1,7
2QAB,A,1,8
2QAB,A,1,166
2QAB,A,1,167
2QAB,A,1,168
2QAB,A,1,169
2QAB,A,1,170
2QAB,A,1,171
2QAB,A,1,172
2QAB,A,1,173
2QAB,A,1,253
2QAB,A,1,254
2QAB,A,1,255
2QAB,A,1,256
2QAB,A,1,257
2QAB,A,1,258
2QAB,B,1,1
2QAB,B,1,2
2QAB,B,1,3
2QAB,B,1,4
2QAB,B,1,5
2QAB,B,1,6
2QAB,B,1,7
2QAB,B,1,8
2QAB,B,1,254
2QAB,B,1,255
2QAB,B,1,256
2QAB,B,1,257
2QAB,B,1,258
2QAB,C,1,12
2QAB,C,1,13
2QAB,D,1,1
2QAB,D,1,2
2QAB,D,1,12
2QAB,D,1,13
2QE4,A,1,1
2QE4,A,1,2
2QE4,A,1,28
2QE4,A,1,29
2QE4,A,1,30
2QE4,A,1,31
2QE4,A,1,32
2QE4,A,1,158
2QE4,A,1,159
2QE4,A,1,160
2QE4,A,1,161
2QE4,A,1,162
2QE4,A,1,163
2QE4,A,1,164
2QE4,A,1,165
2QE4,A,1,166
2QE4,A,1,167
2QE4,A,1,168
2QE4,A,1,226
2QE4,A,1,227
2QE4,A,1,228
2QE4,A,1,229
2QE4,A,1,230
2QE4,A,1,231
2QE4,A,1,232
2QE4,A,1,233
2QE4,A,1,234
2QE4,A,1,235
2QE4,A,1,236
2QE4,A,1,237
2QE4,A,1,238
2QE4,A,1,239
2QE4,A,1,240
2QE4,A,1,241
2QE4,A,1,242
2QE4,A,1,243
2QE4,A,1,244
2QE4,A,1,245
2QE4,A,1,246
2QE4,A,1,247
2QE4,A,1,248
2QE4,B,1,1
2QE4,B,1,2
2QE4,B,1,28
2QE4,B,1,29
2QE4,B,1,30
2QE4,B,1,31
2QE4,B,1,32
2QE4,B,1,33
2QE4,B,1,34
2QE4,B,1,35
2QE4,B,1,36
2QE4,B,1,37
2QE4,B,1,159
2QE4,B,1,160
2QE4,B,1,161
2QE4,B,1,162
2QE4,B,1,163
2QE4,B,1,164
2QE4,B,1,165
2QE4,B,1,166
2QE4,B,1,167
2QE4,B,1,226
2QE4,B,1,227
2QE4,B,1,228
2QE4,B,1,229
2QE4,B,1,230
2QE4,B,1,231
2QE4,B,1,232
2QE4,B,1,233
2QE4,B,1,234
2QE4,B,1,235
2QE4,B,1,236
2QE4,B,1,237
2QE4,B,1,238
2QE4,B,1,239
2QE4,B,1,240
2QE4,B,1,241
2QE4,B,1,242
2QE4,B,1,243
2QE4,B,1,244
2QE4,B,1,245
2QE4,B,1,246
2QE4,B,1,247
2QE4,B,1,248
2QGT,A,1,1
2QGT,A,1,2
2QGT,A,1,3
2QGT,A,1,4
2QGT,A,1,5
2QGT,A,1,6
2QGT,A,1,7
2QGT,A,1,8
2QGT,A,1,166
2QGT,A,1,167
2QGT,A,1,168
2QGT,A,1,169
2QGT,A,1,170
2QGT,A,1,171
2QGT,A,1,172
2QGT,A,1,253
2QGT,A,1,254
2QGT,A,1,255
2QGT,A,1,256
2QGT,A,1,257
2QGT,A,1,258
2QGT,B,1,1
2QGT,B,1,2
2QGT,B,1,3
2QGT,B,1,4
2QGT,B,1,5
2QGT,B,1,6
2QGT,B,1,7
2QGT,B,1,8
2QGT,B,1,166
2QGT,B,1,167
2QGT,B,1,168
2QGT,B,1,169
2QGT,B,1,170
2QGT,B,1,253
2QGT,B,1,254
2QGT,B,1,255
2QGT,B,1,256
2QGT,B,1,257
2QGT,B,1,258
2QGT,C,1,1
2QGT,C,1,2
2QGT,C,1,13
2QGT,D,1,1
2QGW,A,1,1
2QGW,A,1,2
2QGW,A,1,3
2QGW,A,1,4
2QGW,A,1,5
2QGW,A,1,6
2QGW,A,1,7
2QGW,A,1,8
2QGW,A,1,166
2QGW,A,1,167
2QGW,A,1,168
2QGW,A,1,169
2QGW,A,1,170
2QGW,A,1,171
2QGW,A,1,172
2QGW,A,1,173
2QGW,A,1,253
2QGW,A,1,254
2QGW,A,1,255
2QGW,A,1,256
2QGW,A,1,257
2QGW,A,1,258
2QGW,B,1,1
2QGW,B,1,2
2QGW,B,1,3
2QGW,B,1,4
2QGW,B,1,5
2QGW,B,1,6
2QGW,B,1,7
2QGW,B,1,8
2QGW,B,1,165
2QGW,B,1,166
2QGW,B,1,167
2QGW,B,1,254
2QGW,B,1,255
2QGW,B,1,256
2QGW,B,1,257
2QGW,B,1,258
2QGW,C,1,12
2QGW,C,1,13
2QGW,D,1,1
2QGW,D,1,2
2QGW,D,1,12
2QGW,D,1,13
2QH6,A,1,1
2QH6,A,1,2
2QH6,A,1,3
2QH6,A,1,4
2QH6,A,1,5
2QH6,A,1,6
2QH6,A,1,7
2QH6,A,1,37
2QH6,A,1,38
2QH6,A,1,166
2QH6,A,1,167
2QH6,A,1,168
2QH6,A,1,169
2QH6,A,1,170
2QH6,A,1,171
2QH6,A,1,172
2QH6,A,1,173
2QH6,A,1,174
2QH6,A,1,175
2QH6,A,1,237
2QH6,A,1,253
2QH6,A,1,254
2QH6,A,1,255
2QH6,A,1,256
2QH6,A,1,257
2QH6,A,1,258
2QH6,B,1,1
2QH6,B,1,2
2QH6,B,1,3
2QH6,B,1,4
2QH6,B,1,5
2QH6,B,1,6
2QH6,B,1,7
2QH6,B,1,8
2QH6,B,1,37
2QH6,B,1,38
2QH6,B,1,39
2QH6,B,1,40
2QH6,B,1,166
2QH6,B,1,167
2QH6,B,1,168
2QH6,B,1,169
2QH6,B,1,170
2QH6,B,1,171
2QH6,B,1,172
2QH6,B,1,173
2QH6,B,1,174
2QH6,B,1,175
2QH6,B,1,176
2QH6,B,1,252
2QH6,B,1,253
2QH6,B,1,254
2QH6,B,1,255
2QH6,B,1,256
2QH6,B,1,257
2QH6,B,1,258
2QH6,C,1,1
2QH6,C,1,12
2QH6,C,1,13
2QH6,D,1,1
2QH6,D,1,12
2QH6,D,1,13
2QNV,A,1,1
2QNV,A,1,2
2QNV,A,1,3
2QNV,A,1,4
2QNV,A,1,5
2QNV,A,1,6
2QNV,A,1,7
2QNV,A,1,8
2QNV,A,1,9
2QNV,A,1,10
2QNV,A,1,11
2QNV,A,1,12
2QNV,A,1,13
2QNV,A,1,14
2QNV,A,1,15
2QNV,A,1,16
2QNV,A,1,17
2QNV,A,1,18
2QNV,A,1,19
2QNV,A,1,20
2QNV,A,1,21
2QNV,A,1,22
2QNV,A,1,23
2QNV,A,1,60
2QNV,A,1,61
2QNV,A,1,62
2QNV,A,1,63
2QNV,A,1,64
2QNV,A,1,65
2QNV,A,1,66
2QNV,A,1,67
2QNV,A,1,68
2QNV,A,1,69
2QNV,A,1,70
2QNV,A,1,71
2QNV,A,1,72
2QNV,A,1,73
2QNV,A,1,74
2QNV,A,1,75
2QNV,A,1,76
2QNV,A,1,77
2QNV,A,1,78
2QNV,A,1,79
2QNV,A,1,80
2QNV,A,1,81
2QNV,A,1,82
2QNV,A,1,83
2QNV,A,1,84
2QNV,A,1,85
2QNV,A,1,86
2QNV,A,1,87
2QNV,A,1,88
2QNV,A,1,89
2QNV,A,1,90
2QNV,A,1,112
2QNV,A,1,113
2QNV,A,1,114
2QNV,A,1,115
2QNV,A,1,116
2QNV,A,1,117
2QNV,A,1,118
2QNV,A,1,192
2QNV,A,1,193
2QNV,A,1,194
2QNV,A,1,195
2QNV,A,1,196
2QNV,A,1,197
2QR9,A,1,1
2QR9,A,1,2
2QR9,A,1,3
2QR9,A,1,4
2QR9,A,1,5
2QR9,A,1,6
2QR9,A,1,7
2QR9,A,1,8
2QR9,A,1,36
2QR9,A,1,37
2QR9,A,1,38
2QR9,A,1,254
2QR9,A,1,255
2QR9,A,1,256
2QR9,A,1,257
2QR9,A,1,258
2QR9,B,1,1
2QR9,B,1,2
2QR9,B,1,3
2QR9,B,1,4
2QR9,B,1,5
2QR9,B,1,6
2QR9,B,1,7
2QR9,B,1,8
2QR9,B,1,9
2QR9,B,1,166
2QR9,B,1,167
2QR9,B,1,168
2QR9,B,1,255
2QR9,B,1,256
2QR9,B,1,257
2QR9,B,1,258
2QR9,C,1,1
2QR9,C,1,12
2QR9,C,1,13
2QR9,D,1,12
2QR9,D,1,13
2QSE,A,1,1
2QSE,A,1,2
2QSE,A,1,3
2QSE,A,1,4
2QSE,A,1,5
2QSE,A,1,6
2QSE,A,1,7
2QSE,A,1,8
2QSE,A,1,35
2QSE,A,1,36
2QSE,A,1,37
2QSE,A,1,38
2QSE,A,1,118
2QSE,A,1,119
2QSE,A,1,120
2QSE,A,1,254
2QSE,A,1,255
2QSE,A,1,256
2QSE,A,1,257
2QSE,A,1,258
2QSE,B,1,1
2QSE,B,1,2
2QSE,B,1,3
2QSE,B,1,4
2QSE,B,1,5
2QSE,B,1,6
2QSE,B,1,7
2QSE,B,1,8
2QSE,B,1,9
2QSE,B,1,166
2QSE,B,1,167
2QSE,B,1,168
2QSE,B,1,255
2QSE,B,1,256
2QSE,B,1,257
2QSE,B,1,258
2QSE,C,1,1
2QSE,C,1,12
2QSE,C,1,13
2QSE,D,1,12
2QSE,D,1,13
2QTU,A,1,1
2QTU,A,1,2
2QTU,A,1,3
2QTU,A,1,4
2QTU,A,1,5
2QTU,A,1,6
2QTU,A,1,7
2QTU,A,1,8
2QTU,A,1,9
2QTU,A,1,10
2QTU,A,1,11
2QTU,A,1,12
2QTU,A,1,38
2QTU,A,1,39
2QTU,A,1,40
2QTU,A,1,41
2QTU,A,1,42
2QTU,A,1,43
2QTU,A,1,167
2QTU,A,1,168
2QTU,A,1,169
2QTU,A,1,170
2QTU,A,1,171
2QTU,A,1,172
2QTU,A,1,173
2QTU,A,1,233
2QTU,A,1,234
2QTU,A,1,235
2QTU,A,1,236
2QTU,A,1,237
2QTU,A,1,238
2QTU,A,1,251
2QTU,A,1,252
2QTU,A,1,253
2QTU,A,1,254
2QTU,A,1,255
2QTU,A,1,256
2QTU,A,1,257
2QTU,B,1,1
2QTU,B,1,2
2QTU,B,1,3
2QTU,B,1,4
2QTU,B,1,5
2QTU,B,1,6
2QTU,B,1,7
2QTU,B,1,8
2QTU,B,1,9
2QTU,B,1,10
2QTU,B,1,11
2QTU,B,1,38
2QTU,B,1,39
2QTU,B,1,40
2QTU,B,1,41
2QTU,B,1,42
2QTU,B,1,43
2QTU,B,1,167
2QTU,B,1,168
2QTU,B,1,169
2QTU,B,1,170
2QTU,B,1,171
2QTU,B,1,172
2QTU,B,1,173
2QTU,B,1,233
2QTU,B,1,234
2QTU,B,1,235
2QTU,B,1,236
2QTU,B,1,237
2QTU,B,1,238
2QTU,B,1,253
2QTU,B,1,254
2QTU,B,1,255
2QTU,B,1,256
2QTU,B,1,257
2QW4,A,1,1
2QW4,A,1,2
2QW4,A,1,3
2QW4,A,1,4
2QW4,A,1,5
2QW4,A,1,6
2QW4,A,1,7
2QW4,A,1,8
2QW4,A,1,9
2QW4,A,1,10
2QW4,A,1,11
2QW4,A,1,12
2QW4,A,1,13
2QW4,A,1,14
2QW4,A,1,15
2QW4,A,1,16
2QW4,A,1,17
2QW4,A,1,18
2QW4,A,1,19
2QW4,A,1,20
2QW4,A,1,21
2QW4,A,1,22
2QW4,A,1,23
2QW4,A,1,24
2QW4,A,1,25
2QW4,A,1,26
2QW4,A,1,27
2QW4,A,1,28
2QW4,A,1,29
2QW4,A,1,30
2QW4,A,1,31
2QW4,A,1,32
2QW4,A,1,33
2QW4,A,1,34
2QW4,A,1,35
2QW4,A,1,36
2QW4,A,1,37
2QW4,A,1,220
2QW4,A,1,221
2QW4,A,1,222
2QW4,A,1,271
2QW4,A,1,272
2QW4,A,1,273
2QW4,B,1,1
2QW4,B,1,2
2QW4,B,1,3
2QW4,B,1,4
2QW4,B,1,5
2QW4,B,1,6
2QW4,B,1,7
2QW4,B,1,8
2QW4,B,1,9
2QW4,B,1,10
2QW4,B,1,11
2QW4,B,1,12
2QW4,B,1,13
2QW4,B,1,14
2QW4,B,1,15
2QW4,B,1,16
2QW4,B,1,17
2QW4,B,1,18
2QW4,B,1,19
2QW4,B,1,20
2QW4,B,1,21
2QW4,B,1,22
2QW4,B,1,23
2QW4,B,1,24
2QW4,B,1,25
2QW4,B,1,26
2QW4,B,1,27
2QW4,B,1,28
2QW4,B,1,29
2QW4,B,1,30
2QW4,B,1,31
2QW4,B,1,32
2QW4,B,1,33
2QW4,B,1,34
2QW4,B,1,35
2QW4,B,1,36
2QW4,B,1,37
2QW4,B,1,220
2QW4,B,1,221
2QW4,B,1,222
2QW4,B,1,271
2QW4,B,1,272
2QW4,B,1,273
2QW4,C,1,1
2QW4,C,1,2
2QW4,C,1,3
2QW4,C,1,4
2QW4,C,1,5
2QW4,C,1,6
2QW4,C,1,7
2QW4,C,1,8
2QW4,C,1,9
2QW4,C,1,10
2QW4,C,1,11
2QW4,C,1,12
2QW4,C,1,13
2QW4,C,1,14
2QW4,C,1,15
2QW4,C,1,16
2QW4,C,1,17
2QW4,C,1,18
2QW4,C,1,19
2QW4,C,1,20
2QW4,C,1,21
2QW4,C,1,22
2QW4,C,1,23
2QW4,C,1,24
2QW4,C,1,25
2QW4,C,1,26
2QW4,C,1,27
2QW4,C,1,28
2QW4,C,1,29
2QW4,C,1,30
2QW4,C,1,31
2QW4,C,1,32
2QW4,C,1,33
2QW4,C,1,34
2QW4,C,1,35
2QW4,C,1,218
2QW4,C,1,219
2QW4,C,1,220
2QW4,C,1,221
2QW4,C,1,222
2QW4,C,1,223
2QW4,C,1,224
2QW4,C,1,225
2QW4,C,1,271
2QW4,C,1,272
2QW4,C,1,273
2QW4,D,1,1
2QW4,D,1,2
2QW4,D,1,3
2QW4,D,1,4
2QW4,D,1,5
2QW4,D,1,6
2QW4,D,1,7
2QW4,D,1,8
2QW4,D,1,9
2QW4,D,1,10
2QW4,D,1,11
2QW4,D,1,12
2QW4,D,1,13
2QW4,D,1,14
2QW4,D,1,15
2QW4,D,1,16
2QW4,D,1,17
2QW4,D,1,18
2QW4,D,1,19
2QW4,D,1,20
2QW4,D,1,21
2QW4,D,1,22
2QW4,D,1,23
2QW4,D,1,24
2QW4,D,1,25
2QW4,D,1,26
2QW4,D,1,27
2QW4,D,1,28
2QW4,D,1,29
2QW4,D,1,30
2QW4,D,1,31
2QW4,D,1,32
2QW4,D,1,33
2QW4,D,1,34
2QW4,D,1,35
2QW4,D,1,36
2QW4,D,1,37
2QW4,D,1,218
2QW4,D,1,219
2QW4,D,1,220
2QW4,D,1,221
2QW4,D,1,222
2QW4,D,1,223
2QW4,D,1,224
2QW4,D,1,272
2QW4,D,1,273
2QXM,A,1,1
2QXM,A,1,2
2QXM,A,1,3
2QXM,A,1,4
2QXM,A,1,5
2QXM,A,1,6
2QXM,A,1,7
2QXM,A,1,8
2QXM,A,1,36
2QXM,A,1,37
2QXM,A,1,38
2QXM,A,1,118
2QXM,A,1,119
2QXM,A,1,120
2QXM,A,1,121
2QXM,A,1,122
2QXM,A,1,166
2QXM,A,1,167
2QXM,A,1,168
2QXM,A,1,169
2QXM,A,1,254
2QXM,A,1,255
2QXM,A,1,256
2QXM,A,1,257
2QXM,A,1,258
2QXM,B,1,1
2QXM,B,1,2
2QXM,B,1,3
2QXM,B,1,4
2QXM,B,1,5
2QXM,B,1,6
2QXM,B,1,7
2QXM,B,1,8
2QXM,B,1,9
2QXM,B,1,166
2QXM,B,1,167
2QXM,B,1,168
2QXM,B,1,255
2QXM,B,1,256
2QXM,B,1,257
2QXM,B,1,258
2QXM,C,1,1
2QXM,C,1,13
2QXM,D,1,1
2QXM,D,1,12
2QXM,D,1,13
2QXS,A,1,1
2QXS,A,1,2
2QXS,A,1,3
2QXS,A,1,4
2QXS,A,1,5
2QXS,A,1,6
2QXS,A,1,7
2QXS,A,1,8
2QXS,A,1,9
2QXS,A,1,38
2QXS,A,1,43
2QXS,A,1,166
2QXS,A,1,167
2QXS,A,1,168
2QXS,A,1,252
2QXS,A,1,253
2QXS,A,1,254
2QXS,A,1,255
2QXS,A,1,256
2QXS,A,1,257
2QXS,A,1,258
2QXS,B,1,1
2QXS,B,1,2
2QXS,B,1,3
2QXS,B,1,4
2QXS,B,1,5
2QXS,B,1,6
2QXS,B,1,7
2QXS,B,1,8
2QXS,B,1,9
2QXS,B,1,36
2QXS,B,1,37
2QXS,B,1,38
2QXS,B,1,39
2QXS,B,1,40
2QXS,B,1,41
2QXS,B,1,42
2QXS,B,1,43
2QXS,B,1,164
2QXS,B,1,165
2QXS,B,1,166
2QXS,B,1,167
2QXS,B,1,168
2QXS,B,1,169
2QXS,B,1,170
2QXS,B,1,171
2QXS,B,1,172
2QXS,B,1,253
2QXS,B,1,254
2QXS,B,1,255
2QXS,B,1,256
2QXS,B,1,257
2QXS,B,1,258
2QZO,A,1,1
2QZO,A,1,2
2QZO,A,1,3
2QZO,A,1,4
2QZO,A,1,5
2QZO,A,1,6
2QZO,A,1,7
2QZO,A,1,8
2QZO,A,1,117
2QZO,A,1,118
2QZO,A,1,119
2QZO,A,1,120
2QZO,A,1,121
2QZO,A,1,122
2QZO,A,1,123
2QZO,A,1,163
2QZO,A,1,164
2QZO,A,1,165
2QZO,A,1,166
2QZO,A,1,167
2QZO,A,1,168
2QZO,A,1,169
2QZO,A,1,170
2QZO,A,1,171
2QZO,A,1,172
2QZO,A,1,254
2QZO,A,1,255
2QZO,A,1,256
2QZO,A,1,257
2QZO,A,1,258
2QZO,B,1,1
2QZO,B,1,2
2QZO,B,1,3
2QZO,B,1,4
2QZO,B,1,5
2QZO,B,1,6
2QZO,B,1,7
2QZO,B,1,8
2QZO,B,1,9
2QZO,B,1,166
2QZO,B,1,167
2QZO,B,1,168
2QZO,B,1,169
2QZO,B,1,170
2QZO,B,1,171
2QZO,B,1,172
2QZO,B,1,254
2QZO,B,1,255
2QZO,B,1,256
2QZO,B,1,257
2QZO,B,1,258
2QZO,C,1,1
2QZO,C,1,11
2QZO,C,1,12
2QZO,C,1,13
2QZO,D,1,1
2QZO,D,1,2
2QZO,D,1,12
2QZO,D,1,13
2R6W,A,1,1
2R6W,A,1,2
2R6W,A,1,29
2R6W,A,1,30
2R6W,A,1,31
2R6W,A,1,32
2R6W,A,1,33
2R6W,A,1,34
2R6W,A,1,35
2R6W,A,1,36
2R6W,A,1,224
2R6W,A,1,225
2R6W,A,1,226
2R6W,A,1,227
2R6W,A,1,228
2R6W,A,1,229
2R6W,A,1,230
2R6W,A,1,247
2R6W,A,1,248
2R6W,B,1,1
2R6W,B,1,2
2R6W,B,1,29
2R6W,B,1,30
2R6W,B,1,31
2R6W,B,1,32
2R6W,B,1,33
2R6W,B,1,34
2R6W,B,1,35
2R6W,B,1,36
2R6W,B,1,159
2R6W,B,1,160
2R6W,B,1,224
2R6W,B,1,225
2R6W,B,1,226
2R6W,B,1,227
2R6W,B,1,228
2R6W,B,1,229
2R6W,B,1,230
2R6W,B,1,231
2R6W,B,1,244
2R6W,B,1,245
2R6W,B,1,246
2R6W,B,1,247
2R6W,B,1,248
2R6Y,A,1,1
2R6Y,A,1,2
2R6Y,A,1,31
2R6Y,A,1,32
2R6Y,A,1,33
2R6Y,A,1,34
2R6Y,A,1,35
2R6Y,A,1,36
2R6Y,A,1,37
2R6Y,A,1,226
2R6Y,A,1,227
2R6Y,A,1,228
2R6Y,A,1,229
2R6Y,A,1,230
2R6Y,A,1,247
2R6Y,A,1,248
2R6Y,B,1,1
2R6Y,B,1,2
2R6Y,B,1,27
2R6Y,B,1,28
2R6Y,B,1,29
2R6Y,B,1,30
2R6Y,B,1,31
2R6Y,B,1,32
2R6Y,B,1,33
2R6Y,B,1,34
2R6Y,B,1,35
2R6Y,B,1,36
2R6Y,B,1,37
2R6Y,B,1,159
2R6Y,B,1,160
2R6Y,B,1,226
2R6Y,B,1,227
2R6Y,B,1,228
2R6Y,B,1,229
2R6Y,B,1,230
2R6Y,B,1,231
2R6Y,B,1,243
2R6Y,B,1,244
2R6Y,B,1,245
2R6Y,B,1,246
2R6Y,B,1,247
2R6Y,B,1,248
2REW,A,1,1
2REW,A,1,2
2REW,A,1,3
2REW,A,1,4
2REW,A,1,5
2REW,A,1,6
2REW,A,1,7
2REW,A,1,41
2REW,A,1,42
2REW,A,1,43
2REW,A,1,44
2REW,A,1,45
2REW,A,1,64
2REW,A,1,65
2REW,A,1,66
2REW,A,1,67
2REW,A,1,68
2REW,A,1,69
2REW,A,1,70
2REW,A,1,71
2REW,A,1,72
2REW,A,1,277
2V0V,A,1,1
2V0V,A,1,2
2V0V,A,1,3
2V0V,A,1,4
2V0V,A,1,5
2V0V,A,1,6
2V0V,A,1,7
2V0V,A,1,8
2V0V,A,1,9
2V0V,A,1,10
2V0V,A,1,192
2V0V,A,1,193
2V0V,A,1,194
2V0V,B,1,1
2V0V,B,1,2
2V0V,B,1,3
2V0V,B,1,4
2V0V,B,1,5
2V0V,B,1,6
2V0V,B,1,7
2V0V,B,1,8
2V0V,B,1,9
2V0V,B,1,10
2V0V,B,1,192
2V0V,B,1,193
2V0V,B,1,194
2V0V,C,1,1
2V0V,C,1,2
2V0V,C,1,3
2V0V,C,1,4
2V0V,C,1,5
2V0V,C,1,6
2V0V,C,1,7
2V0V,C,1,8
2V0V,C,1,9
2V0V,C,1,10
2V0V,C,1,11
2V0V,C,1,12
2V0V,C,1,192
2V0V,C,1,193
2V0V,C,1,194
2V0V,D,1,1
2V0V,D,1,2
2V0V,D,1,3
2V0V,D,1,4
2V0V,D,1,5
2V0V,D,1,6
2V0V,D,1,7
2V0V,D,1,8
2V0V,D,1,9
2V0V,D,1,10
2V0V,D,1,11
2V0V,D,1,12
2V0V,D,1,192
2V0V,D,1,193
2V0V,D,1,194
2V7C,A,1,1
2V7C,A,1,2
2V7C,A,1,3
2V7C,A,1,4
2V7C,A,1,5
2V7C,A,1,6
2V7C,A,1,7
2V7C,A,1,8
2V7C,A,1,9
2V7C,A,1,10
2V7C,A,1,11
2V7C,A,1,12
2V7C,A,1,13
2V7C,A,1,14
2V7C,A,1,15
2V7C,A,1,16
2V7C,A,1,17
2V7C,A,1,86
2V7C,A,1,87
2V7C,A,1,88
2V7C,A,1,89
2V7C,A,1,90
2V7C,A,1,91
2V7C,A,1,92
2V7C,A,1,93
2V7C,A,1,94
2V7C,A,1,193
2V7C,A,1,194
2V7C,B,1,1
2V7C,B,1,2
2V7C,B,1,3
2V7C,B,1,4
2V7C,B,1,5
2V7C,B,1,6
2V7C,B,1,7
2V7C,B,1,8
2V7C,B,1,9
2V7C,B,1,10
2V7C,B,1,11
2V7C,B,1,188
2V7C,B,1,189
2V7C,B,1,190
2V7C,B,1,191
2V7C,B,1,192
2V7C,B,1,193
2V7C,B,1,194
2VSR,A,1,1
2VSR,A,1,2
2VSR,A,1,3
2VSR,A,1,4
2VSR,A,1,5
2VSR,A,1,62
2VSR,A,1,63
2VSR,A,1,64
2VSR,A,1,65
2VSR,A,1,66
2VSR,A,1,67
2VSR,A,1,68
2VSR,A,1,69
2VSR,A,1,70
2VSR,A,1,71
2VSR,A,1,72
2VSR,A,1,73
2VSR,A,1,275
2VSR,A,1,276
2VSR,B,1,1
2VSR,B,1,2
2VSR,B,1,3
2VSR,B,1,4
2VSR,B,1,5
2VSR,B,1,40
2VSR,B,1,41
2VSR,B,1,69
2VSR,B,1,70
2VSR,B,1,71
2VSR,B,1,72
2VSR,B,1,73
2VSR,B,1,259
2VSR,B,1,260
2VSR,B,1,261
2VSR,B,1,262
2VSR,B,1,263
2VSR,B,1,264
2VSR,B,1,274
2VSR,B,1,275
2VSR,B,1,276
2VST,A,1,1
2VST,A,1,2
2VST,A,1,62
2VST,A,1,63
2VST,A,1,64
2VST,A,1,65
2VST,A,1,66
2VST,A,1,67
2VST,A,1,68
2VST,A,1,69
2VST,A,1,70
2VST,A,1,71
2VST,A,1,72
2VST,A,1,73
2VST,A,1,275
2VST,A,1,276
2VST,B,1,1
2VST,B,1,2
2VST,B,1,3
2VST,B,1,4
2VST,B,1,5
2VST,B,1,39
2VST,B,1,40
2VST,B,1,41
2VST,B,1,42
2VST,B,1,61
2VST,B,1,62
2VST,B,1,63
2VST,B,1,64
2VST,B,1,68
2VST,B,1,69
2VST,B,1,70
2VST,B,1,71
2VST,B,1,72
2VST,B,1,73
2VST,B,1,259
2VST,B,1,260
2VST,B,1,261
2VST,B,1,262
2VST,B,1,263
2VST,B,1,264
2VST,B,1,274
2VST,B,1,275
2VST,B,1,276
2VV0,A,1,1
2VV0,A,1,60
2VV0,A,1,61
2VV0,A,1,62
2VV0,A,1,63
2VV0,A,1,64
2VV0,A,1,65
2VV0,A,1,66
2VV0,A,1,67
2VV0,A,1,68
2VV0,A,1,69
2VV0,A,1,70
2VV0,A,1,71
2VV0,A,1,72
2VV0,A,1,73
2VV0,A,1,275
2VV0,A,1,276
2VV0,B,1,1
2VV0,B,1,2
2VV0,B,1,3
2VV0,B,1,4
2VV0,B,1,5
2VV0,B,1,6
2VV0,B,1,40
2VV0,B,1,41
2VV0,B,1,63
2VV0,B,1,64
2VV0,B,1,65
2VV0,B,1,66
2VV0,B,1,67
2VV0,B,1,68
2VV0,B,1,69
2VV0,B,1,70
2VV0,B,1,71
2VV0,B,1,72
2VV0,B,1,73
2VV0,B,1,261
2VV0,B,1,262
2VV0,B,1,263
2VV0,B,1,264
2VV0,B,1,276
2VV1,A,1,1
2VV1,A,1,2
2VV1,A,1,3
2VV1,A,1,4
2VV1,A,1,39
2VV1,A,1,62
2VV1,A,1,63
2VV1,A,1,64
2VV1,A,1,65
2VV1,A,1,66
2VV1,A,1,67
2VV1,A,1,68
2VV1,A,1,69
2VV1,A,1,70
2VV1,A,1,71
2VV1,A,1,72
2VV1,A,1,73
2VV1,A,1,74
2VV1,A,1,275
2VV1,A,1,276
2VV1,B,1,1
2VV1,B,1,2
2VV1,B,1,3
2VV1,B,1,4
2VV1,B,1,5
2VV1,B,1,6
2VV1,B,1,7
2VV1,B,1,40
2VV1,B,1,41
2VV1,B,1,58
2VV1,B,1,59
2VV1,B,1,60
2VV1,B,1,61
2VV1,B,1,62
2VV1,B,1,63
2VV1,B,1,64
2VV1,B,1,65
2VV1,B,1,66
2VV1,B,1,67
2VV1,B,1,68
2VV1,B,1,69
2VV1,B,1,70
2VV1,B,1,71
2VV1,B,1,72
2VV1,B,1,73
2VV1,B,1,74
2VV1,B,1,259
2VV1,B,1,260
2VV1,B,1,261
2VV1,B,1,262
2VV1,B,1,263
2VV1,B,1,264
2VV1,B,1,265
2VV1,B,1,273
2VV1,B,1,274
2VV1,B,1,275
2VV1,B,1,276
2VV2,A,1,1
2VV2,A,1,2
2VV2,A,1,3
2VV2,A,1,4
2VV2,A,1,5
2VV2,A,1,39
2VV2,A,1,63
2VV2,A,1,64
2VV2,A,1,65
2VV2,A,1,66
2VV2,A,1,67
2VV2,A,1,68
2VV2,A,1,69
2VV2,A,1,70
2VV2,A,1,71
2VV2,A,1,72
2VV2,A,1,73
2VV2,A,1,274
2VV2,A,1,275
2VV2,A,1,276
2VV2,B,1,1
2VV2,B,1,2
2VV2,B,1,3
2VV2,B,1,4
2VV2,B,1,5
2VV2,B,1,40
2VV2,B,1,41
2VV2,B,1,70
2VV2,B,1,71
2VV2,B,1,72
2VV2,B,1,73
2VV2,B,1,261
2VV2,B,1,262
2VV2,B,1,263
2VV2,B,1,264
2VV2,B,1,265
2VV2,B,1,274
2VV2,B,1,275
2VV2,B,1,276
2VV3,A,1,1
2VV3,A,1,2
2VV3,A,1,3
2VV3,A,1,4
2VV3,A,1,5
2VV3,A,1,40
2VV3,A,1,63
2VV3,A,1,64
2VV3,A,1,65
2VV3,A,1,66
2VV3,A,1,67
2VV3,A,1,68
2VV3,A,1,69
2VV3,A,1,70
2VV3,A,1,71
2VV3,A,1,72
2VV3,A,1,73
2VV3,A,1,275
2VV3,A,1,276
2VV3,B,1,1
2VV3,B,1,2
2VV3,B,1,3
2VV3,B,1,4
2VV3,B,1,5
2VV3,B,1,40
2VV3,B,1,41
2VV3,B,1,62
2VV3,B,1,63
2VV3,B,1,64
2VV3,B,1,65
2VV3,B,1,66
2VV3,B,1,67
2VV3,B,1,68
2VV3,B,1,69
2VV3,B,1,70
2VV3,B,1,71
2VV3,B,1,72
2VV3,B,1,73
2VV3,B,1,74
2VV3,B,1,259
2VV3,B,1,260
2VV3,B,1,261
2VV3,B,1,262
2VV3,B,1,263
2VV3,B,1,264
2VV3,B,1,265
2VV3,B,1,274
2VV3,B,1,275
2VV3,B,1,276
2VV4,A,1,1
2VV4,A,1,2
2VV4,A,1,3
2VV4,A,1,39
2VV4,A,1,40
2VV4,A,1,60
2VV4,A,1,61
2VV4,A,1,62
2VV4,A,1,63
2VV4,A,1,64
2VV4,A,1,65
2VV4,A,1,66
2VV4,A,1,67
2VV4,A,1,68
2VV4,A,1,69
2VV4,A,1,70
2VV4,A,1,71
2VV4,A,1,72
2VV4,A,1,73
2VV4,A,1,74
2VV4,A,1,275
2VV4,A,1,276
2VV4,B,1,1
2VV4,B,1,2
2VV4,B,1,3
2VV4,B,1,4
2VV4,B,1,39
2VV4,B,1,60
2VV4,B,1,61
2VV4,B,1,62
2VV4,B,1,63
2VV4,B,1,64
2VV4,B,1,65
2VV4,B,1,66
2VV4,B,1,67
2VV4,B,1,68
2VV4,B,1,69
2VV4,B,1,70
2VV4,B,1,71
2VV4,B,1,72
2VV4,B,1,73
2VV4,B,1,259
2VV4,B,1,260
2VV4,B,1,261
2VV4,B,1,262
2VV4,B,1,263
2VV4,B,1,264
2VV4,B,1,265
2VV4,B,1,274
2VV4,B,1,275
2VV4,B,1,276
2W8Y,A,1,1
2W8Y,A,1,2
2W8Y,A,1,3
2W8Y,A,1,4
2W8Y,A,1,5
2W8Y,A,1,6
2W8Y,A,1,7
2W8Y,A,1,8
2W8Y,A,1,9
2W8Y,B,1,1
2W8Y,B,1,2
2W8Y,B,1,3
2W8Y,B,1,4
2W8Y,B,1,5
2W8Y,B,1,6
2W8Y,B,1,7
2W8Y,B,1,8
2W8Y,B,1,9
2XKW,A,1,59
2XKW,A,1,60
2XKW,A,1,61
2XKW,A,1,62
2XKW,A,1,63
2XKW,A,1,64
2XKW,A,1,65
2XKW,A,1,66
2XKW,A,1,67
2XKW,A,1,68
2XKW,A,1,69
2XKW,A,1,70
2XKW,A,1,71
2XKW,B,1,1
2XKW,B,1,2
2XKW,B,1,3
2XKW,B,1,66
2XKW,B,1,67
2XKW,B,1,68
2XKW,B,1,69
2XKW,B,1,70
2XKW,B,1,71
2XKW,B,1,72
2XKW,B,1,258
2XKW,B,1,259
2XKW,B,1,260
2XKW,B,1,261
2XKW,B,1,262
2XKW,B,1,272
2XKW,B,1,273
2XKW,B,1,274
2XYJ,A,1,1
2XYJ,A,1,2
2XYJ,A,1,3
2XYJ,A,1,4
2XYJ,A,1,5
2XYJ,A,1,6
2XYJ,A,1,7
2XYJ,A,1,8
2XYJ,A,1,9
2XYJ,A,1,10
2XYJ,A,1,11
2XYJ,A,1,12
2XYJ,A,1,13
2XYJ,A,1,14
2XYJ,A,1,15
2XYJ,A,1,16
2XYJ,A,1,17
2XYJ,A,1,18
2XYJ,A,1,19
2XYJ,A,1,51
2XYJ,A,1,52
2XYJ,A,1,78
2XYJ,A,1,79
2XYJ,A,1,80
2XYJ,A,1,288
2XYJ,B,1,1
2XYJ,B,1,2
2XYJ,B,1,3
2XYJ,B,1,4
2XYJ,B,1,5
2XYJ,B,1,6
2XYJ,B,1,7
2XYJ,B,1,8
2XYJ,B,1,9
2XYJ,B,1,10
2XYJ,B,1,11
2XYJ,B,1,12
2XYJ,B,1,13
2XYJ,B,1,14
2XYJ,B,1,15
2XYJ,B,1,16
2XYJ,B,1,17
2XYJ,B,1,18
2XYJ,B,1,19
2XYJ,B,1,51
2XYJ,B,1,52
2XYJ,B,1,53
2XYJ,B,1,54
2XYJ,B,1,76
2XYJ,B,1,77
2XYJ,B,1,78
2XYJ,B,1,79
2XYJ,B,1,80
2XYJ,B,1,288
2XYW,A,1,1
2XYW,A,1,2
2XYW,A,1,3
2XYW,A,1,4
2XYW,A,1,5
2XYW,A,1,6
2XYW,A,1,7
2XYW,A,1,8
2XYW,A,1,9
2XYW,A,1,10
2XYW,A,1,11
2XYW,A,1,12
2XYW,A,1,13
2XYW,A,1,14
2XYW,A,1,15
2XYW,A,1,16
2XYW,A,1,17
2XYW,A,1,18
2XYW,A,1,19
2XYW,A,1,20
2XYW,A,1,52
2XYW,A,1,53
2XYW,A,1,54
2XYW,A,1,55
2XYW,A,1,288
2XYW,B,1,1
2XYW,B,1,2
2XYW,B,1,3
2XYW,B,1,4
2XYW,B,1,5
2XYW,B,1,6
2XYW,B,1,7
2XYW,B,1,8
2XYW,B,1,9
2XYW,B,1,10
2XYW,B,1,11
2XYW,B,1,12
2XYW,B,1,13
2XYW,B,1,14
2XYW,B,1,15
2XYW,B,1,16
2XYW,B,1,17
2XYW,B,1,18
2XYW,B,1,19
2XYW,B,1,20
2XYW,B,1,52
2XYW,B,1,53
2XYW,B,1,54
2XYW,B,1,55
2XYW,B,1,288
2XYX,A,1,1
2XYX,A,1,2
2XYX,A,1,3
2XYX,A,1,4
2XYX,A,1,5
2XYX,A,1,6
2XYX,A,1,7
2XYX,A,1,8
2XYX,A,1,9
2XYX,A,1,10
2XYX,A,1,11
2XYX,A,1,12
2XYX,A,1,13
2XYX,A,1,14
2XYX,A,1,15
2XYX,A,1,16
2XYX,A,1,17
2XYX,A,1,18
2XYX,A,1,19
2XYX,A,1,20
2XYX,A,1,21
2XYX,A,1,22
2XYX,A,1,52
2XYX,A,1,53
2XYX,A,1,54
2XYX,A,1,55
2XYX,A,1,288
2XYX,B,1,1
2XYX,B,1,2
2XYX,B,1,3
2XYX,B,1,4
2XYX,B,1,5
2XYX,B,1,6
2XYX,B,1,7
2XYX,B,1,8
2XYX,B,1,9
2XYX,B,1,10
2XYX,B,1,11
2XYX,B,1,12
2XYX,B,1,13
2XYX,B,1,14
2XYX,B,1,15
2XYX,B,1,16
2XYX,B,1,17
2XYX,B,1,18
2XYX,B,1,19
2XYX,B,1,20
2XYX,B,1,52
2XYX,B,1,53
2XYX,B,1,54
2XYX,B,1,55
2XYX,B,1,288
2YAT,A,1,1
2YAT,A,1,32
2YAT,A,1,33
2YAT,A,1,34
2YAT,A,1,35
2YAT,A,1,36
2YAT,A,1,37
2YAT,A,1,38
2YAT,A,1,39
2YAT,A,1,40
2YAT,A,1,41
2YAT,A,1,115
2YAT,A,1,116
2YAT,A,1,117
2YAT,A,1,118
2YAT,A,1,119
2YAT,A,1,120
2YAT,A,1,121
2YAT,A,1,122
2YAT,A,1,123
2YAT,A,1,163
2YAT,A,1,164
2YAT,A,1,250
2YAT,A,1,251
2YAT,A,1,252
2YFE,A,1,1
2YFE,A,1,2
2YFE,A,1,3
2YFE,A,1,4
2YFE,A,1,5
2YFE,A,1,6
2YFE,A,1,7
2YFE,A,1,8
2YFE,A,1,9
2YFE,A,1,10
2YFE,A,1,11
2YFE,A,1,73
2YFE,A,1,74
2YFE,A,1,75
2YFE,A,1,76
2YFE,A,1,77
2YFE,A,1,78
2YFE,A,1,79
2YFE,A,1,80
2YFE,A,1,81
2YFE,A,1,82
2YFE,A,1,83
2YFE,A,1,287
2YFE,B,1,1
2YFE,B,1,2
2YFE,B,1,3
2YFE,B,1,4
2YFE,B,1,5
2YFE,B,1,6
2YFE,B,1,7
2YFE,B,1,8
2YFE,B,1,9
2YFE,B,1,10
2YFE,B,1,11
2YFE,B,1,12
2YFE,B,1,13
2YFE,B,1,14
2YFE,B,1,15
2YFE,B,1,80
2YFE,B,1,81
2YFE,B,1,82
2YFE,B,1,83
2YFE,B,1,274
2YFE,B,1,285
2YFE,B,1,286
2YFE,B,1,287
2YJA,B,1,1
2YJA,B,1,2
2YJA,B,1,3
2YJA,B,1,4
2YJA,B,1,5
2YJA,B,1,6
2YJA,B,1,7
2YJA,B,1,8
2YJA,B,1,254
2YJA,B,1,255
2YJD,A,1,1
2YJD,A,1,2
2YJD,A,1,150
2YJD,A,1,151
2YJD,A,1,152
2YJD,A,1,153
2YJD,A,1,154
2YJD,A,1,155
2YJD,A,1,156
2YJD,A,1,157
2YJD,A,1,158
2YJD,A,1,159
2YJD,A,1,160
2YJD,A,1,161
2YJD,A,1,238
2YJD,A,1,239
2YJD,A,1,240
2YJD,B,1,1
2YJD,B,1,2
2YJD,B,1,150
2YJD,B,1,151
2YJD,B,1,152
2YJD,B,1,153
2YJD,B,1,154
2YJD,B,1,155
2YJD,B,1,156
2YJD,B,1,157
2YJD,B,1,158
2YJD,B,1,159
2YJD,B,1,160
2YJD,B,1,161
2YJD,B,1,238
2YJD,B,1,239
2YJD,B,1,240
2YLO,A,1,1
2YLO,A,1,2
2YLO,A,1,3
2YLO,A,1,4
2YLO,A,1,5
2YLO,A,1,6
2YLP,A,1,1
2YLP,A,1,2
2YLP,A,1,3
2YLP,A,1,4
2YLP,A,1,5
2YLP,A,1,6
2YLP,A,1,7
2YLQ,A,1,1
2YLQ,A,1,2
2YLQ,A,1,3
2YLQ,A,1,4
2YLQ,A,1,5
2YLQ,A,1,6
2YLQ,A,1,7
2YLY,A,1,1
2YLY,A,1,24
2YLY,A,1,25
2YLY,A,1,26
2YLY,A,1,27
2YLY,A,1,28
2YLY,A,1,29
2YLY,A,1,151
2YLY,A,1,152
2YLY,A,1,153
2YLY,A,1,154
2YLY,A,1,155
2YLY,A,1,156
2YLY,A,1,157
2YLY,A,1,158
2YLY,A,1,159
2YLY,A,1,160
2YLY,A,1,161
2YLY,A,1,238
2YLY,A,1,239
2YLY,A,1,240
2YLY,B,1,24
2YLY,B,1,25
2YLY,B,1,26
2YLY,B,1,27
2YLY,B,1,28
2YLY,B,1,29
2YLY,B,1,151
2YLY,B,1,152
2YLY,B,1,153
2YLY,B,1,154
2YLY,B,1,155
2YLY,B,1,156
2YLY,B,1,157
2YLY,B,1,158
2YLY,B,1,159
2YLY,B,1,160
2YLY,B,1,161
2YLY,B,1,239
2YLY,B,1,240
2Z4B,A,1,1
2Z4B,A,1,2
2Z4B,A,1,3
2Z4B,A,1,4
2Z4B,A,1,5
2Z4B,A,1,6
2Z4B,A,1,7
2Z4B,A,1,8
2Z4B,A,1,9
2Z4B,A,1,10
2Z4B,A,1,11
2Z4B,A,1,12
2Z4B,A,1,38
2Z4B,A,1,39
2Z4B,A,1,40
2Z4B,A,1,41
2Z4B,A,1,42
2Z4B,A,1,43
2Z4B,A,1,167
2Z4B,A,1,168
2Z4B,A,1,169
2Z4B,A,1,170
2Z4B,A,1,171
2Z4B,A,1,172
2Z4B,A,1,173
2Z4B,A,1,233
2Z4B,A,1,234
2Z4B,A,1,235
2Z4B,A,1,236
2Z4B,A,1,251
2Z4B,A,1,252
2Z4B,A,1,253
2Z4B,A,1,254
2Z4B,A,1,255
2Z4B,A,1,256
2Z4B,A,1,257
2Z4B,B,1,1
2Z4B,B,1,2
2Z4B,B,1,3
2Z4B,B,1,4
2Z4B,B,1,5
2Z4B,B,1,6
2Z4B,B,1,7
2Z4B,B,1,8
2Z4B,B,1,9
2Z4B,B,1,10
2Z4B,B,1,11
2Z4B,B,1,38
2Z4B,B,1,39
2Z4B,B,1,40
2Z4B,B,1,41
2Z4B,B,1,42
2Z4B,B,1,43
2Z4B,B,1,167
2Z4B,B,1,168
2Z4B,B,1,169
2Z4B,B,1,170
2Z4B,B,1,171
2Z4B,B,1,172
2Z4B,B,1,173
2Z4B,B,1,233
2Z4B,B,1,234
2Z4B,B,1,235
2Z4B,B,1,236
2Z4B,B,1,253
2Z4B,B,1,254
2Z4B,B,1,255
2Z4B,B,1,256
2Z4B,B,1,257
2ZAS,A,1,1
2ZAS,A,1,2
2ZAS,A,1,3
2ZAS,A,1,4
2ZAS,A,1,5
2ZAS,A,1,6
2ZAS,A,1,7
2ZAS,A,1,8
2ZAS,A,1,9
2ZAS,A,1,10
2ZAS,A,1,11
2ZAS,A,1,12
2ZAS,A,1,13
2ZAS,A,1,14
2ZAS,A,1,15
2ZAS,A,1,16
2ZAS,A,1,244
2ZBS,A,1,1
2ZBS,A,1,2
2ZBS,A,1,3
2ZBS,A,1,4
2ZBS,A,1,5
2ZBS,A,1,6
2ZBS,A,1,7
2ZBS,A,1,8
2ZBS,A,1,9
2ZBS,A,1,10
2ZBS,A,1,11
2ZBS,A,1,12
2ZBS,A,1,13
2ZBS,A,1,14
2ZBS,A,1,15
2ZBS,A,1,16
2ZK0,A,1,1
2ZK0,A,1,2
2ZK0,A,1,3
2ZK0,A,1,4
2ZK0,A,1,5
2ZK0,A,1,6
2ZK0,A,1,7
2ZK0,A,1,8
2ZK0,A,1,9
2ZK0,A,1,10
2ZK0,A,1,11
2ZK0,A,1,12
2ZK0,A,1,13
2ZK0,A,1,14
2ZK0,A,1,15
2ZK0,A,1,16
2ZK0,B,1,1
2ZK0,B,1,2
2ZK0,B,1,3
2ZK0,B,1,4
2ZK0,B,1,5
2ZK0,B,1,6
2ZK0,B,1,7
2ZK0,B,1,8
2ZK0,B,1,9
2ZK0,B,1,10
2ZK0,B,1,11
2ZK0,B,1,12
2ZK0,B,1,13
2ZK0,B,1,14
2ZK0,B,1,15
2ZK0,B,1,16
2ZK0,B,1,48
2ZK0,B,1,79
2ZK0,B,1,80
2ZK0,B,1,81
2ZK0,B,1,82
2ZK0,B,1,83
2ZK0,B,1,272
2ZK0,B,1,273
2ZK0,B,1,274
2ZK0,B,1,275
2ZK0,B,1,286
2ZK1,A,1,1
2ZK1,A,1,2
2ZK1,A,1,3
2ZK1,A,1,4
2ZK1,A,1,5
2ZK1,A,1,6
2ZK1,A,1,7
2ZK1,A,1,8
2ZK1,A,1,9
2ZK1,A,1,10
2ZK1,A,1,11
2ZK1,A,1,12
2ZK1,B,1,1
2ZK1,B,1,2
2ZK1,B,1,3
2ZK1,B,1,4
2ZK1,B,1,5
2ZK1,B,1,6
2ZK1,B,1,7
2ZK1,B,1,8
2ZK1,B,1,9
2ZK1,B,1,10
2ZK1,B,1,11
2ZK1,B,1,12
2ZK1,B,1,13
2ZK1,B,1,14
2ZK1,B,1,15
2ZK1,B,1,16
2ZK1,B,1,272
2ZK1,B,1,273
2ZK1,B,1,274
2ZK1,B,1,275
2ZK1,B,1,284
2ZK1,B,1,285
2ZK1,B,1,286
2ZK2,A,1,1
2ZK2,A,1,2
2ZK2,A,1,3
2ZK2,A,1,4
2ZK2,A,1,5
2ZK2,A,1,6
2ZK2,A,1,7
2ZK2,A,1,8
2ZK2,A,1,9
2ZK2,A,1,10
2ZK2,A,1,11
2ZK2,A,1,12
2ZK2,B,1,1
2ZK2,B,1,2
2ZK2,B,1,3
2ZK2,B,1,4
2ZK2,B,1,5
2ZK2,B,1,6
2ZK2,B,1,7
2ZK2,B,1,8
2ZK2,B,1,9
2ZK2,B,1,10
2ZK2,B,1,11
2ZK2,B,1,12
2ZK2,B,1,13
2ZK2,B,1,14
2ZK2,B,1,15
2ZK2,B,1,16
2ZK2,B,1,272
2ZK2,B,1,273
2ZK2,B,1,274
2ZK2,B,1,275
2ZK2,B,1,284
2ZK2,B,1,285
2ZK2,B,1,286
2ZK3,A,1,1
2ZK3,A,1,2
2ZK3,A,1,3
2ZK3,A,1,4
2ZK3,A,1,5
2ZK3,A,1,6
2ZK3,A,1,7
2ZK3,A,1,8
2ZK3,A,1,9
2ZK3,A,1,10
2ZK3,A,1,11
2ZK3,A,1,12
2ZK3,B,1,1
2ZK3,B,1,2
2ZK3,B,1,3
2ZK3,B,1,4
2ZK3,B,1,5
2ZK3,B,1,6
2ZK3,B,1,7
2ZK3,B,1,8
2ZK3,B,1,9
2ZK3,B,1,10
2ZK3,B,1,11
2ZK3,B,1,12
2ZK3,B,1,13
2ZK3,B,1,14
2ZK3,B,1,15
2ZK3,B,1,16
2ZK3,B,1,272
2ZK3,B,1,273
2ZK3,B,1,274
2ZK3,B,1,275
2ZK3,B,1,284
2ZK3,B,1,285
2ZK3,B,1,286
2ZK4,A,1,1
2ZK4,A,1,2
2ZK4,A,1,3
2ZK4,A,1,4
2ZK4,A,1,5
2ZK4,A,1,6
2ZK4,A,1,7
2ZK4,A,1,8
2ZK4,A,1,9
2ZK4,A,1,10
2ZK4,A,1,11
2ZK4,A,1,12
2ZK4,B,1,1
2ZK4,B,1,2
2ZK4,B,1,3
2ZK4,B,1,4
2ZK4,B,1,5
2ZK4,B,1,6
2ZK4,B,1,7
2ZK4,B,1,8
2ZK4,B,1,9
2ZK4,B,1,10
2ZK4,B,1,11
2ZK4,B,1,12
2ZK4,B,1,13
2ZK4,B,1,14
2ZK4,B,1,15
2ZK4,B,1,16
2ZK4,B,1,272
2ZK4,B,1,273
2ZK4,B,1,274
2ZK4,B,1,275
2ZK4,B,1,284
2ZK4,B,1,285
2ZK4,B,1,286
2ZK5,A,1,1
2ZK5,A,1,2
2ZK5,A,1,3
2ZK5,A,1,4
2ZK5,A,1,5
2ZK5,A,1,6
2ZK5,A,1,7
2ZK5,A,1,8
2ZK5,A,1,9
2ZK5,A,1,10
2ZK5,A,1,11
2ZK5,A,1,12
2ZK5,B,1,1
2ZK5,B,1,2
2ZK5,B,1,3
2ZK5,B,1,4
2ZK5,B,1,5
2ZK5,B,1,6
2ZK5,B,1,7
2ZK5,B,1,8
2ZK5,B,1,9
2ZK5,B,1,10
2ZK5,B,1,11
2ZK5,B,1,12
2ZK5,B,1,13
2ZK5,B,1,14
2ZK5,B,1,15
2ZK5,B,1,16
2ZK5,B,1,272
2ZK5,B,1,273
2ZK5,B,1,274
2ZK5,B,1,275
2ZK5,B,1,284
2ZK5,B,1,285
2ZK5,B,1,286
2ZK6,A,1,1
2ZK6,A,1,2
2ZK6,A,1,3
2ZK6,A,1,4
2ZK6,A,1,5
2ZK6,A,1,6
2ZK6,A,1,7
2ZK6,A,1,8
2ZK6,A,1,9
2ZK6,A,1,10
2ZK6,A,1,11
2ZK6,A,1,12
2ZK6,B,1,1
2ZK6,B,1,2
2ZK6,B,1,3
2ZK6,B,1,4
2ZK6,B,1,5
2ZK6,B,1,6
2ZK6,B,1,7
2ZK6,B,1,8
2ZK6,B,1,9
2ZK6,B,1,10
2ZK6,B,1,11
2ZK6,B,1,12
2ZK6,B,1,13
2ZK6,B,1,14
2ZK6,B,1,15
2ZK6,B,1,16
2ZK6,B,1,50
2ZK6,B,1,51
2ZK6,B,1,52
2ZK6,B,1,272
2ZK6,B,1,273
2ZK6,B,1,284
2ZK6,B,1,285
2ZK6,B,1,286
2ZKC,A,1,1
2ZKC,A,1,2
2ZKC,A,1,3
2ZKC,A,1,4
2ZKC,A,1,5
2ZKC,A,1,6
2ZKC,A,1,7
2ZKC,A,1,8
2ZKC,A,1,9
2ZKC,A,1,10
2ZKC,A,1,11
2ZKC,A,1,12
2ZKC,A,1,13
2ZKC,A,1,14
2ZKC,A,1,15
2ZKC,A,1,16
2ZKC,A,1,243
2ZNN,A,1,1
2ZNN,A,1,2
2ZNN,A,1,3
2ZNN,A,1,4
2ZNN,A,1,5
2ZNN,A,1,6
2ZNN,A,1,36
2ZNN,A,1,37
2ZNN,A,1,38
2ZNN,A,1,39
2ZNN,A,1,40
2ZNN,A,1,41
2ZNN,A,1,42
2ZNN,A,1,68
2ZNN,A,1,69
2ZNO,A,1,1
2ZNO,A,1,2
2ZNO,A,1,3
2ZNO,A,1,4
2ZNO,A,1,5
2ZNO,A,1,6
2ZNO,A,1,7
2ZNO,A,1,8
2ZNO,A,1,9
2ZNO,A,1,10
2ZNO,A,1,11
2ZNO,A,1,12
2ZNO,A,1,73
2ZNO,A,1,74
2ZNO,A,1,75
2ZNO,A,1,76
2ZNO,A,1,77
2ZNO,A,1,78
2ZNO,A,1,79
2ZNO,A,1,80
2ZNO,B,1,1
2ZNO,B,1,2
2ZNO,B,1,3
2ZNO,B,1,4
2ZNO,B,1,5
2ZNO,B,1,6
2ZNO,B,1,7
2ZNO,B,1,8
2ZNO,B,1,9
2ZNO,B,1,10
2ZNO,B,1,11
2ZNO,B,1,12
2ZNO,B,1,13
2ZNO,B,1,14
2ZNO,B,1,15
2ZNO,B,1,16
2ZNO,B,1,50
2ZNO,B,1,51
2ZNO,B,1,52
2ZNO,B,1,75
2ZNO,B,1,76
2ZNO,B,1,77
2ZNO,B,1,78
2ZNO,B,1,79
2ZNO,B,1,80
2ZNO,B,1,81
2ZNO,B,1,82
2ZNO,B,1,83
2ZNO,B,1,272
2ZNO,B,1,273
2ZNO,B,1,274
2ZNO,B,1,275
2ZNO,B,1,284
2ZNO,B,1,285
2ZNO,B,1,286
2ZNP,A,1,1
2ZNP,A,1,2
2ZNP,A,1,3
2ZNP,A,1,4
2ZNP,A,1,5
2ZNP,A,1,6
2ZNP,A,1,7
2ZNP,A,1,8
2ZNP,A,1,9
2ZNP,A,1,63
2ZNP,A,1,64
2ZNP,A,1,65
2ZNP,A,1,66
2ZNP,A,1,67
2ZNP,A,1,68
2ZNP,A,1,69
2ZNP,A,1,276
2ZNP,B,1,1
2ZNP,B,1,2
2ZNP,B,1,3
2ZNP,B,1,39
2ZNP,B,1,40
2ZNP,B,1,41
2ZNP,B,1,64
2ZNP,B,1,65
2ZNP,B,1,66
2ZNP,B,1,67
2ZNP,B,1,68
2ZNP,B,1,69
2ZNP,B,1,275
2ZNP,B,1,276
2ZNQ,A,1,1
2ZNQ,A,1,2
2ZNQ,A,1,3
2ZNQ,A,1,4
2ZNQ,A,1,5
2ZNQ,A,1,6
2ZNQ,A,1,7
2ZNQ,A,1,8
2ZNQ,A,1,64
2ZNQ,A,1,65
2ZNQ,A,1,66
2ZNQ,A,1,67
2ZNQ,A,1,68
2ZNQ,A,1,69
2ZNQ,B,1,1
2ZNQ,B,1,2
2ZNQ,B,1,3
2ZNQ,B,1,39
2ZNQ,B,1,40
2ZNQ,B,1,41
2ZNQ,B,1,42
2ZNQ,B,1,43
2ZNQ,B,1,64
2ZNQ,B,1,65
2ZNQ,B,1,66
2ZNQ,B,1,67
2ZNQ,B,1,68
2ZNQ,B,1,69
2ZNQ,B,1,275
2ZNQ,B,1,276
2ZVT,A,1,1
2ZVT,A,1,2
2ZVT,A,1,3
2ZVT,A,1,4
2ZVT,A,1,5
2ZVT,A,1,6
2ZVT,A,1,7
2ZVT,A,1,8
2ZVT,A,1,9
2ZVT,A,1,10
2ZVT,A,1,11
2ZVT,A,1,12
2ZVT,B,1,1
2ZVT,B,1,2
2ZVT,B,1,3
2ZVT,B,1,4
2ZVT,B,1,5
2ZVT,B,1,6
2ZVT,B,1,7
2ZVT,B,1,8
2ZVT,B,1,9
2ZVT,B,1,10
2ZVT,B,1,11
2ZVT,B,1,12
2ZVT,B,1,13
2ZVT,B,1,14
2ZVT,B,1,15
2ZVT,B,1,16
2ZVT,B,1,272
2ZVT,B,1,273
2ZVT,B,1,274
2ZVT,B,1,275
2ZVT,B,1,284
2ZVT,B,1,285
2ZVT,B,1,286
2ZXZ,A,1,1
2ZXZ,A,1,2
2ZXZ,A,1,3
2ZXZ,A,1,4
2ZXZ,A,1,5
2ZXZ,A,1,6
2ZXZ,A,1,23
2ZXZ,A,1,24
2ZXZ,A,1,25
2ZXZ,A,1,26
2ZXZ,A,1,27
2ZXZ,A,1,28
2ZXZ,A,1,29
2ZXZ,A,1,30
2ZXZ,A,1,31
2ZXZ,A,1,32
2ZXZ,A,1,33
2ZXZ,A,1,34
2ZXZ,A,1,35
2ZXZ,A,1,36
2ZXZ,A,1,37
2ZXZ,A,1,38
2ZXZ,A,1,39
2ZXZ,A,1,237
2ZXZ,A,1,238
2ZXZ,A,1,239
2ZXZ,A,1,240
2ZXZ,B,1,12
2ZXZ,B,1,13
2ZY0,A,1,1
2ZY0,A,1,2
2ZY0,A,1,3
2ZY0,A,1,4
2ZY0,A,1,23
2ZY0,A,1,24
2ZY0,A,1,25
2ZY0,A,1,26
2ZY0,A,1,27
2ZY0,A,1,28
2ZY0,A,1,29
2ZY0,A,1,30
2ZY0,A,1,31
2ZY0,A,1,32
2ZY0,A,1,33
2ZY0,A,1,34
2ZY0,A,1,35
2ZY0,A,1,36
2ZY0,A,1,37
2ZY0,A,1,38
2ZY0,A,1,39
2ZY0,A,1,237
2ZY0,A,1,238
2ZY0,A,1,239
2ZY0,A,1,240
2ZY0,B,1,1
2ZY0,B,1,12
2ZY0,B,1,13
2ZY0,C,1,1
2ZY0,C,1,2
2ZY0,C,1,3
2ZY0,C,1,4
2ZY0,C,1,23
2ZY0,C,1,24
2ZY0,C,1,25
2ZY0,C,1,26
2ZY0,C,1,27
2ZY0,C,1,28
2ZY0,C,1,29
2ZY0,C,1,30
2ZY0,C,1,31
2ZY0,C,1,32
2ZY0,C,1,33
2ZY0,C,1,34
2ZY0,C,1,35
2ZY0,C,1,36
2ZY0,C,1,37
2ZY0,C,1,38
2ZY0,C,1,39
2ZY0,C,1,237
2ZY0,C,1,238
2ZY0,C,1,239
2ZY0,C,1,240
2ZY0,D,1,12
2ZY0,D,1,13
38KC,A,1,1
38KC,A,1,2
38KC,A,1,3
38KC,A,1,4
38KC,A,1,5
38KC,A,1,6
38KC,A,1,7
38KC,A,1,258
38KC,B,1,1
38KC,B,1,2
38KC,B,1,3
38KC,B,1,4
38KC,B,1,5
38KC,B,1,6
38KC,B,1,29
38KC,B,1,30
38KC,B,1,31
38KC,B,1,32
38KC,B,1,33
38KC,B,1,257
38KC,B,1,258
3A2I,A,1,1
3A2I,A,1,2
3A2I,A,1,3
3A2I,A,1,4
3A2I,A,1,50
3A2I,A,1,51
3A2I,A,1,260
3A2I,A,1,261
3A2I,A,1,262
3A2I,A,1,263
3A2J,A,1,1
3A2J,A,1,2
3A2J,A,1,3
3A2J,A,1,4
3A2J,A,1,50
3A2J,A,1,51
3A2J,A,1,260
3A2J,A,1,261
3A2J,A,1,262
3A2J,A,1,263
3A3Z,A,1,1
3A3Z,A,1,2
3A3Z,A,1,3
3A3Z,A,1,4
3A3Z,A,1,260
3A3Z,A,1,261
3A3Z,A,1,262
3A3Z,A,1,263
3A40,A,1,1
3A40,A,1,2
3A40,A,1,3
3A40,A,1,4
3A40,A,1,260
3A40,A,1,261
3A40,A,1,262
3A40,A,1,263
3A78,A,1,1
3A78,A,1,2
3A78,A,1,3
3A78,A,1,4
3A78,A,1,260
3A78,A,1,261
3A78,A,1,262
3A78,A,1,263
3A9E,A,1,1
3A9E,A,1,2
3A9E,A,1,24
3A9E,A,1,25
3A9E,A,1,26
3A9E,A,1,27
3A9E,A,1,28
3A9E,A,1,29
3A9E,A,1,30
3A9E,A,1,31
3A9E,A,1,32
3A9E,A,1,33
3A9E,A,1,34
3A9E,A,1,35
3A9E,A,1,36
3A9E,A,1,37
3A9E,A,1,235
3A9E,A,1,236
3A9E,A,1,237
3A9E,A,1,238
3A9E,A,1,239
3A9E,A,1,240
3A9E,B,1,1
3A9E,B,1,2
3A9E,B,1,3
3A9E,B,1,4
3A9E,B,1,5
3A9E,B,1,6
3A9E,B,1,7
3A9E,B,1,8
3A9E,B,1,9
3A9E,B,1,10
3A9E,B,1,11
3A9E,B,1,12
3A9E,B,1,13
3A9E,B,1,14
3A9E,B,1,15
3A9E,B,1,16
3A9E,B,1,17
3A9E,B,1,18
3A9E,B,1,19
3A9E,B,1,20
3A9E,B,1,21
3A9E,B,1,22
3A9E,B,1,23
3A9E,B,1,24
3A9E,B,1,264
3A9E,B,1,265
3A9E,B,1,266
3A9E,B,1,267
3A9E,B,1,268
3A9E,B,1,269
3A9E,C,1,12
3A9E,C,1,13
3ADS,A,1,1
3ADS,A,1,2
3ADS,A,1,3
3ADS,A,1,4
3ADS,A,1,5
3ADS,A,1,6
3ADS,A,1,7
3ADS,A,1,8
3ADS,A,1,9
3ADS,A,1,10
3ADS,A,1,11
3ADS,A,1,12
3ADS,A,1,74
3ADS,A,1,75
3ADS,A,1,76
3ADS,A,1,77
3ADS,A,1,78
3ADS,A,1,79
3ADS,A,1,80
3ADS,A,1,81
3ADS,A,1,82
3ADS,A,1,83
3ADS,A,1,84
3ADS,A,1,85
3ADS,A,1,287
3ADS,B,1,1
3ADS,B,1,2
3ADS,B,1,3
3ADS,B,1,4
3ADS,B,1,5
3ADS,B,1,6
3ADS,B,1,7
3ADS,B,1,8
3ADS,B,1,9
3ADS,B,1,10
3ADS,B,1,11
3ADS,B,1,12
3ADS,B,1,13
3ADS,B,1,14
3ADS,B,1,15
3ADS,B,1,16
3ADS,B,1,51
3ADS,B,1,52
3ADS,B,1,53
3ADS,B,1,76
3ADS,B,1,77
3ADS,B,1,78
3ADS,B,1,79
3ADS,B,1,80
3ADS,B,1,81
3ADS,B,1,82
3ADS,B,1,83
3ADS,B,1,84
3ADS,B,1,272
3ADS,B,1,273
3ADS,B,1,274
3ADS,B,1,275
3ADS,B,1,284
3ADS,B,1,285
3ADS,B,1,286
3ADS,B,1,287
3ADT,A,1,1
3ADT,A,1,2
3ADT,A,1,3
3ADT,A,1,4
3ADT,A,1,5
3ADT,A,1,6
3ADT,A,1,7
3ADT,A,1,8
3ADT,A,1,9
3ADT,A,1,10
3ADT,A,1,11
3ADT,A,1,12
3ADT,A,1,71
3ADT,A,1,72
3ADT,A,1,73
3ADT,A,1,74
3ADT,A,1,75
3ADT,A,1,76
3ADT,A,1,77
3ADT,A,1,78
3ADT,A,1,79
3ADT,A,1,80
3ADT,A,1,81
3ADT,A,1,82
3ADT,A,1,83
3ADT,A,1,84
3ADT,A,1,85
3ADT,A,1,287
3ADT,B,1,1
3ADT,B,1,2
3ADT,B,1,3
3ADT,B,1,4
3ADT,B,1,5
3ADT,B,1,6
3ADT,B,1,7
3ADT,B,1,8
3ADT,B,1,9
3ADT,B,1,10
3ADT,B,1,11
3ADT,B,1,12
3ADT,B,1,13
3ADT,B,1,14
3ADT,B,1,15
3ADT,B,1,16
3ADT,B,1,50
3ADT,B,1,51
3ADT,B,1,52
3ADT,B,1,53
3ADT,B,1,82
3ADT,B,1,83
3ADT,B,1,84
3ADT,B,1,85
3ADT,B,1,272
3ADT,B,1,273
3ADT,B,1,284
3ADT,B,1,285
3ADT,B,1,286
3ADT,B,1,287
3ADU,A,1,1
3ADU,A,1,2
3ADU,A,1,3
3ADU,A,1,4
3ADU,A,1,5
3ADU,A,1,6
3ADU,A,1,7
3ADU,A,1,8
3ADU,A,1,9
3ADU,A,1,10
3ADU,A,1,11
3ADU,A,1,12
3ADU,A,1,71
3ADU,A,1,72
3ADU,A,1,73
3ADU,A,1,74
3ADU,A,1,75
3ADU,A,1,76
3ADU,A,1,77
3ADU,A,1,78
3ADU,A,1,79
3ADU,A,1,80
3ADU,A,1,81
3ADU,A,1,82
3ADU,A,1,83
3ADU,A,1,84
3ADU,A,1,85
3ADU,A,1,287
3ADU,B,1,1
3ADU,B,1,2
3ADU,B,1,3
3ADU,B,1,4
3ADU,B,1,5
3ADU,B,1,6
3ADU,B,1,7
3ADU,B,1,8
3ADU,B,1,9
3ADU,B,1,10
3ADU,B,1,11
3ADU,B,1,12
3ADU,B,1,13
3ADU,B,1,14
3ADU,B,1,15
3ADU,B,1,16
3ADU,B,1,50
3ADU,B,1,51
3ADU,B,1,52
3ADU,B,1,53
3ADU,B,1,272
3ADU,B,1,273
3ADU,B,1,284
3ADU,B,1,285
3ADU,B,1,286
3ADU,B,1,287
3ADV,A,1,1
3ADV,A,1,2
3ADV,A,1,3
3ADV,A,1,4
3ADV,A,1,5
3ADV,A,1,6
3ADV,A,1,7
3ADV,A,1,8
3ADV,A,1,9
3ADV,A,1,10
3ADV,A,1,11
3ADV,A,1,12
3ADV,A,1,74
3ADV,A,1,75
3ADV,A,1,76
3ADV,A,1,77
3ADV,A,1,78
3ADV,A,1,79
3ADV,A,1,80
3ADV,A,1,81
3ADV,A,1,82
3ADV,A,1,83
3ADV,A,1,84
3ADV,A,1,85
3ADV,A,1,287
3ADV,B,1,1
3ADV,B,1,2
3ADV,B,1,3
3ADV,B,1,4
3ADV,B,1,5
3ADV,B,1,6
3ADV,B,1,7
3ADV,B,1,8
3ADV,B,1,9
3ADV,B,1,10
3ADV,B,1,11
3ADV,B,1,12
3ADV,B,1,13
3ADV,B,1,14
3ADV,B,1,15
3ADV,B,1,16
3ADV,B,1,50
3ADV,B,1,51
3ADV,B,1,52
3ADV,B,1,82
3ADV,B,1,83
3ADV,B,1,84
3ADV,B,1,272
3ADV,B,1,273
3ADV,B,1,274
3ADV,B,1,275
3ADV,B,1,284
3ADV,B,1,285
3ADV,B,1,286
3ADV,B,1,287
3ADW,A,1,1
3ADW,A,1,2
3ADW,A,1,3
3ADW,A,1,4
3ADW,A,1,5
3ADW,A,1,6
3ADW,A,1,7
3ADW,A,1,8
3ADW,A,1,9
3ADW,A,1,10
3ADW,A,1,11
3ADW,A,1,12
3ADW,A,1,287
3ADW,B,1,1
3ADW,B,1,2
3ADW,B,1,3
3ADW,B,1,4
3ADW,B,1,5
3ADW,B,1,6
3ADW,B,1,7
3ADW,B,1,8
3ADW,B,1,9
3ADW,B,1,10
3ADW,B,1,11
3ADW,B,1,12
3ADW,B,1,13
3ADW,B,1,14
3ADW,B,1,15
3ADW,B,1,16
3ADW,B,1,51
3ADW,B,1,52
3ADW,B,1,53
3ADW,B,1,272
3ADW,B,1,273
3ADW,B,1,274
3ADW,B,1,275
3ADW,B,1,284
3ADW,B,1,285
3ADW,B,1,286
3ADW,B,1,287
3ADX,A,1,1
3ADX,A,1,2
3ADX,A,1,3
3ADX,A,1,4
3ADX,A,1,5
3ADX,A,1,6
3ADX,A,1,7
3ADX,A,1,8
3ADX,A,1,9
3ADX,A,1,10
3ADX,A,1,11
3ADX,A,1,12
3ADX,A,1,287
3ADX,B,1,1
3ADX,B,1,2
3ADX,B,1,3
3ADX,B,1,4
3ADX,B,1,5
3ADX,B,1,6
3ADX,B,1,7
3ADX,B,1,8
3ADX,B,1,9
3ADX,B,1,10
3ADX,B,1,11
3ADX,B,1,12
3ADX,B,1,13
3ADX,B,1,14
3ADX,B,1,15
3ADX,B,1,16
3ADX,B,1,51
3ADX,B,1,52
3ADX,B,1,53
3ADX,B,1,76
3ADX,B,1,77
3ADX,B,1,78
3ADX,B,1,79
3ADX,B,1,80
3ADX,B,1,81
3ADX,B,1,82
3ADX,B,1,83
3ADX,B,1,84
3ADX,B,1,272
3ADX,B,1,273
3ADX,B,1,274
3ADX,B,1,275
3ADX,B,1,284
3ADX,B,1,285
3ADX,B,1,286
3ADX,B,1,287
3AN3,A,1,1
3AN3,A,1,2
3AN3,A,1,3
3AN3,A,1,4
3AN3,A,1,5
3AN3,A,1,6
3AN3,A,1,7
3AN3,A,1,8
3AN3,A,1,9
3AN3,A,1,10
3AN3,A,1,11
3AN3,A,1,12
3AN3,A,1,73
3AN3,A,1,74
3AN3,A,1,75
3AN3,A,1,76
3AN3,A,1,77
3AN3,A,1,78
3AN3,A,1,79
3AN3,A,1,80
3AN3,A,1,81
3AN3,A,1,82
3AN3,A,1,83
3AN3,B,1,1
3AN3,B,1,2
3AN3,B,1,3
3AN3,B,1,4
3AN3,B,1,5
3AN3,B,1,6
3AN3,B,1,7
3AN3,B,1,8
3AN3,B,1,9
3AN3,B,1,10
3AN3,B,1,11
3AN3,B,1,12
3AN3,B,1,13
3AN3,B,1,14
3AN3,B,1,15
3AN3,B,1,16
3AN3,B,1,52
3AN3,B,1,53
3AN3,B,1,54
3AN3,B,1,77
3AN3,B,1,78
3AN3,B,1,79
3AN3,B,1,80
3AN3,B,1,81
3AN3,B,1,82
3AN3,B,1,83
3AN3,B,1,84
3AN3,B,1,284
3AN3,B,1,285
3AN3,B,1,286
3AN4,A,1,1
3AN4,A,1,2
3AN4,A,1,3
3AN4,A,1,4
3AN4,A,1,5
3AN4,A,1,6
3AN4,A,1,7
3AN4,A,1,8
3AN4,A,1,9
3AN4,A,1,10
3AN4,A,1,11
3AN4,A,1,12
3AN4,A,1,13
3AN4,A,1,14
3AN4,A,1,74
3AN4,A,1,75
3AN4,A,1,76
3AN4,A,1,77
3AN4,A,1,78
3AN4,A,1,79
3AN4,A,1,80
3AN4,A,1,81
3AN4,A,1,82
3AN4,A,1,83
3AN4,B,1,1
3AN4,B,1,2
3AN4,B,1,3
3AN4,B,1,4
3AN4,B,1,5
3AN4,B,1,6
3AN4,B,1,7
3AN4,B,1,8
3AN4,B,1,9
3AN4,B,1,10
3AN4,B,1,11
3AN4,B,1,12
3AN4,B,1,13
3AN4,B,1,14
3AN4,B,1,15
3AN4,B,1,52
3AN4,B,1,53
3AN4,B,1,54
3AN4,B,1,77
3AN4,B,1,78
3AN4,B,1,79
3AN4,B,1,80
3AN4,B,1,81
3AN4,B,1,82
3AN4,B,1,83
3AN4,B,1,84
3AN4,B,1,284
3AN4,B,1,285
3AN4,B,1,286
3AUQ,A,1,1
3AUQ,A,1,2
3AUQ,A,1,3
3AUQ,A,1,4
3AUQ,A,1,50
3AUQ,A,1,51
3AUQ,A,1,260
3AUQ,A,1,261
3AUQ,A,1,262
3AUQ,A,1,263
3AUR,A,1,1
3AUR,A,1,2
3AUR,A,1,3
3AUR,A,1,4
3AUR,A,1,50
3AUR,A,1,51
3AUR,A,1,260
3AUR,A,1,261
3AUR,A,1,262
3AUR,A,1,263
3AX8,A,1,1
3AX8,A,1,2
3AX8,A,1,3
3AX8,A,1,4
3AX8,A,1,50
3AX8,A,1,51
3AX8,A,1,260
3AX8,A,1,261
3AX8,A,1,262
3AX8,A,1,263
3AZ1,A,1,205
3AZ1,A,1,206
3AZ1,A,1,207
3AZ2,A,1,205
3AZ2,A,1,206
3AZ2,A,1,207
3AZ3,A,1,205
3AZ3,A,1,206
3AZ3,A,1,207
3B0Q,A,1,60
3B0Q,A,1,61
3B0Q,A,1,62
3B0Q,A,1,63
3B0Q,A,1,64
3B0Q,A,1,65
3B0Q,A,1,66
3B0Q,A,1,67
3B0Q,A,1,68
3B0Q,A,1,69
3B0Q,A,1,70
3B0Q,A,1,71
3B0Q,B,1,1
3B0Q,B,1,2
3B0Q,B,1,3
3B0Q,B,1,4
3B0Q,B,1,38
3B0Q,B,1,39
3B0Q,B,1,40
3B0Q,B,1,61
3B0Q,B,1,62
3B0Q,B,1,63
3B0Q,B,1,64
3B0Q,B,1,65
3B0Q,B,1,66
3B0Q,B,1,67
3B0Q,B,1,68
3B0Q,B,1,69
3B0Q,B,1,70
3B0Q,B,1,71
3B0Q,B,1,72
3B0Q,B,1,257
3B0Q,B,1,258
3B0Q,B,1,259
3B0Q,B,1,260
3B0Q,B,1,261
3B0Q,B,1,262
3B0Q,B,1,263
3B0Q,B,1,272
3B0Q,B,1,273
3B0Q,B,1,274
3B0R,A,1,60
3B0R,A,1,61
3B0R,A,1,62
3B0R,A,1,63
3B0R,A,1,64
3B0R,A,1,65
3B0R,A,1,66
3B0R,A,1,67
3B0R,A,1,68
3B0R,A,1,69
3B0R,A,1,70
3B0R,A,1,71
3B0R,B,1,1
3B0R,B,1,2
3B0R,B,1,3
3B0R,B,1,4
3B0R,B,1,38
3B0R,B,1,39
3B0R,B,1,40
3B0R,B,1,61
3B0R,B,1,62
3B0R,B,1,63
3B0R,B,1,64
3B0R,B,1,65
3B0R,B,1,66
3B0R,B,1,67
3B0R,B,1,68
3B0R,B,1,69
3B0R,B,1,70
3B0R,B,1,71
3B0R,B,1,72
3B0R,B,1,257
3B0R,B,1,258
3B0R,B,1,259
3B0R,B,1,260
3B0R,B,1,261
3B0R,B,1,262
3B0R,B,1,263
3B0R,B,1,272
3B0R,B,1,273
3B0R,B,1,274
3B0W,A,1,216
3B0W,A,1,217
3B0W,A,1,218
3B0W,A,1,219
3B0W,A,1,220
3B0W,A,1,221
3B0W,A,1,222
3B0W,A,1,223
3B0W,A,1,224
3B0W,A,1,225
3B0W,A,1,226
3B0W,A,1,227
3B0W,A,1,228
3B0W,A,1,229
3B0W,A,1,230
3B0W,A,1,231
3B0W,A,1,232
3B0W,A,1,233
3B0W,A,1,234
3B0W,A,1,235
3B0W,A,1,236
3B0W,A,1,237
3B0W,A,1,238
3B0W,A,1,239
3B0W,A,1,240
3B0W,A,1,241
3B0W,A,1,242
3B0W,A,1,243
3B0W,B,1,218
3B0W,B,1,219
3B0W,B,1,220
3B0W,B,1,221
3B0W,B,1,222
3B0W,B,1,223
3B0W,B,1,224
3B0W,B,1,225
3B0W,B,1,226
3B0W,B,1,227
3B0W,B,1,228
3B0W,B,1,229
3B0W,B,1,230
3B0W,B,1,231
3B0W,B,1,232
3B0W,B,1,233
3B0W,B,1,234
3B0W,B,1,235
3B0W,B,1,236
3B0W,B,1,237
3B0W,B,1,238
3B0W,B,1,239
3B0W,B,1,240
3B0W,B,1,241
3B0W,B,1,242
3B0W,B,1,243
3B1M,A,1,1
3B1M,A,1,2
3B1M,A,1,3
3B1M,A,1,4
3B1M,A,1,5
3B1M,A,1,6
3B1M,A,1,7
3B1M,A,1,8
3B1M,A,1,9
3B1M,A,1,10
3B1M,A,1,11
3B1M,A,1,69
3B1M,A,1,70
3B1M,A,1,71
3B1M,A,1,72
3B1M,A,1,73
3B1M,A,1,74
3B1M,A,1,75
3B1M,A,1,76
3B1M,A,1,77
3B1M,A,1,78
3B1M,A,1,79
3B1M,A,1,80
3B1M,B,1,1
3B1M,B,1,2
3B1M,B,1,3
3B1M,B,1,4
3B1M,B,1,5
3B1M,B,1,17
3B1M,B,1,18
3B1M,B,1,19
3B3K,A,1,1
3B3K,A,1,2
3B3K,A,1,3
3B3K,A,1,4
3B3K,A,1,5
3B3K,A,1,6
3B3K,A,1,7
3B3K,A,1,8
3B3K,A,1,9
3B3K,A,1,10
3B3K,A,1,11
3B3K,A,1,12
3B3K,A,1,13
3B3K,A,1,14
3B3K,A,1,15
3B3K,A,1,16
3B3K,A,1,73
3B3K,A,1,74
3B3K,A,1,75
3B3K,A,1,76
3B3K,A,1,77
3B3K,A,1,78
3B3K,A,1,79
3B3K,A,1,80
3B3K,A,1,81
3B3K,A,1,82
3B3K,A,1,83
3B3K,A,1,84
3B3K,A,1,285
3B3K,A,1,286
3B3K,B,1,1
3B3K,B,1,2
3B3K,B,1,3
3B3K,B,1,4
3B3K,B,1,5
3B3K,B,1,6
3B3K,B,1,7
3B3K,B,1,8
3B3K,B,1,9
3B3K,B,1,10
3B3K,B,1,11
3B3K,B,1,12
3B3K,B,1,13
3B3K,B,1,14
3B3K,B,1,15
3B3K,B,1,16
3B3K,B,1,69
3B3K,B,1,70
3B3K,B,1,77
3B3K,B,1,78
3B3K,B,1,79
3B3K,B,1,80
3B3K,B,1,81
3B3K,B,1,82
3B3K,B,1,83
3B3K,B,1,84
3B3K,B,1,167
3B3K,B,1,284
3B3K,B,1,285
3B3K,B,1,286
3B5R,A,1,248
3B5R,A,1,249
3B65,A,1,248
3B65,A,1,249
3B66,A,1,248
3B66,A,1,249
3B67,A,1,248
3B67,A,1,249
3B68,A,1,248
3B68,A,1,249
3BC5,A,1,1
3BC5,A,1,2
3BC5,A,1,3
3BC5,A,1,4
3BC5,A,1,5
3BC5,A,1,6
3BC5,A,1,7
3BC5,A,1,8
3BC5,A,1,9
3BC5,A,1,10
3BC5,A,1,11
3BC5,A,1,12
3BC5,A,1,13
3BC5,A,1,14
3BC5,A,1,15
3BC5,A,1,16
3BC5,A,1,17
3BC5,A,1,18
3BC5,A,1,19
3BC5,A,1,20
3BC5,A,1,61
3BC5,A,1,62
3BC5,A,1,63
3BC5,A,1,86
3BC5,A,1,87
3BC5,A,1,88
3BC5,A,1,89
3BC5,A,1,90
3BC5,A,1,91
3BC5,A,1,92
3BC5,A,1,93
3BC5,A,1,280
3BC5,A,1,281
3BEJ,A,1,1
3BEJ,A,1,2
3BEJ,A,1,3
3BEJ,A,1,4
3BEJ,A,1,5
3BEJ,A,1,6
3BEJ,A,1,7
3BEJ,A,1,8
3BEJ,A,1,9
3BEJ,A,1,10
3BEJ,A,1,106
3BEJ,A,1,107
3BEJ,A,1,108
3BEJ,A,1,238
3BEJ,B,1,1
3BEJ,B,1,2
3BEJ,B,1,3
3BEJ,B,1,4
3BEJ,B,1,5
3BEJ,B,1,6
3BEJ,B,1,7
3BEJ,B,1,8
3BEJ,B,1,9
3BEJ,B,1,238
3BEJ,C,1,1
3BEJ,C,1,2
3BEJ,C,1,3
3BEJ,C,1,4
3BEJ,C,1,5
3BEJ,C,1,6
3BEJ,C,1,7
3BEJ,C,1,8
3BEJ,C,1,9
3BEJ,C,1,21
3BEJ,C,1,22
3BEJ,C,1,23
3BEJ,C,1,24
3BEJ,C,1,25
3BEJ,D,1,1
3BEJ,D,1,2
3BEJ,D,1,3
3BEJ,D,1,4
3BEJ,D,1,5
3BEJ,D,1,6
3BEJ,D,1,7
3BEJ,D,1,8
3BEJ,D,1,21
3BEJ,D,1,22
3BEJ,D,1,23
3BEJ,D,1,24
3BEJ,D,1,25
3BQD,A,1,1
3BQD,A,1,2
3BQD,B,1,1
3BQD,B,1,2
3CDP,A,1,1
3CDP,A,1,2
3CDP,A,1,3
3CDP,A,1,4
3CDP,A,1,5
3CDP,A,1,6
3CDP,A,1,7
3CDP,A,1,8
3CDP,A,1,9
3CDP,A,1,10
3CDP,A,1,11
3CDP,A,1,12
3CDP,A,1,13
3CDP,A,1,14
3CDP,A,1,15
3CDP,A,1,16
3CDP,A,1,73
3CDP,A,1,74
3CDP,A,1,75
3CDP,A,1,76
3CDP,A,1,77
3CDP,A,1,78
3CDP,A,1,79
3CDP,A,1,80
3CDP,A,1,81
3CDP,A,1,82
3CDP,A,1,83
3CDP,A,1,84
3CDP,A,1,285
3CDP,A,1,286
3CDP,B,1,1
3CDP,B,1,2
3CDP,B,1,3
3CDP,B,1,4
3CDP,B,1,5
3CDP,B,1,6
3CDP,B,1,7
3CDP,B,1,8
3CDP,B,1,9
3CDP,B,1,10
3CDP,B,1,11
3CDP,B,1,12
3CDP,B,1,13
3CDP,B,1,14
3CDP,B,1,15
3CDP,B,1,16
3CDP,B,1,69
3CDP,B,1,70
3CDP,B,1,77
3CDP,B,1,78
3CDP,B,1,79
3CDP,B,1,80
3CDP,B,1,81
3CDP,B,1,82
3CDP,B,1,83
3CDP,B,1,84
3CDP,B,1,167
3CDP,B,1,284
3CDP,B,1,285
3CDP,B,1,286
3CDS,A,1,1
3CDS,A,1,2
3CDS,A,1,3
3CDS,A,1,4
3CDS,A,1,5
3CDS,A,1,6
3CDS,A,1,7
3CDS,A,1,8
3CDS,A,1,9
3CDS,A,1,10
3CDS,A,1,11
3CDS,A,1,12
3CDS,A,1,13
3CDS,A,1,14
3CDS,A,1,15
3CDS,A,1,16
3CDS,A,1,73
3CDS,A,1,74
3CDS,A,1,75
3CDS,A,1,76
3CDS,A,1,77
3CDS,A,1,78
3CDS,A,1,79
3CDS,A,1,80
3CDS,A,1,81
3CDS,A,1,82
3CDS,A,1,83
3CDS,A,1,84
3CDS,A,1,285
3CDS,A,1,286
3CDS,B,1,1
3CDS,B,1,2
3CDS,B,1,3
3CDS,B,1,4
3CDS,B,1,5
3CDS,B,1,6
3CDS,B,1,7
3CDS,B,1,8
3CDS,B,1,9
3CDS,B,1,10
3CDS,B,1,11
3CDS,B,1,12
3CDS,B,1,13
3CDS,B,1,14
3CDS,B,1,15
3CDS,B,1,16
3CDS,B,1,69
3CDS,B,1,70
3CDS,B,1,77
3CDS,B,1,78
3CDS,B,1,79
3CDS,B,1,80
3CDS,B,1,81
3CDS,B,1,82
3CDS,B,1,83
3CDS,B,1,84
3CDS,B,1,167
3CDS,B,1,284
3CDS,B,1,285
3CDS,B,1,286
3CJW,A,1,24
3CJW,A,1,25
3CJW,A,1,26
3CJW,A,1,27
3CJW,A,1,28
3CJW,A,1,29
3CJW,A,1,30
3CJW,A,1,31
3CJW,A,1,32
3CJW,A,1,33
3CJW,A,1,34
3CJW,A,1,35
3CJW,A,1,36
3CJW,A,1,99
3CJW,A,1,100
3CJW,A,1,101
3CJW,A,1,102
3CJW,A,1,103
3CJW,A,1,104
3CJW,A,1,105
3CJW,A,1,106
3CJW,A,1,107
3CJW,A,1,108
3CJW,A,1,109
3CJW,A,1,110
3CJW,A,1,111
3CJW,A,1,112
3CJW,A,1,113
3CJW,A,1,114
3CJW,A,1,115
3CJW,A,1,238
3CJW,A,1,239
3CJW,A,1,240
3CJW,A,1,241
3CJW,A,1,242
3CJW,A,1,243
3CJW,A,1,244
3CLD,A,1,1
3CLD,A,1,2
3CLD,A,1,3
3CLD,A,1,4
3CLD,A,1,5
3CLD,A,1,6
3CLD,A,1,7
3CLD,A,1,98
3CLD,A,1,99
3CLD,A,1,100
3CLD,A,1,187
3CLD,A,1,188
3CLD,A,1,189
3CLD,A,1,190
3CLD,A,1,191
3CLD,A,1,259
3CLD,B,1,1
3CLD,B,1,2
3CLD,B,1,12
3CLD,C,1,1
3CLD,C,1,2
3CLD,C,1,3
3CLD,C,1,4
3CLD,C,1,5
3CLD,C,1,6
3CLD,C,1,7
3CLD,C,1,8
3CLD,C,1,9
3CLD,C,1,98
3CLD,C,1,99
3CLD,C,1,100
3CLD,C,1,187
3CLD,C,1,188
3CLD,C,1,189
3CLD,C,1,190
3CLD,C,1,191
3CLD,C,1,259
3CLD,D,1,1
3CLD,D,1,2
3CLD,D,1,12
3CQV,A,1,197
3CQV,A,1,198
3CQV,A,1,199
3CS4,A,1,1
3CS4,A,1,2
3CS4,A,1,3
3CS4,A,1,4
3CS4,A,1,5
3CS4,A,1,260
3CS4,A,1,261
3CS4,A,1,262
3CS4,A,1,263
3CS6,A,1,1
3CS6,A,1,2
3CS6,A,1,3
3CS6,A,1,4
3CS6,A,1,5
3CS6,A,1,260
3CS6,A,1,261
3CS6,A,1,262
3CS6,A,1,263
3CS8,A,1,62
3CS8,A,1,63
3CS8,A,1,64
3CS8,A,1,65
3CS8,A,1,66
3CS8,A,1,67
3CTB,A,1,1
3CTB,A,1,2
3CTB,A,1,3
3CTB,A,1,4
3CTB,A,1,5
3CTB,A,1,6
3CTB,A,1,7
3CTB,A,1,8
3CTB,A,1,9
3CTB,A,1,10
3CTB,A,1,11
3CTB,A,1,12
3CTB,A,1,13
3CTB,A,1,14
3CTB,A,1,15
3CTB,A,1,16
3CTB,A,1,17
3CTB,A,1,18
3CTB,A,1,19
3CTB,A,1,20
3CTB,A,1,21
3CTB,A,1,22
3CTB,A,1,23
3CTB,A,1,61
3CTB,A,1,62
3CTB,A,1,63
3CTB,A,1,64
3CTB,A,1,65
3CTB,A,1,66
3CTB,A,1,67
3CTB,A,1,68
3CTB,A,1,69
3CTB,A,1,70
3CTB,A,1,71
3CTB,A,1,72
3CTB,A,1,73
3CTB,A,1,192
3CTB,A,1,193
3CTB,A,1,194
3CTB,A,1,195
3CTB,A,1,196
3CTB,A,1,197
3CTB,A,1,315
3CTB,A,1,316
3CTB,A,1,317
3CTB,A,1,318
3CTB,A,1,319
3CTB,A,1,320
3CTB,A,1,321
3CTB,A,1,322
3CTB,A,1,323
3CTB,A,1,324
3CTB,A,1,325
3CTB,A,1,341
3CTB,A,1,342
3CTB,A,1,343
3CTB,A,1,344
3CTB,B,1,1
3CTB,B,1,2
3CTB,B,1,3
3CTB,B,1,4
3CTB,B,1,5
3CTB,B,1,6
3CTB,B,1,7
3CTB,B,1,8
3CTB,B,1,9
3CTB,B,1,10
3CTB,B,1,11
3CTB,B,1,12
3CTB,B,1,13
3CTB,B,1,14
3CTB,B,1,15
3CTB,B,1,16
3CTB,B,1,17
3CTB,B,1,18
3CTB,B,1,19
3CTB,B,1,20
3CTB,B,1,21
3CTB,B,1,22
3CTB,B,1,23
3CTB,B,1,61
3CTB,B,1,62
3CTB,B,1,63
3CTB,B,1,64
3CTB,B,1,65
3CTB,B,1,66
3CTB,B,1,67
3CTB,B,1,68
3CTB,B,1,69
3CTB,B,1,70
3CTB,B,1,71
3CTB,B,1,72
3CTB,B,1,73
3CTB,B,1,192
3CTB,B,1,193
3CTB,B,1,194
3CTB,B,1,195
3CTB,B,1,196
3CTB,B,1,197
3CTB,B,1,198
3CTB,B,1,314
3CTB,B,1,315
3CTB,B,1,316
3CTB,B,1,317
3CTB,B,1,318
3CTB,B,1,319
3CTB,B,1,320
3CTB,B,1,321
3CTB,B,1,322
3CTB,B,1,323
3CTB,B,1,324
3CTB,B,1,325
3CTB,B,1,343
3CTB,B,1,344
3CWD,A,1,54
3CWD,A,1,55
3CWD,A,1,56
3CWD,A,1,57
3CWD,A,1,58
3CWD,A,1,59
3CWD,A,1,60
3CWD,A,1,61
3CWD,A,1,62
3CWD,A,1,63
3CWD,A,1,64
3CWD,A,1,65
3CWD,A,1,66
3CWD,B,1,57
3CWD,B,1,58
3CWD,B,1,59
3CWD,B,1,60
3CWD,B,1,61
3CWD,B,1,62
3CWD,B,1,63
3CWD,B,1,64
3CWD,B,1,65
3CWD,B,1,270
3D24,A,1,1
3D24,A,1,2
3D24,A,1,3
3D24,A,1,4
3D24,A,1,5
3D24,A,1,6
3D24,A,1,7
3D24,A,1,8
3D24,A,1,9
3D24,A,1,10
3D24,A,1,11
3D24,A,1,12
3D24,A,1,13
3D24,A,1,14
3D24,A,1,15
3D24,A,1,16
3D24,A,1,17
3D24,A,1,18
3D24,A,1,19
3D24,A,1,20
3D24,A,1,21
3D24,A,1,22
3D24,A,1,23
3D24,A,1,43
3D24,A,1,44
3D24,A,1,45
3D24,A,1,46
3D24,A,1,47
3D24,A,1,48
3D24,A,1,49
3D24,A,1,50
3D24,A,1,51
3D24,A,1,52
3D24,A,1,196
3D24,A,1,197
3D24,A,1,198
3D24,A,1,199
3D24,A,1,200
3D24,A,1,201
3D24,A,1,202
3D24,A,1,203
3D24,A,1,251
3D24,A,1,252
3D24,A,1,253
3D24,B,1,1
3D24,B,1,2
3D24,B,1,3
3D24,B,1,4
3D24,B,1,5
3D24,B,1,6
3D24,B,1,7
3D24,B,1,21
3D24,B,1,22
3D24,C,1,1
3D24,C,1,2
3D24,C,1,3
3D24,C,1,4
3D24,C,1,5
3D24,C,1,6
3D24,C,1,7
3D24,C,1,8
3D24,C,1,9
3D24,C,1,10
3D24,C,1,11
3D24,C,1,12
3D24,C,1,13
3D24,C,1,14
3D24,C,1,15
3D24,C,1,16
3D24,C,1,17
3D24,C,1,18
3D24,C,1,19
3D24,C,1,20
3D24,C,1,21
3D24,C,1,44
3D24,C,1,45
3D24,C,1,46
3D24,C,1,47
3D24,C,1,48
3D24,C,1,49
3D24,C,1,50
3D24,C,1,51
3D24,C,1,52
3D24,C,1,198
3D24,C,1,199
3D24,C,1,200
3D24,C,1,201
3D24,C,1,202
3D24,C,1,203
3D24,C,1,204
3D24,D,1,1
3D24,D,1,2
3D24,D,1,3
3D24,D,1,4
3D24,D,1,5
3D24,D,1,6
3D24,D,1,7
3D24,D,1,22
3D57,A,1,1
3D57,A,1,2
3D57,A,1,3
3D57,A,1,4
3D57,A,1,5
3D57,A,1,6
3D57,A,1,7
3D57,A,1,8
3D57,A,1,9
3D57,A,1,10
3D57,A,1,11
3D57,A,1,12
3D57,A,1,13
3D57,A,1,14
3D57,A,1,15
3D57,A,1,61
3D57,A,1,62
3D57,A,1,63
3D57,A,1,64
3D57,A,1,65
3D57,A,1,66
3D57,B,1,1
3D57,B,1,2
3D57,B,1,3
3D57,B,1,4
3D57,B,1,5
3D57,B,1,6
3D57,B,1,7
3D57,B,1,8
3D57,B,1,9
3D57,B,1,10
3D57,B,1,11
3D57,B,1,12
3D57,B,1,13
3D57,B,1,14
3D57,B,1,15
3D57,B,1,16
3D57,B,1,62
3D57,B,1,63
3D5F,A,1,30
3D5F,A,1,31
3D5F,A,1,32
3D5F,A,1,33
3D5F,A,1,34
3D5F,A,1,35
3D5F,A,1,55
3D5F,A,1,56
3D5F,A,1,57
3D5F,A,1,58
3D5F,A,1,59
3D5F,A,1,60
3D5F,A,1,267
3D5F,B,1,29
3D5F,B,1,30
3D5F,B,1,31
3D5F,B,1,32
3D5F,B,1,33
3D5F,B,1,34
3D5F,B,1,35
3D5F,B,1,55
3D5F,B,1,56
3D5F,B,1,57
3D5F,B,1,58
3D5F,B,1,59
3D5F,B,1,60
3D6D,A,1,1
3D6D,A,1,2
3D6D,A,1,3
3D6D,A,1,4
3D6D,A,1,5
3D6D,A,1,6
3D6D,A,1,7
3D6D,A,1,8
3D6D,A,1,9
3D6D,A,1,10
3D6D,A,1,11
3D6D,A,1,12
3D6D,A,1,13
3D6D,A,1,14
3D6D,A,1,15
3D6D,A,1,16
3D6D,A,1,73
3D6D,A,1,74
3D6D,A,1,75
3D6D,A,1,76
3D6D,A,1,77
3D6D,A,1,78
3D6D,A,1,79
3D6D,A,1,80
3D6D,A,1,81
3D6D,A,1,82
3D6D,A,1,83
3D6D,A,1,84
3D6D,A,1,285
3D6D,A,1,286
3D6D,B,1,1
3D6D,B,1,2
3D6D,B,1,3
3D6D,B,1,4
3D6D,B,1,5
3D6D,B,1,6
3D6D,B,1,7
3D6D,B,1,8
3D6D,B,1,9
3D6D,B,1,10
3D6D,B,1,11
3D6D,B,1,12
3D6D,B,1,13
3D6D,B,1,14
3D6D,B,1,15
3D6D,B,1,16
3D6D,B,1,69
3D6D,B,1,70
3D6D,B,1,77
3D6D,B,1,78
3D6D,B,1,79
3D6D,B,1,80
3D6D,B,1,81
3D6D,B,1,82
3D6D,B,1,83
3D6D,B,1,84
3D6D,B,1,167
3D6D,B,1,284
3D6D,B,1,285
3D6D,B,1,286
3D90,A,1,1
3D90,A,1,2
3D90,A,1,3
3D90,A,1,4
3D90,A,1,5
3D90,A,1,6
3D90,A,1,31
3D90,A,1,32
3D90,A,1,186
3D90,A,1,257
3D90,A,1,258
3D90,B,1,1
3D90,B,1,2
3D90,B,1,3
3D90,B,1,4
3D90,B,1,5
3D90,B,1,6
3D90,B,1,7
3D90,B,1,186
3D90,B,1,258
3DCT,A,1,1
3DCT,A,1,2
3DCT,A,1,3
3DCT,A,1,4
3DCT,A,1,5
3DCT,A,1,6
3DCT,B,1,1
3DCT,B,1,2
3DCT,B,1,3
3DCT,B,1,4
3DCT,B,1,16
3DCT,B,1,17
3DCT,B,1,18
3DCT,B,1,19
3DCT,B,1,20
3DCT,B,1,21
3DCU,A,1,1
3DCU,A,1,2
3DCU,A,1,3
3DCU,A,1,4
3DCU,A,1,5
3DCU,A,1,6
3DCU,B,1,1
3DCU,B,1,2
3DCU,B,1,3
3DCU,B,1,4
3DCU,B,1,16
3DCU,B,1,17
3DCU,B,1,18
3DCU,B,1,19
3DCU,B,1,20
3DCU,B,1,21
3DT3,A,1,1
3DT3,A,1,2
3DT3,A,1,3
3DT3,A,1,4
3DT3,A,1,5
3DT3,A,1,6
3DT3,A,1,7
3DT3,A,1,8
3DT3,A,1,9
3DT3,A,1,35
3DT3,A,1,36
3DT3,A,1,37
3DT3,A,1,38
3DT3,A,1,39
3DT3,A,1,40
3DT3,A,1,41
3DT3,A,1,166
3DT3,A,1,234
3DT3,A,1,235
3DT3,B,1,1
3DT3,B,1,2
3DT3,B,1,3
3DT3,B,1,4
3DT3,B,1,5
3DT3,B,1,6
3DT3,B,1,7
3DT3,B,1,8
3DT3,B,1,9
3DT3,B,1,166
3DT3,B,1,167
3DT3,B,1,235
3DT3,B,1,253
3DT3,B,1,254
3DT3,B,1,255
3DY6,A,1,1
3DY6,A,1,33
3DY6,A,1,34
3DY6,A,1,35
3DY6,A,1,36
3DY6,A,1,37
3DY6,A,1,38
3DY6,A,1,59
3DY6,A,1,60
3DY6,A,1,61
3DY6,A,1,62
3DY6,A,1,63
3DY6,A,1,270
3DY6,A,1,271
3DY6,B,1,1
3DY6,B,1,2
3DY6,B,1,3
3DY6,B,1,33
3DY6,B,1,34
3DY6,B,1,35
3DY6,B,1,36
3DY6,B,1,37
3DY6,B,1,38
3DY6,B,1,59
3DY6,B,1,60
3DY6,B,1,61
3DY6,B,1,62
3DY6,B,1,63
3DY6,B,1,270
3DY6,B,1,271
3DZU,A,1,1
3DZU,A,1,2
3DZU,A,1,3
3DZU,A,1,4
3DZU,A,1,5
3DZU,A,1,6
3DZU,A,1,7
3DZU,A,1,8
3DZU,A,1,9
3DZU,A,1,10
3DZU,A,1,11
3DZU,A,1,12
3DZU,A,1,13
3DZU,A,1,14
3DZU,A,1,15
3DZU,A,1,16
3DZU,A,1,17
3DZU,A,1,18
3DZU,A,1,19
3DZU,A,1,20
3DZU,A,1,21
3DZU,A,1,22
3DZU,A,1,23
3DZU,A,1,24
3DZU,A,1,25
3DZU,A,1,26
3DZU,A,1,27
3DZU,A,1,28
3DZU,A,1,29
3DZU,A,1,30
3DZU,A,1,31
3DZU,A,1,32
3DZU,A,1,33
3DZU,A,1,34
3DZU,A,1,35
3DZU,A,1,36
3DZU,A,1,37
3DZU,A,1,38
3DZU,A,1,39
3DZU,A,1,40
3DZU,A,1,41
3DZU,A,1,42
3DZU,A,1,43
3DZU,A,1,44
3DZU,A,1,45
3DZU,A,1,46
3DZU,A,1,47
3DZU,A,1,48
3DZU,A,1,49
3DZU,A,1,50
3DZU,A,1,51
3DZU,A,1,52
3DZU,A,1,53
3DZU,A,1,54
3DZU,A,1,55
3DZU,A,1,56
3DZU,A,1,57
3DZU,A,1,58
3DZU,A,1,59
3DZU,A,1,60
3DZU,A,1,61
3DZU,A,1,62
3DZU,A,1,63
3DZU,A,1,64
3DZU,A,1,65
3DZU,A,1,66
3DZU,A,1,67
3DZU,A,1,68
3DZU,A,1,69
3DZU,A,1,70
3DZU,A,1,71
3DZU,A,1,72
3DZU,A,1,73
3DZU,A,1,74
3DZU,A,1,75
3DZU,A,1,76
3DZU,A,1,77
3DZU,A,1,78
3DZU,A,1,79
3DZU,A,1,80
3DZU,A,1,81
3DZU,A,1,82
3DZU,A,1,83
3DZU,A,1,84
3DZU,A,1,85
3DZU,A,1,86
3DZU,A,1,87
3DZU,A,1,88
3DZU,A,1,89
3DZU,A,1,90
3DZU,A,1,91
3DZU,A,1,92
3DZU,A,1,93
3DZU,A,1,94
3DZU,A,1,95
3DZU,A,1,96
3DZU,A,1,97
3DZU,A,1,98
3DZU,A,1,99
3DZU,A,1,100
3DZU,A,1,101
3DZU,A,1,102
3DZU,A,1,103
3DZU,A,1,104
3DZU,A,1,105
3DZU,A,1,106
3DZU,A,1,107
3DZU,A,1,108
3DZU,A,1,109
3DZU,A,1,110
3DZU,A,1,111
3DZU,A,1,112
3DZU,A,1,113
3DZU,A,1,114
3DZU,A,1,115
3DZU,A,1,116
3DZU,A,1,117
3DZU,A,1,118
3DZU,A,1,119
3DZU,A,1,120
3DZU,A,1,121
3DZU,A,1,122
3DZU,A,1,123
3DZU,A,1,124
3DZU,A,1,125
3DZU,A,1,126
3DZU,A,1,127
3DZU,A,1,128
3DZU,A,1,129
3DZU,A,1,130
3DZU,A,1,131
3DZU,A,1,132
3DZU,A,1,133
3DZU,A,1,134
3DZU,A,1,135
3DZU,A,1,136
3DZU,A,1,217
3DZU,A,1,218
3DZU,A,1,219
3DZU,A,1,220
3DZU,A,1,221
3DZU,A,1,222
3DZU,A,1,223
3DZU,A,1,224
3DZU,A,1,225
3DZU,A,1,226
3DZU,A,1,227
3DZU,A,1,228
3DZU,A,1,229
3DZU,A,1,230
3DZU,A,1,247
3DZU,A,1,248
3DZU,A,1,249
3DZU,A,1,250
3DZU,A,1,251
3DZU,A,1,252
3DZU,A,1,253
3DZU,A,1,254
3DZU,A,1,255
3DZU,A,1,256
3DZU,A,1,257
3DZU,A,1,258
3DZU,A,1,259
3DZU,A,1,260
3DZU,A,1,261
3DZU,A,1,262
3DZU,A,1,263
3DZU,A,1,264
3DZU,A,1,265
3DZU,A,1,266
3DZU,A,1,267
3DZU,A,1,461
3DZU,A,1,462
3DZU,A,1,463
3DZU,A,1,464
3DZU,A,1,465
3DZU,A,1,466
3DZU,A,1,467
3DZU,B,1,1
3DZU,B,1,2
3DZU,B,1,3
3DZU,B,1,4
3DZU,B,1,5
3DZU,B,1,6
3DZU,B,1,7
3DZU,B,1,8
3DZU,B,1,9
3DZU,B,1,10
3DZU,B,1,11
3DZU,B,1,12
3DZU,B,1,13
3DZU,B,1,14
3DZU,B,1,15
3DZU,B,1,16
3DZU,B,1,17
3DZU,B,1,18
3DZU,B,1,19
3DZU,B,1,20
3DZU,B,1,21
3DZU,B,1,22
3DZU,B,1,23
3DZU,B,1,24
3DZU,B,1,25
3DZU,B,1,26
3DZU,B,1,27
3DZU,B,1,28
3DZU,B,1,29
3DZU,B,1,30
3DZU,B,1,31
3DZU,B,1,32
3DZU,B,1,33
3DZU,B,1,34
3DZU,B,1,35
3DZU,B,1,36
3DZU,B,1,37
3DZU,B,1,38
3DZU,B,1,39
3DZU,B,1,40
3DZU,B,1,41
3DZU,B,1,42
3DZU,B,1,43
3DZU,B,1,44
3DZU,B,1,45
3DZU,B,1,46
3DZU,B,1,47
3DZU,B,1,48
3DZU,B,1,49
3DZU,B,1,207
3DZU,B,1,208
3DZU,B,1,209
3DZU,B,1,210
3DZU,B,1,211
3DZU,B,1,212
3DZU,B,1,213
3DZU,B,1,214
3DZU,B,1,215
3DZU,B,1,216
3DZU,B,1,217
3DZU,E,1,1
3DZU,E,1,2
3DZU,E,1,3
3DZU,E,1,13
3DZU,F,1,1
3DZU,F,1,2
3DZU,F,1,3
3DZU,F,1,12
3DZU,F,1,13
3DZY,A,1,1
3DZY,A,1,2
3DZY,A,1,3
3DZY,A,1,4
3DZY,A,1,5
3DZY,A,1,6
3DZY,A,1,7
3DZY,A,1,8
3DZY,A,1,9
3DZY,A,1,10
3DZY,A,1,11
3DZY,A,1,12
3DZY,A,1,13
3DZY,A,1,14
3DZY,A,1,15
3DZY,A,1,16
3DZY,A,1,17
3DZY,A,1,18
3DZY,A,1,19
3DZY,A,1,20
3DZY,A,1,21
3DZY,A,1,22
3DZY,A,1,23
3DZY,A,1,24
3DZY,A,1,25
3DZY,A,1,26
3DZY,A,1,27
3DZY,A,1,28
3DZY,A,1,29
3DZY,A,1,30
3DZY,A,1,31
3DZY,A,1,32
3DZY,A,1,33
3DZY,A,1,34
3DZY,A,1,35
3DZY,A,1,36
3DZY,A,1,37
3DZY,A,1,38
3DZY,A,1,39
3DZY,A,1,40
3DZY,A,1,41
3DZY,A,1,42
3DZY,A,1,43
3DZY,A,1,44
3DZY,A,1,45
3DZY,A,1,46
3DZY,A,1,47
3DZY,A,1,48
3DZY,A,1,49
3DZY,A,1,50
3DZY,A,1,51
3DZY,A,1,52
3DZY,A,1,53
3DZY,A,1,54
3DZY,A,1,55
3DZY,A,1,56
3DZY,A,1,57
3DZY,A,1,58
3DZY,A,1,59
3DZY,A,1,60
3DZY,A,1,61
3DZY,A,1,62
3DZY,A,1,63
3DZY,A,1,64
3DZY,A,1,65
3DZY,A,1,66
3DZY,A,1,67
3DZY,A,1,68
3DZY,A,1,69
3DZY,A,1,70
3DZY,A,1,71
3DZY,A,1,72
3DZY,A,1,73
3DZY,A,1,74
3DZY,A,1,75
3DZY,A,1,76
3DZY,A,1,77
3DZY,A,1,78
3DZY,A,1,79
3DZY,A,1,80
3DZY,A,1,81
3DZY,A,1,82
3DZY,A,1,83
3DZY,A,1,84
3DZY,A,1,85
3DZY,A,1,86
3DZY,A,1,87
3DZY,A,1,88
3DZY,A,1,89
3DZY,A,1,90
3DZY,A,1,91
3DZY,A,1,92
3DZY,A,1,93
3DZY,A,1,94
3DZY,A,1,95
3DZY,A,1,96
3DZY,A,1,97
3DZY,A,1,98
3DZY,A,1,99
3DZY,A,1,100
3DZY,A,1,101
3DZY,A,1,102
3DZY,A,1,103
3DZY,A,1,104
3DZY,A,1,105
3DZY,A,1,106
3DZY,A,1,107
3DZY,A,1,108
3DZY,A,1,109
3DZY,A,1,110
3DZY,A,1,111
3DZY,A,1,112
3DZY,A,1,113
3DZY,A,1,114
3DZY,A,1,115
3DZY,A,1,116
3DZY,A,1,117
3DZY,A,1,118
3DZY,A,1,119
3DZY,A,1,120
3DZY,A,1,121
3DZY,A,1,122
3DZY,A,1,123
3DZY,A,1,124
3DZY,A,1,125
3DZY,A,1,126
3DZY,A,1,127
3DZY,A,1,128
3DZY,A,1,129
3DZY,A,1,130
3DZY,A,1,131
3DZY,A,1,132
3DZY,A,1,133
3DZY,A,1,134
3DZY,A,1,135
3DZY,A,1,136
3DZY,A,1,247
3DZY,A,1,248
3DZY,A,1,249
3DZY,A,1,250
3DZY,A,1,251
3DZY,A,1,252
3DZY,A,1,253
3DZY,A,1,254
3DZY,A,1,255
3DZY,A,1,256
3DZY,A,1,257
3DZY,A,1,258
3DZY,A,1,259
3DZY,A,1,260
3DZY,A,1,261
3DZY,A,1,262
3DZY,A,1,263
3DZY,A,1,264
3DZY,A,1,265
3DZY,A,1,266
3DZY,A,1,267
3DZY,A,1,268
3DZY,A,1,461
3DZY,A,1,462
3DZY,A,1,463
3DZY,A,1,464
3DZY,A,1,465
3DZY,A,1,466
3DZY,A,1,467
3DZY,B,1,1
3DZY,B,1,2
3DZY,B,1,3
3DZY,B,1,4
3DZY,B,1,5
3DZY,B,1,6
3DZY,B,1,7
3DZY,B,1,8
3DZY,B,1,9
3DZY,B,1,10
3DZY,B,1,11
3DZY,B,1,12
3DZY,B,1,13
3DZY,B,1,14
3DZY,B,1,15
3DZY,B,1,16
3DZY,B,1,17
3DZY,B,1,18
3DZY,B,1,19
3DZY,B,1,20
3DZY,B,1,21
3DZY,B,1,22
3DZY,B,1,23
3DZY,B,1,24
3DZY,B,1,25
3DZY,B,1,26
3DZY,B,1,27
3DZY,B,1,28
3DZY,B,1,29
3DZY,B,1,30
3DZY,B,1,31
3DZY,B,1,32
3DZY,B,1,33
3DZY,B,1,34
3DZY,B,1,35
3DZY,B,1,36
3DZY,B,1,37
3DZY,B,1,38
3DZY,B,1,39
3DZY,B,1,40
3DZY,B,1,41
3DZY,B,1,42
3DZY,B,1,43
3DZY,B,1,44
3DZY,B,1,45
3DZY,B,1,46
3DZY,B,1,47
3DZY,B,1,48
3DZY,B,1,49
3DZY,B,1,202
3DZY,B,1,203
3DZY,B,1,204
3DZY,B,1,205
3DZY,B,1,206
3DZY,B,1,207
3DZY,B,1,208
3DZY,B,1,209
3DZY,B,1,210
3DZY,B,1,211
3DZY,B,1,212
3DZY,B,1,213
3DZY,B,1,214
3DZY,B,1,215
3DZY,B,1,216
3DZY,B,1,217
3DZY,E,1,1
3DZY,E,1,2
3DZY,E,1,3
3DZY,E,1,13
3DZY,F,1,1
3DZY,F,1,2
3DZY,F,1,3
3E00,A,1,1
3E00,A,1,2
3E00,A,1,3
3E00,A,1,4
3E00,A,1,5
3E00,A,1,6
3E00,A,1,7
3E00,A,1,8
3E00,A,1,9
3E00,A,1,10
3E00,A,1,11
3E00,A,1,12
3E00,A,1,13
3E00,A,1,14
3E00,A,1,15
3E00,A,1,16
3E00,A,1,17
3E00,A,1,18
3E00,A,1,19
3E00,A,1,20
3E00,A,1,21
3E00,A,1,22
3E00,A,1,23
3E00,A,1,24
3E00,A,1,25
3E00,A,1,26
3E00,A,1,27
3E00,A,1,28
3E00,A,1,29
3E00,A,1,30
3E00,A,1,31
3E00,A,1,32
3E00,A,1,33
3E00,A,1,34
3E00,A,1,35
3E00,A,1,36
3E00,A,1,37
3E00,A,1,38
3E00,A,1,39
3E00,A,1,40
3E00,A,1,41
3E00,A,1,42
3E00,A,1,43
3E00,A,1,44
3E00,A,1,45
3E00,A,1,46
3E00,A,1,47
3E00,A,1,48
3E00,A,1,49
3E00,A,1,50
3E00,A,1,51
3E00,A,1,52
3E00,A,1,53
3E00,A,1,54
3E00,A,1,55
3E00,A,1,56
3E00,A,1,57
3E00,A,1,58
3E00,A,1,59
3E00,A,1,60
3E00,A,1,61
3E00,A,1,62
3E00,A,1,63
3E00,A,1,64
3E00,A,1,65
3E00,A,1,66
3E00,A,1,67
3E00,A,1,68
3E00,A,1,69
3E00,A,1,70
3E00,A,1,71
3E00,A,1,72
3E00,A,1,73
3E00,A,1,74
3E00,A,1,75
3E00,A,1,76
3E00,A,1,77
3E00,A,1,78
3E00,A,1,79
3E00,A,1,80
3E00,A,1,81
3E00,A,1,82
3E00,A,1,83
3E00,A,1,84
3E00,A,1,85
3E00,A,1,86
3E00,A,1,87
3E00,A,1,88
3E00,A,1,89
3E00,A,1,90
3E00,A,1,91
3E00,A,1,92
3E00,A,1,93
3E00,A,1,94
3E00,A,1,95
3E00,A,1,96
3E00,A,1,97
3E00,A,1,98
3E00,A,1,99
3E00,A,1,100
3E00,A,1,101
3E00,A,1,102
3E00,A,1,103
3E00,A,1,104
3E00,A,1,105
3E00,A,1,106
3E00,A,1,107
3E00,A,1,108
3E00,A,1,109
3E00,A,1,110
3E00,A,1,111
3E00,A,1,112
3E00,A,1,113
3E00,A,1,114
3E00,A,1,115
3E00,A,1,116
3E00,A,1,117
3E00,A,1,118
3E00,A,1,119
3E00,A,1,120
3E00,A,1,121
3E00,A,1,122
3E00,A,1,123
3E00,A,1,124
3E00,A,1,125
3E00,A,1,126
3E00,A,1,127
3E00,A,1,128
3E00,A,1,129
3E00,A,1,130
3E00,A,1,131
3E00,A,1,132
3E00,A,1,133
3E00,A,1,134
3E00,A,1,135
3E00,A,1,136
3E00,A,1,217
3E00,A,1,218
3E00,A,1,219
3E00,A,1,220
3E00,A,1,221
3E00,A,1,222
3E00,A,1,223
3E00,A,1,224
3E00,A,1,225
3E00,A,1,226
3E00,A,1,227
3E00,A,1,228
3E00,A,1,229
3E00,A,1,230
3E00,A,1,249
3E00,A,1,250
3E00,A,1,251
3E00,A,1,252
3E00,A,1,253
3E00,A,1,254
3E00,A,1,255
3E00,A,1,256
3E00,A,1,257
3E00,A,1,258
3E00,A,1,259
3E00,A,1,260
3E00,A,1,261
3E00,A,1,262
3E00,A,1,263
3E00,A,1,264
3E00,A,1,265
3E00,A,1,266
3E00,A,1,267
3E00,A,1,268
3E00,A,1,269
3E00,A,1,461
3E00,A,1,462
3E00,A,1,463
3E00,A,1,464
3E00,A,1,465
3E00,A,1,466
3E00,A,1,467
3E00,B,1,1
3E00,B,1,2
3E00,B,1,3
3E00,B,1,4
3E00,B,1,5
3E00,B,1,6
3E00,B,1,7
3E00,B,1,8
3E00,B,1,9
3E00,B,1,10
3E00,B,1,11
3E00,B,1,12
3E00,B,1,13
3E00,B,1,14
3E00,B,1,15
3E00,B,1,16
3E00,B,1,17
3E00,B,1,18
3E00,B,1,19
3E00,B,1,20
3E00,B,1,21
3E00,B,1,22
3E00,B,1,23
3E00,B,1,24
3E00,B,1,25
3E00,B,1,26
3E00,B,1,27
3E00,B,1,28
3E00,B,1,29
3E00,B,1,30
3E00,B,1,31
3E00,B,1,32
3E00,B,1,33
3E00,B,1,34
3E00,B,1,35
3E00,B,1,36
3E00,B,1,37
3E00,B,1,38
3E00,B,1,39
3E00,B,1,40
3E00,B,1,41
3E00,B,1,42
3E00,B,1,43
3E00,B,1,44
3E00,B,1,45
3E00,B,1,46
3E00,B,1,47
3E00,B,1,48
3E00,B,1,207
3E00,B,1,208
3E00,B,1,209
3E00,B,1,210
3E00,B,1,211
3E00,B,1,212
3E00,B,1,213
3E00,B,1,214
3E00,E,1,1
3E00,E,1,2
3E00,E,1,3
3E00,E,1,13
3E00,F,1,1
3E00,F,1,2
3E00,F,1,3
3E7C,A,1,1
3E7C,A,1,2
3E7C,A,1,3
3E7C,A,1,4
3E7C,A,1,5
3E7C,A,1,96
3E7C,A,1,97
3E7C,A,1,98
3E7C,A,1,257
3E7C,C,1,1
3E7C,C,1,2
3E7C,C,1,3
3E7C,C,1,4
3E7C,C,1,96
3E7C,C,1,97
3E7C,C,1,184
3E7C,C,1,185
3E7C,C,1,186
3E7C,C,1,187
3E7C,C,1,188
3E7C,C,1,257
3E7C,D,1,1
3E94,A,1,1
3E94,A,1,2
3E94,A,1,3
3E94,A,1,4
3E94,A,1,5
3E94,A,1,6
3E94,A,1,7
3E94,A,1,8
3E94,A,1,9
3E94,A,1,10
3E94,A,1,26
3E94,A,1,27
3E94,A,1,28
3E94,A,1,29
3E94,A,1,30
3E94,A,1,31
3E94,A,1,32
3E94,A,1,33
3E94,A,1,34
3E94,A,1,35
3E94,A,1,36
3E94,A,1,37
3E94,A,1,38
3E94,A,1,39
3E94,A,1,40
3E94,A,1,41
3E94,A,1,42
3E94,A,1,43
3E94,A,1,44
3E94,A,1,241
3E94,A,1,242
3E94,A,1,243
3E94,A,1,244
3E94,B,1,1
3E94,B,1,12
3E94,B,1,13
3ERD,A,1,1
3ERD,A,1,2
3ERD,A,1,3
3ERD,A,1,4
3ERD,A,1,5
3ERD,A,1,6
3ERD,A,1,7
3ERD,A,1,8
3ERD,A,1,9
3ERD,A,1,10
3ERD,A,1,11
3ERD,A,1,258
3ERD,A,1,259
3ERD,A,1,260
3ERD,A,1,261
3ERD,B,1,1
3ERD,B,1,2
3ERD,B,1,3
3ERD,B,1,4
3ERD,B,1,5
3ERD,B,1,6
3ERD,B,1,7
3ERD,B,1,8
3ERD,B,1,9
3ERD,B,1,10
3ERD,B,1,11
3ERD,B,1,169
3ERD,B,1,170
3ERD,B,1,171
3ERD,B,1,172
3ERD,B,1,173
3ERD,B,1,174
3ERD,B,1,175
3ERD,B,1,176
3ERD,B,1,258
3ERD,B,1,259
3ERD,B,1,260
3ERD,B,1,261
3ERD,C,1,1
3ERD,D,1,13
3ERT,A,1,1
3ERT,A,1,2
3ERT,A,1,3
3ERT,A,1,4
3ERT,A,1,5
3ERT,A,1,6
3ERT,A,1,7
3ERT,A,1,8
3ERT,A,1,9
3ERT,A,1,10
3ERT,A,1,11
3ERT,A,1,12
3ERT,A,1,260
3ERT,A,1,261
3ET0,A,1,1
3ET0,A,1,2
3ET0,A,1,3
3ET0,A,1,4
3ET0,A,1,5
3ET0,A,1,6
3ET0,A,1,7
3ET0,A,1,8
3ET0,A,1,9
3ET0,A,1,10
3ET0,A,1,11
3ET0,A,1,12
3ET0,A,1,13
3ET0,A,1,14
3ET0,A,1,15
3ET0,A,1,16
3ET0,A,1,17
3ET0,A,1,18
3ET0,A,1,19
3ET0,A,1,20
3ET0,A,1,78
3ET0,A,1,79
3ET0,A,1,80
3ET0,A,1,81
3ET0,A,1,82
3ET0,A,1,83
3ET0,A,1,84
3ET0,A,1,85
3ET0,A,1,86
3ET0,A,1,87
3ET0,A,1,88
3ET0,A,1,89
3ET0,B,1,1
3ET0,B,1,2
3ET0,B,1,3
3ET0,B,1,4
3ET0,B,1,5
3ET0,B,1,6
3ET0,B,1,7
3ET0,B,1,8
3ET0,B,1,9
3ET0,B,1,10
3ET0,B,1,11
3ET0,B,1,12
3ET0,B,1,13
3ET0,B,1,14
3ET0,B,1,15
3ET0,B,1,16
3ET0,B,1,17
3ET0,B,1,18
3ET0,B,1,19
3ET0,B,1,20
3ET0,B,1,78
3ET0,B,1,79
3ET0,B,1,80
3ET0,B,1,81
3ET0,B,1,82
3ET0,B,1,83
3ET0,B,1,84
3ET0,B,1,85
3ET0,B,1,86
3ET0,B,1,87
3ET0,B,1,88
3ET0,B,1,89
3ET0,B,1,292
3ET1,A,1,1
3ET1,A,1,2
3ET1,A,1,3
3ET1,A,1,4
3ET1,A,1,5
3ET1,A,1,6
3ET1,A,1,7
3ET1,A,1,8
3ET1,A,1,9
3ET1,A,1,10
3ET1,A,1,11
3ET1,A,1,12
3ET1,A,1,13
3ET1,A,1,14
3ET1,A,1,15
3ET1,A,1,16
3ET1,A,1,17
3ET1,A,1,18
3ET1,A,1,19
3ET1,A,1,20
3ET1,A,1,21
3ET1,A,1,80
3ET1,A,1,81
3ET1,A,1,82
3ET1,A,1,83
3ET1,A,1,84
3ET1,A,1,85
3ET1,A,1,86
3ET1,B,1,1
3ET1,B,1,2
3ET1,B,1,3
3ET1,B,1,4
3ET1,B,1,5
3ET1,B,1,6
3ET1,B,1,7
3ET1,B,1,8
3ET1,B,1,9
3ET1,B,1,10
3ET1,B,1,11
3ET1,B,1,12
3ET1,B,1,13
3ET1,B,1,14
3ET1,B,1,15
3ET1,B,1,16
3ET1,B,1,17
3ET1,B,1,18
3ET1,B,1,19
3ET1,B,1,20
3ET1,B,1,21
3ET1,C,1,1
3ET2,A,1,1
3ET2,A,1,2
3ET2,A,1,3
3ET2,A,1,4
3ET2,A,1,5
3ET2,A,1,6
3ET2,A,1,7
3ET2,A,1,8
3ET2,A,1,9
3ET2,A,1,10
3ET2,A,1,11
3ET2,A,1,12
3ET2,A,1,13
3ET2,A,1,14
3ET2,A,1,15
3ET2,A,1,16
3ET2,A,1,17
3ET2,A,1,75
3ET2,A,1,76
3ET2,A,1,77
3ET2,A,1,287
3ET2,B,1,1
3ET2,B,1,2
3ET2,B,1,3
3ET2,B,1,4
3ET2,B,1,5
3ET2,B,1,6
3ET2,B,1,7
3ET2,B,1,8
3ET2,B,1,9
3ET2,B,1,10
3ET2,B,1,11
3ET2,B,1,12
3ET2,B,1,13
3ET2,B,1,14
3ET2,B,1,15
3ET2,B,1,16
3ET2,B,1,17
3ET2,B,1,18
3ET2,B,1,76
3ET2,B,1,77
3ET3,A,1,1
3ET3,A,1,2
3ET3,A,1,3
3ET3,A,1,4
3ET3,A,1,5
3ET3,A,1,6
3ET3,A,1,7
3ET3,A,1,8
3ET3,A,1,9
3ET3,A,1,10
3ET3,A,1,11
3ET3,A,1,12
3ET3,A,1,13
3ET3,A,1,14
3ET3,A,1,15
3ET3,A,1,16
3ET3,A,1,17
3ET3,A,1,18
3ET3,A,1,19
3ET3,A,1,20
3ET3,A,1,78
3ET3,A,1,79
3ET3,A,1,80
3ET3,A,1,81
3ET3,A,1,82
3ET3,A,1,83
3ET3,A,1,84
3ET3,A,1,85
3ET3,A,1,86
3ET3,A,1,87
3ET3,A,1,88
3ET3,A,1,89
3FAL,A,1,1
3FAL,A,1,2
3FAL,A,1,3
3FAL,A,1,4
3FAL,A,1,5
3FAL,A,1,6
3FAL,A,1,23
3FAL,A,1,24
3FAL,A,1,25
3FAL,A,1,26
3FAL,A,1,27
3FAL,A,1,28
3FAL,A,1,29
3FAL,A,1,30
3FAL,A,1,31
3FAL,A,1,32
3FAL,A,1,33
3FAL,A,1,34
3FAL,A,1,35
3FAL,A,1,36
3FAL,A,1,37
3FAL,A,1,38
3FAL,A,1,39
3FAL,A,1,40
3FAL,A,1,41
3FAL,A,1,42
3FAL,A,1,214
3FAL,A,1,215
3FAL,A,1,216
3FAL,A,1,217
3FAL,A,1,218
3FAL,A,1,219
3FAL,A,1,220
3FAL,A,1,221
3FAL,A,1,222
3FAL,A,1,223
3FAL,A,1,224
3FAL,A,1,225
3FAL,A,1,226
3FAL,A,1,227
3FAL,A,1,228
3FAL,A,1,238
3FAL,A,1,239
3FAL,A,1,240
3FAL,A,1,241
3FAL,A,1,242
3FAL,B,1,1
3FAL,B,1,2
3FAL,B,1,3
3FAL,B,1,4
3FAL,B,1,5
3FAL,B,1,6
3FAL,B,1,7
3FAL,B,1,8
3FAL,B,1,9
3FAL,B,1,10
3FAL,B,1,11
3FAL,B,1,12
3FAL,B,1,13
3FAL,B,1,14
3FAL,B,1,15
3FAL,B,1,16
3FAL,B,1,17
3FAL,B,1,18
3FAL,B,1,19
3FAL,B,1,20
3FAL,B,1,21
3FAL,B,1,22
3FAL,B,1,59
3FAL,B,1,60
3FAL,B,1,61
3FAL,B,1,62
3FAL,B,1,265
3FAL,B,1,266
3FAL,C,1,1
3FAL,C,1,2
3FAL,C,1,3
3FAL,C,1,4
3FAL,C,1,23
3FAL,C,1,24
3FAL,C,1,25
3FAL,C,1,26
3FAL,C,1,27
3FAL,C,1,28
3FAL,C,1,29
3FAL,C,1,30
3FAL,C,1,31
3FAL,C,1,32
3FAL,C,1,33
3FAL,C,1,34
3FAL,C,1,35
3FAL,C,1,36
3FAL,C,1,37
3FAL,C,1,38
3FAL,C,1,39
3FAL,C,1,40
3FAL,C,1,41
3FAL,C,1,42
3FAL,C,1,214
3FAL,C,1,215
3FAL,C,1,216
3FAL,C,1,217
3FAL,C,1,218
3FAL,C,1,219
3FAL,C,1,220
3FAL,C,1,221
3FAL,C,1,222
3FAL,C,1,223
3FAL,C,1,224
3FAL,C,1,225
3FAL,C,1,226
3FAL,C,1,227
3FAL,C,1,228
3FAL,C,1,238
3FAL,C,1,239
3FAL,C,1,240
3FAL,C,1,241
3FAL,C,1,242
3FAL,D,1,1
3FAL,D,1,2
3FAL,D,1,3
3FAL,D,1,4
3FAL,D,1,5
3FAL,D,1,6
3FAL,D,1,7
3FAL,D,1,8
3FAL,D,1,9
3FAL,D,1,10
3FAL,D,1,11
3FAL,D,1,12
3FAL,D,1,13
3FAL,D,1,14
3FAL,D,1,15
3FAL,D,1,16
3FAL,D,1,17
3FAL,D,1,18
3FAL,D,1,19
3FAL,D,1,20
3FAL,D,1,21
3FAL,D,1,22
3FAL,D,1,265
3FAL,D,1,266
3FC6,A,1,1
3FC6,A,1,2
3FC6,A,1,3
3FC6,A,1,4
3FC6,A,1,23
3FC6,A,1,24
3FC6,A,1,25
3FC6,A,1,26
3FC6,A,1,27
3FC6,A,1,28
3FC6,A,1,29
3FC6,A,1,30
3FC6,A,1,31
3FC6,A,1,32
3FC6,A,1,33
3FC6,A,1,34
3FC6,A,1,35
3FC6,A,1,36
3FC6,A,1,37
3FC6,A,1,38
3FC6,A,1,39
3FC6,A,1,40
3FC6,A,1,41
3FC6,A,1,42
3FC6,A,1,222
3FC6,A,1,223
3FC6,A,1,224
3FC6,A,1,225
3FC6,A,1,226
3FC6,A,1,227
3FC6,A,1,238
3FC6,A,1,239
3FC6,A,1,240
3FC6,A,1,241
3FC6,A,1,242
3FC6,B,1,1
3FC6,B,1,2
3FC6,B,1,3
3FC6,B,1,4
3FC6,B,1,5
3FC6,B,1,6
3FC6,B,1,7
3FC6,B,1,8
3FC6,B,1,9
3FC6,B,1,10
3FC6,B,1,11
3FC6,B,1,12
3FC6,B,1,13
3FC6,B,1,14
3FC6,B,1,15
3FC6,B,1,16
3FC6,B,1,17
3FC6,B,1,18
3FC6,B,1,19
3FC6,B,1,20
3FC6,B,1,21
3FC6,B,1,22
3FC6,B,1,23
3FC6,B,1,265
3FC6,B,1,266
3FC6,C,1,1
3FC6,C,1,2
3FC6,C,1,3
3FC6,C,1,4
3FC6,C,1,25
3FC6,C,1,26
3FC6,C,1,27
3FC6,C,1,28
3FC6,C,1,29
3FC6,C,1,30
3FC6,C,1,31
3FC6,C,1,32
3FC6,C,1,33
3FC6,C,1,34
3FC6,C,1,35
3FC6,C,1,36
3FC6,C,1,37
3FC6,C,1,38
3FC6,C,1,39
3FC6,C,1,40
3FC6,C,1,41
3FC6,C,1,42
3FC6,C,1,215
3FC6,C,1,216
3FC6,C,1,217
3FC6,C,1,218
3FC6,C,1,219
3FC6,C,1,220
3FC6,C,1,221
3FC6,C,1,222
3FC6,C,1,223
3FC6,C,1,224
3FC6,C,1,225
3FC6,C,1,226
3FC6,C,1,227
3FC6,C,1,238
3FC6,C,1,239
3FC6,C,1,240
3FC6,C,1,241
3FC6,C,1,242
3FC6,D,1,1
3FC6,D,1,2
3FC6,D,1,3
3FC6,D,1,4
3FC6,D,1,5
3FC6,D,1,6
3FC6,D,1,7
3FC6,D,1,8
3FC6,D,1,9
3FC6,D,1,10
3FC6,D,1,11
3FC6,D,1,12
3FC6,D,1,13
3FC6,D,1,14
3FC6,D,1,15
3FC6,D,1,16
3FC6,D,1,17
3FC6,D,1,18
3FC6,D,1,19
3FC6,D,1,20
3FC6,D,1,21
3FC6,D,1,22
3FC6,D,1,23
3FC6,D,1,265
3FC6,D,1,266
3FEI,A,1,30
3FEI,A,1,31
3FEI,A,1,32
3FEI,A,1,33
3FEI,A,1,34
3FEI,A,1,35
3FEI,A,1,36
3FEI,A,1,51
3FEI,A,1,52
3FEI,A,1,53
3FEI,A,1,54
3FEI,A,1,55
3FEI,A,1,56
3FEI,A,1,57
3FEI,A,1,58
3FEI,A,1,59
3FEI,A,1,60
3FEI,A,1,61
3FEI,A,1,62
3FEI,A,1,63
3FEI,A,1,64
3FEI,B,1,1
3FEI,B,1,2
3FEI,B,1,11
3FEI,B,1,12
3FEI,B,1,13
3FEJ,A,1,56
3FEJ,A,1,57
3FEJ,A,1,58
3FEJ,A,1,59
3FEJ,A,1,60
3FEJ,A,1,61
3FEJ,A,1,62
3FEJ,A,1,63
3FEJ,A,1,64
3FEJ,A,1,65
3FEJ,A,1,66
3FEJ,A,1,67
3FEJ,A,1,68
3FEJ,B,1,1
3FEJ,B,1,2
3FEJ,B,1,3
3FLI,A,1,1
3FLI,A,1,2
3FLI,A,1,213
3FLI,A,1,214
3FLI,A,1,215
3FLI,A,1,216
3FLI,A,1,217
3FLI,A,1,218
3FLI,A,1,219
3FLI,A,1,231
3FUG,A,1,1
3FUG,A,1,2
3FUG,A,1,3
3FUG,A,1,4
3FUG,A,1,5
3FUG,A,1,6
3FUG,A,1,22
3FUG,A,1,23
3FUG,A,1,24
3FUG,A,1,25
3FUG,A,1,26
3FUG,A,1,27
3FUG,A,1,28
3FUG,A,1,29
3FUG,A,1,30
3FUG,A,1,31
3FUG,A,1,32
3FUG,A,1,33
3FUG,A,1,34
3FUG,A,1,35
3FUG,A,1,36
3FUG,A,1,37
3FUG,A,1,38
3FUG,A,1,39
3FUG,A,1,40
3FUG,A,1,237
3FUG,A,1,238
3FUG,A,1,239
3FUG,A,1,240
3FUG,B,1,1
3FUG,B,1,12
3FUG,B,1,13
3FUR,A,1,54
3FUR,A,1,55
3FUR,A,1,56
3FUR,A,1,57
3FUR,A,1,58
3FUR,A,1,59
3FUR,A,1,60
3FUR,A,1,61
3FUR,A,1,62
3FUR,A,1,63
3FUR,A,1,64
3FUR,A,1,65
3FUR,A,1,66
3FUR,A,1,67
3FUR,A,1,68
3FUR,A,1,69
3FXV,A,1,1
3FXV,A,1,2
3FXV,A,1,3
3FXV,A,1,100
3FXV,A,1,101
3FXV,A,1,102
3FXV,A,1,103
3FXV,A,1,104
3FXV,A,1,218
3FXV,A,1,219
3FXV,A,1,233
3G8I,A,1,1
3G8I,A,1,2
3G8I,A,1,3
3G8I,A,1,33
3G8I,A,1,34
3G8I,A,1,35
3G8I,A,1,36
3G8I,A,1,37
3G8I,A,1,38
3G8I,A,1,61
3G8I,A,1,62
3G8I,A,1,63
3G8I,A,1,64
3G8I,A,1,65
3G8I,A,1,66
3G8I,A,1,67
3G8I,B,1,1
3G8I,B,1,2
3G8I,B,1,11
3G8I,B,1,12
3G8I,B,1,13
3G8O,A,1,1
3G8O,A,1,2
3G8O,A,1,3
3G8O,A,1,4
3G8O,A,1,5
3G8O,A,1,6
3G8O,A,1,7
3G8O,A,1,8
3G8O,A,1,9
3G8O,A,1,10
3G8O,A,1,11
3G8O,A,1,38
3G8O,A,1,263
3G8O,B,1,1
3G8O,B,1,2
3G8O,B,1,3
3G8O,B,1,4
3G8O,B,1,5
3G8O,B,1,6
3G8O,B,1,7
3G8O,B,1,8
3G8O,B,1,9
3G8O,B,1,10
3G8O,B,1,11
3G8O,B,1,12
3G8O,B,1,263
3G9E,A,1,56
3G9E,A,1,57
3G9E,A,1,58
3G9E,A,1,59
3G9E,A,1,60
3G9E,A,1,61
3G9E,A,1,62
3G9E,A,1,63
3G9E,A,1,64
3G9E,A,1,65
3G9E,A,1,66
3G9E,A,1,67
3G9E,A,1,68
3G9E,B,1,1
3G9E,B,1,2
3G9E,B,1,3
3GD2,A,1,35
3GD2,A,1,96
3GWS,A,1,51
3GWS,A,1,52
3GWS,A,1,53
3GWS,A,1,54
3GWS,A,1,55
3GWS,A,1,56
3GWS,A,1,57
3GWS,A,1,58
3GWS,A,1,59
3GWS,A,1,60
3GWS,A,1,61
3GWS,A,1,62
3GZ9,A,1,36
3GZ9,A,1,37
3GZ9,A,1,38
3GZ9,A,1,60
3GZ9,A,1,61
3GZ9,A,1,62
3GZ9,A,1,63
3H0A,A,1,17
3H0A,A,1,18
3H0A,A,1,19
3H0A,A,1,20
3H0A,A,1,21
3H0A,A,1,22
3H0A,A,1,23
3H0A,A,1,24
3H0A,A,1,25
3H0A,A,1,26
3H0A,A,1,27
3H0A,A,1,28
3H0A,A,1,29
3H0A,A,1,30
3H0A,A,1,31
3H0A,A,1,32
3H0A,A,1,33
3H0A,A,1,34
3H0A,B,1,59
3H0A,B,1,60
3H0A,B,1,61
3H0A,B,1,62
3H0A,B,1,63
3H0A,B,1,64
3H0A,B,1,65
3H0A,C,1,12
3H52,A,1,1
3H52,A,1,2
3H52,A,1,240
3H52,A,1,241
3H52,A,1,242
3H52,A,1,243
3H52,A,1,254
3H52,B,1,1
3H52,B,1,2
3H52,B,1,3
3H52,B,1,4
3H52,B,1,254
3H52,C,1,1
3H52,C,1,2
3H52,C,1,3
3H52,C,1,218
3H52,C,1,219
3H52,C,1,220
3H52,C,1,221
3H52,C,1,222
3H52,C,1,223
3H52,C,1,224
3H52,C,1,225
3H52,C,1,226
3H52,C,1,227
3H52,C,1,228
3H52,C,1,229
3H52,C,1,230
3H52,C,1,254
3H52,D,1,1
3H52,D,1,2
3H52,D,1,3
3H52,D,1,4
3H52,D,1,5
3H52,D,1,6
3H52,D,1,219
3H52,D,1,220
3H52,D,1,221
3H52,D,1,222
3H52,D,1,223
3H52,D,1,224
3H52,D,1,225
3H52,D,1,226
3H52,D,1,227
3H52,D,1,239
3H52,D,1,240
3H52,D,1,241
3H52,D,1,242
3H52,D,1,254
3H52,E,1,1
3H52,E,1,2
3H52,E,1,18
3H52,E,1,19
3H52,F,1,1
3H52,F,1,2
3H52,F,1,3
3H52,F,1,4
3H52,F,1,5
3H52,F,1,6
3H52,F,1,7
3H52,F,1,18
3H52,F,1,19
3HC5,A,1,1
3HC5,A,1,2
3HC5,A,1,3
3HC5,B,1,1
3HC5,B,1,2
3HC5,B,1,3
3HC5,B,1,4
3HC5,B,1,16
3HC5,B,1,17
3HC5,B,1,18
3HC5,B,1,19
3HC5,B,1,20
3HC5,B,1,21
3HC6,A,1,1
3HC6,A,1,2
3HC6,B,1,1
3HC6,B,1,2
3HC6,B,1,3
3HC6,B,1,4
3HC6,B,1,16
3HC6,B,1,17
3HC6,B,1,18
3HC6,B,1,19
3HC6,B,1,20
3HC6,B,1,21
3HLV,A,1,1
3HLV,A,1,2
3HLV,A,1,3
3HLV,A,1,4
3HLV,A,1,5
3HLV,A,1,6
3HLV,A,1,36
3HLV,A,1,37
3HLV,A,1,38
3HLV,A,1,166
3HLV,A,1,167
3HLV,A,1,252
3HLV,A,1,253
3HLV,B,1,1
3HLV,B,1,2
3HLV,B,1,3
3HLV,B,1,4
3HLV,B,1,5
3HLV,B,1,6
3HLV,B,1,166
3HLV,B,1,167
3HLV,B,1,168
3HLV,B,1,169
3HLV,B,1,170
3HLV,B,1,252
3HLV,B,1,253
3HLV,C,1,1
3HLV,C,1,2
3HLV,C,1,12
3HLV,C,1,13
3HLV,D,1,1
3HLV,D,1,12
3HLV,D,1,13
3HM1,A,1,1
3HM1,A,1,2
3HM1,A,1,3
3HM1,A,1,4
3HM1,A,1,5
3HM1,A,1,6
3HM1,A,1,7
3HM1,A,1,8
3HM1,A,1,165
3HM1,A,1,166
3HM1,A,1,167
3HM1,A,1,168
3HM1,A,1,169
3HM1,A,1,170
3HM1,A,1,171
3HM1,A,1,172
3HM1,A,1,252
3HM1,A,1,253
3HM1,B,1,1
3HM1,B,1,2
3HM1,B,1,3
3HM1,B,1,4
3HM1,B,1,5
3HM1,B,1,166
3HM1,B,1,167
3HM1,B,1,168
3HM1,B,1,169
3HM1,B,1,170
3HM1,B,1,171
3HM1,B,1,172
3HM1,B,1,173
3HM1,B,1,174
3HM1,C,1,1
3HM1,C,1,12
3HM1,C,1,13
3HM1,D,1,1
3HM1,D,1,2
3HM1,D,1,12
3HM1,D,1,13
3HO0,A,1,1
3HO0,A,1,2
3HO0,A,1,3
3HO0,A,1,4
3HO0,A,1,5
3HO0,A,1,6
3HO0,A,1,7
3HO0,A,1,8
3HO0,A,1,9
3HO0,A,1,10
3HO0,A,1,11
3HO0,A,1,12
3HO0,A,1,13
3HO0,A,1,14
3HO0,A,1,15
3HO0,A,1,16
3HO0,A,1,73
3HO0,A,1,74
3HO0,A,1,75
3HO0,A,1,76
3HO0,A,1,77
3HO0,A,1,78
3HO0,A,1,79
3HO0,A,1,80
3HO0,A,1,81
3HO0,A,1,82
3HO0,A,1,83
3HO0,A,1,84
3HO0,A,1,285
3HO0,A,1,286
3HO0,B,1,1
3HO0,B,1,2
3HO0,B,1,3
3HO0,B,1,4
3HO0,B,1,5
3HO0,B,1,6
3HO0,B,1,7
3HO0,B,1,8
3HO0,B,1,9
3HO0,B,1,10
3HO0,B,1,11
3HO0,B,1,12
3HO0,B,1,13
3HO0,B,1,14
3HO0,B,1,15
3HO0,B,1,16
3HO0,B,1,69
3HO0,B,1,70
3HO0,B,1,77
3HO0,B,1,78
3HO0,B,1,79
3HO0,B,1,80
3HO0,B,1,81
3HO0,B,1,82
3HO0,B,1,83
3HO0,B,1,84
3HO0,B,1,167
3HO0,B,1,284
3HO0,B,1,285
3HO0,B,1,286
3HOD,A,1,1
3HOD,A,1,2
3HOD,A,1,3
3HOD,A,1,4
3HOD,A,1,5
3HOD,A,1,6
3HOD,A,1,7
3HOD,A,1,8
3HOD,A,1,9
3HOD,A,1,10
3HOD,A,1,11
3HOD,A,1,12
3HOD,A,1,13
3HOD,A,1,14
3HOD,A,1,15
3HOD,A,1,16
3HOD,A,1,73
3HOD,A,1,74
3HOD,A,1,75
3HOD,A,1,76
3HOD,A,1,77
3HOD,A,1,78
3HOD,A,1,79
3HOD,A,1,80
3HOD,A,1,81
3HOD,A,1,82
3HOD,A,1,83
3HOD,A,1,84
3HOD,A,1,285
3HOD,A,1,286
3HOD,B,1,1
3HOD,B,1,2
3HOD,B,1,3
3HOD,B,1,4
3HOD,B,1,5
3HOD,B,1,6
3HOD,B,1,7
3HOD,B,1,8
3HOD,B,1,9
3HOD,B,1,10
3HOD,B,1,11
3HOD,B,1,12
3HOD,B,1,13
3HOD,B,1,14
3HOD,B,1,15
3HOD,B,1,16
3HOD,B,1,69
3HOD,B,1,70
3HOD,B,1,77
3HOD,B,1,78
3HOD,B,1,79
3HOD,B,1,80
3HOD,B,1,81
3HOD,B,1,82
3HOD,B,1,83
3HOD,B,1,84
3HOD,B,1,167
3HOD,B,1,284
3HOD,B,1,285
3HOD,B,1,286
3HQ5,A,1,1
3HQ5,A,1,2
3HQ5,A,1,3
3HQ5,A,1,4
3HQ5,A,1,29
3HQ5,A,1,30
3HQ5,A,1,31
3HQ5,A,1,112
3HQ5,A,1,183
3HQ5,A,1,256
3HQ5,B,1,1
3HQ5,B,1,2
3HQ5,B,1,3
3HQ5,B,1,4
3HQ5,B,1,256
3HVL,A,1,1
3HVL,A,1,2
3HVL,A,1,3
3HVL,A,1,4
3HVL,A,1,5
3HVL,A,1,6
3HVL,A,1,7
3HVL,A,1,8
3HVL,A,1,9
3HVL,A,1,10
3HVL,A,1,11
3HVL,A,1,12
3HVL,A,1,13
3HVL,A,1,14
3HVL,A,1,15
3HVL,A,1,16
3HVL,A,1,17
3HVL,A,1,18
3HVL,A,1,19
3HVL,A,1,20
3HVL,A,1,21
3HVL,A,1,22
3HVL,A,1,23
3HVL,A,1,61
3HVL,A,1,62
3HVL,A,1,63
3HVL,A,1,64
3HVL,A,1,65
3HVL,A,1,66
3HVL,A,1,67
3HVL,A,1,68
3HVL,A,1,69
3HVL,A,1,70
3HVL,A,1,71
3HVL,A,1,72
3HVL,A,1,73
3HVL,A,1,192
3HVL,A,1,193
3HVL,A,1,194
3HVL,A,1,195
3HVL,A,1,196
3HVL,A,1,197
3HVL,A,1,315
3HVL,A,1,316
3HVL,A,1,317
3HVL,A,1,318
3HVL,A,1,319
3HVL,A,1,320
3HVL,A,1,321
3HVL,A,1,322
3HVL,A,1,323
3HVL,A,1,324
3HVL,A,1,325
3HVL,A,1,341
3HVL,A,1,342
3HVL,A,1,343
3HVL,A,1,344
3HVL,B,1,1
3HVL,B,1,2
3HVL,B,1,3
3HVL,B,1,4
3HVL,B,1,5
3HVL,B,1,6
3HVL,B,1,7
3HVL,B,1,8
3HVL,B,1,9
3HVL,B,1,10
3HVL,B,1,11
3HVL,B,1,12
3HVL,B,1,13
3HVL,B,1,14
3HVL,B,1,15
3HVL,B,1,16
3HVL,B,1,17
3HVL,B,1,18
3HVL,B,1,19
3HVL,B,1,20
3HVL,B,1,21
3HVL,B,1,61
3HVL,B,1,62
3HVL,B,1,63
3HVL,B,1,64
3HVL,B,1,65
3HVL,B,1,66
3HVL,B,1,67
3HVL,B,1,68
3HVL,B,1,69
3HVL,B,1,70
3HVL,B,1,71
3HVL,B,1,72
3HVL,B,1,73
3HVL,B,1,192
3HVL,B,1,193
3HVL,B,1,194
3HVL,B,1,195
3HVL,B,1,196
3HVL,B,1,197
3HVL,B,1,198
3HVL,B,1,314
3HVL,B,1,315
3HVL,B,1,316
3HVL,B,1,317
3HVL,B,1,318
3HVL,B,1,319
3HVL,B,1,320
3HVL,B,1,321
3HVL,B,1,322
3HVL,B,1,323
3HVL,B,1,324
3HVL,B,1,325
3HVL,B,1,343
3HVL,B,1,344
3HZF,A,1,1
3HZF,A,1,2
3HZF,A,1,3
3HZF,A,1,267
3HZF,A,1,268
3HZF,A,1,269
3IA6,A,1,56
3IA6,A,1,57
3IA6,A,1,58
3IA6,A,1,59
3IA6,A,1,60
3IA6,A,1,61
3IA6,A,1,62
3IA6,A,1,63
3IA6,A,1,64
3IA6,A,1,65
3IA6,A,1,66
3IA6,A,1,67
3IA6,A,1,68
3IA6,A,1,69
3IA6,A,1,269
3IA6,A,1,270
3IA6,A,1,271
3IA6,B,1,60
3IA6,B,1,61
3IA6,B,1,62
3IA6,B,1,63
3IA6,B,1,64
3IA6,B,1,65
3IA6,B,1,66
3IA6,B,1,67
3IA6,B,1,68
3IA6,B,1,256
3IA6,B,1,257
3IA6,B,1,258
3IA6,B,1,259
3IA6,B,1,269
3IA6,B,1,270
3IA6,B,1,271
3ILZ,A,1,40
3ILZ,A,1,41
3IMY,A,1,53
3IMY,A,1,54
3IMY,A,1,55
3IMY,A,1,56
3IMY,A,1,57
3IMY,A,1,58
3IMY,A,1,59
3IMY,A,1,60
3IMY,A,1,61
3IMY,A,1,62
3IPQ,A,1,1
3IPQ,A,1,2
3IPQ,A,1,3
3IPQ,A,1,4
3IPQ,A,1,5
3IPQ,A,1,6
3IPQ,A,1,7
3IPQ,A,1,8
3IPQ,A,1,9
3IPQ,A,1,10
3IPQ,A,1,11
3IPQ,A,1,12
3IPQ,A,1,13
3IPQ,A,1,14
3IPQ,A,1,15
3IPQ,A,1,16
3IPQ,A,1,17
3IPQ,A,1,18
3IPQ,A,1,19
3IPQ,A,1,20
3IPQ,A,1,21
3IPQ,A,1,22
3IPQ,A,1,23
3IPQ,A,1,24
3IPQ,A,1,25
3IPQ,A,1,26
3IPQ,A,1,27
3IPQ,A,1,28
3IPQ,A,1,29
3IPQ,A,1,30
3IPQ,A,1,31
3IPQ,A,1,32
3IPQ,A,1,33
3IPQ,A,1,34
3IPQ,A,1,35
3IPQ,A,1,36
3IPQ,A,1,37
3IPQ,A,1,38
3IPQ,A,1,39
3IPQ,A,1,40
3IPQ,A,1,59
3IPQ,A,1,60
3IPQ,A,1,61
3IPQ,A,1,62
3IPQ,A,1,63
3IPQ,A,1,64
3IPQ,A,1,65
3IPQ,A,1,66
3IPQ,A,1,67
3IPQ,A,1,68
3IPQ,A,1,69
3IPQ,A,1,70
3IPQ,A,1,71
3IPQ,A,1,76
3IPQ,A,1,77
3IPQ,A,1,78
3IPQ,A,1,79
3IPQ,A,1,80
3IPQ,A,1,81
3IPQ,A,1,82
3IPQ,A,1,83
3IPQ,A,1,282
3IPQ,A,1,283
3IPQ,B,1,1
3IPQ,B,1,2
3IPQ,B,1,3
3IPQ,B,1,4
3IPQ,B,1,5
3IPQ,B,1,6
3IPQ,B,1,22
3IPQ,B,1,23
3IPQ,B,1,24
3IPQ,B,1,25
3IPS,A,1,1
3IPS,A,1,2
3IPS,A,1,3
3IPS,A,1,4
3IPS,A,1,5
3IPS,A,1,6
3IPS,A,1,7
3IPS,A,1,8
3IPS,A,1,9
3IPS,A,1,10
3IPS,A,1,11
3IPS,A,1,12
3IPS,A,1,13
3IPS,A,1,14
3IPS,A,1,15
3IPS,A,1,16
3IPS,A,1,17
3IPS,A,1,18
3IPS,A,1,19
3IPS,A,1,20
3IPS,A,1,21
3IPS,A,1,22
3IPS,A,1,23
3IPS,A,1,24
3IPS,A,1,25
3IPS,A,1,26
3IPS,A,1,27
3IPS,A,1,28
3IPS,A,1,29
3IPS,A,1,30
3IPS,A,1,31
3IPS,A,1,32
3IPS,A,1,33
3IPS,A,1,34
3IPS,A,1,35
3IPS,A,1,36
3IPS,A,1,37
3IPS,A,1,38
3IPS,A,1,39
3IPS,A,1,40
3IPS,A,1,59
3IPS,A,1,60
3IPS,A,1,61
3IPS,A,1,62
3IPS,A,1,63
3IPS,A,1,64
3IPS,A,1,65
3IPS,A,1,66
3IPS,A,1,67
3IPS,A,1,68
3IPS,A,1,69
3IPS,A,1,70
3IPS,A,1,76
3IPS,A,1,77
3IPS,A,1,78
3IPS,A,1,79
3IPS,A,1,80
3IPS,A,1,81
3IPS,A,1,283
3IPS,B,1,1
3IPS,B,1,2
3IPS,B,1,3
3IPS,B,1,4
3IPS,B,1,5
3IPS,B,1,6
3IPS,B,1,7
3IPS,B,1,8
3IPS,B,1,9
3IPS,B,1,10
3IPS,B,1,11
3IPS,B,1,12
3IPS,B,1,13
3IPS,B,1,14
3IPS,B,1,15
3IPS,B,1,16
3IPS,B,1,17
3IPS,B,1,18
3IPS,B,1,19
3IPS,B,1,20
3IPS,B,1,21
3IPS,B,1,22
3IPS,B,1,23
3IPS,B,1,24
3IPS,B,1,25
3IPS,B,1,26
3IPS,B,1,27
3IPS,B,1,28
3IPS,B,1,29
3IPS,B,1,30
3IPS,B,1,31
3IPS,B,1,32
3IPS,B,1,33
3IPS,B,1,34
3IPS,B,1,35
3IPS,B,1,36
3IPS,B,1,37
3IPS,B,1,38
3IPS,B,1,39
3IPS,B,1,40
3IPS,B,1,59
3IPS,B,1,60
3IPS,B,1,61
3IPS,B,1,62
3IPS,B,1,63
3IPS,B,1,64
3IPS,B,1,65
3IPS,B,1,66
3IPS,B,1,67
3IPS,B,1,68
3IPS,B,1,76
3IPS,B,1,77
3IPS,B,1,78
3IPS,B,1,79
3IPS,B,1,80
3IPS,B,1,81
3IPS,B,1,283
3IPS,C,1,1
3IPS,C,1,2
3IPS,C,1,3
3IPS,C,1,4
3IPS,C,1,5
3IPS,C,1,6
3IPS,C,1,22
3IPS,C,1,23
3IPS,C,1,24
3IPS,C,1,25
3IPS,D,1,1
3IPS,D,1,2
3IPS,D,1,3
3IPS,D,1,4
3IPS,D,1,5
3IPS,D,1,6
3IPS,D,1,22
3IPS,D,1,23
3IPS,D,1,24
3IPS,D,1,25
3IPU,A,1,1
3IPU,A,1,2
3IPU,A,1,3
3IPU,A,1,4
3IPU,A,1,5
3IPU,A,1,6
3IPU,A,1,7
3IPU,A,1,8
3IPU,A,1,9
3IPU,A,1,10
3IPU,A,1,11
3IPU,A,1,12
3IPU,A,1,13
3IPU,A,1,14
3IPU,A,1,15
3IPU,A,1,16
3IPU,A,1,17
3IPU,A,1,18
3IPU,A,1,19
3IPU,A,1,20
3IPU,A,1,21
3IPU,A,1,22
3IPU,A,1,23
3IPU,A,1,24
3IPU,A,1,25
3IPU,A,1,26
3IPU,A,1,27
3IPU,A,1,28
3IPU,A,1,29
3IPU,A,1,30
3IPU,A,1,31
3IPU,A,1,32
3IPU,A,1,33
3IPU,A,1,34
3IPU,A,1,35
3IPU,A,1,36
3IPU,A,1,37
3IPU,A,1,38
3IPU,A,1,39
3IPU,A,1,76
3IPU,A,1,77
3IPU,A,1,78
3IPU,A,1,79
3IPU,A,1,282
3IPU,A,1,283
3IPU,B,1,1
3IPU,B,1,2
3IPU,B,1,3
3IPU,B,1,4
3IPU,B,1,5
3IPU,B,1,6
3IPU,B,1,7
3IPU,B,1,8
3IPU,B,1,9
3IPU,B,1,10
3IPU,B,1,11
3IPU,B,1,12
3IPU,B,1,13
3IPU,B,1,14
3IPU,B,1,15
3IPU,B,1,16
3IPU,B,1,17
3IPU,B,1,18
3IPU,B,1,19
3IPU,B,1,20
3IPU,B,1,21
3IPU,B,1,22
3IPU,B,1,23
3IPU,B,1,24
3IPU,B,1,25
3IPU,B,1,26
3IPU,B,1,27
3IPU,B,1,28
3IPU,B,1,29
3IPU,B,1,30
3IPU,B,1,31
3IPU,B,1,32
3IPU,B,1,33
3IPU,B,1,34
3IPU,B,1,35
3IPU,B,1,36
3IPU,B,1,37
3IPU,B,1,38
3IPU,B,1,39
3IPU,B,1,40
3IPU,B,1,76
3IPU,B,1,77
3IPU,B,1,78
3IPU,B,1,79
3IPU,B,1,80
3IPU,B,1,81
3IPU,B,1,282
3IPU,B,1,283
3IPU,C,1,1
3IPU,C,1,2
3IPU,C,1,3
3IPU,C,1,4
3IPU,C,1,5
3IPU,C,1,6
3IPU,C,1,22
3IPU,C,1,23
3IPU,C,1,24
3IPU,C,1,25
3IPU,D,1,1
3IPU,D,1,2
3IPU,D,1,3
3IPU,D,1,4
3IPU,D,1,5
3IPU,D,1,6
3IPU,D,1,22
3IPU,D,1,23
3IPU,D,1,24
3IPU,D,1,25
3JZB,A,1,39
3JZB,A,1,40
3JZB,A,1,265
3JZB,A,1,266
3JZB,A,1,267
3JZC,A,1,1
3JZC,A,1,2
3JZC,A,1,3
3JZC,A,1,55
3JZC,A,1,56
3JZC,A,1,57
3JZC,A,1,58
3JZC,A,1,59
3JZC,A,1,60
3JZC,A,1,61
3JZC,A,1,62
3JZC,A,1,63
3JZC,A,1,64
3JZC,A,1,65
3JZC,A,1,263
3K22,A,1,1
3K22,A,1,2
3K22,A,1,3
3K22,A,1,4
3K22,A,1,5
3K22,A,1,6
3K22,A,1,7
3K22,A,1,99
3K22,A,1,259
3K22,B,1,1
3K22,C,1,1
3K22,C,1,2
3K22,C,1,3
3K22,C,1,4
3K22,C,1,5
3K22,C,1,99
3K22,C,1,188
3K22,C,1,190
3K22,C,1,259
3K23,A,1,1
3K23,A,1,2
3K23,A,1,3
3K23,A,1,4
3K23,A,1,5
3K23,A,1,6
3K23,A,1,32
3K23,A,1,115
3K23,A,1,116
3K23,A,1,117
3K23,A,1,118
3K23,A,1,119
3K23,A,1,226
3K23,A,1,259
3K23,B,1,1
3K23,B,1,2
3K23,B,1,3
3K23,C,1,1
3K23,C,1,2
3K23,C,1,3
3K23,C,1,4
3K23,C,1,5
3K23,C,1,6
3K23,C,1,7
3K23,C,1,8
3K23,C,1,188
3K23,C,1,189
3K23,C,1,190
3K23,C,1,259
3K23,D,1,1
3K23,D,1,2
3K23,E,1,1
3K23,E,1,2
3K23,E,1,3
3K23,E,1,4
3K23,E,1,5
3K23,E,1,6
3K23,E,1,164
3K23,E,1,228
3K23,E,1,247
3K23,E,1,248
3K23,E,1,249
3K23,E,1,258
3K23,E,1,259
3K23,F,1,1
3K23,F,1,12
3K6P,A,1,1
3K6P,A,1,2
3K6P,A,1,3
3K6P,A,1,4
3K6P,A,1,5
3K6P,A,1,6
3K6P,A,1,7
3K6P,A,1,8
3K6P,A,1,39
3K6P,A,1,40
3K6P,A,1,41
3K6P,A,1,42
3K6P,A,1,43
3K6P,A,1,44
3K6P,A,1,45
3K6P,A,1,192
3K6P,A,1,193
3K6P,A,1,194
3K6P,A,1,195
3K6P,A,1,200
3K6P,A,1,228
3K6P,A,1,248
3K8S,A,1,1
3K8S,A,1,67
3K8S,A,1,68
3K8S,A,1,69
3K8S,A,1,70
3K8S,A,1,256
3K8S,A,1,257
3K8S,A,1,258
3K8S,A,1,259
3K8S,A,1,272
3K8S,B,1,1
3K8S,B,1,57
3K8S,B,1,58
3K8S,B,1,59
3K8S,B,1,60
3K8S,B,1,61
3K8S,B,1,62
3K8S,B,1,63
3K8S,B,1,64
3K8S,B,1,65
3K8S,B,1,66
3K8S,B,1,67
3K8S,B,1,68
3K8S,B,1,69
3KBA,A,1,1
3KBA,A,1,24
3KBA,A,1,25
3KBA,A,1,26
3KBA,A,1,27
3KBA,A,1,28
3KBA,A,1,112
3KBA,A,1,113
3KBA,A,1,180
3KBA,B,1,1
3KBA,B,1,252
3KBA,B,1,253
3KDT,A,1,1
3KDT,A,1,2
3KDT,A,1,3
3KDT,A,1,4
3KDT,A,1,5
3KDT,A,1,6
3KDT,A,1,66
3KDT,A,1,67
3KDT,A,1,68
3KDT,A,1,69
3KDT,A,1,70
3KDT,A,1,71
3KDT,B,1,1
3KDT,B,1,43
3KDT,B,1,65
3KDT,B,1,66
3KDT,B,1,67
3KDU,A,1,1
3KDU,A,1,2
3KDU,A,1,3
3KDU,A,1,4
3KDU,A,1,5
3KDU,A,1,6
3KDU,A,1,66
3KDU,A,1,67
3KDU,A,1,68
3KDU,A,1,69
3KDU,A,1,70
3KDU,A,1,71
3KDU,B,1,1
3KDU,B,1,43
3KDU,B,1,65
3KDU,B,1,66
3KDU,B,1,67
3KFC,A,1,1
3KFC,A,1,2
3KFC,A,1,3
3KFC,A,1,4
3KFC,A,1,5
3KFC,A,1,6
3KFC,A,1,7
3KFC,A,1,8
3KFC,A,1,9
3KFC,A,1,10
3KFC,A,1,11
3KFC,A,1,48
3KFC,A,1,49
3KFC,A,1,50
3KFC,A,1,51
3KFC,A,1,52
3KFC,A,1,53
3KFC,A,1,251
3KFC,A,1,252
3KFC,A,1,253
3KFC,B,1,1
3KFC,B,1,2
3KFC,B,1,3
3KFC,B,1,4
3KFC,B,1,5
3KFC,B,1,6
3KFC,B,1,7
3KFC,B,1,8
3KFC,B,1,9
3KFC,B,1,10
3KFC,B,1,46
3KFC,B,1,47
3KFC,B,1,48
3KFC,B,1,49
3KFC,B,1,50
3KFC,B,1,51
3KFC,B,1,52
3KFC,B,1,53
3KFC,B,1,251
3KFC,B,1,252
3KFC,B,1,253
3KFC,C,1,1
3KFC,C,1,2
3KFC,C,1,3
3KFC,C,1,4
3KFC,C,1,5
3KFC,C,1,6
3KFC,C,1,7
3KFC,C,1,8
3KFC,C,1,9
3KFC,C,1,10
3KFC,C,1,11
3KFC,C,1,35
3KFC,C,1,36
3KFC,C,1,37
3KFC,C,1,38
3KFC,C,1,39
3KFC,C,1,40
3KFC,C,1,41
3KFC,C,1,42
3KFC,C,1,43
3KFC,C,1,44
3KFC,C,1,45
3KFC,C,1,46
3KFC,C,1,47
3KFC,C,1,48
3KFC,C,1,49
3KFC,C,1,50
3KFC,C,1,51
3KFC,C,1,52
3KFC,C,1,53
3KFC,C,1,54
3KFC,C,1,55
3KFC,C,1,56
3KFC,C,1,57
3KFC,C,1,58
3KFC,C,1,59
3KFC,C,1,132
3KFC,C,1,133
3KFC,C,1,134
3KFC,C,1,135
3KFC,C,1,136
3KFC,C,1,137
3KFC,C,1,138
3KFC,C,1,139
3KFC,C,1,140
3KFC,C,1,232
3KFC,C,1,233
3KFC,C,1,234
3KFC,C,1,235
3KFC,C,1,236
3KFC,C,1,237
3KFC,C,1,238
3KFC,C,1,239
3KFC,C,1,240
3KFC,C,1,241
3KFC,C,1,242
3KFC,C,1,243
3KFC,C,1,244
3KFC,C,1,245
3KFC,C,1,246
3KFC,C,1,247
3KFC,C,1,248
3KFC,C,1,249
3KFC,C,1,250
3KFC,C,1,251
3KFC,C,1,252
3KFC,C,1,253
3KFC,D,1,1
3KFC,D,1,2
3KFC,D,1,3
3KFC,D,1,4
3KFC,D,1,5
3KFC,D,1,6
3KFC,D,1,7
3KFC,D,1,8
3KFC,D,1,9
3KFC,D,1,10
3KFC,D,1,11
3KFC,D,1,48
3KFC,D,1,49
3KFC,D,1,50
3KFC,D,1,51
3KFC,D,1,52
3KFC,D,1,53
3KFC,D,1,251
3KFC,D,1,252
3KFC,D,1,253
3KMG,A,1,1
3KMG,A,1,2
3KMG,A,1,3
3KMG,A,1,59
3KMG,A,1,60
3KMG,A,1,61
3KMG,A,1,62
3KMG,A,1,63
3KMG,A,1,64
3KMG,A,1,65
3KMG,A,1,66
3KMG,A,1,257
3KMG,A,1,272
3KMG,B,1,1
3KMG,B,1,2
3KMG,B,1,3
3KMG,B,1,4
3KMG,B,1,5
3KMG,B,1,6
3KMG,B,1,7
3KMG,B,1,8
3KMG,B,1,9
3KMG,B,1,10
3KMG,B,1,22
3KMG,B,1,23
3KMG,B,1,24
3KMG,B,1,25
3KMG,B,1,26
3KMG,B,1,27
3KMG,C,1,1
3KMG,C,1,2
3KMG,C,1,57
3KMG,C,1,58
3KMG,C,1,59
3KMG,C,1,60
3KMG,C,1,61
3KMG,C,1,62
3KMG,C,1,63
3KMG,C,1,64
3KMG,C,1,65
3KMG,C,1,66
3KMG,C,1,67
3KMG,C,1,68
3KMG,C,1,69
3KMG,C,1,272
3KMG,D,1,1
3KMG,D,1,2
3KMG,D,1,3
3KMG,D,1,4
3KMG,D,1,5
3KMG,D,1,6
3KMG,D,1,7
3KMG,D,1,26
3KMG,D,1,27
3KMR,A,1,1
3KMR,A,1,2
3KMR,A,1,3
3KMR,A,1,4
3KMR,A,1,5
3KMR,A,1,6
3KMR,A,1,7
3KMR,A,1,8
3KMR,A,1,9
3KMR,A,1,10
3KMR,A,1,11
3KMR,A,1,12
3KMR,A,1,13
3KMR,A,1,14
3KMR,A,1,15
3KMR,A,1,16
3KMR,A,1,17
3KMR,A,1,18
3KMR,A,1,19
3KMR,A,1,20
3KMR,A,1,21
3KMR,A,1,22
3KMR,A,1,23
3KMR,A,1,24
3KMR,A,1,25
3KMR,A,1,26
3KMR,A,1,261
3KMR,A,1,262
3KMR,A,1,263
3KMR,A,1,264
3KMR,A,1,265
3KMR,A,1,266
3KMR,B,1,1
3KMR,B,1,12
3KMR,B,1,13
3KMZ,A,1,1
3KMZ,A,1,2
3KMZ,A,1,3
3KMZ,A,1,4
3KMZ,A,1,5
3KMZ,A,1,6
3KMZ,A,1,7
3KMZ,A,1,8
3KMZ,A,1,9
3KMZ,A,1,10
3KMZ,A,1,11
3KMZ,A,1,12
3KMZ,A,1,13
3KMZ,A,1,14
3KMZ,A,1,15
3KMZ,A,1,16
3KMZ,A,1,17
3KMZ,A,1,18
3KMZ,A,1,19
3KMZ,A,1,20
3KMZ,A,1,21
3KMZ,A,1,22
3KMZ,A,1,23
3KMZ,A,1,24
3KMZ,A,1,25
3KMZ,A,1,247
3KMZ,A,1,248
3KMZ,A,1,249
3KMZ,A,1,250
3KMZ,A,1,251
3KMZ,A,1,252
3KMZ,A,1,253
3KMZ,A,1,254
3KMZ,A,1,255
3KMZ,A,1,256
3KMZ,A,1,257
3KMZ,A,1,258
3KMZ,A,1,259
3KMZ,A,1,260
3KMZ,A,1,261
3KMZ,A,1,262
3KMZ,A,1,263
3KMZ,A,1,264
3KMZ,A,1,265
3KMZ,A,1,266
3KMZ,C,1,1
3KMZ,C,1,2
3KMZ,C,1,3
3KMZ,C,1,4
3KMZ,C,1,5
3KMZ,C,1,6
3KMZ,C,1,7
3KMZ,C,1,8
3KMZ,C,1,9
3KMZ,C,1,10
3KMZ,C,1,11
3KMZ,C,1,12
3KMZ,C,1,13
3KMZ,C,1,14
3KMZ,C,1,15
3KMZ,C,1,16
3KMZ,C,1,17
3KMZ,C,1,18
3KMZ,C,1,19
3KMZ,C,1,20
3KMZ,C,1,21
3KMZ,C,1,22
3KMZ,C,1,23
3KMZ,C,1,24
3KMZ,C,1,25
3KMZ,C,1,247
3KMZ,C,1,248
3KMZ,C,1,249
3KMZ,C,1,250
3KMZ,C,1,251
3KMZ,C,1,252
3KMZ,C,1,253
3KMZ,C,1,254
3KMZ,C,1,255
3KMZ,C,1,256
3KMZ,C,1,257
3KMZ,C,1,258
3KMZ,C,1,259
3KMZ,C,1,260
3KMZ,C,1,261
3KMZ,C,1,262
3KMZ,C,1,263
3KMZ,C,1,264
3KMZ,C,1,265
3KMZ,C,1,266
3KPZ,A,1,1
3KPZ,A,1,2
3KPZ,A,1,207
3KPZ,A,1,208
3KPZ,A,1,209
3KPZ,A,1,256
3KPZ,A,1,257
3KPZ,A,1,258
3KPZ,A,1,259
3KWY,A,1,1
3KWY,A,1,2
3KWY,A,1,3
3KWY,A,1,4
3KWY,A,1,5
3KWY,A,1,6
3KWY,A,1,7
3KWY,A,1,8
3KWY,A,1,9
3KWY,A,1,10
3KWY,A,1,27
3KWY,A,1,28
3KWY,A,1,29
3KWY,A,1,30
3KWY,A,1,31
3KWY,A,1,32
3KWY,A,1,33
3KWY,A,1,34
3KWY,A,1,35
3KWY,A,1,36
3KWY,A,1,37
3KWY,A,1,38
3KWY,A,1,39
3KWY,A,1,40
3KWY,A,1,41
3KWY,A,1,42
3KWY,A,1,43
3KWY,A,1,44
3KWY,A,1,227
3KWY,A,1,228
3KWY,A,1,241
3KWY,A,1,242
3KWY,A,1,243
3KWY,A,1,244
3KWY,B,1,1
3KWY,B,1,12
3KWY,B,1,13
3L03,A,1,1
3L03,A,1,2
3L03,A,1,3
3L03,A,1,4
3L03,A,1,5
3L03,A,1,6
3L03,A,1,7
3L03,A,1,164
3L03,A,1,165
3L03,A,1,166
3L03,A,1,167
3L03,A,1,168
3L03,A,1,169
3L03,A,1,170
3L03,A,1,171
3L03,A,1,252
3L03,A,1,253
3L03,B,1,1
3L03,B,1,2
3L03,B,1,3
3L03,B,1,4
3L03,B,1,5
3L03,B,1,6
3L03,B,1,7
3L03,B,1,167
3L03,B,1,168
3L03,B,1,169
3L03,C,1,1
3L03,C,1,13
3L03,D,1,1
3L03,D,1,2
3L03,D,1,12
3L03,D,1,13
3L0E,A,1,1
3L0E,A,1,2
3L0E,A,1,3
3L0E,A,1,4
3L0E,A,1,5
3L0E,A,1,6
3L0E,A,1,7
3L0E,A,1,8
3L0E,A,1,9
3L0E,A,1,10
3L0L,A,1,1
3L0L,D,1,1
3L0L,D,1,2
3L0L,D,1,3
3L1B,A,1,1
3L1B,A,1,25
3L1B,A,1,26
3L1B,A,1,27
3L1B,A,1,28
3L1B,A,1,29
3L1B,A,1,30
3L1B,A,1,31
3L1B,A,1,32
3L1B,A,1,33
3L1B,A,1,34
3L1B,A,1,35
3L1B,A,1,36
3L1B,A,1,37
3L1B,A,1,38
3L1B,A,1,39
3L1B,A,1,233
3L3Z,A,1,178
3LBD,A,1,1
3LBD,A,1,2
3LBD,A,1,3
3LBD,A,1,4
3LBD,A,1,5
3LBD,A,1,6
3LBD,A,1,7
3LBD,A,1,8
3LBD,A,1,9
3LBD,A,1,10
3LBD,A,1,11
3LBD,A,1,12
3LBD,A,1,13
3LBD,A,1,14
3LBD,A,1,15
3LBD,A,1,16
3LBD,A,1,17
3LBD,A,1,18
3LBD,A,1,19
3LBD,A,1,20
3LBD,A,1,21
3LBD,A,1,22
3LBD,A,1,23
3LBD,A,1,24
3LBD,A,1,25
3LBD,A,1,263
3LBD,A,1,264
3LBD,A,1,265
3LBD,A,1,266
3LBD,A,1,267
3LMP,A,1,1
3LMP,A,1,2
3LMP,A,1,3
3LMP,A,1,4
3LMP,A,1,5
3LMP,A,1,6
3LMP,A,1,7
3LMP,A,1,8
3LMP,A,1,9
3LMP,A,1,10
3LMP,A,1,11
3LMP,A,1,12
3LMP,A,1,71
3LMP,A,1,72
3LMP,A,1,73
3LMP,A,1,74
3LMP,A,1,75
3LMP,A,1,76
3LMP,A,1,77
3LMP,B,1,12
3LMP,B,1,13
3LMP,B,1,14
3LMP,B,1,15
3M7R,A,1,205
3M7R,A,1,206
3M7R,A,1,207
3N00,A,1,1
3N00,A,1,2
3N00,A,1,3
3N00,A,1,4
3N00,A,1,5
3N00,A,1,6
3N00,A,1,7
3N00,A,1,8
3N00,A,1,9
3N00,A,1,10
3N00,A,1,11
3N00,A,1,12
3N00,A,1,31
3N00,A,1,32
3N00,A,1,33
3N00,A,1,34
3N00,A,1,35
3N00,A,1,36
3N00,A,1,37
3N00,A,1,38
3N00,A,1,39
3N00,A,1,40
3N00,A,1,41
3N00,A,1,42
3N00,A,1,43
3N00,A,1,44
3N00,A,1,45
3N00,A,1,46
3N00,A,1,47
3N00,A,1,48
3N00,A,1,49
3N00,A,1,50
3N00,A,1,51
3N00,A,1,52
3N00,A,1,53
3N00,A,1,54
3N00,A,1,55
3N00,A,1,56
3N00,A,1,57
3N00,A,1,58
3N00,A,1,59
3N00,A,1,60
3N00,A,1,61
3N00,A,1,62
3N00,A,1,124
3N00,A,1,125
3N00,A,1,126
3N00,A,1,127
3N00,A,1,128
3N00,A,1,129
3N00,A,1,130
3N00,A,1,131
3N00,A,1,132
3N00,A,1,133
3N00,A,1,134
3N00,A,1,135
3N00,A,1,136
3N00,A,1,137
3N00,A,1,243
3N00,A,1,244
3N00,A,1,245
3NSP,A,1,1
3NSP,A,1,2
3NSP,A,1,3
3NSP,A,1,4
3NSP,A,1,5
3NSP,A,1,6
3NSP,A,1,7
3NSP,A,1,8
3NSP,A,1,9
3NSP,A,1,10
3NSP,A,1,11
3NSP,A,1,12
3NSP,A,1,13
3NSP,A,1,14
3NSP,A,1,15
3NSP,A,1,16
3NSP,A,1,17
3NSP,A,1,18
3NSP,A,1,19
3NSP,A,1,20
3NSP,A,1,21
3NSP,A,1,22
3NSP,A,1,23
3NSP,A,1,24
3NSP,A,1,25
3NSP,A,1,26
3NSP,A,1,27
3NSP,A,1,28
3NSP,A,1,29
3NSP,A,1,30
3NSP,A,1,31
3NSP,A,1,32
3NSP,A,1,33
3NSP,A,1,34
3NSP,A,1,35
3NSP,A,1,36
3NSP,A,1,37
3NSP,A,1,38
3NSP,A,1,39
3NSP,A,1,40
3NSP,A,1,234
3NSP,A,1,235
3NSP,A,1,236
3NSP,A,1,237
3NSP,A,1,238
3NSP,A,1,239
3NSP,A,1,240
3NSP,B,1,1
3NSP,B,1,2
3NSP,B,1,3
3NSP,B,1,4
3NSP,B,1,5
3NSP,B,1,6
3NSP,B,1,7
3NSP,B,1,8
3NSP,B,1,9
3NSP,B,1,10
3NSP,B,1,11
3NSP,B,1,12
3NSP,B,1,13
3NSP,B,1,14
3NSP,B,1,15
3NSP,B,1,16
3NSP,B,1,17
3NSP,B,1,18
3NSP,B,1,19
3NSP,B,1,20
3NSP,B,1,21
3NSP,B,1,22
3NSP,B,1,23
3NSP,B,1,24
3NSP,B,1,25
3NSP,B,1,26
3NSP,B,1,27
3NSP,B,1,28
3NSP,B,1,29
3NSP,B,1,30
3NSP,B,1,31
3NSP,B,1,32
3NSP,B,1,33
3NSP,B,1,34
3NSP,B,1,35
3NSP,B,1,36
3NSP,B,1,37
3NSP,B,1,38
3NSP,B,1,39
3NSP,B,1,40
3NSP,B,1,41
3NSP,B,1,42
3NSP,B,1,43
3NSP,B,1,44
3NSP,B,1,45
3NSP,B,1,46
3NSP,B,1,47
3NSP,B,1,105
3NSP,B,1,106
3NSP,B,1,107
3NSQ,A,1,1
3NSQ,A,1,2
3NSQ,A,1,3
3NSQ,A,1,4
3NSQ,A,1,5
3NSQ,A,1,6
3NSQ,A,1,7
3NSQ,A,1,8
3NSQ,A,1,9
3NSQ,A,1,10
3NSQ,A,1,11
3NSQ,A,1,12
3NSQ,A,1,13
3NSQ,A,1,14
3NSQ,A,1,15
3NSQ,A,1,16
3NSQ,A,1,17
3NSQ,A,1,18
3NSQ,A,1,19
3NSQ,A,1,20
3NSQ,A,1,21
3NSQ,A,1,22
3NSQ,A,1,23
3NSQ,A,1,24
3NSQ,A,1,25
3NSQ,A,1,26
3NSQ,A,1,27
3NSQ,A,1,28
3NSQ,A,1,29
3NSQ,A,1,30
3NSQ,A,1,31
3NSQ,A,1,32
3NSQ,A,1,33
3NSQ,A,1,34
3NSQ,A,1,35
3NSQ,A,1,36
3NSQ,A,1,37
3NSQ,A,1,38
3NSQ,A,1,39
3NSQ,A,1,40
3NSQ,A,1,234
3NSQ,A,1,235
3NSQ,A,1,236
3NSQ,A,1,237
3NSQ,A,1,238
3NSQ,A,1,239
3NSQ,A,1,240
3NSQ,B,1,1
3NSQ,B,1,2
3NSQ,B,1,3
3NSQ,B,1,4
3NSQ,B,1,5
3NSQ,B,1,6
3NSQ,B,1,7
3NSQ,B,1,8
3NSQ,B,1,9
3NSQ,B,1,10
3NSQ,B,1,11
3NSQ,B,1,12
3NSQ,B,1,13
3NSQ,B,1,14
3NSQ,B,1,15
3NSQ,B,1,16
3NSQ,B,1,17
3NSQ,B,1,18
3NSQ,B,1,19
3NSQ,B,1,20
3NSQ,B,1,21
3NSQ,B,1,22
3NSQ,B,1,23
3NSQ,B,1,24
3NSQ,B,1,25
3NSQ,B,1,26
3NSQ,B,1,27
3NSQ,B,1,28
3NSQ,B,1,29
3NSQ,B,1,30
3NSQ,B,1,31
3NSQ,B,1,32
3NSQ,B,1,33
3NSQ,B,1,34
3NSQ,B,1,35
3NSQ,B,1,36
3NSQ,B,1,37
3NSQ,B,1,38
3NSQ,B,1,39
3NSQ,B,1,40
3NSQ,B,1,41
3OAP,A,1,18
3OAP,A,1,19
3OAP,A,1,20
3OAP,A,1,21
3OAP,A,1,22
3OAP,A,1,23
3OAP,A,1,24
3OAP,A,1,25
3OAP,A,1,26
3OAP,A,1,27
3OAP,A,1,28
3OAP,A,1,29
3OAP,A,1,30
3OAP,A,1,31
3OAP,A,1,32
3OAP,A,1,33
3OAP,A,1,34
3OGT,A,1,1
3OGT,A,1,256
3OGT,A,1,257
3OGT,A,1,258
3OGT,A,1,259
3OKH,A,1,1
3OKH,A,1,2
3OKH,A,1,3
3OKH,A,1,4
3OKH,A,1,157
3OKH,A,1,233
3OKH,B,1,1
3OKH,B,1,2
3OKH,B,1,13
3OKH,B,1,14
3OKI,A,1,1
3OKI,A,1,2
3OKI,A,1,3
3OKI,B,1,1
3OKI,B,1,14
3OKI,C,1,1
3OKI,C,1,2
3OKI,C,1,3
3OKI,D,1,1
3OKI,D,1,2
3OKI,D,1,13
3OKI,D,1,14
3OLF,A,1,1
3OLF,A,1,2
3OLF,A,1,3
3OLF,B,1,1
3OLF,B,1,13
3OLF,B,1,14
3OLF,C,1,1
3OLF,C,1,2
3OLF,C,1,3
3OLF,D,1,1
3OLF,D,1,2
3OLF,D,1,14
3OLL,A,1,1
3OLL,A,1,158
3OLL,A,1,159
3OLL,A,1,239
3OLL,A,1,240
3OLL,B,1,1
3OLL,B,1,158
3OLL,B,1,159
3OLL,B,1,160
3OLL,B,1,239
3OLL,B,1,240
3OLL,C,1,1
3OLL,C,1,2
3OLL,C,1,3
3OLL,C,1,14
3OLL,C,1,15
3OLL,C,1,16
3OLL,C,1,17
3OLL,C,1,18
3OLL,C,1,19
3OLL,D,1,1
3OLL,D,1,2
3OLL,D,1,3
3OLL,D,1,14
3OLL,D,1,15
3OLL,D,1,16
3OLL,D,1,17
3OLL,D,1,18
3OLL,D,1,19
3OLS,A,1,1
3OLS,A,1,2
3OLS,A,1,3
3OLS,A,1,156
3OLS,A,1,157
3OLS,A,1,158
3OLS,A,1,159
3OLS,A,1,160
3OLS,A,1,238
3OLS,A,1,239
3OLS,A,1,240
3OLS,B,1,1
3OLS,B,1,2
3OLS,B,1,3
3OLS,B,1,157
3OLS,B,1,158
3OLS,B,1,159
3OLS,B,1,160
3OLS,B,1,161
3OLS,B,1,162
3OLS,B,1,163
3OLS,B,1,164
3OLS,B,1,236
3OLS,B,1,237
3OLS,B,1,238
3OLS,B,1,239
3OLS,B,1,240
3OLS,C,1,1
3OLS,C,1,2
3OLS,C,1,3
3OLS,C,1,14
3OLS,C,1,15
3OLS,C,1,16
3OLS,C,1,17
3OLS,C,1,18
3OLS,C,1,19
3OLS,D,1,1
3OLS,D,1,2
3OLS,D,1,3
3OLS,D,1,14
3OLS,D,1,15
3OLS,D,1,16
3OLS,D,1,17
3OLS,D,1,18
3OLS,D,1,19
3OMK,A,1,1
3OMK,A,1,2
3OMK,A,1,3
3OMK,B,1,13
3OMK,B,1,14
3OMK,C,1,1
3OMK,C,1,2
3OMK,C,1,3
3OMK,D,1,1
3OMK,D,1,2
3OMK,D,1,14
3OMM,A,1,1
3OMM,A,1,2
3OMM,A,1,3
3OMM,B,1,14
3OMM,C,1,1
3OMM,C,1,2
3OMM,C,1,3
3OMM,D,1,1
3OMM,D,1,14
3OMO,A,1,1
3OMO,A,1,2
3OMO,A,1,3
3OMO,A,1,156
3OMO,A,1,157
3OMO,A,1,158
3OMO,A,1,159
3OMO,A,1,160
3OMO,A,1,238
3OMO,A,1,239
3OMO,A,1,240
3OMO,B,1,1
3OMO,B,1,2
3OMO,B,1,3
3OMO,B,1,157
3OMO,B,1,158
3OMO,B,1,159
3OMO,B,1,160
3OMO,B,1,161
3OMO,B,1,162
3OMO,B,1,163
3OMO,B,1,164
3OMO,B,1,236
3OMO,B,1,237
3OMO,B,1,238
3OMO,B,1,239
3OMO,B,1,240
3OMO,C,1,1
3OMO,C,1,2
3OMO,C,1,3
3OMO,C,1,14
3OMO,C,1,15
3OMO,C,1,16
3OMO,C,1,17
3OMO,C,1,18
3OMO,C,1,19
3OMO,D,1,1
3OMO,D,1,2
3OMO,D,1,3
3OMO,D,1,14
3OMO,D,1,15
3OMO,D,1,16
3OMO,D,1,17
3OMO,D,1,18
3OMO,D,1,19
3OMP,A,1,1
3OMP,A,1,2
3OMP,A,1,3
3OMP,A,1,156
3OMP,A,1,157
3OMP,A,1,158
3OMP,A,1,159
3OMP,A,1,160
3OMP,A,1,238
3OMP,A,1,239
3OMP,A,1,240
3OMP,B,1,1
3OMP,B,1,2
3OMP,B,1,3
3OMP,B,1,157
3OMP,B,1,158
3OMP,B,1,159
3OMP,B,1,160
3OMP,B,1,161
3OMP,B,1,162
3OMP,B,1,163
3OMP,B,1,164
3OMP,B,1,236
3OMP,B,1,237
3OMP,B,1,238
3OMP,B,1,239
3OMP,B,1,240
3OMP,C,1,1
3OMP,C,1,2
3OMP,C,1,3
3OMP,C,1,14
3OMP,C,1,15
3OMP,C,1,16
3OMP,C,1,17
3OMP,C,1,18
3OMP,C,1,19
3OMP,D,1,1
3OMP,D,1,2
3OMP,D,1,3
3OMP,D,1,14
3OMP,D,1,15
3OMP,D,1,16
3OMP,D,1,17
3OMP,D,1,18
3OMP,D,1,19
3OMQ,A,1,1
3OMQ,A,1,2
3OMQ,A,1,3
3OMQ,A,1,156
3OMQ,A,1,157
3OMQ,A,1,158
3OMQ,A,1,159
3OMQ,A,1,160
3OMQ,A,1,238
3OMQ,A,1,239
3OMQ,A,1,240
3OMQ,B,1,1
3OMQ,B,1,2
3OMQ,B,1,3
3OMQ,B,1,157
3OMQ,B,1,158
3OMQ,B,1,159
3OMQ,B,1,160
3OMQ,B,1,161
3OMQ,B,1,162
3OMQ,B,1,163
3OMQ,B,1,164
3OMQ,B,1,236
3OMQ,B,1,237
3OMQ,B,1,238
3OMQ,B,1,239
3OMQ,B,1,240
3OMQ,C,1,1
3OMQ,C,1,2
3OMQ,C,1,3
3OMQ,C,1,14
3OMQ,C,1,15
3OMQ,C,1,16
3OMQ,C,1,17
3OMQ,C,1,18
3OMQ,C,1,19
3OMQ,D,1,1
3OMQ,D,1,2
3OMQ,D,1,3
3OMQ,D,1,14
3OMQ,D,1,15
3OMQ,D,1,16
3OMQ,D,1,17
3OMQ,D,1,18
3OMQ,D,1,19
3OOF,A,1,1
3OOF,A,1,2
3OOF,A,1,3
3OOF,B,1,1
3OOF,B,1,14
3OOF,C,1,1
3OOF,C,1,2
3OOF,C,1,3
3OOF,D,1,14
3OOK,A,1,1
3OOK,A,1,2
3OOK,A,1,3
3OOK,B,1,1
3OOK,B,1,14
3OOK,C,1,1
3OOK,C,1,2
3OOK,C,1,3
3OOK,D,1,1
3OOK,D,1,2
3OOK,D,1,14
3OS8,A,1,1
3OS8,A,1,2
3OS8,A,1,3
3OS8,A,1,4
3OS8,A,1,5
3OS8,A,1,6
3OS8,A,1,7
3OS8,A,1,8
3OS8,A,1,9
3OS8,A,1,10
3OS8,A,1,252
3OS8,A,1,253
3OS8,A,1,254
3OS8,A,1,255
3OS8,A,1,256
3OS8,A,1,257
3OS8,A,1,258
3OS8,B,1,1
3OS8,B,1,2
3OS8,B,1,3
3OS8,B,1,4
3OS8,B,1,5
3OS8,B,1,6
3OS8,B,1,7
3OS8,B,1,8
3OS8,B,1,9
3OS8,B,1,10
3OS8,B,1,252
3OS8,B,1,253
3OS8,B,1,254
3OS8,B,1,255
3OS8,B,1,256
3OS8,B,1,257
3OS8,B,1,258
3OS8,C,1,1
3OS8,C,1,2
3OS8,C,1,3
3OS8,C,1,4
3OS8,C,1,5
3OS8,C,1,6
3OS8,C,1,7
3OS8,C,1,8
3OS8,C,1,9
3OS8,C,1,38
3OS8,C,1,39
3OS8,C,1,40
3OS8,C,1,41
3OS8,C,1,42
3OS8,C,1,43
3OS8,C,1,44
3OS8,C,1,45
3OS8,C,1,252
3OS8,C,1,253
3OS8,C,1,254
3OS8,C,1,255
3OS8,C,1,256
3OS8,C,1,257
3OS8,C,1,258
3OS8,D,1,1
3OS8,D,1,2
3OS8,D,1,3
3OS8,D,1,4
3OS8,D,1,5
3OS8,D,1,6
3OS8,D,1,7
3OS8,D,1,8
3OS8,D,1,9
3OS8,D,1,38
3OS8,D,1,39
3OS8,D,1,40
3OS8,D,1,41
3OS8,D,1,42
3OS8,D,1,43
3OS8,D,1,44
3OS8,D,1,45
3OS8,D,1,167
3OS8,D,1,168
3OS8,D,1,169
3OS8,D,1,170
3OS8,D,1,171
3OS8,D,1,253
3OS8,D,1,254
3OS8,D,1,255
3OS8,D,1,256
3OS8,D,1,257
3OS8,D,1,258
3OS9,A,1,1
3OS9,A,1,2
3OS9,A,1,3
3OS9,A,1,4
3OS9,A,1,5
3OS9,A,1,6
3OS9,A,1,7
3OS9,A,1,8
3OS9,A,1,9
3OS9,A,1,10
3OS9,A,1,11
3OS9,A,1,167
3OS9,A,1,168
3OS9,A,1,178
3OS9,A,1,234
3OS9,A,1,235
3OS9,A,1,236
3OS9,A,1,237
3OS9,A,1,252
3OS9,A,1,253
3OS9,A,1,254
3OS9,A,1,255
3OS9,A,1,256
3OS9,A,1,257
3OS9,A,1,258
3OS9,B,1,1
3OS9,B,1,2
3OS9,B,1,3
3OS9,B,1,4
3OS9,B,1,5
3OS9,B,1,6
3OS9,B,1,7
3OS9,B,1,8
3OS9,B,1,9
3OS9,B,1,10
3OS9,B,1,121
3OS9,B,1,122
3OS9,B,1,123
3OS9,B,1,167
3OS9,B,1,168
3OS9,B,1,169
3OS9,B,1,170
3OS9,B,1,171
3OS9,B,1,172
3OS9,B,1,234
3OS9,B,1,235
3OS9,B,1,236
3OS9,B,1,237
3OS9,B,1,252
3OS9,B,1,253
3OS9,B,1,254
3OS9,B,1,255
3OS9,B,1,256
3OS9,B,1,257
3OS9,B,1,258
3OS9,C,1,1
3OS9,C,1,2
3OS9,C,1,3
3OS9,C,1,4
3OS9,C,1,5
3OS9,C,1,6
3OS9,C,1,7
3OS9,C,1,8
3OS9,C,1,9
3OS9,C,1,37
3OS9,C,1,38
3OS9,C,1,39
3OS9,C,1,40
3OS9,C,1,41
3OS9,C,1,42
3OS9,C,1,43
3OS9,C,1,44
3OS9,C,1,45
3OS9,C,1,120
3OS9,C,1,121
3OS9,C,1,122
3OS9,C,1,123
3OS9,C,1,124
3OS9,C,1,125
3OS9,C,1,167
3OS9,C,1,233
3OS9,C,1,234
3OS9,C,1,235
3OS9,C,1,236
3OS9,C,1,237
3OS9,C,1,252
3OS9,C,1,253
3OS9,C,1,254
3OS9,C,1,255
3OS9,C,1,256
3OS9,C,1,257
3OS9,C,1,258
3OS9,D,1,1
3OS9,D,1,2
3OS9,D,1,3
3OS9,D,1,4
3OS9,D,1,5
3OS9,D,1,6
3OS9,D,1,7
3OS9,D,1,8
3OS9,D,1,9
3OS9,D,1,10
3OS9,D,1,36
3OS9,D,1,37
3OS9,D,1,38
3OS9,D,1,39
3OS9,D,1,40
3OS9,D,1,41
3OS9,D,1,42
3OS9,D,1,43
3OS9,D,1,44
3OS9,D,1,45
3OS9,D,1,120
3OS9,D,1,121
3OS9,D,1,122
3OS9,D,1,123
3OS9,D,1,124
3OS9,D,1,125
3OS9,D,1,166
3OS9,D,1,167
3OS9,D,1,168
3OS9,D,1,169
3OS9,D,1,170
3OS9,D,1,171
3OS9,D,1,172
3OS9,D,1,173
3OS9,D,1,232
3OS9,D,1,233
3OS9,D,1,234
3OS9,D,1,235
3OS9,D,1,236
3OS9,D,1,237
3OS9,D,1,238
3OS9,D,1,250
3OS9,D,1,251
3OS9,D,1,252
3OS9,D,1,253
3OS9,D,1,254
3OS9,D,1,255
3OS9,D,1,256
3OS9,D,1,257
3OS9,D,1,258
3OSA,A,1,1
3OSA,A,1,2
3OSA,A,1,3
3OSA,A,1,4
3OSA,A,1,5
3OSA,A,1,6
3OSA,A,1,7
3OSA,A,1,8
3OSA,A,1,9
3OSA,A,1,10
3OSA,A,1,122
3OSA,A,1,236
3OSA,A,1,252
3OSA,A,1,253
3OSA,A,1,254
3OSA,A,1,255
3OSA,A,1,256
3OSA,A,1,257
3OSA,A,1,258
3OSA,B,1,1
3OSA,B,1,2
3OSA,B,1,3
3OSA,B,1,4
3OSA,B,1,5
3OSA,B,1,6
3OSA,B,1,7
3OSA,B,1,8
3OSA,B,1,9
3OSA,B,1,10
3OSA,B,1,122
3OSA,B,1,237
3OSA,B,1,252
3OSA,B,1,253
3OSA,B,1,254
3OSA,B,1,255
3OSA,B,1,256
3OSA,B,1,257
3OSA,B,1,258
3OSA,C,1,1
3OSA,C,1,2
3OSA,C,1,3
3OSA,C,1,4
3OSA,C,1,5
3OSA,C,1,6
3OSA,C,1,7
3OSA,C,1,8
3OSA,C,1,9
3OSA,C,1,37
3OSA,C,1,38
3OSA,C,1,39
3OSA,C,1,40
3OSA,C,1,41
3OSA,C,1,42
3OSA,C,1,43
3OSA,C,1,44
3OSA,C,1,45
3OSA,C,1,121
3OSA,C,1,122
3OSA,C,1,123
3OSA,C,1,252
3OSA,C,1,253
3OSA,C,1,254
3OSA,C,1,255
3OSA,C,1,256
3OSA,C,1,257
3OSA,C,1,258
3OSA,D,1,1
3OSA,D,1,2
3OSA,D,1,3
3OSA,D,1,4
3OSA,D,1,5
3OSA,D,1,6
3OSA,D,1,7
3OSA,D,1,8
3OSA,D,1,9
3OSA,D,1,37
3OSA,D,1,38
3OSA,D,1,39
3OSA,D,1,40
3OSA,D,1,41
3OSA,D,1,42
3OSA,D,1,43
3OSA,D,1,44
3OSA,D,1,45
3OSA,D,1,121
3OSA,D,1,122
3OSA,D,1,123
3OSA,D,1,167
3OSA,D,1,168
3OSA,D,1,169
3OSA,D,1,170
3OSA,D,1,171
3OSA,D,1,253
3OSA,D,1,254
3OSA,D,1,255
3OSA,D,1,256
3OSA,D,1,257
3OSA,D,1,258
3OSI,A,1,1
3OSI,A,1,2
3OSI,A,1,3
3OSI,A,1,4
3OSI,A,1,5
3OSI,A,1,6
3OSI,A,1,7
3OSI,A,1,8
3OSI,A,1,9
3OSI,A,1,10
3OSI,A,1,11
3OSI,A,1,12
3OSI,A,1,13
3OSI,A,1,72
3OSI,A,1,73
3OSI,A,1,74
3OSI,A,1,75
3OSI,A,1,76
3OSI,A,1,77
3OSI,A,1,78
3OSI,A,1,79
3OSI,A,1,80
3OSI,A,1,81
3OSI,A,1,82
3OSI,A,1,83
3OSI,B,1,1
3OSI,B,1,2
3OSI,B,1,3
3OSI,B,1,4
3OSI,B,1,5
3OSI,B,1,6
3OSI,B,1,7
3OSI,B,1,8
3OSI,B,1,9
3OSI,B,1,10
3OSI,B,1,11
3OSI,B,1,12
3OSI,B,1,13
3OSI,B,1,14
3OSI,B,1,15
3OSI,B,1,16
3OSI,B,1,49
3OSI,B,1,50
3OSI,B,1,51
3OSI,B,1,52
3OSI,B,1,71
3OSI,B,1,72
3OSI,B,1,73
3OSI,B,1,74
3OSI,B,1,75
3OSI,B,1,76
3OSI,B,1,77
3OSI,B,1,78
3OSI,B,1,79
3OSI,B,1,80
3OSI,B,1,81
3OSI,B,1,82
3OSI,B,1,83
3OSI,B,1,270
3OSI,B,1,271
3OSI,B,1,272
3OSI,B,1,273
3OSI,B,1,274
3OSI,B,1,284
3OSI,B,1,285
3OSW,A,1,1
3OSW,A,1,2
3OSW,A,1,3
3OSW,A,1,4
3OSW,A,1,5
3OSW,A,1,6
3OSW,A,1,7
3OSW,A,1,8
3OSW,A,1,9
3OSW,A,1,10
3OSW,A,1,11
3OSW,A,1,12
3OSW,A,1,13
3OSW,A,1,72
3OSW,A,1,73
3OSW,A,1,74
3OSW,A,1,75
3OSW,A,1,76
3OSW,A,1,77
3OSW,A,1,78
3OSW,A,1,79
3OSW,A,1,80
3OSW,A,1,81
3OSW,A,1,82
3OSW,B,1,1
3OSW,B,1,2
3OSW,B,1,3
3OSW,B,1,4
3OSW,B,1,5
3OSW,B,1,6
3OSW,B,1,7
3OSW,B,1,8
3OSW,B,1,9
3OSW,B,1,10
3OSW,B,1,11
3OSW,B,1,12
3OSW,B,1,13
3OSW,B,1,14
3OSW,B,1,15
3OSW,B,1,50
3OSW,B,1,51
3OSW,B,1,71
3OSW,B,1,72
3OSW,B,1,73
3OSW,B,1,74
3OSW,B,1,75
3OSW,B,1,76
3OSW,B,1,77
3OSW,B,1,78
3OSW,B,1,79
3OSW,B,1,80
3OSW,B,1,81
3OSW,B,1,82
3OSW,B,1,83
3OSW,B,1,270
3OSW,B,1,271
3OSW,B,1,272
3OSW,B,1,273
3OSW,B,1,274
3OSW,B,1,284
3OSW,B,1,285
3OZ0,A,1,1
3OZ0,A,1,2
3OZ0,A,1,3
3OZ0,A,1,4
3OZ0,A,1,5
3OZ0,A,1,6
3OZ0,A,1,7
3OZ0,A,1,8
3OZ0,A,1,9
3OZ0,A,1,10
3OZ0,A,1,11
3OZ0,A,1,12
3OZ0,A,1,13
3OZ0,A,1,14
3OZ0,A,1,15
3OZ0,A,1,16
3OZ0,A,1,17
3OZ0,A,1,18
3OZ0,A,1,47
3OZ0,A,1,48
3OZ0,A,1,49
3OZ0,A,1,50
3OZ0,A,1,51
3OZ0,A,1,52
3OZ0,A,1,285
3OZJ,A,1,1
3OZJ,A,1,2
3OZJ,A,1,21
3OZJ,A,1,22
3OZJ,A,1,23
3OZJ,A,1,24
3OZJ,A,1,25
3OZJ,A,1,26
3OZJ,A,1,27
3OZJ,A,1,28
3OZJ,A,1,29
3OZJ,A,1,30
3OZJ,A,1,31
3OZJ,A,1,32
3OZJ,A,1,33
3OZJ,A,1,34
3OZJ,A,1,35
3OZJ,A,1,36
3OZJ,A,1,37
3OZJ,A,1,235
3OZJ,A,1,236
3OZJ,A,1,237
3OZJ,A,1,238
3OZJ,B,1,1
3OZJ,C,1,1
3OZJ,C,1,2
3OZJ,C,1,21
3OZJ,C,1,22
3OZJ,C,1,23
3OZJ,C,1,24
3OZJ,C,1,25
3OZJ,C,1,26
3OZJ,C,1,27
3OZJ,C,1,28
3OZJ,C,1,29
3OZJ,C,1,30
3OZJ,C,1,31
3OZJ,C,1,32
3OZJ,C,1,33
3OZJ,C,1,34
3OZJ,C,1,35
3OZJ,C,1,36
3OZJ,C,1,37
3OZJ,C,1,235
3OZJ,C,1,236
3OZJ,C,1,237
3OZJ,C,1,238
3P0U,A,1,100
3P0U,A,1,103
3P0U,A,1,104
3P0U,A,1,105
3P0U,A,1,108
3P0U,A,1,109
3P0U,A,1,110
3P0U,A,1,111
3P0U,A,1,112
3P0U,A,1,113
3P0U,A,1,114
3P0U,A,1,115
3P0U,A,1,116
3P0U,A,1,236
3P0U,A,1,237
3P0U,A,1,238
3P0U,A,1,239
3P0U,A,1,240
3P0U,A,1,241
3P0U,A,1,242
3P0U,A,1,243
3P0U,A,1,244
3P0U,A,1,245
3P0U,A,1,246
3P0U,A,1,247
3P0U,A,1,248
3P0U,A,1,249
3P0U,B,1,99
3P0U,B,1,100
3P0U,B,1,101
3P0U,B,1,102
3P0U,B,1,103
3P0U,B,1,104
3P0U,B,1,105
3P0U,B,1,106
3P0U,B,1,107
3P0U,B,1,108
3P0U,B,1,109
3P0U,B,1,110
3P0U,B,1,111
3P0U,B,1,112
3P0U,B,1,113
3P0U,B,1,114
3P0U,B,1,115
3P0U,B,1,234
3P0U,B,1,235
3P0U,B,1,236
3P0U,B,1,237
3P0U,B,1,238
3P0U,B,1,239
3P0U,B,1,240
3P0U,B,1,241
3P0U,B,1,242
3P0U,B,1,243
3P0U,B,1,244
3P0U,B,1,245
3P0U,B,1,246
3P0U,B,1,247
3P0U,B,1,248
3P0U,B,1,249
3P89,A,1,1
3P89,A,1,2
3P89,A,1,3
3P89,A,1,155
3P89,A,1,156
3P89,A,1,229
3P8X,A,1,1
3P8X,A,1,2
3P8X,A,1,3
3P8X,A,1,4
3P8X,A,1,5
3P8X,A,1,6
3P8X,A,1,7
3P8X,A,1,8
3P8X,A,1,9
3P8X,A,1,10
3P8X,A,1,11
3P8X,A,1,12
3P8X,A,1,13
3P8X,A,1,14
3P8X,A,1,15
3P8X,A,1,16
3P8X,A,1,17
3P8X,A,1,18
3P8X,A,1,19
3P8X,A,1,20
3P8X,A,1,21
3P8X,A,1,277
3P8X,A,1,278
3P8X,A,1,279
3P8X,A,1,280
3PBA,A,1,1
3PBA,A,1,2
3PBA,A,1,3
3PBA,A,1,4
3PBA,A,1,5
3PBA,A,1,6
3PBA,A,1,7
3PBA,A,1,8
3PBA,A,1,9
3PBA,A,1,10
3PBA,A,1,11
3PBA,A,1,12
3PBA,A,1,72
3PBA,A,1,73
3PBA,A,1,74
3PBA,A,1,75
3PBA,A,1,76
3PBA,A,1,77
3PBA,A,1,78
3PBA,A,1,79
3PBA,A,1,80
3PBA,A,1,81
3PBA,A,1,82
3PBA,A,1,286
3PBA,B,1,1
3PBA,B,1,2
3PBA,B,1,3
3PBA,B,1,4
3PBA,B,1,5
3PBA,B,1,6
3PBA,B,1,7
3PBA,B,1,8
3PBA,B,1,9
3PBA,B,1,10
3PBA,B,1,11
3PBA,B,1,12
3PBA,B,1,13
3PBA,B,1,14
3PBA,B,1,15
3PBA,B,1,16
3PBA,B,1,50
3PBA,B,1,51
3PBA,B,1,52
3PBA,B,1,70
3PBA,B,1,71
3PBA,B,1,76
3PBA,B,1,77
3PBA,B,1,78
3PBA,B,1,79
3PBA,B,1,80
3PBA,B,1,81
3PBA,B,1,82
3PBA,B,1,83
3PBA,B,1,270
3PBA,B,1,271
3PBA,B,1,272
3PBA,B,1,273
3PBA,B,1,274
3PBA,B,1,284
3PBA,B,1,285
3PBA,B,1,286
3PCU,A,1,16
3PCU,A,1,17
3PCU,A,1,18
3PCU,A,1,19
3PCU,A,1,20
3PCU,A,1,21
3PCU,A,1,22
3PCU,A,1,23
3PCU,A,1,24
3PCU,A,1,25
3PCU,A,1,26
3PCU,A,1,27
3PCU,A,1,28
3PCU,A,1,29
3PCU,A,1,30
3PCU,A,1,31
3PCU,A,1,32
3PCU,A,1,33
3PCU,A,1,34
3PEQ,A,1,1
3PEQ,A,1,2
3PEQ,A,1,33
3PEQ,A,1,34
3PEQ,A,1,35
3PEQ,A,1,36
3PEQ,A,1,37
3PEQ,A,1,38
3PEQ,A,1,59
3PEQ,A,1,60
3PEQ,A,1,61
3PEQ,A,1,62
3PEQ,A,1,63
3PEQ,A,1,64
3PEQ,A,1,270
3PEQ,A,1,271
3PEQ,B,1,1
3PEQ,B,1,2
3PEQ,B,1,33
3PEQ,B,1,34
3PEQ,B,1,35
3PEQ,B,1,36
3PEQ,B,1,37
3PEQ,B,1,38
3PEQ,B,1,59
3PEQ,B,1,60
3PEQ,B,1,61
3PEQ,B,1,62
3PEQ,B,1,63
3PEQ,B,1,64
3PLZ,A,1,1
3PLZ,A,1,2
3PLZ,A,1,3
3PLZ,A,1,4
3PLZ,A,1,5
3PLZ,A,1,6
3PLZ,A,1,7
3PLZ,A,1,8
3PLZ,A,1,9
3PLZ,A,1,10
3PLZ,A,1,11
3PLZ,A,1,12
3PLZ,A,1,13
3PLZ,A,1,14
3PLZ,A,1,15
3PLZ,A,1,46
3PLZ,A,1,47
3PLZ,A,1,48
3PLZ,A,1,49
3PLZ,A,1,50
3PLZ,A,1,51
3PLZ,A,1,52
3PLZ,A,1,53
3PLZ,A,1,255
3PLZ,A,1,256
3PLZ,A,1,257
3PLZ,B,1,13
3PLZ,B,1,14
3PLZ,C,1,1
3PLZ,C,1,2
3PLZ,C,1,3
3PLZ,C,1,4
3PLZ,C,1,5
3PLZ,C,1,6
3PLZ,C,1,7
3PLZ,C,1,8
3PLZ,C,1,9
3PLZ,C,1,10
3PLZ,C,1,11
3PLZ,C,1,12
3PLZ,C,1,13
3PLZ,C,1,14
3PLZ,C,1,15
3PLZ,C,1,50
3PLZ,C,1,257
3PLZ,D,1,13
3PLZ,D,1,14
3PO9,A,1,1
3PO9,A,1,2
3PO9,A,1,3
3PO9,A,1,4
3PO9,A,1,5
3PO9,A,1,6
3PO9,A,1,7
3PO9,A,1,8
3PO9,A,1,9
3PO9,A,1,10
3PO9,A,1,11
3PO9,A,1,12
3PO9,A,1,72
3PO9,A,1,73
3PO9,A,1,74
3PO9,A,1,75
3PO9,A,1,76
3PO9,A,1,77
3PO9,A,1,78
3PO9,A,1,79
3PO9,A,1,80
3PO9,A,1,81
3PO9,A,1,82
3PO9,A,1,83
3PO9,A,1,286
3PO9,B,1,1
3PO9,B,1,2
3PO9,B,1,3
3PO9,B,1,4
3PO9,B,1,5
3PO9,B,1,6
3PO9,B,1,7
3PO9,B,1,8
3PO9,B,1,9
3PO9,B,1,10
3PO9,B,1,11
3PO9,B,1,12
3PO9,B,1,13
3PO9,B,1,14
3PO9,B,1,15
3PO9,B,1,50
3PO9,B,1,51
3PO9,B,1,52
3PO9,B,1,70
3PO9,B,1,71
3PO9,B,1,72
3PO9,B,1,73
3PO9,B,1,74
3PO9,B,1,75
3PO9,B,1,76
3PO9,B,1,77
3PO9,B,1,78
3PO9,B,1,79
3PO9,B,1,80
3PO9,B,1,81
3PO9,B,1,82
3PO9,B,1,83
3PO9,B,1,270
3PO9,B,1,271
3PO9,B,1,272
3PO9,B,1,273
3PO9,B,1,274
3PRG,A,1,64
3PRG,A,1,65
3PRG,A,1,66
3PRG,A,1,67
3PRG,A,1,68
3PRG,A,1,69
3PRG,A,1,70
3PRG,A,1,71
3PRG,A,1,72
3PRG,A,1,73
3PRG,A,1,74
3Q95,A,1,1
3Q95,A,1,2
3Q95,A,1,3
3Q95,A,1,4
3Q95,A,1,5
3Q95,A,1,6
3Q95,A,1,7
3Q95,A,1,8
3Q95,A,1,9
3Q95,A,1,10
3Q95,A,1,170
3Q95,A,1,171
3Q95,A,1,257
3Q95,A,1,258
3Q95,A,1,259
3Q95,A,1,260
3Q95,B,1,1
3Q95,B,1,2
3Q95,B,1,3
3Q95,B,1,4
3Q95,B,1,5
3Q95,B,1,259
3Q95,B,1,260
3Q95,C,1,12
3Q95,C,1,13
3QT0,A,1,35
3QT0,A,1,36
3QT0,A,1,37
3QT0,A,1,38
3QT0,B,1,13
3QT0,B,1,14
3QT0,B,1,15
3QT0,B,1,16
3R29,A,1,1
3R29,A,1,2
3R29,A,1,3
3R29,A,1,4
3R29,A,1,24
3R29,A,1,25
3R29,A,1,26
3R29,A,1,27
3R29,A,1,28
3R29,A,1,29
3R29,A,1,30
3R29,A,1,31
3R29,A,1,32
3R29,A,1,33
3R29,A,1,34
3R29,A,1,35
3R29,A,1,36
3R29,A,1,37
3R29,A,1,38
3R29,A,1,39
3R29,A,1,40
3R29,A,1,234
3R29,A,1,235
3R29,A,1,236
3R29,A,1,237
3R29,A,1,238
3R29,A,1,239
3R29,A,1,240
3R29,B,1,1
3R29,B,1,2
3R29,B,1,3
3R29,B,1,4
3R29,B,1,24
3R29,B,1,25
3R29,B,1,26
3R29,B,1,27
3R29,B,1,28
3R29,B,1,29
3R29,B,1,30
3R29,B,1,31
3R29,B,1,32
3R29,B,1,33
3R29,B,1,34
3R29,B,1,35
3R29,B,1,36
3R29,B,1,37
3R29,B,1,38
3R29,B,1,39
3R29,B,1,40
3R29,B,1,234
3R29,B,1,235
3R29,B,1,236
3R29,B,1,237
3R29,B,1,238
3R29,B,1,239
3R29,B,1,240
3R29,D,1,1
3R29,D,1,2
3R29,D,1,3
3R29,D,1,15
3R29,D,1,16
3R2A,A,1,1
3R2A,A,1,2
3R2A,A,1,3
3R2A,A,1,24
3R2A,A,1,25
3R2A,A,1,26
3R2A,A,1,27
3R2A,A,1,28
3R2A,A,1,29
3R2A,A,1,30
3R2A,A,1,31
3R2A,A,1,32
3R2A,A,1,33
3R2A,A,1,34
3R2A,A,1,35
3R2A,A,1,36
3R2A,A,1,37
3R2A,A,1,38
3R2A,A,1,39
3R2A,A,1,40
3R2A,A,1,232
3R2A,A,1,233
3R2A,A,1,234
3R2A,A,1,235
3R2A,A,1,236
3R2A,A,1,237
3R2A,A,1,238
3R2A,A,1,239
3R2A,A,1,240
3R2A,B,1,1
3R2A,B,1,2
3R2A,B,1,3
3R2A,B,1,4
3R2A,B,1,22
3R2A,B,1,23
3R2A,B,1,24
3R2A,B,1,25
3R2A,B,1,26
3R2A,B,1,27
3R2A,B,1,28
3R2A,B,1,29
3R2A,B,1,30
3R2A,B,1,31
3R2A,B,1,32
3R2A,B,1,33
3R2A,B,1,34
3R2A,B,1,35
3R2A,B,1,36
3R2A,B,1,37
3R2A,B,1,38
3R2A,B,1,39
3R2A,B,1,240
3R2A,C,1,1
3R2A,C,1,2
3R2A,C,1,3
3R2A,C,1,4
3R2A,C,1,5
3R2A,C,1,23
3R2A,C,1,24
3R2A,C,1,25
3R2A,C,1,26
3R2A,C,1,27
3R2A,C,1,28
3R2A,C,1,29
3R2A,C,1,30
3R2A,C,1,31
3R2A,C,1,32
3R2A,C,1,33
3R2A,C,1,34
3R2A,C,1,35
3R2A,C,1,36
3R2A,C,1,37
3R2A,C,1,38
3R2A,C,1,39
3R2A,C,1,40
3R2A,C,1,41
3R2A,C,1,42
3R2A,C,1,43
3R2A,C,1,44
3R2A,C,1,45
3R2A,C,1,232
3R2A,C,1,233
3R2A,C,1,234
3R2A,C,1,235
3R2A,C,1,236
3R2A,C,1,237
3R2A,C,1,238
3R2A,C,1,239
3R2A,C,1,240
3R2A,D,1,1
3R2A,D,1,2
3R2A,D,1,3
3R2A,D,1,4
3R2A,D,1,26
3R2A,D,1,27
3R2A,D,1,28
3R2A,D,1,29
3R2A,D,1,30
3R2A,D,1,31
3R2A,D,1,32
3R2A,D,1,33
3R2A,D,1,34
3R2A,D,1,35
3R2A,D,1,36
3R2A,D,1,37
3R2A,D,1,38
3R2A,D,1,39
3R2A,D,1,40
3R2A,D,1,41
3R2A,D,1,240
3R2A,E,1,1
3R2A,E,1,9
3R2A,E,1,10
3R2A,E,1,11
3R2A,E,1,12
3R2A,E,1,13
3R2A,E,1,14
3R2A,E,1,15
3R2A,E,1,16
3R2A,F,1,10
3R2A,F,1,11
3R2A,F,1,12
3R2A,F,1,13
3R2A,F,1,14
3R2A,F,1,15
3R2A,F,1,16
3R5M,A,1,1
3R5M,A,1,2
3R5M,A,1,3
3R5M,A,1,4
3R5M,A,1,23
3R5M,A,1,24
3R5M,A,1,25
3R5M,A,1,26
3R5M,A,1,27
3R5M,A,1,28
3R5M,A,1,29
3R5M,A,1,30
3R5M,A,1,31
3R5M,A,1,32
3R5M,A,1,33
3R5M,A,1,34
3R5M,A,1,35
3R5M,A,1,36
3R5M,A,1,37
3R5M,A,1,38
3R5M,A,1,39
3R5M,A,1,237
3R5M,A,1,238
3R5M,A,1,239
3R5M,A,1,240
3R5M,C,1,1
3R5M,C,1,2
3R5M,C,1,3
3R5M,C,1,4
3R5M,C,1,5
3R5M,C,1,22
3R5M,C,1,23
3R5M,C,1,24
3R5M,C,1,25
3R5M,C,1,26
3R5M,C,1,27
3R5M,C,1,28
3R5M,C,1,29
3R5M,C,1,30
3R5M,C,1,31
3R5M,C,1,32
3R5M,C,1,33
3R5M,C,1,34
3R5M,C,1,35
3R5M,C,1,36
3R5M,C,1,37
3R5M,C,1,38
3R5M,C,1,39
3R5M,C,1,237
3R5M,C,1,238
3R5M,C,1,239
3R5M,C,1,240
3R5N,A,1,1
3R5N,A,1,2
3R5N,A,1,3
3R5N,A,1,39
3R5N,A,1,40
3R5N,A,1,62
3R5N,A,1,63
3R5N,A,1,64
3R5N,A,1,65
3R5N,A,1,66
3R5N,A,1,67
3R5N,A,1,68
3R5N,A,1,69
3R5N,A,1,70
3R5N,A,1,257
3R5N,A,1,258
3R5N,A,1,259
3R5N,A,1,260
3R8A,A,1,1
3R8A,A,1,2
3R8A,A,1,3
3R8A,A,1,4
3R8A,A,1,5
3R8A,A,1,6
3R8A,A,1,7
3R8A,A,1,8
3R8A,A,1,9
3R8A,A,1,10
3R8A,A,1,11
3R8A,A,1,46
3R8A,A,1,47
3R8A,A,1,68
3R8A,A,1,69
3R8A,A,1,70
3R8A,A,1,71
3R8A,A,1,72
3R8A,A,1,73
3R8A,A,1,74
3R8A,A,1,75
3R8A,A,1,76
3R8A,A,1,77
3R8A,A,1,78
3R8A,A,1,276
3R8A,A,1,277
3R8A,A,1,278
3R8A,A,1,279
3R8A,A,1,280
3R8A,A,1,281
3R8A,A,1,282
3R8A,B,1,1
3R8A,B,1,2
3R8A,B,1,3
3R8A,B,1,4
3R8A,B,1,5
3R8A,B,1,6
3R8A,B,1,7
3R8A,B,1,8
3R8A,B,1,9
3R8A,B,1,10
3R8A,B,1,46
3R8A,B,1,47
3R8A,B,1,48
3R8A,B,1,63
3R8A,B,1,64
3R8A,B,1,65
3R8A,B,1,66
3R8A,B,1,67
3R8A,B,1,68
3R8A,B,1,69
3R8A,B,1,70
3R8A,B,1,71
3R8A,B,1,72
3R8A,B,1,73
3R8A,B,1,74
3R8A,B,1,75
3R8A,B,1,76
3R8A,B,1,77
3R8A,B,1,78
3R8A,B,1,79
3R8A,B,1,80
3R8A,B,1,261
3R8A,B,1,262
3R8A,B,1,263
3R8A,B,1,264
3R8A,B,1,265
3R8A,B,1,266
3R8A,B,1,267
3R8A,B,1,268
3R8A,B,1,269
3R8A,B,1,270
3R8A,B,1,281
3R8A,B,1,282
3R8D,A,1,1
3R8D,A,1,2
3R8D,A,1,3
3R8D,A,1,4
3R8D,A,1,5
3R8D,A,1,6
3R8D,A,1,7
3R8D,A,1,8
3R8D,A,1,9
3R8D,A,1,10
3R8D,A,1,11
3R8D,A,1,12
3R8D,A,1,13
3R8D,A,1,14
3R8D,A,1,15
3R8D,A,1,16
3R8D,A,1,17
3R8D,A,1,18
3R8D,A,1,19
3R8D,A,1,20
3R8D,A,1,21
3R8D,A,1,22
3R8D,A,1,23
3R8D,A,1,59
3R8D,A,1,60
3R8D,A,1,61
3R8D,A,1,62
3R8D,A,1,63
3R8D,A,1,64
3R8D,A,1,65
3R8D,A,1,66
3R8D,A,1,67
3R8D,A,1,68
3R8D,A,1,69
3R8D,A,1,70
3R8D,A,1,71
3R8D,A,1,72
3R8D,A,1,73
3R8D,A,1,74
3R8D,A,1,75
3R8D,A,1,76
3R8D,A,1,77
3R8D,A,1,78
3R8D,A,1,79
3R8D,A,1,192
3R8D,A,1,193
3R8D,A,1,194
3R8D,A,1,195
3R8D,A,1,196
3R8D,A,1,314
3R8D,A,1,315
3R8D,A,1,316
3R8I,A,1,1
3R8I,A,1,2
3R8I,A,1,3
3R8I,A,1,4
3R8I,A,1,5
3R8I,A,1,6
3R8I,A,1,7
3R8I,A,1,8
3R8I,A,1,9
3R8I,A,1,10
3R8I,A,1,11
3R8I,A,1,12
3R8I,A,1,13
3R8I,A,1,14
3R8I,A,1,15
3R8I,A,1,16
3R8I,A,1,287
3R8I,B,1,1
3R8I,B,1,2
3R8I,B,1,3
3R8I,B,1,4
3R8I,B,1,5
3R8I,B,1,6
3R8I,B,1,7
3R8I,B,1,8
3R8I,B,1,9
3R8I,B,1,10
3R8I,B,1,11
3R8I,B,1,12
3R8I,B,1,13
3R8I,B,1,14
3R8I,B,1,15
3R8I,B,1,16
3R8I,B,1,264
3R8I,B,1,265
3R8I,B,1,266
3R8I,B,1,267
3R8I,B,1,268
3R8I,B,1,269
3R8I,B,1,270
3R8I,B,1,271
3R8I,B,1,272
3R8I,B,1,273
3R8I,B,1,274
3R8I,B,1,276
3R8I,B,1,277
3R8I,B,1,278
3R8I,B,1,279
3R8I,B,1,280
3R8I,B,1,281
3R8I,B,1,282
3R8I,B,1,283
3R8I,B,1,284
3R8I,B,1,285
3R8I,B,1,286
3R8I,B,1,287
3RLL,A,1,1
3RLL,A,1,174
3RLL,A,1,175
3RLL,A,1,176
3RLL,A,1,177
3RLL,A,1,178
3RLL,A,1,179
3RLL,A,1,180
3RLL,A,1,181
3RVF,A,1,1
3RVF,A,1,2
3RVF,A,1,3
3RVF,A,1,4
3RVF,B,1,1
3RVF,B,1,2
3RVF,B,1,3
3RVF,B,1,4
3RVF,B,1,16
3RVF,B,1,17
3RVF,B,1,18
3RVF,B,1,19
3RVF,B,1,20
3RVF,B,1,21
3S9S,A,1,1
3S9S,A,1,2
3S9S,A,1,3
3S9S,A,1,4
3S9S,A,1,5
3S9S,A,1,6
3S9S,A,1,7
3S9S,A,1,8
3S9S,A,1,9
3S9S,A,1,10
3S9S,A,1,11
3S9S,A,1,12
3S9S,A,1,13
3S9S,A,1,14
3S9S,A,1,47
3S9S,A,1,48
3S9S,A,1,49
3S9S,A,1,50
3S9S,A,1,76
3S9S,A,1,77
3S9S,A,1,78
3S9S,A,1,79
3S9S,A,1,80
3S9S,A,1,81
3S9S,A,1,269
3S9S,A,1,284
3S9S,B,1,1
3S9S,B,1,12
3S9S,B,1,13
3SP6,A,1,1
3SP6,A,1,2
3SP6,A,1,3
3SP6,A,1,4
3SP6,A,1,5
3SP6,A,1,6
3SP6,A,1,7
3SP6,A,1,8
3SP6,A,1,9
3SP6,A,1,10
3SP6,A,1,11
3SP6,A,1,12
3SP6,A,1,47
3SP6,A,1,48
3SP6,A,1,49
3SP6,A,1,53
3SP6,A,1,79
3SP6,A,1,80
3SP6,A,1,81
3SP9,A,1,1
3SP9,A,1,2
3SP9,A,1,3
3SP9,A,1,4
3SP9,A,1,5
3SP9,A,1,6
3SP9,A,1,7
3SP9,A,1,8
3SP9,A,1,9
3SP9,A,1,10
3SP9,A,1,11
3SP9,A,1,12
3SP9,B,1,1
3SP9,B,1,2
3SP9,B,1,3
3SP9,B,1,4
3SP9,B,1,5
3SP9,B,1,6
3SP9,B,1,7
3SP9,B,1,8
3SP9,B,1,9
3SP9,B,1,10
3SP9,B,1,11
3SP9,B,1,12
3SP9,B,1,45
3SP9,B,1,46
3SZ1,A,1,1
3SZ1,A,1,2
3SZ1,A,1,3
3SZ1,A,1,4
3SZ1,A,1,5
3SZ1,A,1,6
3SZ1,A,1,7
3SZ1,A,1,64
3SZ1,A,1,65
3SZ1,A,1,66
3SZ1,A,1,67
3SZ1,A,1,68
3SZ1,A,1,69
3SZ1,A,1,70
3SZ1,A,1,71
3SZ1,A,1,72
3SZ1,A,1,73
3SZ1,A,1,74
3SZ1,A,1,75
3SZ1,A,1,278
3SZ1,B,1,1
3SZ1,B,1,2
3SZ1,B,1,3
3SZ1,B,1,4
3SZ1,B,1,5
3SZ1,B,1,6
3SZ1,B,1,7
3SZ1,B,1,42
3SZ1,B,1,43
3SZ1,B,1,44
3SZ1,B,1,45
3SZ1,B,1,70
3SZ1,B,1,71
3SZ1,B,1,72
3SZ1,B,1,73
3SZ1,B,1,74
3SZ1,B,1,75
3SZ1,B,1,264
3SZ1,B,1,265
3SZ1,B,1,278
3T03,A,1,1
3T03,A,1,2
3T03,A,1,3
3T03,A,1,4
3T03,A,1,5
3T03,A,1,6
3T03,A,1,7
3T03,A,1,8
3T03,A,1,9
3T03,A,1,10
3T03,A,1,11
3T03,A,1,12
3T03,A,1,13
3T03,A,1,14
3T03,A,1,15
3T03,A,1,16
3T03,A,1,75
3T03,A,1,76
3T03,A,1,77
3T03,B,1,1
3T03,B,1,2
3T03,B,1,3
3T03,B,1,4
3T03,B,1,5
3T03,B,1,6
3T03,B,1,7
3T03,B,1,8
3T03,B,1,9
3T03,B,1,10
3T03,B,1,11
3T03,B,1,12
3T03,B,1,13
3T03,B,1,14
3T03,B,1,15
3T03,B,1,16
3T03,B,1,67
3T03,B,1,68
3T03,B,1,69
3T03,B,1,70
3T03,B,1,71
3T03,B,1,72
3T03,B,1,73
3T03,B,1,74
3T03,B,1,75
3T03,B,1,76
3T03,B,1,77
3T03,B,1,78
3T03,B,1,79
3T03,B,1,80
3T03,B,1,81
3T03,B,1,268
3T03,B,1,269
3T03,B,1,270
3T03,B,1,271
3T03,C,1,1
3T03,C,1,2
3T03,C,1,3
3T03,C,1,4
3T03,C,1,13
3T03,C,1,14
3T03,C,1,15
3T03,C,1,16
3T03,C,1,17
3T03,C,1,18
3T03,D,1,1
3T03,D,1,2
3T03,D,1,3
3T03,D,1,4
3T03,D,1,18
3TKC,A,1,1
3TKC,A,1,256
3TKC,A,1,257
3TKC,A,1,258
3TKC,A,1,259
3TKM,A,1,63
3TKM,A,1,64
3TKM,A,1,65
3TKM,A,1,66
3TKM,A,1,67
3TX7,A,1,1
3TX7,A,1,2
3TX7,A,1,3
3TX7,A,1,4
3TX7,A,1,5
3TX7,A,1,6
3TX7,A,1,7
3TX7,A,1,8
3TX7,A,1,9
3TX7,A,1,10
3TX7,A,1,11
3TX7,A,1,413
3TX7,A,1,414
3TX7,A,1,415
3TX7,A,1,416
3TX7,A,1,417
3TX7,A,1,418
3TX7,A,1,419
3TX7,A,1,420
3TX7,A,1,421
3TX7,A,1,422
3TX7,A,1,526
3TX7,A,1,527
3TX7,B,1,1
3TX7,B,1,2
3TX7,B,1,3
3TX7,B,1,4
3TX7,B,1,5
3TX7,B,1,6
3TX7,B,1,7
3TX7,B,1,8
3TX7,B,1,9
3TX7,B,1,10
3TX7,B,1,11
3TX7,B,1,12
3TX7,B,1,13
3TX7,B,1,14
3TX7,B,1,15
3TX7,B,1,16
3TX7,B,1,17
3TX7,B,1,18
3TX7,B,1,19
3TX7,B,1,20
3TX7,B,1,21
3TX7,B,1,22
3TX7,B,1,23
3TX7,B,1,24
3TX7,B,1,25
3TX7,B,1,26
3TX7,B,1,27
3TX7,B,1,28
3TX7,B,1,29
3TX7,B,1,30
3TX7,B,1,31
3TX7,B,1,32
3TX7,B,1,33
3TX7,B,1,34
3TX7,B,1,35
3TX7,B,1,36
3TX7,B,1,37
3TX7,B,1,38
3TX7,B,1,39
3TX7,B,1,40
3TX7,B,1,41
3TX7,B,1,42
3TX7,B,1,43
3TX7,B,1,44
3TX7,B,1,45
3TX7,B,1,46
3TX7,B,1,47
3TX7,B,1,48
3TX7,B,1,49
3TX7,B,1,50
3TX7,B,1,51
3TX7,B,1,52
3TX7,B,1,53
3TX7,B,1,54
3TX7,B,1,55
3TX7,B,1,56
3TX7,B,1,57
3TX7,B,1,58
3TX7,B,1,59
3TX7,B,1,60
3TX7,B,1,61
3TX7,B,1,62
3TX7,B,1,63
3TX7,B,1,64
3TX7,B,1,65
3TX7,B,1,66
3TX7,B,1,67
3TX7,B,1,68
3TX7,B,1,69
3TX7,B,1,70
3TX7,B,1,71
3TX7,B,1,72
3TX7,B,1,73
3TX7,B,1,74
3TX7,B,1,75
3TX7,B,1,76
3TX7,B,1,77
3TX7,B,1,78
3TX7,B,1,79
3TX7,B,1,80
3TX7,B,1,81
3TX7,B,1,82
3TX7,B,1,83
3TX7,B,1,84
3TX7,B,1,85
3TX7,B,1,86
3TX7,B,1,87
3TX7,B,1,88
3TX7,B,1,89
3TX7,B,1,90
3TX7,B,1,91
3TX7,B,1,92
3TX7,B,1,93
3TX7,B,1,94
3TX7,B,1,95
3TX7,B,1,96
3TX7,B,1,97
3TX7,B,1,98
3TX7,B,1,99
3TX7,B,1,100
3TX7,B,1,101
3TX7,B,1,102
3TX7,B,1,103
3TX7,B,1,104
3TX7,B,1,105
3TX7,B,1,106
3TX7,B,1,107
3TX7,B,1,108
3TX7,B,1,109
3TX7,B,1,143
3TX7,B,1,144
3TX7,B,1,145
3TX7,B,1,146
3TX7,B,1,147
3TX7,B,1,148
3TX7,B,1,175
3TX7,B,1,176
3TX7,B,1,177
3TX7,B,1,178
3TX7,B,1,179
3TX7,B,1,180
3TX7,B,1,181
3TX7,B,1,182
3TX7,B,1,183
3TX7,B,1,184
3TX7,B,1,273
3TX7,B,1,274
3TX7,B,1,275
3TX7,B,1,276
3TX7,B,1,277
3TX7,B,1,278
3TX7,B,1,350
3TX7,B,1,351
3TX7,B,1,352
3U9Q,A,1,56
3U9Q,A,1,57
3U9Q,A,1,58
3U9Q,A,1,59
3U9Q,A,1,60
3U9Q,A,1,61
3U9Q,A,1,62
3U9Q,A,1,63
3U9Q,A,1,64
3U9Q,A,1,65
3U9Q,A,1,66
3U9Q,A,1,67
3UU7,A,1,1
3UU7,A,1,2
3UU7,A,1,3
3UU7,A,1,4
3UU7,A,1,161
3UU7,A,1,162
3UU7,A,1,163
3UU7,A,1,164
3UU7,A,1,165
3UU7,A,1,249
3UU7,A,1,250
3UU7,A,1,251
3UU7,B,1,1
3UU7,B,1,2
3UU7,B,1,161
3UU7,B,1,162
3UU7,B,1,163
3UU7,B,1,164
3UU7,B,1,165
3UU7,B,1,166
3UU7,B,1,167
3UU7,B,1,168
3UU7,B,1,169
3UU7,B,1,170
3UU7,B,1,248
3UU7,B,1,249
3UU7,B,1,250
3UU7,B,1,251
3UU7,C,1,1
3UU7,C,1,2
3UU7,C,1,12
3UU7,C,1,13
3UU7,D,1,1
3UU7,D,1,2
3UU7,D,1,12
3UU7,D,1,13
3UUA,A,1,1
3UUA,A,1,2
3UUA,A,1,3
3UUA,A,1,161
3UUA,A,1,162
3UUA,A,1,248
3UUA,A,1,249
3UUA,A,1,250
3UUA,A,1,251
3UUA,B,1,1
3UUA,B,1,2
3UUA,B,1,3
3UUA,B,1,31
3UUA,B,1,32
3UUA,B,1,33
3UUA,B,1,34
3UUA,B,1,161
3UUA,B,1,162
3UUA,B,1,163
3UUA,B,1,164
3UUA,B,1,165
3UUA,B,1,166
3UUA,B,1,167
3UUA,B,1,168
3UUA,B,1,169
3UUA,B,1,170
3UUA,B,1,248
3UUA,B,1,249
3UUA,B,1,250
3UUA,B,1,251
3UUA,C,1,1
3UUA,C,1,2
3UUA,C,1,12
3UUA,C,1,13
3UUA,D,1,1
3UUA,D,1,2
3UUA,D,1,12
3UUA,D,1,13
3UUC,A,1,1
3UUC,A,1,2
3UUC,A,1,3
3UUC,A,1,35
3UUC,A,1,36
3UUC,A,1,37
3UUC,A,1,115
3UUC,A,1,116
3UUC,A,1,117
3UUC,A,1,161
3UUC,A,1,162
3UUC,A,1,163
3UUC,A,1,164
3UUC,A,1,165
3UUC,A,1,166
3UUC,A,1,229
3UUC,A,1,230
3UUC,A,1,231
3UUC,A,1,232
3UUC,A,1,233
3UUC,A,1,234
3UUC,A,1,235
3UUC,A,1,244
3UUC,A,1,245
3UUC,A,1,246
3UUC,A,1,247
3UUC,A,1,248
3UUC,A,1,249
3UUC,A,1,250
3UUC,A,1,251
3UUC,B,1,1
3UUC,B,1,2
3UUC,B,1,3
3UUC,B,1,4
3UUC,B,1,115
3UUC,B,1,116
3UUC,B,1,117
3UUC,B,1,158
3UUC,B,1,159
3UUC,B,1,160
3UUC,B,1,161
3UUC,B,1,162
3UUC,B,1,163
3UUC,B,1,164
3UUC,B,1,165
3UUC,B,1,166
3UUC,B,1,167
3UUC,B,1,228
3UUC,B,1,229
3UUC,B,1,230
3UUC,B,1,231
3UUC,C,1,1
3UUC,C,1,2
3UUC,C,1,3
3UUC,C,1,4
3UUC,C,1,35
3UUC,C,1,36
3UUC,C,1,162
3UUC,C,1,228
3UUC,C,1,229
3UUC,C,1,230
3UUC,C,1,231
3UUC,C,1,232
3UUC,C,1,233
3UUC,C,1,234
3UUC,C,1,235
3UUC,C,1,245
3UUC,C,1,246
3UUC,C,1,247
3UUC,C,1,248
3UUC,C,1,249
3UUC,C,1,250
3UUC,C,1,251
3UUC,D,1,1
3UUC,D,1,2
3UUC,D,1,3
3UUC,D,1,4
3UUC,D,1,5
3UUC,D,1,117
3UUC,D,1,118
3UUC,D,1,159
3UUC,D,1,160
3UUC,D,1,161
3UUC,D,1,162
3UUC,D,1,163
3UUC,D,1,164
3UUC,D,1,165
3UUC,D,1,166
3UUC,D,1,167
3UUC,D,1,229
3UUC,D,1,230
3UUC,D,1,231
3UUD,A,1,1
3UUD,A,1,2
3UUD,A,1,3
3UUD,A,1,161
3UUD,A,1,162
3UUD,A,1,163
3UUD,A,1,249
3UUD,A,1,250
3UUD,A,1,251
3UUD,B,1,1
3UUD,B,1,2
3UUD,B,1,161
3UUD,B,1,162
3UUD,B,1,163
3UUD,B,1,164
3UUD,B,1,165
3UUD,B,1,166
3UUD,B,1,167
3UUD,B,1,168
3UUD,B,1,169
3UUD,B,1,170
3UUD,B,1,250
3UUD,B,1,251
3UUD,C,1,1
3UUD,C,1,2
3UUD,C,1,12
3UUD,C,1,13
3UUD,D,1,12
3UUD,D,1,13
3UVV,A,1,1
3UVV,A,1,2
3UVV,A,1,3
3UVV,A,1,52
3UVV,A,1,53
3UVV,A,1,54
3UVV,A,1,55
3UVV,A,1,56
3UVV,A,1,57
3UVV,A,1,58
3UVV,A,1,59
3UVV,A,1,62
3UVV,A,1,263
3UVV,A,1,264
3UVV,A,1,265
3UVV,B,1,1
3UVV,B,1,2
3UVV,B,1,3
3UVV,B,1,4
3UVV,B,1,5
3UVV,B,1,6
3UVV,B,1,27
3UVV,B,1,28
3UVV,B,1,29
3UVV,B,1,30
3UVV,B,1,31
3UVV,B,1,32
3UVV,B,1,33
3UVV,B,1,34
3UVV,B,1,35
3UVV,B,1,36
3UVV,B,1,37
3UVV,B,1,38
3UVV,B,1,39
3UVV,B,1,40
3UVV,B,1,239
3UVV,B,1,240
3UVV,B,1,241
3UVV,B,1,242
3UVV,B,1,243
3UVV,B,1,244
3V3E,A,1,1
3V3E,A,1,2
3V3E,A,1,3
3V3E,A,1,4
3V3E,A,1,5
3V3E,A,1,6
3V3E,A,1,7
3V3E,A,1,8
3V3E,A,1,9
3V3E,A,1,10
3V3E,A,1,11
3V3E,A,1,199
3V3E,A,1,250
3V3E,A,1,251
3V3E,A,1,252
3V3E,A,1,253
3V3E,A,1,254
3V3E,A,1,255
3V3E,A,1,256
3V3E,A,1,257
3V3E,B,1,1
3V3E,B,1,2
3V3E,B,1,3
3V3E,B,1,4
3V3E,B,1,5
3V3E,B,1,6
3V3E,B,1,7
3V3E,B,1,8
3V3E,B,1,9
3V3E,B,1,10
3V3E,B,1,11
3V3E,B,1,196
3V3E,B,1,197
3V3E,B,1,198
3V3E,B,1,199
3V3E,B,1,250
3V3E,B,1,251
3V3E,B,1,252
3V3E,B,1,253
3V3E,B,1,254
3V3E,B,1,255
3V3E,B,1,256
3V3E,B,1,257
3V3Q,A,1,1
3V3Q,A,1,2
3V3Q,A,1,3
3V3Q,A,1,4
3V3Q,A,1,5
3V3Q,A,1,6
3V3Q,A,1,7
3V3Q,A,1,8
3V3Q,A,1,11
3V3Q,A,1,195
3V3Q,A,1,196
3V3Q,A,1,197
3V3Q,A,1,198
3V3Q,A,1,251
3V3Q,A,1,252
3V3Q,A,1,253
3V3Q,A,1,254
3V3Q,A,1,255
3V3Q,A,1,256
3V3Q,A,1,257
3V3Q,B,1,1
3V3Q,B,1,2
3V3Q,B,1,3
3V3Q,B,1,4
3V3Q,B,1,5
3V3Q,B,1,6
3V3Q,B,1,7
3V3Q,B,1,8
3V3Q,B,1,9
3V3Q,B,1,10
3V3Q,B,1,11
3V3Q,B,1,250
3V3Q,B,1,252
3V3Q,B,1,253
3V3Q,B,1,254
3V3Q,B,1,255
3V3Q,B,1,256
3V3Q,B,1,257
3V49,A,1,1
3V49,A,1,2
3V49,A,1,3
3V49,A,1,4
3V49,A,1,5
3V49,A,1,6
3V49,A,1,7
3V49,A,1,8
3V49,A,1,9
3V49,A,1,10
3V49,A,1,11
3V49,A,1,12
3V49,A,1,13
3V49,A,1,14
3V49,A,1,15
3V49,A,1,16
3V49,A,1,17
3V49,A,1,192
3V49,A,1,193
3V49,A,1,194
3V49,A,1,195
3V49,A,1,196
3V4A,A,1,175
3V4A,A,1,176
3V4A,A,1,177
3V4A,A,1,178
3V4A,A,1,179
3V9T,A,1,1
3V9T,A,1,2
3V9T,A,1,3
3V9T,A,1,4
3V9T,A,1,5
3V9T,A,1,6
3V9T,A,1,7
3V9T,A,1,8
3V9T,A,1,9
3V9T,A,1,10
3V9T,A,1,11
3V9T,A,1,69
3V9T,A,1,70
3V9T,A,1,71
3V9T,A,1,72
3V9T,A,1,73
3V9T,A,1,74
3V9T,A,1,75
3V9T,A,1,76
3V9T,A,1,77
3V9T,A,1,78
3V9T,A,1,79
3V9T,A,1,268
3V9T,A,1,269
3V9T,A,1,283
3V9T,B,1,1
3V9T,B,1,2
3V9T,B,1,3
3V9T,B,1,4
3V9T,B,1,5
3V9T,B,1,6
3V9T,B,1,17
3V9T,B,1,18
3V9T,B,1,19
3V9V,A,1,1
3V9V,A,1,2
3V9V,A,1,3
3V9V,A,1,4
3V9V,A,1,5
3V9V,A,1,6
3V9V,A,1,7
3V9V,A,1,8
3V9V,A,1,9
3V9V,A,1,10
3V9V,A,1,11
3V9V,A,1,12
3V9V,A,1,69
3V9V,A,1,70
3V9V,A,1,71
3V9V,A,1,72
3V9V,A,1,73
3V9V,A,1,74
3V9V,A,1,75
3V9V,A,1,76
3V9V,A,1,77
3V9V,A,1,78
3V9V,A,1,79
3V9V,A,1,80
3V9V,A,1,81
3V9V,B,1,1
3V9V,B,1,2
3V9V,B,1,3
3V9V,B,1,4
3V9V,B,1,5
3V9V,B,1,17
3V9V,B,1,18
3V9V,B,1,19
3V9Y,A,1,1
3V9Y,A,1,2
3V9Y,A,1,3
3V9Y,A,1,4
3V9Y,A,1,5
3V9Y,A,1,6
3V9Y,A,1,7
3V9Y,A,1,8
3V9Y,A,1,9
3V9Y,A,1,10
3V9Y,A,1,11
3V9Y,A,1,12
3V9Y,A,1,71
3V9Y,A,1,72
3V9Y,A,1,73
3V9Y,A,1,74
3V9Y,A,1,75
3V9Y,A,1,76
3V9Y,A,1,77
3V9Y,A,1,78
3V9Y,A,1,79
3V9Y,A,1,80
3V9Y,B,1,12
3V9Y,B,1,13
3V9Y,B,1,14
3V9Y,B,1,15
3VHU,A,1,1
3VHU,A,1,2
3VHU,A,1,3
3VHU,A,1,4
3VHU,A,1,5
3VHU,A,1,6
3VHU,A,1,7
3VHU,A,1,8
3VHU,A,1,9
3VHU,A,1,10
3VHU,A,1,11
3VHU,A,1,12
3VHU,A,1,13
3VHU,A,1,14
3VHU,A,1,15
3VHU,A,1,16
3VHU,A,1,17
3VHU,A,1,18
3VHU,A,1,19
3VHU,A,1,20
3VHU,A,1,21
3VHU,A,1,22
3VHU,A,1,23
3VHU,A,1,24
3VHU,A,1,25
3VHU,A,1,26
3VHU,A,1,27
3VHU,A,1,28
3VHU,A,1,29
3VHU,A,1,30
3VHU,A,1,31
3VHU,A,1,32
3VHU,A,1,33
3VHU,A,1,34
3VHU,A,1,35
3VHU,A,1,36
3VHU,A,1,37
3VHU,A,1,219
3VHU,A,1,220
3VHU,A,1,221
3VHU,A,1,222
3VHU,A,1,223
3VHU,A,1,224
3VHU,A,1,293
3VHU,A,1,294
3VHV,A,1,186
3VHV,A,1,187
3VHV,A,1,188
3VHV,A,1,189
3VHV,A,1,190
3VHW,A,1,1
3VHW,A,1,2
3VHW,A,1,3
3VHW,A,1,4
3VHW,A,1,51
3VHW,A,1,260
3VHW,A,1,261
3VHW,A,1,262
3VHW,A,1,263
3VI8,A,1,1
3VI8,A,1,2
3VI8,A,1,3
3VI8,A,1,4
3VI8,A,1,5
3VI8,A,1,6
3VI8,A,1,36
3VI8,A,1,37
3VI8,A,1,38
3VI8,A,1,39
3VI8,A,1,40
3VI8,A,1,41
3VI8,A,1,42
3VI8,A,1,68
3VI8,A,1,69
3VJH,A,1,1
3VJH,A,1,2
3VJH,A,1,3
3VJH,A,1,4
3VJH,A,1,5
3VJH,A,1,6
3VJH,A,1,7
3VJH,A,1,8
3VJH,A,1,9
3VJH,A,1,10
3VJH,A,1,11
3VJH,A,1,12
3VJH,A,1,72
3VJH,A,1,73
3VJH,A,1,74
3VJH,A,1,75
3VJH,A,1,76
3VJH,A,1,77
3VJH,A,1,78
3VJH,A,1,79
3VJH,A,1,80
3VJH,A,1,81
3VJH,A,1,82
3VJH,A,1,83
3VJH,A,1,84
3VJH,B,1,1
3VJH,B,1,2
3VJH,B,1,3
3VJH,B,1,4
3VJH,B,1,5
3VJH,B,1,6
3VJH,B,1,7
3VJH,B,1,8
3VJH,B,1,9
3VJH,B,1,10
3VJH,B,1,11
3VJH,B,1,12
3VJH,B,1,13
3VJH,B,1,14
3VJH,B,1,15
3VJH,B,1,16
3VJH,B,1,50
3VJH,B,1,51
3VJH,B,1,52
3VJH,B,1,73
3VJH,B,1,74
3VJH,B,1,75
3VJH,B,1,76
3VJH,B,1,77
3VJH,B,1,78
3VJH,B,1,79
3VJH,B,1,80
3VJH,B,1,81
3VJH,B,1,82
3VJH,B,1,83
3VJH,B,1,84
3VJH,B,1,270
3VJH,B,1,271
3VJH,B,1,272
3VJH,B,1,273
3VJH,B,1,274
3VJH,B,1,275
3VJH,B,1,284
3VJH,B,1,285
3VJH,B,1,286
3VJI,A,1,1
3VJI,A,1,2
3VJI,A,1,3
3VJI,A,1,4
3VJI,A,1,5
3VJI,A,1,6
3VJI,A,1,7
3VJI,A,1,8
3VJI,A,1,9
3VJI,A,1,10
3VJI,A,1,11
3VJI,A,1,12
3VJI,A,1,72
3VJI,A,1,73
3VJI,A,1,74
3VJI,A,1,75
3VJI,A,1,76
3VJI,A,1,77
3VJI,A,1,78
3VJI,A,1,79
3VJI,A,1,80
3VJI,A,1,81
3VJI,A,1,82
3VJI,A,1,83
3VJI,B,1,1
3VJI,B,1,2
3VJI,B,1,3
3VJI,B,1,4
3VJI,B,1,5
3VJI,B,1,6
3VJI,B,1,7
3VJI,B,1,8
3VJI,B,1,9
3VJI,B,1,10
3VJI,B,1,11
3VJI,B,1,12
3VJI,B,1,13
3VJI,B,1,14
3VJI,B,1,15
3VJI,B,1,16
3VJI,B,1,50
3VJI,B,1,51
3VJI,B,1,52
3VJI,B,1,73
3VJI,B,1,74
3VJI,B,1,75
3VJI,B,1,76
3VJI,B,1,77
3VJI,B,1,78
3VJI,B,1,79
3VJI,B,1,80
3VJI,B,1,81
3VJI,B,1,82
3VJI,B,1,83
3VJI,B,1,84
3VJI,B,1,269
3VJI,B,1,270
3VJI,B,1,271
3VJI,B,1,272
3VJI,B,1,273
3VJI,B,1,274
3VJI,B,1,275
3VJI,B,1,284
3VJI,B,1,285
3VJI,B,1,286
3VN2,A,1,1
3VN2,A,1,2
3VN2,A,1,3
3VN2,A,1,4
3VN2,A,1,5
3VN2,A,1,6
3VN2,A,1,7
3VN2,A,1,8
3VN2,A,1,9
3VN2,A,1,10
3VN2,A,1,11
3VN2,A,1,12
3VN2,A,1,13
3VN2,A,1,14
3VN2,A,1,71
3VN2,A,1,72
3VN2,A,1,73
3VN2,A,1,74
3VN2,A,1,75
3VN2,A,1,76
3VN2,A,1,77
3VN2,A,1,78
3VN2,A,1,79
3VN2,A,1,80
3VN2,B,1,1
3VN2,B,1,13
3VN2,B,1,14
3VN2,B,1,15
3VN2,B,1,16
3VSO,A,1,1
3VSO,A,1,2
3VSO,A,1,3
3VSO,A,1,4
3VSO,A,1,5
3VSO,A,1,6
3VSO,A,1,7
3VSO,A,1,8
3VSO,A,1,9
3VSO,A,1,10
3VSO,A,1,11
3VSO,A,1,12
3VSO,A,1,13
3VSO,A,1,14
3VSO,A,1,75
3VSO,A,1,76
3VSO,A,1,77
3VSO,A,1,78
3VSO,A,1,79
3VSO,A,1,80
3VSO,A,1,81
3VSO,A,1,82
3VSO,A,1,83
3VSO,B,1,1
3VSO,B,1,2
3VSO,B,1,3
3VSO,B,1,4
3VSO,B,1,5
3VSO,B,1,6
3VSO,B,1,7
3VSO,B,1,8
3VSO,B,1,9
3VSO,B,1,10
3VSO,B,1,11
3VSO,B,1,12
3VSO,B,1,13
3VSO,B,1,14
3VSO,B,1,15
3VSO,B,1,16
3VSO,B,1,52
3VSO,B,1,53
3VSO,B,1,54
3VSO,B,1,81
3VSO,B,1,82
3VSO,B,1,83
3VSO,B,1,84
3VSO,B,1,284
3VSO,B,1,285
3VSO,B,1,286
3VSP,A,1,1
3VSP,A,1,2
3VSP,A,1,3
3VSP,A,1,4
3VSP,A,1,5
3VSP,A,1,6
3VSP,A,1,7
3VSP,A,1,8
3VSP,A,1,9
3VSP,A,1,10
3VSP,A,1,11
3VSP,A,1,12
3VSP,A,1,75
3VSP,A,1,76
3VSP,A,1,77
3VSP,A,1,78
3VSP,A,1,79
3VSP,A,1,80
3VSP,A,1,81
3VSP,A,1,82
3VSP,A,1,83
3VSP,B,1,1
3VSP,B,1,2
3VSP,B,1,3
3VSP,B,1,4
3VSP,B,1,5
3VSP,B,1,6
3VSP,B,1,7
3VSP,B,1,8
3VSP,B,1,9
3VSP,B,1,10
3VSP,B,1,11
3VSP,B,1,12
3VSP,B,1,13
3VSP,B,1,14
3VSP,B,1,15
3VSP,B,1,16
3VSP,B,1,52
3VSP,B,1,53
3VSP,B,1,54
3VSP,B,1,80
3VSP,B,1,81
3VSP,B,1,82
3VSP,B,1,83
3VSP,B,1,84
3VSP,B,1,284
3VSP,B,1,285
3VSP,B,1,286
3W0A,A,1,205
3W0A,A,1,206
3W0A,A,1,207
3W0C,A,1,205
3W0C,A,1,206
3W0C,A,1,207
3W0Y,A,1,205
3W0Y,A,1,206
3W0Y,A,1,207
3WFF,A,1,1
3WFF,A,1,2
3WFF,A,1,3
3WFF,A,1,4
3WFF,A,1,5
3WFF,A,1,6
3WFF,A,1,7
3WFF,A,1,8
3WFF,A,1,9
3WFF,A,1,10
3WFF,A,1,11
3WFF,A,1,12
3WFF,A,1,13
3WFF,A,1,14
3WFF,A,1,15
3WFF,A,1,16
3WFF,A,1,17
3WFG,A,1,1
3WFG,A,1,2
3WFG,A,1,3
3WFG,A,1,4
3WFG,A,1,5
3WFG,A,1,6
3WFG,A,1,7
3WFG,A,1,8
3WFG,A,1,9
3WFG,A,1,10
3WFG,A,1,11
3WFG,A,1,12
3WFG,A,1,13
3WFG,A,1,14
3WFG,A,1,15
3WFG,A,1,16
3WFG,A,1,17
3WFG,A,1,18
3WFG,A,1,19
3WFG,A,1,20
3WFG,A,1,21
3WFG,A,1,22
3WFG,A,1,23
3WFG,A,1,24
3WFG,A,1,25
3WFG,A,1,275
3WGP,A,1,205
3WGP,A,1,206
3WGP,A,1,207
3WJ4,A,1,1
3WJ4,A,1,2
3WJ4,A,1,3
3WJ4,A,1,40
3WJ4,A,1,41
3WJ4,A,1,42
3WJ4,A,1,62
3WJ4,A,1,63
3WJ4,A,1,64
3WJ4,A,1,65
3WJ4,A,1,66
3WJ4,A,1,67
3WJ4,A,1,68
3WJ4,A,1,69
3WJ4,A,1,70
3WJ4,A,1,71
3WJ4,A,1,72
3WJ4,A,1,274
3WJ4,A,1,275
3WJ4,A,1,276
3WJ4,B,1,40
3WJ4,B,1,41
3WJ4,B,1,42
3WJ4,B,1,66
3WJ4,B,1,67
3WJ4,B,1,68
3WJ4,B,1,69
3WJ4,B,1,70
3WJ4,B,1,71
3WJ4,B,1,72
3WJ4,B,1,73
3WJ4,B,1,262
3WJ4,B,1,263
3WJ4,B,1,264
3WJ4,B,1,275
3WJ4,B,1,276
3WJ5,A,1,1
3WJ5,A,1,2
3WJ5,A,1,3
3WJ5,A,1,40
3WJ5,A,1,41
3WJ5,A,1,42
3WJ5,A,1,62
3WJ5,A,1,63
3WJ5,A,1,64
3WJ5,A,1,65
3WJ5,A,1,66
3WJ5,A,1,67
3WJ5,A,1,68
3WJ5,A,1,69
3WJ5,A,1,70
3WJ5,A,1,71
3WJ5,A,1,72
3WJ5,A,1,276
3WJ5,B,1,40
3WJ5,B,1,41
3WJ5,B,1,42
3WJ5,B,1,66
3WJ5,B,1,67
3WJ5,B,1,68
3WJ5,B,1,69
3WJ5,B,1,70
3WJ5,B,1,71
3WJ5,B,1,72
3WJ5,B,1,73
3WJ5,B,1,260
3WJ5,B,1,261
3WJ5,B,1,262
3WJ5,B,1,263
3WJ5,B,1,264
3WJ5,B,1,275
3WJ5,B,1,276
3WMH,A,1,1
3WMH,A,1,2
3WMH,A,1,3
3WMH,A,1,4
3WMH,A,1,5
3WMH,A,1,6
3WMH,A,1,7
3WMH,A,1,8
3WMH,A,1,9
3WMH,A,1,10
3WMH,A,1,11
3WMH,A,1,12
3WMH,A,1,13
3WMH,A,1,14
3WMH,A,1,77
3WMH,A,1,78
3WMH,A,1,79
3WMH,A,1,80
3WMH,A,1,81
3WMH,A,1,82
3WMH,A,1,83
3WMH,A,1,84
3WMH,B,1,1
3WMH,B,1,2
3WMH,B,1,3
3WMH,B,1,4
3WMH,B,1,5
3WMH,B,1,6
3WMH,B,1,7
3WMH,B,1,8
3WMH,B,1,9
3WMH,B,1,10
3WMH,B,1,11
3WMH,B,1,12
3WMH,B,1,13
3WMH,B,1,14
3WMH,B,1,15
3WMH,B,1,16
3WMH,B,1,51
3WMH,B,1,52
3WMH,B,1,53
3WMH,B,1,77
3WMH,B,1,78
3WMH,B,1,79
3WMH,B,1,80
3WMH,B,1,81
3WMH,B,1,82
3WMH,B,1,83
3WMH,B,1,84
3WMH,B,1,284
3WMH,B,1,285
3WMH,B,1,286
3WWR,A,1,1
3WWR,A,1,2
3WWR,A,1,3
3WWR,A,1,4
3WWR,A,1,51
3WWR,A,1,260
3WWR,A,1,261
3WWR,A,1,262
3WWR,A,1,263
3X1H,A,1,1
3X1H,A,1,2
3X1H,A,1,3
3X1H,A,1,4
3X1H,A,1,5
3X1H,A,1,62
3X1H,A,1,63
3X1H,A,1,64
3X1H,A,1,65
3X1H,A,1,66
3X1H,A,1,67
3X1H,A,1,68
3X1H,A,1,69
3X1H,A,1,70
3X1H,A,1,71
3X1H,A,1,72
3X1H,A,1,73
3X1H,A,1,274
3X1H,A,1,275
3X1H,A,1,276
3X1H,B,1,1
3X1H,B,1,2
3X1H,B,1,3
3X1H,B,1,4
3X1H,B,1,5
3X1H,B,1,6
3X1H,B,1,40
3X1H,B,1,41
3X1H,B,1,69
3X1H,B,1,70
3X1H,B,1,71
3X1H,B,1,72
3X1H,B,1,73
3X1H,B,1,259
3X1H,B,1,260
3X1H,B,1,261
3X1H,B,1,262
3X1H,B,1,263
3X1H,B,1,264
3X1H,B,1,274
3X1H,B,1,275
3X1H,B,1,276
3X1I,A,1,1
3X1I,A,1,2
3X1I,A,1,3
3X1I,A,1,4
3X1I,A,1,39
3X1I,A,1,62
3X1I,A,1,63
3X1I,A,1,64
3X1I,A,1,65
3X1I,A,1,66
3X1I,A,1,67
3X1I,A,1,68
3X1I,A,1,69
3X1I,A,1,70
3X1I,A,1,71
3X1I,A,1,72
3X1I,A,1,73
3X1I,A,1,275
3X1I,A,1,276
3X1I,B,1,1
3X1I,B,1,2
3X1I,B,1,3
3X1I,B,1,4
3X1I,B,1,5
3X1I,B,1,6
3X1I,B,1,7
3X1I,B,1,8
3X1I,B,1,40
3X1I,B,1,41
3X1I,B,1,58
3X1I,B,1,59
3X1I,B,1,60
3X1I,B,1,61
3X1I,B,1,62
3X1I,B,1,63
3X1I,B,1,64
3X1I,B,1,65
3X1I,B,1,66
3X1I,B,1,67
3X1I,B,1,68
3X1I,B,1,69
3X1I,B,1,70
3X1I,B,1,71
3X1I,B,1,72
3X1I,B,1,73
3X1I,B,1,74
3X1I,B,1,258
3X1I,B,1,259
3X1I,B,1,260
3X1I,B,1,261
3X1I,B,1,262
3X1I,B,1,263
3X1I,B,1,264
3X1I,B,1,265
3X1I,B,1,273
3X1I,B,1,274
3X1I,B,1,275
3X1I,B,1,276
3X31,A,1,1
3X31,A,1,2
3X31,A,1,3
3X31,A,1,4
3X31,A,1,51
3X31,A,1,260
3X31,A,1,261
3X31,A,1,262
3X31,A,1,263
3X36,A,1,1
3X36,A,1,2
3X36,A,1,3
3X36,A,1,4
3X36,A,1,51
3X36,A,1,260
3X36,A,1,261
3X36,A,1,262
3X36,A,1,263
3ZQT,A,1,1
3ZQT,A,1,2
3ZQT,A,1,3
3ZQT,A,1,4
3ZQT,A,1,5
3ZQT,A,1,6
3ZR7,A,1,1
3ZR7,A,1,2
3ZR7,A,1,3
3ZR7,A,1,4
3ZR7,A,1,5
3ZR7,A,1,6
3ZR7,A,1,7
3ZR7,A,1,8
3ZR7,A,1,9
3ZR7,A,1,260
3ZR7,B,1,1
3ZR7,B,1,2
3ZR7,B,1,3
3ZR7,B,1,4
3ZR7,B,1,5
3ZR7,B,1,6
3ZR7,B,1,7
3ZR7,B,1,8
3ZR7,B,1,9
3ZR7,B,1,33
3ZR7,B,1,34
3ZR7,B,1,35
3ZR7,B,1,36
3ZR7,B,1,260
3ZRA,A,1,1
3ZRA,A,1,2
3ZRA,A,1,3
3ZRA,A,1,4
3ZRA,A,1,5
3ZRA,A,1,6
3ZRA,A,1,7
3ZRA,A,1,8
3ZRA,A,1,9
3ZRA,A,1,260
3ZRA,B,1,1
3ZRA,B,1,2
3ZRA,B,1,3
3ZRA,B,1,4
3ZRA,B,1,5
3ZRA,B,1,6
3ZRA,B,1,7
3ZRA,B,1,8
3ZRA,B,1,9
3ZRA,B,1,260
3ZRB,A,1,1
3ZRB,A,1,2
3ZRB,A,1,3
3ZRB,A,1,4
3ZRB,A,1,5
3ZRB,A,1,6
3ZRB,A,1,7
3ZRB,A,1,8
3ZRB,A,1,9
3ZRB,A,1,260
3ZRB,B,1,1
3ZRB,B,1,2
3ZRB,B,1,3
3ZRB,B,1,4
3ZRB,B,1,5
3ZRB,B,1,6
3ZRB,B,1,7
3ZRB,B,1,8
3ZRB,B,1,9
3ZRB,B,1,260
4A2J,A,1,1
4A2J,A,1,2
4A2J,A,1,3
4A2J,A,1,4
4A2J,A,1,5
4A2J,A,1,6
4A2J,A,1,7
4A2J,A,1,8
4A2J,A,1,9
4A2J,A,1,260
4A2J,B,1,1
4A2J,B,1,2
4A2J,B,1,3
4A2J,B,1,4
4A2J,B,1,5
4A2J,B,1,6
4A2J,B,1,7
4A2J,B,1,8
4A2J,B,1,9
4A2J,B,1,260
4A4V,A,1,1
4A4V,A,1,2
4A4V,A,1,3
4A4V,A,1,4
4A4V,A,1,5
4A4V,A,1,6
4A4V,A,1,7
4A4V,A,1,8
4A4V,A,1,9
4A4V,A,1,10
4A4V,A,1,11
4A4V,A,1,12
4A4V,A,1,73
4A4V,A,1,74
4A4V,A,1,75
4A4V,A,1,76
4A4V,A,1,77
4A4V,A,1,78
4A4V,A,1,79
4A4V,A,1,80
4A4V,A,1,81
4A4V,A,1,82
4A4V,A,1,83
4A4V,B,1,1
4A4V,B,1,2
4A4V,B,1,3
4A4V,B,1,4
4A4V,B,1,5
4A4V,B,1,6
4A4V,B,1,7
4A4V,B,1,8
4A4V,B,1,9
4A4V,B,1,10
4A4V,B,1,11
4A4V,B,1,12
4A4V,B,1,13
4A4V,B,1,14
4A4V,B,1,15
4A4V,B,1,81
4A4V,B,1,82
4A4V,B,1,83
4A4V,B,1,84
4A4V,B,1,285
4A4V,B,1,286
4A4V,B,1,287
4A4W,A,1,1
4A4W,A,1,2
4A4W,A,1,3
4A4W,A,1,4
4A4W,A,1,5
4A4W,A,1,6
4A4W,A,1,7
4A4W,A,1,8
4A4W,A,1,9
4A4W,A,1,10
4A4W,A,1,11
4A4W,A,1,12
4A4W,A,1,72
4A4W,A,1,73
4A4W,A,1,74
4A4W,A,1,75
4A4W,A,1,76
4A4W,A,1,77
4A4W,A,1,78
4A4W,A,1,79
4A4W,A,1,80
4A4W,A,1,81
4A4W,A,1,82
4A4W,A,1,83
4A4W,B,1,1
4A4W,B,1,2
4A4W,B,1,3
4A4W,B,1,4
4A4W,B,1,5
4A4W,B,1,6
4A4W,B,1,7
4A4W,B,1,8
4A4W,B,1,9
4A4W,B,1,10
4A4W,B,1,11
4A4W,B,1,12
4A4W,B,1,13
4A4W,B,1,14
4A4W,B,1,15
4A4W,B,1,80
4A4W,B,1,81
4A4W,B,1,82
4A4W,B,1,83
4A4W,B,1,84
4A4W,B,1,285
4A4W,B,1,286
4A4W,B,1,287
4APU,A,1,1
4APU,A,1,2
4APU,A,1,3
4APU,A,1,4
4APU,A,1,5
4APU,A,1,6
4APU,A,1,7
4APU,A,1,8
4APU,A,1,9
4APU,A,1,260
4APU,B,1,1
4APU,B,1,2
4APU,B,1,3
4APU,B,1,4
4APU,B,1,5
4APU,B,1,6
4APU,B,1,7
4APU,B,1,8
4APU,B,1,9
4APU,B,1,260
4B7W,A,1,1
4B7W,A,1,2
4B7W,A,1,3
4B7W,A,1,4
4B7W,A,1,5
4B7W,A,1,6
4B7W,A,1,7
4B7W,A,1,8
4B7W,A,1,9
4B7W,A,1,10
4B7W,A,1,11
4B7W,A,1,12
4B7W,A,1,13
4B7W,A,1,14
4B7W,A,1,15
4B7W,A,1,16
4B7W,A,1,17
4B7W,A,1,18
4B7W,A,1,19
4B7W,A,1,20
4B7W,A,1,21
4B7W,A,1,22
4B7W,A,1,23
4B7W,A,1,24
4B7W,A,1,25
4B7W,A,1,26
4B7W,A,1,27
4B7W,A,1,28
4B7W,A,1,29
4B7W,A,1,30
4B7W,A,1,31
4B7W,A,1,32
4B7W,A,1,33
4B7W,A,1,34
4B7W,A,1,35
4B7W,A,1,36
4B7W,A,1,239
4B7W,B,1,1
4B7W,B,1,2
4B7W,B,1,3
4B7W,B,1,4
4B7W,B,1,5
4B7W,B,1,6
4B7W,B,1,7
4B7W,B,1,8
4B7W,B,1,9
4B7W,B,1,10
4B7W,B,1,11
4B7W,B,1,12
4B7W,B,1,13
4B7W,B,1,14
4B7W,B,1,15
4B7W,B,1,16
4B7W,B,1,17
4B7W,B,1,18
4B7W,B,1,19
4B7W,B,1,20
4B7W,B,1,21
4B7W,B,1,22
4B7W,B,1,23
4B7W,B,1,24
4B7W,B,1,25
4B7W,B,1,26
4B7W,B,1,27
4B7W,B,1,28
4B7W,B,1,29
4B7W,B,1,30
4B7W,B,1,31
4B7W,B,1,32
4B7W,B,1,33
4B7W,B,1,34
4B7W,B,1,35
4B7W,B,1,36
4B7W,B,1,37
4B7W,B,1,38
4B7W,B,1,239
4B7W,C,1,1
4B7W,C,1,2
4B7W,C,1,3
4B7W,C,1,4
4B7W,C,1,5
4B7W,C,1,6
4B7W,C,1,7
4B7W,C,1,8
4B7W,C,1,9
4B7W,C,1,10
4B7W,C,1,11
4B7W,C,1,12
4B7W,C,1,13
4B7W,C,1,14
4B7W,C,1,15
4B7W,C,1,16
4B7W,C,1,17
4B7W,C,1,18
4B7W,C,1,19
4B7W,C,1,20
4B7W,C,1,21
4B7W,C,1,22
4B7W,C,1,23
4B7W,C,1,24
4B7W,C,1,25
4B7W,C,1,26
4B7W,C,1,27
4B7W,C,1,28
4B7W,C,1,29
4B7W,C,1,30
4B7W,C,1,31
4B7W,C,1,32
4B7W,C,1,33
4B7W,C,1,34
4B7W,C,1,35
4B7W,C,1,36
4B7W,C,1,239
4B7W,D,1,1
4B7W,D,1,2
4B7W,D,1,3
4B7W,D,1,4
4B7W,D,1,5
4B7W,D,1,6
4B7W,D,1,7
4B7W,D,1,8
4B7W,D,1,9
4B7W,D,1,10
4B7W,D,1,11
4B7W,D,1,12
4B7W,D,1,13
4B7W,D,1,14
4B7W,D,1,15
4B7W,D,1,16
4B7W,D,1,17
4B7W,D,1,18
4B7W,D,1,19
4B7W,D,1,20
4B7W,D,1,21
4B7W,D,1,22
4B7W,D,1,23
4B7W,D,1,24
4B7W,D,1,25
4B7W,D,1,26
4B7W,D,1,27
4B7W,D,1,28
4B7W,D,1,29
4B7W,D,1,30
4B7W,D,1,31
4B7W,D,1,32
4B7W,D,1,33
4B7W,D,1,34
4B7W,D,1,35
4B7W,D,1,36
4B7W,D,1,37
4B7W,D,1,38
4B7W,D,1,239
4BCR,A,1,1
4BCR,A,1,2
4BCR,A,1,3
4BCR,A,1,4
4BCR,A,1,5
4BCR,A,1,6
4BCR,A,1,7
4BCR,A,1,8
4BCR,A,1,9
4BCR,A,1,273
4BCR,A,1,274
4BCR,B,1,1
4BCR,B,1,37
4BCR,B,1,38
4BCR,B,1,39
4BCR,B,1,40
4BCR,B,1,41
4BCR,B,1,42
4BCR,B,1,43
4BCR,B,1,274
4CI4,A,1,1
4CI4,A,1,2
4CI4,A,1,3
4CI4,A,1,4
4CI4,A,1,5
4CI4,A,1,6
4CI4,A,1,7
4CI4,A,1,8
4CI4,A,1,9
4CI4,A,1,37
4CI4,A,1,38
4CI4,A,1,39
4CI4,A,1,40
4CI4,A,1,41
4CI4,A,1,42
4CI4,A,1,62
4CI4,A,1,63
4CI4,A,1,64
4CI4,A,1,65
4CI4,A,1,66
4CI4,A,1,67
4CI4,A,1,68
4CI4,A,1,69
4CI4,A,1,70
4CI4,A,1,71
4CI4,A,1,274
4CI5,A,1,58
4CI5,A,1,59
4CI5,A,1,60
4CI5,A,1,61
4CI5,A,1,62
4CI5,A,1,63
4CI5,A,1,64
4CI5,A,1,65
4CI5,A,1,66
4CI5,A,1,67
4CI5,A,1,68
4CI5,A,1,69
4CI5,B,1,1
4CI5,B,1,35
4CI5,B,1,36
4CI5,B,1,37
4CI5,B,1,38
4CI5,B,1,39
4CI5,B,1,65
4CI5,B,1,66
4CI5,B,1,67
4CI5,B,1,68
4CI5,B,1,69
4CI5,B,1,70
4CSJ,A,1,1
4CSJ,A,1,2
4CSJ,A,1,3
4CSJ,A,1,4
4CSJ,A,1,5
4CSJ,A,1,6
4CSJ,A,1,7
4CSJ,A,1,8
4CSJ,A,1,9
4CSJ,A,1,10
4CSJ,A,1,11
4CSJ,A,1,12
4CSJ,A,1,13
4CSJ,A,1,14
4CSJ,A,1,15
4CSJ,A,1,16
4CSJ,A,1,17
4CSJ,A,1,18
4CSJ,A,1,19
4CSJ,A,1,20
4CSJ,A,1,21
4CSJ,A,1,22
4CSJ,A,1,23
4CSJ,A,1,24
4CSJ,A,1,25
4CSJ,A,1,26
4CSJ,A,1,27
4CSJ,A,1,28
4CSJ,A,1,29
4CSJ,A,1,30
4CSJ,A,1,31
4CSJ,A,1,32
4CSJ,A,1,280
4DK7,A,1,1
4DK7,A,1,2
4DK7,A,1,31
4DK7,A,1,32
4DK7,A,1,33
4DK7,A,1,41
4DK7,A,1,42
4DK7,A,1,43
4DK7,A,1,44
4DK7,A,1,45
4DK7,A,1,246
4DK7,A,1,247
4DK7,C,1,1
4DK7,C,1,2
4DK7,C,1,3
4DK7,C,1,4
4DK7,C,1,28
4DK7,C,1,29
4DK7,C,1,30
4DK7,C,1,31
4DK7,C,1,32
4DK7,C,1,41
4DK7,C,1,42
4DK7,C,1,43
4DK7,C,1,44
4DK7,C,1,45
4DK7,C,1,46
4DK7,C,1,47
4DK7,C,1,246
4DK7,C,1,247
4DK8,A,1,1
4DK8,A,1,2
4DK8,A,1,3
4DK8,A,1,31
4DK8,A,1,32
4DK8,A,1,33
4DK8,A,1,40
4DK8,A,1,41
4DK8,A,1,42
4DK8,A,1,43
4DK8,A,1,44
4DK8,A,1,245
4DK8,A,1,246
4DK8,A,1,247
4DK8,C,1,1
4DK8,C,1,2
4DK8,C,1,3
4DK8,C,1,4
4DK8,C,1,28
4DK8,C,1,29
4DK8,C,1,30
4DK8,C,1,31
4DK8,C,1,32
4DK8,C,1,41
4DK8,C,1,42
4DK8,C,1,43
4DK8,C,1,44
4DK8,C,1,45
4DK8,C,1,46
4DK8,C,1,47
4DK8,C,1,246
4DK8,C,1,247
4DM6,A,1,1
4DM6,A,1,2
4DM6,A,1,3
4DM6,A,1,4
4DM6,A,1,5
4DM6,A,1,6
4DM6,A,1,7
4DM6,A,1,8
4DM6,A,1,9
4DM6,A,1,10
4DM6,A,1,11
4DM6,A,1,12
4DM6,A,1,13
4DM6,A,1,14
4DM6,A,1,15
4DM6,A,1,16
4DM6,A,1,17
4DM6,A,1,18
4DM6,A,1,19
4DM6,A,1,20
4DM6,A,1,21
4DM6,A,1,262
4DM6,A,1,263
4DM6,A,1,264
4DM6,A,1,265
4DM6,A,1,266
4DM6,A,1,267
4DM6,B,1,1
4DM6,B,1,2
4DM6,B,1,3
4DM6,B,1,4
4DM6,B,1,5
4DM6,B,1,6
4DM6,B,1,7
4DM6,B,1,8
4DM6,B,1,9
4DM6,B,1,10
4DM6,B,1,11
4DM6,B,1,12
4DM6,B,1,13
4DM6,B,1,14
4DM6,B,1,15
4DM6,B,1,16
4DM6,B,1,17
4DM6,B,1,18
4DM6,B,1,19
4DM6,B,1,20
4DM6,B,1,21
4DM6,B,1,22
4DM6,B,1,23
4DM6,B,1,263
4DM6,B,1,264
4DM6,B,1,265
4DM6,B,1,266
4DM6,B,1,267
4DM6,C,1,1
4DM6,C,1,2
4DM6,C,1,3
4DM6,C,1,4
4DM6,C,1,5
4DM6,C,1,6
4DM6,C,1,7
4DM6,C,1,8
4DM6,C,1,9
4DM6,C,1,10
4DM6,C,1,22
4DM6,C,1,23
4DM6,C,1,24
4DM6,C,1,25
4DM6,D,1,1
4DM6,D,1,2
4DM6,D,1,3
4DM6,D,1,4
4DM6,D,1,5
4DM6,D,1,6
4DM6,D,1,7
4DM6,D,1,8
4DM6,D,1,9
4DM6,D,1,10
4DM6,D,1,23
4DM6,D,1,24
4DM6,D,1,25
4DM8,A,1,1
4DM8,A,1,2
4DM8,A,1,3
4DM8,A,1,4
4DM8,A,1,5
4DM8,A,1,6
4DM8,A,1,7
4DM8,A,1,8
4DM8,A,1,9
4DM8,A,1,10
4DM8,A,1,11
4DM8,A,1,12
4DM8,A,1,13
4DM8,A,1,14
4DM8,A,1,15
4DM8,A,1,16
4DM8,A,1,17
4DM8,A,1,18
4DM8,A,1,19
4DM8,A,1,20
4DM8,A,1,21
4DM8,A,1,59
4DM8,A,1,213
4DM8,A,1,214
4DM8,A,1,215
4DM8,A,1,216
4DM8,A,1,262
4DM8,A,1,263
4DM8,A,1,264
4DM8,A,1,265
4DM8,A,1,266
4DM8,A,1,267
4DM8,B,1,1
4DM8,B,1,2
4DM8,B,1,3
4DM8,B,1,4
4DM8,B,1,5
4DM8,B,1,6
4DM8,B,1,7
4DM8,B,1,8
4DM8,B,1,9
4DM8,B,1,10
4DM8,B,1,11
4DM8,B,1,12
4DM8,B,1,13
4DM8,B,1,14
4DM8,B,1,15
4DM8,B,1,16
4DM8,B,1,17
4DM8,B,1,18
4DM8,B,1,19
4DM8,B,1,20
4DM8,B,1,21
4DM8,B,1,22
4DM8,B,1,23
4DM8,B,1,263
4DM8,B,1,264
4DM8,B,1,265
4DM8,B,1,266
4DM8,B,1,267
4DM8,C,1,1
4DM8,C,1,2
4DM8,C,1,3
4DM8,C,1,4
4DM8,C,1,5
4DM8,C,1,6
4DM8,C,1,7
4DM8,C,1,8
4DM8,C,1,9
4DM8,C,1,10
4DM8,C,1,11
4DM8,C,1,12
4DM8,C,1,21
4DM8,C,1,22
4DM8,C,1,23
4DM8,C,1,24
4DM8,C,1,25
4DM8,D,1,1
4DM8,D,1,2
4DM8,D,1,3
4DM8,D,1,4
4DM8,D,1,5
4DM8,D,1,6
4DM8,D,1,7
4DM8,D,1,8
4DM8,D,1,9
4DM8,D,1,10
4DM8,D,1,11
4DM8,D,1,12
4DM8,D,1,21
4DM8,D,1,22
4DM8,D,1,23
4DM8,D,1,24
4DM8,D,1,25
4DMA,A,1,1
4DMA,A,1,2
4DMA,A,1,160
4DMA,A,1,161
4DMA,A,1,162
4DMA,A,1,163
4DMA,A,1,164
4DMA,A,1,165
4DMA,A,1,166
4DMA,B,1,160
4DMA,B,1,161
4DMA,B,1,162
4DMA,B,1,163
4DMA,B,1,164
4DMA,B,1,165
4DMA,B,1,166
4DMA,B,1,167
4DMA,B,1,168
4DMA,B,1,169
4DMA,B,1,170
4DMA,B,1,247
4DMA,C,1,1
4DMA,C,1,13
4DMA,C,1,14
4DMA,C,1,15
4DMA,D,1,13
4DMA,D,1,14
4DMA,D,1,15
4DOR,A,1,1
4DOR,A,1,2
4DOR,A,1,3
4DOR,A,1,4
4DOR,A,1,5
4DOR,A,1,6
4DOR,A,1,7
4DOR,A,1,8
4DOR,A,1,9
4DOR,A,1,10
4DOR,A,1,11
4DOR,A,1,12
4DOR,A,1,13
4DOR,A,1,112
4DOR,A,1,113
4DOR,A,1,114
4DOR,A,1,115
4DOR,A,1,116
4DOR,A,1,117
4DOR,A,1,118
4DOR,A,1,119
4DOR,A,1,120
4DOR,A,1,121
4DOR,A,1,122
4DOR,A,1,123
4DOR,A,1,124
4DOR,A,1,125
4DOR,A,1,126
4DOR,A,1,127
4DOR,A,1,128
4DOR,A,1,129
4DOR,A,1,130
4DOR,A,1,131
4DOR,A,1,132
4DOR,A,1,133
4DOR,A,1,134
4DOR,A,1,253
4DOR,A,1,254
4DOR,A,1,255
4DOR,B,1,1
4DOR,B,1,2
4DOR,B,1,3
4DOR,B,1,4
4DOR,B,1,5
4DOR,B,1,6
4DOR,B,1,7
4DOR,B,1,8
4DOR,B,1,9
4DOR,B,1,10
4DOR,B,1,11
4DOR,B,1,12
4DOR,B,1,13
4DOR,B,1,254
4DOR,B,1,255
4DOR,C,1,1
4DOR,C,1,14
4DOR,D,1,1
4DOR,D,1,2
4DOR,D,1,3
4DOR,D,1,14
4DOS,B,1,1
4DOS,B,1,2
4DOS,B,1,13
4DOS,B,1,14
4DOS,C,1,1
4DOS,C,1,13
4DOS,C,1,14
4E4K,A,1,1
4E4K,A,1,2
4E4K,A,1,3
4E4K,A,1,4
4E4K,A,1,5
4E4K,A,1,6
4E4K,A,1,7
4E4K,A,1,8
4E4K,A,1,9
4E4K,A,1,10
4E4K,A,1,11
4E4K,A,1,12
4E4K,A,1,13
4E4K,A,1,14
4E4K,A,1,15
4E4K,A,1,16
4E4K,A,1,285
4E4K,A,1,286
4E4K,A,1,287
4E4K,B,1,1
4E4K,B,1,2
4E4K,B,1,3
4E4K,B,1,4
4E4K,B,1,5
4E4K,B,1,6
4E4K,B,1,7
4E4K,B,1,8
4E4K,B,1,9
4E4K,B,1,10
4E4K,B,1,11
4E4K,B,1,12
4E4K,B,1,13
4E4K,B,1,14
4E4K,B,1,15
4E4K,B,1,16
4E4K,B,1,69
4E4K,B,1,70
4E4K,B,1,167
4E4K,B,1,285
4E4K,B,1,286
4E4K,B,1,287
4E4Q,A,1,1
4E4Q,A,1,2
4E4Q,A,1,3
4E4Q,A,1,4
4E4Q,A,1,5
4E4Q,A,1,6
4E4Q,A,1,7
4E4Q,A,1,8
4E4Q,A,1,9
4E4Q,A,1,10
4E4Q,A,1,11
4E4Q,A,1,12
4E4Q,A,1,13
4E4Q,A,1,14
4E4Q,A,1,15
4E4Q,A,1,16
4E4Q,A,1,285
4E4Q,A,1,286
4E4Q,A,1,287
4E4Q,B,1,1
4E4Q,B,1,2
4E4Q,B,1,3
4E4Q,B,1,4
4E4Q,B,1,5
4E4Q,B,1,6
4E4Q,B,1,7
4E4Q,B,1,8
4E4Q,B,1,9
4E4Q,B,1,10
4E4Q,B,1,11
4E4Q,B,1,12
4E4Q,B,1,13
4E4Q,B,1,14
4E4Q,B,1,15
4E4Q,B,1,16
4E4Q,B,1,69
4E4Q,B,1,70
4E4Q,B,1,167
4E4Q,B,1,285
4E4Q,B,1,286
4E4Q,B,1,287
4EM9,A,1,1
4EM9,A,1,2
4EM9,A,1,3
4EM9,A,1,4
4EM9,A,1,60
4EM9,A,1,61
4EM9,A,1,62
4EM9,A,1,63
4EM9,A,1,64
4EM9,A,1,65
4EM9,A,1,66
4EM9,A,1,67
4EM9,A,1,68
4EM9,A,1,69
4EM9,A,1,70
4EM9,A,1,71
4EM9,B,1,1
4EM9,B,1,2
4EM9,B,1,3
4EM9,B,1,4
4EM9,B,1,38
4EM9,B,1,39
4EM9,B,1,40
4EM9,B,1,41
4EM9,B,1,42
4EM9,B,1,59
4EM9,B,1,60
4EM9,B,1,61
4EM9,B,1,66
4EM9,B,1,67
4EM9,B,1,68
4EM9,B,1,69
4EM9,B,1,70
4EM9,B,1,71
4EM9,B,1,72
4EM9,B,1,73
4EM9,B,1,254
4EM9,B,1,255
4EM9,B,1,256
4EM9,B,1,257
4EM9,B,1,258
4EM9,B,1,259
4EM9,B,1,260
4EM9,B,1,261
4EM9,B,1,262
4EM9,B,1,273
4EM9,B,1,274
4EM9,B,1,275
4EMA,A,1,1
4EMA,A,1,2
4EMA,A,1,3
4EMA,A,1,4
4EMA,A,1,59
4EMA,A,1,60
4EMA,A,1,61
4EMA,A,1,62
4EMA,A,1,63
4EMA,A,1,64
4EMA,A,1,65
4EMA,A,1,66
4EMA,A,1,67
4EMA,A,1,68
4EMA,A,1,69
4EMA,A,1,70
4EMA,A,1,71
4EMA,A,1,72
4EMA,A,1,73
4EMA,B,1,1
4EMA,B,1,2
4EMA,B,1,3
4EMA,B,1,4
4EMA,B,1,38
4EMA,B,1,39
4EMA,B,1,40
4EMA,B,1,59
4EMA,B,1,60
4EMA,B,1,61
4EMA,B,1,62
4EMA,B,1,63
4EMA,B,1,64
4EMA,B,1,65
4EMA,B,1,66
4EMA,B,1,67
4EMA,B,1,68
4EMA,B,1,69
4EMA,B,1,70
4EMA,B,1,71
4EMA,B,1,72
4EMA,B,1,73
4EMA,B,1,254
4EMA,B,1,255
4EMA,B,1,256
4EMA,B,1,257
4EMA,B,1,258
4EMA,B,1,259
4EMA,B,1,273
4EMA,B,1,274
4EMA,B,1,275
4F9M,A,1,1
4F9M,A,1,2
4F9M,A,1,3
4F9M,A,1,4
4F9M,A,1,5
4F9M,A,1,6
4F9M,A,1,7
4F9M,A,1,8
4F9M,A,1,9
4F9M,A,1,10
4F9M,A,1,11
4F9M,A,1,12
4F9M,A,1,71
4F9M,A,1,72
4F9M,A,1,73
4F9M,A,1,74
4F9M,A,1,75
4F9M,A,1,76
4F9M,A,1,77
4F9M,A,1,78
4F9M,A,1,79
4F9M,A,1,80
4F9M,B,1,1
4F9M,B,1,13
4F9M,B,1,14
4F9M,B,1,15
4FGY,A,1,56
4FGY,A,1,57
4FGY,A,1,58
4FGY,A,1,59
4FGY,A,1,60
4G2I,A,1,1
4G2I,A,1,2
4G2I,A,1,207
4G2I,A,1,208
4G2I,A,1,209
4G2I,A,1,256
4G2I,A,1,257
4G2I,A,1,258
4G2I,A,1,259
4HEE,A,1,1
4HEE,A,1,2
4HEE,A,1,3
4HEE,A,1,4
4HEE,A,1,5
4HEE,A,1,6
4HEE,A,1,7
4HEE,A,1,8
4HEE,A,1,9
4HEE,A,1,10
4HEE,A,1,11
4HEE,A,1,12
4HEE,A,1,13
4HEE,A,1,46
4HEE,A,1,47
4HEE,A,1,48
4HEE,A,1,67
4HEE,A,1,68
4HEE,A,1,69
4HEE,A,1,70
4HEE,A,1,71
4HEE,A,1,72
4HEE,A,1,73
4HEE,A,1,74
4HEE,A,1,75
4HEE,A,1,76
4HEE,A,1,77
4HEE,A,1,78
4HEE,A,1,79
4HEE,A,1,80
4HEE,A,1,282
4HEE,B,1,1
4HEE,B,1,2
4HEE,B,1,3
4HEE,B,1,4
4HEE,B,1,5
4HEE,B,1,6
4HEE,B,1,7
4HEE,B,1,8
4HEE,B,1,25
4HLW,A,1,1
4HLW,A,1,2
4HLW,A,1,3
4HLW,A,1,4
4HLW,A,1,5
4HLW,A,1,6
4HLW,A,1,181
4HLW,A,1,182
4HLW,A,1,183
4HLW,A,1,184
4HLW,A,1,185
4HLW,A,1,186
4IQR,A,1,1
4IQR,A,1,2
4IQR,A,1,3
4IQR,A,1,4
4IQR,A,1,5
4IQR,A,1,6
4IQR,A,1,7
4IQR,A,1,8
4IQR,A,1,9
4IQR,A,1,10
4IQR,A,1,11
4IQR,A,1,12
4IQR,A,1,13
4IQR,A,1,14
4IQR,A,1,15
4IQR,A,1,16
4IQR,A,1,17
4IQR,A,1,18
4IQR,A,1,95
4IQR,A,1,96
4IQR,A,1,97
4IQR,A,1,98
4IQR,A,1,99
4IQR,A,1,100
4IQR,A,1,101
4IQR,A,1,102
4IQR,A,1,103
4IQR,A,1,104
4IQR,A,1,105
4IQR,A,1,106
4IQR,A,1,107
4IQR,A,1,108
4IQR,A,1,109
4IQR,A,1,110
4IQR,A,1,111
4IQR,A,1,112
4IQR,B,1,1
4IQR,B,1,2
4IQR,B,1,3
4IQR,B,1,4
4IQR,B,1,5
4IQR,B,1,6
4IQR,B,1,7
4IQR,B,1,8
4IQR,B,1,9
4IQR,B,1,10
4IQR,B,1,11
4IQR,B,1,12
4IQR,B,1,13
4IQR,B,1,14
4IQR,B,1,15
4IQR,B,1,16
4IQR,B,1,17
4IQR,B,1,18
4IQR,B,1,124
4IQR,B,1,125
4IQR,B,1,126
4IQR,B,1,127
4IQR,B,1,128
4IQR,B,1,129
4IQR,B,1,130
4IQR,B,1,131
4IQR,B,1,132
4IQR,B,1,133
4IQR,B,1,134
4IQR,B,1,135
4IQR,E,1,1
4IQR,E,1,2
4IQR,E,1,3
4IQR,E,1,4
4IQR,E,1,5
4IQR,E,1,6
4IQR,E,1,7
4IQR,E,1,8
4IQR,E,1,9
4IQR,E,1,10
4IQR,E,1,11
4IQR,E,1,12
4IQR,E,1,13
4IQR,E,1,14
4IQR,E,1,15
4IQR,E,1,16
4IQR,E,1,17
4IQR,E,1,18
4IQR,E,1,94
4IQR,E,1,95
4IQR,E,1,96
4IQR,E,1,97
4IQR,E,1,98
4IQR,E,1,99
4IQR,E,1,100
4IQR,E,1,101
4IQR,E,1,102
4IQR,E,1,103
4IQR,E,1,104
4IQR,E,1,105
4IQR,E,1,106
4IQR,E,1,107
4IQR,E,1,108
4IQR,E,1,109
4IQR,E,1,110
4IQR,F,1,1
4IQR,F,1,2
4IQR,F,1,3
4IQR,F,1,4
4IQR,F,1,5
4IQR,F,1,6
4IQR,F,1,7
4IQR,F,1,8
4IQR,F,1,9
4IQR,F,1,10
4IQR,F,1,11
4IQR,F,1,12
4IQR,F,1,13
4IQR,F,1,14
4IQR,F,1,15
4IQR,F,1,16
4IQR,F,1,17
4IQR,F,1,18
4IQR,F,1,125
4IQR,F,1,126
4IQR,F,1,127
4IQR,F,1,128
4IQR,F,1,129
4IQR,F,1,130
4IQR,I,1,1
4IQR,I,1,2
4IQR,I,1,3
4IQR,I,1,12
4IQR,I,1,13
4IQR,J,1,1
4IQR,J,1,2
4IQR,J,1,13
4IQR,K,1,1
4IQR,K,1,2
4IQR,K,1,3
4IQR,K,1,12
4IQR,K,1,13
4IQR,L,1,1
4IQR,L,1,2
4IQR,L,1,3
4IQR,L,1,12
4IQR,L,1,13
4IS8,A,1,33
4IS8,A,1,34
4IS8,A,1,35
4IS8,A,1,36
4IS8,A,1,37
4IS8,A,1,38
4IS8,A,1,229
4IS8,A,1,230
4IS8,A,1,231
4IS8,B,1,33
4IS8,B,1,34
4IS8,B,1,35
4IS8,B,1,36
4IS8,B,1,37
4IS8,B,1,38
4IS8,B,1,229
4IS8,B,1,230
4IS8,B,1,231
4ITE,A,1,1
4ITE,A,1,2
4ITE,A,1,3
4ITE,A,1,4
4ITE,A,1,50
4ITE,A,1,51
4ITE,A,1,260
4ITE,A,1,261
4ITE,A,1,262
4ITE,A,1,263
4ITF,A,1,1
4ITF,A,1,2
4ITF,A,1,3
4ITF,A,1,4
4ITF,A,1,50
4ITF,A,1,51
4ITF,A,1,260
4ITF,A,1,261
4ITF,A,1,262
4ITF,A,1,263
4IU7,A,1,1
4IU7,A,1,160
4IU7,A,1,161
4IU7,A,1,162
4IU7,A,1,163
4IU7,A,1,164
4IU7,A,1,165
4IU7,A,1,166
4IU7,A,1,167
4IU7,A,1,168
4IU7,A,1,169
4IU7,A,1,247
4IU7,B,1,1
4IU7,B,1,2
4IU7,B,1,112
4IU7,B,1,113
4IU7,B,1,158
4IU7,B,1,159
4IU7,B,1,160
4IU7,B,1,161
4IU7,B,1,162
4IU7,B,1,163
4IU7,D,1,1
4IUI,A,1,1
4IUI,A,1,2
4IUI,A,1,29
4IUI,A,1,30
4IUI,A,1,31
4IUI,A,1,32
4IUI,A,1,33
4IUI,A,1,34
4IUI,A,1,35
4IUI,A,1,36
4IUI,A,1,115
4IUI,A,1,116
4IUI,A,1,117
4IUI,A,1,118
4IUI,A,1,158
4IUI,A,1,159
4IUI,A,1,160
4IUI,A,1,161
4IUI,A,1,162
4IUI,A,1,163
4IUI,A,1,164
4IUI,A,1,165
4IUI,A,1,166
4IUI,A,1,167
4IUI,A,1,168
4IUI,A,1,169
4IUI,A,1,170
4IUI,A,1,171
4IUI,A,1,172
4IUI,A,1,229
4IUI,A,1,230
4IUI,A,1,231
4IUI,A,1,232
4IUI,A,1,233
4IUI,A,1,234
4IUI,A,1,247
4IUI,B,1,1
4IUI,C,1,1
4IUI,C,1,2
4IUI,C,1,3
4IUI,C,1,4
4IUI,C,1,5
4IUI,C,1,34
4IUI,C,1,35
4IUI,C,1,36
4IUI,C,1,37
4IUI,C,1,111
4IUI,C,1,112
4IUI,C,1,113
4IUI,C,1,114
4IUI,C,1,115
4IUI,C,1,116
4IUI,C,1,117
4IUI,C,1,118
4IUI,C,1,159
4IUI,C,1,160
4IUI,C,1,161
4IUI,C,1,162
4IUI,C,1,163
4IUI,C,1,164
4IUI,C,1,165
4IUI,C,1,166
4IUI,C,1,167
4IUI,D,1,1
4IV2,A,1,1
4IV2,A,1,2
4IV2,A,1,158
4IV2,A,1,159
4IV2,A,1,160
4IV2,A,1,161
4IV2,A,1,162
4IV2,A,1,163
4IV2,A,1,164
4IV2,A,1,165
4IV2,A,1,166
4IV2,A,1,167
4IV2,A,1,168
4IV2,A,1,169
4IV2,A,1,170
4IV2,A,1,247
4IV2,B,1,1
4IV2,B,1,2
4IV2,B,1,112
4IV2,B,1,113
4IV2,B,1,158
4IV2,B,1,159
4IV2,B,1,160
4IV2,B,1,161
4IV2,B,1,247
4IV2,D,1,1
4IV4,A,1,1
4IV4,A,1,2
4IV4,A,1,28
4IV4,A,1,29
4IV4,A,1,30
4IV4,A,1,31
4IV4,A,1,160
4IV4,A,1,161
4IV4,A,1,162
4IV4,A,1,163
4IV4,A,1,164
4IV4,A,1,165
4IV4,A,1,166
4IV4,A,1,167
4IV4,A,1,168
4IV4,A,1,169
4IV4,A,1,231
4IV4,A,1,247
4IV4,B,1,1
4IV4,B,1,2
4IV4,B,1,115
4IV4,B,1,116
4IV4,B,1,117
4IV4,B,1,118
4IV4,B,1,157
4IV4,B,1,158
4IV4,B,1,159
4IV4,B,1,160
4IV4,B,1,161
4IV4,B,1,162
4IV4,B,1,163
4IV4,B,1,164
4IV4,B,1,247
4IV4,D,1,1
4IVW,A,1,159
4IVW,A,1,160
4IVW,A,1,161
4IVW,A,1,162
4IVW,A,1,163
4IVW,A,1,164
4IVW,A,1,165
4IVW,A,1,166
4IVW,A,1,167
4IVW,A,1,168
4IVW,A,1,169
4IVW,A,1,170
4IVW,A,1,247
4IVW,C,1,1
4IVW,C,1,114
4IVW,C,1,115
4IVW,C,1,160
4IVW,C,1,161
4IVW,C,1,162
4IVW,C,1,163
4IVW,C,1,164
4IVW,C,1,247
4IVW,D,1,1
4IVY,A,1,1
4IVY,A,1,113
4IVY,A,1,114
4IVY,A,1,115
4IVY,A,1,158
4IVY,A,1,159
4IVY,A,1,160
4IVY,A,1,161
4IVY,A,1,162
4IVY,A,1,163
4IVY,A,1,164
4IVY,A,1,165
4IVY,A,1,166
4IVY,A,1,167
4IVY,A,1,168
4IVY,A,1,169
4IVY,A,1,170
4IVY,A,1,247
4IVY,C,1,1
4IVY,C,1,2
4IVY,C,1,114
4IVY,C,1,115
4IVY,C,1,116
4IVY,C,1,117
4IVY,C,1,118
4IVY,C,1,159
4IVY,C,1,160
4IVY,C,1,161
4IVY,C,1,162
4IVY,C,1,163
4IVY,C,1,164
4IVY,C,1,165
4IVY,C,1,247
4IVY,D,1,1
4IW6,A,1,1
4IW6,A,1,159
4IW6,A,1,160
4IW6,A,1,161
4IW6,A,1,162
4IW6,A,1,163
4IW6,A,1,164
4IW6,A,1,165
4IW6,A,1,166
4IW6,A,1,167
4IW6,A,1,168
4IW6,A,1,169
4IW6,A,1,170
4IW6,A,1,247
4IW6,C,1,1
4IW6,C,1,2
4IW6,C,1,113
4IW6,C,1,114
4IW6,C,1,115
4IW6,C,1,160
4IW6,C,1,161
4IW6,C,1,162
4IW6,C,1,163
4IW6,C,1,164
4IW6,C,1,165
4IW6,C,1,247
4IW6,D,1,1
4IW8,A,1,1
4IW8,A,1,2
4IW8,A,1,117
4IW8,A,1,118
4IW8,A,1,160
4IW8,A,1,161
4IW8,A,1,162
4IW8,A,1,247
4IW8,D,1,1
4IW8,D,1,159
4IW8,D,1,160
4IW8,D,1,161
4IW8,D,1,162
4IW8,D,1,163
4IW8,D,1,164
4IW8,D,1,165
4IW8,D,1,166
4IW8,D,1,167
4IW8,D,1,168
4IW8,D,1,169
4IW8,D,1,170
4IW8,D,1,247
4IWC,A,1,1
4IWC,A,1,2
4IWC,A,1,160
4IWC,A,1,161
4IWC,A,1,162
4IWC,A,1,163
4IWC,A,1,164
4IWC,A,1,165
4IWC,A,1,166
4IWC,A,1,167
4IWC,A,1,247
4IWC,B,1,1
4IWC,B,1,2
4IWC,B,1,161
4IWC,B,1,162
4IWC,B,1,230
4IWC,B,1,231
4IWC,B,1,232
4IWC,D,1,1
4IWF,A,1,1
4IWF,A,1,2
4IWF,A,1,160
4IWF,A,1,161
4IWF,A,1,162
4IWF,A,1,163
4IWF,A,1,164
4IWF,A,1,165
4IWF,A,1,166
4IWF,A,1,167
4IWF,A,1,247
4IWF,B,1,1
4IWF,B,1,2
4IWF,B,1,3
4IWF,B,1,31
4IWF,B,1,32
4IWF,B,1,33
4IWF,B,1,34
4IWF,B,1,159
4IWF,B,1,160
4IWF,B,1,161
4IWF,B,1,162
4IWF,B,1,163
4IWF,B,1,164
4IWF,B,1,165
4IWF,B,1,166
4IWF,B,1,167
4IWF,B,1,168
4IWF,B,1,169
4IWF,B,1,247
4IWF,D,1,1
4J24,A,1,1
4J24,A,1,150
4J24,A,1,151
4J24,A,1,152
4J24,A,1,153
4J24,A,1,154
4J24,A,1,155
4J24,A,1,156
4J24,A,1,157
4J24,A,1,158
4J24,A,1,159
4J24,A,1,160
4J24,A,1,161
4J24,A,1,239
4J24,A,1,240
4J24,B,1,151
4J24,B,1,152
4J24,B,1,153
4J24,B,1,154
4J24,B,1,155
4J24,B,1,156
4J24,B,1,157
4J24,B,1,158
4J24,B,1,159
4J24,B,1,160
4J24,B,1,239
4J24,B,1,240
4J24,C,1,1
4J24,C,1,150
4J24,C,1,151
4J24,C,1,152
4J24,C,1,153
4J24,C,1,154
4J24,C,1,155
4J24,C,1,156
4J24,C,1,157
4J24,C,1,158
4J24,C,1,159
4J24,C,1,160
4J24,C,1,161
4J24,C,1,239
4J24,C,1,240
4J24,D,1,1
4J24,D,1,2
4J24,D,1,3
4J24,D,1,150
4J24,D,1,151
4J24,D,1,152
4J24,D,1,153
4J24,D,1,154
4J24,D,1,155
4J24,D,1,156
4J24,D,1,157
4J24,D,1,158
4J24,D,1,159
4J24,D,1,160
4J24,D,1,161
4J24,D,1,162
4J24,D,1,238
4J24,D,1,239
4J24,D,1,240
4J24,E,1,1
4J24,E,1,2
4J24,E,1,3
4J24,E,1,16
4J24,E,1,17
4J24,E,1,18
4J24,E,1,19
4J24,F,1,1
4J24,F,1,2
4J24,F,1,3
4J24,F,1,16
4J24,F,1,17
4J24,F,1,18
4J24,F,1,19
4J24,G,1,1
4J24,G,1,2
4J24,G,1,3
4J24,G,1,15
4J24,G,1,16
4J24,G,1,17
4J24,G,1,18
4J24,G,1,19
4J24,H,1,1
4J24,H,1,2
4J24,H,1,3
4J24,H,1,14
4J24,H,1,15
4J24,H,1,16
4J24,H,1,17
4J24,H,1,18
4J24,H,1,19
4J26,A,1,150
4J26,A,1,151
4J26,A,1,152
4J26,A,1,153
4J26,A,1,154
4J26,A,1,155
4J26,A,1,156
4J26,A,1,157
4J26,A,1,158
4J26,A,1,159
4J26,A,1,239
4J26,A,1,240
4J26,C,1,151
4J26,C,1,152
4J26,C,1,153
4J26,C,1,154
4J26,C,1,155
4J26,C,1,156
4J26,C,1,157
4J26,C,1,158
4J26,C,1,159
4J26,C,1,239
4J26,C,1,240
4J26,D,1,11
4J26,D,1,12
4J5W,A,1,1
4J5W,A,1,2
4J5W,A,1,3
4J5W,A,1,4
4J5W,A,1,5
4J5W,A,1,6
4J5W,A,1,7
4J5W,A,1,8
4J5W,A,1,9
4J5W,A,1,10
4J5W,A,1,11
4J5W,A,1,12
4J5W,A,1,13
4J5W,A,1,14
4J5W,A,1,52
4J5W,A,1,53
4J5W,A,1,54
4J5W,A,1,55
4J5W,A,1,56
4J5W,A,1,57
4J5W,A,1,58
4J5W,A,1,59
4J5W,A,1,60
4J5W,A,1,61
4J5W,A,1,62
4J5W,A,1,63
4J5W,A,1,64
4J5W,A,1,65
4J5W,A,1,66
4J5W,A,1,187
4J5W,A,1,188
4J5W,A,1,307
4J5W,A,1,308
4J5W,A,1,309
4J5W,A,1,310
4J5W,A,1,311
4J5W,A,1,312
4J5W,A,1,313
4J5W,A,1,314
4J5W,A,1,315
4J5W,A,1,316
4J5W,A,1,336
4J5W,B,1,1
4J5W,B,1,2
4J5W,B,1,3
4J5W,B,1,4
4J5W,B,1,5
4J5W,B,1,6
4J5W,B,1,7
4J5W,B,1,8
4J5W,B,1,9
4J5W,B,1,10
4J5W,B,1,11
4J5W,B,1,12
4J5W,B,1,13
4J5W,B,1,14
4J5W,B,1,52
4J5W,B,1,53
4J5W,B,1,54
4J5W,B,1,55
4J5W,B,1,56
4J5W,B,1,57
4J5W,B,1,58
4J5W,B,1,59
4J5W,B,1,60
4J5W,B,1,61
4J5W,B,1,62
4J5W,B,1,63
4J5W,B,1,64
4J5W,B,1,65
4J5W,B,1,66
4J5W,B,1,186
4J5W,B,1,187
4J5W,B,1,188
4J5W,B,1,307
4J5W,B,1,308
4J5W,B,1,309
4J5W,B,1,310
4J5W,B,1,311
4J5W,B,1,312
4J5W,B,1,313
4J5W,B,1,314
4J5W,B,1,315
4J5W,B,1,316
4J5W,B,1,336
4J5W,C,1,20
4J5W,C,1,21
4J5W,C,1,22
4J5W,C,1,23
4J5W,C,1,24
4J5W,C,1,25
4J5W,C,1,26
4J5W,C,1,27
4J5W,C,1,28
4J5W,C,1,29
4J5W,C,1,30
4J5W,C,1,31
4J5W,C,1,32
4J5W,C,1,33
4J5W,C,1,34
4J5W,C,1,232
4J5W,C,1,233
4J5W,C,1,234
4J5W,C,1,235
4J5W,C,1,236
4J5W,C,1,237
4J5W,C,1,238
4J5W,C,1,239
4J5W,C,1,240
4J5W,C,1,241
4J5W,C,1,242
4J5W,C,1,243
4J5W,C,1,244
4J5W,C,1,245
4J5W,C,1,246
4J5W,C,1,247
4J5W,C,1,248
4J5W,C,1,249
4J5W,C,1,250
4J5W,C,1,261
4J5W,C,1,262
4J5W,C,1,263
4J5W,C,1,264
4J5W,D,1,20
4J5W,D,1,21
4J5W,D,1,22
4J5W,D,1,23
4J5W,D,1,24
4J5W,D,1,25
4J5W,D,1,26
4J5W,D,1,27
4J5W,D,1,28
4J5W,D,1,29
4J5W,D,1,30
4J5W,D,1,31
4J5W,D,1,32
4J5W,D,1,33
4J5W,D,1,34
4J5W,D,1,232
4J5W,D,1,233
4J5W,D,1,234
4J5W,D,1,235
4J5W,D,1,236
4J5W,D,1,237
4J5W,D,1,238
4J5W,D,1,239
4J5W,D,1,240
4J5W,D,1,241
4J5W,D,1,242
4J5W,D,1,243
4J5W,D,1,244
4J5W,D,1,245
4J5W,D,1,246
4J5W,D,1,247
4J5W,D,1,248
4J5W,D,1,249
4J5W,D,1,261
4J5W,D,1,262
4J5W,D,1,263
4J5W,D,1,264
4J5X,A,1,1
4J5X,A,1,32
4J5X,A,1,33
4J5X,A,1,34
4J5X,A,1,233
4J5X,A,1,234
4J5X,A,1,235
4J5X,A,1,236
4J5X,A,1,237
4J5X,A,1,238
4J5X,A,1,239
4J5X,A,1,240
4J5X,A,1,241
4J5X,A,1,242
4J5X,A,1,243
4J5X,A,1,244
4J5X,A,1,245
4J5X,A,1,246
4J5X,A,1,247
4J5X,A,1,248
4J5X,A,1,249
4J5X,A,1,261
4J5X,A,1,262
4J5X,A,1,263
4J5X,A,1,264
4J5X,B,1,1
4J5X,B,1,31
4J5X,B,1,32
4J5X,B,1,33
4J5X,B,1,34
4J5X,B,1,233
4J5X,B,1,234
4J5X,B,1,235
4J5X,B,1,236
4J5X,B,1,237
4J5X,B,1,238
4J5X,B,1,239
4J5X,B,1,240
4J5X,B,1,241
4J5X,B,1,242
4J5X,B,1,243
4J5X,B,1,244
4J5X,B,1,245
4J5X,B,1,246
4J5X,B,1,247
4J5X,B,1,248
4J5X,B,1,249
4J5X,B,1,261
4J5X,B,1,262
4J5X,B,1,263
4J5X,B,1,264
4J5X,C,1,1
4J5X,C,1,2
4J5X,C,1,3
4J5X,C,1,4
4J5X,C,1,5
4J5X,C,1,6
4J5X,C,1,7
4J5X,C,1,8
4J5X,C,1,9
4J5X,C,1,10
4J5X,C,1,11
4J5X,C,1,12
4J5X,C,1,13
4J5X,C,1,14
4J5X,C,1,52
4J5X,C,1,53
4J5X,C,1,54
4J5X,C,1,55
4J5X,C,1,56
4J5X,C,1,57
4J5X,C,1,58
4J5X,C,1,59
4J5X,C,1,60
4J5X,C,1,61
4J5X,C,1,62
4J5X,C,1,63
4J5X,C,1,64
4J5X,C,1,65
4J5X,C,1,307
4J5X,C,1,308
4J5X,C,1,309
4J5X,C,1,310
4J5X,C,1,311
4J5X,C,1,312
4J5X,C,1,313
4J5X,C,1,314
4J5X,C,1,315
4J5X,C,1,316
4J5X,C,1,317
4J5X,C,1,333
4J5X,C,1,334
4J5X,C,1,335
4J5X,C,1,336
4J5X,D,1,1
4J5X,D,1,2
4J5X,D,1,3
4J5X,D,1,4
4J5X,D,1,5
4J5X,D,1,6
4J5X,D,1,7
4J5X,D,1,8
4J5X,D,1,9
4J5X,D,1,10
4J5X,D,1,11
4J5X,D,1,12
4J5X,D,1,52
4J5X,D,1,53
4J5X,D,1,54
4J5X,D,1,55
4J5X,D,1,56
4J5X,D,1,57
4J5X,D,1,58
4J5X,D,1,59
4J5X,D,1,60
4J5X,D,1,61
4J5X,D,1,62
4J5X,D,1,63
4J5X,D,1,64
4J5X,D,1,65
4J5X,D,1,187
4J5X,D,1,188
4J5X,D,1,189
4J5X,D,1,190
4J5X,D,1,306
4J5X,D,1,307
4J5X,D,1,308
4J5X,D,1,309
4J5X,D,1,310
4J5X,D,1,311
4J5X,D,1,312
4J5X,D,1,313
4J5X,D,1,314
4J5X,D,1,315
4J5X,D,1,316
4J5X,D,1,335
4J5X,D,1,336
4JAZ,A,1,1
4JAZ,A,1,2
4JAZ,A,1,3
4JAZ,A,1,4
4JAZ,A,1,5
4JAZ,A,1,6
4JAZ,A,1,7
4JAZ,A,1,8
4JAZ,A,1,9
4JAZ,A,1,10
4JAZ,A,1,11
4JAZ,A,1,12
4JAZ,A,1,13
4JAZ,A,1,14
4JAZ,A,1,15
4JAZ,A,1,16
4JAZ,A,1,285
4JAZ,A,1,286
4JAZ,A,1,287
4JAZ,B,1,1
4JAZ,B,1,2
4JAZ,B,1,3
4JAZ,B,1,4
4JAZ,B,1,5
4JAZ,B,1,6
4JAZ,B,1,7
4JAZ,B,1,8
4JAZ,B,1,9
4JAZ,B,1,10
4JAZ,B,1,11
4JAZ,B,1,12
4JAZ,B,1,13
4JAZ,B,1,14
4JAZ,B,1,15
4JAZ,B,1,16
4JAZ,B,1,69
4JAZ,B,1,70
4JAZ,B,1,167
4JAZ,B,1,284
4JAZ,B,1,285
4JAZ,B,1,286
4JAZ,B,1,287
4JGV,A,1,1
4JGV,A,1,2
4JGV,A,1,3
4JGV,A,1,4
4JGV,A,1,5
4JGV,A,1,6
4JGV,A,1,7
4JGV,A,1,8
4JGV,A,1,9
4JGV,A,1,10
4JGV,A,1,11
4JGV,A,1,12
4JGV,A,1,195
4JGV,A,1,198
4JGV,A,1,201
4JGV,A,1,202
4JGV,B,1,1
4JGV,B,1,2
4JGV,B,1,3
4JGV,B,1,4
4JGV,B,1,5
4JGV,B,1,6
4JGV,B,1,7
4JGV,B,1,8
4JGV,B,1,9
4JGV,B,1,10
4JGV,B,1,11
4JGV,B,1,12
4JGV,B,1,45
4JGV,B,1,46
4JGV,B,1,47
4JGV,B,1,194
4JGV,B,1,195
4JGV,B,1,196
4JGV,B,1,197
4JGV,B,1,198
4JGV,B,1,199
4JGV,B,1,200
4JGV,B,1,201
4JL4,A,1,1
4JL4,A,1,2
4JL4,A,1,3
4JL4,A,1,4
4JL4,A,1,5
4JL4,A,1,6
4JL4,A,1,7
4JL4,A,1,8
4JL4,A,1,9
4JL4,A,1,10
4JL4,A,1,11
4JL4,A,1,12
4JL4,A,1,13
4JL4,A,1,14
4JL4,A,1,15
4JL4,A,1,16
4JL4,A,1,285
4JL4,A,1,286
4JL4,A,1,287
4JL4,B,1,1
4JL4,B,1,2
4JL4,B,1,3
4JL4,B,1,4
4JL4,B,1,5
4JL4,B,1,6
4JL4,B,1,7
4JL4,B,1,8
4JL4,B,1,9
4JL4,B,1,10
4JL4,B,1,11
4JL4,B,1,12
4JL4,B,1,13
4JL4,B,1,14
4JL4,B,1,15
4JL4,B,1,16
4JL4,B,1,69
4JL4,B,1,70
4JL4,B,1,167
4JL4,B,1,284
4JL4,B,1,285
4JL4,B,1,286
4JL4,B,1,287
4JYG,A,1,1
4JYG,A,1,2
4JYG,A,1,3
4JYG,A,1,4
4JYG,A,1,5
4JYG,A,1,6
4JYG,A,1,7
4JYG,A,1,8
4JYG,A,1,9
4JYG,A,1,10
4JYG,A,1,11
4JYG,A,1,12
4JYG,A,1,13
4JYG,A,1,14
4JYG,A,1,15
4JYG,A,1,16
4JYG,A,1,17
4JYG,A,1,18
4JYG,A,1,19
4JYG,A,1,20
4JYG,A,1,21
4JYG,A,1,22
4JYG,A,1,262
4JYG,A,1,263
4JYG,A,1,264
4JYG,A,1,265
4JYG,A,1,266
4JYG,A,1,267
4JYG,B,1,1
4JYG,B,1,2
4JYG,B,1,3
4JYG,B,1,4
4JYG,B,1,5
4JYG,B,1,6
4JYG,B,1,7
4JYG,B,1,8
4JYG,B,1,9
4JYG,B,1,10
4JYG,B,1,11
4JYG,B,1,12
4JYG,B,1,13
4JYG,B,1,14
4JYG,B,1,15
4JYG,B,1,16
4JYG,B,1,17
4JYG,B,1,18
4JYG,B,1,19
4JYG,B,1,20
4JYG,B,1,21
4JYG,B,1,262
4JYG,B,1,263
4JYG,B,1,264
4JYG,B,1,265
4JYG,B,1,266
4JYG,B,1,267
4JYG,C,1,12
4JYG,C,1,13
4JYG,D,1,12
4JYG,D,1,13
4JYH,A,1,1
4JYH,A,1,2
4JYH,A,1,3
4JYH,A,1,4
4JYH,A,1,5
4JYH,A,1,6
4JYH,A,1,7
4JYH,A,1,8
4JYH,A,1,9
4JYH,A,1,10
4JYH,A,1,11
4JYH,A,1,12
4JYH,A,1,13
4JYH,A,1,14
4JYH,A,1,15
4JYH,A,1,16
4JYH,A,1,17
4JYH,A,1,18
4JYH,A,1,19
4JYH,A,1,20
4JYH,A,1,21
4JYH,A,1,22
4JYH,A,1,262
4JYH,A,1,263
4JYH,A,1,264
4JYH,A,1,265
4JYH,A,1,266
4JYH,A,1,267
4JYH,B,1,1
4JYH,B,1,2
4JYH,B,1,3
4JYH,B,1,4
4JYH,B,1,5
4JYH,B,1,6
4JYH,B,1,7
4JYH,B,1,8
4JYH,B,1,9
4JYH,B,1,10
4JYH,B,1,11
4JYH,B,1,12
4JYH,B,1,13
4JYH,B,1,14
4JYH,B,1,15
4JYH,B,1,16
4JYH,B,1,17
4JYH,B,1,18
4JYH,B,1,19
4JYH,B,1,20
4JYH,B,1,21
4JYH,B,1,22
4JYH,B,1,262
4JYH,B,1,263
4JYH,B,1,264
4JYH,B,1,265
4JYH,B,1,266
4JYH,B,1,267
4JYH,C,1,1
4JYH,C,1,12
4JYH,C,1,13
4JYH,D,1,12
4JYH,D,1,13
4JYI,A,1,1
4JYI,A,1,2
4JYI,A,1,3
4JYI,A,1,4
4JYI,A,1,5
4JYI,A,1,6
4JYI,A,1,7
4JYI,A,1,8
4JYI,A,1,9
4JYI,A,1,10
4JYI,A,1,11
4JYI,A,1,12
4JYI,A,1,13
4JYI,A,1,14
4JYI,A,1,15
4JYI,A,1,16
4JYI,A,1,17
4JYI,A,1,18
4JYI,A,1,19
4JYI,A,1,20
4JYI,A,1,21
4JYI,A,1,22
4JYI,A,1,262
4JYI,A,1,263
4JYI,A,1,264
4JYI,A,1,265
4JYI,A,1,266
4JYI,A,1,267
4JYI,B,1,1
4JYI,B,1,2
4JYI,B,1,3
4JYI,B,1,4
4JYI,B,1,5
4JYI,B,1,6
4JYI,B,1,7
4JYI,B,1,8
4JYI,B,1,9
4JYI,B,1,10
4JYI,B,1,11
4JYI,B,1,12
4JYI,B,1,13
4JYI,B,1,14
4JYI,B,1,15
4JYI,B,1,16
4JYI,B,1,17
4JYI,B,1,18
4JYI,B,1,19
4JYI,B,1,20
4JYI,B,1,21
4JYI,B,1,22
4JYI,B,1,262
4JYI,B,1,263
4JYI,B,1,264
4JYI,B,1,265
4JYI,B,1,266
4JYI,B,1,267
4JYI,C,1,1
4JYI,C,1,11
4JYI,C,1,12
4JYI,C,1,13
4JYI,D,1,1
4JYI,D,1,12
4JYI,D,1,13
4K4J,A,1,18
4K4J,A,1,19
4K4J,A,1,20
4K4J,A,1,21
4K4J,A,1,22
4K4J,A,1,23
4K4J,A,1,24
4K4J,A,1,25
4K4J,A,1,26
4K4J,A,1,27
4K4J,A,1,28
4K4J,A,1,29
4K4J,A,1,30
4K4J,A,1,31
4K4J,A,1,32
4K4J,A,1,33
4K4J,A,1,34
4K4J,B,1,12
4K4J,B,1,13
4K6I,A,1,18
4K6I,A,1,19
4K6I,A,1,20
4K6I,A,1,21
4K6I,A,1,22
4K6I,A,1,23
4K6I,A,1,24
4K6I,A,1,25
4K6I,A,1,26
4K6I,A,1,27
4K6I,A,1,28
4K6I,A,1,29
4K6I,A,1,30
4K6I,A,1,31
4K6I,A,1,32
4K6I,A,1,33
4K6I,A,1,34
4K6I,B,1,12
4K6I,B,1,13
4K7A,A,1,175
4K7A,A,1,176
4K7A,A,1,177
4K7A,A,1,178
4K7A,A,1,179
4K7A,A,1,180
4K7A,A,1,181
4KZI,A,1,1
4KZI,A,1,2
4KZI,A,1,3
4KZI,A,1,4
4KZI,A,1,5
4KZI,A,1,6
4KZI,A,1,7
4KZI,A,1,8
4KZI,A,1,9
4KZI,A,1,10
4KZI,A,1,11
4KZI,A,1,46
4KZI,A,1,47
4KZI,A,1,198
4KZI,A,1,199
4KZI,A,1,250
4KZI,A,1,251
4KZI,A,1,252
4KZI,A,1,253
4KZI,A,1,254
4KZI,A,1,255
4KZI,A,1,256
4KZI,A,1,257
4KZI,B,1,1
4KZI,B,1,2
4KZI,B,1,3
4KZI,B,1,4
4KZI,B,1,5
4KZI,B,1,6
4KZI,B,1,7
4KZI,B,1,8
4KZI,B,1,9
4KZI,B,1,10
4KZI,B,1,11
4KZI,B,1,12
4KZI,B,1,196
4KZI,B,1,197
4KZI,B,1,198
4KZI,B,1,199
4KZI,B,1,200
4KZI,B,1,250
4KZI,B,1,251
4KZI,B,1,252
4KZI,B,1,253
4KZI,B,1,254
4KZI,B,1,255
4KZI,B,1,256
4KZI,B,1,257
4KZJ,A,1,1
4KZJ,A,1,2
4KZJ,A,1,3
4KZJ,A,1,4
4KZJ,A,1,5
4KZJ,A,1,6
4KZJ,A,1,7
4KZJ,A,1,8
4KZJ,A,1,9
4KZJ,A,1,10
4KZJ,A,1,11
4KZJ,A,1,12
4KZJ,A,1,46
4KZJ,A,1,47
4KZJ,A,1,48
4KZJ,A,1,195
4KZJ,A,1,196
4KZJ,A,1,197
4KZJ,A,1,198
4KZJ,A,1,199
4KZJ,A,1,250
4KZJ,A,1,251
4KZJ,A,1,252
4KZJ,A,1,253
4KZJ,A,1,254
4KZJ,A,1,255
4KZJ,A,1,256
4KZJ,A,1,257
4KZJ,B,1,1
4KZJ,B,1,2
4KZJ,B,1,3
4KZJ,B,1,4
4KZJ,B,1,5
4KZJ,B,1,6
4KZJ,B,1,7
4KZJ,B,1,8
4KZJ,B,1,9
4KZJ,B,1,10
4KZJ,B,1,11
4KZJ,B,1,12
4KZJ,B,1,196
4KZJ,B,1,197
4KZJ,B,1,198
4KZJ,B,1,199
4KZJ,B,1,200
4KZJ,B,1,201
4KZJ,B,1,250
4KZJ,B,1,251
4KZJ,B,1,252
4KZJ,B,1,253
4KZJ,B,1,254
4KZJ,B,1,255
4KZJ,B,1,256
4KZJ,B,1,257
4KZM,A,1,1
4KZM,A,1,2
4KZM,A,1,3
4KZM,A,1,4
4KZM,A,1,5
4KZM,A,1,6
4KZM,A,1,7
4KZM,A,1,8
4KZM,A,1,9
4KZM,A,1,10
4KZM,A,1,11
4KZM,A,1,45
4KZM,A,1,46
4KZM,A,1,47
4KZM,A,1,195
4KZM,A,1,196
4KZM,A,1,197
4KZM,A,1,198
4KZM,A,1,199
4KZM,A,1,250
4KZM,A,1,251
4KZM,A,1,252
4KZM,A,1,253
4KZM,A,1,254
4KZM,A,1,255
4KZM,A,1,256
4KZM,A,1,257
4KZM,B,1,1
4KZM,B,1,2
4KZM,B,1,3
4KZM,B,1,4
4KZM,B,1,5
4KZM,B,1,6
4KZM,B,1,7
4KZM,B,1,8
4KZM,B,1,9
4KZM,B,1,10
4KZM,B,1,11
4KZM,B,1,12
4KZM,B,1,196
4KZM,B,1,197
4KZM,B,1,198
4KZM,B,1,199
4KZM,B,1,250
4KZM,B,1,251
4KZM,B,1,252
4KZM,B,1,253
4KZM,B,1,254
4KZM,B,1,255
4KZM,B,1,256
4KZM,B,1,257
4L96,A,1,1
4L96,A,1,2
4L96,A,1,3
4L96,A,1,4
4L96,A,1,63
4L96,A,1,64
4L96,A,1,65
4L96,A,1,66
4L96,A,1,67
4L96,A,1,68
4L96,A,1,69
4L96,A,1,70
4L96,A,1,71
4L96,A,1,72
4L96,A,1,73
4L98,A,1,1
4L98,A,1,2
4L98,A,1,3
4L98,A,1,4
4L98,A,1,5
4L98,A,1,48
4L98,A,1,49
4L98,A,1,50
4L98,A,1,51
4L98,A,1,52
4L98,A,1,53
4L98,A,1,54
4L98,A,1,55
4L98,A,1,56
4L98,A,1,57
4L98,A,1,58
4L98,A,1,59
4L98,A,1,60
4L98,A,1,61
4L98,A,1,62
4L98,A,1,63
4L98,A,1,64
4L98,A,1,65
4L98,A,1,66
4L98,A,1,67
4L98,A,1,68
4L98,A,1,69
4L98,A,1,70
4L98,A,1,71
4L98,A,1,72
4L98,A,1,73
4L98,B,1,1
4L98,B,1,2
4L98,B,1,3
4L98,B,1,4
4L98,B,1,38
4L98,B,1,62
4L98,B,1,63
4L98,B,1,64
4L98,B,1,65
4L98,B,1,66
4L98,B,1,67
4L98,B,1,68
4L98,B,1,69
4L98,B,1,70
4L98,B,1,71
4L98,B,1,72
4L98,B,1,73
4LBD,A,1,1
4LBD,A,1,2
4LBD,A,1,3
4LBD,A,1,4
4LBD,A,1,5
4LBD,A,1,6
4LBD,A,1,7
4LBD,A,1,8
4LBD,A,1,9
4LBD,A,1,10
4LBD,A,1,11
4LBD,A,1,12
4LBD,A,1,13
4LBD,A,1,14
4LBD,A,1,15
4LBD,A,1,16
4LBD,A,1,17
4LBD,A,1,18
4LBD,A,1,19
4LBD,A,1,20
4LBD,A,1,21
4LBD,A,1,22
4LBD,A,1,23
4LBD,A,1,24
4LBD,A,1,25
4LBD,A,1,263
4LBD,A,1,264
4LBD,A,1,265
4LBD,A,1,266
4LBD,A,1,267
4LNW,A,1,1
4LNW,A,1,265
4LNW,A,1,266
4LNW,A,1,267
4LNX,A,1,1
4LNX,A,1,265
4LNX,A,1,266
4LNX,A,1,267
4LOG,A,1,1
4LOG,A,1,2
4LOG,A,1,3
4LOG,A,1,4
4LOG,A,1,440
4LOG,A,1,441
4LOG,A,1,442
4LOG,A,1,443
4LOG,A,1,444
4LOG,A,1,445
4LOG,A,1,446
4LOG,A,1,447
4LOG,A,1,448
4LOG,A,1,449
4LOG,A,1,450
4LOG,A,1,569
4LOG,A,1,570
4LOG,A,1,571
4LOG,A,1,572
4LOG,A,1,573
4LOG,A,1,574
4LOG,B,1,1
4LOG,B,1,2
4LOG,B,1,3
4LOG,B,1,4
4LOG,B,1,5
4LOG,B,1,6
4LOG,B,1,7
4LOG,B,1,8
4LOG,B,1,9
4LOG,B,1,10
4LOG,B,1,11
4LOG,B,1,12
4LOG,B,1,13
4LOG,B,1,14
4LOG,B,1,15
4LOG,B,1,16
4LOG,B,1,17
4LOG,B,1,18
4LOG,B,1,19
4LOG,B,1,20
4LOG,B,1,21
4LOG,B,1,22
4LOG,B,1,23
4LOG,B,1,24
4LOG,B,1,25
4LOG,B,1,26
4LOG,B,1,27
4LOG,B,1,28
4LOG,B,1,29
4LOG,B,1,30
4LOG,B,1,31
4LOG,B,1,32
4LOG,B,1,33
4LOG,B,1,34
4LOG,B,1,35
4LOG,B,1,36
4LOG,B,1,37
4LOG,B,1,38
4LOG,B,1,39
4LOG,B,1,40
4LOG,B,1,41
4LOG,B,1,42
4LOG,B,1,43
4LOG,B,1,44
4LOG,B,1,45
4LOG,B,1,46
4LOG,B,1,47
4LOG,B,1,48
4LOG,B,1,49
4LOG,B,1,50
4LOG,B,1,51
4LOG,B,1,52
4LOG,B,1,53
4LOG,B,1,54
4LOG,B,1,55
4LOG,B,1,56
4LOG,B,1,57
4LOG,B,1,58
4LOG,B,1,59
4LOG,B,1,60
4LOG,B,1,61
4LOG,B,1,62
4LOG,B,1,63
4LOG,B,1,64
4LOG,B,1,65
4LOG,B,1,66
4LOG,B,1,67
4LOG,B,1,68
4LOG,B,1,69
4LOG,B,1,70
4LOG,B,1,71
4LOG,B,1,72
4LOG,B,1,73
4LOG,B,1,74
4LOG,B,1,75
4LOG,B,1,76
4LOG,B,1,77
4LOG,B,1,78
4LOG,B,1,79
4LOG,B,1,80
4LOG,B,1,81
4LOG,B,1,82
4LOG,B,1,83
4LOG,B,1,84
4LOG,B,1,85
4LOG,B,1,86
4LOG,B,1,87
4LOG,B,1,88
4LOG,B,1,89
4LOG,B,1,90
4LOG,B,1,91
4LOG,B,1,92
4LOG,B,1,93
4LOG,B,1,94
4LOG,B,1,95
4LOG,B,1,96
4LOG,B,1,97
4LOG,B,1,98
4LOG,B,1,99
4LOG,B,1,100
4LOG,B,1,101
4LOG,B,1,102
4LOG,B,1,103
4LOG,B,1,104
4LOG,B,1,105
4LOG,B,1,106
4LOG,B,1,107
4LOG,B,1,108
4LOG,B,1,109
4LOG,B,1,110
4LOG,B,1,111
4LOG,B,1,112
4LOG,B,1,113
4LOG,B,1,114
4LOG,B,1,115
4LOG,B,1,116
4LOG,B,1,117
4LOG,B,1,118
4LOG,B,1,119
4LOG,B,1,120
4LOG,B,1,121
4LOG,B,1,122
4LOG,B,1,123
4LOG,B,1,124
4LOG,B,1,125
4LOG,B,1,126
4LOG,B,1,127
4LOG,B,1,128
4LOG,B,1,129
4LOG,B,1,130
4LOG,B,1,131
4LOG,B,1,132
4LOG,B,1,133
4LOG,B,1,134
4LOG,B,1,135
4LOG,B,1,136
4LOG,B,1,137
4LOG,B,1,138
4LOG,B,1,139
4LOG,B,1,140
4LOG,B,1,141
4LOG,B,1,142
4LOG,B,1,143
4LOG,B,1,144
4LOG,B,1,145
4LOG,B,1,146
4LOG,B,1,147
4LOG,B,1,148
4LOG,B,1,149
4LOG,B,1,150
4LOG,B,1,151
4LOG,B,1,152
4LOG,B,1,153
4LOG,B,1,154
4LOG,B,1,155
4LOG,B,1,156
4LOG,B,1,157
4LOG,B,1,158
4LOG,B,1,159
4LOG,B,1,160
4LOG,B,1,161
4LOG,B,1,162
4LOG,B,1,163
4LOG,B,1,164
4LOG,B,1,165
4LOG,B,1,166
4LOG,B,1,167
4LOG,B,1,168
4LOG,B,1,169
4LOG,B,1,170
4LOG,B,1,171
4LOG,B,1,172
4LOG,B,1,173
4LOG,B,1,174
4LOG,B,1,175
4LOG,B,1,176
4LOG,B,1,177
4LOG,B,1,178
4LOG,B,1,179
4LOG,B,1,180
4LOG,B,1,181
4LOG,B,1,182
4LOG,B,1,183
4LOG,B,1,184
4LOG,B,1,185
4LOG,B,1,186
4LOG,B,1,187
4LOG,B,1,188
4LOG,B,1,189
4LOG,B,1,190
4LOG,B,1,191
4LOG,B,1,192
4LOG,B,1,193
4LOG,B,1,194
4LOG,B,1,195
4LOG,B,1,196
4LOG,B,1,197
4LOG,B,1,198
4LOG,B,1,199
4LOG,B,1,200
4LOG,B,1,201
4LOG,B,1,202
4LOG,B,1,203
4LOG,B,1,204
4LOG,B,1,205
4LOG,B,1,206
4LOG,B,1,207
4LOG,B,1,208
4LOG,B,1,209
4LOG,B,1,210
4LOG,B,1,211
4LOG,B,1,212
4LOG,B,1,213
4LOG,B,1,214
4LOG,B,1,215
4LOG,B,1,216
4LOG,B,1,217
4LOG,B,1,218
4LOG,B,1,219
4LOG,B,1,220
4LOG,B,1,221
4LOG,B,1,222
4LOG,B,1,223
4LOG,B,1,224
4LOG,B,1,225
4LOG,B,1,226
4LOG,B,1,227
4LOG,B,1,228
4LOG,B,1,229
4LOG,B,1,230
4LOG,B,1,231
4LOG,B,1,232
4LOG,B,1,233
4LOG,B,1,234
4LOG,B,1,235
4LOG,B,1,236
4LOG,B,1,237
4LOG,B,1,238
4LOG,B,1,239
4LOG,B,1,240
4LOG,B,1,241
4LOG,B,1,242
4LOG,B,1,243
4LOG,B,1,244
4LOG,B,1,245
4LOG,B,1,246
4LOG,B,1,247
4LOG,B,1,248
4LOG,B,1,249
4LOG,B,1,250
4LOG,B,1,251
4LOG,B,1,252
4LOG,B,1,253
4LOG,B,1,254
4LOG,B,1,255
4LOG,B,1,256
4LOG,B,1,257
4LOG,B,1,258
4LOG,B,1,259
4LOG,B,1,260
4LOG,B,1,261
4LOG,B,1,262
4LOG,B,1,263
4LOG,B,1,264
4LOG,B,1,265
4LOG,B,1,266
4LOG,B,1,267
4LOG,B,1,268
4LOG,B,1,269
4LOG,B,1,270
4LOG,B,1,271
4LOG,B,1,272
4LOG,B,1,273
4LOG,B,1,274
4LOG,B,1,275
4LOG,B,1,276
4LOG,B,1,277
4LOG,B,1,278
4LOG,B,1,279
4LOG,B,1,280
4LOG,B,1,281
4LOG,B,1,282
4LOG,B,1,283
4LOG,B,1,284
4LOG,B,1,285
4LOG,B,1,286
4LOG,B,1,287
4LOG,B,1,288
4LOG,B,1,289
4LOG,B,1,290
4LOG,B,1,291
4LOG,B,1,292
4LOG,B,1,293
4LOG,B,1,294
4LOG,B,1,295
4LOG,B,1,296
4LOG,B,1,297
4LOG,B,1,298
4LOG,B,1,299
4LOG,B,1,300
4LOG,B,1,301
4LOG,B,1,302
4LOG,B,1,303
4LOG,B,1,304
4LOG,B,1,305
4LOG,B,1,306
4LOG,B,1,307
4LOG,B,1,308
4LOG,B,1,309
4LOG,B,1,310
4LOG,B,1,311
4LOG,B,1,312
4LOG,B,1,313
4LOG,B,1,314
4LOG,B,1,315
4LOG,B,1,316
4LOG,B,1,317
4LOG,B,1,318
4LOG,B,1,319
4LOG,B,1,320
4LOG,B,1,321
4LOG,B,1,322
4LOG,B,1,323
4LOG,B,1,324
4LOG,B,1,325
4LOG,B,1,326
4LOG,B,1,327
4LOG,B,1,328
4LOG,B,1,329
4LOG,B,1,330
4LOG,B,1,441
4LOG,B,1,442
4LOG,B,1,443
4LOG,B,1,444
4LOG,B,1,445
4LOG,B,1,446
4LOG,B,1,569
4LOG,B,1,570
4LOG,B,1,571
4LOG,B,1,572
4LOG,B,1,573
4LOG,B,1,574
4LSJ,A,1,1
4LSJ,A,1,2
4LSJ,A,1,3
4LSJ,A,1,4
4LSJ,A,1,5
4LSJ,A,1,6
4LSJ,A,1,184
4LSJ,A,1,185
4LSJ,A,1,186
4LSJ,A,1,187
4LSJ,A,1,188
4LSJ,A,1,189
4LSJ,A,1,190
4LSJ,A,1,191
4LSJ,B,1,1
4LSJ,B,1,12
4LSJ,B,1,13
4M8E,A,1,18
4M8E,A,1,19
4M8E,A,1,20
4M8E,A,1,21
4M8E,A,1,22
4M8E,A,1,23
4M8E,A,1,24
4M8E,A,1,25
4M8E,A,1,26
4M8E,A,1,27
4M8E,A,1,28
4M8E,A,1,29
4M8E,A,1,30
4M8E,A,1,31
4M8E,A,1,32
4M8E,A,1,33
4M8E,A,1,34
4M8H,A,1,18
4M8H,A,1,19
4M8H,A,1,20
4M8H,A,1,21
4M8H,A,1,22
4M8H,A,1,23
4M8H,A,1,24
4M8H,A,1,25
4M8H,A,1,26
4M8H,A,1,27
4M8H,A,1,28
4M8H,A,1,29
4M8H,A,1,30
4M8H,A,1,31
4M8H,A,1,32
4M8H,A,1,33
4M8H,A,1,34
4MDD,A,1,1
4MDD,A,1,2
4MDD,A,1,3
4MDD,A,1,4
4MDD,A,1,5
4MDD,A,1,6
4MDD,A,1,7
4MDD,A,1,8
4MDD,A,1,9
4MDD,A,1,10
4MDD,A,1,258
4MDD,B,1,1
4MDD,B,1,2
4MDD,B,1,3
4MDD,B,1,4
4MDD,B,1,5
4MDD,B,1,6
4MDD,B,1,7
4MDD,B,1,8
4MDD,B,1,9
4MDD,B,1,10
4MDD,B,1,11
4MDD,B,1,223
4MDD,B,1,224
4MDD,B,1,225
4MDD,B,1,226
4MDD,B,1,227
4MDD,B,1,228
4MDD,B,1,229
4MDD,B,1,230
4MDD,B,1,231
4MDD,B,1,232
4MDD,B,1,233
4MDD,B,1,234
4MDD,B,1,235
4MDD,B,1,236
4MDD,B,1,237
4MDD,B,1,238
4MDD,B,1,239
4MDD,B,1,240
4MDD,B,1,241
4MDD,B,1,242
4MDD,B,1,243
4MDD,B,1,244
4MDD,B,1,245
4MDD,B,1,246
4MDD,B,1,247
4MDD,B,1,248
4MDD,B,1,258
4MDD,C,1,1
4MDD,C,1,15
4MDD,D,1,1
4MDD,D,1,2
4MDD,D,1,15
4MG5,A,1,1
4MG5,A,1,2
4MG5,A,1,3
4MG5,A,1,4
4MG5,A,1,5
4MG5,A,1,6
4MG5,A,1,7
4MG5,A,1,165
4MG5,A,1,166
4MG5,A,1,251
4MG5,A,1,252
4MG5,A,1,253
4MG5,A,1,254
4MG5,A,1,255
4MG5,B,1,1
4MG5,B,1,2
4MG5,B,1,3
4MG5,B,1,4
4MG5,B,1,5
4MG5,B,1,6
4MG5,B,1,165
4MG5,B,1,166
4MG5,B,1,167
4MG5,B,1,168
4MG5,B,1,169
4MG5,B,1,170
4MG5,B,1,171
4MG5,B,1,172
4MG5,B,1,173
4MG5,B,1,174
4MG5,B,1,252
4MG5,B,1,253
4MG5,B,1,254
4MG5,B,1,255
4MG5,C,1,1
4MG5,C,1,2
4MG5,C,1,12
4MG5,C,1,13
4MG5,D,1,1
4MG5,D,1,12
4MG5,D,1,13
4MG6,A,1,1
4MG6,A,1,2
4MG6,A,1,3
4MG6,A,1,4
4MG6,A,1,5
4MG6,A,1,6
4MG6,A,1,7
4MG6,A,1,118
4MG6,A,1,119
4MG6,A,1,120
4MG6,A,1,121
4MG6,A,1,122
4MG6,A,1,123
4MG6,A,1,165
4MG6,A,1,166
4MG6,A,1,167
4MG6,A,1,252
4MG6,A,1,253
4MG6,A,1,254
4MG6,A,1,255
4MG6,B,1,1
4MG6,B,1,2
4MG6,B,1,3
4MG6,B,1,4
4MG6,B,1,5
4MG6,B,1,166
4MG6,B,1,167
4MG6,B,1,168
4MG6,B,1,169
4MG6,B,1,170
4MG6,B,1,171
4MG6,B,1,172
4MG6,B,1,173
4MG6,B,1,174
4MG6,B,1,175
4MG6,B,1,252
4MG6,B,1,253
4MG6,B,1,254
4MG6,B,1,255
4MG6,C,1,1
4MG6,C,1,2
4MG6,C,1,12
4MG6,C,1,13
4MG6,D,1,1
4MG6,D,1,2
4MG6,D,1,12
4MG6,D,1,13
4MG7,A,1,1
4MG7,A,1,2
4MG7,A,1,3
4MG7,A,1,4
4MG7,A,1,5
4MG7,A,1,6
4MG7,A,1,7
4MG7,A,1,118
4MG7,A,1,119
4MG7,A,1,120
4MG7,A,1,121
4MG7,A,1,165
4MG7,A,1,166
4MG7,A,1,253
4MG7,A,1,254
4MG7,A,1,255
4MG7,B,1,1
4MG7,B,1,2
4MG7,B,1,3
4MG7,B,1,4
4MG7,B,1,5
4MG7,B,1,165
4MG7,B,1,166
4MG7,B,1,167
4MG7,B,1,168
4MG7,B,1,169
4MG7,B,1,170
4MG7,B,1,171
4MG7,B,1,172
4MG7,B,1,173
4MG7,B,1,174
4MG7,B,1,175
4MG7,B,1,252
4MG7,B,1,253
4MG7,B,1,254
4MG7,B,1,255
4MG7,C,1,1
4MG7,C,1,2
4MG7,C,1,12
4MG7,C,1,13
4MG7,D,1,1
4MG7,D,1,12
4MG7,D,1,13
4MG8,A,1,1
4MG8,A,1,2
4MG8,A,1,3
4MG8,A,1,4
4MG8,A,1,5
4MG8,A,1,6
4MG8,A,1,7
4MG8,A,1,165
4MG8,A,1,166
4MG8,A,1,252
4MG8,A,1,253
4MG8,A,1,254
4MG8,A,1,255
4MG8,B,1,1
4MG8,B,1,2
4MG8,B,1,3
4MG8,B,1,4
4MG8,B,1,5
4MG8,B,1,165
4MG8,B,1,166
4MG8,B,1,167
4MG8,B,1,168
4MG8,B,1,169
4MG8,B,1,170
4MG8,B,1,171
4MG8,B,1,172
4MG8,B,1,173
4MG8,B,1,174
4MG8,B,1,253
4MG8,B,1,254
4MG8,B,1,255
4MG8,C,1,1
4MG8,C,1,12
4MG8,C,1,13
4MG8,D,1,1
4MG8,D,1,12
4MG8,D,1,13
4MG9,A,1,1
4MG9,A,1,2
4MG9,A,1,3
4MG9,A,1,4
4MG9,A,1,5
4MG9,A,1,6
4MG9,A,1,7
4MG9,A,1,165
4MG9,A,1,166
4MG9,A,1,252
4MG9,A,1,253
4MG9,A,1,254
4MG9,A,1,255
4MG9,B,1,1
4MG9,B,1,2
4MG9,B,1,3
4MG9,B,1,4
4MG9,B,1,5
4MG9,B,1,6
4MG9,B,1,37
4MG9,B,1,38
4MG9,B,1,39
4MG9,B,1,165
4MG9,B,1,166
4MG9,B,1,167
4MG9,B,1,168
4MG9,B,1,169
4MG9,B,1,170
4MG9,B,1,171
4MG9,B,1,172
4MG9,B,1,173
4MG9,B,1,252
4MG9,B,1,253
4MG9,B,1,254
4MG9,B,1,255
4MG9,C,1,1
4MG9,C,1,2
4MG9,C,1,12
4MG9,C,1,13
4MG9,D,1,1
4MG9,D,1,2
4MG9,D,1,12
4MG9,D,1,13
4MGA,A,1,1
4MGA,A,1,2
4MGA,A,1,3
4MGA,A,1,4
4MGA,A,1,5
4MGA,A,1,6
4MGA,A,1,7
4MGA,A,1,121
4MGA,A,1,122
4MGA,A,1,165
4MGA,A,1,166
4MGA,A,1,253
4MGA,A,1,254
4MGA,A,1,255
4MGA,B,1,1
4MGA,B,1,2
4MGA,B,1,3
4MGA,B,1,4
4MGA,B,1,5
4MGA,B,1,165
4MGA,B,1,166
4MGA,B,1,167
4MGA,B,1,168
4MGA,B,1,169
4MGA,B,1,170
4MGA,B,1,171
4MGA,B,1,172
4MGA,B,1,173
4MGA,B,1,174
4MGA,B,1,252
4MGA,B,1,253
4MGA,B,1,254
4MGA,B,1,255
4MGA,C,1,1
4MGA,C,1,2
4MGA,C,1,12
4MGA,C,1,13
4MGA,D,1,1
4MGA,D,1,12
4MGA,D,1,13
4MGB,A,1,1
4MGB,A,1,2
4MGB,A,1,3
4MGB,A,1,4
4MGB,A,1,5
4MGB,A,1,6
4MGB,A,1,7
4MGB,A,1,120
4MGB,A,1,121
4MGB,A,1,165
4MGB,A,1,166
4MGB,A,1,252
4MGB,A,1,253
4MGB,A,1,254
4MGB,A,1,255
4MGB,B,1,1
4MGB,B,1,2
4MGB,B,1,3
4MGB,B,1,4
4MGB,B,1,5
4MGB,B,1,37
4MGB,B,1,165
4MGB,B,1,166
4MGB,B,1,167
4MGB,B,1,168
4MGB,B,1,169
4MGB,B,1,170
4MGB,B,1,171
4MGB,B,1,172
4MGB,B,1,173
4MGB,B,1,174
4MGB,B,1,175
4MGB,B,1,252
4MGB,B,1,253
4MGB,B,1,254
4MGB,B,1,255
4MGB,C,1,1
4MGB,C,1,2
4MGB,C,1,12
4MGB,C,1,13
4MGB,D,1,1
4MGB,D,1,12
4MGB,D,1,13
4MGC,A,1,1
4MGC,A,1,2
4MGC,A,1,3
4MGC,A,1,4
4MGC,A,1,5
4MGC,A,1,6
4MGC,A,1,7
4MGC,A,1,8
4MGC,A,1,39
4MGC,A,1,165
4MGC,A,1,166
4MGC,A,1,167
4MGC,A,1,168
4MGC,A,1,169
4MGC,A,1,253
4MGC,A,1,254
4MGC,A,1,255
4MGC,B,1,1
4MGC,B,1,2
4MGC,B,1,3
4MGC,B,1,4
4MGC,B,1,5
4MGC,B,1,6
4MGC,B,1,7
4MGC,B,1,165
4MGC,B,1,166
4MGC,B,1,167
4MGC,B,1,168
4MGC,B,1,169
4MGC,B,1,170
4MGC,B,1,171
4MGC,B,1,172
4MGC,B,1,253
4MGC,B,1,254
4MGC,B,1,255
4MGC,C,1,1
4MGC,C,1,2
4MGC,C,1,12
4MGC,C,1,13
4MGC,D,1,1
4MGC,D,1,2
4MGC,D,1,12
4MGC,D,1,13
4MGD,A,1,1
4MGD,A,1,2
4MGD,A,1,3
4MGD,A,1,4
4MGD,A,1,5
4MGD,A,1,6
4MGD,A,1,7
4MGD,A,1,120
4MGD,A,1,121
4MGD,A,1,165
4MGD,A,1,166
4MGD,A,1,253
4MGD,A,1,254
4MGD,A,1,255
4MGD,B,1,1
4MGD,B,1,2
4MGD,B,1,3
4MGD,B,1,4
4MGD,B,1,5
4MGD,B,1,165
4MGD,B,1,166
4MGD,B,1,167
4MGD,B,1,168
4MGD,B,1,169
4MGD,B,1,170
4MGD,B,1,171
4MGD,B,1,172
4MGD,B,1,173
4MGD,B,1,174
4MGD,B,1,252
4MGD,B,1,253
4MGD,B,1,254
4MGD,B,1,255
4MGD,C,1,1
4MGD,C,1,2
4MGD,C,1,12
4MGD,C,1,13
4MGD,D,1,1
4MGD,D,1,12
4MGD,D,1,13
4N5G,A,1,1
4N5G,A,1,2
4N5G,A,1,3
4N5G,A,1,4
4N5G,A,1,5
4N5G,A,1,6
4N5G,A,1,7
4N5G,A,1,8
4N5G,A,1,9
4N5G,A,1,10
4N5G,A,1,11
4N5G,A,1,12
4N5G,A,1,13
4N5G,A,1,14
4N5G,A,1,15
4N5G,A,1,16
4N5G,A,1,17
4N5G,A,1,18
4N5G,A,1,19
4N5G,A,1,20
4N5G,A,1,21
4N5G,A,1,22
4N5G,A,1,23
4N5G,A,1,24
4N5G,A,1,25
4N5G,A,1,26
4N5G,A,1,27
4N5G,A,1,28
4N5G,A,1,29
4N5G,A,1,30
4N5G,A,1,31
4N5G,A,1,32
4N5G,A,1,33
4N5G,A,1,34
4N5G,A,1,35
4N5G,A,1,36
4N5G,A,1,37
4N5G,A,1,38
4N5G,A,1,39
4N5G,A,1,40
4N5G,A,1,41
4N5G,A,1,42
4N5G,A,1,43
4N5G,A,1,44
4N5G,A,1,241
4N5G,A,1,242
4N5G,A,1,243
4N5G,A,1,244
4N5G,B,1,1
4N5G,B,1,2
4N5G,B,1,3
4N5G,B,1,4
4N5G,B,1,5
4N5G,B,1,6
4N5G,B,1,7
4N5G,B,1,8
4N5G,B,1,9
4N5G,B,1,10
4N5G,B,1,11
4N5G,B,1,12
4N5G,B,1,24
4N5G,B,1,25
4N5G,B,1,26
4N5G,B,1,27
4N5G,B,1,28
4N5G,B,1,29
4N5G,B,1,30
4N5G,B,1,31
4N5G,B,1,32
4N5G,B,1,33
4N5G,B,1,34
4N5G,B,1,35
4N5G,B,1,36
4N5G,B,1,37
4N5G,B,1,38
4N5G,B,1,39
4N5G,B,1,40
4N5G,B,1,41
4N5G,B,1,42
4N5G,B,1,241
4N5G,B,1,242
4N5G,B,1,243
4N5G,B,1,244
4N5G,C,1,1
4N5G,C,1,2
4N5G,C,1,3
4N5G,C,1,4
4N5G,C,1,5
4N5G,C,1,6
4N5G,C,1,7
4N5G,C,1,8
4N5G,C,1,9
4N5G,C,1,10
4N5G,C,1,11
4N5G,C,1,12
4N5G,C,1,24
4N5G,C,1,25
4N5G,C,1,26
4N5G,C,1,27
4N5G,C,1,28
4N5G,C,1,29
4N5G,C,1,30
4N5G,C,1,31
4N5G,C,1,32
4N5G,C,1,33
4N5G,C,1,34
4N5G,C,1,35
4N5G,C,1,36
4N5G,C,1,37
4N5G,C,1,38
4N5G,C,1,39
4N5G,C,1,40
4N5G,C,1,41
4N5G,C,1,42
4N5G,C,1,241
4N5G,C,1,242
4N5G,C,1,243
4N5G,C,1,244
4N5G,D,1,1
4N5G,D,1,2
4N5G,D,1,3
4N5G,D,1,4
4N5G,D,1,5
4N5G,D,1,6
4N5G,D,1,7
4N5G,D,1,8
4N5G,D,1,9
4N5G,D,1,10
4N5G,D,1,11
4N5G,D,1,12
4N5G,D,1,13
4N5G,D,1,14
4N5G,D,1,15
4N5G,D,1,16
4N5G,D,1,17
4N5G,D,1,18
4N5G,D,1,19
4N5G,D,1,20
4N5G,D,1,21
4N5G,D,1,22
4N5G,D,1,23
4N5G,D,1,24
4N5G,D,1,25
4N5G,D,1,26
4N5G,D,1,27
4N5G,D,1,28
4N5G,D,1,29
4N5G,D,1,30
4N5G,D,1,31
4N5G,D,1,32
4N5G,D,1,33
4N5G,D,1,34
4N5G,D,1,35
4N5G,D,1,36
4N5G,D,1,37
4N5G,D,1,38
4N5G,D,1,39
4N5G,D,1,40
4N5G,D,1,41
4N5G,D,1,42
4N5G,D,1,43
4N5G,D,1,44
4N5G,D,1,241
4N5G,D,1,242
4N5G,D,1,243
4N5G,D,1,244
4N73,A,1,1
4N8R,A,1,1
4N8R,A,1,2
4N8R,A,1,3
4N8R,A,1,4
4N8R,A,1,5
4N8R,A,1,6
4N8R,A,1,7
4N8R,A,1,8
4N8R,A,1,9
4N8R,A,1,10
4N8R,A,1,11
4N8R,A,1,12
4N8R,A,1,13
4N8R,A,1,14
4N8R,A,1,15
4N8R,A,1,16
4N8R,A,1,17
4N8R,A,1,18
4N8R,A,1,19
4N8R,A,1,20
4N8R,A,1,21
4N8R,A,1,22
4N8R,A,1,23
4N8R,A,1,24
4N8R,A,1,25
4N8R,A,1,26
4N8R,A,1,27
4N8R,A,1,28
4N8R,A,1,29
4N8R,A,1,30
4N8R,A,1,31
4N8R,A,1,32
4N8R,A,1,33
4N8R,A,1,34
4N8R,A,1,35
4N8R,A,1,36
4N8R,A,1,37
4N8R,A,1,38
4N8R,A,1,39
4N8R,A,1,40
4N8R,A,1,41
4N8R,A,1,42
4N8R,A,1,43
4N8R,A,1,44
4N8R,A,1,242
4N8R,A,1,243
4N8R,A,1,244
4N8R,B,1,1
4N8R,B,1,2
4N8R,B,1,3
4N8R,B,1,4
4N8R,B,1,5
4N8R,B,1,6
4N8R,B,1,7
4N8R,B,1,8
4N8R,B,1,9
4N8R,B,1,10
4N8R,B,1,11
4N8R,B,1,12
4N8R,B,1,13
4N8R,B,1,14
4N8R,B,1,15
4N8R,B,1,16
4N8R,B,1,17
4N8R,B,1,18
4N8R,B,1,19
4N8R,B,1,20
4N8R,B,1,21
4N8R,B,1,22
4N8R,B,1,23
4N8R,B,1,24
4N8R,B,1,25
4N8R,B,1,26
4N8R,B,1,27
4N8R,B,1,28
4N8R,B,1,29
4N8R,B,1,30
4N8R,B,1,31
4N8R,B,1,32
4N8R,B,1,33
4N8R,B,1,34
4N8R,B,1,35
4N8R,B,1,36
4N8R,B,1,37
4N8R,B,1,38
4N8R,B,1,39
4N8R,B,1,40
4N8R,B,1,41
4N8R,B,1,42
4N8R,B,1,241
4N8R,B,1,242
4N8R,B,1,243
4N8R,B,1,244
4N8R,C,1,1
4N8R,C,1,2
4N8R,C,1,3
4N8R,C,1,4
4N8R,C,1,5
4N8R,C,1,6
4N8R,C,1,7
4N8R,C,1,8
4N8R,C,1,9
4N8R,C,1,10
4N8R,C,1,11
4N8R,C,1,12
4N8R,C,1,13
4N8R,C,1,14
4N8R,C,1,15
4N8R,C,1,16
4N8R,C,1,17
4N8R,C,1,18
4N8R,C,1,19
4N8R,C,1,20
4N8R,C,1,21
4N8R,C,1,22
4N8R,C,1,23
4N8R,C,1,24
4N8R,C,1,25
4N8R,C,1,26
4N8R,C,1,27
4N8R,C,1,28
4N8R,C,1,29
4N8R,C,1,30
4N8R,C,1,31
4N8R,C,1,32
4N8R,C,1,33
4N8R,C,1,34
4N8R,C,1,35
4N8R,C,1,36
4N8R,C,1,37
4N8R,C,1,38
4N8R,C,1,39
4N8R,C,1,40
4N8R,C,1,41
4N8R,C,1,42
4N8R,C,1,43
4N8R,C,1,240
4N8R,C,1,241
4N8R,C,1,242
4N8R,C,1,243
4N8R,C,1,244
4N8R,D,1,1
4N8R,D,1,2
4N8R,D,1,3
4N8R,D,1,4
4N8R,D,1,5
4N8R,D,1,6
4N8R,D,1,7
4N8R,D,1,8
4N8R,D,1,9
4N8R,D,1,10
4N8R,D,1,11
4N8R,D,1,12
4N8R,D,1,13
4N8R,D,1,14
4N8R,D,1,15
4N8R,D,1,16
4N8R,D,1,17
4N8R,D,1,18
4N8R,D,1,19
4N8R,D,1,20
4N8R,D,1,21
4N8R,D,1,22
4N8R,D,1,23
4N8R,D,1,24
4N8R,D,1,25
4N8R,D,1,26
4N8R,D,1,27
4N8R,D,1,28
4N8R,D,1,29
4N8R,D,1,30
4N8R,D,1,31
4N8R,D,1,32
4N8R,D,1,33
4N8R,D,1,34
4N8R,D,1,35
4N8R,D,1,36
4N8R,D,1,37
4N8R,D,1,38
4N8R,D,1,39
4N8R,D,1,40
4N8R,D,1,41
4N8R,D,1,42
4N8R,D,1,43
4N8R,D,1,44
4N8R,D,1,242
4N8R,D,1,243
4N8R,D,1,244
4NB6,A,1,1
4NB6,A,1,2
4NB6,A,1,3
4NB6,A,1,4
4NB6,A,1,5
4NB6,A,1,6
4NB6,A,1,228
4NB6,A,1,229
4NB6,A,1,230
4NB6,A,1,231
4NB6,A,1,232
4NB6,A,1,233
4NB6,A,1,234
4NB6,A,1,235
4NB6,A,1,236
4NB6,A,1,237
4NB6,A,1,238
4NB6,A,1,239
4NB6,A,1,240
4NB6,A,1,241
4NB6,A,1,242
4NB6,A,1,243
4NB6,A,1,244
4NB6,A,1,245
4NB6,A,1,246
4NB6,A,1,247
4NB6,A,1,248
4NB6,A,1,249
4NB6,A,1,250
4NB6,A,1,251
4NB6,B,1,1
4NB6,B,1,2
4NB6,B,1,3
4NB6,B,1,4
4NB6,B,1,5
4NB6,B,1,6
4NB6,B,1,229
4NB6,B,1,230
4NB6,B,1,231
4NB6,B,1,232
4NB6,B,1,233
4NB6,B,1,234
4NB6,B,1,235
4NB6,B,1,236
4NB6,B,1,237
4NB6,B,1,238
4NB6,B,1,239
4NB6,B,1,240
4NB6,B,1,241
4NB6,B,1,242
4NB6,B,1,243
4NB6,B,1,244
4NB6,B,1,245
4NB6,B,1,246
4NB6,B,1,247
4NB6,B,1,248
4NB6,B,1,249
4NB6,B,1,250
4NB6,B,1,251
4NIE,A,1,1
4NIE,A,1,2
4NIE,A,1,3
4NIE,A,1,4
4NIE,A,1,5
4NIE,A,1,6
4NIE,A,1,7
4NIE,A,1,8
4NIE,A,1,9
4NIE,A,1,10
4NIE,A,1,11
4NIE,A,1,12
4NIE,A,1,13
4NIE,A,1,14
4NIE,A,1,15
4NIE,A,1,16
4NIE,A,1,262
4NIE,B,1,1
4NIE,B,1,2
4NIE,B,1,3
4NIE,B,1,4
4NIE,B,1,5
4NIE,B,1,6
4NIE,B,1,7
4NIE,B,1,8
4NIE,B,1,9
4NIE,B,1,10
4NIE,B,1,11
4NIE,B,1,12
4NIE,B,1,13
4NIE,B,1,14
4NIE,B,1,15
4NIE,B,1,16
4NIE,B,1,262
4NIE,C,1,1
4NIE,C,1,11
4NIE,C,1,12
4NIE,D,1,1
4NIE,D,1,12
4NQA,A,1,1
4NQA,A,1,2
4NQA,A,1,3
4NQA,A,1,4
4NQA,A,1,5
4NQA,A,1,6
4NQA,A,1,7
4NQA,A,1,8
4NQA,A,1,9
4NQA,A,1,10
4NQA,A,1,11
4NQA,A,1,12
4NQA,A,1,13
4NQA,A,1,14
4NQA,A,1,15
4NQA,A,1,16
4NQA,A,1,17
4NQA,A,1,18
4NQA,A,1,19
4NQA,A,1,20
4NQA,A,1,21
4NQA,A,1,22
4NQA,A,1,23
4NQA,A,1,24
4NQA,A,1,25
4NQA,A,1,26
4NQA,A,1,27
4NQA,A,1,28
4NQA,A,1,29
4NQA,A,1,30
4NQA,A,1,116
4NQA,A,1,117
4NQA,A,1,118
4NQA,A,1,119
4NQA,A,1,120
4NQA,A,1,121
4NQA,A,1,122
4NQA,A,1,123
4NQA,A,1,124
4NQA,A,1,125
4NQA,A,1,126
4NQA,A,1,153
4NQA,A,1,360
4NQA,A,1,361
4NQA,A,1,362
4NQA,A,1,363
4NQA,A,1,364
4NQA,A,1,365
4NQA,B,1,1
4NQA,B,1,2
4NQA,B,1,3
4NQA,B,1,123
4NQA,B,1,124
4NQA,B,1,125
4NQA,B,1,126
4NQA,B,1,127
4NQA,B,1,128
4NQA,B,1,129
4NQA,B,1,130
4NQA,B,1,131
4NQA,B,1,132
4NQA,B,1,133
4NQA,B,1,134
4NQA,B,1,135
4NQA,B,1,136
4NQA,B,1,137
4NQA,B,1,138
4NQA,B,1,389
4NQA,B,1,390
4NQA,B,1,391
4NQA,C,1,1
4NQA,C,1,12
4NQA,C,1,13
4NQA,D,1,1
4NQA,G,1,1
4NQA,G,1,2
4NQA,G,1,3
4NQA,G,1,4
4NQA,G,1,5
4NQA,G,1,6
4NQA,G,1,7
4NQA,G,1,8
4NQA,G,1,9
4NQA,G,1,10
4NQA,G,1,11
4NQA,G,1,12
4NQA,G,1,13
4NQA,G,1,14
4NQA,G,1,15
4NQA,G,1,16
4NQA,G,1,17
4NQA,G,1,18
4NQA,G,1,19
4NQA,G,1,20
4NQA,G,1,21
4NQA,G,1,22
4NQA,G,1,23
4NQA,G,1,24
4NQA,G,1,25
4NQA,G,1,26
4NQA,G,1,27
4NQA,G,1,28
4NQA,G,1,29
4NQA,G,1,152
4NQA,G,1,153
4NQA,G,1,154
4NQA,G,1,155
4NQA,G,1,156
4NQA,G,1,157
4NQA,G,1,158
4NQA,G,1,159
4NQA,G,1,160
4NQA,G,1,161
4NQA,G,1,162
4NQA,G,1,163
4NQA,G,1,164
4NQA,G,1,362
4NQA,G,1,363
4NQA,G,1,364
4NQA,G,1,365
4NQA,H,1,1
4NQA,H,1,2
4NQA,H,1,3
4NQA,H,1,4
4NQA,H,1,390
4NQA,H,1,391
4NQA,I,1,1
4NQA,J,1,12
4NQA,J,1,13
4NY9,A,1,36
4NY9,A,1,37
4NY9,A,1,38
4NY9,A,1,39
4NY9,A,1,40
4NY9,A,1,41
4NY9,A,1,42
4NY9,A,1,43
4NY9,A,1,44
4NY9,A,1,45
4NY9,A,1,46
4NY9,A,1,47
4NY9,A,1,48
4NY9,A,1,49
4NY9,A,1,50
4NY9,A,1,51
4NY9,A,1,52
4NY9,A,1,53
4NY9,A,1,54
4NY9,A,1,55
4NY9,A,1,56
4NY9,A,1,57
4NY9,A,1,58
4NY9,A,1,59
4NY9,A,1,169
4NY9,A,1,170
4NY9,A,1,171
4NY9,A,1,172
4NY9,A,1,173
4NY9,A,1,174
4O8F,A,1,1
4O8F,A,1,2
4O8F,A,1,3
4O8F,A,1,4
4O8F,A,1,5
4O8F,A,1,6
4O8F,A,1,7
4O8F,A,1,8
4O8F,A,1,9
4O8F,A,1,10
4O8F,A,1,11
4O8F,A,1,12
4O8F,A,1,13
4O8F,A,1,14
4O8F,A,1,15
4O8F,A,1,16
4O8F,A,1,52
4O8F,A,1,53
4O8F,A,1,54
4O8F,A,1,71
4O8F,A,1,72
4O8F,A,1,73
4O8F,A,1,74
4O8F,A,1,75
4O8F,A,1,76
4O8F,A,1,77
4O8F,A,1,81
4O8F,A,1,82
4O8F,A,1,83
4O8F,A,1,84
4O8F,A,1,85
4O8F,A,1,271
4O8F,A,1,272
4O8F,A,1,273
4O8F,A,1,274
4O8F,B,1,1
4O8F,B,1,2
4O8F,B,1,3
4O8F,B,1,4
4O8F,B,1,5
4O8F,B,1,6
4O8F,B,1,7
4O8F,B,1,8
4O8F,B,1,9
4O8F,B,1,10
4O8F,B,1,11
4O8F,B,1,12
4O8F,B,1,13
4O8F,B,1,14
4O8F,B,1,15
4O8F,B,1,16
4O8F,B,1,73
4O8F,B,1,74
4O8F,B,1,75
4O8F,B,1,76
4O8F,B,1,77
4O8F,B,1,78
4O8F,B,1,79
4O8F,B,1,80
4O8F,B,1,81
4O8F,B,1,82
4O8F,B,1,83
4O8F,B,1,84
4O8F,B,1,85
4O8F,B,1,267
4O8F,B,1,268
4O8F,B,1,269
4O8F,B,1,270
4O8F,B,1,271
4O8F,B,1,272
4O8F,B,1,273
4O8F,B,1,274
4O8F,B,1,275
4OAR,A,1,1
4OAR,A,1,2
4OAR,A,1,3
4OAR,A,1,4
4OAR,A,1,5
4OAR,A,1,6
4OAR,A,1,225
4OAR,A,1,226
4OAR,A,1,227
4OAR,A,1,228
4OAR,A,1,229
4OAR,A,1,230
4OAR,A,1,231
4OAR,A,1,232
4OAR,A,1,233
4OAR,A,1,257
4OAR,A,1,258
4OAR,B,1,1
4OAR,B,1,2
4OAR,B,1,3
4OAR,B,1,15
4OAR,B,1,16
4OAR,B,1,17
4OC7,A,1,1
4OC7,A,1,2
4OC7,A,1,3
4OC7,A,1,4
4OC7,A,1,5
4OC7,A,1,6
4OC7,A,1,7
4OC7,A,1,8
4OC7,A,1,9
4OC7,A,1,10
4OC7,A,1,11
4OC7,A,1,12
4OC7,A,1,13
4OC7,A,1,14
4OC7,A,1,15
4OC7,A,1,16
4OC7,A,1,17
4OC7,A,1,18
4OC7,A,1,19
4OC7,A,1,20
4OC7,A,1,37
4OC7,A,1,38
4OC7,A,1,39
4OC7,A,1,40
4OC7,A,1,41
4OC7,A,1,42
4OC7,A,1,43
4OC7,A,1,44
4OC7,A,1,45
4OC7,A,1,46
4OC7,A,1,47
4OC7,A,1,48
4OC7,A,1,49
4OC7,A,1,50
4OC7,A,1,51
4OC7,A,1,52
4OC7,A,1,53
4OC7,A,1,251
4OC7,A,1,252
4OC7,A,1,253
4OC7,A,1,254
4OC7,B,1,1
4OC7,B,1,12
4OC7,B,1,13
4OEA,A,1,175
4OEA,A,1,176
4OEA,A,1,177
4OEA,A,1,178
4OEA,A,1,179
4OEA,A,1,180
4OEA,A,1,181
4OEA,A,1,250
4OED,A,1,175
4OED,A,1,176
4OED,A,1,177
4OED,A,1,178
4OED,A,1,179
4OED,A,1,180
4OED,A,1,181
4OED,A,1,250
4OED,B,1,1
4OED,B,1,2
4OED,B,1,3
4OED,B,1,12
4OED,B,1,13
4OED,B,1,14
4OED,B,1,15
4OEY,A,1,1
4OEY,A,1,175
4OEY,A,1,176
4OEY,A,1,177
4OEY,A,1,178
4OEY,A,1,179
4OEY,A,1,180
4OEY,A,1,181
4OEY,A,1,250
4OEY,B,1,1
4OEY,B,1,10
4OEY,B,1,11
4OEZ,A,1,175
4OEZ,A,1,176
4OEZ,A,1,177
4OEZ,A,1,178
4OEZ,A,1,179
4OEZ,A,1,180
4OEZ,A,1,181
4OEZ,A,1,250
4OEZ,B,1,1
4OEZ,B,1,2
4OEZ,B,1,11
4OEZ,B,1,12
4OFR,A,1,1
4OFR,A,1,175
4OFR,A,1,176
4OFR,A,1,177
4OFR,A,1,178
4OFR,A,1,179
4OFR,A,1,250
4OFR,B,1,1
4OFR,B,1,2
4OFR,B,1,11
4OFR,B,1,12
4OFU,A,1,1
4OFU,A,1,175
4OFU,A,1,176
4OFU,A,1,177
4OFU,A,1,178
4OFU,A,1,179
4OFU,A,1,180
4OFU,A,1,181
4OFU,A,1,250
4OFU,B,1,1
4OFU,B,1,2
4OFU,B,1,11
4OFU,B,1,12
4OGH,A,1,1
4OGH,A,1,175
4OGH,A,1,176
4OGH,A,1,177
4OGH,A,1,178
4OGH,A,1,179
4OGH,A,1,180
4OGH,A,1,181
4OH5,A,1,1
4OH5,A,1,175
4OH5,A,1,176
4OH5,A,1,177
4OH5,A,1,178
4OH5,A,1,179
4OH5,A,1,180
4OH5,A,1,181
4OH5,B,1,1
4OH5,B,1,11
4OH6,A,1,1
4OH6,A,1,175
4OH6,A,1,176
4OH6,A,1,177
4OH6,A,1,178
4OH6,A,1,179
4OH6,A,1,180
4OH6,A,1,181
4OH6,B,1,1
4OH6,B,1,2
4OH6,B,1,3
4OH6,B,1,13
4OH6,B,1,14
4OH6,B,1,15
4OHA,A,1,1
4OHA,A,1,175
4OHA,A,1,176
4OHA,A,1,177
4OHA,A,1,178
4OHA,A,1,179
4OHA,A,1,180
4OHA,A,1,181
4OHA,B,1,1
4OHA,B,1,2
4OHA,B,1,12
4OIL,A,1,175
4OIL,A,1,176
4OIL,A,1,177
4OIL,A,1,178
4OIL,A,1,179
4OIL,A,1,180
4OIL,A,1,181
4OIL,A,1,250
4OIL,B,1,1
4OIL,B,1,2
4OIL,B,1,3
4OIL,B,1,4
4OIL,B,1,12
4OIU,A,1,175
4OIU,A,1,176
4OIU,A,1,177
4OIU,A,1,178
4OIU,A,1,179
4OIU,A,1,180
4OIU,A,1,181
4OIU,A,1,250
4OIU,B,1,1
4OIU,B,1,2
4OIU,B,1,10
4OIU,B,1,11
4OIU,B,1,12
4OIV,A,1,20
4OIV,A,1,21
4OIV,A,1,22
4OIV,A,1,23
4OIV,A,1,24
4OIV,A,1,25
4OIV,A,1,26
4OIV,A,1,27
4OIV,A,1,28
4OIV,A,1,29
4OIV,A,1,30
4OIV,A,1,31
4OIV,A,1,32
4OIV,A,1,33
4OIV,A,1,34
4OIV,A,1,35
4OIV,B,1,95
4OIV,B,1,96
4OIV,B,1,97
4OIV,B,1,98
4OIV,B,1,99
4OIV,B,1,100
4OIV,B,1,101
4OIV,B,1,218
4OJ4,A,1,1
4OJ4,A,1,2
4OJ4,A,1,3
4OJ4,A,1,4
4OJ4,A,1,5
4OJ4,A,1,6
4OJ4,A,1,7
4OJ4,A,1,43
4OJ4,A,1,44
4OJ4,A,1,64
4OJ4,A,1,65
4OJ4,A,1,66
4OJ4,A,1,67
4OJ4,A,1,68
4OJ4,A,1,69
4OJ4,A,1,70
4OJ4,A,1,71
4OJ4,A,1,72
4OJ9,A,1,250
4OJ9,B,1,1
4OJ9,B,1,2
4OJ9,B,1,11
4OJ9,B,1,12
4OJB,A,1,1
4OJB,A,1,175
4OJB,A,1,176
4OJB,A,1,177
4OJB,A,1,178
4OJB,A,1,179
4OJB,A,1,180
4OJB,A,1,181
4OJB,A,1,182
4OJB,A,1,250
4OK1,A,1,250
4OK1,B,1,1
4OK1,B,1,11
4OKB,A,1,1
4OKB,A,1,175
4OKB,A,1,176
4OKB,A,1,177
4OKB,A,1,178
4OKB,A,1,179
4OKB,A,1,180
4OKB,A,1,181
4OKB,A,1,182
4OKB,A,1,250
4OKB,B,1,1
4OKB,B,1,2
4OKB,B,1,3
4OKB,B,1,13
4OKB,B,1,14
4OKB,B,1,15
4OKT,A,1,175
4OKT,A,1,250
4OKT,B,1,1
4OKW,A,1,1
4OKW,A,1,175
4OKW,A,1,176
4OKW,A,1,177
4OKW,A,1,178
4OKW,A,1,179
4OKW,A,1,180
4OKW,A,1,181
4OKW,A,1,182
4OKW,A,1,249
4OKW,A,1,250
4OKW,B,1,1
4OKW,B,1,2
4OKW,B,1,3
4OKW,B,1,12
4OKX,A,1,1
4OKX,A,1,175
4OKX,A,1,176
4OKX,A,1,177
4OKX,A,1,178
4OKX,A,1,179
4OKX,A,1,180
4OKX,A,1,181
4OKX,A,1,182
4OKX,A,1,250
4OKX,B,1,1
4OKX,B,1,2
4OKX,B,1,3
4OKX,B,1,12
4OLM,A,1,1
4OLM,A,1,175
4OLM,A,1,176
4OLM,A,1,177
4OLM,A,1,178
4OLM,A,1,179
4OLM,A,1,180
4OLM,A,1,181
4OLM,A,1,182
4OLM,A,1,250
4OLM,B,1,1
4OLM,B,1,10
4OLM,B,1,11
4OLM,B,1,12
4ONI,A,1,1
4ONI,A,1,2
4ONI,A,1,3
4ONI,A,1,4
4ONI,A,1,5
4ONI,A,1,6
4ONI,A,1,7
4ONI,A,1,8
4ONI,A,1,9
4ONI,A,1,10
4ONI,A,1,252
4ONI,A,1,253
4ONI,B,1,1
4ONI,B,1,18
4ONI,B,1,19
4ONI,C,1,1
4ONI,C,1,2
4ONI,C,1,3
4ONI,C,1,4
4ONI,C,1,5
4ONI,C,1,6
4ONI,C,1,7
4ONI,C,1,8
4ONI,C,1,9
4ONI,C,1,10
4ONI,C,1,11
4ONI,D,1,1
4ONI,D,1,2
4ONI,D,1,3
4ONI,D,1,4
4ONI,D,1,5
4ONI,D,1,6
4ONI,D,1,17
4ONI,D,1,18
4ONI,D,1,19
4P6X,A,1,1
4P6X,A,1,2
4P6X,A,1,3
4P6X,B,1,1
4P6X,B,1,2
4P6X,G,1,255
4P6X,H,1,1
4P6X,J,1,1
4P6X,J,1,2
4PF3,A,1,1
4PF3,A,1,2
4PF3,A,1,3
4PF3,A,1,4
4PF3,A,1,5
4PF3,A,1,6
4PF3,A,1,7
4PF3,A,1,8
4PF3,A,1,9
4PF3,A,1,10
4PF3,A,1,11
4PF3,A,1,12
4PF3,A,1,13
4PF3,A,1,14
4PF3,A,1,15
4PF3,A,1,16
4PF3,A,1,17
4PF3,A,1,18
4PF3,A,1,19
4PF3,A,1,20
4PF3,A,1,21
4PF3,A,1,22
4PF3,A,1,23
4PF3,A,1,24
4PF3,A,1,25
4PF3,A,1,275
4PLD,A,1,1
4PLD,A,1,2
4PLD,A,1,3
4PLD,A,1,243
4PLD,A,1,244
4PLD,A,1,245
4PLD,B,1,1
4PLD,B,1,2
4PLD,B,1,14
4PLE,A,1,1
4PLE,A,1,243
4PLE,A,1,244
4PLE,A,1,245
4PLE,B,1,1
4PLE,B,1,2
4PLE,B,1,12
4PLE,B,1,13
4PLE,B,1,14
4PLE,C,1,1
4PLE,C,1,2
4PLE,C,1,167
4PLE,C,1,243
4PLE,C,1,244
4PLE,C,1,245
4PLE,D,1,1
4PLE,D,1,2
4PLE,D,1,13
4PLE,D,1,14
4PLE,E,1,242
4PLE,E,1,243
4PLE,E,1,244
4PLE,E,1,245
4PLE,F,1,1
4PLE,F,1,2
4PLE,F,1,13
4PLE,F,1,14
4PLE,G,1,1
4PLE,G,1,243
4PLE,G,1,244
4PLE,G,1,245
4PLE,H,1,1
4PLE,H,1,2
4PLE,H,1,13
4PLE,H,1,14
4POH,A,1,18
4POH,A,1,19
4POH,A,1,20
4POH,A,1,21
4POH,A,1,22
4POH,A,1,23
4POH,A,1,24
4POH,A,1,25
4POH,A,1,26
4POH,A,1,27
4POH,A,1,28
4POH,A,1,29
4POH,A,1,30
4POH,A,1,31
4POH,A,1,32
4POH,A,1,33
4POH,A,1,34
4POH,B,1,12
4POH,B,1,13
4POJ,A,1,18
4POJ,A,1,19
4POJ,A,1,20
4POJ,A,1,21
4POJ,A,1,22
4POJ,A,1,23
4POJ,A,1,24
4POJ,A,1,25
4POJ,A,1,26
4POJ,A,1,27
4POJ,A,1,28
4POJ,A,1,29
4POJ,A,1,30
4POJ,A,1,31
4POJ,A,1,32
4POJ,A,1,33
4POJ,A,1,34
4POJ,B,1,12
4POJ,B,1,13
4PP3,A,1,18
4PP3,A,1,19
4PP3,A,1,20
4PP3,A,1,21
4PP3,A,1,22
4PP3,A,1,23
4PP3,A,1,24
4PP3,A,1,25
4PP3,A,1,26
4PP3,A,1,27
4PP3,A,1,28
4PP3,A,1,29
4PP3,A,1,30
4PP3,A,1,31
4PP3,A,1,32
4PP3,A,1,33
4PP3,A,1,34
4PP3,B,1,12
4PP3,B,1,13
4PP5,A,1,18
4PP5,A,1,19
4PP5,A,1,20
4PP5,A,1,21
4PP5,A,1,22
4PP5,A,1,23
4PP5,A,1,24
4PP5,A,1,25
4PP5,A,1,26
4PP5,A,1,27
4PP5,A,1,28
4PP5,A,1,29
4PP5,A,1,30
4PP5,A,1,31
4PP5,A,1,32
4PP5,A,1,33
4PP5,A,1,34
4PP5,B,1,12
4PP5,B,1,13
4PP6,A,1,158
4PP6,A,1,159
4PP6,A,1,160
4PP6,A,1,161
4PP6,A,1,162
4PP6,A,1,163
4PP6,A,1,164
4PP6,A,1,165
4PP6,A,1,166
4PP6,A,1,167
4PP6,B,1,29
4PP6,B,1,30
4PP6,B,1,31
4PP6,B,1,32
4PP6,B,1,157
4PP6,B,1,158
4PP6,B,1,159
4PP6,B,1,160
4PP6,B,1,161
4PP6,B,1,162
4PP6,B,1,163
4PP6,B,1,164
4PP6,B,1,165
4PP6,B,1,166
4PPP,A,1,27
4PPP,A,1,28
4PPP,A,1,29
4PPP,A,1,30
4PPP,A,1,31
4PPP,A,1,32
4PPP,A,1,158
4PPP,A,1,159
4PPP,A,1,160
4PPP,A,1,161
4PPP,A,1,162
4PPP,A,1,163
4PPP,A,1,164
4PPP,A,1,165
4PPP,A,1,166
4PPP,A,1,167
4PPP,B,1,1
4PPP,B,1,2
4PPP,B,1,3
4PPP,B,1,4
4PPP,B,1,158
4PPP,B,1,159
4PPP,B,1,160
4PPP,B,1,161
4PPP,B,1,162
4PPP,C,1,8
4PPP,C,1,9
4PPS,A,1,55
4PPS,A,1,158
4PPS,A,1,159
4PPS,A,1,160
4PPS,A,1,161
4PPS,A,1,162
4PPS,B,1,158
4PPS,B,1,159
4PPS,B,1,160
4PPS,B,1,161
4PPS,B,1,162
4PPS,B,1,163
4PPS,B,1,164
4PPS,B,1,165
4PPS,D,1,1
4PPS,D,1,11
4PPS,D,1,12
4PVU,A,1,1
4PVU,A,1,2
4PVU,A,1,3
4PVU,A,1,4
4PVU,A,1,5
4PVU,A,1,6
4PVU,A,1,7
4PVU,A,1,8
4PVU,A,1,9
4PVU,A,1,10
4PVU,A,1,11
4PVU,A,1,12
4PVU,A,1,13
4PVU,A,1,14
4PVU,A,1,15
4PVU,A,1,16
4PVU,A,1,75
4PVU,A,1,76
4PVU,A,1,77
4PVU,A,1,78
4PVU,A,1,79
4PVU,A,1,80
4PVU,A,1,81
4PVU,A,1,82
4PVU,A,1,83
4PVU,A,1,84
4PVU,A,1,85
4PVU,A,1,285
4PVU,A,1,286
4PVU,A,1,287
4PVU,B,1,1
4PVU,B,1,2
4PVU,B,1,3
4PVU,B,1,4
4PVU,B,1,5
4PVU,B,1,6
4PVU,B,1,7
4PVU,B,1,8
4PVU,B,1,9
4PVU,B,1,10
4PVU,B,1,11
4PVU,B,1,12
4PVU,B,1,13
4PVU,B,1,14
4PVU,B,1,15
4PVU,B,1,16
4PVU,B,1,69
4PVU,B,1,70
4PVU,B,1,73
4PVU,B,1,74
4PVU,B,1,75
4PVU,B,1,76
4PVU,B,1,77
4PVU,B,1,78
4PVU,B,1,79
4PVU,B,1,80
4PVU,B,1,81
4PVU,B,1,82
4PVU,B,1,83
4PVU,B,1,84
4PVU,B,1,167
4PVU,B,1,284
4PVU,B,1,285
4PVU,B,1,286
4PVU,B,1,287
4PWL,A,1,1
4PWL,A,1,2
4PWL,A,1,3
4PWL,A,1,4
4PWL,A,1,5
4PWL,A,1,6
4PWL,A,1,7
4PWL,A,1,8
4PWL,A,1,9
4PWL,A,1,10
4PWL,A,1,11
4PWL,A,1,12
4PWL,A,1,13
4PWL,A,1,14
4PWL,A,1,15
4PWL,A,1,16
4PWL,A,1,73
4PWL,A,1,74
4PWL,A,1,75
4PWL,A,1,76
4PWL,A,1,77
4PWL,A,1,78
4PWL,A,1,79
4PWL,A,1,80
4PWL,A,1,81
4PWL,A,1,82
4PWL,A,1,83
4PWL,A,1,84
4PWL,A,1,85
4PWL,A,1,285
4PWL,A,1,286
4PWL,A,1,287
4PWL,B,1,1
4PWL,B,1,2
4PWL,B,1,3
4PWL,B,1,4
4PWL,B,1,5
4PWL,B,1,6
4PWL,B,1,7
4PWL,B,1,8
4PWL,B,1,9
4PWL,B,1,10
4PWL,B,1,11
4PWL,B,1,12
4PWL,B,1,13
4PWL,B,1,14
4PWL,B,1,15
4PWL,B,1,16
4PWL,B,1,69
4PWL,B,1,70
4PWL,B,1,71
4PWL,B,1,72
4PWL,B,1,73
4PWL,B,1,74
4PWL,B,1,75
4PWL,B,1,76
4PWL,B,1,77
4PWL,B,1,78
4PWL,B,1,79
4PWL,B,1,80
4PWL,B,1,81
4PWL,B,1,82
4PWL,B,1,83
4PWL,B,1,84
4PWL,B,1,85
4PWL,B,1,284
4PWL,B,1,285
4PWL,B,1,286
4PWL,B,1,287
4PXM,A,1,1
4PXM,A,1,2
4PXM,A,1,3
4PXM,A,1,4
4PXM,A,1,5
4PXM,A,1,6
4PXM,A,1,7
4PXM,A,1,8
4PXM,A,1,9
4PXM,A,1,10
4PXM,A,1,11
4PXM,A,1,12
4PXM,A,1,13
4PXM,A,1,14
4PXM,A,1,15
4PXM,A,1,16
4PXM,A,1,17
4PXM,A,1,18
4PXM,A,1,19
4PXM,A,1,20
4PXM,A,1,21
4PXM,A,1,22
4PXM,A,1,23
4PXM,A,1,177
4PXM,A,1,178
4PXM,A,1,179
4PXM,A,1,180
4PXM,A,1,181
4PXM,A,1,182
4PXM,A,1,183
4PXM,A,1,184
4PXM,A,1,185
4PXM,A,1,186
4PXM,A,1,187
4PXM,A,1,188
4PXM,A,1,189
4PXM,A,1,267
4PXM,A,1,268
4PXM,A,1,269
4PXM,A,1,270
4PXM,A,1,271
4PXM,B,1,1
4PXM,B,1,2
4PXM,B,1,3
4PXM,B,1,4
4PXM,B,1,5
4PXM,B,1,6
4PXM,B,1,7
4PXM,B,1,8
4PXM,B,1,9
4PXM,B,1,10
4PXM,B,1,11
4PXM,B,1,12
4PXM,B,1,13
4PXM,B,1,14
4PXM,B,1,15
4PXM,B,1,16
4PXM,B,1,17
4PXM,B,1,18
4PXM,B,1,19
4PXM,B,1,20
4PXM,B,1,21
4PXM,B,1,48
4PXM,B,1,49
4PXM,B,1,50
4PXM,B,1,51
4PXM,B,1,52
4PXM,B,1,53
4PXM,B,1,54
4PXM,B,1,178
4PXM,B,1,179
4PXM,B,1,180
4PXM,B,1,181
4PXM,B,1,182
4PXM,B,1,183
4PXM,B,1,184
4PXM,B,1,185
4PXM,B,1,186
4PXM,B,1,187
4PXM,B,1,188
4PXM,B,1,266
4PXM,B,1,267
4PXM,B,1,268
4PXM,B,1,269
4PXM,B,1,270
4PXM,B,1,271
4PXM,C,1,1
4PXM,C,1,2
4PXM,C,1,3
4PXM,C,1,10
4PXM,C,1,11
4PXM,C,1,12
4PXM,C,1,13
4PXM,D,1,1
4PXM,D,1,2
4PXM,D,1,3
4PXM,D,1,11
4PXM,D,1,12
4PXM,D,1,13
4Q13,A,1,1
4Q13,A,1,2
4Q13,A,1,3
4Q13,A,1,4
4Q13,A,1,5
4Q13,A,1,6
4Q13,A,1,7
4Q13,A,1,8
4Q13,A,1,9
4Q13,A,1,10
4Q13,A,1,11
4Q13,A,1,12
4Q13,A,1,44
4Q13,A,1,126
4Q13,A,1,168
4Q13,A,1,169
4Q13,A,1,170
4Q13,A,1,171
4Q13,A,1,172
4Q13,A,1,173
4Q13,A,1,174
4Q13,A,1,175
4Q13,A,1,176
4Q13,A,1,177
4Q13,A,1,178
4Q13,A,1,179
4Q13,A,1,240
4Q13,A,1,241
4Q13,A,1,242
4Q13,A,1,256
4Q13,A,1,257
4Q13,A,1,258
4Q13,A,1,259
4Q13,A,1,260
4Q13,A,1,261
4Q13,B,1,1
4Q13,B,1,2
4Q13,B,1,3
4Q13,B,1,4
4Q13,B,1,5
4Q13,B,1,6
4Q13,B,1,7
4Q13,B,1,8
4Q13,B,1,9
4Q13,B,1,10
4Q13,B,1,11
4Q13,B,1,12
4Q13,B,1,39
4Q13,B,1,40
4Q13,B,1,41
4Q13,B,1,42
4Q13,B,1,43
4Q13,B,1,168
4Q13,B,1,169
4Q13,B,1,170
4Q13,B,1,171
4Q13,B,1,172
4Q13,B,1,173
4Q13,B,1,174
4Q13,B,1,175
4Q13,B,1,176
4Q13,B,1,177
4Q13,B,1,178
4Q13,B,1,240
4Q13,B,1,256
4Q13,B,1,257
4Q13,B,1,258
4Q13,B,1,259
4Q13,B,1,260
4Q13,B,1,261
4Q13,C,1,1
4Q13,C,1,2
4Q13,C,1,3
4Q13,C,1,10
4Q13,C,1,11
4Q13,C,1,12
4Q13,C,1,13
4Q13,D,1,1
4Q13,D,1,2
4Q13,D,1,11
4Q13,D,1,12
4Q13,D,1,13
4Q50,A,1,1
4Q50,A,1,2
4Q50,A,1,3
4Q50,A,1,4
4Q50,A,1,5
4Q50,A,1,6
4Q50,A,1,7
4Q50,A,1,8
4Q50,A,1,9
4Q50,A,1,10
4Q50,A,1,11
4Q50,A,1,12
4Q50,A,1,36
4Q50,A,1,37
4Q50,A,1,38
4Q50,A,1,39
4Q50,A,1,40
4Q50,A,1,41
4Q50,A,1,42
4Q50,A,1,43
4Q50,A,1,44
4Q50,A,1,45
4Q50,A,1,46
4Q50,A,1,47
4Q50,A,1,106
4Q50,A,1,123
4Q50,A,1,124
4Q50,A,1,125
4Q50,A,1,166
4Q50,A,1,167
4Q50,A,1,168
4Q50,A,1,169
4Q50,A,1,170
4Q50,A,1,171
4Q50,A,1,172
4Q50,A,1,173
4Q50,A,1,234
4Q50,A,1,235
4Q50,A,1,236
4Q50,A,1,237
4Q50,A,1,238
4Q50,A,1,252
4Q50,A,1,253
4Q50,A,1,254
4Q50,A,1,255
4Q50,A,1,256
4Q50,A,1,257
4Q50,A,1,258
4Q50,A,1,259
4Q50,A,1,260
4Q50,B,1,1
4Q50,B,1,2
4Q50,B,1,3
4Q50,B,1,4
4Q50,B,1,5
4Q50,B,1,6
4Q50,B,1,7
4Q50,B,1,8
4Q50,B,1,9
4Q50,B,1,10
4Q50,B,1,11
4Q50,B,1,12
4Q50,B,1,37
4Q50,B,1,38
4Q50,B,1,39
4Q50,B,1,40
4Q50,B,1,41
4Q50,B,1,42
4Q50,B,1,43
4Q50,B,1,44
4Q50,B,1,45
4Q50,B,1,46
4Q50,B,1,47
4Q50,B,1,124
4Q50,B,1,125
4Q50,B,1,165
4Q50,B,1,166
4Q50,B,1,167
4Q50,B,1,168
4Q50,B,1,169
4Q50,B,1,170
4Q50,B,1,171
4Q50,B,1,172
4Q50,B,1,173
4Q50,B,1,174
4Q50,B,1,235
4Q50,B,1,236
4Q50,B,1,237
4Q50,B,1,238
4Q50,B,1,239
4Q50,B,1,240
4Q50,B,1,241
4Q50,B,1,252
4Q50,B,1,253
4Q50,B,1,254
4Q50,B,1,255
4Q50,B,1,256
4Q50,B,1,257
4Q50,B,1,258
4Q50,B,1,259
4Q50,B,1,260
4Q50,C,1,1
4Q50,C,1,2
4Q50,C,1,3
4Q50,C,1,4
4Q50,C,1,5
4Q50,C,1,6
4Q50,C,1,7
4Q50,C,1,8
4Q50,C,1,9
4Q50,C,1,10
4Q50,C,1,11
4Q50,C,1,37
4Q50,C,1,38
4Q50,C,1,39
4Q50,C,1,40
4Q50,C,1,41
4Q50,C,1,42
4Q50,C,1,43
4Q50,C,1,44
4Q50,C,1,45
4Q50,C,1,46
4Q50,C,1,125
4Q50,C,1,126
4Q50,C,1,167
4Q50,C,1,168
4Q50,C,1,172
4Q50,C,1,173
4Q50,C,1,234
4Q50,C,1,235
4Q50,C,1,236
4Q50,C,1,237
4Q50,C,1,238
4Q50,C,1,253
4Q50,C,1,254
4Q50,C,1,255
4Q50,C,1,256
4Q50,C,1,257
4Q50,C,1,258
4Q50,C,1,259
4Q50,C,1,260
4Q50,D,1,1
4Q50,D,1,2
4Q50,D,1,3
4Q50,D,1,4
4Q50,D,1,5
4Q50,D,1,6
4Q50,D,1,7
4Q50,D,1,8
4Q50,D,1,9
4Q50,D,1,10
4Q50,D,1,11
4Q50,D,1,37
4Q50,D,1,38
4Q50,D,1,39
4Q50,D,1,40
4Q50,D,1,41
4Q50,D,1,42
4Q50,D,1,43
4Q50,D,1,44
4Q50,D,1,45
4Q50,D,1,165
4Q50,D,1,166
4Q50,D,1,167
4Q50,D,1,168
4Q50,D,1,169
4Q50,D,1,170
4Q50,D,1,171
4Q50,D,1,172
4Q50,D,1,235
4Q50,D,1,236
4Q50,D,1,237
4Q50,D,1,238
4Q50,D,1,239
4Q50,D,1,240
4Q50,D,1,241
4Q50,D,1,252
4Q50,D,1,253
4Q50,D,1,254
4Q50,D,1,255
4Q50,D,1,256
4Q50,D,1,257
4Q50,D,1,258
4Q50,D,1,259
4Q50,D,1,260
4Q50,E,1,1
4Q50,E,1,2
4Q50,E,1,3
4Q50,E,1,4
4Q50,E,1,5
4Q50,E,1,6
4Q50,E,1,7
4Q50,E,1,8
4Q50,E,1,9
4Q50,E,1,10
4Q50,E,1,11
4Q50,E,1,38
4Q50,E,1,39
4Q50,E,1,40
4Q50,E,1,41
4Q50,E,1,42
4Q50,E,1,43
4Q50,E,1,44
4Q50,E,1,45
4Q50,E,1,125
4Q50,E,1,168
4Q50,E,1,169
4Q50,E,1,170
4Q50,E,1,171
4Q50,E,1,172
4Q50,E,1,173
4Q50,E,1,235
4Q50,E,1,236
4Q50,E,1,237
4Q50,E,1,238
4Q50,E,1,239
4Q50,E,1,240
4Q50,E,1,241
4Q50,E,1,252
4Q50,E,1,253
4Q50,E,1,254
4Q50,E,1,255
4Q50,E,1,256
4Q50,E,1,257
4Q50,E,1,258
4Q50,E,1,259
4Q50,E,1,260
4Q50,F,1,1
4Q50,F,1,2
4Q50,F,1,3
4Q50,F,1,4
4Q50,F,1,5
4Q50,F,1,6
4Q50,F,1,7
4Q50,F,1,8
4Q50,F,1,9
4Q50,F,1,10
4Q50,F,1,11
4Q50,F,1,12
4Q50,F,1,38
4Q50,F,1,39
4Q50,F,1,40
4Q50,F,1,41
4Q50,F,1,165
4Q50,F,1,168
4Q50,F,1,169
4Q50,F,1,170
4Q50,F,1,171
4Q50,F,1,172
4Q50,F,1,173
4Q50,F,1,234
4Q50,F,1,235
4Q50,F,1,236
4Q50,F,1,237
4Q50,F,1,238
4Q50,F,1,239
4Q50,F,1,240
4Q50,F,1,241
4Q50,F,1,252
4Q50,F,1,253
4Q50,F,1,254
4Q50,F,1,255
4Q50,F,1,256
4Q50,F,1,257
4Q50,F,1,258
4Q50,F,1,259
4Q50,F,1,260
4Q50,G,1,1
4Q50,G,1,2
4Q50,G,1,3
4Q50,G,1,4
4Q50,G,1,5
4Q50,G,1,6
4Q50,G,1,7
4Q50,G,1,8
4Q50,G,1,9
4Q50,G,1,10
4Q50,G,1,11
4Q50,G,1,12
4Q50,G,1,38
4Q50,G,1,39
4Q50,G,1,40
4Q50,G,1,41
4Q50,G,1,42
4Q50,G,1,43
4Q50,G,1,44
4Q50,G,1,45
4Q50,G,1,167
4Q50,G,1,168
4Q50,G,1,169
4Q50,G,1,170
4Q50,G,1,171
4Q50,G,1,172
4Q50,G,1,173
4Q50,G,1,235
4Q50,G,1,236
4Q50,G,1,237
4Q50,G,1,238
4Q50,G,1,239
4Q50,G,1,240
4Q50,G,1,253
4Q50,G,1,254
4Q50,G,1,255
4Q50,G,1,256
4Q50,G,1,257
4Q50,G,1,258
4Q50,G,1,259
4Q50,G,1,260
4Q50,H,1,1
4Q50,H,1,2
4Q50,H,1,3
4Q50,H,1,4
4Q50,H,1,5
4Q50,H,1,6
4Q50,H,1,7
4Q50,H,1,8
4Q50,H,1,9
4Q50,H,1,10
4Q50,H,1,11
4Q50,H,1,12
4Q50,H,1,38
4Q50,H,1,39
4Q50,H,1,40
4Q50,H,1,41
4Q50,H,1,42
4Q50,H,1,43
4Q50,H,1,44
4Q50,H,1,45
4Q50,H,1,168
4Q50,H,1,169
4Q50,H,1,170
4Q50,H,1,171
4Q50,H,1,172
4Q50,H,1,173
4Q50,H,1,233
4Q50,H,1,234
4Q50,H,1,235
4Q50,H,1,236
4Q50,H,1,237
4Q50,H,1,238
4Q50,H,1,239
4Q50,H,1,240
4Q50,H,1,253
4Q50,H,1,254
4Q50,H,1,255
4Q50,H,1,256
4Q50,H,1,257
4Q50,H,1,258
4Q50,H,1,259
4Q50,H,1,260
4QE8,A,1,1
4QE8,A,1,2
4QE8,A,1,3
4QE8,A,1,102
4QE8,A,1,103
4QE8,A,1,217
4QE8,A,1,218
4QE8,A,1,219
4QE8,A,1,220
4QE8,B,1,1
4QE8,B,1,2
4QE8,B,1,3
4QE8,B,1,102
4QE8,B,1,103
4QE8,B,1,216
4QE8,B,1,217
4QE8,B,1,218
4QE8,B,1,219
4QE8,B,1,220
4QE8,D,1,1
4QJR,A,1,1
4QJR,B,1,1
4QJR,B,1,2
4QK4,A,1,1
4QK4,B,1,1
4QK4,B,1,2
4QL8,A,1,1
4QL8,A,1,2
4QL8,A,1,3
4QL8,A,1,4
4QL8,A,1,5
4QL8,A,1,6
4QL8,A,1,7
4QL8,A,1,8
4QL8,A,1,9
4QL8,A,1,10
4QL8,A,1,185
4QL8,A,1,186
4QL8,A,1,187
4QL8,A,1,188
4QL8,A,1,189
4QL8,A,1,190
4QL8,A,1,191
4QL8,A,1,258
4QL8,A,1,259
4QM0,A,1,1
4QM0,A,1,2
4QM0,A,1,3
4QM0,A,1,4
4QM0,A,1,5
4QM0,A,1,240
4QM0,A,1,241
4QM0,A,1,242
4QM0,A,1,243
4QM0,A,1,244
4QM0,A,1,245
4QM0,A,1,246
4QM0,A,1,247
4QM0,A,1,248
4QM0,A,1,249
4QM0,A,1,250
4QM0,A,1,251
4QM0,B,1,1
4QM0,B,1,2
4QM0,B,1,3
4QM0,B,1,4
4QM0,B,1,5
4QM0,B,1,226
4QM0,B,1,227
4QM0,B,1,228
4QM0,B,1,229
4QM0,B,1,230
4QM0,B,1,231
4QM0,B,1,232
4QM0,B,1,233
4QM0,B,1,234
4QM0,B,1,235
4R06,A,1,1
4R06,A,1,35
4R06,A,1,36
4R06,A,1,56
4R06,A,1,57
4R06,A,1,58
4R06,A,1,59
4R06,A,1,60
4R06,A,1,61
4R06,A,1,62
4R06,A,1,63
4R06,A,1,64
4R06,A,1,65
4R06,A,1,66
4R06,A,1,67
4R06,A,1,68
4R06,A,1,69
4R06,A,1,70
4R06,A,1,71
4R06,A,1,272
4R06,A,1,273
4R06,B,1,1
4R06,B,1,2
4R06,B,1,37
4R06,B,1,38
4R06,B,1,39
4R06,B,1,40
4R06,B,1,65
4R06,B,1,66
4R06,B,1,67
4R06,B,1,68
4R06,B,1,69
4R06,B,1,70
4R06,B,1,71
4R06,B,1,258
4R06,B,1,259
4R06,B,1,260
4R06,B,1,261
4R06,B,1,262
4R06,B,1,272
4R06,B,1,273
4R2U,A,1,1
4R2U,A,1,2
4R2U,A,1,38
4R2U,A,1,39
4R2U,A,1,62
4R2U,A,1,63
4R2U,A,1,64
4R2U,A,1,65
4R2U,A,1,66
4R2U,A,1,67
4R2U,A,1,68
4R2U,A,1,69
4R2U,A,1,70
4R2U,A,1,71
4R2U,A,1,275
4R2U,B,1,1
4R2U,B,1,2
4R2U,B,1,3
4R2U,B,1,4
4R2U,B,1,5
4R2U,B,1,67
4R2U,B,1,68
4R2U,B,1,69
4R2U,B,1,70
4R2U,B,1,71
4R2U,B,1,72
4R2U,B,1,259
4R2U,B,1,260
4R2U,B,1,261
4R2U,B,1,262
4R2U,B,1,263
4R2U,B,1,274
4R2U,B,1,275
4R6S,A,1,62
4R6S,A,1,63
4R6S,A,1,64
4R6S,A,1,65
4R6S,A,1,66
4R6S,A,1,67
4R6S,A,1,68
4R6S,A,1,69
4R6S,A,1,70
4R6S,A,1,71
4R6S,A,1,72
4R6S,A,1,73
4R6S,A,1,275
4R6S,B,1,1
4R6S,B,1,2
4R6S,B,1,3
4R6S,B,1,4
4R6S,B,1,39
4R6S,B,1,40
4R6S,B,1,41
4R6S,B,1,66
4R6S,B,1,67
4R6S,B,1,68
4R6S,B,1,69
4R6S,B,1,70
4R6S,B,1,71
4R6S,B,1,72
4R6S,B,1,260
4R6S,B,1,261
4R6S,B,1,262
4R6S,B,1,263
4R6S,B,1,273
4R6S,B,1,274
4R6S,B,1,275
4RAK,A,1,1
4RAK,A,1,2
4RAK,A,1,3
4RAK,A,1,4
4RAK,A,1,5
4RAK,A,1,6
4RAK,A,1,7
4RAK,A,1,8
4RAK,A,1,9
4RAK,A,1,10
4RAK,A,1,11
4RAK,A,1,12
4RAK,A,1,13
4RAK,A,1,14
4RAK,A,1,15
4RAK,A,1,16
4RAK,A,1,17
4RAK,A,1,18
4RAK,A,1,19
4RAK,A,1,20
4RAK,A,1,247
4RAK,A,1,248
4RAK,A,1,249
4RAK,A,1,250
4RAK,A,1,261
4RAK,A,1,262
4RAK,A,1,263
4RAK,A,1,264
4RAK,B,1,1
4RAK,B,1,2
4RAK,B,1,3
4RAK,B,1,4
4RAK,B,1,5
4RAK,B,1,6
4RAK,B,1,7
4RAK,B,1,8
4RAK,B,1,9
4RAK,B,1,10
4RAK,B,1,11
4RAK,B,1,12
4RAK,B,1,13
4RAK,B,1,14
4RAK,B,1,15
4RAK,B,1,16
4RAK,B,1,17
4RAK,B,1,18
4RAK,B,1,19
4RAK,B,1,20
4RAK,B,1,21
4RAK,B,1,57
4RAK,B,1,58
4RAK,B,1,59
4RAK,B,1,60
4RAK,B,1,61
4RAK,B,1,62
4RAK,B,1,63
4RAK,B,1,64
4RAK,B,1,262
4RAK,B,1,263
4RAK,B,1,264
4RE8,A,1,1
4RE8,A,1,2
4RE8,A,1,3
4RE8,A,1,4
4RE8,A,1,5
4RE8,A,1,6
4RE8,A,1,7
4RE8,A,1,8
4RE8,A,1,9
4RE8,A,1,10
4RE8,A,1,11
4RE8,A,1,44
4RE8,A,1,45
4RE8,A,1,46
4RE8,A,1,193
4RE8,A,1,194
4RE8,A,1,195
4RE8,A,1,196
4RE8,A,1,197
4RE8,A,1,198
4RE8,A,1,199
4RE8,A,1,249
4RE8,A,1,250
4RE8,A,1,251
4RE8,A,1,252
4RE8,A,1,253
4RE8,A,1,254
4RE8,A,1,255
4RE8,A,1,256
4RE8,B,1,1
4RE8,B,1,2
4RE8,B,1,3
4RE8,B,1,4
4RE8,B,1,5
4RE8,B,1,6
4RE8,B,1,7
4RE8,B,1,8
4RE8,B,1,9
4RE8,B,1,10
4RE8,B,1,11
4RE8,B,1,195
4RE8,B,1,196
4RE8,B,1,197
4RE8,B,1,198
4RE8,B,1,249
4RE8,B,1,250
4RE8,B,1,251
4RE8,B,1,252
4RE8,B,1,253
4RE8,B,1,254
4RE8,B,1,255
4RE8,B,1,256
4REE,A,1,1
4REE,A,1,2
4REE,A,1,3
4REE,A,1,4
4REE,A,1,5
4REE,A,1,6
4REE,A,1,7
4REE,A,1,8
4REE,A,1,9
4REE,A,1,10
4REE,A,1,11
4REE,A,1,45
4REE,A,1,46
4REE,A,1,197
4REE,A,1,198
4REE,A,1,249
4REE,A,1,250
4REE,A,1,251
4REE,A,1,252
4REE,A,1,253
4REE,A,1,254
4REE,A,1,255
4REE,A,1,256
4REE,B,1,1
4REE,B,1,2
4REE,B,1,3
4REE,B,1,4
4REE,B,1,5
4REE,B,1,6
4REE,B,1,7
4REE,B,1,8
4REE,B,1,9
4REE,B,1,10
4REE,B,1,195
4REE,B,1,196
4REE,B,1,197
4REE,B,1,198
4REE,B,1,249
4REE,B,1,250
4REE,B,1,251
4REE,B,1,252
4REE,B,1,253
4REE,B,1,254
4REE,B,1,255
4REE,B,1,256
4REF,A,1,1
4REF,A,1,2
4REF,A,1,3
4REF,A,1,4
4REF,A,1,5
4REF,A,1,6
4REF,A,1,7
4REF,A,1,8
4REF,A,1,9
4REF,A,1,10
4REF,A,1,196
4REF,A,1,197
4REF,A,1,198
4REF,A,1,249
4REF,A,1,250
4REF,A,1,251
4REF,A,1,252
4REF,A,1,253
4REF,A,1,254
4REF,A,1,255
4REF,A,1,256
4REF,B,1,1
4REF,B,1,2
4REF,B,1,3
4REF,B,1,4
4REF,B,1,5
4REF,B,1,6
4REF,B,1,7
4REF,B,1,8
4REF,B,1,9
4REF,B,1,10
4REF,B,1,11
4REF,B,1,195
4REF,B,1,196
4REF,B,1,197
4REF,B,1,198
4REF,B,1,199
4REF,B,1,200
4REF,B,1,249
4REF,B,1,250
4REF,B,1,251
4REF,B,1,252
4REF,B,1,253
4REF,B,1,254
4REF,B,1,255
4REF,B,1,256
4RFW,A,1,18
4RFW,A,1,19
4RFW,A,1,20
4RFW,A,1,21
4RFW,A,1,22
4RFW,A,1,23
4RFW,A,1,24
4RFW,A,1,25
4RFW,A,1,26
4RFW,A,1,27
4RFW,A,1,28
4RFW,A,1,29
4RFW,A,1,30
4RFW,A,1,31
4RFW,A,1,32
4RFW,A,1,33
4RFW,A,1,34
4RFW,B,1,12
4RFW,B,1,13
4RMC,A,1,18
4RMC,A,1,19
4RMC,A,1,20
4RMC,A,1,21
4RMC,A,1,22
4RMC,A,1,23
4RMC,A,1,24
4RMC,A,1,25
4RMC,A,1,26
4RMC,A,1,27
4RMC,A,1,28
4RMC,A,1,29
4RMC,A,1,30
4RMC,A,1,31
4RMC,A,1,32
4RMC,A,1,33
4RMC,A,1,34
4RMC,B,1,12
4RMC,B,1,13
4RMD,A,1,18
4RMD,A,1,19
4RMD,A,1,20
4RMD,A,1,21
4RMD,A,1,22
4RMD,A,1,23
4RMD,A,1,24
4RMD,A,1,25
4RMD,A,1,26
4RMD,A,1,27
4RMD,A,1,28
4RMD,A,1,29
4RMD,A,1,30
4RMD,A,1,31
4RMD,A,1,32
4RMD,A,1,33
4RMD,A,1,34
4RMD,A,1,232
4RMD,A,1,233
4RMD,A,1,234
4RMD,A,1,235
4RMD,B,1,12
4RMD,B,1,13
4RME,A,1,18
4RME,A,1,19
4RME,A,1,20
4RME,A,1,21
4RME,A,1,22
4RME,A,1,23
4RME,A,1,24
4RME,A,1,25
4RME,A,1,26
4RME,A,1,27
4RME,A,1,28
4RME,A,1,29
4RME,A,1,30
4RME,A,1,31
4RME,A,1,32
4RME,A,1,33
4RME,A,1,34
4RME,A,1,232
4RME,A,1,233
4RME,A,1,234
4RME,A,1,235
4RME,B,1,12
4RME,B,1,13
4RWV,A,1,1
4RWV,A,1,2
4RWV,A,1,3
4RWV,A,1,4
4RWV,A,1,248
4RWV,A,1,249
4RZE,A,1,1
4RZE,A,1,2
4RZE,A,1,3
4RZE,A,1,4
4RZE,A,1,5
4RZE,A,1,6
4RZE,A,1,7
4RZE,A,1,8
4RZE,A,1,9
4RZE,A,1,10
4RZE,A,1,11
4RZE,A,1,43
4RZE,A,1,44
4RZE,A,1,45
4RZE,A,1,46
4RZE,A,1,195
4RZE,A,1,196
4RZE,A,1,197
4RZE,A,1,198
4RZE,A,1,249
4RZE,A,1,250
4RZE,A,1,251
4RZE,A,1,252
4RZE,A,1,253
4RZE,A,1,254
4RZE,A,1,255
4RZE,A,1,256
4RZE,B,1,1
4RZE,B,1,2
4RZE,B,1,3
4RZE,B,1,4
4RZE,B,1,5
4RZE,B,1,6
4RZE,B,1,7
4RZE,B,1,8
4RZE,B,1,9
4RZE,B,1,10
4RZE,B,1,11
4RZE,B,1,194
4RZE,B,1,195
4RZE,B,1,196
4RZE,B,1,197
4RZE,B,1,198
4RZE,B,1,249
4RZE,B,1,250
4RZE,B,1,251
4RZE,B,1,252
4RZE,B,1,253
4RZE,B,1,254
4RZE,B,1,255
4RZE,B,1,256
4RZF,A,1,1
4RZF,A,1,2
4RZF,A,1,3
4RZF,A,1,4
4RZF,A,1,5
4RZF,A,1,6
4RZF,A,1,7
4RZF,A,1,8
4RZF,A,1,9
4RZF,A,1,10
4RZF,A,1,193
4RZF,A,1,194
4RZF,A,1,195
4RZF,A,1,196
4RZF,A,1,197
4RZF,A,1,198
4RZF,A,1,249
4RZF,A,1,250
4RZF,A,1,251
4RZF,A,1,252
4RZF,A,1,253
4RZF,A,1,254
4RZF,A,1,255
4RZF,A,1,256
4RZF,B,1,1
4RZF,B,1,2
4RZF,B,1,3
4RZF,B,1,4
4RZF,B,1,5
4RZF,B,1,6
4RZF,B,1,7
4RZF,B,1,8
4RZF,B,1,9
4RZF,B,1,10
4RZF,B,1,11
4RZF,B,1,195
4RZF,B,1,196
4RZF,B,1,197
4RZF,B,1,198
4RZF,B,1,249
4RZF,B,1,250
4RZF,B,1,251
4RZF,B,1,252
4RZF,B,1,253
4RZF,B,1,254
4RZF,B,1,255
4RZF,B,1,256
4RZG,A,1,1
4RZG,A,1,2
4RZG,A,1,3
4RZG,A,1,4
4RZG,A,1,5
4RZG,A,1,6
4RZG,A,1,7
4RZG,A,1,8
4RZG,A,1,9
4RZG,A,1,10
4RZG,A,1,44
4RZG,A,1,197
4RZG,A,1,198
4RZG,A,1,249
4RZG,A,1,250
4RZG,A,1,251
4RZG,A,1,252
4RZG,A,1,253
4RZG,A,1,254
4RZG,A,1,255
4RZG,A,1,256
4RZG,B,1,1
4RZG,B,1,2
4RZG,B,1,3
4RZG,B,1,4
4RZG,B,1,5
4RZG,B,1,6
4RZG,B,1,7
4RZG,B,1,8
4RZG,B,1,9
4RZG,B,1,10
4RZG,B,1,11
4RZG,B,1,195
4RZG,B,1,196
4RZG,B,1,197
4RZG,B,1,198
4RZG,B,1,249
4RZG,B,1,250
4RZG,B,1,251
4RZG,B,1,252
4RZG,B,1,253
4RZG,B,1,254
4RZG,B,1,255
4RZG,B,1,256
4S0S,A,1,1
4S0S,A,1,2
4S0S,A,1,3
4S0S,A,1,4
4S0S,A,1,5
4S0S,A,1,6
4S0S,A,1,7
4S0S,A,1,8
4S0S,A,1,9
4S0S,A,1,10
4S0S,A,1,11
4S0S,A,1,12
4S0S,A,1,13
4S0S,A,1,14
4S0S,A,1,15
4S0S,A,1,16
4S0S,A,1,17
4S0S,A,1,18
4S0S,A,1,19
4S0S,A,1,20
4S0S,A,1,21
4S0S,A,1,22
4S0S,A,1,23
4S0S,A,1,59
4S0S,A,1,60
4S0S,A,1,61
4S0S,A,1,62
4S0S,A,1,63
4S0S,A,1,64
4S0S,A,1,65
4S0S,A,1,66
4S0S,A,1,67
4S0S,A,1,68
4S0S,A,1,69
4S0S,A,1,70
4S0S,A,1,71
4S0S,A,1,72
4S0S,A,1,311
4S0S,A,1,312
4S0S,A,1,313
4S0S,A,1,314
4S0S,A,1,315
4S0S,B,1,1
4S0S,B,1,2
4S0S,B,1,3
4S0S,B,1,4
4S0S,B,1,5
4S0S,B,1,6
4S0S,B,1,7
4S0S,B,1,8
4S0S,B,1,9
4S0S,B,1,10
4S0S,B,1,11
4S0S,B,1,12
4S0S,B,1,13
4S0S,B,1,14
4S0S,B,1,15
4S0S,B,1,16
4S0S,B,1,17
4S0S,B,1,18
4S0S,B,1,19
4S0S,B,1,20
4S0S,B,1,21
4S0S,B,1,22
4S0S,B,1,23
4S0S,B,1,59
4S0S,B,1,60
4S0S,B,1,61
4S0S,B,1,62
4S0S,B,1,63
4S0S,B,1,64
4S0S,B,1,65
4S0S,B,1,66
4S0S,B,1,67
4S0S,B,1,68
4S0S,B,1,69
4S0S,B,1,70
4S0S,B,1,71
4S0S,B,1,72
4S0S,B,1,311
4S0S,B,1,312
4S0S,B,1,313
4S0S,B,1,314
4S0S,B,1,315
4S0S,C,1,1
4S0S,C,1,2
4S0S,C,1,3
4S0S,C,1,4
4S0S,C,1,5
4S0S,C,1,6
4S0S,C,1,7
4S0S,C,1,8
4S0S,C,1,9
4S0S,C,1,10
4S0S,C,1,11
4S0S,C,1,12
4S0S,C,1,13
4S0S,C,1,14
4S0S,C,1,15
4S0S,C,1,94
4S0S,C,1,95
4S0S,C,1,96
4S0S,C,1,97
4S0S,C,1,110
4S0S,C,1,111
4S0S,C,1,112
4S0S,C,1,113
4S0S,C,1,114
4S0S,C,1,115
4S0S,C,1,116
4S0S,C,1,117
4S0S,C,1,118
4S0S,C,1,119
4S0S,C,1,120
4S0S,D,1,1
4S0S,D,1,2
4S0S,D,1,3
4S0S,D,1,4
4S0S,D,1,5
4S0S,D,1,6
4S0S,D,1,7
4S0S,D,1,8
4S0S,D,1,9
4S0S,D,1,10
4S0S,D,1,11
4S0S,D,1,12
4S0S,D,1,13
4S0S,D,1,14
4S0S,D,1,15
4S0S,D,1,94
4S0S,D,1,95
4S0S,D,1,96
4S0S,D,1,97
4S0S,D,1,110
4S0S,D,1,111
4S0S,D,1,112
4S0S,D,1,113
4S0S,D,1,114
4S0S,D,1,115
4S0S,D,1,116
4S0S,D,1,117
4S0S,D,1,118
4S0S,D,1,119
4S0S,D,1,120
4S0T,A,1,1
4S0T,A,1,2
4S0T,A,1,3
4S0T,A,1,4
4S0T,A,1,5
4S0T,A,1,6
4S0T,A,1,7
4S0T,A,1,8
4S0T,A,1,9
4S0T,A,1,10
4S0T,A,1,11
4S0T,A,1,12
4S0T,A,1,13
4S0T,A,1,14
4S0T,A,1,15
4S0T,A,1,16
4S0T,A,1,17
4S0T,A,1,18
4S0T,A,1,19
4S0T,A,1,20
4S0T,A,1,21
4S0T,A,1,22
4S0T,A,1,23
4S0T,A,1,59
4S0T,A,1,60
4S0T,A,1,61
4S0T,A,1,62
4S0T,A,1,63
4S0T,A,1,64
4S0T,A,1,65
4S0T,A,1,66
4S0T,A,1,311
4S0T,A,1,312
4S0T,A,1,313
4S0T,A,1,314
4S0T,A,1,315
4S0T,B,1,1
4S0T,B,1,2
4S0T,B,1,3
4S0T,B,1,4
4S0T,B,1,5
4S0T,B,1,6
4S0T,B,1,7
4S0T,B,1,8
4S0T,B,1,9
4S0T,B,1,10
4S0T,B,1,11
4S0T,B,1,12
4S0T,B,1,13
4S0T,B,1,14
4S0T,B,1,15
4S0T,B,1,16
4S0T,B,1,17
4S0T,B,1,18
4S0T,B,1,19
4S0T,B,1,20
4S0T,B,1,21
4S0T,B,1,22
4S0T,B,1,60
4S0T,B,1,61
4S0T,B,1,62
4S0T,B,1,63
4S0T,B,1,64
4S0T,B,1,65
4S0T,B,1,66
4S0T,B,1,313
4S0T,B,1,314
4S0T,B,1,315
4S0T,C,1,1
4S0T,C,1,2
4S0T,C,1,3
4S0T,C,1,4
4S0T,C,1,5
4S0T,C,1,6
4S0T,C,1,7
4S0T,C,1,8
4S0T,C,1,9
4S0T,C,1,10
4S0T,C,1,11
4S0T,C,1,12
4S0T,C,1,13
4S0T,C,1,14
4S0T,C,1,94
4S0T,C,1,95
4S0T,C,1,96
4S0T,C,1,97
4S0T,C,1,110
4S0T,C,1,111
4S0T,C,1,112
4S0T,C,1,113
4S0T,C,1,114
4S0T,C,1,115
4S0T,C,1,116
4S0T,C,1,117
4S0T,C,1,118
4S0T,C,1,119
4S0T,C,1,120
4S0T,D,1,1
4S0T,D,1,2
4S0T,D,1,3
4S0T,D,1,4
4S0T,D,1,5
4S0T,D,1,6
4S0T,D,1,7
4S0T,D,1,8
4S0T,D,1,9
4S0T,D,1,10
4S0T,D,1,11
4S0T,D,1,12
4S0T,D,1,13
4S0T,D,1,14
4S0T,D,1,94
4S0T,D,1,95
4S0T,D,1,96
4S0T,D,1,97
4S0T,D,1,110
4S0T,D,1,111
4S0T,D,1,112
4S0T,D,1,113
4S0T,D,1,114
4S0T,D,1,115
4S0T,D,1,116
4S0T,D,1,117
4S0T,D,1,118
4S0T,D,1,119
4S0T,D,1,120
4S14,A,1,1
4S14,A,1,2
4S14,A,1,3
4S14,A,1,249
4S14,A,1,250
4S14,A,1,251
4S14,A,1,252
4S14,A,1,253
4S14,A,1,254
4S14,A,1,255
4S14,A,1,256
4S14,A,1,257
4S14,A,1,258
4S14,A,1,259
4S14,B,1,10
4S14,B,1,11
4S14,B,1,12
4S15,A,1,1
4S15,A,1,246
4S15,A,1,247
4S15,A,1,248
4S15,A,1,249
4S15,A,1,250
4S15,A,1,251
4S15,A,1,252
4S15,A,1,253
4S15,A,1,254
4S15,A,1,255
4S15,A,1,256
4S15,B,1,10
4S15,B,1,11
4S15,B,1,12
4S15,C,1,1
4S15,C,1,252
4S15,C,1,253
4S15,C,1,254
4S15,C,1,255
4S15,C,1,256
4S15,D,1,10
4S15,D,1,11
4S15,D,1,12
4TUZ,A,1,1
4TUZ,A,1,2
4TUZ,A,1,3
4TUZ,A,1,4
4TUZ,A,1,5
4TUZ,A,1,6
4TUZ,A,1,7
4TUZ,A,1,165
4TUZ,A,1,166
4TUZ,A,1,167
4TUZ,A,1,168
4TUZ,A,1,169
4TUZ,A,1,170
4TUZ,A,1,171
4TUZ,A,1,172
4TUZ,A,1,253
4TUZ,A,1,254
4TUZ,A,1,255
4TUZ,B,1,1
4TUZ,B,1,2
4TUZ,B,1,3
4TUZ,B,1,4
4TUZ,B,1,5
4TUZ,B,1,6
4TUZ,B,1,7
4TUZ,B,1,166
4TUZ,B,1,253
4TUZ,B,1,254
4TUZ,B,1,255
4TUZ,C,1,1
4TUZ,C,1,2
4TUZ,C,1,12
4TUZ,C,1,13
4TUZ,D,1,1
4TUZ,D,1,2
4TUZ,D,1,12
4TUZ,D,1,13
4TV1,A,1,1
4TV1,A,1,2
4TV1,A,1,3
4TV1,A,1,161
4TV1,A,1,162
4TV1,A,1,163
4TV1,A,1,164
4TV1,A,1,165
4TV1,A,1,166
4TV1,A,1,167
4TV1,A,1,168
4TV1,A,1,248
4TV1,A,1,249
4TV1,A,1,250
4TV1,A,1,251
4TV1,B,1,1
4TV1,B,1,2
4TV1,B,1,3
4TV1,B,1,4
4TV1,B,1,35
4TV1,B,1,161
4TV1,B,1,162
4TV1,B,1,163
4TV1,B,1,164
4TV1,B,1,165
4TV1,B,1,166
4TV1,B,1,167
4TV1,B,1,168
4TV1,B,1,169
4TV1,B,1,248
4TV1,B,1,249
4TV1,B,1,250
4TV1,B,1,251
4TV1,C,1,1
4TV1,C,1,2
4TV1,C,1,12
4TV1,C,1,13
4TV1,D,1,1
4TV1,D,1,2
4TV1,D,1,12
4TV1,D,1,13
4UDA,A,1,1
4UDA,A,1,2
4UDA,A,1,3
4UDA,A,1,4
4UDA,A,1,177
4UDA,A,1,178
4UDA,A,1,179
4UDA,A,1,180
4UDA,A,1,251
4UDA,B,1,1
4UDA,B,1,2
4UDA,B,1,3
4UDA,B,1,4
4UDA,B,1,5
4UDB,A,1,1
4UDB,A,1,2
4UDB,A,1,3
4UDB,A,1,4
4UDB,A,1,5
4UDB,A,1,6
4UDB,A,1,7
4UDB,A,1,8
4UDB,A,1,9
4UDB,A,1,10
4UDB,A,1,11
4UDB,A,1,12
4UDB,A,1,13
4UDB,A,1,14
4UDB,A,1,15
4UDB,A,1,16
4UDB,A,1,17
4UDB,A,1,18
4UDB,A,1,19
4UDB,A,1,20
4UDB,A,1,21
4UDB,A,1,22
4UDB,A,1,23
4UDB,A,1,24
4UDB,A,1,44
4UDB,A,1,45
4UDB,A,1,46
4UDB,A,1,272
4UDB,B,1,1
4UDB,B,1,2
4UDB,B,1,3
4UDC,A,1,1
4UDC,A,1,2
4UDC,A,1,3
4UDC,A,1,4
4UDC,A,1,5
4UDC,A,1,6
4UDC,A,1,7
4UDC,A,1,8
4UDC,A,1,9
4UDC,A,1,10
4UDC,A,1,11
4UDC,A,1,12
4UDC,A,1,13
4UDC,A,1,14
4UDC,A,1,15
4UDC,A,1,16
4UDC,A,1,17
4UDC,A,1,18
4UDC,A,1,19
4UDC,A,1,20
4UDC,A,1,21
4UDC,A,1,22
4UDC,A,1,23
4UDC,A,1,24
4UDC,A,1,25
4UDC,A,1,26
4UDC,A,1,27
4UDC,A,1,28
4UDC,A,1,29
4UDC,A,1,30
4UDC,A,1,31
4UDC,A,1,280
4UDC,B,1,1
4UDD,A,1,1
4UDD,A,1,2
4UDD,A,1,3
4UDD,A,1,4
4UDD,A,1,5
4UDD,A,1,6
4UDD,A,1,7
4UDD,A,1,8
4UDD,A,1,9
4UDD,A,1,10
4UDD,A,1,11
4UDD,A,1,12
4UDD,A,1,13
4UDD,A,1,14
4UDD,A,1,15
4UDD,A,1,16
4UDD,A,1,17
4UDD,A,1,18
4UDD,A,1,19
4UDD,A,1,20
4UDD,A,1,21
4UDD,A,1,22
4UDD,A,1,23
4UDD,A,1,24
4UDD,A,1,25
4UDD,A,1,26
4UDD,A,1,27
4UDD,A,1,28
4UDD,A,1,29
4UDD,A,1,30
4UDD,A,1,31
4UDD,B,1,1
4WHF,A,1,1
4WHF,A,1,2
4WHF,A,1,3
4WHF,A,1,4
4WHF,A,1,5
4WHF,A,1,6
4WHF,A,1,7
4WHF,A,1,8
4WHF,A,1,9
4WHF,A,1,10
4WHF,A,1,11
4WHF,A,1,45
4WHF,A,1,46
4WHF,A,1,47
4WHF,A,1,194
4WHF,A,1,195
4WHF,A,1,196
4WHF,A,1,197
4WHF,A,1,198
4WHF,A,1,199
4WHF,A,1,250
4WHF,A,1,251
4WHF,A,1,252
4WHF,A,1,253
4WHF,A,1,254
4WHF,A,1,255
4WHF,A,1,256
4WHF,A,1,257
4WHF,B,1,1
4WHF,B,1,2
4WHF,B,1,3
4WHF,B,1,4
4WHF,B,1,5
4WHF,B,1,6
4WHF,B,1,7
4WHF,B,1,8
4WHF,B,1,9
4WHF,B,1,10
4WHF,B,1,11
4WHF,B,1,12
4WHF,B,1,196
4WHF,B,1,197
4WHF,B,1,198
4WHF,B,1,199
4WHF,B,1,200
4WHF,B,1,201
4WHF,B,1,250
4WHF,B,1,251
4WHF,B,1,252
4WHF,B,1,253
4WHF,B,1,254
4WHF,B,1,255
4WHF,B,1,256
4WHF,B,1,257
4WHG,A,1,1
4WHG,A,1,2
4WHG,A,1,3
4WHG,A,1,4
4WHG,A,1,5
4WHG,A,1,6
4WHG,A,1,7
4WHG,A,1,8
4WHG,A,1,9
4WHG,A,1,10
4WHG,A,1,11
4WHG,A,1,45
4WHG,A,1,46
4WHG,A,1,47
4WHG,A,1,195
4WHG,A,1,196
4WHG,A,1,199
4WHG,A,1,250
4WHG,A,1,251
4WHG,A,1,252
4WHG,A,1,253
4WHG,A,1,254
4WHG,A,1,255
4WHG,A,1,256
4WHG,A,1,257
4WHG,B,1,1
4WHG,B,1,2
4WHG,B,1,3
4WHG,B,1,4
4WHG,B,1,5
4WHG,B,1,6
4WHG,B,1,7
4WHG,B,1,8
4WHG,B,1,9
4WHG,B,1,10
4WHG,B,1,11
4WHG,B,1,196
4WHG,B,1,197
4WHG,B,1,198
4WHG,B,1,199
4WHG,B,1,250
4WHG,B,1,251
4WHG,B,1,252
4WHG,B,1,253
4WHG,B,1,254
4WHG,B,1,255
4WHG,B,1,256
4WHG,B,1,257
4WLB,A,1,1
4WLB,A,1,2
4WLB,A,1,3
4WLB,A,1,4
4WLB,A,1,5
4WLB,A,1,6
4WLB,A,1,7
4WLB,A,1,8
4WLB,A,1,9
4WLB,A,1,10
4WLB,A,1,11
4WLB,A,1,12
4WLB,A,1,13
4WLB,A,1,14
4WLB,A,1,263
4WLB,A,1,264
4WLB,A,1,265
4WLB,B,1,1
4WLB,B,1,2
4WLB,B,1,3
4WLB,B,1,4
4WLB,B,1,5
4WLB,B,1,6
4WLB,B,1,7
4WLB,B,1,8
4WLB,B,1,9
4WLB,B,1,10
4WLB,B,1,11
4WLB,B,1,12
4WLB,B,1,13
4WLB,B,1,14
4WLB,B,1,263
4WLB,B,1,264
4WLB,B,1,265
4WPF,A,1,1
4WPF,A,1,2
4WPF,A,1,3
4WPF,A,1,4
4WPF,A,1,5
4WPF,A,1,6
4WPF,A,1,7
4WPF,A,1,8
4WPF,A,1,9
4WPF,A,1,10
4WPF,A,1,11
4WPF,A,1,12
4WPF,A,1,13
4WPF,A,1,14
4WPF,A,1,15
4WPF,A,1,16
4WPF,A,1,17
4WPF,A,1,18
4WPF,C,1,1
4WPF,C,1,2
4WPF,C,1,3
4WPF,C,1,4
4WPF,C,1,5
4WPF,C,1,6
4WPF,C,1,7
4WPF,C,1,8
4WPF,C,1,9
4WPF,C,1,10
4WPF,C,1,11
4WPF,C,1,12
4WPF,C,1,13
4WPF,C,1,14
4WPF,C,1,15
4WPF,C,1,16
4WPF,C,1,17
4WPF,C,1,18
4WQP,A,1,1
4WQP,A,1,2
4WQP,A,1,3
4WQP,A,1,4
4WQP,A,1,5
4WQP,A,1,6
4WQP,A,1,7
4WQP,A,1,8
4WQP,A,1,9
4WQP,A,1,10
4WQP,A,1,11
4WQP,A,1,12
4WQP,A,1,13
4WQP,A,1,14
4WQP,A,1,15
4WQP,A,1,16
4WQP,A,1,17
4WQP,A,1,18
4WQP,A,1,19
4WQP,A,1,254
4WQP,A,1,255
4WQP,A,1,256
4WQP,A,1,257
4WQP,A,1,258
4WQP,A,1,259
4WQP,A,1,260
4WQP,A,1,261
4WQP,A,1,262
4WQP,A,1,263
4WQP,A,1,264
4WQP,A,1,265
4WQP,B,1,1
4WQP,B,1,2
4WQP,B,1,3
4WQP,B,1,4
4WQP,B,1,5
4WQP,B,1,6
4WQP,B,1,7
4WQP,B,1,8
4WQP,B,1,9
4WQP,B,1,10
4WQP,B,1,11
4WQP,B,1,12
4WQP,B,1,13
4WQP,B,1,14
4WQP,B,1,15
4WQP,B,1,16
4WQP,B,1,17
4WQP,B,1,18
4WQP,B,1,19
4WQP,B,1,20
4WQP,B,1,242
4WQP,B,1,243
4WQP,B,1,244
4WQP,B,1,245
4WQP,B,1,246
4WQP,B,1,247
4WQP,B,1,248
4WQP,B,1,249
4WQP,B,1,250
4WQP,B,1,251
4WQP,B,1,252
4WQP,B,1,253
4WQP,B,1,254
4WQP,B,1,255
4WQP,B,1,256
4WQP,B,1,257
4WQP,B,1,258
4WQP,B,1,259
4WQP,B,1,260
4WQP,B,1,261
4WQP,B,1,262
4WQP,B,1,263
4WQP,B,1,264
4WQP,B,1,265
4WVD,A,1,1
4WVD,B,1,34
4WVD,D,1,1
4WVD,D,1,113
4WVD,D,1,114
4X1F,A,1,1
4X1F,A,1,2
4X1F,A,1,3
4X1F,A,1,4
4X1F,A,1,5
4X1F,A,1,6
4X1F,A,1,7
4X1F,A,1,8
4X1F,A,1,9
4X1F,A,1,10
4X1F,A,1,11
4X1F,A,1,12
4X1F,A,1,13
4X1F,A,1,14
4X1F,A,1,15
4X1F,A,1,16
4X1F,A,1,17
4X1F,A,1,18
4X1F,A,1,19
4X1F,A,1,20
4X1F,A,1,21
4X1F,A,1,22
4X1F,A,1,23
4X1F,A,1,60
4X1F,A,1,61
4X1F,A,1,62
4X1F,A,1,63
4X1F,A,1,64
4X1F,A,1,65
4X1F,A,1,66
4X1F,A,1,67
4X1F,A,1,68
4X1F,A,1,69
4X1F,A,1,70
4X1F,A,1,71
4X1F,A,1,72
4X1F,A,1,73
4X1F,A,1,74
4X1F,A,1,75
4X1F,A,1,76
4X1F,A,1,193
4X1F,A,1,194
4X1F,A,1,195
4X1F,A,1,196
4X1F,A,1,197
4X1G,A,1,1
4X1G,A,1,2
4X1G,A,1,3
4X1G,A,1,4
4X1G,A,1,5
4X1G,A,1,6
4X1G,A,1,7
4X1G,A,1,8
4X1G,A,1,9
4X1G,A,1,10
4X1G,A,1,11
4X1G,A,1,12
4X1G,A,1,13
4X1G,A,1,14
4X1G,A,1,15
4X1G,A,1,16
4X1G,A,1,17
4X1G,A,1,18
4X1G,A,1,19
4X1G,A,1,20
4X1G,A,1,21
4X1G,A,1,22
4X1G,A,1,23
4X1G,A,1,60
4X1G,A,1,61
4X1G,A,1,62
4X1G,A,1,63
4X1G,A,1,64
4X1G,A,1,65
4X1G,A,1,66
4X1G,A,1,67
4X1G,A,1,68
4X1G,A,1,69
4X1G,A,1,70
4X1G,A,1,71
4X1G,A,1,72
4X1G,A,1,73
4XAJ,A,1,1
4XAJ,A,1,2
4XAJ,A,1,492
4XAJ,A,1,493
4XAJ,A,1,494
4XAJ,A,1,495
4XAJ,A,1,496
4XAJ,A,1,497
4XAJ,B,1,1
4XAJ,B,1,2
4XAJ,B,1,493
4XAJ,B,1,494
4XAJ,B,1,495
4XAJ,B,1,496
4XAJ,B,1,497
4XAJ,B,1,576
4XAJ,D,1,493
4XAJ,D,1,494
4XAJ,D,1,495
4XAJ,D,1,496
4XAJ,D,1,497
4XAJ,D,1,576
4XAJ,E,1,1
4XAJ,E,1,2
4XAJ,E,1,493
4XAJ,E,1,494
4XAJ,E,1,495
4XAJ,E,1,496
4XAJ,E,1,497
4XAJ,E,1,576
4XAO,A,1,1
4XAO,A,1,2
4XAO,A,1,3
4XAO,A,1,4
4XAO,A,1,5
4XAO,A,1,6
4XAO,A,1,7
4XAO,A,1,8
4XAO,A,1,9
4XAO,A,1,10
4XAO,A,1,11
4XAO,A,1,12
4XAO,A,1,13
4XAO,A,1,14
4XAO,A,1,15
4XAO,A,1,16
4XAO,A,1,17
4XAO,A,1,18
4XAO,A,1,19
4XAO,A,1,20
4XAO,A,1,21
4XAO,A,1,22
4XAO,A,1,23
4XAO,A,1,60
4XAO,A,1,61
4XAO,A,1,62
4XAO,A,1,63
4XAO,A,1,64
4XAO,A,1,65
4XAO,A,1,66
4XAO,A,1,67
4XAO,A,1,68
4XAO,A,1,69
4XAO,A,1,70
4XAO,A,1,71
4XAO,A,1,72
4XAO,A,1,73
4XAO,A,1,193
4XAO,A,1,194
4XAO,A,1,195
4XAO,A,1,196
4XHD,A,1,1
4XHD,A,1,2
4XHD,A,1,3
4XHD,A,1,4
4XHD,A,1,5
4XHD,A,1,6
4XHD,A,1,7
4XHD,A,1,8
4XHD,A,1,9
4XHD,A,1,10
4XHD,A,1,11
4XHD,A,1,12
4XHD,A,1,13
4XHD,A,1,14
4XHD,A,1,15
4XHD,A,1,16
4XHD,A,1,17
4XHD,A,1,18
4XHD,A,1,19
4XHD,A,1,20
4XHD,A,1,21
4XHD,A,1,22
4XHD,A,1,60
4XHD,A,1,61
4XHD,A,1,62
4XHD,A,1,63
4XHD,A,1,64
4XHD,A,1,65
4XHD,A,1,66
4XHD,A,1,67
4XHD,A,1,68
4XHD,A,1,69
4XHD,A,1,70
4XHD,A,1,71
4XHD,A,1,72
4XHD,A,1,73
4XHD,A,1,74
4XHD,A,1,75
4XHD,A,1,76
4XHD,A,1,77
4XHD,A,1,191
4XHD,A,1,192
4XHD,A,1,193
4XHD,A,1,194
4XHD,A,1,313
4XHD,A,1,314
4XHD,A,1,315
4XI3,A,1,29
4XI3,A,1,30
4XI3,A,1,31
4XI3,A,1,32
4XI3,A,1,33
4XI3,A,1,34
4XI3,A,1,35
4XI3,A,1,156
4XI3,A,1,157
4XI3,A,1,158
4XI3,A,1,241
4XI3,A,1,242
4XI3,A,1,243
4XI3,B,1,1
4XI3,B,1,156
4XI3,B,1,157
4XI3,B,1,158
4XI3,B,1,159
4XI3,B,1,225
4XI3,B,1,226
4XI3,B,1,241
4XI3,B,1,242
4XI3,B,1,243
4XI3,C,1,156
4XI3,C,1,157
4XI3,C,1,158
4XI3,C,1,159
4XI3,C,1,241
4XI3,C,1,242
4XI3,C,1,243
4XI3,D,1,29
4XI3,D,1,30
4XI3,D,1,31
4XI3,D,1,32
4XI3,D,1,33
4XI3,D,1,34
4XI3,D,1,35
4XI3,D,1,154
4XI3,D,1,155
4XI3,D,1,156
4XI3,D,1,157
4XI3,D,1,158
4XI3,D,1,159
4XI3,D,1,160
4XI3,D,1,161
4XI3,D,1,162
4XI3,D,1,163
4XI3,D,1,164
4XI3,D,1,165
4XI3,D,1,239
4XI3,D,1,240
4XI3,D,1,241
4XI3,D,1,242
4XI3,D,1,243
4XLD,A,1,1
4XLD,A,1,2
4XLD,A,1,3
4XLD,A,1,4
4XLD,A,1,5
4XLD,A,1,6
4XLD,A,1,7
4XLD,A,1,8
4XLD,A,1,9
4XLD,A,1,10
4XLD,A,1,11
4XLD,A,1,12
4XLD,A,1,13
4XLD,A,1,14
4XLD,A,1,15
4XLD,A,1,16
4XLD,A,1,17
4XLD,A,1,18
4XLD,A,1,19
4XLD,A,1,20
4XLD,A,1,61
4XLD,A,1,62
4XLD,A,1,63
4XLD,A,1,84
4XLD,A,1,85
4XLD,A,1,86
4XLD,A,1,87
4XLD,A,1,88
4XLD,A,1,89
4XLD,A,1,90
4XLD,A,1,91
4XLD,A,1,92
4XLD,A,1,93
4XTA,A,1,1
4XTA,A,1,2
4XTA,A,1,3
4XTA,A,1,4
4XTA,A,1,5
4XTA,A,1,6
4XTA,A,1,7
4XTA,A,1,8
4XTA,A,1,63
4XTA,A,1,64
4XTA,A,1,65
4XTA,A,1,66
4XTA,A,1,67
4XTA,A,1,68
4XTA,A,1,69
4XTA,A,1,70
4XTA,A,1,71
4XTA,A,1,72
4XTA,A,1,73
4XTA,A,1,74
4XTA,A,1,75
4XTA,A,1,76
4XTA,A,1,163
4XTA,A,1,164
4XTA,A,1,264
4XTA,A,1,265
4XTA,A,1,275
4XTA,A,1,276
4XTA,A,1,277
4XTA,A,1,278
4XTA,B,1,1
4XTA,B,1,2
4XTA,B,1,3
4XTA,B,1,4
4XTA,B,1,5
4XTA,B,1,6
4XTA,B,1,7
4XTA,B,1,8
4XTA,B,1,43
4XTA,B,1,44
4XTA,B,1,58
4XTA,B,1,59
4XTA,B,1,60
4XTA,B,1,61
4XTA,B,1,62
4XTA,B,1,63
4XTA,B,1,64
4XTA,B,1,65
4XTA,B,1,66
4XTA,B,1,67
4XTA,B,1,68
4XTA,B,1,69
4XTA,B,1,70
4XTA,B,1,71
4XTA,B,1,72
4XTA,B,1,73
4XTA,B,1,74
4XTA,B,1,75
4XTA,B,1,76
4XTA,B,1,77
4XTA,B,1,264
4XTA,B,1,265
4XTA,B,1,266
4XTA,B,1,277
4XTA,B,1,278
4XUH,A,1,1
4XUH,A,1,2
4XUH,A,1,3
4XUH,A,1,4
4XUH,A,1,5
4XUH,A,1,6
4XUH,A,1,7
4XUH,A,1,68
4XUH,A,1,69
4XUH,A,1,70
4XUH,A,1,71
4XUH,A,1,72
4XUH,A,1,73
4XUH,A,1,74
4XUH,B,1,1
4XUH,B,1,2
4XUH,B,1,3
4XUH,B,1,4
4XUH,B,1,5
4XUH,B,1,6
4XUH,B,1,7
4XUH,B,1,42
4XUH,B,1,43
4XUH,B,1,44
4XUH,B,1,45
4XUH,B,1,71
4XUH,B,1,72
4XUH,B,1,73
4XUH,B,1,74
4XUH,B,1,75
4XUH,B,1,263
4XUH,B,1,264
4XUH,B,1,265
4XUH,B,1,266
4XUM,A,1,1
4XUM,A,1,2
4XUM,A,1,3
4XUM,A,1,4
4XUM,A,1,5
4XUM,A,1,6
4XUM,A,1,7
4XUM,A,1,65
4XUM,A,1,66
4XUM,A,1,67
4XUM,A,1,68
4XUM,A,1,69
4XUM,A,1,70
4XUM,A,1,71
4XUM,A,1,72
4XUM,A,1,73
4XUM,A,1,74
4XUM,A,1,75
4XUM,B,1,1
4XUM,B,1,2
4XUM,B,1,3
4XUM,B,1,4
4XUM,B,1,5
4XUM,B,1,6
4XUM,B,1,7
4XUM,B,1,41
4XUM,B,1,42
4XUM,B,1,43
4XUM,B,1,44
4XUM,B,1,45
4XUM,B,1,71
4XUM,B,1,72
4XUM,B,1,73
4XUM,B,1,74
4XUM,B,1,75
4XUM,B,1,76
4Y29,A,1,56
4Y29,A,1,57
4Y29,A,1,58
4Y29,A,1,59
4Y29,A,1,60
4Y29,A,1,61
4Y29,A,1,62
4Y29,A,1,63
4Y29,A,1,64
4Y29,A,1,65
4Y29,A,1,66
4Y29,A,1,67
4YMQ,A,1,1
4YMQ,A,1,2
4YMQ,A,1,3
4YMQ,A,1,4
4YMQ,A,1,5
4YMQ,A,1,6
4YMQ,A,1,7
4YMQ,A,1,8
4YMQ,A,1,9
4YMQ,A,1,10
4YMQ,A,1,11
4YMQ,A,1,12
4YMQ,A,1,13
4YMQ,A,1,14
4YMQ,A,1,15
4YMQ,A,1,16
4YMQ,A,1,17
4YMQ,A,1,18
4YMQ,A,1,19
4YMQ,A,1,20
4YMQ,A,1,21
4YMQ,A,1,266
4YMQ,A,1,267
4YMQ,A,1,268
4YMQ,A,1,269
4YMQ,A,1,270
4YT1,A,1,1
4YT1,A,1,2
4YT1,A,1,3
4YT1,A,1,4
4YT1,A,1,5
4YT1,A,1,6
4YT1,A,1,7
4YT1,A,1,8
4YT1,A,1,9
4YT1,A,1,10
4YT1,A,1,11
4YT1,A,1,12
4YT1,A,1,13
4YT1,A,1,14
4YT1,A,1,74
4YT1,A,1,75
4YT1,A,1,76
4YT1,A,1,77
4YT1,A,1,78
4YT1,A,1,79
4YT1,A,1,80
4YT1,A,1,81
4YT1,A,1,82
4YT1,A,1,83
4YT1,A,1,84
4YT1,B,1,1
4YT1,B,1,2
4YT1,B,1,3
4YT1,B,1,4
4YT1,B,1,5
4YT1,B,1,6
4YT1,B,1,7
4YT1,B,1,8
4YT1,B,1,9
4YT1,B,1,10
4YT1,B,1,11
4YT1,B,1,12
4YT1,B,1,13
4YT1,B,1,14
4YT1,B,1,15
4YT1,B,1,16
4YT1,B,1,51
4YT1,B,1,52
4YT1,B,1,53
4YT1,B,1,77
4YT1,B,1,78
4YT1,B,1,79
4YT1,B,1,80
4YT1,B,1,81
4YT1,B,1,82
4YT1,B,1,83
4YT1,B,1,84
4YT1,B,1,285
4YT1,B,1,286
4ZI1,A,1,1
4ZI1,A,1,149
4ZI1,A,1,150
4ZI1,A,1,151
4ZI1,A,1,152
4ZI1,A,1,153
4ZI1,A,1,154
4ZI1,A,1,155
4ZI1,A,1,156
4ZI1,A,1,157
4ZI1,A,1,158
4ZI1,A,1,159
4ZI1,A,1,243
4ZI1,A,1,244
4ZI1,A,1,245
4ZI1,A,1,246
4ZI1,A,1,247
4ZI1,A,1,248
4ZI1,A,1,249
4ZI1,B,1,1
4ZI1,B,1,2
4ZI1,B,1,3
4ZI1,B,1,12
4ZJR,A,1,1
4ZJR,A,1,2
4ZJR,A,1,220
4ZJR,A,1,221
4ZJR,A,1,222
4ZJR,A,1,223
4ZJR,A,1,224
4ZJR,A,1,225
4ZJR,B,1,1
4ZJR,B,1,2
4ZJR,B,1,223
4ZJR,B,1,224
4ZJR,B,1,225
4ZJR,C,1,1
4ZJR,C,1,222
4ZJR,C,1,223
4ZJR,C,1,224
4ZJR,C,1,225
4ZJR,D,1,220
4ZJR,D,1,221
4ZJR,D,1,222
4ZJR,D,1,223
4ZJR,D,1,224
4ZJR,D,1,225
4ZJW,A,1,1
4ZJW,A,1,2
4ZJW,A,1,3
4ZJW,A,1,4
4ZJW,A,1,5
4ZJW,A,1,225
4ZJW,B,1,1
4ZJW,B,1,2
4ZJW,B,1,3
4ZN7,A,1,1
4ZN7,A,1,2
4ZN7,A,1,3
4ZN7,A,1,4
4ZN7,A,1,162
4ZN7,A,1,163
4ZN7,A,1,164
4ZN7,A,1,165
4ZN7,A,1,166
4ZN7,A,1,167
4ZN7,A,1,168
4ZN7,A,1,169
4ZN7,A,1,170
4ZN7,A,1,171
4ZN7,A,1,249
4ZN7,A,1,250
4ZN7,A,1,251
4ZN7,A,1,252
4ZN7,A,1,253
4ZN7,A,1,254
4ZN7,A,1,255
4ZN7,A,1,256
4ZN7,A,1,257
4ZN7,A,1,258
4ZN7,A,1,259
4ZN7,B,1,1
4ZN7,B,1,2
4ZN7,B,1,3
4ZN7,B,1,4
4ZN7,B,1,162
4ZN7,B,1,163
4ZN7,B,1,164
4ZN7,B,1,165
4ZN7,B,1,166
4ZN7,B,1,167
4ZN7,B,1,168
4ZN7,B,1,169
4ZN7,B,1,249
4ZN7,B,1,250
4ZN7,B,1,251
4ZN7,B,1,252
4ZN7,B,1,253
4ZN7,B,1,254
4ZN7,B,1,255
4ZN7,B,1,256
4ZN7,B,1,257
4ZN7,B,1,258
4ZN7,B,1,259
4ZN7,C,1,1
4ZN7,C,1,2
4ZN7,C,1,12
4ZN7,C,1,13
4ZN7,D,1,12
4ZN7,D,1,13
4ZN9,A,1,1
4ZN9,A,1,2
4ZN9,A,1,3
4ZN9,A,1,4
4ZN9,A,1,160
4ZN9,A,1,161
4ZN9,A,1,162
4ZN9,A,1,163
4ZN9,A,1,164
4ZN9,A,1,165
4ZN9,A,1,166
4ZN9,A,1,167
4ZN9,A,1,168
4ZN9,A,1,169
4ZN9,A,1,170
4ZN9,A,1,171
4ZN9,A,1,172
4ZN9,A,1,255
4ZN9,A,1,256
4ZN9,A,1,257
4ZN9,A,1,258
4ZN9,A,1,259
4ZN9,B,1,1
4ZN9,B,1,2
4ZN9,B,1,3
4ZN9,B,1,4
4ZN9,B,1,158
4ZN9,B,1,159
4ZN9,B,1,160
4ZN9,B,1,161
4ZN9,B,1,162
4ZN9,B,1,163
4ZN9,B,1,164
4ZN9,B,1,165
4ZN9,B,1,166
4ZN9,B,1,167
4ZN9,B,1,168
4ZN9,B,1,169
4ZN9,B,1,170
4ZN9,B,1,171
4ZN9,B,1,172
4ZN9,B,1,255
4ZN9,B,1,256
4ZN9,B,1,257
4ZN9,B,1,258
4ZN9,B,1,259
4ZN9,C,1,1
4ZN9,C,1,12
4ZN9,C,1,13
4ZN9,D,1,1
4ZN9,D,1,11
4ZN9,D,1,12
4ZN9,D,1,13
4ZNH,A,1,1
4ZNH,A,1,2
4ZNH,A,1,3
4ZNH,A,1,4
4ZNH,A,1,5
4ZNH,A,1,162
4ZNH,A,1,163
4ZNH,A,1,164
4ZNH,A,1,165
4ZNH,A,1,166
4ZNH,A,1,167
4ZNH,A,1,168
4ZNH,A,1,252
4ZNH,A,1,253
4ZNH,A,1,254
4ZNH,A,1,255
4ZNH,A,1,256
4ZNH,A,1,257
4ZNH,A,1,258
4ZNH,A,1,259
4ZNH,B,1,1
4ZNH,B,1,2
4ZNH,B,1,3
4ZNH,B,1,4
4ZNH,B,1,33
4ZNH,B,1,34
4ZNH,B,1,35
4ZNH,B,1,36
4ZNH,B,1,159
4ZNH,B,1,160
4ZNH,B,1,161
4ZNH,B,1,162
4ZNH,B,1,163
4ZNH,B,1,164
4ZNH,B,1,165
4ZNH,B,1,166
4ZNH,B,1,167
4ZNH,B,1,168
4ZNH,B,1,169
4ZNH,B,1,230
4ZNH,B,1,231
4ZNH,B,1,249
4ZNH,B,1,250
4ZNH,B,1,251
4ZNH,B,1,252
4ZNH,B,1,253
4ZNH,B,1,254
4ZNH,B,1,255
4ZNH,B,1,256
4ZNH,B,1,257
4ZNH,B,1,258
4ZNH,B,1,259
4ZNH,C,1,1
4ZNH,C,1,2
4ZNH,C,1,12
4ZNH,C,1,13
4ZNH,D,1,1
4ZNH,D,1,2
4ZNH,D,1,12
4ZNH,D,1,13
4ZNS,A,1,1
4ZNS,A,1,2
4ZNS,A,1,3
4ZNS,A,1,4
4ZNS,A,1,5
4ZNS,A,1,32
4ZNS,A,1,33
4ZNS,A,1,34
4ZNS,A,1,35
4ZNS,A,1,163
4ZNS,A,1,164
4ZNS,A,1,165
4ZNS,A,1,166
4ZNS,A,1,167
4ZNS,A,1,168
4ZNS,A,1,169
4ZNS,A,1,170
4ZNS,A,1,171
4ZNS,A,1,230
4ZNS,A,1,231
4ZNS,A,1,252
4ZNS,A,1,253
4ZNS,A,1,254
4ZNS,A,1,255
4ZNS,A,1,256
4ZNS,A,1,257
4ZNS,A,1,258
4ZNS,A,1,259
4ZNS,B,1,1
4ZNS,B,1,2
4ZNS,B,1,3
4ZNS,B,1,4
4ZNS,B,1,5
4ZNS,B,1,162
4ZNS,B,1,163
4ZNS,B,1,164
4ZNS,B,1,165
4ZNS,B,1,166
4ZNS,B,1,230
4ZNS,B,1,231
4ZNS,B,1,232
4ZNS,B,1,250
4ZNS,B,1,251
4ZNS,B,1,252
4ZNS,B,1,253
4ZNS,B,1,254
4ZNS,B,1,255
4ZNS,B,1,256
4ZNS,B,1,257
4ZNS,B,1,258
4ZNS,B,1,259
4ZNS,C,1,1
4ZNS,C,1,12
4ZNS,C,1,13
4ZNS,D,1,1
4ZNS,D,1,2
4ZNS,D,1,12
4ZNS,D,1,13
4ZNT,A,1,1
4ZNT,A,1,2
4ZNT,A,1,3
4ZNT,A,1,4
4ZNT,A,1,32
4ZNT,A,1,33
4ZNT,A,1,34
4ZNT,A,1,35
4ZNT,A,1,162
4ZNT,A,1,163
4ZNT,A,1,164
4ZNT,A,1,165
4ZNT,A,1,166
4ZNT,A,1,167
4ZNT,A,1,168
4ZNT,A,1,169
4ZNT,A,1,170
4ZNT,A,1,171
4ZNT,A,1,231
4ZNT,A,1,249
4ZNT,A,1,250
4ZNT,A,1,251
4ZNT,A,1,252
4ZNT,A,1,253
4ZNT,A,1,254
4ZNT,A,1,255
4ZNT,A,1,256
4ZNT,A,1,257
4ZNT,A,1,258
4ZNT,A,1,259
4ZNT,B,1,1
4ZNT,B,1,2
4ZNT,B,1,3
4ZNT,B,1,4
4ZNT,B,1,162
4ZNT,B,1,163
4ZNT,B,1,164
4ZNT,B,1,228
4ZNT,B,1,229
4ZNT,B,1,230
4ZNT,B,1,231
4ZNT,B,1,232
4ZNT,B,1,233
4ZNT,B,1,234
4ZNT,B,1,235
4ZNT,B,1,249
4ZNT,B,1,250
4ZNT,B,1,251
4ZNT,B,1,252
4ZNT,B,1,253
4ZNT,B,1,254
4ZNT,B,1,255
4ZNT,B,1,256
4ZNT,B,1,257
4ZNT,B,1,258
4ZNT,B,1,259
4ZNT,C,1,1
4ZNT,C,1,2
4ZNT,C,1,12
4ZNT,C,1,13
4ZNT,D,1,1
4ZNT,D,1,2
4ZNT,D,1,12
4ZNT,D,1,13
4ZNU,A,1,1
4ZNU,A,1,2
4ZNU,A,1,3
4ZNU,A,1,4
4ZNU,A,1,5
4ZNU,A,1,161
4ZNU,A,1,162
4ZNU,A,1,163
4ZNU,A,1,164
4ZNU,A,1,229
4ZNU,A,1,230
4ZNU,A,1,231
4ZNU,A,1,232
4ZNU,A,1,249
4ZNU,A,1,250
4ZNU,A,1,251
4ZNU,A,1,252
4ZNU,A,1,253
4ZNU,A,1,254
4ZNU,A,1,255
4ZNU,A,1,256
4ZNU,A,1,257
4ZNU,A,1,258
4ZNU,A,1,259
4ZNU,B,1,1
4ZNU,B,1,2
4ZNU,B,1,12
4ZNU,B,1,13
4ZNU,C,1,1
4ZNU,C,1,2
4ZNU,C,1,3
4ZNU,C,1,4
4ZNU,C,1,5
4ZNU,C,1,32
4ZNU,C,1,33
4ZNU,C,1,34
4ZNU,C,1,35
4ZNU,C,1,161
4ZNU,C,1,162
4ZNU,C,1,163
4ZNU,C,1,164
4ZNU,C,1,165
4ZNU,C,1,166
4ZNU,C,1,167
4ZNU,C,1,168
4ZNU,C,1,169
4ZNU,C,1,170
4ZNU,C,1,171
4ZNU,C,1,172
4ZNU,C,1,229
4ZNU,C,1,230
4ZNU,C,1,231
4ZNU,C,1,232
4ZNU,C,1,252
4ZNU,C,1,253
4ZNU,C,1,254
4ZNU,C,1,255
4ZNU,C,1,256
4ZNU,C,1,257
4ZNU,C,1,258
4ZNU,C,1,259
4ZNU,D,1,1
4ZNU,D,1,2
4ZNU,D,1,13
4ZNV,A,1,1
4ZNV,A,1,2
4ZNV,A,1,3
4ZNV,A,1,32
4ZNV,A,1,161
4ZNV,A,1,162
4ZNV,A,1,163
4ZNV,A,1,164
4ZNV,A,1,165
4ZNV,A,1,166
4ZNV,A,1,167
4ZNV,A,1,168
4ZNV,A,1,169
4ZNV,A,1,170
4ZNV,A,1,171
4ZNV,A,1,253
4ZNV,A,1,254
4ZNV,A,1,255
4ZNV,A,1,256
4ZNV,A,1,257
4ZNV,A,1,258
4ZNV,A,1,259
4ZNV,B,1,1
4ZNV,B,1,2
4ZNV,B,1,3
4ZNV,B,1,4
4ZNV,B,1,162
4ZNV,B,1,163
4ZNV,B,1,164
4ZNV,B,1,165
4ZNV,B,1,166
4ZNV,B,1,253
4ZNV,B,1,254
4ZNV,B,1,255
4ZNV,B,1,256
4ZNV,B,1,257
4ZNV,B,1,258
4ZNV,B,1,259
4ZNV,C,1,1
4ZNV,C,1,2
4ZNV,C,1,12
4ZNV,C,1,13
4ZNV,D,1,1
4ZNV,D,1,12
4ZNV,D,1,13
4ZNW,A,1,1
4ZNW,A,1,2
4ZNW,A,1,3
4ZNW,A,1,4
4ZNW,A,1,5
4ZNW,A,1,160
4ZNW,A,1,161
4ZNW,A,1,162
4ZNW,A,1,163
4ZNW,A,1,164
4ZNW,A,1,165
4ZNW,A,1,166
4ZNW,A,1,167
4ZNW,A,1,168
4ZNW,A,1,169
4ZNW,A,1,170
4ZNW,A,1,171
4ZNW,A,1,252
4ZNW,A,1,253
4ZNW,A,1,254
4ZNW,A,1,255
4ZNW,A,1,256
4ZNW,A,1,257
4ZNW,A,1,258
4ZNW,A,1,259
4ZNW,B,1,1
4ZNW,B,1,2
4ZNW,B,1,3
4ZNW,B,1,4
4ZNW,B,1,160
4ZNW,B,1,161
4ZNW,B,1,162
4ZNW,B,1,163
4ZNW,B,1,164
4ZNW,B,1,165
4ZNW,B,1,166
4ZNW,B,1,167
4ZNW,B,1,168
4ZNW,B,1,169
4ZNW,B,1,170
4ZNW,B,1,171
4ZNW,B,1,230
4ZNW,B,1,231
4ZNW,B,1,232
4ZNW,B,1,233
4ZNW,B,1,249
4ZNW,B,1,250
4ZNW,B,1,251
4ZNW,B,1,252
4ZNW,B,1,253
4ZNW,B,1,254
4ZNW,B,1,255
4ZNW,B,1,256
4ZNW,B,1,257
4ZNW,B,1,258
4ZNW,B,1,259
4ZNW,C,1,1
4ZNW,C,1,12
4ZNW,C,1,13
4ZNW,D,1,1
4ZNW,D,1,2
4ZNW,D,1,12
4ZNW,D,1,13
4ZO1,A,1,45
4ZO1,A,1,46
4ZO1,A,1,47
4ZO1,A,1,48
4ZO1,A,1,49
4ZO1,A,1,50
4ZO1,A,1,51
4ZO1,A,1,52
4ZO1,A,1,53
4ZO1,A,1,54
4ZO1,B,1,1
4ZO1,C,1,9
4ZO1,C,1,10
4ZO1,C,1,11
4ZO1,C,1,12
4ZO1,C,1,13
4ZO1,C,1,14
4ZO1,C,1,15
4ZO1,C,1,16
4ZO1,C,1,17
4ZO1,C,1,18
4ZO1,C,1,19
4ZO1,C,1,20
4ZO1,C,1,21
4ZO1,C,1,22
4ZO1,C,1,23
4ZO1,C,1,24
4ZO1,C,1,25
4ZO1,C,1,26
4ZO1,C,1,27
4ZO1,C,1,28
4ZO1,C,1,29
4ZO1,C,1,30
4ZO1,C,1,31
4ZO1,C,1,32
4ZO1,C,1,33
4ZO1,C,1,34
4ZOM,A,1,1
4ZOM,A,1,2
4ZOM,B,1,1
4ZOM,B,1,2
4ZOM,B,1,225
4ZOM,C,1,1
4ZOM,C,1,2
4ZOM,C,1,3
4ZOM,C,1,4
4ZOM,C,1,5
4ZOM,C,1,225
4ZOM,D,1,1
4ZOM,D,1,2
4ZOM,D,1,3
4ZOM,D,1,219
4ZOM,D,1,220
4ZOM,D,1,221
4ZOM,D,1,222
4ZOM,D,1,223
4ZOM,D,1,224
4ZOM,D,1,225
4ZSH,A,1,1
4ZSH,A,1,2
4ZSH,A,1,3
4ZSH,A,1,4
4ZSH,A,1,5
4ZSH,A,1,6
4ZSH,A,1,23
4ZSH,A,1,24
4ZSH,A,1,25
4ZSH,A,1,26
4ZSH,A,1,27
4ZSH,A,1,28
4ZSH,A,1,29
4ZSH,A,1,30
4ZSH,A,1,31
4ZSH,A,1,32
4ZSH,A,1,33
4ZSH,A,1,34
4ZSH,A,1,35
4ZSH,A,1,36
4ZSH,A,1,37
4ZSH,A,1,38
4ZSH,A,1,39
4ZSH,A,1,237
4ZSH,A,1,238
4ZSH,A,1,239
4ZSH,A,1,240
4ZSH,B,1,12
4ZSH,B,1,13
5A86,A,1,1
5A86,A,1,2
5A86,A,1,3
5A86,A,1,4
5A86,A,1,5
5A86,A,1,6
5A86,A,1,7
5A86,A,1,8
5A86,A,1,9
5A86,A,1,10
5A86,A,1,11
5A86,A,1,12
5A86,A,1,13
5A86,A,1,14
5A86,A,1,15
5A86,A,1,16
5A86,A,1,17
5A86,A,1,18
5A86,A,1,19
5A86,A,1,20
5A86,A,1,21
5A86,A,1,22
5A86,A,1,23
5A86,A,1,24
5A86,A,1,60
5A86,A,1,61
5A86,A,1,62
5A86,A,1,63
5A86,A,1,64
5A86,A,1,65
5A86,A,1,66
5A86,A,1,67
5A86,A,1,68
5A86,A,1,69
5A86,A,1,70
5A86,A,1,71
5A86,A,1,72
5A86,A,1,73
5A86,A,1,74
5A86,A,1,75
5A86,A,1,195
5A86,A,1,196
5A86,A,1,197
5A86,B,1,1
5A86,B,1,2
5A86,B,1,3
5A86,B,1,4
5A86,B,1,5
5A86,B,1,6
5A86,B,1,7
5A86,B,1,8
5A86,B,1,9
5A86,B,1,10
5A86,B,1,11
5A86,B,1,12
5A86,B,1,13
5A86,B,1,14
5A86,B,1,15
5A86,B,1,16
5A86,B,1,17
5A86,B,1,18
5A86,B,1,19
5A86,B,1,20
5A86,B,1,21
5A86,B,1,22
5A86,B,1,60
5A86,B,1,61
5A86,B,1,62
5A86,B,1,63
5A86,B,1,64
5A86,B,1,65
5A86,B,1,66
5A86,B,1,67
5A86,B,1,68
5A86,B,1,69
5A86,B,1,70
5A86,B,1,71
5A86,B,1,72
5A86,B,1,73
5A86,B,1,193
5A86,B,1,194
5A86,B,1,195
5A86,B,1,314
5A86,C,1,16
5A86,C,1,17
5AAU,A,1,30
5AAU,A,1,31
5AAU,A,1,32
5AAU,A,1,33
5AAU,A,1,34
5AAU,A,1,35
5AAU,A,1,36
5AAU,A,1,37
5AAU,A,1,38
5AAU,A,1,160
5AAU,A,1,161
5AAU,A,1,162
5AAU,A,1,163
5AAU,A,1,164
5AAU,A,1,165
5AAU,A,1,166
5AAU,A,1,167
5AAU,A,1,227
5AAU,A,1,228
5AAU,A,1,229
5AAU,A,1,230
5AAU,A,1,251
5AAU,A,1,252
5AAU,B,1,1
5AAU,B,1,2
5AAU,B,1,3
5AAU,B,1,4
5AAU,B,1,5
5AAU,B,1,6
5AAU,B,1,7
5AAU,B,1,30
5AAU,B,1,31
5AAU,B,1,32
5AAU,B,1,33
5AAU,B,1,162
5AAU,B,1,163
5AAU,B,1,164
5AAU,B,1,165
5AAU,B,1,166
5AAU,B,1,167
5AAU,B,1,168
5AAU,B,1,227
5AAU,B,1,228
5AAU,B,1,229
5AAU,B,1,230
5AAU,B,1,245
5AAU,B,1,246
5AAU,B,1,247
5AAU,B,1,248
5AAU,B,1,249
5AAU,B,1,250
5AAU,B,1,251
5AAU,B,1,252
5AAV,A,1,114
5AAV,A,1,115
5AAV,A,1,116
5AAV,A,1,117
5AAV,A,1,118
5AAV,A,1,160
5AAV,A,1,161
5AAV,A,1,162
5AAV,A,1,163
5AAV,A,1,164
5AAV,A,1,165
5AAV,A,1,166
5AAV,A,1,167
5AAV,A,1,227
5AAV,A,1,228
5AAV,A,1,229
5AAV,A,1,230
5AAV,A,1,250
5AAV,A,1,251
5AAV,A,1,252
5AAV,B,1,1
5AAV,B,1,2
5AAV,B,1,3
5AAV,B,1,29
5AAV,B,1,30
5AAV,B,1,31
5AAV,B,1,32
5AAV,B,1,116
5AAV,B,1,117
5AAV,B,1,118
5AAV,B,1,156
5AAV,B,1,157
5AAV,B,1,158
5AAV,B,1,159
5AAV,B,1,160
5AAV,B,1,161
5AAV,B,1,162
5AAV,B,1,163
5AAV,B,1,164
5AAV,B,1,165
5AAV,B,1,166
5AAV,B,1,167
5AAV,B,1,168
5AAV,B,1,169
5AAV,B,1,225
5AAV,B,1,226
5AAV,B,1,227
5AAV,B,1,228
5AAV,B,1,229
5AAV,B,1,230
5AAV,B,1,231
5AAV,B,1,232
5AAV,B,1,233
5AAV,B,1,234
5AAV,B,1,244
5AAV,B,1,245
5AAV,B,1,246
5AAV,B,1,247
5AAV,B,1,248
5AAV,B,1,249
5AAV,B,1,250
5AAV,B,1,251
5AAV,B,1,252
5ACC,A,1,32
5ACC,A,1,33
5ACC,A,1,34
5ACC,A,1,156
5ACC,A,1,157
5ACC,A,1,158
5ACC,A,1,223
5ACC,A,1,224
5ACC,A,1,225
5ACC,A,1,226
5ACC,A,1,227
5ACC,A,1,240
5ACC,A,1,241
5ACC,A,1,242
5ACC,A,1,243
5ACC,A,1,244
5ACC,A,1,245
5ACC,A,1,246
5ACC,A,1,247
5ACC,A,1,248
5AK2,A,1,1
5AK2,A,1,2
5AK2,A,1,3
5AK2,A,1,4
5AK2,A,1,5
5AK2,A,1,6
5AK2,A,1,7
5AK2,A,1,8
5AK2,A,1,9
5AK2,A,1,10
5AK2,A,1,11
5AK2,A,1,12
5AK2,A,1,13
5AK2,A,1,14
5AK2,A,1,15
5AK2,A,1,16
5AK2,A,1,45
5AK2,A,1,46
5AK2,A,1,47
5AK2,A,1,48
5AK2,A,1,49
5AK2,A,1,50
5AK2,A,1,51
5AK2,A,1,52
5AK2,A,1,53
5AK2,A,1,54
5AK2,A,1,175
5AK2,A,1,176
5AK2,A,1,177
5AK2,A,1,178
5AK2,A,1,179
5AK2,A,1,180
5AK2,A,1,181
5AK2,A,1,243
5AK2,A,1,244
5AK2,A,1,245
5AK2,A,1,246
5AK2,A,1,247
5AK2,A,1,267
5AK2,A,1,268
5AK2,B,1,1
5AK2,B,1,2
5AK2,B,1,3
5AK2,B,1,4
5AK2,B,1,5
5AK2,B,1,6
5AK2,B,1,7
5AK2,B,1,8
5AK2,B,1,9
5AK2,B,1,10
5AK2,B,1,11
5AK2,B,1,12
5AK2,B,1,13
5AK2,B,1,14
5AK2,B,1,15
5AK2,B,1,16
5AK2,B,1,17
5AK2,B,1,18
5AK2,B,1,19
5AK2,B,1,20
5AK2,B,1,21
5AK2,B,1,45
5AK2,B,1,46
5AK2,B,1,47
5AK2,B,1,48
5AK2,B,1,49
5AK2,B,1,174
5AK2,B,1,175
5AK2,B,1,176
5AK2,B,1,177
5AK2,B,1,178
5AK2,B,1,179
5AK2,B,1,180
5AK2,B,1,181
5AK2,B,1,182
5AK2,B,1,183
5AK2,B,1,184
5AK2,B,1,185
5AK2,B,1,243
5AK2,B,1,244
5AK2,B,1,245
5AK2,B,1,246
5AK2,B,1,247
5AK2,B,1,248
5AK2,B,1,249
5AK2,B,1,250
5AK2,B,1,251
5AK2,B,1,252
5AK2,B,1,253
5AK2,B,1,260
5AK2,B,1,261
5AK2,B,1,262
5AK2,B,1,263
5AK2,B,1,264
5AK2,B,1,265
5AK2,B,1,266
5AK2,B,1,267
5AK2,B,1,268
5APH,A,1,1
5APH,A,1,2
5APH,A,1,3
5APH,A,1,4
5APH,A,1,5
5APH,A,1,6
5APH,A,1,7
5APH,A,1,8
5APH,A,1,9
5APH,A,1,10
5APH,A,1,11
5APH,A,1,12
5APH,A,1,13
5APH,A,1,14
5APJ,A,1,1
5APJ,A,1,2
5APJ,A,1,3
5APJ,A,1,4
5APJ,A,1,5
5APJ,A,1,6
5APJ,A,1,7
5APJ,A,1,8
5APJ,A,1,9
5APJ,A,1,10
5APJ,A,1,11
5APJ,A,1,12
5APJ,A,1,13
5APJ,A,1,14
5APJ,A,1,265
5APJ,A,1,266
5APJ,B,1,1
5APJ,B,1,2
5APK,A,1,1
5APK,A,1,2
5APK,A,1,3
5APK,A,1,4
5APK,A,1,5
5APK,A,1,6
5APK,A,1,7
5APK,A,1,8
5APK,A,1,9
5APK,A,1,10
5APK,A,1,11
5APK,A,1,12
5APK,A,1,13
5APK,A,1,14
5APK,A,1,15
5APK,A,1,245
5APK,A,1,246
5APK,A,1,247
5APK,A,1,248
5APK,A,1,249
5APK,A,1,250
5APK,A,1,251
5APK,A,1,252
5APK,A,1,253
5APK,A,1,254
5APK,A,1,255
5APK,A,1,256
5APK,A,1,257
5APK,A,1,258
5APK,A,1,259
5APK,A,1,260
5APK,A,1,261
5APK,A,1,262
5APK,A,1,263
5APK,A,1,264
5APK,A,1,265
5APK,B,1,1
5APK,B,1,2
5APK,B,1,3
5APK,B,1,4
5APK,B,1,5
5APK,B,1,6
5APK,B,1,7
5APK,B,1,8
5APK,B,1,9
5APK,B,1,10
5APK,B,1,11
5APK,B,1,12
5APK,B,1,13
5APK,B,1,14
5APK,B,1,15
5APK,B,1,16
5APK,B,1,17
5APK,B,1,18
5APK,B,1,19
5APK,B,1,20
5APK,B,1,21
5APK,B,1,22
5APK,B,1,259
5APK,B,1,260
5APK,B,1,261
5APK,B,1,262
5APK,B,1,263
5APK,B,1,264
5APK,B,1,265
5AVI,A,1,1
5AVI,A,1,2
5AVI,A,1,3
5AVI,A,1,4
5AVI,A,1,5
5AVI,A,1,6
5AVI,A,1,7
5AVI,A,1,8
5AVI,A,1,9
5AVI,A,1,10
5AVI,A,1,11
5AVI,A,1,12
5AVI,A,1,13
5AVI,A,1,14
5AVI,A,1,15
5AVI,A,1,16
5AVI,A,1,17
5AVI,A,1,18
5AVI,A,1,19
5AVI,A,1,20
5AVI,A,1,21
5AVI,A,1,22
5AVI,A,1,23
5AVI,A,1,24
5AVI,A,1,25
5AVI,A,1,26
5AVI,A,1,27
5AVI,A,1,28
5AVI,A,1,29
5AVI,A,1,30
5AVI,A,1,31
5AVI,A,1,32
5AVI,A,1,33
5AVI,A,1,34
5AVI,A,1,35
5AVI,A,1,36
5AVI,A,1,37
5AVI,A,1,38
5AVI,A,1,39
5AVI,A,1,59
5AVI,A,1,60
5AVI,A,1,61
5AVI,A,1,62
5AVI,A,1,63
5AVI,A,1,64
5AVI,A,1,65
5AVI,A,1,66
5AVI,A,1,67
5AVI,A,1,68
5AVI,A,1,69
5AVI,A,1,76
5AVI,A,1,77
5AVI,A,1,78
5AVI,A,1,79
5AVI,A,1,283
5AVI,B,1,1
5AVI,B,1,2
5AVI,B,1,3
5AVI,B,1,4
5AVI,B,1,5
5AVI,B,1,6
5AVI,B,1,22
5AVI,B,1,23
5AVI,B,1,24
5AVI,B,1,25
5AVI,C,1,1
5AVI,C,1,2
5AVI,C,1,3
5AVI,C,1,4
5AVI,C,1,5
5AVI,C,1,6
5AVI,C,1,7
5AVI,C,1,8
5AVI,C,1,9
5AVI,C,1,10
5AVI,C,1,11
5AVI,C,1,12
5AVI,C,1,13
5AVI,C,1,14
5AVI,C,1,15
5AVI,C,1,16
5AVI,C,1,17
5AVI,C,1,18
5AVI,C,1,19
5AVI,C,1,20
5AVI,C,1,21
5AVI,C,1,22
5AVI,C,1,23
5AVI,C,1,24
5AVI,C,1,25
5AVI,C,1,26
5AVI,C,1,27
5AVI,C,1,28
5AVI,C,1,29
5AVI,C,1,30
5AVI,C,1,31
5AVI,C,1,32
5AVI,C,1,33
5AVI,C,1,34
5AVI,C,1,35
5AVI,C,1,36
5AVI,C,1,37
5AVI,C,1,38
5AVI,C,1,39
5AVI,C,1,59
5AVI,C,1,60
5AVI,C,1,61
5AVI,C,1,62
5AVI,C,1,63
5AVI,C,1,64
5AVI,C,1,65
5AVI,C,1,66
5AVI,C,1,67
5AVI,C,1,68
5AVI,C,1,69
5AVI,C,1,76
5AVI,C,1,77
5AVI,C,1,78
5AVI,C,1,79
5AVI,C,1,80
5AVI,C,1,81
5AVI,C,1,283
5AVI,D,1,1
5AVI,D,1,2
5AVI,D,1,3
5AVI,D,1,4
5AVI,D,1,5
5AVI,D,1,6
5AVI,D,1,22
5AVI,D,1,23
5AVI,D,1,24
5AVI,D,1,25
5AVL,A,1,1
5AVL,A,1,2
5AVL,A,1,3
5AVL,A,1,4
5AVL,A,1,5
5AVL,A,1,6
5AVL,A,1,7
5AVL,A,1,8
5AVL,A,1,9
5AVL,A,1,10
5AVL,A,1,11
5AVL,A,1,12
5AVL,A,1,13
5AVL,A,1,14
5AVL,A,1,15
5AVL,A,1,16
5AVL,A,1,17
5AVL,A,1,18
5AVL,A,1,19
5AVL,A,1,20
5AVL,A,1,21
5AVL,A,1,22
5AVL,A,1,23
5AVL,A,1,24
5AVL,A,1,25
5AVL,A,1,26
5AVL,A,1,27
5AVL,A,1,28
5AVL,A,1,29
5AVL,A,1,30
5AVL,A,1,31
5AVL,A,1,32
5AVL,A,1,33
5AVL,A,1,34
5AVL,A,1,35
5AVL,A,1,36
5AVL,A,1,37
5AVL,A,1,38
5AVL,A,1,39
5AVL,A,1,59
5AVL,A,1,60
5AVL,A,1,61
5AVL,A,1,62
5AVL,A,1,63
5AVL,A,1,64
5AVL,A,1,65
5AVL,A,1,66
5AVL,A,1,67
5AVL,A,1,68
5AVL,A,1,69
5AVL,A,1,70
5AVL,A,1,75
5AVL,A,1,76
5AVL,A,1,77
5AVL,A,1,78
5AVL,A,1,79
5AVL,A,1,80
5AVL,A,1,81
5AVL,A,1,82
5AVL,B,1,1
5AVL,B,1,2
5AVL,B,1,3
5AVL,B,1,4
5AVL,B,1,5
5AVL,B,1,6
5AVL,B,1,22
5AVL,B,1,23
5AVL,B,1,24
5AVL,B,1,25
5AYG,A,1,1
5AYG,A,1,2
5AYG,A,1,3
5AYG,A,1,221
5AYG,A,1,222
5AYG,A,1,223
5AYG,A,1,224
5AYG,A,1,225
5AYG,A,1,226
5AYG,A,1,227
5AYG,A,1,228
5AYG,A,1,229
5AYG,A,1,230
5AYG,A,1,231
5AYG,A,1,232
5AYG,A,1,233
5AYG,A,1,234
5AYG,A,1,235
5AYG,A,1,236
5AYG,A,1,237
5AYG,A,1,238
5AYG,A,1,239
5AYG,A,1,240
5AYG,A,1,241
5AYG,A,1,242
5AYG,A,1,243
5AYG,A,1,244
5AYG,A,1,245
5AYG,A,1,246
5AYG,A,1,247
5AYG,A,1,248
5AYG,A,1,249
5AYG,A,1,250
5AYG,A,1,251
5AYG,A,1,252
5AYG,A,1,253
5AYG,A,1,254
5AYG,A,1,255
5AYG,A,1,256
5AYG,A,1,257
5AYG,A,1,258
5AYG,B,1,1
5AYG,B,1,2
5AYG,B,1,3
5AYG,B,1,223
5AYG,B,1,224
5AYG,B,1,225
5AYG,B,1,226
5AYG,B,1,227
5AYG,B,1,228
5AYG,B,1,229
5AYG,B,1,230
5AYG,B,1,231
5AYG,B,1,232
5AYG,B,1,233
5AYG,B,1,234
5AYG,B,1,235
5AYG,B,1,236
5AYG,B,1,237
5AYG,B,1,238
5AYG,B,1,239
5AYG,B,1,240
5AYG,B,1,241
5AYG,B,1,242
5AYG,B,1,243
5AYG,B,1,244
5AYG,B,1,245
5AYG,B,1,246
5AYG,B,1,247
5AYG,B,1,248
5AYG,B,1,249
5AYG,B,1,250
5AYG,B,1,251
5AYG,B,1,252
5AYG,B,1,253
5AYG,B,1,254
5AYG,B,1,255
5AYG,B,1,256
5AYG,B,1,257
5AYG,B,1,258
5AZT,A,1,1
5AZT,A,1,2
5AZT,A,1,3
5AZT,A,1,4
5AZT,A,1,31
5AZT,A,1,32
5AZT,A,1,33
5AZT,A,1,34
5AZT,B,1,1
5AZT,B,1,2
5AZT,B,1,3
5AZT,B,1,4
5AZT,B,1,36
5AZT,B,1,56
5AZT,B,1,57
5AZT,B,1,58
5AZT,B,1,59
5AZT,B,1,60
5AZT,B,1,61
5AZT,B,1,62
5AZT,B,1,63
5AZT,B,1,64
5AZT,B,1,65
5AZT,B,1,66
5AZT,B,1,268
5AZT,B,1,269
5AZT,C,1,1
5AZT,C,1,2
5AZT,C,1,3
5AZT,C,1,15
5AZV,A,1,1
5AZV,A,1,2
5AZV,A,1,3
5AZV,A,1,4
5AZV,A,1,5
5AZV,A,1,40
5AZV,A,1,63
5AZV,A,1,64
5AZV,A,1,65
5AZV,A,1,66
5AZV,A,1,67
5AZV,A,1,68
5AZV,A,1,69
5AZV,A,1,70
5AZV,A,1,71
5AZV,A,1,72
5AZV,A,1,73
5AZV,B,1,1
5AZV,B,1,2
5AZV,B,1,3
5AZV,B,1,4
5AZV,B,1,5
5AZV,B,1,40
5AZV,B,1,41
5AZV,B,1,62
5AZV,B,1,63
5AZV,B,1,64
5AZV,B,1,65
5AZV,B,1,66
5AZV,B,1,67
5AZV,B,1,68
5AZV,B,1,69
5AZV,B,1,70
5AZV,B,1,71
5AZV,B,1,72
5AZV,B,1,73
5AZV,B,1,74
5AZV,B,1,259
5AZV,B,1,260
5AZV,B,1,261
5AZV,B,1,262
5AZV,B,1,263
5AZV,B,1,264
5AZV,B,1,265
5AZV,B,1,274
5AZV,B,1,275
5AZV,B,1,276
5CJ6,A,1,1
5CJ6,A,1,2
5CJ6,A,1,3
5CJ6,A,1,4
5CJ6,A,1,5
5CJ6,A,1,6
5CJ6,A,1,7
5CJ6,A,1,8
5CJ6,A,1,9
5CJ6,A,1,10
5CJ6,A,1,11
5CJ6,A,1,12
5CJ6,A,1,13
5CJ6,A,1,14
5CJ6,A,1,15
5CJ6,A,1,16
5CJ6,A,1,17
5CJ6,A,1,18
5CJ6,A,1,19
5CJ6,A,1,20
5CJ6,A,1,21
5CJ6,A,1,22
5CJ6,A,1,23
5CJ6,A,1,24
5CJ6,A,1,25
5CJ6,A,1,26
5CJ6,A,1,27
5CJ6,A,1,28
5CJ6,A,1,29
5CJ6,A,1,30
5CJ6,A,1,31
5CJ6,A,1,32
5CJ6,A,1,207
5CJ6,A,1,208
5CJ6,A,1,209
5CJ6,A,1,210
5CJ6,A,1,281
5CJ6,A,1,282
5CJ6,A,1,283
5DI7,A,1,1
5DI7,A,1,2
5DI7,A,1,3
5DI7,A,1,4
5DI7,A,1,5
5DI7,A,1,6
5DI7,A,1,7
5DI7,A,1,165
5DI7,A,1,166
5DI7,A,1,167
5DI7,A,1,252
5DI7,A,1,253
5DI7,A,1,254
5DI7,A,1,255
5DI7,A,1,256
5DI7,A,1,257
5DI7,B,1,1
5DI7,B,1,2
5DI7,B,1,3
5DI7,B,1,4
5DI7,B,1,5
5DI7,B,1,6
5DI7,B,1,7
5DI7,B,1,253
5DI7,B,1,254
5DI7,B,1,255
5DI7,B,1,256
5DI7,B,1,257
5DI7,C,1,1
5DI7,C,1,12
5DI7,C,1,13
5DI7,C,1,14
5DI7,D,1,1
5DI7,D,1,12
5DI7,D,1,13
5DI7,D,1,14
5DID,A,1,1
5DID,A,1,2
5DID,A,1,3
5DID,A,1,4
5DID,A,1,5
5DID,A,1,6
5DID,A,1,7
5DID,A,1,165
5DID,A,1,166
5DID,A,1,254
5DID,A,1,255
5DID,A,1,256
5DID,A,1,257
5DID,B,1,1
5DID,B,1,2
5DID,B,1,3
5DID,B,1,4
5DID,B,1,5
5DID,B,1,6
5DID,B,1,7
5DID,B,1,253
5DID,B,1,254
5DID,B,1,255
5DID,B,1,256
5DID,B,1,257
5DID,C,1,1
5DID,C,1,12
5DID,C,1,13
5DID,C,1,14
5DID,D,1,1
5DID,D,1,12
5DID,D,1,13
5DID,D,1,14
5DIE,A,1,1
5DIE,A,1,2
5DIE,A,1,3
5DIE,A,1,4
5DIE,A,1,5
5DIE,A,1,6
5DIE,A,1,7
5DIE,A,1,165
5DIE,A,1,166
5DIE,A,1,167
5DIE,A,1,168
5DIE,A,1,169
5DIE,A,1,170
5DIE,A,1,171
5DIE,A,1,172
5DIE,A,1,252
5DIE,A,1,253
5DIE,A,1,254
5DIE,A,1,255
5DIE,A,1,256
5DIE,A,1,257
5DIE,B,1,1
5DIE,B,1,2
5DIE,B,1,3
5DIE,B,1,4
5DIE,B,1,5
5DIE,B,1,6
5DIE,B,1,7
5DIE,B,1,36
5DIE,B,1,37
5DIE,B,1,164
5DIE,B,1,165
5DIE,B,1,166
5DIE,B,1,167
5DIE,B,1,168
5DIE,B,1,169
5DIE,B,1,237
5DIE,B,1,252
5DIE,B,1,253
5DIE,B,1,254
5DIE,B,1,255
5DIE,B,1,256
5DIE,B,1,257
5DIE,C,1,1
5DIE,C,1,12
5DIE,C,1,13
5DIE,C,1,14
5DIE,D,1,1
5DIE,D,1,12
5DIE,D,1,13
5DIE,D,1,14
5DIG,A,1,1
5DIG,A,1,2
5DIG,A,1,3
5DIG,A,1,4
5DIG,A,1,5
5DIG,A,1,165
5DIG,A,1,166
5DIG,A,1,167
5DIG,A,1,168
5DIG,A,1,169
5DIG,A,1,170
5DIG,A,1,171
5DIG,A,1,254
5DIG,A,1,255
5DIG,A,1,256
5DIG,A,1,257
5DIG,B,1,1
5DIG,B,1,2
5DIG,B,1,3
5DIG,B,1,4
5DIG,B,1,5
5DIG,B,1,6
5DIG,B,1,7
5DIG,B,1,165
5DIG,B,1,166
5DIG,B,1,167
5DIG,B,1,253
5DIG,B,1,254
5DIG,B,1,255
5DIG,B,1,256
5DIG,B,1,257
5DIG,C,1,1
5DIG,C,1,12
5DIG,C,1,13
5DIG,C,1,14
5DIG,D,1,1
5DIG,D,1,12
5DIG,D,1,13
5DIG,D,1,14
5DK9,A,1,1
5DK9,A,1,2
5DK9,A,1,3
5DK9,A,1,4
5DK9,A,1,5
5DK9,A,1,6
5DK9,A,1,7
5DK9,A,1,8
5DK9,A,1,164
5DK9,A,1,165
5DK9,A,1,166
5DK9,A,1,167
5DK9,A,1,168
5DK9,A,1,169
5DK9,A,1,170
5DK9,A,1,171
5DK9,A,1,172
5DK9,A,1,173
5DK9,A,1,174
5DK9,A,1,175
5DK9,A,1,234
5DK9,A,1,252
5DK9,A,1,253
5DK9,A,1,254
5DK9,A,1,255
5DK9,A,1,256
5DK9,A,1,257
5DK9,B,1,1
5DK9,B,1,2
5DK9,B,1,3
5DK9,B,1,4
5DK9,B,1,5
5DK9,B,1,6
5DK9,B,1,7
5DK9,B,1,164
5DK9,B,1,165
5DK9,B,1,166
5DK9,B,1,167
5DK9,B,1,168
5DK9,B,1,169
5DK9,B,1,170
5DK9,B,1,236
5DK9,B,1,237
5DK9,B,1,252
5DK9,B,1,253
5DK9,B,1,254
5DK9,B,1,255
5DK9,B,1,256
5DK9,B,1,257
5DK9,C,1,1
5DK9,C,1,2
5DK9,C,1,12
5DK9,C,1,13
5DK9,C,1,14
5DK9,D,1,1
5DK9,D,1,2
5DK9,D,1,12
5DK9,D,1,13
5DK9,D,1,14
5DKB,A,1,1
5DKB,A,1,2
5DKB,A,1,3
5DKB,A,1,4
5DKB,A,1,5
5DKB,A,1,6
5DKB,A,1,7
5DKB,A,1,165
5DKB,A,1,166
5DKB,A,1,167
5DKB,A,1,168
5DKB,A,1,169
5DKB,A,1,170
5DKB,A,1,171
5DKB,A,1,172
5DKB,A,1,173
5DKB,A,1,174
5DKB,A,1,234
5DKB,A,1,235
5DKB,A,1,236
5DKB,A,1,237
5DKB,A,1,252
5DKB,A,1,253
5DKB,A,1,254
5DKB,A,1,255
5DKB,A,1,256
5DKB,A,1,257
5DKB,B,1,1
5DKB,B,1,2
5DKB,B,1,3
5DKB,B,1,4
5DKB,B,1,5
5DKB,B,1,6
5DKB,B,1,7
5DKB,B,1,8
5DKB,B,1,163
5DKB,B,1,164
5DKB,B,1,165
5DKB,B,1,166
5DKB,B,1,167
5DKB,B,1,168
5DKB,B,1,169
5DKB,B,1,170
5DKB,B,1,171
5DKB,B,1,172
5DKB,B,1,237
5DKB,B,1,252
5DKB,B,1,253
5DKB,B,1,254
5DKB,B,1,255
5DKB,B,1,256
5DKB,B,1,257
5DKB,C,1,1
5DKB,C,1,12
5DKB,C,1,13
5DKB,C,1,14
5DKB,D,1,1
5DKB,D,1,12
5DKB,D,1,13
5DKB,D,1,14
5DKE,A,1,1
5DKE,A,1,2
5DKE,A,1,3
5DKE,A,1,4
5DKE,A,1,5
5DKE,A,1,6
5DKE,A,1,7
5DKE,A,1,34
5DKE,A,1,35
5DKE,A,1,36
5DKE,A,1,37
5DKE,A,1,38
5DKE,A,1,39
5DKE,A,1,40
5DKE,A,1,41
5DKE,A,1,42
5DKE,A,1,43
5DKE,A,1,162
5DKE,A,1,163
5DKE,A,1,164
5DKE,A,1,165
5DKE,A,1,166
5DKE,A,1,167
5DKE,A,1,168
5DKE,A,1,169
5DKE,A,1,170
5DKE,A,1,171
5DKE,A,1,172
5DKE,A,1,173
5DKE,A,1,174
5DKE,A,1,252
5DKE,A,1,253
5DKE,A,1,254
5DKE,A,1,255
5DKE,A,1,256
5DKE,A,1,257
5DKE,B,1,1
5DKE,B,1,2
5DKE,B,1,3
5DKE,B,1,4
5DKE,B,1,5
5DKE,B,1,6
5DKE,B,1,7
5DKE,B,1,162
5DKE,B,1,163
5DKE,B,1,164
5DKE,B,1,165
5DKE,B,1,166
5DKE,B,1,167
5DKE,B,1,168
5DKE,B,1,169
5DKE,B,1,170
5DKE,B,1,171
5DKE,B,1,172
5DKE,B,1,232
5DKE,B,1,233
5DKE,B,1,234
5DKE,B,1,235
5DKE,C,1,1
5DKE,C,1,12
5DKE,C,1,13
5DKE,C,1,14
5DKE,D,1,1
5DKE,D,1,12
5DKE,D,1,13
5DKE,D,1,14
5DKG,A,1,1
5DKG,A,1,2
5DKG,A,1,3
5DKG,A,1,4
5DKG,A,1,5
5DKG,A,1,6
5DKG,A,1,165
5DKG,A,1,166
5DKG,A,1,167
5DKG,A,1,168
5DKG,A,1,169
5DKG,A,1,170
5DKG,A,1,171
5DKG,A,1,172
5DKG,A,1,173
5DKG,A,1,174
5DKG,A,1,234
5DKG,A,1,235
5DKG,A,1,236
5DKG,A,1,237
5DKG,A,1,252
5DKG,A,1,253
5DKG,A,1,254
5DKG,A,1,255
5DKG,A,1,256
5DKG,A,1,257
5DKG,B,1,1
5DKG,B,1,2
5DKG,B,1,3
5DKG,B,1,4
5DKG,B,1,5
5DKG,B,1,6
5DKG,B,1,7
5DKG,B,1,164
5DKG,B,1,165
5DKG,B,1,166
5DKG,B,1,233
5DKG,B,1,234
5DKG,B,1,253
5DKG,B,1,254
5DKG,B,1,255
5DKG,B,1,256
5DKG,B,1,257
5DKG,C,1,1
5DKG,C,1,12
5DKG,C,1,13
5DKG,C,1,14
5DKG,D,1,1
5DKG,D,1,12
5DKG,D,1,13
5DKG,D,1,14
5DKS,A,1,1
5DKS,A,1,2
5DKS,A,1,3
5DKS,A,1,4
5DKS,A,1,5
5DKS,A,1,6
5DKS,A,1,7
5DKS,A,1,34
5DKS,A,1,35
5DKS,A,1,36
5DKS,A,1,37
5DKS,A,1,38
5DKS,A,1,165
5DKS,A,1,166
5DKS,A,1,167
5DKS,A,1,168
5DKS,A,1,169
5DKS,A,1,170
5DKS,A,1,171
5DKS,A,1,172
5DKS,A,1,173
5DKS,A,1,232
5DKS,A,1,233
5DKS,A,1,234
5DKS,A,1,235
5DKS,A,1,236
5DKS,A,1,252
5DKS,A,1,253
5DKS,A,1,254
5DKS,A,1,255
5DKS,A,1,256
5DKS,A,1,257
5DKS,B,1,1
5DKS,B,1,2
5DKS,B,1,3
5DKS,B,1,4
5DKS,B,1,5
5DKS,B,1,6
5DKS,B,1,7
5DKS,B,1,8
5DKS,B,1,9
5DKS,B,1,121
5DKS,B,1,122
5DKS,B,1,123
5DKS,B,1,165
5DKS,B,1,166
5DKS,B,1,167
5DKS,B,1,168
5DKS,B,1,169
5DKS,B,1,170
5DKS,B,1,171
5DKS,B,1,233
5DKS,B,1,234
5DKS,B,1,235
5DKS,B,1,236
5DKS,B,1,237
5DKS,B,1,252
5DKS,B,1,253
5DKS,B,1,254
5DKS,B,1,255
5DKS,B,1,256
5DKS,B,1,257
5DKS,C,1,1
5DKS,C,1,2
5DKS,C,1,12
5DKS,C,1,13
5DKS,C,1,14
5DKS,D,1,1
5DKS,D,1,2
5DKS,D,1,12
5DKS,D,1,13
5DKS,D,1,14
5DL4,A,1,1
5DL4,A,1,2
5DL4,A,1,3
5DL4,A,1,4
5DL4,A,1,5
5DL4,A,1,6
5DL4,A,1,37
5DL4,A,1,38
5DL4,A,1,165
5DL4,A,1,166
5DL4,A,1,167
5DL4,A,1,168
5DL4,A,1,169
5DL4,A,1,170
5DL4,A,1,171
5DL4,A,1,172
5DL4,A,1,254
5DL4,A,1,255
5DL4,A,1,256
5DL4,A,1,257
5DL4,B,1,1
5DL4,B,1,2
5DL4,B,1,3
5DL4,B,1,4
5DL4,B,1,5
5DL4,B,1,6
5DL4,B,1,7
5DL4,B,1,165
5DL4,B,1,166
5DL4,B,1,167
5DL4,B,1,168
5DL4,B,1,252
5DL4,B,1,253
5DL4,B,1,254
5DL4,B,1,255
5DL4,B,1,256
5DL4,B,1,257
5DL4,C,1,1
5DL4,C,1,12
5DL4,C,1,13
5DL4,C,1,14
5DL4,D,1,1
5DL4,D,1,12
5DL4,D,1,13
5DL4,D,1,14
5DLR,A,1,1
5DLR,A,1,2
5DLR,A,1,3
5DLR,A,1,4
5DLR,A,1,5
5DLR,A,1,6
5DLR,A,1,163
5DLR,A,1,164
5DLR,A,1,165
5DLR,A,1,166
5DLR,A,1,167
5DLR,A,1,168
5DLR,A,1,169
5DLR,A,1,170
5DLR,A,1,171
5DLR,A,1,172
5DLR,A,1,173
5DLR,A,1,174
5DLR,A,1,252
5DLR,A,1,253
5DLR,A,1,254
5DLR,A,1,255
5DLR,A,1,256
5DLR,A,1,257
5DLR,B,1,1
5DLR,B,1,2
5DLR,B,1,3
5DLR,B,1,4
5DLR,B,1,5
5DLR,B,1,6
5DLR,B,1,7
5DLR,B,1,120
5DLR,B,1,121
5DLR,B,1,165
5DLR,B,1,166
5DLR,B,1,167
5DLR,B,1,168
5DLR,B,1,254
5DLR,B,1,255
5DLR,B,1,256
5DLR,B,1,257
5DLR,C,1,1
5DLR,C,1,12
5DLR,C,1,13
5DLR,C,1,14
5DLR,D,1,1
5DLR,D,1,12
5DLR,D,1,13
5DLR,D,1,14
5DMC,A,1,1
5DMC,A,1,2
5DMC,A,1,3
5DMC,A,1,4
5DMC,A,1,5
5DMC,A,1,6
5DMC,A,1,7
5DMC,A,1,35
5DMC,A,1,36
5DMC,A,1,37
5DMC,A,1,38
5DMC,A,1,39
5DMC,A,1,122
5DMC,A,1,123
5DMC,A,1,164
5DMC,A,1,165
5DMC,A,1,166
5DMC,A,1,167
5DMC,A,1,168
5DMC,A,1,169
5DMC,A,1,170
5DMC,A,1,171
5DMC,A,1,172
5DMC,A,1,173
5DMC,A,1,174
5DMC,A,1,236
5DMC,A,1,237
5DMC,A,1,251
5DMC,A,1,252
5DMC,A,1,253
5DMC,A,1,254
5DMC,A,1,255
5DMC,A,1,256
5DMC,A,1,257
5DMC,B,1,1
5DMC,B,1,2
5DMC,B,1,3
5DMC,B,1,4
5DMC,B,1,5
5DMC,B,1,6
5DMC,B,1,7
5DMC,B,1,40
5DMC,B,1,120
5DMC,B,1,121
5DMC,B,1,122
5DMC,B,1,165
5DMC,B,1,166
5DMC,B,1,167
5DMC,B,1,168
5DMC,B,1,169
5DMC,B,1,170
5DMC,B,1,235
5DMC,B,1,236
5DMC,B,1,251
5DMC,B,1,252
5DMC,B,1,253
5DMC,B,1,254
5DMC,B,1,255
5DMC,B,1,256
5DMC,B,1,257
5DMC,C,1,1
5DMC,C,1,12
5DMC,C,1,13
5DMC,C,1,14
5DMC,D,1,1
5DMC,D,1,2
5DMC,D,1,12
5DMC,D,1,13
5DMC,D,1,14
5DMF,A,1,1
5DMF,A,1,2
5DMF,A,1,3
5DMF,A,1,4
5DMF,A,1,5
5DMF,A,1,6
5DMF,A,1,7
5DMF,A,1,165
5DMF,A,1,166
5DMF,A,1,167
5DMF,A,1,168
5DMF,A,1,169
5DMF,A,1,170
5DMF,A,1,171
5DMF,A,1,172
5DMF,A,1,252
5DMF,A,1,253
5DMF,A,1,254
5DMF,A,1,255
5DMF,A,1,256
5DMF,A,1,257
5DMF,B,1,1
5DMF,B,1,2
5DMF,B,1,3
5DMF,B,1,4
5DMF,B,1,5
5DMF,B,1,6
5DMF,B,1,7
5DMF,B,1,8
5DMF,B,1,163
5DMF,B,1,164
5DMF,B,1,165
5DMF,B,1,166
5DMF,B,1,167
5DMF,B,1,168
5DMF,B,1,169
5DMF,B,1,170
5DMF,B,1,171
5DMF,B,1,172
5DMF,B,1,252
5DMF,B,1,253
5DMF,B,1,254
5DMF,B,1,255
5DMF,B,1,256
5DMF,B,1,257
5DMF,C,1,1
5DMF,C,1,14
5DMF,D,1,1
5DMF,D,1,12
5DMF,D,1,13
5DMF,D,1,14
5DP0,A,1,1
5DP0,A,1,2
5DP0,A,1,3
5DP0,A,1,4
5DP0,A,1,5
5DP0,A,1,6
5DP0,A,1,7
5DP0,A,1,35
5DP0,A,1,36
5DP0,A,1,37
5DP0,A,1,118
5DP0,A,1,119
5DP0,A,1,165
5DP0,A,1,166
5DP0,A,1,167
5DP0,A,1,168
5DP0,A,1,169
5DP0,A,1,170
5DP0,A,1,171
5DP0,A,1,172
5DP0,A,1,173
5DP0,A,1,174
5DP0,A,1,252
5DP0,A,1,253
5DP0,A,1,254
5DP0,A,1,255
5DP0,A,1,256
5DP0,A,1,257
5DP0,B,1,1
5DP0,B,1,2
5DP0,B,1,3
5DP0,B,1,4
5DP0,B,1,5
5DP0,B,1,6
5DP0,B,1,7
5DP0,B,1,118
5DP0,B,1,119
5DP0,B,1,120
5DP0,B,1,121
5DP0,B,1,122
5DP0,B,1,123
5DP0,B,1,165
5DP0,B,1,166
5DP0,B,1,167
5DP0,B,1,168
5DP0,B,1,169
5DP0,B,1,170
5DP0,B,1,252
5DP0,B,1,253
5DP0,B,1,254
5DP0,B,1,255
5DP0,B,1,256
5DP0,B,1,257
5DP0,C,1,1
5DP0,C,1,2
5DP0,C,1,12
5DP0,C,1,13
5DP0,C,1,14
5DP0,D,1,1
5DP0,D,1,2
5DP0,D,1,12
5DP0,D,1,13
5DP0,D,1,14
5DRJ,A,1,1
5DRJ,A,1,2
5DRJ,A,1,3
5DRJ,A,1,4
5DRJ,A,1,5
5DRJ,A,1,6
5DRJ,A,1,7
5DRJ,A,1,165
5DRJ,A,1,166
5DRJ,A,1,167
5DRJ,A,1,168
5DRJ,A,1,169
5DRJ,A,1,170
5DRJ,A,1,171
5DRJ,A,1,172
5DRJ,A,1,173
5DRJ,A,1,174
5DRJ,A,1,252
5DRJ,A,1,253
5DRJ,A,1,254
5DRJ,A,1,255
5DRJ,A,1,256
5DRJ,A,1,257
5DRJ,B,1,1
5DRJ,B,1,2
5DRJ,B,1,3
5DRJ,B,1,4
5DRJ,B,1,5
5DRJ,B,1,6
5DRJ,B,1,7
5DRJ,B,1,165
5DRJ,B,1,166
5DRJ,B,1,167
5DRJ,B,1,253
5DRJ,B,1,254
5DRJ,B,1,255
5DRJ,B,1,256
5DRJ,B,1,257
5DRJ,C,1,1
5DRJ,C,1,12
5DRJ,C,1,13
5DRJ,C,1,14
5DRJ,D,1,1
5DRJ,D,1,12
5DRJ,D,1,13
5DRJ,D,1,14
5DRM,A,1,1
5DRM,A,1,2
5DRM,A,1,3
5DRM,A,1,4
5DRM,A,1,5
5DRM,A,1,6
5DRM,A,1,7
5DRM,A,1,164
5DRM,A,1,165
5DRM,A,1,166
5DRM,A,1,167
5DRM,A,1,168
5DRM,A,1,252
5DRM,A,1,253
5DRM,A,1,254
5DRM,A,1,255
5DRM,A,1,256
5DRM,A,1,257
5DRM,B,1,1
5DRM,B,1,2
5DRM,B,1,3
5DRM,B,1,4
5DRM,B,1,5
5DRM,B,1,6
5DRM,B,1,7
5DRM,B,1,35
5DRM,B,1,36
5DRM,B,1,37
5DRM,B,1,38
5DRM,B,1,39
5DRM,B,1,166
5DRM,B,1,233
5DRM,B,1,234
5DRM,B,1,235
5DRM,B,1,252
5DRM,B,1,253
5DRM,B,1,254
5DRM,B,1,255
5DRM,B,1,256
5DRM,B,1,257
5DRM,C,1,1
5DRM,C,1,12
5DRM,C,1,13
5DRM,C,1,14
5DRM,D,1,1
5DRM,D,1,2
5DRM,D,1,12
5DRM,D,1,13
5DRM,D,1,14
5DSH,A,1,1
5DSH,A,1,2
5DSH,A,1,3
5DSH,A,1,4
5DSH,A,1,5
5DSH,A,1,6
5DSH,A,1,7
5DSH,A,1,8
5DSH,A,1,9
5DSH,A,1,10
5DSH,A,1,11
5DSH,A,1,12
5DSH,A,1,13
5DSH,A,1,14
5DSH,A,1,15
5DSH,A,1,72
5DSH,A,1,73
5DSH,A,1,74
5DSH,A,1,75
5DSH,A,1,76
5DSH,A,1,77
5DSH,A,1,78
5DSH,A,1,79
5DSH,A,1,80
5DSH,A,1,81
5DSH,A,1,82
5DSH,A,1,83
5DSH,A,1,84
5DSH,A,1,85
5DSH,B,1,1
5DSH,B,1,2
5DSH,B,1,12
5DSH,B,1,13
5DSH,B,1,14
5DSH,B,1,15
5DSH,B,1,16
5DTV,A,1,1
5DTV,A,1,2
5DTV,A,1,3
5DTV,A,1,4
5DTV,A,1,5
5DTV,A,1,6
5DTV,A,1,7
5DTV,A,1,36
5DTV,A,1,37
5DTV,A,1,38
5DTV,A,1,164
5DTV,A,1,165
5DTV,A,1,166
5DTV,A,1,167
5DTV,A,1,168
5DTV,A,1,169
5DTV,A,1,170
5DTV,A,1,171
5DTV,A,1,172
5DTV,A,1,173
5DTV,A,1,174
5DTV,A,1,252
5DTV,A,1,253
5DTV,A,1,254
5DTV,A,1,255
5DTV,A,1,256
5DTV,A,1,257
5DTV,B,1,1
5DTV,B,1,2
5DTV,B,1,12
5DTV,B,1,13
5DTV,B,1,14
5DTV,C,1,1
5DTV,C,1,2
5DTV,C,1,3
5DTV,C,1,4
5DTV,C,1,5
5DTV,C,1,6
5DTV,C,1,7
5DTV,C,1,165
5DTV,C,1,166
5DTV,C,1,167
5DTV,C,1,168
5DTV,C,1,169
5DTV,C,1,170
5DTV,C,1,252
5DTV,C,1,253
5DTV,C,1,254
5DTV,C,1,255
5DTV,C,1,256
5DTV,C,1,257
5DTV,D,1,1
5DTV,D,1,2
5DTV,D,1,12
5DTV,D,1,13
5DTV,D,1,14
5DU5,A,1,1
5DU5,A,1,2
5DU5,A,1,3
5DU5,A,1,4
5DU5,A,1,5
5DU5,A,1,6
5DU5,A,1,7
5DU5,A,1,35
5DU5,A,1,36
5DU5,A,1,37
5DU5,A,1,38
5DU5,A,1,165
5DU5,A,1,166
5DU5,A,1,167
5DU5,A,1,168
5DU5,A,1,169
5DU5,A,1,170
5DU5,A,1,171
5DU5,A,1,172
5DU5,A,1,173
5DU5,A,1,252
5DU5,A,1,253
5DU5,A,1,254
5DU5,A,1,255
5DU5,A,1,256
5DU5,A,1,257
5DU5,B,1,1
5DU5,B,1,2
5DU5,B,1,3
5DU5,B,1,4
5DU5,B,1,5
5DU5,B,1,6
5DU5,B,1,7
5DU5,B,1,8
5DU5,B,1,165
5DU5,B,1,166
5DU5,B,1,167
5DU5,B,1,168
5DU5,B,1,169
5DU5,B,1,170
5DU5,B,1,171
5DU5,B,1,236
5DU5,B,1,237
5DU5,B,1,253
5DU5,B,1,254
5DU5,B,1,255
5DU5,B,1,256
5DU5,B,1,257
5DU5,C,1,1
5DU5,C,1,2
5DU5,C,1,12
5DU5,C,1,13
5DU5,C,1,14
5DU5,D,1,1
5DU5,D,1,2
5DU5,D,1,12
5DU5,D,1,13
5DU5,D,1,14
5DUE,A,1,1
5DUE,A,1,2
5DUE,A,1,3
5DUE,A,1,4
5DUE,A,1,5
5DUE,A,1,6
5DUE,A,1,7
5DUE,A,1,166
5DUE,A,1,167
5DUE,A,1,168
5DUE,A,1,169
5DUE,A,1,170
5DUE,A,1,171
5DUE,A,1,172
5DUE,A,1,173
5DUE,A,1,174
5DUE,A,1,252
5DUE,A,1,253
5DUE,A,1,254
5DUE,A,1,255
5DUE,A,1,256
5DUE,A,1,257
5DUE,B,1,1
5DUE,B,1,2
5DUE,B,1,3
5DUE,B,1,4
5DUE,B,1,5
5DUE,B,1,6
5DUE,B,1,165
5DUE,B,1,166
5DUE,B,1,167
5DUE,B,1,168
5DUE,B,1,253
5DUE,B,1,254
5DUE,B,1,255
5DUE,B,1,256
5DUE,B,1,257
5DUE,C,1,1
5DUE,C,1,12
5DUE,C,1,13
5DUE,C,1,14
5DUE,D,1,1
5DUE,D,1,2
5DUE,D,1,12
5DUE,D,1,13
5DUE,D,1,14
5DUG,A,1,1
5DUG,A,1,2
5DUG,A,1,3
5DUG,A,1,4
5DUG,A,1,5
5DUG,A,1,6
5DUG,A,1,7
5DUG,A,1,8
5DUG,A,1,165
5DUG,A,1,166
5DUG,A,1,167
5DUG,A,1,168
5DUG,A,1,169
5DUG,A,1,170
5DUG,A,1,171
5DUG,A,1,172
5DUG,A,1,173
5DUG,A,1,252
5DUG,A,1,253
5DUG,A,1,254
5DUG,A,1,255
5DUG,A,1,256
5DUG,A,1,257
5DUG,B,1,1
5DUG,B,1,2
5DUG,B,1,3
5DUG,B,1,4
5DUG,B,1,5
5DUG,B,1,6
5DUG,B,1,7
5DUG,B,1,163
5DUG,B,1,164
5DUG,B,1,165
5DUG,B,1,166
5DUG,B,1,167
5DUG,B,1,168
5DUG,B,1,169
5DUG,B,1,170
5DUG,B,1,171
5DUG,B,1,172
5DUG,B,1,252
5DUG,B,1,253
5DUG,B,1,254
5DUG,B,1,255
5DUG,B,1,256
5DUG,B,1,257
5DUG,C,1,1
5DUG,C,1,12
5DUG,C,1,13
5DUG,C,1,14
5DUG,D,1,1
5DUG,D,1,2
5DUG,D,1,12
5DUG,D,1,13
5DUG,D,1,14
5DUH,A,1,1
5DUH,A,1,2
5DUH,A,1,3
5DUH,A,1,4
5DUH,A,1,5
5DUH,A,1,6
5DUH,A,1,7
5DUH,A,1,165
5DUH,A,1,166
5DUH,A,1,167
5DUH,A,1,168
5DUH,A,1,169
5DUH,A,1,170
5DUH,A,1,171
5DUH,A,1,172
5DUH,A,1,252
5DUH,A,1,253
5DUH,A,1,254
5DUH,A,1,255
5DUH,A,1,256
5DUH,A,1,257
5DUH,B,1,1
5DUH,B,1,2
5DUH,B,1,3
5DUH,B,1,4
5DUH,B,1,5
5DUH,B,1,6
5DUH,B,1,7
5DUH,B,1,38
5DUH,B,1,39
5DUH,B,1,163
5DUH,B,1,164
5DUH,B,1,165
5DUH,B,1,166
5DUH,B,1,167
5DUH,B,1,168
5DUH,B,1,169
5DUH,B,1,170
5DUH,B,1,171
5DUH,B,1,172
5DUH,B,1,253
5DUH,B,1,254
5DUH,B,1,255
5DUH,B,1,256
5DUH,B,1,257
5DUH,C,1,1
5DUH,C,1,12
5DUH,C,1,13
5DUH,C,1,14
5DUH,D,1,1
5DUH,D,1,2
5DUH,D,1,12
5DUH,D,1,13
5DUH,D,1,14
5DV3,A,1,1
5DV3,A,1,2
5DV3,A,1,3
5DV3,A,1,4
5DV3,A,1,5
5DV3,A,1,6
5DV3,A,1,7
5DV3,A,1,8
5DV3,A,1,9
5DV3,A,1,10
5DV3,A,1,11
5DV3,A,1,12
5DV3,A,1,13
5DV3,A,1,14
5DV3,A,1,15
5DV3,A,1,76
5DV3,A,1,77
5DV3,A,1,78
5DV3,A,1,79
5DV3,A,1,80
5DV3,A,1,81
5DV3,A,1,82
5DV3,A,1,83
5DV3,A,1,84
5DV3,B,1,1
5DV3,B,1,2
5DV3,B,1,13
5DV3,B,1,14
5DV3,B,1,15
5DV3,B,1,16
5DV6,A,1,1
5DV6,A,1,2
5DV6,A,1,3
5DV6,A,1,4
5DV6,A,1,5
5DV6,A,1,6
5DV6,A,1,7
5DV6,A,1,8
5DV6,A,1,9
5DV6,A,1,10
5DV6,A,1,11
5DV6,A,1,12
5DV6,A,1,13
5DV6,A,1,14
5DV6,A,1,15
5DV6,A,1,74
5DV6,A,1,75
5DV6,A,1,76
5DV6,A,1,77
5DV6,A,1,78
5DV6,A,1,79
5DV6,A,1,80
5DV6,A,1,81
5DV6,A,1,82
5DV6,A,1,83
5DV6,A,1,84
5DV6,B,1,1
5DV6,B,1,2
5DV6,B,1,13
5DV6,B,1,14
5DV6,B,1,15
5DV6,B,1,16
5DV8,A,1,1
5DV8,A,1,2
5DV8,A,1,3
5DV8,A,1,4
5DV8,A,1,5
5DV8,A,1,6
5DV8,A,1,7
5DV8,A,1,8
5DV8,A,1,9
5DV8,A,1,10
5DV8,A,1,11
5DV8,A,1,12
5DV8,A,1,13
5DV8,A,1,14
5DV8,A,1,15
5DV8,A,1,81
5DV8,A,1,82
5DV8,A,1,83
5DV8,B,1,1
5DV8,B,1,2
5DV8,B,1,13
5DV8,B,1,14
5DV8,B,1,15
5DV8,B,1,16
5DVC,A,1,1
5DVC,A,1,2
5DVC,A,1,3
5DVC,A,1,4
5DVC,A,1,5
5DVC,A,1,6
5DVC,A,1,7
5DVC,A,1,8
5DVC,A,1,9
5DVC,A,1,10
5DVC,A,1,11
5DVC,A,1,12
5DVC,A,1,13
5DVC,A,1,14
5DVC,A,1,15
5DVC,A,1,81
5DVC,A,1,82
5DVC,A,1,83
5DVC,A,1,84
5DVC,B,1,1
5DVC,B,1,13
5DVC,B,1,14
5DVC,B,1,15
5DVC,B,1,16
5DVS,A,1,1
5DVS,A,1,2
5DVS,A,1,3
5DVS,A,1,4
5DVS,A,1,5
5DVS,A,1,6
5DVS,A,1,7
5DVS,A,1,8
5DVS,A,1,38
5DVS,A,1,165
5DVS,A,1,166
5DVS,A,1,167
5DVS,A,1,168
5DVS,A,1,169
5DVS,A,1,170
5DVS,A,1,171
5DVS,A,1,172
5DVS,A,1,173
5DVS,A,1,174
5DVS,A,1,251
5DVS,A,1,252
5DVS,A,1,253
5DVS,A,1,254
5DVS,A,1,255
5DVS,A,1,256
5DVS,A,1,257
5DVS,B,1,1
5DVS,B,1,2
5DVS,B,1,3
5DVS,B,1,4
5DVS,B,1,5
5DVS,B,1,6
5DVS,B,1,7
5DVS,B,1,8
5DVS,B,1,40
5DVS,B,1,41
5DVS,B,1,118
5DVS,B,1,119
5DVS,B,1,120
5DVS,B,1,121
5DVS,B,1,122
5DVS,B,1,123
5DVS,B,1,164
5DVS,B,1,165
5DVS,B,1,166
5DVS,B,1,167
5DVS,B,1,168
5DVS,B,1,169
5DVS,B,1,170
5DVS,B,1,171
5DVS,B,1,172
5DVS,B,1,173
5DVS,B,1,174
5DVS,B,1,236
5DVS,B,1,252
5DVS,B,1,253
5DVS,B,1,254
5DVS,B,1,255
5DVS,B,1,256
5DVS,B,1,257
5DVS,C,1,1
5DVS,C,1,2
5DVS,C,1,12
5DVS,C,1,13
5DVS,C,1,14
5DVS,D,1,1
5DVS,D,1,2
5DVS,D,1,12
5DVS,D,1,13
5DVS,D,1,14
5DVV,A,1,1
5DVV,A,1,2
5DVV,A,1,3
5DVV,A,1,4
5DVV,A,1,5
5DVV,A,1,6
5DVV,A,1,7
5DVV,A,1,8
5DVV,A,1,9
5DVV,A,1,10
5DVV,A,1,11
5DVV,A,1,12
5DVV,A,1,34
5DVV,A,1,35
5DVV,A,1,36
5DVV,A,1,37
5DVV,A,1,38
5DVV,A,1,39
5DVV,A,1,40
5DVV,A,1,41
5DVV,A,1,42
5DVV,A,1,116
5DVV,A,1,117
5DVV,A,1,118
5DVV,A,1,119
5DVV,A,1,120
5DVV,A,1,121
5DVV,A,1,122
5DVV,A,1,123
5DVV,A,1,124
5DVV,A,1,164
5DVV,A,1,165
5DVV,A,1,166
5DVV,A,1,167
5DVV,A,1,168
5DVV,A,1,169
5DVV,A,1,231
5DVV,A,1,232
5DVV,A,1,233
5DVV,A,1,234
5DVV,A,1,235
5DVV,A,1,236
5DVV,A,1,252
5DVV,A,1,253
5DVV,A,1,254
5DVV,A,1,255
5DVV,A,1,256
5DVV,A,1,257
5DVV,B,1,1
5DVV,B,1,2
5DVV,B,1,3
5DVV,B,1,4
5DVV,B,1,5
5DVV,B,1,6
5DVV,B,1,7
5DVV,B,1,8
5DVV,B,1,9
5DVV,B,1,10
5DVV,B,1,11
5DVV,B,1,35
5DVV,B,1,36
5DVV,B,1,37
5DVV,B,1,38
5DVV,B,1,39
5DVV,B,1,40
5DVV,B,1,41
5DVV,B,1,42
5DVV,B,1,43
5DVV,B,1,115
5DVV,B,1,116
5DVV,B,1,117
5DVV,B,1,118
5DVV,B,1,119
5DVV,B,1,120
5DVV,B,1,121
5DVV,B,1,122
5DVV,B,1,164
5DVV,B,1,165
5DVV,B,1,166
5DVV,B,1,167
5DVV,B,1,168
5DVV,B,1,169
5DVV,B,1,170
5DVV,B,1,171
5DVV,B,1,172
5DVV,B,1,173
5DVV,B,1,174
5DVV,B,1,175
5DVV,B,1,251
5DVV,B,1,252
5DVV,B,1,253
5DVV,B,1,254
5DVV,B,1,255
5DVV,B,1,256
5DVV,B,1,257
5DVV,C,1,1
5DVV,C,1,2
5DVV,C,1,3
5DVV,C,1,9
5DVV,C,1,10
5DVV,C,1,11
5DVV,C,1,12
5DVV,C,1,13
5DVV,C,1,14
5DVV,D,1,1
5DVV,D,1,2
5DVV,D,1,10
5DVV,D,1,11
5DVV,D,1,12
5DVV,D,1,13
5DVV,D,1,14
5DWE,A,1,1
5DWE,A,1,2
5DWE,A,1,3
5DWE,A,1,4
5DWE,A,1,5
5DWE,A,1,6
5DWE,A,1,7
5DWE,A,1,37
5DWE,A,1,38
5DWE,A,1,165
5DWE,A,1,166
5DWE,A,1,167
5DWE,A,1,168
5DWE,A,1,169
5DWE,A,1,170
5DWE,A,1,171
5DWE,A,1,172
5DWE,A,1,173
5DWE,A,1,174
5DWE,A,1,256
5DWE,A,1,257
5DWE,B,1,1
5DWE,B,1,2
5DWE,B,1,3
5DWE,B,1,4
5DWE,B,1,5
5DWE,B,1,6
5DWE,B,1,7
5DWE,B,1,40
5DWE,B,1,118
5DWE,B,1,119
5DWE,B,1,120
5DWE,B,1,121
5DWE,B,1,122
5DWE,B,1,164
5DWE,B,1,165
5DWE,B,1,166
5DWE,B,1,167
5DWE,B,1,168
5DWE,B,1,169
5DWE,B,1,170
5DWE,B,1,171
5DWE,B,1,172
5DWE,B,1,173
5DWE,B,1,253
5DWE,B,1,254
5DWE,B,1,255
5DWE,B,1,256
5DWE,B,1,257
5DWE,C,1,1
5DWE,C,1,2
5DWE,C,1,12
5DWE,C,1,13
5DWE,C,1,14
5DWE,D,1,1
5DWE,D,1,2
5DWE,D,1,12
5DWE,D,1,13
5DWE,D,1,14
5DWG,A,1,1
5DWG,A,1,2
5DWG,A,1,3
5DWG,A,1,4
5DWG,A,1,5
5DWG,A,1,6
5DWG,A,1,7
5DWG,A,1,34
5DWG,A,1,35
5DWG,A,1,36
5DWG,A,1,37
5DWG,A,1,38
5DWG,A,1,39
5DWG,A,1,123
5DWG,A,1,164
5DWG,A,1,165
5DWG,A,1,166
5DWG,A,1,167
5DWG,A,1,168
5DWG,A,1,169
5DWG,A,1,170
5DWG,A,1,171
5DWG,A,1,172
5DWG,A,1,173
5DWG,A,1,174
5DWG,A,1,236
5DWG,A,1,252
5DWG,A,1,253
5DWG,A,1,254
5DWG,A,1,255
5DWG,A,1,256
5DWG,A,1,257
5DWG,B,1,1
5DWG,B,1,2
5DWG,B,1,3
5DWG,B,1,4
5DWG,B,1,5
5DWG,B,1,6
5DWG,B,1,7
5DWG,B,1,8
5DWG,B,1,9
5DWG,B,1,10
5DWG,B,1,11
5DWG,B,1,12
5DWG,B,1,36
5DWG,B,1,37
5DWG,B,1,38
5DWG,B,1,39
5DWG,B,1,40
5DWG,B,1,120
5DWG,B,1,121
5DWG,B,1,122
5DWG,B,1,163
5DWG,B,1,164
5DWG,B,1,165
5DWG,B,1,166
5DWG,B,1,167
5DWG,B,1,168
5DWG,B,1,169
5DWG,B,1,170
5DWG,B,1,171
5DWG,B,1,172
5DWG,B,1,235
5DWG,B,1,236
5DWG,B,1,237
5DWG,B,1,238
5DWG,B,1,251
5DWG,B,1,252
5DWG,B,1,253
5DWG,B,1,254
5DWG,B,1,255
5DWG,B,1,256
5DWG,B,1,257
5DWG,C,1,1
5DWG,C,1,2
5DWG,C,1,11
5DWG,C,1,12
5DWG,C,1,13
5DWG,C,1,14
5DWG,D,1,1
5DWG,D,1,2
5DWG,D,1,3
5DWG,D,1,11
5DWG,D,1,12
5DWG,D,1,13
5DWG,D,1,14
5DWI,A,1,1
5DWI,A,1,2
5DWI,A,1,3
5DWI,A,1,4
5DWI,A,1,5
5DWI,A,1,6
5DWI,A,1,7
5DWI,A,1,38
5DWI,A,1,39
5DWI,A,1,164
5DWI,A,1,165
5DWI,A,1,166
5DWI,A,1,167
5DWI,A,1,168
5DWI,A,1,169
5DWI,A,1,170
5DWI,A,1,171
5DWI,A,1,172
5DWI,A,1,173
5DWI,A,1,252
5DWI,A,1,253
5DWI,A,1,254
5DWI,A,1,255
5DWI,A,1,256
5DWI,A,1,257
5DWI,B,1,1
5DWI,B,1,2
5DWI,B,1,3
5DWI,B,1,4
5DWI,B,1,5
5DWI,B,1,6
5DWI,B,1,7
5DWI,B,1,39
5DWI,B,1,40
5DWI,B,1,164
5DWI,B,1,165
5DWI,B,1,166
5DWI,B,1,167
5DWI,B,1,168
5DWI,B,1,169
5DWI,B,1,170
5DWI,B,1,171
5DWI,B,1,172
5DWI,B,1,236
5DWI,B,1,237
5DWI,B,1,252
5DWI,B,1,253
5DWI,B,1,254
5DWI,B,1,255
5DWI,B,1,256
5DWI,B,1,257
5DWI,C,1,1
5DWI,C,1,12
5DWI,C,1,13
5DWI,C,1,14
5DWI,D,1,1
5DWI,D,1,2
5DWI,D,1,12
5DWI,D,1,13
5DWI,D,1,14
5DWJ,A,1,1
5DWJ,A,1,2
5DWJ,A,1,3
5DWJ,A,1,4
5DWJ,A,1,5
5DWJ,A,1,6
5DWJ,A,1,7
5DWJ,A,1,37
5DWJ,A,1,38
5DWJ,A,1,39
5DWJ,A,1,165
5DWJ,A,1,166
5DWJ,A,1,167
5DWJ,A,1,168
5DWJ,A,1,169
5DWJ,A,1,170
5DWJ,A,1,171
5DWJ,A,1,172
5DWJ,A,1,173
5DWJ,A,1,174
5DWJ,A,1,252
5DWJ,A,1,253
5DWJ,A,1,254
5DWJ,A,1,255
5DWJ,A,1,256
5DWJ,A,1,257
5DWJ,B,1,1
5DWJ,B,1,2
5DWJ,B,1,3
5DWJ,B,1,4
5DWJ,B,1,5
5DWJ,B,1,6
5DWJ,B,1,7
5DWJ,B,1,40
5DWJ,B,1,118
5DWJ,B,1,119
5DWJ,B,1,120
5DWJ,B,1,121
5DWJ,B,1,122
5DWJ,B,1,123
5DWJ,B,1,164
5DWJ,B,1,165
5DWJ,B,1,166
5DWJ,B,1,167
5DWJ,B,1,168
5DWJ,B,1,169
5DWJ,B,1,170
5DWJ,B,1,171
5DWJ,B,1,172
5DWJ,B,1,253
5DWJ,B,1,254
5DWJ,B,1,255
5DWJ,B,1,256
5DWJ,B,1,257
5DWJ,C,1,1
5DWJ,C,1,12
5DWJ,C,1,13
5DWJ,C,1,14
5DWJ,D,1,1
5DWJ,D,1,2
5DWJ,D,1,12
5DWJ,D,1,13
5DWJ,D,1,14
5DWL,A,1,1
5DWL,A,1,2
5DWL,A,1,3
5DWL,A,1,4
5DWL,A,1,5
5DWL,A,1,6
5DWL,A,1,7
5DWL,A,1,8
5DWL,A,1,9
5DWL,A,1,10
5DWL,A,1,11
5DWL,A,1,12
5DWL,A,1,13
5DWL,A,1,14
5DWL,A,1,82
5DWL,A,1,83
5DWL,B,1,1
5DWL,B,1,2
5DWL,B,1,13
5DWL,B,1,14
5DWL,B,1,15
5DWL,B,1,16
5DX3,A,1,1
5DX3,A,1,2
5DX3,A,1,3
5DX3,A,1,4
5DX3,A,1,5
5DX3,A,1,6
5DX3,A,1,7
5DX3,A,1,8
5DX3,A,1,9
5DX3,A,1,10
5DX3,A,1,11
5DX3,A,1,12
5DX3,A,1,13
5DX3,A,1,169
5DX3,A,1,170
5DX3,A,1,171
5DX3,A,1,172
5DX3,A,1,173
5DX3,A,1,174
5DX3,A,1,175
5DX3,A,1,176
5DX3,A,1,177
5DX3,A,1,178
5DX3,A,1,255
5DX3,A,1,256
5DX3,A,1,257
5DX3,A,1,258
5DX3,A,1,259
5DX3,A,1,260
5DX3,A,1,261
5DX3,B,1,1
5DX3,B,1,2
5DX3,B,1,3
5DX3,B,1,4
5DX3,B,1,5
5DX3,B,1,6
5DX3,B,1,7
5DX3,B,1,8
5DX3,B,1,9
5DX3,B,1,10
5DX3,B,1,11
5DX3,B,1,12
5DX3,B,1,13
5DX3,B,1,14
5DX3,B,1,38
5DX3,B,1,39
5DX3,B,1,40
5DX3,B,1,41
5DX3,B,1,42
5DX3,B,1,43
5DX3,B,1,165
5DX3,B,1,169
5DX3,B,1,170
5DX3,B,1,171
5DX3,B,1,172
5DX3,B,1,173
5DX3,B,1,174
5DX3,B,1,175
5DX3,B,1,176
5DX3,B,1,177
5DX3,B,1,178
5DX3,B,1,256
5DX3,B,1,257
5DX3,B,1,258
5DX3,B,1,259
5DX3,B,1,260
5DX3,B,1,261
5DXB,A,1,1
5DXB,A,1,2
5DXB,A,1,3
5DXB,A,1,4
5DXB,A,1,5
5DXB,A,1,6
5DXB,A,1,7
5DXB,A,1,8
5DXB,A,1,9
5DXB,A,1,10
5DXB,A,1,11
5DXB,A,1,12
5DXB,A,1,13
5DXB,A,1,169
5DXB,A,1,170
5DXB,A,1,171
5DXB,A,1,172
5DXB,A,1,173
5DXB,A,1,174
5DXB,A,1,175
5DXB,A,1,176
5DXB,A,1,177
5DXB,A,1,178
5DXB,A,1,256
5DXB,A,1,257
5DXB,A,1,258
5DXB,A,1,259
5DXB,A,1,260
5DXB,A,1,261
5DXB,B,1,1
5DXB,B,1,2
5DXB,B,1,3
5DXB,B,1,4
5DXB,B,1,5
5DXB,B,1,6
5DXB,B,1,7
5DXB,B,1,8
5DXB,B,1,9
5DXB,B,1,10
5DXB,B,1,11
5DXB,B,1,12
5DXB,B,1,13
5DXB,B,1,39
5DXB,B,1,40
5DXB,B,1,41
5DXB,B,1,42
5DXB,B,1,43
5DXB,B,1,168
5DXB,B,1,169
5DXB,B,1,170
5DXB,B,1,171
5DXB,B,1,172
5DXB,B,1,173
5DXB,B,1,174
5DXB,B,1,175
5DXB,B,1,176
5DXB,B,1,177
5DXB,B,1,178
5DXB,B,1,179
5DXB,B,1,240
5DXB,B,1,256
5DXB,B,1,257
5DXB,B,1,258
5DXB,B,1,259
5DXB,B,1,260
5DXB,B,1,261
5DXB,D,1,1
5DXB,D,1,13
5DXE,A,1,1
5DXE,A,1,2
5DXE,A,1,3
5DXE,A,1,4
5DXE,A,1,5
5DXE,A,1,6
5DXE,A,1,7
5DXE,A,1,8
5DXE,A,1,9
5DXE,A,1,10
5DXE,A,1,11
5DXE,A,1,12
5DXE,A,1,13
5DXE,A,1,169
5DXE,A,1,170
5DXE,A,1,171
5DXE,A,1,172
5DXE,A,1,173
5DXE,A,1,174
5DXE,A,1,175
5DXE,A,1,176
5DXE,A,1,177
5DXE,A,1,178
5DXE,A,1,255
5DXE,A,1,256
5DXE,A,1,257
5DXE,A,1,258
5DXE,A,1,259
5DXE,A,1,260
5DXE,A,1,261
5DXE,B,1,1
5DXE,B,1,2
5DXE,B,1,3
5DXE,B,1,4
5DXE,B,1,5
5DXE,B,1,6
5DXE,B,1,7
5DXE,B,1,8
5DXE,B,1,9
5DXE,B,1,10
5DXE,B,1,11
5DXE,B,1,12
5DXE,B,1,13
5DXE,B,1,14
5DXE,B,1,39
5DXE,B,1,40
5DXE,B,1,41
5DXE,B,1,42
5DXE,B,1,43
5DXE,B,1,168
5DXE,B,1,169
5DXE,B,1,170
5DXE,B,1,171
5DXE,B,1,172
5DXE,B,1,173
5DXE,B,1,174
5DXE,B,1,175
5DXE,B,1,176
5DXE,B,1,177
5DXE,B,1,178
5DXE,B,1,256
5DXE,B,1,257
5DXE,B,1,258
5DXE,B,1,259
5DXE,B,1,260
5DXE,B,1,261
5DXG,A,1,1
5DXG,A,1,2
5DXG,A,1,3
5DXG,A,1,4
5DXG,A,1,5
5DXG,A,1,6
5DXG,A,1,7
5DXG,A,1,8
5DXG,A,1,9
5DXG,A,1,10
5DXG,A,1,11
5DXG,A,1,12
5DXG,A,1,13
5DXG,A,1,168
5DXG,A,1,169
5DXG,A,1,170
5DXG,A,1,171
5DXG,A,1,172
5DXG,A,1,173
5DXG,A,1,174
5DXG,A,1,175
5DXG,A,1,176
5DXG,A,1,177
5DXG,A,1,178
5DXG,A,1,256
5DXG,A,1,257
5DXG,A,1,258
5DXG,A,1,259
5DXG,A,1,260
5DXG,A,1,261
5DXG,B,1,1
5DXG,B,1,2
5DXG,B,1,3
5DXG,B,1,4
5DXG,B,1,5
5DXG,B,1,6
5DXG,B,1,7
5DXG,B,1,8
5DXG,B,1,9
5DXG,B,1,10
5DXG,B,1,11
5DXG,B,1,12
5DXG,B,1,13
5DXG,B,1,14
5DXG,B,1,38
5DXG,B,1,39
5DXG,B,1,40
5DXG,B,1,41
5DXG,B,1,42
5DXG,B,1,43
5DXG,B,1,165
5DXG,B,1,168
5DXG,B,1,169
5DXG,B,1,170
5DXG,B,1,171
5DXG,B,1,172
5DXG,B,1,173
5DXG,B,1,174
5DXG,B,1,175
5DXG,B,1,176
5DXG,B,1,177
5DXG,B,1,178
5DXG,B,1,179
5DXG,B,1,256
5DXG,B,1,257
5DXG,B,1,258
5DXG,B,1,259
5DXG,B,1,260
5DXG,B,1,261
5DXG,C,1,1
5DXG,D,1,1
5DXG,D,1,12
5DXG,D,1,13
5DXK,A,1,1
5DXK,A,1,2
5DXK,A,1,3
5DXK,A,1,4
5DXK,A,1,5
5DXK,A,1,6
5DXK,A,1,7
5DXK,A,1,165
5DXK,A,1,166
5DXK,A,1,167
5DXK,A,1,168
5DXK,A,1,169
5DXK,A,1,170
5DXK,A,1,171
5DXK,A,1,172
5DXK,A,1,173
5DXK,A,1,174
5DXK,A,1,252
5DXK,A,1,253
5DXK,A,1,254
5DXK,A,1,255
5DXK,A,1,256
5DXK,A,1,257
5DXK,B,1,1
5DXK,B,1,2
5DXK,B,1,3
5DXK,B,1,4
5DXK,B,1,5
5DXK,B,1,6
5DXK,B,1,7
5DXK,B,1,165
5DXK,B,1,166
5DXK,B,1,167
5DXK,B,1,168
5DXK,B,1,169
5DXK,B,1,170
5DXK,B,1,253
5DXK,B,1,254
5DXK,B,1,255
5DXK,B,1,256
5DXK,B,1,257
5DXK,C,1,1
5DXK,C,1,12
5DXK,C,1,13
5DXK,C,1,14
5DXK,D,1,1
5DXK,D,1,2
5DXK,D,1,12
5DXK,D,1,13
5DXK,D,1,14
5DXM,A,1,1
5DXM,A,1,2
5DXM,A,1,3
5DXM,A,1,4
5DXM,A,1,5
5DXM,A,1,6
5DXM,A,1,7
5DXM,A,1,165
5DXM,A,1,166
5DXM,A,1,167
5DXM,A,1,168
5DXM,A,1,169
5DXM,A,1,170
5DXM,A,1,171
5DXM,A,1,172
5DXM,A,1,173
5DXM,A,1,174
5DXM,A,1,252
5DXM,A,1,253
5DXM,A,1,254
5DXM,A,1,255
5DXM,A,1,256
5DXM,A,1,257
5DXM,B,1,1
5DXM,B,1,2
5DXM,B,1,3
5DXM,B,1,4
5DXM,B,1,5
5DXM,B,1,6
5DXM,B,1,7
5DXM,B,1,165
5DXM,B,1,166
5DXM,B,1,167
5DXM,B,1,168
5DXM,B,1,169
5DXM,B,1,170
5DXM,B,1,251
5DXM,B,1,252
5DXM,B,1,253
5DXM,B,1,254
5DXM,B,1,255
5DXM,B,1,256
5DXM,B,1,257
5DXM,C,1,1
5DXM,C,1,2
5DXM,C,1,12
5DXM,C,1,13
5DXM,C,1,14
5DXM,D,1,1
5DXM,D,1,2
5DXM,D,1,12
5DXM,D,1,13
5DXM,D,1,14
5DXP,A,1,1
5DXP,A,1,2
5DXP,A,1,3
5DXP,A,1,4
5DXP,A,1,5
5DXP,A,1,6
5DXP,A,1,7
5DXP,A,1,36
5DXP,A,1,37
5DXP,A,1,38
5DXP,A,1,39
5DXP,A,1,40
5DXP,A,1,41
5DXP,A,1,42
5DXP,A,1,43
5DXP,A,1,163
5DXP,A,1,164
5DXP,A,1,165
5DXP,A,1,166
5DXP,A,1,167
5DXP,A,1,168
5DXP,A,1,169
5DXP,A,1,170
5DXP,A,1,171
5DXP,A,1,172
5DXP,A,1,173
5DXP,A,1,174
5DXP,A,1,175
5DXP,A,1,251
5DXP,A,1,252
5DXP,A,1,253
5DXP,A,1,254
5DXP,A,1,255
5DXP,A,1,256
5DXP,A,1,257
5DXP,B,1,1
5DXP,B,1,2
5DXP,B,1,3
5DXP,B,1,4
5DXP,B,1,5
5DXP,B,1,6
5DXP,B,1,7
5DXP,B,1,8
5DXP,B,1,122
5DXP,B,1,123
5DXP,B,1,163
5DXP,B,1,164
5DXP,B,1,165
5DXP,B,1,166
5DXP,B,1,167
5DXP,B,1,168
5DXP,B,1,169
5DXP,B,1,170
5DXP,B,1,171
5DXP,B,1,172
5DXP,B,1,173
5DXP,B,1,252
5DXP,B,1,253
5DXP,B,1,254
5DXP,B,1,255
5DXP,B,1,256
5DXP,B,1,257
5DXP,C,1,1
5DXP,C,1,12
5DXP,C,1,13
5DXP,C,1,14
5DXP,D,1,1
5DXP,D,1,2
5DXP,D,1,12
5DXP,D,1,13
5DXP,D,1,14
5DXQ,A,1,1
5DXQ,A,1,2
5DXQ,A,1,3
5DXQ,A,1,4
5DXQ,A,1,5
5DXQ,A,1,6
5DXQ,A,1,7
5DXQ,A,1,8
5DXQ,A,1,35
5DXQ,A,1,36
5DXQ,A,1,37
5DXQ,A,1,38
5DXQ,A,1,39
5DXQ,A,1,165
5DXQ,A,1,166
5DXQ,A,1,167
5DXQ,A,1,168
5DXQ,A,1,169
5DXQ,A,1,170
5DXQ,A,1,171
5DXQ,A,1,172
5DXQ,A,1,173
5DXQ,A,1,174
5DXQ,A,1,236
5DXQ,A,1,252
5DXQ,A,1,253
5DXQ,A,1,254
5DXQ,A,1,255
5DXQ,A,1,256
5DXQ,A,1,257
5DXQ,B,1,1
5DXQ,B,1,2
5DXQ,B,1,3
5DXQ,B,1,4
5DXQ,B,1,5
5DXQ,B,1,6
5DXQ,B,1,119
5DXQ,B,1,120
5DXQ,B,1,164
5DXQ,B,1,165
5DXQ,B,1,166
5DXQ,B,1,167
5DXQ,B,1,168
5DXQ,B,1,169
5DXQ,B,1,170
5DXQ,B,1,171
5DXQ,B,1,172
5DXQ,B,1,173
5DXQ,B,1,174
5DXQ,B,1,252
5DXQ,B,1,253
5DXQ,B,1,254
5DXQ,B,1,255
5DXQ,B,1,256
5DXQ,B,1,257
5DXQ,C,1,1
5DXQ,C,1,12
5DXQ,C,1,13
5DXQ,C,1,14
5DXQ,D,1,1
5DXQ,D,1,2
5DXQ,D,1,13
5DXQ,D,1,14
5DXR,A,1,1
5DXR,A,1,2
5DXR,A,1,3
5DXR,A,1,4
5DXR,A,1,5
5DXR,A,1,6
5DXR,A,1,165
5DXR,A,1,166
5DXR,A,1,167
5DXR,A,1,168
5DXR,A,1,169
5DXR,A,1,170
5DXR,A,1,171
5DXR,A,1,172
5DXR,A,1,173
5DXR,A,1,174
5DXR,A,1,252
5DXR,A,1,253
5DXR,A,1,254
5DXR,A,1,255
5DXR,A,1,256
5DXR,A,1,257
5DXR,B,1,1
5DXR,B,1,2
5DXR,B,1,3
5DXR,B,1,4
5DXR,B,1,5
5DXR,B,1,6
5DXR,B,1,7
5DXR,B,1,165
5DXR,B,1,166
5DXR,B,1,167
5DXR,B,1,168
5DXR,B,1,169
5DXR,B,1,170
5DXR,B,1,171
5DXR,B,1,172
5DXR,B,1,252
5DXR,B,1,253
5DXR,B,1,254
5DXR,B,1,255
5DXR,B,1,256
5DXR,B,1,257
5DXR,C,1,1
5DXR,C,1,2
5DXR,C,1,12
5DXR,C,1,13
5DXR,C,1,14
5DXR,D,1,1
5DXR,D,1,2
5DXR,D,1,13
5DXR,D,1,14
5DY8,A,1,1
5DY8,A,1,2
5DY8,A,1,3
5DY8,A,1,4
5DY8,A,1,5
5DY8,A,1,6
5DY8,A,1,163
5DY8,A,1,164
5DY8,A,1,165
5DY8,A,1,166
5DY8,A,1,167
5DY8,A,1,168
5DY8,A,1,169
5DY8,A,1,170
5DY8,A,1,171
5DY8,A,1,172
5DY8,A,1,173
5DY8,A,1,174
5DY8,A,1,252
5DY8,A,1,253
5DY8,A,1,254
5DY8,A,1,255
5DY8,A,1,256
5DY8,A,1,257
5DY8,B,1,1
5DY8,B,1,2
5DY8,B,1,3
5DY8,B,1,4
5DY8,B,1,5
5DY8,B,1,6
5DY8,B,1,7
5DY8,B,1,117
5DY8,B,1,118
5DY8,B,1,119
5DY8,B,1,120
5DY8,B,1,121
5DY8,B,1,164
5DY8,B,1,165
5DY8,B,1,166
5DY8,B,1,167
5DY8,B,1,168
5DY8,B,1,253
5DY8,B,1,254
5DY8,B,1,255
5DY8,B,1,256
5DY8,B,1,257
5DY8,C,1,1
5DY8,C,1,12
5DY8,C,1,13
5DY8,C,1,14
5DY8,D,1,1
5DY8,D,1,2
5DY8,D,1,12
5DY8,D,1,13
5DY8,D,1,14
5DYB,A,1,1
5DYB,A,1,2
5DYB,A,1,3
5DYB,A,1,4
5DYB,A,1,5
5DYB,A,1,6
5DYB,A,1,7
5DYB,A,1,35
5DYB,A,1,36
5DYB,A,1,163
5DYB,A,1,164
5DYB,A,1,165
5DYB,A,1,166
5DYB,A,1,167
5DYB,A,1,168
5DYB,A,1,169
5DYB,A,1,170
5DYB,A,1,171
5DYB,A,1,172
5DYB,A,1,173
5DYB,A,1,174
5DYB,A,1,175
5DYB,A,1,252
5DYB,A,1,253
5DYB,A,1,254
5DYB,A,1,255
5DYB,A,1,256
5DYB,A,1,257
5DYB,B,1,1
5DYB,B,1,2
5DYB,B,1,3
5DYB,B,1,4
5DYB,B,1,5
5DYB,B,1,6
5DYB,B,1,7
5DYB,B,1,120
5DYB,B,1,121
5DYB,B,1,122
5DYB,B,1,123
5DYB,B,1,164
5DYB,B,1,165
5DYB,B,1,166
5DYB,B,1,167
5DYB,B,1,168
5DYB,B,1,169
5DYB,B,1,252
5DYB,B,1,253
5DYB,B,1,254
5DYB,B,1,255
5DYB,B,1,256
5DYB,B,1,257
5DYB,C,1,1
5DYB,C,1,12
5DYB,C,1,13
5DYB,C,1,14
5DYB,D,1,1
5DYB,D,1,2
5DYB,D,1,12
5DYB,D,1,13
5DYB,D,1,14
5DYD,A,1,1
5DYD,A,1,2
5DYD,A,1,3
5DYD,A,1,4
5DYD,A,1,5
5DYD,A,1,6
5DYD,A,1,7
5DYD,A,1,8
5DYD,A,1,35
5DYD,A,1,36
5DYD,A,1,37
5DYD,A,1,38
5DYD,A,1,39
5DYD,A,1,164
5DYD,A,1,165
5DYD,A,1,166
5DYD,A,1,167
5DYD,A,1,168
5DYD,A,1,169
5DYD,A,1,170
5DYD,A,1,171
5DYD,A,1,172
5DYD,A,1,173
5DYD,A,1,174
5DYD,A,1,175
5DYD,A,1,236
5DYD,A,1,252
5DYD,A,1,253
5DYD,A,1,254
5DYD,A,1,255
5DYD,A,1,256
5DYD,A,1,257
5DYD,B,1,1
5DYD,B,1,2
5DYD,B,1,3
5DYD,B,1,4
5DYD,B,1,5
5DYD,B,1,6
5DYD,B,1,7
5DYD,B,1,8
5DYD,B,1,9
5DYD,B,1,10
5DYD,B,1,40
5DYD,B,1,41
5DYD,B,1,42
5DYD,B,1,165
5DYD,B,1,166
5DYD,B,1,167
5DYD,B,1,168
5DYD,B,1,169
5DYD,B,1,170
5DYD,B,1,235
5DYD,B,1,252
5DYD,B,1,253
5DYD,B,1,254
5DYD,B,1,255
5DYD,B,1,256
5DYD,B,1,257
5DYD,C,1,1
5DYD,C,1,2
5DYD,C,1,12
5DYD,C,1,13
5DYD,C,1,14
5DYD,D,1,1
5DYD,D,1,2
5DYD,D,1,12
5DYD,D,1,13
5DYD,D,1,14
5DZ0,A,1,1
5DZ0,A,1,2
5DZ0,A,1,3
5DZ0,A,1,4
5DZ0,A,1,5
5DZ0,A,1,6
5DZ0,A,1,164
5DZ0,A,1,165
5DZ0,A,1,166
5DZ0,A,1,167
5DZ0,A,1,168
5DZ0,A,1,169
5DZ0,A,1,170
5DZ0,A,1,171
5DZ0,A,1,172
5DZ0,A,1,252
5DZ0,A,1,253
5DZ0,A,1,254
5DZ0,A,1,255
5DZ0,A,1,256
5DZ0,A,1,257
5DZ0,B,1,1
5DZ0,B,1,2
5DZ0,B,1,3
5DZ0,B,1,4
5DZ0,B,1,5
5DZ0,B,1,6
5DZ0,B,1,7
5DZ0,B,1,119
5DZ0,B,1,120
5DZ0,B,1,121
5DZ0,B,1,122
5DZ0,B,1,123
5DZ0,B,1,163
5DZ0,B,1,164
5DZ0,B,1,165
5DZ0,B,1,166
5DZ0,B,1,167
5DZ0,B,1,168
5DZ0,B,1,253
5DZ0,B,1,254
5DZ0,B,1,255
5DZ0,B,1,256
5DZ0,B,1,257
5DZ0,C,1,1
5DZ0,C,1,12
5DZ0,C,1,13
5DZ0,C,1,14
5DZ0,D,1,1
5DZ0,D,1,2
5DZ0,D,1,13
5DZ0,D,1,14
5DZ1,A,1,1
5DZ1,A,1,2
5DZ1,A,1,3
5DZ1,A,1,4
5DZ1,A,1,5
5DZ1,A,1,163
5DZ1,A,1,164
5DZ1,A,1,165
5DZ1,A,1,166
5DZ1,A,1,167
5DZ1,A,1,168
5DZ1,A,1,169
5DZ1,A,1,170
5DZ1,A,1,171
5DZ1,A,1,172
5DZ1,A,1,173
5DZ1,A,1,174
5DZ1,A,1,175
5DZ1,A,1,234
5DZ1,A,1,252
5DZ1,A,1,253
5DZ1,A,1,254
5DZ1,A,1,255
5DZ1,A,1,256
5DZ1,A,1,257
5DZ1,B,1,1
5DZ1,B,1,2
5DZ1,B,1,3
5DZ1,B,1,4
5DZ1,B,1,5
5DZ1,B,1,6
5DZ1,B,1,7
5DZ1,B,1,165
5DZ1,B,1,166
5DZ1,B,1,167
5DZ1,B,1,252
5DZ1,B,1,253
5DZ1,B,1,254
5DZ1,B,1,255
5DZ1,B,1,256
5DZ1,B,1,257
5DZ1,C,1,1
5DZ1,C,1,12
5DZ1,C,1,13
5DZ1,C,1,14
5DZ1,D,1,1
5DZ1,D,1,2
5DZ1,D,1,12
5DZ1,D,1,13
5DZ1,D,1,14
5DZ3,A,1,1
5DZ3,A,1,2
5DZ3,A,1,3
5DZ3,A,1,4
5DZ3,A,1,5
5DZ3,A,1,6
5DZ3,A,1,7
5DZ3,A,1,35
5DZ3,A,1,36
5DZ3,A,1,163
5DZ3,A,1,164
5DZ3,A,1,165
5DZ3,A,1,166
5DZ3,A,1,167
5DZ3,A,1,168
5DZ3,A,1,169
5DZ3,A,1,170
5DZ3,A,1,171
5DZ3,A,1,172
5DZ3,A,1,173
5DZ3,A,1,174
5DZ3,A,1,253
5DZ3,A,1,254
5DZ3,A,1,255
5DZ3,A,1,256
5DZ3,A,1,257
5DZ3,B,1,1
5DZ3,B,1,2
5DZ3,B,1,3
5DZ3,B,1,4
5DZ3,B,1,5
5DZ3,B,1,6
5DZ3,B,1,7
5DZ3,B,1,118
5DZ3,B,1,119
5DZ3,B,1,163
5DZ3,B,1,164
5DZ3,B,1,165
5DZ3,B,1,166
5DZ3,B,1,167
5DZ3,B,1,253
5DZ3,B,1,254
5DZ3,B,1,255
5DZ3,B,1,256
5DZ3,B,1,257
5DZ3,C,1,1
5DZ3,C,1,13
5DZ3,C,1,14
5DZ3,D,1,1
5DZ3,D,1,2
5DZ3,D,1,12
5DZ3,D,1,13
5DZ3,D,1,14
5DZH,A,1,1
5DZH,A,1,2
5DZH,A,1,3
5DZH,A,1,4
5DZH,A,1,5
5DZH,A,1,6
5DZH,A,1,164
5DZH,A,1,165
5DZH,A,1,166
5DZH,A,1,167
5DZH,A,1,168
5DZH,A,1,169
5DZH,A,1,170
5DZH,A,1,171
5DZH,A,1,172
5DZH,A,1,173
5DZH,A,1,174
5DZH,A,1,253
5DZH,A,1,254
5DZH,A,1,255
5DZH,A,1,256
5DZH,A,1,257
5DZH,B,1,1
5DZH,B,1,2
5DZH,B,1,3
5DZH,B,1,4
5DZH,B,1,5
5DZH,B,1,6
5DZH,B,1,7
5DZH,B,1,118
5DZH,B,1,119
5DZH,B,1,120
5DZH,B,1,121
5DZH,B,1,165
5DZH,B,1,166
5DZH,B,1,167
5DZH,B,1,168
5DZH,B,1,169
5DZH,B,1,235
5DZH,B,1,236
5DZH,B,1,254
5DZH,B,1,255
5DZH,B,1,256
5DZH,B,1,257
5DZH,C,1,1
5DZH,C,1,12
5DZH,C,1,13
5DZH,C,1,14
5DZH,D,1,1
5DZH,D,1,13
5DZH,D,1,14
5DZI,A,1,1
5DZI,A,1,2
5DZI,A,1,3
5DZI,A,1,4
5DZI,A,1,5
5DZI,A,1,6
5DZI,A,1,165
5DZI,A,1,166
5DZI,A,1,167
5DZI,A,1,168
5DZI,A,1,169
5DZI,A,1,170
5DZI,A,1,171
5DZI,A,1,172
5DZI,A,1,173
5DZI,A,1,174
5DZI,A,1,252
5DZI,A,1,253
5DZI,A,1,254
5DZI,A,1,255
5DZI,A,1,256
5DZI,A,1,257
5DZI,B,1,1
5DZI,B,1,2
5DZI,B,1,3
5DZI,B,1,4
5DZI,B,1,5
5DZI,B,1,6
5DZI,B,1,7
5DZI,B,1,8
5DZI,B,1,166
5DZI,B,1,167
5DZI,B,1,168
5DZI,B,1,169
5DZI,B,1,252
5DZI,B,1,253
5DZI,B,1,254
5DZI,B,1,255
5DZI,B,1,256
5DZI,B,1,257
5DZI,C,1,14
5DZI,D,1,1
5DZI,D,1,12
5DZI,D,1,13
5DZI,D,1,14
5E0W,A,1,1
5E0W,A,1,2
5E0W,A,1,3
5E0W,A,1,4
5E0W,A,1,5
5E0W,A,1,6
5E0W,A,1,7
5E0W,A,1,164
5E0W,A,1,165
5E0W,A,1,166
5E0W,A,1,167
5E0W,A,1,168
5E0W,A,1,234
5E0W,A,1,235
5E0W,A,1,236
5E0W,A,1,237
5E0W,A,1,238
5E0W,A,1,252
5E0W,A,1,253
5E0W,A,1,254
5E0W,A,1,255
5E0W,A,1,256
5E0W,A,1,257
5E0W,B,1,1
5E0W,B,1,2
5E0W,B,1,3
5E0W,B,1,4
5E0W,B,1,5
5E0W,B,1,6
5E0W,B,1,7
5E0W,B,1,34
5E0W,B,1,35
5E0W,B,1,36
5E0W,B,1,164
5E0W,B,1,165
5E0W,B,1,166
5E0W,B,1,167
5E0W,B,1,168
5E0W,B,1,169
5E0W,B,1,170
5E0W,B,1,171
5E0W,B,1,172
5E0W,B,1,173
5E0W,B,1,174
5E0W,B,1,252
5E0W,B,1,253
5E0W,B,1,254
5E0W,B,1,255
5E0W,B,1,256
5E0W,B,1,257
5E0W,C,1,1
5E0W,C,1,2
5E0W,C,1,13
5E0W,C,1,14
5E0W,D,1,1
5E0W,D,1,12
5E0W,D,1,13
5E0W,D,1,14
5E0X,A,1,1
5E0X,A,1,2
5E0X,A,1,3
5E0X,A,1,4
5E0X,A,1,5
5E0X,A,1,6
5E0X,A,1,7
5E0X,A,1,165
5E0X,A,1,166
5E0X,A,1,167
5E0X,A,1,168
5E0X,A,1,169
5E0X,A,1,170
5E0X,A,1,171
5E0X,A,1,172
5E0X,A,1,173
5E0X,A,1,233
5E0X,A,1,234
5E0X,A,1,235
5E0X,A,1,236
5E0X,A,1,237
5E0X,A,1,252
5E0X,A,1,253
5E0X,A,1,254
5E0X,A,1,255
5E0X,A,1,256
5E0X,A,1,257
5E0X,B,1,1
5E0X,B,1,2
5E0X,B,1,3
5E0X,B,1,4
5E0X,B,1,5
5E0X,B,1,6
5E0X,B,1,7
5E0X,B,1,35
5E0X,B,1,36
5E0X,B,1,37
5E0X,B,1,38
5E0X,B,1,165
5E0X,B,1,166
5E0X,B,1,167
5E0X,B,1,168
5E0X,B,1,169
5E0X,B,1,170
5E0X,B,1,171
5E0X,B,1,172
5E0X,B,1,173
5E0X,B,1,174
5E0X,B,1,252
5E0X,B,1,253
5E0X,B,1,254
5E0X,B,1,255
5E0X,B,1,256
5E0X,B,1,257
5E0X,C,1,1
5E0X,C,1,2
5E0X,C,1,12
5E0X,C,1,13
5E0X,C,1,14
5E0X,D,1,1
5E0X,D,1,2
5E0X,D,1,12
5E0X,D,1,13
5E0X,D,1,14
5E14,A,1,1
5E14,A,1,2
5E14,A,1,3
5E14,A,1,4
5E14,A,1,5
5E14,A,1,6
5E14,A,1,7
5E14,A,1,38
5E14,A,1,39
5E14,A,1,165
5E14,A,1,166
5E14,A,1,167
5E14,A,1,168
5E14,A,1,169
5E14,A,1,170
5E14,A,1,171
5E14,A,1,172
5E14,A,1,173
5E14,A,1,174
5E14,A,1,252
5E14,A,1,253
5E14,A,1,254
5E14,A,1,255
5E14,A,1,256
5E14,A,1,257
5E14,B,1,1
5E14,B,1,2
5E14,B,1,3
5E14,B,1,4
5E14,B,1,5
5E14,B,1,6
5E14,B,1,7
5E14,B,1,165
5E14,B,1,166
5E14,B,1,167
5E14,B,1,168
5E14,B,1,169
5E14,B,1,232
5E14,B,1,233
5E14,B,1,234
5E14,B,1,253
5E14,B,1,254
5E14,B,1,255
5E14,B,1,256
5E14,B,1,257
5E14,C,1,1
5E14,C,1,2
5E14,C,1,12
5E14,C,1,13
5E14,C,1,14
5E14,D,1,1
5E14,D,1,12
5E14,D,1,13
5E14,D,1,14
5E15,A,1,1
5E15,A,1,2
5E15,A,1,3
5E15,A,1,4
5E15,A,1,5
5E15,A,1,35
5E15,A,1,36
5E15,A,1,37
5E15,A,1,38
5E15,A,1,39
5E15,A,1,40
5E15,A,1,41
5E15,A,1,42
5E15,A,1,43
5E15,A,1,118
5E15,A,1,119
5E15,A,1,120
5E15,A,1,121
5E15,A,1,122
5E15,A,1,123
5E15,A,1,162
5E15,A,1,163
5E15,A,1,164
5E15,A,1,165
5E15,A,1,166
5E15,A,1,167
5E15,A,1,168
5E15,A,1,169
5E15,A,1,170
5E15,A,1,171
5E15,A,1,172
5E15,A,1,173
5E15,A,1,174
5E15,A,1,252
5E15,A,1,253
5E15,A,1,254
5E15,A,1,255
5E15,A,1,256
5E15,A,1,257
5E15,B,1,1
5E15,B,1,2
5E15,B,1,3
5E15,B,1,4
5E15,B,1,5
5E15,B,1,6
5E15,B,1,7
5E15,B,1,122
5E15,B,1,123
5E15,B,1,164
5E15,B,1,165
5E15,B,1,166
5E15,B,1,167
5E15,B,1,168
5E15,B,1,169
5E15,B,1,170
5E15,B,1,233
5E15,B,1,234
5E15,B,1,235
5E15,B,1,253
5E15,B,1,254
5E15,B,1,255
5E15,B,1,256
5E15,B,1,257
5E15,C,1,1
5E15,C,1,2
5E15,C,1,12
5E15,C,1,13
5E15,C,1,14
5E15,D,1,1
5E15,D,1,2
5E15,D,1,12
5E15,D,1,13
5E15,D,1,14
5E19,A,1,1
5E19,A,1,2
5E19,A,1,3
5E19,A,1,4
5E19,A,1,5
5E19,A,1,6
5E19,A,1,7
5E19,A,1,164
5E19,A,1,165
5E19,A,1,166
5E19,A,1,167
5E19,A,1,168
5E19,A,1,169
5E19,A,1,170
5E19,A,1,171
5E19,A,1,172
5E19,A,1,173
5E19,A,1,174
5E19,A,1,252
5E19,A,1,253
5E19,A,1,254
5E19,A,1,255
5E19,A,1,256
5E19,A,1,257
5E19,B,1,1
5E19,B,1,2
5E19,B,1,3
5E19,B,1,4
5E19,B,1,5
5E19,B,1,6
5E19,B,1,7
5E19,B,1,165
5E19,B,1,166
5E19,B,1,167
5E19,B,1,168
5E19,B,1,169
5E19,B,1,170
5E19,B,1,252
5E19,B,1,253
5E19,B,1,254
5E19,B,1,255
5E19,B,1,256
5E19,B,1,257
5E19,C,1,1
5E19,C,1,2
5E19,C,1,12
5E19,C,1,13
5E19,C,1,14
5E19,D,1,1
5E19,D,1,12
5E19,D,1,13
5E19,D,1,14
5E1C,A,1,1
5E1C,A,1,2
5E1C,A,1,3
5E1C,A,1,4
5E1C,A,1,5
5E1C,A,1,6
5E1C,A,1,36
5E1C,A,1,165
5E1C,A,1,166
5E1C,A,1,167
5E1C,A,1,168
5E1C,A,1,169
5E1C,A,1,170
5E1C,A,1,171
5E1C,A,1,172
5E1C,A,1,253
5E1C,A,1,254
5E1C,A,1,255
5E1C,A,1,256
5E1C,A,1,257
5E1C,B,1,1
5E1C,B,1,2
5E1C,B,1,3
5E1C,B,1,4
5E1C,B,1,5
5E1C,B,1,6
5E1C,B,1,7
5E1C,B,1,165
5E1C,B,1,166
5E1C,B,1,167
5E1C,B,1,252
5E1C,B,1,253
5E1C,B,1,254
5E1C,B,1,255
5E1C,B,1,256
5E1C,B,1,257
5E1C,C,1,1
5E1C,C,1,14
5E1C,D,1,1
5E1C,D,1,12
5E1C,D,1,13
5E1C,D,1,14
5EGV,A,1,1
5EGV,A,1,2
5EGV,A,1,3
5EGV,A,1,4
5EGV,A,1,5
5EGV,A,1,6
5EGV,A,1,34
5EGV,A,1,35
5EGV,A,1,36
5EGV,A,1,37
5EGV,A,1,38
5EGV,A,1,39
5EGV,A,1,164
5EGV,A,1,165
5EGV,A,1,166
5EGV,A,1,167
5EGV,A,1,168
5EGV,A,1,169
5EGV,A,1,170
5EGV,A,1,171
5EGV,A,1,172
5EGV,A,1,173
5EGV,A,1,252
5EGV,A,1,253
5EGV,A,1,254
5EGV,A,1,255
5EGV,A,1,256
5EGV,A,1,257
5EGV,B,1,1
5EGV,B,1,2
5EGV,B,1,3
5EGV,B,1,4
5EGV,B,1,5
5EGV,B,1,6
5EGV,B,1,7
5EGV,B,1,8
5EGV,B,1,9
5EGV,B,1,10
5EGV,B,1,38
5EGV,B,1,39
5EGV,B,1,165
5EGV,B,1,166
5EGV,B,1,167
5EGV,B,1,168
5EGV,B,1,169
5EGV,B,1,170
5EGV,B,1,171
5EGV,B,1,172
5EGV,B,1,253
5EGV,B,1,254
5EGV,B,1,255
5EGV,B,1,256
5EGV,B,1,257
5EGV,C,1,1
5EGV,C,1,12
5EGV,C,1,13
5EGV,C,1,14
5EGV,D,1,1
5EGV,D,1,2
5EGV,D,1,12
5EGV,D,1,13
5EGV,D,1,14
5EHJ,A,1,1
5EHJ,A,1,2
5EHJ,A,1,3
5EHJ,A,1,4
5EHJ,A,1,5
5EHJ,A,1,6
5EHJ,A,1,7
5EHJ,A,1,120
5EHJ,A,1,121
5EHJ,A,1,122
5EHJ,A,1,123
5EHJ,A,1,163
5EHJ,A,1,164
5EHJ,A,1,165
5EHJ,A,1,166
5EHJ,A,1,167
5EHJ,A,1,168
5EHJ,A,1,169
5EHJ,A,1,170
5EHJ,A,1,171
5EHJ,A,1,172
5EHJ,A,1,173
5EHJ,A,1,252
5EHJ,A,1,253
5EHJ,A,1,254
5EHJ,A,1,255
5EHJ,A,1,256
5EHJ,A,1,257
5EHJ,B,1,1
5EHJ,B,1,2
5EHJ,B,1,3
5EHJ,B,1,4
5EHJ,B,1,5
5EHJ,B,1,6
5EHJ,B,1,7
5EHJ,B,1,40
5EHJ,B,1,117
5EHJ,B,1,118
5EHJ,B,1,119
5EHJ,B,1,120
5EHJ,B,1,165
5EHJ,B,1,166
5EHJ,B,1,167
5EHJ,B,1,168
5EHJ,B,1,169
5EHJ,B,1,252
5EHJ,B,1,253
5EHJ,B,1,254
5EHJ,B,1,255
5EHJ,B,1,256
5EHJ,B,1,257
5EHJ,C,1,1
5EHJ,C,1,2
5EHJ,C,1,12
5EHJ,C,1,13
5EHJ,C,1,14
5EHJ,D,1,1
5EHJ,D,1,12
5EHJ,D,1,13
5EHJ,D,1,14
5EI1,A,1,1
5EI1,A,1,2
5EI1,A,1,3
5EI1,A,1,4
5EI1,A,1,5
5EI1,A,1,6
5EI1,A,1,7
5EI1,A,1,8
5EI1,A,1,36
5EI1,A,1,37
5EI1,A,1,165
5EI1,A,1,166
5EI1,A,1,167
5EI1,A,1,168
5EI1,A,1,169
5EI1,A,1,170
5EI1,A,1,171
5EI1,A,1,172
5EI1,A,1,173
5EI1,A,1,252
5EI1,A,1,253
5EI1,A,1,254
5EI1,A,1,255
5EI1,A,1,256
5EI1,A,1,257
5EI1,B,1,1
5EI1,B,1,2
5EI1,B,1,3
5EI1,B,1,4
5EI1,B,1,5
5EI1,B,1,6
5EI1,B,1,7
5EI1,B,1,8
5EI1,B,1,39
5EI1,B,1,40
5EI1,B,1,163
5EI1,B,1,164
5EI1,B,1,165
5EI1,B,1,166
5EI1,B,1,167
5EI1,B,1,168
5EI1,B,1,169
5EI1,B,1,170
5EI1,B,1,171
5EI1,B,1,253
5EI1,B,1,254
5EI1,B,1,255
5EI1,B,1,256
5EI1,B,1,257
5EI1,C,1,1
5EI1,C,1,12
5EI1,C,1,13
5EI1,C,1,14
5EI1,D,1,1
5EI1,D,1,2
5EI1,D,1,12
5EI1,D,1,13
5EI1,D,1,14
5EIT,A,1,1
5EIT,A,1,2
5EIT,A,1,3
5EIT,A,1,4
5EIT,A,1,5
5EIT,A,1,6
5EIT,A,1,7
5EIT,A,1,164
5EIT,A,1,165
5EIT,A,1,166
5EIT,A,1,167
5EIT,A,1,168
5EIT,A,1,169
5EIT,A,1,170
5EIT,A,1,171
5EIT,A,1,172
5EIT,A,1,173
5EIT,A,1,174
5EIT,A,1,253
5EIT,A,1,254
5EIT,A,1,255
5EIT,A,1,256
5EIT,A,1,257
5EIT,B,1,1
5EIT,B,1,2
5EIT,B,1,3
5EIT,B,1,4
5EIT,B,1,5
5EIT,B,1,6
5EIT,B,1,7
5EIT,B,1,8
5EIT,B,1,164
5EIT,B,1,165
5EIT,B,1,166
5EIT,B,1,167
5EIT,B,1,168
5EIT,B,1,169
5EIT,B,1,170
5EIT,B,1,171
5EIT,B,1,172
5EIT,B,1,173
5EIT,B,1,254
5EIT,B,1,255
5EIT,B,1,256
5EIT,B,1,257
5EIT,C,1,1
5EIT,C,1,13
5EIT,C,1,14
5EIT,D,1,1
5EIT,D,1,2
5EIT,D,1,12
5EIT,D,1,13
5EIT,D,1,14
5EJV,A,1,1
5EJV,A,1,2
5EJV,A,1,3
5EJV,A,1,4
5EJV,A,1,5
5EJV,A,1,6
5EJV,A,1,252
5EJV,A,1,253
5EJV,A,1,254
5EJV,A,1,255
5EJV,A,1,256
5EJV,A,1,257
5EJV,A,1,258
5EJV,A,1,259
5EJV,A,1,260
5EJV,A,1,261
5EJV,A,1,262
5EJV,B,1,1
5EJV,B,1,2
5EJV,B,1,3
5EJV,B,1,15
5EJV,B,1,16
5EJV,B,1,17
5EJV,B,1,18
5EJV,B,1,19
5EJV,C,1,1
5EJV,C,1,2
5EJV,C,1,3
5EJV,C,1,4
5EJV,C,1,5
5EJV,C,1,6
5EJV,C,1,7
5EJV,C,1,253
5EJV,C,1,254
5EJV,C,1,255
5EJV,C,1,256
5EJV,C,1,257
5EJV,C,1,258
5EJV,C,1,259
5EJV,C,1,260
5EJV,C,1,261
5EJV,C,1,262
5EJV,D,1,1
5EJV,D,1,2
5EJV,D,1,3
5EJV,D,1,4
5EJV,D,1,17
5EJV,D,1,18
5EJV,D,1,19
5ETH,A,1,1
5ETH,A,1,2
5ETH,A,1,3
5ETH,A,1,4
5ETH,A,1,223
5ETH,B,1,1
5ETH,B,1,2
5F9B,A,1,1
5F9B,A,1,2
5F9B,A,1,3
5F9B,A,1,4
5F9B,A,1,5
5F9B,A,1,6
5F9B,A,1,7
5F9B,A,1,8
5F9B,A,1,9
5F9B,A,1,10
5F9B,A,1,11
5F9B,A,1,12
5F9B,A,1,13
5F9B,A,1,14
5F9B,A,1,15
5F9B,A,1,16
5F9B,A,1,73
5F9B,A,1,74
5F9B,A,1,75
5F9B,A,1,76
5F9B,A,1,77
5F9B,A,1,78
5F9B,A,1,79
5F9B,A,1,80
5F9B,A,1,81
5F9B,A,1,82
5F9B,A,1,83
5F9B,A,1,84
5F9B,A,1,85
5F9B,A,1,86
5F9B,A,1,285
5F9B,A,1,286
5F9B,A,1,287
5F9B,B,1,1
5F9B,B,1,2
5F9B,B,1,3
5F9B,B,1,4
5F9B,B,1,5
5F9B,B,1,6
5F9B,B,1,7
5F9B,B,1,8
5F9B,B,1,9
5F9B,B,1,10
5F9B,B,1,11
5F9B,B,1,12
5F9B,B,1,13
5F9B,B,1,14
5F9B,B,1,15
5F9B,B,1,16
5F9B,B,1,69
5F9B,B,1,70
5F9B,B,1,71
5F9B,B,1,72
5F9B,B,1,73
5F9B,B,1,74
5F9B,B,1,75
5F9B,B,1,76
5F9B,B,1,77
5F9B,B,1,78
5F9B,B,1,79
5F9B,B,1,80
5F9B,B,1,81
5F9B,B,1,82
5F9B,B,1,83
5F9B,B,1,84
5F9B,B,1,167
5F9B,B,1,284
5F9B,B,1,285
5F9B,B,1,286
5F9B,B,1,287
5FQP,A,1,243
5FQP,A,1,244
5FQP,A,1,245
5FQP,A,1,246
5FQP,A,1,247
5FQP,A,1,248
5FQR,A,1,32
5FQR,A,1,33
5FQR,A,1,34
5FQR,A,1,156
5FQR,A,1,157
5FQR,A,1,158
5FQR,A,1,223
5FQR,A,1,224
5FQR,A,1,225
5FQR,A,1,226
5FQR,A,1,227
5FQR,A,1,240
5FQR,A,1,241
5FQR,A,1,242
5FQR,A,1,243
5FQR,A,1,244
5FQR,A,1,245
5FQR,A,1,246
5FQR,A,1,247
5FQR,A,1,248
5FQS,A,1,32
5FQS,A,1,33
5FQS,A,1,34
5FQS,A,1,156
5FQS,A,1,157
5FQS,A,1,158
5FQS,A,1,240
5FQS,A,1,241
5FQS,A,1,242
5FQS,A,1,243
5FQS,A,1,244
5FQS,A,1,245
5FQS,A,1,246
5FQS,A,1,247
5FQS,A,1,248
5FQT,A,1,32
5FQT,A,1,33
5FQT,A,1,34
5FQT,A,1,156
5FQT,A,1,157
5FQT,A,1,158
5FQT,A,1,240
5FQT,A,1,241
5FQT,A,1,242
5FQT,A,1,243
5FQT,A,1,244
5FQT,A,1,245
5FQT,A,1,246
5FQT,A,1,247
5FQT,A,1,248
5FQV,A,1,32
5FQV,A,1,33
5FQV,A,1,34
5FQV,A,1,156
5FQV,A,1,157
5FQV,A,1,158
5FQV,A,1,240
5FQV,A,1,241
5FQV,A,1,242
5FQV,A,1,243
5FQV,A,1,244
5FQV,A,1,245
5FQV,A,1,246
5FQV,A,1,247
5FQV,A,1,248
5G3J,A,1,1
5G3J,A,1,2
5G3J,A,1,3
5G3J,A,1,4
5G3J,A,1,5
5G3J,A,1,6
5G3J,A,1,7
5G3J,A,1,8
5G3J,A,1,9
5G3J,A,1,10
5G3J,A,1,11
5G3J,A,1,12
5G3J,A,1,13
5G3J,A,1,14
5G3J,A,1,15
5G3J,A,1,16
5G3J,A,1,17
5G3J,A,1,18
5G3J,A,1,19
5G3J,A,1,20
5G3J,A,1,21
5G3J,A,1,22
5G3J,A,1,23
5G3J,A,1,24
5G3J,A,1,25
5G3J,A,1,26
5G3J,A,1,27
5G3J,A,1,28
5G3J,A,1,29
5G3J,A,1,30
5G3J,A,1,31
5G3J,A,1,280
5G3J,B,1,1
5G42,A,1,1
5G42,A,1,2
5G42,A,1,3
5G42,A,1,4
5G42,A,1,5
5G42,A,1,6
5G42,A,1,7
5G42,A,1,8
5G42,A,1,9
5G42,A,1,10
5G42,A,1,11
5G42,A,1,12
5G42,A,1,13
5G42,A,1,14
5G43,A,1,1
5G43,A,1,2
5G43,A,1,3
5G43,A,1,4
5G43,A,1,5
5G43,A,1,6
5G43,A,1,7
5G43,A,1,8
5G43,A,1,9
5G43,A,1,10
5G43,A,1,11
5G43,A,1,12
5G43,A,1,13
5G43,A,1,14
5G44,A,1,1
5G44,A,1,2
5G44,A,1,3
5G44,A,1,4
5G44,A,1,5
5G44,A,1,6
5G44,A,1,7
5G44,A,1,8
5G44,A,1,9
5G44,A,1,10
5G44,A,1,11
5G44,A,1,12
5G44,A,1,13
5G44,A,1,14
5G44,A,1,15
5G44,A,1,16
5G44,A,1,17
5G44,A,1,18
5G44,A,1,19
5G44,A,1,20
5G44,A,1,21
5G45,A,1,1
5G45,A,1,2
5G45,A,1,3
5G45,A,1,4
5G45,A,1,5
5G45,A,1,6
5G45,A,1,7
5G45,A,1,8
5G45,A,1,9
5G45,A,1,10
5G45,A,1,11
5G45,A,1,12
5G45,A,1,13
5G45,A,1,14
5G45,A,1,15
5G45,A,1,16
5G45,A,1,17
5G45,A,1,18
5G45,A,1,19
5G45,A,1,20
5G45,A,1,21
5G45,A,1,266
5G46,A,1,1
5G46,A,1,2
5G46,A,1,3
5G46,A,1,4
5G46,A,1,5
5G46,A,1,6
5G46,A,1,7
5G46,A,1,8
5G46,A,1,9
5G46,A,1,10
5G46,A,1,11
5G46,A,1,12
5G46,A,1,13
5G46,A,1,14
5G46,A,1,15
5G46,A,1,16
5G46,A,1,17
5G46,A,1,18
5G46,A,1,19
5G46,A,1,20
5G5W,A,1,1
5G5W,A,1,2
5G5W,A,1,3
5G5W,A,1,4
5G5W,A,1,5
5G5W,A,1,6
5G5W,A,1,7
5G5W,A,1,8
5G5W,A,1,9
5G5W,A,1,10
5G5W,A,1,11
5G5W,A,1,12
5G5W,A,1,13
5G5W,A,1,14
5G5W,A,1,15
5G5W,A,1,16
5G5W,A,1,17
5G5W,A,1,18
5G5W,A,1,19
5G5W,A,1,20
5G5W,A,1,21
5G5W,A,1,22
5G5W,A,1,23
5G5W,A,1,24
5G5W,A,1,25
5G5W,A,1,26
5G5W,A,1,27
5G5W,A,1,28
5G5W,A,1,29
5G5W,A,1,30
5G5W,A,1,31
5G5W,A,1,32
5G5W,A,1,280
5G5W,B,1,1
5GS4,A,1,27
5GS4,A,1,28
5GS4,A,1,29
5GS4,A,1,30
5GS4,A,1,31
5GS4,A,1,32
5GS4,A,1,33
5GTN,A,1,1
5GTN,A,1,2
5GTN,A,1,3
5GTN,A,1,4
5GTN,A,1,5
5GTN,A,1,6
5GTN,A,1,7
5GTN,A,1,75
5GTN,A,1,76
5GTN,A,1,77
5GTN,A,1,78
5GTN,A,1,79
5GTN,B,1,1
5GTN,B,1,2
5GTN,B,1,13
5GTN,B,1,14
5GTN,B,1,15
5GTN,B,1,16
5GTO,A,1,1
5GTO,A,1,2
5GTO,A,1,3
5GTO,A,1,4
5GTO,A,1,5
5GTO,A,1,6
5GTO,A,1,7
5GTO,A,1,8
5GTO,A,1,9
5GTO,A,1,10
5GTO,A,1,11
5GTO,A,1,12
5GTO,A,1,77
5GTO,A,1,78
5GTO,A,1,79
5GTO,A,1,80
5GTO,B,1,1
5GTO,B,1,13
5GTO,B,1,14
5GTO,B,1,15
5GTO,B,1,16
5GTP,A,1,1
5GTP,A,1,2
5GTP,A,1,3
5GTP,A,1,4
5GTP,A,1,5
5GTP,A,1,6
5GTP,A,1,7
5GTP,A,1,8
5GTP,A,1,9
5GTP,A,1,10
5GTP,A,1,11
5GTP,A,1,12
5GTP,A,1,71
5GTP,A,1,72
5GTP,A,1,73
5GTP,A,1,74
5GTP,A,1,75
5GTP,A,1,76
5GTP,A,1,77
5GTP,A,1,78
5GTP,A,1,79
5GTP,A,1,80
5GTP,B,1,1
5GTP,B,1,13
5GTP,B,1,14
5GTP,B,1,15
5GTP,B,1,16
5GTR,A,1,27
5GTR,A,1,28
5GTR,A,1,29
5GTR,A,1,30
5GTR,A,1,31
5GTR,A,1,32
5GTR,A,1,33
5HCV,A,1,1
5HCV,A,1,2
5HCV,A,1,3
5HCV,A,1,4
5HCV,A,1,5
5HCV,A,1,6
5HCV,A,1,7
5HCV,A,1,8
5HCV,A,1,9
5HCV,A,1,10
5HCV,A,1,28
5HCV,A,1,29
5HCV,A,1,30
5HCV,A,1,31
5HCV,A,1,181
5HCV,A,1,182
5HCV,A,1,183
5HCV,A,1,184
5HCV,A,1,185
5HCV,A,1,256
5HCV,A,1,257
5HCV,B,1,1
5HCV,B,1,2
5HCV,B,1,3
5HCV,B,1,4
5HCV,B,1,5
5HCV,B,1,6
5HCV,B,1,7
5HCV,B,1,8
5HCV,B,1,9
5HCV,B,1,10
5HCV,B,1,28
5HCV,B,1,29
5HCV,B,1,30
5HCV,B,1,31
5HCV,B,1,181
5HCV,B,1,182
5HCV,B,1,183
5HCV,B,1,184
5HCV,B,1,185
5HCV,B,1,186
5HCV,B,1,187
5HCV,B,1,188
5HCV,B,1,189
5HCV,B,1,256
5HCV,B,1,257
5HCV,C,1,1
5HCV,C,1,2
5HCV,C,1,3
5HCV,C,1,4
5HCV,C,1,5
5HCV,C,1,6
5HCV,C,1,7
5HCV,C,1,8
5HCV,C,1,9
5HCV,C,1,10
5HCV,C,1,28
5HCV,C,1,29
5HCV,C,1,30
5HCV,C,1,31
5HCV,C,1,181
5HCV,C,1,182
5HCV,C,1,183
5HCV,C,1,184
5HCV,C,1,185
5HCV,C,1,186
5HCV,C,1,187
5HCV,C,1,188
5HCV,C,1,189
5HCV,C,1,245
5HCV,C,1,246
5HCV,C,1,247
5HCV,C,1,256
5HCV,C,1,257
5HJP,A,1,15
5HJP,A,1,16
5HJP,A,1,17
5HJP,A,1,18
5HJP,A,1,19
5HJP,A,1,20
5HJP,A,1,21
5HJP,A,1,22
5HJP,A,1,23
5HJP,A,1,24
5HJP,A,1,25
5HJP,A,1,26
5HJP,A,1,27
5HJP,A,1,28
5HJP,A,1,29
5HJP,A,1,30
5HJP,A,1,31
5HJP,A,1,32
5HJP,A,1,33
5HJP,A,1,34
5HJP,A,1,35
5HJP,A,1,36
5HJP,A,1,37
5HJP,A,1,231
5HJP,A,1,232
5HJP,A,1,233
5HJP,A,1,234
5HJP,A,1,235
5HJP,A,1,236
5HJP,A,1,237
5HJP,A,1,238
5HJP,A,1,239
5HJP,A,1,240
5HJP,A,1,241
5HJP,A,1,242
5HJP,A,1,251
5HJP,A,1,252
5HJP,A,1,253
5HJP,A,1,254
5HJP,B,1,38
5HJP,B,1,39
5HJP,B,1,262
5HJP,B,1,263
5HJP,B,1,264
5HJP,C,1,15
5HJP,C,1,16
5HJP,C,1,17
5HJP,C,1,18
5HJP,C,1,19
5HJP,C,1,20
5HJP,C,1,21
5HJP,C,1,22
5HJP,C,1,23
5HJP,C,1,24
5HJP,C,1,25
5HJP,C,1,26
5HJP,C,1,27
5HJP,C,1,28
5HJP,C,1,29
5HJP,C,1,30
5HJP,C,1,31
5HJP,C,1,32
5HJP,C,1,33
5HJP,C,1,34
5HJP,C,1,35
5HJP,C,1,36
5HJP,C,1,231
5HJP,C,1,232
5HJP,C,1,233
5HJP,C,1,234
5HJP,C,1,235
5HJP,C,1,236
5HJP,C,1,237
5HJP,C,1,238
5HJP,C,1,239
5HJP,C,1,240
5HJP,C,1,241
5HJP,C,1,242
5HJP,C,1,251
5HJP,C,1,252
5HJP,C,1,253
5HJP,C,1,254
5HJP,D,1,1
5HJP,D,1,2
5HJP,D,1,38
5HJP,D,1,39
5HJP,D,1,40
5HJP,D,1,41
5HJP,D,1,42
5HJP,D,1,43
5HJP,D,1,44
5HJP,D,1,45
5HJP,D,1,262
5HJP,D,1,263
5HJP,D,1,264
5HJS,A,1,1
5HJS,A,1,2
5HJS,A,1,3
5HJS,A,1,4
5HJS,A,1,5
5HJS,A,1,6
5HJS,A,1,7
5HJS,A,1,8
5HJS,A,1,9
5HJS,A,1,10
5HJS,A,1,11
5HJS,A,1,12
5HJS,A,1,13
5HJS,A,1,14
5HJS,A,1,15
5HJS,A,1,16
5HJS,A,1,17
5HJS,A,1,18
5HJS,A,1,19
5HJS,A,1,20
5HJS,A,1,21
5HJS,A,1,22
5HJS,A,1,23
5HJS,A,1,24
5HJS,A,1,25
5HJS,A,1,26
5HJS,A,1,27
5HJS,A,1,28
5HJS,A,1,29
5HJS,A,1,30
5HJS,A,1,31
5HJS,A,1,32
5HJS,A,1,33
5HJS,A,1,34
5HJS,A,1,35
5HJS,A,1,36
5HJS,A,1,37
5HJS,A,1,38
5HJS,A,1,39
5HJS,A,1,40
5HJS,A,1,59
5HJS,A,1,60
5HJS,A,1,61
5HJS,A,1,62
5HJS,A,1,63
5HJS,A,1,64
5HJS,A,1,65
5HJS,A,1,66
5HJS,A,1,67
5HJS,A,1,68
5HJS,A,1,76
5HJS,A,1,77
5HJS,A,1,78
5HJS,A,1,79
5HJS,A,1,80
5HJS,A,1,81
5HJS,A,1,283
5HJS,B,1,1
5HJS,B,1,2
5HJS,B,1,3
5HJS,B,1,4
5HJS,B,1,5
5HJS,B,1,6
5HJS,B,1,7
5HJS,B,1,8
5HJS,B,1,9
5HJS,B,1,10
5HJS,B,1,11
5HJS,B,1,12
5HJS,B,1,13
5HJS,B,1,14
5HJS,B,1,15
5HJS,B,1,16
5HJS,B,1,17
5HJS,B,1,18
5HJS,B,1,19
5HJS,B,1,20
5HJS,B,1,21
5HJS,B,1,22
5HJS,B,1,23
5HJS,B,1,24
5HJS,B,1,25
5HJS,B,1,26
5HJS,B,1,27
5HJS,B,1,28
5HJS,B,1,29
5HJS,B,1,30
5HJS,B,1,31
5HJS,B,1,32
5HJS,B,1,33
5HJS,B,1,34
5HJS,B,1,35
5HJS,B,1,36
5HJS,B,1,37
5HJS,B,1,38
5HJS,B,1,39
5HJS,B,1,40
5HJS,B,1,59
5HJS,B,1,60
5HJS,B,1,61
5HJS,B,1,62
5HJS,B,1,63
5HJS,B,1,64
5HJS,B,1,65
5HJS,B,1,66
5HJS,B,1,67
5HJS,B,1,68
5HJS,B,1,76
5HJS,B,1,77
5HJS,B,1,78
5HJS,B,1,79
5HJS,B,1,80
5HJS,B,1,81
5HJS,B,1,283
5HJS,C,1,1
5HJS,C,1,2
5HJS,C,1,3
5HJS,C,1,4
5HJS,C,1,5
5HJS,C,1,6
5HJS,C,1,22
5HJS,C,1,23
5HJS,C,1,24
5HJS,C,1,25
5HJS,D,1,1
5HJS,D,1,2
5HJS,D,1,3
5HJS,D,1,4
5HJS,D,1,5
5HJS,D,1,6
5HJS,D,1,22
5HJS,D,1,23
5HJS,D,1,24
5HJS,D,1,25
5HYK,A,1,1
5HYK,A,1,2
5HYK,A,1,3
5HYK,A,1,4
5HYK,A,1,5
5HYK,A,1,35
5HYK,A,1,36
5HYK,A,1,37
5HYK,A,1,38
5HYK,A,1,39
5HYK,A,1,40
5HYK,A,1,41
5HYK,A,1,64
5HYK,A,1,65
5HYK,A,1,66
5HYK,A,1,67
5HYK,A,1,68
5HYR,A,1,1
5HYR,A,1,2
5HYR,A,1,3
5HYR,A,1,4
5HYR,A,1,5
5HYR,A,1,161
5HYR,A,1,162
5HYR,A,1,163
5HYR,A,1,164
5HYR,A,1,165
5HYR,A,1,166
5HYR,A,1,167
5HYR,A,1,168
5HYR,A,1,169
5HYR,A,1,170
5HYR,A,1,171
5HYR,A,1,247
5HYR,A,1,249
5HYR,A,1,250
5HYR,A,1,251
5HYR,A,1,252
5HYR,A,1,253
5HYR,A,1,254
5HYR,A,1,255
5HYR,A,1,256
5HYR,A,1,257
5HYR,A,1,258
5HYR,B,1,1
5HYR,B,1,2
5HYR,B,1,3
5HYR,B,1,4
5HYR,B,1,5
5HYR,B,1,31
5HYR,B,1,32
5HYR,B,1,33
5HYR,B,1,34
5HYR,B,1,35
5HYR,B,1,36
5HYR,B,1,160
5HYR,B,1,161
5HYR,B,1,162
5HYR,B,1,163
5HYR,B,1,164
5HYR,B,1,165
5HYR,B,1,166
5HYR,B,1,167
5HYR,B,1,168
5HYR,B,1,169
5HYR,B,1,170
5HYR,B,1,171
5HYR,B,1,247
5HYR,B,1,248
5HYR,B,1,249
5HYR,B,1,250
5HYR,B,1,251
5HYR,B,1,252
5HYR,B,1,253
5HYR,B,1,254
5HYR,B,1,255
5HYR,B,1,256
5HYR,B,1,257
5HYR,B,1,258
5HZC,A,1,1
5HZC,A,1,2
5HZC,A,1,3
5HZC,A,1,4
5HZC,A,1,5
5HZC,A,1,6
5HZC,A,1,7
5HZC,A,1,8
5HZC,A,1,9
5HZC,A,1,10
5HZC,A,1,11
5HZC,A,1,12
5HZC,A,1,13
5HZC,A,1,14
5HZC,A,1,15
5HZC,A,1,16
5HZC,A,1,70
5HZC,A,1,71
5HZC,A,1,72
5HZC,A,1,73
5HZC,A,1,74
5HZC,A,1,75
5HZC,A,1,76
5HZC,A,1,77
5HZC,A,1,78
5HZC,A,1,79
5HZC,A,1,80
5HZC,A,1,81
5HZC,A,1,82
5HZC,A,1,83
5HZC,A,1,84
5HZC,A,1,85
5HZC,A,1,86
5HZC,A,1,285
5HZC,A,1,286
5HZC,A,1,287
5HZC,B,1,1
5HZC,B,1,2
5HZC,B,1,3
5HZC,B,1,4
5HZC,B,1,5
5HZC,B,1,6
5HZC,B,1,7
5HZC,B,1,8
5HZC,B,1,9
5HZC,B,1,10
5HZC,B,1,11
5HZC,B,1,12
5HZC,B,1,13
5HZC,B,1,14
5HZC,B,1,15
5HZC,B,1,16
5HZC,B,1,69
5HZC,B,1,70
5HZC,B,1,71
5HZC,B,1,72
5HZC,B,1,73
5HZC,B,1,74
5HZC,B,1,75
5HZC,B,1,76
5HZC,B,1,77
5HZC,B,1,78
5HZC,B,1,79
5HZC,B,1,80
5HZC,B,1,81
5HZC,B,1,82
5HZC,B,1,83
5HZC,B,1,84
5HZC,B,1,167
5HZC,B,1,284
5HZC,B,1,285
5HZC,B,1,286
5HZC,B,1,287
5I4V,A,1,1
5I4V,A,1,2
5I4V,A,1,3
5I4V,A,1,4
5I4V,A,1,5
5I4V,A,1,6
5I4V,A,1,7
5I4V,A,1,268
5I4V,A,1,269
5I4V,A,1,270
5I4V,B,1,1
5I4V,B,1,2
5I4V,B,1,3
5I4V,B,1,4
5I4V,B,1,21
5I4V,B,1,22
5I4V,B,1,23
5I4V,B,1,24
5I4V,B,1,25
5I4V,B,1,26
5I4V,B,1,27
5I4V,B,1,28
5I4V,B,1,29
5I4V,B,1,30
5I4V,B,1,31
5I4V,B,1,32
5I4V,B,1,33
5I4V,B,1,34
5I4V,B,1,35
5I4V,B,1,36
5I4V,B,1,37
5I4V,B,1,38
5I4V,B,1,39
5I4V,B,1,40
5I4V,B,1,41
5I4V,B,1,42
5I4V,B,1,222
5I4V,B,1,223
5I4V,B,1,224
5I4V,B,1,237
5I4V,B,1,238
5I4V,B,1,239
5I4V,B,1,240
5I4V,B,1,241
5I4V,B,1,242
5I4V,B,1,243
5I4V,B,1,252
5I4V,B,1,253
5I4V,B,1,254
5I4V,B,1,255
5I4V,C,1,1
5I4V,C,1,2
5I4V,C,1,3
5I4V,C,1,4
5I4V,C,1,5
5I4V,C,1,6
5I4V,C,1,7
5I4V,C,1,45
5I4V,C,1,46
5I4V,C,1,47
5I4V,C,1,48
5I4V,C,1,49
5I4V,C,1,50
5I4V,C,1,250
5I4V,C,1,251
5I4V,C,1,252
5I4V,C,1,253
5I4V,C,1,254
5I4V,C,1,255
5I4V,C,1,256
5I4V,C,1,257
5I4V,C,1,258
5I4V,C,1,268
5I4V,C,1,269
5I4V,C,1,270
5I4V,D,1,1
5I4V,D,1,2
5I4V,D,1,3
5I4V,D,1,4
5I4V,D,1,21
5I4V,D,1,22
5I4V,D,1,23
5I4V,D,1,24
5I4V,D,1,25
5I4V,D,1,26
5I4V,D,1,27
5I4V,D,1,28
5I4V,D,1,29
5I4V,D,1,30
5I4V,D,1,31
5I4V,D,1,32
5I4V,D,1,33
5I4V,D,1,34
5I4V,D,1,35
5I4V,D,1,36
5I4V,D,1,37
5I4V,D,1,38
5I4V,D,1,39
5I4V,D,1,40
5I4V,D,1,41
5I4V,D,1,42
5I4V,D,1,223
5I4V,D,1,224
5I4V,D,1,225
5I4V,D,1,226
5I4V,D,1,237
5I4V,D,1,238
5I4V,D,1,239
5I4V,D,1,240
5I4V,D,1,253
5I4V,D,1,254
5I4V,D,1,255
5IAW,B,1,228
5ICK,D,1,11
5IXK,A,1,1
5IXK,A,1,2
5IXK,A,1,3
5IXK,A,1,4
5IXK,A,1,5
5IXK,A,1,6
5IXK,A,1,7
5IXK,A,1,8
5IXK,A,1,9
5IXK,B,1,1
5IXK,B,1,2
5IXK,B,1,3
5IXK,B,1,4
5IXK,B,1,5
5IXK,B,1,6
5IXK,B,1,7
5IXK,B,1,8
5IZ0,A,1,1
5IZ0,A,1,2
5IZ0,A,1,3
5IZ0,A,1,4
5IZ0,A,1,5
5IZ0,A,1,6
5IZ0,A,1,7
5IZ0,A,1,8
5IZ0,A,1,253
5IZ0,A,1,254
5IZ0,A,1,255
5IZ0,A,1,256
5IZ0,A,1,257
5IZ0,A,1,258
5IZ0,A,1,259
5IZ0,A,1,260
5IZ0,A,1,261
5IZ0,A,1,262
5IZ0,A,1,263
5IZ0,B,1,11
5IZ0,B,1,12
5IZ0,B,1,13
5IZ0,B,1,14
5IZ0,B,1,15
5IZ0,C,1,1
5IZ0,C,1,2
5IZ0,C,1,3
5IZ0,C,1,4
5IZ0,C,1,5
5IZ0,C,1,6
5IZ0,C,1,252
5IZ0,C,1,253
5IZ0,C,1,254
5IZ0,C,1,255
5IZ0,C,1,256
5IZ0,C,1,257
5IZ0,C,1,258
5IZ0,C,1,259
5IZ0,C,1,260
5IZ0,C,1,261
5IZ0,C,1,262
5IZ0,C,1,263
5IZ0,D,1,11
5IZ0,D,1,12
5IZ0,D,1,13
5IZ0,D,1,14
5IZ0,D,1,15
5IZ0,E,1,1
5IZ0,E,1,2
5IZ0,E,1,3
5IZ0,E,1,4
5IZ0,E,1,5
5IZ0,E,1,6
5IZ0,E,1,7
5IZ0,E,1,8
5IZ0,E,1,252
5IZ0,E,1,253
5IZ0,E,1,254
5IZ0,E,1,255
5IZ0,E,1,256
5IZ0,E,1,257
5IZ0,E,1,258
5IZ0,E,1,259
5IZ0,E,1,260
5IZ0,E,1,261
5IZ0,E,1,262
5IZ0,E,1,263
5IZ0,F,1,11
5IZ0,F,1,12
5IZ0,F,1,13
5IZ0,F,1,14
5IZ0,F,1,15
5IZ0,G,1,1
5IZ0,G,1,2
5IZ0,G,1,3
5IZ0,G,1,4
5IZ0,G,1,5
5IZ0,G,1,6
5IZ0,G,1,253
5IZ0,G,1,254
5IZ0,G,1,255
5IZ0,G,1,256
5IZ0,G,1,257
5IZ0,G,1,258
5IZ0,G,1,259
5IZ0,G,1,260
5IZ0,G,1,261
5IZ0,G,1,262
5IZ0,G,1,263
5IZ0,H,1,1
5IZ0,H,1,11
5IZ0,H,1,12
5IZ0,H,1,13
5IZ0,H,1,14
5IZ0,H,1,15
5JI0,A,1,1
5JI0,A,1,2
5JI0,A,1,3
5JI0,A,1,4
5JI0,A,1,5
5JI0,A,1,6
5JI0,A,1,32
5JI0,A,1,33
5JI0,A,1,34
5JI0,A,1,35
5JI0,A,1,36
5JI0,A,1,37
5JI0,A,1,38
5JI0,A,1,39
5JI0,A,1,40
5JI0,A,1,41
5JI0,A,1,226
5JI0,A,1,227
5JI0,A,1,228
5JI0,A,1,236
5JI0,A,1,237
5JI0,A,1,238
5JI0,A,1,239
5JI0,A,1,240
5JI0,A,1,241
5JI0,A,1,242
5JI0,B,1,59
5JI0,B,1,60
5JI0,B,1,61
5JI0,B,1,62
5JI0,C,1,1
5JI0,C,1,2
5JI0,C,1,3
5JI0,C,1,4
5JI0,C,1,5
5JI0,C,1,6
5JI0,C,1,7
5JI0,C,1,27
5JI0,D,1,1
5JI0,D,1,2
5JI0,D,1,3
5JI0,D,1,4
5JI0,D,1,5
5JI0,D,1,6
5JI0,D,1,7
5JI0,D,1,8
5JI0,D,1,9
5JI0,D,1,10
5JI0,D,1,11
5JI0,D,1,12
5JI0,D,1,13
5JI0,D,1,23
5JI0,D,1,24
5JI0,D,1,25
5JI0,D,1,26
5JI0,D,1,27
5JJM,C,1,1
5JJM,E,1,251
5JJM,E,1,252
5JJM,G,1,1
5JJM,G,1,251
5JJM,G,1,252
5JJM,I,1,8
5JMM,A,1,1
5JMM,A,1,2
5JMM,A,1,3
5JMM,A,1,4
5JMM,A,1,5
5JMM,A,1,6
5JMM,A,1,7
5JMM,A,1,8
5JMM,A,1,117
5JMM,A,1,118
5JMM,A,1,119
5JMM,A,1,120
5JMM,A,1,121
5JMM,A,1,122
5JMM,A,1,123
5JMM,A,1,165
5JMM,A,1,166
5JMM,A,1,167
5JMM,A,1,168
5JMM,A,1,169
5JMM,A,1,252
5JMM,A,1,253
5JMM,A,1,254
5JMM,A,1,255
5JMM,B,1,1
5JMM,B,1,2
5JMM,B,1,3
5JMM,B,1,4
5JMM,B,1,5
5JMM,B,1,6
5JMM,B,1,165
5JMM,B,1,166
5JMM,B,1,167
5JMM,B,1,168
5JMM,B,1,169
5JMM,B,1,170
5JMM,B,1,171
5JMM,B,1,172
5JMM,B,1,173
5JMM,B,1,174
5JMM,B,1,252
5JMM,B,1,253
5JMM,B,1,254
5JMM,B,1,255
5JMM,C,1,1
5JMM,C,1,2
5JMM,C,1,12
5JMM,C,1,13
5JMM,D,1,1
5JMM,D,1,12
5JMM,D,1,13
5JY3,A,1,1
5JY3,A,1,2
5JY3,A,1,3
5JY3,A,1,4
5JY3,A,1,5
5JY3,A,1,6
5JY3,A,1,7
5JY3,A,1,8
5JY3,A,1,9
5JY3,A,1,10
5JY3,A,1,11
5JY3,A,1,12
5JY3,A,1,13
5JY3,A,1,14
5JY3,A,1,15
5JY3,A,1,16
5JY3,A,1,17
5JY3,A,1,18
5JY3,A,1,19
5JY3,A,1,20
5JY3,A,1,21
5JY3,A,1,45
5JY3,A,1,46
5JY3,A,1,47
5JY3,A,1,48
5JY3,A,1,49
5JY3,A,1,57
5JY3,A,1,58
5JY3,A,1,59
5JY3,A,1,60
5JY3,A,1,61
5JY3,A,1,62
5JY3,A,1,63
5JY3,A,1,262
5JY3,A,1,263
5JY3,A,1,264
5JY3,B,1,1
5JY3,B,1,2
5JY3,B,1,3
5JY3,B,1,4
5JY3,B,1,5
5JY3,B,1,6
5JY3,B,1,7
5JY3,B,1,8
5JY3,B,1,9
5JY3,B,1,10
5JY3,B,1,11
5JY3,B,1,12
5JY3,B,1,13
5JY3,B,1,14
5JY3,B,1,15
5JY3,B,1,16
5JY3,B,1,17
5JY3,B,1,18
5JY3,B,1,19
5JY3,B,1,20
5JY3,B,1,21
5JY3,B,1,47
5JY3,B,1,48
5JY3,B,1,49
5JY3,B,1,57
5JY3,B,1,58
5JY3,B,1,59
5JY3,B,1,60
5JY3,B,1,61
5JY3,B,1,62
5JY3,B,1,63
5JY3,B,1,262
5JY3,B,1,263
5JY3,B,1,264
5JY3,C,1,1
5JY3,C,1,2
5JY3,C,1,3
5JY3,C,1,4
5JY3,C,1,5
5JY3,C,1,6
5JY3,C,1,7
5JY3,C,1,8
5JY3,C,1,9
5JY3,C,1,10
5JY3,C,1,11
5JY3,C,1,12
5JY3,C,1,13
5JY3,C,1,14
5JY3,C,1,15
5JY3,C,1,16
5JY3,C,1,17
5JY3,C,1,18
5JY3,C,1,19
5JY3,C,1,20
5JY3,C,1,21
5JY3,C,1,57
5JY3,C,1,58
5JY3,C,1,59
5JY3,C,1,60
5JY3,C,1,134
5JY3,C,1,135
5JY3,C,1,248
5JY3,C,1,249
5JY3,C,1,250
5JY3,C,1,262
5JY3,C,1,263
5JY3,C,1,264
5JY3,D,1,1
5JY3,D,1,2
5JY3,D,1,3
5JY3,D,1,4
5JY3,D,1,5
5JY3,D,1,6
5JY3,D,1,7
5JY3,D,1,8
5JY3,D,1,9
5JY3,D,1,10
5JY3,D,1,11
5JY3,D,1,12
5JY3,D,1,13
5JY3,D,1,14
5JY3,D,1,15
5JY3,D,1,16
5JY3,D,1,17
5JY3,D,1,18
5JY3,D,1,19
5JY3,D,1,20
5JY3,D,1,21
5JY3,D,1,45
5JY3,D,1,46
5JY3,D,1,47
5JY3,D,1,48
5JY3,D,1,49
5JY3,D,1,50
5JY3,D,1,57
5JY3,D,1,58
5JY3,D,1,59
5JY3,D,1,60
5JY3,D,1,61
5JY3,D,1,62
5JY3,D,1,63
5JY3,D,1,262
5JY3,D,1,263
5JY3,D,1,264
5K13,A,1,236
5K13,A,1,237
5K13,A,1,238
5K13,A,1,239
5K13,A,1,240
5K13,A,1,241
5K13,A,1,242
5K13,A,1,243
5K13,A,1,244
5K13,A,1,245
5K13,A,1,246
5K38,A,1,1
5K38,A,1,2
5K38,A,1,3
5K38,A,1,4
5K38,A,1,232
5K38,A,1,233
5K38,A,1,234
5K38,A,1,235
5K38,A,1,236
5K38,A,1,237
5K38,A,1,238
5K38,A,1,239
5K38,A,1,240
5K38,A,1,241
5K38,A,1,242
5K38,A,1,243
5K38,A,1,244
5K38,A,1,245
5K38,A,1,246
5K38,A,1,247
5K38,B,1,1
5K38,B,1,2
5K38,B,1,3
5K38,B,1,4
5K38,B,1,231
5K38,B,1,232
5K38,B,1,233
5K38,B,1,234
5K38,B,1,235
5K38,B,1,236
5K38,B,1,237
5K38,B,1,238
5K38,B,1,239
5K38,B,1,240
5K38,B,1,241
5K38,B,1,242
5K38,B,1,243
5K38,B,1,244
5K38,B,1,245
5K38,B,1,246
5K38,B,1,247
5K3L,A,1,1
5K3L,A,1,2
5K3L,A,1,3
5K3L,A,1,4
5K3L,A,1,230
5K3L,A,1,231
5K3L,A,1,232
5K3L,A,1,233
5K3L,A,1,234
5K3L,A,1,235
5K3L,A,1,236
5K3L,A,1,237
5K3L,A,1,238
5K3L,A,1,239
5K3L,A,1,240
5K3L,A,1,241
5K3L,A,1,242
5K3L,A,1,243
5K3L,A,1,244
5K3L,A,1,245
5K3L,A,1,246
5K3L,A,1,247
5K3L,B,1,1
5K3L,B,1,2
5K3L,B,1,3
5K3L,B,1,4
5K3L,B,1,231
5K3L,B,1,232
5K3L,B,1,233
5K3L,B,1,234
5K3L,B,1,235
5K3L,B,1,236
5K3L,B,1,237
5K3L,B,1,238
5K3L,B,1,239
5K3L,B,1,240
5K3L,B,1,241
5K3L,B,1,242
5K3L,B,1,243
5K3L,B,1,244
5K3L,B,1,245
5K3L,B,1,246
5K3L,B,1,247
5K3L,C,1,1
5K3L,C,1,2
5K3L,C,1,3
5K3L,C,1,4
5K3L,C,1,231
5K3L,C,1,232
5K3L,C,1,233
5K3L,C,1,234
5K3L,C,1,235
5K3L,C,1,236
5K3L,C,1,237
5K3L,C,1,238
5K3L,C,1,239
5K3L,C,1,240
5K3L,C,1,241
5K3L,C,1,242
5K3L,C,1,243
5K3L,C,1,244
5K3L,C,1,245
5K3L,C,1,246
5K3L,C,1,247
5K3L,D,1,1
5K3L,D,1,2
5K3L,D,1,3
5K3L,D,1,4
5K3L,D,1,231
5K3L,D,1,232
5K3L,D,1,233
5K3L,D,1,234
5K3L,D,1,235
5K3L,D,1,236
5K3L,D,1,237
5K3L,D,1,238
5K3L,D,1,239
5K3L,D,1,240
5K3L,D,1,241
5K3L,D,1,242
5K3L,D,1,243
5K3L,D,1,244
5K3L,D,1,245
5K3L,D,1,246
5K3L,D,1,247
5K3M,A,1,1
5K3M,A,1,2
5K3M,A,1,3
5K3M,A,1,4
5K3M,A,1,227
5K3M,A,1,228
5K3M,A,1,229
5K3M,A,1,230
5K3M,A,1,231
5K3M,A,1,232
5K3M,A,1,233
5K3M,A,1,234
5K3M,A,1,235
5K3M,A,1,236
5K3M,A,1,237
5K3M,A,1,238
5K3M,A,1,239
5K3M,A,1,240
5K3M,A,1,241
5K3M,A,1,242
5K3M,A,1,243
5K3M,A,1,244
5K3M,A,1,245
5K3M,A,1,246
5K3M,A,1,247
5K3M,B,1,1
5K3M,B,1,2
5K3M,B,1,3
5K3M,B,1,4
5K3M,B,1,227
5K3M,B,1,228
5K3M,B,1,229
5K3M,B,1,230
5K3M,B,1,231
5K3M,B,1,232
5K3M,B,1,233
5K3M,B,1,234
5K3M,B,1,235
5K3M,B,1,236
5K3M,B,1,237
5K3M,B,1,238
5K3M,B,1,239
5K3M,B,1,240
5K3M,B,1,241
5K3M,B,1,242
5K3M,B,1,243
5K3M,B,1,244
5K3M,B,1,245
5K3M,B,1,246
5K3M,B,1,247
5K3N,A,1,1
5K3N,A,1,2
5K3N,A,1,3
5K3N,A,1,4
5K3N,A,1,233
5K3N,A,1,234
5K3N,A,1,235
5K3N,A,1,236
5K3N,A,1,237
5K3N,A,1,238
5K3N,A,1,239
5K3N,A,1,240
5K3N,A,1,241
5K3N,A,1,242
5K3N,A,1,243
5K3N,A,1,244
5K3N,A,1,245
5K3N,A,1,246
5K3N,A,1,247
5K3N,B,1,1
5K3N,B,1,2
5K3N,B,1,3
5K3N,B,1,4
5K3N,B,1,231
5K3N,B,1,232
5K3N,B,1,233
5K3N,B,1,234
5K3N,B,1,235
5K3N,B,1,236
5K3N,B,1,237
5K3N,B,1,238
5K3N,B,1,239
5K3N,B,1,240
5K3N,B,1,241
5K3N,B,1,242
5K3N,B,1,243
5K3N,B,1,244
5K3N,B,1,245
5K3N,B,1,246
5K3N,B,1,247
5K3N,C,1,1
5K3N,C,1,2
5K3N,C,1,3
5K3N,C,1,4
5K3N,C,1,233
5K3N,C,1,234
5K3N,C,1,235
5K3N,C,1,236
5K3N,C,1,237
5K3N,C,1,238
5K3N,C,1,239
5K3N,C,1,240
5K3N,C,1,241
5K3N,C,1,242
5K3N,C,1,243
5K3N,C,1,244
5K3N,C,1,245
5K3N,C,1,246
5K3N,C,1,247
5K3N,D,1,1
5K3N,D,1,2
5K3N,D,1,3
5K3N,D,1,4
5K3N,D,1,233
5K3N,D,1,234
5K3N,D,1,235
5K3N,D,1,236
5K3N,D,1,237
5K3N,D,1,238
5K3N,D,1,239
5K3N,D,1,240
5K3N,D,1,241
5K3N,D,1,242
5K3N,D,1,243
5K3N,D,1,244
5K3N,D,1,245
5K3N,D,1,246
5K3N,D,1,247
5K6E,A,1,1
5K6E,A,1,2
5K6E,A,1,3
5K6E,A,1,4
5K6E,A,1,231
5K6E,A,1,232
5K6E,A,1,233
5K6E,A,1,234
5K6E,A,1,235
5K6E,A,1,236
5K6E,A,1,237
5K6E,A,1,238
5K6E,A,1,239
5K6E,A,1,240
5K6E,A,1,241
5K6E,A,1,242
5K6E,A,1,243
5K6E,A,1,244
5K6E,A,1,245
5K6E,A,1,246
5K6E,A,1,247
5K6E,B,1,1
5K6E,B,1,2
5K6E,B,1,3
5K6E,B,1,4
5K6E,B,1,239
5K6E,B,1,240
5K6E,B,1,241
5K6E,B,1,242
5K6E,B,1,243
5K6E,B,1,244
5K6E,B,1,245
5K6E,B,1,246
5K6E,B,1,247
5K74,A,1,1
5K74,A,1,2
5K74,A,1,3
5K74,A,1,4
5K74,A,1,232
5K74,A,1,233
5K74,A,1,234
5K74,A,1,235
5K74,A,1,236
5K74,A,1,237
5K74,A,1,238
5K74,A,1,239
5K74,A,1,240
5K74,A,1,241
5K74,A,1,242
5K74,A,1,243
5K74,A,1,244
5K74,A,1,245
5K74,A,1,246
5K74,A,1,247
5K74,B,1,1
5K74,B,1,2
5K74,B,1,3
5K74,B,1,4
5K74,B,1,232
5K74,B,1,233
5K74,B,1,234
5K74,B,1,235
5K74,B,1,236
5K74,B,1,237
5K74,B,1,238
5K74,B,1,239
5K74,B,1,240
5K74,B,1,241
5K74,B,1,242
5K74,B,1,243
5K74,B,1,244
5K74,B,1,245
5K74,B,1,246
5K74,B,1,247
5KCC,A,1,1
5KCC,A,1,2
5KCC,A,1,3
5KCC,A,1,4
5KCC,A,1,5
5KCC,A,1,6
5KCC,A,1,7
5KCC,A,1,164
5KCC,A,1,165
5KCC,A,1,166
5KCC,A,1,167
5KCC,A,1,168
5KCC,A,1,169
5KCC,A,1,170
5KCC,A,1,252
5KCC,A,1,253
5KCC,A,1,254
5KCC,A,1,255
5KCC,A,1,256
5KCC,A,1,257
5KCC,B,1,1
5KCC,B,1,2
5KCC,B,1,3
5KCC,B,1,4
5KCC,B,1,5
5KCC,B,1,6
5KCC,B,1,35
5KCC,B,1,36
5KCC,B,1,37
5KCC,B,1,38
5KCC,B,1,39
5KCC,B,1,164
5KCC,B,1,165
5KCC,B,1,166
5KCC,B,1,167
5KCC,B,1,168
5KCC,B,1,169
5KCC,B,1,170
5KCC,B,1,171
5KCC,B,1,172
5KCC,B,1,173
5KCC,B,1,174
5KCC,B,1,175
5KCC,B,1,233
5KCC,B,1,234
5KCC,B,1,253
5KCC,B,1,254
5KCC,B,1,255
5KCC,B,1,256
5KCC,B,1,257
5KCC,C,1,1
5KCC,C,1,2
5KCC,C,1,13
5KCC,C,1,14
5KCC,D,1,1
5KCC,D,1,11
5KCC,D,1,12
5KCC,D,1,13
5KCC,D,1,14
5KCD,A,1,1
5KCD,A,1,2
5KCD,A,1,3
5KCD,A,1,4
5KCD,A,1,5
5KCD,A,1,6
5KCD,A,1,7
5KCD,A,1,163
5KCD,A,1,164
5KCD,A,1,165
5KCD,A,1,166
5KCD,A,1,167
5KCD,A,1,168
5KCD,A,1,169
5KCD,A,1,170
5KCD,A,1,171
5KCD,A,1,172
5KCD,A,1,173
5KCD,A,1,174
5KCD,A,1,175
5KCD,A,1,252
5KCD,A,1,253
5KCD,A,1,254
5KCD,A,1,255
5KCD,A,1,256
5KCD,A,1,257
5KCD,B,1,1
5KCD,B,1,2
5KCD,B,1,3
5KCD,B,1,4
5KCD,B,1,5
5KCD,B,1,6
5KCD,B,1,7
5KCD,B,1,35
5KCD,B,1,36
5KCD,B,1,37
5KCD,B,1,38
5KCD,B,1,39
5KCD,B,1,160
5KCD,B,1,161
5KCD,B,1,162
5KCD,B,1,163
5KCD,B,1,164
5KCD,B,1,165
5KCD,B,1,166
5KCD,B,1,167
5KCD,B,1,168
5KCD,B,1,169
5KCD,B,1,170
5KCD,B,1,171
5KCD,B,1,172
5KCD,B,1,252
5KCD,B,1,253
5KCD,B,1,254
5KCD,B,1,255
5KCD,B,1,256
5KCD,B,1,257
5KCD,C,1,1
5KCD,C,1,12
5KCD,C,1,13
5KCD,C,1,14
5KCD,D,1,1
5KCD,D,1,2
5KCD,D,1,12
5KCD,D,1,13
5KCD,D,1,14
5KCE,A,1,1
5KCE,A,1,2
5KCE,A,1,3
5KCE,A,1,4
5KCE,A,1,5
5KCE,A,1,35
5KCE,A,1,36
5KCE,A,1,37
5KCE,A,1,38
5KCE,A,1,39
5KCE,A,1,40
5KCE,A,1,41
5KCE,A,1,42
5KCE,A,1,43
5KCE,A,1,161
5KCE,A,1,162
5KCE,A,1,163
5KCE,A,1,164
5KCE,A,1,165
5KCE,A,1,166
5KCE,A,1,167
5KCE,A,1,168
5KCE,A,1,169
5KCE,A,1,170
5KCE,A,1,171
5KCE,A,1,172
5KCE,A,1,173
5KCE,A,1,174
5KCE,A,1,175
5KCE,A,1,253
5KCE,A,1,254
5KCE,A,1,255
5KCE,A,1,256
5KCE,A,1,257
5KCE,B,1,1
5KCE,B,1,2
5KCE,B,1,3
5KCE,B,1,4
5KCE,B,1,5
5KCE,B,1,6
5KCE,B,1,7
5KCE,B,1,233
5KCE,B,1,234
5KCE,B,1,235
5KCE,B,1,236
5KCE,B,1,237
5KCE,B,1,252
5KCE,B,1,253
5KCE,B,1,254
5KCE,B,1,255
5KCE,B,1,256
5KCE,B,1,257
5KCE,C,1,1
5KCE,C,1,12
5KCE,C,1,13
5KCE,D,1,1
5KCE,D,1,2
5KCE,D,1,11
5KCE,D,1,12
5KCE,D,1,13
5KCF,A,1,1
5KCF,A,1,2
5KCF,A,1,3
5KCF,A,1,4
5KCF,A,1,5
5KCF,A,1,164
5KCF,A,1,165
5KCF,A,1,166
5KCF,A,1,167
5KCF,A,1,168
5KCF,A,1,169
5KCF,A,1,170
5KCF,A,1,171
5KCF,A,1,172
5KCF,A,1,173
5KCF,A,1,174
5KCF,A,1,253
5KCF,A,1,254
5KCF,A,1,255
5KCF,A,1,256
5KCF,A,1,257
5KCF,B,1,1
5KCF,B,1,2
5KCF,B,1,3
5KCF,B,1,4
5KCF,B,1,5
5KCF,B,1,6
5KCF,B,1,7
5KCF,B,1,118
5KCF,B,1,119
5KCF,B,1,120
5KCF,B,1,121
5KCF,B,1,122
5KCF,B,1,123
5KCF,B,1,165
5KCF,B,1,166
5KCF,B,1,167
5KCF,B,1,168
5KCF,B,1,231
5KCF,B,1,232
5KCF,B,1,233
5KCF,B,1,234
5KCF,B,1,235
5KCF,B,1,236
5KCF,B,1,237
5KCF,B,1,252
5KCF,B,1,253
5KCF,B,1,254
5KCF,B,1,255
5KCF,B,1,256
5KCF,B,1,257
5KCF,C,1,1
5KCF,C,1,2
5KCF,C,1,12
5KCF,C,1,13
5KCF,C,1,14
5KCF,D,1,1
5KCF,D,1,12
5KCF,D,1,13
5KCF,D,1,14
5KCT,A,1,1
5KCT,A,1,2
5KCT,A,1,3
5KCT,A,1,4
5KCT,A,1,5
5KCT,A,1,165
5KCT,A,1,166
5KCT,A,1,167
5KCT,A,1,168
5KCT,A,1,169
5KCT,A,1,170
5KCT,A,1,171
5KCT,A,1,172
5KCT,A,1,173
5KCT,A,1,174
5KCT,A,1,252
5KCT,A,1,253
5KCT,A,1,254
5KCT,A,1,255
5KCT,A,1,256
5KCT,A,1,257
5KCT,B,1,1
5KCT,B,1,2
5KCT,B,1,3
5KCT,B,1,4
5KCT,B,1,5
5KCT,B,1,6
5KCT,B,1,7
5KCT,B,1,8
5KCT,B,1,120
5KCT,B,1,121
5KCT,B,1,122
5KCT,B,1,123
5KCT,B,1,165
5KCT,B,1,166
5KCT,B,1,167
5KCT,B,1,168
5KCT,B,1,169
5KCT,B,1,170
5KCT,B,1,230
5KCT,B,1,231
5KCT,B,1,232
5KCT,B,1,233
5KCT,B,1,234
5KCT,B,1,235
5KCT,B,1,236
5KCT,B,1,252
5KCT,B,1,253
5KCT,B,1,254
5KCT,B,1,255
5KCT,B,1,256
5KCT,B,1,257
5KCT,C,1,1
5KCT,C,1,12
5KCT,C,1,13
5KCT,C,1,14
5KCT,D,1,1
5KCT,D,1,2
5KCT,D,1,12
5KCT,D,1,13
5KCT,D,1,14
5KCU,A,1,1
5KCU,A,1,2
5KCU,A,1,3
5KCU,A,1,4
5KCU,A,1,5
5KCU,A,1,6
5KCU,A,1,7
5KCU,A,1,8
5KCU,A,1,35
5KCU,A,1,36
5KCU,A,1,37
5KCU,A,1,38
5KCU,A,1,165
5KCU,A,1,166
5KCU,A,1,167
5KCU,A,1,168
5KCU,A,1,169
5KCU,A,1,170
5KCU,A,1,171
5KCU,A,1,172
5KCU,A,1,173
5KCU,A,1,174
5KCU,A,1,236
5KCU,A,1,237
5KCU,A,1,238
5KCU,A,1,252
5KCU,A,1,253
5KCU,A,1,254
5KCU,A,1,255
5KCU,A,1,256
5KCU,A,1,257
5KCU,B,1,1
5KCU,B,1,2
5KCU,B,1,3
5KCU,B,1,4
5KCU,B,1,5
5KCU,B,1,6
5KCU,B,1,7
5KCU,B,1,164
5KCU,B,1,165
5KCU,B,1,166
5KCU,B,1,167
5KCU,B,1,168
5KCU,B,1,169
5KCU,B,1,170
5KCU,B,1,231
5KCU,B,1,232
5KCU,B,1,233
5KCU,B,1,234
5KCU,B,1,235
5KCU,B,1,236
5KCU,B,1,237
5KCU,B,1,249
5KCU,B,1,250
5KCU,B,1,251
5KCU,B,1,252
5KCU,B,1,253
5KCU,B,1,254
5KCU,B,1,255
5KCU,B,1,256
5KCU,B,1,257
5KCU,C,1,1
5KCU,C,1,12
5KCU,C,1,13
5KCU,C,1,14
5KCU,D,1,1
5KCU,D,1,2
5KCU,D,1,12
5KCU,D,1,13
5KCU,D,1,14
5KCW,A,1,1
5KCW,A,1,2
5KCW,A,1,3
5KCW,A,1,4
5KCW,A,1,5
5KCW,A,1,6
5KCW,A,1,35
5KCW,A,1,36
5KCW,A,1,165
5KCW,A,1,166
5KCW,A,1,167
5KCW,A,1,168
5KCW,A,1,169
5KCW,A,1,170
5KCW,A,1,171
5KCW,A,1,172
5KCW,A,1,173
5KCW,A,1,174
5KCW,A,1,252
5KCW,A,1,253
5KCW,A,1,254
5KCW,A,1,255
5KCW,A,1,256
5KCW,A,1,257
5KCW,B,1,1
5KCW,B,1,2
5KCW,B,1,3
5KCW,B,1,4
5KCW,B,1,5
5KCW,B,1,6
5KCW,B,1,7
5KCW,B,1,120
5KCW,B,1,121
5KCW,B,1,122
5KCW,B,1,164
5KCW,B,1,165
5KCW,B,1,166
5KCW,B,1,167
5KCW,B,1,168
5KCW,B,1,169
5KCW,B,1,170
5KCW,B,1,171
5KCW,B,1,172
5KCW,B,1,230
5KCW,B,1,231
5KCW,B,1,232
5KCW,B,1,233
5KCW,B,1,234
5KCW,B,1,235
5KCW,B,1,236
5KCW,B,1,237
5KCW,B,1,252
5KCW,B,1,253
5KCW,B,1,254
5KCW,B,1,255
5KCW,B,1,256
5KCW,B,1,257
5KCW,C,1,1
5KCW,C,1,12
5KCW,C,1,13
5KCW,C,1,14
5KCW,D,1,1
5KCW,D,1,2
5KCW,D,1,12
5KCW,D,1,13
5KCW,D,1,14
5KD9,A,1,1
5KD9,A,1,2
5KD9,A,1,3
5KD9,A,1,4
5KD9,A,1,5
5KD9,A,1,6
5KD9,A,1,7
5KD9,A,1,165
5KD9,A,1,166
5KD9,A,1,167
5KD9,A,1,168
5KD9,A,1,169
5KD9,A,1,170
5KD9,A,1,171
5KD9,A,1,172
5KD9,A,1,173
5KD9,A,1,252
5KD9,A,1,253
5KD9,A,1,254
5KD9,A,1,255
5KD9,A,1,256
5KD9,A,1,257
5KD9,B,1,1
5KD9,B,1,2
5KD9,B,1,3
5KD9,B,1,4
5KD9,B,1,5
5KD9,B,1,6
5KD9,B,1,7
5KD9,B,1,164
5KD9,B,1,165
5KD9,B,1,166
5KD9,B,1,167
5KD9,B,1,168
5KD9,B,1,169
5KD9,B,1,170
5KD9,B,1,171
5KD9,B,1,172
5KD9,B,1,231
5KD9,B,1,232
5KD9,B,1,233
5KD9,B,1,234
5KD9,B,1,235
5KD9,B,1,236
5KD9,B,1,251
5KD9,B,1,252
5KD9,B,1,253
5KD9,B,1,254
5KD9,B,1,255
5KD9,B,1,256
5KD9,B,1,257
5KD9,C,1,1
5KD9,C,1,12
5KD9,C,1,13
5KD9,C,1,14
5KD9,D,1,1
5KD9,D,1,2
5KD9,D,1,12
5KD9,D,1,13
5KD9,D,1,14
5KR9,A,1,1
5KR9,A,1,2
5KR9,A,1,3
5KR9,A,1,4
5KR9,A,1,5
5KR9,A,1,6
5KR9,A,1,165
5KR9,A,1,166
5KR9,A,1,167
5KR9,A,1,168
5KR9,A,1,169
5KR9,A,1,170
5KR9,A,1,171
5KR9,A,1,172
5KR9,A,1,173
5KR9,A,1,174
5KR9,A,1,253
5KR9,A,1,254
5KR9,A,1,255
5KR9,A,1,256
5KR9,A,1,257
5KR9,B,1,1
5KR9,B,1,2
5KR9,B,1,3
5KR9,B,1,4
5KR9,B,1,5
5KR9,B,1,6
5KR9,B,1,7
5KR9,B,1,163
5KR9,B,1,164
5KR9,B,1,165
5KR9,B,1,166
5KR9,B,1,167
5KR9,B,1,168
5KR9,B,1,169
5KR9,B,1,170
5KR9,B,1,171
5KR9,B,1,172
5KR9,B,1,173
5KR9,B,1,252
5KR9,B,1,253
5KR9,B,1,254
5KR9,B,1,255
5KR9,B,1,256
5KR9,B,1,257
5KR9,C,1,1
5KR9,C,1,14
5KR9,D,1,1
5KR9,D,1,2
5KR9,D,1,12
5KR9,D,1,13
5KR9,D,1,14
5KRA,A,1,1
5KRA,A,1,2
5KRA,A,1,3
5KRA,A,1,4
5KRA,A,1,5
5KRA,A,1,6
5KRA,A,1,7
5KRA,A,1,35
5KRA,A,1,36
5KRA,A,1,37
5KRA,A,1,38
5KRA,A,1,39
5KRA,A,1,118
5KRA,A,1,119
5KRA,A,1,120
5KRA,A,1,165
5KRA,A,1,166
5KRA,A,1,167
5KRA,A,1,168
5KRA,A,1,169
5KRA,A,1,170
5KRA,A,1,171
5KRA,A,1,172
5KRA,A,1,173
5KRA,A,1,174
5KRA,A,1,252
5KRA,A,1,253
5KRA,A,1,254
5KRA,A,1,255
5KRA,A,1,256
5KRA,A,1,257
5KRA,B,1,1
5KRA,B,1,2
5KRA,B,1,3
5KRA,B,1,4
5KRA,B,1,5
5KRA,B,1,6
5KRA,B,1,7
5KRA,B,1,118
5KRA,B,1,119
5KRA,B,1,120
5KRA,B,1,165
5KRA,B,1,166
5KRA,B,1,253
5KRA,B,1,254
5KRA,B,1,255
5KRA,B,1,256
5KRA,B,1,257
5KRA,C,1,1
5KRA,C,1,12
5KRA,C,1,13
5KRA,C,1,14
5KRA,D,1,1
5KRA,D,1,2
5KRA,D,1,12
5KRA,D,1,13
5KRA,D,1,14
5KRA,E,1,1
5KRA,E,1,2
5KRA,E,1,3
5KRA,E,1,4
5KRA,E,1,5
5KRA,E,1,6
5KRA,E,1,7
5KRA,E,1,35
5KRA,E,1,36
5KRA,E,1,37
5KRA,E,1,38
5KRA,E,1,39
5KRA,E,1,165
5KRA,E,1,166
5KRA,E,1,167
5KRA,E,1,168
5KRA,E,1,169
5KRA,E,1,170
5KRA,E,1,171
5KRA,E,1,172
5KRA,E,1,173
5KRA,E,1,174
5KRA,E,1,237
5KRA,E,1,252
5KRA,E,1,253
5KRA,E,1,254
5KRA,E,1,255
5KRA,E,1,256
5KRA,E,1,257
5KRA,F,1,1
5KRA,F,1,2
5KRA,F,1,3
5KRA,F,1,4
5KRA,F,1,5
5KRA,F,1,6
5KRA,F,1,7
5KRA,F,1,121
5KRA,F,1,122
5KRA,F,1,164
5KRA,F,1,165
5KRA,F,1,166
5KRA,F,1,167
5KRA,F,1,168
5KRA,F,1,169
5KRA,F,1,253
5KRA,F,1,254
5KRA,F,1,255
5KRA,F,1,256
5KRA,F,1,257
5KRA,G,1,1
5KRA,G,1,12
5KRA,G,1,13
5KRA,G,1,14
5KRA,H,1,1
5KRA,H,1,12
5KRA,H,1,13
5KRA,H,1,14
5KRC,A,1,1
5KRC,A,1,2
5KRC,A,1,3
5KRC,A,1,4
5KRC,A,1,5
5KRC,A,1,6
5KRC,A,1,36
5KRC,A,1,37
5KRC,A,1,165
5KRC,A,1,166
5KRC,A,1,167
5KRC,A,1,168
5KRC,A,1,169
5KRC,A,1,170
5KRC,A,1,171
5KRC,A,1,172
5KRC,A,1,173
5KRC,A,1,174
5KRC,A,1,252
5KRC,A,1,253
5KRC,A,1,254
5KRC,A,1,255
5KRC,A,1,256
5KRC,A,1,257
5KRC,B,1,1
5KRC,B,1,2
5KRC,B,1,3
5KRC,B,1,4
5KRC,B,1,5
5KRC,B,1,6
5KRC,B,1,7
5KRC,B,1,165
5KRC,B,1,166
5KRC,B,1,167
5KRC,B,1,168
5KRC,B,1,169
5KRC,B,1,170
5KRC,B,1,171
5KRC,B,1,172
5KRC,B,1,254
5KRC,B,1,255
5KRC,B,1,256
5KRC,B,1,257
5KRC,C,1,1
5KRC,C,1,12
5KRC,C,1,13
5KRC,C,1,14
5KRC,D,1,1
5KRC,D,1,12
5KRC,D,1,13
5KRC,D,1,14
5KRF,A,1,1
5KRF,A,1,2
5KRF,A,1,3
5KRF,A,1,4
5KRF,A,1,5
5KRF,A,1,6
5KRF,A,1,164
5KRF,A,1,165
5KRF,A,1,166
5KRF,A,1,167
5KRF,A,1,168
5KRF,A,1,169
5KRF,A,1,170
5KRF,A,1,171
5KRF,A,1,172
5KRF,A,1,173
5KRF,A,1,174
5KRF,A,1,252
5KRF,A,1,253
5KRF,A,1,254
5KRF,A,1,255
5KRF,A,1,256
5KRF,A,1,257
5KRF,B,1,1
5KRF,B,1,2
5KRF,B,1,3
5KRF,B,1,4
5KRF,B,1,5
5KRF,B,1,6
5KRF,B,1,7
5KRF,B,1,120
5KRF,B,1,121
5KRF,B,1,122
5KRF,B,1,123
5KRF,B,1,164
5KRF,B,1,165
5KRF,B,1,166
5KRF,B,1,167
5KRF,B,1,168
5KRF,B,1,253
5KRF,B,1,254
5KRF,B,1,255
5KRF,B,1,256
5KRF,B,1,257
5KRF,C,1,1
5KRF,C,1,12
5KRF,C,1,13
5KRF,C,1,14
5KRF,D,1,1
5KRF,D,1,12
5KRF,D,1,13
5KRF,D,1,14
5KRH,A,1,1
5KRH,A,1,2
5KRH,A,1,3
5KRH,A,1,4
5KRH,A,1,5
5KRH,A,1,6
5KRH,A,1,7
5KRH,A,1,36
5KRH,A,1,37
5KRH,A,1,165
5KRH,A,1,166
5KRH,A,1,167
5KRH,A,1,168
5KRH,A,1,169
5KRH,A,1,170
5KRH,A,1,171
5KRH,A,1,172
5KRH,A,1,173
5KRH,A,1,174
5KRH,A,1,175
5KRH,A,1,252
5KRH,A,1,253
5KRH,A,1,254
5KRH,A,1,255
5KRH,A,1,256
5KRH,A,1,257
5KRH,B,1,1
5KRH,B,1,2
5KRH,B,1,3
5KRH,B,1,4
5KRH,B,1,5
5KRH,B,1,6
5KRH,B,1,7
5KRH,B,1,118
5KRH,B,1,119
5KRH,B,1,165
5KRH,B,1,166
5KRH,B,1,167
5KRH,B,1,168
5KRH,B,1,169
5KRH,B,1,252
5KRH,B,1,253
5KRH,B,1,254
5KRH,B,1,255
5KRH,B,1,256
5KRH,B,1,257
5KRH,C,1,1
5KRH,C,1,12
5KRH,C,1,13
5KRH,C,1,14
5KRH,D,1,1
5KRH,D,1,12
5KRH,D,1,13
5KRH,D,1,14
5KRI,A,1,1
5KRI,A,1,2
5KRI,A,1,3
5KRI,A,1,4
5KRI,A,1,5
5KRI,A,1,6
5KRI,A,1,7
5KRI,A,1,35
5KRI,A,1,36
5KRI,A,1,165
5KRI,A,1,166
5KRI,A,1,167
5KRI,A,1,168
5KRI,A,1,169
5KRI,A,1,170
5KRI,A,1,171
5KRI,A,1,172
5KRI,A,1,252
5KRI,A,1,253
5KRI,A,1,254
5KRI,A,1,255
5KRI,A,1,256
5KRI,A,1,257
5KRI,B,1,1
5KRI,B,1,2
5KRI,B,1,3
5KRI,B,1,4
5KRI,B,1,5
5KRI,B,1,6
5KRI,B,1,7
5KRI,B,1,8
5KRI,B,1,38
5KRI,B,1,165
5KRI,B,1,166
5KRI,B,1,167
5KRI,B,1,168
5KRI,B,1,169
5KRI,B,1,170
5KRI,B,1,171
5KRI,B,1,237
5KRI,B,1,238
5KRI,B,1,252
5KRI,B,1,253
5KRI,B,1,254
5KRI,B,1,255
5KRI,B,1,256
5KRI,B,1,257
5KRI,C,1,1
5KRI,C,1,12
5KRI,C,1,13
5KRI,C,1,14
5KRI,D,1,1
5KRI,D,1,2
5KRI,D,1,12
5KRI,D,1,13
5KRI,D,1,14
5KRJ,A,1,1
5KRJ,A,1,2
5KRJ,A,1,3
5KRJ,A,1,4
5KRJ,A,1,5
5KRJ,A,1,6
5KRJ,A,1,36
5KRJ,A,1,37
5KRJ,A,1,38
5KRJ,A,1,164
5KRJ,A,1,165
5KRJ,A,1,166
5KRJ,A,1,167
5KRJ,A,1,168
5KRJ,A,1,169
5KRJ,A,1,170
5KRJ,A,1,171
5KRJ,A,1,172
5KRJ,A,1,173
5KRJ,A,1,174
5KRJ,A,1,252
5KRJ,A,1,253
5KRJ,A,1,254
5KRJ,A,1,255
5KRJ,A,1,256
5KRJ,A,1,257
5KRJ,B,1,1
5KRJ,B,1,2
5KRJ,B,1,3
5KRJ,B,1,4
5KRJ,B,1,5
5KRJ,B,1,6
5KRJ,B,1,7
5KRJ,B,1,8
5KRJ,B,1,165
5KRJ,B,1,166
5KRJ,B,1,167
5KRJ,B,1,168
5KRJ,B,1,169
5KRJ,B,1,170
5KRJ,B,1,171
5KRJ,B,1,172
5KRJ,B,1,232
5KRJ,B,1,233
5KRJ,B,1,234
5KRJ,B,1,235
5KRJ,B,1,236
5KRJ,B,1,237
5KRJ,B,1,252
5KRJ,B,1,253
5KRJ,B,1,254
5KRJ,B,1,255
5KRJ,B,1,256
5KRJ,B,1,257
5KRJ,C,1,1
5KRJ,C,1,12
5KRJ,C,1,13
5KRJ,C,1,14
5KRJ,D,1,1
5KRJ,D,1,12
5KRJ,D,1,13
5KRJ,D,1,14
5KRK,A,1,1
5KRK,A,1,2
5KRK,A,1,3
5KRK,A,1,4
5KRK,A,1,5
5KRK,A,1,6
5KRK,A,1,7
5KRK,A,1,35
5KRK,A,1,36
5KRK,A,1,37
5KRK,A,1,38
5KRK,A,1,164
5KRK,A,1,165
5KRK,A,1,166
5KRK,A,1,167
5KRK,A,1,168
5KRK,A,1,169
5KRK,A,1,170
5KRK,A,1,171
5KRK,A,1,172
5KRK,A,1,173
5KRK,A,1,174
5KRK,A,1,236
5KRK,A,1,252
5KRK,A,1,253
5KRK,A,1,254
5KRK,A,1,255
5KRK,A,1,256
5KRK,A,1,257
5KRK,B,1,1
5KRK,B,1,2
5KRK,B,1,3
5KRK,B,1,4
5KRK,B,1,5
5KRK,B,1,6
5KRK,B,1,7
5KRK,B,1,8
5KRK,B,1,34
5KRK,B,1,35
5KRK,B,1,36
5KRK,B,1,118
5KRK,B,1,119
5KRK,B,1,120
5KRK,B,1,121
5KRK,B,1,164
5KRK,B,1,165
5KRK,B,1,166
5KRK,B,1,167
5KRK,B,1,168
5KRK,B,1,169
5KRK,B,1,170
5KRK,B,1,171
5KRK,B,1,233
5KRK,B,1,234
5KRK,B,1,235
5KRK,B,1,236
5KRK,B,1,237
5KRK,B,1,238
5KRK,B,1,251
5KRK,B,1,252
5KRK,B,1,253
5KRK,B,1,254
5KRK,B,1,255
5KRK,B,1,256
5KRK,B,1,257
5KRK,C,1,1
5KRK,C,1,12
5KRK,C,1,13
5KRK,C,1,14
5KRK,D,1,1
5KRK,D,1,2
5KRK,D,1,12
5KRK,D,1,13
5KRK,D,1,14
5KRL,A,1,1
5KRL,A,1,2
5KRL,A,1,3
5KRL,A,1,4
5KRL,A,1,5
5KRL,A,1,6
5KRL,A,1,7
5KRL,A,1,165
5KRL,A,1,166
5KRL,A,1,167
5KRL,A,1,168
5KRL,A,1,169
5KRL,A,1,170
5KRL,A,1,171
5KRL,A,1,172
5KRL,A,1,252
5KRL,A,1,253
5KRL,A,1,254
5KRL,A,1,255
5KRL,A,1,256
5KRL,A,1,257
5KRL,B,1,1
5KRL,B,1,2
5KRL,B,1,3
5KRL,B,1,4
5KRL,B,1,5
5KRL,B,1,6
5KRL,B,1,7
5KRL,B,1,34
5KRL,B,1,35
5KRL,B,1,36
5KRL,B,1,37
5KRL,B,1,38
5KRL,B,1,164
5KRL,B,1,165
5KRL,B,1,166
5KRL,B,1,167
5KRL,B,1,168
5KRL,B,1,169
5KRL,B,1,170
5KRL,B,1,171
5KRL,B,1,172
5KRL,B,1,173
5KRL,B,1,236
5KRL,B,1,252
5KRL,B,1,253
5KRL,B,1,254
5KRL,B,1,255
5KRL,B,1,256
5KRL,B,1,257
5KRL,C,1,1
5KRL,C,1,12
5KRL,C,1,13
5KRL,C,1,14
5KRL,D,1,1
5KRL,D,1,2
5KRL,D,1,12
5KRL,D,1,13
5KRL,D,1,14
5KRM,A,1,1
5KRM,A,1,2
5KRM,A,1,3
5KRM,A,1,4
5KRM,A,1,5
5KRM,A,1,6
5KRM,A,1,7
5KRM,A,1,165
5KRM,A,1,166
5KRM,A,1,167
5KRM,A,1,168
5KRM,A,1,169
5KRM,A,1,170
5KRM,A,1,171
5KRM,A,1,172
5KRM,A,1,253
5KRM,A,1,254
5KRM,A,1,255
5KRM,A,1,256
5KRM,A,1,257
5KRM,B,1,1
5KRM,B,1,2
5KRM,B,1,3
5KRM,B,1,4
5KRM,B,1,5
5KRM,B,1,6
5KRM,B,1,7
5KRM,B,1,37
5KRM,B,1,165
5KRM,B,1,166
5KRM,B,1,167
5KRM,B,1,168
5KRM,B,1,253
5KRM,B,1,254
5KRM,B,1,255
5KRM,B,1,256
5KRM,B,1,257
5KRM,C,1,1
5KRM,C,1,2
5KRM,C,1,12
5KRM,C,1,13
5KRM,C,1,14
5KRM,D,1,1
5KRM,D,1,2
5KRM,D,1,13
5KRM,D,1,14
5KRO,A,1,1
5KRO,A,1,2
5KRO,A,1,3
5KRO,A,1,4
5KRO,A,1,5
5KRO,A,1,6
5KRO,A,1,7
5KRO,A,1,8
5KRO,A,1,35
5KRO,A,1,36
5KRO,A,1,37
5KRO,A,1,164
5KRO,A,1,165
5KRO,A,1,166
5KRO,A,1,167
5KRO,A,1,168
5KRO,A,1,169
5KRO,A,1,170
5KRO,A,1,171
5KRO,A,1,172
5KRO,A,1,173
5KRO,A,1,174
5KRO,A,1,252
5KRO,A,1,253
5KRO,A,1,254
5KRO,A,1,255
5KRO,A,1,256
5KRO,A,1,257
5KRO,B,1,1
5KRO,B,1,2
5KRO,B,1,3
5KRO,B,1,4
5KRO,B,1,5
5KRO,B,1,6
5KRO,B,1,7
5KRO,B,1,8
5KRO,B,1,40
5KRO,B,1,118
5KRO,B,1,119
5KRO,B,1,120
5KRO,B,1,164
5KRO,B,1,165
5KRO,B,1,166
5KRO,B,1,167
5KRO,B,1,168
5KRO,B,1,169
5KRO,B,1,170
5KRO,B,1,171
5KRO,B,1,172
5KRO,B,1,237
5KRO,B,1,251
5KRO,B,1,252
5KRO,B,1,253
5KRO,B,1,254
5KRO,B,1,255
5KRO,B,1,256
5KRO,B,1,257
5KRO,C,1,1
5KRO,C,1,2
5KRO,C,1,12
5KRO,C,1,13
5KRO,C,1,14
5KRO,D,1,1
5KRO,D,1,2
5KRO,D,1,12
5KRO,D,1,13
5KRO,D,1,14
5KYA,A,1,1
5KYA,A,1,2
5KYA,A,1,3
5KYA,A,1,4
5KYA,A,1,5
5KYA,A,1,6
5KYA,A,1,7
5KYA,A,1,8
5KYA,A,1,9
5KYA,A,1,10
5KYA,A,1,11
5KYA,A,1,12
5KYA,A,1,13
5KYA,A,1,14
5KYA,A,1,15
5KYA,A,1,16
5KYA,A,1,17
5KYA,A,1,18
5KYA,A,1,19
5KYA,A,1,20
5KYA,A,1,21
5KYA,A,1,22
5KYA,A,1,23
5KYA,A,1,24
5KYA,A,1,62
5KYA,A,1,63
5KYA,A,1,64
5KYA,A,1,65
5KYA,A,1,66
5KYA,A,1,67
5KYA,A,1,266
5KYA,A,1,267
5KYA,A,1,268
5KYA,A,1,269
5KYA,A,1,270
5KYA,A,1,271
5KYA,A,1,272
5KYA,A,1,273
5KYA,A,1,274
5KYA,A,1,275
5KYA,A,1,285
5KYA,A,1,286
5KYA,A,1,287
5KYA,B,1,1
5KYA,B,1,2
5KYA,B,1,3
5KYA,B,1,4
5KYA,B,1,5
5KYA,B,1,22
5KYA,B,1,23
5KYA,B,1,24
5KYA,B,1,25
5KYA,B,1,26
5KYA,B,1,27
5KYA,B,1,28
5KYA,B,1,29
5KYA,B,1,30
5KYA,B,1,31
5KYA,B,1,32
5KYA,B,1,33
5KYA,B,1,34
5KYA,B,1,35
5KYA,B,1,36
5KYA,B,1,37
5KYA,B,1,38
5KYA,B,1,39
5KYA,B,1,40
5KYA,B,1,41
5KYA,B,1,42
5KYA,B,1,43
5KYA,B,1,224
5KYA,B,1,225
5KYA,B,1,226
5KYA,B,1,227
5KYA,B,1,238
5KYA,B,1,239
5KYA,B,1,240
5KYA,B,1,241
5KYA,B,1,242
5KYA,B,1,253
5KYA,B,1,254
5KYA,B,1,255
5KYA,B,1,256
5KYA,C,1,1
5KYA,C,1,2
5KYA,C,1,3
5KYA,C,1,4
5KYA,C,1,5
5KYA,C,1,6
5KYA,C,1,7
5KYA,C,1,8
5KYA,C,1,9
5KYA,C,1,10
5KYA,C,1,11
5KYA,C,1,12
5KYA,C,1,13
5KYA,C,1,14
5KYA,C,1,15
5KYA,C,1,16
5KYA,C,1,17
5KYA,C,1,18
5KYA,C,1,19
5KYA,C,1,20
5KYA,C,1,21
5KYA,C,1,22
5KYA,C,1,23
5KYA,C,1,24
5KYA,C,1,267
5KYA,C,1,268
5KYA,C,1,269
5KYA,C,1,270
5KYA,C,1,271
5KYA,C,1,272
5KYA,C,1,273
5KYA,C,1,274
5KYA,C,1,275
5KYA,C,1,285
5KYA,C,1,286
5KYA,C,1,287
5KYA,D,1,1
5KYA,D,1,2
5KYA,D,1,3
5KYA,D,1,4
5KYA,D,1,5
5KYA,D,1,22
5KYA,D,1,23
5KYA,D,1,24
5KYA,D,1,25
5KYA,D,1,26
5KYA,D,1,27
5KYA,D,1,28
5KYA,D,1,29
5KYA,D,1,30
5KYA,D,1,31
5KYA,D,1,32
5KYA,D,1,33
5KYA,D,1,34
5KYA,D,1,35
5KYA,D,1,36
5KYA,D,1,37
5KYA,D,1,38
5KYA,D,1,39
5KYA,D,1,40
5KYA,D,1,41
5KYA,D,1,42
5KYA,D,1,43
5KYA,D,1,224
5KYA,D,1,225
5KYA,D,1,226
5KYA,D,1,227
5KYA,D,1,238
5KYA,D,1,239
5KYA,D,1,240
5KYA,D,1,241
5KYA,D,1,253
5KYA,D,1,254
5KYA,D,1,255
5KYA,D,1,256
5KYJ,A,1,1
5KYJ,A,1,2
5KYJ,A,1,3
5KYJ,A,1,4
5KYJ,A,1,5
5KYJ,A,1,6
5KYJ,A,1,7
5KYJ,A,1,8
5KYJ,A,1,9
5KYJ,A,1,10
5KYJ,A,1,11
5KYJ,A,1,12
5KYJ,A,1,13
5KYJ,A,1,14
5KYJ,A,1,15
5KYJ,A,1,16
5KYJ,A,1,17
5KYJ,A,1,18
5KYJ,A,1,19
5KYJ,A,1,20
5KYJ,A,1,21
5KYJ,A,1,22
5KYJ,A,1,23
5KYJ,A,1,24
5KYJ,A,1,267
5KYJ,A,1,268
5KYJ,A,1,269
5KYJ,A,1,270
5KYJ,A,1,271
5KYJ,A,1,272
5KYJ,A,1,273
5KYJ,A,1,274
5KYJ,A,1,275
5KYJ,A,1,285
5KYJ,A,1,286
5KYJ,A,1,287
5KYJ,B,1,1
5KYJ,B,1,2
5KYJ,B,1,3
5KYJ,B,1,4
5KYJ,B,1,5
5KYJ,B,1,22
5KYJ,B,1,23
5KYJ,B,1,24
5KYJ,B,1,25
5KYJ,B,1,26
5KYJ,B,1,27
5KYJ,B,1,28
5KYJ,B,1,29
5KYJ,B,1,30
5KYJ,B,1,31
5KYJ,B,1,32
5KYJ,B,1,33
5KYJ,B,1,34
5KYJ,B,1,35
5KYJ,B,1,36
5KYJ,B,1,37
5KYJ,B,1,38
5KYJ,B,1,39
5KYJ,B,1,40
5KYJ,B,1,41
5KYJ,B,1,42
5KYJ,B,1,223
5KYJ,B,1,224
5KYJ,B,1,225
5KYJ,B,1,238
5KYJ,B,1,239
5KYJ,B,1,240
5KYJ,B,1,241
5KYJ,B,1,242
5KYJ,B,1,243
5KYJ,B,1,253
5KYJ,B,1,254
5KYJ,B,1,255
5KYJ,B,1,256
5KYJ,C,1,1
5KYJ,C,1,2
5KYJ,C,1,3
5KYJ,C,1,4
5KYJ,C,1,5
5KYJ,C,1,6
5KYJ,C,1,7
5KYJ,C,1,8
5KYJ,C,1,9
5KYJ,C,1,10
5KYJ,C,1,11
5KYJ,C,1,12
5KYJ,C,1,13
5KYJ,C,1,14
5KYJ,C,1,15
5KYJ,C,1,16
5KYJ,C,1,17
5KYJ,C,1,18
5KYJ,C,1,19
5KYJ,C,1,20
5KYJ,C,1,21
5KYJ,C,1,22
5KYJ,C,1,23
5KYJ,C,1,24
5KYJ,C,1,62
5KYJ,C,1,63
5KYJ,C,1,64
5KYJ,C,1,65
5KYJ,C,1,66
5KYJ,C,1,67
5KYJ,C,1,266
5KYJ,C,1,267
5KYJ,C,1,268
5KYJ,C,1,269
5KYJ,C,1,270
5KYJ,C,1,271
5KYJ,C,1,272
5KYJ,C,1,273
5KYJ,C,1,274
5KYJ,C,1,285
5KYJ,C,1,286
5KYJ,C,1,287
5KYJ,D,1,1
5KYJ,D,1,2
5KYJ,D,1,3
5KYJ,D,1,4
5KYJ,D,1,5
5KYJ,D,1,22
5KYJ,D,1,23
5KYJ,D,1,24
5KYJ,D,1,25
5KYJ,D,1,26
5KYJ,D,1,27
5KYJ,D,1,28
5KYJ,D,1,29
5KYJ,D,1,30
5KYJ,D,1,31
5KYJ,D,1,32
5KYJ,D,1,33
5KYJ,D,1,34
5KYJ,D,1,35
5KYJ,D,1,36
5KYJ,D,1,37
5KYJ,D,1,38
5KYJ,D,1,39
5KYJ,D,1,40
5KYJ,D,1,41
5KYJ,D,1,42
5KYJ,D,1,224
5KYJ,D,1,225
5KYJ,D,1,226
5KYJ,D,1,227
5KYJ,D,1,238
5KYJ,D,1,239
5KYJ,D,1,240
5KYJ,D,1,241
5KYJ,D,1,253
5KYJ,D,1,254
5KYJ,D,1,255
5KYJ,D,1,256
5L11,A,1,1
5L11,A,1,2
5L11,A,1,3
5L11,A,1,231
5L11,A,1,232
5L11,A,1,233
5L11,A,1,241
5L11,A,1,242
5L11,A,1,243
5L11,A,1,244
5L11,A,1,245
5L11,B,1,1
5L11,B,1,2
5L11,B,1,14
5L7E,A,1,1
5L7E,A,1,2
5L7E,A,1,3
5L7E,A,1,4
5L7E,A,1,5
5L7E,A,1,6
5L7E,A,1,7
5L7E,A,1,8
5L7E,A,1,9
5L7E,A,1,10
5L7E,A,1,11
5L7E,A,1,12
5L7E,A,1,13
5L7E,A,1,14
5L7E,A,1,15
5L7E,A,1,16
5L7E,A,1,17
5L7E,A,1,18
5L7E,A,1,19
5L7E,A,1,20
5L7E,A,1,21
5L7E,A,1,22
5L7E,A,1,23
5L7E,A,1,24
5L7E,A,1,199
5L7E,A,1,200
5L7E,A,1,201
5L7E,A,1,202
5L7E,A,1,203
5L7E,A,1,273
5L7E,A,1,274
5L7E,A,1,275
5L7E,A,1,276
5L7E,A,1,277
5L7E,A,1,278
5L7E,A,1,279
5L7E,A,1,280
5L7E,A,1,281
5L7E,A,1,282
5L7E,A,1,283
5L7E,A,1,284
5L7E,A,1,285
5L7E,A,1,286
5L7E,A,1,287
5L7E,A,1,288
5L7E,A,1,289
5L7E,A,1,290
5L7E,A,1,291
5L7E,A,1,292
5L7E,A,1,293
5L7E,A,1,294
5L7E,A,1,295
5L7E,A,1,296
5L7E,A,1,297
5L7E,A,1,298
5L7E,A,1,299
5L7E,A,1,300
5L7E,A,1,301
5L7E,A,1,302
5L7E,A,1,303
5L7E,A,1,304
5L7E,A,1,305
5L7G,A,1,1
5L7G,A,1,2
5L7G,A,1,3
5L7G,A,1,4
5L7G,A,1,5
5L7G,A,1,6
5L7G,A,1,7
5L7G,A,1,8
5L7G,A,1,9
5L7G,A,1,10
5L7G,A,1,11
5L7G,A,1,12
5L7G,A,1,13
5L7G,A,1,14
5L7G,A,1,15
5L7G,A,1,16
5L7G,A,1,17
5L7G,A,1,18
5L7G,A,1,19
5L7G,A,1,20
5L7G,A,1,21
5L7G,A,1,22
5L7G,A,1,23
5L7G,A,1,24
5L7G,A,1,201
5L7G,A,1,273
5L7G,A,1,274
5L7G,A,1,275
5L7G,A,1,276
5L7G,A,1,277
5L7G,A,1,278
5L7G,A,1,279
5L7G,A,1,280
5L7G,A,1,281
5L7G,A,1,282
5L7G,A,1,283
5L7G,A,1,284
5L7G,A,1,285
5L7G,A,1,286
5L7G,A,1,287
5L7G,A,1,288
5L7G,A,1,289
5L7G,A,1,290
5L7G,A,1,291
5L7G,A,1,292
5L7G,A,1,293
5L7G,A,1,294
5L7G,A,1,295
5L7G,A,1,296
5L7G,A,1,297
5L7G,A,1,298
5L7G,A,1,299
5L7G,A,1,300
5L7G,A,1,301
5L7G,A,1,302
5L7G,A,1,303
5L7G,A,1,304
5L7G,A,1,305
5L7H,A,1,1
5L7H,A,1,2
5L7H,A,1,3
5L7H,A,1,4
5L7H,A,1,5
5L7H,A,1,6
5L7H,A,1,7
5L7H,A,1,8
5L7H,A,1,9
5L7H,A,1,10
5L7H,A,1,11
5L7H,A,1,12
5L7H,A,1,13
5L7H,A,1,14
5L7H,A,1,15
5L7H,A,1,16
5L7H,A,1,17
5L7H,A,1,18
5L7H,A,1,21
5L7H,A,1,22
5L7H,A,1,23
5L7H,A,1,24
5L7H,A,1,201
5L7H,A,1,273
5L7H,A,1,274
5L7H,A,1,275
5L7H,A,1,276
5L7H,A,1,277
5L7H,A,1,278
5L7H,A,1,279
5L7H,A,1,280
5L7H,A,1,281
5L7H,A,1,282
5L7H,A,1,283
5L7H,A,1,284
5L7H,A,1,285
5L7H,A,1,286
5L7H,A,1,287
5L7H,A,1,288
5L7H,A,1,289
5L7H,A,1,290
5L7H,A,1,291
5L7H,A,1,292
5L7H,A,1,293
5L7H,A,1,294
5L7H,A,1,295
5L7H,A,1,296
5L7H,A,1,297
5L7H,A,1,298
5L7H,A,1,299
5L7H,A,1,300
5L7H,A,1,301
5L7H,A,1,302
5L7H,A,1,303
5L7H,A,1,304
5L7H,A,1,305
5LSG,A,1,1
5LSG,A,1,2
5LSG,A,1,3
5LSG,A,1,4
5LSG,A,1,5
5LSG,A,1,6
5LSG,A,1,7
5LSG,A,1,8
5LSG,A,1,9
5LSG,A,1,10
5LSG,A,1,11
5LSG,A,1,12
5LSG,A,1,13
5LSG,A,1,14
5LSG,A,1,15
5LSG,A,1,16
5LSG,A,1,17
5LSG,A,1,18
5LSG,A,1,19
5LSG,A,1,20
5LSG,A,1,21
5LSG,A,1,22
5LSG,A,1,23
5LSG,A,1,24
5LSG,A,1,25
5LSG,A,1,26
5LSG,A,1,27
5LSG,A,1,28
5LSG,A,1,29
5LSG,A,1,30
5LSG,A,1,31
5LSG,A,1,32
5LSG,A,1,33
5LSG,A,1,91
5LSG,A,1,92
5LSG,A,1,93
5LSG,A,1,94
5LSG,A,1,95
5LSG,A,1,96
5LSG,A,1,97
5LSG,A,1,98
5LSG,A,1,99
5LSG,A,1,100
5LSG,A,1,101
5LSG,A,1,102
5LSG,A,1,302
5LSG,A,1,303
5LSG,A,1,304
5LSG,B,1,1
5LSG,B,1,2
5LSG,B,1,3
5LSG,B,1,4
5LSG,B,1,5
5LSG,B,1,6
5LSG,B,1,7
5LSG,B,1,8
5LSG,B,1,9
5LSG,B,1,10
5LSG,B,1,11
5LSG,B,1,12
5LSG,B,1,13
5LSG,B,1,14
5LSG,B,1,15
5LSG,B,1,16
5LSG,B,1,17
5LSG,B,1,18
5LSG,B,1,19
5LSG,B,1,20
5LSG,B,1,21
5LSG,B,1,22
5LSG,B,1,23
5LSG,B,1,24
5LSG,B,1,25
5LSG,B,1,26
5LSG,B,1,27
5LSG,B,1,28
5LSG,B,1,29
5LSG,B,1,30
5LSG,B,1,31
5LSG,B,1,32
5LSG,B,1,33
5LSG,B,1,96
5LSG,B,1,97
5LSG,B,1,98
5LSG,B,1,99
5LSG,B,1,100
5LSG,B,1,101
5LSG,B,1,102
5LSG,B,1,301
5LSG,B,1,302
5LSG,B,1,303
5LSG,B,1,304
5LYQ,A,1,1
5LYQ,A,1,2
5LYQ,A,1,3
5LYQ,A,1,4
5LYQ,A,1,5
5LYQ,A,1,6
5LYQ,A,1,23
5LYQ,A,1,24
5LYQ,A,1,25
5LYQ,A,1,26
5LYQ,A,1,27
5LYQ,A,1,28
5LYQ,A,1,29
5LYQ,A,1,30
5LYQ,A,1,31
5LYQ,A,1,32
5LYQ,A,1,33
5LYQ,A,1,34
5LYQ,A,1,35
5LYQ,A,1,36
5LYQ,A,1,37
5LYQ,A,1,38
5LYQ,A,1,39
5LYQ,A,1,40
5LYQ,A,1,237
5LYQ,A,1,238
5LYQ,A,1,239
5LYQ,A,1,240
5LYQ,B,1,1
5LYQ,B,1,12
5LYQ,B,1,13
5M24,A,1,1
5M24,A,1,2
5M24,A,1,3
5M24,A,1,4
5M24,A,1,5
5M24,A,1,6
5M24,A,1,7
5M24,A,1,8
5M24,A,1,245
5M24,A,1,246
5M24,A,1,247
5M24,A,1,248
5M24,A,1,249
5M24,A,1,250
5M96,A,1,1
5M96,A,1,2
5M96,A,1,3
5M96,A,1,229
5M96,A,1,230
5M96,B,1,1
5M96,B,1,2
5M96,B,1,3
5M96,B,1,227
5M96,B,1,228
5M96,B,1,229
5M96,B,1,230
5MJ5,A,1,17
5MJ5,A,1,18
5MJ5,A,1,19
5MJ5,A,1,20
5MJ5,A,1,21
5MJ5,A,1,22
5MJ5,A,1,23
5MJ5,A,1,24
5MJ5,A,1,25
5MJ5,A,1,26
5MJ5,A,1,27
5MJ5,A,1,28
5MJ5,A,1,29
5MJ5,A,1,30
5MJ5,A,1,31
5MJ5,A,1,32
5MJ5,B,1,13
5MK4,A,1,16
5MK4,A,1,17
5MK4,A,1,18
5MK4,A,1,19
5MK4,A,1,20
5MK4,A,1,21
5MK4,A,1,22
5MK4,A,1,23
5MK4,A,1,24
5MK4,A,1,25
5MK4,A,1,26
5MK4,A,1,27
5MK4,A,1,28
5MK4,A,1,29
5MK4,A,1,30
5MK4,B,1,11
5MK4,C,1,17
5MK4,C,1,18
5MK4,C,1,19
5MK4,C,1,20
5MK4,C,1,21
5MK4,C,1,22
5MK4,C,1,23
5MK4,C,1,24
5MK4,C,1,25
5MK4,C,1,26
5MK4,C,1,27
5MK4,C,1,28
5MK4,C,1,29
5MK4,C,1,30
5MKJ,A,1,16
5MKJ,A,1,17
5MKJ,A,1,18
5MKJ,A,1,19
5MKJ,A,1,20
5MKJ,A,1,21
5MKJ,A,1,22
5MKJ,A,1,23
5MKJ,A,1,24
5MKJ,A,1,25
5MKJ,A,1,26
5MKJ,A,1,27
5MKJ,A,1,28
5MKJ,A,1,29
5MKJ,A,1,30
5MKJ,A,1,31
5MKJ,A,1,32
5MKJ,A,1,33
5MKJ,A,1,34
5MKU,A,1,15
5MKU,A,1,16
5MKU,A,1,17
5MKU,A,1,18
5MKU,A,1,19
5MKU,A,1,20
5MKU,A,1,21
5MKU,A,1,22
5MKU,A,1,23
5MKU,A,1,24
5MKU,A,1,25
5MKU,A,1,26
5MKU,A,1,27
5MKU,A,1,28
5MKU,A,1,29
5MKU,A,1,30
5MKU,A,1,31
5MKU,A,1,32
5MKU,A,1,33
5MKU,A,1,34
5MMW,A,1,17
5MMW,A,1,18
5MMW,A,1,19
5MMW,A,1,20
5MMW,A,1,21
5MMW,A,1,22
5MMW,A,1,23
5MMW,A,1,24
5MMW,A,1,25
5MMW,A,1,26
5MMW,A,1,27
5MMW,A,1,28
5MMW,A,1,29
5MMW,A,1,30
5MMW,A,1,31
5MMW,A,1,32
5MMW,A,1,33
5MWP,A,1,1
5MWP,A,1,2
5MWP,A,1,3
5MWP,A,1,4
5MWP,A,1,5
5MWP,A,1,6
5MWP,A,1,7
5MWP,A,1,8
5MWP,A,1,9
5MWP,A,1,10
5MWP,A,1,11
5MWP,A,1,12
5MWP,A,1,13
5MWP,A,1,14
5MWP,A,1,15
5MWP,A,1,16
5MWP,A,1,17
5MWP,A,1,18
5MWP,A,1,21
5MWP,A,1,22
5MWP,A,1,23
5MWP,A,1,24
5MWP,A,1,198
5MWP,A,1,199
5MWP,A,1,200
5MWP,A,1,201
5MWP,A,1,202
5MWP,A,1,203
5MWP,A,1,204
5MWP,A,1,273
5MWP,A,1,274
5MWP,A,1,275
5MWP,A,1,276
5MWP,A,1,277
5MWP,A,1,278
5MWP,A,1,279
5MWP,A,1,280
5MWP,A,1,281
5MWP,A,1,282
5MWP,A,1,283
5MWP,A,1,284
5MWP,A,1,285
5MWP,A,1,286
5MWP,A,1,287
5MWP,A,1,288
5MWP,A,1,289
5MWP,A,1,290
5MWP,A,1,291
5MWP,A,1,292
5MWP,A,1,293
5MWP,A,1,294
5MWP,A,1,295
5MWP,A,1,296
5MWP,A,1,297
5MWP,A,1,298
5MWP,A,1,299
5MWP,A,1,300
5MWP,A,1,301
5MWP,A,1,302
5MWP,A,1,303
5MWP,A,1,304
5MWP,A,1,305
5MWP,B,1,1
5MWP,B,1,2
5MWP,B,1,3
5MWP,B,1,4
5MWP,B,1,5
5MWY,A,1,1
5MWY,A,1,2
5MWY,A,1,3
5MWY,A,1,4
5MWY,A,1,5
5MWY,A,1,6
5MWY,A,1,7
5MWY,A,1,8
5MWY,A,1,9
5MWY,A,1,10
5MWY,A,1,11
5MWY,A,1,12
5MWY,A,1,13
5MWY,A,1,14
5MWY,A,1,15
5MWY,A,1,16
5MWY,A,1,17
5MWY,A,1,18
5MWY,A,1,21
5MWY,A,1,22
5MWY,A,1,23
5MWY,A,1,24
5MWY,A,1,197
5MWY,A,1,198
5MWY,A,1,199
5MWY,A,1,200
5MWY,A,1,201
5MWY,A,1,202
5MWY,A,1,273
5MWY,A,1,274
5MWY,A,1,275
5MWY,A,1,276
5MWY,A,1,277
5MWY,A,1,278
5MWY,A,1,279
5MWY,A,1,280
5MWY,A,1,281
5MWY,A,1,282
5MWY,A,1,283
5MWY,A,1,284
5MWY,A,1,285
5MWY,A,1,286
5MWY,A,1,287
5MWY,A,1,288
5MWY,A,1,289
5MWY,A,1,290
5MWY,A,1,291
5MWY,A,1,292
5MWY,A,1,293
5MWY,A,1,294
5MWY,A,1,295
5MWY,A,1,296
5MWY,A,1,297
5MWY,A,1,298
5MWY,A,1,299
5MWY,A,1,300
5MWY,A,1,301
5MWY,A,1,302
5MWY,A,1,303
5MWY,A,1,304
5MWY,A,1,305
5MWY,B,1,1
5MWY,B,1,2
5MWY,B,1,3
5MWY,B,1,4
5MWY,B,1,5
5NFP,A,1,1
5NFP,A,1,2
5NFP,A,1,3
5NFP,A,1,4
5NFP,A,1,5
5NFP,A,1,6
5NFP,A,1,7
5NFP,A,1,8
5NFP,A,1,9
5NFP,A,1,10
5NFP,A,1,11
5NFP,A,1,12
5NFP,A,1,13
5NFP,A,1,14
5NFP,A,1,15
5NFP,A,1,16
5NFP,A,1,17
5NFP,A,1,18
5NFP,A,1,19
5NFP,A,1,20
5NFP,A,1,21
5NFP,A,1,22
5NFP,A,1,23
5NFP,A,1,24
5NFP,A,1,25
5NFP,A,1,26
5NFP,A,1,27
5NFP,A,1,28
5NFP,A,1,29
5NFP,A,1,30
5NFP,A,1,31
5NFP,A,1,32
5NFP,A,1,280
5NFP,B,1,1
5NFT,A,1,1
5NFT,A,1,2
5NFT,A,1,3
5NFT,A,1,4
5NFT,A,1,5
5NFT,A,1,6
5NFT,A,1,7
5NFT,A,1,8
5NFT,A,1,9
5NFT,A,1,10
5NFT,A,1,11
5NFT,A,1,12
5NFT,A,1,13
5NFT,A,1,14
5NFT,A,1,15
5NFT,A,1,16
5NFT,A,1,17
5NFT,A,1,18
5NFT,A,1,19
5NFT,A,1,20
5NFT,A,1,21
5NFT,A,1,22
5NFT,A,1,23
5NFT,A,1,24
5NFT,A,1,25
5NFT,A,1,26
5NFT,A,1,27
5NFT,A,1,28
5NFT,A,1,29
5NFT,A,1,30
5NFT,A,1,31
5NFT,A,1,280
5NFT,B,1,1
5NI5,A,1,1
5NI5,A,1,2
5NI5,A,1,3
5NI5,A,1,4
5NI5,A,1,5
5NI5,A,1,6
5NI5,A,1,7
5NI5,A,1,8
5NI5,A,1,9
5NI5,A,1,10
5NI5,A,1,11
5NI5,A,1,12
5NI5,A,1,13
5NI5,A,1,14
5NI5,A,1,15
5NI5,A,1,266
5NI5,A,1,267
5NI5,A,1,268
5NI5,A,1,269
5NI5,A,1,270
5NI5,A,1,271
5NI5,A,1,272
5NI5,A,1,273
5NI5,A,1,274
5NI5,A,1,275
5NI5,A,1,276
5NI5,A,1,277
5NI5,A,1,278
5NI5,A,1,279
5NI5,A,1,280
5NI5,A,1,281
5NI5,A,1,282
5NI5,A,1,283
5NI5,A,1,284
5NI5,A,1,285
5NI5,A,1,286
5NI5,A,1,287
5NI5,A,1,288
5NI5,B,1,1
5NI5,B,1,2
5NI5,B,1,15
5NI7,A,1,1
5NI7,A,1,2
5NI7,A,1,3
5NI7,A,1,4
5NI7,A,1,5
5NI7,A,1,6
5NI7,A,1,7
5NI7,A,1,8
5NI7,A,1,9
5NI7,A,1,10
5NI7,A,1,11
5NI7,A,1,12
5NI7,A,1,13
5NI7,A,1,14
5NI7,A,1,15
5NI7,A,1,268
5NI7,A,1,269
5NI7,A,1,270
5NI7,A,1,271
5NI7,A,1,272
5NI7,A,1,273
5NI7,A,1,274
5NI7,A,1,275
5NI7,A,1,276
5NI7,A,1,277
5NI7,A,1,278
5NI7,A,1,279
5NI7,A,1,280
5NI7,A,1,281
5NI7,A,1,282
5NI7,A,1,283
5NI7,A,1,284
5NI7,A,1,285
5NI7,A,1,286
5NI7,A,1,287
5NI7,A,1,288
5NI7,B,1,1
5NI7,B,1,2
5NI7,B,1,15
5NI8,A,1,1
5NI8,A,1,2
5NI8,A,1,3
5NI8,A,1,4
5NI8,A,1,5
5NI8,A,1,6
5NI8,A,1,7
5NI8,A,1,8
5NI8,A,1,9
5NI8,A,1,10
5NI8,A,1,11
5NI8,A,1,12
5NI8,A,1,13
5NI8,A,1,14
5NI8,A,1,15
5NI8,A,1,268
5NI8,A,1,269
5NI8,A,1,270
5NI8,A,1,271
5NI8,A,1,272
5NI8,A,1,273
5NI8,A,1,274
5NI8,A,1,275
5NI8,A,1,276
5NI8,A,1,277
5NI8,A,1,278
5NI8,A,1,279
5NI8,A,1,280
5NI8,A,1,281
5NI8,A,1,282
5NI8,A,1,283
5NI8,A,1,284
5NI8,A,1,285
5NI8,A,1,286
5NI8,A,1,287
5NI8,A,1,288
5NI8,B,1,1
5NI8,B,1,2
5NI8,B,1,3
5NI8,B,1,4
5NI8,B,1,15
5NIB,A,1,1
5NIB,A,1,2
5NIB,A,1,3
5NIB,A,1,4
5NIB,A,1,5
5NIB,A,1,6
5NIB,A,1,7
5NIB,A,1,8
5NIB,A,1,9
5NIB,A,1,10
5NIB,A,1,11
5NIB,A,1,12
5NIB,A,1,13
5NIB,A,1,14
5NIB,A,1,15
5NIB,A,1,268
5NIB,A,1,269
5NIB,A,1,270
5NIB,A,1,271
5NIB,A,1,272
5NIB,A,1,273
5NIB,A,1,274
5NIB,A,1,275
5NIB,A,1,276
5NIB,A,1,277
5NIB,A,1,278
5NIB,A,1,279
5NIB,A,1,280
5NIB,A,1,281
5NIB,A,1,282
5NIB,A,1,283
5NIB,A,1,284
5NIB,A,1,285
5NIB,A,1,286
5NIB,A,1,287
5NIB,A,1,288
5NIB,B,1,1
5NIB,B,1,2
5NIB,B,1,3
5NIB,B,1,4
5NIB,B,1,15
5NTI,A,1,1
5NTI,A,1,2
5NTI,A,1,248
5NTI,A,1,249
5NTI,A,1,250
5NTI,A,1,251
5NTI,A,1,252
5NTI,A,1,253
5NTI,A,1,254
5NTI,A,1,255
5NTI,A,1,256
5NTI,A,1,257
5NTI,B,1,1
5NTI,B,1,2
5NTI,B,1,247
5NTI,B,1,248
5NTI,B,1,249
5NTI,B,1,250
5NTI,B,1,251
5NTI,B,1,252
5NTI,B,1,253
5NTI,B,1,254
5NTI,B,1,255
5NTI,B,1,256
5NTI,B,1,257
5NTI,C,1,1
5NTI,C,1,2
5NTI,C,1,248
5NTI,C,1,249
5NTI,C,1,250
5NTI,C,1,251
5NTI,C,1,252
5NTI,C,1,253
5NTI,C,1,254
5NTI,C,1,255
5NTI,C,1,256
5NTI,C,1,257
5NTI,D,1,1
5NTI,D,1,2
5NTI,D,1,247
5NTI,D,1,248
5NTI,D,1,249
5NTI,D,1,250
5NTI,D,1,251
5NTI,D,1,252
5NTI,D,1,253
5NTI,D,1,254
5NTI,D,1,255
5NTI,D,1,256
5NTI,D,1,257
5NTI,E,1,1
5NTI,E,1,2
5NTI,E,1,3
5NTI,E,1,4
5NTI,E,1,5
5NTI,E,1,6
5NTI,E,1,15
5NTI,E,1,16
5NTI,E,1,17
5NTI,E,1,18
5NTI,E,1,19
5NTI,E,1,20
5NTI,F,1,1
5NTI,F,1,2
5NTI,F,1,3
5NTI,F,1,4
5NTI,F,1,5
5NTI,F,1,6
5NTI,F,1,15
5NTI,F,1,16
5NTI,F,1,17
5NTI,F,1,18
5NTI,F,1,19
5NTI,F,1,20
5NTI,G,1,1
5NTI,G,1,2
5NTI,G,1,3
5NTI,G,1,4
5NTI,G,1,5
5NTI,G,1,6
5NTI,G,1,15
5NTI,G,1,16
5NTI,G,1,17
5NTI,G,1,18
5NTI,G,1,19
5NTI,G,1,20
5NTI,H,1,1
5NTI,H,1,2
5NTI,H,1,3
5NTI,H,1,4
5NTI,H,1,5
5NTI,H,1,6
5NTI,H,1,16
5NTI,H,1,17
5NTI,H,1,18
5NTI,H,1,19
5NTI,H,1,20
5NTK,A,1,1
5NTK,A,1,2
5NTK,A,1,3
5NTK,A,1,229
5NTK,A,1,230
5NTK,B,1,1
5NTK,B,1,2
5NTK,B,1,3
5NTK,B,1,229
5NTK,B,1,230
5NTN,A,1,1
5NTN,A,1,2
5NTN,A,1,248
5NTN,A,1,249
5NTN,A,1,250
5NTN,A,1,251
5NTN,A,1,252
5NTN,A,1,253
5NTN,A,1,254
5NTN,A,1,255
5NTN,A,1,256
5NTN,A,1,257
5NTN,B,1,1
5NTN,B,1,2
5NTN,B,1,247
5NTN,B,1,248
5NTN,B,1,249
5NTN,B,1,250
5NTN,B,1,251
5NTN,B,1,252
5NTN,B,1,253
5NTN,B,1,254
5NTN,B,1,255
5NTN,B,1,256
5NTN,B,1,257
5NTN,C,1,1
5NTN,C,1,2
5NTN,C,1,248
5NTN,C,1,249
5NTN,C,1,250
5NTN,C,1,251
5NTN,C,1,252
5NTN,C,1,253
5NTN,C,1,254
5NTN,C,1,255
5NTN,C,1,256
5NTN,C,1,257
5NTN,D,1,1
5NTN,D,1,2
5NTN,D,1,247
5NTN,D,1,248
5NTN,D,1,249
5NTN,D,1,250
5NTN,D,1,251
5NTN,D,1,252
5NTN,D,1,253
5NTN,D,1,254
5NTN,D,1,255
5NTN,D,1,256
5NTN,D,1,257
5NTN,E,1,1
5NTN,E,1,2
5NTN,E,1,3
5NTN,E,1,4
5NTN,E,1,5
5NTN,E,1,6
5NTN,E,1,15
5NTN,E,1,16
5NTN,E,1,17
5NTN,E,1,18
5NTN,E,1,19
5NTN,E,1,20
5NTN,F,1,1
5NTN,F,1,2
5NTN,F,1,3
5NTN,F,1,4
5NTN,F,1,5
5NTN,F,1,6
5NTN,F,1,15
5NTN,F,1,16
5NTN,F,1,17
5NTN,F,1,18
5NTN,F,1,19
5NTN,F,1,20
5NTN,G,1,1
5NTN,G,1,2
5NTN,G,1,3
5NTN,G,1,4
5NTN,G,1,5
5NTN,G,1,6
5NTN,G,1,15
5NTN,G,1,16
5NTN,G,1,17
5NTN,G,1,18
5NTN,G,1,19
5NTN,G,1,20
5NTN,H,1,1
5NTN,H,1,2
5NTN,H,1,3
5NTN,H,1,4
5NTN,H,1,5
5NTN,H,1,6
5NTN,H,1,16
5NTN,H,1,17
5NTN,H,1,18
5NTN,H,1,19
5NTN,H,1,20
5NTP,A,1,1
5NTP,A,1,232
5NTP,A,1,233
5NTP,A,1,234
5NTP,A,1,235
5NTP,A,1,236
5NTP,A,1,237
5NTP,A,1,238
5NTQ,A,1,1
5NTQ,A,1,2
5NTQ,A,1,3
5NTQ,A,1,238
5NTQ,B,1,1
5NTQ,B,1,2
5NTQ,B,1,3
5NTQ,B,1,227
5NTQ,B,1,228
5NTQ,B,1,229
5NTQ,B,1,230
5NTQ,B,1,231
5NTQ,B,1,232
5NTQ,B,1,233
5NTQ,B,1,234
5NTQ,B,1,235
5NTQ,B,1,236
5NTQ,B,1,237
5NTQ,B,1,238
5NTW,A,1,1
5NTW,A,1,2
5NTW,A,1,248
5NTW,A,1,249
5NTW,A,1,250
5NTW,A,1,251
5NTW,A,1,252
5NTW,A,1,253
5NTW,A,1,254
5NTW,A,1,255
5NTW,A,1,256
5NTW,A,1,257
5NTW,B,1,1
5NTW,B,1,2
5NTW,B,1,248
5NTW,B,1,249
5NTW,B,1,250
5NTW,B,1,251
5NTW,B,1,252
5NTW,B,1,253
5NTW,B,1,254
5NTW,B,1,255
5NTW,B,1,256
5NTW,B,1,257
5NTW,C,1,1
5NTW,C,1,2
5NTW,C,1,248
5NTW,C,1,249
5NTW,C,1,250
5NTW,C,1,251
5NTW,C,1,252
5NTW,C,1,253
5NTW,C,1,254
5NTW,C,1,255
5NTW,C,1,256
5NTW,C,1,257
5NTW,D,1,1
5NTW,D,1,2
5NTW,D,1,248
5NTW,D,1,249
5NTW,D,1,250
5NTW,D,1,251
5NTW,D,1,252
5NTW,D,1,253
5NTW,D,1,254
5NTW,D,1,255
5NTW,D,1,256
5NTW,D,1,257
5NTW,E,1,1
5NTW,E,1,2
5NTW,E,1,3
5NTW,E,1,4
5NTW,E,1,5
5NTW,E,1,6
5NTW,E,1,16
5NTW,E,1,17
5NTW,E,1,18
5NTW,E,1,19
5NTW,E,1,20
5NTW,F,1,1
5NTW,F,1,2
5NTW,F,1,3
5NTW,F,1,4
5NTW,F,1,5
5NTW,F,1,6
5NTW,F,1,17
5NTW,F,1,18
5NTW,F,1,19
5NTW,F,1,20
5NTW,G,1,1
5NTW,G,1,2
5NTW,G,1,3
5NTW,G,1,4
5NTW,G,1,5
5NTW,G,1,6
5NTW,G,1,16
5NTW,G,1,17
5NTW,G,1,18
5NTW,G,1,19
5NTW,G,1,20
5NTW,H,1,1
5NTW,H,1,2
5NTW,H,1,3
5NTW,H,1,4
5NTW,H,1,5
5NTW,H,1,6
5NTW,H,1,16
5NTW,H,1,17
5NTW,H,1,18
5NTW,H,1,19
5NTW,H,1,20
5NU1,A,1,1
5NU1,A,1,2
5NU1,A,1,248
5NU1,A,1,249
5NU1,A,1,250
5NU1,A,1,251
5NU1,A,1,252
5NU1,A,1,253
5NU1,A,1,254
5NU1,A,1,255
5NU1,A,1,256
5NU1,A,1,257
5NU1,B,1,1
5NU1,B,1,2
5NU1,B,1,248
5NU1,B,1,249
5NU1,B,1,250
5NU1,B,1,251
5NU1,B,1,252
5NU1,B,1,253
5NU1,B,1,254
5NU1,B,1,255
5NU1,B,1,256
5NU1,B,1,257
5NU1,C,1,1
5NU1,C,1,2
5NU1,C,1,3
5NU1,C,1,4
5NU1,C,1,5
5NU1,C,1,6
5NU1,C,1,15
5NU1,C,1,16
5NU1,C,1,17
5NU1,C,1,18
5NU1,C,1,19
5NU1,C,1,20
5NU1,D,1,1
5NU1,D,1,2
5NU1,D,1,3
5NU1,D,1,4
5NU1,D,1,5
5NU1,D,1,6
5NU1,D,1,16
5NU1,D,1,17
5NU1,D,1,18
5NU1,D,1,19
5NU1,D,1,20
5Q0I,A,1,1
5Q0I,A,1,2
5Q0I,A,1,3
5Q0I,A,1,219
5Q0I,A,1,220
5Q0I,A,1,233
5Q0J,A,1,1
5Q0J,A,1,2
5Q0J,A,1,3
5Q0J,B,1,1
5Q0J,B,1,13
5Q0J,B,1,14
5Q0J,C,1,1
5Q0J,C,1,2
5Q0J,C,1,3
5Q0J,D,1,1
5Q0J,D,1,2
5Q0J,D,1,13
5Q0J,D,1,14
5Q0K,A,1,1
5Q0K,A,1,2
5Q0K,A,1,3
5Q0K,A,1,217
5Q0K,A,1,218
5Q0K,A,1,219
5Q0K,A,1,220
5Q0K,A,1,232
5Q0K,A,1,233
5Q0K,B,1,14
5Q0L,A,1,1
5Q0L,A,1,2
5Q0L,A,1,3
5Q0L,B,1,1
5Q0L,B,1,13
5Q0L,B,1,14
5Q0L,C,1,1
5Q0L,C,1,2
5Q0L,C,1,3
5Q0L,C,1,233
5Q0L,D,1,1
5Q0L,D,1,14
5Q0M,A,1,1
5Q0M,A,1,2
5Q0M,A,1,3
5Q0M,A,1,216
5Q0M,A,1,217
5Q0M,A,1,218
5Q0M,A,1,219
5Q0M,A,1,220
5Q0M,A,1,232
5Q0M,A,1,233
5Q0M,B,1,1
5Q0M,B,1,2
5Q0M,B,1,13
5Q0M,B,1,14
5Q0N,A,1,1
5Q0N,A,1,2
5Q0N,A,1,3
5Q0N,A,1,233
5Q0N,B,1,1
5Q0N,B,1,13
5Q0N,B,1,14
5Q0N,C,1,1
5Q0N,C,1,2
5Q0N,C,1,3
5Q0N,C,1,232
5Q0N,C,1,233
5Q0N,D,1,1
5Q0N,D,1,2
5Q0N,D,1,14
5Q0O,A,1,1
5Q0O,A,1,2
5Q0O,A,1,3
5Q0O,B,1,1
5Q0O,B,1,14
5Q0O,C,1,233
5Q0O,D,1,1
5Q0O,D,1,2
5Q0O,D,1,14
5Q0P,A,1,1
5Q0P,A,1,2
5Q0P,A,1,3
5Q0P,B,1,1
5Q0P,B,1,14
5Q0P,C,1,1
5Q0P,C,1,2
5Q0P,C,1,3
5Q0Q,A,1,1
5Q0Q,A,1,2
5Q0Q,A,1,3
5Q0Q,A,1,215
5Q0Q,A,1,216
5Q0Q,A,1,217
5Q0Q,A,1,218
5Q0Q,A,1,219
5Q0Q,A,1,220
5Q0Q,A,1,221
5Q0Q,A,1,232
5Q0Q,A,1,233
5Q0Q,B,1,1
5Q0Q,B,1,2
5Q0Q,B,1,3
5Q0Q,B,1,13
5Q0Q,B,1,14
5Q0Q,C,1,1
5Q0Q,C,1,2
5Q0Q,C,1,3
5Q0Q,C,1,215
5Q0Q,C,1,216
5Q0Q,C,1,217
5Q0Q,C,1,218
5Q0Q,C,1,219
5Q0Q,C,1,232
5Q0Q,C,1,233
5Q0Q,D,1,13
5Q0Q,D,1,14
5Q0R,A,1,1
5Q0R,A,1,2
5Q0R,A,1,3
5Q0R,A,1,216
5Q0R,A,1,217
5Q0R,A,1,218
5Q0R,A,1,219
5Q0R,A,1,232
5Q0R,A,1,233
5Q0R,B,1,1
5Q0R,B,1,14
5Q0S,A,1,1
5Q0S,A,1,2
5Q0S,A,1,3
5Q0S,B,1,1
5Q0S,B,1,13
5Q0S,B,1,14
5Q0S,C,1,1
5Q0S,C,1,2
5Q0S,C,1,3
5Q0S,D,1,1
5Q0S,D,1,2
5Q0S,D,1,13
5Q0S,D,1,14
5Q0T,A,1,1
5Q0T,A,1,2
5Q0T,A,1,3
5Q0T,A,1,213
5Q0T,A,1,214
5Q0T,A,1,215
5Q0T,A,1,216
5Q0T,A,1,217
5Q0T,A,1,218
5Q0T,A,1,219
5Q0T,A,1,233
5Q0T,B,1,1
5Q0T,B,1,13
5Q0T,B,1,14
5Q0U,A,1,1
5Q0U,A,1,2
5Q0U,A,1,3
5Q0U,B,1,1
5Q0U,B,1,14
5Q0U,C,1,1
5Q0U,C,1,2
5Q0U,C,1,3
5Q0U,D,1,1
5Q0U,D,1,2
5Q0U,D,1,14
5Q0V,A,1,1
5Q0V,A,1,2
5Q0V,A,1,3
5Q0V,B,1,14
5Q0V,C,1,1
5Q0V,C,1,2
5Q0V,C,1,3
5Q0V,D,1,1
5Q0V,D,1,2
5Q0V,D,1,14
5Q0W,A,1,1
5Q0W,A,1,2
5Q0W,A,1,3
5Q0W,A,1,232
5Q0W,A,1,233
5Q0W,B,1,1
5Q0W,B,1,14
5Q0X,A,1,1
5Q0X,A,1,2
5Q0X,A,1,3
5Q0X,A,1,100
5Q0X,A,1,101
5Q0X,A,1,102
5Q0X,A,1,103
5Q0X,A,1,104
5Q0X,A,1,218
5Q0X,A,1,219
5Q0X,A,1,233
5Q0X,B,1,14
5Q0Y,A,1,1
5Q0Y,A,1,2
5Q0Y,A,1,3
5Q0Y,B,1,1
5Q0Y,B,1,13
5Q0Y,B,1,14
5Q0Y,C,1,1
5Q0Y,C,1,2
5Q0Y,C,1,3
5Q0Y,D,1,1
5Q0Y,D,1,2
5Q0Y,D,1,14
5Q0Z,A,1,1
5Q0Z,A,1,2
5Q0Z,A,1,3
5Q0Z,B,1,1
5Q0Z,B,1,13
5Q0Z,B,1,14
5Q0Z,C,1,1
5Q0Z,C,1,2
5Q0Z,C,1,3
5Q0Z,D,1,1
5Q0Z,D,1,13
5Q0Z,D,1,14
5Q10,A,1,1
5Q10,A,1,2
5Q10,A,1,3
5Q10,A,1,231
5Q10,A,1,232
5Q10,A,1,233
5Q10,B,1,1
5Q10,B,1,2
5Q10,B,1,13
5Q10,B,1,14
5Q11,A,1,1
5Q11,A,1,2
5Q11,A,1,3
5Q11,A,1,186
5Q11,A,1,215
5Q11,A,1,216
5Q11,A,1,217
5Q11,A,1,218
5Q11,A,1,219
5Q11,A,1,231
5Q11,A,1,232
5Q11,A,1,233
5Q11,B,1,1
5Q11,B,1,14
5Q12,A,1,1
5Q12,A,1,2
5Q12,A,1,3
5Q12,A,1,232
5Q12,A,1,233
5Q12,B,1,1
5Q12,B,1,2
5Q12,B,1,14
5Q13,A,1,1
5Q13,B,1,1
5Q13,B,1,2
5Q13,B,1,3
5Q13,B,1,14
5Q13,C,1,1
5Q13,C,1,2
5Q13,C,1,3
5Q13,D,1,1
5Q13,D,1,13
5Q13,D,1,14
5Q14,A,1,1
5Q14,A,1,2
5Q14,A,1,3
5Q14,B,1,1
5Q14,B,1,14
5Q14,C,1,1
5Q14,C,1,2
5Q14,C,1,3
5Q14,D,1,1
5Q14,D,1,2
5Q14,D,1,14
5Q15,A,1,1
5Q15,A,1,2
5Q15,A,1,3
5Q15,B,1,1
5Q15,B,1,13
5Q15,B,1,14
5Q15,C,1,1
5Q15,C,1,2
5Q15,C,1,3
5Q15,C,1,4
5Q15,D,1,1
5Q15,D,1,2
5Q15,D,1,13
5Q15,D,1,14
5Q16,A,1,1
5Q16,A,1,2
5Q16,A,1,3
5Q16,B,1,1
5Q16,B,1,12
5Q16,B,1,13
5Q16,B,1,14
5Q16,C,1,1
5Q16,C,1,2
5Q16,C,1,3
5Q16,D,1,1
5Q16,D,1,2
5Q16,D,1,3
5Q16,D,1,13
5Q16,D,1,14
5Q17,A,1,1
5Q17,A,1,2
5Q17,A,1,215
5Q17,A,1,216
5Q17,A,1,217
5Q17,A,1,218
5Q17,A,1,219
5Q17,A,1,232
5Q17,A,1,233
5Q18,A,1,1
5Q18,A,1,2
5Q18,A,1,3
5Q18,B,1,1
5Q18,B,1,14
5Q18,C,1,1
5Q18,C,1,2
5Q18,C,1,3
5Q18,D,1,1
5Q18,D,1,2
5Q18,D,1,14
5Q19,A,1,1
5Q19,A,1,2
5Q19,A,1,3
5Q19,B,1,1
5Q19,B,1,13
5Q19,B,1,14
5Q19,C,1,1
5Q19,C,1,2
5Q19,C,1,3
5Q19,D,1,1
5Q19,D,1,2
5Q19,D,1,13
5Q19,D,1,14
5Q1A,A,1,1
5Q1A,A,1,2
5Q1A,A,1,3
5Q1A,B,1,13
5Q1A,B,1,14
5Q1A,C,1,1
5Q1A,C,1,2
5Q1A,C,1,3
5Q1A,C,1,233
5Q1A,D,1,1
5Q1A,D,1,2
5Q1A,D,1,13
5Q1A,D,1,14
5Q1B,A,1,1
5Q1B,A,1,2
5Q1B,A,1,3
5Q1B,B,1,1
5Q1B,B,1,14
5Q1B,C,1,1
5Q1B,C,1,2
5Q1B,C,1,3
5Q1B,D,1,1
5Q1B,D,1,2
5Q1B,D,1,14
5Q1C,A,1,1
5Q1C,A,1,2
5Q1C,A,1,3
5Q1C,A,1,4
5Q1C,B,1,1
5Q1C,B,1,2
5Q1C,B,1,14
5Q1C,C,1,1
5Q1C,C,1,2
5Q1C,C,1,3
5Q1C,C,1,4
5Q1C,C,1,233
5Q1C,D,1,1
5Q1C,D,1,2
5Q1C,D,1,13
5Q1C,D,1,14
5Q1D,A,1,1
5Q1D,A,1,2
5Q1D,A,1,3
5Q1D,B,1,12
5Q1D,B,1,13
5Q1D,B,1,14
5Q1D,C,1,1
5Q1D,C,1,2
5Q1D,C,1,3
5Q1D,D,1,1
5Q1D,D,1,2
5Q1D,D,1,14
5Q1E,A,1,1
5Q1E,A,1,2
5Q1E,A,1,3
5Q1E,A,1,217
5Q1E,A,1,218
5Q1E,A,1,219
5Q1E,A,1,220
5Q1E,A,1,232
5Q1E,A,1,233
5Q1E,B,1,1
5Q1E,B,1,13
5Q1E,B,1,14
5Q1F,A,1,1
5Q1F,A,1,2
5Q1F,A,1,3
5Q1F,A,1,233
5Q1F,B,1,1
5Q1F,B,1,13
5Q1F,B,1,14
5Q1F,C,1,1
5Q1F,C,1,2
5Q1F,C,1,3
5Q1F,C,1,4
5Q1F,D,1,1
5Q1F,D,1,2
5Q1F,D,1,13
5Q1F,D,1,14
5Q1G,A,1,1
5Q1G,A,1,2
5Q1G,A,1,3
5Q1G,A,1,24
5Q1G,A,1,25
5Q1G,A,1,26
5Q1G,A,1,27
5Q1G,A,1,28
5Q1G,A,1,233
5Q1G,B,1,1
5Q1G,B,1,2
5Q1G,B,1,12
5Q1G,B,1,13
5Q1G,B,1,14
5Q1H,A,1,1
5Q1H,A,1,2
5Q1H,A,1,3
5Q1H,A,1,233
5Q1H,B,1,1
5Q1H,B,1,13
5Q1H,B,1,14
5Q1H,C,1,1
5Q1H,C,1,2
5Q1H,C,1,3
5Q1H,C,1,232
5Q1H,C,1,233
5Q1H,D,1,1
5Q1H,D,1,2
5Q1H,D,1,13
5Q1H,D,1,14
5Q1H,E,1,1
5Q1H,E,1,2
5Q1H,E,1,3
5Q1H,F,1,1
5Q1H,F,1,2
5Q1H,F,1,12
5Q1H,F,1,13
5Q1H,F,1,14
5Q1H,G,1,1
5Q1H,G,1,2
5Q1H,G,1,3
5Q1H,G,1,233
5Q1H,H,1,1
5Q1H,H,1,2
5Q1H,H,1,13
5Q1H,H,1,14
5Q1I,A,1,1
5Q1I,A,1,2
5Q1I,A,1,3
5Q1I,A,1,104
5Q1I,A,1,232
5Q1I,A,1,233
5Q1I,B,1,1
5Q1I,B,1,14
5SYZ,A,1,1
5SYZ,A,1,2
5SYZ,A,1,3
5SYZ,A,1,232
5SYZ,A,1,233
5SYZ,B,1,1
5SYZ,B,1,2
5SYZ,B,1,14
5SYZ,B,1,15
5T1Z,A,1,158
5T1Z,A,1,159
5T1Z,A,1,160
5T1Z,A,1,161
5T1Z,A,1,162
5T1Z,A,1,246
5T1Z,A,1,247
5T1Z,A,1,248
5T1Z,A,1,249
5T1Z,A,1,250
5T1Z,B,1,28
5T1Z,B,1,29
5T1Z,B,1,158
5T1Z,B,1,159
5T1Z,B,1,160
5T1Z,B,1,161
5T1Z,B,1,245
5T1Z,B,1,246
5T1Z,B,1,247
5T1Z,B,1,248
5T1Z,B,1,249
5T1Z,B,1,250
5T1Z,C,1,1
5T1Z,C,1,12
5T1Z,C,1,13
5T8E,A,1,1
5T8E,A,1,2
5T8E,A,1,3
5T8E,A,1,4
5T8E,A,1,5
5T8E,A,1,6
5T8E,A,1,7
5T8E,A,1,8
5T8E,A,1,9
5T8J,A,1,1
5T8J,A,1,2
5T8J,A,1,3
5T8J,A,1,4
5T8J,A,1,5
5T8J,A,1,6
5T8J,A,1,7
5T8J,A,1,8
5T8J,A,1,9
5T92,A,1,1
5T92,A,1,2
5T92,A,1,3
5T92,A,1,4
5T92,A,1,5
5T92,A,1,6
5T92,A,1,7
5T92,A,1,8
5T92,A,1,9
5T92,A,1,10
5T92,A,1,31
5T92,A,1,32
5T92,A,1,33
5T92,A,1,34
5T92,A,1,35
5T92,A,1,36
5T92,A,1,37
5T92,A,1,38
5T92,A,1,112
5T92,A,1,113
5T92,A,1,114
5T92,A,1,115
5T92,A,1,116
5T92,A,1,117
5T92,A,1,118
5T92,A,1,119
5T92,A,1,120
5T92,A,1,159
5T92,A,1,160
5T92,A,1,161
5T92,A,1,162
5T92,A,1,163
5T92,A,1,164
5T92,A,1,165
5T92,A,1,166
5T92,A,1,167
5T92,A,1,168
5T92,A,1,169
5T92,A,1,170
5T92,A,1,171
5T92,A,1,172
5T92,A,1,173
5T92,A,1,174
5T92,A,1,227
5T92,A,1,228
5T92,A,1,229
5T92,A,1,230
5T92,A,1,231
5T92,A,1,232
5T92,A,1,233
5T92,A,1,234
5T92,A,1,235
5T92,A,1,236
5T92,A,1,237
5T92,A,1,238
5T92,A,1,239
5T92,A,1,240
5T92,A,1,241
5T92,A,1,242
5T92,A,1,243
5T92,A,1,244
5T92,A,1,245
5T92,A,1,246
5T92,A,1,247
5T92,A,1,248
5T92,A,1,249
5T92,A,1,250
5T92,A,1,251
5T92,A,1,252
5T92,A,1,253
5T92,A,1,254
5T92,B,1,1
5T92,B,1,2
5T92,B,1,3
5T92,B,1,4
5T92,B,1,5
5T92,B,1,6
5T92,B,1,7
5T92,B,1,31
5T92,B,1,32
5T92,B,1,33
5T92,B,1,34
5T92,B,1,35
5T92,B,1,36
5T92,B,1,37
5T92,B,1,38
5T92,B,1,39
5T92,B,1,40
5T92,B,1,41
5T92,B,1,42
5T92,B,1,43
5T92,B,1,114
5T92,B,1,115
5T92,B,1,116
5T92,B,1,117
5T92,B,1,118
5T92,B,1,119
5T92,B,1,120
5T92,B,1,121
5T92,B,1,158
5T92,B,1,159
5T92,B,1,160
5T92,B,1,161
5T92,B,1,162
5T92,B,1,163
5T92,B,1,164
5T92,B,1,165
5T92,B,1,166
5T92,B,1,167
5T92,B,1,168
5T92,B,1,169
5T92,B,1,170
5T92,B,1,171
5T92,B,1,172
5T92,B,1,173
5T92,B,1,228
5T92,B,1,229
5T92,B,1,230
5T92,B,1,231
5T92,B,1,232
5T92,B,1,233
5T92,B,1,234
5T92,B,1,235
5T92,B,1,236
5T92,B,1,237
5T92,B,1,238
5T92,B,1,239
5T92,B,1,240
5T92,B,1,241
5T92,B,1,242
5T92,B,1,243
5T92,B,1,244
5T92,B,1,245
5T92,B,1,246
5T92,B,1,247
5T92,B,1,248
5T92,B,1,249
5T92,B,1,250
5T92,B,1,251
5T92,B,1,252
5T92,B,1,253
5T92,B,1,254
5T97,A,1,1
5T97,A,1,2
5T97,A,1,3
5T97,A,1,4
5T97,A,1,5
5T97,A,1,6
5T97,A,1,7
5T97,A,1,8
5T97,A,1,9
5T97,A,1,10
5T97,A,1,30
5T97,A,1,31
5T97,A,1,32
5T97,A,1,33
5T97,A,1,34
5T97,A,1,35
5T97,A,1,36
5T97,A,1,37
5T97,A,1,38
5T97,A,1,39
5T97,A,1,40
5T97,A,1,41
5T97,A,1,42
5T97,A,1,43
5T97,A,1,112
5T97,A,1,113
5T97,A,1,114
5T97,A,1,115
5T97,A,1,116
5T97,A,1,117
5T97,A,1,118
5T97,A,1,119
5T97,A,1,120
5T97,A,1,159
5T97,A,1,160
5T97,A,1,161
5T97,A,1,162
5T97,A,1,163
5T97,A,1,164
5T97,A,1,165
5T97,A,1,166
5T97,A,1,167
5T97,A,1,168
5T97,A,1,169
5T97,A,1,170
5T97,A,1,171
5T97,A,1,172
5T97,A,1,173
5T97,A,1,174
5T97,A,1,227
5T97,A,1,228
5T97,A,1,229
5T97,A,1,230
5T97,A,1,231
5T97,A,1,232
5T97,A,1,233
5T97,A,1,234
5T97,A,1,235
5T97,A,1,236
5T97,A,1,237
5T97,A,1,238
5T97,A,1,239
5T97,A,1,240
5T97,A,1,241
5T97,A,1,242
5T97,A,1,243
5T97,A,1,244
5T97,A,1,245
5T97,A,1,246
5T97,A,1,247
5T97,A,1,248
5T97,A,1,249
5T97,A,1,250
5T97,A,1,251
5T97,A,1,252
5T97,A,1,253
5T97,A,1,254
5T97,B,1,1
5T97,B,1,2
5T97,B,1,3
5T97,B,1,4
5T97,B,1,5
5T97,B,1,6
5T97,B,1,7
5T97,B,1,8
5T97,B,1,9
5T97,B,1,31
5T97,B,1,32
5T97,B,1,33
5T97,B,1,34
5T97,B,1,35
5T97,B,1,36
5T97,B,1,37
5T97,B,1,38
5T97,B,1,39
5T97,B,1,40
5T97,B,1,41
5T97,B,1,42
5T97,B,1,43
5T97,B,1,114
5T97,B,1,115
5T97,B,1,116
5T97,B,1,117
5T97,B,1,118
5T97,B,1,119
5T97,B,1,120
5T97,B,1,159
5T97,B,1,160
5T97,B,1,161
5T97,B,1,162
5T97,B,1,163
5T97,B,1,164
5T97,B,1,165
5T97,B,1,228
5T97,B,1,229
5T97,B,1,230
5T97,B,1,231
5T97,B,1,232
5T97,B,1,233
5T97,B,1,234
5T97,B,1,235
5T97,B,1,236
5T97,B,1,237
5T97,B,1,238
5T97,B,1,239
5T97,B,1,240
5T97,B,1,241
5T97,B,1,242
5T97,B,1,243
5T97,B,1,244
5T97,B,1,245
5T97,B,1,246
5T97,B,1,247
5T97,B,1,248
5T97,B,1,249
5T97,B,1,250
5T97,B,1,251
5T97,B,1,252
5T97,B,1,253
5T97,B,1,254
5TBP,A,1,1
5TBP,A,1,2
5TBP,A,1,3
5TBP,A,1,4
5TBP,A,1,5
5TBP,A,1,6
5TBP,A,1,7
5TBP,A,1,8
5TBP,A,1,9
5TBP,A,1,10
5TBP,A,1,11
5TBP,A,1,12
5TBP,A,1,13
5TBP,A,1,14
5TBP,A,1,15
5TBP,A,1,16
5TBP,A,1,17
5TBP,A,1,18
5TBP,A,1,19
5TBP,A,1,20
5TBP,A,1,21
5TBP,A,1,22
5TBP,A,1,23
5TBP,A,1,24
5TBP,A,1,25
5TBP,A,1,26
5TBP,A,1,27
5TBP,A,1,28
5TBP,A,1,29
5TBP,A,1,30
5TBP,A,1,31
5TBP,A,1,32
5TBP,A,1,33
5TBP,A,1,34
5TBP,A,1,35
5TBP,A,1,36
5TBP,A,1,37
5TBP,A,1,38
5TBP,A,1,39
5TBP,A,1,40
5TBP,A,1,41
5TBP,A,1,42
5TBP,A,1,43
5TBP,A,1,44
5TBP,A,1,243
5TBP,A,1,244
5TBP,B,1,1
5TBP,B,1,2
5TBP,B,1,3
5TBP,B,1,4
5TBP,B,1,5
5TBP,B,1,6
5TBP,B,1,7
5TBP,B,1,8
5TBP,B,1,24
5TBP,B,1,25
5TBP,B,1,26
5TBP,B,1,27
5TBP,B,1,28
5TBP,B,1,29
5TBP,B,1,30
5TBP,B,1,31
5TBP,B,1,32
5TBP,B,1,33
5TBP,B,1,34
5TBP,B,1,35
5TBP,B,1,36
5TBP,B,1,37
5TBP,B,1,38
5TBP,B,1,39
5TBP,B,1,40
5TBP,B,1,41
5TBP,B,1,42
5TBP,B,1,241
5TBP,B,1,242
5TBP,B,1,243
5TBP,B,1,244
5TBP,C,1,1
5TBP,C,1,2
5TBP,C,1,3
5TBP,C,1,4
5TBP,C,1,5
5TBP,C,1,6
5TBP,C,1,7
5TBP,C,1,8
5TBP,C,1,9
5TBP,C,1,25
5TBP,C,1,26
5TBP,C,1,27
5TBP,C,1,28
5TBP,C,1,29
5TBP,C,1,30
5TBP,C,1,31
5TBP,C,1,32
5TBP,C,1,33
5TBP,C,1,34
5TBP,C,1,35
5TBP,C,1,36
5TBP,C,1,37
5TBP,C,1,38
5TBP,C,1,39
5TBP,C,1,40
5TBP,C,1,41
5TBP,C,1,42
5TBP,C,1,241
5TBP,C,1,242
5TBP,C,1,243
5TBP,C,1,244
5TBP,D,1,1
5TBP,D,1,2
5TBP,D,1,3
5TBP,D,1,4
5TBP,D,1,5
5TBP,D,1,6
5TBP,D,1,7
5TBP,D,1,8
5TBP,D,1,9
5TBP,D,1,10
5TBP,D,1,11
5TBP,D,1,12
5TBP,D,1,13
5TBP,D,1,14
5TBP,D,1,15
5TBP,D,1,16
5TBP,D,1,17
5TBP,D,1,18
5TBP,D,1,19
5TBP,D,1,20
5TBP,D,1,21
5TBP,D,1,22
5TBP,D,1,23
5TBP,D,1,24
5TBP,D,1,25
5TBP,D,1,26
5TBP,D,1,27
5TBP,D,1,28
5TBP,D,1,29
5TBP,D,1,30
5TBP,D,1,31
5TBP,D,1,32
5TBP,D,1,33
5TBP,D,1,34
5TBP,D,1,35
5TBP,D,1,36
5TBP,D,1,37
5TBP,D,1,38
5TBP,D,1,39
5TBP,D,1,40
5TBP,D,1,41
5TBP,D,1,42
5TBP,D,1,43
5TBP,D,1,44
5TBP,D,1,243
5TBP,D,1,244
5TLD,A,1,1
5TLD,A,1,2
5TLD,A,1,3
5TLD,A,1,4
5TLD,A,1,5
5TLD,A,1,6
5TLD,A,1,7
5TLD,A,1,35
5TLD,A,1,36
5TLD,A,1,37
5TLD,A,1,164
5TLD,A,1,165
5TLD,A,1,166
5TLD,A,1,167
5TLD,A,1,168
5TLD,A,1,169
5TLD,A,1,170
5TLD,A,1,171
5TLD,A,1,172
5TLD,A,1,173
5TLD,A,1,174
5TLD,A,1,252
5TLD,A,1,253
5TLD,A,1,254
5TLD,A,1,255
5TLD,A,1,256
5TLD,A,1,257
5TLD,B,1,1
5TLD,B,1,2
5TLD,B,1,3
5TLD,B,1,4
5TLD,B,1,5
5TLD,B,1,6
5TLD,B,1,7
5TLD,B,1,40
5TLD,B,1,164
5TLD,B,1,165
5TLD,B,1,166
5TLD,B,1,167
5TLD,B,1,168
5TLD,B,1,169
5TLD,B,1,170
5TLD,B,1,235
5TLD,B,1,252
5TLD,B,1,253
5TLD,B,1,254
5TLD,B,1,255
5TLD,B,1,256
5TLD,B,1,257
5TLD,C,1,1
5TLD,C,1,12
5TLD,C,1,13
5TLD,D,1,1
5TLD,D,1,2
5TLD,D,1,12
5TLD,D,1,13
5TLF,A,1,1
5TLF,A,1,2
5TLF,A,1,3
5TLF,A,1,4
5TLF,A,1,5
5TLF,A,1,6
5TLF,A,1,165
5TLF,A,1,166
5TLF,A,1,167
5TLF,A,1,168
5TLF,A,1,169
5TLF,A,1,170
5TLF,A,1,171
5TLF,A,1,172
5TLF,A,1,252
5TLF,A,1,253
5TLF,A,1,254
5TLF,A,1,255
5TLF,A,1,256
5TLF,A,1,257
5TLF,B,1,1
5TLF,B,1,2
5TLF,B,1,3
5TLF,B,1,4
5TLF,B,1,5
5TLF,B,1,6
5TLF,B,1,7
5TLF,B,1,118
5TLF,B,1,119
5TLF,B,1,120
5TLF,B,1,165
5TLF,B,1,166
5TLF,B,1,167
5TLF,B,1,168
5TLF,B,1,236
5TLF,B,1,237
5TLF,B,1,252
5TLF,B,1,253
5TLF,B,1,254
5TLF,B,1,255
5TLF,B,1,256
5TLF,B,1,257
5TLF,C,1,1
5TLF,C,1,12
5TLF,C,1,13
5TLF,D,1,1
5TLF,D,1,2
5TLF,D,1,13
5TLG,A,1,1
5TLG,A,1,2
5TLG,A,1,3
5TLG,A,1,4
5TLG,A,1,5
5TLG,A,1,6
5TLG,A,1,7
5TLG,A,1,35
5TLG,A,1,36
5TLG,A,1,37
5TLG,A,1,38
5TLG,A,1,39
5TLG,A,1,165
5TLG,A,1,166
5TLG,A,1,167
5TLG,A,1,168
5TLG,A,1,169
5TLG,A,1,170
5TLG,A,1,171
5TLG,A,1,172
5TLG,A,1,173
5TLG,A,1,174
5TLG,A,1,252
5TLG,A,1,253
5TLG,A,1,254
5TLG,A,1,255
5TLG,A,1,256
5TLG,A,1,257
5TLG,B,1,1
5TLG,B,1,2
5TLG,B,1,3
5TLG,B,1,4
5TLG,B,1,5
5TLG,B,1,6
5TLG,B,1,7
5TLG,B,1,165
5TLG,B,1,166
5TLG,B,1,167
5TLG,B,1,168
5TLG,B,1,169
5TLG,B,1,170
5TLG,B,1,171
5TLG,B,1,172
5TLG,B,1,252
5TLG,B,1,253
5TLG,B,1,254
5TLG,B,1,255
5TLG,B,1,256
5TLG,B,1,257
5TLG,C,1,1
5TLG,C,1,2
5TLG,C,1,12
5TLG,C,1,13
5TLG,D,1,1
5TLG,D,1,2
5TLG,D,1,12
5TLG,D,1,13
5TLL,A,1,1
5TLL,A,1,2
5TLL,A,1,3
5TLL,A,1,4
5TLL,A,1,5
5TLL,A,1,6
5TLL,A,1,7
5TLL,A,1,164
5TLL,A,1,165
5TLL,A,1,166
5TLL,A,1,167
5TLL,A,1,168
5TLL,A,1,169
5TLL,A,1,170
5TLL,A,1,171
5TLL,A,1,172
5TLL,A,1,252
5TLL,A,1,253
5TLL,A,1,254
5TLL,A,1,255
5TLL,A,1,256
5TLL,A,1,257
5TLL,B,1,1
5TLL,B,1,2
5TLL,B,1,3
5TLL,B,1,4
5TLL,B,1,5
5TLL,B,1,6
5TLL,B,1,7
5TLL,B,1,35
5TLL,B,1,164
5TLL,B,1,165
5TLL,B,1,166
5TLL,B,1,167
5TLL,B,1,168
5TLL,B,1,169
5TLL,B,1,170
5TLL,B,1,171
5TLL,B,1,172
5TLL,B,1,252
5TLL,B,1,253
5TLL,B,1,254
5TLL,B,1,255
5TLL,B,1,256
5TLL,B,1,257
5TLL,C,1,1
5TLL,C,1,2
5TLL,C,1,12
5TLL,C,1,13
5TLL,D,1,1
5TLL,D,1,2
5TLL,D,1,12
5TLL,D,1,13
5TLM,A,1,1
5TLM,A,1,2
5TLM,A,1,3
5TLM,A,1,4
5TLM,A,1,5
5TLM,A,1,6
5TLM,A,1,7
5TLM,A,1,8
5TLM,A,1,121
5TLM,A,1,164
5TLM,A,1,165
5TLM,A,1,166
5TLM,A,1,167
5TLM,A,1,168
5TLM,A,1,169
5TLM,A,1,170
5TLM,A,1,171
5TLM,A,1,172
5TLM,A,1,173
5TLM,A,1,233
5TLM,A,1,234
5TLM,A,1,235
5TLM,A,1,236
5TLM,A,1,237
5TLM,A,1,238
5TLM,A,1,252
5TLM,A,1,253
5TLM,A,1,254
5TLM,A,1,255
5TLM,A,1,256
5TLM,A,1,257
5TLM,B,1,1
5TLM,B,1,2
5TLM,B,1,3
5TLM,B,1,4
5TLM,B,1,5
5TLM,B,1,6
5TLM,B,1,7
5TLM,B,1,8
5TLM,B,1,37
5TLM,B,1,38
5TLM,B,1,39
5TLM,B,1,163
5TLM,B,1,164
5TLM,B,1,165
5TLM,B,1,166
5TLM,B,1,167
5TLM,B,1,168
5TLM,B,1,169
5TLM,B,1,170
5TLM,B,1,171
5TLM,B,1,172
5TLM,B,1,173
5TLM,B,1,174
5TLM,B,1,175
5TLM,B,1,252
5TLM,B,1,253
5TLM,B,1,254
5TLM,B,1,255
5TLM,B,1,256
5TLM,B,1,257
5TLM,C,1,1
5TLM,C,1,2
5TLM,C,1,12
5TLM,C,1,13
5TLM,D,1,1
5TLM,D,1,2
5TLM,D,1,11
5TLM,D,1,12
5TLM,D,1,13
5TLO,A,1,1
5TLO,A,1,2
5TLO,A,1,3
5TLO,A,1,4
5TLO,A,1,5
5TLO,A,1,6
5TLO,A,1,7
5TLO,A,1,8
5TLO,A,1,36
5TLO,A,1,37
5TLO,A,1,117
5TLO,A,1,118
5TLO,A,1,119
5TLO,A,1,120
5TLO,A,1,121
5TLO,A,1,165
5TLO,A,1,166
5TLO,A,1,167
5TLO,A,1,168
5TLO,A,1,169
5TLO,A,1,233
5TLO,A,1,234
5TLO,A,1,252
5TLO,A,1,253
5TLO,A,1,254
5TLO,A,1,255
5TLO,A,1,256
5TLO,A,1,257
5TLO,B,1,1
5TLO,B,1,2
5TLO,B,1,3
5TLO,B,1,4
5TLO,B,1,5
5TLO,B,1,6
5TLO,B,1,7
5TLO,B,1,38
5TLO,B,1,164
5TLO,B,1,165
5TLO,B,1,166
5TLO,B,1,167
5TLO,B,1,168
5TLO,B,1,169
5TLO,B,1,170
5TLO,B,1,171
5TLO,B,1,172
5TLO,B,1,173
5TLO,B,1,174
5TLO,B,1,252
5TLO,B,1,253
5TLO,B,1,254
5TLO,B,1,255
5TLO,B,1,256
5TLO,B,1,257
5TLO,C,1,1
5TLO,C,1,2
5TLO,C,1,12
5TLO,C,1,13
5TLO,D,1,1
5TLO,D,1,2
5TLO,D,1,12
5TLO,D,1,13
5TLP,A,1,1
5TLP,A,1,2
5TLP,A,1,3
5TLP,A,1,4
5TLP,A,1,5
5TLP,A,1,6
5TLP,A,1,7
5TLP,A,1,37
5TLP,A,1,38
5TLP,A,1,165
5TLP,A,1,166
5TLP,A,1,167
5TLP,A,1,168
5TLP,A,1,169
5TLP,A,1,170
5TLP,A,1,171
5TLP,A,1,172
5TLP,A,1,252
5TLP,A,1,253
5TLP,A,1,254
5TLP,A,1,255
5TLP,A,1,256
5TLP,A,1,257
5TLP,B,1,1
5TLP,B,1,2
5TLP,B,1,3
5TLP,B,1,4
5TLP,B,1,5
5TLP,B,1,6
5TLP,B,1,7
5TLP,B,1,35
5TLP,B,1,36
5TLP,B,1,37
5TLP,B,1,38
5TLP,B,1,39
5TLP,B,1,40
5TLP,B,1,162
5TLP,B,1,163
5TLP,B,1,164
5TLP,B,1,165
5TLP,B,1,166
5TLP,B,1,167
5TLP,B,1,168
5TLP,B,1,169
5TLP,B,1,170
5TLP,B,1,171
5TLP,B,1,172
5TLP,B,1,232
5TLP,B,1,233
5TLP,B,1,234
5TLP,B,1,235
5TLP,B,1,236
5TLP,B,1,237
5TLP,B,1,238
5TLP,B,1,239
5TLP,B,1,240
5TLP,B,1,241
5TLP,B,1,242
5TLP,B,1,243
5TLP,B,1,244
5TLP,B,1,245
5TLP,B,1,246
5TLP,B,1,247
5TLP,B,1,248
5TLP,B,1,249
5TLP,B,1,250
5TLP,B,1,251
5TLP,B,1,252
5TLP,B,1,253
5TLP,B,1,254
5TLP,B,1,255
5TLP,B,1,256
5TLP,B,1,257
5TLP,C,1,1
5TLP,C,1,12
5TLP,C,1,13
5TLP,D,1,1
5TLP,D,1,2
5TLP,D,1,10
5TLP,D,1,11
5TLP,D,1,12
5TLP,D,1,13
5TLT,A,1,1
5TLT,A,1,2
5TLT,A,1,3
5TLT,A,1,4
5TLT,A,1,5
5TLT,A,1,163
5TLT,A,1,164
5TLT,A,1,165
5TLT,A,1,166
5TLT,A,1,167
5TLT,A,1,168
5TLT,A,1,169
5TLT,A,1,170
5TLT,A,1,171
5TLT,A,1,172
5TLT,A,1,173
5TLT,A,1,174
5TLT,A,1,252
5TLT,A,1,253
5TLT,A,1,254
5TLT,A,1,255
5TLT,A,1,256
5TLT,A,1,257
5TLT,B,1,1
5TLT,B,1,2
5TLT,B,1,3
5TLT,B,1,4
5TLT,B,1,5
5TLT,B,1,6
5TLT,B,1,7
5TLT,B,1,164
5TLT,B,1,165
5TLT,B,1,166
5TLT,B,1,167
5TLT,B,1,168
5TLT,B,1,253
5TLT,B,1,254
5TLT,B,1,255
5TLT,B,1,256
5TLT,B,1,257
5TLT,C,1,1
5TLT,C,1,12
5TLT,C,1,13
5TLT,D,1,1
5TLT,D,1,2
5TLT,D,1,12
5TLT,D,1,13
5TLU,A,1,1
5TLU,A,1,2
5TLU,A,1,3
5TLU,A,1,4
5TLU,A,1,5
5TLU,A,1,6
5TLU,A,1,7
5TLU,A,1,35
5TLU,A,1,36
5TLU,A,1,37
5TLU,A,1,38
5TLU,A,1,164
5TLU,A,1,165
5TLU,A,1,166
5TLU,A,1,167
5TLU,A,1,168
5TLU,A,1,169
5TLU,A,1,170
5TLU,A,1,171
5TLU,A,1,172
5TLU,A,1,173
5TLU,A,1,174
5TLU,A,1,252
5TLU,A,1,253
5TLU,A,1,254
5TLU,A,1,255
5TLU,A,1,256
5TLU,A,1,257
5TLU,B,1,1
5TLU,B,1,2
5TLU,B,1,3
5TLU,B,1,4
5TLU,B,1,5
5TLU,B,1,6
5TLU,B,1,7
5TLU,B,1,164
5TLU,B,1,165
5TLU,B,1,166
5TLU,B,1,167
5TLU,B,1,168
5TLU,B,1,169
5TLU,B,1,170
5TLU,B,1,253
5TLU,B,1,254
5TLU,B,1,255
5TLU,B,1,256
5TLU,B,1,257
5TLU,C,1,1
5TLU,C,1,12
5TLU,C,1,13
5TLU,D,1,1
5TLU,D,1,2
5TLU,D,1,12
5TLU,D,1,13
5TLV,A,1,1
5TLV,A,1,2
5TLV,A,1,3
5TLV,A,1,4
5TLV,A,1,5
5TLV,A,1,6
5TLV,A,1,167
5TLV,A,1,168
5TLV,A,1,169
5TLV,A,1,170
5TLV,A,1,171
5TLV,A,1,172
5TLV,A,1,252
5TLV,A,1,253
5TLV,A,1,254
5TLV,A,1,255
5TLV,A,1,256
5TLV,A,1,257
5TLV,B,1,1
5TLV,B,1,2
5TLV,B,1,3
5TLV,B,1,4
5TLV,B,1,5
5TLV,B,1,6
5TLV,B,1,7
5TLV,B,1,165
5TLV,B,1,166
5TLV,B,1,252
5TLV,B,1,253
5TLV,B,1,254
5TLV,B,1,255
5TLV,B,1,256
5TLV,B,1,257
5TLV,C,1,13
5TLV,D,1,1
5TLV,D,1,13
5TLX,A,1,1
5TLX,A,1,2
5TLX,A,1,3
5TLX,A,1,4
5TLX,A,1,5
5TLX,A,1,6
5TLX,A,1,7
5TLX,A,1,165
5TLX,A,1,166
5TLX,A,1,167
5TLX,A,1,168
5TLX,A,1,169
5TLX,A,1,170
5TLX,A,1,171
5TLX,A,1,172
5TLX,A,1,173
5TLX,A,1,174
5TLX,A,1,252
5TLX,A,1,253
5TLX,A,1,254
5TLX,A,1,255
5TLX,A,1,256
5TLX,A,1,257
5TLX,B,1,1
5TLX,B,1,2
5TLX,B,1,3
5TLX,B,1,4
5TLX,B,1,5
5TLX,B,1,6
5TLX,B,1,7
5TLX,B,1,165
5TLX,B,1,166
5TLX,B,1,252
5TLX,B,1,253
5TLX,B,1,254
5TLX,B,1,255
5TLX,B,1,256
5TLX,B,1,257
5TLX,C,1,1
5TLX,C,1,12
5TLX,C,1,13
5TLX,D,1,1
5TLX,D,1,2
5TLX,D,1,13
5TLY,A,1,1
5TLY,A,1,2
5TLY,A,1,3
5TLY,A,1,4
5TLY,A,1,5
5TLY,A,1,6
5TLY,A,1,7
5TLY,A,1,34
5TLY,A,1,35
5TLY,A,1,36
5TLY,A,1,164
5TLY,A,1,165
5TLY,A,1,166
5TLY,A,1,167
5TLY,A,1,168
5TLY,A,1,169
5TLY,A,1,170
5TLY,A,1,171
5TLY,A,1,172
5TLY,A,1,253
5TLY,A,1,254
5TLY,A,1,255
5TLY,A,1,256
5TLY,A,1,257
5TLY,B,1,1
5TLY,B,1,2
5TLY,B,1,3
5TLY,B,1,4
5TLY,B,1,5
5TLY,B,1,6
5TLY,B,1,7
5TLY,B,1,165
5TLY,B,1,166
5TLY,B,1,167
5TLY,B,1,168
5TLY,B,1,169
5TLY,B,1,236
5TLY,B,1,237
5TLY,B,1,238
5TLY,B,1,252
5TLY,B,1,253
5TLY,B,1,254
5TLY,B,1,255
5TLY,B,1,256
5TLY,B,1,257
5TLY,C,1,1
5TLY,C,1,2
5TLY,C,1,12
5TLY,C,1,13
5TLY,D,1,1
5TLY,D,1,12
5TLY,D,1,13
5TM1,A,1,1
5TM1,A,1,2
5TM1,A,1,3
5TM1,A,1,4
5TM1,A,1,5
5TM1,A,1,6
5TM1,A,1,7
5TM1,A,1,8
5TM1,A,1,34
5TM1,A,1,35
5TM1,A,1,36
5TM1,A,1,37
5TM1,A,1,38
5TM1,A,1,39
5TM1,A,1,164
5TM1,A,1,165
5TM1,A,1,166
5TM1,A,1,167
5TM1,A,1,168
5TM1,A,1,169
5TM1,A,1,170
5TM1,A,1,171
5TM1,A,1,172
5TM1,A,1,173
5TM1,A,1,174
5TM1,A,1,175
5TM1,A,1,234
5TM1,A,1,235
5TM1,A,1,236
5TM1,A,1,237
5TM1,A,1,238
5TM1,A,1,252
5TM1,A,1,253
5TM1,A,1,254
5TM1,A,1,255
5TM1,A,1,256
5TM1,A,1,257
5TM1,B,1,1
5TM1,B,1,2
5TM1,B,1,3
5TM1,B,1,4
5TM1,B,1,5
5TM1,B,1,6
5TM1,B,1,7
5TM1,B,1,8
5TM1,B,1,9
5TM1,B,1,10
5TM1,B,1,40
5TM1,B,1,164
5TM1,B,1,165
5TM1,B,1,166
5TM1,B,1,167
5TM1,B,1,168
5TM1,B,1,169
5TM1,B,1,170
5TM1,B,1,171
5TM1,B,1,172
5TM1,B,1,236
5TM1,B,1,237
5TM1,B,1,238
5TM1,B,1,250
5TM1,B,1,251
5TM1,B,1,252
5TM1,B,1,253
5TM1,B,1,254
5TM1,B,1,255
5TM1,B,1,256
5TM1,B,1,257
5TM1,C,1,1
5TM1,C,1,2
5TM1,C,1,11
5TM1,C,1,12
5TM1,C,1,13
5TM1,D,1,1
5TM1,D,1,2
5TM1,D,1,12
5TM1,D,1,13
5TM2,A,1,1
5TM2,A,1,2
5TM2,A,1,3
5TM2,A,1,4
5TM2,A,1,5
5TM2,A,1,6
5TM2,A,1,7
5TM2,A,1,8
5TM2,A,1,34
5TM2,A,1,35
5TM2,A,1,36
5TM2,A,1,37
5TM2,A,1,38
5TM2,A,1,39
5TM2,A,1,121
5TM2,A,1,122
5TM2,A,1,123
5TM2,A,1,164
5TM2,A,1,165
5TM2,A,1,166
5TM2,A,1,167
5TM2,A,1,168
5TM2,A,1,169
5TM2,A,1,170
5TM2,A,1,171
5TM2,A,1,172
5TM2,A,1,173
5TM2,A,1,174
5TM2,A,1,234
5TM2,A,1,235
5TM2,A,1,236
5TM2,A,1,237
5TM2,A,1,250
5TM2,A,1,251
5TM2,A,1,252
5TM2,A,1,253
5TM2,A,1,254
5TM2,A,1,255
5TM2,A,1,256
5TM2,A,1,257
5TM2,B,1,1
5TM2,B,1,2
5TM2,B,1,3
5TM2,B,1,4
5TM2,B,1,5
5TM2,B,1,6
5TM2,B,1,7
5TM2,B,1,8
5TM2,B,1,9
5TM2,B,1,40
5TM2,B,1,165
5TM2,B,1,166
5TM2,B,1,167
5TM2,B,1,168
5TM2,B,1,169
5TM2,B,1,170
5TM2,B,1,237
5TM2,B,1,238
5TM2,B,1,250
5TM2,B,1,251
5TM2,B,1,252
5TM2,B,1,253
5TM2,B,1,254
5TM2,B,1,255
5TM2,B,1,256
5TM2,B,1,257
5TM2,C,1,1
5TM2,C,1,2
5TM2,C,1,12
5TM2,C,1,13
5TM2,D,1,1
5TM2,D,1,2
5TM2,D,1,12
5TM2,D,1,13
5TM3,A,1,1
5TM3,A,1,2
5TM3,A,1,3
5TM3,A,1,4
5TM3,A,1,5
5TM3,A,1,6
5TM3,A,1,7
5TM3,A,1,36
5TM3,A,1,37
5TM3,A,1,38
5TM3,A,1,165
5TM3,A,1,166
5TM3,A,1,167
5TM3,A,1,168
5TM3,A,1,169
5TM3,A,1,170
5TM3,A,1,171
5TM3,A,1,172
5TM3,A,1,173
5TM3,A,1,174
5TM3,A,1,252
5TM3,A,1,253
5TM3,A,1,254
5TM3,A,1,255
5TM3,A,1,256
5TM3,A,1,257
5TM3,B,1,1
5TM3,B,1,2
5TM3,B,1,3
5TM3,B,1,4
5TM3,B,1,5
5TM3,B,1,165
5TM3,B,1,166
5TM3,B,1,167
5TM3,B,1,252
5TM3,B,1,253
5TM3,B,1,254
5TM3,B,1,255
5TM3,B,1,256
5TM3,B,1,257
5TM3,C,1,1
5TM3,C,1,2
5TM3,C,1,12
5TM3,C,1,13
5TM3,D,1,1
5TM3,D,1,13
5TM4,A,1,1
5TM4,A,1,2
5TM4,A,1,3
5TM4,A,1,4
5TM4,A,1,5
5TM4,A,1,6
5TM4,A,1,7
5TM4,A,1,165
5TM4,A,1,166
5TM4,A,1,167
5TM4,A,1,168
5TM4,A,1,169
5TM4,A,1,170
5TM4,A,1,171
5TM4,A,1,172
5TM4,A,1,232
5TM4,A,1,233
5TM4,A,1,234
5TM4,A,1,235
5TM4,A,1,236
5TM4,A,1,237
5TM4,A,1,238
5TM4,A,1,239
5TM4,A,1,252
5TM4,A,1,253
5TM4,A,1,254
5TM4,A,1,255
5TM4,A,1,256
5TM4,A,1,257
5TM4,B,1,1
5TM4,B,1,2
5TM4,B,1,3
5TM4,B,1,4
5TM4,B,1,5
5TM4,B,1,6
5TM4,B,1,7
5TM4,B,1,35
5TM4,B,1,36
5TM4,B,1,37
5TM4,B,1,38
5TM4,B,1,39
5TM4,B,1,40
5TM4,B,1,164
5TM4,B,1,165
5TM4,B,1,166
5TM4,B,1,167
5TM4,B,1,168
5TM4,B,1,169
5TM4,B,1,170
5TM4,B,1,171
5TM4,B,1,172
5TM4,B,1,173
5TM4,B,1,174
5TM4,B,1,175
5TM4,B,1,232
5TM4,B,1,233
5TM4,B,1,234
5TM4,B,1,235
5TM4,B,1,236
5TM4,B,1,237
5TM4,B,1,238
5TM4,B,1,239
5TM4,B,1,252
5TM4,B,1,253
5TM4,B,1,254
5TM4,B,1,255
5TM4,B,1,256
5TM4,B,1,257
5TM4,C,1,1
5TM4,C,1,2
5TM4,C,1,12
5TM4,C,1,13
5TM4,D,1,1
5TM4,D,1,2
5TM4,D,1,11
5TM4,D,1,12
5TM4,D,1,13
5TM5,A,1,1
5TM5,A,1,2
5TM5,A,1,3
5TM5,A,1,4
5TM5,A,1,5
5TM5,A,1,6
5TM5,A,1,7
5TM5,A,1,165
5TM5,A,1,166
5TM5,A,1,167
5TM5,A,1,168
5TM5,A,1,169
5TM5,A,1,252
5TM5,A,1,253
5TM5,A,1,254
5TM5,A,1,255
5TM5,A,1,256
5TM5,A,1,257
5TM5,B,1,1
5TM5,B,1,2
5TM5,B,1,3
5TM5,B,1,4
5TM5,B,1,5
5TM5,B,1,6
5TM5,B,1,122
5TM5,B,1,123
5TM5,B,1,165
5TM5,B,1,166
5TM5,B,1,167
5TM5,B,1,168
5TM5,B,1,169
5TM5,B,1,170
5TM5,B,1,171
5TM5,B,1,172
5TM5,B,1,173
5TM5,B,1,174
5TM5,B,1,252
5TM5,B,1,253
5TM5,B,1,254
5TM5,B,1,255
5TM5,B,1,256
5TM5,B,1,257
5TM5,C,1,1
5TM5,C,1,2
5TM5,C,1,12
5TM5,C,1,13
5TM5,D,1,1
5TM5,D,1,12
5TM5,D,1,13
5TM6,A,1,1
5TM6,A,1,2
5TM6,A,1,3
5TM6,A,1,4
5TM6,A,1,5
5TM6,A,1,6
5TM6,A,1,37
5TM6,A,1,38
5TM6,A,1,166
5TM6,A,1,167
5TM6,A,1,168
5TM6,A,1,169
5TM6,A,1,170
5TM6,A,1,171
5TM6,A,1,172
5TM6,A,1,173
5TM6,A,1,174
5TM6,A,1,252
5TM6,A,1,253
5TM6,A,1,254
5TM6,A,1,255
5TM6,A,1,256
5TM6,A,1,257
5TM6,B,1,1
5TM6,B,1,2
5TM6,B,1,3
5TM6,B,1,4
5TM6,B,1,5
5TM6,B,1,6
5TM6,B,1,165
5TM6,B,1,166
5TM6,B,1,252
5TM6,B,1,253
5TM6,B,1,254
5TM6,B,1,255
5TM6,B,1,256
5TM6,B,1,257
5TM6,C,1,1
5TM6,C,1,12
5TM6,C,1,13
5TM6,D,1,1
5TM6,D,1,2
5TM6,D,1,13
5TM7,A,1,1
5TM7,A,1,2
5TM7,A,1,3
5TM7,A,1,4
5TM7,A,1,5
5TM7,A,1,6
5TM7,A,1,167
5TM7,A,1,168
5TM7,A,1,169
5TM7,A,1,170
5TM7,A,1,171
5TM7,A,1,172
5TM7,A,1,173
5TM7,A,1,174
5TM7,A,1,233
5TM7,A,1,234
5TM7,A,1,235
5TM7,A,1,236
5TM7,A,1,237
5TM7,A,1,254
5TM7,A,1,255
5TM7,A,1,256
5TM7,A,1,257
5TM7,B,1,1
5TM7,B,1,2
5TM7,B,1,3
5TM7,B,1,4
5TM7,B,1,5
5TM7,B,1,6
5TM7,B,1,7
5TM7,B,1,235
5TM7,B,1,236
5TM7,B,1,237
5TM7,B,1,238
5TM7,B,1,252
5TM7,B,1,253
5TM7,B,1,254
5TM7,B,1,255
5TM7,B,1,256
5TM7,B,1,257
5TM7,C,1,1
5TM7,C,1,12
5TM7,C,1,13
5TM7,D,1,1
5TM7,D,1,13
5TM8,A,1,1
5TM8,A,1,2
5TM8,A,1,3
5TM8,A,1,4
5TM8,A,1,5
5TM8,A,1,6
5TM8,A,1,7
5TM8,A,1,165
5TM8,A,1,166
5TM8,A,1,167
5TM8,A,1,168
5TM8,A,1,169
5TM8,A,1,234
5TM8,A,1,235
5TM8,A,1,236
5TM8,A,1,237
5TM8,A,1,252
5TM8,A,1,253
5TM8,A,1,254
5TM8,A,1,255
5TM8,A,1,256
5TM8,A,1,257
5TM8,B,1,1
5TM8,B,1,2
5TM8,B,1,3
5TM8,B,1,4
5TM8,B,1,5
5TM8,B,1,6
5TM8,B,1,35
5TM8,B,1,36
5TM8,B,1,37
5TM8,B,1,38
5TM8,B,1,165
5TM8,B,1,166
5TM8,B,1,167
5TM8,B,1,168
5TM8,B,1,169
5TM8,B,1,170
5TM8,B,1,171
5TM8,B,1,172
5TM8,B,1,173
5TM8,B,1,174
5TM8,B,1,233
5TM8,B,1,234
5TM8,B,1,235
5TM8,B,1,252
5TM8,B,1,253
5TM8,B,1,254
5TM8,B,1,255
5TM8,B,1,256
5TM8,B,1,257
5TM8,C,1,1
5TM8,C,1,13
5TM8,D,1,1
5TM8,D,1,12
5TM8,D,1,13
5TM9,A,1,1
5TM9,A,1,2
5TM9,A,1,3
5TM9,A,1,4
5TM9,A,1,5
5TM9,A,1,6
5TM9,A,1,7
5TM9,A,1,165
5TM9,A,1,166
5TM9,A,1,167
5TM9,A,1,168
5TM9,A,1,169
5TM9,A,1,170
5TM9,A,1,171
5TM9,A,1,172
5TM9,A,1,231
5TM9,A,1,232
5TM9,A,1,233
5TM9,A,1,234
5TM9,A,1,235
5TM9,A,1,236
5TM9,A,1,237
5TM9,A,1,238
5TM9,A,1,239
5TM9,A,1,240
5TM9,A,1,241
5TM9,A,1,242
5TM9,A,1,243
5TM9,A,1,244
5TM9,A,1,245
5TM9,A,1,246
5TM9,A,1,247
5TM9,A,1,248
5TM9,A,1,249
5TM9,A,1,250
5TM9,A,1,251
5TM9,A,1,252
5TM9,A,1,253
5TM9,A,1,254
5TM9,A,1,255
5TM9,A,1,256
5TM9,A,1,257
5TM9,B,1,1
5TM9,B,1,2
5TM9,B,1,3
5TM9,B,1,4
5TM9,B,1,5
5TM9,B,1,6
5TM9,B,1,7
5TM9,B,1,36
5TM9,B,1,37
5TM9,B,1,38
5TM9,B,1,164
5TM9,B,1,165
5TM9,B,1,166
5TM9,B,1,167
5TM9,B,1,168
5TM9,B,1,169
5TM9,B,1,170
5TM9,B,1,171
5TM9,B,1,172
5TM9,B,1,173
5TM9,B,1,174
5TM9,B,1,233
5TM9,B,1,234
5TM9,B,1,235
5TM9,B,1,236
5TM9,B,1,237
5TM9,B,1,238
5TM9,B,1,239
5TM9,B,1,240
5TM9,B,1,241
5TM9,B,1,242
5TM9,B,1,243
5TM9,B,1,244
5TM9,B,1,245
5TM9,B,1,246
5TM9,B,1,247
5TM9,B,1,248
5TM9,B,1,249
5TM9,B,1,250
5TM9,B,1,251
5TM9,B,1,252
5TM9,B,1,253
5TM9,B,1,254
5TM9,B,1,255
5TM9,B,1,256
5TM9,B,1,257
5TM9,C,1,1
5TM9,C,1,2
5TM9,C,1,12
5TM9,C,1,13
5TM9,D,1,1
5TM9,D,1,2
5TM9,D,1,3
5TM9,D,1,11
5TM9,D,1,12
5TM9,D,1,13
5TML,A,1,1
5TML,A,1,2
5TML,A,1,3
5TML,A,1,4
5TML,A,1,5
5TML,A,1,165
5TML,A,1,166
5TML,A,1,167
5TML,A,1,168
5TML,A,1,169
5TML,A,1,170
5TML,A,1,171
5TML,A,1,172
5TML,A,1,173
5TML,A,1,174
5TML,A,1,235
5TML,A,1,236
5TML,A,1,237
5TML,A,1,238
5TML,A,1,255
5TML,A,1,256
5TML,A,1,257
5TML,B,1,1
5TML,B,1,2
5TML,B,1,3
5TML,B,1,4
5TML,B,1,5
5TML,B,1,6
5TML,B,1,7
5TML,B,1,236
5TML,B,1,237
5TML,B,1,238
5TML,B,1,252
5TML,B,1,253
5TML,B,1,254
5TML,B,1,255
5TML,B,1,256
5TML,B,1,257
5TML,C,1,1
5TML,C,1,2
5TML,C,1,12
5TML,C,1,13
5TML,D,1,1
5TML,D,1,13
5TMM,A,1,1
5TMM,A,1,2
5TMM,A,1,3
5TMM,A,1,4
5TMM,A,1,5
5TMM,A,1,6
5TMM,A,1,7
5TMM,A,1,8
5TMM,A,1,36
5TMM,A,1,37
5TMM,A,1,38
5TMM,A,1,39
5TMM,A,1,119
5TMM,A,1,120
5TMM,A,1,165
5TMM,A,1,166
5TMM,A,1,167
5TMM,A,1,168
5TMM,A,1,169
5TMM,A,1,170
5TMM,A,1,171
5TMM,A,1,172
5TMM,A,1,173
5TMM,A,1,174
5TMM,A,1,235
5TMM,A,1,236
5TMM,A,1,237
5TMM,A,1,238
5TMM,A,1,252
5TMM,A,1,253
5TMM,A,1,254
5TMM,A,1,255
5TMM,A,1,256
5TMM,A,1,257
5TMM,B,1,1
5TMM,B,1,2
5TMM,B,1,3
5TMM,B,1,4
5TMM,B,1,5
5TMM,B,1,6
5TMM,B,1,7
5TMM,B,1,35
5TMM,B,1,36
5TMM,B,1,37
5TMM,B,1,38
5TMM,B,1,164
5TMM,B,1,165
5TMM,B,1,166
5TMM,B,1,167
5TMM,B,1,168
5TMM,B,1,169
5TMM,B,1,170
5TMM,B,1,171
5TMM,B,1,172
5TMM,B,1,173
5TMM,B,1,174
5TMM,B,1,233
5TMM,B,1,234
5TMM,B,1,235
5TMM,B,1,236
5TMM,B,1,237
5TMM,B,1,238
5TMM,B,1,239
5TMM,B,1,252
5TMM,B,1,253
5TMM,B,1,254
5TMM,B,1,255
5TMM,B,1,256
5TMM,B,1,257
5TMM,C,1,1
5TMM,C,1,2
5TMM,C,1,11
5TMM,C,1,12
5TMM,C,1,13
5TMM,D,1,1
5TMM,D,1,2
5TMM,D,1,12
5TMM,D,1,13
5TMO,A,1,1
5TMO,A,1,2
5TMO,A,1,3
5TMO,A,1,4
5TMO,A,1,5
5TMO,A,1,6
5TMO,A,1,165
5TMO,A,1,166
5TMO,A,1,167
5TMO,A,1,168
5TMO,A,1,169
5TMO,A,1,170
5TMO,A,1,171
5TMO,A,1,172
5TMO,A,1,173
5TMO,A,1,174
5TMO,A,1,252
5TMO,A,1,253
5TMO,A,1,254
5TMO,A,1,255
5TMO,A,1,256
5TMO,A,1,257
5TMO,B,1,1
5TMO,B,1,2
5TMO,B,1,3
5TMO,B,1,4
5TMO,B,1,5
5TMO,B,1,6
5TMO,B,1,7
5TMO,B,1,165
5TMO,B,1,166
5TMO,B,1,167
5TMO,B,1,168
5TMO,B,1,169
5TMO,B,1,252
5TMO,B,1,253
5TMO,B,1,254
5TMO,B,1,255
5TMO,B,1,256
5TMO,B,1,257
5TMO,C,1,1
5TMO,C,1,12
5TMO,C,1,13
5TMO,D,1,1
5TMO,D,1,13
5TMQ,A,1,1
5TMQ,A,1,2
5TMQ,A,1,3
5TMQ,A,1,4
5TMQ,A,1,5
5TMQ,A,1,6
5TMQ,A,1,7
5TMQ,A,1,165
5TMQ,A,1,166
5TMQ,A,1,167
5TMQ,A,1,168
5TMQ,A,1,169
5TMQ,A,1,170
5TMQ,A,1,171
5TMQ,A,1,172
5TMQ,A,1,173
5TMQ,A,1,174
5TMQ,A,1,252
5TMQ,A,1,253
5TMQ,A,1,254
5TMQ,A,1,255
5TMQ,A,1,256
5TMQ,A,1,257
5TMQ,B,1,1
5TMQ,B,1,2
5TMQ,B,1,3
5TMQ,B,1,4
5TMQ,B,1,5
5TMQ,B,1,165
5TMQ,B,1,166
5TMQ,B,1,167
5TMQ,B,1,252
5TMQ,B,1,253
5TMQ,B,1,254
5TMQ,B,1,255
5TMQ,B,1,256
5TMQ,B,1,257
5TMQ,C,1,1
5TMQ,C,1,2
5TMQ,C,1,12
5TMQ,C,1,13
5TMQ,D,1,1
5TMQ,D,1,2
5TMQ,D,1,13
5TMR,A,1,1
5TMR,A,1,2
5TMR,A,1,3
5TMR,A,1,4
5TMR,A,1,5
5TMR,A,1,6
5TMR,A,1,165
5TMR,A,1,166
5TMR,A,1,167
5TMR,A,1,252
5TMR,A,1,253
5TMR,A,1,254
5TMR,A,1,255
5TMR,A,1,256
5TMR,A,1,257
5TMR,B,1,1
5TMR,B,1,2
5TMR,B,1,13
5TMR,C,1,1
5TMR,C,1,2
5TMR,C,1,3
5TMR,C,1,4
5TMR,C,1,5
5TMR,C,1,6
5TMR,C,1,165
5TMR,C,1,166
5TMR,C,1,167
5TMR,C,1,168
5TMR,C,1,169
5TMR,C,1,170
5TMR,C,1,171
5TMR,C,1,172
5TMR,C,1,252
5TMR,C,1,253
5TMR,C,1,254
5TMR,C,1,255
5TMR,C,1,256
5TMR,C,1,257
5TMR,D,1,1
5TMR,D,1,13
5TMS,A,1,1
5TMS,A,1,2
5TMS,A,1,3
5TMS,A,1,4
5TMS,A,1,5
5TMS,A,1,6
5TMS,A,1,7
5TMS,A,1,165
5TMS,A,1,166
5TMS,A,1,167
5TMS,A,1,168
5TMS,A,1,169
5TMS,A,1,170
5TMS,A,1,171
5TMS,A,1,172
5TMS,A,1,173
5TMS,A,1,174
5TMS,A,1,252
5TMS,A,1,253
5TMS,A,1,254
5TMS,A,1,255
5TMS,A,1,256
5TMS,A,1,257
5TMS,B,1,1
5TMS,B,1,2
5TMS,B,1,3
5TMS,B,1,4
5TMS,B,1,164
5TMS,B,1,165
5TMS,B,1,166
5TMS,B,1,167
5TMS,B,1,252
5TMS,B,1,253
5TMS,B,1,254
5TMS,B,1,255
5TMS,B,1,256
5TMS,B,1,257
5TMS,C,1,1
5TMS,C,1,12
5TMS,C,1,13
5TMS,D,1,1
5TMS,D,1,2
5TMS,D,1,13
5TMT,A,1,1
5TMT,A,1,2
5TMT,A,1,3
5TMT,A,1,4
5TMT,A,1,5
5TMT,A,1,6
5TMT,A,1,7
5TMT,A,1,121
5TMT,A,1,122
5TMT,A,1,123
5TMT,A,1,164
5TMT,A,1,165
5TMT,A,1,166
5TMT,A,1,167
5TMT,A,1,252
5TMT,A,1,253
5TMT,A,1,254
5TMT,A,1,255
5TMT,A,1,256
5TMT,A,1,257
5TMT,B,1,1
5TMT,B,1,2
5TMT,B,1,3
5TMT,B,1,4
5TMT,B,1,5
5TMT,B,1,6
5TMT,B,1,164
5TMT,B,1,165
5TMT,B,1,166
5TMT,B,1,167
5TMT,B,1,168
5TMT,B,1,169
5TMT,B,1,170
5TMT,B,1,171
5TMT,B,1,172
5TMT,B,1,173
5TMT,B,1,174
5TMT,B,1,252
5TMT,B,1,253
5TMT,B,1,254
5TMT,B,1,255
5TMT,B,1,256
5TMT,B,1,257
5TMT,C,1,1
5TMT,C,1,2
5TMT,C,1,12
5TMT,C,1,13
5TMT,D,1,12
5TMT,D,1,13
5TMU,A,1,1
5TMU,A,1,2
5TMU,A,1,3
5TMU,A,1,4
5TMU,A,1,5
5TMU,A,1,6
5TMU,A,1,7
5TMU,A,1,165
5TMU,A,1,166
5TMU,A,1,167
5TMU,A,1,252
5TMU,A,1,253
5TMU,A,1,254
5TMU,A,1,255
5TMU,A,1,256
5TMU,A,1,257
5TMU,B,1,1
5TMU,B,1,2
5TMU,C,1,1
5TMU,C,1,2
5TMU,C,1,3
5TMU,C,1,4
5TMU,C,1,5
5TMU,C,1,6
5TMU,C,1,165
5TMU,C,1,166
5TMU,C,1,167
5TMU,C,1,168
5TMU,C,1,169
5TMU,C,1,170
5TMU,C,1,171
5TMU,C,1,172
5TMU,C,1,173
5TMU,C,1,174
5TMU,C,1,252
5TMU,C,1,253
5TMU,C,1,254
5TMU,C,1,255
5TMU,C,1,256
5TMU,C,1,257
5TMU,D,1,1
5TMU,D,1,12
5TMU,D,1,13
5TMV,A,1,1
5TMV,A,1,2
5TMV,A,1,3
5TMV,A,1,4
5TMV,A,1,5
5TMV,A,1,6
5TMV,A,1,164
5TMV,A,1,165
5TMV,A,1,166
5TMV,A,1,167
5TMV,A,1,168
5TMV,A,1,169
5TMV,A,1,170
5TMV,A,1,171
5TMV,A,1,172
5TMV,A,1,252
5TMV,A,1,253
5TMV,A,1,254
5TMV,A,1,255
5TMV,A,1,256
5TMV,A,1,257
5TMV,B,1,1
5TMV,B,1,2
5TMV,B,1,3
5TMV,B,1,4
5TMV,B,1,5
5TMV,B,1,6
5TMV,B,1,165
5TMV,B,1,166
5TMV,B,1,167
5TMV,B,1,234
5TMV,B,1,235
5TMV,B,1,236
5TMV,B,1,252
5TMV,B,1,253
5TMV,B,1,254
5TMV,B,1,255
5TMV,B,1,256
5TMV,B,1,257
5TMV,C,1,1
5TMV,C,1,2
5TMV,C,1,13
5TMV,D,1,1
5TMV,D,1,2
5TMV,D,1,13
5TMW,A,1,1
5TMW,A,1,2
5TMW,A,1,3
5TMW,A,1,4
5TMW,A,1,165
5TMW,A,1,166
5TMW,A,1,167
5TMW,A,1,168
5TMW,A,1,169
5TMW,A,1,170
5TMW,A,1,171
5TMW,A,1,252
5TMW,A,1,253
5TMW,A,1,254
5TMW,A,1,255
5TMW,A,1,256
5TMW,A,1,257
5TMW,B,1,1
5TMW,B,1,2
5TMW,B,1,12
5TMW,B,1,13
5TMW,C,1,1
5TMW,C,1,2
5TMW,C,1,3
5TMW,C,1,4
5TMW,C,1,5
5TMW,C,1,6
5TMW,C,1,7
5TMW,C,1,37
5TMW,C,1,38
5TMW,C,1,39
5TMW,C,1,166
5TMW,C,1,167
5TMW,C,1,253
5TMW,C,1,254
5TMW,C,1,255
5TMW,C,1,256
5TMW,C,1,257
5TMW,D,1,1
5TMW,D,1,12
5TMW,D,1,13
5TMZ,A,1,1
5TMZ,A,1,2
5TMZ,A,1,3
5TMZ,A,1,4
5TMZ,A,1,5
5TMZ,A,1,6
5TMZ,A,1,165
5TMZ,A,1,166
5TMZ,A,1,167
5TMZ,A,1,168
5TMZ,A,1,169
5TMZ,A,1,170
5TMZ,A,1,171
5TMZ,A,1,172
5TMZ,A,1,173
5TMZ,A,1,252
5TMZ,A,1,253
5TMZ,A,1,254
5TMZ,A,1,255
5TMZ,A,1,256
5TMZ,A,1,257
5TMZ,B,1,1
5TMZ,B,1,12
5TMZ,B,1,13
5TMZ,C,1,1
5TMZ,C,1,2
5TMZ,C,1,3
5TMZ,C,1,4
5TMZ,C,1,5
5TMZ,C,1,6
5TMZ,C,1,165
5TMZ,C,1,166
5TMZ,C,1,252
5TMZ,C,1,253
5TMZ,C,1,254
5TMZ,C,1,255
5TMZ,C,1,256
5TMZ,C,1,257
5TMZ,D,1,1
5TMZ,D,1,2
5TMZ,D,1,13
5TN1,A,1,1
5TN1,A,1,2
5TN1,A,1,3
5TN1,A,1,35
5TN1,A,1,36
5TN1,A,1,37
5TN1,A,1,252
5TN1,A,1,253
5TN1,A,1,254
5TN1,A,1,255
5TN1,A,1,256
5TN1,A,1,257
5TN1,B,1,1
5TN1,B,1,2
5TN1,B,1,3
5TN1,B,1,4
5TN1,B,1,5
5TN1,B,1,6
5TN1,B,1,165
5TN1,B,1,166
5TN1,B,1,254
5TN1,B,1,255
5TN1,B,1,256
5TN1,B,1,257
5TN1,C,1,1
5TN1,C,1,2
5TN1,C,1,12
5TN1,C,1,13
5TN1,D,1,1
5TN1,D,1,13
5TN3,A,1,1
5TN3,A,1,2
5TN3,A,1,3
5TN3,A,1,4
5TN3,A,1,5
5TN3,A,1,165
5TN3,A,1,166
5TN3,A,1,167
5TN3,A,1,168
5TN3,A,1,169
5TN3,A,1,170
5TN3,A,1,171
5TN3,A,1,172
5TN3,A,1,252
5TN3,A,1,253
5TN3,A,1,254
5TN3,A,1,255
5TN3,A,1,256
5TN3,A,1,257
5TN3,B,1,1
5TN3,B,1,2
5TN3,B,1,3
5TN3,B,1,4
5TN3,B,1,5
5TN3,B,1,6
5TN3,B,1,165
5TN3,B,1,166
5TN3,B,1,167
5TN3,B,1,253
5TN3,B,1,254
5TN3,B,1,255
5TN3,B,1,256
5TN3,B,1,257
5TN3,C,1,12
5TN3,C,1,13
5TN3,D,1,1
5TN3,D,1,2
5TN3,D,1,13
5TN4,A,1,1
5TN4,A,1,2
5TN4,A,1,3
5TN4,A,1,4
5TN4,A,1,5
5TN4,A,1,6
5TN4,A,1,7
5TN4,A,1,165
5TN4,A,1,166
5TN4,A,1,167
5TN4,A,1,168
5TN4,A,1,169
5TN4,A,1,170
5TN4,A,1,171
5TN4,A,1,172
5TN4,A,1,173
5TN4,A,1,174
5TN4,A,1,252
5TN4,A,1,253
5TN4,A,1,254
5TN4,A,1,255
5TN4,A,1,256
5TN4,A,1,257
5TN4,B,1,1
5TN4,B,1,2
5TN4,B,1,3
5TN4,B,1,4
5TN4,B,1,5
5TN4,B,1,6
5TN4,B,1,7
5TN4,B,1,165
5TN4,B,1,166
5TN4,B,1,253
5TN4,B,1,254
5TN4,B,1,255
5TN4,B,1,256
5TN4,B,1,257
5TN4,C,1,1
5TN4,C,1,13
5TN4,D,1,1
5TN4,D,1,13
5TN5,A,1,1
5TN5,A,1,2
5TN5,A,1,3
5TN5,A,1,4
5TN5,A,1,5
5TN5,A,1,6
5TN5,A,1,165
5TN5,A,1,166
5TN5,A,1,167
5TN5,A,1,168
5TN5,A,1,169
5TN5,A,1,170
5TN5,A,1,171
5TN5,A,1,172
5TN5,A,1,173
5TN5,A,1,174
5TN5,A,1,252
5TN5,A,1,253
5TN5,A,1,254
5TN5,A,1,255
5TN5,A,1,256
5TN5,A,1,257
5TN5,B,1,1
5TN5,B,1,2
5TN5,B,1,3
5TN5,B,1,4
5TN5,B,1,5
5TN5,B,1,6
5TN5,B,1,7
5TN5,B,1,164
5TN5,B,1,165
5TN5,B,1,166
5TN5,B,1,167
5TN5,B,1,168
5TN5,B,1,169
5TN5,B,1,170
5TN5,B,1,171
5TN5,B,1,172
5TN5,B,1,252
5TN5,B,1,253
5TN5,B,1,254
5TN5,B,1,255
5TN5,B,1,256
5TN5,B,1,257
5TN5,D,1,1
5TN5,D,1,12
5TN5,D,1,13
5TN6,A,1,1
5TN6,A,1,2
5TN6,A,1,3
5TN6,A,1,4
5TN6,A,1,5
5TN6,A,1,6
5TN6,A,1,7
5TN6,A,1,165
5TN6,A,1,166
5TN6,A,1,167
5TN6,A,1,168
5TN6,A,1,169
5TN6,A,1,170
5TN6,A,1,171
5TN6,A,1,172
5TN6,A,1,252
5TN6,A,1,253
5TN6,A,1,254
5TN6,A,1,255
5TN6,A,1,256
5TN6,A,1,257
5TN6,B,1,1
5TN6,B,1,2
5TN6,B,1,3
5TN6,B,1,4
5TN6,B,1,5
5TN6,B,1,6
5TN6,B,1,7
5TN6,B,1,35
5TN6,B,1,36
5TN6,B,1,37
5TN6,B,1,38
5TN6,B,1,164
5TN6,B,1,165
5TN6,B,1,166
5TN6,B,1,167
5TN6,B,1,168
5TN6,B,1,169
5TN6,B,1,170
5TN6,B,1,171
5TN6,B,1,172
5TN6,B,1,173
5TN6,B,1,252
5TN6,B,1,253
5TN6,B,1,254
5TN6,B,1,255
5TN6,B,1,256
5TN6,B,1,257
5TN6,C,1,1
5TN6,C,1,12
5TN6,C,1,13
5TN6,D,1,1
5TN6,D,1,12
5TN6,D,1,13
5TN7,A,1,1
5TN7,A,1,2
5TN7,A,1,3
5TN7,A,1,4
5TN7,A,1,5
5TN7,A,1,6
5TN7,A,1,7
5TN7,A,1,165
5TN7,A,1,166
5TN7,A,1,167
5TN7,A,1,168
5TN7,A,1,169
5TN7,A,1,170
5TN7,A,1,171
5TN7,A,1,172
5TN7,A,1,252
5TN7,A,1,253
5TN7,A,1,254
5TN7,A,1,255
5TN7,A,1,256
5TN7,A,1,257
5TN7,B,1,1
5TN7,B,1,2
5TN7,B,1,3
5TN7,B,1,4
5TN7,B,1,5
5TN7,B,1,6
5TN7,B,1,7
5TN7,B,1,165
5TN7,B,1,166
5TN7,B,1,167
5TN7,B,1,168
5TN7,B,1,169
5TN7,B,1,170
5TN7,B,1,171
5TN7,B,1,172
5TN7,B,1,251
5TN7,B,1,252
5TN7,B,1,253
5TN7,B,1,254
5TN7,B,1,255
5TN7,B,1,256
5TN7,B,1,257
5TN7,C,1,1
5TN7,C,1,2
5TN7,C,1,12
5TN7,C,1,13
5TN7,D,1,1
5TN7,D,1,2
5TN7,D,1,12
5TN7,D,1,13
5TN8,A,1,1
5TN8,A,1,2
5TN8,A,1,3
5TN8,A,1,4
5TN8,A,1,5
5TN8,A,1,6
5TN8,A,1,7
5TN8,A,1,34
5TN8,A,1,35
5TN8,A,1,36
5TN8,A,1,37
5TN8,A,1,38
5TN8,A,1,164
5TN8,A,1,165
5TN8,A,1,166
5TN8,A,1,167
5TN8,A,1,168
5TN8,A,1,169
5TN8,A,1,170
5TN8,A,1,171
5TN8,A,1,172
5TN8,A,1,173
5TN8,A,1,174
5TN8,A,1,252
5TN8,A,1,253
5TN8,A,1,254
5TN8,A,1,255
5TN8,A,1,256
5TN8,A,1,257
5TN8,B,1,1
5TN8,B,1,2
5TN8,B,1,3
5TN8,B,1,4
5TN8,B,1,5
5TN8,B,1,6
5TN8,B,1,7
5TN8,B,1,8
5TN8,B,1,9
5TN8,B,1,10
5TN8,B,1,165
5TN8,B,1,166
5TN8,B,1,167
5TN8,B,1,168
5TN8,B,1,169
5TN8,B,1,170
5TN8,B,1,252
5TN8,B,1,253
5TN8,B,1,254
5TN8,B,1,255
5TN8,B,1,256
5TN8,B,1,257
5TN8,C,1,1
5TN8,C,1,2
5TN8,C,1,12
5TN8,C,1,13
5TN8,D,1,1
5TN8,D,1,2
5TN8,D,1,12
5TN8,D,1,13
5TN9,A,1,1
5TN9,A,1,2
5TN9,A,1,3
5TN9,A,1,4
5TN9,A,1,5
5TN9,A,1,6
5TN9,A,1,7
5TN9,A,1,8
5TN9,A,1,117
5TN9,A,1,118
5TN9,A,1,119
5TN9,A,1,120
5TN9,A,1,121
5TN9,A,1,122
5TN9,A,1,123
5TN9,A,1,165
5TN9,A,1,166
5TN9,A,1,167
5TN9,A,1,168
5TN9,A,1,169
5TN9,A,1,170
5TN9,A,1,228
5TN9,A,1,229
5TN9,A,1,230
5TN9,A,1,231
5TN9,A,1,232
5TN9,A,1,233
5TN9,A,1,250
5TN9,A,1,251
5TN9,A,1,252
5TN9,A,1,253
5TN9,A,1,254
5TN9,A,1,255
5TN9,A,1,256
5TN9,A,1,257
5TN9,B,1,1
5TN9,B,1,2
5TN9,B,1,3
5TN9,B,1,4
5TN9,B,1,5
5TN9,B,1,6
5TN9,B,1,7
5TN9,B,1,34
5TN9,B,1,35
5TN9,B,1,36
5TN9,B,1,37
5TN9,B,1,38
5TN9,B,1,39
5TN9,B,1,40
5TN9,B,1,41
5TN9,B,1,42
5TN9,B,1,43
5TN9,B,1,119
5TN9,B,1,120
5TN9,B,1,121
5TN9,B,1,122
5TN9,B,1,123
5TN9,B,1,162
5TN9,B,1,163
5TN9,B,1,164
5TN9,B,1,165
5TN9,B,1,166
5TN9,B,1,167
5TN9,B,1,168
5TN9,B,1,169
5TN9,B,1,170
5TN9,B,1,171
5TN9,B,1,172
5TN9,B,1,231
5TN9,B,1,232
5TN9,B,1,233
5TN9,B,1,234
5TN9,B,1,235
5TN9,B,1,250
5TN9,B,1,251
5TN9,B,1,252
5TN9,B,1,253
5TN9,B,1,254
5TN9,B,1,255
5TN9,B,1,256
5TN9,B,1,257
5TN9,C,1,1
5TN9,C,1,2
5TN9,C,1,3
5TN9,C,1,4
5TN9,C,1,5
5TN9,C,1,6
5TN9,C,1,7
5TN9,C,1,8
5TN9,C,1,9
5TN9,C,1,117
5TN9,C,1,118
5TN9,C,1,119
5TN9,C,1,120
5TN9,C,1,121
5TN9,C,1,122
5TN9,C,1,123
5TN9,C,1,165
5TN9,C,1,166
5TN9,C,1,167
5TN9,C,1,168
5TN9,C,1,231
5TN9,C,1,232
5TN9,C,1,233
5TN9,C,1,234
5TN9,C,1,235
5TN9,C,1,250
5TN9,C,1,251
5TN9,C,1,252
5TN9,C,1,253
5TN9,C,1,254
5TN9,C,1,255
5TN9,C,1,256
5TN9,C,1,257
5TN9,D,1,1
5TN9,D,1,2
5TN9,D,1,3
5TN9,D,1,4
5TN9,D,1,5
5TN9,D,1,6
5TN9,D,1,7
5TN9,D,1,36
5TN9,D,1,37
5TN9,D,1,38
5TN9,D,1,39
5TN9,D,1,40
5TN9,D,1,41
5TN9,D,1,42
5TN9,D,1,43
5TN9,D,1,119
5TN9,D,1,120
5TN9,D,1,121
5TN9,D,1,122
5TN9,D,1,123
5TN9,D,1,164
5TN9,D,1,165
5TN9,D,1,166
5TN9,D,1,230
5TN9,D,1,231
5TN9,D,1,232
5TN9,D,1,233
5TN9,D,1,234
5TN9,D,1,235
5TN9,D,1,236
5TN9,D,1,250
5TN9,D,1,251
5TN9,D,1,252
5TN9,D,1,253
5TN9,D,1,254
5TN9,D,1,255
5TN9,D,1,256
5TN9,D,1,257
5TNB,A,1,1
5TNB,A,1,2
5TNB,A,1,3
5TNB,A,1,4
5TNB,A,1,5
5TNB,A,1,6
5TNB,A,1,7
5TNB,A,1,8
5TNB,A,1,116
5TNB,A,1,117
5TNB,A,1,118
5TNB,A,1,119
5TNB,A,1,120
5TNB,A,1,121
5TNB,A,1,122
5TNB,A,1,123
5TNB,A,1,166
5TNB,A,1,167
5TNB,A,1,233
5TNB,A,1,234
5TNB,A,1,235
5TNB,A,1,236
5TNB,A,1,250
5TNB,A,1,251
5TNB,A,1,252
5TNB,A,1,253
5TNB,A,1,254
5TNB,A,1,255
5TNB,A,1,256
5TNB,A,1,257
5TNB,B,1,1
5TNB,B,1,2
5TNB,B,1,3
5TNB,B,1,4
5TNB,B,1,5
5TNB,B,1,6
5TNB,B,1,7
5TNB,B,1,40
5TNB,B,1,41
5TNB,B,1,42
5TNB,B,1,43
5TNB,B,1,119
5TNB,B,1,120
5TNB,B,1,121
5TNB,B,1,122
5TNB,B,1,161
5TNB,B,1,162
5TNB,B,1,163
5TNB,B,1,164
5TNB,B,1,165
5TNB,B,1,166
5TNB,B,1,167
5TNB,B,1,168
5TNB,B,1,169
5TNB,B,1,170
5TNB,B,1,171
5TNB,B,1,172
5TNB,B,1,173
5TNB,B,1,174
5TNB,B,1,232
5TNB,B,1,233
5TNB,B,1,234
5TNB,B,1,235
5TNB,B,1,236
5TNB,B,1,250
5TNB,B,1,251
5TNB,B,1,252
5TNB,B,1,253
5TNB,B,1,254
5TNB,B,1,255
5TNB,B,1,256
5TNB,B,1,257
5TNB,C,1,1
5TNB,C,1,2
5TNB,C,1,3
5TNB,C,1,4
5TNB,C,1,5
5TNB,C,1,6
5TNB,C,1,7
5TNB,C,1,8
5TNB,C,1,117
5TNB,C,1,118
5TNB,C,1,119
5TNB,C,1,120
5TNB,C,1,121
5TNB,C,1,122
5TNB,C,1,165
5TNB,C,1,166
5TNB,C,1,232
5TNB,C,1,233
5TNB,C,1,234
5TNB,C,1,235
5TNB,C,1,250
5TNB,C,1,251
5TNB,C,1,252
5TNB,C,1,253
5TNB,C,1,254
5TNB,C,1,255
5TNB,C,1,256
5TNB,C,1,257
5TNB,D,1,1
5TNB,D,1,2
5TNB,D,1,3
5TNB,D,1,4
5TNB,D,1,5
5TNB,D,1,6
5TNB,D,1,7
5TNB,D,1,39
5TNB,D,1,40
5TNB,D,1,41
5TNB,D,1,42
5TNB,D,1,43
5TNB,D,1,120
5TNB,D,1,121
5TNB,D,1,122
5TNB,D,1,165
5TNB,D,1,231
5TNB,D,1,232
5TNB,D,1,233
5TNB,D,1,234
5TNB,D,1,235
5TNB,D,1,236
5TNB,D,1,250
5TNB,D,1,251
5TNB,D,1,252
5TNB,D,1,253
5TNB,D,1,254
5TNB,D,1,255
5TNB,D,1,256
5TNB,D,1,257
5TOA,A,1,1
5TOA,A,1,26
5TOA,A,1,152
5TOA,A,1,153
5TOA,A,1,154
5TOA,A,1,155
5TOA,A,1,156
5TOA,A,1,157
5TOA,A,1,158
5TOA,A,1,159
5TOA,A,1,160
5TOA,A,1,242
5TOA,A,1,243
5TOA,A,1,244
5TOA,A,1,245
5TOA,A,1,246
5TOA,A,1,247
5TOA,A,1,248
5TOA,A,1,249
5TOA,B,1,153
5TOA,B,1,154
5TOA,B,1,155
5TOA,B,1,156
5TOA,B,1,157
5TOA,B,1,158
5TOA,B,1,159
5TOA,B,1,160
5TOA,B,1,161
5TOA,B,1,242
5TOA,B,1,243
5TOA,B,1,244
5TOA,B,1,245
5TOA,B,1,246
5TOA,B,1,247
5TOA,B,1,248
5TOA,B,1,249
5TTO,A,1,1
5TTO,A,1,61
5TTO,A,1,62
5TTO,A,1,63
5TTO,A,1,64
5TTO,A,1,65
5TTO,A,1,66
5TTO,A,1,67
5TTO,A,1,68
5TTO,A,1,69
5TTO,A,1,70
5TTO,A,1,71
5TTO,A,1,273
5TTO,B,1,1
5TTO,B,1,2
5TTO,B,1,37
5TTO,B,1,38
5TTO,B,1,39
5TTO,B,1,40
5TTO,B,1,65
5TTO,B,1,66
5TTO,B,1,67
5TTO,B,1,68
5TTO,B,1,69
5TTO,B,1,70
5TTO,B,1,71
5TTO,B,1,272
5TTO,B,1,273
5TWO,A,1,1
5TWO,A,1,272
5TWO,B,1,1
5TWO,B,1,2
5TWO,B,1,3
5TWO,B,1,15
5U2B,A,1,1
5U2B,A,1,37
5U2B,A,1,38
5U2B,A,1,165
5U2B,A,1,234
5U2B,A,1,235
5U2B,A,1,236
5U2B,A,1,237
5U2B,A,1,238
5U2B,A,1,252
5U2B,A,1,253
5U2B,A,1,254
5U2B,A,1,255
5U2B,A,1,256
5U2B,A,1,257
5U2B,B,1,1
5U2B,B,1,2
5U2B,B,1,3
5U2B,B,1,4
5U2B,B,1,5
5U2B,B,1,6
5U2B,B,1,38
5U2B,B,1,39
5U2B,B,1,40
5U2B,B,1,41
5U2B,B,1,42
5U2B,B,1,163
5U2B,B,1,164
5U2B,B,1,165
5U2B,B,1,166
5U2B,B,1,167
5U2B,B,1,168
5U2B,B,1,169
5U2B,B,1,170
5U2B,B,1,171
5U2B,B,1,172
5U2B,B,1,173
5U2B,B,1,174
5U2B,B,1,252
5U2B,B,1,253
5U2B,B,1,254
5U2B,B,1,255
5U2B,B,1,256
5U2B,B,1,257
5U2B,C,1,1
5U2B,C,1,2
5U2B,C,1,165
5U2B,C,1,166
5U2B,C,1,167
5U2B,C,1,234
5U2B,C,1,235
5U2B,C,1,236
5U2B,C,1,253
5U2B,C,1,254
5U2B,C,1,255
5U2B,C,1,256
5U2B,C,1,257
5U2B,D,1,1
5U2B,D,1,2
5U2B,D,1,3
5U2B,D,1,4
5U2B,D,1,5
5U2B,D,1,6
5U2B,D,1,34
5U2B,D,1,35
5U2B,D,1,36
5U2B,D,1,37
5U2B,D,1,38
5U2B,D,1,39
5U2B,D,1,40
5U2B,D,1,41
5U2B,D,1,42
5U2B,D,1,163
5U2B,D,1,164
5U2B,D,1,165
5U2B,D,1,166
5U2B,D,1,167
5U2B,D,1,168
5U2B,D,1,169
5U2B,D,1,170
5U2B,D,1,171
5U2B,D,1,172
5U2B,D,1,235
5U2B,D,1,236
5U2B,D,1,254
5U2B,D,1,255
5U2B,D,1,256
5U2B,D,1,257
5U2B,E,1,1
5U2B,E,1,2
5U2B,E,1,3
5U2B,E,1,4
5U2B,E,1,5
5U2B,E,1,6
5U2B,E,1,7
5U2B,E,1,8
5U2B,E,1,37
5U2B,E,1,38
5U2B,E,1,39
5U2B,E,1,40
5U2B,E,1,165
5U2B,E,1,166
5U2B,E,1,167
5U2B,E,1,168
5U2B,E,1,169
5U2B,E,1,170
5U2B,E,1,171
5U2B,E,1,172
5U2B,E,1,173
5U2B,E,1,231
5U2B,E,1,232
5U2B,E,1,233
5U2B,E,1,234
5U2B,E,1,235
5U2B,E,1,236
5U2B,E,1,237
5U2B,E,1,238
5U2B,E,1,239
5U2B,E,1,252
5U2B,E,1,253
5U2B,E,1,254
5U2B,E,1,255
5U2B,E,1,256
5U2B,E,1,257
5U2B,F,1,1
5U2B,F,1,2
5U2B,F,1,3
5U2B,F,1,4
5U2B,F,1,33
5U2B,F,1,34
5U2B,F,1,35
5U2B,F,1,36
5U2B,F,1,37
5U2B,F,1,38
5U2B,F,1,39
5U2B,F,1,40
5U2B,F,1,41
5U2B,F,1,42
5U2B,F,1,43
5U2B,F,1,161
5U2B,F,1,162
5U2B,F,1,163
5U2B,F,1,164
5U2B,F,1,165
5U2B,F,1,166
5U2B,F,1,167
5U2B,F,1,235
5U2B,F,1,236
5U2B,F,1,237
5U2B,F,1,238
5U2B,F,1,252
5U2B,F,1,253
5U2B,F,1,254
5U2B,F,1,255
5U2B,F,1,256
5U2B,F,1,257
5U2D,A,1,1
5U2D,A,1,2
5U2D,A,1,3
5U2D,A,1,4
5U2D,A,1,5
5U2D,A,1,6
5U2D,A,1,7
5U2D,A,1,165
5U2D,A,1,166
5U2D,A,1,167
5U2D,A,1,257
5U2D,B,1,1
5U2D,B,1,2
5U2D,B,1,3
5U2D,B,1,4
5U2D,B,1,5
5U2D,B,1,163
5U2D,B,1,164
5U2D,B,1,165
5U2D,B,1,166
5U2D,B,1,167
5U2D,B,1,168
5U2D,B,1,169
5U2D,B,1,170
5U2D,B,1,171
5U2D,B,1,172
5U2D,B,1,173
5U2D,B,1,174
5U2D,B,1,257
5U2D,C,1,13
5U2D,D,1,12
5U2D,D,1,13
5U3Q,A,1,1
5U3Q,A,1,2
5U3Q,A,1,3
5U3Q,A,1,35
5U3Q,A,1,36
5U3Q,A,1,37
5U3Q,A,1,38
5U3Q,B,1,272
5U3R,A,1,271
5U3R,A,1,272
5U3R,B,1,1
5U3R,B,1,2
5U3R,B,1,3
5U3R,B,1,35
5U3R,B,1,36
5U3R,B,1,37
5U3R,B,1,38
5U3R,B,1,39
5U3R,B,1,60
5U3R,B,1,61
5U3R,B,1,272
5U3S,A,1,272
5U3S,B,1,1
5U3S,B,1,2
5U3S,B,1,3
5U3S,B,1,35
5U3S,B,1,36
5U3S,B,1,37
5U3S,B,1,38
5U3S,B,1,39
5U3S,B,1,272
5U3T,A,1,272
5U3T,B,1,1
5U3T,B,1,2
5U3T,B,1,3
5U3T,B,1,36
5U3T,B,1,37
5U3T,B,1,38
5U3U,A,1,1
5U3U,A,1,2
5U3U,A,1,34
5U3U,A,1,35
5U3U,A,1,36
5U3U,A,1,37
5U3U,A,1,38
5U3U,A,1,39
5U3U,A,1,56
5U3U,A,1,57
5U3U,A,1,60
5U3U,A,1,61
5U3U,A,1,62
5U3U,A,1,63
5U3U,A,1,64
5U3U,A,1,271
5U3U,A,1,272
5U3U,B,1,1
5U3U,B,1,2
5U3U,B,1,3
5U3U,B,1,4
5U3U,B,1,34
5U3U,B,1,35
5U3U,B,1,36
5U3U,B,1,37
5U3U,B,1,38
5U3U,B,1,39
5U3U,B,1,58
5U3U,B,1,59
5U3U,B,1,60
5U3U,B,1,61
5U3U,B,1,62
5U3U,B,1,63
5U3U,B,1,64
5U3U,B,1,65
5U3U,B,1,269
5U3U,B,1,270
5U3U,B,1,271
5U3U,B,1,272
5U3V,A,1,1
5U3V,A,1,2
5U3V,A,1,3
5U3V,A,1,34
5U3V,A,1,35
5U3V,A,1,36
5U3V,A,1,37
5U3V,A,1,38
5U3V,A,1,39
5U3V,B,1,37
5U3V,B,1,38
5U3V,B,1,39
5U3V,B,1,272
5U3W,A,1,36
5U3W,A,1,37
5U3W,A,1,38
5U3W,A,1,39
5U3W,A,1,272
5U3W,B,1,1
5U3W,B,1,2
5U3W,B,1,3
5U3W,B,1,4
5U3W,B,1,34
5U3W,B,1,35
5U3W,B,1,36
5U3W,B,1,37
5U3W,B,1,38
5U3W,B,1,39
5U3X,A,1,1
5U3X,A,1,2
5U3X,A,1,3
5U3X,A,1,60
5U3X,A,1,61
5U3X,A,1,62
5U3X,A,1,63
5U3X,A,1,64
5U3X,A,1,271
5U3X,A,1,272
5U3X,B,1,1
5U3X,B,1,2
5U3X,B,1,3
5U3X,B,1,4
5U3X,B,1,35
5U3X,B,1,36
5U3X,B,1,37
5U3X,B,1,38
5U3X,B,1,39
5U3X,B,1,58
5U3X,B,1,59
5U3X,B,1,60
5U3X,B,1,61
5U3X,B,1,62
5U3X,B,1,63
5U3X,B,1,64
5U3X,B,1,65
5U3X,B,1,270
5U3X,B,1,271
5U3X,B,1,272
5U3Y,A,1,1
5U3Y,A,1,60
5U3Y,A,1,61
5U3Y,A,1,62
5U3Y,A,1,63
5U3Y,A,1,64
5U3Y,A,1,65
5U3Y,A,1,271
5U3Y,A,1,272
5U3Y,B,1,1
5U3Y,B,1,2
5U3Y,B,1,3
5U3Y,B,1,34
5U3Y,B,1,35
5U3Y,B,1,36
5U3Y,B,1,37
5U3Y,B,1,38
5U3Y,B,1,39
5U3Y,B,1,60
5U3Y,B,1,61
5U3Y,B,1,62
5U3Y,B,1,63
5U3Y,B,1,64
5U3Y,B,1,65
5U3Y,B,1,271
5U3Y,B,1,272
5U3Z,A,1,1
5U3Z,A,1,2
5U3Z,A,1,271
5U3Z,A,1,272
5U3Z,B,1,1
5U3Z,B,1,2
5U3Z,B,1,3
5U3Z,B,1,4
5U3Z,B,1,35
5U3Z,B,1,36
5U3Z,B,1,37
5U3Z,B,1,38
5U3Z,B,1,39
5U3Z,B,1,271
5U3Z,B,1,272
5U40,A,1,1
5U40,A,1,2
5U40,A,1,3
5U40,A,1,4
5U40,A,1,34
5U40,A,1,35
5U40,A,1,36
5U40,A,1,37
5U40,A,1,38
5U40,A,1,39
5U40,A,1,60
5U40,A,1,61
5U40,A,1,270
5U40,A,1,271
5U40,A,1,272
5U40,B,1,1
5U40,B,1,2
5U40,B,1,3
5U40,B,1,4
5U40,B,1,60
5U40,B,1,61
5U40,B,1,62
5U40,B,1,63
5U40,B,1,64
5U40,B,1,65
5U40,B,1,270
5U40,B,1,271
5U40,B,1,272
5U41,A,1,1
5U41,A,1,2
5U41,A,1,3
5U41,A,1,4
5U41,A,1,34
5U41,A,1,35
5U41,A,1,36
5U41,A,1,37
5U41,A,1,38
5U41,A,1,39
5U41,A,1,271
5U41,A,1,272
5U41,B,1,1
5U41,B,1,2
5U41,B,1,3
5U41,B,1,34
5U41,B,1,35
5U41,B,1,36
5U41,B,1,37
5U41,B,1,38
5U41,B,1,39
5U41,B,1,271
5U41,B,1,272
5U42,A,1,272
5U42,B,1,1
5U42,B,1,2
5U42,B,1,3
5U42,B,1,35
5U42,B,1,36
5U42,B,1,37
5U42,B,1,38
5U42,B,1,39
5U42,B,1,272
5U43,A,1,36
5U43,A,1,37
5U43,A,1,38
5U43,A,1,39
5U43,A,1,271
5U43,A,1,272
5U43,B,1,1
5U43,B,1,2
5U43,B,1,3
5U43,B,1,4
5U43,B,1,35
5U43,B,1,36
5U43,B,1,37
5U43,B,1,38
5U43,B,1,39
5U43,B,1,272
5U44,A,1,1
5U44,A,1,2
5U44,A,1,3
5U44,A,1,4
5U44,A,1,57
5U44,A,1,58
5U44,A,1,59
5U44,A,1,60
5U44,A,1,61
5U44,A,1,62
5U44,A,1,63
5U44,A,1,64
5U44,A,1,270
5U44,A,1,271
5U44,A,1,272
5U44,B,1,1
5U44,B,1,2
5U44,B,1,58
5U44,B,1,59
5U44,B,1,60
5U44,B,1,61
5U44,B,1,62
5U44,B,1,63
5U44,B,1,64
5U44,B,1,270
5U44,B,1,271
5U44,B,1,272
5U45,A,1,1
5U45,A,1,2
5U45,A,1,3
5U45,A,1,4
5U45,A,1,34
5U45,A,1,35
5U45,A,1,36
5U45,A,1,37
5U45,A,1,38
5U45,A,1,39
5U45,B,1,1
5U45,B,1,2
5U45,B,1,3
5U45,B,1,36
5U45,B,1,37
5U45,B,1,271
5U45,B,1,272
5U46,A,1,34
5U46,A,1,35
5U46,A,1,36
5U46,A,1,37
5U46,A,1,38
5U46,A,1,39
5U46,A,1,271
5U46,A,1,272
5U46,B,1,34
5U46,B,1,35
5U46,B,1,36
5U46,B,1,37
5U46,B,1,38
5U46,B,1,39
5U46,B,1,271
5U46,B,1,272
5U5L,A,1,59
5U5L,A,1,60
5U5L,A,1,61
5U5L,A,1,62
5U5L,A,1,63
5U5L,A,1,64
5U5L,A,1,65
5U5L,A,1,66
5U5L,A,1,67
5U5L,A,1,68
5U5L,A,1,69
5U5L,A,1,70
5U5L,A,1,71
5U5L,A,1,273
5U5L,B,1,1
5U5L,B,1,2
5U5L,B,1,37
5U5L,B,1,38
5U5L,B,1,39
5U5L,B,1,40
5U5L,B,1,65
5U5L,B,1,66
5U5L,B,1,67
5U5L,B,1,68
5U5L,B,1,69
5U5L,B,1,70
5U5L,B,1,71
5U5L,B,1,258
5U5L,B,1,259
5U5L,B,1,260
5U5L,B,1,261
5U5L,B,1,262
5U5L,B,1,273
5UAN,A,1,1
5UAN,A,1,2
5UAN,A,1,3
5UAN,A,1,4
5UAN,A,1,5
5UAN,A,1,6
5UAN,A,1,7
5UAN,A,1,8
5UAN,A,1,9
5UAN,A,1,10
5UAN,A,1,11
5UAN,A,1,12
5UAN,A,1,13
5UAN,A,1,14
5UAN,A,1,15
5UAN,A,1,16
5UAN,A,1,17
5UAN,A,1,18
5UAN,A,1,19
5UAN,A,1,20
5UAN,A,1,21
5UAN,A,1,22
5UAN,A,1,23
5UAN,A,1,24
5UAN,A,1,25
5UAN,A,1,26
5UAN,A,1,27
5UAN,A,1,28
5UAN,A,1,29
5UAN,A,1,30
5UAN,A,1,31
5UAN,A,1,32
5UAN,A,1,33
5UAN,A,1,34
5UAN,A,1,35
5UAN,A,1,70
5UAN,A,1,71
5UAN,A,1,72
5UAN,A,1,73
5UAN,A,1,74
5UAN,A,1,75
5UAN,A,1,76
5UAN,A,1,77
5UAN,A,1,78
5UAN,A,1,79
5UAN,A,1,89
5UAN,A,1,113
5UAN,A,1,114
5UAN,A,1,115
5UAN,A,1,116
5UAN,A,1,117
5UAN,A,1,118
5UAN,A,1,119
5UAN,A,1,120
5UAN,A,1,121
5UAN,A,1,122
5UAN,A,1,123
5UAN,A,1,124
5UAN,A,1,125
5UAN,A,1,126
5UAN,A,1,127
5UAN,A,1,128
5UAN,A,1,147
5UAN,A,1,148
5UAN,A,1,149
5UAN,A,1,150
5UAN,A,1,151
5UAN,A,1,152
5UAN,A,1,153
5UAN,A,1,154
5UAN,A,1,155
5UAN,A,1,156
5UAN,A,1,157
5UAN,A,1,158
5UAN,A,1,159
5UAN,A,1,160
5UAN,A,1,161
5UAN,A,1,162
5UAN,A,1,163
5UAN,A,1,164
5UAN,A,1,165
5UAN,A,1,166
5UAN,A,1,361
5UAN,A,1,362
5UAN,A,1,363
5UAN,A,1,364
5UAN,A,1,365
5UAN,B,1,1
5UAN,B,1,2
5UAN,B,1,3
5UAN,B,1,4
5UAN,B,1,5
5UAN,B,1,6
5UAN,B,1,7
5UAN,B,1,8
5UAN,B,1,9
5UAN,B,1,10
5UAN,B,1,11
5UAN,B,1,12
5UAN,B,1,13
5UAN,B,1,14
5UAN,B,1,15
5UAN,B,1,16
5UAN,B,1,17
5UAN,B,1,18
5UAN,B,1,19
5UAN,B,1,20
5UAN,B,1,21
5UAN,B,1,22
5UAN,B,1,23
5UAN,B,1,24
5UAN,B,1,25
5UAN,B,1,26
5UAN,B,1,27
5UAN,B,1,28
5UAN,B,1,102
5UAN,B,1,103
5UAN,B,1,104
5UAN,B,1,105
5UAN,B,1,106
5UAN,B,1,107
5UAN,B,1,108
5UAN,B,1,109
5UAN,B,1,110
5UAN,B,1,111
5UAN,B,1,112
5UAN,B,1,113
5UAN,B,1,114
5UAN,B,1,115
5UAN,B,1,116
5UAN,B,1,117
5UAN,B,1,118
5UAN,B,1,119
5UAN,B,1,120
5UAN,B,1,121
5UAN,B,1,122
5UAN,B,1,358
5UAN,B,1,359
5UAN,B,1,360
5UAN,B,1,361
5UAN,B,1,362
5UAN,B,1,363
5UAN,B,1,364
5UAN,B,1,365
5UAN,B,1,366
5UAN,B,1,367
5UAN,B,1,368
5UAN,B,1,369
5UAN,B,1,370
5UAN,B,1,371
5UAN,B,1,372
5UAN,B,1,373
5UAN,B,1,374
5UAN,B,1,375
5UAN,B,1,376
5UAN,B,1,377
5UAN,B,1,378
5UAN,B,1,379
5UAN,B,1,380
5UAN,B,1,381
5UAN,B,1,382
5UAN,B,1,383
5UAN,B,1,384
5UAN,B,1,385
5UAN,B,1,386
5UAN,B,1,387
5UAN,B,1,388
5UAN,B,1,389
5UAN,B,1,390
5UAN,B,1,391
5UAN,B,1,392
5UAN,B,1,393
5UAN,B,1,394
5UAN,B,1,395
5UAN,B,1,396
5UAN,B,1,397
5UAN,D,1,10
5UC3,A,1,1
5UC3,A,1,2
5UC3,A,1,3
5UC3,A,1,4
5UC3,A,1,5
5UC3,A,1,228
5UC3,A,1,229
5UC3,A,1,230
5UC3,A,1,231
5UC3,A,1,232
5UC3,A,1,233
5UC3,A,1,234
5UC3,A,1,235
5UC3,A,1,236
5UC3,A,1,237
5UC3,A,1,238
5UC3,A,1,239
5UC3,A,1,240
5UC3,A,1,241
5UC3,A,1,242
5UC3,A,1,243
5UC3,A,1,244
5UC3,A,1,245
5UC3,A,1,246
5UC3,A,1,257
5UC3,B,1,1
5UC3,B,1,2
5UC3,B,1,3
5UC3,B,1,4
5UC3,B,1,5
5UC3,B,1,96
5UC3,B,1,228
5UC3,B,1,229
5UC3,B,1,230
5UC3,B,1,231
5UC3,B,1,232
5UC3,B,1,233
5UC3,B,1,234
5UC3,B,1,235
5UC3,B,1,236
5UC3,B,1,237
5UC3,B,1,238
5UC3,B,1,239
5UC3,B,1,240
5UC3,B,1,241
5UC3,B,1,242
5UC3,B,1,243
5UC3,B,1,244
5UC3,B,1,245
5UC3,B,1,246
5UC3,B,1,257
5UFO,A,1,1
5UFO,A,1,2
5UFO,A,1,3
5UFO,A,1,4
5UFO,A,1,5
5UFO,A,1,6
5UFO,A,1,7
5UFO,A,1,8
5UFO,A,1,9
5UFO,A,1,10
5UFO,A,1,11
5UFO,A,1,12
5UFO,A,1,13
5UFO,A,1,14
5UFO,A,1,15
5UFO,A,1,241
5UFO,A,1,242
5UFO,A,1,243
5UFO,A,1,244
5UFO,A,1,245
5UFO,A,1,246
5UFO,A,1,247
5UFO,A,1,248
5UFO,A,1,249
5UFO,A,1,250
5UFO,A,1,251
5UFO,A,1,252
5UFO,A,1,253
5UFO,A,1,254
5UFO,A,1,255
5UFO,A,1,256
5UFO,A,1,257
5UFO,A,1,258
5UFR,A,1,1
5UFR,A,1,2
5UFR,A,1,3
5UFR,A,1,4
5UFR,A,1,5
5UFR,A,1,6
5UFR,A,1,7
5UFR,A,1,8
5UFR,A,1,9
5UFR,A,1,10
5UFR,A,1,11
5UFR,A,1,12
5UFR,A,1,13
5UFR,A,1,14
5UFR,A,1,15
5UFR,A,1,239
5UFR,A,1,240
5UFR,A,1,241
5UFR,A,1,242
5UFR,A,1,243
5UFR,A,1,244
5UFR,A,1,245
5UFR,A,1,246
5UFR,A,1,247
5UFR,A,1,248
5UFR,A,1,249
5UFR,A,1,250
5UFR,A,1,251
5UFR,A,1,252
5UFR,A,1,253
5UFR,A,1,254
5UFR,A,1,255
5UFR,A,1,256
5UFR,A,1,257
5UFR,A,1,258
5UFR,B,1,1
5UFR,B,1,2
5UFR,B,1,3
5UFR,B,1,4
5UFR,B,1,5
5UFR,B,1,6
5UFR,B,1,7
5UFR,B,1,8
5UFR,B,1,9
5UFR,B,1,10
5UFR,B,1,11
5UFR,B,1,12
5UFR,B,1,13
5UFR,B,1,14
5UFR,B,1,15
5UFR,B,1,239
5UFR,B,1,240
5UFR,B,1,241
5UFR,B,1,242
5UFR,B,1,243
5UFR,B,1,244
5UFR,B,1,245
5UFR,B,1,246
5UFR,B,1,247
5UFR,B,1,248
5UFR,B,1,249
5UFR,B,1,250
5UFR,B,1,251
5UFR,B,1,252
5UFR,B,1,253
5UFR,B,1,254
5UFR,B,1,255
5UFR,B,1,256
5UFR,B,1,257
5UFR,B,1,258
5UFW,A,1,1
5UFW,A,1,2
5UFW,A,1,3
5UFW,A,1,157
5UFW,A,1,158
5UFW,A,1,159
5UFW,A,1,244
5UFW,A,1,245
5UFW,A,1,246
5UFW,A,1,247
5UFW,A,1,248
5UFW,A,1,249
5UFW,B,1,33
5UFW,B,1,34
5UFW,B,1,35
5UFW,B,1,156
5UFW,B,1,157
5UFW,B,1,158
5UFW,B,1,159
5UFW,B,1,160
5UFW,B,1,161
5UFW,B,1,162
5UFW,B,1,163
5UFW,B,1,164
5UFW,B,1,242
5UFW,B,1,243
5UFW,B,1,244
5UFW,B,1,245
5UFW,B,1,246
5UFW,B,1,247
5UFW,B,1,248
5UFW,B,1,249
5UFX,A,1,1
5UFX,A,1,2
5UFX,A,1,3
5UFX,A,1,29
5UFX,A,1,30
5UFX,A,1,157
5UFX,A,1,158
5UFX,A,1,159
5UFX,A,1,243
5UFX,A,1,244
5UFX,A,1,245
5UFX,A,1,246
5UFX,A,1,247
5UFX,A,1,248
5UFX,A,1,249
5UFX,B,1,33
5UFX,B,1,34
5UFX,B,1,35
5UFX,B,1,156
5UFX,B,1,157
5UFX,B,1,158
5UFX,B,1,159
5UFX,B,1,160
5UFX,B,1,161
5UFX,B,1,162
5UFX,B,1,163
5UFX,B,1,243
5UFX,B,1,244
5UFX,B,1,245
5UFX,B,1,246
5UFX,B,1,247
5UFX,B,1,248
5UFX,B,1,249
5UHI,A,1,1
5UHI,A,1,2
5UHI,A,1,3
5UHI,A,1,4
5UHI,A,1,5
5UHI,A,1,6
5UHI,A,1,7
5UHI,A,1,8
5UHI,A,1,9
5UHI,A,1,10
5UHI,A,1,11
5UHI,A,1,12
5UHI,A,1,13
5UHI,A,1,14
5UHI,A,1,15
5UHI,A,1,239
5UHI,A,1,240
5UHI,A,1,241
5UHI,A,1,242
5UHI,A,1,243
5UHI,A,1,244
5UHI,A,1,245
5UHI,A,1,246
5UHI,A,1,247
5UHI,A,1,248
5UHI,A,1,249
5UHI,A,1,250
5UHI,A,1,251
5UHI,A,1,252
5UHI,A,1,253
5UHI,A,1,254
5UHI,A,1,255
5UHI,A,1,256
5UHI,A,1,257
5UHI,A,1,258
5UHI,B,1,1
5UHI,B,1,2
5UHI,B,1,3
5UHI,B,1,4
5UHI,B,1,5
5UHI,B,1,6
5UHI,B,1,7
5UHI,B,1,8
5UHI,B,1,9
5UHI,B,1,10
5UHI,B,1,11
5UHI,B,1,12
5UHI,B,1,13
5UHI,B,1,14
5UHI,B,1,15
5UHI,B,1,239
5UHI,B,1,240
5UHI,B,1,241
5UHI,B,1,242
5UHI,B,1,243
5UHI,B,1,244
5UHI,B,1,245
5UHI,B,1,246
5UHI,B,1,247
5UHI,B,1,248
5UHI,B,1,249
5UHI,B,1,250
5UHI,B,1,251
5UHI,B,1,252
5UHI,B,1,253
5UHI,B,1,254
5UHI,B,1,255
5UHI,B,1,256
5UHI,B,1,257
5UHI,B,1,258
5UNJ,A,1,1
5UNJ,A,1,2
5UNJ,A,1,3
5UNJ,A,1,33
5UNJ,A,1,34
5UNJ,A,1,35
5UNJ,A,1,36
5UNJ,A,1,37
5UNJ,A,1,38
5UNJ,A,1,39
5UNJ,A,1,40
5UNJ,A,1,41
5UNJ,A,1,42
5UNJ,A,1,166
5UNJ,A,1,167
5UNJ,A,1,243
5UNJ,A,1,244
5UNJ,A,1,245
5UNJ,B,1,1
5UNJ,B,1,2
5UNJ,B,1,3
5UNJ,B,1,13
5UNJ,B,1,14
5V39,A,1,1
5V39,A,1,2
5V39,A,1,3
5V39,A,1,255
5V39,A,1,256
5V39,A,1,257
5VB3,A,1,1
5VB3,A,1,2
5VB3,A,1,3
5VB3,A,1,4
5VB3,A,1,5
5VB3,A,1,6
5VB3,A,1,7
5VB3,A,1,8
5VB3,A,1,9
5VB3,A,1,10
5VB3,A,1,11
5VB3,A,1,12
5VB3,A,1,13
5VB3,A,1,14
5VB3,A,1,15
5VB3,A,1,16
5VB3,A,1,17
5VB3,A,1,18
5VB3,A,1,19
5VB3,A,1,20
5VB3,A,1,21
5VB5,A,1,1
5VB5,A,1,2
5VB5,A,1,3
5VB5,A,1,4
5VB5,A,1,5
5VB5,A,1,6
5VB5,A,1,7
5VB5,A,1,8
5VB5,A,1,9
5VB5,A,1,10
5VB5,A,1,11
5VB5,A,1,12
5VB5,A,1,13
5VB5,A,1,14
5VB5,A,1,15
5VB5,A,1,16
5VB5,A,1,17
5VB5,A,1,18
5VB5,A,1,19
5VB5,A,1,20
5VB5,A,1,21
5VB6,A,1,1
5VB6,A,1,2
5VB6,A,1,3
5VB6,A,1,4
5VB6,A,1,5
5VB6,A,1,6
5VB6,A,1,7
5VB6,A,1,8
5VB6,A,1,9
5VB6,A,1,10
5VB6,A,1,11
5VB6,A,1,12
5VB6,A,1,13
5VB6,A,1,14
5VB6,A,1,15
5VB6,A,1,16
5VB6,A,1,17
5VB6,A,1,18
5VB6,A,1,19
5VB6,A,1,20
5VB6,A,1,21
5VB7,A,1,1
5VB7,A,1,2
5VB7,A,1,3
5VB7,A,1,4
5VB7,A,1,5
5VB7,A,1,6
5VB7,A,1,7
5VB7,A,1,8
5VB7,A,1,9
5VB7,A,1,10
5VB7,A,1,11
5VB7,A,1,12
5VB7,A,1,13
5VB7,A,1,14
5VB7,A,1,15
5VB7,A,1,16
5VB7,A,1,17
5VB7,A,1,18
5VB7,A,1,19
5VB7,A,1,20
5VB7,A,1,21
5VO4,A,1,175
5VO4,A,1,176
5VO4,A,1,177
5VO4,A,1,178
5VO4,A,1,179
5VQK,A,1,1
5VQK,A,1,2
5VQK,A,1,3
5VQK,A,1,4
5VQK,A,1,5
5VQK,A,1,6
5VQK,A,1,7
5VQK,A,1,8
5VQK,A,1,9
5VQK,A,1,10
5VQK,A,1,11
5VQK,A,1,12
5VQK,A,1,13
5VQK,A,1,14
5VQK,A,1,15
5VQK,A,1,16
5VQK,A,1,17
5VQK,A,1,18
5VQK,A,1,19
5VQK,A,1,20
5VQK,A,1,21
5VQK,A,1,266
5VQK,A,1,267
5VQK,A,1,268
5VQL,A,1,1
5VQL,A,1,2
5VQL,A,1,3
5VQL,A,1,4
5VQL,A,1,5
5VQL,A,1,6
5VQL,A,1,7
5VQL,A,1,8
5VQL,A,1,9
5VQL,A,1,10
5VQL,A,1,11
5VQL,A,1,12
5VQL,A,1,13
5VQL,A,1,14
5VQL,A,1,15
5VQL,A,1,16
5VQL,A,1,17
5VQL,A,1,18
5VQL,A,1,19
5VQL,A,1,20
5VQL,A,1,21
5W4R,A,1,215
5W4R,A,1,216
5W4R,A,1,217
5W4V,A,1,1
5W4V,B,1,1
5W4V,C,1,1
5W4V,C,1,2
5W4V,C,1,3
5W4V,C,1,4
5W4V,D,1,204
5W4V,D,1,205
5W4V,D,1,206
5W4V,D,1,207
5W4V,D,1,208
5W4V,D,1,209
5W4V,D,1,210
5W4V,E,1,1
5W4V,E,1,208
5W4V,E,1,209
5W4V,E,1,210
5W4V,F,1,1
5W4V,F,1,204
5W4V,F,1,205
5W4V,F,1,206
5W4V,F,1,207
5W4V,F,1,208
5W4V,F,1,209
5W4V,F,1,210
5W9C,A,1,1
5W9C,A,1,2
5W9C,A,1,3
5W9C,A,1,25
5W9C,A,1,26
5W9C,A,1,113
5W9C,A,1,115
5W9C,A,1,157
5W9C,A,1,158
5W9C,A,1,243
5W9C,A,1,244
5W9C,A,1,245
5W9C,A,1,246
5W9C,A,1,247
5W9C,A,1,248
5W9C,A,1,249
5W9C,B,1,1
5W9C,B,1,33
5W9C,B,1,34
5W9C,B,1,35
5W9C,B,1,156
5W9C,B,1,157
5W9C,B,1,241
5W9C,B,1,242
5W9C,B,1,243
5W9C,B,1,244
5W9C,B,1,245
5W9C,B,1,246
5W9C,B,1,247
5W9C,B,1,248
5W9C,B,1,249
5W9C,C,1,1
5W9C,C,1,2
5W9C,C,1,3
5W9C,C,1,26
5W9C,C,1,27
5W9C,C,1,28
5W9C,C,1,29
5W9C,C,1,111
5W9C,C,1,112
5W9C,C,1,113
5W9C,C,1,114
5W9C,C,1,157
5W9C,C,1,158
5W9C,C,1,159
5W9C,C,1,243
5W9C,C,1,244
5W9C,C,1,245
5W9C,C,1,246
5W9C,C,1,247
5W9C,C,1,248
5W9C,C,1,249
5W9C,D,1,1
5W9C,D,1,2
5W9C,D,1,33
5W9C,D,1,34
5W9C,D,1,35
5W9C,D,1,155
5W9C,D,1,156
5W9C,D,1,157
5W9C,D,1,158
5W9C,D,1,159
5W9C,D,1,225
5W9C,D,1,226
5W9C,D,1,240
5W9C,D,1,241
5W9C,D,1,242
5W9C,D,1,243
5W9C,D,1,244
5W9C,D,1,245
5W9C,D,1,246
5W9C,D,1,247
5W9C,D,1,248
5W9C,D,1,249
5W9D,A,1,1
5W9D,A,1,32
5W9D,A,1,33
5W9D,A,1,246
5W9D,A,1,247
5W9D,A,1,248
5W9D,A,1,249
5W9D,B,1,1
5W9D,B,1,34
5W9D,B,1,35
5W9D,B,1,241
5W9D,B,1,242
5W9D,B,1,243
5W9D,B,1,244
5W9D,B,1,245
5W9D,B,1,246
5W9D,B,1,247
5W9D,B,1,248
5W9D,B,1,249
5WGD,A,1,1
5WGD,A,1,2
5WGD,A,1,3
5WGD,A,1,4
5WGD,A,1,5
5WGD,A,1,6
5WGD,A,1,7
5WGD,A,1,8
5WGD,A,1,9
5WGD,A,1,10
5WGD,A,1,11
5WGD,A,1,12
5WGD,A,1,13
5WGD,A,1,14
5WGD,A,1,168
5WGD,A,1,169
5WGD,A,1,170
5WGD,A,1,171
5WGD,A,1,172
5WGD,A,1,173
5WGD,A,1,174
5WGD,A,1,175
5WGD,A,1,176
5WGD,A,1,177
5WGD,A,1,178
5WGD,A,1,179
5WGD,A,1,255
5WGD,A,1,256
5WGD,A,1,257
5WGD,A,1,258
5WGD,A,1,259
5WGD,A,1,260
5WGD,A,1,261
5WGD,B,1,1
5WGD,B,1,2
5WGD,B,1,3
5WGD,B,1,4
5WGD,B,1,5
5WGD,B,1,6
5WGD,B,1,7
5WGD,B,1,8
5WGD,B,1,9
5WGD,B,1,10
5WGD,B,1,11
5WGD,B,1,12
5WGD,B,1,13
5WGD,B,1,37
5WGD,B,1,38
5WGD,B,1,39
5WGD,B,1,40
5WGD,B,1,41
5WGD,B,1,42
5WGD,B,1,43
5WGD,B,1,44
5WGD,B,1,168
5WGD,B,1,169
5WGD,B,1,170
5WGD,B,1,171
5WGD,B,1,172
5WGD,B,1,173
5WGD,B,1,174
5WGD,B,1,175
5WGD,B,1,176
5WGD,B,1,177
5WGD,B,1,178
5WGD,B,1,179
5WGD,B,1,256
5WGD,B,1,257
5WGD,B,1,258
5WGD,B,1,259
5WGD,B,1,260
5WGD,B,1,261
5WGQ,A,1,1
5WGQ,A,1,2
5WGQ,A,1,3
5WGQ,A,1,4
5WGQ,A,1,5
5WGQ,A,1,6
5WGQ,A,1,7
5WGQ,A,1,8
5WGQ,A,1,9
5WGQ,A,1,10
5WGQ,A,1,11
5WGQ,A,1,12
5WGQ,A,1,13
5WGQ,A,1,14
5WGQ,A,1,40
5WGQ,A,1,41
5WGQ,A,1,42
5WGQ,A,1,167
5WGQ,A,1,168
5WGQ,A,1,169
5WGQ,A,1,170
5WGQ,A,1,171
5WGQ,A,1,172
5WGQ,A,1,255
5WGQ,A,1,256
5WGQ,A,1,257
5WGQ,A,1,258
5WGQ,A,1,259
5WGQ,A,1,260
5WGQ,A,1,261
5WGQ,B,1,1
5WGQ,B,1,2
5WGQ,B,1,3
5WGQ,B,1,4
5WGQ,B,1,5
5WGQ,B,1,6
5WGQ,B,1,7
5WGQ,B,1,8
5WGQ,B,1,9
5WGQ,B,1,10
5WGQ,B,1,11
5WGQ,B,1,12
5WGQ,B,1,40
5WGQ,B,1,41
5WGQ,B,1,42
5WGQ,B,1,168
5WGQ,B,1,169
5WGQ,B,1,170
5WGQ,B,1,171
5WGQ,B,1,172
5WGQ,B,1,173
5WGQ,B,1,174
5WGQ,B,1,175
5WGQ,B,1,176
5WGQ,B,1,177
5WGQ,B,1,178
5WGQ,B,1,256
5WGQ,B,1,257
5WGQ,B,1,258
5WGQ,B,1,259
5WGQ,B,1,260
5WGQ,B,1,261
5WGQ,D,1,12
5WGQ,D,1,13
5WQX,A,1,1
5WQX,A,1,2
5WQX,A,1,3
5WQX,A,1,4
5WQX,A,1,5
5WQX,A,1,40
5WQX,A,1,63
5WQX,A,1,64
5WQX,A,1,65
5WQX,A,1,66
5WQX,A,1,67
5WQX,A,1,68
5WQX,A,1,69
5WQX,A,1,70
5WQX,A,1,71
5WQX,A,1,72
5WQX,A,1,73
5WQX,A,1,275
5WQX,A,1,276
5WQX,B,1,1
5WQX,B,1,2
5WQX,B,1,3
5WQX,B,1,4
5WQX,B,1,5
5WQX,B,1,40
5WQX,B,1,41
5WQX,B,1,62
5WQX,B,1,63
5WQX,B,1,64
5WQX,B,1,65
5WQX,B,1,66
5WQX,B,1,67
5WQX,B,1,68
5WQX,B,1,69
5WQX,B,1,70
5WQX,B,1,71
5WQX,B,1,72
5WQX,B,1,73
5WQX,B,1,74
5WQX,B,1,259
5WQX,B,1,260
5WQX,B,1,261
5WQX,B,1,262
5WQX,B,1,263
5WQX,B,1,264
5WQX,B,1,265
5WQX,B,1,274
5WQX,B,1,275
5WQX,B,1,276
5WR0,A,1,1
5WR0,A,1,2
5WR0,A,1,3
5WR0,A,1,4
5WR0,A,1,5
5WR0,A,1,40
5WR0,A,1,63
5WR0,A,1,64
5WR0,A,1,65
5WR0,A,1,66
5WR0,A,1,67
5WR0,A,1,68
5WR0,A,1,69
5WR0,A,1,70
5WR0,A,1,71
5WR0,A,1,72
5WR0,A,1,73
5WR0,A,1,275
5WR0,A,1,276
5WR0,B,1,1
5WR0,B,1,2
5WR0,B,1,3
5WR0,B,1,4
5WR0,B,1,5
5WR0,B,1,40
5WR0,B,1,41
5WR0,B,1,62
5WR0,B,1,63
5WR0,B,1,64
5WR0,B,1,65
5WR0,B,1,66
5WR0,B,1,67
5WR0,B,1,68
5WR0,B,1,69
5WR0,B,1,70
5WR0,B,1,71
5WR0,B,1,72
5WR0,B,1,73
5WR0,B,1,74
5WR0,B,1,259
5WR0,B,1,260
5WR0,B,1,261
5WR0,B,1,262
5WR0,B,1,263
5WR0,B,1,264
5WR0,B,1,265
5WR0,B,1,274
5WR0,B,1,275
5WR0,B,1,276
5WR1,A,1,1
5WR1,A,1,2
5WR1,A,1,3
5WR1,A,1,4
5WR1,A,1,5
5WR1,A,1,40
5WR1,A,1,63
5WR1,A,1,64
5WR1,A,1,65
5WR1,A,1,66
5WR1,A,1,67
5WR1,A,1,68
5WR1,A,1,69
5WR1,A,1,70
5WR1,A,1,71
5WR1,A,1,72
5WR1,A,1,73
5WR1,A,1,275
5WR1,A,1,276
5WR1,B,1,1
5WR1,B,1,2
5WR1,B,1,3
5WR1,B,1,4
5WR1,B,1,5
5WR1,B,1,40
5WR1,B,1,41
5WR1,B,1,62
5WR1,B,1,63
5WR1,B,1,64
5WR1,B,1,65
5WR1,B,1,66
5WR1,B,1,67
5WR1,B,1,68
5WR1,B,1,69
5WR1,B,1,70
5WR1,B,1,71
5WR1,B,1,72
5WR1,B,1,73
5WR1,B,1,74
5WR1,B,1,259
5WR1,B,1,260
5WR1,B,1,261
5WR1,B,1,262
5WR1,B,1,263
5WR1,B,1,264
5WR1,B,1,265
5WR1,B,1,274
5WR1,B,1,275
5WR1,B,1,276
5WZX,A,1,30
5WZX,A,1,31
5WZX,A,1,32
5WZX,A,1,33
5WZX,A,1,34
5WZX,A,1,35
5WZX,A,1,36
5WZX,A,1,37
5WZX,A,1,38
5WZX,A,1,39
5WZX,A,1,40
5WZX,A,1,41
5WZX,A,1,99
5WZX,A,1,100
5WZX,A,1,101
5WZX,A,1,102
5WZX,A,1,103
5WZX,A,1,104
5WZX,B,1,30
5WZX,B,1,31
5WZX,B,1,32
5WZX,B,1,33
5WZX,B,1,34
5WZX,B,1,35
5WZX,B,1,36
5WZX,B,1,37
5WZX,B,1,38
5WZX,B,1,39
5WZX,B,1,99
5WZX,B,1,100
5WZX,B,1,101
5WZX,B,1,102
5WZX,B,1,103
5WZX,B,1,104
5WZX,D,1,1
5X0R,A,1,1
5X0R,A,1,2
5X0R,A,1,3
5X0R,A,1,4
5X0R,A,1,5
5X0R,A,1,6
5X0R,A,1,7
5X0R,A,1,8
5X0R,A,1,9
5X0R,A,1,10
5X0R,A,1,11
5X0R,A,1,12
5X0R,A,1,13
5X0R,A,1,14
5X0R,A,1,15
5X0R,A,1,16
5X0R,A,1,17
5X0R,A,1,18
5X0R,A,1,19
5X0R,A,1,20
5X0R,A,1,21
5X0R,A,1,22
5X0R,A,1,23
5X0R,A,1,60
5X0R,A,1,61
5X0R,A,1,62
5X0R,A,1,63
5X0R,A,1,64
5X0R,A,1,65
5X0R,A,1,66
5X0R,A,1,67
5X0R,A,1,68
5X0R,A,1,69
5X0R,A,1,70
5X0R,A,1,71
5X0R,A,1,72
5X0R,A,1,73
5X0R,A,1,74
5X0R,A,1,75
5X0R,A,1,76
5X0R,A,1,77
5X0R,A,1,78
5X0R,A,1,79
5X0R,A,1,80
5X0R,A,1,81
5X0R,A,1,82
5X0R,A,1,83
5X0R,A,1,84
5X0R,A,1,85
5X0R,A,1,86
5X0R,A,1,87
5X0R,A,1,88
5X0R,A,1,89
5X0R,A,1,90
5X0R,A,1,91
5X0R,A,1,92
5X0R,A,1,112
5X0R,A,1,113
5X0R,A,1,114
5X0R,A,1,115
5X0R,A,1,116
5X0R,A,1,117
5X0R,A,1,118
5X0R,A,1,119
5X0R,A,1,191
5X0R,A,1,192
5X0R,A,1,193
5X0R,A,1,194
5X0R,A,1,195
5X0R,A,1,196
5X0R,A,1,197
5X0R,A,1,198
5X0R,A,1,199
5X0R,A,1,200
5X0R,A,1,264
5X0R,A,1,265
5X0R,A,1,266
5X0R,A,1,315
5X0R,A,1,316
5X0R,B,1,1
5X0R,B,1,2
5X0R,B,1,3
5X0R,B,1,4
5X0R,B,1,5
5X0R,B,1,6
5X0R,B,1,7
5X0R,B,1,8
5X0R,B,1,9
5X0R,B,1,10
5X0R,B,1,11
5X0R,B,1,12
5X0R,B,1,13
5X0R,B,1,14
5X0R,B,1,15
5X0R,B,1,16
5X0R,B,1,17
5X0R,B,1,18
5X0R,B,1,19
5X0R,B,1,20
5X0R,B,1,60
5X0R,B,1,61
5X0R,B,1,62
5X0R,B,1,63
5X0R,B,1,64
5X0R,B,1,65
5X0R,B,1,66
5X0R,B,1,67
5X0R,B,1,68
5X0R,B,1,69
5X0R,B,1,70
5X0R,B,1,71
5X0R,B,1,72
5X0R,B,1,73
5X0R,B,1,74
5X0R,B,1,75
5X0R,B,1,76
5X0R,B,1,77
5X0R,B,1,78
5X0R,B,1,79
5X0R,B,1,80
5X0R,B,1,81
5X0R,B,1,82
5X0R,B,1,83
5X0R,B,1,84
5X0R,B,1,85
5X0R,B,1,86
5X0R,B,1,87
5X0R,B,1,88
5X0R,B,1,193
5X0R,B,1,194
5X0R,B,1,195
5X0R,B,1,196
5X0R,B,1,197
5X0R,B,1,312
5X0R,B,1,313
5X0R,B,1,314
5X0R,B,1,315
5X0R,B,1,316
5X0R,C,1,1
5X0R,C,1,2
5X0R,C,1,3
5X0R,C,1,4
5X0R,C,1,5
5X0R,C,1,6
5X0R,C,1,22
5X0R,C,1,23
5X0R,C,1,24
5X0R,C,1,25
5X0R,D,1,1
5X0R,D,1,2
5X0R,D,1,3
5X0R,D,1,4
5X0R,D,1,5
5X0R,D,1,6
5X0R,D,1,22
5X0R,D,1,23
5X0R,D,1,24
5X0R,D,1,25
5X8Q,A,1,1
5X8Q,A,1,2
5X8Q,A,1,3
5X8Q,A,1,4
5X8Q,A,1,5
5X8Q,A,1,234
5X8Q,A,1,235
5X8Q,A,1,236
5X8Q,A,1,237
5X8Q,A,1,238
5X8Q,A,1,239
5X8Q,A,1,240
5X8Q,A,1,241
5X8Q,A,1,242
5X8Q,A,1,243
5X8Q,A,1,244
5X8Q,A,1,245
5X8Q,A,1,246
5X8Q,A,1,247
5X8Q,A,1,248
5X8Q,A,1,249
5X8Q,A,1,250
5X8Q,A,1,251
5X8Q,A,1,252
5X8Q,A,1,253
5X8Q,A,1,254
5X8Q,A,1,255
5X8Q,A,1,256
5X8Q,A,1,257
5X8Q,A,1,258
5X8Q,B,1,16
5X8Q,B,1,17
5X8Q,B,1,18
5X8Q,B,1,19
5X8Q,B,1,20
5X8Q,B,1,21
5X8Q,B,1,22
5X8Q,C,1,1
5X8Q,C,1,2
5X8Q,C,1,3
5X8Q,C,1,4
5X8Q,C,1,5
5X8Q,C,1,234
5X8Q,C,1,235
5X8Q,C,1,236
5X8Q,C,1,237
5X8Q,C,1,238
5X8Q,C,1,239
5X8Q,C,1,240
5X8Q,C,1,241
5X8Q,C,1,242
5X8Q,C,1,243
5X8Q,C,1,244
5X8Q,C,1,245
5X8Q,C,1,246
5X8Q,C,1,247
5X8Q,C,1,248
5X8Q,C,1,249
5X8Q,C,1,250
5X8Q,C,1,251
5X8Q,C,1,252
5X8Q,C,1,253
5X8Q,C,1,254
5X8Q,C,1,255
5X8Q,C,1,256
5X8Q,C,1,257
5X8Q,C,1,258
5X8Q,D,1,1
5X8Q,D,1,16
5X8Q,D,1,17
5X8Q,D,1,18
5X8Q,D,1,19
5X8Q,D,1,20
5X8Q,D,1,21
5X8Q,D,1,22
5X8Q,E,1,1
5X8Q,E,1,2
5X8Q,E,1,3
5X8Q,E,1,4
5X8Q,E,1,5
5X8Q,E,1,234
5X8Q,E,1,235
5X8Q,E,1,236
5X8Q,E,1,237
5X8Q,E,1,238
5X8Q,E,1,239
5X8Q,E,1,240
5X8Q,E,1,241
5X8Q,E,1,242
5X8Q,E,1,243
5X8Q,E,1,244
5X8Q,E,1,245
5X8Q,E,1,246
5X8Q,E,1,247
5X8Q,E,1,248
5X8Q,E,1,249
5X8Q,E,1,250
5X8Q,E,1,251
5X8Q,E,1,252
5X8Q,E,1,253
5X8Q,E,1,254
5X8Q,E,1,255
5X8Q,E,1,256
5X8Q,E,1,257
5X8Q,E,1,258
5X8Q,F,1,1
5X8Q,F,1,16
5X8Q,F,1,17
5X8Q,F,1,18
5X8Q,F,1,19
5X8Q,F,1,20
5X8Q,F,1,21
5X8Q,F,1,22
5X8Q,G,1,1
5X8Q,G,1,2
5X8Q,G,1,3
5X8Q,G,1,4
5X8Q,G,1,5
5X8Q,G,1,234
5X8Q,G,1,235
5X8Q,G,1,236
5X8Q,G,1,237
5X8Q,G,1,238
5X8Q,G,1,239
5X8Q,G,1,240
5X8Q,G,1,241
5X8Q,G,1,242
5X8Q,G,1,243
5X8Q,G,1,244
5X8Q,G,1,245
5X8Q,G,1,246
5X8Q,G,1,247
5X8Q,G,1,248
5X8Q,G,1,249
5X8Q,G,1,250
5X8Q,G,1,251
5X8Q,G,1,252
5X8Q,G,1,253
5X8Q,G,1,254
5X8Q,G,1,255
5X8Q,G,1,256
5X8Q,G,1,257
5X8Q,G,1,258
5X8Q,H,1,16
5X8Q,H,1,17
5X8Q,H,1,18
5X8Q,H,1,19
5X8Q,H,1,20
5X8Q,H,1,21
5X8Q,H,1,22
5XMX,A,1,1
5XMX,A,1,2
5XMX,A,1,3
5XMX,A,1,4
5XMX,A,1,5
5XMX,A,1,38
5XMX,A,1,39
5XMX,A,1,40
5XMX,A,1,41
5XMX,A,1,42
5XMX,A,1,63
5XMX,A,1,64
5XMX,A,1,65
5XMX,A,1,66
5XMX,A,1,67
5XMX,A,1,273
5XMX,A,1,274
5XMX,A,1,275
5XMX,B,1,1
5XMX,B,1,2
5XMX,B,1,3
5XMX,B,1,4
5XMX,B,1,5
5XMX,B,1,6
5XMX,B,1,7
5XMX,B,1,8
5XMX,B,1,9
5XMX,B,1,37
5XMX,B,1,38
5XMX,B,1,39
5XMX,B,1,40
5XMX,B,1,41
5XMX,B,1,42
5XMX,B,1,58
5XMX,B,1,59
5XMX,B,1,60
5XMX,B,1,61
5XMX,B,1,62
5XMX,B,1,63
5XMX,B,1,64
5XMX,B,1,65
5XMX,B,1,66
5XMX,B,1,67
5XMX,B,1,68
5XMX,B,1,272
5XMX,B,1,273
5XMX,B,1,274
5XMX,B,1,275
5Y1J,A,1,96
5Y1J,A,1,97
5Y2O,A,1,1
5Y2O,A,1,2
5Y2O,A,1,3
5Y2O,A,1,4
5Y2O,A,1,5
5Y2O,A,1,6
5Y2O,A,1,7
5Y2O,A,1,8
5Y2O,A,1,9
5Y2O,A,1,10
5Y2O,A,1,11
5Y2O,A,1,12
5Y2O,A,1,13
5Y2O,A,1,14
5Y2O,A,1,15
5Y2O,A,1,16
5Y2O,A,1,17
5Y2O,A,1,18
5Y2O,A,1,19
5Y2O,A,1,20
5Y2O,A,1,21
5Y2O,A,1,22
5Y2O,A,1,23
5Y2O,A,1,81
5Y2O,A,1,82
5Y2O,A,1,83
5Y2O,A,1,84
5Y2O,A,1,85
5Y2O,A,1,86
5Y2O,A,1,87
5Y2O,A,1,88
5Y2O,A,1,89
5Y2O,B,1,1
5Y2O,B,1,2
5Y2O,B,1,3
5Y2O,B,1,4
5Y2O,B,1,5
5Y2O,B,1,6
5Y2O,B,1,7
5Y2O,B,1,8
5Y2O,B,1,9
5Y2O,B,1,10
5Y2O,B,1,11
5Y2O,B,1,12
5Y2O,B,1,13
5Y2O,B,1,14
5Y2O,B,1,15
5Y2O,B,1,16
5Y2O,B,1,17
5Y2O,B,1,18
5Y2O,B,1,19
5Y2O,B,1,57
5Y2O,B,1,58
5Y2O,B,1,59
5Y2O,B,1,60
5Y2O,B,1,61
5Y2O,B,1,86
5Y2O,B,1,87
5Y2O,B,1,88
5Y2O,B,1,89
5Y2O,B,1,90
5Y2O,B,1,91
5Y2O,B,1,279
5Y2O,B,1,280
5Y2O,B,1,281
5Y2O,B,1,282
5Y2O,B,1,292
5Y2O,B,1,293
5Y2O,B,1,294
5Y2T,A,1,1
5Y2T,A,1,2
5Y2T,A,1,3
5Y2T,A,1,4
5Y2T,A,1,5
5Y2T,A,1,6
5Y2T,A,1,7
5Y2T,A,1,8
5Y2T,A,1,9
5Y2T,A,1,10
5Y2T,A,1,11
5Y2T,A,1,12
5Y2T,A,1,13
5Y2T,A,1,14
5Y2T,A,1,15
5Y2T,A,1,16
5Y2T,A,1,17
5Y2T,A,1,18
5Y2T,A,1,19
5Y2T,A,1,20
5Y2T,A,1,21
5Y2T,A,1,22
5Y2T,A,1,23
5Y2T,A,1,81
5Y2T,A,1,82
5Y2T,A,1,83
5Y2T,A,1,84
5Y2T,A,1,85
5Y2T,A,1,86
5Y2T,A,1,87
5Y2T,A,1,88
5Y2T,A,1,89
5Y2T,A,1,294
5Y2T,B,1,1
5Y2T,B,1,2
5Y2T,B,1,3
5Y2T,B,1,4
5Y2T,B,1,5
5Y2T,B,1,6
5Y2T,B,1,7
5Y2T,B,1,8
5Y2T,B,1,9
5Y2T,B,1,10
5Y2T,B,1,11
5Y2T,B,1,12
5Y2T,B,1,13
5Y2T,B,1,14
5Y2T,B,1,15
5Y2T,B,1,16
5Y2T,B,1,17
5Y2T,B,1,18
5Y2T,B,1,57
5Y2T,B,1,58
5Y2T,B,1,59
5Y2T,B,1,60
5Y2T,B,1,61
5Y2T,B,1,86
5Y2T,B,1,87
5Y2T,B,1,88
5Y2T,B,1,89
5Y2T,B,1,90
5Y2T,B,1,91
5Y2T,B,1,293
5Y2T,B,1,294
5Y41,A,1,1
5Y41,A,1,2
5Y41,A,1,3
5Y41,A,1,4
5Y41,A,1,5
5Y41,A,1,6
5Y41,A,1,7
5Y41,A,1,8
5Y41,A,1,9
5Y41,A,1,10
5Y41,A,1,11
5Y41,A,1,12
5Y41,A,1,13
5Y41,A,1,14
5Y41,A,1,15
5Y41,A,1,16
5Y41,A,1,17
5Y41,A,1,18
5Y41,A,1,19
5Y41,A,1,20
5Y41,A,1,21
5Y41,A,1,22
5Y41,A,1,23
5Y41,A,1,24
5Y41,A,1,25
5Y41,A,1,26
5Y41,A,1,27
5Y41,A,1,28
5Y41,A,1,29
5Y41,A,1,30
5Y41,A,1,31
5Y41,A,1,32
5Y41,A,1,33
5Y41,A,1,34
5Y41,A,1,66
5Y41,A,1,67
5Y41,A,1,68
5Y41,A,1,69
5Y41,A,1,70
5Y41,B,1,1
5Y41,B,1,2
5Y41,B,1,3
5Y41,B,1,4
5Y41,B,1,5
5Y41,B,1,6
5Y41,B,1,7
5Y41,B,1,8
5Y41,B,1,9
5Y41,B,1,10
5Y41,B,1,11
5Y41,B,1,12
5Y41,B,1,13
5Y41,B,1,14
5Y41,B,1,15
5Y41,B,1,16
5Y41,B,1,17
5Y41,B,1,18
5Y41,B,1,19
5Y41,B,1,20
5Y41,B,1,21
5Y41,B,1,22
5Y41,B,1,23
5Y41,B,1,24
5Y41,B,1,25
5Y41,B,1,26
5Y41,B,1,27
5Y41,B,1,28
5Y41,B,1,29
5Y41,B,1,30
5Y41,B,1,31
5Y41,B,1,32
5Y41,B,1,65
5Y41,B,1,66
5Y41,B,1,67
5Y41,B,1,68
5Y41,B,1,69
5Y41,B,1,70
5Y41,B,1,71
5Y44,A,1,96
5Y44,A,1,97
5Y44,A,1,98
5Y49,A,1,94
5Y49,A,1,95
5Y49,A,1,96
5Y49,D,1,11
5Y7X,A,1,1
5Y7X,A,1,2
5Y7X,A,1,3
5Y7X,A,1,4
5Y7X,A,1,5
5Y7X,A,1,6
5Y7X,A,1,7
5Y7X,A,1,8
5Y7X,A,1,9
5Y7X,A,1,10
5Y7X,A,1,11
5Y7X,A,1,12
5Y7X,A,1,13
5Y7X,A,1,14
5Y7X,A,1,15
5Y7X,A,1,16
5Y7X,A,1,17
5Y7X,A,1,18
5Y7X,A,1,19
5Y7X,A,1,20
5Y7X,A,1,21
5Y7X,A,1,22
5Y7X,A,1,23
5Y7X,A,1,55
5Y7X,A,1,56
5Y7X,A,1,57
5Y7X,A,1,80
5Y7X,A,1,81
5Y7X,A,1,82
5Y7X,A,1,83
5Y7X,A,1,84
5Y7X,A,1,85
5Y7X,A,1,291
5Y7X,A,1,292
5Y7X,B,1,1
5Y7X,B,1,2
5Y7X,B,1,3
5Y7X,B,1,4
5Y7X,B,1,5
5Y7X,B,1,6
5Y7X,B,1,7
5Y7X,B,1,8
5Y7X,B,1,9
5Y7X,B,1,10
5Y7X,B,1,11
5Y7X,B,1,12
5Y7X,B,1,13
5Y7X,B,1,14
5Y7X,B,1,15
5Y7X,B,1,16
5Y7X,B,1,17
5Y7X,B,1,18
5Y7X,B,1,19
5Y7X,B,1,20
5Y7X,B,1,21
5Y7X,B,1,22
5Y7X,B,1,23
5Y7X,B,1,57
5Y7X,B,1,58
5Y7X,B,1,80
5Y7X,B,1,81
5Y7X,B,1,82
5Y7X,B,1,83
5Y7X,B,1,84
5YCN,A,1,1
5YCN,A,1,2
5YCN,A,1,3
5YCN,A,1,4
5YCN,A,1,5
5YCN,A,1,6
5YCN,A,1,7
5YCN,A,1,8
5YCN,A,1,9
5YCN,A,1,68
5YCN,A,1,69
5YCN,A,1,70
5YCN,A,1,71
5YCN,A,1,72
5YCN,A,1,73
5YCN,A,1,74
5YCN,A,1,75
5YCN,A,1,76
5YCN,A,1,77
5YCN,A,1,78
5YCN,B,1,1
5YCN,B,1,13
5YCN,B,1,14
5YCN,B,1,15
5YCN,B,1,16
5YCP,A,1,1
5YCP,A,1,2
5YCP,A,1,3
5YCP,A,1,4
5YCP,A,1,5
5YCP,A,1,6
5YCP,A,1,7
5YCP,A,1,8
5YCP,A,1,9
5YCP,A,1,68
5YCP,A,1,69
5YCP,A,1,70
5YCP,A,1,71
5YCP,A,1,72
5YCP,A,1,73
5YCP,A,1,74
5YCP,A,1,75
5YCP,A,1,76
5YCP,A,1,77
5YCP,A,1,78
5YCP,B,1,1
5YCP,B,1,13
5YCP,B,1,14
5YCP,B,1,15
5YCP,B,1,16
5YD6,A,1,1
5YD6,A,1,2
5YD6,A,1,3
5YD6,A,1,4
5YD6,A,1,5
5YD6,A,1,6
5YD6,A,1,7
5YD6,A,1,8
5YD6,A,1,9
5YD6,A,1,10
5YD6,A,1,11
5YD6,A,1,12
5YD6,A,1,13
5YD6,A,1,14
5YD6,A,1,15
5YD6,A,1,16
5YD6,A,1,17
5YD6,A,1,18
5YD6,A,1,19
5YD6,A,1,20
5YD6,A,1,21
5YD6,A,1,22
5YD6,A,1,23
5YD6,A,1,24
5YD6,A,1,25
5YD6,A,1,26
5YD6,A,1,27
5YD6,A,1,28
5YD6,A,1,29
5YD6,A,1,30
5YD6,A,1,31
5YD6,A,1,32
5YD6,A,1,33
5YD6,A,1,34
5YD6,A,1,66
5YD6,A,1,67
5YD6,A,1,68
5YD6,A,1,69
5YD6,A,1,70
5YD6,A,1,71
5YD6,A,1,215
5YD6,A,1,216
5YD6,A,1,217
5YD6,A,1,218
5YD6,A,1,219
5YD6,A,1,220
5YD6,A,1,221
5YD6,B,1,1
5YD6,B,1,2
5YD6,B,1,3
5YD6,B,1,4
5YD6,B,1,5
5YD6,B,1,6
5YD6,B,1,7
5YD6,B,1,8
5YD6,B,1,9
5YD6,B,1,10
5YD6,B,1,11
5YD6,B,1,12
5YD6,B,1,13
5YD6,B,1,14
5YD6,B,1,15
5YD6,B,1,16
5YD6,B,1,17
5YD6,B,1,18
5YD6,B,1,19
5YD6,B,1,20
5YD6,B,1,21
5YD6,B,1,22
5YD6,B,1,23
5YD6,B,1,24
5YD6,B,1,25
5YD6,B,1,26
5YD6,B,1,27
5YD6,B,1,28
5YD6,B,1,29
5YD6,B,1,30
5YD6,B,1,31
5YD6,B,1,32
5YD6,B,1,33
5YD6,B,1,34
5YD6,B,1,66
5YD6,B,1,67
5YD6,B,1,68
5YD6,B,1,69
5YD6,B,1,70
5YD6,B,1,71
5YD6,B,1,217
5YD6,B,1,218
5YD6,B,1,219
5YD6,B,1,220
5YD6,B,1,221
5YD6,B,1,222
5YD6,C,1,1
5YD6,C,1,2
5YD6,C,1,3
5YD6,C,1,4
5YD6,C,1,5
5YD6,C,1,6
5YD6,C,1,7
5YD6,C,1,8
5YD6,C,1,9
5YD6,C,1,10
5YD6,C,1,11
5YD6,C,1,12
5YD6,C,1,13
5YD6,C,1,14
5YD6,C,1,15
5YD6,C,1,16
5YD6,C,1,17
5YD6,C,1,18
5YD6,C,1,19
5YD6,C,1,20
5YD6,C,1,21
5YD6,C,1,22
5YD6,C,1,23
5YD6,C,1,24
5YD6,C,1,25
5YD6,C,1,26
5YD6,C,1,27
5YD6,C,1,28
5YD6,C,1,29
5YD6,C,1,30
5YD6,C,1,31
5YD6,C,1,32
5YD6,C,1,64
5YD6,C,1,65
5YD6,C,1,66
5YD6,C,1,67
5YD6,C,1,68
5YD6,C,1,69
5YD6,C,1,70
5YD6,C,1,71
5YD6,C,1,217
5YD6,C,1,218
5YD6,C,1,219
5YD6,C,1,220
5YD6,C,1,221
5YD6,D,1,1
5YD6,D,1,2
5YD6,D,1,3
5YD6,D,1,4
5YD6,D,1,5
5YD6,D,1,6
5YD6,D,1,7
5YD6,D,1,8
5YD6,D,1,9
5YD6,D,1,10
5YD6,D,1,11
5YD6,D,1,12
5YD6,D,1,13
5YD6,D,1,14
5YD6,D,1,15
5YD6,D,1,16
5YD6,D,1,17
5YD6,D,1,18
5YD6,D,1,19
5YD6,D,1,20
5YD6,D,1,21
5YD6,D,1,22
5YD6,D,1,23
5YD6,D,1,24
5YD6,D,1,25
5YD6,D,1,26
5YD6,D,1,27
5YD6,D,1,28
5YD6,D,1,29
5YD6,D,1,30
5YD6,D,1,31
5YD6,D,1,32
5YD6,D,1,64
5YD6,D,1,65
5YD6,D,1,66
5YD6,D,1,67
5YD6,D,1,68
5YD6,D,1,69
5YD6,D,1,70
5YD6,D,1,71
5YD6,D,1,217
5YD6,D,1,218
5YD6,D,1,219
5YD6,D,1,220
5YD6,D,1,221
5YP6,A,1,244
5YP6,A,1,245
5YSO,A,1,1
5YSO,A,1,2
5YSO,A,1,3
5YSO,A,1,4
5YSO,A,1,5
5YSO,A,1,6
5YSO,A,1,7
5YSO,A,1,8
5YSO,A,1,9
5YSO,A,1,10
5YSO,A,1,11
5YSO,A,1,12
5YSO,A,1,13
5YSO,A,1,236
5YSO,A,1,237
5YSO,A,1,238
5YSO,B,1,1
5YSO,B,1,2
5YSO,B,1,3
5YSO,B,1,4
5YSO,B,1,5
5YSO,B,1,6
5YSO,B,1,7
5YSO,B,1,8
5YSO,B,1,9
5YSO,B,1,10
5YSO,B,1,11
5YSO,B,1,12
5YSO,B,1,237
5YSO,B,1,238
5YSO,C,1,1
5YSO,C,1,2
5YSO,C,1,3
5YSO,C,1,4
5YSO,C,1,5
5YSO,C,1,6
5YSO,C,1,7
5YSO,C,1,8
5YSO,C,1,9
5YSO,C,1,10
5YSO,C,1,11
5YSO,C,1,12
5YSO,C,1,13
5YSO,C,1,14
5YSO,C,1,219
5YSO,C,1,220
5YSO,C,1,221
5YSO,C,1,222
5YSO,C,1,223
5YSO,C,1,224
5YSO,C,1,225
5YSO,C,1,226
5YSO,C,1,227
5YSO,C,1,228
5YSO,C,1,229
5YSO,C,1,230
5YSO,C,1,231
5YSO,C,1,232
5YSO,C,1,233
5YSO,C,1,234
5YSO,C,1,235
5YSO,C,1,236
5YSO,C,1,237
5YSO,C,1,238
5YXB,A,1,21
5YXB,A,1,22
5YXB,A,1,23
5YXB,A,1,24
5YXB,A,1,25
5YXB,A,1,229
5YXJ,A,1,96
5YXJ,A,1,97
5YXJ,A,1,98
5YXJ,A,1,229
5YXJ,B,1,96
5YXJ,B,1,97
5YXJ,B,1,98
5YXJ,B,1,99
5YXJ,B,1,100
5YXJ,B,1,213
5YXJ,B,1,214
5YXJ,B,1,215
5YXJ,B,1,229
5YXL,A,1,1
5YXL,A,1,2
5YXL,A,1,96
5YXL,A,1,97
5YXL,A,1,98
5YXL,A,1,99
5YXL,A,1,100
5YXL,A,1,101
5YXL,A,1,229
5YXL,B,1,8
5YXL,C,1,1
5YXL,C,1,2
5YXL,C,1,95
5YXL,C,1,96
5YXL,C,1,97
5YXL,C,1,98
5YXL,C,1,99
5YXL,C,1,100
5YXL,C,1,101
5YXL,C,1,209
5YXL,C,1,210
5YXL,C,1,211
5YXL,C,1,212
5YXL,C,1,213
5YXL,C,1,214
5YXL,C,1,215
5YXL,C,1,216
5YXL,C,1,217
5YXL,C,1,229
5Z12,A,1,211
5Z12,A,1,212
5Z12,A,1,213
5Z12,A,1,214
5Z12,A,1,215
5Z12,B,1,1
5Z12,B,1,2
5Z12,B,1,3
5Z12,B,1,4
5Z12,B,1,5
5Z12,B,1,17
5Z12,B,1,18
5Z12,B,1,19
5Z12,B,1,20
5Z12,B,1,21
5Z12,B,1,22
5Z12,B,1,23
5Z12,B,1,24
5Z12,B,1,25
5Z12,B,1,26
5Z12,B,1,27
5Z12,B,1,28
5Z12,B,1,29
5Z12,B,1,30
5Z12,B,1,31
5Z12,B,1,32
5Z12,B,1,33
5Z12,B,1,34
5Z12,B,1,35
5Z12,B,1,36
5Z12,B,1,229
5Z12,B,1,230
5Z12,B,1,231
5Z12,E,1,211
5Z12,E,1,212
5Z12,E,1,213
5Z12,E,1,214
5Z12,E,1,215
5Z12,G,1,21
5Z12,G,1,22
5Z12,G,1,23
5Z12,G,1,24
5Z12,G,1,25
5Z12,G,1,26
5Z12,G,1,27
5Z12,G,1,28
5Z12,G,1,29
5Z12,G,1,30
5Z12,G,1,31
5Z12,G,1,32
5Z12,G,1,33
5Z12,G,1,34
5Z5S,A,1,1
5Z5S,A,1,2
5Z5S,A,1,3
5Z5S,A,1,4
5Z5S,A,1,5
5Z5S,A,1,6
5Z5S,A,1,7
5Z5S,A,1,8
5Z5S,A,1,9
5Z5S,A,1,10
5Z5S,A,1,11
5Z5S,A,1,69
5Z5S,A,1,70
5Z5S,A,1,71
5Z5S,A,1,72
5Z5S,A,1,73
5Z5S,A,1,74
5Z5S,A,1,75
5Z5S,A,1,76
5Z5S,A,1,77
5Z5S,A,1,78
5Z5S,A,1,79
5Z5S,A,1,283
5Z5S,B,1,1
5Z5S,B,1,2
5Z5S,B,1,3
5Z5S,B,1,4
5Z5S,B,1,5
5Z5S,B,1,6
5Z5S,B,1,17
5Z5S,B,1,18
5Z5S,B,1,19
5Z6S,A,1,1
5Z6S,A,1,2
5Z6S,A,1,3
5Z6S,A,1,4
5Z6S,A,1,5
5Z6S,A,1,6
5Z6S,A,1,7
5Z6S,A,1,8
5Z6S,A,1,9
5Z6S,A,1,10
5Z6S,A,1,11
5Z6S,A,1,69
5Z6S,A,1,70
5Z6S,A,1,71
5Z6S,A,1,72
5Z6S,A,1,73
5Z6S,A,1,74
5Z6S,A,1,75
5Z6S,A,1,76
5Z6S,A,1,77
5Z6S,A,1,78
5Z6S,A,1,79
5Z6S,A,1,283
5Z6S,B,1,1
5Z6S,B,1,2
5Z6S,B,1,3
5Z6S,B,1,4
5Z6S,B,1,5
5Z6S,B,1,6
5Z6S,B,1,17
5Z6S,B,1,18
5Z6S,B,1,19
5ZA1,A,1,1
5ZA1,A,1,2
5ZA1,A,1,3
5ZA1,A,1,4
5ZA1,B,1,1
5ZA1,B,1,2
5ZA1,B,1,3
5ZA1,B,1,228
5ZA1,B,1,229
5ZA1,B,1,230
5ZA1,B,1,231
5ZA1,B,1,232
5ZA1,B,1,233
5ZA1,B,1,234
5ZQU,A,1,1
5ZQU,A,1,2
5ZQU,A,1,3
5ZQU,A,1,4
5ZQU,A,1,5
5ZQU,A,1,6
5ZQU,A,1,7
5ZQU,A,1,8
5ZQU,A,1,9
5ZQU,A,1,10
5ZQU,A,1,11
5ZQU,A,1,12
5ZQU,A,1,13
5ZQU,A,1,14
5ZQU,A,1,15
5ZQU,A,1,16
5ZQU,A,1,17
5ZQU,A,1,18
5ZQU,A,1,19
5ZQU,A,1,20
5ZQU,A,1,21
5ZQU,A,1,22
5ZQU,A,1,23
5ZQU,A,1,24
5ZQU,A,1,25
5ZQU,A,1,26
5ZQU,A,1,27
5ZQU,A,1,28
5ZQU,A,1,29
5ZQU,A,1,30
5ZQU,A,1,31
5ZQU,A,1,32
5ZQU,A,1,33
5ZQU,A,1,34
5ZQU,A,1,35
5ZQU,A,1,36
5ZQU,A,1,37
5ZQU,A,1,38
5ZQU,A,1,39
5ZQU,A,1,40
5ZQU,A,1,41
5ZQU,A,1,42
5ZQU,A,1,43
5ZQU,A,1,242
5ZQU,A,1,243
5ZQU,B,1,1
5ZQU,B,1,2
5ZQU,B,1,3
5ZQU,B,1,4
5ZQU,B,1,5
5ZQU,B,1,6
5ZQU,B,1,7
5ZQU,B,1,8
5ZQU,B,1,9
5ZQU,B,1,10
5ZQU,B,1,11
5ZQU,B,1,12
5ZQU,B,1,13
5ZQU,B,1,14
5ZQU,B,1,15
5ZQU,B,1,16
5ZQU,B,1,17
5ZQU,B,1,18
5ZQU,B,1,19
5ZQU,B,1,20
5ZQU,B,1,21
5ZQU,B,1,22
5ZQU,B,1,23
5ZQU,B,1,24
5ZQU,B,1,25
5ZQU,B,1,26
5ZQU,B,1,27
5ZQU,B,1,28
5ZQU,B,1,29
5ZQU,B,1,30
5ZQU,B,1,31
5ZQU,B,1,32
5ZQU,B,1,33
5ZQU,B,1,34
5ZQU,B,1,35
5ZQU,B,1,36
5ZQU,B,1,37
5ZQU,B,1,38
5ZQU,B,1,39
5ZQU,B,1,40
5ZQU,B,1,41
5ZQU,B,1,240
5ZQU,B,1,241
5ZQU,B,1,242
5ZQU,B,1,243
5ZQU,C,1,1
5ZQU,C,1,2
5ZQU,C,1,3
5ZQU,C,1,4
5ZQU,C,1,5
5ZQU,C,1,6
5ZQU,C,1,7
5ZQU,C,1,8
5ZQU,C,1,9
5ZQU,C,1,10
5ZQU,C,1,11
5ZQU,C,1,12
5ZQU,C,1,13
5ZQU,C,1,14
5ZQU,C,1,15
5ZQU,C,1,16
5ZQU,C,1,17
5ZQU,C,1,18
5ZQU,C,1,19
5ZQU,C,1,20
5ZQU,C,1,21
5ZQU,C,1,22
5ZQU,C,1,23
5ZQU,C,1,24
5ZQU,C,1,25
5ZQU,C,1,26
5ZQU,C,1,27
5ZQU,C,1,28
5ZQU,C,1,29
5ZQU,C,1,30
5ZQU,C,1,31
5ZQU,C,1,32
5ZQU,C,1,33
5ZQU,C,1,34
5ZQU,C,1,35
5ZQU,C,1,36
5ZQU,C,1,37
5ZQU,C,1,38
5ZQU,C,1,39
5ZQU,C,1,40
5ZQU,C,1,41
5ZQU,C,1,42
5ZQU,C,1,240
5ZQU,C,1,241
5ZQU,C,1,242
5ZQU,C,1,243
5ZQU,D,1,1
5ZQU,D,1,2
5ZQU,D,1,3
5ZQU,D,1,4
5ZQU,D,1,5
5ZQU,D,1,6
5ZQU,D,1,7
5ZQU,D,1,8
5ZQU,D,1,9
5ZQU,D,1,10
5ZQU,D,1,11
5ZQU,D,1,12
5ZQU,D,1,13
5ZQU,D,1,14
5ZQU,D,1,15
5ZQU,D,1,16
5ZQU,D,1,17
5ZQU,D,1,18
5ZQU,D,1,19
5ZQU,D,1,20
5ZQU,D,1,21
5ZQU,D,1,22
5ZQU,D,1,23
5ZQU,D,1,24
5ZQU,D,1,25
5ZQU,D,1,26
5ZQU,D,1,27
5ZQU,D,1,28
5ZQU,D,1,29
5ZQU,D,1,30
5ZQU,D,1,31
5ZQU,D,1,32
5ZQU,D,1,33
5ZQU,D,1,34
5ZQU,D,1,35
5ZQU,D,1,36
5ZQU,D,1,37
5ZQU,D,1,38
5ZQU,D,1,39
5ZQU,D,1,40
5ZQU,D,1,41
5ZQU,D,1,42
5ZQU,D,1,43
5ZQU,D,1,44
5ZQU,D,1,241
5ZQU,D,1,242
5ZQU,D,1,243
5ZXI,A,1,1
5ZXI,A,1,2
5ZXI,A,1,3
5ZXI,A,1,4
5ZXI,A,1,38
5ZXI,A,1,39
5ZXI,A,1,40
5ZXI,A,1,41
5ZXI,A,1,42
5ZXI,A,1,43
5ZXI,A,1,63
5ZXI,A,1,64
5ZXI,A,1,65
5ZXI,A,1,66
5ZXI,A,1,67
5ZXI,A,1,68
5ZXI,A,1,69
5ZXI,A,1,70
5ZXI,A,1,71
5ZXI,A,1,273
5ZXI,A,1,274
5ZXI,A,1,275
5ZXI,B,1,1
5ZXI,B,1,2
5ZXI,B,1,3
5ZXI,B,1,4
5ZXI,B,1,5
5ZXI,B,1,6
5ZXI,B,1,7
5ZXI,B,1,8
5ZXI,B,1,9
5ZXI,B,1,37
5ZXI,B,1,38
5ZXI,B,1,39
5ZXI,B,1,40
5ZXI,B,1,41
5ZXI,B,1,42
5ZXI,B,1,43
5ZXI,B,1,59
5ZXI,B,1,60
5ZXI,B,1,61
5ZXI,B,1,62
5ZXI,B,1,63
5ZXI,B,1,64
5ZXI,B,1,65
5ZXI,B,1,66
5ZXI,B,1,67
5ZXI,B,1,68
5ZXI,B,1,69
5ZXI,B,1,70
5ZXI,B,1,71
5ZXI,B,1,273
5ZXI,B,1,274
5ZXI,B,1,275
6A22,A,1,1
6A22,A,1,2
6A22,A,1,234
6A22,A,1,235
6A22,A,1,236
6A22,A,1,237
6A22,A,1,238
6A22,A,1,239
6A22,A,1,240
6A22,A,1,241
6A22,A,1,242
6A22,A,1,243
6A22,A,1,244
6A22,A,1,245
6A22,A,1,246
6A22,A,1,247
6A22,A,1,248
6A22,A,1,249
6A22,A,1,250
6A22,A,1,251
6A22,A,1,252
6A22,A,1,253
6A22,A,1,254
6A22,A,1,255
6A22,A,1,256
6A22,A,1,257
6A22,A,1,258
6A22,B,1,16
6A22,B,1,17
6A22,B,1,18
6A22,B,1,19
6A22,B,1,20
6A22,B,1,21
6A22,B,1,22
6A22,C,1,1
6A22,C,1,2
6A22,C,1,3
6A22,C,1,4
6A22,C,1,5
6A22,C,1,234
6A22,C,1,235
6A22,C,1,236
6A22,C,1,237
6A22,C,1,238
6A22,C,1,239
6A22,C,1,240
6A22,C,1,241
6A22,C,1,242
6A22,C,1,243
6A22,C,1,244
6A22,C,1,245
6A22,C,1,246
6A22,C,1,247
6A22,C,1,248
6A22,C,1,249
6A22,C,1,250
6A22,C,1,251
6A22,C,1,252
6A22,C,1,253
6A22,C,1,254
6A22,C,1,255
6A22,C,1,256
6A22,C,1,257
6A22,C,1,258
6A22,D,1,1
6A22,D,1,2
6A22,D,1,3
6A22,D,1,16
6A22,D,1,17
6A22,D,1,18
6A22,D,1,19
6A22,D,1,20
6A22,D,1,21
6A22,D,1,22
6A22,E,1,1
6A22,E,1,2
6A22,E,1,3
6A22,E,1,4
6A22,E,1,5
6A22,E,1,234
6A22,E,1,235
6A22,E,1,236
6A22,E,1,237
6A22,E,1,238
6A22,E,1,239
6A22,E,1,240
6A22,E,1,241
6A22,E,1,242
6A22,E,1,243
6A22,E,1,244
6A22,E,1,245
6A22,E,1,246
6A22,E,1,247
6A22,E,1,248
6A22,E,1,249
6A22,E,1,250
6A22,E,1,251
6A22,E,1,252
6A22,E,1,253
6A22,E,1,254
6A22,E,1,255
6A22,E,1,256
6A22,E,1,257
6A22,E,1,258
6A22,F,1,1
6A22,F,1,2
6A22,F,1,3
6A22,F,1,16
6A22,F,1,17
6A22,F,1,18
6A22,F,1,19
6A22,F,1,20
6A22,F,1,21
6A22,F,1,22
6A22,G,1,1
6A22,G,1,2
6A22,G,1,3
6A22,G,1,4
6A22,G,1,5
6A22,G,1,234
6A22,G,1,235
6A22,G,1,236
6A22,G,1,237
6A22,G,1,238
6A22,G,1,239
6A22,G,1,240
6A22,G,1,241
6A22,G,1,242
6A22,G,1,243
6A22,G,1,244
6A22,G,1,245
6A22,G,1,246
6A22,G,1,247
6A22,G,1,248
6A22,G,1,249
6A22,G,1,250
6A22,G,1,251
6A22,G,1,252
6A22,G,1,253
6A22,G,1,254
6A22,G,1,255
6A22,G,1,256
6A22,G,1,257
6A22,G,1,258
6A22,H,1,16
6A22,H,1,17
6A22,H,1,18
6A22,H,1,19
6A22,H,1,20
6A22,H,1,21
6A22,H,1,22
6A5Y,B,1,1
6A5Y,B,1,2
6A5Y,B,1,13
6A5Y,B,1,14
6A5Y,B,1,15
6A5Y,B,1,16
6A5Y,C,1,1
6A5Y,C,1,2
6A5Y,C,1,3
6A5Y,C,1,20
6A5Y,C,1,21
6A5Y,C,1,22
6A5Y,C,1,23
6A5Y,C,1,24
6A5Y,C,1,25
6A5Y,C,1,26
6A5Y,C,1,27
6A5Y,C,1,28
6A5Y,C,1,29
6A5Y,C,1,30
6A5Y,C,1,31
6A5Y,C,1,32
6A5Y,C,1,33
6A5Y,C,1,34
6A5Y,C,1,35
6A5Y,C,1,36
6A5Y,C,1,37
6A5Y,C,1,38
6A5Y,C,1,234
6A5Y,C,1,235
6A5Y,C,1,236
6A5Y,C,1,237
6A5Y,C,1,238
6A5Y,D,1,1
6A5Y,D,1,15
6A5Y,D,1,16
6A5Z,A,1,96
6A5Z,A,1,97
6A5Z,A,1,98
6A5Z,A,1,99
6A5Z,A,1,100
6A5Z,A,1,101
6A5Z,A,1,215
6A5Z,A,1,216
6A5Z,A,1,229
6A5Z,B,1,1
6A5Z,B,1,2
6A5Z,B,1,3
6A5Z,B,1,21
6A5Z,B,1,22
6A5Z,B,1,23
6A5Z,B,1,24
6A5Z,B,1,25
6A5Z,B,1,26
6A5Z,B,1,27
6A5Z,B,1,28
6A5Z,B,1,29
6A5Z,B,1,30
6A5Z,B,1,31
6A5Z,B,1,32
6A5Z,B,1,33
6A5Z,B,1,34
6A5Z,B,1,35
6A5Z,B,1,36
6A5Z,B,1,37
6A5Z,B,1,233
6A5Z,B,1,234
6A5Z,B,1,235
6A5Z,B,1,236
6A5Z,B,1,237
6A5Z,B,1,238
6A5Z,C,1,97
6A5Z,C,1,98
6A5Z,C,1,216
6A5Z,C,1,228
6A5Z,C,1,229
6A5Z,D,1,1
6A5Z,D,1,2
6A5Z,D,1,3
6A5Z,D,1,4
6A5Z,D,1,5
6A5Z,D,1,20
6A5Z,D,1,21
6A5Z,D,1,22
6A5Z,D,1,23
6A5Z,D,1,24
6A5Z,D,1,25
6A5Z,D,1,26
6A5Z,D,1,27
6A5Z,D,1,28
6A5Z,D,1,29
6A5Z,D,1,30
6A5Z,D,1,31
6A5Z,D,1,32
6A5Z,D,1,33
6A5Z,D,1,34
6A5Z,D,1,35
6A5Z,D,1,36
6A5Z,D,1,37
6A5Z,D,1,38
6A5Z,D,1,233
6A5Z,D,1,234
6A5Z,D,1,235
6A5Z,D,1,236
6A5Z,D,1,237
6A5Z,D,1,238
6A5Z,E,1,16
6A5Z,F,1,1
6A5Z,F,1,2
6A5Z,F,1,14
6A5Z,F,1,15
6A5Z,F,1,16
6A5Z,G,1,1
6A5Z,G,1,13
6A5Z,G,1,14
6A5Z,G,1,15
6A5Z,G,1,16
6A5Z,H,1,1
6A5Z,H,1,2
6A5Z,H,1,12
6A5Z,H,1,13
6A5Z,H,1,14
6A5Z,H,1,15
6A5Z,H,1,16
6A60,A,1,30
6A60,A,1,31
6A60,A,1,32
6A60,A,1,33
6A60,A,1,34
6A60,A,1,98
6A60,A,1,99
6A60,A,1,100
6A60,A,1,101
6A60,A,1,229
6A60,B,1,1
6A60,B,1,2
6A60,B,1,3
6A60,B,1,12
6A60,B,1,13
6A60,B,1,14
6A60,B,1,15
6A60,B,1,16
6A60,C,1,1
6A60,C,1,2
6A60,C,1,3
6A60,C,1,19
6A60,C,1,20
6A60,C,1,21
6A60,C,1,22
6A60,C,1,23
6A60,C,1,24
6A60,C,1,25
6A60,C,1,26
6A60,C,1,27
6A60,C,1,28
6A60,C,1,29
6A60,C,1,30
6A60,C,1,31
6A60,C,1,32
6A60,C,1,33
6A60,C,1,34
6A60,C,1,35
6A60,C,1,36
6A60,C,1,37
6A60,C,1,38
6A60,C,1,234
6A60,C,1,235
6A60,C,1,236
6A60,C,1,237
6A60,C,1,238
6A60,D,1,1
6A60,D,1,13
6A60,D,1,14
6A60,D,1,15
6A60,D,1,16
6A6K,A,1,1
6A6K,A,1,2
6A6K,A,1,3
6A6K,A,1,4
6A6K,A,1,5
6A6K,A,1,6
6A6K,A,1,7
6A6K,A,1,8
6A6K,A,1,9
6A6K,A,1,10
6A6K,A,1,11
6A6K,A,1,12
6A6K,A,1,13
6A6K,A,1,14
6A6K,A,1,236
6A6K,A,1,237
6A6K,A,1,238
6A6K,B,1,1
6A6K,B,1,2
6A6K,B,1,3
6A6K,B,1,4
6A6K,B,1,5
6A6K,B,1,6
6A6K,B,1,7
6A6K,B,1,8
6A6K,B,1,9
6A6K,B,1,10
6A6K,B,1,11
6A6K,B,1,12
6A6K,B,1,13
6A6K,B,1,236
6A6K,B,1,237
6A6K,B,1,238
6A6K,C,1,1
6A6K,C,1,2
6A6K,C,1,3
6A6K,C,1,4
6A6K,C,1,5
6A6K,C,1,6
6A6K,C,1,7
6A6K,C,1,8
6A6K,C,1,9
6A6K,C,1,10
6A6K,C,1,11
6A6K,C,1,12
6A6K,C,1,13
6A6K,C,1,14
6A6K,C,1,15
6A6K,C,1,218
6A6K,C,1,219
6A6K,C,1,220
6A6K,C,1,221
6A6K,C,1,222
6A6K,C,1,223
6A6K,C,1,224
6A6K,C,1,225
6A6K,C,1,226
6A6K,C,1,227
6A6K,C,1,228
6A6K,C,1,229
6A6K,C,1,230
6A6K,C,1,231
6A6K,C,1,232
6A6K,C,1,233
6A6K,C,1,234
6A6K,C,1,235
6A6K,C,1,236
6A6K,C,1,237
6A6K,C,1,238
6A6P,A,1,59
6A6P,A,1,60
6A6P,A,1,61
6A6P,A,1,62
6A6P,B,1,60
6A6P,B,1,61
6A6P,B,1,62
6AD9,A,1,1
6AD9,A,1,2
6AD9,A,1,3
6AD9,A,1,4
6AD9,A,1,5
6AD9,A,1,6
6AD9,A,1,7
6AD9,A,1,8
6AD9,A,1,9
6AD9,A,1,10
6AD9,A,1,11
6AD9,A,1,12
6AD9,A,1,13
6AD9,A,1,14
6AD9,A,1,15
6AD9,A,1,16
6AD9,A,1,17
6AD9,A,1,52
6AD9,A,1,72
6AD9,A,1,73
6AD9,A,1,74
6AD9,A,1,75
6AD9,A,1,76
6AD9,A,1,77
6AD9,A,1,78
6AD9,A,1,79
6AD9,A,1,80
6AD9,A,1,81
6AD9,A,1,82
6AD9,A,1,83
6AD9,A,1,84
6AD9,A,1,287
6AD9,B,1,11
6AD9,B,1,12
6AN1,A,1,1
6AN1,A,1,2
6AN1,A,1,3
6AN1,A,1,4
6AN1,A,1,5
6AN1,A,1,6
6AN1,A,1,7
6AN1,A,1,8
6AN1,A,1,9
6AN1,A,1,10
6AN1,A,1,11
6AN1,A,1,12
6AN1,A,1,73
6AN1,A,1,74
6AN1,A,1,75
6AN1,A,1,76
6AN1,A,1,77
6AN1,A,1,78
6AN1,A,1,79
6AN1,A,1,80
6AN1,A,1,81
6AN1,A,1,82
6AN1,A,1,83
6AN1,A,1,285
6AN1,A,1,286
6AN1,B,1,1
6AN1,B,1,2
6AN1,B,1,3
6AN1,B,1,4
6AN1,B,1,5
6AN1,B,1,6
6AN1,B,1,7
6AN1,B,1,8
6AN1,B,1,9
6AN1,B,1,10
6AN1,B,1,11
6AN1,B,1,12
6AN1,B,1,13
6AN1,B,1,14
6AN1,B,1,15
6AN1,B,1,16
6AN1,B,1,50
6AN1,B,1,51
6AN1,B,1,77
6AN1,B,1,78
6AN1,B,1,79
6AN1,B,1,80
6AN1,B,1,81
6AN1,B,1,82
6AN1,B,1,83
6AN1,B,1,270
6AN1,B,1,271
6AN1,B,1,272
6AN1,B,1,273
6AN1,B,1,274
6AN1,B,1,284
6AN1,B,1,285
6AN1,B,1,286
6AUG,A,1,1
6AUG,A,1,2
6AUG,A,1,3
6AUG,A,1,4
6AUG,A,1,5
6AUG,A,1,64
6AUG,A,1,65
6AUG,A,1,66
6AUG,A,1,67
6AUG,A,1,68
6AUG,A,1,69
6AUG,A,1,70
6AUG,A,1,71
6AUG,A,1,72
6AUG,A,1,73
6AUG,A,1,276
6AUG,B,1,1
6AUG,B,1,2
6AUG,B,1,3
6AUG,B,1,4
6AUG,B,1,5
6AUG,B,1,70
6AUG,B,1,71
6AUG,B,1,72
6AUG,B,1,73
6AUG,B,1,261
6AUG,B,1,262
6AUG,B,1,263
6AUG,B,1,264
6AUG,B,1,276
6AVI,A,1,1
6AVI,A,1,2
6AVI,A,1,3
6AVI,A,1,4
6AVI,A,1,5
6AVI,A,1,62
6AVI,A,1,63
6AVI,A,1,64
6AVI,A,1,65
6AVI,A,1,66
6AVI,A,1,67
6AVI,A,1,68
6AVI,A,1,69
6AVI,A,1,70
6AVI,A,1,71
6AVI,A,1,72
6AVI,A,1,73
6AVI,A,1,276
6AVI,B,1,1
6AVI,B,1,2
6AVI,B,1,3
6AVI,B,1,4
6AVI,B,1,5
6AVI,B,1,67
6AVI,B,1,68
6AVI,B,1,69
6AVI,B,1,70
6AVI,B,1,71
6AVI,B,1,72
6AVI,B,1,73
6AVI,B,1,261
6AVI,B,1,262
6AVI,B,1,263
6AVI,B,1,264
6AVI,B,1,276
6B0F,A,1,1
6B0F,A,1,2
6B0F,A,1,3
6B0F,A,1,4
6B0F,A,1,5
6B0F,A,1,6
6B0F,A,1,7
6B0F,A,1,8
6B0F,A,1,9
6B0F,A,1,31
6B0F,A,1,32
6B0F,A,1,33
6B0F,A,1,34
6B0F,A,1,35
6B0F,A,1,36
6B0F,A,1,37
6B0F,A,1,38
6B0F,A,1,113
6B0F,A,1,114
6B0F,A,1,115
6B0F,A,1,116
6B0F,A,1,117
6B0F,A,1,118
6B0F,A,1,159
6B0F,A,1,160
6B0F,A,1,161
6B0F,A,1,162
6B0F,A,1,163
6B0F,A,1,164
6B0F,A,1,165
6B0F,A,1,166
6B0F,A,1,167
6B0F,A,1,168
6B0F,A,1,169
6B0F,A,1,170
6B0F,A,1,171
6B0F,A,1,172
6B0F,A,1,173
6B0F,A,1,174
6B0F,A,1,228
6B0F,A,1,229
6B0F,A,1,246
6B0F,A,1,247
6B0F,A,1,248
6B0F,A,1,249
6B0F,A,1,250
6B0F,A,1,251
6B0F,A,1,252
6B0F,A,1,253
6B0F,A,1,254
6B0F,B,1,1
6B0F,B,1,2
6B0F,B,1,3
6B0F,B,1,4
6B0F,B,1,5
6B0F,B,1,6
6B0F,B,1,7
6B0F,B,1,8
6B0F,B,1,31
6B0F,B,1,32
6B0F,B,1,33
6B0F,B,1,34
6B0F,B,1,35
6B0F,B,1,36
6B0F,B,1,37
6B0F,B,1,38
6B0F,B,1,39
6B0F,B,1,72
6B0F,B,1,73
6B0F,B,1,74
6B0F,B,1,113
6B0F,B,1,114
6B0F,B,1,115
6B0F,B,1,116
6B0F,B,1,117
6B0F,B,1,118
6B0F,B,1,119
6B0F,B,1,120
6B0F,B,1,121
6B0F,B,1,159
6B0F,B,1,160
6B0F,B,1,161
6B0F,B,1,162
6B0F,B,1,163
6B0F,B,1,164
6B0F,B,1,165
6B0F,B,1,166
6B0F,B,1,167
6B0F,B,1,168
6B0F,B,1,169
6B0F,B,1,170
6B0F,B,1,227
6B0F,B,1,228
6B0F,B,1,229
6B0F,B,1,230
6B0F,B,1,231
6B0F,B,1,232
6B0F,B,1,233
6B0F,B,1,234
6B0F,B,1,235
6B0F,B,1,236
6B0F,B,1,237
6B0F,B,1,238
6B0F,B,1,239
6B0F,B,1,240
6B0F,B,1,241
6B0F,B,1,242
6B0F,B,1,243
6B0F,B,1,244
6B0F,B,1,245
6B0F,B,1,246
6B0F,B,1,247
6B0F,B,1,248
6B0F,B,1,249
6B0F,B,1,250
6B0F,B,1,251
6B0F,B,1,252
6B0F,B,1,253
6B0F,B,1,254
6B30,B,1,213
6B30,B,1,214
6B30,B,1,215
6B31,B,1,228
6BN6,A,1,1
6BN6,A,1,2
6BN6,A,1,3
6BN6,A,1,4
6BN6,A,1,5
6BN6,A,1,6
6BN6,A,1,7
6BN6,A,1,8
6BN6,A,1,9
6BN6,A,1,10
6BN6,A,1,11
6BN6,A,1,12
6BN6,A,1,13
6BN6,A,1,14
6BN6,A,1,15
6BN6,A,1,16
6BN6,A,1,17
6BN6,A,1,18
6BN6,A,1,19
6BN6,A,1,20
6BN6,A,1,21
6BN6,A,1,250
6BN6,A,1,251
6BN6,A,1,252
6BN6,A,1,253
6BN6,A,1,254
6BN6,A,1,255
6BN6,A,1,256
6BN6,A,1,257
6BN6,A,1,258
6BN6,A,1,259
6BN6,A,1,260
6BN6,A,1,261
6BN6,A,1,262
6BN6,A,1,263
6BN6,A,1,264
6BN6,A,1,265
6BN6,B,1,1
6BN6,B,1,2
6BN6,B,1,3
6BN6,B,1,4
6BN6,B,1,5
6BN6,B,1,6
6BN6,B,1,7
6BN6,B,1,8
6BN6,B,1,9
6BN6,B,1,10
6BN6,B,1,11
6BN6,B,1,12
6BN6,B,1,13
6BN6,B,1,14
6BN6,B,1,15
6BN6,B,1,16
6BN6,B,1,17
6BN6,B,1,18
6BN6,B,1,19
6BN6,B,1,20
6BN6,B,1,244
6BN6,B,1,245
6BN6,B,1,246
6BN6,B,1,247
6BN6,B,1,248
6BN6,B,1,249
6BN6,B,1,250
6BN6,B,1,251
6BN6,B,1,252
6BN6,B,1,253
6BN6,B,1,254
6BN6,B,1,255
6BN6,B,1,256
6BN6,B,1,257
6BN6,B,1,258
6BN6,B,1,259
6BN6,B,1,260
6BN6,B,1,261
6BN6,B,1,262
6BN6,B,1,263
6BN6,B,1,264
6BN6,B,1,265
6BNS,A,1,1
6BNS,A,1,2
6BNS,A,1,3
6BNS,A,1,4
6BNS,A,1,5
6BNS,A,1,6
6BNS,A,1,7
6BNS,A,1,8
6BNS,A,1,9
6BNS,A,1,10
6BNS,A,1,11
6BNS,A,1,12
6BNS,A,1,13
6BNS,A,1,14
6BNS,A,1,15
6BNS,A,1,16
6BNS,A,1,17
6BNS,A,1,18
6BNS,A,1,19
6BNS,A,1,56
6BNS,A,1,57
6BNS,A,1,58
6BNS,A,1,59
6BNS,A,1,60
6BNS,A,1,61
6BNS,A,1,62
6BNS,A,1,63
6BNS,A,1,64
6BNS,A,1,65
6BNS,A,1,66
6BNS,A,1,67
6BNS,A,1,68
6BNS,A,1,69
6BNS,A,1,188
6BNS,A,1,189
6BNS,A,1,190
6BNS,A,1,191
6BNS,A,1,192
6BNS,A,1,193
6BNS,A,1,311
6BNS,A,1,312
6BNS,A,1,313
6BNS,A,1,314
6BNS,A,1,315
6BNS,A,1,316
6BNS,A,1,317
6BNS,A,1,318
6BNS,A,1,319
6BNS,A,1,320
6BNS,A,1,321
6BNS,A,1,322
6BNS,A,1,338
6BNS,A,1,339
6BNS,A,1,340
6BNS,A,1,341
6BNS,A,1,342
6BNS,A,1,343
6BNS,A,1,344
6BNS,A,1,345
6BNS,A,1,346
6BNS,A,1,347
6BNS,A,1,348
6BNS,A,1,349
6BNS,A,1,350
6BNS,A,1,351
6BNS,B,1,1
6BNS,B,1,2
6BNS,B,1,3
6BNS,B,1,4
6BNS,B,1,5
6BNS,B,1,6
6BNS,B,1,7
6BNS,B,1,8
6BNS,B,1,9
6BNS,B,1,10
6BNS,B,1,11
6BNS,B,1,12
6BNS,B,1,13
6BNS,B,1,14
6BNS,B,1,15
6BNS,B,1,16
6BNS,B,1,17
6BNS,B,1,18
6BNS,B,1,19
6BNS,B,1,56
6BNS,B,1,57
6BNS,B,1,58
6BNS,B,1,59
6BNS,B,1,60
6BNS,B,1,61
6BNS,B,1,62
6BNS,B,1,63
6BNS,B,1,64
6BNS,B,1,65
6BNS,B,1,66
6BNS,B,1,67
6BNS,B,1,68
6BNS,B,1,69
6BNS,B,1,70
6BNS,B,1,71
6BNS,B,1,72
6BNS,B,1,73
6BNS,B,1,188
6BNS,B,1,189
6BNS,B,1,190
6BNS,B,1,191
6BNS,B,1,192
6BNS,B,1,311
6BNS,B,1,312
6BNS,B,1,313
6BNS,B,1,314
6BNS,B,1,315
6BNS,B,1,316
6BNS,B,1,317
6BNS,B,1,318
6BNS,B,1,319
6BNS,B,1,320
6BNS,B,1,321
6BNS,B,1,322
6BNS,B,1,338
6BNS,B,1,339
6BNS,B,1,340
6BNS,B,1,341
6BNS,B,1,342
6BNS,B,1,343
6BNS,B,1,344
6BNS,B,1,345
6BNS,B,1,346
6BNS,B,1,347
6BNS,B,1,348
6BNS,B,1,349
6BNS,B,1,350
6BNS,B,1,351
6BR2,B,1,213
6BR2,B,1,214
6BR2,B,1,215
6BR3,B,1,214
6BR3,B,1,215
6BR3,B,1,216
6C1I,A,1,1
6C1I,A,1,2
6C1I,A,1,3
6C1I,A,1,4
6C1I,A,1,5
6C1I,A,1,66
6C1I,A,1,67
6C1I,A,1,68
6C1I,A,1,69
6C1I,A,1,70
6C1I,A,1,71
6C1I,A,1,72
6C1I,B,1,1
6C1I,B,1,2
6C1I,B,1,3
6C1I,B,1,4
6C1I,B,1,5
6C1I,B,1,66
6C1I,B,1,67
6C1I,B,1,68
6C1I,B,1,69
6C1I,B,1,70
6C1I,B,1,71
6C1I,B,1,72
6C1I,B,1,260
6C1I,B,1,261
6C1I,B,1,262
6C1I,B,1,263
6C1I,B,1,264
6C42,A,1,1
6C42,A,1,2
6C42,A,1,3
6C42,A,1,4
6C42,A,1,5
6C42,A,1,29
6C42,A,1,30
6C42,A,1,157
6C42,A,1,158
6C42,A,1,244
6C42,A,1,245
6C42,A,1,246
6C42,A,1,247
6C42,A,1,248
6C42,A,1,249
6C42,B,1,29
6C42,B,1,30
6C42,B,1,33
6C42,B,1,34
6C42,B,1,35
6C42,B,1,112
6C42,B,1,113
6C42,B,1,155
6C42,B,1,156
6C42,B,1,157
6C42,B,1,158
6C42,B,1,159
6C42,B,1,160
6C42,B,1,161
6C42,B,1,162
6C42,B,1,163
6C42,B,1,164
6C42,B,1,243
6C42,B,1,244
6C42,B,1,245
6C42,B,1,246
6C42,B,1,247
6C42,B,1,248
6C42,B,1,249
6C5Q,A,1,1
6C5Q,A,1,2
6C5Q,A,1,3
6C5T,A,1,67
6C5T,A,1,68
6C5T,A,1,69
6C5T,A,1,70
6C5T,A,1,71
6C5T,A,1,262
6CBZ,A,1,1
6CBZ,A,1,2
6CBZ,A,1,3
6CBZ,A,1,4
6CBZ,A,1,157
6CBZ,A,1,158
6CBZ,A,1,159
6CBZ,A,1,160
6CBZ,A,1,161
6CBZ,A,1,162
6CBZ,A,1,163
6CBZ,A,1,164
6CBZ,A,1,165
6CBZ,A,1,166
6CBZ,A,1,167
6CBZ,A,1,168
6CBZ,A,1,246
6CBZ,A,1,247
6CBZ,A,1,248
6CBZ,A,1,249
6CBZ,A,1,250
6CBZ,B,1,1
6CBZ,B,1,2
6CBZ,B,1,26
6CBZ,B,1,27
6CBZ,B,1,28
6CBZ,B,1,29
6CBZ,B,1,30
6CBZ,B,1,31
6CBZ,B,1,32
6CBZ,B,1,157
6CBZ,B,1,158
6CBZ,B,1,159
6CBZ,B,1,160
6CBZ,B,1,161
6CBZ,B,1,162
6CBZ,B,1,163
6CBZ,B,1,164
6CBZ,B,1,165
6CBZ,B,1,166
6CBZ,B,1,167
6CBZ,B,1,245
6CBZ,B,1,246
6CBZ,B,1,247
6CBZ,B,1,248
6CBZ,B,1,249
6CBZ,B,1,250
6CHT,A,1,1
6CHT,A,1,2
6CHT,A,1,3
6CHT,A,1,4
6CHT,A,1,16
6CHT,A,1,17
6CHT,A,1,18
6CHT,A,1,19
6CHT,A,1,20
6CHT,A,1,21
6CHT,A,1,22
6CHT,A,1,23
6CHT,A,1,24
6CHT,A,1,25
6CHT,A,1,26
6CHT,A,1,27
6CHT,A,1,28
6CHT,A,1,29
6CHT,A,1,30
6CHT,A,1,31
6CHT,A,1,231
6CHT,A,1,232
6CHT,A,1,233
6CHT,A,1,234
6CHT,A,1,235
6CHT,A,1,236
6CHT,A,1,237
6CHT,A,1,238
6CHT,A,1,239
6CHT,A,1,240
6CHT,A,1,241
6CHT,A,1,242
6CHT,A,1,243
6CHT,A,1,244
6CHT,A,1,245
6CHT,B,1,1
6CHT,B,1,2
6CHT,B,1,3
6CHT,B,1,4
6CHT,B,1,5
6CHT,B,1,6
6CHT,B,1,7
6CHT,B,1,8
6CHT,B,1,9
6CHT,B,1,10
6CHT,B,1,11
6CHT,B,1,12
6CHT,B,1,13
6CHT,B,1,14
6CHT,B,1,15
6CHT,B,1,16
6CHT,B,1,17
6CHT,B,1,18
6CHT,B,1,19
6CHT,B,1,20
6CHT,B,1,21
6CHT,B,1,22
6CHT,B,1,23
6CHT,B,1,24
6CHT,B,1,230
6CHT,B,1,231
6CHT,B,1,232
6CHT,B,1,233
6CHT,B,1,234
6CHT,B,1,235
6CHT,B,1,236
6CHT,B,1,237
6CHT,B,1,238
6CHT,B,1,239
6CHT,B,1,240
6CHT,B,1,241
6CHT,B,1,242
6CHT,B,1,243
6CHT,B,1,244
6CHT,B,1,245
6CHT,C,1,1
6CHT,C,1,2
6CHT,C,1,3
6CHT,C,1,11
6CHT,C,1,12
6CHT,C,1,13
6CHT,C,1,14
6CHT,C,1,15
6CHT,C,1,16
6CHT,C,1,17
6CHT,C,1,18
6CHT,C,1,19
6CHT,C,1,20
6CHT,D,1,1
6CHT,D,1,2
6CHT,D,1,3
6CHT,D,1,4
6CHT,D,1,16
6CHT,D,1,17
6CHT,D,1,18
6CHT,D,1,19
6CHT,D,1,20
6CHT,D,1,21
6CHT,D,1,22
6CHT,D,1,23
6CHT,D,1,24
6CHT,D,1,25
6CHT,D,1,26
6CHT,D,1,27
6CHT,D,1,231
6CHT,D,1,232
6CHT,D,1,233
6CHT,D,1,234
6CHT,D,1,235
6CHT,D,1,236
6CHT,D,1,237
6CHT,D,1,238
6CHT,D,1,239
6CHT,D,1,240
6CHT,D,1,241
6CHT,D,1,242
6CHT,D,1,243
6CHT,D,1,244
6CHT,D,1,245
6CHT,E,1,1
6CHT,E,1,2
6CHT,E,1,3
6CHT,E,1,4
6CHT,E,1,5
6CHT,E,1,6
6CHT,E,1,7
6CHT,E,1,8
6CHT,E,1,9
6CHT,E,1,10
6CHT,E,1,11
6CHT,E,1,12
6CHT,E,1,13
6CHT,E,1,14
6CHT,E,1,15
6CHT,E,1,16
6CHT,E,1,17
6CHT,E,1,18
6CHT,E,1,19
6CHT,E,1,20
6CHT,E,1,21
6CHT,E,1,22
6CHT,E,1,23
6CHT,E,1,24
6CHT,E,1,229
6CHT,E,1,230
6CHT,E,1,231
6CHT,E,1,232
6CHT,E,1,233
6CHT,E,1,234
6CHT,E,1,235
6CHT,E,1,236
6CHT,E,1,237
6CHT,E,1,238
6CHT,E,1,239
6CHT,E,1,240
6CHT,E,1,241
6CHT,E,1,242
6CHT,E,1,243
6CHT,E,1,244
6CHT,E,1,245
6CHT,F,1,1
6CHT,F,1,2
6CHT,F,1,3
6CHT,F,1,11
6CHT,F,1,12
6CHT,F,1,13
6CHT,F,1,14
6CHT,F,1,15
6CHT,F,1,16
6CHT,F,1,17
6CHT,F,1,18
6CHT,F,1,19
6CHT,F,1,20
6CHT,G,1,1
6CHT,G,1,2
6CHT,G,1,3
6CHT,G,1,4
6CHT,G,1,5
6CHT,G,1,6
6CHT,G,1,7
6CHT,G,1,16
6CHT,G,1,17
6CHT,G,1,18
6CHT,G,1,19
6CHT,G,1,20
6CHT,G,1,21
6CHT,G,1,22
6CHT,G,1,23
6CHT,G,1,24
6CHT,G,1,25
6CHT,G,1,26
6CHT,G,1,27
6CHT,G,1,28
6CHT,G,1,29
6CHT,G,1,231
6CHT,G,1,232
6CHT,G,1,233
6CHT,G,1,234
6CHT,G,1,235
6CHT,G,1,236
6CHT,G,1,237
6CHT,G,1,238
6CHT,G,1,239
6CHT,G,1,240
6CHT,G,1,241
6CHT,G,1,242
6CHT,G,1,243
6CHT,G,1,244
6CHT,G,1,245
6CHT,H,1,1
6CHT,H,1,2
6CHT,H,1,3
6CHT,H,1,4
6CHT,H,1,5
6CHT,H,1,6
6CHT,H,1,7
6CHT,H,1,8
6CHT,H,1,9
6CHT,H,1,10
6CHT,H,1,11
6CHT,H,1,12
6CHT,H,1,13
6CHT,H,1,14
6CHT,H,1,15
6CHT,H,1,16
6CHT,H,1,17
6CHT,H,1,18
6CHT,H,1,19
6CHT,H,1,20
6CHT,H,1,21
6CHT,H,1,22
6CHT,H,1,23
6CHT,H,1,24
6CHT,H,1,25
6CHT,H,1,26
6CHT,H,1,27
6CHT,H,1,230
6CHT,H,1,231
6CHT,H,1,232
6CHT,H,1,233
6CHT,H,1,234
6CHT,H,1,235
6CHT,H,1,236
6CHT,H,1,237
6CHT,H,1,238
6CHT,H,1,239
6CHT,H,1,240
6CHT,H,1,241
6CHT,H,1,242
6CHT,H,1,243
6CHT,H,1,244
6CHT,H,1,245
6CHT,I,1,1
6CHT,I,1,2
6CHT,I,1,3
6CHT,I,1,11
6CHT,I,1,12
6CHT,I,1,13
6CHT,I,1,14
6CHT,I,1,15
6CHT,I,1,16
6CHT,I,1,17
6CHT,I,1,18
6CHT,I,1,19
6CHT,I,1,20
6CHT,J,1,1
6CHT,J,1,2
6CHT,J,1,3
6CHT,J,1,4
6CHT,J,1,5
6CHT,J,1,6
6CHT,J,1,7
6CHT,J,1,16
6CHT,J,1,17
6CHT,J,1,18
6CHT,J,1,19
6CHT,J,1,20
6CHT,J,1,21
6CHT,J,1,22
6CHT,J,1,23
6CHT,J,1,24
6CHT,J,1,25
6CHT,J,1,26
6CHT,J,1,27
6CHT,J,1,28
6CHT,J,1,29
6CHT,J,1,231
6CHT,J,1,232
6CHT,J,1,233
6CHT,J,1,234
6CHT,J,1,235
6CHT,J,1,236
6CHT,J,1,237
6CHT,J,1,238
6CHT,J,1,239
6CHT,J,1,240
6CHT,J,1,241
6CHT,J,1,242
6CHT,J,1,243
6CHT,J,1,244
6CHT,J,1,245
6CHT,K,1,1
6CHT,K,1,2
6CHT,K,1,3
6CHT,K,1,4
6CHT,K,1,5
6CHT,K,1,6
6CHT,K,1,7
6CHT,K,1,8
6CHT,K,1,9
6CHT,K,1,10
6CHT,K,1,11
6CHT,K,1,12
6CHT,K,1,13
6CHT,K,1,14
6CHT,K,1,15
6CHT,K,1,16
6CHT,K,1,17
6CHT,K,1,18
6CHT,K,1,19
6CHT,K,1,20
6CHT,K,1,21
6CHT,K,1,22
6CHT,K,1,23
6CHT,K,1,24
6CHT,K,1,25
6CHT,K,1,26
6CHT,K,1,27
6CHT,K,1,230
6CHT,K,1,231
6CHT,K,1,232
6CHT,K,1,233
6CHT,K,1,234
6CHT,K,1,235
6CHT,K,1,236
6CHT,K,1,237
6CHT,K,1,238
6CHT,K,1,239
6CHT,K,1,240
6CHT,K,1,241
6CHT,K,1,242
6CHT,K,1,243
6CHT,K,1,244
6CHT,K,1,245
6CHT,L,1,1
6CHT,L,1,2
6CHT,L,1,3
6CHT,L,1,12
6CHT,L,1,13
6CHT,L,1,14
6CHT,L,1,15
6CHT,L,1,16
6CHT,L,1,17
6CHT,L,1,18
6CHT,L,1,19
6CHT,L,1,20
6CHT,M,1,1
6CHT,M,1,2
6CHT,M,1,3
6CHT,M,1,4
6CHT,M,1,5
6CHT,M,1,6
6CHT,M,1,7
6CHT,M,1,8
6CHT,M,1,9
6CHT,M,1,10
6CHT,M,1,11
6CHT,M,1,12
6CHT,M,1,13
6CHT,M,1,14
6CHT,M,1,15
6CHT,M,1,16
6CHT,M,1,17
6CHT,M,1,18
6CHT,M,1,19
6CHT,M,1,20
6CHT,M,1,21
6CHT,M,1,22
6CHT,M,1,23
6CHT,M,1,24
6CHT,M,1,25
6CHT,M,1,26
6CHT,M,1,27
6CHT,M,1,28
6CHT,M,1,29
6CHT,M,1,231
6CHT,M,1,232
6CHT,M,1,233
6CHT,M,1,234
6CHT,M,1,235
6CHT,M,1,236
6CHT,M,1,237
6CHT,M,1,238
6CHT,M,1,239
6CHT,M,1,240
6CHT,M,1,241
6CHT,M,1,242
6CHT,M,1,243
6CHT,M,1,244
6CHT,M,1,245
6CHT,N,1,1
6CHT,N,1,2
6CHT,N,1,3
6CHT,N,1,4
6CHT,N,1,5
6CHT,N,1,6
6CHT,N,1,7
6CHT,N,1,8
6CHT,N,1,9
6CHT,N,1,10
6CHT,N,1,11
6CHT,N,1,12
6CHT,N,1,13
6CHT,N,1,14
6CHT,N,1,15
6CHT,N,1,16
6CHT,N,1,17
6CHT,N,1,18
6CHT,N,1,19
6CHT,N,1,20
6CHT,N,1,21
6CHT,N,1,22
6CHT,N,1,23
6CHT,N,1,24
6CHT,N,1,25
6CHT,N,1,26
6CHT,N,1,27
6CHT,N,1,28
6CHT,N,1,29
6CHT,N,1,30
6CHT,N,1,31
6CHT,N,1,32
6CHT,N,1,33
6CHT,N,1,34
6CHT,N,1,35
6CHT,N,1,229
6CHT,N,1,230
6CHT,N,1,231
6CHT,N,1,232
6CHT,N,1,233
6CHT,N,1,234
6CHT,N,1,235
6CHT,N,1,236
6CHT,N,1,237
6CHT,N,1,238
6CHT,N,1,239
6CHT,N,1,240
6CHT,N,1,241
6CHT,N,1,242
6CHT,N,1,243
6CHT,N,1,244
6CHT,N,1,245
6CHT,O,1,1
6CHT,O,1,2
6CHT,O,1,3
6CHT,O,1,4
6CHT,O,1,5
6CHT,O,1,6
6CHT,O,1,7
6CHT,O,1,8
6CHT,O,1,9
6CHT,O,1,10
6CHT,O,1,11
6CHT,O,1,12
6CHT,O,1,13
6CHT,O,1,14
6CHT,O,1,15
6CHT,O,1,16
6CHT,O,1,17
6CHT,O,1,18
6CHT,O,1,19
6CHT,O,1,20
6CHT,O,1,21
6CHT,O,1,22
6CHT,O,1,23
6CHT,O,1,24
6CHT,O,1,25
6CHT,O,1,26
6CHT,O,1,27
6CHT,O,1,28
6CHT,O,1,29
6CHT,O,1,30
6CHT,O,1,231
6CHT,O,1,232
6CHT,O,1,233
6CHT,O,1,234
6CHT,O,1,235
6CHT,O,1,236
6CHT,O,1,237
6CHT,O,1,238
6CHT,O,1,239
6CHT,O,1,240
6CHT,O,1,241
6CHT,O,1,242
6CHT,O,1,243
6CHT,O,1,244
6CHT,O,1,245
6CHT,P,1,1
6CHT,P,1,2
6CHT,P,1,3
6CHT,P,1,4
6CHT,P,1,5
6CHT,P,1,6
6CHT,P,1,7
6CHT,P,1,8
6CHT,P,1,9
6CHT,P,1,10
6CHT,P,1,11
6CHT,P,1,12
6CHT,P,1,13
6CHT,P,1,14
6CHT,P,1,15
6CHT,P,1,16
6CHT,P,1,17
6CHT,P,1,18
6CHT,P,1,19
6CHT,P,1,20
6CHT,P,1,21
6CHT,P,1,22
6CHT,P,1,23
6CHT,P,1,24
6CHT,P,1,25
6CHT,P,1,26
6CHT,P,1,27
6CHT,P,1,28
6CHT,P,1,29
6CHT,P,1,30
6CHT,P,1,31
6CHT,P,1,32
6CHT,P,1,33
6CHT,P,1,230
6CHT,P,1,231
6CHT,P,1,232
6CHT,P,1,233
6CHT,P,1,234
6CHT,P,1,235
6CHT,P,1,236
6CHT,P,1,237
6CHT,P,1,238
6CHT,P,1,239
6CHT,P,1,240
6CHT,P,1,241
6CHT,P,1,242
6CHT,P,1,243
6CHT,P,1,244
6CHT,P,1,245
6CHT,Q,1,1
6CHT,Q,1,2
6CHT,Q,1,3
6CHT,Q,1,4
6CHT,Q,1,5
6CHT,Q,1,6
6CHT,Q,1,7
6CHT,Q,1,8
6CHT,Q,1,9
6CHT,Q,1,10
6CHT,Q,1,11
6CHT,Q,1,12
6CHT,Q,1,13
6CHT,Q,1,14
6CHT,Q,1,15
6CHT,Q,1,16
6CHT,Q,1,17
6CHT,Q,1,18
6CHT,Q,1,19
6CHT,Q,1,20
6CHT,Q,1,21
6CHT,Q,1,22
6CHT,Q,1,23
6CHT,Q,1,24
6CHT,Q,1,25
6CHT,Q,1,26
6CHT,Q,1,27
6CHT,Q,1,28
6CHT,Q,1,29
6CHT,Q,1,30
6CHT,Q,1,232
6CHT,Q,1,233
6CHT,Q,1,234
6CHT,Q,1,235
6CHT,Q,1,236
6CHT,Q,1,237
6CHT,Q,1,238
6CHT,Q,1,239
6CHT,Q,1,240
6CHT,Q,1,241
6CHT,Q,1,242
6CHT,Q,1,243
6CHT,Q,1,244
6CHT,Q,1,245
6CHT,R,1,1
6CHT,R,1,2
6CHT,R,1,3
6CHT,R,1,4
6CHT,R,1,5
6CHT,R,1,6
6CHT,R,1,7
6CHT,R,1,8
6CHT,R,1,9
6CHT,R,1,10
6CHT,R,1,11
6CHT,R,1,12
6CHT,R,1,13
6CHT,R,1,14
6CHT,R,1,15
6CHT,R,1,16
6CHT,R,1,17
6CHT,R,1,18
6CHT,R,1,19
6CHT,R,1,20
6CHT,R,1,21
6CHT,R,1,22
6CHT,R,1,23
6CHT,R,1,24
6CHT,R,1,25
6CHT,R,1,26
6CHT,R,1,27
6CHT,R,1,28
6CHT,R,1,29
6CHT,R,1,30
6CHT,R,1,31
6CHT,R,1,32
6CHT,R,1,33
6CHT,R,1,34
6CHT,R,1,35
6CHT,R,1,36
6CHT,R,1,37
6CHT,R,1,230
6CHT,R,1,231
6CHT,R,1,232
6CHT,R,1,233
6CHT,R,1,234
6CHT,R,1,235
6CHT,R,1,236
6CHT,R,1,237
6CHT,R,1,238
6CHT,R,1,239
6CHT,R,1,240
6CHT,R,1,241
6CHT,R,1,242
6CHT,R,1,243
6CHT,R,1,244
6CHT,R,1,245
6CHT,S,1,1
6CHT,S,1,2
6CHT,S,1,3
6CHT,S,1,4
6CHT,S,1,5
6CHT,S,1,6
6CHT,S,1,7
6CHT,S,1,8
6CHT,S,1,9
6CHT,S,1,10
6CHT,S,1,11
6CHT,S,1,12
6CHT,S,1,13
6CHT,S,1,14
6CHT,S,1,15
6CHT,S,1,16
6CHT,S,1,17
6CHT,S,1,18
6CHT,S,1,19
6CHT,S,1,20
6CHT,S,1,21
6CHT,S,1,22
6CHT,S,1,23
6CHT,S,1,24
6CHT,S,1,25
6CHT,S,1,26
6CHT,S,1,27
6CHT,S,1,28
6CHT,S,1,231
6CHT,S,1,232
6CHT,S,1,233
6CHT,S,1,234
6CHT,S,1,235
6CHT,S,1,236
6CHT,S,1,237
6CHT,S,1,238
6CHT,S,1,239
6CHT,S,1,240
6CHT,S,1,241
6CHT,S,1,242
6CHT,S,1,243
6CHT,S,1,244
6CHT,S,1,245
6CHT,T,1,1
6CHT,T,1,2
6CHT,T,1,3
6CHT,T,1,4
6CHT,T,1,5
6CHT,T,1,6
6CHT,T,1,7
6CHT,T,1,8
6CHT,T,1,9
6CHT,T,1,10
6CHT,T,1,11
6CHT,T,1,12
6CHT,T,1,13
6CHT,T,1,14
6CHT,T,1,15
6CHT,T,1,16
6CHT,T,1,17
6CHT,T,1,18
6CHT,T,1,19
6CHT,T,1,20
6CHT,T,1,21
6CHT,T,1,22
6CHT,T,1,23
6CHT,T,1,24
6CHT,T,1,25
6CHT,T,1,26
6CHT,T,1,27
6CHT,T,1,28
6CHT,T,1,29
6CHT,T,1,30
6CHT,T,1,31
6CHT,T,1,32
6CHT,T,1,33
6CHT,T,1,34
6CHT,T,1,35
6CHT,T,1,36
6CHT,T,1,37
6CHT,T,1,230
6CHT,T,1,231
6CHT,T,1,232
6CHT,T,1,233
6CHT,T,1,234
6CHT,T,1,235
6CHT,T,1,236
6CHT,T,1,237
6CHT,T,1,238
6CHT,T,1,239
6CHT,T,1,240
6CHT,T,1,241
6CHT,T,1,242
6CHT,T,1,243
6CHT,T,1,244
6CHT,T,1,245
6CHZ,A,1,1
6CHZ,A,1,2
6CHZ,A,1,3
6CHZ,A,1,4
6CHZ,A,1,5
6CHZ,A,1,6
6CHZ,A,1,7
6CHZ,A,1,8
6CHZ,A,1,9
6CHZ,A,1,10
6CHZ,A,1,11
6CHZ,A,1,12
6CHZ,A,1,13
6CHZ,A,1,14
6CHZ,A,1,261
6CHZ,A,1,262
6CHZ,A,1,263
6CN5,A,1,1
6CN5,A,1,2
6CN5,A,1,3
6CN5,A,1,4
6CN5,A,1,5
6CN5,A,1,6
6CN5,A,1,7
6CN5,A,1,8
6CN5,A,1,240
6CN5,A,1,241
6CN5,A,1,242
6CN5,A,1,243
6CN5,A,1,244
6CN5,A,1,245
6CN5,A,1,246
6CN5,A,1,247
6CN5,A,1,248
6CN5,A,1,249
6CN5,A,1,250
6CN5,A,1,251
6CN5,A,1,252
6CN5,A,1,253
6CN5,A,1,254
6CN5,A,1,255
6CN5,A,1,256
6CN5,A,1,257
6CN5,A,1,258
6CN5,A,1,259
6CN5,A,1,260
6CN5,A,1,261
6CN5,A,1,262
6CN5,B,1,1
6CN5,B,1,2
6CN5,B,1,3
6CN5,B,1,4
6CN5,B,1,5
6CN5,B,1,6
6CN5,B,1,7
6CN5,B,1,8
6CN5,B,1,240
6CN5,B,1,241
6CN5,B,1,242
6CN5,B,1,243
6CN5,B,1,244
6CN5,B,1,245
6CN5,B,1,246
6CN5,B,1,247
6CN5,B,1,248
6CN5,B,1,249
6CN5,B,1,250
6CN5,B,1,251
6CN5,B,1,252
6CN5,B,1,253
6CN5,B,1,254
6CN5,B,1,255
6CN5,B,1,256
6CN5,B,1,257
6CN5,B,1,258
6CN5,B,1,259
6CN5,B,1,260
6CN5,B,1,261
6CN5,B,1,262
6CN6,A,1,1
6CN6,A,1,2
6CN6,A,1,3
6CN6,A,1,4
6CN6,A,1,5
6CN6,A,1,6
6CN6,A,1,237
6CN6,A,1,238
6CN6,A,1,239
6CN6,A,1,240
6CN6,A,1,241
6CN6,A,1,242
6CN6,A,1,243
6CN6,A,1,244
6CN6,A,1,245
6CN6,A,1,246
6CN6,A,1,247
6CN6,A,1,248
6CN6,A,1,249
6CN6,A,1,250
6CN6,A,1,251
6CN6,A,1,252
6CN6,A,1,253
6CN6,A,1,254
6CN6,A,1,255
6CN6,A,1,256
6CN6,A,1,257
6CN6,A,1,258
6CN6,A,1,259
6CZN,A,1,1
6CZN,A,1,2
6CZN,A,1,3
6CZN,A,1,4
6CZN,A,1,5
6CZN,A,1,6
6CZN,A,1,7
6CZN,A,1,8
6CZN,A,1,9
6CZN,A,1,10
6CZN,A,1,33
6CZN,A,1,34
6CZN,A,1,35
6CZN,A,1,36
6CZN,A,1,37
6CZN,A,1,38
6CZN,A,1,39
6CZN,A,1,40
6CZN,A,1,75
6CZN,A,1,76
6CZN,A,1,117
6CZN,A,1,118
6CZN,A,1,120
6CZN,A,1,121
6CZN,A,1,165
6CZN,A,1,166
6CZN,A,1,167
6CZN,A,1,168
6CZN,A,1,169
6CZN,A,1,170
6CZN,A,1,230
6CZN,A,1,231
6CZN,A,1,232
6CZN,A,1,233
6CZN,A,1,234
6CZN,A,1,235
6CZN,A,1,236
6CZN,A,1,237
6CZN,A,1,238
6CZN,A,1,252
6CZN,A,1,253
6CZN,A,1,254
6CZN,A,1,255
6CZN,A,1,256
6CZN,A,1,257
6CZN,B,1,1
6CZN,B,1,2
6CZN,B,1,3
6CZN,B,1,4
6CZN,B,1,5
6CZN,B,1,6
6CZN,B,1,7
6CZN,B,1,8
6CZN,B,1,35
6CZN,B,1,36
6CZN,B,1,37
6CZN,B,1,38
6CZN,B,1,39
6CZN,B,1,164
6CZN,B,1,165
6CZN,B,1,166
6CZN,B,1,167
6CZN,B,1,168
6CZN,B,1,169
6CZN,B,1,170
6CZN,B,1,171
6CZN,B,1,172
6CZN,B,1,173
6CZN,B,1,174
6CZN,B,1,233
6CZN,B,1,234
6CZN,B,1,235
6CZN,B,1,236
6CZN,B,1,237
6CZN,B,1,252
6CZN,B,1,253
6CZN,B,1,254
6CZN,B,1,255
6CZN,B,1,256
6CZN,B,1,257
6CZN,C,1,1
6CZN,C,1,2
6CZN,C,1,11
6CZN,C,1,12
6CZN,C,1,13
6CZN,D,1,1
6CZN,D,1,2
6CZN,D,1,12
6CZN,D,1,13
6D0F,A,1,1
6D0F,A,1,2
6D0F,A,1,3
6D0F,A,1,4
6D0F,A,1,5
6D0F,A,1,27
6D0F,A,1,28
6D0F,A,1,29
6D0F,A,1,30
6D0F,A,1,31
6D0F,A,1,32
6D0F,A,1,33
6D0F,A,1,34
6D0F,A,1,35
6D0F,A,1,112
6D0F,A,1,113
6D0F,A,1,114
6D0F,A,1,115
6D0F,A,1,116
6D0F,A,1,157
6D0F,A,1,158
6D0F,A,1,159
6D0F,A,1,160
6D0F,A,1,161
6D0F,A,1,162
6D0F,A,1,163
6D0F,A,1,164
6D0F,A,1,226
6D0F,A,1,227
6D0F,A,1,228
6D0F,A,1,229
6D0F,A,1,230
6D0F,A,1,231
6D0F,A,1,232
6D0F,A,1,244
6D0F,A,1,245
6D0F,A,1,246
6D0F,A,1,247
6D0F,A,1,248
6D0F,A,1,249
6D0F,A,1,250
6D0F,B,1,1
6D0F,B,1,2
6D0F,B,1,27
6D0F,B,1,28
6D0F,B,1,29
6D0F,B,1,30
6D0F,B,1,31
6D0F,B,1,32
6D0F,B,1,115
6D0F,B,1,116
6D0F,B,1,158
6D0F,B,1,159
6D0F,B,1,160
6D0F,B,1,161
6D0F,B,1,162
6D0F,B,1,163
6D0F,B,1,164
6D0F,B,1,165
6D0F,B,1,166
6D0F,B,1,167
6D0F,B,1,168
6D0F,B,1,226
6D0F,B,1,227
6D0F,B,1,228
6D0F,B,1,229
6D0F,B,1,230
6D0F,B,1,244
6D0F,B,1,245
6D0F,B,1,246
6D0F,B,1,247
6D0F,B,1,248
6D0F,B,1,249
6D0F,B,1,250
6D0F,C,1,1
6D3E,A,1,1
6D3E,A,1,2
6D3E,A,1,3
6D3E,A,1,4
6D3E,A,1,5
6D3E,A,1,6
6D3E,A,1,7
6D3E,A,1,67
6D3E,A,1,68
6D3E,A,1,69
6D3E,A,1,70
6D3E,A,1,71
6D3E,A,1,72
6D3E,A,1,73
6D3E,A,1,74
6D3E,A,1,75
6D3E,A,1,76
6D3E,B,1,1
6D3E,B,1,2
6D3E,B,1,3
6D3E,B,1,4
6D3E,B,1,5
6D3E,B,1,6
6D3E,B,1,7
6D3E,B,1,8
6D3E,B,1,9
6D3E,B,1,75
6D3E,B,1,76
6D3E,B,1,77
6D3E,B,1,78
6D3E,B,1,266
6D3E,B,1,267
6D3E,B,1,268
6D3E,B,1,269
6D8X,A,1,1
6D8X,A,1,2
6D8X,A,1,3
6D8X,A,1,4
6D8X,A,1,5
6D8X,A,1,6
6D8X,A,1,7
6D8X,A,1,8
6D8X,A,1,9
6D8X,A,1,10
6D8X,A,1,11
6D8X,A,1,12
6D8X,A,1,13
6D8X,A,1,14
6D8X,A,1,15
6D8X,A,1,16
6D8X,A,1,17
6D8X,A,1,18
6D8X,A,1,19
6D8X,A,1,20
6D8X,A,1,21
6D94,A,1,1
6D94,A,1,2
6D94,A,1,3
6D94,A,1,4
6D94,A,1,5
6D94,A,1,6
6D94,A,1,7
6D94,A,1,8
6D94,A,1,9
6D94,A,1,10
6D94,A,1,11
6D94,A,1,12
6D94,A,1,13
6D94,A,1,14
6D94,A,1,15
6D94,A,1,16
6D94,A,1,17
6D94,A,1,18
6D94,A,1,19
6D94,A,1,20
6D94,A,1,21
6D94,A,1,22
6D94,A,1,23
6D94,A,1,24
6D94,A,1,25
6D94,A,1,26
6D94,B,1,1
6D94,B,1,2
6D94,B,1,3
6D94,B,1,4
6D94,B,1,5
6D94,B,1,21
6D94,B,1,22
6D94,B,1,23
6D94,B,1,24
6DBH,A,1,1
6DBH,A,1,2
6DBH,A,1,3
6DBH,A,1,4
6DBH,A,1,5
6DBH,A,1,6
6DBH,A,1,7
6DBH,A,1,8
6DBH,A,1,9
6DBH,A,1,10
6DBH,A,1,11
6DBH,A,1,12
6DBH,A,1,13
6DBH,A,1,14
6DBH,A,1,15
6DBH,A,1,16
6DBH,A,1,17
6DBH,A,1,18
6DBH,A,1,19
6DBH,A,1,20
6DBH,A,1,21
6DBH,A,1,22
6DBH,A,1,23
6DBH,A,1,24
6DBH,A,1,296
6DBH,A,1,297
6DBH,B,1,1
6DBH,B,1,2
6DBH,B,1,3
6DBH,B,1,4
6DBH,B,1,5
6DBH,B,1,6
6DBH,B,1,7
6DBH,B,1,8
6DBH,B,1,9
6DBH,B,1,10
6DBH,B,1,11
6DBH,B,1,12
6DBH,B,1,13
6DBH,B,1,14
6DBH,B,1,15
6DBH,B,1,16
6DBH,B,1,17
6DBH,B,1,18
6DBH,B,1,19
6DBH,B,1,20
6DBH,B,1,21
6DBH,B,1,22
6DBH,B,1,23
6DBH,B,1,24
6DBH,B,1,25
6DBH,B,1,26
6DBH,B,1,61
6DBH,B,1,90
6DBH,B,1,91
6DBH,B,1,92
6DBH,B,1,93
6DBH,B,1,94
6DBH,B,1,282
6DBH,B,1,283
6DBH,B,1,284
6DBH,B,1,295
6DBH,B,1,296
6DBH,B,1,297
6DCU,A,1,1
6DCU,A,1,2
6DCU,A,1,3
6DCU,A,1,4
6DCU,A,1,5
6DCU,A,1,6
6DCU,A,1,7
6DCU,A,1,8
6DCU,A,1,9
6DCU,A,1,10
6DCU,A,1,11
6DCU,A,1,12
6DCU,A,1,13
6DCU,A,1,14
6DCU,A,1,15
6DCU,A,1,16
6DCU,A,1,17
6DCU,A,1,18
6DCU,A,1,19
6DCU,A,1,20
6DCU,A,1,21
6DCU,A,1,22
6DCU,A,1,23
6DCU,A,1,24
6DCU,A,1,25
6DCU,A,1,83
6DCU,A,1,84
6DCU,A,1,85
6DCU,A,1,86
6DCU,A,1,87
6DCU,A,1,88
6DCU,A,1,89
6DCU,A,1,90
6DCU,A,1,91
6DCU,A,1,92
6DCU,A,1,290
6DCU,A,1,291
6DCU,A,1,292
6DCU,A,1,293
6DCU,A,1,294
6DCU,A,1,295
6DCU,A,1,296
6DCU,A,1,297
6DCU,A,1,298
6DCU,A,1,299
6DCU,A,1,300
6DCU,A,1,301
6DCU,B,1,1
6DCU,B,1,2
6DCU,B,1,3
6DCU,B,1,4
6DCU,B,1,5
6DCU,B,1,6
6DCU,B,1,7
6DCU,B,1,8
6DCU,B,1,9
6DCU,B,1,10
6DCU,B,1,11
6DCU,B,1,12
6DCU,B,1,13
6DCU,B,1,14
6DCU,B,1,15
6DCU,B,1,16
6DCU,B,1,17
6DCU,B,1,18
6DCU,B,1,19
6DCU,B,1,20
6DCU,B,1,21
6DCU,B,1,22
6DCU,B,1,23
6DCU,B,1,24
6DCU,B,1,25
6DCU,B,1,60
6DCU,B,1,61
6DCU,B,1,62
6DCU,B,1,63
6DCU,B,1,83
6DCU,B,1,84
6DCU,B,1,85
6DCU,B,1,86
6DCU,B,1,87
6DCU,B,1,88
6DCU,B,1,89
6DCU,B,1,90
6DCU,B,1,91
6DCU,B,1,92
6DCU,B,1,93
6DCU,B,1,94
6DCU,B,1,95
6DCU,B,1,290
6DCU,B,1,291
6DCU,B,1,292
6DCU,B,1,293
6DCU,B,1,294
6DCU,B,1,295
6DCU,B,1,296
6DCU,B,1,297
6DCU,B,1,298
6DCU,B,1,299
6DCU,B,1,300
6DCU,B,1,301
6DDA,A,1,1
6DDA,A,1,2
6DDA,A,1,3
6DDA,A,1,4
6DDA,A,1,5
6DDA,A,1,6
6DDA,A,1,7
6DDA,A,1,8
6DDA,A,1,9
6DDA,A,1,10
6DDA,A,1,11
6DDA,A,1,12
6DDA,A,1,13
6DDA,A,1,14
6DDA,A,1,15
6DDA,A,1,16
6DDA,A,1,17
6DDA,A,1,18
6DDA,A,1,19
6DDA,A,1,20
6DDA,A,1,21
6DDA,A,1,22
6DDA,A,1,23
6DDA,A,1,24
6DDA,A,1,25
6DDA,A,1,26
6DDA,A,1,27
6DDA,A,1,28
6DDA,A,1,29
6DDA,A,1,30
6DDA,A,1,31
6DDA,A,1,32
6DDA,A,1,33
6DDA,A,1,34
6DDA,A,1,35
6DDA,A,1,36
6DDA,B,1,1
6DDA,B,1,2
6DDA,B,1,3
6DDA,B,1,4
6DDA,B,1,5
6DDA,B,1,6
6DDA,B,1,7
6DDA,B,1,8
6DDA,B,1,9
6DDA,B,1,10
6DDA,B,1,11
6DDA,B,1,12
6DDA,B,1,13
6DDA,B,1,14
6DDA,B,1,15
6DDA,B,1,16
6DDA,B,1,17
6DDA,B,1,18
6DDA,B,1,19
6DDA,B,1,20
6DDA,B,1,21
6DDA,B,1,22
6DDA,B,1,23
6DDA,B,1,24
6DDA,B,1,25
6DDA,B,1,26
6DDA,B,1,27
6DDA,B,1,28
6DDA,B,1,29
6DDA,B,1,30
6DDA,B,1,31
6DDA,B,1,32
6DDA,B,1,33
6DDA,B,1,34
6DDA,B,1,35
6DDA,B,1,36
6DDA,B,1,67
6DDA,B,1,68
6DDA,B,1,69
6DDA,B,1,70
6DDA,B,1,71
6DDA,B,1,72
6DDA,B,1,216
6DDA,B,1,217
6DDA,B,1,218
6DDA,B,1,219
6DDA,B,1,220
6DDA,B,1,221
6DDA,C,1,1
6DDA,C,1,2
6DDA,C,1,3
6DDA,C,1,4
6DDA,C,1,5
6DDA,C,1,6
6DDA,C,1,7
6DDA,C,1,8
6DDA,C,1,9
6DDA,C,1,10
6DDA,C,1,11
6DDA,C,1,12
6DDA,C,1,13
6DDA,C,1,14
6DDA,C,1,15
6DDA,C,1,16
6DDA,C,1,17
6DDA,C,1,18
6DDA,C,1,19
6DDA,C,1,20
6DDA,C,1,21
6DDA,C,1,22
6DDA,C,1,23
6DDA,C,1,24
6DDA,C,1,25
6DDA,C,1,26
6DDA,C,1,27
6DDA,C,1,28
6DDA,C,1,29
6DDA,C,1,30
6DDA,C,1,31
6DDA,C,1,32
6DDA,C,1,33
6DDA,C,1,34
6DDA,C,1,35
6DDA,C,1,36
6DDA,C,1,67
6DDA,C,1,68
6DDA,C,1,69
6DDA,C,1,70
6DDA,C,1,71
6DDA,C,1,72
6DDA,C,1,216
6DDA,C,1,217
6DDA,C,1,218
6DDA,C,1,219
6DDA,C,1,220
6DF6,A,1,1
6DF6,A,1,2
6DF6,A,1,3
6DF6,A,1,4
6DF6,A,1,5
6DF6,A,1,6
6DF6,A,1,7
6DF6,A,1,8
6DF6,A,1,9
6DF6,A,1,10
6DF6,A,1,11
6DF6,A,1,12
6DF6,A,1,13
6DF6,A,1,14
6DF6,A,1,15
6DF6,A,1,16
6DF6,A,1,17
6DF6,A,1,18
6DF6,A,1,19
6DF6,A,1,20
6DF6,A,1,21
6DF6,A,1,22
6DF6,A,1,23
6DF6,A,1,24
6DF6,A,1,25
6DF6,A,1,26
6DF6,A,1,27
6DF6,A,1,28
6DF6,A,1,29
6DF6,A,1,30
6DF6,A,1,31
6DF6,A,1,32
6DF6,A,1,189
6DF6,A,1,190
6DF6,A,1,256
6DF6,A,1,257
6DF6,A,1,258
6DF6,A,1,259
6DF6,A,1,274
6DF6,A,1,275
6DF6,A,1,276
6DF6,A,1,277
6DF6,A,1,278
6DF6,A,1,279
6DF6,A,1,280
6DF6,B,1,1
6DF6,B,1,2
6DF6,B,1,3
6DF6,B,1,4
6DF6,B,1,5
6DF6,B,1,6
6DF6,B,1,7
6DF6,B,1,8
6DF6,B,1,9
6DF6,B,1,10
6DF6,B,1,11
6DF6,B,1,12
6DF6,B,1,13
6DF6,B,1,14
6DF6,B,1,15
6DF6,B,1,16
6DF6,B,1,17
6DF6,B,1,18
6DF6,B,1,19
6DF6,B,1,20
6DF6,B,1,21
6DF6,B,1,22
6DF6,B,1,23
6DF6,B,1,24
6DF6,B,1,25
6DF6,B,1,26
6DF6,B,1,27
6DF6,B,1,28
6DF6,B,1,29
6DF6,B,1,30
6DF6,B,1,31
6DF6,B,1,32
6DF6,B,1,59
6DF6,B,1,60
6DF6,B,1,61
6DF6,B,1,62
6DF6,B,1,186
6DF6,B,1,187
6DF6,B,1,188
6DF6,B,1,189
6DF6,B,1,190
6DF6,B,1,191
6DF6,B,1,192
6DF6,B,1,193
6DF6,B,1,194
6DF6,B,1,195
6DF6,B,1,196
6DF6,B,1,197
6DF6,B,1,257
6DF6,B,1,258
6DF6,B,1,259
6DF6,B,1,260
6DF6,B,1,261
6DF6,B,1,274
6DF6,B,1,275
6DF6,B,1,276
6DF6,B,1,277
6DF6,B,1,278
6DF6,B,1,279
6DF6,B,1,280
6DF6,C,1,1
6DF6,C,1,2
6DF6,C,1,3
6DF6,C,1,4
6DF6,C,1,5
6DF6,C,1,6
6DF6,C,1,7
6DF6,C,1,8
6DF6,C,1,9
6DF6,C,1,10
6DF6,C,1,11
6DF6,C,1,12
6DF6,C,1,13
6DF6,C,1,14
6DF6,C,1,15
6DF6,C,1,16
6DF6,C,1,17
6DF6,C,1,18
6DF6,C,1,19
6DF6,C,1,20
6DF6,C,1,21
6DF6,C,1,22
6DF6,C,1,23
6DF6,C,1,24
6DF6,C,1,25
6DF6,C,1,26
6DF6,C,1,27
6DF6,C,1,28
6DF6,C,1,29
6DF6,C,1,30
6DF6,C,1,31
6DF6,C,1,32
6DF6,C,1,189
6DF6,C,1,190
6DF6,C,1,191
6DF6,C,1,256
6DF6,C,1,257
6DF6,C,1,258
6DF6,C,1,259
6DF6,C,1,260
6DF6,C,1,274
6DF6,C,1,275
6DF6,C,1,276
6DF6,C,1,277
6DF6,C,1,278
6DF6,C,1,279
6DF6,C,1,280
6DF6,D,1,1
6DF6,D,1,2
6DF6,D,1,3
6DF6,D,1,4
6DF6,D,1,5
6DF6,D,1,6
6DF6,D,1,7
6DF6,D,1,8
6DF6,D,1,9
6DF6,D,1,10
6DF6,D,1,11
6DF6,D,1,12
6DF6,D,1,13
6DF6,D,1,14
6DF6,D,1,15
6DF6,D,1,16
6DF6,D,1,17
6DF6,D,1,18
6DF6,D,1,19
6DF6,D,1,20
6DF6,D,1,21
6DF6,D,1,22
6DF6,D,1,23
6DF6,D,1,24
6DF6,D,1,25
6DF6,D,1,26
6DF6,D,1,27
6DF6,D,1,28
6DF6,D,1,29
6DF6,D,1,30
6DF6,D,1,31
6DF6,D,1,32
6DF6,D,1,63
6DF6,D,1,64
6DF6,D,1,65
6DF6,D,1,66
6DF6,D,1,189
6DF6,D,1,190
6DF6,D,1,257
6DF6,D,1,258
6DF6,D,1,259
6DF6,D,1,260
6DF6,D,1,274
6DF6,D,1,275
6DF6,D,1,276
6DF6,D,1,277
6DF6,D,1,278
6DF6,D,1,279
6DF6,D,1,280
6DFN,A,1,1
6DFN,A,1,2
6DFN,A,1,3
6DFN,A,1,4
6DFN,A,1,5
6DFN,A,1,6
6DFN,A,1,7
6DFN,A,1,8
6DFN,A,1,9
6DFN,A,1,10
6DFN,A,1,11
6DFN,A,1,12
6DFN,A,1,13
6DFN,A,1,14
6DFN,A,1,15
6DFN,A,1,16
6DFN,A,1,17
6DFN,A,1,18
6DFN,A,1,19
6DFN,A,1,20
6DFN,A,1,21
6DFN,A,1,22
6DFN,A,1,23
6DFN,A,1,24
6DFN,A,1,25
6DFN,A,1,26
6DFN,A,1,27
6DFN,A,1,28
6DFN,A,1,29
6DFN,A,1,30
6DFN,A,1,31
6DFN,A,1,32
6DFN,A,1,189
6DFN,A,1,190
6DFN,A,1,191
6DFN,A,1,256
6DFN,A,1,257
6DFN,A,1,258
6DFN,A,1,259
6DFN,A,1,274
6DFN,A,1,275
6DFN,A,1,276
6DFN,A,1,277
6DFN,A,1,278
6DFN,A,1,279
6DFN,A,1,280
6DFN,B,1,1
6DFN,B,1,2
6DFN,B,1,3
6DFN,B,1,4
6DFN,B,1,5
6DFN,B,1,6
6DFN,B,1,7
6DFN,B,1,8
6DFN,B,1,9
6DFN,B,1,10
6DFN,B,1,11
6DFN,B,1,12
6DFN,B,1,13
6DFN,B,1,14
6DFN,B,1,15
6DFN,B,1,16
6DFN,B,1,17
6DFN,B,1,18
6DFN,B,1,19
6DFN,B,1,20
6DFN,B,1,21
6DFN,B,1,22
6DFN,B,1,23
6DFN,B,1,24
6DFN,B,1,25
6DFN,B,1,26
6DFN,B,1,27
6DFN,B,1,28
6DFN,B,1,29
6DFN,B,1,30
6DFN,B,1,31
6DFN,B,1,32
6DFN,B,1,58
6DFN,B,1,59
6DFN,B,1,60
6DFN,B,1,61
6DFN,B,1,62
6DFN,B,1,63
6DFN,B,1,185
6DFN,B,1,186
6DFN,B,1,187
6DFN,B,1,188
6DFN,B,1,189
6DFN,B,1,190
6DFN,B,1,191
6DFN,B,1,192
6DFN,B,1,193
6DFN,B,1,194
6DFN,B,1,195
6DFN,B,1,257
6DFN,B,1,258
6DFN,B,1,259
6DFN,B,1,260
6DFN,B,1,261
6DFN,B,1,262
6DFN,B,1,274
6DFN,B,1,275
6DFN,B,1,276
6DFN,B,1,277
6DFN,B,1,278
6DFN,B,1,279
6DFN,B,1,280
6DFN,C,1,1
6DFN,C,1,2
6DFN,C,1,3
6DFN,C,1,4
6DFN,C,1,5
6DFN,C,1,6
6DFN,C,1,7
6DFN,C,1,8
6DFN,C,1,9
6DFN,C,1,10
6DFN,C,1,11
6DFN,C,1,12
6DFN,C,1,13
6DFN,C,1,14
6DFN,C,1,15
6DFN,C,1,16
6DFN,C,1,17
6DFN,C,1,18
6DFN,C,1,19
6DFN,C,1,20
6DFN,C,1,21
6DFN,C,1,22
6DFN,C,1,23
6DFN,C,1,24
6DFN,C,1,25
6DFN,C,1,26
6DFN,C,1,27
6DFN,C,1,28
6DFN,C,1,29
6DFN,C,1,30
6DFN,C,1,31
6DFN,C,1,32
6DFN,C,1,33
6DFN,C,1,34
6DFN,C,1,58
6DFN,C,1,59
6DFN,C,1,60
6DFN,C,1,61
6DFN,C,1,62
6DFN,C,1,188
6DFN,C,1,189
6DFN,C,1,190
6DFN,C,1,191
6DFN,C,1,257
6DFN,C,1,258
6DFN,C,1,274
6DFN,C,1,275
6DFN,C,1,276
6DFN,C,1,277
6DFN,C,1,278
6DFN,C,1,279
6DFN,C,1,280
6DFN,D,1,1
6DFN,D,1,2
6DFN,D,1,3
6DFN,D,1,4
6DFN,D,1,5
6DFN,D,1,6
6DFN,D,1,7
6DFN,D,1,8
6DFN,D,1,9
6DFN,D,1,10
6DFN,D,1,11
6DFN,D,1,12
6DFN,D,1,13
6DFN,D,1,14
6DFN,D,1,15
6DFN,D,1,16
6DFN,D,1,17
6DFN,D,1,18
6DFN,D,1,19
6DFN,D,1,20
6DFN,D,1,21
6DFN,D,1,22
6DFN,D,1,23
6DFN,D,1,24
6DFN,D,1,25
6DFN,D,1,26
6DFN,D,1,27
6DFN,D,1,28
6DFN,D,1,29
6DFN,D,1,30
6DFN,D,1,31
6DFN,D,1,32
6DFN,D,1,59
6DFN,D,1,60
6DFN,D,1,61
6DFN,D,1,62
6DFN,D,1,63
6DFN,D,1,64
6DFN,D,1,65
6DFN,D,1,66
6DFN,D,1,67
6DFN,D,1,188
6DFN,D,1,189
6DFN,D,1,190
6DFN,D,1,191
6DFN,D,1,192
6DFN,D,1,193
6DFN,D,1,256
6DFN,D,1,257
6DFN,D,1,258
6DFN,D,1,259
6DFN,D,1,260
6DFN,D,1,274
6DFN,D,1,275
6DFN,D,1,276
6DFN,D,1,277
6DFN,D,1,278
6DFN,D,1,279
6DFN,D,1,280
6DGL,A,1,1
6DGL,A,1,2
6DGL,A,1,3
6DGL,A,1,4
6DGL,A,1,5
6DGL,A,1,64
6DGL,A,1,65
6DGL,A,1,66
6DGL,A,1,67
6DGL,A,1,68
6DGL,A,1,69
6DGL,A,1,70
6DGL,A,1,71
6DGL,A,1,72
6DGL,A,1,73
6DGL,A,1,276
6DGL,B,1,1
6DGL,B,1,2
6DGL,B,1,3
6DGL,B,1,4
6DGL,B,1,5
6DGL,B,1,67
6DGL,B,1,68
6DGL,B,1,69
6DGL,B,1,70
6DGL,B,1,71
6DGL,B,1,72
6DGL,B,1,73
6DGL,B,1,260
6DGL,B,1,261
6DGL,B,1,262
6DGL,B,1,263
6DGL,B,1,264
6DGL,B,1,265
6DGL,B,1,276
6DGO,A,1,1
6DGO,A,1,2
6DGO,A,1,3
6DGO,A,1,4
6DGO,A,1,65
6DGO,A,1,66
6DGO,A,1,67
6DGO,A,1,68
6DGO,A,1,69
6DGO,A,1,70
6DGO,A,1,71
6DGO,A,1,72
6DGO,A,1,273
6DGO,A,1,274
6DGO,A,1,275
6DGO,B,1,1
6DGO,B,1,2
6DGO,B,1,3
6DGO,B,1,4
6DGO,B,1,65
6DGO,B,1,66
6DGO,B,1,67
6DGO,B,1,68
6DGO,B,1,69
6DGO,B,1,70
6DGO,B,1,71
6DGO,B,1,72
6DGO,B,1,73
6DGO,B,1,260
6DGO,B,1,261
6DGO,B,1,262
6DGO,B,1,263
6DGO,B,1,274
6DGO,B,1,275
6DGP,A,1,1
6DGP,A,1,2
6DGP,A,1,3
6DGP,A,1,4
6DGP,A,1,5
6DGP,A,1,6
6DGP,A,1,7
6DGP,A,1,8
6DGP,A,1,9
6DGP,A,1,10
6DGP,A,1,11
6DGP,A,1,12
6DGP,A,1,13
6DGP,A,1,14
6DGP,A,1,15
6DGP,A,1,16
6DGP,A,1,17
6DGP,A,1,18
6DGP,A,1,19
6DGP,A,1,20
6DGP,A,1,21
6DGP,A,1,22
6DGP,A,1,23
6DGP,A,1,24
6DGP,A,1,25
6DGP,A,1,26
6DGP,A,1,85
6DGP,A,1,86
6DGP,A,1,87
6DGP,A,1,88
6DGP,A,1,89
6DGP,A,1,90
6DGP,A,1,91
6DGP,A,1,92
6DGP,A,1,93
6DGP,A,1,94
6DGP,A,1,95
6DGP,A,1,297
6DGP,B,1,1
6DGP,B,1,2
6DGP,B,1,3
6DGP,B,1,4
6DGP,B,1,5
6DGP,B,1,6
6DGP,B,1,7
6DGP,B,1,8
6DGP,B,1,9
6DGP,B,1,10
6DGP,B,1,11
6DGP,B,1,12
6DGP,B,1,13
6DGP,B,1,14
6DGP,B,1,15
6DGP,B,1,16
6DGP,B,1,17
6DGP,B,1,18
6DGP,B,1,19
6DGP,B,1,20
6DGP,B,1,21
6DGP,B,1,22
6DGP,B,1,23
6DGP,B,1,24
6DGP,B,1,25
6DGP,B,1,26
6DGP,B,1,85
6DGP,B,1,86
6DGP,B,1,87
6DGP,B,1,88
6DGP,B,1,89
6DGP,B,1,90
6DGP,B,1,91
6DGP,B,1,92
6DGP,B,1,93
6DGP,B,1,94
6DGP,B,1,95
6DGP,B,1,297
6DGP,C,1,1
6DGP,C,1,2
6DGP,C,1,15
6DGP,C,1,16
6DGP,C,1,17
6DGP,C,1,18
6DGP,C,1,19
6DGP,D,1,1
6DGP,D,1,2
6DGP,D,1,15
6DGP,D,1,16
6DGP,D,1,17
6DGP,D,1,18
6DGP,D,1,19
6DGQ,A,1,1
6DGQ,A,1,2
6DGQ,A,1,3
6DGQ,A,1,4
6DGQ,A,1,5
6DGQ,A,1,62
6DGQ,A,1,63
6DGQ,A,1,64
6DGQ,A,1,65
6DGQ,A,1,66
6DGQ,A,1,67
6DGQ,A,1,68
6DGQ,A,1,69
6DGQ,A,1,70
6DGQ,A,1,71
6DGQ,A,1,72
6DGQ,A,1,73
6DGQ,A,1,156
6DGQ,A,1,276
6DGQ,B,1,1
6DGQ,B,1,2
6DGQ,B,1,3
6DGQ,B,1,4
6DGQ,B,1,5
6DGQ,B,1,62
6DGQ,B,1,63
6DGQ,B,1,64
6DGQ,B,1,65
6DGQ,B,1,66
6DGQ,B,1,67
6DGQ,B,1,68
6DGQ,B,1,69
6DGQ,B,1,70
6DGQ,B,1,71
6DGQ,B,1,72
6DGQ,B,1,73
6DGQ,B,1,260
6DGQ,B,1,261
6DGQ,B,1,262
6DGQ,B,1,263
6DGQ,B,1,264
6DGQ,B,1,276
6DGR,A,1,1
6DGR,A,1,2
6DGR,A,1,3
6DGR,A,1,4
6DGR,A,1,5
6DGR,A,1,6
6DGR,A,1,7
6DGR,A,1,8
6DGR,A,1,9
6DGR,A,1,10
6DGR,A,1,11
6DGR,A,1,12
6DGR,A,1,13
6DGR,A,1,14
6DGR,A,1,15
6DGR,A,1,16
6DGR,A,1,17
6DGR,A,1,18
6DGR,A,1,19
6DGR,A,1,20
6DGR,A,1,21
6DGR,A,1,22
6DGR,A,1,23
6DGR,A,1,24
6DGR,A,1,25
6DGR,A,1,26
6DGR,A,1,87
6DGR,A,1,88
6DGR,A,1,89
6DGR,A,1,90
6DGR,A,1,91
6DGR,A,1,92
6DGR,A,1,93
6DGR,A,1,94
6DGR,A,1,95
6DGR,A,1,297
6DGR,B,1,1
6DGR,B,1,2
6DGR,B,1,3
6DGR,B,1,4
6DGR,B,1,5
6DGR,B,1,6
6DGR,B,1,7
6DGR,B,1,8
6DGR,B,1,9
6DGR,B,1,10
6DGR,B,1,11
6DGR,B,1,12
6DGR,B,1,13
6DGR,B,1,14
6DGR,B,1,15
6DGR,B,1,16
6DGR,B,1,17
6DGR,B,1,18
6DGR,B,1,19
6DGR,B,1,20
6DGR,B,1,21
6DGR,B,1,22
6DGR,B,1,23
6DGR,B,1,24
6DGR,B,1,25
6DGR,B,1,26
6DGR,B,1,61
6DGR,B,1,62
6DGR,B,1,63
6DGR,B,1,82
6DGR,B,1,83
6DGR,B,1,84
6DGR,B,1,88
6DGR,B,1,89
6DGR,B,1,90
6DGR,B,1,91
6DGR,B,1,92
6DGR,B,1,93
6DGR,B,1,94
6DGR,B,1,283
6DGR,B,1,284
6DGR,B,1,285
6DGR,B,1,297
6DH9,A,1,58
6DH9,A,1,59
6DH9,A,1,60
6DH9,A,1,61
6DH9,A,1,62
6DH9,A,1,63
6DH9,A,1,64
6DH9,A,1,65
6DH9,A,1,66
6DH9,A,1,67
6DH9,A,1,68
6DH9,A,1,271
6DH9,B,1,62
6DH9,B,1,63
6DH9,B,1,64
6DH9,B,1,65
6DH9,B,1,66
6DH9,B,1,67
6DH9,B,1,68
6DH9,B,1,255
6DH9,B,1,256
6DH9,B,1,257
6DH9,B,1,258
6DH9,B,1,259
6DH9,B,1,269
6DH9,B,1,270
6DH9,B,1,271
6DHA,A,1,55
6DHA,A,1,56
6DHA,A,1,57
6DHA,A,1,58
6DHA,A,1,59
6DHA,A,1,60
6DHA,A,1,61
6DHA,A,1,62
6DHA,A,1,63
6DHA,A,1,64
6DHA,A,1,65
6DHA,A,1,66
6DHA,A,1,67
6DHA,A,1,68
6DHA,A,1,69
6DHA,A,1,271
6DHA,B,1,63
6DHA,B,1,64
6DHA,B,1,65
6DHA,B,1,66
6DHA,B,1,67
6DHA,B,1,68
6DHA,B,1,69
6DHA,B,1,271
6DUP,A,1,1
6DUP,A,1,2
6DUP,A,1,3
6DUP,A,1,4
6DUP,A,1,5
6DUP,A,1,6
6DUP,A,1,7
6DUP,A,1,8
6DUP,A,1,9
6DUP,A,1,10
6DUP,A,1,11
6DUP,A,1,12
6DUP,A,1,13
6DUP,A,1,14
6DUP,A,1,15
6DUP,A,1,16
6DUP,A,1,17
6DUP,A,1,18
6DUP,A,1,19
6DUP,A,1,20
6DUP,A,1,21
6DUP,A,1,22
6DUP,A,1,23
6DUP,A,1,60
6DUP,A,1,61
6DUP,A,1,62
6DUP,A,1,63
6DUP,A,1,64
6DUP,A,1,65
6DUP,A,1,66
6DUP,A,1,67
6DUP,A,1,68
6DUP,A,1,69
6DUP,A,1,70
6DUP,A,1,71
6DUP,A,1,72
6DUP,A,1,73
6DUP,A,1,191
6DUP,A,1,192
6DUP,A,1,193
6DUP,A,1,194
6DUP,A,1,195
6DUP,A,1,196
6DUP,A,1,197
6DUP,A,1,198
6DUP,A,1,199
6DUP,A,1,200
6DUP,A,1,314
6DUP,A,1,315
6DUP,A,1,316
6DUP,A,1,317
6DUP,A,1,318
6DUP,A,1,319
6DUP,A,1,320
6DUP,A,1,321
6DUP,A,1,322
6DUP,A,1,323
6DUP,A,1,324
6DUP,A,1,341
6DUP,A,1,342
6DUP,A,1,343
6DUP,A,1,344
6DUP,B,1,1
6DUP,B,1,2
6DUP,B,1,3
6DUP,B,1,4
6DUP,B,1,5
6DUP,B,1,6
6DUP,B,1,7
6DUP,B,1,8
6DUP,B,1,9
6DUP,B,1,10
6DUP,B,1,11
6DUP,B,1,12
6DUP,B,1,13
6DUP,B,1,14
6DUP,B,1,15
6DUP,B,1,16
6DUP,B,1,17
6DUP,B,1,18
6DUP,B,1,19
6DUP,B,1,20
6DUP,B,1,21
6DUP,B,1,22
6DUP,B,1,23
6DUP,B,1,61
6DUP,B,1,62
6DUP,B,1,63
6DUP,B,1,64
6DUP,B,1,65
6DUP,B,1,66
6DUP,B,1,67
6DUP,B,1,68
6DUP,B,1,69
6DUP,B,1,70
6DUP,B,1,71
6DUP,B,1,72
6DUP,B,1,73
6DUP,B,1,74
6DUP,B,1,75
6DUP,B,1,76
6DUP,B,1,77
6DUP,B,1,78
6DUP,B,1,79
6DUP,B,1,80
6DUP,B,1,192
6DUP,B,1,193
6DUP,B,1,194
6DUP,B,1,195
6DUP,B,1,196
6DUP,B,1,197
6DUP,B,1,198
6DUP,B,1,314
6DUP,B,1,315
6DUP,B,1,316
6DUP,B,1,317
6DUP,B,1,318
6DUP,B,1,319
6DUP,B,1,320
6DUP,B,1,321
6DUP,B,1,322
6DUP,B,1,323
6DUP,B,1,324
6DUP,B,1,325
6DUP,B,1,343
6DUP,B,1,344
6DXK,A,1,1
6DXK,A,1,2
6DXK,A,1,3
6DXK,A,1,4
6DXK,A,1,5
6DXK,A,1,6
6DXK,A,1,7
6DXK,A,1,8
6DXK,A,1,9
6DXK,A,1,10
6DXK,A,1,258
6DXK,B,1,1
6DXK,B,1,2
6DXK,B,1,3
6DXK,B,1,4
6DXK,B,1,5
6DXK,B,1,6
6DXK,B,1,7
6DXK,B,1,8
6DXK,B,1,9
6DXK,B,1,10
6E5A,A,1,59
6E5A,A,1,60
6E5A,A,1,61
6E5A,A,1,62
6E5A,A,1,63
6E5A,A,1,64
6E5A,A,1,65
6E5A,A,1,66
6E5A,A,1,67
6E5A,A,1,68
6E5A,A,1,69
6E5A,A,1,70
6E5A,A,1,71
6E5A,A,1,273
6E5A,B,1,1
6E5A,B,1,2
6E5A,B,1,37
6E5A,B,1,38
6E5A,B,1,39
6E5A,B,1,40
6E5A,B,1,65
6E5A,B,1,66
6E5A,B,1,67
6E5A,B,1,68
6E5A,B,1,69
6E5A,B,1,70
6E5A,B,1,71
6E5A,B,1,258
6E5A,B,1,259
6E5A,B,1,260
6E5A,B,1,261
6E5A,B,1,262
6E5A,B,1,273
6EL6,A,1,1
6EL6,A,1,2
6EL6,A,1,3
6EL6,A,1,4
6EL6,A,1,5
6EL6,A,1,6
6EL6,A,1,7
6EL6,A,1,8
6EL6,A,1,9
6EL6,A,1,10
6EL6,A,1,11
6EL6,A,1,12
6EL6,A,1,13
6EL6,A,1,14
6EL6,A,1,15
6EL6,A,1,16
6EL6,A,1,17
6EL6,A,1,18
6EL6,A,1,19
6EL6,A,1,20
6EL6,A,1,21
6EL6,A,1,22
6EL6,A,1,23
6EL6,A,1,24
6EL6,A,1,25
6EL6,A,1,26
6EL6,A,1,27
6EL6,A,1,28
6EL6,A,1,29
6EL6,A,1,30
6EL6,A,1,31
6EL6,A,1,32
6EL6,A,1,280
6EL6,B,1,1
6EL7,A,1,1
6EL7,A,1,2
6EL7,A,1,3
6EL7,A,1,4
6EL7,A,1,5
6EL7,A,1,6
6EL7,A,1,7
6EL7,A,1,8
6EL7,A,1,9
6EL7,A,1,10
6EL7,A,1,11
6EL7,A,1,12
6EL7,A,1,13
6EL7,A,1,14
6EL7,A,1,15
6EL7,A,1,16
6EL7,A,1,17
6EL7,A,1,18
6EL7,A,1,19
6EL7,A,1,20
6EL7,A,1,21
6EL7,A,1,22
6EL7,A,1,23
6EL7,A,1,24
6EL7,A,1,25
6EL7,A,1,26
6EL7,A,1,27
6EL7,A,1,28
6EL7,A,1,29
6EL7,A,1,30
6EL7,A,1,31
6EL7,A,1,32
6EL7,A,1,280
6EL7,B,1,1
6EL9,A,1,1
6EL9,A,1,2
6EL9,A,1,3
6EL9,A,1,4
6EL9,A,1,5
6EL9,A,1,6
6EL9,A,1,7
6EL9,A,1,8
6EL9,A,1,9
6EL9,A,1,10
6EL9,A,1,11
6EL9,A,1,12
6EL9,A,1,13
6EL9,A,1,14
6EL9,A,1,15
6EL9,A,1,16
6EL9,A,1,17
6EL9,A,1,18
6EL9,A,1,19
6EL9,A,1,20
6EL9,A,1,21
6EL9,A,1,22
6EL9,A,1,23
6EL9,A,1,24
6EL9,A,1,25
6EL9,A,1,26
6EL9,A,1,27
6EL9,A,1,28
6EL9,A,1,29
6EL9,A,1,30
6EL9,A,1,31
6EL9,A,1,32
6EL9,A,1,280
6EL9,B,1,1
6ENQ,A,1,1
6ENQ,A,1,2
6ENQ,A,1,3
6ENQ,A,1,4
6ENQ,A,1,5
6ENQ,A,1,6
6ENQ,A,1,7
6ENQ,A,1,8
6ENQ,A,1,64
6ENQ,A,1,65
6ENQ,A,1,66
6ENQ,A,1,67
6ENQ,A,1,68
6ENQ,A,1,69
6ENQ,A,1,70
6ENQ,A,1,71
6ENQ,A,1,72
6ENQ,A,1,73
6ENQ,A,1,74
6ENQ,A,1,75
6ENQ,A,1,76
6ENQ,A,1,77
6ENQ,A,1,78
6ENQ,A,1,79
6ENQ,A,1,281
6ENQ,A,1,282
6ENQ,B,1,1
6ENQ,B,1,2
6ENQ,B,1,3
6ENQ,B,1,4
6ENQ,B,1,5
6ENQ,B,1,6
6ENQ,B,1,7
6ENQ,B,1,8
6ENQ,B,1,9
6ENQ,B,1,10
6ENQ,B,1,11
6ENQ,B,1,44
6ENQ,B,1,45
6ENQ,B,1,46
6ENQ,B,1,47
6ENQ,B,1,48
6ENQ,B,1,49
6ENQ,B,1,65
6ENQ,B,1,66
6ENQ,B,1,67
6ENQ,B,1,68
6ENQ,B,1,69
6ENQ,B,1,70
6ENQ,B,1,71
6ENQ,B,1,72
6ENQ,B,1,73
6ENQ,B,1,74
6ENQ,B,1,75
6ENQ,B,1,76
6ENQ,B,1,77
6ENQ,B,1,78
6ENQ,B,1,79
6ENQ,B,1,80
6ENQ,B,1,281
6ENQ,B,1,282
6ESN,A,1,1
6ESN,A,1,2
6ESN,A,1,3
6ESN,A,1,4
6ESN,A,1,5
6ESN,A,1,6
6ESN,A,1,7
6ESN,A,1,8
6ESN,A,1,9
6ESN,A,1,10
6ESN,A,1,11
6ESN,A,1,12
6ESN,A,1,13
6ESN,A,1,14
6ESN,A,1,15
6F2L,A,1,1
6F2L,A,1,2
6F2L,A,1,3
6F2L,A,1,4
6F2L,A,1,5
6F2L,A,1,6
6F2L,A,1,7
6F2L,A,1,8
6F2L,A,1,9
6F2L,A,1,10
6F2L,A,1,11
6F2L,A,1,12
6F2L,A,1,13
6F2L,A,1,14
6F2L,A,1,15
6F2L,A,1,16
6F2L,A,1,17
6F2L,A,1,18
6F2L,A,1,19
6F2L,A,1,20
6F2L,A,1,21
6F2L,A,1,22
6F2L,A,1,23
6F2L,A,1,24
6F2L,A,1,25
6F2L,A,1,26
6F2L,A,1,27
6F2L,A,1,28
6F2L,A,1,29
6F2L,A,1,30
6F2L,A,1,31
6F2L,A,1,32
6F2L,A,1,33
6F2L,A,1,93
6F2L,A,1,94
6F2L,A,1,95
6F2L,A,1,96
6F2L,A,1,97
6F2L,A,1,98
6F2L,A,1,99
6F2L,A,1,100
6F2L,A,1,101
6F2L,A,1,302
6F2L,A,1,303
6F2L,A,1,304
6F2L,B,1,1
6F2L,B,1,2
6F2L,B,1,3
6F2L,B,1,4
6F2L,B,1,5
6F2L,B,1,6
6F2L,B,1,7
6F2L,B,1,8
6F2L,B,1,9
6F2L,B,1,10
6F2L,B,1,11
6F2L,B,1,12
6F2L,B,1,13
6F2L,B,1,14
6F2L,B,1,15
6F2L,B,1,16
6F2L,B,1,17
6F2L,B,1,18
6F2L,B,1,19
6F2L,B,1,20
6F2L,B,1,21
6F2L,B,1,22
6F2L,B,1,23
6F2L,B,1,24
6F2L,B,1,25
6F2L,B,1,26
6F2L,B,1,27
6F2L,B,1,28
6F2L,B,1,29
6F2L,B,1,30
6F2L,B,1,31
6F2L,B,1,32
6F2L,B,1,33
6F2L,B,1,66
6F2L,B,1,96
6F2L,B,1,97
6F2L,B,1,98
6F2L,B,1,99
6F2L,B,1,100
6F2L,B,1,101
6F2L,B,1,288
6F2L,B,1,289
6F2L,B,1,290
6F2L,B,1,291
6F2L,B,1,292
6F2L,B,1,301
6F2L,B,1,302
6F2L,B,1,303
6F2L,B,1,304
6FGQ,A,1,1
6FGQ,A,1,2
6FGQ,A,1,3
6FGQ,A,1,4
6FGQ,A,1,5
6FGQ,A,1,6
6FGQ,A,1,7
6FGQ,A,1,8
6FGQ,A,1,9
6FGQ,A,1,10
6FGQ,A,1,11
6FGQ,A,1,12
6FGQ,A,1,13
6FGQ,A,1,14
6FGQ,A,1,15
6FGQ,A,1,16
6FGQ,A,1,17
6FGQ,A,1,18
6FGQ,A,1,19
6FGQ,A,1,20
6FGQ,A,1,235
6FGQ,A,1,236
6FGQ,A,1,252
6FGQ,A,1,253
6FGQ,A,1,254
6FGQ,A,1,255
6FGQ,A,1,256
6FGQ,A,1,257
6FGQ,A,1,258
6FGQ,A,1,259
6FGQ,A,1,260
6FGQ,A,1,261
6FGQ,A,1,262
6FGQ,A,1,263
6FGQ,A,1,264
6FGQ,A,1,265
6FGQ,B,1,1
6FGQ,B,1,2
6FGQ,B,1,3
6FGQ,B,1,4
6FGQ,B,1,5
6FGQ,B,1,6
6FGQ,B,1,7
6FGQ,B,1,8
6FGQ,B,1,9
6FGQ,B,1,10
6FGQ,B,1,11
6FGQ,B,1,12
6FGQ,B,1,13
6FGQ,B,1,14
6FGQ,B,1,15
6FGQ,B,1,16
6FGQ,B,1,17
6FGQ,B,1,18
6FGQ,B,1,19
6FGQ,B,1,20
6FGQ,B,1,21
6FGQ,B,1,22
6FGQ,B,1,237
6FGQ,B,1,238
6FGQ,B,1,239
6FGQ,B,1,240
6FGQ,B,1,241
6FGQ,B,1,242
6FGQ,B,1,243
6FGQ,B,1,244
6FGQ,B,1,245
6FGQ,B,1,246
6FGQ,B,1,247
6FGQ,B,1,248
6FGQ,B,1,249
6FGQ,B,1,250
6FGQ,B,1,251
6FGQ,B,1,252
6FGQ,B,1,253
6FGQ,B,1,254
6FGQ,B,1,255
6FGQ,B,1,256
6FGQ,B,1,257
6FGQ,B,1,258
6FGQ,B,1,259
6FGQ,B,1,260
6FGQ,B,1,261
6FGQ,B,1,262
6FGQ,B,1,263
6FGQ,B,1,264
6FGQ,B,1,265
6FX0,A,1,1
6FX0,A,1,2
6FX0,A,1,3
6FX0,A,1,4
6FX0,A,1,5
6FX0,A,1,6
6FX0,A,1,7
6FX0,A,1,8
6FX0,A,1,9
6FX0,A,1,10
6FX0,A,1,11
6FX0,A,1,12
6FX0,A,1,13
6FX0,A,1,14
6FX0,A,1,15
6FX0,A,1,16
6FX0,A,1,17
6FX0,A,1,18
6FX0,A,1,19
6FX0,A,1,20
6FX0,A,1,21
6FX0,A,1,22
6FX0,A,1,23
6FX0,A,1,24
6FX0,A,1,25
6FX0,A,1,26
6FX0,A,1,27
6FX0,A,1,28
6FX0,A,1,29
6FX0,A,1,30
6FX0,A,1,31
6FX0,A,1,32
6FX0,A,1,33
6FX0,A,1,34
6FX0,A,1,35
6FX0,A,1,36
6FX0,A,1,37
6FX0,A,1,38
6FX0,A,1,39
6FX0,A,1,40
6FX0,A,1,41
6FX0,A,1,42
6FX0,A,1,43
6FX0,A,1,44
6FX0,A,1,45
6FX0,A,1,46
6FX0,A,1,47
6FX0,A,1,48
6FX0,A,1,49
6FX0,A,1,50
6FX0,A,1,51
6FX0,A,1,52
6FX0,A,1,53
6FX0,A,1,54
6FX0,A,1,55
6FX0,A,1,56
6FX0,A,1,57
6FX0,A,1,58
6FX0,A,1,59
6FX0,A,1,60
6FX0,A,1,61
6FX0,A,1,62
6FX0,A,1,63
6FX0,A,1,64
6FX0,A,1,65
6FX0,A,1,66
6FX0,A,1,67
6FX0,A,1,68
6FX0,A,1,69
6FX0,A,1,70
6FX0,A,1,71
6FX0,A,1,72
6FX0,A,1,73
6FX0,A,1,74
6FX0,A,1,75
6FX0,A,1,76
6FX0,A,1,77
6FX0,A,1,78
6FX0,A,1,79
6FX0,A,1,80
6FX0,A,1,81
6FX0,A,1,82
6FX0,A,1,83
6FX0,A,1,84
6FX0,A,1,85
6FX0,A,1,86
6FX0,A,1,87
6FX0,A,1,88
6FX0,A,1,89
6FX0,A,1,90
6FX0,A,1,91
6FX0,A,1,92
6FX0,A,1,93
6FX0,A,1,94
6FX0,A,1,95
6FX0,A,1,96
6FX0,A,1,97
6FX0,A,1,98
6FX0,A,1,99
6FX0,A,1,100
6FX0,A,1,101
6FX0,A,1,102
6FX0,A,1,103
6FX0,A,1,104
6FX0,A,1,105
6FX0,A,1,106
6FX0,A,1,107
6FX0,A,1,108
6FX0,A,1,109
6FX0,A,1,110
6FX0,A,1,111
6FX0,A,1,112
6FX0,A,1,113
6FX0,A,1,114
6FX0,A,1,115
6FX0,A,1,116
6FX0,A,1,117
6FX0,A,1,118
6FX0,A,1,119
6FX0,A,1,120
6FX0,A,1,121
6FX0,A,1,122
6FX0,A,1,123
6FX0,A,1,124
6FX0,A,1,125
6FX0,A,1,126
6FX0,A,1,127
6FX0,A,1,128
6FX0,A,1,129
6FX0,A,1,130
6FX0,A,1,131
6FX0,A,1,132
6FX0,A,1,133
6FX0,A,1,134
6FX0,A,1,135
6FX0,A,1,136
6FX0,A,1,137
6FX0,A,1,138
6FX0,A,1,139
6FX0,A,1,140
6FX0,A,1,141
6FX0,A,1,142
6FX0,A,1,143
6FX0,A,1,144
6FX0,A,1,145
6FX0,A,1,146
6FX0,A,1,147
6FX0,A,1,148
6FX0,A,1,149
6FX0,A,1,150
6FX0,A,1,151
6FX0,A,1,152
6FX0,A,1,153
6FX0,A,1,154
6FX0,A,1,155
6FX0,A,1,156
6FX0,A,1,157
6FX0,A,1,158
6FX0,A,1,159
6FX0,A,1,160
6FX0,A,1,161
6FX0,A,1,162
6FX0,A,1,163
6FX0,A,1,164
6FX0,A,1,165
6FX0,A,1,166
6FX0,A,1,167
6FX0,A,1,168
6FX0,A,1,169
6FX0,A,1,170
6FX0,A,1,171
6FX0,A,1,172
6FX0,A,1,173
6FX0,A,1,174
6FX0,A,1,175
6FX0,A,1,176
6FX0,A,1,177
6FX0,A,1,178
6FX0,A,1,179
6FX0,A,1,418
6FX0,A,1,419
6FX0,A,1,420
6FX0,A,1,421
6FX0,A,1,422
6FX0,A,1,423
6FX0,A,1,424
6FX0,A,1,425
6FX0,A,1,426
6FX0,A,1,427
6FX0,A,1,428
6FX0,A,1,429
6FX0,A,1,430
6FX0,A,1,431
6FX0,A,1,432
6FX0,A,1,433
6FX0,A,1,434
6FX0,A,1,435
6FX0,A,1,436
6FX0,A,1,437
6FX0,A,1,438
6FX0,A,1,439
6FX0,A,1,440
6FX0,A,1,441
6FX0,A,1,442
6FX0,A,1,443
6FX0,A,1,444
6FX0,A,1,445
6FX0,A,1,446
6FX0,A,1,447
6FX0,A,1,448
6FX0,A,1,449
6FX0,A,1,450
6FX0,A,1,451
6FX0,A,1,452
6FX0,A,1,453
6FX0,A,1,454
6FZF,A,1,1
6FZF,A,1,2
6FZF,A,1,3
6FZF,A,1,4
6FZF,A,1,5
6FZF,A,1,6
6FZF,A,1,7
6FZF,A,1,8
6FZF,B,1,1
6FZF,B,1,2
6FZF,B,1,3
6FZF,B,1,4
6FZF,C,1,1
6FZF,D,1,1
6FZJ,A,1,1
6FZJ,A,1,2
6FZJ,A,1,3
6FZJ,A,1,4
6FZJ,A,1,5
6FZJ,A,1,6
6FZJ,A,1,68
6FZJ,A,1,69
6FZJ,B,1,1
6FZJ,B,1,2
6FZJ,B,1,70
6FZJ,B,1,71
6FZJ,B,1,72
6FZJ,C,1,1
6FZJ,C,1,2
6FZJ,D,1,1
6FZJ,D,1,2
6FZP,A,1,1
6FZP,A,1,2
6FZP,A,1,3
6FZP,A,1,4
6FZP,A,1,41
6FZP,A,1,42
6FZP,A,1,63
6FZP,A,1,64
6FZP,A,1,65
6FZP,A,1,66
6FZP,A,1,67
6FZP,A,1,68
6FZP,A,1,69
6FZP,A,1,70
6FZP,A,1,71
6FZP,A,1,72
6FZP,A,1,73
6FZP,B,1,1
6FZP,B,1,2
6FZP,B,1,3
6FZP,B,1,13
6FZP,B,1,14
6FZU,A,1,1
6FZU,A,1,2
6FZU,A,1,248
6FZU,A,1,249
6FZU,A,1,250
6FZU,A,1,251
6FZU,A,1,252
6FZU,A,1,253
6FZU,A,1,254
6FZU,A,1,255
6FZU,A,1,256
6FZU,A,1,257
6FZU,B,1,1
6FZU,B,1,2
6FZU,B,1,248
6FZU,B,1,249
6FZU,B,1,250
6FZU,B,1,251
6FZU,B,1,252
6FZU,B,1,253
6FZU,B,1,254
6FZU,B,1,255
6FZU,B,1,256
6FZU,B,1,257
6FZU,C,1,1
6FZU,C,1,2
6FZU,C,1,3
6FZU,C,1,4
6FZU,C,1,5
6FZU,C,1,6
6FZU,C,1,16
6FZU,C,1,17
6FZU,C,1,18
6FZU,C,1,19
6FZU,C,1,20
6FZU,D,1,1
6FZU,D,1,2
6FZU,D,1,3
6FZU,D,1,4
6FZU,D,1,5
6FZU,D,1,6
6FZU,D,1,16
6FZU,D,1,17
6FZU,D,1,18
6FZU,D,1,19
6FZU,D,1,20
6FZY,A,1,1
6FZY,A,1,2
6FZY,A,1,3
6FZY,A,1,65
6FZY,A,1,66
6FZY,A,1,67
6FZY,A,1,68
6FZY,A,1,69
6FZY,A,1,70
6FZY,B,1,1
6FZY,B,1,2
6FZY,B,1,3
6FZY,B,1,65
6FZY,B,1,66
6FZY,B,1,67
6FZY,B,1,68
6FZY,B,1,69
6FZY,B,1,70
6FZY,B,1,71
6G05,A,1,1
6G05,A,1,2
6G05,A,1,248
6G05,A,1,249
6G05,A,1,250
6G05,A,1,251
6G05,A,1,252
6G05,A,1,253
6G05,A,1,254
6G05,A,1,255
6G05,A,1,256
6G05,A,1,257
6G05,B,1,1
6G05,B,1,2
6G05,B,1,248
6G05,B,1,249
6G05,B,1,250
6G05,B,1,251
6G05,B,1,252
6G05,B,1,253
6G05,B,1,254
6G05,B,1,255
6G05,B,1,256
6G05,B,1,257
6G05,C,1,1
6G05,C,1,2
6G05,C,1,3
6G05,C,1,4
6G05,C,1,5
6G05,C,1,6
6G05,C,1,15
6G05,C,1,16
6G05,C,1,17
6G05,C,1,18
6G05,C,1,19
6G05,C,1,20
6G05,D,1,1
6G05,D,1,2
6G05,D,1,3
6G05,D,1,4
6G05,D,1,5
6G05,D,1,6
6G05,D,1,15
6G05,D,1,16
6G05,D,1,17
6G05,D,1,18
6G05,D,1,19
6G05,D,1,20
6G07,A,1,1
6G07,A,1,2
6G07,A,1,248
6G07,A,1,249
6G07,A,1,250
6G07,A,1,251
6G07,A,1,252
6G07,A,1,253
6G07,A,1,254
6G07,A,1,255
6G07,A,1,256
6G07,A,1,257
6G07,B,1,1
6G07,B,1,2
6G07,B,1,3
6G07,B,1,4
6G07,B,1,5
6G07,B,1,6
6G07,B,1,16
6G07,B,1,17
6G07,B,1,18
6G07,B,1,19
6G07,B,1,20
6G07,C,1,1
6G07,C,1,2
6G07,C,1,248
6G07,C,1,249
6G07,C,1,250
6G07,C,1,251
6G07,C,1,252
6G07,C,1,253
6G07,C,1,254
6G07,C,1,255
6G07,C,1,256
6G07,C,1,257
6G07,D,1,1
6G07,D,1,2
6G07,D,1,3
6G07,D,1,4
6G07,D,1,5
6G07,D,1,17
6G07,D,1,18
6G07,D,1,19
6G07,D,1,20
6G07,E,1,1
6G07,E,1,2
6G07,E,1,249
6G07,E,1,250
6G07,E,1,251
6G07,E,1,252
6G07,E,1,253
6G07,E,1,254
6G07,E,1,255
6G07,E,1,256
6G07,E,1,257
6G07,F,1,1
6G07,F,1,2
6G07,F,1,3
6G07,F,1,4
6G07,F,1,5
6G07,F,1,16
6G07,F,1,17
6G07,F,1,18
6G07,F,1,19
6G07,F,1,20
6G07,G,1,1
6G07,G,1,2
6G07,G,1,248
6G07,G,1,249
6G07,G,1,250
6G07,G,1,251
6G07,G,1,252
6G07,G,1,253
6G07,G,1,254
6G07,G,1,255
6G07,G,1,256
6G07,G,1,257
6G07,H,1,1
6G07,H,1,2
6G07,H,1,3
6G07,H,1,4
6G07,H,1,5
6G07,H,1,16
6G07,H,1,17
6G07,H,1,18
6G07,H,1,19
6G07,H,1,20
6GEV,A,1,1
6GEV,A,1,2
6GEV,A,1,3
6GEV,A,1,4
6GEV,A,1,5
6GEV,A,1,6
6GEV,A,1,7
6GEV,A,1,8
6GEV,A,1,9
6GEV,A,1,10
6GEV,A,1,11
6GEV,A,1,12
6GEV,A,1,13
6GEV,A,1,14
6GEV,A,1,15
6GEV,A,1,16
6GEV,A,1,17
6GEV,A,1,18
6GEV,A,1,21
6GEV,A,1,22
6GEV,A,1,23
6GEV,A,1,24
6GEV,A,1,238
6GEV,A,1,239
6GEV,A,1,240
6GEV,A,1,273
6GEV,A,1,274
6GEV,A,1,275
6GEV,A,1,276
6GEV,A,1,277
6GEV,A,1,278
6GEV,A,1,279
6GEV,A,1,280
6GEV,A,1,281
6GEV,A,1,282
6GEV,A,1,283
6GEV,A,1,284
6GEV,A,1,285
6GEV,A,1,286
6GEV,A,1,287
6GEV,A,1,288
6GEV,A,1,289
6GEV,A,1,290
6GEV,A,1,291
6GEV,A,1,292
6GEV,A,1,293
6GEV,A,1,294
6GEV,A,1,295
6GEV,A,1,296
6GEV,A,1,297
6GEV,A,1,298
6GEV,A,1,299
6GEV,A,1,300
6GEV,A,1,301
6GEV,A,1,302
6GEV,A,1,303
6GEV,A,1,304
6GEV,A,1,305
6GEV,B,1,1
6GEV,B,1,2
6GEV,B,1,3
6GEV,B,1,4
6GEV,B,1,5
6GG8,A,1,1
6GG8,A,1,2
6GG8,A,1,3
6GG8,A,1,4
6GG8,A,1,5
6GG8,A,1,6
6GG8,A,1,7
6GG8,A,1,8
6GG8,A,1,9
6GG8,A,1,10
6GG8,A,1,11
6GG8,A,1,12
6GG8,A,1,13
6GG8,A,1,14
6GG8,A,1,15
6GG8,A,1,16
6GG8,A,1,17
6GG8,A,1,18
6GG8,A,1,19
6GG8,A,1,20
6GG8,A,1,21
6GG8,A,1,22
6GG8,A,1,23
6GG8,A,1,24
6GG8,A,1,199
6GG8,A,1,200
6GG8,A,1,201
6GG8,A,1,202
6GG8,A,1,203
6GG8,A,1,204
6GG8,A,1,273
6GG8,A,1,274
6GG8,A,1,275
6GG8,A,1,276
6GG8,A,1,277
6GG8,A,1,278
6GG8,A,1,279
6GG8,A,1,280
6GG8,A,1,281
6GG8,A,1,282
6GG8,A,1,283
6GG8,A,1,284
6GG8,A,1,285
6GG8,A,1,286
6GG8,A,1,287
6GG8,A,1,288
6GG8,A,1,289
6GG8,A,1,290
6GG8,A,1,291
6GG8,A,1,292
6GG8,A,1,293
6GG8,A,1,294
6GG8,A,1,295
6GG8,A,1,296
6GG8,A,1,297
6GG8,A,1,298
6GG8,A,1,299
6GG8,A,1,300
6GG8,A,1,301
6GG8,A,1,302
6GG8,A,1,303
6GG8,A,1,304
6GG8,A,1,305
6GG8,B,1,1
6GG8,B,1,2
6GG8,B,1,3
6GG8,B,1,4
6GG8,B,1,5
6GGG,A,1,1
6GGG,A,1,2
6GGG,A,1,3
6GGG,A,1,4
6GGG,A,1,5
6GGG,A,1,6
6GGG,A,1,7
6GGG,A,1,8
6GGG,A,1,9
6GGG,A,1,10
6GGG,A,1,11
6GGG,A,1,12
6GGG,A,1,13
6GGG,A,1,14
6GGG,A,1,15
6GGG,A,1,16
6GGG,A,1,17
6GGG,A,1,18
6GGG,A,1,19
6GGG,A,1,20
6GGG,A,1,21
6GGG,A,1,22
6GGG,A,1,23
6GGG,A,1,24
6GGG,A,1,25
6GGG,A,1,26
6GGG,A,1,27
6GGG,A,1,28
6GGG,A,1,29
6GGG,A,1,30
6GGG,A,1,31
6GGG,A,1,32
6GGG,A,1,33
6GGG,A,1,34
6GGG,A,1,35
6GGG,A,1,36
6GGG,A,1,44
6GGG,A,1,45
6GGG,A,1,272
6GGG,A,1,273
6GGG,A,1,274
6GGG,A,1,275
6GGG,A,1,276
6GGG,A,1,277
6GGG,A,1,278
6GGG,A,1,279
6GGG,A,1,280
6GGG,A,1,281
6GGG,A,1,282
6GGG,A,1,283
6GGG,A,1,284
6GGG,A,1,285
6GGG,A,1,286
6GGG,A,1,287
6GGG,A,1,288
6GGG,A,1,289
6GGG,A,1,290
6GGG,A,1,291
6GGG,A,1,292
6GGG,A,1,293
6GGG,A,1,294
6GGG,A,1,295
6GGG,A,1,296
6GGG,A,1,297
6GGG,A,1,298
6GGG,A,1,299
6GGG,A,1,300
6GGG,A,1,301
6GGG,A,1,302
6GGG,A,1,303
6GGG,A,1,304
6GGG,A,1,305
6GGG,B,1,1
6GGG,B,1,2
6GGG,B,1,3
6HJ2,A,1,1
6HJ2,A,1,2
6HJ2,A,1,3
6HJ2,A,1,4
6HJ2,A,1,5
6HJ2,A,1,6
6HJ2,A,1,7
6HJ2,A,1,8
6HJ2,A,1,9
6HJ2,A,1,10
6HJ2,A,1,11
6HJ2,A,1,12
6HJ2,A,1,13
6HJ2,A,1,14
6HJ2,A,1,15
6HJ2,A,1,16
6HJ2,A,1,17
6HJ2,A,1,18
6HJ2,A,1,19
6HJ2,A,1,20
6HJ2,A,1,21
6HJ2,A,1,60
6HJ2,A,1,61
6HJ2,A,1,62
6HJ2,A,1,63
6HJ2,A,1,64
6HJ2,A,1,65
6HJ2,A,1,66
6HJ2,A,1,67
6HJ2,A,1,68
6HJ2,A,1,69
6HJ2,A,1,70
6HJ2,A,1,71
6HJ2,A,1,72
6HJ2,A,1,73
6HJ2,A,1,74
6HJ2,A,1,75
6HJ2,A,1,76
6HJ2,A,1,193
6HJ2,A,1,194
6HJ2,A,1,195
6HL0,A,1,232
6HL1,A,1,1
6HL1,A,1,99
6HL1,A,1,100
6HL1,A,1,101
6HL1,A,1,102
6HL1,A,1,103
6HL1,A,1,104
6HN6,A,1,1
6HN6,A,1,2
6HN6,A,1,3
6HN6,A,1,4
6HN6,A,1,5
6HN6,A,1,6
6HN6,A,1,7
6HN6,A,1,8
6HN6,A,1,9
6HN6,A,1,10
6HN6,A,1,11
6HN6,A,1,12
6HN6,A,1,13
6HN6,A,1,14
6HN6,A,1,15
6HN6,A,1,16
6HN6,A,1,17
6HN6,A,1,18
6HN6,A,1,19
6HN6,A,1,20
6HN6,A,1,21
6HN6,A,1,22
6HN6,A,1,23
6HN6,A,1,24
6HN6,A,1,25
6HN6,A,1,26
6HN6,A,1,27
6HN6,A,1,28
6HN6,A,1,29
6HN6,A,1,30
6HN6,A,1,31
6HN6,A,1,32
6HN6,A,1,33
6HN6,A,1,34
6HN6,A,1,35
6HN6,A,1,36
6HN6,A,1,37
6HN6,A,1,38
6HN6,A,1,39
6HN6,A,1,40
6HN6,A,1,41
6HN6,A,1,42
6HN6,A,1,43
6HN6,A,1,44
6HTY,A,1,1
6HTY,A,1,2
6HTY,A,1,3
6HTY,A,1,4
6HTY,A,1,5
6HTY,A,1,6
6HTY,A,1,7
6HTY,A,1,8
6HTY,A,1,9
6HTY,A,1,10
6HTY,A,1,11
6HTY,A,1,12
6HTY,A,1,13
6HTY,A,1,14
6HTY,A,1,15
6HTY,A,1,16
6HTY,A,1,17
6HTY,A,1,18
6HTY,A,1,19
6HTY,A,1,20
6HTY,A,1,21
6HTY,A,1,22
6HTY,A,1,23
6HTY,A,1,60
6HTY,A,1,61
6HTY,A,1,62
6HTY,A,1,63
6HTY,A,1,64
6HTY,A,1,65
6HTY,A,1,66
6HTY,A,1,67
6HTY,A,1,68
6HTY,A,1,69
6HTY,A,1,70
6HTY,A,1,71
6HTY,A,1,72
6HTY,A,1,73
6HTY,A,1,317
6HTY,A,1,318
6HTY,A,1,319
6HTY,A,1,320
6HTY,A,1,321
6HTY,A,1,322
6HTY,A,1,323
6HTY,A,1,324
6HTY,A,1,344
6HTY,B,1,1
6HTY,B,1,2
6HTY,B,1,3
6HTY,B,1,4
6HTY,B,1,5
6HTY,B,1,6
6HTY,B,1,7
6HTY,B,1,8
6HTY,B,1,9
6HTY,B,1,10
6HTY,B,1,11
6HTY,B,1,12
6HTY,B,1,13
6HTY,B,1,14
6HTY,B,1,15
6HTY,B,1,16
6HTY,B,1,17
6HTY,B,1,18
6HTY,B,1,19
6HTY,B,1,60
6HTY,B,1,61
6HTY,B,1,62
6HTY,B,1,63
6HTY,B,1,64
6HTY,B,1,65
6HTY,B,1,66
6HTY,B,1,67
6HTY,B,1,68
6HTY,B,1,69
6HTY,B,1,70
6HTY,B,1,71
6HTY,B,1,72
6HTY,B,1,315
6HTY,B,1,316
6HTY,B,1,317
6HTY,B,1,318
6HTY,B,1,319
6HTY,B,1,320
6HTY,B,1,321
6HTY,B,1,322
6HTY,B,1,323
6HTY,B,1,344
6I61,A,1,1
6I61,A,1,2
6I61,A,1,3
6I61,A,1,4
6I61,A,1,5
6I61,A,1,6
6I61,A,1,7
6I61,A,1,8
6I61,A,1,9
6I61,A,1,10
6I61,A,1,11
6I61,A,1,12
6I61,A,1,13
6I61,A,1,14
6I61,A,1,15
6I61,A,1,16
6I61,A,1,241
6I62,A,1,1
6I62,A,1,2
6I62,A,1,3
6I62,A,1,4
6I62,A,1,5
6I62,A,1,6
6I62,A,1,7
6I62,A,1,8
6I62,A,1,9
6I62,A,1,10
6I62,A,1,11
6I62,A,1,12
6I62,A,1,237
6I63,A,1,1
6I63,A,1,2
6I63,A,1,3
6I63,A,1,4
6I63,A,1,5
6I63,A,1,6
6I63,A,1,7
6I63,A,1,8
6I63,A,1,9
6I63,A,1,10
6I63,A,1,11
6I63,A,1,12
6I64,A,1,1
6I64,A,1,2
6I64,A,1,3
6I64,A,1,4
6I64,A,1,5
6I64,A,1,6
6I64,A,1,7
6I64,A,1,8
6I64,A,1,9
6I64,A,1,10
6I64,A,1,11
6I64,A,1,12
6I64,A,1,13
6I64,A,1,14
6I64,A,1,15
6I64,A,1,16
6I64,A,1,241
6I65,A,1,1
6I65,A,1,2
6I65,A,1,3
6I65,A,1,4
6I65,A,1,5
6I65,A,1,6
6I65,A,1,7
6I65,A,1,8
6I65,A,1,9
6I65,A,1,10
6I65,A,1,11
6I65,A,1,12
6I65,A,1,13
6I65,A,1,14
6I65,A,1,15
6I65,A,1,16
6I65,A,1,241
6I66,A,1,1
6I66,A,1,2
6I66,A,1,3
6I66,A,1,4
6I66,A,1,5
6I66,A,1,6
6I66,A,1,7
6I66,A,1,8
6I66,A,1,9
6I66,A,1,10
6I66,A,1,11
6I66,A,1,12
6I66,A,1,13
6I66,A,1,14
6I66,A,1,15
6I66,A,1,16
6I66,A,1,240
6I66,A,1,241
6I67,A,1,1
6I67,A,1,2
6I67,A,1,3
6I67,A,1,4
6I67,A,1,5
6I67,A,1,6
6I67,A,1,7
6I67,A,1,8
6I67,A,1,9
6I67,A,1,10
6I67,A,1,11
6I67,A,1,12
6I67,A,1,13
6I67,A,1,14
6I67,A,1,15
6I67,A,1,16
6ICJ,A,1,37
6ICJ,A,1,38
6ICJ,A,1,55
6ICJ,A,1,56
6ICJ,A,1,57
6ICJ,A,1,58
6ICJ,A,1,59
6ICJ,A,1,60
6ICJ,A,1,61
6ICJ,A,1,62
6ICJ,A,1,63
6ICJ,A,1,64
6ICJ,A,1,65
6ICJ,A,1,66
6ICJ,A,1,67
6ICJ,A,1,68
6ICJ,A,1,69
6ICJ,A,1,272
6ICJ,B,1,1
6ICJ,B,1,2
6ICJ,B,1,3
6ICJ,B,1,4
6ICJ,B,1,5
6ICJ,B,1,6
6ICJ,B,1,7
6ICJ,B,1,8
6ICJ,B,1,9
6ICJ,B,1,21
6ICJ,B,1,22
6ICJ,B,1,23
6ICJ,B,1,24
6ICJ,B,1,25
6IJR,A,1,1
6IJR,A,1,2
6IJR,B,1,1
6IJR,B,1,2
6IJR,B,1,12
6IJR,B,1,13
6IJR,B,1,14
6IJR,B,1,15
6IJR,B,1,16
6IJR,D,1,1
6IJR,D,1,2
6IJR,D,1,13
6IJR,D,1,14
6IJR,D,1,15
6IJR,D,1,16
6IJS,A,1,61
6IJS,A,1,62
6IJS,A,1,63
6IJS,A,1,64
6IJS,A,1,65
6IJS,A,1,66
6IJS,A,1,67
6IJS,A,1,68
6IJS,A,1,69
6IJS,A,1,70
6IJS,A,1,71
6IJS,B,1,1
6IJS,B,1,13
6IJS,B,1,14
6IJS,B,1,15
6IJS,B,1,16
6ILQ,A,1,1
6ILQ,A,1,38
6ILQ,A,1,39
6ILQ,A,1,53
6ILQ,A,1,54
6ILQ,A,1,55
6ILQ,A,1,56
6ILQ,A,1,57
6ILQ,A,1,58
6ILQ,A,1,59
6ILQ,A,1,60
6ILQ,A,1,61
6ILQ,A,1,62
6ILQ,A,1,63
6ILQ,A,1,64
6ILQ,A,1,65
6ILQ,A,1,66
6ILQ,A,1,67
6ILQ,A,1,68
6ILQ,A,1,69
6ILQ,A,1,70
6ILQ,A,1,71
6ILQ,A,1,257
6ILQ,A,1,258
6ILQ,A,1,272
6ILQ,B,1,1
6ILQ,B,1,2
6ILQ,B,1,3
6ILQ,B,1,4
6ILQ,B,1,5
6ILQ,B,1,6
6ILQ,B,1,21
6ILQ,B,1,22
6ILQ,B,1,23
6ILQ,B,1,24
6ILQ,B,1,25
6ITM,A,1,1
6ITM,A,1,2
6ITM,A,1,3
6ITM,A,1,4
6ITM,A,1,5
6ITM,A,1,6
6ITM,A,1,7
6ITM,A,1,8
6ITM,A,1,9
6ITM,A,1,10
6ITM,A,1,11
6ITM,A,1,224
6ITM,A,1,225
6ITM,A,1,226
6ITM,A,1,240
6ITM,B,1,1
6ITM,B,1,14
6ITM,C,1,1
6ITM,C,1,2
6ITM,C,1,3
6ITM,C,1,4
6ITM,C,1,5
6ITM,C,1,6
6ITM,C,1,7
6ITM,C,1,8
6ITM,C,1,9
6ITM,C,1,10
6ITM,C,1,11
6ITM,C,1,240
6ITM,D,1,1
6ITM,D,1,14
6IVX,A,1,1
6IVX,A,1,2
6IVX,A,1,3
6IVX,A,1,4
6IVX,A,1,5
6IVX,A,1,233
6IVX,A,1,234
6IVX,A,1,235
6IVX,A,1,236
6IVX,A,1,237
6IVX,A,1,238
6IVX,A,1,239
6IVX,A,1,240
6IVX,A,1,241
6IVX,A,1,242
6IVX,A,1,243
6IVX,A,1,244
6IVX,A,1,245
6IVX,A,1,246
6IVX,A,1,247
6IVX,A,1,248
6IVX,A,1,249
6IVX,A,1,250
6IVX,A,1,251
6IVX,A,1,252
6IVX,A,1,253
6IVX,A,1,254
6IVX,A,1,255
6IVX,A,1,256
6IVX,A,1,257
6IVX,A,1,258
6IVX,B,1,15
6IVX,B,1,16
6IVX,B,1,17
6IVX,B,1,18
6IVX,B,1,19
6IVX,B,1,20
6IVX,B,1,21
6IVX,B,1,22
6IVX,C,1,1
6IVX,C,1,2
6IVX,C,1,3
6IVX,C,1,4
6IVX,C,1,5
6IVX,C,1,233
6IVX,C,1,234
6IVX,C,1,235
6IVX,C,1,236
6IVX,C,1,237
6IVX,C,1,238
6IVX,C,1,239
6IVX,C,1,240
6IVX,C,1,241
6IVX,C,1,242
6IVX,C,1,243
6IVX,C,1,244
6IVX,C,1,245
6IVX,C,1,246
6IVX,C,1,247
6IVX,C,1,248
6IVX,C,1,249
6IVX,C,1,250
6IVX,C,1,251
6IVX,C,1,252
6IVX,C,1,253
6IVX,C,1,254
6IVX,C,1,255
6IVX,C,1,256
6IVX,C,1,257
6IVX,C,1,258
6IVX,D,1,1
6IVX,D,1,2
6IVX,D,1,3
6IVX,D,1,4
6IVX,D,1,5
6IVX,D,1,15
6IVX,D,1,16
6IVX,D,1,17
6IVX,D,1,18
6IVX,D,1,19
6IVX,D,1,20
6IVX,D,1,21
6IVX,D,1,22
6IVX,E,1,1
6IVX,E,1,2
6IVX,E,1,3
6IVX,E,1,4
6IVX,E,1,5
6IVX,E,1,27
6IVX,E,1,233
6IVX,E,1,234
6IVX,E,1,235
6IVX,E,1,236
6IVX,E,1,237
6IVX,E,1,238
6IVX,E,1,239
6IVX,E,1,240
6IVX,E,1,241
6IVX,E,1,242
6IVX,E,1,243
6IVX,E,1,244
6IVX,E,1,245
6IVX,E,1,246
6IVX,E,1,247
6IVX,E,1,248
6IVX,E,1,249
6IVX,E,1,250
6IVX,E,1,251
6IVX,E,1,252
6IVX,E,1,253
6IVX,E,1,254
6IVX,E,1,255
6IVX,E,1,256
6IVX,E,1,257
6IVX,E,1,258
6IVX,F,1,15
6IVX,F,1,16
6IVX,F,1,17
6IVX,F,1,18
6IVX,F,1,19
6IVX,F,1,20
6IVX,F,1,21
6IVX,F,1,22
6IVX,G,1,1
6IVX,G,1,2
6IVX,G,1,3
6IVX,G,1,4
6IVX,G,1,5
6IVX,G,1,233
6IVX,G,1,234
6IVX,G,1,235
6IVX,G,1,236
6IVX,G,1,237
6IVX,G,1,238
6IVX,G,1,239
6IVX,G,1,240
6IVX,G,1,241
6IVX,G,1,242
6IVX,G,1,243
6IVX,G,1,244
6IVX,G,1,245
6IVX,G,1,246
6IVX,G,1,247
6IVX,G,1,248
6IVX,G,1,249
6IVX,G,1,250
6IVX,G,1,251
6IVX,G,1,252
6IVX,G,1,253
6IVX,G,1,254
6IVX,G,1,255
6IVX,G,1,256
6IVX,G,1,257
6IVX,G,1,258
6IVX,H,1,1
6IVX,H,1,15
6IVX,H,1,16
6IVX,H,1,17
6IVX,H,1,18
6IVX,H,1,19
6IVX,H,1,20
6IVX,H,1,21
6IVX,H,1,22
6IZM,A,1,1
6IZM,A,1,2
6IZM,A,1,3
6IZM,A,1,4
6IZM,A,1,5
6IZM,A,1,6
6IZM,A,1,7
6IZM,A,1,8
6IZM,A,1,9
6IZM,A,1,10
6IZM,A,1,11
6IZM,A,1,12
6IZM,A,1,76
6IZM,A,1,77
6IZM,A,1,78
6IZM,A,1,79
6IZM,A,1,80
6IZM,B,1,1
6IZM,B,1,2
6IZM,B,1,3
6IZM,B,1,4
6IZM,B,1,5
6IZM,B,1,6
6IZM,B,1,17
6IZM,B,1,18
6IZM,B,1,19
6IZN,A,1,1
6IZN,A,1,2
6IZN,A,1,3
6IZN,A,1,4
6IZN,A,1,5
6IZN,A,1,6
6IZN,A,1,7
6IZN,A,1,8
6IZN,A,1,9
6IZN,A,1,10
6IZN,A,1,11
6IZN,A,1,12
6IZN,A,1,76
6IZN,A,1,77
6IZN,A,1,78
6IZN,A,1,79
6IZN,A,1,80
6IZN,A,1,81
6IZN,B,1,1
6IZN,B,1,2
6IZN,B,1,3
6IZN,B,1,4
6IZN,B,1,5
6IZN,B,1,6
6IZN,B,1,17
6IZN,B,1,18
6IZN,B,1,19
6J1L,A,1,1
6J1L,A,1,2
6J1L,A,1,3
6J1L,A,1,4
6J1L,A,1,5
6J1L,A,1,6
6J1L,A,1,7
6J1L,A,1,8
6J1L,A,1,9
6J1L,A,1,10
6J1L,A,1,11
6J1L,A,1,12
6J1L,A,1,13
6J1L,A,1,14
6J1L,A,1,15
6J1L,A,1,16
6J1L,A,1,17
6J1L,A,1,18
6J1L,A,1,19
6J1L,A,1,20
6J1L,A,1,21
6J1L,A,1,22
6J1L,A,1,23
6J1L,A,1,24
6J1L,A,1,25
6J1L,A,1,248
6J1L,A,1,249
6J1L,A,1,250
6J1L,A,1,251
6J1L,A,1,252
6J1L,A,1,253
6J1L,A,1,254
6J1L,A,1,255
6J1L,A,1,256
6J1L,A,1,257
6J1L,A,1,258
6J1L,A,1,259
6J1L,A,1,260
6J1L,A,1,261
6J1L,A,1,262
6J1L,A,1,263
6J1L,A,1,264
6J1L,A,1,265
6J1L,A,1,266
6J1L,A,1,267
6J1L,B,1,1
6J1L,B,1,2
6J1L,B,1,3
6J1L,B,1,4
6J1L,B,1,5
6J1L,B,1,6
6J1L,B,1,7
6J1L,B,1,8
6J1L,B,1,9
6J1L,B,1,10
6J1L,B,1,11
6J1L,B,1,12
6J1L,B,1,13
6J1L,B,1,14
6J1L,B,1,15
6J1L,B,1,16
6J1L,B,1,17
6J1L,B,1,18
6J1L,B,1,19
6J1L,B,1,20
6J1L,B,1,21
6J1L,B,1,22
6J1L,B,1,23
6J1L,B,1,24
6J1L,B,1,25
6J1L,B,1,248
6J1L,B,1,249
6J1L,B,1,250
6J1L,B,1,251
6J1L,B,1,252
6J1L,B,1,253
6J1L,B,1,254
6J1L,B,1,255
6J1L,B,1,256
6J1L,B,1,257
6J1L,B,1,258
6J1L,B,1,259
6J1L,B,1,260
6J1L,B,1,261
6J1L,B,1,262
6J1L,B,1,263
6J1L,B,1,264
6J1L,B,1,265
6J1L,B,1,266
6J1L,B,1,267
6J1L,C,1,1
6J1L,C,1,2
6J1L,C,1,3
6J1L,C,1,4
6J1L,C,1,5
6J1L,C,1,6
6J1L,C,1,7
6J1L,C,1,8
6J1L,C,1,9
6J1L,C,1,10
6J1L,C,1,11
6J1L,C,1,12
6J1L,C,1,13
6J1L,C,1,14
6J1L,C,1,15
6J1L,C,1,16
6J1L,C,1,17
6J1L,C,1,18
6J1L,C,1,19
6J1L,C,1,20
6J1L,C,1,21
6J1L,C,1,22
6J1L,C,1,23
6J1L,C,1,24
6J1L,C,1,244
6J1L,C,1,245
6J1L,C,1,246
6J1L,C,1,247
6J1L,C,1,248
6J1L,C,1,249
6J1L,C,1,250
6J1L,C,1,251
6J1L,C,1,252
6J1L,C,1,253
6J1L,C,1,254
6J1L,C,1,255
6J1L,C,1,256
6J1L,C,1,257
6J1L,C,1,258
6J1L,C,1,259
6J1L,C,1,260
6J1L,C,1,261
6J1L,C,1,262
6J1L,C,1,263
6J1L,C,1,264
6J1L,C,1,265
6J1L,C,1,266
6J1L,C,1,267
6JEY,A,1,1
6JEY,A,1,2
6JEY,A,1,3
6JEY,A,1,4
6JEY,A,1,5
6JEY,A,1,40
6JEY,A,1,63
6JEY,A,1,64
6JEY,A,1,65
6JEY,A,1,66
6JEY,A,1,67
6JEY,A,1,68
6JEY,A,1,69
6JEY,A,1,70
6JEY,A,1,71
6JEY,A,1,72
6JEY,A,1,73
6JEY,A,1,275
6JEY,A,1,276
6JEY,B,1,1
6JEY,B,1,2
6JEY,B,1,3
6JEY,B,1,4
6JEY,B,1,5
6JEY,B,1,40
6JEY,B,1,41
6JEY,B,1,62
6JEY,B,1,63
6JEY,B,1,64
6JEY,B,1,65
6JEY,B,1,66
6JEY,B,1,67
6JEY,B,1,68
6JEY,B,1,69
6JEY,B,1,70
6JEY,B,1,71
6JEY,B,1,72
6JEY,B,1,73
6JEY,B,1,74
6JEY,B,1,259
6JEY,B,1,260
6JEY,B,1,261
6JEY,B,1,262
6JEY,B,1,263
6JEY,B,1,264
6JEY,B,1,265
6JEY,B,1,274
6JEY,B,1,275
6JEY,B,1,276
6JF0,A,1,1
6JF0,A,1,2
6JF0,A,1,3
6JF0,A,1,4
6JF0,A,1,5
6JF0,A,1,40
6JF0,A,1,63
6JF0,A,1,64
6JF0,A,1,65
6JF0,A,1,66
6JF0,A,1,67
6JF0,A,1,68
6JF0,A,1,69
6JF0,A,1,70
6JF0,A,1,71
6JF0,A,1,72
6JF0,A,1,73
6JF0,A,1,275
6JF0,A,1,276
6JF0,B,1,1
6JF0,B,1,2
6JF0,B,1,3
6JF0,B,1,4
6JF0,B,1,5
6JF0,B,1,40
6JF0,B,1,41
6JF0,B,1,62
6JF0,B,1,63
6JF0,B,1,64
6JF0,B,1,65
6JF0,B,1,66
6JF0,B,1,67
6JF0,B,1,68
6JF0,B,1,69
6JF0,B,1,70
6JF0,B,1,71
6JF0,B,1,72
6JF0,B,1,73
6JF0,B,1,74
6JF0,B,1,259
6JF0,B,1,260
6JF0,B,1,261
6JF0,B,1,262
6JF0,B,1,263
6JF0,B,1,264
6JF0,B,1,265
6JF0,B,1,274
6JF0,B,1,275
6JF0,B,1,276
6JIO,A,1,1
6JIO,A,1,2
6JIO,A,1,3
6JIO,A,1,4
6JIO,A,1,5
6JIO,A,1,6
6JIO,A,1,7
6JIO,A,1,8
6JIO,A,1,9
6JIO,A,1,10
6JIO,A,1,11
6JIO,A,1,48
6JIO,A,1,49
6JIO,A,1,50
6JIO,A,1,51
6JIO,A,1,52
6JIO,A,1,53
6JIO,A,1,54
6JIO,A,1,55
6JIO,A,1,254
6JIO,A,1,255
6JIO,A,1,256
6JIO,A,1,257
6JIO,A,1,258
6JIO,A,1,259
6JIO,A,1,260
6JIO,A,1,261
6JIO,A,1,272
6JIO,A,1,273
6JIO,A,1,274
6JIO,B,1,1
6JIO,B,1,2
6JIO,B,1,3
6JIO,B,1,4
6JIO,B,1,5
6JIO,B,1,6
6JIO,B,1,7
6JIO,B,1,8
6JIO,B,1,9
6JIO,B,1,10
6JIO,B,1,11
6JIO,B,1,49
6JIO,B,1,50
6JIO,B,1,51
6JIO,B,1,52
6JIO,B,1,53
6JIO,B,1,54
6JIO,B,1,55
6JIO,B,1,56
6JIO,B,1,57
6JIO,B,1,58
6JIO,B,1,253
6JIO,B,1,254
6JIO,B,1,255
6JIO,B,1,256
6JIO,B,1,257
6JIO,B,1,258
6JIO,B,1,259
6JIO,B,1,260
6JIO,B,1,272
6JIO,B,1,273
6JIO,B,1,274
6JIO,C,1,1
6JIO,C,1,2
6JIO,C,1,3
6JIO,C,1,4
6JIO,C,1,5
6JIO,C,1,6
6JIO,C,1,7
6JIO,C,1,8
6JIO,C,1,9
6JIO,C,1,10
6JIO,C,1,11
6JIO,C,1,42
6JIO,C,1,43
6JIO,C,1,44
6JIO,C,1,45
6JIO,C,1,46
6JIO,C,1,47
6JIO,C,1,48
6JIO,C,1,49
6JIO,C,1,50
6JIO,C,1,51
6JIO,C,1,52
6JIO,C,1,53
6JIO,C,1,54
6JIO,C,1,55
6JIO,C,1,56
6JIO,C,1,57
6JIO,C,1,254
6JIO,C,1,255
6JIO,C,1,256
6JIO,C,1,257
6JIO,C,1,258
6JIO,C,1,259
6JIO,C,1,260
6JIO,C,1,272
6JIO,C,1,273
6JIO,C,1,274
6JIO,D,1,1
6JIO,D,1,2
6JIO,D,1,3
6JIO,D,1,4
6JIO,D,1,5
6JIO,D,1,6
6JIO,D,1,7
6JIO,D,1,8
6JIO,D,1,9
6JIO,D,1,10
6JIO,D,1,11
6JIO,D,1,12
6JIO,D,1,13
6JIO,D,1,14
6JIO,D,1,48
6JIO,D,1,49
6JIO,D,1,254
6JIO,D,1,255
6JIO,D,1,256
6JIO,D,1,257
6JIO,D,1,258
6JIO,D,1,259
6JIO,D,1,260
6JIO,D,1,261
6JIO,D,1,272
6JIO,D,1,273
6JIO,D,1,274
6JNO,A,1,1
6JNO,A,1,2
6JNO,A,1,3
6JNO,A,1,4
6JNO,A,1,5
6JNO,A,1,6
6JNO,A,1,7
6JNO,A,1,8
6JNO,A,1,9
6JNO,A,1,10
6JNO,A,1,11
6JNO,A,1,12
6JNO,A,1,13
6JNO,A,1,14
6JNO,A,1,15
6JNO,A,1,16
6JNO,A,1,17
6JNO,A,1,18
6JNO,A,1,19
6JNO,A,1,20
6JNO,A,1,21
6JNO,A,1,22
6JNO,A,1,23
6JNO,A,1,24
6JNO,A,1,25
6JNO,A,1,26
6JNO,A,1,27
6JNO,A,1,28
6JNO,A,1,29
6JNO,A,1,30
6JNO,A,1,31
6JNO,A,1,32
6JNO,A,1,33
6JNO,A,1,34
6JNO,A,1,35
6JNO,A,1,36
6JNO,A,1,37
6JNO,A,1,38
6JNO,A,1,39
6JNO,A,1,40
6JNO,A,1,41
6JNO,A,1,42
6JNO,A,1,43
6JNO,A,1,44
6JNO,A,1,240
6JNO,A,1,241
6JNO,A,1,242
6JNO,A,1,243
6JNO,B,1,1
6JNO,B,1,2
6JNO,B,1,3
6JNO,B,1,4
6JNO,B,1,5
6JNO,B,1,6
6JNO,B,1,7
6JNO,B,1,8
6JNO,B,1,9
6JNO,B,1,10
6JNO,B,1,11
6JNO,B,1,12
6JNO,B,1,13
6JNO,B,1,14
6JNO,B,1,15
6JNO,B,1,16
6JNO,B,1,17
6JNO,B,1,18
6JNO,B,1,19
6JNO,B,1,20
6JNO,B,1,21
6JNO,B,1,22
6JNO,B,1,23
6JNO,B,1,24
6JNO,B,1,25
6JNO,B,1,26
6JNO,B,1,27
6JNO,B,1,28
6JNO,B,1,29
6JNO,B,1,30
6JNO,B,1,31
6JNO,B,1,32
6JNO,B,1,33
6JNO,B,1,34
6JNO,B,1,35
6JNO,B,1,36
6JNO,B,1,37
6JNO,B,1,38
6JNO,B,1,39
6JNO,B,1,40
6JNO,B,1,41
6JNO,B,1,42
6JNO,B,1,43
6JNO,B,1,44
6JNO,B,1,108
6JNO,B,1,109
6JNO,B,1,240
6JNO,B,1,241
6JNO,B,1,242
6JNO,B,1,243
6JNO,C,1,1
6JNO,C,1,2
6JNO,C,1,3
6JNO,C,1,4
6JNO,C,1,5
6JNO,C,1,6
6JNO,C,1,7
6JNO,C,1,8
6JNO,C,1,9
6JNO,C,1,10
6JNO,C,1,11
6JNO,C,1,23
6JNO,C,1,24
6JNO,C,1,25
6JNO,C,1,26
6JNO,C,1,27
6JNO,C,1,28
6JNO,C,1,29
6JNO,C,1,30
6JNO,C,1,31
6JNO,C,1,32
6JNO,C,1,33
6JNO,C,1,34
6JNO,C,1,35
6JNO,C,1,36
6JNO,C,1,37
6JNO,C,1,38
6JNO,C,1,39
6JNO,C,1,40
6JNO,C,1,41
6JNO,C,1,42
6JNO,C,1,43
6JNO,C,1,44
6JNO,C,1,108
6JNO,C,1,109
6JNO,C,1,110
6JNO,C,1,237
6JNO,C,1,238
6JNO,C,1,239
6JNO,C,1,240
6JNO,C,1,241
6JNO,C,1,242
6JNO,C,1,243
6JNO,D,1,1
6JNO,D,1,2
6JNO,D,1,3
6JNO,D,1,4
6JNO,D,1,5
6JNO,D,1,6
6JNO,D,1,7
6JNO,D,1,8
6JNO,D,1,9
6JNO,D,1,10
6JNO,D,1,11
6JNO,D,1,23
6JNO,D,1,24
6JNO,D,1,25
6JNO,D,1,26
6JNO,D,1,27
6JNO,D,1,28
6JNO,D,1,29
6JNO,D,1,30
6JNO,D,1,31
6JNO,D,1,32
6JNO,D,1,33
6JNO,D,1,34
6JNO,D,1,35
6JNO,D,1,36
6JNO,D,1,37
6JNO,D,1,38
6JNO,D,1,39
6JNO,D,1,40
6JNO,D,1,41
6JNO,D,1,42
6JNO,D,1,108
6JNO,D,1,109
6JNO,D,1,237
6JNO,D,1,238
6JNO,D,1,239
6JNO,D,1,240
6JNO,D,1,241
6JNO,D,1,242
6JNO,D,1,243
6JNR,A,1,1
6JNR,A,1,2
6JNR,A,1,3
6JNR,A,1,4
6JNR,A,1,5
6JNR,A,1,6
6JNR,A,1,7
6JNR,A,1,8
6JNR,A,1,9
6JNR,A,1,26
6JNR,A,1,27
6JNR,A,1,28
6JNR,A,1,29
6JNR,A,1,30
6JNR,A,1,31
6JNR,A,1,32
6JNR,A,1,33
6JNR,A,1,34
6JNR,A,1,35
6JNR,A,1,36
6JNR,A,1,37
6JNR,A,1,38
6JNR,A,1,39
6JNR,A,1,40
6JNR,A,1,41
6JNR,A,1,42
6JNR,A,1,241
6JNR,A,1,242
6JNR,A,1,243
6JNR,B,1,1
6JNR,B,1,2
6JNR,B,1,3
6JNR,B,1,4
6JNR,B,1,5
6JNR,B,1,6
6JNR,B,1,7
6JNR,B,1,8
6JNR,B,1,9
6JNR,B,1,26
6JNR,B,1,27
6JNR,B,1,28
6JNR,B,1,29
6JNR,B,1,30
6JNR,B,1,31
6JNR,B,1,32
6JNR,B,1,33
6JNR,B,1,34
6JNR,B,1,35
6JNR,B,1,36
6JNR,B,1,37
6JNR,B,1,38
6JNR,B,1,39
6JNR,B,1,40
6JNR,B,1,41
6JNR,B,1,241
6JNR,B,1,242
6JNR,B,1,243
6JNR,C,1,10
6JNR,C,1,11
6JNR,C,1,12
6JNR,D,1,11
6JNR,D,1,12
6JQ7,A,1,1
6JQ7,A,1,2
6JQ7,A,1,3
6JQ7,A,1,4
6JQ7,A,1,5
6JQ7,A,1,6
6JQ7,A,1,7
6JQ7,A,1,8
6JQ7,A,1,9
6JQ7,A,1,10
6JQ7,A,1,11
6JQ7,A,1,12
6JQ7,A,1,70
6JQ7,A,1,71
6JQ7,A,1,72
6JQ7,A,1,73
6JQ7,A,1,74
6JQ7,A,1,75
6JQ7,A,1,76
6JQ7,A,1,77
6JQ7,A,1,78
6JQ7,A,1,79
6JQ7,A,1,80
6JQ7,B,1,1
6JQ7,B,1,13
6JQ7,B,1,14
6JQ7,B,1,15
6JQ7,B,1,16
6K0T,A,1,1
6K0T,A,1,2
6K0T,A,1,3
6K0T,A,1,4
6K0T,A,1,5
6K0T,A,1,6
6K0T,A,1,7
6K0T,A,1,8
6K0T,A,1,9
6K0T,A,1,10
6K0T,A,1,11
6K0T,A,1,12
6K0T,A,1,13
6K0T,A,1,14
6K0T,A,1,73
6K0T,A,1,74
6K0T,A,1,75
6K0T,A,1,76
6K0T,A,1,77
6K0T,A,1,78
6K0T,A,1,79
6K0T,A,1,80
6K0T,A,1,81
6K0T,A,1,82
6K0T,A,1,83
6K0T,A,1,84
6K0T,B,1,1
6K0T,B,1,2
6K0T,C,1,1
6K0T,C,1,2
6K0T,C,1,3
6K0T,C,1,4
6K0T,C,1,5
6K0T,C,1,6
6K0T,C,1,7
6K0T,C,1,8
6K0T,C,1,9
6K0T,C,1,10
6K0T,C,1,11
6K0T,C,1,12
6K0T,C,1,13
6K0T,C,1,14
6K0T,C,1,80
6K0T,C,1,81
6K0T,C,1,82
6K0T,C,1,83
6K0T,C,1,84
6K9G,A,1,1
6K9G,A,1,2
6K9G,A,1,3
6K9G,A,1,4
6K9G,A,1,5
6K9G,A,1,6
6K9G,A,1,7
6K9G,A,1,8
6K9G,A,1,9
6K9G,A,1,10
6K9G,A,1,11
6K9G,A,1,12
6K9G,A,1,13
6K9G,A,1,253
6K9G,A,1,254
6K9G,A,1,255
6K9G,A,1,256
6K9G,A,1,257
6K9G,A,1,258
6K9G,A,1,259
6K9G,A,1,260
6K9G,A,1,261
6K9G,A,1,272
6K9G,A,1,273
6K9G,A,1,274
6K9G,B,1,1
6K9G,B,1,2
6K9G,B,1,3
6K9G,B,1,4
6K9G,B,1,5
6K9G,B,1,6
6K9G,B,1,7
6K9G,B,1,8
6K9G,B,1,9
6K9G,B,1,10
6K9G,B,1,11
6K9G,B,1,12
6K9G,B,1,35
6K9G,B,1,36
6K9G,B,1,37
6K9G,B,1,38
6K9G,B,1,39
6K9G,B,1,40
6K9G,B,1,41
6K9G,B,1,42
6K9G,B,1,43
6K9G,B,1,48
6K9G,B,1,49
6K9G,B,1,50
6K9G,B,1,51
6K9G,B,1,52
6K9G,B,1,53
6K9G,B,1,54
6K9G,B,1,55
6K9G,B,1,56
6K9G,B,1,57
6K9G,B,1,252
6K9G,B,1,253
6K9G,B,1,254
6K9G,B,1,255
6K9G,B,1,256
6K9G,B,1,257
6K9G,B,1,258
6K9G,B,1,259
6K9G,B,1,260
6K9G,B,1,261
6K9G,B,1,270
6K9G,B,1,271
6K9G,B,1,272
6K9G,B,1,273
6K9G,B,1,274
6K9G,C,1,1
6K9G,C,1,2
6K9G,C,1,3
6K9G,C,1,4
6K9G,C,1,5
6K9G,C,1,6
6K9G,C,1,7
6K9G,C,1,8
6K9G,C,1,9
6K9G,C,1,10
6K9G,C,1,11
6K9G,C,1,12
6K9G,C,1,34
6K9G,C,1,35
6K9G,C,1,36
6K9G,C,1,37
6K9G,C,1,38
6K9G,C,1,39
6K9G,C,1,40
6K9G,C,1,41
6K9G,C,1,42
6K9G,C,1,43
6K9G,C,1,44
6K9G,C,1,45
6K9G,C,1,46
6K9G,C,1,47
6K9G,C,1,48
6K9G,C,1,49
6K9G,C,1,50
6K9G,C,1,51
6K9G,C,1,52
6K9G,C,1,53
6K9G,C,1,54
6K9G,C,1,55
6K9G,C,1,56
6K9G,C,1,57
6K9G,C,1,253
6K9G,C,1,254
6K9G,C,1,255
6K9G,C,1,256
6K9G,C,1,257
6K9G,C,1,258
6K9G,C,1,259
6K9G,C,1,260
6K9G,C,1,261
6K9G,C,1,262
6K9G,C,1,272
6K9G,C,1,273
6K9G,C,1,274
6K9G,D,1,1
6K9G,D,1,2
6K9G,D,1,3
6K9G,D,1,4
6K9G,D,1,5
6K9G,D,1,6
6K9G,D,1,7
6K9G,D,1,8
6K9G,D,1,9
6K9G,D,1,10
6K9G,D,1,11
6K9G,D,1,12
6K9G,D,1,13
6K9G,D,1,36
6K9G,D,1,37
6K9G,D,1,38
6K9G,D,1,39
6K9G,D,1,40
6K9G,D,1,41
6K9G,D,1,42
6K9G,D,1,49
6K9G,D,1,50
6K9G,D,1,51
6K9G,D,1,52
6K9G,D,1,53
6K9G,D,1,54
6K9G,D,1,55
6K9G,D,1,56
6K9G,D,1,57
6K9G,D,1,253
6K9G,D,1,254
6K9G,D,1,255
6K9G,D,1,256
6K9G,D,1,257
6K9G,D,1,258
6K9G,D,1,259
6K9G,D,1,260
6K9G,D,1,261
6K9G,D,1,262
6K9G,D,1,263
6K9G,D,1,271
6K9G,D,1,272
6K9G,D,1,273
6K9G,D,1,274
6K9H,A,1,1
6K9H,A,1,2
6K9H,A,1,3
6K9H,A,1,4
6K9H,A,1,5
6K9H,A,1,6
6K9H,A,1,7
6K9H,A,1,8
6K9H,A,1,9
6K9H,A,1,10
6K9H,A,1,11
6K9H,A,1,33
6K9H,A,1,37
6K9H,A,1,38
6K9H,A,1,39
6K9H,A,1,40
6K9H,A,1,41
6K9H,A,1,42
6K9H,A,1,43
6K9H,A,1,44
6K9H,A,1,45
6K9H,A,1,46
6K9H,A,1,47
6K9H,A,1,48
6K9H,A,1,49
6K9H,A,1,50
6K9H,A,1,51
6K9H,A,1,52
6K9H,A,1,53
6K9H,A,1,54
6K9H,A,1,55
6K9H,A,1,56
6K9H,A,1,57
6K9H,A,1,124
6K9H,A,1,125
6K9H,A,1,254
6K9H,A,1,255
6K9H,A,1,256
6K9H,A,1,257
6K9H,A,1,258
6K9H,A,1,259
6K9H,A,1,260
6K9H,A,1,270
6K9H,A,1,271
6K9H,A,1,272
6K9H,A,1,273
6K9H,A,1,274
6K9H,B,1,1
6K9H,B,1,2
6K9H,B,1,3
6K9H,B,1,4
6K9H,B,1,5
6K9H,B,1,6
6K9H,B,1,7
6K9H,B,1,8
6K9H,B,1,9
6K9H,B,1,10
6K9H,B,1,11
6K9H,B,1,12
6K9H,B,1,32
6K9H,B,1,33
6K9H,B,1,34
6K9H,B,1,35
6K9H,B,1,36
6K9H,B,1,37
6K9H,B,1,38
6K9H,B,1,39
6K9H,B,1,40
6K9H,B,1,41
6K9H,B,1,42
6K9H,B,1,48
6K9H,B,1,49
6K9H,B,1,50
6K9H,B,1,51
6K9H,B,1,52
6K9H,B,1,53
6K9H,B,1,54
6K9H,B,1,55
6K9H,B,1,56
6K9H,B,1,122
6K9H,B,1,123
6K9H,B,1,240
6K9H,B,1,241
6K9H,B,1,254
6K9H,B,1,255
6K9H,B,1,256
6K9H,B,1,257
6K9H,B,1,258
6K9H,B,1,259
6K9H,B,1,260
6K9H,B,1,261
6K9H,B,1,272
6K9H,B,1,273
6K9H,B,1,274
6K9M,A,1,1
6K9M,A,1,2
6K9M,A,1,3
6K9M,A,1,4
6K9M,A,1,5
6K9M,A,1,6
6K9M,A,1,7
6K9M,A,1,8
6K9M,A,1,9
6K9M,A,1,10
6K9M,A,1,11
6K9M,A,1,12
6K9M,A,1,40
6K9M,A,1,48
6K9M,A,1,49
6K9M,A,1,50
6K9M,A,1,51
6K9M,A,1,52
6K9M,A,1,53
6K9M,A,1,54
6K9M,A,1,55
6K9M,A,1,254
6K9M,A,1,255
6K9M,A,1,256
6K9M,A,1,257
6K9M,A,1,258
6K9M,A,1,259
6K9M,A,1,260
6K9M,A,1,261
6K9M,A,1,272
6K9M,A,1,273
6K9M,A,1,274
6K9M,B,1,1
6K9M,B,1,2
6K9M,B,1,3
6K9M,B,1,4
6K9M,B,1,5
6K9M,B,1,6
6K9M,B,1,7
6K9M,B,1,8
6K9M,B,1,9
6K9M,B,1,10
6K9M,B,1,11
6K9M,B,1,39
6K9M,B,1,49
6K9M,B,1,50
6K9M,B,1,51
6K9M,B,1,52
6K9M,B,1,53
6K9M,B,1,54
6K9M,B,1,55
6K9M,B,1,56
6K9M,B,1,57
6K9M,B,1,58
6K9M,B,1,253
6K9M,B,1,254
6K9M,B,1,255
6K9M,B,1,256
6K9M,B,1,257
6K9M,B,1,258
6K9M,B,1,259
6K9M,B,1,260
6K9M,B,1,272
6K9M,B,1,273
6K9M,B,1,274
6K9M,C,1,1
6K9M,C,1,2
6K9M,C,1,3
6K9M,C,1,4
6K9M,C,1,5
6K9M,C,1,6
6K9M,C,1,7
6K9M,C,1,8
6K9M,C,1,9
6K9M,C,1,10
6K9M,C,1,11
6K9M,C,1,42
6K9M,C,1,43
6K9M,C,1,44
6K9M,C,1,45
6K9M,C,1,46
6K9M,C,1,47
6K9M,C,1,48
6K9M,C,1,49
6K9M,C,1,50
6K9M,C,1,51
6K9M,C,1,52
6K9M,C,1,53
6K9M,C,1,54
6K9M,C,1,55
6K9M,C,1,56
6K9M,C,1,57
6K9M,C,1,254
6K9M,C,1,255
6K9M,C,1,256
6K9M,C,1,257
6K9M,C,1,258
6K9M,C,1,259
6K9M,C,1,260
6K9M,C,1,272
6K9M,C,1,273
6K9M,C,1,274
6K9M,D,1,1
6K9M,D,1,2
6K9M,D,1,3
6K9M,D,1,4
6K9M,D,1,5
6K9M,D,1,6
6K9M,D,1,7
6K9M,D,1,8
6K9M,D,1,9
6K9M,D,1,10
6K9M,D,1,11
6K9M,D,1,12
6K9M,D,1,13
6K9M,D,1,14
6K9M,D,1,40
6K9M,D,1,41
6K9M,D,1,48
6K9M,D,1,49
6K9M,D,1,254
6K9M,D,1,255
6K9M,D,1,256
6K9M,D,1,257
6K9M,D,1,258
6K9M,D,1,259
6K9M,D,1,260
6K9M,D,1,261
6K9M,D,1,272
6K9M,D,1,273
6K9M,D,1,274
6KAX,A,1,1
6KAX,A,1,2
6KAX,A,1,3
6KAX,A,1,4
6KAX,A,1,37
6KAX,A,1,38
6KAX,A,1,39
6KAX,A,1,40
6KAY,A,1,1
6KAY,A,1,2
6KAY,A,1,3
6KAY,A,1,36
6KAY,A,1,37
6KAY,A,1,38
6KAY,A,1,39
6KAY,A,1,40
6KAY,A,1,41
6KAY,A,1,64
6KAY,A,1,65
6KAY,A,1,66
6KAY,A,1,67
6KAY,A,1,68
6KAY,A,1,69
6KAZ,A,1,1
6KAZ,A,1,2
6KAZ,A,1,3
6KAZ,A,1,4
6KAZ,A,1,5
6KAZ,A,1,6
6KAZ,A,1,37
6KAZ,A,1,38
6KAZ,A,1,39
6KAZ,A,1,40
6KAZ,A,1,41
6KB0,A,1,1
6KB0,A,1,2
6KB0,A,1,3
6KB0,A,1,4
6KB0,A,1,5
6KB0,A,1,6
6KB0,A,1,37
6KB0,A,1,38
6KB0,A,1,39
6KB1,A,1,1
6KB1,A,1,2
6KB1,A,1,3
6KB1,A,1,38
6KB2,A,1,1
6KB2,A,1,2
6KB2,A,1,3
6KB2,A,1,4
6KB2,A,1,5
6KB2,A,1,6
6KB3,A,1,1
6KB3,A,1,2
6KB3,A,1,3
6KB3,A,1,37
6KB3,A,1,38
6KB3,A,1,39
6KB3,A,1,40
6KB3,A,1,41
6KB3,A,1,42
6KB3,A,1,66
6KB3,A,1,67
6KB3,A,1,68
6KB3,A,1,69
6KB3,A,1,70
6KB4,A,1,1
6KB4,A,1,2
6KB4,A,1,3
6KB4,A,1,37
6KB4,A,1,38
6KB5,A,1,1
6KB5,A,1,2
6KB5,A,1,3
6KB5,A,1,4
6KB5,A,1,5
6KB5,A,1,37
6KB5,A,1,38
6KB5,A,1,39
6KB5,A,1,40
6KB6,A,1,1
6KB6,A,1,2
6KB6,A,1,3
6KB6,A,1,37
6KB6,A,1,38
6KB7,A,1,1
6KB7,A,1,2
6KB7,A,1,3
6KB7,A,1,4
6KB7,A,1,5
6KB7,A,1,6
6KB7,A,1,37
6KB7,A,1,38
6KB7,A,1,39
6KB8,A,1,1
6KB8,A,1,2
6KB8,A,1,3
6KB8,A,1,37
6KB8,A,1,38
6KB8,A,1,39
6KB8,A,1,40
6KB8,A,1,41
6KB8,A,1,42
6KB8,A,1,65
6KB8,A,1,66
6KB8,A,1,67
6KB8,A,1,68
6KB9,A,1,1
6KB9,A,1,2
6KB9,A,1,3
6KB9,A,1,37
6KB9,A,1,38
6KBA,A,1,1
6KBA,A,1,2
6KBA,A,1,3
6KBA,A,1,4
6KBA,A,1,5
6KBA,A,1,6
6KBA,A,1,37
6KBA,A,1,38
6KKB,A,1,46
6KKB,A,1,47
6KKB,A,1,48
6KKB,A,1,49
6KKB,A,1,50
6KKB,A,1,51
6KKB,A,1,52
6KKE,A,1,46
6KKE,A,1,47
6KKE,A,1,48
6KKE,A,1,49
6KKE,A,1,50
6KKE,A,1,51
6KKE,A,1,52
6KNR,A,1,1
6KNR,A,1,2
6KNR,A,1,3
6KNR,A,1,4
6KNR,A,1,5
6KNR,A,1,6
6KNR,A,1,7
6KNR,A,1,8
6KNR,A,1,9
6KNR,A,1,10
6KNR,A,1,11
6KNR,A,1,12
6KNR,A,1,13
6KNR,A,1,14
6KNR,A,1,15
6KNR,A,1,16
6KNR,A,1,17
6KNR,A,1,18
6KNR,A,1,19
6KNR,A,1,242
6KNR,A,1,243
6KNR,B,1,1
6KNR,B,1,2
6KNR,B,1,3
6KNR,B,1,4
6KNR,B,1,5
6KNR,B,1,6
6KNR,B,1,7
6KNR,B,1,8
6KNR,B,1,9
6KNR,B,1,10
6KNR,B,1,11
6KNR,B,1,12
6KNR,B,1,13
6KNR,B,1,14
6KNR,B,1,15
6KNR,B,1,16
6KNR,B,1,17
6KNR,B,1,243
6KNU,A,1,46
6KNU,A,1,47
6KNU,A,1,48
6KNU,A,1,49
6KNU,A,1,50
6KNU,A,1,51
6KNU,A,1,52
6KNU,A,1,53
6KNU,B,1,1
6KNU,B,1,11
6KNV,A,1,46
6KNV,A,1,47
6KNV,A,1,48
6KNV,A,1,49
6KNV,A,1,50
6KNV,A,1,51
6KNV,A,1,52
6KNV,A,1,205
6KNV,A,1,230
6KNV,A,1,231
6KNV,A,1,232
6KNV,A,1,233
6KNV,A,1,234
6KNV,A,1,235
6KNV,A,1,250
6KNW,A,1,46
6KNW,A,1,47
6KNW,A,1,48
6KNW,A,1,49
6KNW,A,1,50
6KNW,A,1,51
6KNW,A,1,52
6KNW,B,1,11
6KTM,A,1,1
6KTM,A,1,2
6KTM,A,1,3
6KTM,A,1,4
6KTM,A,1,5
6KTM,A,1,6
6KTM,A,1,7
6KTM,A,1,8
6KTM,A,1,9
6KTM,A,1,10
6KTM,A,1,69
6KTM,A,1,70
6KTM,A,1,71
6KTM,A,1,72
6KTM,A,1,73
6KTM,A,1,74
6KTM,A,1,75
6KTM,A,1,76
6KTM,A,1,77
6KTM,A,1,78
6KTM,A,1,79
6KTM,A,1,80
6KTM,B,1,1
6KTM,B,1,2
6KTM,B,1,13
6KTM,B,1,14
6KTM,B,1,15
6KTM,B,1,16
6KTN,A,1,1
6KTN,A,1,2
6KTN,A,1,3
6KTN,A,1,4
6KTN,A,1,5
6KTN,A,1,6
6KTN,A,1,7
6KTN,A,1,8
6KTN,A,1,9
6KTN,A,1,10
6KTN,A,1,11
6KTN,A,1,73
6KTN,A,1,74
6KTN,A,1,75
6KTN,A,1,76
6KTN,A,1,77
6KTN,A,1,78
6KTN,A,1,79
6KTN,A,1,80
6KTN,B,1,1
6KTN,B,1,13
6KTN,B,1,14
6KTN,B,1,15
6KTN,B,1,16
6KXX,A,1,1
6KXX,A,1,2
6KXX,A,1,3
6KXX,A,1,4
6KXX,A,1,5
6KXX,A,1,6
6KXX,A,1,7
6KXX,A,1,8
6KXX,A,1,272
6KXX,B,1,1
6KXX,B,1,2
6KXX,B,1,3
6KXX,B,1,4
6KXX,B,1,5
6KXX,B,1,6
6KXX,B,1,18
6KXX,B,1,19
6KXX,B,1,20
6KXX,B,1,21
6KXX,B,1,22
6KXY,A,1,1
6KXY,A,1,2
6KXY,A,1,3
6KXY,A,1,4
6KXY,A,1,5
6KXY,A,1,6
6KXY,A,1,7
6KXY,A,1,8
6KXY,A,1,37
6KXY,A,1,38
6KXY,A,1,39
6KXY,A,1,61
6KXY,A,1,62
6KXY,A,1,63
6KXY,A,1,64
6KXY,A,1,65
6KXY,A,1,66
6KXY,A,1,67
6KXY,A,1,272
6KXY,B,1,1
6KXY,B,1,2
6KXY,B,1,3
6KXY,B,1,4
6KXY,B,1,5
6KXY,B,1,6
6KXY,B,1,18
6KXY,B,1,19
6KXY,B,1,20
6KXY,B,1,21
6KXY,B,1,22
6KYP,A,1,1
6KYP,A,1,2
6KYP,A,1,3
6KYP,B,1,1
6KYP,B,1,2
6KYP,B,1,3
6KZ5,A,1,1
6KZ5,A,1,2
6KZ5,A,1,3
6KZ5,A,1,4
6KZ5,A,1,5
6KZ5,A,1,6
6KZ5,A,1,7
6KZ5,A,1,8
6KZ5,A,1,9
6KZ5,A,1,10
6KZ5,A,1,11
6KZ5,A,1,196
6KZ5,A,1,197
6KZ5,A,1,198
6KZ5,A,1,199
6KZ5,A,1,250
6KZ5,A,1,251
6KZ5,A,1,252
6KZ5,A,1,253
6KZ5,A,1,254
6KZ5,A,1,255
6KZ5,A,1,256
6KZ5,A,1,257
6KZ5,B,1,1
6KZ5,B,1,2
6KZ5,B,1,3
6KZ5,B,1,4
6KZ5,B,1,5
6KZ5,B,1,6
6KZ5,B,1,7
6KZ5,B,1,8
6KZ5,B,1,9
6KZ5,B,1,10
6KZ5,B,1,11
6KZ5,B,1,12
6KZ5,B,1,194
6KZ5,B,1,195
6KZ5,B,1,196
6KZ5,B,1,197
6KZ5,B,1,198
6KZ5,B,1,199
6KZ5,B,1,250
6KZ5,B,1,251
6KZ5,B,1,252
6KZ5,B,1,253
6KZ5,B,1,254
6KZ5,B,1,255
6KZ5,B,1,256
6KZ5,B,1,257
6L36,A,1,1
6L36,A,1,2
6L36,A,1,3
6L36,A,1,4
6L36,B,1,1
6L36,B,1,2
6L36,B,1,3
6L36,B,1,4
6L37,A,1,1
6L37,A,1,2
6L37,A,1,3
6L37,B,1,1
6L37,B,1,2
6L37,B,1,3
6L37,B,1,4
6L38,A,1,1
6L38,A,1,2
6L38,A,1,3
6L38,B,1,1
6L38,B,1,2
6L38,B,1,3
6L6K,A,1,1
6L6K,A,1,2
6L6K,A,1,3
6L6K,A,1,4
6L6K,A,1,5
6L6K,A,1,6
6L6K,A,1,7
6L6K,A,1,8
6L6K,A,1,9
6L6K,A,1,25
6L6K,A,1,26
6L6K,A,1,27
6L6K,A,1,28
6L6K,A,1,29
6L6K,A,1,30
6L6K,A,1,31
6L6K,A,1,32
6L6K,A,1,33
6L6K,A,1,34
6L6K,A,1,35
6L6K,A,1,36
6L6K,A,1,37
6L6K,A,1,38
6L6K,A,1,39
6L6K,A,1,40
6L6K,A,1,41
6L6K,A,1,42
6L6K,A,1,43
6L6K,A,1,239
6L6K,A,1,240
6L6K,A,1,241
6L6K,A,1,242
6L6K,A,1,243
6L6K,B,1,10
6L6K,B,1,11
6L6K,B,1,12
6L88,A,1,1
6L88,A,1,2
6L88,A,1,3
6L88,A,1,4
6L88,A,1,5
6L88,A,1,6
6L88,A,1,7
6L88,A,1,8
6L88,A,1,9
6L88,A,1,10
6L88,A,1,11
6L88,A,1,12
6L88,A,1,13
6L88,A,1,14
6L88,A,1,15
6L88,A,1,16
6L88,A,1,17
6L88,A,1,18
6L88,A,1,19
6L88,A,1,20
6L88,A,1,21
6L88,A,1,22
6L88,A,1,23
6L88,A,1,24
6L88,A,1,25
6L88,A,1,26
6L88,A,1,27
6L88,A,1,28
6L88,A,1,29
6L88,A,1,102
6L88,A,1,103
6L88,A,1,104
6L88,A,1,105
6L88,A,1,106
6L88,A,1,107
6L88,A,1,108
6L88,A,1,109
6L88,A,1,110
6L88,A,1,111
6L88,A,1,180
6L88,A,1,181
6L88,A,1,212
6L88,A,1,213
6L88,A,1,214
6L88,A,1,215
6L88,A,1,216
6L88,A,1,217
6L88,A,1,218
6L88,A,1,219
6L88,A,1,220
6L88,A,1,221
6L88,A,1,222
6L88,A,1,223
6L88,A,1,239
6L88,A,1,240
6L88,A,1,251
6L88,B,1,1
6L88,B,1,2
6L88,B,1,3
6L88,B,1,4
6L88,B,1,5
6L88,B,1,6
6L88,B,1,7
6L88,B,1,8
6L88,B,1,9
6L88,B,1,10
6L88,B,1,11
6L88,B,1,12
6L88,B,1,13
6L88,B,1,14
6L88,B,1,15
6L88,B,1,16
6L88,B,1,17
6L88,B,1,18
6L88,B,1,19
6L88,B,1,20
6L88,B,1,21
6L88,B,1,22
6L88,B,1,23
6L88,B,1,24
6L88,B,1,25
6L88,B,1,26
6L88,B,1,27
6L88,B,1,28
6L88,B,1,29
6L88,B,1,93
6L88,B,1,94
6L88,B,1,95
6L88,B,1,96
6L88,B,1,97
6L88,B,1,98
6L88,B,1,99
6L88,B,1,100
6L88,B,1,101
6L88,B,1,102
6L88,B,1,103
6L88,B,1,104
6L88,B,1,105
6L88,B,1,106
6L88,B,1,107
6L88,B,1,108
6L88,B,1,109
6L88,B,1,110
6L88,B,1,111
6L88,B,1,112
6L88,B,1,180
6L88,B,1,181
6L88,B,1,182
6L88,B,1,211
6L88,B,1,212
6L88,B,1,213
6L88,B,1,214
6L88,B,1,215
6L88,B,1,216
6L88,B,1,217
6L88,B,1,218
6L88,B,1,219
6L88,B,1,220
6L88,B,1,221
6L88,B,1,222
6L88,B,1,223
6L88,B,1,239
6L88,B,1,240
6L88,B,1,251
6L88,C,1,1
6L88,C,1,2
6L88,C,1,3
6L88,C,1,4
6L88,C,1,5
6L88,C,1,6
6L88,C,1,7
6L88,C,1,8
6L88,C,1,9
6L88,C,1,10
6L88,C,1,11
6L88,C,1,12
6L88,C,1,13
6L88,C,1,14
6L88,C,1,15
6L88,C,1,16
6L88,C,1,17
6L88,C,1,18
6L88,C,1,19
6L88,C,1,20
6L88,C,1,21
6L88,C,1,22
6L88,C,1,23
6L88,C,1,24
6L88,C,1,25
6L88,C,1,26
6L88,C,1,27
6L88,C,1,28
6L88,C,1,95
6L88,C,1,96
6L88,C,1,97
6L88,C,1,98
6L88,C,1,99
6L88,C,1,100
6L88,C,1,101
6L88,C,1,102
6L88,C,1,103
6L88,C,1,104
6L88,C,1,105
6L88,C,1,106
6L88,C,1,107
6L88,C,1,108
6L88,C,1,109
6L88,C,1,110
6L88,C,1,111
6L88,C,1,180
6L88,C,1,181
6L88,C,1,211
6L88,C,1,212
6L88,C,1,213
6L88,C,1,214
6L88,C,1,215
6L88,C,1,216
6L88,C,1,217
6L88,C,1,218
6L88,C,1,219
6L88,C,1,220
6L88,C,1,221
6L88,C,1,222
6L88,C,1,223
6L88,C,1,239
6L88,C,1,240
6L88,C,1,251
6L88,D,1,1
6L88,D,1,2
6L88,D,1,3
6L88,D,1,4
6L88,D,1,5
6L88,D,1,6
6L88,D,1,7
6L88,D,1,8
6L88,D,1,9
6L88,D,1,10
6L88,D,1,11
6L88,D,1,12
6L88,D,1,13
6L88,D,1,14
6L88,D,1,15
6L88,D,1,16
6L88,D,1,17
6L88,D,1,18
6L88,D,1,19
6L88,D,1,20
6L88,D,1,21
6L88,D,1,22
6L88,D,1,23
6L88,D,1,24
6L88,D,1,25
6L88,D,1,26
6L88,D,1,27
6L88,D,1,28
6L88,D,1,29
6L88,D,1,94
6L88,D,1,95
6L88,D,1,96
6L88,D,1,97
6L88,D,1,98
6L88,D,1,99
6L88,D,1,100
6L88,D,1,101
6L88,D,1,102
6L88,D,1,103
6L88,D,1,104
6L88,D,1,105
6L88,D,1,106
6L88,D,1,107
6L88,D,1,108
6L88,D,1,109
6L88,D,1,110
6L88,D,1,111
6L88,D,1,180
6L88,D,1,181
6L88,D,1,214
6L88,D,1,215
6L88,D,1,216
6L88,D,1,217
6L88,D,1,218
6L88,D,1,219
6L88,D,1,220
6L88,D,1,221
6L88,D,1,222
6L88,D,1,223
6L88,D,1,239
6L88,D,1,240
6L88,D,1,251
6L89,A,1,1
6L89,A,1,2
6L89,A,1,3
6L89,A,1,4
6L89,A,1,5
6L89,A,1,6
6L89,A,1,7
6L89,A,1,8
6L89,A,1,9
6L89,A,1,10
6L89,A,1,11
6L89,A,1,12
6L89,A,1,13
6L89,A,1,14
6L89,A,1,74
6L89,A,1,75
6L89,A,1,76
6L89,A,1,77
6L89,A,1,78
6L89,A,1,79
6L89,A,1,80
6L89,A,1,81
6L89,A,1,82
6L89,A,1,83
6L89,A,1,84
6L89,B,1,1
6L89,B,1,2
6L89,B,1,3
6L89,B,1,4
6L89,B,1,5
6L89,B,1,6
6L89,B,1,7
6L89,B,1,8
6L89,B,1,9
6L89,B,1,10
6L89,B,1,11
6L89,B,1,12
6L89,B,1,13
6L89,B,1,14
6L89,B,1,15
6L89,B,1,16
6L89,B,1,50
6L89,B,1,51
6L89,B,1,52
6L89,B,1,53
6L89,B,1,74
6L89,B,1,75
6L89,B,1,76
6L89,B,1,77
6L89,B,1,78
6L89,B,1,79
6L89,B,1,80
6L89,B,1,81
6L89,B,1,82
6L89,B,1,83
6L89,B,1,84
6L89,B,1,284
6L89,B,1,285
6L89,B,1,286
6L89,B,1,287
6L8B,A,1,1
6L8B,A,1,2
6L8B,A,1,3
6L8B,A,1,4
6L8B,A,1,5
6L8B,A,1,6
6L8B,A,1,7
6L8B,A,1,8
6L8B,A,1,9
6L8B,A,1,10
6L8B,A,1,71
6L8B,A,1,72
6L8B,A,1,73
6L8B,A,1,74
6L8B,A,1,75
6L8B,A,1,76
6L8B,A,1,77
6L8B,A,1,78
6L8B,A,1,79
6L8B,B,1,1
6L8B,B,1,2
6L8B,B,1,3
6L8B,B,1,4
6L8B,B,1,5
6L8B,B,1,6
6L8B,B,1,7
6L8B,B,1,8
6L8B,B,1,9
6L8B,B,1,10
6L8B,B,1,11
6L8B,B,1,12
6L8B,B,1,48
6L8B,B,1,49
6L8B,B,1,50
6L8B,B,1,77
6L8B,B,1,78
6L8B,B,1,79
6L8B,B,1,80
6L8B,B,1,281
6L8B,B,1,282
6L8B,B,1,283
6L96,A,1,1
6L96,A,1,2
6L96,A,1,3
6L96,A,1,4
6L96,A,1,5
6L96,A,1,6
6L96,A,1,7
6L96,A,1,8
6L96,A,1,63
6L96,A,1,64
6L96,A,1,65
6L96,A,1,66
6L96,A,1,67
6L96,A,1,68
6L96,A,1,69
6L96,A,1,70
6L96,A,1,71
6L96,A,1,72
6L96,A,1,73
6L96,A,1,275
6L96,B,1,1
6L96,B,1,2
6L96,B,1,3
6L96,B,1,4
6L96,B,1,5
6L96,B,1,6
6L96,B,1,7
6L96,B,1,8
6L96,B,1,9
6L96,B,1,63
6L96,B,1,64
6L96,B,1,65
6L96,B,1,66
6L96,B,1,67
6L96,B,1,68
6L96,B,1,69
6L96,B,1,70
6L96,B,1,71
6L96,B,1,72
6L96,B,1,73
6L96,B,1,275
6L96,C,1,11
6L96,C,1,12
6L96,C,1,13
6LB4,A,1,1
6LB4,A,1,2
6LB4,A,1,3
6LB4,A,1,4
6LB4,A,1,5
6LB4,A,1,6
6LB4,A,1,7
6LB4,A,1,26
6LB4,A,1,27
6LB4,A,1,28
6LB4,A,1,29
6LB4,A,1,34
6LB4,A,1,35
6LB4,A,1,36
6LB4,A,1,37
6LB4,A,1,38
6LB4,A,1,39
6LB4,A,1,40
6LB4,A,1,41
6LB4,A,1,42
6LB4,A,1,43
6LB4,A,1,240
6LB4,A,1,241
6LB4,A,1,242
6LB4,A,1,243
6LB4,B,1,11
6LB4,B,1,12
6LB4,B,1,13
6LB5,A,1,1
6LB5,A,1,2
6LB5,A,1,3
6LB5,A,1,4
6LB5,A,1,5
6LB5,A,1,6
6LB5,A,1,7
6LB5,A,1,8
6LB5,A,1,9
6LB5,A,1,26
6LB5,A,1,27
6LB5,A,1,28
6LB5,A,1,29
6LB5,A,1,30
6LB5,A,1,31
6LB5,A,1,32
6LB5,A,1,33
6LB5,A,1,34
6LB5,A,1,35
6LB5,A,1,36
6LB5,A,1,37
6LB5,A,1,38
6LB5,A,1,39
6LB5,A,1,40
6LB5,A,1,41
6LB5,A,1,42
6LB5,A,1,43
6LB5,A,1,239
6LB5,A,1,240
6LB5,A,1,241
6LB5,A,1,242
6LB5,A,1,243
6LB5,B,1,1
6LB5,B,1,12
6LB5,B,1,13
6LB5,C,1,1
6LB5,C,1,2
6LB5,C,1,3
6LB5,C,1,4
6LB5,C,1,5
6LB5,C,1,6
6LB5,C,1,7
6LB5,C,1,8
6LB5,C,1,9
6LB5,C,1,34
6LB5,C,1,35
6LB5,C,1,36
6LB5,C,1,37
6LB5,C,1,38
6LB5,C,1,39
6LB5,C,1,40
6LB5,C,1,41
6LB5,C,1,42
6LB5,C,1,239
6LB5,C,1,240
6LB5,C,1,241
6LB5,C,1,242
6LB5,C,1,243
6LB5,D,1,12
6LB5,D,1,13
6LB6,A,1,1
6LB6,A,1,2
6LB6,A,1,3
6LB6,A,1,4
6LB6,A,1,5
6LB6,A,1,6
6LB6,A,1,7
6LB6,A,1,8
6LB6,A,1,9
6LB6,A,1,25
6LB6,A,1,26
6LB6,A,1,27
6LB6,A,1,28
6LB6,A,1,29
6LB6,A,1,30
6LB6,A,1,31
6LB6,A,1,32
6LB6,A,1,33
6LB6,A,1,34
6LB6,A,1,35
6LB6,A,1,36
6LB6,A,1,37
6LB6,A,1,38
6LB6,A,1,39
6LB6,A,1,40
6LB6,A,1,41
6LB6,A,1,42
6LB6,A,1,43
6LB6,A,1,240
6LB6,A,1,241
6LB6,A,1,242
6LB6,A,1,243
6LB6,B,1,1
6LB6,B,1,12
6LB6,B,1,13
6LIT,A,1,1
6LIT,A,1,2
6LIT,A,1,3
6LIT,A,1,4
6LIT,A,1,5
6LIT,A,1,6
6LIT,A,1,7
6LIT,A,1,8
6LIT,A,1,9
6LIT,A,1,10
6LIT,A,1,11
6LIT,A,1,12
6LIT,A,1,13
6LIT,A,1,14
6LIT,A,1,15
6LIT,A,1,16
6LIT,A,1,17
6LIT,A,1,18
6LIT,A,1,19
6LIT,A,1,20
6LIT,A,1,21
6LIT,A,1,22
6LIT,A,1,23
6LIT,A,1,24
6LIT,A,1,25
6LIT,A,1,26
6LIT,A,1,27
6LIT,A,1,28
6LIT,A,1,29
6LIT,A,1,30
6LIT,A,1,31
6LIT,A,1,230
6LIT,B,1,1
6LIT,B,1,2
6LIT,B,1,3
6LIT,B,1,4
6LIT,B,1,5
6LIT,B,1,6
6LIT,B,1,7
6LIT,B,1,8
6LIT,B,1,9
6LIT,B,1,10
6LIT,B,1,11
6LIT,B,1,12
6LIT,B,1,13
6LIT,B,1,14
6LIT,B,1,15
6LIT,B,1,16
6LIT,B,1,17
6LIT,B,1,18
6LIT,B,1,19
6LIT,B,1,20
6LIT,B,1,21
6LIT,B,1,22
6LIT,B,1,23
6LIT,B,1,24
6LIT,B,1,25
6LIT,B,1,26
6LIT,B,1,27
6LIT,B,1,28
6LIT,B,1,29
6LIT,B,1,30
6LIT,B,1,31
6LIT,B,1,229
6LIT,B,1,230
6LIT,C,1,11
6LN4,A,1,1
6LN4,A,1,2
6LN4,A,1,3
6LN4,A,1,4
6LN4,A,1,5
6LN4,A,1,6
6LN4,A,1,7
6LN4,A,1,26
6LN4,A,1,27
6LN4,A,1,28
6LN4,A,1,29
6LO9,A,1,1
6LO9,A,1,2
6LO9,A,1,3
6LO9,A,1,4
6LO9,A,1,5
6LO9,A,1,6
6LO9,A,1,7
6LO9,A,1,8
6LO9,A,1,9
6LO9,A,1,10
6LO9,A,1,11
6LO9,A,1,12
6LO9,A,1,13
6LO9,A,1,14
6LO9,A,1,15
6LO9,A,1,16
6LO9,A,1,17
6LOA,A,1,1
6LOA,A,1,2
6LOA,A,1,3
6LOA,A,1,4
6LOA,A,1,5
6LOA,A,1,6
6LOA,A,1,7
6LOA,A,1,8
6LOA,A,1,9
6LOA,A,1,10
6LOA,A,1,11
6LOA,A,1,12
6LOA,A,1,13
6LOA,A,1,14
6LOA,A,1,15
6LOA,A,1,16
6LOA,A,1,17
6LOB,A,1,1
6LOB,A,1,2
6LOB,A,1,3
6LOB,A,1,4
6LOB,A,1,5
6LOB,A,1,6
6LOB,A,1,7
6LOB,A,1,8
6LOB,A,1,9
6LOB,A,1,10
6LOB,A,1,11
6LOB,A,1,12
6LOB,A,1,13
6LOB,A,1,14
6LOB,A,1,15
6LOB,A,1,16
6LOB,A,1,17
6LOC,A,1,1
6LOC,A,1,2
6LOC,A,1,3
6LOC,A,1,4
6LOC,A,1,5
6LOC,A,1,6
6LOC,A,1,7
6LOC,A,1,8
6LOC,A,1,9
6LOC,A,1,10
6LOC,A,1,11
6LOC,A,1,12
6LOC,A,1,13
6LOC,A,1,14
6LOC,A,1,15
6LOC,A,1,16
6LOC,A,1,17
6LX4,A,1,1
6LX4,A,1,2
6LX4,A,1,3
6LX4,B,1,1
6LX4,B,1,2
6LX4,B,1,3
6LX4,B,1,37
6LX4,B,1,38
6LX5,B,1,1
6LX5,B,1,2
6LX6,A,1,1
6LX6,A,1,2
6LX6,A,1,3
6LX6,A,1,4
6LX6,A,1,5
6LX6,A,1,6
6LX6,A,1,37
6LX6,A,1,38
6LX6,A,1,39
6LX7,A,1,1
6LX7,A,1,2
6LX7,A,1,3
6LX7,A,1,37
6LX7,A,1,38
6LX8,A,1,1
6LX8,A,1,2
6LX8,A,1,3
6LX8,A,1,4
6LX8,A,1,5
6LX8,A,1,6
6LX8,A,1,37
6LX8,A,1,38
6LX8,A,1,39
6LX9,A,1,1
6LX9,A,1,2
6LX9,A,1,3
6LXA,A,1,1
6LXA,A,1,2
6LXA,A,1,3
6LXA,A,1,38
6LXB,A,1,1
6LXB,A,1,2
6LXB,A,1,3
6LXB,A,1,4
6LXB,A,1,37
6LXB,A,1,38
6LXB,A,1,39
6LXB,A,1,40
6LXB,A,1,41
6LXB,A,1,63
6LXB,A,1,64
6LXB,A,1,65
6LXB,A,1,66
6LXB,A,1,67
6LXB,A,1,68
6LXB,A,1,69
6LXB,A,1,70
6LXC,A,1,1
6LXC,A,1,2
6LXC,A,1,3
6LXC,A,1,37
6LXC,A,1,38
6LXC,A,1,39
6LXC,A,1,40
6LXC,A,1,41
6LXC,A,1,62
6LXC,A,1,63
6LXC,A,1,64
6LXC,A,1,65
6LXC,A,1,66
6LXC,A,1,67
6LXC,A,1,68
6LXC,A,1,69
6MCZ,A,1,1
6MCZ,A,1,2
6MCZ,A,1,3
6MCZ,A,1,4
6MCZ,A,1,38
6MCZ,A,1,39
6MCZ,A,1,62
6MCZ,A,1,63
6MCZ,A,1,64
6MCZ,A,1,65
6MCZ,A,1,66
6MCZ,A,1,67
6MCZ,A,1,68
6MCZ,A,1,69
6MCZ,A,1,70
6MCZ,A,1,71
6MCZ,A,1,72
6MCZ,A,1,273
6MCZ,A,1,274
6MCZ,A,1,275
6MCZ,B,1,1
6MCZ,B,1,2
6MCZ,B,1,3
6MCZ,B,1,4
6MCZ,B,1,39
6MCZ,B,1,40
6MCZ,B,1,69
6MCZ,B,1,70
6MCZ,B,1,71
6MCZ,B,1,72
6MCZ,B,1,260
6MCZ,B,1,261
6MCZ,B,1,262
6MCZ,B,1,263
6MCZ,B,1,264
6MCZ,B,1,273
6MCZ,B,1,274
6MCZ,B,1,275
6MD0,A,1,1
6MD0,A,1,2
6MD0,A,1,3
6MD0,A,1,4
6MD0,A,1,38
6MD0,A,1,39
6MD0,A,1,62
6MD0,A,1,63
6MD0,A,1,64
6MD0,A,1,65
6MD0,A,1,66
6MD0,A,1,67
6MD0,A,1,68
6MD0,A,1,69
6MD0,A,1,70
6MD0,A,1,71
6MD0,A,1,72
6MD0,A,1,273
6MD0,A,1,274
6MD0,A,1,275
6MD0,B,1,1
6MD0,B,1,2
6MD0,B,1,3
6MD0,B,1,4
6MD0,B,1,39
6MD0,B,1,40
6MD0,B,1,69
6MD0,B,1,70
6MD0,B,1,71
6MD0,B,1,72
6MD0,B,1,260
6MD0,B,1,261
6MD0,B,1,262
6MD0,B,1,263
6MD0,B,1,264
6MD0,B,1,273
6MD0,B,1,274
6MD0,B,1,275
6MD1,A,1,1
6MD1,A,1,2
6MD1,A,1,3
6MD1,A,1,4
6MD1,A,1,61
6MD1,A,1,62
6MD1,A,1,63
6MD1,A,1,64
6MD1,A,1,65
6MD1,A,1,66
6MD1,A,1,67
6MD1,A,1,68
6MD1,A,1,69
6MD1,A,1,70
6MD1,A,1,71
6MD1,A,1,72
6MD1,A,1,274
6MD1,A,1,275
6MD1,B,1,1
6MD1,B,1,2
6MD1,B,1,3
6MD1,B,1,4
6MD1,B,1,63
6MD1,B,1,66
6MD1,B,1,67
6MD1,B,1,68
6MD1,B,1,69
6MD1,B,1,70
6MD1,B,1,71
6MD1,B,1,72
6MD1,B,1,260
6MD1,B,1,261
6MD1,B,1,262
6MD1,B,1,263
6MD1,B,1,274
6MD1,B,1,275
6MD2,A,1,1
6MD2,A,1,2
6MD2,A,1,3
6MD2,A,1,4
6MD2,A,1,38
6MD2,A,1,39
6MD2,A,1,62
6MD2,A,1,63
6MD2,A,1,64
6MD2,A,1,65
6MD2,A,1,66
6MD2,A,1,67
6MD2,A,1,68
6MD2,A,1,69
6MD2,A,1,70
6MD2,A,1,71
6MD2,A,1,72
6MD2,A,1,273
6MD2,A,1,274
6MD2,A,1,275
6MD2,B,1,1
6MD2,B,1,2
6MD2,B,1,3
6MD2,B,1,4
6MD2,B,1,39
6MD2,B,1,40
6MD2,B,1,69
6MD2,B,1,70
6MD2,B,1,71
6MD2,B,1,72
6MD2,B,1,260
6MD2,B,1,261
6MD2,B,1,262
6MD2,B,1,263
6MD2,B,1,264
6MD2,B,1,273
6MD2,B,1,274
6MD2,B,1,275
6MD4,A,1,1
6MD4,A,1,2
6MD4,A,1,3
6MD4,A,1,4
6MD4,A,1,63
6MD4,A,1,64
6MD4,A,1,65
6MD4,A,1,66
6MD4,A,1,67
6MD4,A,1,68
6MD4,A,1,69
6MD4,A,1,70
6MD4,A,1,71
6MD4,A,1,72
6MD4,A,1,273
6MD4,A,1,274
6MD4,A,1,275
6MD4,B,1,1
6MD4,B,1,2
6MD4,B,1,3
6MD4,B,1,4
6MD4,B,1,39
6MD4,B,1,40
6MD4,B,1,41
6MD4,B,1,42
6MD4,B,1,66
6MD4,B,1,67
6MD4,B,1,68
6MD4,B,1,69
6MD4,B,1,70
6MD4,B,1,71
6MD4,B,1,72
6MD4,B,1,73
6MD4,B,1,260
6MD4,B,1,261
6MD4,B,1,262
6MD4,B,1,263
6MD4,B,1,264
6MD4,B,1,273
6MD4,B,1,274
6MD4,B,1,275
6MS7,A,1,62
6MS7,A,1,63
6MS7,A,1,64
6MS7,A,1,65
6MS7,A,1,66
6MS7,A,1,67
6MS7,A,1,68
6MS7,A,1,273
6MS7,A,1,274
6NAD,A,1,222
6NAD,A,1,223
6NAD,A,1,224
6NAD,A,1,225
6NAD,A,1,226
6NAD,A,1,227
6NAD,A,1,228
6NAD,A,1,229
6NAD,A,1,230
6NAD,A,1,231
6NAD,A,1,232
6NAD,A,1,233
6NAD,A,1,234
6NAD,A,1,235
6NAD,A,1,236
6NAD,A,1,237
6NAD,A,1,238
6NAD,A,1,239
6NAD,A,1,240
6NAD,A,1,241
6NAD,A,1,242
6NAD,A,1,243
6NAD,B,1,216
6NAD,B,1,217
6NAD,B,1,218
6NAD,B,1,219
6NAD,B,1,220
6NAD,B,1,221
6NAD,B,1,222
6NAD,B,1,223
6NAD,B,1,224
6NAD,B,1,225
6NAD,B,1,226
6NAD,B,1,227
6NAD,B,1,228
6NAD,B,1,229
6NAD,B,1,230
6NAD,B,1,231
6NAD,B,1,232
6NAD,B,1,233
6NAD,B,1,234
6NAD,B,1,235
6NAD,B,1,236
6NAD,B,1,237
6NAD,B,1,238
6NAD,B,1,239
6NAD,B,1,240
6NAD,B,1,241
6NAD,B,1,242
6NAD,B,1,243
6NWS,A,1,245
6NWS,A,1,246
6NWS,A,1,247
6NWS,A,1,248
6NWS,A,1,249
6NWS,A,1,250
6NWS,A,1,258
6NWS,A,1,259
6NWT,A,1,234
6NWT,A,1,235
6NWT,A,1,236
6NWT,A,1,237
6NWT,A,1,238
6NWT,A,1,239
6NWT,A,1,240
6NWT,A,1,241
6NWT,A,1,242
6NWT,A,1,243
6NWT,A,1,244
6NWT,A,1,245
6NWT,B,1,221
6NWT,B,1,222
6NWT,B,1,223
6NWT,B,1,224
6NWT,B,1,225
6NWT,B,1,226
6NWT,B,1,227
6NWT,B,1,228
6NWT,B,1,229
6NWT,B,1,230
6NX1,A,1,1
6NX1,A,1,2
6NX1,A,1,3
6NX1,A,1,4
6NX1,A,1,5
6NX1,A,1,6
6NX1,A,1,7
6NX1,A,1,8
6NX1,A,1,9
6NX1,A,1,10
6NX1,A,1,11
6NX1,A,1,12
6NX1,A,1,13
6NX1,A,1,14
6NX1,A,1,15
6NX1,A,1,16
6NX1,A,1,17
6NX1,A,1,18
6NX1,A,1,57
6NX1,A,1,58
6NX1,A,1,59
6NX1,A,1,60
6NX1,A,1,61
6NX1,A,1,62
6NX1,A,1,63
6NX1,A,1,64
6NX1,A,1,65
6NX1,A,1,66
6NX1,A,1,67
6NX1,A,1,68
6NX1,A,1,69
6NX1,A,1,70
6NX1,A,1,71
6NX1,A,1,72
6NX1,A,1,191
6NX1,A,1,192
6NX1,A,1,193
6NX1,A,1,311
6NX1,A,1,312
6NX1,A,1,313
6NX1,A,1,314
6NX1,A,1,315
6NX1,A,1,316
6NX1,A,1,317
6NX1,A,1,318
6NX1,A,1,319
6NX1,A,1,320
6NX1,A,1,321
6NX1,A,1,322
6NX1,A,1,338
6NX1,A,1,339
6NX1,A,1,340
6NX1,A,1,341
6NX1,A,1,342
6NX1,A,1,343
6NX1,A,1,344
6NX1,A,1,345
6NX1,A,1,346
6NX1,A,1,347
6NX1,A,1,348
6NX1,A,1,349
6NX1,A,1,350
6NX1,A,1,351
6NX1,B,1,1
6NX1,B,1,2
6NX1,B,1,3
6NX1,B,1,4
6NX1,B,1,5
6NX1,B,1,6
6NX1,B,1,7
6NX1,B,1,8
6NX1,B,1,9
6NX1,B,1,10
6NX1,B,1,11
6NX1,B,1,12
6NX1,B,1,13
6NX1,B,1,14
6NX1,B,1,15
6NX1,B,1,16
6NX1,B,1,17
6NX1,B,1,18
6NX1,B,1,19
6NX1,B,1,57
6NX1,B,1,58
6NX1,B,1,59
6NX1,B,1,60
6NX1,B,1,61
6NX1,B,1,62
6NX1,B,1,63
6NX1,B,1,64
6NX1,B,1,65
6NX1,B,1,66
6NX1,B,1,67
6NX1,B,1,68
6NX1,B,1,69
6NX1,B,1,311
6NX1,B,1,312
6NX1,B,1,313
6NX1,B,1,314
6NX1,B,1,315
6NX1,B,1,316
6NX1,B,1,317
6NX1,B,1,318
6NX1,B,1,319
6NX1,B,1,320
6NX1,B,1,321
6NX1,B,1,322
6NX1,B,1,323
6NX1,B,1,340
6NX1,B,1,341
6NX1,B,1,342
6NX1,B,1,343
6NX1,B,1,344
6NX1,B,1,345
6NX1,B,1,346
6NX1,B,1,347
6NX1,B,1,348
6NX1,B,1,349
6NX1,B,1,350
6NX1,B,1,351
6O3Z,A,1,1
6O3Z,A,1,2
6O3Z,A,1,3
6O3Z,A,1,4
6O3Z,A,1,5
6O3Z,A,1,6
6O3Z,A,1,7
6O3Z,A,1,8
6O3Z,A,1,9
6O3Z,A,1,10
6O3Z,A,1,256
6O3Z,A,1,257
6O3Z,A,1,258
6O3Z,A,1,259
6O3Z,A,1,270
6O67,A,1,1
6O67,A,1,2
6O67,A,1,3
6O67,A,1,4
6O67,A,1,62
6O67,A,1,63
6O67,A,1,64
6O67,A,1,65
6O67,A,1,66
6O67,A,1,67
6O67,A,1,68
6O67,A,1,69
6O67,A,1,70
6O67,A,1,71
6O67,A,1,72
6O67,A,1,273
6O67,A,1,274
6O67,A,1,275
6O67,B,1,1
6O67,B,1,2
6O67,B,1,3
6O67,B,1,4
6O67,B,1,40
6O67,B,1,41
6O67,B,1,66
6O67,B,1,67
6O67,B,1,68
6O67,B,1,69
6O67,B,1,70
6O67,B,1,71
6O67,B,1,72
6O67,B,1,259
6O67,B,1,260
6O67,B,1,261
6O67,B,1,262
6O67,B,1,263
6O67,B,1,273
6O67,B,1,274
6O67,B,1,275
6O68,A,1,1
6O68,A,1,2
6O68,A,1,3
6O68,A,1,4
6O68,A,1,63
6O68,A,1,64
6O68,A,1,65
6O68,A,1,66
6O68,A,1,67
6O68,A,1,68
6O68,A,1,69
6O68,A,1,70
6O68,A,1,71
6O68,A,1,275
6O68,B,1,1
6O68,B,1,2
6O68,B,1,3
6O68,B,1,4
6O68,B,1,65
6O68,B,1,66
6O68,B,1,67
6O68,B,1,68
6O68,B,1,69
6O68,B,1,70
6O68,B,1,71
6O68,B,1,260
6O68,B,1,261
6O68,B,1,262
6O68,B,1,263
6O68,B,1,275
6O98,A,1,1
6O98,A,1,2
6O98,A,1,3
6O98,A,1,4
6O98,A,1,5
6O98,A,1,6
6O98,A,1,7
6O98,A,1,8
6O98,A,1,9
6O98,A,1,10
6O98,A,1,11
6O98,A,1,12
6O98,A,1,13
6O98,A,1,14
6O98,A,1,15
6O98,A,1,16
6O98,A,1,17
6O98,A,1,18
6O98,A,1,19
6O98,A,1,20
6O98,A,1,21
6O98,A,1,245
6O98,A,1,246
6O98,A,1,247
6O98,A,1,248
6O98,A,1,249
6O98,A,1,250
6O98,A,1,251
6O98,A,1,252
6O98,A,1,253
6O98,A,1,254
6O98,A,1,255
6O98,A,1,256
6O98,A,1,257
6O98,A,1,258
6O98,A,1,259
6O98,A,1,260
6O98,A,1,261
6O98,A,1,262
6O98,A,1,263
6O98,A,1,264
6O98,A,1,265
6O98,B,1,1
6O98,B,1,2
6O98,B,1,3
6O98,B,1,4
6O98,B,1,5
6O98,B,1,6
6O98,B,1,7
6O98,B,1,8
6O98,B,1,9
6O98,B,1,10
6O98,B,1,11
6O98,B,1,12
6O98,B,1,13
6O98,B,1,14
6O98,B,1,15
6O98,B,1,16
6O98,B,1,17
6O98,B,1,18
6O98,B,1,19
6O98,B,1,20
6O98,B,1,244
6O98,B,1,245
6O98,B,1,246
6O98,B,1,247
6O98,B,1,248
6O98,B,1,249
6O98,B,1,250
6O98,B,1,251
6O98,B,1,252
6O98,B,1,253
6O98,B,1,254
6O98,B,1,255
6O98,B,1,256
6O98,B,1,257
6O98,B,1,258
6O98,B,1,259
6O98,B,1,260
6O98,B,1,261
6O98,B,1,262
6O98,B,1,263
6O98,B,1,264
6O98,B,1,265
6ONI,A,1,59
6ONI,A,1,60
6ONI,A,1,61
6ONI,A,1,62
6ONI,A,1,63
6ONI,A,1,64
6ONI,A,1,65
6ONI,A,1,66
6ONI,A,1,67
6ONI,A,1,68
6ONI,A,1,69
6ONI,A,1,70
6ONI,A,1,71
6ONI,A,1,72
6ONI,B,1,1
6ONI,B,1,2
6ONI,B,1,3
6ONI,B,1,4
6ONI,B,1,18
6ONI,B,1,19
6ONI,B,1,20
6ONI,B,1,21
6ONI,B,1,22
6ONI,B,1,23
6ONJ,A,1,1
6ONJ,A,1,2
6ONJ,A,1,3
6ONJ,A,1,4
6ONJ,A,1,37
6ONJ,A,1,38
6ONJ,A,1,39
6ONJ,A,1,40
6ONJ,A,1,41
6ONJ,A,1,42
6ONJ,A,1,61
6ONJ,A,1,62
6ONJ,A,1,69
6ONJ,A,1,70
6ONJ,A,1,71
6ONJ,A,1,72
6ONJ,A,1,73
6ONJ,B,1,15
6ONJ,B,1,16
6ONJ,B,1,17
6ONJ,B,1,18
6ONJ,B,1,19
6OQX,A,1,1
6OQX,A,1,2
6OQX,A,1,3
6OQX,A,1,243
6OQX,A,1,244
6OQX,A,1,245
6OQX,B,1,1
6OQX,B,1,2
6OQX,B,1,14
6OQX,B,1,15
6OQY,A,1,1
6OQY,A,1,2
6OQY,A,1,3
6OQY,A,1,42
6OQY,A,1,43
6OQY,A,1,243
6OQY,A,1,244
6OQY,A,1,245
6OQY,B,1,1
6OQY,B,1,2
6OQY,B,1,14
6OQY,B,1,15
6OR1,A,1,1
6OR1,A,1,2
6OR1,A,1,3
6OR1,A,1,41
6OR1,A,1,42
6OR1,A,1,231
6OR1,A,1,232
6OR1,A,1,243
6OR1,A,1,244
6OR1,A,1,245
6OR1,B,1,1
6OR1,B,1,2
6OR1,B,1,14
6OR1,B,1,15
6OWC,A,1,1
6OWC,A,1,2
6OWC,A,1,3
6OWC,A,1,4
6OWC,A,1,5
6OWC,A,1,6
6OWC,A,1,7
6OWC,A,1,8
6OWC,A,1,38
6OWC,A,1,39
6OWC,A,1,165
6OWC,A,1,166
6OWC,A,1,167
6OWC,A,1,168
6OWC,A,1,169
6OWC,A,1,170
6OWC,A,1,171
6OWC,A,1,172
6OWC,A,1,251
6OWC,A,1,252
6OWC,A,1,253
6OWC,A,1,254
6OWC,A,1,255
6OWC,A,1,256
6OWC,A,1,257
6OWC,A,1,258
6OWC,B,1,1
6OWC,B,1,2
6OWC,B,1,3
6OWC,B,1,236
6OWC,B,1,237
6OWC,B,1,238
6OWC,B,1,239
6OWC,B,1,240
6OWC,B,1,251
6OWC,B,1,252
6OWC,B,1,253
6OWC,B,1,254
6OWC,B,1,255
6OWC,B,1,256
6OWC,B,1,257
6OWC,B,1,258
6P2B,A,1,1
6P2B,A,1,2
6P2B,A,1,3
6P2B,A,1,4
6P2B,A,1,5
6P2B,A,1,6
6P2B,A,1,7
6P2B,A,1,8
6P2B,A,1,9
6P2B,A,1,10
6P2B,A,1,11
6P2B,A,1,12
6P2B,A,1,13
6P2B,A,1,14
6P2B,A,1,15
6P2B,A,1,16
6P2B,A,1,17
6P2B,A,1,18
6P2B,A,1,19
6P2B,A,1,20
6P2B,A,1,21
6P2B,A,1,22
6P2B,A,1,23
6P2B,A,1,60
6P2B,A,1,61
6P2B,A,1,62
6P2B,A,1,63
6P2B,A,1,64
6P2B,A,1,65
6P2B,A,1,66
6P2B,A,1,67
6P2B,A,1,68
6P2B,A,1,69
6P2B,A,1,70
6P2B,A,1,71
6P2B,A,1,72
6P2B,A,1,192
6P2B,A,1,193
6P2B,A,1,194
6P2B,A,1,195
6P2B,A,1,196
6P2B,A,1,315
6P2B,A,1,316
6P2B,A,1,317
6P2B,A,1,318
6P2B,A,1,319
6P2B,A,1,320
6P2B,A,1,321
6P2B,A,1,322
6P2B,A,1,323
6P2B,A,1,324
6P2B,A,1,341
6P2B,A,1,342
6P2B,A,1,343
6P2B,A,1,344
6P2B,B,1,1
6P2B,B,1,2
6P2B,B,1,3
6P2B,B,1,4
6P2B,B,1,5
6P2B,B,1,6
6P2B,B,1,7
6P2B,B,1,8
6P2B,B,1,9
6P2B,B,1,10
6P2B,B,1,11
6P2B,B,1,12
6P2B,B,1,13
6P2B,B,1,14
6P2B,B,1,15
6P2B,B,1,16
6P2B,B,1,17
6P2B,B,1,18
6P2B,B,1,19
6P2B,B,1,20
6P2B,B,1,21
6P2B,B,1,22
6P2B,B,1,23
6P2B,B,1,24
6P2B,B,1,60
6P2B,B,1,61
6P2B,B,1,62
6P2B,B,1,63
6P2B,B,1,64
6P2B,B,1,65
6P2B,B,1,66
6P2B,B,1,67
6P2B,B,1,68
6P2B,B,1,69
6P2B,B,1,70
6P2B,B,1,71
6P2B,B,1,72
6P2B,B,1,73
6P2B,B,1,74
6P2B,B,1,75
6P2B,B,1,76
6P2B,B,1,77
6P2B,B,1,78
6P2B,B,1,79
6P2B,B,1,192
6P2B,B,1,193
6P2B,B,1,194
6P2B,B,1,195
6P2B,B,1,196
6P2B,B,1,314
6P2B,B,1,315
6P2B,B,1,316
6P2B,B,1,317
6P2B,B,1,318
6P2B,B,1,319
6P2B,B,1,320
6P2B,B,1,321
6P2B,B,1,322
6P2B,B,1,323
6P2B,B,1,324
6P2B,B,1,325
6P2B,B,1,326
6P2B,B,1,343
6P2B,B,1,344
6P9F,A,1,1
6P9F,A,1,2
6P9F,A,1,3
6P9F,A,1,4
6P9F,A,1,5
6P9F,A,1,6
6P9F,A,1,7
6P9F,A,1,8
6P9F,A,1,9
6P9F,A,1,10
6P9F,A,1,11
6P9F,A,1,12
6P9F,A,1,13
6P9F,A,1,14
6P9F,A,1,15
6P9F,A,1,16
6P9F,A,1,17
6P9F,A,1,18
6P9F,A,1,19
6P9F,A,1,20
6P9F,A,1,266
6P9F,A,1,267
6P9F,A,1,268
6P9F,A,1,269
6P9F,A,1,270
6P9F,A,1,271
6P9F,A,1,272
6P9F,B,1,1
6P9F,B,1,2
6P9F,B,1,3
6P9F,B,1,4
6P9F,B,1,5
6P9F,B,1,6
6P9F,B,1,7
6P9F,B,1,8
6P9F,B,1,9
6P9F,B,1,10
6P9F,B,1,11
6P9F,B,1,12
6P9F,B,1,13
6P9F,B,1,14
6P9F,B,1,15
6P9F,B,1,16
6P9F,B,1,17
6P9F,B,1,18
6P9F,B,1,19
6P9F,B,1,20
6P9F,B,1,21
6P9F,B,1,266
6P9F,B,1,267
6P9F,B,1,268
6P9F,B,1,269
6P9F,B,1,270
6P9F,B,1,271
6P9F,B,1,272
6PDZ,A,1,60
6PDZ,A,1,61
6PDZ,A,1,62
6PDZ,A,1,63
6PDZ,A,1,64
6PDZ,A,1,65
6PDZ,A,1,66
6PDZ,A,1,67
6PDZ,A,1,68
6PDZ,A,1,69
6PDZ,A,1,70
6PDZ,A,1,71
6PDZ,A,1,72
6PDZ,B,1,1
6PDZ,B,1,15
6PDZ,B,1,16
6PDZ,B,1,17
6PDZ,B,1,18
6PDZ,B,1,19
6PDZ,B,1,20
6PDZ,B,1,21
6PDZ,B,1,22
6PDZ,C,1,1
6PDZ,C,1,2
6PDZ,C,1,3
6PDZ,C,1,4
6PDZ,C,1,66
6PDZ,C,1,67
6PDZ,C,1,68
6PDZ,C,1,69
6PDZ,C,1,70
6PDZ,C,1,71
6PDZ,C,1,72
6PDZ,C,1,73
6PDZ,C,1,74
6PDZ,C,1,75
6PDZ,C,1,258
6PDZ,C,1,259
6PDZ,C,1,260
6PDZ,C,1,261
6PDZ,C,1,262
6PDZ,D,1,1
6PDZ,D,1,2
6PDZ,D,1,15
6PDZ,D,1,16
6PDZ,D,1,17
6PDZ,D,1,18
6PDZ,D,1,19
6PDZ,D,1,20
6PDZ,D,1,21
6PDZ,D,1,22
6PET,A,1,1
6PET,A,1,2
6PET,A,1,3
6PET,A,1,4
6PET,A,1,5
6PET,A,1,6
6PET,A,1,7
6PET,A,1,8
6PET,A,1,9
6PET,A,1,10
6PET,A,1,11
6PET,A,1,12
6PET,A,1,13
6PET,A,1,14
6PET,A,1,15
6PET,A,1,16
6PET,A,1,17
6PET,A,1,18
6PET,A,1,19
6PET,A,1,20
6PET,A,1,21
6PET,A,1,22
6PET,A,1,23
6PET,A,1,24
6PET,A,1,25
6PET,A,1,26
6PET,A,1,27
6PET,A,1,28
6PET,A,1,29
6PET,A,1,30
6PET,A,1,31
6PET,A,1,32
6PET,A,1,189
6PET,A,1,190
6PET,A,1,191
6PET,A,1,274
6PET,A,1,275
6PET,A,1,276
6PET,A,1,277
6PET,A,1,278
6PET,A,1,279
6PET,A,1,280
6PET,B,1,1
6PET,B,1,2
6PET,B,1,3
6PET,B,1,4
6PET,B,1,5
6PET,B,1,6
6PET,B,1,7
6PET,B,1,8
6PET,B,1,9
6PET,B,1,10
6PET,B,1,11
6PET,B,1,12
6PET,B,1,13
6PET,B,1,14
6PET,B,1,15
6PET,B,1,16
6PET,B,1,17
6PET,B,1,18
6PET,B,1,19
6PET,B,1,20
6PET,B,1,21
6PET,B,1,22
6PET,B,1,23
6PET,B,1,24
6PET,B,1,25
6PET,B,1,26
6PET,B,1,27
6PET,B,1,28
6PET,B,1,29
6PET,B,1,30
6PET,B,1,31
6PET,B,1,32
6PET,B,1,58
6PET,B,1,59
6PET,B,1,60
6PET,B,1,61
6PET,B,1,62
6PET,B,1,63
6PET,B,1,64
6PET,B,1,65
6PET,B,1,66
6PET,B,1,67
6PET,B,1,188
6PET,B,1,189
6PET,B,1,190
6PET,B,1,191
6PET,B,1,254
6PET,B,1,255
6PET,B,1,256
6PET,B,1,257
6PET,B,1,258
6PET,B,1,259
6PET,B,1,273
6PET,B,1,274
6PET,B,1,275
6PET,B,1,276
6PET,B,1,277
6PET,B,1,278
6PET,B,1,279
6PET,B,1,280
6PET,C,1,1
6PET,C,1,2
6PET,C,1,3
6PET,C,1,4
6PET,C,1,5
6PET,C,1,6
6PET,C,1,7
6PET,C,1,8
6PET,C,1,9
6PET,C,1,10
6PET,C,1,11
6PET,C,1,12
6PET,C,1,13
6PET,C,1,14
6PET,C,1,15
6PET,C,1,16
6PET,C,1,17
6PET,C,1,18
6PET,C,1,19
6PET,C,1,20
6PET,C,1,21
6PET,C,1,22
6PET,C,1,23
6PET,C,1,24
6PET,C,1,25
6PET,C,1,26
6PET,C,1,27
6PET,C,1,28
6PET,C,1,29
6PET,C,1,30
6PET,C,1,31
6PET,C,1,32
6PET,C,1,189
6PET,C,1,190
6PET,C,1,191
6PET,C,1,275
6PET,C,1,276
6PET,C,1,277
6PET,C,1,278
6PET,C,1,279
6PET,C,1,280
6PET,D,1,1
6PET,D,1,2
6PET,D,1,3
6PET,D,1,4
6PET,D,1,5
6PET,D,1,6
6PET,D,1,7
6PET,D,1,8
6PET,D,1,9
6PET,D,1,10
6PET,D,1,11
6PET,D,1,12
6PET,D,1,13
6PET,D,1,14
6PET,D,1,15
6PET,D,1,16
6PET,D,1,17
6PET,D,1,18
6PET,D,1,19
6PET,D,1,20
6PET,D,1,21
6PET,D,1,22
6PET,D,1,23
6PET,D,1,24
6PET,D,1,25
6PET,D,1,26
6PET,D,1,27
6PET,D,1,28
6PET,D,1,29
6PET,D,1,30
6PET,D,1,31
6PET,D,1,32
6PET,D,1,62
6PET,D,1,63
6PET,D,1,64
6PET,D,1,65
6PET,D,1,66
6PET,D,1,67
6PET,D,1,189
6PET,D,1,190
6PET,D,1,191
6PET,D,1,257
6PET,D,1,258
6PET,D,1,259
6PET,D,1,260
6PET,D,1,261
6PET,D,1,272
6PET,D,1,273
6PET,D,1,274
6PET,D,1,275
6PET,D,1,276
6PET,D,1,277
6PET,D,1,278
6PET,D,1,279
6PET,D,1,280
6PFM,A,1,1
6PFM,A,1,2
6PFM,A,1,3
6PFM,A,1,4
6PFM,A,1,5
6PFM,A,1,6
6PFM,A,1,7
6PFM,A,1,8
6PFM,A,1,9
6PFM,A,1,10
6PFM,A,1,11
6PFM,A,1,12
6PFM,A,1,13
6PFM,A,1,14
6PFM,A,1,15
6PFM,A,1,16
6PFM,A,1,17
6PFM,A,1,18
6PFM,A,1,19
6PFM,A,1,20
6PFM,A,1,21
6PFM,A,1,22
6PFM,A,1,23
6PFM,A,1,24
6PFM,A,1,25
6PFM,A,1,26
6PFM,A,1,27
6PFM,A,1,28
6PFM,A,1,29
6PFM,A,1,30
6PFM,A,1,31
6PFM,A,1,32
6PFM,A,1,33
6PFM,A,1,188
6PFM,A,1,189
6PFM,A,1,190
6PFM,A,1,191
6PFM,A,1,273
6PFM,A,1,274
6PFM,A,1,275
6PFM,A,1,276
6PFM,A,1,277
6PFM,A,1,278
6PFM,A,1,279
6PFM,A,1,280
6PFM,B,1,1
6PFM,B,1,2
6PFM,B,1,3
6PFM,B,1,4
6PFM,B,1,5
6PFM,B,1,6
6PFM,B,1,7
6PFM,B,1,8
6PFM,B,1,9
6PFM,B,1,10
6PFM,B,1,11
6PFM,B,1,12
6PFM,B,1,13
6PFM,B,1,14
6PFM,B,1,15
6PFM,B,1,16
6PFM,B,1,17
6PFM,B,1,18
6PFM,B,1,19
6PFM,B,1,20
6PFM,B,1,21
6PFM,B,1,22
6PFM,B,1,23
6PFM,B,1,24
6PFM,B,1,25
6PFM,B,1,26
6PFM,B,1,27
6PFM,B,1,28
6PFM,B,1,29
6PFM,B,1,30
6PFM,B,1,31
6PFM,B,1,32
6PFM,B,1,33
6PFM,B,1,258
6PFM,B,1,259
6PFM,B,1,260
6PFM,B,1,261
6PFM,B,1,262
6PFM,B,1,263
6PFM,B,1,264
6PFM,B,1,265
6PFM,B,1,266
6PFM,B,1,267
6PFM,B,1,268
6PFM,B,1,269
6PFM,B,1,270
6PFM,B,1,271
6PFM,B,1,272
6PFM,B,1,273
6PFM,B,1,274
6PFM,B,1,275
6PFM,B,1,276
6PFM,B,1,277
6PFM,B,1,278
6PFM,B,1,279
6PFM,B,1,280
6PIT,A,1,1
6PIT,A,1,2
6PIT,A,1,3
6PIT,A,1,4
6PIT,A,1,5
6PIT,A,1,6
6PIT,A,1,7
6PIT,A,1,8
6PIT,A,1,9
6PIT,A,1,10
6PIT,A,1,11
6PIT,A,1,12
6PIT,A,1,13
6PIT,A,1,14
6PIT,A,1,38
6PIT,A,1,39
6PIT,A,1,40
6PIT,A,1,41
6PIT,A,1,42
6PIT,A,1,43
6PIT,A,1,44
6PIT,A,1,45
6PIT,A,1,46
6PIT,A,1,47
6PIT,A,1,127
6PIT,A,1,128
6PIT,A,1,169
6PIT,A,1,170
6PIT,A,1,171
6PIT,A,1,172
6PIT,A,1,238
6PIT,A,1,239
6PIT,A,1,240
6PIT,A,1,241
6PIT,A,1,256
6PIT,A,1,257
6PIT,A,1,258
6PIT,A,1,259
6PIT,A,1,260
6PIT,A,1,261
6PIT,A,1,262
6PIT,B,1,1
6PIT,B,1,2
6PIT,B,1,3
6PIT,B,1,4
6PIT,B,1,5
6PIT,B,1,6
6PIT,B,1,7
6PIT,B,1,8
6PIT,B,1,9
6PIT,B,1,10
6PIT,B,1,11
6PIT,B,1,12
6PIT,B,1,13
6PIT,B,1,14
6PIT,B,1,15
6PIT,B,1,39
6PIT,B,1,40
6PIT,B,1,41
6PIT,B,1,42
6PIT,B,1,43
6PIT,B,1,44
6PIT,B,1,45
6PIT,B,1,46
6PIT,B,1,47
6PIT,B,1,48
6PIT,B,1,169
6PIT,B,1,170
6PIT,B,1,171
6PIT,B,1,172
6PIT,B,1,173
6PIT,B,1,174
6PIT,B,1,175
6PIT,B,1,176
6PIT,B,1,177
6PIT,B,1,178
6PIT,B,1,179
6PIT,B,1,180
6PIT,B,1,256
6PIT,B,1,257
6PIT,B,1,258
6PIT,B,1,259
6PIT,B,1,260
6PIT,B,1,261
6PIT,B,1,262
6PIT,C,1,1
6PIT,C,1,2
6PIT,C,1,11
6PIT,C,1,12
6PIT,D,1,1
6PIT,D,1,2
6PIT,D,1,3
6PIT,D,1,4
6PIT,D,1,5
6PIT,D,1,6
6PIT,D,1,10
6PIT,D,1,11
6PIT,D,1,12
6PSJ,A,1,1
6PSJ,A,1,2
6PSJ,A,1,3
6PSJ,A,1,4
6PSJ,A,1,5
6PSJ,A,1,6
6PSJ,A,1,7
6PSJ,A,1,8
6PSJ,A,1,9
6PSJ,A,1,10
6PSJ,A,1,11
6PSJ,A,1,12
6PSJ,A,1,13
6PSJ,A,1,14
6PSJ,A,1,39
6PSJ,A,1,40
6PSJ,A,1,41
6PSJ,A,1,42
6PSJ,A,1,43
6PSJ,A,1,44
6PSJ,A,1,45
6PSJ,A,1,46
6PSJ,A,1,47
6PSJ,A,1,48
6PSJ,A,1,238
6PSJ,A,1,239
6PSJ,A,1,259
6PSJ,A,1,260
6PSJ,A,1,261
6PSJ,A,1,262
6PSJ,B,1,1
6PSJ,B,1,2
6PSJ,B,1,3
6PSJ,B,1,4
6PSJ,B,1,5
6PSJ,B,1,6
6PSJ,B,1,7
6PSJ,B,1,8
6PSJ,B,1,9
6PSJ,B,1,10
6PSJ,B,1,11
6PSJ,B,1,12
6PSJ,B,1,13
6PSJ,B,1,14
6PSJ,B,1,39
6PSJ,B,1,40
6PSJ,B,1,41
6PSJ,B,1,42
6PSJ,B,1,43
6PSJ,B,1,44
6PSJ,B,1,45
6PSJ,B,1,46
6PSJ,B,1,47
6PSJ,B,1,48
6PSJ,B,1,168
6PSJ,B,1,169
6PSJ,B,1,170
6PSJ,B,1,171
6PSJ,B,1,172
6PSJ,B,1,173
6PSJ,B,1,174
6PSJ,B,1,175
6PSJ,B,1,176
6PSJ,B,1,177
6PSJ,B,1,178
6PSJ,B,1,179
6PSJ,B,1,236
6PSJ,B,1,237
6PSJ,B,1,254
6PSJ,B,1,255
6PSJ,B,1,256
6PSJ,B,1,257
6PSJ,B,1,258
6PSJ,B,1,259
6PSJ,B,1,260
6PSJ,B,1,261
6PSJ,B,1,262
6Q2W,B,1,221
6Q6M,A,1,1
6Q6M,A,1,2
6Q6M,A,1,3
6Q6M,A,1,230
6Q6M,A,1,231
6Q6M,A,1,232
6Q6M,A,1,233
6Q6M,A,1,234
6Q6M,A,1,235
6Q6M,A,1,236
6Q6M,A,1,237
6Q6M,A,1,238
6Q6O,A,1,1
6Q6O,A,1,2
6Q6O,A,1,3
6Q6O,A,1,230
6Q6O,A,1,231
6Q6O,A,1,232
6Q6O,A,1,233
6Q6O,A,1,234
6Q6O,A,1,235
6Q6O,A,1,236
6Q6O,A,1,237
6Q6O,A,1,238
6Q7A,A,1,1
6Q7A,A,1,2
6Q7A,A,1,3
6Q7A,A,1,232
6Q7A,A,1,233
6Q7A,A,1,234
6Q7A,A,1,235
6Q7A,A,1,236
6Q7A,A,1,237
6Q7A,A,1,238
6Q7H,A,1,1
6Q7H,A,1,2
6Q7H,A,1,3
6Q7H,A,1,4
6Q7H,A,1,5
6Q7H,A,1,231
6Q7H,A,1,232
6Q7H,A,1,233
6Q7H,A,1,234
6Q7H,A,1,235
6Q7H,A,1,236
6Q7H,A,1,237
6Q7H,A,1,238
6QJ5,A,1,1
6QJ5,A,1,2
6QJ5,A,1,3
6QJ5,A,1,4
6QJ5,A,1,5
6QJ5,A,1,6
6QJ5,A,1,7
6QJ5,A,1,8
6QJ5,A,1,9
6QJ5,A,1,10
6QJ5,A,1,11
6QJ5,A,1,12
6QJ5,A,1,13
6QJ5,A,1,14
6QJ5,A,1,15
6QJ5,A,1,16
6QJ5,A,1,17
6QJ5,A,1,18
6QJ5,A,1,19
6QJ5,A,1,20
6QJ5,A,1,21
6QJ5,A,1,22
6QJ5,A,1,23
6QJ5,A,1,24
6QJ5,A,1,25
6QJ5,A,1,26
6QJ5,A,1,27
6QJ5,A,1,28
6QJ5,A,1,29
6QJ5,A,1,30
6QJ5,A,1,31
6QJ5,A,1,32
6QJ5,A,1,33
6QJ5,A,1,86
6QJ5,A,1,87
6QJ5,A,1,88
6QJ5,A,1,89
6QJ5,A,1,90
6QJ5,A,1,91
6QJ5,A,1,92
6QJ5,A,1,93
6QJ5,A,1,94
6QJ5,A,1,95
6QJ5,A,1,96
6QJ5,A,1,97
6QJ5,A,1,98
6QJ5,A,1,99
6QJ5,A,1,100
6QJ5,A,1,101
6QJ5,A,1,102
6QJ5,A,1,302
6QJ5,A,1,303
6QJ5,A,1,304
6QJ5,B,1,1
6QJ5,B,1,2
6QJ5,B,1,3
6QJ5,B,1,4
6QJ5,B,1,5
6QJ5,B,1,6
6QJ5,B,1,7
6QJ5,B,1,8
6QJ5,B,1,9
6QJ5,B,1,10
6QJ5,B,1,11
6QJ5,B,1,12
6QJ5,B,1,13
6QJ5,B,1,14
6QJ5,B,1,15
6QJ5,B,1,16
6QJ5,B,1,17
6QJ5,B,1,18
6QJ5,B,1,19
6QJ5,B,1,20
6QJ5,B,1,21
6QJ5,B,1,22
6QJ5,B,1,23
6QJ5,B,1,24
6QJ5,B,1,25
6QJ5,B,1,26
6QJ5,B,1,27
6QJ5,B,1,28
6QJ5,B,1,29
6QJ5,B,1,30
6QJ5,B,1,31
6QJ5,B,1,32
6QJ5,B,1,33
6QJ5,B,1,85
6QJ5,B,1,86
6QJ5,B,1,87
6QJ5,B,1,88
6QJ5,B,1,89
6QJ5,B,1,90
6QJ5,B,1,91
6QJ5,B,1,92
6QJ5,B,1,93
6QJ5,B,1,94
6QJ5,B,1,95
6QJ5,B,1,96
6QJ5,B,1,97
6QJ5,B,1,98
6QJ5,B,1,99
6QJ5,B,1,100
6QJ5,B,1,101
6QJ5,B,1,102
6QJ5,B,1,184
6QJ5,B,1,301
6QJ5,B,1,302
6QJ5,B,1,303
6QJ5,B,1,304
6R7A,A,1,1
6R7A,A,1,2
6R7A,A,1,3
6R7A,A,1,4
6R7A,A,1,5
6R7A,A,1,6
6R7A,A,1,7
6R7A,A,1,8
6R7A,A,1,9
6R7A,A,1,10
6R7A,A,1,11
6R7A,A,1,12
6R7A,A,1,13
6R7A,A,1,14
6R7A,A,1,15
6R7A,A,1,267
6R7A,A,1,268
6R7A,A,1,269
6R7A,A,1,270
6R7A,A,1,271
6R7A,A,1,272
6R7A,A,1,273
6R7A,A,1,274
6R7A,A,1,275
6R7A,A,1,276
6R7A,A,1,277
6R7A,A,1,278
6R7A,A,1,279
6R7A,A,1,280
6R7A,A,1,281
6R7A,A,1,282
6R7A,A,1,283
6R7A,B,1,1
6R7A,B,1,2
6R7A,B,1,15
6R7J,A,1,1
6R7J,A,1,2
6R7J,A,1,3
6R7J,A,1,4
6R7J,A,1,5
6R7J,A,1,6
6R7J,A,1,7
6R7J,A,1,8
6R7J,A,1,9
6R7J,A,1,10
6R7J,A,1,11
6R7J,A,1,12
6R7J,A,1,13
6R7J,A,1,14
6R7J,A,1,15
6R7J,A,1,268
6R7J,A,1,269
6R7J,A,1,270
6R7J,A,1,271
6R7J,A,1,272
6R7J,A,1,273
6R7J,A,1,274
6R7J,A,1,275
6R7J,A,1,276
6R7J,A,1,277
6R7J,A,1,278
6R7J,A,1,279
6R7J,A,1,280
6R7J,A,1,281
6R7J,A,1,282
6R7J,A,1,283
6R7J,B,1,1
6R7J,B,1,2
6R7J,B,1,15
6R7K,A,1,1
6R7K,A,1,2
6R7K,A,1,3
6R7K,A,1,4
6R7K,A,1,5
6R7K,A,1,6
6R7K,A,1,7
6R7K,A,1,8
6R7K,A,1,9
6R7K,A,1,10
6R7K,A,1,11
6R7K,A,1,12
6R7K,A,1,13
6R7K,A,1,14
6R7K,A,1,15
6R7K,A,1,268
6R7K,A,1,269
6R7K,A,1,270
6R7K,A,1,271
6R7K,A,1,272
6R7K,A,1,273
6R7K,A,1,274
6R7K,A,1,275
6R7K,A,1,276
6R7K,A,1,277
6R7K,A,1,278
6R7K,A,1,279
6R7K,A,1,280
6R7K,A,1,281
6R7K,A,1,282
6R7K,A,1,283
6R7K,B,1,1
6R7K,B,1,2
6R7K,B,1,15
6S41,A,1,1
6S41,A,1,2
6S41,A,1,3
6S41,A,1,4
6S41,A,1,5
6S41,A,1,41
6S41,A,1,42
6S41,A,1,43
6S41,A,1,44
6S41,A,1,45
6S41,A,1,46
6S41,A,1,47
6S41,A,1,48
6S41,A,1,49
6S41,A,1,50
6S41,A,1,51
6S41,A,1,52
6S41,A,1,53
6S41,A,1,54
6S41,A,1,55
6S41,A,1,56
6S41,A,1,175
6S41,A,1,176
6S41,A,1,177
6S41,A,1,178
6S41,A,1,179
6S41,A,1,296
6S41,A,1,297
6S41,A,1,298
6S41,A,1,299
6S41,A,1,300
6S41,A,1,301
6S41,A,1,302
6S41,A,1,303
6S41,A,1,304
6S41,A,1,305
6S41,A,1,306
6S41,A,1,322
6S41,A,1,323
6S41,B,1,42
6S41,B,1,43
6S41,B,1,44
6S41,B,1,45
6S41,B,1,46
6S41,B,1,47
6S41,B,1,48
6S41,B,1,49
6S41,B,1,50
6S41,B,1,51
6S41,B,1,52
6S41,B,1,53
6S41,B,1,54
6S41,B,1,55
6S41,B,1,56
6S41,B,1,174
6S41,B,1,175
6S41,B,1,176
6S41,B,1,295
6S41,B,1,296
6S41,B,1,297
6S41,B,1,298
6S41,B,1,299
6S41,B,1,300
6S41,B,1,301
6S41,B,1,302
6S41,B,1,303
6S41,B,1,304
6S41,B,1,305
6S41,B,1,306
6S4N,A,1,1
6S4N,A,1,2
6S4N,A,1,38
6S4N,A,1,39
6S4N,A,1,40
6S4N,A,1,41
6S4N,A,1,42
6S4N,A,1,43
6S4N,A,1,244
6S4N,A,1,245
6S4N,B,1,1
6S4N,B,1,2
6S4N,B,1,28
6S4N,B,1,29
6S4N,B,1,30
6S4N,B,1,31
6S4N,B,1,33
6S4N,B,1,244
6S4N,B,1,245
6S4N,C,1,1
6S4N,C,1,2
6S4N,C,1,29
6S4N,C,1,30
6S4N,C,1,40
6S4N,C,1,41
6S4N,C,1,42
6S4N,C,1,43
6S4N,C,1,44
6S4N,C,1,45
6S4N,C,1,244
6S4N,C,1,245
6S4N,D,1,1
6S4N,D,1,2
6S4N,D,1,29
6S4N,D,1,30
6S4N,D,1,31
6S4N,D,1,32
6S4N,D,1,33
6S4N,D,1,34
6S4N,D,1,35
6S4N,D,1,36
6S4N,D,1,37
6S4N,D,1,38
6S4N,D,1,39
6S4N,D,1,40
6S4N,D,1,41
6S4N,D,1,42
6S4N,D,1,43
6S4N,D,1,44
6S4N,D,1,45
6S4N,D,1,244
6S4N,D,1,245
6S4T,A,1,1
6S4T,A,1,2
6S4T,A,1,29
6S4T,A,1,30
6S4T,A,1,31
6S4T,A,1,244
6S4T,A,1,245
6S4U,A,1,1
6S4U,A,1,2
6S4U,A,1,38
6S4U,A,1,39
6S4U,A,1,40
6S4U,A,1,41
6S4U,A,1,42
6S4U,A,1,244
6S4U,A,1,245
6S4U,B,1,1
6S4U,B,1,2
6S4U,B,1,38
6S4U,B,1,39
6S4U,B,1,40
6S4U,B,1,41
6S4U,B,1,42
6S4U,B,1,43
6S4U,B,1,44
6S4U,B,1,45
6S4U,B,1,244
6S4U,B,1,245
6S4U,C,1,1
6S4U,C,1,28
6S4U,C,1,29
6S4U,C,1,30
6S4U,C,1,38
6S4U,C,1,39
6S4U,C,1,40
6S4U,C,1,41
6S4U,C,1,42
6S4U,C,1,244
6S4U,C,1,245
6S5K,A,1,1
6S5K,A,1,2
6S5K,A,1,29
6S5K,A,1,30
6S5K,A,1,31
6S5K,A,1,32
6S5K,A,1,33
6S5K,A,1,34
6S5K,A,1,35
6S5K,A,1,36
6S5K,A,1,37
6S5K,A,1,38
6S5K,A,1,39
6S5K,A,1,40
6S5K,A,1,41
6S5K,A,1,42
6S5K,A,1,43
6S5K,A,1,44
6S5K,A,1,45
6S5K,A,1,46
6S5K,A,1,244
6S5K,A,1,245
6SAL,A,1,1
6SBO,A,1,1
6SBO,A,1,2
6SBO,A,1,3
6SBO,A,1,4
6SBO,A,1,5
6SBO,A,1,6
6SBO,A,1,7
6SBO,A,1,8
6SBO,A,1,9
6SBO,A,1,10
6SBO,A,1,11
6SBO,A,1,37
6SBO,A,1,38
6SBO,A,1,39
6SBO,A,1,40
6SBO,A,1,41
6SBO,A,1,42
6SBO,A,1,257
6SBO,A,1,258
6SBO,A,1,259
6SBO,A,1,260
6SBO,B,1,1
6SBO,B,1,2
6SBO,B,1,3
6SBO,B,1,4
6SBO,B,1,5
6SBO,B,1,6
6SBO,B,1,7
6SBO,B,1,8
6SBO,B,1,9
6SBO,B,1,10
6SBO,B,1,11
6SBO,B,1,168
6SBO,B,1,169
6SBO,B,1,170
6SBO,B,1,257
6SBO,B,1,258
6SBO,B,1,259
6SBO,B,1,260
6SJM,A,1,1
6SJM,A,1,19
6SJM,A,1,20
6SJM,A,1,21
6SJM,A,1,22
6SJM,A,1,23
6SJM,A,1,24
6SJM,A,1,25
6SJM,A,1,26
6SJM,A,1,27
6SJM,A,1,28
6SJM,A,1,29
6SJM,A,1,30
6SJM,A,1,31
6SJM,A,1,32
6SJM,A,1,33
6SJM,A,1,34
6SJM,A,1,35
6SJM,B,1,14
6SLZ,A,1,1
6SLZ,A,1,2
6SLZ,A,1,3
6SLZ,A,1,4
6SLZ,A,1,5
6SLZ,A,1,6
6SLZ,A,1,7
6SLZ,A,1,8
6SLZ,A,1,209
6SLZ,A,1,228
6SLZ,A,1,229
6SLZ,A,1,230
6SLZ,A,1,231
6SLZ,A,1,232
6SLZ,A,1,233
6SLZ,A,1,234
6SLZ,A,1,235
6SLZ,A,1,236
6SLZ,A,1,237
6SLZ,A,1,238
6SLZ,A,1,239
6SLZ,A,1,240
6SLZ,A,1,241
6SLZ,A,1,242
6SLZ,A,1,243
6SLZ,A,1,244
6SLZ,A,1,245
6SLZ,A,1,246
6SLZ,A,1,247
6SLZ,B,1,1
6SLZ,B,1,2
6SLZ,B,1,3
6SLZ,B,1,4
6SLZ,B,1,5
6SLZ,B,1,6
6SLZ,B,1,7
6SLZ,B,1,8
6SLZ,B,1,9
6SLZ,B,1,228
6SLZ,B,1,229
6SLZ,B,1,230
6SLZ,B,1,231
6SLZ,B,1,232
6SLZ,B,1,233
6SLZ,B,1,234
6SLZ,B,1,235
6SLZ,B,1,236
6SLZ,B,1,237
6SLZ,B,1,238
6SLZ,B,1,239
6SLZ,B,1,240
6SLZ,B,1,241
6SLZ,B,1,242
6SLZ,B,1,243
6SLZ,B,1,244
6SLZ,B,1,245
6SLZ,B,1,246
6SLZ,B,1,247
6SQ0,A,1,29
6SQ0,A,1,30
6SQ0,A,1,31
6SQ0,A,1,32
6SQ0,A,1,33
6SQ0,A,1,34
6SQ0,A,1,35
6SQ0,A,1,36
6SQ0,A,1,160
6SQ0,A,1,161
6SQ0,A,1,162
6SQ0,A,1,163
6SQ0,A,1,164
6SQ0,A,1,165
6SQ0,A,1,166
6SQ0,A,1,227
6SQ0,A,1,228
6SQ0,A,1,229
6SQ0,A,1,230
6SQ0,A,1,231
6SQ0,A,1,232
6SQ0,A,1,251
6SQ0,A,1,252
6SQ0,B,1,1
6SQ0,B,1,2
6SQ0,B,1,3
6SQ0,B,1,4
6SQ0,B,1,5
6SQ0,B,1,6
6SQ0,B,1,7
6SQ0,B,1,30
6SQ0,B,1,31
6SQ0,B,1,32
6SQ0,B,1,33
6SQ0,B,1,34
6SQ0,B,1,35
6SQ0,B,1,36
6SQ0,B,1,156
6SQ0,B,1,157
6SQ0,B,1,158
6SQ0,B,1,159
6SQ0,B,1,160
6SQ0,B,1,161
6SQ0,B,1,162
6SQ0,B,1,163
6SQ0,B,1,164
6SQ0,B,1,165
6SQ0,B,1,166
6SQ0,B,1,167
6SQ0,B,1,168
6SQ0,B,1,169
6SQ0,B,1,170
6SQ0,B,1,228
6SQ0,B,1,229
6SQ0,B,1,230
6SQ0,B,1,231
6SQ0,B,1,232
6SQ0,B,1,245
6SQ0,B,1,246
6SQ0,B,1,247
6SQ0,B,1,248
6SQ0,B,1,249
6SQ0,B,1,250
6SQ0,B,1,251
6SQ0,B,1,252
6SSQ,A,1,1
6SSQ,A,1,2
6SSQ,A,1,3
6SSQ,A,1,4
6SSQ,A,1,5
6SSQ,A,1,6
6SSQ,A,1,7
6SSQ,A,1,8
6SSQ,A,1,9
6SSQ,A,1,10
6SSQ,A,1,11
6SSQ,A,1,12
6SSQ,A,1,13
6SSQ,A,1,14
6SSQ,A,1,15
6SSQ,A,1,16
6SSQ,A,1,17
6SSQ,A,1,18
6SSQ,A,1,19
6SSQ,A,1,20
6SSQ,A,1,21
6SSQ,A,1,22
6SSQ,A,1,262
6SSQ,A,1,263
6SSQ,A,1,264
6SSQ,A,1,265
6SSQ,A,1,266
6SSQ,A,1,267
6SSQ,B,1,1
6SSQ,B,1,2
6SSQ,B,1,3
6SSQ,B,1,4
6SSQ,B,1,5
6SSQ,B,1,6
6SSQ,B,1,7
6SSQ,B,1,8
6SSQ,B,1,9
6SSQ,B,1,10
6SSQ,B,1,11
6SSQ,B,1,12
6SSQ,B,1,262
6SSQ,B,1,263
6SSQ,B,1,264
6SSQ,B,1,265
6SSQ,B,1,266
6SSQ,B,1,267
6SSQ,C,1,1
6SSQ,C,1,12
6SSQ,C,1,13
6SSQ,D,1,12
6SSQ,D,1,13
6STI,A,1,1
6STI,A,1,2
6STI,A,1,3
6STI,A,1,4
6STI,A,1,5
6STI,A,1,6
6STI,A,1,7
6STI,A,1,8
6STI,A,1,9
6STI,A,1,10
6STI,A,1,26
6STI,A,1,27
6STI,A,1,28
6STI,A,1,29
6STI,A,1,30
6STI,A,1,31
6STI,A,1,32
6STI,A,1,33
6STI,A,1,34
6STI,A,1,35
6STI,A,1,36
6STI,A,1,37
6STI,A,1,38
6STI,A,1,39
6STI,A,1,40
6STI,A,1,41
6STI,A,1,42
6STI,A,1,43
6STI,A,1,44
6STI,A,1,243
6STI,A,1,244
6STI,B,1,13
6SUO,A,1,30
6SUO,A,1,31
6SUO,A,1,32
6SUO,A,1,33
6SUO,A,1,34
6SUO,A,1,35
6SUO,A,1,36
6SUO,A,1,159
6SUO,A,1,160
6SUO,A,1,161
6SUO,A,1,162
6SUO,A,1,163
6SUO,A,1,164
6SUO,A,1,165
6SUO,A,1,166
6SUO,A,1,167
6SUO,A,1,227
6SUO,A,1,228
6SUO,A,1,229
6SUO,A,1,230
6SUO,A,1,231
6SUO,A,1,232
6SUO,A,1,251
6SUO,A,1,252
6SUO,B,1,1
6SUO,B,1,2
6SUO,B,1,3
6SUO,B,1,4
6SUO,B,1,5
6SUO,B,1,6
6SUO,B,1,7
6SUO,B,1,30
6SUO,B,1,31
6SUO,B,1,32
6SUO,B,1,33
6SUO,B,1,34
6SUO,B,1,35
6SUO,B,1,36
6SUO,B,1,37
6SUO,B,1,38
6SUO,B,1,157
6SUO,B,1,158
6SUO,B,1,159
6SUO,B,1,160
6SUO,B,1,161
6SUO,B,1,162
6SUO,B,1,163
6SUO,B,1,164
6SUO,B,1,165
6SUO,B,1,166
6SUO,B,1,167
6SUO,B,1,168
6SUO,B,1,169
6SUO,B,1,170
6SUO,B,1,226
6SUO,B,1,227
6SUO,B,1,228
6SUO,B,1,229
6SUO,B,1,230
6SUO,B,1,231
6SUO,B,1,232
6SUO,B,1,233
6SUO,B,1,234
6SUO,B,1,235
6SUO,B,1,243
6SUO,B,1,244
6SUO,B,1,245
6SUO,B,1,246
6SUO,B,1,247
6SUO,B,1,248
6SUO,B,1,249
6SUO,B,1,250
6SUO,B,1,251
6SUO,B,1,252
6T1S,A,1,1
6T1S,A,1,2
6T1S,A,1,3
6T1S,A,1,41
6T1S,A,1,42
6T1V,A,1,1
6T1V,A,1,2
6T1V,A,1,3
6T1V,A,1,4
6T1V,A,1,5
6T1V,A,1,6
6T1V,A,1,7
6T1V,A,1,8
6T1V,A,1,9
6T1V,A,1,10
6T1V,A,1,11
6T1V,B,1,1
6T1V,B,1,2
6T1V,B,1,13
6T1V,B,1,14
6T4G,A,1,1
6T4G,A,1,2
6T4G,A,1,3
6T4G,A,1,4
6T4G,A,1,5
6T4G,A,1,6
6T4G,A,1,7
6T4G,A,1,8
6T4G,A,1,9
6T4G,A,1,10
6T4G,A,1,11
6T4G,A,1,12
6T4G,A,1,13
6T4G,A,1,14
6T4G,A,1,15
6T4G,A,1,16
6T4G,A,1,17
6T4G,A,1,18
6T4G,A,1,19
6T4G,A,1,20
6T4G,A,1,21
6T4G,A,1,22
6T4I,A,1,1
6T4I,A,1,2
6T4I,A,1,3
6T4I,A,1,4
6T4I,A,1,5
6T4I,A,1,6
6T4I,A,1,7
6T4I,A,1,8
6T4I,A,1,9
6T4I,A,1,10
6T4I,A,1,11
6T4I,A,1,12
6T4I,A,1,13
6T4I,A,1,14
6T4I,A,1,15
6T4I,A,1,16
6T4I,A,1,17
6T4I,A,1,18
6T4I,A,1,19
6T4I,A,1,20
6T4I,A,1,21
6T4I,A,1,22
6T4J,A,1,1
6T4J,A,1,2
6T4J,A,1,3
6T4J,A,1,4
6T4J,A,1,5
6T4J,A,1,6
6T4J,A,1,7
6T4J,A,1,8
6T4J,A,1,9
6T4J,A,1,10
6T4J,A,1,11
6T4J,A,1,12
6T4J,A,1,13
6T4J,A,1,14
6T4J,A,1,15
6T4J,A,1,16
6T4J,A,1,17
6T4J,A,1,18
6T4J,A,1,19
6T4J,A,1,20
6T4J,A,1,21
6T4J,A,1,22
6T4K,A,1,1
6T4K,A,1,2
6T4K,A,1,3
6T4K,A,1,4
6T4K,A,1,5
6T4K,A,1,6
6T4K,A,1,7
6T4K,A,1,8
6T4K,A,1,9
6T4K,A,1,10
6T4K,A,1,11
6T4K,A,1,12
6T4K,A,1,13
6T4K,A,1,14
6T4K,A,1,15
6T4K,A,1,16
6T4K,A,1,17
6T4K,A,1,18
6T4K,A,1,19
6T4K,A,1,20
6T4K,A,1,21
6T4K,A,1,22
6T4X,A,1,1
6T4X,A,1,2
6T4X,A,1,3
6T4X,A,1,4
6T4X,A,1,5
6T4X,A,1,6
6T4X,A,1,7
6T4X,A,1,8
6T4X,A,1,9
6T4X,A,1,10
6T4X,A,1,11
6T4X,A,1,12
6T4X,A,1,13
6T4X,A,1,14
6T4X,A,1,15
6T4X,A,1,16
6T4X,A,1,17
6T4X,A,1,18
6T4X,A,1,19
6T4X,A,1,20
6T4X,A,1,21
6T4X,A,1,22
6T4Y,A,1,1
6T4Y,A,1,2
6T4Y,A,1,3
6T4Y,A,1,4
6T4Y,A,1,5
6T4Y,A,1,6
6T4Y,A,1,7
6T4Y,A,1,8
6T4Y,A,1,9
6T4Y,A,1,10
6T4Y,A,1,11
6T4Y,A,1,12
6T4Y,A,1,13
6T4Y,A,1,14
6T4Y,A,1,15
6T4Y,A,1,16
6T4Y,A,1,17
6T4Y,A,1,18
6T4Y,A,1,19
6T4Y,A,1,20
6T4Y,A,1,21
6T4Y,A,1,22
6T50,A,1,1
6T50,A,1,2
6T50,A,1,3
6T50,A,1,4
6T50,A,1,5
6T50,A,1,6
6T50,A,1,7
6T50,A,1,8
6T50,A,1,9
6T50,A,1,10
6T50,A,1,11
6T50,A,1,12
6T50,A,1,13
6T50,A,1,14
6T50,A,1,15
6T50,A,1,16
6T50,A,1,17
6T50,A,1,18
6T50,A,1,19
6T50,A,1,20
6T50,A,1,21
6T50,A,1,22
6T6B,A,1,61
6T6B,A,1,62
6T6B,A,1,63
6T6B,A,1,64
6T6B,A,1,65
6T6B,A,1,66
6T6B,A,1,67
6T6B,A,1,68
6T6B,A,1,69
6T6B,A,1,70
6T6B,A,1,71
6T6B,A,1,72
6T6B,A,1,73
6T6B,A,1,74
6T6B,A,1,75
6T6B,A,1,276
6T6B,A,1,277
6T9C,A,1,1
6T9C,A,1,2
6T9C,A,1,3
6T9C,A,1,4
6T9C,A,1,5
6T9C,A,1,6
6T9C,A,1,7
6T9C,A,1,8
6T9C,A,1,9
6T9C,A,1,10
6T9C,A,1,11
6T9C,A,1,12
6T9C,A,1,13
6T9C,A,1,14
6T9C,A,1,15
6T9C,A,1,16
6T9C,A,1,17
6T9C,A,1,18
6T9C,A,1,19
6T9C,A,1,20
6T9C,A,1,21
6T9C,A,1,22
6T9C,A,1,23
6T9C,A,1,24
6T9C,A,1,25
6T9C,A,1,26
6T9C,A,1,27
6T9C,A,1,28
6T9C,A,1,29
6T9C,A,1,30
6T9C,A,1,31
6T9C,A,1,32
6T9C,A,1,33
6T9C,A,1,87
6T9C,A,1,88
6T9C,A,1,89
6T9C,A,1,90
6T9C,A,1,91
6T9C,A,1,92
6T9C,A,1,93
6T9C,A,1,94
6T9C,A,1,95
6T9C,A,1,96
6T9C,A,1,97
6T9C,A,1,98
6T9C,A,1,99
6T9C,A,1,100
6T9C,A,1,101
6T9C,A,1,102
6T9C,A,1,103
6T9C,A,1,302
6T9C,A,1,303
6T9C,A,1,304
6T9C,B,1,1
6T9C,B,1,2
6T9C,B,1,3
6T9C,B,1,4
6T9C,B,1,5
6T9C,B,1,6
6T9C,B,1,7
6T9C,B,1,8
6T9C,B,1,9
6T9C,B,1,10
6T9C,B,1,11
6T9C,B,1,12
6T9C,B,1,13
6T9C,B,1,14
6T9C,B,1,15
6T9C,B,1,16
6T9C,B,1,17
6T9C,B,1,18
6T9C,B,1,19
6T9C,B,1,20
6T9C,B,1,21
6T9C,B,1,22
6T9C,B,1,23
6T9C,B,1,24
6T9C,B,1,25
6T9C,B,1,26
6T9C,B,1,27
6T9C,B,1,28
6T9C,B,1,29
6T9C,B,1,30
6T9C,B,1,31
6T9C,B,1,32
6T9C,B,1,33
6T9C,B,1,85
6T9C,B,1,86
6T9C,B,1,87
6T9C,B,1,88
6T9C,B,1,89
6T9C,B,1,90
6T9C,B,1,91
6T9C,B,1,92
6T9C,B,1,93
6T9C,B,1,94
6T9C,B,1,95
6T9C,B,1,96
6T9C,B,1,97
6T9C,B,1,98
6T9C,B,1,99
6T9C,B,1,100
6T9C,B,1,101
6T9C,B,1,102
6T9C,B,1,184
6T9C,B,1,301
6T9C,B,1,302
6T9C,B,1,303
6T9C,B,1,304
6TDC,A,1,1
6TDC,A,1,2
6TDC,A,1,3
6TDC,A,1,4
6TDC,A,1,5
6TDC,A,1,6
6TDC,A,1,7
6TDC,A,1,8
6TDC,A,1,9
6TDC,A,1,10
6TDC,A,1,11
6TDC,A,1,12
6TDC,A,1,13
6TDC,A,1,14
6TDC,A,1,15
6TDC,A,1,16
6TDC,A,1,17
6TDC,A,1,18
6TDC,A,1,76
6TDC,A,1,77
6TDC,A,1,78
6TDC,A,1,79
6TDC,A,1,80
6TDC,A,1,81
6TDC,A,1,82
6TDC,A,1,83
6TDC,A,1,84
6TDC,A,1,85
6TDC,A,1,86
6TDC,A,1,87
6TDC,A,1,88
6TDC,A,1,89
6TFI,A,1,1
6TFI,A,1,2
6TFI,A,1,3
6TFI,A,1,4
6TFI,A,1,5
6TFI,A,1,6
6TFI,A,1,7
6TFI,A,1,8
6TFI,A,1,9
6TFI,A,1,10
6TFI,A,1,11
6TFI,A,1,12
6TFI,A,1,13
6TFI,A,1,14
6TFI,A,1,15
6TFI,A,1,16
6TFI,A,1,17
6TFI,A,1,18
6TFI,A,1,19
6TFI,A,1,20
6TFI,A,1,21
6TFI,A,1,22
6TFI,A,1,23
6TFI,A,1,60
6TFI,A,1,61
6TFI,A,1,62
6TFI,A,1,63
6TFI,A,1,64
6TFI,A,1,65
6TFI,A,1,66
6TFI,A,1,67
6TFI,A,1,68
6TFI,A,1,69
6TFI,A,1,70
6TFI,A,1,71
6TFI,A,1,72
6TFI,A,1,317
6TFI,A,1,318
6TFI,A,1,319
6TFI,A,1,320
6TFI,A,1,321
6TFI,A,1,322
6TFI,A,1,323
6TFI,A,1,324
6TFI,A,1,343
6TFI,A,1,344
6TFI,B,1,1
6TFI,B,1,2
6TFI,B,1,3
6TFI,B,1,4
6TFI,B,1,5
6TFI,B,1,6
6TFI,B,1,7
6TFI,B,1,8
6TFI,B,1,9
6TFI,B,1,10
6TFI,B,1,11
6TFI,B,1,12
6TFI,B,1,13
6TFI,B,1,14
6TFI,B,1,15
6TFI,B,1,16
6TFI,B,1,17
6TFI,B,1,18
6TFI,B,1,19
6TFI,B,1,61
6TFI,B,1,62
6TFI,B,1,63
6TFI,B,1,64
6TFI,B,1,65
6TFI,B,1,66
6TFI,B,1,67
6TFI,B,1,68
6TFI,B,1,69
6TFI,B,1,70
6TFI,B,1,71
6TFI,B,1,72
6TFI,B,1,73
6TFI,B,1,314
6TFI,B,1,315
6TFI,B,1,316
6TFI,B,1,317
6TFI,B,1,318
6TFI,B,1,319
6TFI,B,1,320
6TFI,B,1,321
6TFI,B,1,322
6TFI,B,1,323
6TFI,B,1,324
6TFI,B,1,325
6TFI,B,1,344
6TLM,A,1,1
6TLM,A,1,2
6TLM,A,1,3
6TLM,A,1,4
6TLM,A,1,5
6TLM,A,1,6
6TLM,A,1,7
6TLM,A,1,8
6TLM,A,1,9
6TLM,A,1,10
6TLM,A,1,11
6TLM,A,1,12
6TLM,A,1,13
6TLM,A,1,14
6TLM,A,1,15
6TLM,A,1,16
6TLM,A,1,17
6TLM,A,1,18
6TLM,A,1,19
6TLM,A,1,20
6TLM,A,1,21
6TLM,A,1,22
6TLQ,A,1,1
6TLQ,A,1,2
6TLQ,A,1,3
6TLQ,A,1,4
6TLQ,A,1,5
6TLQ,A,1,6
6TLQ,A,1,7
6TLQ,A,1,8
6TLQ,A,1,9
6TLQ,A,1,10
6TLQ,A,1,11
6TLQ,A,1,12
6TLQ,A,1,13
6TLQ,A,1,14
6TLQ,A,1,15
6TLQ,A,1,16
6TLQ,A,1,17
6TLQ,A,1,18
6TLQ,A,1,19
6TLQ,A,1,20
6TLQ,A,1,21
6TLQ,A,1,22
6TLQ,A,1,23
6TLT,A,1,1
6TLT,A,1,2
6TLT,A,1,3
6TLT,A,1,4
6TLT,A,1,5
6TLT,A,1,6
6TLT,A,1,7
6TLT,A,1,8
6TLT,A,1,9
6TLT,A,1,10
6TLT,A,1,11
6TLT,A,1,12
6TLT,A,1,13
6TLT,A,1,14
6TLT,A,1,15
6TLT,A,1,16
6TLT,A,1,17
6TLT,A,1,18
6TLT,A,1,19
6TLT,A,1,20
6TLT,A,1,21
6TLT,A,1,22
6TLT,A,1,23
6TSG,A,1,1
6TSG,A,1,2
6TSG,A,1,61
6TSG,A,1,62
6TSG,A,1,63
6TSG,A,1,64
6TSG,A,1,65
6TSG,A,1,66
6TSG,A,1,67
6TSG,A,1,68
6TSG,A,1,69
6TSG,A,1,70
6TSG,A,1,71
6TSG,A,1,72
6TSG,A,1,73
6TSG,A,1,74
6TSG,A,1,75
6TSG,A,1,276
6TSG,A,1,277
6U25,A,1,1
6U25,A,1,2
6U25,A,1,3
6U25,A,1,4
6U25,A,1,5
6U25,A,1,6
6U25,A,1,7
6U25,A,1,8
6U25,A,1,9
6U25,A,1,10
6U25,A,1,11
6U25,A,1,12
6U25,A,1,13
6U25,A,1,14
6U25,A,1,15
6U25,A,1,16
6U25,A,1,17
6U25,A,1,18
6U25,A,1,19
6U25,A,1,20
6U25,A,1,265
6U25,A,1,266
6U25,A,1,267
6U25,A,1,268
6U25,A,1,269
6U25,A,1,270
6U25,A,1,271
6U25,A,1,272
6U25,A,1,273
6U25,A,1,274
6U25,A,1,275
6U25,A,1,276
6V87,A,1,1
6V87,A,1,2
6V87,A,1,3
6V87,A,1,4
6V87,A,1,5
6V87,A,1,6
6V87,A,1,7
6V87,A,1,8
6V87,A,1,9
6V87,A,1,10
6V87,A,1,11
6V87,A,1,12
6V87,A,1,13
6V87,A,1,14
6V87,A,1,15
6V87,A,1,16
6V87,A,1,39
6V87,A,1,40
6V87,A,1,41
6V87,A,1,42
6V87,A,1,43
6V87,A,1,166
6V87,A,1,167
6V87,A,1,168
6V87,A,1,169
6V87,A,1,170
6V87,A,1,171
6V87,A,1,172
6V87,A,1,173
6V87,A,1,174
6V87,A,1,175
6V87,A,1,176
6V87,A,1,177
6V87,A,1,178
6V87,A,1,179
6V87,A,1,180
6V87,A,1,239
6V87,A,1,240
6V87,A,1,241
6V87,A,1,242
6V87,A,1,254
6V87,A,1,255
6V87,A,1,256
6V87,A,1,257
6V87,A,1,258
6V87,A,1,259
6V87,A,1,260
6V87,A,1,261
6V87,A,1,262
6V87,B,1,1
6V87,B,1,2
6V87,B,1,3
6V87,B,1,4
6V87,B,1,5
6V87,B,1,6
6V87,B,1,7
6V87,B,1,8
6V87,B,1,9
6V87,B,1,10
6V87,B,1,11
6V87,B,1,12
6V87,B,1,13
6V87,B,1,14
6V87,B,1,43
6V87,B,1,44
6V87,B,1,45
6V87,B,1,46
6V87,B,1,47
6V87,B,1,48
6V87,B,1,49
6V87,B,1,169
6V87,B,1,170
6V87,B,1,171
6V87,B,1,172
6V87,B,1,173
6V87,B,1,174
6V87,B,1,175
6V87,B,1,176
6V87,B,1,177
6V87,B,1,178
6V87,B,1,179
6V87,B,1,236
6V87,B,1,237
6V87,B,1,238
6V87,B,1,239
6V87,B,1,240
6V87,B,1,241
6V87,B,1,242
6V87,B,1,243
6V87,B,1,255
6V87,B,1,256
6V87,B,1,257
6V87,B,1,258
6V87,B,1,259
6V87,B,1,260
6V87,B,1,261
6V87,B,1,262
6V8T,A,1,1
6V8T,A,1,2
6V8T,A,1,3
6V8T,A,1,4
6V8T,A,1,5
6V8T,A,1,6
6V8T,A,1,7
6V8T,A,1,8
6V8T,A,1,9
6V8T,A,1,10
6V8T,A,1,11
6V8T,A,1,12
6V8T,A,1,13
6V8T,A,1,40
6V8T,A,1,41
6V8T,A,1,42
6V8T,A,1,43
6V8T,A,1,44
6V8T,A,1,45
6V8T,A,1,46
6V8T,A,1,47
6V8T,A,1,124
6V8T,A,1,125
6V8T,A,1,126
6V8T,A,1,170
6V8T,A,1,171
6V8T,A,1,172
6V8T,A,1,173
6V8T,A,1,174
6V8T,A,1,175
6V8T,A,1,176
6V8T,A,1,177
6V8T,A,1,178
6V8T,A,1,179
6V8T,A,1,236
6V8T,A,1,237
6V8T,A,1,238
6V8T,A,1,239
6V8T,A,1,240
6V8T,A,1,241
6V8T,A,1,242
6V8T,A,1,243
6V8T,A,1,244
6V8T,A,1,254
6V8T,A,1,255
6V8T,A,1,256
6V8T,A,1,257
6V8T,A,1,258
6V8T,A,1,259
6V8T,A,1,260
6V8T,A,1,261
6V8T,A,1,262
6V8T,B,1,1
6V8T,B,1,2
6V8T,B,1,3
6V8T,B,1,4
6V8T,B,1,5
6V8T,B,1,6
6V8T,B,1,7
6V8T,B,1,8
6V8T,B,1,9
6V8T,B,1,10
6V8T,B,1,11
6V8T,B,1,12
6V8T,B,1,13
6V8T,B,1,14
6V8T,B,1,40
6V8T,B,1,41
6V8T,B,1,42
6V8T,B,1,43
6V8T,B,1,123
6V8T,B,1,124
6V8T,B,1,125
6V8T,B,1,168
6V8T,B,1,169
6V8T,B,1,170
6V8T,B,1,171
6V8T,B,1,172
6V8T,B,1,173
6V8T,B,1,174
6V8T,B,1,175
6V8T,B,1,176
6V8T,B,1,177
6V8T,B,1,178
6V8T,B,1,179
6V8T,B,1,180
6V8T,B,1,236
6V8T,B,1,237
6V8T,B,1,238
6V8T,B,1,239
6V8T,B,1,253
6V8T,B,1,254
6V8T,B,1,255
6V8T,B,1,256
6V8T,B,1,257
6V8T,B,1,258
6V8T,B,1,259
6V8T,B,1,260
6V8T,B,1,261
6V8T,B,1,262
6VC2,A,1,1
6VC2,A,1,2
6VC2,A,1,3
6VC2,A,1,231
6VC2,A,1,232
6VC2,A,1,233
6VC2,A,1,243
6VC2,A,1,244
6VC2,A,1,245
6VC2,B,1,1
6VC2,B,1,2
6VC2,B,1,15
6VGH,A,1,1
6VGH,A,1,2
6VGH,A,1,3
6VGH,A,1,4
6VGH,A,1,5
6VGH,A,1,6
6VGH,A,1,7
6VGH,A,1,8
6VGH,A,1,9
6VGH,A,1,10
6VGH,A,1,11
6VGH,A,1,12
6VGH,A,1,13
6VGH,A,1,14
6VGH,A,1,44
6VGH,A,1,45
6VGH,A,1,46
6VGH,A,1,47
6VGH,A,1,48
6VGH,A,1,126
6VGH,A,1,127
6VGH,A,1,170
6VGH,A,1,171
6VGH,A,1,172
6VGH,A,1,235
6VGH,A,1,236
6VGH,A,1,237
6VGH,A,1,238
6VGH,A,1,239
6VGH,A,1,259
6VGH,A,1,260
6VGH,A,1,261
6VGH,A,1,262
6VGH,B,1,1
6VGH,B,1,2
6VGH,B,1,3
6VGH,B,1,4
6VGH,B,1,5
6VGH,B,1,6
6VGH,B,1,7
6VGH,B,1,8
6VGH,B,1,9
6VGH,B,1,10
6VGH,B,1,11
6VGH,B,1,12
6VGH,B,1,13
6VGH,B,1,14
6VGH,B,1,46
6VGH,B,1,47
6VGH,B,1,48
6VGH,B,1,128
6VGH,B,1,170
6VGH,B,1,171
6VGH,B,1,236
6VGH,B,1,237
6VGH,B,1,238
6VGH,B,1,239
6VGH,B,1,240
6VGH,B,1,241
6VGH,B,1,254
6VGH,B,1,255
6VGH,B,1,256
6VGH,B,1,257
6VGH,B,1,258
6VGH,B,1,259
6VGH,B,1,260
6VGH,B,1,261
6VGH,B,1,262
6VIF,A,1,1
6VIF,A,1,2
6VIF,A,1,3
6VIF,A,1,4
6VIF,A,1,231
6VIF,A,1,232
6VIF,A,1,233
6VIF,A,1,243
6VIF,A,1,244
6VIF,A,1,245
6VIF,B,1,1
6VIF,B,1,2
6VIF,B,1,14
6VJD,A,1,1
6VJD,A,1,31
6VJD,A,1,32
6VJD,A,1,33
6VJD,A,1,34
6VJD,A,1,35
6VJD,A,1,114
6VJD,A,1,115
6VJD,A,1,244
6VJD,A,1,245
6VJD,A,1,246
6VJD,A,1,247
6VJD,A,1,248
6VJD,A,1,249
6VJD,B,1,1
6VJD,B,1,33
6VJD,B,1,34
6VJD,B,1,35
6VJD,B,1,114
6VJD,B,1,241
6VJD,B,1,242
6VJD,B,1,243
6VJD,B,1,244
6VJD,B,1,245
6VJD,B,1,246
6VJD,B,1,247
6VJD,B,1,248
6VJD,B,1,249
6VJD,C,1,1
6VJD,C,1,32
6VJD,C,1,33
6VJD,C,1,34
6VJD,C,1,244
6VJD,C,1,245
6VJD,C,1,246
6VJD,C,1,247
6VJD,C,1,248
6VJD,C,1,249
6VJD,D,1,1
6VJD,D,1,34
6VJD,D,1,35
6VJD,D,1,112
6VJD,D,1,113
6VJD,D,1,241
6VJD,D,1,242
6VJD,D,1,243
6VJD,D,1,244
6VJD,D,1,245
6VJD,D,1,246
6VJD,D,1,247
6VJD,D,1,248
6VJD,D,1,249
6VPF,A,1,1
6VPF,A,1,2
6VPF,A,1,3
6VPF,A,1,4
6VPF,A,1,5
6VPF,A,1,6
6VPF,A,1,7
6VPF,A,1,8
6VPF,A,1,9
6VPF,A,1,10
6VPF,A,1,11
6VPF,A,1,12
6VPF,A,1,13
6VPF,A,1,14
6VPF,A,1,239
6VPF,A,1,259
6VPF,A,1,260
6VPF,A,1,261
6VPF,A,1,262
6VPF,A,1,263
6VPF,B,1,1
6VPF,B,1,2
6VPF,B,1,3
6VPF,B,1,4
6VPF,B,1,5
6VPF,B,1,6
6VPF,B,1,7
6VPF,B,1,8
6VPF,B,1,9
6VPF,B,1,10
6VPF,B,1,11
6VPF,B,1,12
6VPF,B,1,13
6VPF,B,1,14
6VPF,B,1,15
6VPF,B,1,48
6VPF,B,1,171
6VPF,B,1,172
6VPF,B,1,255
6VPF,B,1,256
6VPF,B,1,257
6VPF,B,1,258
6VPF,B,1,259
6VPF,B,1,260
6VPF,B,1,261
6VPF,B,1,262
6VPF,B,1,263
6VPF,C,1,1
6VPF,C,1,2
6VPF,C,1,3
6VPF,C,1,4
6VPF,C,1,5
6VPF,C,1,6
6VPF,C,1,7
6VPF,C,1,8
6VPF,C,1,9
6VPF,C,1,10
6VPF,C,1,11
6VPF,C,1,12
6VPF,C,1,13
6VPF,C,1,14
6VPF,C,1,48
6VPF,C,1,49
6VPF,C,1,171
6VPF,C,1,172
6VPF,C,1,256
6VPF,C,1,257
6VPF,C,1,258
6VPF,C,1,259
6VPF,C,1,260
6VPF,C,1,261
6VPF,C,1,262
6VPF,C,1,263
6VPF,D,1,1
6VPF,D,1,2
6VPF,D,1,3
6VPF,D,1,4
6VPF,D,1,5
6VPF,D,1,6
6VPF,D,1,7
6VPF,D,1,8
6VPF,D,1,9
6VPF,D,1,10
6VPF,D,1,11
6VPF,D,1,12
6VPF,D,1,13
6VPF,D,1,14
6VPF,D,1,15
6VPF,D,1,47
6VPF,D,1,48
6VPF,D,1,49
6VPF,D,1,255
6VPF,D,1,256
6VPF,D,1,257
6VPF,D,1,258
6VPF,D,1,259
6VPF,D,1,260
6VPF,D,1,261
6VPF,D,1,262
6VPF,D,1,263
6VQF,A,1,1
6VQF,A,1,2
6VQF,A,1,3
6VQF,A,1,4
6VQF,A,1,5
6VQF,A,1,6
6VQF,A,1,7
6VQF,A,1,8
6VQF,A,1,9
6VQF,A,1,10
6VQF,A,1,11
6VQF,A,1,12
6VQF,A,1,13
6VQF,A,1,14
6VQF,A,1,15
6VQF,A,1,16
6VQF,A,1,17
6VQF,A,1,18
6VQF,A,1,19
6VQF,A,1,20
6VQF,A,1,21
6VQF,A,1,265
6VQF,A,1,266
6VQF,A,1,267
6VQF,A,1,268
6VQF,A,1,269
6VQF,A,1,270
6VQF,A,1,271
6VQF,A,1,272
6VQF,A,1,273
6VQF,A,1,274
6VQF,A,1,275
6VQF,A,1,276
6VSW,A,1,1
6VSW,A,1,2
6VSW,A,1,3
6VSW,A,1,4
6VSW,B,1,1
6VSW,B,1,2
6VSW,B,1,3
6VSW,B,1,4
6VSW,B,1,230
6VSW,B,1,231
6VSW,B,1,232
6VZL,A,1,1
6VZL,A,1,2
6VZL,A,1,3
6VZL,A,1,4
6VZL,A,1,38
6VZL,A,1,39
6VZL,A,1,61
6VZL,A,1,62
6VZL,A,1,63
6VZL,A,1,64
6VZL,A,1,65
6VZL,A,1,66
6VZL,A,1,67
6VZL,A,1,68
6VZL,A,1,69
6VZL,A,1,70
6VZL,A,1,71
6VZL,A,1,72
6VZL,A,1,73
6VZL,A,1,273
6VZL,A,1,274
6VZL,A,1,275
6VZL,B,1,1
6VZL,B,1,2
6VZL,B,1,3
6VZL,B,1,4
6VZL,B,1,37
6VZL,B,1,38
6VZL,B,1,39
6VZL,B,1,40
6VZL,B,1,41
6VZL,B,1,61
6VZL,B,1,62
6VZL,B,1,63
6VZL,B,1,64
6VZL,B,1,65
6VZL,B,1,66
6VZL,B,1,67
6VZL,B,1,68
6VZL,B,1,69
6VZL,B,1,70
6VZL,B,1,71
6VZL,B,1,72
6VZL,B,1,73
6VZL,B,1,260
6VZL,B,1,261
6VZL,B,1,262
6VZL,B,1,263
6VZL,B,1,275
6VZM,A,1,1
6VZM,A,1,2
6VZM,A,1,3
6VZM,A,1,4
6VZM,A,1,37
6VZM,A,1,38
6VZM,A,1,39
6VZM,A,1,40
6VZM,A,1,62
6VZM,A,1,63
6VZM,A,1,64
6VZM,A,1,65
6VZM,A,1,66
6VZM,A,1,67
6VZM,A,1,68
6VZM,A,1,69
6VZM,A,1,70
6VZM,A,1,71
6VZM,A,1,72
6VZM,A,1,273
6VZM,A,1,274
6VZM,A,1,275
6VZM,B,1,1
6VZM,B,1,2
6VZM,B,1,3
6VZM,B,1,4
6VZM,B,1,36
6VZM,B,1,37
6VZM,B,1,38
6VZM,B,1,39
6VZM,B,1,67
6VZM,B,1,68
6VZM,B,1,69
6VZM,B,1,70
6VZM,B,1,71
6VZM,B,1,72
6VZM,B,1,260
6VZM,B,1,261
6VZM,B,1,262
6VZM,B,1,263
6VZM,B,1,274
6VZM,B,1,275
6VZN,A,1,1
6VZN,A,1,2
6VZN,A,1,3
6VZN,A,1,4
6VZN,A,1,37
6VZN,A,1,38
6VZN,A,1,39
6VZN,A,1,40
6VZN,A,1,41
6VZN,A,1,63
6VZN,A,1,64
6VZN,A,1,65
6VZN,A,1,66
6VZN,A,1,67
6VZN,A,1,68
6VZN,A,1,69
6VZN,A,1,70
6VZN,A,1,71
6VZN,A,1,72
6VZN,A,1,274
6VZN,A,1,275
6VZN,B,1,1
6VZN,B,1,2
6VZN,B,1,3
6VZN,B,1,4
6VZN,B,1,38
6VZN,B,1,39
6VZN,B,1,40
6VZN,B,1,41
6VZN,B,1,42
6VZN,B,1,66
6VZN,B,1,67
6VZN,B,1,68
6VZN,B,1,69
6VZN,B,1,70
6VZN,B,1,71
6VZN,B,1,72
6VZN,B,1,258
6VZN,B,1,259
6VZN,B,1,260
6VZN,B,1,261
6VZN,B,1,262
6VZN,B,1,263
6VZN,B,1,274
6VZN,B,1,275
6VZO,A,1,1
6VZO,A,1,2
6VZO,A,1,3
6VZO,A,1,4
6VZO,A,1,63
6VZO,A,1,64
6VZO,A,1,65
6VZO,A,1,66
6VZO,A,1,67
6VZO,A,1,68
6VZO,A,1,69
6VZO,A,1,70
6VZO,A,1,71
6VZO,A,1,72
6VZO,A,1,275
6VZO,B,1,1
6VZO,B,1,2
6VZO,B,1,3
6VZO,B,1,4
6VZO,B,1,38
6VZO,B,1,39
6VZO,B,1,40
6VZO,B,1,41
6VZO,B,1,42
6VZO,B,1,67
6VZO,B,1,68
6VZO,B,1,69
6VZO,B,1,70
6VZO,B,1,71
6VZO,B,1,72
6VZO,B,1,260
6VZO,B,1,261
6VZO,B,1,262
6VZO,B,1,263
6VZO,B,1,274
6VZO,B,1,275
6W9H,A,1,1
6W9H,A,1,2
6W9H,A,1,3
6W9H,A,1,4
6W9H,A,1,5
6W9H,A,1,6
6W9H,A,1,7
6W9H,A,1,8
6W9H,A,1,9
6W9H,A,1,10
6W9H,A,1,11
6W9H,A,1,12
6W9H,A,1,13
6W9H,A,1,14
6W9H,A,1,15
6W9H,A,1,16
6W9H,A,1,17
6W9H,A,1,18
6W9H,A,1,19
6W9H,A,1,20
6W9H,A,1,265
6W9H,A,1,266
6W9H,A,1,267
6W9H,A,1,268
6W9H,A,1,269
6W9H,A,1,270
6W9H,A,1,271
6W9H,A,1,272
6W9H,A,1,273
6W9H,A,1,274
6W9H,A,1,275
6W9H,A,1,276
6W9I,A,1,1
6W9I,A,1,2
6W9I,A,1,3
6W9I,A,1,4
6W9I,A,1,5
6W9I,A,1,6
6W9I,A,1,7
6W9I,A,1,8
6W9I,A,1,9
6W9I,A,1,10
6W9I,A,1,11
6W9I,A,1,12
6W9I,A,1,13
6W9I,A,1,14
6W9I,A,1,15
6W9I,A,1,16
6W9I,A,1,17
6W9I,A,1,18
6W9I,A,1,19
6W9I,A,1,20
6W9I,A,1,265
6W9I,A,1,266
6W9I,A,1,267
6W9I,A,1,268
6W9I,A,1,269
6W9I,A,1,270
6W9I,A,1,271
6W9I,A,1,272
6W9I,A,1,273
6W9I,A,1,274
6W9I,A,1,275
6W9I,A,1,276
6WMQ,A,1,198
6WMQ,A,1,199
6WMQ,B,1,198
6WMQ,B,1,199
6WMQ,C,1,1
6WMQ,C,1,2
6WMQ,C,1,3
6WMQ,C,1,4
6WMQ,C,1,5
6WMQ,C,1,21
6WMQ,C,1,22
6WMQ,C,1,23
6WMQ,D,1,1
6WMQ,D,1,2
6WMQ,D,1,3
6WMQ,D,1,4
6WMQ,D,1,5
6WMQ,D,1,6
6WMQ,D,1,21
6WMQ,D,1,22
6WMQ,D,1,23
6WMS,A,1,197
6WMS,A,1,198
6WMS,A,1,199
6WMS,B,1,197
6WMS,B,1,198
6WMS,B,1,199
6WMS,C,1,1
6WMS,C,1,2
6WMS,C,1,3
6WMS,C,1,4
6WMS,C,1,5
6WMS,C,1,6
6WMS,C,1,18
6WMS,C,1,19
6WMS,C,1,20
6WMS,C,1,21
6WMS,C,1,22
6WMS,C,1,23
6WMS,D,1,1
6WMS,D,1,2
6WMS,D,1,3
6WMS,D,1,4
6WMS,D,1,5
6WMS,D,1,6
6WMS,D,1,19
6WMS,D,1,20
6WMS,D,1,21
6WMS,D,1,22
6WMS,D,1,23
6WOK,A,1,1
6WOK,A,1,2
6WOK,A,1,3
6WOK,A,1,4
6WOK,A,1,5
6WOK,A,1,6
6WOK,A,1,7
6WOK,A,1,8
6WOK,A,1,9
6WOK,A,1,10
6WOK,A,1,11
6WOK,A,1,12
6WOK,A,1,13
6WOK,A,1,14
6WOK,A,1,15
6WOK,A,1,16
6WOK,A,1,17
6WOK,A,1,18
6WOK,A,1,19
6WOK,A,1,20
6WOK,A,1,21
6WOK,A,1,22
6WOK,A,1,23
6WOK,A,1,24
6WOK,A,1,25
6WOK,A,1,26
6WOK,A,1,27
6WOK,A,1,28
6WOK,A,1,29
6WOK,A,1,30
6WOK,A,1,31
6WOK,A,1,32
6WOK,A,1,189
6WOK,A,1,190
6WOK,A,1,191
6WOK,A,1,256
6WOK,A,1,257
6WOK,A,1,258
6WOK,A,1,259
6WOK,A,1,260
6WOK,A,1,261
6WOK,A,1,273
6WOK,A,1,274
6WOK,A,1,275
6WOK,A,1,276
6WOK,A,1,277
6WOK,A,1,278
6WOK,A,1,279
6WOK,A,1,280
6WOK,B,1,1
6WOK,B,1,2
6WOK,B,1,3
6WOK,B,1,4
6WOK,B,1,5
6WOK,B,1,6
6WOK,B,1,7
6WOK,B,1,8
6WOK,B,1,9
6WOK,B,1,10
6WOK,B,1,11
6WOK,B,1,12
6WOK,B,1,13
6WOK,B,1,14
6WOK,B,1,15
6WOK,B,1,16
6WOK,B,1,17
6WOK,B,1,18
6WOK,B,1,19
6WOK,B,1,20
6WOK,B,1,21
6WOK,B,1,22
6WOK,B,1,23
6WOK,B,1,24
6WOK,B,1,25
6WOK,B,1,26
6WOK,B,1,27
6WOK,B,1,28
6WOK,B,1,29
6WOK,B,1,30
6WOK,B,1,31
6WOK,B,1,32
6WOK,B,1,60
6WOK,B,1,61
6WOK,B,1,62
6WOK,B,1,63
6WOK,B,1,64
6WOK,B,1,65
6WOK,B,1,66
6WOK,B,1,67
6WOK,B,1,188
6WOK,B,1,189
6WOK,B,1,190
6WOK,B,1,191
6WOK,B,1,192
6WOK,B,1,193
6WOK,B,1,194
6WOK,B,1,273
6WOK,B,1,274
6WOK,B,1,275
6WOK,B,1,276
6WOK,B,1,277
6WOK,B,1,278
6WOK,B,1,279
6WOK,B,1,280
6WOK,C,1,1
6WOK,C,1,2
6WOK,C,1,3
6WOK,C,1,4
6WOK,C,1,5
6WOK,C,1,6
6WOK,C,1,7
6WOK,C,1,8
6WOK,C,1,9
6WOK,C,1,10
6WOK,C,1,11
6WOK,C,1,12
6WOK,C,1,13
6WOK,C,1,14
6WOK,C,1,15
6WOK,C,1,16
6WOK,C,1,17
6WOK,C,1,18
6WOK,C,1,19
6WOK,C,1,20
6WOK,C,1,21
6WOK,C,1,22
6WOK,C,1,23
6WOK,C,1,24
6WOK,C,1,25
6WOK,C,1,26
6WOK,C,1,27
6WOK,C,1,28
6WOK,C,1,29
6WOK,C,1,30
6WOK,C,1,31
6WOK,C,1,32
6WOK,C,1,189
6WOK,C,1,190
6WOK,C,1,191
6WOK,C,1,257
6WOK,C,1,258
6WOK,C,1,259
6WOK,C,1,260
6WOK,C,1,273
6WOK,C,1,274
6WOK,C,1,275
6WOK,C,1,276
6WOK,C,1,277
6WOK,C,1,278
6WOK,C,1,279
6WOK,C,1,280
6WOK,D,1,1
6WOK,D,1,2
6WOK,D,1,3
6WOK,D,1,4
6WOK,D,1,5
6WOK,D,1,6
6WOK,D,1,7
6WOK,D,1,8
6WOK,D,1,9
6WOK,D,1,10
6WOK,D,1,11
6WOK,D,1,12
6WOK,D,1,13
6WOK,D,1,14
6WOK,D,1,15
6WOK,D,1,16
6WOK,D,1,17
6WOK,D,1,18
6WOK,D,1,19
6WOK,D,1,20
6WOK,D,1,21
6WOK,D,1,22
6WOK,D,1,23
6WOK,D,1,24
6WOK,D,1,25
6WOK,D,1,26
6WOK,D,1,27
6WOK,D,1,28
6WOK,D,1,29
6WOK,D,1,30
6WOK,D,1,31
6WOK,D,1,32
6WOK,D,1,63
6WOK,D,1,64
6WOK,D,1,65
6WOK,D,1,66
6WOK,D,1,67
6WOK,D,1,189
6WOK,D,1,190
6WOK,D,1,257
6WOK,D,1,258
6WOK,D,1,259
6WOK,D,1,273
6WOK,D,1,274
6WOK,D,1,275
6WOK,D,1,276
6WOK,D,1,277
6WOK,D,1,278
6WOK,D,1,279
6WOK,D,1,280
6XAE,A,1,1
6XAE,A,1,2
6XAE,A,1,3
6XAE,A,1,4
6XAE,A,1,5
6XAE,A,1,6
6XAE,A,1,7
6XAE,A,1,8
6XAE,A,1,9
6XAE,A,1,10
6XAE,A,1,11
6XAE,A,1,12
6XAE,A,1,13
6XAE,A,1,14
6XAE,A,1,15
6XAE,A,1,16
6XAE,A,1,17
6XAE,A,1,18
6XAE,A,1,19
6XAE,A,1,20
6XAE,A,1,265
6XAE,A,1,266
6XAE,A,1,267
6XAE,A,1,268
6XAE,A,1,269
6XAE,A,1,270
6XAE,A,1,271
6XAE,A,1,272
6XAE,A,1,273
6XAE,A,1,274
6XAE,A,1,275
6XAE,A,1,276
6XFV,A,1,1
6XFV,A,1,2
6XFV,A,1,3
6XFV,A,1,4
6XFV,A,1,5
6XFV,A,1,6
6XFV,A,1,7
6XFV,A,1,8
6XFV,A,1,9
6XFV,A,1,10
6XFV,A,1,11
6XFV,A,1,12
6XFV,A,1,13
6XFV,A,1,14
6XFV,A,1,15
6XFV,A,1,16
6XFV,A,1,17
6XFV,A,1,18
6XFV,A,1,19
6XFV,A,1,20
6XFV,A,1,21
6XFV,A,1,243
6XFV,A,1,244
6XFV,A,1,245
6XFV,A,1,246
6XFV,A,1,247
6XFV,A,1,248
6XFV,A,1,249
6XFV,A,1,250
6XFV,A,1,251
6XFV,A,1,252
6XFV,A,1,253
6XFV,A,1,254
6XFV,A,1,255
6XFV,A,1,256
6XFV,A,1,257
6XFV,A,1,258
6XFV,A,1,259
6XFV,A,1,260
6XFV,A,1,261
6XFV,A,1,262
6XFV,A,1,263
6XFV,A,1,264
6XFV,A,1,265
6XFV,B,1,1
6XFV,B,1,2
6XFV,B,1,3
6XFV,B,1,4
6XFV,B,1,5
6XFV,B,1,6
6XFV,B,1,7
6XFV,B,1,8
6XFV,B,1,9
6XFV,B,1,10
6XFV,B,1,11
6XFV,B,1,12
6XFV,B,1,13
6XFV,B,1,14
6XFV,B,1,15
6XFV,B,1,16
6XFV,B,1,17
6XFV,B,1,18
6XFV,B,1,19
6XFV,B,1,20
6XFV,B,1,21
6XFV,B,1,243
6XFV,B,1,244
6XFV,B,1,245
6XFV,B,1,246
6XFV,B,1,247
6XFV,B,1,248
6XFV,B,1,249
6XFV,B,1,250
6XFV,B,1,251
6XFV,B,1,252
6XFV,B,1,253
6XFV,B,1,254
6XFV,B,1,255
6XFV,B,1,256
6XFV,B,1,257
6XFV,B,1,258
6XFV,B,1,259
6XFV,B,1,260
6XFV,B,1,261
6XFV,B,1,262
6XFV,B,1,263
6XFV,B,1,264
6XFV,B,1,265
6XP9,A,1,1
6XP9,A,1,2
6XP9,A,1,3
6XP9,A,1,4
6XP9,A,1,5
6XP9,A,1,6
6XP9,A,1,7
6XP9,A,1,8
6XP9,A,1,9
6XP9,A,1,10
6XP9,A,1,11
6XP9,A,1,12
6XP9,A,1,13
6XP9,A,1,14
6XP9,A,1,15
6XP9,A,1,16
6XP9,A,1,17
6XP9,A,1,18
6XP9,A,1,19
6XP9,A,1,56
6XP9,A,1,57
6XP9,A,1,58
6XP9,A,1,59
6XP9,A,1,60
6XP9,A,1,61
6XP9,A,1,62
6XP9,A,1,63
6XP9,A,1,64
6XP9,A,1,65
6XP9,A,1,66
6XP9,A,1,67
6XP9,A,1,68
6XP9,A,1,69
6XP9,A,1,70
6XP9,A,1,71
6XP9,A,1,72
6XP9,A,1,73
6XP9,A,1,74
6XP9,A,1,75
6XP9,A,1,76
6XP9,A,1,85
6XP9,A,1,86
6XP9,A,1,87
6XP9,A,1,107
6XP9,A,1,108
6XP9,A,1,109
6XP9,A,1,110
6XP9,A,1,111
6XP9,A,1,112
6XP9,A,1,113
6XP9,A,1,189
6XP9,A,1,190
6XP9,A,1,191
6XP9,A,1,192
6XP9,A,1,193
6XP9,A,1,194
6XP9,A,1,195
6XP9,A,1,196
6XP9,A,1,310
6XP9,A,1,311
6XP9,A,1,312
6XP9,A,1,313
6XP9,A,1,314
6XP9,A,1,315
6XP9,A,1,316
6XP9,A,1,317
6XP9,A,1,318
6XP9,A,1,319
6XP9,A,1,320
6XP9,A,1,321
6XP9,A,1,322
6XP9,A,1,338
6XP9,A,1,339
6XP9,A,1,340
6XP9,A,1,341
6XP9,A,1,342
6XP9,A,1,343
6XP9,A,1,344
6XP9,A,1,345
6XP9,A,1,346
6XP9,A,1,347
6XP9,A,1,348
6XP9,A,1,349
6XP9,A,1,350
6XP9,A,1,351
6XP9,B,1,1
6XP9,B,1,2
6XP9,B,1,3
6XP9,B,1,4
6XP9,B,1,5
6XP9,B,1,6
6XP9,B,1,7
6XP9,B,1,8
6XP9,B,1,9
6XP9,B,1,10
6XP9,B,1,11
6XP9,B,1,12
6XP9,B,1,13
6XP9,B,1,14
6XP9,B,1,15
6XP9,B,1,16
6XP9,B,1,17
6XP9,B,1,18
6XP9,B,1,19
6XP9,B,1,56
6XP9,B,1,57
6XP9,B,1,58
6XP9,B,1,59
6XP9,B,1,60
6XP9,B,1,61
6XP9,B,1,62
6XP9,B,1,63
6XP9,B,1,64
6XP9,B,1,65
6XP9,B,1,66
6XP9,B,1,67
6XP9,B,1,68
6XP9,B,1,69
6XP9,B,1,70
6XP9,B,1,71
6XP9,B,1,72
6XP9,B,1,73
6XP9,B,1,74
6XP9,B,1,75
6XP9,B,1,76
6XP9,B,1,77
6XP9,B,1,78
6XP9,B,1,79
6XP9,B,1,80
6XP9,B,1,81
6XP9,B,1,82
6XP9,B,1,83
6XP9,B,1,84
6XP9,B,1,85
6XP9,B,1,86
6XP9,B,1,87
6XP9,B,1,107
6XP9,B,1,108
6XP9,B,1,109
6XP9,B,1,110
6XP9,B,1,111
6XP9,B,1,112
6XP9,B,1,113
6XP9,B,1,188
6XP9,B,1,189
6XP9,B,1,190
6XP9,B,1,191
6XP9,B,1,192
6XP9,B,1,311
6XP9,B,1,312
6XP9,B,1,313
6XP9,B,1,314
6XP9,B,1,315
6XP9,B,1,316
6XP9,B,1,317
6XP9,B,1,318
6XP9,B,1,319
6XP9,B,1,320
6XP9,B,1,321
6XP9,B,1,322
6XP9,B,1,341
6XP9,B,1,342
6XP9,B,1,343
6XP9,B,1,344
6XP9,B,1,345
6XP9,B,1,346
6XP9,B,1,347
6XP9,B,1,348
6XP9,B,1,349
6XP9,B,1,350
6XP9,B,1,351
6Y3U,A,1,61
6Y3U,A,1,62
6Y3U,A,1,63
6Y3U,A,1,64
6Y3U,A,1,65
6Y3U,A,1,66
6Y3U,A,1,67
6Y3U,A,1,68
6Y3U,A,1,69
6Y3U,A,1,70
6Y3U,A,1,71
6Y3U,A,1,72
6Y3U,A,1,73
6Y3U,A,1,74
6Y3U,A,1,75
6Y3U,A,1,276
6Y3U,A,1,277
6Y58,B,1,1
6Y58,B,1,2
6YMO,A,1,1
6YMO,A,1,2
6YMO,A,1,3
6YMO,A,1,4
6YMO,A,1,5
6YMO,B,1,1
6YMO,B,1,2
6YMO,B,1,3
6YMO,B,1,4
6YMO,B,1,5
6YMO,C,1,1
6YMO,C,1,2
6YMO,C,1,3
6YMO,C,1,4
6YMO,C,1,5
6YMO,C,1,11
6YMO,C,1,12
6YMO,C,1,13
6YMO,D,1,1
6YMO,D,1,2
6YMO,D,1,3
6YMO,D,1,4
6YMO,D,1,11
6YMO,D,1,12
6YMO,D,1,13
6YO8,A,1,1
6YO8,A,1,2
6YO8,A,1,3
6YO8,A,1,4
6YO8,A,1,5
6YO8,B,1,1
6YO8,B,1,2
6YO8,B,1,3
6YO8,B,1,4
6YO8,B,1,5
6YO8,C,1,1
6YO8,C,1,2
6YO8,C,1,3
6YO8,C,1,4
6YO8,C,1,5
6YO8,C,1,77
6YO8,C,1,78
6YO8,C,1,79
6YO8,C,1,80
6YO8,C,1,81
6YO8,D,1,1
6YO8,D,1,2
6YO8,D,1,3
6YO8,D,1,4
6YO8,D,1,5
6YO8,E,1,1
6YO8,F,1,1
6YO8,G,1,1
6YO8,G,1,2
6YO8,H,1,1
6YO8,H,1,2
6YOS,A,1,1
6YOS,A,1,2
6YOS,A,1,3
6YOS,A,1,4
6YOS,A,1,5
6YOS,A,1,74
6YOS,A,1,75
6YOS,A,1,76
6YOS,A,1,77
6YOS,A,1,78
6YOS,A,1,79
6YOS,B,1,1
6YOS,B,1,2
6YOS,B,1,3
6YOS,B,1,4
6YOS,B,1,5
6YOS,B,1,74
6YOS,B,1,75
6YOS,B,1,76
6YOS,B,1,77
6YOS,B,1,210
6YOS,B,1,211
6YOS,B,1,212
6YOS,B,1,213
6YOS,B,1,214
6YOS,B,1,215
6YOS,B,1,235
6YOS,C,1,1
6YOS,C,1,2
6YOS,C,1,12
6YOS,C,1,13
6YOS,C,1,14
6YOS,C,1,15
6YOS,C,1,16
6YOS,C,1,17
6YOS,C,1,18
6YOS,C,1,19
6YOS,C,1,20
6YOS,C,1,30
6YOS,C,1,31
6ZLY,A,1,1
6ZLY,A,1,2
6ZLY,A,1,3
6ZLY,A,1,4
6ZLY,A,1,5
6ZLY,A,1,6
6ZLY,A,1,7
6ZLY,A,1,8
6ZLY,A,1,9
6ZLY,A,1,10
6ZLY,A,1,11
6ZLY,A,1,12
6ZLY,A,1,13
6ZLY,A,1,14
6ZLY,A,1,15
6ZLY,A,1,16
6ZLY,A,1,17
6ZLY,A,1,18
6ZLY,A,1,19
6ZLY,A,1,20
6ZLY,A,1,21
6ZLY,A,1,22
6ZLY,A,1,23
6ZLY,A,1,24
6ZLY,A,1,25
6ZLY,A,1,26
6ZLY,A,1,27
6ZLY,A,1,28
6ZLY,A,1,29
6ZLY,A,1,83
6ZLY,A,1,84
6ZLY,A,1,85
6ZLY,A,1,86
6ZLY,A,1,87
6ZLY,A,1,88
6ZLY,A,1,89
6ZLY,A,1,90
6ZLY,A,1,91
6ZLY,A,1,92
6ZLY,A,1,93
6ZLY,A,1,94
6ZLY,A,1,95
6ZLY,A,1,96
6ZLY,A,1,97
6ZLY,A,1,98
6ZLY,A,1,298
6ZLY,A,1,299
6ZLY,A,1,300
6ZLY,B,1,1
6ZLY,B,1,2
6ZLY,B,1,3
6ZLY,B,1,4
6ZLY,B,1,5
6ZLY,B,1,6
6ZLY,B,1,7
6ZLY,B,1,8
6ZLY,B,1,9
6ZLY,B,1,10
6ZLY,B,1,11
6ZLY,B,1,12
6ZLY,B,1,13
6ZLY,B,1,14
6ZLY,B,1,15
6ZLY,B,1,16
6ZLY,B,1,17
6ZLY,B,1,18
6ZLY,B,1,19
6ZLY,B,1,20
6ZLY,B,1,21
6ZLY,B,1,22
6ZLY,B,1,23
6ZLY,B,1,24
6ZLY,B,1,25
6ZLY,B,1,26
6ZLY,B,1,27
6ZLY,B,1,28
6ZLY,B,1,29
6ZLY,B,1,65
6ZLY,B,1,81
6ZLY,B,1,82
6ZLY,B,1,83
6ZLY,B,1,84
6ZLY,B,1,85
6ZLY,B,1,86
6ZLY,B,1,87
6ZLY,B,1,88
6ZLY,B,1,89
6ZLY,B,1,90
6ZLY,B,1,91
6ZLY,B,1,92
6ZLY,B,1,93
6ZLY,B,1,94
6ZLY,B,1,95
6ZLY,B,1,96
6ZLY,B,1,97
6ZLY,B,1,98
6ZLY,B,1,285
6ZLY,B,1,286
6ZLY,B,1,287
6ZLY,B,1,288
6ZLY,B,1,297
6ZLY,B,1,298
6ZLY,B,1,299
6ZLY,B,1,300
6ZOQ,A,1,116
6ZOQ,A,1,117
6ZOQ,A,1,157
6ZOQ,A,1,158
6ZOQ,A,1,159
6ZOQ,A,1,160
6ZOQ,A,1,161
6ZOQ,A,1,162
6ZOQ,A,1,163
6ZOQ,A,1,164
6ZOQ,A,1,165
6ZOQ,A,1,166
6ZOQ,A,1,167
6ZOQ,A,1,227
6ZOQ,A,1,228
6ZOQ,A,1,229
6ZOQ,A,1,251
6ZOQ,A,1,252
6ZOQ,B,1,1
6ZOQ,B,1,2
6ZOQ,B,1,3
6ZOQ,B,1,30
6ZOQ,B,1,31
6ZOQ,B,1,32
6ZOQ,B,1,33
6ZOQ,B,1,113
6ZOQ,B,1,114
6ZOQ,B,1,115
6ZOQ,B,1,162
6ZOQ,B,1,163
6ZOQ,B,1,164
6ZOQ,B,1,165
6ZOQ,B,1,166
6ZOQ,B,1,227
6ZOQ,B,1,228
6ZOQ,B,1,229
6ZOQ,B,1,230
6ZOQ,B,1,231
6ZOQ,B,1,246
6ZOQ,B,1,247
6ZOQ,B,1,248
6ZOQ,B,1,249
6ZOQ,B,1,250
6ZOQ,B,1,251
6ZOQ,B,1,252
6ZOR,A,1,159
6ZOR,A,1,160
6ZOR,A,1,161
6ZOR,A,1,162
6ZOR,A,1,163
6ZOR,A,1,164
6ZOR,A,1,165
6ZOR,A,1,166
6ZOR,A,1,227
6ZOR,A,1,228
6ZOR,A,1,229
6ZOR,A,1,230
6ZOR,A,1,251
6ZOR,A,1,252
6ZOR,B,1,1
6ZOR,B,1,2
6ZOR,B,1,3
6ZOR,B,1,30
6ZOR,B,1,31
6ZOR,B,1,32
6ZOR,B,1,33
6ZOR,B,1,160
6ZOR,B,1,161
6ZOR,B,1,162
6ZOR,B,1,163
6ZOR,B,1,164
6ZOR,B,1,165
6ZOR,B,1,166
6ZOR,B,1,227
6ZOR,B,1,228
6ZOR,B,1,229
6ZOR,B,1,230
6ZOR,B,1,246
6ZOR,B,1,247
6ZOR,B,1,248
6ZOR,B,1,249
6ZOR,B,1,250
6ZOR,B,1,251
6ZOR,B,1,252
6ZOS,A,1,159
6ZOS,A,1,160
6ZOS,A,1,161
6ZOS,A,1,162
6ZOS,A,1,163
6ZOS,A,1,164
6ZOS,A,1,165
6ZOS,A,1,251
6ZOS,A,1,252
6ZOS,B,1,1
6ZOS,B,1,2
6ZOS,B,1,3
6ZOS,B,1,4
6ZOS,B,1,31
6ZOS,B,1,32
6ZOS,B,1,33
6ZOS,B,1,166
6ZOS,B,1,167
6ZOS,B,1,227
6ZOS,B,1,228
6ZOS,B,1,245
6ZOS,B,1,246
6ZOS,B,1,247
6ZOS,B,1,248
6ZOS,B,1,249
6ZOS,B,1,250
6ZOS,B,1,251
6ZOS,B,1,252
7A77,A,1,1
7A77,A,1,2
7A77,A,1,3
7A77,A,1,4
7A77,A,1,33
7A77,A,1,34
7A77,A,1,35
7A77,A,1,36
7A77,A,1,37
7A77,A,1,38
7A77,A,1,39
7A77,A,1,40
7A77,A,1,41
7A77,A,1,239
7A77,A,1,240
7A77,A,1,241
7A77,A,1,242
7A77,B,1,13
7A77,B,1,14
7A78,A,1,1
7A78,A,1,2
7A78,A,1,18
7A78,A,1,19
7A78,A,1,20
7A78,A,1,21
7A78,A,1,22
7A78,A,1,23
7A78,A,1,24
7A78,A,1,25
7A78,A,1,26
7A78,A,1,27
7A78,A,1,28
7A78,A,1,29
7A78,A,1,30
7A78,A,1,31
7A78,A,1,32
7A78,A,1,33
7A78,A,1,34
7A78,A,1,35
7A78,A,1,36
7A78,A,1,37
7A78,A,1,235
7A78,A,1,236
7A78,A,1,237
7A78,A,1,238
7A78,B,1,14
7A79,A,1,18
7A79,A,1,19
7A79,A,1,20
7A79,A,1,21
7A79,A,1,22
7A79,A,1,23
7A79,A,1,24
7A79,A,1,25
7A79,A,1,26
7A79,A,1,27
7A79,A,1,28
7A79,A,1,29
7A79,A,1,30
7A79,A,1,31
7A79,A,1,230
7A79,A,1,231
7A79,A,1,232
7A79,A,1,233
7A79,B,1,20
7A79,B,1,21
7A79,B,1,22
7A79,B,1,23
7A79,B,1,24
7A79,B,1,25
7A79,B,1,26
7A79,B,1,27
7A79,B,1,28
7A79,B,1,29
7A79,B,1,30
7A79,B,1,31
7A79,B,1,230
7A79,B,1,231
7A79,B,1,232
7A79,B,1,233
7A79,C,1,14
7A79,D,1,14
7A7H,A,1,59
7A7H,A,1,60
7A7H,A,1,61
7A7H,A,1,62
7A7H,A,1,63
7A7H,A,1,64
7A7H,A,1,65
7A7H,A,1,66
7A7H,A,1,67
7A7H,A,1,68
7A7H,A,1,69
7A7H,A,1,70
7A7H,A,1,71
7A7H,A,1,72
7A7H,A,1,73
7A7H,A,1,261
7A7H,A,1,262
7A7H,A,1,263
7A7H,A,1,276
7A7H,A,1,277
7AHJ,A,1,38
7AHJ,A,1,39
7AHJ,A,1,40
7AHJ,A,1,41
7AHJ,A,1,62
7AHJ,A,1,63
7AHJ,A,1,64
7AHJ,A,1,65
7AHJ,A,1,66
7AHJ,A,1,67
7AHJ,A,1,68
7AHJ,A,1,69
7AHJ,A,1,70
7AHJ,A,1,71
7AHJ,A,1,72
7AHJ,B,1,1
7AHJ,B,1,2
7AHJ,B,1,3
7AHJ,B,1,38
7AHJ,B,1,39
7AHJ,B,1,40
7AHJ,B,1,41
7AHJ,B,1,69
7AHJ,B,1,70
7AHJ,B,1,71
7AHJ,B,1,72
7AOS,A,1,20
7AOS,A,1,21
7AOS,A,1,22
7AOS,A,1,23
7AOS,A,1,24
7AOS,A,1,25
7AOS,A,1,26
7AOS,A,1,27
7AOS,A,1,28
7AOS,A,1,29
7AOS,A,1,30
7AOS,A,1,31
7AOS,A,1,218
7AOS,A,1,219
7AOS,A,1,220
7AOS,A,1,221
7AOS,A,1,233
7AOS,A,1,234
7AOS,A,1,235
7AOS,A,1,236
7AOS,A,1,237
7AOS,A,1,238
7AOS,B,1,1
7AOS,B,1,2
7AOS,B,1,3
7AOS,B,1,4
7AOS,B,1,5
7AOS,B,1,6
7AOS,B,1,7
7AOS,B,1,8
7AOS,B,1,9
7AOS,B,1,10
7AOS,B,1,11
7AOS,B,1,12
7AOS,B,1,13
7AOS,B,1,14
7AOS,B,1,15
7AOS,B,1,16
7AOS,B,1,17
7AOS,B,1,18
7AOS,B,1,19
7AOS,B,1,261
7AOS,B,1,262
7AOS,B,1,263
7AOS,B,1,264
7AOS,B,1,265
7AOS,B,1,266
7AOS,C,1,12
7AOS,C,1,13
7AOS,C,1,14
7AOS,C,1,15
7AOS,C,1,16
7AOS,C,1,17
7AOS,C,1,18
7AOS,C,1,19
7AOS,C,1,20
7AOS,C,1,21
7AOS,C,1,22
7AOS,C,1,23
7AOS,C,1,24
7AOS,C,1,25
7AOS,C,1,26
7AOS,C,1,27
7AOS,D,1,1
7AOS,D,1,2
7AOS,D,1,3
7AOS,D,1,11
7AOS,D,1,12
7AOS,D,1,13
7AOS,D,1,14
7AOS,D,1,15
7AOS,D,1,16
7AOS,D,1,17
7AOS,D,1,18
7AOS,D,1,19
7AOS,D,1,20
7AOS,D,1,21
7AOS,D,1,22
7AOS,D,1,23
7AOS,D,1,24
7AOS,D,1,25
7AOS,D,1,26
7AOS,D,1,27
7APO,A,1,1
7APO,A,1,2
7APO,A,1,3
7APO,A,1,4
7APO,A,1,5
7APO,A,1,6
7APO,A,1,7
7APO,A,1,8
7APO,A,1,9
7APO,A,1,10
7APO,A,1,244
7APO,A,1,245
7APO,A,1,246
7APO,A,1,247
7APO,A,1,248
7APO,A,1,249
7APO,B,1,1
7APO,B,1,2
7APO,B,1,3
7APO,B,1,4
7APO,B,1,5
7APO,B,1,6
7APO,B,1,7
7APO,B,1,8
7APO,B,1,9
7APO,B,1,196
7APO,B,1,197
7APO,B,1,245
7APO,B,1,246
7APO,B,1,247
7APO,B,1,248
7APO,B,1,249
7APO,C,1,1
7APO,C,1,28
7APO,D,1,1
7APO,D,1,28
7AWC,A,1,64
7AWC,A,1,65
7AWC,A,1,66
7AWC,A,1,67
7AWC,A,1,68
7AWC,A,1,69
7AWD,A,1,65
7AWD,A,1,66
7AWD,A,1,67
7AWD,A,1,68
7AWD,A,1,277
7AX8,A,1,1
7AX8,A,1,2
7AX8,A,1,3
7AX8,A,1,4
7AX8,A,1,5
7AX8,A,1,6
7AX8,A,1,7
7AX8,A,1,8
7AX8,A,1,9
7AX8,A,1,10
7AX8,A,1,11
7AX8,A,1,12
7AX8,A,1,13
7AX8,A,1,14
7AX8,A,1,15
7AX8,A,1,16
7AX8,A,1,17
7AX8,A,1,18
7AX8,A,1,19
7AX8,A,1,20
7AX8,A,1,21
7AX8,A,1,22
7AX8,A,1,23
7AX8,A,1,60
7AX8,A,1,61
7AX8,A,1,62
7AX8,A,1,63
7AX8,A,1,64
7AX8,A,1,65
7AX8,A,1,66
7AX8,A,1,67
7AX8,A,1,68
7AX8,A,1,69
7AX8,A,1,70
7AX8,A,1,71
7AX8,A,1,72
7AX8,A,1,73
7AX8,A,1,74
7AX8,A,1,75
7AX8,A,1,76
7AX8,A,1,193
7AX8,A,1,194
7AX8,A,1,195
7AX8,A,1,196
7AX9,A,1,1
7AX9,A,1,2
7AX9,A,1,3
7AX9,A,1,4
7AX9,A,1,5
7AX9,A,1,6
7AX9,A,1,7
7AX9,A,1,8
7AX9,A,1,9
7AX9,A,1,10
7AX9,A,1,11
7AX9,A,1,12
7AX9,A,1,13
7AX9,A,1,14
7AX9,A,1,15
7AX9,A,1,16
7AX9,A,1,17
7AX9,A,1,18
7AX9,A,1,19
7AX9,A,1,20
7AX9,A,1,21
7AX9,A,1,22
7AX9,A,1,23
7AX9,A,1,60
7AX9,A,1,61
7AX9,A,1,62
7AX9,A,1,63
7AX9,A,1,64
7AX9,A,1,65
7AX9,A,1,66
7AX9,A,1,67
7AX9,A,1,68
7AX9,A,1,69
7AX9,A,1,70
7AX9,A,1,71
7AX9,A,1,72
7AX9,A,1,73
7AX9,A,1,74
7AX9,A,1,75
7AX9,A,1,76
7AX9,A,1,77
7AX9,A,1,194
7AXA,A,1,1
7AXA,A,1,2
7AXA,A,1,3
7AXA,A,1,4
7AXA,A,1,5
7AXA,A,1,6
7AXA,A,1,7
7AXA,A,1,8
7AXA,A,1,9
7AXA,A,1,10
7AXA,A,1,11
7AXA,A,1,12
7AXA,A,1,13
7AXA,A,1,14
7AXA,A,1,15
7AXA,A,1,16
7AXA,A,1,17
7AXA,A,1,18
7AXA,A,1,19
7AXA,A,1,20
7AXA,A,1,21
7AXA,A,1,22
7AXA,A,1,23
7AXA,A,1,60
7AXA,A,1,61
7AXA,A,1,62
7AXA,A,1,63
7AXA,A,1,64
7AXA,A,1,65
7AXA,A,1,66
7AXA,A,1,67
7AXA,A,1,68
7AXA,A,1,69
7AXA,A,1,70
7AXA,A,1,71
7AXA,A,1,72
7AXA,A,1,73
7AXA,A,1,74
7AXA,A,1,75
7AXA,A,1,76
7AXA,A,1,193
7AXA,A,1,194
7AXA,A,1,195
7AXA,A,1,196
7AXA,A,1,197
7AXA,A,1,318
7AXA,A,1,319
7AXA,A,1,320
7AXB,A,1,1
7AXB,A,1,2
7AXB,A,1,3
7AXB,A,1,4
7AXB,A,1,5
7AXB,A,1,6
7AXB,A,1,7
7AXB,A,1,8
7AXB,A,1,9
7AXB,A,1,10
7AXB,A,1,11
7AXB,A,1,12
7AXB,A,1,13
7AXB,A,1,14
7AXB,A,1,15
7AXB,A,1,16
7AXB,A,1,17
7AXB,A,1,18
7AXB,A,1,19
7AXB,A,1,20
7AXB,A,1,21
7AXB,A,1,22
7AXB,A,1,23
7AXB,A,1,60
7AXB,A,1,61
7AXB,A,1,62
7AXB,A,1,63
7AXB,A,1,64
7AXB,A,1,65
7AXB,A,1,66
7AXB,A,1,67
7AXB,A,1,68
7AXB,A,1,69
7AXB,A,1,70
7AXB,A,1,71
7AXB,A,1,72
7AXB,A,1,73
7AXB,A,1,74
7AXB,A,1,75
7AXB,A,1,76
7AXB,A,1,193
7AXB,A,1,194
7AXB,A,1,195
7AXB,A,1,196
7AXC,A,1,1
7AXC,A,1,2
7AXC,A,1,3
7AXC,A,1,4
7AXC,A,1,5
7AXC,A,1,6
7AXC,A,1,7
7AXC,A,1,8
7AXC,A,1,9
7AXC,A,1,10
7AXC,A,1,11
7AXC,A,1,12
7AXC,A,1,13
7AXC,A,1,14
7AXC,A,1,15
7AXC,A,1,16
7AXC,A,1,17
7AXC,A,1,18
7AXC,A,1,19
7AXC,A,1,20
7AXC,A,1,21
7AXC,A,1,22
7AXC,A,1,23
7AXC,A,1,59
7AXC,A,1,60
7AXC,A,1,61
7AXC,A,1,62
7AXC,A,1,63
7AXC,A,1,64
7AXC,A,1,65
7AXC,A,1,66
7AXC,A,1,67
7AXC,A,1,68
7AXC,A,1,69
7AXC,A,1,70
7AXC,A,1,71
7AXC,A,1,72
7AXC,A,1,73
7AXC,A,1,74
7AXC,A,1,75
7AXC,A,1,76
7AXC,A,1,77
7AXC,A,1,90
7AXC,A,1,91
7AXC,A,1,113
7AXC,A,1,114
7AXC,A,1,115
7AXC,A,1,116
7AXC,A,1,193
7AXC,A,1,194
7AXC,A,1,195
7AXC,A,1,196
7AXD,A,1,1
7AXD,A,1,2
7AXD,A,1,3
7AXD,A,1,4
7AXD,A,1,5
7AXD,A,1,6
7AXD,A,1,7
7AXD,A,1,8
7AXD,A,1,9
7AXD,A,1,10
7AXD,A,1,11
7AXD,A,1,12
7AXD,A,1,13
7AXD,A,1,14
7AXD,A,1,15
7AXD,A,1,16
7AXD,A,1,17
7AXD,A,1,18
7AXD,A,1,19
7AXD,A,1,20
7AXD,A,1,21
7AXD,A,1,22
7AXD,A,1,23
7AXD,A,1,60
7AXD,A,1,61
7AXD,A,1,62
7AXD,A,1,63
7AXD,A,1,64
7AXD,A,1,65
7AXD,A,1,66
7AXD,A,1,67
7AXD,A,1,68
7AXD,A,1,69
7AXD,A,1,70
7AXD,A,1,71
7AXD,A,1,72
7AXD,A,1,73
7AXD,A,1,74
7AXD,A,1,75
7AXD,A,1,76
7AXD,A,1,77
7AXD,A,1,193
7AXD,A,1,194
7AXD,A,1,195
7AXD,A,1,196
7AXE,A,1,1
7AXE,A,1,2
7AXE,A,1,3
7AXE,A,1,4
7AXE,A,1,5
7AXE,A,1,6
7AXE,A,1,7
7AXE,A,1,8
7AXE,A,1,9
7AXE,A,1,10
7AXE,A,1,11
7AXE,A,1,12
7AXE,A,1,13
7AXE,A,1,14
7AXE,A,1,15
7AXE,A,1,16
7AXE,A,1,17
7AXE,A,1,18
7AXE,A,1,19
7AXE,A,1,20
7AXE,A,1,21
7AXE,A,1,61
7AXE,A,1,62
7AXE,A,1,63
7AXE,A,1,64
7AXE,A,1,65
7AXE,A,1,66
7AXE,A,1,67
7AXE,A,1,68
7AXE,A,1,69
7AXE,A,1,70
7AXE,A,1,71
7AXE,A,1,72
7AXE,A,1,73
7AXE,A,1,74
7AXE,A,1,75
7AXE,A,1,76
7AXE,A,1,77
7AXE,A,1,193
7AXE,A,1,194
7AXF,A,1,1
7AXF,A,1,2
7AXF,A,1,3
7AXF,A,1,4
7AXF,A,1,5
7AXF,A,1,6
7AXF,A,1,7
7AXF,A,1,8
7AXF,A,1,9
7AXF,A,1,10
7AXF,A,1,11
7AXF,A,1,12
7AXF,A,1,13
7AXF,A,1,14
7AXF,A,1,15
7AXF,A,1,16
7AXF,A,1,17
7AXF,A,1,18
7AXF,A,1,19
7AXF,A,1,20
7AXF,A,1,21
7AXF,A,1,60
7AXF,A,1,61
7AXF,A,1,62
7AXF,A,1,63
7AXF,A,1,64
7AXF,A,1,65
7AXF,A,1,66
7AXF,A,1,67
7AXF,A,1,68
7AXF,A,1,69
7AXF,A,1,70
7AXF,A,1,71
7AXF,A,1,72
7AXF,A,1,73
7AXF,A,1,74
7AXF,A,1,75
7AXF,A,1,76
7AXF,A,1,77
7AXF,A,1,78
7AXF,A,1,79
7AXF,A,1,80
7AXF,A,1,81
7AXF,A,1,82
7AXF,A,1,112
7AXF,A,1,113
7AXF,A,1,114
7AXF,A,1,115
7AXF,A,1,193
7AXF,A,1,194
7AXF,A,1,195
7AXF,A,1,196
7AXG,A,1,1
7AXG,A,1,2
7AXG,A,1,3
7AXG,A,1,4
7AXG,A,1,5
7AXG,A,1,6
7AXG,A,1,7
7AXG,A,1,8
7AXG,A,1,9
7AXG,A,1,10
7AXG,A,1,11
7AXG,A,1,12
7AXG,A,1,13
7AXG,A,1,14
7AXG,A,1,15
7AXG,A,1,16
7AXG,A,1,17
7AXG,A,1,18
7AXG,A,1,19
7AXG,A,1,20
7AXG,A,1,21
7AXG,A,1,22
7AXG,A,1,23
7AXG,A,1,60
7AXG,A,1,61
7AXG,A,1,62
7AXG,A,1,63
7AXG,A,1,64
7AXG,A,1,65
7AXG,A,1,66
7AXG,A,1,67
7AXG,A,1,68
7AXG,A,1,69
7AXG,A,1,70
7AXG,A,1,71
7AXG,A,1,72
7AXG,A,1,73
7AXG,A,1,74
7AXG,A,1,75
7AXG,A,1,76
7AXG,A,1,77
7AXG,A,1,78
7AXG,A,1,113
7AXG,A,1,114
7AXG,A,1,115
7AXG,A,1,193
7AXG,A,1,194
7AXG,A,1,195
7AXG,A,1,318
7AXG,A,1,319
7AXG,A,1,320
7AXH,A,1,1
7AXH,A,1,2
7AXH,A,1,3
7AXH,A,1,4
7AXH,A,1,5
7AXH,A,1,6
7AXH,A,1,7
7AXH,A,1,8
7AXH,A,1,9
7AXH,A,1,10
7AXH,A,1,11
7AXH,A,1,12
7AXH,A,1,13
7AXH,A,1,14
7AXH,A,1,15
7AXH,A,1,16
7AXH,A,1,17
7AXH,A,1,18
7AXH,A,1,19
7AXH,A,1,20
7AXH,A,1,21
7AXH,A,1,22
7AXH,A,1,60
7AXH,A,1,61
7AXH,A,1,62
7AXH,A,1,63
7AXH,A,1,64
7AXH,A,1,65
7AXH,A,1,66
7AXH,A,1,67
7AXH,A,1,68
7AXH,A,1,69
7AXH,A,1,70
7AXH,A,1,71
7AXH,A,1,72
7AXH,A,1,73
7AXH,A,1,74
7AXH,A,1,75
7AXH,A,1,76
7AXH,A,1,77
7AXH,A,1,193
7AXH,A,1,194
7AXH,A,1,195
7AXH,A,1,196
7AXI,A,1,1
7AXI,A,1,2
7AXI,A,1,3
7AXI,A,1,4
7AXI,A,1,5
7AXI,A,1,6
7AXI,A,1,7
7AXI,A,1,8
7AXI,A,1,9
7AXI,A,1,10
7AXI,A,1,11
7AXI,A,1,12
7AXI,A,1,13
7AXI,A,1,14
7AXI,A,1,15
7AXI,A,1,16
7AXI,A,1,17
7AXI,A,1,18
7AXI,A,1,19
7AXI,A,1,20
7AXI,A,1,21
7AXI,A,1,22
7AXI,A,1,23
7AXI,A,1,60
7AXI,A,1,61
7AXI,A,1,62
7AXI,A,1,63
7AXI,A,1,64
7AXI,A,1,65
7AXI,A,1,66
7AXI,A,1,67
7AXI,A,1,68
7AXI,A,1,69
7AXI,A,1,70
7AXI,A,1,71
7AXI,A,1,72
7AXI,A,1,73
7AXI,A,1,74
7AXI,A,1,75
7AXI,A,1,76
7AXI,A,1,193
7AXI,A,1,194
7AXI,A,1,195
7AXI,A,1,196
7AXJ,A,1,1
7AXJ,A,1,2
7AXJ,A,1,3
7AXJ,A,1,4
7AXJ,A,1,5
7AXJ,A,1,6
7AXJ,A,1,7
7AXJ,A,1,8
7AXJ,A,1,9
7AXJ,A,1,10
7AXJ,A,1,11
7AXJ,A,1,12
7AXJ,A,1,13
7AXJ,A,1,14
7AXJ,A,1,15
7AXJ,A,1,16
7AXJ,A,1,17
7AXJ,A,1,18
7AXJ,A,1,19
7AXJ,A,1,20
7AXJ,A,1,21
7AXJ,A,1,22
7AXJ,A,1,23
7AXJ,A,1,60
7AXJ,A,1,61
7AXJ,A,1,62
7AXJ,A,1,63
7AXJ,A,1,64
7AXJ,A,1,65
7AXJ,A,1,66
7AXJ,A,1,67
7AXJ,A,1,68
7AXJ,A,1,69
7AXJ,A,1,70
7AXJ,A,1,71
7AXJ,A,1,72
7AXJ,A,1,73
7AXJ,A,1,192
7AXJ,A,1,193
7AXJ,A,1,194
7AXJ,A,1,195
7AXJ,A,1,318
7AXJ,A,1,319
7AXJ,A,1,320
7AXK,A,1,1
7AXK,A,1,2
7AXK,A,1,3
7AXK,A,1,4
7AXK,A,1,5
7AXK,A,1,6
7AXK,A,1,7
7AXK,A,1,8
7AXK,A,1,9
7AXK,A,1,10
7AXK,A,1,11
7AXK,A,1,12
7AXK,A,1,13
7AXK,A,1,14
7AXK,A,1,15
7AXK,A,1,16
7AXK,A,1,17
7AXK,A,1,18
7AXK,A,1,19
7AXK,A,1,20
7AXK,A,1,21
7AXK,A,1,22
7AXK,A,1,23
7AXK,A,1,60
7AXK,A,1,61
7AXK,A,1,62
7AXK,A,1,63
7AXK,A,1,64
7AXK,A,1,65
7AXK,A,1,66
7AXK,A,1,67
7AXK,A,1,68
7AXK,A,1,69
7AXK,A,1,70
7AXK,A,1,71
7AXK,A,1,72
7AXK,A,1,73
7AXK,A,1,74
7AXK,A,1,75
7AXK,A,1,76
7AXK,A,1,193
7AXK,A,1,194
7AXK,A,1,195
7AXK,A,1,196
7AXL,A,1,1
7AXL,A,1,2
7AXL,A,1,3
7AXL,A,1,4
7AXL,A,1,5
7AXL,A,1,6
7AXL,A,1,7
7AXL,A,1,8
7AXL,A,1,9
7AXL,A,1,10
7AXL,A,1,11
7AXL,A,1,12
7AXL,A,1,13
7AXL,A,1,14
7AXL,A,1,15
7AXL,A,1,16
7AXL,A,1,17
7AXL,A,1,18
7AXL,A,1,19
7AXL,A,1,20
7AXL,A,1,21
7AXL,A,1,60
7AXL,A,1,61
7AXL,A,1,62
7AXL,A,1,63
7AXL,A,1,64
7AXL,A,1,65
7AXL,A,1,66
7AXL,A,1,67
7AXL,A,1,68
7AXL,A,1,69
7AXL,A,1,70
7AXL,A,1,71
7AXL,A,1,72
7AXL,A,1,73
7AXL,A,1,74
7AXL,A,1,75
7AXL,A,1,76
7AXL,A,1,77
7AXL,A,1,317
7AXL,A,1,318
7AXL,A,1,319
7AXL,A,1,320
7B88,A,1,1
7B88,A,1,19
7B88,A,1,20
7B88,A,1,21
7B88,A,1,22
7B88,A,1,23
7B88,A,1,24
7B88,A,1,25
7B88,A,1,26
7B88,A,1,27
7B88,A,1,28
7B88,A,1,29
7B88,A,1,30
7B88,A,1,31
7B88,A,1,32
7B88,A,1,33
7B88,A,1,34
7B88,A,1,35
7B88,B,1,14
7B9O,A,1,1
7B9O,A,1,2
7B9O,A,1,18
7B9O,A,1,19
7B9O,A,1,20
7B9O,A,1,21
7B9O,A,1,22
7B9O,A,1,23
7B9O,A,1,24
7B9O,A,1,25
7B9O,A,1,26
7B9O,A,1,27
7B9O,A,1,28
7B9O,A,1,29
7B9O,A,1,30
7B9O,A,1,31
7B9O,A,1,32
7B9O,A,1,33
7B9O,A,1,34
7B9O,A,1,35
7B9O,A,1,36
7B9O,B,1,13
7B9O,B,1,14
7BK4,A,1,1
7BK4,A,1,2
7BK4,A,1,3
7BK4,A,1,4
7BK4,A,1,5
7BK4,A,1,6
7BK4,A,1,7
7BK4,A,1,37
7BK4,A,1,38
7BK4,A,1,39
7BK4,A,1,40
7BK4,A,1,41
7BK4,A,1,42
7BK4,A,1,43
7BK4,A,1,239
7BK4,A,1,240
7BK4,A,1,241
7BK4,A,1,242
7BK4,A,1,243
7BK4,A,1,244
7BK4,B,1,21
7BK4,B,1,22
7BK4,B,1,23
7BK4,B,1,24
7BK4,B,1,25
7BK4,B,1,26
7BK4,B,1,27
7BK4,B,1,28
7BK4,C,1,1
7BK4,C,1,2
7BK4,C,1,3
7BK4,C,1,4
7BK4,C,1,5
7BK4,C,1,6
7BK4,C,1,7
7BK4,C,1,8
7BK4,C,1,9
7BK4,C,1,10
7BK4,C,1,26
7BK4,C,1,27
7BK4,C,1,28
7BK4,C,1,29
7BK4,C,1,30
7BK4,C,1,31
7BK4,C,1,32
7BK4,C,1,33
7BK4,C,1,34
7BK4,C,1,35
7BK4,C,1,36
7BK4,C,1,37
7BK4,C,1,38
7BK4,C,1,39
7BK4,C,1,40
7BK4,C,1,41
7BK4,C,1,42
7BK4,C,1,43
7BK4,C,1,44
7BK4,C,1,240
7BK4,C,1,241
7BK4,C,1,242
7BK4,C,1,243
7BK4,C,1,244
7BK4,D,1,1
7BK4,D,1,10
7BK4,D,1,11
7BK4,D,1,12
7BK4,D,1,13
7BK4,D,1,14
7BK4,D,1,15
7BK4,D,1,16
7BK4,D,1,17
7BK4,D,1,18
7BK4,D,1,19
7BK4,D,1,20
7BK4,D,1,21
7BK4,D,1,22
7BK4,D,1,23
7BK4,D,1,24
7BK4,D,1,25
7BK4,D,1,26
7BK4,D,1,27
7BK4,D,1,28
7BPY,A,1,1
7BPY,A,1,2
7BPY,B,1,15
7BPY,C,1,1
7BPY,C,1,2
7BPY,C,1,3
7BPY,C,1,4
7BPY,C,1,5
7BPY,C,1,6
7BPY,C,1,7
7BPY,D,1,1
7BPY,D,1,2
7BPY,D,1,3
7BPY,D,1,15
7BPZ,A,1,1
7BPZ,A,1,2
7BPZ,A,1,63
7BPZ,A,1,64
7BPZ,A,1,65
7BPZ,A,1,66
7BPZ,A,1,67
7BPZ,A,1,68
7BPZ,B,1,1
7BPZ,B,1,2
7BPZ,B,1,3
7BPZ,B,1,15
7BPZ,C,1,1
7BPZ,C,1,2
7BPZ,C,1,3
7BPZ,C,1,4
7BPZ,C,1,5
7BPZ,C,1,6
7BPZ,C,1,61
7BPZ,C,1,62
7BPZ,C,1,63
7BPZ,C,1,64
7BPZ,C,1,65
7BPZ,C,1,66
7BPZ,C,1,67
7BPZ,C,1,68
7BPZ,D,1,1
7BPZ,D,1,2
7BPZ,D,1,3
7BPZ,D,1,4
7BPZ,D,1,5
7BPZ,D,1,14
7BPZ,D,1,15
7BQ0,A,1,1
7BQ0,A,1,2
7BQ0,A,1,3
7BQ0,B,1,1
7BQ0,B,1,15
7BQ0,C,1,1
7BQ0,C,1,2
7BQ0,D,1,1
7BQ0,D,1,15
7BQ1,A,1,1
7BQ1,A,1,2
7BQ1,A,1,3
7BQ1,A,1,4
7BQ1,A,1,5
7BQ1,A,1,6
7BQ1,A,1,37
7BQ1,A,1,38
7BQ1,A,1,39
7BQ1,A,1,67
7BQ1,A,1,68
7BQ1,A,1,69
7BQ1,B,1,1
7BQ1,B,1,2
7BQ1,B,1,3
7BQ1,B,1,14
7BQ1,B,1,15
7BQ2,A,1,1
7BQ2,A,1,2
7BQ2,A,1,3
7BQ2,A,1,4
7BQ2,A,1,5
7BQ2,A,1,37
7BQ2,A,1,38
7BQ2,A,1,39
7BQ2,A,1,40
7BQ2,A,1,41
7BQ2,A,1,66
7BQ2,A,1,67
7BQ2,A,1,68
7BQ2,A,1,69
7BQ2,B,1,1
7BQ2,B,1,2
7BQ2,B,1,3
7BQ2,B,1,14
7BQ2,B,1,15
7BQ3,A,1,1
7BQ3,A,1,2
7BQ3,A,1,3
7BQ3,A,1,4
7BQ3,A,1,5
7BQ3,A,1,6
7BQ3,A,1,37
7BQ3,A,1,38
7BQ3,A,1,39
7BQ3,A,1,40
7BQ3,A,1,41
7BQ3,A,1,63
7BQ3,A,1,64
7BQ3,A,1,65
7BQ3,A,1,66
7BQ3,A,1,67
7BQ3,A,1,68
7BQ3,A,1,69
7BQ3,B,1,1
7BQ3,B,1,2
7BQ3,B,1,3
7BQ3,B,1,15
7BQ4,A,1,1
7BQ4,A,1,2
7BQ4,A,1,3
7BQ4,A,1,4
7BQ4,A,1,5
7BQ4,A,1,37
7BQ4,A,1,38
7BQ4,A,1,39
7BQ4,A,1,40
7BQ4,A,1,41
7BQ4,A,1,67
7BQ4,A,1,68
7BQ4,A,1,69
7BQ4,B,1,1
7BQ4,B,1,2
7BQ4,B,1,3
7BQ4,B,1,14
7BQ4,B,1,15
7C6Q,A,1,1
7C6Q,A,1,2
7C6Q,A,1,3
7C6Q,A,1,4
7C6Q,A,1,63
7C6Q,A,1,64
7C6Q,A,1,65
7C6Q,A,1,66
7C6Q,A,1,67
7C6Q,B,1,1
7C6Q,B,1,2
7C6Q,B,1,3
7C6Q,B,1,4
7C6Q,B,1,5
7C6Q,B,1,6
7C6Q,B,1,15
7C6Q,B,1,16
7C6Q,B,1,17
7C6Q,B,1,18
7CFO,A,1,1
7CFO,A,1,2
7CFO,A,1,3
7CFO,A,1,4
7CFO,A,1,5
7CFO,A,1,6
7CFO,A,1,7
7CFO,A,1,8
7CFO,A,1,9
7CFO,A,1,10
7CFO,A,1,11
7CFO,A,1,12
7CFO,A,1,13
7CFO,A,1,14
7CFO,A,1,15
7CFO,A,1,16
7CFO,A,1,17
7CFO,A,1,18
7CFO,A,1,19
7CFO,A,1,20
7CFO,A,1,21
7CFO,A,1,22
7CFO,A,1,23
7CFO,A,1,24
7CFO,A,1,25
7CFO,A,1,26
7CFO,A,1,27
7CFO,A,1,28
7CFO,A,1,29
7CFO,A,1,30
7CFO,A,1,31
7CFO,A,1,32
7CFO,A,1,33
7CFO,A,1,34
7CFO,A,1,35
7CFO,A,1,36
7CFO,A,1,37
7CFO,A,1,38
7CFO,A,1,39
7CFO,A,1,40
7CFO,A,1,41
7CFO,A,1,42
7CFO,A,1,43
7CFO,A,1,44
7CFO,A,1,109
7CFO,A,1,110
7CFO,A,1,240
7CFO,A,1,241
7CFO,A,1,242
7CFO,A,1,243
7CFO,B,1,1
7CFO,B,1,2
7CFO,B,1,3
7CFO,B,1,4
7CFO,B,1,5
7CFO,B,1,6
7CFO,B,1,7
7CFO,B,1,8
7CFO,B,1,9
7CFO,B,1,10
7CFO,B,1,11
7CFO,B,1,23
7CFO,B,1,24
7CFO,B,1,25
7CFO,B,1,26
7CFO,B,1,27
7CFO,B,1,28
7CFO,B,1,29
7CFO,B,1,30
7CFO,B,1,31
7CFO,B,1,32
7CFO,B,1,33
7CFO,B,1,34
7CFO,B,1,35
7CFO,B,1,36
7CFO,B,1,37
7CFO,B,1,38
7CFO,B,1,39
7CFO,B,1,40
7CFO,B,1,41
7CFO,B,1,42
7CFO,B,1,43
7CFO,B,1,44
7CFO,B,1,240
7CFO,B,1,241
7CFO,B,1,242
7CFO,B,1,243
7CFO,C,1,1
7CFO,C,1,2
7CFO,C,1,3
7CFO,C,1,4
7CFO,C,1,5
7CFO,C,1,6
7CFO,C,1,7
7CFO,C,1,8
7CFO,C,1,9
7CFO,C,1,10
7CFO,C,1,11
7CFO,C,1,25
7CFO,C,1,26
7CFO,C,1,27
7CFO,C,1,28
7CFO,C,1,29
7CFO,C,1,30
7CFO,C,1,31
7CFO,C,1,32
7CFO,C,1,33
7CFO,C,1,34
7CFO,C,1,35
7CFO,C,1,36
7CFO,C,1,37
7CFO,C,1,38
7CFO,C,1,39
7CFO,C,1,40
7CFO,C,1,41
7CFO,C,1,42
7CFO,C,1,43
7CFO,C,1,44
7CFO,C,1,238
7CFO,C,1,239
7CFO,C,1,240
7CFO,C,1,241
7CFO,C,1,242
7CFO,C,1,243
7CFO,D,1,1
7CFO,D,1,2
7CFO,D,1,3
7CFO,D,1,4
7CFO,D,1,5
7CFO,D,1,6
7CFO,D,1,7
7CFO,D,1,8
7CFO,D,1,9
7CFO,D,1,10
7CFO,D,1,11
7CFO,D,1,12
7CFO,D,1,13
7CFO,D,1,14
7CFO,D,1,15
7CFO,D,1,16
7CFO,D,1,17
7CFO,D,1,18
7CFO,D,1,19
7CFO,D,1,20
7CFO,D,1,21
7CFO,D,1,22
7CFO,D,1,23
7CFO,D,1,24
7CFO,D,1,25
7CFO,D,1,26
7CFO,D,1,27
7CFO,D,1,28
7CFO,D,1,29
7CFO,D,1,30
7CFO,D,1,31
7CFO,D,1,32
7CFO,D,1,33
7CFO,D,1,34
7CFO,D,1,35
7CFO,D,1,36
7CFO,D,1,37
7CFO,D,1,38
7CFO,D,1,39
7CFO,D,1,40
7CFO,D,1,41
7CFO,D,1,42
7CFO,D,1,43
7CFO,D,1,44
7CFO,D,1,45
7CFO,D,1,46
7CFO,D,1,47
7CFO,D,1,48
7CFO,D,1,108
7CFO,D,1,109
7CFO,D,1,110
7CFO,D,1,111
7CFO,D,1,240
7CFO,D,1,241
7CFO,D,1,242
7CFO,D,1,243
7CXE,A,1,1
7CXE,A,1,2
7CXE,A,1,3
7CXE,A,1,4
7CXE,A,1,5
7CXE,A,1,6
7CXE,A,1,7
7CXE,A,1,8
7CXE,A,1,9
7CXE,A,1,10
7CXE,A,1,71
7CXE,A,1,72
7CXE,A,1,73
7CXE,A,1,74
7CXE,A,1,75
7CXE,A,1,76
7CXE,A,1,77
7CXE,A,1,78
7CXE,A,1,79
7CXE,A,1,80
7CXE,A,1,81
7CXE,B,1,1
7CXE,B,1,2
7CXE,B,1,3
7CXE,B,1,4
7CXE,B,1,5
7CXE,B,1,6
7CXE,B,1,7
7CXE,B,1,8
7CXE,B,1,9
7CXE,B,1,10
7CXE,B,1,11
7CXE,B,1,12
7CXE,B,1,47
7CXE,B,1,48
7CXE,B,1,49
7CXE,B,1,50
7CXE,B,1,72
7CXE,B,1,73
7CXE,B,1,74
7CXE,B,1,75
7CXE,B,1,76
7CXE,B,1,77
7CXE,B,1,78
7CXE,B,1,79
7CXE,B,1,80
7CXE,B,1,281
7CXE,B,1,282
7CXE,B,1,283
7CXF,A,1,1
7CXF,A,1,2
7CXF,A,1,3
7CXF,A,1,4
7CXF,A,1,5
7CXF,A,1,6
7CXF,A,1,7
7CXF,A,1,8
7CXF,A,1,9
7CXF,A,1,10
7CXF,A,1,11
7CXF,B,1,1
7CXF,B,1,13
7CXF,B,1,14
7CXF,B,1,15
7CXF,B,1,16
7CXG,A,1,1
7CXG,A,1,2
7CXG,A,1,3
7CXG,A,1,4
7CXG,A,1,5
7CXG,A,1,6
7CXG,A,1,7
7CXG,A,1,8
7CXG,A,1,9
7CXG,A,1,10
7CXG,A,1,73
7CXG,A,1,74
7CXG,A,1,75
7CXG,A,1,76
7CXG,A,1,77
7CXG,A,1,78
7CXG,A,1,79
7CXG,A,1,80
7CXG,B,1,1
7CXG,B,1,2
7CXG,B,1,3
7CXG,B,1,4
7CXG,B,1,5
7CXG,B,1,6
7CXG,B,1,7
7CXG,B,1,8
7CXG,B,1,9
7CXG,B,1,10
7CXG,B,1,11
7CXG,B,1,12
7CXG,B,1,13
7CXG,B,1,46
7CXG,B,1,47
7CXG,B,1,48
7CXG,B,1,49
7CXG,B,1,50
7CXH,A,1,1
7CXH,A,1,2
7CXH,A,1,3
7CXH,A,1,4
7CXH,A,1,5
7CXH,A,1,6
7CXH,A,1,7
7CXH,A,1,8
7CXH,A,1,9
7CXH,B,1,1
7CXH,B,1,13
7CXH,B,1,14
7CXH,B,1,15
7CXH,B,1,16
7CXI,A,1,1
7CXI,A,1,2
7CXI,A,1,3
7CXI,A,1,4
7CXI,A,1,5
7CXI,A,1,6
7CXI,A,1,7
7CXI,A,1,8
7CXI,A,1,9
7CXI,A,1,10
7CXI,A,1,11
7CXI,A,1,12
7CXI,A,1,71
7CXI,A,1,72
7CXI,A,1,73
7CXI,A,1,74
7CXI,A,1,75
7CXI,A,1,76
7CXI,A,1,77
7CXI,A,1,78
7CXI,A,1,79
7CXI,A,1,80
7CXI,B,1,1
7CXI,B,1,13
7CXI,B,1,14
7CXI,B,1,15
7CXI,B,1,16
7CXJ,A,1,1
7CXJ,A,1,2
7CXJ,A,1,3
7CXJ,A,1,4
7CXJ,A,1,5
7CXJ,A,1,6
7CXJ,A,1,7
7CXJ,A,1,8
7CXJ,A,1,9
7CXJ,A,1,10
7CXJ,A,1,11
7CXJ,A,1,12
7CXJ,A,1,70
7CXJ,A,1,71
7CXJ,A,1,72
7CXJ,A,1,73
7CXJ,A,1,74
7CXJ,A,1,75
7CXJ,A,1,76
7CXJ,A,1,77
7CXJ,A,1,78
7CXJ,A,1,79
7CXJ,A,1,80
7CXJ,A,1,283
7CXJ,B,1,1
7CXJ,B,1,13
7CXJ,B,1,14
7CXJ,B,1,15
7CXJ,B,1,16
7CXK,A,1,1
7CXK,A,1,2
7CXK,A,1,3
7CXK,A,1,4
7CXK,A,1,5
7CXK,A,1,6
7CXK,A,1,7
7CXK,A,1,8
7CXK,A,1,9
7CXK,A,1,10
7CXK,A,1,72
7CXK,A,1,73
7CXK,A,1,74
7CXK,A,1,75
7CXK,A,1,76
7CXK,A,1,77
7CXK,A,1,78
7CXK,A,1,79
7CXK,A,1,80
7CXK,B,1,1
7CXK,B,1,13
7CXK,B,1,14
7CXK,B,1,15
7CXK,B,1,16
7CXL,A,1,1
7CXL,A,1,2
7CXL,A,1,3
7CXL,A,1,4
7CXL,A,1,5
7CXL,A,1,6
7CXL,A,1,7
7CXL,A,1,8
7CXL,A,1,9
7CXL,A,1,10
7CXL,A,1,11
7CXL,A,1,12
7CXL,A,1,72
7CXL,A,1,73
7CXL,A,1,74
7CXL,A,1,75
7CXL,A,1,76
7CXL,A,1,77
7CXL,A,1,78
7CXL,A,1,79
7CXL,A,1,80
7CXL,B,1,1
7CXL,B,1,13
7CXL,B,1,14
7CXL,B,1,15
7CXL,B,1,16
7D42,A,1,1
7D42,A,1,2
7D42,A,1,3
7D42,A,1,4
7D42,A,1,5
7D42,A,1,6
7D42,A,1,7
7D42,A,1,8
7D42,A,1,9
7D42,A,1,10
7D42,A,1,11
7D42,A,1,12
7D42,A,1,13
7D42,A,1,14
7D42,A,1,15
7D42,A,1,16
7D42,A,1,17
7D42,A,1,18
7D42,A,1,19
7D42,A,1,20
7D42,A,1,21
7D42,A,1,22
7D42,A,1,119
7D42,B,1,1
7D42,B,1,13
7D42,B,1,14
7E0A,A,1,1
7E0A,A,1,2
7E0A,A,1,3
7E0A,A,1,4
7E0A,A,1,70
7E0A,A,1,71
7E0A,A,1,72
7E0A,A,1,73
7E0A,A,1,74
7E0A,A,1,75
7E0A,A,1,76
7E0A,A,1,77
7E0A,A,1,280
7E2E,A,1,1
7E2E,A,1,2
7E2E,A,1,3
7E2E,A,1,4
7E2E,A,1,5
7E2E,A,1,6
7E2E,A,1,7
7E2E,A,1,8
7E2E,A,1,9
7E2E,A,1,10
7E2E,A,1,11
7E2E,A,1,12
7E2E,A,1,13
7E2E,A,1,14
7E2E,A,1,37
7E2E,A,1,38
7E2E,A,1,39
7E2E,A,1,40
7E2E,A,1,41
7E2E,A,1,42
7E2E,A,1,188
7E2E,A,1,189
7E2E,A,1,190
7E2E,A,1,191
7E2E,A,1,192
7E2E,A,1,193
7E2E,A,1,194
7E2E,A,1,195
7E2E,A,1,196
7E2E,C,1,1
7E2E,C,1,2
7E2E,C,1,3
7E2E,C,1,4
7E2E,C,1,5
7E2E,C,1,6
7E2E,C,1,7
7E2E,C,1,8
7E2E,C,1,9
7E2E,C,1,10
7E2E,C,1,11
7E2E,C,1,12
7E2E,C,1,13
7E2E,C,1,14
7E2E,C,1,37
7E2E,C,1,38
7E2E,C,1,39
7E2E,C,1,40
7E2E,C,1,41
7E2E,C,1,42
7E2E,C,1,188
7E2E,C,1,189
7E2E,C,1,190
7E2E,C,1,191
7E2E,C,1,192
7E2E,C,1,193
7E2E,C,1,194
7E2E,C,1,195
7E2E,C,1,196
7E2O,A,1,1
7E2O,A,1,2
7E2O,A,1,3
7E2O,A,1,4
7E2O,A,1,5
7E2O,A,1,40
7E2O,A,1,62
7E2O,A,1,63
7E2O,A,1,64
7E2O,A,1,65
7E2O,A,1,66
7E2O,A,1,67
7E2O,A,1,68
7E2O,A,1,69
7E2O,A,1,70
7E2O,A,1,71
7E2O,A,1,72
7E2O,A,1,73
7E2O,A,1,74
7E2O,A,1,274
7E2O,A,1,275
7E2O,A,1,276
7E2O,B,1,1
7E2O,B,1,2
7E2O,B,1,3
7E2O,B,1,4
7E2O,B,1,5
7E2O,B,1,40
7E2O,B,1,41
7E2O,B,1,62
7E2O,B,1,63
7E2O,B,1,64
7E2O,B,1,65
7E2O,B,1,66
7E2O,B,1,67
7E2O,B,1,68
7E2O,B,1,69
7E2O,B,1,70
7E2O,B,1,71
7E2O,B,1,72
7E2O,B,1,73
7E2O,B,1,74
7E2O,B,1,259
7E2O,B,1,260
7E2O,B,1,261
7E2O,B,1,262
7E2O,B,1,263
7E2O,B,1,264
7E2O,B,1,265
7E2O,B,1,274
7E2O,B,1,275
7E2O,B,1,276
7E5F,A,1,1
7E5F,A,1,2
7E5F,A,1,3
7E5F,A,1,4
7E5F,A,1,37
7E5F,A,1,38
7E5F,A,1,39
7E5F,A,1,40
7E5F,A,1,41
7E5G,A,1,1
7E5G,A,1,2
7E5G,A,1,3
7E5G,A,1,4
7E5G,A,1,37
7E5G,A,1,38
7E5G,A,1,39
7E5G,A,1,40
7E5H,A,1,1
7E5H,A,1,2
7E5H,A,1,3
7E5H,A,1,4
7E5H,A,1,37
7E5H,A,1,38
7E5H,A,1,39
7E5H,A,1,40
7E5H,A,1,41
7E5I,A,1,1
7E5I,A,1,2
7E5I,A,1,3
7E5I,A,1,4
7E5I,A,1,37
7E5I,A,1,38
7E5I,A,1,39
7E5I,A,1,40
7EFQ,A,1,1
7EFQ,A,1,2
7EFQ,A,1,3
7EFQ,A,1,4
7EFQ,A,1,5
7EFQ,A,1,39
7EFQ,A,1,63
7EFQ,A,1,64
7EFQ,A,1,65
7EFQ,A,1,66
7EFQ,A,1,67
7EFQ,A,1,68
7EFQ,A,1,69
7EFQ,A,1,70
7EFQ,A,1,71
7EFQ,A,1,72
7EFQ,A,1,73
7EFQ,A,1,274
7EFQ,A,1,275
7EFQ,A,1,276
7EFQ,B,1,1
7EFQ,B,1,2
7EFQ,B,1,3
7EFQ,B,1,4
7EFQ,B,1,5
7EFQ,B,1,39
7EFQ,B,1,40
7EFQ,B,1,41
7EFQ,B,1,69
7EFQ,B,1,70
7EFQ,B,1,71
7EFQ,B,1,72
7EFQ,B,1,73
7EFQ,B,1,261
7EFQ,B,1,262
7EFQ,B,1,263
7EFQ,B,1,264
7EFQ,B,1,265
7EFQ,B,1,274
7EFQ,B,1,275
7EFQ,B,1,276
7F80,A,1,1
7F80,A,1,2
7F80,A,1,3
7F80,A,1,38
7F80,A,1,39
7F80,A,1,40
7F80,A,1,41
7F80,A,1,42
7F80,A,1,43
7F80,A,1,59
7F80,A,1,60
7F80,A,1,61
7F80,A,1,62
7F80,A,1,63
7F80,A,1,64
7F80,A,1,65
7F80,A,1,66
7F80,A,1,67
7F80,A,1,274
7F80,A,1,275
7F80,B,1,1
7F80,B,1,2
7F80,B,1,3
7F80,B,1,4
7F80,B,1,5
7F80,B,1,6
7F80,B,1,7
7F80,B,1,37
7F80,B,1,38
7F80,B,1,39
7F80,B,1,40
7F80,B,1,41
7F80,B,1,42
7F80,B,1,43
7F80,B,1,63
7F80,B,1,64
7F80,B,1,65
7F80,B,1,66
7F80,B,1,67
7F80,B,1,274
7F80,B,1,275
7JH2,A,1,1
7JH2,A,1,2
7JH2,A,1,3
7JH2,A,1,4
7JH2,A,1,5
7JH2,A,1,6
7JH2,A,1,7
7JH2,A,1,8
7JH2,A,1,9
7JH2,A,1,10
7JH2,A,1,11
7JH2,A,1,12
7JH2,A,1,13
7JH2,A,1,14
7JH2,A,1,15
7JH2,A,1,16
7JH2,A,1,17
7JH2,A,1,18
7JH2,A,1,19
7JH2,A,1,20
7JH2,A,1,21
7JH2,A,1,235
7JH2,A,1,236
7JH2,A,1,237
7JH2,A,1,238
7JH2,A,1,239
7JH2,A,1,240
7JH2,A,1,241
7JH2,A,1,242
7JH2,A,1,243
7JH2,A,1,244
7JH2,A,1,245
7JH2,A,1,246
7JH2,A,1,247
7JH2,A,1,248
7JH2,A,1,249
7JH2,A,1,250
7JH2,A,1,251
7JH2,A,1,252
7JH2,A,1,253
7JH2,A,1,254
7JH2,A,1,255
7JH2,A,1,256
7JH2,A,1,257
7JH2,A,1,258
7JH2,A,1,259
7JH2,A,1,260
7JH2,A,1,261
7JH2,A,1,262
7JH2,A,1,263
7JH2,A,1,264
7JH2,A,1,265
7JH2,B,1,1
7JH2,B,1,2
7JH2,B,1,3
7JH2,B,1,4
7JH2,B,1,5
7JH2,B,1,6
7JH2,B,1,7
7JH2,B,1,8
7JH2,B,1,9
7JH2,B,1,10
7JH2,B,1,11
7JH2,B,1,12
7JH2,B,1,13
7JH2,B,1,14
7JH2,B,1,15
7JH2,B,1,16
7JH2,B,1,17
7JH2,B,1,18
7JH2,B,1,19
7JH2,B,1,20
7JH2,B,1,21
7JH2,B,1,248
7JH2,B,1,249
7JH2,B,1,250
7JH2,B,1,251
7JH2,B,1,252
7JH2,B,1,253
7JH2,B,1,254
7JH2,B,1,255
7JH2,B,1,256
7JH2,B,1,257
7JH2,B,1,258
7JH2,B,1,259
7JH2,B,1,260
7JH2,B,1,261
7JH2,B,1,262
7JH2,B,1,263
7JH2,B,1,264
7JH2,B,1,265
7JHD,A,1,1
7JHD,A,1,2
7JHD,A,1,3
7JHD,A,1,28
7JHD,A,1,29
7JHD,A,1,30
7JHD,A,1,31
7JHD,A,1,32
7JHD,A,1,33
7JHD,A,1,158
7JHD,A,1,159
7JHD,A,1,160
7JHD,A,1,161
7JHD,A,1,162
7JHD,A,1,163
7JHD,A,1,164
7JHD,A,1,165
7JHD,A,1,166
7JHD,A,1,167
7JHD,A,1,168
7JHD,A,1,169
7JHD,A,1,246
7JHD,A,1,247
7JHD,A,1,248
7JHD,A,1,249
7JHD,A,1,250
7JHD,A,1,251
7JHD,B,1,1
7JHD,B,1,2
7JHD,B,1,3
7JHD,B,1,30
7JHD,B,1,31
7JHD,B,1,32
7JHD,B,1,33
7JHD,B,1,34
7JHD,B,1,158
7JHD,B,1,159
7JHD,B,1,160
7JHD,B,1,161
7JHD,B,1,162
7JHD,B,1,163
7JHD,B,1,164
7JHD,B,1,165
7JHD,B,1,166
7JHD,B,1,167
7JHD,B,1,168
7JHD,B,1,229
7JHD,B,1,230
7JHD,B,1,231
7JHD,B,1,246
7JHD,B,1,247
7JHD,B,1,248
7JHD,B,1,249
7JHD,B,1,250
7JHD,B,1,251
7JHD,C,1,1
7JHD,C,1,2
7JHD,C,1,11
7JHD,C,1,12
7JHD,C,1,13
7JHD,D,1,1
7JHD,D,1,2
7JHD,D,1,11
7JHD,D,1,12
7JHD,D,1,13
7JQG,A,1,1
7JQG,A,1,2
7JQG,A,1,3
7JQG,A,1,4
7JQG,A,1,5
7JQG,A,1,38
7JQG,A,1,39
7JQG,A,1,40
7JQG,A,1,59
7JQG,A,1,60
7JQG,A,1,61
7JQG,A,1,62
7JQG,A,1,63
7JQG,A,1,64
7JQG,A,1,65
7JQG,A,1,66
7JQG,A,1,67
7JQG,A,1,68
7JQG,A,1,69
7JQG,A,1,70
7JQG,A,1,71
7JQG,A,1,72
7JQG,A,1,73
7JQG,A,1,274
7JQG,A,1,275
7JQG,A,1,276
7JQG,B,1,1
7JQG,B,1,2
7JQG,B,1,3
7JQG,B,1,4
7JQG,B,1,5
7JQG,B,1,37
7JQG,B,1,38
7JQG,B,1,39
7JQG,B,1,40
7JQG,B,1,41
7JQG,B,1,64
7JQG,B,1,65
7JQG,B,1,66
7JQG,B,1,67
7JQG,B,1,68
7JQG,B,1,69
7JQG,B,1,70
7JQG,B,1,71
7JQG,B,1,72
7JQG,B,1,73
7JQG,B,1,261
7JQG,B,1,262
7JQG,B,1,263
7JQG,B,1,264
7JQG,B,1,274
7JQG,B,1,275
7JQG,B,1,276
7JTM,A,1,1
7JTM,A,1,2
7JTM,A,1,3
7JTM,A,1,4
7JTM,A,1,5
7JTM,A,1,6
7JTM,A,1,7
7JTM,A,1,8
7JTM,A,1,9
7JTM,A,1,10
7JTM,A,1,11
7JTM,A,1,12
7JTM,A,1,13
7JTM,A,1,14
7JTM,A,1,15
7JTM,A,1,16
7JTM,A,1,17
7JTM,A,1,18
7JTM,A,1,19
7JTM,A,1,20
7JTM,A,1,265
7JTM,A,1,266
7JTM,A,1,267
7JTM,A,1,268
7JTM,A,1,269
7JTM,A,1,270
7JTM,A,1,271
7JTM,A,1,272
7JTM,A,1,273
7JTM,A,1,274
7JTM,A,1,275
7JTM,A,1,276
7JTW,A,1,1
7JTW,A,1,2
7JTW,A,1,3
7JTW,A,1,4
7JTW,A,1,5
7JTW,A,1,6
7JTW,A,1,7
7JTW,A,1,8
7JTW,A,1,9
7JTW,A,1,10
7JTW,A,1,270
7JYD,A,1,1
7JYD,A,1,2
7JYD,A,1,3
7JYD,A,1,244
7JYD,A,1,245
7JYD,A,1,246
7JYD,B,1,1
7JYD,B,1,2
7JYE,A,1,1
7JYE,A,1,2
7JYE,A,1,3
7JYE,A,1,246
7JYE,B,1,1
7JYE,B,1,2
7JYM,A,1,1
7JYM,A,1,2
7JYM,A,1,3
7JYM,A,1,4
7JYM,A,1,5
7JYM,A,1,6
7JYM,A,1,7
7JYM,A,1,8
7JYM,A,1,9
7JYM,A,1,10
7JYM,A,1,11
7JYM,A,1,12
7JYM,A,1,13
7JYM,A,1,14
7JYM,A,1,15
7JYM,A,1,16
7JYM,A,1,17
7JYM,A,1,18
7JYM,A,1,19
7JYM,A,1,20
7JYM,A,1,265
7JYM,A,1,266
7JYM,A,1,267
7JYM,A,1,268
7JYM,A,1,269
7JYM,A,1,270
7JYM,A,1,271
7JYM,A,1,272
7JYM,A,1,273
7JYM,A,1,274
7JYM,A,1,275
7JYM,A,1,276
7KBS,A,1,1
7KBS,A,1,2
7KBS,A,1,3
7KBS,A,1,4
7KBS,A,1,5
7KBS,A,1,6
7KBS,A,1,7
7KBS,A,1,8
7KBS,A,1,9
7KBS,A,1,10
7KBS,A,1,11
7KBS,A,1,12
7KBS,A,1,13
7KBS,A,1,14
7KBS,A,1,15
7KBS,A,1,171
7KBS,A,1,172
7KBS,A,1,260
7KBS,A,1,261
7KBS,A,1,262
7KBS,A,1,263
7KBS,B,1,1
7KBS,B,1,2
7KBS,B,1,3
7KBS,B,1,4
7KBS,B,1,5
7KBS,B,1,6
7KBS,B,1,7
7KBS,B,1,8
7KBS,B,1,9
7KBS,B,1,10
7KBS,B,1,11
7KBS,B,1,12
7KBS,B,1,13
7KBS,B,1,14
7KBS,B,1,47
7KBS,B,1,48
7KBS,B,1,171
7KBS,B,1,172
7KBS,B,1,173
7KBS,B,1,174
7KBS,B,1,175
7KBS,B,1,256
7KBS,B,1,257
7KBS,B,1,258
7KBS,B,1,259
7KBS,B,1,260
7KBS,B,1,261
7KBS,B,1,262
7KBS,B,1,263
7KCO,C,1,1
7KCO,C,1,2
7KHT,A,1,1
7KHT,A,1,2
7KHT,A,1,3
7KHT,A,1,4
7KHT,A,1,40
7KHT,A,1,41
7KHT,A,1,42
7KHT,A,1,243
7KHT,A,1,244
7KHT,A,1,245
7KHT,B,1,1
7KHT,B,1,2
7KQJ,A,1,1
7KQJ,A,1,2
7KQJ,A,1,3
7KQJ,A,1,4
7KQJ,A,1,5
7KQJ,A,1,6
7KQJ,A,1,7
7KQJ,A,1,8
7KQJ,A,1,9
7KQJ,A,1,10
7KQJ,A,1,11
7KQJ,A,1,12
7KQJ,A,1,13
7KQJ,A,1,14
7KQJ,A,1,15
7KQJ,A,1,16
7KQJ,A,1,17
7KQJ,A,1,18
7KQJ,A,1,19
7KQJ,A,1,20
7KQJ,A,1,265
7KQJ,A,1,266
7KQJ,A,1,267
7KQJ,A,1,268
7KQJ,A,1,269
7KQJ,A,1,270
7KQJ,A,1,271
7KQJ,A,1,272
7KQJ,A,1,273
7KQJ,A,1,274
7KQJ,A,1,275
7KQJ,A,1,276
7KXD,A,1,1
7KXD,A,1,2
7KXD,A,1,3
7KXD,A,1,4
7KXD,A,1,5
7KXD,A,1,6
7KXD,A,1,7
7KXD,A,1,8
7KXD,A,1,9
7KXD,A,1,10
7KXD,A,1,11
7KXD,A,1,12
7KXD,A,1,13
7KXD,A,1,14
7KXD,A,1,15
7KXD,A,1,16
7KXD,A,1,17
7KXD,A,1,18
7KXD,A,1,19
7KXD,A,1,20
7KXD,A,1,265
7KXD,A,1,266
7KXD,A,1,267
7KXD,A,1,268
7KXD,A,1,269
7KXD,A,1,270
7KXD,A,1,271
7KXD,A,1,272
7KXD,A,1,273
7KXD,A,1,274
7KXD,A,1,275
7KXD,A,1,276
7KXE,A,1,1
7KXE,A,1,2
7KXE,A,1,3
7KXE,A,1,4
7KXE,A,1,5
7KXE,A,1,6
7KXE,A,1,7
7KXE,A,1,8
7KXE,A,1,9
7KXE,A,1,10
7KXE,A,1,11
7KXE,A,1,12
7KXE,A,1,13
7KXE,A,1,14
7KXE,A,1,15
7KXE,A,1,16
7KXE,A,1,17
7KXE,A,1,18
7KXE,A,1,19
7KXE,A,1,20
7KXE,A,1,265
7KXE,A,1,266
7KXE,A,1,267
7KXE,A,1,268
7KXE,A,1,269
7KXE,A,1,270
7KXE,A,1,271
7KXE,A,1,272
7KXE,A,1,273
7KXE,A,1,274
7KXE,A,1,275
7KXE,A,1,276
7KXF,A,1,1
7KXF,A,1,2
7KXF,A,1,3
7KXF,A,1,4
7KXF,A,1,5
7KXF,A,1,6
7KXF,A,1,7
7KXF,A,1,8
7KXF,A,1,9
7KXF,A,1,10
7KXF,A,1,11
7KXF,A,1,12
7KXF,A,1,13
7KXF,A,1,14
7KXF,A,1,15
7KXF,A,1,16
7KXF,A,1,17
7KXF,A,1,18
7KXF,A,1,19
7KXF,A,1,20
7KXF,A,1,265
7KXF,A,1,266
7KXF,A,1,267
7KXF,A,1,268
7KXF,A,1,269
7KXF,A,1,270
7KXF,A,1,271
7KXF,A,1,272
7KXF,A,1,273
7KXF,A,1,274
7KXF,A,1,275
7KXF,A,1,276
7LOT,A,1,1
7LOT,A,1,2
7LOT,A,1,3
7LOT,A,1,4
7LOT,A,1,5
7LOT,A,1,6
7LOT,A,1,7
7LOT,A,1,64
7LOT,A,1,65
7LOT,A,1,66
7LOT,A,1,67
7LOT,A,1,68
7LOT,A,1,69
7LOT,A,1,70
7LOT,A,1,71
7LOT,A,1,72
7LOT,A,1,73
7LOT,A,1,74
7LOT,A,1,75
7LOT,A,1,277
7LOT,A,1,278
7LOT,B,1,1
7LOT,B,1,2
7LOT,B,1,3
7LOT,B,1,4
7LOT,B,1,5
7LOT,B,1,6
7LOT,B,1,7
7LOT,B,1,41
7LOT,B,1,42
7LOT,B,1,43
7LOT,B,1,44
7LOT,B,1,70
7LOT,B,1,71
7LOT,B,1,72
7LOT,B,1,73
7LOT,B,1,74
7LOT,B,1,75
7LOT,B,1,76
7LOT,B,1,263
7LOT,B,1,264
7LOT,B,1,265
7LOT,B,1,266
7LOT,B,1,277
7LOT,B,1,278
7LUK,A,1,1
7LUK,A,1,2
7LUK,A,1,3
7LUK,A,1,4
7LUK,A,1,5
7LUK,A,1,6
7LUK,A,1,7
7LUK,A,1,8
7LUK,A,1,9
7LUK,A,1,10
7LUK,A,1,11
7LUK,A,1,12
7LUK,A,1,13
7LUK,A,1,14
7LUK,A,1,15
7LUK,A,1,16
7LUK,A,1,17
7LUK,A,1,18
7LUK,A,1,19
7LUK,A,1,20
7LUK,A,1,265
7LUK,A,1,266
7LUK,A,1,267
7LUK,A,1,268
7LUK,A,1,269
7LUK,A,1,270
7LUK,A,1,271
7LUK,A,1,272
7LUK,A,1,273
7LUK,A,1,274
7LUK,A,1,275
7LUK,A,1,276
7MSA,A,1,1
7MSA,A,1,2
7MSA,A,1,3
7MSA,A,1,4
7MSA,A,1,5
7MSA,A,1,6
7MSA,A,1,7
7MSA,A,1,8
7MSA,A,1,9
7MSA,A,1,10
7MSA,A,1,11
7MSA,A,1,12
7MSA,A,1,13
7MSA,A,1,14
7MSA,A,1,15
7MSA,A,1,16
7MSA,A,1,17
7MSA,A,1,18
7MSA,A,1,19
7MSA,A,1,20
7MSA,A,1,21
7MSA,A,1,22
7MSA,A,1,23
7MSA,A,1,24
7MSA,A,1,25
7MSA,A,1,26
7MSA,A,1,27
7MSA,A,1,28
7MSA,A,1,29
7MSA,A,1,30
7MSA,A,1,31
7MSA,A,1,32
7MSA,A,1,189
7MSA,A,1,190
7MSA,A,1,191
7MSA,A,1,257
7MSA,A,1,258
7MSA,A,1,259
7MSA,A,1,273
7MSA,A,1,274
7MSA,A,1,275
7MSA,A,1,276
7MSA,A,1,277
7MSA,A,1,278
7MSA,A,1,279
7MSA,A,1,280
7MSA,B,1,1
7MSA,B,1,2
7MSA,B,1,3
7MSA,B,1,4
7MSA,B,1,5
7MSA,B,1,6
7MSA,B,1,7
7MSA,B,1,8
7MSA,B,1,9
7MSA,B,1,10
7MSA,B,1,11
7MSA,B,1,12
7MSA,B,1,13
7MSA,B,1,14
7MSA,B,1,15
7MSA,B,1,16
7MSA,B,1,17
7MSA,B,1,18
7MSA,B,1,19
7MSA,B,1,20
7MSA,B,1,21
7MSA,B,1,22
7MSA,B,1,23
7MSA,B,1,24
7MSA,B,1,25
7MSA,B,1,26
7MSA,B,1,27
7MSA,B,1,28
7MSA,B,1,29
7MSA,B,1,30
7MSA,B,1,31
7MSA,B,1,32
7MSA,B,1,59
7MSA,B,1,60
7MSA,B,1,61
7MSA,B,1,62
7MSA,B,1,188
7MSA,B,1,189
7MSA,B,1,190
7MSA,B,1,191
7MSA,B,1,192
7MSA,B,1,193
7MSA,B,1,194
7MSA,B,1,257
7MSA,B,1,258
7MSA,B,1,259
7MSA,B,1,260
7MSA,B,1,273
7MSA,B,1,274
7MSA,B,1,275
7MSA,B,1,276
7MSA,B,1,277
7MSA,B,1,278
7MSA,B,1,279
7MSA,B,1,280
7MSA,C,1,1
7MSA,C,1,2
7MSA,C,1,3
7MSA,C,1,4
7MSA,C,1,5
7MSA,C,1,6
7MSA,C,1,7
7MSA,C,1,8
7MSA,C,1,9
7MSA,C,1,10
7MSA,C,1,11
7MSA,C,1,12
7MSA,C,1,13
7MSA,C,1,14
7MSA,C,1,15
7MSA,C,1,16
7MSA,C,1,17
7MSA,C,1,18
7MSA,C,1,19
7MSA,C,1,20
7MSA,C,1,21
7MSA,C,1,22
7MSA,C,1,23
7MSA,C,1,24
7MSA,C,1,25
7MSA,C,1,26
7MSA,C,1,27
7MSA,C,1,28
7MSA,C,1,29
7MSA,C,1,30
7MSA,C,1,31
7MSA,C,1,32
7MSA,C,1,58
7MSA,C,1,59
7MSA,C,1,60
7MSA,C,1,61
7MSA,C,1,62
7MSA,C,1,63
7MSA,C,1,189
7MSA,C,1,190
7MSA,C,1,191
7MSA,C,1,257
7MSA,C,1,258
7MSA,C,1,259
7MSA,C,1,260
7MSA,C,1,261
7MSA,C,1,272
7MSA,C,1,273
7MSA,C,1,274
7MSA,C,1,275
7MSA,C,1,276
7MSA,C,1,277
7MSA,C,1,278
7MSA,C,1,279
7MSA,C,1,280
7MSA,D,1,1
7MSA,D,1,2
7MSA,D,1,3
7MSA,D,1,4
7MSA,D,1,5
7MSA,D,1,6
7MSA,D,1,7
7MSA,D,1,8
7MSA,D,1,9
7MSA,D,1,10
7MSA,D,1,11
7MSA,D,1,12
7MSA,D,1,13
7MSA,D,1,14
7MSA,D,1,15
7MSA,D,1,16
7MSA,D,1,17
7MSA,D,1,18
7MSA,D,1,19
7MSA,D,1,20
7MSA,D,1,21
7MSA,D,1,22
7MSA,D,1,23
7MSA,D,1,24
7MSA,D,1,25
7MSA,D,1,26
7MSA,D,1,27
7MSA,D,1,28
7MSA,D,1,29
7MSA,D,1,30
7MSA,D,1,31
7MSA,D,1,32
7MSA,D,1,58
7MSA,D,1,59
7MSA,D,1,60
7MSA,D,1,61
7MSA,D,1,189
7MSA,D,1,190
7MSA,D,1,191
7MSA,D,1,256
7MSA,D,1,257
7MSA,D,1,258
7MSA,D,1,259
7MSA,D,1,260
7MSA,D,1,273
7MSA,D,1,274
7MSA,D,1,275
7MSA,D,1,276
7MSA,D,1,277
7MSA,D,1,278
7MSA,D,1,279
7MSA,D,1,280
7N2A,A,1,1
7N2A,A,1,2
7N2A,A,1,3
7N2A,A,1,4
7N2A,A,1,5
7N2A,A,1,42
7N2A,A,1,43
7N2A,A,1,44
7N2A,A,1,45
7N2A,A,1,46
7N2A,A,1,47
7N2A,A,1,48
7N2A,A,1,49
7N2A,A,1,50
7N2A,A,1,51
7N2A,A,1,52
7N2A,A,1,53
7N2A,A,1,54
7N2A,A,1,55
7N2A,A,1,56
7N2A,A,1,57
7N2A,A,1,58
7N2A,A,1,59
7N2A,A,1,96
7N2A,A,1,97
7N9O,A,1,1
7N9O,A,1,2
7N9O,A,1,3
7N9O,A,1,33
7N9O,A,1,34
7N9O,A,1,35
7N9O,A,1,246
7N9O,A,1,247
7N9O,A,1,248
7N9O,A,1,249
7N9O,B,1,34
7N9O,B,1,35
7N9O,B,1,224
7N9O,B,1,225
7N9O,B,1,226
7N9O,B,1,241
7N9O,B,1,242
7N9O,B,1,243
7N9O,B,1,244
7N9O,B,1,245
7N9O,B,1,246
7N9O,B,1,247
7N9O,B,1,248
7N9O,B,1,249
7N9O,C,1,1
7N9O,C,1,34
7N9O,C,1,35
7N9O,C,1,157
7N9O,C,1,158
7N9O,C,1,246
7N9O,C,1,247
7N9O,C,1,248
7N9O,C,1,249
7N9O,D,1,1
7N9O,D,1,34
7N9O,D,1,35
7N9O,D,1,241
7N9O,D,1,242
7N9O,D,1,243
7N9O,D,1,244
7N9O,D,1,245
7N9O,D,1,246
7N9O,D,1,247
7N9O,D,1,248
7N9O,D,1,249
7NDO,A,1,1
7NDO,A,1,2
7NDO,A,1,3
7NDO,A,1,4
7NDO,A,1,5
7NDO,A,1,6
7NDO,A,1,7
7NDO,A,1,8
7NDO,A,1,9
7NDO,A,1,161
7NDO,A,1,162
7NDO,A,1,163
7NDO,A,1,164
7NDO,A,1,165
7NDO,A,1,247
7NDO,B,1,1
7NDO,B,1,2
7NDO,B,1,3
7NDO,B,1,4
7NDO,B,1,5
7NDO,B,1,6
7NDO,B,1,7
7NDO,B,1,8
7NDO,B,1,160
7NDO,B,1,161
7NEC,A,1,1
7NEC,A,1,2
7NEC,A,1,3
7NEC,A,1,4
7NEC,A,1,5
7NEL,A,1,1
7NEL,A,1,2
7NEL,A,1,3
7NEL,A,1,161
7NEL,A,1,162
7NEL,B,1,1
7NEL,B,1,2
7NEL,C,1,1
7NEL,C,1,2
7NEL,C,1,15
7NEL,D,1,13
7NEL,D,1,14
7NEL,D,1,15
7NFB,A,1,1
7NFB,A,1,2
7NFB,A,1,3
7NFB,A,1,4
7NFB,A,1,161
7NFB,A,1,162
7NFB,B,1,1
7NFB,B,1,2
7NFB,B,1,3
7NFB,C,1,1
7NFB,C,1,2
7NFB,C,1,13
7NFB,C,1,14
7NFB,C,1,15
7NFB,D,1,13
7NFB,D,1,14
7NFB,D,1,15
7NKE,A,1,1
7NKE,A,1,2
7NKE,A,1,3
7NKE,A,1,4
7NKE,A,1,5
7NKE,A,1,6
7NKE,A,1,7
7NKE,A,1,8
7NKE,A,1,9
7NKE,A,1,27
7NKE,A,1,28
7NKE,A,1,29
7NKE,A,1,30
7NKE,A,1,31
7NKE,A,1,32
7NKE,A,1,33
7NKE,A,1,34
7NKE,A,1,35
7NKE,A,1,36
7NKE,A,1,37
7NKE,A,1,38
7NKE,A,1,39
7NKE,A,1,40
7NKE,A,1,41
7NKE,A,1,42
7NKE,A,1,43
7NKE,A,1,240
7NKE,A,1,241
7NKE,A,1,242
7NKE,A,1,243
7NKE,A,1,244
7NKE,B,1,1
7NKE,B,1,12
7NKE,B,1,13
7NKE,C,1,1
7NKE,C,1,2
7NKE,C,1,3
7NKE,C,1,4
7NKE,C,1,5
7NKE,C,1,6
7NKE,C,1,7
7NKE,C,1,8
7NKE,C,1,9
7NKE,C,1,27
7NKE,C,1,28
7NKE,C,1,29
7NKE,C,1,30
7NKE,C,1,31
7NKE,C,1,32
7NKE,C,1,33
7NKE,C,1,34
7NKE,C,1,35
7NKE,C,1,36
7NKE,C,1,37
7NKE,C,1,38
7NKE,C,1,39
7NKE,C,1,40
7NKE,C,1,41
7NKE,C,1,42
7NKE,C,1,43
7NKE,C,1,240
7NKE,C,1,241
7NKE,C,1,242
7NKE,C,1,243
7NKE,C,1,244
7NKE,D,1,1
7NKE,D,1,12
7NKE,D,1,13
7NP5,A,1,1
7NP5,A,1,2
7NP5,A,1,3
7NP5,A,1,4
7NP5,A,1,5
7NP6,A,1,1
7NP6,A,1,2
7NP6,A,1,3
7NP6,A,1,4
7NP6,A,1,5
7OFI,A,1,1
7OFI,A,1,2
7OFI,A,1,3
7OFI,A,1,4
7OFI,A,1,5
7OFI,A,1,6
7OFI,A,1,7
7OFI,A,1,8
7OFI,A,1,9
7OFI,A,1,10
7OFI,A,1,11
7OFI,A,1,12
7OFI,A,1,13
7OFI,A,1,14
7OFI,B,1,1
7OFI,B,1,2
7OFI,B,1,3
7OFI,B,1,4
7OFI,B,1,5
7OFI,B,1,18
7OFK,A,1,1
7OFK,A,1,2
7OFK,A,1,3
7OFK,A,1,4
7OFK,A,1,5
7OFK,A,1,6
7OFK,A,1,7
7OFK,A,1,8
7OFK,A,1,9
7OFK,A,1,10
7OFK,A,1,11
7OFK,A,1,12
7OFK,A,1,13
7OFK,A,1,14
7OFK,B,1,1
7OFK,B,1,2
7OFK,B,1,3
7OFK,B,1,16
7P4E,A,1,60
7P4E,A,1,61
7P4E,A,1,62
7P4E,A,1,63
7P4E,A,1,64
7P4E,A,1,65
7P4E,A,1,66
7P4E,A,1,67
7P4E,A,1,68
7P4E,A,1,69
7P4E,A,1,70
7P4E,A,1,71
7P4E,A,1,72
7P4E,A,1,73
7P4E,A,1,261
7P4E,A,1,262
7P4E,A,1,263
7P4E,A,1,264
7P4E,A,1,276
7P4E,A,1,277
7PRV,A,1,1
7PRV,A,1,2
7PRV,A,1,3
7PRV,A,1,4
7PRV,A,1,5
7PRV,A,1,6
7PRV,A,1,7
7PRV,A,1,8
7PRV,A,1,9
7PRV,A,1,10
7PRV,A,1,11
7PRV,A,1,12
7PRV,A,1,13
7PRV,A,1,14
7PRV,A,1,15
7PRV,A,1,16
7PRV,A,1,17
7PRV,A,1,18
7PRV,A,1,19
7PRV,A,1,20
7PRV,A,1,21
7PRV,A,1,22
7PRV,A,1,23
7PRV,A,1,24
7PRV,A,1,25
7PRV,A,1,26
7PRV,A,1,27
7PRV,A,1,28
7PRV,A,1,29
7PRV,A,1,30
7PRV,A,1,31
7PRV,A,1,32
7PRV,A,1,105
7PRV,A,1,106
7PRV,A,1,107
7PRV,A,1,108
7PRV,A,1,109
7PRV,A,1,110
7PRV,A,1,111
7PRV,A,1,112
7PRV,A,1,113
7PRV,A,1,114
7PRV,A,1,115
7PRV,A,1,116
7PRV,A,1,117
7PRV,A,1,118
7PRV,A,1,119
7PRV,A,1,120
7PRV,A,1,121
7PRV,A,1,122
7PRV,A,1,123
7PRV,A,1,124
7PRV,A,1,125
7PRV,A,1,126
7PRV,A,1,127
7PRV,A,1,128
7PRV,A,1,129
7PRV,A,1,130
7PRV,A,1,131
7PRV,A,1,132
7PRV,A,1,133
7PRV,A,1,134
7PRV,A,1,135
7PRV,A,1,136
7PRV,A,1,137
7PRV,A,1,138
7PRV,A,1,139
7PRV,A,1,140
7PRV,A,1,141
7PRV,A,1,142
7PRV,A,1,143
7PRV,A,1,393
7PRV,B,1,1
7PRV,B,1,2
7PRV,B,1,3
7PRV,B,1,4
7PRV,B,1,5
7PRV,B,1,6
7PRV,B,1,7
7PRV,B,1,8
7PRV,B,1,9
7PRV,B,1,10
7PRV,B,1,11
7PRV,B,1,12
7PRV,B,1,13
7PRV,B,1,14
7PRV,B,1,15
7PRV,B,1,16
7PRV,B,1,17
7PRV,B,1,18
7PRV,B,1,19
7PRV,B,1,20
7PRV,B,1,21
7PRV,B,1,22
7PRV,B,1,23
7PRV,B,1,24
7PRV,B,1,25
7PRV,B,1,26
7PRV,B,1,27
7PRV,B,1,28
7PRV,B,1,29
7PRV,B,1,30
7PRV,B,1,31
7PRV,B,1,32
7PRV,B,1,33
7PRV,B,1,105
7PRV,B,1,106
7PRV,B,1,107
7PRV,B,1,108
7PRV,B,1,109
7PRV,B,1,110
7PRV,B,1,111
7PRV,B,1,112
7PRV,B,1,113
7PRV,B,1,114
7PRV,B,1,115
7PRV,B,1,116
7PRV,B,1,117
7PRV,B,1,118
7PRV,B,1,119
7PRV,B,1,120
7PRV,B,1,121
7PRV,B,1,122
7PRV,B,1,123
7PRV,B,1,124
7PRV,B,1,125
7PRV,B,1,126
7PRV,B,1,127
7PRV,B,1,128
7PRV,B,1,129
7PRV,B,1,130
7PRV,B,1,131
7PRV,B,1,132
7PRV,B,1,133
7PRV,B,1,134
7PRV,B,1,135
7PRV,B,1,136
7PRV,B,1,137
7PRV,B,1,138
7PRV,B,1,139
7PRV,B,1,140
7PRV,B,1,141
7PRV,B,1,142
7PRV,B,1,393
7PRV,C,1,23
7PRV,D,1,23
7PRV,E,1,1
7PRV,E,1,2
7PRV,E,1,3
7PRV,E,1,4
7PRV,E,1,5
7PRV,E,1,6
7PRV,E,1,19
7PRV,E,1,20
7PRV,E,1,21
7PRW,A,1,1
7PRW,A,1,2
7PRW,A,1,3
7PRW,A,1,4
7PRW,A,1,5
7PRW,A,1,6
7PRW,A,1,7
7PRW,A,1,8
7PRW,A,1,9
7PRW,A,1,10
7PRW,A,1,11
7PRW,A,1,12
7PRW,A,1,13
7PRW,A,1,14
7PRW,A,1,15
7PRW,A,1,16
7PRW,A,1,17
7PRW,A,1,18
7PRW,A,1,19
7PRW,A,1,20
7PRW,A,1,21
7PRW,A,1,22
7PRW,A,1,23
7PRW,A,1,24
7PRW,A,1,25
7PRW,A,1,26
7PRW,A,1,27
7PRW,A,1,28
7PRW,A,1,29
7PRW,A,1,30
7PRW,A,1,105
7PRW,A,1,106
7PRW,A,1,107
7PRW,A,1,108
7PRW,A,1,109
7PRW,A,1,110
7PRW,A,1,111
7PRW,A,1,112
7PRW,A,1,113
7PRW,A,1,114
7PRW,A,1,115
7PRW,A,1,116
7PRW,A,1,117
7PRW,A,1,118
7PRW,A,1,119
7PRW,A,1,120
7PRW,A,1,121
7PRW,A,1,122
7PRW,A,1,123
7PRW,A,1,124
7PRW,A,1,125
7PRW,A,1,126
7PRW,A,1,127
7PRW,A,1,128
7PRW,A,1,129
7PRW,A,1,130
7PRW,A,1,131
7PRW,A,1,132
7PRW,A,1,133
7PRW,A,1,134
7PRW,A,1,135
7PRW,A,1,136
7PRW,A,1,137
7PRW,A,1,138
7PRW,A,1,139
7PRW,A,1,140
7PRW,A,1,141
7PRW,B,1,1
7PRW,B,1,2
7PRW,B,1,3
7PRW,B,1,4
7PRW,B,1,5
7PRW,B,1,6
7PRW,B,1,7
7PRW,B,1,8
7PRW,B,1,9
7PRW,B,1,10
7PRW,B,1,11
7PRW,B,1,12
7PRW,B,1,13
7PRW,B,1,14
7PRW,B,1,15
7PRW,B,1,16
7PRW,B,1,17
7PRW,B,1,18
7PRW,B,1,19
7PRW,B,1,20
7PRW,B,1,21
7PRW,B,1,22
7PRW,B,1,23
7PRW,B,1,24
7PRW,B,1,25
7PRW,B,1,26
7PRW,B,1,27
7PRW,B,1,28
7PRW,B,1,29
7PRW,B,1,30
7PRW,B,1,31
7PRW,B,1,32
7PRW,B,1,33
7PRW,B,1,105
7PRW,B,1,106
7PRW,B,1,107
7PRW,B,1,108
7PRW,B,1,109
7PRW,B,1,110
7PRW,B,1,111
7PRW,B,1,112
7PRW,B,1,113
7PRW,B,1,114
7PRW,B,1,115
7PRW,B,1,116
7PRW,B,1,117
7PRW,B,1,118
7PRW,B,1,119
7PRW,B,1,120
7PRW,B,1,121
7PRW,B,1,122
7PRW,B,1,123
7PRW,B,1,124
7PRW,B,1,125
7PRW,B,1,126
7PRW,B,1,127
7PRW,B,1,128
7PRW,B,1,129
7PRW,B,1,130
7PRW,B,1,131
7PRW,B,1,132
7PRW,B,1,133
7PRW,B,1,134
7PRW,B,1,135
7PRW,B,1,136
7PRW,B,1,137
7PRW,B,1,138
7PRW,B,1,139
7PRW,B,1,140
7PRW,B,1,141
7PRW,E,1,1
7PRW,E,1,2
7PRW,E,1,3
7PRW,E,1,4
7PRW,E,1,5
7PRW,E,1,6
7PRW,E,1,7
7PRW,E,1,8
7PRW,E,1,19
7PRW,E,1,20
7PRW,E,1,21
7PRX,A,1,1
7PRX,A,1,250
7PRX,B,1,20
7PRX,B,1,21
7QAA,A,1,21
7QAA,A,1,22
7QAA,A,1,23
7QAA,A,1,24
7QAA,A,1,25
7QAA,A,1,26
7QAA,A,1,27
7QAA,A,1,28
7QAA,A,1,29
7QAA,A,1,30
7QAA,A,1,31
7QAA,A,1,32
7QAA,A,1,33
7QAA,A,1,34
7QAA,A,1,35
7QAA,A,1,36
7QAA,B,1,30
7QAA,B,1,31
7QAA,B,1,32
7QAA,B,1,33
7QAA,B,1,34
7QB1,A,1,1
7QB1,A,1,2
7QB1,A,1,3
7QB1,A,1,4
7QB1,A,1,5
7QB1,A,1,6
7QB1,A,1,7
7QB1,A,1,8
7QB1,A,1,9
7QB1,A,1,10
7QB1,A,1,11
7QB1,A,1,12
7QB1,A,1,13
7QB1,A,1,14
7QB1,A,1,74
7QB1,A,1,75
7QB1,A,1,76
7QB1,A,1,77
7QB1,A,1,78
7QB1,A,1,79
7QB1,A,1,80
7QB1,A,1,81
7QB1,A,1,82
7QB1,A,1,83
7QB1,A,1,84
7QB1,A,1,287
7QB1,B,1,1
7QB1,B,1,2
7QB1,B,1,3
7QB1,B,1,4
7QB1,B,1,5
7QB1,B,1,6
7QB1,B,1,7
7QB1,B,1,8
7QB1,B,1,9
7QB1,B,1,10
7QB1,B,1,11
7QB1,B,1,12
7QB1,B,1,13
7QB1,B,1,14
7QB1,B,1,15
7QB1,B,1,16
7QB1,B,1,79
7QB1,B,1,80
7QB1,B,1,81
7QB1,B,1,82
7QB1,B,1,83
7QB1,B,1,84
7QB1,B,1,85
7QB1,B,1,273
7QB1,B,1,274
7QB1,B,1,275
7QB1,B,1,287
7QP4,A,1,1
7QP4,A,1,2
7QP4,A,1,3
7QP4,A,1,4
7QP4,A,1,5
7QP4,A,1,239
7QP4,A,1,240
7QP4,A,1,241
7QP4,A,1,242
7QP4,A,1,243
7QP4,A,1,244
7QP4,A,1,245
7QP4,A,1,246
7QP4,A,1,247
7QP4,A,1,248
7QP4,A,1,249
7QP4,A,1,250
7QP4,A,1,251
7QP4,A,1,252
7QP4,A,1,253
7QP4,A,1,254
7QP4,A,1,255
7QP4,A,1,256
7QP4,A,1,257
7QP4,A,1,258
7QP4,A,1,259
7QP4,B,1,1
7QP4,B,1,2
7QP4,B,1,3
7QP4,B,1,4
7QP4,B,1,226
7QP4,B,1,227
7QP4,B,1,228
7QP4,B,1,229
7QP4,B,1,230
7QP4,B,1,231
7QP4,B,1,232
7QP4,B,1,233
7QP4,B,1,234
7QP4,B,1,235
7QP4,B,1,236
7QP4,B,1,237
7QP4,B,1,238
7QP4,B,1,239
7QP4,B,1,240
7QP4,B,1,241
7QP4,B,1,242
7QP4,B,1,243
7QP4,B,1,244
7QP4,B,1,245
7QP4,B,1,246
7QP4,B,1,247
7QP4,B,1,248
7QP4,B,1,249
7QP4,B,1,250
7QP4,B,1,251
7QP4,B,1,252
7QP4,B,1,253
7QP4,B,1,254
7QP4,B,1,255
7QP4,B,1,256
7QP4,B,1,257
7QP4,B,1,258
7QP4,B,1,259
7QPP,A,1,1
7QPP,A,1,2
7QPP,A,1,3
7QPP,A,1,4
7QPP,A,1,5
7QPP,A,1,261
7QPP,A,1,262
7QPP,A,1,263
7QVJ,A,1,35
7QVJ,A,1,36
7QVJ,A,1,160
7QVJ,A,1,161
7QVJ,A,1,162
7QVJ,A,1,163
7QVJ,A,1,164
7QVJ,A,1,165
7QVJ,A,1,227
7QVJ,A,1,228
7QVJ,A,1,229
7QVJ,A,1,230
7QVJ,A,1,251
7QVJ,A,1,252
7QVJ,B,1,1
7QVJ,B,1,2
7QVJ,B,1,31
7QVJ,B,1,32
7QVJ,B,1,33
7QVJ,B,1,227
7QVJ,B,1,228
7QVJ,B,1,229
7QVJ,B,1,230
7QVJ,B,1,249
7QVJ,B,1,250
7QVJ,B,1,251
7QVJ,B,1,252
7QVL,A,1,30
7QVL,A,1,31
7QVL,A,1,32
7QVL,A,1,33
7QVL,A,1,34
7QVL,A,1,35
7QVL,A,1,36
7QVL,A,1,37
7QVL,A,1,38
7QVL,A,1,158
7QVL,A,1,159
7QVL,A,1,160
7QVL,A,1,161
7QVL,A,1,162
7QVL,A,1,163
7QVL,A,1,164
7QVL,A,1,165
7QVL,A,1,166
7QVL,A,1,167
7QVL,A,1,251
7QVL,A,1,252
7QVL,B,1,1
7QVL,B,1,2
7QVL,B,1,3
7QVL,B,1,4
7QVL,B,1,5
7QVL,B,1,31
7QVL,B,1,32
7QVL,B,1,157
7QVL,B,1,158
7QVL,B,1,159
7QVL,B,1,160
7QVL,B,1,161
7QVL,B,1,162
7QVL,B,1,163
7QVL,B,1,164
7QVL,B,1,226
7QVL,B,1,227
7QVL,B,1,228
7QVL,B,1,229
7QVL,B,1,245
7QVL,B,1,246
7QVL,B,1,247
7QVL,B,1,248
7QVL,B,1,249
7QVL,B,1,250
7QVL,B,1,251
7QVL,B,1,252
7R62,A,1,1
7R62,A,1,2
7R62,A,1,3
7R62,A,1,4
7R62,A,1,5
7R62,A,1,157
7R62,A,1,158
7R62,A,1,226
7R62,A,1,227
7R62,A,1,244
7R62,A,1,245
7R62,A,1,246
7R62,A,1,247
7R62,A,1,248
7R62,A,1,249
7RIO,A,1,1
7RIO,A,1,2
7RIO,A,1,3
7RIO,A,1,4
7RIO,A,1,5
7RIO,A,1,42
7RIO,A,1,43
7RIO,A,1,44
7RIO,A,1,45
7RIO,A,1,46
7RIO,A,1,47
7RIO,A,1,48
7RIO,A,1,49
7RIO,A,1,50
7RIO,A,1,51
7RIO,A,1,52
7RIO,A,1,53
7RIO,A,1,54
7RIO,A,1,55
7RIO,A,1,56
7RIO,A,1,57
7RIO,A,1,58
7RIO,A,1,59
7RIO,A,1,60
7RIO,A,1,96
7RIO,A,1,97
7RIO,A,1,176
7RIO,A,1,298
7RIU,A,1,1
7RIU,A,1,2
7RIU,A,1,3
7RIU,A,1,4
7RIU,A,1,5
7RIU,A,1,42
7RIU,A,1,43
7RIU,A,1,44
7RIU,A,1,45
7RIU,A,1,46
7RIU,A,1,47
7RIU,A,1,48
7RIU,A,1,49
7RIU,A,1,50
7RIU,A,1,51
7RIU,A,1,52
7RIU,A,1,53
7RIU,A,1,54
7RIU,A,1,55
7RIU,A,1,56
7RIU,A,1,57
7RIU,A,1,58
7RIU,A,1,59
7RIU,A,1,60
7RIU,A,1,61
7RIU,A,1,62
7RIU,A,1,63
7RIU,A,1,96
7RIU,A,1,175
7RIU,A,1,176
7RIU,A,1,177
7RIV,A,1,1
7RIV,A,1,2
7RIV,A,1,3
7RIV,A,1,4
7RIV,A,1,5
7RIV,A,1,41
7RIV,A,1,42
7RIV,A,1,43
7RIV,A,1,44
7RIV,A,1,45
7RIV,A,1,46
7RIV,A,1,47
7RIV,A,1,48
7RIV,A,1,49
7RIV,A,1,50
7RIV,A,1,51
7RIV,A,1,52
7RIV,A,1,53
7RIV,A,1,54
7RIV,A,1,55
7RIV,A,1,56
7RIV,A,1,57
7RIV,A,1,58
7RIV,A,1,59
7RIV,A,1,96
7RIV,A,1,97
7RIV,A,1,175
7RIV,A,1,176
7RKE,A,1,1
7RKE,A,1,2
7RKE,A,1,3
7RKE,A,1,26
7RKE,A,1,27
7RKE,A,1,28
7RKE,A,1,29
7RKE,A,1,30
7RKE,A,1,31
7RKE,A,1,32
7RKE,A,1,112
7RKE,A,1,113
7RKE,A,1,114
7RKE,A,1,115
7RKE,A,1,116
7RKE,A,1,157
7RKE,A,1,158
7RKE,A,1,159
7RKE,A,1,160
7RKE,A,1,161
7RKE,A,1,162
7RKE,A,1,163
7RKE,A,1,164
7RKE,A,1,244
7RKE,A,1,245
7RKE,A,1,246
7RKE,A,1,247
7RKE,A,1,248
7RKE,A,1,249
7RKE,A,1,250
7RKE,B,1,1
7RKE,B,1,2
7RKE,B,1,157
7RKE,B,1,158
7RKE,B,1,159
7RKE,B,1,160
7RKE,B,1,161
7RKE,B,1,162
7RKE,B,1,163
7RKE,B,1,164
7RKE,B,1,165
7RKE,B,1,166
7RKE,B,1,167
7RKE,B,1,168
7RKE,B,1,244
7RKE,B,1,245
7RKE,B,1,246
7RKE,B,1,247
7RKE,B,1,248
7RKE,B,1,249
7RKE,B,1,250
7RKE,C,1,1
7RKE,C,1,9
7RKE,C,1,10
7RLE,A,1,1
7RLE,A,1,2
7RLE,A,1,3
7RLE,A,1,4
7RLE,A,1,5
7RLE,A,1,66
7RLE,A,1,67
7RLE,A,1,68
7RLE,A,1,69
7RLE,A,1,70
7RLE,A,1,71
7RLE,A,1,72
7RLE,A,1,73
7RLE,A,1,74
7RLE,B,1,1
7RLE,B,1,2
7RLE,B,1,3
7RLE,B,1,22
7RLE,B,1,23
7RLE,B,1,24
7RLE,C,1,1
7RLE,C,1,2
7RLE,C,1,3
7RLE,C,1,4
7RLE,C,1,5
7RLE,C,1,63
7RLE,C,1,64
7RLE,C,1,65
7RLE,C,1,66
7RLE,C,1,67
7RLE,C,1,68
7RLE,C,1,69
7RLE,C,1,70
7RLE,D,1,1
7RLE,D,1,2
7RLE,D,1,3
7RLE,D,1,4
7RLE,D,1,5
7RLE,D,1,20
7RLE,D,1,21
7RLE,D,1,22
7RLE,D,1,23
7RLE,D,1,24
7RNM,A,1,1
7RNM,A,1,2
7RNM,A,1,27
7RNM,A,1,28
7RNM,A,1,29
7RNM,A,1,30
7RNM,A,1,31
7RNM,A,1,32
7RNM,A,1,33
7RNM,A,1,34
7RNM,A,1,35
7RNM,A,1,112
7RNM,A,1,113
7RNM,A,1,114
7RNM,A,1,115
7RNM,A,1,116
7RNM,A,1,157
7RNM,A,1,158
7RNM,A,1,159
7RNM,A,1,160
7RNM,A,1,161
7RNM,A,1,162
7RNM,A,1,163
7RNM,A,1,164
7RNM,A,1,244
7RNM,A,1,245
7RNM,A,1,246
7RNM,A,1,247
7RNM,A,1,248
7RNM,A,1,249
7RNM,A,1,250
7RNM,B,1,1
7RNM,B,1,2
7RNM,B,1,157
7RNM,B,1,158
7RNM,B,1,159
7RNM,B,1,160
7RNM,B,1,161
7RNM,B,1,162
7RNM,B,1,163
7RNM,B,1,164
7RNM,B,1,165
7RNM,B,1,166
7RNM,B,1,167
7RNM,B,1,168
7RNM,B,1,244
7RNM,B,1,245
7RNM,B,1,246
7RNM,B,1,247
7RNM,B,1,248
7RNM,B,1,249
7RNM,B,1,250
7RNM,C,1,1
7RNM,C,1,10
7RNM,D,1,1
7RRX,A,1,1
7RRX,A,1,2
7RRX,A,1,3
7RRX,A,1,4
7RRX,A,1,5
7RRX,A,1,6
7RRX,A,1,7
7RRX,A,1,8
7RRX,A,1,9
7RRX,A,1,231
7RRX,A,1,232
7RRX,A,1,233
7RRX,A,1,234
7RRX,A,1,235
7RRX,A,1,250
7RRX,A,1,251
7RRX,A,1,252
7RRX,A,1,253
7RRX,A,1,254
7RRX,A,1,255
7RRX,A,1,256
7RRX,A,1,257
7RRX,B,1,1
7RRX,B,1,2
7RRX,B,1,3
7RRX,B,1,4
7RRX,B,1,5
7RRX,B,1,6
7RRX,B,1,7
7RRX,B,1,116
7RRX,B,1,117
7RRX,B,1,118
7RRX,B,1,119
7RRX,B,1,120
7RRX,B,1,121
7RRX,B,1,122
7RRX,B,1,123
7RRX,B,1,124
7RRX,B,1,165
7RRX,B,1,166
7RRX,B,1,167
7RRX,B,1,168
7RRX,B,1,169
7RRX,B,1,170
7RRX,B,1,171
7RRX,B,1,230
7RRX,B,1,231
7RRX,B,1,232
7RRX,B,1,233
7RRX,B,1,234
7RRX,B,1,235
7RRX,B,1,250
7RRX,B,1,251
7RRX,B,1,252
7RRX,B,1,253
7RRX,B,1,254
7RRX,B,1,255
7RRX,B,1,256
7RRX,B,1,257
7RRX,C,1,1
7RRX,C,1,2
7RRX,C,1,3
7RRX,C,1,4
7RRX,C,1,5
7RRX,C,1,6
7RRX,C,1,7
7RRX,C,1,8
7RRX,C,1,9
7RRX,C,1,164
7RRX,C,1,165
7RRX,C,1,166
7RRX,C,1,167
7RRX,C,1,232
7RRX,C,1,233
7RRX,C,1,250
7RRX,C,1,251
7RRX,C,1,252
7RRX,C,1,253
7RRX,C,1,254
7RRX,C,1,255
7RRX,C,1,256
7RRX,C,1,257
7RRX,D,1,1
7RRX,D,1,2
7RRX,D,1,3
7RRX,D,1,4
7RRX,D,1,5
7RRX,D,1,6
7RRX,D,1,7
7RRX,D,1,34
7RRX,D,1,35
7RRX,D,1,36
7RRX,D,1,37
7RRX,D,1,38
7RRX,D,1,39
7RRX,D,1,40
7RRX,D,1,41
7RRX,D,1,42
7RRX,D,1,43
7RRX,D,1,116
7RRX,D,1,117
7RRX,D,1,118
7RRX,D,1,119
7RRX,D,1,120
7RRX,D,1,121
7RRX,D,1,122
7RRX,D,1,123
7RRX,D,1,165
7RRX,D,1,166
7RRX,D,1,229
7RRX,D,1,230
7RRX,D,1,231
7RRX,D,1,232
7RRX,D,1,233
7RRX,D,1,234
7RRX,D,1,235
7RRX,D,1,251
7RRX,D,1,252
7RRX,D,1,253
7RRX,D,1,254
7RRX,D,1,255
7RRX,D,1,256
7RRX,D,1,257
7RRY,A,1,1
7RRY,A,1,2
7RRY,A,1,3
7RRY,A,1,4
7RRY,A,1,5
7RRY,A,1,6
7RRY,A,1,7
7RRY,A,1,8
7RRY,A,1,9
7RRY,A,1,10
7RRY,A,1,165
7RRY,A,1,166
7RRY,A,1,167
7RRY,A,1,170
7RRY,A,1,232
7RRY,A,1,233
7RRY,A,1,234
7RRY,A,1,235
7RRY,A,1,236
7RRY,A,1,237
7RRY,A,1,238
7RRY,A,1,255
7RRY,A,1,256
7RRY,A,1,257
7RRY,B,1,1
7RRY,B,1,2
7RRY,B,1,3
7RRY,B,1,4
7RRY,B,1,5
7RRY,B,1,6
7RRY,B,1,7
7RRY,B,1,35
7RRY,B,1,36
7RRY,B,1,37
7RRY,B,1,38
7RRY,B,1,39
7RRY,B,1,40
7RRY,B,1,41
7RRY,B,1,42
7RRY,B,1,43
7RRY,B,1,122
7RRY,B,1,123
7RRY,B,1,230
7RRY,B,1,231
7RRY,B,1,232
7RRY,B,1,233
7RRY,B,1,234
7RRY,B,1,235
7RRY,B,1,236
7RRY,B,1,241
7RRY,B,1,248
7RRY,B,1,249
7RRY,B,1,250
7RRY,B,1,251
7RRY,B,1,252
7RRY,B,1,253
7RRY,B,1,254
7RRY,B,1,255
7RRY,B,1,256
7RRY,B,1,257
7RRY,C,1,1
7RRY,C,1,2
7RRY,C,1,3
7RRY,C,1,4
7RRY,C,1,5
7RRY,C,1,6
7RRY,C,1,7
7RRY,C,1,8
7RRY,C,1,9
7RRY,C,1,123
7RRY,C,1,165
7RRY,C,1,166
7RRY,C,1,167
7RRY,C,1,229
7RRY,C,1,230
7RRY,C,1,231
7RRY,C,1,232
7RRY,C,1,233
7RRY,C,1,234
7RRY,C,1,235
7RRY,C,1,236
7RRY,C,1,237
7RRY,C,1,238
7RRY,C,1,239
7RRY,C,1,252
7RRY,C,1,253
7RRY,C,1,254
7RRY,C,1,255
7RRY,C,1,256
7RRY,C,1,257
7RRY,D,1,1
7RRY,D,1,2
7RRY,D,1,3
7RRY,D,1,4
7RRY,D,1,5
7RRY,D,1,6
7RRY,D,1,7
7RRY,D,1,8
7RRY,D,1,34
7RRY,D,1,35
7RRY,D,1,36
7RRY,D,1,37
7RRY,D,1,38
7RRY,D,1,39
7RRY,D,1,40
7RRY,D,1,41
7RRY,D,1,42
7RRY,D,1,43
7RRY,D,1,118
7RRY,D,1,119
7RRY,D,1,120
7RRY,D,1,121
7RRY,D,1,122
7RRY,D,1,165
7RRY,D,1,166
7RRY,D,1,167
7RRY,D,1,168
7RRY,D,1,169
7RRY,D,1,170
7RRY,D,1,230
7RRY,D,1,231
7RRY,D,1,232
7RRY,D,1,233
7RRY,D,1,234
7RRY,D,1,235
7RRY,D,1,236
7RRY,D,1,237
7RRY,D,1,244
7RRY,D,1,248
7RRY,D,1,249
7RRY,D,1,250
7RRY,D,1,251
7RRY,D,1,252
7RRY,D,1,253
7RRY,D,1,254
7RRY,D,1,255
7RRY,D,1,256
7RRY,D,1,257
7RRZ,A,1,1
7RRZ,A,1,2
7RRZ,A,1,3
7RRZ,A,1,4
7RRZ,A,1,5
7RRZ,A,1,6
7RRZ,A,1,7
7RRZ,A,1,8
7RRZ,A,1,123
7RRZ,A,1,231
7RRZ,A,1,232
7RRZ,A,1,233
7RRZ,A,1,234
7RRZ,A,1,235
7RRZ,A,1,236
7RRZ,A,1,250
7RRZ,A,1,251
7RRZ,A,1,252
7RRZ,A,1,253
7RRZ,A,1,254
7RRZ,A,1,255
7RRZ,A,1,256
7RRZ,A,1,257
7RRZ,B,1,1
7RRZ,B,1,2
7RRZ,B,1,3
7RRZ,B,1,4
7RRZ,B,1,5
7RRZ,B,1,6
7RRZ,B,1,7
7RRZ,B,1,40
7RRZ,B,1,41
7RRZ,B,1,42
7RRZ,B,1,43
7RRZ,B,1,119
7RRZ,B,1,120
7RRZ,B,1,121
7RRZ,B,1,122
7RRZ,B,1,123
7RRZ,B,1,232
7RRZ,B,1,233
7RRZ,B,1,234
7RRZ,B,1,235
7RRZ,B,1,250
7RRZ,B,1,251
7RRZ,B,1,252
7RRZ,B,1,253
7RRZ,B,1,254
7RRZ,B,1,255
7RRZ,B,1,256
7RRZ,B,1,257
7RRZ,C,1,1
7RRZ,C,1,2
7RRZ,C,1,3
7RRZ,C,1,4
7RRZ,C,1,5
7RRZ,C,1,6
7RRZ,C,1,7
7RRZ,C,1,8
7RRZ,C,1,120
7RRZ,C,1,121
7RRZ,C,1,122
7RRZ,C,1,123
7RRZ,C,1,124
7RRZ,C,1,229
7RRZ,C,1,230
7RRZ,C,1,231
7RRZ,C,1,232
7RRZ,C,1,233
7RRZ,C,1,234
7RRZ,C,1,235
7RRZ,C,1,250
7RRZ,C,1,251
7RRZ,C,1,252
7RRZ,C,1,253
7RRZ,C,1,254
7RRZ,C,1,255
7RRZ,C,1,256
7RRZ,C,1,257
7RRZ,D,1,1
7RRZ,D,1,2
7RRZ,D,1,3
7RRZ,D,1,4
7RRZ,D,1,5
7RRZ,D,1,6
7RRZ,D,1,7
7RRZ,D,1,36
7RRZ,D,1,37
7RRZ,D,1,38
7RRZ,D,1,39
7RRZ,D,1,40
7RRZ,D,1,41
7RRZ,D,1,42
7RRZ,D,1,43
7RRZ,D,1,119
7RRZ,D,1,120
7RRZ,D,1,121
7RRZ,D,1,122
7RRZ,D,1,123
7RRZ,D,1,165
7RRZ,D,1,166
7RRZ,D,1,167
7RRZ,D,1,168
7RRZ,D,1,169
7RRZ,D,1,230
7RRZ,D,1,231
7RRZ,D,1,232
7RRZ,D,1,233
7RRZ,D,1,234
7RRZ,D,1,235
7RRZ,D,1,250
7RRZ,D,1,251
7RRZ,D,1,252
7RRZ,D,1,253
7RRZ,D,1,254
7RRZ,D,1,255
7RRZ,D,1,256
7RRZ,D,1,257
7RS0,A,1,1
7RS0,A,1,2
7RS0,A,1,3
7RS0,A,1,4
7RS0,A,1,5
7RS0,A,1,6
7RS0,A,1,7
7RS0,A,1,250
7RS0,A,1,251
7RS0,A,1,252
7RS0,A,1,253
7RS0,A,1,254
7RS0,A,1,255
7RS0,A,1,256
7RS0,A,1,257
7RS0,B,1,1
7RS0,B,1,2
7RS0,B,1,3
7RS0,B,1,4
7RS0,B,1,5
7RS0,B,1,6
7RS0,B,1,7
7RS0,B,1,33
7RS0,B,1,34
7RS0,B,1,35
7RS0,B,1,36
7RS0,B,1,37
7RS0,B,1,38
7RS0,B,1,39
7RS0,B,1,40
7RS0,B,1,41
7RS0,B,1,42
7RS0,B,1,43
7RS0,B,1,121
7RS0,B,1,122
7RS0,B,1,229
7RS0,B,1,230
7RS0,B,1,231
7RS0,B,1,232
7RS0,B,1,233
7RS0,B,1,234
7RS0,B,1,235
7RS0,B,1,236
7RS0,B,1,250
7RS0,B,1,251
7RS0,B,1,252
7RS0,B,1,253
7RS0,B,1,254
7RS0,B,1,255
7RS0,B,1,256
7RS0,B,1,257
7RS0,C,1,1
7RS0,C,1,2
7RS0,C,1,3
7RS0,C,1,4
7RS0,C,1,5
7RS0,C,1,6
7RS0,C,1,7
7RS0,C,1,231
7RS0,C,1,232
7RS0,C,1,233
7RS0,C,1,234
7RS0,C,1,235
7RS0,C,1,236
7RS0,C,1,250
7RS0,C,1,251
7RS0,C,1,252
7RS0,C,1,253
7RS0,C,1,254
7RS0,C,1,255
7RS0,C,1,256
7RS0,C,1,257
7RS0,D,1,1
7RS0,D,1,2
7RS0,D,1,3
7RS0,D,1,4
7RS0,D,1,5
7RS0,D,1,6
7RS0,D,1,7
7RS0,D,1,33
7RS0,D,1,34
7RS0,D,1,35
7RS0,D,1,36
7RS0,D,1,37
7RS0,D,1,38
7RS0,D,1,39
7RS0,D,1,40
7RS0,D,1,41
7RS0,D,1,42
7RS0,D,1,43
7RS0,D,1,119
7RS0,D,1,120
7RS0,D,1,121
7RS0,D,1,122
7RS0,D,1,123
7RS0,D,1,124
7RS0,D,1,165
7RS0,D,1,166
7RS0,D,1,167
7RS0,D,1,168
7RS0,D,1,169
7RS0,D,1,170
7RS0,D,1,171
7RS0,D,1,229
7RS0,D,1,230
7RS0,D,1,231
7RS0,D,1,232
7RS0,D,1,233
7RS0,D,1,234
7RS0,D,1,235
7RS0,D,1,236
7RS0,D,1,250
7RS0,D,1,251
7RS0,D,1,252
7RS0,D,1,253
7RS0,D,1,254
7RS0,D,1,255
7RS0,D,1,256
7RS0,D,1,257
7RS1,A,1,1
7RS1,A,1,2
7RS1,A,1,3
7RS1,A,1,4
7RS1,A,1,5
7RS1,A,1,6
7RS1,A,1,7
7RS1,A,1,30
7RS1,A,1,165
7RS1,A,1,166
7RS1,A,1,167
7RS1,A,1,229
7RS1,A,1,230
7RS1,A,1,231
7RS1,A,1,232
7RS1,A,1,233
7RS1,A,1,234
7RS1,A,1,235
7RS1,A,1,250
7RS1,A,1,251
7RS1,A,1,252
7RS1,A,1,253
7RS1,A,1,254
7RS1,A,1,255
7RS1,A,1,256
7RS1,A,1,257
7RS1,B,1,1
7RS1,B,1,2
7RS1,B,1,3
7RS1,B,1,4
7RS1,B,1,5
7RS1,B,1,33
7RS1,B,1,34
7RS1,B,1,35
7RS1,B,1,36
7RS1,B,1,37
7RS1,B,1,38
7RS1,B,1,39
7RS1,B,1,40
7RS1,B,1,41
7RS1,B,1,42
7RS1,B,1,43
7RS1,B,1,119
7RS1,B,1,120
7RS1,B,1,121
7RS1,B,1,122
7RS1,B,1,123
7RS1,B,1,124
7RS1,B,1,165
7RS1,B,1,166
7RS1,B,1,167
7RS1,B,1,168
7RS1,B,1,169
7RS1,B,1,170
7RS1,B,1,250
7RS1,B,1,251
7RS1,B,1,252
7RS1,B,1,253
7RS1,B,1,254
7RS1,B,1,255
7RS1,B,1,256
7RS1,B,1,257
7RS1,C,1,1
7RS1,C,1,2
7RS1,C,1,3
7RS1,C,1,4
7RS1,C,1,5
7RS1,C,1,6
7RS1,C,1,7
7RS1,C,1,30
7RS1,C,1,165
7RS1,C,1,229
7RS1,C,1,230
7RS1,C,1,231
7RS1,C,1,232
7RS1,C,1,233
7RS1,C,1,234
7RS1,C,1,235
7RS1,C,1,250
7RS1,C,1,251
7RS1,C,1,252
7RS1,C,1,253
7RS1,C,1,254
7RS1,C,1,255
7RS1,C,1,256
7RS1,C,1,257
7RS1,D,1,1
7RS1,D,1,2
7RS1,D,1,3
7RS1,D,1,4
7RS1,D,1,5
7RS1,D,1,6
7RS1,D,1,7
7RS1,D,1,34
7RS1,D,1,35
7RS1,D,1,36
7RS1,D,1,37
7RS1,D,1,38
7RS1,D,1,39
7RS1,D,1,40
7RS1,D,1,41
7RS1,D,1,42
7RS1,D,1,43
7RS1,D,1,119
7RS1,D,1,120
7RS1,D,1,121
7RS1,D,1,122
7RS1,D,1,123
7RS1,D,1,250
7RS1,D,1,251
7RS1,D,1,252
7RS1,D,1,253
7RS1,D,1,254
7RS1,D,1,255
7RS1,D,1,256
7RS1,D,1,257
7RS2,A,1,233
7RS2,A,1,234
7RS2,A,1,235
7RS2,A,1,236
7RS2,A,1,237
7RS2,A,1,238
7RS2,A,1,239
7RS2,A,1,253
7RS2,A,1,254
7RS2,A,1,255
7RS2,A,1,256
7RS2,A,1,257
7RS2,A,1,258
7RS2,A,1,259
7RS2,A,1,260
7RS2,B,1,1
7RS2,B,1,2
7RS2,B,1,3
7RS2,B,1,4
7RS2,B,1,5
7RS2,B,1,6
7RS2,B,1,7
7RS2,B,1,8
7RS2,B,1,38
7RS2,B,1,39
7RS2,B,1,40
7RS2,B,1,41
7RS2,B,1,42
7RS2,B,1,43
7RS2,B,1,44
7RS2,B,1,45
7RS2,B,1,46
7RS2,B,1,168
7RS2,B,1,169
7RS2,B,1,170
7RS2,B,1,171
7RS2,B,1,172
7RS2,B,1,253
7RS2,B,1,254
7RS2,B,1,255
7RS2,B,1,256
7RS2,B,1,257
7RS2,B,1,258
7RS2,B,1,259
7RS2,B,1,260
7RS2,C,1,234
7RS2,C,1,235
7RS2,C,1,236
7RS2,C,1,237
7RS2,C,1,238
7RS2,C,1,253
7RS2,C,1,254
7RS2,C,1,255
7RS2,C,1,256
7RS2,C,1,257
7RS2,C,1,258
7RS2,C,1,259
7RS2,C,1,260
7RS2,D,1,1
7RS2,D,1,2
7RS2,D,1,3
7RS2,D,1,4
7RS2,D,1,5
7RS2,D,1,6
7RS2,D,1,7
7RS2,D,1,8
7RS2,D,1,37
7RS2,D,1,38
7RS2,D,1,39
7RS2,D,1,40
7RS2,D,1,41
7RS2,D,1,42
7RS2,D,1,43
7RS2,D,1,44
7RS2,D,1,45
7RS2,D,1,46
7RS2,D,1,253
7RS2,D,1,254
7RS2,D,1,255
7RS2,D,1,256
7RS2,D,1,257
7RS2,D,1,258
7RS2,D,1,259
7RS2,D,1,260
7RS3,A,1,1
7RS3,A,1,2
7RS3,A,1,3
7RS3,A,1,4
7RS3,A,1,5
7RS3,A,1,6
7RS3,A,1,7
7RS3,A,1,30
7RS3,A,1,33
7RS3,A,1,34
7RS3,A,1,35
7RS3,A,1,36
7RS3,A,1,37
7RS3,A,1,38
7RS3,A,1,39
7RS3,A,1,40
7RS3,A,1,41
7RS3,A,1,42
7RS3,A,1,43
7RS3,A,1,165
7RS3,A,1,166
7RS3,A,1,167
7RS3,A,1,168
7RS3,A,1,169
7RS3,A,1,232
7RS3,A,1,233
7RS3,A,1,250
7RS3,A,1,251
7RS3,A,1,252
7RS3,A,1,253
7RS3,A,1,254
7RS3,A,1,255
7RS3,A,1,256
7RS3,A,1,257
7RS3,B,1,1
7RS3,B,1,2
7RS3,B,1,3
7RS3,B,1,4
7RS3,B,1,5
7RS3,B,1,33
7RS3,B,1,34
7RS3,B,1,35
7RS3,B,1,36
7RS3,B,1,37
7RS3,B,1,38
7RS3,B,1,39
7RS3,B,1,40
7RS3,B,1,41
7RS3,B,1,42
7RS3,B,1,43
7RS3,B,1,229
7RS3,B,1,230
7RS3,B,1,231
7RS3,B,1,232
7RS3,B,1,233
7RS3,B,1,234
7RS3,B,1,235
7RS3,B,1,236
7RS3,B,1,237
7RS3,B,1,238
7RS3,B,1,239
7RS3,B,1,240
7RS3,B,1,241
7RS3,B,1,242
7RS3,B,1,243
7RS3,B,1,244
7RS3,B,1,245
7RS3,B,1,246
7RS3,B,1,247
7RS3,B,1,248
7RS3,B,1,249
7RS3,B,1,250
7RS3,B,1,251
7RS3,B,1,252
7RS3,B,1,253
7RS3,B,1,254
7RS3,B,1,255
7RS3,B,1,256
7RS3,B,1,257
7RS3,C,1,1
7RS3,C,1,2
7RS3,C,1,3
7RS3,C,1,4
7RS3,C,1,5
7RS3,C,1,6
7RS3,C,1,7
7RS3,C,1,30
7RS3,C,1,33
7RS3,C,1,34
7RS3,C,1,35
7RS3,C,1,36
7RS3,C,1,37
7RS3,C,1,38
7RS3,C,1,39
7RS3,C,1,40
7RS3,C,1,41
7RS3,C,1,42
7RS3,C,1,43
7RS3,C,1,119
7RS3,C,1,120
7RS3,C,1,121
7RS3,C,1,122
7RS3,C,1,123
7RS3,C,1,124
7RS3,C,1,165
7RS3,C,1,166
7RS3,C,1,167
7RS3,C,1,168
7RS3,C,1,169
7RS3,C,1,229
7RS3,C,1,230
7RS3,C,1,231
7RS3,C,1,232
7RS3,C,1,233
7RS3,C,1,234
7RS3,C,1,235
7RS3,C,1,236
7RS3,C,1,237
7RS3,C,1,238
7RS3,C,1,239
7RS3,C,1,240
7RS3,C,1,241
7RS3,C,1,242
7RS3,C,1,243
7RS3,C,1,244
7RS3,C,1,245
7RS3,C,1,246
7RS3,C,1,247
7RS3,C,1,248
7RS3,C,1,249
7RS3,C,1,250
7RS3,C,1,251
7RS3,C,1,252
7RS3,C,1,253
7RS3,C,1,254
7RS3,C,1,255
7RS3,C,1,256
7RS3,C,1,257
7RS3,D,1,1
7RS3,D,1,2
7RS3,D,1,3
7RS3,D,1,4
7RS3,D,1,5
7RS3,D,1,165
7RS3,D,1,166
7RS3,D,1,167
7RS3,D,1,168
7RS3,D,1,169
7RS3,D,1,232
7RS3,D,1,233
7RS3,D,1,250
7RS3,D,1,251
7RS3,D,1,252
7RS3,D,1,253
7RS3,D,1,254
7RS3,D,1,255
7RS3,D,1,256
7RS3,D,1,257
7RS4,A,1,1
7RS4,A,1,2
7RS4,A,1,233
7RS4,A,1,234
7RS4,A,1,235
7RS4,A,1,250
7RS4,A,1,251
7RS4,A,1,252
7RS4,A,1,253
7RS4,A,1,254
7RS4,A,1,255
7RS4,A,1,256
7RS4,A,1,257
7RS4,B,1,1
7RS4,B,1,2
7RS4,B,1,3
7RS4,B,1,4
7RS4,B,1,5
7RS4,B,1,252
7RS4,B,1,253
7RS4,B,1,254
7RS4,B,1,255
7RS4,B,1,256
7RS4,B,1,257
7RS4,C,1,1
7RS4,C,1,2
7RS4,C,1,3
7RS4,C,1,4
7RS4,C,1,5
7RS4,C,1,250
7RS4,C,1,251
7RS4,C,1,252
7RS4,C,1,253
7RS4,C,1,254
7RS4,C,1,255
7RS4,C,1,256
7RS4,C,1,257
7RS4,D,1,1
7RS4,D,1,2
7RS4,D,1,3
7RS4,D,1,4
7RS4,D,1,5
7RS4,D,1,122
7RS4,D,1,123
7RS4,D,1,165
7RS4,D,1,166
7RS4,D,1,167
7RS4,D,1,168
7RS4,D,1,169
7RS4,D,1,256
7RS4,D,1,257
7RS7,A,1,1
7RS7,A,1,2
7RS7,A,1,3
7RS7,A,1,4
7RS7,A,1,5
7RS7,A,1,6
7RS7,A,1,231
7RS7,A,1,232
7RS7,A,1,233
7RS7,A,1,234
7RS7,A,1,235
7RS7,A,1,256
7RS7,A,1,257
7RS7,B,1,1
7RS7,B,1,2
7RS7,B,1,3
7RS7,B,1,4
7RS7,B,1,5
7RS7,B,1,6
7RS7,B,1,7
7RS7,B,1,119
7RS7,B,1,120
7RS7,B,1,121
7RS7,B,1,122
7RS7,B,1,123
7RS7,B,1,165
7RS7,B,1,166
7RS7,B,1,167
7RS7,B,1,168
7RS7,B,1,169
7RS7,B,1,232
7RS7,B,1,233
7RS7,B,1,234
7RS7,B,1,235
7RS7,B,1,250
7RS7,B,1,251
7RS7,B,1,252
7RS7,B,1,253
7RS7,B,1,254
7RS7,B,1,255
7RS7,B,1,256
7RS7,B,1,257
7RS7,C,1,1
7RS7,C,1,2
7RS7,C,1,3
7RS7,C,1,4
7RS7,C,1,5
7RS7,C,1,6
7RS7,C,1,7
7RS7,C,1,232
7RS7,C,1,233
7RS7,C,1,234
7RS7,C,1,235
7RS7,C,1,256
7RS7,C,1,257
7RS7,D,1,1
7RS7,D,1,2
7RS7,D,1,3
7RS7,D,1,4
7RS7,D,1,5
7RS7,D,1,6
7RS7,D,1,7
7RS7,D,1,121
7RS7,D,1,122
7RS7,D,1,231
7RS7,D,1,250
7RS7,D,1,251
7RS7,D,1,252
7RS7,D,1,253
7RS7,D,1,254
7RS7,D,1,255
7RS7,D,1,256
7RS7,D,1,257
7RS8,A,1,1
7RS8,A,1,2
7RS8,A,1,3
7RS8,A,1,4
7RS8,A,1,5
7RS8,A,1,6
7RS8,A,1,7
7RS8,A,1,8
7RS8,A,1,9
7RS8,A,1,10
7RS8,A,1,120
7RS8,A,1,121
7RS8,A,1,122
7RS8,A,1,123
7RS8,A,1,165
7RS8,A,1,166
7RS8,A,1,231
7RS8,A,1,232
7RS8,A,1,233
7RS8,A,1,234
7RS8,A,1,235
7RS8,A,1,250
7RS8,A,1,251
7RS8,A,1,252
7RS8,A,1,253
7RS8,A,1,254
7RS8,A,1,255
7RS8,A,1,256
7RS8,A,1,257
7RS8,B,1,1
7RS8,B,1,2
7RS8,B,1,3
7RS8,B,1,4
7RS8,B,1,5
7RS8,B,1,6
7RS8,B,1,7
7RS8,B,1,42
7RS8,B,1,43
7RS8,B,1,117
7RS8,B,1,118
7RS8,B,1,119
7RS8,B,1,120
7RS8,B,1,121
7RS8,B,1,122
7RS8,B,1,123
7RS8,B,1,229
7RS8,B,1,230
7RS8,B,1,231
7RS8,B,1,232
7RS8,B,1,233
7RS8,B,1,234
7RS8,B,1,250
7RS8,B,1,251
7RS8,B,1,252
7RS8,B,1,253
7RS8,B,1,254
7RS8,B,1,255
7RS8,B,1,256
7RS8,B,1,257
7RS8,C,1,1
7RS8,C,1,2
7RS8,C,1,3
7RS8,C,1,4
7RS8,C,1,5
7RS8,C,1,6
7RS8,C,1,7
7RS8,C,1,8
7RS8,C,1,118
7RS8,C,1,119
7RS8,C,1,120
7RS8,C,1,121
7RS8,C,1,122
7RS8,C,1,123
7RS8,C,1,165
7RS8,C,1,231
7RS8,C,1,232
7RS8,C,1,233
7RS8,C,1,234
7RS8,C,1,235
7RS8,C,1,250
7RS8,C,1,251
7RS8,C,1,252
7RS8,C,1,253
7RS8,C,1,254
7RS8,C,1,255
7RS8,C,1,256
7RS8,C,1,257
7RS8,D,1,1
7RS8,D,1,2
7RS8,D,1,3
7RS8,D,1,4
7RS8,D,1,5
7RS8,D,1,6
7RS8,D,1,7
7RS8,D,1,8
7RS8,D,1,38
7RS8,D,1,39
7RS8,D,1,40
7RS8,D,1,41
7RS8,D,1,42
7RS8,D,1,43
7RS8,D,1,116
7RS8,D,1,117
7RS8,D,1,118
7RS8,D,1,119
7RS8,D,1,120
7RS8,D,1,121
7RS8,D,1,122
7RS8,D,1,123
7RS8,D,1,165
7RS8,D,1,166
7RS8,D,1,167
7RS8,D,1,168
7RS8,D,1,169
7RS8,D,1,232
7RS8,D,1,233
7RS8,D,1,234
7RS8,D,1,235
7RS8,D,1,249
7RS8,D,1,250
7RS8,D,1,251
7RS8,D,1,252
7RS8,D,1,253
7RS8,D,1,254
7RS8,D,1,255
7RS8,D,1,256
7RS8,D,1,257
7RS9,A,1,1
7RS9,A,1,2
7RS9,A,1,3
7RS9,A,1,4
7RS9,A,1,5
7RS9,A,1,6
7RS9,A,1,250
7RS9,A,1,251
7RS9,A,1,252
7RS9,A,1,253
7RS9,A,1,254
7RS9,A,1,255
7RS9,A,1,256
7RS9,A,1,257
7RS9,B,1,1
7RS9,B,1,2
7RS9,B,1,3
7RS9,B,1,4
7RS9,B,1,5
7RS9,B,1,6
7RS9,B,1,7
7RS9,B,1,35
7RS9,B,1,36
7RS9,B,1,37
7RS9,B,1,38
7RS9,B,1,39
7RS9,B,1,40
7RS9,B,1,41
7RS9,B,1,42
7RS9,B,1,43
7RS9,B,1,118
7RS9,B,1,119
7RS9,B,1,120
7RS9,B,1,121
7RS9,B,1,122
7RS9,B,1,123
7RS9,B,1,124
7RS9,B,1,250
7RS9,B,1,251
7RS9,B,1,252
7RS9,B,1,253
7RS9,B,1,254
7RS9,B,1,255
7RS9,B,1,256
7RS9,B,1,257
7RS9,C,1,1
7RS9,C,1,2
7RS9,C,1,3
7RS9,C,1,4
7RS9,C,1,5
7RS9,C,1,6
7RS9,C,1,7
7RS9,C,1,232
7RS9,C,1,233
7RS9,C,1,234
7RS9,C,1,235
7RS9,C,1,236
7RS9,C,1,250
7RS9,C,1,251
7RS9,C,1,252
7RS9,C,1,253
7RS9,C,1,254
7RS9,C,1,255
7RS9,C,1,256
7RS9,C,1,257
7RS9,D,1,1
7RS9,D,1,2
7RS9,D,1,3
7RS9,D,1,4
7RS9,D,1,5
7RS9,D,1,6
7RS9,D,1,7
7RS9,D,1,34
7RS9,D,1,35
7RS9,D,1,36
7RS9,D,1,37
7RS9,D,1,38
7RS9,D,1,39
7RS9,D,1,40
7RS9,D,1,41
7RS9,D,1,42
7RS9,D,1,43
7RS9,D,1,119
7RS9,D,1,120
7RS9,D,1,121
7RS9,D,1,165
7RS9,D,1,166
7RS9,D,1,167
7RS9,D,1,168
7RS9,D,1,169
7RS9,D,1,250
7RS9,D,1,251
7RS9,D,1,252
7RS9,D,1,253
7RS9,D,1,254
7RS9,D,1,255
7RS9,D,1,256
7RS9,D,1,257
7SFO,A,1,1
7SFO,A,1,2
7SFO,A,1,3
7SFO,A,1,26
7SFO,A,1,27
7SFO,A,1,28
7SFO,A,1,29
7SFO,A,1,30
7SFO,A,1,31
7SFO,A,1,32
7SFO,A,1,112
7SFO,A,1,113
7SFO,A,1,114
7SFO,A,1,115
7SFO,A,1,116
7SFO,A,1,157
7SFO,A,1,158
7SFO,A,1,159
7SFO,A,1,160
7SFO,A,1,161
7SFO,A,1,162
7SFO,A,1,163
7SFO,A,1,164
7SFO,A,1,244
7SFO,A,1,245
7SFO,A,1,246
7SFO,A,1,247
7SFO,A,1,248
7SFO,A,1,249
7SFO,A,1,250
7SFO,B,1,1
7SFO,B,1,2
7SFO,B,1,157
7SFO,B,1,158
7SFO,B,1,159
7SFO,B,1,160
7SFO,B,1,161
7SFO,B,1,162
7SFO,B,1,163
7SFO,B,1,164
7SFO,B,1,165
7SFO,B,1,166
7SFO,B,1,167
7SFO,B,1,168
7SFO,B,1,244
7SFO,B,1,245
7SFO,B,1,246
7SFO,B,1,247
7SFO,B,1,248
7SFO,B,1,249
7SFO,B,1,250
7SFO,C,1,1
7SFO,C,1,9
7SFO,C,1,10
7SQA,A,1,1
7SQA,A,1,2
7SQA,A,1,3
7SQA,A,1,4
7SQA,A,1,5
7SQA,A,1,6
7SQA,A,1,7
7SQA,A,1,8
7SQA,A,1,9
7SQA,A,1,10
7SQA,A,1,11
7SQA,A,1,12
7SQA,A,1,81
7SQA,A,1,82
7SQA,A,1,83
7SQA,A,1,275
7SQA,A,1,276
7SQA,A,1,277
7SQA,A,1,278
7SQA,A,1,279
7SQA,A,1,280
7SQA,A,1,281
7SQA,A,1,282
7SQA,A,1,283
7SQA,A,1,284
7SQA,A,1,285
7SQA,A,1,286
7SQA,A,1,287
7SQA,A,1,288
7SQA,A,1,289
7SQA,A,1,290
7SQA,B,1,1
7SQA,B,1,2
7SQA,B,1,3
7SQA,B,1,4
7SQA,B,1,5
7SQA,B,1,6
7SQA,B,1,7
7SQA,B,1,8
7SQA,B,1,9
7SQA,B,1,10
7SQA,B,1,11
7SQA,B,1,12
7SQA,B,1,13
7SQA,B,1,14
7SQA,B,1,82
7SQA,B,1,83
7SQA,B,1,84
7SQA,B,1,85
7SQA,B,1,275
7SQA,B,1,276
7SQA,B,1,277
7SQA,B,1,278
7SQA,B,1,279
7SQA,B,1,280
7SQA,B,1,281
7SQA,B,1,282
7SQA,B,1,283
7SQA,B,1,284
7SQA,B,1,285
7SQA,B,1,286
7SQA,B,1,287
7SQA,B,1,288
7SQA,B,1,289
7SQA,B,1,290
7SQA,C,1,1
7SQA,C,1,17
7SQA,C,1,18
7SQA,C,1,19
7SQA,C,1,20
7SQA,C,1,21
7SQA,C,1,22
7SQA,D,1,1
7SQA,D,1,2
7SQA,D,1,15
7SQA,D,1,16
7SQA,D,1,17
7SQA,D,1,18
7SQA,D,1,19
7SQA,D,1,20
7SQA,D,1,21
7SQA,D,1,22
7SQB,A,1,1
7SQB,A,1,2
7SQB,A,1,3
7SQB,A,1,4
7SQB,A,1,5
7SQB,A,1,6
7SQB,A,1,7
7SQB,A,1,8
7SQB,A,1,9
7SQB,A,1,10
7SQB,A,1,11
7SQB,A,1,12
7SQB,A,1,13
7T2X,A,1,1
7T2X,A,1,2
7T2X,A,1,3
7T2X,A,1,4
7T2X,A,1,5
7T2X,A,1,6
7T2X,A,1,7
7T2X,A,1,8
7T2X,A,1,9
7T2X,A,1,10
7T2X,A,1,11
7T2X,A,1,12
7T2X,A,1,13
7T2X,A,1,14
7T2X,A,1,15
7T2X,A,1,16
7T2X,A,1,38
7T2X,A,1,39
7T2X,A,1,40
7T2X,A,1,41
7T2X,A,1,42
7T2X,A,1,43
7T2X,A,1,44
7T2X,A,1,45
7T2X,A,1,46
7T2X,A,1,123
7T2X,A,1,124
7T2X,A,1,125
7T2X,A,1,126
7T2X,A,1,127
7T2X,A,1,168
7T2X,A,1,169
7T2X,A,1,170
7T2X,A,1,171
7T2X,A,1,172
7T2X,A,1,173
7T2X,A,1,174
7T2X,A,1,175
7T2X,A,1,237
7T2X,A,1,238
7T2X,A,1,239
7T2X,A,1,240
7T2X,A,1,241
7T2X,A,1,242
7T2X,A,1,255
7T2X,A,1,256
7T2X,A,1,257
7T2X,A,1,258
7T2X,A,1,259
7T2X,A,1,260
7T2X,A,1,261
7T2X,B,1,1
7T2X,B,1,2
7T2X,B,1,3
7T2X,B,1,4
7T2X,B,1,5
7T2X,B,1,6
7T2X,B,1,7
7T2X,B,1,8
7T2X,B,1,9
7T2X,B,1,10
7T2X,B,1,11
7T2X,B,1,12
7T2X,B,1,13
7T2X,B,1,38
7T2X,B,1,39
7T2X,B,1,40
7T2X,B,1,169
7T2X,B,1,170
7T2X,B,1,171
7T2X,B,1,172
7T2X,B,1,173
7T2X,B,1,174
7T2X,B,1,175
7T2X,B,1,176
7T2X,B,1,177
7T2X,B,1,178
7T2X,B,1,179
7T2X,B,1,255
7T2X,B,1,256
7T2X,B,1,257
7T2X,B,1,258
7T2X,B,1,259
7T2X,B,1,260
7T2X,B,1,261
7T2X,C,1,1
7T2X,C,1,2
7T2X,C,1,11
7T2X,C,1,12
7T2X,C,1,13
7T2X,D,1,1
7T2X,D,1,12
7T2X,D,1,13
7TE7,A,1,1
7TE7,A,1,2
7TE7,A,1,3
7TE7,A,1,4
7TE7,A,1,32
7TE7,A,1,33
7TE7,A,1,34
7TE7,A,1,35
7TE7,A,1,157
7TE7,A,1,158
7TE7,A,1,159
7TE7,A,1,246
7TE7,A,1,247
7TE7,A,1,248
7TE7,A,1,249
7TRB,A,1,1
7TRB,A,1,2
7TRB,A,1,3
7TRB,A,1,4
7TRB,A,1,5
7TRB,A,1,6
7TRB,A,1,7
7TRB,A,1,8
7TRB,A,1,9
7TRB,A,1,10
7TRB,A,1,11
7TRB,A,1,12
7TRB,A,1,13
7TRB,A,1,14
7TRB,A,1,15
7TRB,A,1,16
7TRB,A,1,17
7TRB,A,1,18
7TRB,A,1,19
7TRB,A,1,20
7TRB,A,1,21
7TRB,A,1,53
7TRB,A,1,54
7TRB,A,1,55
7TRB,A,1,56
7TRB,A,1,251
7TRB,B,1,1
7TRB,B,1,2
7TRB,B,1,3
7TRB,B,1,4
7TRB,B,1,5
7TRB,B,1,6
7TRB,B,1,7
7TRB,B,1,8
7TRB,B,1,9
7TRB,B,1,10
7TRB,B,1,11
7TRB,B,1,12
7TRB,B,1,13
7TRB,B,1,14
7TRB,B,1,15
7TRB,B,1,16
7TRB,B,1,17
7TRB,B,1,18
7TRB,B,1,19
7TRB,B,1,20
7TRB,B,1,21
7TRB,B,1,44
7TRB,B,1,45
7TRB,B,1,46
7TRB,B,1,47
7TRB,B,1,48
7TRB,B,1,49
7TRB,B,1,50
7TRB,B,1,51
7TRB,B,1,251
7TRB,C,1,1
7TRB,C,1,2
7TRB,C,1,14
7TRB,D,1,1
7TRB,D,1,13
7TRB,D,1,14
7TT8,A,1,1
7TT8,A,1,2
7TT8,A,1,3
7TT8,A,1,38
7TT8,A,1,39
7TT8,A,1,40
7TT8,A,1,41
7TT8,A,1,42
7TT8,A,1,244
7TT8,A,1,245
7TT8,A,1,246
7TT8,B,1,1
7TT8,B,1,2
7TT8,B,1,13
7TT8,B,1,14
7UJ7,A,1,1
7UJ7,A,1,2
7UJ7,A,1,3
7UJ7,A,1,4
7UJ7,A,1,5
7UJ7,A,1,6
7UJ7,A,1,7
7UJ7,A,1,8
7UJ7,A,1,9
7UJ7,A,1,10
7UJ7,A,1,11
7UJ7,A,1,12
7UJ7,A,1,13
7UJ7,A,1,14
7UJ7,A,1,15
7UJ7,A,1,40
7UJ7,A,1,41
7UJ7,A,1,42
7UJ7,A,1,43
7UJ7,A,1,44
7UJ7,A,1,45
7UJ7,A,1,46
7UJ7,A,1,47
7UJ7,A,1,126
7UJ7,A,1,127
7UJ7,A,1,236
7UJ7,A,1,237
7UJ7,A,1,238
7UJ7,A,1,239
7UJ7,A,1,240
7UJ7,A,1,241
7UJ7,A,1,242
7UJ7,A,1,243
7UJ7,A,1,244
7UJ7,A,1,258
7UJ7,A,1,259
7UJ7,A,1,260
7UJ7,A,1,261
7UJ7,A,1,262
7UJ7,A,1,263
7UJ7,B,1,1
7UJ7,B,1,2
7UJ7,B,1,3
7UJ7,B,1,4
7UJ7,B,1,5
7UJ7,B,1,6
7UJ7,B,1,7
7UJ7,B,1,8
7UJ7,B,1,9
7UJ7,B,1,10
7UJ7,B,1,11
7UJ7,B,1,12
7UJ7,B,1,13
7UJ7,B,1,14
7UJ7,B,1,15
7UJ7,B,1,47
7UJ7,B,1,48
7UJ7,B,1,49
7UJ7,B,1,126
7UJ7,B,1,127
7UJ7,B,1,128
7UJ7,B,1,129
7UJ7,B,1,171
7UJ7,B,1,172
7UJ7,B,1,173
7UJ7,B,1,236
7UJ7,B,1,237
7UJ7,B,1,238
7UJ7,B,1,239
7UJ7,B,1,240
7UJ7,B,1,241
7UJ7,B,1,242
7UJ7,B,1,255
7UJ7,B,1,256
7UJ7,B,1,257
7UJ7,B,1,258
7UJ7,B,1,259
7UJ7,B,1,260
7UJ7,B,1,261
7UJ7,B,1,262
7UJ7,B,1,263
7UJ7,C,1,1
7UJ7,C,1,2
7UJ7,C,1,3
7UJ7,C,1,4
7UJ7,C,1,5
7UJ7,C,1,6
7UJ7,C,1,7
7UJ7,C,1,8
7UJ7,C,1,9
7UJ7,C,1,10
7UJ7,C,1,11
7UJ7,C,1,12
7UJ7,C,1,13
7UJ7,C,1,14
7UJ7,C,1,15
7UJ7,C,1,40
7UJ7,C,1,41
7UJ7,C,1,42
7UJ7,C,1,43
7UJ7,C,1,44
7UJ7,C,1,45
7UJ7,C,1,46
7UJ7,C,1,47
7UJ7,C,1,125
7UJ7,C,1,126
7UJ7,C,1,127
7UJ7,C,1,171
7UJ7,C,1,172
7UJ7,C,1,173
7UJ7,C,1,174
7UJ7,C,1,235
7UJ7,C,1,236
7UJ7,C,1,237
7UJ7,C,1,238
7UJ7,C,1,239
7UJ7,C,1,240
7UJ7,C,1,241
7UJ7,C,1,242
7UJ7,C,1,243
7UJ7,C,1,244
7UJ7,C,1,257
7UJ7,C,1,258
7UJ7,C,1,259
7UJ7,C,1,260
7UJ7,C,1,261
7UJ7,C,1,262
7UJ7,C,1,263
7UJ7,D,1,1
7UJ7,D,1,2
7UJ7,D,1,3
7UJ7,D,1,4
7UJ7,D,1,5
7UJ7,D,1,6
7UJ7,D,1,7
7UJ7,D,1,8
7UJ7,D,1,9
7UJ7,D,1,10
7UJ7,D,1,11
7UJ7,D,1,12
7UJ7,D,1,13
7UJ7,D,1,14
7UJ7,D,1,15
7UJ7,D,1,45
7UJ7,D,1,46
7UJ7,D,1,47
7UJ7,D,1,48
7UJ7,D,1,49
7UJ7,D,1,125
7UJ7,D,1,126
7UJ7,D,1,127
7UJ7,D,1,128
7UJ7,D,1,129
7UJ7,D,1,130
7UJ7,D,1,131
7UJ7,D,1,171
7UJ7,D,1,172
7UJ7,D,1,173
7UJ7,D,1,174
7UJ7,D,1,175
7UJ7,D,1,176
7UJ7,D,1,177
7UJ7,D,1,235
7UJ7,D,1,236
7UJ7,D,1,237
7UJ7,D,1,238
7UJ7,D,1,239
7UJ7,D,1,240
7UJ7,D,1,241
7UJ7,D,1,242
7UJ7,D,1,243
7UJ7,D,1,255
7UJ7,D,1,256
7UJ7,D,1,257
7UJ7,D,1,258
7UJ7,D,1,259
7UJ7,D,1,260
7UJ7,D,1,261
7UJ7,D,1,262
7UJ7,D,1,263
7UJ8,A,1,1
7UJ8,A,1,2
7UJ8,A,1,3
7UJ8,A,1,4
7UJ8,A,1,5
7UJ8,A,1,6
7UJ8,A,1,7
7UJ8,A,1,8
7UJ8,A,1,9
7UJ8,A,1,10
7UJ8,A,1,11
7UJ8,A,1,12
7UJ8,A,1,13
7UJ8,A,1,14
7UJ8,A,1,15
7UJ8,A,1,16
7UJ8,A,1,39
7UJ8,A,1,40
7UJ8,A,1,41
7UJ8,A,1,42
7UJ8,A,1,43
7UJ8,A,1,166
7UJ8,A,1,167
7UJ8,A,1,168
7UJ8,A,1,169
7UJ8,A,1,170
7UJ8,A,1,171
7UJ8,A,1,172
7UJ8,A,1,173
7UJ8,A,1,174
7UJ8,A,1,175
7UJ8,A,1,176
7UJ8,A,1,177
7UJ8,A,1,178
7UJ8,A,1,179
7UJ8,A,1,180
7UJ8,A,1,239
7UJ8,A,1,240
7UJ8,A,1,241
7UJ8,A,1,242
7UJ8,A,1,254
7UJ8,A,1,255
7UJ8,A,1,256
7UJ8,A,1,257
7UJ8,A,1,258
7UJ8,A,1,259
7UJ8,A,1,260
7UJ8,A,1,261
7UJ8,A,1,262
7UJ8,B,1,1
7UJ8,B,1,2
7UJ8,B,1,3
7UJ8,B,1,4
7UJ8,B,1,5
7UJ8,B,1,6
7UJ8,B,1,7
7UJ8,B,1,8
7UJ8,B,1,9
7UJ8,B,1,10
7UJ8,B,1,11
7UJ8,B,1,12
7UJ8,B,1,13
7UJ8,B,1,14
7UJ8,B,1,43
7UJ8,B,1,44
7UJ8,B,1,45
7UJ8,B,1,46
7UJ8,B,1,47
7UJ8,B,1,48
7UJ8,B,1,49
7UJ8,B,1,169
7UJ8,B,1,170
7UJ8,B,1,171
7UJ8,B,1,172
7UJ8,B,1,173
7UJ8,B,1,174
7UJ8,B,1,175
7UJ8,B,1,176
7UJ8,B,1,177
7UJ8,B,1,178
7UJ8,B,1,179
7UJ8,B,1,236
7UJ8,B,1,237
7UJ8,B,1,238
7UJ8,B,1,239
7UJ8,B,1,240
7UJ8,B,1,241
7UJ8,B,1,242
7UJ8,B,1,243
7UJ8,B,1,255
7UJ8,B,1,256
7UJ8,B,1,257
7UJ8,B,1,258
7UJ8,B,1,259
7UJ8,B,1,260
7UJ8,B,1,261
7UJ8,B,1,262
7UJC,A,1,1
7UJC,A,1,2
7UJC,A,1,3
7UJC,A,1,4
7UJC,A,1,5
7UJC,A,1,6
7UJC,A,1,7
7UJC,A,1,8
7UJC,A,1,9
7UJC,A,1,10
7UJC,A,1,11
7UJC,A,1,12
7UJC,A,1,13
7UJC,A,1,14
7UJC,A,1,41
7UJC,A,1,42
7UJC,A,1,43
7UJC,A,1,44
7UJC,A,1,45
7UJC,A,1,171
7UJC,A,1,172
7UJC,A,1,173
7UJC,A,1,238
7UJC,A,1,239
7UJC,A,1,240
7UJC,A,1,241
7UJC,A,1,242
7UJC,A,1,243
7UJC,A,1,244
7UJC,A,1,259
7UJC,A,1,260
7UJC,A,1,261
7UJC,A,1,262
7UJC,A,1,263
7UJC,B,1,1
7UJC,B,1,2
7UJC,B,1,3
7UJC,B,1,4
7UJC,B,1,5
7UJC,B,1,6
7UJC,B,1,7
7UJC,B,1,8
7UJC,B,1,9
7UJC,B,1,10
7UJC,B,1,11
7UJC,B,1,12
7UJC,B,1,13
7UJC,B,1,14
7UJC,B,1,42
7UJC,B,1,43
7UJC,B,1,44
7UJC,B,1,45
7UJC,B,1,46
7UJC,B,1,47
7UJC,B,1,48
7UJC,B,1,49
7UJC,B,1,169
7UJC,B,1,170
7UJC,B,1,171
7UJC,B,1,172
7UJC,B,1,173
7UJC,B,1,174
7UJC,B,1,175
7UJC,B,1,176
7UJC,B,1,177
7UJC,B,1,178
7UJC,B,1,238
7UJC,B,1,239
7UJC,B,1,240
7UJC,B,1,241
7UJC,B,1,242
7UJC,B,1,243
7UJC,B,1,256
7UJC,B,1,257
7UJC,B,1,258
7UJC,B,1,259
7UJC,B,1,260
7UJC,B,1,261
7UJC,B,1,262
7UJC,B,1,263
7UJF,A,1,1
7UJF,A,1,2
7UJF,A,1,3
7UJF,A,1,4
7UJF,A,1,5
7UJF,A,1,6
7UJF,A,1,7
7UJF,A,1,8
7UJF,A,1,9
7UJF,A,1,10
7UJF,A,1,11
7UJF,A,1,12
7UJF,A,1,13
7UJF,A,1,14
7UJF,A,1,15
7UJF,A,1,46
7UJF,A,1,47
7UJF,A,1,48
7UJF,A,1,49
7UJF,A,1,126
7UJF,A,1,127
7UJF,A,1,171
7UJF,A,1,172
7UJF,A,1,173
7UJF,A,1,260
7UJF,A,1,261
7UJF,A,1,262
7UJF,A,1,263
7UJF,B,1,1
7UJF,B,1,2
7UJF,B,1,3
7UJF,B,1,4
7UJF,B,1,5
7UJF,B,1,6
7UJF,B,1,7
7UJF,B,1,8
7UJF,B,1,9
7UJF,B,1,10
7UJF,B,1,11
7UJF,B,1,12
7UJF,B,1,13
7UJF,B,1,14
7UJF,B,1,48
7UJF,B,1,49
7UJF,B,1,124
7UJF,B,1,125
7UJF,B,1,126
7UJF,B,1,127
7UJF,B,1,128
7UJF,B,1,129
7UJF,B,1,255
7UJF,B,1,256
7UJF,B,1,257
7UJF,B,1,258
7UJF,B,1,259
7UJF,B,1,260
7UJF,B,1,261
7UJF,B,1,262
7UJF,B,1,263
7UJF,C,1,1
7UJF,C,1,2
7UJF,C,1,3
7UJF,C,1,4
7UJF,C,1,5
7UJF,C,1,6
7UJF,C,1,7
7UJF,C,1,8
7UJF,C,1,9
7UJF,C,1,10
7UJF,C,1,11
7UJF,C,1,12
7UJF,C,1,13
7UJF,C,1,14
7UJF,C,1,15
7UJF,C,1,16
7UJF,C,1,17
7UJF,C,1,47
7UJF,C,1,171
7UJF,C,1,172
7UJF,C,1,173
7UJF,C,1,260
7UJF,C,1,261
7UJF,C,1,262
7UJF,C,1,263
7UJF,D,1,1
7UJF,D,1,2
7UJF,D,1,3
7UJF,D,1,4
7UJF,D,1,5
7UJF,D,1,6
7UJF,D,1,7
7UJF,D,1,8
7UJF,D,1,9
7UJF,D,1,10
7UJF,D,1,11
7UJF,D,1,12
7UJF,D,1,13
7UJF,D,1,14
7UJF,D,1,15
7UJF,D,1,48
7UJF,D,1,49
7UJF,D,1,124
7UJF,D,1,125
7UJF,D,1,126
7UJF,D,1,127
7UJF,D,1,128
7UJF,D,1,256
7UJF,D,1,257
7UJF,D,1,258
7UJF,D,1,259
7UJF,D,1,260
7UJF,D,1,261
7UJF,D,1,262
7UJF,D,1,263
7UJM,A,1,1
7UJM,A,1,2
7UJM,A,1,3
7UJM,A,1,4
7UJM,A,1,5
7UJM,A,1,6
7UJM,A,1,7
7UJM,A,1,8
7UJM,A,1,9
7UJM,A,1,10
7UJM,A,1,11
7UJM,A,1,12
7UJM,A,1,13
7UJM,A,1,14
7UJM,A,1,45
7UJM,A,1,46
7UJM,A,1,47
7UJM,A,1,48
7UJM,A,1,127
7UJM,A,1,128
7UJM,A,1,259
7UJM,A,1,260
7UJM,A,1,261
7UJM,A,1,262
7UJM,B,1,1
7UJM,B,1,2
7UJM,B,1,3
7UJM,B,1,4
7UJM,B,1,5
7UJM,B,1,6
7UJM,B,1,7
7UJM,B,1,8
7UJM,B,1,9
7UJM,B,1,10
7UJM,B,1,11
7UJM,B,1,12
7UJM,B,1,13
7UJM,B,1,14
7UJM,B,1,46
7UJM,B,1,47
7UJM,B,1,48
7UJM,B,1,170
7UJM,B,1,171
7UJM,B,1,172
7UJM,B,1,254
7UJM,B,1,255
7UJM,B,1,256
7UJM,B,1,257
7UJM,B,1,258
7UJM,B,1,259
7UJM,B,1,260
7UJM,B,1,261
7UJM,B,1,262
7UJM,C,1,1
7UJM,C,1,2
7UJM,C,1,3
7UJM,C,1,4
7UJM,C,1,5
7UJM,C,1,6
7UJM,C,1,7
7UJM,C,1,8
7UJM,C,1,9
7UJM,C,1,10
7UJM,C,1,11
7UJM,C,1,12
7UJM,C,1,13
7UJM,C,1,14
7UJM,C,1,47
7UJM,C,1,48
7UJM,C,1,259
7UJM,C,1,260
7UJM,C,1,261
7UJM,C,1,262
7UJM,D,1,1
7UJM,D,1,2
7UJM,D,1,3
7UJM,D,1,4
7UJM,D,1,5
7UJM,D,1,6
7UJM,D,1,7
7UJM,D,1,8
7UJM,D,1,9
7UJM,D,1,10
7UJM,D,1,11
7UJM,D,1,12
7UJM,D,1,13
7UJM,D,1,14
7UJM,D,1,253
7UJM,D,1,254
7UJM,D,1,255
7UJM,D,1,256
7UJM,D,1,257
7UJM,D,1,258
7UJM,D,1,259
7UJM,D,1,260
7UJM,D,1,261
7UJM,D,1,262
7UJO,A,1,1
7UJO,A,1,2
7UJO,A,1,3
7UJO,A,1,4
7UJO,A,1,5
7UJO,A,1,6
7UJO,A,1,7
7UJO,A,1,8
7UJO,A,1,9
7UJO,A,1,10
7UJO,A,1,11
7UJO,A,1,12
7UJO,A,1,13
7UJO,A,1,14
7UJO,A,1,15
7UJO,A,1,16
7UJO,A,1,17
7UJO,A,1,47
7UJO,A,1,48
7UJO,A,1,49
7UJO,A,1,255
7UJO,A,1,256
7UJO,A,1,257
7UJO,A,1,258
7UJO,A,1,259
7UJO,A,1,260
7UJO,A,1,261
7UJO,A,1,262
7UJO,A,1,263
7UJO,B,1,1
7UJO,B,1,2
7UJO,B,1,3
7UJO,B,1,4
7UJO,B,1,5
7UJO,B,1,6
7UJO,B,1,7
7UJO,B,1,8
7UJO,B,1,9
7UJO,B,1,10
7UJO,B,1,11
7UJO,B,1,12
7UJO,B,1,13
7UJO,B,1,14
7UJO,B,1,126
7UJO,B,1,127
7UJO,B,1,257
7UJO,B,1,258
7UJO,B,1,259
7UJO,B,1,260
7UJO,B,1,261
7UJO,B,1,262
7UJO,B,1,263
7UJO,C,1,1
7UJO,C,1,2
7UJO,C,1,3
7UJO,C,1,4
7UJO,C,1,5
7UJO,C,1,6
7UJO,C,1,7
7UJO,C,1,8
7UJO,C,1,9
7UJO,C,1,10
7UJO,C,1,11
7UJO,C,1,12
7UJO,C,1,13
7UJO,C,1,14
7UJO,C,1,15
7UJO,C,1,16
7UJO,C,1,17
7UJO,C,1,123
7UJO,C,1,124
7UJO,C,1,125
7UJO,C,1,126
7UJO,C,1,127
7UJO,C,1,256
7UJO,C,1,257
7UJO,C,1,258
7UJO,C,1,259
7UJO,C,1,260
7UJO,C,1,261
7UJO,C,1,262
7UJO,C,1,263
7UJO,D,1,1
7UJO,D,1,2
7UJO,D,1,3
7UJO,D,1,4
7UJO,D,1,5
7UJO,D,1,6
7UJO,D,1,7
7UJO,D,1,8
7UJO,D,1,9
7UJO,D,1,10
7UJO,D,1,11
7UJO,D,1,12
7UJO,D,1,13
7UJO,D,1,14
7UJO,D,1,15
7UJO,D,1,16
7UJO,D,1,17
7UJO,D,1,46
7UJO,D,1,47
7UJO,D,1,48
7UJO,D,1,49
7UJO,D,1,126
7UJO,D,1,127
7UJO,D,1,241
7UJO,D,1,256
7UJO,D,1,257
7UJO,D,1,258
7UJO,D,1,259
7UJO,D,1,260
7UJO,D,1,261
7UJO,D,1,262
7UJO,D,1,263
7UJW,A,1,1
7UJW,A,1,2
7UJW,A,1,3
7UJW,A,1,4
7UJW,A,1,5
7UJW,A,1,6
7UJW,A,1,7
7UJW,A,1,8
7UJW,A,1,9
7UJW,A,1,10
7UJW,A,1,11
7UJW,A,1,12
7UJW,A,1,13
7UJW,A,1,14
7UJW,A,1,40
7UJW,A,1,41
7UJW,A,1,42
7UJW,A,1,43
7UJW,A,1,44
7UJW,A,1,45
7UJW,A,1,46
7UJW,A,1,47
7UJW,A,1,48
7UJW,A,1,126
7UJW,A,1,127
7UJW,A,1,169
7UJW,A,1,170
7UJW,A,1,171
7UJW,A,1,172
7UJW,A,1,173
7UJW,A,1,174
7UJW,A,1,175
7UJW,A,1,176
7UJW,A,1,177
7UJW,A,1,178
7UJW,A,1,238
7UJW,A,1,239
7UJW,A,1,240
7UJW,A,1,241
7UJW,A,1,242
7UJW,A,1,243
7UJW,A,1,244
7UJW,A,1,255
7UJW,A,1,256
7UJW,A,1,257
7UJW,A,1,258
7UJW,A,1,259
7UJW,A,1,260
7UJW,A,1,261
7UJW,A,1,262
7UJW,A,1,263
7UJW,B,1,1
7UJW,B,1,2
7UJW,B,1,3
7UJW,B,1,4
7UJW,B,1,5
7UJW,B,1,6
7UJW,B,1,7
7UJW,B,1,8
7UJW,B,1,9
7UJW,B,1,10
7UJW,B,1,11
7UJW,B,1,12
7UJW,B,1,13
7UJW,B,1,14
7UJW,B,1,42
7UJW,B,1,43
7UJW,B,1,44
7UJW,B,1,45
7UJW,B,1,46
7UJW,B,1,47
7UJW,B,1,48
7UJW,B,1,169
7UJW,B,1,170
7UJW,B,1,171
7UJW,B,1,172
7UJW,B,1,173
7UJW,B,1,174
7UJW,B,1,175
7UJW,B,1,176
7UJW,B,1,177
7UJW,B,1,178
7UJW,B,1,239
7UJW,B,1,240
7UJW,B,1,241
7UJW,B,1,242
7UJW,B,1,243
7UJW,B,1,244
7UJW,B,1,245
7UJW,B,1,257
7UJW,B,1,258
7UJW,B,1,259
7UJW,B,1,260
7UJW,B,1,261
7UJW,B,1,262
7UJW,B,1,263
7UJW,C,1,1
7UJW,C,1,2
7UJW,C,1,3
7UJW,C,1,4
7UJW,C,1,5
7UJW,C,1,6
7UJW,C,1,7
7UJW,C,1,8
7UJW,C,1,9
7UJW,C,1,10
7UJW,C,1,11
7UJW,C,1,12
7UJW,C,1,13
7UJW,C,1,14
7UJW,C,1,42
7UJW,C,1,43
7UJW,C,1,44
7UJW,C,1,45
7UJW,C,1,46
7UJW,C,1,47
7UJW,C,1,48
7UJW,C,1,49
7UJW,C,1,126
7UJW,C,1,127
7UJW,C,1,128
7UJW,C,1,129
7UJW,C,1,169
7UJW,C,1,170
7UJW,C,1,171
7UJW,C,1,172
7UJW,C,1,173
7UJW,C,1,174
7UJW,C,1,175
7UJW,C,1,176
7UJW,C,1,177
7UJW,C,1,178
7UJW,C,1,238
7UJW,C,1,239
7UJW,C,1,240
7UJW,C,1,241
7UJW,C,1,242
7UJW,C,1,243
7UJW,C,1,244
7UJW,C,1,245
7UJW,C,1,253
7UJW,C,1,254
7UJW,C,1,255
7UJW,C,1,256
7UJW,C,1,257
7UJW,C,1,258
7UJW,C,1,259
7UJW,C,1,260
7UJW,C,1,261
7UJW,C,1,262
7UJW,C,1,263
7UJW,D,1,1
7UJW,D,1,2
7UJW,D,1,3
7UJW,D,1,4
7UJW,D,1,5
7UJW,D,1,6
7UJW,D,1,7
7UJW,D,1,8
7UJW,D,1,9
7UJW,D,1,10
7UJW,D,1,11
7UJW,D,1,12
7UJW,D,1,13
7UJW,D,1,14
7UJW,D,1,41
7UJW,D,1,42
7UJW,D,1,43
7UJW,D,1,44
7UJW,D,1,45
7UJW,D,1,46
7UJW,D,1,47
7UJW,D,1,48
7UJW,D,1,49
7UJW,D,1,126
7UJW,D,1,127
7UJW,D,1,128
7UJW,D,1,169
7UJW,D,1,170
7UJW,D,1,171
7UJW,D,1,172
7UJW,D,1,173
7UJW,D,1,174
7UJW,D,1,175
7UJW,D,1,176
7UJW,D,1,177
7UJW,D,1,178
7UJW,D,1,237
7UJW,D,1,238
7UJW,D,1,239
7UJW,D,1,240
7UJW,D,1,241
7UJW,D,1,242
7UJW,D,1,243
7UJW,D,1,244
7UJW,D,1,255
7UJW,D,1,256
7UJW,D,1,257
7UJW,D,1,258
7UJW,D,1,259
7UJW,D,1,260
7UJW,D,1,261
7UJW,D,1,262
7UJW,D,1,263
7UJY,A,1,1
7UJY,A,1,2
7UJY,A,1,3
7UJY,A,1,4
7UJY,A,1,5
7UJY,A,1,6
7UJY,A,1,7
7UJY,A,1,8
7UJY,A,1,9
7UJY,A,1,10
7UJY,A,1,11
7UJY,A,1,12
7UJY,A,1,13
7UJY,A,1,14
7UJY,A,1,15
7UJY,A,1,46
7UJY,A,1,47
7UJY,A,1,48
7UJY,A,1,49
7UJY,A,1,126
7UJY,A,1,127
7UJY,A,1,128
7UJY,A,1,129
7UJY,A,1,239
7UJY,A,1,240
7UJY,A,1,241
7UJY,A,1,242
7UJY,A,1,243
7UJY,A,1,260
7UJY,A,1,261
7UJY,A,1,262
7UJY,A,1,263
7UJY,B,1,1
7UJY,B,1,2
7UJY,B,1,3
7UJY,B,1,4
7UJY,B,1,5
7UJY,B,1,6
7UJY,B,1,7
7UJY,B,1,8
7UJY,B,1,9
7UJY,B,1,10
7UJY,B,1,11
7UJY,B,1,12
7UJY,B,1,13
7UJY,B,1,14
7UJY,B,1,48
7UJY,B,1,49
7UJY,B,1,127
7UJY,B,1,128
7UJY,B,1,171
7UJY,B,1,172
7UJY,B,1,238
7UJY,B,1,239
7UJY,B,1,240
7UJY,B,1,241
7UJY,B,1,242
7UJY,B,1,243
7UJY,B,1,255
7UJY,B,1,256
7UJY,B,1,257
7UJY,B,1,258
7UJY,B,1,259
7UJY,B,1,260
7UJY,B,1,261
7UJY,B,1,262
7UJY,B,1,263
7UJY,C,1,1
7UJY,C,1,2
7UJY,C,1,3
7UJY,C,1,4
7UJY,C,1,5
7UJY,C,1,6
7UJY,C,1,7
7UJY,C,1,8
7UJY,C,1,9
7UJY,C,1,10
7UJY,C,1,11
7UJY,C,1,12
7UJY,C,1,13
7UJY,C,1,14
7UJY,C,1,15
7UJY,C,1,46
7UJY,C,1,47
7UJY,C,1,48
7UJY,C,1,49
7UJY,C,1,238
7UJY,C,1,239
7UJY,C,1,240
7UJY,C,1,241
7UJY,C,1,242
7UJY,C,1,243
7UJY,C,1,260
7UJY,C,1,261
7UJY,C,1,262
7UJY,C,1,263
7UJY,D,1,1
7UJY,D,1,2
7UJY,D,1,3
7UJY,D,1,4
7UJY,D,1,5
7UJY,D,1,6
7UJY,D,1,7
7UJY,D,1,8
7UJY,D,1,9
7UJY,D,1,10
7UJY,D,1,11
7UJY,D,1,12
7UJY,D,1,13
7UJY,D,1,14
7UJY,D,1,15
7UJY,D,1,48
7UJY,D,1,49
7UJY,D,1,126
7UJY,D,1,127
7UJY,D,1,171
7UJY,D,1,172
7UJY,D,1,238
7UJY,D,1,239
7UJY,D,1,240
7UJY,D,1,241
7UJY,D,1,242
7UJY,D,1,243
7UJY,D,1,255
7UJY,D,1,256
7UJY,D,1,257
7UJY,D,1,258
7UJY,D,1,259
7UJY,D,1,260
7UJY,D,1,261
7UJY,D,1,262
7UJY,D,1,263
7UW2,A,1,1
7UW2,A,1,2
7UW2,A,1,3
7UW2,A,1,4
7UW2,A,1,5
7UW2,A,1,6
7UW2,A,1,22
7UW2,A,1,23
7UW2,A,1,24
7UW2,A,1,25
7UW2,A,1,26
7UW2,A,1,27
7UW2,A,1,28
7UW2,A,1,29
7UW2,A,1,30
7UW2,A,1,31
7UW2,A,1,32
7UW2,A,1,33
7UW2,A,1,34
7UW2,A,1,35
7UW2,A,1,36
7UW2,A,1,37
7UW2,A,1,38
7UW2,A,1,39
7UW2,A,1,40
7UW2,A,1,236
7UW2,A,1,237
7UW2,A,1,238
7UW2,A,1,239
7UW2,A,1,240
7UW2,B,1,1
7UW2,B,1,12
7UW2,B,1,13
7UW4,A,1,1
7UW4,A,1,2
7UW4,A,1,3
7UW4,A,1,4
7UW4,A,1,5
7UW4,A,1,6
7UW4,A,1,22
7UW4,A,1,23
7UW4,A,1,24
7UW4,A,1,25
7UW4,A,1,26
7UW4,A,1,27
7UW4,A,1,28
7UW4,A,1,29
7UW4,A,1,30
7UW4,A,1,31
7UW4,A,1,32
7UW4,A,1,33
7UW4,A,1,34
7UW4,A,1,35
7UW4,A,1,36
7UW4,A,1,37
7UW4,A,1,38
7UW4,A,1,39
7UW4,A,1,40
7UW4,A,1,236
7UW4,A,1,237
7UW4,A,1,238
7UW4,A,1,239
7UW4,A,1,240
7UW4,B,1,1
7UW4,B,1,12
7UW4,B,1,13
7VUE,B,1,1
7VUE,B,1,13
7VUE,B,1,14
7VWE,A,1,1
7VWE,A,1,2
7VWE,A,1,3
7VWE,A,1,4
7VWE,A,1,5
7VWE,A,1,6
7VWE,A,1,7
7VWE,A,1,8
7VWE,A,1,40
7VWE,A,1,41
7VWE,A,1,42
7VWE,A,1,62
7VWE,A,1,63
7VWE,A,1,64
7VWE,A,1,65
7VWE,A,1,66
7VWE,A,1,67
7VWE,A,1,68
7VWE,A,1,69
7VWE,A,1,70
7VWE,B,1,1
7VWE,B,1,2
7VWE,B,1,3
7VWE,B,1,4
7VWE,B,1,5
7VWE,B,1,6
7VWE,B,1,41
7VWE,B,1,42
7VWE,B,1,43
7VWE,B,1,64
7VWE,B,1,65
7VWE,B,1,66
7VWE,B,1,67
7VWE,B,1,68
7VWE,B,1,69
7VWE,B,1,70
7VWE,B,1,274
7VWE,B,1,275
7VWE,B,1,276
7VWF,A,1,1
7VWF,A,1,2
7VWF,A,1,3
7VWF,A,1,4
7VWF,A,1,5
7VWF,A,1,6
7VWF,A,1,7
7VWF,A,1,8
7VWF,A,1,40
7VWF,A,1,41
7VWF,A,1,42
7VWF,A,1,43
7VWF,A,1,64
7VWF,A,1,65
7VWF,A,1,66
7VWF,A,1,67
7VWF,A,1,68
7VWF,A,1,69
7VWF,B,1,1
7VWF,B,1,2
7VWF,B,1,3
7VWF,B,1,4
7VWF,B,1,5
7VWF,B,1,39
7VWF,B,1,40
7VWF,B,1,41
7VWF,B,1,42
7VWF,B,1,43
7VWF,B,1,64
7VWF,B,1,65
7VWF,B,1,66
7VWF,B,1,67
7VWF,B,1,68
7VWF,B,1,69
7VWF,B,1,275
7VWF,B,1,276
7VWG,A,1,1
7VWG,A,1,2
7VWG,A,1,3
7VWG,A,1,4
7VWG,A,1,5
7VWG,A,1,6
7VWG,A,1,7
7VWG,A,1,8
7VWG,A,1,40
7VWG,A,1,41
7VWG,A,1,42
7VWG,A,1,43
7VWG,A,1,64
7VWG,A,1,65
7VWG,A,1,66
7VWG,A,1,67
7VWG,A,1,68
7VWG,A,1,69
7VWG,B,1,1
7VWG,B,1,2
7VWG,B,1,3
7VWG,B,1,4
7VWG,B,1,5
7VWG,B,1,6
7VWG,B,1,39
7VWG,B,1,40
7VWG,B,1,41
7VWG,B,1,42
7VWG,B,1,43
7VWG,B,1,64
7VWG,B,1,65
7VWG,B,1,66
7VWG,B,1,67
7VWG,B,1,68
7VWG,B,1,69
7VWG,B,1,275
7VWG,B,1,276
7VWH,A,1,1
7VWH,A,1,2
7VWH,A,1,3
7VWH,A,1,4
7VWH,A,1,5
7VWH,A,1,6
7VWH,A,1,7
7VWH,A,1,8
7VWH,A,1,40
7VWH,A,1,41
7VWH,A,1,42
7VWH,A,1,43
7VWH,A,1,64
7VWH,A,1,65
7VWH,A,1,66
7VWH,A,1,67
7VWH,A,1,68
7VWH,A,1,69
7VWH,B,1,1
7VWH,B,1,2
7VWH,B,1,3
7VWH,B,1,4
7VWH,B,1,5
7VWH,B,1,39
7VWH,B,1,40
7VWH,B,1,41
7VWH,B,1,42
7VWH,B,1,43
7VWH,B,1,64
7VWH,B,1,65
7VWH,B,1,66
7VWH,B,1,67
7VWH,B,1,68
7VWH,B,1,69
7VWH,B,1,275
7VWH,B,1,276
7W0G,A,1,1
7W0G,A,1,2
7W0G,A,1,3
7W0G,A,1,4
7W0G,A,1,5
7W0G,A,1,6
7W0G,A,1,7
7W0G,A,1,8
7W0G,A,1,9
7W0G,A,1,10
7W0G,A,1,11
7W0G,A,1,12
7W0G,A,1,13
7W0G,B,1,1
7W0G,B,1,2
7W0G,B,1,3
7W0G,B,1,4
7W0G,B,1,5
7W0G,B,1,6
7W0G,B,1,7
7W0G,B,1,8
7W0G,B,1,9
7W0G,B,1,10
7W0G,B,1,11
7W0G,B,1,12
7W0G,B,1,13
7W3P,A,1,1
7W3P,A,1,2
7W3P,A,1,3
7W3P,B,1,1
7W3P,B,1,2
7W3P,B,1,11
7W3P,B,1,12
7W3P,B,1,13
7W3Q,A,1,1
7W3Q,A,1,2
7W3Q,A,1,3
7W3Q,A,1,208
7W3Q,B,1,1
7W3Q,B,1,2
7W3Q,B,1,12
7W3Q,B,1,13
7WGL,A,1,1
7WGL,A,1,2
7WGL,A,1,3
7WGL,A,1,4
7WGL,A,1,5
7WGL,A,1,6
7WGL,A,1,7
7WGL,A,1,8
7WGL,A,1,40
7WGL,A,1,41
7WGL,A,1,42
7WGL,A,1,43
7WGL,A,1,64
7WGL,A,1,65
7WGL,A,1,66
7WGL,A,1,67
7WGL,A,1,68
7WGL,A,1,69
7WGL,A,1,276
7WGL,B,1,1
7WGL,B,1,2
7WGL,B,1,3
7WGL,B,1,4
7WGL,B,1,5
7WGL,B,1,6
7WGL,B,1,7
7WGL,B,1,39
7WGL,B,1,40
7WGL,B,1,41
7WGL,B,1,42
7WGL,B,1,43
7WGL,B,1,64
7WGL,B,1,65
7WGL,B,1,66
7WGL,B,1,67
7WGL,B,1,68
7WGL,B,1,69
7WGL,B,1,275
7WGL,B,1,276
7WGN,A,1,1
7WGN,A,1,2
7WGN,A,1,3
7WGN,A,1,4
7WGN,A,1,5
7WGN,A,1,6
7WGN,A,1,7
7WGN,A,1,40
7WGN,A,1,41
7WGN,A,1,42
7WGN,A,1,64
7WGN,A,1,65
7WGN,A,1,66
7WGN,A,1,67
7WGN,A,1,68
7WGO,A,1,1
7WGO,A,1,2
7WGO,A,1,3
7WGO,B,1,1
7WGO,B,1,2
7WGO,B,1,15
7WGP,A,1,1
7WGP,A,1,2
7WGP,A,1,3
7WGP,A,1,44
7WGP,A,1,45
7WGP,A,1,46
7WGP,A,1,262
7WGP,A,1,263
7WGP,A,1,264
7WGP,A,1,265
7WGP,B,1,1
7WGP,B,1,2
7WGP,B,1,3
7WGP,B,1,15
7WGQ,A,1,1
7WGQ,A,1,2
7WGQ,B,1,1
7WGQ,B,1,2
7WGQ,B,1,3
7WGQ,B,1,14
7WGQ,B,1,15
7WLX,A,1,1
7WLX,A,1,2
7WLX,A,1,3
7WLX,A,1,4
7WLX,A,1,5
7WLX,A,1,6
7WLX,A,1,7
7WLX,A,1,8
7WLX,A,1,9
7WLX,A,1,47
7WLX,A,1,48
7WLX,A,1,49
7WLX,A,1,50
7WLX,A,1,51
7WLX,A,1,52
7WLX,A,1,53
7WLX,A,1,54
7WLX,A,1,55
7WLX,A,1,56
7WLX,A,1,57
7WLX,A,1,58
7WLX,A,1,59
7WLX,A,1,60
7WLX,A,1,61
7WLX,A,1,62
7WLX,A,1,63
7WLX,A,1,243
7WLX,A,1,244
7WLX,A,1,259
7WLX,A,1,260
7WMG,A,1,1
7WMG,A,1,2
7WMG,A,1,3
7WMG,A,1,4
7WMG,A,1,5
7WMG,A,1,6
7WMG,A,1,7
7WMG,A,1,8
7WMG,A,1,9
7WMG,A,1,35
7WMG,A,1,38
7WMG,A,1,46
7WMG,A,1,47
7WMG,A,1,48
7WMG,A,1,49
7WMG,A,1,50
7WMG,A,1,51
7WMG,A,1,52
7WMG,A,1,53
7WMG,A,1,54
7WMG,A,1,55
7WMG,A,1,56
7WMG,A,1,57
7WMG,A,1,58
7WMG,A,1,59
7WMG,A,1,60
7WMG,A,1,61
7WMG,A,1,62
7WMG,A,1,63
7WMG,A,1,237
7WMG,A,1,243
7WMG,A,1,244
7WMG,A,1,245
7WMG,A,1,259
7WMG,A,1,260
7WMH,A,1,1
7WMH,A,1,2
7WMH,A,1,3
7WMH,A,1,4
7WMH,A,1,5
7WMH,A,1,6
7WMH,A,1,7
7WMH,A,1,8
7WMH,A,1,9
7WMH,A,1,47
7WMH,A,1,48
7WMH,A,1,49
7WMH,A,1,50
7WMH,A,1,51
7WMH,A,1,52
7WMH,A,1,53
7WMH,A,1,54
7WMH,A,1,55
7WMH,A,1,56
7WMH,A,1,57
7WMH,A,1,58
7WMH,A,1,59
7WMH,A,1,60
7WMH,A,1,61
7WMH,A,1,243
7WMH,A,1,244
7WMH,A,1,245
7WMH,A,1,259
7WMH,A,1,260
7WMJ,A,1,1
7WMJ,A,1,2
7WMJ,A,1,3
7WMJ,A,1,4
7WMJ,A,1,5
7WMJ,A,1,6
7WMJ,A,1,7
7WMJ,A,1,8
7WMJ,A,1,9
7WMJ,A,1,36
7WMJ,A,1,47
7WMJ,A,1,48
7WMJ,A,1,49
7WMJ,A,1,50
7WMJ,A,1,51
7WMJ,A,1,52
7WMJ,A,1,53
7WMJ,A,1,54
7WMJ,A,1,55
7WMJ,A,1,56
7WMJ,A,1,57
7WMJ,A,1,58
7WMJ,A,1,59
7WMJ,A,1,60
7WMJ,A,1,61
7WMJ,A,1,62
7WMJ,A,1,63
7WMJ,A,1,243
7WMJ,A,1,244
7WMJ,A,1,259
7WMJ,A,1,260
7WML,A,1,1
7WML,A,1,2
7WML,A,1,3
7WML,A,1,4
7WML,A,1,5
7WML,A,1,6
7WML,A,1,7
7WML,A,1,8
7WML,A,1,9
7WML,A,1,36
7WML,A,1,37
7WML,A,1,47
7WML,A,1,48
7WML,A,1,49
7WML,A,1,50
7WML,A,1,51
7WML,A,1,52
7WML,A,1,53
7WML,A,1,54
7WML,A,1,55
7WML,A,1,56
7WML,A,1,57
7WML,A,1,58
7WML,A,1,59
7WML,A,1,60
7WML,A,1,61
7WML,A,1,242
7WML,A,1,243
7WML,A,1,244
7WML,A,1,245
7WML,A,1,259
7WML,A,1,260
7WMN,A,1,1
7WMN,A,1,2
7WMN,A,1,3
7WMN,A,1,4
7WMN,A,1,5
7WMN,A,1,6
7WMN,A,1,7
7WMN,A,1,8
7WMN,A,1,48
7WMN,A,1,49
7WMN,A,1,50
7WMN,A,1,51
7WMN,A,1,52
7WMN,A,1,53
7WMN,A,1,54
7WMN,A,1,55
7WMN,A,1,56
7WMN,A,1,57
7WMN,A,1,58
7WMN,A,1,59
7WMN,A,1,60
7WMN,A,1,61
7WMN,A,1,62
7WMN,A,1,63
7WMN,A,1,243
7WMN,A,1,244
7WMN,A,1,259
7WMN,A,1,260
7WMO,A,1,1
7WMO,A,1,2
7WMO,A,1,3
7WMO,A,1,4
7WMO,A,1,5
7WMO,A,1,6
7WMO,A,1,7
7WMO,A,1,8
7WMO,A,1,48
7WMO,A,1,49
7WMO,A,1,50
7WMO,A,1,51
7WMO,A,1,52
7WMO,A,1,53
7WMO,A,1,54
7WMO,A,1,55
7WMO,A,1,56
7WMO,A,1,57
7WMO,A,1,58
7WMO,A,1,59
7WMO,A,1,60
7WMO,A,1,61
7WMO,A,1,62
7WMO,A,1,63
7WMO,A,1,64
7WMO,A,1,65
7WMO,A,1,66
7WMO,A,1,243
7WMO,A,1,244
7WMO,A,1,259
7WMO,A,1,260
7WNH,A,1,1
7WNH,A,1,2
7WNH,A,1,3
7WNH,A,1,4
7WNH,A,1,5
7WNH,A,1,6
7WNH,A,1,7
7WNH,A,1,8
7WNH,A,1,9
7WNH,A,1,10
7WNH,A,1,11
7WNH,A,1,12
7WNH,A,1,100
7WNH,A,1,101
7WNH,A,1,102
7WNH,A,1,103
7WNH,A,1,104
7WNH,A,1,105
7WNH,A,1,106
7WNH,A,1,107
7WNH,A,1,108
7WNH,A,1,109
7WNH,A,1,110
7WNH,A,1,111
7WNH,A,1,112
7WNH,A,1,113
7WNH,A,1,114
7WNH,A,1,145
7WNH,A,1,146
7WNH,A,1,147
7WNH,A,1,148
7WNH,A,1,149
7WNH,A,1,150
7WNH,A,1,298
7WNH,A,1,299
7WNH,A,1,300
7WNH,A,1,301
7WNH,A,1,302
7WNH,A,1,303
7WNH,A,1,304
7WNH,A,1,350
7WNH,B,1,1
7WNH,B,1,2
7WNH,B,1,3
7WNH,B,1,4
7WNH,B,1,5
7WNH,B,1,6
7WNH,B,1,7
7WNH,B,1,8
7WNH,B,1,9
7WNH,B,1,10
7WNH,B,1,11
7WNH,B,1,12
7WNH,B,1,13
7WNH,B,1,100
7WNH,B,1,101
7WNH,B,1,102
7WNH,B,1,103
7WNH,B,1,104
7WNH,B,1,105
7WNH,B,1,106
7WNH,B,1,107
7WNH,B,1,108
7WNH,B,1,109
7WNH,B,1,110
7WNH,B,1,111
7WNH,B,1,112
7WNH,B,1,146
7WNH,B,1,147
7WNH,B,1,148
7WNH,B,1,149
7WNH,B,1,150
7WNH,B,1,345
7WNH,B,1,346
7WNH,B,1,347
7WNH,B,1,348
7WNH,B,1,349
7WNH,B,1,350
7WNH,C,1,1
7WNH,C,1,2
7WNH,C,1,3
7WNH,C,1,4
7WNH,C,1,5
7WNH,C,1,6
7WNH,C,1,7
7WNH,C,1,8
7WNH,C,1,9
7WNH,C,1,10
7WNH,C,1,11
7WNH,C,1,12
7WNH,C,1,13
7WNH,C,1,100
7WNH,C,1,101
7WNH,C,1,102
7WNH,C,1,103
7WNH,C,1,104
7WNH,C,1,105
7WNH,C,1,106
7WNH,C,1,107
7WNH,C,1,108
7WNH,C,1,109
7WNH,C,1,110
7WNH,C,1,111
7WNH,C,1,144
7WNH,C,1,145
7WNH,C,1,146
7WNH,C,1,147
7WNH,C,1,148
7WNH,C,1,149
7WNH,C,1,150
7WNH,C,1,297
7WNH,C,1,298
7WNH,C,1,299
7WNH,C,1,300
7WNH,C,1,301
7WNH,D,1,1
7WNH,D,1,2
7WNH,D,1,3
7WNH,D,1,4
7WNH,D,1,5
7WNH,D,1,6
7WNH,D,1,7
7WNH,D,1,8
7WNH,D,1,9
7WNH,D,1,10
7WNH,D,1,11
7WNH,D,1,12
7WNH,D,1,13
7WNH,D,1,14
7WNH,D,1,99
7WNH,D,1,100
7WNH,D,1,101
7WNH,D,1,102
7WNH,D,1,103
7WNH,D,1,104
7WNH,D,1,105
7WNH,D,1,106
7WNH,D,1,107
7WNH,D,1,108
7WNH,D,1,109
7WNH,D,1,110
7WNH,D,1,111
7WNH,D,1,112
7WNH,D,1,144
7WNH,D,1,145
7WNH,D,1,146
7WNH,D,1,147
7WNH,D,1,349
7WNH,D,1,350
7WNV,A,1,1
7WNV,A,1,2
7WNV,A,1,3
7WNV,A,1,4
7WNV,A,1,5
7WNV,A,1,6
7WNV,A,1,7
7WNV,A,1,8
7WNV,A,1,9
7WNV,A,1,10
7WNV,A,1,11
7WNV,A,1,38
7WNV,A,1,39
7WNV,A,1,163
7WNV,A,1,164
7WNV,A,1,165
7WNV,A,1,166
7WNV,A,1,167
7WNV,A,1,168
7WNV,A,1,169
7WNV,A,1,170
7WNV,A,1,171
7WNV,A,1,172
7WNV,A,1,236
7WNV,A,1,237
7WNV,A,1,238
7WNV,A,1,239
7WNV,A,1,252
7WNV,A,1,253
7WNV,A,1,254
7WNV,A,1,255
7WNV,A,1,256
7WNV,A,1,257
7WNV,A,1,258
7WNV,A,1,259
7WNV,B,1,1
7WNV,B,1,2
7WNV,B,1,3
7WNV,B,1,4
7WNV,B,1,5
7WNV,B,1,6
7WNV,B,1,7
7WNV,B,1,8
7WNV,B,1,9
7WNV,B,1,41
7WNV,B,1,42
7WNV,B,1,43
7WNV,B,1,44
7WNV,B,1,163
7WNV,B,1,164
7WNV,B,1,165
7WNV,B,1,166
7WNV,B,1,167
7WNV,B,1,168
7WNV,B,1,169
7WNV,B,1,170
7WNV,B,1,171
7WNV,B,1,172
7WNV,B,1,173
7WNV,B,1,174
7WNV,B,1,175
7WNV,B,1,176
7WNV,B,1,236
7WNV,B,1,237
7WNV,B,1,238
7WNV,B,1,239
7WNV,B,1,240
7WNV,B,1,250
7WNV,B,1,251
7WNV,B,1,252
7WNV,B,1,253
7WNV,B,1,254
7WNV,B,1,255
7WNV,B,1,256
7WNV,B,1,257
7WNV,B,1,258
7WNV,B,1,259
7WNV,C,1,1
7WNV,C,1,2
7WNV,C,1,3
7WNV,C,1,4
7WNV,C,1,5
7WNV,C,1,6
7WNV,C,1,7
7WNV,C,1,8
7WNV,C,1,9
7WNV,C,1,10
7WNV,C,1,11
7WNV,C,1,37
7WNV,C,1,38
7WNV,C,1,39
7WNV,C,1,163
7WNV,C,1,164
7WNV,C,1,165
7WNV,C,1,166
7WNV,C,1,167
7WNV,C,1,168
7WNV,C,1,169
7WNV,C,1,170
7WNV,C,1,171
7WNV,C,1,172
7WNV,C,1,173
7WNV,C,1,174
7WNV,C,1,175
7WNV,C,1,176
7WNV,C,1,236
7WNV,C,1,237
7WNV,C,1,238
7WNV,C,1,251
7WNV,C,1,252
7WNV,C,1,253
7WNV,C,1,254
7WNV,C,1,255
7WNV,C,1,256
7WNV,C,1,257
7WNV,C,1,258
7WNV,C,1,259
7WNV,D,1,1
7WNV,D,1,2
7WNV,D,1,3
7WNV,D,1,4
7WNV,D,1,5
7WNV,D,1,6
7WNV,D,1,7
7WNV,D,1,8
7WNV,D,1,9
7WNV,D,1,10
7WNV,D,1,11
7WNV,D,1,122
7WNV,D,1,163
7WNV,D,1,164
7WNV,D,1,165
7WNV,D,1,166
7WNV,D,1,167
7WNV,D,1,168
7WNV,D,1,236
7WNV,D,1,237
7WNV,D,1,238
7WNV,D,1,239
7WNV,D,1,240
7WNV,D,1,250
7WNV,D,1,251
7WNV,D,1,252
7WNV,D,1,253
7WNV,D,1,254
7WNV,D,1,255
7WNV,D,1,256
7WNV,D,1,257
7WNV,D,1,258
7WNV,D,1,259
7WOX,A,1,1
7WOX,A,1,2
7WOX,A,1,3
7WOX,A,1,4
7WOX,A,1,5
7WOX,A,1,63
7WOX,A,1,64
7WOX,A,1,65
7WOX,A,1,66
7WOX,A,1,67
7WOX,A,1,68
7WOX,A,1,69
7WOX,A,1,70
7WOX,A,1,71
7WOX,A,1,72
7WOX,A,1,73
7WOX,A,1,275
7WOX,A,1,276
7WOX,B,1,1
7WOX,B,1,2
7WOX,B,1,3
7WOX,B,1,4
7WOX,B,1,5
7WOX,B,1,40
7WOX,B,1,41
7WOX,B,1,62
7WOX,B,1,63
7WOX,B,1,64
7WOX,B,1,65
7WOX,B,1,66
7WOX,B,1,67
7WOX,B,1,68
7WOX,B,1,69
7WOX,B,1,70
7WOX,B,1,71
7WOX,B,1,72
7WOX,B,1,73
7WOX,B,1,74
7WOX,B,1,263
7WOX,B,1,264
7WOX,B,1,265
7WOX,B,1,273
7WOX,B,1,274
7WOX,B,1,275
7WOX,B,1,276
7WQQ,A,1,1
7WQQ,A,1,2
7WQQ,A,1,3
7WQQ,A,1,4
7WQQ,A,1,5
7WQQ,A,1,6
7WQQ,A,1,7
7WQQ,A,1,8
7WQQ,A,1,9
7WQQ,A,1,10
7WQQ,A,1,11
7WQQ,A,1,12
7WQQ,A,1,13
7WQQ,A,1,14
7WQQ,A,1,15
7WQQ,A,1,16
7WQQ,A,1,17
7WQQ,A,1,18
7WQQ,A,1,19
7WQQ,A,1,20
7WQQ,A,1,21
7WQQ,A,1,22
7WQQ,A,1,23
7WQQ,A,1,24
7WQQ,A,1,55
7WQQ,A,1,56
7WQQ,A,1,57
7WQQ,A,1,58
7WQQ,A,1,59
7WQQ,A,1,60
7WQQ,A,1,259
7WQQ,A,1,260
7WQQ,A,1,261
7WQQ,A,1,262
7WQQ,A,1,263
7WQQ,A,1,264
7WQQ,A,1,265
7WQQ,B,1,1
7WQQ,B,1,11
7WQQ,B,1,12
7WQQ,B,1,13
7XQE,A,1,1
7XQE,A,1,2
7XQE,A,1,3
7XQE,A,1,4
7XQE,A,1,5
7XQE,A,1,6
7XQE,A,1,7
7XQE,A,1,8
7XQE,A,1,9
7XQE,A,1,10
7XQE,A,1,11
7XQE,A,1,12
7XQE,A,1,13
7XQE,A,1,14
7XQE,A,1,15
7XQE,A,1,16
7XQE,A,1,17
7XQE,A,1,18
7XQE,A,1,19
7XQE,A,1,20
7XQE,A,1,21
7XQE,A,1,22
7XQE,A,1,23
7XQE,A,1,24
7XQE,A,1,25
7XQE,A,1,227
7XQE,A,1,228
7XQE,A,1,229
7XQE,A,1,230
7XQE,A,1,231
7XQE,A,1,232
7XQE,A,1,233
7XQE,A,1,234
7XQE,A,1,235
7XQE,A,1,236
7XQE,A,1,237
7XQE,A,1,238
7XQE,A,1,239
7XQE,A,1,240
7XQE,A,1,241
7XQE,A,1,242
7XQE,A,1,243
7XQE,A,1,244
7XQE,A,1,245
7XQE,A,1,246
7XQE,A,1,247
7XQE,A,1,248
7XQE,A,1,249
7XQE,A,1,250
7XQE,A,1,251
7XQE,A,1,252
7XQE,A,1,253
7XQE,A,1,254
7XQE,A,1,255
7XQE,A,1,256
7XQE,A,1,257
7XQE,A,1,258
7XQE,A,1,259
7XQE,A,1,260
7XQE,A,1,261
7XQE,A,1,262
7XQE,A,1,263
7XQE,A,1,264
7XQE,A,1,265
7XQE,A,1,266
7XQE,A,1,267
7XQE,B,1,1
7XQE,B,1,2
7XQE,B,1,3
7XQE,B,1,4
7XQE,B,1,5
7XQE,B,1,6
7XQE,B,1,7
7XQE,B,1,8
7XQE,B,1,9
7XQE,B,1,10
7XQE,B,1,11
7XQE,B,1,12
7XQE,B,1,13
7XQE,B,1,14
7XQE,B,1,15
7XQE,B,1,16
7XQE,B,1,17
7XQE,B,1,18
7XQE,B,1,19
7XQE,B,1,20
7XQE,B,1,21
7XQE,B,1,22
7XQE,B,1,23
7XQE,B,1,24
7XQE,B,1,25
7XQE,B,1,235
7XQE,B,1,236
7XQE,B,1,237
7XQE,B,1,238
7XQE,B,1,239
7XQE,B,1,240
7XQE,B,1,241
7XQE,B,1,242
7XQE,B,1,243
7XQE,B,1,244
7XQE,B,1,245
7XQE,B,1,246
7XQE,B,1,247
7XQE,B,1,248
7XQE,B,1,249
7XQE,B,1,250
7XQE,B,1,251
7XQE,B,1,252
7XQE,B,1,253
7XQE,B,1,254
7XQE,B,1,255
7XQE,B,1,256
7XQE,B,1,257
7XQE,B,1,258
7XQE,B,1,259
7XQE,B,1,260
7XQE,B,1,261
7XQE,B,1,262
7XQE,B,1,263
7XQE,B,1,264
7XQE,B,1,265
7XQE,B,1,266
7XQE,B,1,267
7XVA,A,1,1
7XVA,A,1,2
7XVA,A,1,3
7XVA,A,1,4
7XVA,A,1,5
7XVA,A,1,6
7XVA,A,1,7
7XVA,A,1,8
7XVA,A,1,9
7XVA,A,1,10
7XVA,A,1,11
7XVA,A,1,12
7XVA,A,1,13
7XVA,A,1,14
7XVA,A,1,15
7XVA,A,1,16
7XVA,A,1,17
7XVA,A,1,115
7XVA,A,1,116
7XVA,A,1,117
7XVA,A,1,118
7XVA,A,1,119
7XVA,A,1,120
7XVA,A,1,121
7XVA,A,1,122
7XVA,A,1,123
7XVA,A,1,227
7XVA,A,1,228
7XVA,A,1,256
7XVA,B,1,24
7XVA,B,1,25
7XVY,A,1,1
7XVY,A,1,2
7XVY,A,1,3
7XVY,A,1,4
7XVY,A,1,5
7XVY,A,1,6
7XVY,A,1,7
7XVY,A,1,30
7XVY,A,1,31
7XVY,A,1,32
7XVY,A,1,33
7XVY,A,1,34
7XVY,A,1,35
7XVY,A,1,155
7XVY,A,1,156
7XVY,A,1,157
7XVY,A,1,158
7XVY,A,1,159
7XVY,A,1,160
7XVY,A,1,161
7XVY,A,1,162
7XVY,A,1,163
7XVY,A,1,164
7XVY,A,1,165
7XVY,A,1,244
7XVY,A,1,245
7XVY,A,1,246
7XVY,A,1,247
7XVY,B,1,1
7XVY,B,1,2
7XVY,B,1,3
7XVY,B,1,4
7XVY,B,1,5
7XVY,B,1,6
7XVY,B,1,7
7XVY,B,1,155
7XVY,B,1,156
7XVY,B,1,157
7XVY,B,1,158
7XVY,B,1,159
7XVY,B,1,160
7XVY,B,1,161
7XVY,B,1,162
7XVY,B,1,163
7XVY,B,1,164
7XVY,B,1,165
7XVY,B,1,243
7XVY,B,1,244
7XVY,B,1,245
7XVY,B,1,246
7XVY,B,1,247
7XVY,C,1,1
7XVY,C,1,2
7XVY,D,1,1
7XVY,D,1,2
7XVY,D,1,3
7XVZ,A,1,1
7XVZ,A,1,2
7XVZ,A,1,3
7XVZ,A,1,4
7XVZ,A,1,5
7XVZ,A,1,6
7XVZ,A,1,7
7XVZ,A,1,30
7XVZ,A,1,31
7XVZ,A,1,32
7XVZ,A,1,33
7XVZ,A,1,34
7XVZ,A,1,35
7XVZ,A,1,155
7XVZ,A,1,156
7XVZ,A,1,157
7XVZ,A,1,158
7XVZ,A,1,159
7XVZ,A,1,160
7XVZ,A,1,161
7XVZ,A,1,162
7XVZ,A,1,163
7XVZ,A,1,164
7XVZ,A,1,165
7XVZ,A,1,244
7XVZ,A,1,245
7XVZ,A,1,246
7XVZ,A,1,247
7XVZ,B,1,1
7XVZ,B,1,2
7XVZ,B,1,3
7XVZ,B,1,4
7XVZ,B,1,5
7XVZ,B,1,6
7XVZ,B,1,7
7XVZ,B,1,155
7XVZ,B,1,156
7XVZ,B,1,157
7XVZ,B,1,158
7XVZ,B,1,159
7XVZ,B,1,160
7XVZ,B,1,161
7XVZ,B,1,162
7XVZ,B,1,163
7XVZ,B,1,164
7XVZ,B,1,165
7XVZ,B,1,244
7XVZ,B,1,245
7XVZ,B,1,246
7XVZ,B,1,247
7XVZ,C,1,1
7XVZ,C,1,2
7XVZ,C,1,13
7XVZ,D,1,1
7XVZ,D,1,2
7XVZ,D,1,3
7XWP,A,1,1
7XWP,A,1,2
7XWP,A,1,3
7XWP,A,1,4
7XWP,A,1,5
7XWP,A,1,6
7XWP,A,1,7
7XWP,A,1,30
7XWP,A,1,31
7XWP,A,1,32
7XWP,A,1,33
7XWP,A,1,34
7XWP,A,1,35
7XWP,A,1,155
7XWP,A,1,156
7XWP,A,1,157
7XWP,A,1,158
7XWP,A,1,159
7XWP,A,1,160
7XWP,A,1,161
7XWP,A,1,162
7XWP,A,1,163
7XWP,A,1,164
7XWP,A,1,165
7XWP,A,1,244
7XWP,A,1,245
7XWP,A,1,246
7XWP,A,1,247
7XWP,B,1,1
7XWP,B,1,2
7XWP,B,1,3
7XWP,B,1,4
7XWP,B,1,5
7XWP,B,1,6
7XWP,B,1,7
7XWP,B,1,155
7XWP,B,1,156
7XWP,B,1,157
7XWP,B,1,158
7XWP,B,1,159
7XWP,B,1,160
7XWP,B,1,161
7XWP,B,1,162
7XWP,B,1,163
7XWP,B,1,164
7XWP,B,1,165
7XWP,B,1,244
7XWP,B,1,245
7XWP,B,1,246
7XWP,B,1,247
7XWP,C,1,1
7XWP,C,1,2
7XWP,D,1,1
7XWP,D,1,2
7XWP,D,1,3
7XWQ,A,1,1
7XWQ,A,1,2
7XWQ,A,1,3
7XWQ,A,1,4
7XWQ,A,1,5
7XWQ,A,1,6
7XWQ,A,1,7
7XWQ,A,1,30
7XWQ,A,1,31
7XWQ,A,1,32
7XWQ,A,1,33
7XWQ,A,1,34
7XWQ,A,1,35
7XWQ,A,1,155
7XWQ,A,1,156
7XWQ,A,1,157
7XWQ,A,1,158
7XWQ,A,1,159
7XWQ,A,1,160
7XWQ,A,1,161
7XWQ,A,1,162
7XWQ,A,1,163
7XWQ,A,1,164
7XWQ,A,1,165
7XWQ,A,1,244
7XWQ,A,1,245
7XWQ,A,1,246
7XWQ,A,1,247
7XWQ,B,1,1
7XWQ,B,1,2
7XWQ,B,1,3
7XWQ,B,1,4
7XWQ,B,1,5
7XWQ,B,1,6
7XWQ,B,1,7
7XWQ,B,1,155
7XWQ,B,1,156
7XWQ,B,1,157
7XWQ,B,1,158
7XWQ,B,1,159
7XWQ,B,1,160
7XWQ,B,1,161
7XWQ,B,1,162
7XWQ,B,1,163
7XWQ,B,1,164
7XWQ,B,1,165
7XWQ,B,1,244
7XWQ,B,1,245
7XWQ,B,1,246
7XWQ,B,1,247
7XWQ,C,1,1
7XWQ,C,1,2
7XWQ,D,1,1
7XWQ,D,1,2
7XWQ,D,1,3
7XWR,A,1,1
7XWR,A,1,2
7XWR,A,1,3
7XWR,A,1,4
7XWR,A,1,5
7XWR,A,1,6
7XWR,A,1,7
7XWR,A,1,30
7XWR,A,1,31
7XWR,A,1,32
7XWR,A,1,33
7XWR,A,1,34
7XWR,A,1,35
7XWR,A,1,155
7XWR,A,1,156
7XWR,A,1,157
7XWR,A,1,158
7XWR,A,1,159
7XWR,A,1,160
7XWR,A,1,161
7XWR,A,1,162
7XWR,A,1,163
7XWR,A,1,164
7XWR,A,1,165
7XWR,A,1,244
7XWR,A,1,245
7XWR,A,1,246
7XWR,A,1,247
7XWR,B,1,1
7XWR,B,1,2
7XWR,B,1,3
7XWR,B,1,4
7XWR,B,1,5
7XWR,B,1,6
7XWR,B,1,7
7XWR,B,1,155
7XWR,B,1,156
7XWR,B,1,157
7XWR,B,1,158
7XWR,B,1,159
7XWR,B,1,160
7XWR,B,1,161
7XWR,B,1,162
7XWR,B,1,163
7XWR,B,1,164
7XWR,B,1,165
7XWR,B,1,244
7XWR,B,1,245
7XWR,B,1,246
7XWR,B,1,247
7XWR,C,1,1
7XWR,C,1,2
7XWR,D,1,1
7XWR,D,1,2
7XWR,D,1,3
7Y8F,A,1,1
7Y8F,A,1,2
7Y8F,A,1,3
7Y8F,A,1,4
7Y8F,A,1,5
7Y8F,A,1,6
7Y8F,A,1,167
7Y8F,A,1,168
7Y8F,A,1,169
7Y8F,A,1,170
7Y8F,A,1,171
7Y8F,A,1,172
7Y8F,A,1,173
7Y8F,A,1,174
7Y8F,A,1,175
7Y8F,A,1,176
7Y8F,A,1,177
7Y8F,A,1,178
7Y8F,A,1,255
7Y8F,A,1,256
7Y8F,A,1,257
7Y8F,A,1,258
7Y8F,A,1,259
7Y8F,A,1,260
7Y8F,C,1,1
7Y8F,C,1,2
7Y8F,C,1,3
7Y8F,C,1,4
7Y8F,C,1,5
7Y8F,C,1,6
7Y8F,C,1,7
7Y8F,C,1,8
7Y8F,C,1,38
7Y8F,C,1,39
7Y8F,C,1,40
7Y8F,C,1,45
7Y8F,C,1,46
7Y8F,C,1,125
7Y8F,C,1,168
7Y8F,C,1,169
7Y8F,C,1,234
7Y8F,C,1,235
7Y8F,C,1,236
7Y8F,C,1,237
7Y8F,C,1,238
7Y8F,C,1,239
7Y8F,C,1,240
7Y8F,C,1,241
7Y8F,C,1,242
7Y8F,C,1,243
7Y8F,C,1,244
7Y8F,C,1,245
7Y8F,C,1,249
7Y8F,C,1,250
7Y8F,C,1,251
7Y8F,C,1,252
7Y8F,C,1,253
7Y8F,C,1,254
7Y8F,C,1,255
7Y8F,C,1,256
7Y8F,C,1,257
7Y8F,C,1,258
7Y8F,C,1,259
7Y8F,C,1,260
7Y8G,A,1,1
7Y8G,A,1,2
7Y8G,A,1,3
7Y8G,A,1,4
7Y8G,A,1,5
7Y8G,A,1,6
7Y8G,A,1,7
7Y8G,A,1,166
7Y8G,A,1,167
7Y8G,A,1,168
7Y8G,A,1,169
7Y8G,A,1,170
7Y8G,A,1,171
7Y8G,A,1,172
7Y8G,A,1,173
7Y8G,A,1,174
7Y8G,A,1,175
7Y8G,A,1,255
7Y8G,A,1,256
7Y8G,A,1,257
7Y8G,A,1,258
7Y8G,A,1,259
7Y8G,A,1,260
7Y8G,C,1,1
7Y8G,C,1,2
7Y8G,C,1,3
7Y8G,C,1,4
7Y8G,C,1,5
7Y8G,C,1,6
7Y8G,C,1,7
7Y8G,C,1,8
7Y8G,C,1,9
7Y8G,C,1,40
7Y8G,C,1,41
7Y8G,C,1,45
7Y8G,C,1,168
7Y8G,C,1,169
7Y8G,C,1,237
7Y8G,C,1,238
7Y8G,C,1,239
7Y8G,C,1,240
7Y8G,C,1,255
7Y8G,C,1,256
7Y8G,C,1,257
7Y8G,C,1,258
7Y8G,C,1,259
7Y8G,C,1,260
7YFK,A,1,1
7YFK,A,1,2
7YFK,A,1,3
7YFK,A,1,4
7YFK,A,1,5
7YFK,A,1,6
7YFK,A,1,7
7YFK,A,1,8
7YFK,A,1,9
7YFK,A,1,10
7YFK,A,1,11
7YFK,A,1,12
7YFK,A,1,13
7YFK,A,1,50
7YFK,A,1,51
7YFK,A,1,52
7YFK,A,1,53
7YFK,A,1,54
7YFK,A,1,55
7YFK,A,1,56
7YFK,A,1,57
7YFK,A,1,58
7YFK,A,1,59
7YFK,A,1,60
7YFK,A,1,61
7YFK,A,1,62
7YFK,A,1,63
7YFK,A,1,183
7YFK,A,1,184
7YFK,A,1,185
7YFK,A,1,186
7YFK,A,1,187
7YFK,A,1,305
7YFK,A,1,306
7YFK,A,1,307
7YFK,A,1,308
7YFK,A,1,309
7YFK,A,1,310
7YFK,A,1,311
7YFK,A,1,312
7YFK,A,1,313
7YFK,A,1,314
7YFK,A,1,315
7YFK,A,1,316
7YFK,A,1,317
7YFK,A,1,333
7YFK,A,1,334
7YFK,A,1,335
7YFK,A,1,336
7YFK,A,1,337
7YFK,A,1,338
7YFK,A,1,339
7YFK,A,1,340
7YFK,B,1,1
7YFK,B,1,2
7YFK,B,1,3
7YFK,B,1,4
7YFK,B,1,5
7YFK,B,1,6
7YFK,B,1,7
7YFK,B,1,8
7YFK,B,1,9
7YFK,B,1,10
7YFK,B,1,11
7YFK,B,1,12
7YFK,B,1,13
7YFK,B,1,50
7YFK,B,1,51
7YFK,B,1,52
7YFK,B,1,53
7YFK,B,1,54
7YFK,B,1,55
7YFK,B,1,56
7YFK,B,1,57
7YFK,B,1,58
7YFK,B,1,59
7YFK,B,1,60
7YFK,B,1,61
7YFK,B,1,62
7YFK,B,1,63
7YFK,B,1,183
7YFK,B,1,184
7YFK,B,1,185
7YFK,B,1,186
7YFK,B,1,187
7YFK,B,1,305
7YFK,B,1,306
7YFK,B,1,307
7YFK,B,1,308
7YFK,B,1,309
7YFK,B,1,310
7YFK,B,1,311
7YFK,B,1,312
7YFK,B,1,313
7YFK,B,1,314
7YFK,B,1,315
7YFK,B,1,316
7YFK,B,1,317
7YFK,B,1,334
7YFK,B,1,335
7YFK,B,1,336
7YFK,B,1,337
7YFK,B,1,338
7YFK,B,1,339
7YFK,B,1,340
7YMK,A,1,1
7YMK,A,1,2
7YMK,A,1,3
7YMK,A,1,4
7YMK,A,1,5
7YMK,A,1,167
7YMK,A,1,168
7YMK,A,1,169
7YMK,A,1,170
7YMK,A,1,171
7YMK,A,1,172
7YMK,A,1,173
7YMK,A,1,174
7YMK,A,1,175
7YMK,A,1,176
7YMK,A,1,177
7YMK,A,1,178
7YMK,A,1,255
7YMK,A,1,256
7YMK,A,1,257
7YMK,A,1,258
7YMK,A,1,259
7YMK,A,1,260
7YMK,C,1,1
7YMK,C,1,2
7YMK,C,1,3
7YMK,C,1,4
7YMK,C,1,5
7YMK,C,1,6
7YMK,C,1,7
7YMK,C,1,8
7YMK,C,1,9
7YMK,C,1,168
7YMK,C,1,169
7YMK,C,1,232
7YMK,C,1,233
7YMK,C,1,234
7YMK,C,1,235
7YMK,C,1,236
7YMK,C,1,237
7YMK,C,1,238
7YMK,C,1,239
7YMK,C,1,240
7YMK,C,1,241
7YMK,C,1,242
7YMK,C,1,243
7YMK,C,1,244
7YMK,C,1,245
7YMK,C,1,246
7YMK,C,1,247
7YMK,C,1,248
7YMK,C,1,249
7YMK,C,1,250
7YMK,C,1,251
7YMK,C,1,252
7YMK,C,1,253
7YMK,C,1,254
7YMK,C,1,255
7YMK,C,1,256
7YMK,C,1,257
7YMK,C,1,258
7YMK,C,1,259
7YMK,C,1,260
7YXC,A,1,178
7YXC,A,1,179
7YXC,A,1,180
7YXD,A,1,177
7YXD,A,1,178
7YXD,A,1,179
7YXD,A,1,180
7YXD,A,1,181
7YXD,A,1,182
7YXD,A,1,183
7YXD,B,1,12
7YXD,C,1,1
7YXD,C,1,177
7YXD,C,1,178
7YXD,C,1,179
7YXD,C,1,180
7YXD,C,1,181
7YXD,C,1,182
7YXD,C,1,248
7YXD,D,1,12
7YXD,E,1,177
7YXD,E,1,178
7YXD,E,1,179
7YXD,E,1,180
7YXD,E,1,181
7YXD,E,1,182
7YXD,E,1,248
7YXD,G,1,177
7YXD,G,1,178
7YXD,G,1,179
7YXD,G,1,180
7YXD,G,1,181
7YXD,G,1,182
7YXD,G,1,248
7YXD,H,1,12
7YXN,A,1,179
7YXN,A,1,180
7YXN,A,1,181
7YXN,A,1,182
7YXN,A,1,183
7YXN,A,1,184
7YXN,A,1,250
7YXN,B,1,179
7YXN,B,1,180
7YXN,B,1,181
7YXN,B,1,182
7YXN,B,1,183
7YXN,B,1,184
7YXO,A,1,1
7YXO,A,1,24
7YXO,A,1,25
7YXO,A,1,26
7YXO,A,1,177
7YXO,A,1,178
7YXO,A,1,179
7YXO,A,1,180
7YXO,A,1,181
7YXO,A,1,182
7YXO,A,1,248
7YXO,B,1,11
7YXO,C,1,1
7YXO,C,1,24
7YXO,C,1,25
7YXO,C,1,26
7YXO,C,1,27
7YXO,C,1,177
7YXO,C,1,178
7YXO,C,1,179
7YXO,C,1,180
7YXO,C,1,181
7YXO,C,1,248
7YXO,D,1,1
7YXO,D,1,11
7YXO,E,1,1
7YXO,E,1,23
7YXO,E,1,24
7YXO,E,1,25
7YXO,E,1,26
7YXO,E,1,153
7YXO,E,1,154
7YXO,E,1,176
7YXO,E,1,177
7YXO,E,1,178
7YXO,E,1,179
7YXO,E,1,180
7YXO,E,1,181
7YXO,E,1,182
7YXO,E,1,183
7YXO,E,1,246
7YXO,E,1,247
7YXO,E,1,248
7YXO,F,1,1
7YXO,F,1,11
7YXP,A,1,24
7YXP,A,1,25
7YXP,A,1,176
7YXP,A,1,177
7YXP,A,1,178
7YXP,A,1,179
7YXP,A,1,248
7YXR,A,1,178
7YXR,A,1,179
7YXR,A,1,180
7YXR,A,1,181
7YXR,A,1,249
7YXR,B,1,178
7YXR,B,1,179
7YXR,B,1,180
7YXR,B,1,181
7ZTX,A,1,175
7ZTX,A,1,176
7ZTX,A,1,177
7ZTX,A,1,178
7ZTX,A,1,179
7ZTX,A,1,180
7ZTX,A,1,249
7ZTZ,A,1,175
7ZTZ,A,1,176
7ZTZ,A,1,177
7ZTZ,A,1,178
7ZTZ,A,1,179
7ZTZ,A,1,180
7ZU1,A,1,177
7ZU1,A,1,178
7ZU1,A,1,179
7ZU1,A,1,180
7ZU2,A,1,175
7ZU2,A,1,176
7ZU2,A,1,177
7ZU2,A,1,178
7ZU2,A,1,179
7ZU2,A,1,180
7ZU2,A,1,181
8A9G,A,1,1
8A9G,A,1,2
8A9G,A,1,3
8A9G,A,1,4
8A9G,A,1,5
8A9G,B,1,1
8A9G,B,1,2
8A9G,B,1,3
8A9G,B,1,4
8A9G,B,1,5
8A9G,C,1,1
8ADF,A,1,1
8ADF,A,1,2
8ADF,A,1,3
8ADF,A,1,4
8ADF,A,1,5
8ADF,A,1,6
8ADF,A,1,7
8ADF,A,1,8
8ADF,A,1,9
8ADF,A,1,10
8ADF,A,1,11
8ADF,A,1,12
8ADF,A,1,13
8ADF,A,1,14
8ADF,A,1,15
8ADF,A,1,16
8ADF,A,1,17
8ADF,A,1,18
8ADF,A,1,19
8ADF,A,1,20
8ADF,A,1,21
8ADF,A,1,22
8ADF,A,1,23
8ADF,A,1,24
8ADF,A,1,25
8ADF,A,1,26
8ADF,A,1,27
8ADF,A,1,28
8ADF,A,1,29
8ADF,A,1,87
8ADF,A,1,88
8ADF,A,1,89
8ADF,A,1,90
8ADF,A,1,91
8ADF,A,1,92
8ADF,A,1,93
8ADF,A,1,94
8ADF,A,1,95
8ADF,A,1,96
8ADF,A,1,97
8ADF,A,1,98
8ADF,A,1,99
8ADF,A,1,100
8ADF,A,1,101
8ADF,A,1,102
8ADF,A,1,103
8ADF,B,1,1
8ADF,B,1,2
8ADF,B,1,3
8ADF,B,1,4
8ADF,B,1,5
8ADF,B,1,6
8ADF,B,1,7
8ADF,B,1,8
8ADF,B,1,9
8ADF,B,1,10
8ADF,B,1,11
8ADF,B,1,12
8ADF,B,1,13
8ADF,B,1,14
8ADF,B,1,15
8ADF,B,1,16
8ADF,B,1,17
8ADF,B,1,18
8ADF,B,1,19
8ADF,B,1,20
8ADF,B,1,21
8ADF,B,1,22
8ADF,B,1,23
8ADF,B,1,24
8ADF,B,1,25
8ADF,B,1,26
8ADF,B,1,27
8ADF,B,1,28
8ADF,B,1,29
8ADF,B,1,30
8ADF,B,1,31
8ADF,B,1,32
8ADF,B,1,33
8ADF,B,1,66
8ADF,B,1,67
8ADF,B,1,68
8ADF,B,1,69
8ADF,B,1,70
8ADF,B,1,71
8ADF,B,1,86
8ADF,B,1,87
8ADF,B,1,88
8ADF,B,1,89
8ADF,B,1,90
8ADF,B,1,91
8ADF,B,1,92
8ADF,B,1,93
8ADF,B,1,94
8ADF,B,1,95
8ADF,B,1,96
8ADF,B,1,97
8ADF,B,1,98
8ADF,B,1,99
8ADF,B,1,100
8ADF,B,1,101
8ADF,B,1,102
8ADF,B,1,103
8ADF,B,1,104
8ADF,B,1,281
8ADF,B,1,282
8ADF,B,1,283
8ADF,B,1,284
8ADF,B,1,285
8ADF,B,1,286
8ADF,B,1,287
8ADF,B,1,288
8ADF,B,1,289
8ADF,B,1,290
8ADF,B,1,291
8ADF,B,1,292
8ADF,B,1,293
8ADF,B,1,294
8ADF,B,1,301
8ADF,B,1,302
8ADF,B,1,303
8AQM,A,1,1
8AQM,A,1,2
8AQM,A,1,3
8AQM,A,1,62
8AQM,A,1,63
8AQM,A,1,64
8AQM,A,1,65
8AQM,A,1,66
8AQM,A,1,67
8AQM,A,1,68
8AQM,A,1,69
8AQM,A,1,70
8AQM,A,1,71
8AQM,A,1,72
8AQM,A,1,73
8AQM,A,1,74
8AQM,A,1,75
8AQM,A,1,76
8AQM,A,1,77
8AQM,A,1,260
8AQM,A,1,261
8AQM,A,1,262
8AQM,A,1,263
8AQM,A,1,264
8AQM,B,1,1
8AQM,B,1,2
8AQM,B,1,3
8AQM,B,1,4
8AQM,B,1,5
8AQM,B,1,6
8AQM,B,1,68
8AQM,B,1,69
8AQM,B,1,70
8AQM,B,1,71
8AQM,B,1,72
8AQM,B,1,73
8AQM,B,1,74
8AQM,B,1,75
8AQM,B,1,76
8AQM,B,1,77
8AQM,B,1,78
8AQM,B,1,79
8AQM,B,1,80
8AQM,B,1,261
8AQM,B,1,262
8AQM,B,1,263
8AQM,B,1,264
8AQM,B,1,265
8AQM,B,1,266
8AQM,C,1,1
8AQM,C,1,2
8AQM,C,1,3
8AQM,C,1,4
8AQM,C,1,18
8AQM,C,1,19
8AQM,C,1,20
8AQM,C,1,21
8AQM,C,1,22
8AQM,C,1,23
8AQM,D,1,1
8AQM,D,1,2
8AQM,D,1,3
8AQM,D,1,4
8AQM,D,1,5
8AQM,D,1,6
8AQM,D,1,19
8AQM,D,1,20
8AQM,D,1,21
8AQM,D,1,22
8AQM,D,1,23
8AQN,A,1,1
8AQN,A,1,2
8AQN,A,1,3
8AQN,B,1,1
8AQN,B,1,2
8AQN,B,1,3
8AQN,B,1,4
8AQN,B,1,5
8AQN,B,1,6
8AQN,B,1,7
8AQN,B,1,8
8AQN,B,1,9
8AQN,B,1,10
8AQN,B,1,43
8AQN,B,1,44
8AQN,B,1,45
8AQN,B,1,46
8AQN,B,1,67
8AQN,B,1,68
8AQN,B,1,69
8AQN,B,1,70
8AQN,B,1,71
8AQN,B,1,72
8AQN,B,1,73
8AQN,B,1,74
8AQN,B,1,75
8AQN,B,1,76
8AQN,B,1,77
8AQN,B,1,78
8AQN,B,1,79
8AQN,B,1,80
8AQN,C,1,1
8AQN,C,1,2
8AQN,D,1,1
8AQN,D,1,2
8AQN,D,1,3
8AQN,D,1,4
8AQN,D,1,5
8AQN,D,1,6
8AQN,D,1,19
8AQN,D,1,20
8AQN,D,1,21
8AQN,D,1,22
8AQN,D,1,23
8ATZ,A,1,277
8B8W,A,1,1
8B8W,A,1,2
8B8W,A,1,64
8B8W,A,1,65
8B8W,A,1,66
8B8W,A,1,67
8B8W,A,1,68
8B8W,A,1,69
8B8W,A,1,70
8B8W,A,1,71
8B8W,A,1,72
8B8W,A,1,73
8B8W,A,1,74
8B8W,A,1,75
8B8W,A,1,265
8B8W,A,1,266
8B8W,A,1,276
8B8W,A,1,277
8B8W,A,1,278
8B8W,A,1,279
8B8W,B,1,1
8B8W,B,1,2
8B8W,B,1,3
8B8W,B,1,4
8B8W,B,1,63
8B8W,B,1,64
8B8W,B,1,65
8B8W,B,1,66
8B8W,B,1,67
8B8W,B,1,68
8B8W,B,1,69
8B8W,B,1,70
8B8W,B,1,71
8B8W,B,1,72
8B8W,B,1,73
8B8W,B,1,74
8B8W,B,1,75
8B8W,B,1,76
8B8W,B,1,263
8B8W,B,1,264
8B8W,B,1,265
8B8W,B,1,266
8B8W,B,1,267
8B8W,B,1,268
8B8W,B,1,269
8B8W,B,1,270
8B8W,B,1,271
8B8W,B,1,272
8B8W,B,1,273
8B8W,B,1,274
8B8W,B,1,275
8B8W,B,1,276
8B8W,B,1,277
8B8W,B,1,278
8B8W,B,1,279
8B8W,C,1,1
8B8W,C,1,2
8B8W,C,1,3
8B8W,C,1,4
8B8W,C,1,5
8B8W,C,1,18
8B8W,C,1,19
8B8W,C,1,20
8B8W,C,1,21
8B8W,C,1,22
8B8W,C,1,23
8B8W,D,1,1
8B8W,D,1,2
8B8W,D,1,3
8B8W,D,1,4
8B8W,D,1,5
8B8W,D,1,19
8B8W,D,1,20
8B8W,D,1,21
8B8W,D,1,22
8B8W,D,1,23
8B8X,A,1,1
8B8X,A,1,2
8B8X,A,1,69
8B8X,A,1,70
8B8X,A,1,71
8B8X,A,1,72
8B8X,A,1,73
8B8X,A,1,276
8B8X,A,1,277
8B8X,A,1,278
8B8X,A,1,279
8B8X,B,1,1
8B8X,B,1,2
8B8X,B,1,3
8B8X,B,1,4
8B8X,B,1,44
8B8X,B,1,45
8B8X,B,1,71
8B8X,B,1,72
8B8X,B,1,73
8B8X,B,1,74
8B8X,B,1,75
8B8X,B,1,76
8B8X,B,1,265
8B8X,B,1,266
8B8X,B,1,267
8B8X,B,1,268
8B8X,B,1,269
8B8X,B,1,270
8B8X,B,1,271
8B8X,B,1,272
8B8X,B,1,273
8B8X,B,1,274
8B8X,B,1,275
8B8X,B,1,276
8B8X,B,1,277
8B8X,B,1,278
8B8X,B,1,279
8B8X,C,1,1
8B8X,C,1,2
8B8X,C,1,3
8B8X,C,1,4
8B8X,C,1,5
8B8X,C,1,18
8B8X,C,1,19
8B8X,C,1,20
8B8X,C,1,21
8B8X,C,1,22
8B8X,C,1,23
8B8X,D,1,1
8B8X,D,1,2
8B8X,D,1,3
8B8X,D,1,4
8B8X,D,1,5
8B8X,D,1,6
8B8X,D,1,19
8B8X,D,1,20
8B8X,D,1,21
8B8X,D,1,22
8B8X,D,1,23
8B8Y,A,1,1
8B8Y,A,1,2
8B8Y,A,1,64
8B8Y,A,1,65
8B8Y,A,1,66
8B8Y,A,1,67
8B8Y,A,1,68
8B8Y,A,1,69
8B8Y,A,1,70
8B8Y,A,1,71
8B8Y,A,1,72
8B8Y,A,1,73
8B8Y,A,1,74
8B8Y,A,1,75
8B8Y,A,1,263
8B8Y,A,1,264
8B8Y,A,1,265
8B8Y,A,1,266
8B8Y,A,1,267
8B8Y,A,1,274
8B8Y,A,1,275
8B8Y,A,1,276
8B8Y,A,1,277
8B8Y,A,1,278
8B8Y,A,1,279
8B8Y,B,1,1
8B8Y,B,1,2
8B8Y,B,1,3
8B8Y,B,1,4
8B8Y,B,1,62
8B8Y,B,1,63
8B8Y,B,1,64
8B8Y,B,1,65
8B8Y,B,1,66
8B8Y,B,1,67
8B8Y,B,1,68
8B8Y,B,1,69
8B8Y,B,1,70
8B8Y,B,1,71
8B8Y,B,1,72
8B8Y,B,1,73
8B8Y,B,1,74
8B8Y,B,1,75
8B8Y,B,1,76
8B8Y,B,1,263
8B8Y,B,1,264
8B8Y,B,1,265
8B8Y,B,1,266
8B8Y,B,1,267
8B8Y,B,1,268
8B8Y,B,1,269
8B8Y,B,1,270
8B8Y,B,1,271
8B8Y,B,1,272
8B8Y,B,1,273
8B8Y,B,1,274
8B8Y,B,1,275
8B8Y,B,1,276
8B8Y,B,1,277
8B8Y,B,1,278
8B8Y,B,1,279
8B8Y,C,1,1
8B8Y,C,1,2
8B8Y,C,1,3
8B8Y,C,1,4
8B8Y,C,1,5
8B8Y,C,1,6
8B8Y,C,1,18
8B8Y,C,1,19
8B8Y,C,1,20
8B8Y,C,1,21
8B8Y,C,1,22
8B8Y,C,1,23
8B8Y,D,1,1
8B8Y,D,1,2
8B8Y,D,1,3
8B8Y,D,1,4
8B8Y,D,1,5
8B8Y,D,1,6
8B8Y,D,1,18
8B8Y,D,1,19
8B8Y,D,1,20
8B8Y,D,1,21
8B8Y,D,1,22
8B8Y,D,1,23
8B8Z,A,1,1
8B8Z,A,1,2
8B8Z,A,1,70
8B8Z,A,1,71
8B8Z,A,1,72
8B8Z,A,1,73
8B8Z,A,1,74
8B8Z,A,1,264
8B8Z,A,1,265
8B8Z,A,1,266
8B8Z,A,1,267
8B8Z,A,1,274
8B8Z,A,1,275
8B8Z,A,1,276
8B8Z,A,1,277
8B8Z,A,1,278
8B8Z,A,1,279
8B8Z,B,1,1
8B8Z,B,1,2
8B8Z,B,1,3
8B8Z,B,1,4
8B8Z,B,1,44
8B8Z,B,1,45
8B8Z,B,1,64
8B8Z,B,1,65
8B8Z,B,1,66
8B8Z,B,1,67
8B8Z,B,1,68
8B8Z,B,1,69
8B8Z,B,1,70
8B8Z,B,1,71
8B8Z,B,1,72
8B8Z,B,1,73
8B8Z,B,1,74
8B8Z,B,1,75
8B8Z,B,1,76
8B8Z,B,1,263
8B8Z,B,1,264
8B8Z,B,1,265
8B8Z,B,1,266
8B8Z,B,1,267
8B8Z,B,1,268
8B8Z,B,1,269
8B8Z,B,1,270
8B8Z,B,1,271
8B8Z,B,1,272
8B8Z,B,1,273
8B8Z,B,1,274
8B8Z,B,1,275
8B8Z,B,1,276
8B8Z,B,1,277
8B8Z,B,1,278
8B8Z,B,1,279
8B8Z,C,1,1
8B8Z,C,1,2
8B8Z,C,1,3
8B8Z,C,1,4
8B8Z,C,1,5
8B8Z,C,1,6
8B8Z,C,1,18
8B8Z,C,1,19
8B8Z,C,1,20
8B8Z,C,1,21
8B8Z,C,1,22
8B8Z,C,1,23
8B8Z,D,1,1
8B8Z,D,1,2
8B8Z,D,1,3
8B8Z,D,1,4
8B8Z,D,1,5
8B8Z,D,1,6
8B8Z,D,1,19
8B8Z,D,1,20
8B8Z,D,1,21
8B8Z,D,1,22
8B8Z,D,1,23
8B90,A,1,1
8B90,A,1,2
8B90,A,1,67
8B90,A,1,68
8B90,A,1,69
8B90,A,1,70
8B90,A,1,71
8B90,A,1,72
8B90,A,1,73
8B90,A,1,74
8B90,A,1,264
8B90,A,1,265
8B90,A,1,266
8B90,A,1,267
8B90,A,1,274
8B90,A,1,275
8B90,A,1,276
8B90,A,1,277
8B90,A,1,278
8B90,A,1,279
8B90,B,1,1
8B90,B,1,2
8B90,B,1,3
8B90,B,1,4
8B90,B,1,42
8B90,B,1,43
8B90,B,1,44
8B90,B,1,45
8B90,B,1,46
8B90,B,1,63
8B90,B,1,64
8B90,B,1,65
8B90,B,1,66
8B90,B,1,67
8B90,B,1,68
8B90,B,1,69
8B90,B,1,70
8B90,B,1,71
8B90,B,1,72
8B90,B,1,73
8B90,B,1,74
8B90,B,1,75
8B90,B,1,76
8B90,B,1,258
8B90,B,1,259
8B90,B,1,260
8B90,B,1,261
8B90,B,1,262
8B90,B,1,263
8B90,B,1,264
8B90,B,1,265
8B90,B,1,266
8B90,B,1,267
8B90,B,1,268
8B90,B,1,269
8B90,B,1,270
8B90,B,1,271
8B90,B,1,272
8B90,B,1,273
8B90,B,1,274
8B90,B,1,275
8B90,B,1,276
8B90,B,1,277
8B90,B,1,278
8B90,B,1,279
8B90,C,1,1
8B90,C,1,2
8B90,C,1,3
8B90,C,1,4
8B90,C,1,5
8B90,C,1,6
8B90,C,1,18
8B90,C,1,19
8B90,C,1,20
8B90,C,1,21
8B90,C,1,22
8B90,C,1,23
8B90,D,1,1
8B90,D,1,2
8B90,D,1,3
8B90,D,1,4
8B90,D,1,5
8B90,D,1,6
8B90,D,1,19
8B90,D,1,20
8B90,D,1,21
8B90,D,1,22
8B90,D,1,23
8B91,A,1,1
8B91,A,1,2
8B91,A,1,68
8B91,A,1,69
8B91,A,1,70
8B91,A,1,71
8B91,A,1,72
8B91,A,1,73
8B91,A,1,74
8B91,A,1,264
8B91,A,1,265
8B91,A,1,266
8B91,A,1,274
8B91,A,1,275
8B91,A,1,276
8B91,A,1,277
8B91,A,1,278
8B91,A,1,279
8B91,B,1,1
8B91,B,1,2
8B91,B,1,3
8B91,B,1,4
8B91,B,1,43
8B91,B,1,44
8B91,B,1,45
8B91,B,1,63
8B91,B,1,64
8B91,B,1,65
8B91,B,1,66
8B91,B,1,67
8B91,B,1,68
8B91,B,1,69
8B91,B,1,70
8B91,B,1,71
8B91,B,1,72
8B91,B,1,73
8B91,B,1,74
8B91,B,1,75
8B91,B,1,76
8B91,B,1,263
8B91,B,1,264
8B91,B,1,265
8B91,B,1,266
8B91,B,1,267
8B91,B,1,268
8B91,B,1,269
8B91,B,1,270
8B91,B,1,271
8B91,B,1,272
8B91,B,1,273
8B91,B,1,274
8B91,B,1,275
8B91,B,1,276
8B91,B,1,277
8B91,B,1,278
8B91,B,1,279
8B91,C,1,1
8B91,C,1,2
8B91,C,1,3
8B91,C,1,4
8B91,C,1,5
8B91,C,1,6
8B91,C,1,18
8B91,C,1,19
8B91,C,1,20
8B91,C,1,21
8B91,C,1,22
8B91,C,1,23
8B91,D,1,1
8B91,D,1,2
8B91,D,1,3
8B91,D,1,4
8B91,D,1,5
8B91,D,1,6
8B91,D,1,19
8B91,D,1,20
8B91,D,1,21
8B91,D,1,22
8B91,D,1,23
8B92,A,1,1
8B92,A,1,2
8B92,A,1,70
8B92,A,1,71
8B92,A,1,72
8B92,A,1,73
8B92,A,1,74
8B92,A,1,75
8B92,A,1,76
8B92,A,1,263
8B92,A,1,264
8B92,A,1,265
8B92,A,1,266
8B92,A,1,267
8B92,A,1,268
8B92,A,1,269
8B92,A,1,270
8B92,A,1,271
8B92,A,1,272
8B92,A,1,273
8B92,A,1,274
8B92,A,1,275
8B92,A,1,276
8B92,A,1,277
8B92,A,1,278
8B92,A,1,279
8B92,B,1,1
8B92,B,1,2
8B92,B,1,3
8B92,B,1,4
8B92,B,1,44
8B92,B,1,45
8B92,B,1,46
8B92,B,1,61
8B92,B,1,62
8B92,B,1,63
8B92,B,1,64
8B92,B,1,65
8B92,B,1,66
8B92,B,1,67
8B92,B,1,68
8B92,B,1,69
8B92,B,1,70
8B92,B,1,71
8B92,B,1,72
8B92,B,1,73
8B92,B,1,74
8B92,B,1,75
8B92,B,1,76
8B92,B,1,263
8B92,B,1,264
8B92,B,1,265
8B92,B,1,266
8B92,B,1,267
8B92,B,1,268
8B92,B,1,269
8B92,B,1,270
8B92,B,1,271
8B92,B,1,272
8B92,B,1,273
8B92,B,1,274
8B92,B,1,275
8B92,B,1,276
8B92,B,1,277
8B92,B,1,278
8B92,B,1,279
8B92,C,1,1
8B92,C,1,2
8B92,C,1,3
8B92,C,1,4
8B92,C,1,18
8B92,C,1,19
8B92,C,1,20
8B92,C,1,21
8B92,C,1,22
8B92,C,1,23
8B92,D,1,1
8B92,D,1,2
8B92,D,1,3
8B92,D,1,4
8B92,D,1,5
8B92,D,1,6
8B92,D,1,18
8B92,D,1,19
8B92,D,1,20
8B92,D,1,21
8B92,D,1,22
8B92,D,1,23
8B93,A,1,1
8B93,A,1,2
8B93,A,1,3
8B93,A,1,63
8B93,A,1,64
8B93,A,1,65
8B93,A,1,66
8B93,A,1,67
8B93,A,1,68
8B93,A,1,69
8B93,A,1,70
8B93,A,1,71
8B93,A,1,72
8B93,A,1,73
8B93,A,1,74
8B93,A,1,264
8B93,A,1,265
8B93,A,1,266
8B93,A,1,267
8B93,A,1,268
8B93,A,1,269
8B93,A,1,270
8B93,A,1,271
8B93,A,1,272
8B93,A,1,273
8B93,A,1,274
8B93,A,1,275
8B93,A,1,276
8B93,A,1,277
8B93,A,1,278
8B93,A,1,279
8B93,B,1,1
8B93,B,1,2
8B93,B,1,3
8B93,B,1,4
8B93,B,1,5
8B93,B,1,44
8B93,B,1,45
8B93,B,1,62
8B93,B,1,63
8B93,B,1,64
8B93,B,1,65
8B93,B,1,66
8B93,B,1,67
8B93,B,1,68
8B93,B,1,69
8B93,B,1,70
8B93,B,1,71
8B93,B,1,72
8B93,B,1,73
8B93,B,1,74
8B93,B,1,75
8B93,B,1,76
8B93,B,1,77
8B93,B,1,265
8B93,B,1,266
8B93,B,1,267
8B93,B,1,268
8B93,B,1,269
8B93,B,1,270
8B93,B,1,271
8B93,B,1,272
8B93,B,1,273
8B93,B,1,274
8B93,B,1,275
8B93,B,1,276
8B93,B,1,277
8B93,B,1,278
8B93,B,1,279
8B93,C,1,1
8B93,C,1,2
8B93,C,1,3
8B93,C,1,4
8B93,C,1,5
8B93,C,1,18
8B93,C,1,19
8B93,C,1,20
8B93,C,1,21
8B93,C,1,22
8B93,C,1,23
8B93,D,1,1
8B93,D,1,2
8B93,D,1,3
8B93,D,1,4
8B93,D,1,5
8B93,D,1,6
8B93,D,1,19
8B93,D,1,20
8B93,D,1,21
8B93,D,1,22
8B93,D,1,23
8B94,A,1,1
8B94,A,1,2
8B94,A,1,70
8B94,A,1,71
8B94,A,1,72
8B94,A,1,73
8B94,A,1,74
8B94,A,1,75
8B94,A,1,264
8B94,A,1,265
8B94,A,1,266
8B94,A,1,267
8B94,A,1,273
8B94,A,1,274
8B94,A,1,275
8B94,A,1,276
8B94,A,1,277
8B94,A,1,278
8B94,A,1,279
8B94,B,1,1
8B94,B,1,2
8B94,B,1,3
8B94,B,1,4
8B94,B,1,43
8B94,B,1,44
8B94,B,1,45
8B94,B,1,46
8B94,B,1,63
8B94,B,1,64
8B94,B,1,65
8B94,B,1,66
8B94,B,1,67
8B94,B,1,68
8B94,B,1,69
8B94,B,1,70
8B94,B,1,71
8B94,B,1,72
8B94,B,1,73
8B94,B,1,74
8B94,B,1,75
8B94,B,1,76
8B94,B,1,263
8B94,B,1,264
8B94,B,1,265
8B94,B,1,266
8B94,B,1,267
8B94,B,1,268
8B94,B,1,269
8B94,B,1,270
8B94,B,1,271
8B94,B,1,272
8B94,B,1,273
8B94,B,1,274
8B94,B,1,275
8B94,B,1,276
8B94,B,1,277
8B94,B,1,278
8B94,B,1,279
8B94,C,1,1
8B94,C,1,2
8B94,C,1,3
8B94,C,1,4
8B94,C,1,5
8B94,C,1,6
8B94,C,1,18
8B94,C,1,19
8B94,C,1,20
8B94,C,1,21
8B94,C,1,22
8B94,C,1,23
8B94,D,1,1
8B94,D,1,2
8B94,D,1,3
8B94,D,1,4
8B94,D,1,5
8B94,D,1,6
8B94,D,1,19
8B94,D,1,20
8B94,D,1,21
8B94,D,1,22
8B94,D,1,23
8B95,A,1,1
8B95,A,1,2
8B95,A,1,70
8B95,A,1,71
8B95,A,1,72
8B95,A,1,73
8B95,A,1,74
8B95,A,1,75
8B95,A,1,76
8B95,A,1,263
8B95,A,1,264
8B95,A,1,265
8B95,A,1,273
8B95,A,1,274
8B95,A,1,275
8B95,A,1,276
8B95,A,1,277
8B95,A,1,278
8B95,A,1,279
8B95,B,1,1
8B95,B,1,2
8B95,B,1,3
8B95,B,1,4
8B95,B,1,44
8B95,B,1,45
8B95,B,1,46
8B95,B,1,61
8B95,B,1,62
8B95,B,1,63
8B95,B,1,64
8B95,B,1,65
8B95,B,1,66
8B95,B,1,67
8B95,B,1,68
8B95,B,1,69
8B95,B,1,70
8B95,B,1,71
8B95,B,1,72
8B95,B,1,73
8B95,B,1,74
8B95,B,1,75
8B95,B,1,76
8B95,B,1,263
8B95,B,1,264
8B95,B,1,265
8B95,B,1,266
8B95,B,1,267
8B95,B,1,268
8B95,B,1,269
8B95,B,1,270
8B95,B,1,271
8B95,B,1,272
8B95,B,1,273
8B95,B,1,274
8B95,B,1,275
8B95,B,1,276
8B95,B,1,277
8B95,B,1,278
8B95,B,1,279
8B95,C,1,1
8B95,C,1,2
8B95,C,1,3
8B95,C,1,4
8B95,C,1,5
8B95,C,1,6
8B95,C,1,18
8B95,C,1,19
8B95,C,1,20
8B95,C,1,21
8B95,C,1,22
8B95,C,1,23
8B95,D,1,1
8B95,D,1,2
8B95,D,1,3
8B95,D,1,4
8B95,D,1,5
8B95,D,1,6
8B95,D,1,19
8B95,D,1,20
8B95,D,1,21
8B95,D,1,22
8B95,D,1,23
8BF1,A,1,1
8BF1,A,1,2
8BF1,A,1,3
8BF1,A,1,4
8BF1,A,1,5
8BF1,A,1,6
8BF1,A,1,7
8BF1,A,1,8
8BF1,A,1,9
8BF1,A,1,10
8BF1,A,1,11
8BF1,A,1,70
8BF1,A,1,71
8BF1,A,1,72
8BF1,A,1,73
8BF1,A,1,74
8BF1,A,1,75
8BF1,A,1,76
8BF1,A,1,77
8BF1,A,1,282
8BF1,A,1,283
8BF1,B,1,1
8BF1,B,1,2
8BF1,B,1,3
8BF1,B,1,4
8BF1,B,1,5
8BF1,B,1,17
8BF1,B,1,18
8BF1,B,1,19
8BF2,A,1,1
8BF2,A,1,2
8BF2,A,1,3
8BF2,A,1,4
8BF2,A,1,5
8BF2,A,1,6
8BF2,A,1,7
8BF2,A,1,8
8BF2,A,1,9
8BF2,A,1,10
8BF2,A,1,11
8BF2,A,1,12
8BF2,A,1,69
8BF2,A,1,70
8BF2,A,1,71
8BF2,A,1,72
8BF2,A,1,73
8BF2,A,1,74
8BF2,A,1,75
8BF2,A,1,76
8BF2,A,1,77
8BF2,A,1,78
8BF2,A,1,79
8BF2,A,1,80
8BF2,B,1,1
8BF2,B,1,2
8BF2,B,1,3
8BF2,B,1,4
8BF2,B,1,5
8BF2,B,1,6
8BF2,B,1,7
8BF2,B,1,8
8BF2,B,1,9
8BF2,B,1,10
8BF2,B,1,11
8BF2,B,1,12
8BF2,B,1,75
8BF2,B,1,76
8BF2,B,1,77
8BF2,B,1,78
8BF2,B,1,79
8BF2,B,1,80
8BF2,B,1,81
8BF2,B,1,268
8BF2,B,1,269
8BF2,B,1,282
8BFF,A,1,1
8BFF,A,1,2
8BFF,A,1,3
8BFF,A,1,4
8BFF,A,1,5
8BFF,A,1,6
8BFF,A,1,7
8BFF,A,1,8
8BFF,A,1,9
8BFF,A,1,10
8BFF,A,1,11
8BFF,A,1,12
8BFF,A,1,67
8BFF,A,1,68
8BFF,A,1,69
8BFF,A,1,70
8BFF,A,1,71
8BFF,A,1,72
8BFF,A,1,73
8BFF,A,1,74
8BFF,A,1,75
8BFF,A,1,76
8BFF,A,1,77
8BFF,A,1,78
8BFF,A,1,79
8BFF,A,1,80
8BFF,A,1,81
8BFF,A,1,82
8BFF,A,1,283
8BFF,B,1,1
8BFF,B,1,2
8BFF,B,1,3
8BFF,B,1,4
8BFF,B,1,5
8BFF,B,1,6
8BFF,B,1,7
8BFF,B,1,8
8BFF,B,1,9
8BFF,B,1,10
8BFF,B,1,11
8BFF,B,1,12
8BFF,B,1,67
8BFF,B,1,68
8BFF,B,1,69
8BFF,B,1,70
8BFF,B,1,71
8BFF,B,1,72
8BFF,B,1,73
8BFF,B,1,74
8BFF,B,1,75
8BFF,B,1,76
8BFF,B,1,77
8BFF,B,1,78
8BFF,B,1,79
8BFF,B,1,80
8BFF,B,1,81
8BFF,B,1,82
8BFF,B,1,283
8BFF,C,1,1
8BFF,C,1,2
8BFF,C,1,3
8BFF,C,1,4
8BFF,C,1,5
8BFF,C,1,6
8BFF,C,1,7
8BFF,C,1,8
8BFF,C,1,9
8BFF,C,1,10
8BFF,C,1,11
8BFF,C,1,12
8BFF,C,1,67
8BFF,C,1,68
8BFF,C,1,69
8BFF,C,1,70
8BFF,C,1,71
8BFF,C,1,72
8BFF,C,1,73
8BFF,C,1,74
8BFF,C,1,75
8BFF,C,1,76
8BFF,C,1,77
8BFF,C,1,78
8BFF,C,1,79
8BFF,C,1,80
8BFF,C,1,81
8BFF,C,1,82
8BFF,C,1,283
8C0C,A,1,1
8C0C,A,1,2
8C0C,A,1,3
8C0C,A,1,4
8C0C,A,1,5
8C0C,A,1,6
8C0C,A,1,7
8C0C,A,1,8
8C0C,A,1,9
8C0C,A,1,10
8C0C,A,1,11
8C0C,A,1,12
8C0C,A,1,13
8C0C,A,1,14
8C0C,A,1,15
8C0C,A,1,16
8C0C,A,1,17
8C0C,A,1,18
8C0C,A,1,19
8C0C,A,1,20
8C0C,A,1,21
8C0C,A,1,22
8C0C,A,1,23
8C0C,A,1,24
8C0C,A,1,25
8C0C,A,1,26
8C0C,A,1,27
8C0C,A,1,28
8C0C,A,1,29
8C0C,A,1,87
8C0C,A,1,88
8C0C,A,1,89
8C0C,A,1,90
8C0C,A,1,91
8C0C,A,1,92
8C0C,A,1,93
8C0C,A,1,94
8C0C,A,1,95
8C0C,A,1,96
8C0C,A,1,97
8C0C,A,1,98
8C0C,A,1,99
8C0C,A,1,100
8C0C,A,1,101
8C0C,A,1,102
8C0C,A,1,103
8C0C,B,1,1
8C0C,B,1,2
8C0C,B,1,3
8C0C,B,1,4
8C0C,B,1,5
8C0C,B,1,6
8C0C,B,1,7
8C0C,B,1,8
8C0C,B,1,9
8C0C,B,1,10
8C0C,B,1,11
8C0C,B,1,12
8C0C,B,1,13
8C0C,B,1,14
8C0C,B,1,15
8C0C,B,1,16
8C0C,B,1,17
8C0C,B,1,18
8C0C,B,1,19
8C0C,B,1,20
8C0C,B,1,21
8C0C,B,1,22
8C0C,B,1,23
8C0C,B,1,24
8C0C,B,1,25
8C0C,B,1,26
8C0C,B,1,27
8C0C,B,1,28
8C0C,B,1,29
8C0C,B,1,30
8C0C,B,1,31
8C0C,B,1,32
8C0C,B,1,33
8C0C,B,1,66
8C0C,B,1,67
8C0C,B,1,68
8C0C,B,1,69
8C0C,B,1,70
8C0C,B,1,71
8C0C,B,1,86
8C0C,B,1,87
8C0C,B,1,88
8C0C,B,1,89
8C0C,B,1,90
8C0C,B,1,91
8C0C,B,1,92
8C0C,B,1,93
8C0C,B,1,94
8C0C,B,1,95
8C0C,B,1,96
8C0C,B,1,97
8C0C,B,1,98
8C0C,B,1,99
8C0C,B,1,100
8C0C,B,1,101
8C0C,B,1,102
8C0C,B,1,103
8C0C,B,1,104
8C0C,B,1,281
8C0C,B,1,282
8C0C,B,1,283
8C0C,B,1,284
8C0C,B,1,285
8C0C,B,1,286
8C0C,B,1,287
8C0C,B,1,288
8C0C,B,1,289
8C0C,B,1,290
8C0C,B,1,291
8C0C,B,1,292
8C0C,B,1,293
8C0C,B,1,294
8C0C,B,1,301
8C0C,B,1,302
8C0C,B,1,303
8C1L,A,1,1
8C1L,A,1,2
8C1L,A,1,3
8C1L,A,1,4
8C1L,A,1,5
8C1L,A,1,6
8C1L,A,1,7
8C1L,A,1,8
8C1L,A,1,19
8C1L,A,1,20
8C1L,A,1,21
8C1L,A,1,22
8C1L,A,1,23
8C1L,A,1,24
8C1L,A,1,25
8C1L,A,1,26
8C1L,A,1,27
8C1L,A,1,28
8C1L,A,1,29
8C1L,B,1,1
8C1L,B,1,2
8C1L,B,1,3
8C1L,B,1,4
8C1L,B,1,19
8C1L,B,1,20
8C1L,B,1,21
8C1L,B,1,22
8C1L,B,1,23
8C1L,B,1,24
8C1L,B,1,25
8C1L,B,1,26
8C1L,B,1,27
8C1L,B,1,28
8C1L,B,1,29
8C1L,B,1,182
8C1L,D,1,1
8C5L,A,1,1
8C5L,A,1,438
8C5L,A,1,439
8C5L,A,1,440
8C5L,A,1,441
8C5L,A,1,442
8C5L,A,1,443
8C5L,A,1,444
8C5L,A,1,445
8C5L,A,1,446
8C5L,A,1,447
8C5L,A,1,448
8C5L,B,1,436
8C5L,B,1,437
8C5L,B,1,438
8C5L,B,1,439
8C5L,B,1,440
8C5L,B,1,441
8C5L,B,1,442
8C5L,B,1,443
8C5L,B,1,444
8C5L,B,1,445
8C5L,B,1,446
8C5L,C,1,19
8C5L,D,1,19
8CCT,A,1,1
8CCT,A,1,2
8CCT,A,1,3
8CCT,A,1,4
8CCT,A,1,5
8CCT,A,1,6
8CCT,A,1,7
8CCT,A,1,8
8CCT,A,1,9
8CCT,A,1,10
8CCT,A,1,11
8CCT,A,1,12
8CCT,A,1,13
8CCT,A,1,14
8CCT,A,1,15
8CCT,A,1,16
8CCT,A,1,17
8CCT,A,1,18
8CCT,A,1,19
8CCT,A,1,20
8CCT,A,1,21
8CCT,A,1,22
8CCT,A,1,23
8CCT,A,1,61
8CCT,A,1,62
8CCT,A,1,63
8CCT,A,1,64
8CCT,A,1,65
8CCT,A,1,66
8CCT,A,1,67
8CCT,A,1,68
8CCT,A,1,69
8CCT,A,1,70
8CCT,A,1,71
8CCT,A,1,72
8CCT,A,1,73
8CCT,A,1,74
8CCT,A,1,75
8CCT,A,1,76
8CCT,A,1,77
8CCT,A,1,192
8CCT,A,1,193
8CCT,A,1,194
8CCT,A,1,195
8CCT,A,1,196
8CCT,A,1,197
8CCT,A,1,198
8CCT,A,1,199
8CCT,A,1,200
8CCT,A,1,317
8CCT,A,1,318
8CCT,A,1,319
8CCT,A,1,320
8CF9,A,1,1
8CF9,A,1,2
8CF9,A,1,3
8CF9,A,1,4
8CF9,A,1,5
8CF9,A,1,6
8CF9,A,1,7
8CF9,A,1,8
8CF9,A,1,9
8CF9,A,1,10
8CF9,A,1,11
8CF9,A,1,12
8CF9,A,1,13
8CF9,A,1,14
8CF9,A,1,15
8CF9,A,1,16
8CF9,A,1,17
8CF9,A,1,18
8CF9,A,1,19
8CF9,A,1,20
8CF9,A,1,21
8CF9,A,1,22
8CF9,A,1,23
8CF9,A,1,61
8CF9,A,1,62
8CF9,A,1,63
8CF9,A,1,64
8CF9,A,1,65
8CF9,A,1,66
8CF9,A,1,67
8CF9,A,1,68
8CF9,A,1,69
8CF9,A,1,70
8CF9,A,1,71
8CF9,A,1,72
8CF9,A,1,73
8CF9,A,1,74
8CF9,A,1,75
8CF9,A,1,76
8CF9,A,1,77
8CF9,A,1,192
8CF9,A,1,193
8CF9,A,1,194
8CF9,A,1,195
8CF9,A,1,196
8CF9,A,1,197
8CF9,A,1,317
8CF9,A,1,318
8CF9,A,1,319
8CF9,A,1,320
8CH8,A,1,1
8CH8,A,1,2
8CH8,A,1,3
8CH8,A,1,4
8CH8,A,1,5
8CH8,A,1,6
8CH8,A,1,7
8CH8,A,1,8
8CH8,A,1,9
8CH8,A,1,10
8CH8,A,1,11
8CH8,A,1,12
8CH8,A,1,13
8CH8,A,1,14
8CH8,A,1,15
8CH8,A,1,16
8CH8,A,1,17
8CH8,A,1,18
8CH8,A,1,19
8CH8,A,1,20
8CH8,A,1,21
8CH8,A,1,61
8CH8,A,1,62
8CH8,A,1,63
8CH8,A,1,64
8CH8,A,1,65
8CH8,A,1,66
8CH8,A,1,67
8CH8,A,1,68
8CH8,A,1,69
8CH8,A,1,70
8CH8,A,1,71
8CH8,A,1,72
8CH8,A,1,73
8CH8,A,1,74
8CH8,A,1,75
8CH8,A,1,76
8CH8,A,1,77
8CH8,A,1,193
8CH8,A,1,194
8CH8,A,1,195
8CH8,A,1,317
8CH8,A,1,318
8CH8,A,1,319
8CH8,A,1,320
8CPH,B,1,61
8CPH,B,1,62
8CPH,B,1,63
8CPH,B,1,64
8CPH,B,1,65
8CPH,B,1,66
8CPH,B,1,67
8CPH,B,1,68
8CPH,B,1,260
8CPH,B,1,261
8CPH,B,1,262
8CPH,B,1,263
8CPH,B,1,264
8CPH,B,1,265
8CPH,B,1,266
8CPH,B,1,267
8CPH,B,1,268
8CPH,B,1,269
8CPH,B,1,270
8CPH,B,1,271
8CPH,B,1,272
8CPH,B,1,273
8CPH,B,1,274
8CPH,B,1,275
8CPH,B,1,276
8CPH,B,1,277
8CPJ,A,1,1
8CPJ,A,1,63
8CPJ,A,1,64
8CPJ,A,1,65
8CPJ,A,1,66
8CPJ,A,1,67
8CPJ,A,1,277
8CYO,A,1,1
8CYO,A,1,2
8CYO,A,1,3
8CYO,A,1,4
8CYO,A,1,5
8CYO,A,1,6
8CYO,A,1,42
8CYO,A,1,43
8CYO,A,1,44
8CYO,A,1,45
8CYO,A,1,46
8CYO,B,1,1
8CYO,B,1,2
8CYO,B,1,3
8CYO,B,1,4
8CYO,B,1,5
8CYO,B,1,6
8CYO,B,1,7
8CYO,B,1,8
8CYO,B,1,9
8CYO,B,1,10
8CYO,B,1,11
8CYO,B,1,12
8CYO,B,1,13
8CYO,B,1,195
8CYO,B,1,196
8CYO,B,1,197
8CYO,B,1,198
8CYO,B,1,199
8D8I,A,1,1
8D8I,A,1,2
8D8I,A,1,3
8D8I,A,1,4
8D8I,A,1,5
8D8I,A,1,6
8D8I,A,1,26
8D8I,A,1,27
8D8I,A,1,28
8D8I,A,1,29
8D8I,A,1,30
8D8I,A,1,31
8D8I,A,1,32
8D8I,A,1,33
8D8I,A,1,34
8D8I,A,1,35
8D8I,A,1,36
8D8I,A,1,37
8D8I,A,1,38
8D8I,A,1,39
8D8I,A,1,40
8D8I,A,1,41
8D8I,A,1,42
8D8I,A,1,43
8D8I,A,1,44
8D8I,A,1,45
8D8I,A,1,46
8D8I,A,1,47
8D8I,A,1,48
8D8I,A,1,49
8D8I,A,1,50
8D8I,A,1,51
8D8I,A,1,52
8D8I,A,1,235
8D8I,A,1,236
8D8I,A,1,237
8DAF,A,1,1
8DAF,A,1,2
8DAF,A,1,3
8DAF,A,1,4
8DAF,A,1,5
8DAF,A,1,6
8DAF,A,1,34
8DAF,A,1,35
8DAF,A,1,36
8DAF,A,1,37
8DAF,A,1,38
8DAF,A,1,39
8DAF,A,1,40
8DAF,A,1,41
8DAF,A,1,42
8DAF,A,1,246
8DAF,A,1,247
8DAF,B,1,1
8DAF,B,1,2
8DAF,B,1,3
8DAF,B,1,4
8DAF,B,1,5
8DAF,B,1,6
8DAF,B,1,39
8DAF,B,1,40
8DAF,B,1,41
8DAF,B,1,42
8DAF,B,1,246
8DAF,B,1,247
8DAF,C,1,1
8DAF,C,1,14
8DAF,D,1,1
8DAF,D,1,13
8DAF,D,1,14
8DK4,A,1,1
8DK4,A,1,272
8DK4,B,1,1
8DK4,B,1,2
8DK4,B,1,3
8DK4,B,1,15
8DKN,A,1,1
8DKN,A,1,58
8DKN,A,1,59
8DKN,A,1,60
8DKN,A,1,61
8DKN,A,1,62
8DKN,A,1,63
8DKN,A,1,64
8DKV,A,1,1
8DKV,A,1,58
8DKV,A,1,59
8DKV,A,1,60
8DKV,A,1,61
8DKV,A,1,62
8DKV,A,1,63
8DKV,A,1,64
8DSY,A,1,1
8DSY,A,1,2
8DSY,A,1,3
8DSY,A,1,60
8DSY,A,1,61
8DSY,A,1,62
8DSY,A,1,63
8DSY,A,1,64
8DSY,A,1,65
8DSY,A,1,66
8DSY,A,1,67
8DSY,A,1,68
8DSY,A,1,69
8DSY,A,1,70
8DSY,A,1,271
8DSY,A,1,272
8DSY,A,1,273
8DSY,B,1,1
8DSY,B,1,2
8DSY,B,1,66
8DSY,B,1,67
8DSY,B,1,68
8DSY,B,1,69
8DSY,B,1,70
8DSY,B,1,259
8DSY,B,1,260
8DSY,B,1,261
8DSZ,A,1,1
8DSZ,A,1,2
8DSZ,A,1,3
8DSZ,A,1,63
8DSZ,A,1,64
8DSZ,A,1,65
8DSZ,A,1,66
8DSZ,A,1,67
8DSZ,A,1,68
8DSZ,A,1,69
8DSZ,A,1,70
8DSZ,A,1,71
8DSZ,A,1,272
8DSZ,A,1,273
8DSZ,B,1,1
8DSZ,B,1,2
8DSZ,B,1,3
8DSZ,B,1,65
8DSZ,B,1,66
8DSZ,B,1,67
8DSZ,B,1,68
8DSZ,B,1,69
8DSZ,B,1,70
8DSZ,B,1,71
8DSZ,B,1,272
8DSZ,B,1,273
8DU6,A,1,1
8DU6,A,1,2
8DU6,A,1,3
8DU6,A,1,4
8DU6,A,1,5
8DU6,A,1,6
8DU6,A,1,7
8DU6,A,1,8
8DU6,A,1,32
8DU6,A,1,33
8DU6,A,1,34
8DU6,A,1,35
8DU6,A,1,36
8DU6,A,1,37
8DU6,A,1,163
8DU6,A,1,164
8DU6,A,1,165
8DU6,A,1,231
8DU6,A,1,232
8DU6,A,1,249
8DU6,A,1,250
8DU6,A,1,251
8DU6,A,1,252
8DU6,A,1,253
8DU6,A,1,254
8DU6,A,1,255
8DU6,B,1,1
8DU6,B,1,2
8DU6,B,1,3
8DU6,B,1,4
8DU6,B,1,5
8DU6,B,1,6
8DU6,B,1,7
8DU6,B,1,32
8DU6,B,1,33
8DU6,B,1,34
8DU6,B,1,35
8DU6,B,1,36
8DU6,B,1,37
8DU6,B,1,38
8DU6,B,1,39
8DU6,B,1,163
8DU6,B,1,164
8DU6,B,1,165
8DU6,B,1,166
8DU6,B,1,167
8DU6,B,1,230
8DU6,B,1,231
8DU6,B,1,232
8DU6,B,1,247
8DU6,B,1,248
8DU6,B,1,249
8DU6,B,1,250
8DU6,B,1,251
8DU6,B,1,252
8DU6,B,1,253
8DU6,B,1,254
8DU6,B,1,255
8DU8,A,1,1
8DU8,A,1,2
8DU8,A,1,3
8DU8,A,1,4
8DU8,A,1,5
8DU8,A,1,6
8DU8,A,1,7
8DU8,A,1,8
8DU8,A,1,9
8DU8,A,1,163
8DU8,A,1,164
8DU8,A,1,165
8DU8,A,1,230
8DU8,A,1,231
8DU8,A,1,232
8DU8,A,1,233
8DU8,A,1,250
8DU8,A,1,251
8DU8,A,1,252
8DU8,A,1,253
8DU8,A,1,254
8DU8,A,1,255
8DU8,B,1,1
8DU8,B,1,2
8DU8,B,1,3
8DU8,B,1,4
8DU8,B,1,5
8DU8,B,1,6
8DU8,B,1,7
8DU8,B,1,8
8DU8,B,1,9
8DU8,B,1,32
8DU8,B,1,33
8DU8,B,1,34
8DU8,B,1,35
8DU8,B,1,36
8DU8,B,1,37
8DU8,B,1,38
8DU8,B,1,39
8DU8,B,1,40
8DU8,B,1,41
8DU8,B,1,118
8DU8,B,1,119
8DU8,B,1,161
8DU8,B,1,162
8DU8,B,1,163
8DU8,B,1,164
8DU8,B,1,165
8DU8,B,1,166
8DU8,B,1,167
8DU8,B,1,168
8DU8,B,1,169
8DU8,B,1,170
8DU8,B,1,231
8DU8,B,1,232
8DU8,B,1,252
8DU8,B,1,253
8DU8,B,1,254
8DU8,B,1,255
8DU9,A,1,1
8DU9,A,1,2
8DU9,A,1,3
8DU9,A,1,4
8DU9,A,1,5
8DU9,A,1,6
8DU9,A,1,7
8DU9,A,1,8
8DU9,A,1,9
8DU9,A,1,10
8DU9,A,1,11
8DU9,A,1,31
8DU9,A,1,32
8DU9,A,1,33
8DU9,A,1,34
8DU9,A,1,35
8DU9,A,1,36
8DU9,A,1,161
8DU9,A,1,162
8DU9,A,1,163
8DU9,A,1,164
8DU9,A,1,165
8DU9,A,1,166
8DU9,A,1,230
8DU9,A,1,231
8DU9,A,1,232
8DU9,A,1,233
8DU9,A,1,249
8DU9,A,1,250
8DU9,A,1,251
8DU9,A,1,252
8DU9,A,1,253
8DU9,A,1,254
8DU9,A,1,255
8DU9,B,1,1
8DU9,B,1,2
8DU9,B,1,3
8DU9,B,1,4
8DU9,B,1,5
8DU9,B,1,6
8DU9,B,1,32
8DU9,B,1,33
8DU9,B,1,34
8DU9,B,1,35
8DU9,B,1,36
8DU9,B,1,37
8DU9,B,1,38
8DU9,B,1,39
8DU9,B,1,40
8DU9,B,1,41
8DU9,B,1,117
8DU9,B,1,118
8DU9,B,1,119
8DU9,B,1,163
8DU9,B,1,164
8DU9,B,1,165
8DU9,B,1,166
8DU9,B,1,167
8DU9,B,1,229
8DU9,B,1,230
8DU9,B,1,231
8DU9,B,1,232
8DU9,B,1,233
8DU9,B,1,234
8DU9,B,1,246
8DU9,B,1,247
8DU9,B,1,248
8DU9,B,1,249
8DU9,B,1,250
8DU9,B,1,251
8DU9,B,1,252
8DU9,B,1,253
8DU9,B,1,254
8DU9,B,1,255
8DUB,A,1,1
8DUB,A,1,2
8DUB,A,1,3
8DUB,A,1,4
8DUB,A,1,5
8DUB,A,1,6
8DUB,A,1,7
8DUB,A,1,8
8DUB,A,1,9
8DUB,A,1,10
8DUB,A,1,32
8DUB,A,1,33
8DUB,A,1,34
8DUB,A,1,35
8DUB,A,1,36
8DUB,A,1,37
8DUB,A,1,163
8DUB,A,1,164
8DUB,A,1,165
8DUB,A,1,231
8DUB,A,1,232
8DUB,A,1,250
8DUB,A,1,251
8DUB,A,1,252
8DUB,A,1,253
8DUB,A,1,254
8DUB,A,1,255
8DUB,B,1,1
8DUB,B,1,2
8DUB,B,1,3
8DUB,B,1,4
8DUB,B,1,5
8DUB,B,1,6
8DUB,B,1,7
8DUB,B,1,8
8DUB,B,1,32
8DUB,B,1,33
8DUB,B,1,34
8DUB,B,1,35
8DUB,B,1,36
8DUB,B,1,37
8DUB,B,1,38
8DUB,B,1,118
8DUB,B,1,119
8DUB,B,1,120
8DUB,B,1,163
8DUB,B,1,164
8DUB,B,1,165
8DUB,B,1,166
8DUB,B,1,167
8DUB,B,1,168
8DUB,B,1,229
8DUB,B,1,230
8DUB,B,1,231
8DUB,B,1,232
8DUB,B,1,233
8DUB,B,1,248
8DUB,B,1,249
8DUB,B,1,250
8DUB,B,1,251
8DUB,B,1,252
8DUB,B,1,253
8DUB,B,1,254
8DUB,B,1,255
8DUC,A,1,1
8DUC,A,1,2
8DUC,A,1,3
8DUC,A,1,4
8DUC,A,1,5
8DUC,A,1,6
8DUC,A,1,7
8DUC,A,1,8
8DUC,A,1,9
8DUC,A,1,10
8DUC,A,1,37
8DUC,A,1,38
8DUC,A,1,39
8DUC,A,1,40
8DUC,A,1,41
8DUC,A,1,42
8DUC,A,1,43
8DUC,A,1,117
8DUC,A,1,118
8DUC,A,1,119
8DUC,A,1,120
8DUC,A,1,163
8DUC,A,1,164
8DUC,A,1,165
8DUC,A,1,228
8DUC,A,1,229
8DUC,A,1,230
8DUC,A,1,231
8DUC,A,1,232
8DUC,A,1,233
8DUC,A,1,234
8DUC,A,1,250
8DUC,A,1,251
8DUC,A,1,252
8DUC,A,1,253
8DUC,A,1,254
8DUC,A,1,255
8DUD,A,1,1
8DUD,A,1,2
8DUD,A,1,3
8DUD,A,1,4
8DUD,A,1,5
8DUD,A,1,6
8DUD,A,1,7
8DUD,A,1,8
8DUD,A,1,9
8DUD,A,1,39
8DUD,A,1,40
8DUD,A,1,41
8DUD,A,1,118
8DUD,A,1,119
8DUD,A,1,164
8DUD,A,1,165
8DUD,A,1,228
8DUD,A,1,229
8DUD,A,1,230
8DUD,A,1,231
8DUD,A,1,232
8DUD,A,1,233
8DUD,A,1,234
8DUD,A,1,249
8DUD,A,1,250
8DUD,A,1,251
8DUD,A,1,252
8DUD,A,1,253
8DUD,A,1,254
8DUD,A,1,255
8DUG,A,1,1
8DUG,A,1,2
8DUG,A,1,3
8DUG,A,1,4
8DUG,A,1,5
8DUG,A,1,6
8DUG,A,1,7
8DUG,A,1,8
8DUG,A,1,9
8DUG,A,1,34
8DUG,A,1,35
8DUG,A,1,36
8DUG,A,1,37
8DUG,A,1,163
8DUG,A,1,164
8DUG,A,1,165
8DUG,A,1,230
8DUG,A,1,231
8DUG,A,1,232
8DUG,A,1,247
8DUG,A,1,248
8DUG,A,1,249
8DUG,A,1,250
8DUG,A,1,251
8DUG,A,1,252
8DUG,A,1,253
8DUG,A,1,254
8DUG,A,1,255
8DUG,B,1,1
8DUG,B,1,2
8DUG,B,1,3
8DUG,B,1,4
8DUG,B,1,5
8DUG,B,1,6
8DUG,B,1,7
8DUG,B,1,8
8DUG,B,1,31
8DUG,B,1,32
8DUG,B,1,33
8DUG,B,1,34
8DUG,B,1,35
8DUG,B,1,36
8DUG,B,1,37
8DUG,B,1,159
8DUG,B,1,160
8DUG,B,1,161
8DUG,B,1,162
8DUG,B,1,163
8DUG,B,1,164
8DUG,B,1,165
8DUG,B,1,166
8DUG,B,1,167
8DUG,B,1,168
8DUG,B,1,169
8DUG,B,1,170
8DUG,B,1,229
8DUG,B,1,230
8DUG,B,1,231
8DUG,B,1,232
8DUG,B,1,233
8DUG,B,1,247
8DUG,B,1,248
8DUG,B,1,249
8DUG,B,1,250
8DUG,B,1,251
8DUG,B,1,252
8DUG,B,1,253
8DUG,B,1,254
8DUG,B,1,255
8DUH,A,1,1
8DUH,A,1,2
8DUH,A,1,3
8DUH,A,1,4
8DUH,A,1,5
8DUH,A,1,6
8DUH,A,1,7
8DUH,A,1,8
8DUH,A,1,9
8DUH,A,1,163
8DUH,A,1,164
8DUH,A,1,165
8DUH,A,1,231
8DUH,A,1,232
8DUH,A,1,233
8DUH,A,1,246
8DUH,A,1,247
8DUH,A,1,248
8DUH,A,1,249
8DUH,A,1,250
8DUH,A,1,251
8DUH,A,1,252
8DUH,A,1,253
8DUH,A,1,254
8DUH,A,1,255
8DUH,B,1,1
8DUH,B,1,2
8DUH,B,1,3
8DUH,B,1,4
8DUH,B,1,5
8DUH,B,1,6
8DUH,B,1,7
8DUH,B,1,8
8DUH,B,1,32
8DUH,B,1,33
8DUH,B,1,34
8DUH,B,1,35
8DUH,B,1,36
8DUH,B,1,37
8DUH,B,1,38
8DUH,B,1,163
8DUH,B,1,164
8DUH,B,1,165
8DUH,B,1,166
8DUH,B,1,167
8DUH,B,1,168
8DUH,B,1,169
8DUH,B,1,170
8DUH,B,1,171
8DUH,B,1,172
8DUH,B,1,230
8DUH,B,1,231
8DUH,B,1,232
8DUH,B,1,233
8DUH,B,1,249
8DUH,B,1,250
8DUH,B,1,251
8DUH,B,1,252
8DUH,B,1,253
8DUH,B,1,254
8DUH,B,1,255
8DUI,A,1,1
8DUI,A,1,2
8DUI,A,1,3
8DUI,A,1,4
8DUI,A,1,5
8DUI,A,1,6
8DUI,A,1,7
8DUI,A,1,8
8DUI,A,1,9
8DUI,A,1,33
8DUI,A,1,34
8DUI,A,1,35
8DUI,A,1,36
8DUI,A,1,37
8DUI,A,1,163
8DUI,A,1,164
8DUI,A,1,165
8DUI,A,1,231
8DUI,A,1,232
8DUI,A,1,233
8DUI,A,1,248
8DUI,A,1,249
8DUI,A,1,250
8DUI,A,1,251
8DUI,A,1,252
8DUI,A,1,253
8DUI,A,1,254
8DUI,A,1,255
8DUI,B,1,1
8DUI,B,1,2
8DUI,B,1,3
8DUI,B,1,4
8DUI,B,1,5
8DUI,B,1,6
8DUI,B,1,7
8DUI,B,1,8
8DUI,B,1,9
8DUI,B,1,32
8DUI,B,1,33
8DUI,B,1,34
8DUI,B,1,35
8DUI,B,1,36
8DUI,B,1,37
8DUI,B,1,38
8DUI,B,1,39
8DUI,B,1,40
8DUI,B,1,41
8DUI,B,1,160
8DUI,B,1,161
8DUI,B,1,162
8DUI,B,1,163
8DUI,B,1,164
8DUI,B,1,165
8DUI,B,1,166
8DUI,B,1,167
8DUI,B,1,168
8DUI,B,1,169
8DUI,B,1,170
8DUI,B,1,171
8DUI,B,1,172
8DUI,B,1,228
8DUI,B,1,229
8DUI,B,1,230
8DUI,B,1,231
8DUI,B,1,232
8DUI,B,1,233
8DUI,B,1,247
8DUI,B,1,248
8DUI,B,1,249
8DUI,B,1,250
8DUI,B,1,251
8DUI,B,1,252
8DUI,B,1,253
8DUI,B,1,254
8DUI,B,1,255
8DUK,A,1,1
8DUK,A,1,2
8DUK,A,1,3
8DUK,A,1,4
8DUK,A,1,5
8DUK,A,1,6
8DUK,A,1,7
8DUK,A,1,8
8DUK,A,1,163
8DUK,A,1,164
8DUK,A,1,165
8DUK,A,1,233
8DUK,A,1,234
8DUK,A,1,252
8DUK,A,1,253
8DUK,A,1,254
8DUK,A,1,255
8DUK,B,1,1
8DUK,B,1,2
8DUK,B,1,3
8DUK,B,1,4
8DUK,B,1,5
8DUK,B,1,6
8DUK,B,1,32
8DUK,B,1,33
8DUK,B,1,34
8DUK,B,1,35
8DUK,B,1,36
8DUK,B,1,37
8DUK,B,1,38
8DUK,B,1,39
8DUK,B,1,40
8DUK,B,1,41
8DUK,B,1,116
8DUK,B,1,117
8DUK,B,1,118
8DUK,B,1,119
8DUK,B,1,120
8DUK,B,1,163
8DUK,B,1,164
8DUK,B,1,165
8DUK,B,1,251
8DUK,B,1,252
8DUK,B,1,253
8DUK,B,1,254
8DUK,B,1,255
8DUK,C,1,1
8DUK,C,1,2
8DUK,C,1,3
8DUK,C,1,4
8DUK,C,1,5
8DUK,C,1,6
8DUK,C,1,7
8DUK,C,1,8
8DUK,C,1,163
8DUK,C,1,164
8DUK,C,1,165
8DUK,C,1,233
8DUK,C,1,234
8DUK,C,1,252
8DUK,C,1,253
8DUK,C,1,254
8DUK,C,1,255
8DUK,D,1,1
8DUK,D,1,2
8DUK,D,1,3
8DUK,D,1,4
8DUK,D,1,5
8DUK,D,1,6
8DUK,D,1,32
8DUK,D,1,33
8DUK,D,1,34
8DUK,D,1,35
8DUK,D,1,36
8DUK,D,1,37
8DUK,D,1,38
8DUK,D,1,39
8DUK,D,1,40
8DUK,D,1,41
8DUK,D,1,116
8DUK,D,1,117
8DUK,D,1,118
8DUK,D,1,119
8DUK,D,1,120
8DUK,D,1,163
8DUK,D,1,164
8DUK,D,1,165
8DUK,D,1,166
8DUK,D,1,252
8DUK,D,1,253
8DUK,D,1,254
8DUK,D,1,255
8DUS,A,1,1
8DUS,A,1,2
8DUS,A,1,3
8DUS,A,1,4
8DUS,A,1,5
8DUS,A,1,6
8DUS,A,1,7
8DUS,A,1,8
8DUS,A,1,162
8DUS,A,1,163
8DUS,A,1,164
8DUS,A,1,165
8DUS,A,1,232
8DUS,A,1,233
8DUS,A,1,250
8DUS,A,1,251
8DUS,A,1,252
8DUS,A,1,253
8DUS,A,1,254
8DUS,A,1,255
8DUS,B,1,1
8DUS,B,1,2
8DUS,B,1,3
8DUS,B,1,4
8DUS,B,1,5
8DUS,B,1,6
8DUS,B,1,32
8DUS,B,1,33
8DUS,B,1,34
8DUS,B,1,35
8DUS,B,1,36
8DUS,B,1,37
8DUS,B,1,38
8DUS,B,1,39
8DUS,B,1,40
8DUS,B,1,41
8DUS,B,1,116
8DUS,B,1,117
8DUS,B,1,118
8DUS,B,1,119
8DUS,B,1,120
8DUS,B,1,121
8DUS,B,1,162
8DUS,B,1,163
8DUS,B,1,164
8DUS,B,1,165
8DUS,B,1,231
8DUS,B,1,232
8DUS,B,1,233
8DUS,B,1,251
8DUS,B,1,252
8DUS,B,1,253
8DUS,B,1,254
8DUS,B,1,255
8DUS,C,1,1
8DUS,C,1,2
8DUS,C,1,3
8DUS,C,1,4
8DUS,C,1,5
8DUS,C,1,6
8DUS,C,1,7
8DUS,C,1,8
8DUS,C,1,9
8DUS,C,1,162
8DUS,C,1,163
8DUS,C,1,164
8DUS,C,1,165
8DUS,C,1,231
8DUS,C,1,232
8DUS,C,1,233
8DUS,C,1,234
8DUS,C,1,250
8DUS,C,1,251
8DUS,C,1,252
8DUS,C,1,253
8DUS,C,1,254
8DUS,C,1,255
8DUS,D,1,1
8DUS,D,1,2
8DUS,D,1,3
8DUS,D,1,4
8DUS,D,1,5
8DUS,D,1,6
8DUS,D,1,32
8DUS,D,1,33
8DUS,D,1,34
8DUS,D,1,35
8DUS,D,1,36
8DUS,D,1,37
8DUS,D,1,38
8DUS,D,1,39
8DUS,D,1,40
8DUS,D,1,41
8DUS,D,1,116
8DUS,D,1,117
8DUS,D,1,118
8DUS,D,1,119
8DUS,D,1,120
8DUS,D,1,161
8DUS,D,1,162
8DUS,D,1,163
8DUS,D,1,164
8DUS,D,1,165
8DUS,D,1,231
8DUS,D,1,232
8DUS,D,1,233
8DUS,D,1,250
8DUS,D,1,251
8DUS,D,1,252
8DUS,D,1,253
8DUS,D,1,254
8DUS,D,1,255
8DUS,E,1,1
8DUS,E,1,2
8DUS,E,1,3
8DUS,E,1,4
8DUS,E,1,5
8DUS,E,1,6
8DUS,E,1,7
8DUS,E,1,8
8DUS,E,1,162
8DUS,E,1,163
8DUS,E,1,164
8DUS,E,1,165
8DUS,E,1,231
8DUS,E,1,232
8DUS,E,1,233
8DUS,E,1,234
8DUS,E,1,251
8DUS,E,1,252
8DUS,E,1,253
8DUS,E,1,254
8DUS,E,1,255
8DUS,F,1,1
8DUS,F,1,2
8DUS,F,1,3
8DUS,F,1,4
8DUS,F,1,5
8DUS,F,1,6
8DUS,F,1,32
8DUS,F,1,33
8DUS,F,1,34
8DUS,F,1,35
8DUS,F,1,36
8DUS,F,1,37
8DUS,F,1,38
8DUS,F,1,39
8DUS,F,1,40
8DUS,F,1,41
8DUS,F,1,42
8DUS,F,1,118
8DUS,F,1,119
8DUS,F,1,120
8DUS,F,1,162
8DUS,F,1,163
8DUS,F,1,164
8DUS,F,1,165
8DUS,F,1,232
8DUS,F,1,233
8DUS,F,1,251
8DUS,F,1,252
8DUS,F,1,253
8DUS,F,1,254
8DUS,F,1,255
8DV5,A,1,1
8DV5,A,1,2
8DV5,A,1,3
8DV5,A,1,4
8DV5,A,1,5
8DV5,A,1,6
8DV5,A,1,7
8DV5,A,1,8
8DV5,A,1,9
8DV5,A,1,33
8DV5,A,1,34
8DV5,A,1,35
8DV5,A,1,36
8DV5,A,1,163
8DV5,A,1,164
8DV5,A,1,165
8DV5,A,1,230
8DV5,A,1,231
8DV5,A,1,232
8DV5,A,1,249
8DV5,A,1,250
8DV5,A,1,251
8DV5,A,1,252
8DV5,A,1,253
8DV5,A,1,254
8DV5,A,1,255
8DV5,B,1,1
8DV5,B,1,2
8DV5,B,1,3
8DV5,B,1,4
8DV5,B,1,5
8DV5,B,1,6
8DV5,B,1,7
8DV5,B,1,8
8DV5,B,1,9
8DV5,B,1,34
8DV5,B,1,35
8DV5,B,1,36
8DV5,B,1,37
8DV5,B,1,163
8DV5,B,1,164
8DV5,B,1,165
8DV5,B,1,166
8DV5,B,1,230
8DV5,B,1,231
8DV5,B,1,232
8DV5,B,1,233
8DV5,B,1,247
8DV5,B,1,248
8DV5,B,1,249
8DV5,B,1,250
8DV5,B,1,251
8DV5,B,1,252
8DV5,B,1,253
8DV5,B,1,254
8DV5,B,1,255
8DV7,A,1,1
8DV7,A,1,2
8DV7,A,1,3
8DV7,A,1,4
8DV7,A,1,5
8DV7,A,1,6
8DV7,A,1,7
8DV7,A,1,8
8DV7,A,1,33
8DV7,A,1,34
8DV7,A,1,35
8DV7,A,1,163
8DV7,A,1,164
8DV7,A,1,165
8DV7,A,1,231
8DV7,A,1,232
8DV7,A,1,233
8DV7,A,1,252
8DV7,A,1,253
8DV7,A,1,254
8DV7,A,1,255
8DV7,B,1,1
8DV7,B,1,2
8DV7,B,1,3
8DV7,B,1,4
8DV7,B,1,5
8DV7,B,1,6
8DV7,B,1,40
8DV7,B,1,41
8DV7,B,1,116
8DV7,B,1,117
8DV7,B,1,118
8DV7,B,1,119
8DV7,B,1,163
8DV7,B,1,164
8DV7,B,1,165
8DV7,B,1,166
8DV7,B,1,167
8DV7,B,1,168
8DV7,B,1,169
8DV7,B,1,170
8DV7,B,1,171
8DV7,B,1,172
8DV7,B,1,229
8DV7,B,1,230
8DV7,B,1,231
8DV7,B,1,232
8DV7,B,1,233
8DV7,B,1,234
8DV7,B,1,252
8DV7,B,1,253
8DV7,B,1,254
8DV7,B,1,255
8DV8,A,1,1
8DV8,A,1,2
8DV8,A,1,3
8DV8,A,1,4
8DV8,A,1,5
8DV8,A,1,6
8DV8,A,1,7
8DV8,A,1,32
8DV8,A,1,33
8DV8,A,1,34
8DV8,A,1,35
8DV8,A,1,36
8DV8,A,1,37
8DV8,A,1,38
8DV8,A,1,39
8DV8,A,1,40
8DV8,A,1,41
8DV8,A,1,118
8DV8,A,1,119
8DV8,A,1,120
8DV8,A,1,121
8DV8,A,1,122
8DV8,A,1,162
8DV8,A,1,163
8DV8,A,1,164
8DV8,A,1,165
8DV8,A,1,166
8DV8,A,1,167
8DV8,A,1,168
8DV8,A,1,169
8DV8,A,1,170
8DV8,A,1,171
8DV8,A,1,172
8DV8,A,1,173
8DV8,A,1,228
8DV8,A,1,229
8DV8,A,1,230
8DV8,A,1,231
8DV8,A,1,232
8DV8,A,1,233
8DV8,A,1,249
8DV8,A,1,250
8DV8,A,1,251
8DV8,A,1,252
8DV8,A,1,253
8DV8,A,1,254
8DV8,A,1,255
8DV8,B,1,1
8DV8,B,1,2
8DV8,B,1,3
8DV8,B,1,4
8DV8,B,1,5
8DV8,B,1,6
8DV8,B,1,7
8DV8,B,1,8
8DV8,B,1,9
8DV8,B,1,33
8DV8,B,1,34
8DV8,B,1,35
8DV8,B,1,36
8DV8,B,1,37
8DV8,B,1,116
8DV8,B,1,117
8DV8,B,1,118
8DV8,B,1,163
8DV8,B,1,164
8DV8,B,1,165
8DV8,B,1,228
8DV8,B,1,229
8DV8,B,1,230
8DV8,B,1,231
8DV8,B,1,232
8DV8,B,1,233
8DV8,B,1,234
8DV8,B,1,246
8DV8,B,1,247
8DV8,B,1,248
8DV8,B,1,249
8DV8,B,1,250
8DV8,B,1,251
8DV8,B,1,252
8DV8,B,1,253
8DV8,B,1,254
8DV8,B,1,255
8DVB,A,1,1
8DVB,A,1,2
8DVB,A,1,3
8DVB,A,1,4
8DVB,A,1,5
8DVB,A,1,6
8DVB,A,1,7
8DVB,A,1,163
8DVB,A,1,164
8DVB,A,1,231
8DVB,A,1,232
8DVB,A,1,252
8DVB,A,1,253
8DVB,A,1,254
8DVB,A,1,255
8DVB,B,1,1
8DVB,B,1,2
8DVB,B,1,3
8DVB,B,1,4
8DVB,B,1,5
8DVB,B,1,6
8DVB,B,1,7
8DVB,B,1,163
8DVB,B,1,164
8DVB,B,1,165
8DVB,B,1,166
8DVB,B,1,167
8DVB,B,1,168
8DVB,B,1,169
8DVB,B,1,170
8DVB,B,1,228
8DVB,B,1,229
8DVB,B,1,230
8DVB,B,1,231
8DVB,B,1,232
8DVB,B,1,233
8DVB,B,1,247
8DVB,B,1,248
8DVB,B,1,249
8DVB,B,1,250
8DVB,B,1,251
8DVB,B,1,252
8DVB,B,1,253
8DVB,B,1,254
8DVB,B,1,255
8E1A,A,1,1
8E1A,A,1,2
8E1A,A,1,3
8E1A,A,1,4
8E1A,A,1,5
8E1A,A,1,6
8E1A,A,1,7
8E1A,A,1,8
8E1A,A,1,9
8E1A,A,1,10
8E1A,A,1,11
8E1A,A,1,12
8E1A,A,1,13
8E1A,A,1,14
8E1A,A,1,15
8E1A,A,1,16
8E1A,A,1,17
8E1A,A,1,18
8E1A,A,1,19
8E1A,A,1,20
8E1A,A,1,21
8E1A,A,1,22
8E1A,A,1,23
8E1A,A,1,24
8E1A,A,1,25
8E1A,A,1,26
8E1A,A,1,27
8E3N,A,1,1
8E3N,A,1,2
8E3N,A,1,3
8E3N,A,1,4
8E3N,A,1,5
8E3N,A,1,6
8E3N,A,1,7
8E3N,A,1,8
8E3N,A,1,9
8E3N,A,1,10
8E3N,A,1,11
8E3N,A,1,12
8E3N,A,1,13
8E3N,A,1,14
8E3N,A,1,15
8E3N,A,1,16
8E3N,A,1,17
8E3N,A,1,18
8E3N,A,1,19
8E3N,A,1,20
8E3N,A,1,21
8E3N,A,1,22
8E3N,A,1,23
8E3N,A,1,60
8E3N,A,1,61
8E3N,A,1,62
8E3N,A,1,63
8E3N,A,1,64
8E3N,A,1,65
8E3N,A,1,66
8E3N,A,1,67
8E3N,A,1,68
8E3N,A,1,69
8E3N,A,1,70
8E3N,A,1,71
8E3N,A,1,72
8E3N,A,1,73
8E3N,A,1,74
8E3N,A,1,75
8E3N,A,1,76
8E3N,A,1,77
8EQZ,A,1,1
8EQZ,A,1,2
8EQZ,A,1,3
8EQZ,A,1,4
8EQZ,A,1,5
8EQZ,A,1,6
8EQZ,A,1,7
8EQZ,A,1,8
8EQZ,A,1,9
8EQZ,A,1,10
8EQZ,A,1,11
8EQZ,A,1,12
8EQZ,A,1,13
8EQZ,A,1,14
8EQZ,A,1,15
8EQZ,A,1,16
8EQZ,A,1,17
8EQZ,A,1,18
8EQZ,A,1,19
8EQZ,A,1,20
8EQZ,A,1,21
8EQZ,A,1,22
8EQZ,A,1,23
8EQZ,A,1,61
8EQZ,A,1,62
8EQZ,A,1,63
8EQZ,A,1,64
8EQZ,A,1,65
8EQZ,A,1,66
8EQZ,A,1,67
8EQZ,A,1,68
8EQZ,A,1,69
8EQZ,A,1,70
8EQZ,A,1,71
8EQZ,A,1,72
8EQZ,A,1,73
8EQZ,A,1,74
8EQZ,A,1,315
8EQZ,A,1,316
8EQZ,A,1,317
8EQZ,A,1,318
8EQZ,A,1,319
8EQZ,A,1,320
8EQZ,A,1,321
8EQZ,A,1,322
8EQZ,A,1,323
8EQZ,A,1,324
8EQZ,A,1,325
8EQZ,A,1,326
8EQZ,A,1,342
8EQZ,A,1,343
8EQZ,A,1,344
8EQZ,A,1,345
8EQZ,A,1,346
8EQZ,A,1,347
8EQZ,A,1,348
8EQZ,A,1,349
8EQZ,A,1,350
8EQZ,A,1,351
8EQZ,A,1,352
8EQZ,A,1,353
8EQZ,A,1,354
8EQZ,A,1,355
8EQZ,B,1,1
8EQZ,B,1,2
8EQZ,B,1,3
8EQZ,B,1,4
8EQZ,B,1,5
8EQZ,B,1,6
8EQZ,B,1,7
8EQZ,B,1,8
8EQZ,B,1,9
8EQZ,B,1,10
8EQZ,B,1,11
8EQZ,B,1,12
8EQZ,B,1,13
8EQZ,B,1,14
8EQZ,B,1,15
8EQZ,B,1,16
8EQZ,B,1,17
8EQZ,B,1,18
8EQZ,B,1,19
8EQZ,B,1,20
8EQZ,B,1,21
8EQZ,B,1,22
8EQZ,B,1,23
8EQZ,B,1,60
8EQZ,B,1,61
8EQZ,B,1,62
8EQZ,B,1,63
8EQZ,B,1,64
8EQZ,B,1,65
8EQZ,B,1,66
8EQZ,B,1,67
8EQZ,B,1,68
8EQZ,B,1,69
8EQZ,B,1,70
8EQZ,B,1,71
8EQZ,B,1,72
8EQZ,B,1,73
8EQZ,B,1,74
8EQZ,B,1,75
8EQZ,B,1,76
8EQZ,B,1,314
8EQZ,B,1,315
8EQZ,B,1,316
8EQZ,B,1,317
8EQZ,B,1,318
8EQZ,B,1,319
8EQZ,B,1,320
8EQZ,B,1,321
8EQZ,B,1,322
8EQZ,B,1,323
8EQZ,B,1,324
8EQZ,B,1,325
8EQZ,B,1,326
8EQZ,B,1,344
8EQZ,B,1,345
8EQZ,B,1,346
8EQZ,B,1,347
8EQZ,B,1,348
8EQZ,B,1,349
8EQZ,B,1,350
8EQZ,B,1,351
8EQZ,B,1,352
8EQZ,B,1,353
8EQZ,B,1,354
8EQZ,B,1,355
8EV1,A,1,1
8EV1,A,1,2
8EV1,A,1,3
8EV1,A,1,4
8EV1,A,1,5
8EV1,A,1,6
8EV1,A,1,7
8EV1,A,1,36
8EV1,A,1,165
8EV1,A,1,166
8EV1,A,1,167
8EV1,A,1,168
8EV1,A,1,169
8EV1,A,1,251
8EV1,A,1,252
8EV1,A,1,253
8EV1,A,1,254
8EV1,A,1,255
8EV1,A,1,256
8EV1,A,1,257
8EV1,B,1,1
8EV1,B,1,2
8EV1,B,1,3
8EV1,B,1,4
8EV1,B,1,5
8EV1,B,1,6
8EV1,B,1,7
8EV1,B,1,8
8EV1,B,1,9
8EV1,B,1,34
8EV1,B,1,35
8EV1,B,1,36
8EV1,B,1,37
8EV1,B,1,38
8EV1,B,1,165
8EV1,B,1,166
8EV1,B,1,167
8EV1,B,1,168
8EV1,B,1,252
8EV1,B,1,253
8EV1,B,1,254
8EV1,B,1,255
8EV1,B,1,256
8EV1,B,1,257
8EV1,C,1,1
8EV1,C,1,2
8EV1,C,1,12
8EV1,C,1,13
8EV1,D,1,1
8EV1,D,1,2
8EV1,D,1,12
8EV1,D,1,13
8EV2,A,1,1
8EV2,A,1,2
8EV2,A,1,3
8EV2,A,1,4
8EV2,A,1,5
8EV2,A,1,6
8EV2,A,1,7
8EV2,A,1,165
8EV2,A,1,166
8EV2,A,1,167
8EV2,A,1,168
8EV2,A,1,169
8EV2,A,1,170
8EV2,A,1,171
8EV2,A,1,172
8EV2,A,1,173
8EV2,A,1,174
8EV2,A,1,233
8EV2,A,1,252
8EV2,A,1,253
8EV2,A,1,254
8EV2,A,1,255
8EV2,A,1,256
8EV2,A,1,257
8EV2,B,1,1
8EV2,B,1,2
8EV2,B,1,3
8EV2,B,1,4
8EV2,B,1,5
8EV2,B,1,6
8EV2,B,1,7
8EV2,B,1,8
8EV2,B,1,165
8EV2,B,1,166
8EV2,B,1,167
8EV2,B,1,168
8EV2,B,1,169
8EV2,B,1,170
8EV2,B,1,235
8EV2,B,1,236
8EV2,B,1,237
8EV2,B,1,238
8EV2,B,1,252
8EV2,B,1,253
8EV2,B,1,254
8EV2,B,1,255
8EV2,B,1,256
8EV2,B,1,257
8EV2,C,1,1
8EV2,C,1,2
8EV2,C,1,12
8EV2,C,1,13
8EV2,D,1,1
8EV2,D,1,2
8EV2,D,1,3
8EV2,D,1,10
8EV2,D,1,11
8EV2,D,1,12
8EV2,D,1,13
8F5Y,A,1,1
8F5Y,A,1,2
8F5Y,A,1,3
8F5Y,A,1,4
8F5Y,A,1,5
8F5Y,A,1,6
8F5Y,A,1,7
8F5Y,A,1,8
8F5Y,A,1,9
8F5Y,A,1,10
8F5Y,A,1,11
8F5Y,A,1,12
8F5Y,A,1,13
8F5Y,A,1,14
8F5Y,A,1,15
8F5Y,A,1,16
8F5Y,A,1,17
8F5Y,A,1,18
8F5Y,A,1,19
8F5Y,A,1,20
8F5Y,A,1,21
8F5Y,A,1,22
8F5Y,A,1,23
8F5Y,A,1,62
8F5Y,A,1,63
8F5Y,A,1,64
8F5Y,A,1,65
8F5Y,A,1,66
8F5Y,A,1,67
8F5Y,A,1,68
8F5Y,A,1,69
8F5Y,A,1,70
8F5Y,A,1,71
8F5Y,A,1,72
8F5Y,A,1,73
8F5Y,A,1,74
8F5Y,A,1,315
8F5Y,A,1,316
8F5Y,B,1,1
8F5Y,B,1,2
8F5Y,B,1,3
8F5Y,B,1,4
8F5Y,B,1,5
8F5Y,B,1,6
8F5Y,B,1,7
8F5Y,B,1,8
8F5Y,B,1,9
8F5Y,B,1,10
8F5Y,B,1,11
8F5Y,B,1,12
8F5Y,B,1,13
8F5Y,B,1,14
8F5Y,B,1,15
8F5Y,B,1,16
8F5Y,B,1,17
8F5Y,B,1,18
8F5Y,B,1,19
8F5Y,B,1,20
8F5Y,B,1,21
8F5Y,B,1,22
8F5Y,B,1,23
8F5Y,B,1,60
8F5Y,B,1,61
8F5Y,B,1,62
8F5Y,B,1,63
8F5Y,B,1,64
8F5Y,B,1,65
8F5Y,B,1,66
8F5Y,B,1,67
8F5Y,B,1,68
8F5Y,B,1,69
8F5Y,B,1,70
8F5Y,B,1,71
8F5Y,B,1,72
8F5Y,B,1,73
8F5Y,B,1,74
8F5Y,B,1,75
8F5Y,B,1,76
8F5Y,B,1,77
8F5Y,B,1,78
8F5Y,B,1,79
8F5Y,B,1,80
8F5Y,B,1,81
8F5Y,B,1,82
8F5Y,B,1,83
8F5Y,B,1,84
8F5Y,B,1,85
8F5Y,B,1,86
8F5Y,B,1,87
8F5Y,B,1,88
8F5Y,B,1,89
8F5Y,B,1,90
8F5Y,B,1,91
8F5Y,B,1,111
8F5Y,B,1,112
8F5Y,B,1,113
8F5Y,B,1,114
8F5Y,B,1,115
8F5Y,B,1,116
8F5Y,B,1,117
8F5Y,B,1,118
8F5Y,B,1,119
8F5Y,B,1,191
8F5Y,B,1,192
8F5Y,B,1,193
8F5Y,B,1,194
8F5Y,B,1,195
8F5Y,B,1,196
8F5Y,B,1,197
8F5Y,B,1,198
8F5Y,B,1,199
8F5Y,B,1,200
8F5Y,B,1,201
8F5Y,B,1,202
8F5Y,B,1,314
8F5Y,B,1,315
8F5Y,B,1,316
8F5Y,C,1,1
8F5Y,C,1,2
8F5Y,C,1,3
8F5Y,C,1,4
8F5Y,C,1,5
8F5Y,C,1,6
8F5Y,C,1,7
8F5Y,C,1,8
8F5Y,C,1,9
8F5Y,C,1,23
8F5Y,C,1,24
8F5Y,C,1,25
8F5Y,D,1,1
8F5Y,D,1,2
8F5Y,D,1,3
8F5Y,D,1,4
8F5Y,D,1,5
8F5Y,D,1,6
8F5Y,D,1,22
8F5Y,D,1,23
8F5Y,D,1,24
8F5Y,D,1,25
8F8M,A,1,1
8F8M,A,1,2
8F8M,A,1,3
8F8M,A,1,244
8F8M,A,1,245
8F8M,A,1,246
8F8M,B,1,1
8F8M,B,1,2
8F8M,B,1,14
8FAV,A,1,1
8FAV,A,1,2
8FAV,A,1,3
8FAV,A,1,4
8FAV,A,1,253
8FAV,A,1,254
8FAV,A,1,255
8FAV,A,1,256
8FAV,A,1,257
8FAV,A,1,258
8FAV,A,1,259
8FAV,A,1,260
8FAV,A,1,261
8FAV,A,1,262
8FAV,B,1,1
8FAV,B,1,2
8FAV,B,1,3
8FAV,B,1,4
8FAV,B,1,253
8FAV,B,1,254
8FAV,B,1,255
8FAV,B,1,256
8FAV,B,1,257
8FAV,B,1,258
8FAV,B,1,259
8FAV,B,1,260
8FAV,B,1,261
8FAV,B,1,262
8FB1,A,1,1
8FB1,A,1,2
8FB1,A,1,3
8FB1,A,1,4
8FB1,A,1,253
8FB1,A,1,254
8FB1,A,1,255
8FB1,A,1,256
8FB1,A,1,257
8FB1,A,1,258
8FB1,A,1,259
8FB1,A,1,260
8FB1,A,1,261
8FB1,A,1,262
8FB1,B,1,1
8FB1,B,1,2
8FB1,B,1,3
8FB1,B,1,4
8FB1,B,1,253
8FB1,B,1,254
8FB1,B,1,255
8FB1,B,1,256
8FB1,B,1,257
8FB1,B,1,258
8FB1,B,1,259
8FB1,B,1,260
8FB1,B,1,261
8FB1,B,1,262
8FB2,A,1,1
8FB2,A,1,2
8FB2,A,1,3
8FB2,A,1,253
8FB2,A,1,254
8FB2,A,1,255
8FB2,A,1,256
8FB2,A,1,257
8FB2,A,1,258
8FB2,A,1,259
8FB2,A,1,260
8FB2,A,1,261
8FB2,A,1,262
8FB2,B,1,1
8FB2,B,1,2
8FB2,B,1,3
8FB2,B,1,252
8FB2,B,1,253
8FB2,B,1,254
8FB2,B,1,255
8FB2,B,1,256
8FB2,B,1,257
8FB2,B,1,258
8FB2,B,1,259
8FB2,B,1,260
8FB2,B,1,261
8FB2,B,1,262
8FGY,A,1,1
8FGY,A,1,2
8FGY,A,1,3
8FGY,A,1,4
8FGY,A,1,5
8FGY,A,1,6
8FGY,A,1,7
8FGY,A,1,8
8FGY,A,1,9
8FGY,A,1,184
8FGY,A,1,185
8FGY,A,1,186
8FGY,A,1,187
8FGY,A,1,188
8FGY,A,1,189
8FGY,A,1,257
8FGY,A,1,258
8FGZ,A,1,1
8FGZ,A,1,2
8FGZ,A,1,3
8FGZ,A,1,4
8FGZ,A,1,5
8FGZ,A,1,6
8FGZ,A,1,7
8FGZ,A,1,8
8FGZ,A,1,9
8FGZ,A,1,184
8FGZ,A,1,185
8FGZ,A,1,186
8FGZ,A,1,187
8FGZ,A,1,257
8FGZ,A,1,258
8FH0,A,1,1
8FH0,A,1,2
8FH0,A,1,3
8FH0,A,1,4
8FH0,A,1,5
8FH0,A,1,6
8FH0,A,1,7
8FH0,A,1,8
8FH0,A,1,9
8FH0,A,1,184
8FH0,A,1,185
8FH0,A,1,186
8FH0,A,1,187
8FH0,A,1,188
8FH0,A,1,189
8FH0,A,1,257
8FH0,A,1,258
8FH1,A,1,1
8FH1,A,1,2
8FH1,A,1,3
8FH1,A,1,4
8FH1,A,1,5
8FH1,A,1,6
8FH1,A,1,7
8FH1,A,1,8
8FH1,A,1,9
8FH1,A,1,184
8FH1,A,1,185
8FH1,A,1,186
8FH1,A,1,187
8FH1,A,1,188
8FH1,A,1,189
8FH1,A,1,257
8FH1,A,1,258
8FH2,A,1,1
8FH2,A,1,2
8FH2,A,1,3
8FH2,A,1,4
8FH2,A,1,5
8FH2,A,1,6
8FH2,A,1,7
8FH2,A,1,8
8FH2,A,1,9
8FH2,A,1,186
8FH2,A,1,187
8FH2,A,1,257
8FH2,A,1,258
8FHE,A,1,60
8FHE,A,1,61
8FHE,A,1,62
8FHE,A,1,63
8FHE,A,1,64
8FHE,A,1,65
8FHE,A,1,66
8FHE,A,1,67
8FHE,A,1,68
8FHE,A,1,69
8FHE,A,1,70
8FHE,A,1,71
8FHE,A,1,72
8FHE,B,1,1
8FHE,B,1,2
8FHE,B,1,3
8FHE,B,1,4
8FHE,B,1,5
8FHE,B,1,6
8FHE,B,1,18
8FHE,B,1,19
8FHE,B,1,20
8FHE,B,1,21
8FHE,B,1,22
8FHE,B,1,23
8FHF,A,1,1
8FHF,A,1,2
8FHF,A,1,3
8FHF,A,1,4
8FHF,A,1,61
8FHF,A,1,62
8FHF,A,1,63
8FHF,A,1,64
8FHF,A,1,65
8FHF,A,1,66
8FHF,A,1,67
8FHF,A,1,68
8FHF,A,1,69
8FHF,A,1,70
8FHF,A,1,71
8FHF,A,1,72
8FHF,A,1,275
8FHF,B,1,1
8FHF,B,1,2
8FHF,B,1,3
8FHF,B,1,4
8FHF,B,1,38
8FHF,B,1,39
8FHF,B,1,40
8FHF,B,1,41
8FHF,B,1,59
8FHF,B,1,60
8FHF,B,1,61
8FHF,B,1,62
8FHF,B,1,63
8FHF,B,1,64
8FHF,B,1,65
8FHF,B,1,66
8FHF,B,1,67
8FHF,B,1,68
8FHF,B,1,69
8FHF,B,1,70
8FHF,B,1,71
8FHF,B,1,72
8FHF,B,1,259
8FHF,B,1,260
8FHF,B,1,261
8FHF,B,1,262
8FHF,B,1,263
8FHF,B,1,274
8FHF,B,1,275
8FHG,A,1,42
8FHG,A,1,65
8FHG,A,1,66
8FHG,A,1,67
8FHG,A,1,68
8FHG,A,1,69
8FHG,A,1,70
8FHG,A,1,71
8FHG,B,1,1
8FHG,B,1,2
8FHG,B,1,3
8FHG,B,1,4
8FHG,B,1,5
8FHG,B,1,6
8FHG,B,1,18
8FHG,B,1,19
8FHG,B,1,20
8FHG,B,1,21
8FHG,B,1,22
8FHG,B,1,23
8FKC,A,1,59
8FKC,A,1,60
8FKC,A,1,61
8FKC,A,1,62
8FKC,A,1,63
8FKC,A,1,64
8FKC,A,1,65
8FKC,A,1,66
8FKC,A,1,67
8FKC,A,1,68
8FKC,A,1,69
8FKC,A,1,70
8FKC,A,1,71
8FKC,A,1,72
8FKC,A,1,73
8FKC,A,1,74
8FKC,B,1,1
8FKC,B,1,2
8FKC,B,1,3
8FKC,B,1,4
8FKC,B,1,18
8FKC,B,1,19
8FKC,B,1,20
8FKC,B,1,21
8FKC,B,1,22
8FKC,B,1,23
8FKD,A,1,64
8FKD,A,1,65
8FKD,A,1,66
8FKD,A,1,67
8FKD,A,1,68
8FKD,A,1,69
8FKD,A,1,70
8FKD,A,1,71
8FKD,B,1,1
8FKD,B,1,2
8FKD,B,1,3
8FKD,B,1,18
8FKD,B,1,19
8FKD,B,1,20
8FKD,B,1,21
8FKD,B,1,22
8FKD,B,1,23
8FKE,A,1,64
8FKE,A,1,65
8FKE,A,1,66
8FKE,A,1,67
8FKE,A,1,68
8FKE,A,1,69
8FKE,A,1,70
8FKE,A,1,71
8FKE,B,1,1
8FKE,B,1,2
8FKE,B,1,3
8FKE,B,1,18
8FKE,B,1,19
8FKE,B,1,20
8FKE,B,1,21
8FKE,B,1,22
8FKE,B,1,23
8FKF,A,1,62
8FKF,A,1,63
8FKF,A,1,64
8FKF,A,1,65
8FKF,A,1,66
8FKF,A,1,67
8FKF,A,1,68
8FKF,A,1,69
8FKF,A,1,70
8FKF,A,1,71
8FKF,A,1,72
8FKF,A,1,73
8FKF,A,1,74
8FKF,B,1,1
8FKF,B,1,2
8FKF,B,1,3
8FKF,B,1,18
8FKF,B,1,19
8FKF,B,1,20
8FKF,B,1,21
8FKF,B,1,22
8FKF,B,1,23
8FKG,A,1,1
8FKG,A,1,2
8FKG,A,1,3
8FKG,A,1,4
8FKG,A,1,18
8FKG,A,1,19
8FKG,A,1,20
8FKG,A,1,21
8FKG,A,1,22
8FKG,A,1,23
8FKG,B,1,62
8FKG,B,1,63
8FKG,B,1,64
8FKG,B,1,65
8FKG,B,1,66
8FKG,B,1,67
8FKG,B,1,68
8FKG,B,1,69
8FKG,B,1,70
8FKG,B,1,71
8FKG,B,1,72
8FKG,B,1,73
8FPE,A,1,1
8FPE,A,1,2
8FPE,A,1,3
8FPE,A,1,4
8FPE,A,1,5
8FPE,A,1,6
8FPE,A,1,7
8FPE,A,1,8
8FPE,A,1,9
8FPE,A,1,10
8FPE,A,1,11
8FPE,A,1,12
8FPE,A,1,13
8FPE,A,1,14
8FPE,A,1,15
8FPE,A,1,16
8FPE,A,1,17
8FPE,A,1,18
8FPE,A,1,19
8FPE,A,1,20
8FPE,A,1,21
8FPE,A,1,22
8FPE,A,1,23
8FPE,A,1,60
8FPE,A,1,61
8FPE,A,1,62
8FPE,A,1,63
8FPE,A,1,64
8FPE,A,1,65
8FPE,A,1,66
8FPE,A,1,67
8FPE,A,1,68
8FPE,A,1,69
8FPE,A,1,70
8FPE,A,1,71
8FPE,A,1,72
8FPE,A,1,73
8FPE,A,1,74
8FPE,A,1,75
8FPE,A,1,76
8FPE,A,1,77
8GXP,A,1,1
8GXP,A,1,253
8GXP,A,1,254
8GXP,A,1,255
8GXP,A,1,256
8GXP,A,1,257
8GXP,A,1,258
8GXP,A,1,267
8GXP,A,1,268
8GXP,A,1,269
8HD3,A,1,1
8HD3,A,1,2
8HD3,A,1,3
8HD3,A,1,4
8HD3,A,1,5
8HD3,A,1,6
8HD3,A,1,7
8HD3,A,1,8
8HD3,A,1,9
8HD3,A,1,10
8HD3,A,1,11
8HD3,A,1,260
8HD3,B,1,1
8HD3,B,1,2
8HD3,B,1,3
8HD3,B,1,4
8HD3,B,1,5
8HD3,B,1,6
8HD3,B,1,7
8HD3,B,1,8
8HD3,B,1,9
8HD3,B,1,10
8HD3,B,1,11
8HD3,B,1,241
8HD3,B,1,242
8HD3,B,1,243
8HD3,B,1,244
8HD3,B,1,259
8HD3,B,1,260
8HF8,A,1,1
8HF8,A,1,2
8HF8,A,1,3
8HF8,A,1,4
8HF8,A,1,5
8HF8,A,1,6
8HF8,A,1,7
8HF8,A,1,8
8HF8,A,1,9
8HF8,A,1,10
8HF8,A,1,11
8HF8,A,1,12
8HF8,A,1,13
8HF8,A,1,71
8HF8,A,1,72
8HF8,A,1,73
8HF8,A,1,74
8HF8,A,1,75
8HF8,A,1,281
8HF8,A,1,282
8HF8,B,1,1
8HF8,B,1,2
8HF8,B,1,3
8HF8,B,1,4
8HF8,B,1,5
8HF8,B,1,6
8HF8,B,1,7
8HF8,B,1,8
8HF8,B,1,9
8HF8,B,1,10
8HF8,B,1,11
8HF8,B,1,45
8HF8,B,1,46
8HF8,B,1,47
8HF8,B,1,48
8HF8,B,1,49
8HF8,B,1,70
8HF8,B,1,71
8HF8,B,1,72
8HF8,B,1,73
8HF8,B,1,74
8HF8,B,1,281
8HF8,B,1,282
8HHP,A,1,1
8HHP,A,1,2
8HHP,A,1,3
8HHP,A,1,4
8HHP,A,1,5
8HHP,A,1,40
8HHP,A,1,41
8HHP,A,1,42
8HHP,A,1,43
8HHP,A,1,62
8HHP,A,1,63
8HHP,A,1,64
8HHP,A,1,65
8HHQ,A,1,1
8HHQ,A,1,2
8HHQ,A,1,3
8HHQ,A,1,4
8HHQ,A,1,5
8HHQ,A,1,62
8HHQ,A,1,63
8HHQ,A,1,64
8HHQ,A,1,65
8HHQ,A,1,66
8HHQ,A,1,67
8HHQ,A,1,68
8HHQ,A,1,69
8HHQ,A,1,70
8HHQ,A,1,71
8HHQ,A,1,72
8HHQ,A,1,73
8HHQ,A,1,275
8HHQ,A,1,276
8HHQ,B,1,1
8HHQ,B,1,2
8HHQ,B,1,3
8HHQ,B,1,4
8HHQ,B,1,5
8HHQ,B,1,40
8HHQ,B,1,41
8HHQ,B,1,63
8HHQ,B,1,64
8HHQ,B,1,65
8HHQ,B,1,66
8HHQ,B,1,67
8HHQ,B,1,68
8HHQ,B,1,69
8HHQ,B,1,70
8HHQ,B,1,71
8HHQ,B,1,72
8HHQ,B,1,73
8HHQ,B,1,259
8HHQ,B,1,260
8HHQ,B,1,261
8HHQ,B,1,262
8HHQ,B,1,263
8HHQ,B,1,264
8HHQ,B,1,274
8HHQ,B,1,275
8HHQ,B,1,276
8HUK,A,1,1
8HUK,A,1,2
8HUK,A,1,3
8HUK,A,1,4
8HUK,A,1,61
8HUK,A,1,62
8HUK,A,1,63
8HUK,A,1,64
8HUK,A,1,65
8HUK,A,1,66
8HUK,A,1,67
8HUK,A,1,68
8HUK,A,1,69
8HUK,A,1,70
8HUK,B,1,1
8HUK,B,1,2
8HUK,B,1,3
8HUK,B,1,4
8HUK,B,1,15
8HUK,C,1,1
8HUK,C,1,2
8HUK,C,1,3
8HUK,C,1,4
8HUK,C,1,60
8HUK,C,1,61
8HUK,C,1,62
8HUK,C,1,63
8HUK,C,1,64
8HUK,C,1,65
8HUK,C,1,66
8HUK,C,1,67
8HUK,C,1,68
8HUK,C,1,69
8HUL,A,1,1
8HUL,A,1,2
8HUL,A,1,3
8HUL,A,1,4
8HUL,A,1,5
8HUL,A,1,6
8HUL,A,1,7
8HUL,A,1,8
8HUL,A,1,40
8HUL,A,1,41
8HUL,A,1,42
8HUL,A,1,43
8HUL,A,1,64
8HUL,A,1,65
8HUL,A,1,66
8HUL,A,1,67
8HUL,A,1,68
8HUL,A,1,69
8HUL,A,1,276
8HUL,B,1,1
8HUL,B,1,2
8HUL,B,1,3
8HUL,B,1,4
8HUL,B,1,5
8HUL,B,1,6
8HUL,B,1,7
8HUL,B,1,39
8HUL,B,1,40
8HUL,B,1,41
8HUL,B,1,42
8HUL,B,1,43
8HUL,B,1,64
8HUL,B,1,65
8HUL,B,1,66
8HUL,B,1,67
8HUL,B,1,68
8HUL,B,1,69
8HUL,B,1,276
8HUM,A,1,1
8HUM,A,1,2
8HUM,B,1,1
8HUM,B,1,2
8HUM,B,1,3
8HUM,B,1,14
8HUM,B,1,15
8HUN,A,1,1
8HUN,A,1,2
8HUN,A,1,3
8HUN,A,1,4
8HUN,A,1,37
8HUN,A,1,38
8HUN,A,1,39
8HUN,A,1,40
8HUN,A,1,41
8HUN,A,1,66
8HUN,A,1,67
8HUN,A,1,68
8HUN,A,1,69
8HUO,A,1,1
8HUO,A,1,2
8HUO,A,1,3
8HUO,A,1,4
8HUO,A,1,5
8HUO,A,1,6
8HUO,A,1,7
8HUO,A,1,8
8HUO,A,1,41
8HUO,A,1,42
8HUO,A,1,43
8HUO,A,1,64
8HUO,A,1,65
8HUO,A,1,66
8HUO,A,1,67
8HUO,A,1,68
8HUO,A,1,69
8HUO,A,1,275
8HUO,A,1,276
8HUO,B,1,1
8HUO,B,1,2
8HUO,B,1,3
8HUO,B,1,4
8HUO,B,1,5
8HUO,B,1,39
8HUO,B,1,40
8HUO,B,1,41
8HUO,B,1,42
8HUO,B,1,43
8HUO,B,1,64
8HUO,B,1,65
8HUO,B,1,66
8HUO,B,1,67
8HUO,B,1,68
8HUO,B,1,69
8HUO,B,1,275
8HUO,B,1,276
8HUP,A,1,1
8HUP,A,1,2
8HUP,A,1,3
8HUP,B,1,1
8HUP,B,1,15
8HUQ,A,1,1
8HUQ,A,1,2
8HUQ,A,1,3
8HUQ,A,1,4
8HUQ,A,1,5
8HUQ,A,1,6
8HUQ,A,1,37
8HUQ,A,1,38
8HUQ,A,1,39
8HUQ,A,1,40
8HUQ,A,1,41
8HUQ,A,1,65
8HUQ,A,1,66
8HUQ,A,1,67
8HUQ,A,1,68
8HUQ,A,1,69
8HUQ,B,1,1
8HUQ,B,1,2
8HUQ,B,1,3
8HUQ,B,1,4
8HUQ,B,1,14
8HUQ,B,1,15
8IQN,A,1,47
8IQN,A,1,48
8IQN,A,1,49
8IQN,A,1,50
8IQN,A,1,51
8IQN,A,1,52
8IQN,A,1,53
8IQN,A,1,54
8IQN,A,1,55
8IQN,A,1,56
8IQN,A,1,57
8IQN,A,1,58
8IQN,A,1,59
8IQN,A,1,60
8IQN,A,1,61
8IQN,A,1,62
8IQN,A,1,63
8IQN,A,1,64
8IQN,A,1,65
8IQN,A,1,66
8IQN,A,1,67
8IQN,A,1,68
8IQN,A,1,69
8IQN,A,1,70
8IQN,A,1,71
8IQN,A,1,72
8IQN,A,1,73
8IQN,A,1,74
8IQN,A,1,75
8IQN,A,1,76
8IQN,A,1,77
8IQN,A,1,78
8IQN,A,1,79
8IQN,A,1,80
8IQN,A,1,81
8IQN,A,1,82
8IQN,A,1,83
8IQN,A,1,84
8IQN,A,1,85
8IQN,A,1,86
8IQN,A,1,87
8IQN,A,1,88
8IQN,A,1,89
8IQN,A,1,90
8IQN,A,1,91
8IQN,A,1,92
8IQN,A,1,93
8IQN,A,1,94
8IQN,A,1,95
8IQN,A,1,96
8IQN,A,1,97
8IQN,A,1,98
8IQT,A,1,47
8IQT,A,1,48
8IQT,A,1,49
8IQT,A,1,50
8IQT,A,1,51
8IQT,A,1,52
8IQT,A,1,53
8IQT,A,1,54
8IQT,A,1,55
8IQT,A,1,56
8IQT,A,1,57
8IQT,A,1,58
8IQT,A,1,59
8IQT,A,1,60
8IQT,A,1,61
8IQT,A,1,62
8IQT,A,1,63
8IQT,A,1,64
8IQT,A,1,65
8IQT,A,1,66
8IQT,A,1,67
8IQT,A,1,68
8IQT,A,1,69
8IQT,A,1,70
8IQT,A,1,71
8IQT,A,1,72
8IQT,A,1,73
8IQT,A,1,74
8IQT,A,1,75
8IQT,A,1,76
8IQT,A,1,77
8IQT,A,1,78
8IQT,A,1,79
8IQT,A,1,80
8IQT,A,1,81
8IQT,A,1,82
8IQT,A,1,83
8IQT,A,1,84
8IQT,A,1,85
8IQT,A,1,86
8IQT,A,1,87
8IQT,A,1,88
8IQT,A,1,89
8IQT,A,1,90
8IQT,A,1,91
8IQT,A,1,92
8IQT,A,1,93
8IQT,A,1,94
8IQT,A,1,95
8IQT,A,1,96
8IQT,A,1,97
8IQT,A,1,98
8PBO,A,1,63
8PBO,A,1,64
8PBO,A,1,65
8PBO,A,1,66
8PBO,A,1,67
8PBO,A,1,68
8PBO,A,1,69
8PBO,A,1,70
8PBO,A,1,71
8PBO,A,1,72
8PBO,B,1,1
8PBO,B,1,2
8PBO,B,1,3
8PBO,B,1,4
8PBO,B,1,41
8PBO,B,1,67
8PBO,B,1,68
8PBO,B,1,69
8PBO,B,1,70
8PBO,B,1,71
8PBO,B,1,72
8PBO,B,1,73
8PP0,A,1,1
8PP0,A,1,2
8PP0,A,1,3
8PP0,A,1,4
8PP0,A,1,5
8PP0,A,1,6
8PP0,A,1,7
8PP0,A,1,25
8PP0,A,1,26
8PP0,A,1,27
8PP0,A,1,28
8PP0,A,1,29
8PP0,A,1,30
8PP0,A,1,31
8PP0,A,1,32
8PP0,A,1,33
8PP0,A,1,34
8PP0,A,1,35
8PP0,A,1,36
8PP0,A,1,37
8PP0,A,1,38
8PP0,A,1,39
8PP0,A,1,40
8PP0,A,1,41
8PP0,A,1,239
8PP0,A,1,240
8PP0,A,1,241
8PP0,A,1,242
8PP0,B,1,14
8R00,A,1,1
8R00,A,1,2
8R00,A,1,3
8R00,A,1,4
8R00,A,1,5
8R00,A,1,6
8R00,A,1,7
8R00,A,1,8
8R00,A,1,9
8R00,A,1,10
8R00,A,1,11
8R00,A,1,12
8R00,A,1,13
8R00,A,1,14
8R00,A,1,15
8R00,A,1,16
8R00,A,1,17
8R00,A,1,18
8R00,A,1,19
8R00,A,1,20
8R00,A,1,21
8R00,A,1,22
8R00,A,1,23
8R00,A,1,60
8R00,A,1,61
8R00,A,1,62
8R00,A,1,63
8R00,A,1,64
8R00,A,1,65
8R00,A,1,66
8R00,A,1,67
8R00,A,1,68
8R00,A,1,69
8R00,A,1,70
8R00,A,1,71
8R00,A,1,72
8R00,A,1,73
8R00,A,1,74
8R00,A,1,75
8R00,A,1,76
8R00,A,1,77
8R00,A,1,193
8R00,A,1,194
8R00,A,1,195
8R00,A,1,318
8R00,A,1,319
8R00,A,1,320
8R81,A,1,1
8R81,A,1,2
8R81,A,1,3
8R81,A,1,4
8R81,A,1,5
8R81,A,1,6
8R81,A,1,7
8R81,A,1,8
8R81,A,1,9
8R81,A,1,10
8R81,A,1,11
8R81,A,1,12
8R81,A,1,13
8R81,A,1,14
8R81,A,1,15
8R81,A,1,16
8R81,A,1,17
8R81,A,1,18
8R81,A,1,19
8R81,A,1,20
8R81,A,1,21
8R81,A,1,22
8R81,A,1,60
8R81,A,1,61
8R81,A,1,62
8R81,A,1,63
8R81,A,1,64
8R81,A,1,65
8R81,A,1,66
8R81,A,1,67
8R81,A,1,68
8R81,A,1,69
8R81,A,1,70
8R81,A,1,71
8R81,A,1,72
8R81,A,1,73
8R81,A,1,74
8R81,A,1,75
8R81,A,1,76
8R81,A,1,193
8R81,A,1,194
8R81,A,1,195
8R81,A,1,196
8R81,A,1,317
8R81,A,1,318
8R81,A,1,319
8R81,A,1,320
8R82,A,1,1
8R82,A,1,2
8R82,A,1,3
8R82,A,1,4
8R82,A,1,5
8R82,A,1,6
8R82,A,1,7
8R82,A,1,8
8R82,A,1,9
8R82,A,1,10
8R82,A,1,11
8R82,A,1,12
8R82,A,1,13
8R82,A,1,14
8R82,A,1,15
8R82,A,1,16
8R82,A,1,17
8R82,A,1,18
8R82,A,1,19
8R82,A,1,20
8R82,A,1,21
8R82,A,1,60
8R82,A,1,61
8R82,A,1,62
8R82,A,1,63
8R82,A,1,64
8R82,A,1,65
8R82,A,1,66
8R82,A,1,67
8R82,A,1,68
8R82,A,1,69
8R82,A,1,70
8R82,A,1,71
8R82,A,1,72
8R82,A,1,73
8R82,A,1,74
8R82,A,1,75
8R82,A,1,76
8R82,A,1,194
8R82,A,1,318
8R82,A,1,319
8R82,A,1,320
8RCE,A,1,1
8RCE,A,1,2
8RCE,A,1,3
8RCE,A,1,4
8RCE,A,1,5
8RCE,A,1,6
8RCE,A,1,7
8RCE,A,1,8
8RCE,A,1,9
8RCE,A,1,10
8RCE,A,1,11
8RCE,A,1,12
8RCE,A,1,13
8RCE,A,1,14
8RCE,A,1,15
8RCE,A,1,16
8RCE,A,1,17
8RCE,A,1,18
8RCE,A,1,48
8RCE,A,1,49
8RCE,A,1,50
8RCE,A,1,51
8RCE,A,1,52
8RCE,A,1,53
8RCE,A,1,54
8RCE,A,1,77
8RCE,A,1,78
8RCE,A,1,79
8RCE,A,1,80
8RCE,A,1,81
8REJ,A,1,1
8REJ,A,1,2
8REJ,A,1,3
8REJ,A,1,4
8REJ,A,1,5
8REJ,A,1,6
8REJ,A,1,7
8REJ,A,1,8
8REJ,A,1,9
8REJ,A,1,10
8REJ,A,1,11
8REJ,A,1,12
8REJ,A,1,13
8REJ,A,1,14
8REJ,A,1,15
8REJ,A,1,16
8REJ,A,1,17
8REJ,A,1,18
8REJ,A,1,19
8REJ,A,1,20
8REJ,A,1,21
8REJ,A,1,22
8REJ,A,1,23
8REJ,A,1,24
8REJ,A,1,25
8REJ,A,1,26
8REJ,A,1,27
8REJ,A,1,28
8REJ,A,1,29
8REJ,A,1,30
8REJ,A,1,31
8REJ,A,1,66
8REJ,A,1,67
8REJ,A,1,68
8REJ,A,1,69
8REJ,A,1,70
8REJ,A,1,82
8REJ,A,1,83
8REJ,A,1,84
8REJ,A,1,85
8REJ,A,1,86
8REJ,A,1,87
8REJ,A,1,88
8REJ,A,1,89
8REJ,A,1,90
8REJ,A,1,91
8REJ,A,1,92
8REJ,A,1,93
8REJ,A,1,94
8REJ,A,1,95
8REJ,A,1,96
8REJ,A,1,97
8REJ,A,1,98
8REJ,A,1,99
8REJ,A,1,100
8REJ,A,1,101
8REJ,A,1,102
8REJ,A,1,103
8REJ,A,1,104
8REJ,A,1,105
8REJ,B,1,1
8REJ,B,1,2
8REJ,B,1,3
8REJ,B,1,4
8REJ,B,1,5
8REJ,B,1,6
8REJ,B,1,7
8REJ,B,1,8
8REJ,B,1,9
8REJ,B,1,10
8REJ,B,1,11
8REJ,B,1,12
8REJ,B,1,13
8REJ,B,1,14
8REJ,B,1,15
8REJ,B,1,16
8REJ,B,1,17
8REJ,B,1,18
8REJ,B,1,19
8REJ,B,1,20
8REJ,B,1,21
8REJ,B,1,22
8REJ,B,1,23
8REJ,B,1,24
8REJ,B,1,25
8REJ,B,1,26
8REJ,B,1,27
8REJ,B,1,28
8REJ,B,1,29
8REJ,B,1,30
8REJ,B,1,31
8REJ,B,1,32
8REJ,B,1,33
8REJ,B,1,34
8REJ,B,1,35
8REJ,B,1,65
8REJ,B,1,66
8REJ,B,1,67
8REJ,B,1,68
8REJ,B,1,69
8REJ,B,1,70
8REJ,B,1,71
8REJ,B,1,82
8REJ,B,1,83
8REJ,B,1,84
8REJ,B,1,85
8REJ,B,1,86
8REJ,B,1,87
8REJ,B,1,88
8REJ,B,1,89
8REJ,B,1,90
8REJ,B,1,91
8REJ,B,1,92
8REJ,B,1,93
8REJ,B,1,94
8REJ,B,1,95
8REJ,B,1,96
8REJ,B,1,97
8REJ,B,1,98
8REJ,B,1,99
8REJ,B,1,100
8REJ,B,1,101
8REJ,B,1,102
8REJ,B,1,103
8REJ,B,1,104
8REJ,B,1,281
8REJ,B,1,282
8REJ,B,1,283
8REJ,B,1,284
8REJ,B,1,285
8REJ,B,1,286
8REJ,B,1,287
8REJ,B,1,288
8REJ,B,1,289
8REJ,B,1,290
8REJ,B,1,291
8REJ,B,1,292
8RQN,A,1,1
8RQN,A,1,2
8RQN,A,1,3
8RQN,A,1,4
8RQN,A,1,5
8RQN,A,1,6
8RQN,A,1,7
8RQN,A,1,8
8RQN,A,1,9
8RQN,A,1,10
8RQN,A,1,11
8RQN,A,1,12
8RQN,A,1,13
8RQN,A,1,14
8RQN,A,1,15
8RQN,A,1,16
8RQN,A,1,17
8RQN,A,1,18
8RQN,A,1,19
8RQN,A,1,20
8RQN,A,1,55
8RQN,A,1,56
8RQN,A,1,57
8RQN,A,1,73
8RQN,A,1,74
8RQN,A,1,75
8RQN,A,1,76
8RQN,A,1,77
8RQN,A,1,78
8RQN,A,1,79
8RQN,A,1,80
8RQN,A,1,81
8RQN,A,1,82
8RQN,A,1,83
8RQO,A,1,1
8RQO,A,1,2
8RQO,A,1,3
8RQO,A,1,4
8RQO,A,1,5
8RQO,A,1,6
8RQO,A,1,7
8RQO,A,1,8
8RQO,A,1,9
8RQO,A,1,10
8RQO,A,1,11
8RQO,A,1,12
8RQO,A,1,13
8RQO,A,1,14
8RQO,A,1,15
8RQO,A,1,16
8RQO,A,1,17
8RQO,A,1,18
8RQO,A,1,74
8RQO,A,1,75
8RQO,A,1,76
8RQO,A,1,77
8RQO,A,1,78
8RQO,A,1,79
8RQO,A,1,282
8RQO,A,1,283
8RQO,A,1,284
8SC9,A,1,1
8SC9,A,1,2
8SC9,A,1,3
8SC9,A,1,4
8SC9,A,1,64
8SC9,A,1,65
8SC9,A,1,66
8SC9,A,1,67
8SC9,A,1,68
8SC9,A,1,69
8SC9,A,1,70
8SC9,A,1,71
8SC9,A,1,72
8SC9,A,1,73
8SC9,A,1,74
8SC9,A,1,75
8SC9,A,1,278
8SC9,B,1,1
8SC9,B,1,2
8SC9,B,1,3
8SC9,B,1,4
8SC9,B,1,5
8SC9,B,1,6
8SC9,B,1,7
8SC9,B,1,71
8SC9,B,1,72
8SC9,B,1,73
8SC9,B,1,74
8SC9,B,1,75
8SC9,B,1,264
8SC9,B,1,265
8SC9,B,1,266
8SC9,B,1,278
8SVN,A,1,1
8SVN,A,1,2
8SVN,A,1,3
8SVN,A,1,4
8SVN,A,1,5
8SVN,A,1,6
8SVN,A,1,7
8SVN,A,1,8
8SVN,A,1,9
8SVN,A,1,10
8SVN,A,1,11
8SVN,A,1,12
8SVN,A,1,13
8SVN,A,1,14
8SVN,A,1,15
8SVN,A,1,16
8SVN,A,1,17
8SVN,A,1,18
8SVN,A,1,19
8SVN,A,1,57
8SVN,A,1,58
8SVN,A,1,59
8SVN,A,1,60
8SVN,A,1,61
8SVN,A,1,62
8SVN,A,1,63
8SVN,A,1,64
8SVN,A,1,65
8SVN,A,1,66
8SVN,A,1,67
8SVN,A,1,68
8SVN,A,1,69
8SVN,A,1,188
8SVN,A,1,189
8SVN,A,1,190
8SVN,A,1,191
8SVN,A,1,192
8SVN,A,1,193
8SVN,A,1,311
8SVN,A,1,312
8SVN,A,1,313
8SVN,A,1,314
8SVN,A,1,315
8SVN,A,1,316
8SVN,A,1,317
8SVN,A,1,318
8SVN,A,1,319
8SVN,A,1,320
8SVN,A,1,321
8SVN,A,1,322
8SVN,A,1,338
8SVN,A,1,339
8SVN,A,1,340
8SVN,A,1,341
8SVN,A,1,342
8SVN,A,1,343
8SVN,A,1,344
8SVN,A,1,345
8SVN,A,1,346
8SVN,A,1,347
8SVN,A,1,348
8SVN,A,1,349
8SVN,A,1,350
8SVN,A,1,351
8SVN,B,1,1
8SVN,B,1,2
8SVN,B,1,3
8SVN,B,1,4
8SVN,B,1,5
8SVN,B,1,6
8SVN,B,1,7
8SVN,B,1,8
8SVN,B,1,9
8SVN,B,1,10
8SVN,B,1,11
8SVN,B,1,12
8SVN,B,1,13
8SVN,B,1,14
8SVN,B,1,15
8SVN,B,1,16
8SVN,B,1,17
8SVN,B,1,18
8SVN,B,1,19
8SVN,B,1,58
8SVN,B,1,59
8SVN,B,1,60
8SVN,B,1,61
8SVN,B,1,62
8SVN,B,1,63
8SVN,B,1,64
8SVN,B,1,65
8SVN,B,1,66
8SVN,B,1,67
8SVN,B,1,68
8SVN,B,1,69
8SVN,B,1,70
8SVN,B,1,71
8SVN,B,1,72
8SVN,B,1,189
8SVN,B,1,190
8SVN,B,1,191
8SVN,B,1,310
8SVN,B,1,311
8SVN,B,1,312
8SVN,B,1,313
8SVN,B,1,314
8SVN,B,1,315
8SVN,B,1,316
8SVN,B,1,317
8SVN,B,1,318
8SVN,B,1,319
8SVN,B,1,320
8SVN,B,1,321
8SVN,B,1,322
8SVN,B,1,340
8SVN,B,1,341
8SVN,B,1,342
8SVN,B,1,343
8SVN,B,1,344
8SVN,B,1,345
8SVN,B,1,346
8SVN,B,1,347
8SVN,B,1,348
8SVN,B,1,349
8SVN,B,1,350
8SVN,B,1,351
8SVO,A,1,1
8SVO,A,1,2
8SVO,A,1,3
8SVO,A,1,4
8SVO,A,1,5
8SVO,A,1,6
8SVO,A,1,7
8SVO,A,1,8
8SVO,A,1,9
8SVO,A,1,10
8SVO,A,1,11
8SVO,A,1,12
8SVO,A,1,13
8SVO,A,1,14
8SVO,A,1,15
8SVO,A,1,16
8SVO,A,1,17
8SVO,A,1,18
8SVO,A,1,19
8SVO,A,1,57
8SVO,A,1,58
8SVO,A,1,59
8SVO,A,1,60
8SVO,A,1,61
8SVO,A,1,62
8SVO,A,1,63
8SVO,A,1,64
8SVO,A,1,65
8SVO,A,1,66
8SVO,A,1,67
8SVO,A,1,68
8SVO,A,1,69
8SVO,A,1,190
8SVO,A,1,191
8SVO,A,1,310
8SVO,A,1,311
8SVO,A,1,312
8SVO,A,1,313
8SVO,A,1,314
8SVO,A,1,315
8SVO,A,1,316
8SVO,A,1,317
8SVO,A,1,318
8SVO,A,1,319
8SVO,A,1,320
8SVO,A,1,321
8SVO,A,1,322
8SVO,A,1,338
8SVO,A,1,339
8SVO,A,1,340
8SVO,A,1,341
8SVO,A,1,342
8SVO,A,1,343
8SVO,A,1,344
8SVO,A,1,345
8SVO,A,1,346
8SVO,A,1,347
8SVO,A,1,348
8SVO,A,1,349
8SVO,A,1,350
8SVO,A,1,351
8SVO,B,1,1
8SVO,B,1,2
8SVO,B,1,3
8SVO,B,1,4
8SVO,B,1,5
8SVO,B,1,6
8SVO,B,1,7
8SVO,B,1,8
8SVO,B,1,9
8SVO,B,1,10
8SVO,B,1,11
8SVO,B,1,12
8SVO,B,1,13
8SVO,B,1,14
8SVO,B,1,15
8SVO,B,1,16
8SVO,B,1,17
8SVO,B,1,18
8SVO,B,1,19
8SVO,B,1,55
8SVO,B,1,56
8SVO,B,1,57
8SVO,B,1,58
8SVO,B,1,59
8SVO,B,1,60
8SVO,B,1,61
8SVO,B,1,62
8SVO,B,1,63
8SVO,B,1,64
8SVO,B,1,65
8SVO,B,1,66
8SVO,B,1,67
8SVO,B,1,68
8SVO,B,1,69
8SVO,B,1,70
8SVO,B,1,71
8SVO,B,1,72
8SVO,B,1,73
8SVO,B,1,74
8SVO,B,1,75
8SVO,B,1,76
8SVO,B,1,188
8SVO,B,1,189
8SVO,B,1,190
8SVO,B,1,191
8SVO,B,1,192
8SVO,B,1,193
8SVO,B,1,194
8SVO,B,1,310
8SVO,B,1,311
8SVO,B,1,312
8SVO,B,1,313
8SVO,B,1,314
8SVO,B,1,315
8SVO,B,1,316
8SVO,B,1,317
8SVO,B,1,318
8SVO,B,1,319
8SVO,B,1,320
8SVO,B,1,321
8SVO,B,1,322
8SVO,B,1,340
8SVO,B,1,341
8SVO,B,1,342
8SVO,B,1,343
8SVO,B,1,344
8SVO,B,1,345
8SVO,B,1,346
8SVO,B,1,347
8SVO,B,1,348
8SVO,B,1,349
8SVO,B,1,350
8SVO,B,1,351
8SVP,A,1,1
8SVP,A,1,2
8SVP,A,1,3
8SVP,A,1,4
8SVP,A,1,5
8SVP,A,1,6
8SVP,A,1,7
8SVP,A,1,8
8SVP,A,1,9
8SVP,A,1,10
8SVP,A,1,11
8SVP,A,1,12
8SVP,A,1,13
8SVP,A,1,14
8SVP,A,1,15
8SVP,A,1,16
8SVP,A,1,17
8SVP,A,1,18
8SVP,A,1,19
8SVP,A,1,55
8SVP,A,1,56
8SVP,A,1,57
8SVP,A,1,58
8SVP,A,1,59
8SVP,A,1,60
8SVP,A,1,61
8SVP,A,1,62
8SVP,A,1,63
8SVP,A,1,64
8SVP,A,1,65
8SVP,A,1,66
8SVP,A,1,67
8SVP,A,1,68
8SVP,A,1,69
8SVP,A,1,70
8SVP,A,1,71
8SVP,A,1,72
8SVP,A,1,73
8SVP,A,1,74
8SVP,A,1,75
8SVP,A,1,109
8SVP,A,1,110
8SVP,A,1,111
8SVP,A,1,189
8SVP,A,1,190
8SVP,A,1,191
8SVP,A,1,192
8SVP,A,1,193
8SVP,A,1,194
8SVP,A,1,195
8SVP,A,1,196
8SVP,A,1,310
8SVP,A,1,311
8SVP,A,1,312
8SVP,A,1,313
8SVP,A,1,314
8SVP,A,1,315
8SVP,A,1,316
8SVP,A,1,317
8SVP,A,1,318
8SVP,A,1,319
8SVP,A,1,320
8SVP,A,1,321
8SVP,A,1,322
8SVP,A,1,338
8SVP,A,1,339
8SVP,A,1,340
8SVP,A,1,341
8SVP,A,1,342
8SVP,A,1,343
8SVP,A,1,344
8SVP,A,1,345
8SVP,A,1,346
8SVP,A,1,347
8SVP,A,1,348
8SVP,A,1,349
8SVP,A,1,350
8SVP,A,1,351
8SVP,B,1,1
8SVP,B,1,2
8SVP,B,1,3
8SVP,B,1,4
8SVP,B,1,5
8SVP,B,1,6
8SVP,B,1,7
8SVP,B,1,8
8SVP,B,1,9
8SVP,B,1,10
8SVP,B,1,11
8SVP,B,1,12
8SVP,B,1,13
8SVP,B,1,14
8SVP,B,1,15
8SVP,B,1,16
8SVP,B,1,17
8SVP,B,1,18
8SVP,B,1,19
8SVP,B,1,56
8SVP,B,1,57
8SVP,B,1,58
8SVP,B,1,59
8SVP,B,1,60
8SVP,B,1,61
8SVP,B,1,62
8SVP,B,1,63
8SVP,B,1,64
8SVP,B,1,65
8SVP,B,1,66
8SVP,B,1,67
8SVP,B,1,68
8SVP,B,1,69
8SVP,B,1,70
8SVP,B,1,71
8SVP,B,1,72
8SVP,B,1,73
8SVP,B,1,74
8SVP,B,1,75
8SVP,B,1,76
8SVP,B,1,77
8SVP,B,1,78
8SVP,B,1,79
8SVP,B,1,80
8SVP,B,1,81
8SVP,B,1,82
8SVP,B,1,83
8SVP,B,1,110
8SVP,B,1,111
8SVP,B,1,112
8SVP,B,1,113
8SVP,B,1,188
8SVP,B,1,189
8SVP,B,1,190
8SVP,B,1,191
8SVP,B,1,192
8SVP,B,1,193
8SVP,B,1,194
8SVP,B,1,310
8SVP,B,1,311
8SVP,B,1,312
8SVP,B,1,313
8SVP,B,1,314
8SVP,B,1,315
8SVP,B,1,316
8SVP,B,1,317
8SVP,B,1,318
8SVP,B,1,319
8SVP,B,1,320
8SVP,B,1,321
8SVP,B,1,322
8SVP,B,1,340
8SVP,B,1,341
8SVP,B,1,342
8SVP,B,1,343
8SVP,B,1,344
8SVP,B,1,345
8SVP,B,1,346
8SVP,B,1,347
8SVP,B,1,348
8SVP,B,1,349
8SVP,B,1,350
8SVP,B,1,351
8SVQ,A,1,1
8SVQ,A,1,2
8SVQ,A,1,3
8SVQ,A,1,4
8SVQ,A,1,5
8SVQ,A,1,6
8SVQ,A,1,7
8SVQ,A,1,8
8SVQ,A,1,9
8SVQ,A,1,10
8SVQ,A,1,11
8SVQ,A,1,12
8SVQ,A,1,13
8SVQ,A,1,14
8SVQ,A,1,15
8SVQ,A,1,16
8SVQ,A,1,17
8SVQ,A,1,18
8SVQ,A,1,19
8SVQ,A,1,57
8SVQ,A,1,58
8SVQ,A,1,59
8SVQ,A,1,60
8SVQ,A,1,61
8SVQ,A,1,62
8SVQ,A,1,63
8SVQ,A,1,64
8SVQ,A,1,65
8SVQ,A,1,66
8SVQ,A,1,67
8SVQ,A,1,68
8SVQ,A,1,69
8SVQ,A,1,70
8SVQ,A,1,71
8SVQ,A,1,109
8SVQ,A,1,110
8SVQ,A,1,111
8SVQ,A,1,189
8SVQ,A,1,190
8SVQ,A,1,191
8SVQ,A,1,192
8SVQ,A,1,193
8SVQ,A,1,194
8SVQ,A,1,195
8SVQ,A,1,310
8SVQ,A,1,311
8SVQ,A,1,312
8SVQ,A,1,313
8SVQ,A,1,314
8SVQ,A,1,315
8SVQ,A,1,316
8SVQ,A,1,317
8SVQ,A,1,318
8SVQ,A,1,319
8SVQ,A,1,320
8SVQ,A,1,321
8SVQ,A,1,322
8SVQ,A,1,338
8SVQ,A,1,339
8SVQ,A,1,340
8SVQ,A,1,341
8SVQ,A,1,342
8SVQ,A,1,343
8SVQ,A,1,344
8SVQ,A,1,345
8SVQ,A,1,346
8SVQ,A,1,347
8SVQ,A,1,348
8SVQ,A,1,349
8SVQ,A,1,350
8SVQ,A,1,351
8SVQ,B,1,1
8SVQ,B,1,2
8SVQ,B,1,3
8SVQ,B,1,4
8SVQ,B,1,5
8SVQ,B,1,6
8SVQ,B,1,7
8SVQ,B,1,8
8SVQ,B,1,9
8SVQ,B,1,10
8SVQ,B,1,11
8SVQ,B,1,12
8SVQ,B,1,13
8SVQ,B,1,14
8SVQ,B,1,15
8SVQ,B,1,16
8SVQ,B,1,17
8SVQ,B,1,18
8SVQ,B,1,19
8SVQ,B,1,57
8SVQ,B,1,58
8SVQ,B,1,59
8SVQ,B,1,60
8SVQ,B,1,61
8SVQ,B,1,62
8SVQ,B,1,63
8SVQ,B,1,64
8SVQ,B,1,65
8SVQ,B,1,66
8SVQ,B,1,67
8SVQ,B,1,68
8SVQ,B,1,69
8SVQ,B,1,70
8SVQ,B,1,71
8SVQ,B,1,72
8SVQ,B,1,110
8SVQ,B,1,111
8SVQ,B,1,188
8SVQ,B,1,189
8SVQ,B,1,190
8SVQ,B,1,191
8SVQ,B,1,192
8SVQ,B,1,193
8SVQ,B,1,310
8SVQ,B,1,311
8SVQ,B,1,312
8SVQ,B,1,313
8SVQ,B,1,314
8SVQ,B,1,315
8SVQ,B,1,316
8SVQ,B,1,317
8SVQ,B,1,318
8SVQ,B,1,319
8SVQ,B,1,320
8SVQ,B,1,321
8SVQ,B,1,322
8SVQ,B,1,340
8SVQ,B,1,341
8SVQ,B,1,342
8SVQ,B,1,343
8SVQ,B,1,344
8SVQ,B,1,345
8SVQ,B,1,346
8SVQ,B,1,347
8SVQ,B,1,348
8SVQ,B,1,349
8SVQ,B,1,350
8SVQ,B,1,351
8SVR,A,1,1
8SVR,A,1,2
8SVR,A,1,3
8SVR,A,1,4
8SVR,A,1,5
8SVR,A,1,6
8SVR,A,1,7
8SVR,A,1,8
8SVR,A,1,9
8SVR,A,1,10
8SVR,A,1,11
8SVR,A,1,12
8SVR,A,1,13
8SVR,A,1,14
8SVR,A,1,15
8SVR,A,1,16
8SVR,A,1,17
8SVR,A,1,18
8SVR,A,1,19
8SVR,A,1,57
8SVR,A,1,58
8SVR,A,1,59
8SVR,A,1,60
8SVR,A,1,61
8SVR,A,1,62
8SVR,A,1,63
8SVR,A,1,64
8SVR,A,1,65
8SVR,A,1,66
8SVR,A,1,67
8SVR,A,1,68
8SVR,A,1,69
8SVR,A,1,70
8SVR,A,1,71
8SVR,A,1,72
8SVR,A,1,109
8SVR,A,1,110
8SVR,A,1,111
8SVR,A,1,189
8SVR,A,1,190
8SVR,A,1,191
8SVR,A,1,192
8SVR,A,1,193
8SVR,A,1,311
8SVR,A,1,312
8SVR,A,1,313
8SVR,A,1,314
8SVR,A,1,315
8SVR,A,1,316
8SVR,A,1,317
8SVR,A,1,318
8SVR,A,1,319
8SVR,A,1,320
8SVR,A,1,321
8SVR,A,1,322
8SVR,A,1,338
8SVR,A,1,339
8SVR,A,1,340
8SVR,A,1,341
8SVR,A,1,342
8SVR,A,1,343
8SVR,A,1,344
8SVR,A,1,345
8SVR,A,1,346
8SVR,A,1,347
8SVR,A,1,348
8SVR,A,1,349
8SVR,A,1,350
8SVR,A,1,351
8SVR,B,1,1
8SVR,B,1,2
8SVR,B,1,3
8SVR,B,1,4
8SVR,B,1,5
8SVR,B,1,6
8SVR,B,1,7
8SVR,B,1,8
8SVR,B,1,9
8SVR,B,1,10
8SVR,B,1,11
8SVR,B,1,12
8SVR,B,1,13
8SVR,B,1,14
8SVR,B,1,15
8SVR,B,1,16
8SVR,B,1,17
8SVR,B,1,18
8SVR,B,1,19
8SVR,B,1,56
8SVR,B,1,57
8SVR,B,1,58
8SVR,B,1,59
8SVR,B,1,60
8SVR,B,1,61
8SVR,B,1,62
8SVR,B,1,63
8SVR,B,1,64
8SVR,B,1,65
8SVR,B,1,66
8SVR,B,1,67
8SVR,B,1,68
8SVR,B,1,69
8SVR,B,1,70
8SVR,B,1,71
8SVR,B,1,72
8SVR,B,1,73
8SVR,B,1,74
8SVR,B,1,75
8SVR,B,1,76
8SVR,B,1,110
8SVR,B,1,111
8SVR,B,1,188
8SVR,B,1,189
8SVR,B,1,190
8SVR,B,1,191
8SVR,B,1,192
8SVR,B,1,193
8SVR,B,1,310
8SVR,B,1,311
8SVR,B,1,312
8SVR,B,1,313
8SVR,B,1,314
8SVR,B,1,315
8SVR,B,1,316
8SVR,B,1,317
8SVR,B,1,318
8SVR,B,1,319
8SVR,B,1,320
8SVR,B,1,321
8SVR,B,1,322
8SVR,B,1,340
8SVR,B,1,341
8SVR,B,1,342
8SVR,B,1,343
8SVR,B,1,344
8SVR,B,1,345
8SVR,B,1,346
8SVR,B,1,347
8SVR,B,1,348
8SVR,B,1,349
8SVR,B,1,350
8SVR,B,1,351
8SVS,A,1,1
8SVS,A,1,2
8SVS,A,1,3
8SVS,A,1,4
8SVS,A,1,5
8SVS,A,1,6
8SVS,A,1,7
8SVS,A,1,8
8SVS,A,1,9
8SVS,A,1,10
8SVS,A,1,11
8SVS,A,1,12
8SVS,A,1,13
8SVS,A,1,14
8SVS,A,1,15
8SVS,A,1,16
8SVS,A,1,17
8SVS,A,1,18
8SVS,A,1,19
8SVS,A,1,57
8SVS,A,1,58
8SVS,A,1,59
8SVS,A,1,60
8SVS,A,1,61
8SVS,A,1,62
8SVS,A,1,63
8SVS,A,1,64
8SVS,A,1,65
8SVS,A,1,66
8SVS,A,1,67
8SVS,A,1,68
8SVS,A,1,69
8SVS,A,1,70
8SVS,A,1,71
8SVS,A,1,72
8SVS,A,1,73
8SVS,A,1,74
8SVS,A,1,75
8SVS,A,1,109
8SVS,A,1,110
8SVS,A,1,111
8SVS,A,1,188
8SVS,A,1,189
8SVS,A,1,190
8SVS,A,1,191
8SVS,A,1,192
8SVS,A,1,193
8SVS,A,1,311
8SVS,A,1,312
8SVS,A,1,313
8SVS,A,1,314
8SVS,A,1,315
8SVS,A,1,316
8SVS,A,1,317
8SVS,A,1,318
8SVS,A,1,319
8SVS,A,1,320
8SVS,A,1,321
8SVS,A,1,322
8SVS,A,1,338
8SVS,A,1,339
8SVS,A,1,340
8SVS,A,1,341
8SVS,A,1,342
8SVS,A,1,343
8SVS,A,1,344
8SVS,A,1,345
8SVS,A,1,346
8SVS,A,1,347
8SVS,A,1,348
8SVS,A,1,349
8SVS,A,1,350
8SVS,A,1,351
8SVS,B,1,1
8SVS,B,1,2
8SVS,B,1,3
8SVS,B,1,4
8SVS,B,1,5
8SVS,B,1,6
8SVS,B,1,7
8SVS,B,1,8
8SVS,B,1,9
8SVS,B,1,10
8SVS,B,1,11
8SVS,B,1,12
8SVS,B,1,13
8SVS,B,1,14
8SVS,B,1,15
8SVS,B,1,16
8SVS,B,1,17
8SVS,B,1,18
8SVS,B,1,19
8SVS,B,1,55
8SVS,B,1,56
8SVS,B,1,57
8SVS,B,1,58
8SVS,B,1,59
8SVS,B,1,60
8SVS,B,1,61
8SVS,B,1,62
8SVS,B,1,63
8SVS,B,1,64
8SVS,B,1,65
8SVS,B,1,66
8SVS,B,1,67
8SVS,B,1,68
8SVS,B,1,69
8SVS,B,1,70
8SVS,B,1,71
8SVS,B,1,72
8SVS,B,1,73
8SVS,B,1,74
8SVS,B,1,188
8SVS,B,1,189
8SVS,B,1,190
8SVS,B,1,191
8SVS,B,1,192
8SVS,B,1,193
8SVS,B,1,309
8SVS,B,1,310
8SVS,B,1,311
8SVS,B,1,312
8SVS,B,1,313
8SVS,B,1,314
8SVS,B,1,315
8SVS,B,1,316
8SVS,B,1,317
8SVS,B,1,318
8SVS,B,1,319
8SVS,B,1,320
8SVS,B,1,321
8SVS,B,1,322
8SVS,B,1,340
8SVS,B,1,341
8SVS,B,1,342
8SVS,B,1,343
8SVS,B,1,344
8SVS,B,1,345
8SVS,B,1,346
8SVS,B,1,347
8SVS,B,1,348
8SVS,B,1,349
8SVS,B,1,350
8SVS,B,1,351
8SVT,A,1,1
8SVT,A,1,2
8SVT,A,1,3
8SVT,A,1,4
8SVT,A,1,5
8SVT,A,1,6
8SVT,A,1,7
8SVT,A,1,8
8SVT,A,1,9
8SVT,A,1,10
8SVT,A,1,11
8SVT,A,1,12
8SVT,A,1,13
8SVT,A,1,14
8SVT,A,1,15
8SVT,A,1,16
8SVT,A,1,17
8SVT,A,1,18
8SVT,A,1,19
8SVT,A,1,57
8SVT,A,1,58
8SVT,A,1,59
8SVT,A,1,60
8SVT,A,1,61
8SVT,A,1,62
8SVT,A,1,63
8SVT,A,1,64
8SVT,A,1,65
8SVT,A,1,66
8SVT,A,1,67
8SVT,A,1,68
8SVT,A,1,69
8SVT,A,1,70
8SVT,A,1,109
8SVT,A,1,110
8SVT,A,1,310
8SVT,A,1,311
8SVT,A,1,312
8SVT,A,1,313
8SVT,A,1,314
8SVT,A,1,315
8SVT,A,1,316
8SVT,A,1,317
8SVT,A,1,318
8SVT,A,1,319
8SVT,A,1,320
8SVT,A,1,321
8SVT,A,1,322
8SVT,A,1,323
8SVT,A,1,324
8SVT,A,1,325
8SVT,A,1,338
8SVT,A,1,339
8SVT,A,1,340
8SVT,A,1,341
8SVT,A,1,342
8SVT,A,1,343
8SVT,A,1,344
8SVT,A,1,345
8SVT,A,1,346
8SVT,A,1,347
8SVT,A,1,348
8SVT,A,1,349
8SVT,A,1,350
8SVT,A,1,351
8SVT,B,1,1
8SVT,B,1,2
8SVT,B,1,3
8SVT,B,1,4
8SVT,B,1,5
8SVT,B,1,6
8SVT,B,1,7
8SVT,B,1,8
8SVT,B,1,9
8SVT,B,1,10
8SVT,B,1,11
8SVT,B,1,12
8SVT,B,1,13
8SVT,B,1,14
8SVT,B,1,15
8SVT,B,1,16
8SVT,B,1,17
8SVT,B,1,18
8SVT,B,1,19
8SVT,B,1,56
8SVT,B,1,57
8SVT,B,1,58
8SVT,B,1,59
8SVT,B,1,60
8SVT,B,1,61
8SVT,B,1,62
8SVT,B,1,63
8SVT,B,1,64
8SVT,B,1,65
8SVT,B,1,66
8SVT,B,1,67
8SVT,B,1,68
8SVT,B,1,69
8SVT,B,1,109
8SVT,B,1,110
8SVT,B,1,189
8SVT,B,1,190
8SVT,B,1,191
8SVT,B,1,192
8SVT,B,1,310
8SVT,B,1,311
8SVT,B,1,312
8SVT,B,1,313
8SVT,B,1,314
8SVT,B,1,315
8SVT,B,1,316
8SVT,B,1,317
8SVT,B,1,318
8SVT,B,1,319
8SVT,B,1,320
8SVT,B,1,321
8SVT,B,1,322
8SVT,B,1,338
8SVT,B,1,339
8SVT,B,1,340
8SVT,B,1,341
8SVT,B,1,342
8SVT,B,1,343
8SVT,B,1,344
8SVT,B,1,345
8SVT,B,1,346
8SVT,B,1,347
8SVT,B,1,348
8SVT,B,1,349
8SVT,B,1,350
8SVT,B,1,351
8SVU,A,1,1
8SVU,A,1,2
8SVU,A,1,3
8SVU,A,1,4
8SVU,A,1,5
8SVU,A,1,6
8SVU,A,1,7
8SVU,A,1,8
8SVU,A,1,9
8SVU,A,1,10
8SVU,A,1,11
8SVU,A,1,12
8SVU,A,1,13
8SVU,A,1,14
8SVU,A,1,15
8SVU,A,1,16
8SVU,A,1,17
8SVU,A,1,18
8SVU,A,1,19
8SVU,A,1,57
8SVU,A,1,58
8SVU,A,1,59
8SVU,A,1,60
8SVU,A,1,61
8SVU,A,1,62
8SVU,A,1,63
8SVU,A,1,64
8SVU,A,1,65
8SVU,A,1,66
8SVU,A,1,67
8SVU,A,1,68
8SVU,A,1,69
8SVU,A,1,70
8SVU,A,1,71
8SVU,A,1,72
8SVU,A,1,109
8SVU,A,1,110
8SVU,A,1,189
8SVU,A,1,190
8SVU,A,1,191
8SVU,A,1,192
8SVU,A,1,193
8SVU,A,1,311
8SVU,A,1,312
8SVU,A,1,313
8SVU,A,1,314
8SVU,A,1,315
8SVU,A,1,316
8SVU,A,1,317
8SVU,A,1,318
8SVU,A,1,319
8SVU,A,1,320
8SVU,A,1,321
8SVU,A,1,322
8SVU,A,1,338
8SVU,A,1,339
8SVU,A,1,340
8SVU,A,1,341
8SVU,A,1,342
8SVU,A,1,343
8SVU,A,1,344
8SVU,A,1,345
8SVU,A,1,346
8SVU,A,1,347
8SVU,A,1,348
8SVU,A,1,349
8SVU,A,1,350
8SVU,A,1,351
8SVU,B,1,1
8SVU,B,1,2
8SVU,B,1,3
8SVU,B,1,4
8SVU,B,1,5
8SVU,B,1,6
8SVU,B,1,7
8SVU,B,1,8
8SVU,B,1,9
8SVU,B,1,10
8SVU,B,1,11
8SVU,B,1,12
8SVU,B,1,13
8SVU,B,1,14
8SVU,B,1,15
8SVU,B,1,16
8SVU,B,1,17
8SVU,B,1,18
8SVU,B,1,19
8SVU,B,1,55
8SVU,B,1,56
8SVU,B,1,57
8SVU,B,1,58
8SVU,B,1,59
8SVU,B,1,60
8SVU,B,1,61
8SVU,B,1,62
8SVU,B,1,63
8SVU,B,1,64
8SVU,B,1,65
8SVU,B,1,66
8SVU,B,1,67
8SVU,B,1,68
8SVU,B,1,69
8SVU,B,1,70
8SVU,B,1,71
8SVU,B,1,72
8SVU,B,1,73
8SVU,B,1,74
8SVU,B,1,75
8SVU,B,1,76
8SVU,B,1,189
8SVU,B,1,190
8SVU,B,1,191
8SVU,B,1,192
8SVU,B,1,193
8SVU,B,1,194
8SVU,B,1,310
8SVU,B,1,311
8SVU,B,1,312
8SVU,B,1,313
8SVU,B,1,314
8SVU,B,1,315
8SVU,B,1,316
8SVU,B,1,317
8SVU,B,1,318
8SVU,B,1,319
8SVU,B,1,320
8SVU,B,1,321
8SVU,B,1,322
8SVU,B,1,340
8SVU,B,1,341
8SVU,B,1,342
8SVU,B,1,343
8SVU,B,1,344
8SVU,B,1,345
8SVU,B,1,346
8SVU,B,1,347
8SVU,B,1,348
8SVU,B,1,349
8SVU,B,1,350
8SVU,B,1,351
8SVX,A,1,1
8SVX,A,1,2
8SVX,A,1,3
8SVX,A,1,4
8SVX,A,1,5
8SVX,A,1,6
8SVX,A,1,7
8SVX,A,1,8
8SVX,A,1,9
8SVX,A,1,10
8SVX,A,1,11
8SVX,A,1,12
8SVX,A,1,13
8SVX,A,1,14
8SVX,A,1,15
8SVX,A,1,16
8SVX,A,1,17
8SVX,A,1,18
8SVX,A,1,19
8SVX,A,1,56
8SVX,A,1,57
8SVX,A,1,58
8SVX,A,1,59
8SVX,A,1,60
8SVX,A,1,61
8SVX,A,1,62
8SVX,A,1,63
8SVX,A,1,64
8SVX,A,1,65
8SVX,A,1,66
8SVX,A,1,67
8SVX,A,1,68
8SVX,A,1,69
8SVX,A,1,70
8SVX,A,1,71
8SVX,A,1,72
8SVX,A,1,190
8SVX,A,1,191
8SVX,A,1,192
8SVX,A,1,311
8SVX,A,1,312
8SVX,A,1,313
8SVX,A,1,314
8SVX,A,1,315
8SVX,A,1,316
8SVX,A,1,317
8SVX,A,1,318
8SVX,A,1,319
8SVX,A,1,320
8SVX,A,1,321
8SVX,A,1,322
8SVX,A,1,338
8SVX,A,1,339
8SVX,A,1,340
8SVX,A,1,341
8SVX,A,1,342
8SVX,A,1,343
8SVX,A,1,344
8SVX,A,1,345
8SVX,A,1,346
8SVX,A,1,347
8SVX,A,1,348
8SVX,A,1,349
8SVX,A,1,350
8SVX,A,1,351
8SVX,B,1,1
8SVX,B,1,2
8SVX,B,1,3
8SVX,B,1,4
8SVX,B,1,5
8SVX,B,1,6
8SVX,B,1,7
8SVX,B,1,8
8SVX,B,1,9
8SVX,B,1,10
8SVX,B,1,11
8SVX,B,1,12
8SVX,B,1,13
8SVX,B,1,14
8SVX,B,1,15
8SVX,B,1,16
8SVX,B,1,17
8SVX,B,1,18
8SVX,B,1,19
8SVX,B,1,56
8SVX,B,1,57
8SVX,B,1,58
8SVX,B,1,59
8SVX,B,1,60
8SVX,B,1,61
8SVX,B,1,62
8SVX,B,1,63
8SVX,B,1,64
8SVX,B,1,65
8SVX,B,1,66
8SVX,B,1,67
8SVX,B,1,68
8SVX,B,1,69
8SVX,B,1,70
8SVX,B,1,71
8SVX,B,1,72
8SVX,B,1,73
8SVX,B,1,110
8SVX,B,1,310
8SVX,B,1,311
8SVX,B,1,312
8SVX,B,1,313
8SVX,B,1,314
8SVX,B,1,315
8SVX,B,1,316
8SVX,B,1,317
8SVX,B,1,318
8SVX,B,1,319
8SVX,B,1,320
8SVX,B,1,321
8SVX,B,1,322
8SVX,B,1,340
8SVX,B,1,341
8SVX,B,1,342
8SVX,B,1,343
8SVX,B,1,344
8SVX,B,1,345
8SVX,B,1,346
8SVX,B,1,347
8SVX,B,1,348
8SVX,B,1,349
8SVX,B,1,350
8SVX,B,1,351
8SZV,A,1,1
8SZV,A,1,2
8SZV,A,1,3
8SZV,A,1,4
8SZV,A,1,5
8SZV,A,1,6
8SZV,A,1,7
8SZV,A,1,8
8SZV,A,1,9
8SZV,A,1,10
8SZV,A,1,11
8SZV,A,1,12
8SZV,A,1,13
8SZV,A,1,14
8SZV,A,1,15
8SZV,A,1,16
8SZV,A,1,17
8SZV,A,1,18
8SZV,A,1,19
8SZV,A,1,20
8SZV,A,1,21
8SZV,A,1,22
8SZV,A,1,23
8SZV,A,1,60
8SZV,A,1,61
8SZV,A,1,62
8SZV,A,1,63
8SZV,A,1,64
8SZV,A,1,65
8SZV,A,1,66
8SZV,A,1,67
8SZV,A,1,68
8SZV,A,1,69
8SZV,A,1,70
8SZV,A,1,71
8SZV,A,1,72
8SZV,A,1,73
8SZV,A,1,74
8SZV,A,1,75
8SZV,A,1,76
8SZV,A,1,77
8SZV,A,1,78
8U57,A,1,1
8U57,A,1,2
8U57,A,1,3
8U57,A,1,4
8U57,A,1,5
8U57,A,1,6
8U57,A,1,7
8U57,A,1,8
8U57,A,1,9
8U57,A,1,10
8U57,A,1,11
8U57,A,1,12
8U57,A,1,13
8U57,A,1,14
8U57,A,1,15
8U57,A,1,16
8U57,A,1,17
8U57,A,1,18
8U57,A,1,19
8U57,A,1,54
8U57,A,1,55
8U57,A,1,56
8U57,A,1,57
8U57,A,1,76
8U57,A,1,77
8U57,A,1,78
8U57,A,1,79
8U57,A,1,80
8U57,A,1,81
8U57,A,1,82
8U57,A,1,83
8U57,A,1,84
8U57,A,1,85
8U57,A,1,86
8U57,A,1,87
8U57,A,1,88
8U57,A,1,270
8U57,A,1,271
8U57,A,1,272
8U57,A,1,273
8U57,A,1,274
8U57,A,1,275
8U57,A,1,276
8U57,A,1,277
8VKZ,A,1,1
8VKZ,A,1,2
8VKZ,A,1,3
8VKZ,A,1,109
8VKZ,A,1,110
8VKZ,A,1,111
8VKZ,A,1,178
8VKZ,A,1,179
8VKZ,A,1,180
8VKZ,A,1,181
8VKZ,A,1,182
8VKZ,A,1,183
8VKZ,B,1,1
8VKZ,B,1,2
8VKZ,B,1,107
8VKZ,B,1,108
8VKZ,B,1,109
8VKZ,B,1,110
8VKZ,B,1,111
8VKZ,B,1,179
8VKZ,B,1,180
8VKZ,B,1,181
8VKZ,B,1,182
8VKZ,B,1,183
8VKZ,B,1,184
8VKZ,B,1,252
8VKZ,C,1,1
8VKZ,C,1,2
8VKZ,C,1,12
8VKZ,C,1,13
8VKZ,C,1,14
8VKZ,D,1,1
8VKZ,D,1,12
8VKZ,D,1,13
8VKZ,D,1,14
8VV1,A,1,1
8VV1,A,1,2
8VV1,A,1,28
8VV1,A,1,29
8VV1,A,1,30
8VV1,A,1,31
8VV1,A,1,32
8VV1,A,1,157
8VV1,A,1,158
8VV1,A,1,224
8VV1,A,1,225
8VV1,A,1,226
8VV1,A,1,243
8VV1,A,1,244
8VV1,A,1,245
8VV1,A,1,246
8VV1,A,1,247
8VV1,A,1,248
8VV1,A,1,249
8VV1,B,1,1
8VV1,B,1,2
8VV1,B,1,27
8VV1,B,1,28
8VV1,B,1,29
8VV1,B,1,30
8VV1,B,1,31
8VV1,B,1,32
8VV1,B,1,33
8VV1,B,1,34
8VV1,B,1,35
8VV1,B,1,112
8VV1,B,1,113
8VV1,B,1,114
8VV1,B,1,155
8VV1,B,1,156
8VV1,B,1,157
8VV1,B,1,158
8VV1,B,1,159
8VV1,B,1,160
8VV1,B,1,161
8VV1,B,1,162
8VV1,B,1,163
8VV1,B,1,222
8VV1,B,1,223
8VV1,B,1,224
8VV1,B,1,225
8VV1,B,1,226
8VV1,B,1,227
8VV1,B,1,243
8VV1,B,1,244
8VV1,B,1,245
8VV1,B,1,246
8VV1,B,1,247
8VV1,B,1,248
8VV1,B,1,249
8VYT,A,1,158
8VYT,A,1,159
8VYT,A,1,160
8VYT,A,1,225
8VYT,A,1,226
8VYT,A,1,243
8VYT,B,1,1
8VYT,B,1,28
8VYT,B,1,29
8VYT,B,1,30
8VYT,B,1,31
8VYT,B,1,32
8VYT,B,1,33
8VYT,B,1,34
8VYT,B,1,35
8VYT,B,1,36
8VYT,B,1,112
8VYT,B,1,113
8VYT,B,1,114
8VYT,B,1,115
8VYT,B,1,116
8VYT,B,1,158
8VYT,B,1,159
8VYT,B,1,160
8VYT,B,1,161
8VYT,B,1,162
8VYT,B,1,163
8VYT,B,1,164
8VYT,B,1,243
8VYT,C,1,1
8VYT,C,1,158
8VYT,C,1,159
8VYT,C,1,160
8VYT,C,1,225
8VYT,C,1,226
8VYT,C,1,227
8VYT,C,1,243
8VYT,D,1,27
8VYT,D,1,28
8VYT,D,1,29
8VYT,D,1,30
8VYT,D,1,31
8VYT,D,1,32
8VYT,D,1,33
8VYT,D,1,34
8VYT,D,1,35
8VYT,D,1,36
8VYT,D,1,112
8VYT,D,1,113
8VYT,D,1,114
8VYT,D,1,115
8VYT,D,1,116
8VYT,D,1,223
8VYT,D,1,224
8VYT,D,1,242
8VYT,D,1,243
8VYX,A,1,1
8VYX,A,1,158
8VYX,A,1,159
8VYX,A,1,223
8VYX,A,1,224
8VYX,A,1,225
8VYX,A,1,226
8VYX,A,1,227
8VYX,A,1,228
8VYX,B,1,1
8VYX,B,1,28
8VYX,B,1,29
8VYX,B,1,30
8VYX,B,1,31
8VYX,B,1,32
8VYX,B,1,33
8VYX,B,1,34
8VYX,B,1,35
8VYX,B,1,36
8VYX,B,1,111
8VYX,B,1,112
8VYX,B,1,113
8VYX,B,1,114
8VYX,B,1,115
8VYX,B,1,116
8VYX,B,1,158
8VYX,B,1,159
8VYX,B,1,160
8VYX,B,1,161
8VYX,B,1,162
8VYX,C,1,1
8VYX,C,1,159
8VYX,C,1,222
8VYX,C,1,223
8VYX,C,1,224
8VYX,C,1,225
8VYX,C,1,226
8VYX,C,1,227
8VYX,D,1,31
8VYX,D,1,32
8VYX,D,1,33
8VYX,D,1,34
8VYX,D,1,35
8VYX,D,1,36
8VYX,D,1,111
8VYX,D,1,112
8VYX,D,1,113
8VYX,D,1,114
8VYX,D,1,115
8VYX,D,1,158
8VYX,D,1,159
8VYX,D,1,242
8VZ0,A,1,1
8VZ0,A,1,158
8VZ0,A,1,159
8VZ0,A,1,225
8VZ0,A,1,226
8VZ0,B,1,27
8VZ0,B,1,28
8VZ0,B,1,29
8VZ0,B,1,30
8VZ0,B,1,31
8VZ0,B,1,32
8VZ0,B,1,33
8VZ0,B,1,34
8VZ0,B,1,35
8VZ0,B,1,36
8VZ0,B,1,112
8VZ0,B,1,113
8VZ0,B,1,114
8VZ0,B,1,115
8VZ0,B,1,116
8VZ0,B,1,158
8VZ0,B,1,159
8VZ0,B,1,160
8VZ0,B,1,161
8VZ0,B,1,162
8VZ0,B,1,241
8VZ0,B,1,242
8VZ0,C,1,1
8VZ0,C,1,158
8VZ0,C,1,159
8VZ0,C,1,160
8VZ0,C,1,224
8VZ0,C,1,225
8VZ0,C,1,226
8VZ0,C,1,227
8VZ0,C,1,228
8VZ0,D,1,27
8VZ0,D,1,28
8VZ0,D,1,29
8VZ0,D,1,30
8VZ0,D,1,31
8VZ0,D,1,32
8VZ0,D,1,33
8VZ0,D,1,34
8VZ0,D,1,112
8VZ0,D,1,113
8VZ0,D,1,114
8VZ0,D,1,115
8VZ0,D,1,116
8VZ0,D,1,223
8VZ0,D,1,224
8VZ0,D,1,225
8VZ0,D,1,226
8VZ0,D,1,227
8VZ0,D,1,242
8VZ1,A,1,159
8VZ1,A,1,160
8VZ1,A,1,225
8VZ1,A,1,226
8VZ1,B,1,28
8VZ1,B,1,29
8VZ1,B,1,30
8VZ1,B,1,31
8VZ1,B,1,32
8VZ1,B,1,33
8VZ1,B,1,34
8VZ1,B,1,35
8VZ1,B,1,36
8VZ1,B,1,113
8VZ1,B,1,114
8VZ1,B,1,115
8VZ1,B,1,116
8VZ1,B,1,158
8VZ1,B,1,159
8VZ1,B,1,225
8VZ1,B,1,226
8VZ1,B,1,227
8VZ1,B,1,243
8VZ1,C,1,1
8VZ1,C,1,158
8VZ1,C,1,159
8VZ1,C,1,160
8VZ1,C,1,223
8VZ1,C,1,224
8VZ1,C,1,225
8VZ1,C,1,226
8VZ1,C,1,227
8VZ1,C,1,243
8VZ1,D,1,28
8VZ1,D,1,29
8VZ1,D,1,30
8VZ1,D,1,31
8VZ1,D,1,32
8VZ1,D,1,33
8VZ1,D,1,34
8VZ1,D,1,35
8VZ1,D,1,36
8VZ1,D,1,112
8VZ1,D,1,113
8VZ1,D,1,114
8VZ1,D,1,115
8VZ1,D,1,158
8VZ1,D,1,159
8VZ1,D,1,160
8VZ1,D,1,161
8VZ1,D,1,162
8VZ1,D,1,243
8VZP,A,1,1
8VZP,A,1,158
8VZP,A,1,159
8VZP,A,1,160
8VZP,A,1,224
8VZP,A,1,225
8VZP,A,1,226
8VZP,A,1,227
8VZP,B,1,28
8VZP,B,1,29
8VZP,B,1,30
8VZP,B,1,31
8VZP,B,1,32
8VZP,B,1,33
8VZP,B,1,34
8VZP,B,1,35
8VZP,B,1,114
8VZP,B,1,115
8VZP,B,1,223
8VZP,B,1,224
8VZP,B,1,225
8VZP,B,1,226
8VZP,B,1,227
8VZP,C,1,1
8VZP,C,1,158
8VZP,C,1,159
8VZP,C,1,224
8VZP,C,1,225
8VZP,C,1,226
8VZP,C,1,227
8VZP,D,1,27
8VZP,D,1,28
8VZP,D,1,29
8VZP,D,1,30
8VZP,D,1,31
8VZP,D,1,32
8VZP,D,1,33
8VZP,D,1,34
8VZP,D,1,35
8VZP,D,1,36
8VZP,D,1,112
8VZP,D,1,113
8VZP,D,1,114
8VZP,D,1,115
8VZP,D,1,158
8VZP,D,1,159
8VZP,D,1,160
8VZP,D,1,161
8VZP,D,1,162
8VZP,D,1,163
8VZP,D,1,223
8VZP,D,1,224
8VZP,D,1,225
8VZP,D,1,226
8VZP,D,1,227
8VZQ,A,1,1
8VZQ,A,1,223
8VZQ,A,1,224
8VZQ,A,1,225
8VZQ,A,1,226
8VZQ,A,1,227
8VZQ,B,1,1
8VZQ,B,1,31
8VZQ,B,1,32
8VZQ,B,1,33
8VZQ,B,1,34
8VZQ,B,1,35
8VZQ,B,1,36
8VZQ,B,1,112
8VZQ,B,1,113
8VZQ,B,1,114
8VZQ,B,1,115
8VZQ,B,1,116
8VZQ,B,1,159
8VZQ,B,1,160
8VZQ,B,1,161
8VZQ,B,1,162
8VZQ,B,1,163
8VZQ,B,1,222
8VZQ,B,1,223
8VZQ,B,1,224
8VZQ,B,1,225
8VZQ,B,1,226
8VZQ,B,1,227
8VZQ,B,1,228
8VZQ,B,1,229
8VZQ,C,1,1
8VZQ,C,1,2
8VZQ,C,1,3
8VZQ,C,1,158
8VZQ,C,1,159
8VZQ,C,1,223
8VZQ,C,1,224
8VZQ,C,1,225
8VZQ,C,1,226
8VZQ,C,1,227
8VZQ,C,1,228
8VZQ,D,1,29
8VZQ,D,1,30
8VZQ,D,1,31
8VZQ,D,1,32
8VZQ,D,1,33
8VZQ,D,1,34
8VZQ,D,1,35
8VZQ,D,1,36
8W03,A,1,1
8W03,B,1,32
8W03,B,1,33
8W03,B,1,34
8W03,B,1,35
8W03,B,1,36
8W03,B,1,224
8W03,B,1,225
8W03,B,1,226
8W03,B,1,227
8W03,B,1,228
8W03,C,1,1
8W03,D,1,32
8W03,D,1,33
8W03,D,1,34
8W03,D,1,35
8W03,D,1,36
8W03,D,1,112
8W03,D,1,113
8W03,D,1,114
8W03,D,1,115
8W03,D,1,116
8W03,D,1,159
8W03,D,1,160
8W03,D,1,161
8W03,D,1,162
8W03,D,1,225
8W03,D,1,226
8W03,D,1,227
8W03,D,1,228
8W07,A,1,1
8W07,A,1,158
8W07,A,1,159
8W07,A,1,222
8W07,A,1,223
8W07,A,1,224
8W07,A,1,225
8W07,A,1,226
8W07,A,1,227
8W07,B,1,27
8W07,B,1,28
8W07,B,1,29
8W07,B,1,30
8W07,B,1,31
8W07,B,1,32
8W07,B,1,33
8W07,B,1,34
8W07,B,1,223
8W07,B,1,224
8W07,B,1,225
8W07,B,1,226
8W07,B,1,242
8W07,C,1,1
8W07,C,1,158
8W07,C,1,159
8W07,C,1,160
8W07,C,1,222
8W07,C,1,223
8W07,C,1,224
8W07,C,1,225
8W07,C,1,226
8W07,C,1,227
8W07,D,1,28
8W07,D,1,29
8W07,D,1,30
8W07,D,1,31
8W07,D,1,32
8W07,D,1,33
8W07,D,1,34
8W07,D,1,35
8W07,D,1,36
8W07,D,1,158
8W07,D,1,159
8W07,D,1,160
8W07,D,1,161
8W07,D,1,162
8W07,D,1,223
8W07,D,1,224
8W07,D,1,225
8W07,D,1,226
8W07,D,1,227
8W07,D,1,228
8W07,D,1,229
8WFE,A,1,1
8WFE,A,1,59
8WFE,A,1,60
8WFE,A,1,61
8WFE,A,1,62
8WFE,A,1,63
8WFE,A,1,64
8WFE,A,1,65
8WFE,A,1,66
8WFE,A,1,67
8WFE,A,1,68
8WFE,A,1,69
8WFE,A,1,70
8WFE,A,1,271
8WFE,A,1,272
8WFE,B,1,1
8WFE,B,1,35
8WFE,B,1,36
8WFE,B,1,37
8WFE,B,1,38
8WFE,B,1,65
8WFE,B,1,66
8WFE,B,1,67
8WFE,B,1,68
8WFE,B,1,69
8WFE,B,1,70
8WFE,B,1,271
8WFE,B,1,272
8WUY,A,1,1
8WUY,A,1,2
8WUY,A,1,3
8WUY,A,1,4
8WUY,A,1,5
8WUY,A,1,6
8WUY,A,1,7
8WUY,A,1,8
8WUY,A,1,9
8WUY,A,1,10
8WUY,A,1,11
8WUY,A,1,195
8WUY,A,1,196
8WUY,A,1,197
8WUY,A,1,198
8WUY,A,1,199
8WUY,A,1,200
8WUY,B,1,1
8WUY,B,1,2
8WUY,B,1,3
8WUY,B,1,4
8WUY,B,1,5
8WUY,B,1,6
8WUY,B,1,7
8WUY,B,1,8
8WUY,B,1,9
8WUY,B,1,10
8WUY,B,1,42
8WUY,B,1,43
8WUY,B,1,44
8WUY,B,1,45
8WUY,B,1,46
8WUY,B,1,193
8WUY,B,1,194
8WUY,B,1,195
8WUY,B,1,196
8WUY,B,1,197
8WUY,B,1,198
8WUY,B,1,199
8X7E,A,1,1
8X7E,A,1,2
8X7E,A,1,3
8X7E,A,1,4
8X7E,A,1,5
8X7E,A,1,233
8X7E,A,1,234
8X7E,A,1,235
8X7E,A,1,236
8X7E,A,1,237
8X7E,A,1,238
8X7E,A,1,239
8X7E,A,1,240
8X7E,A,1,241
8X7E,A,1,242
8X7E,A,1,243
8X7E,A,1,244
8X7E,A,1,245
8X7E,A,1,246
8X7E,A,1,247
8X7E,A,1,248
8X7E,A,1,249
8X7E,A,1,250
8X7E,A,1,251
8X7E,A,1,252
8X7E,A,1,253
8X7E,A,1,254
8X7E,A,1,255
8X7E,A,1,256
8X7E,A,1,257
8X7E,A,1,258
8X7E,B,1,15
8X7E,B,1,16
8X7E,B,1,17
8X7E,B,1,18
8X7E,B,1,19
8X7E,B,1,20
8X7E,B,1,21
8X7E,B,1,22
8X7E,C,1,1
8X7E,C,1,2
8X7E,C,1,3
8X7E,C,1,4
8X7E,C,1,5
8X7E,C,1,234
8X7E,C,1,235
8X7E,C,1,236
8X7E,C,1,237
8X7E,C,1,238
8X7E,C,1,239
8X7E,C,1,240
8X7E,C,1,241
8X7E,C,1,242
8X7E,C,1,243
8X7E,C,1,244
8X7E,C,1,245
8X7E,C,1,246
8X7E,C,1,247
8X7E,C,1,248
8X7E,C,1,249
8X7E,C,1,250
8X7E,C,1,251
8X7E,C,1,252
8X7E,C,1,253
8X7E,C,1,254
8X7E,C,1,255
8X7E,C,1,256
8X7E,C,1,257
8X7E,C,1,258
8X7E,D,1,16
8X7E,D,1,17
8X7E,D,1,18
8X7E,D,1,19
8X7E,D,1,20
8X7E,D,1,21
8X7E,D,1,22
8X7E,E,1,1
8X7E,E,1,2
8X7E,E,1,3
8X7E,E,1,4
8X7E,E,1,5
8X7E,E,1,233
8X7E,E,1,234
8X7E,E,1,235
8X7E,E,1,236
8X7E,E,1,237
8X7E,E,1,238
8X7E,E,1,239
8X7E,E,1,240
8X7E,E,1,241
8X7E,E,1,242
8X7E,E,1,243
8X7E,E,1,244
8X7E,E,1,245
8X7E,E,1,246
8X7E,E,1,247
8X7E,E,1,248
8X7E,E,1,249
8X7E,E,1,250
8X7E,E,1,251
8X7E,E,1,252
8X7E,E,1,253
8X7E,E,1,254
8X7E,E,1,255
8X7E,E,1,256
8X7E,E,1,257
8X7E,E,1,258
8X7E,F,1,16
8X7E,F,1,17
8X7E,F,1,18
8X7E,F,1,19
8X7E,F,1,20
8X7E,F,1,21
8X7E,F,1,22
8X7E,G,1,1
8X7E,G,1,2
8X7E,G,1,3
8X7E,G,1,4
8X7E,G,1,5
8X7E,G,1,234
8X7E,G,1,235
8X7E,G,1,236
8X7E,G,1,237
8X7E,G,1,238
8X7E,G,1,239
8X7E,G,1,240
8X7E,G,1,241
8X7E,G,1,242
8X7E,G,1,243
8X7E,G,1,244
8X7E,G,1,245
8X7E,G,1,246
8X7E,G,1,247
8X7E,G,1,248
8X7E,G,1,249
8X7E,G,1,250
8X7E,G,1,251
8X7E,G,1,252
8X7E,G,1,253
8X7E,G,1,254
8X7E,G,1,255
8X7E,G,1,256
8X7E,G,1,257
8X7E,G,1,258
8X7E,H,1,15
8X7E,H,1,16
8X7E,H,1,17
8X7E,H,1,18
8X7E,H,1,19
8X7E,H,1,20
8X7E,H,1,21
8X7E,H,1,22
8XU5,A,1,236
8XU5,A,1,237
8XU5,A,1,238
8XU5,A,1,239
8XU5,A,1,240
8XU5,A,1,241
8XU5,A,1,242
8XU5,A,1,243
8XU5,B,1,224
8XU5,B,1,225
8XU5,B,1,226
8XU5,B,1,227
8XU5,B,1,228
8XU5,B,1,229
8XU5,B,1,230
8XU5,B,1,231
8XU5,B,1,232
8XU5,B,1,233
8XU5,B,1,234
8XU5,B,1,235
8XU5,B,1,236
8XU5,B,1,237
8XU5,B,1,238
8XU5,B,1,239
8XU5,B,1,240
8XU5,B,1,241
8XU5,B,1,242
8XU5,B,1,243
8Y7L,A,1,1
8Y7L,A,1,185
8Y7L,A,1,186
8Y7L,A,1,187
8Y7L,A,1,188
8Y7L,A,1,189
8Y7L,A,1,190
8Y7L,B,1,1
8Y7L,B,1,183
8Y7L,B,1,184
8Y7L,B,1,185
8Y7L,B,1,186
8Y7L,B,1,187
8Y7L,B,1,188
8Y7L,B,1,189
8YT6,A,1,1
8YT6,A,1,2
8YT6,A,1,3
8YT6,A,1,4
8YT6,A,1,5
8YT6,A,1,35
8YT6,A,1,36
8YT6,A,1,37
8YT6,A,1,38
8YT6,A,1,39
8YT6,A,1,40
8YT6,A,1,41
8YT6,A,1,61
8YT6,A,1,62
8YT6,A,1,63
8YT6,A,1,64
8YT6,A,1,65
8YT6,A,1,66
8YT6,A,1,67
8YT6,A,1,68
8YT6,A,1,272
8YT6,B,1,1
8YT6,B,1,2
8YT6,B,1,3
8YT6,B,1,4
8YT6,B,1,5
8YT6,B,1,6
8YT6,B,1,7
8YT6,B,1,17
8YT6,B,1,18
8YT6,B,1,19
8YT6,B,1,20
8YT6,B,1,21
8YT6,B,1,22
8YT9,A,1,1
8YT9,A,1,2
8YT9,A,1,3
8YT9,A,1,4
8YT9,A,1,5
8YT9,A,1,36
8YT9,A,1,37
8YT9,A,1,38
8YT9,A,1,39
8YT9,A,1,40
8YT9,A,1,62
8YT9,A,1,63
8YT9,A,1,64
8YT9,A,1,65
8YT9,A,1,66
8YT9,A,1,67
8YT9,A,1,68
8YT9,A,1,69
8YT9,B,1,1
8YT9,B,1,2
8YT9,B,1,3
8YT9,B,1,4
8YT9,B,1,5
8YT9,B,1,6
8YT9,B,1,17
8YT9,B,1,18
8YT9,B,1,19
8YT9,B,1,20
8YT9,B,1,21
8YT9,B,1,22
8YTL,A,1,1
8YTL,A,1,2
8YTL,A,1,3
8YTL,A,1,4
8YTL,A,1,5
8YTL,A,1,35
8YTL,A,1,36
8YTL,A,1,37
8YTL,A,1,38
8YTL,A,1,39
8YTL,A,1,40
8YTL,A,1,41
8YTL,A,1,63
8YTL,A,1,64
8YTL,A,1,65
8YTL,A,1,66
8YTL,A,1,67
8YTL,A,1,68
8YTL,A,1,272
8YTL,B,1,1
8YTL,B,1,2
8YTL,B,1,3
8YTL,B,1,4
8YTL,B,1,5
8YTL,B,1,6
8YTL,B,1,17
8YTL,B,1,18
8YTL,B,1,19
8YTL,B,1,20
8YTL,B,1,21
8YTL,B,1,22
8YU8,A,1,1
8YU8,A,1,2
8YU8,A,1,3
8YU8,A,1,4
8YU8,A,1,5
8YU8,A,1,6
8YU8,A,1,7
8YU8,A,1,272
8YU8,B,1,1
8YU8,B,1,2
8YU8,B,1,3
8YU8,B,1,4
8YU8,B,1,5
8YU8,B,1,6
8YU8,B,1,18
8YU8,B,1,19
8YU8,B,1,20
8YU8,B,1,21
8YU8,B,1,22
8YWU,A,1,1
8YWU,A,1,2
8YWU,A,1,3
8YWU,A,1,4
8YWU,A,1,5
8YWU,A,1,6
8YWU,A,1,7
8YWU,A,1,8
8YWU,A,1,35
8YWU,A,1,36
8YWU,A,1,37
8YWU,A,1,38
8YWU,A,1,39
8YWU,A,1,40
8YWU,A,1,63
8YWU,A,1,64
8YWU,A,1,65
8YWU,A,1,66
8YWU,A,1,67
8YWU,A,1,68
8YWU,B,1,1
8YWU,B,1,2
8YWU,B,1,3
8YWU,B,1,4
8YWU,B,1,5
8YWU,B,1,6
8YWU,B,1,17
8YWU,B,1,18
8YWU,B,1,19
8YWU,B,1,20
8YWU,B,1,21
8YWU,B,1,22
8YWV,A,1,1
8YWV,A,1,2
8YWV,A,1,3
8YWV,A,1,4
8YWV,A,1,5
8YWV,A,1,6
8YWV,A,1,7
8YWV,A,1,35
8YWV,A,1,36
8YWV,A,1,37
8YWV,A,1,38
8YWV,A,1,39
8YWV,A,1,40
8YWV,A,1,272
8YWV,B,1,1
8YWV,B,1,2
8YWV,B,1,3
8YWV,B,1,4
8YWV,B,1,5
8YWV,B,1,6
8YWV,B,1,18
8YWV,B,1,19
8YWV,B,1,20
8YWV,B,1,21
8YWV,B,1,22
8Z5A,A,1,1
8Z5A,A,1,2
8Z5A,A,1,3
8Z5A,A,1,4
8Z5A,A,1,5
8Z5A,A,1,6
8Z5A,A,1,7
8Z5A,A,1,8
8Z5A,A,1,9
8Z5A,A,1,10
8Z5A,A,1,11
8Z5A,A,1,12
8Z5A,A,1,45
8Z5A,A,1,46
8Z5A,A,1,193
8Z5A,A,1,194
8Z5A,A,1,195
8Z5A,A,1,196
8Z5A,A,1,197
8Z5A,A,1,198
8Z5A,A,1,199
8Z5A,B,1,1
8Z5A,B,1,2
8Z5A,B,1,3
8Z5A,B,1,4
8Z5A,B,1,5
8Z5A,B,1,6
8Z5A,B,1,7
8Z5A,B,1,8
8Z5A,B,1,9
8Z5A,B,1,10
8Z5A,B,1,11
8Z5A,B,1,194
8Z5A,B,1,195
8Z5A,B,1,196
8Z5A,B,1,197
8Z5A,B,1,198
8Z5A,B,1,199
8Z5A,B,1,200
8Z5A,B,1,201
8Z5A,B,1,202
8ZFN,A,1,1
8ZFN,A,1,2
8ZFN,A,1,3
8ZFN,A,1,4
8ZFN,A,1,65
8ZFN,A,1,66
8ZFN,A,1,67
8ZFN,A,1,68
8ZFN,A,1,69
8ZFN,A,1,70
8ZFN,A,1,71
8ZFN,A,1,72
8ZFN,A,1,274
8ZFN,A,1,275
8ZFN,B,1,1
8ZFN,B,1,2
8ZFN,B,1,3
8ZFN,B,1,4
8ZFN,B,1,66
8ZFN,B,1,67
8ZFN,B,1,68
8ZFN,B,1,69
8ZFN,B,1,70
8ZFN,B,1,71
8ZFN,B,1,72
8ZFN,B,1,259
8ZFN,B,1,260
8ZFN,B,1,261
8ZFN,B,1,262
8ZFN,B,1,263
8ZFN,B,1,264
8ZFN,B,1,274
8ZFN,B,1,275
8ZFO,A,1,1
8ZFO,A,1,2
8ZFO,A,1,3
8ZFO,A,1,4
8ZFO,A,1,37
8ZFO,A,1,38
8ZFO,A,1,39
8ZFO,A,1,40
8ZFO,A,1,41
8ZFO,A,1,61
8ZFO,A,1,62
8ZFO,A,1,63
8ZFO,A,1,64
8ZFO,A,1,65
8ZFO,A,1,66
8ZFO,A,1,67
8ZFO,A,1,68
8ZFO,A,1,69
8ZFO,A,1,70
8ZFO,A,1,71
8ZFO,A,1,72
8ZFO,A,1,272
8ZFO,A,1,273
8ZFO,A,1,274
8ZFO,A,1,275
8ZFO,B,1,1
8ZFO,B,1,2
8ZFO,B,1,3
8ZFO,B,1,4
8ZFO,B,1,37
8ZFO,B,1,38
8ZFO,B,1,39
8ZFO,B,1,40
8ZFO,B,1,41
8ZFO,B,1,42
8ZFO,B,1,59
8ZFO,B,1,60
8ZFO,B,1,61
8ZFO,B,1,62
8ZFO,B,1,63
8ZFO,B,1,64
8ZFO,B,1,65
8ZFO,B,1,66
8ZFO,B,1,67
8ZFO,B,1,68
8ZFO,B,1,69
8ZFO,B,1,70
8ZFO,B,1,71
8ZFO,B,1,72
8ZFO,B,1,73
8ZFO,B,1,258
8ZFO,B,1,259
8ZFO,B,1,260
8ZFO,B,1,261
8ZFO,B,1,262
8ZFO,B,1,263
8ZFO,B,1,272
8ZFO,B,1,273
8ZFO,B,1,274
8ZFO,B,1,275
8ZFP,A,1,1
8ZFP,A,1,2
8ZFP,A,1,3
8ZFP,A,1,4
8ZFP,A,1,63
8ZFP,A,1,64
8ZFP,A,1,65
8ZFP,A,1,66
8ZFP,A,1,67
8ZFP,A,1,68
8ZFP,A,1,69
8ZFP,A,1,70
8ZFP,A,1,71
8ZFP,A,1,72
8ZFP,A,1,73
8ZFP,A,1,273
8ZFP,A,1,274
8ZFP,A,1,275
8ZFP,B,1,1
8ZFP,B,1,2
8ZFP,B,1,3
8ZFP,B,1,4
8ZFP,B,1,38
8ZFP,B,1,39
8ZFP,B,1,40
8ZFP,B,1,65
8ZFP,B,1,66
8ZFP,B,1,67
8ZFP,B,1,68
8ZFP,B,1,69
8ZFP,B,1,70
8ZFP,B,1,71
8ZFP,B,1,72
8ZFP,B,1,73
8ZFP,B,1,259
8ZFP,B,1,260
8ZFP,B,1,261
8ZFP,B,1,262
8ZFP,B,1,263
8ZFP,B,1,264
8ZFP,B,1,273
8ZFP,B,1,274
8ZFP,B,1,275
8ZFQ,A,1,1
8ZFQ,A,1,2
8ZFQ,A,1,3
8ZFQ,A,1,4
8ZFQ,A,1,64
8ZFQ,A,1,65
8ZFQ,A,1,66
8ZFQ,A,1,67
8ZFQ,A,1,68
8ZFQ,A,1,69
8ZFQ,A,1,70
8ZFQ,A,1,71
8ZFQ,A,1,72
8ZFQ,A,1,73
8ZFQ,A,1,274
8ZFQ,A,1,275
8ZFQ,B,1,1
8ZFQ,B,1,2
8ZFQ,B,1,3
8ZFQ,B,1,4
8ZFQ,B,1,65
8ZFQ,B,1,66
8ZFQ,B,1,67
8ZFQ,B,1,68
8ZFQ,B,1,69
8ZFQ,B,1,70
8ZFQ,B,1,71
8ZFQ,B,1,72
8ZFQ,B,1,73
8ZFQ,B,1,259
8ZFQ,B,1,260
8ZFQ,B,1,261
8ZFQ,B,1,262
8ZFQ,B,1,263
8ZFQ,B,1,274
8ZFQ,B,1,275
8ZFR,A,1,1
8ZFR,A,1,2
8ZFR,A,1,3
8ZFR,A,1,4
8ZFR,A,1,63
8ZFR,A,1,64
8ZFR,A,1,65
8ZFR,A,1,66
8ZFR,A,1,67
8ZFR,A,1,68
8ZFR,A,1,69
8ZFR,A,1,70
8ZFR,A,1,71
8ZFR,A,1,72
8ZFR,A,1,274
8ZFR,A,1,275
8ZFR,B,1,1
8ZFR,B,1,2
8ZFR,B,1,3
8ZFR,B,1,4
8ZFR,B,1,63
8ZFR,B,1,64
8ZFR,B,1,65
8ZFR,B,1,66
8ZFR,B,1,67
8ZFR,B,1,68
8ZFR,B,1,69
8ZFR,B,1,70
8ZFR,B,1,71
8ZFR,B,1,72
8ZFR,B,1,73
8ZFR,B,1,259
8ZFR,B,1,260
8ZFR,B,1,261
8ZFR,B,1,262
8ZFR,B,1,263
8ZFR,B,1,273
8ZFR,B,1,274
8ZFR,B,1,275
8ZFS,A,1,1
8ZFS,A,1,2
8ZFS,A,1,3
8ZFS,A,1,4
8ZFS,A,1,63
8ZFS,A,1,64
8ZFS,A,1,65
8ZFS,A,1,66
8ZFS,A,1,67
8ZFS,A,1,68
8ZFS,A,1,69
8ZFS,A,1,70
8ZFS,A,1,71
8ZFS,A,1,72
8ZFS,A,1,274
8ZFS,A,1,275
8ZFS,B,1,1
8ZFS,B,1,2
8ZFS,B,1,3
8ZFS,B,1,4
8ZFS,B,1,38
8ZFS,B,1,39
8ZFS,B,1,40
8ZFS,B,1,41
8ZFS,B,1,42
8ZFS,B,1,65
8ZFS,B,1,66
8ZFS,B,1,67
8ZFS,B,1,68
8ZFS,B,1,69
8ZFS,B,1,70
8ZFS,B,1,71
8ZFS,B,1,72
8ZFS,B,1,73
8ZFS,B,1,258
8ZFS,B,1,259
8ZFS,B,1,260
8ZFS,B,1,261
8ZFS,B,1,262
8ZFS,B,1,263
8ZFS,B,1,273
8ZFS,B,1,274
8ZFS,B,1,275
8ZFT,A,1,1
8ZFT,A,1,2
8ZFT,A,1,3
8ZFT,A,1,4
8ZFT,A,1,38
8ZFT,A,1,39
8ZFT,A,1,40
8ZFT,A,1,41
8ZFT,A,1,42
8ZFT,A,1,63
8ZFT,A,1,64
8ZFT,A,1,65
8ZFT,A,1,66
8ZFT,A,1,67
8ZFT,A,1,68
8ZFT,A,1,69
8ZFT,A,1,70
8ZFT,A,1,71
8ZFT,A,1,72
8ZFT,A,1,73
8ZFT,A,1,274
8ZFT,A,1,275
8ZFT,B,1,1
8ZFT,B,1,2
8ZFT,B,1,3
8ZFT,B,1,4
8ZFT,B,1,38
8ZFT,B,1,39
8ZFT,B,1,40
8ZFT,B,1,41
8ZFT,B,1,42
8ZFT,B,1,63
8ZFT,B,1,64
8ZFT,B,1,65
8ZFT,B,1,66
8ZFT,B,1,67
8ZFT,B,1,68
8ZFT,B,1,69
8ZFT,B,1,70
8ZFT,B,1,71
8ZFT,B,1,72
8ZFT,B,1,73
8ZFT,B,1,259
8ZFT,B,1,260
8ZFT,B,1,261
8ZFT,B,1,262
8ZFT,B,1,263
8ZFT,B,1,274
8ZFT,B,1,275
8ZNN,A,1,33
8ZNN,A,1,34
8ZNN,A,1,35
8ZNN,A,1,36
8ZNN,A,1,37
8ZNN,A,1,59
8ZNN,A,1,60
8ZNN,A,1,61
8ZNN,A,1,62
8ZNN,A,1,63
9B25,A,1,251
9B25,B,1,1
9B25,B,1,2
9B25,B,1,3
9B25,B,1,4
9B25,B,1,5
9B25,B,1,6
9B25,B,1,7
9B25,B,1,36
9B25,B,1,37
9B25,B,1,38
9B25,B,1,39
9B25,B,1,166
9B25,B,1,167
9B25,B,1,168
9B25,B,1,169
9B25,B,1,170
9B25,B,1,235
9B25,B,1,236
9B25,C,1,251
9B25,D,1,1
9B25,D,1,2
9B25,D,1,3
9B25,D,1,4
9B25,D,1,5
9B25,D,1,6
9B25,D,1,7
9B25,D,1,36
9B25,D,1,37
9B25,D,1,38
9B25,D,1,166
9B25,D,1,167
9B25,D,1,168
9B25,D,1,169
9B25,D,1,251
9B2B,A,1,1
9B2B,A,1,2
9B2B,A,1,3
9B2B,A,1,4
9B2B,A,1,5
9B2B,A,1,6
9B2B,A,1,7
9B2B,A,1,38
9B2B,A,1,39
9B2B,A,1,40
9B2B,A,1,41
9B2B,A,1,118
9B2B,A,1,119
9B2B,A,1,120
9B2B,A,1,121
9B2B,A,1,163
9B2B,A,1,164
9B2B,A,1,248
9B2B,A,1,249
9B2B,A,1,250
9B2B,A,1,251
9B2B,A,1,252
9B2B,A,1,253
9B2B,A,1,254
9B2B,A,1,255
9B2B,B,1,1
9B2B,B,1,2
9B2B,B,1,3
9B2B,B,1,4
9B2B,B,1,5
9B2B,B,1,6
9B2B,B,1,7
9B2B,B,1,38
9B2B,B,1,39
9B2B,B,1,40
9B2B,B,1,41
9B2B,B,1,118
9B2B,B,1,119
9B2B,B,1,120
9B2B,B,1,163
9B2B,B,1,164
9B2B,B,1,247
9B2B,B,1,248
9B2B,B,1,249
9B2B,B,1,250
9B2B,B,1,251
9B2B,B,1,252
9B2B,B,1,253
9B2B,B,1,254
9B2B,B,1,255
9B2B,C,1,1
9B2B,C,1,2
9B2B,C,1,3
9B2B,C,1,4
9B2B,C,1,5
9B2B,C,1,6
9B2B,C,1,7
9B2B,C,1,33
9B2B,C,1,34
9B2B,C,1,35
9B2B,C,1,36
9B2B,C,1,37
9B2B,C,1,38
9B2B,C,1,39
9B2B,C,1,40
9B2B,C,1,41
9B2B,C,1,117
9B2B,C,1,118
9B2B,C,1,119
9B2B,C,1,120
9B2B,C,1,121
9B2B,C,1,122
9B2B,C,1,159
9B2B,C,1,160
9B2B,C,1,161
9B2B,C,1,162
9B2B,C,1,163
9B2B,C,1,164
9B2B,C,1,230
9B2B,C,1,231
9B2B,C,1,232
9B2B,C,1,233
9B2B,C,1,234
9B2B,C,1,250
9B2B,C,1,251
9B2B,C,1,252
9B2B,C,1,253
9B2B,C,1,254
9B2B,C,1,255
9B2B,D,1,1
9B2B,D,1,2
9B2B,D,1,3
9B2B,D,1,4
9B2B,D,1,5
9B2B,D,1,6
9B2B,D,1,7
9B2B,D,1,33
9B2B,D,1,34
9B2B,D,1,35
9B2B,D,1,36
9B2B,D,1,37
9B2B,D,1,38
9B2B,D,1,39
9B2B,D,1,40
9B2B,D,1,41
9B2B,D,1,117
9B2B,D,1,118
9B2B,D,1,119
9B2B,D,1,120
9B2B,D,1,121
9B2B,D,1,122
9B2B,D,1,159
9B2B,D,1,160
9B2B,D,1,161
9B2B,D,1,162
9B2B,D,1,163
9B2B,D,1,164
9B2B,D,1,230
9B2B,D,1,231
9B2B,D,1,232
9B2B,D,1,233
9B2B,D,1,252
9B2B,D,1,253
9B2B,D,1,254
9B2B,D,1,255
9BEQ,A,1,1
9BEQ,A,1,2
9BEQ,A,1,3
9BEQ,A,1,4
9BEQ,A,1,5
9BEQ,A,1,6
9BEQ,A,1,7
9BEQ,A,1,8
9BEQ,A,1,9
9BEQ,A,1,10
9BEQ,A,1,11
9BEQ,A,1,12
9BEQ,A,1,13
9BEQ,A,1,14
9BEQ,A,1,15
9BEQ,A,1,16
9BEQ,A,1,17
9BEQ,A,1,18
9BEQ,A,1,19
9BEQ,A,1,20
9BEQ,A,1,21
9BEQ,A,1,22
9BEQ,A,1,23
9BEQ,A,1,60
9BEQ,A,1,61
9BEQ,A,1,62
9BEQ,A,1,63
9BEQ,A,1,64
9BEQ,A,1,65
9BEQ,A,1,66
9BEQ,A,1,67
9BEQ,A,1,68
9BEQ,A,1,69
9BEQ,A,1,70
9BEQ,A,1,71
9BEQ,A,1,72
9BEQ,A,1,73
9BEQ,A,1,74
9BEQ,A,1,75
9BEQ,A,1,76
9BEQ,A,1,77
9BEQ,A,1,112
9BEQ,A,1,113
9BEQ,A,1,114
9BEQ,A,1,115
9BEQ,A,1,116
9BEQ,A,1,193
9BEQ,A,1,194
9BEQ,A,1,195
9BPX,A,1,1
9BPX,A,1,2
9BPX,A,1,3
9BPX,A,1,4
9BPX,A,1,5
9BPX,A,1,6
9BPX,A,1,7
9BPX,A,1,8
9BPX,A,1,9
9BPX,A,1,10
9BPX,A,1,11
9BPX,A,1,12
9BPX,A,1,13
9BPX,A,1,170
9BPX,A,1,171
9BPX,A,1,237
9BPX,A,1,238
9BPX,A,1,239
9BPX,A,1,240
9BPX,A,1,241
9BPX,A,1,242
9BPX,A,1,243
9BPX,A,1,258
9BPX,A,1,259
9BPX,A,1,260
9BPX,A,1,261
9BPX,A,1,262
9BPX,B,1,1
9BPX,B,1,2
9BPX,B,1,3
9BPX,B,1,4
9BPX,B,1,5
9BPX,B,1,6
9BPX,B,1,7
9BPX,B,1,8
9BPX,B,1,9
9BPX,B,1,10
9BPX,B,1,11
9BPX,B,1,12
9BPX,B,1,13
9BPX,B,1,168
9BPX,B,1,169
9BPX,B,1,170
9BPX,B,1,171
9BPX,B,1,172
9BPX,B,1,173
9BPX,B,1,174
9BPX,B,1,175
9BPX,B,1,176
9BPX,B,1,236
9BPX,B,1,237
9BPX,B,1,238
9BPX,B,1,239
9BPX,B,1,240
9BPX,B,1,255
9BPX,B,1,256
9BPX,B,1,257
9BPX,B,1,258
9BPX,B,1,259
9BPX,B,1,260
9BPX,B,1,261
9BPX,B,1,262
9BQE,A,1,1
9BQE,A,1,2
9BQE,A,1,3
9BQE,A,1,4
9BQE,A,1,5
9BQE,A,1,6
9BQE,A,1,7
9BQE,A,1,8
9BQE,A,1,9
9BQE,A,1,10
9BQE,A,1,11
9BQE,A,1,12
9BQE,A,1,13
9BQE,A,1,40
9BQE,A,1,41
9BQE,A,1,42
9BQE,A,1,43
9BQE,A,1,44
9BQE,A,1,170
9BQE,A,1,171
9BQE,A,1,172
9BQE,A,1,236
9BQE,A,1,237
9BQE,A,1,238
9BQE,A,1,239
9BQE,A,1,240
9BQE,A,1,241
9BQE,A,1,242
9BQE,A,1,243
9BQE,A,1,258
9BQE,A,1,259
9BQE,A,1,260
9BQE,A,1,261
9BQE,A,1,262
9BQE,B,1,1
9BQE,B,1,2
9BQE,B,1,3
9BQE,B,1,4
9BQE,B,1,5
9BQE,B,1,6
9BQE,B,1,7
9BQE,B,1,8
9BQE,B,1,9
9BQE,B,1,10
9BQE,B,1,11
9BQE,B,1,12
9BQE,B,1,13
9BQE,B,1,14
9BQE,B,1,15
9BQE,B,1,16
9BQE,B,1,38
9BQE,B,1,39
9BQE,B,1,40
9BQE,B,1,41
9BQE,B,1,42
9BQE,B,1,43
9BQE,B,1,44
9BQE,B,1,45
9BQE,B,1,46
9BQE,B,1,47
9BQE,B,1,48
9BQE,B,1,123
9BQE,B,1,124
9BQE,B,1,125
9BQE,B,1,126
9BQE,B,1,168
9BQE,B,1,169
9BQE,B,1,170
9BQE,B,1,171
9BQE,B,1,172
9BQE,B,1,173
9BQE,B,1,174
9BQE,B,1,175
9BQE,B,1,176
9BQE,B,1,234
9BQE,B,1,235
9BQE,B,1,236
9BQE,B,1,237
9BQE,B,1,238
9BQE,B,1,239
9BQE,B,1,240
9BQE,B,1,241
9BQE,B,1,255
9BQE,B,1,256
9BQE,B,1,257
9BQE,B,1,258
9BQE,B,1,259
9BQE,B,1,260
9BQE,B,1,261
9BQE,B,1,262
9BU1,A,1,1
9BU1,A,1,2
9BU1,A,1,3
9BU1,A,1,4
9BU1,A,1,5
9BU1,A,1,6
9BU1,A,1,7
9BU1,A,1,8
9BU1,A,1,9
9BU1,A,1,10
9BU1,A,1,11
9BU1,A,1,12
9BU1,A,1,13
9BU1,A,1,14
9BU1,A,1,15
9BU1,A,1,41
9BU1,A,1,42
9BU1,A,1,43
9BU1,A,1,44
9BU1,A,1,45
9BU1,A,1,171
9BU1,A,1,172
9BU1,A,1,173
9BU1,A,1,236
9BU1,A,1,237
9BU1,A,1,238
9BU1,A,1,239
9BU1,A,1,240
9BU1,A,1,241
9BU1,A,1,242
9BU1,A,1,243
9BU1,A,1,244
9BU1,A,1,259
9BU1,A,1,260
9BU1,A,1,261
9BU1,A,1,262
9BU1,A,1,263
9BU1,B,1,1
9BU1,B,1,2
9BU1,B,1,3
9BU1,B,1,4
9BU1,B,1,5
9BU1,B,1,6
9BU1,B,1,7
9BU1,B,1,8
9BU1,B,1,9
9BU1,B,1,10
9BU1,B,1,11
9BU1,B,1,12
9BU1,B,1,13
9BU1,B,1,14
9BU1,B,1,15
9BU1,B,1,16
9BU1,B,1,17
9BU1,B,1,39
9BU1,B,1,40
9BU1,B,1,41
9BU1,B,1,42
9BU1,B,1,43
9BU1,B,1,44
9BU1,B,1,45
9BU1,B,1,46
9BU1,B,1,47
9BU1,B,1,48
9BU1,B,1,49
9BU1,B,1,124
9BU1,B,1,125
9BU1,B,1,126
9BU1,B,1,127
9BU1,B,1,169
9BU1,B,1,170
9BU1,B,1,171
9BU1,B,1,172
9BU1,B,1,173
9BU1,B,1,174
9BU1,B,1,175
9BU1,B,1,176
9BU1,B,1,177
9BU1,B,1,235
9BU1,B,1,236
9BU1,B,1,237
9BU1,B,1,238
9BU1,B,1,239
9BU1,B,1,240
9BU1,B,1,241
9BU1,B,1,242
9BU1,B,1,256
9BU1,B,1,257
9BU1,B,1,258
9BU1,B,1,259
9BU1,B,1,260
9BU1,B,1,261
9BU1,B,1,262
9BU1,B,1,263
9CK0,A,1,1
9CK0,A,1,2
9CK0,A,1,3
9CK0,A,1,4
9CK0,A,1,5
9CK0,A,1,6
9CK0,B,1,1
9CK0,B,1,2
9CK0,B,1,3
9CK0,B,1,4
9CK0,B,1,5
9CK0,B,1,6
9CK0,B,1,7
9CK0,B,1,8
9CK0,B,1,20
9CK0,B,1,21
9CK0,B,1,22
9CK0,B,1,23
9CWN,A,1,1
9CWN,A,1,2
9CWN,A,1,3
9CWN,A,1,4
9CWN,A,1,5
9CWN,A,1,6
9CWN,A,1,68
9CWN,A,1,69
9CWN,A,1,70
9CWN,B,1,1
9CWN,B,1,2
9CWN,B,1,3
9CWN,B,1,4
9CWN,B,1,5
9CWN,B,1,6
9CWN,B,1,7
9CWN,B,1,8
9CWN,B,1,9
9CWN,B,1,20
9CWN,B,1,21
9CWN,B,1,22
9CWN,B,1,23
9EBG,A,1,1
9EBG,A,1,2
9EBG,A,1,13
9EBG,B,1,1
9EBG,B,1,2
9EBG,B,1,11
9EBG,B,1,12
9EBG,B,1,13
9EBG,C,1,1
9EBG,C,1,2
9EBG,C,1,156
9EBG,C,1,157
9EBG,C,1,158
9EBG,C,1,159
9EBG,C,1,160
9EBG,C,1,161
9EBG,C,1,162
9EBG,C,1,163
9EBG,C,1,164
9EBG,C,1,165
9EBG,C,1,243
9EBG,D,1,1
9EBG,D,1,2
9EBG,D,1,243
9EBL,A,1,1
9EBL,A,1,2
9EBL,A,1,149
9EBL,A,1,150
9EBL,A,1,151
9EBL,A,1,152
9EBL,A,1,153
9EBL,A,1,154
9EBL,A,1,155
9EBL,A,1,156
9EBL,A,1,157
9EBL,A,1,158
9EBL,A,1,159
9EBL,A,1,160
9EBL,A,1,161
9EBL,A,1,162
9EBL,A,1,236
9EBL,A,1,237
9EBL,A,1,238
9EBL,A,1,239
9EBL,B,1,151
9EBL,B,1,152
9EBL,B,1,153
9EBL,B,1,154
9EBL,B,1,155
9EBL,B,1,156
9EBL,B,1,157
9EBL,B,1,158
9EBL,B,1,159
9EBL,B,1,237
9EBL,B,1,238
9EBL,B,1,239
9EBL,C,1,1
9EBL,C,1,2
9EBL,C,1,10
9EBL,C,1,11
9EBL,C,1,12
9EBL,C,1,13
9EBL,D,1,1
9EBL,D,1,13
9EBL,E,1,1
9EBL,E,1,2
9EBL,E,1,149
9EBL,E,1,150
9EBL,E,1,151
9EBL,E,1,152
9EBL,E,1,153
9EBL,E,1,154
9EBL,E,1,155
9EBL,E,1,156
9EBL,E,1,157
9EBL,E,1,158
9EBL,E,1,159
9EBL,E,1,160
9EBL,E,1,161
9EBL,E,1,162
9EBL,E,1,236
9EBL,E,1,237
9EBL,E,1,238
9EBL,E,1,239
9EBL,F,1,148
9EBL,F,1,149
9EBL,F,1,150
9EBL,F,1,151
9EBL,F,1,152
9EBL,F,1,153
9EBL,F,1,154
9EBL,F,1,155
9EBL,F,1,156
9EBL,F,1,157
9EBL,F,1,158
9EBL,F,1,159
9EBL,F,1,160
9EBL,F,1,161
9EBL,F,1,162
9EBL,F,1,163
9EBL,F,1,235
9EBL,F,1,236
9EBL,F,1,237
9EBL,F,1,238
9EBL,F,1,239
9EBL,G,1,1
9EBL,G,1,2
9EBL,G,1,12
9EBL,G,1,13
9EBL,H,1,1
9EBL,H,1,13
9ECF,A,1,1
9ECF,A,1,2
9ECF,A,1,3
9ECF,A,1,4
9ECF,A,1,5
9ECF,A,1,6
9ECF,A,1,7
9ECF,A,1,8
9ECF,A,1,162
9ECF,A,1,163
9ECF,A,1,164
9ECF,A,1,165
9ECF,A,1,244
9ECF,A,1,245
9ECF,A,1,246
9ECF,A,1,247
9ECF,B,1,1
9ECF,B,1,2
9ECF,B,1,3
9ECF,B,1,4
9ECF,B,1,5
9ECF,B,1,6
9ECF,B,1,7
9ECF,B,1,8
9ECF,B,1,9
9ECF,B,1,10
9ECF,B,1,30
9ECF,B,1,31
9ECF,B,1,32
9ECF,B,1,33
9ECF,B,1,34
9ECF,B,1,35
9ECF,B,1,158
9ECF,B,1,159
9ECF,B,1,160
9ECF,B,1,161
9ECF,B,1,162
9ECF,B,1,163
9ECF,B,1,164
9ECF,B,1,165
9ECF,B,1,166
9ECF,B,1,167
9ECF,B,1,168
9ECF,B,1,169
9ECF,B,1,170
9ECF,B,1,244
9ECF,B,1,245
9ECF,B,1,246
9ECF,B,1,247
9ECF,C,1,1
9ECF,C,1,11
9ECF,C,1,12
9ECF,C,1,13
9ECF,D,1,1
9ECF,D,1,11
9ECF,D,1,12
9ECF,D,1,13
9ECF,E,1,1
9ECF,E,1,2
9ECF,E,1,3
9ECF,E,1,4
9ECF,E,1,5
9ECF,E,1,6
9ECF,E,1,7
9ECF,E,1,8
9ECF,E,1,9
9ECF,E,1,10
9ECF,E,1,32
9ECF,E,1,33
9ECF,E,1,34
9ECF,E,1,157
9ECF,E,1,158
9ECF,E,1,159
9ECF,E,1,160
9ECF,E,1,161
9ECF,E,1,162
9ECF,E,1,163
9ECF,E,1,164
9ECF,E,1,165
9ECF,E,1,166
9ECF,E,1,167
9ECF,E,1,168
9ECF,E,1,245
9ECF,E,1,246
9ECF,E,1,247
9ECF,F,1,1
9ECF,F,1,2
9ECF,F,1,3
9ECF,F,1,4
9ECF,F,1,5
9ECF,F,1,6
9ECF,F,1,7
9ECF,F,1,8
9ECF,F,1,9
9ECF,F,1,30
9ECF,F,1,31
9ECF,F,1,32
9ECF,F,1,33
9ECF,F,1,34
9ECF,F,1,35
9ECF,F,1,156
9ECF,F,1,157
9ECF,F,1,158
9ECF,F,1,159
9ECF,F,1,160
9ECF,F,1,161
9ECF,F,1,162
9ECF,F,1,163
9ECF,F,1,164
9ECF,F,1,165
9ECF,F,1,166
9ECF,F,1,246
9ECF,F,1,247
9ECF,G,1,1
9ECF,G,1,2
9ECF,G,1,13
9ECF,H,1,1
9ECF,H,1,11
9ECF,H,1,12
9ECF,H,1,13
9ECF,I,1,1
9ECF,I,1,2
9ECF,I,1,3
9ECF,I,1,4
9ECF,I,1,5
9ECF,I,1,6
9ECF,I,1,7
9ECF,I,1,8
9ECF,I,1,9
9ECF,I,1,10
9ECF,I,1,30
9ECF,I,1,156
9ECF,I,1,157
9ECF,I,1,158
9ECF,I,1,159
9ECF,I,1,160
9ECF,I,1,161
9ECF,I,1,162
9ECF,I,1,163
9ECF,I,1,164
9ECF,I,1,165
9ECF,I,1,166
9ECF,I,1,167
9ECF,I,1,168
9ECF,I,1,169
9ECF,I,1,170
9ECF,I,1,171
9ECF,I,1,244
9ECF,I,1,245
9ECF,I,1,246
9ECF,I,1,247
9ECF,J,1,1
9ECF,J,1,2
9ECF,J,1,3
9ECF,J,1,4
9ECF,J,1,5
9ECF,J,1,6
9ECF,J,1,7
9ECF,J,1,8
9ECF,J,1,9
9ECF,J,1,10
9ECF,J,1,20
9ECF,J,1,21
9ECF,J,1,33
9ECF,J,1,62
9ECF,J,1,63
9ECF,J,1,64
9ECF,J,1,65
9ECF,J,1,66
9ECF,J,1,156
9ECF,J,1,157
9ECF,J,1,158
9ECF,J,1,159
9ECF,J,1,160
9ECF,J,1,161
9ECF,J,1,162
9ECF,J,1,163
9ECF,J,1,164
9ECF,J,1,165
9ECF,J,1,166
9ECF,J,1,167
9ECF,J,1,168
9ECF,J,1,169
9ECF,J,1,170
9ECF,J,1,171
9ECF,J,1,172
9ECF,J,1,173
9ECF,J,1,190
9ECF,J,1,191
9ECF,J,1,192
9ECF,J,1,193
9ECF,J,1,194
9ECF,J,1,195
9ECF,J,1,196
9ECF,J,1,197
9ECF,J,1,198
9ECF,J,1,199
9ECF,J,1,243
9ECF,J,1,244
9ECF,J,1,245
9ECF,J,1,246
9ECF,J,1,247
9ECF,K,1,13
9ECF,L,1,1
9ECF,L,1,11
9ECF,L,1,12
9ECF,L,1,13
9ECF,M,1,1
9ECF,M,1,2
9ECF,M,1,3
9ECF,M,1,4
9ECF,M,1,5
9ECF,M,1,6
9ECF,M,1,7
9ECF,M,1,8
9ECF,M,1,9
9ECF,M,1,33
9ECF,M,1,156
9ECF,M,1,157
9ECF,M,1,158
9ECF,M,1,159
9ECF,M,1,160
9ECF,M,1,161
9ECF,M,1,162
9ECF,M,1,163
9ECF,M,1,164
9ECF,M,1,165
9ECF,M,1,166
9ECF,M,1,167
9ECF,M,1,168
9ECF,M,1,169
9ECF,M,1,170
9ECF,M,1,245
9ECF,M,1,246
9ECF,M,1,247
9ECF,N,1,1
9ECF,N,1,2
9ECF,N,1,3
9ECF,N,1,4
9ECF,N,1,5
9ECF,N,1,6
9ECF,N,1,7
9ECF,N,1,8
9ECF,N,1,32
9ECF,N,1,33
9ECF,N,1,34
9ECF,N,1,35
9ECF,N,1,36
9ECF,N,1,156
9ECF,N,1,157
9ECF,N,1,158
9ECF,N,1,159
9ECF,N,1,160
9ECF,N,1,161
9ECF,N,1,162
9ECF,N,1,163
9ECF,N,1,164
9ECF,N,1,165
9ECF,N,1,166
9ECF,N,1,243
9ECF,N,1,244
9ECF,N,1,245
9ECF,N,1,246
9ECF,N,1,247
9ECF,O,1,13
9ECF,P,1,1
9ECF,P,1,13
9ECK,A,1,1
9ECK,A,1,2
9ECK,A,1,3
9ECK,A,1,4
9ECK,A,1,5
9ECK,A,1,6
9ECK,A,1,7
9ECK,A,1,8
9ECK,A,1,9
9ECK,A,1,10
9ECK,A,1,11
9ECK,A,1,12
9ECK,A,1,37
9ECK,A,1,38
9ECK,A,1,39
9ECK,A,1,40
9ECK,A,1,41
9ECK,A,1,42
9ECK,A,1,168
9ECK,A,1,169
9ECK,A,1,253
9ECK,A,1,254
9ECK,A,1,255
9ECK,A,1,256
9ECK,A,1,257
9ECK,A,1,258
9ECK,A,1,259
9ECK,B,1,1
9ECK,B,1,2
9ECK,B,1,3
9ECK,B,1,4
9ECK,B,1,5
9ECK,B,1,6
9ECK,B,1,7
9ECK,B,1,8
9ECK,B,1,9
9ECK,B,1,10
9ECK,B,1,11
9ECK,B,1,37
9ECK,B,1,38
9ECK,B,1,39
9ECK,B,1,40
9ECK,B,1,41
9ECK,B,1,42
9ECK,B,1,43
9ECK,B,1,44
9ECK,B,1,168
9ECK,B,1,169
9ECK,B,1,170
9ECK,B,1,235
9ECK,B,1,236
9ECK,B,1,237
9ECK,B,1,238
9ECK,B,1,239
9ECK,B,1,240
9ECK,B,1,241
9ECK,B,1,242
9ECK,B,1,243
9ECK,B,1,252
9ECK,B,1,253
9ECK,B,1,254
9ECK,B,1,255
9ECK,B,1,256
9ECK,B,1,257
9ECK,B,1,258
9ECK,B,1,259
9ECK,C,1,1
9ECK,C,1,2
9ECK,C,1,3
9ECK,C,1,4
9ECK,C,1,5
9ECK,C,1,6
9ECK,C,1,7
9ECK,C,1,8
9ECK,C,1,9
9ECK,C,1,10
9ECK,C,1,11
9ECK,C,1,37
9ECK,C,1,38
9ECK,C,1,39
9ECK,C,1,40
9ECK,C,1,41
9ECK,C,1,42
9ECK,C,1,43
9ECK,C,1,252
9ECK,C,1,253
9ECK,C,1,254
9ECK,C,1,255
9ECK,C,1,256
9ECK,C,1,257
9ECK,C,1,258
9ECK,C,1,259
9ECK,D,1,1
9ECK,D,1,2
9ECK,D,1,3
9ECK,D,1,4
9ECK,D,1,5
9ECK,D,1,6
9ECK,D,1,7
9ECK,D,1,8
9ECK,D,1,9
9ECK,D,1,10
9ECK,D,1,11
9ECK,D,1,38
9ECK,D,1,39
9ECK,D,1,40
9ECK,D,1,41
9ECK,D,1,42
9ECK,D,1,43
9ECK,D,1,44
9ECK,D,1,45
9ECK,D,1,168
9ECK,D,1,169
9ECK,D,1,170
9ECK,D,1,235
9ECK,D,1,236
9ECK,D,1,237
9ECK,D,1,238
9ECK,D,1,239
9ECK,D,1,240
9ECK,D,1,241
9ECK,D,1,253
9ECK,D,1,254
9ECK,D,1,255
9ECK,D,1,256
9ECK,D,1,257
9ECK,D,1,258
9ECK,D,1,259
9F7W,A,1,1
9F7W,A,1,2
9F7W,A,1,3
9F7W,A,1,4
9F7W,A,1,5
9F7W,A,1,6
9F7W,A,1,7
9F7W,A,1,8
9F7W,A,1,9
9F7W,A,1,10
9F7W,A,1,282
9F7W,A,1,283
9F7W,B,1,1
9F7W,B,1,2
9F7W,B,1,3
9F7W,B,1,4
9F7W,B,1,18
9F7W,B,1,19
9F7X,A,1,1
9F7X,A,1,2
9F7X,A,1,3
9F7X,A,1,4
9F7X,A,1,5
9F7X,A,1,6
9F7X,A,1,7
9F7X,A,1,8
9F7X,A,1,9
9F7X,A,1,10
9F7X,A,1,11
9F7X,A,1,71
9F7X,A,1,72
9F7X,A,1,73
9F7X,A,1,74
9F7X,A,1,75
9F7X,A,1,282
9F7X,A,1,283
9F7X,B,1,1
9F7X,B,1,2
9F7X,B,1,3
9F7X,B,1,4
9F7X,B,1,5
9F7X,B,1,17
9F7X,B,1,18
9F7X,B,1,19
9FZG,A,1,1
9FZG,A,1,2
9FZG,A,1,3
9FZG,A,1,4
9FZG,A,1,5
9FZG,A,1,6
9FZG,A,1,7
9FZG,A,1,8
9FZG,A,1,9
9FZG,A,1,10
9FZG,A,1,11
9FZG,A,1,12
9FZG,A,1,13
9FZG,A,1,14
9FZG,A,1,15
9FZG,A,1,16
9FZG,A,1,17
9FZG,A,1,18
9FZG,A,1,19
9FZG,A,1,20
9FZG,A,1,21
9FZG,A,1,22
9FZG,A,1,23
9FZG,A,1,60
9FZG,A,1,61
9FZG,A,1,62
9FZG,A,1,63
9FZG,A,1,64
9FZG,A,1,65
9FZG,A,1,66
9FZG,A,1,67
9FZG,A,1,68
9FZG,A,1,69
9FZG,A,1,70
9FZG,A,1,71
9FZG,A,1,72
9FZG,A,1,73
9FZG,A,1,74
9FZG,A,1,75
9FZG,A,1,76
9FZG,A,1,77
9FZG,A,1,78
9FZG,A,1,79
9FZG,A,1,80
9FZG,A,1,81
9FZG,A,1,82
9FZG,A,1,83
9FZG,A,1,84
9FZG,A,1,85
9FZG,A,1,86
9FZG,A,1,87
9FZG,A,1,88
9FZG,A,1,89
9FZG,A,1,193
9FZG,A,1,194
9FZG,A,1,195
9FZG,A,1,196
9FZG,A,1,317
9FZG,A,1,318
9FZG,A,1,319
9FZG,A,1,320
9FZH,A,1,1
9FZH,A,1,2
9FZH,A,1,3
9FZH,A,1,4
9FZH,A,1,5
9FZH,A,1,6
9FZH,A,1,7
9FZH,A,1,8
9FZH,A,1,9
9FZH,A,1,10
9FZH,A,1,11
9FZH,A,1,12
9FZH,A,1,13
9FZH,A,1,14
9FZH,A,1,15
9FZH,A,1,16
9FZH,A,1,17
9FZH,A,1,18
9FZH,A,1,19
9FZH,A,1,20
9FZH,A,1,21
9FZH,A,1,22
9FZH,A,1,23
9FZH,A,1,60
9FZH,A,1,61
9FZH,A,1,62
9FZH,A,1,63
9FZH,A,1,64
9FZH,A,1,65
9FZH,A,1,66
9FZH,A,1,67
9FZH,A,1,68
9FZH,A,1,69
9FZH,A,1,70
9FZH,A,1,71
9FZH,A,1,72
9FZH,A,1,73
9FZH,A,1,74
9FZH,A,1,75
9FZH,A,1,76
9FZH,A,1,77
9FZH,A,1,78
9FZH,A,1,79
9FZH,A,1,89
9FZH,A,1,90
9FZH,A,1,91
9FZH,A,1,192
9FZH,A,1,193
9FZH,A,1,194
9FZH,A,1,195
9FZH,A,1,196
9FZH,A,1,197
9FZH,A,1,198
9FZH,A,1,199
9FZH,A,1,318
9FZH,A,1,319
9FZH,A,1,320
9FZI,A,1,1
9FZI,A,1,2
9FZI,A,1,3
9FZI,A,1,4
9FZI,A,1,5
9FZI,A,1,6
9FZI,A,1,7
9FZI,A,1,8
9FZI,A,1,9
9FZI,A,1,10
9FZI,A,1,11
9FZI,A,1,12
9FZI,A,1,13
9FZI,A,1,14
9FZI,A,1,15
9FZI,A,1,16
9FZI,A,1,17
9FZI,A,1,18
9FZI,A,1,19
9FZI,A,1,20
9FZI,A,1,21
9FZI,A,1,22
9FZI,A,1,59
9FZI,A,1,60
9FZI,A,1,61
9FZI,A,1,62
9FZI,A,1,63
9FZI,A,1,64
9FZI,A,1,65
9FZI,A,1,66
9FZI,A,1,67
9FZI,A,1,68
9FZI,A,1,69
9FZI,A,1,70
9FZI,A,1,71
9FZI,A,1,72
9FZI,A,1,73
9FZI,A,1,194
9FZI,A,1,195
9FZI,A,1,196
9FZI,A,1,315
9FZI,A,1,316
9FZI,A,1,317
9FZI,A,1,318
9FZI,A,1,319
9FZI,A,1,320
9FZI,A,1,321
9FZI,A,1,322
9FZI,A,1,323
9FZI,A,1,324
9FZI,A,1,325
9FZI,A,1,326
9FZI,A,1,343
9FZI,A,1,344
9FZI,A,1,345
9FZI,B,1,1
9FZI,B,1,2
9FZI,B,1,3
9FZI,B,1,4
9FZI,B,1,5
9FZI,B,1,6
9FZI,B,1,7
9FZI,B,1,8
9FZI,B,1,9
9FZI,B,1,10
9FZI,B,1,11
9FZI,B,1,12
9FZI,B,1,13
9FZI,B,1,14
9FZI,B,1,15
9FZI,B,1,16
9FZI,B,1,17
9FZI,B,1,18
9FZI,B,1,19
9FZI,B,1,20
9FZI,B,1,21
9FZI,B,1,22
9FZI,B,1,23
9FZI,B,1,24
9FZI,B,1,59
9FZI,B,1,60
9FZI,B,1,61
9FZI,B,1,62
9FZI,B,1,63
9FZI,B,1,64
9FZI,B,1,65
9FZI,B,1,66
9FZI,B,1,67
9FZI,B,1,68
9FZI,B,1,69
9FZI,B,1,70
9FZI,B,1,71
9FZI,B,1,72
9FZI,B,1,73
9FZI,B,1,74
9FZI,B,1,75
9FZI,B,1,76
9FZI,B,1,193
9FZI,B,1,194
9FZI,B,1,195
9FZI,B,1,315
9FZI,B,1,316
9FZI,B,1,317
9FZI,B,1,318
9FZI,B,1,319
9FZI,B,1,320
9FZI,B,1,321
9FZI,B,1,322
9FZI,B,1,323
9FZI,B,1,324
9FZI,B,1,325
9FZI,B,1,326
9FZI,B,1,327
9FZI,B,1,344
9FZI,B,1,345
9FZJ,A,1,1
9FZJ,A,1,2
9FZJ,A,1,3
9FZJ,A,1,4
9FZJ,A,1,5
9FZJ,A,1,6
9FZJ,A,1,7
9FZJ,A,1,8
9FZJ,A,1,9
9FZJ,A,1,10
9FZJ,A,1,11
9FZJ,A,1,12
9FZJ,A,1,13
9FZJ,A,1,14
9FZJ,A,1,15
9FZJ,A,1,16
9FZJ,A,1,17
9FZJ,A,1,18
9FZJ,A,1,19
9FZJ,A,1,20
9FZJ,A,1,21
9FZJ,A,1,22
9FZJ,A,1,23
9FZJ,A,1,61
9FZJ,A,1,62
9FZJ,A,1,63
9FZJ,A,1,64
9FZJ,A,1,65
9FZJ,A,1,66
9FZJ,A,1,67
9FZJ,A,1,68
9FZJ,A,1,69
9FZJ,A,1,70
9FZJ,A,1,71
9FZJ,A,1,72
9FZJ,A,1,73
9FZJ,A,1,194
9FZJ,A,1,317
9FZJ,A,1,318
9FZJ,A,1,319
9FZJ,A,1,320
9GC7,A,1,1
9GC7,A,1,2
9GC7,A,1,3
9GC7,A,1,4
9GC7,A,1,5
9GC7,A,1,6
9GC7,A,1,7
9GC7,A,1,8
9GC7,A,1,9
9GC7,A,1,10
9GC7,A,1,11
9GC7,A,1,12
9GC7,A,1,13
9GC7,A,1,14
9GC7,A,1,15
9GC7,A,1,16
9GC7,A,1,17
9GC7,A,1,18
9GC7,A,1,19
9GC7,A,1,20
9GC7,A,1,21
9GC7,A,1,22
9GC7,A,1,23
9GC7,A,1,24
9GC7,A,1,273
9GC7,A,1,274
9GC7,A,1,275
9GC7,A,1,276
9GC7,A,1,277
9GC7,A,1,278
9GC7,A,1,279
9GC7,A,1,280
9GC7,A,1,281
9GC7,A,1,282
9GC7,A,1,283
9GC7,A,1,284
9GC7,A,1,285
9GC7,A,1,286
9GC7,A,1,287
9GC7,A,1,288
9GC7,A,1,289
9GC7,A,1,290
9GC7,A,1,291
9GC7,A,1,292
9GC7,A,1,293
9GC7,A,1,294
9GC7,A,1,295
9GC7,A,1,296
9GC7,A,1,297
9GC7,A,1,298
9GC7,A,1,299
9GC7,A,1,300
9GC7,A,1,301
9GC7,A,1,302
9GC7,A,1,303
9GC7,A,1,304
9GC7,A,1,305
9GC7,B,1,1
9GC7,B,1,2
9GFU,A,1,1
9GFU,A,1,2
9GFU,A,1,3
9GFU,A,1,40
9GFU,A,1,41
9GFU,A,1,67
9GFU,A,1,68
9GFU,A,1,69
9GFU,A,1,70
9GFU,A,1,71
9GFU,A,1,72
9GFU,A,1,259
9GFU,A,1,260
9GFU,A,1,273
9GFU,A,1,274
9GFU,A,1,275
9GFU,B,1,1
9GFU,B,1,2
9GFU,B,1,62
9GFU,B,1,63
9GFU,B,1,64
9GFU,B,1,65
9GFU,B,1,66
9GFU,B,1,67
9GFU,B,1,68
9GFU,B,1,69
9GFU,B,1,70
9GFU,B,1,71
9GFU,B,1,274
9GFU,B,1,275
9GVP,A,1,1
9GVP,A,1,2
9GVP,A,1,40
9GVP,A,1,41
9GVP,A,1,67
9GVP,A,1,68
9GVP,A,1,69
9GVP,A,1,70
9GVP,A,1,71
9GVP,A,1,72
9GVP,A,1,273
9GVP,B,1,1
9GVP,B,1,2
9GVP,B,1,63
9GVP,B,1,64
9GVP,B,1,65
9GVP,B,1,66
9GVP,B,1,67
9GVP,B,1,68
9GVP,B,1,69
9GVP,B,1,70
9GVS,A,1,1
9GVS,A,1,2
9GVS,A,1,40
9GVS,A,1,41
9GVS,A,1,67
9GVS,A,1,68
9GVS,A,1,69
9GVS,A,1,70
9GVS,A,1,71
9GVS,A,1,72
9GVS,A,1,273
9GVS,A,1,274
9GVS,A,1,275
9GVS,B,1,1
9GVS,B,1,2
9GVS,B,1,62
9GVS,B,1,63
9GVS,B,1,64
9GVS,B,1,65
9GVS,B,1,66
9GVS,B,1,67
9GVS,B,1,68
9GVS,B,1,69
9GVS,B,1,70
9GVS,B,1,274
9GVS,B,1,275
9GVT,A,1,1
9GVT,A,1,2
9GVT,A,1,39
9GVT,A,1,40
9GVT,A,1,41
9GVT,A,1,67
9GVT,A,1,68
9GVT,A,1,69
9GVT,A,1,70
9GVT,A,1,71
9GVT,A,1,72
9GVT,A,1,273
9GVT,A,1,274
9GVT,A,1,275
9GVT,B,1,1
9GVT,B,1,2
9GVT,B,1,62
9GVT,B,1,63
9GVT,B,1,64
9GVT,B,1,65
9GVT,B,1,66
9GVT,B,1,67
9GVT,B,1,68
9GVT,B,1,69
9GVT,B,1,70
9GVT,B,1,71
9GVT,B,1,72
9GVT,B,1,274
9GVT,B,1,275
9GW3,A,1,1
9GW3,A,1,2
9GW3,A,1,3
9GW3,A,1,61
9GW3,A,1,62
9GW3,A,1,63
9GW3,A,1,64
9GW3,A,1,65
9GW3,A,1,66
9GW3,A,1,67
9GW3,A,1,68
9GW3,A,1,69
9GW3,A,1,70
9GW3,A,1,71
9GW3,A,1,72
9GW3,A,1,73
9GW3,A,1,275
9GW3,B,1,1
9GW3,B,1,2
9GW3,B,1,3
9GW3,B,1,4
9GW3,B,1,39
9GW3,B,1,40
9GW3,B,1,41
9GW3,B,1,67
9GW3,B,1,68
9GW3,B,1,69
9GW3,B,1,70
9GW3,B,1,71
9GW4,A,1,1
9GW4,A,1,2
9GW4,A,1,3
9GW4,A,1,61
9GW4,A,1,62
9GW4,A,1,63
9GW4,A,1,64
9GW4,A,1,65
9GW4,A,1,66
9GW4,A,1,67
9GW4,A,1,68
9GW4,A,1,69
9GW4,A,1,70
9GW4,A,1,71
9GW4,A,1,72
9GW4,A,1,73
9GW4,A,1,274
9GW4,A,1,275
9GW4,B,1,1
9GW4,B,1,2
9GW4,B,1,3
9GW4,B,1,4
9GW4,B,1,39
9GW4,B,1,40
9GW4,B,1,41
9GW4,B,1,68
9GW4,B,1,69
9GW4,B,1,70
9GW4,B,1,71
9GW4,B,1,274
9GW4,B,1,275
9GW7,A,1,1
9GW7,A,1,2
9GW7,A,1,3
9GW7,A,1,61
9GW7,A,1,62
9GW7,A,1,63
9GW7,A,1,64
9GW7,A,1,65
9GW7,A,1,66
9GW7,A,1,67
9GW7,A,1,68
9GW7,A,1,69
9GW7,A,1,70
9GW7,A,1,71
9GW7,A,1,72
9GW7,A,1,73
9GW7,A,1,275
9GW7,B,1,1
9GW7,B,1,2
9GW7,B,1,3
9GW7,B,1,39
9GW7,B,1,40
9GW7,B,1,41
9GW7,B,1,67
9GW7,B,1,68
9GW7,B,1,69
9GW7,B,1,70
9GW7,B,1,71
9GW7,B,1,260
9GW7,B,1,261
9GW7,B,1,262
9GW8,A,1,1
9GW8,A,1,2
9GW8,A,1,3
9GW8,A,1,61
9GW8,A,1,62
9GW8,A,1,63
9GW8,A,1,64
9GW8,A,1,65
9GW8,A,1,66
9GW8,A,1,67
9GW8,A,1,68
9GW8,A,1,69
9GW8,A,1,70
9GW8,A,1,71
9GW8,A,1,72
9GW8,A,1,73
9GW8,A,1,274
9GW8,A,1,275
9GW8,B,1,1
9GW8,B,1,2
9GW8,B,1,3
9GW8,B,1,39
9GW8,B,1,40
9GW8,B,1,69
9GW8,B,1,70
9GW8,B,1,71
9GW8,B,1,274
9GW8,B,1,275
9GWB,A,1,1
9GWB,A,1,2
9GWB,A,1,61
9GWB,A,1,62
9GWB,A,1,63
9GWB,A,1,64
9GWB,A,1,65
9GWB,A,1,66
9GWB,A,1,67
9GWB,A,1,68
9GWB,A,1,69
9GWB,A,1,70
9GWB,A,1,71
9GWB,A,1,72
9GWB,A,1,275
9GWB,B,1,1
9GWB,B,1,2
9GWB,B,1,3
9GWB,B,1,4
9GWB,B,1,39
9GWB,B,1,40
9GWB,B,1,41
9GWB,B,1,67
9GWB,B,1,68
9GWB,B,1,69
9GWB,B,1,70
9GWB,B,1,71
9GWC,A,1,1
9GWC,A,1,2
9GWC,A,1,61
9GWC,A,1,62
9GWC,A,1,63
9GWC,A,1,64
9GWC,A,1,65
9GWC,A,1,66
9GWC,A,1,67
9GWC,A,1,68
9GWC,A,1,69
9GWC,A,1,70
9GWC,A,1,71
9GWC,A,1,72
9GWC,A,1,73
9GWC,A,1,275
9GWC,B,1,1
9GWC,B,1,2
9GWC,B,1,3
9GWC,B,1,4
9GWC,B,1,39
9GWC,B,1,40
9GWC,B,1,41
9GWC,B,1,67
9GWC,B,1,68
9GWC,B,1,69
9GWC,B,1,70
9GWC,B,1,71
9GWE,A,1,1
9GWE,A,1,2
9GWE,A,1,3
9GWE,A,1,68
9GWE,A,1,69
9GWE,A,1,70
9GWE,A,1,71
9GWE,A,1,72
9GWE,A,1,259
9GWE,A,1,260
9GWE,A,1,261
9GWE,A,1,273
9GWE,A,1,274
9GWE,A,1,275
9GWE,B,1,1
9GWE,B,1,2
9GWE,B,1,63
9GWE,B,1,64
9GWE,B,1,65
9GWE,B,1,66
9GWE,B,1,67
9GWE,B,1,68
9GWE,B,1,69
9GWE,B,1,70
9GWE,B,1,71
9GWE,B,1,72
9GWE,B,1,73
9GWE,B,1,274
9GWE,B,1,275
9GWF,A,1,1
9GWF,A,1,2
9GWF,A,1,3
9GWF,A,1,61
9GWF,A,1,62
9GWF,A,1,63
9GWF,A,1,64
9GWF,A,1,65
9GWF,A,1,66
9GWF,A,1,67
9GWF,A,1,68
9GWF,A,1,69
9GWF,A,1,70
9GWF,A,1,71
9GWF,A,1,72
9GWF,A,1,73
9GWF,A,1,275
9GWF,B,1,1
9GWF,B,1,2
9GWF,B,1,3
9GWF,B,1,39
9GWF,B,1,40
9GWF,B,1,41
9GWF,B,1,67
9GWF,B,1,68
9GWF,B,1,69
9GWF,B,1,70
9GWF,B,1,71
9GWF,B,1,260
9GWF,B,1,261
9GWF,B,1,262
9GWF,B,1,263
9GWF,B,1,274
9GWF,B,1,275
9GWG,A,1,1
9GWG,A,1,2
9GWG,A,1,3
9GWG,A,1,4
9GWG,A,1,61
9GWG,A,1,62
9GWG,A,1,63
9GWG,A,1,64
9GWG,A,1,65
9GWG,A,1,66
9GWG,A,1,67
9GWG,A,1,68
9GWG,A,1,69
9GWG,A,1,70
9GWG,A,1,71
9GWG,A,1,72
9GWG,A,1,73
9GWG,A,1,275
9GWG,B,1,1
9GWG,B,1,2
9GWG,B,1,3
9GWG,B,1,4
9GWG,B,1,39
9GWG,B,1,40
9GWG,B,1,41
9GWG,B,1,67
9GWG,B,1,68
9GWG,B,1,69
9GWG,B,1,70
9GWG,B,1,71
9GWG,B,1,275
9GWH,A,1,1
9GWH,A,1,2
9GWH,A,1,3
9GWH,A,1,63
9GWH,A,1,64
9GWH,A,1,65
9GWH,A,1,66
9GWH,A,1,67
9GWH,A,1,68
9GWH,A,1,69
9GWH,A,1,70
9GWH,A,1,71
9GWH,A,1,72
9GWH,A,1,73
9GWH,A,1,274
9GWH,A,1,275
9GWH,B,1,1
9GWH,B,1,2
9GWH,B,1,3
9GWH,B,1,4
9GWH,B,1,39
9GWH,B,1,67
9GWH,B,1,68
9GWH,B,1,69
9GWH,B,1,70
9GWH,B,1,71
9GWH,B,1,274
9GWH,B,1,275
9GWI,A,1,1
9GWI,A,1,2
9GWI,A,1,3
9GWI,A,1,61
9GWI,A,1,62
9GWI,A,1,63
9GWI,A,1,64
9GWI,A,1,65
9GWI,A,1,66
9GWI,A,1,67
9GWI,A,1,68
9GWI,A,1,69
9GWI,A,1,70
9GWI,A,1,71
9GWI,A,1,72
9GWI,A,1,73
9GWI,A,1,275
9GWI,B,1,1
9GWI,B,1,2
9GWI,B,1,3
9GWI,B,1,4
9GWI,B,1,39
9GWI,B,1,40
9GWI,B,1,41
9GWI,B,1,67
9GWI,B,1,68
9GWI,B,1,69
9GWI,B,1,70
9GWI,B,1,71
9GWI,B,1,274
9GWI,B,1,275
9GWK,A,1,1
9GWK,A,1,2
9GWK,A,1,3
9GWK,A,1,39
9GWK,A,1,40
9GWK,A,1,41
9GWK,A,1,68
9GWK,A,1,69
9GWK,A,1,70
9GWK,A,1,71
9GWK,A,1,72
9GWK,A,1,273
9GWK,A,1,274
9GWK,A,1,275
9GWK,B,1,1
9GWK,B,1,2
9GWK,B,1,62
9GWK,B,1,63
9GWK,B,1,64
9GWK,B,1,65
9GWK,B,1,66
9GWK,B,1,67
9GWK,B,1,68
9GWK,B,1,69
9GWK,B,1,70
9GWK,B,1,71
9GWK,B,1,274
9GWK,B,1,275
9GWL,A,1,1
9GWL,A,1,2
9GWL,A,1,3
9GWL,A,1,39
9GWL,A,1,40
9GWL,A,1,41
9GWL,A,1,68
9GWL,A,1,69
9GWL,A,1,70
9GWL,A,1,71
9GWL,A,1,72
9GWL,A,1,273
9GWL,A,1,274
9GWL,A,1,275
9GWL,B,1,1
9GWL,B,1,2
9GWL,B,1,3
9GWL,B,1,61
9GWL,B,1,62
9GWL,B,1,63
9GWL,B,1,64
9GWL,B,1,65
9GWL,B,1,66
9GWL,B,1,67
9GWL,B,1,68
9GWL,B,1,69
9GWL,B,1,70
9GWL,B,1,71
9GWL,B,1,274
9GWL,B,1,275
9GWM,A,1,1
9GWM,A,1,2
9GWM,A,1,40
9GWM,A,1,41
9GWM,A,1,67
9GWM,A,1,68
9GWM,A,1,69
9GWM,A,1,70
9GWM,A,1,71
9GWM,A,1,72
9GWM,A,1,273
9GWM,A,1,274
9GWM,A,1,275
9GWM,B,1,1
9GWM,B,1,2
9GWM,B,1,63
9GWM,B,1,64
9GWM,B,1,65
9GWM,B,1,66
9GWM,B,1,67
9GWM,B,1,68
9GWM,B,1,69
9GWM,B,1,70
9GWM,B,1,274
9GWM,B,1,275
9GWN,A,1,1
9GWN,A,1,2
9GWN,A,1,3
9GWN,A,1,61
9GWN,A,1,62
9GWN,A,1,63
9GWN,A,1,64
9GWN,A,1,65
9GWN,A,1,66
9GWN,A,1,67
9GWN,A,1,68
9GWN,A,1,69
9GWN,A,1,70
9GWN,A,1,71
9GWN,A,1,72
9GWN,A,1,73
9GWN,A,1,275
9GWN,B,1,1
9GWN,B,1,2
9GWN,B,1,3
9GWN,B,1,4
9GWN,B,1,39
9GWN,B,1,40
9GWN,B,1,41
9GWN,B,1,67
9GWN,B,1,68
9GWN,B,1,69
9GWN,B,1,70
9GWN,B,1,71
9GWN,B,1,274
9GWN,B,1,275
9GWP,A,1,1
9GWP,A,1,2
9GWP,A,1,3
9GWP,A,1,40
9GWP,A,1,41
9GWP,A,1,65
9GWP,A,1,66
9GWP,A,1,67
9GWP,A,1,68
9GWP,A,1,69
9GWP,A,1,70
9GWP,A,1,71
9GWP,A,1,72
9GWP,A,1,73
9GWP,A,1,261
9GWP,A,1,262
9GWP,A,1,274
9GWP,A,1,275
9GWP,B,1,1
9GWP,B,1,2
9GWP,B,1,3
9GWP,B,1,4
9GWP,B,1,39
9GWP,B,1,40
9GWP,B,1,41
9GWP,B,1,59
9GWP,B,1,60
9GWP,B,1,61
9GWP,B,1,62
9GWP,B,1,63
9GWP,B,1,64
9GWP,B,1,65
9GWP,B,1,66
9GWP,B,1,67
9GWP,B,1,68
9GWP,B,1,69
9GWP,B,1,70
9GWP,B,1,71
9GWP,B,1,72
9GWP,B,1,73
9GWP,B,1,274
9GWP,B,1,275
9GWQ,A,1,1
9GWQ,A,1,2
9GWQ,A,1,40
9GWQ,A,1,41
9GWQ,A,1,67
9GWQ,A,1,68
9GWQ,A,1,69
9GWQ,A,1,70
9GWQ,A,1,71
9GWQ,A,1,72
9GWQ,A,1,273
9GWQ,A,1,274
9GWQ,A,1,275
9GWQ,B,1,1
9GWQ,B,1,2
9GWQ,B,1,62
9GWQ,B,1,63
9GWQ,B,1,64
9GWQ,B,1,65
9GWQ,B,1,66
9GWQ,B,1,67
9GWQ,B,1,68
9GWQ,B,1,69
9GWQ,B,1,70
9GWQ,B,1,71
9GWQ,B,1,274
9GWQ,B,1,275
9GWR,A,1,1
9GWR,A,1,2
9GWR,A,1,3
9GWR,A,1,39
9GWR,A,1,40
9GWR,A,1,41
9GWR,A,1,69
9GWR,A,1,70
9GWR,A,1,273
9GWR,A,1,274
9GWR,A,1,275
9GWR,B,1,1
9GWR,B,1,2
9GWR,B,1,59
9GWR,B,1,60
9GWR,B,1,61
9GWR,B,1,62
9GWR,B,1,63
9GWR,B,1,64
9GWR,B,1,65
9GWR,B,1,66
9GWR,B,1,67
9GWR,B,1,68
9GWR,B,1,69
9GWR,B,1,70
9GWR,B,1,71
9GWR,B,1,72
9GWR,B,1,274
9GWR,B,1,275
9GWS,A,1,1
9GWS,A,1,2
9GWS,A,1,40
9GWS,A,1,41
9GWS,A,1,68
9GWS,A,1,69
9GWS,A,1,70
9GWS,A,1,71
9GWS,A,1,273
9GWS,A,1,274
9GWS,A,1,275
9GWS,B,1,1
9GWS,B,1,2
9GWS,B,1,62
9GWS,B,1,63
9GWS,B,1,64
9GWS,B,1,65
9GWS,B,1,66
9GWS,B,1,67
9GWS,B,1,68
9GWS,B,1,69
9GWS,B,1,70
9GWS,B,1,71
9GWS,B,1,274
9GWS,B,1,275
9GWX,A,1,1
9GWX,A,1,2
9GWX,A,1,3
9GWX,A,1,40
9GWX,A,1,41
9GWX,A,1,69
9GWX,A,1,70
9GWX,A,1,273
9GWX,A,1,274
9GWX,A,1,275
9GWX,B,1,1
9GWX,B,1,2
9GWX,B,1,61
9GWX,B,1,62
9GWX,B,1,63
9GWX,B,1,64
9GWX,B,1,65
9GWX,B,1,66
9GWX,B,1,67
9GWX,B,1,68
9GWX,B,1,69
9GWX,B,1,70
9GWX,B,1,71
9GWX,B,1,72
9GWX,B,1,274
9GWX,B,1,275
9GWY,A,1,1
9GWY,A,1,2
9GWY,A,1,40
9GWY,A,1,41
9GWY,A,1,68
9GWY,A,1,69
9GWY,A,1,70
9GWY,A,1,71
9GWY,A,1,273
9GWY,A,1,274
9GWY,A,1,275
9GWY,B,1,1
9GWY,B,1,2
9GWY,B,1,62
9GWY,B,1,63
9GWY,B,1,64
9GWY,B,1,65
9GWY,B,1,66
9GWY,B,1,67
9GWY,B,1,68
9GWY,B,1,69
9GWY,B,1,70
9GWY,B,1,71
9GWY,B,1,274
9GWY,B,1,275
9GX0,A,1,1
9GX0,A,1,2
9GX0,A,1,39
9GX0,A,1,40
9GX0,A,1,41
9GX0,A,1,68
9GX0,A,1,69
9GX0,A,1,70
9GX0,A,1,71
9GX0,A,1,72
9GX0,A,1,260
9GX0,A,1,261
9GX0,A,1,262
9GX0,A,1,273
9GX0,A,1,274
9GX0,A,1,275
9GX0,B,1,1
9GX0,B,1,2
9GX0,B,1,62
9GX0,B,1,63
9GX0,B,1,64
9GX0,B,1,65
9GX0,B,1,66
9GX0,B,1,67
9GX0,B,1,68
9GX0,B,1,69
9GX0,B,1,70
9GX0,B,1,274
9GX0,B,1,275
9GX1,A,1,1
9GX1,A,1,2
9GX1,A,1,40
9GX1,A,1,41
9GX1,A,1,67
9GX1,A,1,68
9GX1,A,1,69
9GX1,A,1,70
9GX1,A,1,71
9GX1,A,1,72
9GX1,A,1,260
9GX1,A,1,261
9GX1,A,1,262
9GX1,A,1,273
9GX1,A,1,274
9GX1,A,1,275
9GX1,B,1,1
9GX1,B,1,2
9GX1,B,1,62
9GX1,B,1,63
9GX1,B,1,64
9GX1,B,1,65
9GX1,B,1,66
9GX1,B,1,67
9GX1,B,1,68
9GX1,B,1,69
9GX1,B,1,70
9GX1,B,1,274
9GX1,B,1,275
9GX2,A,1,1
9GX2,A,1,2
9GX2,A,1,3
9GX2,A,1,4
9GX2,A,1,40
9GX2,A,1,66
9GX2,A,1,67
9GX2,A,1,68
9GX2,A,1,69
9GX2,A,1,70
9GX2,A,1,71
9GX2,A,1,72
9GX2,B,1,1
9GX2,B,1,2
9GX2,B,1,61
9GX2,B,1,62
9GX2,B,1,63
9GX2,B,1,64
9GX2,B,1,65
9GX2,B,1,66
9GX2,B,1,67
9GX2,B,1,68
9GX2,B,1,69
9GX2,B,1,70
9GX2,B,1,71
9GX2,B,1,72
9GX2,B,1,73
9GX2,B,1,260
9GX2,B,1,273
9GX3,A,1,1
9GX3,A,1,2
9GX3,A,1,41
9GX3,A,1,65
9GX3,A,1,66
9GX3,A,1,67
9GX3,A,1,68
9GX3,A,1,69
9GX3,A,1,70
9GX3,A,1,71
9GX3,A,1,72
9GX3,A,1,73
9GX3,A,1,275
9GX3,B,1,1
9GX3,B,1,2
9GX3,B,1,3
9GX3,B,1,39
9GX3,B,1,40
9GX3,B,1,41
9GX3,B,1,67
9GX3,B,1,68
9GX3,B,1,69
9GX3,B,1,70
9GX3,B,1,71
9GX3,B,1,273
9GX3,B,1,274
9GX3,B,1,275
9GX4,A,1,1
9GX4,A,1,2
9GX4,A,1,3
9GX4,A,1,39
9GX4,A,1,40
9GX4,A,1,41
9GX4,A,1,67
9GX4,A,1,68
9GX4,A,1,69
9GX4,A,1,70
9GX4,A,1,71
9GX4,A,1,72
9GX4,A,1,273
9GX4,A,1,274
9GX4,A,1,275
9GX4,B,1,1
9GX4,B,1,2
9GX4,B,1,61
9GX4,B,1,62
9GX4,B,1,63
9GX4,B,1,64
9GX4,B,1,65
9GX4,B,1,66
9GX4,B,1,67
9GX4,B,1,68
9GX4,B,1,69
9GX4,B,1,70
9GX4,B,1,71
9GX4,B,1,72
9GX4,B,1,274
9GX4,B,1,275
9GX5,A,1,1
9GX5,A,1,2
9GX5,A,1,3
9GX5,A,1,39
9GX5,A,1,40
9GX5,A,1,41
9GX5,A,1,67
9GX5,A,1,68
9GX5,A,1,69
9GX5,A,1,70
9GX5,A,1,71
9GX5,A,1,72
9GX5,A,1,273
9GX5,A,1,274
9GX5,A,1,275
9GX5,B,1,1
9GX5,B,1,2
9GX5,B,1,63
9GX5,B,1,64
9GX5,B,1,65
9GX5,B,1,66
9GX5,B,1,67
9GX5,B,1,68
9GX5,B,1,69
9GX5,B,1,70
9GX5,B,1,71
9GX5,B,1,273
9GX5,B,1,274
9GX5,B,1,275
9GX6,A,1,1
9GX6,A,1,2
9GX6,A,1,61
9GX6,A,1,62
9GX6,A,1,63
9GX6,A,1,64
9GX6,A,1,65
9GX6,A,1,66
9GX6,A,1,67
9GX6,A,1,68
9GX6,A,1,69
9GX6,A,1,70
9GX6,A,1,71
9GX6,A,1,72
9GX6,A,1,73
9GX6,A,1,275
9GX6,B,1,1
9GX6,B,1,2
9GX6,B,1,3
9GX6,B,1,39
9GX6,B,1,40
9GX6,B,1,41
9GX6,B,1,69
9GX6,B,1,70
9GX6,B,1,71
9GX6,B,1,274
9GX6,B,1,275
9GX7,A,1,1
9GX7,A,1,2
9GX7,A,1,3
9GX7,A,1,40
9GX7,A,1,41
9GX7,A,1,67
9GX7,A,1,68
9GX7,A,1,69
9GX7,A,1,70
9GX7,A,1,71
9GX7,A,1,72
9GX7,A,1,273
9GX7,A,1,274
9GX7,A,1,275
9GX7,B,1,1
9GX7,B,1,2
9GX7,B,1,62
9GX7,B,1,63
9GX7,B,1,64
9GX7,B,1,65
9GX7,B,1,66
9GX7,B,1,67
9GX7,B,1,68
9GX7,B,1,69
9GX7,B,1,70
9GX7,B,1,71
9GX7,B,1,274
9GX7,B,1,275
9GXD,A,1,1
9GXD,A,1,2
9GXD,A,1,3
9GXD,A,1,68
9GXD,A,1,69
9GXD,A,1,70
9GXD,A,1,71
9GXD,A,1,260
9GXD,A,1,273
9GXD,A,1,274
9GXD,A,1,275
9GXD,B,1,1
9GXD,B,1,2
9GXD,B,1,66
9GXD,B,1,67
9GXD,B,1,68
9GXD,B,1,69
9GXD,B,1,70
9GXD,B,1,71
9GXD,B,1,260
9GXD,B,1,274
9GXD,B,1,275
9GZ7,A,1,1
9GZ7,A,1,2
9GZ7,A,1,3
9GZ7,A,1,39
9GZ7,A,1,40
9GZ7,A,1,41
9GZ7,A,1,65
9GZ7,A,1,66
9GZ7,A,1,67
9GZ7,A,1,68
9GZ7,A,1,69
9GZ7,A,1,70
9GZ7,A,1,71
9GZ7,A,1,72
9GZ7,A,1,260
9GZ7,A,1,261
9GZ7,A,1,262
9GZ7,A,1,273
9GZ7,A,1,274
9GZ7,A,1,275
9GZ7,B,1,1
9GZ7,B,1,2
9GZ7,B,1,61
9GZ7,B,1,62
9GZ7,B,1,274
9GZ7,B,1,275
9GZ8,A,1,1
9GZ8,A,1,2
9GZ8,A,1,3
9GZ8,A,1,61
9GZ8,A,1,62
9GZ8,A,1,63
9GZ8,A,1,64
9GZ8,A,1,65
9GZ8,A,1,66
9GZ8,A,1,67
9GZ8,A,1,68
9GZ8,A,1,69
9GZ8,A,1,70
9GZ8,A,1,71
9GZ8,A,1,273
9GZ8,A,1,274
9GZ8,A,1,275
9GZ8,B,1,1
9GZ8,B,1,2
9GZ8,B,1,3
9GZ8,B,1,4
9GZ8,B,1,39
9GZ8,B,1,40
9GZ8,B,1,41
9GZ8,B,1,42
9GZ8,B,1,60
9GZ8,B,1,61
9GZ8,B,1,69
9GZ8,B,1,70
9GZ8,B,1,71
9GZ8,B,1,259
9GZ8,B,1,260
9GZ8,B,1,275
9GZ9,A,1,1
9GZ9,A,1,2
9GZ9,A,1,3
9GZ9,A,1,61
9GZ9,A,1,62
9GZ9,A,1,63
9GZ9,A,1,64
9GZ9,A,1,65
9GZ9,A,1,66
9GZ9,A,1,67
9GZ9,A,1,68
9GZ9,A,1,69
9GZ9,A,1,70
9GZ9,A,1,71
9GZ9,A,1,273
9GZ9,A,1,274
9GZ9,A,1,275
9GZ9,B,1,1
9GZ9,B,1,2
9GZ9,B,1,39
9GZ9,B,1,40
9GZ9,B,1,41
9GZ9,B,1,42
9GZ9,B,1,68
9GZ9,B,1,69
9GZ9,B,1,70
9GZ9,B,1,71
9GZ9,B,1,72
9GZ9,B,1,73
9GZ9,B,1,260
9GZ9,B,1,261
9GZ9,B,1,262
9GZ9,B,1,263
9GZ9,B,1,275
9GZA,A,1,1
9GZA,A,1,2
9GZA,A,1,3
9GZA,A,1,61
9GZA,A,1,62
9GZA,A,1,63
9GZA,A,1,64
9GZA,A,1,65
9GZA,A,1,66
9GZA,A,1,67
9GZA,A,1,68
9GZA,A,1,69
9GZA,A,1,70
9GZA,A,1,71
9GZA,A,1,275
9GZA,B,1,1
9GZA,B,1,2
9GZA,B,1,3
9GZA,B,1,39
9GZA,B,1,40
9GZA,B,1,41
9GZB,A,1,1
9GZB,A,1,2
9GZB,A,1,3
9GZB,A,1,61
9GZB,A,1,62
9GZB,A,1,63
9GZB,A,1,64
9GZB,A,1,65
9GZB,A,1,66
9GZB,A,1,67
9GZB,A,1,68
9GZB,A,1,69
9GZB,A,1,70
9GZB,A,1,71
9GZB,A,1,72
9GZB,A,1,262
9GZB,A,1,273
9GZB,A,1,274
9GZB,A,1,275
9GZB,B,1,1
9GZB,B,1,2
9GZB,B,1,3
9GZB,B,1,39
9GZB,B,1,40
9GZB,B,1,41
9GZB,B,1,42
9GZB,B,1,66
9GZB,B,1,67
9GZB,B,1,68
9GZB,B,1,69
9GZB,B,1,70
9GZB,B,1,71
9GZB,B,1,72
9GZB,B,1,73
9GZB,B,1,260
9GZB,B,1,261
9GZB,B,1,262
9GZB,B,1,274
9GZB,B,1,275
9GZC,A,1,1
9GZC,A,1,2
9GZC,A,1,3
9GZC,A,1,40
9GZC,A,1,41
9GZC,A,1,67
9GZC,A,1,68
9GZC,A,1,69
9GZC,A,1,70
9GZC,A,1,71
9GZC,A,1,72
9GZC,A,1,73
9GZC,A,1,273
9GZC,A,1,274
9GZC,A,1,275
9GZC,B,1,1
9GZC,B,1,2
9GZC,B,1,63
9GZC,B,1,64
9GZC,B,1,65
9GZC,B,1,66
9GZC,B,1,67
9GZC,B,1,68
9GZC,B,1,69
9GZC,B,1,70
9GZC,B,1,274
9GZC,B,1,275
9GZD,A,1,178
9GZD,A,1,179
9GZD,A,1,180
9GZE,A,1,1
9GZE,A,1,2
9GZE,A,1,3
9GZE,A,1,4
9GZE,A,1,39
9GZE,A,1,40
9GZE,A,1,41
9GZE,A,1,67
9GZE,A,1,68
9GZE,A,1,69
9GZE,A,1,70
9GZE,A,1,71
9GZE,A,1,72
9GZE,B,1,1
9GZE,B,1,2
9GZE,B,1,61
9GZE,B,1,62
9GZE,B,1,63
9GZE,B,1,64
9GZE,B,1,65
9GZE,B,1,66
9GZE,B,1,67
9GZE,B,1,68
9GZE,B,1,69
9GZE,B,1,70
9GZE,B,1,71
9GZE,B,1,72
9GZF,A,1,1
9GZF,A,1,2
9GZF,A,1,3
9GZF,A,1,39
9GZF,A,1,40
9GZF,A,1,41
9GZF,A,1,67
9GZF,A,1,68
9GZF,A,1,69
9GZF,A,1,70
9GZF,A,1,71
9GZF,A,1,72
9GZF,A,1,273
9GZF,A,1,274
9GZF,A,1,275
9GZF,B,1,1
9GZF,B,1,2
9GZF,B,1,61
9GZF,B,1,62
9GZF,B,1,63
9GZF,B,1,64
9GZF,B,1,65
9GZF,B,1,66
9GZF,B,1,67
9GZF,B,1,68
9GZF,B,1,69
9GZF,B,1,70
9GZF,B,1,71
9GZF,B,1,72
9GZF,B,1,73
9GZI,A,1,1
9GZI,A,1,2
9GZI,A,1,3
9GZI,A,1,40
9GZI,A,1,41
9GZI,A,1,67
9GZI,A,1,68
9GZI,A,1,69
9GZI,A,1,70
9GZI,A,1,71
9GZI,A,1,72
9GZI,A,1,260
9GZI,A,1,261
9GZI,A,1,262
9GZI,A,1,274
9GZI,A,1,275
9GZI,B,1,1
9GZI,B,1,2
9GZI,B,1,62
9GZI,B,1,63
9GZI,B,1,64
9GZI,B,1,65
9GZI,B,1,66
9GZI,B,1,67
9GZI,B,1,68
9GZI,B,1,69
9GZI,B,1,70
9GZI,B,1,71
9GZI,B,1,72
9GZI,B,1,73
9GZI,B,1,274
9GZI,B,1,275
9H65,A,1,1
9H65,A,1,2
9H65,A,1,3
9H65,A,1,4
9H65,B,1,1
9H65,B,1,2
9H65,B,1,3
9H65,B,1,100
9H65,B,1,101
9H65,B,1,102
9H65,B,1,103
9H65,B,1,232
9H65,B,1,233
9H65,D,1,1
9H65,D,1,2
9H65,D,1,3
9H66,A,1,1
9H66,A,1,2
9H66,A,1,3
9H66,A,1,4
9H66,A,1,233
9H66,B,1,1
9H66,B,1,2
9H66,B,1,3
9H66,B,1,4
9H66,C,1,1
9H66,C,1,2
9H66,C,1,3
9H66,C,1,4
9H66,C,1,5
9H66,C,1,233
9H66,D,1,1
9H66,D,1,2
9H66,D,1,3
9H66,D,1,4
9H66,E,1,1
9H66,F,1,1
9H66,F,1,13
9H66,H,1,1
9H66,H,1,13
9H66,I,1,12
9H66,I,1,13
9H66,J,1,13
9HDF,E,1,178
9HDF,E,1,179
9HDF,E,1,180
9HDF,E,1,181
9HDF,H,1,178
9HDF,H,1,179
9HDF,H,1,248
9HDF,K,1,178
9HDF,K,1,179
9HDF,K,1,180
9HDF,N,1,178
9HDF,N,1,179
9HDF,N,1,180
9HDF,O,1,178
9HDF,O,1,179
9HDF,O,1,180
9HDF,O,1,181
9HDF,P,1,178
9HDF,P,1,179
9HDF,P,1,180
9HDF,P,1,181
9HDF,P,1,248
9HDF,Q,1,1
9HDF,R,1,1
9HDF,S,1,1
9HDF,T,1,1
9HDF,U,1,1
9HDF,V,1,1
9HDF,V,1,15
9HDF,W,1,1
9HDF,W,1,15
9HDF,X,1,1
9HDF,X,1,15
9HDF,Z,1,1
9HDF,AA,1,1
9HDF,BA,1,1
9HDF,CA,1,1
9HDF,EA,1,1
9HDF,FA,1,1
9HX2,A,1,1
9HX2,A,1,2
9HX2,A,1,3
9HX2,A,1,4
9HX2,A,1,5
9HX2,A,1,6
9HX2,A,1,7
9HX2,A,1,8
9HX2,A,1,9
9HX2,A,1,10
9HX2,A,1,11
9HX2,A,1,12
9HX2,A,1,13
9HX2,A,1,14
9HX2,A,1,73
9HX2,A,1,74
9HX2,A,1,75
9HX2,A,1,76
9HX2,A,1,77
9HX2,A,1,78
9HX2,A,1,79
9HX2,A,1,80
9HX2,A,1,81
9HX2,A,1,82
9HX2,A,1,83
9HX2,A,1,84
9HX2,A,1,85
9HX2,B,1,1
9HX2,B,1,2
9HX2,B,1,3
9HX2,B,1,4
9HX2,B,1,5
9HX2,B,1,6
9HX2,B,1,7
9HX2,B,1,8
9HX2,B,1,9
9HX2,B,1,10
9HX2,B,1,11
9HX2,B,1,12
9HX2,B,1,13
9HX2,B,1,14
9HX2,B,1,15
9HX2,B,1,16
9HX2,B,1,50
9HX2,B,1,51
9HX2,B,1,52
9HX2,B,1,53
9HX2,B,1,77
9HX2,B,1,78
9HX2,B,1,79
9HX2,B,1,80
9HX2,B,1,81
9HX2,B,1,82
9HX2,B,1,83
9HX2,B,1,84
9HX2,B,1,85
9HX2,B,1,86
9HX2,B,1,285
9HX2,B,1,286
9IBR,A,1,29
9IBR,A,1,182
9IBR,A,1,218
9IBR,B,1,1
9IBR,B,1,9
9IBR,B,1,10
9IWJ,A,1,1
9IWJ,A,1,2
9IWJ,A,1,3
9IWJ,A,1,4
9IWJ,A,1,5
9IWJ,A,1,6
9IWJ,A,1,7
9IWJ,A,1,8
9IWJ,A,1,62
9IWJ,A,1,63
9IWJ,A,1,64
9IWJ,A,1,65
9IWJ,A,1,66
9IWJ,A,1,67
9IWJ,A,1,68
9IWJ,A,1,69
9IWJ,A,1,70
9IWJ,A,1,71
9IWJ,A,1,72
9IWJ,A,1,73
9IWJ,A,1,74
9IWJ,A,1,75
9IWJ,A,1,76
9IWJ,A,1,77
9IWJ,A,1,78
9IWJ,A,1,79
9IWJ,A,1,80
9IWJ,A,1,81
9IWJ,A,1,82
9IWJ,A,1,83
9IWJ,A,1,84
9IWJ,A,1,253
9IWJ,A,1,254
9IWJ,A,1,255
9IWJ,A,1,256
9IWJ,A,1,257
9IWJ,A,1,258
9IWJ,A,1,259
9IWJ,A,1,260
9IWJ,A,1,261
9IWJ,A,1,262
9IWJ,A,1,263
9IWJ,A,1,264
9IWJ,A,1,265
9IWJ,A,1,266
9IWJ,A,1,267
9IWJ,A,1,268
9IWJ,A,1,269
9IWJ,A,1,270
9IWJ,A,1,271
9IWJ,A,1,272
9IWJ,A,1,273
9IWJ,B,1,1
9IWJ,B,1,2
9IWJ,B,1,3
9IWJ,B,1,4
9IWJ,B,1,5
9IWJ,B,1,62
9IWJ,B,1,63
9IWJ,B,1,64
9IWJ,B,1,65
9IWJ,B,1,66
9IWJ,B,1,67
9IWJ,B,1,68
9IWJ,B,1,69
9IWJ,B,1,70
9IWJ,B,1,71
9IWJ,B,1,72
9IWJ,B,1,73
9IWJ,B,1,74
9IWJ,B,1,75
9IWJ,B,1,76
9IWJ,B,1,77
9IWJ,B,1,78
9IWJ,B,1,79
9IWJ,B,1,80
9IWJ,B,1,81
9IWJ,B,1,82
9IWJ,B,1,83
9IWJ,B,1,253
9IWJ,B,1,254
9IWJ,B,1,255
9IWJ,B,1,256
9IWJ,B,1,257
9IWJ,B,1,258
9IWJ,B,1,259
9IWJ,B,1,260
9IWJ,B,1,261
9IWJ,B,1,262
9IWJ,B,1,263
9IWJ,B,1,264
9IWJ,B,1,265
9IWJ,B,1,266
9IWJ,B,1,267
9IWJ,B,1,268
9IWJ,B,1,269
9IWJ,B,1,270
9IWJ,B,1,271
9IWJ,B,1,272
9IWJ,B,1,273
9IWJ,C,1,1
9IWJ,C,1,2
9IWJ,C,1,3
9IWJ,C,1,4
9IWJ,C,1,5
9IWJ,C,1,6
9IWJ,C,1,62
9IWJ,C,1,63
9IWJ,C,1,64
9IWJ,C,1,65
9IWJ,C,1,66
9IWJ,C,1,67
9IWJ,C,1,68
9IWJ,C,1,69
9IWJ,C,1,70
9IWJ,C,1,71
9IWJ,C,1,72
9IWJ,C,1,73
9IWJ,C,1,74
9IWJ,C,1,75
9IWJ,C,1,76
9IWJ,C,1,77
9IWJ,C,1,78
9IWJ,C,1,79
9IWJ,C,1,80
9IWJ,C,1,81
9IWJ,C,1,82
9IWJ,C,1,83
9IWJ,C,1,84
9IWJ,C,1,253
9IWJ,C,1,254
9IWJ,C,1,255
9IWJ,C,1,256
9IWJ,C,1,257
9IWJ,C,1,258
9IWJ,C,1,259
9IWJ,C,1,260
9IWJ,C,1,261
9IWJ,C,1,262
9IWJ,C,1,263
9IWJ,C,1,264
9IWJ,C,1,265
9IWJ,C,1,266
9IWJ,C,1,267
9IWJ,C,1,268
9IWJ,C,1,269
9IWJ,C,1,270
9IWJ,C,1,271
9IWJ,C,1,272
9IWJ,C,1,273
9IWJ,D,1,1
9IWJ,D,1,62
9IWJ,D,1,63
9IWJ,D,1,64
9IWJ,D,1,65
9IWJ,D,1,66
9IWJ,D,1,67
9IWJ,D,1,68
9IWJ,D,1,69
9IWJ,D,1,70
9IWJ,D,1,71
9IWJ,D,1,72
9IWJ,D,1,73
9IWJ,D,1,74
9IWJ,D,1,75
9IWJ,D,1,76
9IWJ,D,1,77
9IWJ,D,1,78
9IWJ,D,1,79
9IWJ,D,1,80
9IWJ,D,1,81
9IWJ,D,1,82
9IWJ,D,1,83
9IWJ,D,1,84
9IWJ,D,1,253
9IWJ,D,1,254
9IWJ,D,1,255
9IWJ,D,1,256
9IWJ,D,1,257
9IWJ,D,1,258
9IWJ,D,1,259
9IWJ,D,1,260
9IWJ,D,1,261
9IWJ,D,1,262
9IWJ,D,1,263
9IWJ,D,1,264
9IWJ,D,1,265
9IWJ,D,1,266
9IWJ,D,1,267
9IWJ,D,1,268
9IWJ,D,1,269
9IWJ,D,1,270
9IWJ,D,1,271
9IWJ,D,1,272
9IWJ,D,1,273
9IWJ,E,1,1
9IWJ,E,1,2
9IWJ,E,1,3
9IWJ,E,1,18
9IWJ,E,1,19
9IWJ,E,1,20
9IWJ,E,1,21
9IWJ,E,1,22
9IWJ,F,1,1
9IWJ,F,1,2
9IWJ,F,1,3
9IWJ,F,1,18
9IWJ,F,1,19
9IWJ,F,1,20
9IWJ,F,1,21
9IWJ,F,1,22
9IWJ,G,1,1
9IWJ,G,1,2
9IWJ,G,1,3
9IWJ,G,1,19
9IWJ,G,1,20
9IWJ,G,1,21
9IWJ,G,1,22
9IWJ,H,1,1
9IWJ,H,1,2
9IWJ,H,1,3
9IWJ,H,1,4
9IWJ,H,1,18
9IWJ,H,1,19
9IWJ,H,1,20
9IWJ,H,1,21
9IWJ,H,1,22
9IWK,A,1,1
9IWK,A,1,2
9IWK,A,1,3
9IWK,A,1,62
9IWK,A,1,63
9IWK,A,1,64
9IWK,A,1,65
9IWK,A,1,66
9IWK,A,1,67
9IWK,A,1,68
9IWK,A,1,69
9IWK,A,1,70
9IWK,A,1,71
9IWK,A,1,72
9IWK,A,1,73
9IWK,A,1,74
9IWK,A,1,75
9IWK,A,1,76
9IWK,A,1,77
9IWK,A,1,78
9IWK,A,1,79
9IWK,A,1,80
9IWK,A,1,81
9IWK,A,1,82
9IWK,A,1,83
9IWK,A,1,84
9IWK,A,1,85
9IWK,A,1,86
9IWK,A,1,87
9IWK,A,1,88
9IWK,A,1,89
9IWK,A,1,90
9IWK,A,1,258
9IWK,A,1,259
9IWK,A,1,260
9IWK,A,1,261
9IWK,A,1,262
9IWK,A,1,263
9IWK,A,1,264
9IWK,A,1,265
9IWK,A,1,266
9IWK,A,1,267
9IWK,A,1,268
9IWK,A,1,269
9IWK,A,1,270
9IWK,A,1,271
9IWK,A,1,272
9IWK,A,1,273
9IWK,A,1,274
9IWK,A,1,275
9IWK,A,1,276
9IWK,A,1,277
9IWK,A,1,278
9IWK,A,1,279
9IWK,B,1,1
9IWK,B,1,2
9IWK,B,1,3
9IWK,B,1,4
9IWK,B,1,14
9IWK,B,1,15
9IWK,B,1,16
9IWK,B,1,17
9IWK,B,1,18
9IWK,B,1,19
9IWK,B,1,20
9IWK,B,1,21
9IWK,B,1,22
9IWK,C,1,1
9IWK,C,1,2
9IWK,C,1,3
9IWK,C,1,4
9IWK,C,1,5
9IWK,C,1,6
9IWK,C,1,7
9IWK,C,1,69
9IWK,C,1,70
9IWK,C,1,71
9IWK,C,1,72
9IWK,C,1,73
9IWK,C,1,74
9IWK,C,1,75
9IWK,C,1,76
9IWK,C,1,263
9IWK,C,1,264
9IWK,C,1,265
9IWK,C,1,266
9IWK,C,1,267
9IWK,C,1,268
9IWK,C,1,269
9IWK,C,1,270
9IWK,C,1,271
9IWK,C,1,272
9IWK,C,1,273
9IWK,C,1,274
9IWK,C,1,275
9IWK,C,1,276
9IWK,C,1,277
9IWK,C,1,278
9IWK,C,1,279
9IWK,D,1,1
9IWK,D,1,2
9IWK,D,1,3
9IWK,D,1,14
9IWK,D,1,15
9IWK,D,1,16
9IWK,D,1,17
9IWK,D,1,18
9IWK,D,1,19
9IWK,D,1,20
9IWK,D,1,21
9IWK,D,1,22
9IWL,A,1,37
9IWL,A,1,38
9IWL,A,1,39
9IWL,A,1,40
9IWL,A,1,41
9IWL,A,1,62
9IWL,A,1,63
9IWL,A,1,64
9IWL,A,1,65
9IWL,A,1,66
9IWL,A,1,67
9IWL,A,1,68
9IWL,A,1,69
9IWL,A,1,70
9IWL,B,1,15
9IWL,B,1,16
9IWL,B,1,17
9IWL,B,1,18
9IWL,B,1,19
9IWM,A,1,1
9IWM,A,1,2
9IWM,A,1,3
9IWM,A,1,4
9IWM,A,1,5
9IWM,A,1,37
9IWM,A,1,38
9IWM,A,1,39
9IWM,A,1,40
9IWM,A,1,41
9IWM,B,1,14
9IWM,B,1,15
9IWM,B,1,16
9IWM,B,1,17
9IWM,B,1,18
9IWM,B,1,19
9IWN,A,1,1
9IWN,A,1,2
9IWN,A,1,3
9IWN,A,1,4
9IWN,A,1,5
9IWN,A,1,6
9IWN,A,1,37
9IWN,A,1,38
9IWN,A,1,39
9IWN,A,1,67
9IWN,A,1,68
9IWN,A,1,69
9IWN,B,1,1
9IWN,B,1,2
9IWN,B,1,3
9IWN,B,1,4
9IWO,A,1,1
9IWO,A,1,2
9IWO,A,1,3
9IWO,A,1,4
9IWO,A,1,5
9IWO,A,1,6
9IWO,A,1,37
9IWO,A,1,38
9IWO,A,1,39
9IWO,A,1,40
9IWO,A,1,41
9IWO,B,1,1
9IWO,B,1,2
9IWO,B,1,3
9IWO,B,1,4
9IWO,B,1,15
9IX5,A,1,1
9IX5,A,1,2
9IX5,A,1,3
9IX5,A,1,4
9IX5,A,1,5
9IX5,A,1,6
9IX5,A,1,7
9IX5,A,1,8
9IX5,A,1,35
9IX5,A,1,36
9IX5,A,1,45
9IX5,A,1,46
9IX5,A,1,47
9IX5,A,1,48
9IX5,A,1,49
9IX5,A,1,50
9IX5,A,1,51
9IX5,A,1,52
9IX5,A,1,53
9IX5,A,1,54
9IX5,A,1,55
9IX5,A,1,56
9IX5,A,1,57
9IX5,A,1,58
9IX5,A,1,59
9IX5,A,1,60
9IX5,A,1,61
9IX5,A,1,62
9IX5,A,1,242
9IX5,A,1,243
9IX5,A,1,258
9IX5,A,1,259
9IX5,B,1,12
9J0K,A,1,1
9J0K,A,1,2
9J0K,A,1,3
9J0K,A,1,4
9J0K,A,1,5
9J0K,A,1,6
9J0K,A,1,7
9J0K,A,1,8
9J0K,A,1,9
9J0K,A,1,53
9J0K,A,1,54
9J0K,A,1,55
9J0K,A,1,56
9J0K,A,1,57
9J0K,A,1,58
9J0K,A,1,59
9J0K,A,1,60
9J0K,A,1,61
9J0K,A,1,62
9J0K,A,1,246
9J0K,B,1,1
9J0K,B,1,2
9J0K,B,1,3
9J0K,B,1,4
9J0K,B,1,5
9J0K,B,1,6
9J0K,B,1,7
9J0K,B,1,8
9J0K,B,1,9
9J0K,B,1,10
9J0K,B,1,56
9J0K,B,1,57
9J0K,B,1,58
9J0K,B,1,246
9J0K,B,1,247
9J0K,B,1,260
9KNC,A,1,1
9KNC,A,1,2
9KNC,A,1,3
9KNC,A,1,4
9KNC,A,1,5
9KNC,A,1,6
9KNC,A,1,7
9KNC,A,1,8
9KNC,A,1,9
9KNC,A,1,10
9KNC,A,1,11
9KNC,A,1,12
9KNC,A,1,13
9KNC,A,1,14
9KNC,A,1,15
9KNC,A,1,16
9KNC,A,1,17
9KNC,A,1,18
9KNC,A,1,19
9KNC,A,1,20
9KNC,A,1,21
9KNC,A,1,22
9KNC,A,1,23
9KNC,A,1,24
9KNC,A,1,25
9KNC,A,1,251
9KNC,B,1,1
9KNC,B,1,13
9KNC,B,1,14
9KNC,B,1,15
9KND,A,1,1
9KND,A,1,2
9KND,A,1,3
9KND,A,1,4
9KND,A,1,5
9KND,A,1,6
9KND,A,1,7
9KND,A,1,8
9KND,A,1,9
9KND,A,1,10
9KND,A,1,11
9KND,A,1,12
9KND,A,1,13
9KND,A,1,14
9KND,A,1,15
9KND,A,1,16
9KND,A,1,17
9KND,A,1,18
9KND,A,1,19
9KND,A,1,20
9KND,A,1,21
9KND,A,1,22
9KND,A,1,23
9KND,A,1,24
9KND,A,1,25
9KND,B,1,1
9KND,B,1,12
9KND,B,1,13
9KND,B,1,14
9KND,B,1,15
9KNE,A,1,1
9KNE,A,1,2
9KNE,A,1,3
9KNE,A,1,4
9KNE,A,1,5
9KNE,A,1,6
9KNE,A,1,7
9KNE,A,1,8
9KNE,A,1,9
9KNE,A,1,10
9KNE,A,1,11
9KNE,A,1,12
9KNE,A,1,13
9KNE,A,1,14
9KNE,A,1,15
9KNE,A,1,16
9KNE,A,1,17
9KNE,A,1,18
9KNE,A,1,19
9KNE,A,1,20
9KNE,A,1,21
9KNE,A,1,22
9KNE,A,1,23
9KNE,A,1,24
9KNE,A,1,25
9KNE,A,1,250
9KNE,A,1,251
9KNE,B,1,13
9KNE,B,1,14
9KNE,B,1,15
9KNF,A,1,1
9KNF,A,1,2
9KNF,A,1,3
9KNF,A,1,4
9KNF,A,1,5
9KNF,A,1,6
9KNF,A,1,7
9KNF,A,1,8
9KNF,A,1,9
9KNF,A,1,10
9KNF,A,1,11
9KNF,A,1,12
9KNF,A,1,13
9KNF,A,1,14
9KNF,A,1,15
9KNF,A,1,16
9KNF,A,1,17
9KNF,A,1,18
9KNF,A,1,19
9KNF,A,1,20
9KNF,A,1,21
9KNF,A,1,22
9KNF,A,1,23
9KNF,A,1,24
9KNF,A,1,25
9KNF,A,1,251
9KNF,B,1,13
9KNF,B,1,14
9KNF,B,1,15
9KNG,A,1,1
9KNG,A,1,2
9KNG,A,1,3
9KNG,A,1,4
9KNG,A,1,5
9KNG,A,1,6
9KNG,A,1,7
9KNG,A,1,8
9KNG,A,1,9
9KNG,A,1,10
9KNG,A,1,11
9KNG,A,1,12
9KNG,A,1,13
9KNG,A,1,14
9KNG,A,1,15
9KNG,A,1,16
9KNG,A,1,17
9KNG,A,1,18
9KNG,A,1,19
9KNG,A,1,20
9KNG,A,1,21
9KNG,A,1,22
9KNG,A,1,23
9KNG,A,1,24
9KNG,A,1,25
9KNG,A,1,26
9KNG,A,1,251
9KNG,B,1,1
9KNG,B,1,2
9KNG,B,1,12
9KNG,B,1,13
9KNG,B,1,14
9KNG,B,1,15
9L3T,A,1,1
9L3T,A,1,2
9L3T,A,1,3
9L3T,A,1,4
9L3T,A,1,5
9L3T,A,1,39
9L3T,A,1,40
9L3T,A,1,63
9L3T,A,1,64
9L3T,A,1,65
9L3T,A,1,66
9L3T,A,1,67
9L3T,A,1,68
9L3T,A,1,69
9L3T,A,1,70
9L3T,A,1,71
9L3T,A,1,72
9L3T,A,1,73
9L3T,A,1,275
9L3T,A,1,276
9L3T,B,1,1
9L3T,B,1,2
9L3T,B,1,3
9L3T,B,1,4
9L3T,B,1,5
9L3T,B,1,40
9L3T,B,1,41
9L3T,B,1,68
9L3T,B,1,69
9L3T,B,1,70
9L3T,B,1,71
9L3T,B,1,72
9L3T,B,1,73
9L3T,B,1,74
9L3T,B,1,259
9L3T,B,1,260
9L3T,B,1,261
9L3T,B,1,262
9L3T,B,1,263
9L3T,B,1,264
9L3T,B,1,265
9L3T,B,1,274
9L3T,B,1,275
9L3T,B,1,276
9LQ3,A,1,98
9LQ3,A,1,99
9LQ3,A,1,100
9LQ3,A,1,215
9M2E,A,1,1
9M2E,A,1,2
9M2E,A,1,3
9M2E,A,1,4
9M2E,A,1,5
9M2E,A,1,6
9M2E,A,1,7
9M2E,A,1,8
9M2E,A,1,9
9M2E,A,1,10
9M2E,A,1,11
9M2E,A,1,43
9M2E,A,1,44
9M2E,A,1,45
9M2E,A,1,192
9M2E,A,1,193
9M2E,A,1,194
9M2E,A,1,195
9M2E,A,1,196
9M2E,A,1,197
9M2E,A,1,198
9M2E,A,1,199
9M2E,B,1,1
9M2E,B,1,2
9M2E,B,1,3
9M2E,B,1,4
9M2E,B,1,5
9M2E,B,1,6
9M2E,B,1,7
9M2E,B,1,8
9M2E,B,1,9
9M2E,B,1,10
9M2E,B,1,11
9M2E,B,1,194
9M2E,B,1,195
9M2E,B,1,196
9M2E,B,1,197
9M2E,B,1,198
9M2E,B,1,199
9M2E,B,1,200
9MAH,A,1,1
9MAH,A,1,58
9MAH,A,1,59
9MAH,A,1,60
9MAH,A,1,61
9MAH,A,1,62
9MAH,A,1,63
9MAH,A,1,64
9MAH,A,1,65
9MAH,A,1,66
9MAH,A,1,67
9MAH,A,1,68
9MAH,A,1,272
9MAH,B,1,36
9MAH,B,1,37
9MAH,B,1,38
9MAH,B,1,58
9MAH,B,1,59
9MAH,B,1,60
9MAH,B,1,61
9MAH,B,1,62
9MAH,B,1,63
9MAH,B,1,64
9MAH,B,1,65
9MAH,B,1,66
9MAH,B,1,67
9MAH,B,1,68
9MAH,B,1,260
9MAH,B,1,272
9N9L,A,1,229
9N9L,A,1,230
9N9L,A,1,231
9N9L,A,1,232
9N9L,A,1,233
9N9L,A,1,234
9N9L,A,1,235
9N9L,A,1,236
9N9L,A,1,237
9N9L,A,1,238
9N9L,A,1,239
9N9L,A,1,240
9N9L,A,1,241
9N9L,A,1,242
9N9L,A,1,243
9N9L,B,1,229
9N9L,B,1,230
9N9L,B,1,231
9N9L,B,1,232
9N9L,B,1,233
9N9L,B,1,234
9N9L,B,1,235
9N9L,B,1,236
9N9L,B,1,237
9N9L,B,1,238
9N9L,B,1,239
9N9L,B,1,240
9N9L,B,1,241
9N9L,B,1,242
9N9L,B,1,243
9O41,A,1,1
9O41,A,1,2
9O41,A,1,3
9O41,A,1,4
9O41,A,1,5
9O41,A,1,6
9O41,A,1,7
9O41,A,1,8
9O41,A,1,9
9O41,A,1,10
9O41,A,1,11
9O41,A,1,12
9O41,A,1,13
9O41,A,1,14
9O41,A,1,15
9O41,A,1,16
9O41,A,1,17
9O41,A,1,18
9O41,A,1,19
9O41,A,1,20
9O41,A,1,21
9O41,A,1,22
9O41,A,1,23
9O41,A,1,60
9O41,A,1,61
9O41,A,1,62
9O41,A,1,63
9O41,A,1,64
9O41,A,1,65
9O41,A,1,66
9O41,A,1,67
9O41,A,1,68
9O41,A,1,69
9O41,A,1,70
9O41,A,1,71
9O41,A,1,72
9O41,A,1,73
9O41,A,1,315
9O41,A,1,316
9O41,A,1,317
9O41,A,1,318
9O41,A,1,319
9O41,A,1,320
9O41,A,1,321
9O41,A,1,322
9O41,A,1,323
9O41,A,1,324
9O41,A,1,325
9O41,A,1,326
9O41,A,1,342
9O41,A,1,343
9O41,A,1,344
9O41,A,1,345
9O41,A,1,346
9O41,A,1,347
9O41,A,1,348
9O41,A,1,349
9O41,A,1,350
9O41,A,1,351
9O41,A,1,352
9O41,A,1,353
9O41,A,1,354
9O41,A,1,355
9O41,B,1,1
9O41,B,1,2
9O41,B,1,3
9O41,B,1,4
9O41,B,1,5
9O41,B,1,6
9O41,B,1,7
9O41,B,1,8
9O41,B,1,9
9O41,B,1,10
9O41,B,1,11
9O41,B,1,12
9O41,B,1,13
9O41,B,1,14
9O41,B,1,15
9O41,B,1,16
9O41,B,1,17
9O41,B,1,18
9O41,B,1,19
9O41,B,1,20
9O41,B,1,21
9O41,B,1,22
9O41,B,1,23
9O41,B,1,60
9O41,B,1,61
9O41,B,1,62
9O41,B,1,63
9O41,B,1,64
9O41,B,1,65
9O41,B,1,66
9O41,B,1,67
9O41,B,1,68
9O41,B,1,69
9O41,B,1,70
9O41,B,1,71
9O41,B,1,72
9O41,B,1,73
9O41,B,1,314
9O41,B,1,315
9O41,B,1,316
9O41,B,1,317
9O41,B,1,318
9O41,B,1,319
9O41,B,1,320
9O41,B,1,321
9O41,B,1,322
9O41,B,1,323
9O41,B,1,324
9O41,B,1,325
9O41,B,1,326
9O41,B,1,344
9O41,B,1,345
9O41,B,1,346
9O41,B,1,347
9O41,B,1,348
9O41,B,1,349
9O41,B,1,350
9O41,B,1,351
9O41,B,1,352
9O41,B,1,353
9O41,B,1,354
9O41,B,1,355
9O42,A,1,1
9O42,A,1,2
9O42,A,1,3
9O42,A,1,4
9O42,A,1,5
9O42,A,1,6
9O42,A,1,7
9O42,A,1,8
9O42,A,1,9
9O42,A,1,10
9O42,A,1,11
9O42,A,1,12
9O42,A,1,13
9O42,A,1,14
9O42,A,1,15
9O42,A,1,16
9O42,A,1,17
9O42,A,1,18
9O42,A,1,19
9O42,A,1,20
9O42,A,1,21
9O42,A,1,22
9O42,A,1,23
9O42,A,1,60
9O42,A,1,61
9O42,A,1,62
9O42,A,1,63
9O42,A,1,64
9O42,A,1,65
9O42,A,1,66
9O42,A,1,67
9O42,A,1,68
9O42,A,1,69
9O42,A,1,70
9O42,A,1,71
9O42,A,1,72
9O42,A,1,73
9O42,A,1,315
9O42,A,1,316
9O42,A,1,317
9O42,A,1,318
9O42,A,1,319
9O42,A,1,320
9O42,A,1,321
9O42,A,1,322
9O42,A,1,323
9O42,A,1,324
9O42,A,1,325
9O42,A,1,326
9O42,A,1,342
9O42,A,1,343
9O42,A,1,344
9O42,A,1,345
9O42,A,1,346
9O42,A,1,347
9O42,A,1,348
9O42,A,1,349
9O42,A,1,350
9O42,A,1,351
9O42,A,1,352
9O42,A,1,353
9O42,A,1,354
9O42,A,1,355
9O42,B,1,1
9O42,B,1,2
9O42,B,1,3
9O42,B,1,4
9O42,B,1,5
9O42,B,1,6
9O42,B,1,7
9O42,B,1,8
9O42,B,1,9
9O42,B,1,10
9O42,B,1,11
9O42,B,1,12
9O42,B,1,13
9O42,B,1,14
9O42,B,1,15
9O42,B,1,16
9O42,B,1,17
9O42,B,1,18
9O42,B,1,19
9O42,B,1,20
9O42,B,1,21
9O42,B,1,22
9O42,B,1,23
9O42,B,1,61
9O42,B,1,62
9O42,B,1,63
9O42,B,1,64
9O42,B,1,65
9O42,B,1,66
9O42,B,1,67
9O42,B,1,68
9O42,B,1,69
9O42,B,1,70
9O42,B,1,71
9O42,B,1,72
9O42,B,1,73
9O42,B,1,74
9O42,B,1,75
9O42,B,1,76
9O42,B,1,77
9O42,B,1,78
9O42,B,1,79
9O42,B,1,80
9O42,B,1,314
9O42,B,1,315
9O42,B,1,316
9O42,B,1,317
9O42,B,1,318
9O42,B,1,319
9O42,B,1,320
9O42,B,1,321
9O42,B,1,322
9O42,B,1,323
9O42,B,1,324
9O42,B,1,325
9O42,B,1,326
9O42,B,1,344
9O42,B,1,345
9O42,B,1,346
9O42,B,1,347
9O42,B,1,348
9O42,B,1,349
9O42,B,1,350
9O42,B,1,351
9O42,B,1,352
9O42,B,1,353
9O42,B,1,354
9O42,B,1,355
9O43,A,1,1
9O43,A,1,2
9O43,A,1,3
9O43,A,1,4
9O43,A,1,5
9O43,A,1,6
9O43,A,1,7
9O43,A,1,8
9O43,A,1,9
9O43,A,1,10
9O43,A,1,11
9O43,A,1,12
9O43,A,1,13
9O43,A,1,14
9O43,A,1,15
9O43,A,1,16
9O43,A,1,17
9O43,A,1,18
9O43,A,1,19
9O43,A,1,20
9O43,A,1,21
9O43,A,1,22
9O43,A,1,23
9O43,A,1,60
9O43,A,1,61
9O43,A,1,62
9O43,A,1,63
9O43,A,1,64
9O43,A,1,65
9O43,A,1,66
9O43,A,1,67
9O43,A,1,68
9O43,A,1,69
9O43,A,1,70
9O43,A,1,71
9O43,A,1,72
9O43,A,1,73
9O43,A,1,315
9O43,A,1,316
9O43,A,1,317
9O43,A,1,318
9O43,A,1,319
9O43,A,1,320
9O43,A,1,321
9O43,A,1,322
9O43,A,1,323
9O43,A,1,324
9O43,A,1,325
9O43,A,1,326
9O43,A,1,342
9O43,A,1,343
9O43,A,1,344
9O43,A,1,345
9O43,A,1,346
9O43,A,1,347
9O43,A,1,348
9O43,A,1,349
9O43,A,1,350
9O43,A,1,351
9O43,A,1,352
9O43,A,1,353
9O43,A,1,354
9O43,A,1,355
9O43,B,1,1
9O43,B,1,2
9O43,B,1,3
9O43,B,1,4
9O43,B,1,5
9O43,B,1,6
9O43,B,1,7
9O43,B,1,8
9O43,B,1,9
9O43,B,1,10
9O43,B,1,11
9O43,B,1,12
9O43,B,1,13
9O43,B,1,14
9O43,B,1,15
9O43,B,1,16
9O43,B,1,17
9O43,B,1,18
9O43,B,1,19
9O43,B,1,20
9O43,B,1,21
9O43,B,1,22
9O43,B,1,23
9O43,B,1,59
9O43,B,1,60
9O43,B,1,61
9O43,B,1,62
9O43,B,1,63
9O43,B,1,64
9O43,B,1,65
9O43,B,1,66
9O43,B,1,67
9O43,B,1,68
9O43,B,1,69
9O43,B,1,70
9O43,B,1,71
9O43,B,1,72
9O43,B,1,73
9O43,B,1,74
9O43,B,1,75
9O43,B,1,76
9O43,B,1,77
9O43,B,1,78
9O43,B,1,79
9O43,B,1,314
9O43,B,1,315
9O43,B,1,316
9O43,B,1,317
9O43,B,1,318
9O43,B,1,319
9O43,B,1,320
9O43,B,1,321
9O43,B,1,322
9O43,B,1,323
9O43,B,1,324
9O43,B,1,325
9O43,B,1,326
9O43,B,1,344
9O43,B,1,345
9O43,B,1,346
9O43,B,1,347
9O43,B,1,348
9O43,B,1,349
9O43,B,1,350
9O43,B,1,351
9O43,B,1,352
9O43,B,1,353
9O43,B,1,354
9O43,B,1,355
9O44,A,1,1
9O44,A,1,2
9O44,A,1,3
9O44,A,1,4
9O44,A,1,5
9O44,A,1,6
9O44,A,1,7
9O44,A,1,8
9O44,A,1,9
9O44,A,1,10
9O44,A,1,11
9O44,A,1,12
9O44,A,1,13
9O44,A,1,14
9O44,A,1,15
9O44,A,1,16
9O44,A,1,17
9O44,A,1,18
9O44,A,1,19
9O44,A,1,20
9O44,A,1,21
9O44,A,1,22
9O44,A,1,23
9O44,A,1,61
9O44,A,1,62
9O44,A,1,63
9O44,A,1,64
9O44,A,1,65
9O44,A,1,66
9O44,A,1,67
9O44,A,1,68
9O44,A,1,69
9O44,A,1,70
9O44,A,1,71
9O44,A,1,72
9O44,A,1,73
9O44,A,1,74
9O44,A,1,314
9O44,A,1,315
9O44,A,1,316
9O44,A,1,317
9O44,A,1,318
9O44,A,1,319
9O44,A,1,320
9O44,A,1,321
9O44,A,1,322
9O44,A,1,323
9O44,A,1,324
9O44,A,1,325
9O44,A,1,326
9O44,A,1,342
9O44,A,1,343
9O44,A,1,344
9O44,A,1,345
9O44,A,1,346
9O44,A,1,347
9O44,A,1,348
9O44,A,1,349
9O44,A,1,350
9O44,A,1,351
9O44,A,1,352
9O44,A,1,353
9O44,A,1,354
9O44,A,1,355
9O44,B,1,1
9O44,B,1,2
9O44,B,1,3
9O44,B,1,4
9O44,B,1,5
9O44,B,1,6
9O44,B,1,7
9O44,B,1,8
9O44,B,1,9
9O44,B,1,10
9O44,B,1,11
9O44,B,1,12
9O44,B,1,13
9O44,B,1,14
9O44,B,1,15
9O44,B,1,16
9O44,B,1,17
9O44,B,1,18
9O44,B,1,19
9O44,B,1,20
9O44,B,1,21
9O44,B,1,61
9O44,B,1,62
9O44,B,1,63
9O44,B,1,64
9O44,B,1,65
9O44,B,1,66
9O44,B,1,67
9O44,B,1,68
9O44,B,1,69
9O44,B,1,70
9O44,B,1,71
9O44,B,1,72
9O44,B,1,73
9O44,B,1,314
9O44,B,1,315
9O44,B,1,316
9O44,B,1,317
9O44,B,1,318
9O44,B,1,319
9O44,B,1,320
9O44,B,1,321
9O44,B,1,322
9O44,B,1,323
9O44,B,1,324
9O44,B,1,325
9O44,B,1,326
9O44,B,1,344
9O44,B,1,345
9O44,B,1,346
9O44,B,1,347
9O44,B,1,348
9O44,B,1,349
9O44,B,1,350
9O44,B,1,351
9O44,B,1,352
9O44,B,1,353
9O44,B,1,354
9O44,B,1,355
9O45,A,1,1
9O45,A,1,2
9O45,A,1,3
9O45,A,1,4
9O45,A,1,5
9O45,A,1,6
9O45,A,1,7
9O45,A,1,8
9O45,A,1,9
9O45,A,1,10
9O45,A,1,11
9O45,A,1,12
9O45,A,1,13
9O45,A,1,14
9O45,A,1,15
9O45,A,1,16
9O45,A,1,17
9O45,A,1,18
9O45,A,1,19
9O45,A,1,20
9O45,A,1,21
9O45,A,1,22
9O45,A,1,23
9O45,A,1,61
9O45,A,1,62
9O45,A,1,63
9O45,A,1,64
9O45,A,1,65
9O45,A,1,66
9O45,A,1,67
9O45,A,1,68
9O45,A,1,69
9O45,A,1,70
9O45,A,1,71
9O45,A,1,72
9O45,A,1,73
9O45,A,1,314
9O45,A,1,315
9O45,A,1,316
9O45,A,1,317
9O45,A,1,318
9O45,A,1,319
9O45,A,1,320
9O45,A,1,321
9O45,A,1,322
9O45,A,1,323
9O45,A,1,324
9O45,A,1,325
9O45,A,1,326
9O45,A,1,342
9O45,A,1,343
9O45,A,1,344
9O45,A,1,345
9O45,A,1,346
9O45,A,1,347
9O45,A,1,348
9O45,A,1,349
9O45,A,1,350
9O45,A,1,351
9O45,A,1,352
9O45,A,1,353
9O45,A,1,354
9O45,A,1,355
9O45,B,1,1
9O45,B,1,2
9O45,B,1,3
9O45,B,1,4
9O45,B,1,5
9O45,B,1,6
9O45,B,1,7
9O45,B,1,8
9O45,B,1,9
9O45,B,1,10
9O45,B,1,11
9O45,B,1,12
9O45,B,1,13
9O45,B,1,14
9O45,B,1,15
9O45,B,1,16
9O45,B,1,17
9O45,B,1,18
9O45,B,1,19
9O45,B,1,20
9O45,B,1,21
9O45,B,1,22
9O45,B,1,23
9O45,B,1,60
9O45,B,1,61
9O45,B,1,62
9O45,B,1,63
9O45,B,1,64
9O45,B,1,65
9O45,B,1,66
9O45,B,1,67
9O45,B,1,68
9O45,B,1,69
9O45,B,1,70
9O45,B,1,71
9O45,B,1,72
9O45,B,1,73
9O45,B,1,74
9O45,B,1,75
9O45,B,1,76
9O45,B,1,314
9O45,B,1,315
9O45,B,1,316
9O45,B,1,317
9O45,B,1,318
9O45,B,1,319
9O45,B,1,320
9O45,B,1,321
9O45,B,1,322
9O45,B,1,323
9O45,B,1,324
9O45,B,1,325
9O45,B,1,326
9O45,B,1,344
9O45,B,1,345
9O45,B,1,346
9O45,B,1,347
9O45,B,1,348
9O45,B,1,349
9O45,B,1,350
9O45,B,1,351
9O45,B,1,352
9O45,B,1,353
9O45,B,1,354
9O45,B,1,355
9O46,A,1,1
9O46,A,1,2
9O46,A,1,3
9O46,A,1,4
9O46,A,1,5
9O46,A,1,6
9O46,A,1,7
9O46,A,1,8
9O46,A,1,9
9O46,A,1,10
9O46,A,1,11
9O46,A,1,12
9O46,A,1,13
9O46,A,1,14
9O46,A,1,15
9O46,A,1,16
9O46,A,1,17
9O46,A,1,18
9O46,A,1,19
9O46,A,1,20
9O46,A,1,21
9O46,A,1,22
9O46,A,1,23
9O46,A,1,60
9O46,A,1,61
9O46,A,1,62
9O46,A,1,63
9O46,A,1,64
9O46,A,1,65
9O46,A,1,66
9O46,A,1,67
9O46,A,1,68
9O46,A,1,69
9O46,A,1,70
9O46,A,1,71
9O46,A,1,72
9O46,A,1,73
9O46,A,1,74
9O46,A,1,75
9O46,A,1,76
9O46,A,1,314
9O46,A,1,315
9O46,A,1,316
9O46,A,1,317
9O46,A,1,318
9O46,A,1,319
9O46,A,1,320
9O46,A,1,321
9O46,A,1,322
9O46,A,1,323
9O46,A,1,324
9O46,A,1,325
9O46,A,1,326
9O46,A,1,342
9O46,A,1,343
9O46,A,1,344
9O46,A,1,345
9O46,A,1,346
9O46,A,1,347
9O46,A,1,348
9O46,A,1,349
9O46,A,1,350
9O46,A,1,351
9O46,A,1,352
9O46,A,1,353
9O46,A,1,354
9O46,A,1,355
9O46,B,1,1
9O46,B,1,2
9O46,B,1,3
9O46,B,1,4
9O46,B,1,5
9O46,B,1,6
9O46,B,1,7
9O46,B,1,8
9O46,B,1,9
9O46,B,1,10
9O46,B,1,11
9O46,B,1,12
9O46,B,1,13
9O46,B,1,14
9O46,B,1,15
9O46,B,1,16
9O46,B,1,17
9O46,B,1,18
9O46,B,1,19
9O46,B,1,20
9O46,B,1,21
9O46,B,1,60
9O46,B,1,61
9O46,B,1,62
9O46,B,1,63
9O46,B,1,64
9O46,B,1,65
9O46,B,1,66
9O46,B,1,67
9O46,B,1,68
9O46,B,1,69
9O46,B,1,70
9O46,B,1,71
9O46,B,1,72
9O46,B,1,73
9O46,B,1,74
9O46,B,1,313
9O46,B,1,314
9O46,B,1,315
9O46,B,1,316
9O46,B,1,317
9O46,B,1,318
9O46,B,1,319
9O46,B,1,320
9O46,B,1,321
9O46,B,1,322
9O46,B,1,323
9O46,B,1,324
9O46,B,1,325
9O46,B,1,326
9O46,B,1,344
9O46,B,1,345
9O46,B,1,346
9O46,B,1,347
9O46,B,1,348
9O46,B,1,349
9O46,B,1,350
9O46,B,1,351
9O46,B,1,352
9O46,B,1,353
9O46,B,1,354
9O46,B,1,355
9O9N,A,1,1
9O9N,A,1,61
9O9N,A,1,62
9O9N,A,1,63
9O9N,A,1,64
9O9N,A,1,65
9O9N,A,1,66
9O9N,A,1,67
9O9N,A,1,68
9O9N,A,1,69
9O9N,A,1,70
9O9N,A,1,71
9O9N,A,1,72
9O9N,A,1,73
9O9N,B,1,1
9O9N,B,1,2
9O9N,B,1,3
9O9N,B,1,4
9O9N,B,1,18
9O9N,B,1,19
9O9N,B,1,20
9O9N,B,1,21
9O9N,B,1,22
9O9N,B,1,23
9OLC,A,1,1
9OLC,A,1,2
9OLC,A,1,3
9OLC,A,1,4
9OLC,A,1,5
9OLC,A,1,6
9OLC,A,1,44
9OLC,A,1,45
9OLC,A,1,59
9OLC,A,1,60
9OLC,A,1,61
9OLC,A,1,62
9OLC,A,1,63
9OLC,A,1,64
9OLC,A,1,65
9OLC,A,1,66
9OLC,A,1,67
9OLC,A,1,68
9OLC,A,1,69
9OLC,A,1,70
9OLC,A,1,71
9OLC,A,1,72
9OLC,A,1,73
9OLC,A,1,74
9OLC,A,1,75
9OLC,A,1,76
9OLC,A,1,77
9OLC,A,1,78
9OLC,A,1,79
9OLC,A,1,262
9OLC,A,1,263
9OLC,A,1,264
9OLC,A,1,265
9OLC,A,1,266
9OLC,A,1,267
9OLC,B,1,1
9OLC,B,1,2
9OLC,B,1,3
9OLC,B,1,4
9OLC,B,1,5
9OLC,B,1,45
9OLC,B,1,60
9OLC,B,1,61
9OLC,B,1,62
9OLC,B,1,63
9OLC,B,1,64
9OLC,B,1,65
9OLC,B,1,66
9OLC,B,1,67
9OLC,B,1,68
9OLC,B,1,69
9OLC,B,1,70
9OLC,B,1,71
9OLC,B,1,72
9OLC,B,1,73
9OLC,B,1,74
9OLC,B,1,75
9OLC,B,1,76
9OLC,B,1,77
9OLC,B,1,78
9OLC,B,1,79
9OLC,B,1,261
9OLC,B,1,262
9OLC,B,1,263
9OLC,B,1,264
9OLC,B,1,265
9OLC,B,1,266
9OLC,B,1,267
9OLC,C,1,1
9OLC,C,1,2
9OLC,C,1,3
9OLC,C,1,4
9OLC,C,1,5
9OLC,C,1,6
9OLC,C,1,7
9OLC,C,1,8
9OLC,C,1,45
9OLC,C,1,56
9OLC,C,1,57
9OLC,C,1,58
9OLC,C,1,59
9OLC,C,1,60
9OLC,C,1,61
9OLC,C,1,62
9OLC,C,1,63
9OLC,C,1,64
9OLC,C,1,65
9OLC,C,1,66
9OLC,C,1,67
9OLC,C,1,68
9OLC,C,1,69
9OLC,C,1,70
9OLC,C,1,71
9OLC,C,1,72
9OLC,C,1,73
9OLC,C,1,74
9OLC,C,1,75
9OLC,C,1,76
9OLC,C,1,77
9OLC,C,1,78
9OLC,C,1,79
9OLC,C,1,261
9OLC,C,1,262
9OLC,C,1,263
9OLC,C,1,264
9OLC,C,1,265
9OLC,D,1,1
9OLC,D,1,2
9OLC,D,1,3
9OLC,D,1,4
9OLC,D,1,5
9OLC,D,1,6
9OLC,D,1,7
9OLC,D,1,8
9OLC,D,1,40
9OLC,D,1,41
9OLC,D,1,42
9OLC,D,1,43
9OLC,D,1,44
9OLC,D,1,45
9OLC,D,1,46
9OLC,D,1,47
9OLC,D,1,48
9OLC,D,1,49
9OLC,D,1,50
9OLC,D,1,51
9OLC,D,1,52
9OLC,D,1,53
9OLC,D,1,54
9OLC,D,1,55
9OLC,D,1,56
9OLC,D,1,57
9OLC,D,1,58
9OLC,D,1,59
9OLC,D,1,60
9OLC,D,1,61
9OLC,D,1,62
9OLC,D,1,63
9OLC,D,1,64
9OLC,D,1,65
9OLC,D,1,66
9OLC,D,1,67
9OLC,D,1,68
9OLC,D,1,69
9OLC,D,1,70
9OLC,D,1,71
9OLC,D,1,72
9OLC,D,1,73
9OLC,D,1,74
9OLC,D,1,75
9OLC,D,1,76
9OLC,D,1,77
9OLC,D,1,78
9OLC,D,1,79
9OLC,D,1,80
9OLC,D,1,81
9OLC,D,1,82
9OLC,D,1,108
9OLC,D,1,109
9OLC,D,1,110
9OLC,D,1,111
9OLC,D,1,112
9OLC,D,1,144
9OLC,D,1,145
9OLC,D,1,198
9OLC,D,1,199
9OLC,D,1,200
9OLC,D,1,201
9OLC,D,1,202
9OLC,D,1,203
9OLC,D,1,204
9OLC,D,1,257
9OLC,D,1,258
9OLC,D,1,259
9OLC,D,1,260
9OLC,D,1,261
9OLC,D,1,262
9OLC,D,1,263
9OLC,D,1,264
9OLC,D,1,265
9OLC,D,1,266
9OLC,D,1,267
9OLC,G,1,1
9OLC,H,1,1
9OLC,H,1,2
9OLC,H,1,3
9OLC,H,1,13
9QFZ,A,1,1
9QFZ,A,1,2
9QFZ,A,1,40
9QFZ,A,1,41
9QFZ,A,1,67
9QFZ,A,1,68
9QFZ,A,1,69
9QFZ,A,1,70
9QFZ,A,1,71
9QFZ,A,1,72
9QFZ,A,1,273
9QFZ,A,1,274
9QFZ,A,1,275
9QFZ,B,1,1
9QFZ,B,1,2
9QFZ,B,1,63
9QFZ,B,1,64
9QFZ,B,1,65
9QFZ,B,1,66
9QFZ,B,1,67
9QFZ,B,1,68
9QFZ,B,1,69
9QFZ,B,1,70
9QFZ,B,1,274
9QFZ,B,1,275
9QG0,A,1,1
9QG0,A,1,2
9QG0,A,1,3
9QG0,A,1,40
9QG0,A,1,41
9QG0,A,1,68
9QG0,A,1,69
9QG0,A,1,70
9QG0,A,1,71
9QG0,A,1,72
9QG0,A,1,273
9QG0,A,1,274
9QG0,A,1,275
9QG0,B,1,1
9QG0,B,1,2
9QG0,B,1,62
9QG0,B,1,63
9QG0,B,1,64
9QG0,B,1,65
9QG0,B,1,66
9QG0,B,1,67
9QG0,B,1,68
9QG0,B,1,69
9QG0,B,1,70
9QG0,B,1,71
9QG0,B,1,274
9QG0,B,1,275
9QG2,A,1,1
9QG2,A,1,2
9QG2,A,1,3
9QG2,A,1,40
9QG2,A,1,41
9QG2,A,1,67
9QG2,A,1,68
9QG2,A,1,69
9QG2,A,1,70
9QG2,A,1,71
9QG2,A,1,273
9QG2,A,1,274
9QG2,A,1,275
9QG2,B,1,1
9QG2,B,1,2
9QG2,B,1,62
9QG2,B,1,63
9QG2,B,1,64
9QG2,B,1,65
9QG2,B,1,66
9QG2,B,1,67
9QG2,B,1,68
9QG2,B,1,69
9QG2,B,1,70
9QG2,B,1,71
9QG2,B,1,274
9QG2,B,1,275
9QG3,A,1,1
9QG3,A,1,2
9QG3,A,1,3
9QG3,A,1,40
9QG3,A,1,41
9QG3,A,1,67
9QG3,A,1,68
9QG3,A,1,69
9QG3,A,1,70
9QG3,A,1,71
9QG3,A,1,72
9QG3,A,1,273
9QG3,A,1,274
9QG3,A,1,275
9QG3,B,1,1
9QG3,B,1,2
9QG3,B,1,63
9QG3,B,1,64
9QG3,B,1,65
9QG3,B,1,66
9QG3,B,1,67
9QG3,B,1,68
9QG3,B,1,69
9QG3,B,1,70
9QG3,B,1,71
9QG3,B,1,72
9QG3,B,1,73
9QG3,B,1,274
9QG3,B,1,275
9QG4,A,1,1
9QG4,A,1,2
9QG4,A,1,40
9QG4,A,1,41
9QG4,A,1,67
9QG4,A,1,68
9QG4,A,1,69
9QG4,A,1,70
9QG4,A,1,71
9QG4,A,1,72
9QG4,A,1,259
9QG4,A,1,260
9QG4,A,1,261
9QG4,A,1,262
9QG4,A,1,273
9QG4,A,1,274
9QG4,A,1,275
9QG4,B,1,1
9QG4,B,1,2
9QG4,B,1,62
9QG4,B,1,63
9QG4,B,1,64
9QG4,B,1,65
9QG4,B,1,66
9QG4,B,1,67
9QG4,B,1,68
9QG4,B,1,69
9QG4,B,1,70
9QG4,B,1,71
9QG4,B,1,274
9QG4,B,1,275
9QG5,A,1,1
9QG5,A,1,2
9QG5,A,1,3
9QG5,A,1,40
9QG5,A,1,41
9QG5,A,1,67
9QG5,A,1,68
9QG5,A,1,69
9QG5,A,1,70
9QG5,A,1,71
9QG5,A,1,72
9QG5,A,1,273
9QG5,A,1,274
9QG5,A,1,275
9QG5,B,1,1
9QG5,B,1,2
9QG5,B,1,61
9QG5,B,1,62
9QG5,B,1,63
9QG5,B,1,64
9QG5,B,1,65
9QG5,B,1,66
9QG5,B,1,67
9QG5,B,1,68
9QG5,B,1,69
9QG5,B,1,70
9QG5,B,1,71
9QG5,B,1,72
9QG5,B,1,73
9QG5,B,1,274
9QG5,B,1,275
9QG6,A,1,1
9QG6,A,1,2
9QG6,A,1,3
9QG6,A,1,40
9QG6,A,1,41
9QG6,A,1,67
9QG6,A,1,68
9QG6,A,1,69
9QG6,A,1,70
9QG6,A,1,71
9QG6,A,1,72
9QG6,A,1,273
9QG6,A,1,274
9QG6,A,1,275
9QG6,B,1,1
9QG6,B,1,2
9QG6,B,1,61
9QG6,B,1,62
9QG6,B,1,63
9QG6,B,1,64
9QG6,B,1,65
9QG6,B,1,66
9QG6,B,1,67
9QG6,B,1,68
9QG6,B,1,69
9QG6,B,1,70
9QG6,B,1,71
9QG6,B,1,72
9QG6,B,1,73
9QG6,B,1,274
9QG6,B,1,275
9QGJ,A,1,1
9QGJ,A,1,2
9QGJ,A,1,40
9QGJ,A,1,41
9QGJ,A,1,62
9QGJ,A,1,63
9QGJ,A,1,64
9QGJ,A,1,65
9QGJ,A,1,66
9QGJ,A,1,67
9QGJ,A,1,68
9QGJ,A,1,69
9QGJ,A,1,70
9QGJ,A,1,71
9QGJ,A,1,72
9QGJ,A,1,273
9QGJ,A,1,274
9QGJ,A,1,275
9QGJ,B,1,1
9QGJ,B,1,2
9QGJ,B,1,62
9QGJ,B,1,63
9QGJ,B,1,64
9QGJ,B,1,65
9QGJ,B,1,66
9QGJ,B,1,67
9QGJ,B,1,68
9QGJ,B,1,69
9QGJ,B,1,70
9QGJ,B,1,228
9QGJ,B,1,274
9QGJ,B,1,275
9QX6,A,1,1
9QX6,A,1,17
9QX6,A,1,18
9QX6,A,1,19
9QX6,A,1,20
9QX6,A,1,21
9QX6,A,1,22
9QX6,A,1,23
9QX6,A,1,24
9QX6,A,1,25
9QX6,A,1,26
9QX6,A,1,27
9QX6,A,1,28
9QX6,A,1,29
9QX6,A,1,30
9QX6,A,1,31
9QX6,A,1,32
9QX6,A,1,33
9QX6,A,1,34
9QX6,A,1,35
9QX6,A,1,233
9QX6,A,1,234
9QX6,A,1,235
9R6I,A,1,1
9R6I,A,1,2
9R6I,A,1,3
9R6I,A,1,279
9R6K,A,1,1
9R6K,A,1,2
9R6K,A,1,3
9R6K,A,1,65
9R6K,A,1,66
9R6K,A,1,67
9R6K,A,1,68
9R6K,A,1,69
9R6K,A,1,70
9R6K,A,1,71
9R6K,A,1,72
9R6K,A,1,73
9R6K,A,1,74
9R6K,A,1,75
9R6K,A,1,76
9R6K,A,1,279
9RMR,A,1,1
9RMR,A,1,2
9RMR,A,1,17
9RMR,A,1,18
9RMR,A,1,19
9RMR,A,1,20
9RMR,A,1,21
9RMR,A,1,22
9RMR,A,1,23
9RMR,A,1,24
9RMR,A,1,25
9RMR,A,1,26
9RMR,A,1,27
9RMR,A,1,28
9RMR,A,1,29
9RMR,A,1,30
9RMR,A,1,31
9RMR,A,1,32
9RMR,A,1,33
9RMR,A,1,34
9RMR,A,1,35
9RMR,A,1,233
9RMR,A,1,234
9RMR,A,1,235
9RMR,B,1,10
9S70,A,1,1
9S70,A,1,17
9S70,A,1,18
9S70,A,1,19
9S70,A,1,20
9S70,A,1,21
9S70,A,1,22
9S70,A,1,23
9S70,A,1,24
9S70,A,1,25
9S70,A,1,26
9S70,A,1,27
9S70,A,1,28
9S70,A,1,29
9S70,A,1,30
9S70,A,1,31
9S70,A,1,32
9S70,A,1,33
9S70,A,1,34
9S70,A,1,35
9S70,A,1,229
9S70,A,1,230
9S70,A,1,231
9S70,A,1,232
9S70,A,1,233
9S70,A,1,234
9S70,A,1,235
9S70,B,1,1
9S70,B,1,2
9S70,B,1,3
9S70,B,1,4
9S70,B,1,5
9S70,B,1,6
9S70,B,1,7
9S70,B,1,17
9S70,B,1,18
9S70,B,1,19
9S70,B,1,20
9S70,B,1,21
9S71,A,1,1
9S71,A,1,16
9S71,A,1,17
9S71,A,1,18
9S71,A,1,19
9S71,A,1,20
9S71,A,1,21
9S71,A,1,22
9S71,A,1,23
9S71,A,1,24
9S71,A,1,25
9S71,A,1,26
9S71,A,1,27
9S71,A,1,28
9S71,A,1,29
9S71,A,1,30
9S71,A,1,31
9S71,A,1,32
9S71,A,1,33
9S71,A,1,34
9S71,A,1,35
9S71,A,1,229
9S71,A,1,230
9S71,A,1,231
9S71,A,1,232
9S71,A,1,233
9S71,A,1,234
9S71,A,1,235
9S71,B,1,1
9S71,B,1,2
9S71,B,1,3
9S71,B,1,4
9S71,B,1,5
9S71,B,1,6
9S71,B,1,7
9S71,B,1,21
9SFS,A,1,1
9SFS,A,1,2
9SFS,A,1,3
9SFS,A,1,4
9SFS,A,1,35
9SFS,A,1,36
9SFS,A,1,37
9SFS,A,1,38
9SFS,A,1,39
9SMQ,A,1,1
9SMQ,A,1,2
9SMQ,A,1,3
9SMQ,A,1,4
9SMQ,A,1,244
9SMQ,A,1,245
9SMQ,A,1,246
9SMQ,B,1,1
9SMQ,C,1,1
9T5S,A,1,1
9T5S,A,1,2
9T5S,A,1,3
9T5S,A,1,4
9T5S,A,1,5
9T5S,A,1,6
9T5S,A,1,7
9T5S,A,1,8
9T5S,A,1,9
9T5S,A,1,10
9T5S,A,1,11
9T5S,A,1,12
9T5S,A,1,13
9T5S,A,1,14
9T5S,A,1,15
9T5S,A,1,16
9T5S,A,1,17
9T5S,A,1,18
9T5S,A,1,19
9T5S,B,1,1
9T5S,B,1,2
9T5S,B,1,3
9T5S,B,1,4
9T5S,B,1,5
9T5S,B,1,6
9T5S,B,1,19
9T5S,C,1,1
9T5S,C,1,2
9T5S,C,1,3
9T5S,C,1,4
9T5S,C,1,5
9T5S,C,1,6
9T5S,C,1,7
9T5S,C,1,8
9T5S,C,1,9
9T5S,C,1,10
9T5S,C,1,11
9T5S,C,1,12
9T5S,C,1,13
9T5S,C,1,14
9T5S,C,1,15
9T5S,C,1,16
9T5S,C,1,17
9T5S,C,1,18
9T5S,C,1,19
9T5S,D,1,1
9T5S,D,1,2
9T5S,D,1,3
9T5S,D,1,4
9T5S,D,1,5
9T5S,D,1,6
9T5S,D,1,17
9T5S,D,1,18
9T5S,D,1,19
9V5K,A,1,1
9V5K,A,1,29
9V5K,A,1,30
9V5K,A,1,31
9V5K,A,1,32
9V5K,A,1,33
9V5K,A,1,34
9V5K,A,1,35
9V5K,A,1,36
9V5K,A,1,183
9V5K,A,1,184
9V5K,A,1,185
9V5K,A,1,186
9V5K,A,1,187
9V5K,A,1,188
9V5K,B,1,1
9V5K,B,1,185
9V5K,B,1,186
9V5K,B,1,187
9V5K,B,1,188
9V8D,A,1,1
9V8D,A,1,2
9V8D,A,1,3
9V8D,A,1,41
9V8D,A,1,42
9V8D,A,1,61
9V8D,A,1,62
9V8D,A,1,63
9V8D,A,1,64
9V8D,A,1,65
9V8D,A,1,66
9V8D,A,1,67
9V8D,A,1,68
9V8D,A,1,69
9V8D,B,1,1
9V8D,B,1,2
9V8D,B,1,3
9V8D,B,1,4
9V8D,B,1,22
9V8D,B,1,23
9V8D,B,1,24
9V8D,B,1,25
9V8E,A,1,1
9V8E,A,1,2
9V8E,A,1,3
9V8E,A,1,4
9V8E,A,1,38
9V8E,A,1,39
9V8E,A,1,40
9V8E,A,1,41
9V8E,A,1,42
9V8E,A,1,58
9V8E,A,1,59
9V8E,A,1,60
9V8E,A,1,61
9V8E,A,1,62
9V8E,A,1,63
9V8E,A,1,64
9V8E,A,1,65
9V8E,A,1,66
9V8E,A,1,67
9V8E,A,1,68
9V8E,A,1,69
9V8E,A,1,70
9V8E,A,1,71
9V8E,A,1,275
9V8F,A,1,38
9V8F,A,1,39
9V8F,A,1,40
9V8F,A,1,60
9V8F,A,1,61
9V8F,A,1,62
9V8F,A,1,63
9V8F,A,1,64
9V8F,A,1,65
9V8F,A,1,66
9V8F,A,1,67
9V8F,A,1,68
9V8F,A,1,69
9V8F,A,1,70
9V8G,A,1,1
9V8G,A,1,2
9V8G,A,1,3
9V8G,A,1,4
9V8G,A,1,61
9V8G,A,1,62
9V8G,A,1,63
9V8G,A,1,64
9V8G,A,1,65
9V8G,A,1,66
9V8G,A,1,67
9V8G,A,1,68
9V8G,A,1,69
9V8G,A,1,70
9V8G,A,1,71
9V8G,A,1,72
9V8G,B,1,1
9V8G,B,1,2
9V8G,B,1,3
9V8G,B,1,4
9V8H,A,1,1
9V8H,A,1,2
9V8H,A,1,3
9V8H,A,1,4
9V8H,A,1,40
9V8H,A,1,41
9V8H,A,1,42
9V8H,A,1,58
9V8H,A,1,59
9V8H,A,1,60
9V8H,A,1,61
9V8H,A,1,62
9V8H,A,1,63
9V8H,A,1,64
9V8H,A,1,65
9V8H,A,1,66
9V8H,A,1,67
9V8H,A,1,68
9V8H,A,1,69
9V8H,A,1,70
9V8H,A,1,71
9V8H,A,1,72
9V8H,A,1,73
9V8H,A,1,260
9V8H,B,1,1
9V8H,B,1,2
9V8H,B,1,3
9V8H,B,1,4
9V8H,B,1,5
9VBQ,A,1,1
9VBQ,A,1,2
9VBQ,A,1,3
9VBQ,A,1,4
9VBQ,A,1,5
9VBQ,A,1,6
9VBQ,A,1,7
9VBQ,A,1,8
9VBQ,A,1,9
9VBQ,A,1,10
9VBQ,A,1,11
9VBQ,A,1,240
9VBQ,B,1,1
9VBQ,B,1,14
9VBR,A,1,1
9VBR,A,1,2
9VBR,A,1,3
9VBR,A,1,4
9VBR,A,1,5
9VBR,A,1,6
9VBR,A,1,7
9VBR,A,1,8
9VBR,A,1,9
9VBR,A,1,244
9VBR,A,1,245
9VBR,A,1,246
9VBR,A,1,247
9VBR,A,1,260
9VBR,B,1,1
9VBR,B,1,2
9VBR,B,1,3
9VBR,B,1,4
9VBR,B,1,5
9VBR,B,1,6
9VBR,B,1,7
9VBR,B,1,8
9VBR,B,1,9
9VBR,B,1,10
9VBR,B,1,224
9VBR,B,1,242
9VBR,B,1,243
9VBR,B,1,244
9VBR,B,1,245
9VBR,B,1,246
9VBR,B,1,247
9VBR,B,1,248
9VBR,B,1,260
9VNX,A,1,1
9VNX,A,1,2
9VNX,A,1,3
9VNX,A,1,4
9VNX,A,1,5
9VNX,A,1,248
9VNX,A,1,249
9VNX,A,1,250
9VNX,A,1,251
9VNX,A,1,252
9VNX,A,1,253
9VNX,A,1,254
9VNX,A,1,255
9VNX,A,1,256
9VNX,A,1,257
9VNX,A,1,258
9VNX,B,1,1
9VNX,B,1,2
9VNX,B,1,12
9VNX,B,1,13
9VNX,B,1,14
9VNX,B,1,15
9VT5,A,1,1
9VT5,A,1,31
9VT5,A,1,32
9VT5,A,1,33
9VT5,A,1,34
9VT5,A,1,113
9VT5,A,1,114
9VT5,A,1,115
9VT5,A,1,157
9VT5,A,1,158
9VT5,A,1,159
9VT5,A,1,160
9VT5,A,1,161
9VT5,A,1,162
9VT5,A,1,163
9VT5,A,1,164
9VT5,A,1,165
9VT5,A,1,166
9VT5,A,1,167
9VT5,A,1,168
9VT5,A,1,245
9VT5,A,1,246
9VT5,A,1,247
9VT5,A,1,248
9VT5,A,1,249
9VT5,A,1,250
9VT5,A,1,251
9VT5,A,1,260
9VT5,A,1,261
9VT5,A,1,262
9VT5,A,1,263
9VT5,A,1,264
9VT5,A,1,265
9VT5,A,1,266
9VT5,A,1,267
9VT5,B,1,28
9VT5,B,1,29
9VT5,B,1,30
9VT5,B,1,31
9VT5,B,1,32
9VT5,B,1,33
9VT5,B,1,34
9VT5,B,1,35
9VT5,B,1,36
9VT5,B,1,112
9VT5,B,1,113
9VT5,B,1,114
9VT5,B,1,115
9VT5,B,1,116
9VT5,B,1,158
9VT5,B,1,159
9VT5,B,1,225
9VT5,B,1,226
9VT5,B,1,227
9VT5,B,1,228
9VT5,B,1,229
9VT5,B,1,230
9VT5,B,1,231
9VT5,B,1,232
9VT5,B,1,233
9VT5,B,1,235
9VT5,B,1,236
9VT5,B,1,242
9VT5,B,1,243
9VT5,B,1,244
9VT5,B,1,245
9VT5,B,1,246
9VT5,B,1,247
9VT5,B,1,248
9VT5,B,1,249
9VT5,B,1,250
9VT5,B,1,251
9VT5,B,1,259
9VT5,B,1,260
9VT5,B,1,261
9VT5,B,1,262
9VT5,B,1,263
9VT5,B,1,264
9VT5,B,1,265
9VT5,B,1,266
9VT5,B,1,267
9VTU,A,1,160
9VTU,A,1,161
9VTU,A,1,162
9VTU,A,1,163
9VTU,A,1,164
9VTU,A,1,165
9VTU,A,1,166
9VTU,A,1,167
9VTU,A,1,168
9VTU,A,1,169
9VTU,A,1,170
9VTU,A,1,171
9VTU,A,1,247
9VTU,A,1,248
9VTU,A,1,249
9VTU,A,1,250
9VTU,A,1,251
9VTU,A,1,252
9VTU,A,1,253
9VTU,B,1,1
9VTU,B,1,160
9VTU,B,1,161
9VTU,B,1,226
9VTU,B,1,227
9VTU,B,1,228
9VTU,B,1,229
9VTU,B,1,230
9VTU,B,1,231
9VTU,B,1,232
9VTU,B,1,233
9VTU,B,1,234
9VTU,B,1,235
9VTU,B,1,236
9VTU,B,1,237
9VTU,B,1,238
9VTU,B,1,239
9VTU,B,1,240
9VTU,B,1,243
9VTU,B,1,244
9VTU,B,1,245
9VTU,B,1,246
9VTU,B,1,247
9VTU,B,1,248
9VTU,B,1,249
9VTU,B,1,250
9VTU,B,1,251
9VTU,B,1,252
9VTU,B,1,253
9VZQ,A,1,1
9VZQ,A,1,2
9VZQ,A,1,3
9VZQ,B,1,1
9VZQ,B,1,2
9VZQ,B,1,3
9VZS,A,1,1
9VZS,A,1,2
9VZS,A,1,3
9VZS,A,1,4
9VZS,A,1,37
9VZS,A,1,38
9VZS,A,1,39
9VZS,A,1,40
9VZS,A,1,41
9VZT,A,1,1
9VZT,A,1,2
9VZT,A,1,3
9VZT,A,1,4
9VZT,A,1,37
9VZT,A,1,38
9VZT,A,1,39
9VZT,A,1,40
9W11,A,1,1
9W11,A,1,161
9W11,A,1,162
9W11,A,1,163
9W11,A,1,164
9W11,A,1,165
9W11,A,1,166
9W11,A,1,167
9W11,A,1,168
9W11,A,1,169
9W11,A,1,170
9W11,A,1,171
9W11,A,1,172
9W11,A,1,250
9W11,A,1,251
9W11,A,1,252
9W11,A,1,253
9W11,A,1,254
9W11,A,1,255
9W11,B,1,1
9W11,B,1,2
9W11,B,1,3
9W11,B,1,4
9W11,B,1,163
9W11,B,1,164
9W11,B,1,250
9W11,B,1,251
9W11,B,1,252
9W11,B,1,253
9W11,B,1,254
9W11,B,1,255
9W12,A,1,161
9W12,A,1,162
9W12,A,1,163
9W12,A,1,164
9W12,A,1,165
9W12,A,1,166
9W12,A,1,167
9W12,A,1,168
9W12,A,1,169
9W12,A,1,170
9W12,A,1,171
9W12,A,1,172
9W12,A,1,251
9W12,A,1,252
9W12,A,1,253
9W12,A,1,254
9W12,A,1,255
9W12,B,1,1
9W12,B,1,2
9W12,B,1,3
9W12,B,1,163
9W12,B,1,164
9W12,B,1,250
9W12,B,1,251
9W12,B,1,252
9W12,B,1,253
9W12,B,1,254
9W12,B,1,255
9W12,B,1,263
9W13,A,1,1
9W13,A,1,2
9W13,A,1,161
9W13,A,1,162
9W13,A,1,163
9W13,A,1,164
9W13,A,1,165
9W13,A,1,166
9W13,A,1,167
9W13,A,1,168
9W13,A,1,169
9W13,A,1,170
9W13,A,1,171
9W13,A,1,172
9W13,A,1,173
9W13,A,1,250
9W13,A,1,251
9W13,A,1,252
9W13,A,1,253
9W13,A,1,254
9W13,A,1,255
9W13,B,1,1
9W13,B,1,2
9W13,B,1,3
9W13,B,1,4
9W13,B,1,35
9W13,B,1,163
9W13,B,1,164
9W13,B,1,250
9W13,B,1,251
9W13,B,1,252
9W13,B,1,253
9W13,B,1,254
9W13,B,1,255
9WB2,A,1,35
9WB2,A,1,161
9WB2,A,1,162
9WB2,A,1,163
9WB2,A,1,164
9WB2,A,1,165
9WB2,A,1,166
9WB2,A,1,167
9WB2,A,1,168
9WB2,A,1,169
9WB2,A,1,170
9WB2,A,1,249
9WB2,A,1,250
9WB2,A,1,251
9WB2,A,1,252
9WB2,A,1,253
9WB2,A,1,254
9WB2,C,1,1
9WB2,C,1,2
9WB2,C,1,162
9WB2,C,1,163
9WB2,C,1,233
9WB2,C,1,249
9WB2,C,1,250
9WB2,C,1,251
9WB2,C,1,252
9WB2,C,1,253
9WB2,C,1,254
9WF5,A,1,1
9WF5,A,1,2
9WF5,A,1,97
9WF5,A,1,98
9WF5,A,1,99
9WF5,A,1,100
9WF5,A,1,101
9WF5,A,1,102
9WF5,A,1,183
9WF5,A,1,184
9WF5,A,1,185
9WF5,A,1,214
9WF5,A,1,215
9WF5,A,1,216
9WF5,A,1,217
9WF5,A,1,218
9WF5,A,1,219
9WF5,A,1,231
9WF5,B,1,1
9WF5,B,1,2
9WF5,B,1,3
9WF5,B,1,4
9WF5,B,1,5
9WF5,B,1,17
9WF5,B,1,18
9WF5,B,1,19
9WF5,C,1,1
9WF5,C,1,2
9WF5,C,1,98
9WF5,C,1,99
9WF5,C,1,100
9WF5,C,1,101
9WF5,C,1,102
9WF5,C,1,211
9WF5,C,1,212
9WF5,C,1,213
9WF5,C,1,214
9WF5,C,1,215
9WF5,C,1,216
9WF5,C,1,217
9WF5,C,1,218
9WF5,C,1,219
9WF5,C,1,231
9WF5,D,1,1
9WF5,D,1,2
9WF5,D,1,3
9WF5,D,1,14
9WF5,D,1,15
9WF5,D,1,16
9WF5,D,1,17
9WF5,D,1,18
9WF5,D,1,19
9XMJ,A,1,1
9XMJ,A,1,2
9XMJ,A,1,3
9XMJ,A,1,4
9XMJ,A,1,5
9XMJ,A,1,233
9XMJ,A,1,234
9XMJ,A,1,235
9XMJ,A,1,236
9XMJ,A,1,237
9XMJ,A,1,238
9XMJ,A,1,239
9XMJ,A,1,240
9XMJ,A,1,241
9XMJ,A,1,242
9XMJ,A,1,243
9XMJ,A,1,244
9XMJ,A,1,245
9XMJ,A,1,246
9XMJ,A,1,247
9XMJ,A,1,248
9XMJ,A,1,249
9XMJ,A,1,250
9XMJ,A,1,251
9XMJ,A,1,252
9XMJ,A,1,253
9XMJ,A,1,254
9XMJ,A,1,255
9XMJ,A,1,256
9XMJ,A,1,257
9XMJ,A,1,258
9XMJ,B,1,15
9XMJ,B,1,16
9XMJ,B,1,17
9XMJ,B,1,18
9XMJ,B,1,19
9XMJ,B,1,20
9XMJ,B,1,21
9XMJ,B,1,22
9XMJ,C,1,1
9XMJ,C,1,2
9XMJ,C,1,3
9XMJ,C,1,4
9XMJ,C,1,5
9XMJ,C,1,233
9XMJ,C,1,234
9XMJ,C,1,235
9XMJ,C,1,236
9XMJ,C,1,237
9XMJ,C,1,238
9XMJ,C,1,239
9XMJ,C,1,240
9XMJ,C,1,241
9XMJ,C,1,242
9XMJ,C,1,243
9XMJ,C,1,244
9XMJ,C,1,245
9XMJ,C,1,246
9XMJ,C,1,247
9XMJ,C,1,248
9XMJ,C,1,249
9XMJ,C,1,250
9XMJ,C,1,251
9XMJ,C,1,252
9XMJ,C,1,253
9XMJ,C,1,254
9XMJ,C,1,255
9XMJ,C,1,256
9XMJ,C,1,257
9XMJ,C,1,258
9XMJ,D,1,15
9XMJ,D,1,16
9XMJ,D,1,17
9XMJ,D,1,18
9XMJ,D,1,19
9XMJ,D,1,20
9XMJ,D,1,21
9XMJ,D,1,22
9XMJ,E,1,1
9XMJ,E,1,2
9XMJ,E,1,3
9XMJ,E,1,4
9XMJ,E,1,5
9XMJ,E,1,233
9XMJ,E,1,234
9XMJ,E,1,235
9XMJ,E,1,236
9XMJ,E,1,237
9XMJ,E,1,238
9XMJ,E,1,239
9XMJ,E,1,240
9XMJ,E,1,241
9XMJ,E,1,242
9XMJ,E,1,243
9XMJ,E,1,244
9XMJ,E,1,245
9XMJ,E,1,246
9XMJ,E,1,247
9XMJ,E,1,248
9XMJ,E,1,249
9XMJ,E,1,250
9XMJ,E,1,251
9XMJ,E,1,252
9XMJ,E,1,253
9XMJ,E,1,254
9XMJ,E,1,255
9XMJ,E,1,256
9XMJ,E,1,257
9XMJ,E,1,258
9XMJ,F,1,15
9XMJ,F,1,16
9XMJ,F,1,17
9XMJ,F,1,18
9XMJ,F,1,19
9XMJ,F,1,20
9XMJ,F,1,21
9XMJ,F,1,22
9XMJ,G,1,1
9XMJ,G,1,2
9XMJ,G,1,3
9XMJ,G,1,4
9XMJ,G,1,5
9XMJ,G,1,233
9XMJ,G,1,234
9XMJ,G,1,235
9XMJ,G,1,236
9XMJ,G,1,237
9XMJ,G,1,238
9XMJ,G,1,239
9XMJ,G,1,240
9XMJ,G,1,241
9XMJ,G,1,242
9XMJ,G,1,243
9XMJ,G,1,244
9XMJ,G,1,245
9XMJ,G,1,246
9XMJ,G,1,247
9XMJ,G,1,248
9XMJ,G,1,249
9XMJ,G,1,250
9XMJ,G,1,251
9XMJ,G,1,252
9XMJ,G,1,253
9XMJ,G,1,254
9XMJ,G,1,255
9XMJ,G,1,256
9XMJ,G,1,257
9XMJ,G,1,258
9XMJ,H,1,15
9XMJ,H,1,16
9XMJ,H,1,17
9XMJ,H,1,18
9XMJ,H,1,19
9XMJ,H,1,20
9XMJ,H,1,21
9XMJ,H,1,22
