pdb_id,polymer_entity_id,entity_id,instance_id,label_asym_id,auth_asym_id,instance_metadata_status,instance_metadata_notes,uniprot_id,experimental_methods,resolution_combined_min,resolution_combined_max,r_free_min,r_free_max,lbd_start,lbd_end,mapped_lbd_residues,lbd_mapping_coverage,lbd_mapping_category,taxonomy_audit_status,multi_uniprot_entity,nr_code,common_name,group
11SD,11SD_2,2,11SD.D,D,Y,PASS,,P03372,"[""X-RAY DIFFRACTION""]",2.816,2.816,0.2511,0.2511,311,547,0,0.0,NO_LBD_OVERLAP,,False,NR3A1,ERα,Steroid hormone receptors
11SD,11SD_2,2,11SD.C,C,X,PASS,,P03372,"[""X-RAY DIFFRACTION""]",2.816,2.816,0.2511,0.2511,311,547,0,0.0,NO_LBD_OVERLAP,,False,NR3A1,ERα,Steroid hormone receptors
11SE,11SE_2,2,11SE.D,D,Y,PASS,,P03372,"[""X-RAY DIFFRACTION""]",2.239,2.239,0.2562,0.2562,311,547,0,0.0,NO_LBD_OVERLAP,,False,NR3A1,ERα,Steroid hormone receptors
11SE,11SE_2,2,11SE.C,C,X,PASS,,P03372,"[""X-RAY DIFFRACTION""]",2.239,2.239,0.2562,0.2562,311,547,0,0.0,NO_LBD_OVERLAP,,False,NR3A1,ERα,Steroid hormone receptors
11SF,11SF_2,2,11SF.D,D,Y,PASS,,P03372,"[""X-RAY DIFFRACTION""]",2.24,2.24,0.2496,0.2496,311,547,0,0.0,NO_LBD_OVERLAP,,False,NR3A1,ERα,Steroid hormone receptors
11SF,11SF_2,2,11SF.C,C,X,PASS,,P03372,"[""X-RAY DIFFRACTION""]",2.24,2.24,0.2496,0.2496,311,547,0,0.0,NO_LBD_OVERLAP,,False,NR3A1,ERα,Steroid hormone receptors
11SG,11SG_2,2,11SG.D,D,Y,PASS,,P03372,"[""X-RAY DIFFRACTION""]",2.6,2.6,0.2482,0.2482,311,547,0,0.0,NO_LBD_OVERLAP,,False,NR3A1,ERα,Steroid hormone receptors
11SG,11SG_2,2,11SG.C,C,X,PASS,,P03372,"[""X-RAY DIFFRACTION""]",2.6,2.6,0.2482,0.2482,311,547,0,0.0,NO_LBD_OVERLAP,,False,NR3A1,ERα,Steroid hormone receptors
11SH,11SH_2,2,11SH.D,D,Y,PASS,,P03372,"[""X-RAY DIFFRACTION""]",2.2,2.2,0.2367,0.2367,311,547,0,0.0,NO_LBD_OVERLAP,,False,NR3A1,ERα,Steroid hormone receptors
11SH,11SH_2,2,11SH.C,C,X,PASS,,P03372,"[""X-RAY DIFFRACTION""]",2.2,2.2,0.2367,0.2367,311,547,0,0.0,NO_LBD_OVERLAP,,False,NR3A1,ERα,Steroid hormone receptors
11SI,11SI_2,2,11SI.D,D,Y,PASS,,P03372,"[""X-RAY DIFFRACTION""]",2.5,2.5,0.2774,0.2774,311,547,0,0.0,NO_LBD_OVERLAP,,False,NR3A1,ERα,Steroid hormone receptors
11SI,11SI_2,2,11SI.C,C,X,PASS,,P03372,"[""X-RAY DIFFRACTION""]",2.5,2.5,0.2774,0.2774,311,547,0,0.0,NO_LBD_OVERLAP,,False,NR3A1,ERα,Steroid hormone receptors
11SJ,11SJ_2,2,11SJ.D,D,Y,PASS,,P03372,"[""X-RAY DIFFRACTION""]",2.4,2.4,0.2434,0.2434,311,547,0,0.0,NO_LBD_OVERLAP,,False,NR3A1,ERα,Steroid hormone receptors
11SJ,11SJ_2,2,11SJ.C,C,X,PASS,,P03372,"[""X-RAY DIFFRACTION""]",2.4,2.4,0.2434,0.2434,311,547,0,0.0,NO_LBD_OVERLAP,,False,NR3A1,ERα,Steroid hormone receptors
11ZU,11ZU_2,2,11ZU.D,D,Y,PASS,,P03372,"[""X-RAY DIFFRACTION""]",2.25,2.25,0.2263,0.2263,311,547,0,0.0,NO_LBD_OVERLAP,,False,NR3A1,ERα,Steroid hormone receptors
11ZU,11ZU_2,2,11ZU.C,C,X,PASS,,P03372,"[""X-RAY DIFFRACTION""]",2.25,2.25,0.2263,0.2263,311,547,0,0.0,NO_LBD_OVERLAP,,False,NR3A1,ERα,Steroid hormone receptors
1A28,1A28_1,1,1A28.B,B,B,PASS,,P06401,"[""X-RAY DIFFRACTION""]",1.8,1.8,0.227,0.227,679,913,235,1.0,NEAR_COMPLETE_LBD,,False,NR3C3,PR,Steroid hormone receptors
1A28,1A28_1,1,1A28.A,A,A,PASS,,P06401,"[""X-RAY DIFFRACTION""]",1.8,1.8,0.227,0.227,679,913,235,1.0,NEAR_COMPLETE_LBD,,False,NR3C3,PR,Steroid hormone receptors
1A52,1A52_1,1,1A52.B,B,B,PASS,,P03372,"[""X-RAY DIFFRACTION""]",2.8,2.8,0.274,0.274,311,547,237,1.0,NEAR_COMPLETE_LBD,,False,NR3A1,ERα,Steroid hormone receptors
1A52,1A52_1,1,1A52.A,A,A,PASS,,P03372,"[""X-RAY DIFFRACTION""]",2.8,2.8,0.274,0.274,311,547,237,1.0,NEAR_COMPLETE_LBD,,False,NR3A1,ERα,Steroid hormone receptors
1A6Y,1A6Y_3,3,1A6Y.C,C,A,PASS,,P20393,"[""X-RAY DIFFRACTION""]",2.3,2.3,0.288,0.288,284,614,0,0.0,NO_LBD_OVERLAP,,False,NR1D1,Rev-erbα,Nutritional sensors
1A6Y,1A6Y_3,3,1A6Y.D,D,B,PASS,,P20393,"[""X-RAY DIFFRACTION""]",2.3,2.3,0.288,0.288,284,614,0,0.0,NO_LBD_OVERLAP,,False,NR1D1,Rev-erbα,Nutritional sensors
1BSX,1BSX_1,1,1BSX.C,C,B,PASS,,P10828,"[""X-RAY DIFFRACTION""]",3.7,3.7,0.299,0.299,217,461,245,1.0,NEAR_COMPLETE_LBD,,False,NR1A2,TRβ,Steroid hormone receptors
1BSX,1BSX_1,1,1BSX.A,A,A,PASS,,P10828,"[""X-RAY DIFFRACTION""]",3.7,3.7,0.299,0.299,217,461,245,1.0,NEAR_COMPLETE_LBD,,False,NR1A2,TRβ,Steroid hormone receptors
1BY4,1BY4_3,3,1BY4.E,E,A,PASS,,P19793,"[""X-RAY DIFFRACTION""]",2.1,2.1,0.284,0.284,227,458,0,0.0,NO_LBD_OVERLAP,,False,NR2B1,RXRα,Nutritional sensors
1BY4,1BY4_3,3,1BY4.F,F,B,PASS,,P19793,"[""X-RAY DIFFRACTION""]",2.1,2.1,0.284,0.284,227,458,0,0.0,NO_LBD_OVERLAP,,False,NR2B1,RXRα,Nutritional sensors
1BY4,1BY4_3,3,1BY4.G,G,C,PASS,,P19793,"[""X-RAY DIFFRACTION""]",2.1,2.1,0.284,0.284,227,458,0,0.0,NO_LBD_OVERLAP,,False,NR2B1,RXRα,Nutritional sensors
1BY4,1BY4_3,3,1BY4.H,H,D,PASS,,P19793,"[""X-RAY DIFFRACTION""]",2.1,2.1,0.284,0.284,227,458,0,0.0,NO_LBD_OVERLAP,,False,NR2B1,RXRα,Nutritional sensors
1DB1,1DB1_1,1,1DB1.A,A,A,PASS,,P11473,"[""X-RAY DIFFRACTION""]",1.8,1.8,0.214,0.214,127,423,250,0.841751,SUBSTANTIAL_LBD,,False,NR1I1,VDR,Steroid hormone receptors
1DKF,1DKF_2,2,1DKF.B,B,B,PASS,,P10276,"[""X-RAY DIFFRACTION""]",2.5,2.5,0.262,0.262,183,417,234,0.995745,NEAR_COMPLETE_LBD,,False,NR1B1,RARα,Steroid hormone receptors
1DSZ,1DSZ_3,3,1DSZ.C,C,A,PASS,,P10276,"[""X-RAY DIFFRACTION""]",1.7,1.7,0.267,0.267,183,417,0,0.0,NO_LBD_OVERLAP,,False,NR1B1,RARα,Steroid hormone receptors
1DSZ,1DSZ_4,4,1DSZ.D,D,B,PASS,,P19793,"[""X-RAY DIFFRACTION""]",1.7,1.7,0.267,0.267,227,458,0,0.0,NO_LBD_OVERLAP,,False,NR2B1,RXRα,Nutritional sensors
1E3G,1E3G_1,1,1E3G.A,A,A,PASS,,P10275,"[""X-RAY DIFFRACTION""]",2.4,2.4,0.297,0.297,669,900,232,1.0,NEAR_COMPLETE_LBD,,False,NR3C4,AR,Steroid hormone receptors
1E3K,1E3K_1,1,1E3K.B,B,B,PASS,,P06401,"[""X-RAY DIFFRACTION""]",2.8,2.8,0.343,0.343,679,913,235,1.0,NEAR_COMPLETE_LBD,,False,NR3C3,PR,Steroid hormone receptors
1E3K,1E3K_1,1,1E3K.A,A,A,PASS,,P06401,"[""X-RAY DIFFRACTION""]",2.8,2.8,0.343,0.343,679,913,235,1.0,NEAR_COMPLETE_LBD,,False,NR3C3,PR,Steroid hormone receptors
1ERE,1ERE_1,1,1ERE.F,F,F,PASS,,P03372,"[""X-RAY DIFFRACTION""]",3.1,3.1,0.251,0.251,311,547,237,1.0,NEAR_COMPLETE_LBD,,False,NR3A1,ERα,Steroid hormone receptors
1ERE,1ERE_1,1,1ERE.E,E,E,PASS,,P03372,"[""X-RAY DIFFRACTION""]",3.1,3.1,0.251,0.251,311,547,237,1.0,NEAR_COMPLETE_LBD,,False,NR3A1,ERα,Steroid hormone receptors
1ERE,1ERE_1,1,1ERE.D,D,D,PASS,,P03372,"[""X-RAY DIFFRACTION""]",3.1,3.1,0.251,0.251,311,547,237,1.0,NEAR_COMPLETE_LBD,,False,NR3A1,ERα,Steroid hormone receptors
1ERE,1ERE_1,1,1ERE.C,C,C,PASS,,P03372,"[""X-RAY DIFFRACTION""]",3.1,3.1,0.251,0.251,311,547,237,1.0,NEAR_COMPLETE_LBD,,False,NR3A1,ERα,Steroid hormone receptors
1ERE,1ERE_1,1,1ERE.B,B,B,PASS,,P03372,"[""X-RAY DIFFRACTION""]",3.1,3.1,0.251,0.251,311,547,237,1.0,NEAR_COMPLETE_LBD,,False,NR3A1,ERα,Steroid hormone receptors
1ERE,1ERE_1,1,1ERE.A,A,A,PASS,,P03372,"[""X-RAY DIFFRACTION""]",3.1,3.1,0.251,0.251,311,547,237,1.0,NEAR_COMPLETE_LBD,,False,NR3A1,ERα,Steroid hormone receptors
1ERR,1ERR_1,1,1ERR.B,B,B,PASS,,P03372,"[""X-RAY DIFFRACTION""]",2.6,2.6,0.299,0.299,311,547,237,1.0,NEAR_COMPLETE_LBD,,False,NR3A1,ERα,Steroid hormone receptors
1ERR,1ERR_1,1,1ERR.A,A,A,PASS,,P03372,"[""X-RAY DIFFRACTION""]",2.6,2.6,0.299,0.299,311,547,237,1.0,NEAR_COMPLETE_LBD,,False,NR3A1,ERα,Steroid hormone receptors
1EXA,1EXA_1,1,1EXA.A,A,A,PASS,,P13631,"[""X-RAY DIFFRACTION""]",1.59,1.59,0.25,0.25,185,419,235,1.0,NEAR_COMPLETE_LBD,,False,NR1B3,RARγ,Steroid hormone receptors
1EXX,1EXX_1,1,1EXX.A,A,A,PASS,,P13631,"[""X-RAY DIFFRACTION""]",1.67,1.67,0.243,0.243,185,419,235,1.0,NEAR_COMPLETE_LBD,,False,NR1B3,RARγ,Steroid hormone receptors
1FBY,1FBY_1,1,1FBY.B,B,B,PASS,,P19793,"[""X-RAY DIFFRACTION""]",2.25,2.25,0.263,0.263,227,458,232,1.0,NEAR_COMPLETE_LBD,,False,NR2B1,RXRα,Nutritional sensors
1FBY,1FBY_1,1,1FBY.A,A,A,PASS,,P19793,"[""X-RAY DIFFRACTION""]",2.25,2.25,0.263,0.263,227,458,232,1.0,NEAR_COMPLETE_LBD,,False,NR2B1,RXRα,Nutritional sensors
1FCX,1FCX_1,1,1FCX.A,A,A,PASS,,P13631,"[""X-RAY DIFFRACTION""]",1.47,1.47,0.1671,0.1671,185,419,233,0.991489,NEAR_COMPLETE_LBD,,False,NR1B3,RARγ,Steroid hormone receptors
1FCY,1FCY_1,1,1FCY.A,A,A,PASS,,P13631,"[""X-RAY DIFFRACTION""]",1.3,1.3,0.1641,0.1641,185,419,233,0.991489,NEAR_COMPLETE_LBD,,False,NR1B3,RARγ,Steroid hormone receptors
1FCZ,1FCZ_1,1,1FCZ.A,A,A,PASS,,P13631,"[""X-RAY DIFFRACTION""]",1.38,1.38,0.1738,0.1738,185,419,233,0.991489,NEAR_COMPLETE_LBD,,False,NR1B3,RARγ,Steroid hormone receptors
1FD0,1FD0_1,1,1FD0.A,A,A,PASS,,P13631,"[""X-RAY DIFFRACTION""]",1.38,1.38,0.158,0.158,185,419,233,0.991489,NEAR_COMPLETE_LBD,,False,NR1B3,RARγ,Steroid hormone receptors
1FM6,1FM6_1,1,1FM6.C,C,U,PASS,,P19793,"[""X-RAY DIFFRACTION""]",2.1,2.1,0.292,0.292,227,458,232,1.0,NEAR_COMPLETE_LBD,,False,NR2B1,RXRα,Nutritional sensors
1FM6,1FM6_1,1,1FM6.A,A,A,PASS,,P19793,"[""X-RAY DIFFRACTION""]",2.1,2.1,0.292,0.292,227,458,232,1.0,NEAR_COMPLETE_LBD,,False,NR2B1,RXRα,Nutritional sensors
1FM6,1FM6_2,2,1FM6.D,D,X,PASS,,P37231,"[""X-RAY DIFFRACTION""]",2.1,2.1,0.292,0.292,238,503,266,1.0,NEAR_COMPLETE_LBD,,False,NR1C3,PPARγ,Nutritional sensors
1FM6,1FM6_2,2,1FM6.B,B,D,PASS,,P37231,"[""X-RAY DIFFRACTION""]",2.1,2.1,0.292,0.292,238,503,266,1.0,NEAR_COMPLETE_LBD,,False,NR1C3,PPARγ,Nutritional sensors
1FM9,1FM9_1,1,1FM9.A,A,A,PASS,,P19793,"[""X-RAY DIFFRACTION""]",2.1,2.1,0.268,0.268,227,458,232,1.0,NEAR_COMPLETE_LBD,,False,NR2B1,RXRα,Nutritional sensors
1FM9,1FM9_2,2,1FM9.B,B,D,PASS,,P37231,"[""X-RAY DIFFRACTION""]",2.1,2.1,0.268,0.268,238,503,266,1.0,NEAR_COMPLETE_LBD,,False,NR1C3,PPARγ,Nutritional sensors
1G1U,1G1U_1,1,1G1U.D,D,D,PASS,,P19793,"[""X-RAY DIFFRACTION""]",2.5,2.5,0.271,0.271,227,458,232,1.0,NEAR_COMPLETE_LBD,,False,NR2B1,RXRα,Nutritional sensors
1G1U,1G1U_1,1,1G1U.C,C,C,PASS,,P19793,"[""X-RAY DIFFRACTION""]",2.5,2.5,0.271,0.271,227,458,232,1.0,NEAR_COMPLETE_LBD,,False,NR2B1,RXRα,Nutritional sensors
1G1U,1G1U_1,1,1G1U.B,B,B,PASS,,P19793,"[""X-RAY DIFFRACTION""]",2.5,2.5,0.271,0.271,227,458,232,1.0,NEAR_COMPLETE_LBD,,False,NR2B1,RXRα,Nutritional sensors
1G1U,1G1U_1,1,1G1U.A,A,A,PASS,,P19793,"[""X-RAY DIFFRACTION""]",2.5,2.5,0.271,0.271,227,458,232,1.0,NEAR_COMPLETE_LBD,,False,NR2B1,RXRα,Nutritional sensors
1G50,1G50_1,1,1G50.C,C,C,PASS,,P03372,"[""X-RAY DIFFRACTION""]",2.9,2.9,0.31,0.31,311,547,237,1.0,NEAR_COMPLETE_LBD,,False,NR3A1,ERα,Steroid hormone receptors
1G50,1G50_1,1,1G50.B,B,B,PASS,,P03372,"[""X-RAY DIFFRACTION""]",2.9,2.9,0.31,0.31,311,547,237,1.0,NEAR_COMPLETE_LBD,,False,NR3A1,ERα,Steroid hormone receptors
1G50,1G50_1,1,1G50.A,A,A,PASS,,P03372,"[""X-RAY DIFFRACTION""]",2.9,2.9,0.31,0.31,311,547,237,1.0,NEAR_COMPLETE_LBD,,False,NR3A1,ERα,Steroid hormone receptors
1G5Y,1G5Y_1,1,1G5Y.D,D,D,PASS,,P19793,"[""X-RAY DIFFRACTION""]",2.0,2.0,0.2541,0.2541,227,458,232,1.0,NEAR_COMPLETE_LBD,,False,NR2B1,RXRα,Nutritional sensors
1G5Y,1G5Y_1,1,1G5Y.C,C,C,PASS,,P19793,"[""X-RAY DIFFRACTION""]",2.0,2.0,0.2541,0.2541,227,458,232,1.0,NEAR_COMPLETE_LBD,,False,NR2B1,RXRα,Nutritional sensors
1G5Y,1G5Y_1,1,1G5Y.B,B,B,PASS,,P19793,"[""X-RAY DIFFRACTION""]",2.0,2.0,0.2541,0.2541,227,458,232,1.0,NEAR_COMPLETE_LBD,,False,NR2B1,RXRα,Nutritional sensors
1G5Y,1G5Y_1,1,1G5Y.A,A,A,PASS,,P19793,"[""X-RAY DIFFRACTION""]",2.0,2.0,0.2541,0.2541,227,458,232,1.0,NEAR_COMPLETE_LBD,,False,NR2B1,RXRα,Nutritional sensors
1GA5,1GA5_3,3,1GA5.E,E,A,PASS,,P20393,"[""X-RAY DIFFRACTION""]",2.4,2.4,0.299,0.299,284,614,0,0.0,NO_LBD_OVERLAP,,False,NR1D1,Rev-erbα,Nutritional sensors
1GA5,1GA5_3,3,1GA5.F,F,B,PASS,,P20393,"[""X-RAY DIFFRACTION""]",2.4,2.4,0.299,0.299,284,614,0,0.0,NO_LBD_OVERLAP,,False,NR1D1,Rev-erbα,Nutritional sensors
1GA5,1GA5_3,3,1GA5.G,G,E,PASS,,P20393,"[""X-RAY DIFFRACTION""]",2.4,2.4,0.299,0.299,284,614,0,0.0,NO_LBD_OVERLAP,,False,NR1D1,Rev-erbα,Nutritional sensors
1GA5,1GA5_3,3,1GA5.H,H,F,PASS,,P20393,"[""X-RAY DIFFRACTION""]",2.4,2.4,0.299,0.299,284,614,0,0.0,NO_LBD_OVERLAP,,False,NR1D1,Rev-erbα,Nutritional sensors
1GS4,1GS4_1,1,1GS4.A,A,A,PASS,,P10275,"[""X-RAY DIFFRACTION""]",1.95,1.95,0.285,0.285,669,900,230,0.991379,NEAR_COMPLETE_LBD,,False,NR3C4,AR,Steroid hormone receptors
1GWQ,1GWQ_1,1,1GWQ.B,B,B,PASS,,P03372,"[""X-RAY DIFFRACTION""]",2.45,2.45,0.269,0.269,311,547,237,1.0,NEAR_COMPLETE_LBD,,False,NR3A1,ERα,Steroid hormone receptors
1GWQ,1GWQ_1,1,1GWQ.A,A,A,PASS,,P03372,"[""X-RAY DIFFRACTION""]",2.45,2.45,0.269,0.269,311,547,237,1.0,NEAR_COMPLETE_LBD,,False,NR3A1,ERα,Steroid hormone receptors
1GWR,1GWR_1,1,1GWR.B,B,B,PASS,,P03372,"[""X-RAY DIFFRACTION""]",2.4,2.4,0.288,0.288,311,547,237,1.0,NEAR_COMPLETE_LBD,,False,NR3A1,ERα,Steroid hormone receptors
1GWR,1GWR_1,1,1GWR.A,A,A,PASS,,P03372,"[""X-RAY DIFFRACTION""]",2.4,2.4,0.288,0.288,311,547,237,1.0,NEAR_COMPLETE_LBD,,False,NR3A1,ERα,Steroid hormone receptors
1GWX,1GWX_1,1,1GWX.B,B,B,PASS,,Q03181,"[""X-RAY DIFFRACTION""]",2.5,2.5,0.303,0.303,211,439,229,1.0,NEAR_COMPLETE_LBD,,False,NR1C2,PPARδ,Nutritional sensors
1GWX,1GWX_1,1,1GWX.A,A,A,PASS,,Q03181,"[""X-RAY DIFFRACTION""]",2.5,2.5,0.303,0.303,211,439,229,1.0,NEAR_COMPLETE_LBD,,False,NR1C2,PPARδ,Nutritional sensors
1H9U,1H9U_1,1,1H9U.D,D,D,PASS,,P28702,"[""X-RAY DIFFRACTION""]",2.7,2.7,0.306,0.306,296,529,224,0.957265,NEAR_COMPLETE_LBD,,False,NR2B2,RXRβ,Nutritional sensors
1H9U,1H9U_1,1,1H9U.C,C,C,PASS,,P28702,"[""X-RAY DIFFRACTION""]",2.7,2.7,0.306,0.306,296,529,224,0.957265,NEAR_COMPLETE_LBD,,False,NR2B2,RXRβ,Nutritional sensors
1H9U,1H9U_1,1,1H9U.B,B,B,PASS,,P28702,"[""X-RAY DIFFRACTION""]",2.7,2.7,0.306,0.306,296,529,224,0.957265,NEAR_COMPLETE_LBD,,False,NR2B2,RXRβ,Nutritional sensors
1H9U,1H9U_1,1,1H9U.A,A,A,PASS,,P28702,"[""X-RAY DIFFRACTION""]",2.7,2.7,0.306,0.306,296,529,224,0.957265,NEAR_COMPLETE_LBD,,False,NR2B2,RXRβ,Nutritional sensors
1HCP,1HCP_1,1,1HCP.A,A,A,PASS,,P03372,"[""SOLUTION NMR""]",,,,,311,547,0,0.0,NO_LBD_OVERLAP,,False,NR3A1,ERα,Steroid hormone receptors
1HCQ,1HCQ_3,3,1HCQ.H,H,F,PASS,,P03372,"[""X-RAY DIFFRACTION""]",2.4,2.4,,,311,547,0,0.0,NO_LBD_OVERLAP,,False,NR3A1,ERα,Steroid hormone receptors
1HCQ,1HCQ_3,3,1HCQ.G,G,E,PASS,,P03372,"[""X-RAY DIFFRACTION""]",2.4,2.4,,,311,547,0,0.0,NO_LBD_OVERLAP,,False,NR3A1,ERα,Steroid hormone receptors
1HCQ,1HCQ_3,3,1HCQ.F,F,B,PASS,,P03372,"[""X-RAY DIFFRACTION""]",2.4,2.4,,,311,547,0,0.0,NO_LBD_OVERLAP,,False,NR3A1,ERα,Steroid hormone receptors
1HCQ,1HCQ_3,3,1HCQ.E,E,A,PASS,,P03372,"[""X-RAY DIFFRACTION""]",2.4,2.4,,,311,547,0,0.0,NO_LBD_OVERLAP,,False,NR3A1,ERα,Steroid hormone receptors
1HLZ,1HLZ_3,3,1HLZ.C,C,A,PASS,,P20393,"[""X-RAY DIFFRACTION""]",2.8,2.8,0.3103,0.3103,284,614,0,0.0,NO_LBD_OVERLAP,,False,NR1D1,Rev-erbα,Nutritional sensors
1HLZ,1HLZ_3,3,1HLZ.D,D,B,PASS,,P20393,"[""X-RAY DIFFRACTION""]",2.8,2.8,0.3103,0.3103,284,614,0,0.0,NO_LBD_OVERLAP,,False,NR1D1,Rev-erbα,Nutritional sensors
1HRA,1HRA_1,1,1HRA.A,A,A,PASS,,P10826,"[""SOLUTION NMR""]",,,,,183,417,0,0.0,NO_LBD_OVERLAP,,False,NR1B2,RARβ,Steroid hormone receptors
1I7G,1I7G_1,1,1I7G.A,A,A,PASS,,Q07869,"[""X-RAY DIFFRACTION""]",2.2,2.2,0.271,0.271,239,466,228,1.0,NEAR_COMPLETE_LBD,,False,NR1C1,PPARα,Nutritional sensors
1I7I,1I7I_1,1,1I7I.B,B,B,PASS,,P37231,"[""X-RAY DIFFRACTION""]",2.35,2.35,0.284,0.284,238,503,266,1.0,NEAR_COMPLETE_LBD,,False,NR1C3,PPARγ,Nutritional sensors
1I7I,1I7I_1,1,1I7I.A,A,A,PASS,,P37231,"[""X-RAY DIFFRACTION""]",2.35,2.35,0.284,0.284,238,503,266,1.0,NEAR_COMPLETE_LBD,,False,NR1C3,PPARγ,Nutritional sensors
1IE8,1IE8_1,1,1IE8.A,A,A,PASS,,P11473,"[""X-RAY DIFFRACTION""]",1.52,1.52,0.23,0.23,127,423,250,0.841751,SUBSTANTIAL_LBD,,False,NR1I1,VDR,Steroid hormone receptors
1IE9,1IE9_1,1,1IE9.A,A,A,PASS,,P11473,"[""X-RAY DIFFRACTION""]",1.4,1.4,0.248,0.248,127,423,250,0.841751,SUBSTANTIAL_LBD,,False,NR1I1,VDR,Steroid hormone receptors
1ILG,1ILG_1,1,1ILG.A,A,A,PASS,,O75469,"[""X-RAY DIFFRACTION""]",2.52,2.52,0.279,0.279,146,433,288,1.0,NEAR_COMPLETE_LBD,,False,NR1I2,PXR,Nutritional sensors
1ILH,1ILH_1,1,1ILH.A,A,A,PASS,,O75469,"[""X-RAY DIFFRACTION""]",2.76,2.76,0.282,0.282,146,433,288,1.0,NEAR_COMPLETE_LBD,,False,NR1I2,PXR,Nutritional sensors
1K74,1K74_1,1,1K74.A,A,A,PASS,,P19793,"[""X-RAY DIFFRACTION""]",2.3,2.3,0.279,0.279,227,458,232,1.0,NEAR_COMPLETE_LBD,,False,NR2B1,RXRα,Nutritional sensors
1K74,1K74_2,2,1K74.B,B,D,PASS,,P37231,"[""X-RAY DIFFRACTION""]",2.3,2.3,0.279,0.279,238,503,266,1.0,NEAR_COMPLETE_LBD,,False,NR1C3,PPARγ,Nutritional sensors
1K7L,1K7L_1,1,1K7L.G,G,G,PASS,,Q07869,"[""X-RAY DIFFRACTION""]",2.5,2.5,0.284,0.284,239,466,228,1.0,NEAR_COMPLETE_LBD,,False,NR1C1,PPARα,Nutritional sensors
1K7L,1K7L_1,1,1K7L.E,E,E,PASS,,Q07869,"[""X-RAY DIFFRACTION""]",2.5,2.5,0.284,0.284,239,466,228,1.0,NEAR_COMPLETE_LBD,,False,NR1C1,PPARα,Nutritional sensors
1K7L,1K7L_1,1,1K7L.C,C,C,PASS,,Q07869,"[""X-RAY DIFFRACTION""]",2.5,2.5,0.284,0.284,239,466,228,1.0,NEAR_COMPLETE_LBD,,False,NR1C1,PPARα,Nutritional sensors
1K7L,1K7L_1,1,1K7L.A,A,A,PASS,,Q07869,"[""X-RAY DIFFRACTION""]",2.5,2.5,0.284,0.284,239,466,228,1.0,NEAR_COMPLETE_LBD,,False,NR1C1,PPARα,Nutritional sensors
1KB2,1KB2_3,3,1KB2.D,D,B,PASS,,P11473,"[""X-RAY DIFFRACTION""]",2.7,2.7,0.289,0.289,127,423,0,0.0,NO_LBD_OVERLAP,,False,NR1I1,VDR,Steroid hormone receptors
1KB2,1KB2_3,3,1KB2.C,C,A,PASS,,P11473,"[""X-RAY DIFFRACTION""]",2.7,2.7,0.289,0.289,127,423,0,0.0,NO_LBD_OVERLAP,,False,NR1I1,VDR,Steroid hormone receptors
1KB4,1KB4_3,3,1KB4.D,D,B,PASS,,P11473,"[""X-RAY DIFFRACTION""]",2.8,2.8,0.272,0.272,127,423,0,0.0,NO_LBD_OVERLAP,,False,NR1I1,VDR,Steroid hormone receptors
1KB4,1KB4_3,3,1KB4.C,C,A,PASS,,P11473,"[""X-RAY DIFFRACTION""]",2.8,2.8,0.272,0.272,127,423,0,0.0,NO_LBD_OVERLAP,,False,NR1I1,VDR,Steroid hormone receptors
1KB6,1KB6_3,3,1KB6.D,D,B,PASS,,P11473,"[""X-RAY DIFFRACTION""]",2.7,2.7,0.275,0.275,127,423,0,0.0,NO_LBD_OVERLAP,,False,NR1I1,VDR,Steroid hormone receptors
1KB6,1KB6_3,3,1KB6.C,C,A,PASS,,P11473,"[""X-RAY DIFFRACTION""]",2.7,2.7,0.275,0.275,127,423,0,0.0,NO_LBD_OVERLAP,,False,NR1I1,VDR,Steroid hormone receptors
1KKQ,1KKQ_1,1,1KKQ.D,D,D,PASS,,Q07869,"[""X-RAY DIFFRACTION""]",3.0,3.0,0.29,0.29,239,466,228,1.0,NEAR_COMPLETE_LBD,,False,NR1C1,PPARα,Nutritional sensors
1KKQ,1KKQ_1,1,1KKQ.C,C,C,PASS,,Q07869,"[""X-RAY DIFFRACTION""]",3.0,3.0,0.29,0.29,239,466,228,1.0,NEAR_COMPLETE_LBD,,False,NR1C1,PPARα,Nutritional sensors
1KKQ,1KKQ_1,1,1KKQ.B,B,B,PASS,,Q07869,"[""X-RAY DIFFRACTION""]",3.0,3.0,0.29,0.29,239,466,228,1.0,NEAR_COMPLETE_LBD,,False,NR1C1,PPARα,Nutritional sensors
1KKQ,1KKQ_1,1,1KKQ.A,A,A,PASS,,Q07869,"[""X-RAY DIFFRACTION""]",3.0,3.0,0.29,0.29,239,466,228,1.0,NEAR_COMPLETE_LBD,,False,NR1C1,PPARα,Nutritional sensors
1KNU,1KNU_1,1,1KNU.A,A,A,PASS,,P37231,"[""X-RAY DIFFRACTION""]",2.5,2.5,0.264,0.264,238,503,266,1.0,NEAR_COMPLETE_LBD,,False,NR1C3,PPARγ,Nutritional sensors
1KNU,1KNU_1,1,1KNU.B,B,B,PASS,,P37231,"[""X-RAY DIFFRACTION""]",2.5,2.5,0.264,0.264,238,503,266,1.0,NEAR_COMPLETE_LBD,,False,NR1C3,PPARγ,Nutritional sensors
1KV6,1KV6_1,1,1KV6.B,B,B,PASS,,P62508,"[""X-RAY DIFFRACTION""]",2.7,2.7,0.2674,0.2674,233,457,225,1.0,NEAR_COMPLETE_LBD,,False,NR3B3,ERRγ,Nutritional sensors
1KV6,1KV6_1,1,1KV6.A,A,A,PASS,,P62508,"[""X-RAY DIFFRACTION""]",2.7,2.7,0.2674,0.2674,233,457,225,1.0,NEAR_COMPLETE_LBD,,False,NR3B3,ERRγ,Nutritional sensors
1L2I,1L2I_1,1,1L2I.B,B,B,PASS,,P03372,"[""X-RAY DIFFRACTION""]",1.95,1.95,0.243,0.243,311,547,237,1.0,NEAR_COMPLETE_LBD,,False,NR3A1,ERα,Steroid hormone receptors
1L2I,1L2I_1,1,1L2I.A,A,A,PASS,,P03372,"[""X-RAY DIFFRACTION""]",1.95,1.95,0.243,0.243,311,547,237,1.0,NEAR_COMPLETE_LBD,,False,NR3A1,ERα,Steroid hormone receptors
1L2J,1L2J_1,1,1L2J.B,B,B,PASS,,Q92731,"[""X-RAY DIFFRACTION""]",2.95,2.95,0.299,0.299,264,498,235,1.0,NEAR_COMPLETE_LBD,,False,NR3A2,ERβ,Steroid hormone receptors
1L2J,1L2J_1,1,1L2J.A,A,A,PASS,,Q92731,"[""X-RAY DIFFRACTION""]",2.95,2.95,0.299,0.299,264,498,235,1.0,NEAR_COMPLETE_LBD,,False,NR3A2,ERβ,Steroid hormone receptors
1LO1,1LO1_3,3,1LO1.C,C,A,PASS,,O95718,"[""SOLUTION NMR""]",,,,,208,432,0,0.0,NO_LBD_OVERLAP,,False,NR3B2,ERRβ,Nutritional sensors
1LV2,1LV2_1,1,1LV2.A,A,A,PASS,,Q14541,"[""X-RAY DIFFRACTION""]",2.7,2.7,0.264,0.264,99,328,226,0.982609,NEAR_COMPLETE_LBD,,False,NR2A2,HNF4γ,Nutritional sensors
1M13,1M13_1,1,1M13.A,A,A,PASS,,O75469,"[""X-RAY DIFFRACTION""]",2.15,2.15,0.246,0.246,146,433,288,1.0,NEAR_COMPLETE_LBD,,False,NR1I2,PXR,Nutritional sensors
1M2Z,1M2Z_1,1,1M2Z.C,C,D,PASS,,P04150,"[""X-RAY DIFFRACTION""]",2.5,2.5,0.267,0.267,524,758,235,1.0,NEAR_COMPLETE_LBD,,False,NR3C1,GR,Steroid hormone receptors
1M2Z,1M2Z_1,1,1M2Z.A,A,A,PASS,,P04150,"[""X-RAY DIFFRACTION""]",2.5,2.5,0.267,0.267,524,758,235,1.0,NEAR_COMPLETE_LBD,,False,NR3C1,GR,Steroid hormone receptors
1MV9,1MV9_1,1,1MV9.A,A,A,PASS,,P19793,"[""X-RAY DIFFRACTION""]",1.9,1.9,0.249,0.249,227,458,232,1.0,NEAR_COMPLETE_LBD,,False,NR2B1,RXRα,Nutritional sensors
1MVC,1MVC_1,1,1MVC.A,A,A,PASS,,P19793,"[""X-RAY DIFFRACTION""]",1.9,1.9,0.228,0.228,227,458,232,1.0,NEAR_COMPLETE_LBD,,False,NR2B1,RXRα,Nutritional sensors
1MZN,1MZN_1,1,1MZN.G,G,G,PASS,,P19793,"[""X-RAY DIFFRACTION""]",1.9,1.9,0.232,0.232,227,458,232,1.0,NEAR_COMPLETE_LBD,,False,NR2B1,RXRα,Nutritional sensors
1MZN,1MZN_1,1,1MZN.E,E,E,PASS,,P19793,"[""X-RAY DIFFRACTION""]",1.9,1.9,0.232,0.232,227,458,232,1.0,NEAR_COMPLETE_LBD,,False,NR2B1,RXRα,Nutritional sensors
1MZN,1MZN_1,1,1MZN.C,C,C,PASS,,P19793,"[""X-RAY DIFFRACTION""]",1.9,1.9,0.232,0.232,227,458,232,1.0,NEAR_COMPLETE_LBD,,False,NR2B1,RXRα,Nutritional sensors
1MZN,1MZN_1,1,1MZN.A,A,A,PASS,,P19793,"[""X-RAY DIFFRACTION""]",1.9,1.9,0.232,0.232,227,458,232,1.0,NEAR_COMPLETE_LBD,,False,NR2B1,RXRα,Nutritional sensors
1N46,1N46_1,1,1N46.B,B,B,PASS,,P10828,"[""X-RAY DIFFRACTION""]",2.2,2.2,0.25621,0.25621,217,461,245,1.0,NEAR_COMPLETE_LBD,,False,NR1A2,TRβ,Steroid hormone receptors
1N46,1N46_1,1,1N46.A,A,A,PASS,,P10828,"[""X-RAY DIFFRACTION""]",2.2,2.2,0.25621,0.25621,217,461,245,1.0,NEAR_COMPLETE_LBD,,False,NR1A2,TRβ,Steroid hormone receptors
1N83,1N83_1,1,1N83.A,A,A,PASS,,P35398,"[""X-RAY DIFFRACTION""]",1.63,1.63,0.22277,0.22277,272,510,239,1.0,NEAR_COMPLETE_LBD,,False,NR1F1,RORα,Nutritional sensors
1NAV,1NAV_1,1,1NAV.A,A,A,PASS,,P10827,"[""X-RAY DIFFRACTION""]",2.5,2.5,0.279,0.279,163,407,208,0.84898,SUBSTANTIAL_LBD,,False,NR1A1,TRα,Steroid hormone receptors
1NAX,1NAX_1,1,1NAX.A,A,A,PASS,,P10828,"[""X-RAY DIFFRACTION""]",2.7,2.7,0.237,0.237,217,461,244,0.995918,NEAR_COMPLETE_LBD,,False,NR1A2,TRβ,Steroid hormone receptors
1NDE,1NDE_1,1,1NDE.A,A,A,PASS,,Q92731,"[""X-RAY DIFFRACTION""]",3.0,3.0,0.273,0.273,264,498,235,1.0,NEAR_COMPLETE_LBD,,False,NR3A2,ERβ,Steroid hormone receptors
1NHZ,1NHZ_1,1,1NHZ.A,A,A,PASS,,P04150,"[""X-RAY DIFFRACTION""]",2.3,2.3,0.27585,0.27585,524,758,235,1.0,NEAR_COMPLETE_LBD,,False,NR3C1,GR,Steroid hormone receptors
1NQ0,1NQ0_1,1,1NQ0.A,A,A,PASS,,P10828,"[""X-RAY DIFFRACTION""]",2.4,2.4,0.2579,0.2579,217,461,245,1.0,NEAR_COMPLETE_LBD,,False,NR1A2,TRβ,Steroid hormone receptors
1NQ1,1NQ1_1,1,1NQ1.A,A,A,PASS,,P10828,"[""X-RAY DIFFRACTION""]",2.9,2.9,0.287,0.287,217,461,245,1.0,NEAR_COMPLETE_LBD,,False,NR1A2,TRβ,Steroid hormone receptors
1NQ2,1NQ2_1,1,1NQ2.A,A,A,PASS,,P10828,"[""X-RAY DIFFRACTION""]",2.4,2.4,0.2642,0.2642,217,461,245,1.0,NEAR_COMPLETE_LBD,,False,NR1A2,TRβ,Steroid hormone receptors
1NRL,1NRL_1,1,1NRL.B,B,B,PASS,,O75469,"[""X-RAY DIFFRACTION""]",2.0,2.0,0.24,0.24,146,433,288,1.0,NEAR_COMPLETE_LBD,,False,NR1I2,PXR,Nutritional sensors
1NRL,1NRL_1,1,1NRL.A,A,A,PASS,,O75469,"[""X-RAY DIFFRACTION""]",2.0,2.0,0.24,0.24,146,433,288,1.0,NEAR_COMPLETE_LBD,,False,NR1I2,PXR,Nutritional sensors
1NUO,1NUO_1,1,1NUO.A,A,A,PASS,,P10828,"[""X-RAY DIFFRACTION""]",3.1,3.1,0.302,0.302,217,461,245,1.0,NEAR_COMPLETE_LBD,,False,NR1A2,TRβ,Steroid hormone receptors
1NYX,1NYX_1,1,1NYX.B,B,B,PASS,,P37231,"[""X-RAY DIFFRACTION""]",2.65,2.65,0.306,0.306,238,503,266,1.0,NEAR_COMPLETE_LBD,,False,NR1C3,PPARγ,Nutritional sensors
1NYX,1NYX_1,1,1NYX.A,A,A,PASS,,P37231,"[""X-RAY DIFFRACTION""]",2.65,2.65,0.306,0.306,238,503,266,1.0,NEAR_COMPLETE_LBD,,False,NR1C3,PPARγ,Nutritional sensors
1OSH,1OSH_1,1,1OSH.A,A,A,PASS,,Q96RI1,"[""X-RAY DIFFRACTION""]",1.8,1.8,0.234,0.234,262,486,225,1.0,NEAR_COMPLETE_LBD,,False,NR1H4,FXR,Nutritional sensors
1OVL,1OVL_1,1,1OVL.D,D,D,PASS,,P43354,"[""X-RAY DIFFRACTION""]",2.2,2.2,0.259,0.259,360,595,236,1.0,NEAR_COMPLETE_LBD,,False,NR4A2,NURR1,Nutritional sensors
1OVL,1OVL_1,1,1OVL.A,A,A,PASS,,P43354,"[""X-RAY DIFFRACTION""]",2.2,2.2,0.259,0.259,360,595,236,1.0,NEAR_COMPLETE_LBD,,False,NR4A2,NURR1,Nutritional sensors
1OVL,1OVL_2,2,1OVL.F,F,F,PASS,,P43354,"[""X-RAY DIFFRACTION""]",2.2,2.2,0.259,0.259,360,595,236,1.0,NEAR_COMPLETE_LBD,,False,NR4A2,NURR1,Nutritional sensors
1OVL,1OVL_2,2,1OVL.E,E,E,PASS,,P43354,"[""X-RAY DIFFRACTION""]",2.2,2.2,0.259,0.259,360,595,236,1.0,NEAR_COMPLETE_LBD,,False,NR4A2,NURR1,Nutritional sensors
1OVL,1OVL_2,2,1OVL.C,C,C,PASS,,P43354,"[""X-RAY DIFFRACTION""]",2.2,2.2,0.259,0.259,360,595,236,1.0,NEAR_COMPLETE_LBD,,False,NR4A2,NURR1,Nutritional sensors
1OVL,1OVL_2,2,1OVL.B,B,B,PASS,,P43354,"[""X-RAY DIFFRACTION""]",2.2,2.2,0.259,0.259,360,595,236,1.0,NEAR_COMPLETE_LBD,,False,NR4A2,NURR1,Nutritional sensors
1P8D,1P8D_1,1,1P8D.B,B,B,PASS,,P55055,"[""X-RAY DIFFRACTION""]",2.8,2.8,0.277,0.277,222,460,239,1.0,NEAR_COMPLETE_LBD,,False,NR1H2,LXRβ,Nutritional sensors
1P8D,1P8D_1,1,1P8D.A,A,A,PASS,,P55055,"[""X-RAY DIFFRACTION""]",2.8,2.8,0.277,0.277,222,460,239,1.0,NEAR_COMPLETE_LBD,,False,NR1H2,LXRβ,Nutritional sensors
1P93,1P93_1,1,1P93.G,G,D,PASS,,P04150,"[""X-RAY DIFFRACTION""]",2.7,2.7,0.363,0.363,524,758,235,1.0,NEAR_COMPLETE_LBD,,False,NR3C1,GR,Steroid hormone receptors
1P93,1P93_1,1,1P93.E,E,C,PASS,,P04150,"[""X-RAY DIFFRACTION""]",2.7,2.7,0.363,0.363,524,758,235,1.0,NEAR_COMPLETE_LBD,,False,NR3C1,GR,Steroid hormone receptors
1P93,1P93_1,1,1P93.C,C,B,PASS,,P04150,"[""X-RAY DIFFRACTION""]",2.7,2.7,0.363,0.363,524,758,235,1.0,NEAR_COMPLETE_LBD,,False,NR3C1,GR,Steroid hormone receptors
1P93,1P93_1,1,1P93.A,A,A,PASS,,P04150,"[""X-RAY DIFFRACTION""]",2.7,2.7,0.363,0.363,524,758,235,1.0,NEAR_COMPLETE_LBD,,False,NR3C1,GR,Steroid hormone receptors
1PCG,1PCG_1,1,1PCG.B,B,B,PASS,,P03372,"[""X-RAY DIFFRACTION""]",2.7,2.7,0.254,0.254,311,547,237,1.0,NEAR_COMPLETE_LBD,,False,NR3A1,ERα,Steroid hormone receptors
1PCG,1PCG_1,1,1PCG.A,A,A,PASS,,P03372,"[""X-RAY DIFFRACTION""]",2.7,2.7,0.254,0.254,311,547,237,1.0,NEAR_COMPLETE_LBD,,False,NR3A1,ERα,Steroid hormone receptors
1PQ6,1PQ6_1,1,1PQ6.D,D,D,PASS,,P55055,"[""X-RAY DIFFRACTION""]",2.4,2.4,0.26237,0.26237,222,460,239,1.0,NEAR_COMPLETE_LBD,,False,NR1H2,LXRβ,Nutritional sensors
1PQ6,1PQ6_1,1,1PQ6.C,C,C,PASS,,P55055,"[""X-RAY DIFFRACTION""]",2.4,2.4,0.26237,0.26237,222,460,239,1.0,NEAR_COMPLETE_LBD,,False,NR1H2,LXRβ,Nutritional sensors
1PQ6,1PQ6_1,1,1PQ6.B,B,B,PASS,,P55055,"[""X-RAY DIFFRACTION""]",2.4,2.4,0.26237,0.26237,222,460,239,1.0,NEAR_COMPLETE_LBD,,False,NR1H2,LXRβ,Nutritional sensors
1PQ6,1PQ6_1,1,1PQ6.A,A,A,PASS,,P55055,"[""X-RAY DIFFRACTION""]",2.4,2.4,0.26237,0.26237,222,460,239,1.0,NEAR_COMPLETE_LBD,,False,NR1H2,LXRβ,Nutritional sensors
1PQ9,1PQ9_1,1,1PQ9.D,D,D,PASS,,P55055,"[""X-RAY DIFFRACTION""]",2.1,2.1,0.25441,0.25441,222,460,239,1.0,NEAR_COMPLETE_LBD,,False,NR1H2,LXRβ,Nutritional sensors
1PQ9,1PQ9_1,1,1PQ9.C,C,C,PASS,,P55055,"[""X-RAY DIFFRACTION""]",2.1,2.1,0.25441,0.25441,222,460,239,1.0,NEAR_COMPLETE_LBD,,False,NR1H2,LXRβ,Nutritional sensors
1PQ9,1PQ9_1,1,1PQ9.B,B,B,PASS,,P55055,"[""X-RAY DIFFRACTION""]",2.1,2.1,0.25441,0.25441,222,460,239,1.0,NEAR_COMPLETE_LBD,,False,NR1H2,LXRβ,Nutritional sensors
1PQ9,1PQ9_1,1,1PQ9.A,A,A,PASS,,P55055,"[""X-RAY DIFFRACTION""]",2.1,2.1,0.25441,0.25441,222,460,239,1.0,NEAR_COMPLETE_LBD,,False,NR1H2,LXRβ,Nutritional sensors
1PQC,1PQC_1,1,1PQC.D,D,D,PASS,,P55055,"[""X-RAY DIFFRACTION""]",2.8,2.8,0.2617,0.2617,222,460,239,1.0,NEAR_COMPLETE_LBD,,False,NR1H2,LXRβ,Nutritional sensors
1PQC,1PQC_1,1,1PQC.C,C,C,PASS,,P55055,"[""X-RAY DIFFRACTION""]",2.8,2.8,0.2617,0.2617,222,460,239,1.0,NEAR_COMPLETE_LBD,,False,NR1H2,LXRβ,Nutritional sensors
1PQC,1PQC_1,1,1PQC.B,B,B,PASS,,P55055,"[""X-RAY DIFFRACTION""]",2.8,2.8,0.2617,0.2617,222,460,239,1.0,NEAR_COMPLETE_LBD,,False,NR1H2,LXRβ,Nutritional sensors
1PQC,1PQC_1,1,1PQC.A,A,A,PASS,,P55055,"[""X-RAY DIFFRACTION""]",2.8,2.8,0.2617,0.2617,222,460,239,1.0,NEAR_COMPLETE_LBD,,False,NR1H2,LXRβ,Nutritional sensors
1PRG,1PRG_1,1,1PRG.B,B,B,PASS,,P37231,"[""X-RAY DIFFRACTION""]",2.2,2.2,0.318,0.318,238,503,266,1.0,NEAR_COMPLETE_LBD,,False,NR1C3,PPARγ,Nutritional sensors
1PRG,1PRG_1,1,1PRG.A,A,A,PASS,,P37231,"[""X-RAY DIFFRACTION""]",2.2,2.2,0.318,0.318,238,503,266,1.0,NEAR_COMPLETE_LBD,,False,NR1C3,PPARγ,Nutritional sensors
1PZL,1PZL_1,1,1PZL.A,A,A,PASS,,P41235,"[""X-RAY DIFFRACTION""]",2.1,2.1,0.267,0.267,147,377,231,1.0,NEAR_COMPLETE_LBD,,False,NR2A1,HNF4α,Nutritional sensors
1Q4X,1Q4X_1,1,1Q4X.A,A,A,PASS,,P10828,"[""X-RAY DIFFRACTION""]",2.8,2.8,0.264,0.264,217,461,245,1.0,NEAR_COMPLETE_LBD,,False,NR1A2,TRβ,Steroid hormone receptors
1QKM,1QKM_1,1,1QKM.A,A,A,PASS,,Q92731,"[""X-RAY DIFFRACTION""]",1.8,1.8,0.252,0.252,264,498,235,1.0,NEAR_COMPLETE_LBD,,False,NR3A2,ERβ,Steroid hormone receptors
1QKT,1QKT_1,1,1QKT.A,A,A,PASS,,P03372,"[""X-RAY DIFFRACTION""]",2.2,2.2,0.273,0.273,311,547,237,1.0,NEAR_COMPLETE_LBD,,False,NR3A1,ERα,Steroid hormone receptors
1QKU,1QKU_1,1,1QKU.C,C,C,PASS,,P03372,"[""X-RAY DIFFRACTION""]",3.2,3.2,0.275,0.275,311,547,237,1.0,NEAR_COMPLETE_LBD,,False,NR3A1,ERα,Steroid hormone receptors
1QKU,1QKU_1,1,1QKU.B,B,B,PASS,,P03372,"[""X-RAY DIFFRACTION""]",3.2,3.2,0.275,0.275,311,547,237,1.0,NEAR_COMPLETE_LBD,,False,NR3A1,ERα,Steroid hormone receptors
1QKU,1QKU_1,1,1QKU.A,A,A,PASS,,P03372,"[""X-RAY DIFFRACTION""]",3.2,3.2,0.275,0.275,311,547,237,1.0,NEAR_COMPLETE_LBD,,False,NR3A1,ERα,Steroid hormone receptors
1R0N,1R0N_3,3,1R0N.C,C,A,PASS,,P19793,"[""X-RAY DIFFRACTION""]",2.6,2.6,0.292,0.292,227,458,0,0.0,NO_LBD_OVERLAP,,False,NR2B1,RXRα,Nutritional sensors
1R5K,1R5K_1,1,1R5K.C,C,C,PASS,,P03372,"[""X-RAY DIFFRACTION""]",2.7,2.7,0.23561,0.23561,311,547,237,1.0,NEAR_COMPLETE_LBD,,False,NR3A1,ERα,Steroid hormone receptors
1R5K,1R5K_1,1,1R5K.B,B,B,PASS,,P03372,"[""X-RAY DIFFRACTION""]",2.7,2.7,0.23561,0.23561,311,547,237,1.0,NEAR_COMPLETE_LBD,,False,NR3A1,ERα,Steroid hormone receptors
1R5K,1R5K_1,1,1R5K.A,A,A,PASS,,P03372,"[""X-RAY DIFFRACTION""]",2.7,2.7,0.23561,0.23561,311,547,237,1.0,NEAR_COMPLETE_LBD,,False,NR3A1,ERα,Steroid hormone receptors
1R6G,1R6G_1,1,1R6G.A,A,A,PASS,,P10828,"[""X-RAY DIFFRACTION""]",3.0,3.0,0.34677,0.34677,217,461,245,1.0,NEAR_COMPLETE_LBD,,False,NR1A2,TRβ,Steroid hormone receptors
1RDT,1RDT_1,1,1RDT.A,A,A,PASS,,P19793,"[""X-RAY DIFFRACTION""]",2.4,2.4,0.259,0.259,227,458,232,1.0,NEAR_COMPLETE_LBD,,False,NR2B1,RXRα,Nutritional sensors
1RDT,1RDT_3,3,1RDT.C,C,D,PASS,,P37231,"[""X-RAY DIFFRACTION""]",2.4,2.4,0.259,0.259,238,503,266,1.0,NEAR_COMPLETE_LBD,,False,NR1C3,PPARγ,Nutritional sensors
1RXR,1RXR_1,1,1RXR.A,A,A,PASS,,P19793,"[""SOLUTION NMR""]",,,,,227,458,0,0.0,NO_LBD_OVERLAP,,False,NR2B1,RXRα,Nutritional sensors
1S0X,1S0X_1,1,1S0X.A,A,A,PASS,,P35398,"[""X-RAY DIFFRACTION""]",2.2,2.2,0.20874,0.20874,272,510,239,1.0,NEAR_COMPLETE_LBD,,False,NR1F1,RORα,Nutritional sensors
1S0Z,1S0Z_1,1,1S0Z.A,A,A,PASS,,P11473,"[""X-RAY DIFFRACTION""]",2.5,2.5,0.204,0.204,127,423,250,0.841751,SUBSTANTIAL_LBD,,False,NR1I1,VDR,Steroid hormone receptors
1S19,1S19_1,1,1S19.A,A,A,PASS,,P11473,"[""X-RAY DIFFRACTION""]",2.1,2.1,0.214,0.214,127,423,250,0.841751,SUBSTANTIAL_LBD,,False,NR1I1,VDR,Steroid hormone receptors
1SJ0,1SJ0_1,1,1SJ0.A,A,A,PASS,,P03372,"[""X-RAY DIFFRACTION""]",1.9,1.9,0.272,0.272,311,547,237,1.0,NEAR_COMPLETE_LBD,,False,NR3A1,ERα,Steroid hormone receptors
1SKX,1SKX_1,1,1SKX.A,A,A,PASS,,O75469,"[""X-RAY DIFFRACTION""]",2.8,2.8,0.266,0.266,146,433,286,0.993056,NEAR_COMPLETE_LBD,,False,NR1I2,PXR,Nutritional sensors
1SQN,1SQN_1,1,1SQN.B,B,B,PASS,,P06401,"[""X-RAY DIFFRACTION""]",1.451,1.451,0.21586,0.21586,679,913,235,1.0,NEAR_COMPLETE_LBD,,False,NR3C3,PR,Steroid hormone receptors
1SQN,1SQN_1,1,1SQN.A,A,A,PASS,,P06401,"[""X-RAY DIFFRACTION""]",1.451,1.451,0.21586,0.21586,679,913,235,1.0,NEAR_COMPLETE_LBD,,False,NR3C3,PR,Steroid hormone receptors
1SR7,1SR7_1,1,1SR7.B,B,B,PASS,,P06401,"[""X-RAY DIFFRACTION""]",1.46,1.46,0.21061,0.21061,679,913,235,1.0,NEAR_COMPLETE_LBD,,False,NR3C3,PR,Steroid hormone receptors
1SR7,1SR7_1,1,1SR7.A,A,A,PASS,,P06401,"[""X-RAY DIFFRACTION""]",1.46,1.46,0.21061,0.21061,679,913,235,1.0,NEAR_COMPLETE_LBD,,False,NR3C3,PR,Steroid hormone receptors
1T5Z,1T5Z_1,1,1T5Z.A,A,A,PASS,,P10275,"[""X-RAY DIFFRACTION""]",2.3,2.3,0.26,0.26,669,900,231,0.99569,NEAR_COMPLETE_LBD,,False,NR3C4,AR,Steroid hormone receptors
1T63,1T63_1,1,1T63.A,A,A,PASS,,P10275,"[""X-RAY DIFFRACTION""]",2.07,2.07,0.23,0.23,669,900,231,0.99569,NEAR_COMPLETE_LBD,,False,NR3C4,AR,Steroid hormone receptors
1T65,1T65_1,1,1T65.A,A,A,PASS,,P10275,"[""X-RAY DIFFRACTION""]",1.66,1.66,0.27,0.27,669,900,231,0.99569,NEAR_COMPLETE_LBD,,False,NR3C4,AR,Steroid hormone receptors
1TFC,1TFC_1,1,1TFC.B,B,B,PASS,,P62508,"[""X-RAY DIFFRACTION""]",2.4,2.4,0.258,0.258,233,457,225,1.0,NEAR_COMPLETE_LBD,,False,NR3B3,ERRγ,Nutritional sensors
1TFC,1TFC_1,1,1TFC.A,A,A,PASS,,P62508,"[""X-RAY DIFFRACTION""]",2.4,2.4,0.258,0.258,233,457,225,1.0,NEAR_COMPLETE_LBD,,False,NR3B3,ERRγ,Nutritional sensors
1TXI,1TXI_1,1,1TXI.A,A,A,PASS,,P11473,"[""X-RAY DIFFRACTION""]",1.9,1.9,0.218,0.218,127,423,250,0.841751,SUBSTANTIAL_LBD,,False,NR1I1,VDR,Steroid hormone receptors
1U3Q,1U3Q_1,1,1U3Q.D,D,D,PASS,,Q92731,"[""X-RAY DIFFRACTION""]",2.4,2.4,0.279,0.279,264,498,235,1.0,NEAR_COMPLETE_LBD,,False,NR3A2,ERβ,Steroid hormone receptors
1U3Q,1U3Q_1,1,1U3Q.C,C,C,PASS,,Q92731,"[""X-RAY DIFFRACTION""]",2.4,2.4,0.279,0.279,264,498,235,1.0,NEAR_COMPLETE_LBD,,False,NR3A2,ERβ,Steroid hormone receptors
1U3Q,1U3Q_1,1,1U3Q.B,B,B,PASS,,Q92731,"[""X-RAY DIFFRACTION""]",2.4,2.4,0.279,0.279,264,498,235,1.0,NEAR_COMPLETE_LBD,,False,NR3A2,ERβ,Steroid hormone receptors
1U3Q,1U3Q_1,1,1U3Q.A,A,A,PASS,,Q92731,"[""X-RAY DIFFRACTION""]",2.4,2.4,0.279,0.279,264,498,235,1.0,NEAR_COMPLETE_LBD,,False,NR3A2,ERβ,Steroid hormone receptors
1U3R,1U3R_1,1,1U3R.C,C,B,PASS,,Q92731,"[""X-RAY DIFFRACTION""]",2.21,2.21,0.267,0.267,264,498,235,1.0,NEAR_COMPLETE_LBD,,False,NR3A2,ERβ,Steroid hormone receptors
1U3R,1U3R_1,1,1U3R.A,A,A,PASS,,Q92731,"[""X-RAY DIFFRACTION""]",2.21,2.21,0.267,0.267,264,498,235,1.0,NEAR_COMPLETE_LBD,,False,NR3A2,ERβ,Steroid hormone receptors
1U3S,1U3S_1,1,1U3S.C,C,B,PASS,,Q92731,"[""X-RAY DIFFRACTION""]",2.5,2.5,0.25,0.25,264,498,235,1.0,NEAR_COMPLETE_LBD,,False,NR3A2,ERβ,Steroid hormone receptors
1U3S,1U3S_1,1,1U3S.A,A,A,PASS,,Q92731,"[""X-RAY DIFFRACTION""]",2.5,2.5,0.25,0.25,264,498,235,1.0,NEAR_COMPLETE_LBD,,False,NR3A2,ERβ,Steroid hormone receptors
1U9E,1U9E_1,1,1U9E.B,B,B,PASS,,Q92731,"[""X-RAY DIFFRACTION""]",2.4,2.4,0.279,0.279,264,498,235,1.0,NEAR_COMPLETE_LBD,,False,NR3A2,ERβ,Steroid hormone receptors
1U9E,1U9E_1,1,1U9E.A,A,A,PASS,,Q92731,"[""X-RAY DIFFRACTION""]",2.4,2.4,0.279,0.279,264,498,235,1.0,NEAR_COMPLETE_LBD,,False,NR3A2,ERβ,Steroid hormone receptors
1UHL,1UHL_1,1,1UHL.A,A,A,PASS,,P28702,"[""X-RAY DIFFRACTION""]",2.9,2.9,0.32649,0.32649,296,529,232,0.991453,NEAR_COMPLETE_LBD,,False,NR2B2,RXRβ,Nutritional sensors
1UHL,1UHL_2,2,1UHL.B,B,B,PASS,,Q13133,"[""X-RAY DIFFRACTION""]",2.9,2.9,0.32649,0.32649,209,447,239,1.0,NEAR_COMPLETE_LBD,,False,NR1H3,LXRα,Nutritional sensors
1UOM,1UOM_1,1,1UOM.A,A,A,PASS,,P03372,"[""X-RAY DIFFRACTION""]",2.28,2.28,0.287,0.287,311,547,237,1.0,NEAR_COMPLETE_LBD,,False,NR3A1,ERα,Steroid hormone receptors
1UPV,1UPV_1,1,1UPV.A,A,A,PASS,,P55055,"[""X-RAY DIFFRACTION""]",2.1,2.1,0.274,0.274,222,460,238,0.995816,NEAR_COMPLETE_LBD,,False,NR1H2,LXRβ,Nutritional sensors
1UPW,1UPW_1,1,1UPW.A,A,A,PASS,,P55055,"[""X-RAY DIFFRACTION""]",2.4,2.4,0.295,0.295,222,460,238,0.995816,NEAR_COMPLETE_LBD,,False,NR1H2,LXRβ,Nutritional sensors
1VJB,1VJB_1,1,1VJB.B,B,B,PASS,,P62508,"[""X-RAY DIFFRACTION""]",3.2,3.2,0.275,0.275,233,457,225,1.0,NEAR_COMPLETE_LBD,REVIEW_NEEDED,False,NR3B3,ERRγ,Nutritional sensors
1VJB,1VJB_1,1,1VJB.A,A,A,PASS,,P62508,"[""X-RAY DIFFRACTION""]",3.2,3.2,0.275,0.275,233,457,225,1.0,NEAR_COMPLETE_LBD,REVIEW_NEEDED,False,NR3B3,ERRγ,Nutritional sensors
1WM0,1WM0_1,1,1WM0.A,A,X,PASS,,P37231,"[""X-RAY DIFFRACTION""]",2.9,2.9,0.29541,0.29541,238,503,266,1.0,NEAR_COMPLETE_LBD,,False,NR1C3,PPARγ,Nutritional sensors
1X76,1X76_1,1,1X76.B,B,B,PASS,,Q92731,"[""X-RAY DIFFRACTION""]",2.2,2.2,0.265,0.265,264,498,235,1.0,NEAR_COMPLETE_LBD,,False,NR3A2,ERβ,Steroid hormone receptors
1X76,1X76_1,1,1X76.A,A,A,PASS,,Q92731,"[""X-RAY DIFFRACTION""]",2.2,2.2,0.265,0.265,264,498,235,1.0,NEAR_COMPLETE_LBD,,False,NR3A2,ERβ,Steroid hormone receptors
1X78,1X78_1,1,1X78.B,B,B,PASS,,Q92731,"[""X-RAY DIFFRACTION""]",2.3,2.3,0.27,0.27,264,498,235,1.0,NEAR_COMPLETE_LBD,,False,NR3A2,ERβ,Steroid hormone receptors
1X78,1X78_1,1,1X78.A,A,A,PASS,,Q92731,"[""X-RAY DIFFRACTION""]",2.3,2.3,0.27,0.27,264,498,235,1.0,NEAR_COMPLETE_LBD,,False,NR3A2,ERβ,Steroid hormone receptors
1X7B,1X7B_1,1,1X7B.B,B,B,PASS,,Q92731,"[""X-RAY DIFFRACTION""]",2.3,2.3,0.266,0.266,264,498,235,1.0,NEAR_COMPLETE_LBD,,False,NR3A2,ERβ,Steroid hormone receptors
1X7B,1X7B_1,1,1X7B.A,A,A,PASS,,Q92731,"[""X-RAY DIFFRACTION""]",2.3,2.3,0.266,0.266,264,498,235,1.0,NEAR_COMPLETE_LBD,,False,NR3A2,ERβ,Steroid hormone receptors
1X7E,1X7E_1,1,1X7E.B,B,B,PASS,,P03372,"[""X-RAY DIFFRACTION""]",2.8,2.8,0.286,0.286,311,547,237,1.0,NEAR_COMPLETE_LBD,,False,NR3A1,ERα,Steroid hormone receptors
1X7E,1X7E_1,1,1X7E.A,A,A,PASS,,P03372,"[""X-RAY DIFFRACTION""]",2.8,2.8,0.286,0.286,311,547,237,1.0,NEAR_COMPLETE_LBD,,False,NR3A1,ERα,Steroid hormone receptors
1X7J,1X7J_1,1,1X7J.B,B,B,PASS,,Q92731,"[""X-RAY DIFFRACTION""]",2.3,2.3,0.282,0.282,264,498,235,1.0,NEAR_COMPLETE_LBD,,False,NR3A2,ERβ,Steroid hormone receptors
1X7J,1X7J_1,1,1X7J.A,A,A,PASS,,Q92731,"[""X-RAY DIFFRACTION""]",2.3,2.3,0.282,0.282,264,498,235,1.0,NEAR_COMPLETE_LBD,,False,NR3A2,ERβ,Steroid hormone receptors
1X7R,1X7R_1,1,1X7R.A,A,A,PASS,,P03372,"[""X-RAY DIFFRACTION""]",2.0,2.0,0.269,0.269,311,547,237,1.0,NEAR_COMPLETE_LBD,,False,NR3A1,ERα,Steroid hormone receptors
1XAP,1XAP_1,1,1XAP.A,A,A,PASS,,P10826,"[""X-RAY DIFFRACTION""]",2.1,2.1,0.253,0.253,183,417,235,1.0,NEAR_COMPLETE_LBD,,False,NR1B2,RARβ,Steroid hormone receptors
1XB7,1XB7_1,1,1XB7.A,A,A,PASS,,P11474,"[""X-RAY DIFFRACTION""]",2.5,2.5,0.2473,0.2473,193,421,228,0.995633,NEAR_COMPLETE_LBD,,False,NR3B1,ERRα,Nutritional sensors
1XJ7,1XJ7_1,1,1XJ7.A,A,A,PASS,,P10275,"[""X-RAY DIFFRACTION""]",2.7,2.7,0.32,0.32,669,900,232,1.0,NEAR_COMPLETE_LBD,,False,NR3C4,AR,Steroid hormone receptors
1XLS,1XLS_1,1,1XLS.D,D,D,PASS,,P19793,"[""X-RAY DIFFRACTION""]",2.96,2.96,0.303,0.303,227,458,232,1.0,NEAR_COMPLETE_LBD,,False,NR2B1,RXRα,Nutritional sensors
1XLS,1XLS_1,1,1XLS.C,C,C,PASS,,P19793,"[""X-RAY DIFFRACTION""]",2.96,2.96,0.303,0.303,227,458,232,1.0,NEAR_COMPLETE_LBD,,False,NR2B1,RXRα,Nutritional sensors
1XLS,1XLS_1,1,1XLS.B,B,B,PASS,,P19793,"[""X-RAY DIFFRACTION""]",2.96,2.96,0.303,0.303,227,458,232,1.0,NEAR_COMPLETE_LBD,,False,NR2B1,RXRα,Nutritional sensors
1XLS,1XLS_1,1,1XLS.A,A,A,PASS,,P19793,"[""X-RAY DIFFRACTION""]",2.96,2.96,0.303,0.303,227,458,232,1.0,NEAR_COMPLETE_LBD,,False,NR2B1,RXRα,Nutritional sensors
1XOW,1XOW_1,1,1XOW.A,A,A,PASS,,P10275,"[""X-RAY DIFFRACTION""]",1.8,1.8,0.213,0.213,669,900,229,0.987069,NEAR_COMPLETE_LBD,,False,NR3C4,AR,Steroid hormone receptors
1XOW,1XOW_2,2,1XOW.B,B,B,PASS,,P10275,"[""X-RAY DIFFRACTION""]",1.8,1.8,0.213,0.213,669,900,0,0.0,NO_LBD_OVERLAP,,False,NR3C4,AR,Steroid hormone receptors
1XP1,1XP1_1,1,1XP1.A,A,A,PASS,,P03372,"[""X-RAY DIFFRACTION""]",1.8,1.8,0.269,0.269,311,547,237,1.0,NEAR_COMPLETE_LBD,,False,NR3A1,ERα,Steroid hormone receptors
1XP6,1XP6_1,1,1XP6.A,A,A,PASS,,P03372,"[""X-RAY DIFFRACTION""]",1.7,1.7,0.267,0.267,311,547,237,1.0,NEAR_COMPLETE_LBD,,False,NR3A1,ERα,Steroid hormone receptors
1XP9,1XP9_1,1,1XP9.A,A,A,PASS,,P03372,"[""X-RAY DIFFRACTION""]",1.8,1.8,0.299,0.299,311,547,237,1.0,NEAR_COMPLETE_LBD,,False,NR3A1,ERα,Steroid hormone receptors
1XPC,1XPC_1,1,1XPC.A,A,A,PASS,,P03372,"[""X-RAY DIFFRACTION""]",1.6,1.6,0.251,0.251,311,547,237,1.0,NEAR_COMPLETE_LBD,,False,NR3A1,ERα,Steroid hormone receptors
1XQ3,1XQ3_1,1,1XQ3.A,A,A,PASS,,P10275,"[""X-RAY DIFFRACTION""]",2.25,2.25,0.242,0.242,669,900,229,0.987069,NEAR_COMPLETE_LBD,,False,NR3C4,AR,Steroid hormone receptors
1XQC,1XQC_1,1,1XQC.D,D,D,PASS,,P03372,"[""X-RAY DIFFRACTION""]",2.05,2.05,0.25425,0.25425,311,547,237,1.0,NEAR_COMPLETE_LBD,,False,NR3A1,ERα,Steroid hormone receptors
1XQC,1XQC_1,1,1XQC.C,C,C,PASS,,P03372,"[""X-RAY DIFFRACTION""]",2.05,2.05,0.25425,0.25425,311,547,237,1.0,NEAR_COMPLETE_LBD,,False,NR3A1,ERα,Steroid hormone receptors
1XQC,1XQC_1,1,1XQC.B,B,B,PASS,,P03372,"[""X-RAY DIFFRACTION""]",2.05,2.05,0.25425,0.25425,311,547,237,1.0,NEAR_COMPLETE_LBD,,False,NR3A1,ERα,Steroid hormone receptors
1XQC,1XQC_1,1,1XQC.A,A,A,PASS,,P03372,"[""X-RAY DIFFRACTION""]",2.05,2.05,0.25425,0.25425,311,547,237,1.0,NEAR_COMPLETE_LBD,,False,NR3A1,ERα,Steroid hormone receptors
1XV9,1XV9_1,1,1XV9.C,C,C,PASS,,P19793,"[""X-RAY DIFFRACTION""]",2.7,2.7,0.239,0.239,227,458,232,1.0,NEAR_COMPLETE_LBD,,False,NR2B1,RXRα,Nutritional sensors
1XV9,1XV9_1,1,1XV9.A,A,A,PASS,,P19793,"[""X-RAY DIFFRACTION""]",2.7,2.7,0.239,0.239,227,458,232,1.0,NEAR_COMPLETE_LBD,,False,NR2B1,RXRα,Nutritional sensors
1XV9,1XV9_2,2,1XV9.D,D,D,PASS,,Q14994,"[""X-RAY DIFFRACTION""]",2.7,2.7,0.239,0.239,109,352,240,0.983607,NEAR_COMPLETE_LBD,,False,NR1I3,CAR,Nutritional sensors
1XV9,1XV9_2,2,1XV9.B,B,B,PASS,,Q14994,"[""X-RAY DIFFRACTION""]",2.7,2.7,0.239,0.239,109,352,240,0.983607,NEAR_COMPLETE_LBD,,False,NR1I3,CAR,Nutritional sensors
1XVP,1XVP_1,1,1XVP.C,C,C,PASS,,P19793,"[""X-RAY DIFFRACTION""]",2.6,2.6,0.234,0.234,227,458,232,1.0,NEAR_COMPLETE_LBD,,False,NR2B1,RXRα,Nutritional sensors
1XVP,1XVP_1,1,1XVP.A,A,A,PASS,,P19793,"[""X-RAY DIFFRACTION""]",2.6,2.6,0.234,0.234,227,458,232,1.0,NEAR_COMPLETE_LBD,,False,NR2B1,RXRα,Nutritional sensors
1XVP,1XVP_2,2,1XVP.D,D,D,PASS,,Q14994,"[""X-RAY DIFFRACTION""]",2.6,2.6,0.234,0.234,109,352,240,0.983607,NEAR_COMPLETE_LBD,,False,NR1I3,CAR,Nutritional sensors
1XVP,1XVP_2,2,1XVP.B,B,B,PASS,,Q14994,"[""X-RAY DIFFRACTION""]",2.6,2.6,0.234,0.234,109,352,240,0.983607,NEAR_COMPLETE_LBD,,False,NR1I3,CAR,Nutritional sensors
1XZX,1XZX_1,1,1XZX.A,A,X,PASS,,P10828,"[""X-RAY DIFFRACTION""]",2.5,2.5,0.244,0.244,217,461,245,1.0,NEAR_COMPLETE_LBD,,False,NR1A2,TRβ,Steroid hormone receptors
1Y0S,1Y0S_1,1,1Y0S.B,B,B,PASS,,Q03181,"[""X-RAY DIFFRACTION""]",2.65,2.65,0.261,0.261,211,439,229,1.0,NEAR_COMPLETE_LBD,,False,NR1C2,PPARδ,Nutritional sensors
1Y0S,1Y0S_1,1,1Y0S.A,A,A,PASS,,Q03181,"[""X-RAY DIFFRACTION""]",2.65,2.65,0.261,0.261,211,439,229,1.0,NEAR_COMPLETE_LBD,,False,NR1C2,PPARδ,Nutritional sensors
1Y0X,1Y0X_1,1,1Y0X.A,A,X,PASS,,P10828,"[""X-RAY DIFFRACTION""]",3.1,3.1,0.266,0.266,217,461,245,1.0,NEAR_COMPLETE_LBD,,False,NR1A2,TRβ,Steroid hormone receptors
1Y9R,1Y9R_1,1,1Y9R.B,B,B,PASS,,P08235,"[""X-RAY DIFFRACTION""]",1.96,1.96,0.267,0.267,726,964,234,0.979079,NEAR_COMPLETE_LBD,,False,NR3C2,MR,Steroid hormone receptors
1Y9R,1Y9R_1,1,1Y9R.A,A,A,PASS,,P08235,"[""X-RAY DIFFRACTION""]",1.96,1.96,0.267,0.267,726,964,234,0.979079,NEAR_COMPLETE_LBD,,False,NR3C2,MR,Steroid hormone receptors
1YA3,1YA3_1,1,1YA3.C,C,C,PASS,,P08235,"[""X-RAY DIFFRACTION""]",2.34,2.34,0.284,0.284,726,964,234,0.979079,NEAR_COMPLETE_LBD,,False,NR3C2,MR,Steroid hormone receptors
1YA3,1YA3_1,1,1YA3.B,B,B,PASS,,P08235,"[""X-RAY DIFFRACTION""]",2.34,2.34,0.284,0.284,726,964,234,0.979079,NEAR_COMPLETE_LBD,,False,NR3C2,MR,Steroid hormone receptors
1YA3,1YA3_1,1,1YA3.A,A,A,PASS,,P08235,"[""X-RAY DIFFRACTION""]",2.34,2.34,0.284,0.284,726,964,234,0.979079,NEAR_COMPLETE_LBD,,False,NR3C2,MR,Steroid hormone receptors
1YIM,1YIM_1,1,1YIM.A,A,A,PASS,,P03372,"[""X-RAY DIFFRACTION""]",1.9,1.9,0.258,0.258,311,547,237,1.0,NEAR_COMPLETE_LBD,,False,NR3A1,ERα,Steroid hormone receptors
1YIN,1YIN_1,1,1YIN.A,A,A,PASS,,P03372,"[""X-RAY DIFFRACTION""]",2.2,2.2,0.296,0.296,311,547,237,1.0,NEAR_COMPLETE_LBD,,False,NR3A1,ERα,Steroid hormone receptors
1YNW,1YNW_3,3,1YNW.C,C,A,PASS,,P11473,"[""X-RAY DIFFRACTION""]",3.0,3.0,0.283,0.283,127,423,0,0.0,NO_LBD_OVERLAP,,False,NR1I1,VDR,Steroid hormone receptors
1YNW,1YNW_4,4,1YNW.D,D,B,PASS,,P19793,"[""X-RAY DIFFRACTION""]",3.0,3.0,0.283,0.283,227,458,2,0.008621,TRACE_LBD,,False,NR2B1,RXRα,Nutritional sensors
1YOK,1YOK_1,1,1YOK.A,A,A,PASS,,O00482,"[""X-RAY DIFFRACTION""]",2.5,2.5,0.29,0.29,300,539,240,1.0,NEAR_COMPLETE_LBD,,False,NR5A2,LRH-1,Nutritional sensors
1YOW,1YOW_1,1,1YOW.A,A,A,PASS,,Q13285,"[""X-RAY DIFFRACTION""]",3.0,3.0,0.29,0.29,222,459,238,1.0,NEAR_COMPLETE_LBD,,False,NR5A1,SF-1,Nutritional sensors
1YUC,1YUC_1,1,1YUC.B,B,B,PASS,,O00482,"[""X-RAY DIFFRACTION""]",1.9,1.9,0.248,0.248,300,539,240,1.0,NEAR_COMPLETE_LBD,,False,NR5A2,LRH-1,Nutritional sensors
1YUC,1YUC_1,1,1YUC.A,A,A,PASS,,O00482,"[""X-RAY DIFFRACTION""]",1.9,1.9,0.248,0.248,300,539,240,1.0,NEAR_COMPLETE_LBD,,False,NR5A2,LRH-1,Nutritional sensors
1YUC,1YUC_2,2,1YUC.D,D,D,PASS,,Q15466,"[""X-RAY DIFFRACTION""]",1.9,1.9,0.248,0.248,16,257,13,0.053719,TRACE_LBD,,False,NR0B2,SHP,Orphan receptors
1YUC,1YUC_2,2,1YUC.C,C,C,PASS,,Q15466,"[""X-RAY DIFFRACTION""]",1.9,1.9,0.248,0.248,16,257,13,0.053719,TRACE_LBD,,False,NR0B2,SHP,Orphan receptors
1YY4,1YY4_1,1,1YY4.B,B,B,PASS,,Q92731,"[""X-RAY DIFFRACTION""]",2.7,2.7,0.269,0.269,264,498,235,1.0,NEAR_COMPLETE_LBD,,False,NR3A2,ERβ,Steroid hormone receptors
1YY4,1YY4_1,1,1YY4.A,A,A,PASS,,Q92731,"[""X-RAY DIFFRACTION""]",2.7,2.7,0.269,0.269,264,498,235,1.0,NEAR_COMPLETE_LBD,,False,NR3A2,ERβ,Steroid hormone receptors
1YYE,1YYE_1,1,1YYE.A,A,A,PASS,,Q92731,"[""X-RAY DIFFRACTION""]",2.03,2.03,0.269,0.269,264,498,235,1.0,NEAR_COMPLETE_LBD,,False,NR3A2,ERβ,Steroid hormone receptors
1YYE,1YYE_1,1,1YYE.B,B,B,PASS,,Q92731,"[""X-RAY DIFFRACTION""]",2.03,2.03,0.269,0.269,264,498,235,1.0,NEAR_COMPLETE_LBD,,False,NR3A2,ERβ,Steroid hormone receptors
1Z95,1Z95_1,1,1Z95.A,A,A,PASS,,P10275,"[""X-RAY DIFFRACTION""]",1.8,1.8,0.256,0.256,669,900,228,0.982759,NEAR_COMPLETE_LBD,,False,NR3C4,AR,Steroid hormone receptors
1ZAF,1ZAF_1,1,1ZAF.B,B,B,PASS,,Q92731,"[""X-RAY DIFFRACTION""]",2.2,2.2,0.286,0.286,264,498,235,1.0,NEAR_COMPLETE_LBD,,False,NR3A2,ERβ,Steroid hormone receptors
1ZAF,1ZAF_1,1,1ZAF.A,A,A,PASS,,Q92731,"[""X-RAY DIFFRACTION""]",2.2,2.2,0.286,0.286,264,498,235,1.0,NEAR_COMPLETE_LBD,,False,NR3A2,ERβ,Steroid hormone receptors
1ZDT,1ZDT_1,1,1ZDT.B,B,B,PASS,,Q13285,"[""X-RAY DIFFRACTION""]",2.1,2.1,0.26532,0.26532,222,459,238,1.0,NEAR_COMPLETE_LBD,,False,NR5A1,SF-1,Nutritional sensors
1ZDT,1ZDT_1,1,1ZDT.A,A,A,PASS,,Q13285,"[""X-RAY DIFFRACTION""]",2.1,2.1,0.26532,0.26532,222,459,238,1.0,NEAR_COMPLETE_LBD,,False,NR5A1,SF-1,Nutritional sensors
1ZDU,1ZDU_1,1,1ZDU.A,A,A,PASS,,O00482,"[""X-RAY DIFFRACTION""]",2.5,2.5,0.28129,0.28129,300,539,240,1.0,NEAR_COMPLETE_LBD,,False,NR5A2,LRH-1,Nutritional sensors
1ZEO,1ZEO_1,1,1ZEO.B,B,B,PASS,,P37231,"[""X-RAY DIFFRACTION""]",2.5,2.5,0.28,0.28,238,503,266,1.0,NEAR_COMPLETE_LBD,,False,NR1C3,PPARγ,Nutritional sensors
1ZEO,1ZEO_1,1,1ZEO.A,A,A,PASS,,P37231,"[""X-RAY DIFFRACTION""]",2.5,2.5,0.28,0.28,238,503,266,1.0,NEAR_COMPLETE_LBD,,False,NR1C3,PPARγ,Nutritional sensors
1ZGY,1ZGY_1,1,1ZGY.A,A,A,PASS,,P37231,"[""X-RAY DIFFRACTION""]",1.8,1.8,0.258,0.258,238,503,266,1.0,NEAR_COMPLETE_LBD,,False,NR1C3,PPARγ,Nutritional sensors
1ZKY,1ZKY_1,1,1ZKY.B,B,B,PASS,,P03372,"[""X-RAY DIFFRACTION""]",2.25,2.25,0.23141,0.23141,311,547,237,1.0,NEAR_COMPLETE_LBD,,False,NR3A1,ERα,Steroid hormone receptors
1ZKY,1ZKY_1,1,1ZKY.A,A,A,PASS,,P03372,"[""X-RAY DIFFRACTION""]",2.25,2.25,0.23141,0.23141,311,547,237,1.0,NEAR_COMPLETE_LBD,,False,NR3A1,ERα,Steroid hormone receptors
1ZUC,1ZUC_1,1,1ZUC.B,B,A,PASS,,P06401,"[""X-RAY DIFFRACTION""]",2.0,2.0,0.22812,0.22812,679,913,235,1.0,NEAR_COMPLETE_LBD,,False,NR3C3,PR,Steroid hormone receptors
1ZUC,1ZUC_1,1,1ZUC.A,A,B,PASS,,P06401,"[""X-RAY DIFFRACTION""]",2.0,2.0,0.22812,0.22812,679,913,235,1.0,NEAR_COMPLETE_LBD,,False,NR3C3,PR,Steroid hormone receptors
29OB,29OB_1,1,29OB.A,A,A,PASS,,P51449,"[""X-RAY DIFFRACTION""]",3.6,3.6,0.2828,0.2828,269,508,238,0.991667,NEAR_COMPLETE_LBD,,False,NR1F3,RORγ,Nutritional sensors
2A3I,2A3I_1,1,2A3I.A,A,A,PASS,,P08235,"[""X-RAY DIFFRACTION""]",1.95,1.95,0.253,0.253,726,964,233,0.974895,NEAR_COMPLETE_LBD,,False,NR3C2,MR,Steroid hormone receptors
2A66,2A66_3,3,2A66.C,C,A,PASS,,O00482,"[""X-RAY DIFFRACTION""]",2.2,2.2,0.226,0.226,300,539,0,0.0,NO_LBD_OVERLAP,,False,NR5A2,LRH-1,Nutritional sensors
2AA2,2AA2_1,1,2AA2.A,A,A,PASS,,P08235,"[""X-RAY DIFFRACTION""]",1.95,1.95,0.235,0.235,726,964,239,1.0,NEAR_COMPLETE_LBD,,False,NR3C2,MR,Steroid hormone receptors
2AA5,2AA5_1,1,2AA5.B,B,B,PASS,,P08235,"[""X-RAY DIFFRACTION""]",2.2,2.2,0.264,0.264,726,964,239,1.0,NEAR_COMPLETE_LBD,,False,NR3C2,MR,Steroid hormone receptors
2AA5,2AA5_1,1,2AA5.A,A,A,PASS,,P08235,"[""X-RAY DIFFRACTION""]",2.2,2.2,0.264,0.264,726,964,239,1.0,NEAR_COMPLETE_LBD,,False,NR3C2,MR,Steroid hormone receptors
2AA6,2AA6_1,1,2AA6.A,A,A,PASS,,P08235,"[""X-RAY DIFFRACTION""]",1.95,1.95,0.225,0.225,726,964,239,1.0,NEAR_COMPLETE_LBD,,False,NR3C2,MR,Steroid hormone receptors
2AA6,2AA6_1,1,2AA6.B,B,B,PASS,,P08235,"[""X-RAY DIFFRACTION""]",1.95,1.95,0.225,0.225,726,964,239,1.0,NEAR_COMPLETE_LBD,,False,NR3C2,MR,Steroid hormone receptors
2AA7,2AA7_1,1,2AA7.A,A,A,PASS,,P08235,"[""X-RAY DIFFRACTION""]",2.2,2.2,0.264,0.264,726,964,239,1.0,NEAR_COMPLETE_LBD,,False,NR3C2,MR,Steroid hormone receptors
2AAX,2AAX_1,1,2AAX.B,B,B,PASS,,P08235,"[""X-RAY DIFFRACTION""]",1.75,1.75,0.212,0.212,726,964,239,1.0,NEAR_COMPLETE_LBD,,False,NR3C2,MR,Steroid hormone receptors
2AAX,2AAX_1,1,2AAX.A,A,A,PASS,,P08235,"[""X-RAY DIFFRACTION""]",1.75,1.75,0.212,0.212,726,964,239,1.0,NEAR_COMPLETE_LBD,,False,NR3C2,MR,Steroid hormone receptors
2AB2,2AB2_1,1,2AB2.A,A,A,PASS,,P08235,"[""X-RAY DIFFRACTION""]",1.85,1.85,0.218,0.218,726,964,239,1.0,NEAR_COMPLETE_LBD,,False,NR3C2,MR,Steroid hormone receptors
2AB2,2AB2_1,1,2AB2.B,B,B,PASS,,P08235,"[""X-RAY DIFFRACTION""]",1.85,1.85,0.218,0.218,726,964,239,1.0,NEAR_COMPLETE_LBD,,False,NR3C2,MR,Steroid hormone receptors
2ABI,2ABI_1,1,2ABI.C,C,C,PASS,,P08235,"[""X-RAY DIFFRACTION""]",2.33,2.33,0.2639,0.2639,726,964,234,0.979079,NEAR_COMPLETE_LBD,,False,NR3C2,MR,Steroid hormone receptors
2ABI,2ABI_1,1,2ABI.B,B,B,PASS,,P08235,"[""X-RAY DIFFRACTION""]",2.33,2.33,0.2639,0.2639,726,964,234,0.979079,NEAR_COMPLETE_LBD,,False,NR3C2,MR,Steroid hormone receptors
2ABI,2ABI_1,1,2ABI.A,A,A,PASS,,P08235,"[""X-RAY DIFFRACTION""]",2.33,2.33,0.2639,0.2639,726,964,234,0.979079,NEAR_COMPLETE_LBD,,False,NR3C2,MR,Steroid hormone receptors
2ACL,2ACL_1,1,2ACL.G,G,G,PASS,,P19793,"[""X-RAY DIFFRACTION""]",2.8,2.8,0.28,0.28,227,458,232,1.0,NEAR_COMPLETE_LBD,,False,NR2B1,RXRα,Nutritional sensors
2ACL,2ACL_1,1,2ACL.E,E,E,PASS,,P19793,"[""X-RAY DIFFRACTION""]",2.8,2.8,0.28,0.28,227,458,232,1.0,NEAR_COMPLETE_LBD,,False,NR2B1,RXRα,Nutritional sensors
2ACL,2ACL_1,1,2ACL.C,C,C,PASS,,P19793,"[""X-RAY DIFFRACTION""]",2.8,2.8,0.28,0.28,227,458,232,1.0,NEAR_COMPLETE_LBD,,False,NR2B1,RXRα,Nutritional sensors
2ACL,2ACL_1,1,2ACL.A,A,A,PASS,,P19793,"[""X-RAY DIFFRACTION""]",2.8,2.8,0.28,0.28,227,458,232,1.0,NEAR_COMPLETE_LBD,,False,NR2B1,RXRα,Nutritional sensors
2AM9,2AM9_1,1,2AM9.A,A,A,PASS,,P10275,"[""X-RAY DIFFRACTION""]",1.64,1.64,0.23,0.23,669,900,232,1.0,NEAR_COMPLETE_LBD,,False,NR3C4,AR,Steroid hormone receptors
2AMA,2AMA_1,1,2AMA.A,A,A,PASS,,P10275,"[""X-RAY DIFFRACTION""]",1.9,1.9,0.241,0.241,669,900,232,1.0,NEAR_COMPLETE_LBD,,False,NR3C4,AR,Steroid hormone receptors
2AMB,2AMB_1,1,2AMB.A,A,A,PASS,,P10275,"[""X-RAY DIFFRACTION""]",1.75,1.75,0.209,0.209,669,900,232,1.0,NEAR_COMPLETE_LBD,,False,NR3C4,AR,Steroid hormone receptors
2AO6,2AO6_1,1,2AO6.A,A,A,PASS,,P10275,"[""X-RAY DIFFRACTION""]",1.89,1.89,0.242,0.242,669,900,229,0.987069,NEAR_COMPLETE_LBD,,False,NR3C4,AR,Steroid hormone receptors
2ATH,2ATH_1,1,2ATH.B,B,B,PASS,,P37231,"[""X-RAY DIFFRACTION""]",2.28,2.28,0.288,0.288,238,503,266,1.0,NEAR_COMPLETE_LBD,,False,NR1C3,PPARγ,Nutritional sensors
2ATH,2ATH_1,1,2ATH.A,A,A,PASS,,P37231,"[""X-RAY DIFFRACTION""]",2.28,2.28,0.288,0.288,238,503,266,1.0,NEAR_COMPLETE_LBD,,False,NR1C3,PPARγ,Nutritional sensors
2AWH,2AWH_1,1,2AWH.B,B,B,PASS,,Q03181,"[""X-RAY DIFFRACTION""]",2.0,2.0,0.259,0.259,211,439,229,1.0,NEAR_COMPLETE_LBD,,False,NR1C2,PPARδ,Nutritional sensors
2AWH,2AWH_1,1,2AWH.A,A,A,PASS,,Q03181,"[""X-RAY DIFFRACTION""]",2.0,2.0,0.259,0.259,211,439,229,1.0,NEAR_COMPLETE_LBD,,False,NR1C2,PPARδ,Nutritional sensors
2AX6,2AX6_1,1,2AX6.A,A,A,PASS,,P10275,"[""X-RAY DIFFRACTION""]",1.5,1.5,0.274,0.274,669,900,232,1.0,NEAR_COMPLETE_LBD,,False,NR3C4,AR,Steroid hormone receptors
2AX7,2AX7_1,1,2AX7.A,A,A,PASS,,P10275,"[""X-RAY DIFFRACTION""]",1.9,1.9,0.247,0.247,669,900,232,1.0,NEAR_COMPLETE_LBD,,False,NR3C4,AR,Steroid hormone receptors
2AX8,2AX8_1,1,2AX8.A,A,A,PASS,,P10275,"[""X-RAY DIFFRACTION""]",1.7,1.7,0.248,0.248,669,900,232,1.0,NEAR_COMPLETE_LBD,,False,NR3C4,AR,Steroid hormone receptors
2AX9,2AX9_1,1,2AX9.A,A,A,PASS,,P10275,"[""X-RAY DIFFRACTION""]",1.65,1.65,0.249,0.249,669,900,232,1.0,NEAR_COMPLETE_LBD,,False,NR3C4,AR,Steroid hormone receptors
2AXA,2AXA_1,1,2AXA.A,A,A,PASS,,P10275,"[""X-RAY DIFFRACTION""]",1.8,1.8,0.25,0.25,669,900,232,1.0,NEAR_COMPLETE_LBD,,False,NR3C4,AR,Steroid hormone receptors
2AYR,2AYR_1,1,2AYR.A,A,A,PASS,,P03372,"[""X-RAY DIFFRACTION""]",1.9,1.9,0.263,0.263,311,547,237,1.0,NEAR_COMPLETE_LBD,,False,NR3A1,ERα,Steroid hormone receptors
2B1V,2B1V_1,1,2B1V.B,B,B,PASS,,P03372,"[""X-RAY DIFFRACTION""]",1.8,1.8,0.2383,0.2383,311,547,237,1.0,NEAR_COMPLETE_LBD,,False,NR3A1,ERα,Steroid hormone receptors
2B1V,2B1V_1,1,2B1V.A,A,A,PASS,,P03372,"[""X-RAY DIFFRACTION""]",1.8,1.8,0.2383,0.2383,311,547,237,1.0,NEAR_COMPLETE_LBD,,False,NR3A1,ERα,Steroid hormone receptors
2B1Z,2B1Z_1,1,2B1Z.B,B,B,PASS,,P03372,"[""X-RAY DIFFRACTION""]",1.78,1.78,0.23779,0.23779,311,547,237,1.0,NEAR_COMPLETE_LBD,,False,NR3A1,ERα,Steroid hormone receptors
2B1Z,2B1Z_1,1,2B1Z.A,A,A,PASS,,P03372,"[""X-RAY DIFFRACTION""]",1.78,1.78,0.23779,0.23779,311,547,237,1.0,NEAR_COMPLETE_LBD,,False,NR3A1,ERα,Steroid hormone receptors
2B23,2B23_1,1,2B23.B,B,B,PASS,,P03372,"[""X-RAY DIFFRACTION""]",2.1,2.1,0.27211,0.27211,311,547,237,1.0,NEAR_COMPLETE_LBD,,False,NR3A1,ERα,Steroid hormone receptors
2B23,2B23_1,1,2B23.A,A,A,PASS,,P03372,"[""X-RAY DIFFRACTION""]",2.1,2.1,0.27211,0.27211,311,547,237,1.0,NEAR_COMPLETE_LBD,,False,NR3A1,ERα,Steroid hormone receptors
2B50,2B50_1,1,2B50.B,B,B,PASS,,Q03181,"[""X-RAY DIFFRACTION""]",2.0,2.0,0.249,0.249,211,439,229,1.0,NEAR_COMPLETE_LBD,,False,NR1C2,PPARδ,Nutritional sensors
2B50,2B50_1,1,2B50.A,A,A,PASS,,Q03181,"[""X-RAY DIFFRACTION""]",2.0,2.0,0.249,0.249,211,439,229,1.0,NEAR_COMPLETE_LBD,,False,NR1C2,PPARδ,Nutritional sensors
2BAW,2BAW_1,1,2BAW.B,B,B,PASS,,Q03181,"[""X-RAY DIFFRACTION""]",2.3,2.3,0.276,0.276,211,439,229,1.0,NEAR_COMPLETE_LBD,,False,NR1C2,PPARδ,Nutritional sensors
2BAW,2BAW_1,1,2BAW.A,A,A,PASS,,Q03181,"[""X-RAY DIFFRACTION""]",2.3,2.3,0.276,0.276,211,439,229,1.0,NEAR_COMPLETE_LBD,,False,NR1C2,PPARδ,Nutritional sensors
2BJ4,2BJ4_1,1,2BJ4.A,A,A,PASS,,P03372,"[""X-RAY DIFFRACTION""]",2.0,2.0,0.219,0.219,311,547,223,0.940928,SUBSTANTIAL_LBD,,False,NR3A1,ERα,Steroid hormone receptors
2BJ4,2BJ4_2,2,2BJ4.B,B,B,PASS,,P03372,"[""X-RAY DIFFRACTION""]",2.0,2.0,0.219,0.219,311,547,223,0.940928,SUBSTANTIAL_LBD,,False,NR3A1,ERα,Steroid hormone receptors
2C7A,2C7A_1,1,2C7A.B,B,B,PASS,,P06401,"[""X-RAY DIFFRACTION""]",2.5,2.5,0.246,0.246,679,913,0,0.0,NO_LBD_OVERLAP,,False,NR3C3,PR,Steroid hormone receptors
2C7A,2C7A_1,1,2C7A.A,A,A,PASS,,P06401,"[""X-RAY DIFFRACTION""]",2.5,2.5,0.246,0.246,679,913,0,0.0,NO_LBD_OVERLAP,,False,NR3C3,PR,Steroid hormone receptors
2E2R,2E2R_1,1,2E2R.A,A,A,PASS,,P62508,"[""X-RAY DIFFRACTION""]",1.6,1.6,0.19666,0.19666,233,457,225,1.0,NEAR_COMPLETE_LBD,,False,NR3B3,ERRγ,Nutritional sensors
2EBL,2EBL_1,1,2EBL.A,A,A,PASS,,P10589,"[""SOLUTION NMR""]",,,,,184,410,0,0.0,NO_LBD_OVERLAP,,False,NR2F1,COUP-TFI,Orphan receptors
2ENV,2ENV_1,1,2ENV.A,A,A,PASS,,Q03181,"[""SOLUTION NMR""]",,,,,211,439,0,0.0,NO_LBD_OVERLAP,,False,NR1C2,PPARδ,Nutritional sensors
2EWP,2EWP_1,1,2EWP.E,E,E,PASS,,P62508,"[""X-RAY DIFFRACTION""]",2.3,2.3,0.24694,0.24694,233,457,225,1.0,NEAR_COMPLETE_LBD,,False,NR3B3,ERRγ,Nutritional sensors
2EWP,2EWP_1,1,2EWP.D,D,D,PASS,,P62508,"[""X-RAY DIFFRACTION""]",2.3,2.3,0.24694,0.24694,233,457,225,1.0,NEAR_COMPLETE_LBD,,False,NR3B3,ERRγ,Nutritional sensors
2EWP,2EWP_1,1,2EWP.C,C,C,PASS,,P62508,"[""X-RAY DIFFRACTION""]",2.3,2.3,0.24694,0.24694,233,457,225,1.0,NEAR_COMPLETE_LBD,,False,NR3B3,ERRγ,Nutritional sensors
2EWP,2EWP_1,1,2EWP.B,B,B,PASS,,P62508,"[""X-RAY DIFFRACTION""]",2.3,2.3,0.24694,0.24694,233,457,225,1.0,NEAR_COMPLETE_LBD,,False,NR3B3,ERRγ,Nutritional sensors
2EWP,2EWP_1,1,2EWP.A,A,A,PASS,,P62508,"[""X-RAY DIFFRACTION""]",2.3,2.3,0.24694,0.24694,233,457,225,1.0,NEAR_COMPLETE_LBD,,False,NR3B3,ERRγ,Nutritional sensors
2F4B,2F4B_1,1,2F4B.B,B,B,PASS,,P37231,"[""X-RAY DIFFRACTION""]",2.07,2.07,0.28835,0.28835,238,503,266,1.0,NEAR_COMPLETE_LBD,,False,NR1C3,PPARγ,Nutritional sensors
2F4B,2F4B_1,1,2F4B.A,A,A,PASS,,P37231,"[""X-RAY DIFFRACTION""]",2.07,2.07,0.28835,0.28835,238,503,266,1.0,NEAR_COMPLETE_LBD,,False,NR1C3,PPARγ,Nutritional sensors
2FAI,2FAI_1,1,2FAI.B,B,B,PASS,,P03372,"[""X-RAY DIFFRACTION""]",2.1,2.1,0.24044,0.24044,311,547,237,1.0,NEAR_COMPLETE_LBD,,False,NR3A1,ERα,Steroid hormone receptors
2FAI,2FAI_1,1,2FAI.A,A,A,PASS,,P03372,"[""X-RAY DIFFRACTION""]",2.1,2.1,0.24044,0.24044,311,547,237,1.0,NEAR_COMPLETE_LBD,,False,NR3A1,ERα,Steroid hormone receptors
2FSZ,2FSZ_1,1,2FSZ.B,B,B,PASS,,Q92731,"[""X-RAY DIFFRACTION""]",2.2,2.2,0.299,0.299,264,498,235,1.0,NEAR_COMPLETE_LBD,,False,NR3A2,ERβ,Steroid hormone receptors
2FSZ,2FSZ_1,1,2FSZ.A,A,A,PASS,,Q92731,"[""X-RAY DIFFRACTION""]",2.2,2.2,0.299,0.299,264,498,235,1.0,NEAR_COMPLETE_LBD,,False,NR3A2,ERβ,Steroid hormone receptors
2FVJ,2FVJ_1,1,2FVJ.A,A,A,PASS,,P37231,"[""X-RAY DIFFRACTION""]",1.99,1.99,0.24586,0.24586,238,503,266,1.0,NEAR_COMPLETE_LBD,,False,NR1C3,PPARγ,Nutritional sensors
2G0G,2G0G_1,1,2G0G.B,B,B,PASS,,P37231,"[""X-RAY DIFFRACTION""]",2.54,2.54,0.264,0.264,238,503,266,1.0,NEAR_COMPLETE_LBD,,False,NR1C3,PPARγ,Nutritional sensors
2G0G,2G0G_1,1,2G0G.A,A,A,PASS,,P37231,"[""X-RAY DIFFRACTION""]",2.54,2.54,0.264,0.264,238,503,266,1.0,NEAR_COMPLETE_LBD,,False,NR1C3,PPARγ,Nutritional sensors
2G0H,2G0H_1,1,2G0H.B,B,B,PASS,,P37231,"[""X-RAY DIFFRACTION""]",2.3,2.3,0.293,0.293,238,503,266,1.0,NEAR_COMPLETE_LBD,,False,NR1C3,PPARγ,Nutritional sensors
2G0H,2G0H_1,1,2G0H.A,A,A,PASS,,P37231,"[""X-RAY DIFFRACTION""]",2.3,2.3,0.293,0.293,238,503,266,1.0,NEAR_COMPLETE_LBD,,False,NR1C3,PPARγ,Nutritional sensors
2G44,2G44_1,1,2G44.B,B,B,PASS,,P03372,"[""X-RAY DIFFRACTION""]",2.65,2.65,0.25561,0.25561,311,547,237,1.0,NEAR_COMPLETE_LBD,,False,NR3A1,ERα,Steroid hormone receptors
2G44,2G44_1,1,2G44.A,A,A,PASS,,P03372,"[""X-RAY DIFFRACTION""]",2.65,2.65,0.25561,0.25561,311,547,237,1.0,NEAR_COMPLETE_LBD,,False,NR3A1,ERα,Steroid hormone receptors
2G5O,2G5O_1,1,2G5O.B,B,B,PASS,,P03372,"[""X-RAY DIFFRACTION""]",2.3,2.3,0.26401,0.26401,311,547,237,1.0,NEAR_COMPLETE_LBD,,False,NR3A1,ERα,Steroid hormone receptors
2G5O,2G5O_1,1,2G5O.A,A,A,PASS,,P03372,"[""X-RAY DIFFRACTION""]",2.3,2.3,0.26401,0.26401,311,547,237,1.0,NEAR_COMPLETE_LBD,,False,NR3A1,ERα,Steroid hormone receptors
2GIU,2GIU_1,1,2GIU.A,A,A,PASS,,Q92731,"[""X-RAY DIFFRACTION""]",2.2,2.2,0.323,0.323,264,498,235,1.0,NEAR_COMPLETE_LBD,,False,NR3A2,ERβ,Steroid hormone receptors
2GL8,2GL8_1,1,2GL8.C,C,C,PASS,,P48443,"[""X-RAY DIFFRACTION""]",2.4,2.4,0.29574,0.29574,231,459,229,1.0,NEAR_COMPLETE_LBD,,False,NR2B3,RXRγ,Nutritional sensors
2GL8,2GL8_1,1,2GL8.D,D,D,PASS,,P48443,"[""X-RAY DIFFRACTION""]",2.4,2.4,0.29574,0.29574,231,459,229,1.0,NEAR_COMPLETE_LBD,,False,NR2B3,RXRγ,Nutritional sensors
2GL8,2GL8_1,1,2GL8.B,B,B,PASS,,P48443,"[""X-RAY DIFFRACTION""]",2.4,2.4,0.29574,0.29574,231,459,229,1.0,NEAR_COMPLETE_LBD,,False,NR2B3,RXRγ,Nutritional sensors
2GL8,2GL8_1,1,2GL8.A,A,A,PASS,,P48443,"[""X-RAY DIFFRACTION""]",2.4,2.4,0.29574,0.29574,231,459,229,1.0,NEAR_COMPLETE_LBD,,False,NR2B3,RXRγ,Nutritional sensors
2GP7,2GP7_1,1,2GP7.D,D,D,PASS,,P62508,"[""X-RAY DIFFRACTION""]",2.45,2.45,0.263,0.263,233,457,225,1.0,NEAR_COMPLETE_LBD,,False,NR3B3,ERRγ,Nutritional sensors
2GP7,2GP7_1,1,2GP7.C,C,C,PASS,,P62508,"[""X-RAY DIFFRACTION""]",2.45,2.45,0.263,0.263,233,457,225,1.0,NEAR_COMPLETE_LBD,,False,NR3B3,ERRγ,Nutritional sensors
2GP7,2GP7_1,1,2GP7.B,B,B,PASS,,P62508,"[""X-RAY DIFFRACTION""]",2.45,2.45,0.263,0.263,233,457,225,1.0,NEAR_COMPLETE_LBD,,False,NR3B3,ERRγ,Nutritional sensors
2GP7,2GP7_1,1,2GP7.A,A,A,PASS,,P62508,"[""X-RAY DIFFRACTION""]",2.45,2.45,0.263,0.263,233,457,225,1.0,NEAR_COMPLETE_LBD,,False,NR3B3,ERRγ,Nutritional sensors
2GPO,2GPO_1,1,2GPO.A,A,A,PASS,,P62508,"[""X-RAY DIFFRACTION""]",1.95,1.95,0.231,0.231,233,457,225,1.0,NEAR_COMPLETE_LBD,,False,NR3B3,ERRγ,Nutritional sensors
2GPP,2GPP_1,1,2GPP.B,B,B,PASS,,P62508,"[""X-RAY DIFFRACTION""]",2.6,2.6,0.257,0.257,233,457,225,1.0,NEAR_COMPLETE_LBD,,False,NR3B3,ERRγ,Nutritional sensors
2GPP,2GPP_1,1,2GPP.A,A,A,PASS,,P62508,"[""X-RAY DIFFRACTION""]",2.6,2.6,0.257,0.257,233,457,225,1.0,NEAR_COMPLETE_LBD,,False,NR3B3,ERRγ,Nutritional sensors
2GPU,2GPU_1,1,2GPU.A,A,A,PASS,,P62508,"[""X-RAY DIFFRACTION""]",1.7,1.7,0.195,0.195,233,457,225,1.0,NEAR_COMPLETE_LBD,,False,NR3B3,ERRγ,Nutritional sensors
2GPV,2GPV_1,1,2GPV.F,F,F,PASS,,P62508,"[""X-RAY DIFFRACTION""]",2.85,2.85,0.279,0.279,233,457,225,1.0,NEAR_COMPLETE_LBD,,False,NR3B3,ERRγ,Nutritional sensors
2GPV,2GPV_1,1,2GPV.E,E,E,PASS,,P62508,"[""X-RAY DIFFRACTION""]",2.85,2.85,0.279,0.279,233,457,225,1.0,NEAR_COMPLETE_LBD,,False,NR3B3,ERRγ,Nutritional sensors
2GPV,2GPV_1,1,2GPV.D,D,D,PASS,,P62508,"[""X-RAY DIFFRACTION""]",2.85,2.85,0.279,0.279,233,457,225,1.0,NEAR_COMPLETE_LBD,,False,NR3B3,ERRγ,Nutritional sensors
2GPV,2GPV_1,1,2GPV.C,C,C,PASS,,P62508,"[""X-RAY DIFFRACTION""]",2.85,2.85,0.279,0.279,233,457,225,1.0,NEAR_COMPLETE_LBD,,False,NR3B3,ERRγ,Nutritional sensors
2GPV,2GPV_1,1,2GPV.B,B,B,PASS,,P62508,"[""X-RAY DIFFRACTION""]",2.85,2.85,0.279,0.279,233,457,225,1.0,NEAR_COMPLETE_LBD,,False,NR3B3,ERRγ,Nutritional sensors
2GPV,2GPV_1,1,2GPV.A,A,A,PASS,,P62508,"[""X-RAY DIFFRACTION""]",2.85,2.85,0.279,0.279,233,457,225,1.0,NEAR_COMPLETE_LBD,,False,NR3B3,ERRγ,Nutritional sensors
2GTK,2GTK_1,1,2GTK.A,A,A,PASS,,P37231,"[""X-RAY DIFFRACTION""]",2.1,2.1,0.26075,0.26075,238,503,266,1.0,NEAR_COMPLETE_LBD,,False,NR1C3,PPARγ,Nutritional sensors
2GWX,2GWX_1,1,2GWX.B,B,B,PASS,,Q03181,"[""X-RAY DIFFRACTION""]",2.3,2.3,0.288,0.288,211,439,229,1.0,NEAR_COMPLETE_LBD,,False,NR1C2,PPARδ,Nutritional sensors
2GWX,2GWX_1,1,2GWX.A,A,A,PASS,,Q03181,"[""X-RAY DIFFRACTION""]",2.3,2.3,0.288,0.288,211,439,229,1.0,NEAR_COMPLETE_LBD,,False,NR1C2,PPARδ,Nutritional sensors
2H77,2H77_1,1,2H77.A,A,A,PASS,,P10827,"[""X-RAY DIFFRACTION""]",2.33,2.33,0.238,0.238,163,407,208,0.84898,SUBSTANTIAL_LBD,,False,NR1A1,TRα,Steroid hormone receptors
2H79,2H79_1,1,2H79.A,A,A,PASS,,P10827,"[""X-RAY DIFFRACTION""]",1.87,1.87,0.187,0.187,163,407,208,0.84898,SUBSTANTIAL_LBD,,False,NR1A1,TRα,Steroid hormone receptors
2HAM,2HAM_1,1,2HAM.A,A,A,PASS,,P11473,"[""X-RAY DIFFRACTION""]",1.9,1.9,0.216,0.216,127,423,250,0.841751,SUBSTANTIAL_LBD,,False,NR1I1,VDR,Steroid hormone receptors
2HAR,2HAR_1,1,2HAR.A,A,A,PASS,,P11473,"[""X-RAY DIFFRACTION""]",1.9,1.9,0.227,0.227,127,423,250,0.841751,SUBSTANTIAL_LBD,,False,NR1I1,VDR,Steroid hormone receptors
2HAS,2HAS_1,1,2HAS.A,A,A,PASS,,P11473,"[""X-RAY DIFFRACTION""]",1.96,1.96,0.228,0.228,127,423,250,0.841751,SUBSTANTIAL_LBD,,False,NR1I1,VDR,Steroid hormone receptors
2HB7,2HB7_1,1,2HB7.A,A,A,PASS,,P11473,"[""X-RAY DIFFRACTION""]",1.8,1.8,0.204,0.204,127,423,250,0.841751,SUBSTANTIAL_LBD,,False,NR1I1,VDR,Steroid hormone receptors
2HB8,2HB8_1,1,2HB8.A,A,A,PASS,,P11473,"[""X-RAY DIFFRACTION""]",2.0,2.0,0.224,0.224,127,423,250,0.841751,SUBSTANTIAL_LBD,,False,NR1I1,VDR,Steroid hormone receptors
2HFP,2HFP_1,1,2HFP.A,A,A,PASS,,P37231,"[""X-RAY DIFFRACTION""]",2.0,2.0,0.285,0.285,238,503,266,1.0,NEAR_COMPLETE_LBD,,False,NR1C3,PPARγ,Nutritional sensors
2HVC,2HVC_1,1,2HVC.A,A,A,PASS,,P10275,"[""X-RAY DIFFRACTION""]",2.1,2.1,0.253,0.253,669,900,231,0.99569,NEAR_COMPLETE_LBD,,False,NR3C4,AR,Steroid hormone receptors
2HWQ,2HWQ_1,1,2HWQ.B,B,B,PASS,,P37231,"[""X-RAY DIFFRACTION""]",1.97,1.97,0.2646,0.2646,238,503,266,1.0,NEAR_COMPLETE_LBD,,False,NR1C3,PPARγ,Nutritional sensors
2HWQ,2HWQ_1,1,2HWQ.A,A,A,PASS,,P37231,"[""X-RAY DIFFRACTION""]",1.97,1.97,0.2646,0.2646,238,503,266,1.0,NEAR_COMPLETE_LBD,,False,NR1C3,PPARγ,Nutritional sensors
2HWR,2HWR_1,1,2HWR.B,B,B,PASS,,P37231,"[""X-RAY DIFFRACTION""]",2.34,2.34,0.316,0.316,238,503,266,1.0,NEAR_COMPLETE_LBD,,False,NR1C3,PPARγ,Nutritional sensors
2HWR,2HWR_1,1,2HWR.A,A,A,PASS,,P37231,"[""X-RAY DIFFRACTION""]",2.34,2.34,0.316,0.316,238,503,266,1.0,NEAR_COMPLETE_LBD,,False,NR1C3,PPARγ,Nutritional sensors
2I0G,2I0G_1,1,2I0G.B,B,B,PASS,,Q92731,"[""X-RAY DIFFRACTION""]",2.5,2.5,0.271,0.271,264,498,235,1.0,NEAR_COMPLETE_LBD,,False,NR3A2,ERβ,Steroid hormone receptors
2I0G,2I0G_1,1,2I0G.A,A,A,PASS,,Q92731,"[""X-RAY DIFFRACTION""]",2.5,2.5,0.271,0.271,264,498,235,1.0,NEAR_COMPLETE_LBD,,False,NR3A2,ERβ,Steroid hormone receptors
2I0J,2I0J_1,1,2I0J.D,D,D,PASS,,P03372,"[""X-RAY DIFFRACTION""]",2.9,2.9,0.263,0.263,311,547,237,1.0,NEAR_COMPLETE_LBD,,False,NR3A1,ERα,Steroid hormone receptors
2I0J,2I0J_1,1,2I0J.C,C,C,PASS,,P03372,"[""X-RAY DIFFRACTION""]",2.9,2.9,0.263,0.263,311,547,237,1.0,NEAR_COMPLETE_LBD,,False,NR3A1,ERα,Steroid hormone receptors
2I0J,2I0J_1,1,2I0J.B,B,B,PASS,,P03372,"[""X-RAY DIFFRACTION""]",2.9,2.9,0.263,0.263,311,547,237,1.0,NEAR_COMPLETE_LBD,,False,NR3A1,ERα,Steroid hormone receptors
2I0J,2I0J_1,1,2I0J.A,A,A,PASS,,P03372,"[""X-RAY DIFFRACTION""]",2.9,2.9,0.263,0.263,311,547,237,1.0,NEAR_COMPLETE_LBD,,False,NR3A1,ERα,Steroid hormone receptors
2I4J,2I4J_1,1,2I4J.B,B,B,PASS,,P37231,"[""X-RAY DIFFRACTION""]",2.1,2.1,0.278,0.278,238,503,266,1.0,NEAR_COMPLETE_LBD,,False,NR1C3,PPARγ,Nutritional sensors
2I4J,2I4J_1,1,2I4J.A,A,A,PASS,,P37231,"[""X-RAY DIFFRACTION""]",2.1,2.1,0.278,0.278,238,503,266,1.0,NEAR_COMPLETE_LBD,,False,NR1C3,PPARγ,Nutritional sensors
2I4P,2I4P_1,1,2I4P.B,B,B,PASS,,P37231,"[""X-RAY DIFFRACTION""]",2.1,2.1,0.295,0.295,238,503,266,1.0,NEAR_COMPLETE_LBD,,False,NR1C3,PPARγ,Nutritional sensors
2I4P,2I4P_1,1,2I4P.A,A,A,PASS,,P37231,"[""X-RAY DIFFRACTION""]",2.1,2.1,0.295,0.295,238,503,266,1.0,NEAR_COMPLETE_LBD,,False,NR1C3,PPARγ,Nutritional sensors
2I4Z,2I4Z_1,1,2I4Z.B,B,B,PASS,,P37231,"[""X-RAY DIFFRACTION""]",2.25,2.25,0.29,0.29,238,503,266,1.0,NEAR_COMPLETE_LBD,,False,NR1C3,PPARγ,Nutritional sensors
2I4Z,2I4Z_1,1,2I4Z.A,A,A,PASS,,P37231,"[""X-RAY DIFFRACTION""]",2.25,2.25,0.29,0.29,238,503,266,1.0,NEAR_COMPLETE_LBD,,False,NR1C3,PPARγ,Nutritional sensors
2IOG,2IOG_1,1,2IOG.A,A,A,PASS,,P03372,"[""X-RAY DIFFRACTION""]",1.6,1.6,0.328,0.328,311,547,237,1.0,NEAR_COMPLETE_LBD,,False,NR3A1,ERα,Steroid hormone receptors
2IOK,2IOK_1,1,2IOK.B,B,B,PASS,,P03372,"[""X-RAY DIFFRACTION""]",2.4,2.4,0.323,0.323,311,547,237,1.0,NEAR_COMPLETE_LBD,,False,NR3A1,ERα,Steroid hormone receptors
2IOK,2IOK_1,1,2IOK.A,A,A,PASS,,P03372,"[""X-RAY DIFFRACTION""]",2.4,2.4,0.323,0.323,311,547,237,1.0,NEAR_COMPLETE_LBD,,False,NR3A1,ERα,Steroid hormone receptors
2J14,2J14_1,1,2J14.B,B,B,PASS,,Q03181,"[""X-RAY DIFFRACTION""]",2.8,2.8,0.284,0.284,211,439,229,1.0,NEAR_COMPLETE_LBD,,False,NR1C2,PPARδ,Nutritional sensors
2J14,2J14_1,1,2J14.A,A,A,PASS,,Q03181,"[""X-RAY DIFFRACTION""]",2.8,2.8,0.284,0.284,211,439,229,1.0,NEAR_COMPLETE_LBD,,False,NR1C2,PPARδ,Nutritional sensors
2J4A,2J4A_1,1,2J4A.A,A,A,PASS,,P10828,"[""X-RAY DIFFRACTION""]",2.2,2.2,0.2729,0.2729,217,461,245,1.0,NEAR_COMPLETE_LBD,,False,NR1A2,TRβ,Steroid hormone receptors
2JF9,2JF9_1,1,2JF9.C,C,C,PASS,,P03372,"[""X-RAY DIFFRACTION""]",2.1,2.1,0.198,0.198,311,547,223,0.940928,SUBSTANTIAL_LBD,,False,NR3A1,ERα,Steroid hormone receptors
2JF9,2JF9_1,1,2JF9.B,B,B,PASS,,P03372,"[""X-RAY DIFFRACTION""]",2.1,2.1,0.198,0.198,311,547,223,0.940928,SUBSTANTIAL_LBD,,False,NR3A1,ERα,Steroid hormone receptors
2JF9,2JF9_1,1,2JF9.A,A,A,PASS,,P03372,"[""X-RAY DIFFRACTION""]",2.1,2.1,0.198,0.198,311,547,223,0.940928,SUBSTANTIAL_LBD,,False,NR3A1,ERα,Steroid hormone receptors
2JFA,2JFA_1,1,2JFA.A,A,A,PASS,,P03372,"[""X-RAY DIFFRACTION""]",2.55,2.55,0.213,0.213,311,547,223,0.940928,SUBSTANTIAL_LBD,,False,NR3A1,ERα,Steroid hormone receptors
2JFA,2JFA_2,2,2JFA.B,B,B,PASS,,P03372,"[""X-RAY DIFFRACTION""]",2.55,2.55,0.213,0.213,311,547,223,0.940928,SUBSTANTIAL_LBD,,False,NR3A1,ERα,Steroid hormone receptors
2JJ3,2JJ3_1,1,2JJ3.B,B,B,PASS,,Q92731,"[""X-RAY DIFFRACTION""]",2.28,2.28,0.255,0.255,264,498,235,1.0,NEAR_COMPLETE_LBD,,False,NR3A2,ERβ,Steroid hormone receptors
2JJ3,2JJ3_1,1,2JJ3.A,A,A,PASS,,Q92731,"[""X-RAY DIFFRACTION""]",2.28,2.28,0.255,0.255,264,498,235,1.0,NEAR_COMPLETE_LBD,,False,NR3A2,ERβ,Steroid hormone receptors
2LBD,2LBD_1,1,2LBD.A,A,A,PASS,,P13631,"[""X-RAY DIFFRACTION""]",2.06,2.06,0.313,0.313,185,419,235,1.0,NEAR_COMPLETE_LBD,,False,NR1B3,RARγ,Steroid hormone receptors
2LLO,2LLO_2,2,2LLO.B,B,B,PASS,,P03372,"[""SOLUTION NMR""]",,,,,311,547,0,0.0,NO_LBD_OVERLAP,,False,NR3A1,ERα,Steroid hormone receptors
2LLQ,2LLQ_2,2,2LLQ.B,B,B,PASS,,P03372,"[""SOLUTION NMR""]",,,,,311,547,0,0.0,NO_LBD_OVERLAP,,False,NR3A1,ERα,Steroid hormone receptors
2NLL,2NLL_3,3,2NLL.C,C,A,PASS,,P19793,"[""X-RAY DIFFRACTION""]",1.9,1.9,0.269,0.269,227,458,0,0.0,NO_LBD_OVERLAP,,False,NR2B1,RXRα,Nutritional sensors
2NLL,2NLL_4,4,2NLL.D,D,B,PASS,,P10828,"[""X-RAY DIFFRACTION""]",1.9,1.9,0.269,0.269,217,461,0,0.0,NO_LBD_OVERLAP,,False,NR1A2,TRβ,Steroid hormone receptors
2NPA,2NPA_1,1,2NPA.C,C,C,PASS,,Q07869,"[""X-RAY DIFFRACTION""]",2.3,2.3,0.26,0.26,239,466,228,1.0,NEAR_COMPLETE_LBD,,False,NR1C1,PPARα,Nutritional sensors
2NPA,2NPA_1,1,2NPA.A,A,A,PASS,,Q07869,"[""X-RAY DIFFRACTION""]",2.3,2.3,0.26,0.26,239,466,228,1.0,NEAR_COMPLETE_LBD,,False,NR1C1,PPARα,Nutritional sensors
2NV7,2NV7_1,1,2NV7.B,B,B,PASS,,Q92731,"[""X-RAY DIFFRACTION""]",2.1,2.1,0.265,0.265,264,498,235,1.0,NEAR_COMPLETE_LBD,,False,NR3A2,ERβ,Steroid hormone receptors
2NV7,2NV7_1,1,2NV7.A,A,A,PASS,,Q92731,"[""X-RAY DIFFRACTION""]",2.1,2.1,0.265,0.265,264,498,235,1.0,NEAR_COMPLETE_LBD,,False,NR3A2,ERβ,Steroid hormone receptors
2O9I,2O9I_1,1,2O9I.B,B,B,PASS,,O75469,"[""X-RAY DIFFRACTION""]",2.8,2.8,0.24,0.24,146,433,288,1.0,NEAR_COMPLETE_LBD,,False,NR1I2,PXR,Nutritional sensors
2O9I,2O9I_1,1,2O9I.A,A,A,PASS,,O75469,"[""X-RAY DIFFRACTION""]",2.8,2.8,0.24,0.24,146,433,288,1.0,NEAR_COMPLETE_LBD,,False,NR1I2,PXR,Nutritional sensors
2OAX,2OAX_1,1,2OAX.C,C,C,PASS,,P08235,"[""X-RAY DIFFRACTION""]",2.29,2.29,0.263,0.263,726,964,234,0.979079,NEAR_COMPLETE_LBD,,False,NR3C2,MR,Steroid hormone receptors
2OAX,2OAX_1,1,2OAX.F,F,F,PASS,,P08235,"[""X-RAY DIFFRACTION""]",2.29,2.29,0.263,0.263,726,964,234,0.979079,NEAR_COMPLETE_LBD,,False,NR3C2,MR,Steroid hormone receptors
2OAX,2OAX_1,1,2OAX.E,E,E,PASS,,P08235,"[""X-RAY DIFFRACTION""]",2.29,2.29,0.263,0.263,726,964,234,0.979079,NEAR_COMPLETE_LBD,,False,NR3C2,MR,Steroid hormone receptors
2OAX,2OAX_1,1,2OAX.D,D,D,PASS,,P08235,"[""X-RAY DIFFRACTION""]",2.29,2.29,0.263,0.263,726,964,234,0.979079,NEAR_COMPLETE_LBD,,False,NR3C2,MR,Steroid hormone receptors
2OAX,2OAX_1,1,2OAX.B,B,B,PASS,,P08235,"[""X-RAY DIFFRACTION""]",2.29,2.29,0.263,0.263,726,964,234,0.979079,NEAR_COMPLETE_LBD,,False,NR3C2,MR,Steroid hormone receptors
2OAX,2OAX_1,1,2OAX.A,A,A,PASS,,P08235,"[""X-RAY DIFFRACTION""]",2.29,2.29,0.263,0.263,726,964,234,0.979079,NEAR_COMPLETE_LBD,,False,NR3C2,MR,Steroid hormone receptors
2OCF,2OCF_1,1,2OCF.A,A,A,PASS,,P03372,"[""X-RAY DIFFRACTION""]",2.95,2.95,0.25091,0.25091,311,547,237,1.0,NEAR_COMPLETE_LBD,,False,NR3A1,ERα,Steroid hormone receptors
2OM9,2OM9_1,1,2OM9.D,D,D,PASS,,P37231,"[""X-RAY DIFFRACTION""]",2.8,2.8,0.267,0.267,238,503,266,1.0,NEAR_COMPLETE_LBD,,False,NR1C3,PPARγ,Nutritional sensors
2OM9,2OM9_1,1,2OM9.C,C,C,PASS,,P37231,"[""X-RAY DIFFRACTION""]",2.8,2.8,0.267,0.267,238,503,266,1.0,NEAR_COMPLETE_LBD,,False,NR1C3,PPARγ,Nutritional sensors
2OM9,2OM9_1,1,2OM9.B,B,B,PASS,,P37231,"[""X-RAY DIFFRACTION""]",2.8,2.8,0.267,0.267,238,503,266,1.0,NEAR_COMPLETE_LBD,,False,NR1C3,PPARγ,Nutritional sensors
2OM9,2OM9_1,1,2OM9.A,A,A,PASS,,P37231,"[""X-RAY DIFFRACTION""]",2.8,2.8,0.267,0.267,238,503,266,1.0,NEAR_COMPLETE_LBD,,False,NR1C3,PPARγ,Nutritional sensors
2OUZ,2OUZ_1,1,2OUZ.A,A,A,PASS,,P03372,"[""X-RAY DIFFRACTION""]",2.0,2.0,0.269,0.269,311,547,237,1.0,NEAR_COMPLETE_LBD,,False,NR3A1,ERα,Steroid hormone receptors
2OVH,2OVH_1,1,2OVH.A,A,A,PASS,,P06401,"[""X-RAY DIFFRACTION""]",2.0,2.0,0.222,0.222,679,913,235,1.0,NEAR_COMPLETE_LBD,,False,NR3C3,PR,Steroid hormone receptors
2OVM,2OVM_1,1,2OVM.A,A,A,PASS,,P06401,"[""X-RAY DIFFRACTION""]",2.6,2.6,0.244,0.244,679,913,235,1.0,NEAR_COMPLETE_LBD,,False,NR3C3,PR,Steroid hormone receptors
2OZ7,2OZ7_1,1,2OZ7.A,A,A,PASS,,P10275,"[""X-RAY DIFFRACTION""]",1.8,1.8,0.27,0.27,669,900,229,0.987069,NEAR_COMPLETE_LBD,,False,NR3C4,AR,Steroid hormone receptors
2P15,2P15_1,1,2P15.B,B,B,PASS,,P03372,"[""X-RAY DIFFRACTION""]",1.94,1.94,0.216,0.216,311,547,237,1.0,NEAR_COMPLETE_LBD,,False,NR3A1,ERα,Steroid hormone receptors
2P15,2P15_1,1,2P15.A,A,A,PASS,,P03372,"[""X-RAY DIFFRACTION""]",1.94,1.94,0.216,0.216,311,547,237,1.0,NEAR_COMPLETE_LBD,,False,NR3A1,ERα,Steroid hormone receptors
2P1T,2P1T_1,1,2P1T.A,A,A,PASS,,P19793,"[""X-RAY DIFFRACTION""]",1.8,1.8,0.218,0.218,227,458,232,1.0,NEAR_COMPLETE_LBD,,False,NR2B1,RXRα,Nutritional sensors
2P1U,2P1U_1,1,2P1U.A,A,A,PASS,,P19793,"[""X-RAY DIFFRACTION""]",2.2,2.2,0.251,0.251,227,458,232,1.0,NEAR_COMPLETE_LBD,,False,NR2B1,RXRα,Nutritional sensors
2P1V,2P1V_1,1,2P1V.A,A,A,PASS,,P19793,"[""X-RAY DIFFRACTION""]",2.2,2.2,0.232,0.232,227,458,232,1.0,NEAR_COMPLETE_LBD,,False,NR2B1,RXRα,Nutritional sensors
2P4Y,2P4Y_1,1,2P4Y.B,B,B,PASS,,P37231,"[""X-RAY DIFFRACTION""]",2.25,2.25,0.274,0.274,238,503,266,1.0,NEAR_COMPLETE_LBD,,False,NR1C3,PPARγ,Nutritional sensors
2P4Y,2P4Y_1,1,2P4Y.A,A,A,PASS,,P37231,"[""X-RAY DIFFRACTION""]",2.25,2.25,0.274,0.274,238,503,266,1.0,NEAR_COMPLETE_LBD,,False,NR1C3,PPARγ,Nutritional sensors
2P54,2P54_1,1,2P54.A,A,A,PASS,,Q07869,"[""X-RAY DIFFRACTION""]",1.79,1.79,0.227,0.227,239,466,228,1.0,NEAR_COMPLETE_LBD,,False,NR1C1,PPARα,Nutritional sensors
2P7A,2P7A_1,1,2P7A.A,A,A,PASS,,P62508,"[""X-RAY DIFFRACTION""]",2.3,2.3,0.256,0.256,233,457,225,1.0,NEAR_COMPLETE_LBD,,False,NR3B3,ERRγ,Nutritional sensors
2P7G,2P7G_1,1,2P7G.A,A,A,PASS,,P62508,"[""X-RAY DIFFRACTION""]",2.1,2.1,0.26,0.26,233,457,225,1.0,NEAR_COMPLETE_LBD,,False,NR3B3,ERRγ,Nutritional sensors
2P7Z,2P7Z_1,1,2P7Z.A,A,A,PASS,,P62508,"[""X-RAY DIFFRACTION""]",2.5,2.5,0.263,0.263,233,457,225,1.0,NEAR_COMPLETE_LBD,,False,NR3B3,ERRγ,Nutritional sensors
2PIN,2PIN_1,1,2PIN.B,B,B,PASS,,P10828,"[""X-RAY DIFFRACTION""]",2.3,2.3,0.256,0.256,217,461,245,1.0,NEAR_COMPLETE_LBD,,False,NR1A2,TRβ,Steroid hormone receptors
2PIN,2PIN_1,1,2PIN.A,A,A,PASS,,P10828,"[""X-RAY DIFFRACTION""]",2.3,2.3,0.256,0.256,217,461,245,1.0,NEAR_COMPLETE_LBD,,False,NR1A2,TRβ,Steroid hormone receptors
2PIO,2PIO_1,1,2PIO.A,A,A,PASS,,P10275,"[""X-RAY DIFFRACTION""]",2.03,2.03,0.2868,0.2868,669,900,231,0.99569,NEAR_COMPLETE_LBD,,False,NR3C4,AR,Steroid hormone receptors
2PIP,2PIP_1,1,2PIP.A,A,L,PASS,,P10275,"[""X-RAY DIFFRACTION""]",1.8,1.8,0.25,0.25,669,900,231,0.99569,NEAR_COMPLETE_LBD,,False,NR3C4,AR,Steroid hormone receptors
2PIQ,2PIQ_1,1,2PIQ.A,A,A,PASS,,P10275,"[""X-RAY DIFFRACTION""]",2.4,2.4,0.25,0.25,669,900,231,0.99569,NEAR_COMPLETE_LBD,,False,NR3C4,AR,Steroid hormone receptors
2PIR,2PIR_1,1,2PIR.A,A,A,PASS,,P10275,"[""X-RAY DIFFRACTION""]",2.1,2.1,0.26,0.26,669,900,231,0.99569,NEAR_COMPLETE_LBD,,False,NR3C4,AR,Steroid hormone receptors
2PIT,2PIT_1,1,2PIT.A,A,A,PASS,,P10275,"[""X-RAY DIFFRACTION""]",1.76,1.76,0.25,0.25,669,900,231,0.99569,NEAR_COMPLETE_LBD,,False,NR3C4,AR,Steroid hormone receptors
2PIU,2PIU_1,1,2PIU.A,A,A,PASS,,P10275,"[""X-RAY DIFFRACTION""]",2.12,2.12,0.27,0.27,669,900,231,0.99569,NEAR_COMPLETE_LBD,,False,NR3C4,AR,Steroid hormone receptors
2PIV,2PIV_1,1,2PIV.A,A,A,PASS,,P10275,"[""X-RAY DIFFRACTION""]",1.95,1.95,0.25,0.25,669,900,231,0.99569,NEAR_COMPLETE_LBD,,False,NR3C4,AR,Steroid hormone receptors
2PIW,2PIW_1,1,2PIW.A,A,A,PASS,,P10275,"[""X-RAY DIFFRACTION""]",2.58,2.58,0.28,0.28,669,900,231,0.99569,NEAR_COMPLETE_LBD,,False,NR3C4,AR,Steroid hormone receptors
2PIX,2PIX_1,1,2PIX.A,A,A,PASS,,P10275,"[""X-RAY DIFFRACTION""]",2.4,2.4,0.28,0.28,669,900,231,0.99569,NEAR_COMPLETE_LBD,,False,NR3C4,AR,Steroid hormone receptors
2PJL,2PJL_1,1,2PJL.B,B,B,PASS,,P11474,"[""X-RAY DIFFRACTION""]",2.3,2.3,0.281,0.281,193,421,229,1.0,NEAR_COMPLETE_LBD,,False,NR3B1,ERRα,Nutritional sensors
2PJL,2PJL_1,1,2PJL.A,A,A,PASS,,P11474,"[""X-RAY DIFFRACTION""]",2.3,2.3,0.281,0.281,193,421,229,1.0,NEAR_COMPLETE_LBD,,False,NR3B1,ERRα,Nutritional sensors
2PKL,2PKL_1,1,2PKL.A,A,A,PASS,,P10275,"[""X-RAY DIFFRACTION""]",2.49,2.49,0.26,0.26,669,900,231,0.99569,NEAR_COMPLETE_LBD,,False,NR3C4,AR,Steroid hormone receptors
2PNU,2PNU_1,1,2PNU.A,A,A,PASS,,P10275,"[""X-RAY DIFFRACTION""]",1.65,1.65,0.205,0.205,669,900,232,1.0,NEAR_COMPLETE_LBD,,False,NR3C4,AR,Steroid hormone receptors
2POB,2POB_1,1,2POB.B,B,B,PASS,,P37231,"[""X-RAY DIFFRACTION""]",2.3,2.3,0.27302,0.27302,238,503,266,1.0,NEAR_COMPLETE_LBD,,False,NR1C3,PPARγ,Nutritional sensors
2POB,2POB_1,1,2POB.A,A,A,PASS,,P37231,"[""X-RAY DIFFRACTION""]",2.3,2.3,0.27302,0.27302,238,503,266,1.0,NEAR_COMPLETE_LBD,,False,NR1C3,PPARγ,Nutritional sensors
2POG,2POG_1,1,2POG.B,B,B,PASS,,P03372,"[""X-RAY DIFFRACTION""]",1.84,1.84,0.252,0.252,311,547,237,1.0,NEAR_COMPLETE_LBD,,False,NR3A1,ERα,Steroid hormone receptors
2POG,2POG_1,1,2POG.A,A,A,PASS,,P03372,"[""X-RAY DIFFRACTION""]",1.84,1.84,0.252,0.252,311,547,237,1.0,NEAR_COMPLETE_LBD,,False,NR3A1,ERα,Steroid hormone receptors
2PRG,2PRG_1,1,2PRG.B,B,B,PASS,,P37231,"[""X-RAY DIFFRACTION""]",2.3,2.3,0.264,0.264,238,503,266,1.0,NEAR_COMPLETE_LBD,,False,NR1C3,PPARγ,Nutritional sensors
2PRG,2PRG_1,1,2PRG.A,A,A,PASS,,P37231,"[""X-RAY DIFFRACTION""]",2.3,2.3,0.264,0.264,238,503,266,1.0,NEAR_COMPLETE_LBD,,False,NR1C3,PPARγ,Nutritional sensors
2Q3Y,2Q3Y_2,2,2Q3Y.B,B,B,PASS,,Q15466,"[""X-RAY DIFFRACTION""]",2.4,2.4,0.24,0.24,16,257,10,0.041322,TRACE_LBD,,False,NR0B2,SHP,Orphan receptors
2Q59,2Q59_1,1,2Q59.A,A,A,PASS,,P37231,"[""X-RAY DIFFRACTION""]",2.2,2.2,0.23,0.23,238,503,266,1.0,NEAR_COMPLETE_LBD,,False,NR1C3,PPARγ,Nutritional sensors
2Q59,2Q59_2,2,2Q59.B,B,B,PASS,,P37231,"[""X-RAY DIFFRACTION""]",2.2,2.2,0.23,0.23,238,503,266,1.0,NEAR_COMPLETE_LBD,,False,NR1C3,PPARγ,Nutritional sensors
2Q5G,2Q5G_1,1,2Q5G.B,B,B,PASS,,Q03181,"[""X-RAY DIFFRACTION""]",2.7,2.7,0.305,0.305,211,439,229,1.0,NEAR_COMPLETE_LBD,,False,NR1C2,PPARδ,Nutritional sensors
2Q5G,2Q5G_1,1,2Q5G.A,A,A,PASS,,Q03181,"[""X-RAY DIFFRACTION""]",2.7,2.7,0.305,0.305,211,439,229,1.0,NEAR_COMPLETE_LBD,,False,NR1C2,PPARδ,Nutritional sensors
2Q5P,2Q5P_1,1,2Q5P.B,B,B,PASS,,P37231,"[""X-RAY DIFFRACTION""]",2.3,2.3,0.247,0.247,238,503,266,1.0,NEAR_COMPLETE_LBD,,False,NR1C3,PPARγ,Nutritional sensors
2Q5P,2Q5P_1,1,2Q5P.A,A,A,PASS,,P37231,"[""X-RAY DIFFRACTION""]",2.3,2.3,0.247,0.247,238,503,266,1.0,NEAR_COMPLETE_LBD,,False,NR1C3,PPARγ,Nutritional sensors
2Q5S,2Q5S_1,1,2Q5S.B,B,B,PASS,,P37231,"[""X-RAY DIFFRACTION""]",2.05,2.05,0.245,0.245,238,503,266,1.0,NEAR_COMPLETE_LBD,,False,NR1C3,PPARγ,Nutritional sensors
2Q5S,2Q5S_1,1,2Q5S.A,A,A,PASS,,P37231,"[""X-RAY DIFFRACTION""]",2.05,2.05,0.245,0.245,238,503,266,1.0,NEAR_COMPLETE_LBD,,False,NR1C3,PPARγ,Nutritional sensors
2Q61,2Q61_1,1,2Q61.B,B,B,PASS,,P37231,"[""X-RAY DIFFRACTION""]",2.197,2.197,0.229,0.229,238,503,266,1.0,NEAR_COMPLETE_LBD,,False,NR1C3,PPARγ,Nutritional sensors
2Q61,2Q61_1,1,2Q61.A,A,A,PASS,,P37231,"[""X-RAY DIFFRACTION""]",2.197,2.197,0.229,0.229,238,503,266,1.0,NEAR_COMPLETE_LBD,,False,NR1C3,PPARγ,Nutritional sensors
2Q6J,2Q6J_1,1,2Q6J.B,B,B,PASS,,P03372,"[""X-RAY DIFFRACTION""]",2.7,2.7,0.297,0.297,311,547,237,1.0,NEAR_COMPLETE_LBD,,False,NR3A1,ERα,Steroid hormone receptors
2Q6J,2Q6J_1,1,2Q6J.A,A,A,PASS,,P03372,"[""X-RAY DIFFRACTION""]",2.7,2.7,0.297,0.297,311,547,237,1.0,NEAR_COMPLETE_LBD,,False,NR3A1,ERα,Steroid hormone receptors
2Q6R,2Q6R_1,1,2Q6R.B,B,B,PASS,,P37231,"[""X-RAY DIFFRACTION""]",2.407,2.407,0.284,0.284,238,503,266,1.0,NEAR_COMPLETE_LBD,,False,NR1C3,PPARγ,Nutritional sensors
2Q6R,2Q6R_1,1,2Q6R.A,A,A,PASS,,P37231,"[""X-RAY DIFFRACTION""]",2.407,2.407,0.284,0.284,238,503,266,1.0,NEAR_COMPLETE_LBD,,False,NR1C3,PPARγ,Nutritional sensors
2Q6S,2Q6S_1,1,2Q6S.B,B,B,PASS,,P37231,"[""X-RAY DIFFRACTION""]",2.4,2.4,0.264,0.264,238,503,266,1.0,NEAR_COMPLETE_LBD,,False,NR1C3,PPARγ,Nutritional sensors
2Q6S,2Q6S_1,1,2Q6S.A,A,A,PASS,,P37231,"[""X-RAY DIFFRACTION""]",2.4,2.4,0.264,0.264,238,503,266,1.0,NEAR_COMPLETE_LBD,,False,NR1C3,PPARγ,Nutritional sensors
2Q70,2Q70_1,1,2Q70.B,B,B,PASS,,P03372,"[""X-RAY DIFFRACTION""]",1.95,1.95,0.303,0.303,311,547,237,1.0,NEAR_COMPLETE_LBD,,False,NR3A1,ERα,Steroid hormone receptors
2Q70,2Q70_1,1,2Q70.A,A,A,PASS,,P03372,"[""X-RAY DIFFRACTION""]",1.95,1.95,0.303,0.303,311,547,237,1.0,NEAR_COMPLETE_LBD,,False,NR3A1,ERα,Steroid hormone receptors
2Q7I,2Q7I_1,1,2Q7I.A,A,A,PASS,,P10275,"[""X-RAY DIFFRACTION""]",1.87,1.87,0.21714,0.21714,669,900,232,1.0,NEAR_COMPLETE_LBD,,False,NR3C4,AR,Steroid hormone receptors
2Q7I,2Q7I_2,2,2Q7I.B,B,B,PASS,,P10275,"[""X-RAY DIFFRACTION""]",1.87,1.87,0.21714,0.21714,669,900,0,0.0,NO_LBD_OVERLAP,,False,NR3C4,AR,Steroid hormone receptors
2Q7J,2Q7J_1,1,2Q7J.A,A,A,PASS,,P10275,"[""X-RAY DIFFRACTION""]",1.9,1.9,0.22027,0.22027,669,900,232,1.0,NEAR_COMPLETE_LBD,,False,NR3C4,AR,Steroid hormone receptors
2Q7K,2Q7K_1,1,2Q7K.A,A,A,PASS,,P10275,"[""X-RAY DIFFRACTION""]",1.8,1.8,0.20856,0.20856,669,900,232,1.0,NEAR_COMPLETE_LBD,,False,NR3C4,AR,Steroid hormone receptors
2Q7K,2Q7K_2,2,2Q7K.B,B,B,PASS,,P10275,"[""X-RAY DIFFRACTION""]",1.8,1.8,0.20856,0.20856,669,900,0,0.0,NO_LBD_OVERLAP,,False,NR3C4,AR,Steroid hormone receptors
2Q7L,2Q7L_1,1,2Q7L.A,A,A,PASS,,P10275,"[""X-RAY DIFFRACTION""]",1.92,1.92,0.22051,0.22051,669,900,232,1.0,NEAR_COMPLETE_LBD,,False,NR3C4,AR,Steroid hormone receptors
2Q8S,2Q8S_1,1,2Q8S.B,B,B,PASS,,P37231,"[""X-RAY DIFFRACTION""]",2.3,2.3,0.28223,0.28223,238,503,266,1.0,NEAR_COMPLETE_LBD,,False,NR1C3,PPARγ,Nutritional sensors
2Q8S,2Q8S_1,1,2Q8S.A,A,A,PASS,,P37231,"[""X-RAY DIFFRACTION""]",2.3,2.3,0.28223,0.28223,238,503,266,1.0,NEAR_COMPLETE_LBD,,False,NR1C3,PPARγ,Nutritional sensors
2QA6,2QA6_1,1,2QA6.B,B,B,PASS,,P03372,"[""X-RAY DIFFRACTION""]",2.6,2.6,0.249,0.249,311,547,237,1.0,NEAR_COMPLETE_LBD,,False,NR3A1,ERα,Steroid hormone receptors
2QA6,2QA6_1,1,2QA6.A,A,A,PASS,,P03372,"[""X-RAY DIFFRACTION""]",2.6,2.6,0.249,0.249,311,547,237,1.0,NEAR_COMPLETE_LBD,,False,NR3A1,ERα,Steroid hormone receptors
2QA8,2QA8_1,1,2QA8.A,A,A,PASS,,P03372,"[""X-RAY DIFFRACTION""]",1.85,1.85,0.264,0.264,311,547,237,1.0,NEAR_COMPLETE_LBD,,False,NR3A1,ERα,Steroid hormone receptors
2QA8,2QA8_2,2,2QA8.B,B,B,PASS,,P03372,"[""X-RAY DIFFRACTION""]",1.85,1.85,0.264,0.264,311,547,237,1.0,NEAR_COMPLETE_LBD,,False,NR3A1,ERα,Steroid hormone receptors
2QAB,2QAB_1,1,2QAB.B,B,B,PASS,,P03372,"[""X-RAY DIFFRACTION""]",1.89,1.89,0.27,0.27,311,547,237,1.0,NEAR_COMPLETE_LBD,,False,NR3A1,ERα,Steroid hormone receptors
2QAB,2QAB_1,1,2QAB.A,A,A,PASS,,P03372,"[""X-RAY DIFFRACTION""]",1.89,1.89,0.27,0.27,311,547,237,1.0,NEAR_COMPLETE_LBD,,False,NR3A1,ERα,Steroid hormone receptors
2QE4,2QE4_1,1,2QE4.B,B,B,PASS,,P03372,"[""X-RAY DIFFRACTION""]",2.4,2.4,0.279,0.279,311,547,237,1.0,NEAR_COMPLETE_LBD,,False,NR3A1,ERα,Steroid hormone receptors
2QE4,2QE4_1,1,2QE4.A,A,A,PASS,,P03372,"[""X-RAY DIFFRACTION""]",2.4,2.4,0.279,0.279,311,547,237,1.0,NEAR_COMPLETE_LBD,,False,NR3A1,ERα,Steroid hormone receptors
2QGT,2QGT_1,1,2QGT.B,B,B,PASS,,P03372,"[""X-RAY DIFFRACTION""]",2.15,2.15,0.24,0.24,311,547,237,1.0,NEAR_COMPLETE_LBD,,False,NR3A1,ERα,Steroid hormone receptors
2QGT,2QGT_1,1,2QGT.A,A,A,PASS,,P03372,"[""X-RAY DIFFRACTION""]",2.15,2.15,0.24,0.24,311,547,237,1.0,NEAR_COMPLETE_LBD,,False,NR3A1,ERα,Steroid hormone receptors
2QGW,2QGW_1,1,2QGW.B,B,B,PASS,,P03372,"[""X-RAY DIFFRACTION""]",2.39,2.39,0.296,0.296,311,547,237,1.0,NEAR_COMPLETE_LBD,,False,NR3A1,ERα,Steroid hormone receptors
2QGW,2QGW_1,1,2QGW.A,A,A,PASS,,P03372,"[""X-RAY DIFFRACTION""]",2.39,2.39,0.296,0.296,311,547,237,1.0,NEAR_COMPLETE_LBD,,False,NR3A1,ERα,Steroid hormone receptors
2QH6,2QH6_1,1,2QH6.B,B,B,PASS,,P03372,"[""X-RAY DIFFRACTION""]",2.7,2.7,0.291,0.291,311,547,237,1.0,NEAR_COMPLETE_LBD,,False,NR3A1,ERα,Steroid hormone receptors
2QH6,2QH6_1,1,2QH6.A,A,A,PASS,,P03372,"[""X-RAY DIFFRACTION""]",2.7,2.7,0.291,0.291,311,547,237,1.0,NEAR_COMPLETE_LBD,,False,NR3A1,ERα,Steroid hormone receptors
2QMV,2QMV_1,1,2QMV.A,A,A,PASS,,P37231,"[""SOLUTION NMR""]",,,,,238,503,266,1.0,NEAR_COMPLETE_LBD,,False,NR1C3,PPARγ,Nutritional sensors
2QNV,2QNV_1,1,2QNV.A,A,A,PASS,,O75469,"[""X-RAY DIFFRACTION""]",2.8,2.8,0.284,0.284,146,433,288,1.0,NEAR_COMPLETE_LBD,,False,NR1I2,PXR,Nutritional sensors
2QR9,2QR9_1,1,2QR9.B,B,B,PASS,,P03372,"[""X-RAY DIFFRACTION""]",2.0,2.0,0.262,0.262,311,547,237,1.0,NEAR_COMPLETE_LBD,,False,NR3A1,ERα,Steroid hormone receptors
2QR9,2QR9_1,1,2QR9.A,A,A,PASS,,P03372,"[""X-RAY DIFFRACTION""]",2.0,2.0,0.262,0.262,311,547,237,1.0,NEAR_COMPLETE_LBD,,False,NR3A1,ERα,Steroid hormone receptors
2QSE,2QSE_1,1,2QSE.B,B,B,PASS,,P03372,"[""X-RAY DIFFRACTION""]",1.85,1.85,0.225,0.225,311,547,237,1.0,NEAR_COMPLETE_LBD,,False,NR3A1,ERα,Steroid hormone receptors
2QSE,2QSE_1,1,2QSE.A,A,A,PASS,,P03372,"[""X-RAY DIFFRACTION""]",1.85,1.85,0.225,0.225,311,547,237,1.0,NEAR_COMPLETE_LBD,,False,NR3A1,ERα,Steroid hormone receptors
2QTU,2QTU_1,1,2QTU.B,B,B,PASS,,Q92731,"[""X-RAY DIFFRACTION""]",2.53,2.53,0.279,0.279,264,498,235,1.0,NEAR_COMPLETE_LBD,,False,NR3A2,ERβ,Steroid hormone receptors
2QTU,2QTU_1,1,2QTU.A,A,A,PASS,,Q92731,"[""X-RAY DIFFRACTION""]",2.53,2.53,0.279,0.279,264,498,235,1.0,NEAR_COMPLETE_LBD,,False,NR3A2,ERβ,Steroid hormone receptors
2QW4,2QW4_1,1,2QW4.D,D,D,PASS,,P22736,"[""X-RAY DIFFRACTION""]",2.8,2.8,0.292,0.292,360,595,236,1.0,NEAR_COMPLETE_LBD,,False,NR4A1,NUR77,Nutritional sensors
2QW4,2QW4_1,1,2QW4.C,C,C,PASS,,P22736,"[""X-RAY DIFFRACTION""]",2.8,2.8,0.292,0.292,360,595,236,1.0,NEAR_COMPLETE_LBD,,False,NR4A1,NUR77,Nutritional sensors
2QW4,2QW4_1,1,2QW4.B,B,B,PASS,,P22736,"[""X-RAY DIFFRACTION""]",2.8,2.8,0.292,0.292,360,595,236,1.0,NEAR_COMPLETE_LBD,,False,NR4A1,NUR77,Nutritional sensors
2QW4,2QW4_1,1,2QW4.A,A,A,PASS,,P22736,"[""X-RAY DIFFRACTION""]",2.8,2.8,0.292,0.292,360,595,236,1.0,NEAR_COMPLETE_LBD,,False,NR4A1,NUR77,Nutritional sensors
2QXM,2QXM_1,1,2QXM.B,B,B,PASS,,P03372,"[""X-RAY DIFFRACTION""]",2.3,2.3,0.296,0.296,311,547,237,1.0,NEAR_COMPLETE_LBD,,False,NR3A1,ERα,Steroid hormone receptors
2QXM,2QXM_1,1,2QXM.A,A,A,PASS,,P03372,"[""X-RAY DIFFRACTION""]",2.3,2.3,0.296,0.296,311,547,237,1.0,NEAR_COMPLETE_LBD,,False,NR3A1,ERα,Steroid hormone receptors
2QXS,2QXS_1,1,2QXS.B,B,B,PASS,,P03372,"[""X-RAY DIFFRACTION""]",1.7,1.7,0.216,0.216,311,547,237,1.0,NEAR_COMPLETE_LBD,,False,NR3A1,ERα,Steroid hormone receptors
2QXS,2QXS_1,1,2QXS.A,A,A,PASS,,P03372,"[""X-RAY DIFFRACTION""]",1.7,1.7,0.216,0.216,311,547,237,1.0,NEAR_COMPLETE_LBD,,False,NR3A1,ERα,Steroid hormone receptors
2QZO,2QZO_1,1,2QZO.A,A,A,PASS,,P03372,"[""X-RAY DIFFRACTION""]",1.72,1.72,0.221,0.221,311,547,237,1.0,NEAR_COMPLETE_LBD,,False,NR3A1,ERα,Steroid hormone receptors
2QZO,2QZO_2,2,2QZO.B,B,B,PASS,,P03372,"[""X-RAY DIFFRACTION""]",1.72,1.72,0.221,0.221,311,547,237,1.0,NEAR_COMPLETE_LBD,,False,NR3A1,ERα,Steroid hormone receptors
2R6W,2R6W_1,1,2R6W.B,B,B,PASS,,P03372,"[""X-RAY DIFFRACTION""]",2.0,2.0,0.25734,0.25734,311,547,237,1.0,NEAR_COMPLETE_LBD,,False,NR3A1,ERα,Steroid hormone receptors
2R6W,2R6W_1,1,2R6W.A,A,A,PASS,,P03372,"[""X-RAY DIFFRACTION""]",2.0,2.0,0.25734,0.25734,311,547,237,1.0,NEAR_COMPLETE_LBD,,False,NR3A1,ERα,Steroid hormone receptors
2R6Y,2R6Y_1,1,2R6Y.B,B,B,PASS,,P03372,"[""X-RAY DIFFRACTION""]",2.0,2.0,0.27098,0.27098,311,547,237,1.0,NEAR_COMPLETE_LBD,,False,NR3A1,ERα,Steroid hormone receptors
2R6Y,2R6Y_1,1,2R6Y.A,A,A,PASS,,P03372,"[""X-RAY DIFFRACTION""]",2.0,2.0,0.27098,0.27098,311,547,237,1.0,NEAR_COMPLETE_LBD,,False,NR3A1,ERα,Steroid hormone receptors
2REW,2REW_1,1,2REW.A,A,A,PASS,,Q07869,"[""X-RAY DIFFRACTION""]",2.35,2.35,0.245,0.245,239,466,228,1.0,NEAR_COMPLETE_LBD,,False,NR1C1,PPARα,Nutritional sensors
2V0V,2V0V_1,1,2V0V.D,D,D,PASS,,Q14995,"[""X-RAY DIFFRACTION""]",2.4,2.4,0.2195,0.2195,369,579,194,0.919431,SUBSTANTIAL_LBD,,False,NR1D2,Rev-erbβ,Nutritional sensors
2V0V,2V0V_1,1,2V0V.C,C,C,PASS,,Q14995,"[""X-RAY DIFFRACTION""]",2.4,2.4,0.2195,0.2195,369,579,194,0.919431,SUBSTANTIAL_LBD,,False,NR1D2,Rev-erbβ,Nutritional sensors
2V0V,2V0V_1,1,2V0V.B,B,B,PASS,,Q14995,"[""X-RAY DIFFRACTION""]",2.4,2.4,0.2195,0.2195,369,579,194,0.919431,SUBSTANTIAL_LBD,,False,NR1D2,Rev-erbβ,Nutritional sensors
2V0V,2V0V_1,1,2V0V.A,A,A,PASS,,Q14995,"[""X-RAY DIFFRACTION""]",2.4,2.4,0.2195,0.2195,369,579,194,0.919431,SUBSTANTIAL_LBD,,False,NR1D2,Rev-erbβ,Nutritional sensors
2V7C,2V7C_1,1,2V7C.B,B,B,PASS,,Q14995,"[""X-RAY DIFFRACTION""]",2.4,2.4,0.28,0.28,369,579,194,0.919431,SUBSTANTIAL_LBD,,False,NR1D2,Rev-erbβ,Nutritional sensors
2V7C,2V7C_1,1,2V7C.A,A,A,PASS,,Q14995,"[""X-RAY DIFFRACTION""]",2.4,2.4,0.28,0.28,369,579,194,0.919431,SUBSTANTIAL_LBD,,False,NR1D2,Rev-erbβ,Nutritional sensors
2VSR,2VSR_1,1,2VSR.B,B,B,PASS,,P37231,"[""X-RAY DIFFRACTION""]",2.05,2.05,0.266,0.266,238,503,266,1.0,NEAR_COMPLETE_LBD,,False,NR1C3,PPARγ,Nutritional sensors
2VSR,2VSR_1,1,2VSR.A,A,A,PASS,,P37231,"[""X-RAY DIFFRACTION""]",2.05,2.05,0.266,0.266,238,503,266,1.0,NEAR_COMPLETE_LBD,,False,NR1C3,PPARγ,Nutritional sensors
2VST,2VST_1,1,2VST.B,B,B,PASS,,P37231,"[""X-RAY DIFFRACTION""]",2.35,2.35,0.274,0.274,238,503,266,1.0,NEAR_COMPLETE_LBD,,False,NR1C3,PPARγ,Nutritional sensors
2VST,2VST_1,1,2VST.A,A,A,PASS,,P37231,"[""X-RAY DIFFRACTION""]",2.35,2.35,0.274,0.274,238,503,266,1.0,NEAR_COMPLETE_LBD,,False,NR1C3,PPARγ,Nutritional sensors
2VV0,2VV0_1,1,2VV0.B,B,B,PASS,,P37231,"[""X-RAY DIFFRACTION""]",2.55,2.55,0.261,0.261,238,503,266,1.0,NEAR_COMPLETE_LBD,,False,NR1C3,PPARγ,Nutritional sensors
2VV0,2VV0_1,1,2VV0.A,A,A,PASS,,P37231,"[""X-RAY DIFFRACTION""]",2.55,2.55,0.261,0.261,238,503,266,1.0,NEAR_COMPLETE_LBD,,False,NR1C3,PPARγ,Nutritional sensors
2VV1,2VV1_1,1,2VV1.A,A,A,PASS,,P37231,"[""X-RAY DIFFRACTION""]",2.2,2.2,0.277,0.277,238,503,266,1.0,NEAR_COMPLETE_LBD,,False,NR1C3,PPARγ,Nutritional sensors
2VV1,2VV1_2,2,2VV1.B,B,B,PASS,,P37231,"[""X-RAY DIFFRACTION""]",2.2,2.2,0.277,0.277,238,503,266,1.0,NEAR_COMPLETE_LBD,,False,NR1C3,PPARγ,Nutritional sensors
2VV2,2VV2_1,1,2VV2.B,B,B,PASS,,P37231,"[""X-RAY DIFFRACTION""]",2.75,2.75,0.263,0.263,238,503,266,1.0,NEAR_COMPLETE_LBD,,False,NR1C3,PPARγ,Nutritional sensors
2VV2,2VV2_1,1,2VV2.A,A,A,PASS,,P37231,"[""X-RAY DIFFRACTION""]",2.75,2.75,0.263,0.263,238,503,266,1.0,NEAR_COMPLETE_LBD,,False,NR1C3,PPARγ,Nutritional sensors
2VV3,2VV3_1,1,2VV3.B,B,B,PASS,,P37231,"[""X-RAY DIFFRACTION""]",2.85,2.85,0.252,0.252,238,503,266,1.0,NEAR_COMPLETE_LBD,,False,NR1C3,PPARγ,Nutritional sensors
2VV3,2VV3_1,1,2VV3.A,A,A,PASS,,P37231,"[""X-RAY DIFFRACTION""]",2.85,2.85,0.252,0.252,238,503,266,1.0,NEAR_COMPLETE_LBD,,False,NR1C3,PPARγ,Nutritional sensors
2VV4,2VV4_1,1,2VV4.A,A,A,PASS,,P37231,"[""X-RAY DIFFRACTION""]",2.35,2.35,0.252,0.252,238,503,266,1.0,NEAR_COMPLETE_LBD,,False,NR1C3,PPARγ,Nutritional sensors
2VV4,2VV4_2,2,2VV4.B,B,B,PASS,,P37231,"[""X-RAY DIFFRACTION""]",2.35,2.35,0.252,0.252,238,503,266,1.0,NEAR_COMPLETE_LBD,,False,NR1C3,PPARγ,Nutritional sensors
2W8Y,2W8Y_1,1,2W8Y.B,B,B,PASS,,P06401,"[""X-RAY DIFFRACTION""]",1.8,1.8,0.218,0.218,679,913,235,1.0,NEAR_COMPLETE_LBD,,False,NR3C3,PR,Steroid hormone receptors
2W8Y,2W8Y_1,1,2W8Y.A,A,A,PASS,,P06401,"[""X-RAY DIFFRACTION""]",1.8,1.8,0.218,0.218,679,913,235,1.0,NEAR_COMPLETE_LBD,,False,NR3C3,PR,Steroid hormone receptors
2XKW,2XKW_1,1,2XKW.B,B,B,PASS,,P37231,"[""X-RAY DIFFRACTION""]",2.02,2.02,0.202,0.202,238,503,266,1.0,NEAR_COMPLETE_LBD,,False,NR1C3,PPARγ,Nutritional sensors
2XKW,2XKW_1,1,2XKW.A,A,A,PASS,,P37231,"[""X-RAY DIFFRACTION""]",2.02,2.02,0.202,0.202,238,503,266,1.0,NEAR_COMPLETE_LBD,,False,NR1C3,PPARγ,Nutritional sensors
2XYJ,2XYJ_1,1,2XYJ.B,B,B,PASS,,Q03181,"[""X-RAY DIFFRACTION""]",2.3,2.3,0.25,0.25,211,439,229,1.0,NEAR_COMPLETE_LBD,,False,NR1C2,PPARδ,Nutritional sensors
2XYJ,2XYJ_1,1,2XYJ.A,A,A,PASS,,Q03181,"[""X-RAY DIFFRACTION""]",2.3,2.3,0.25,0.25,211,439,229,1.0,NEAR_COMPLETE_LBD,,False,NR1C2,PPARδ,Nutritional sensors
2XYW,2XYW_1,1,2XYW.B,B,B,PASS,,Q03181,"[""X-RAY DIFFRACTION""]",3.14,3.14,0.2465,0.2465,211,439,229,1.0,NEAR_COMPLETE_LBD,,False,NR1C2,PPARδ,Nutritional sensors
2XYW,2XYW_1,1,2XYW.A,A,A,PASS,,Q03181,"[""X-RAY DIFFRACTION""]",3.14,3.14,0.2465,0.2465,211,439,229,1.0,NEAR_COMPLETE_LBD,,False,NR1C2,PPARδ,Nutritional sensors
2XYX,2XYX_1,1,2XYX.B,B,B,PASS,,Q03181,"[""X-RAY DIFFRACTION""]",2.7,2.7,0.2637,0.2637,211,439,229,1.0,NEAR_COMPLETE_LBD,,False,NR1C2,PPARδ,Nutritional sensors
2XYX,2XYX_1,1,2XYX.A,A,A,PASS,,Q03181,"[""X-RAY DIFFRACTION""]",2.7,2.7,0.2637,0.2637,211,439,229,1.0,NEAR_COMPLETE_LBD,,False,NR1C2,PPARδ,Nutritional sensors
2YAT,2YAT_1,1,2YAT.A,A,A,PASS,,P03372,"[""X-RAY DIFFRACTION""]",2.602,2.602,0.2277,0.2277,311,547,237,1.0,NEAR_COMPLETE_LBD,,False,NR3A1,ERα,Steroid hormone receptors
2YFE,2YFE_1,1,2YFE.B,B,B,PASS,,P37231,"[""X-RAY DIFFRACTION""]",2.0,2.0,0.25385,0.25385,238,503,266,1.0,NEAR_COMPLETE_LBD,,False,NR1C3,PPARγ,Nutritional sensors
2YFE,2YFE_1,1,2YFE.A,A,A,PASS,,P37231,"[""X-RAY DIFFRACTION""]",2.0,2.0,0.25385,0.25385,238,503,266,1.0,NEAR_COMPLETE_LBD,,False,NR1C3,PPARγ,Nutritional sensors
2YHD,2YHD_1,1,2YHD.A,A,A,PASS,,P10275,"[""X-RAY DIFFRACTION""]",2.2,2.2,0.25912,0.25912,669,900,229,0.987069,NEAR_COMPLETE_LBD,,False,NR3C4,AR,Steroid hormone receptors
2YJA,2YJA_2,2,2YJA.B,B,B,PASS,,P03372,"[""X-RAY DIFFRACTION""]",1.82,1.82,0.2342,0.2342,311,547,237,1.0,NEAR_COMPLETE_LBD,,False,NR3A1,ERα,Steroid hormone receptors
2YJD,2YJD_1,1,2YJD.B,B,B,PASS,,Q92731,"[""X-RAY DIFFRACTION""]",1.93,1.93,0.2602,0.2602,264,498,235,1.0,NEAR_COMPLETE_LBD,,False,NR3A2,ERβ,Steroid hormone receptors
2YJD,2YJD_1,1,2YJD.A,A,A,PASS,,Q92731,"[""X-RAY DIFFRACTION""]",1.93,1.93,0.2602,0.2602,264,498,235,1.0,NEAR_COMPLETE_LBD,,False,NR3A2,ERβ,Steroid hormone receptors
2YLO,2YLO_1,1,2YLO.A,A,A,PASS,,P10275,"[""X-RAY DIFFRACTION""]",2.5,2.5,0.28865,0.28865,669,900,232,1.0,NEAR_COMPLETE_LBD,,False,NR3C4,AR,Steroid hormone receptors
2YLP,2YLP_1,1,2YLP.A,A,A,PASS,,P10275,"[""X-RAY DIFFRACTION""]",2.3,2.3,0.24944,0.24944,669,900,232,1.0,NEAR_COMPLETE_LBD,,False,NR3C4,AR,Steroid hormone receptors
2YLQ,2YLQ_1,1,2YLQ.A,A,A,PASS,,P10275,"[""X-RAY DIFFRACTION""]",2.4,2.4,0.27188,0.27188,669,900,232,1.0,NEAR_COMPLETE_LBD,,False,NR3C4,AR,Steroid hormone receptors
2YLY,2YLY_1,1,2YLY.B,B,B,PASS,,Q92731,"[""X-RAY DIFFRACTION""]",3.2,3.2,0.2749,0.2749,264,498,235,1.0,NEAR_COMPLETE_LBD,,False,NR3A2,ERβ,Steroid hormone receptors
2YLY,2YLY_1,1,2YLY.A,A,A,PASS,,Q92731,"[""X-RAY DIFFRACTION""]",3.2,3.2,0.2749,0.2749,264,498,235,1.0,NEAR_COMPLETE_LBD,,False,NR3A2,ERβ,Steroid hormone receptors
2Z4B,2Z4B_1,1,2Z4B.B,B,B,PASS,,Q92731,"[""X-RAY DIFFRACTION""]",2.34,2.34,0.253,0.253,264,498,235,1.0,NEAR_COMPLETE_LBD,,False,NR3A2,ERβ,Steroid hormone receptors
2Z4B,2Z4B_1,1,2Z4B.A,A,A,PASS,,Q92731,"[""X-RAY DIFFRACTION""]",2.34,2.34,0.253,0.253,264,498,235,1.0,NEAR_COMPLETE_LBD,,False,NR3A2,ERβ,Steroid hormone receptors
2Z4J,2Z4J_1,1,2Z4J.A,A,A,PASS,,P10275,"[""X-RAY DIFFRACTION""]",2.6,2.6,0.234,0.234,669,900,229,0.987069,NEAR_COMPLETE_LBD,,False,NR3C4,AR,Steroid hormone receptors
2Z4J,2Z4J_2,2,2Z4J.B,B,B,PASS,,Q15466,"[""X-RAY DIFFRACTION""]",2.6,2.6,0.234,0.234,16,257,10,0.041322,TRACE_LBD,,False,NR0B2,SHP,Orphan receptors
2ZAS,2ZAS_1,1,2ZAS.A,A,A,PASS,,P62508,"[""X-RAY DIFFRACTION""]",2.0,2.0,0.23676,0.23676,233,457,225,1.0,NEAR_COMPLETE_LBD,,False,NR3B3,ERRγ,Nutritional sensors
2ZBS,2ZBS_1,1,2ZBS.A,A,A,PASS,,P62508,"[""X-RAY DIFFRACTION""]",1.8,1.8,0.24443,0.24443,233,457,225,1.0,NEAR_COMPLETE_LBD,,False,NR3B3,ERRγ,Nutritional sensors
2ZK0,2ZK0_1,1,2ZK0.B,B,B,PASS,,P37231,"[""X-RAY DIFFRACTION""]",2.36,2.36,0.313,0.313,238,503,266,1.0,NEAR_COMPLETE_LBD,,False,NR1C3,PPARγ,Nutritional sensors
2ZK0,2ZK0_1,1,2ZK0.A,A,A,PASS,,P37231,"[""X-RAY DIFFRACTION""]",2.36,2.36,0.313,0.313,238,503,266,1.0,NEAR_COMPLETE_LBD,,False,NR1C3,PPARγ,Nutritional sensors
2ZK1,2ZK1_1,1,2ZK1.B,B,B,PASS,,P37231,"[""X-RAY DIFFRACTION""]",2.61,2.61,0.307,0.307,238,503,266,1.0,NEAR_COMPLETE_LBD,,False,NR1C3,PPARγ,Nutritional sensors
2ZK1,2ZK1_1,1,2ZK1.A,A,A,PASS,,P37231,"[""X-RAY DIFFRACTION""]",2.61,2.61,0.307,0.307,238,503,266,1.0,NEAR_COMPLETE_LBD,,False,NR1C3,PPARγ,Nutritional sensors
2ZK2,2ZK2_1,1,2ZK2.B,B,B,PASS,,P37231,"[""X-RAY DIFFRACTION""]",2.26,2.26,0.299,0.299,238,503,266,1.0,NEAR_COMPLETE_LBD,,False,NR1C3,PPARγ,Nutritional sensors
2ZK2,2ZK2_1,1,2ZK2.A,A,A,PASS,,P37231,"[""X-RAY DIFFRACTION""]",2.26,2.26,0.299,0.299,238,503,266,1.0,NEAR_COMPLETE_LBD,,False,NR1C3,PPARγ,Nutritional sensors
2ZK3,2ZK3_1,1,2ZK3.B,B,B,PASS,,P37231,"[""X-RAY DIFFRACTION""]",2.58,2.58,0.299,0.299,238,503,266,1.0,NEAR_COMPLETE_LBD,,False,NR1C3,PPARγ,Nutritional sensors
2ZK3,2ZK3_1,1,2ZK3.A,A,A,PASS,,P37231,"[""X-RAY DIFFRACTION""]",2.58,2.58,0.299,0.299,238,503,266,1.0,NEAR_COMPLETE_LBD,,False,NR1C3,PPARγ,Nutritional sensors
2ZK4,2ZK4_1,1,2ZK4.B,B,B,PASS,,P37231,"[""X-RAY DIFFRACTION""]",2.57,2.57,0.306,0.306,238,503,266,1.0,NEAR_COMPLETE_LBD,,False,NR1C3,PPARγ,Nutritional sensors
2ZK4,2ZK4_1,1,2ZK4.A,A,A,PASS,,P37231,"[""X-RAY DIFFRACTION""]",2.57,2.57,0.306,0.306,238,503,266,1.0,NEAR_COMPLETE_LBD,,False,NR1C3,PPARγ,Nutritional sensors
2ZK5,2ZK5_1,1,2ZK5.B,B,B,PASS,,P37231,"[""X-RAY DIFFRACTION""]",2.45,2.45,0.306,0.306,238,503,266,1.0,NEAR_COMPLETE_LBD,,False,NR1C3,PPARγ,Nutritional sensors
2ZK5,2ZK5_1,1,2ZK5.A,A,A,PASS,,P37231,"[""X-RAY DIFFRACTION""]",2.45,2.45,0.306,0.306,238,503,266,1.0,NEAR_COMPLETE_LBD,,False,NR1C3,PPARγ,Nutritional sensors
2ZK6,2ZK6_1,1,2ZK6.B,B,B,PASS,,P37231,"[""X-RAY DIFFRACTION""]",2.41,2.41,0.299,0.299,238,503,266,1.0,NEAR_COMPLETE_LBD,,False,NR1C3,PPARγ,Nutritional sensors
2ZK6,2ZK6_1,1,2ZK6.A,A,A,PASS,,P37231,"[""X-RAY DIFFRACTION""]",2.41,2.41,0.299,0.299,238,503,266,1.0,NEAR_COMPLETE_LBD,,False,NR1C3,PPARγ,Nutritional sensors
2ZKC,2ZKC_1,1,2ZKC.A,A,A,PASS,,P62508,"[""X-RAY DIFFRACTION""]",1.7,1.7,0.23362,0.23362,233,457,225,1.0,NEAR_COMPLETE_LBD,,False,NR3B3,ERRγ,Nutritional sensors
2ZNN,2ZNN_1,1,2ZNN.A,A,A,PASS,,Q07869,"[""X-RAY DIFFRACTION""]",2.01,2.01,0.253,0.253,239,466,228,1.0,NEAR_COMPLETE_LBD,,False,NR1C1,PPARα,Nutritional sensors
2ZNO,2ZNO_1,1,2ZNO.B,B,B,PASS,,P37231,"[""X-RAY DIFFRACTION""]",2.4,2.4,0.286,0.286,238,503,266,1.0,NEAR_COMPLETE_LBD,,False,NR1C3,PPARγ,Nutritional sensors
2ZNO,2ZNO_1,1,2ZNO.A,A,A,PASS,,P37231,"[""X-RAY DIFFRACTION""]",2.4,2.4,0.286,0.286,238,503,266,1.0,NEAR_COMPLETE_LBD,,False,NR1C3,PPARγ,Nutritional sensors
2ZNP,2ZNP_1,1,2ZNP.B,B,B,PASS,,Q03181,"[""X-RAY DIFFRACTION""]",3.0,3.0,0.288,0.288,211,439,229,1.0,NEAR_COMPLETE_LBD,,False,NR1C2,PPARδ,Nutritional sensors
2ZNP,2ZNP_1,1,2ZNP.A,A,A,PASS,,Q03181,"[""X-RAY DIFFRACTION""]",3.0,3.0,0.288,0.288,211,439,229,1.0,NEAR_COMPLETE_LBD,,False,NR1C2,PPARδ,Nutritional sensors
2ZNQ,2ZNQ_1,1,2ZNQ.B,B,B,PASS,,Q03181,"[""X-RAY DIFFRACTION""]",2.65,2.65,0.276,0.276,211,439,229,1.0,NEAR_COMPLETE_LBD,,False,NR1C2,PPARδ,Nutritional sensors
2ZNQ,2ZNQ_1,1,2ZNQ.A,A,A,PASS,,Q03181,"[""X-RAY DIFFRACTION""]",2.65,2.65,0.276,0.276,211,439,229,1.0,NEAR_COMPLETE_LBD,,False,NR1C2,PPARδ,Nutritional sensors
2ZVT,2ZVT_1,1,2ZVT.B,B,B,PASS,,P37231,"[""X-RAY DIFFRACTION""]",1.9,1.9,0.275,0.275,238,503,266,1.0,NEAR_COMPLETE_LBD,,False,NR1C3,PPARγ,Nutritional sensors
2ZVT,2ZVT_1,1,2ZVT.A,A,A,PASS,,P37231,"[""X-RAY DIFFRACTION""]",1.9,1.9,0.275,0.275,238,503,266,1.0,NEAR_COMPLETE_LBD,,False,NR1C3,PPARγ,Nutritional sensors
2ZXZ,2ZXZ_1,1,2ZXZ.A,A,A,PASS,,P19793,"[""X-RAY DIFFRACTION""]",3.0,3.0,0.278,0.278,227,458,232,1.0,NEAR_COMPLETE_LBD,,False,NR2B1,RXRα,Nutritional sensors
2ZY0,2ZY0_1,1,2ZY0.C,C,C,PASS,,P19793,"[""X-RAY DIFFRACTION""]",2.9,2.9,0.289,0.289,227,458,232,1.0,NEAR_COMPLETE_LBD,,False,NR2B1,RXRα,Nutritional sensors
2ZY0,2ZY0_1,1,2ZY0.A,A,A,PASS,,P19793,"[""X-RAY DIFFRACTION""]",2.9,2.9,0.289,0.289,227,458,232,1.0,NEAR_COMPLETE_LBD,,False,NR2B1,RXRα,Nutritional sensors
38KC,38KC_1,1,38KC.B,B,B,PASS,,P06401,"[""X-RAY DIFFRACTION""]",2.03,2.03,0.2437,0.2437,679,913,235,1.0,NEAR_COMPLETE_LBD,,False,NR3C3,PR,Steroid hormone receptors
38KC,38KC_1,1,38KC.A,A,A,PASS,,P06401,"[""X-RAY DIFFRACTION""]",2.03,2.03,0.2437,0.2437,679,913,235,1.0,NEAR_COMPLETE_LBD,,False,NR3C3,PR,Steroid hormone receptors
3A2I,3A2I_1,1,3A2I.A,A,A,PASS,,P11473,"[""X-RAY DIFFRACTION""]",3.27,3.27,0.27578,0.27578,127,423,250,0.841751,SUBSTANTIAL_LBD,,False,NR1I1,VDR,Steroid hormone receptors
3A2J,3A2J_1,1,3A2J.A,A,A,PASS,,P11473,"[""X-RAY DIFFRACTION""]",2.7,2.7,0.2674,0.2674,127,423,250,0.841751,SUBSTANTIAL_LBD,,False,NR1I1,VDR,Steroid hormone receptors
3A3Z,3A3Z_1,1,3A3Z.A,A,X,PASS,,P11473,"[""X-RAY DIFFRACTION""]",1.72,1.72,0.20917,0.20917,127,423,250,0.841751,SUBSTANTIAL_LBD,,False,NR1I1,VDR,Steroid hormone receptors
3A40,3A40_1,1,3A40.A,A,X,PASS,,P11473,"[""X-RAY DIFFRACTION""]",1.45,1.45,0.19556,0.19556,127,423,250,0.841751,SUBSTANTIAL_LBD,,False,NR1I1,VDR,Steroid hormone receptors
3A78,3A78_1,1,3A78.A,A,A,PASS,,P11473,"[""X-RAY DIFFRACTION""]",1.9,1.9,0.20307,0.20307,127,423,250,0.841751,SUBSTANTIAL_LBD,,False,NR1I1,VDR,Steroid hormone receptors
3A9E,3A9E_2,2,3A9E.B,B,B,PASS,,P10276,"[""X-RAY DIFFRACTION""]",2.75,2.75,0.2639,0.2639,183,417,235,1.0,NEAR_COMPLETE_LBD,,False,NR1B1,RARα,Steroid hormone receptors
3ADS,3ADS_1,1,3ADS.B,B,B,PASS,,P37231,"[""X-RAY DIFFRACTION""]",2.25,2.25,0.277,0.277,238,503,266,1.0,NEAR_COMPLETE_LBD,,False,NR1C3,PPARγ,Nutritional sensors
3ADS,3ADS_1,1,3ADS.A,A,A,PASS,,P37231,"[""X-RAY DIFFRACTION""]",2.25,2.25,0.277,0.277,238,503,266,1.0,NEAR_COMPLETE_LBD,,False,NR1C3,PPARγ,Nutritional sensors
3ADT,3ADT_1,1,3ADT.B,B,B,PASS,,P37231,"[""X-RAY DIFFRACTION""]",2.7,2.7,0.283,0.283,238,503,266,1.0,NEAR_COMPLETE_LBD,,False,NR1C3,PPARγ,Nutritional sensors
3ADT,3ADT_1,1,3ADT.A,A,A,PASS,,P37231,"[""X-RAY DIFFRACTION""]",2.7,2.7,0.283,0.283,238,503,266,1.0,NEAR_COMPLETE_LBD,,False,NR1C3,PPARγ,Nutritional sensors
3ADU,3ADU_1,1,3ADU.B,B,B,PASS,,P37231,"[""X-RAY DIFFRACTION""]",2.77,2.77,0.276,0.276,238,503,266,1.0,NEAR_COMPLETE_LBD,,False,NR1C3,PPARγ,Nutritional sensors
3ADU,3ADU_1,1,3ADU.A,A,A,PASS,,P37231,"[""X-RAY DIFFRACTION""]",2.77,2.77,0.276,0.276,238,503,266,1.0,NEAR_COMPLETE_LBD,,False,NR1C3,PPARγ,Nutritional sensors
3ADV,3ADV_1,1,3ADV.B,B,B,PASS,,P37231,"[""X-RAY DIFFRACTION""]",2.27,2.27,0.267,0.267,238,503,266,1.0,NEAR_COMPLETE_LBD,,False,NR1C3,PPARγ,Nutritional sensors
3ADV,3ADV_1,1,3ADV.A,A,A,PASS,,P37231,"[""X-RAY DIFFRACTION""]",2.27,2.27,0.267,0.267,238,503,266,1.0,NEAR_COMPLETE_LBD,,False,NR1C3,PPARγ,Nutritional sensors
3ADW,3ADW_1,1,3ADW.B,B,B,PASS,,P37231,"[""X-RAY DIFFRACTION""]",2.07,2.07,0.265,0.265,238,503,266,1.0,NEAR_COMPLETE_LBD,,False,NR1C3,PPARγ,Nutritional sensors
3ADW,3ADW_1,1,3ADW.A,A,A,PASS,,P37231,"[""X-RAY DIFFRACTION""]",2.07,2.07,0.265,0.265,238,503,266,1.0,NEAR_COMPLETE_LBD,,False,NR1C3,PPARγ,Nutritional sensors
3ADX,3ADX_1,1,3ADX.B,B,B,PASS,,P37231,"[""X-RAY DIFFRACTION""]",1.95,1.95,0.275,0.275,238,503,266,1.0,NEAR_COMPLETE_LBD,,False,NR1C3,PPARγ,Nutritional sensors
3ADX,3ADX_1,1,3ADX.A,A,A,PASS,,P37231,"[""X-RAY DIFFRACTION""]",1.95,1.95,0.275,0.275,238,503,266,1.0,NEAR_COMPLETE_LBD,,False,NR1C3,PPARγ,Nutritional sensors
3AN3,3AN3_1,1,3AN3.B,B,B,PASS,,P37231,"[""X-RAY DIFFRACTION""]",2.3,2.3,0.278,0.278,238,503,266,1.0,NEAR_COMPLETE_LBD,,False,NR1C3,PPARγ,Nutritional sensors
3AN3,3AN3_1,1,3AN3.A,A,A,PASS,,P37231,"[""X-RAY DIFFRACTION""]",2.3,2.3,0.278,0.278,238,503,266,1.0,NEAR_COMPLETE_LBD,,False,NR1C3,PPARγ,Nutritional sensors
3AN4,3AN4_1,1,3AN4.B,B,B,PASS,,P37231,"[""X-RAY DIFFRACTION""]",2.3,2.3,0.288,0.288,238,503,266,1.0,NEAR_COMPLETE_LBD,,False,NR1C3,PPARγ,Nutritional sensors
3AN4,3AN4_1,1,3AN4.A,A,A,PASS,,P37231,"[""X-RAY DIFFRACTION""]",2.3,2.3,0.288,0.288,238,503,266,1.0,NEAR_COMPLETE_LBD,,False,NR1C3,PPARγ,Nutritional sensors
3AUQ,3AUQ_1,1,3AUQ.A,A,A,PASS,,P11473,"[""X-RAY DIFFRACTION""]",2.64,2.64,0.28639,0.28639,127,423,250,0.841751,SUBSTANTIAL_LBD,,False,NR1I1,VDR,Steroid hormone receptors
3AUR,3AUR_1,1,3AUR.A,A,A,PASS,,P11473,"[""X-RAY DIFFRACTION""]",2.21,2.21,0.25427,0.25427,127,423,250,0.841751,SUBSTANTIAL_LBD,,False,NR1I1,VDR,Steroid hormone receptors
3AX8,3AX8_1,1,3AX8.A,A,A,PASS,,P11473,"[""X-RAY DIFFRACTION""]",2.6,2.6,0.29369,0.29369,127,423,250,0.841751,SUBSTANTIAL_LBD,,False,NR1I1,VDR,Steroid hormone receptors
3AZ1,3AZ1_1,1,3AZ1.A,A,A,PASS,,P11473,"[""X-RAY DIFFRACTION""]",1.5,1.5,0.2129,0.2129,127,423,246,0.828283,SUBSTANTIAL_LBD,,False,NR1I1,VDR,Steroid hormone receptors
3AZ2,3AZ2_1,1,3AZ2.A,A,A,PASS,,P11473,"[""X-RAY DIFFRACTION""]",1.69,1.69,0.2121,0.2121,127,423,246,0.828283,SUBSTANTIAL_LBD,,False,NR1I1,VDR,Steroid hormone receptors
3AZ3,3AZ3_1,1,3AZ3.A,A,A,PASS,,P11473,"[""X-RAY DIFFRACTION""]",1.36,1.36,0.2432,0.2432,127,423,246,0.828283,SUBSTANTIAL_LBD,,False,NR1I1,VDR,Steroid hormone receptors
3B0Q,3B0Q_1,1,3B0Q.B,B,B,PASS,,P37231,"[""X-RAY DIFFRACTION""]",2.1,2.1,0.22945,0.22945,238,503,266,1.0,NEAR_COMPLETE_LBD,,False,NR1C3,PPARγ,Nutritional sensors
3B0Q,3B0Q_1,1,3B0Q.A,A,A,PASS,,P37231,"[""X-RAY DIFFRACTION""]",2.1,2.1,0.22945,0.22945,238,503,266,1.0,NEAR_COMPLETE_LBD,,False,NR1C3,PPARγ,Nutritional sensors
3B0R,3B0R_1,1,3B0R.B,B,B,PASS,,P37231,"[""X-RAY DIFFRACTION""]",2.15,2.15,0.24917,0.24917,238,503,266,1.0,NEAR_COMPLETE_LBD,,False,NR1C3,PPARγ,Nutritional sensors
3B0R,3B0R_1,1,3B0R.A,A,A,PASS,,P37231,"[""X-RAY DIFFRACTION""]",2.15,2.15,0.24917,0.24917,238,503,266,1.0,NEAR_COMPLETE_LBD,,False,NR1C3,PPARγ,Nutritional sensors
3B0T,3B0T_1,1,3B0T.A,A,A,PASS,,P11473,"[""X-RAY DIFFRACTION""]",1.3,1.3,0.19897,0.19897,127,423,246,0.828283,SUBSTANTIAL_LBD,,False,NR1I1,VDR,Steroid hormone receptors
3B0W,3B0W_1,1,3B0W.B,B,B,PASS,,P51449,"[""X-RAY DIFFRACTION""]",2.2,2.2,0.24922,0.24922,269,508,239,0.995833,NEAR_COMPLETE_LBD,,False,NR1F3,RORγ,Nutritional sensors
3B0W,3B0W_1,1,3B0W.A,A,A,PASS,,P51449,"[""X-RAY DIFFRACTION""]",2.2,2.2,0.24922,0.24922,269,508,239,0.995833,NEAR_COMPLETE_LBD,,False,NR1F3,RORγ,Nutritional sensors
3B1M,3B1M_1,1,3B1M.A,A,A,PASS,,P37231,"[""X-RAY DIFFRACTION""]",1.6,1.6,0.244,0.244,238,503,266,1.0,NEAR_COMPLETE_LBD,,False,NR1C3,PPARγ,Nutritional sensors
3B3K,3B3K_1,1,3B3K.B,B,B,PASS,,P37231,"[""X-RAY DIFFRACTION""]",2.6,2.6,0.316,0.316,238,503,266,1.0,NEAR_COMPLETE_LBD,,False,NR1C3,PPARγ,Nutritional sensors
3B3K,3B3K_1,1,3B3K.A,A,A,PASS,,P37231,"[""X-RAY DIFFRACTION""]",2.6,2.6,0.316,0.316,238,503,266,1.0,NEAR_COMPLETE_LBD,,False,NR1C3,PPARγ,Nutritional sensors
3B5R,3B5R_1,1,3B5R.A,A,A,PASS,,P10275,"[""X-RAY DIFFRACTION""]",1.8,1.8,0.272,0.272,669,900,229,0.987069,NEAR_COMPLETE_LBD,,False,NR3C4,AR,Steroid hormone receptors
3B65,3B65_1,1,3B65.A,A,A,PASS,,P10275,"[""X-RAY DIFFRACTION""]",1.8,1.8,0.292,0.292,669,900,229,0.987069,NEAR_COMPLETE_LBD,,False,NR3C4,AR,Steroid hormone receptors
3B66,3B66_1,1,3B66.A,A,A,PASS,,P10275,"[""X-RAY DIFFRACTION""]",1.65,1.65,0.242,0.242,669,900,229,0.987069,NEAR_COMPLETE_LBD,,False,NR3C4,AR,Steroid hormone receptors
3B67,3B67_1,1,3B67.A,A,A,PASS,,P10275,"[""X-RAY DIFFRACTION""]",1.9,1.9,0.273,0.273,669,900,229,0.987069,NEAR_COMPLETE_LBD,,False,NR3C4,AR,Steroid hormone receptors
3B68,3B68_1,1,3B68.A,A,A,PASS,,P10275,"[""X-RAY DIFFRACTION""]",1.9,1.9,0.274,0.274,669,900,229,0.987069,NEAR_COMPLETE_LBD,,False,NR3C4,AR,Steroid hormone receptors
3BC5,3BC5_1,1,3BC5.A,A,A,PASS,,P37231,"[""X-RAY DIFFRACTION""]",2.27,2.27,0.249,0.249,238,503,266,1.0,NEAR_COMPLETE_LBD,,False,NR1C3,PPARγ,Nutritional sensors
3BEJ,3BEJ_1,1,3BEJ.B,B,B,PASS,,Q96RI1,"[""X-RAY DIFFRACTION""]",1.9,1.9,0.254,0.254,262,486,225,1.0,NEAR_COMPLETE_LBD,,False,NR1H4,FXR,Nutritional sensors
3BEJ,3BEJ_1,1,3BEJ.A,A,A,PASS,,Q96RI1,"[""X-RAY DIFFRACTION""]",1.9,1.9,0.254,0.254,262,486,225,1.0,NEAR_COMPLETE_LBD,,False,NR1H4,FXR,Nutritional sensors
3BQD,3BQD_1,1,3BQD.A,A,A,PASS,,P04150,"[""X-RAY DIFFRACTION""]",2.5,2.5,0.261,0.261,524,758,234,0.995745,NEAR_COMPLETE_LBD,,False,NR3C1,GR,Steroid hormone receptors
3BTR,3BTR_2,2,3BTR.B,B,B,PASS,,P10275,"[""X-RAY DIFFRACTION""]",2.6,2.6,0.2289,0.2289,669,900,0,0.0,NO_LBD_OVERLAP,,False,NR3C4,AR,Steroid hormone receptors
3CBB,3CBB_3,3,3CBB.D,D,B,PASS,,P41235,"[""X-RAY DIFFRACTION""]",2.0,2.0,0.252,0.252,147,377,0,0.0,NO_LBD_OVERLAP,,False,NR2A1,HNF4α,Nutritional sensors
3CBB,3CBB_3,3,3CBB.C,C,A,PASS,,P41235,"[""X-RAY DIFFRACTION""]",2.0,2.0,0.252,0.252,147,377,0,0.0,NO_LBD_OVERLAP,,False,NR2A1,HNF4α,Nutritional sensors
3CBM,3CBM_2,2,3CBM.B,B,B,PASS,,P03372,"[""X-RAY DIFFRACTION""]",1.69,1.69,0.229,0.229,311,547,0,0.0,NO_LBD_OVERLAP,EXPLAINED,False,NR3A1,ERα,Steroid hormone receptors
3CBO,3CBO_2,2,3CBO.B,B,B,PASS,,P03372,"[""X-RAY DIFFRACTION""]",1.65,1.65,0.231,0.231,311,547,0,0.0,NO_LBD_OVERLAP,,False,NR3A1,ERα,Steroid hormone receptors
3CBP,3CBP_2,2,3CBP.B,B,B,PASS,,P03372,"[""X-RAY DIFFRACTION""]",1.42,1.42,0.243,0.243,311,547,0,0.0,NO_LBD_OVERLAP,,False,NR3A1,ERα,Steroid hormone receptors
3CDP,3CDP_1,1,3CDP.B,B,B,PASS,,P37231,"[""X-RAY DIFFRACTION""]",2.8,2.8,0.298,0.298,238,503,266,1.0,NEAR_COMPLETE_LBD,,False,NR1C3,PPARγ,Nutritional sensors
3CDP,3CDP_1,1,3CDP.A,A,A,PASS,,P37231,"[""X-RAY DIFFRACTION""]",2.8,2.8,0.298,0.298,238,503,266,1.0,NEAR_COMPLETE_LBD,,False,NR1C3,PPARγ,Nutritional sensors
3CDS,3CDS_1,1,3CDS.B,B,B,PASS,,P37231,"[""X-RAY DIFFRACTION""]",2.65,2.65,0.319,0.319,238,503,266,1.0,NEAR_COMPLETE_LBD,,False,NR1C3,PPARγ,Nutritional sensors
3CDS,3CDS_1,1,3CDS.A,A,A,PASS,,P37231,"[""X-RAY DIFFRACTION""]",2.65,2.65,0.319,0.319,238,503,266,1.0,NEAR_COMPLETE_LBD,,False,NR1C3,PPARγ,Nutritional sensors
3CJW,3CJW_1,1,3CJW.A,A,A,PASS,,P24468,"[""X-RAY DIFFRACTION""]",1.48,1.48,0.2379,0.2379,177,403,227,1.0,NEAR_COMPLETE_LBD,,False,NR2F2,COUP-TFII,Orphan receptors
3CLD,3CLD_1,1,3CLD.C,C,B,PASS,,P04150,"[""X-RAY DIFFRACTION""]",2.84,2.84,0.26675,0.26675,524,758,235,1.0,NEAR_COMPLETE_LBD,,False,NR3C1,GR,Steroid hormone receptors
3CLD,3CLD_1,1,3CLD.A,A,A,PASS,,P04150,"[""X-RAY DIFFRACTION""]",2.84,2.84,0.26675,0.26675,524,758,235,1.0,NEAR_COMPLETE_LBD,,False,NR3C1,GR,Steroid hormone receptors
3CQV,3CQV_1,1,3CQV.A,A,A,PASS,,Q14995,"[""X-RAY DIFFRACTION""]",1.9,1.9,0.23541,0.23541,369,579,199,0.943128,SUBSTANTIAL_LBD,,False,NR1D2,Rev-erbβ,Nutritional sensors
3CS4,3CS4_1,1,3CS4.A,A,A,PASS,,P11473,"[""X-RAY DIFFRACTION""]",2.0,2.0,0.217,0.217,127,423,250,0.841751,SUBSTANTIAL_LBD,,False,NR1I1,VDR,Steroid hormone receptors
3CS6,3CS6_1,1,3CS6.A,A,A,PASS,,P11473,"[""X-RAY DIFFRACTION""]",1.8,1.8,0.206,0.206,127,423,250,0.841751,SUBSTANTIAL_LBD,,False,NR1I1,VDR,Steroid hormone receptors
3CS8,3CS8_1,1,3CS8.A,A,A,PASS,,P37231,"[""X-RAY DIFFRACTION""]",2.3,2.3,0.28185,0.28185,238,503,266,1.0,NEAR_COMPLETE_LBD,,False,NR1C3,PPARγ,Nutritional sensors
3CTB,3CTB_1,1,3CTB.B,B,B,PASS,,O75469,"[""X-RAY DIFFRACTION""]",2.0,2.0,0.244,0.244,146,433,288,1.0,NEAR_COMPLETE_LBD,,True,NR1I2,PXR,Nutritional sensors
3CTB,3CTB_1,1,3CTB.A,A,A,PASS,,O75469,"[""X-RAY DIFFRACTION""]",2.0,2.0,0.244,0.244,146,433,288,1.0,NEAR_COMPLETE_LBD,,True,NR1I2,PXR,Nutritional sensors
3CWD,3CWD_1,1,3CWD.B,B,B,PASS,,P37231,"[""X-RAY DIFFRACTION""]",2.4,2.4,0.29002,0.29002,238,503,266,1.0,NEAR_COMPLETE_LBD,,False,NR1C3,PPARγ,Nutritional sensors
3CWD,3CWD_1,1,3CWD.A,A,A,PASS,,P37231,"[""X-RAY DIFFRACTION""]",2.4,2.4,0.29002,0.29002,238,503,266,1.0,NEAR_COMPLETE_LBD,,False,NR1C3,PPARγ,Nutritional sensors
3D24,3D24_1,1,3D24.C,C,C,PASS,,P11474,"[""X-RAY DIFFRACTION""]",2.11,2.11,0.255,0.255,193,421,229,1.0,NEAR_COMPLETE_LBD,,False,NR3B1,ERRα,Nutritional sensors
3D24,3D24_1,1,3D24.A,A,A,PASS,,P11474,"[""X-RAY DIFFRACTION""]",2.11,2.11,0.255,0.255,193,421,229,1.0,NEAR_COMPLETE_LBD,,False,NR3B1,ERRα,Nutritional sensors
3D57,3D57_1,1,3D57.B,B,B,PASS,,P10828,"[""X-RAY DIFFRACTION""]",2.2,2.2,0.24,0.24,217,461,244,0.995918,NEAR_COMPLETE_LBD,,False,NR1A2,TRβ,Steroid hormone receptors
3D57,3D57_1,1,3D57.A,A,A,PASS,,P10828,"[""X-RAY DIFFRACTION""]",2.2,2.2,0.24,0.24,217,461,244,0.995918,NEAR_COMPLETE_LBD,,False,NR1A2,TRβ,Steroid hormone receptors
3D5F,3D5F_1,1,3D5F.B,B,B,PASS,,Q03181,"[""X-RAY DIFFRACTION""]",2.2,2.2,0.281,0.281,211,439,229,1.0,NEAR_COMPLETE_LBD,,False,NR1C2,PPARδ,Nutritional sensors
3D5F,3D5F_1,1,3D5F.A,A,A,PASS,,Q03181,"[""X-RAY DIFFRACTION""]",2.2,2.2,0.281,0.281,211,439,229,1.0,NEAR_COMPLETE_LBD,,False,NR1C2,PPARδ,Nutritional sensors
3D6D,3D6D_1,1,3D6D.B,B,B,PASS,,P37231,"[""X-RAY DIFFRACTION""]",2.4,2.4,0.305,0.305,238,503,266,1.0,NEAR_COMPLETE_LBD,,False,NR1C3,PPARγ,Nutritional sensors
3D6D,3D6D_1,1,3D6D.A,A,A,PASS,,P37231,"[""X-RAY DIFFRACTION""]",2.4,2.4,0.305,0.305,238,503,266,1.0,NEAR_COMPLETE_LBD,,False,NR1C3,PPARγ,Nutritional sensors
3D90,3D90_1,1,3D90.B,B,B,PASS,,P06401,"[""X-RAY DIFFRACTION""]",2.26,2.26,0.279,0.279,679,913,235,1.0,NEAR_COMPLETE_LBD,,False,NR3C3,PR,Steroid hormone receptors
3D90,3D90_1,1,3D90.A,A,A,PASS,,P06401,"[""X-RAY DIFFRACTION""]",2.26,2.26,0.279,0.279,679,913,235,1.0,NEAR_COMPLETE_LBD,,False,NR3C3,PR,Steroid hormone receptors
3DCT,3DCT_1,1,3DCT.A,A,A,PASS,,Q96RI1,"[""X-RAY DIFFRACTION""]",2.5,2.5,0.24,0.24,262,486,225,1.0,NEAR_COMPLETE_LBD,,False,NR1H4,FXR,Nutritional sensors
3DCU,3DCU_1,1,3DCU.A,A,A,PASS,,Q96RI1,"[""X-RAY DIFFRACTION""]",2.95,2.95,0.228,0.228,262,486,225,1.0,NEAR_COMPLETE_LBD,,False,NR1H4,FXR,Nutritional sensors
3DT3,3DT3_1,1,3DT3.B,B,B,PASS,,P03372,"[""X-RAY DIFFRACTION""]",2.4,2.4,0.262,0.262,311,547,237,1.0,NEAR_COMPLETE_LBD,,False,NR3A1,ERα,Steroid hormone receptors
3DT3,3DT3_1,1,3DT3.A,A,A,PASS,,P03372,"[""X-RAY DIFFRACTION""]",2.4,2.4,0.262,0.262,311,547,237,1.0,NEAR_COMPLETE_LBD,,False,NR3A1,ERα,Steroid hormone receptors
3DY6,3DY6_1,1,3DY6.B,B,B,PASS,,Q03181,"[""X-RAY DIFFRACTION""]",2.9,2.9,0.24445,0.24445,211,439,229,1.0,NEAR_COMPLETE_LBD,,False,NR1C2,PPARδ,Nutritional sensors
3DY6,3DY6_1,1,3DY6.A,A,A,PASS,,Q03181,"[""X-RAY DIFFRACTION""]",2.9,2.9,0.24445,0.24445,211,439,229,1.0,NEAR_COMPLETE_LBD,,False,NR1C2,PPARδ,Nutritional sensors
3DZU,3DZU_1,1,3DZU.A,A,A,PASS,,P19793,"[""X-RAY DIFFRACTION""]",3.2,3.2,0.272,0.272,227,458,232,1.0,NEAR_COMPLETE_LBD,,False,NR2B1,RXRα,Nutritional sensors
3DZU,3DZU_2,2,3DZU.B,B,D,PASS,,P37231,"[""X-RAY DIFFRACTION""]",3.2,3.2,0.272,0.272,238,503,266,1.0,NEAR_COMPLETE_LBD,,False,NR1C3,PPARγ,Nutritional sensors
3DZY,3DZY_1,1,3DZY.A,A,A,PASS,,P19793,"[""X-RAY DIFFRACTION""]",3.1,3.1,0.268,0.268,227,458,232,1.0,NEAR_COMPLETE_LBD,,False,NR2B1,RXRα,Nutritional sensors
3DZY,3DZY_2,2,3DZY.B,B,D,PASS,,P37231,"[""X-RAY DIFFRACTION""]",3.1,3.1,0.268,0.268,238,503,266,1.0,NEAR_COMPLETE_LBD,,False,NR1C3,PPARγ,Nutritional sensors
3E00,3E00_1,1,3E00.A,A,A,PASS,,P19793,"[""X-RAY DIFFRACTION""]",3.1,3.1,0.276,0.276,227,458,232,1.0,NEAR_COMPLETE_LBD,,False,NR2B1,RXRα,Nutritional sensors
3E00,3E00_2,2,3E00.B,B,D,PASS,,P37231,"[""X-RAY DIFFRACTION""]",3.1,3.1,0.276,0.276,238,503,266,1.0,NEAR_COMPLETE_LBD,,False,NR1C3,PPARγ,Nutritional sensors
3E7C,3E7C_1,1,3E7C.C,C,B,PASS,,P04150,"[""X-RAY DIFFRACTION""]",2.15,2.15,0.266,0.266,524,758,235,1.0,NEAR_COMPLETE_LBD,,False,NR3C1,GR,Steroid hormone receptors
3E7C,3E7C_1,1,3E7C.A,A,A,PASS,,P04150,"[""X-RAY DIFFRACTION""]",2.15,2.15,0.266,0.266,524,758,235,1.0,NEAR_COMPLETE_LBD,,False,NR3C1,GR,Steroid hormone receptors
3E94,3E94_1,1,3E94.A,A,A,PASS,,P19793,"[""X-RAY DIFFRACTION""]",1.9,1.9,0.225,0.225,227,458,232,1.0,NEAR_COMPLETE_LBD,,False,NR2B1,RXRα,Nutritional sensors
3ERD,3ERD_1,1,3ERD.B,B,B,PASS,,P03372,"[""X-RAY DIFFRACTION""]",2.03,2.03,0.248,0.248,311,547,237,1.0,NEAR_COMPLETE_LBD,,False,NR3A1,ERα,Steroid hormone receptors
3ERD,3ERD_1,1,3ERD.A,A,A,PASS,,P03372,"[""X-RAY DIFFRACTION""]",2.03,2.03,0.248,0.248,311,547,237,1.0,NEAR_COMPLETE_LBD,,False,NR3A1,ERα,Steroid hormone receptors
3ERT,3ERT_1,1,3ERT.A,A,A,PASS,,P03372,"[""X-RAY DIFFRACTION""]",1.9,1.9,0.262,0.262,311,547,237,1.0,NEAR_COMPLETE_LBD,,False,NR3A1,ERα,Steroid hormone receptors
3ET0,3ET0_1,1,3ET0.B,B,B,PASS,,P37231,"[""X-RAY DIFFRACTION""]",2.4,2.4,0.2554,0.2554,238,503,266,1.0,NEAR_COMPLETE_LBD,,False,NR1C3,PPARγ,Nutritional sensors
3ET0,3ET0_1,1,3ET0.A,A,A,PASS,,P37231,"[""X-RAY DIFFRACTION""]",2.4,2.4,0.2554,0.2554,238,503,266,1.0,NEAR_COMPLETE_LBD,,False,NR1C3,PPARγ,Nutritional sensors
3ET1,3ET1_1,1,3ET1.B,B,B,PASS,,Q07869,"[""X-RAY DIFFRACTION""]",2.5,2.5,0.258,0.258,239,466,228,1.0,NEAR_COMPLETE_LBD,,False,NR1C1,PPARα,Nutritional sensors
3ET1,3ET1_1,1,3ET1.A,A,A,PASS,,Q07869,"[""X-RAY DIFFRACTION""]",2.5,2.5,0.258,0.258,239,466,228,1.0,NEAR_COMPLETE_LBD,,False,NR1C1,PPARα,Nutritional sensors
3ET2,3ET2_1,1,3ET2.B,B,B,PASS,,Q03181,"[""X-RAY DIFFRACTION""]",2.24,2.24,0.242,0.242,211,439,229,1.0,NEAR_COMPLETE_LBD,,False,NR1C2,PPARδ,Nutritional sensors
3ET2,3ET2_1,1,3ET2.A,A,A,PASS,,Q03181,"[""X-RAY DIFFRACTION""]",2.24,2.24,0.242,0.242,211,439,229,1.0,NEAR_COMPLETE_LBD,,False,NR1C2,PPARδ,Nutritional sensors
3ET3,3ET3_1,1,3ET3.A,A,A,PASS,,P37231,"[""X-RAY DIFFRACTION""]",1.95,1.95,0.236,0.236,238,503,266,1.0,NEAR_COMPLETE_LBD,,False,NR1C3,PPARγ,Nutritional sensors
3FAL,3FAL_1,1,3FAL.C,C,C,PASS,,P19793,"[""X-RAY DIFFRACTION""]",2.36,2.36,0.2777,0.2777,227,458,232,1.0,NEAR_COMPLETE_LBD,,False,NR2B1,RXRα,Nutritional sensors
3FAL,3FAL_1,1,3FAL.A,A,A,PASS,,P19793,"[""X-RAY DIFFRACTION""]",2.36,2.36,0.2777,0.2777,227,458,232,1.0,NEAR_COMPLETE_LBD,,False,NR2B1,RXRα,Nutritional sensors
3FC6,3FC6_1,1,3FC6.C,C,C,PASS,,P19793,"[""X-RAY DIFFRACTION""]",2.063,2.063,0.2501,0.2501,227,458,232,1.0,NEAR_COMPLETE_LBD,,False,NR2B1,RXRα,Nutritional sensors
3FC6,3FC6_1,1,3FC6.A,A,A,PASS,,P19793,"[""X-RAY DIFFRACTION""]",2.063,2.063,0.2501,0.2501,227,458,232,1.0,NEAR_COMPLETE_LBD,,False,NR2B1,RXRα,Nutritional sensors
3FEI,3FEI_1,1,3FEI.A,A,A,PASS,,Q07869,"[""X-RAY DIFFRACTION""]",2.4,2.4,0.25972,0.25972,239,466,228,1.0,NEAR_COMPLETE_LBD,,False,NR1C1,PPARα,Nutritional sensors
3FEJ,3FEJ_1,1,3FEJ.A,A,A,PASS,,P37231,"[""X-RAY DIFFRACTION""]",2.01,2.01,0.24979,0.24979,238,503,266,1.0,NEAR_COMPLETE_LBD,,False,NR1C3,PPARγ,Nutritional sensors
3FLI,3FLI_1,1,3FLI.A,A,A,PASS,,Q96RI1,"[""X-RAY DIFFRACTION""]",2.0,2.0,0.24254,0.24254,262,486,225,1.0,NEAR_COMPLETE_LBD,,False,NR1H4,FXR,Nutritional sensors
3FS1,3FS1_1,1,3FS1.A,A,A,PASS,,P41235,"[""X-RAY DIFFRACTION""]",2.2,2.2,0.236,0.236,147,377,230,0.995671,NEAR_COMPLETE_LBD,,False,NR2A1,HNF4α,Nutritional sensors
3FUG,3FUG_1,1,3FUG.A,A,A,PASS,,P19793,"[""X-RAY DIFFRACTION""]",2.0,2.0,0.241,0.241,227,458,232,1.0,NEAR_COMPLETE_LBD,,False,NR2B1,RXRα,Nutritional sensors
3FUR,3FUR_1,1,3FUR.A,A,A,PASS,,P37231,"[""X-RAY DIFFRACTION""]",2.3,2.3,0.2425,0.2425,238,503,266,1.0,NEAR_COMPLETE_LBD,,False,NR1C3,PPARγ,Nutritional sensors
3FXV,3FXV_1,1,3FXV.A,A,A,PASS,,Q96RI1,"[""X-RAY DIFFRACTION""]",2.26,2.26,0.2421,0.2421,262,486,224,0.995556,NEAR_COMPLETE_LBD,,False,NR1H4,FXR,Nutritional sensors
3G8I,3G8I_1,1,3G8I.A,A,A,PASS,,Q07869,"[""X-RAY DIFFRACTION""]",2.2,2.2,0.26149,0.26149,239,466,228,1.0,NEAR_COMPLETE_LBD,,False,NR1C1,PPARα,Nutritional sensors
3G8O,3G8O_1,1,3G8O.B,B,B,PASS,,P06401,"[""X-RAY DIFFRACTION""]",1.9,1.9,0.241,0.241,679,913,235,1.0,NEAR_COMPLETE_LBD,,False,NR3C3,PR,Steroid hormone receptors
3G8O,3G8O_1,1,3G8O.A,A,A,PASS,,P06401,"[""X-RAY DIFFRACTION""]",1.9,1.9,0.241,0.241,679,913,235,1.0,NEAR_COMPLETE_LBD,,False,NR3C3,PR,Steroid hormone receptors
3G9E,3G9E_1,1,3G9E.A,A,A,PASS,,P37231,"[""X-RAY DIFFRACTION""]",2.3,2.3,0.262,0.262,238,503,266,1.0,NEAR_COMPLETE_LBD,,False,NR1C3,PPARγ,Nutritional sensors
3GBK,3GBK_1,1,3GBK.B,B,B,PASS,,P37231,"[""X-RAY DIFFRACTION""]",2.3,2.3,0.29785,0.29785,238,503,266,1.0,NEAR_COMPLETE_LBD,,False,NR1C3,PPARγ,Nutritional sensors
3GBK,3GBK_1,1,3GBK.A,A,A,PASS,,P37231,"[""X-RAY DIFFRACTION""]",2.3,2.3,0.29785,0.29785,238,503,266,1.0,NEAR_COMPLETE_LBD,,False,NR1C3,PPARγ,Nutritional sensors
3GD2,3GD2_1,1,3GD2.A,A,A,PASS,,Q96RI1,"[""X-RAY DIFFRACTION""]",3.2,3.2,0.297,0.297,262,486,225,1.0,NEAR_COMPLETE_LBD,,False,NR1H4,FXR,Nutritional sensors
3GWS,3GWS_1,1,3GWS.A,A,X,PASS,,P10828,"[""X-RAY DIFFRACTION""]",2.2,2.2,0.233,0.233,217,461,244,0.995918,NEAR_COMPLETE_LBD,,False,NR1A2,TRβ,Steroid hormone receptors
3GWX,3GWX_1,1,3GWX.B,B,B,PASS,,Q03181,"[""X-RAY DIFFRACTION""]",2.4,2.4,0.301,0.301,211,439,229,1.0,NEAR_COMPLETE_LBD,,False,NR1C2,PPARδ,Nutritional sensors
3GWX,3GWX_1,1,3GWX.A,A,A,PASS,,Q03181,"[""X-RAY DIFFRACTION""]",2.4,2.4,0.301,0.301,211,439,229,1.0,NEAR_COMPLETE_LBD,,False,NR1C2,PPARδ,Nutritional sensors
3GZ9,3GZ9_1,1,3GZ9.A,A,A,PASS,,Q03181,"[""X-RAY DIFFRACTION""]",2.0,2.0,0.245,0.245,211,439,229,1.0,NEAR_COMPLETE_LBD,,False,NR1C2,PPARδ,Nutritional sensors
3H0A,3H0A_1,1,3H0A.A,A,A,PASS,,P19793,"[""X-RAY DIFFRACTION""]",2.1,2.1,0.34165,0.34165,227,458,228,0.982759,NEAR_COMPLETE_LBD,,False,NR2B1,RXRα,Nutritional sensors
3H0A,3H0A_2,2,3H0A.B,B,D,PASS,,P37231,"[""X-RAY DIFFRACTION""]",2.1,2.1,0.34165,0.34165,238,503,266,1.0,NEAR_COMPLETE_LBD,,False,NR1C3,PPARγ,Nutritional sensors
3H52,3H52_1,1,3H52.D,D,D,PASS,,P04150,"[""X-RAY DIFFRACTION""]",2.8,2.8,0.28317,0.28317,524,758,231,0.982979,NEAR_COMPLETE_LBD,,False,NR3C1,GR,Steroid hormone receptors
3H52,3H52_1,1,3H52.C,C,C,PASS,,P04150,"[""X-RAY DIFFRACTION""]",2.8,2.8,0.28317,0.28317,524,758,231,0.982979,NEAR_COMPLETE_LBD,,False,NR3C1,GR,Steroid hormone receptors
3H52,3H52_1,1,3H52.B,B,B,PASS,,P04150,"[""X-RAY DIFFRACTION""]",2.8,2.8,0.28317,0.28317,524,758,231,0.982979,NEAR_COMPLETE_LBD,,False,NR3C1,GR,Steroid hormone receptors
3H52,3H52_1,1,3H52.A,A,A,PASS,,P04150,"[""X-RAY DIFFRACTION""]",2.8,2.8,0.28317,0.28317,524,758,231,0.982979,NEAR_COMPLETE_LBD,,False,NR3C1,GR,Steroid hormone receptors
3HC5,3HC5_1,1,3HC5.A,A,A,PASS,,Q96RI1,"[""X-RAY DIFFRACTION""]",2.6,2.6,0.269,0.269,262,486,225,1.0,NEAR_COMPLETE_LBD,,False,NR1H4,FXR,Nutritional sensors
3HC6,3HC6_1,1,3HC6.A,A,A,PASS,,Q96RI1,"[""X-RAY DIFFRACTION""]",3.2,3.2,0.287,0.287,262,486,225,1.0,NEAR_COMPLETE_LBD,,False,NR1H4,FXR,Nutritional sensors
3HLV,3HLV_1,1,3HLV.B,B,B,PASS,,P03372,"[""X-RAY DIFFRACTION""]",3.0,3.0,0.2687,0.2687,311,547,237,1.0,NEAR_COMPLETE_LBD,,False,NR3A1,ERα,Steroid hormone receptors
3HLV,3HLV_1,1,3HLV.A,A,A,PASS,,P03372,"[""X-RAY DIFFRACTION""]",3.0,3.0,0.2687,0.2687,311,547,237,1.0,NEAR_COMPLETE_LBD,,False,NR3A1,ERα,Steroid hormone receptors
3HM1,3HM1_1,1,3HM1.B,B,B,PASS,,P03372,"[""X-RAY DIFFRACTION""]",2.33,2.33,0.2889,0.2889,311,547,237,1.0,NEAR_COMPLETE_LBD,,False,NR3A1,ERα,Steroid hormone receptors
3HM1,3HM1_1,1,3HM1.A,A,A,PASS,,P03372,"[""X-RAY DIFFRACTION""]",2.33,2.33,0.2889,0.2889,311,547,237,1.0,NEAR_COMPLETE_LBD,,False,NR3A1,ERα,Steroid hormone receptors
3HO0,3HO0_1,1,3HO0.B,B,B,PASS,,P37231,"[""X-RAY DIFFRACTION""]",2.6,2.6,0.328,0.328,238,503,266,1.0,NEAR_COMPLETE_LBD,,False,NR1C3,PPARγ,Nutritional sensors
3HO0,3HO0_1,1,3HO0.A,A,A,PASS,,P37231,"[""X-RAY DIFFRACTION""]",2.6,2.6,0.328,0.328,238,503,266,1.0,NEAR_COMPLETE_LBD,,False,NR1C3,PPARγ,Nutritional sensors
3HOD,3HOD_1,1,3HOD.B,B,B,PASS,,P37231,"[""X-RAY DIFFRACTION""]",2.1,2.1,0.29,0.29,238,503,266,1.0,NEAR_COMPLETE_LBD,,False,NR1C3,PPARγ,Nutritional sensors
3HOD,3HOD_1,1,3HOD.A,A,A,PASS,,P37231,"[""X-RAY DIFFRACTION""]",2.1,2.1,0.29,0.29,238,503,266,1.0,NEAR_COMPLETE_LBD,,False,NR1C3,PPARγ,Nutritional sensors
3HQ5,3HQ5_1,1,3HQ5.B,B,B,PASS,,P06401,"[""X-RAY DIFFRACTION""]",2.1,2.1,0.23678,0.23678,679,913,235,1.0,NEAR_COMPLETE_LBD,,False,NR3C3,PR,Steroid hormone receptors
3HQ5,3HQ5_1,1,3HQ5.A,A,A,PASS,,P06401,"[""X-RAY DIFFRACTION""]",2.1,2.1,0.23678,0.23678,679,913,235,1.0,NEAR_COMPLETE_LBD,,False,NR3C3,PR,Steroid hormone receptors
3HVL,3HVL_1,1,3HVL.B,B,B,PASS,,O75469,"[""X-RAY DIFFRACTION""]",2.1,2.1,0.2648,0.2648,146,433,288,1.0,NEAR_COMPLETE_LBD,,True,NR1I2,PXR,Nutritional sensors
3HVL,3HVL_1,1,3HVL.A,A,A,PASS,,O75469,"[""X-RAY DIFFRACTION""]",2.1,2.1,0.2648,0.2648,146,433,288,1.0,NEAR_COMPLETE_LBD,,True,NR1I2,PXR,Nutritional sensors
3HZF,3HZF_1,1,3HZF.A,A,A,PASS,,P10827,"[""X-RAY DIFFRACTION""]",2.5,2.5,0.26293,0.26293,163,407,208,0.84898,SUBSTANTIAL_LBD,,False,NR1A1,TRα,Steroid hormone receptors
3IA6,3IA6_1,1,3IA6.B,B,B,PASS,,P37231,"[""X-RAY DIFFRACTION""]",2.31,2.31,0.29712,0.29712,238,503,266,1.0,NEAR_COMPLETE_LBD,,False,NR1C3,PPARγ,Nutritional sensors
3IA6,3IA6_1,1,3IA6.A,A,A,PASS,,P37231,"[""X-RAY DIFFRACTION""]",2.31,2.31,0.29712,0.29712,238,503,266,1.0,NEAR_COMPLETE_LBD,,False,NR1C3,PPARγ,Nutritional sensors
3ILZ,3ILZ_1,1,3ILZ.A,A,A,PASS,,P10827,"[""X-RAY DIFFRACTION""]",1.85,1.85,0.188,0.188,163,407,208,0.84898,SUBSTANTIAL_LBD,,False,NR1A1,TRα,Steroid hormone receptors
3IMY,3IMY_1,1,3IMY.A,A,A,PASS,,P10828,"[""X-RAY DIFFRACTION""]",2.55,2.55,0.271,0.271,217,461,245,1.0,NEAR_COMPLETE_LBD,,False,NR1A2,TRβ,Steroid hormone receptors
3IPQ,3IPQ_1,1,3IPQ.A,A,A,PASS,,Q13133,"[""X-RAY DIFFRACTION""]",2.0,2.0,0.23358,0.23358,209,447,239,1.0,NEAR_COMPLETE_LBD,,False,NR1H3,LXRα,Nutritional sensors
3IPS,3IPS_1,1,3IPS.B,B,B,PASS,,Q13133,"[""X-RAY DIFFRACTION""]",2.26,2.26,0.3145,0.3145,209,447,239,1.0,NEAR_COMPLETE_LBD,,False,NR1H3,LXRα,Nutritional sensors
3IPS,3IPS_1,1,3IPS.A,A,A,PASS,,Q13133,"[""X-RAY DIFFRACTION""]",2.26,2.26,0.3145,0.3145,209,447,239,1.0,NEAR_COMPLETE_LBD,,False,NR1H3,LXRα,Nutritional sensors
3IPU,3IPU_1,1,3IPU.B,B,B,PASS,,Q13133,"[""X-RAY DIFFRACTION""]",2.4,2.4,0.29101,0.29101,209,447,239,1.0,NEAR_COMPLETE_LBD,,False,NR1H3,LXRα,Nutritional sensors
3IPU,3IPU_1,1,3IPU.A,A,A,PASS,,Q13133,"[""X-RAY DIFFRACTION""]",2.4,2.4,0.29101,0.29101,209,447,239,1.0,NEAR_COMPLETE_LBD,,False,NR1H3,LXRα,Nutritional sensors
3JZB,3JZB_1,1,3JZB.A,A,A,PASS,,P10827,"[""X-RAY DIFFRACTION""]",2.007,2.007,0.1985,0.1985,163,407,208,0.84898,SUBSTANTIAL_LBD,,False,NR1A1,TRα,Steroid hormone receptors
3JZC,3JZC_1,1,3JZC.A,A,A,PASS,,P10828,"[""X-RAY DIFFRACTION""]",2.5,2.5,0.2456,0.2456,217,461,245,1.0,NEAR_COMPLETE_LBD,,False,NR1A2,TRβ,Steroid hormone receptors
3K22,3K22_1,1,3K22.C,C,B,PASS,,P04150,"[""X-RAY DIFFRACTION""]",2.1,2.1,0.255,0.255,524,758,235,1.0,NEAR_COMPLETE_LBD,,False,NR3C1,GR,Steroid hormone receptors
3K22,3K22_1,1,3K22.A,A,A,PASS,,P04150,"[""X-RAY DIFFRACTION""]",2.1,2.1,0.255,0.255,524,758,235,1.0,NEAR_COMPLETE_LBD,,False,NR3C1,GR,Steroid hormone receptors
3K23,3K23_1,1,3K23.E,E,C,PASS,,P04150,"[""X-RAY DIFFRACTION""]",3.0,3.0,0.289,0.289,524,758,235,1.0,NEAR_COMPLETE_LBD,,False,NR3C1,GR,Steroid hormone receptors
3K23,3K23_1,1,3K23.C,C,B,PASS,,P04150,"[""X-RAY DIFFRACTION""]",3.0,3.0,0.289,0.289,524,758,235,1.0,NEAR_COMPLETE_LBD,,False,NR3C1,GR,Steroid hormone receptors
3K23,3K23_1,1,3K23.A,A,A,PASS,,P04150,"[""X-RAY DIFFRACTION""]",3.0,3.0,0.289,0.289,524,758,235,1.0,NEAR_COMPLETE_LBD,,False,NR3C1,GR,Steroid hormone receptors
3K6P,3K6P_1,1,3K6P.A,A,A,PASS,,P11474,"[""X-RAY DIFFRACTION""]",1.996,1.996,0.248,0.248,193,421,229,1.0,NEAR_COMPLETE_LBD,,False,NR3B1,ERRα,Nutritional sensors
3K8S,3K8S_1,1,3K8S.B,B,B,PASS,,P37231,"[""X-RAY DIFFRACTION""]",2.55,2.55,0.273,0.273,238,503,266,1.0,NEAR_COMPLETE_LBD,,False,NR1C3,PPARγ,Nutritional sensors
3K8S,3K8S_1,1,3K8S.A,A,A,PASS,,P37231,"[""X-RAY DIFFRACTION""]",2.55,2.55,0.273,0.273,238,503,266,1.0,NEAR_COMPLETE_LBD,,False,NR1C3,PPARγ,Nutritional sensors
3KBA,3KBA_1,1,3KBA.B,B,B,PASS,,P06401,"[""X-RAY DIFFRACTION""]",2.0,2.0,0.25,0.25,679,913,233,0.991489,NEAR_COMPLETE_LBD,,False,NR3C3,PR,Steroid hormone receptors
3KBA,3KBA_1,1,3KBA.A,A,A,PASS,,P06401,"[""X-RAY DIFFRACTION""]",2.0,2.0,0.25,0.25,679,913,233,0.991489,NEAR_COMPLETE_LBD,,False,NR3C3,PR,Steroid hormone receptors
3KDT,3KDT_1,1,3KDT.B,B,B,PASS,,Q07869,"[""X-RAY DIFFRACTION""]",2.7,2.7,0.316,0.316,239,466,228,1.0,NEAR_COMPLETE_LBD,,False,NR1C1,PPARα,Nutritional sensors
3KDT,3KDT_1,1,3KDT.A,A,A,PASS,,Q07869,"[""X-RAY DIFFRACTION""]",2.7,2.7,0.316,0.316,239,466,228,1.0,NEAR_COMPLETE_LBD,,False,NR1C1,PPARα,Nutritional sensors
3KDU,3KDU_1,1,3KDU.B,B,B,PASS,,Q07869,"[""X-RAY DIFFRACTION""]",2.07,2.07,0.239,0.239,239,466,228,1.0,NEAR_COMPLETE_LBD,,False,NR1C1,PPARα,Nutritional sensors
3KDU,3KDU_1,1,3KDU.A,A,A,PASS,,Q07869,"[""X-RAY DIFFRACTION""]",2.07,2.07,0.239,0.239,239,466,228,1.0,NEAR_COMPLETE_LBD,,False,NR1C1,PPARα,Nutritional sensors
3KFC,3KFC_1,1,3KFC.D,D,D,PASS,,P55055,"[""X-RAY DIFFRACTION""]",2.4,2.4,0.28384,0.28384,222,460,239,1.0,NEAR_COMPLETE_LBD,,False,NR1H2,LXRβ,Nutritional sensors
3KFC,3KFC_1,1,3KFC.C,C,C,PASS,,P55055,"[""X-RAY DIFFRACTION""]",2.4,2.4,0.28384,0.28384,222,460,239,1.0,NEAR_COMPLETE_LBD,,False,NR1H2,LXRβ,Nutritional sensors
3KFC,3KFC_1,1,3KFC.B,B,B,PASS,,P55055,"[""X-RAY DIFFRACTION""]",2.4,2.4,0.28384,0.28384,222,460,239,1.0,NEAR_COMPLETE_LBD,,False,NR1H2,LXRβ,Nutritional sensors
3KFC,3KFC_1,1,3KFC.A,A,A,PASS,,P55055,"[""X-RAY DIFFRACTION""]",2.4,2.4,0.28384,0.28384,222,460,239,1.0,NEAR_COMPLETE_LBD,,False,NR1H2,LXRβ,Nutritional sensors
3KMG,3KMG_1,1,3KMG.C,C,D,PASS,,P37231,"[""X-RAY DIFFRACTION""]",2.1,2.1,0.23014,0.23014,238,503,266,1.0,NEAR_COMPLETE_LBD,,False,NR1C3,PPARγ,Nutritional sensors
3KMG,3KMG_1,1,3KMG.A,A,A,PASS,,P37231,"[""X-RAY DIFFRACTION""]",2.1,2.1,0.23014,0.23014,238,503,266,1.0,NEAR_COMPLETE_LBD,,False,NR1C3,PPARγ,Nutritional sensors
3KMR,3KMR_1,1,3KMR.A,A,A,PASS,,P10276,"[""X-RAY DIFFRACTION""]",1.8,1.8,0.23716,0.23716,183,417,235,1.0,NEAR_COMPLETE_LBD,,False,NR1B1,RARα,Steroid hormone receptors
3KMZ,3KMZ_1,1,3KMZ.C,C,A,PASS,,P10276,"[""X-RAY DIFFRACTION""]",2.1,2.1,0.22973,0.22973,183,417,235,1.0,NEAR_COMPLETE_LBD,,False,NR1B1,RARα,Steroid hormone receptors
3KMZ,3KMZ_1,1,3KMZ.A,A,B,PASS,,P10276,"[""X-RAY DIFFRACTION""]",2.1,2.1,0.22973,0.22973,183,417,235,1.0,NEAR_COMPLETE_LBD,,False,NR1B1,RARα,Steroid hormone receptors
3KPZ,3KPZ_1,1,3KPZ.A,A,A,PASS,,P11473,"[""X-RAY DIFFRACTION""]",1.9,1.9,0.228,0.228,127,423,250,0.841751,SUBSTANTIAL_LBD,,False,NR1I1,VDR,Steroid hormone receptors
3KWY,3KWY_1,1,3KWY.A,A,A,PASS,,P19793,"[""X-RAY DIFFRACTION""]",2.3,2.3,0.24437,0.24437,227,458,232,1.0,NEAR_COMPLETE_LBD,,False,NR2B1,RXRα,Nutritional sensors
3KYT,3KYT_1,1,3KYT.A,A,A,PASS,,P51449,"[""X-RAY DIFFRACTION""]",2.35,2.35,0.298,0.298,269,508,239,0.995833,NEAR_COMPLETE_LBD,,False,NR1F3,RORγ,Nutritional sensors
3L03,3L03_1,1,3L03.B,B,B,PASS,,P03372,"[""X-RAY DIFFRACTION""]",1.896,1.896,0.2196,0.2196,311,547,237,1.0,NEAR_COMPLETE_LBD,,False,NR3A1,ERα,Steroid hormone receptors
3L03,3L03_1,1,3L03.A,A,A,PASS,,P03372,"[""X-RAY DIFFRACTION""]",1.896,1.896,0.2196,0.2196,311,547,237,1.0,NEAR_COMPLETE_LBD,,False,NR3A1,ERα,Steroid hormone receptors
3L0E,3L0E_1,1,3L0E.A,A,A,PASS,,P55055,"[""X-RAY DIFFRACTION""]",2.3,2.3,0.23661,0.23661,222,460,239,1.0,NEAR_COMPLETE_LBD,,False,NR1H2,LXRβ,Nutritional sensors
3L0J,3L0J_1,1,3L0J.A,A,A,PASS,,P51449,"[""X-RAY DIFFRACTION""]",2.4,2.4,0.28295,0.28295,269,508,239,0.995833,NEAR_COMPLETE_LBD,,False,NR1F3,RORγ,Nutritional sensors
3L0L,3L0L_1,1,3L0L.C,C,B,PASS,,P51449,"[""X-RAY DIFFRACTION""]",1.74,1.74,0.25164,0.25164,269,508,239,0.995833,NEAR_COMPLETE_LBD,,False,NR1F3,RORγ,Nutritional sensors
3L0L,3L0L_1,1,3L0L.A,A,A,PASS,,P51449,"[""X-RAY DIFFRACTION""]",1.74,1.74,0.25164,0.25164,269,508,239,0.995833,NEAR_COMPLETE_LBD,,False,NR1F3,RORγ,Nutritional sensors
3L1B,3L1B_1,1,3L1B.A,A,A,PASS,,Q96RI1,"[""X-RAY DIFFRACTION""]",1.9,1.9,0.2705,0.2705,262,486,225,1.0,NEAR_COMPLETE_LBD,,False,NR1H4,FXR,Nutritional sensors
3L3X,3L3X_1,1,3L3X.A,A,A,PASS,,P10275,"[""X-RAY DIFFRACTION""]",1.55,1.55,0.20568,0.20568,669,900,230,0.991379,NEAR_COMPLETE_LBD,,False,NR3C4,AR,Steroid hormone receptors
3L3Z,3L3Z_1,1,3L3Z.A,A,A,PASS,,P10275,"[""X-RAY DIFFRACTION""]",2.0,2.0,0.24263,0.24263,669,900,230,0.991379,NEAR_COMPLETE_LBD,,False,NR3C4,AR,Steroid hormone receptors
3LBD,3LBD_1,1,3LBD.A,A,A,PASS,,P13631,"[""X-RAY DIFFRACTION""]",2.4,2.4,0.267,0.267,185,419,235,1.0,NEAR_COMPLETE_LBD,,False,NR1B3,RARγ,Steroid hormone receptors
3LMP,3LMP_1,1,3LMP.A,A,A,PASS,,P37231,"[""X-RAY DIFFRACTION""]",1.9,1.9,0.242,0.242,238,503,266,1.0,NEAR_COMPLETE_LBD,,False,NR1C3,PPARγ,Nutritional sensors
3M7R,3M7R_1,1,3M7R.A,A,A,PASS,,P11473,"[""X-RAY DIFFRACTION""]",1.8,1.8,0.241,0.241,127,423,246,0.828283,SUBSTANTIAL_LBD,,False,NR1I1,VDR,Steroid hormone receptors
3N00,3N00_1,1,3N00.A,A,A,PASS,,P20393,"[""X-RAY DIFFRACTION""]",2.6,2.6,0.26633,0.26633,284,614,232,0.700906,PARTIAL_LBD,,False,NR1D1,Rev-erbα,Nutritional sensors
3NOA,3NOA_1,1,3NOA.B,B,B,PASS,,P37231,"[""X-RAY DIFFRACTION""]",1.98,1.98,0.27482,0.27482,238,503,266,1.0,NEAR_COMPLETE_LBD,,False,NR1C3,PPARγ,Nutritional sensors
3NOA,3NOA_1,1,3NOA.A,A,A,PASS,,P37231,"[""X-RAY DIFFRACTION""]",1.98,1.98,0.27482,0.27482,238,503,266,1.0,NEAR_COMPLETE_LBD,,False,NR1C3,PPARγ,Nutritional sensors
3NSP,3NSP_1,1,3NSP.B,B,B,PASS,,P19793,"[""X-RAY DIFFRACTION""]",2.9,2.9,0.30755,0.30755,227,458,232,1.0,NEAR_COMPLETE_LBD,,False,NR2B1,RXRα,Nutritional sensors
3NSP,3NSP_1,1,3NSP.A,A,A,PASS,,P19793,"[""X-RAY DIFFRACTION""]",2.9,2.9,0.30755,0.30755,227,458,232,1.0,NEAR_COMPLETE_LBD,,False,NR2B1,RXRα,Nutritional sensors
3NSQ,3NSQ_1,1,3NSQ.B,B,B,PASS,,P19793,"[""X-RAY DIFFRACTION""]",2.6,2.6,0.31799,0.31799,227,458,232,1.0,NEAR_COMPLETE_LBD,,False,NR2B1,RXRα,Nutritional sensors
3NSQ,3NSQ_1,1,3NSQ.A,A,A,PASS,,P19793,"[""X-RAY DIFFRACTION""]",2.6,2.6,0.31799,0.31799,227,458,232,1.0,NEAR_COMPLETE_LBD,,False,NR2B1,RXRα,Nutritional sensors
3OAP,3OAP_1,1,3OAP.A,A,A,PASS,,P19793,"[""X-RAY DIFFRACTION""]",2.05,2.05,0.2436,0.2436,227,458,231,0.99569,NEAR_COMPLETE_LBD,,False,NR2B1,RXRα,Nutritional sensors
3OGT,3OGT_1,1,3OGT.A,A,A,PASS,,P11473,"[""X-RAY DIFFRACTION""]",1.75,1.75,0.1836,0.1836,127,423,250,0.841751,SUBSTANTIAL_LBD,,False,NR1I1,VDR,Steroid hormone receptors
3OKH,3OKH_1,1,3OKH.A,A,A,PASS,,Q96RI1,"[""X-RAY DIFFRACTION""]",2.5,2.5,0.2734,0.2734,262,486,225,1.0,NEAR_COMPLETE_LBD,,False,NR1H4,FXR,Nutritional sensors
3OKI,3OKI_1,1,3OKI.C,C,C,PASS,,Q96RI1,"[""X-RAY DIFFRACTION""]",2.0,2.0,0.2799,0.2799,262,486,225,1.0,NEAR_COMPLETE_LBD,,False,NR1H4,FXR,Nutritional sensors
3OKI,3OKI_1,1,3OKI.A,A,A,PASS,,Q96RI1,"[""X-RAY DIFFRACTION""]",2.0,2.0,0.2799,0.2799,262,486,225,1.0,NEAR_COMPLETE_LBD,,False,NR1H4,FXR,Nutritional sensors
3OLF,3OLF_1,1,3OLF.C,C,C,PASS,,Q96RI1,"[""X-RAY DIFFRACTION""]",1.9,1.9,0.2381,0.2381,262,486,225,1.0,NEAR_COMPLETE_LBD,,False,NR1H4,FXR,Nutritional sensors
3OLF,3OLF_1,1,3OLF.A,A,A,PASS,,Q96RI1,"[""X-RAY DIFFRACTION""]",1.9,1.9,0.2381,0.2381,262,486,225,1.0,NEAR_COMPLETE_LBD,,False,NR1H4,FXR,Nutritional sensors
3OLL,3OLL_1,1,3OLL.B,B,B,PASS,,Q92731,"[""X-RAY DIFFRACTION""]",1.5,1.5,0.20809,0.20809,264,498,235,1.0,NEAR_COMPLETE_LBD,,False,NR3A2,ERβ,Steroid hormone receptors
3OLL,3OLL_1,1,3OLL.A,A,A,PASS,,Q92731,"[""X-RAY DIFFRACTION""]",1.5,1.5,0.20809,0.20809,264,498,235,1.0,NEAR_COMPLETE_LBD,,False,NR3A2,ERβ,Steroid hormone receptors
3OLS,3OLS_1,1,3OLS.B,B,B,PASS,,Q92731,"[""X-RAY DIFFRACTION""]",2.2,2.2,0.2664,0.2664,264,498,235,1.0,NEAR_COMPLETE_LBD,,False,NR3A2,ERβ,Steroid hormone receptors
3OLS,3OLS_1,1,3OLS.A,A,A,PASS,,Q92731,"[""X-RAY DIFFRACTION""]",2.2,2.2,0.2664,0.2664,264,498,235,1.0,NEAR_COMPLETE_LBD,,False,NR3A2,ERβ,Steroid hormone receptors
3OMK,3OMK_1,1,3OMK.C,C,C,PASS,,Q96RI1,"[""X-RAY DIFFRACTION""]",1.9,1.9,0.2449,0.2449,262,486,225,1.0,NEAR_COMPLETE_LBD,,False,NR1H4,FXR,Nutritional sensors
3OMK,3OMK_1,1,3OMK.A,A,A,PASS,,Q96RI1,"[""X-RAY DIFFRACTION""]",1.9,1.9,0.2449,0.2449,262,486,225,1.0,NEAR_COMPLETE_LBD,,False,NR1H4,FXR,Nutritional sensors
3OMM,3OMM_1,1,3OMM.C,C,C,PASS,,Q96RI1,"[""X-RAY DIFFRACTION""]",2.1,2.1,0.2563,0.2563,262,486,225,1.0,NEAR_COMPLETE_LBD,,False,NR1H4,FXR,Nutritional sensors
3OMM,3OMM_1,1,3OMM.A,A,A,PASS,,Q96RI1,"[""X-RAY DIFFRACTION""]",2.1,2.1,0.2563,0.2563,262,486,225,1.0,NEAR_COMPLETE_LBD,,False,NR1H4,FXR,Nutritional sensors
3OMO,3OMO_1,1,3OMO.B,B,B,PASS,,Q92731,"[""X-RAY DIFFRACTION""]",2.21,2.21,0.2638,0.2638,264,498,235,1.0,NEAR_COMPLETE_LBD,,False,NR3A2,ERβ,Steroid hormone receptors
3OMO,3OMO_1,1,3OMO.A,A,A,PASS,,Q92731,"[""X-RAY DIFFRACTION""]",2.21,2.21,0.2638,0.2638,264,498,235,1.0,NEAR_COMPLETE_LBD,,False,NR3A2,ERβ,Steroid hormone receptors
3OMP,3OMP_1,1,3OMP.B,B,B,PASS,,Q92731,"[""X-RAY DIFFRACTION""]",2.05,2.05,0.2547,0.2547,264,498,235,1.0,NEAR_COMPLETE_LBD,,False,NR3A2,ERβ,Steroid hormone receptors
3OMP,3OMP_1,1,3OMP.A,A,A,PASS,,Q92731,"[""X-RAY DIFFRACTION""]",2.05,2.05,0.2547,0.2547,264,498,235,1.0,NEAR_COMPLETE_LBD,,False,NR3A2,ERβ,Steroid hormone receptors
3OMQ,3OMQ_1,1,3OMQ.B,B,B,PASS,,Q92731,"[""X-RAY DIFFRACTION""]",1.97,1.97,0.26,0.26,264,498,235,1.0,NEAR_COMPLETE_LBD,,False,NR3A2,ERβ,Steroid hormone receptors
3OMQ,3OMQ_1,1,3OMQ.A,A,A,PASS,,Q92731,"[""X-RAY DIFFRACTION""]",1.97,1.97,0.26,0.26,264,498,235,1.0,NEAR_COMPLETE_LBD,,False,NR3A2,ERβ,Steroid hormone receptors
3OOF,3OOF_1,1,3OOF.C,C,C,PASS,,Q96RI1,"[""X-RAY DIFFRACTION""]",2.29,2.29,0.2548,0.2548,262,486,225,1.0,NEAR_COMPLETE_LBD,,False,NR1H4,FXR,Nutritional sensors
3OOF,3OOF_1,1,3OOF.A,A,A,PASS,,Q96RI1,"[""X-RAY DIFFRACTION""]",2.29,2.29,0.2548,0.2548,262,486,225,1.0,NEAR_COMPLETE_LBD,,False,NR1H4,FXR,Nutritional sensors
3OOK,3OOK_1,1,3OOK.C,C,C,PASS,,Q96RI1,"[""X-RAY DIFFRACTION""]",2.29,2.29,0.2709,0.2709,262,486,225,1.0,NEAR_COMPLETE_LBD,,False,NR1H4,FXR,Nutritional sensors
3OOK,3OOK_1,1,3OOK.A,A,A,PASS,,Q96RI1,"[""X-RAY DIFFRACTION""]",2.29,2.29,0.2709,0.2709,262,486,225,1.0,NEAR_COMPLETE_LBD,,False,NR1H4,FXR,Nutritional sensors
3OS8,3OS8_1,1,3OS8.B,B,B,PASS,,P03372,"[""X-RAY DIFFRACTION""]",2.031,2.031,0.2276,0.2276,311,547,237,1.0,NEAR_COMPLETE_LBD,,False,NR3A1,ERα,Steroid hormone receptors
3OS8,3OS8_1,1,3OS8.A,A,A,PASS,,P03372,"[""X-RAY DIFFRACTION""]",2.031,2.031,0.2276,0.2276,311,547,237,1.0,NEAR_COMPLETE_LBD,,False,NR3A1,ERα,Steroid hormone receptors
3OS8,3OS8_2,2,3OS8.D,D,D,PASS,,P03372,"[""X-RAY DIFFRACTION""]",2.031,2.031,0.2276,0.2276,311,547,237,1.0,NEAR_COMPLETE_LBD,,False,NR3A1,ERα,Steroid hormone receptors
3OS8,3OS8_2,2,3OS8.C,C,C,PASS,,P03372,"[""X-RAY DIFFRACTION""]",2.031,2.031,0.2276,0.2276,311,547,237,1.0,NEAR_COMPLETE_LBD,,False,NR3A1,ERα,Steroid hormone receptors
3OS9,3OS9_1,1,3OS9.A,A,A,PASS,,P03372,"[""X-RAY DIFFRACTION""]",2.303,2.303,0.2491,0.2491,311,547,237,1.0,NEAR_COMPLETE_LBD,,False,NR3A1,ERα,Steroid hormone receptors
3OS9,3OS9_1,1,3OS9.C,C,C,PASS,,P03372,"[""X-RAY DIFFRACTION""]",2.303,2.303,0.2491,0.2491,311,547,237,1.0,NEAR_COMPLETE_LBD,,False,NR3A1,ERα,Steroid hormone receptors
3OS9,3OS9_1,1,3OS9.D,D,D,PASS,,P03372,"[""X-RAY DIFFRACTION""]",2.303,2.303,0.2491,0.2491,311,547,237,1.0,NEAR_COMPLETE_LBD,,False,NR3A1,ERα,Steroid hormone receptors
3OS9,3OS9_1,1,3OS9.B,B,B,PASS,,P03372,"[""X-RAY DIFFRACTION""]",2.303,2.303,0.2491,0.2491,311,547,237,1.0,NEAR_COMPLETE_LBD,,False,NR3A1,ERα,Steroid hormone receptors
3OSA,3OSA_1,1,3OSA.D,D,D,PASS,,P03372,"[""X-RAY DIFFRACTION""]",2.296,2.296,0.24,0.24,311,547,237,1.0,NEAR_COMPLETE_LBD,,False,NR3A1,ERα,Steroid hormone receptors
3OSA,3OSA_1,1,3OSA.C,C,C,PASS,,P03372,"[""X-RAY DIFFRACTION""]",2.296,2.296,0.24,0.24,311,547,237,1.0,NEAR_COMPLETE_LBD,,False,NR3A1,ERα,Steroid hormone receptors
3OSA,3OSA_1,1,3OSA.B,B,B,PASS,,P03372,"[""X-RAY DIFFRACTION""]",2.296,2.296,0.24,0.24,311,547,237,1.0,NEAR_COMPLETE_LBD,,False,NR3A1,ERα,Steroid hormone receptors
3OSA,3OSA_1,1,3OSA.A,A,A,PASS,,P03372,"[""X-RAY DIFFRACTION""]",2.296,2.296,0.24,0.24,311,547,237,1.0,NEAR_COMPLETE_LBD,,False,NR3A1,ERα,Steroid hormone receptors
3OSI,3OSI_1,1,3OSI.B,B,B,PASS,,P37231,"[""X-RAY DIFFRACTION""]",2.7,2.7,0.253,0.253,238,503,266,1.0,NEAR_COMPLETE_LBD,,False,NR1C3,PPARγ,Nutritional sensors
3OSI,3OSI_1,1,3OSI.A,A,A,PASS,,P37231,"[""X-RAY DIFFRACTION""]",2.7,2.7,0.253,0.253,238,503,266,1.0,NEAR_COMPLETE_LBD,,False,NR1C3,PPARγ,Nutritional sensors
3OSW,3OSW_1,1,3OSW.B,B,B,PASS,,P37231,"[""X-RAY DIFFRACTION""]",2.55,2.55,0.2507,0.2507,238,503,266,1.0,NEAR_COMPLETE_LBD,,False,NR1C3,PPARγ,Nutritional sensors
3OSW,3OSW_1,1,3OSW.A,A,A,PASS,,P37231,"[""X-RAY DIFFRACTION""]",2.55,2.55,0.2507,0.2507,238,503,266,1.0,NEAR_COMPLETE_LBD,,False,NR1C3,PPARγ,Nutritional sensors
3OZ0,3OZ0_1,1,3OZ0.A,A,A,PASS,,Q03181,"[""X-RAY DIFFRACTION""]",3.0,3.0,0.27048,0.27048,211,439,229,1.0,NEAR_COMPLETE_LBD,,False,NR1C2,PPARδ,Nutritional sensors
3OZJ,3OZJ_1,1,3OZJ.C,C,C,PASS,,P19793,"[""X-RAY DIFFRACTION""]",2.1,2.1,,,227,458,232,1.0,NEAR_COMPLETE_LBD,,False,NR2B1,RXRα,Nutritional sensors
3OZJ,3OZJ_1,1,3OZJ.A,A,A,PASS,,P19793,"[""X-RAY DIFFRACTION""]",2.1,2.1,,,227,458,232,1.0,NEAR_COMPLETE_LBD,,False,NR2B1,RXRα,Nutritional sensors
3P0U,3P0U_1,1,3P0U.B,B,B,PASS,,P49116,"[""X-RAY DIFFRACTION""]",3.0,3.0,0.287,0.287,341,583,236,0.971193,NEAR_COMPLETE_LBD,,False,NR2C2,TR4,Nutritional sensors
3P0U,3P0U_1,1,3P0U.A,A,A,PASS,,P49116,"[""X-RAY DIFFRACTION""]",3.0,3.0,0.287,0.287,341,583,236,0.971193,NEAR_COMPLETE_LBD,,False,NR2C2,TR4,Nutritional sensors
3P88,3P88_1,1,3P88.A,A,A,PASS,,Q96RI1,"[""X-RAY DIFFRACTION""]",2.95,2.95,0.2889,0.2889,262,486,225,1.0,NEAR_COMPLETE_LBD,,False,NR1H4,FXR,Nutritional sensors
3P89,3P89_1,1,3P89.A,A,A,PASS,,Q96RI1,"[""X-RAY DIFFRACTION""]",2.3,2.3,0.2547,0.2547,262,486,225,1.0,NEAR_COMPLETE_LBD,,False,NR1H4,FXR,Nutritional sensors
3P8X,3P8X_1,1,3P8X.A,A,A,PASS,,P11473,"[""X-RAY DIFFRACTION""]",1.7,1.7,0.209,0.209,127,423,245,0.824916,SUBSTANTIAL_LBD,,False,NR1I1,VDR,Steroid hormone receptors
3PBA,3PBA_1,1,3PBA.B,B,B,PASS,,P37231,"[""X-RAY DIFFRACTION""]",2.3,2.3,0.255,0.255,238,503,266,1.0,NEAR_COMPLETE_LBD,,False,NR1C3,PPARγ,Nutritional sensors
3PBA,3PBA_1,1,3PBA.A,A,A,PASS,,P37231,"[""X-RAY DIFFRACTION""]",2.3,2.3,0.255,0.255,238,503,266,1.0,NEAR_COMPLETE_LBD,,False,NR1C3,PPARγ,Nutritional sensors
3PCU,3PCU_1,1,3PCU.A,A,A,PASS,,P19793,"[""X-RAY DIFFRACTION""]",2.0,2.0,,,227,458,230,0.991379,NEAR_COMPLETE_LBD,,False,NR2B1,RXRα,Nutritional sensors
3PEQ,3PEQ_1,1,3PEQ.B,B,B,PASS,,Q03181,"[""X-RAY DIFFRACTION""]",2.4,2.4,0.23667,0.23667,211,439,229,1.0,NEAR_COMPLETE_LBD,,False,NR1C2,PPARδ,Nutritional sensors
3PEQ,3PEQ_1,1,3PEQ.A,A,A,PASS,,Q03181,"[""X-RAY DIFFRACTION""]",2.4,2.4,0.23667,0.23667,211,439,229,1.0,NEAR_COMPLETE_LBD,,False,NR1C2,PPARδ,Nutritional sensors
3PLZ,3PLZ_1,1,3PLZ.C,C,B,PASS,,O00482,"[""X-RAY DIFFRACTION""]",1.75,1.75,0.214,0.214,300,539,240,1.0,NEAR_COMPLETE_LBD,,False,NR5A2,LRH-1,Nutritional sensors
3PLZ,3PLZ_1,1,3PLZ.A,A,A,PASS,,O00482,"[""X-RAY DIFFRACTION""]",1.75,1.75,0.214,0.214,300,539,240,1.0,NEAR_COMPLETE_LBD,,False,NR5A2,LRH-1,Nutritional sensors
3PO9,3PO9_1,1,3PO9.B,B,B,PASS,,P37231,"[""X-RAY DIFFRACTION""]",2.35,2.35,0.2692,0.2692,238,503,266,1.0,NEAR_COMPLETE_LBD,,False,NR1C3,PPARγ,Nutritional sensors
3PO9,3PO9_1,1,3PO9.A,A,A,PASS,,P37231,"[""X-RAY DIFFRACTION""]",2.35,2.35,0.2692,0.2692,238,503,266,1.0,NEAR_COMPLETE_LBD,,False,NR1C3,PPARγ,Nutritional sensors
3PRG,3PRG_1,1,3PRG.A,A,A,PASS,,P37231,"[""X-RAY DIFFRACTION""]",2.9,2.9,0.271,0.271,238,503,266,1.0,NEAR_COMPLETE_LBD,,False,NR1C3,PPARγ,Nutritional sensors
3Q95,3Q95_1,1,3Q95.A,A,A,PASS,,P03372,"[""X-RAY DIFFRACTION""]",2.05,2.05,0.24149,0.24149,311,547,237,1.0,NEAR_COMPLETE_LBD,,False,NR3A1,ERα,Steroid hormone receptors
3Q95,3Q95_2,2,3Q95.B,B,B,PASS,,P03372,"[""X-RAY DIFFRACTION""]",2.05,2.05,0.24149,0.24149,311,547,237,1.0,NEAR_COMPLETE_LBD,,False,NR3A1,ERα,Steroid hormone receptors
3QT0,3QT0_1,1,3QT0.A,A,A,PASS,,P37231,"[""X-RAY DIFFRACTION""]",2.496,2.496,0.2768,0.2768,238,503,266,1.0,NEAR_COMPLETE_LBD,,False,NR1C3,PPARγ,Nutritional sensors
3R29,3R29_1,1,3R29.B,B,B,PASS,,P19793,"[""X-RAY DIFFRACTION""]",2.9,2.9,0.32626,0.32626,227,458,232,1.0,NEAR_COMPLETE_LBD,,False,NR2B1,RXRα,Nutritional sensors
3R29,3R29_1,1,3R29.A,A,A,PASS,,P19793,"[""X-RAY DIFFRACTION""]",2.9,2.9,0.32626,0.32626,227,458,232,1.0,NEAR_COMPLETE_LBD,,False,NR2B1,RXRα,Nutritional sensors
3R2A,3R2A_1,1,3R2A.D,D,D,PASS,,P19793,"[""X-RAY DIFFRACTION""]",3.0,3.0,0.33492,0.33492,227,458,232,1.0,NEAR_COMPLETE_LBD,,False,NR2B1,RXRα,Nutritional sensors
3R2A,3R2A_1,1,3R2A.C,C,C,PASS,,P19793,"[""X-RAY DIFFRACTION""]",3.0,3.0,0.33492,0.33492,227,458,232,1.0,NEAR_COMPLETE_LBD,,False,NR2B1,RXRα,Nutritional sensors
3R2A,3R2A_1,1,3R2A.B,B,B,PASS,,P19793,"[""X-RAY DIFFRACTION""]",3.0,3.0,0.33492,0.33492,227,458,232,1.0,NEAR_COMPLETE_LBD,,False,NR2B1,RXRα,Nutritional sensors
3R2A,3R2A_1,1,3R2A.A,A,A,PASS,,P19793,"[""X-RAY DIFFRACTION""]",3.0,3.0,0.33492,0.33492,227,458,232,1.0,NEAR_COMPLETE_LBD,,False,NR2B1,RXRα,Nutritional sensors
3R5M,3R5M_1,1,3R5M.C,C,C,PASS,,P19793,"[""X-RAY DIFFRACTION""]",2.8,2.8,0.29279,0.29279,227,458,232,1.0,NEAR_COMPLETE_LBD,,False,NR2B1,RXRα,Nutritional sensors
3R5M,3R5M_1,1,3R5M.A,A,A,PASS,,P19793,"[""X-RAY DIFFRACTION""]",2.8,2.8,0.29279,0.29279,227,458,232,1.0,NEAR_COMPLETE_LBD,,False,NR2B1,RXRα,Nutritional sensors
3R5N,3R5N_1,1,3R5N.A,A,A,PASS,,P37231,"[""X-RAY DIFFRACTION""]",2.0,2.0,0.29304,0.29304,238,503,266,1.0,NEAR_COMPLETE_LBD,,False,NR1C3,PPARγ,Nutritional sensors
3R8A,3R8A_1,1,3R8A.B,B,B,PASS,,P37231,"[""X-RAY DIFFRACTION""]",2.41,2.41,0.2807,0.2807,238,503,266,1.0,NEAR_COMPLETE_LBD,,False,NR1C3,PPARγ,Nutritional sensors
3R8A,3R8A_1,1,3R8A.A,A,A,PASS,,P37231,"[""X-RAY DIFFRACTION""]",2.41,2.41,0.2807,0.2807,238,503,266,1.0,NEAR_COMPLETE_LBD,,False,NR1C3,PPARγ,Nutritional sensors
3R8D,3R8D_1,1,3R8D.A,A,A,PASS,,O75469,"[""X-RAY DIFFRACTION""]",2.8,2.8,0.28929,0.28929,146,433,288,1.0,NEAR_COMPLETE_LBD,,False,NR1I2,PXR,Nutritional sensors
3R8I,3R8I_1,1,3R8I.B,B,B,PASS,,P37231,"[""X-RAY DIFFRACTION""]",2.3,2.3,0.285,0.285,238,503,266,1.0,NEAR_COMPLETE_LBD,,False,NR1C3,PPARγ,Nutritional sensors
3R8I,3R8I_1,1,3R8I.A,A,A,PASS,,P37231,"[""X-RAY DIFFRACTION""]",2.3,2.3,0.285,0.285,238,503,266,1.0,NEAR_COMPLETE_LBD,,False,NR1C3,PPARγ,Nutritional sensors
3RLJ,3RLJ_1,1,3RLJ.A,A,A,PASS,,P10275,"[""X-RAY DIFFRACTION""]",1.9,1.9,0.265,0.265,669,900,229,0.987069,NEAR_COMPLETE_LBD,,False,NR3C4,AR,Steroid hormone receptors
3RLL,3RLL_1,1,3RLL.A,A,A,PASS,,P10275,"[""X-RAY DIFFRACTION""]",1.7,1.7,0.263,0.263,669,900,229,0.987069,NEAR_COMPLETE_LBD,,False,NR3C4,AR,Steroid hormone receptors
3RUT,3RUT_1,1,3RUT.A,A,A,PASS,,Q96RI1,"[""X-RAY DIFFRACTION""]",3.0,3.0,0.2658,0.2658,262,486,225,1.0,NEAR_COMPLETE_LBD,,False,NR1H4,FXR,Nutritional sensors
3RUU,3RUU_1,1,3RUU.A,A,A,PASS,,Q96RI1,"[""X-RAY DIFFRACTION""]",2.502,2.502,0.2534,0.2534,262,486,225,1.0,NEAR_COMPLETE_LBD,,False,NR1H4,FXR,Nutritional sensors
3RVF,3RVF_1,1,3RVF.A,A,A,PASS,,Q96RI1,"[""X-RAY DIFFRACTION""]",3.1,3.1,0.2903,0.2903,262,486,225,1.0,NEAR_COMPLETE_LBD,,False,NR1H4,FXR,Nutritional sensors
3S9S,3S9S_1,1,3S9S.A,A,A,PASS,,P37231,"[""X-RAY DIFFRACTION""]",2.55,2.55,0.284,0.284,238,503,266,1.0,NEAR_COMPLETE_LBD,,False,NR1C3,PPARγ,Nutritional sensors
3SP6,3SP6_1,1,3SP6.A,A,A,PASS,,Q07869,"[""X-RAY DIFFRACTION""]",2.21,2.21,0.2388,0.2388,239,466,228,1.0,NEAR_COMPLETE_LBD,,False,NR1C1,PPARα,Nutritional sensors
3SP9,3SP9_1,1,3SP9.B,B,B,PASS,,Q03181,"[""X-RAY DIFFRACTION""]",2.3,2.3,0.2526,0.2526,211,439,229,1.0,NEAR_COMPLETE_LBD,,False,NR1C2,PPARδ,Nutritional sensors
3SP9,3SP9_1,1,3SP9.A,A,A,PASS,,Q03181,"[""X-RAY DIFFRACTION""]",2.3,2.3,0.2526,0.2526,211,439,229,1.0,NEAR_COMPLETE_LBD,,False,NR1C2,PPARδ,Nutritional sensors
3SZ1,3SZ1_1,1,3SZ1.B,B,B,PASS,,P37231,"[""X-RAY DIFFRACTION""]",2.3,2.3,0.24,0.24,238,503,266,1.0,NEAR_COMPLETE_LBD,,False,NR1C3,PPARγ,Nutritional sensors
3SZ1,3SZ1_1,1,3SZ1.A,A,A,PASS,,P37231,"[""X-RAY DIFFRACTION""]",2.3,2.3,0.24,0.24,238,503,266,1.0,NEAR_COMPLETE_LBD,,False,NR1C3,PPARγ,Nutritional sensors
3T03,3T03_1,1,3T03.B,B,B,PASS,,P37231,"[""X-RAY DIFFRACTION""]",2.1,2.1,0.2466,0.2466,238,503,266,1.0,NEAR_COMPLETE_LBD,,False,NR1C3,PPARγ,Nutritional sensors
3T03,3T03_1,1,3T03.A,A,A,PASS,,P37231,"[""X-RAY DIFFRACTION""]",2.1,2.1,0.2466,0.2466,238,503,266,1.0,NEAR_COMPLETE_LBD,,False,NR1C3,PPARγ,Nutritional sensors
3TKC,3TKC_1,1,3TKC.A,A,A,PASS,,P11473,"[""X-RAY DIFFRACTION""]",1.75,1.75,0.1831,0.1831,127,423,250,0.841751,SUBSTANTIAL_LBD,,False,NR1I1,VDR,Steroid hormone receptors
3TKM,3TKM_1,1,3TKM.A,A,A,PASS,,Q03181,"[""X-RAY DIFFRACTION""]",1.953,1.953,0.2454,0.2454,211,439,229,1.0,NEAR_COMPLETE_LBD,,False,NR1C2,PPARδ,Nutritional sensors
3TX7,3TX7_2,2,3TX7.B,B,B,PASS,,O00482,"[""X-RAY DIFFRACTION""]",2.76,2.76,0.2426,0.2426,300,539,240,1.0,NEAR_COMPLETE_LBD,,False,NR5A2,LRH-1,Nutritional sensors
3TY0,3TY0_1,1,3TY0.B,B,B,PASS,,P37231,"[""X-RAY DIFFRACTION""]",2.0,2.0,0.2728,0.2728,238,503,266,1.0,NEAR_COMPLETE_LBD,,False,NR1C3,PPARγ,Nutritional sensors
3TY0,3TY0_1,1,3TY0.A,A,A,PASS,,P37231,"[""X-RAY DIFFRACTION""]",2.0,2.0,0.2728,0.2728,238,503,266,1.0,NEAR_COMPLETE_LBD,,False,NR1C3,PPARγ,Nutritional sensors
3U9Q,3U9Q_1,1,3U9Q.A,A,A,PASS,,P37231,"[""X-RAY DIFFRACTION""]",1.522,1.522,0.2221,0.2221,238,503,266,1.0,NEAR_COMPLETE_LBD,,False,NR1C3,PPARγ,Nutritional sensors
3UU7,3UU7_1,1,3UU7.A,A,A,PASS,,P03372,"[""X-RAY DIFFRACTION""]",2.196,2.196,0.2456,0.2456,311,547,237,1.0,NEAR_COMPLETE_LBD,,False,NR3A1,ERα,Steroid hormone receptors
3UU7,3UU7_2,2,3UU7.B,B,B,PASS,,P03372,"[""X-RAY DIFFRACTION""]",2.196,2.196,0.2456,0.2456,311,547,237,1.0,NEAR_COMPLETE_LBD,,False,NR3A1,ERα,Steroid hormone receptors
3UUA,3UUA_1,1,3UUA.A,A,A,PASS,,P03372,"[""X-RAY DIFFRACTION""]",2.05,2.05,0.2313,0.2313,311,547,237,1.0,NEAR_COMPLETE_LBD,,False,NR3A1,ERα,Steroid hormone receptors
3UUA,3UUA_2,2,3UUA.B,B,B,PASS,,P03372,"[""X-RAY DIFFRACTION""]",2.05,2.05,0.2313,0.2313,311,547,237,1.0,NEAR_COMPLETE_LBD,,False,NR3A1,ERα,Steroid hormone receptors
3UUC,3UUC_1,1,3UUC.D,D,D,PASS,,P03372,"[""X-RAY DIFFRACTION""]",2.1,2.1,0.2548,0.2548,311,547,237,1.0,NEAR_COMPLETE_LBD,,False,NR3A1,ERα,Steroid hormone receptors
3UUC,3UUC_1,1,3UUC.C,C,C,PASS,,P03372,"[""X-RAY DIFFRACTION""]",2.1,2.1,0.2548,0.2548,311,547,237,1.0,NEAR_COMPLETE_LBD,,False,NR3A1,ERα,Steroid hormone receptors
3UUC,3UUC_1,1,3UUC.B,B,B,PASS,,P03372,"[""X-RAY DIFFRACTION""]",2.1,2.1,0.2548,0.2548,311,547,237,1.0,NEAR_COMPLETE_LBD,,False,NR3A1,ERα,Steroid hormone receptors
3UUC,3UUC_1,1,3UUC.A,A,A,PASS,,P03372,"[""X-RAY DIFFRACTION""]",2.1,2.1,0.2548,0.2548,311,547,237,1.0,NEAR_COMPLETE_LBD,,False,NR3A1,ERα,Steroid hormone receptors
3UUD,3UUD_1,1,3UUD.A,A,A,PASS,,P03372,"[""X-RAY DIFFRACTION""]",1.6,1.6,0.1948,0.1948,311,547,237,1.0,NEAR_COMPLETE_LBD,,False,NR3A1,ERα,Steroid hormone receptors
3UUD,3UUD_2,2,3UUD.B,B,B,PASS,,P03372,"[""X-RAY DIFFRACTION""]",1.6,1.6,0.1948,0.1948,311,547,237,1.0,NEAR_COMPLETE_LBD,,False,NR3A1,ERα,Steroid hormone receptors
3UVV,3UVV_2,2,3UVV.B,B,B,PASS,,P19793,"[""X-RAY DIFFRACTION""]",2.95,2.95,0.25,0.25,227,458,232,1.0,NEAR_COMPLETE_LBD,,False,NR2B1,RXRα,Nutritional sensors
3V3E,3V3E_1,1,3V3E.B,B,A,PASS,,P22736,"[""X-RAY DIFFRACTION""]",2.06,2.06,0.265,0.265,360,595,236,1.0,NEAR_COMPLETE_LBD,,False,NR4A1,NUR77,Nutritional sensors
3V3E,3V3E_1,1,3V3E.A,A,B,PASS,,P22736,"[""X-RAY DIFFRACTION""]",2.06,2.06,0.265,0.265,360,595,236,1.0,NEAR_COMPLETE_LBD,,False,NR4A1,NUR77,Nutritional sensors
3V3Q,3V3Q_1,1,3V3Q.B,B,B,PASS,,P22736,"[""X-RAY DIFFRACTION""]",2.22,2.22,0.2862,0.2862,360,595,236,1.0,NEAR_COMPLETE_LBD,,False,NR4A1,NUR77,Nutritional sensors
3V3Q,3V3Q_1,1,3V3Q.A,A,A,PASS,,P22736,"[""X-RAY DIFFRACTION""]",2.22,2.22,0.2862,0.2862,360,595,236,1.0,NEAR_COMPLETE_LBD,,False,NR4A1,NUR77,Nutritional sensors
3V49,3V49_1,1,3V49.A,A,A,PASS,,P10275,"[""X-RAY DIFFRACTION""]",1.7,1.7,,,669,900,232,1.0,NEAR_COMPLETE_LBD,,False,NR3C4,AR,Steroid hormone receptors
3V49,3V49_2,2,3V49.B,B,B,PASS,,P10275,"[""X-RAY DIFFRACTION""]",1.7,1.7,,,669,900,0,0.0,NO_LBD_OVERLAP,,False,NR3C4,AR,Steroid hormone receptors
3V4A,3V4A_1,1,3V4A.A,A,A,PASS,,P10275,"[""X-RAY DIFFRACTION""]",1.95,1.95,,,669,900,229,0.987069,NEAR_COMPLETE_LBD,,False,NR3C4,AR,Steroid hormone receptors
3V4A,3V4A_2,2,3V4A.B,B,B,PASS,,P10275,"[""X-RAY DIFFRACTION""]",1.95,1.95,,,669,900,0,0.0,NO_LBD_OVERLAP,,False,NR3C4,AR,Steroid hormone receptors
3V9T,3V9T_1,1,3V9T.A,A,A,PASS,,P37231,"[""X-RAY DIFFRACTION""]",1.65,1.65,0.21878,0.21878,238,503,266,1.0,NEAR_COMPLETE_LBD,,False,NR1C3,PPARγ,Nutritional sensors
3V9V,3V9V_1,1,3V9V.A,A,A,PASS,,P37231,"[""X-RAY DIFFRACTION""]",1.6,1.6,0.24403,0.24403,238,503,266,1.0,NEAR_COMPLETE_LBD,,False,NR1C3,PPARγ,Nutritional sensors
3V9Y,3V9Y_1,1,3V9Y.A,A,A,PASS,,P37231,"[""X-RAY DIFFRACTION""]",2.1,2.1,0.252,0.252,238,503,266,1.0,NEAR_COMPLETE_LBD,,False,NR1C3,PPARγ,Nutritional sensors
3VHU,3VHU_1,1,3VHU.A,A,A,PASS,,P08235,"[""X-RAY DIFFRACTION""]",2.11,2.11,0.24571,0.24571,726,964,239,1.0,NEAR_COMPLETE_LBD,,False,NR3C2,MR,Steroid hormone receptors
3VHV,3VHV_1,1,3VHV.A,A,A,PASS,,P08235,"[""X-RAY DIFFRACTION""]",1.35,1.35,0.16735,0.16735,726,964,238,0.995816,NEAR_COMPLETE_LBD,,False,NR3C2,MR,Steroid hormone receptors
3VHW,3VHW_1,1,3VHW.A,A,A,PASS,,P11473,"[""X-RAY DIFFRACTION""]",2.43,2.43,0.24696,0.24696,127,423,250,0.841751,SUBSTANTIAL_LBD,,False,NR1I1,VDR,Steroid hormone receptors
3VI8,3VI8_1,1,3VI8.A,A,A,PASS,,Q07869,"[""X-RAY DIFFRACTION""]",1.75,1.75,0.249,0.249,239,466,228,1.0,NEAR_COMPLETE_LBD,,False,NR1C1,PPARα,Nutritional sensors
3VJH,3VJH_1,1,3VJH.B,B,B,PASS,,P37231,"[""X-RAY DIFFRACTION""]",2.22,2.22,0.24689,0.24689,238,503,266,1.0,NEAR_COMPLETE_LBD,,False,NR1C3,PPARγ,Nutritional sensors
3VJH,3VJH_1,1,3VJH.A,A,A,PASS,,P37231,"[""X-RAY DIFFRACTION""]",2.22,2.22,0.24689,0.24689,238,503,266,1.0,NEAR_COMPLETE_LBD,,False,NR1C3,PPARγ,Nutritional sensors
3VJI,3VJI_1,1,3VJI.B,B,B,PASS,,P37231,"[""X-RAY DIFFRACTION""]",2.61,2.61,0.27967,0.27967,238,503,266,1.0,NEAR_COMPLETE_LBD,,False,NR1C3,PPARγ,Nutritional sensors
3VJI,3VJI_1,1,3VJI.A,A,A,PASS,,P37231,"[""X-RAY DIFFRACTION""]",2.61,2.61,0.27967,0.27967,238,503,266,1.0,NEAR_COMPLETE_LBD,,False,NR1C3,PPARγ,Nutritional sensors
3VN2,3VN2_1,1,3VN2.A,A,A,PASS,,P37231,"[""X-RAY DIFFRACTION""]",2.18,2.18,0.30851,0.30851,238,503,266,1.0,NEAR_COMPLETE_LBD,,False,NR1C3,PPARγ,Nutritional sensors
3VSO,3VSO_1,1,3VSO.B,B,B,PASS,,P37231,"[""X-RAY DIFFRACTION""]",2.0,2.0,0.2567,0.2567,238,503,266,1.0,NEAR_COMPLETE_LBD,,False,NR1C3,PPARγ,Nutritional sensors
3VSO,3VSO_1,1,3VSO.A,A,A,PASS,,P37231,"[""X-RAY DIFFRACTION""]",2.0,2.0,0.2567,0.2567,238,503,266,1.0,NEAR_COMPLETE_LBD,,False,NR1C3,PPARγ,Nutritional sensors
3VSP,3VSP_1,1,3VSP.B,B,B,PASS,,P37231,"[""X-RAY DIFFRACTION""]",2.4,2.4,0.274,0.274,238,503,266,1.0,NEAR_COMPLETE_LBD,,False,NR1C3,PPARγ,Nutritional sensors
3VSP,3VSP_1,1,3VSP.A,A,A,PASS,,P37231,"[""X-RAY DIFFRACTION""]",2.4,2.4,0.274,0.274,238,503,266,1.0,NEAR_COMPLETE_LBD,,False,NR1C3,PPARγ,Nutritional sensors
3W0A,3W0A_1,1,3W0A.A,A,A,PASS,,P11473,"[""X-RAY DIFFRACTION""]",1.8,1.8,0.2357,0.2357,127,423,246,0.828283,SUBSTANTIAL_LBD,,False,NR1I1,VDR,Steroid hormone receptors
3W0C,3W0C_1,1,3W0C.A,A,A,PASS,,P11473,"[""X-RAY DIFFRACTION""]",1.9,1.9,0.235,0.235,127,423,246,0.828283,SUBSTANTIAL_LBD,,False,NR1I1,VDR,Steroid hormone receptors
3W0Y,3W0Y_1,1,3W0Y.A,A,A,PASS,,P11473,"[""X-RAY DIFFRACTION""]",1.98,1.98,0.218,0.218,127,423,246,0.828283,SUBSTANTIAL_LBD,,False,NR1I1,VDR,Steroid hormone receptors
3WFF,3WFF_1,1,3WFF.A,A,A,PASS,,P08235,"[""X-RAY DIFFRACTION""]",2.05,2.05,0.2156,0.2156,726,964,239,1.0,NEAR_COMPLETE_LBD,,False,NR3C2,MR,Steroid hormone receptors
3WFG,3WFG_1,1,3WFG.A,A,A,PASS,,P08235,"[""X-RAY DIFFRACTION""]",1.4,1.4,0.1791,0.1791,726,964,239,1.0,NEAR_COMPLETE_LBD,,False,NR3C2,MR,Steroid hormone receptors
3WGP,3WGP_1,1,3WGP.A,A,A,PASS,,P11473,"[""X-RAY DIFFRACTION""]",2.0,2.0,0.2066,0.2066,127,423,246,0.828283,SUBSTANTIAL_LBD,,False,NR1I1,VDR,Steroid hormone receptors
3WJ4,3WJ4_1,1,3WJ4.B,B,B,PASS,,P37231,"[""X-RAY DIFFRACTION""]",1.95,1.95,0.24122,0.24122,238,503,266,1.0,NEAR_COMPLETE_LBD,,False,NR1C3,PPARγ,Nutritional sensors
3WJ4,3WJ4_1,1,3WJ4.A,A,A,PASS,,P37231,"[""X-RAY DIFFRACTION""]",1.95,1.95,0.24122,0.24122,238,503,266,1.0,NEAR_COMPLETE_LBD,,False,NR1C3,PPARγ,Nutritional sensors
3WJ5,3WJ5_1,1,3WJ5.B,B,B,PASS,,P37231,"[""X-RAY DIFFRACTION""]",1.89,1.89,0.24741,0.24741,238,503,266,1.0,NEAR_COMPLETE_LBD,,False,NR1C3,PPARγ,Nutritional sensors
3WJ5,3WJ5_1,1,3WJ5.A,A,A,PASS,,P37231,"[""X-RAY DIFFRACTION""]",1.89,1.89,0.24741,0.24741,238,503,266,1.0,NEAR_COMPLETE_LBD,,False,NR1C3,PPARγ,Nutritional sensors
3WMH,3WMH_1,1,3WMH.B,B,B,PASS,,P37231,"[""X-RAY DIFFRACTION""]",2.1,2.1,0.2575,0.2575,238,503,266,1.0,NEAR_COMPLETE_LBD,,False,NR1C3,PPARγ,Nutritional sensors
3WMH,3WMH_1,1,3WMH.A,A,A,PASS,,P37231,"[""X-RAY DIFFRACTION""]",2.1,2.1,0.2575,0.2575,238,503,266,1.0,NEAR_COMPLETE_LBD,,False,NR1C3,PPARγ,Nutritional sensors
3WWR,3WWR_1,1,3WWR.A,A,A,PASS,,P11473,"[""X-RAY DIFFRACTION""]",3.18,3.18,0.2906,0.2906,127,423,250,0.841751,SUBSTANTIAL_LBD,,False,NR1I1,VDR,Steroid hormone receptors
3X1H,3X1H_1,1,3X1H.B,B,B,PASS,,P37231,"[""X-RAY DIFFRACTION""]",2.3,2.3,0.26636,0.26636,238,503,266,1.0,NEAR_COMPLETE_LBD,,False,NR1C3,PPARγ,Nutritional sensors
3X1H,3X1H_1,1,3X1H.A,A,A,PASS,,P37231,"[""X-RAY DIFFRACTION""]",2.3,2.3,0.26636,0.26636,238,503,266,1.0,NEAR_COMPLETE_LBD,,False,NR1C3,PPARγ,Nutritional sensors
3X1I,3X1I_1,1,3X1I.B,B,B,PASS,,P37231,"[""X-RAY DIFFRACTION""]",2.4,2.4,0.27878,0.27878,238,503,266,1.0,NEAR_COMPLETE_LBD,,False,NR1C3,PPARγ,Nutritional sensors
3X1I,3X1I_1,1,3X1I.A,A,A,PASS,,P37231,"[""X-RAY DIFFRACTION""]",2.4,2.4,0.27878,0.27878,238,503,266,1.0,NEAR_COMPLETE_LBD,,False,NR1C3,PPARγ,Nutritional sensors
3X31,3X31_1,1,3X31.A,A,A,PASS,,P11473,"[""X-RAY DIFFRACTION""]",2.11,2.11,0.29857,0.29857,127,423,250,0.841751,SUBSTANTIAL_LBD,,False,NR1I1,VDR,Steroid hormone receptors
3X36,3X36_1,1,3X36.A,A,A,PASS,,P11473,"[""X-RAY DIFFRACTION""]",1.93,1.93,0.22129,0.22129,127,423,250,0.841751,SUBSTANTIAL_LBD,,False,NR1I1,VDR,Steroid hormone receptors
3ZQT,3ZQT_1,1,3ZQT.A,A,A,PASS,,P10275,"[""X-RAY DIFFRACTION""]",2.29,2.29,0.3067,0.3067,669,900,232,1.0,NEAR_COMPLETE_LBD,EXPLAINED,False,NR3C4,AR,Steroid hormone receptors
3ZR7,3ZR7_1,1,3ZR7.B,B,B,PASS,,P06401,"[""X-RAY DIFFRACTION""]",1.65,1.65,0.19176,0.19176,679,913,235,1.0,NEAR_COMPLETE_LBD,,False,NR3C3,PR,Steroid hormone receptors
3ZR7,3ZR7_1,1,3ZR7.A,A,A,PASS,,P06401,"[""X-RAY DIFFRACTION""]",1.65,1.65,0.19176,0.19176,679,913,235,1.0,NEAR_COMPLETE_LBD,,False,NR3C3,PR,Steroid hormone receptors
3ZRA,3ZRA_1,1,3ZRA.B,B,B,PASS,,P06401,"[""X-RAY DIFFRACTION""]",1.9,1.9,0.24844,0.24844,679,913,235,1.0,NEAR_COMPLETE_LBD,,False,NR3C3,PR,Steroid hormone receptors
3ZRA,3ZRA_1,1,3ZRA.A,A,A,PASS,,P06401,"[""X-RAY DIFFRACTION""]",1.9,1.9,0.24844,0.24844,679,913,235,1.0,NEAR_COMPLETE_LBD,,False,NR3C3,PR,Steroid hormone receptors
3ZRB,3ZRB_1,1,3ZRB.B,B,B,PASS,,P06401,"[""X-RAY DIFFRACTION""]",1.8,1.8,0.2207,0.2207,679,913,235,1.0,NEAR_COMPLETE_LBD,,False,NR3C3,PR,Steroid hormone receptors
3ZRB,3ZRB_1,1,3ZRB.A,A,A,PASS,,P06401,"[""X-RAY DIFFRACTION""]",1.8,1.8,0.2207,0.2207,679,913,235,1.0,NEAR_COMPLETE_LBD,,False,NR3C3,PR,Steroid hormone receptors
4A2J,4A2J_1,1,4A2J.B,B,B,PASS,,P06401,"[""X-RAY DIFFRACTION""]",2.0,2.0,0.25118,0.25118,679,913,235,1.0,NEAR_COMPLETE_LBD,,False,NR3C3,PR,Steroid hormone receptors
4A2J,4A2J_1,1,4A2J.A,A,A,PASS,,P06401,"[""X-RAY DIFFRACTION""]",2.0,2.0,0.25118,0.25118,679,913,235,1.0,NEAR_COMPLETE_LBD,,False,NR3C3,PR,Steroid hormone receptors
4A4V,4A4V_1,1,4A4V.B,B,B,PASS,,P37231,"[""X-RAY DIFFRACTION""]",2.0,2.0,0.25907,0.25907,238,503,266,1.0,NEAR_COMPLETE_LBD,,False,NR1C3,PPARγ,Nutritional sensors
4A4V,4A4V_1,1,4A4V.A,A,A,PASS,,P37231,"[""X-RAY DIFFRACTION""]",2.0,2.0,0.25907,0.25907,238,503,266,1.0,NEAR_COMPLETE_LBD,,False,NR1C3,PPARγ,Nutritional sensors
4A4W,4A4W_1,1,4A4W.B,B,B,PASS,,P37231,"[""X-RAY DIFFRACTION""]",2.0,2.0,0.23436,0.23436,238,503,266,1.0,NEAR_COMPLETE_LBD,,False,NR1C3,PPARγ,Nutritional sensors
4A4W,4A4W_1,1,4A4W.A,A,A,PASS,,P37231,"[""X-RAY DIFFRACTION""]",2.0,2.0,0.23436,0.23436,238,503,266,1.0,NEAR_COMPLETE_LBD,,False,NR1C3,PPARγ,Nutritional sensors
4AA6,4AA6_1,1,4AA6.F,F,F,PASS,,P03372,"[""X-RAY DIFFRACTION""]",2.6,2.6,,,311,547,0,0.0,NO_LBD_OVERLAP,,False,NR3A1,ERα,Steroid hormone receptors
4AA6,4AA6_1,1,4AA6.E,E,E,PASS,,P03372,"[""X-RAY DIFFRACTION""]",2.6,2.6,,,311,547,0,0.0,NO_LBD_OVERLAP,,False,NR3A1,ERα,Steroid hormone receptors
4AA6,4AA6_1,1,4AA6.B,B,B,PASS,,P03372,"[""X-RAY DIFFRACTION""]",2.6,2.6,,,311,547,0,0.0,NO_LBD_OVERLAP,,False,NR3A1,ERα,Steroid hormone receptors
4AA6,4AA6_1,1,4AA6.A,A,A,PASS,,P03372,"[""X-RAY DIFFRACTION""]",2.6,2.6,,,311,547,0,0.0,NO_LBD_OVERLAP,,False,NR3A1,ERα,Steroid hormone receptors
4APU,4APU_1,1,4APU.B,B,B,PASS,,P06401,"[""X-RAY DIFFRACTION""]",1.9,1.9,0.2516,0.2516,679,913,235,1.0,NEAR_COMPLETE_LBD,,False,NR3C3,PR,Steroid hormone receptors
4APU,4APU_1,1,4APU.A,A,A,PASS,,P06401,"[""X-RAY DIFFRACTION""]",1.9,1.9,0.2516,0.2516,679,913,235,1.0,NEAR_COMPLETE_LBD,,False,NR3C3,PR,Steroid hormone receptors
4B7W,4B7W_1,1,4B7W.D,D,D,PASS,,P41235,"[""X-RAY DIFFRACTION""]",4.0,4.0,0.2798,0.2798,147,377,231,1.0,NEAR_COMPLETE_LBD,,False,NR2A1,HNF4α,Nutritional sensors
4B7W,4B7W_1,1,4B7W.C,C,C,PASS,,P41235,"[""X-RAY DIFFRACTION""]",4.0,4.0,0.2798,0.2798,147,377,231,1.0,NEAR_COMPLETE_LBD,,False,NR2A1,HNF4α,Nutritional sensors
4B7W,4B7W_1,1,4B7W.B,B,B,PASS,,P41235,"[""X-RAY DIFFRACTION""]",4.0,4.0,0.2798,0.2798,147,377,231,1.0,NEAR_COMPLETE_LBD,,False,NR2A1,HNF4α,Nutritional sensors
4B7W,4B7W_1,1,4B7W.A,A,A,PASS,,P41235,"[""X-RAY DIFFRACTION""]",4.0,4.0,0.2798,0.2798,147,377,231,1.0,NEAR_COMPLETE_LBD,,False,NR2A1,HNF4α,Nutritional sensors
4BCR,4BCR_1,1,4BCR.B,B,B,PASS,,Q07869,"[""X-RAY DIFFRACTION""]",2.497,2.497,0.2157,0.2157,239,466,228,1.0,NEAR_COMPLETE_LBD,,False,NR1C1,PPARα,Nutritional sensors
4BCR,4BCR_1,1,4BCR.A,A,A,PASS,,Q07869,"[""X-RAY DIFFRACTION""]",2.497,2.497,0.2157,0.2157,239,466,228,1.0,NEAR_COMPLETE_LBD,,False,NR1C1,PPARα,Nutritional sensors
4CI4,4CI4_1,1,4CI4.A,A,A,PASS,,Q07869,"[""X-RAY DIFFRACTION""]",2.302,2.302,0.2579,0.2579,239,466,228,1.0,NEAR_COMPLETE_LBD,,False,NR1C1,PPARα,Nutritional sensors
4CI5,4CI5_1,1,4CI5.B,B,B,PASS,,P37231,"[""X-RAY DIFFRACTION""]",1.77,1.77,0.2125,0.2125,238,503,266,1.0,NEAR_COMPLETE_LBD,,False,NR1C3,PPARγ,Nutritional sensors
4CI5,4CI5_1,1,4CI5.A,A,A,PASS,,P37231,"[""X-RAY DIFFRACTION""]",1.77,1.77,0.2125,0.2125,238,503,266,1.0,NEAR_COMPLETE_LBD,,False,NR1C3,PPARγ,Nutritional sensors
4CN2,4CN2_3,3,4CN2.D,D,D,PASS,,P19793,"[""X-RAY DIFFRACTION""]",2.069,2.069,0.2142,0.2142,227,458,0,0.0,NO_LBD_OVERLAP,,False,NR2B1,RXRα,Nutritional sensors
4CN2,4CN2_3,3,4CN2.C,C,C,PASS,,P19793,"[""X-RAY DIFFRACTION""]",2.069,2.069,0.2142,0.2142,227,458,0,0.0,NO_LBD_OVERLAP,,False,NR2B1,RXRα,Nutritional sensors
4CN3,4CN3_1,1,4CN3.C,C,C,PASS,,P19793,"[""X-RAY DIFFRACTION""]",2.35,2.35,0.2493,0.2493,227,458,0,0.0,NO_LBD_OVERLAP,,False,NR2B1,RXRα,Nutritional sensors
4CN3,4CN3_1,1,4CN3.B,B,B,PASS,,P19793,"[""X-RAY DIFFRACTION""]",2.35,2.35,0.2493,0.2493,227,458,0,0.0,NO_LBD_OVERLAP,,False,NR2B1,RXRα,Nutritional sensors
4CN3,4CN3_1,1,4CN3.A,A,A,PASS,,P19793,"[""X-RAY DIFFRACTION""]",2.35,2.35,0.2493,0.2493,227,458,0,0.0,NO_LBD_OVERLAP,,False,NR2B1,RXRα,Nutritional sensors
4CN3,4CN3_2,2,4CN3.D,D,D,PASS,,P19793,"[""X-RAY DIFFRACTION""]",2.35,2.35,0.2493,0.2493,227,458,0,0.0,NO_LBD_OVERLAP,,False,NR2B1,RXRα,Nutritional sensors
4CN5,4CN5_1,1,4CN5.B,B,B,PASS,,P19793,"[""X-RAY DIFFRACTION""]",2.0,2.0,0.227,0.227,227,458,0,0.0,NO_LBD_OVERLAP,,False,NR2B1,RXRα,Nutritional sensors
4CN5,4CN5_1,1,4CN5.A,A,A,PASS,,P19793,"[""X-RAY DIFFRACTION""]",2.0,2.0,0.227,0.227,227,458,0,0.0,NO_LBD_OVERLAP,,False,NR2B1,RXRα,Nutritional sensors
4CN7,4CN7_1,1,4CN7.F,F,F,PASS,,P19793,"[""X-RAY DIFFRACTION""]",2.34,2.34,0.2093,0.2093,227,458,0,0.0,NO_LBD_OVERLAP,,False,NR2B1,RXRα,Nutritional sensors
4CN7,4CN7_1,1,4CN7.E,E,E,PASS,,P19793,"[""X-RAY DIFFRACTION""]",2.34,2.34,0.2093,0.2093,227,458,0,0.0,NO_LBD_OVERLAP,,False,NR2B1,RXRα,Nutritional sensors
4CN7,4CN7_1,1,4CN7.B,B,B,PASS,,P19793,"[""X-RAY DIFFRACTION""]",2.34,2.34,0.2093,0.2093,227,458,0,0.0,NO_LBD_OVERLAP,,False,NR2B1,RXRα,Nutritional sensors
4CN7,4CN7_1,1,4CN7.A,A,A,PASS,,P19793,"[""X-RAY DIFFRACTION""]",2.34,2.34,0.2093,0.2093,227,458,0,0.0,NO_LBD_OVERLAP,,False,NR2B1,RXRα,Nutritional sensors
4CSJ,4CSJ_1,1,4CSJ.A,A,A,PASS,,P04150,"[""X-RAY DIFFRACTION""]",2.3,2.3,0.2338,0.2338,524,758,235,1.0,NEAR_COMPLETE_LBD,,False,NR3C1,GR,Steroid hormone receptors
4DK7,4DK7_1,1,4DK7.C,C,C,PASS,,P55055,"[""X-RAY DIFFRACTION""]",2.45,2.45,0.27,0.27,222,460,239,1.0,NEAR_COMPLETE_LBD,,False,NR1H2,LXRβ,Nutritional sensors
4DK7,4DK7_1,1,4DK7.A,A,A,PASS,,P55055,"[""X-RAY DIFFRACTION""]",2.45,2.45,0.27,0.27,222,460,239,1.0,NEAR_COMPLETE_LBD,,False,NR1H2,LXRβ,Nutritional sensors
4DK8,4DK8_1,1,4DK8.C,C,C,PASS,,P55055,"[""X-RAY DIFFRACTION""]",2.75,2.75,0.278,0.278,222,460,239,1.0,NEAR_COMPLETE_LBD,,False,NR1H2,LXRβ,Nutritional sensors
4DK8,4DK8_1,1,4DK8.A,A,A,PASS,,P55055,"[""X-RAY DIFFRACTION""]",2.75,2.75,0.278,0.278,222,460,239,1.0,NEAR_COMPLETE_LBD,,False,NR1H2,LXRβ,Nutritional sensors
4DM6,4DM6_1,1,4DM6.B,B,B,PASS,,P10826,"[""X-RAY DIFFRACTION""]",1.9,1.9,0.239,0.239,183,417,235,1.0,NEAR_COMPLETE_LBD,,False,NR1B2,RARβ,Steroid hormone receptors
4DM6,4DM6_1,1,4DM6.A,A,A,PASS,,P10826,"[""X-RAY DIFFRACTION""]",1.9,1.9,0.239,0.239,183,417,235,1.0,NEAR_COMPLETE_LBD,,False,NR1B2,RARβ,Steroid hormone receptors
4DM8,4DM8_1,1,4DM8.B,B,B,PASS,,P10826,"[""X-RAY DIFFRACTION""]",2.3,2.3,0.277,0.277,183,417,235,1.0,NEAR_COMPLETE_LBD,,False,NR1B2,RARβ,Steroid hormone receptors
4DM8,4DM8_1,1,4DM8.A,A,A,PASS,,P10826,"[""X-RAY DIFFRACTION""]",2.3,2.3,0.277,0.277,183,417,235,1.0,NEAR_COMPLETE_LBD,,False,NR1B2,RARβ,Steroid hormone receptors
4DMA,4DMA_1,1,4DMA.B,B,B,PASS,,P03372,"[""X-RAY DIFFRACTION""]",2.3,2.3,0.251,0.251,311,547,237,1.0,NEAR_COMPLETE_LBD,,False,NR3A1,ERα,Steroid hormone receptors
4DMA,4DMA_1,1,4DMA.A,A,A,PASS,,P03372,"[""X-RAY DIFFRACTION""]",2.3,2.3,0.251,0.251,311,547,237,1.0,NEAR_COMPLETE_LBD,,False,NR3A1,ERα,Steroid hormone receptors
4DOR,4DOR_1,1,4DOR.B,B,B,PASS,,O00482,"[""X-RAY DIFFRACTION""]",1.9,1.9,0.2196,0.2196,300,539,240,1.0,NEAR_COMPLETE_LBD,,False,NR5A2,LRH-1,Nutritional sensors
4DOR,4DOR_1,1,4DOR.A,A,A,PASS,,O00482,"[""X-RAY DIFFRACTION""]",1.9,1.9,0.2196,0.2196,300,539,240,1.0,NEAR_COMPLETE_LBD,,False,NR5A2,LRH-1,Nutritional sensors
4DOR,4DOR_2,2,4DOR.D,D,D,PASS,,Q15466,"[""X-RAY DIFFRACTION""]",1.9,1.9,0.2196,0.2196,16,257,13,0.053719,TRACE_LBD,,False,NR0B2,SHP,Orphan receptors
4DOR,4DOR_2,2,4DOR.C,C,C,PASS,,Q15466,"[""X-RAY DIFFRACTION""]",1.9,1.9,0.2196,0.2196,16,257,13,0.053719,TRACE_LBD,,False,NR0B2,SHP,Orphan receptors
4DOS,4DOS_1,1,4DOS.A,A,A,PASS,,O00482,"[""X-RAY DIFFRACTION""]",2.0,2.0,0.2378,0.2378,300,539,239,0.995833,NEAR_COMPLETE_LBD,,False,NR5A2,LRH-1,Nutritional sensors
4DQM,4DQM_1,1,4DQM.C,C,C,PASS,,P10276,"[""X-RAY DIFFRACTION""]",2.75,2.75,0.2594,0.2594,183,417,233,0.991489,NEAR_COMPLETE_LBD,,False,NR1B1,RARα,Steroid hormone receptors
4DQM,4DQM_1,1,4DQM.A,A,A,PASS,,P10276,"[""X-RAY DIFFRACTION""]",2.75,2.75,0.2594,0.2594,183,417,233,0.991489,NEAR_COMPLETE_LBD,,False,NR1B1,RARα,Steroid hormone receptors
4E4K,4E4K_1,1,4E4K.B,B,B,PASS,,P37231,"[""X-RAY DIFFRACTION""]",2.5,2.5,0.335,0.335,238,503,266,1.0,NEAR_COMPLETE_LBD,,False,NR1C3,PPARγ,Nutritional sensors
4E4K,4E4K_1,1,4E4K.A,A,A,PASS,,P37231,"[""X-RAY DIFFRACTION""]",2.5,2.5,0.335,0.335,238,503,266,1.0,NEAR_COMPLETE_LBD,,False,NR1C3,PPARγ,Nutritional sensors
4E4Q,4E4Q_1,1,4E4Q.B,B,B,PASS,,P37231,"[""X-RAY DIFFRACTION""]",2.5,2.5,0.298,0.298,238,503,266,1.0,NEAR_COMPLETE_LBD,,False,NR1C3,PPARγ,Nutritional sensors
4E4Q,4E4Q_1,1,4E4Q.A,A,A,PASS,,P37231,"[""X-RAY DIFFRACTION""]",2.5,2.5,0.298,0.298,238,503,266,1.0,NEAR_COMPLETE_LBD,,False,NR1C3,PPARγ,Nutritional sensors
4EM9,4EM9_1,1,4EM9.B,B,B,PASS,,P37231,"[""X-RAY DIFFRACTION""]",2.1,2.1,0.2351,0.2351,238,503,266,1.0,NEAR_COMPLETE_LBD,,False,NR1C3,PPARγ,Nutritional sensors
4EM9,4EM9_1,1,4EM9.A,A,A,PASS,,P37231,"[""X-RAY DIFFRACTION""]",2.1,2.1,0.2351,0.2351,238,503,266,1.0,NEAR_COMPLETE_LBD,,False,NR1C3,PPARγ,Nutritional sensors
4EMA,4EMA_1,1,4EMA.B,B,B,PASS,,P37231,"[""X-RAY DIFFRACTION""]",2.545,2.545,0.2247,0.2247,238,503,266,1.0,NEAR_COMPLETE_LBD,,False,NR1C3,PPARγ,Nutritional sensors
4EMA,4EMA_1,1,4EMA.A,A,A,PASS,,P37231,"[""X-RAY DIFFRACTION""]",2.545,2.545,0.2247,0.2247,238,503,266,1.0,NEAR_COMPLETE_LBD,,False,NR1C3,PPARγ,Nutritional sensors
4F9M,4F9M_1,1,4F9M.A,A,A,PASS,,P37231,"[""X-RAY DIFFRACTION""]",1.9,1.9,0.254,0.254,238,503,266,1.0,NEAR_COMPLETE_LBD,,False,NR1C3,PPARγ,Nutritional sensors
4FGY,4FGY_1,1,4FGY.A,A,A,PASS,,P37231,"[""X-RAY DIFFRACTION""]",2.84,2.84,0.28537,0.28537,238,503,266,1.0,NEAR_COMPLETE_LBD,,False,NR1C3,PPARγ,Nutritional sensors
4G2I,4G2I_1,1,4G2I.A,A,A,PASS,,P11473,"[""X-RAY DIFFRACTION""]",1.8,1.8,0.223,0.223,127,423,250,0.841751,SUBSTANTIAL_LBD,,False,NR1I1,VDR,Steroid hormone receptors
4HEE,4HEE_1,1,4HEE.A,A,X,PASS,,P37231,"[""X-RAY DIFFRACTION""]",2.5,2.5,0.2578,0.2578,238,503,266,1.0,NEAR_COMPLETE_LBD,,False,NR1C3,PPARγ,Nutritional sensors
4HLW,4HLW_1,1,4HLW.A,A,A,PASS,,P10275,"[""X-RAY DIFFRACTION""]",2.5,2.5,0.2388,0.2388,669,900,232,1.0,NEAR_COMPLETE_LBD,,False,NR3C4,AR,Steroid hormone receptors
4HN5,4HN5_1,1,4HN5.D,D,B,PASS,,P04150,"[""X-RAY DIFFRACTION""]",1.902,1.902,0.2346,0.2346,524,758,0,0.0,NO_LBD_OVERLAP,,False,NR3C1,GR,Steroid hormone receptors
4HN5,4HN5_1,1,4HN5.A,A,A,PASS,,P04150,"[""X-RAY DIFFRACTION""]",1.902,1.902,0.2346,0.2346,524,758,0,0.0,NO_LBD_OVERLAP,,False,NR3C1,GR,Steroid hormone receptors
4HN6,4HN6_1,1,4HN6.D,D,B,PASS,,P04150,"[""X-RAY DIFFRACTION""]",2.549,2.549,0.2478,0.2478,524,758,0,0.0,NO_LBD_OVERLAP,,False,NR3C1,GR,Steroid hormone receptors
4HN6,4HN6_1,1,4HN6.A,A,A,PASS,,P04150,"[""X-RAY DIFFRACTION""]",2.549,2.549,0.2478,0.2478,524,758,0,0.0,NO_LBD_OVERLAP,,False,NR3C1,GR,Steroid hormone receptors
4IQR,4IQR_1,1,4IQR.F,F,F,PASS,,P41235,"[""X-RAY DIFFRACTION""]",2.9,2.9,0.278,0.278,147,377,231,1.0,NEAR_COMPLETE_LBD,,False,NR2A1,HNF4α,Nutritional sensors
4IQR,4IQR_1,1,4IQR.E,E,E,PASS,,P41235,"[""X-RAY DIFFRACTION""]",2.9,2.9,0.278,0.278,147,377,231,1.0,NEAR_COMPLETE_LBD,,False,NR2A1,HNF4α,Nutritional sensors
4IQR,4IQR_1,1,4IQR.B,B,B,PASS,,P41235,"[""X-RAY DIFFRACTION""]",2.9,2.9,0.278,0.278,147,377,231,1.0,NEAR_COMPLETE_LBD,,False,NR2A1,HNF4α,Nutritional sensors
4IQR,4IQR_1,1,4IQR.A,A,A,PASS,,P41235,"[""X-RAY DIFFRACTION""]",2.9,2.9,0.278,0.278,147,377,231,1.0,NEAR_COMPLETE_LBD,,False,NR2A1,HNF4α,Nutritional sensors
4IS8,4IS8_1,1,4IS8.B,B,B,PASS,,O00482,"[""X-RAY DIFFRACTION""]",2.78,2.78,0.257,0.257,300,539,239,0.995833,NEAR_COMPLETE_LBD,,False,NR5A2,LRH-1,Nutritional sensors
4IS8,4IS8_1,1,4IS8.A,A,A,PASS,,O00482,"[""X-RAY DIFFRACTION""]",2.78,2.78,0.257,0.257,300,539,239,0.995833,NEAR_COMPLETE_LBD,,False,NR5A2,LRH-1,Nutritional sensors
4ITE,4ITE_1,1,4ITE.A,A,A,PASS,,P11473,"[""X-RAY DIFFRACTION""]",2.49,2.49,0.24836,0.24836,127,423,250,0.841751,SUBSTANTIAL_LBD,,False,NR1I1,VDR,Steroid hormone receptors
4ITF,4ITF_1,1,4ITF.A,A,A,PASS,,P11473,"[""X-RAY DIFFRACTION""]",2.84,2.84,0.25486,0.25486,127,423,250,0.841751,SUBSTANTIAL_LBD,,False,NR1I1,VDR,Steroid hormone receptors
4IU7,4IU7_1,1,4IU7.B,B,B,PASS,,P03372,"[""X-RAY DIFFRACTION""]",2.29,2.29,0.2367,0.2367,311,547,237,1.0,NEAR_COMPLETE_LBD,,False,NR3A1,ERα,Steroid hormone receptors
4IU7,4IU7_1,1,4IU7.A,A,A,PASS,,P03372,"[""X-RAY DIFFRACTION""]",2.29,2.29,0.2367,0.2367,311,547,237,1.0,NEAR_COMPLETE_LBD,,False,NR3A1,ERα,Steroid hormone receptors
4IUI,4IUI_1,1,4IUI.C,C,B,PASS,,P03372,"[""X-RAY DIFFRACTION""]",2.3,2.3,0.3121,0.3121,311,547,237,1.0,NEAR_COMPLETE_LBD,,False,NR3A1,ERα,Steroid hormone receptors
4IUI,4IUI_1,1,4IUI.A,A,A,PASS,,P03372,"[""X-RAY DIFFRACTION""]",2.3,2.3,0.3121,0.3121,311,547,237,1.0,NEAR_COMPLETE_LBD,,False,NR3A1,ERα,Steroid hormone receptors
4IV2,4IV2_1,1,4IV2.B,B,B,PASS,,P03372,"[""X-RAY DIFFRACTION""]",2.14,2.14,0.2256,0.2256,311,547,237,1.0,NEAR_COMPLETE_LBD,,False,NR3A1,ERα,Steroid hormone receptors
4IV2,4IV2_1,1,4IV2.A,A,A,PASS,,P03372,"[""X-RAY DIFFRACTION""]",2.14,2.14,0.2256,0.2256,311,547,237,1.0,NEAR_COMPLETE_LBD,,False,NR3A1,ERα,Steroid hormone receptors
4IV4,4IV4_1,1,4IV4.B,B,B,PASS,,P03372,"[""X-RAY DIFFRACTION""]",2.3,2.3,0.2369,0.2369,311,547,237,1.0,NEAR_COMPLETE_LBD,,False,NR3A1,ERα,Steroid hormone receptors
4IV4,4IV4_1,1,4IV4.A,A,A,PASS,,P03372,"[""X-RAY DIFFRACTION""]",2.3,2.3,0.2369,0.2369,311,547,237,1.0,NEAR_COMPLETE_LBD,,False,NR3A1,ERα,Steroid hormone receptors
4IVW,4IVW_1,1,4IVW.C,C,B,PASS,,P03372,"[""X-RAY DIFFRACTION""]",2.06,2.06,0.2295,0.2295,311,547,237,1.0,NEAR_COMPLETE_LBD,,False,NR3A1,ERα,Steroid hormone receptors
4IVW,4IVW_1,1,4IVW.A,A,A,PASS,,P03372,"[""X-RAY DIFFRACTION""]",2.06,2.06,0.2295,0.2295,311,547,237,1.0,NEAR_COMPLETE_LBD,,False,NR3A1,ERα,Steroid hormone receptors
4IVY,4IVY_1,1,4IVY.C,C,B,PASS,,P03372,"[""X-RAY DIFFRACTION""]",1.95,1.95,0.2322,0.2322,311,547,237,1.0,NEAR_COMPLETE_LBD,,False,NR3A1,ERα,Steroid hormone receptors
4IVY,4IVY_1,1,4IVY.A,A,A,PASS,,P03372,"[""X-RAY DIFFRACTION""]",1.95,1.95,0.2322,0.2322,311,547,237,1.0,NEAR_COMPLETE_LBD,,False,NR3A1,ERα,Steroid hormone receptors
4IW6,4IW6_1,1,4IW6.C,C,B,PASS,,P03372,"[""X-RAY DIFFRACTION""]",1.98,1.98,0.2268,0.2268,311,547,237,1.0,NEAR_COMPLETE_LBD,,False,NR3A1,ERα,Steroid hormone receptors
4IW6,4IW6_1,1,4IW6.A,A,A,PASS,,P03372,"[""X-RAY DIFFRACTION""]",1.98,1.98,0.2268,0.2268,311,547,237,1.0,NEAR_COMPLETE_LBD,,False,NR3A1,ERα,Steroid hormone receptors
4IW8,4IW8_1,1,4IW8.D,D,B,PASS,,P03372,"[""X-RAY DIFFRACTION""]",2.0375,2.0375,0.2468,0.2468,311,547,237,1.0,NEAR_COMPLETE_LBD,,False,NR3A1,ERα,Steroid hormone receptors
4IW8,4IW8_1,1,4IW8.A,A,A,PASS,,P03372,"[""X-RAY DIFFRACTION""]",2.0375,2.0375,0.2468,0.2468,311,547,237,1.0,NEAR_COMPLETE_LBD,,False,NR3A1,ERα,Steroid hormone receptors
4IWC,4IWC_1,1,4IWC.B,B,B,PASS,,P03372,"[""X-RAY DIFFRACTION""]",2.24,2.24,0.2267,0.2267,311,547,237,1.0,NEAR_COMPLETE_LBD,,False,NR3A1,ERα,Steroid hormone receptors
4IWC,4IWC_1,1,4IWC.A,A,A,PASS,,P03372,"[""X-RAY DIFFRACTION""]",2.24,2.24,0.2267,0.2267,311,547,237,1.0,NEAR_COMPLETE_LBD,,False,NR3A1,ERα,Steroid hormone receptors
4IWF,4IWF_1,1,4IWF.B,B,B,PASS,,P03372,"[""X-RAY DIFFRACTION""]",1.932,1.932,0.2086,0.2086,311,547,237,1.0,NEAR_COMPLETE_LBD,,False,NR3A1,ERα,Steroid hormone receptors
4IWF,4IWF_1,1,4IWF.A,A,A,PASS,,P03372,"[""X-RAY DIFFRACTION""]",1.932,1.932,0.2086,0.2086,311,547,237,1.0,NEAR_COMPLETE_LBD,,False,NR3A1,ERα,Steroid hormone receptors
4J24,4J24_1,1,4J24.D,D,D,PASS,,Q92731,"[""X-RAY DIFFRACTION""]",2.1,2.1,0.22385,0.22385,264,498,235,1.0,NEAR_COMPLETE_LBD,,False,NR3A2,ERβ,Steroid hormone receptors
4J24,4J24_1,1,4J24.C,C,C,PASS,,Q92731,"[""X-RAY DIFFRACTION""]",2.1,2.1,0.22385,0.22385,264,498,235,1.0,NEAR_COMPLETE_LBD,,False,NR3A2,ERβ,Steroid hormone receptors
4J24,4J24_1,1,4J24.B,B,B,PASS,,Q92731,"[""X-RAY DIFFRACTION""]",2.1,2.1,0.22385,0.22385,264,498,235,1.0,NEAR_COMPLETE_LBD,,False,NR3A2,ERβ,Steroid hormone receptors
4J24,4J24_1,1,4J24.A,A,A,PASS,,Q92731,"[""X-RAY DIFFRACTION""]",2.1,2.1,0.22385,0.22385,264,498,235,1.0,NEAR_COMPLETE_LBD,,False,NR3A2,ERβ,Steroid hormone receptors
4J26,4J26_1,1,4J26.C,C,B,PASS,,Q92731,"[""X-RAY DIFFRACTION""]",2.3,2.3,0.24197,0.24197,264,498,235,1.0,NEAR_COMPLETE_LBD,,False,NR3A2,ERβ,Steroid hormone receptors
4J26,4J26_1,1,4J26.A,A,A,PASS,,Q92731,"[""X-RAY DIFFRACTION""]",2.3,2.3,0.24197,0.24197,264,498,235,1.0,NEAR_COMPLETE_LBD,,False,NR3A2,ERβ,Steroid hormone receptors
4J5W,4J5W_1,1,4J5W.B,B,B,PASS,,O75469,"[""X-RAY DIFFRACTION""]",2.8,2.8,0.2981,0.2981,146,433,288,1.0,NEAR_COMPLETE_LBD,,False,NR1I2,PXR,Nutritional sensors
4J5W,4J5W_1,1,4J5W.A,A,A,PASS,,O75469,"[""X-RAY DIFFRACTION""]",2.8,2.8,0.2981,0.2981,146,433,288,1.0,NEAR_COMPLETE_LBD,,False,NR1I2,PXR,Nutritional sensors
4J5W,4J5W_2,2,4J5W.D,D,D,PASS,,P19793,"[""X-RAY DIFFRACTION""]",2.8,2.8,0.2981,0.2981,227,458,232,1.0,NEAR_COMPLETE_LBD,,False,NR2B1,RXRα,Nutritional sensors
4J5W,4J5W_2,2,4J5W.C,C,C,PASS,,P19793,"[""X-RAY DIFFRACTION""]",2.8,2.8,0.2981,0.2981,227,458,232,1.0,NEAR_COMPLETE_LBD,,False,NR2B1,RXRα,Nutritional sensors
4J5X,4J5X_1,1,4J5X.B,B,C,PASS,,P19793,"[""X-RAY DIFFRACTION""]",2.8,2.8,0.2977,0.2977,227,458,232,1.0,NEAR_COMPLETE_LBD,,True,NR2B1,RXRα,Nutritional sensors
4J5X,4J5X_1,1,4J5X.A,A,D,PASS,,P19793,"[""X-RAY DIFFRACTION""]",2.8,2.8,0.2977,0.2977,227,458,232,1.0,NEAR_COMPLETE_LBD,,True,NR2B1,RXRα,Nutritional sensors
4J5X,4J5X_2,2,4J5X.D,D,B,PASS,,O75469,"[""X-RAY DIFFRACTION""]",2.8,2.8,0.2977,0.2977,146,433,288,1.0,NEAR_COMPLETE_LBD,,True,NR1I2,PXR,Nutritional sensors
4J5X,4J5X_2,2,4J5X.C,C,A,PASS,,O75469,"[""X-RAY DIFFRACTION""]",2.8,2.8,0.2977,0.2977,146,433,288,1.0,NEAR_COMPLETE_LBD,,True,NR1I2,PXR,Nutritional sensors
4JAZ,4JAZ_1,1,4JAZ.B,B,B,PASS,,P37231,"[""X-RAY DIFFRACTION""]",2.85,2.85,0.2635,0.2635,238,503,266,1.0,NEAR_COMPLETE_LBD,,False,NR1C3,PPARγ,Nutritional sensors
4JAZ,4JAZ_1,1,4JAZ.A,A,A,PASS,,P37231,"[""X-RAY DIFFRACTION""]",2.85,2.85,0.2635,0.2635,238,503,266,1.0,NEAR_COMPLETE_LBD,,False,NR1C3,PPARγ,Nutritional sensors
4JC3,4JC3_2,2,4JC3.B,B,B,PASS,,P03372,"[""X-RAY DIFFRACTION""]",2.05,2.05,0.23512,0.23512,311,547,0,0.0,NO_LBD_OVERLAP,,False,NR3A1,ERα,Steroid hormone receptors
4JDD,4JDD_2,2,4JDD.B,B,B,PASS,,P03372,"[""X-RAY DIFFRACTION""]",2.1,2.1,0.2316,0.2316,311,547,0,0.0,NO_LBD_OVERLAP,,False,NR3A1,ERα,Steroid hormone receptors
4JGV,4JGV_1,1,4JGV.B,B,B,PASS,,P22736,"[""X-RAY DIFFRACTION""]",3.01,3.01,0.25587,0.25587,360,595,236,1.0,NEAR_COMPLETE_LBD,,False,NR4A1,NUR77,Nutritional sensors
4JGV,4JGV_1,1,4JGV.A,A,A,PASS,,P22736,"[""X-RAY DIFFRACTION""]",3.01,3.01,0.25587,0.25587,360,595,236,1.0,NEAR_COMPLETE_LBD,,False,NR4A1,NUR77,Nutritional sensors
4JL4,4JL4_1,1,4JL4.B,B,B,PASS,,P37231,"[""X-RAY DIFFRACTION""]",2.5,2.5,0.2871,0.2871,238,503,266,1.0,NEAR_COMPLETE_LBD,,False,NR1C3,PPARγ,Nutritional sensors
4JL4,4JL4_1,1,4JL4.A,A,A,PASS,,P37231,"[""X-RAY DIFFRACTION""]",2.5,2.5,0.2871,0.2871,238,503,266,1.0,NEAR_COMPLETE_LBD,,False,NR1C3,PPARγ,Nutritional sensors
4JYG,4JYG_1,1,4JYG.B,B,B,PASS,,P10826,"[""X-RAY DIFFRACTION""]",2.35,2.35,0.257,0.257,183,417,235,1.0,NEAR_COMPLETE_LBD,,False,NR1B2,RARβ,Steroid hormone receptors
4JYG,4JYG_1,1,4JYG.A,A,A,PASS,,P10826,"[""X-RAY DIFFRACTION""]",2.35,2.35,0.257,0.257,183,417,235,1.0,NEAR_COMPLETE_LBD,,False,NR1B2,RARβ,Steroid hormone receptors
4JYH,4JYH_1,1,4JYH.B,B,B,PASS,,P10826,"[""X-RAY DIFFRACTION""]",2.6,2.6,0.2672,0.2672,183,417,235,1.0,NEAR_COMPLETE_LBD,,False,NR1B2,RARβ,Steroid hormone receptors
4JYH,4JYH_1,1,4JYH.A,A,A,PASS,,P10826,"[""X-RAY DIFFRACTION""]",2.6,2.6,0.2672,0.2672,183,417,235,1.0,NEAR_COMPLETE_LBD,,False,NR1B2,RARβ,Steroid hormone receptors
4JYI,4JYI_1,1,4JYI.B,B,B,PASS,,P10826,"[""X-RAY DIFFRACTION""]",1.9,1.9,0.2272,0.2272,183,417,235,1.0,NEAR_COMPLETE_LBD,,False,NR1B2,RARβ,Steroid hormone receptors
4JYI,4JYI_1,1,4JYI.A,A,A,PASS,,P10826,"[""X-RAY DIFFRACTION""]",1.9,1.9,0.2272,0.2272,183,417,235,1.0,NEAR_COMPLETE_LBD,,False,NR1B2,RARβ,Steroid hormone receptors
4K4J,4K4J_1,1,4K4J.A,A,A,PASS,,P19793,"[""X-RAY DIFFRACTION""]",2.0,2.0,0.283,0.283,227,458,231,0.99569,NEAR_COMPLETE_LBD,,False,NR2B1,RXRα,Nutritional sensors
4K6I,4K6I_1,1,4K6I.A,A,A,PASS,,P19793,"[""X-RAY DIFFRACTION""]",2.1,2.1,0.288,0.288,227,458,231,0.99569,NEAR_COMPLETE_LBD,,False,NR2B1,RXRα,Nutritional sensors
4K7A,4K7A_1,1,4K7A.A,A,A,PASS,,P10275,"[""X-RAY DIFFRACTION""]",2.44,2.44,0.26788,0.26788,669,900,230,0.991379,NEAR_COMPLETE_LBD,,False,NR3C4,AR,Steroid hormone receptors
4KZI,4KZI_1,1,4KZI.B,B,A,PASS,,P22736,"[""X-RAY DIFFRACTION""]",2.41,2.41,0.2486,0.2486,360,595,236,1.0,NEAR_COMPLETE_LBD,,False,NR4A1,NUR77,Nutritional sensors
4KZI,4KZI_1,1,4KZI.A,A,B,PASS,,P22736,"[""X-RAY DIFFRACTION""]",2.41,2.41,0.2486,0.2486,360,595,236,1.0,NEAR_COMPLETE_LBD,,False,NR4A1,NUR77,Nutritional sensors
4KZJ,4KZJ_1,1,4KZJ.B,B,A,PASS,,P22736,"[""X-RAY DIFFRACTION""]",2.12,2.12,0.2504,0.2504,360,595,236,1.0,NEAR_COMPLETE_LBD,,False,NR4A1,NUR77,Nutritional sensors
4KZJ,4KZJ_1,1,4KZJ.A,A,B,PASS,,P22736,"[""X-RAY DIFFRACTION""]",2.12,2.12,0.2504,0.2504,360,595,236,1.0,NEAR_COMPLETE_LBD,,False,NR4A1,NUR77,Nutritional sensors
4KZM,4KZM_1,1,4KZM.B,B,A,PASS,,P22736,"[""X-RAY DIFFRACTION""]",2.3,2.3,0.2481,0.2481,360,595,236,1.0,NEAR_COMPLETE_LBD,,False,NR4A1,NUR77,Nutritional sensors
4KZM,4KZM_1,1,4KZM.A,A,B,PASS,,P22736,"[""X-RAY DIFFRACTION""]",2.3,2.3,0.2481,0.2481,360,595,236,1.0,NEAR_COMPLETE_LBD,,False,NR4A1,NUR77,Nutritional sensors
4L96,4L96_1,1,4L96.A,A,A,PASS,,P37231,"[""X-RAY DIFFRACTION""]",2.38,2.38,0.22585,0.22585,238,503,266,1.0,NEAR_COMPLETE_LBD,,False,NR1C3,PPARγ,Nutritional sensors
4L98,4L98_1,1,4L98.B,B,B,PASS,,P37231,"[""X-RAY DIFFRACTION""]",2.28,2.28,0.2576,0.2576,238,503,266,1.0,NEAR_COMPLETE_LBD,,False,NR1C3,PPARγ,Nutritional sensors
4L98,4L98_1,1,4L98.A,A,A,PASS,,P37231,"[""X-RAY DIFFRACTION""]",2.28,2.28,0.2576,0.2576,238,503,266,1.0,NEAR_COMPLETE_LBD,,False,NR1C3,PPARγ,Nutritional sensors
4LBD,4LBD_1,1,4LBD.A,A,A,PASS,,P13631,"[""X-RAY DIFFRACTION""]",2.5,2.5,0.285,0.285,185,419,235,1.0,NEAR_COMPLETE_LBD,,False,NR1B3,RARγ,Steroid hormone receptors
4LNW,4LNW_1,1,4LNW.A,A,A,PASS,,P10827,"[""X-RAY DIFFRACTION""]",1.9,1.9,0.184,0.184,163,407,208,0.84898,SUBSTANTIAL_LBD,,False,NR1A1,TRα,Steroid hormone receptors
4LNX,4LNX_1,1,4LNX.A,A,A,PASS,,P10827,"[""X-RAY DIFFRACTION""]",2.05,2.05,0.177,0.177,163,407,208,0.84898,SUBSTANTIAL_LBD,,False,NR1A1,TRα,Steroid hormone receptors
4LOG,4LOG_1,1,4LOG.B,B,B,PASS,,Q9Y5X4,"[""X-RAY DIFFRACTION""]",2.7,2.7,0.30744,0.30744,169,410,194,0.801653,SUBSTANTIAL_LBD,,True,NR2E3,PNR,Orphan receptors
4LOG,4LOG_1,1,4LOG.A,A,A,PASS,,Q9Y5X4,"[""X-RAY DIFFRACTION""]",2.7,2.7,0.30744,0.30744,169,410,194,0.801653,SUBSTANTIAL_LBD,,True,NR2E3,PNR,Orphan receptors
4LSJ,4LSJ_1,1,4LSJ.A,A,A,PASS,,P04150,"[""X-RAY DIFFRACTION""]",2.35,2.35,0.2358,0.2358,524,758,235,1.0,NEAR_COMPLETE_LBD,,False,NR3C1,GR,Steroid hormone receptors
4M8E,4M8E_1,1,4M8E.A,A,A,PASS,,P19793,"[""X-RAY DIFFRACTION""]",2.4,2.4,0.2468,0.2468,227,458,231,0.99569,NEAR_COMPLETE_LBD,,False,NR2B1,RXRα,Nutritional sensors
4M8H,4M8H_1,1,4M8H.A,A,A,PASS,,P19793,"[""X-RAY DIFFRACTION""]",2.2,2.2,0.265,0.265,227,458,231,0.99569,NEAR_COMPLETE_LBD,,False,NR2B1,RXRα,Nutritional sensors
4MDD,4MDD_1,1,4MDD.B,B,B,PASS,,P04150,"[""X-RAY DIFFRACTION""]",2.4,2.4,0.2584,0.2584,524,758,235,1.0,NEAR_COMPLETE_LBD,,False,NR3C1,GR,Steroid hormone receptors
4MDD,4MDD_1,1,4MDD.A,A,A,PASS,,P04150,"[""X-RAY DIFFRACTION""]",2.4,2.4,0.2584,0.2584,524,758,235,1.0,NEAR_COMPLETE_LBD,,False,NR3C1,GR,Steroid hormone receptors
4MG5,4MG5_1,1,4MG5.B,B,B,PASS,,P03372,"[""X-RAY DIFFRACTION""]",2.05,2.05,0.2278,0.2278,311,547,237,1.0,NEAR_COMPLETE_LBD,,False,NR3A1,ERα,Steroid hormone receptors
4MG5,4MG5_1,1,4MG5.A,A,A,PASS,,P03372,"[""X-RAY DIFFRACTION""]",2.05,2.05,0.2278,0.2278,311,547,237,1.0,NEAR_COMPLETE_LBD,,False,NR3A1,ERα,Steroid hormone receptors
4MG6,4MG6_1,1,4MG6.B,B,B,PASS,,P03372,"[""X-RAY DIFFRACTION""]",2.1,2.1,0.2298,0.2298,311,547,237,1.0,NEAR_COMPLETE_LBD,,False,NR3A1,ERα,Steroid hormone receptors
4MG6,4MG6_1,1,4MG6.A,A,A,PASS,,P03372,"[""X-RAY DIFFRACTION""]",2.1,2.1,0.2298,0.2298,311,547,237,1.0,NEAR_COMPLETE_LBD,,False,NR3A1,ERα,Steroid hormone receptors
4MG7,4MG7_1,1,4MG7.A,A,A,PASS,,P03372,"[""X-RAY DIFFRACTION""]",2.15,2.15,0.2298,0.2298,311,547,237,1.0,NEAR_COMPLETE_LBD,,False,NR3A1,ERα,Steroid hormone receptors
4MG7,4MG7_2,2,4MG7.B,B,B,PASS,,P03372,"[""X-RAY DIFFRACTION""]",2.15,2.15,0.2298,0.2298,311,547,237,1.0,NEAR_COMPLETE_LBD,,False,NR3A1,ERα,Steroid hormone receptors
4MG8,4MG8_1,1,4MG8.A,A,A,PASS,,P03372,"[""X-RAY DIFFRACTION""]",1.85,1.85,0.2127,0.2127,311,547,237,1.0,NEAR_COMPLETE_LBD,,False,NR3A1,ERα,Steroid hormone receptors
4MG8,4MG8_2,2,4MG8.B,B,B,PASS,,P03372,"[""X-RAY DIFFRACTION""]",1.85,1.85,0.2127,0.2127,311,547,237,1.0,NEAR_COMPLETE_LBD,,False,NR3A1,ERα,Steroid hormone receptors
4MG9,4MG9_1,1,4MG9.A,A,A,PASS,,P03372,"[""X-RAY DIFFRACTION""]",2.0,2.0,0.2369,0.2369,311,547,237,1.0,NEAR_COMPLETE_LBD,,False,NR3A1,ERα,Steroid hormone receptors
4MG9,4MG9_2,2,4MG9.B,B,B,PASS,,P03372,"[""X-RAY DIFFRACTION""]",2.0,2.0,0.2369,0.2369,311,547,237,1.0,NEAR_COMPLETE_LBD,,False,NR3A1,ERα,Steroid hormone receptors
4MGA,4MGA_1,1,4MGA.A,A,A,PASS,,P03372,"[""X-RAY DIFFRACTION""]",1.8,1.8,0.2221,0.2221,311,547,237,1.0,NEAR_COMPLETE_LBD,,False,NR3A1,ERα,Steroid hormone receptors
4MGA,4MGA_2,2,4MGA.B,B,B,PASS,,P03372,"[""X-RAY DIFFRACTION""]",1.8,1.8,0.2221,0.2221,311,547,237,1.0,NEAR_COMPLETE_LBD,,False,NR3A1,ERα,Steroid hormone receptors
4MGB,4MGB_1,1,4MGB.A,A,A,PASS,,P03372,"[""X-RAY DIFFRACTION""]",1.85,1.85,0.2499,0.2499,311,547,237,1.0,NEAR_COMPLETE_LBD,,False,NR3A1,ERα,Steroid hormone receptors
4MGB,4MGB_2,2,4MGB.B,B,B,PASS,,P03372,"[""X-RAY DIFFRACTION""]",1.85,1.85,0.2499,0.2499,311,547,237,1.0,NEAR_COMPLETE_LBD,,False,NR3A1,ERα,Steroid hormone receptors
4MGC,4MGC_1,1,4MGC.B,B,B,PASS,,P03372,"[""X-RAY DIFFRACTION""]",2.15,2.15,0.2405,0.2405,311,547,237,1.0,NEAR_COMPLETE_LBD,,False,NR3A1,ERα,Steroid hormone receptors
4MGC,4MGC_1,1,4MGC.A,A,A,PASS,,P03372,"[""X-RAY DIFFRACTION""]",2.15,2.15,0.2405,0.2405,311,547,237,1.0,NEAR_COMPLETE_LBD,,False,NR3A1,ERα,Steroid hormone receptors
4MGD,4MGD_1,1,4MGD.A,A,A,PASS,,P03372,"[""X-RAY DIFFRACTION""]",1.9,1.9,0.2345,0.2345,311,547,237,1.0,NEAR_COMPLETE_LBD,,False,NR3A1,ERα,Steroid hormone receptors
4MGD,4MGD_2,2,4MGD.B,B,B,PASS,,P03372,"[""X-RAY DIFFRACTION""]",1.9,1.9,0.2345,0.2345,311,547,237,1.0,NEAR_COMPLETE_LBD,,False,NR3A1,ERα,Steroid hormone receptors
4N5G,4N5G_1,1,4N5G.D,D,D,PASS,,P19793,"[""X-RAY DIFFRACTION""]",2.11,2.11,0.2468,0.2468,227,458,232,1.0,NEAR_COMPLETE_LBD,,False,NR2B1,RXRα,Nutritional sensors
4N5G,4N5G_1,1,4N5G.C,C,C,PASS,,P19793,"[""X-RAY DIFFRACTION""]",2.11,2.11,0.2468,0.2468,227,458,232,1.0,NEAR_COMPLETE_LBD,,False,NR2B1,RXRα,Nutritional sensors
4N5G,4N5G_1,1,4N5G.B,B,B,PASS,,P19793,"[""X-RAY DIFFRACTION""]",2.11,2.11,0.2468,0.2468,227,458,232,1.0,NEAR_COMPLETE_LBD,,False,NR2B1,RXRα,Nutritional sensors
4N5G,4N5G_1,1,4N5G.A,A,A,PASS,,P19793,"[""X-RAY DIFFRACTION""]",2.11,2.11,0.2468,0.2468,227,458,232,1.0,NEAR_COMPLETE_LBD,,False,NR2B1,RXRα,Nutritional sensors
4N73,4N73_1,1,4N73.A,A,A,PASS,,Q14995,"[""X-RAY DIFFRACTION""]",1.8662,1.8662,0.2541,0.2541,369,579,198,0.938389,SUBSTANTIAL_LBD,,False,NR1D2,Rev-erbβ,Nutritional sensors
4N8R,4N8R_1,1,4N8R.D,D,D,PASS,,P19793,"[""X-RAY DIFFRACTION""]",2.03,2.03,0.2386,0.2386,227,458,232,1.0,NEAR_COMPLETE_LBD,,False,NR2B1,RXRα,Nutritional sensors
4N8R,4N8R_1,1,4N8R.C,C,C,PASS,,P19793,"[""X-RAY DIFFRACTION""]",2.03,2.03,0.2386,0.2386,227,458,232,1.0,NEAR_COMPLETE_LBD,,False,NR2B1,RXRα,Nutritional sensors
4N8R,4N8R_1,1,4N8R.B,B,B,PASS,,P19793,"[""X-RAY DIFFRACTION""]",2.03,2.03,0.2386,0.2386,227,458,232,1.0,NEAR_COMPLETE_LBD,,False,NR2B1,RXRα,Nutritional sensors
4N8R,4N8R_1,1,4N8R.A,A,A,PASS,,P19793,"[""X-RAY DIFFRACTION""]",2.03,2.03,0.2386,0.2386,227,458,232,1.0,NEAR_COMPLETE_LBD,,False,NR2B1,RXRα,Nutritional sensors
4NB6,4NB6_1,1,4NB6.B,B,B,PASS,,P51449,"[""X-RAY DIFFRACTION""]",2.85,2.85,0.27023,0.27023,269,508,239,0.995833,NEAR_COMPLETE_LBD,,False,NR1F3,RORγ,Nutritional sensors
4NB6,4NB6_1,1,4NB6.A,A,A,PASS,,P51449,"[""X-RAY DIFFRACTION""]",2.85,2.85,0.27023,0.27023,269,508,239,0.995833,NEAR_COMPLETE_LBD,,False,NR1F3,RORγ,Nutritional sensors
4NIE,4NIE_1,1,4NIE.B,B,B,PASS,,P51449,"[""X-RAY DIFFRACTION""]",2.01,2.01,0.24677,0.24677,269,508,240,1.0,NEAR_COMPLETE_LBD,,False,NR1F3,RORγ,Nutritional sensors
4NIE,4NIE_1,1,4NIE.A,A,A,PASS,,P51449,"[""X-RAY DIFFRACTION""]",2.01,2.01,0.24677,0.24677,269,508,240,1.0,NEAR_COMPLETE_LBD,,False,NR1F3,RORγ,Nutritional sensors
4NQA,4NQA_1,1,4NQA.G,G,H,PASS,,P19793,"[""X-RAY DIFFRACTION""]",3.102,3.102,0.2178,0.2178,227,458,232,1.0,NEAR_COMPLETE_LBD,,False,NR2B1,RXRα,Nutritional sensors
4NQA,4NQA_1,1,4NQA.A,A,A,PASS,,P19793,"[""X-RAY DIFFRACTION""]",3.102,3.102,0.2178,0.2178,227,458,232,1.0,NEAR_COMPLETE_LBD,,False,NR2B1,RXRα,Nutritional sensors
4NQA,4NQA_2,2,4NQA.H,H,I,PASS,,P55055,"[""X-RAY DIFFRACTION""]",3.102,3.102,0.2178,0.2178,222,460,239,1.0,NEAR_COMPLETE_LBD,,False,NR1H2,LXRβ,Nutritional sensors
4NQA,4NQA_2,2,4NQA.B,B,B,PASS,,P55055,"[""X-RAY DIFFRACTION""]",3.102,3.102,0.2178,0.2178,222,460,239,1.0,NEAR_COMPLETE_LBD,,False,NR1H2,LXRβ,Nutritional sensors
4NY9,4NY9_1,1,4NY9.A,A,A,PASS,,O75469,"[""X-RAY DIFFRACTION""]",2.8,2.8,0.2982,0.2982,146,433,286,0.993056,NEAR_COMPLETE_LBD,,False,NR1I2,PXR,Nutritional sensors
4O6F,4O6F_2,2,4O6F.B,B,B,PASS,,P03372,"[""X-RAY DIFFRACTION""]",2.822,2.822,0.2355,0.2355,311,547,0,0.0,NO_LBD_OVERLAP,,False,NR3A1,ERα,Steroid hormone receptors
4O8F,4O8F_1,1,4O8F.B,B,B,PASS,,P37231,"[""X-RAY DIFFRACTION""]",2.6,2.6,0.2971,0.2971,238,503,266,1.0,NEAR_COMPLETE_LBD,,False,NR1C3,PPARγ,Nutritional sensors
4O8F,4O8F_1,1,4O8F.A,A,A,PASS,,P37231,"[""X-RAY DIFFRACTION""]",2.6,2.6,0.2971,0.2971,238,503,266,1.0,NEAR_COMPLETE_LBD,,False,NR1C3,PPARγ,Nutritional sensors
4OAR,4OAR_1,1,4OAR.A,A,A,PASS,,P06401,"[""X-RAY DIFFRACTION""]",2.41,2.41,0.2337,0.2337,679,913,235,1.0,NEAR_COMPLETE_LBD,,False,NR3C3,PR,Steroid hormone receptors
4OC7,4OC7_1,1,4OC7.A,A,A,PASS,,P19793,"[""X-RAY DIFFRACTION""]",2.5,2.5,0.2424,0.2424,227,458,232,1.0,NEAR_COMPLETE_LBD,,False,NR2B1,RXRα,Nutritional sensors
4OEA,4OEA_1,1,4OEA.A,A,A,PASS,,P10275,"[""X-RAY DIFFRACTION""]",2.12,2.12,0.26549,0.26549,669,900,230,0.991379,NEAR_COMPLETE_LBD,,False,NR3C4,AR,Steroid hormone receptors
4OED,4OED_1,1,4OED.A,A,A,PASS,,P10275,"[""X-RAY DIFFRACTION""]",2.79,2.79,0.29899,0.29899,669,900,230,0.991379,NEAR_COMPLETE_LBD,,False,NR3C4,AR,Steroid hormone receptors
4OEY,4OEY_1,1,4OEY.A,A,A,PASS,,P10275,"[""X-RAY DIFFRACTION""]",1.83,1.83,0.24921,0.24921,669,900,230,0.991379,NEAR_COMPLETE_LBD,,False,NR3C4,AR,Steroid hormone receptors
4OEZ,4OEZ_1,1,4OEZ.A,A,A,PASS,,P10275,"[""X-RAY DIFFRACTION""]",1.8,1.8,0.258,0.258,669,900,230,0.991379,NEAR_COMPLETE_LBD,,False,NR3C4,AR,Steroid hormone receptors
4OFR,4OFR_1,1,4OFR.A,A,A,PASS,,P10275,"[""X-RAY DIFFRACTION""]",2.26,2.26,0.25093,0.25093,669,900,230,0.991379,NEAR_COMPLETE_LBD,,False,NR3C4,AR,Steroid hormone receptors
4OFU,4OFU_1,1,4OFU.A,A,A,PASS,,P10275,"[""X-RAY DIFFRACTION""]",2.12,2.12,0.2674,0.2674,669,900,230,0.991379,NEAR_COMPLETE_LBD,,False,NR3C4,AR,Steroid hormone receptors
4OGH,4OGH_1,1,4OGH.A,A,A,PASS,,P10275,"[""X-RAY DIFFRACTION""]",2.98,2.98,0.24008,0.24008,669,900,230,0.991379,NEAR_COMPLETE_LBD,,False,NR3C4,AR,Steroid hormone receptors
4OH5,4OH5_1,1,4OH5.A,A,A,PASS,,P10275,"[""X-RAY DIFFRACTION""]",2.0,2.0,0.25726,0.25726,669,900,230,0.991379,NEAR_COMPLETE_LBD,,False,NR3C4,AR,Steroid hormone receptors
4OH6,4OH6_1,1,4OH6.A,A,A,PASS,,P10275,"[""X-RAY DIFFRACTION""]",3.56,3.56,0.26141,0.26141,669,900,230,0.991379,NEAR_COMPLETE_LBD,,False,NR3C4,AR,Steroid hormone receptors
4OHA,4OHA_1,1,4OHA.A,A,A,PASS,,P10275,"[""X-RAY DIFFRACTION""]",1.42,1.42,0.20005,0.20005,669,900,230,0.991379,NEAR_COMPLETE_LBD,,False,NR3C4,AR,Steroid hormone receptors
4OIL,4OIL_1,1,4OIL.A,A,A,PASS,,P10275,"[""X-RAY DIFFRACTION""]",2.51,2.51,0.28485,0.28485,669,900,230,0.991379,NEAR_COMPLETE_LBD,,False,NR3C4,AR,Steroid hormone receptors
4OIU,4OIU_1,1,4OIU.A,A,A,PASS,,P10275,"[""X-RAY DIFFRACTION""]",3.01,3.01,0.33757,0.33757,669,900,230,0.991379,NEAR_COMPLETE_LBD,,False,NR3C4,AR,Steroid hormone receptors
4OIV,4OIV_1,1,4OIV.B,B,B,PASS,,Q96RI1,"[""X-RAY DIFFRACTION""]",1.7,1.7,0.23946,0.23946,262,486,222,0.986667,NEAR_COMPLETE_LBD,,False,NR1H4,FXR,Nutritional sensors
4OIV,4OIV_1,1,4OIV.A,A,A,PASS,,Q96RI1,"[""X-RAY DIFFRACTION""]",1.7,1.7,0.23946,0.23946,262,486,222,0.986667,NEAR_COMPLETE_LBD,,False,NR1H4,FXR,Nutritional sensors
4OJ4,4OJ4_1,1,4OJ4.A,A,A,PASS,,P37231,"[""X-RAY DIFFRACTION""]",2.3,2.3,0.2837,0.2837,238,503,266,1.0,NEAR_COMPLETE_LBD,,False,NR1C3,PPARγ,Nutritional sensors
4OJ9,4OJ9_1,1,4OJ9.A,A,A,PASS,,P10275,"[""X-RAY DIFFRACTION""]",3.31,3.31,0.36224,0.36224,669,900,230,0.991379,NEAR_COMPLETE_LBD,,False,NR3C4,AR,Steroid hormone receptors
4OJB,4OJB_1,1,4OJB.A,A,A,PASS,,P10275,"[""X-RAY DIFFRACTION""]",2.0,2.0,0.24715,0.24715,669,900,230,0.991379,NEAR_COMPLETE_LBD,,False,NR3C4,AR,Steroid hormone receptors
4OK1,4OK1_1,1,4OK1.A,A,A,PASS,,P10275,"[""X-RAY DIFFRACTION""]",2.09,2.09,0.24858,0.24858,669,900,230,0.991379,NEAR_COMPLETE_LBD,,False,NR3C4,AR,Steroid hormone receptors
4OKB,4OKB_1,1,4OKB.A,A,A,PASS,,P10275,"[""X-RAY DIFFRACTION""]",2.95,2.95,0.25962,0.25962,669,900,230,0.991379,NEAR_COMPLETE_LBD,,False,NR3C4,AR,Steroid hormone receptors
4OKT,4OKT_1,1,4OKT.A,A,A,PASS,,P10275,"[""X-RAY DIFFRACTION""]",2.5,2.5,0.2563,0.2563,669,900,230,0.991379,NEAR_COMPLETE_LBD,,False,NR3C4,AR,Steroid hormone receptors
4OKW,4OKW_1,1,4OKW.A,A,A,PASS,,P10275,"[""X-RAY DIFFRACTION""]",2.0,2.0,0.22503,0.22503,669,900,230,0.991379,NEAR_COMPLETE_LBD,,False,NR3C4,AR,Steroid hormone receptors
4OKX,4OKX_1,1,4OKX.A,A,A,PASS,,P10275,"[""X-RAY DIFFRACTION""]",2.1,2.1,0.24769,0.24769,669,900,230,0.991379,NEAR_COMPLETE_LBD,,False,NR3C4,AR,Steroid hormone receptors
4OLM,4OLM_1,1,4OLM.A,A,A,PASS,,P10275,"[""X-RAY DIFFRACTION""]",2.8,2.8,0.31255,0.31255,669,900,230,0.991379,NEAR_COMPLETE_LBD,,False,NR3C4,AR,Steroid hormone receptors
4ONI,4ONI_1,1,4ONI.C,C,B,PASS,,O00482,"[""X-RAY DIFFRACTION""]",1.8,1.8,0.2023,0.2023,300,539,240,1.0,NEAR_COMPLETE_LBD,,False,NR5A2,LRH-1,Nutritional sensors
4ONI,4ONI_1,1,4ONI.A,A,A,PASS,,O00482,"[""X-RAY DIFFRACTION""]",1.8,1.8,0.2023,0.2023,300,539,240,1.0,NEAR_COMPLETE_LBD,,False,NR5A2,LRH-1,Nutritional sensors
4ONI,4ONI_2,2,4ONI.D,D,D,PASS,,Q15466,"[""X-RAY DIFFRACTION""]",1.8,1.8,0.2023,0.2023,16,257,15,0.061983,TRACE_LBD,,False,NR0B2,SHP,Orphan receptors
4ONI,4ONI_2,2,4ONI.B,B,C,PASS,,Q15466,"[""X-RAY DIFFRACTION""]",1.8,1.8,0.2023,0.2023,16,257,15,0.061983,TRACE_LBD,,False,NR0B2,SHP,Orphan receptors
4P6W,4P6W_1,1,4P6W.A,A,A,PASS,,P04150,"[""X-RAY DIFFRACTION""]",1.951,1.951,0.2248,0.2248,524,758,233,0.991489,NEAR_COMPLETE_LBD,,False,NR3C1,GR,Steroid hormone receptors
4P6X,4P6X_1,1,4P6X.K,K,K,PASS,,P04150,"[""X-RAY DIFFRACTION""]",2.5,2.5,0.2755,0.2755,524,758,235,1.0,NEAR_COMPLETE_LBD,,False,NR3C1,GR,Steroid hormone receptors
4P6X,4P6X_1,1,4P6X.I,I,I,PASS,,P04150,"[""X-RAY DIFFRACTION""]",2.5,2.5,0.2755,0.2755,524,758,235,1.0,NEAR_COMPLETE_LBD,,False,NR3C1,GR,Steroid hormone receptors
4P6X,4P6X_1,1,4P6X.G,G,G,PASS,,P04150,"[""X-RAY DIFFRACTION""]",2.5,2.5,0.2755,0.2755,524,758,235,1.0,NEAR_COMPLETE_LBD,,False,NR3C1,GR,Steroid hormone receptors
4P6X,4P6X_1,1,4P6X.E,E,E,PASS,,P04150,"[""X-RAY DIFFRACTION""]",2.5,2.5,0.2755,0.2755,524,758,235,1.0,NEAR_COMPLETE_LBD,,False,NR3C1,GR,Steroid hormone receptors
4P6X,4P6X_1,1,4P6X.C,C,C,PASS,,P04150,"[""X-RAY DIFFRACTION""]",2.5,2.5,0.2755,0.2755,524,758,235,1.0,NEAR_COMPLETE_LBD,,False,NR3C1,GR,Steroid hormone receptors
4P6X,4P6X_1,1,4P6X.A,A,A,PASS,,P04150,"[""X-RAY DIFFRACTION""]",2.5,2.5,0.2755,0.2755,524,758,235,1.0,NEAR_COMPLETE_LBD,,False,NR3C1,GR,Steroid hormone receptors
4PF3,4PF3_1,1,4PF3.A,A,A,PASS,,P08235,"[""X-RAY DIFFRACTION""]",1.1,1.1,0.17683,0.17683,726,964,239,1.0,NEAR_COMPLETE_LBD,,False,NR3C2,MR,Steroid hormone receptors
4PLD,4PLD_1,1,4PLD.A,A,A,PASS,,O00482,"[""X-RAY DIFFRACTION""]",1.75,1.75,0.2245,0.2245,300,539,239,0.995833,NEAR_COMPLETE_LBD,,False,NR5A2,LRH-1,Nutritional sensors
4PLE,4PLE_1,1,4PLE.G,G,G,PASS,,O00482,"[""X-RAY DIFFRACTION""]",1.752,1.752,0.2362,0.2362,300,539,239,0.995833,NEAR_COMPLETE_LBD,,False,NR5A2,LRH-1,Nutritional sensors
4PLE,4PLE_1,1,4PLE.E,E,E,PASS,,O00482,"[""X-RAY DIFFRACTION""]",1.752,1.752,0.2362,0.2362,300,539,239,0.995833,NEAR_COMPLETE_LBD,,False,NR5A2,LRH-1,Nutritional sensors
4PLE,4PLE_1,1,4PLE.C,C,C,PASS,,O00482,"[""X-RAY DIFFRACTION""]",1.752,1.752,0.2362,0.2362,300,539,239,0.995833,NEAR_COMPLETE_LBD,,False,NR5A2,LRH-1,Nutritional sensors
4PLE,4PLE_1,1,4PLE.A,A,A,PASS,,O00482,"[""X-RAY DIFFRACTION""]",1.752,1.752,0.2362,0.2362,300,539,239,0.995833,NEAR_COMPLETE_LBD,,False,NR5A2,LRH-1,Nutritional sensors
4POH,4POH_1,1,4POH.A,A,A,PASS,,P19793,"[""X-RAY DIFFRACTION""]",2.3,2.3,0.265,0.265,227,458,231,0.99569,NEAR_COMPLETE_LBD,,False,NR2B1,RXRα,Nutritional sensors
4POJ,4POJ_1,1,4POJ.A,A,A,PASS,,P19793,"[""X-RAY DIFFRACTION""]",2.0,2.0,0.2614,0.2614,227,458,231,0.99569,NEAR_COMPLETE_LBD,,False,NR2B1,RXRα,Nutritional sensors
4PP3,4PP3_1,1,4PP3.A,A,A,PASS,,P19793,"[""X-RAY DIFFRACTION""]",2.0,2.0,0.275,0.275,227,458,231,0.99569,NEAR_COMPLETE_LBD,,False,NR2B1,RXRα,Nutritional sensors
4PP5,4PP5_1,1,4PP5.A,A,A,PASS,,P19793,"[""X-RAY DIFFRACTION""]",2.0,2.0,0.25,0.25,227,458,231,0.99569,NEAR_COMPLETE_LBD,,False,NR2B1,RXRα,Nutritional sensors
4PP6,4PP6_1,1,4PP6.B,B,B,PASS,,P03372,"[""X-RAY DIFFRACTION""]",2.201,2.201,0.221,0.221,311,547,237,1.0,NEAR_COMPLETE_LBD,,False,NR3A1,ERα,Steroid hormone receptors
4PP6,4PP6_1,1,4PP6.A,A,A,PASS,,P03372,"[""X-RAY DIFFRACTION""]",2.201,2.201,0.221,0.221,311,547,237,1.0,NEAR_COMPLETE_LBD,,False,NR3A1,ERα,Steroid hormone receptors
4PPP,4PPP_1,1,4PPP.B,B,B,PASS,,P03372,"[""X-RAY DIFFRACTION""]",2.686,2.686,0.2474,0.2474,311,547,237,1.0,NEAR_COMPLETE_LBD,,False,NR3A1,ERα,Steroid hormone receptors
4PPP,4PPP_1,1,4PPP.A,A,A,PASS,,P03372,"[""X-RAY DIFFRACTION""]",2.686,2.686,0.2474,0.2474,311,547,237,1.0,NEAR_COMPLETE_LBD,,False,NR3A1,ERα,Steroid hormone receptors
4PPS,4PPS_1,1,4PPS.B,B,B,PASS,,P03372,"[""X-RAY DIFFRACTION""]",1.929,1.929,0.2018,0.2018,311,547,237,1.0,NEAR_COMPLETE_LBD,,False,NR3A1,ERα,Steroid hormone receptors
4PPS,4PPS_1,1,4PPS.A,A,A,PASS,,P03372,"[""X-RAY DIFFRACTION""]",1.929,1.929,0.2018,0.2018,311,547,237,1.0,NEAR_COMPLETE_LBD,,False,NR3A1,ERα,Steroid hormone receptors
4PRG,4PRG_1,1,4PRG.D,D,D,PASS,,P37231,"[""X-RAY DIFFRACTION""]",2.9,2.9,0.283,0.283,238,503,266,1.0,NEAR_COMPLETE_LBD,,False,NR1C3,PPARγ,Nutritional sensors
4PRG,4PRG_1,1,4PRG.C,C,C,PASS,,P37231,"[""X-RAY DIFFRACTION""]",2.9,2.9,0.283,0.283,238,503,266,1.0,NEAR_COMPLETE_LBD,,False,NR1C3,PPARγ,Nutritional sensors
4PRG,4PRG_1,1,4PRG.B,B,B,PASS,,P37231,"[""X-RAY DIFFRACTION""]",2.9,2.9,0.283,0.283,238,503,266,1.0,NEAR_COMPLETE_LBD,,False,NR1C3,PPARγ,Nutritional sensors
4PRG,4PRG_1,1,4PRG.A,A,A,PASS,,P37231,"[""X-RAY DIFFRACTION""]",2.9,2.9,0.283,0.283,238,503,266,1.0,NEAR_COMPLETE_LBD,,False,NR1C3,PPARγ,Nutritional sensors
4PVU,4PVU_1,1,4PVU.B,B,B,PASS,,P37231,"[""X-RAY DIFFRACTION""]",2.6,2.6,0.2506,0.2506,238,503,266,1.0,NEAR_COMPLETE_LBD,,False,NR1C3,PPARγ,Nutritional sensors
4PVU,4PVU_1,1,4PVU.A,A,A,PASS,,P37231,"[""X-RAY DIFFRACTION""]",2.6,2.6,0.2506,0.2506,238,503,266,1.0,NEAR_COMPLETE_LBD,,False,NR1C3,PPARγ,Nutritional sensors
4PWL,4PWL_1,1,4PWL.B,B,B,PASS,,P37231,"[""X-RAY DIFFRACTION""]",2.6,2.6,0.3077,0.3077,238,503,266,1.0,NEAR_COMPLETE_LBD,,False,NR1C3,PPARγ,Nutritional sensors
4PWL,4PWL_1,1,4PWL.A,A,A,PASS,,P37231,"[""X-RAY DIFFRACTION""]",2.6,2.6,0.3077,0.3077,238,503,266,1.0,NEAR_COMPLETE_LBD,,False,NR1C3,PPARγ,Nutritional sensors
4PXM,4PXM_1,1,4PXM.B,B,B,PASS,,P03372,"[""X-RAY DIFFRACTION""]",1.9,1.9,0.21417,0.21417,311,547,237,1.0,NEAR_COMPLETE_LBD,,False,NR3A1,ERα,Steroid hormone receptors
4PXM,4PXM_1,1,4PXM.A,A,A,PASS,,P03372,"[""X-RAY DIFFRACTION""]",1.9,1.9,0.21417,0.21417,311,547,237,1.0,NEAR_COMPLETE_LBD,,False,NR3A1,ERα,Steroid hormone receptors
4Q13,4Q13_1,1,4Q13.B,B,B,PASS,,P03372,"[""X-RAY DIFFRACTION""]",2.24,2.24,0.2492,0.2492,311,547,237,1.0,NEAR_COMPLETE_LBD,,False,NR3A1,ERα,Steroid hormone receptors
4Q13,4Q13_1,1,4Q13.A,A,A,PASS,,P03372,"[""X-RAY DIFFRACTION""]",2.24,2.24,0.2492,0.2492,311,547,237,1.0,NEAR_COMPLETE_LBD,,False,NR3A1,ERα,Steroid hormone receptors
4Q50,4Q50_1,1,4Q50.H,H,H,PASS,,P03372,"[""X-RAY DIFFRACTION""]",3.07,3.07,0.28277,0.28277,311,547,237,1.0,NEAR_COMPLETE_LBD,,False,NR3A1,ERα,Steroid hormone receptors
4Q50,4Q50_1,1,4Q50.G,G,G,PASS,,P03372,"[""X-RAY DIFFRACTION""]",3.07,3.07,0.28277,0.28277,311,547,237,1.0,NEAR_COMPLETE_LBD,,False,NR3A1,ERα,Steroid hormone receptors
4Q50,4Q50_1,1,4Q50.F,F,F,PASS,,P03372,"[""X-RAY DIFFRACTION""]",3.07,3.07,0.28277,0.28277,311,547,237,1.0,NEAR_COMPLETE_LBD,,False,NR3A1,ERα,Steroid hormone receptors
4Q50,4Q50_1,1,4Q50.E,E,E,PASS,,P03372,"[""X-RAY DIFFRACTION""]",3.07,3.07,0.28277,0.28277,311,547,237,1.0,NEAR_COMPLETE_LBD,,False,NR3A1,ERα,Steroid hormone receptors
4Q50,4Q50_1,1,4Q50.D,D,D,PASS,,P03372,"[""X-RAY DIFFRACTION""]",3.07,3.07,0.28277,0.28277,311,547,237,1.0,NEAR_COMPLETE_LBD,,False,NR3A1,ERα,Steroid hormone receptors
4Q50,4Q50_1,1,4Q50.C,C,C,PASS,,P03372,"[""X-RAY DIFFRACTION""]",3.07,3.07,0.28277,0.28277,311,547,237,1.0,NEAR_COMPLETE_LBD,,False,NR3A1,ERα,Steroid hormone receptors
4Q50,4Q50_1,1,4Q50.B,B,B,PASS,,P03372,"[""X-RAY DIFFRACTION""]",3.07,3.07,0.28277,0.28277,311,547,237,1.0,NEAR_COMPLETE_LBD,,False,NR3A1,ERα,Steroid hormone receptors
4Q50,4Q50_1,1,4Q50.A,A,A,PASS,,P03372,"[""X-RAY DIFFRACTION""]",3.07,3.07,0.28277,0.28277,311,547,237,1.0,NEAR_COMPLETE_LBD,,False,NR3A1,ERα,Steroid hormone receptors
4QE8,4QE8_1,1,4QE8.B,B,B,PASS,,Q96RI1,"[""X-RAY DIFFRACTION""]",2.62,2.62,0.273,0.273,262,486,225,1.0,NEAR_COMPLETE_LBD,,False,NR1H4,FXR,Nutritional sensors
4QE8,4QE8_1,1,4QE8.A,A,A,PASS,,Q96RI1,"[""X-RAY DIFFRACTION""]",2.62,2.62,0.273,0.273,262,486,225,1.0,NEAR_COMPLETE_LBD,,False,NR1H4,FXR,Nutritional sensors
4QJR,4QJR_1,1,4QJR.A,A,A,PASS,,Q13285,"[""X-RAY DIFFRACTION""]",2.4,2.4,0.2296,0.2296,222,459,238,1.0,NEAR_COMPLETE_LBD,,False,NR5A1,SF-1,Nutritional sensors
4QK4,4QK4_1,1,4QK4.A,A,A,PASS,,Q13285,"[""X-RAY DIFFRACTION""]",2.81,2.81,0.2408,0.2408,222,459,238,1.0,NEAR_COMPLETE_LBD,,False,NR5A1,SF-1,Nutritional sensors
4QL8,4QL8_1,1,4QL8.A,A,A,PASS,,P10275,"[""X-RAY DIFFRACTION""]",2.1,2.1,0.27502,0.27502,669,900,232,1.0,NEAR_COMPLETE_LBD,,False,NR3C4,AR,Steroid hormone receptors
4QM0,4QM0_1,1,4QM0.B,B,C,PASS,,P51449,"[""X-RAY DIFFRACTION""]",2.195,2.195,0.2287,0.2287,269,508,239,0.995833,NEAR_COMPLETE_LBD,,False,NR1F3,RORγ,Nutritional sensors
4QM0,4QM0_1,1,4QM0.A,A,A,PASS,,P51449,"[""X-RAY DIFFRACTION""]",2.195,2.195,0.2287,0.2287,269,508,239,0.995833,NEAR_COMPLETE_LBD,,False,NR1F3,RORγ,Nutritional sensors
4R06,4R06_1,1,4R06.B,B,B,PASS,,P37231,"[""X-RAY DIFFRACTION""]",2.22,2.22,0.24,0.24,238,503,266,1.0,NEAR_COMPLETE_LBD,,False,NR1C3,PPARγ,Nutritional sensors
4R06,4R06_1,1,4R06.A,A,A,PASS,,P37231,"[""X-RAY DIFFRACTION""]",2.22,2.22,0.24,0.24,238,503,266,1.0,NEAR_COMPLETE_LBD,,False,NR1C3,PPARγ,Nutritional sensors
4R2U,4R2U_1,1,4R2U.B,B,D,PASS,,P37231,"[""X-RAY DIFFRACTION""]",2.3,2.3,0.248,0.248,238,503,266,1.0,NEAR_COMPLETE_LBD,,False,NR1C3,PPARγ,Nutritional sensors
4R2U,4R2U_1,1,4R2U.A,A,A,PASS,,P37231,"[""X-RAY DIFFRACTION""]",2.3,2.3,0.248,0.248,238,503,266,1.0,NEAR_COMPLETE_LBD,,False,NR1C3,PPARγ,Nutritional sensors
4R6S,4R6S_1,1,4R6S.B,B,B,PASS,,P37231,"[""X-RAY DIFFRACTION""]",2.301,2.301,0.2328,0.2328,238,503,266,1.0,NEAR_COMPLETE_LBD,,False,NR1C3,PPARγ,Nutritional sensors
4R6S,4R6S_1,1,4R6S.A,A,A,PASS,,P37231,"[""X-RAY DIFFRACTION""]",2.301,2.301,0.2328,0.2328,238,503,266,1.0,NEAR_COMPLETE_LBD,,False,NR1C3,PPARγ,Nutritional sensors
4RAK,4RAK_1,1,4RAK.B,B,B,PASS,,P55055,"[""X-RAY DIFFRACTION""]",2.04,2.04,0.27068,0.27068,222,460,239,1.0,NEAR_COMPLETE_LBD,,False,NR1H2,LXRβ,Nutritional sensors
4RAK,4RAK_1,1,4RAK.A,A,A,PASS,,P55055,"[""X-RAY DIFFRACTION""]",2.04,2.04,0.27068,0.27068,222,460,239,1.0,NEAR_COMPLETE_LBD,,False,NR1H2,LXRβ,Nutritional sensors
4RE8,4RE8_1,1,4RE8.B,B,A,PASS,,P22736,"[""X-RAY DIFFRACTION""]",2.16,2.16,0.26862,0.26862,360,595,236,1.0,NEAR_COMPLETE_LBD,,False,NR4A1,NUR77,Nutritional sensors
4RE8,4RE8_1,1,4RE8.A,A,B,PASS,,P22736,"[""X-RAY DIFFRACTION""]",2.16,2.16,0.26862,0.26862,360,595,236,1.0,NEAR_COMPLETE_LBD,,False,NR4A1,NUR77,Nutritional sensors
4REE,4REE_1,1,4REE.B,B,A,PASS,,P22736,"[""X-RAY DIFFRACTION""]",2.37,2.37,0.24114,0.24114,360,595,236,1.0,NEAR_COMPLETE_LBD,,False,NR4A1,NUR77,Nutritional sensors
4REE,4REE_1,1,4REE.A,A,B,PASS,,P22736,"[""X-RAY DIFFRACTION""]",2.37,2.37,0.24114,0.24114,360,595,236,1.0,NEAR_COMPLETE_LBD,,False,NR4A1,NUR77,Nutritional sensors
4REF,4REF_1,1,4REF.B,B,A,PASS,,P22736,"[""X-RAY DIFFRACTION""]",2.1,2.1,0.22974,0.22974,360,595,236,1.0,NEAR_COMPLETE_LBD,,False,NR4A1,NUR77,Nutritional sensors
4REF,4REF_1,1,4REF.A,A,B,PASS,,P22736,"[""X-RAY DIFFRACTION""]",2.1,2.1,0.22974,0.22974,360,595,236,1.0,NEAR_COMPLETE_LBD,,False,NR4A1,NUR77,Nutritional sensors
4RFW,4RFW_1,1,4RFW.A,A,A,PASS,,P19793,"[""X-RAY DIFFRACTION""]",2.4,2.4,0.261,0.261,227,458,231,0.99569,NEAR_COMPLETE_LBD,,False,NR2B1,RXRα,Nutritional sensors
4RMC,4RMC_1,1,4RMC.A,A,A,PASS,,P19793,"[""X-RAY DIFFRACTION""]",2.7,2.7,0.265,0.265,227,458,231,0.99569,NEAR_COMPLETE_LBD,,False,NR2B1,RXRα,Nutritional sensors
4RMD,4RMD_1,1,4RMD.A,A,A,PASS,,P19793,"[""X-RAY DIFFRACTION""]",1.9,1.9,0.239,0.239,227,458,231,0.99569,NEAR_COMPLETE_LBD,,False,NR2B1,RXRα,Nutritional sensors
4RME,4RME_1,1,4RME.A,A,A,PASS,,P19793,"[""X-RAY DIFFRACTION""]",2.3,2.3,0.273,0.273,227,458,231,0.99569,NEAR_COMPLETE_LBD,,False,NR2B1,RXRα,Nutritional sensors
4RWV,4RWV_1,1,4RWV.A,A,A,PASS,,O00482,"[""X-RAY DIFFRACTION""]",1.859,1.859,0.21,0.21,300,539,240,1.0,NEAR_COMPLETE_LBD,,False,NR5A2,LRH-1,Nutritional sensors
4RWV,4RWV_2,2,4RWV.B,B,B,PASS,,P51843,"[""X-RAY DIFFRACTION""]",1.859,1.859,0.21,0.21,205,469,0,0.0,NO_LBD_OVERLAP,,False,NR0B1,DAX-1,Orphan receptors
4RZE,4RZE_1,1,4RZE.B,B,A,PASS,,P22736,"[""X-RAY DIFFRACTION""]",2.49,2.49,0.30895,0.30895,360,595,236,1.0,NEAR_COMPLETE_LBD,,False,NR4A1,NUR77,Nutritional sensors
4RZE,4RZE_1,1,4RZE.A,A,B,PASS,,P22736,"[""X-RAY DIFFRACTION""]",2.49,2.49,0.30895,0.30895,360,595,236,1.0,NEAR_COMPLETE_LBD,,False,NR4A1,NUR77,Nutritional sensors
4RZF,4RZF_1,1,4RZF.B,B,A,PASS,,P22736,"[""X-RAY DIFFRACTION""]",1.99,1.99,0.22732,0.22732,360,595,236,1.0,NEAR_COMPLETE_LBD,,False,NR4A1,NUR77,Nutritional sensors
4RZF,4RZF_1,1,4RZF.A,A,B,PASS,,P22736,"[""X-RAY DIFFRACTION""]",1.99,1.99,0.22732,0.22732,360,595,236,1.0,NEAR_COMPLETE_LBD,,False,NR4A1,NUR77,Nutritional sensors
4RZG,4RZG_1,1,4RZG.B,B,A,PASS,,P22736,"[""X-RAY DIFFRACTION""]",2.7,2.7,0.2696,0.2696,360,595,236,1.0,NEAR_COMPLETE_LBD,,False,NR4A1,NUR77,Nutritional sensors
4RZG,4RZG_1,1,4RZG.A,A,B,PASS,,P22736,"[""X-RAY DIFFRACTION""]",2.7,2.7,0.2696,0.2696,360,595,236,1.0,NEAR_COMPLETE_LBD,,False,NR4A1,NUR77,Nutritional sensors
4S0S,4S0S_1,1,4S0S.B,B,B,PASS,,O75469,"[""X-RAY DIFFRACTION""]",2.8,2.8,0.2292,0.2292,146,433,288,1.0,NEAR_COMPLETE_LBD,,False,NR1I2,PXR,Nutritional sensors
4S0S,4S0S_1,1,4S0S.A,A,A,PASS,,O75469,"[""X-RAY DIFFRACTION""]",2.8,2.8,0.2292,0.2292,146,433,288,1.0,NEAR_COMPLETE_LBD,,False,NR1I2,PXR,Nutritional sensors
4S0T,4S0T_1,1,4S0T.B,B,B,PASS,,O75469,"[""X-RAY DIFFRACTION""]",3.14,3.14,0.2475,0.2475,146,433,288,1.0,NEAR_COMPLETE_LBD,,False,NR1I2,PXR,Nutritional sensors
4S0T,4S0T_1,1,4S0T.A,A,A,PASS,,O75469,"[""X-RAY DIFFRACTION""]",3.14,3.14,0.2475,0.2475,146,433,288,1.0,NEAR_COMPLETE_LBD,,False,NR1I2,PXR,Nutritional sensors
4S14,4S14_1,1,4S14.A,A,A,PASS,,P51449,"[""X-RAY DIFFRACTION""]",3.542,3.542,0.2193,0.2193,269,508,240,1.0,NEAR_COMPLETE_LBD,,False,NR1F3,RORγ,Nutritional sensors
4S15,4S15_1,1,4S15.C,C,B,PASS,,P35398,"[""X-RAY DIFFRACTION""]",1.897,1.897,0.2133,0.2133,272,510,239,1.0,NEAR_COMPLETE_LBD,,False,NR1F1,RORα,Nutritional sensors
4S15,4S15_1,1,4S15.A,A,A,PASS,,P35398,"[""X-RAY DIFFRACTION""]",1.897,1.897,0.2133,0.2133,272,510,239,1.0,NEAR_COMPLETE_LBD,,False,NR1F1,RORα,Nutritional sensors
4TNT,4TNT_1,1,4TNT.B,B,B,PASS,,P08235,"[""X-RAY DIFFRACTION""]",2.3938,2.3938,0.2584,0.2584,726,964,0,0.0,NO_LBD_OVERLAP,,False,NR3C2,MR,Steroid hormone receptors
4TNT,4TNT_1,1,4TNT.A,A,A,PASS,,P08235,"[""X-RAY DIFFRACTION""]",2.3938,2.3938,0.2584,0.2584,726,964,0,0.0,NO_LBD_OVERLAP,,False,NR3C2,MR,Steroid hormone receptors
4TUZ,4TUZ_1,1,4TUZ.A,A,A,PASS,,P03372,"[""X-RAY DIFFRACTION""]",1.9,1.9,0.2072,0.2072,311,547,237,1.0,NEAR_COMPLETE_LBD,,False,NR3A1,ERα,Steroid hormone receptors
4TUZ,4TUZ_2,2,4TUZ.B,B,B,PASS,,P03372,"[""X-RAY DIFFRACTION""]",1.9,1.9,0.2072,0.2072,311,547,237,1.0,NEAR_COMPLETE_LBD,,False,NR3A1,ERα,Steroid hormone receptors
4TV1,4TV1_1,1,4TV1.A,A,A,PASS,,P03372,"[""X-RAY DIFFRACTION""]",1.85,1.85,0.2024,0.2024,311,547,237,1.0,NEAR_COMPLETE_LBD,,False,NR3A1,ERα,Steroid hormone receptors
4TV1,4TV1_2,2,4TV1.B,B,B,PASS,,P03372,"[""X-RAY DIFFRACTION""]",1.85,1.85,0.2024,0.2024,311,547,237,1.0,NEAR_COMPLETE_LBD,,False,NR3A1,ERα,Steroid hormone receptors
4UDA,4UDA_1,1,4UDA.A,A,A,PASS,,P08235,"[""X-RAY DIFFRACTION""]",2.03,2.03,0.2401,0.2401,726,964,230,0.962343,NEAR_COMPLETE_LBD,,False,NR3C2,MR,Steroid hormone receptors
4UDB,4UDB_1,1,4UDB.A,A,A,PASS,,P08235,"[""X-RAY DIFFRACTION""]",2.36,2.36,0.2181,0.2181,726,964,230,0.962343,NEAR_COMPLETE_LBD,,False,NR3C2,MR,Steroid hormone receptors
4UDC,4UDC_1,1,4UDC.A,A,A,PASS,,P04150,"[""X-RAY DIFFRACTION""]",2.5,2.5,0.2528,0.2528,524,758,235,1.0,NEAR_COMPLETE_LBD,,False,NR3C1,GR,Steroid hormone receptors
4UDD,4UDD_1,1,4UDD.A,A,A,PASS,,P04150,"[""X-RAY DIFFRACTION""]",1.8,1.8,0.2239,0.2239,524,758,235,1.0,NEAR_COMPLETE_LBD,,False,NR3C1,GR,Steroid hormone receptors
4WHF,4WHF_1,1,4WHF.B,B,A,PASS,,P22736,"[""X-RAY DIFFRACTION""]",2.27,2.27,0.26786,0.26786,360,595,236,1.0,NEAR_COMPLETE_LBD,,False,NR4A1,NUR77,Nutritional sensors
4WHF,4WHF_1,1,4WHF.A,A,B,PASS,,P22736,"[""X-RAY DIFFRACTION""]",2.27,2.27,0.26786,0.26786,360,595,236,1.0,NEAR_COMPLETE_LBD,,False,NR4A1,NUR77,Nutritional sensors
4WHG,4WHG_1,1,4WHG.B,B,A,PASS,,P22736,"[""X-RAY DIFFRACTION""]",2.18,2.18,0.2347,0.2347,360,595,236,1.0,NEAR_COMPLETE_LBD,,False,NR4A1,NUR77,Nutritional sensors
4WHG,4WHG_1,1,4WHG.A,A,B,PASS,,P22736,"[""X-RAY DIFFRACTION""]",2.18,2.18,0.2347,0.2347,360,595,236,1.0,NEAR_COMPLETE_LBD,,False,NR4A1,NUR77,Nutritional sensors
4WLB,4WLB_1,1,4WLB.B,B,B,PASS,,P51449,"[""X-RAY DIFFRACTION""]",1.702,1.702,0.2263,0.2263,269,508,239,0.995833,NEAR_COMPLETE_LBD,,False,NR1F3,RORγ,Nutritional sensors
4WLB,4WLB_1,1,4WLB.A,A,A,PASS,,P51449,"[""X-RAY DIFFRACTION""]",1.702,1.702,0.2263,0.2263,269,508,239,0.995833,NEAR_COMPLETE_LBD,,False,NR1F3,RORγ,Nutritional sensors
4WPF,4WPF_1,1,4WPF.C,C,D,PASS,,P51449,"[""X-RAY DIFFRACTION""]",2.202,2.202,0.2271,0.2271,269,508,240,1.0,NEAR_COMPLETE_LBD,,False,NR1F3,RORγ,Nutritional sensors
4WPF,4WPF_1,1,4WPF.A,A,A,PASS,,P51449,"[""X-RAY DIFFRACTION""]",2.202,2.202,0.2271,0.2271,269,508,240,1.0,NEAR_COMPLETE_LBD,,False,NR1F3,RORγ,Nutritional sensors
4WQP,4WQP_1,1,4WQP.B,B,B,PASS,,P51449,"[""X-RAY DIFFRACTION""]",1.99,1.99,0.18005,0.18005,269,508,239,0.995833,NEAR_COMPLETE_LBD,,False,NR1F3,RORγ,Nutritional sensors
4WQP,4WQP_1,1,4WQP.A,A,A,PASS,,P51449,"[""X-RAY DIFFRACTION""]",1.99,1.99,0.18005,0.18005,269,508,239,0.995833,NEAR_COMPLETE_LBD,,False,NR1F3,RORγ,Nutritional sensors
4WQP,4WQP_2,2,4WQP.C,C,P,PASS,,P51449,"[""X-RAY DIFFRACTION""]",1.99,1.99,0.18005,0.18005,269,508,13,0.054167,TRACE_LBD,,False,NR1F3,RORγ,Nutritional sensors
4WVD,4WVD_2,2,4WVD.D,D,B,PASS,,Q96RI1,"[""X-RAY DIFFRACTION""]",2.9,2.9,0.30221,0.30221,262,486,207,0.92,SUBSTANTIAL_LBD,,False,NR1H4,FXR,Nutritional sensors
4WVD,4WVD_2,2,4WVD.B,B,A,PASS,,Q96RI1,"[""X-RAY DIFFRACTION""]",2.9,2.9,0.30221,0.30221,262,486,207,0.92,SUBSTANTIAL_LBD,,False,NR1H4,FXR,Nutritional sensors
4X1F,4X1F_1,1,4X1F.A,A,A,PASS,,O75469,"[""X-RAY DIFFRACTION""]",2.0,2.0,0.2097,0.2097,146,433,288,1.0,NEAR_COMPLETE_LBD,,False,NR1I2,PXR,Nutritional sensors
4X1G,4X1G_1,1,4X1G.A,A,A,PASS,,O75469,"[""X-RAY DIFFRACTION""]",2.25,2.25,0.218,0.218,146,433,288,1.0,NEAR_COMPLETE_LBD,,False,NR1I2,PXR,Nutritional sensors
4XAJ,4XAJ_1,1,4XAJ.E,E,D,PASS,,Q9Y466,"[""X-RAY DIFFRACTION""]",3.551,3.551,0.3136,0.3136,155,383,202,0.882096,SUBSTANTIAL_LBD,,True,NR2E1,TLX,Orphan receptors
4XAJ,4XAJ_1,1,4XAJ.D,D,B,PASS,,Q9Y466,"[""X-RAY DIFFRACTION""]",3.551,3.551,0.3136,0.3136,155,383,202,0.882096,SUBSTANTIAL_LBD,,True,NR2E1,TLX,Orphan receptors
4XAJ,4XAJ_1,1,4XAJ.B,B,C,PASS,,Q9Y466,"[""X-RAY DIFFRACTION""]",3.551,3.551,0.3136,0.3136,155,383,202,0.882096,SUBSTANTIAL_LBD,,True,NR2E1,TLX,Orphan receptors
4XAJ,4XAJ_1,1,4XAJ.A,A,A,PASS,,Q9Y466,"[""X-RAY DIFFRACTION""]",3.551,3.551,0.3136,0.3136,155,383,202,0.882096,SUBSTANTIAL_LBD,,True,NR2E1,TLX,Orphan receptors
4XAO,4XAO_1,1,4XAO.A,A,A,PASS,,O75469,"[""X-RAY DIFFRACTION""]",2.58,2.58,0.2391,0.2391,146,433,288,1.0,NEAR_COMPLETE_LBD,,False,NR1I2,PXR,Nutritional sensors
4XHD,4XHD_1,1,4XHD.A,A,A,PASS,,O75469,"[""X-RAY DIFFRACTION""]",2.4,2.4,0.2416,0.2416,146,433,288,1.0,NEAR_COMPLETE_LBD,,False,NR1I2,PXR,Nutritional sensors
4XI3,4XI3_1,1,4XI3.D,D,D,PASS,,P03372,"[""X-RAY DIFFRACTION""]",2.491,2.491,0.2683,0.2683,311,547,237,1.0,NEAR_COMPLETE_LBD,,False,NR3A1,ERα,Steroid hormone receptors
4XI3,4XI3_1,1,4XI3.C,C,C,PASS,,P03372,"[""X-RAY DIFFRACTION""]",2.491,2.491,0.2683,0.2683,311,547,237,1.0,NEAR_COMPLETE_LBD,,False,NR3A1,ERα,Steroid hormone receptors
4XI3,4XI3_1,1,4XI3.B,B,B,PASS,,P03372,"[""X-RAY DIFFRACTION""]",2.491,2.491,0.2683,0.2683,311,547,237,1.0,NEAR_COMPLETE_LBD,,False,NR3A1,ERα,Steroid hormone receptors
4XI3,4XI3_1,1,4XI3.A,A,A,PASS,,P03372,"[""X-RAY DIFFRACTION""]",2.491,2.491,0.2683,0.2683,311,547,237,1.0,NEAR_COMPLETE_LBD,,False,NR3A1,ERα,Steroid hormone receptors
4XLD,4XLD_1,1,4XLD.A,A,A,PASS,,P37231,"[""X-RAY DIFFRACTION""]",2.45,2.45,0.2218,0.2218,238,503,266,1.0,NEAR_COMPLETE_LBD,,False,NR1C3,PPARγ,Nutritional sensors
4XT9,4XT9_1,1,4XT9.A,A,A,PASS,,P51449,"[""X-RAY DIFFRACTION""]",2.25,2.25,0.24489,0.24489,269,508,239,0.995833,NEAR_COMPLETE_LBD,,False,NR1F3,RORγ,Nutritional sensors
4XTA,4XTA_1,1,4XTA.B,B,B,PASS,,P37231,"[""X-RAY DIFFRACTION""]",2.5,2.5,0.274,0.274,238,503,266,1.0,NEAR_COMPLETE_LBD,,False,NR1C3,PPARγ,Nutritional sensors
4XTA,4XTA_1,1,4XTA.A,A,A,PASS,,P37231,"[""X-RAY DIFFRACTION""]",2.5,2.5,0.274,0.274,238,503,266,1.0,NEAR_COMPLETE_LBD,,False,NR1C3,PPARγ,Nutritional sensors
4XUH,4XUH_1,1,4XUH.B,B,B,PASS,,P37231,"[""X-RAY DIFFRACTION""]",2.22,2.22,0.2304,0.2304,238,503,266,1.0,NEAR_COMPLETE_LBD,,False,NR1C3,PPARγ,Nutritional sensors
4XUH,4XUH_1,1,4XUH.A,A,A,PASS,,P37231,"[""X-RAY DIFFRACTION""]",2.22,2.22,0.2304,0.2304,238,503,266,1.0,NEAR_COMPLETE_LBD,,False,NR1C3,PPARγ,Nutritional sensors
4XUM,4XUM_1,1,4XUM.B,B,B,PASS,,P37231,"[""X-RAY DIFFRACTION""]",2.4,2.4,0.2396,0.2396,238,503,266,1.0,NEAR_COMPLETE_LBD,,False,NR1C3,PPARγ,Nutritional sensors
4XUM,4XUM_1,1,4XUM.A,A,A,PASS,,P37231,"[""X-RAY DIFFRACTION""]",2.4,2.4,0.2396,0.2396,238,503,266,1.0,NEAR_COMPLETE_LBD,,False,NR1C3,PPARγ,Nutritional sensors
4Y29,4Y29_1,1,4Y29.A,A,A,PASS,,P37231,"[""X-RAY DIFFRACTION""]",1.98,1.98,0.2187,0.2187,238,503,266,1.0,NEAR_COMPLETE_LBD,,False,NR1C3,PPARγ,Nutritional sensors
4YMQ,4YMQ_1,1,4YMQ.A,A,A,PASS,,P51449,"[""X-RAY DIFFRACTION""]",2.0,2.0,0.2385,0.2385,269,508,239,0.995833,NEAR_COMPLETE_LBD,,False,NR1F3,RORγ,Nutritional sensors
4YPQ,4YPQ_1,1,4YPQ.A,A,A,PASS,,P51449,"[""X-RAY DIFFRACTION""]",2.32,2.32,0.2292,0.2292,269,508,239,0.995833,NEAR_COMPLETE_LBD,,False,NR1F3,RORγ,Nutritional sensors
4YT1,4YT1_1,1,4YT1.B,B,B,PASS,,P37231,"[""X-RAY DIFFRACTION""]",2.2,2.2,0.2557,0.2557,238,503,266,1.0,NEAR_COMPLETE_LBD,,False,NR1C3,PPARγ,Nutritional sensors
4YT1,4YT1_1,1,4YT1.A,A,A,PASS,,P37231,"[""X-RAY DIFFRACTION""]",2.2,2.2,0.2557,0.2557,238,503,266,1.0,NEAR_COMPLETE_LBD,,False,NR1C3,PPARγ,Nutritional sensors
4ZI1,4ZI1_1,1,4ZI1.A,A,A,PASS,,Q92731,"[""X-RAY DIFFRACTION""]",2.1,2.1,0.2227,0.2227,264,498,235,1.0,NEAR_COMPLETE_LBD,,False,NR3A2,ERβ,Steroid hormone receptors
4ZJR,4ZJR_1,1,4ZJR.D,D,D,PASS,,P51449,"[""X-RAY DIFFRACTION""]",2.702,2.702,0.2227,0.2227,269,508,219,0.9125,SUBSTANTIAL_LBD,,False,NR1F3,RORγ,Nutritional sensors
4ZJR,4ZJR_1,1,4ZJR.C,C,C,PASS,,P51449,"[""X-RAY DIFFRACTION""]",2.702,2.702,0.2227,0.2227,269,508,219,0.9125,SUBSTANTIAL_LBD,,False,NR1F3,RORγ,Nutritional sensors
4ZJR,4ZJR_1,1,4ZJR.B,B,B,PASS,,P51449,"[""X-RAY DIFFRACTION""]",2.702,2.702,0.2227,0.2227,269,508,219,0.9125,SUBSTANTIAL_LBD,,False,NR1F3,RORγ,Nutritional sensors
4ZJR,4ZJR_1,1,4ZJR.A,A,A,PASS,,P51449,"[""X-RAY DIFFRACTION""]",2.702,2.702,0.2227,0.2227,269,508,219,0.9125,SUBSTANTIAL_LBD,,False,NR1F3,RORγ,Nutritional sensors
4ZJW,4ZJW_1,1,4ZJW.B,B,B,PASS,,P51449,"[""X-RAY DIFFRACTION""]",2.5,2.5,0.2503,0.2503,269,508,219,0.9125,SUBSTANTIAL_LBD,,False,NR1F3,RORγ,Nutritional sensors
4ZJW,4ZJW_1,1,4ZJW.A,A,A,PASS,,P51449,"[""X-RAY DIFFRACTION""]",2.5,2.5,0.2503,0.2503,269,508,219,0.9125,SUBSTANTIAL_LBD,,False,NR1F3,RORγ,Nutritional sensors
4ZN7,4ZN7_1,1,4ZN7.B,B,B,PASS,,P03372,"[""X-RAY DIFFRACTION""]",1.934,1.934,0.2262,0.2262,311,547,237,1.0,NEAR_COMPLETE_LBD,,False,NR3A1,ERα,Steroid hormone receptors
4ZN7,4ZN7_1,1,4ZN7.A,A,A,PASS,,P03372,"[""X-RAY DIFFRACTION""]",1.934,1.934,0.2262,0.2262,311,547,237,1.0,NEAR_COMPLETE_LBD,,False,NR3A1,ERα,Steroid hormone receptors
4ZN9,4ZN9_1,1,4ZN9.B,B,B,PASS,,P03372,"[""X-RAY DIFFRACTION""]",2.215,2.215,0.2417,0.2417,311,547,237,1.0,NEAR_COMPLETE_LBD,,False,NR3A1,ERα,Steroid hormone receptors
4ZN9,4ZN9_1,1,4ZN9.A,A,A,PASS,,P03372,"[""X-RAY DIFFRACTION""]",2.215,2.215,0.2417,0.2417,311,547,237,1.0,NEAR_COMPLETE_LBD,,False,NR3A1,ERα,Steroid hormone receptors
4ZNH,4ZNH_1,1,4ZNH.B,B,B,PASS,,P03372,"[""X-RAY DIFFRACTION""]",1.933,1.933,0.2506,0.2506,311,547,237,1.0,NEAR_COMPLETE_LBD,,False,NR3A1,ERα,Steroid hormone receptors
4ZNH,4ZNH_1,1,4ZNH.A,A,A,PASS,,P03372,"[""X-RAY DIFFRACTION""]",1.933,1.933,0.2506,0.2506,311,547,237,1.0,NEAR_COMPLETE_LBD,,False,NR3A1,ERα,Steroid hormone receptors
4ZNS,4ZNS_1,1,4ZNS.B,B,B,PASS,,P03372,"[""X-RAY DIFFRACTION""]",1.86,1.86,0.2356,0.2356,311,547,237,1.0,NEAR_COMPLETE_LBD,,False,NR3A1,ERα,Steroid hormone receptors
4ZNS,4ZNS_1,1,4ZNS.A,A,A,PASS,,P03372,"[""X-RAY DIFFRACTION""]",1.86,1.86,0.2356,0.2356,311,547,237,1.0,NEAR_COMPLETE_LBD,,False,NR3A1,ERα,Steroid hormone receptors
4ZNT,4ZNT_1,1,4ZNT.B,B,B,PASS,,P03372,"[""X-RAY DIFFRACTION""]",1.903,1.903,0.2145,0.2145,311,547,237,1.0,NEAR_COMPLETE_LBD,,False,NR3A1,ERα,Steroid hormone receptors
4ZNT,4ZNT_1,1,4ZNT.A,A,A,PASS,,P03372,"[""X-RAY DIFFRACTION""]",1.903,1.903,0.2145,0.2145,311,547,237,1.0,NEAR_COMPLETE_LBD,,False,NR3A1,ERα,Steroid hormone receptors
4ZNU,4ZNU_1,1,4ZNU.C,C,B,PASS,,P03372,"[""X-RAY DIFFRACTION""]",2.4,2.4,0.2452,0.2452,311,547,237,1.0,NEAR_COMPLETE_LBD,,False,NR3A1,ERα,Steroid hormone receptors
4ZNU,4ZNU_1,1,4ZNU.A,A,A,PASS,,P03372,"[""X-RAY DIFFRACTION""]",2.4,2.4,0.2452,0.2452,311,547,237,1.0,NEAR_COMPLETE_LBD,,False,NR3A1,ERα,Steroid hormone receptors
4ZNV,4ZNV_1,1,4ZNV.B,B,B,PASS,,P03372,"[""X-RAY DIFFRACTION""]",1.771,1.771,0.1969,0.1969,311,547,237,1.0,NEAR_COMPLETE_LBD,,False,NR3A1,ERα,Steroid hormone receptors
4ZNV,4ZNV_1,1,4ZNV.A,A,A,PASS,,P03372,"[""X-RAY DIFFRACTION""]",1.771,1.771,0.1969,0.1969,311,547,237,1.0,NEAR_COMPLETE_LBD,,False,NR3A1,ERα,Steroid hormone receptors
4ZNW,4ZNW_1,1,4ZNW.B,B,B,PASS,,P03372,"[""X-RAY DIFFRACTION""]",2.31,2.31,0.2361,0.2361,311,547,237,1.0,NEAR_COMPLETE_LBD,,False,NR3A1,ERα,Steroid hormone receptors
4ZNW,4ZNW_1,1,4ZNW.A,A,A,PASS,,P03372,"[""X-RAY DIFFRACTION""]",2.31,2.31,0.2361,0.2361,311,547,237,1.0,NEAR_COMPLETE_LBD,,False,NR3A1,ERα,Steroid hormone receptors
4ZO1,4ZO1_1,1,4ZO1.A,A,X,PASS,,P10828,"[""X-RAY DIFFRACTION""]",3.221,3.221,0.2813,0.2813,217,461,245,1.0,NEAR_COMPLETE_LBD,,False,NR1A2,TRβ,Steroid hormone receptors
4ZO1,4ZO1_3,3,4ZO1.C,C,B,PASS,,P19793,"[""X-RAY DIFFRACTION""]",3.221,3.221,0.2813,0.2813,227,458,225,0.969828,NEAR_COMPLETE_LBD,,False,NR2B1,RXRα,Nutritional sensors
4ZOM,4ZOM_1,1,4ZOM.D,D,D,PASS,,P51449,"[""X-RAY DIFFRACTION""]",2.27,2.27,0.2397,0.2397,269,508,219,0.9125,SUBSTANTIAL_LBD,,False,NR1F3,RORγ,Nutritional sensors
4ZOM,4ZOM_1,1,4ZOM.C,C,C,PASS,,P51449,"[""X-RAY DIFFRACTION""]",2.27,2.27,0.2397,0.2397,269,508,219,0.9125,SUBSTANTIAL_LBD,,False,NR1F3,RORγ,Nutritional sensors
4ZOM,4ZOM_1,1,4ZOM.B,B,B,PASS,,P51449,"[""X-RAY DIFFRACTION""]",2.27,2.27,0.2397,0.2397,269,508,219,0.9125,SUBSTANTIAL_LBD,,False,NR1F3,RORγ,Nutritional sensors
4ZOM,4ZOM_1,1,4ZOM.A,A,A,PASS,,P51449,"[""X-RAY DIFFRACTION""]",2.27,2.27,0.2397,0.2397,269,508,219,0.9125,SUBSTANTIAL_LBD,,False,NR1F3,RORγ,Nutritional sensors
4ZSH,4ZSH_1,1,4ZSH.A,A,A,PASS,,P19793,"[""X-RAY DIFFRACTION""]",1.8,1.8,0.218,0.218,227,458,232,1.0,NEAR_COMPLETE_LBD,,False,NR2B1,RXRα,Nutritional sensors
5A86,5A86_1,1,5A86.B,B,B,PASS,,O75469,"[""X-RAY DIFFRACTION""]",2.25,2.25,0.2555,0.2555,146,433,287,0.996528,NEAR_COMPLETE_LBD,,False,NR1I2,PXR,Nutritional sensors
5A86,5A86_1,1,5A86.A,A,A,PASS,,O75469,"[""X-RAY DIFFRACTION""]",2.25,2.25,0.2555,0.2555,146,433,287,0.996528,NEAR_COMPLETE_LBD,,False,NR1I2,PXR,Nutritional sensors
5AAU,5AAU_1,1,5AAU.B,B,B,PASS,,P03372,"[""X-RAY DIFFRACTION""]",1.9,1.9,0.22591,0.22591,311,547,237,1.0,NEAR_COMPLETE_LBD,,False,NR3A1,ERα,Steroid hormone receptors
5AAU,5AAU_1,1,5AAU.A,A,A,PASS,,P03372,"[""X-RAY DIFFRACTION""]",1.9,1.9,0.22591,0.22591,311,547,237,1.0,NEAR_COMPLETE_LBD,,False,NR3A1,ERα,Steroid hormone receptors
5AAV,5AAV_1,1,5AAV.A,A,A,PASS,,P03372,"[""X-RAY DIFFRACTION""]",1.95,1.95,0.23413,0.23413,311,547,237,1.0,NEAR_COMPLETE_LBD,,False,NR3A1,ERα,Steroid hormone receptors
5AAV,5AAV_2,2,5AAV.B,B,B,PASS,,P03372,"[""X-RAY DIFFRACTION""]",1.95,1.95,0.23413,0.23413,311,547,237,1.0,NEAR_COMPLETE_LBD,,False,NR3A1,ERα,Steroid hormone receptors
5ACC,5ACC_1,1,5ACC.A,A,A,PASS,,P03372,"[""X-RAY DIFFRACTION""]",1.88,1.88,0.26628,0.26628,311,547,237,1.0,NEAR_COMPLETE_LBD,,False,NR3A1,ERα,Steroid hormone receptors
5AK2,5AK2_1,1,5AK2.B,B,B,PASS,,P03372,"[""X-RAY DIFFRACTION""]",2.19,2.19,0.26226,0.26226,311,547,237,1.0,NEAR_COMPLETE_LBD,,False,NR3A1,ERα,Steroid hormone receptors
5AK2,5AK2_1,1,5AK2.A,A,A,PASS,,P03372,"[""X-RAY DIFFRACTION""]",2.19,2.19,0.26226,0.26226,311,547,237,1.0,NEAR_COMPLETE_LBD,,False,NR3A1,ERα,Steroid hormone receptors
5APH,5APH_1,1,5APH.A,A,A,PASS,,P51449,"[""X-RAY DIFFRACTION""]",1.54,1.54,0.2422,0.2422,269,508,239,0.995833,NEAR_COMPLETE_LBD,,False,NR1F3,RORγ,Nutritional sensors
5APJ,5APJ_1,1,5APJ.A,A,A,PASS,,P51449,"[""X-RAY DIFFRACTION""]",2.08,2.08,0.2375,0.2375,269,508,239,0.995833,NEAR_COMPLETE_LBD,,False,NR1F3,RORγ,Nutritional sensors
5APK,5APK_1,1,5APK.B,B,B,PASS,,P51449,"[""X-RAY DIFFRACTION""]",2.1,2.1,0.2241,0.2241,269,508,239,0.995833,NEAR_COMPLETE_LBD,,False,NR1F3,RORγ,Nutritional sensors
5APK,5APK_1,1,5APK.A,A,A,PASS,,P51449,"[""X-RAY DIFFRACTION""]",2.1,2.1,0.2241,0.2241,269,508,239,0.995833,NEAR_COMPLETE_LBD,,False,NR1F3,RORγ,Nutritional sensors
5APK,5APK_2,2,5APK.C,C,D,PASS,,P51449,"[""X-RAY DIFFRACTION""]",2.1,2.1,0.2241,0.2241,269,508,13,0.054167,TRACE_LBD,,False,NR1F3,RORγ,Nutritional sensors
5AVI,5AVI_1,1,5AVI.C,C,C,PASS,,Q13133,"[""X-RAY DIFFRACTION""]",2.7,2.7,0.27398,0.27398,209,447,239,1.0,NEAR_COMPLETE_LBD,,False,NR1H3,LXRα,Nutritional sensors
5AVI,5AVI_1,1,5AVI.A,A,A,PASS,,Q13133,"[""X-RAY DIFFRACTION""]",2.7,2.7,0.27398,0.27398,209,447,239,1.0,NEAR_COMPLETE_LBD,,False,NR1H3,LXRα,Nutritional sensors
5AVL,5AVL_1,1,5AVL.A,A,A,PASS,,Q13133,"[""X-RAY DIFFRACTION""]",2.8,2.8,0.2427,0.2427,209,447,239,1.0,NEAR_COMPLETE_LBD,,False,NR1H3,LXRα,Nutritional sensors
5AYG,5AYG_1,1,5AYG.B,B,B,PASS,,P51449,"[""X-RAY DIFFRACTION""]",2.6,2.6,0.22673,0.22673,269,508,240,1.0,NEAR_COMPLETE_LBD,,False,NR1F3,RORγ,Nutritional sensors
5AYG,5AYG_1,1,5AYG.A,A,A,PASS,,P51449,"[""X-RAY DIFFRACTION""]",2.6,2.6,0.22673,0.22673,269,508,240,1.0,NEAR_COMPLETE_LBD,,False,NR1F3,RORγ,Nutritional sensors
5AZT,5AZT_1,1,5AZT.B,B,B,PASS,,Q07869,"[""X-RAY DIFFRACTION""]",3.45,3.45,0.30763,0.30763,239,466,228,1.0,NEAR_COMPLETE_LBD,,False,NR1C1,PPARα,Nutritional sensors
5AZT,5AZT_1,1,5AZT.A,A,A,PASS,,Q07869,"[""X-RAY DIFFRACTION""]",3.45,3.45,0.30763,0.30763,239,466,228,1.0,NEAR_COMPLETE_LBD,,False,NR1C1,PPARα,Nutritional sensors
5AZV,5AZV_1,1,5AZV.B,B,B,PASS,,P37231,"[""X-RAY DIFFRACTION""]",2.7,2.7,0.30664,0.30664,238,503,266,1.0,NEAR_COMPLETE_LBD,,False,NR1C3,PPARγ,Nutritional sensors
5AZV,5AZV_1,1,5AZV.A,A,A,PASS,,P37231,"[""X-RAY DIFFRACTION""]",2.7,2.7,0.30664,0.30664,238,503,266,1.0,NEAR_COMPLETE_LBD,,False,NR1C3,PPARγ,Nutritional sensors
5C4O,5C4O_1,1,5C4O.A,A,A,PASS,,P51449,"[""X-RAY DIFFRACTION""]",2.24,2.24,0.251,0.251,269,508,239,0.995833,NEAR_COMPLETE_LBD,,False,NR1F3,RORγ,Nutritional sensors
5C4S,5C4S_1,1,5C4S.A,A,A,PASS,,P51449,"[""X-RAY DIFFRACTION""]",2.23,2.23,0.2609,0.2609,269,508,239,0.995833,NEAR_COMPLETE_LBD,,False,NR1F3,RORγ,Nutritional sensors
5C4T,5C4T_1,1,5C4T.A,A,A,PASS,,P51449,"[""X-RAY DIFFRACTION""]",1.77,1.77,0.2241,0.2241,269,508,239,0.995833,NEAR_COMPLETE_LBD,,False,NR1F3,RORγ,Nutritional sensors
5C4U,5C4U_1,1,5C4U.A,A,A,PASS,,P51449,"[""X-RAY DIFFRACTION""]",2.08,2.08,0.2771,0.2771,269,508,239,0.995833,NEAR_COMPLETE_LBD,,False,NR1F3,RORγ,Nutritional sensors
5CBX,5CBX_1,1,5CBX.F,F,F,PASS,,P04150,"[""X-RAY DIFFRACTION""]",2.0,2.0,0.2291,0.2291,524,758,0,0.0,NO_LBD_OVERLAP,REVIEW_NEEDED,False,NR3C1,GR,Steroid hormone receptors
5CBX,5CBX_1,1,5CBX.E,E,E,PASS,,P04150,"[""X-RAY DIFFRACTION""]",2.0,2.0,0.2291,0.2291,524,758,0,0.0,NO_LBD_OVERLAP,REVIEW_NEEDED,False,NR3C1,GR,Steroid hormone receptors
5CBX,5CBX_1,1,5CBX.B,B,B,PASS,,P04150,"[""X-RAY DIFFRACTION""]",2.0,2.0,0.2291,0.2291,524,758,0,0.0,NO_LBD_OVERLAP,REVIEW_NEEDED,False,NR3C1,GR,Steroid hormone receptors
5CBX,5CBX_1,1,5CBX.A,A,A,PASS,,P04150,"[""X-RAY DIFFRACTION""]",2.0,2.0,0.2291,0.2291,524,758,0,0.0,NO_LBD_OVERLAP,REVIEW_NEEDED,False,NR3C1,GR,Steroid hormone receptors
5CBY,5CBY_1,1,5CBY.B,B,B,PASS,,P04150,"[""X-RAY DIFFRACTION""]",1.997,1.997,0.217,0.217,524,758,0,0.0,NO_LBD_OVERLAP,REVIEW_NEEDED,False,NR3C1,GR,Steroid hormone receptors
5CBY,5CBY_1,1,5CBY.A,A,A,PASS,,P04150,"[""X-RAY DIFFRACTION""]",1.997,1.997,0.217,0.217,524,758,0,0.0,NO_LBD_OVERLAP,REVIEW_NEEDED,False,NR3C1,GR,Steroid hormone receptors
5CBZ,5CBZ_1,1,5CBZ.F,F,F,PASS,,P04150,"[""X-RAY DIFFRACTION""]",2.2,2.2,0.23,0.23,524,758,0,0.0,NO_LBD_OVERLAP,REVIEW_NEEDED,False,NR3C1,GR,Steroid hormone receptors
5CBZ,5CBZ_1,1,5CBZ.E,E,E,PASS,,P04150,"[""X-RAY DIFFRACTION""]",2.2,2.2,0.23,0.23,524,758,0,0.0,NO_LBD_OVERLAP,REVIEW_NEEDED,False,NR3C1,GR,Steroid hormone receptors
5CBZ,5CBZ_1,1,5CBZ.B,B,B,PASS,,P04150,"[""X-RAY DIFFRACTION""]",2.2,2.2,0.23,0.23,524,758,0,0.0,NO_LBD_OVERLAP,REVIEW_NEEDED,False,NR3C1,GR,Steroid hormone receptors
5CBZ,5CBZ_1,1,5CBZ.A,A,A,PASS,,P04150,"[""X-RAY DIFFRACTION""]",2.2,2.2,0.23,0.23,524,758,0,0.0,NO_LBD_OVERLAP,REVIEW_NEEDED,False,NR3C1,GR,Steroid hormone receptors
5CC0,5CC0_1,1,5CC0.D,D,B,PASS,,P06401,"[""X-RAY DIFFRACTION""]",2.405,2.405,0.2372,0.2372,679,913,0,0.0,NO_LBD_OVERLAP,EXPLAINED,False,NR3C3,PR,Steroid hormone receptors
5CC0,5CC0_1,1,5CC0.A,A,A,PASS,,P06401,"[""X-RAY DIFFRACTION""]",2.405,2.405,0.2372,0.2372,679,913,0,0.0,NO_LBD_OVERLAP,EXPLAINED,False,NR3C3,PR,Steroid hormone receptors
5CC1,5CC1_1,1,5CC1.F,F,X,PASS,,P04150,"[""X-RAY DIFFRACTION""]",2.302,2.302,0.2791,0.2791,524,758,0,0.0,NO_LBD_OVERLAP,,False,NR3C1,GR,Steroid hormone receptors
5CC1,5CC1_1,1,5CC1.E,E,W,PASS,,P04150,"[""X-RAY DIFFRACTION""]",2.302,2.302,0.2791,0.2791,524,758,0,0.0,NO_LBD_OVERLAP,,False,NR3C1,GR,Steroid hormone receptors
5CC1,5CC1_1,1,5CC1.B,B,B,PASS,,P04150,"[""X-RAY DIFFRACTION""]",2.302,2.302,0.2791,0.2791,524,758,0,0.0,NO_LBD_OVERLAP,,False,NR3C1,GR,Steroid hormone receptors
5CC1,5CC1_1,1,5CC1.A,A,A,PASS,,P04150,"[""X-RAY DIFFRACTION""]",2.302,2.302,0.2791,0.2791,524,758,0,0.0,NO_LBD_OVERLAP,,False,NR3C1,GR,Steroid hormone receptors
5CJ6,5CJ6_1,1,5CJ6.A,A,A,PASS,,P10275,"[""X-RAY DIFFRACTION""]",2.07,2.07,0.22171,0.22171,669,900,232,1.0,NEAR_COMPLETE_LBD,,False,NR3C4,AR,Steroid hormone receptors
5CJ6,5CJ6_2,2,5CJ6.B,B,B,PASS,,P10275,"[""X-RAY DIFFRACTION""]",2.07,2.07,0.22171,0.22171,669,900,0,0.0,NO_LBD_OVERLAP,EXPLAINED,False,NR3C4,AR,Steroid hormone receptors
5DI7,5DI7_1,1,5DI7.B,B,B,PASS,,P03372,"[""X-RAY DIFFRACTION""]",2.241,2.241,0.2131,0.2131,311,547,237,1.0,NEAR_COMPLETE_LBD,,False,NR3A1,ERα,Steroid hormone receptors
5DI7,5DI7_1,1,5DI7.A,A,A,PASS,,P03372,"[""X-RAY DIFFRACTION""]",2.241,2.241,0.2131,0.2131,311,547,237,1.0,NEAR_COMPLETE_LBD,,False,NR3A1,ERα,Steroid hormone receptors
5DID,5DID_1,1,5DID.B,B,B,PASS,,P03372,"[""X-RAY DIFFRACTION""]",2.24,2.24,0.2281,0.2281,311,547,237,1.0,NEAR_COMPLETE_LBD,,False,NR3A1,ERα,Steroid hormone receptors
5DID,5DID_1,1,5DID.A,A,A,PASS,,P03372,"[""X-RAY DIFFRACTION""]",2.24,2.24,0.2281,0.2281,311,547,237,1.0,NEAR_COMPLETE_LBD,,False,NR3A1,ERα,Steroid hormone receptors
5DIE,5DIE_1,1,5DIE.B,B,B,PASS,,P03372,"[""X-RAY DIFFRACTION""]",2.24,2.24,0.2473,0.2473,311,547,237,1.0,NEAR_COMPLETE_LBD,,False,NR3A1,ERα,Steroid hormone receptors
5DIE,5DIE_1,1,5DIE.A,A,A,PASS,,P03372,"[""X-RAY DIFFRACTION""]",2.24,2.24,0.2473,0.2473,311,547,237,1.0,NEAR_COMPLETE_LBD,,False,NR3A1,ERα,Steroid hormone receptors
5DIG,5DIG_1,1,5DIG.B,B,B,PASS,,P03372,"[""X-RAY DIFFRACTION""]",2.24,2.24,0.2122,0.2122,311,547,237,1.0,NEAR_COMPLETE_LBD,,False,NR3A1,ERα,Steroid hormone receptors
5DIG,5DIG_1,1,5DIG.A,A,A,PASS,,P03372,"[""X-RAY DIFFRACTION""]",2.24,2.24,0.2122,0.2122,311,547,237,1.0,NEAR_COMPLETE_LBD,,False,NR3A1,ERα,Steroid hormone receptors
5DK9,5DK9_1,1,5DK9.B,B,B,PASS,,P03372,"[""X-RAY DIFFRACTION""]",2.28,2.28,0.2377,0.2377,311,547,237,1.0,NEAR_COMPLETE_LBD,,False,NR3A1,ERα,Steroid hormone receptors
5DK9,5DK9_1,1,5DK9.A,A,A,PASS,,P03372,"[""X-RAY DIFFRACTION""]",2.28,2.28,0.2377,0.2377,311,547,237,1.0,NEAR_COMPLETE_LBD,,False,NR3A1,ERα,Steroid hormone receptors
5DKB,5DKB_1,1,5DKB.B,B,B,PASS,,P03372,"[""X-RAY DIFFRACTION""]",2.4,2.4,0.2261,0.2261,311,547,237,1.0,NEAR_COMPLETE_LBD,,False,NR3A1,ERα,Steroid hormone receptors
5DKB,5DKB_1,1,5DKB.A,A,A,PASS,,P03372,"[""X-RAY DIFFRACTION""]",2.4,2.4,0.2261,0.2261,311,547,237,1.0,NEAR_COMPLETE_LBD,,False,NR3A1,ERα,Steroid hormone receptors
5DKE,5DKE_1,1,5DKE.B,B,B,PASS,,P03372,"[""X-RAY DIFFRACTION""]",2.6,2.6,0.2627,0.2627,311,547,237,1.0,NEAR_COMPLETE_LBD,,False,NR3A1,ERα,Steroid hormone receptors
5DKE,5DKE_1,1,5DKE.A,A,A,PASS,,P03372,"[""X-RAY DIFFRACTION""]",2.6,2.6,0.2627,0.2627,311,547,237,1.0,NEAR_COMPLETE_LBD,,False,NR3A1,ERα,Steroid hormone receptors
5DKG,5DKG_1,1,5DKG.B,B,B,PASS,,P03372,"[""X-RAY DIFFRACTION""]",2.15,2.15,0.2325,0.2325,311,547,237,1.0,NEAR_COMPLETE_LBD,,False,NR3A1,ERα,Steroid hormone receptors
5DKG,5DKG_1,1,5DKG.A,A,A,PASS,,P03372,"[""X-RAY DIFFRACTION""]",2.15,2.15,0.2325,0.2325,311,547,237,1.0,NEAR_COMPLETE_LBD,,False,NR3A1,ERα,Steroid hormone receptors
5DKS,5DKS_1,1,5DKS.B,B,B,PASS,,P03372,"[""X-RAY DIFFRACTION""]",2.6,2.6,0.2597,0.2597,311,547,237,1.0,NEAR_COMPLETE_LBD,,False,NR3A1,ERα,Steroid hormone receptors
5DKS,5DKS_1,1,5DKS.A,A,A,PASS,,P03372,"[""X-RAY DIFFRACTION""]",2.6,2.6,0.2597,0.2597,311,547,237,1.0,NEAR_COMPLETE_LBD,,False,NR3A1,ERα,Steroid hormone receptors
5DL4,5DL4_1,1,5DL4.B,B,B,PASS,,P03372,"[""X-RAY DIFFRACTION""]",2.1,2.1,0.214,0.214,311,547,237,1.0,NEAR_COMPLETE_LBD,,False,NR3A1,ERα,Steroid hormone receptors
5DL4,5DL4_1,1,5DL4.A,A,A,PASS,,P03372,"[""X-RAY DIFFRACTION""]",2.1,2.1,0.214,0.214,311,547,237,1.0,NEAR_COMPLETE_LBD,,False,NR3A1,ERα,Steroid hormone receptors
5DLR,5DLR_1,1,5DLR.B,B,B,PASS,,P03372,"[""X-RAY DIFFRACTION""]",2.26,2.26,0.232,0.232,311,547,237,1.0,NEAR_COMPLETE_LBD,,False,NR3A1,ERα,Steroid hormone receptors
5DLR,5DLR_1,1,5DLR.A,A,A,PASS,,P03372,"[""X-RAY DIFFRACTION""]",2.26,2.26,0.232,0.232,311,547,237,1.0,NEAR_COMPLETE_LBD,,False,NR3A1,ERα,Steroid hormone receptors
5DMC,5DMC_1,1,5DMC.B,B,B,PASS,,P03372,"[""X-RAY DIFFRACTION""]",2.403,2.403,0.2458,0.2458,311,547,237,1.0,NEAR_COMPLETE_LBD,,False,NR3A1,ERα,Steroid hormone receptors
5DMC,5DMC_1,1,5DMC.A,A,A,PASS,,P03372,"[""X-RAY DIFFRACTION""]",2.403,2.403,0.2458,0.2458,311,547,237,1.0,NEAR_COMPLETE_LBD,,False,NR3A1,ERα,Steroid hormone receptors
5DMF,5DMF_1,1,5DMF.B,B,B,PASS,,P03372,"[""X-RAY DIFFRACTION""]",2.4,2.4,0.2541,0.2541,311,547,237,1.0,NEAR_COMPLETE_LBD,,False,NR3A1,ERα,Steroid hormone receptors
5DMF,5DMF_1,1,5DMF.A,A,A,PASS,,P03372,"[""X-RAY DIFFRACTION""]",2.4,2.4,0.2541,0.2541,311,547,237,1.0,NEAR_COMPLETE_LBD,,False,NR3A1,ERα,Steroid hormone receptors
5DP0,5DP0_1,1,5DP0.B,B,B,PASS,,P03372,"[""X-RAY DIFFRACTION""]",2.382,2.382,0.2379,0.2379,311,547,237,1.0,NEAR_COMPLETE_LBD,,False,NR3A1,ERα,Steroid hormone receptors
5DP0,5DP0_1,1,5DP0.A,A,A,PASS,,P03372,"[""X-RAY DIFFRACTION""]",2.382,2.382,0.2379,0.2379,311,547,237,1.0,NEAR_COMPLETE_LBD,,False,NR3A1,ERα,Steroid hormone receptors
5DRJ,5DRJ_1,1,5DRJ.B,B,B,PASS,,P03372,"[""X-RAY DIFFRACTION""]",2.07,2.07,0.2223,0.2223,311,547,237,1.0,NEAR_COMPLETE_LBD,,False,NR3A1,ERα,Steroid hormone receptors
5DRJ,5DRJ_1,1,5DRJ.A,A,A,PASS,,P03372,"[""X-RAY DIFFRACTION""]",2.07,2.07,0.2223,0.2223,311,547,237,1.0,NEAR_COMPLETE_LBD,,False,NR3A1,ERα,Steroid hormone receptors
5DRM,5DRM_1,1,5DRM.B,B,B,PASS,,P03372,"[""X-RAY DIFFRACTION""]",2.241,2.241,0.215,0.215,311,547,237,1.0,NEAR_COMPLETE_LBD,,False,NR3A1,ERα,Steroid hormone receptors
5DRM,5DRM_1,1,5DRM.A,A,A,PASS,,P03372,"[""X-RAY DIFFRACTION""]",2.241,2.241,0.215,0.215,311,547,237,1.0,NEAR_COMPLETE_LBD,,False,NR3A1,ERα,Steroid hormone receptors
5DSH,5DSH_1,1,5DSH.A,A,A,PASS,,P37231,"[""X-RAY DIFFRACTION""]",2.95,2.95,0.25743,0.25743,238,503,266,1.0,NEAR_COMPLETE_LBD,,False,NR1C3,PPARγ,Nutritional sensors
5DTV,5DTV_1,1,5DTV.C,C,B,PASS,,P03372,"[""X-RAY DIFFRACTION""]",2.295,2.295,0.2475,0.2475,311,547,237,1.0,NEAR_COMPLETE_LBD,,False,NR3A1,ERα,Steroid hormone receptors
5DTV,5DTV_1,1,5DTV.A,A,A,PASS,,P03372,"[""X-RAY DIFFRACTION""]",2.295,2.295,0.2475,0.2475,311,547,237,1.0,NEAR_COMPLETE_LBD,,False,NR3A1,ERα,Steroid hormone receptors
5DU5,5DU5_1,1,5DU5.B,B,B,PASS,,P03372,"[""X-RAY DIFFRACTION""]",2.195,2.195,0.2497,0.2497,311,547,237,1.0,NEAR_COMPLETE_LBD,,False,NR3A1,ERα,Steroid hormone receptors
5DU5,5DU5_1,1,5DU5.A,A,A,PASS,,P03372,"[""X-RAY DIFFRACTION""]",2.195,2.195,0.2497,0.2497,311,547,237,1.0,NEAR_COMPLETE_LBD,,False,NR3A1,ERα,Steroid hormone receptors
5DUE,5DUE_1,1,5DUE.B,B,B,PASS,,P03372,"[""X-RAY DIFFRACTION""]",2.09,2.09,0.2382,0.2382,311,547,237,1.0,NEAR_COMPLETE_LBD,,False,NR3A1,ERα,Steroid hormone receptors
5DUE,5DUE_1,1,5DUE.A,A,A,PASS,,P03372,"[""X-RAY DIFFRACTION""]",2.09,2.09,0.2382,0.2382,311,547,237,1.0,NEAR_COMPLETE_LBD,,False,NR3A1,ERα,Steroid hormone receptors
5DUG,5DUG_1,1,5DUG.B,B,B,PASS,,P03372,"[""X-RAY DIFFRACTION""]",2.252,2.252,0.2331,0.2331,311,547,237,1.0,NEAR_COMPLETE_LBD,,False,NR3A1,ERα,Steroid hormone receptors
5DUG,5DUG_1,1,5DUG.A,A,A,PASS,,P03372,"[""X-RAY DIFFRACTION""]",2.252,2.252,0.2331,0.2331,311,547,237,1.0,NEAR_COMPLETE_LBD,,False,NR3A1,ERα,Steroid hormone receptors
5DUH,5DUH_1,1,5DUH.B,B,B,PASS,,P03372,"[""X-RAY DIFFRACTION""]",2.24,2.24,0.2391,0.2391,311,547,237,1.0,NEAR_COMPLETE_LBD,,False,NR3A1,ERα,Steroid hormone receptors
5DUH,5DUH_1,1,5DUH.A,A,A,PASS,,P03372,"[""X-RAY DIFFRACTION""]",2.24,2.24,0.2391,0.2391,311,547,237,1.0,NEAR_COMPLETE_LBD,,False,NR3A1,ERα,Steroid hormone receptors
5DV3,5DV3_1,1,5DV3.A,A,A,PASS,,P37231,"[""X-RAY DIFFRACTION""]",2.75,2.75,0.22995,0.22995,238,503,266,1.0,NEAR_COMPLETE_LBD,,False,NR1C3,PPARγ,Nutritional sensors
5DV6,5DV6_1,1,5DV6.A,A,A,PASS,,P37231,"[""X-RAY DIFFRACTION""]",2.8,2.8,0.24409,0.24409,238,503,266,1.0,NEAR_COMPLETE_LBD,,False,NR1C3,PPARγ,Nutritional sensors
5DV8,5DV8_1,1,5DV8.A,A,A,PASS,,P37231,"[""X-RAY DIFFRACTION""]",2.75,2.75,0.24311,0.24311,238,503,266,1.0,NEAR_COMPLETE_LBD,,False,NR1C3,PPARγ,Nutritional sensors
5DVC,5DVC_1,1,5DVC.A,A,A,PASS,,P37231,"[""X-RAY DIFFRACTION""]",2.3,2.3,0.241,0.241,238,503,266,1.0,NEAR_COMPLETE_LBD,,False,NR1C3,PPARγ,Nutritional sensors
5DVS,5DVS_1,1,5DVS.B,B,B,PASS,,P03372,"[""X-RAY DIFFRACTION""]",2.28,2.28,0.2632,0.2632,311,547,237,1.0,NEAR_COMPLETE_LBD,,False,NR3A1,ERα,Steroid hormone receptors
5DVS,5DVS_1,1,5DVS.A,A,A,PASS,,P03372,"[""X-RAY DIFFRACTION""]",2.28,2.28,0.2632,0.2632,311,547,237,1.0,NEAR_COMPLETE_LBD,,False,NR3A1,ERα,Steroid hormone receptors
5DVV,5DVV_1,1,5DVV.B,B,B,PASS,,P03372,"[""X-RAY DIFFRACTION""]",2.505,2.505,0.2576,0.2576,311,547,237,1.0,NEAR_COMPLETE_LBD,,False,NR3A1,ERα,Steroid hormone receptors
5DVV,5DVV_1,1,5DVV.A,A,A,PASS,,P03372,"[""X-RAY DIFFRACTION""]",2.505,2.505,0.2576,0.2576,311,547,237,1.0,NEAR_COMPLETE_LBD,,False,NR3A1,ERα,Steroid hormone receptors
5DWE,5DWE_1,1,5DWE.B,B,B,PASS,,P03372,"[""X-RAY DIFFRACTION""]",1.92,1.92,0.2377,0.2377,311,547,237,1.0,NEAR_COMPLETE_LBD,,False,NR3A1,ERα,Steroid hormone receptors
5DWE,5DWE_1,1,5DWE.A,A,A,PASS,,P03372,"[""X-RAY DIFFRACTION""]",1.92,1.92,0.2377,0.2377,311,547,237,1.0,NEAR_COMPLETE_LBD,,False,NR3A1,ERα,Steroid hormone receptors
5DWG,5DWG_1,1,5DWG.B,B,B,PASS,,P03372,"[""X-RAY DIFFRACTION""]",2.3,2.3,0.254,0.254,311,547,237,1.0,NEAR_COMPLETE_LBD,,False,NR3A1,ERα,Steroid hormone receptors
5DWG,5DWG_1,1,5DWG.A,A,A,PASS,,P03372,"[""X-RAY DIFFRACTION""]",2.3,2.3,0.254,0.254,311,547,237,1.0,NEAR_COMPLETE_LBD,,False,NR3A1,ERα,Steroid hormone receptors
5DWI,5DWI_1,1,5DWI.B,B,B,PASS,,P03372,"[""X-RAY DIFFRACTION""]",2.43,2.43,0.2308,0.2308,311,547,237,1.0,NEAR_COMPLETE_LBD,,False,NR3A1,ERα,Steroid hormone receptors
5DWI,5DWI_1,1,5DWI.A,A,A,PASS,,P03372,"[""X-RAY DIFFRACTION""]",2.43,2.43,0.2308,0.2308,311,547,237,1.0,NEAR_COMPLETE_LBD,,False,NR3A1,ERα,Steroid hormone receptors
5DWJ,5DWJ_1,1,5DWJ.B,B,B,PASS,,P03372,"[""X-RAY DIFFRACTION""]",2.001,2.001,0.232,0.232,311,547,237,1.0,NEAR_COMPLETE_LBD,,False,NR3A1,ERα,Steroid hormone receptors
5DWJ,5DWJ_1,1,5DWJ.A,A,A,PASS,,P03372,"[""X-RAY DIFFRACTION""]",2.001,2.001,0.232,0.232,311,547,237,1.0,NEAR_COMPLETE_LBD,,False,NR3A1,ERα,Steroid hormone receptors
5DWL,5DWL_1,1,5DWL.A,A,A,PASS,,P37231,"[""X-RAY DIFFRACTION""]",2.2,2.2,0.23825,0.23825,238,503,266,1.0,NEAR_COMPLETE_LBD,,False,NR1C3,PPARγ,Nutritional sensors
5DX3,5DX3_1,1,5DX3.A,A,A,PASS,,P03372,"[""X-RAY DIFFRACTION""]",2.0903,2.0903,0.2571,0.2571,311,547,237,1.0,NEAR_COMPLETE_LBD,,False,NR3A1,ERα,Steroid hormone receptors
5DX3,5DX3_2,2,5DX3.B,B,B,PASS,,P03372,"[""X-RAY DIFFRACTION""]",2.0903,2.0903,0.2571,0.2571,311,547,237,1.0,NEAR_COMPLETE_LBD,,False,NR3A1,ERα,Steroid hormone receptors
5DXB,5DXB_1,1,5DXB.A,A,A,PASS,,P03372,"[""X-RAY DIFFRACTION""]",2.08,2.08,0.21,0.21,311,547,237,1.0,NEAR_COMPLETE_LBD,,False,NR3A1,ERα,Steroid hormone receptors
5DXB,5DXB_2,2,5DXB.B,B,B,PASS,,P03372,"[""X-RAY DIFFRACTION""]",2.08,2.08,0.21,0.21,311,547,237,1.0,NEAR_COMPLETE_LBD,,False,NR3A1,ERα,Steroid hormone receptors
5DXE,5DXE_1,1,5DXE.B,B,B,PASS,,P03372,"[""X-RAY DIFFRACTION""]",1.5,1.5,0.201,0.201,311,547,237,1.0,NEAR_COMPLETE_LBD,,False,NR3A1,ERα,Steroid hormone receptors
5DXE,5DXE_1,1,5DXE.A,A,A,PASS,,P03372,"[""X-RAY DIFFRACTION""]",1.5,1.5,0.201,0.201,311,547,237,1.0,NEAR_COMPLETE_LBD,,False,NR3A1,ERα,Steroid hormone receptors
5DXG,5DXG_1,1,5DXG.B,B,B,PASS,,P03372,"[""X-RAY DIFFRACTION""]",1.86,1.86,0.2,0.2,311,547,237,1.0,NEAR_COMPLETE_LBD,,False,NR3A1,ERα,Steroid hormone receptors
5DXG,5DXG_1,1,5DXG.A,A,A,PASS,,P03372,"[""X-RAY DIFFRACTION""]",1.86,1.86,0.2,0.2,311,547,237,1.0,NEAR_COMPLETE_LBD,,False,NR3A1,ERα,Steroid hormone receptors
5DXK,5DXK_1,1,5DXK.B,B,B,PASS,,P03372,"[""X-RAY DIFFRACTION""]",2.226,2.226,0.2264,0.2264,311,547,237,1.0,NEAR_COMPLETE_LBD,,False,NR3A1,ERα,Steroid hormone receptors
5DXK,5DXK_1,1,5DXK.A,A,A,PASS,,P03372,"[""X-RAY DIFFRACTION""]",2.226,2.226,0.2264,0.2264,311,547,237,1.0,NEAR_COMPLETE_LBD,,False,NR3A1,ERα,Steroid hormone receptors
5DXM,5DXM_1,1,5DXM.B,B,B,PASS,,P03372,"[""X-RAY DIFFRACTION""]",2.37,2.37,0.2321,0.2321,311,547,237,1.0,NEAR_COMPLETE_LBD,,False,NR3A1,ERα,Steroid hormone receptors
5DXM,5DXM_1,1,5DXM.A,A,A,PASS,,P03372,"[""X-RAY DIFFRACTION""]",2.37,2.37,0.2321,0.2321,311,547,237,1.0,NEAR_COMPLETE_LBD,,False,NR3A1,ERα,Steroid hormone receptors
5DXP,5DXP_1,1,5DXP.B,B,B,PASS,,P03372,"[""X-RAY DIFFRACTION""]",2.201,2.201,0.2352,0.2352,311,547,237,1.0,NEAR_COMPLETE_LBD,,False,NR3A1,ERα,Steroid hormone receptors
5DXP,5DXP_1,1,5DXP.A,A,A,PASS,,P03372,"[""X-RAY DIFFRACTION""]",2.201,2.201,0.2352,0.2352,311,547,237,1.0,NEAR_COMPLETE_LBD,,False,NR3A1,ERα,Steroid hormone receptors
5DXQ,5DXQ_1,1,5DXQ.B,B,B,PASS,,P03372,"[""X-RAY DIFFRACTION""]",2.4,2.4,0.2393,0.2393,311,547,237,1.0,NEAR_COMPLETE_LBD,,False,NR3A1,ERα,Steroid hormone receptors
5DXQ,5DXQ_1,1,5DXQ.A,A,A,PASS,,P03372,"[""X-RAY DIFFRACTION""]",2.4,2.4,0.2393,0.2393,311,547,237,1.0,NEAR_COMPLETE_LBD,,False,NR3A1,ERα,Steroid hormone receptors
5DXR,5DXR_1,1,5DXR.B,B,B,PASS,,P03372,"[""X-RAY DIFFRACTION""]",2.28,2.28,0.2355,0.2355,311,547,237,1.0,NEAR_COMPLETE_LBD,,False,NR3A1,ERα,Steroid hormone receptors
5DXR,5DXR_1,1,5DXR.A,A,A,PASS,,P03372,"[""X-RAY DIFFRACTION""]",2.28,2.28,0.2355,0.2355,311,547,237,1.0,NEAR_COMPLETE_LBD,,False,NR3A1,ERα,Steroid hormone receptors
5DY8,5DY8_1,1,5DY8.B,B,B,PASS,,P03372,"[""X-RAY DIFFRACTION""]",2.031,2.031,0.2432,0.2432,311,547,237,1.0,NEAR_COMPLETE_LBD,,False,NR3A1,ERα,Steroid hormone receptors
5DY8,5DY8_1,1,5DY8.A,A,A,PASS,,P03372,"[""X-RAY DIFFRACTION""]",2.031,2.031,0.2432,0.2432,311,547,237,1.0,NEAR_COMPLETE_LBD,,False,NR3A1,ERα,Steroid hormone receptors
5DYB,5DYB_1,1,5DYB.B,B,B,PASS,,P03372,"[""X-RAY DIFFRACTION""]",2.27,2.27,0.2384,0.2384,311,547,237,1.0,NEAR_COMPLETE_LBD,,False,NR3A1,ERα,Steroid hormone receptors
5DYB,5DYB_1,1,5DYB.A,A,A,PASS,,P03372,"[""X-RAY DIFFRACTION""]",2.27,2.27,0.2384,0.2384,311,547,237,1.0,NEAR_COMPLETE_LBD,,False,NR3A1,ERα,Steroid hormone receptors
5DYD,5DYD_1,1,5DYD.B,B,B,PASS,,P03372,"[""X-RAY DIFFRACTION""]",2.485,2.485,0.2556,0.2556,311,547,237,1.0,NEAR_COMPLETE_LBD,,False,NR3A1,ERα,Steroid hormone receptors
5DYD,5DYD_1,1,5DYD.A,A,A,PASS,,P03372,"[""X-RAY DIFFRACTION""]",2.485,2.485,0.2556,0.2556,311,547,237,1.0,NEAR_COMPLETE_LBD,,False,NR3A1,ERα,Steroid hormone receptors
5DZ0,5DZ0_1,1,5DZ0.B,B,B,PASS,,P03372,"[""X-RAY DIFFRACTION""]",2.24,2.24,0.2322,0.2322,311,547,237,1.0,NEAR_COMPLETE_LBD,,False,NR3A1,ERα,Steroid hormone receptors
5DZ0,5DZ0_1,1,5DZ0.A,A,A,PASS,,P03372,"[""X-RAY DIFFRACTION""]",2.24,2.24,0.2322,0.2322,311,547,237,1.0,NEAR_COMPLETE_LBD,,False,NR3A1,ERα,Steroid hormone receptors
5DZ1,5DZ1_1,1,5DZ1.B,B,B,PASS,,P03372,"[""X-RAY DIFFRACTION""]",2.2,2.2,0.239,0.239,311,547,237,1.0,NEAR_COMPLETE_LBD,,False,NR3A1,ERα,Steroid hormone receptors
5DZ1,5DZ1_1,1,5DZ1.A,A,A,PASS,,P03372,"[""X-RAY DIFFRACTION""]",2.2,2.2,0.239,0.239,311,547,237,1.0,NEAR_COMPLETE_LBD,,False,NR3A1,ERα,Steroid hormone receptors
5DZ3,5DZ3_1,1,5DZ3.B,B,B,PASS,,P03372,"[""X-RAY DIFFRACTION""]",2.15,2.15,0.234,0.234,311,547,237,1.0,NEAR_COMPLETE_LBD,,False,NR3A1,ERα,Steroid hormone receptors
5DZ3,5DZ3_1,1,5DZ3.A,A,A,PASS,,P03372,"[""X-RAY DIFFRACTION""]",2.15,2.15,0.234,0.234,311,547,237,1.0,NEAR_COMPLETE_LBD,,False,NR3A1,ERα,Steroid hormone receptors
5DZH,5DZH_1,1,5DZH.B,B,B,PASS,,P03372,"[""X-RAY DIFFRACTION""]",2.11,2.11,0.2204,0.2204,311,547,237,1.0,NEAR_COMPLETE_LBD,,False,NR3A1,ERα,Steroid hormone receptors
5DZH,5DZH_1,1,5DZH.A,A,A,PASS,,P03372,"[""X-RAY DIFFRACTION""]",2.11,2.11,0.2204,0.2204,311,547,237,1.0,NEAR_COMPLETE_LBD,,False,NR3A1,ERα,Steroid hormone receptors
5DZI,5DZI_1,1,5DZI.B,B,B,PASS,,P03372,"[""X-RAY DIFFRACTION""]",1.9,1.9,0.2138,0.2138,311,547,237,1.0,NEAR_COMPLETE_LBD,,False,NR3A1,ERα,Steroid hormone receptors
5DZI,5DZI_1,1,5DZI.A,A,A,PASS,,P03372,"[""X-RAY DIFFRACTION""]",1.9,1.9,0.2138,0.2138,311,547,237,1.0,NEAR_COMPLETE_LBD,,False,NR3A1,ERα,Steroid hormone receptors
5E0W,5E0W_1,1,5E0W.B,B,B,PASS,,P03372,"[""X-RAY DIFFRACTION""]",2.0,2.0,0.2255,0.2255,311,547,237,1.0,NEAR_COMPLETE_LBD,,False,NR3A1,ERα,Steroid hormone receptors
5E0W,5E0W_1,1,5E0W.A,A,A,PASS,,P03372,"[""X-RAY DIFFRACTION""]",2.0,2.0,0.2255,0.2255,311,547,237,1.0,NEAR_COMPLETE_LBD,,False,NR3A1,ERα,Steroid hormone receptors
5E0X,5E0X_1,1,5E0X.B,B,B,PASS,,P03372,"[""X-RAY DIFFRACTION""]",2.014,2.014,0.237,0.237,311,547,237,1.0,NEAR_COMPLETE_LBD,,False,NR3A1,ERα,Steroid hormone receptors
5E0X,5E0X_1,1,5E0X.A,A,A,PASS,,P03372,"[""X-RAY DIFFRACTION""]",2.014,2.014,0.237,0.237,311,547,237,1.0,NEAR_COMPLETE_LBD,,False,NR3A1,ERα,Steroid hormone receptors
5E14,5E14_1,1,5E14.B,B,B,PASS,,P03372,"[""X-RAY DIFFRACTION""]",2.22,2.22,0.255,0.255,311,547,237,1.0,NEAR_COMPLETE_LBD,,False,NR3A1,ERα,Steroid hormone receptors
5E14,5E14_1,1,5E14.A,A,A,PASS,,P03372,"[""X-RAY DIFFRACTION""]",2.22,2.22,0.255,0.255,311,547,237,1.0,NEAR_COMPLETE_LBD,,False,NR3A1,ERα,Steroid hormone receptors
5E15,5E15_1,1,5E15.B,B,B,PASS,,P03372,"[""X-RAY DIFFRACTION""]",2.1,2.1,0.241,0.241,311,547,237,1.0,NEAR_COMPLETE_LBD,,False,NR3A1,ERα,Steroid hormone receptors
5E15,5E15_1,1,5E15.A,A,A,PASS,,P03372,"[""X-RAY DIFFRACTION""]",2.1,2.1,0.241,0.241,311,547,237,1.0,NEAR_COMPLETE_LBD,,False,NR3A1,ERα,Steroid hormone receptors
5E19,5E19_1,1,5E19.B,B,B,PASS,,P03372,"[""X-RAY DIFFRACTION""]",2.24,2.24,0.2329,0.2329,311,547,237,1.0,NEAR_COMPLETE_LBD,,False,NR3A1,ERα,Steroid hormone receptors
5E19,5E19_1,1,5E19.A,A,A,PASS,,P03372,"[""X-RAY DIFFRACTION""]",2.24,2.24,0.2329,0.2329,311,547,237,1.0,NEAR_COMPLETE_LBD,,False,NR3A1,ERα,Steroid hormone receptors
5E1C,5E1C_1,1,5E1C.B,B,B,PASS,,P03372,"[""X-RAY DIFFRACTION""]",1.98,1.98,0.2145,0.2145,311,547,237,1.0,NEAR_COMPLETE_LBD,,False,NR3A1,ERα,Steroid hormone receptors
5E1C,5E1C_1,1,5E1C.A,A,A,PASS,,P03372,"[""X-RAY DIFFRACTION""]",1.98,1.98,0.2145,0.2145,311,547,237,1.0,NEAR_COMPLETE_LBD,,False,NR3A1,ERα,Steroid hormone receptors
5E69,5E69_1,1,5E69.D,D,B,PASS,,P04150,"[""X-RAY DIFFRACTION""]",1.85,1.85,0.2418,0.2418,524,758,0,0.0,NO_LBD_OVERLAP,,False,NR3C1,GR,Steroid hormone receptors
5E69,5E69_1,1,5E69.A,A,A,PASS,,P04150,"[""X-RAY DIFFRACTION""]",1.85,1.85,0.2418,0.2418,524,758,0,0.0,NO_LBD_OVERLAP,,False,NR3C1,GR,Steroid hormone receptors
5E6A,5E6A_1,1,5E6A.D,D,B,PASS,,P04150,"[""X-RAY DIFFRACTION""]",2.197,2.197,0.2658,0.2658,524,758,0,0.0,NO_LBD_OVERLAP,,False,NR3C1,GR,Steroid hormone receptors
5E6A,5E6A_1,1,5E6A.A,A,A,PASS,,P04150,"[""X-RAY DIFFRACTION""]",2.197,2.197,0.2658,0.2658,524,758,0,0.0,NO_LBD_OVERLAP,,False,NR3C1,GR,Steroid hormone receptors
5E6B,5E6B_1,1,5E6B.D,D,B,PASS,,P04150,"[""X-RAY DIFFRACTION""]",2.25,2.25,0.2274,0.2274,524,758,0,0.0,NO_LBD_OVERLAP,,False,NR3C1,GR,Steroid hormone receptors
5E6B,5E6B_1,1,5E6B.A,A,A,PASS,,P04150,"[""X-RAY DIFFRACTION""]",2.25,2.25,0.2274,0.2274,524,758,0,0.0,NO_LBD_OVERLAP,,False,NR3C1,GR,Steroid hormone receptors
5E6C,5E6C_1,1,5E6C.B,B,B,PASS,,P04150,"[""X-RAY DIFFRACTION""]",2.2,2.2,0.2706,0.2706,524,758,0,0.0,NO_LBD_OVERLAP,,False,NR3C1,GR,Steroid hormone receptors
5E6C,5E6C_1,1,5E6C.A,A,A,PASS,,P04150,"[""X-RAY DIFFRACTION""]",2.2,2.2,0.2706,0.2706,524,758,0,0.0,NO_LBD_OVERLAP,,False,NR3C1,GR,Steroid hormone receptors
5E6D,5E6D_3,3,5E6D.D,D,B,PASS,,P04150,"[""X-RAY DIFFRACTION""]",2.4,2.4,0.2835,0.2835,524,758,0,0.0,NO_LBD_OVERLAP,,False,NR3C1,GR,Steroid hormone receptors
5E6D,5E6D_3,3,5E6D.C,C,A,PASS,,P04150,"[""X-RAY DIFFRACTION""]",2.4,2.4,0.2835,0.2835,524,758,0,0.0,NO_LBD_OVERLAP,,False,NR3C1,GR,Steroid hormone receptors
5EC9,5EC9_1,1,5EC9.A,A,A,PASS,,P19793,"[""X-RAY DIFFRACTION""]",2.3,2.3,0.2142,0.2142,227,458,210,0.905172,SUBSTANTIAL_LBD,,False,NR2B1,RXRα,Nutritional sensors
5EGV,5EGV_1,1,5EGV.B,B,B,PASS,,P03372,"[""X-RAY DIFFRACTION""]",2.863,2.863,0.2764,0.2764,311,547,237,1.0,NEAR_COMPLETE_LBD,,False,NR3A1,ERα,Steroid hormone receptors
5EGV,5EGV_1,1,5EGV.A,A,A,PASS,,P03372,"[""X-RAY DIFFRACTION""]",2.863,2.863,0.2764,0.2764,311,547,237,1.0,NEAR_COMPLETE_LBD,,False,NR3A1,ERα,Steroid hormone receptors
5EHJ,5EHJ_1,1,5EHJ.B,B,B,PASS,,P03372,"[""X-RAY DIFFRACTION""]",2.5,2.5,0.2543,0.2543,311,547,237,1.0,NEAR_COMPLETE_LBD,,False,NR3A1,ERα,Steroid hormone receptors
5EHJ,5EHJ_1,1,5EHJ.A,A,A,PASS,,P03372,"[""X-RAY DIFFRACTION""]",2.5,2.5,0.2543,0.2543,311,547,237,1.0,NEAR_COMPLETE_LBD,,False,NR3A1,ERα,Steroid hormone receptors
5EI1,5EI1_1,1,5EI1.B,B,B,PASS,,P03372,"[""X-RAY DIFFRACTION""]",2.4,2.4,0.2278,0.2278,311,547,237,1.0,NEAR_COMPLETE_LBD,,False,NR3A1,ERα,Steroid hormone receptors
5EI1,5EI1_1,1,5EI1.A,A,A,PASS,,P03372,"[""X-RAY DIFFRACTION""]",2.4,2.4,0.2278,0.2278,311,547,237,1.0,NEAR_COMPLETE_LBD,,False,NR3A1,ERα,Steroid hormone receptors
5EIT,5EIT_1,1,5EIT.B,B,B,PASS,,P03372,"[""X-RAY DIFFRACTION""]",2.68,2.68,0.2385,0.2385,311,547,237,1.0,NEAR_COMPLETE_LBD,,False,NR3A1,ERα,Steroid hormone receptors
5EIT,5EIT_1,1,5EIT.A,A,A,PASS,,P03372,"[""X-RAY DIFFRACTION""]",2.68,2.68,0.2385,0.2385,311,547,237,1.0,NEAR_COMPLETE_LBD,,False,NR3A1,ERα,Steroid hormone receptors
5EJV,5EJV_1,1,5EJV.C,C,B,PASS,,P51449,"[""X-RAY DIFFRACTION""]",2.58,2.58,0.2308,0.2308,269,508,240,1.0,NEAR_COMPLETE_LBD,,False,NR1F3,RORγ,Nutritional sensors
5EJV,5EJV_1,1,5EJV.A,A,A,PASS,,P51449,"[""X-RAY DIFFRACTION""]",2.58,2.58,0.2308,0.2308,269,508,240,1.0,NEAR_COMPLETE_LBD,,False,NR1F3,RORγ,Nutritional sensors
5EMC,5EMC_2,2,5EMC.C,C,B,PASS,,P04150,"[""X-RAY DIFFRACTION""]",2.3,2.3,0.2609,0.2609,524,758,0,0.0,NO_LBD_OVERLAP,,False,NR3C1,GR,Steroid hormone receptors
5EMC,5EMC_2,2,5EMC.B,B,A,PASS,,P04150,"[""X-RAY DIFFRACTION""]",2.3,2.3,0.2609,0.2609,524,758,0,0.0,NO_LBD_OVERLAP,,False,NR3C1,GR,Steroid hormone receptors
5EMP,5EMP_1,1,5EMP.B,B,B,PASS,,P04150,"[""X-RAY DIFFRACTION""]",2.3,2.3,0.238,0.238,524,758,0,0.0,NO_LBD_OVERLAP,,False,NR3C1,GR,Steroid hormone receptors
5EMP,5EMP_1,1,5EMP.A,A,A,PASS,,P04150,"[""X-RAY DIFFRACTION""]",2.3,2.3,0.238,0.238,524,758,0,0.0,NO_LBD_OVERLAP,,False,NR3C1,GR,Steroid hormone receptors
5EMQ,5EMQ_3,3,5EMQ.D,D,B,PASS,,P04150,"[""X-RAY DIFFRACTION""]",2.3,2.3,0.2243,0.2243,524,758,0,0.0,NO_LBD_OVERLAP,,False,NR3C1,GR,Steroid hormone receptors
5EMQ,5EMQ_3,3,5EMQ.C,C,A,PASS,,P04150,"[""X-RAY DIFFRACTION""]",2.3,2.3,0.2243,0.2243,524,758,0,0.0,NO_LBD_OVERLAP,,False,NR3C1,GR,Steroid hormone receptors
5ETH,5ETH_1,1,5ETH.B,B,B,PASS,,P51449,"[""X-RAY DIFFRACTION""]",2.803,2.803,0.2842,0.2842,269,508,219,0.9125,SUBSTANTIAL_LBD,,False,NR1F3,RORγ,Nutritional sensors
5ETH,5ETH_1,1,5ETH.A,A,A,PASS,,P51449,"[""X-RAY DIFFRACTION""]",2.803,2.803,0.2842,0.2842,269,508,219,0.9125,SUBSTANTIAL_LBD,,False,NR1F3,RORγ,Nutritional sensors
5F9B,5F9B_1,1,5F9B.B,B,B,PASS,,P37231,"[""X-RAY DIFFRACTION""]",2.25,2.25,0.2805,0.2805,238,503,266,1.0,NEAR_COMPLETE_LBD,,False,NR1C3,PPARγ,Nutritional sensors
5F9B,5F9B_1,1,5F9B.A,A,A,PASS,,P37231,"[""X-RAY DIFFRACTION""]",2.25,2.25,0.2805,0.2805,238,503,266,1.0,NEAR_COMPLETE_LBD,,False,NR1C3,PPARγ,Nutritional sensors
5FQP,5FQP_1,1,5FQP.A,A,A,PASS,,P03372,"[""X-RAY DIFFRACTION""]",1.88,1.88,0.23084,0.23084,311,547,237,1.0,NEAR_COMPLETE_LBD,,False,NR3A1,ERα,Steroid hormone receptors
5FQR,5FQR_1,1,5FQR.A,A,A,PASS,,P03372,"[""X-RAY DIFFRACTION""]",1.88,1.88,0.23686,0.23686,311,547,237,1.0,NEAR_COMPLETE_LBD,,False,NR3A1,ERα,Steroid hormone receptors
5FQS,5FQS_1,1,5FQS.A,A,A,PASS,,P03372,"[""X-RAY DIFFRACTION""]",1.94,1.94,0.22317,0.22317,311,547,237,1.0,NEAR_COMPLETE_LBD,,False,NR3A1,ERα,Steroid hormone receptors
5FQT,5FQT_1,1,5FQT.A,A,A,PASS,,P03372,"[""X-RAY DIFFRACTION""]",1.99,1.99,0.23219,0.23219,311,547,237,1.0,NEAR_COMPLETE_LBD,,False,NR3A1,ERα,Steroid hormone receptors
5FQV,5FQV_1,1,5FQV.A,A,A,PASS,,P03372,"[""X-RAY DIFFRACTION""]",1.74,1.74,0.2336,0.2336,311,547,237,1.0,NEAR_COMPLETE_LBD,,False,NR3A1,ERα,Steroid hormone receptors
5G3J,5G3J_1,1,5G3J.A,A,A,PASS,,P04150,"[""X-RAY DIFFRACTION""]",2.4,2.4,0.235,0.235,524,758,235,1.0,NEAR_COMPLETE_LBD,,False,NR3C1,GR,Steroid hormone receptors
5G42,5G42_1,1,5G42.A,A,A,PASS,,P51449,"[""X-RAY DIFFRACTION""]",1.72,1.72,0.2124,0.2124,269,508,239,0.995833,NEAR_COMPLETE_LBD,,False,NR1F3,RORγ,Nutritional sensors
5G43,5G43_1,1,5G43.A,A,A,PASS,,P51449,"[""X-RAY DIFFRACTION""]",2.58,2.58,0.2642,0.2642,269,508,239,0.995833,NEAR_COMPLETE_LBD,,False,NR1F3,RORγ,Nutritional sensors
5G44,5G44_1,1,5G44.A,A,A,PASS,,P51449,"[""X-RAY DIFFRACTION""]",1.84,1.84,0.2293,0.2293,269,508,239,0.995833,NEAR_COMPLETE_LBD,,False,NR1F3,RORγ,Nutritional sensors
5G45,5G45_1,1,5G45.A,A,A,PASS,,P51449,"[""X-RAY DIFFRACTION""]",2.07,2.07,0.2555,0.2555,269,508,239,0.995833,NEAR_COMPLETE_LBD,,False,NR1F3,RORγ,Nutritional sensors
5G46,5G46_1,1,5G46.A,A,A,PASS,,P51449,"[""X-RAY DIFFRACTION""]",1.76,1.76,0.2169,0.2169,269,508,239,0.995833,NEAR_COMPLETE_LBD,,False,NR1F3,RORγ,Nutritional sensors
5G5W,5G5W_1,1,5G5W.A,A,A,PASS,,P04150,"[""X-RAY DIFFRACTION""]",2.2,2.2,0.21,0.21,524,758,235,1.0,NEAR_COMPLETE_LBD,,False,NR3C1,GR,Steroid hormone receptors
5GS4,5GS4_1,1,5GS4.A,A,A,PASS,,P03372,"[""X-RAY DIFFRACTION""]",2.4,2.4,0.2815,0.2815,311,547,237,1.0,NEAR_COMPLETE_LBD,,False,NR3A1,ERα,Steroid hormone receptors
5GT4,5GT4_1,1,5GT4.A,A,A,PASS,,P11473,"[""X-RAY DIFFRACTION""]",1.83,1.83,0.2171,0.2171,127,423,246,0.828283,SUBSTANTIAL_LBD,,False,NR1I1,VDR,Steroid hormone receptors
5GTN,5GTN_1,1,5GTN.A,A,A,PASS,,P37231,"[""X-RAY DIFFRACTION""]",1.85,1.85,0.23165,0.23165,238,503,266,1.0,NEAR_COMPLETE_LBD,,False,NR1C3,PPARγ,Nutritional sensors
5GTO,5GTO_1,1,5GTO.A,A,A,PASS,,P37231,"[""X-RAY DIFFRACTION""]",2.1,2.1,0.24247,0.24247,238,503,266,1.0,NEAR_COMPLETE_LBD,,False,NR1C3,PPARγ,Nutritional sensors
5GTP,5GTP_1,1,5GTP.A,A,A,PASS,,P37231,"[""X-RAY DIFFRACTION""]",2.35,2.35,0.25809,0.25809,238,503,266,1.0,NEAR_COMPLETE_LBD,,False,NR1C3,PPARγ,Nutritional sensors
5GTR,5GTR_1,1,5GTR.A,A,A,PASS,,P03372,"[""X-RAY DIFFRACTION""]",2.804,2.804,0.3674,0.3674,311,547,237,1.0,NEAR_COMPLETE_LBD,,False,NR3A1,ERα,Steroid hormone receptors
5HCV,5HCV_1,1,5HCV.C,C,C,PASS,,P08235,"[""X-RAY DIFFRACTION""]",2.5,2.5,0.25571,0.25571,726,964,233,0.974895,NEAR_COMPLETE_LBD,,False,NR3C2,MR,Steroid hormone receptors
5HCV,5HCV_1,1,5HCV.B,B,B,PASS,,P08235,"[""X-RAY DIFFRACTION""]",2.5,2.5,0.25571,0.25571,726,964,233,0.974895,NEAR_COMPLETE_LBD,,False,NR3C2,MR,Steroid hormone receptors
5HCV,5HCV_1,1,5HCV.A,A,A,PASS,,P08235,"[""X-RAY DIFFRACTION""]",2.5,2.5,0.25571,0.25571,726,964,233,0.974895,NEAR_COMPLETE_LBD,,False,NR3C2,MR,Steroid hormone receptors
5HJP,5HJP_1,1,5HJP.C,C,C,PASS,,P28702,"[""X-RAY DIFFRACTION""]",2.6,2.6,0.2826,0.2826,296,529,231,0.987179,NEAR_COMPLETE_LBD,,False,NR2B2,RXRβ,Nutritional sensors
5HJP,5HJP_1,1,5HJP.A,A,A,PASS,,P28702,"[""X-RAY DIFFRACTION""]",2.6,2.6,0.2826,0.2826,296,529,231,0.987179,NEAR_COMPLETE_LBD,,False,NR2B2,RXRβ,Nutritional sensors
5HJP,5HJP_2,2,5HJP.D,D,D,PASS,,P55055,"[""X-RAY DIFFRACTION""]",2.6,2.6,0.2826,0.2826,222,460,239,1.0,NEAR_COMPLETE_LBD,,False,NR1H2,LXRβ,Nutritional sensors
5HJP,5HJP_2,2,5HJP.B,B,B,PASS,,P55055,"[""X-RAY DIFFRACTION""]",2.6,2.6,0.2826,0.2826,222,460,239,1.0,NEAR_COMPLETE_LBD,,False,NR1H2,LXRβ,Nutritional sensors
5HJS,5HJS_1,1,5HJS.B,B,B,PASS,,Q13133,"[""X-RAY DIFFRACTION""]",1.72,1.72,0.2384,0.2384,209,447,239,1.0,NEAR_COMPLETE_LBD,,False,NR1H3,LXRα,Nutritional sensors
5HJS,5HJS_1,1,5HJS.A,A,A,PASS,,Q13133,"[""X-RAY DIFFRACTION""]",1.72,1.72,0.2384,0.2384,209,447,239,1.0,NEAR_COMPLETE_LBD,,False,NR1H3,LXRα,Nutritional sensors
5HYK,5HYK_1,1,5HYK.A,A,A,PASS,,Q07869,"[""X-RAY DIFFRACTION""]",1.83,1.83,0.2618,0.2618,239,466,228,1.0,NEAR_COMPLETE_LBD,,False,NR1C1,PPARα,Nutritional sensors
5HYR,5HYR_1,1,5HYR.B,B,B,PASS,,P03372,"[""X-RAY DIFFRACTION""]",2.271,2.271,0.252,0.252,311,547,237,1.0,NEAR_COMPLETE_LBD,,False,NR3A1,ERα,Steroid hormone receptors
5HYR,5HYR_1,1,5HYR.A,A,A,PASS,,P03372,"[""X-RAY DIFFRACTION""]",2.271,2.271,0.252,0.252,311,547,237,1.0,NEAR_COMPLETE_LBD,,False,NR3A1,ERα,Steroid hormone receptors
5HZC,5HZC_1,1,5HZC.B,B,B,PASS,,P37231,"[""X-RAY DIFFRACTION""]",2.0,2.0,0.2695,0.2695,238,503,266,1.0,NEAR_COMPLETE_LBD,,False,NR1C3,PPARγ,Nutritional sensors
5HZC,5HZC_1,1,5HZC.A,A,A,PASS,,P37231,"[""X-RAY DIFFRACTION""]",2.0,2.0,0.2695,0.2695,238,503,266,1.0,NEAR_COMPLETE_LBD,,False,NR1C3,PPARγ,Nutritional sensors
5I4V,5I4V_1,1,5I4V.C,C,E,PASS,,P55055,"[""X-RAY DIFFRACTION""]",2.61,2.61,0.24815,0.24815,222,460,239,1.0,NEAR_COMPLETE_LBD,,True,NR1H2,LXRβ,Nutritional sensors
5I4V,5I4V_1,1,5I4V.A,A,A,PASS,,P55055,"[""X-RAY DIFFRACTION""]",2.61,2.61,0.24815,0.24815,222,460,239,1.0,NEAR_COMPLETE_LBD,,True,NR1H2,LXRβ,Nutritional sensors
5I4V,5I4V_2,2,5I4V.D,D,F,PASS,,P28702,"[""X-RAY DIFFRACTION""]",2.61,2.61,0.24815,0.24815,296,529,233,0.995726,NEAR_COMPLETE_LBD,,True,NR2B2,RXRβ,Nutritional sensors
5I4V,5I4V_2,2,5I4V.B,B,B,PASS,,P28702,"[""X-RAY DIFFRACTION""]",2.61,2.61,0.24815,0.24815,296,529,233,0.995726,NEAR_COMPLETE_LBD,,True,NR2B2,RXRβ,Nutritional sensors
5IAW,5IAW_1,1,5IAW.B,B,B,PASS,,Q96RI1,"[""X-RAY DIFFRACTION""]",2.58,2.58,0.2491,0.2491,262,486,225,1.0,NEAR_COMPLETE_LBD,,False,NR1H4,FXR,Nutritional sensors
5IAW,5IAW_1,1,5IAW.A,A,A,PASS,,Q96RI1,"[""X-RAY DIFFRACTION""]",2.58,2.58,0.2491,0.2491,262,486,225,1.0,NEAR_COMPLETE_LBD,,False,NR1H4,FXR,Nutritional sensors
5ICK,5ICK_1,1,5ICK.B,B,B,PASS,,Q96RI1,"[""X-RAY DIFFRACTION""]",2.47,2.47,0.2771,0.2771,262,486,225,1.0,NEAR_COMPLETE_LBD,,False,NR1H4,FXR,Nutritional sensors
5ICK,5ICK_1,1,5ICK.A,A,A,PASS,,Q96RI1,"[""X-RAY DIFFRACTION""]",2.47,2.47,0.2771,0.2771,262,486,225,1.0,NEAR_COMPLETE_LBD,,False,NR1H4,FXR,Nutritional sensors
5IXK,5IXK_1,1,5IXK.B,B,B,PASS,,P51449,"[""X-RAY DIFFRACTION""]",2.35,2.35,0.2631,0.2631,269,508,219,0.9125,SUBSTANTIAL_LBD,,False,NR1F3,RORγ,Nutritional sensors
5IXK,5IXK_1,1,5IXK.A,A,A,PASS,,P51449,"[""X-RAY DIFFRACTION""]",2.35,2.35,0.2631,0.2631,269,508,219,0.9125,SUBSTANTIAL_LBD,,False,NR1F3,RORγ,Nutritional sensors
5IZ0,5IZ0_1,1,5IZ0.G,G,G,PASS,,P51449,"[""X-RAY DIFFRACTION""]",2.635,2.635,0.2553,0.2553,269,508,240,1.0,NEAR_COMPLETE_LBD,,False,NR1F3,RORγ,Nutritional sensors
5IZ0,5IZ0_1,1,5IZ0.E,E,D,PASS,,P51449,"[""X-RAY DIFFRACTION""]",2.635,2.635,0.2553,0.2553,269,508,240,1.0,NEAR_COMPLETE_LBD,,False,NR1F3,RORγ,Nutritional sensors
5IZ0,5IZ0_1,1,5IZ0.C,C,B,PASS,,P51449,"[""X-RAY DIFFRACTION""]",2.635,2.635,0.2553,0.2553,269,508,240,1.0,NEAR_COMPLETE_LBD,,False,NR1F3,RORγ,Nutritional sensors
5IZ0,5IZ0_1,1,5IZ0.A,A,A,PASS,,P51449,"[""X-RAY DIFFRACTION""]",2.635,2.635,0.2553,0.2553,269,508,240,1.0,NEAR_COMPLETE_LBD,,False,NR1F3,RORγ,Nutritional sensors
5JI0,5JI0_1,1,5JI0.A,A,A,PASS,,P19793,"[""X-RAY DIFFRACTION""]",1.98,1.98,0.246,0.246,227,458,232,1.0,NEAR_COMPLETE_LBD,,False,NR2B1,RXRα,Nutritional sensors
5JI0,5JI0_2,2,5JI0.B,B,D,PASS,,P37231,"[""X-RAY DIFFRACTION""]",1.98,1.98,0.246,0.246,238,503,266,1.0,NEAR_COMPLETE_LBD,,False,NR1C3,PPARγ,Nutritional sensors
5JJM,5JJM_1,1,5JJM.G,G,D,PASS,,P10275,"[""X-RAY DIFFRACTION""]",2.15,2.15,0.24312,0.24312,669,900,232,1.0,NEAR_COMPLETE_LBD,,False,NR3C4,AR,Steroid hormone receptors
5JJM,5JJM_1,1,5JJM.E,E,C,PASS,,P10275,"[""X-RAY DIFFRACTION""]",2.15,2.15,0.24312,0.24312,669,900,232,1.0,NEAR_COMPLETE_LBD,,False,NR3C4,AR,Steroid hormone receptors
5JJM,5JJM_1,1,5JJM.A,A,A,PASS,,P10275,"[""X-RAY DIFFRACTION""]",2.15,2.15,0.24312,0.24312,669,900,232,1.0,NEAR_COMPLETE_LBD,,False,NR3C4,AR,Steroid hormone receptors
5JJM,5JJM_3,3,5JJM.C,C,B,PASS,,P10275,"[""X-RAY DIFFRACTION""]",2.15,2.15,0.24312,0.24312,669,900,232,1.0,NEAR_COMPLETE_LBD,,False,NR3C4,AR,Steroid hormone receptors
5JMM,5JMM_1,1,5JMM.A,A,A,PASS,,P03372,"[""X-RAY DIFFRACTION""]",2.1,2.1,0.2161,0.2161,311,547,237,1.0,NEAR_COMPLETE_LBD,,False,NR3A1,ERα,Steroid hormone receptors
5JMM,5JMM_2,2,5JMM.B,B,B,PASS,,P03372,"[""X-RAY DIFFRACTION""]",2.1,2.1,0.2161,0.2161,311,547,237,1.0,NEAR_COMPLETE_LBD,,False,NR3A1,ERα,Steroid hormone receptors
5JY3,5JY3_1,1,5JY3.D,D,D,PASS,,P55055,"[""X-RAY DIFFRACTION""]",2.4,2.4,0.2678,0.2678,222,460,239,1.0,NEAR_COMPLETE_LBD,,False,NR1H2,LXRβ,Nutritional sensors
5JY3,5JY3_1,1,5JY3.C,C,C,PASS,,P55055,"[""X-RAY DIFFRACTION""]",2.4,2.4,0.2678,0.2678,222,460,239,1.0,NEAR_COMPLETE_LBD,,False,NR1H2,LXRβ,Nutritional sensors
5JY3,5JY3_1,1,5JY3.B,B,B,PASS,,P55055,"[""X-RAY DIFFRACTION""]",2.4,2.4,0.2678,0.2678,222,460,239,1.0,NEAR_COMPLETE_LBD,,False,NR1H2,LXRβ,Nutritional sensors
5JY3,5JY3_1,1,5JY3.A,A,A,PASS,,P55055,"[""X-RAY DIFFRACTION""]",2.4,2.4,0.2678,0.2678,222,460,239,1.0,NEAR_COMPLETE_LBD,,False,NR1H2,LXRβ,Nutritional sensors
5K13,5K13_1,1,5K13.A,A,A,PASS,,P10276,"[""X-RAY DIFFRACTION""]",1.85,1.85,0.2223,0.2223,183,417,235,1.0,NEAR_COMPLETE_LBD,,False,NR1B1,RARα,Steroid hormone receptors
5K38,5K38_1,1,5K38.B,B,B,PASS,,P51449,"[""X-RAY DIFFRACTION""]",2.05,2.05,0.20693,0.20693,269,508,239,0.995833,NEAR_COMPLETE_LBD,,False,NR1F3,RORγ,Nutritional sensors
5K38,5K38_1,1,5K38.A,A,A,PASS,,P51449,"[""X-RAY DIFFRACTION""]",2.05,2.05,0.20693,0.20693,269,508,239,0.995833,NEAR_COMPLETE_LBD,,False,NR1F3,RORγ,Nutritional sensors
5K3L,5K3L_1,1,5K3L.D,D,D,PASS,,P51449,"[""X-RAY DIFFRACTION""]",2.75,2.75,0.2644,0.2644,269,508,239,0.995833,NEAR_COMPLETE_LBD,,False,NR1F3,RORγ,Nutritional sensors
5K3L,5K3L_1,1,5K3L.C,C,C,PASS,,P51449,"[""X-RAY DIFFRACTION""]",2.75,2.75,0.2644,0.2644,269,508,239,0.995833,NEAR_COMPLETE_LBD,,False,NR1F3,RORγ,Nutritional sensors
5K3L,5K3L_1,1,5K3L.B,B,B,PASS,,P51449,"[""X-RAY DIFFRACTION""]",2.75,2.75,0.2644,0.2644,269,508,239,0.995833,NEAR_COMPLETE_LBD,,False,NR1F3,RORγ,Nutritional sensors
5K3L,5K3L_1,1,5K3L.A,A,A,PASS,,P51449,"[""X-RAY DIFFRACTION""]",2.75,2.75,0.2644,0.2644,269,508,239,0.995833,NEAR_COMPLETE_LBD,,False,NR1F3,RORγ,Nutritional sensors
5K3M,5K3M_1,1,5K3M.B,B,B,PASS,,P51449,"[""X-RAY DIFFRACTION""]",2.894,2.894,0.295,0.295,269,508,239,0.995833,NEAR_COMPLETE_LBD,,False,NR1F3,RORγ,Nutritional sensors
5K3M,5K3M_1,1,5K3M.A,A,A,PASS,,P51449,"[""X-RAY DIFFRACTION""]",2.894,2.894,0.295,0.295,269,508,239,0.995833,NEAR_COMPLETE_LBD,,False,NR1F3,RORγ,Nutritional sensors
5K3N,5K3N_1,1,5K3N.D,D,D,PASS,,P51449,"[""X-RAY DIFFRACTION""]",2.666,2.666,0.2849,0.2849,269,508,239,0.995833,NEAR_COMPLETE_LBD,,False,NR1F3,RORγ,Nutritional sensors
5K3N,5K3N_1,1,5K3N.C,C,C,PASS,,P51449,"[""X-RAY DIFFRACTION""]",2.666,2.666,0.2849,0.2849,269,508,239,0.995833,NEAR_COMPLETE_LBD,,False,NR1F3,RORγ,Nutritional sensors
5K3N,5K3N_1,1,5K3N.B,B,B,PASS,,P51449,"[""X-RAY DIFFRACTION""]",2.666,2.666,0.2849,0.2849,269,508,239,0.995833,NEAR_COMPLETE_LBD,,False,NR1F3,RORγ,Nutritional sensors
5K3N,5K3N_1,1,5K3N.A,A,A,PASS,,P51449,"[""X-RAY DIFFRACTION""]",2.666,2.666,0.2849,0.2849,269,508,239,0.995833,NEAR_COMPLETE_LBD,,False,NR1F3,RORγ,Nutritional sensors
5K6E,5K6E_1,1,5K6E.B,B,B,PASS,,P51449,"[""X-RAY DIFFRACTION""]",2.8,2.8,0.2593,0.2593,269,508,239,0.995833,NEAR_COMPLETE_LBD,,False,NR1F3,RORγ,Nutritional sensors
5K6E,5K6E_1,1,5K6E.A,A,A,PASS,,P51449,"[""X-RAY DIFFRACTION""]",2.8,2.8,0.2593,0.2593,269,508,239,0.995833,NEAR_COMPLETE_LBD,,False,NR1F3,RORγ,Nutritional sensors
5K74,5K74_1,1,5K74.B,B,B,PASS,,P51449,"[""X-RAY DIFFRACTION""]",2.75,2.75,0.2161,0.2161,269,508,239,0.995833,NEAR_COMPLETE_LBD,,False,NR1F3,RORγ,Nutritional sensors
5K74,5K74_1,1,5K74.A,A,A,PASS,,P51449,"[""X-RAY DIFFRACTION""]",2.75,2.75,0.2161,0.2161,269,508,239,0.995833,NEAR_COMPLETE_LBD,,False,NR1F3,RORγ,Nutritional sensors
5KCC,5KCC_1,1,5KCC.B,B,B,PASS,,P03372,"[""X-RAY DIFFRACTION""]",2.386,2.386,0.2649,0.2649,311,547,237,1.0,NEAR_COMPLETE_LBD,,False,NR3A1,ERα,Steroid hormone receptors
5KCC,5KCC_1,1,5KCC.A,A,A,PASS,,P03372,"[""X-RAY DIFFRACTION""]",2.386,2.386,0.2649,0.2649,311,547,237,1.0,NEAR_COMPLETE_LBD,,False,NR3A1,ERα,Steroid hormone receptors
5KCD,5KCD_1,1,5KCD.B,B,B,PASS,,P03372,"[""X-RAY DIFFRACTION""]",1.82,1.82,0.2053,0.2053,311,547,237,1.0,NEAR_COMPLETE_LBD,,False,NR3A1,ERα,Steroid hormone receptors
5KCD,5KCD_1,1,5KCD.A,A,A,PASS,,P03372,"[""X-RAY DIFFRACTION""]",1.82,1.82,0.2053,0.2053,311,547,237,1.0,NEAR_COMPLETE_LBD,,False,NR3A1,ERα,Steroid hormone receptors
5KCE,5KCE_1,1,5KCE.B,B,B,PASS,,P03372,"[""X-RAY DIFFRACTION""]",1.847,1.847,0.2496,0.2496,311,547,237,1.0,NEAR_COMPLETE_LBD,,False,NR3A1,ERα,Steroid hormone receptors
5KCE,5KCE_1,1,5KCE.A,A,A,PASS,,P03372,"[""X-RAY DIFFRACTION""]",1.847,1.847,0.2496,0.2496,311,547,237,1.0,NEAR_COMPLETE_LBD,,False,NR3A1,ERα,Steroid hormone receptors
5KCF,5KCF_1,1,5KCF.B,B,B,PASS,,P03372,"[""X-RAY DIFFRACTION""]",2.07,2.07,0.2361,0.2361,311,547,237,1.0,NEAR_COMPLETE_LBD,,False,NR3A1,ERα,Steroid hormone receptors
5KCF,5KCF_1,1,5KCF.A,A,A,PASS,,P03372,"[""X-RAY DIFFRACTION""]",2.07,2.07,0.2361,0.2361,311,547,237,1.0,NEAR_COMPLETE_LBD,,False,NR3A1,ERα,Steroid hormone receptors
5KCT,5KCT_1,1,5KCT.B,B,B,PASS,,P03372,"[""X-RAY DIFFRACTION""]",1.6,1.6,0.2124,0.2124,311,547,237,1.0,NEAR_COMPLETE_LBD,,False,NR3A1,ERα,Steroid hormone receptors
5KCT,5KCT_1,1,5KCT.A,A,A,PASS,,P03372,"[""X-RAY DIFFRACTION""]",1.6,1.6,0.2124,0.2124,311,547,237,1.0,NEAR_COMPLETE_LBD,,False,NR3A1,ERα,Steroid hormone receptors
5KCU,5KCU_1,1,5KCU.B,B,B,PASS,,P03372,"[""X-RAY DIFFRACTION""]",2.03,2.03,0.2517,0.2517,311,547,237,1.0,NEAR_COMPLETE_LBD,,False,NR3A1,ERα,Steroid hormone receptors
5KCU,5KCU_1,1,5KCU.A,A,A,PASS,,P03372,"[""X-RAY DIFFRACTION""]",2.03,2.03,0.2517,0.2517,311,547,237,1.0,NEAR_COMPLETE_LBD,,False,NR3A1,ERα,Steroid hormone receptors
5KCW,5KCW_1,1,5KCW.B,B,B,PASS,,P03372,"[""X-RAY DIFFRACTION""]",1.905,1.905,0.2455,0.2455,311,547,237,1.0,NEAR_COMPLETE_LBD,,False,NR3A1,ERα,Steroid hormone receptors
5KCW,5KCW_1,1,5KCW.A,A,A,PASS,,P03372,"[""X-RAY DIFFRACTION""]",1.905,1.905,0.2455,0.2455,311,547,237,1.0,NEAR_COMPLETE_LBD,,False,NR3A1,ERα,Steroid hormone receptors
5KD9,5KD9_1,1,5KD9.B,B,B,PASS,,P03372,"[""X-RAY DIFFRACTION""]",1.78,1.78,0.2126,0.2126,311,547,237,1.0,NEAR_COMPLETE_LBD,,False,NR3A1,ERα,Steroid hormone receptors
5KD9,5KD9_1,1,5KD9.A,A,A,PASS,,P03372,"[""X-RAY DIFFRACTION""]",1.78,1.78,0.2126,0.2126,311,547,237,1.0,NEAR_COMPLETE_LBD,,False,NR3A1,ERα,Steroid hormone receptors
5KR9,5KR9_1,1,5KR9.B,B,B,PASS,,P03372,"[""X-RAY DIFFRACTION""]",2.25,2.25,0.2508,0.2508,311,547,237,1.0,NEAR_COMPLETE_LBD,,False,NR3A1,ERα,Steroid hormone receptors
5KR9,5KR9_1,1,5KR9.A,A,A,PASS,,P03372,"[""X-RAY DIFFRACTION""]",2.25,2.25,0.2508,0.2508,311,547,237,1.0,NEAR_COMPLETE_LBD,,False,NR3A1,ERα,Steroid hormone receptors
5KRA,5KRA_1,1,5KRA.F,F,F,PASS,,P03372,"[""X-RAY DIFFRACTION""]",2.401,2.401,0.2485,0.2485,311,547,237,1.0,NEAR_COMPLETE_LBD,,False,NR3A1,ERα,Steroid hormone receptors
5KRA,5KRA_1,1,5KRA.E,E,E,PASS,,P03372,"[""X-RAY DIFFRACTION""]",2.401,2.401,0.2485,0.2485,311,547,237,1.0,NEAR_COMPLETE_LBD,,False,NR3A1,ERα,Steroid hormone receptors
5KRA,5KRA_1,1,5KRA.B,B,B,PASS,,P03372,"[""X-RAY DIFFRACTION""]",2.401,2.401,0.2485,0.2485,311,547,237,1.0,NEAR_COMPLETE_LBD,,False,NR3A1,ERα,Steroid hormone receptors
5KRA,5KRA_1,1,5KRA.A,A,A,PASS,,P03372,"[""X-RAY DIFFRACTION""]",2.401,2.401,0.2485,0.2485,311,547,237,1.0,NEAR_COMPLETE_LBD,,False,NR3A1,ERα,Steroid hormone receptors
5KRC,5KRC_1,1,5KRC.B,B,B,PASS,,P03372,"[""X-RAY DIFFRACTION""]",2.4,2.4,0.2352,0.2352,311,547,237,1.0,NEAR_COMPLETE_LBD,,False,NR3A1,ERα,Steroid hormone receptors
5KRC,5KRC_1,1,5KRC.A,A,A,PASS,,P03372,"[""X-RAY DIFFRACTION""]",2.4,2.4,0.2352,0.2352,311,547,237,1.0,NEAR_COMPLETE_LBD,,False,NR3A1,ERα,Steroid hormone receptors
5KRF,5KRF_1,1,5KRF.B,B,B,PASS,,P03372,"[""X-RAY DIFFRACTION""]",2.193,2.193,0.2661,0.2661,311,547,237,1.0,NEAR_COMPLETE_LBD,,False,NR3A1,ERα,Steroid hormone receptors
5KRF,5KRF_1,1,5KRF.A,A,A,PASS,,P03372,"[""X-RAY DIFFRACTION""]",2.193,2.193,0.2661,0.2661,311,547,237,1.0,NEAR_COMPLETE_LBD,,False,NR3A1,ERα,Steroid hormone receptors
5KRH,5KRH_1,1,5KRH.B,B,B,PASS,,P03372,"[""X-RAY DIFFRACTION""]",2.243,2.243,0.2433,0.2433,311,547,237,1.0,NEAR_COMPLETE_LBD,,False,NR3A1,ERα,Steroid hormone receptors
5KRH,5KRH_1,1,5KRH.A,A,A,PASS,,P03372,"[""X-RAY DIFFRACTION""]",2.243,2.243,0.2433,0.2433,311,547,237,1.0,NEAR_COMPLETE_LBD,,False,NR3A1,ERα,Steroid hormone receptors
5KRI,5KRI_1,1,5KRI.B,B,B,PASS,,P03372,"[""X-RAY DIFFRACTION""]",2.247,2.247,0.2203,0.2203,311,547,237,1.0,NEAR_COMPLETE_LBD,,False,NR3A1,ERα,Steroid hormone receptors
5KRI,5KRI_1,1,5KRI.A,A,A,PASS,,P03372,"[""X-RAY DIFFRACTION""]",2.247,2.247,0.2203,0.2203,311,547,237,1.0,NEAR_COMPLETE_LBD,,False,NR3A1,ERα,Steroid hormone receptors
5KRJ,5KRJ_1,1,5KRJ.B,B,B,PASS,,P03372,"[""X-RAY DIFFRACTION""]",2.7,2.7,0.2355,0.2355,311,547,237,1.0,NEAR_COMPLETE_LBD,,False,NR3A1,ERα,Steroid hormone receptors
5KRJ,5KRJ_1,1,5KRJ.A,A,A,PASS,,P03372,"[""X-RAY DIFFRACTION""]",2.7,2.7,0.2355,0.2355,311,547,237,1.0,NEAR_COMPLETE_LBD,,False,NR3A1,ERα,Steroid hormone receptors
5KRK,5KRK_1,1,5KRK.B,B,B,PASS,,P03372,"[""X-RAY DIFFRACTION""]",2.391,2.391,0.2319,0.2319,311,547,237,1.0,NEAR_COMPLETE_LBD,,False,NR3A1,ERα,Steroid hormone receptors
5KRK,5KRK_1,1,5KRK.A,A,A,PASS,,P03372,"[""X-RAY DIFFRACTION""]",2.391,2.391,0.2319,0.2319,311,547,237,1.0,NEAR_COMPLETE_LBD,,False,NR3A1,ERα,Steroid hormone receptors
5KRL,5KRL_1,1,5KRL.B,B,B,PASS,,P03372,"[""X-RAY DIFFRACTION""]",2.4,2.4,0.2176,0.2176,311,547,237,1.0,NEAR_COMPLETE_LBD,,False,NR3A1,ERα,Steroid hormone receptors
5KRL,5KRL_1,1,5KRL.A,A,A,PASS,,P03372,"[""X-RAY DIFFRACTION""]",2.4,2.4,0.2176,0.2176,311,547,237,1.0,NEAR_COMPLETE_LBD,,False,NR3A1,ERα,Steroid hormone receptors
5KRM,5KRM_1,1,5KRM.B,B,B,PASS,,P03372,"[""X-RAY DIFFRACTION""]",2.24,2.24,0.2131,0.2131,311,547,237,1.0,NEAR_COMPLETE_LBD,,False,NR3A1,ERα,Steroid hormone receptors
5KRM,5KRM_1,1,5KRM.A,A,A,PASS,,P03372,"[""X-RAY DIFFRACTION""]",2.24,2.24,0.2131,0.2131,311,547,237,1.0,NEAR_COMPLETE_LBD,,False,NR3A1,ERα,Steroid hormone receptors
5KRO,5KRO_1,1,5KRO.B,B,B,PASS,,P03372,"[""X-RAY DIFFRACTION""]",2.1,2.1,0.2281,0.2281,311,547,237,1.0,NEAR_COMPLETE_LBD,,False,NR3A1,ERα,Steroid hormone receptors
5KRO,5KRO_1,1,5KRO.A,A,A,PASS,,P03372,"[""X-RAY DIFFRACTION""]",2.1,2.1,0.2281,0.2281,311,547,237,1.0,NEAR_COMPLETE_LBD,,False,NR3A1,ERα,Steroid hormone receptors
5KYA,5KYA_1,1,5KYA.C,C,E,PASS,,P55055,"[""X-RAY DIFFRACTION""]",2.598,2.598,0.24851,0.24851,222,460,239,1.0,NEAR_COMPLETE_LBD,,False,NR1H2,LXRβ,Nutritional sensors
5KYA,5KYA_1,1,5KYA.A,A,A,PASS,,P55055,"[""X-RAY DIFFRACTION""]",2.598,2.598,0.24851,0.24851,222,460,239,1.0,NEAR_COMPLETE_LBD,,False,NR1H2,LXRβ,Nutritional sensors
5KYA,5KYA_2,2,5KYA.D,D,F,PASS,,P28702,"[""X-RAY DIFFRACTION""]",2.598,2.598,0.24851,0.24851,296,529,233,0.995726,NEAR_COMPLETE_LBD,,False,NR2B2,RXRβ,Nutritional sensors
5KYA,5KYA_2,2,5KYA.B,B,B,PASS,,P28702,"[""X-RAY DIFFRACTION""]",2.598,2.598,0.24851,0.24851,296,529,233,0.995726,NEAR_COMPLETE_LBD,,False,NR2B2,RXRβ,Nutritional sensors
5KYJ,5KYJ_1,1,5KYJ.C,C,E,PASS,,P55055,"[""X-RAY DIFFRACTION""]",2.8,2.8,0.2528,0.2528,222,460,239,1.0,NEAR_COMPLETE_LBD,,False,NR1H2,LXRβ,Nutritional sensors
5KYJ,5KYJ_1,1,5KYJ.A,A,A,PASS,,P55055,"[""X-RAY DIFFRACTION""]",2.8,2.8,0.2528,0.2528,222,460,239,1.0,NEAR_COMPLETE_LBD,,False,NR1H2,LXRβ,Nutritional sensors
5KYJ,5KYJ_2,2,5KYJ.D,D,F,PASS,,P28702,"[""X-RAY DIFFRACTION""]",2.8,2.8,0.2528,0.2528,296,529,233,0.995726,NEAR_COMPLETE_LBD,,False,NR2B2,RXRβ,Nutritional sensors
5KYJ,5KYJ_2,2,5KYJ.B,B,B,PASS,,P28702,"[""X-RAY DIFFRACTION""]",2.8,2.8,0.2528,0.2528,296,529,233,0.995726,NEAR_COMPLETE_LBD,,False,NR2B2,RXRβ,Nutritional sensors
5L0M,5L0M_1,1,5L0M.A,A,A,PASS,,O00482,"[""X-RAY DIFFRACTION""]",2.197,2.197,0.197,0.197,300,539,0,0.0,NO_LBD_OVERLAP,,False,NR5A2,LRH-1,Nutritional sensors
5L11,5L11_1,1,5L11.A,A,A,PASS,,O00482,"[""X-RAY DIFFRACTION""]",1.849,1.849,0.2413,0.2413,300,539,240,1.0,NEAR_COMPLETE_LBD,,False,NR5A2,LRH-1,Nutritional sensors
5L7E,5L7E_1,1,5L7E.A,A,A,PASS,,P08235,"[""X-RAY DIFFRACTION""]",1.86,1.86,0.1973,0.1973,726,964,230,0.962343,NEAR_COMPLETE_LBD,,False,NR3C2,MR,Steroid hormone receptors
5L7G,5L7G_1,1,5L7G.A,A,A,PASS,,P08235,"[""X-RAY DIFFRACTION""]",2.01,2.01,0.2434,0.2434,726,964,230,0.962343,NEAR_COMPLETE_LBD,,False,NR3C2,MR,Steroid hormone receptors
5L7H,5L7H_1,1,5L7H.A,A,A,PASS,,P08235,"[""X-RAY DIFFRACTION""]",1.84,1.84,0.2243,0.2243,726,964,230,0.962343,NEAR_COMPLETE_LBD,,False,NR3C2,MR,Steroid hormone receptors
5LSG,5LSG_1,1,5LSG.B,B,B,PASS,,P37231,"[""X-RAY DIFFRACTION""]",2.0,2.0,0.2643,0.2643,238,503,266,1.0,NEAR_COMPLETE_LBD,,False,NR1C3,PPARγ,Nutritional sensors
5LSG,5LSG_1,1,5LSG.A,A,A,PASS,,P37231,"[""X-RAY DIFFRACTION""]",2.0,2.0,0.2643,0.2643,238,503,266,1.0,NEAR_COMPLETE_LBD,,False,NR1C3,PPARγ,Nutritional sensors
5LWP,5LWP_1,1,5LWP.A,A,A,PASS,,P51449,"[""X-RAY DIFFRACTION""]",2.4,2.4,0.2533,0.2533,269,508,238,0.991667,NEAR_COMPLETE_LBD,,False,NR1F3,RORγ,Nutritional sensors
5LYQ,5LYQ_1,1,5LYQ.A,A,A,PASS,,P19793,"[""X-RAY DIFFRACTION""]",2.17,2.17,0.2529,0.2529,227,458,232,1.0,NEAR_COMPLETE_LBD,,False,NR2B1,RXRα,Nutritional sensors
5M24,5M24_1,1,5M24.A,A,A,PASS,,P13631,"[""X-RAY DIFFRACTION""]",1.69,1.69,0.23361,0.23361,185,419,235,1.0,NEAR_COMPLETE_LBD,,False,NR1B3,RARγ,Steroid hormone receptors
5M96,5M96_1,1,5M96.B,B,B,PASS,,P51449,"[""X-RAY DIFFRACTION""]",1.77,1.77,0.2078,0.2078,269,508,223,0.929167,SUBSTANTIAL_LBD,,False,NR1F3,RORγ,Nutritional sensors
5M96,5M96_1,1,5M96.A,A,A,PASS,,P51449,"[""X-RAY DIFFRACTION""]",1.77,1.77,0.2078,0.2078,269,508,223,0.929167,SUBSTANTIAL_LBD,,False,NR1F3,RORγ,Nutritional sensors
5MJ5,5MJ5_1,1,5MJ5.A,A,A,PASS,,P19793,"[""X-RAY DIFFRACTION""]",1.9,1.9,0.2428,0.2428,227,458,229,0.987069,NEAR_COMPLETE_LBD,,False,NR2B1,RXRα,Nutritional sensors
5MK4,5MK4_1,1,5MK4.C,C,C,PASS,,P19793,"[""X-RAY DIFFRACTION""]",2.0,2.0,0.2287,0.2287,227,458,229,0.987069,NEAR_COMPLETE_LBD,,False,NR2B1,RXRα,Nutritional sensors
5MK4,5MK4_1,1,5MK4.A,A,A,PASS,,P19793,"[""X-RAY DIFFRACTION""]",2.0,2.0,0.2287,0.2287,227,458,229,0.987069,NEAR_COMPLETE_LBD,,False,NR2B1,RXRα,Nutritional sensors
5MKJ,5MKJ_1,1,5MKJ.A,A,A,PASS,,P19793,"[""X-RAY DIFFRACTION""]",2.5,2.5,0.2447,0.2447,227,458,230,0.991379,NEAR_COMPLETE_LBD,,False,NR2B1,RXRα,Nutritional sensors
5MKU,5MKU_1,1,5MKU.A,A,A,PASS,,P19793,"[""X-RAY DIFFRACTION""]",1.78,1.78,0.1772,0.1772,227,458,228,0.982759,NEAR_COMPLETE_LBD,,False,NR2B1,RXRα,Nutritional sensors
5MMW,5MMW_1,1,5MMW.A,A,A,PASS,,P19793,"[""X-RAY DIFFRACTION""]",2.7,2.7,0.2529,0.2529,227,458,229,0.987069,NEAR_COMPLETE_LBD,,False,NR2B1,RXRα,Nutritional sensors
5MWP,5MWP_1,1,5MWP.A,A,A,PASS,,P08235,"[""X-RAY DIFFRACTION""]",1.82,1.82,0.242,0.242,726,964,230,0.962343,NEAR_COMPLETE_LBD,,False,NR3C2,MR,Steroid hormone receptors
5MWY,5MWY_1,1,5MWY.A,A,A,PASS,,P08235,"[""X-RAY DIFFRACTION""]",1.75,1.75,0.245,0.245,726,964,230,0.962343,NEAR_COMPLETE_LBD,,False,NR3C2,MR,Steroid hormone receptors
5N10,5N10_1,1,5N10.E,E,D,PASS,,P03372,"[""X-RAY DIFFRACTION""]",1.6,1.6,0.1935,0.1935,311,547,0,0.0,NO_LBD_OVERLAP,,False,NR3A1,ERα,Steroid hormone receptors
5N10,5N10_1,1,5N10.D,D,C,PASS,,P03372,"[""X-RAY DIFFRACTION""]",1.6,1.6,0.1935,0.1935,311,547,0,0.0,NO_LBD_OVERLAP,,False,NR3A1,ERα,Steroid hormone receptors
5N10,5N10_1,1,5N10.A,A,F,PASS,,P03372,"[""X-RAY DIFFRACTION""]",1.6,1.6,0.1935,0.1935,311,547,0,0.0,NO_LBD_OVERLAP,,False,NR3A1,ERα,Steroid hormone receptors
5NFP,5NFP_1,1,5NFP.A,A,A,PASS,,P04150,"[""X-RAY DIFFRACTION""]",2.1,2.1,0.202,0.202,524,758,235,1.0,NEAR_COMPLETE_LBD,,False,NR3C1,GR,Steroid hormone receptors
5NFT,5NFT_1,1,5NFT.A,A,A,PASS,,P04150,"[""X-RAY DIFFRACTION""]",2.3,2.3,0.215,0.215,524,758,235,1.0,NEAR_COMPLETE_LBD,,False,NR3C1,GR,Steroid hormone receptors
5NI5,5NI5_1,1,5NI5.A,A,A,PASS,,P51449,"[""X-RAY DIFFRACTION""]",2.3,2.3,0.265,0.265,269,508,239,0.995833,NEAR_COMPLETE_LBD,,False,NR1F3,RORγ,Nutritional sensors
5NI7,5NI7_1,1,5NI7.A,A,A,PASS,,P51449,"[""X-RAY DIFFRACTION""]",2.45,2.45,0.258,0.258,269,508,239,0.995833,NEAR_COMPLETE_LBD,,False,NR1F3,RORγ,Nutritional sensors
5NI8,5NI8_1,1,5NI8.A,A,A,PASS,,P51449,"[""X-RAY DIFFRACTION""]",1.94,1.94,0.262,0.262,269,508,239,0.995833,NEAR_COMPLETE_LBD,,False,NR1F3,RORγ,Nutritional sensors
5NIB,5NIB_1,1,5NIB.A,A,A,PASS,,P51449,"[""X-RAY DIFFRACTION""]",1.82,1.82,0.2268,0.2268,269,508,239,0.995833,NEAR_COMPLETE_LBD,,False,NR1F3,RORγ,Nutritional sensors
5NTI,5NTI_1,1,5NTI.D,D,D,PASS,,P51449,"[""X-RAY DIFFRACTION""]",2.4,2.4,0.2328,0.2328,269,508,240,1.0,NEAR_COMPLETE_LBD,,False,NR1F3,RORγ,Nutritional sensors
5NTI,5NTI_1,1,5NTI.C,C,C,PASS,,P51449,"[""X-RAY DIFFRACTION""]",2.4,2.4,0.2328,0.2328,269,508,240,1.0,NEAR_COMPLETE_LBD,,False,NR1F3,RORγ,Nutritional sensors
5NTI,5NTI_1,1,5NTI.B,B,B,PASS,,P51449,"[""X-RAY DIFFRACTION""]",2.4,2.4,0.2328,0.2328,269,508,240,1.0,NEAR_COMPLETE_LBD,,False,NR1F3,RORγ,Nutritional sensors
5NTI,5NTI_1,1,5NTI.A,A,A,PASS,,P51449,"[""X-RAY DIFFRACTION""]",2.4,2.4,0.2328,0.2328,269,508,240,1.0,NEAR_COMPLETE_LBD,,False,NR1F3,RORγ,Nutritional sensors
5NTK,5NTK_1,1,5NTK.B,B,B,PASS,,P51449,"[""X-RAY DIFFRACTION""]",1.9,1.9,0.2459,0.2459,269,508,223,0.929167,SUBSTANTIAL_LBD,,False,NR1F3,RORγ,Nutritional sensors
5NTK,5NTK_1,1,5NTK.A,A,A,PASS,,P51449,"[""X-RAY DIFFRACTION""]",1.9,1.9,0.2459,0.2459,269,508,223,0.929167,SUBSTANTIAL_LBD,,False,NR1F3,RORγ,Nutritional sensors
5NTN,5NTN_1,1,5NTN.D,D,D,PASS,,P51449,"[""X-RAY DIFFRACTION""]",1.9,1.9,0.2253,0.2253,269,508,240,1.0,NEAR_COMPLETE_LBD,,False,NR1F3,RORγ,Nutritional sensors
5NTN,5NTN_1,1,5NTN.C,C,C,PASS,,P51449,"[""X-RAY DIFFRACTION""]",1.9,1.9,0.2253,0.2253,269,508,240,1.0,NEAR_COMPLETE_LBD,,False,NR1F3,RORγ,Nutritional sensors
5NTN,5NTN_1,1,5NTN.B,B,B,PASS,,P51449,"[""X-RAY DIFFRACTION""]",1.9,1.9,0.2253,0.2253,269,508,240,1.0,NEAR_COMPLETE_LBD,,False,NR1F3,RORγ,Nutritional sensors
5NTN,5NTN_1,1,5NTN.A,A,A,PASS,,P51449,"[""X-RAY DIFFRACTION""]",1.9,1.9,0.2253,0.2253,269,508,240,1.0,NEAR_COMPLETE_LBD,,False,NR1F3,RORγ,Nutritional sensors
5NTP,5NTP_1,1,5NTP.A,A,A,PASS,,P51449,"[""X-RAY DIFFRACTION""]",1.7,1.7,0.2274,0.2274,269,508,231,0.9625,NEAR_COMPLETE_LBD,,False,NR1F3,RORγ,Nutritional sensors
5NTQ,5NTQ_1,1,5NTQ.B,B,B,PASS,,P51449,"[""X-RAY DIFFRACTION""]",2.26,2.26,0.257,0.257,269,508,231,0.9625,NEAR_COMPLETE_LBD,,False,NR1F3,RORγ,Nutritional sensors
5NTQ,5NTQ_1,1,5NTQ.A,A,A,PASS,,P51449,"[""X-RAY DIFFRACTION""]",2.26,2.26,0.257,0.257,269,508,231,0.9625,NEAR_COMPLETE_LBD,,False,NR1F3,RORγ,Nutritional sensors
5NTW,5NTW_1,1,5NTW.D,D,D,PASS,,P51449,"[""X-RAY DIFFRACTION""]",1.64,1.64,0.2223,0.2223,269,508,240,1.0,NEAR_COMPLETE_LBD,,False,NR1F3,RORγ,Nutritional sensors
5NTW,5NTW_1,1,5NTW.C,C,C,PASS,,P51449,"[""X-RAY DIFFRACTION""]",1.64,1.64,0.2223,0.2223,269,508,240,1.0,NEAR_COMPLETE_LBD,,False,NR1F3,RORγ,Nutritional sensors
5NTW,5NTW_1,1,5NTW.B,B,B,PASS,,P51449,"[""X-RAY DIFFRACTION""]",1.64,1.64,0.2223,0.2223,269,508,240,1.0,NEAR_COMPLETE_LBD,,False,NR1F3,RORγ,Nutritional sensors
5NTW,5NTW_1,1,5NTW.A,A,A,PASS,,P51449,"[""X-RAY DIFFRACTION""]",1.64,1.64,0.2223,0.2223,269,508,240,1.0,NEAR_COMPLETE_LBD,,False,NR1F3,RORγ,Nutritional sensors
5NU1,5NU1_1,1,5NU1.B,B,B,PASS,,P51449,"[""X-RAY DIFFRACTION""]",1.85,1.85,0.2561,0.2561,269,508,240,1.0,NEAR_COMPLETE_LBD,,False,NR1F3,RORγ,Nutritional sensors
5NU1,5NU1_1,1,5NU1.A,A,A,PASS,,P51449,"[""X-RAY DIFFRACTION""]",1.85,1.85,0.2561,0.2561,269,508,240,1.0,NEAR_COMPLETE_LBD,,False,NR1F3,RORγ,Nutritional sensors
5Q0I,5Q0I_1,1,5Q0I.A,A,A,PASS,,Q96RI1,"[""X-RAY DIFFRACTION""]",1.7,1.7,0.226,0.226,262,486,225,1.0,NEAR_COMPLETE_LBD,,False,NR1H4,FXR,Nutritional sensors
5Q0J,5Q0J_1,1,5Q0J.C,C,C,PASS,,Q96RI1,"[""X-RAY DIFFRACTION""]",2.0,2.0,0.2471,0.2471,262,486,225,1.0,NEAR_COMPLETE_LBD,,False,NR1H4,FXR,Nutritional sensors
5Q0J,5Q0J_1,1,5Q0J.A,A,A,PASS,,Q96RI1,"[""X-RAY DIFFRACTION""]",2.0,2.0,0.2471,0.2471,262,486,225,1.0,NEAR_COMPLETE_LBD,,False,NR1H4,FXR,Nutritional sensors
5Q0K,5Q0K_1,1,5Q0K.A,A,A,PASS,,Q96RI1,"[""X-RAY DIFFRACTION""]",1.8,1.8,0.271,0.271,262,486,225,1.0,NEAR_COMPLETE_LBD,,False,NR1H4,FXR,Nutritional sensors
5Q0L,5Q0L_1,1,5Q0L.C,C,C,PASS,,Q96RI1,"[""X-RAY DIFFRACTION""]",2.5,2.5,0.263,0.263,262,486,225,1.0,NEAR_COMPLETE_LBD,,False,NR1H4,FXR,Nutritional sensors
5Q0L,5Q0L_1,1,5Q0L.A,A,A,PASS,,Q96RI1,"[""X-RAY DIFFRACTION""]",2.5,2.5,0.263,0.263,262,486,225,1.0,NEAR_COMPLETE_LBD,,False,NR1H4,FXR,Nutritional sensors
5Q0M,5Q0M_1,1,5Q0M.A,A,A,PASS,,Q96RI1,"[""X-RAY DIFFRACTION""]",2.2,2.2,0.2615,0.2615,262,486,225,1.0,NEAR_COMPLETE_LBD,,False,NR1H4,FXR,Nutritional sensors
5Q0N,5Q0N_1,1,5Q0N.C,C,C,PASS,,Q96RI1,"[""X-RAY DIFFRACTION""]",2.4,2.4,0.226,0.226,262,486,225,1.0,NEAR_COMPLETE_LBD,,False,NR1H4,FXR,Nutritional sensors
5Q0N,5Q0N_1,1,5Q0N.A,A,A,PASS,,Q96RI1,"[""X-RAY DIFFRACTION""]",2.4,2.4,0.226,0.226,262,486,225,1.0,NEAR_COMPLETE_LBD,,False,NR1H4,FXR,Nutritional sensors
5Q0O,5Q0O_1,1,5Q0O.C,C,C,PASS,,Q96RI1,"[""X-RAY DIFFRACTION""]",1.9,1.9,0.222,0.222,262,486,225,1.0,NEAR_COMPLETE_LBD,,False,NR1H4,FXR,Nutritional sensors
5Q0O,5Q0O_1,1,5Q0O.A,A,A,PASS,,Q96RI1,"[""X-RAY DIFFRACTION""]",1.9,1.9,0.222,0.222,262,486,225,1.0,NEAR_COMPLETE_LBD,,False,NR1H4,FXR,Nutritional sensors
5Q0P,5Q0P_1,1,5Q0P.C,C,C,PASS,,Q96RI1,"[""X-RAY DIFFRACTION""]",1.8,1.8,0.254,0.254,262,486,225,1.0,NEAR_COMPLETE_LBD,,False,NR1H4,FXR,Nutritional sensors
5Q0P,5Q0P_1,1,5Q0P.A,A,A,PASS,,Q96RI1,"[""X-RAY DIFFRACTION""]",1.8,1.8,0.254,0.254,262,486,225,1.0,NEAR_COMPLETE_LBD,,False,NR1H4,FXR,Nutritional sensors
5Q0Q,5Q0Q_1,1,5Q0Q.C,C,C,PASS,,Q96RI1,"[""X-RAY DIFFRACTION""]",2.6,2.6,0.295,0.295,262,486,225,1.0,NEAR_COMPLETE_LBD,,False,NR1H4,FXR,Nutritional sensors
5Q0Q,5Q0Q_1,1,5Q0Q.A,A,A,PASS,,Q96RI1,"[""X-RAY DIFFRACTION""]",2.6,2.6,0.295,0.295,262,486,225,1.0,NEAR_COMPLETE_LBD,,False,NR1H4,FXR,Nutritional sensors
5Q0R,5Q0R_1,1,5Q0R.A,A,A,PASS,,Q96RI1,"[""X-RAY DIFFRACTION""]",1.91,1.91,0.244,0.244,262,486,225,1.0,NEAR_COMPLETE_LBD,,False,NR1H4,FXR,Nutritional sensors
5Q0S,5Q0S_1,1,5Q0S.C,C,C,PASS,,Q96RI1,"[""X-RAY DIFFRACTION""]",2.5,2.5,0.26,0.26,262,486,225,1.0,NEAR_COMPLETE_LBD,,False,NR1H4,FXR,Nutritional sensors
5Q0S,5Q0S_1,1,5Q0S.A,A,A,PASS,,Q96RI1,"[""X-RAY DIFFRACTION""]",2.5,2.5,0.26,0.26,262,486,225,1.0,NEAR_COMPLETE_LBD,,False,NR1H4,FXR,Nutritional sensors
5Q0T,5Q0T_1,1,5Q0T.A,A,A,PASS,,Q96RI1,"[""X-RAY DIFFRACTION""]",2.14,2.14,0.259,0.259,262,486,225,1.0,NEAR_COMPLETE_LBD,,False,NR1H4,FXR,Nutritional sensors
5Q0U,5Q0U_1,1,5Q0U.C,C,C,PASS,,Q96RI1,"[""X-RAY DIFFRACTION""]",1.9,1.9,0.218,0.218,262,486,225,1.0,NEAR_COMPLETE_LBD,,False,NR1H4,FXR,Nutritional sensors
5Q0U,5Q0U_1,1,5Q0U.A,A,A,PASS,,Q96RI1,"[""X-RAY DIFFRACTION""]",1.9,1.9,0.218,0.218,262,486,225,1.0,NEAR_COMPLETE_LBD,,False,NR1H4,FXR,Nutritional sensors
5Q0V,5Q0V_1,1,5Q0V.C,C,C,PASS,,Q96RI1,"[""X-RAY DIFFRACTION""]",1.87,1.87,0.238,0.238,262,486,225,1.0,NEAR_COMPLETE_LBD,,False,NR1H4,FXR,Nutritional sensors
5Q0V,5Q0V_1,1,5Q0V.A,A,A,PASS,,Q96RI1,"[""X-RAY DIFFRACTION""]",1.87,1.87,0.238,0.238,262,486,225,1.0,NEAR_COMPLETE_LBD,,False,NR1H4,FXR,Nutritional sensors
5Q0W,5Q0W_1,1,5Q0W.A,A,A,PASS,,Q96RI1,"[""X-RAY DIFFRACTION""]",1.9,1.9,0.254,0.254,262,486,225,1.0,NEAR_COMPLETE_LBD,,False,NR1H4,FXR,Nutritional sensors
5Q0X,5Q0X_1,1,5Q0X.A,A,A,PASS,,Q96RI1,"[""X-RAY DIFFRACTION""]",2.26,2.26,0.233,0.233,262,486,225,1.0,NEAR_COMPLETE_LBD,,False,NR1H4,FXR,Nutritional sensors
5Q0Y,5Q0Y_1,1,5Q0Y.C,C,C,PASS,,Q96RI1,"[""X-RAY DIFFRACTION""]",2.2,2.2,0.22,0.22,262,486,225,1.0,NEAR_COMPLETE_LBD,,False,NR1H4,FXR,Nutritional sensors
5Q0Y,5Q0Y_1,1,5Q0Y.A,A,A,PASS,,Q96RI1,"[""X-RAY DIFFRACTION""]",2.2,2.2,0.22,0.22,262,486,225,1.0,NEAR_COMPLETE_LBD,,False,NR1H4,FXR,Nutritional sensors
5Q0Z,5Q0Z_1,1,5Q0Z.C,C,C,PASS,,Q96RI1,"[""X-RAY DIFFRACTION""]",2.26,2.26,0.258,0.258,262,486,225,1.0,NEAR_COMPLETE_LBD,,False,NR1H4,FXR,Nutritional sensors
5Q0Z,5Q0Z_1,1,5Q0Z.A,A,A,PASS,,Q96RI1,"[""X-RAY DIFFRACTION""]",2.26,2.26,0.258,0.258,262,486,225,1.0,NEAR_COMPLETE_LBD,,False,NR1H4,FXR,Nutritional sensors
5Q10,5Q10_1,1,5Q10.A,A,A,PASS,,Q96RI1,"[""X-RAY DIFFRACTION""]",2.2,2.2,0.243,0.243,262,486,225,1.0,NEAR_COMPLETE_LBD,,False,NR1H4,FXR,Nutritional sensors
5Q11,5Q11_1,1,5Q11.A,A,A,PASS,,Q96RI1,"[""X-RAY DIFFRACTION""]",2.2,2.2,0.223,0.223,262,486,225,1.0,NEAR_COMPLETE_LBD,,False,NR1H4,FXR,Nutritional sensors
5Q12,5Q12_1,1,5Q12.A,A,A,PASS,,Q96RI1,"[""X-RAY DIFFRACTION""]",2.0,2.0,0.233,0.233,262,486,225,1.0,NEAR_COMPLETE_LBD,,False,NR1H4,FXR,Nutritional sensors
5Q13,5Q13_1,1,5Q13.C,C,C,PASS,,Q96RI1,"[""X-RAY DIFFRACTION""]",1.9,1.9,0.226,0.226,262,486,225,1.0,NEAR_COMPLETE_LBD,,False,NR1H4,FXR,Nutritional sensors
5Q13,5Q13_1,1,5Q13.A,A,A,PASS,,Q96RI1,"[""X-RAY DIFFRACTION""]",1.9,1.9,0.226,0.226,262,486,225,1.0,NEAR_COMPLETE_LBD,,False,NR1H4,FXR,Nutritional sensors
5Q14,5Q14_1,1,5Q14.C,C,C,PASS,,Q96RI1,"[""X-RAY DIFFRACTION""]",1.85,1.85,0.247,0.247,262,486,225,1.0,NEAR_COMPLETE_LBD,,False,NR1H4,FXR,Nutritional sensors
5Q14,5Q14_1,1,5Q14.A,A,A,PASS,,Q96RI1,"[""X-RAY DIFFRACTION""]",1.85,1.85,0.247,0.247,262,486,225,1.0,NEAR_COMPLETE_LBD,,False,NR1H4,FXR,Nutritional sensors
5Q15,5Q15_1,1,5Q15.C,C,C,PASS,,Q96RI1,"[""X-RAY DIFFRACTION""]",1.9,1.9,0.255,0.255,262,486,225,1.0,NEAR_COMPLETE_LBD,,False,NR1H4,FXR,Nutritional sensors
5Q15,5Q15_1,1,5Q15.A,A,A,PASS,,Q96RI1,"[""X-RAY DIFFRACTION""]",1.9,1.9,0.255,0.255,262,486,225,1.0,NEAR_COMPLETE_LBD,,False,NR1H4,FXR,Nutritional sensors
5Q16,5Q16_1,1,5Q16.C,C,C,PASS,,Q96RI1,"[""X-RAY DIFFRACTION""]",2.0,2.0,0.284,0.284,262,486,225,1.0,NEAR_COMPLETE_LBD,,False,NR1H4,FXR,Nutritional sensors
5Q16,5Q16_1,1,5Q16.A,A,A,PASS,,Q96RI1,"[""X-RAY DIFFRACTION""]",2.0,2.0,0.284,0.284,262,486,225,1.0,NEAR_COMPLETE_LBD,,False,NR1H4,FXR,Nutritional sensors
5Q17,5Q17_1,1,5Q17.A,A,A,PASS,,Q96RI1,"[""X-RAY DIFFRACTION""]",2.1,2.1,0.267,0.267,262,486,225,1.0,NEAR_COMPLETE_LBD,,False,NR1H4,FXR,Nutritional sensors
5Q18,5Q18_1,1,5Q18.C,C,C,PASS,,Q96RI1,"[""X-RAY DIFFRACTION""]",1.9,1.9,0.24,0.24,262,486,225,1.0,NEAR_COMPLETE_LBD,,False,NR1H4,FXR,Nutritional sensors
5Q18,5Q18_1,1,5Q18.A,A,A,PASS,,Q96RI1,"[""X-RAY DIFFRACTION""]",1.9,1.9,0.24,0.24,262,486,225,1.0,NEAR_COMPLETE_LBD,,False,NR1H4,FXR,Nutritional sensors
5Q19,5Q19_1,1,5Q19.C,C,C,PASS,,Q96RI1,"[""X-RAY DIFFRACTION""]",1.98,1.98,0.237,0.237,262,486,225,1.0,NEAR_COMPLETE_LBD,,False,NR1H4,FXR,Nutritional sensors
5Q19,5Q19_1,1,5Q19.A,A,A,PASS,,Q96RI1,"[""X-RAY DIFFRACTION""]",1.98,1.98,0.237,0.237,262,486,225,1.0,NEAR_COMPLETE_LBD,,False,NR1H4,FXR,Nutritional sensors
5Q1A,5Q1A_1,1,5Q1A.C,C,C,PASS,,Q96RI1,"[""X-RAY DIFFRACTION""]",2.0,2.0,0.235,0.235,262,486,225,1.0,NEAR_COMPLETE_LBD,,False,NR1H4,FXR,Nutritional sensors
5Q1A,5Q1A_1,1,5Q1A.A,A,A,PASS,,Q96RI1,"[""X-RAY DIFFRACTION""]",2.0,2.0,0.235,0.235,262,486,225,1.0,NEAR_COMPLETE_LBD,,False,NR1H4,FXR,Nutritional sensors
5Q1B,5Q1B_1,1,5Q1B.C,C,C,PASS,,Q96RI1,"[""X-RAY DIFFRACTION""]",2.3,2.3,0.236,0.236,262,486,225,1.0,NEAR_COMPLETE_LBD,,False,NR1H4,FXR,Nutritional sensors
5Q1B,5Q1B_1,1,5Q1B.A,A,A,PASS,,Q96RI1,"[""X-RAY DIFFRACTION""]",2.3,2.3,0.236,0.236,262,486,225,1.0,NEAR_COMPLETE_LBD,,False,NR1H4,FXR,Nutritional sensors
5Q1C,5Q1C_1,1,5Q1C.C,C,C,PASS,,Q96RI1,"[""X-RAY DIFFRACTION""]",2.3,2.3,0.264,0.264,262,486,225,1.0,NEAR_COMPLETE_LBD,,False,NR1H4,FXR,Nutritional sensors
5Q1C,5Q1C_1,1,5Q1C.A,A,A,PASS,,Q96RI1,"[""X-RAY DIFFRACTION""]",2.3,2.3,0.264,0.264,262,486,225,1.0,NEAR_COMPLETE_LBD,,False,NR1H4,FXR,Nutritional sensors
5Q1D,5Q1D_1,1,5Q1D.C,C,C,PASS,,Q96RI1,"[""X-RAY DIFFRACTION""]",1.89,1.89,0.244,0.244,262,486,225,1.0,NEAR_COMPLETE_LBD,,False,NR1H4,FXR,Nutritional sensors
5Q1D,5Q1D_1,1,5Q1D.A,A,A,PASS,,Q96RI1,"[""X-RAY DIFFRACTION""]",1.89,1.89,0.244,0.244,262,486,225,1.0,NEAR_COMPLETE_LBD,,False,NR1H4,FXR,Nutritional sensors
5Q1E,5Q1E_1,1,5Q1E.A,A,A,PASS,,Q96RI1,"[""X-RAY DIFFRACTION""]",1.85,1.85,0.223,0.223,262,486,225,1.0,NEAR_COMPLETE_LBD,,False,NR1H4,FXR,Nutritional sensors
5Q1F,5Q1F_1,1,5Q1F.C,C,C,PASS,,Q96RI1,"[""X-RAY DIFFRACTION""]",2.3,2.3,0.245,0.245,262,486,225,1.0,NEAR_COMPLETE_LBD,,False,NR1H4,FXR,Nutritional sensors
5Q1F,5Q1F_1,1,5Q1F.A,A,A,PASS,,Q96RI1,"[""X-RAY DIFFRACTION""]",2.3,2.3,0.245,0.245,262,486,225,1.0,NEAR_COMPLETE_LBD,,False,NR1H4,FXR,Nutritional sensors
5Q1G,5Q1G_1,1,5Q1G.A,A,A,PASS,,Q96RI1,"[""X-RAY DIFFRACTION""]",2.0,2.0,0.254,0.254,262,486,225,1.0,NEAR_COMPLETE_LBD,,False,NR1H4,FXR,Nutritional sensors
5Q1H,5Q1H_1,1,5Q1H.G,G,G,PASS,,Q96RI1,"[""X-RAY DIFFRACTION""]",2.2,2.2,0.218,0.218,262,486,225,1.0,NEAR_COMPLETE_LBD,,False,NR1H4,FXR,Nutritional sensors
5Q1H,5Q1H_1,1,5Q1H.E,E,E,PASS,,Q96RI1,"[""X-RAY DIFFRACTION""]",2.2,2.2,0.218,0.218,262,486,225,1.0,NEAR_COMPLETE_LBD,,False,NR1H4,FXR,Nutritional sensors
5Q1H,5Q1H_1,1,5Q1H.C,C,C,PASS,,Q96RI1,"[""X-RAY DIFFRACTION""]",2.2,2.2,0.218,0.218,262,486,225,1.0,NEAR_COMPLETE_LBD,,False,NR1H4,FXR,Nutritional sensors
5Q1H,5Q1H_1,1,5Q1H.A,A,A,PASS,,Q96RI1,"[""X-RAY DIFFRACTION""]",2.2,2.2,0.218,0.218,262,486,225,1.0,NEAR_COMPLETE_LBD,,False,NR1H4,FXR,Nutritional sensors
5Q1I,5Q1I_1,1,5Q1I.A,A,A,PASS,,Q96RI1,"[""X-RAY DIFFRACTION""]",1.95,1.95,0.225,0.225,262,486,225,1.0,NEAR_COMPLETE_LBD,,False,NR1H4,FXR,Nutritional sensors
5SYZ,5SYZ_1,1,5SYZ.A,A,A,PASS,,O00482,"[""X-RAY DIFFRACTION""]",1.9261,1.9261,0.2277,0.2277,300,539,239,0.995833,NEAR_COMPLETE_LBD,,False,NR5A2,LRH-1,Nutritional sensors
5T0X,5T0X_2,2,5T0X.C,C,C,PASS,,P03372,"[""SOLUTION NMR""]",,,,,311,547,0,0.0,NO_LBD_OVERLAP,,False,NR3A1,ERα,Steroid hormone receptors
5T0X,5T0X_2,2,5T0X.B,B,B,PASS,,P03372,"[""SOLUTION NMR""]",,,,,311,547,0,0.0,NO_LBD_OVERLAP,,False,NR3A1,ERα,Steroid hormone receptors
5T1Z,5T1Z_1,1,5T1Z.B,B,B,PASS,,P03372,"[""X-RAY DIFFRACTION""]",2.102,2.102,0.2456,0.2456,311,547,237,1.0,NEAR_COMPLETE_LBD,,False,NR3A1,ERα,Steroid hormone receptors
5T1Z,5T1Z_1,1,5T1Z.A,A,A,PASS,,P03372,"[""X-RAY DIFFRACTION""]",2.102,2.102,0.2456,0.2456,311,547,237,1.0,NEAR_COMPLETE_LBD,,False,NR3A1,ERα,Steroid hormone receptors
5T8E,5T8E_1,1,5T8E.A,A,A,PASS,,P10275,"[""X-RAY DIFFRACTION""]",2.71,2.71,0.2381,0.2381,669,900,229,0.987069,NEAR_COMPLETE_LBD,,False,NR3C4,AR,Steroid hormone receptors
5T8J,5T8J_1,1,5T8J.A,A,A,PASS,,P10275,"[""X-RAY DIFFRACTION""]",2.7,2.7,0.3047,0.3047,669,900,229,0.987069,NEAR_COMPLETE_LBD,,False,NR3C4,AR,Steroid hormone receptors
5T92,5T92_1,1,5T92.B,B,B,PASS,,P03372,"[""X-RAY DIFFRACTION""]",2.22,2.22,0.2817,0.2817,311,547,237,1.0,NEAR_COMPLETE_LBD,,False,NR3A1,ERα,Steroid hormone receptors
5T92,5T92_1,1,5T92.A,A,A,PASS,,P03372,"[""X-RAY DIFFRACTION""]",2.22,2.22,0.2817,0.2817,311,547,237,1.0,NEAR_COMPLETE_LBD,,False,NR3A1,ERα,Steroid hormone receptors
5T97,5T97_1,1,5T97.B,B,B,PASS,,P03372,"[""X-RAY DIFFRACTION""]",3.0,3.0,0.2909,0.2909,311,547,237,1.0,NEAR_COMPLETE_LBD,,False,NR3A1,ERα,Steroid hormone receptors
5T97,5T97_1,1,5T97.A,A,A,PASS,,P03372,"[""X-RAY DIFFRACTION""]",3.0,3.0,0.2909,0.2909,311,547,237,1.0,NEAR_COMPLETE_LBD,,False,NR3A1,ERα,Steroid hormone receptors
5TBP,5TBP_1,1,5TBP.D,D,D,PASS,,P19793,"[""X-RAY DIFFRACTION""]",2.6,2.6,0.242,0.242,227,458,232,1.0,NEAR_COMPLETE_LBD,,False,NR2B1,RXRα,Nutritional sensors
5TBP,5TBP_1,1,5TBP.C,C,C,PASS,,P19793,"[""X-RAY DIFFRACTION""]",2.6,2.6,0.242,0.242,227,458,232,1.0,NEAR_COMPLETE_LBD,,False,NR2B1,RXRα,Nutritional sensors
5TBP,5TBP_1,1,5TBP.B,B,B,PASS,,P19793,"[""X-RAY DIFFRACTION""]",2.6,2.6,0.242,0.242,227,458,232,1.0,NEAR_COMPLETE_LBD,,False,NR2B1,RXRα,Nutritional sensors
5TBP,5TBP_1,1,5TBP.A,A,A,PASS,,P19793,"[""X-RAY DIFFRACTION""]",2.6,2.6,0.242,0.242,227,458,232,1.0,NEAR_COMPLETE_LBD,,False,NR2B1,RXRα,Nutritional sensors
5TLD,5TLD_1,1,5TLD.B,B,B,PASS,,P03372,"[""X-RAY DIFFRACTION""]",2.375,2.375,0.237,0.237,311,547,237,1.0,NEAR_COMPLETE_LBD,,False,NR3A1,ERα,Steroid hormone receptors
5TLD,5TLD_1,1,5TLD.A,A,A,PASS,,P03372,"[""X-RAY DIFFRACTION""]",2.375,2.375,0.237,0.237,311,547,237,1.0,NEAR_COMPLETE_LBD,,False,NR3A1,ERα,Steroid hormone receptors
5TLF,5TLF_1,1,5TLF.B,B,B,PASS,,P03372,"[""X-RAY DIFFRACTION""]",2.204,2.204,0.2291,0.2291,311,547,237,1.0,NEAR_COMPLETE_LBD,,False,NR3A1,ERα,Steroid hormone receptors
5TLF,5TLF_1,1,5TLF.A,A,A,PASS,,P03372,"[""X-RAY DIFFRACTION""]",2.204,2.204,0.2291,0.2291,311,547,237,1.0,NEAR_COMPLETE_LBD,,False,NR3A1,ERα,Steroid hormone receptors
5TLG,5TLG_1,1,5TLG.B,B,B,PASS,,P03372,"[""X-RAY DIFFRACTION""]",2.228,2.228,0.2296,0.2296,311,547,237,1.0,NEAR_COMPLETE_LBD,,False,NR3A1,ERα,Steroid hormone receptors
5TLG,5TLG_1,1,5TLG.A,A,A,PASS,,P03372,"[""X-RAY DIFFRACTION""]",2.228,2.228,0.2296,0.2296,311,547,237,1.0,NEAR_COMPLETE_LBD,,False,NR3A1,ERα,Steroid hormone receptors
5TLL,5TLL_1,1,5TLL.B,B,B,PASS,,P03372,"[""X-RAY DIFFRACTION""]",2.423,2.423,0.2384,0.2384,311,547,237,1.0,NEAR_COMPLETE_LBD,,False,NR3A1,ERα,Steroid hormone receptors
5TLL,5TLL_1,1,5TLL.A,A,A,PASS,,P03372,"[""X-RAY DIFFRACTION""]",2.423,2.423,0.2384,0.2384,311,547,237,1.0,NEAR_COMPLETE_LBD,,False,NR3A1,ERα,Steroid hormone receptors
5TLM,5TLM_1,1,5TLM.B,B,B,PASS,,P03372,"[""X-RAY DIFFRACTION""]",2.497,2.497,0.2765,0.2765,311,547,237,1.0,NEAR_COMPLETE_LBD,,False,NR3A1,ERα,Steroid hormone receptors
5TLM,5TLM_1,1,5TLM.A,A,A,PASS,,P03372,"[""X-RAY DIFFRACTION""]",2.497,2.497,0.2765,0.2765,311,547,237,1.0,NEAR_COMPLETE_LBD,,False,NR3A1,ERα,Steroid hormone receptors
5TLO,5TLO_1,1,5TLO.B,B,B,PASS,,P03372,"[""X-RAY DIFFRACTION""]",2.28,2.28,0.241,0.241,311,547,237,1.0,NEAR_COMPLETE_LBD,,False,NR3A1,ERα,Steroid hormone receptors
5TLO,5TLO_1,1,5TLO.A,A,A,PASS,,P03372,"[""X-RAY DIFFRACTION""]",2.28,2.28,0.241,0.241,311,547,237,1.0,NEAR_COMPLETE_LBD,,False,NR3A1,ERα,Steroid hormone receptors
5TLP,5TLP_1,1,5TLP.B,B,B,PASS,,P03372,"[""X-RAY DIFFRACTION""]",2.08,2.08,0.232,0.232,311,547,237,1.0,NEAR_COMPLETE_LBD,,False,NR3A1,ERα,Steroid hormone receptors
5TLP,5TLP_1,1,5TLP.A,A,A,PASS,,P03372,"[""X-RAY DIFFRACTION""]",2.08,2.08,0.232,0.232,311,547,237,1.0,NEAR_COMPLETE_LBD,,False,NR3A1,ERα,Steroid hormone receptors
5TLT,5TLT_1,1,5TLT.B,B,B,PASS,,P03372,"[""X-RAY DIFFRACTION""]",1.903,1.903,0.2205,0.2205,311,547,237,1.0,NEAR_COMPLETE_LBD,,False,NR3A1,ERα,Steroid hormone receptors
5TLT,5TLT_1,1,5TLT.A,A,A,PASS,,P03372,"[""X-RAY DIFFRACTION""]",1.903,1.903,0.2205,0.2205,311,547,237,1.0,NEAR_COMPLETE_LBD,,False,NR3A1,ERα,Steroid hormone receptors
5TLU,5TLU_1,1,5TLU.B,B,B,PASS,,P03372,"[""X-RAY DIFFRACTION""]",2.223,2.223,0.2234,0.2234,311,547,237,1.0,NEAR_COMPLETE_LBD,,False,NR3A1,ERα,Steroid hormone receptors
5TLU,5TLU_1,1,5TLU.A,A,A,PASS,,P03372,"[""X-RAY DIFFRACTION""]",2.223,2.223,0.2234,0.2234,311,547,237,1.0,NEAR_COMPLETE_LBD,,False,NR3A1,ERα,Steroid hormone receptors
5TLV,5TLV_1,1,5TLV.B,B,B,PASS,,P03372,"[""X-RAY DIFFRACTION""]",2.323,2.323,0.2356,0.2356,311,547,237,1.0,NEAR_COMPLETE_LBD,,False,NR3A1,ERα,Steroid hormone receptors
5TLV,5TLV_1,1,5TLV.A,A,A,PASS,,P03372,"[""X-RAY DIFFRACTION""]",2.323,2.323,0.2356,0.2356,311,547,237,1.0,NEAR_COMPLETE_LBD,,False,NR3A1,ERα,Steroid hormone receptors
5TLX,5TLX_1,1,5TLX.B,B,B,PASS,,P03372,"[""X-RAY DIFFRACTION""]",2.103,2.103,0.2263,0.2263,311,547,237,1.0,NEAR_COMPLETE_LBD,,False,NR3A1,ERα,Steroid hormone receptors
5TLX,5TLX_1,1,5TLX.A,A,A,PASS,,P03372,"[""X-RAY DIFFRACTION""]",2.103,2.103,0.2263,0.2263,311,547,237,1.0,NEAR_COMPLETE_LBD,,False,NR3A1,ERα,Steroid hormone receptors
5TLY,5TLY_1,1,5TLY.B,B,B,PASS,,P03372,"[""X-RAY DIFFRACTION""]",2.143,2.143,0.2212,0.2212,311,547,237,1.0,NEAR_COMPLETE_LBD,,False,NR3A1,ERα,Steroid hormone receptors
5TLY,5TLY_1,1,5TLY.A,A,A,PASS,,P03372,"[""X-RAY DIFFRACTION""]",2.143,2.143,0.2212,0.2212,311,547,237,1.0,NEAR_COMPLETE_LBD,,False,NR3A1,ERα,Steroid hormone receptors
5TM1,5TM1_1,1,5TM1.B,B,B,PASS,,P03372,"[""X-RAY DIFFRACTION""]",2.231,2.231,0.2361,0.2361,311,547,237,1.0,NEAR_COMPLETE_LBD,,False,NR3A1,ERα,Steroid hormone receptors
5TM1,5TM1_1,1,5TM1.A,A,A,PASS,,P03372,"[""X-RAY DIFFRACTION""]",2.231,2.231,0.2361,0.2361,311,547,237,1.0,NEAR_COMPLETE_LBD,,False,NR3A1,ERα,Steroid hormone receptors
5TM2,5TM2_1,1,5TM2.B,B,B,PASS,,P03372,"[""X-RAY DIFFRACTION""]",2.603,2.603,0.2436,0.2436,311,547,237,1.0,NEAR_COMPLETE_LBD,,False,NR3A1,ERα,Steroid hormone receptors
5TM2,5TM2_1,1,5TM2.A,A,A,PASS,,P03372,"[""X-RAY DIFFRACTION""]",2.603,2.603,0.2436,0.2436,311,547,237,1.0,NEAR_COMPLETE_LBD,,False,NR3A1,ERα,Steroid hormone receptors
5TM3,5TM3_1,1,5TM3.B,B,B,PASS,,P03372,"[""X-RAY DIFFRACTION""]",2.194,2.194,0.234,0.234,311,547,237,1.0,NEAR_COMPLETE_LBD,,False,NR3A1,ERα,Steroid hormone receptors
5TM3,5TM3_1,1,5TM3.A,A,A,PASS,,P03372,"[""X-RAY DIFFRACTION""]",2.194,2.194,0.234,0.234,311,547,237,1.0,NEAR_COMPLETE_LBD,,False,NR3A1,ERα,Steroid hormone receptors
5TM4,5TM4_1,1,5TM4.B,B,B,PASS,,P03372,"[""X-RAY DIFFRACTION""]",2.25,2.25,0.2361,0.2361,311,547,237,1.0,NEAR_COMPLETE_LBD,,False,NR3A1,ERα,Steroid hormone receptors
5TM4,5TM4_1,1,5TM4.A,A,A,PASS,,P03372,"[""X-RAY DIFFRACTION""]",2.25,2.25,0.2361,0.2361,311,547,237,1.0,NEAR_COMPLETE_LBD,,False,NR3A1,ERα,Steroid hormone receptors
5TM5,5TM5_1,1,5TM5.B,B,B,PASS,,P03372,"[""X-RAY DIFFRACTION""]",2.24,2.24,0.232,0.232,311,547,237,1.0,NEAR_COMPLETE_LBD,,False,NR3A1,ERα,Steroid hormone receptors
5TM5,5TM5_1,1,5TM5.A,A,A,PASS,,P03372,"[""X-RAY DIFFRACTION""]",2.24,2.24,0.232,0.232,311,547,237,1.0,NEAR_COMPLETE_LBD,,False,NR3A1,ERα,Steroid hormone receptors
5TM6,5TM6_1,1,5TM6.B,B,B,PASS,,P03372,"[""X-RAY DIFFRACTION""]",2.542,2.542,0.2448,0.2448,311,547,237,1.0,NEAR_COMPLETE_LBD,,False,NR3A1,ERα,Steroid hormone receptors
5TM6,5TM6_1,1,5TM6.A,A,A,PASS,,P03372,"[""X-RAY DIFFRACTION""]",2.542,2.542,0.2448,0.2448,311,547,237,1.0,NEAR_COMPLETE_LBD,,False,NR3A1,ERα,Steroid hormone receptors
5TM7,5TM7_1,1,5TM7.B,B,B,PASS,,P03372,"[""X-RAY DIFFRACTION""]",2.4,2.4,0.231,0.231,311,547,237,1.0,NEAR_COMPLETE_LBD,,False,NR3A1,ERα,Steroid hormone receptors
5TM7,5TM7_1,1,5TM7.A,A,A,PASS,,P03372,"[""X-RAY DIFFRACTION""]",2.4,2.4,0.231,0.231,311,547,237,1.0,NEAR_COMPLETE_LBD,,False,NR3A1,ERα,Steroid hormone receptors
5TM8,5TM8_1,1,5TM8.B,B,B,PASS,,P03372,"[""X-RAY DIFFRACTION""]",1.99,1.99,0.222,0.222,311,547,237,1.0,NEAR_COMPLETE_LBD,,False,NR3A1,ERα,Steroid hormone receptors
5TM8,5TM8_1,1,5TM8.A,A,A,PASS,,P03372,"[""X-RAY DIFFRACTION""]",1.99,1.99,0.222,0.222,311,547,237,1.0,NEAR_COMPLETE_LBD,,False,NR3A1,ERα,Steroid hormone receptors
5TM9,5TM9_1,1,5TM9.B,B,B,PASS,,P03372,"[""X-RAY DIFFRACTION""]",2.5,2.5,0.2373,0.2373,311,547,237,1.0,NEAR_COMPLETE_LBD,,False,NR3A1,ERα,Steroid hormone receptors
5TM9,5TM9_1,1,5TM9.A,A,A,PASS,,P03372,"[""X-RAY DIFFRACTION""]",2.5,2.5,0.2373,0.2373,311,547,237,1.0,NEAR_COMPLETE_LBD,,False,NR3A1,ERα,Steroid hormone receptors
5TML,5TML_1,1,5TML.B,B,B,PASS,,P03372,"[""X-RAY DIFFRACTION""]",2.25,2.25,0.2332,0.2332,311,547,237,1.0,NEAR_COMPLETE_LBD,,False,NR3A1,ERα,Steroid hormone receptors
5TML,5TML_1,1,5TML.A,A,A,PASS,,P03372,"[""X-RAY DIFFRACTION""]",2.25,2.25,0.2332,0.2332,311,547,237,1.0,NEAR_COMPLETE_LBD,,False,NR3A1,ERα,Steroid hormone receptors
5TMM,5TMM_1,1,5TMM.B,B,B,PASS,,P03372,"[""X-RAY DIFFRACTION""]",2.2,2.2,0.251,0.251,311,547,237,1.0,NEAR_COMPLETE_LBD,,False,NR3A1,ERα,Steroid hormone receptors
5TMM,5TMM_1,1,5TMM.A,A,A,PASS,,P03372,"[""X-RAY DIFFRACTION""]",2.2,2.2,0.251,0.251,311,547,237,1.0,NEAR_COMPLETE_LBD,,False,NR3A1,ERα,Steroid hormone receptors
5TMO,5TMO_1,1,5TMO.B,B,B,PASS,,P03372,"[""X-RAY DIFFRACTION""]",2.172,2.172,0.2325,0.2325,311,547,237,1.0,NEAR_COMPLETE_LBD,,False,NR3A1,ERα,Steroid hormone receptors
5TMO,5TMO_1,1,5TMO.A,A,A,PASS,,P03372,"[""X-RAY DIFFRACTION""]",2.172,2.172,0.2325,0.2325,311,547,237,1.0,NEAR_COMPLETE_LBD,,False,NR3A1,ERα,Steroid hormone receptors
5TMQ,5TMQ_1,1,5TMQ.B,B,B,PASS,,P03372,"[""X-RAY DIFFRACTION""]",2.24,2.24,0.2419,0.2419,311,547,237,1.0,NEAR_COMPLETE_LBD,,False,NR3A1,ERα,Steroid hormone receptors
5TMQ,5TMQ_1,1,5TMQ.A,A,A,PASS,,P03372,"[""X-RAY DIFFRACTION""]",2.24,2.24,0.2419,0.2419,311,547,237,1.0,NEAR_COMPLETE_LBD,,False,NR3A1,ERα,Steroid hormone receptors
5TMR,5TMR_1,1,5TMR.C,C,B,PASS,,P03372,"[""X-RAY DIFFRACTION""]",2.296,2.296,0.238,0.238,311,547,237,1.0,NEAR_COMPLETE_LBD,,False,NR3A1,ERα,Steroid hormone receptors
5TMR,5TMR_1,1,5TMR.A,A,A,PASS,,P03372,"[""X-RAY DIFFRACTION""]",2.296,2.296,0.238,0.238,311,547,237,1.0,NEAR_COMPLETE_LBD,,False,NR3A1,ERα,Steroid hormone receptors
5TMS,5TMS_1,1,5TMS.B,B,B,PASS,,P03372,"[""X-RAY DIFFRACTION""]",2.24,2.24,0.2408,0.2408,311,547,237,1.0,NEAR_COMPLETE_LBD,,False,NR3A1,ERα,Steroid hormone receptors
5TMS,5TMS_1,1,5TMS.A,A,A,PASS,,P03372,"[""X-RAY DIFFRACTION""]",2.24,2.24,0.2408,0.2408,311,547,237,1.0,NEAR_COMPLETE_LBD,,False,NR3A1,ERα,Steroid hormone receptors
5TMT,5TMT_1,1,5TMT.B,B,B,PASS,,P03372,"[""X-RAY DIFFRACTION""]",2.051,2.051,0.2471,0.2471,311,547,237,1.0,NEAR_COMPLETE_LBD,,False,NR3A1,ERα,Steroid hormone receptors
5TMT,5TMT_1,1,5TMT.A,A,A,PASS,,P03372,"[""X-RAY DIFFRACTION""]",2.051,2.051,0.2471,0.2471,311,547,237,1.0,NEAR_COMPLETE_LBD,,False,NR3A1,ERα,Steroid hormone receptors
5TMU,5TMU_1,1,5TMU.C,C,B,PASS,,P03372,"[""X-RAY DIFFRACTION""]",2.429,2.429,0.2375,0.2375,311,547,237,1.0,NEAR_COMPLETE_LBD,,False,NR3A1,ERα,Steroid hormone receptors
5TMU,5TMU_1,1,5TMU.A,A,A,PASS,,P03372,"[""X-RAY DIFFRACTION""]",2.429,2.429,0.2375,0.2375,311,547,237,1.0,NEAR_COMPLETE_LBD,,False,NR3A1,ERα,Steroid hormone receptors
5TMV,5TMV_1,1,5TMV.B,B,B,PASS,,P03372,"[""X-RAY DIFFRACTION""]",2.38,2.38,0.252,0.252,311,547,237,1.0,NEAR_COMPLETE_LBD,,False,NR3A1,ERα,Steroid hormone receptors
5TMV,5TMV_1,1,5TMV.A,A,A,PASS,,P03372,"[""X-RAY DIFFRACTION""]",2.38,2.38,0.252,0.252,311,547,237,1.0,NEAR_COMPLETE_LBD,,False,NR3A1,ERα,Steroid hormone receptors
5TMW,5TMW_1,1,5TMW.C,C,B,PASS,,P03372,"[""X-RAY DIFFRACTION""]",2.286,2.286,0.2451,0.2451,311,547,237,1.0,NEAR_COMPLETE_LBD,,False,NR3A1,ERα,Steroid hormone receptors
5TMW,5TMW_1,1,5TMW.A,A,A,PASS,,P03372,"[""X-RAY DIFFRACTION""]",2.286,2.286,0.2451,0.2451,311,547,237,1.0,NEAR_COMPLETE_LBD,,False,NR3A1,ERα,Steroid hormone receptors
5TMZ,5TMZ_1,1,5TMZ.C,C,B,PASS,,P03372,"[""X-RAY DIFFRACTION""]",2.207,2.207,0.2423,0.2423,311,547,237,1.0,NEAR_COMPLETE_LBD,,False,NR3A1,ERα,Steroid hormone receptors
5TMZ,5TMZ_1,1,5TMZ.A,A,A,PASS,,P03372,"[""X-RAY DIFFRACTION""]",2.207,2.207,0.2423,0.2423,311,547,237,1.0,NEAR_COMPLETE_LBD,,False,NR3A1,ERα,Steroid hormone receptors
5TN1,5TN1_1,1,5TN1.B,B,B,PASS,,P03372,"[""X-RAY DIFFRACTION""]",2.055,2.055,0.2148,0.2148,311,547,237,1.0,NEAR_COMPLETE_LBD,,False,NR3A1,ERα,Steroid hormone receptors
5TN1,5TN1_1,1,5TN1.A,A,A,PASS,,P03372,"[""X-RAY DIFFRACTION""]",2.055,2.055,0.2148,0.2148,311,547,237,1.0,NEAR_COMPLETE_LBD,,False,NR3A1,ERα,Steroid hormone receptors
5TN3,5TN3_1,1,5TN3.B,B,B,PASS,,P03372,"[""X-RAY DIFFRACTION""]",2.543,2.543,0.2564,0.2564,311,547,237,1.0,NEAR_COMPLETE_LBD,,False,NR3A1,ERα,Steroid hormone receptors
5TN3,5TN3_1,1,5TN3.A,A,A,PASS,,P03372,"[""X-RAY DIFFRACTION""]",2.543,2.543,0.2564,0.2564,311,547,237,1.0,NEAR_COMPLETE_LBD,,False,NR3A1,ERα,Steroid hormone receptors
5TN4,5TN4_1,1,5TN4.B,B,B,PASS,,P03372,"[""X-RAY DIFFRACTION""]",1.857,1.857,0.2176,0.2176,311,547,237,1.0,NEAR_COMPLETE_LBD,,False,NR3A1,ERα,Steroid hormone receptors
5TN4,5TN4_1,1,5TN4.A,A,A,PASS,,P03372,"[""X-RAY DIFFRACTION""]",1.857,1.857,0.2176,0.2176,311,547,237,1.0,NEAR_COMPLETE_LBD,,False,NR3A1,ERα,Steroid hormone receptors
5TN5,5TN5_1,1,5TN5.B,B,B,PASS,,P03372,"[""X-RAY DIFFRACTION""]",1.892,1.892,0.2333,0.2333,311,547,237,1.0,NEAR_COMPLETE_LBD,,False,NR3A1,ERα,Steroid hormone receptors
5TN5,5TN5_1,1,5TN5.A,A,A,PASS,,P03372,"[""X-RAY DIFFRACTION""]",1.892,1.892,0.2333,0.2333,311,547,237,1.0,NEAR_COMPLETE_LBD,,False,NR3A1,ERα,Steroid hormone receptors
5TN6,5TN6_1,1,5TN6.B,B,B,PASS,,P03372,"[""X-RAY DIFFRACTION""]",2.091,2.091,0.2254,0.2254,311,547,237,1.0,NEAR_COMPLETE_LBD,,False,NR3A1,ERα,Steroid hormone receptors
5TN6,5TN6_1,1,5TN6.A,A,A,PASS,,P03372,"[""X-RAY DIFFRACTION""]",2.091,2.091,0.2254,0.2254,311,547,237,1.0,NEAR_COMPLETE_LBD,,False,NR3A1,ERα,Steroid hormone receptors
5TN7,5TN7_1,1,5TN7.B,B,B,PASS,,P03372,"[""X-RAY DIFFRACTION""]",2.238,2.238,0.2352,0.2352,311,547,237,1.0,NEAR_COMPLETE_LBD,,False,NR3A1,ERα,Steroid hormone receptors
5TN7,5TN7_1,1,5TN7.A,A,A,PASS,,P03372,"[""X-RAY DIFFRACTION""]",2.238,2.238,0.2352,0.2352,311,547,237,1.0,NEAR_COMPLETE_LBD,,False,NR3A1,ERα,Steroid hormone receptors
5TN8,5TN8_1,1,5TN8.B,B,B,PASS,,P03372,"[""X-RAY DIFFRACTION""]",2.652,2.652,0.2586,0.2586,311,547,237,1.0,NEAR_COMPLETE_LBD,,False,NR3A1,ERα,Steroid hormone receptors
5TN8,5TN8_1,1,5TN8.A,A,A,PASS,,P03372,"[""X-RAY DIFFRACTION""]",2.652,2.652,0.2586,0.2586,311,547,237,1.0,NEAR_COMPLETE_LBD,,False,NR3A1,ERα,Steroid hormone receptors
5TN9,5TN9_1,1,5TN9.D,D,D,PASS,,P03372,"[""X-RAY DIFFRACTION""]",2.253,2.253,0.2381,0.2381,311,547,237,1.0,NEAR_COMPLETE_LBD,,False,NR3A1,ERα,Steroid hormone receptors
5TN9,5TN9_1,1,5TN9.C,C,C,PASS,,P03372,"[""X-RAY DIFFRACTION""]",2.253,2.253,0.2381,0.2381,311,547,237,1.0,NEAR_COMPLETE_LBD,,False,NR3A1,ERα,Steroid hormone receptors
5TN9,5TN9_1,1,5TN9.B,B,B,PASS,,P03372,"[""X-RAY DIFFRACTION""]",2.253,2.253,0.2381,0.2381,311,547,237,1.0,NEAR_COMPLETE_LBD,,False,NR3A1,ERα,Steroid hormone receptors
5TN9,5TN9_1,1,5TN9.A,A,A,PASS,,P03372,"[""X-RAY DIFFRACTION""]",2.253,2.253,0.2381,0.2381,311,547,237,1.0,NEAR_COMPLETE_LBD,,False,NR3A1,ERα,Steroid hormone receptors
5TNB,5TNB_1,1,5TNB.D,D,D,PASS,,P03372,"[""X-RAY DIFFRACTION""]",2.08,2.08,0.2178,0.2178,311,547,237,1.0,NEAR_COMPLETE_LBD,,False,NR3A1,ERα,Steroid hormone receptors
5TNB,5TNB_1,1,5TNB.C,C,C,PASS,,P03372,"[""X-RAY DIFFRACTION""]",2.08,2.08,0.2178,0.2178,311,547,237,1.0,NEAR_COMPLETE_LBD,,False,NR3A1,ERα,Steroid hormone receptors
5TNB,5TNB_1,1,5TNB.B,B,B,PASS,,P03372,"[""X-RAY DIFFRACTION""]",2.08,2.08,0.2178,0.2178,311,547,237,1.0,NEAR_COMPLETE_LBD,,False,NR3A1,ERα,Steroid hormone receptors
5TNB,5TNB_1,1,5TNB.A,A,A,PASS,,P03372,"[""X-RAY DIFFRACTION""]",2.08,2.08,0.2178,0.2178,311,547,237,1.0,NEAR_COMPLETE_LBD,,False,NR3A1,ERα,Steroid hormone receptors
5TOA,5TOA_1,1,5TOA.B,B,B,PASS,,Q92731,"[""X-RAY DIFFRACTION""]",2.5,2.5,0.2445,0.2445,264,498,235,1.0,NEAR_COMPLETE_LBD,,False,NR3A2,ERβ,Steroid hormone receptors
5TOA,5TOA_1,1,5TOA.A,A,A,PASS,,Q92731,"[""X-RAY DIFFRACTION""]",2.5,2.5,0.2445,0.2445,264,498,235,1.0,NEAR_COMPLETE_LBD,,False,NR3A2,ERβ,Steroid hormone receptors
5TTO,5TTO_1,1,5TTO.B,B,B,PASS,,P37231,"[""X-RAY DIFFRACTION""]",2.246,2.246,0.2555,0.2555,238,503,266,1.0,NEAR_COMPLETE_LBD,,False,NR1C3,PPARγ,Nutritional sensors
5TTO,5TTO_1,1,5TTO.A,A,A,PASS,,P37231,"[""X-RAY DIFFRACTION""]",2.246,2.246,0.2555,0.2555,238,503,266,1.0,NEAR_COMPLETE_LBD,,False,NR1C3,PPARγ,Nutritional sensors
5TWO,5TWO_1,1,5TWO.A,A,A,PASS,,P37231,"[""X-RAY DIFFRACTION""]",1.927,1.927,0.2365,0.2365,238,503,266,1.0,NEAR_COMPLETE_LBD,,False,NR1C3,PPARγ,Nutritional sensors
5U2B,5U2B_1,1,5U2B.F,F,F,PASS,,P03372,"[""X-RAY DIFFRACTION""]",2.22,2.22,0.229,0.229,311,547,237,1.0,NEAR_COMPLETE_LBD,,False,NR3A1,ERα,Steroid hormone receptors
5U2B,5U2B_1,1,5U2B.E,E,E,PASS,,P03372,"[""X-RAY DIFFRACTION""]",2.22,2.22,0.229,0.229,311,547,237,1.0,NEAR_COMPLETE_LBD,,False,NR3A1,ERα,Steroid hormone receptors
5U2B,5U2B_1,1,5U2B.D,D,D,PASS,,P03372,"[""X-RAY DIFFRACTION""]",2.22,2.22,0.229,0.229,311,547,237,1.0,NEAR_COMPLETE_LBD,,False,NR3A1,ERα,Steroid hormone receptors
5U2B,5U2B_1,1,5U2B.C,C,C,PASS,,P03372,"[""X-RAY DIFFRACTION""]",2.22,2.22,0.229,0.229,311,547,237,1.0,NEAR_COMPLETE_LBD,,False,NR3A1,ERα,Steroid hormone receptors
5U2B,5U2B_1,1,5U2B.B,B,B,PASS,,P03372,"[""X-RAY DIFFRACTION""]",2.22,2.22,0.229,0.229,311,547,237,1.0,NEAR_COMPLETE_LBD,,False,NR3A1,ERα,Steroid hormone receptors
5U2B,5U2B_1,1,5U2B.A,A,A,PASS,,P03372,"[""X-RAY DIFFRACTION""]",2.22,2.22,0.229,0.229,311,547,237,1.0,NEAR_COMPLETE_LBD,,False,NR3A1,ERα,Steroid hormone receptors
5U2D,5U2D_1,1,5U2D.B,B,B,PASS,,P03372,"[""X-RAY DIFFRACTION""]",1.86,1.86,0.215,0.215,311,547,237,1.0,NEAR_COMPLETE_LBD,,False,NR3A1,ERα,Steroid hormone receptors
5U2D,5U2D_1,1,5U2D.A,A,A,PASS,,P03372,"[""X-RAY DIFFRACTION""]",1.86,1.86,0.215,0.215,311,547,237,1.0,NEAR_COMPLETE_LBD,,False,NR3A1,ERα,Steroid hormone receptors
5U3Q,5U3Q_1,1,5U3Q.B,B,B,PASS,,Q03181,"[""X-RAY DIFFRACTION""]",1.5,1.5,0.1892,0.1892,211,439,229,1.0,NEAR_COMPLETE_LBD,,False,NR1C2,PPARδ,Nutritional sensors
5U3Q,5U3Q_1,1,5U3Q.A,A,A,PASS,,Q03181,"[""X-RAY DIFFRACTION""]",1.5,1.5,0.1892,0.1892,211,439,229,1.0,NEAR_COMPLETE_LBD,,False,NR1C2,PPARδ,Nutritional sensors
5U3R,5U3R_1,1,5U3R.B,B,B,PASS,,Q03181,"[""X-RAY DIFFRACTION""]",1.95,1.95,0.2326,0.2326,211,439,229,1.0,NEAR_COMPLETE_LBD,,False,NR1C2,PPARδ,Nutritional sensors
5U3R,5U3R_1,1,5U3R.A,A,A,PASS,,Q03181,"[""X-RAY DIFFRACTION""]",1.95,1.95,0.2326,0.2326,211,439,229,1.0,NEAR_COMPLETE_LBD,,False,NR1C2,PPARδ,Nutritional sensors
5U3S,5U3S_1,1,5U3S.B,B,B,PASS,,Q03181,"[""X-RAY DIFFRACTION""]",2.0,2.0,0.2464,0.2464,211,439,229,1.0,NEAR_COMPLETE_LBD,,False,NR1C2,PPARδ,Nutritional sensors
5U3S,5U3S_1,1,5U3S.A,A,A,PASS,,Q03181,"[""X-RAY DIFFRACTION""]",2.0,2.0,0.2464,0.2464,211,439,229,1.0,NEAR_COMPLETE_LBD,,False,NR1C2,PPARδ,Nutritional sensors
5U3T,5U3T_1,1,5U3T.B,B,B,PASS,,Q03181,"[""X-RAY DIFFRACTION""]",1.7,1.7,0.2204,0.2204,211,439,229,1.0,NEAR_COMPLETE_LBD,,False,NR1C2,PPARδ,Nutritional sensors
5U3T,5U3T_1,1,5U3T.A,A,A,PASS,,Q03181,"[""X-RAY DIFFRACTION""]",1.7,1.7,0.2204,0.2204,211,439,229,1.0,NEAR_COMPLETE_LBD,,False,NR1C2,PPARδ,Nutritional sensors
5U3U,5U3U_1,1,5U3U.B,B,B,PASS,,Q03181,"[""X-RAY DIFFRACTION""]",2.1,2.1,0.2611,0.2611,211,439,229,1.0,NEAR_COMPLETE_LBD,,False,NR1C2,PPARδ,Nutritional sensors
5U3U,5U3U_1,1,5U3U.A,A,A,PASS,,Q03181,"[""X-RAY DIFFRACTION""]",2.1,2.1,0.2611,0.2611,211,439,229,1.0,NEAR_COMPLETE_LBD,,False,NR1C2,PPARδ,Nutritional sensors
5U3V,5U3V_1,1,5U3V.B,B,B,PASS,,Q03181,"[""X-RAY DIFFRACTION""]",1.84,1.84,0.2445,0.2445,211,439,229,1.0,NEAR_COMPLETE_LBD,,False,NR1C2,PPARδ,Nutritional sensors
5U3V,5U3V_1,1,5U3V.A,A,A,PASS,,Q03181,"[""X-RAY DIFFRACTION""]",1.84,1.84,0.2445,0.2445,211,439,229,1.0,NEAR_COMPLETE_LBD,,False,NR1C2,PPARδ,Nutritional sensors
5U3W,5U3W_1,1,5U3W.B,B,B,PASS,,Q03181,"[""X-RAY DIFFRACTION""]",1.8,1.8,0.2428,0.2428,211,439,229,1.0,NEAR_COMPLETE_LBD,,False,NR1C2,PPARδ,Nutritional sensors
5U3W,5U3W_1,1,5U3W.A,A,A,PASS,,Q03181,"[""X-RAY DIFFRACTION""]",1.8,1.8,0.2428,0.2428,211,439,229,1.0,NEAR_COMPLETE_LBD,,False,NR1C2,PPARδ,Nutritional sensors
5U3X,5U3X_1,1,5U3X.B,B,B,PASS,,Q03181,"[""X-RAY DIFFRACTION""]",2.1,2.1,0.2748,0.2748,211,439,229,1.0,NEAR_COMPLETE_LBD,,False,NR1C2,PPARδ,Nutritional sensors
5U3X,5U3X_1,1,5U3X.A,A,A,PASS,,Q03181,"[""X-RAY DIFFRACTION""]",2.1,2.1,0.2748,0.2748,211,439,229,1.0,NEAR_COMPLETE_LBD,,False,NR1C2,PPARδ,Nutritional sensors
5U3Y,5U3Y_1,1,5U3Y.B,B,B,PASS,,Q03181,"[""X-RAY DIFFRACTION""]",1.9,1.9,0.2458,0.2458,211,439,229,1.0,NEAR_COMPLETE_LBD,,False,NR1C2,PPARδ,Nutritional sensors
5U3Y,5U3Y_1,1,5U3Y.A,A,A,PASS,,Q03181,"[""X-RAY DIFFRACTION""]",1.9,1.9,0.2458,0.2458,211,439,229,1.0,NEAR_COMPLETE_LBD,,False,NR1C2,PPARδ,Nutritional sensors
5U3Z,5U3Z_1,1,5U3Z.B,B,B,PASS,,Q03181,"[""X-RAY DIFFRACTION""]",1.72,1.72,0.2137,0.2137,211,439,229,1.0,NEAR_COMPLETE_LBD,,False,NR1C2,PPARδ,Nutritional sensors
5U3Z,5U3Z_1,1,5U3Z.A,A,A,PASS,,Q03181,"[""X-RAY DIFFRACTION""]",1.72,1.72,0.2137,0.2137,211,439,229,1.0,NEAR_COMPLETE_LBD,,False,NR1C2,PPARδ,Nutritional sensors
5U40,5U40_1,1,5U40.B,B,B,PASS,,Q03181,"[""X-RAY DIFFRACTION""]",2.0,2.0,0.2295,0.2295,211,439,229,1.0,NEAR_COMPLETE_LBD,,False,NR1C2,PPARδ,Nutritional sensors
5U40,5U40_1,1,5U40.A,A,A,PASS,,Q03181,"[""X-RAY DIFFRACTION""]",2.0,2.0,0.2295,0.2295,211,439,229,1.0,NEAR_COMPLETE_LBD,,False,NR1C2,PPARδ,Nutritional sensors
5U41,5U41_1,1,5U41.B,B,B,PASS,,Q03181,"[""X-RAY DIFFRACTION""]",1.9,1.9,0.2689,0.2689,211,439,229,1.0,NEAR_COMPLETE_LBD,,False,NR1C2,PPARδ,Nutritional sensors
5U41,5U41_1,1,5U41.A,A,A,PASS,,Q03181,"[""X-RAY DIFFRACTION""]",1.9,1.9,0.2689,0.2689,211,439,229,1.0,NEAR_COMPLETE_LBD,,False,NR1C2,PPARδ,Nutritional sensors
5U42,5U42_1,1,5U42.B,B,B,PASS,,Q03181,"[""X-RAY DIFFRACTION""]",1.7,1.7,0.2156,0.2156,211,439,229,1.0,NEAR_COMPLETE_LBD,,False,NR1C2,PPARδ,Nutritional sensors
5U42,5U42_1,1,5U42.A,A,A,PASS,,Q03181,"[""X-RAY DIFFRACTION""]",1.7,1.7,0.2156,0.2156,211,439,229,1.0,NEAR_COMPLETE_LBD,,False,NR1C2,PPARδ,Nutritional sensors
5U43,5U43_1,1,5U43.B,B,B,PASS,,Q03181,"[""X-RAY DIFFRACTION""]",1.9,1.9,0.2384,0.2384,211,439,229,1.0,NEAR_COMPLETE_LBD,,False,NR1C2,PPARδ,Nutritional sensors
5U43,5U43_1,1,5U43.A,A,A,PASS,,Q03181,"[""X-RAY DIFFRACTION""]",1.9,1.9,0.2384,0.2384,211,439,229,1.0,NEAR_COMPLETE_LBD,,False,NR1C2,PPARδ,Nutritional sensors
5U44,5U44_1,1,5U44.B,B,B,PASS,,Q03181,"[""X-RAY DIFFRACTION""]",2.15,2.15,0.2526,0.2526,211,439,229,1.0,NEAR_COMPLETE_LBD,,False,NR1C2,PPARδ,Nutritional sensors
5U44,5U44_1,1,5U44.A,A,A,PASS,,Q03181,"[""X-RAY DIFFRACTION""]",2.15,2.15,0.2526,0.2526,211,439,229,1.0,NEAR_COMPLETE_LBD,,False,NR1C2,PPARδ,Nutritional sensors
5U45,5U45_1,1,5U45.B,B,B,PASS,,Q03181,"[""X-RAY DIFFRACTION""]",1.95,1.95,0.2414,0.2414,211,439,229,1.0,NEAR_COMPLETE_LBD,,False,NR1C2,PPARδ,Nutritional sensors
5U45,5U45_1,1,5U45.A,A,A,PASS,,Q03181,"[""X-RAY DIFFRACTION""]",1.95,1.95,0.2414,0.2414,211,439,229,1.0,NEAR_COMPLETE_LBD,,False,NR1C2,PPARδ,Nutritional sensors
5U46,5U46_1,1,5U46.B,B,B,PASS,,Q03181,"[""X-RAY DIFFRACTION""]",2.0,2.0,0.2214,0.2214,211,439,229,1.0,NEAR_COMPLETE_LBD,,False,NR1C2,PPARδ,Nutritional sensors
5U46,5U46_1,1,5U46.A,A,A,PASS,,Q03181,"[""X-RAY DIFFRACTION""]",2.0,2.0,0.2214,0.2214,211,439,229,1.0,NEAR_COMPLETE_LBD,,False,NR1C2,PPARδ,Nutritional sensors
5U5L,5U5L_1,1,5U5L.B,B,B,PASS,,P37231,"[""X-RAY DIFFRACTION""]",2.55,2.55,0.2381,0.2381,238,503,266,1.0,NEAR_COMPLETE_LBD,,False,NR1C3,PPARγ,Nutritional sensors
5U5L,5U5L_1,1,5U5L.A,A,A,PASS,,P37231,"[""X-RAY DIFFRACTION""]",2.55,2.55,0.2381,0.2381,238,503,266,1.0,NEAR_COMPLETE_LBD,,False,NR1C3,PPARγ,Nutritional sensors
5UAN,5UAN_1,1,5UAN.A,A,A,PASS,,P19793,"[""X-RAY DIFFRACTION""]",3.508,3.508,0.2703,0.2703,227,458,232,1.0,NEAR_COMPLETE_LBD,,False,NR2B1,RXRα,Nutritional sensors
5UAN,5UAN_2,2,5UAN.B,B,B,PASS,,P10826,"[""X-RAY DIFFRACTION""]",3.508,3.508,0.2703,0.2703,183,417,235,1.0,NEAR_COMPLETE_LBD,,False,NR1B2,RARβ,Steroid hormone receptors
5UC3,5UC3_1,1,5UC3.B,B,B,PASS,,P04150,"[""X-RAY DIFFRACTION""]",2.009,2.009,0.2118,0.2118,524,758,235,1.0,NEAR_COMPLETE_LBD,,False,NR3C1,GR,Steroid hormone receptors
5UC3,5UC3_1,1,5UC3.A,A,A,PASS,,P04150,"[""X-RAY DIFFRACTION""]",2.009,2.009,0.2118,0.2118,524,758,235,1.0,NEAR_COMPLETE_LBD,,False,NR3C1,GR,Steroid hormone receptors
5UFO,5UFO_1,1,5UFO.A,A,A,PASS,,P51449,"[""X-RAY DIFFRACTION""]",2.802,2.802,0.2435,0.2435,269,508,239,0.995833,NEAR_COMPLETE_LBD,,False,NR1F3,RORγ,Nutritional sensors
5UFR,5UFR_1,1,5UFR.B,B,B,PASS,,P51449,"[""X-RAY DIFFRACTION""]",2.068,2.068,0.2535,0.2535,269,508,239,0.995833,NEAR_COMPLETE_LBD,,False,NR1F3,RORγ,Nutritional sensors
5UFR,5UFR_1,1,5UFR.A,A,A,PASS,,P51449,"[""X-RAY DIFFRACTION""]",2.068,2.068,0.2535,0.2535,269,508,239,0.995833,NEAR_COMPLETE_LBD,,False,NR1F3,RORγ,Nutritional sensors
5UFS,5UFS_2,2,5UFS.D,D,D,PASS,,Q15466,"[""X-RAY DIFFRACTION""]",2.118,2.118,0.2499,0.2499,16,257,10,0.041322,TRACE_LBD,,False,NR0B2,SHP,Orphan receptors
5UFS,5UFS_2,2,5UFS.C,C,C,PASS,,Q15466,"[""X-RAY DIFFRACTION""]",2.118,2.118,0.2499,0.2499,16,257,10,0.041322,TRACE_LBD,,False,NR0B2,SHP,Orphan receptors
5UFW,5UFW_1,1,5UFW.B,B,B,PASS,,P03372,"[""X-RAY DIFFRACTION""]",1.583,1.583,0.2104,0.2104,311,547,237,1.0,NEAR_COMPLETE_LBD,,False,NR3A1,ERα,Steroid hormone receptors
5UFW,5UFW_1,1,5UFW.A,A,A,PASS,,P03372,"[""X-RAY DIFFRACTION""]",1.583,1.583,0.2104,0.2104,311,547,237,1.0,NEAR_COMPLETE_LBD,,False,NR3A1,ERα,Steroid hormone receptors
5UFX,5UFX_1,1,5UFX.B,B,B,PASS,,P03372,"[""X-RAY DIFFRACTION""]",1.5503,1.5503,0.2299,0.2299,311,547,237,1.0,NEAR_COMPLETE_LBD,,False,NR3A1,ERα,Steroid hormone receptors
5UFX,5UFX_1,1,5UFX.A,A,A,PASS,,P03372,"[""X-RAY DIFFRACTION""]",1.5503,1.5503,0.2299,0.2299,311,547,237,1.0,NEAR_COMPLETE_LBD,,False,NR3A1,ERα,Steroid hormone receptors
5UGM,5UGM_1,1,5UGM.B,B,B,PASS,,P37231,"[""X-RAY DIFFRACTION""]",2.1,2.1,0.216,0.216,238,503,266,1.0,NEAR_COMPLETE_LBD,,False,NR1C3,PPARγ,Nutritional sensors
5UGM,5UGM_1,1,5UGM.A,A,A,PASS,,P37231,"[""X-RAY DIFFRACTION""]",2.1,2.1,0.216,0.216,238,503,266,1.0,NEAR_COMPLETE_LBD,,False,NR1C3,PPARγ,Nutritional sensors
5UHI,5UHI_1,1,5UHI.B,B,B,PASS,,P51449,"[""X-RAY DIFFRACTION""]",3.198,3.198,0.3181,0.3181,269,508,239,0.995833,NEAR_COMPLETE_LBD,,False,NR1F3,RORγ,Nutritional sensors
5UHI,5UHI_1,1,5UHI.A,A,A,PASS,,P51449,"[""X-RAY DIFFRACTION""]",3.198,3.198,0.3181,0.3181,269,508,239,0.995833,NEAR_COMPLETE_LBD,,False,NR1F3,RORγ,Nutritional sensors
5UNJ,5UNJ_1,1,5UNJ.A,A,A,PASS,,O00482,"[""X-RAY DIFFRACTION""]",1.959,1.959,0.2265,0.2265,300,539,240,1.0,NEAR_COMPLETE_LBD,,False,NR5A2,LRH-1,Nutritional sensors
5V39,5V39_1,1,5V39.A,A,A,PASS,,P11473,"[""X-RAY DIFFRACTION""]",2.2,2.2,0.235,0.235,127,423,248,0.835017,SUBSTANTIAL_LBD,,False,NR1I1,VDR,Steroid hormone receptors
5V8Q,5V8Q_1,1,5V8Q.A,A,A,PASS,,P10275,"[""X-RAY DIFFRACTION""]",1.44,1.44,0.2047,0.2047,669,900,229,0.987069,NEAR_COMPLETE_LBD,,False,NR3C4,AR,Steroid hormone receptors
5VA0,5VA0_1,1,5VA0.D,D,B,PASS,,P04150,"[""X-RAY DIFFRACTION""]",2.295,2.295,0.2314,0.2314,524,758,0,0.0,NO_LBD_OVERLAP,,False,NR3C1,GR,Steroid hormone receptors
5VA0,5VA0_1,1,5VA0.A,A,A,PASS,,P04150,"[""X-RAY DIFFRACTION""]",2.295,2.295,0.2314,0.2314,524,758,0,0.0,NO_LBD_OVERLAP,,False,NR3C1,GR,Steroid hormone receptors
5VA7,5VA7_1,1,5VA7.D,D,B,PASS,,P04150,"[""X-RAY DIFFRACTION""]",2.153,2.153,0.227,0.227,524,758,0,0.0,NO_LBD_OVERLAP,,False,NR3C1,GR,Steroid hormone receptors
5VA7,5VA7_1,1,5VA7.A,A,A,PASS,,P04150,"[""X-RAY DIFFRACTION""]",2.153,2.153,0.227,0.227,524,758,0,0.0,NO_LBD_OVERLAP,,False,NR3C1,GR,Steroid hormone receptors
5VB3,5VB3_1,1,5VB3.A,A,A,PASS,,P51449,"[""X-RAY DIFFRACTION""]",1.95,1.95,0.2298,0.2298,269,508,239,0.995833,NEAR_COMPLETE_LBD,,True,NR1F3,RORγ,Nutritional sensors
5VB5,5VB5_1,1,5VB5.A,A,A,PASS,,P51449,"[""X-RAY DIFFRACTION""]",2.226,2.226,0.2344,0.2344,269,508,239,0.995833,NEAR_COMPLETE_LBD,,True,NR1F3,RORγ,Nutritional sensors
5VB6,5VB6_1,1,5VB6.A,A,A,PASS,,P51449,"[""X-RAY DIFFRACTION""]",2.041,2.041,0.2075,0.2075,269,508,239,0.995833,NEAR_COMPLETE_LBD,,True,NR1F3,RORγ,Nutritional sensors
5VB7,5VB7_1,1,5VB7.A,A,A,PASS,,P51449,"[""X-RAY DIFFRACTION""]",2.335,2.335,0.2161,0.2161,269,508,239,0.995833,NEAR_COMPLETE_LBD,,True,NR1F3,RORγ,Nutritional sensors
5VO4,5VO4_1,1,5VO4.A,A,A,PASS,,P10275,"[""X-RAY DIFFRACTION""]",2.35,2.35,0.2823,0.2823,669,900,230,0.991379,NEAR_COMPLETE_LBD,,False,NR3C4,AR,Steroid hormone receptors
5VQK,5VQK_1,1,5VQK.A,A,A,PASS,,P51449,"[""X-RAY DIFFRACTION""]",3.1,3.1,0.246,0.246,269,508,239,0.995833,NEAR_COMPLETE_LBD,,True,NR1F3,RORγ,Nutritional sensors
5VQL,5VQL_1,1,5VQL.A,A,A,PASS,,P51449,"[""X-RAY DIFFRACTION""]",2.7,2.7,0.251,0.251,269,508,239,0.995833,NEAR_COMPLETE_LBD,,True,NR1F3,RORγ,Nutritional sensors
5W4R,5W4R_1,1,5W4R.B,B,B,PASS,,P51449,"[""X-RAY DIFFRACTION""]",3.002,3.002,0.245,0.245,269,508,213,0.8875,SUBSTANTIAL_LBD,,False,NR1F3,RORγ,Nutritional sensors
5W4R,5W4R_1,1,5W4R.A,A,A,PASS,,P51449,"[""X-RAY DIFFRACTION""]",3.002,3.002,0.245,0.245,269,508,213,0.8875,SUBSTANTIAL_LBD,,False,NR1F3,RORγ,Nutritional sensors
5W4V,5W4V_1,1,5W4V.F,F,F,PASS,,P51449,"[""X-RAY DIFFRACTION""]",2.65,2.65,0.3835,0.3835,269,508,207,0.8625,SUBSTANTIAL_LBD,,False,NR1F3,RORγ,Nutritional sensors
5W4V,5W4V_1,1,5W4V.E,E,E,PASS,,P51449,"[""X-RAY DIFFRACTION""]",2.65,2.65,0.3835,0.3835,269,508,207,0.8625,SUBSTANTIAL_LBD,,False,NR1F3,RORγ,Nutritional sensors
5W4V,5W4V_1,1,5W4V.D,D,D,PASS,,P51449,"[""X-RAY DIFFRACTION""]",2.65,2.65,0.3835,0.3835,269,508,207,0.8625,SUBSTANTIAL_LBD,,False,NR1F3,RORγ,Nutritional sensors
5W4V,5W4V_1,1,5W4V.C,C,C,PASS,,P51449,"[""X-RAY DIFFRACTION""]",2.65,2.65,0.3835,0.3835,269,508,207,0.8625,SUBSTANTIAL_LBD,,False,NR1F3,RORγ,Nutritional sensors
5W4V,5W4V_1,1,5W4V.B,B,B,PASS,,P51449,"[""X-RAY DIFFRACTION""]",2.65,2.65,0.3835,0.3835,269,508,207,0.8625,SUBSTANTIAL_LBD,,False,NR1F3,RORγ,Nutritional sensors
5W4V,5W4V_1,1,5W4V.A,A,A,PASS,,P51449,"[""X-RAY DIFFRACTION""]",2.65,2.65,0.3835,0.3835,269,508,207,0.8625,SUBSTANTIAL_LBD,,False,NR1F3,RORγ,Nutritional sensors
5W9C,5W9C_1,1,5W9C.D,D,D,PASS,,P03372,"[""X-RAY DIFFRACTION""]",1.802,1.802,0.242,0.242,311,547,237,1.0,NEAR_COMPLETE_LBD,,False,NR3A1,ERα,Steroid hormone receptors
5W9C,5W9C_1,1,5W9C.C,C,C,PASS,,P03372,"[""X-RAY DIFFRACTION""]",1.802,1.802,0.242,0.242,311,547,237,1.0,NEAR_COMPLETE_LBD,,False,NR3A1,ERα,Steroid hormone receptors
5W9C,5W9C_1,1,5W9C.B,B,B,PASS,,P03372,"[""X-RAY DIFFRACTION""]",1.802,1.802,0.242,0.242,311,547,237,1.0,NEAR_COMPLETE_LBD,,False,NR3A1,ERα,Steroid hormone receptors
5W9C,5W9C_1,1,5W9C.A,A,A,PASS,,P03372,"[""X-RAY DIFFRACTION""]",1.802,1.802,0.242,0.242,311,547,237,1.0,NEAR_COMPLETE_LBD,,False,NR3A1,ERα,Steroid hormone receptors
5W9D,5W9D_1,1,5W9D.B,B,B,PASS,,P03372,"[""X-RAY DIFFRACTION""]",1.6464,1.6464,0.1952,0.1952,311,547,237,1.0,NEAR_COMPLETE_LBD,,False,NR3A1,ERα,Steroid hormone receptors
5W9D,5W9D_1,1,5W9D.A,A,A,PASS,,P03372,"[""X-RAY DIFFRACTION""]",1.6464,1.6464,0.1952,0.1952,311,547,237,1.0,NEAR_COMPLETE_LBD,,False,NR3A1,ERα,Steroid hormone receptors
5WGD,5WGD_1,1,5WGD.B,B,B,PASS,,P03372,"[""X-RAY DIFFRACTION""]",1.8,1.8,0.208,0.208,311,547,237,1.0,NEAR_COMPLETE_LBD,,False,NR3A1,ERα,Steroid hormone receptors
5WGD,5WGD_1,1,5WGD.A,A,A,PASS,,P03372,"[""X-RAY DIFFRACTION""]",1.8,1.8,0.208,0.208,311,547,237,1.0,NEAR_COMPLETE_LBD,,False,NR3A1,ERα,Steroid hormone receptors
5WGQ,5WGQ_1,1,5WGQ.B,B,B,PASS,,P03372,"[""X-RAY DIFFRACTION""]",2.3,2.3,0.257,0.257,311,547,237,1.0,NEAR_COMPLETE_LBD,,False,NR3A1,ERα,Steroid hormone receptors
5WGQ,5WGQ_1,1,5WGQ.A,A,A,PASS,,P03372,"[""X-RAY DIFFRACTION""]",2.3,2.3,0.257,0.257,311,547,237,1.0,NEAR_COMPLETE_LBD,,False,NR3A1,ERα,Steroid hormone receptors
5WQX,5WQX_1,1,5WQX.B,B,B,PASS,,P37231,"[""X-RAY DIFFRACTION""]",2.29,2.29,0.27711,0.27711,238,503,266,1.0,NEAR_COMPLETE_LBD,,False,NR1C3,PPARγ,Nutritional sensors
5WQX,5WQX_1,1,5WQX.A,A,A,PASS,,P37231,"[""X-RAY DIFFRACTION""]",2.29,2.29,0.27711,0.27711,238,503,266,1.0,NEAR_COMPLETE_LBD,,False,NR1C3,PPARγ,Nutritional sensors
5WR0,5WR0_1,1,5WR0.B,B,B,PASS,,P37231,"[""X-RAY DIFFRACTION""]",2.85,2.85,0.29975,0.29975,238,503,266,1.0,NEAR_COMPLETE_LBD,,False,NR1C3,PPARγ,Nutritional sensors
5WR0,5WR0_1,1,5WR0.A,A,A,PASS,,P37231,"[""X-RAY DIFFRACTION""]",2.85,2.85,0.29975,0.29975,238,503,266,1.0,NEAR_COMPLETE_LBD,,False,NR1C3,PPARγ,Nutritional sensors
5WR1,5WR1_1,1,5WR1.B,B,B,PASS,,P37231,"[""X-RAY DIFFRACTION""]",2.34,2.34,0.25948,0.25948,238,503,266,1.0,NEAR_COMPLETE_LBD,,False,NR1C3,PPARγ,Nutritional sensors
5WR1,5WR1_1,1,5WR1.A,A,A,PASS,,P37231,"[""X-RAY DIFFRACTION""]",2.34,2.34,0.25948,0.25948,238,503,266,1.0,NEAR_COMPLETE_LBD,,False,NR1C3,PPARγ,Nutritional sensors
5WZX,5WZX_1,1,5WZX.B,B,B,PASS,,Q96RI1,"[""X-RAY DIFFRACTION""]",2.95,2.95,0.2625,0.2625,262,486,224,0.995556,NEAR_COMPLETE_LBD,,False,NR1H4,FXR,Nutritional sensors
5WZX,5WZX_1,1,5WZX.A,A,A,PASS,,Q96RI1,"[""X-RAY DIFFRACTION""]",2.95,2.95,0.2625,0.2625,262,486,224,0.995556,NEAR_COMPLETE_LBD,,False,NR1H4,FXR,Nutritional sensors
5X0R,5X0R_1,1,5X0R.B,B,B,PASS,,O75469,"[""X-RAY DIFFRACTION""]",2.665,2.665,0.25208,0.25208,146,433,288,1.0,NEAR_COMPLETE_LBD,,False,NR1I2,PXR,Nutritional sensors
5X0R,5X0R_1,1,5X0R.A,A,A,PASS,,O75469,"[""X-RAY DIFFRACTION""]",2.665,2.665,0.25208,0.25208,146,433,288,1.0,NEAR_COMPLETE_LBD,,False,NR1I2,PXR,Nutritional sensors
5X8Q,5X8Q_1,1,5X8Q.G,G,G,PASS,,P51449,"[""X-RAY DIFFRACTION""]",2.2,2.2,0.2411,0.2411,269,508,240,1.0,NEAR_COMPLETE_LBD,,False,NR1F3,RORγ,Nutritional sensors
5X8Q,5X8Q_1,1,5X8Q.E,E,E,PASS,,P51449,"[""X-RAY DIFFRACTION""]",2.2,2.2,0.2411,0.2411,269,508,240,1.0,NEAR_COMPLETE_LBD,,False,NR1F3,RORγ,Nutritional sensors
5X8Q,5X8Q_1,1,5X8Q.C,C,C,PASS,,P51449,"[""X-RAY DIFFRACTION""]",2.2,2.2,0.2411,0.2411,269,508,240,1.0,NEAR_COMPLETE_LBD,,False,NR1F3,RORγ,Nutritional sensors
5X8Q,5X8Q_1,1,5X8Q.A,A,A,PASS,,P51449,"[""X-RAY DIFFRACTION""]",2.2,2.2,0.2411,0.2411,269,508,240,1.0,NEAR_COMPLETE_LBD,,False,NR1F3,RORγ,Nutritional sensors
5XMX,5XMX_1,1,5XMX.B,B,B,PASS,,Q03181,"[""X-RAY DIFFRACTION""]",2.0,2.0,0.28181,0.28181,211,439,229,1.0,NEAR_COMPLETE_LBD,,False,NR1C2,PPARδ,Nutritional sensors
5XMX,5XMX_1,1,5XMX.A,A,A,PASS,,Q03181,"[""X-RAY DIFFRACTION""]",2.0,2.0,0.28181,0.28181,211,439,229,1.0,NEAR_COMPLETE_LBD,,False,NR1C2,PPARδ,Nutritional sensors
5Y1J,5Y1J_1,1,5Y1J.A,A,A,PASS,,Q96RI1,"[""X-RAY DIFFRACTION""]",2.0,2.0,0.2378,0.2378,262,486,224,0.995556,NEAR_COMPLETE_LBD,,False,NR1H4,FXR,Nutritional sensors
5Y2O,5Y2O_1,1,5Y2O.B,B,B,PASS,,P37231,"[""X-RAY DIFFRACTION""]",1.801,1.801,0.2319,0.2319,238,503,266,1.0,NEAR_COMPLETE_LBD,,False,NR1C3,PPARγ,Nutritional sensors
5Y2O,5Y2O_1,1,5Y2O.A,A,A,PASS,,P37231,"[""X-RAY DIFFRACTION""]",1.801,1.801,0.2319,0.2319,238,503,266,1.0,NEAR_COMPLETE_LBD,,False,NR1C3,PPARγ,Nutritional sensors
5Y2T,5Y2T_1,1,5Y2T.B,B,B,PASS,,P37231,"[""X-RAY DIFFRACTION""]",1.7,1.7,0.2237,0.2237,238,503,266,1.0,NEAR_COMPLETE_LBD,,False,NR1C3,PPARγ,Nutritional sensors
5Y2T,5Y2T_1,1,5Y2T.A,A,A,PASS,,P37231,"[""X-RAY DIFFRACTION""]",1.7,1.7,0.2237,0.2237,238,503,266,1.0,NEAR_COMPLETE_LBD,,False,NR1C3,PPARγ,Nutritional sensors
5Y41,5Y41_1,1,5Y41.B,B,B,PASS,,P43354,"[""X-RAY DIFFRACTION""]",2.05,2.05,0.25288,0.25288,360,595,236,1.0,NEAR_COMPLETE_LBD,,False,NR4A2,NURR1,Nutritional sensors
5Y41,5Y41_1,1,5Y41.A,A,A,PASS,,P43354,"[""X-RAY DIFFRACTION""]",2.05,2.05,0.25288,0.25288,360,595,236,1.0,NEAR_COMPLETE_LBD,,False,NR4A2,NURR1,Nutritional sensors
5Y44,5Y44_1,1,5Y44.A,A,A,PASS,,Q96RI1,"[""X-RAY DIFFRACTION""]",2.35,2.35,0.2706,0.2706,262,486,223,0.991111,NEAR_COMPLETE_LBD,,False,NR1H4,FXR,Nutritional sensors
5Y49,5Y49_1,1,5Y49.B,B,B,PASS,,Q96RI1,"[""X-RAY DIFFRACTION""]",2.4,2.4,0.2528,0.2528,262,486,224,0.995556,NEAR_COMPLETE_LBD,,False,NR1H4,FXR,Nutritional sensors
5Y49,5Y49_1,1,5Y49.A,A,A,PASS,,Q96RI1,"[""X-RAY DIFFRACTION""]",2.4,2.4,0.2528,0.2528,262,486,224,0.995556,NEAR_COMPLETE_LBD,,False,NR1H4,FXR,Nutritional sensors
5Y7X,5Y7X_1,1,5Y7X.B,B,B,PASS,,Q03181,"[""X-RAY DIFFRACTION""]",1.699,1.699,0.2305,0.2305,211,439,229,1.0,NEAR_COMPLETE_LBD,,False,NR1C2,PPARδ,Nutritional sensors
5Y7X,5Y7X_1,1,5Y7X.A,A,A,PASS,,Q03181,"[""X-RAY DIFFRACTION""]",1.699,1.699,0.2305,0.2305,211,439,229,1.0,NEAR_COMPLETE_LBD,,False,NR1C2,PPARδ,Nutritional sensors
5YCN,5YCN_1,1,5YCN.A,A,A,PASS,,P37231,"[""X-RAY DIFFRACTION""]",2.15,2.15,0.22832,0.22832,238,503,266,1.0,NEAR_COMPLETE_LBD,,False,NR1C3,PPARγ,Nutritional sensors
5YCP,5YCP_1,1,5YCP.A,A,A,PASS,,P37231,"[""X-RAY DIFFRACTION""]",2.0,2.0,0.23338,0.23338,238,503,266,1.0,NEAR_COMPLETE_LBD,,False,NR1C3,PPARγ,Nutritional sensors
5YD6,5YD6_1,1,5YD6.D,D,D,PASS,,P43354,"[""X-RAY DIFFRACTION""]",2.34,2.34,0.26863,0.26863,360,595,236,1.0,NEAR_COMPLETE_LBD,,False,NR4A2,NURR1,Nutritional sensors
5YD6,5YD6_1,1,5YD6.C,C,C,PASS,,P43354,"[""X-RAY DIFFRACTION""]",2.34,2.34,0.26863,0.26863,360,595,236,1.0,NEAR_COMPLETE_LBD,,False,NR4A2,NURR1,Nutritional sensors
5YD6,5YD6_1,1,5YD6.B,B,B,PASS,,P43354,"[""X-RAY DIFFRACTION""]",2.34,2.34,0.26863,0.26863,360,595,236,1.0,NEAR_COMPLETE_LBD,,False,NR4A2,NURR1,Nutritional sensors
5YD6,5YD6_1,1,5YD6.A,A,A,PASS,,P43354,"[""X-RAY DIFFRACTION""]",2.34,2.34,0.26863,0.26863,360,595,236,1.0,NEAR_COMPLETE_LBD,,False,NR4A2,NURR1,Nutritional sensors
5YP5,5YP5_1,1,5YP5.A,A,A,PASS,,P51449,"[""X-RAY DIFFRACTION""]",2.65,2.65,0.25324,0.25324,269,508,239,0.995833,NEAR_COMPLETE_LBD,,False,NR1F3,RORγ,Nutritional sensors
5YP6,5YP6_1,1,5YP6.A,A,A,PASS,,P51449,"[""X-RAY DIFFRACTION""]",2.2,2.2,0.25446,0.25446,269,508,239,0.995833,NEAR_COMPLETE_LBD,,False,NR1F3,RORγ,Nutritional sensors
5YSO,5YSO_1,1,5YSO.C,C,C,PASS,,P62508,"[""X-RAY DIFFRACTION""]",2.501,2.501,0.2434,0.2434,233,457,225,1.0,NEAR_COMPLETE_LBD,,False,NR3B3,ERRγ,Nutritional sensors
5YSO,5YSO_1,1,5YSO.B,B,B,PASS,,P62508,"[""X-RAY DIFFRACTION""]",2.501,2.501,0.2434,0.2434,233,457,225,1.0,NEAR_COMPLETE_LBD,,False,NR3B3,ERRγ,Nutritional sensors
5YSO,5YSO_1,1,5YSO.A,A,A,PASS,,P62508,"[""X-RAY DIFFRACTION""]",2.501,2.501,0.2434,0.2434,233,457,225,1.0,NEAR_COMPLETE_LBD,,False,NR3B3,ERRγ,Nutritional sensors
5YSY,5YSY_1,1,5YSY.A,A,A,PASS,,P11473,"[""X-RAY DIFFRACTION""]",2.0,2.0,0.24223,0.24223,127,423,246,0.828283,SUBSTANTIAL_LBD,,False,NR1I1,VDR,Steroid hormone receptors
5YT2,5YT2_1,1,5YT2.A,A,A,PASS,,P11473,"[""X-RAY DIFFRACTION""]",2.0,2.0,0.23342,0.23342,127,423,246,0.828283,SUBSTANTIAL_LBD,,False,NR1I1,VDR,Steroid hormone receptors
5YXB,5YXB_1,1,5YXB.A,A,A,PASS,,Q96RI1,"[""X-RAY DIFFRACTION""]",2.95,2.95,0.2821,0.2821,262,486,225,1.0,NEAR_COMPLETE_LBD,,False,NR1H4,FXR,Nutritional sensors
5YXD,5YXD_1,1,5YXD.A,A,A,PASS,,Q96RI1,"[""X-RAY DIFFRACTION""]",2.98,2.98,0.2677,0.2677,262,486,225,1.0,NEAR_COMPLETE_LBD,,False,NR1H4,FXR,Nutritional sensors
5YXJ,5YXJ_1,1,5YXJ.B,B,B,PASS,,Q96RI1,"[""X-RAY DIFFRACTION""]",2.62,2.62,0.2477,0.2477,262,486,225,1.0,NEAR_COMPLETE_LBD,,False,NR1H4,FXR,Nutritional sensors
5YXJ,5YXJ_1,1,5YXJ.A,A,A,PASS,,Q96RI1,"[""X-RAY DIFFRACTION""]",2.62,2.62,0.2477,0.2477,262,486,225,1.0,NEAR_COMPLETE_LBD,,False,NR1H4,FXR,Nutritional sensors
5YXL,5YXL_1,1,5YXL.C,C,C,PASS,,Q96RI1,"[""X-RAY DIFFRACTION""]",2.24,2.24,0.2233,0.2233,262,486,225,1.0,NEAR_COMPLETE_LBD,,False,NR1H4,FXR,Nutritional sensors
5YXL,5YXL_1,1,5YXL.A,A,A,PASS,,Q96RI1,"[""X-RAY DIFFRACTION""]",2.24,2.24,0.2233,0.2233,262,486,225,1.0,NEAR_COMPLETE_LBD,,False,NR1H4,FXR,Nutritional sensors
5Z12,5Z12_1,1,5Z12.E,E,D,PASS,,Q96RI1,"[""X-RAY DIFFRACTION""]",2.75,2.75,0.2901,0.2901,262,486,225,1.0,NEAR_COMPLETE_LBD,,False,NR1H4,FXR,Nutritional sensors
5Z12,5Z12_1,1,5Z12.A,A,A,PASS,,Q96RI1,"[""X-RAY DIFFRACTION""]",2.75,2.75,0.2901,0.2901,262,486,225,1.0,NEAR_COMPLETE_LBD,,False,NR1H4,FXR,Nutritional sensors
5Z12,5Z12_2,2,5Z12.G,G,B,PASS,,P19793,"[""X-RAY DIFFRACTION""]",2.75,2.75,0.2901,0.2901,227,458,231,0.99569,NEAR_COMPLETE_LBD,,False,NR2B1,RXRα,Nutritional sensors
5Z12,5Z12_2,2,5Z12.B,B,C,PASS,,P19793,"[""X-RAY DIFFRACTION""]",2.75,2.75,0.2901,0.2901,227,458,231,0.99569,NEAR_COMPLETE_LBD,,False,NR2B1,RXRα,Nutritional sensors
5Z5S,5Z5S_1,1,5Z5S.A,A,A,PASS,,P37231,"[""X-RAY DIFFRACTION""]",1.8,1.8,0.229,0.229,238,503,266,1.0,NEAR_COMPLETE_LBD,,False,NR1C3,PPARγ,Nutritional sensors
5Z6S,5Z6S_1,1,5Z6S.A,A,A,PASS,,P37231,"[""X-RAY DIFFRACTION""]",1.8,1.8,0.226,0.226,238,503,266,1.0,NEAR_COMPLETE_LBD,,False,NR1C3,PPARγ,Nutritional sensors
5ZA1,5ZA1_1,1,5ZA1.B,B,B,PASS,,P51449,"[""X-RAY DIFFRACTION""]",2.52,2.52,0.2558,0.2558,269,508,226,0.941667,SUBSTANTIAL_LBD,,False,NR1F3,RORγ,Nutritional sensors
5ZA1,5ZA1_1,1,5ZA1.A,A,A,PASS,,P51449,"[""X-RAY DIFFRACTION""]",2.52,2.52,0.2558,0.2558,269,508,226,0.941667,SUBSTANTIAL_LBD,,False,NR1F3,RORγ,Nutritional sensors
5ZQU,5ZQU_1,1,5ZQU.D,D,D,PASS,,P19793,"[""X-RAY DIFFRACTION""]",2.60038789589,2.60038789589,0.269641540074,0.269641540074,227,458,232,1.0,NEAR_COMPLETE_LBD,,False,NR2B1,RXRα,Nutritional sensors
5ZQU,5ZQU_1,1,5ZQU.C,C,C,PASS,,P19793,"[""X-RAY DIFFRACTION""]",2.60038789589,2.60038789589,0.269641540074,0.269641540074,227,458,232,1.0,NEAR_COMPLETE_LBD,,False,NR2B1,RXRα,Nutritional sensors
5ZQU,5ZQU_1,1,5ZQU.B,B,B,PASS,,P19793,"[""X-RAY DIFFRACTION""]",2.60038789589,2.60038789589,0.269641540074,0.269641540074,227,458,232,1.0,NEAR_COMPLETE_LBD,,False,NR2B1,RXRα,Nutritional sensors
5ZQU,5ZQU_1,1,5ZQU.A,A,A,PASS,,P19793,"[""X-RAY DIFFRACTION""]",2.60038789589,2.60038789589,0.269641540074,0.269641540074,227,458,232,1.0,NEAR_COMPLETE_LBD,,False,NR2B1,RXRα,Nutritional sensors
5ZXI,5ZXI_1,1,5ZXI.B,B,B,PASS,,Q03181,"[""X-RAY DIFFRACTION""]",2.1,2.1,0.28073,0.28073,211,439,229,1.0,NEAR_COMPLETE_LBD,,False,NR1C2,PPARδ,Nutritional sensors
5ZXI,5ZXI_1,1,5ZXI.A,A,A,PASS,,Q03181,"[""X-RAY DIFFRACTION""]",2.1,2.1,0.28073,0.28073,211,439,229,1.0,NEAR_COMPLETE_LBD,,False,NR1C2,PPARδ,Nutritional sensors
6A22,6A22_1,1,6A22.G,G,G,PASS,,P51449,"[""X-RAY DIFFRACTION""]",2.55,2.55,0.24283,0.24283,269,508,240,1.0,NEAR_COMPLETE_LBD,,False,NR1F3,RORγ,Nutritional sensors
6A22,6A22_1,1,6A22.E,E,E,PASS,,P51449,"[""X-RAY DIFFRACTION""]",2.55,2.55,0.24283,0.24283,269,508,240,1.0,NEAR_COMPLETE_LBD,,False,NR1F3,RORγ,Nutritional sensors
6A22,6A22_1,1,6A22.C,C,C,PASS,,P51449,"[""X-RAY DIFFRACTION""]",2.55,2.55,0.24283,0.24283,269,508,240,1.0,NEAR_COMPLETE_LBD,,False,NR1F3,RORγ,Nutritional sensors
6A22,6A22_1,1,6A22.A,A,A,PASS,,P51449,"[""X-RAY DIFFRACTION""]",2.55,2.55,0.24283,0.24283,269,508,240,1.0,NEAR_COMPLETE_LBD,,False,NR1F3,RORγ,Nutritional sensors
6A5W,6A5W_1,1,6A5W.C,C,C,PASS,,Q96RI1,"[""X-RAY DIFFRACTION""]",2.88,2.88,0.2624,0.2624,262,486,224,0.995556,NEAR_COMPLETE_LBD,,False,NR1H4,FXR,Nutritional sensors
6A5W,6A5W_1,1,6A5W.A,A,A,PASS,,Q96RI1,"[""X-RAY DIFFRACTION""]",2.88,2.88,0.2624,0.2624,262,486,224,0.995556,NEAR_COMPLETE_LBD,,False,NR1H4,FXR,Nutritional sensors
6A5X,6A5X_1,1,6A5X.A,A,A,PASS,,Q96RI1,"[""X-RAY DIFFRACTION""]",2.6,2.6,0.251,0.251,262,486,225,1.0,NEAR_COMPLETE_LBD,,False,NR1H4,FXR,Nutritional sensors
6A5Y,6A5Y_1,1,6A5Y.A,A,A,PASS,,Q96RI1,"[""X-RAY DIFFRACTION""]",2.1,2.1,0.241,0.241,262,486,224,0.995556,NEAR_COMPLETE_LBD,,False,NR1H4,FXR,Nutritional sensors
6A5Y,6A5Y_3,3,6A5Y.C,C,D,PASS,,P19793,"[""X-RAY DIFFRACTION""]",2.1,2.1,0.241,0.241,227,458,232,1.0,NEAR_COMPLETE_LBD,,False,NR2B1,RXRα,Nutritional sensors
6A5Z,6A5Z_1,1,6A5Z.C,C,H,PASS,,Q96RI1,"[""X-RAY DIFFRACTION""]",2.95,2.95,0.282,0.282,262,486,225,1.0,NEAR_COMPLETE_LBD,,False,NR1H4,FXR,Nutritional sensors
6A5Z,6A5Z_1,1,6A5Z.A,A,A,PASS,,Q96RI1,"[""X-RAY DIFFRACTION""]",2.95,2.95,0.282,0.282,262,486,225,1.0,NEAR_COMPLETE_LBD,,False,NR1H4,FXR,Nutritional sensors
6A5Z,6A5Z_2,2,6A5Z.D,D,L,PASS,,P19793,"[""X-RAY DIFFRACTION""]",2.95,2.95,0.282,0.282,227,458,232,1.0,NEAR_COMPLETE_LBD,,False,NR2B1,RXRα,Nutritional sensors
6A5Z,6A5Z_2,2,6A5Z.B,B,D,PASS,,P19793,"[""X-RAY DIFFRACTION""]",2.95,2.95,0.282,0.282,227,458,232,1.0,NEAR_COMPLETE_LBD,,False,NR2B1,RXRα,Nutritional sensors
6A60,6A60_1,1,6A60.A,A,A,PASS,,Q96RI1,"[""X-RAY DIFFRACTION""]",3.05,3.05,0.2883,0.2883,262,486,225,1.0,NEAR_COMPLETE_LBD,,False,NR1H4,FXR,Nutritional sensors
6A60,6A60_3,3,6A60.C,C,D,PASS,,P19793,"[""X-RAY DIFFRACTION""]",3.05,3.05,0.2883,0.2883,227,458,232,1.0,NEAR_COMPLETE_LBD,,False,NR2B1,RXRα,Nutritional sensors
6A6K,6A6K_1,1,6A6K.C,C,C,PASS,,P62508,"[""X-RAY DIFFRACTION""]",2.9,2.9,0.2633,0.2633,233,457,225,1.0,NEAR_COMPLETE_LBD,,False,NR3B3,ERRγ,Nutritional sensors
6A6K,6A6K_1,1,6A6K.B,B,B,PASS,,P62508,"[""X-RAY DIFFRACTION""]",2.9,2.9,0.2633,0.2633,233,457,225,1.0,NEAR_COMPLETE_LBD,,False,NR3B3,ERRγ,Nutritional sensors
6A6K,6A6K_1,1,6A6K.A,A,A,PASS,,P62508,"[""X-RAY DIFFRACTION""]",2.9,2.9,0.2633,0.2633,233,457,225,1.0,NEAR_COMPLETE_LBD,,False,NR3B3,ERRγ,Nutritional sensors
6A6P,6A6P_1,1,6A6P.B,B,B,PASS,,Q03181,"[""X-RAY DIFFRACTION""]",2.1,2.1,0.2278,0.2278,211,439,229,1.0,NEAR_COMPLETE_LBD,,False,NR1C2,PPARδ,Nutritional sensors
6A6P,6A6P_1,1,6A6P.A,A,A,PASS,,Q03181,"[""X-RAY DIFFRACTION""]",2.1,2.1,0.2278,0.2278,211,439,229,1.0,NEAR_COMPLETE_LBD,,False,NR1C2,PPARδ,Nutritional sensors
6AD9,6AD9_1,1,6AD9.A,A,A,PASS,,P37231,"[""X-RAY DIFFRACTION""]",2.2,2.2,0.2399,0.2399,238,503,266,1.0,NEAR_COMPLETE_LBD,,False,NR1C3,PPARγ,Nutritional sensors
6AN1,6AN1_1,1,6AN1.B,B,B,PASS,,P37231,"[""X-RAY DIFFRACTION""]",2.687,2.687,0.2753,0.2753,238,503,266,1.0,NEAR_COMPLETE_LBD,,False,NR1C3,PPARγ,Nutritional sensors
6AN1,6AN1_1,1,6AN1.A,A,A,PASS,,P37231,"[""X-RAY DIFFRACTION""]",2.687,2.687,0.2753,0.2753,238,503,266,1.0,NEAR_COMPLETE_LBD,,False,NR1C3,PPARγ,Nutritional sensors
6AUG,6AUG_1,1,6AUG.B,B,B,PASS,,P37231,"[""X-RAY DIFFRACTION""]",2.73,2.73,0.2809,0.2809,238,503,266,1.0,NEAR_COMPLETE_LBD,,False,NR1C3,PPARγ,Nutritional sensors
6AUG,6AUG_1,1,6AUG.A,A,A,PASS,,P37231,"[""X-RAY DIFFRACTION""]",2.73,2.73,0.2809,0.2809,238,503,266,1.0,NEAR_COMPLETE_LBD,,False,NR1C3,PPARγ,Nutritional sensors
6AVI,6AVI_1,1,6AVI.B,B,B,PASS,,P37231,"[""X-RAY DIFFRACTION""]",2.29,2.29,0.3144,0.3144,238,503,266,1.0,NEAR_COMPLETE_LBD,,False,NR1C3,PPARγ,Nutritional sensors
6AVI,6AVI_1,1,6AVI.A,A,A,PASS,,P37231,"[""X-RAY DIFFRACTION""]",2.29,2.29,0.3144,0.3144,238,503,266,1.0,NEAR_COMPLETE_LBD,,False,NR1C3,PPARγ,Nutritional sensors
6B0F,6B0F_1,1,6B0F.B,B,B,PASS,,P03372,"[""X-RAY DIFFRACTION""]",2.86,2.86,0.299,0.299,311,547,237,1.0,NEAR_COMPLETE_LBD,,False,NR3A1,ERα,Steroid hormone receptors
6B0F,6B0F_1,1,6B0F.A,A,A,PASS,,P03372,"[""X-RAY DIFFRACTION""]",2.86,2.86,0.299,0.299,311,547,237,1.0,NEAR_COMPLETE_LBD,,False,NR3A1,ERα,Steroid hormone receptors
6B30,6B30_1,1,6B30.B,B,B,PASS,,P51449,"[""X-RAY DIFFRACTION""]",2.69,2.69,0.2344,0.2344,269,508,211,0.879167,SUBSTANTIAL_LBD,,False,NR1F3,RORγ,Nutritional sensors
6B30,6B30_1,1,6B30.A,A,A,PASS,,P51449,"[""X-RAY DIFFRACTION""]",2.69,2.69,0.2344,0.2344,269,508,211,0.879167,SUBSTANTIAL_LBD,,False,NR1F3,RORγ,Nutritional sensors
6B31,6B31_1,1,6B31.B,B,B,PASS,,P51449,"[""X-RAY DIFFRACTION""]",3.18,3.18,0.2453,0.2453,269,508,224,0.933333,SUBSTANTIAL_LBD,,False,NR1F3,RORγ,Nutritional sensors
6B31,6B31_1,1,6B31.A,A,A,PASS,,P51449,"[""X-RAY DIFFRACTION""]",3.18,3.18,0.2453,0.2453,269,508,224,0.933333,SUBSTANTIAL_LBD,,False,NR1F3,RORγ,Nutritional sensors
6B33,6B33_1,1,6B33.B,B,B,PASS,,P51449,"[""X-RAY DIFFRACTION""]",2.48,2.48,0.2391,0.2391,269,508,214,0.891667,SUBSTANTIAL_LBD,,False,NR1F3,RORγ,Nutritional sensors
6B33,6B33_1,1,6B33.A,A,A,PASS,,P51449,"[""X-RAY DIFFRACTION""]",2.48,2.48,0.2391,0.2391,269,508,214,0.891667,SUBSTANTIAL_LBD,,False,NR1F3,RORγ,Nutritional sensors
6BN6,6BN6_1,1,6BN6.B,B,B,PASS,,P51449,"[""X-RAY DIFFRACTION""]",2.4,2.4,0.225,0.225,269,508,240,1.0,NEAR_COMPLETE_LBD,,False,NR1F3,RORγ,Nutritional sensors
6BN6,6BN6_1,1,6BN6.A,A,A,PASS,,P51449,"[""X-RAY DIFFRACTION""]",2.4,2.4,0.225,0.225,269,508,240,1.0,NEAR_COMPLETE_LBD,,False,NR1F3,RORγ,Nutritional sensors
6BNS,6BNS_1,1,6BNS.B,B,B,PASS,,O75469,"[""X-RAY DIFFRACTION""]",2.56,2.56,0.2458,0.2458,146,433,288,1.0,NEAR_COMPLETE_LBD,,True,NR1I2,PXR,Nutritional sensors
6BNS,6BNS_1,1,6BNS.A,A,A,PASS,,O75469,"[""X-RAY DIFFRACTION""]",2.56,2.56,0.2458,0.2458,146,433,288,1.0,NEAR_COMPLETE_LBD,,True,NR1I2,PXR,Nutritional sensors
6BQU,6BQU_1,1,6BQU.D,D,A,PASS,,P04150,"[""X-RAY DIFFRACTION""]",2.5,2.5,0.2487,0.2487,524,758,0,0.0,NO_LBD_OVERLAP,,False,NR3C1,GR,Steroid hormone receptors
6BQU,6BQU_1,1,6BQU.A,A,B,PASS,,P04150,"[""X-RAY DIFFRACTION""]",2.5,2.5,0.2487,0.2487,524,758,0,0.0,NO_LBD_OVERLAP,,False,NR3C1,GR,Steroid hormone receptors
6BR2,6BR2_1,1,6BR2.B,B,B,PASS,,P51449,"[""X-RAY DIFFRACTION""]",3.18,3.18,0.2271,0.2271,269,508,211,0.879167,SUBSTANTIAL_LBD,,False,NR1F3,RORγ,Nutritional sensors
6BR2,6BR2_1,1,6BR2.A,A,A,PASS,,P51449,"[""X-RAY DIFFRACTION""]",3.18,3.18,0.2271,0.2271,269,508,211,0.879167,SUBSTANTIAL_LBD,,False,NR1F3,RORγ,Nutritional sensors
6BR3,6BR3_1,1,6BR3.B,B,B,PASS,,P51449,"[""X-RAY DIFFRACTION""]",3.0,3.0,0.2387,0.2387,269,508,212,0.883333,SUBSTANTIAL_LBD,,False,NR1F3,RORγ,Nutritional sensors
6BR3,6BR3_1,1,6BR3.A,A,A,PASS,,P51449,"[""X-RAY DIFFRACTION""]",3.0,3.0,0.2387,0.2387,269,508,212,0.883333,SUBSTANTIAL_LBD,,False,NR1F3,RORγ,Nutritional sensors
6C1I,6C1I_1,1,6C1I.B,B,B,PASS,,P37231,"[""X-RAY DIFFRACTION""]",2.26,2.26,0.283,0.283,238,503,266,1.0,NEAR_COMPLETE_LBD,,False,NR1C3,PPARγ,Nutritional sensors
6C1I,6C1I_1,1,6C1I.A,A,A,PASS,,P37231,"[""X-RAY DIFFRACTION""]",2.26,2.26,0.283,0.283,238,503,266,1.0,NEAR_COMPLETE_LBD,,False,NR1C3,PPARγ,Nutritional sensors
6C42,6C42_1,1,6C42.B,B,B,PASS,,P03372,"[""X-RAY DIFFRACTION""]",1.997,1.997,0.2684,0.2684,311,547,237,1.0,NEAR_COMPLETE_LBD,,False,NR3A1,ERα,Steroid hormone receptors
6C42,6C42_1,1,6C42.A,A,A,PASS,,P03372,"[""X-RAY DIFFRACTION""]",1.997,1.997,0.2684,0.2684,311,547,237,1.0,NEAR_COMPLETE_LBD,,False,NR3A1,ERα,Steroid hormone receptors
6C5Q,6C5Q_1,1,6C5Q.A,A,A,PASS,,P37231,"[""X-RAY DIFFRACTION""]",2.404,2.404,0.2768,0.2768,238,503,266,1.0,NEAR_COMPLETE_LBD,,False,NR1C3,PPARγ,Nutritional sensors
6C5T,6C5T_1,1,6C5T.A,A,A,PASS,,P37231,"[""X-RAY DIFFRACTION""]",2.75,2.75,0.2861,0.2861,238,503,266,1.0,NEAR_COMPLETE_LBD,,False,NR1C3,PPARγ,Nutritional sensors
6CBZ,6CBZ_1,1,6CBZ.A,A,A,PASS,,P03372,"[""X-RAY DIFFRACTION""]",1.65,1.65,0.2135,0.2135,311,547,237,1.0,NEAR_COMPLETE_LBD,,False,NR3A1,ERα,Steroid hormone receptors
6CBZ,6CBZ_2,2,6CBZ.B,B,B,PASS,,P03372,"[""X-RAY DIFFRACTION""]",1.65,1.65,0.2135,0.2135,311,547,237,1.0,NEAR_COMPLETE_LBD,,False,NR3A1,ERα,Steroid hormone receptors
6CFN,6CFN_1,1,6CFN.H,H,H,PASS,,P04150,"[""X-RAY DIFFRACTION""]",2.5,2.5,0.2483,0.2483,524,758,0,0.0,NO_LBD_OVERLAP,,False,NR3C1,GR,Steroid hormone receptors
6CFN,6CFN_1,1,6CFN.G,G,G,PASS,,P04150,"[""X-RAY DIFFRACTION""]",2.5,2.5,0.2483,0.2483,524,758,0,0.0,NO_LBD_OVERLAP,,False,NR3C1,GR,Steroid hormone receptors
6CFN,6CFN_1,1,6CFN.F,F,F,PASS,,P04150,"[""X-RAY DIFFRACTION""]",2.5,2.5,0.2483,0.2483,524,758,0,0.0,NO_LBD_OVERLAP,,False,NR3C1,GR,Steroid hormone receptors
6CFN,6CFN_1,1,6CFN.E,E,E,PASS,,P04150,"[""X-RAY DIFFRACTION""]",2.5,2.5,0.2483,0.2483,524,758,0,0.0,NO_LBD_OVERLAP,,False,NR3C1,GR,Steroid hormone receptors
6CFN,6CFN_1,1,6CFN.D,D,D,PASS,,P04150,"[""X-RAY DIFFRACTION""]",2.5,2.5,0.2483,0.2483,524,758,0,0.0,NO_LBD_OVERLAP,,False,NR3C1,GR,Steroid hormone receptors
6CFN,6CFN_1,1,6CFN.C,C,C,PASS,,P04150,"[""X-RAY DIFFRACTION""]",2.5,2.5,0.2483,0.2483,524,758,0,0.0,NO_LBD_OVERLAP,,False,NR3C1,GR,Steroid hormone receptors
6CFN,6CFN_1,1,6CFN.B,B,B,PASS,,P04150,"[""X-RAY DIFFRACTION""]",2.5,2.5,0.2483,0.2483,524,758,0,0.0,NO_LBD_OVERLAP,,False,NR3C1,GR,Steroid hormone receptors
6CFN,6CFN_1,1,6CFN.A,A,A,PASS,,P04150,"[""X-RAY DIFFRACTION""]",2.5,2.5,0.2483,0.2483,524,758,0,0.0,NO_LBD_OVERLAP,,False,NR3C1,GR,Steroid hormone receptors
6CHT,6CHT_1,1,6CHT.T,T,W,PASS,,P41235,"[""X-RAY DIFFRACTION""]",3.174,3.174,0.2742,0.2742,147,377,230,0.995671,NEAR_COMPLETE_LBD,,False,NR2A1,HNF4α,Nutritional sensors
6CHT,6CHT_1,1,6CHT.S,S,V,PASS,,P41235,"[""X-RAY DIFFRACTION""]",3.174,3.174,0.2742,0.2742,147,377,230,0.995671,NEAR_COMPLETE_LBD,,False,NR2A1,HNF4α,Nutritional sensors
6CHT,6CHT_1,1,6CHT.R,R,T,PASS,,P41235,"[""X-RAY DIFFRACTION""]",3.174,3.174,0.2742,0.2742,147,377,230,0.995671,NEAR_COMPLETE_LBD,,False,NR2A1,HNF4α,Nutritional sensors
6CHT,6CHT_1,1,6CHT.Q,Q,S,PASS,,P41235,"[""X-RAY DIFFRACTION""]",3.174,3.174,0.2742,0.2742,147,377,230,0.995671,NEAR_COMPLETE_LBD,,False,NR2A1,HNF4α,Nutritional sensors
6CHT,6CHT_1,1,6CHT.P,P,Q,PASS,,P41235,"[""X-RAY DIFFRACTION""]",3.174,3.174,0.2742,0.2742,147,377,230,0.995671,NEAR_COMPLETE_LBD,,False,NR2A1,HNF4α,Nutritional sensors
6CHT,6CHT_1,1,6CHT.O,O,P,PASS,,P41235,"[""X-RAY DIFFRACTION""]",3.174,3.174,0.2742,0.2742,147,377,230,0.995671,NEAR_COMPLETE_LBD,,False,NR2A1,HNF4α,Nutritional sensors
6CHT,6CHT_1,1,6CHT.N,N,N,PASS,,P41235,"[""X-RAY DIFFRACTION""]",3.174,3.174,0.2742,0.2742,147,377,230,0.995671,NEAR_COMPLETE_LBD,,False,NR2A1,HNF4α,Nutritional sensors
6CHT,6CHT_1,1,6CHT.M,M,M,PASS,,P41235,"[""X-RAY DIFFRACTION""]",3.174,3.174,0.2742,0.2742,147,377,230,0.995671,NEAR_COMPLETE_LBD,,False,NR2A1,HNF4α,Nutritional sensors
6CHT,6CHT_1,1,6CHT.K,K,K,PASS,,P41235,"[""X-RAY DIFFRACTION""]",3.174,3.174,0.2742,0.2742,147,377,230,0.995671,NEAR_COMPLETE_LBD,,False,NR2A1,HNF4α,Nutritional sensors
6CHT,6CHT_1,1,6CHT.J,J,J,PASS,,P41235,"[""X-RAY DIFFRACTION""]",3.174,3.174,0.2742,0.2742,147,377,230,0.995671,NEAR_COMPLETE_LBD,,False,NR2A1,HNF4α,Nutritional sensors
6CHT,6CHT_1,1,6CHT.H,H,H,PASS,,P41235,"[""X-RAY DIFFRACTION""]",3.174,3.174,0.2742,0.2742,147,377,230,0.995671,NEAR_COMPLETE_LBD,,False,NR2A1,HNF4α,Nutritional sensors
6CHT,6CHT_1,1,6CHT.G,G,G,PASS,,P41235,"[""X-RAY DIFFRACTION""]",3.174,3.174,0.2742,0.2742,147,377,230,0.995671,NEAR_COMPLETE_LBD,,False,NR2A1,HNF4α,Nutritional sensors
6CHT,6CHT_1,1,6CHT.E,E,E,PASS,,P41235,"[""X-RAY DIFFRACTION""]",3.174,3.174,0.2742,0.2742,147,377,230,0.995671,NEAR_COMPLETE_LBD,,False,NR2A1,HNF4α,Nutritional sensors
6CHT,6CHT_1,1,6CHT.D,D,D,PASS,,P41235,"[""X-RAY DIFFRACTION""]",3.174,3.174,0.2742,0.2742,147,377,230,0.995671,NEAR_COMPLETE_LBD,,False,NR2A1,HNF4α,Nutritional sensors
6CHT,6CHT_1,1,6CHT.B,B,B,PASS,,P41235,"[""X-RAY DIFFRACTION""]",3.174,3.174,0.2742,0.2742,147,377,230,0.995671,NEAR_COMPLETE_LBD,,False,NR2A1,HNF4α,Nutritional sensors
6CHT,6CHT_1,1,6CHT.A,A,A,PASS,,P41235,"[""X-RAY DIFFRACTION""]",3.174,3.174,0.2742,0.2742,147,377,230,0.995671,NEAR_COMPLETE_LBD,,False,NR2A1,HNF4α,Nutritional sensors
6CHW,6CHW_1,1,6CHW.A,A,A,PASS,,P03372,"[""X-RAY DIFFRACTION""]",1.89,1.89,0.25694,0.25694,311,547,237,1.0,NEAR_COMPLETE_LBD,,False,NR3A1,ERα,Steroid hormone receptors
6CHZ,6CHZ_1,1,6CHZ.A,A,A,PASS,,P03372,"[""X-RAY DIFFRACTION""]",1.68,1.68,0.26187,0.26187,311,547,237,1.0,NEAR_COMPLETE_LBD,,False,NR3A1,ERα,Steroid hormone receptors
6CN5,6CN5_1,1,6CN5.B,B,B,PASS,,P51449,"[""X-RAY DIFFRACTION""]",2.3,2.3,0.2222,0.2222,269,508,240,1.0,NEAR_COMPLETE_LBD,,False,NR1F3,RORγ,Nutritional sensors
6CN5,6CN5_1,1,6CN5.A,A,A,PASS,,P51449,"[""X-RAY DIFFRACTION""]",2.3,2.3,0.2222,0.2222,269,508,240,1.0,NEAR_COMPLETE_LBD,,False,NR1F3,RORγ,Nutritional sensors
6CN6,6CN6_1,1,6CN6.A,A,A,PASS,,P51449,"[""X-RAY DIFFRACTION""]",2.45,2.45,0.2407,0.2407,269,508,240,1.0,NEAR_COMPLETE_LBD,,False,NR1F3,RORγ,Nutritional sensors
6CVH,6CVH_1,1,6CVH.A,A,A,PASS,,P51449,"[""X-RAY DIFFRACTION""]",3.5,3.5,0.3096,0.3096,269,508,221,0.920833,SUBSTANTIAL_LBD,,False,NR1F3,RORγ,Nutritional sensors
6CZN,6CZN_1,1,6CZN.B,B,B,PASS,,P03372,"[""X-RAY DIFFRACTION""]",2.5,2.5,0.238,0.238,311,547,237,1.0,NEAR_COMPLETE_LBD,,False,NR3A1,ERα,Steroid hormone receptors
6CZN,6CZN_1,1,6CZN.A,A,A,PASS,,P03372,"[""X-RAY DIFFRACTION""]",2.5,2.5,0.238,0.238,311,547,237,1.0,NEAR_COMPLETE_LBD,,False,NR3A1,ERα,Steroid hormone receptors
6D0F,6D0F_1,1,6D0F.B,B,B,PASS,,P03372,"[""X-RAY DIFFRACTION""]",2.5,2.5,0.2414,0.2414,311,547,237,1.0,NEAR_COMPLETE_LBD,,False,NR3A1,ERα,Steroid hormone receptors
6D0F,6D0F_1,1,6D0F.A,A,A,PASS,,P03372,"[""X-RAY DIFFRACTION""]",2.5,2.5,0.2414,0.2414,311,547,237,1.0,NEAR_COMPLETE_LBD,,False,NR3A1,ERα,Steroid hormone receptors
6D3E,6D3E_1,1,6D3E.B,B,B,PASS,,P37231,"[""X-RAY DIFFRACTION""]",2.395,2.395,0.2637,0.2637,238,503,266,1.0,NEAR_COMPLETE_LBD,,False,NR1C3,PPARγ,Nutritional sensors
6D3E,6D3E_1,1,6D3E.A,A,A,PASS,,P37231,"[""X-RAY DIFFRACTION""]",2.395,2.395,0.2637,0.2637,238,503,266,1.0,NEAR_COMPLETE_LBD,,False,NR1C3,PPARγ,Nutritional sensors
6D8X,6D8X_1,1,6D8X.A,A,A,PASS,,P37231,"[""X-RAY DIFFRACTION""]",1.9,1.9,0.2446,0.2446,238,503,266,1.0,NEAR_COMPLETE_LBD,,False,NR1C3,PPARγ,Nutritional sensors
6D94,6D94_1,1,6D94.A,A,A,PASS,,P37231,"[""X-RAY DIFFRACTION""]",1.9,1.9,0.2576,0.2576,238,503,266,1.0,NEAR_COMPLETE_LBD,,False,NR1C3,PPARγ,Nutritional sensors
6DBH,6DBH_1,1,6DBH.B,B,B,PASS,,P37231,"[""X-RAY DIFFRACTION""]",2.597,2.597,0.2621,0.2621,238,503,266,1.0,NEAR_COMPLETE_LBD,,False,NR1C3,PPARγ,Nutritional sensors
6DBH,6DBH_1,1,6DBH.A,A,A,PASS,,P37231,"[""X-RAY DIFFRACTION""]",2.597,2.597,0.2621,0.2621,238,503,266,1.0,NEAR_COMPLETE_LBD,,False,NR1C3,PPARγ,Nutritional sensors
6DCU,6DCU_1,1,6DCU.B,B,B,PASS,,P37231,"[""X-RAY DIFFRACTION""]",2.95,2.95,0.3027,0.3027,238,503,266,1.0,NEAR_COMPLETE_LBD,,False,NR1C3,PPARγ,Nutritional sensors
6DCU,6DCU_1,1,6DCU.A,A,A,PASS,,P37231,"[""X-RAY DIFFRACTION""]",2.95,2.95,0.3027,0.3027,238,503,266,1.0,NEAR_COMPLETE_LBD,,False,NR1C3,PPARγ,Nutritional sensors
6DDA,6DDA_1,1,6DDA.C,C,C,PASS,,P43354,"[""X-RAY DIFFRACTION""]",3.2,3.2,0.2945,0.2945,360,595,236,1.0,NEAR_COMPLETE_LBD,,False,NR4A2,NURR1,Nutritional sensors
6DDA,6DDA_1,1,6DDA.A,A,B,PASS,,P43354,"[""X-RAY DIFFRACTION""]",3.2,3.2,0.2945,0.2945,360,595,236,1.0,NEAR_COMPLETE_LBD,,False,NR4A2,NURR1,Nutritional sensors
6DDA,6DDA_2,2,6DDA.B,B,A,PASS,,P43354,"[""X-RAY DIFFRACTION""]",3.2,3.2,0.2945,0.2945,360,595,236,1.0,NEAR_COMPLETE_LBD,,False,NR4A2,NURR1,Nutritional sensors
6DF6,6DF6_1,1,6DF6.D,D,D,PASS,,P03372,"[""X-RAY DIFFRACTION""]",2.5,2.5,0.2727,0.2727,311,547,237,1.0,NEAR_COMPLETE_LBD,,False,NR3A1,ERα,Steroid hormone receptors
6DF6,6DF6_1,1,6DF6.C,C,C,PASS,,P03372,"[""X-RAY DIFFRACTION""]",2.5,2.5,0.2727,0.2727,311,547,237,1.0,NEAR_COMPLETE_LBD,,False,NR3A1,ERα,Steroid hormone receptors
6DF6,6DF6_1,1,6DF6.B,B,B,PASS,,P03372,"[""X-RAY DIFFRACTION""]",2.5,2.5,0.2727,0.2727,311,547,237,1.0,NEAR_COMPLETE_LBD,,False,NR3A1,ERα,Steroid hormone receptors
6DF6,6DF6_1,1,6DF6.A,A,A,PASS,,P03372,"[""X-RAY DIFFRACTION""]",2.5,2.5,0.2727,0.2727,311,547,237,1.0,NEAR_COMPLETE_LBD,,False,NR3A1,ERα,Steroid hormone receptors
6DFN,6DFN_1,1,6DFN.D,D,D,PASS,,P03372,"[""X-RAY DIFFRACTION""]",2.1,2.1,0.26503,0.26503,311,547,237,1.0,NEAR_COMPLETE_LBD,,False,NR3A1,ERα,Steroid hormone receptors
6DFN,6DFN_1,1,6DFN.C,C,C,PASS,,P03372,"[""X-RAY DIFFRACTION""]",2.1,2.1,0.26503,0.26503,311,547,237,1.0,NEAR_COMPLETE_LBD,,False,NR3A1,ERα,Steroid hormone receptors
6DFN,6DFN_1,1,6DFN.B,B,B,PASS,,P03372,"[""X-RAY DIFFRACTION""]",2.1,2.1,0.26503,0.26503,311,547,237,1.0,NEAR_COMPLETE_LBD,,False,NR3A1,ERα,Steroid hormone receptors
6DFN,6DFN_1,1,6DFN.A,A,A,PASS,,P03372,"[""X-RAY DIFFRACTION""]",2.1,2.1,0.26503,0.26503,311,547,237,1.0,NEAR_COMPLETE_LBD,,False,NR3A1,ERα,Steroid hormone receptors
6DGL,6DGL_1,1,6DGL.B,B,B,PASS,,P37231,"[""X-RAY DIFFRACTION""]",1.95,1.95,0.2685,0.2685,238,503,266,1.0,NEAR_COMPLETE_LBD,,False,NR1C3,PPARγ,Nutritional sensors
6DGL,6DGL_1,1,6DGL.A,A,A,PASS,,P37231,"[""X-RAY DIFFRACTION""]",1.95,1.95,0.2685,0.2685,238,503,266,1.0,NEAR_COMPLETE_LBD,,False,NR1C3,PPARγ,Nutritional sensors
6DGO,6DGO_1,1,6DGO.B,B,B,PASS,,P37231,"[""X-RAY DIFFRACTION""]",3.1,3.1,0.276,0.276,238,503,266,1.0,NEAR_COMPLETE_LBD,,False,NR1C3,PPARγ,Nutritional sensors
6DGO,6DGO_1,1,6DGO.A,A,A,PASS,,P37231,"[""X-RAY DIFFRACTION""]",3.1,3.1,0.276,0.276,238,503,266,1.0,NEAR_COMPLETE_LBD,,False,NR1C3,PPARγ,Nutritional sensors
6DGP,6DGP_1,1,6DGP.B,B,B,PASS,,P37231,"[""X-RAY DIFFRACTION""]",3.1,3.1,0.2939,0.2939,238,503,266,1.0,NEAR_COMPLETE_LBD,,False,NR1C3,PPARγ,Nutritional sensors
6DGP,6DGP_1,1,6DGP.A,A,A,PASS,,P37231,"[""X-RAY DIFFRACTION""]",3.1,3.1,0.2939,0.2939,238,503,266,1.0,NEAR_COMPLETE_LBD,,False,NR1C3,PPARγ,Nutritional sensors
6DGQ,6DGQ_1,1,6DGQ.B,B,B,PASS,,P37231,"[""X-RAY DIFFRACTION""]",2.45,2.45,0.2467,0.2467,238,503,266,1.0,NEAR_COMPLETE_LBD,,False,NR1C3,PPARγ,Nutritional sensors
6DGQ,6DGQ_1,1,6DGQ.A,A,A,PASS,,P37231,"[""X-RAY DIFFRACTION""]",2.45,2.45,0.2467,0.2467,238,503,266,1.0,NEAR_COMPLETE_LBD,,False,NR1C3,PPARγ,Nutritional sensors
6DGR,6DGR_1,1,6DGR.B,B,B,PASS,,P37231,"[""X-RAY DIFFRACTION""]",2.15,2.15,0.2639,0.2639,238,503,266,1.0,NEAR_COMPLETE_LBD,,False,NR1C3,PPARγ,Nutritional sensors
6DGR,6DGR_1,1,6DGR.A,A,A,PASS,,P37231,"[""X-RAY DIFFRACTION""]",2.15,2.15,0.2639,0.2639,238,503,266,1.0,NEAR_COMPLETE_LBD,,False,NR1C3,PPARγ,Nutritional sensors
6DH9,6DH9_1,1,6DH9.B,B,B,PASS,,P37231,"[""X-RAY DIFFRACTION""]",2.7,2.7,0.25,0.25,238,503,266,1.0,NEAR_COMPLETE_LBD,,False,NR1C3,PPARγ,Nutritional sensors
6DH9,6DH9_1,1,6DH9.A,A,A,PASS,,P37231,"[""X-RAY DIFFRACTION""]",2.7,2.7,0.25,0.25,238,503,266,1.0,NEAR_COMPLETE_LBD,,False,NR1C3,PPARγ,Nutritional sensors
6DHA,6DHA_1,1,6DHA.B,B,B,PASS,,P37231,"[""X-RAY DIFFRACTION""]",1.88,1.88,0.255,0.255,238,503,266,1.0,NEAR_COMPLETE_LBD,,False,NR1C3,PPARγ,Nutritional sensors
6DHA,6DHA_1,1,6DHA.A,A,A,PASS,,P37231,"[""X-RAY DIFFRACTION""]",1.88,1.88,0.255,0.255,238,503,266,1.0,NEAR_COMPLETE_LBD,,False,NR1C3,PPARγ,Nutritional sensors
6DUP,6DUP_1,1,6DUP.B,B,B,PASS,,O75469,"[""X-RAY DIFFRACTION""]",2.3,2.3,0.266,0.266,146,433,281,0.975694,NEAR_COMPLETE_LBD,,False,NR1I2,PXR,Nutritional sensors
6DUP,6DUP_1,1,6DUP.A,A,A,PASS,,O75469,"[""X-RAY DIFFRACTION""]",2.3,2.3,0.266,0.266,146,433,281,0.975694,NEAR_COMPLETE_LBD,,False,NR1I2,PXR,Nutritional sensors
6DXK,6DXK_1,1,6DXK.B,B,B,PASS,,P04150,"[""X-RAY DIFFRACTION""]",3.05,3.05,0.25989,0.25989,524,758,235,1.0,NEAR_COMPLETE_LBD,,False,NR3C1,GR,Steroid hormone receptors
6DXK,6DXK_1,1,6DXK.A,A,A,PASS,,P04150,"[""X-RAY DIFFRACTION""]",3.05,3.05,0.25989,0.25989,524,758,235,1.0,NEAR_COMPLETE_LBD,,False,NR3C1,GR,Steroid hormone receptors
6E3E,6E3E_1,1,6E3E.B,B,B,PASS,,P51449,"[""X-RAY DIFFRACTION""]",2.47,2.47,0.2135,0.2135,269,508,213,0.8875,SUBSTANTIAL_LBD,,False,NR1F3,RORγ,Nutritional sensors
6E3E,6E3E_1,1,6E3E.A,A,A,PASS,,P51449,"[""X-RAY DIFFRACTION""]",2.47,2.47,0.2135,0.2135,269,508,213,0.8875,SUBSTANTIAL_LBD,,False,NR1F3,RORγ,Nutritional sensors
6E3G,6E3G_1,1,6E3G.C,C,B,PASS,,P51449,"[""X-RAY DIFFRACTION""]",2.1,2.1,0.2431,0.2431,269,508,239,0.995833,NEAR_COMPLETE_LBD,,False,NR1F3,RORγ,Nutritional sensors
6E3G,6E3G_1,1,6E3G.A,A,A,PASS,,P51449,"[""X-RAY DIFFRACTION""]",2.1,2.1,0.2431,0.2431,269,508,239,0.995833,NEAR_COMPLETE_LBD,,False,NR1F3,RORγ,Nutritional sensors
6E5A,6E5A_1,1,6E5A.B,B,B,PASS,,P37231,"[""X-RAY DIFFRACTION""]",2.4,2.4,0.2677,0.2677,238,503,266,1.0,NEAR_COMPLETE_LBD,,False,NR1C3,PPARγ,Nutritional sensors
6E5A,6E5A_1,1,6E5A.A,A,A,PASS,,P37231,"[""X-RAY DIFFRACTION""]",2.4,2.4,0.2677,0.2677,238,503,266,1.0,NEAR_COMPLETE_LBD,,False,NR1C3,PPARγ,Nutritional sensors
6EL6,6EL6_1,1,6EL6.A,A,A,PASS,,P04150,"[""X-RAY DIFFRACTION""]",2.4,2.4,0.283,0.283,524,758,235,1.0,NEAR_COMPLETE_LBD,,False,NR3C1,GR,Steroid hormone receptors
6EL7,6EL7_1,1,6EL7.A,A,A,PASS,,P04150,"[""X-RAY DIFFRACTION""]",2.18,2.18,0.225,0.225,524,758,235,1.0,NEAR_COMPLETE_LBD,,False,NR3C1,GR,Steroid hormone receptors
6EL9,6EL9_1,1,6EL9.A,A,A,PASS,,P04150,"[""X-RAY DIFFRACTION""]",2.19,2.19,0.224,0.224,524,758,235,1.0,NEAR_COMPLETE_LBD,,False,NR3C1,GR,Steroid hormone receptors
6ENQ,6ENQ_1,1,6ENQ.B,B,B,PASS,,P37231,"[""X-RAY DIFFRACTION""]",2.2,2.2,0.2714,0.2714,238,503,266,1.0,NEAR_COMPLETE_LBD,,False,NR1C3,PPARγ,Nutritional sensors
6ENQ,6ENQ_1,1,6ENQ.A,A,A,PASS,,P37231,"[""X-RAY DIFFRACTION""]",2.2,2.2,0.2714,0.2714,238,503,266,1.0,NEAR_COMPLETE_LBD,,False,NR1C3,PPARγ,Nutritional sensors
6ESN,6ESN_1,1,6ESN.A,A,A,PASS,,P51449,"[""X-RAY DIFFRACTION""]",1.84,1.84,0.2607,0.2607,269,508,239,0.995833,NEAR_COMPLETE_LBD,,False,NR1F3,RORγ,Nutritional sensors
6F2L,6F2L_1,1,6F2L.B,B,B,PASS,,P37231,"[""X-RAY DIFFRACTION""]",2.1,2.1,0.3022,0.3022,238,503,266,1.0,NEAR_COMPLETE_LBD,,False,NR1C3,PPARγ,Nutritional sensors
6F2L,6F2L_1,1,6F2L.A,A,A,PASS,,P37231,"[""X-RAY DIFFRACTION""]",2.1,2.1,0.3022,0.3022,238,503,266,1.0,NEAR_COMPLETE_LBD,,False,NR1C3,PPARγ,Nutritional sensors
6FBQ,6FBQ_1,1,6FBQ.B,B,B,PASS,,P19793,"[""X-RAY DIFFRACTION""]",1.6,1.6,0.198,0.198,227,458,0,0.0,NO_LBD_OVERLAP,,False,NR2B1,RXRα,Nutritional sensors
6FBQ,6FBQ_1,1,6FBQ.A,A,A,PASS,,P19793,"[""X-RAY DIFFRACTION""]",1.6,1.6,0.198,0.198,227,458,0,0.0,NO_LBD_OVERLAP,,False,NR2B1,RXRα,Nutritional sensors
6FBR,6FBR_1,1,6FBR.B,B,B,PASS,,P19793,"[""X-RAY DIFFRACTION""]",2.1,2.1,0.232,0.232,227,458,0,0.0,NO_LBD_OVERLAP,,False,NR2B1,RXRα,Nutritional sensors
6FBR,6FBR_1,1,6FBR.A,A,A,PASS,,P19793,"[""X-RAY DIFFRACTION""]",2.1,2.1,0.232,0.232,227,458,0,0.0,NO_LBD_OVERLAP,,False,NR2B1,RXRα,Nutritional sensors
6FGQ,6FGQ_1,1,6FGQ.B,B,B,PASS,,P51449,"[""X-RAY DIFFRACTION""]",2.37,2.37,0.242,0.242,269,508,239,0.995833,NEAR_COMPLETE_LBD,,False,NR1F3,RORγ,Nutritional sensors
6FGQ,6FGQ_1,1,6FGQ.A,A,A,PASS,,P51449,"[""X-RAY DIFFRACTION""]",2.37,2.37,0.242,0.242,269,508,239,0.995833,NEAR_COMPLETE_LBD,,False,NR1F3,RORγ,Nutritional sensors
6FX0,6FX0_1,1,6FX0.A,A,A,PASS,,P13631,"[""X-RAY DIFFRACTION""]",1.9,1.9,0.224,0.224,185,419,235,1.0,NEAR_COMPLETE_LBD,,False,NR1B3,RARγ,Steroid hormone receptors
6FZF,6FZF_1,1,6FZF.B,B,B,PASS,,P37231,"[""X-RAY DIFFRACTION""]",1.95,1.95,0.1944,0.1944,238,503,266,1.0,NEAR_COMPLETE_LBD,,False,NR1C3,PPARγ,Nutritional sensors
6FZF,6FZF_1,1,6FZF.A,A,A,PASS,,P37231,"[""X-RAY DIFFRACTION""]",1.95,1.95,0.1944,0.1944,238,503,266,1.0,NEAR_COMPLETE_LBD,,False,NR1C3,PPARγ,Nutritional sensors
6FZG,6FZG_1,1,6FZG.A,A,A,PASS,,P37231,"[""X-RAY DIFFRACTION""]",2.1,2.1,0.2084,0.2084,238,503,266,1.0,NEAR_COMPLETE_LBD,,False,NR1C3,PPARγ,Nutritional sensors
6FZJ,6FZJ_1,1,6FZJ.B,B,B,PASS,,P37231,"[""X-RAY DIFFRACTION""]",2.011,2.011,0.226,0.226,238,503,266,1.0,NEAR_COMPLETE_LBD,,False,NR1C3,PPARγ,Nutritional sensors
6FZJ,6FZJ_1,1,6FZJ.A,A,A,PASS,,P37231,"[""X-RAY DIFFRACTION""]",2.011,2.011,0.226,0.226,238,503,266,1.0,NEAR_COMPLETE_LBD,,False,NR1C3,PPARγ,Nutritional sensors
6FZP,6FZP_1,1,6FZP.A,A,A,PASS,,P37231,"[""X-RAY DIFFRACTION""]",2.3,2.3,0.252,0.252,238,503,266,1.0,NEAR_COMPLETE_LBD,,False,NR1C3,PPARγ,Nutritional sensors
6FZU,6FZU_1,1,6FZU.B,B,B,PASS,,P51449,"[""X-RAY DIFFRACTION""]",1.8,1.8,0.2512,0.2512,269,508,240,1.0,NEAR_COMPLETE_LBD,,False,NR1F3,RORγ,Nutritional sensors
6FZU,6FZU_1,1,6FZU.A,A,A,PASS,,P51449,"[""X-RAY DIFFRACTION""]",1.8,1.8,0.2512,0.2512,269,508,240,1.0,NEAR_COMPLETE_LBD,,False,NR1F3,RORγ,Nutritional sensors
6FZY,6FZY_1,1,6FZY.B,B,B,PASS,,P37231,"[""X-RAY DIFFRACTION""]",3.1,3.1,0.2348,0.2348,238,503,266,1.0,NEAR_COMPLETE_LBD,,False,NR1C3,PPARγ,Nutritional sensors
6FZY,6FZY_1,1,6FZY.A,A,A,PASS,,P37231,"[""X-RAY DIFFRACTION""]",3.1,3.1,0.2348,0.2348,238,503,266,1.0,NEAR_COMPLETE_LBD,,False,NR1C3,PPARγ,Nutritional sensors
6G05,6G05_1,1,6G05.B,B,B,PASS,,P51449,"[""X-RAY DIFFRACTION""]",1.9,1.9,0.2483,0.2483,269,508,240,1.0,NEAR_COMPLETE_LBD,,False,NR1F3,RORγ,Nutritional sensors
6G05,6G05_1,1,6G05.A,A,A,PASS,,P51449,"[""X-RAY DIFFRACTION""]",1.9,1.9,0.2483,0.2483,269,508,240,1.0,NEAR_COMPLETE_LBD,,False,NR1F3,RORγ,Nutritional sensors
6G07,6G07_1,1,6G07.G,G,D,PASS,,P51449,"[""X-RAY DIFFRACTION""]",1.66,1.66,0.2329,0.2329,269,508,240,1.0,NEAR_COMPLETE_LBD,,False,NR1F3,RORγ,Nutritional sensors
6G07,6G07_1,1,6G07.E,E,C,PASS,,P51449,"[""X-RAY DIFFRACTION""]",1.66,1.66,0.2329,0.2329,269,508,240,1.0,NEAR_COMPLETE_LBD,,False,NR1F3,RORγ,Nutritional sensors
6G07,6G07_1,1,6G07.C,C,B,PASS,,P51449,"[""X-RAY DIFFRACTION""]",1.66,1.66,0.2329,0.2329,269,508,240,1.0,NEAR_COMPLETE_LBD,,False,NR1F3,RORγ,Nutritional sensors
6G07,6G07_1,1,6G07.A,A,A,PASS,,P51449,"[""X-RAY DIFFRACTION""]",1.66,1.66,0.2329,0.2329,269,508,240,1.0,NEAR_COMPLETE_LBD,,False,NR1F3,RORγ,Nutritional sensors
6GEV,6GEV_1,1,6GEV.A,A,A,PASS,,P08235,"[""X-RAY DIFFRACTION""]",1.54,1.54,0.19,0.19,726,964,230,0.962343,NEAR_COMPLETE_LBD,,False,NR3C2,MR,Steroid hormone receptors
6GG8,6GG8_1,1,6GG8.A,A,A,PASS,,P08235,"[""X-RAY DIFFRACTION""]",1.8,1.8,0.228,0.228,726,964,230,0.962343,NEAR_COMPLETE_LBD,,False,NR3C2,MR,Steroid hormone receptors
6GGG,6GGG_1,1,6GGG.A,A,A,PASS,,P08235,"[""X-RAY DIFFRACTION""]",1.71,1.71,0.192,0.192,726,964,230,0.962343,NEAR_COMPLETE_LBD,,False,NR3C2,MR,Steroid hormone receptors
6HHP,6HHP_2,2,6HHP.B,B,B,PASS,,P03372,"[""X-RAY DIFFRACTION""]",1.802,1.802,0.2153,0.2153,311,547,0,0.0,NO_LBD_OVERLAP,,False,NR3A1,ERα,Steroid hormone receptors
6HJ2,6HJ2_1,1,6HJ2.A,A,A,PASS,,O75469,"[""X-RAY DIFFRACTION""]",2.28,2.28,0.2321,0.2321,146,433,288,1.0,NEAR_COMPLETE_LBD,,False,NR1I2,PXR,Nutritional sensors
6HKB,6HKB_2,2,6HKB.B,B,B,PASS,,P03372,"[""X-RAY DIFFRACTION""]",1.7,1.7,0.2,0.2,311,547,0,0.0,NO_LBD_OVERLAP,,False,NR3A1,ERα,Steroid hormone receptors
6HKF,6HKF_2,2,6HKF.B,B,B,PASS,,P03372,"[""X-RAY DIFFRACTION""]",1.801,1.801,0.2114,0.2114,311,547,0,0.0,NO_LBD_OVERLAP,,False,NR3A1,ERα,Steroid hormone receptors
6HL0,6HL0_1,1,6HL0.A,A,A,PASS,,Q96RI1,"[""X-RAY DIFFRACTION""]",1.66,1.66,0.2458,0.2458,262,486,225,1.0,NEAR_COMPLETE_LBD,,False,NR1H4,FXR,Nutritional sensors
6HL1,6HL1_1,1,6HL1.A,A,A,PASS,,Q96RI1,"[""X-RAY DIFFRACTION""]",1.599,1.599,0.246,0.246,262,486,225,1.0,NEAR_COMPLETE_LBD,,False,NR1H4,FXR,Nutritional sensors
6HMU,6HMU_2,2,6HMU.B,B,B,PASS,,P03372,"[""X-RAY DIFFRACTION""]",1.2,1.2,0.2061,0.2061,311,547,0,0.0,NO_LBD_OVERLAP,,False,NR3A1,ERα,Steroid hormone receptors
6HN6,6HN6_1,1,6HN6.A,A,A,PASS,,P19793,"[""X-RAY DIFFRACTION""]",2.71,2.71,0.231,0.231,227,458,232,1.0,NEAR_COMPLETE_LBD,,False,NR2B1,RXRα,Nutritional sensors
6HTY,6HTY_1,1,6HTY.B,B,B,PASS,,O75469,"[""X-RAY DIFFRACTION""]",2.22,2.22,0.22611,0.22611,146,433,288,1.0,NEAR_COMPLETE_LBD,,True,NR1I2,PXR,Nutritional sensors
6HTY,6HTY_1,1,6HTY.A,A,A,PASS,,O75469,"[""X-RAY DIFFRACTION""]",2.22,2.22,0.22611,0.22611,146,433,288,1.0,NEAR_COMPLETE_LBD,,True,NR1I2,PXR,Nutritional sensors
6I61,6I61_1,1,6I61.A,A,A,PASS,,P62508,"[""X-RAY DIFFRACTION""]",1.65,1.65,0.2191,0.2191,233,457,225,1.0,NEAR_COMPLETE_LBD,,False,NR3B3,ERRγ,Nutritional sensors
6I62,6I62_1,1,6I62.A,A,A,PASS,,P62508,"[""X-RAY DIFFRACTION""]",1.65,1.65,0.1997,0.1997,233,457,225,1.0,NEAR_COMPLETE_LBD,,False,NR3B3,ERRγ,Nutritional sensors
6I63,6I63_1,1,6I63.A,A,A,PASS,,P62508,"[""X-RAY DIFFRACTION""]",2.229,2.229,0.2062,0.2062,233,457,225,1.0,NEAR_COMPLETE_LBD,,False,NR3B3,ERRγ,Nutritional sensors
6I64,6I64_1,1,6I64.A,A,A,PASS,,P62508,"[""X-RAY DIFFRACTION""]",1.91,1.91,0.2369,0.2369,233,457,225,1.0,NEAR_COMPLETE_LBD,,False,NR3B3,ERRγ,Nutritional sensors
6I65,6I65_1,1,6I65.A,A,A,PASS,,P62508,"[""X-RAY DIFFRACTION""]",1.5,1.5,0.1975,0.1975,233,457,225,1.0,NEAR_COMPLETE_LBD,,False,NR3B3,ERRγ,Nutritional sensors
6I66,6I66_1,1,6I66.A,A,A,PASS,,P62508,"[""X-RAY DIFFRACTION""]",1.6,1.6,0.2068,0.2068,233,457,225,1.0,NEAR_COMPLETE_LBD,,False,NR3B3,ERRγ,Nutritional sensors
6I67,6I67_1,1,6I67.A,A,A,PASS,,P62508,"[""X-RAY DIFFRACTION""]",1.75,1.75,0.2084,0.2084,233,457,225,1.0,NEAR_COMPLETE_LBD,,False,NR3B3,ERRγ,Nutritional sensors
6IAR,6IAR_1,1,6IAR.A,A,A,PASS,,P03372,"[""X-RAY DIFFRACTION""]",1.84,1.84,0.23945,0.23945,311,547,233,0.983122,NEAR_COMPLETE_LBD,,False,NR3A1,ERα,Steroid hormone receptors
6ICJ,6ICJ_1,1,6ICJ.A,A,A,PASS,,P37231,"[""X-RAY DIFFRACTION""]",2.483,2.483,0.282,0.282,238,503,266,1.0,NEAR_COMPLETE_LBD,,False,NR1C3,PPARγ,Nutritional sensors
6IJR,6IJR_1,1,6IJR.C,C,C,PASS,,P37231,"[""X-RAY DIFFRACTION""]",2.85,2.85,0.26601,0.26601,238,503,266,1.0,NEAR_COMPLETE_LBD,,False,NR1C3,PPARγ,Nutritional sensors
6IJR,6IJR_1,1,6IJR.A,A,A,PASS,,P37231,"[""X-RAY DIFFRACTION""]",2.85,2.85,0.26601,0.26601,238,503,266,1.0,NEAR_COMPLETE_LBD,,False,NR1C3,PPARγ,Nutritional sensors
6IJS,6IJS_1,1,6IJS.A,A,A,PASS,,P37231,"[""X-RAY DIFFRACTION""]",2.15,2.15,0.24113,0.24113,238,503,266,1.0,NEAR_COMPLETE_LBD,,False,NR1C3,PPARγ,Nutritional sensors
6ILQ,6ILQ_1,1,6ILQ.A,A,A,PASS,,P37231,"[""X-RAY DIFFRACTION""]",2.408,2.408,0.3035,0.3035,238,503,266,1.0,NEAR_COMPLETE_LBD,,False,NR1C3,PPARγ,Nutritional sensors
6ITM,6ITM_1,1,6ITM.C,C,C,PASS,,Q96RI1,"[""X-RAY DIFFRACTION""]",2.5,2.5,0.2418,0.2418,262,486,225,1.0,NEAR_COMPLETE_LBD,,False,NR1H4,FXR,Nutritional sensors
6ITM,6ITM_1,1,6ITM.A,A,A,PASS,,Q96RI1,"[""X-RAY DIFFRACTION""]",2.5,2.5,0.2418,0.2418,262,486,225,1.0,NEAR_COMPLETE_LBD,,False,NR1H4,FXR,Nutritional sensors
6IVX,6IVX_1,1,6IVX.G,G,G,PASS,,P51449,"[""X-RAY DIFFRACTION""]",2.35,2.35,0.19841,0.19841,269,508,240,1.0,NEAR_COMPLETE_LBD,,False,NR1F3,RORγ,Nutritional sensors
6IVX,6IVX_1,1,6IVX.E,E,E,PASS,,P51449,"[""X-RAY DIFFRACTION""]",2.35,2.35,0.19841,0.19841,269,508,240,1.0,NEAR_COMPLETE_LBD,,False,NR1F3,RORγ,Nutritional sensors
6IVX,6IVX_1,1,6IVX.C,C,C,PASS,,P51449,"[""X-RAY DIFFRACTION""]",2.35,2.35,0.19841,0.19841,269,508,240,1.0,NEAR_COMPLETE_LBD,,False,NR1F3,RORγ,Nutritional sensors
6IVX,6IVX_1,1,6IVX.A,A,A,PASS,,P51449,"[""X-RAY DIFFRACTION""]",2.35,2.35,0.19841,0.19841,269,508,240,1.0,NEAR_COMPLETE_LBD,,False,NR1F3,RORγ,Nutritional sensors
6IZM,6IZM_1,1,6IZM.A,A,A,PASS,,P37231,"[""X-RAY DIFFRACTION""]",1.8,1.8,0.248,0.248,238,503,266,1.0,NEAR_COMPLETE_LBD,,False,NR1C3,PPARγ,Nutritional sensors
6IZN,6IZN_1,1,6IZN.A,A,A,PASS,,P37231,"[""X-RAY DIFFRACTION""]",1.75,1.75,0.265,0.265,238,503,266,1.0,NEAR_COMPLETE_LBD,,False,NR1C3,PPARγ,Nutritional sensors
6J1L,6J1L_1,1,6J1L.C,C,C,PASS,,P51449,"[""X-RAY DIFFRACTION""]",2.3,2.3,0.2259,0.2259,269,508,239,0.995833,NEAR_COMPLETE_LBD,,False,NR1F3,RORγ,Nutritional sensors
6J1L,6J1L_1,1,6J1L.B,B,B,PASS,,P51449,"[""X-RAY DIFFRACTION""]",2.3,2.3,0.2259,0.2259,269,508,239,0.995833,NEAR_COMPLETE_LBD,,False,NR1F3,RORγ,Nutritional sensors
6J1L,6J1L_1,1,6J1L.A,A,A,PASS,,P51449,"[""X-RAY DIFFRACTION""]",2.3,2.3,0.2259,0.2259,269,508,239,0.995833,NEAR_COMPLETE_LBD,,False,NR1F3,RORγ,Nutritional sensors
6J3N,6J3N_1,1,6J3N.A,A,A,PASS,,P51449,"[""X-RAY DIFFRACTION""]",1.99,1.99,0.2333,0.2333,269,508,240,1.0,NEAR_COMPLETE_LBD,,False,NR1F3,RORγ,Nutritional sensors
6JEY,6JEY_1,1,6JEY.B,B,B,PASS,,P37231,"[""X-RAY DIFFRACTION""]",2.2,2.2,0.30971,0.30971,238,503,266,1.0,NEAR_COMPLETE_LBD,,False,NR1C3,PPARγ,Nutritional sensors
6JEY,6JEY_1,1,6JEY.A,A,A,PASS,,P37231,"[""X-RAY DIFFRACTION""]",2.2,2.2,0.30971,0.30971,238,503,266,1.0,NEAR_COMPLETE_LBD,,False,NR1C3,PPARγ,Nutritional sensors
6JF0,6JF0_1,1,6JF0.B,B,B,PASS,,P37231,"[""X-RAY DIFFRACTION""]",3.4,3.4,0.29561,0.29561,238,503,266,1.0,NEAR_COMPLETE_LBD,,False,NR1C3,PPARγ,Nutritional sensors
6JF0,6JF0_1,1,6JF0.A,A,A,PASS,,P37231,"[""X-RAY DIFFRACTION""]",3.4,3.4,0.29561,0.29561,238,503,266,1.0,NEAR_COMPLETE_LBD,,False,NR1C3,PPARγ,Nutritional sensors
6JIO,6JIO_1,1,6JIO.D,D,D,PASS,,P55055,"[""X-RAY DIFFRACTION""]",2.6,2.6,0.28478,0.28478,222,460,239,1.0,NEAR_COMPLETE_LBD,,False,NR1H2,LXRβ,Nutritional sensors
6JIO,6JIO_1,1,6JIO.C,C,C,PASS,,P55055,"[""X-RAY DIFFRACTION""]",2.6,2.6,0.28478,0.28478,222,460,239,1.0,NEAR_COMPLETE_LBD,,False,NR1H2,LXRβ,Nutritional sensors
6JIO,6JIO_1,1,6JIO.B,B,B,PASS,,P55055,"[""X-RAY DIFFRACTION""]",2.6,2.6,0.28478,0.28478,222,460,239,1.0,NEAR_COMPLETE_LBD,,False,NR1H2,LXRβ,Nutritional sensors
6JIO,6JIO_1,1,6JIO.A,A,A,PASS,,P55055,"[""X-RAY DIFFRACTION""]",2.6,2.6,0.28478,0.28478,222,460,239,1.0,NEAR_COMPLETE_LBD,,False,NR1H2,LXRβ,Nutritional sensors
6JNO,6JNO_1,1,6JNO.D,D,D,PASS,,P19793,"[""X-RAY DIFFRACTION""]",2.65,2.65,0.27442,0.27442,227,458,232,1.0,NEAR_COMPLETE_LBD,,False,NR2B1,RXRα,Nutritional sensors
6JNO,6JNO_1,1,6JNO.C,C,C,PASS,,P19793,"[""X-RAY DIFFRACTION""]",2.65,2.65,0.27442,0.27442,227,458,232,1.0,NEAR_COMPLETE_LBD,,False,NR2B1,RXRα,Nutritional sensors
6JNO,6JNO_1,1,6JNO.B,B,B,PASS,,P19793,"[""X-RAY DIFFRACTION""]",2.65,2.65,0.27442,0.27442,227,458,232,1.0,NEAR_COMPLETE_LBD,,False,NR2B1,RXRα,Nutritional sensors
6JNO,6JNO_1,1,6JNO.A,A,A,PASS,,P19793,"[""X-RAY DIFFRACTION""]",2.65,2.65,0.27442,0.27442,227,458,232,1.0,NEAR_COMPLETE_LBD,,False,NR2B1,RXRα,Nutritional sensors
6JNR,6JNR_1,1,6JNR.B,B,B,PASS,,P19793,"[""X-RAY DIFFRACTION""]",2.3,2.3,0.238,0.238,227,458,232,1.0,NEAR_COMPLETE_LBD,,False,NR2B1,RXRα,Nutritional sensors
6JNR,6JNR_1,1,6JNR.A,A,A,PASS,,P19793,"[""X-RAY DIFFRACTION""]",2.3,2.3,0.238,0.238,227,458,232,1.0,NEAR_COMPLETE_LBD,,False,NR2B1,RXRα,Nutritional sensors
6JQ7,6JQ7_1,1,6JQ7.A,A,A,PASS,,P37231,"[""X-RAY DIFFRACTION""]",2.55,2.55,0.25652,0.25652,238,503,266,1.0,NEAR_COMPLETE_LBD,,False,NR1C3,PPARγ,Nutritional sensors
6K0T,6K0T_1,1,6K0T.C,C,C,PASS,,P37231,"[""X-RAY DIFFRACTION""]",1.84,1.84,0.24425,0.24425,238,503,266,1.0,NEAR_COMPLETE_LBD,,False,NR1C3,PPARγ,Nutritional sensors
6K0T,6K0T_1,1,6K0T.A,A,A,PASS,,P37231,"[""X-RAY DIFFRACTION""]",1.84,1.84,0.24425,0.24425,238,503,266,1.0,NEAR_COMPLETE_LBD,,False,NR1C3,PPARγ,Nutritional sensors
6K3N,6K3N_1,1,6K3N.A,A,A,PASS,,P62508,"[""X-RAY DIFFRACTION""]",1.97,1.97,0.2531,0.2531,233,457,225,1.0,NEAR_COMPLETE_LBD,,False,NR3B3,ERRγ,Nutritional sensors
6K9G,6K9G_1,1,6K9G.D,D,D,PASS,,P55055,"[""X-RAY DIFFRACTION""]",2.8,2.8,0.2811,0.2811,222,460,239,1.0,NEAR_COMPLETE_LBD,,False,NR1H2,LXRβ,Nutritional sensors
6K9G,6K9G_1,1,6K9G.C,C,C,PASS,,P55055,"[""X-RAY DIFFRACTION""]",2.8,2.8,0.2811,0.2811,222,460,239,1.0,NEAR_COMPLETE_LBD,,False,NR1H2,LXRβ,Nutritional sensors
6K9G,6K9G_1,1,6K9G.B,B,B,PASS,,P55055,"[""X-RAY DIFFRACTION""]",2.8,2.8,0.2811,0.2811,222,460,239,1.0,NEAR_COMPLETE_LBD,,False,NR1H2,LXRβ,Nutritional sensors
6K9G,6K9G_1,1,6K9G.A,A,A,PASS,,P55055,"[""X-RAY DIFFRACTION""]",2.8,2.8,0.2811,0.2811,222,460,239,1.0,NEAR_COMPLETE_LBD,,False,NR1H2,LXRβ,Nutritional sensors
6K9H,6K9H_1,1,6K9H.B,B,B,PASS,,P55055,"[""X-RAY DIFFRACTION""]",2.5,2.5,0.28738,0.28738,222,460,239,1.0,NEAR_COMPLETE_LBD,,False,NR1H2,LXRβ,Nutritional sensors
6K9H,6K9H_1,1,6K9H.A,A,A,PASS,,P55055,"[""X-RAY DIFFRACTION""]",2.5,2.5,0.28738,0.28738,222,460,239,1.0,NEAR_COMPLETE_LBD,,False,NR1H2,LXRβ,Nutritional sensors
6K9M,6K9M_1,1,6K9M.D,D,D,PASS,,P55055,"[""X-RAY DIFFRACTION""]",2.9,2.9,0.27963,0.27963,222,460,239,1.0,NEAR_COMPLETE_LBD,,False,NR1H2,LXRβ,Nutritional sensors
6K9M,6K9M_1,1,6K9M.C,C,C,PASS,,P55055,"[""X-RAY DIFFRACTION""]",2.9,2.9,0.27963,0.27963,222,460,239,1.0,NEAR_COMPLETE_LBD,,False,NR1H2,LXRβ,Nutritional sensors
6K9M,6K9M_1,1,6K9M.B,B,B,PASS,,P55055,"[""X-RAY DIFFRACTION""]",2.9,2.9,0.27963,0.27963,222,460,239,1.0,NEAR_COMPLETE_LBD,,False,NR1H2,LXRβ,Nutritional sensors
6K9M,6K9M_1,1,6K9M.A,A,A,PASS,,P55055,"[""X-RAY DIFFRACTION""]",2.9,2.9,0.27963,0.27963,222,460,239,1.0,NEAR_COMPLETE_LBD,,False,NR1H2,LXRβ,Nutritional sensors
6KAX,6KAX_1,1,6KAX.A,A,A,PASS,,Q07869,"[""X-RAY DIFFRACTION""]",1.23,1.23,0.2032,0.2032,239,466,228,1.0,NEAR_COMPLETE_LBD,,False,NR1C1,PPARα,Nutritional sensors
6KAY,6KAY_1,1,6KAY.A,A,A,PASS,,Q07869,"[""X-RAY DIFFRACTION""]",1.735,1.735,0.2519,0.2519,239,466,228,1.0,NEAR_COMPLETE_LBD,,False,NR1C1,PPARα,Nutritional sensors
6KAZ,6KAZ_1,1,6KAZ.A,A,A,PASS,,Q07869,"[""X-RAY DIFFRACTION""]",1.48,1.48,0.1978,0.1978,239,466,228,1.0,NEAR_COMPLETE_LBD,,False,NR1C1,PPARα,Nutritional sensors
6KB0,6KB0_1,1,6KB0.A,A,A,PASS,,Q07869,"[""X-RAY DIFFRACTION""]",1.35,1.35,0.1951,0.1951,239,466,228,1.0,NEAR_COMPLETE_LBD,,False,NR1C1,PPARα,Nutritional sensors
6KB1,6KB1_1,1,6KB1.A,A,A,PASS,,Q07869,"[""X-RAY DIFFRACTION""]",1.25,1.25,0.2042,0.2042,239,466,228,1.0,NEAR_COMPLETE_LBD,,False,NR1C1,PPARα,Nutritional sensors
6KB2,6KB2_1,1,6KB2.A,A,A,PASS,,Q07869,"[""X-RAY DIFFRACTION""]",1.95,1.95,0.244,0.244,239,466,228,1.0,NEAR_COMPLETE_LBD,,False,NR1C1,PPARα,Nutritional sensors
6KB3,6KB3_1,1,6KB3.A,A,A,PASS,,Q07869,"[""X-RAY DIFFRACTION""]",1.45,1.45,0.208,0.208,239,466,228,1.0,NEAR_COMPLETE_LBD,,False,NR1C1,PPARα,Nutritional sensors
6KB4,6KB4_1,1,6KB4.A,A,A,PASS,,Q07869,"[""X-RAY DIFFRACTION""]",1.42,1.42,0.1954,0.1954,239,466,228,1.0,NEAR_COMPLETE_LBD,,False,NR1C1,PPARα,Nutritional sensors
6KB5,6KB5_1,1,6KB5.A,A,A,PASS,,Q07869,"[""X-RAY DIFFRACTION""]",1.95,1.95,0.221,0.221,239,466,228,1.0,NEAR_COMPLETE_LBD,,False,NR1C1,PPARα,Nutritional sensors
6KB6,6KB6_1,1,6KB6.A,A,A,PASS,,Q07869,"[""X-RAY DIFFRACTION""]",1.431,1.431,0.193,0.193,239,466,228,1.0,NEAR_COMPLETE_LBD,,False,NR1C1,PPARα,Nutritional sensors
6KB7,6KB7_1,1,6KB7.A,A,A,PASS,,Q07869,"[""X-RAY DIFFRACTION""]",2.14,2.14,0.2376,0.2376,239,466,228,1.0,NEAR_COMPLETE_LBD,,False,NR1C1,PPARα,Nutritional sensors
6KB8,6KB8_1,1,6KB8.A,A,A,PASS,,Q07869,"[""X-RAY DIFFRACTION""]",1.47,1.47,0.2183,0.2183,239,466,228,1.0,NEAR_COMPLETE_LBD,,False,NR1C1,PPARα,Nutritional sensors
6KB9,6KB9_1,1,6KB9.A,A,A,PASS,,Q07869,"[""X-RAY DIFFRACTION""]",1.55,1.55,0.1977,0.1977,239,466,228,1.0,NEAR_COMPLETE_LBD,,False,NR1C1,PPARα,Nutritional sensors
6KBA,6KBA_1,1,6KBA.A,A,A,PASS,,Q07869,"[""X-RAY DIFFRACTION""]",1.82,1.82,0.2358,0.2358,239,466,228,1.0,NEAR_COMPLETE_LBD,,False,NR1C1,PPARα,Nutritional sensors
6KKB,6KKB_1,1,6KKB.A,A,X,PASS,,P10828,"[""X-RAY DIFFRACTION""]",1.7,1.7,0.1973,0.1973,217,461,244,0.995918,NEAR_COMPLETE_LBD,,False,NR1A2,TRβ,Steroid hormone receptors
6KKE,6KKE_1,1,6KKE.A,A,A,PASS,,P10828,"[""X-RAY DIFFRACTION""]",2.577,2.577,0.2167,0.2167,217,461,243,0.991837,NEAR_COMPLETE_LBD,,False,NR1A2,TRβ,Steroid hormone receptors
6KNR,6KNR_1,1,6KNR.B,B,B,PASS,,P62508,"[""X-RAY DIFFRACTION""]",2.804,2.804,0.2256,0.2256,233,457,225,1.0,NEAR_COMPLETE_LBD,,False,NR3B3,ERRγ,Nutritional sensors
6KNR,6KNR_1,1,6KNR.A,A,A,PASS,,P62508,"[""X-RAY DIFFRACTION""]",2.804,2.804,0.2256,0.2256,233,457,225,1.0,NEAR_COMPLETE_LBD,,False,NR3B3,ERRγ,Nutritional sensors
6KNU,6KNU_1,1,6KNU.A,A,A,PASS,,P10828,"[""X-RAY DIFFRACTION""]",2.7,2.7,0.2312,0.2312,217,461,244,0.995918,NEAR_COMPLETE_LBD,,False,NR1A2,TRβ,Steroid hormone receptors
6KNV,6KNV_1,1,6KNV.A,A,A,PASS,,P10828,"[""X-RAY DIFFRACTION""]",2.8,2.8,0.2648,0.2648,217,461,244,0.995918,NEAR_COMPLETE_LBD,,False,NR1A2,TRβ,Steroid hormone receptors
6KNW,6KNW_1,1,6KNW.A,A,A,PASS,,P10828,"[""X-RAY DIFFRACTION""]",2.67,2.67,0.2442,0.2442,217,461,244,0.995918,NEAR_COMPLETE_LBD,,False,NR1A2,TRβ,Steroid hormone receptors
6KTM,6KTM_1,1,6KTM.A,A,A,PASS,,P37231,"[""X-RAY DIFFRACTION""]",2.7,2.7,0.2575,0.2575,238,503,266,1.0,NEAR_COMPLETE_LBD,,False,NR1C3,PPARγ,Nutritional sensors
6KTN,6KTN_1,1,6KTN.A,A,A,PASS,,P37231,"[""X-RAY DIFFRACTION""]",2.752,2.752,0.2563,0.2563,238,503,266,1.0,NEAR_COMPLETE_LBD,,False,NR1C3,PPARγ,Nutritional sensors
6KXX,6KXX_1,1,6KXX.A,A,A,PASS,,Q07869,"[""X-RAY DIFFRACTION""]",1.95,1.95,0.2362,0.2362,239,466,228,1.0,NEAR_COMPLETE_LBD,,False,NR1C1,PPARα,Nutritional sensors
6KXY,6KXY_1,1,6KXY.A,A,A,PASS,,Q07869,"[""X-RAY DIFFRACTION""]",2.0,2.0,0.2571,0.2571,239,466,228,1.0,NEAR_COMPLETE_LBD,,False,NR1C1,PPARα,Nutritional sensors
6KYP,6KYP_1,1,6KYP.B,B,B,PASS,,Q07869,"[""X-RAY DIFFRACTION""]",2.86,2.86,0.2442,0.2442,239,466,228,1.0,NEAR_COMPLETE_LBD,,False,NR1C1,PPARα,Nutritional sensors
6KYP,6KYP_1,1,6KYP.A,A,A,PASS,,Q07869,"[""X-RAY DIFFRACTION""]",2.86,2.86,0.2442,0.2442,239,466,228,1.0,NEAR_COMPLETE_LBD,,False,NR1C1,PPARα,Nutritional sensors
6KZ5,6KZ5_1,1,6KZ5.B,B,B,PASS,,P22736,"[""X-RAY DIFFRACTION""]",4.45,4.45,0.3079,0.3079,360,595,236,1.0,NEAR_COMPLETE_LBD,,False,NR4A1,NUR77,Nutritional sensors
6KZ5,6KZ5_1,1,6KZ5.A,A,A,PASS,,P22736,"[""X-RAY DIFFRACTION""]",4.45,4.45,0.3079,0.3079,360,595,236,1.0,NEAR_COMPLETE_LBD,,False,NR4A1,NUR77,Nutritional sensors
6L36,6L36_1,1,6L36.B,B,B,PASS,,Q07869,"[""X-RAY DIFFRACTION""]",3.301,3.301,0.2495,0.2495,239,466,228,1.0,NEAR_COMPLETE_LBD,,False,NR1C1,PPARα,Nutritional sensors
6L36,6L36_1,1,6L36.A,A,A,PASS,,Q07869,"[""X-RAY DIFFRACTION""]",3.301,3.301,0.2495,0.2495,239,466,228,1.0,NEAR_COMPLETE_LBD,,False,NR1C1,PPARα,Nutritional sensors
6L37,6L37_1,1,6L37.B,B,B,PASS,,Q07869,"[""X-RAY DIFFRACTION""]",2.91,2.91,0.2476,0.2476,239,466,228,1.0,NEAR_COMPLETE_LBD,,False,NR1C1,PPARα,Nutritional sensors
6L37,6L37_1,1,6L37.A,A,A,PASS,,Q07869,"[""X-RAY DIFFRACTION""]",2.91,2.91,0.2476,0.2476,239,466,228,1.0,NEAR_COMPLETE_LBD,,False,NR1C1,PPARα,Nutritional sensors
6L38,6L38_1,1,6L38.B,B,B,PASS,,Q07869,"[""X-RAY DIFFRACTION""]",2.761,2.761,0.2583,0.2583,239,466,228,1.0,NEAR_COMPLETE_LBD,,False,NR1C1,PPARα,Nutritional sensors
6L38,6L38_1,1,6L38.A,A,A,PASS,,Q07869,"[""X-RAY DIFFRACTION""]",2.761,2.761,0.2583,0.2583,239,466,228,1.0,NEAR_COMPLETE_LBD,,False,NR1C1,PPARα,Nutritional sensors
6L6K,6L6K_1,1,6L6K.A,A,A,PASS,,P19793,"[""X-RAY DIFFRACTION""]",1.8,1.8,0.2112,0.2112,227,458,232,1.0,NEAR_COMPLETE_LBD,,False,NR2B1,RXRα,Nutritional sensors
6L6L,6L6L_1,1,6L6L.B,B,B,PASS,,P43354,"[""X-RAY DIFFRACTION""]",2.781,2.781,0.252,0.252,360,595,0,0.0,NO_LBD_OVERLAP,,False,NR4A2,NURR1,Nutritional sensors
6L6L,6L6L_1,1,6L6L.A,A,A,PASS,,P43354,"[""X-RAY DIFFRACTION""]",2.781,2.781,0.252,0.252,360,595,0,0.0,NO_LBD_OVERLAP,,False,NR4A2,NURR1,Nutritional sensors
6L6Q,6L6Q_1,1,6L6Q.B,B,B,PASS,,P43354,"[""X-RAY DIFFRACTION""]",2.601,2.601,0.2892,0.2892,360,595,0,0.0,NO_LBD_OVERLAP,,False,NR4A2,NURR1,Nutritional sensors
6L6Q,6L6Q_1,1,6L6Q.A,A,A,PASS,,P43354,"[""X-RAY DIFFRACTION""]",2.601,2.601,0.2892,0.2892,360,595,0,0.0,NO_LBD_OVERLAP,,False,NR4A2,NURR1,Nutritional sensors
6L88,6L88_1,1,6L88.D,D,D,PASS,,P08235,"[""X-RAY DIFFRACTION""]",3.0,3.0,0.307,0.307,726,964,230,0.962343,NEAR_COMPLETE_LBD,,False,NR3C2,MR,Steroid hormone receptors
6L88,6L88_1,1,6L88.C,C,C,PASS,,P08235,"[""X-RAY DIFFRACTION""]",3.0,3.0,0.307,0.307,726,964,230,0.962343,NEAR_COMPLETE_LBD,,False,NR3C2,MR,Steroid hormone receptors
6L88,6L88_1,1,6L88.B,B,B,PASS,,P08235,"[""X-RAY DIFFRACTION""]",3.0,3.0,0.307,0.307,726,964,230,0.962343,NEAR_COMPLETE_LBD,,False,NR3C2,MR,Steroid hormone receptors
6L88,6L88_1,1,6L88.A,A,A,PASS,,P08235,"[""X-RAY DIFFRACTION""]",3.0,3.0,0.307,0.307,726,964,230,0.962343,NEAR_COMPLETE_LBD,,False,NR3C2,MR,Steroid hormone receptors
6L89,6L89_1,1,6L89.B,B,B,PASS,,P37231,"[""X-RAY DIFFRACTION""]",2.1,2.1,0.2693,0.2693,238,503,266,1.0,NEAR_COMPLETE_LBD,,False,NR1C3,PPARγ,Nutritional sensors
6L89,6L89_1,1,6L89.A,A,A,PASS,,P37231,"[""X-RAY DIFFRACTION""]",2.1,2.1,0.2693,0.2693,238,503,266,1.0,NEAR_COMPLETE_LBD,,False,NR1C3,PPARγ,Nutritional sensors
6L8B,6L8B_1,1,6L8B.B,B,B,PASS,,P37231,"[""X-RAY DIFFRACTION""]",2.102,2.102,0.2675,0.2675,238,503,266,1.0,NEAR_COMPLETE_LBD,,False,NR1C3,PPARγ,Nutritional sensors
6L8B,6L8B_1,1,6L8B.A,A,A,PASS,,P37231,"[""X-RAY DIFFRACTION""]",2.102,2.102,0.2675,0.2675,238,503,266,1.0,NEAR_COMPLETE_LBD,,False,NR1C3,PPARγ,Nutritional sensors
6L96,6L96_1,1,6L96.B,B,B,PASS,,Q07869,"[""X-RAY DIFFRACTION""]",3.2,3.2,0.25272,0.25272,239,466,228,1.0,NEAR_COMPLETE_LBD,,False,NR1C1,PPARα,Nutritional sensors
6L96,6L96_1,1,6L96.A,A,A,PASS,,Q07869,"[""X-RAY DIFFRACTION""]",3.2,3.2,0.25272,0.25272,239,466,228,1.0,NEAR_COMPLETE_LBD,,False,NR1C1,PPARα,Nutritional sensors
6LB4,6LB4_1,1,6LB4.A,A,A,PASS,,P19793,"[""X-RAY DIFFRACTION""]",1.5,1.5,0.2014,0.2014,227,458,232,1.0,NEAR_COMPLETE_LBD,,False,NR2B1,RXRα,Nutritional sensors
6LB5,6LB5_1,1,6LB5.C,C,C,PASS,,P19793,"[""X-RAY DIFFRACTION""]",2.4,2.4,0.2404,0.2404,227,458,232,1.0,NEAR_COMPLETE_LBD,,False,NR2B1,RXRα,Nutritional sensors
6LB5,6LB5_1,1,6LB5.A,A,A,PASS,,P19793,"[""X-RAY DIFFRACTION""]",2.4,2.4,0.2404,0.2404,227,458,232,1.0,NEAR_COMPLETE_LBD,,False,NR2B1,RXRα,Nutritional sensors
6LB6,6LB6_1,1,6LB6.A,A,A,PASS,,P19793,"[""X-RAY DIFFRACTION""]",2.4,2.4,0.257,0.257,227,458,232,1.0,NEAR_COMPLETE_LBD,,False,NR2B1,RXRα,Nutritional sensors
6LC1,6LC1_2,2,6LC1.H,H,G,PASS,,P22736,"[""X-RAY DIFFRACTION""]",3.12,3.12,0.2676,0.2676,360,595,0,0.0,NO_LBD_OVERLAP,,False,NR4A1,NUR77,Nutritional sensors
6LC1,6LC1_2,2,6LC1.F,F,D,PASS,,P22736,"[""X-RAY DIFFRACTION""]",3.12,3.12,0.2676,0.2676,360,595,0,0.0,NO_LBD_OVERLAP,,False,NR4A1,NUR77,Nutritional sensors
6LC1,6LC1_2,2,6LC1.D,D,A,PASS,,P22736,"[""X-RAY DIFFRACTION""]",3.12,3.12,0.2676,0.2676,360,595,0,0.0,NO_LBD_OVERLAP,,False,NR4A1,NUR77,Nutritional sensors
6LC1,6LC1_2,2,6LC1.B,B,J,PASS,,P22736,"[""X-RAY DIFFRACTION""]",3.12,3.12,0.2676,0.2676,360,595,0,0.0,NO_LBD_OVERLAP,,False,NR4A1,NUR77,Nutritional sensors
6LIT,6LIT_1,1,6LIT.B,B,B,PASS,,O95718,"[""X-RAY DIFFRACTION""]",2.0,2.0,0.2383,0.2383,208,432,225,1.0,NEAR_COMPLETE_LBD,,False,NR3B2,ERRβ,Nutritional sensors
6LIT,6LIT_1,1,6LIT.A,A,A,PASS,,O95718,"[""X-RAY DIFFRACTION""]",2.0,2.0,0.2383,0.2383,208,432,225,1.0,NEAR_COMPLETE_LBD,,False,NR3B2,ERRβ,Nutritional sensors
6LN4,6LN4_1,1,6LN4.A,A,A,PASS,,O95718,"[""X-RAY DIFFRACTION""]",2.61,2.61,0.2448,0.2448,208,432,225,1.0,NEAR_COMPLETE_LBD,,False,NR3B2,ERRβ,Nutritional sensors
6LO9,6LO9_1,1,6LO9.A,A,A,PASS,,P51449,"[""X-RAY DIFFRACTION""]",1.8600494706,1.8600494706,0.226875138836,0.226875138836,269,508,239,0.995833,NEAR_COMPLETE_LBD,,False,NR1F3,RORγ,Nutritional sensors
6LOA,6LOA_1,1,6LOA.A,A,A,PASS,,P51449,"[""X-RAY DIFFRACTION""]",2.50003303865,2.50003303865,0.253503600782,0.253503600782,269,508,239,0.995833,NEAR_COMPLETE_LBD,,False,NR1F3,RORγ,Nutritional sensors
6LOB,6LOB_1,1,6LOB.A,A,A,PASS,,P51449,"[""X-RAY DIFFRACTION""]",2.40006662577,2.40006662577,0.25068052509,0.25068052509,269,508,239,0.995833,NEAR_COMPLETE_LBD,,False,NR1F3,RORγ,Nutritional sensors
6LOC,6LOC_1,1,6LOC.A,A,A,PASS,,P51449,"[""X-RAY DIFFRACTION""]",2.20014861503,2.20014861503,0.250843150748,0.250843150748,269,508,239,0.995833,NEAR_COMPLETE_LBD,,False,NR1F3,RORγ,Nutritional sensors
6LX4,6LX4_1,1,6LX4.B,B,B,PASS,,Q07869,"[""X-RAY DIFFRACTION""]",2.13,2.13,0.2298,0.2298,239,466,228,1.0,NEAR_COMPLETE_LBD,,False,NR1C1,PPARα,Nutritional sensors
6LX4,6LX4_1,1,6LX4.A,A,A,PASS,,Q07869,"[""X-RAY DIFFRACTION""]",2.13,2.13,0.2298,0.2298,239,466,228,1.0,NEAR_COMPLETE_LBD,,False,NR1C1,PPARα,Nutritional sensors
6LX5,6LX5_1,1,6LX5.B,B,B,PASS,,Q07869,"[""X-RAY DIFFRACTION""]",1.87,1.87,0.2209,0.2209,239,466,228,1.0,NEAR_COMPLETE_LBD,,False,NR1C1,PPARα,Nutritional sensors
6LX5,6LX5_1,1,6LX5.A,A,A,PASS,,Q07869,"[""X-RAY DIFFRACTION""]",1.87,1.87,0.2209,0.2209,239,466,228,1.0,NEAR_COMPLETE_LBD,,False,NR1C1,PPARα,Nutritional sensors
6LX6,6LX6_1,1,6LX6.A,A,A,PASS,,Q07869,"[""X-RAY DIFFRACTION""]",1.3,1.3,0.1952,0.1952,239,466,228,1.0,NEAR_COMPLETE_LBD,,False,NR1C1,PPARα,Nutritional sensors
6LX7,6LX7_1,1,6LX7.A,A,A,PASS,,Q07869,"[""X-RAY DIFFRACTION""]",1.41,1.41,0.1921,0.1921,239,466,228,1.0,NEAR_COMPLETE_LBD,,False,NR1C1,PPARα,Nutritional sensors
6LX8,6LX8_1,1,6LX8.A,A,A,PASS,,Q07869,"[""X-RAY DIFFRACTION""]",1.54,1.54,0.198,0.198,239,466,228,1.0,NEAR_COMPLETE_LBD,,False,NR1C1,PPARα,Nutritional sensors
6LX9,6LX9_1,1,6LX9.A,A,A,PASS,,Q07869,"[""X-RAY DIFFRACTION""]",1.4,1.4,0.1933,0.1933,239,466,228,1.0,NEAR_COMPLETE_LBD,,False,NR1C1,PPARα,Nutritional sensors
6LXA,6LXA_1,1,6LXA.A,A,A,PASS,,Q07869,"[""X-RAY DIFFRACTION""]",1.23,1.23,0.1957,0.1957,239,466,228,1.0,NEAR_COMPLETE_LBD,,False,NR1C1,PPARα,Nutritional sensors
6LXB,6LXB_1,1,6LXB.A,A,A,PASS,,Q07869,"[""X-RAY DIFFRACTION""]",2.36,2.36,0.239,0.239,239,466,228,1.0,NEAR_COMPLETE_LBD,,False,NR1C1,PPARα,Nutritional sensors
6LXC,6LXC_1,1,6LXC.A,A,A,PASS,,Q07869,"[""X-RAY DIFFRACTION""]",2.03,2.03,0.2173,0.2173,239,466,228,1.0,NEAR_COMPLETE_LBD,,False,NR1C1,PPARα,Nutritional sensors
6MCZ,6MCZ_1,1,6MCZ.B,B,B,PASS,,P37231,"[""X-RAY DIFFRACTION""]",2.1,2.1,0.259,0.259,238,503,266,1.0,NEAR_COMPLETE_LBD,,False,NR1C3,PPARγ,Nutritional sensors
6MCZ,6MCZ_1,1,6MCZ.A,A,A,PASS,,P37231,"[""X-RAY DIFFRACTION""]",2.1,2.1,0.259,0.259,238,503,266,1.0,NEAR_COMPLETE_LBD,,False,NR1C3,PPARγ,Nutritional sensors
6MD0,6MD0_1,1,6MD0.B,B,B,PASS,,P37231,"[""X-RAY DIFFRACTION""]",1.95,1.95,0.273,0.273,238,503,266,1.0,NEAR_COMPLETE_LBD,,False,NR1C3,PPARγ,Nutritional sensors
6MD0,6MD0_1,1,6MD0.A,A,A,PASS,,P37231,"[""X-RAY DIFFRACTION""]",1.95,1.95,0.273,0.273,238,503,266,1.0,NEAR_COMPLETE_LBD,,False,NR1C3,PPARγ,Nutritional sensors
6MD1,6MD1_1,1,6MD1.B,B,B,PASS,,P37231,"[""X-RAY DIFFRACTION""]",2.2,2.2,0.266,0.266,238,503,266,1.0,NEAR_COMPLETE_LBD,,False,NR1C3,PPARγ,Nutritional sensors
6MD1,6MD1_1,1,6MD1.A,A,A,PASS,,P37231,"[""X-RAY DIFFRACTION""]",2.2,2.2,0.266,0.266,238,503,266,1.0,NEAR_COMPLETE_LBD,,False,NR1C3,PPARγ,Nutritional sensors
6MD2,6MD2_1,1,6MD2.B,B,B,PASS,,P37231,"[""X-RAY DIFFRACTION""]",2.2,2.2,0.261,0.261,238,503,266,1.0,NEAR_COMPLETE_LBD,,False,NR1C3,PPARγ,Nutritional sensors
6MD2,6MD2_1,1,6MD2.A,A,A,PASS,,P37231,"[""X-RAY DIFFRACTION""]",2.2,2.2,0.261,0.261,238,503,266,1.0,NEAR_COMPLETE_LBD,,False,NR1C3,PPARγ,Nutritional sensors
6MD4,6MD4_1,1,6MD4.B,B,B,PASS,,P37231,"[""X-RAY DIFFRACTION""]",2.24,2.24,0.2817,0.2817,238,503,266,1.0,NEAR_COMPLETE_LBD,,False,NR1C3,PPARγ,Nutritional sensors
6MD4,6MD4_1,1,6MD4.A,A,A,PASS,,P37231,"[""X-RAY DIFFRACTION""]",2.24,2.24,0.2817,0.2817,238,503,266,1.0,NEAR_COMPLETE_LBD,,False,NR1C3,PPARγ,Nutritional sensors
6MS7,6MS7_1,1,6MS7.A,A,A,PASS,,P37231,"[""X-RAY DIFFRACTION""]",1.43,1.43,0.208,0.208,238,503,266,1.0,NEAR_COMPLETE_LBD,,False,NR1C3,PPARγ,Nutritional sensors
6NAD,6NAD_1,1,6NAD.B,B,B,PASS,,P51449,"[""X-RAY DIFFRACTION""]",2.90197076582,2.90197076582,0.234235386697,0.234235386697,269,508,239,0.995833,NEAR_COMPLETE_LBD,,False,NR1F3,RORγ,Nutritional sensors
6NAD,6NAD_1,1,6NAD.A,A,A,PASS,,P51449,"[""X-RAY DIFFRACTION""]",2.90197076582,2.90197076582,0.234235386697,0.234235386697,269,508,239,0.995833,NEAR_COMPLETE_LBD,,False,NR1F3,RORγ,Nutritional sensors
6NWS,6NWS_1,1,6NWS.A,A,A,PASS,,P51449,"[""X-RAY DIFFRACTION""]",2.44,2.44,0.2974,0.2974,269,508,239,0.995833,NEAR_COMPLETE_LBD,,False,NR1F3,RORγ,Nutritional sensors
6NWT,6NWT_1,1,6NWT.B,B,C,PASS,,P51449,"[""X-RAY DIFFRACTION""]",2.35,2.35,0.2137,0.2137,269,508,239,0.995833,NEAR_COMPLETE_LBD,,False,NR1F3,RORγ,Nutritional sensors
6NWT,6NWT_1,1,6NWT.A,A,A,PASS,,P51449,"[""X-RAY DIFFRACTION""]",2.35,2.35,0.2137,0.2137,269,508,239,0.995833,NEAR_COMPLETE_LBD,,False,NR1F3,RORγ,Nutritional sensors
6NWU,6NWU_1,1,6NWU.A,A,A,PASS,,P51449,"[""X-RAY DIFFRACTION""]",3.2,3.2,0.276,0.276,269,508,239,0.995833,NEAR_COMPLETE_LBD,,False,NR1F3,RORγ,Nutritional sensors
6NX1,6NX1_1,1,6NX1.B,B,B,PASS,,O75469,"[""X-RAY DIFFRACTION""]",2.27,2.27,0.2397,0.2397,146,433,288,1.0,NEAR_COMPLETE_LBD,,True,NR1I2,PXR,Nutritional sensors
6NX1,6NX1_1,1,6NX1.A,A,A,PASS,,O75469,"[""X-RAY DIFFRACTION""]",2.27,2.27,0.2397,0.2397,146,433,288,1.0,NEAR_COMPLETE_LBD,,True,NR1I2,PXR,Nutritional sensors
6O3Z,6O3Z_1,1,6O3Z.A,A,A,PASS,,P51449,"[""X-RAY DIFFRACTION""]",2.4,2.4,0.2465,0.2465,269,508,240,1.0,NEAR_COMPLETE_LBD,,False,NR1F3,RORγ,Nutritional sensors
6O67,6O67_1,1,6O67.B,B,B,PASS,,P37231,"[""X-RAY DIFFRACTION""]",2.52,2.52,0.244,0.244,238,503,266,1.0,NEAR_COMPLETE_LBD,,False,NR1C3,PPARγ,Nutritional sensors
6O67,6O67_1,1,6O67.A,A,A,PASS,,P37231,"[""X-RAY DIFFRACTION""]",2.52,2.52,0.244,0.244,238,503,266,1.0,NEAR_COMPLETE_LBD,,False,NR1C3,PPARγ,Nutritional sensors
6O68,6O68_1,1,6O68.B,B,B,PASS,,P37231,"[""X-RAY DIFFRACTION""]",2.78,2.78,0.2982,0.2982,238,503,266,1.0,NEAR_COMPLETE_LBD,,False,NR1C3,PPARγ,Nutritional sensors
6O68,6O68_1,1,6O68.A,A,A,PASS,,P37231,"[""X-RAY DIFFRACTION""]",2.78,2.78,0.2982,0.2982,238,503,266,1.0,NEAR_COMPLETE_LBD,,False,NR1C3,PPARγ,Nutritional sensors
6O98,6O98_1,1,6O98.B,B,B,PASS,,P51449,"[""X-RAY DIFFRACTION""]",2.29,2.29,0.276,0.276,269,508,240,1.0,NEAR_COMPLETE_LBD,,False,NR1F3,RORγ,Nutritional sensors
6O98,6O98_1,1,6O98.A,A,A,PASS,,P51449,"[""X-RAY DIFFRACTION""]",2.29,2.29,0.276,0.276,269,508,240,1.0,NEAR_COMPLETE_LBD,,False,NR1F3,RORγ,Nutritional sensors
6ONI,6ONI_1,1,6ONI.A,A,B,PASS,,P37231,"[""X-RAY DIFFRACTION""]",1.8,1.8,0.2264,0.2264,238,503,266,1.0,NEAR_COMPLETE_LBD,,False,NR1C3,PPARγ,Nutritional sensors
6ONJ,6ONJ_1,1,6ONJ.A,A,A,PASS,,P37231,"[""X-RAY DIFFRACTION""]",2.3,2.3,0.273,0.273,238,503,266,1.0,NEAR_COMPLETE_LBD,,False,NR1C3,PPARγ,Nutritional sensors
6OQX,6OQX_1,1,6OQX.A,A,A,PASS,,O00482,"[""X-RAY DIFFRACTION""]",2.004,2.004,0.2451,0.2451,300,539,240,1.0,NEAR_COMPLETE_LBD,,False,NR5A2,LRH-1,Nutritional sensors
6OQY,6OQY_1,1,6OQY.A,A,A,PASS,,O00482,"[""X-RAY DIFFRACTION""]",2.23,2.23,0.2688,0.2688,300,539,240,1.0,NEAR_COMPLETE_LBD,,False,NR5A2,LRH-1,Nutritional sensors
6OR1,6OR1_1,1,6OR1.A,A,A,PASS,,O00482,"[""X-RAY DIFFRACTION""]",2.174,2.174,0.2387,0.2387,300,539,240,1.0,NEAR_COMPLETE_LBD,,False,NR5A2,LRH-1,Nutritional sensors
6OWC,6OWC_1,1,6OWC.B,B,B,PASS,,P03372,"[""X-RAY DIFFRACTION""]",1.85,1.85,0.22609,0.22609,311,547,237,1.0,NEAR_COMPLETE_LBD,,False,NR3A1,ERα,Steroid hormone receptors
6OWC,6OWC_1,1,6OWC.A,A,A,PASS,,P03372,"[""X-RAY DIFFRACTION""]",1.85,1.85,0.22609,0.22609,311,547,237,1.0,NEAR_COMPLETE_LBD,,False,NR3A1,ERα,Steroid hormone receptors
6P2B,6P2B_1,1,6P2B.B,B,B,PASS,,O75469,"[""X-RAY DIFFRACTION""]",2.3,2.3,0.2273,0.2273,146,433,288,1.0,NEAR_COMPLETE_LBD,,False,NR1I2,PXR,Nutritional sensors
6P2B,6P2B_1,1,6P2B.A,A,A,PASS,,O75469,"[""X-RAY DIFFRACTION""]",2.3,2.3,0.2273,0.2273,146,433,288,1.0,NEAR_COMPLETE_LBD,,False,NR1I2,PXR,Nutritional sensors
6P9F,6P9F_1,1,6P9F.B,B,B,PASS,,P51449,"[""X-RAY DIFFRACTION""]",2.8,2.8,0.223,0.223,269,508,240,1.0,NEAR_COMPLETE_LBD,,True,NR1F3,RORγ,Nutritional sensors
6P9F,6P9F_1,1,6P9F.A,A,A,PASS,,P51449,"[""X-RAY DIFFRACTION""]",2.8,2.8,0.223,0.223,269,508,240,1.0,NEAR_COMPLETE_LBD,,True,NR1F3,RORγ,Nutritional sensors
6PDZ,6PDZ_1,1,6PDZ.C,C,A,PASS,,P37231,"[""X-RAY DIFFRACTION""]",2.1,2.1,0.241,0.241,238,503,266,1.0,NEAR_COMPLETE_LBD,,False,NR1C3,PPARγ,Nutritional sensors
6PDZ,6PDZ_1,1,6PDZ.A,A,B,PASS,,P37231,"[""X-RAY DIFFRACTION""]",2.1,2.1,0.241,0.241,238,503,266,1.0,NEAR_COMPLETE_LBD,,False,NR1C3,PPARγ,Nutritional sensors
6PET,6PET_1,1,6PET.D,D,B,PASS,,P03372,"[""X-RAY DIFFRACTION""]",2.203,2.203,0.2323,0.2323,311,547,237,1.0,NEAR_COMPLETE_LBD,,False,NR3A1,ERα,Steroid hormone receptors
6PET,6PET_1,1,6PET.C,C,C,PASS,,P03372,"[""X-RAY DIFFRACTION""]",2.203,2.203,0.2323,0.2323,311,547,237,1.0,NEAR_COMPLETE_LBD,,False,NR3A1,ERα,Steroid hormone receptors
6PET,6PET_1,1,6PET.B,B,A,PASS,,P03372,"[""X-RAY DIFFRACTION""]",2.203,2.203,0.2323,0.2323,311,547,237,1.0,NEAR_COMPLETE_LBD,,False,NR3A1,ERα,Steroid hormone receptors
6PET,6PET_1,1,6PET.A,A,D,PASS,,P03372,"[""X-RAY DIFFRACTION""]",2.203,2.203,0.2323,0.2323,311,547,237,1.0,NEAR_COMPLETE_LBD,,False,NR3A1,ERα,Steroid hormone receptors
6PFM,6PFM_1,1,6PFM.B,B,A,PASS,,P03372,"[""X-RAY DIFFRACTION""]",2.84,2.84,0.2488,0.2488,311,547,237,1.0,NEAR_COMPLETE_LBD,,False,NR3A1,ERα,Steroid hormone receptors
6PFM,6PFM_1,1,6PFM.A,A,D,PASS,,P03372,"[""X-RAY DIFFRACTION""]",2.84,2.84,0.2488,0.2488,311,547,237,1.0,NEAR_COMPLETE_LBD,,False,NR3A1,ERα,Steroid hormone receptors
6PIT,6PIT_1,1,6PIT.A,A,A,PASS,,P03372,"[""X-RAY DIFFRACTION""]",2.25,2.25,0.247,0.247,311,547,237,1.0,NEAR_COMPLETE_LBD,,False,NR3A1,ERα,Steroid hormone receptors
6PIT,6PIT_2,2,6PIT.B,B,B,PASS,,P03372,"[""X-RAY DIFFRACTION""]",2.25,2.25,0.247,0.247,311,547,237,1.0,NEAR_COMPLETE_LBD,,False,NR3A1,ERα,Steroid hormone receptors
6PSJ,6PSJ_1,1,6PSJ.B,B,B,PASS,,P03372,"[""X-RAY DIFFRACTION""]",1.8,1.8,0.2146,0.2146,311,547,237,1.0,NEAR_COMPLETE_LBD,,False,NR3A1,ERα,Steroid hormone receptors
6PSJ,6PSJ_1,1,6PSJ.A,A,A,PASS,,P03372,"[""X-RAY DIFFRACTION""]",1.8,1.8,0.2146,0.2146,311,547,237,1.0,NEAR_COMPLETE_LBD,,False,NR3A1,ERα,Steroid hormone receptors
6Q2W,6Q2W_1,1,6Q2W.B,B,B,PASS,,P51449,"[""X-RAY DIFFRACTION""]",1.99,1.99,0.2324,0.2324,269,508,219,0.9125,SUBSTANTIAL_LBD,,False,NR1F3,RORγ,Nutritional sensors
6Q2W,6Q2W_1,1,6Q2W.A,A,A,PASS,,P51449,"[""X-RAY DIFFRACTION""]",1.99,1.99,0.2324,0.2324,269,508,219,0.9125,SUBSTANTIAL_LBD,,False,NR1F3,RORγ,Nutritional sensors
6Q6M,6Q6M_1,1,6Q6M.A,A,A,PASS,,P51449,"[""X-RAY DIFFRACTION""]",2.35,2.35,0.2708,0.2708,269,508,231,0.9625,NEAR_COMPLETE_LBD,,False,NR1F3,RORγ,Nutritional sensors
6Q6O,6Q6O_1,1,6Q6O.A,A,A,PASS,,P51449,"[""X-RAY DIFFRACTION""]",2.3,2.3,0.2431,0.2431,269,508,231,0.9625,NEAR_COMPLETE_LBD,,False,NR1F3,RORγ,Nutritional sensors
6Q7A,6Q7A_1,1,6Q7A.A,A,A,PASS,,P51449,"[""X-RAY DIFFRACTION""]",2.2,2.2,0.2509,0.2509,269,508,231,0.9625,NEAR_COMPLETE_LBD,,False,NR1F3,RORγ,Nutritional sensors
6Q7H,6Q7H_1,1,6Q7H.A,A,A,PASS,,P51449,"[""X-RAY DIFFRACTION""]",2.3,2.3,0.2491,0.2491,269,508,231,0.9625,NEAR_COMPLETE_LBD,,False,NR1F3,RORγ,Nutritional sensors
6QJ5,6QJ5_1,1,6QJ5.B,B,B,PASS,,P37231,"[""X-RAY DIFFRACTION""]",2.0,2.0,0.2762,0.2762,238,503,266,1.0,NEAR_COMPLETE_LBD,,False,NR1C3,PPARγ,Nutritional sensors
6QJ5,6QJ5_1,1,6QJ5.A,A,A,PASS,,P37231,"[""X-RAY DIFFRACTION""]",2.0,2.0,0.2762,0.2762,238,503,266,1.0,NEAR_COMPLETE_LBD,,False,NR1C3,PPARγ,Nutritional sensors
6R7A,6R7A_1,1,6R7A.A,A,A,PASS,,P51449,"[""X-RAY DIFFRACTION""]",2.13,2.13,0.237,0.237,269,508,239,0.995833,NEAR_COMPLETE_LBD,,False,NR1F3,RORγ,Nutritional sensors
6R7J,6R7J_1,1,6R7J.A,A,A,PASS,,P51449,"[""X-RAY DIFFRACTION""]",1.84,1.84,0.2492,0.2492,269,508,239,0.995833,NEAR_COMPLETE_LBD,,False,NR1F3,RORγ,Nutritional sensors
6R7K,6R7K_1,1,6R7K.A,A,A,PASS,,P51449,"[""X-RAY DIFFRACTION""]",1.54,1.54,0.2135,0.2135,269,508,239,0.995833,NEAR_COMPLETE_LBD,,False,NR1F3,RORγ,Nutritional sensors
6S41,6S41_1,1,6S41.B,B,B,PASS,,O75469,"[""X-RAY DIFFRACTION""]",2.7,2.7,0.25901,0.25901,146,433,288,1.0,NEAR_COMPLETE_LBD,,False,NR1I2,PXR,Nutritional sensors
6S41,6S41_1,1,6S41.A,A,A,PASS,,O75469,"[""X-RAY DIFFRACTION""]",2.7,2.7,0.25901,0.25901,146,433,288,1.0,NEAR_COMPLETE_LBD,,False,NR1I2,PXR,Nutritional sensors
6S4N,6S4N_1,1,6S4N.D,D,C,PASS,,P55055,"[""X-RAY DIFFRACTION""]",1.9,1.9,0.245,0.245,222,460,239,1.0,NEAR_COMPLETE_LBD,,False,NR1H2,LXRβ,Nutritional sensors
6S4N,6S4N_1,1,6S4N.C,C,B,PASS,,P55055,"[""X-RAY DIFFRACTION""]",1.9,1.9,0.245,0.245,222,460,239,1.0,NEAR_COMPLETE_LBD,,False,NR1H2,LXRβ,Nutritional sensors
6S4N,6S4N_1,1,6S4N.B,B,A,PASS,,P55055,"[""X-RAY DIFFRACTION""]",1.9,1.9,0.245,0.245,222,460,239,1.0,NEAR_COMPLETE_LBD,,False,NR1H2,LXRβ,Nutritional sensors
6S4N,6S4N_1,1,6S4N.A,A,D,PASS,,P55055,"[""X-RAY DIFFRACTION""]",1.9,1.9,0.245,0.245,222,460,239,1.0,NEAR_COMPLETE_LBD,,False,NR1H2,LXRβ,Nutritional sensors
6S4T,6S4T_1,1,6S4T.A,A,A,PASS,,P55055,"[""X-RAY DIFFRACTION""]",2.0,2.0,0.2381,0.2381,222,460,239,1.0,NEAR_COMPLETE_LBD,,False,NR1H2,LXRβ,Nutritional sensors
6S4U,6S4U_1,1,6S4U.C,C,C,PASS,,P55055,"[""X-RAY DIFFRACTION""]",2.81,2.81,0.2798,0.2798,222,460,239,1.0,NEAR_COMPLETE_LBD,,False,NR1H2,LXRβ,Nutritional sensors
6S4U,6S4U_1,1,6S4U.B,B,B,PASS,,P55055,"[""X-RAY DIFFRACTION""]",2.81,2.81,0.2798,0.2798,222,460,239,1.0,NEAR_COMPLETE_LBD,,False,NR1H2,LXRβ,Nutritional sensors
6S4U,6S4U_1,1,6S4U.A,A,A,PASS,,P55055,"[""X-RAY DIFFRACTION""]",2.81,2.81,0.2798,0.2798,222,460,239,1.0,NEAR_COMPLETE_LBD,,False,NR1H2,LXRβ,Nutritional sensors
6S5K,6S5K_1,1,6S5K.A,A,A,PASS,,P55055,"[""X-RAY DIFFRACTION""]",1.6,1.6,0.2142,0.2142,222,460,239,1.0,NEAR_COMPLETE_LBD,,False,NR1H2,LXRβ,Nutritional sensors
6SAL,6SAL_1,1,6SAL.A,A,A,PASS,,P51449,"[""X-RAY DIFFRACTION""]",1.61,1.61,0.2027,0.2027,269,508,239,0.995833,NEAR_COMPLETE_LBD,,False,NR1F3,RORγ,Nutritional sensors
6SBO,6SBO_1,1,6SBO.B,B,B,PASS,,P03372,"[""X-RAY DIFFRACTION""]",1.48,1.48,0.212,0.212,311,547,237,1.0,NEAR_COMPLETE_LBD,,False,NR3A1,ERα,Steroid hormone receptors
6SBO,6SBO_1,1,6SBO.A,A,A,PASS,,P03372,"[""X-RAY DIFFRACTION""]",1.48,1.48,0.212,0.212,311,547,237,1.0,NEAR_COMPLETE_LBD,,False,NR3A1,ERα,Steroid hormone receptors
6SJM,6SJM_1,1,6SJM.A,A,A,PASS,,P19793,"[""X-RAY DIFFRACTION""]",2.52,2.52,0.247,0.247,227,458,228,0.982759,NEAR_COMPLETE_LBD,,False,NR2B1,RXRα,Nutritional sensors
6SLZ,6SLZ_1,1,6SLZ.B,B,B,PASS,,P51449,"[""X-RAY DIFFRACTION""]",2.2,2.2,0.278,0.278,269,508,239,0.995833,NEAR_COMPLETE_LBD,,False,NR1F3,RORγ,Nutritional sensors
6SLZ,6SLZ_1,1,6SLZ.A,A,A,PASS,,P51449,"[""X-RAY DIFFRACTION""]",2.2,2.2,0.278,0.278,269,508,239,0.995833,NEAR_COMPLETE_LBD,,False,NR1F3,RORγ,Nutritional sensors
6SQ0,6SQ0_1,1,6SQ0.B,B,B,PASS,,P03372,"[""X-RAY DIFFRACTION""]",1.77,1.77,0.198,0.198,311,547,237,1.0,NEAR_COMPLETE_LBD,,False,NR3A1,ERα,Steroid hormone receptors
6SQ0,6SQ0_1,1,6SQ0.A,A,A,PASS,,P03372,"[""X-RAY DIFFRACTION""]",1.77,1.77,0.198,0.198,311,547,237,1.0,NEAR_COMPLETE_LBD,,False,NR3A1,ERα,Steroid hormone receptors
6SSQ,6SSQ_1,1,6SSQ.B,B,B,PASS,,P10826,"[""X-RAY DIFFRACTION""]",2.3,2.3,0.2081,0.2081,183,417,235,1.0,NEAR_COMPLETE_LBD,,False,NR1B2,RARβ,Steroid hormone receptors
6SSQ,6SSQ_1,1,6SSQ.A,A,A,PASS,,P10826,"[""X-RAY DIFFRACTION""]",2.3,2.3,0.2081,0.2081,183,417,235,1.0,NEAR_COMPLETE_LBD,,False,NR1B2,RARβ,Steroid hormone receptors
6STI,6STI_1,1,6STI.A,A,A,PASS,,P19793,"[""X-RAY DIFFRACTION""]",1.892,1.892,0.1718,0.1718,227,458,232,1.0,NEAR_COMPLETE_LBD,,False,NR2B1,RXRα,Nutritional sensors
6SUO,6SUO_1,1,6SUO.B,B,B,PASS,,P03372,"[""X-RAY DIFFRACTION""]",1.74,1.74,0.244,0.244,311,547,237,1.0,NEAR_COMPLETE_LBD,,False,NR3A1,ERα,Steroid hormone receptors
6SUO,6SUO_1,1,6SUO.A,A,A,PASS,,P03372,"[""X-RAY DIFFRACTION""]",1.74,1.74,0.244,0.244,311,547,237,1.0,NEAR_COMPLETE_LBD,,False,NR3A1,ERα,Steroid hormone receptors
6T1S,6T1S_1,1,6T1S.A,A,A,PASS,,P37231,"[""X-RAY DIFFRACTION""]",1.65,1.65,0.2044,0.2044,238,503,266,1.0,NEAR_COMPLETE_LBD,,False,NR1C3,PPARγ,Nutritional sensors
6T1V,6T1V_1,1,6T1V.A,A,A,PASS,,P37231,"[""X-RAY DIFFRACTION""]",2.21,2.21,0.1955,0.1955,238,503,266,1.0,NEAR_COMPLETE_LBD,,False,NR1C3,PPARγ,Nutritional sensors
6T4G,6T4G_1,1,6T4G.A,A,A,PASS,,P51449,"[""X-RAY DIFFRACTION""]",1.93,1.93,0.2131,0.2131,269,508,239,0.995833,NEAR_COMPLETE_LBD,,False,NR1F3,RORγ,Nutritional sensors
6T4I,6T4I_1,1,6T4I.A,A,A,PASS,,P51449,"[""X-RAY DIFFRACTION""]",1.84,1.84,0.215,0.215,269,508,239,0.995833,NEAR_COMPLETE_LBD,,False,NR1F3,RORγ,Nutritional sensors
6T4J,6T4J_1,1,6T4J.A,A,A,PASS,,P51449,"[""X-RAY DIFFRACTION""]",1.79,1.79,0.1967,0.1967,269,508,239,0.995833,NEAR_COMPLETE_LBD,,False,NR1F3,RORγ,Nutritional sensors
6T4K,6T4K_1,1,6T4K.A,A,A,PASS,,P51449,"[""X-RAY DIFFRACTION""]",1.89,1.89,0.2049,0.2049,269,508,239,0.995833,NEAR_COMPLETE_LBD,,False,NR1F3,RORγ,Nutritional sensors
6T4T,6T4T_1,1,6T4T.A,A,A,PASS,,P51449,"[""X-RAY DIFFRACTION""]",1.62,1.62,0.1738,0.1738,269,508,239,0.995833,NEAR_COMPLETE_LBD,,False,NR1F3,RORγ,Nutritional sensors
6T4U,6T4U_1,1,6T4U.A,A,A,PASS,,P51449,"[""X-RAY DIFFRACTION""]",2.0,2.0,0.2281,0.2281,269,508,239,0.995833,NEAR_COMPLETE_LBD,,False,NR1F3,RORγ,Nutritional sensors
6T4W,6T4W_1,1,6T4W.A,A,A,PASS,,P51449,"[""X-RAY DIFFRACTION""]",1.71,1.71,0.20003,0.20003,269,508,239,0.995833,NEAR_COMPLETE_LBD,,False,NR1F3,RORγ,Nutritional sensors
6T4X,6T4X_1,1,6T4X.A,A,A,PASS,,P51449,"[""X-RAY DIFFRACTION""]",1.48,1.48,0.1852,0.1852,269,508,239,0.995833,NEAR_COMPLETE_LBD,,False,NR1F3,RORγ,Nutritional sensors
6T4Y,6T4Y_1,1,6T4Y.A,A,A,PASS,,P51449,"[""X-RAY DIFFRACTION""]",1.95,1.95,0.2151,0.2151,269,508,239,0.995833,NEAR_COMPLETE_LBD,,False,NR1F3,RORγ,Nutritional sensors
6T50,6T50_1,1,6T50.A,A,A,PASS,,P51449,"[""X-RAY DIFFRACTION""]",1.87,1.87,0.21,0.21,269,508,239,0.995833,NEAR_COMPLETE_LBD,,False,NR1F3,RORγ,Nutritional sensors
6T6B,6T6B_1,1,6T6B.A,A,A,PASS,,P37231,"[""X-RAY DIFFRACTION""]",2.8,2.8,0.2714,0.2714,238,503,266,1.0,NEAR_COMPLETE_LBD,,False,NR1C3,PPARγ,Nutritional sensors
6T9C,6T9C_1,1,6T9C.B,B,B,PASS,,P37231,"[""X-RAY DIFFRACTION""]",1.95,1.95,0.2616,0.2616,238,503,266,1.0,NEAR_COMPLETE_LBD,,False,NR1C3,PPARγ,Nutritional sensors
6T9C,6T9C_1,1,6T9C.A,A,A,PASS,,P37231,"[""X-RAY DIFFRACTION""]",1.95,1.95,0.2616,0.2616,238,503,266,1.0,NEAR_COMPLETE_LBD,,False,NR1C3,PPARγ,Nutritional sensors
6TDC,6TDC_1,1,6TDC.A,A,A,PASS,,P37231,"[""X-RAY DIFFRACTION""]",2.328,2.328,0.2387,0.2387,238,503,266,1.0,NEAR_COMPLETE_LBD,,False,NR1C3,PPARγ,Nutritional sensors
6TFI,6TFI_1,1,6TFI.B,B,B,PASS,,O75469,"[""X-RAY DIFFRACTION""]",1.85,1.85,0.19932,0.19932,146,433,288,1.0,NEAR_COMPLETE_LBD,,True,NR1I2,PXR,Nutritional sensors
6TFI,6TFI_1,1,6TFI.A,A,A,PASS,,O75469,"[""X-RAY DIFFRACTION""]",1.85,1.85,0.19932,0.19932,146,433,288,1.0,NEAR_COMPLETE_LBD,,True,NR1I2,PXR,Nutritional sensors
6TJM,6TJM_2,2,6TJM.B,B,B,PASS,,P03372,"[""X-RAY DIFFRACTION""]",1.85,1.85,0.218,0.218,311,547,0,0.0,NO_LBD_OVERLAP,,False,NR3A1,ERα,Steroid hormone receptors
6TL3,6TL3_2,2,6TL3.B,B,B,PASS,,P03372,"[""X-RAY DIFFRACTION""]",2.455,2.455,0.2592,0.2592,311,547,0,0.0,NO_LBD_OVERLAP,,False,NR3A1,ERα,Steroid hormone receptors
6TLM,6TLM_1,1,6TLM.A,A,A,PASS,,P51449,"[""X-RAY DIFFRACTION""]",2.321,2.321,0.252,0.252,269,508,239,0.995833,NEAR_COMPLETE_LBD,,False,NR1F3,RORγ,Nutritional sensors
6TLQ,6TLQ_1,1,6TLQ.A,A,A,PASS,,P51449,"[""X-RAY DIFFRACTION""]",1.761,1.761,0.2116,0.2116,269,508,239,0.995833,NEAR_COMPLETE_LBD,,False,NR1F3,RORγ,Nutritional sensors
6TLT,6TLT_1,1,6TLT.A,A,A,PASS,,P51449,"[""X-RAY DIFFRACTION""]",2.11,2.11,0.235,0.235,269,508,239,0.995833,NEAR_COMPLETE_LBD,,False,NR1F3,RORγ,Nutritional sensors
6TSG,6TSG_1,1,6TSG.A,A,A,PASS,,P37231,"[""X-RAY DIFFRACTION""]",2.98,2.98,0.2924,0.2924,238,503,266,1.0,NEAR_COMPLETE_LBD,,False,NR1C3,PPARγ,Nutritional sensors
6U25,6U25_1,1,6U25.A,A,A,PASS,,P51449,"[""X-RAY DIFFRACTION""]",2.61,2.61,0.247,0.247,269,508,240,1.0,NEAR_COMPLETE_LBD,,True,NR1F3,RORγ,Nutritional sensors
6UCG,6UCG_1,1,6UCG.A,A,A,PASS,,P51449,"[""X-RAY DIFFRACTION""]",2.87,2.87,0.2604,0.2604,269,508,239,0.995833,NEAR_COMPLETE_LBD,,False,NR1F3,RORγ,Nutritional sensors
6V87,6V87_1,1,6V87.B,B,B,PASS,,P03372,"[""X-RAY DIFFRACTION""]",2.4,2.4,0.2714,0.2714,311,547,237,1.0,NEAR_COMPLETE_LBD,,False,NR3A1,ERα,Steroid hormone receptors
6V87,6V87_1,1,6V87.A,A,A,PASS,,P03372,"[""X-RAY DIFFRACTION""]",2.4,2.4,0.2714,0.2714,311,547,237,1.0,NEAR_COMPLETE_LBD,,False,NR3A1,ERα,Steroid hormone receptors
6V8T,6V8T_1,1,6V8T.B,B,B,PASS,,P03372,"[""X-RAY DIFFRACTION""]",2.1,2.1,0.256,0.256,311,547,237,1.0,NEAR_COMPLETE_LBD,,False,NR3A1,ERα,Steroid hormone receptors
6V8T,6V8T_1,1,6V8T.A,A,A,PASS,,P03372,"[""X-RAY DIFFRACTION""]",2.1,2.1,0.256,0.256,311,547,237,1.0,NEAR_COMPLETE_LBD,,False,NR3A1,ERα,Steroid hormone receptors
6VC2,6VC2_1,1,6VC2.A,A,A,PASS,,O00482,"[""X-RAY DIFFRACTION""]",1.697,1.697,0.2284,0.2284,300,539,240,1.0,NEAR_COMPLETE_LBD,,False,NR5A2,LRH-1,Nutritional sensors
6VGH,6VGH_1,1,6VGH.B,B,B,PASS,,P03372,"[""X-RAY DIFFRACTION""]",2.1,2.1,0.274,0.274,311,547,237,1.0,NEAR_COMPLETE_LBD,,False,NR3A1,ERα,Steroid hormone receptors
6VGH,6VGH_1,1,6VGH.A,A,A,PASS,,P03372,"[""X-RAY DIFFRACTION""]",2.1,2.1,0.274,0.274,311,547,237,1.0,NEAR_COMPLETE_LBD,,False,NR3A1,ERα,Steroid hormone receptors
6VIF,6VIF_1,1,6VIF.A,A,A,PASS,,O00482,"[""X-RAY DIFFRACTION""]",2.26,2.26,0.2836,0.2836,300,539,240,1.0,NEAR_COMPLETE_LBD,,False,NR5A2,LRH-1,Nutritional sensors
6VJD,6VJD_1,1,6VJD.D,D,D,PASS,,P03372,"[""X-RAY DIFFRACTION""]",1.8,1.8,0.2259,0.2259,311,547,237,1.0,NEAR_COMPLETE_LBD,,False,NR3A1,ERα,Steroid hormone receptors
6VJD,6VJD_1,1,6VJD.C,C,C,PASS,,P03372,"[""X-RAY DIFFRACTION""]",1.8,1.8,0.2259,0.2259,311,547,237,1.0,NEAR_COMPLETE_LBD,,False,NR3A1,ERα,Steroid hormone receptors
6VJD,6VJD_1,1,6VJD.B,B,B,PASS,,P03372,"[""X-RAY DIFFRACTION""]",1.8,1.8,0.2259,0.2259,311,547,237,1.0,NEAR_COMPLETE_LBD,,False,NR3A1,ERα,Steroid hormone receptors
6VJD,6VJD_1,1,6VJD.A,A,A,PASS,,P03372,"[""X-RAY DIFFRACTION""]",1.8,1.8,0.2259,0.2259,311,547,237,1.0,NEAR_COMPLETE_LBD,,False,NR3A1,ERα,Steroid hormone receptors
6VPF,6VPF_1,1,6VPF.D,D,D,PASS,,P03372,"[""X-RAY DIFFRACTION""]",1.6,1.6,0.2344,0.2344,311,547,237,1.0,NEAR_COMPLETE_LBD,,False,NR3A1,ERα,Steroid hormone receptors
6VPF,6VPF_1,1,6VPF.C,C,C,PASS,,P03372,"[""X-RAY DIFFRACTION""]",1.6,1.6,0.2344,0.2344,311,547,237,1.0,NEAR_COMPLETE_LBD,,False,NR3A1,ERα,Steroid hormone receptors
6VPF,6VPF_1,1,6VPF.B,B,A,PASS,,P03372,"[""X-RAY DIFFRACTION""]",1.6,1.6,0.2344,0.2344,311,547,237,1.0,NEAR_COMPLETE_LBD,,False,NR3A1,ERα,Steroid hormone receptors
6VPF,6VPF_1,1,6VPF.A,A,B,PASS,,P03372,"[""X-RAY DIFFRACTION""]",1.6,1.6,0.2344,0.2344,311,547,237,1.0,NEAR_COMPLETE_LBD,,False,NR3A1,ERα,Steroid hormone receptors
6VQF,6VQF_1,1,6VQF.A,A,A,PASS,,P51449,"[""X-RAY DIFFRACTION""]",2.0,2.0,0.241,0.241,269,508,240,1.0,NEAR_COMPLETE_LBD,,False,NR1F3,RORγ,Nutritional sensors
6VSW,6VSW_1,1,6VSW.B,B,B,PASS,,P51449,"[""X-RAY DIFFRACTION""]",3.202,3.202,0.2313,0.2313,269,508,224,0.933333,SUBSTANTIAL_LBD,,False,NR1F3,RORγ,Nutritional sensors
6VSW,6VSW_1,1,6VSW.A,A,A,PASS,,P51449,"[""X-RAY DIFFRACTION""]",3.202,3.202,0.2313,0.2313,269,508,224,0.933333,SUBSTANTIAL_LBD,,False,NR1F3,RORγ,Nutritional sensors
6VZL,6VZL_1,1,6VZL.B,B,B,PASS,,P37231,"[""X-RAY DIFFRACTION""]",2.07,2.07,0.2886,0.2886,238,503,266,1.0,NEAR_COMPLETE_LBD,,False,NR1C3,PPARγ,Nutritional sensors
6VZL,6VZL_1,1,6VZL.A,A,A,PASS,,P37231,"[""X-RAY DIFFRACTION""]",2.07,2.07,0.2886,0.2886,238,503,266,1.0,NEAR_COMPLETE_LBD,,False,NR1C3,PPARγ,Nutritional sensors
6VZM,6VZM_1,1,6VZM.B,B,B,PASS,,P37231,"[""X-RAY DIFFRACTION""]",2.4,2.4,0.2782,0.2782,238,503,266,1.0,NEAR_COMPLETE_LBD,,False,NR1C3,PPARγ,Nutritional sensors
6VZM,6VZM_1,1,6VZM.A,A,A,PASS,,P37231,"[""X-RAY DIFFRACTION""]",2.4,2.4,0.2782,0.2782,238,503,266,1.0,NEAR_COMPLETE_LBD,,False,NR1C3,PPARγ,Nutritional sensors
6VZN,6VZN_1,1,6VZN.B,B,B,PASS,,P37231,"[""X-RAY DIFFRACTION""]",2.3,2.3,0.2784,0.2784,238,503,266,1.0,NEAR_COMPLETE_LBD,,False,NR1C3,PPARγ,Nutritional sensors
6VZN,6VZN_1,1,6VZN.A,A,A,PASS,,P37231,"[""X-RAY DIFFRACTION""]",2.3,2.3,0.2784,0.2784,238,503,266,1.0,NEAR_COMPLETE_LBD,,False,NR1C3,PPARγ,Nutritional sensors
6VZO,6VZO_1,1,6VZO.B,B,B,PASS,,P37231,"[""X-RAY DIFFRACTION""]",2.27,2.27,0.2706,0.2706,238,503,266,1.0,NEAR_COMPLETE_LBD,,False,NR1C3,PPARγ,Nutritional sensors
6VZO,6VZO_1,1,6VZO.A,A,A,PASS,,P37231,"[""X-RAY DIFFRACTION""]",2.27,2.27,0.2706,0.2706,238,503,266,1.0,NEAR_COMPLETE_LBD,,False,NR1C3,PPARγ,Nutritional sensors
6W9H,6W9H_1,1,6W9H.A,A,A,PASS,,P51449,"[""X-RAY DIFFRACTION""]",1.995,1.995,0.2579,0.2579,269,508,240,1.0,NEAR_COMPLETE_LBD,,True,NR1F3,RORγ,Nutritional sensors
6W9I,6W9I_1,1,6W9I.A,A,A,PASS,,P51449,"[""X-RAY DIFFRACTION""]",1.608,1.608,0.2355,0.2355,269,508,240,1.0,NEAR_COMPLETE_LBD,,True,NR1F3,RORγ,Nutritional sensors
6W9M,6W9M_2,2,6W9M.B,B,B,PASS,,Q15466,"[""X-RAY DIFFRACTION""]",1.59,1.59,0.2197,0.2197,16,257,11,0.045455,TRACE_LBD,,False,NR0B2,SHP,Orphan receptors
6WMQ,6WMQ_1,1,6WMQ.B,B,B,PASS,,Q14995,"[""X-RAY DIFFRACTION""]",2.55,2.55,0.2704,0.2704,369,579,199,0.943128,SUBSTANTIAL_LBD,,False,NR1D2,Rev-erbβ,Nutritional sensors
6WMQ,6WMQ_1,1,6WMQ.A,A,A,PASS,,Q14995,"[""X-RAY DIFFRACTION""]",2.55,2.55,0.2704,0.2704,369,579,199,0.943128,SUBSTANTIAL_LBD,,False,NR1D2,Rev-erbβ,Nutritional sensors
6WMS,6WMS_1,1,6WMS.B,B,B,PASS,,Q14995,"[""X-RAY DIFFRACTION""]",2.0,2.0,0.2395,0.2395,369,579,199,0.943128,SUBSTANTIAL_LBD,,False,NR1D2,Rev-erbβ,Nutritional sensors
6WMS,6WMS_1,1,6WMS.A,A,A,PASS,,Q14995,"[""X-RAY DIFFRACTION""]",2.0,2.0,0.2395,0.2395,369,579,199,0.943128,SUBSTANTIAL_LBD,,False,NR1D2,Rev-erbβ,Nutritional sensors
6WOK,6WOK_1,1,6WOK.D,D,B,PASS,,P03372,"[""X-RAY DIFFRACTION""]",2.309,2.309,0.2503,0.2503,311,547,237,1.0,NEAR_COMPLETE_LBD,,False,NR3A1,ERα,Steroid hormone receptors
6WOK,6WOK_1,1,6WOK.C,C,C,PASS,,P03372,"[""X-RAY DIFFRACTION""]",2.309,2.309,0.2503,0.2503,311,547,237,1.0,NEAR_COMPLETE_LBD,,False,NR3A1,ERα,Steroid hormone receptors
6WOK,6WOK_1,1,6WOK.B,B,A,PASS,,P03372,"[""X-RAY DIFFRACTION""]",2.309,2.309,0.2503,0.2503,311,547,237,1.0,NEAR_COMPLETE_LBD,,False,NR3A1,ERα,Steroid hormone receptors
6WOK,6WOK_1,1,6WOK.A,A,D,PASS,,P03372,"[""X-RAY DIFFRACTION""]",2.309,2.309,0.2503,0.2503,311,547,237,1.0,NEAR_COMPLETE_LBD,,False,NR3A1,ERα,Steroid hormone receptors
6X6D,6X6D_1,1,6X6D.B,B,B,PASS,,P04150,"[""X-RAY DIFFRACTION""]",2.48,2.48,0.2113,0.2113,524,758,0,0.0,NO_LBD_OVERLAP,,False,NR3C1,GR,Steroid hormone receptors
6X6D,6X6D_1,1,6X6D.A,A,A,PASS,,P04150,"[""X-RAY DIFFRACTION""]",2.48,2.48,0.2113,0.2113,524,758,0,0.0,NO_LBD_OVERLAP,,False,NR3C1,GR,Steroid hormone receptors
6X6E,6X6E_1,1,6X6E.B,B,B,PASS,,P04150,"[""X-RAY DIFFRACTION""]",2.0,2.0,0.2122,0.2122,524,758,0,0.0,NO_LBD_OVERLAP,,False,NR3C1,GR,Steroid hormone receptors
6X6E,6X6E_1,1,6X6E.A,A,A,PASS,,P04150,"[""X-RAY DIFFRACTION""]",2.0,2.0,0.2122,0.2122,524,758,0,0.0,NO_LBD_OVERLAP,,False,NR3C1,GR,Steroid hormone receptors
6XAE,6XAE_1,1,6XAE.A,A,A,PASS,,P51449,"[""X-RAY DIFFRACTION""]",2.257,2.257,0.265,0.265,269,508,240,1.0,NEAR_COMPLETE_LBD,,False,NR1F3,RORγ,Nutritional sensors
6XFV,6XFV_1,1,6XFV.B,B,B,PASS,,P51449,"[""X-RAY DIFFRACTION""]",2.15,2.15,0.277,0.277,269,508,240,1.0,NEAR_COMPLETE_LBD,,False,NR1F3,RORγ,Nutritional sensors
6XFV,6XFV_1,1,6XFV.A,A,A,PASS,,P51449,"[""X-RAY DIFFRACTION""]",2.15,2.15,0.277,0.277,269,508,240,1.0,NEAR_COMPLETE_LBD,,False,NR1F3,RORγ,Nutritional sensors
6XP9,6XP9_1,1,6XP9.B,B,B,PASS,,O75469,"[""X-RAY DIFFRACTION""]",2.27,2.27,0.2199,0.2199,146,433,288,1.0,NEAR_COMPLETE_LBD,,True,NR1I2,PXR,Nutritional sensors
6XP9,6XP9_1,1,6XP9.A,A,A,PASS,,O75469,"[""X-RAY DIFFRACTION""]",2.27,2.27,0.2199,0.2199,146,433,288,1.0,NEAR_COMPLETE_LBD,,True,NR1I2,PXR,Nutritional sensors
6XWG,6XWG_3,3,6XWG.C,C,C,PASS,,P19793,"[""X-RAY DIFFRACTION""]",2.4,2.4,0.207,0.207,227,458,0,0.0,NO_LBD_OVERLAP,,False,NR2B1,RXRα,Nutritional sensors
6XWG,6XWG_4,4,6XWG.D,D,D,PASS,,P10276,"[""X-RAY DIFFRACTION""]",2.4,2.4,0.207,0.207,183,417,0,0.0,NO_LBD_OVERLAP,,False,NR1B1,RARα,Steroid hormone receptors
6XWH,6XWH_3,3,6XWH.D,D,D,PASS,,P19793,"[""X-RAY DIFFRACTION""]",2.1,2.1,0.224,0.224,227,458,0,0.0,NO_LBD_OVERLAP,,False,NR2B1,RXRα,Nutritional sensors
6XWH,6XWH_3,3,6XWH.C,C,C,PASS,,P19793,"[""X-RAY DIFFRACTION""]",2.1,2.1,0.224,0.224,227,458,0,0.0,NO_LBD_OVERLAP,,False,NR2B1,RXRα,Nutritional sensors
6XXC,6XXC_2,2,6XXC.B,B,B,PASS,,P62508,"[""X-RAY DIFFRACTION""]",1.3,1.3,0.1807,0.1807,233,457,0,0.0,NO_LBD_OVERLAP,,False,NR3B3,ERRγ,Nutritional sensors
6XY5,6XY5_2,2,6XY5.B,B,B,PASS,,P62508,"[""X-RAY DIFFRACTION""]",1.3,1.3,0.1775,0.1775,233,457,0,0.0,NO_LBD_OVERLAP,,False,NR3B3,ERRγ,Nutritional sensors
6Y18,6Y18_2,2,6Y18.B,B,B,PASS,,P62508,"[""X-RAY DIFFRACTION""]",1.3,1.3,0.182,0.182,233,457,0,0.0,NO_LBD_OVERLAP,,False,NR3B3,ERRγ,Nutritional sensors
6Y1D,6Y1D_2,2,6Y1D.B,B,B,PASS,,P62508,"[""X-RAY DIFFRACTION""]",1.38,1.38,0.1873,0.1873,233,457,0,0.0,NO_LBD_OVERLAP,,False,NR3B3,ERRγ,Nutritional sensors
6Y3U,6Y3U_1,1,6Y3U.A,A,A,PASS,,P37231,"[""X-RAY DIFFRACTION""]",2.62,2.62,0.2536,0.2536,238,503,266,1.0,NEAR_COMPLETE_LBD,,False,NR1C3,PPARγ,Nutritional sensors
6Y3W,6Y3W_2,2,6Y3W.B,B,B,PASS,,P62508,"[""X-RAY DIFFRACTION""]",1.34,1.34,0.1866,0.1866,233,457,0,0.0,NO_LBD_OVERLAP,,False,NR3B3,ERRγ,Nutritional sensors
6Y58,6Y58_2,2,6Y58.B,B,P,PASS,,P62508,"[""X-RAY DIFFRACTION""]",1.904,1.904,0.2088,0.2088,233,457,8,0.035556,TRACE_LBD,,False,NR3B3,ERRγ,Nutritional sensors
6YMO,6YMO_2,2,6YMO.D,D,D,PASS,,P04150,"[""X-RAY DIFFRACTION""]",2.02,2.02,0.234,0.234,524,758,13,0.055319,TRACE_LBD,,False,NR3C1,GR,Steroid hormone receptors
6YMO,6YMO_2,2,6YMO.C,C,C,PASS,,P04150,"[""X-RAY DIFFRACTION""]",2.02,2.02,0.234,0.234,524,758,13,0.055319,TRACE_LBD,,False,NR3C1,GR,Steroid hormone receptors
6YO8,6YO8_2,2,6YO8.H,H,H,PASS,,P04150,"[""X-RAY DIFFRACTION""]",2.09,2.09,0.238,0.238,524,758,7,0.029787,TRACE_LBD,,False,NR3C1,GR,Steroid hormone receptors
6YO8,6YO8_2,2,6YO8.G,G,G,PASS,,P04150,"[""X-RAY DIFFRACTION""]",2.09,2.09,0.238,0.238,524,758,7,0.029787,TRACE_LBD,,False,NR3C1,GR,Steroid hormone receptors
6YO8,6YO8_2,2,6YO8.F,F,F,PASS,,P04150,"[""X-RAY DIFFRACTION""]",2.09,2.09,0.238,0.238,524,758,7,0.029787,TRACE_LBD,,False,NR3C1,GR,Steroid hormone receptors
6YO8,6YO8_2,2,6YO8.E,E,E,PASS,,P04150,"[""X-RAY DIFFRACTION""]",2.09,2.09,0.238,0.238,524,758,7,0.029787,TRACE_LBD,,False,NR3C1,GR,Steroid hormone receptors
6YOS,6YOS_2,2,6YOS.C,C,C,PASS,,P04150,"[""X-RAY DIFFRACTION""]",2.75,2.75,0.261,0.261,524,758,20,0.085106,TRACE_LBD,,False,NR3C1,GR,Steroid hormone receptors
6ZLY,6ZLY_1,1,6ZLY.B,B,B,PASS,,P37231,"[""X-RAY DIFFRACTION""]",1.79,1.79,0.2804,0.2804,238,503,266,1.0,NEAR_COMPLETE_LBD,,False,NR1C3,PPARγ,Nutritional sensors
6ZLY,6ZLY_1,1,6ZLY.A,A,A,PASS,,P37231,"[""X-RAY DIFFRACTION""]",1.79,1.79,0.2804,0.2804,238,503,266,1.0,NEAR_COMPLETE_LBD,,False,NR1C3,PPARγ,Nutritional sensors
6ZOQ,6ZOQ_1,1,6ZOQ.B,B,B,PASS,,P03372,"[""X-RAY DIFFRACTION""]",1.8,1.8,0.232,0.232,311,547,237,1.0,NEAR_COMPLETE_LBD,,False,NR3A1,ERα,Steroid hormone receptors
6ZOQ,6ZOQ_1,1,6ZOQ.A,A,A,PASS,,P03372,"[""X-RAY DIFFRACTION""]",1.8,1.8,0.232,0.232,311,547,237,1.0,NEAR_COMPLETE_LBD,,False,NR3A1,ERα,Steroid hormone receptors
6ZOR,6ZOR_1,1,6ZOR.B,B,B,PASS,,P03372,"[""X-RAY DIFFRACTION""]",1.97,1.97,0.229,0.229,311,547,237,1.0,NEAR_COMPLETE_LBD,,False,NR3A1,ERα,Steroid hormone receptors
6ZOR,6ZOR_1,1,6ZOR.A,A,A,PASS,,P03372,"[""X-RAY DIFFRACTION""]",1.97,1.97,0.229,0.229,311,547,237,1.0,NEAR_COMPLETE_LBD,,False,NR3A1,ERα,Steroid hormone receptors
6ZOS,6ZOS_1,1,6ZOS.B,B,B,PASS,,P03372,"[""X-RAY DIFFRACTION""]",2.0,2.0,0.242,0.242,311,547,237,1.0,NEAR_COMPLETE_LBD,,False,NR3A1,ERα,Steroid hormone receptors
6ZOS,6ZOS_1,1,6ZOS.A,A,A,PASS,,P03372,"[""X-RAY DIFFRACTION""]",2.0,2.0,0.242,0.242,311,547,237,1.0,NEAR_COMPLETE_LBD,,False,NR3A1,ERα,Steroid hormone receptors
7A77,7A77_1,1,7A77.A,A,A,PASS,,P19793,"[""X-RAY DIFFRACTION""]",1.5,1.5,0.1799,0.1799,227,458,232,1.0,NEAR_COMPLETE_LBD,,False,NR2B1,RXRα,Nutritional sensors
7A78,7A78_1,1,7A78.A,A,A,PASS,,P28702,"[""X-RAY DIFFRACTION""]",1.72,1.72,0.2037,0.2037,296,529,232,0.991453,NEAR_COMPLETE_LBD,,False,NR2B2,RXRβ,Nutritional sensors
7A79,7A79_1,1,7A79.B,B,B,PASS,,P48443,"[""X-RAY DIFFRACTION""]",2.05,2.05,0.2483,0.2483,231,459,227,0.991266,NEAR_COMPLETE_LBD,,False,NR2B3,RXRγ,Nutritional sensors
7A79,7A79_1,1,7A79.A,A,A,PASS,,P48443,"[""X-RAY DIFFRACTION""]",2.05,2.05,0.2483,0.2483,231,459,227,0.991266,NEAR_COMPLETE_LBD,,False,NR2B3,RXRγ,Nutritional sensors
7A7H,7A7H_1,1,7A7H.A,A,A,PASS,,P37231,"[""X-RAY DIFFRACTION""]",2.4,2.4,0.2553,0.2553,238,503,266,1.0,NEAR_COMPLETE_LBD,,False,NR1C3,PPARγ,Nutritional sensors
7AHJ,7AHJ_1,1,7AHJ.B,B,B,PASS,,P37231,"[""X-RAY DIFFRACTION""]",2.1,2.1,0.2366,0.2366,238,503,266,1.0,NEAR_COMPLETE_LBD,,False,NR1C3,PPARγ,Nutritional sensors
7AHJ,7AHJ_1,1,7AHJ.A,A,A,PASS,,P37231,"[""X-RAY DIFFRACTION""]",2.1,2.1,0.2366,0.2366,238,503,266,1.0,NEAR_COMPLETE_LBD,,False,NR1C3,PPARγ,Nutritional sensors
7AOS,7AOS_2,2,7AOS.B,B,B,PASS,,P10276,"[""X-RAY DIFFRACTION""]",2.55,2.55,0.2623,0.2623,183,417,235,1.0,NEAR_COMPLETE_LBD,,False,NR1B1,RARα,Steroid hormone receptors
7APO,7APO_1,1,7APO.B,B,B,PASS,,P10276,"[""X-RAY DIFFRACTION""]",2.4,2.4,0.2407,0.2407,183,417,235,1.0,NEAR_COMPLETE_LBD,,False,NR1B1,RARα,Steroid hormone receptors
7APO,7APO_1,1,7APO.A,A,A,PASS,,P10276,"[""X-RAY DIFFRACTION""]",2.4,2.4,0.2407,0.2407,183,417,235,1.0,NEAR_COMPLETE_LBD,,False,NR1B1,RARα,Steroid hormone receptors
7AWC,7AWC_1,1,7AWC.A,A,A,PASS,,P37231,"[""X-RAY DIFFRACTION""]",1.74,1.74,0.2041,0.2041,238,503,266,1.0,NEAR_COMPLETE_LBD,,False,NR1C3,PPARγ,Nutritional sensors
7AWD,7AWD_1,1,7AWD.A,A,A,PASS,,P37231,"[""X-RAY DIFFRACTION""]",1.93,1.93,0.2302,0.2302,238,503,266,1.0,NEAR_COMPLETE_LBD,,False,NR1C3,PPARγ,Nutritional sensors
7AX8,7AX8_1,1,7AX8.A,A,A,PASS,,O75469,"[""X-RAY DIFFRACTION""]",2.15,2.15,0.2243,0.2243,146,433,288,1.0,NEAR_COMPLETE_LBD,,False,NR1I2,PXR,Nutritional sensors
7AX9,7AX9_1,1,7AX9.A,A,A,PASS,,O75469,"[""X-RAY DIFFRACTION""]",2.25,2.25,0.2275,0.2275,146,433,288,1.0,NEAR_COMPLETE_LBD,,False,NR1I2,PXR,Nutritional sensors
7AXA,7AXA_1,1,7AXA.A,A,A,PASS,,O75469,"[""X-RAY DIFFRACTION""]",2.26,2.26,0.2343,0.2343,146,433,288,1.0,NEAR_COMPLETE_LBD,,False,NR1I2,PXR,Nutritional sensors
7AXB,7AXB_1,1,7AXB.A,A,A,PASS,,O75469,"[""X-RAY DIFFRACTION""]",2.55,2.55,0.2186,0.2186,146,433,288,1.0,NEAR_COMPLETE_LBD,,False,NR1I2,PXR,Nutritional sensors
7AXC,7AXC_1,1,7AXC.A,A,A,PASS,,O75469,"[""X-RAY DIFFRACTION""]",2.05,2.05,0.2512,0.2512,146,433,288,1.0,NEAR_COMPLETE_LBD,,False,NR1I2,PXR,Nutritional sensors
7AXD,7AXD_1,1,7AXD.A,A,A,PASS,,O75469,"[""X-RAY DIFFRACTION""]",2.65,2.65,0.237,0.237,146,433,288,1.0,NEAR_COMPLETE_LBD,,False,NR1I2,PXR,Nutritional sensors
7AXE,7AXE_1,1,7AXE.A,A,A,PASS,,O75469,"[""X-RAY DIFFRACTION""]",1.9,1.9,0.2299,0.2299,146,433,288,1.0,NEAR_COMPLETE_LBD,,False,NR1I2,PXR,Nutritional sensors
7AXF,7AXF_1,1,7AXF.A,A,A,PASS,,O75469,"[""X-RAY DIFFRACTION""]",2.45,2.45,0.2461,0.2461,146,433,288,1.0,NEAR_COMPLETE_LBD,,False,NR1I2,PXR,Nutritional sensors
7AXG,7AXG_1,1,7AXG.A,A,A,PASS,,O75469,"[""X-RAY DIFFRACTION""]",2.7,2.7,0.2377,0.2377,146,433,288,1.0,NEAR_COMPLETE_LBD,,False,NR1I2,PXR,Nutritional sensors
7AXH,7AXH_1,1,7AXH.A,A,A,PASS,,O75469,"[""X-RAY DIFFRACTION""]",2.55,2.55,0.2141,0.2141,146,433,288,1.0,NEAR_COMPLETE_LBD,,False,NR1I2,PXR,Nutritional sensors
7AXI,7AXI_1,1,7AXI.A,A,A,PASS,,O75469,"[""X-RAY DIFFRACTION""]",2.15,2.15,0.2025,0.2025,146,433,288,1.0,NEAR_COMPLETE_LBD,,False,NR1I2,PXR,Nutritional sensors
7AXJ,7AXJ_1,1,7AXJ.A,A,A,PASS,,O75469,"[""X-RAY DIFFRACTION""]",2.3,2.3,0.2223,0.2223,146,433,288,1.0,NEAR_COMPLETE_LBD,,False,NR1I2,PXR,Nutritional sensors
7AXK,7AXK_1,1,7AXK.A,A,A,PASS,,O75469,"[""X-RAY DIFFRACTION""]",2.0,2.0,0.2118,0.2118,146,433,288,1.0,NEAR_COMPLETE_LBD,,False,NR1I2,PXR,Nutritional sensors
7AXL,7AXL_1,1,7AXL.A,A,A,PASS,,O75469,"[""X-RAY DIFFRACTION""]",2.5,2.5,0.2318,0.2318,146,433,288,1.0,NEAR_COMPLETE_LBD,,False,NR1I2,PXR,Nutritional sensors
7B88,7B88_1,1,7B88.A,A,A,PASS,,P19793,"[""X-RAY DIFFRACTION""]",2.38,2.38,0.2591,0.2591,227,458,228,0.982759,NEAR_COMPLETE_LBD,,False,NR2B1,RXRα,Nutritional sensors
7B9M,7B9M_2,2,7B9M.B,B,B,PASS,,P03372,"[""X-RAY DIFFRACTION""]",1.7,1.7,0.2128,0.2128,311,547,0,0.0,NO_LBD_OVERLAP,,False,NR3A1,ERα,Steroid hormone receptors
7B9O,7B9O_1,1,7B9O.A,A,A,PASS,,P19793,"[""X-RAY DIFFRACTION""]",2.05,2.05,0.2358,0.2358,227,458,228,0.982759,NEAR_COMPLETE_LBD,,False,NR2B1,RXRα,Nutritional sensors
7B9R,7B9R_2,2,7B9R.B,B,B,PASS,,P03372,"[""X-RAY DIFFRACTION""]",1.15,1.15,0.1957,0.1957,311,547,0,0.0,NO_LBD_OVERLAP,,False,NR3A1,ERα,Steroid hormone receptors
7B9T,7B9T_2,2,7B9T.B,B,B,PASS,,P03372,"[""X-RAY DIFFRACTION""]",1.15,1.15,0.1943,0.1943,311,547,0,0.0,NO_LBD_OVERLAP,,False,NR3A1,ERα,Steroid hormone receptors
7BA3,7BA3_2,2,7BA3.B,B,B,PASS,,P03372,"[""X-RAY DIFFRACTION""]",1.4,1.4,0.2038,0.2038,311,547,0,0.0,NO_LBD_OVERLAP,,False,NR3A1,ERα,Steroid hormone receptors
7BA5,7BA5_2,2,7BA5.B,B,B,PASS,,P03372,"[""X-RAY DIFFRACTION""]",1.45,1.45,0.2009,0.2009,311,547,0,0.0,NO_LBD_OVERLAP,,False,NR3A1,ERα,Steroid hormone receptors
7BA6,7BA6_2,2,7BA6.B,B,B,PASS,,P03372,"[""X-RAY DIFFRACTION""]",1.4,1.4,0.206,0.206,311,547,0,0.0,NO_LBD_OVERLAP,,False,NR3A1,ERα,Steroid hormone receptors
7BA7,7BA7_2,2,7BA7.B,B,B,PASS,,P03372,"[""X-RAY DIFFRACTION""]",1.45,1.45,0.2078,0.2078,311,547,0,0.0,NO_LBD_OVERLAP,,False,NR3A1,ERα,Steroid hormone receptors
7BA8,7BA8_2,2,7BA8.B,B,B,PASS,,P03372,"[""X-RAY DIFFRACTION""]",1.2,1.2,0.2067,0.2067,311,547,0,0.0,NO_LBD_OVERLAP,,False,NR3A1,ERα,Steroid hormone receptors
7BA9,7BA9_2,2,7BA9.B,B,B,PASS,,P03372,"[""X-RAY DIFFRACTION""]",1.48,1.48,0.2118,0.2118,311,547,0,0.0,NO_LBD_OVERLAP,,False,NR3A1,ERα,Steroid hormone receptors
7BAA,7BAA_2,2,7BAA.B,B,B,PASS,,P03372,"[""X-RAY DIFFRACTION""]",1.1,1.1,0.1972,0.1972,311,547,0,0.0,NO_LBD_OVERLAP,,False,NR3A1,ERα,Steroid hormone receptors
7BAB,7BAB_2,2,7BAB.B,B,B,PASS,,P03372,"[""X-RAY DIFFRACTION""]",1.3,1.3,0.2011,0.2011,311,547,0,0.0,NO_LBD_OVERLAP,,False,NR3A1,ERα,Steroid hormone receptors
7BK4,7BK4_1,1,7BK4.C,C,C,PASS,,P19793,"[""X-RAY DIFFRACTION""]",2.8,2.8,0.2654,0.2654,227,458,232,1.0,NEAR_COMPLETE_LBD,,False,NR2B1,RXRα,Nutritional sensors
7BK4,7BK4_1,1,7BK4.A,A,A,PASS,,P19793,"[""X-RAY DIFFRACTION""]",2.8,2.8,0.2654,0.2654,227,458,232,1.0,NEAR_COMPLETE_LBD,,False,NR2B1,RXRα,Nutritional sensors
7BPY,7BPY_1,1,7BPY.C,C,C,PASS,,Q07869,"[""X-RAY DIFFRACTION""]",2.09,2.09,0.2155,0.2155,239,466,228,1.0,NEAR_COMPLETE_LBD,,False,NR1C1,PPARα,Nutritional sensors
7BPY,7BPY_1,1,7BPY.A,A,A,PASS,,Q07869,"[""X-RAY DIFFRACTION""]",2.09,2.09,0.2155,0.2155,239,466,228,1.0,NEAR_COMPLETE_LBD,,False,NR1C1,PPARα,Nutritional sensors
7BPZ,7BPZ_1,1,7BPZ.C,C,C,PASS,,Q07869,"[""X-RAY DIFFRACTION""]",2.43,2.43,0.2421,0.2421,239,466,228,1.0,NEAR_COMPLETE_LBD,,False,NR1C1,PPARα,Nutritional sensors
7BPZ,7BPZ_1,1,7BPZ.A,A,A,PASS,,Q07869,"[""X-RAY DIFFRACTION""]",2.43,2.43,0.2421,0.2421,239,466,228,1.0,NEAR_COMPLETE_LBD,,False,NR1C1,PPARα,Nutritional sensors
7BQ0,7BQ0_1,1,7BQ0.C,C,C,PASS,,Q07869,"[""X-RAY DIFFRACTION""]",1.771,1.771,0.2173,0.2173,239,466,228,1.0,NEAR_COMPLETE_LBD,,False,NR1C1,PPARα,Nutritional sensors
7BQ0,7BQ0_1,1,7BQ0.A,A,A,PASS,,Q07869,"[""X-RAY DIFFRACTION""]",1.771,1.771,0.2173,0.2173,239,466,228,1.0,NEAR_COMPLETE_LBD,,False,NR1C1,PPARα,Nutritional sensors
7BQ1,7BQ1_1,1,7BQ1.A,A,A,PASS,,Q07869,"[""X-RAY DIFFRACTION""]",1.521,1.521,0.2133,0.2133,239,466,228,1.0,NEAR_COMPLETE_LBD,,False,NR1C1,PPARα,Nutritional sensors
7BQ2,7BQ2_1,1,7BQ2.A,A,A,PASS,,Q07869,"[""X-RAY DIFFRACTION""]",1.52,1.52,0.2059,0.2059,239,466,228,1.0,NEAR_COMPLETE_LBD,,False,NR1C1,PPARα,Nutritional sensors
7BQ3,7BQ3_1,1,7BQ3.A,A,A,PASS,,Q07869,"[""X-RAY DIFFRACTION""]",1.98,1.98,0.2371,0.2371,239,466,228,1.0,NEAR_COMPLETE_LBD,,False,NR1C1,PPARα,Nutritional sensors
7BQ4,7BQ4_1,1,7BQ4.A,A,A,PASS,,Q07869,"[""X-RAY DIFFRACTION""]",1.62,1.62,0.2145,0.2145,239,466,228,1.0,NEAR_COMPLETE_LBD,,False,NR1C1,PPARα,Nutritional sensors
7C6Q,7C6Q_1,1,7C6Q.A,A,A,PASS,,Q07869,"[""X-RAY DIFFRACTION""]",2.76,2.76,0.2609,0.2609,239,466,228,1.0,NEAR_COMPLETE_LBD,,False,NR1C1,PPARα,Nutritional sensors
7CFO,7CFO_1,1,7CFO.D,D,D,PASS,,P19793,"[""X-RAY DIFFRACTION""]",2.15,2.15,0.26633,0.26633,227,458,232,1.0,NEAR_COMPLETE_LBD,,False,NR2B1,RXRα,Nutritional sensors
7CFO,7CFO_1,1,7CFO.C,C,C,PASS,,P19793,"[""X-RAY DIFFRACTION""]",2.15,2.15,0.26633,0.26633,227,458,232,1.0,NEAR_COMPLETE_LBD,,False,NR2B1,RXRα,Nutritional sensors
7CFO,7CFO_1,1,7CFO.B,B,B,PASS,,P19793,"[""X-RAY DIFFRACTION""]",2.15,2.15,0.26633,0.26633,227,458,232,1.0,NEAR_COMPLETE_LBD,,False,NR2B1,RXRα,Nutritional sensors
7CFO,7CFO_1,1,7CFO.A,A,A,PASS,,P19793,"[""X-RAY DIFFRACTION""]",2.15,2.15,0.26633,0.26633,227,458,232,1.0,NEAR_COMPLETE_LBD,,False,NR2B1,RXRα,Nutritional sensors
7CXE,7CXE_1,1,7CXE.B,B,B,PASS,,P37231,"[""X-RAY DIFFRACTION""]",2.5,2.5,0.2645,0.2645,238,503,266,1.0,NEAR_COMPLETE_LBD,,False,NR1C3,PPARγ,Nutritional sensors
7CXE,7CXE_1,1,7CXE.A,A,A,PASS,,P37231,"[""X-RAY DIFFRACTION""]",2.5,2.5,0.2645,0.2645,238,503,266,1.0,NEAR_COMPLETE_LBD,,False,NR1C3,PPARγ,Nutritional sensors
7CXF,7CXF_1,1,7CXF.A,A,A,PASS,,P37231,"[""X-RAY DIFFRACTION""]",2.35,2.35,0.2693,0.2693,238,503,266,1.0,NEAR_COMPLETE_LBD,,False,NR1C3,PPARγ,Nutritional sensors
7CXG,7CXG_1,1,7CXG.B,B,B,PASS,,P37231,"[""X-RAY DIFFRACTION""]",1.88,1.88,0.2308,0.2308,238,503,266,1.0,NEAR_COMPLETE_LBD,,False,NR1C3,PPARγ,Nutritional sensors
7CXG,7CXG_1,1,7CXG.A,A,A,PASS,,P37231,"[""X-RAY DIFFRACTION""]",1.88,1.88,0.2308,0.2308,238,503,266,1.0,NEAR_COMPLETE_LBD,,False,NR1C3,PPARγ,Nutritional sensors
7CXH,7CXH_1,1,7CXH.A,A,A,PASS,,P37231,"[""X-RAY DIFFRACTION""]",2.3,2.3,0.257,0.257,238,503,266,1.0,NEAR_COMPLETE_LBD,,False,NR1C3,PPARγ,Nutritional sensors
7CXI,7CXI_1,1,7CXI.A,A,A,PASS,,P37231,"[""X-RAY DIFFRACTION""]",2.3,2.3,0.2761,0.2761,238,503,266,1.0,NEAR_COMPLETE_LBD,,False,NR1C3,PPARγ,Nutritional sensors
7CXJ,7CXJ_1,1,7CXJ.A,A,A,PASS,,P37231,"[""X-RAY DIFFRACTION""]",2.65,2.65,0.2753,0.2753,238,503,266,1.0,NEAR_COMPLETE_LBD,,False,NR1C3,PPARγ,Nutritional sensors
7CXK,7CXK_1,1,7CXK.A,A,A,PASS,,P37231,"[""X-RAY DIFFRACTION""]",2.2,2.2,0.2636,0.2636,238,503,266,1.0,NEAR_COMPLETE_LBD,,False,NR1C3,PPARγ,Nutritional sensors
7CXL,7CXL_1,1,7CXL.A,A,A,PASS,,P37231,"[""X-RAY DIFFRACTION""]",2.7,2.7,0.255,0.255,238,503,266,1.0,NEAR_COMPLETE_LBD,,False,NR1C3,PPARγ,Nutritional sensors
7D42,7D42_1,1,7D42.A,A,A,PASS,,Q96RI1,"[""X-RAY DIFFRACTION""]",2.697,2.697,0.269,0.269,262,486,223,0.991111,NEAR_COMPLETE_LBD,,False,NR1H4,FXR,Nutritional sensors
7E0A,7E0A_1,1,7E0A.A,A,A,PASS,,P37231,"[""X-RAY DIFFRACTION""]",1.771,1.771,0.2205,0.2205,238,503,266,1.0,NEAR_COMPLETE_LBD,,False,NR1C3,PPARγ,Nutritional sensors
7E2E,7E2E_1,1,7E2E.C,C,B,PASS,,P11474,"[""X-RAY DIFFRACTION""]",2.7,2.7,0.3051,0.3051,193,421,228,0.995633,NEAR_COMPLETE_LBD,,False,NR3B1,ERRα,Nutritional sensors
7E2E,7E2E_1,1,7E2E.A,A,A,PASS,,P11474,"[""X-RAY DIFFRACTION""]",2.7,2.7,0.3051,0.3051,193,421,228,0.995633,NEAR_COMPLETE_LBD,,False,NR3B1,ERRα,Nutritional sensors
7E2O,7E2O_1,1,7E2O.B,B,B,PASS,,P37231,"[""X-RAY DIFFRACTION""]",3.2,3.2,0.3133,0.3133,238,503,266,1.0,NEAR_COMPLETE_LBD,,False,NR1C3,PPARγ,Nutritional sensors
7E2O,7E2O_1,1,7E2O.A,A,A,PASS,,P37231,"[""X-RAY DIFFRACTION""]",3.2,3.2,0.3133,0.3133,238,503,266,1.0,NEAR_COMPLETE_LBD,,False,NR1C3,PPARγ,Nutritional sensors
7E3M,7E3M_1,1,7E3M.A,A,A,PASS,,P51449,"[""X-RAY DIFFRACTION""]",2.8,2.8,0.2693,0.2693,269,508,239,0.995833,NEAR_COMPLETE_LBD,,False,NR1F3,RORγ,Nutritional sensors
7E5F,7E5F_1,1,7E5F.A,A,A,PASS,,Q07869,"[""X-RAY DIFFRACTION""]",1.79,1.79,0.2288,0.2288,239,466,228,1.0,NEAR_COMPLETE_LBD,,False,NR1C1,PPARα,Nutritional sensors
7E5G,7E5G_1,1,7E5G.A,A,A,PASS,,Q07869,"[""X-RAY DIFFRACTION""]",1.66,1.66,0.229,0.229,239,466,228,1.0,NEAR_COMPLETE_LBD,,False,NR1C1,PPARα,Nutritional sensors
7E5H,7E5H_1,1,7E5H.A,A,A,PASS,,Q07869,"[""X-RAY DIFFRACTION""]",1.66,1.66,0.239,0.239,239,466,228,1.0,NEAR_COMPLETE_LBD,,False,NR1C1,PPARα,Nutritional sensors
7E5I,7E5I_1,1,7E5I.A,A,A,PASS,,Q07869,"[""X-RAY DIFFRACTION""]",1.58,1.58,0.2211,0.2211,239,466,228,1.0,NEAR_COMPLETE_LBD,,False,NR1C1,PPARα,Nutritional sensors
7EFQ,7EFQ_1,1,7EFQ.B,B,B,PASS,,P37231,"[""X-RAY DIFFRACTION""]",2.3,2.3,0.2644,0.2644,238,503,266,1.0,NEAR_COMPLETE_LBD,,False,NR1C3,PPARγ,Nutritional sensors
7EFQ,7EFQ_1,1,7EFQ.A,A,A,PASS,,P37231,"[""X-RAY DIFFRACTION""]",2.3,2.3,0.2644,0.2644,238,503,266,1.0,NEAR_COMPLETE_LBD,,False,NR1C3,PPARγ,Nutritional sensors
7F80,7F80_1,1,7F80.B,B,B,PASS,,Q03181,"[""X-RAY DIFFRACTION""]",2.8,2.8,0.30039,0.30039,211,439,229,1.0,NEAR_COMPLETE_LBD,,False,NR1C2,PPARδ,Nutritional sensors
7F80,7F80_1,1,7F80.A,A,A,PASS,,Q03181,"[""X-RAY DIFFRACTION""]",2.8,2.8,0.30039,0.30039,211,439,229,1.0,NEAR_COMPLETE_LBD,,False,NR1C2,PPARδ,Nutritional sensors
7JH2,7JH2_1,1,7JH2.B,B,B,PASS,,P51449,"[""X-RAY DIFFRACTION""]",2.367,2.367,0.2252,0.2252,269,508,240,1.0,NEAR_COMPLETE_LBD,,False,NR1F3,RORγ,Nutritional sensors
7JH2,7JH2_1,1,7JH2.A,A,A,PASS,,P51449,"[""X-RAY DIFFRACTION""]",2.367,2.367,0.2252,0.2252,269,508,240,1.0,NEAR_COMPLETE_LBD,,False,NR1F3,RORγ,Nutritional sensors
7JHD,7JHD_1,1,7JHD.B,B,B,PASS,,P03372,"[""X-RAY DIFFRACTION""]",2.402,2.402,0.2651,0.2651,311,547,237,1.0,NEAR_COMPLETE_LBD,,False,NR3A1,ERα,Steroid hormone receptors
7JHD,7JHD_1,1,7JHD.A,A,A,PASS,,P03372,"[""X-RAY DIFFRACTION""]",2.402,2.402,0.2651,0.2651,311,547,237,1.0,NEAR_COMPLETE_LBD,,False,NR3A1,ERα,Steroid hormone receptors
7JQG,7JQG_1,1,7JQG.B,B,B,PASS,,P37231,"[""X-RAY DIFFRACTION""]",2.15,2.15,0.27,0.27,238,503,266,1.0,NEAR_COMPLETE_LBD,,False,NR1C3,PPARγ,Nutritional sensors
7JQG,7JQG_1,1,7JQG.A,A,A,PASS,,P37231,"[""X-RAY DIFFRACTION""]",2.15,2.15,0.27,0.27,238,503,266,1.0,NEAR_COMPLETE_LBD,,False,NR1C3,PPARγ,Nutritional sensors
7JTM,7JTM_1,1,7JTM.A,A,A,PASS,,P51449,"[""X-RAY DIFFRACTION""]",2.43,2.43,0.2509,0.2509,269,508,240,1.0,NEAR_COMPLETE_LBD,,False,NR1F3,RORγ,Nutritional sensors
7JTW,7JTW_1,1,7JTW.A,A,A,PASS,,P51449,"[""X-RAY DIFFRACTION""]",1.9,1.9,0.2331,0.2331,269,508,240,1.0,NEAR_COMPLETE_LBD,,False,NR1F3,RORγ,Nutritional sensors
7JYD,7JYD_1,1,7JYD.A,A,A,PASS,,O00482,"[""X-RAY DIFFRACTION""]",2.3,2.3,0.2273,0.2273,300,539,240,1.0,NEAR_COMPLETE_LBD,,False,NR5A2,LRH-1,Nutritional sensors
7JYE,7JYE_1,1,7JYE.A,A,A,PASS,,O00482,"[""X-RAY DIFFRACTION""]",2.551,2.551,0.1871,0.1871,300,539,240,1.0,NEAR_COMPLETE_LBD,,False,NR5A2,LRH-1,Nutritional sensors
7JYM,7JYM_1,1,7JYM.A,A,A,PASS,,P51449,"[""X-RAY DIFFRACTION""]",3.051,3.051,0.2637,0.2637,269,508,240,1.0,NEAR_COMPLETE_LBD,,True,NR1F3,RORγ,Nutritional sensors
7KBS,7KBS_1,1,7KBS.B,B,B,PASS,,P03372,"[""X-RAY DIFFRACTION""]",1.834,1.834,0.2097,0.2097,311,547,237,1.0,NEAR_COMPLETE_LBD,,False,NR3A1,ERα,Steroid hormone receptors
7KBS,7KBS_1,1,7KBS.A,A,A,PASS,,P03372,"[""X-RAY DIFFRACTION""]",1.834,1.834,0.2097,0.2097,311,547,237,1.0,NEAR_COMPLETE_LBD,,False,NR3A1,ERα,Steroid hormone receptors
7KCO,7KCO_1,1,7KCO.B,B,B,PASS,,P51449,"[""X-RAY DIFFRACTION""]",1.86,1.86,0.2313,0.2313,269,508,239,0.995833,NEAR_COMPLETE_LBD,,False,NR1F3,RORγ,Nutritional sensors
7KCO,7KCO_1,1,7KCO.A,A,A,PASS,,P51449,"[""X-RAY DIFFRACTION""]",1.86,1.86,0.2313,0.2313,269,508,239,0.995833,NEAR_COMPLETE_LBD,,False,NR1F3,RORγ,Nutritional sensors
7KHT,7KHT_1,1,7KHT.A,A,A,PASS,,Q13285,"[""X-RAY DIFFRACTION""]",2.504,2.504,0.2488,0.2488,222,459,238,1.0,NEAR_COMPLETE_LBD,,False,NR5A1,SF-1,Nutritional sensors
7KQJ,7KQJ_1,1,7KQJ.A,A,A,PASS,,P51449,"[""X-RAY DIFFRACTION""]",2.645,2.645,0.2541,0.2541,269,508,240,1.0,NEAR_COMPLETE_LBD,,False,NR1F3,RORγ,Nutritional sensors
7KRJ,7KRJ_3,3,7KRJ.D,D,D,PASS,,P04150,"[""ELECTRON MICROSCOPY""]",2.56,2.56,,,524,758,235,1.0,NEAR_COMPLETE_LBD,,False,NR3C1,GR,Steroid hormone receptors
7KW7,7KW7_4,4,7KW7.F,F,F,PASS,,P04150,"[""ELECTRON MICROSCOPY""]",3.57,3.57,,,524,758,235,1.0,NEAR_COMPLETE_LBD,,False,NR3C1,GR,Steroid hormone receptors
7KXD,7KXD_1,1,7KXD.A,A,A,PASS,,P51449,"[""X-RAY DIFFRACTION""]",1.624,1.624,0.239,0.239,269,508,240,1.0,NEAR_COMPLETE_LBD,,True,NR1F3,RORγ,Nutritional sensors
7KXE,7KXE_1,1,7KXE.A,A,A,PASS,,P51449,"[""X-RAY DIFFRACTION""]",2.42,2.42,0.2414,0.2414,269,508,240,1.0,NEAR_COMPLETE_LBD,,True,NR1F3,RORγ,Nutritional sensors
7KXF,7KXF_1,1,7KXF.A,A,A,PASS,,P51449,"[""X-RAY DIFFRACTION""]",2.141,2.141,0.2341,0.2341,269,508,240,1.0,NEAR_COMPLETE_LBD,,True,NR1F3,RORγ,Nutritional sensors
7LOT,7LOT_1,1,7LOT.B,B,B,PASS,,P37231,"[""X-RAY DIFFRACTION""]",2.29,2.29,0.2592,0.2592,238,503,266,1.0,NEAR_COMPLETE_LBD,,False,NR1C3,PPARγ,Nutritional sensors
7LOT,7LOT_1,1,7LOT.A,A,A,PASS,,P37231,"[""X-RAY DIFFRACTION""]",2.29,2.29,0.2592,0.2592,238,503,266,1.0,NEAR_COMPLETE_LBD,,False,NR1C3,PPARγ,Nutritional sensors
7LUK,7LUK_1,1,7LUK.A,A,A,PASS,,P51449,"[""X-RAY DIFFRACTION""]",2.087,2.087,0.2339,0.2339,269,508,240,1.0,NEAR_COMPLETE_LBD,,False,NR1F3,RORγ,Nutritional sensors
7MSA,7MSA_1,1,7MSA.D,D,B,PASS,,P03372,"[""X-RAY DIFFRACTION""]",2.24,2.24,0.2464,0.2464,311,547,237,1.0,NEAR_COMPLETE_LBD,,False,NR3A1,ERα,Steroid hormone receptors
7MSA,7MSA_1,1,7MSA.C,C,C,PASS,,P03372,"[""X-RAY DIFFRACTION""]",2.24,2.24,0.2464,0.2464,311,547,237,1.0,NEAR_COMPLETE_LBD,,False,NR3A1,ERα,Steroid hormone receptors
7MSA,7MSA_1,1,7MSA.B,B,A,PASS,,P03372,"[""X-RAY DIFFRACTION""]",2.24,2.24,0.2464,0.2464,311,547,237,1.0,NEAR_COMPLETE_LBD,,False,NR3A1,ERα,Steroid hormone receptors
7MSA,7MSA_1,1,7MSA.A,A,D,PASS,,P03372,"[""X-RAY DIFFRACTION""]",2.24,2.24,0.2464,0.2464,311,547,237,1.0,NEAR_COMPLETE_LBD,,False,NR3A1,ERα,Steroid hormone receptors
7N2A,7N2A_1,1,7N2A.A,A,A,PASS,,O75469,"[""X-RAY DIFFRACTION""]",2.26,2.26,0.255,0.255,146,433,288,1.0,NEAR_COMPLETE_LBD,,False,NR1I2,PXR,Nutritional sensors
7N9O,7N9O_1,1,7N9O.D,D,D,PASS,,P03372,"[""X-RAY DIFFRACTION""]",2.0,2.0,0.225,0.225,311,547,237,1.0,NEAR_COMPLETE_LBD,,False,NR3A1,ERα,Steroid hormone receptors
7N9O,7N9O_1,1,7N9O.C,C,C,PASS,,P03372,"[""X-RAY DIFFRACTION""]",2.0,2.0,0.225,0.225,311,547,237,1.0,NEAR_COMPLETE_LBD,,False,NR3A1,ERα,Steroid hormone receptors
7N9O,7N9O_1,1,7N9O.B,B,B,PASS,,P03372,"[""X-RAY DIFFRACTION""]",2.0,2.0,0.225,0.225,311,547,237,1.0,NEAR_COMPLETE_LBD,,False,NR3A1,ERα,Steroid hormone receptors
7N9O,7N9O_1,1,7N9O.A,A,A,PASS,,P03372,"[""X-RAY DIFFRACTION""]",2.0,2.0,0.225,0.225,311,547,237,1.0,NEAR_COMPLETE_LBD,,False,NR3A1,ERα,Steroid hormone receptors
7NDO,7NDO_1,1,7NDO.B,B,B,PASS,,P03372,"[""X-RAY DIFFRACTION""]",1.6,1.6,0.1954,0.1954,311,547,237,1.0,NEAR_COMPLETE_LBD,,False,NR3A1,ERα,Steroid hormone receptors
7NDO,7NDO_1,1,7NDO.A,A,A,PASS,,P03372,"[""X-RAY DIFFRACTION""]",1.6,1.6,0.1954,0.1954,311,547,237,1.0,NEAR_COMPLETE_LBD,,False,NR3A1,ERα,Steroid hormone receptors
7NEC,7NEC_1,1,7NEC.A,A,A,PASS,,P51449,"[""X-RAY DIFFRACTION""]",1.95,1.95,0.2352,0.2352,269,508,239,0.995833,NEAR_COMPLETE_LBD,,False,NR1F3,RORγ,Nutritional sensors
7NEL,7NEL_1,1,7NEL.B,B,B,PASS,,P03372,"[""X-RAY DIFFRACTION""]",1.45,1.45,0.186,0.186,311,547,237,1.0,NEAR_COMPLETE_LBD,,False,NR3A1,ERα,Steroid hormone receptors
7NEL,7NEL_1,1,7NEL.A,A,A,PASS,,P03372,"[""X-RAY DIFFRACTION""]",1.45,1.45,0.186,0.186,311,547,237,1.0,NEAR_COMPLETE_LBD,,False,NR3A1,ERα,Steroid hormone receptors
7NFB,7NFB_1,1,7NFB.B,B,B,PASS,,P03372,"[""X-RAY DIFFRACTION""]",1.33,1.33,0.1781,0.1781,311,547,237,1.0,NEAR_COMPLETE_LBD,,False,NR3A1,ERα,Steroid hormone receptors
7NFB,7NFB_1,1,7NFB.A,A,A,PASS,,P03372,"[""X-RAY DIFFRACTION""]",1.33,1.33,0.1781,0.1781,311,547,237,1.0,NEAR_COMPLETE_LBD,,False,NR3A1,ERα,Steroid hormone receptors
7NFW,7NFW_2,2,7NFW.B,B,B,PASS,,P03372,"[""X-RAY DIFFRACTION""]",1.19,1.19,0.2262,0.2262,311,547,0,0.0,NO_LBD_OVERLAP,,False,NR3A1,ERα,Steroid hormone receptors
7NIZ,7NIZ_2,2,7NIZ.B,B,B,PASS,,P03372,"[""X-RAY DIFFRACTION""]",1.48,1.48,0.2394,0.2394,311,547,0,0.0,NO_LBD_OVERLAP,,False,NR3A1,ERα,Steroid hormone receptors
7NKE,7NKE_1,1,7NKE.C,C,C,PASS,,P19793,"[""X-RAY DIFFRACTION""]",2.35,2.35,0.24576,0.24576,227,458,232,1.0,NEAR_COMPLETE_LBD,,False,NR2B1,RXRα,Nutritional sensors
7NKE,7NKE_1,1,7NKE.A,A,A,PASS,,P19793,"[""X-RAY DIFFRACTION""]",2.35,2.35,0.24576,0.24576,227,458,232,1.0,NEAR_COMPLETE_LBD,,False,NR2B1,RXRα,Nutritional sensors
7NP5,7NP5_1,1,7NP5.A,A,A,PASS,,P51449,"[""X-RAY DIFFRACTION""]",1.55,1.55,0.2698,0.2698,269,508,239,0.995833,NEAR_COMPLETE_LBD,,False,NR1F3,RORγ,Nutritional sensors
7NP6,7NP6_1,1,7NP6.A,A,A,PASS,,P51449,"[""X-RAY DIFFRACTION""]",1.84,1.84,0.2452,0.2452,269,508,239,0.995833,NEAR_COMPLETE_LBD,,False,NR1F3,RORγ,Nutritional sensors
7NPC,7NPC_1,1,7NPC.A,A,A,PASS,,P51449,"[""X-RAY DIFFRACTION""]",1.47,1.47,0.1967,0.1967,269,508,239,0.995833,NEAR_COMPLETE_LBD,,False,NR1F3,RORγ,Nutritional sensors
7OFI,7OFI_1,1,7OFI.A,A,A,PASS,,P51449,"[""X-RAY DIFFRACTION""]",1.953,1.953,0.2269,0.2269,269,508,239,0.995833,NEAR_COMPLETE_LBD,,False,NR1F3,RORγ,Nutritional sensors
7OFK,7OFK_1,1,7OFK.A,A,A,PASS,,P51449,"[""X-RAY DIFFRACTION""]",1.61,1.61,0.2295,0.2295,269,508,239,0.995833,NEAR_COMPLETE_LBD,,False,NR1F3,RORγ,Nutritional sensors
7OPW,7OPW_2,2,7OPW.B,B,B,PASS,,P03372,"[""X-RAY DIFFRACTION""]",1.81,1.81,0.2291,0.2291,311,547,0,0.0,NO_LBD_OVERLAP,,False,NR3A1,ERα,Steroid hormone receptors
7OQ7,7OQ7_2,2,7OQ7.B,B,B,PASS,,P03372,"[""X-RAY DIFFRACTION""]",1.6,1.6,0.1975,0.1975,311,547,0,0.0,NO_LBD_OVERLAP,,False,NR3A1,ERα,Steroid hormone receptors
7OQ8,7OQ8_2,2,7OQ8.B,B,B,PASS,,P03372,"[""X-RAY DIFFRACTION""]",1.43,1.43,0.2056,0.2056,311,547,0,0.0,NO_LBD_OVERLAP,,False,NR3A1,ERα,Steroid hormone receptors
7P4E,7P4E_1,1,7P4E.A,A,A,PASS,,P37231,"[""X-RAY DIFFRACTION""]",2.4,2.4,0.2684,0.2684,238,503,266,1.0,NEAR_COMPLETE_LBD,,False,NR1C3,PPARγ,Nutritional sensors
7PRV,7PRV_1,1,7PRV.B,B,B,PASS,,P04150,"[""X-RAY DIFFRACTION""]",2.7,2.7,0.2532,0.2532,524,758,235,1.0,NEAR_COMPLETE_LBD,,False,NR3C1,GR,Steroid hormone receptors
7PRV,7PRV_1,1,7PRV.A,A,A,PASS,,P04150,"[""X-RAY DIFFRACTION""]",2.7,2.7,0.2532,0.2532,524,758,235,1.0,NEAR_COMPLETE_LBD,,False,NR3C1,GR,Steroid hormone receptors
7PRW,7PRW_1,1,7PRW.B,B,B,PASS,,P04150,"[""X-RAY DIFFRACTION""]",2.502,2.502,0.2632,0.2632,524,758,235,1.0,NEAR_COMPLETE_LBD,,False,NR3C1,GR,Steroid hormone receptors
7PRW,7PRW_1,1,7PRW.A,A,A,PASS,,P04150,"[""X-RAY DIFFRACTION""]",2.502,2.502,0.2632,0.2632,524,758,235,1.0,NEAR_COMPLETE_LBD,,False,NR3C1,GR,Steroid hormone receptors
7PRX,7PRX_1,1,7PRX.A,A,A,PASS,,P04150,"[""X-RAY DIFFRACTION""]",2.2,2.2,0.2808,0.2808,524,758,230,0.978723,NEAR_COMPLETE_LBD,,False,NR3C1,GR,Steroid hormone receptors
7PWT,7PWT_2,2,7PWT.B,B,B,PASS,,P03372,"[""X-RAY DIFFRACTION""]",2.312,2.312,0.2535,0.2535,311,547,0,0.0,NO_LBD_OVERLAP,,False,NR3A1,ERα,Steroid hormone receptors
7PWZ,7PWZ_2,2,7PWZ.B,B,B,PASS,,P03372,"[""X-RAY DIFFRACTION""]",2.5,2.5,0.298,0.298,311,547,0,0.0,NO_LBD_OVERLAP,,False,NR3A1,ERα,Steroid hormone receptors
7QAA,7QAA_2,2,7QAA.B,B,B,PASS,,P10276,"[""X-RAY DIFFRACTION""]",2.76,2.76,0.245,0.245,183,417,234,0.995745,NEAR_COMPLETE_LBD,,False,NR1B1,RARα,Steroid hormone receptors
7QB1,7QB1_1,1,7QB1.B,B,BBB,PASS,,P37231,"[""X-RAY DIFFRACTION""]",2.2,2.2,0.2494,0.2494,238,503,266,1.0,NEAR_COMPLETE_LBD,,False,NR1C3,PPARγ,Nutritional sensors
7QB1,7QB1_1,1,7QB1.A,A,AAA,PASS,,P37231,"[""X-RAY DIFFRACTION""]",2.2,2.2,0.2494,0.2494,238,503,266,1.0,NEAR_COMPLETE_LBD,,False,NR1C3,PPARγ,Nutritional sensors
7QDT,7QDT_1,1,7QDT.A,A,A,PASS,,P10827,"[""X-RAY DIFFRACTION""]",3.0,3.0,0.22754,0.22754,163,407,208,0.84898,SUBSTANTIAL_LBD,,False,NR1A1,TRα,Steroid hormone receptors
7QP4,7QP4_1,1,7QP4.B,B,B,PASS,,P51449,"[""X-RAY DIFFRACTION""]",2.3,2.3,0.2373,0.2373,269,508,240,1.0,NEAR_COMPLETE_LBD,,False,NR1F3,RORγ,Nutritional sensors
7QP4,7QP4_1,1,7QP4.A,A,A,PASS,,P51449,"[""X-RAY DIFFRACTION""]",2.3,2.3,0.2373,0.2373,269,508,240,1.0,NEAR_COMPLETE_LBD,,False,NR1F3,RORγ,Nutritional sensors
7QP4,7QP4_2,2,7QP4.C,C,P,PASS,,P51449,"[""X-RAY DIFFRACTION""]",2.3,2.3,0.2373,0.2373,269,508,15,0.0625,TRACE_LBD,,False,NR1F3,RORγ,Nutritional sensors
7QPP,7QPP_1,1,7QPP.A,A,A,PASS,,P11473,"[""X-RAY DIFFRACTION""]",1.52,1.52,0.1662,0.1662,127,423,250,0.841751,SUBSTANTIAL_LBD,,False,NR1I1,VDR,Steroid hormone receptors
7QVJ,7QVJ_1,1,7QVJ.B,B,B,PASS,,P03372,"[""X-RAY DIFFRACTION""]",1.68,1.68,0.216,0.216,311,547,237,1.0,NEAR_COMPLETE_LBD,,False,NR3A1,ERα,Steroid hormone receptors
7QVJ,7QVJ_1,1,7QVJ.A,A,A,PASS,,P03372,"[""X-RAY DIFFRACTION""]",1.68,1.68,0.216,0.216,311,547,237,1.0,NEAR_COMPLETE_LBD,,False,NR3A1,ERα,Steroid hormone receptors
7QVL,7QVL_1,1,7QVL.B,B,B,PASS,,P03372,"[""X-RAY DIFFRACTION""]",1.9,1.9,0.245,0.245,311,547,237,1.0,NEAR_COMPLETE_LBD,,False,NR3A1,ERα,Steroid hormone receptors
7QVL,7QVL_1,1,7QVL.A,A,A,PASS,,P03372,"[""X-RAY DIFFRACTION""]",1.9,1.9,0.245,0.245,311,547,237,1.0,NEAR_COMPLETE_LBD,,False,NR3A1,ERα,Steroid hormone receptors
7R62,7R62_1,1,7R62.A,A,A,PASS,,P03372,"[""X-RAY DIFFRACTION""]",1.5,1.5,0.2298,0.2298,311,547,237,1.0,NEAR_COMPLETE_LBD,,False,NR3A1,ERα,Steroid hormone receptors
7RIO,7RIO_1,1,7RIO.A,A,A,PASS,,O75469,"[""X-RAY DIFFRACTION""]",2.48,2.48,0.2726,0.2726,146,433,288,1.0,NEAR_COMPLETE_LBD,,False,NR1I2,PXR,Nutritional sensors
7RIU,7RIU_1,1,7RIU.A,A,A,PASS,,O75469,"[""X-RAY DIFFRACTION""]",2.05,2.05,0.241,0.241,146,433,288,1.0,NEAR_COMPLETE_LBD,,False,NR1I2,PXR,Nutritional sensors
7RIV,7RIV_1,1,7RIV.A,A,A,PASS,,O75469,"[""X-RAY DIFFRACTION""]",2.2,2.2,0.2379,0.2379,146,433,288,1.0,NEAR_COMPLETE_LBD,,False,NR1I2,PXR,Nutritional sensors
7RKE,7RKE_1,1,7RKE.B,B,B,PASS,,P03372,"[""X-RAY DIFFRACTION""]",1.55,1.55,0.2726,0.2726,311,547,237,1.0,NEAR_COMPLETE_LBD,,False,NR3A1,ERα,Steroid hormone receptors
7RKE,7RKE_1,1,7RKE.A,A,A,PASS,,P03372,"[""X-RAY DIFFRACTION""]",1.55,1.55,0.2726,0.2726,311,547,237,1.0,NEAR_COMPLETE_LBD,,False,NR3A1,ERα,Steroid hormone receptors
7RLE,7RLE_1,1,7RLE.C,C,C,PASS,,P37231,"[""X-RAY DIFFRACTION""]",2.5,2.5,0.2749,0.2749,238,503,266,1.0,NEAR_COMPLETE_LBD,,False,NR1C3,PPARγ,Nutritional sensors
7RLE,7RLE_1,1,7RLE.A,A,A,PASS,,P37231,"[""X-RAY DIFFRACTION""]",2.5,2.5,0.2749,0.2749,238,503,266,1.0,NEAR_COMPLETE_LBD,,False,NR1C3,PPARγ,Nutritional sensors
7RNM,7RNM_1,1,7RNM.B,B,B,PASS,,P03372,"[""X-RAY DIFFRACTION""]",1.9,1.9,0.2211,0.2211,311,547,237,1.0,NEAR_COMPLETE_LBD,,False,NR3A1,ERα,Steroid hormone receptors
7RNM,7RNM_1,1,7RNM.A,A,A,PASS,,P03372,"[""X-RAY DIFFRACTION""]",1.9,1.9,0.2211,0.2211,311,547,237,1.0,NEAR_COMPLETE_LBD,,False,NR3A1,ERα,Steroid hormone receptors
7RRX,7RRX_1,1,7RRX.D,D,D,PASS,,P03372,"[""X-RAY DIFFRACTION""]",1.78,1.78,0.2647,0.2647,311,547,237,1.0,NEAR_COMPLETE_LBD,,False,NR3A1,ERα,Steroid hormone receptors
7RRX,7RRX_1,1,7RRX.C,C,C,PASS,,P03372,"[""X-RAY DIFFRACTION""]",1.78,1.78,0.2647,0.2647,311,547,237,1.0,NEAR_COMPLETE_LBD,,False,NR3A1,ERα,Steroid hormone receptors
7RRX,7RRX_1,1,7RRX.B,B,B,PASS,,P03372,"[""X-RAY DIFFRACTION""]",1.78,1.78,0.2647,0.2647,311,547,237,1.0,NEAR_COMPLETE_LBD,,False,NR3A1,ERα,Steroid hormone receptors
7RRX,7RRX_1,1,7RRX.A,A,A,PASS,,P03372,"[""X-RAY DIFFRACTION""]",1.78,1.78,0.2647,0.2647,311,547,237,1.0,NEAR_COMPLETE_LBD,,False,NR3A1,ERα,Steroid hormone receptors
7RRY,7RRY_1,1,7RRY.D,D,D,PASS,,P03372,"[""X-RAY DIFFRACTION""]",1.87,1.87,0.2356,0.2356,311,547,237,1.0,NEAR_COMPLETE_LBD,,False,NR3A1,ERα,Steroid hormone receptors
7RRY,7RRY_1,1,7RRY.C,C,C,PASS,,P03372,"[""X-RAY DIFFRACTION""]",1.87,1.87,0.2356,0.2356,311,547,237,1.0,NEAR_COMPLETE_LBD,,False,NR3A1,ERα,Steroid hormone receptors
7RRY,7RRY_1,1,7RRY.B,B,B,PASS,,P03372,"[""X-RAY DIFFRACTION""]",1.87,1.87,0.2356,0.2356,311,547,237,1.0,NEAR_COMPLETE_LBD,,False,NR3A1,ERα,Steroid hormone receptors
7RRY,7RRY_1,1,7RRY.A,A,A,PASS,,P03372,"[""X-RAY DIFFRACTION""]",1.87,1.87,0.2356,0.2356,311,547,237,1.0,NEAR_COMPLETE_LBD,,False,NR3A1,ERα,Steroid hormone receptors
7RRZ,7RRZ_1,1,7RRZ.D,D,D,PASS,,P03372,"[""X-RAY DIFFRACTION""]",1.83,1.83,0.2575,0.2575,311,547,237,1.0,NEAR_COMPLETE_LBD,,False,NR3A1,ERα,Steroid hormone receptors
7RRZ,7RRZ_1,1,7RRZ.C,C,C,PASS,,P03372,"[""X-RAY DIFFRACTION""]",1.83,1.83,0.2575,0.2575,311,547,237,1.0,NEAR_COMPLETE_LBD,,False,NR3A1,ERα,Steroid hormone receptors
7RRZ,7RRZ_1,1,7RRZ.B,B,B,PASS,,P03372,"[""X-RAY DIFFRACTION""]",1.83,1.83,0.2575,0.2575,311,547,237,1.0,NEAR_COMPLETE_LBD,,False,NR3A1,ERα,Steroid hormone receptors
7RRZ,7RRZ_1,1,7RRZ.A,A,A,PASS,,P03372,"[""X-RAY DIFFRACTION""]",1.83,1.83,0.2575,0.2575,311,547,237,1.0,NEAR_COMPLETE_LBD,,False,NR3A1,ERα,Steroid hormone receptors
7RS0,7RS0_1,1,7RS0.D,D,D,PASS,,P03372,"[""X-RAY DIFFRACTION""]",1.67,1.67,0.2269,0.2269,311,547,237,1.0,NEAR_COMPLETE_LBD,,False,NR3A1,ERα,Steroid hormone receptors
7RS0,7RS0_1,1,7RS0.C,C,C,PASS,,P03372,"[""X-RAY DIFFRACTION""]",1.67,1.67,0.2269,0.2269,311,547,237,1.0,NEAR_COMPLETE_LBD,,False,NR3A1,ERα,Steroid hormone receptors
7RS0,7RS0_1,1,7RS0.B,B,B,PASS,,P03372,"[""X-RAY DIFFRACTION""]",1.67,1.67,0.2269,0.2269,311,547,237,1.0,NEAR_COMPLETE_LBD,,False,NR3A1,ERα,Steroid hormone receptors
7RS0,7RS0_1,1,7RS0.A,A,A,PASS,,P03372,"[""X-RAY DIFFRACTION""]",1.67,1.67,0.2269,0.2269,311,547,237,1.0,NEAR_COMPLETE_LBD,,False,NR3A1,ERα,Steroid hormone receptors
7RS1,7RS1_1,1,7RS1.D,D,D,PASS,,P03372,"[""X-RAY DIFFRACTION""]",1.59,1.59,0.2191,0.2191,311,547,237,1.0,NEAR_COMPLETE_LBD,,False,NR3A1,ERα,Steroid hormone receptors
7RS1,7RS1_1,1,7RS1.C,C,C,PASS,,P03372,"[""X-RAY DIFFRACTION""]",1.59,1.59,0.2191,0.2191,311,547,237,1.0,NEAR_COMPLETE_LBD,,False,NR3A1,ERα,Steroid hormone receptors
7RS1,7RS1_1,1,7RS1.B,B,B,PASS,,P03372,"[""X-RAY DIFFRACTION""]",1.59,1.59,0.2191,0.2191,311,547,237,1.0,NEAR_COMPLETE_LBD,,False,NR3A1,ERα,Steroid hormone receptors
7RS1,7RS1_1,1,7RS1.A,A,A,PASS,,P03372,"[""X-RAY DIFFRACTION""]",1.59,1.59,0.2191,0.2191,311,547,237,1.0,NEAR_COMPLETE_LBD,,False,NR3A1,ERα,Steroid hormone receptors
7RS2,7RS2_1,1,7RS2.D,D,D,PASS,,P03372,"[""X-RAY DIFFRACTION""]",1.72,1.72,0.221,0.221,311,547,237,1.0,NEAR_COMPLETE_LBD,,False,NR3A1,ERα,Steroid hormone receptors
7RS2,7RS2_1,1,7RS2.C,C,C,PASS,,P03372,"[""X-RAY DIFFRACTION""]",1.72,1.72,0.221,0.221,311,547,237,1.0,NEAR_COMPLETE_LBD,,False,NR3A1,ERα,Steroid hormone receptors
7RS2,7RS2_1,1,7RS2.B,B,B,PASS,,P03372,"[""X-RAY DIFFRACTION""]",1.72,1.72,0.221,0.221,311,547,237,1.0,NEAR_COMPLETE_LBD,,False,NR3A1,ERα,Steroid hormone receptors
7RS2,7RS2_1,1,7RS2.A,A,A,PASS,,P03372,"[""X-RAY DIFFRACTION""]",1.72,1.72,0.221,0.221,311,547,237,1.0,NEAR_COMPLETE_LBD,,False,NR3A1,ERα,Steroid hormone receptors
7RS3,7RS3_1,1,7RS3.D,D,D,PASS,,P03372,"[""X-RAY DIFFRACTION""]",1.84,1.84,0.2832,0.2832,311,547,237,1.0,NEAR_COMPLETE_LBD,,False,NR3A1,ERα,Steroid hormone receptors
7RS3,7RS3_1,1,7RS3.C,C,C,PASS,,P03372,"[""X-RAY DIFFRACTION""]",1.84,1.84,0.2832,0.2832,311,547,237,1.0,NEAR_COMPLETE_LBD,,False,NR3A1,ERα,Steroid hormone receptors
7RS3,7RS3_1,1,7RS3.B,B,B,PASS,,P03372,"[""X-RAY DIFFRACTION""]",1.84,1.84,0.2832,0.2832,311,547,237,1.0,NEAR_COMPLETE_LBD,,False,NR3A1,ERα,Steroid hormone receptors
7RS3,7RS3_1,1,7RS3.A,A,A,PASS,,P03372,"[""X-RAY DIFFRACTION""]",1.84,1.84,0.2832,0.2832,311,547,237,1.0,NEAR_COMPLETE_LBD,,False,NR3A1,ERα,Steroid hormone receptors
7RS4,7RS4_1,1,7RS4.D,D,D,PASS,,P03372,"[""X-RAY DIFFRACTION""]",1.78,1.78,0.2509,0.2509,311,547,237,1.0,NEAR_COMPLETE_LBD,,False,NR3A1,ERα,Steroid hormone receptors
7RS4,7RS4_1,1,7RS4.C,C,C,PASS,,P03372,"[""X-RAY DIFFRACTION""]",1.78,1.78,0.2509,0.2509,311,547,237,1.0,NEAR_COMPLETE_LBD,,False,NR3A1,ERα,Steroid hormone receptors
7RS4,7RS4_1,1,7RS4.B,B,B,PASS,,P03372,"[""X-RAY DIFFRACTION""]",1.78,1.78,0.2509,0.2509,311,547,237,1.0,NEAR_COMPLETE_LBD,,False,NR3A1,ERα,Steroid hormone receptors
7RS4,7RS4_1,1,7RS4.A,A,A,PASS,,P03372,"[""X-RAY DIFFRACTION""]",1.78,1.78,0.2509,0.2509,311,547,237,1.0,NEAR_COMPLETE_LBD,,False,NR3A1,ERα,Steroid hormone receptors
7RS7,7RS7_1,1,7RS7.D,D,D,PASS,,P03372,"[""X-RAY DIFFRACTION""]",1.58,1.58,0.251,0.251,311,547,237,1.0,NEAR_COMPLETE_LBD,,False,NR3A1,ERα,Steroid hormone receptors
7RS7,7RS7_1,1,7RS7.C,C,C,PASS,,P03372,"[""X-RAY DIFFRACTION""]",1.58,1.58,0.251,0.251,311,547,237,1.0,NEAR_COMPLETE_LBD,,False,NR3A1,ERα,Steroid hormone receptors
7RS7,7RS7_1,1,7RS7.B,B,B,PASS,,P03372,"[""X-RAY DIFFRACTION""]",1.58,1.58,0.251,0.251,311,547,237,1.0,NEAR_COMPLETE_LBD,,False,NR3A1,ERα,Steroid hormone receptors
7RS7,7RS7_1,1,7RS7.A,A,A,PASS,,P03372,"[""X-RAY DIFFRACTION""]",1.58,1.58,0.251,0.251,311,547,237,1.0,NEAR_COMPLETE_LBD,,False,NR3A1,ERα,Steroid hormone receptors
7RS8,7RS8_1,1,7RS8.C,C,C,PASS,,P03372,"[""X-RAY DIFFRACTION""]",1.64,1.64,0.2496,0.2496,311,547,237,1.0,NEAR_COMPLETE_LBD,,False,NR3A1,ERα,Steroid hormone receptors
7RS8,7RS8_1,1,7RS8.B,B,B,PASS,,P03372,"[""X-RAY DIFFRACTION""]",1.64,1.64,0.2496,0.2496,311,547,237,1.0,NEAR_COMPLETE_LBD,,False,NR3A1,ERα,Steroid hormone receptors
7RS8,7RS8_1,1,7RS8.A,A,A,PASS,,P03372,"[""X-RAY DIFFRACTION""]",1.64,1.64,0.2496,0.2496,311,547,237,1.0,NEAR_COMPLETE_LBD,,False,NR3A1,ERα,Steroid hormone receptors
7RS8,7RS8_2,2,7RS8.D,D,D,PASS,,P03372,"[""X-RAY DIFFRACTION""]",1.64,1.64,0.2496,0.2496,311,547,237,1.0,NEAR_COMPLETE_LBD,,False,NR3A1,ERα,Steroid hormone receptors
7RS9,7RS9_1,1,7RS9.D,D,D,PASS,,P03372,"[""X-RAY DIFFRACTION""]",1.7,1.7,0.2517,0.2517,311,547,237,1.0,NEAR_COMPLETE_LBD,,False,NR3A1,ERα,Steroid hormone receptors
7RS9,7RS9_1,1,7RS9.C,C,C,PASS,,P03372,"[""X-RAY DIFFRACTION""]",1.7,1.7,0.2517,0.2517,311,547,237,1.0,NEAR_COMPLETE_LBD,,False,NR3A1,ERα,Steroid hormone receptors
7RS9,7RS9_1,1,7RS9.B,B,B,PASS,,P03372,"[""X-RAY DIFFRACTION""]",1.7,1.7,0.2517,0.2517,311,547,237,1.0,NEAR_COMPLETE_LBD,,False,NR3A1,ERα,Steroid hormone receptors
7RS9,7RS9_1,1,7RS9.A,A,A,PASS,,P03372,"[""X-RAY DIFFRACTION""]",1.7,1.7,0.2517,0.2517,311,547,237,1.0,NEAR_COMPLETE_LBD,,False,NR3A1,ERα,Steroid hormone receptors
7SFO,7SFO_1,1,7SFO.B,B,B,PASS,,P03372,"[""X-RAY DIFFRACTION""]",1.9,1.9,0.2255,0.2255,311,547,237,1.0,NEAR_COMPLETE_LBD,,False,NR3A1,ERα,Steroid hormone receptors
7SFO,7SFO_1,1,7SFO.A,A,A,PASS,,P03372,"[""X-RAY DIFFRACTION""]",1.9,1.9,0.2255,0.2255,311,547,237,1.0,NEAR_COMPLETE_LBD,,False,NR3A1,ERα,Steroid hormone receptors
7SQA,7SQA_1,1,7SQA.B,B,B,PASS,,P37231,"[""X-RAY DIFFRACTION""]",2.499,2.499,0.2855,0.2855,238,503,266,1.0,NEAR_COMPLETE_LBD,,False,NR1C3,PPARγ,Nutritional sensors
7SQA,7SQA_1,1,7SQA.A,A,A,PASS,,P37231,"[""X-RAY DIFFRACTION""]",2.499,2.499,0.2855,0.2855,238,503,266,1.0,NEAR_COMPLETE_LBD,,False,NR1C3,PPARγ,Nutritional sensors
7SQB,7SQB_1,1,7SQB.A,A,A,PASS,,P37231,"[""X-RAY DIFFRACTION""]",2.6,2.6,0.2608,0.2608,238,503,266,1.0,NEAR_COMPLETE_LBD,,False,NR1C3,PPARγ,Nutritional sensors
7T2X,7T2X_1,1,7T2X.B,B,B,PASS,,P03372,"[""X-RAY DIFFRACTION""]",2.6,2.6,0.2767,0.2767,311,547,237,1.0,NEAR_COMPLETE_LBD,,False,NR3A1,ERα,Steroid hormone receptors
7T2X,7T2X_1,1,7T2X.A,A,A,PASS,,P03372,"[""X-RAY DIFFRACTION""]",2.6,2.6,0.2767,0.2767,311,547,237,1.0,NEAR_COMPLETE_LBD,,False,NR3A1,ERα,Steroid hormone receptors
7TE7,7TE7_1,1,7TE7.A,A,A,PASS,,P03372,"[""X-RAY DIFFRACTION""]",1.85,1.85,0.246,0.246,311,547,237,1.0,NEAR_COMPLETE_LBD,,False,NR3A1,ERα,Steroid hormone receptors
7TRB,7TRB_1,1,7TRB.B,B,B,PASS,,Q96RI1,"[""X-RAY DIFFRACTION""]",2.15,2.15,0.256,0.256,262,486,225,1.0,NEAR_COMPLETE_LBD,,False,NR1H4,FXR,Nutritional sensors
7TRB,7TRB_1,1,7TRB.A,A,A,PASS,,Q96RI1,"[""X-RAY DIFFRACTION""]",2.15,2.15,0.256,0.256,262,486,225,1.0,NEAR_COMPLETE_LBD,,False,NR1H4,FXR,Nutritional sensors
7TT8,7TT8_1,1,7TT8.A,A,A,PASS,,O00482,"[""X-RAY DIFFRACTION""]",2.8,2.8,0.2759,0.2759,300,539,240,1.0,NEAR_COMPLETE_LBD,,False,NR5A2,LRH-1,Nutritional sensors
7UJ7,7UJ7_1,1,7UJ7.D,D,C,PASS,,P03372,"[""X-RAY DIFFRACTION""]",1.68,1.68,0.24,0.24,311,547,237,1.0,NEAR_COMPLETE_LBD,,False,NR3A1,ERα,Steroid hormone receptors
7UJ7,7UJ7_1,1,7UJ7.C,C,A,PASS,,P03372,"[""X-RAY DIFFRACTION""]",1.68,1.68,0.24,0.24,311,547,237,1.0,NEAR_COMPLETE_LBD,,False,NR3A1,ERα,Steroid hormone receptors
7UJ7,7UJ7_1,1,7UJ7.B,B,B,PASS,,P03372,"[""X-RAY DIFFRACTION""]",1.68,1.68,0.24,0.24,311,547,237,1.0,NEAR_COMPLETE_LBD,,False,NR3A1,ERα,Steroid hormone receptors
7UJ7,7UJ7_1,1,7UJ7.A,A,D,PASS,,P03372,"[""X-RAY DIFFRACTION""]",1.68,1.68,0.24,0.24,311,547,237,1.0,NEAR_COMPLETE_LBD,,False,NR3A1,ERα,Steroid hormone receptors
7UJ8,7UJ8_1,1,7UJ8.B,B,A,PASS,,P03372,"[""X-RAY DIFFRACTION""]",2.385,2.385,0.2714,0.2714,311,547,237,1.0,NEAR_COMPLETE_LBD,,False,NR3A1,ERα,Steroid hormone receptors
7UJ8,7UJ8_1,1,7UJ8.A,A,B,PASS,,P03372,"[""X-RAY DIFFRACTION""]",2.385,2.385,0.2714,0.2714,311,547,237,1.0,NEAR_COMPLETE_LBD,,False,NR3A1,ERα,Steroid hormone receptors
7UJC,7UJC_1,1,7UJC.B,B,B,PASS,,P03372,"[""X-RAY DIFFRACTION""]",1.78,1.78,0.23,0.23,311,547,237,1.0,NEAR_COMPLETE_LBD,,False,NR3A1,ERα,Steroid hormone receptors
7UJC,7UJC_1,1,7UJC.A,A,A,PASS,,P03372,"[""X-RAY DIFFRACTION""]",1.78,1.78,0.23,0.23,311,547,237,1.0,NEAR_COMPLETE_LBD,,False,NR3A1,ERα,Steroid hormone receptors
7UJF,7UJF_1,1,7UJF.D,D,D,PASS,,P03372,"[""X-RAY DIFFRACTION""]",1.7,1.7,0.2392,0.2392,311,547,237,1.0,NEAR_COMPLETE_LBD,,False,NR3A1,ERα,Steroid hormone receptors
7UJF,7UJF_1,1,7UJF.C,C,C,PASS,,P03372,"[""X-RAY DIFFRACTION""]",1.7,1.7,0.2392,0.2392,311,547,237,1.0,NEAR_COMPLETE_LBD,,False,NR3A1,ERα,Steroid hormone receptors
7UJF,7UJF_1,1,7UJF.B,B,A,PASS,,P03372,"[""X-RAY DIFFRACTION""]",1.7,1.7,0.2392,0.2392,311,547,237,1.0,NEAR_COMPLETE_LBD,,False,NR3A1,ERα,Steroid hormone receptors
7UJF,7UJF_1,1,7UJF.A,A,B,PASS,,P03372,"[""X-RAY DIFFRACTION""]",1.7,1.7,0.2392,0.2392,311,547,237,1.0,NEAR_COMPLETE_LBD,,False,NR3A1,ERα,Steroid hormone receptors
7UJM,7UJM_1,1,7UJM.D,D,D,PASS,,P03372,"[""X-RAY DIFFRACTION""]",1.8,1.8,0.2329,0.2329,311,547,237,1.0,NEAR_COMPLETE_LBD,,False,NR3A1,ERα,Steroid hormone receptors
7UJM,7UJM_1,1,7UJM.C,C,C,PASS,,P03372,"[""X-RAY DIFFRACTION""]",1.8,1.8,0.2329,0.2329,311,547,237,1.0,NEAR_COMPLETE_LBD,,False,NR3A1,ERα,Steroid hormone receptors
7UJM,7UJM_1,1,7UJM.B,B,A,PASS,,P03372,"[""X-RAY DIFFRACTION""]",1.8,1.8,0.2329,0.2329,311,547,237,1.0,NEAR_COMPLETE_LBD,,False,NR3A1,ERα,Steroid hormone receptors
7UJM,7UJM_1,1,7UJM.A,A,B,PASS,,P03372,"[""X-RAY DIFFRACTION""]",1.8,1.8,0.2329,0.2329,311,547,237,1.0,NEAR_COMPLETE_LBD,,False,NR3A1,ERα,Steroid hormone receptors
7UJO,7UJO_1,1,7UJO.D,D,A,PASS,,P03372,"[""X-RAY DIFFRACTION""]",1.449,1.449,0.228219,0.228219,311,547,237,1.0,NEAR_COMPLETE_LBD,,False,NR3A1,ERα,Steroid hormone receptors
7UJO,7UJO_1,1,7UJO.C,C,C,PASS,,P03372,"[""X-RAY DIFFRACTION""]",1.449,1.449,0.228219,0.228219,311,547,237,1.0,NEAR_COMPLETE_LBD,,False,NR3A1,ERα,Steroid hormone receptors
7UJO,7UJO_1,1,7UJO.B,B,D,PASS,,P03372,"[""X-RAY DIFFRACTION""]",1.449,1.449,0.228219,0.228219,311,547,237,1.0,NEAR_COMPLETE_LBD,,False,NR3A1,ERα,Steroid hormone receptors
7UJO,7UJO_1,1,7UJO.A,A,B,PASS,,P03372,"[""X-RAY DIFFRACTION""]",1.449,1.449,0.228219,0.228219,311,547,237,1.0,NEAR_COMPLETE_LBD,,False,NR3A1,ERα,Steroid hormone receptors
7UJW,7UJW_1,1,7UJW.D,D,A,PASS,,P03372,"[""X-RAY DIFFRACTION""]",2.6,2.6,0.263,0.263,311,547,237,1.0,NEAR_COMPLETE_LBD,,False,NR3A1,ERα,Steroid hormone receptors
7UJW,7UJW_1,1,7UJW.C,C,C,PASS,,P03372,"[""X-RAY DIFFRACTION""]",2.6,2.6,0.263,0.263,311,547,237,1.0,NEAR_COMPLETE_LBD,,False,NR3A1,ERα,Steroid hormone receptors
7UJW,7UJW_1,1,7UJW.B,B,D,PASS,,P03372,"[""X-RAY DIFFRACTION""]",2.6,2.6,0.263,0.263,311,547,237,1.0,NEAR_COMPLETE_LBD,,False,NR3A1,ERα,Steroid hormone receptors
7UJW,7UJW_1,1,7UJW.A,A,B,PASS,,P03372,"[""X-RAY DIFFRACTION""]",2.6,2.6,0.263,0.263,311,547,237,1.0,NEAR_COMPLETE_LBD,,False,NR3A1,ERα,Steroid hormone receptors
7UJY,7UJY_1,1,7UJY.D,D,D,PASS,,P03372,"[""X-RAY DIFFRACTION""]",1.7,1.7,0.224,0.224,311,547,237,1.0,NEAR_COMPLETE_LBD,,False,NR3A1,ERα,Steroid hormone receptors
7UJY,7UJY_1,1,7UJY.C,C,C,PASS,,P03372,"[""X-RAY DIFFRACTION""]",1.7,1.7,0.224,0.224,311,547,237,1.0,NEAR_COMPLETE_LBD,,False,NR3A1,ERα,Steroid hormone receptors
7UJY,7UJY_1,1,7UJY.B,B,A,PASS,,P03372,"[""X-RAY DIFFRACTION""]",1.7,1.7,0.224,0.224,311,547,237,1.0,NEAR_COMPLETE_LBD,,False,NR3A1,ERα,Steroid hormone receptors
7UJY,7UJY_1,1,7UJY.A,A,B,PASS,,P03372,"[""X-RAY DIFFRACTION""]",1.7,1.7,0.224,0.224,311,547,237,1.0,NEAR_COMPLETE_LBD,,False,NR3A1,ERα,Steroid hormone receptors
7UW2,7UW2_1,1,7UW2.A,A,A,PASS,,P19793,"[""X-RAY DIFFRACTION""]",1.88,1.88,0.2181,0.2181,227,458,232,1.0,NEAR_COMPLETE_LBD,,False,NR2B1,RXRα,Nutritional sensors
7UW4,7UW4_1,1,7UW4.A,A,A,PASS,,P19793,"[""X-RAY DIFFRACTION""]",2.1,2.1,0.2434,0.2434,227,458,232,1.0,NEAR_COMPLETE_LBD,,False,NR2B1,RXRα,Nutritional sensors
7VUE,7VUE_1,1,7VUE.A,A,A,PASS,,Q96RI1,"[""X-RAY DIFFRACTION""]",2.601,2.601,0.2687,0.2687,262,486,223,0.991111,NEAR_COMPLETE_LBD,,False,NR1H4,FXR,Nutritional sensors
7VWE,7VWE_1,1,7VWE.B,B,B,PASS,,Q03181,"[""X-RAY DIFFRACTION""]",3.0,3.0,0.2321,0.2321,211,439,229,1.0,NEAR_COMPLETE_LBD,,False,NR1C2,PPARδ,Nutritional sensors
7VWE,7VWE_1,1,7VWE.A,A,A,PASS,,Q03181,"[""X-RAY DIFFRACTION""]",3.0,3.0,0.2321,0.2321,211,439,229,1.0,NEAR_COMPLETE_LBD,,False,NR1C2,PPARδ,Nutritional sensors
7VWF,7VWF_1,1,7VWF.B,B,B,PASS,,Q03181,"[""X-RAY DIFFRACTION""]",1.9,1.9,0.2181,0.2181,211,439,229,1.0,NEAR_COMPLETE_LBD,,False,NR1C2,PPARδ,Nutritional sensors
7VWF,7VWF_1,1,7VWF.A,A,A,PASS,,Q03181,"[""X-RAY DIFFRACTION""]",1.9,1.9,0.2181,0.2181,211,439,229,1.0,NEAR_COMPLETE_LBD,,False,NR1C2,PPARδ,Nutritional sensors
7VWG,7VWG_1,1,7VWG.B,B,B,PASS,,Q03181,"[""X-RAY DIFFRACTION""]",2.2,2.2,0.2316,0.2316,211,439,229,1.0,NEAR_COMPLETE_LBD,,False,NR1C2,PPARδ,Nutritional sensors
7VWG,7VWG_1,1,7VWG.A,A,A,PASS,,Q03181,"[""X-RAY DIFFRACTION""]",2.2,2.2,0.2316,0.2316,211,439,229,1.0,NEAR_COMPLETE_LBD,,False,NR1C2,PPARδ,Nutritional sensors
7VWH,7VWH_1,1,7VWH.B,B,B,PASS,,Q03181,"[""X-RAY DIFFRACTION""]",2.1,2.1,0.2397,0.2397,211,439,229,1.0,NEAR_COMPLETE_LBD,,False,NR1C2,PPARδ,Nutritional sensors
7VWH,7VWH_1,1,7VWH.A,A,A,PASS,,Q03181,"[""X-RAY DIFFRACTION""]",2.1,2.1,0.2397,0.2397,211,439,229,1.0,NEAR_COMPLETE_LBD,,False,NR1C2,PPARδ,Nutritional sensors
7W0G,7W0G_1,1,7W0G.B,B,B,PASS,,Q03181,"[""X-RAY DIFFRACTION""]",2.443,2.443,0.2365,0.2365,211,439,229,1.0,NEAR_COMPLETE_LBD,,False,NR1C2,PPARδ,Nutritional sensors
7W0G,7W0G_1,1,7W0G.A,A,A,PASS,,Q03181,"[""X-RAY DIFFRACTION""]",2.443,2.443,0.2365,0.2365,211,439,229,1.0,NEAR_COMPLETE_LBD,,False,NR1C2,PPARδ,Nutritional sensors
7W3P,7W3P_1,1,7W3P.A,A,A,PASS,,P51449,"[""X-RAY DIFFRACTION""]",1.77,1.77,0.2342,0.2342,269,508,239,0.995833,NEAR_COMPLETE_LBD,,False,NR1F3,RORγ,Nutritional sensors
7W3Q,7W3Q_1,1,7W3Q.A,A,A,PASS,,P51449,"[""X-RAY DIFFRACTION""]",2.0,2.0,0.2651,0.2651,269,508,239,0.995833,NEAR_COMPLETE_LBD,,False,NR1F3,RORγ,Nutritional sensors
7WGL,7WGL_1,1,7WGL.B,B,B,PASS,,Q03181,"[""X-RAY DIFFRACTION""]",2.091,2.091,0.2258,0.2258,211,439,229,1.0,NEAR_COMPLETE_LBD,,False,NR1C2,PPARδ,Nutritional sensors
7WGL,7WGL_1,1,7WGL.A,A,A,PASS,,Q03181,"[""X-RAY DIFFRACTION""]",2.091,2.091,0.2258,0.2258,211,439,229,1.0,NEAR_COMPLETE_LBD,,False,NR1C2,PPARδ,Nutritional sensors
7WGN,7WGN_1,1,7WGN.A,A,A,PASS,,Q03181,"[""X-RAY DIFFRACTION""]",1.813,1.813,0.2548,0.2548,211,439,229,1.0,NEAR_COMPLETE_LBD,,False,NR1C2,PPARδ,Nutritional sensors
7WGO,7WGO_1,1,7WGO.A,A,A,PASS,,P37231,"[""X-RAY DIFFRACTION""]",2.36,2.36,0.2253,0.2253,238,503,266,1.0,NEAR_COMPLETE_LBD,,False,NR1C3,PPARγ,Nutritional sensors
7WGP,7WGP_1,1,7WGP.A,A,A,PASS,,P37231,"[""X-RAY DIFFRACTION""]",2.53,2.53,0.2686,0.2686,238,503,266,1.0,NEAR_COMPLETE_LBD,,False,NR1C3,PPARγ,Nutritional sensors
7WGQ,7WGQ_1,1,7WGQ.A,A,A,PASS,,P37231,"[""X-RAY DIFFRACTION""]",2.43,2.43,0.2518,0.2518,238,503,266,1.0,NEAR_COMPLETE_LBD,,False,NR1C3,PPARγ,Nutritional sensors
7WLX,7WLX_1,1,7WLX.A,A,A,PASS,,P10828,"[""X-RAY DIFFRACTION""]",2.39,2.39,0.2697,0.2697,217,461,245,1.0,NEAR_COMPLETE_LBD,,False,NR1A2,TRβ,Steroid hormone receptors
7WMG,7WMG_1,1,7WMG.A,A,A,PASS,,P10828,"[""X-RAY DIFFRACTION""]",2.93,2.93,0.2984,0.2984,217,461,245,1.0,NEAR_COMPLETE_LBD,,False,NR1A2,TRβ,Steroid hormone receptors
7WMH,7WMH_1,1,7WMH.A,A,A,PASS,,P10828,"[""X-RAY DIFFRACTION""]",1.97,1.97,0.2528,0.2528,217,461,245,1.0,NEAR_COMPLETE_LBD,,False,NR1A2,TRβ,Steroid hormone receptors
7WMJ,7WMJ_1,1,7WMJ.A,A,A,PASS,,P10828,"[""X-RAY DIFFRACTION""]",2.81,2.81,0.2738,0.2738,217,461,245,1.0,NEAR_COMPLETE_LBD,,False,NR1A2,TRβ,Steroid hormone receptors
7WML,7WML_1,1,7WML.A,A,A,PASS,,P10828,"[""X-RAY DIFFRACTION""]",2.67,2.67,0.2451,0.2451,217,461,245,1.0,NEAR_COMPLETE_LBD,,False,NR1A2,TRβ,Steroid hormone receptors
7WMN,7WMN_1,1,7WMN.A,A,A,PASS,,P10828,"[""X-RAY DIFFRACTION""]",2.57,2.57,0.261,0.261,217,461,245,1.0,NEAR_COMPLETE_LBD,,False,NR1A2,TRβ,Steroid hormone receptors
7WMO,7WMO_1,1,7WMO.A,A,A,PASS,,P10828,"[""X-RAY DIFFRACTION""]",2.56,2.56,0.2407,0.2407,217,461,245,1.0,NEAR_COMPLETE_LBD,,False,NR1A2,TRβ,Steroid hormone receptors
7WNH,7WNH_1,1,7WNH.D,D,D,PASS,,P43354,"[""X-RAY DIFFRACTION""]",3.1,3.1,0.2671,0.2671,360,595,236,1.0,NEAR_COMPLETE_LBD,,False,NR4A2,NURR1,Nutritional sensors
7WNH,7WNH_1,1,7WNH.C,C,C,PASS,,P43354,"[""X-RAY DIFFRACTION""]",3.1,3.1,0.2671,0.2671,360,595,236,1.0,NEAR_COMPLETE_LBD,,False,NR4A2,NURR1,Nutritional sensors
7WNH,7WNH_1,1,7WNH.B,B,B,PASS,,P43354,"[""X-RAY DIFFRACTION""]",3.1,3.1,0.2671,0.2671,360,595,236,1.0,NEAR_COMPLETE_LBD,,False,NR4A2,NURR1,Nutritional sensors
7WNH,7WNH_1,1,7WNH.A,A,A,PASS,,P43354,"[""X-RAY DIFFRACTION""]",3.1,3.1,0.2671,0.2671,360,595,236,1.0,NEAR_COMPLETE_LBD,,False,NR4A2,NURR1,Nutritional sensors
7WNV,7WNV_1,1,7WNV.D,D,D,PASS,,P03372,"[""X-RAY DIFFRACTION""]",2.3,2.3,0.2355,0.2355,311,547,237,1.0,NEAR_COMPLETE_LBD,,False,NR3A1,ERα,Steroid hormone receptors
7WNV,7WNV_1,1,7WNV.C,C,C,PASS,,P03372,"[""X-RAY DIFFRACTION""]",2.3,2.3,0.2355,0.2355,311,547,237,1.0,NEAR_COMPLETE_LBD,,False,NR3A1,ERα,Steroid hormone receptors
7WNV,7WNV_1,1,7WNV.B,B,B,PASS,,P03372,"[""X-RAY DIFFRACTION""]",2.3,2.3,0.2355,0.2355,311,547,237,1.0,NEAR_COMPLETE_LBD,,False,NR3A1,ERα,Steroid hormone receptors
7WNV,7WNV_1,1,7WNV.A,A,A,PASS,,P03372,"[""X-RAY DIFFRACTION""]",2.3,2.3,0.2355,0.2355,311,547,237,1.0,NEAR_COMPLETE_LBD,,False,NR3A1,ERα,Steroid hormone receptors
7WOX,7WOX_1,1,7WOX.B,B,B,PASS,,P37231,"[""X-RAY DIFFRACTION""]",3.2,3.2,0.2733,0.2733,238,503,266,1.0,NEAR_COMPLETE_LBD,,False,NR1C3,PPARγ,Nutritional sensors
7WOX,7WOX_1,1,7WOX.A,A,A,PASS,,P37231,"[""X-RAY DIFFRACTION""]",3.2,3.2,0.2733,0.2733,238,503,266,1.0,NEAR_COMPLETE_LBD,,False,NR1C3,PPARγ,Nutritional sensors
7WQQ,7WQQ_1,1,7WQQ.A,A,A,PASS,,P10276,"[""X-RAY DIFFRACTION""]",1.9,1.9,0.2056,0.2056,183,417,235,1.0,NEAR_COMPLETE_LBD,,False,NR1B1,RARα,Steroid hormone receptors
7XQE,7XQE_1,1,7XQE.B,B,B,PASS,,P51449,"[""X-RAY DIFFRACTION""]",2.57,2.57,0.2769,0.2769,269,508,239,0.995833,NEAR_COMPLETE_LBD,,False,NR1F3,RORγ,Nutritional sensors
7XQE,7XQE_1,1,7XQE.A,A,A,PASS,,P51449,"[""X-RAY DIFFRACTION""]",2.57,2.57,0.2769,0.2769,269,508,239,0.995833,NEAR_COMPLETE_LBD,,False,NR1F3,RORγ,Nutritional sensors
7XV6,7XV6_3,3,7XV6.D,D,B,PASS,,P49116,"[""X-RAY DIFFRACTION""]",2.3,2.3,0.215,0.215,341,583,0,0.0,NO_LBD_OVERLAP,,False,NR2C2,TR4,Nutritional sensors
7XV6,7XV6_3,3,7XV6.C,C,A,PASS,,P49116,"[""X-RAY DIFFRACTION""]",2.3,2.3,0.215,0.215,341,583,0,0.0,NO_LBD_OVERLAP,,False,NR2C2,TR4,Nutritional sensors
7XV8,7XV8_1,1,7XV8.B,B,B,PASS,,P49116,"[""X-RAY DIFFRACTION""]",3.199,3.199,0.2493,0.2493,341,583,0,0.0,NO_LBD_OVERLAP,,False,NR2C2,TR4,Nutritional sensors
7XV8,7XV8_1,1,7XV8.A,A,A,PASS,,P49116,"[""X-RAY DIFFRACTION""]",3.199,3.199,0.2493,0.2493,341,583,0,0.0,NO_LBD_OVERLAP,,False,NR2C2,TR4,Nutritional sensors
7XV9,7XV9_1,1,7XV9.B,B,B,PASS,,P49116,"[""X-RAY DIFFRACTION""]",1.599,1.599,0.1805,0.1805,341,583,0,0.0,NO_LBD_OVERLAP,,False,NR2C2,TR4,Nutritional sensors
7XV9,7XV9_1,1,7XV9.A,A,A,PASS,,P49116,"[""X-RAY DIFFRACTION""]",1.599,1.599,0.1805,0.1805,341,583,0,0.0,NO_LBD_OVERLAP,,False,NR2C2,TR4,Nutritional sensors
7XVA,7XVA_1,1,7XVA.A,A,A,PASS,,P49116,"[""X-RAY DIFFRACTION""]",1.856,1.856,0.2187,0.2187,341,583,243,1.0,NEAR_COMPLETE_LBD,,False,NR2C2,TR4,Nutritional sensors
7XVY,7XVY_1,1,7XVY.B,B,B,PASS,,Q92731,"[""X-RAY DIFFRACTION""]",1.544,1.544,0.2375,0.2375,264,498,235,1.0,NEAR_COMPLETE_LBD,,False,NR3A2,ERβ,Steroid hormone receptors
7XVY,7XVY_1,1,7XVY.A,A,A,PASS,,Q92731,"[""X-RAY DIFFRACTION""]",1.544,1.544,0.2375,0.2375,264,498,235,1.0,NEAR_COMPLETE_LBD,,False,NR3A2,ERβ,Steroid hormone receptors
7XVZ,7XVZ_1,1,7XVZ.B,B,B,PASS,,Q92731,"[""X-RAY DIFFRACTION""]",2.08,2.08,0.307,0.307,264,498,235,1.0,NEAR_COMPLETE_LBD,,False,NR3A2,ERβ,Steroid hormone receptors
7XVZ,7XVZ_1,1,7XVZ.A,A,A,PASS,,Q92731,"[""X-RAY DIFFRACTION""]",2.08,2.08,0.307,0.307,264,498,235,1.0,NEAR_COMPLETE_LBD,,False,NR3A2,ERβ,Steroid hormone receptors
7XWP,7XWP_1,1,7XWP.B,B,B,PASS,,Q92731,"[""X-RAY DIFFRACTION""]",1.919,1.919,0.2551,0.2551,264,498,235,1.0,NEAR_COMPLETE_LBD,,False,NR3A2,ERβ,Steroid hormone receptors
7XWP,7XWP_1,1,7XWP.A,A,A,PASS,,Q92731,"[""X-RAY DIFFRACTION""]",1.919,1.919,0.2551,0.2551,264,498,235,1.0,NEAR_COMPLETE_LBD,,False,NR3A2,ERβ,Steroid hormone receptors
7XWQ,7XWQ_1,1,7XWQ.B,B,B,PASS,,Q92731,"[""X-RAY DIFFRACTION""]",1.89,1.89,0.2393,0.2393,264,498,235,1.0,NEAR_COMPLETE_LBD,,False,NR3A2,ERβ,Steroid hormone receptors
7XWQ,7XWQ_1,1,7XWQ.A,A,A,PASS,,Q92731,"[""X-RAY DIFFRACTION""]",1.89,1.89,0.2393,0.2393,264,498,235,1.0,NEAR_COMPLETE_LBD,,False,NR3A2,ERβ,Steroid hormone receptors
7XWR,7XWR_1,1,7XWR.B,B,B,PASS,,Q92731,"[""X-RAY DIFFRACTION""]",2.164,2.164,0.3178,0.3178,264,498,235,1.0,NEAR_COMPLETE_LBD,,False,NR3A2,ERβ,Steroid hormone receptors
7XWR,7XWR_1,1,7XWR.A,A,A,PASS,,Q92731,"[""X-RAY DIFFRACTION""]",2.164,2.164,0.3178,0.3178,264,498,235,1.0,NEAR_COMPLETE_LBD,,False,NR3A2,ERβ,Steroid hormone receptors
7Y8F,7Y8F_1,1,7Y8F.C,C,B,PASS,,P03372,"[""X-RAY DIFFRACTION""]",2.22,2.22,0.2514,0.2514,311,547,237,1.0,NEAR_COMPLETE_LBD,,False,NR3A1,ERα,Steroid hormone receptors
7Y8F,7Y8F_1,1,7Y8F.A,A,A,PASS,,P03372,"[""X-RAY DIFFRACTION""]",2.22,2.22,0.2514,0.2514,311,547,237,1.0,NEAR_COMPLETE_LBD,,False,NR3A1,ERα,Steroid hormone receptors
7Y8G,7Y8G_1,1,7Y8G.C,C,B,PASS,,P03372,"[""X-RAY DIFFRACTION""]",2.14,2.14,0.248,0.248,311,547,237,1.0,NEAR_COMPLETE_LBD,,False,NR3A1,ERα,Steroid hormone receptors
7Y8G,7Y8G_1,1,7Y8G.A,A,A,PASS,,P03372,"[""X-RAY DIFFRACTION""]",2.14,2.14,0.248,0.248,311,547,237,1.0,NEAR_COMPLETE_LBD,,False,NR3A1,ERα,Steroid hormone receptors
7YFK,7YFK_1,1,7YFK.B,B,B,PASS,,O75469,"[""X-RAY DIFFRACTION""]",2.1,2.1,,,146,433,288,1.0,NEAR_COMPLETE_LBD,,True,NR1I2,PXR,Nutritional sensors
7YFK,7YFK_1,1,7YFK.A,A,A,PASS,,O75469,"[""X-RAY DIFFRACTION""]",2.1,2.1,,,146,433,288,1.0,NEAR_COMPLETE_LBD,,True,NR1I2,PXR,Nutritional sensors
7YMK,7YMK_1,1,7YMK.C,C,B,PASS,,P03372,"[""X-RAY DIFFRACTION""]",2.25,2.25,0.2531,0.2531,311,547,237,1.0,NEAR_COMPLETE_LBD,,False,NR3A1,ERα,Steroid hormone receptors
7YMK,7YMK_1,1,7YMK.A,A,A,PASS,,P03372,"[""X-RAY DIFFRACTION""]",2.25,2.25,0.2531,0.2531,311,547,237,1.0,NEAR_COMPLETE_LBD,,False,NR3A1,ERα,Steroid hormone receptors
7YXC,7YXC_2,2,7YXC.B,B,R,PASS,,Q15466,"[""X-RAY DIFFRACTION""]",2.25,2.25,0.2452,0.2452,16,257,11,0.045455,TRACE_LBD,,False,NR0B2,SHP,Orphan receptors
7YXD,7YXD_2,2,7YXD.H,H,N,PASS,,Q15466,"[""X-RAY DIFFRACTION""]",2.3,2.3,0.221,0.221,16,257,12,0.049587,TRACE_LBD,,False,NR0B2,SHP,Orphan receptors
7YXD,7YXD_2,2,7YXD.F,F,J,PASS,,Q15466,"[""X-RAY DIFFRACTION""]",2.3,2.3,0.221,0.221,16,257,12,0.049587,TRACE_LBD,,False,NR0B2,SHP,Orphan receptors
7YXD,7YXD_2,2,7YXD.D,D,F,PASS,,Q15466,"[""X-RAY DIFFRACTION""]",2.3,2.3,0.221,0.221,16,257,12,0.049587,TRACE_LBD,,False,NR0B2,SHP,Orphan receptors
7YXD,7YXD_2,2,7YXD.B,B,C,PASS,,Q15466,"[""X-RAY DIFFRACTION""]",2.3,2.3,0.221,0.221,16,257,12,0.049587,TRACE_LBD,,False,NR0B2,SHP,Orphan receptors
7YXN,7YXN_2,2,7YXN.D,D,S,PASS,,Q15466,"[""X-RAY DIFFRACTION""]",2.46,2.46,0.247,0.247,16,257,11,0.045455,TRACE_LBD,,False,NR0B2,SHP,Orphan receptors
7YXN,7YXN_2,2,7YXN.C,C,R,PASS,,Q15466,"[""X-RAY DIFFRACTION""]",2.46,2.46,0.247,0.247,16,257,11,0.045455,TRACE_LBD,,False,NR0B2,SHP,Orphan receptors
7YXO,7YXO_2,2,7YXO.F,F,F,PASS,,Q15466,"[""X-RAY DIFFRACTION""]",2.99,2.99,0.2801,0.2801,16,257,11,0.045455,TRACE_LBD,,False,NR0B2,SHP,Orphan receptors
7YXO,7YXO_2,2,7YXO.D,D,D,PASS,,Q15466,"[""X-RAY DIFFRACTION""]",2.99,2.99,0.2801,0.2801,16,257,11,0.045455,TRACE_LBD,,False,NR0B2,SHP,Orphan receptors
7YXO,7YXO_2,2,7YXO.B,B,B,PASS,,Q15466,"[""X-RAY DIFFRACTION""]",2.99,2.99,0.2801,0.2801,16,257,11,0.045455,TRACE_LBD,,False,NR0B2,SHP,Orphan receptors
7YXP,7YXP_2,2,7YXP.B,B,B,PASS,,Q15466,"[""X-RAY DIFFRACTION""]",3.36,3.36,0.2882,0.2882,16,257,13,0.053719,TRACE_LBD,,False,NR0B2,SHP,Orphan receptors
7YXR,7YXR_2,2,7YXR.D,D,S,PASS,,Q15466,"[""X-RAY DIFFRACTION""]",2.5,2.5,0.2239,0.2239,16,257,12,0.049587,TRACE_LBD,,False,NR0B2,SHP,Orphan receptors
7YXR,7YXR_2,2,7YXR.C,C,R,PASS,,Q15466,"[""X-RAY DIFFRACTION""]",2.5,2.5,0.2239,0.2239,16,257,12,0.049587,TRACE_LBD,,False,NR0B2,SHP,Orphan receptors
7ZTX,7ZTX_1,1,7ZTX.A,A,A,PASS,,P10275,"[""X-RAY DIFFRACTION""]",1.89,1.89,0.2507,0.2507,669,900,229,0.987069,NEAR_COMPLETE_LBD,,False,NR3C4,AR,Steroid hormone receptors
7ZTZ,7ZTZ_1,1,7ZTZ.A,A,A,PASS,,P10275,"[""X-RAY DIFFRACTION""]",1.4,1.4,0.2196,0.2196,669,900,229,0.987069,NEAR_COMPLETE_LBD,,False,NR3C4,AR,Steroid hormone receptors
7ZU1,7ZU1_1,1,7ZU1.A,A,A,PASS,,P10275,"[""X-RAY DIFFRACTION""]",1.68,1.68,0.2545,0.2545,669,900,229,0.987069,NEAR_COMPLETE_LBD,,False,NR3C4,AR,Steroid hormone receptors
7ZU2,7ZU2_1,1,7ZU2.A,A,A,PASS,,P10275,"[""X-RAY DIFFRACTION""]",1.74,1.74,0.2186,0.2186,669,900,229,0.987069,NEAR_COMPLETE_LBD,,False,NR3C4,AR,Steroid hormone receptors
8A9G,8A9G_2,2,8A9G.D,D,D,PASS,,P04150,"[""X-RAY DIFFRACTION""]",1.961,1.961,0.2612,0.2612,524,758,7,0.029787,TRACE_LBD,,False,NR3C1,GR,Steroid hormone receptors
8A9G,8A9G_2,2,8A9G.C,C,C,PASS,,P04150,"[""X-RAY DIFFRACTION""]",1.961,1.961,0.2612,0.2612,524,758,7,0.029787,TRACE_LBD,,False,NR3C1,GR,Steroid hormone receptors
8ADF,8ADF_1,1,8ADF.B,B,B,PASS,,P37231,"[""X-RAY DIFFRACTION""]",2.13,2.13,0.2569,0.2569,238,503,266,1.0,NEAR_COMPLETE_LBD,,False,NR1C3,PPARγ,Nutritional sensors
8ADF,8ADF_1,1,8ADF.A,A,A,PASS,,P37231,"[""X-RAY DIFFRACTION""]",2.13,2.13,0.2569,0.2569,238,503,266,1.0,NEAR_COMPLETE_LBD,,False,NR1C3,PPARγ,Nutritional sensors
8AFN,8AFN_2,2,8AFN.B,B,B,PASS,,P03372,"[""X-RAY DIFFRACTION""]",1.36,1.36,0.1848,0.1848,311,547,0,0.0,NO_LBD_OVERLAP,,False,NR3A1,ERα,Steroid hormone receptors
8AI0,8AI0_2,2,8AI0.B,B,B,PASS,,P03372,"[""X-RAY DIFFRACTION""]",1.6,1.6,0.1767,0.1767,311,547,0,0.0,NO_LBD_OVERLAP,,False,NR3A1,ERα,Steroid hormone receptors
8ALR,8ALR_2,2,8ALR.B,B,B,PASS,,P03372,"[""X-RAY DIFFRACTION""]",1.4,1.4,0.17062,0.17062,311,547,0,0.0,NO_LBD_OVERLAP,,False,NR3A1,ERα,Steroid hormone receptors
8ALT,8ALT_2,2,8ALT.B,B,B,PASS,,P03372,"[""X-RAY DIFFRACTION""]",1.4,1.4,0.15837,0.15837,311,547,0,0.0,NO_LBD_OVERLAP,,False,NR3A1,ERα,Steroid hormone receptors
8ALV,8ALV_2,2,8ALV.B,B,B,PASS,,P03372,"[""X-RAY DIFFRACTION""]",1.6,1.6,0.1846,0.1846,311,547,0,0.0,NO_LBD_OVERLAP,,False,NR3A1,ERα,Steroid hormone receptors
8ALW,8ALW_2,2,8ALW.B,B,B,PASS,,P03372,"[""X-RAY DIFFRACTION""]",1.5,1.5,0.16829,0.16829,311,547,0,0.0,NO_LBD_OVERLAP,,False,NR3A1,ERα,Steroid hormone receptors
8AM7,8AM7_2,2,8AM7.B,B,B,PASS,,P03372,"[""X-RAY DIFFRACTION""]",1.5,1.5,0.16341,0.16341,311,547,0,0.0,NO_LBD_OVERLAP,,False,NR3A1,ERα,Steroid hormone receptors
8ANF,8ANF_2,2,8ANF.B,B,B,PASS,,P03372,"[""X-RAY DIFFRACTION""]",1.4,1.4,0.16201,0.16201,311,547,0,0.0,NO_LBD_OVERLAP,,False,NR3A1,ERα,Steroid hormone receptors
8AOY,8AOY_2,2,8AOY.B,B,B,PASS,,P03372,"[""X-RAY DIFFRACTION""]",1.4,1.4,0.1529,0.1529,311,547,0,0.0,NO_LBD_OVERLAP,,False,NR3A1,ERα,Steroid hormone receptors
8APS,8APS_2,2,8APS.B,B,B,PASS,,P03372,"[""X-RAY DIFFRACTION""]",1.2,1.2,0.1514,0.1514,311,547,0,0.0,NO_LBD_OVERLAP,,False,NR3A1,ERα,Steroid hormone receptors
8AQ1,8AQ1_2,2,8AQ1.B,B,B,PASS,,P03372,"[""X-RAY DIFFRACTION""]",1.4,1.4,0.18083,0.18083,311,547,0,0.0,NO_LBD_OVERLAP,,False,NR3A1,ERα,Steroid hormone receptors
8AQC,8AQC_2,2,8AQC.B,B,B,PASS,,P03372,"[""X-RAY DIFFRACTION""]",1.5,1.5,0.17195,0.17195,311,547,0,0.0,NO_LBD_OVERLAP,,False,NR3A1,ERα,Steroid hormone receptors
8AQE,8AQE_2,2,8AQE.B,B,B,PASS,,P03372,"[""X-RAY DIFFRACTION""]",1.6,1.6,0.24032,0.24032,311,547,0,0.0,NO_LBD_OVERLAP,,False,NR3A1,ERα,Steroid hormone receptors
8AQM,8AQM_1,1,8AQM.B,B,B,PASS,,P37231,"[""X-RAY DIFFRACTION""]",2.3,2.3,0.2512,0.2512,238,503,266,1.0,NEAR_COMPLETE_LBD,,False,NR1C3,PPARγ,Nutritional sensors
8AQM,8AQM_1,1,8AQM.A,A,A,PASS,,P37231,"[""X-RAY DIFFRACTION""]",2.3,2.3,0.2512,0.2512,238,503,266,1.0,NEAR_COMPLETE_LBD,,False,NR1C3,PPARγ,Nutritional sensors
8AQN,8AQN_1,1,8AQN.B,B,B,PASS,,P37231,"[""X-RAY DIFFRACTION""]",1.9,1.9,0.2177,0.2177,238,503,266,1.0,NEAR_COMPLETE_LBD,,False,NR1C3,PPARγ,Nutritional sensors
8AQN,8AQN_1,1,8AQN.A,A,A,PASS,,P37231,"[""X-RAY DIFFRACTION""]",1.9,1.9,0.2177,0.2177,238,503,266,1.0,NEAR_COMPLETE_LBD,,False,NR1C3,PPARγ,Nutritional sensors
8AQZ,8AQZ_2,2,8AQZ.B,B,B,PASS,,P03372,"[""X-RAY DIFFRACTION""]",1.4,1.4,0.15954,0.15954,311,547,0,0.0,NO_LBD_OVERLAP,,False,NR3A1,ERα,Steroid hormone receptors
8AR4,8AR4_2,2,8AR4.B,B,B,PASS,,P03372,"[""X-RAY DIFFRACTION""]",1.5,1.5,0.21926,0.21926,311,547,0,0.0,NO_LBD_OVERLAP,,False,NR3A1,ERα,Steroid hormone receptors
8AR5,8AR5_2,2,8AR5.B,B,B,PASS,,P03372,"[""X-RAY DIFFRACTION""]",1.4,1.4,0.16225,0.16225,311,547,0,0.0,NO_LBD_OVERLAP,,False,NR3A1,ERα,Steroid hormone receptors
8ARG,8ARG_2,2,8ARG.B,B,B,PASS,,P03372,"[""X-RAY DIFFRACTION""]",1.5,1.5,0.1634,0.1634,311,547,0,0.0,NO_LBD_OVERLAP,,False,NR3A1,ERα,Steroid hormone receptors
8ARO,8ARO_2,2,8ARO.B,B,B,PASS,,P03372,"[""X-RAY DIFFRACTION""]",1.6,1.6,0.2004,0.2004,311,547,0,0.0,NO_LBD_OVERLAP,,False,NR3A1,ERα,Steroid hormone receptors
8ARQ,8ARQ_2,2,8ARQ.B,B,B,PASS,,P03372,"[""X-RAY DIFFRACTION""]",1.4,1.4,0.17486,0.17486,311,547,0,0.0,NO_LBD_OVERLAP,,False,NR3A1,ERα,Steroid hormone receptors
8ARR,8ARR_2,2,8ARR.B,B,B,PASS,,P03372,"[""X-RAY DIFFRACTION""]",1.35,1.35,0.19904,0.19904,311,547,0,0.0,NO_LBD_OVERLAP,,False,NR3A1,ERα,Steroid hormone receptors
8ARW,8ARW_2,2,8ARW.B,B,B,PASS,,P03372,"[""X-RAY DIFFRACTION""]",1.5,1.5,0.17888,0.17888,311,547,0,0.0,NO_LBD_OVERLAP,REVIEW_NEEDED,False,NR3A1,ERα,Steroid hormone receptors
8ARX,8ARX_2,2,8ARX.B,B,B,PASS,,P03372,"[""X-RAY DIFFRACTION""]",1.4,1.4,0.16535,0.16535,311,547,0,0.0,NO_LBD_OVERLAP,,False,NR3A1,ERα,Steroid hormone receptors
8ARY,8ARY_2,2,8ARY.B,B,B,PASS,,P03372,"[""X-RAY DIFFRACTION""]",1.45,1.45,0.16525,0.16525,311,547,0,0.0,NO_LBD_OVERLAP,,False,NR3A1,ERα,Steroid hormone receptors
8ARZ,8ARZ_2,2,8ARZ.B,B,B,PASS,,P03372,"[""X-RAY DIFFRACTION""]",1.5,1.5,0.1695,0.1695,311,547,0,0.0,NO_LBD_OVERLAP,,False,NR3A1,ERα,Steroid hormone receptors
8AS1,8AS1_2,2,8AS1.B,B,B,PASS,,P03372,"[""X-RAY DIFFRACTION""]",1.5,1.5,0.19176,0.19176,311,547,0,0.0,NO_LBD_OVERLAP,,False,NR3A1,ERα,Steroid hormone receptors
8AT9,8AT9_2,2,8AT9.B,B,B,PASS,,P03372,"[""X-RAY DIFFRACTION""]",1.4,1.4,0.17846,0.17846,311,547,0,0.0,NO_LBD_OVERLAP,,False,NR3A1,ERα,Steroid hormone receptors
8ATP,8ATP_2,2,8ATP.B,B,B,PASS,,P03372,"[""X-RAY DIFFRACTION""]",1.4,1.4,0.15548,0.15548,311,547,0,0.0,NO_LBD_OVERLAP,,False,NR3A1,ERα,Steroid hormone receptors
8ATY,8ATY_1,1,8ATY.A,A,A,PASS,,P37231,"[""X-RAY DIFFRACTION""]",1.9,1.9,0.201,0.201,238,503,266,1.0,NEAR_COMPLETE_LBD,,False,NR1C3,PPARγ,Nutritional sensors
8ATZ,8ATZ_1,1,8ATZ.A,A,A,PASS,,P37231,"[""X-RAY DIFFRACTION""]",1.95,1.95,0.2448,0.2448,238,503,266,1.0,NEAR_COMPLETE_LBD,,False,NR1C3,PPARγ,Nutritional sensors
8AU2,8AU2_2,2,8AU2.B,B,B,PASS,,P03372,"[""X-RAY DIFFRACTION""]",1.6,1.6,0.20249,0.20249,311,547,0,0.0,NO_LBD_OVERLAP,,False,NR3A1,ERα,Steroid hormone receptors
8AUS,8AUS_2,2,8AUS.B,B,B,PASS,,P03372,"[""X-RAY DIFFRACTION""]",1.4,1.4,0.21601,0.21601,311,547,0,0.0,NO_LBD_OVERLAP,,False,NR3A1,ERα,Steroid hormone receptors
8AUY,8AUY_2,2,8AUY.B,B,B,PASS,,P03372,"[""X-RAY DIFFRACTION""]",1.5,1.5,0.22674,0.22674,311,547,0,0.0,NO_LBD_OVERLAP,,False,NR3A1,ERα,Steroid hormone receptors
8AV3,8AV3_2,2,8AV3.B,B,B,PASS,,P03372,"[""X-RAY DIFFRACTION""]",1.8,1.8,0.19491,0.19491,311,547,0,0.0,NO_LBD_OVERLAP,,False,NR3A1,ERα,Steroid hormone receptors
8AV4,8AV4_2,2,8AV4.B,B,B,PASS,,P03372,"[""X-RAY DIFFRACTION""]",1.6,1.6,0.1989,0.1989,311,547,0,0.0,NO_LBD_OVERLAP,,False,NR3A1,ERα,Steroid hormone receptors
8AV7,8AV7_2,2,8AV7.B,B,B,PASS,,P03372,"[""X-RAY DIFFRACTION""]",1.4,1.4,0.17073,0.17073,311,547,0,0.0,NO_LBD_OVERLAP,,False,NR3A1,ERα,Steroid hormone receptors
8AV8,8AV8_2,2,8AV8.B,B,B,PASS,,P03372,"[""X-RAY DIFFRACTION""]",1.8,1.8,0.24787,0.24787,311,547,0,0.0,NO_LBD_OVERLAP,,False,NR3A1,ERα,Steroid hormone receptors
8AWG,8AWG_2,2,8AWG.B,B,B,PASS,,P03372,"[""X-RAY DIFFRACTION""]",1.8,1.8,0.18504,0.18504,311,547,0,0.0,NO_LBD_OVERLAP,,False,NR3A1,ERα,Steroid hormone receptors
8AXE,8AXE_2,2,8AXE.B,B,B,PASS,,P03372,"[""X-RAY DIFFRACTION""]",1.8,1.8,0.217,0.217,311,547,0,0.0,NO_LBD_OVERLAP,,False,NR3A1,ERα,Steroid hormone receptors
8AXU,8AXU_2,2,8AXU.B,B,B,PASS,,P03372,"[""X-RAY DIFFRACTION""]",1.6,1.6,0.1695,0.1695,311,547,0,0.0,NO_LBD_OVERLAP,,False,NR3A1,ERα,Steroid hormone receptors
8AZE,8AZE_2,2,8AZE.B,B,B,PASS,,P03372,"[""X-RAY DIFFRACTION""]",1.6,1.6,0.2013,0.2013,311,547,0,0.0,NO_LBD_OVERLAP,,False,NR3A1,ERα,Steroid hormone receptors
8B39,8B39_2,2,8B39.B,B,B,PASS,,P03372,"[""X-RAY DIFFRACTION""]",1.4,1.4,0.16039,0.16039,311,547,0,0.0,NO_LBD_OVERLAP,,False,NR3A1,ERα,Steroid hormone receptors
8B4Q,8B4Q_2,2,8B4Q.B,B,B,PASS,,P62508,"[""X-RAY DIFFRACTION""]",1.4,1.4,0.175,0.175,233,457,0,0.0,NO_LBD_OVERLAP,,False,NR3B3,ERRγ,Nutritional sensors
8B8W,8B8W_1,1,8B8W.B,B,B,PASS,,P37231,"[""X-RAY DIFFRACTION""]",1.86,1.86,0.2754,0.2754,238,503,266,1.0,NEAR_COMPLETE_LBD,,False,NR1C3,PPARγ,Nutritional sensors
8B8W,8B8W_1,1,8B8W.A,A,A,PASS,,P37231,"[""X-RAY DIFFRACTION""]",1.86,1.86,0.2754,0.2754,238,503,266,1.0,NEAR_COMPLETE_LBD,,False,NR1C3,PPARγ,Nutritional sensors
8B8X,8B8X_1,1,8B8X.B,B,B,PASS,,P37231,"[""X-RAY DIFFRACTION""]",1.78,1.78,0.2162,0.2162,238,503,266,1.0,NEAR_COMPLETE_LBD,,False,NR1C3,PPARγ,Nutritional sensors
8B8X,8B8X_1,1,8B8X.A,A,A,PASS,,P37231,"[""X-RAY DIFFRACTION""]",1.78,1.78,0.2162,0.2162,238,503,266,1.0,NEAR_COMPLETE_LBD,,False,NR1C3,PPARγ,Nutritional sensors
8B8Y,8B8Y_1,1,8B8Y.B,B,B,PASS,,P37231,"[""X-RAY DIFFRACTION""]",2.0,2.0,0.2419,0.2419,238,503,266,1.0,NEAR_COMPLETE_LBD,,False,NR1C3,PPARγ,Nutritional sensors
8B8Y,8B8Y_1,1,8B8Y.A,A,A,PASS,,P37231,"[""X-RAY DIFFRACTION""]",2.0,2.0,0.2419,0.2419,238,503,266,1.0,NEAR_COMPLETE_LBD,,False,NR1C3,PPARγ,Nutritional sensors
8B8Z,8B8Z_1,1,8B8Z.B,B,B,PASS,,P37231,"[""X-RAY DIFFRACTION""]",2.22,2.22,0.2478,0.2478,238,503,266,1.0,NEAR_COMPLETE_LBD,,False,NR1C3,PPARγ,Nutritional sensors
8B8Z,8B8Z_1,1,8B8Z.A,A,A,PASS,,P37231,"[""X-RAY DIFFRACTION""]",2.22,2.22,0.2478,0.2478,238,503,266,1.0,NEAR_COMPLETE_LBD,,False,NR1C3,PPARγ,Nutritional sensors
8B90,8B90_1,1,8B90.B,B,B,PASS,,P37231,"[""X-RAY DIFFRACTION""]",2.1,2.1,0.2742,0.2742,238,503,266,1.0,NEAR_COMPLETE_LBD,,False,NR1C3,PPARγ,Nutritional sensors
8B90,8B90_1,1,8B90.A,A,A,PASS,,P37231,"[""X-RAY DIFFRACTION""]",2.1,2.1,0.2742,0.2742,238,503,266,1.0,NEAR_COMPLETE_LBD,,False,NR1C3,PPARγ,Nutritional sensors
8B91,8B91_1,1,8B91.B,B,B,PASS,,P37231,"[""X-RAY DIFFRACTION""]",2.23,2.23,0.2277,0.2277,238,503,266,1.0,NEAR_COMPLETE_LBD,,False,NR1C3,PPARγ,Nutritional sensors
8B91,8B91_1,1,8B91.A,A,A,PASS,,P37231,"[""X-RAY DIFFRACTION""]",2.23,2.23,0.2277,0.2277,238,503,266,1.0,NEAR_COMPLETE_LBD,,False,NR1C3,PPARγ,Nutritional sensors
8B92,8B92_1,1,8B92.B,B,B,PASS,,P37231,"[""X-RAY DIFFRACTION""]",1.66,1.66,0.2274,0.2274,238,503,266,1.0,NEAR_COMPLETE_LBD,,False,NR1C3,PPARγ,Nutritional sensors
8B92,8B92_1,1,8B92.A,A,A,PASS,,P37231,"[""X-RAY DIFFRACTION""]",1.66,1.66,0.2274,0.2274,238,503,266,1.0,NEAR_COMPLETE_LBD,,False,NR1C3,PPARγ,Nutritional sensors
8B93,8B93_1,1,8B93.B,B,B,PASS,,P37231,"[""X-RAY DIFFRACTION""]",2.21,2.21,0.3857,0.3857,238,503,266,1.0,NEAR_COMPLETE_LBD,,False,NR1C3,PPARγ,Nutritional sensors
8B93,8B93_1,1,8B93.A,A,A,PASS,,P37231,"[""X-RAY DIFFRACTION""]",2.21,2.21,0.3857,0.3857,238,503,266,1.0,NEAR_COMPLETE_LBD,,False,NR1C3,PPARγ,Nutritional sensors
8B94,8B94_1,1,8B94.B,B,B,PASS,,P37231,"[""X-RAY DIFFRACTION""]",1.55,1.55,0.2398,0.2398,238,503,266,1.0,NEAR_COMPLETE_LBD,,False,NR1C3,PPARγ,Nutritional sensors
8B94,8B94_1,1,8B94.A,A,A,PASS,,P37231,"[""X-RAY DIFFRACTION""]",1.55,1.55,0.2398,0.2398,238,503,266,1.0,NEAR_COMPLETE_LBD,,False,NR1C3,PPARγ,Nutritional sensors
8B95,8B95_1,1,8B95.B,B,B,PASS,,P37231,"[""X-RAY DIFFRACTION""]",1.72,1.72,0.238,0.238,238,503,266,1.0,NEAR_COMPLETE_LBD,,False,NR1C3,PPARγ,Nutritional sensors
8B95,8B95_1,1,8B95.A,A,A,PASS,,P37231,"[""X-RAY DIFFRACTION""]",1.72,1.72,0.238,0.238,238,503,266,1.0,NEAR_COMPLETE_LBD,,False,NR1C3,PPARγ,Nutritional sensors
8BF1,8BF1_1,1,8BF1.A,A,A,PASS,,P37231,"[""X-RAY DIFFRACTION""]",1.36,1.36,0.1811,0.1811,238,503,266,1.0,NEAR_COMPLETE_LBD,,False,NR1C3,PPARγ,Nutritional sensors
8BF2,8BF2_1,1,8BF2.B,B,B,PASS,,P37231,"[""X-RAY DIFFRACTION""]",2.18,2.18,0.2474,0.2474,238,503,266,1.0,NEAR_COMPLETE_LBD,,False,NR1C3,PPARγ,Nutritional sensors
8BF2,8BF2_1,1,8BF2.A,A,A,PASS,,P37231,"[""X-RAY DIFFRACTION""]",2.18,2.18,0.2474,0.2474,238,503,266,1.0,NEAR_COMPLETE_LBD,,False,NR1C3,PPARγ,Nutritional sensors
8BFF,8BFF_1,1,8BFF.C,C,C,PASS,,P37231,"[""X-RAY DIFFRACTION""]",2.6,2.6,0.2946,0.2946,238,503,266,1.0,NEAR_COMPLETE_LBD,,False,NR1C3,PPARγ,Nutritional sensors
8BFF,8BFF_1,1,8BFF.B,B,B,PASS,,P37231,"[""X-RAY DIFFRACTION""]",2.6,2.6,0.2946,0.2946,238,503,266,1.0,NEAR_COMPLETE_LBD,,False,NR1C3,PPARγ,Nutritional sensors
8BFF,8BFF_1,1,8BFF.A,A,A,PASS,,P37231,"[""X-RAY DIFFRACTION""]",2.6,2.6,0.2946,0.2946,238,503,266,1.0,NEAR_COMPLETE_LBD,,False,NR1C3,PPARγ,Nutritional sensors
8BJG,8BJG_2,2,8BJG.B,B,B,PASS,,P62508,"[""X-RAY DIFFRACTION""]",1.4,1.4,0.1747,0.1747,233,457,0,0.0,NO_LBD_OVERLAP,,False,NR3B3,ERRγ,Nutritional sensors
8BJN,8BJN_2,2,8BJN.B,B,B,PASS,,P62508,"[""X-RAY DIFFRACTION""]",1.4,1.4,0.1755,0.1755,233,457,0,0.0,NO_LBD_OVERLAP,,False,NR3B3,ERRγ,Nutritional sensors
8BM5,8BM5_2,2,8BM5.B,B,B,PASS,,P62508,"[""X-RAY DIFFRACTION""]",1.4,1.4,0.1861,0.1861,233,457,0,0.0,NO_LBD_OVERLAP,,False,NR3B3,ERRγ,Nutritional sensors
8BWJ,8BWJ_2,2,8BWJ.B,B,B,PASS,,P03372,"[""X-RAY DIFFRACTION""]",1.6,1.6,0.1867,0.1867,311,547,0,0.0,NO_LBD_OVERLAP,,False,NR3A1,ERα,Steroid hormone receptors
8BWX,8BWX_2,2,8BWX.B,B,B,PASS,,P03372,"[""X-RAY DIFFRACTION""]",1.6,1.6,0.1874,0.1874,311,547,0,0.0,NO_LBD_OVERLAP,,False,NR3A1,ERα,Steroid hormone receptors
8BWZ,8BWZ_2,2,8BWZ.B,B,B,PASS,,P03372,"[""X-RAY DIFFRACTION""]",1.6,1.6,0.1981,0.1981,311,547,0,0.0,NO_LBD_OVERLAP,,False,NR3A1,ERα,Steroid hormone receptors
8BX0,8BX0_2,2,8BX0.B,B,B,PASS,,P03372,"[""X-RAY DIFFRACTION""]",1.6,1.6,0.1964,0.1964,311,547,0,0.0,NO_LBD_OVERLAP,,False,NR3A1,ERα,Steroid hormone receptors
8BX3,8BX3_2,2,8BX3.B,B,B,PASS,,P03372,"[""X-RAY DIFFRACTION""]",1.2,1.2,0.1894,0.1894,311,547,0,0.0,NO_LBD_OVERLAP,,False,NR3A1,ERα,Steroid hormone receptors
8BX4,8BX4_2,2,8BX4.B,B,B,PASS,,P03372,"[""X-RAY DIFFRACTION""]",1.6,1.6,0.192,0.192,311,547,0,0.0,NO_LBD_OVERLAP,,False,NR3A1,ERα,Steroid hormone receptors
8BXI,8BXI_2,2,8BXI.B,B,B,PASS,,P03372,"[""X-RAY DIFFRACTION""]",1.2,1.2,0.1866,0.1866,311,547,0,0.0,NO_LBD_OVERLAP,,False,NR3A1,ERα,Steroid hormone receptors
8BXM,8BXM_2,2,8BXM.B,B,B,PASS,,P03372,"[""X-RAY DIFFRACTION""]",1.6,1.6,0.1877,0.1877,311,547,0,0.0,NO_LBD_OVERLAP,,False,NR3A1,ERα,Steroid hormone receptors
8BXN,8BXN_2,2,8BXN.B,B,B,PASS,,P03372,"[""X-RAY DIFFRACTION""]",1.6,1.6,0.1881,0.1881,311,547,0,0.0,NO_LBD_OVERLAP,,False,NR3A1,ERα,Steroid hormone receptors
8BXO,8BXO_2,2,8BXO.B,B,B,PASS,,P03372,"[""X-RAY DIFFRACTION""]",1.6,1.6,0.1911,0.1911,311,547,0,0.0,NO_LBD_OVERLAP,,False,NR3A1,ERα,Steroid hormone receptors
8BXQ,8BXQ_2,2,8BXQ.B,B,B,PASS,,P03372,"[""X-RAY DIFFRACTION""]",1.6,1.6,0.1822,0.1822,311,547,0,0.0,NO_LBD_OVERLAP,,False,NR3A1,ERα,Steroid hormone receptors
8BXS,8BXS_2,2,8BXS.B,B,B,PASS,,P03372,"[""X-RAY DIFFRACTION""]",1.6,1.6,0.1912,0.1912,311,547,0,0.0,NO_LBD_OVERLAP,,False,NR3A1,ERα,Steroid hormone receptors
8BY9,8BY9_2,2,8BY9.B,B,B,PASS,,P03372,"[""X-RAY DIFFRACTION""]",1.6,1.6,0.191,0.191,311,547,0,0.0,NO_LBD_OVERLAP,,False,NR3A1,ERα,Steroid hormone receptors
8BYB,8BYB_2,2,8BYB.B,B,B,PASS,,P03372,"[""X-RAY DIFFRACTION""]",1.6,1.6,0.1855,0.1855,311,547,0,0.0,NO_LBD_OVERLAP,,False,NR3A1,ERα,Steroid hormone receptors
8BYC,8BYC_2,2,8BYC.B,B,B,PASS,,P03372,"[""X-RAY DIFFRACTION""]",1.6,1.6,0.1943,0.1943,311,547,0,0.0,NO_LBD_OVERLAP,,False,NR3A1,ERα,Steroid hormone receptors
8BYD,8BYD_2,2,8BYD.B,B,B,PASS,,P03372,"[""X-RAY DIFFRACTION""]",1.6,1.6,0.1948,0.1948,311,547,0,0.0,NO_LBD_OVERLAP,,False,NR3A1,ERα,Steroid hormone receptors
8BYE,8BYE_2,2,8BYE.B,B,B,PASS,,P03372,"[""X-RAY DIFFRACTION""]",1.6,1.6,0.2066,0.2066,311,547,0,0.0,NO_LBD_OVERLAP,,False,NR3A1,ERα,Steroid hormone receptors
8BYF,8BYF_2,2,8BYF.B,B,B,PASS,,P03372,"[""X-RAY DIFFRACTION""]",1.65,1.65,0.2024,0.2024,311,547,0,0.0,NO_LBD_OVERLAP,,False,NR3A1,ERα,Steroid hormone receptors
8BYG,8BYG_2,2,8BYG.B,B,B,PASS,,P03372,"[""X-RAY DIFFRACTION""]",1.7,1.7,0.2202,0.2202,311,547,0,0.0,NO_LBD_OVERLAP,,False,NR3A1,ERα,Steroid hormone receptors
8BYO,8BYO_2,2,8BYO.B,B,B,PASS,,P03372,"[""X-RAY DIFFRACTION""]",1.2,1.2,0.171,0.171,311,547,0,0.0,NO_LBD_OVERLAP,,False,NR3A1,ERα,Steroid hormone receptors
8BYY,8BYY_2,2,8BYY.B,B,B,PASS,,P03372,"[""X-RAY DIFFRACTION""]",1.6,1.6,0.1863,0.1863,311,547,0,0.0,NO_LBD_OVERLAP,,False,NR3A1,ERα,Steroid hormone receptors
8BYZ,8BYZ_2,2,8BYZ.B,B,B,PASS,,P03372,"[""X-RAY DIFFRACTION""]",1.4,1.4,0.1824,0.1824,311,547,0,0.0,NO_LBD_OVERLAP,,False,NR3A1,ERα,Steroid hormone receptors
8BZ0,8BZ0_2,2,8BZ0.B,B,B,PASS,,P03372,"[""X-RAY DIFFRACTION""]",1.2,1.2,0.2014,0.2014,311,547,0,0.0,NO_LBD_OVERLAP,,False,NR3A1,ERα,Steroid hormone receptors
8BZ9,8BZ9_2,2,8BZ9.B,B,B,PASS,,P03372,"[""X-RAY DIFFRACTION""]",1.3,1.3,0.1947,0.1947,311,547,0,0.0,NO_LBD_OVERLAP,,False,NR3A1,ERα,Steroid hormone receptors
8BZA,8BZA_2,2,8BZA.B,B,B,PASS,,P03372,"[""X-RAY DIFFRACTION""]",1.25,1.25,0.196,0.196,311,547,0,0.0,NO_LBD_OVERLAP,,False,NR3A1,ERα,Steroid hormone receptors
8BZB,8BZB_2,2,8BZB.B,B,B,PASS,,P03372,"[""X-RAY DIFFRACTION""]",1.7,1.7,0.1933,0.1933,311,547,0,0.0,NO_LBD_OVERLAP,,False,NR3A1,ERα,Steroid hormone receptors
8BZC,8BZC_2,2,8BZC.B,B,B,PASS,,P03372,"[""X-RAY DIFFRACTION""]",1.1,1.1,0.1768,0.1768,311,547,0,0.0,NO_LBD_OVERLAP,,False,NR3A1,ERα,Steroid hormone receptors
8BZD,8BZD_2,2,8BZD.B,B,B,PASS,,P03372,"[""X-RAY DIFFRACTION""]",1.5,1.5,0.2031,0.2031,311,547,0,0.0,NO_LBD_OVERLAP,,False,NR3A1,ERα,Steroid hormone receptors
8BZE,8BZE_2,2,8BZE.B,B,B,PASS,,P03372,"[""X-RAY DIFFRACTION""]",1.43,1.43,0.1901,0.1901,311,547,0,0.0,NO_LBD_OVERLAP,,False,NR3A1,ERα,Steroid hormone receptors
8BZF,8BZF_2,2,8BZF.B,B,B,PASS,,P03372,"[""X-RAY DIFFRACTION""]",1.53,1.53,0.2142,0.2142,311,547,0,0.0,NO_LBD_OVERLAP,,False,NR3A1,ERα,Steroid hormone receptors
8BZG,8BZG_2,2,8BZG.B,B,B,PASS,,P03372,"[""X-RAY DIFFRACTION""]",1.49,1.49,0.1891,0.1891,311,547,0,0.0,NO_LBD_OVERLAP,,False,NR3A1,ERα,Steroid hormone receptors
8BZH,8BZH_2,2,8BZH.B,B,B,PASS,,P03372,"[""X-RAY DIFFRACTION""]",1.46,1.46,0.1889,0.1889,311,547,0,0.0,NO_LBD_OVERLAP,,False,NR3A1,ERα,Steroid hormone receptors
8BZT,8BZT_2,2,8BZT.B,B,B,PASS,,P03372,"[""X-RAY DIFFRACTION""]",1.65,1.65,0.208,0.208,311,547,0,0.0,NO_LBD_OVERLAP,,False,NR3A1,ERα,Steroid hormone receptors
8BZW,8BZW_2,2,8BZW.B,B,B,PASS,,P03372,"[""X-RAY DIFFRACTION""]",1.1,1.1,0.1925,0.1925,311,547,0,0.0,NO_LBD_OVERLAP,,False,NR3A1,ERα,Steroid hormone receptors
8C04,8C04_2,2,8C04.B,B,B,PASS,,P03372,"[""X-RAY DIFFRACTION""]",1.1,1.1,0.1972,0.1972,311,547,0,0.0,NO_LBD_OVERLAP,,False,NR3A1,ERα,Steroid hormone receptors
8C0C,8C0C_1,1,8C0C.B,B,B,PASS,,P37231,"[""X-RAY DIFFRACTION""]",2.2,2.2,0.2715,0.2715,238,503,266,1.0,NEAR_COMPLETE_LBD,,False,NR1C3,PPARγ,Nutritional sensors
8C0C,8C0C_1,1,8C0C.A,A,A,PASS,,P37231,"[""X-RAY DIFFRACTION""]",2.2,2.2,0.2715,0.2715,238,503,266,1.0,NEAR_COMPLETE_LBD,,False,NR1C3,PPARγ,Nutritional sensors
8C0K,8C0K_2,2,8C0K.B,B,B,PASS,,P03372,"[""X-RAY DIFFRACTION""]",1.4,1.4,0.1841,0.1841,311,547,0,0.0,NO_LBD_OVERLAP,,False,NR3A1,ERα,Steroid hormone receptors
8C0L,8C0L_2,2,8C0L.B,B,B,PASS,,P03372,"[""X-RAY DIFFRACTION""]",1.6,1.6,0.2076,0.2076,311,547,0,0.0,NO_LBD_OVERLAP,,False,NR3A1,ERα,Steroid hormone receptors
8C1L,8C1L_1,1,8C1L.B,B,B,PASS,,P41235,"[""X-RAY DIFFRACTION""]",2.0,2.0,0.23667,0.23667,147,377,230,0.995671,NEAR_COMPLETE_LBD,,False,NR2A1,HNF4α,Nutritional sensors
8C1L,8C1L_1,1,8C1L.A,A,A,PASS,,P41235,"[""X-RAY DIFFRACTION""]",2.0,2.0,0.23667,0.23667,147,377,230,0.995671,NEAR_COMPLETE_LBD,,False,NR2A1,HNF4α,Nutritional sensors
8C42,8C42_2,2,8C42.B,B,B,PASS,,P03372,"[""X-RAY DIFFRACTION""]",1.4,1.4,0.196,0.196,311,547,0,0.0,NO_LBD_OVERLAP,,False,NR3A1,ERα,Steroid hormone receptors
8C4F,8C4F_2,2,8C4F.B,B,B,PASS,,P03372,"[""X-RAY DIFFRACTION""]",1.4,1.4,0.2014,0.2014,311,547,0,0.0,NO_LBD_OVERLAP,,False,NR3A1,ERα,Steroid hormone receptors
8C4G,8C4G_2,2,8C4G.B,B,B,PASS,,P03372,"[""X-RAY DIFFRACTION""]",1.46,1.46,0.2196,0.2196,311,547,0,0.0,NO_LBD_OVERLAP,,False,NR3A1,ERα,Steroid hormone receptors
8C5L,8C5L_1,1,8C5L.B,B,B,PASS,,P10588,"[""X-RAY DIFFRACTION""]",2.6,2.6,0.2328,0.2328,165,393,198,0.864629,SUBSTANTIAL_LBD,,True,NR2F6,EAR-2,Orphan receptors
8C5L,8C5L_1,1,8C5L.A,A,A,PASS,,P10588,"[""X-RAY DIFFRACTION""]",2.6,2.6,0.2328,0.2328,165,393,198,0.864629,SUBSTANTIAL_LBD,,True,NR2F6,EAR-2,Orphan receptors
8CCT,8CCT_1,1,8CCT.A,A,A,PASS,,O75469,"[""X-RAY DIFFRACTION""]",2.9,2.9,0.2606,0.2606,146,433,288,1.0,NEAR_COMPLETE_LBD,,False,NR1I2,PXR,Nutritional sensors
8CF9,8CF9_1,1,8CF9.A,A,A,PASS,,O75469,"[""X-RAY DIFFRACTION""]",2.0,2.0,0.2469,0.2469,146,433,288,1.0,NEAR_COMPLETE_LBD,,False,NR1I2,PXR,Nutritional sensors
8CH8,8CH8_1,1,8CH8.A,A,A,PASS,,O75469,"[""X-RAY DIFFRACTION""]",2.15,2.15,0.2281,0.2281,146,433,288,1.0,NEAR_COMPLETE_LBD,,False,NR1I2,PXR,Nutritional sensors
8CPH,8CPH_1,1,8CPH.B,B,B,PASS,,P37231,"[""X-RAY DIFFRACTION""]",2.4,2.4,0.26341,0.26341,238,503,266,1.0,NEAR_COMPLETE_LBD,,False,NR1C3,PPARγ,Nutritional sensors
8CPH,8CPH_1,1,8CPH.A,A,A,PASS,,P37231,"[""X-RAY DIFFRACTION""]",2.4,2.4,0.26341,0.26341,238,503,266,1.0,NEAR_COMPLETE_LBD,,False,NR1C3,PPARγ,Nutritional sensors
8CPI,8CPI_1,1,8CPI.A,A,A,PASS,,P37231,"[""X-RAY DIFFRACTION""]",2.1,2.1,0.28219,0.28219,238,503,266,1.0,NEAR_COMPLETE_LBD,,False,NR1C3,PPARγ,Nutritional sensors
8CPJ,8CPJ_1,1,8CPJ.A,A,A,PASS,,P37231,"[""X-RAY DIFFRACTION""]",2.4,2.4,0.28194,0.28194,238,503,266,1.0,NEAR_COMPLETE_LBD,,False,NR1C3,PPARγ,Nutritional sensors
8CYO,8CYO_1,1,8CYO.B,B,A,PASS,,P43354,"[""X-RAY DIFFRACTION""]",2.41,2.41,0.249,0.249,360,595,233,0.987288,NEAR_COMPLETE_LBD,,False,NR4A2,NURR1,Nutritional sensors
8CYO,8CYO_1,1,8CYO.A,A,B,PASS,,P43354,"[""X-RAY DIFFRACTION""]",2.41,2.41,0.249,0.249,360,595,233,0.987288,NEAR_COMPLETE_LBD,,False,NR4A2,NURR1,Nutritional sensors
8D8I,8D8I_1,1,8D8I.A,A,A,PASS,,P20393,"[""X-RAY DIFFRACTION""]",2.504,2.504,0.2395,0.2395,284,614,230,0.694864,PARTIAL_LBD,,False,NR1D1,Rev-erbα,Nutritional sensors
8DAF,8DAF_1,1,8DAF.B,B,B,PASS,,Q13285,"[""X-RAY DIFFRACTION""]",2.59,2.59,0.2812,0.2812,222,459,238,1.0,NEAR_COMPLETE_LBD,,False,NR5A1,SF-1,Nutritional sensors
8DAF,8DAF_1,1,8DAF.A,A,A,PASS,,Q13285,"[""X-RAY DIFFRACTION""]",2.59,2.59,0.2812,0.2812,222,459,238,1.0,NEAR_COMPLETE_LBD,,False,NR5A1,SF-1,Nutritional sensors
8DK4,8DK4_1,1,8DK4.A,A,A,PASS,,P37231,"[""X-RAY DIFFRACTION""]",2.6,2.6,0.2554,0.2554,238,503,266,1.0,NEAR_COMPLETE_LBD,,False,NR1C3,PPARγ,Nutritional sensors
8DKN,8DKN_1,1,8DKN.A,A,A,PASS,,P37231,"[""X-RAY DIFFRACTION""]",1.95,1.95,0.2973,0.2973,238,503,266,1.0,NEAR_COMPLETE_LBD,,False,NR1C3,PPARγ,Nutritional sensors
8DKV,8DKV_1,1,8DKV.A,A,A,PASS,,P37231,"[""X-RAY DIFFRACTION""]",1.59,1.59,0.266,0.266,238,503,266,1.0,NEAR_COMPLETE_LBD,,False,NR1C3,PPARγ,Nutritional sensors
8DSY,8DSY_1,1,8DSY.B,B,B,PASS,,P37231,"[""X-RAY DIFFRACTION""]",2.95,2.95,0.2669,0.2669,238,503,266,1.0,NEAR_COMPLETE_LBD,,False,NR1C3,PPARγ,Nutritional sensors
8DSY,8DSY_1,1,8DSY.A,A,A,PASS,,P37231,"[""X-RAY DIFFRACTION""]",2.95,2.95,0.2669,0.2669,238,503,266,1.0,NEAR_COMPLETE_LBD,,False,NR1C3,PPARγ,Nutritional sensors
8DSZ,8DSZ_1,1,8DSZ.B,B,B,PASS,,P37231,"[""X-RAY DIFFRACTION""]",2.5,2.5,0.2687,0.2687,238,503,266,1.0,NEAR_COMPLETE_LBD,,False,NR1C3,PPARγ,Nutritional sensors
8DSZ,8DSZ_1,1,8DSZ.A,A,A,PASS,,P37231,"[""X-RAY DIFFRACTION""]",2.5,2.5,0.2687,0.2687,238,503,266,1.0,NEAR_COMPLETE_LBD,,False,NR1C3,PPARγ,Nutritional sensors
8DU6,8DU6_1,1,8DU6.B,B,B,PASS,,P03372,"[""X-RAY DIFFRACTION""]",2.1,2.1,0.239,0.239,311,547,237,1.0,NEAR_COMPLETE_LBD,,False,NR3A1,ERα,Steroid hormone receptors
8DU6,8DU6_1,1,8DU6.A,A,A,PASS,,P03372,"[""X-RAY DIFFRACTION""]",2.1,2.1,0.239,0.239,311,547,237,1.0,NEAR_COMPLETE_LBD,,False,NR3A1,ERα,Steroid hormone receptors
8DU8,8DU8_1,1,8DU8.B,B,B,PASS,,P03372,"[""X-RAY DIFFRACTION""]",1.47,1.47,0.1941,0.1941,311,547,237,1.0,NEAR_COMPLETE_LBD,,False,NR3A1,ERα,Steroid hormone receptors
8DU8,8DU8_1,1,8DU8.A,A,A,PASS,,P03372,"[""X-RAY DIFFRACTION""]",1.47,1.47,0.1941,0.1941,311,547,237,1.0,NEAR_COMPLETE_LBD,,False,NR3A1,ERα,Steroid hormone receptors
8DU9,8DU9_1,1,8DU9.B,B,B,PASS,,P03372,"[""X-RAY DIFFRACTION""]",2.5,2.5,0.2578,0.2578,311,547,237,1.0,NEAR_COMPLETE_LBD,,False,NR3A1,ERα,Steroid hormone receptors
8DU9,8DU9_1,1,8DU9.A,A,A,PASS,,P03372,"[""X-RAY DIFFRACTION""]",2.5,2.5,0.2578,0.2578,311,547,237,1.0,NEAR_COMPLETE_LBD,,False,NR3A1,ERα,Steroid hormone receptors
8DUB,8DUB_1,1,8DUB.B,B,B,PASS,,P03372,"[""X-RAY DIFFRACTION""]",1.84,1.84,0.2205,0.2205,311,547,237,1.0,NEAR_COMPLETE_LBD,,False,NR3A1,ERα,Steroid hormone receptors
8DUB,8DUB_1,1,8DUB.A,A,A,PASS,,P03372,"[""X-RAY DIFFRACTION""]",1.84,1.84,0.2205,0.2205,311,547,237,1.0,NEAR_COMPLETE_LBD,,False,NR3A1,ERα,Steroid hormone receptors
8DUC,8DUC_1,1,8DUC.A,A,A,PASS,,P03372,"[""X-RAY DIFFRACTION""]",1.7,1.7,0.2624,0.2624,311,547,237,1.0,NEAR_COMPLETE_LBD,,False,NR3A1,ERα,Steroid hormone receptors
8DUD,8DUD_1,1,8DUD.A,A,A,PASS,,P03372,"[""X-RAY DIFFRACTION""]",1.81,1.81,0.2551,0.2551,311,547,237,1.0,NEAR_COMPLETE_LBD,,False,NR3A1,ERα,Steroid hormone receptors
8DUG,8DUG_1,1,8DUG.B,B,B,PASS,,P03372,"[""X-RAY DIFFRACTION""]",2.2,2.2,0.2502,0.2502,311,547,237,1.0,NEAR_COMPLETE_LBD,,False,NR3A1,ERα,Steroid hormone receptors
8DUG,8DUG_1,1,8DUG.A,A,A,PASS,,P03372,"[""X-RAY DIFFRACTION""]",2.2,2.2,0.2502,0.2502,311,547,237,1.0,NEAR_COMPLETE_LBD,,False,NR3A1,ERα,Steroid hormone receptors
8DUH,8DUH_1,1,8DUH.B,B,B,PASS,,P03372,"[""X-RAY DIFFRACTION""]",1.9,1.9,0.2351,0.2351,311,547,237,1.0,NEAR_COMPLETE_LBD,,False,NR3A1,ERα,Steroid hormone receptors
8DUH,8DUH_1,1,8DUH.A,A,A,PASS,,P03372,"[""X-RAY DIFFRACTION""]",1.9,1.9,0.2351,0.2351,311,547,237,1.0,NEAR_COMPLETE_LBD,,False,NR3A1,ERα,Steroid hormone receptors
8DUI,8DUI_1,1,8DUI.B,B,B,PASS,,P03372,"[""X-RAY DIFFRACTION""]",2.04,2.04,0.2264,0.2264,311,547,237,1.0,NEAR_COMPLETE_LBD,,False,NR3A1,ERα,Steroid hormone receptors
8DUI,8DUI_1,1,8DUI.A,A,A,PASS,,P03372,"[""X-RAY DIFFRACTION""]",2.04,2.04,0.2264,0.2264,311,547,237,1.0,NEAR_COMPLETE_LBD,,False,NR3A1,ERα,Steroid hormone receptors
8DUK,8DUK_1,1,8DUK.D,D,D,PASS,,P03372,"[""X-RAY DIFFRACTION""]",1.7,1.7,0.2684,0.2684,311,547,237,1.0,NEAR_COMPLETE_LBD,,False,NR3A1,ERα,Steroid hormone receptors
8DUK,8DUK_1,1,8DUK.C,C,C,PASS,,P03372,"[""X-RAY DIFFRACTION""]",1.7,1.7,0.2684,0.2684,311,547,237,1.0,NEAR_COMPLETE_LBD,,False,NR3A1,ERα,Steroid hormone receptors
8DUK,8DUK_1,1,8DUK.B,B,B,PASS,,P03372,"[""X-RAY DIFFRACTION""]",1.7,1.7,0.2684,0.2684,311,547,237,1.0,NEAR_COMPLETE_LBD,,False,NR3A1,ERα,Steroid hormone receptors
8DUK,8DUK_1,1,8DUK.A,A,A,PASS,,P03372,"[""X-RAY DIFFRACTION""]",1.7,1.7,0.2684,0.2684,311,547,237,1.0,NEAR_COMPLETE_LBD,,False,NR3A1,ERα,Steroid hormone receptors
8DUS,8DUS_1,1,8DUS.F,F,H,PASS,,P03372,"[""X-RAY DIFFRACTION""]",1.9,1.9,0.3268,0.3268,311,547,237,1.0,NEAR_COMPLETE_LBD,,False,NR3A1,ERα,Steroid hormone receptors
8DUS,8DUS_1,1,8DUS.E,E,G,PASS,,P03372,"[""X-RAY DIFFRACTION""]",1.9,1.9,0.3268,0.3268,311,547,237,1.0,NEAR_COMPLETE_LBD,,False,NR3A1,ERα,Steroid hormone receptors
8DUS,8DUS_1,1,8DUS.D,D,F,PASS,,P03372,"[""X-RAY DIFFRACTION""]",1.9,1.9,0.3268,0.3268,311,547,237,1.0,NEAR_COMPLETE_LBD,,False,NR3A1,ERα,Steroid hormone receptors
8DUS,8DUS_1,1,8DUS.C,C,E,PASS,,P03372,"[""X-RAY DIFFRACTION""]",1.9,1.9,0.3268,0.3268,311,547,237,1.0,NEAR_COMPLETE_LBD,,False,NR3A1,ERα,Steroid hormone receptors
8DUS,8DUS_1,1,8DUS.B,B,B,PASS,,P03372,"[""X-RAY DIFFRACTION""]",1.9,1.9,0.3268,0.3268,311,547,237,1.0,NEAR_COMPLETE_LBD,,False,NR3A1,ERα,Steroid hormone receptors
8DUS,8DUS_1,1,8DUS.A,A,A,PASS,,P03372,"[""X-RAY DIFFRACTION""]",1.9,1.9,0.3268,0.3268,311,547,237,1.0,NEAR_COMPLETE_LBD,,False,NR3A1,ERα,Steroid hormone receptors
8DV5,8DV5_1,1,8DV5.B,B,B,PASS,,P03372,"[""X-RAY DIFFRACTION""]",1.85,1.85,0.2131,0.2131,311,547,237,1.0,NEAR_COMPLETE_LBD,,False,NR3A1,ERα,Steroid hormone receptors
8DV5,8DV5_1,1,8DV5.A,A,A,PASS,,P03372,"[""X-RAY DIFFRACTION""]",1.85,1.85,0.2131,0.2131,311,547,237,1.0,NEAR_COMPLETE_LBD,,False,NR3A1,ERα,Steroid hormone receptors
8DV7,8DV7_1,1,8DV7.B,B,B,PASS,,P03372,"[""X-RAY DIFFRACTION""]",1.59,1.59,0.2079,0.2079,311,547,237,1.0,NEAR_COMPLETE_LBD,,False,NR3A1,ERα,Steroid hormone receptors
8DV7,8DV7_1,1,8DV7.A,A,A,PASS,,P03372,"[""X-RAY DIFFRACTION""]",1.59,1.59,0.2079,0.2079,311,547,237,1.0,NEAR_COMPLETE_LBD,,False,NR3A1,ERα,Steroid hormone receptors
8DV8,8DV8_1,1,8DV8.B,B,B,PASS,,P03372,"[""X-RAY DIFFRACTION""]",1.7,1.7,0.2109,0.2109,311,547,237,1.0,NEAR_COMPLETE_LBD,,False,NR3A1,ERα,Steroid hormone receptors
8DV8,8DV8_1,1,8DV8.A,A,A,PASS,,P03372,"[""X-RAY DIFFRACTION""]",1.7,1.7,0.2109,0.2109,311,547,237,1.0,NEAR_COMPLETE_LBD,,False,NR3A1,ERα,Steroid hormone receptors
8DVB,8DVB_1,1,8DVB.B,B,B,PASS,,P03372,"[""X-RAY DIFFRACTION""]",2.19,2.19,0.2421,0.2421,311,547,237,1.0,NEAR_COMPLETE_LBD,,False,NR3A1,ERα,Steroid hormone receptors
8DVB,8DVB_1,1,8DVB.A,A,A,PASS,,P03372,"[""X-RAY DIFFRACTION""]",2.19,2.19,0.2421,0.2421,311,547,237,1.0,NEAR_COMPLETE_LBD,,False,NR3A1,ERα,Steroid hormone receptors
8E1A,8E1A_1,1,8E1A.A,A,A,PASS,,P10275,"[""X-RAY DIFFRACTION""]",1.2,1.2,0.15146,0.15146,669,900,232,1.0,NEAR_COMPLETE_LBD,,False,NR3C4,AR,Steroid hormone receptors
8E3N,8E3N_1,1,8E3N.A,A,A,PASS,,O75469,"[""X-RAY DIFFRACTION""]",2.25,2.25,0.2349,0.2349,146,433,288,1.0,NEAR_COMPLETE_LBD,,False,NR1I2,PXR,Nutritional sensors
8EQZ,8EQZ_1,1,8EQZ.B,B,B,PASS,,O75469,"[""X-RAY DIFFRACTION""]",2.37,2.37,0.2283,0.2283,146,433,288,1.0,NEAR_COMPLETE_LBD,,False,NR1I2,PXR,Nutritional sensors
8EQZ,8EQZ_1,1,8EQZ.A,A,A,PASS,,O75469,"[""X-RAY DIFFRACTION""]",2.37,2.37,0.2283,0.2283,146,433,288,1.0,NEAR_COMPLETE_LBD,,False,NR1I2,PXR,Nutritional sensors
8EV1,8EV1_1,1,8EV1.A,A,A,PASS,,P03372,"[""X-RAY DIFFRACTION""]",1.83,1.83,0.2242,0.2242,311,547,237,1.0,NEAR_COMPLETE_LBD,,False,NR3A1,ERα,Steroid hormone receptors
8EV1,8EV1_2,2,8EV1.B,B,B,PASS,,P03372,"[""X-RAY DIFFRACTION""]",1.83,1.83,0.2242,0.2242,311,547,237,1.0,NEAR_COMPLETE_LBD,,False,NR3A1,ERα,Steroid hormone receptors
8EV2,8EV2_1,1,8EV2.B,B,B,PASS,,P03372,"[""X-RAY DIFFRACTION""]",2.01,2.01,0.2479,0.2479,311,547,237,1.0,NEAR_COMPLETE_LBD,,False,NR3A1,ERα,Steroid hormone receptors
8EV2,8EV2_1,1,8EV2.A,A,A,PASS,,P03372,"[""X-RAY DIFFRACTION""]",2.01,2.01,0.2479,0.2479,311,547,237,1.0,NEAR_COMPLETE_LBD,,False,NR3A1,ERα,Steroid hormone receptors
8F5Y,8F5Y_1,1,8F5Y.B,B,B,PASS,,O75469,"[""X-RAY DIFFRACTION""]",2.15,2.15,0.2155,0.2155,146,433,288,1.0,NEAR_COMPLETE_LBD,,False,NR1I2,PXR,Nutritional sensors
8F5Y,8F5Y_1,1,8F5Y.A,A,A,PASS,,O75469,"[""X-RAY DIFFRACTION""]",2.15,2.15,0.2155,0.2155,146,433,288,1.0,NEAR_COMPLETE_LBD,,False,NR1I2,PXR,Nutritional sensors
8F8M,8F8M_1,1,8F8M.A,A,A,PASS,,O00482,"[""X-RAY DIFFRACTION""]",2.6,2.6,0.2196,0.2196,300,539,240,1.0,NEAR_COMPLETE_LBD,,False,NR5A2,LRH-1,Nutritional sensors
8FAV,8FAV_1,1,8FAV.B,B,B,PASS,,P51449,"[""X-RAY DIFFRACTION""]",1.85,1.85,0.2326,0.2326,269,508,240,1.0,NEAR_COMPLETE_LBD,,False,NR1F3,RORγ,Nutritional sensors
8FAV,8FAV_1,1,8FAV.A,A,A,PASS,,P51449,"[""X-RAY DIFFRACTION""]",1.85,1.85,0.2326,0.2326,269,508,240,1.0,NEAR_COMPLETE_LBD,,False,NR1F3,RORγ,Nutritional sensors
8FB1,8FB1_1,1,8FB1.B,B,B,PASS,,P51449,"[""X-RAY DIFFRACTION""]",2.18,2.18,0.25257,0.25257,269,508,240,1.0,NEAR_COMPLETE_LBD,,False,NR1F3,RORγ,Nutritional sensors
8FB1,8FB1_1,1,8FB1.A,A,A,PASS,,P51449,"[""X-RAY DIFFRACTION""]",2.18,2.18,0.25257,0.25257,269,508,240,1.0,NEAR_COMPLETE_LBD,,False,NR1F3,RORγ,Nutritional sensors
8FB2,8FB2_1,1,8FB2.B,B,B,PASS,,P51449,"[""X-RAY DIFFRACTION""]",2.3,2.3,0.2299,0.2299,269,508,240,1.0,NEAR_COMPLETE_LBD,,False,NR1F3,RORγ,Nutritional sensors
8FB2,8FB2_1,1,8FB2.A,A,A,PASS,,P51449,"[""X-RAY DIFFRACTION""]",2.3,2.3,0.2299,0.2299,269,508,240,1.0,NEAR_COMPLETE_LBD,,False,NR1F3,RORγ,Nutritional sensors
8FFV,8FFV_2,2,8FFV.C,C,C,PASS,,P04150,"[""ELECTRON MICROSCOPY""]",3.01,3.01,,,524,758,235,1.0,NEAR_COMPLETE_LBD,,False,NR3C1,GR,Steroid hormone receptors
8FFW,8FFW_2,2,8FFW.C,C,C,PASS,,P04150,"[""ELECTRON MICROSCOPY""]",3.23,3.23,,,524,758,235,1.0,NEAR_COMPLETE_LBD,,False,NR3C1,GR,Steroid hormone receptors
8FGY,8FGY_1,1,8FGY.A,A,A,PASS,,P10275,"[""X-RAY DIFFRACTION""]",2.2,2.2,0.2456,0.2456,669,900,232,1.0,NEAR_COMPLETE_LBD,,False,NR3C4,AR,Steroid hormone receptors
8FGZ,8FGZ_1,1,8FGZ.A,A,A,PASS,,P10275,"[""X-RAY DIFFRACTION""]",1.61,1.61,0.2199,0.2199,669,900,232,1.0,NEAR_COMPLETE_LBD,,False,NR3C4,AR,Steroid hormone receptors
8FH0,8FH0_1,1,8FH0.A,A,A,PASS,,P10275,"[""X-RAY DIFFRACTION""]",1.59,1.59,0.2082,0.2082,669,900,232,1.0,NEAR_COMPLETE_LBD,,False,NR3C4,AR,Steroid hormone receptors
8FH1,8FH1_1,1,8FH1.A,A,A,PASS,,P10275,"[""X-RAY DIFFRACTION""]",1.69,1.69,0.229,0.229,669,900,232,1.0,NEAR_COMPLETE_LBD,,False,NR3C4,AR,Steroid hormone receptors
8FH2,8FH2_1,1,8FH2.A,A,A,PASS,,P10275,"[""X-RAY DIFFRACTION""]",1.59,1.59,0.2209,0.2209,669,900,232,1.0,NEAR_COMPLETE_LBD,,False,NR3C4,AR,Steroid hormone receptors
8FHE,8FHE_1,1,8FHE.A,A,B,PASS,,P37231,"[""X-RAY DIFFRACTION""]",1.8,1.8,0.2286,0.2286,238,503,266,1.0,NEAR_COMPLETE_LBD,,False,NR1C3,PPARγ,Nutritional sensors
8FHF,8FHF_1,1,8FHF.B,B,B,PASS,,P37231,"[""X-RAY DIFFRACTION""]",2.1,2.1,0.285,0.285,238,503,266,1.0,NEAR_COMPLETE_LBD,,False,NR1C3,PPARγ,Nutritional sensors
8FHF,8FHF_1,1,8FHF.A,A,A,PASS,,P37231,"[""X-RAY DIFFRACTION""]",2.1,2.1,0.285,0.285,238,503,266,1.0,NEAR_COMPLETE_LBD,,False,NR1C3,PPARγ,Nutritional sensors
8FHG,8FHG_1,1,8FHG.A,A,B,PASS,,P37231,"[""X-RAY DIFFRACTION""]",1.8,1.8,0.2343,0.2343,238,503,266,1.0,NEAR_COMPLETE_LBD,,False,NR1C3,PPARγ,Nutritional sensors
8FKC,8FKC_1,1,8FKC.A,A,A,PASS,,P37231,"[""X-RAY DIFFRACTION""]",1.42,1.42,0.1975,0.1975,238,503,266,1.0,NEAR_COMPLETE_LBD,,False,NR1C3,PPARγ,Nutritional sensors
8FKD,8FKD_1,1,8FKD.A,A,A,PASS,,P37231,"[""X-RAY DIFFRACTION""]",2.22,2.22,0.2514,0.2514,238,503,266,1.0,NEAR_COMPLETE_LBD,,False,NR1C3,PPARγ,Nutritional sensors
8FKE,8FKE_1,1,8FKE.A,A,A,PASS,,P37231,"[""X-RAY DIFFRACTION""]",2.02,2.02,0.2491,0.2491,238,503,266,1.0,NEAR_COMPLETE_LBD,,False,NR1C3,PPARγ,Nutritional sensors
8FKF,8FKF_1,1,8FKF.A,A,A,PASS,,P37231,"[""X-RAY DIFFRACTION""]",1.82,1.82,0.2164,0.2164,238,503,266,1.0,NEAR_COMPLETE_LBD,,False,NR1C3,PPARγ,Nutritional sensors
8FKG,8FKG_2,2,8FKG.B,B,A,PASS,,P37231,"[""X-RAY DIFFRACTION""]",2.12,2.12,0.2183,0.2183,238,503,266,1.0,NEAR_COMPLETE_LBD,,False,NR1C3,PPARγ,Nutritional sensors
8FPE,8FPE_1,1,8FPE.A,A,A,PASS,,O75469,"[""X-RAY DIFFRACTION""]",2.3,2.3,0.2395,0.2395,146,433,288,1.0,NEAR_COMPLETE_LBD,,False,NR1I2,PXR,Nutritional sensors
8GXP,8GXP_1,1,8GXP.A,A,A,PASS,,P51449,"[""X-RAY DIFFRACTION""]",2.45,2.45,0.2617,0.2617,269,508,239,0.995833,NEAR_COMPLETE_LBD,,False,NR1F3,RORγ,Nutritional sensors
8HBM,8HBM_1,1,8HBM.E,E,E,PASS,,P19793,"[""X-RAY DIFFRACTION""]",3.3,3.3,0.3008,0.3008,227,458,0,0.0,NO_LBD_OVERLAP,,False,NR2B1,RXRα,Nutritional sensors
8HBM,8HBM_1,1,8HBM.A,A,A,PASS,,P19793,"[""X-RAY DIFFRACTION""]",3.3,3.3,0.3008,0.3008,227,458,0,0.0,NO_LBD_OVERLAP,,False,NR2B1,RXRα,Nutritional sensors
8HBM,8HBM_2,2,8HBM.F,F,F,PASS,,Q96RI1,"[""X-RAY DIFFRACTION""]",3.3,3.3,0.3008,0.3008,262,486,0,0.0,NO_LBD_OVERLAP,,False,NR1H4,FXR,Nutritional sensors
8HBM,8HBM_2,2,8HBM.B,B,B,PASS,,Q96RI1,"[""X-RAY DIFFRACTION""]",3.3,3.3,0.3008,0.3008,262,486,0,0.0,NO_LBD_OVERLAP,,False,NR1H4,FXR,Nutritional sensors
8HD3,8HD3_1,1,8HD3.B,B,B,PASS,,Q96RI1,"[""X-RAY DIFFRACTION""]",2.29,2.29,0.2506,0.2506,262,486,224,0.995556,NEAR_COMPLETE_LBD,,False,NR1H4,FXR,Nutritional sensors
8HD3,8HD3_1,1,8HD3.A,A,A,PASS,,Q96RI1,"[""X-RAY DIFFRACTION""]",2.29,2.29,0.2506,0.2506,262,486,224,0.995556,NEAR_COMPLETE_LBD,,False,NR1H4,FXR,Nutritional sensors
8HF8,8HF8_1,1,8HF8.B,B,B,PASS,,Q03181,"[""X-RAY DIFFRACTION""]",2.11,2.11,0.2296,0.2296,211,439,229,1.0,NEAR_COMPLETE_LBD,,False,NR1C2,PPARδ,Nutritional sensors
8HF8,8HF8_1,1,8HF8.A,A,A,PASS,,Q03181,"[""X-RAY DIFFRACTION""]",2.11,2.11,0.2296,0.2296,211,439,229,1.0,NEAR_COMPLETE_LBD,,False,NR1C2,PPARδ,Nutritional sensors
8HHP,8HHP_1,1,8HHP.A,A,A,PASS,,P37231,"[""X-RAY DIFFRACTION""]",2.45,2.45,0.2864,0.2864,238,503,266,1.0,NEAR_COMPLETE_LBD,,False,NR1C3,PPARγ,Nutritional sensors
8HHQ,8HHQ_1,1,8HHQ.B,B,B,PASS,,P37231,"[""X-RAY DIFFRACTION""]",2.4,2.4,0.26627,0.26627,238,503,266,1.0,NEAR_COMPLETE_LBD,,False,NR1C3,PPARγ,Nutritional sensors
8HHQ,8HHQ_1,1,8HHQ.A,A,A,PASS,,P37231,"[""X-RAY DIFFRACTION""]",2.4,2.4,0.26627,0.26627,238,503,266,1.0,NEAR_COMPLETE_LBD,,False,NR1C3,PPARγ,Nutritional sensors
8HUK,8HUK_1,1,8HUK.C,C,C,PASS,,Q07869,"[""X-RAY DIFFRACTION""]",2.981,2.981,0.2537,0.2537,239,466,228,1.0,NEAR_COMPLETE_LBD,,False,NR1C1,PPARα,Nutritional sensors
8HUK,8HUK_1,1,8HUK.A,A,A,PASS,,Q07869,"[""X-RAY DIFFRACTION""]",2.981,2.981,0.2537,0.2537,239,466,228,1.0,NEAR_COMPLETE_LBD,,False,NR1C1,PPARα,Nutritional sensors
8HUL,8HUL_1,1,8HUL.B,B,B,PASS,,Q03181,"[""X-RAY DIFFRACTION""]",2.461,2.461,0.2433,0.2433,211,439,229,1.0,NEAR_COMPLETE_LBD,,False,NR1C2,PPARδ,Nutritional sensors
8HUL,8HUL_1,1,8HUL.A,A,A,PASS,,Q03181,"[""X-RAY DIFFRACTION""]",2.461,2.461,0.2433,0.2433,211,439,229,1.0,NEAR_COMPLETE_LBD,,False,NR1C2,PPARδ,Nutritional sensors
8HUM,8HUM_1,1,8HUM.A,A,A,PASS,,P37231,"[""X-RAY DIFFRACTION""]",2.29,2.29,0.2504,0.2504,238,503,266,1.0,NEAR_COMPLETE_LBD,,False,NR1C3,PPARγ,Nutritional sensors
8HUN,8HUN_1,1,8HUN.A,A,A,PASS,,Q07869,"[""X-RAY DIFFRACTION""]",2.01,2.01,0.2283,0.2283,239,466,228,1.0,NEAR_COMPLETE_LBD,,False,NR1C1,PPARα,Nutritional sensors
8HUO,8HUO_1,1,8HUO.B,B,B,PASS,,Q03181,"[""X-RAY DIFFRACTION""]",2.671,2.671,0.2521,0.2521,211,439,229,1.0,NEAR_COMPLETE_LBD,,False,NR1C2,PPARδ,Nutritional sensors
8HUO,8HUO_1,1,8HUO.A,A,A,PASS,,Q03181,"[""X-RAY DIFFRACTION""]",2.671,2.671,0.2521,0.2521,211,439,229,1.0,NEAR_COMPLETE_LBD,,False,NR1C2,PPARδ,Nutritional sensors
8HUP,8HUP_1,1,8HUP.A,A,A,PASS,,P37231,"[""X-RAY DIFFRACTION""]",2.36,2.36,0.2338,0.2338,238,503,266,1.0,NEAR_COMPLETE_LBD,,False,NR1C3,PPARγ,Nutritional sensors
8HUQ,8HUQ_1,1,8HUQ.A,A,A,PASS,,Q07869,"[""X-RAY DIFFRACTION""]",1.65,1.65,0.2135,0.2135,239,466,228,1.0,NEAR_COMPLETE_LBD,,False,NR1C1,PPARα,Nutritional sensors
8IFO,8IFO_1,1,8IFO.E,E,F,PASS,,P62508,"[""X-RAY DIFFRACTION""]",2.2,2.2,0.26001,0.26001,233,457,0,0.0,NO_LBD_OVERLAP,,False,NR3B3,ERRγ,Nutritional sensors
8IFO,8IFO_1,1,8IFO.B,B,B,PASS,,P62508,"[""X-RAY DIFFRACTION""]",2.2,2.2,0.26001,0.26001,233,457,0,0.0,NO_LBD_OVERLAP,,False,NR3B3,ERRγ,Nutritional sensors
8IFO,8IFO_1,1,8IFO.A,A,A,PASS,,P62508,"[""X-RAY DIFFRACTION""]",2.2,2.2,0.26001,0.26001,233,457,0,0.0,NO_LBD_OVERLAP,,False,NR3B3,ERRγ,Nutritional sensors
8IQN,8IQN_1,1,8IQN.A,A,A,PASS,,P11473,"[""X-RAY DIFFRACTION""]",1.639,1.639,0.206,0.206,127,423,297,1.0,NEAR_COMPLETE_LBD,,False,NR1I1,VDR,Steroid hormone receptors
8IQT,8IQT_1,1,8IQT.A,A,A,PASS,,P11473,"[""X-RAY DIFFRACTION""]",1.745,1.745,0.2071,0.2071,127,423,297,1.0,NEAR_COMPLETE_LBD,,False,NR1I1,VDR,Steroid hormone receptors
8PBO,8PBO_1,1,8PBO.B,B,B,PASS,,P37231,"[""X-RAY DIFFRACTION""]",1.85,1.85,0.2128,0.2128,238,503,266,1.0,NEAR_COMPLETE_LBD,,False,NR1C3,PPARγ,Nutritional sensors
8PBO,8PBO_1,1,8PBO.A,A,A,PASS,,P37231,"[""X-RAY DIFFRACTION""]",1.85,1.85,0.2128,0.2128,238,503,266,1.0,NEAR_COMPLETE_LBD,,False,NR1C3,PPARγ,Nutritional sensors
8PKI,8PKI_7,7,8PKI.K,K,K,PASS,,O00482,"[""ELECTRON MICROSCOPY""]",2.58,2.58,,,300,539,0,0.0,NO_LBD_OVERLAP,,False,NR5A2,LRH-1,Nutritional sensors
8PP0,8PP0_1,1,8PP0.A,A,A,PASS,,P19793,"[""X-RAY DIFFRACTION""]",1.9,1.9,0.2226,0.2226,227,458,232,1.0,NEAR_COMPLETE_LBD,,False,NR2B1,RXRα,Nutritional sensors
8R00,8R00_1,1,8R00.A,A,A,PASS,,O75469,"[""X-RAY DIFFRACTION""]",1.95,1.95,0.2149,0.2149,146,433,288,1.0,NEAR_COMPLETE_LBD,,False,NR1I2,PXR,Nutritional sensors
8R81,8R81_1,1,8R81.A,A,A,PASS,,O75469,"[""X-RAY DIFFRACTION""]",2.45,2.45,0.2213,0.2213,146,433,288,1.0,NEAR_COMPLETE_LBD,,False,NR1I2,PXR,Nutritional sensors
8R82,8R82_1,1,8R82.A,A,A,PASS,,O75469,"[""X-RAY DIFFRACTION""]",2.1,2.1,0.2357,0.2357,146,433,288,1.0,NEAR_COMPLETE_LBD,,False,NR1I2,PXR,Nutritional sensors
8RCE,8RCE_1,1,8RCE.A,A,A,PASS,,Q07869,"[""X-RAY DIFFRACTION""]",3.0,3.0,0.29981,0.29981,239,466,228,1.0,NEAR_COMPLETE_LBD,,False,NR1C1,PPARα,Nutritional sensors
8REJ,8REJ_1,1,8REJ.B,B,B,PASS,,P37231,"[""X-RAY DIFFRACTION""]",3.16,3.16,0.2664,0.2664,238,503,266,1.0,NEAR_COMPLETE_LBD,,False,NR1C3,PPARγ,Nutritional sensors
8REJ,8REJ_1,1,8REJ.A,A,A,PASS,,P37231,"[""X-RAY DIFFRACTION""]",3.16,3.16,0.2664,0.2664,238,503,266,1.0,NEAR_COMPLETE_LBD,,False,NR1C3,PPARγ,Nutritional sensors
8RM6,8RM6_1,1,8RM6.B,B,A,PASS,,P10275,"[""X-RAY DIFFRACTION""]",2.05,2.05,0.2468,0.2468,669,900,0,0.0,NO_LBD_OVERLAP,,False,NR3C4,AR,Steroid hormone receptors
8RM6,8RM6_1,1,8RM6.A,A,B,PASS,,P10275,"[""X-RAY DIFFRACTION""]",2.05,2.05,0.2468,0.2468,669,900,0,0.0,NO_LBD_OVERLAP,,False,NR3C4,AR,Steroid hormone receptors
8RM7,8RM7_1,1,8RM7.B,B,A,PASS,,P10275,"[""X-RAY DIFFRACTION""]",2.25,2.25,0.31,0.31,669,900,0,0.0,NO_LBD_OVERLAP,,False,NR3C4,AR,Steroid hormone receptors
8RM7,8RM7_1,1,8RM7.A,A,B,PASS,,P10275,"[""X-RAY DIFFRACTION""]",2.25,2.25,0.31,0.31,669,900,0,0.0,NO_LBD_OVERLAP,,False,NR3C4,AR,Steroid hormone receptors
8RQN,8RQN_1,1,8RQN.A,A,A,PASS,,P10828,"[""X-RAY DIFFRACTION""]",2.88,2.88,0.26237,0.26237,217,461,245,1.0,NEAR_COMPLETE_LBD,,False,NR1A2,TRβ,Steroid hormone receptors
8RQO,8RQO_1,1,8RQO.A,A,A,PASS,,P10827,"[""X-RAY DIFFRACTION""]",2.74,2.74,0.22784,0.22784,163,407,208,0.84898,SUBSTANTIAL_LBD,,False,NR1A1,TRα,Steroid hormone receptors
8SC9,8SC9_1,1,8SC9.B,B,B,PASS,,P37231,"[""X-RAY DIFFRACTION""]",1.855,1.855,0.2411,0.2411,238,503,266,1.0,NEAR_COMPLETE_LBD,,False,NR1C3,PPARγ,Nutritional sensors
8SC9,8SC9_1,1,8SC9.A,A,A,PASS,,P37231,"[""X-RAY DIFFRACTION""]",1.855,1.855,0.2411,0.2411,238,503,266,1.0,NEAR_COMPLETE_LBD,,False,NR1C3,PPARγ,Nutritional sensors
8SVN,8SVN_1,1,8SVN.B,B,B,PASS,,O75469,"[""X-RAY DIFFRACTION""]",2.2,2.2,0.2354,0.2354,146,433,288,1.0,NEAR_COMPLETE_LBD,,True,NR1I2,PXR,Nutritional sensors
8SVN,8SVN_1,1,8SVN.A,A,A,PASS,,O75469,"[""X-RAY DIFFRACTION""]",2.2,2.2,0.2354,0.2354,146,433,288,1.0,NEAR_COMPLETE_LBD,,True,NR1I2,PXR,Nutritional sensors
8SVO,8SVO_1,1,8SVO.B,B,B,PASS,,O75469,"[""X-RAY DIFFRACTION""]",2.35,2.35,0.2384,0.2384,146,433,288,1.0,NEAR_COMPLETE_LBD,,True,NR1I2,PXR,Nutritional sensors
8SVO,8SVO_1,1,8SVO.A,A,A,PASS,,O75469,"[""X-RAY DIFFRACTION""]",2.35,2.35,0.2384,0.2384,146,433,288,1.0,NEAR_COMPLETE_LBD,,True,NR1I2,PXR,Nutritional sensors
8SVP,8SVP_1,1,8SVP.B,B,B,PASS,,O75469,"[""X-RAY DIFFRACTION""]",3.32,3.32,0.252,0.252,146,433,288,1.0,NEAR_COMPLETE_LBD,,True,NR1I2,PXR,Nutritional sensors
8SVP,8SVP_1,1,8SVP.A,A,A,PASS,,O75469,"[""X-RAY DIFFRACTION""]",3.32,3.32,0.252,0.252,146,433,288,1.0,NEAR_COMPLETE_LBD,,True,NR1I2,PXR,Nutritional sensors
8SVQ,8SVQ_1,1,8SVQ.B,B,B,PASS,,O75469,"[""X-RAY DIFFRACTION""]",2.75,2.75,0.2618,0.2618,146,433,288,1.0,NEAR_COMPLETE_LBD,,True,NR1I2,PXR,Nutritional sensors
8SVQ,8SVQ_1,1,8SVQ.A,A,A,PASS,,O75469,"[""X-RAY DIFFRACTION""]",2.75,2.75,0.2618,0.2618,146,433,288,1.0,NEAR_COMPLETE_LBD,,True,NR1I2,PXR,Nutritional sensors
8SVR,8SVR_1,1,8SVR.B,B,B,PASS,,O75469,"[""X-RAY DIFFRACTION""]",2.92,2.92,0.2582,0.2582,146,433,288,1.0,NEAR_COMPLETE_LBD,,True,NR1I2,PXR,Nutritional sensors
8SVR,8SVR_1,1,8SVR.A,A,A,PASS,,O75469,"[""X-RAY DIFFRACTION""]",2.92,2.92,0.2582,0.2582,146,433,288,1.0,NEAR_COMPLETE_LBD,,True,NR1I2,PXR,Nutritional sensors
8SVS,8SVS_1,1,8SVS.B,B,B,PASS,,O75469,"[""X-RAY DIFFRACTION""]",2.68,2.68,0.2503,0.2503,146,433,288,1.0,NEAR_COMPLETE_LBD,,True,NR1I2,PXR,Nutritional sensors
8SVS,8SVS_1,1,8SVS.A,A,A,PASS,,O75469,"[""X-RAY DIFFRACTION""]",2.68,2.68,0.2503,0.2503,146,433,288,1.0,NEAR_COMPLETE_LBD,,True,NR1I2,PXR,Nutritional sensors
8SVT,8SVT_1,1,8SVT.B,B,B,PASS,,O75469,"[""X-RAY DIFFRACTION""]",2.39,2.39,0.2367,0.2367,146,433,288,1.0,NEAR_COMPLETE_LBD,,True,NR1I2,PXR,Nutritional sensors
8SVT,8SVT_1,1,8SVT.A,A,A,PASS,,O75469,"[""X-RAY DIFFRACTION""]",2.39,2.39,0.2367,0.2367,146,433,288,1.0,NEAR_COMPLETE_LBD,,True,NR1I2,PXR,Nutritional sensors
8SVU,8SVU_1,1,8SVU.B,B,B,PASS,,O75469,"[""X-RAY DIFFRACTION""]",2.89,2.89,0.2441,0.2441,146,433,288,1.0,NEAR_COMPLETE_LBD,,True,NR1I2,PXR,Nutritional sensors
8SVU,8SVU_1,1,8SVU.A,A,A,PASS,,O75469,"[""X-RAY DIFFRACTION""]",2.89,2.89,0.2441,0.2441,146,433,288,1.0,NEAR_COMPLETE_LBD,,True,NR1I2,PXR,Nutritional sensors
8SVX,8SVX_1,1,8SVX.B,B,B,PASS,,O75469,"[""X-RAY DIFFRACTION""]",2.14,2.14,0.2349,0.2349,146,433,288,1.0,NEAR_COMPLETE_LBD,,True,NR1I2,PXR,Nutritional sensors
8SVX,8SVX_1,1,8SVX.A,A,A,PASS,,O75469,"[""X-RAY DIFFRACTION""]",2.14,2.14,0.2349,0.2349,146,433,288,1.0,NEAR_COMPLETE_LBD,,True,NR1I2,PXR,Nutritional sensors
8SZV,8SZV_1,1,8SZV.A,A,A,PASS,,O75469,"[""X-RAY DIFFRACTION""]",2.2,2.2,0.2232,0.2232,146,433,288,1.0,NEAR_COMPLETE_LBD,,False,NR1I2,PXR,Nutritional sensors
8U57,8U57_1,1,8U57.A,A,A,PASS,,P37231,"[""X-RAY DIFFRACTION""]",2.0,2.0,0.2538,0.2538,238,503,266,1.0,NEAR_COMPLETE_LBD,,False,NR1C3,PPARγ,Nutritional sensors
8VKZ,8VKZ_1,1,8VKZ.B,B,B,PASS,,P04150,"[""X-RAY DIFFRACTION""]",2.133,2.133,0.2452,0.2452,524,758,231,0.982979,NEAR_COMPLETE_LBD,,False,NR3C1,GR,Steroid hormone receptors
8VKZ,8VKZ_1,1,8VKZ.A,A,A,PASS,,P04150,"[""X-RAY DIFFRACTION""]",2.133,2.133,0.2452,0.2452,524,758,231,0.982979,NEAR_COMPLETE_LBD,,False,NR3C1,GR,Steroid hormone receptors
8VV1,8VV1_1,1,8VV1.B,B,B,PASS,,P03372,"[""X-RAY DIFFRACTION""]",2.196,2.196,0.2306,0.2306,311,547,237,1.0,NEAR_COMPLETE_LBD,,False,NR3A1,ERα,Steroid hormone receptors
8VV1,8VV1_1,1,8VV1.A,A,A,PASS,,P03372,"[""X-RAY DIFFRACTION""]",2.196,2.196,0.2306,0.2306,311,547,237,1.0,NEAR_COMPLETE_LBD,,False,NR3A1,ERα,Steroid hormone receptors
8VYT,8VYT_1,1,8VYT.D,D,D,PASS,,P03372,"[""X-RAY DIFFRACTION""]",1.61,1.61,0.2118,0.2118,311,547,237,1.0,NEAR_COMPLETE_LBD,,False,NR3A1,ERα,Steroid hormone receptors
8VYT,8VYT_1,1,8VYT.C,C,C,PASS,,P03372,"[""X-RAY DIFFRACTION""]",1.61,1.61,0.2118,0.2118,311,547,237,1.0,NEAR_COMPLETE_LBD,,False,NR3A1,ERα,Steroid hormone receptors
8VYT,8VYT_1,1,8VYT.B,B,B,PASS,,P03372,"[""X-RAY DIFFRACTION""]",1.61,1.61,0.2118,0.2118,311,547,237,1.0,NEAR_COMPLETE_LBD,,False,NR3A1,ERα,Steroid hormone receptors
8VYT,8VYT_1,1,8VYT.A,A,A,PASS,,P03372,"[""X-RAY DIFFRACTION""]",1.61,1.61,0.2118,0.2118,311,547,237,1.0,NEAR_COMPLETE_LBD,,False,NR3A1,ERα,Steroid hormone receptors
8VYX,8VYX_1,1,8VYX.D,D,D,PASS,,P03372,"[""X-RAY DIFFRACTION""]",1.69,1.69,0.2462,0.2462,311,547,236,0.995781,NEAR_COMPLETE_LBD,,False,NR3A1,ERα,Steroid hormone receptors
8VYX,8VYX_1,1,8VYX.C,C,C,PASS,,P03372,"[""X-RAY DIFFRACTION""]",1.69,1.69,0.2462,0.2462,311,547,236,0.995781,NEAR_COMPLETE_LBD,,False,NR3A1,ERα,Steroid hormone receptors
8VYX,8VYX_1,1,8VYX.B,B,B,PASS,,P03372,"[""X-RAY DIFFRACTION""]",1.69,1.69,0.2462,0.2462,311,547,236,0.995781,NEAR_COMPLETE_LBD,,False,NR3A1,ERα,Steroid hormone receptors
8VYX,8VYX_1,1,8VYX.A,A,A,PASS,,P03372,"[""X-RAY DIFFRACTION""]",1.69,1.69,0.2462,0.2462,311,547,236,0.995781,NEAR_COMPLETE_LBD,,False,NR3A1,ERα,Steroid hormone receptors
8VZ0,8VZ0_1,1,8VZ0.D,D,D,PASS,,P03372,"[""X-RAY DIFFRACTION""]",1.86,1.86,0.249,0.249,311,547,236,0.995781,NEAR_COMPLETE_LBD,,False,NR3A1,ERα,Steroid hormone receptors
8VZ0,8VZ0_1,1,8VZ0.C,C,C,PASS,,P03372,"[""X-RAY DIFFRACTION""]",1.86,1.86,0.249,0.249,311,547,236,0.995781,NEAR_COMPLETE_LBD,,False,NR3A1,ERα,Steroid hormone receptors
8VZ0,8VZ0_1,1,8VZ0.B,B,B,PASS,,P03372,"[""X-RAY DIFFRACTION""]",1.86,1.86,0.249,0.249,311,547,236,0.995781,NEAR_COMPLETE_LBD,,False,NR3A1,ERα,Steroid hormone receptors
8VZ0,8VZ0_1,1,8VZ0.A,A,A,PASS,,P03372,"[""X-RAY DIFFRACTION""]",1.86,1.86,0.249,0.249,311,547,236,0.995781,NEAR_COMPLETE_LBD,,False,NR3A1,ERα,Steroid hormone receptors
8VZ1,8VZ1_1,1,8VZ1.D,D,D,PASS,,P03372,"[""X-RAY DIFFRACTION""]",1.82,1.82,0.2745,0.2745,311,547,237,1.0,NEAR_COMPLETE_LBD,,False,NR3A1,ERα,Steroid hormone receptors
8VZ1,8VZ1_1,1,8VZ1.C,C,C,PASS,,P03372,"[""X-RAY DIFFRACTION""]",1.82,1.82,0.2745,0.2745,311,547,237,1.0,NEAR_COMPLETE_LBD,,False,NR3A1,ERα,Steroid hormone receptors
8VZ1,8VZ1_1,1,8VZ1.B,B,B,PASS,,P03372,"[""X-RAY DIFFRACTION""]",1.82,1.82,0.2745,0.2745,311,547,237,1.0,NEAR_COMPLETE_LBD,,False,NR3A1,ERα,Steroid hormone receptors
8VZ1,8VZ1_1,1,8VZ1.A,A,A,PASS,,P03372,"[""X-RAY DIFFRACTION""]",1.82,1.82,0.2745,0.2745,311,547,237,1.0,NEAR_COMPLETE_LBD,,False,NR3A1,ERα,Steroid hormone receptors
8VZP,8VZP_1,1,8VZP.D,D,D,PASS,,P03372,"[""X-RAY DIFFRACTION""]",1.72,1.72,0.2216,0.2216,311,547,236,0.995781,NEAR_COMPLETE_LBD,,False,NR3A1,ERα,Steroid hormone receptors
8VZP,8VZP_1,1,8VZP.C,C,C,PASS,,P03372,"[""X-RAY DIFFRACTION""]",1.72,1.72,0.2216,0.2216,311,547,236,0.995781,NEAR_COMPLETE_LBD,,False,NR3A1,ERα,Steroid hormone receptors
8VZP,8VZP_1,1,8VZP.B,B,B,PASS,,P03372,"[""X-RAY DIFFRACTION""]",1.72,1.72,0.2216,0.2216,311,547,236,0.995781,NEAR_COMPLETE_LBD,,False,NR3A1,ERα,Steroid hormone receptors
8VZP,8VZP_1,1,8VZP.A,A,A,PASS,,P03372,"[""X-RAY DIFFRACTION""]",1.72,1.72,0.2216,0.2216,311,547,236,0.995781,NEAR_COMPLETE_LBD,,False,NR3A1,ERα,Steroid hormone receptors
8VZQ,8VZQ_1,1,8VZQ.D,D,D,PASS,,P03372,"[""X-RAY DIFFRACTION""]",1.75,1.75,0.2201,0.2201,311,547,236,0.995781,NEAR_COMPLETE_LBD,,False,NR3A1,ERα,Steroid hormone receptors
8VZQ,8VZQ_1,1,8VZQ.C,C,C,PASS,,P03372,"[""X-RAY DIFFRACTION""]",1.75,1.75,0.2201,0.2201,311,547,236,0.995781,NEAR_COMPLETE_LBD,,False,NR3A1,ERα,Steroid hormone receptors
8VZQ,8VZQ_1,1,8VZQ.B,B,B,PASS,,P03372,"[""X-RAY DIFFRACTION""]",1.75,1.75,0.2201,0.2201,311,547,236,0.995781,NEAR_COMPLETE_LBD,,False,NR3A1,ERα,Steroid hormone receptors
8VZQ,8VZQ_1,1,8VZQ.A,A,A,PASS,,P03372,"[""X-RAY DIFFRACTION""]",1.75,1.75,0.2201,0.2201,311,547,236,0.995781,NEAR_COMPLETE_LBD,,False,NR3A1,ERα,Steroid hormone receptors
8W03,8W03_1,1,8W03.D,D,D,PASS,,P03372,"[""X-RAY DIFFRACTION""]",1.68,1.68,0.2447,0.2447,311,547,236,0.995781,NEAR_COMPLETE_LBD,,False,NR3A1,ERα,Steroid hormone receptors
8W03,8W03_1,1,8W03.C,C,C,PASS,,P03372,"[""X-RAY DIFFRACTION""]",1.68,1.68,0.2447,0.2447,311,547,236,0.995781,NEAR_COMPLETE_LBD,,False,NR3A1,ERα,Steroid hormone receptors
8W03,8W03_1,1,8W03.B,B,B,PASS,,P03372,"[""X-RAY DIFFRACTION""]",1.68,1.68,0.2447,0.2447,311,547,236,0.995781,NEAR_COMPLETE_LBD,,False,NR3A1,ERα,Steroid hormone receptors
8W03,8W03_1,1,8W03.A,A,A,PASS,,P03372,"[""X-RAY DIFFRACTION""]",1.68,1.68,0.2447,0.2447,311,547,236,0.995781,NEAR_COMPLETE_LBD,,False,NR3A1,ERα,Steroid hormone receptors
8W07,8W07_1,1,8W07.D,D,D,PASS,,P03372,"[""X-RAY DIFFRACTION""]",1.83,1.83,0.2177,0.2177,311,547,236,0.995781,NEAR_COMPLETE_LBD,,False,NR3A1,ERα,Steroid hormone receptors
8W07,8W07_1,1,8W07.C,C,C,PASS,,P03372,"[""X-RAY DIFFRACTION""]",1.83,1.83,0.2177,0.2177,311,547,236,0.995781,NEAR_COMPLETE_LBD,,False,NR3A1,ERα,Steroid hormone receptors
8W07,8W07_1,1,8W07.B,B,B,PASS,,P03372,"[""X-RAY DIFFRACTION""]",1.83,1.83,0.2177,0.2177,311,547,236,0.995781,NEAR_COMPLETE_LBD,,False,NR3A1,ERα,Steroid hormone receptors
8W07,8W07_1,1,8W07.A,A,A,PASS,,P03372,"[""X-RAY DIFFRACTION""]",1.83,1.83,0.2177,0.2177,311,547,236,0.995781,NEAR_COMPLETE_LBD,,False,NR3A1,ERα,Steroid hormone receptors
8WFE,8WFE_1,1,8WFE.B,B,B,PASS,,P37231,"[""X-RAY DIFFRACTION""]",2.2,2.2,0.2479,0.2479,238,503,266,1.0,NEAR_COMPLETE_LBD,,False,NR1C3,PPARγ,Nutritional sensors
8WFE,8WFE_1,1,8WFE.A,A,A,PASS,,P37231,"[""X-RAY DIFFRACTION""]",2.2,2.2,0.2479,0.2479,238,503,266,1.0,NEAR_COMPLETE_LBD,,False,NR1C3,PPARγ,Nutritional sensors
8WUY,8WUY_1,1,8WUY.B,B,B,PASS,,P22736,"[""X-RAY DIFFRACTION""]",2.6,2.6,0.2426,0.2426,360,595,236,1.0,NEAR_COMPLETE_LBD,,False,NR4A1,NUR77,Nutritional sensors
8WUY,8WUY_1,1,8WUY.A,A,A,PASS,,P22736,"[""X-RAY DIFFRACTION""]",2.6,2.6,0.2426,0.2426,360,595,236,1.0,NEAR_COMPLETE_LBD,,False,NR4A1,NUR77,Nutritional sensors
8X7E,8X7E_1,1,8X7E.G,G,G,PASS,,P51449,"[""X-RAY DIFFRACTION""]",2.3,2.3,0.2632,0.2632,269,508,240,1.0,NEAR_COMPLETE_LBD,,False,NR1F3,RORγ,Nutritional sensors
8X7E,8X7E_1,1,8X7E.E,E,E,PASS,,P51449,"[""X-RAY DIFFRACTION""]",2.3,2.3,0.2632,0.2632,269,508,240,1.0,NEAR_COMPLETE_LBD,,False,NR1F3,RORγ,Nutritional sensors
8X7E,8X7E_1,1,8X7E.C,C,C,PASS,,P51449,"[""X-RAY DIFFRACTION""]",2.3,2.3,0.2632,0.2632,269,508,240,1.0,NEAR_COMPLETE_LBD,,False,NR1F3,RORγ,Nutritional sensors
8X7E,8X7E_1,1,8X7E.A,A,A,PASS,,P51449,"[""X-RAY DIFFRACTION""]",2.3,2.3,0.2632,0.2632,269,508,240,1.0,NEAR_COMPLETE_LBD,,False,NR1F3,RORγ,Nutritional sensors
8XTT,8XTT_1,1,8XTT.A,A,A,PASS,,Q92570,"[""SOLUTION NMR""]",,,,,394,623,230,1.0,NEAR_COMPLETE_LBD,,False,NR4A3,NOR-1,Orphan receptors
8XU5,8XU5_1,1,8XU5.B,B,B,PASS,,P51449,"[""X-RAY DIFFRACTION""]",3.5,3.5,0.2493,0.2493,269,508,239,0.995833,NEAR_COMPLETE_LBD,,False,NR1F3,RORγ,Nutritional sensors
8XU5,8XU5_1,1,8XU5.A,A,A,PASS,,P51449,"[""X-RAY DIFFRACTION""]",3.5,3.5,0.2493,0.2493,269,508,239,0.995833,NEAR_COMPLETE_LBD,,False,NR1F3,RORγ,Nutritional sensors
8Y7L,8Y7L_1,1,8Y7L.B,B,B,PASS,,P22736,"[""X-RAY DIFFRACTION""]",2.683,2.683,0.2425,0.2425,360,595,235,0.995763,NEAR_COMPLETE_LBD,,False,NR4A1,NUR77,Nutritional sensors
8Y7L,8Y7L_1,1,8Y7L.A,A,A,PASS,,P22736,"[""X-RAY DIFFRACTION""]",2.683,2.683,0.2425,0.2425,360,595,235,0.995763,NEAR_COMPLETE_LBD,,False,NR4A1,NUR77,Nutritional sensors
8YT6,8YT6_1,1,8YT6.A,A,A,PASS,,Q07869,"[""X-RAY DIFFRACTION""]",1.85,1.85,0.2651,0.2651,239,466,228,1.0,NEAR_COMPLETE_LBD,,False,NR1C1,PPARα,Nutritional sensors
8YT9,8YT9_1,1,8YT9.A,A,A,PASS,,Q07869,"[""X-RAY DIFFRACTION""]",1.59,1.59,0.2065,0.2065,239,466,228,1.0,NEAR_COMPLETE_LBD,,False,NR1C1,PPARα,Nutritional sensors
8YTL,8YTL_1,1,8YTL.A,A,A,PASS,,Q07869,"[""X-RAY DIFFRACTION""]",2.0,2.0,0.2603,0.2603,239,466,228,1.0,NEAR_COMPLETE_LBD,,False,NR1C1,PPARα,Nutritional sensors
8YU8,8YU8_1,1,8YU8.A,A,A,PASS,,Q07869,"[""X-RAY DIFFRACTION""]",1.95,1.95,0.2594,0.2594,239,466,228,1.0,NEAR_COMPLETE_LBD,,False,NR1C1,PPARα,Nutritional sensors
8YWU,8YWU_1,1,8YWU.A,A,A,PASS,,Q07869,"[""X-RAY DIFFRACTION""]",1.77,1.77,0.2295,0.2295,239,466,228,1.0,NEAR_COMPLETE_LBD,,False,NR1C1,PPARα,Nutritional sensors
8YWV,8YWV_1,1,8YWV.A,A,A,PASS,,Q07869,"[""X-RAY DIFFRACTION""]",2.01,2.01,0.2511,0.2511,239,466,228,1.0,NEAR_COMPLETE_LBD,,False,NR1C1,PPARα,Nutritional sensors
8Z5A,8Z5A_1,1,8Z5A.B,B,A,PASS,,P22736,"[""X-RAY DIFFRACTION""]",2.179,2.179,0.2738,0.2738,360,595,236,1.0,NEAR_COMPLETE_LBD,,False,NR4A1,NUR77,Nutritional sensors
8Z5A,8Z5A_1,1,8Z5A.A,A,B,PASS,,P22736,"[""X-RAY DIFFRACTION""]",2.179,2.179,0.2738,0.2738,360,595,236,1.0,NEAR_COMPLETE_LBD,,False,NR4A1,NUR77,Nutritional sensors
8ZFN,8ZFN_1,1,8ZFN.B,B,B,PASS,,P37231,"[""X-RAY DIFFRACTION""]",2.54,2.54,0.3214,0.3214,238,503,266,1.0,NEAR_COMPLETE_LBD,,False,NR1C3,PPARγ,Nutritional sensors
8ZFN,8ZFN_1,1,8ZFN.A,A,A,PASS,,P37231,"[""X-RAY DIFFRACTION""]",2.54,2.54,0.3214,0.3214,238,503,266,1.0,NEAR_COMPLETE_LBD,,False,NR1C3,PPARγ,Nutritional sensors
8ZFO,8ZFO_1,1,8ZFO.B,B,B,PASS,,P37231,"[""X-RAY DIFFRACTION""]",3.15,3.15,0.2961,0.2961,238,503,266,1.0,NEAR_COMPLETE_LBD,,False,NR1C3,PPARγ,Nutritional sensors
8ZFO,8ZFO_1,1,8ZFO.A,A,A,PASS,,P37231,"[""X-RAY DIFFRACTION""]",3.15,3.15,0.2961,0.2961,238,503,266,1.0,NEAR_COMPLETE_LBD,,False,NR1C3,PPARγ,Nutritional sensors
8ZFP,8ZFP_1,1,8ZFP.B,B,B,PASS,,P37231,"[""X-RAY DIFFRACTION""]",2.48,2.48,0.303,0.303,238,503,266,1.0,NEAR_COMPLETE_LBD,,False,NR1C3,PPARγ,Nutritional sensors
8ZFP,8ZFP_1,1,8ZFP.A,A,A,PASS,,P37231,"[""X-RAY DIFFRACTION""]",2.48,2.48,0.303,0.303,238,503,266,1.0,NEAR_COMPLETE_LBD,,False,NR1C3,PPARγ,Nutritional sensors
8ZFQ,8ZFQ_1,1,8ZFQ.B,B,B,PASS,,P37231,"[""X-RAY DIFFRACTION""]",2.49,2.49,0.304,0.304,238,503,266,1.0,NEAR_COMPLETE_LBD,,False,NR1C3,PPARγ,Nutritional sensors
8ZFQ,8ZFQ_1,1,8ZFQ.A,A,A,PASS,,P37231,"[""X-RAY DIFFRACTION""]",2.49,2.49,0.304,0.304,238,503,266,1.0,NEAR_COMPLETE_LBD,,False,NR1C3,PPARγ,Nutritional sensors
8ZFR,8ZFR_1,1,8ZFR.B,B,B,PASS,,P37231,"[""X-RAY DIFFRACTION""]",2.73,2.73,0.3019,0.3019,238,503,266,1.0,NEAR_COMPLETE_LBD,,False,NR1C3,PPARγ,Nutritional sensors
8ZFR,8ZFR_1,1,8ZFR.A,A,A,PASS,,P37231,"[""X-RAY DIFFRACTION""]",2.73,2.73,0.3019,0.3019,238,503,266,1.0,NEAR_COMPLETE_LBD,,False,NR1C3,PPARγ,Nutritional sensors
8ZFS,8ZFS_1,1,8ZFS.B,B,B,PASS,,P37231,"[""X-RAY DIFFRACTION""]",2.56,2.56,0.2714,0.2714,238,503,266,1.0,NEAR_COMPLETE_LBD,,False,NR1C3,PPARγ,Nutritional sensors
8ZFS,8ZFS_1,1,8ZFS.A,A,A,PASS,,P37231,"[""X-RAY DIFFRACTION""]",2.56,2.56,0.2714,0.2714,238,503,266,1.0,NEAR_COMPLETE_LBD,,False,NR1C3,PPARγ,Nutritional sensors
8ZFT,8ZFT_1,1,8ZFT.B,B,B,PASS,,P37231,"[""X-RAY DIFFRACTION""]",3.2,3.2,0.2799,0.2799,238,503,266,1.0,NEAR_COMPLETE_LBD,,False,NR1C3,PPARγ,Nutritional sensors
8ZFT,8ZFT_1,1,8ZFT.A,A,A,PASS,,P37231,"[""X-RAY DIFFRACTION""]",3.2,3.2,0.2799,0.2799,238,503,266,1.0,NEAR_COMPLETE_LBD,,False,NR1C3,PPARγ,Nutritional sensors
8ZNN,8ZNN_1,1,8ZNN.A,A,A,PASS,,Q03181,"[""X-RAY DIFFRACTION""]",1.95,1.95,0.227,0.227,211,439,229,1.0,NEAR_COMPLETE_LBD,,False,NR1C2,PPARδ,Nutritional sensors
9B25,9B25_1,1,9B25.D,D,D,PASS,,P03372,"[""X-RAY DIFFRACTION""]",1.45,1.45,0.2232,0.2232,311,547,237,1.0,NEAR_COMPLETE_LBD,,False,NR3A1,ERα,Steroid hormone receptors
9B25,9B25_1,1,9B25.C,C,C,PASS,,P03372,"[""X-RAY DIFFRACTION""]",1.45,1.45,0.2232,0.2232,311,547,237,1.0,NEAR_COMPLETE_LBD,,False,NR3A1,ERα,Steroid hormone receptors
9B25,9B25_1,1,9B25.B,B,B,PASS,,P03372,"[""X-RAY DIFFRACTION""]",1.45,1.45,0.2232,0.2232,311,547,237,1.0,NEAR_COMPLETE_LBD,,False,NR3A1,ERα,Steroid hormone receptors
9B25,9B25_1,1,9B25.A,A,A,PASS,,P03372,"[""X-RAY DIFFRACTION""]",1.45,1.45,0.2232,0.2232,311,547,237,1.0,NEAR_COMPLETE_LBD,,False,NR3A1,ERα,Steroid hormone receptors
9B2B,9B2B_1,1,9B2B.D,D,D,PASS,,P03372,"[""X-RAY DIFFRACTION""]",2.08,2.08,0.3182,0.3182,311,547,237,1.0,NEAR_COMPLETE_LBD,,False,NR3A1,ERα,Steroid hormone receptors
9B2B,9B2B_1,1,9B2B.C,C,C,PASS,,P03372,"[""X-RAY DIFFRACTION""]",2.08,2.08,0.3182,0.3182,311,547,237,1.0,NEAR_COMPLETE_LBD,,False,NR3A1,ERα,Steroid hormone receptors
9B2B,9B2B_1,1,9B2B.B,B,B,PASS,,P03372,"[""X-RAY DIFFRACTION""]",2.08,2.08,0.3182,0.3182,311,547,237,1.0,NEAR_COMPLETE_LBD,,False,NR3A1,ERα,Steroid hormone receptors
9B2B,9B2B_1,1,9B2B.A,A,A,PASS,,P03372,"[""X-RAY DIFFRACTION""]",2.08,2.08,0.3182,0.3182,311,547,237,1.0,NEAR_COMPLETE_LBD,,False,NR3A1,ERα,Steroid hormone receptors
9BEQ,9BEQ_1,1,9BEQ.A,A,A,PASS,,O75469,"[""X-RAY DIFFRACTION""]",2.6,2.6,0.2462,0.2462,146,433,288,1.0,NEAR_COMPLETE_LBD,,False,NR1I2,PXR,Nutritional sensors
9BPX,9BPX_1,1,9BPX.B,B,B,PASS,,P03372,"[""X-RAY DIFFRACTION""]",2.2,2.2,0.2211,0.2211,311,547,237,1.0,NEAR_COMPLETE_LBD,,False,NR3A1,ERα,Steroid hormone receptors
9BPX,9BPX_1,1,9BPX.A,A,A,PASS,,P03372,"[""X-RAY DIFFRACTION""]",2.2,2.2,0.2211,0.2211,311,547,237,1.0,NEAR_COMPLETE_LBD,,False,NR3A1,ERα,Steroid hormone receptors
9BQE,9BQE_1,1,9BQE.B,B,B,PASS,,P03372,"[""X-RAY DIFFRACTION""]",1.98,1.98,0.2665,0.2665,311,547,237,1.0,NEAR_COMPLETE_LBD,,False,NR3A1,ERα,Steroid hormone receptors
9BQE,9BQE_1,1,9BQE.A,A,A,PASS,,P03372,"[""X-RAY DIFFRACTION""]",1.98,1.98,0.2665,0.2665,311,547,237,1.0,NEAR_COMPLETE_LBD,,False,NR3A1,ERα,Steroid hormone receptors
9BU1,9BU1_1,1,9BU1.B,B,B,PASS,,P03372,"[""X-RAY DIFFRACTION""]",1.75,1.75,0.2262,0.2262,311,547,237,1.0,NEAR_COMPLETE_LBD,,False,NR3A1,ERα,Steroid hormone receptors
9BU1,9BU1_1,1,9BU1.A,A,A,PASS,,P03372,"[""X-RAY DIFFRACTION""]",1.75,1.75,0.2262,0.2262,311,547,237,1.0,NEAR_COMPLETE_LBD,,False,NR3A1,ERα,Steroid hormone receptors
9CK0,9CK0_1,1,9CK0.A,A,A,PASS,,P37231,"[""X-RAY DIFFRACTION""]",2.6,2.6,0.2958,0.2958,238,503,266,1.0,NEAR_COMPLETE_LBD,,False,NR1C3,PPARγ,Nutritional sensors
9CWN,9CWN_1,1,9CWN.A,A,A,PASS,,P37231,"[""X-RAY DIFFRACTION""]",2.7,2.7,0.242,0.242,238,503,266,1.0,NEAR_COMPLETE_LBD,,False,NR1C3,PPARγ,Nutritional sensors
9EBG,9EBG_2,2,9EBG.D,D,C,PASS,,P03372,"[""X-RAY DIFFRACTION""]",2.02,2.02,0.2479,0.2479,311,547,237,1.0,NEAR_COMPLETE_LBD,,False,NR3A1,ERα,Steroid hormone receptors
9EBG,9EBG_2,2,9EBG.C,C,A,PASS,,P03372,"[""X-RAY DIFFRACTION""]",2.02,2.02,0.2479,0.2479,311,547,237,1.0,NEAR_COMPLETE_LBD,,False,NR3A1,ERα,Steroid hormone receptors
9EBL,9EBL_1,1,9EBL.F,F,F,PASS,,Q92731,"[""X-RAY DIFFRACTION""]",2.2,2.2,0.2765,0.2765,264,498,235,1.0,NEAR_COMPLETE_LBD,,False,NR3A2,ERβ,Steroid hormone receptors
9EBL,9EBL_1,1,9EBL.E,E,E,PASS,,Q92731,"[""X-RAY DIFFRACTION""]",2.2,2.2,0.2765,0.2765,264,498,235,1.0,NEAR_COMPLETE_LBD,,False,NR3A2,ERβ,Steroid hormone receptors
9EBL,9EBL_1,1,9EBL.B,B,B,PASS,,Q92731,"[""X-RAY DIFFRACTION""]",2.2,2.2,0.2765,0.2765,264,498,235,1.0,NEAR_COMPLETE_LBD,,False,NR3A2,ERβ,Steroid hormone receptors
9EBL,9EBL_1,1,9EBL.A,A,A,PASS,,Q92731,"[""X-RAY DIFFRACTION""]",2.2,2.2,0.2765,0.2765,264,498,235,1.0,NEAR_COMPLETE_LBD,,False,NR3A2,ERβ,Steroid hormone receptors
9ECF,9ECF_1,1,9ECF.N,N,N,PASS,,Q92731,"[""X-RAY DIFFRACTION""]",2.0,2.0,0.2775,0.2775,264,498,235,1.0,NEAR_COMPLETE_LBD,,False,NR3A2,ERβ,Steroid hormone receptors
9ECF,9ECF_1,1,9ECF.M,M,M,PASS,,Q92731,"[""X-RAY DIFFRACTION""]",2.0,2.0,0.2775,0.2775,264,498,235,1.0,NEAR_COMPLETE_LBD,,False,NR3A2,ERβ,Steroid hormone receptors
9ECF,9ECF_1,1,9ECF.J,J,J,PASS,,Q92731,"[""X-RAY DIFFRACTION""]",2.0,2.0,0.2775,0.2775,264,498,235,1.0,NEAR_COMPLETE_LBD,,False,NR3A2,ERβ,Steroid hormone receptors
9ECF,9ECF_1,1,9ECF.I,I,I,PASS,,Q92731,"[""X-RAY DIFFRACTION""]",2.0,2.0,0.2775,0.2775,264,498,235,1.0,NEAR_COMPLETE_LBD,,False,NR3A2,ERβ,Steroid hormone receptors
9ECF,9ECF_1,1,9ECF.F,F,B,PASS,,Q92731,"[""X-RAY DIFFRACTION""]",2.0,2.0,0.2775,0.2775,264,498,235,1.0,NEAR_COMPLETE_LBD,,False,NR3A2,ERβ,Steroid hormone receptors
9ECF,9ECF_1,1,9ECF.E,E,A,PASS,,Q92731,"[""X-RAY DIFFRACTION""]",2.0,2.0,0.2775,0.2775,264,498,235,1.0,NEAR_COMPLETE_LBD,,False,NR3A2,ERβ,Steroid hormone receptors
9ECF,9ECF_1,1,9ECF.B,B,F,PASS,,Q92731,"[""X-RAY DIFFRACTION""]",2.0,2.0,0.2775,0.2775,264,498,235,1.0,NEAR_COMPLETE_LBD,,False,NR3A2,ERβ,Steroid hormone receptors
9ECF,9ECF_1,1,9ECF.A,A,E,PASS,,Q92731,"[""X-RAY DIFFRACTION""]",2.0,2.0,0.2775,0.2775,264,498,235,1.0,NEAR_COMPLETE_LBD,,False,NR3A2,ERβ,Steroid hormone receptors
9ECK,9ECK_1,1,9ECK.D,D,D,PASS,,P03372,"[""X-RAY DIFFRACTION""]",3.2,3.2,0.2928,0.2928,311,547,237,1.0,NEAR_COMPLETE_LBD,,False,NR3A1,ERα,Steroid hormone receptors
9ECK,9ECK_1,1,9ECK.C,C,C,PASS,,P03372,"[""X-RAY DIFFRACTION""]",3.2,3.2,0.2928,0.2928,311,547,237,1.0,NEAR_COMPLETE_LBD,,False,NR3A1,ERα,Steroid hormone receptors
9ECK,9ECK_1,1,9ECK.B,B,B,PASS,,P03372,"[""X-RAY DIFFRACTION""]",3.2,3.2,0.2928,0.2928,311,547,237,1.0,NEAR_COMPLETE_LBD,,False,NR3A1,ERα,Steroid hormone receptors
9ECK,9ECK_1,1,9ECK.A,A,A,PASS,,P03372,"[""X-RAY DIFFRACTION""]",3.2,3.2,0.2928,0.2928,311,547,237,1.0,NEAR_COMPLETE_LBD,,False,NR3A1,ERα,Steroid hormone receptors
9F7W,9F7W_1,1,9F7W.A,A,A,PASS,,P37231,"[""X-RAY DIFFRACTION""]",1.25,1.25,0.1889,0.1889,238,503,266,1.0,NEAR_COMPLETE_LBD,,False,NR1C3,PPARγ,Nutritional sensors
9F7X,9F7X_1,1,9F7X.A,A,A,PASS,,P37231,"[""X-RAY DIFFRACTION""]",1.63,1.63,0.2899,0.2899,238,503,266,1.0,NEAR_COMPLETE_LBD,,False,NR1C3,PPARγ,Nutritional sensors
9FZG,9FZG_1,1,9FZG.A,A,A,PASS,,O75469,"[""X-RAY DIFFRACTION""]",2.0,2.0,0.2369,0.2369,146,433,288,1.0,NEAR_COMPLETE_LBD,,False,NR1I2,PXR,Nutritional sensors
9FZH,9FZH_1,1,9FZH.A,A,A,PASS,,O75469,"[""X-RAY DIFFRACTION""]",2.5,2.5,0.2565,0.2565,146,433,288,1.0,NEAR_COMPLETE_LBD,,False,NR1I2,PXR,Nutritional sensors
9FZI,9FZI_1,1,9FZI.B,B,B,PASS,,O75469,"[""X-RAY DIFFRACTION""]",2.7,2.7,0.2371,0.2371,146,433,288,1.0,NEAR_COMPLETE_LBD,,True,NR1I2,PXR,Nutritional sensors
9FZI,9FZI_1,1,9FZI.A,A,A,PASS,,O75469,"[""X-RAY DIFFRACTION""]",2.7,2.7,0.2371,0.2371,146,433,288,1.0,NEAR_COMPLETE_LBD,,True,NR1I2,PXR,Nutritional sensors
9FZJ,9FZJ_1,1,9FZJ.A,A,A,PASS,,O75469,"[""X-RAY DIFFRACTION""]",1.6,1.6,0.2086,0.2086,146,433,288,1.0,NEAR_COMPLETE_LBD,,False,NR1I2,PXR,Nutritional sensors
9GC7,9GC7_1,1,9GC7.A,A,A,PASS,,P08235,"[""X-RAY DIFFRACTION""]",1.46,1.46,0.2099,0.2099,726,964,230,0.962343,NEAR_COMPLETE_LBD,,False,NR3C2,MR,Steroid hormone receptors
9GFE,9GFE_1,1,9GFE.A,A,A,PASS,,P10276,"[""X-RAY DIFFRACTION""]",1.583,1.583,0.2291,0.2291,183,417,233,0.991489,NEAR_COMPLETE_LBD,,False,NR1B1,RARα,Steroid hormone receptors
9GFI,9GFI_1,1,9GFI.A,A,A,PASS,,P10276,"[""X-RAY DIFFRACTION""]",2.1,2.1,0.2716,0.2716,183,417,233,0.991489,NEAR_COMPLETE_LBD,,False,NR1B1,RARα,Steroid hormone receptors
9GFU,9GFU_1,1,9GFU.B,B,A,PASS,,P37231,"[""X-RAY DIFFRACTION""]",2.1,2.1,0.2496,0.2496,238,503,266,1.0,NEAR_COMPLETE_LBD,,False,NR1C3,PPARγ,Nutritional sensors
9GFU,9GFU_1,1,9GFU.A,A,B,PASS,,P37231,"[""X-RAY DIFFRACTION""]",2.1,2.1,0.2496,0.2496,238,503,266,1.0,NEAR_COMPLETE_LBD,,False,NR1C3,PPARγ,Nutritional sensors
9GVP,9GVP_1,1,9GVP.B,B,A,PASS,,P37231,"[""X-RAY DIFFRACTION""]",2.05,2.05,0.2487,0.2487,238,503,266,1.0,NEAR_COMPLETE_LBD,,False,NR1C3,PPARγ,Nutritional sensors
9GVP,9GVP_1,1,9GVP.A,A,B,PASS,,P37231,"[""X-RAY DIFFRACTION""]",2.05,2.05,0.2487,0.2487,238,503,266,1.0,NEAR_COMPLETE_LBD,,False,NR1C3,PPARγ,Nutritional sensors
9GVS,9GVS_1,1,9GVS.B,B,A,PASS,,P37231,"[""X-RAY DIFFRACTION""]",2.1,2.1,0.2553,0.2553,238,503,266,1.0,NEAR_COMPLETE_LBD,,False,NR1C3,PPARγ,Nutritional sensors
9GVS,9GVS_1,1,9GVS.A,A,B,PASS,,P37231,"[""X-RAY DIFFRACTION""]",2.1,2.1,0.2553,0.2553,238,503,266,1.0,NEAR_COMPLETE_LBD,,False,NR1C3,PPARγ,Nutritional sensors
9GVT,9GVT_1,1,9GVT.B,B,A,PASS,,P37231,"[""X-RAY DIFFRACTION""]",2.3,2.3,0.2519,0.2519,238,503,266,1.0,NEAR_COMPLETE_LBD,,False,NR1C3,PPARγ,Nutritional sensors
9GVT,9GVT_1,1,9GVT.A,A,B,PASS,,P37231,"[""X-RAY DIFFRACTION""]",2.3,2.3,0.2519,0.2519,238,503,266,1.0,NEAR_COMPLETE_LBD,,False,NR1C3,PPARγ,Nutritional sensors
9GW3,9GW3_1,1,9GW3.B,B,B,PASS,,P37231,"[""X-RAY DIFFRACTION""]",2.0,2.0,0.25167,0.25167,238,503,266,1.0,NEAR_COMPLETE_LBD,,False,NR1C3,PPARγ,Nutritional sensors
9GW3,9GW3_1,1,9GW3.A,A,A,PASS,,P37231,"[""X-RAY DIFFRACTION""]",2.0,2.0,0.25167,0.25167,238,503,266,1.0,NEAR_COMPLETE_LBD,,False,NR1C3,PPARγ,Nutritional sensors
9GW4,9GW4_1,1,9GW4.B,B,B,PASS,,P37231,"[""X-RAY DIFFRACTION""]",2.2,2.2,0.2484,0.2484,238,503,266,1.0,NEAR_COMPLETE_LBD,,False,NR1C3,PPARγ,Nutritional sensors
9GW4,9GW4_1,1,9GW4.A,A,A,PASS,,P37231,"[""X-RAY DIFFRACTION""]",2.2,2.2,0.2484,0.2484,238,503,266,1.0,NEAR_COMPLETE_LBD,,False,NR1C3,PPARγ,Nutritional sensors
9GW7,9GW7_1,1,9GW7.B,B,B,PASS,,P37231,"[""X-RAY DIFFRACTION""]",2.1,2.1,0.24839,0.24839,238,503,266,1.0,NEAR_COMPLETE_LBD,,False,NR1C3,PPARγ,Nutritional sensors
9GW7,9GW7_1,1,9GW7.A,A,A,PASS,,P37231,"[""X-RAY DIFFRACTION""]",2.1,2.1,0.24839,0.24839,238,503,266,1.0,NEAR_COMPLETE_LBD,,False,NR1C3,PPARγ,Nutritional sensors
9GW8,9GW8_1,1,9GW8.B,B,B,PASS,,P37231,"[""X-RAY DIFFRACTION""]",2.2,2.2,0.2568,0.2568,238,503,266,1.0,NEAR_COMPLETE_LBD,,False,NR1C3,PPARγ,Nutritional sensors
9GW8,9GW8_1,1,9GW8.A,A,A,PASS,,P37231,"[""X-RAY DIFFRACTION""]",2.2,2.2,0.2568,0.2568,238,503,266,1.0,NEAR_COMPLETE_LBD,,False,NR1C3,PPARγ,Nutritional sensors
9GWB,9GWB_1,1,9GWB.B,B,B,PASS,,P37231,"[""X-RAY DIFFRACTION""]",2.2,2.2,0.2452,0.2452,238,503,266,1.0,NEAR_COMPLETE_LBD,,False,NR1C3,PPARγ,Nutritional sensors
9GWB,9GWB_1,1,9GWB.A,A,A,PASS,,P37231,"[""X-RAY DIFFRACTION""]",2.2,2.2,0.2452,0.2452,238,503,266,1.0,NEAR_COMPLETE_LBD,,False,NR1C3,PPARγ,Nutritional sensors
9GWC,9GWC_1,1,9GWC.B,B,B,PASS,,P37231,"[""X-RAY DIFFRACTION""]",2.0,2.0,0.24729,0.24729,238,503,266,1.0,NEAR_COMPLETE_LBD,,False,NR1C3,PPARγ,Nutritional sensors
9GWC,9GWC_1,1,9GWC.A,A,A,PASS,,P37231,"[""X-RAY DIFFRACTION""]",2.0,2.0,0.24729,0.24729,238,503,266,1.0,NEAR_COMPLETE_LBD,,False,NR1C3,PPARγ,Nutritional sensors
9GWE,9GWE_1,1,9GWE.B,B,A,PASS,,P37231,"[""X-RAY DIFFRACTION""]",2.1,2.1,0.259,0.259,238,503,266,1.0,NEAR_COMPLETE_LBD,,False,NR1C3,PPARγ,Nutritional sensors
9GWE,9GWE_1,1,9GWE.A,A,B,PASS,,P37231,"[""X-RAY DIFFRACTION""]",2.1,2.1,0.259,0.259,238,503,266,1.0,NEAR_COMPLETE_LBD,,False,NR1C3,PPARγ,Nutritional sensors
9GWF,9GWF_1,1,9GWF.B,B,B,PASS,,P37231,"[""X-RAY DIFFRACTION""]",2.4,2.4,0.2526,0.2526,238,503,266,1.0,NEAR_COMPLETE_LBD,,False,NR1C3,PPARγ,Nutritional sensors
9GWF,9GWF_1,1,9GWF.A,A,A,PASS,,P37231,"[""X-RAY DIFFRACTION""]",2.4,2.4,0.2526,0.2526,238,503,266,1.0,NEAR_COMPLETE_LBD,,False,NR1C3,PPARγ,Nutritional sensors
9GWG,9GWG_1,1,9GWG.B,B,B,PASS,,P37231,"[""X-RAY DIFFRACTION""]",2.3,2.3,0.2521,0.2521,238,503,266,1.0,NEAR_COMPLETE_LBD,,False,NR1C3,PPARγ,Nutritional sensors
9GWG,9GWG_1,1,9GWG.A,A,A,PASS,,P37231,"[""X-RAY DIFFRACTION""]",2.3,2.3,0.2521,0.2521,238,503,266,1.0,NEAR_COMPLETE_LBD,,False,NR1C3,PPARγ,Nutritional sensors
9GWH,9GWH_1,1,9GWH.B,B,B,PASS,,P37231,"[""X-RAY DIFFRACTION""]",2.1,2.1,0.2564,0.2564,238,503,266,1.0,NEAR_COMPLETE_LBD,,False,NR1C3,PPARγ,Nutritional sensors
9GWH,9GWH_1,1,9GWH.A,A,A,PASS,,P37231,"[""X-RAY DIFFRACTION""]",2.1,2.1,0.2564,0.2564,238,503,266,1.0,NEAR_COMPLETE_LBD,,False,NR1C3,PPARγ,Nutritional sensors
9GWI,9GWI_1,1,9GWI.B,B,B,PASS,,P37231,"[""X-RAY DIFFRACTION""]",2.2,2.2,0.2533,0.2533,238,503,266,1.0,NEAR_COMPLETE_LBD,,False,NR1C3,PPARγ,Nutritional sensors
9GWI,9GWI_1,1,9GWI.A,A,A,PASS,,P37231,"[""X-RAY DIFFRACTION""]",2.2,2.2,0.2533,0.2533,238,503,266,1.0,NEAR_COMPLETE_LBD,,False,NR1C3,PPARγ,Nutritional sensors
9GWK,9GWK_1,1,9GWK.B,B,A,PASS,,P37231,"[""X-RAY DIFFRACTION""]",2.2,2.2,0.2543,0.2543,238,503,266,1.0,NEAR_COMPLETE_LBD,,False,NR1C3,PPARγ,Nutritional sensors
9GWK,9GWK_1,1,9GWK.A,A,B,PASS,,P37231,"[""X-RAY DIFFRACTION""]",2.2,2.2,0.2543,0.2543,238,503,266,1.0,NEAR_COMPLETE_LBD,,False,NR1C3,PPARγ,Nutritional sensors
9GWL,9GWL_1,1,9GWL.B,B,A,PASS,,P37231,"[""X-RAY DIFFRACTION""]",2.2,2.2,0.2486,0.2486,238,503,266,1.0,NEAR_COMPLETE_LBD,,False,NR1C3,PPARγ,Nutritional sensors
9GWL,9GWL_1,1,9GWL.A,A,B,PASS,,P37231,"[""X-RAY DIFFRACTION""]",2.2,2.2,0.2486,0.2486,238,503,266,1.0,NEAR_COMPLETE_LBD,,False,NR1C3,PPARγ,Nutritional sensors
9GWM,9GWM_1,1,9GWM.B,B,A,PASS,,P37231,"[""X-RAY DIFFRACTION""]",2.2,2.2,0.2528,0.2528,238,503,266,1.0,NEAR_COMPLETE_LBD,,False,NR1C3,PPARγ,Nutritional sensors
9GWM,9GWM_1,1,9GWM.A,A,B,PASS,,P37231,"[""X-RAY DIFFRACTION""]",2.2,2.2,0.2528,0.2528,238,503,266,1.0,NEAR_COMPLETE_LBD,,False,NR1C3,PPARγ,Nutritional sensors
9GWN,9GWN_1,1,9GWN.B,B,B,PASS,,P37231,"[""X-RAY DIFFRACTION""]",2.2,2.2,0.2575,0.2575,238,503,266,1.0,NEAR_COMPLETE_LBD,,False,NR1C3,PPARγ,Nutritional sensors
9GWN,9GWN_1,1,9GWN.A,A,A,PASS,,P37231,"[""X-RAY DIFFRACTION""]",2.2,2.2,0.2575,0.2575,238,503,266,1.0,NEAR_COMPLETE_LBD,,False,NR1C3,PPARγ,Nutritional sensors
9GWP,9GWP_1,1,9GWP.B,B,B,PASS,,P37231,"[""X-RAY DIFFRACTION""]",2.55,2.55,0.2689,0.2689,238,503,266,1.0,NEAR_COMPLETE_LBD,,False,NR1C3,PPARγ,Nutritional sensors
9GWP,9GWP_1,1,9GWP.A,A,A,PASS,,P37231,"[""X-RAY DIFFRACTION""]",2.55,2.55,0.2689,0.2689,238,503,266,1.0,NEAR_COMPLETE_LBD,,False,NR1C3,PPARγ,Nutritional sensors
9GWQ,9GWQ_1,1,9GWQ.B,B,A,PASS,,P37231,"[""X-RAY DIFFRACTION""]",2.1,2.1,0.255,0.255,238,503,266,1.0,NEAR_COMPLETE_LBD,,False,NR1C3,PPARγ,Nutritional sensors
9GWQ,9GWQ_1,1,9GWQ.A,A,B,PASS,,P37231,"[""X-RAY DIFFRACTION""]",2.1,2.1,0.255,0.255,238,503,266,1.0,NEAR_COMPLETE_LBD,,False,NR1C3,PPARγ,Nutritional sensors
9GWR,9GWR_1,1,9GWR.B,B,A,PASS,,P37231,"[""X-RAY DIFFRACTION""]",2.1,2.1,0.2549,0.2549,238,503,266,1.0,NEAR_COMPLETE_LBD,,False,NR1C3,PPARγ,Nutritional sensors
9GWR,9GWR_1,1,9GWR.A,A,B,PASS,,P37231,"[""X-RAY DIFFRACTION""]",2.1,2.1,0.2549,0.2549,238,503,266,1.0,NEAR_COMPLETE_LBD,,False,NR1C3,PPARγ,Nutritional sensors
9GWS,9GWS_1,1,9GWS.B,B,A,PASS,,P37231,"[""X-RAY DIFFRACTION""]",2.2,2.2,0.2375,0.2375,238,503,266,1.0,NEAR_COMPLETE_LBD,,False,NR1C3,PPARγ,Nutritional sensors
9GWS,9GWS_1,1,9GWS.A,A,B,PASS,,P37231,"[""X-RAY DIFFRACTION""]",2.2,2.2,0.2375,0.2375,238,503,266,1.0,NEAR_COMPLETE_LBD,,False,NR1C3,PPARγ,Nutritional sensors
9GWX,9GWX_1,1,9GWX.B,B,A,PASS,,P37231,"[""X-RAY DIFFRACTION""]",2.2,2.2,0.2483,0.2483,238,503,266,1.0,NEAR_COMPLETE_LBD,,False,NR1C3,PPARγ,Nutritional sensors
9GWX,9GWX_1,1,9GWX.A,A,B,PASS,,P37231,"[""X-RAY DIFFRACTION""]",2.2,2.2,0.2483,0.2483,238,503,266,1.0,NEAR_COMPLETE_LBD,,False,NR1C3,PPARγ,Nutritional sensors
9GWY,9GWY_1,1,9GWY.B,B,A,PASS,,P37231,"[""X-RAY DIFFRACTION""]",2.09,2.09,0.2424,0.2424,238,503,266,1.0,NEAR_COMPLETE_LBD,,False,NR1C3,PPARγ,Nutritional sensors
9GWY,9GWY_1,1,9GWY.A,A,B,PASS,,P37231,"[""X-RAY DIFFRACTION""]",2.09,2.09,0.2424,0.2424,238,503,266,1.0,NEAR_COMPLETE_LBD,,False,NR1C3,PPARγ,Nutritional sensors
9GX0,9GX0_1,1,9GX0.B,B,A,PASS,,P37231,"[""X-RAY DIFFRACTION""]",2.1,2.1,0.2598,0.2598,238,503,266,1.0,NEAR_COMPLETE_LBD,,False,NR1C3,PPARγ,Nutritional sensors
9GX0,9GX0_1,1,9GX0.A,A,B,PASS,,P37231,"[""X-RAY DIFFRACTION""]",2.1,2.1,0.2598,0.2598,238,503,266,1.0,NEAR_COMPLETE_LBD,,False,NR1C3,PPARγ,Nutritional sensors
9GX1,9GX1_1,1,9GX1.B,B,A,PASS,,P37231,"[""X-RAY DIFFRACTION""]",2.1,2.1,0.2525,0.2525,238,503,266,1.0,NEAR_COMPLETE_LBD,,False,NR1C3,PPARγ,Nutritional sensors
9GX1,9GX1_1,1,9GX1.A,A,B,PASS,,P37231,"[""X-RAY DIFFRACTION""]",2.1,2.1,0.2525,0.2525,238,503,266,1.0,NEAR_COMPLETE_LBD,,False,NR1C3,PPARγ,Nutritional sensors
9GX2,9GX2_1,1,9GX2.B,B,A,PASS,,P37231,"[""X-RAY DIFFRACTION""]",2.35,2.35,0.2457,0.2457,238,503,266,1.0,NEAR_COMPLETE_LBD,,False,NR1C3,PPARγ,Nutritional sensors
9GX2,9GX2_1,1,9GX2.A,A,B,PASS,,P37231,"[""X-RAY DIFFRACTION""]",2.35,2.35,0.2457,0.2457,238,503,266,1.0,NEAR_COMPLETE_LBD,,False,NR1C3,PPARγ,Nutritional sensors
9GX3,9GX3_1,1,9GX3.B,B,B,PASS,,P37231,"[""X-RAY DIFFRACTION""]",1.9,1.9,0.2544,0.2544,238,503,266,1.0,NEAR_COMPLETE_LBD,,False,NR1C3,PPARγ,Nutritional sensors
9GX3,9GX3_1,1,9GX3.A,A,A,PASS,,P37231,"[""X-RAY DIFFRACTION""]",1.9,1.9,0.2544,0.2544,238,503,266,1.0,NEAR_COMPLETE_LBD,,False,NR1C3,PPARγ,Nutritional sensors
9GX4,9GX4_1,1,9GX4.B,B,A,PASS,,P37231,"[""X-RAY DIFFRACTION""]",2.2,2.2,0.2697,0.2697,238,503,266,1.0,NEAR_COMPLETE_LBD,,False,NR1C3,PPARγ,Nutritional sensors
9GX4,9GX4_1,1,9GX4.A,A,B,PASS,,P37231,"[""X-RAY DIFFRACTION""]",2.2,2.2,0.2697,0.2697,238,503,266,1.0,NEAR_COMPLETE_LBD,,False,NR1C3,PPARγ,Nutritional sensors
9GX5,9GX5_1,1,9GX5.B,B,A,PASS,,P37231,"[""X-RAY DIFFRACTION""]",2.45,2.45,0.2703,0.2703,238,503,266,1.0,NEAR_COMPLETE_LBD,,False,NR1C3,PPARγ,Nutritional sensors
9GX5,9GX5_1,1,9GX5.A,A,B,PASS,,P37231,"[""X-RAY DIFFRACTION""]",2.45,2.45,0.2703,0.2703,238,503,266,1.0,NEAR_COMPLETE_LBD,,False,NR1C3,PPARγ,Nutritional sensors
9GX6,9GX6_1,1,9GX6.B,B,B,PASS,,P37231,"[""X-RAY DIFFRACTION""]",2.1,2.1,0.25118,0.25118,238,503,266,1.0,NEAR_COMPLETE_LBD,,False,NR1C3,PPARγ,Nutritional sensors
9GX6,9GX6_1,1,9GX6.A,A,A,PASS,,P37231,"[""X-RAY DIFFRACTION""]",2.1,2.1,0.25118,0.25118,238,503,266,1.0,NEAR_COMPLETE_LBD,,False,NR1C3,PPARγ,Nutritional sensors
9GX7,9GX7_1,1,9GX7.B,B,A,PASS,,P37231,"[""X-RAY DIFFRACTION""]",2.2,2.2,0.2713,0.2713,238,503,266,1.0,NEAR_COMPLETE_LBD,,False,NR1C3,PPARγ,Nutritional sensors
9GX7,9GX7_1,1,9GX7.A,A,B,PASS,,P37231,"[""X-RAY DIFFRACTION""]",2.2,2.2,0.2713,0.2713,238,503,266,1.0,NEAR_COMPLETE_LBD,,False,NR1C3,PPARγ,Nutritional sensors
9GXD,9GXD_1,1,9GXD.B,B,A,PASS,,P37231,"[""X-RAY DIFFRACTION""]",2.2,2.2,0.2612,0.2612,238,503,266,1.0,NEAR_COMPLETE_LBD,,False,NR1C3,PPARγ,Nutritional sensors
9GXD,9GXD_1,1,9GXD.A,A,B,PASS,,P37231,"[""X-RAY DIFFRACTION""]",2.2,2.2,0.2612,0.2612,238,503,266,1.0,NEAR_COMPLETE_LBD,,False,NR1C3,PPARγ,Nutritional sensors
9GZ7,9GZ7_1,1,9GZ7.B,B,A,PASS,,P37231,"[""X-RAY DIFFRACTION""]",1.8,1.8,0.2471,0.2471,238,503,266,1.0,NEAR_COMPLETE_LBD,,False,NR1C3,PPARγ,Nutritional sensors
9GZ7,9GZ7_1,1,9GZ7.A,A,B,PASS,,P37231,"[""X-RAY DIFFRACTION""]",1.8,1.8,0.2471,0.2471,238,503,266,1.0,NEAR_COMPLETE_LBD,,False,NR1C3,PPARγ,Nutritional sensors
9GZ8,9GZ8_1,1,9GZ8.B,B,B,PASS,,P37231,"[""X-RAY DIFFRACTION""]",2.2,2.2,0.2539,0.2539,238,503,266,1.0,NEAR_COMPLETE_LBD,,False,NR1C3,PPARγ,Nutritional sensors
9GZ8,9GZ8_1,1,9GZ8.A,A,A,PASS,,P37231,"[""X-RAY DIFFRACTION""]",2.2,2.2,0.2539,0.2539,238,503,266,1.0,NEAR_COMPLETE_LBD,,False,NR1C3,PPARγ,Nutritional sensors
9GZ9,9GZ9_1,1,9GZ9.B,B,B,PASS,,P37231,"[""X-RAY DIFFRACTION""]",2.1,2.1,0.2606,0.2606,238,503,266,1.0,NEAR_COMPLETE_LBD,,False,NR1C3,PPARγ,Nutritional sensors
9GZ9,9GZ9_1,1,9GZ9.A,A,A,PASS,,P37231,"[""X-RAY DIFFRACTION""]",2.1,2.1,0.2606,0.2606,238,503,266,1.0,NEAR_COMPLETE_LBD,,False,NR1C3,PPARγ,Nutritional sensors
9GZA,9GZA_1,1,9GZA.B,B,B,PASS,,P37231,"[""X-RAY DIFFRACTION""]",1.9,1.9,0.2381,0.2381,238,503,266,1.0,NEAR_COMPLETE_LBD,,False,NR1C3,PPARγ,Nutritional sensors
9GZA,9GZA_1,1,9GZA.A,A,A,PASS,,P37231,"[""X-RAY DIFFRACTION""]",1.9,1.9,0.2381,0.2381,238,503,266,1.0,NEAR_COMPLETE_LBD,,False,NR1C3,PPARγ,Nutritional sensors
9GZB,9GZB_1,1,9GZB.B,B,B,PASS,,P37231,"[""X-RAY DIFFRACTION""]",2.2,2.2,0.274,0.274,238,503,266,1.0,NEAR_COMPLETE_LBD,,False,NR1C3,PPARγ,Nutritional sensors
9GZB,9GZB_1,1,9GZB.A,A,A,PASS,,P37231,"[""X-RAY DIFFRACTION""]",2.2,2.2,0.274,0.274,238,503,266,1.0,NEAR_COMPLETE_LBD,,False,NR1C3,PPARγ,Nutritional sensors
9GZC,9GZC_1,1,9GZC.B,B,A,PASS,,P37231,"[""X-RAY DIFFRACTION""]",2.3,2.3,0.2551,0.2551,238,503,266,1.0,NEAR_COMPLETE_LBD,,False,NR1C3,PPARγ,Nutritional sensors
9GZC,9GZC_1,1,9GZC.A,A,B,PASS,,P37231,"[""X-RAY DIFFRACTION""]",2.3,2.3,0.2551,0.2551,238,503,266,1.0,NEAR_COMPLETE_LBD,,False,NR1C3,PPARγ,Nutritional sensors
9GZD,9GZD_1,1,9GZD.A,A,A,PASS,,P10275,"[""X-RAY DIFFRACTION""]",1.91,1.91,0.25761,0.25761,669,900,229,0.987069,NEAR_COMPLETE_LBD,,False,NR3C4,AR,Steroid hormone receptors
9GZE,9GZE_1,1,9GZE.B,B,A,PASS,,P37231,"[""X-RAY DIFFRACTION""]",2.2,2.2,0.2558,0.2558,238,503,266,1.0,NEAR_COMPLETE_LBD,,False,NR1C3,PPARγ,Nutritional sensors
9GZE,9GZE_1,1,9GZE.A,A,B,PASS,,P37231,"[""X-RAY DIFFRACTION""]",2.2,2.2,0.2558,0.2558,238,503,266,1.0,NEAR_COMPLETE_LBD,,False,NR1C3,PPARγ,Nutritional sensors
9GZF,9GZF_1,1,9GZF.B,B,A,PASS,,P37231,"[""X-RAY DIFFRACTION""]",2.65,2.65,0.2582,0.2582,238,503,266,1.0,NEAR_COMPLETE_LBD,,False,NR1C3,PPARγ,Nutritional sensors
9GZF,9GZF_1,1,9GZF.A,A,B,PASS,,P37231,"[""X-RAY DIFFRACTION""]",2.65,2.65,0.2582,0.2582,238,503,266,1.0,NEAR_COMPLETE_LBD,,False,NR1C3,PPARγ,Nutritional sensors
9GZI,9GZI_1,1,9GZI.B,B,A,PASS,,P37231,"[""X-RAY DIFFRACTION""]",2.7,2.7,0.2636,0.2636,238,503,266,1.0,NEAR_COMPLETE_LBD,,False,NR1C3,PPARγ,Nutritional sensors
9GZI,9GZI_1,1,9GZI.A,A,B,PASS,,P37231,"[""X-RAY DIFFRACTION""]",2.7,2.7,0.2636,0.2636,238,503,266,1.0,NEAR_COMPLETE_LBD,,False,NR1C3,PPARγ,Nutritional sensors
9H65,9H65_1,1,9H65.B,B,B,PASS,,Q96RI1,"[""X-RAY DIFFRACTION""]",3.1,3.1,0.3233,0.3233,262,486,225,1.0,NEAR_COMPLETE_LBD,,False,NR1H4,FXR,Nutritional sensors
9H65,9H65_1,1,9H65.A,A,A,PASS,,Q96RI1,"[""X-RAY DIFFRACTION""]",3.1,3.1,0.3233,0.3233,262,486,225,1.0,NEAR_COMPLETE_LBD,,False,NR1H4,FXR,Nutritional sensors
9H66,9H66_1,1,9H66.D,D,D,PASS,,Q96RI1,"[""X-RAY DIFFRACTION""]",2.6,2.6,0.312,0.312,262,486,225,1.0,NEAR_COMPLETE_LBD,,False,NR1H4,FXR,Nutritional sensors
9H66,9H66_1,1,9H66.C,C,C,PASS,,Q96RI1,"[""X-RAY DIFFRACTION""]",2.6,2.6,0.312,0.312,262,486,225,1.0,NEAR_COMPLETE_LBD,,False,NR1H4,FXR,Nutritional sensors
9H66,9H66_1,1,9H66.B,B,B,PASS,,Q96RI1,"[""X-RAY DIFFRACTION""]",2.6,2.6,0.312,0.312,262,486,225,1.0,NEAR_COMPLETE_LBD,,False,NR1H4,FXR,Nutritional sensors
9H66,9H66_1,1,9H66.A,A,A,PASS,,Q96RI1,"[""X-RAY DIFFRACTION""]",2.6,2.6,0.312,0.312,262,486,225,1.0,NEAR_COMPLETE_LBD,,False,NR1H4,FXR,Nutritional sensors
9HDF,9HDF_3,3,9HDF.Z,Z,j,PASS,,Q15466,"[""X-RAY DIFFRACTION""]",2.78,2.78,0.24431,0.24431,16,257,14,0.057851,TRACE_LBD,,False,NR0B2,SHP,Orphan receptors
9HDF,9HDF_3,3,9HDF.Y,Y,i,PASS,,Q15466,"[""X-RAY DIFFRACTION""]",2.78,2.78,0.24431,0.24431,16,257,14,0.057851,TRACE_LBD,,False,NR0B2,SHP,Orphan receptors
9HDF,9HDF_3,3,9HDF.X,X,h,PASS,,Q15466,"[""X-RAY DIFFRACTION""]",2.78,2.78,0.24431,0.24431,16,257,14,0.057851,TRACE_LBD,,False,NR0B2,SHP,Orphan receptors
9HDF,9HDF_3,3,9HDF.W,W,g,PASS,,Q15466,"[""X-RAY DIFFRACTION""]",2.78,2.78,0.24431,0.24431,16,257,14,0.057851,TRACE_LBD,,False,NR0B2,SHP,Orphan receptors
9HDF,9HDF_3,3,9HDF.V,V,f,PASS,,Q15466,"[""X-RAY DIFFRACTION""]",2.78,2.78,0.24431,0.24431,16,257,14,0.057851,TRACE_LBD,,False,NR0B2,SHP,Orphan receptors
9HDF,9HDF_3,3,9HDF.U,U,e,PASS,,Q15466,"[""X-RAY DIFFRACTION""]",2.78,2.78,0.24431,0.24431,16,257,14,0.057851,TRACE_LBD,,False,NR0B2,SHP,Orphan receptors
9HDF,9HDF_3,3,9HDF.T,T,d,PASS,,Q15466,"[""X-RAY DIFFRACTION""]",2.78,2.78,0.24431,0.24431,16,257,14,0.057851,TRACE_LBD,,False,NR0B2,SHP,Orphan receptors
9HDF,9HDF_3,3,9HDF.S,S,c,PASS,,Q15466,"[""X-RAY DIFFRACTION""]",2.78,2.78,0.24431,0.24431,16,257,14,0.057851,TRACE_LBD,,False,NR0B2,SHP,Orphan receptors
9HDF,9HDF_3,3,9HDF.R,R,b,PASS,,Q15466,"[""X-RAY DIFFRACTION""]",2.78,2.78,0.24431,0.24431,16,257,14,0.057851,TRACE_LBD,,False,NR0B2,SHP,Orphan receptors
9HDF,9HDF_3,3,9HDF.Q,Q,a,PASS,,Q15466,"[""X-RAY DIFFRACTION""]",2.78,2.78,0.24431,0.24431,16,257,14,0.057851,TRACE_LBD,,False,NR0B2,SHP,Orphan receptors
9HDF,9HDF_3,3,9HDF.FA,FA,p,PASS,,Q15466,"[""X-RAY DIFFRACTION""]",2.78,2.78,0.24431,0.24431,16,257,14,0.057851,TRACE_LBD,,False,NR0B2,SHP,Orphan receptors
9HDF,9HDF_3,3,9HDF.EA,EA,o,PASS,,Q15466,"[""X-RAY DIFFRACTION""]",2.78,2.78,0.24431,0.24431,16,257,14,0.057851,TRACE_LBD,,False,NR0B2,SHP,Orphan receptors
9HDF,9HDF_3,3,9HDF.DA,DA,n,PASS,,Q15466,"[""X-RAY DIFFRACTION""]",2.78,2.78,0.24431,0.24431,16,257,14,0.057851,TRACE_LBD,,False,NR0B2,SHP,Orphan receptors
9HDF,9HDF_3,3,9HDF.CA,CA,m,PASS,,Q15466,"[""X-RAY DIFFRACTION""]",2.78,2.78,0.24431,0.24431,16,257,14,0.057851,TRACE_LBD,,False,NR0B2,SHP,Orphan receptors
9HDF,9HDF_3,3,9HDF.BA,BA,l,PASS,,Q15466,"[""X-RAY DIFFRACTION""]",2.78,2.78,0.24431,0.24431,16,257,14,0.057851,TRACE_LBD,,False,NR0B2,SHP,Orphan receptors
9HDF,9HDF_3,3,9HDF.AA,AA,k,PASS,,Q15466,"[""X-RAY DIFFRACTION""]",2.78,2.78,0.24431,0.24431,16,257,14,0.057851,TRACE_LBD,,False,NR0B2,SHP,Orphan receptors
9HX2,9HX2_1,1,9HX2.B,B,B,PASS,,P37231,"[""X-RAY DIFFRACTION""]",2.85,2.85,0.2816,0.2816,238,503,266,1.0,NEAR_COMPLETE_LBD,,False,NR1C3,PPARγ,Nutritional sensors
9HX2,9HX2_1,1,9HX2.A,A,A,PASS,,P37231,"[""X-RAY DIFFRACTION""]",2.85,2.85,0.2816,0.2816,238,503,266,1.0,NEAR_COMPLETE_LBD,,False,NR1C3,PPARγ,Nutritional sensors
9I6S,9I6S_2,2,9I6S.B,B,B,PASS,,P03372,"[""X-RAY DIFFRACTION""]",1.3,1.3,0.18217,0.18217,311,547,0,0.0,NO_LBD_OVERLAP,,False,NR3A1,ERα,Steroid hormone receptors
9I6T,9I6T_2,2,9I6T.B,B,B,PASS,,P03372,"[""X-RAY DIFFRACTION""]",1.3,1.3,0.15383,0.15383,311,547,0,0.0,NO_LBD_OVERLAP,,False,NR3A1,ERα,Steroid hormone receptors
9I6U,9I6U_2,2,9I6U.B,B,B,PASS,,P03372,"[""X-RAY DIFFRACTION""]",1.3,1.3,0.16055,0.16055,311,547,0,0.0,NO_LBD_OVERLAP,,False,NR3A1,ERα,Steroid hormone receptors
9I6V,9I6V_2,2,9I6V.B,B,B,PASS,,P03372,"[""X-RAY DIFFRACTION""]",1.3,1.3,0.15826,0.15826,311,547,0,0.0,NO_LBD_OVERLAP,,False,NR3A1,ERα,Steroid hormone receptors
9I6W,9I6W_2,2,9I6W.B,B,B,PASS,,P03372,"[""X-RAY DIFFRACTION""]",1.3,1.3,0.17205,0.17205,311,547,0,0.0,NO_LBD_OVERLAP,,False,NR3A1,ERα,Steroid hormone receptors
9I6X,9I6X_2,2,9I6X.B,B,B,PASS,,P03372,"[""X-RAY DIFFRACTION""]",1.3,1.3,0.16275,0.16275,311,547,0,0.0,NO_LBD_OVERLAP,,False,NR3A1,ERα,Steroid hormone receptors
9I6Y,9I6Y_2,2,9I6Y.B,B,B,PASS,,P03372,"[""X-RAY DIFFRACTION""]",1.5,1.5,0.1795,0.1795,311,547,0,0.0,NO_LBD_OVERLAP,,False,NR3A1,ERα,Steroid hormone receptors
9I6Z,9I6Z_2,2,9I6Z.B,B,B,PASS,,P03372,"[""X-RAY DIFFRACTION""]",1.4,1.4,0.15727,0.15727,311,547,0,0.0,NO_LBD_OVERLAP,,False,NR3A1,ERα,Steroid hormone receptors
9I70,9I70_2,2,9I70.B,B,B,PASS,,P03372,"[""X-RAY DIFFRACTION""]",1.4,1.4,0.14697,0.14697,311,547,0,0.0,NO_LBD_OVERLAP,,False,NR3A1,ERα,Steroid hormone receptors
9I71,9I71_2,2,9I71.B,B,B,PASS,,P03372,"[""X-RAY DIFFRACTION""]",1.35,1.35,0.16196,0.16196,311,547,0,0.0,NO_LBD_OVERLAP,,False,NR3A1,ERα,Steroid hormone receptors
9I72,9I72_2,2,9I72.B,B,B,PASS,,P03372,"[""X-RAY DIFFRACTION""]",1.35,1.35,0.16441,0.16441,311,547,0,0.0,NO_LBD_OVERLAP,,False,NR3A1,ERα,Steroid hormone receptors
9I73,9I73_2,2,9I73.B,B,B,PASS,,P03372,"[""X-RAY DIFFRACTION""]",1.4,1.4,0.15418,0.15418,311,547,0,0.0,NO_LBD_OVERLAP,,False,NR3A1,ERα,Steroid hormone receptors
9I74,9I74_2,2,9I74.B,B,B,PASS,,P03372,"[""X-RAY DIFFRACTION""]",1.5,1.5,0.16045,0.16045,311,547,0,0.0,NO_LBD_OVERLAP,,False,NR3A1,ERα,Steroid hormone receptors
9I75,9I75_2,2,9I75.B,B,B,PASS,,P03372,"[""X-RAY DIFFRACTION""]",1.4,1.4,0.15078,0.15078,311,547,0,0.0,NO_LBD_OVERLAP,,False,NR3A1,ERα,Steroid hormone receptors
9IBR,9IBR_1,1,9IBR.A,A,A,PASS,,P41235,"[""X-RAY DIFFRACTION""]",2.78,2.78,0.3546,0.3546,147,377,230,0.995671,NEAR_COMPLETE_LBD,,False,NR2A1,HNF4α,Nutritional sensors
9IWJ,9IWJ_1,1,9IWJ.D,D,D,PASS,,Q07869,"[""X-RAY DIFFRACTION""]",2.48,2.48,0.2543,0.2543,239,466,228,1.0,NEAR_COMPLETE_LBD,,False,NR1C1,PPARα,Nutritional sensors
9IWJ,9IWJ_1,1,9IWJ.C,C,C,PASS,,Q07869,"[""X-RAY DIFFRACTION""]",2.48,2.48,0.2543,0.2543,239,466,228,1.0,NEAR_COMPLETE_LBD,,False,NR1C1,PPARα,Nutritional sensors
9IWJ,9IWJ_1,1,9IWJ.B,B,B,PASS,,Q07869,"[""X-RAY DIFFRACTION""]",2.48,2.48,0.2543,0.2543,239,466,228,1.0,NEAR_COMPLETE_LBD,,False,NR1C1,PPARα,Nutritional sensors
9IWJ,9IWJ_1,1,9IWJ.A,A,A,PASS,,Q07869,"[""X-RAY DIFFRACTION""]",2.48,2.48,0.2543,0.2543,239,466,228,1.0,NEAR_COMPLETE_LBD,,False,NR1C1,PPARα,Nutritional sensors
9IWK,9IWK_1,1,9IWK.C,C,C,PASS,,P37231,"[""X-RAY DIFFRACTION""]",2.43,2.43,0.2655,0.2655,238,503,266,1.0,NEAR_COMPLETE_LBD,,False,NR1C3,PPARγ,Nutritional sensors
9IWK,9IWK_1,1,9IWK.A,A,A,PASS,,P37231,"[""X-RAY DIFFRACTION""]",2.43,2.43,0.2655,0.2655,238,503,266,1.0,NEAR_COMPLETE_LBD,,False,NR1C3,PPARγ,Nutritional sensors
9IWL,9IWL_1,1,9IWL.A,A,A,PASS,,Q07869,"[""X-RAY DIFFRACTION""]",2.09,2.09,0.2357,0.2357,239,466,228,1.0,NEAR_COMPLETE_LBD,,False,NR1C1,PPARα,Nutritional sensors
9IWM,9IWM_1,1,9IWM.A,A,A,PASS,,Q07869,"[""X-RAY DIFFRACTION""]",1.39,1.39,0.2048,0.2048,239,466,228,1.0,NEAR_COMPLETE_LBD,,False,NR1C1,PPARα,Nutritional sensors
9IWN,9IWN_1,1,9IWN.A,A,A,PASS,,Q07869,"[""X-RAY DIFFRACTION""]",1.59,1.59,0.2081,0.2081,239,466,228,1.0,NEAR_COMPLETE_LBD,,False,NR1C1,PPARα,Nutritional sensors
9IWO,9IWO_1,1,9IWO.A,A,A,PASS,,Q07869,"[""X-RAY DIFFRACTION""]",1.49,1.49,0.2135,0.2135,239,466,228,1.0,NEAR_COMPLETE_LBD,,False,NR1C1,PPARα,Nutritional sensors
9IX5,9IX5_1,1,9IX5.A,A,A,PASS,,P10828,"[""X-RAY DIFFRACTION""]",2.65,2.65,0.2766,0.2766,217,461,245,1.0,NEAR_COMPLETE_LBD,,False,NR1A2,TRβ,Steroid hormone receptors
9J0K,9J0K_1,1,9J0K.B,B,B,PASS,,P10828,"[""X-RAY DIFFRACTION""]",2.698,2.698,0.2748,0.2748,217,461,245,1.0,NEAR_COMPLETE_LBD,,False,NR1A2,TRβ,Steroid hormone receptors
9J0K,9J0K_1,1,9J0K.A,A,A,PASS,,P10828,"[""X-RAY DIFFRACTION""]",2.698,2.698,0.2748,0.2748,217,461,245,1.0,NEAR_COMPLETE_LBD,,False,NR1A2,TRβ,Steroid hormone receptors
9KNC,9KNC_1,1,9KNC.A,A,A,PASS,,P62508,"[""X-RAY DIFFRACTION""]",1.9,1.9,0.23202,0.23202,233,457,225,1.0,NEAR_COMPLETE_LBD,,False,NR3B3,ERRγ,Nutritional sensors
9KND,9KND_1,1,9KND.A,A,A,PASS,,P62508,"[""X-RAY DIFFRACTION""]",1.52,1.52,0.21184,0.21184,233,457,225,1.0,NEAR_COMPLETE_LBD,,False,NR3B3,ERRγ,Nutritional sensors
9KNE,9KNE_1,1,9KNE.A,A,A,PASS,,P62508,"[""X-RAY DIFFRACTION""]",1.8,1.8,0.22407,0.22407,233,457,225,1.0,NEAR_COMPLETE_LBD,,False,NR3B3,ERRγ,Nutritional sensors
9KNF,9KNF_1,1,9KNF.A,A,A,PASS,,P62508,"[""X-RAY DIFFRACTION""]",1.62,1.62,0.2277,0.2277,233,457,225,1.0,NEAR_COMPLETE_LBD,,False,NR3B3,ERRγ,Nutritional sensors
9KNG,9KNG_1,1,9KNG.A,A,A,PASS,,P62508,"[""X-RAY DIFFRACTION""]",1.5,1.5,0.2335,0.2335,233,457,225,1.0,NEAR_COMPLETE_LBD,,False,NR3B3,ERRγ,Nutritional sensors
9L3T,9L3T_1,1,9L3T.B,B,B,PASS,,P37231,"[""X-RAY DIFFRACTION""]",2.36,2.36,0.2547,0.2547,238,503,266,1.0,NEAR_COMPLETE_LBD,,False,NR1C3,PPARγ,Nutritional sensors
9L3T,9L3T_1,1,9L3T.A,A,A,PASS,,P37231,"[""X-RAY DIFFRACTION""]",2.36,2.36,0.2547,0.2547,238,503,266,1.0,NEAR_COMPLETE_LBD,,False,NR1C3,PPARγ,Nutritional sensors
9LQ3,9LQ3_1,1,9LQ3.A,A,A,PASS,,Q96RI1,"[""X-RAY DIFFRACTION""]",2.8,2.8,0.2929,0.2929,262,486,224,0.995556,NEAR_COMPLETE_LBD,,False,NR1H4,FXR,Nutritional sensors
9LVP,9LVP_1,1,9LVP.D,D,D,PASS,,P11474,"[""X-RAY DIFFRACTION""]",2.79,2.79,0.27962,0.27962,193,421,0,0.0,NO_LBD_OVERLAP,,False,NR3B1,ERRα,Nutritional sensors
9LVP,9LVP_1,1,9LVP.C,C,C,PASS,,P11474,"[""X-RAY DIFFRACTION""]",2.79,2.79,0.27962,0.27962,193,421,0,0.0,NO_LBD_OVERLAP,,False,NR3B1,ERRα,Nutritional sensors
9LVP,9LVP_1,1,9LVP.B,B,B,PASS,,P11474,"[""X-RAY DIFFRACTION""]",2.79,2.79,0.27962,0.27962,193,421,0,0.0,NO_LBD_OVERLAP,,False,NR3B1,ERRα,Nutritional sensors
9LVP,9LVP_1,1,9LVP.A,A,A,PASS,,P11474,"[""X-RAY DIFFRACTION""]",2.79,2.79,0.27962,0.27962,193,421,0,0.0,NO_LBD_OVERLAP,,False,NR3B1,ERRα,Nutritional sensors
9M2E,9M2E_1,1,9M2E.B,B,AAA,PASS,,P22736,"[""X-RAY DIFFRACTION""]",2.575,2.575,0.2655,0.2655,360,595,236,1.0,NEAR_COMPLETE_LBD,,False,NR4A1,NUR77,Nutritional sensors
9M2E,9M2E_1,1,9M2E.A,A,BBB,PASS,,P22736,"[""X-RAY DIFFRACTION""]",2.575,2.575,0.2655,0.2655,360,595,236,1.0,NEAR_COMPLETE_LBD,,False,NR4A1,NUR77,Nutritional sensors
9MAH,9MAH_1,1,9MAH.B,B,B,PASS,,P37231,"[""X-RAY DIFFRACTION""]",2.1,2.1,0.2336,0.2336,238,503,266,1.0,NEAR_COMPLETE_LBD,,False,NR1C3,PPARγ,Nutritional sensors
9MAH,9MAH_1,1,9MAH.A,A,A,PASS,,P37231,"[""X-RAY DIFFRACTION""]",2.1,2.1,0.2336,0.2336,238,503,266,1.0,NEAR_COMPLETE_LBD,,False,NR1C3,PPARγ,Nutritional sensors
9N9L,9N9L_1,1,9N9L.B,B,B,PASS,,P51449,"[""X-RAY DIFFRACTION""]",1.637,1.637,0.2248,0.2248,269,508,239,0.995833,NEAR_COMPLETE_LBD,,False,NR1F3,RORγ,Nutritional sensors
9N9L,9N9L_1,1,9N9L.A,A,A,PASS,,P51449,"[""X-RAY DIFFRACTION""]",1.637,1.637,0.2248,0.2248,269,508,239,0.995833,NEAR_COMPLETE_LBD,,False,NR1F3,RORγ,Nutritional sensors
9O41,9O41_1,1,9O41.B,B,B,PASS,,O75469,"[""X-RAY DIFFRACTION""]",2.05,2.05,0.222,0.222,146,433,288,1.0,NEAR_COMPLETE_LBD,,True,NR1I2,PXR,Nutritional sensors
9O41,9O41_1,1,9O41.A,A,A,PASS,,O75469,"[""X-RAY DIFFRACTION""]",2.05,2.05,0.222,0.222,146,433,288,1.0,NEAR_COMPLETE_LBD,,True,NR1I2,PXR,Nutritional sensors
9O42,9O42_1,1,9O42.B,B,B,PASS,,O75469,"[""X-RAY DIFFRACTION""]",2.51,2.51,0.2186,0.2186,146,433,288,1.0,NEAR_COMPLETE_LBD,,True,NR1I2,PXR,Nutritional sensors
9O42,9O42_1,1,9O42.A,A,A,PASS,,O75469,"[""X-RAY DIFFRACTION""]",2.51,2.51,0.2186,0.2186,146,433,288,1.0,NEAR_COMPLETE_LBD,,True,NR1I2,PXR,Nutritional sensors
9O43,9O43_1,1,9O43.B,B,B,PASS,,O75469,"[""X-RAY DIFFRACTION""]",2.76,2.76,0.2388,0.2388,146,433,288,1.0,NEAR_COMPLETE_LBD,,True,NR1I2,PXR,Nutritional sensors
9O43,9O43_1,1,9O43.A,A,A,PASS,,O75469,"[""X-RAY DIFFRACTION""]",2.76,2.76,0.2388,0.2388,146,433,288,1.0,NEAR_COMPLETE_LBD,,True,NR1I2,PXR,Nutritional sensors
9O44,9O44_1,1,9O44.B,B,B,PASS,,O75469,"[""X-RAY DIFFRACTION""]",2.3,2.3,0.2284,0.2284,146,433,288,1.0,NEAR_COMPLETE_LBD,,True,NR1I2,PXR,Nutritional sensors
9O44,9O44_1,1,9O44.A,A,A,PASS,,O75469,"[""X-RAY DIFFRACTION""]",2.3,2.3,0.2284,0.2284,146,433,288,1.0,NEAR_COMPLETE_LBD,,True,NR1I2,PXR,Nutritional sensors
9O45,9O45_1,1,9O45.B,B,B,PASS,,O75469,"[""X-RAY DIFFRACTION""]",2.56,2.56,0.2408,0.2408,146,433,288,1.0,NEAR_COMPLETE_LBD,,True,NR1I2,PXR,Nutritional sensors
9O45,9O45_1,1,9O45.A,A,A,PASS,,O75469,"[""X-RAY DIFFRACTION""]",2.56,2.56,0.2408,0.2408,146,433,288,1.0,NEAR_COMPLETE_LBD,,True,NR1I2,PXR,Nutritional sensors
9O46,9O46_1,1,9O46.B,B,B,PASS,,O75469,"[""X-RAY DIFFRACTION""]",3.02,3.02,0.2319,0.2319,146,433,288,1.0,NEAR_COMPLETE_LBD,,True,NR1I2,PXR,Nutritional sensors
9O46,9O46_1,1,9O46.A,A,A,PASS,,O75469,"[""X-RAY DIFFRACTION""]",3.02,3.02,0.2319,0.2319,146,433,288,1.0,NEAR_COMPLETE_LBD,,True,NR1I2,PXR,Nutritional sensors
9O9N,9O9N_1,1,9O9N.A,A,B,PASS,,P37231,"[""X-RAY DIFFRACTION""]",2.1,2.1,0.2975,0.2975,238,503,266,1.0,NEAR_COMPLETE_LBD,,False,NR1C3,PPARγ,Nutritional sensors
9OLC,9OLC_1,1,9OLC.D,D,D,PASS,,P37231,"[""X-RAY DIFFRACTION""]",2.83,2.83,0.2983,0.2983,238,503,266,1.0,NEAR_COMPLETE_LBD,,False,NR1C3,PPARγ,Nutritional sensors
9OLC,9OLC_1,1,9OLC.C,C,C,PASS,,P37231,"[""X-RAY DIFFRACTION""]",2.83,2.83,0.2983,0.2983,238,503,266,1.0,NEAR_COMPLETE_LBD,,False,NR1C3,PPARγ,Nutritional sensors
9OLC,9OLC_1,1,9OLC.B,B,B,PASS,,P37231,"[""X-RAY DIFFRACTION""]",2.83,2.83,0.2983,0.2983,238,503,266,1.0,NEAR_COMPLETE_LBD,,False,NR1C3,PPARγ,Nutritional sensors
9OLC,9OLC_1,1,9OLC.A,A,A,PASS,,P37231,"[""X-RAY DIFFRACTION""]",2.83,2.83,0.2983,0.2983,238,503,266,1.0,NEAR_COMPLETE_LBD,,False,NR1C3,PPARγ,Nutritional sensors
9QFZ,9QFZ_1,1,9QFZ.B,B,A,PASS,,P37231,"[""X-RAY DIFFRACTION""]",2.1,2.1,0.2649,0.2649,238,503,266,1.0,NEAR_COMPLETE_LBD,,False,NR1C3,PPARγ,Nutritional sensors
9QFZ,9QFZ_1,1,9QFZ.A,A,B,PASS,,P37231,"[""X-RAY DIFFRACTION""]",2.1,2.1,0.2649,0.2649,238,503,266,1.0,NEAR_COMPLETE_LBD,,False,NR1C3,PPARγ,Nutritional sensors
9QG0,9QG0_1,1,9QG0.B,B,A,PASS,,P37231,"[""X-RAY DIFFRACTION""]",2.1,2.1,0.2498,0.2498,238,503,266,1.0,NEAR_COMPLETE_LBD,,False,NR1C3,PPARγ,Nutritional sensors
9QG0,9QG0_1,1,9QG0.A,A,B,PASS,,P37231,"[""X-RAY DIFFRACTION""]",2.1,2.1,0.2498,0.2498,238,503,266,1.0,NEAR_COMPLETE_LBD,,False,NR1C3,PPARγ,Nutritional sensors
9QG2,9QG2_1,1,9QG2.B,B,A,PASS,,P37231,"[""X-RAY DIFFRACTION""]",2.0,2.0,0.2419,0.2419,238,503,266,1.0,NEAR_COMPLETE_LBD,,False,NR1C3,PPARγ,Nutritional sensors
9QG2,9QG2_1,1,9QG2.A,A,B,PASS,,P37231,"[""X-RAY DIFFRACTION""]",2.0,2.0,0.2419,0.2419,238,503,266,1.0,NEAR_COMPLETE_LBD,,False,NR1C3,PPARγ,Nutritional sensors
9QG3,9QG3_1,1,9QG3.B,B,A,PASS,,P37231,"[""X-RAY DIFFRACTION""]",2.3,2.3,0.2549,0.2549,238,503,266,1.0,NEAR_COMPLETE_LBD,,False,NR1C3,PPARγ,Nutritional sensors
9QG3,9QG3_1,1,9QG3.A,A,B,PASS,,P37231,"[""X-RAY DIFFRACTION""]",2.3,2.3,0.2549,0.2549,238,503,266,1.0,NEAR_COMPLETE_LBD,,False,NR1C3,PPARγ,Nutritional sensors
9QG4,9QG4_1,1,9QG4.B,B,A,PASS,,P37231,"[""X-RAY DIFFRACTION""]",1.9,1.9,0.2338,0.2338,238,503,266,1.0,NEAR_COMPLETE_LBD,,False,NR1C3,PPARγ,Nutritional sensors
9QG4,9QG4_1,1,9QG4.A,A,B,PASS,,P37231,"[""X-RAY DIFFRACTION""]",1.9,1.9,0.2338,0.2338,238,503,266,1.0,NEAR_COMPLETE_LBD,,False,NR1C3,PPARγ,Nutritional sensors
9QG5,9QG5_1,1,9QG5.B,B,A,PASS,,P37231,"[""X-RAY DIFFRACTION""]",2.3,2.3,0.2436,0.2436,238,503,266,1.0,NEAR_COMPLETE_LBD,,False,NR1C3,PPARγ,Nutritional sensors
9QG5,9QG5_1,1,9QG5.A,A,B,PASS,,P37231,"[""X-RAY DIFFRACTION""]",2.3,2.3,0.2436,0.2436,238,503,266,1.0,NEAR_COMPLETE_LBD,,False,NR1C3,PPARγ,Nutritional sensors
9QG6,9QG6_1,1,9QG6.B,B,A,PASS,,P37231,"[""X-RAY DIFFRACTION""]",2.7,2.7,0.2698,0.2698,238,503,266,1.0,NEAR_COMPLETE_LBD,,False,NR1C3,PPARγ,Nutritional sensors
9QG6,9QG6_1,1,9QG6.A,A,B,PASS,,P37231,"[""X-RAY DIFFRACTION""]",2.7,2.7,0.2698,0.2698,238,503,266,1.0,NEAR_COMPLETE_LBD,,False,NR1C3,PPARγ,Nutritional sensors
9QGJ,9QGJ_1,1,9QGJ.B,B,A,PASS,,P37231,"[""X-RAY DIFFRACTION""]",2.2,2.2,0.2554,0.2554,238,503,266,1.0,NEAR_COMPLETE_LBD,,False,NR1C3,PPARγ,Nutritional sensors
9QGJ,9QGJ_1,1,9QGJ.A,A,B,PASS,,P37231,"[""X-RAY DIFFRACTION""]",2.2,2.2,0.2554,0.2554,238,503,266,1.0,NEAR_COMPLETE_LBD,,False,NR1C3,PPARγ,Nutritional sensors
9QJ9,9QJ9_1,1,9QJ9.B,B,B,PASS,,P19793,"[""X-RAY DIFFRACTION""]",3.5,3.5,0.3352,0.3352,227,458,0,0.0,NO_LBD_OVERLAP,,False,NR2B1,RXRα,Nutritional sensors
9QJ9,9QJ9_1,1,9QJ9.A,A,A,PASS,,P19793,"[""X-RAY DIFFRACTION""]",3.5,3.5,0.3352,0.3352,227,458,0,0.0,NO_LBD_OVERLAP,,False,NR2B1,RXRα,Nutritional sensors
9QX6,9QX6_1,1,9QX6.A,A,A,PASS,,P19793,"[""X-RAY DIFFRACTION""]",1.46,1.46,0.213,0.213,227,458,230,0.991379,NEAR_COMPLETE_LBD,,False,NR2B1,RXRα,Nutritional sensors
9R6I,9R6I_1,1,9R6I.A,A,A,PASS,,P37231,"[""X-RAY DIFFRACTION""]",1.7,1.7,0.2288,0.2288,238,503,266,1.0,NEAR_COMPLETE_LBD,,False,NR1C3,PPARγ,Nutritional sensors
9R6K,9R6K_1,1,9R6K.A,A,A,PASS,,P37231,"[""X-RAY DIFFRACTION""]",2.3,2.3,0.2591,0.2591,238,503,266,1.0,NEAR_COMPLETE_LBD,,False,NR1C3,PPARγ,Nutritional sensors
9RMR,9RMR_1,1,9RMR.A,A,A,PASS,,P19793,"[""X-RAY DIFFRACTION""]",1.65,1.65,0.2149,0.2149,227,458,230,0.991379,NEAR_COMPLETE_LBD,,False,NR2B1,RXRα,Nutritional sensors
9S70,9S70_1,1,9S70.A,A,A,PASS,,P19793,"[""X-RAY DIFFRACTION""]",1.95,1.95,0.2207,0.2207,227,458,230,0.991379,NEAR_COMPLETE_LBD,,False,NR2B1,RXRα,Nutritional sensors
9S71,9S71_1,1,9S71.A,A,A,PASS,,P19793,"[""X-RAY DIFFRACTION""]",2.0,2.0,0.2216,0.2216,227,458,230,0.991379,NEAR_COMPLETE_LBD,,False,NR2B1,RXRα,Nutritional sensors
9SFS,9SFS_1,1,9SFS.A,A,A,PASS,,Q07869,"[""X-RAY DIFFRACTION""]",2.0,2.0,0.28488,0.28488,239,466,228,1.0,NEAR_COMPLETE_LBD,,False,NR1C1,PPARα,Nutritional sensors
9SMQ,9SMQ_1,1,9SMQ.A,A,A,PASS,,O00482,"[""X-RAY DIFFRACTION""]",2.2,2.2,0.2443,0.2443,300,539,240,1.0,NEAR_COMPLETE_LBD,,False,NR5A2,LRH-1,Nutritional sensors
9SV3,9SV3_3,3,9SV3.D,D,H,PASS,,P03372,"[""ELECTRON MICROSCOPY""]",4.3,4.3,,,311,547,237,1.0,NEAR_COMPLETE_LBD,,False,NR3A1,ERα,Steroid hormone receptors
9SV3,9SV3_3,3,9SV3.C,C,G,PASS,,P03372,"[""ELECTRON MICROSCOPY""]",4.3,4.3,,,311,547,237,1.0,NEAR_COMPLETE_LBD,,False,NR3A1,ERα,Steroid hormone receptors
9T5S,9T5S_1,1,9T5S.C,C,C,PASS,,Q07869,"[""X-RAY DIFFRACTION""]",1.74,1.74,0.2113,0.2113,239,466,228,1.0,NEAR_COMPLETE_LBD,,False,NR1C1,PPARα,Nutritional sensors
9T5S,9T5S_1,1,9T5S.A,A,A,PASS,,Q07869,"[""X-RAY DIFFRACTION""]",1.74,1.74,0.2113,0.2113,239,466,228,1.0,NEAR_COMPLETE_LBD,,False,NR1C1,PPARα,Nutritional sensors
9V5K,9V5K_1,1,9V5K.B,B,A,PASS,,P22736,"[""X-RAY DIFFRACTION""]",2.37,2.37,0.2618,0.2618,360,595,235,0.995763,NEAR_COMPLETE_LBD,,False,NR4A1,NUR77,Nutritional sensors
9V5K,9V5K_1,1,9V5K.A,A,B,PASS,,P22736,"[""X-RAY DIFFRACTION""]",2.37,2.37,0.2618,0.2618,360,595,235,0.995763,NEAR_COMPLETE_LBD,,False,NR4A1,NUR77,Nutritional sensors
9V8D,9V8D_1,1,9V8D.A,A,A,PASS,,P37231,"[""X-RAY DIFFRACTION""]",1.44,1.44,0.2013,0.2013,238,503,266,1.0,NEAR_COMPLETE_LBD,,False,NR1C3,PPARγ,Nutritional sensors
9V8E,9V8E_1,1,9V8E.A,A,A,PASS,,P37231,"[""X-RAY DIFFRACTION""]",1.7,1.7,0.21487,0.21487,238,503,266,1.0,NEAR_COMPLETE_LBD,,False,NR1C3,PPARγ,Nutritional sensors
9V8F,9V8F_1,1,9V8F.A,A,A,PASS,,P37231,"[""X-RAY DIFFRACTION""]",1.75,1.75,0.23042,0.23042,238,503,266,1.0,NEAR_COMPLETE_LBD,,False,NR1C3,PPARγ,Nutritional sensors
9V8G,9V8G_1,1,9V8G.A,A,A,PASS,,P37231,"[""X-RAY DIFFRACTION""]",1.39,1.39,0.1823,0.1823,238,503,266,1.0,NEAR_COMPLETE_LBD,,False,NR1C3,PPARγ,Nutritional sensors
9V8H,9V8H_1,1,9V8H.A,A,A,PASS,,P37231,"[""X-RAY DIFFRACTION""]",1.39,1.39,0.19,0.19,238,503,266,1.0,NEAR_COMPLETE_LBD,,False,NR1C3,PPARγ,Nutritional sensors
9VBQ,9VBQ_1,1,9VBQ.A,A,A,PASS,,Q96RI1,"[""X-RAY DIFFRACTION""]",2.303,2.303,0.2439,0.2439,262,486,225,1.0,NEAR_COMPLETE_LBD,,False,NR1H4,FXR,Nutritional sensors
9VBR,9VBR_1,1,9VBR.B,B,B,PASS,,Q96RI1,"[""X-RAY DIFFRACTION""]",2.5,2.5,0.251,0.251,262,486,224,0.995556,NEAR_COMPLETE_LBD,,True,NR1H4,FXR,Nutritional sensors
9VBR,9VBR_1,1,9VBR.A,A,A,PASS,,Q96RI1,"[""X-RAY DIFFRACTION""]",2.5,2.5,0.251,0.251,262,486,224,0.995556,NEAR_COMPLETE_LBD,,True,NR1H4,FXR,Nutritional sensors
9VNX,9VNX_1,1,9VNX.A,A,A,PASS,,P51449,"[""X-RAY DIFFRACTION""]",1.93,1.93,0.2182,0.2182,269,508,240,1.0,NEAR_COMPLETE_LBD,,False,NR1F3,RORγ,Nutritional sensors
9VT5,9VT5_1,1,9VT5.B,B,B,PASS,,P03372,"[""X-RAY DIFFRACTION""]",2.27,2.27,0.26737,0.26737,311,547,237,1.0,NEAR_COMPLETE_LBD,,False,NR3A1,ERα,Steroid hormone receptors
9VT5,9VT5_1,1,9VT5.A,A,A,PASS,,P03372,"[""X-RAY DIFFRACTION""]",2.27,2.27,0.26737,0.26737,311,547,237,1.0,NEAR_COMPLETE_LBD,,False,NR3A1,ERα,Steroid hormone receptors
9VTU,9VTU_1,1,9VTU.B,B,A,PASS,,P03372,"[""X-RAY DIFFRACTION""]",2.09,2.09,0.26803,0.26803,311,547,237,1.0,NEAR_COMPLETE_LBD,,False,NR3A1,ERα,Steroid hormone receptors
9VTU,9VTU_1,1,9VTU.A,A,B,PASS,,P03372,"[""X-RAY DIFFRACTION""]",2.09,2.09,0.26803,0.26803,311,547,237,1.0,NEAR_COMPLETE_LBD,,False,NR3A1,ERα,Steroid hormone receptors
9VZQ,9VZQ_1,1,9VZQ.A,A,A,PASS,,P51449,"[""X-RAY DIFFRACTION""]",2.18,2.18,0.25093,0.25093,269,508,239,0.995833,NEAR_COMPLETE_LBD,,False,NR1F3,RORγ,Nutritional sensors
9VZS,9VZS_1,1,9VZS.A,A,A,PASS,,Q07869,"[""X-RAY DIFFRACTION""]",1.455,1.455,0.2012,0.2012,239,466,228,1.0,NEAR_COMPLETE_LBD,,False,NR1C1,PPARα,Nutritional sensors
9VZT,9VZT_1,1,9VZT.A,A,A,PASS,,Q07869,"[""X-RAY DIFFRACTION""]",1.475,1.475,0.2019,0.2019,239,466,228,1.0,NEAR_COMPLETE_LBD,,False,NR1C1,PPARα,Nutritional sensors
9W11,9W11_1,1,9W11.B,B,B,PASS,,P03372,"[""X-RAY DIFFRACTION""]",1.83,1.83,0.22573,0.22573,311,547,237,1.0,NEAR_COMPLETE_LBD,,False,NR3A1,ERα,Steroid hormone receptors
9W11,9W11_1,1,9W11.A,A,A,PASS,,P03372,"[""X-RAY DIFFRACTION""]",1.83,1.83,0.22573,0.22573,311,547,237,1.0,NEAR_COMPLETE_LBD,,False,NR3A1,ERα,Steroid hormone receptors
9W12,9W12_1,1,9W12.B,B,B,PASS,,P03372,"[""X-RAY DIFFRACTION""]",1.75,1.75,0.19661,0.19661,311,547,237,1.0,NEAR_COMPLETE_LBD,,False,NR3A1,ERα,Steroid hormone receptors
9W12,9W12_1,1,9W12.A,A,A,PASS,,P03372,"[""X-RAY DIFFRACTION""]",1.75,1.75,0.19661,0.19661,311,547,237,1.0,NEAR_COMPLETE_LBD,,False,NR3A1,ERα,Steroid hormone receptors
9W13,9W13_1,1,9W13.B,B,B,PASS,,P03372,"[""X-RAY DIFFRACTION""]",2.05,2.05,0.22396,0.22396,311,547,237,1.0,NEAR_COMPLETE_LBD,,False,NR3A1,ERα,Steroid hormone receptors
9W13,9W13_1,1,9W13.A,A,A,PASS,,P03372,"[""X-RAY DIFFRACTION""]",2.05,2.05,0.22396,0.22396,311,547,237,1.0,NEAR_COMPLETE_LBD,,False,NR3A1,ERα,Steroid hormone receptors
9WB2,9WB2_1,1,9WB2.C,C,A,PASS,,P03372,"[""X-RAY DIFFRACTION""]",1.95,1.95,0.23785,0.23785,311,547,237,1.0,NEAR_COMPLETE_LBD,,False,NR3A1,ERα,Steroid hormone receptors
9WB2,9WB2_1,1,9WB2.A,A,B,PASS,,P03372,"[""X-RAY DIFFRACTION""]",1.95,1.95,0.23785,0.23785,311,547,237,1.0,NEAR_COMPLETE_LBD,,False,NR3A1,ERα,Steroid hormone receptors
9WF5,9WF5_1,1,9WF5.C,C,B,PASS,,Q96RI1,"[""X-RAY DIFFRACTION""]",2.95,2.95,0.27472,0.27472,262,486,225,1.0,NEAR_COMPLETE_LBD,,False,NR1H4,FXR,Nutritional sensors
9WF5,9WF5_1,1,9WF5.A,A,A,PASS,,Q96RI1,"[""X-RAY DIFFRACTION""]",2.95,2.95,0.27472,0.27472,262,486,225,1.0,NEAR_COMPLETE_LBD,,False,NR1H4,FXR,Nutritional sensors
9XMJ,9XMJ_1,1,9XMJ.G,G,G,PASS,,P51449,"[""X-RAY DIFFRACTION""]",2.18,2.18,0.2179,0.2179,269,508,240,1.0,NEAR_COMPLETE_LBD,,False,NR1F3,RORγ,Nutritional sensors
9XMJ,9XMJ_1,1,9XMJ.E,E,E,PASS,,P51449,"[""X-RAY DIFFRACTION""]",2.18,2.18,0.2179,0.2179,269,508,240,1.0,NEAR_COMPLETE_LBD,,False,NR1F3,RORγ,Nutritional sensors
9XMJ,9XMJ_1,1,9XMJ.C,C,C,PASS,,P51449,"[""X-RAY DIFFRACTION""]",2.18,2.18,0.2179,0.2179,269,508,240,1.0,NEAR_COMPLETE_LBD,,False,NR1F3,RORγ,Nutritional sensors
9XMJ,9XMJ_1,1,9XMJ.A,A,A,PASS,,P51449,"[""X-RAY DIFFRACTION""]",2.18,2.18,0.2179,0.2179,269,508,240,1.0,NEAR_COMPLETE_LBD,,False,NR1F3,RORγ,Nutritional sensors
9Y7E,9Y7E_2,2,9Y7E.D,D,Y,PASS,,P03372,"[""X-RAY DIFFRACTION""]",2.28,2.28,0.2662,0.2662,311,547,0,0.0,NO_LBD_OVERLAP,,False,NR3A1,ERα,Steroid hormone receptors
9Y7E,9Y7E_2,2,9Y7E.C,C,X,PASS,,P03372,"[""X-RAY DIFFRACTION""]",2.28,2.28,0.2662,0.2662,311,547,0,0.0,NO_LBD_OVERLAP,,False,NR3A1,ERα,Steroid hormone receptors
9YC4,9YC4_2,2,9YC4.D,D,Y,PASS,,P03372,"[""X-RAY DIFFRACTION""]",2.152,2.152,0.2574,0.2574,311,547,0,0.0,NO_LBD_OVERLAP,,False,NR3A1,ERα,Steroid hormone receptors
9YC4,9YC4_2,2,9YC4.C,C,X,PASS,,P03372,"[""X-RAY DIFFRACTION""]",2.152,2.152,0.2574,0.2574,311,547,0,0.0,NO_LBD_OVERLAP,,False,NR3A1,ERα,Steroid hormone receptors
