pdb_id,polymer_entity_id,entity_id,instance_id,label_asym_id,auth_asym_id,instance_metadata_status,instance_metadata_notes
11SD,11SD_2,2,11SD.D,D,Y,PASS,
11SD,11SD_2,2,11SD.C,C,X,PASS,
11SE,11SE_2,2,11SE.D,D,Y,PASS,
11SE,11SE_2,2,11SE.C,C,X,PASS,
11SF,11SF_2,2,11SF.D,D,Y,PASS,
11SF,11SF_2,2,11SF.C,C,X,PASS,
11SG,11SG_2,2,11SG.D,D,Y,PASS,
11SG,11SG_2,2,11SG.C,C,X,PASS,
11SH,11SH_2,2,11SH.D,D,Y,PASS,
11SH,11SH_2,2,11SH.C,C,X,PASS,
11SI,11SI_2,2,11SI.D,D,Y,PASS,
11SI,11SI_2,2,11SI.C,C,X,PASS,
11SJ,11SJ_2,2,11SJ.D,D,Y,PASS,
11SJ,11SJ_2,2,11SJ.C,C,X,PASS,
11ZU,11ZU_2,2,11ZU.D,D,Y,PASS,
11ZU,11ZU_2,2,11ZU.C,C,X,PASS,
1A28,1A28_1,1,1A28.B,B,B,PASS,
1A28,1A28_1,1,1A28.A,A,A,PASS,
1A52,1A52_1,1,1A52.B,B,B,PASS,
1A52,1A52_1,1,1A52.A,A,A,PASS,
1A6Y,1A6Y_3,3,1A6Y.C,C,A,PASS,
1A6Y,1A6Y_3,3,1A6Y.D,D,B,PASS,
1BSX,1BSX_1,1,1BSX.C,C,B,PASS,
1BSX,1BSX_1,1,1BSX.A,A,A,PASS,
1BY4,1BY4_3,3,1BY4.E,E,A,PASS,
1BY4,1BY4_3,3,1BY4.F,F,B,PASS,
1BY4,1BY4_3,3,1BY4.G,G,C,PASS,
1BY4,1BY4_3,3,1BY4.H,H,D,PASS,
1DB1,1DB1_1,1,1DB1.A,A,A,PASS,
1DKF,1DKF_2,2,1DKF.B,B,B,PASS,
1DSZ,1DSZ_3,3,1DSZ.C,C,A,PASS,
1DSZ,1DSZ_4,4,1DSZ.D,D,B,PASS,
1E3G,1E3G_1,1,1E3G.A,A,A,PASS,
1E3K,1E3K_1,1,1E3K.B,B,B,PASS,
1E3K,1E3K_1,1,1E3K.A,A,A,PASS,
1ERE,1ERE_1,1,1ERE.F,F,F,PASS,
1ERE,1ERE_1,1,1ERE.E,E,E,PASS,
1ERE,1ERE_1,1,1ERE.D,D,D,PASS,
1ERE,1ERE_1,1,1ERE.C,C,C,PASS,
1ERE,1ERE_1,1,1ERE.B,B,B,PASS,
1ERE,1ERE_1,1,1ERE.A,A,A,PASS,
1ERR,1ERR_1,1,1ERR.B,B,B,PASS,
1ERR,1ERR_1,1,1ERR.A,A,A,PASS,
1EXA,1EXA_1,1,1EXA.A,A,A,PASS,
1EXX,1EXX_1,1,1EXX.A,A,A,PASS,
1FBY,1FBY_1,1,1FBY.B,B,B,PASS,
1FBY,1FBY_1,1,1FBY.A,A,A,PASS,
1FCX,1FCX_1,1,1FCX.A,A,A,PASS,
1FCY,1FCY_1,1,1FCY.A,A,A,PASS,
1FCZ,1FCZ_1,1,1FCZ.A,A,A,PASS,
1FD0,1FD0_1,1,1FD0.A,A,A,PASS,
1FM6,1FM6_1,1,1FM6.C,C,U,PASS,
1FM6,1FM6_1,1,1FM6.A,A,A,PASS,
1FM6,1FM6_2,2,1FM6.D,D,X,PASS,
1FM6,1FM6_2,2,1FM6.B,B,D,PASS,
1FM9,1FM9_1,1,1FM9.A,A,A,PASS,
1FM9,1FM9_2,2,1FM9.B,B,D,PASS,
1G1U,1G1U_1,1,1G1U.D,D,D,PASS,
1G1U,1G1U_1,1,1G1U.C,C,C,PASS,
1G1U,1G1U_1,1,1G1U.B,B,B,PASS,
1G1U,1G1U_1,1,1G1U.A,A,A,PASS,
1G50,1G50_1,1,1G50.C,C,C,PASS,
1G50,1G50_1,1,1G50.B,B,B,PASS,
1G50,1G50_1,1,1G50.A,A,A,PASS,
1G5Y,1G5Y_1,1,1G5Y.D,D,D,PASS,
1G5Y,1G5Y_1,1,1G5Y.C,C,C,PASS,
1G5Y,1G5Y_1,1,1G5Y.B,B,B,PASS,
1G5Y,1G5Y_1,1,1G5Y.A,A,A,PASS,
1GA5,1GA5_3,3,1GA5.E,E,A,PASS,
1GA5,1GA5_3,3,1GA5.F,F,B,PASS,
1GA5,1GA5_3,3,1GA5.G,G,E,PASS,
1GA5,1GA5_3,3,1GA5.H,H,F,PASS,
1GS4,1GS4_1,1,1GS4.A,A,A,PASS,
1GWQ,1GWQ_1,1,1GWQ.B,B,B,PASS,
1GWQ,1GWQ_1,1,1GWQ.A,A,A,PASS,
1GWR,1GWR_1,1,1GWR.B,B,B,PASS,
1GWR,1GWR_1,1,1GWR.A,A,A,PASS,
1GWX,1GWX_1,1,1GWX.B,B,B,PASS,
1GWX,1GWX_1,1,1GWX.A,A,A,PASS,
1H9U,1H9U_1,1,1H9U.D,D,D,PASS,
1H9U,1H9U_1,1,1H9U.C,C,C,PASS,
1H9U,1H9U_1,1,1H9U.B,B,B,PASS,
1H9U,1H9U_1,1,1H9U.A,A,A,PASS,
1HCP,1HCP_1,1,1HCP.A,A,A,PASS,
1HCQ,1HCQ_3,3,1HCQ.H,H,F,PASS,
1HCQ,1HCQ_3,3,1HCQ.G,G,E,PASS,
1HCQ,1HCQ_3,3,1HCQ.F,F,B,PASS,
1HCQ,1HCQ_3,3,1HCQ.E,E,A,PASS,
1HLZ,1HLZ_3,3,1HLZ.C,C,A,PASS,
1HLZ,1HLZ_3,3,1HLZ.D,D,B,PASS,
1HRA,1HRA_1,1,1HRA.A,A,A,PASS,
1I7G,1I7G_1,1,1I7G.A,A,A,PASS,
1I7I,1I7I_1,1,1I7I.B,B,B,PASS,
1I7I,1I7I_1,1,1I7I.A,A,A,PASS,
1IE8,1IE8_1,1,1IE8.A,A,A,PASS,
1IE9,1IE9_1,1,1IE9.A,A,A,PASS,
1ILG,1ILG_1,1,1ILG.A,A,A,PASS,
1ILH,1ILH_1,1,1ILH.A,A,A,PASS,
1K74,1K74_1,1,1K74.A,A,A,PASS,
1K74,1K74_2,2,1K74.B,B,D,PASS,
1K7L,1K7L_1,1,1K7L.G,G,G,PASS,
1K7L,1K7L_1,1,1K7L.E,E,E,PASS,
1K7L,1K7L_1,1,1K7L.C,C,C,PASS,
1K7L,1K7L_1,1,1K7L.A,A,A,PASS,
1KB2,1KB2_3,3,1KB2.D,D,B,PASS,
1KB2,1KB2_3,3,1KB2.C,C,A,PASS,
1KB4,1KB4_3,3,1KB4.D,D,B,PASS,
1KB4,1KB4_3,3,1KB4.C,C,A,PASS,
1KB6,1KB6_3,3,1KB6.D,D,B,PASS,
1KB6,1KB6_3,3,1KB6.C,C,A,PASS,
1KKQ,1KKQ_1,1,1KKQ.D,D,D,PASS,
1KKQ,1KKQ_1,1,1KKQ.C,C,C,PASS,
1KKQ,1KKQ_1,1,1KKQ.B,B,B,PASS,
1KKQ,1KKQ_1,1,1KKQ.A,A,A,PASS,
1KNU,1KNU_1,1,1KNU.A,A,A,PASS,
1KNU,1KNU_1,1,1KNU.B,B,B,PASS,
1KV6,1KV6_1,1,1KV6.B,B,B,PASS,
1KV6,1KV6_1,1,1KV6.A,A,A,PASS,
1L2I,1L2I_1,1,1L2I.B,B,B,PASS,
1L2I,1L2I_1,1,1L2I.A,A,A,PASS,
1L2J,1L2J_1,1,1L2J.B,B,B,PASS,
1L2J,1L2J_1,1,1L2J.A,A,A,PASS,
1LO1,1LO1_3,3,1LO1.C,C,A,PASS,
1LV2,1LV2_1,1,1LV2.A,A,A,PASS,
1M13,1M13_1,1,1M13.A,A,A,PASS,
1M2Z,1M2Z_1,1,1M2Z.C,C,D,PASS,
1M2Z,1M2Z_1,1,1M2Z.A,A,A,PASS,
1MV9,1MV9_1,1,1MV9.A,A,A,PASS,
1MVC,1MVC_1,1,1MVC.A,A,A,PASS,
1MZN,1MZN_1,1,1MZN.G,G,G,PASS,
1MZN,1MZN_1,1,1MZN.E,E,E,PASS,
1MZN,1MZN_1,1,1MZN.C,C,C,PASS,
1MZN,1MZN_1,1,1MZN.A,A,A,PASS,
1N46,1N46_1,1,1N46.B,B,B,PASS,
1N46,1N46_1,1,1N46.A,A,A,PASS,
1N83,1N83_1,1,1N83.A,A,A,PASS,
1NAV,1NAV_1,1,1NAV.A,A,A,PASS,
1NAX,1NAX_1,1,1NAX.A,A,A,PASS,
1NDE,1NDE_1,1,1NDE.A,A,A,PASS,
1NHZ,1NHZ_1,1,1NHZ.A,A,A,PASS,
1NQ0,1NQ0_1,1,1NQ0.A,A,A,PASS,
1NQ1,1NQ1_1,1,1NQ1.A,A,A,PASS,
1NQ2,1NQ2_1,1,1NQ2.A,A,A,PASS,
1NRL,1NRL_1,1,1NRL.B,B,B,PASS,
1NRL,1NRL_1,1,1NRL.A,A,A,PASS,
1NUO,1NUO_1,1,1NUO.A,A,A,PASS,
1NYX,1NYX_1,1,1NYX.B,B,B,PASS,
1NYX,1NYX_1,1,1NYX.A,A,A,PASS,
1OSH,1OSH_1,1,1OSH.A,A,A,PASS,
1OVL,1OVL_1,1,1OVL.D,D,D,PASS,
1OVL,1OVL_1,1,1OVL.A,A,A,PASS,
1OVL,1OVL_2,2,1OVL.F,F,F,PASS,
1OVL,1OVL_2,2,1OVL.E,E,E,PASS,
1OVL,1OVL_2,2,1OVL.C,C,C,PASS,
1OVL,1OVL_2,2,1OVL.B,B,B,PASS,
1P8D,1P8D_1,1,1P8D.B,B,B,PASS,
1P8D,1P8D_1,1,1P8D.A,A,A,PASS,
1P93,1P93_1,1,1P93.G,G,D,PASS,
1P93,1P93_1,1,1P93.E,E,C,PASS,
1P93,1P93_1,1,1P93.C,C,B,PASS,
1P93,1P93_1,1,1P93.A,A,A,PASS,
1PCG,1PCG_1,1,1PCG.B,B,B,PASS,
1PCG,1PCG_1,1,1PCG.A,A,A,PASS,
1PQ6,1PQ6_1,1,1PQ6.D,D,D,PASS,
1PQ6,1PQ6_1,1,1PQ6.C,C,C,PASS,
1PQ6,1PQ6_1,1,1PQ6.B,B,B,PASS,
1PQ6,1PQ6_1,1,1PQ6.A,A,A,PASS,
1PQ9,1PQ9_1,1,1PQ9.D,D,D,PASS,
1PQ9,1PQ9_1,1,1PQ9.C,C,C,PASS,
1PQ9,1PQ9_1,1,1PQ9.B,B,B,PASS,
1PQ9,1PQ9_1,1,1PQ9.A,A,A,PASS,
1PQC,1PQC_1,1,1PQC.D,D,D,PASS,
1PQC,1PQC_1,1,1PQC.C,C,C,PASS,
1PQC,1PQC_1,1,1PQC.B,B,B,PASS,
1PQC,1PQC_1,1,1PQC.A,A,A,PASS,
1PRG,1PRG_1,1,1PRG.B,B,B,PASS,
1PRG,1PRG_1,1,1PRG.A,A,A,PASS,
1PZL,1PZL_1,1,1PZL.A,A,A,PASS,
1Q4X,1Q4X_1,1,1Q4X.A,A,A,PASS,
1QKM,1QKM_1,1,1QKM.A,A,A,PASS,
1QKT,1QKT_1,1,1QKT.A,A,A,PASS,
1QKU,1QKU_1,1,1QKU.C,C,C,PASS,
1QKU,1QKU_1,1,1QKU.B,B,B,PASS,
1QKU,1QKU_1,1,1QKU.A,A,A,PASS,
1R0N,1R0N_3,3,1R0N.C,C,A,PASS,
1R5K,1R5K_1,1,1R5K.C,C,C,PASS,
1R5K,1R5K_1,1,1R5K.B,B,B,PASS,
1R5K,1R5K_1,1,1R5K.A,A,A,PASS,
1R6G,1R6G_1,1,1R6G.A,A,A,PASS,
1RDT,1RDT_1,1,1RDT.A,A,A,PASS,
1RDT,1RDT_3,3,1RDT.C,C,D,PASS,
1RXR,1RXR_1,1,1RXR.A,A,A,PASS,
1S0X,1S0X_1,1,1S0X.A,A,A,PASS,
1S0Z,1S0Z_1,1,1S0Z.A,A,A,PASS,
1S19,1S19_1,1,1S19.A,A,A,PASS,
1SJ0,1SJ0_1,1,1SJ0.A,A,A,PASS,
1SKX,1SKX_1,1,1SKX.A,A,A,PASS,
1SQN,1SQN_1,1,1SQN.B,B,B,PASS,
1SQN,1SQN_1,1,1SQN.A,A,A,PASS,
1SR7,1SR7_1,1,1SR7.B,B,B,PASS,
1SR7,1SR7_1,1,1SR7.A,A,A,PASS,
1T5Z,1T5Z_1,1,1T5Z.A,A,A,PASS,
1T63,1T63_1,1,1T63.A,A,A,PASS,
1T65,1T65_1,1,1T65.A,A,A,PASS,
1TFC,1TFC_1,1,1TFC.B,B,B,PASS,
1TFC,1TFC_1,1,1TFC.A,A,A,PASS,
1TXI,1TXI_1,1,1TXI.A,A,A,PASS,
1U3Q,1U3Q_1,1,1U3Q.D,D,D,PASS,
1U3Q,1U3Q_1,1,1U3Q.C,C,C,PASS,
1U3Q,1U3Q_1,1,1U3Q.B,B,B,PASS,
1U3Q,1U3Q_1,1,1U3Q.A,A,A,PASS,
1U3R,1U3R_1,1,1U3R.C,C,B,PASS,
1U3R,1U3R_1,1,1U3R.A,A,A,PASS,
1U3S,1U3S_1,1,1U3S.C,C,B,PASS,
1U3S,1U3S_1,1,1U3S.A,A,A,PASS,
1U9E,1U9E_1,1,1U9E.B,B,B,PASS,
1U9E,1U9E_1,1,1U9E.A,A,A,PASS,
1UHL,1UHL_1,1,1UHL.A,A,A,PASS,
1UHL,1UHL_2,2,1UHL.B,B,B,PASS,
1UOM,1UOM_1,1,1UOM.A,A,A,PASS,
1UPV,1UPV_1,1,1UPV.A,A,A,PASS,
1UPW,1UPW_1,1,1UPW.A,A,A,PASS,
1VJB,1VJB_1,1,1VJB.B,B,B,PASS,
1VJB,1VJB_1,1,1VJB.A,A,A,PASS,
1WM0,1WM0_1,1,1WM0.A,A,X,PASS,
1X76,1X76_1,1,1X76.B,B,B,PASS,
1X76,1X76_1,1,1X76.A,A,A,PASS,
1X78,1X78_1,1,1X78.B,B,B,PASS,
1X78,1X78_1,1,1X78.A,A,A,PASS,
1X7B,1X7B_1,1,1X7B.B,B,B,PASS,
1X7B,1X7B_1,1,1X7B.A,A,A,PASS,
1X7E,1X7E_1,1,1X7E.B,B,B,PASS,
1X7E,1X7E_1,1,1X7E.A,A,A,PASS,
1X7J,1X7J_1,1,1X7J.B,B,B,PASS,
1X7J,1X7J_1,1,1X7J.A,A,A,PASS,
1X7R,1X7R_1,1,1X7R.A,A,A,PASS,
1XAP,1XAP_1,1,1XAP.A,A,A,PASS,
1XB7,1XB7_1,1,1XB7.A,A,A,PASS,
1XJ7,1XJ7_1,1,1XJ7.A,A,A,PASS,
1XLS,1XLS_1,1,1XLS.D,D,D,PASS,
1XLS,1XLS_1,1,1XLS.C,C,C,PASS,
1XLS,1XLS_1,1,1XLS.B,B,B,PASS,
1XLS,1XLS_1,1,1XLS.A,A,A,PASS,
1XOW,1XOW_1,1,1XOW.A,A,A,PASS,
1XOW,1XOW_2,2,1XOW.B,B,B,PASS,
1XP1,1XP1_1,1,1XP1.A,A,A,PASS,
1XP6,1XP6_1,1,1XP6.A,A,A,PASS,
1XP9,1XP9_1,1,1XP9.A,A,A,PASS,
1XPC,1XPC_1,1,1XPC.A,A,A,PASS,
1XQ3,1XQ3_1,1,1XQ3.A,A,A,PASS,
1XQC,1XQC_1,1,1XQC.D,D,D,PASS,
1XQC,1XQC_1,1,1XQC.C,C,C,PASS,
1XQC,1XQC_1,1,1XQC.B,B,B,PASS,
1XQC,1XQC_1,1,1XQC.A,A,A,PASS,
1XV9,1XV9_1,1,1XV9.C,C,C,PASS,
1XV9,1XV9_1,1,1XV9.A,A,A,PASS,
1XV9,1XV9_2,2,1XV9.D,D,D,PASS,
1XV9,1XV9_2,2,1XV9.B,B,B,PASS,
1XVP,1XVP_1,1,1XVP.C,C,C,PASS,
1XVP,1XVP_1,1,1XVP.A,A,A,PASS,
1XVP,1XVP_2,2,1XVP.D,D,D,PASS,
1XVP,1XVP_2,2,1XVP.B,B,B,PASS,
1XZX,1XZX_1,1,1XZX.A,A,X,PASS,
1Y0S,1Y0S_1,1,1Y0S.B,B,B,PASS,
1Y0S,1Y0S_1,1,1Y0S.A,A,A,PASS,
1Y0X,1Y0X_1,1,1Y0X.A,A,X,PASS,
1Y9R,1Y9R_1,1,1Y9R.B,B,B,PASS,
1Y9R,1Y9R_1,1,1Y9R.A,A,A,PASS,
1YA3,1YA3_1,1,1YA3.C,C,C,PASS,
1YA3,1YA3_1,1,1YA3.B,B,B,PASS,
1YA3,1YA3_1,1,1YA3.A,A,A,PASS,
1YIM,1YIM_1,1,1YIM.A,A,A,PASS,
1YIN,1YIN_1,1,1YIN.A,A,A,PASS,
1YNW,1YNW_3,3,1YNW.C,C,A,PASS,
1YNW,1YNW_4,4,1YNW.D,D,B,PASS,
1YOK,1YOK_1,1,1YOK.A,A,A,PASS,
1YOW,1YOW_1,1,1YOW.A,A,A,PASS,
1YUC,1YUC_1,1,1YUC.B,B,B,PASS,
1YUC,1YUC_1,1,1YUC.A,A,A,PASS,
1YUC,1YUC_2,2,1YUC.D,D,D,PASS,
1YUC,1YUC_2,2,1YUC.C,C,C,PASS,
1YY4,1YY4_1,1,1YY4.B,B,B,PASS,
1YY4,1YY4_1,1,1YY4.A,A,A,PASS,
1YYE,1YYE_1,1,1YYE.A,A,A,PASS,
1YYE,1YYE_1,1,1YYE.B,B,B,PASS,
1Z95,1Z95_1,1,1Z95.A,A,A,PASS,
1ZAF,1ZAF_1,1,1ZAF.B,B,B,PASS,
1ZAF,1ZAF_1,1,1ZAF.A,A,A,PASS,
1ZDT,1ZDT_1,1,1ZDT.B,B,B,PASS,
1ZDT,1ZDT_1,1,1ZDT.A,A,A,PASS,
1ZDU,1ZDU_1,1,1ZDU.A,A,A,PASS,
1ZEO,1ZEO_1,1,1ZEO.B,B,B,PASS,
1ZEO,1ZEO_1,1,1ZEO.A,A,A,PASS,
1ZGY,1ZGY_1,1,1ZGY.A,A,A,PASS,
1ZKY,1ZKY_1,1,1ZKY.B,B,B,PASS,
1ZKY,1ZKY_1,1,1ZKY.A,A,A,PASS,
1ZUC,1ZUC_1,1,1ZUC.B,B,A,PASS,
1ZUC,1ZUC_1,1,1ZUC.A,A,B,PASS,
29OB,29OB_1,1,29OB.A,A,A,PASS,
2A3I,2A3I_1,1,2A3I.A,A,A,PASS,
2A66,2A66_3,3,2A66.C,C,A,PASS,
2AA2,2AA2_1,1,2AA2.A,A,A,PASS,
2AA5,2AA5_1,1,2AA5.B,B,B,PASS,
2AA5,2AA5_1,1,2AA5.A,A,A,PASS,
2AA6,2AA6_1,1,2AA6.A,A,A,PASS,
2AA6,2AA6_1,1,2AA6.B,B,B,PASS,
2AA7,2AA7_1,1,2AA7.A,A,A,PASS,
2AAX,2AAX_1,1,2AAX.B,B,B,PASS,
2AAX,2AAX_1,1,2AAX.A,A,A,PASS,
2AB2,2AB2_1,1,2AB2.A,A,A,PASS,
2AB2,2AB2_1,1,2AB2.B,B,B,PASS,
2ABI,2ABI_1,1,2ABI.C,C,C,PASS,
2ABI,2ABI_1,1,2ABI.B,B,B,PASS,
2ABI,2ABI_1,1,2ABI.A,A,A,PASS,
2ACL,2ACL_1,1,2ACL.G,G,G,PASS,
2ACL,2ACL_1,1,2ACL.E,E,E,PASS,
2ACL,2ACL_1,1,2ACL.C,C,C,PASS,
2ACL,2ACL_1,1,2ACL.A,A,A,PASS,
2AM9,2AM9_1,1,2AM9.A,A,A,PASS,
2AMA,2AMA_1,1,2AMA.A,A,A,PASS,
2AMB,2AMB_1,1,2AMB.A,A,A,PASS,
2AO6,2AO6_1,1,2AO6.A,A,A,PASS,
2ATH,2ATH_1,1,2ATH.B,B,B,PASS,
2ATH,2ATH_1,1,2ATH.A,A,A,PASS,
2AWH,2AWH_1,1,2AWH.B,B,B,PASS,
2AWH,2AWH_1,1,2AWH.A,A,A,PASS,
2AX6,2AX6_1,1,2AX6.A,A,A,PASS,
2AX7,2AX7_1,1,2AX7.A,A,A,PASS,
2AX8,2AX8_1,1,2AX8.A,A,A,PASS,
2AX9,2AX9_1,1,2AX9.A,A,A,PASS,
2AXA,2AXA_1,1,2AXA.A,A,A,PASS,
2AYR,2AYR_1,1,2AYR.A,A,A,PASS,
2B1V,2B1V_1,1,2B1V.B,B,B,PASS,
2B1V,2B1V_1,1,2B1V.A,A,A,PASS,
2B1Z,2B1Z_1,1,2B1Z.B,B,B,PASS,
2B1Z,2B1Z_1,1,2B1Z.A,A,A,PASS,
2B23,2B23_1,1,2B23.B,B,B,PASS,
2B23,2B23_1,1,2B23.A,A,A,PASS,
2B50,2B50_1,1,2B50.B,B,B,PASS,
2B50,2B50_1,1,2B50.A,A,A,PASS,
2BAW,2BAW_1,1,2BAW.B,B,B,PASS,
2BAW,2BAW_1,1,2BAW.A,A,A,PASS,
2BJ4,2BJ4_1,1,2BJ4.A,A,A,PASS,
2BJ4,2BJ4_2,2,2BJ4.B,B,B,PASS,
2C7A,2C7A_1,1,2C7A.B,B,B,PASS,
2C7A,2C7A_1,1,2C7A.A,A,A,PASS,
2E2R,2E2R_1,1,2E2R.A,A,A,PASS,
2EBL,2EBL_1,1,2EBL.A,A,A,PASS,
2ENV,2ENV_1,1,2ENV.A,A,A,PASS,
2EWP,2EWP_1,1,2EWP.E,E,E,PASS,
2EWP,2EWP_1,1,2EWP.D,D,D,PASS,
2EWP,2EWP_1,1,2EWP.C,C,C,PASS,
2EWP,2EWP_1,1,2EWP.B,B,B,PASS,
2EWP,2EWP_1,1,2EWP.A,A,A,PASS,
2F4B,2F4B_1,1,2F4B.B,B,B,PASS,
2F4B,2F4B_1,1,2F4B.A,A,A,PASS,
2FAI,2FAI_1,1,2FAI.B,B,B,PASS,
2FAI,2FAI_1,1,2FAI.A,A,A,PASS,
2FSZ,2FSZ_1,1,2FSZ.B,B,B,PASS,
2FSZ,2FSZ_1,1,2FSZ.A,A,A,PASS,
2FVJ,2FVJ_1,1,2FVJ.A,A,A,PASS,
2G0G,2G0G_1,1,2G0G.B,B,B,PASS,
2G0G,2G0G_1,1,2G0G.A,A,A,PASS,
2G0H,2G0H_1,1,2G0H.B,B,B,PASS,
2G0H,2G0H_1,1,2G0H.A,A,A,PASS,
2G44,2G44_1,1,2G44.B,B,B,PASS,
2G44,2G44_1,1,2G44.A,A,A,PASS,
2G5O,2G5O_1,1,2G5O.B,B,B,PASS,
2G5O,2G5O_1,1,2G5O.A,A,A,PASS,
2GIU,2GIU_1,1,2GIU.A,A,A,PASS,
2GL8,2GL8_1,1,2GL8.C,C,C,PASS,
2GL8,2GL8_1,1,2GL8.D,D,D,PASS,
2GL8,2GL8_1,1,2GL8.B,B,B,PASS,
2GL8,2GL8_1,1,2GL8.A,A,A,PASS,
2GP7,2GP7_1,1,2GP7.D,D,D,PASS,
2GP7,2GP7_1,1,2GP7.C,C,C,PASS,
2GP7,2GP7_1,1,2GP7.B,B,B,PASS,
2GP7,2GP7_1,1,2GP7.A,A,A,PASS,
2GPO,2GPO_1,1,2GPO.A,A,A,PASS,
2GPP,2GPP_1,1,2GPP.B,B,B,PASS,
2GPP,2GPP_1,1,2GPP.A,A,A,PASS,
2GPU,2GPU_1,1,2GPU.A,A,A,PASS,
2GPV,2GPV_1,1,2GPV.F,F,F,PASS,
2GPV,2GPV_1,1,2GPV.E,E,E,PASS,
2GPV,2GPV_1,1,2GPV.D,D,D,PASS,
2GPV,2GPV_1,1,2GPV.C,C,C,PASS,
2GPV,2GPV_1,1,2GPV.B,B,B,PASS,
2GPV,2GPV_1,1,2GPV.A,A,A,PASS,
2GTK,2GTK_1,1,2GTK.A,A,A,PASS,
2GWX,2GWX_1,1,2GWX.B,B,B,PASS,
2GWX,2GWX_1,1,2GWX.A,A,A,PASS,
2H77,2H77_1,1,2H77.A,A,A,PASS,
2H79,2H79_1,1,2H79.A,A,A,PASS,
2HAM,2HAM_1,1,2HAM.A,A,A,PASS,
2HAR,2HAR_1,1,2HAR.A,A,A,PASS,
2HAS,2HAS_1,1,2HAS.A,A,A,PASS,
2HB7,2HB7_1,1,2HB7.A,A,A,PASS,
2HB8,2HB8_1,1,2HB8.A,A,A,PASS,
2HFP,2HFP_1,1,2HFP.A,A,A,PASS,
2HVC,2HVC_1,1,2HVC.A,A,A,PASS,
2HWQ,2HWQ_1,1,2HWQ.B,B,B,PASS,
2HWQ,2HWQ_1,1,2HWQ.A,A,A,PASS,
2HWR,2HWR_1,1,2HWR.B,B,B,PASS,
2HWR,2HWR_1,1,2HWR.A,A,A,PASS,
2I0G,2I0G_1,1,2I0G.B,B,B,PASS,
2I0G,2I0G_1,1,2I0G.A,A,A,PASS,
2I0J,2I0J_1,1,2I0J.D,D,D,PASS,
2I0J,2I0J_1,1,2I0J.C,C,C,PASS,
2I0J,2I0J_1,1,2I0J.B,B,B,PASS,
2I0J,2I0J_1,1,2I0J.A,A,A,PASS,
2I4J,2I4J_1,1,2I4J.B,B,B,PASS,
2I4J,2I4J_1,1,2I4J.A,A,A,PASS,
2I4P,2I4P_1,1,2I4P.B,B,B,PASS,
2I4P,2I4P_1,1,2I4P.A,A,A,PASS,
2I4Z,2I4Z_1,1,2I4Z.B,B,B,PASS,
2I4Z,2I4Z_1,1,2I4Z.A,A,A,PASS,
2IOG,2IOG_1,1,2IOG.A,A,A,PASS,
2IOK,2IOK_1,1,2IOK.B,B,B,PASS,
2IOK,2IOK_1,1,2IOK.A,A,A,PASS,
2J14,2J14_1,1,2J14.B,B,B,PASS,
2J14,2J14_1,1,2J14.A,A,A,PASS,
2J4A,2J4A_1,1,2J4A.A,A,A,PASS,
2JF9,2JF9_1,1,2JF9.C,C,C,PASS,
2JF9,2JF9_1,1,2JF9.B,B,B,PASS,
2JF9,2JF9_1,1,2JF9.A,A,A,PASS,
2JFA,2JFA_1,1,2JFA.A,A,A,PASS,
2JFA,2JFA_2,2,2JFA.B,B,B,PASS,
2JJ3,2JJ3_1,1,2JJ3.B,B,B,PASS,
2JJ3,2JJ3_1,1,2JJ3.A,A,A,PASS,
2LBD,2LBD_1,1,2LBD.A,A,A,PASS,
2LLO,2LLO_2,2,2LLO.B,B,B,PASS,
2LLQ,2LLQ_2,2,2LLQ.B,B,B,PASS,
2NLL,2NLL_3,3,2NLL.C,C,A,PASS,
2NLL,2NLL_4,4,2NLL.D,D,B,PASS,
2NPA,2NPA_1,1,2NPA.C,C,C,PASS,
2NPA,2NPA_1,1,2NPA.A,A,A,PASS,
2NV7,2NV7_1,1,2NV7.B,B,B,PASS,
2NV7,2NV7_1,1,2NV7.A,A,A,PASS,
2O9I,2O9I_1,1,2O9I.B,B,B,PASS,
2O9I,2O9I_1,1,2O9I.A,A,A,PASS,
2OAX,2OAX_1,1,2OAX.C,C,C,PASS,
2OAX,2OAX_1,1,2OAX.F,F,F,PASS,
2OAX,2OAX_1,1,2OAX.E,E,E,PASS,
2OAX,2OAX_1,1,2OAX.D,D,D,PASS,
2OAX,2OAX_1,1,2OAX.B,B,B,PASS,
2OAX,2OAX_1,1,2OAX.A,A,A,PASS,
2OCF,2OCF_1,1,2OCF.A,A,A,PASS,
2OM9,2OM9_1,1,2OM9.D,D,D,PASS,
2OM9,2OM9_1,1,2OM9.C,C,C,PASS,
2OM9,2OM9_1,1,2OM9.B,B,B,PASS,
2OM9,2OM9_1,1,2OM9.A,A,A,PASS,
2OUZ,2OUZ_1,1,2OUZ.A,A,A,PASS,
2OVH,2OVH_1,1,2OVH.A,A,A,PASS,
2OVM,2OVM_1,1,2OVM.A,A,A,PASS,
2OZ7,2OZ7_1,1,2OZ7.A,A,A,PASS,
2P15,2P15_1,1,2P15.B,B,B,PASS,
2P15,2P15_1,1,2P15.A,A,A,PASS,
2P1T,2P1T_1,1,2P1T.A,A,A,PASS,
2P1U,2P1U_1,1,2P1U.A,A,A,PASS,
2P1V,2P1V_1,1,2P1V.A,A,A,PASS,
2P4Y,2P4Y_1,1,2P4Y.B,B,B,PASS,
2P4Y,2P4Y_1,1,2P4Y.A,A,A,PASS,
2P54,2P54_1,1,2P54.A,A,A,PASS,
2P7A,2P7A_1,1,2P7A.A,A,A,PASS,
2P7G,2P7G_1,1,2P7G.A,A,A,PASS,
2P7Z,2P7Z_1,1,2P7Z.A,A,A,PASS,
2PIN,2PIN_1,1,2PIN.B,B,B,PASS,
2PIN,2PIN_1,1,2PIN.A,A,A,PASS,
2PIO,2PIO_1,1,2PIO.A,A,A,PASS,
2PIP,2PIP_1,1,2PIP.A,A,L,PASS,
2PIQ,2PIQ_1,1,2PIQ.A,A,A,PASS,
2PIR,2PIR_1,1,2PIR.A,A,A,PASS,
2PIT,2PIT_1,1,2PIT.A,A,A,PASS,
2PIU,2PIU_1,1,2PIU.A,A,A,PASS,
2PIV,2PIV_1,1,2PIV.A,A,A,PASS,
2PIW,2PIW_1,1,2PIW.A,A,A,PASS,
2PIX,2PIX_1,1,2PIX.A,A,A,PASS,
2PJL,2PJL_1,1,2PJL.B,B,B,PASS,
2PJL,2PJL_1,1,2PJL.A,A,A,PASS,
2PKL,2PKL_1,1,2PKL.A,A,A,PASS,
2PNU,2PNU_1,1,2PNU.A,A,A,PASS,
2POB,2POB_1,1,2POB.B,B,B,PASS,
2POB,2POB_1,1,2POB.A,A,A,PASS,
2POG,2POG_1,1,2POG.B,B,B,PASS,
2POG,2POG_1,1,2POG.A,A,A,PASS,
2PRG,2PRG_1,1,2PRG.B,B,B,PASS,
2PRG,2PRG_1,1,2PRG.A,A,A,PASS,
2Q3Y,2Q3Y_2,2,2Q3Y.B,B,B,PASS,
2Q59,2Q59_1,1,2Q59.A,A,A,PASS,
2Q59,2Q59_2,2,2Q59.B,B,B,PASS,
2Q5G,2Q5G_1,1,2Q5G.B,B,B,PASS,
2Q5G,2Q5G_1,1,2Q5G.A,A,A,PASS,
2Q5P,2Q5P_1,1,2Q5P.B,B,B,PASS,
2Q5P,2Q5P_1,1,2Q5P.A,A,A,PASS,
2Q5S,2Q5S_1,1,2Q5S.B,B,B,PASS,
2Q5S,2Q5S_1,1,2Q5S.A,A,A,PASS,
2Q61,2Q61_1,1,2Q61.B,B,B,PASS,
2Q61,2Q61_1,1,2Q61.A,A,A,PASS,
2Q6J,2Q6J_1,1,2Q6J.B,B,B,PASS,
2Q6J,2Q6J_1,1,2Q6J.A,A,A,PASS,
2Q6R,2Q6R_1,1,2Q6R.B,B,B,PASS,
2Q6R,2Q6R_1,1,2Q6R.A,A,A,PASS,
2Q6S,2Q6S_1,1,2Q6S.B,B,B,PASS,
2Q6S,2Q6S_1,1,2Q6S.A,A,A,PASS,
2Q70,2Q70_1,1,2Q70.B,B,B,PASS,
2Q70,2Q70_1,1,2Q70.A,A,A,PASS,
2Q7I,2Q7I_1,1,2Q7I.A,A,A,PASS,
2Q7I,2Q7I_2,2,2Q7I.B,B,B,PASS,
2Q7J,2Q7J_1,1,2Q7J.A,A,A,PASS,
2Q7K,2Q7K_1,1,2Q7K.A,A,A,PASS,
2Q7K,2Q7K_2,2,2Q7K.B,B,B,PASS,
2Q7L,2Q7L_1,1,2Q7L.A,A,A,PASS,
2Q8S,2Q8S_1,1,2Q8S.B,B,B,PASS,
2Q8S,2Q8S_1,1,2Q8S.A,A,A,PASS,
2QA6,2QA6_1,1,2QA6.B,B,B,PASS,
2QA6,2QA6_1,1,2QA6.A,A,A,PASS,
2QA8,2QA8_1,1,2QA8.A,A,A,PASS,
2QA8,2QA8_2,2,2QA8.B,B,B,PASS,
2QAB,2QAB_1,1,2QAB.B,B,B,PASS,
2QAB,2QAB_1,1,2QAB.A,A,A,PASS,
2QE4,2QE4_1,1,2QE4.B,B,B,PASS,
2QE4,2QE4_1,1,2QE4.A,A,A,PASS,
2QGT,2QGT_1,1,2QGT.B,B,B,PASS,
2QGT,2QGT_1,1,2QGT.A,A,A,PASS,
2QGW,2QGW_1,1,2QGW.B,B,B,PASS,
2QGW,2QGW_1,1,2QGW.A,A,A,PASS,
2QH6,2QH6_1,1,2QH6.B,B,B,PASS,
2QH6,2QH6_1,1,2QH6.A,A,A,PASS,
2QMV,2QMV_1,1,2QMV.A,A,A,PASS,
2QNV,2QNV_1,1,2QNV.A,A,A,PASS,
2QR9,2QR9_1,1,2QR9.B,B,B,PASS,
2QR9,2QR9_1,1,2QR9.A,A,A,PASS,
2QSE,2QSE_1,1,2QSE.B,B,B,PASS,
2QSE,2QSE_1,1,2QSE.A,A,A,PASS,
2QTU,2QTU_1,1,2QTU.B,B,B,PASS,
2QTU,2QTU_1,1,2QTU.A,A,A,PASS,
2QW4,2QW4_1,1,2QW4.D,D,D,PASS,
2QW4,2QW4_1,1,2QW4.C,C,C,PASS,
2QW4,2QW4_1,1,2QW4.B,B,B,PASS,
2QW4,2QW4_1,1,2QW4.A,A,A,PASS,
2QXM,2QXM_1,1,2QXM.B,B,B,PASS,
2QXM,2QXM_1,1,2QXM.A,A,A,PASS,
2QXS,2QXS_1,1,2QXS.B,B,B,PASS,
2QXS,2QXS_1,1,2QXS.A,A,A,PASS,
2QZO,2QZO_1,1,2QZO.A,A,A,PASS,
2QZO,2QZO_2,2,2QZO.B,B,B,PASS,
2R6W,2R6W_1,1,2R6W.B,B,B,PASS,
2R6W,2R6W_1,1,2R6W.A,A,A,PASS,
2R6Y,2R6Y_1,1,2R6Y.B,B,B,PASS,
2R6Y,2R6Y_1,1,2R6Y.A,A,A,PASS,
2REW,2REW_1,1,2REW.A,A,A,PASS,
2V0V,2V0V_1,1,2V0V.D,D,D,PASS,
2V0V,2V0V_1,1,2V0V.C,C,C,PASS,
2V0V,2V0V_1,1,2V0V.B,B,B,PASS,
2V0V,2V0V_1,1,2V0V.A,A,A,PASS,
2V7C,2V7C_1,1,2V7C.B,B,B,PASS,
2V7C,2V7C_1,1,2V7C.A,A,A,PASS,
2VSR,2VSR_1,1,2VSR.B,B,B,PASS,
2VSR,2VSR_1,1,2VSR.A,A,A,PASS,
2VST,2VST_1,1,2VST.B,B,B,PASS,
2VST,2VST_1,1,2VST.A,A,A,PASS,
2VV0,2VV0_1,1,2VV0.B,B,B,PASS,
2VV0,2VV0_1,1,2VV0.A,A,A,PASS,
2VV1,2VV1_1,1,2VV1.A,A,A,PASS,
2VV1,2VV1_2,2,2VV1.B,B,B,PASS,
2VV2,2VV2_1,1,2VV2.B,B,B,PASS,
2VV2,2VV2_1,1,2VV2.A,A,A,PASS,
2VV3,2VV3_1,1,2VV3.B,B,B,PASS,
2VV3,2VV3_1,1,2VV3.A,A,A,PASS,
2VV4,2VV4_1,1,2VV4.A,A,A,PASS,
2VV4,2VV4_2,2,2VV4.B,B,B,PASS,
2W8Y,2W8Y_1,1,2W8Y.B,B,B,PASS,
2W8Y,2W8Y_1,1,2W8Y.A,A,A,PASS,
2XKW,2XKW_1,1,2XKW.B,B,B,PASS,
2XKW,2XKW_1,1,2XKW.A,A,A,PASS,
2XYJ,2XYJ_1,1,2XYJ.B,B,B,PASS,
2XYJ,2XYJ_1,1,2XYJ.A,A,A,PASS,
2XYW,2XYW_1,1,2XYW.B,B,B,PASS,
2XYW,2XYW_1,1,2XYW.A,A,A,PASS,
2XYX,2XYX_1,1,2XYX.B,B,B,PASS,
2XYX,2XYX_1,1,2XYX.A,A,A,PASS,
2YAT,2YAT_1,1,2YAT.A,A,A,PASS,
2YFE,2YFE_1,1,2YFE.B,B,B,PASS,
2YFE,2YFE_1,1,2YFE.A,A,A,PASS,
2YHD,2YHD_1,1,2YHD.A,A,A,PASS,
2YJA,2YJA_2,2,2YJA.B,B,B,PASS,
2YJD,2YJD_1,1,2YJD.B,B,B,PASS,
2YJD,2YJD_1,1,2YJD.A,A,A,PASS,
2YLO,2YLO_1,1,2YLO.A,A,A,PASS,
2YLP,2YLP_1,1,2YLP.A,A,A,PASS,
2YLQ,2YLQ_1,1,2YLQ.A,A,A,PASS,
2YLY,2YLY_1,1,2YLY.B,B,B,PASS,
2YLY,2YLY_1,1,2YLY.A,A,A,PASS,
2Z4B,2Z4B_1,1,2Z4B.B,B,B,PASS,
2Z4B,2Z4B_1,1,2Z4B.A,A,A,PASS,
2Z4J,2Z4J_1,1,2Z4J.A,A,A,PASS,
2Z4J,2Z4J_2,2,2Z4J.B,B,B,PASS,
2ZAS,2ZAS_1,1,2ZAS.A,A,A,PASS,
2ZBS,2ZBS_1,1,2ZBS.A,A,A,PASS,
2ZK0,2ZK0_1,1,2ZK0.B,B,B,PASS,
2ZK0,2ZK0_1,1,2ZK0.A,A,A,PASS,
2ZK1,2ZK1_1,1,2ZK1.B,B,B,PASS,
2ZK1,2ZK1_1,1,2ZK1.A,A,A,PASS,
2ZK2,2ZK2_1,1,2ZK2.B,B,B,PASS,
2ZK2,2ZK2_1,1,2ZK2.A,A,A,PASS,
2ZK3,2ZK3_1,1,2ZK3.B,B,B,PASS,
2ZK3,2ZK3_1,1,2ZK3.A,A,A,PASS,
2ZK4,2ZK4_1,1,2ZK4.B,B,B,PASS,
2ZK4,2ZK4_1,1,2ZK4.A,A,A,PASS,
2ZK5,2ZK5_1,1,2ZK5.B,B,B,PASS,
2ZK5,2ZK5_1,1,2ZK5.A,A,A,PASS,
2ZK6,2ZK6_1,1,2ZK6.B,B,B,PASS,
2ZK6,2ZK6_1,1,2ZK6.A,A,A,PASS,
2ZKC,2ZKC_1,1,2ZKC.A,A,A,PASS,
2ZNN,2ZNN_1,1,2ZNN.A,A,A,PASS,
2ZNO,2ZNO_1,1,2ZNO.B,B,B,PASS,
2ZNO,2ZNO_1,1,2ZNO.A,A,A,PASS,
2ZNP,2ZNP_1,1,2ZNP.B,B,B,PASS,
2ZNP,2ZNP_1,1,2ZNP.A,A,A,PASS,
2ZNQ,2ZNQ_1,1,2ZNQ.B,B,B,PASS,
2ZNQ,2ZNQ_1,1,2ZNQ.A,A,A,PASS,
2ZVT,2ZVT_1,1,2ZVT.B,B,B,PASS,
2ZVT,2ZVT_1,1,2ZVT.A,A,A,PASS,
2ZXZ,2ZXZ_1,1,2ZXZ.A,A,A,PASS,
2ZY0,2ZY0_1,1,2ZY0.C,C,C,PASS,
2ZY0,2ZY0_1,1,2ZY0.A,A,A,PASS,
38KC,38KC_1,1,38KC.B,B,B,PASS,
38KC,38KC_1,1,38KC.A,A,A,PASS,
3A2I,3A2I_1,1,3A2I.A,A,A,PASS,
3A2J,3A2J_1,1,3A2J.A,A,A,PASS,
3A3Z,3A3Z_1,1,3A3Z.A,A,X,PASS,
3A40,3A40_1,1,3A40.A,A,X,PASS,
3A78,3A78_1,1,3A78.A,A,A,PASS,
3A9E,3A9E_2,2,3A9E.B,B,B,PASS,
3ADS,3ADS_1,1,3ADS.B,B,B,PASS,
3ADS,3ADS_1,1,3ADS.A,A,A,PASS,
3ADT,3ADT_1,1,3ADT.B,B,B,PASS,
3ADT,3ADT_1,1,3ADT.A,A,A,PASS,
3ADU,3ADU_1,1,3ADU.B,B,B,PASS,
3ADU,3ADU_1,1,3ADU.A,A,A,PASS,
3ADV,3ADV_1,1,3ADV.B,B,B,PASS,
3ADV,3ADV_1,1,3ADV.A,A,A,PASS,
3ADW,3ADW_1,1,3ADW.B,B,B,PASS,
3ADW,3ADW_1,1,3ADW.A,A,A,PASS,
3ADX,3ADX_1,1,3ADX.B,B,B,PASS,
3ADX,3ADX_1,1,3ADX.A,A,A,PASS,
3AN3,3AN3_1,1,3AN3.B,B,B,PASS,
3AN3,3AN3_1,1,3AN3.A,A,A,PASS,
3AN4,3AN4_1,1,3AN4.B,B,B,PASS,
3AN4,3AN4_1,1,3AN4.A,A,A,PASS,
3AUQ,3AUQ_1,1,3AUQ.A,A,A,PASS,
3AUR,3AUR_1,1,3AUR.A,A,A,PASS,
3AX8,3AX8_1,1,3AX8.A,A,A,PASS,
3AZ1,3AZ1_1,1,3AZ1.A,A,A,PASS,
3AZ2,3AZ2_1,1,3AZ2.A,A,A,PASS,
3AZ3,3AZ3_1,1,3AZ3.A,A,A,PASS,
3B0Q,3B0Q_1,1,3B0Q.B,B,B,PASS,
3B0Q,3B0Q_1,1,3B0Q.A,A,A,PASS,
3B0R,3B0R_1,1,3B0R.B,B,B,PASS,
3B0R,3B0R_1,1,3B0R.A,A,A,PASS,
3B0T,3B0T_1,1,3B0T.A,A,A,PASS,
3B0W,3B0W_1,1,3B0W.B,B,B,PASS,
3B0W,3B0W_1,1,3B0W.A,A,A,PASS,
3B1M,3B1M_1,1,3B1M.A,A,A,PASS,
3B3K,3B3K_1,1,3B3K.B,B,B,PASS,
3B3K,3B3K_1,1,3B3K.A,A,A,PASS,
3B5R,3B5R_1,1,3B5R.A,A,A,PASS,
3B65,3B65_1,1,3B65.A,A,A,PASS,
3B66,3B66_1,1,3B66.A,A,A,PASS,
3B67,3B67_1,1,3B67.A,A,A,PASS,
3B68,3B68_1,1,3B68.A,A,A,PASS,
3BC5,3BC5_1,1,3BC5.A,A,A,PASS,
3BEJ,3BEJ_1,1,3BEJ.B,B,B,PASS,
3BEJ,3BEJ_1,1,3BEJ.A,A,A,PASS,
3BQD,3BQD_1,1,3BQD.A,A,A,PASS,
3BTR,3BTR_2,2,3BTR.B,B,B,PASS,
3CBB,3CBB_3,3,3CBB.D,D,B,PASS,
3CBB,3CBB_3,3,3CBB.C,C,A,PASS,
3CBM,3CBM_2,2,3CBM.B,B,B,PASS,
3CBO,3CBO_2,2,3CBO.B,B,B,PASS,
3CBP,3CBP_2,2,3CBP.B,B,B,PASS,
3CDP,3CDP_1,1,3CDP.B,B,B,PASS,
3CDP,3CDP_1,1,3CDP.A,A,A,PASS,
3CDS,3CDS_1,1,3CDS.B,B,B,PASS,
3CDS,3CDS_1,1,3CDS.A,A,A,PASS,
3CJW,3CJW_1,1,3CJW.A,A,A,PASS,
3CLD,3CLD_1,1,3CLD.C,C,B,PASS,
3CLD,3CLD_1,1,3CLD.A,A,A,PASS,
3CQV,3CQV_1,1,3CQV.A,A,A,PASS,
3CS4,3CS4_1,1,3CS4.A,A,A,PASS,
3CS6,3CS6_1,1,3CS6.A,A,A,PASS,
3CS8,3CS8_1,1,3CS8.A,A,A,PASS,
3CTB,3CTB_1,1,3CTB.B,B,B,PASS,
3CTB,3CTB_1,1,3CTB.A,A,A,PASS,
3CWD,3CWD_1,1,3CWD.B,B,B,PASS,
3CWD,3CWD_1,1,3CWD.A,A,A,PASS,
3D24,3D24_1,1,3D24.C,C,C,PASS,
3D24,3D24_1,1,3D24.A,A,A,PASS,
3D57,3D57_1,1,3D57.B,B,B,PASS,
3D57,3D57_1,1,3D57.A,A,A,PASS,
3D5F,3D5F_1,1,3D5F.B,B,B,PASS,
3D5F,3D5F_1,1,3D5F.A,A,A,PASS,
3D6D,3D6D_1,1,3D6D.B,B,B,PASS,
3D6D,3D6D_1,1,3D6D.A,A,A,PASS,
3D90,3D90_1,1,3D90.B,B,B,PASS,
3D90,3D90_1,1,3D90.A,A,A,PASS,
3DCT,3DCT_1,1,3DCT.A,A,A,PASS,
3DCU,3DCU_1,1,3DCU.A,A,A,PASS,
3DT3,3DT3_1,1,3DT3.B,B,B,PASS,
3DT3,3DT3_1,1,3DT3.A,A,A,PASS,
3DY6,3DY6_1,1,3DY6.B,B,B,PASS,
3DY6,3DY6_1,1,3DY6.A,A,A,PASS,
3DZU,3DZU_1,1,3DZU.A,A,A,PASS,
3DZU,3DZU_2,2,3DZU.B,B,D,PASS,
3DZY,3DZY_1,1,3DZY.A,A,A,PASS,
3DZY,3DZY_2,2,3DZY.B,B,D,PASS,
3E00,3E00_1,1,3E00.A,A,A,PASS,
3E00,3E00_2,2,3E00.B,B,D,PASS,
3E7C,3E7C_1,1,3E7C.C,C,B,PASS,
3E7C,3E7C_1,1,3E7C.A,A,A,PASS,
3E94,3E94_1,1,3E94.A,A,A,PASS,
3ERD,3ERD_1,1,3ERD.B,B,B,PASS,
3ERD,3ERD_1,1,3ERD.A,A,A,PASS,
3ERT,3ERT_1,1,3ERT.A,A,A,PASS,
3ET0,3ET0_1,1,3ET0.B,B,B,PASS,
3ET0,3ET0_1,1,3ET0.A,A,A,PASS,
3ET1,3ET1_1,1,3ET1.B,B,B,PASS,
3ET1,3ET1_1,1,3ET1.A,A,A,PASS,
3ET2,3ET2_1,1,3ET2.B,B,B,PASS,
3ET2,3ET2_1,1,3ET2.A,A,A,PASS,
3ET3,3ET3_1,1,3ET3.A,A,A,PASS,
3FAL,3FAL_1,1,3FAL.C,C,C,PASS,
3FAL,3FAL_1,1,3FAL.A,A,A,PASS,
3FC6,3FC6_1,1,3FC6.C,C,C,PASS,
3FC6,3FC6_1,1,3FC6.A,A,A,PASS,
3FEI,3FEI_1,1,3FEI.A,A,A,PASS,
3FEJ,3FEJ_1,1,3FEJ.A,A,A,PASS,
3FLI,3FLI_1,1,3FLI.A,A,A,PASS,
3FS1,3FS1_1,1,3FS1.A,A,A,PASS,
3FUG,3FUG_1,1,3FUG.A,A,A,PASS,
3FUR,3FUR_1,1,3FUR.A,A,A,PASS,
3FXV,3FXV_1,1,3FXV.A,A,A,PASS,
3G8I,3G8I_1,1,3G8I.A,A,A,PASS,
3G8O,3G8O_1,1,3G8O.B,B,B,PASS,
3G8O,3G8O_1,1,3G8O.A,A,A,PASS,
3G9E,3G9E_1,1,3G9E.A,A,A,PASS,
3GBK,3GBK_1,1,3GBK.B,B,B,PASS,
3GBK,3GBK_1,1,3GBK.A,A,A,PASS,
3GD2,3GD2_1,1,3GD2.A,A,A,PASS,
3GWS,3GWS_1,1,3GWS.A,A,X,PASS,
3GWX,3GWX_1,1,3GWX.B,B,B,PASS,
3GWX,3GWX_1,1,3GWX.A,A,A,PASS,
3GZ9,3GZ9_1,1,3GZ9.A,A,A,PASS,
3H0A,3H0A_1,1,3H0A.A,A,A,PASS,
3H0A,3H0A_2,2,3H0A.B,B,D,PASS,
3H52,3H52_1,1,3H52.D,D,D,PASS,
3H52,3H52_1,1,3H52.C,C,C,PASS,
3H52,3H52_1,1,3H52.B,B,B,PASS,
3H52,3H52_1,1,3H52.A,A,A,PASS,
3HC5,3HC5_1,1,3HC5.A,A,A,PASS,
3HC6,3HC6_1,1,3HC6.A,A,A,PASS,
3HLV,3HLV_1,1,3HLV.B,B,B,PASS,
3HLV,3HLV_1,1,3HLV.A,A,A,PASS,
3HM1,3HM1_1,1,3HM1.B,B,B,PASS,
3HM1,3HM1_1,1,3HM1.A,A,A,PASS,
3HO0,3HO0_1,1,3HO0.B,B,B,PASS,
3HO0,3HO0_1,1,3HO0.A,A,A,PASS,
3HOD,3HOD_1,1,3HOD.B,B,B,PASS,
3HOD,3HOD_1,1,3HOD.A,A,A,PASS,
3HQ5,3HQ5_1,1,3HQ5.B,B,B,PASS,
3HQ5,3HQ5_1,1,3HQ5.A,A,A,PASS,
3HVL,3HVL_1,1,3HVL.B,B,B,PASS,
3HVL,3HVL_1,1,3HVL.A,A,A,PASS,
3HZF,3HZF_1,1,3HZF.A,A,A,PASS,
3IA6,3IA6_1,1,3IA6.B,B,B,PASS,
3IA6,3IA6_1,1,3IA6.A,A,A,PASS,
3ILZ,3ILZ_1,1,3ILZ.A,A,A,PASS,
3IMY,3IMY_1,1,3IMY.A,A,A,PASS,
3IPQ,3IPQ_1,1,3IPQ.A,A,A,PASS,
3IPS,3IPS_1,1,3IPS.B,B,B,PASS,
3IPS,3IPS_1,1,3IPS.A,A,A,PASS,
3IPU,3IPU_1,1,3IPU.B,B,B,PASS,
3IPU,3IPU_1,1,3IPU.A,A,A,PASS,
3JZB,3JZB_1,1,3JZB.A,A,A,PASS,
3JZC,3JZC_1,1,3JZC.A,A,A,PASS,
3K22,3K22_1,1,3K22.C,C,B,PASS,
3K22,3K22_1,1,3K22.A,A,A,PASS,
3K23,3K23_1,1,3K23.E,E,C,PASS,
3K23,3K23_1,1,3K23.C,C,B,PASS,
3K23,3K23_1,1,3K23.A,A,A,PASS,
3K6P,3K6P_1,1,3K6P.A,A,A,PASS,
3K8S,3K8S_1,1,3K8S.B,B,B,PASS,
3K8S,3K8S_1,1,3K8S.A,A,A,PASS,
3KBA,3KBA_1,1,3KBA.B,B,B,PASS,
3KBA,3KBA_1,1,3KBA.A,A,A,PASS,
3KDT,3KDT_1,1,3KDT.B,B,B,PASS,
3KDT,3KDT_1,1,3KDT.A,A,A,PASS,
3KDU,3KDU_1,1,3KDU.B,B,B,PASS,
3KDU,3KDU_1,1,3KDU.A,A,A,PASS,
3KFC,3KFC_1,1,3KFC.D,D,D,PASS,
3KFC,3KFC_1,1,3KFC.C,C,C,PASS,
3KFC,3KFC_1,1,3KFC.B,B,B,PASS,
3KFC,3KFC_1,1,3KFC.A,A,A,PASS,
3KMG,3KMG_1,1,3KMG.C,C,D,PASS,
3KMG,3KMG_1,1,3KMG.A,A,A,PASS,
3KMR,3KMR_1,1,3KMR.A,A,A,PASS,
3KMZ,3KMZ_1,1,3KMZ.C,C,A,PASS,
3KMZ,3KMZ_1,1,3KMZ.A,A,B,PASS,
3KPZ,3KPZ_1,1,3KPZ.A,A,A,PASS,
3KWY,3KWY_1,1,3KWY.A,A,A,PASS,
3KYT,3KYT_1,1,3KYT.A,A,A,PASS,
3L03,3L03_1,1,3L03.B,B,B,PASS,
3L03,3L03_1,1,3L03.A,A,A,PASS,
3L0E,3L0E_1,1,3L0E.A,A,A,PASS,
3L0J,3L0J_1,1,3L0J.A,A,A,PASS,
3L0L,3L0L_1,1,3L0L.C,C,B,PASS,
3L0L,3L0L_1,1,3L0L.A,A,A,PASS,
3L1B,3L1B_1,1,3L1B.A,A,A,PASS,
3L3X,3L3X_1,1,3L3X.A,A,A,PASS,
3L3Z,3L3Z_1,1,3L3Z.A,A,A,PASS,
3LBD,3LBD_1,1,3LBD.A,A,A,PASS,
3LMP,3LMP_1,1,3LMP.A,A,A,PASS,
3M7R,3M7R_1,1,3M7R.A,A,A,PASS,
3N00,3N00_1,1,3N00.A,A,A,PASS,
3NOA,3NOA_1,1,3NOA.B,B,B,PASS,
3NOA,3NOA_1,1,3NOA.A,A,A,PASS,
3NSP,3NSP_1,1,3NSP.B,B,B,PASS,
3NSP,3NSP_1,1,3NSP.A,A,A,PASS,
3NSQ,3NSQ_1,1,3NSQ.B,B,B,PASS,
3NSQ,3NSQ_1,1,3NSQ.A,A,A,PASS,
3OAP,3OAP_1,1,3OAP.A,A,A,PASS,
3OGT,3OGT_1,1,3OGT.A,A,A,PASS,
3OKH,3OKH_1,1,3OKH.A,A,A,PASS,
3OKI,3OKI_1,1,3OKI.C,C,C,PASS,
3OKI,3OKI_1,1,3OKI.A,A,A,PASS,
3OLF,3OLF_1,1,3OLF.C,C,C,PASS,
3OLF,3OLF_1,1,3OLF.A,A,A,PASS,
3OLL,3OLL_1,1,3OLL.B,B,B,PASS,
3OLL,3OLL_1,1,3OLL.A,A,A,PASS,
3OLS,3OLS_1,1,3OLS.B,B,B,PASS,
3OLS,3OLS_1,1,3OLS.A,A,A,PASS,
3OMK,3OMK_1,1,3OMK.C,C,C,PASS,
3OMK,3OMK_1,1,3OMK.A,A,A,PASS,
3OMM,3OMM_1,1,3OMM.C,C,C,PASS,
3OMM,3OMM_1,1,3OMM.A,A,A,PASS,
3OMO,3OMO_1,1,3OMO.B,B,B,PASS,
3OMO,3OMO_1,1,3OMO.A,A,A,PASS,
3OMP,3OMP_1,1,3OMP.B,B,B,PASS,
3OMP,3OMP_1,1,3OMP.A,A,A,PASS,
3OMQ,3OMQ_1,1,3OMQ.B,B,B,PASS,
3OMQ,3OMQ_1,1,3OMQ.A,A,A,PASS,
3OOF,3OOF_1,1,3OOF.C,C,C,PASS,
3OOF,3OOF_1,1,3OOF.A,A,A,PASS,
3OOK,3OOK_1,1,3OOK.C,C,C,PASS,
3OOK,3OOK_1,1,3OOK.A,A,A,PASS,
3OS8,3OS8_1,1,3OS8.B,B,B,PASS,
3OS8,3OS8_1,1,3OS8.A,A,A,PASS,
3OS8,3OS8_2,2,3OS8.D,D,D,PASS,
3OS8,3OS8_2,2,3OS8.C,C,C,PASS,
3OS9,3OS9_1,1,3OS9.A,A,A,PASS,
3OS9,3OS9_1,1,3OS9.C,C,C,PASS,
3OS9,3OS9_1,1,3OS9.D,D,D,PASS,
3OS9,3OS9_1,1,3OS9.B,B,B,PASS,
3OSA,3OSA_1,1,3OSA.D,D,D,PASS,
3OSA,3OSA_1,1,3OSA.C,C,C,PASS,
3OSA,3OSA_1,1,3OSA.B,B,B,PASS,
3OSA,3OSA_1,1,3OSA.A,A,A,PASS,
3OSI,3OSI_1,1,3OSI.B,B,B,PASS,
3OSI,3OSI_1,1,3OSI.A,A,A,PASS,
3OSW,3OSW_1,1,3OSW.B,B,B,PASS,
3OSW,3OSW_1,1,3OSW.A,A,A,PASS,
3OZ0,3OZ0_1,1,3OZ0.A,A,A,PASS,
3OZJ,3OZJ_1,1,3OZJ.C,C,C,PASS,
3OZJ,3OZJ_1,1,3OZJ.A,A,A,PASS,
3P0U,3P0U_1,1,3P0U.B,B,B,PASS,
3P0U,3P0U_1,1,3P0U.A,A,A,PASS,
3P88,3P88_1,1,3P88.A,A,A,PASS,
3P89,3P89_1,1,3P89.A,A,A,PASS,
3P8X,3P8X_1,1,3P8X.A,A,A,PASS,
3PBA,3PBA_1,1,3PBA.B,B,B,PASS,
3PBA,3PBA_1,1,3PBA.A,A,A,PASS,
3PCU,3PCU_1,1,3PCU.A,A,A,PASS,
3PEQ,3PEQ_1,1,3PEQ.B,B,B,PASS,
3PEQ,3PEQ_1,1,3PEQ.A,A,A,PASS,
3PLZ,3PLZ_1,1,3PLZ.C,C,B,PASS,
3PLZ,3PLZ_1,1,3PLZ.A,A,A,PASS,
3PO9,3PO9_1,1,3PO9.B,B,B,PASS,
3PO9,3PO9_1,1,3PO9.A,A,A,PASS,
3PRG,3PRG_1,1,3PRG.A,A,A,PASS,
3Q95,3Q95_1,1,3Q95.A,A,A,PASS,
3Q95,3Q95_2,2,3Q95.B,B,B,PASS,
3QT0,3QT0_1,1,3QT0.A,A,A,PASS,
3R29,3R29_1,1,3R29.B,B,B,PASS,
3R29,3R29_1,1,3R29.A,A,A,PASS,
3R2A,3R2A_1,1,3R2A.D,D,D,PASS,
3R2A,3R2A_1,1,3R2A.C,C,C,PASS,
3R2A,3R2A_1,1,3R2A.B,B,B,PASS,
3R2A,3R2A_1,1,3R2A.A,A,A,PASS,
3R5M,3R5M_1,1,3R5M.C,C,C,PASS,
3R5M,3R5M_1,1,3R5M.A,A,A,PASS,
3R5N,3R5N_1,1,3R5N.A,A,A,PASS,
3R8A,3R8A_1,1,3R8A.B,B,B,PASS,
3R8A,3R8A_1,1,3R8A.A,A,A,PASS,
3R8D,3R8D_1,1,3R8D.A,A,A,PASS,
3R8I,3R8I_1,1,3R8I.B,B,B,PASS,
3R8I,3R8I_1,1,3R8I.A,A,A,PASS,
3RLJ,3RLJ_1,1,3RLJ.A,A,A,PASS,
3RLL,3RLL_1,1,3RLL.A,A,A,PASS,
3RUT,3RUT_1,1,3RUT.A,A,A,PASS,
3RUU,3RUU_1,1,3RUU.A,A,A,PASS,
3RVF,3RVF_1,1,3RVF.A,A,A,PASS,
3S9S,3S9S_1,1,3S9S.A,A,A,PASS,
3SP6,3SP6_1,1,3SP6.A,A,A,PASS,
3SP9,3SP9_1,1,3SP9.B,B,B,PASS,
3SP9,3SP9_1,1,3SP9.A,A,A,PASS,
3SZ1,3SZ1_1,1,3SZ1.B,B,B,PASS,
3SZ1,3SZ1_1,1,3SZ1.A,A,A,PASS,
3T03,3T03_1,1,3T03.B,B,B,PASS,
3T03,3T03_1,1,3T03.A,A,A,PASS,
3TKC,3TKC_1,1,3TKC.A,A,A,PASS,
3TKM,3TKM_1,1,3TKM.A,A,A,PASS,
3TX7,3TX7_2,2,3TX7.B,B,B,PASS,
3TY0,3TY0_1,1,3TY0.B,B,B,PASS,
3TY0,3TY0_1,1,3TY0.A,A,A,PASS,
3U9Q,3U9Q_1,1,3U9Q.A,A,A,PASS,
3UU7,3UU7_1,1,3UU7.A,A,A,PASS,
3UU7,3UU7_2,2,3UU7.B,B,B,PASS,
3UUA,3UUA_1,1,3UUA.A,A,A,PASS,
3UUA,3UUA_2,2,3UUA.B,B,B,PASS,
3UUC,3UUC_1,1,3UUC.D,D,D,PASS,
3UUC,3UUC_1,1,3UUC.C,C,C,PASS,
3UUC,3UUC_1,1,3UUC.B,B,B,PASS,
3UUC,3UUC_1,1,3UUC.A,A,A,PASS,
3UUD,3UUD_1,1,3UUD.A,A,A,PASS,
3UUD,3UUD_2,2,3UUD.B,B,B,PASS,
3UVV,3UVV_2,2,3UVV.B,B,B,PASS,
3V3E,3V3E_1,1,3V3E.B,B,A,PASS,
3V3E,3V3E_1,1,3V3E.A,A,B,PASS,
3V3Q,3V3Q_1,1,3V3Q.B,B,B,PASS,
3V3Q,3V3Q_1,1,3V3Q.A,A,A,PASS,
3V49,3V49_1,1,3V49.A,A,A,PASS,
3V49,3V49_2,2,3V49.B,B,B,PASS,
3V4A,3V4A_1,1,3V4A.A,A,A,PASS,
3V4A,3V4A_2,2,3V4A.B,B,B,PASS,
3V9T,3V9T_1,1,3V9T.A,A,A,PASS,
3V9V,3V9V_1,1,3V9V.A,A,A,PASS,
3V9Y,3V9Y_1,1,3V9Y.A,A,A,PASS,
3VHU,3VHU_1,1,3VHU.A,A,A,PASS,
3VHV,3VHV_1,1,3VHV.A,A,A,PASS,
3VHW,3VHW_1,1,3VHW.A,A,A,PASS,
3VI8,3VI8_1,1,3VI8.A,A,A,PASS,
3VJH,3VJH_1,1,3VJH.B,B,B,PASS,
3VJH,3VJH_1,1,3VJH.A,A,A,PASS,
3VJI,3VJI_1,1,3VJI.B,B,B,PASS,
3VJI,3VJI_1,1,3VJI.A,A,A,PASS,
3VN2,3VN2_1,1,3VN2.A,A,A,PASS,
3VSO,3VSO_1,1,3VSO.B,B,B,PASS,
3VSO,3VSO_1,1,3VSO.A,A,A,PASS,
3VSP,3VSP_1,1,3VSP.B,B,B,PASS,
3VSP,3VSP_1,1,3VSP.A,A,A,PASS,
3W0A,3W0A_1,1,3W0A.A,A,A,PASS,
3W0C,3W0C_1,1,3W0C.A,A,A,PASS,
3W0Y,3W0Y_1,1,3W0Y.A,A,A,PASS,
3WFF,3WFF_1,1,3WFF.A,A,A,PASS,
3WFG,3WFG_1,1,3WFG.A,A,A,PASS,
3WGP,3WGP_1,1,3WGP.A,A,A,PASS,
3WJ4,3WJ4_1,1,3WJ4.B,B,B,PASS,
3WJ4,3WJ4_1,1,3WJ4.A,A,A,PASS,
3WJ5,3WJ5_1,1,3WJ5.B,B,B,PASS,
3WJ5,3WJ5_1,1,3WJ5.A,A,A,PASS,
3WMH,3WMH_1,1,3WMH.B,B,B,PASS,
3WMH,3WMH_1,1,3WMH.A,A,A,PASS,
3WWR,3WWR_1,1,3WWR.A,A,A,PASS,
3X1H,3X1H_1,1,3X1H.B,B,B,PASS,
3X1H,3X1H_1,1,3X1H.A,A,A,PASS,
3X1I,3X1I_1,1,3X1I.B,B,B,PASS,
3X1I,3X1I_1,1,3X1I.A,A,A,PASS,
3X31,3X31_1,1,3X31.A,A,A,PASS,
3X36,3X36_1,1,3X36.A,A,A,PASS,
3ZQT,3ZQT_1,1,3ZQT.A,A,A,PASS,
3ZR7,3ZR7_1,1,3ZR7.B,B,B,PASS,
3ZR7,3ZR7_1,1,3ZR7.A,A,A,PASS,
3ZRA,3ZRA_1,1,3ZRA.B,B,B,PASS,
3ZRA,3ZRA_1,1,3ZRA.A,A,A,PASS,
3ZRB,3ZRB_1,1,3ZRB.B,B,B,PASS,
3ZRB,3ZRB_1,1,3ZRB.A,A,A,PASS,
4A2J,4A2J_1,1,4A2J.B,B,B,PASS,
4A2J,4A2J_1,1,4A2J.A,A,A,PASS,
4A4V,4A4V_1,1,4A4V.B,B,B,PASS,
4A4V,4A4V_1,1,4A4V.A,A,A,PASS,
4A4W,4A4W_1,1,4A4W.B,B,B,PASS,
4A4W,4A4W_1,1,4A4W.A,A,A,PASS,
4AA6,4AA6_1,1,4AA6.F,F,F,PASS,
4AA6,4AA6_1,1,4AA6.E,E,E,PASS,
4AA6,4AA6_1,1,4AA6.B,B,B,PASS,
4AA6,4AA6_1,1,4AA6.A,A,A,PASS,
4APU,4APU_1,1,4APU.B,B,B,PASS,
4APU,4APU_1,1,4APU.A,A,A,PASS,
4B7W,4B7W_1,1,4B7W.D,D,D,PASS,
4B7W,4B7W_1,1,4B7W.C,C,C,PASS,
4B7W,4B7W_1,1,4B7W.B,B,B,PASS,
4B7W,4B7W_1,1,4B7W.A,A,A,PASS,
4BCR,4BCR_1,1,4BCR.B,B,B,PASS,
4BCR,4BCR_1,1,4BCR.A,A,A,PASS,
4CI4,4CI4_1,1,4CI4.A,A,A,PASS,
4CI5,4CI5_1,1,4CI5.B,B,B,PASS,
4CI5,4CI5_1,1,4CI5.A,A,A,PASS,
4CN2,4CN2_3,3,4CN2.D,D,D,PASS,
4CN2,4CN2_3,3,4CN2.C,C,C,PASS,
4CN3,4CN3_1,1,4CN3.C,C,C,PASS,
4CN3,4CN3_1,1,4CN3.B,B,B,PASS,
4CN3,4CN3_1,1,4CN3.A,A,A,PASS,
4CN3,4CN3_2,2,4CN3.D,D,D,PASS,
4CN5,4CN5_1,1,4CN5.B,B,B,PASS,
4CN5,4CN5_1,1,4CN5.A,A,A,PASS,
4CN7,4CN7_1,1,4CN7.F,F,F,PASS,
4CN7,4CN7_1,1,4CN7.E,E,E,PASS,
4CN7,4CN7_1,1,4CN7.B,B,B,PASS,
4CN7,4CN7_1,1,4CN7.A,A,A,PASS,
4CSJ,4CSJ_1,1,4CSJ.A,A,A,PASS,
4DK7,4DK7_1,1,4DK7.C,C,C,PASS,
4DK7,4DK7_1,1,4DK7.A,A,A,PASS,
4DK8,4DK8_1,1,4DK8.C,C,C,PASS,
4DK8,4DK8_1,1,4DK8.A,A,A,PASS,
4DM6,4DM6_1,1,4DM6.B,B,B,PASS,
4DM6,4DM6_1,1,4DM6.A,A,A,PASS,
4DM8,4DM8_1,1,4DM8.B,B,B,PASS,
4DM8,4DM8_1,1,4DM8.A,A,A,PASS,
4DMA,4DMA_1,1,4DMA.B,B,B,PASS,
4DMA,4DMA_1,1,4DMA.A,A,A,PASS,
4DOR,4DOR_1,1,4DOR.B,B,B,PASS,
4DOR,4DOR_1,1,4DOR.A,A,A,PASS,
4DOR,4DOR_2,2,4DOR.D,D,D,PASS,
4DOR,4DOR_2,2,4DOR.C,C,C,PASS,
4DOS,4DOS_1,1,4DOS.A,A,A,PASS,
4DQM,4DQM_1,1,4DQM.C,C,C,PASS,
4DQM,4DQM_1,1,4DQM.A,A,A,PASS,
4E4K,4E4K_1,1,4E4K.B,B,B,PASS,
4E4K,4E4K_1,1,4E4K.A,A,A,PASS,
4E4Q,4E4Q_1,1,4E4Q.B,B,B,PASS,
4E4Q,4E4Q_1,1,4E4Q.A,A,A,PASS,
4EM9,4EM9_1,1,4EM9.B,B,B,PASS,
4EM9,4EM9_1,1,4EM9.A,A,A,PASS,
4EMA,4EMA_1,1,4EMA.B,B,B,PASS,
4EMA,4EMA_1,1,4EMA.A,A,A,PASS,
4F9M,4F9M_1,1,4F9M.A,A,A,PASS,
4FGY,4FGY_1,1,4FGY.A,A,A,PASS,
4G2I,4G2I_1,1,4G2I.A,A,A,PASS,
4HEE,4HEE_1,1,4HEE.A,A,X,PASS,
4HLW,4HLW_1,1,4HLW.A,A,A,PASS,
4HN5,4HN5_1,1,4HN5.D,D,B,PASS,
4HN5,4HN5_1,1,4HN5.A,A,A,PASS,
4HN6,4HN6_1,1,4HN6.D,D,B,PASS,
4HN6,4HN6_1,1,4HN6.A,A,A,PASS,
4IQR,4IQR_1,1,4IQR.F,F,F,PASS,
4IQR,4IQR_1,1,4IQR.E,E,E,PASS,
4IQR,4IQR_1,1,4IQR.B,B,B,PASS,
4IQR,4IQR_1,1,4IQR.A,A,A,PASS,
4IS8,4IS8_1,1,4IS8.B,B,B,PASS,
4IS8,4IS8_1,1,4IS8.A,A,A,PASS,
4ITE,4ITE_1,1,4ITE.A,A,A,PASS,
4ITF,4ITF_1,1,4ITF.A,A,A,PASS,
4IU7,4IU7_1,1,4IU7.B,B,B,PASS,
4IU7,4IU7_1,1,4IU7.A,A,A,PASS,
4IUI,4IUI_1,1,4IUI.C,C,B,PASS,
4IUI,4IUI_1,1,4IUI.A,A,A,PASS,
4IV2,4IV2_1,1,4IV2.B,B,B,PASS,
4IV2,4IV2_1,1,4IV2.A,A,A,PASS,
4IV4,4IV4_1,1,4IV4.B,B,B,PASS,
4IV4,4IV4_1,1,4IV4.A,A,A,PASS,
4IVW,4IVW_1,1,4IVW.C,C,B,PASS,
4IVW,4IVW_1,1,4IVW.A,A,A,PASS,
4IVY,4IVY_1,1,4IVY.C,C,B,PASS,
4IVY,4IVY_1,1,4IVY.A,A,A,PASS,
4IW6,4IW6_1,1,4IW6.C,C,B,PASS,
4IW6,4IW6_1,1,4IW6.A,A,A,PASS,
4IW8,4IW8_1,1,4IW8.D,D,B,PASS,
4IW8,4IW8_1,1,4IW8.A,A,A,PASS,
4IWC,4IWC_1,1,4IWC.B,B,B,PASS,
4IWC,4IWC_1,1,4IWC.A,A,A,PASS,
4IWF,4IWF_1,1,4IWF.B,B,B,PASS,
4IWF,4IWF_1,1,4IWF.A,A,A,PASS,
4J24,4J24_1,1,4J24.D,D,D,PASS,
4J24,4J24_1,1,4J24.C,C,C,PASS,
4J24,4J24_1,1,4J24.B,B,B,PASS,
4J24,4J24_1,1,4J24.A,A,A,PASS,
4J26,4J26_1,1,4J26.C,C,B,PASS,
4J26,4J26_1,1,4J26.A,A,A,PASS,
4J5W,4J5W_1,1,4J5W.B,B,B,PASS,
4J5W,4J5W_1,1,4J5W.A,A,A,PASS,
4J5W,4J5W_2,2,4J5W.D,D,D,PASS,
4J5W,4J5W_2,2,4J5W.C,C,C,PASS,
4J5X,4J5X_1,1,4J5X.B,B,C,PASS,
4J5X,4J5X_1,1,4J5X.A,A,D,PASS,
4J5X,4J5X_2,2,4J5X.D,D,B,PASS,
4J5X,4J5X_2,2,4J5X.C,C,A,PASS,
4JAZ,4JAZ_1,1,4JAZ.B,B,B,PASS,
4JAZ,4JAZ_1,1,4JAZ.A,A,A,PASS,
4JC3,4JC3_2,2,4JC3.B,B,B,PASS,
4JDD,4JDD_2,2,4JDD.B,B,B,PASS,
4JGV,4JGV_1,1,4JGV.B,B,B,PASS,
4JGV,4JGV_1,1,4JGV.A,A,A,PASS,
4JL4,4JL4_1,1,4JL4.B,B,B,PASS,
4JL4,4JL4_1,1,4JL4.A,A,A,PASS,
4JYG,4JYG_1,1,4JYG.B,B,B,PASS,
4JYG,4JYG_1,1,4JYG.A,A,A,PASS,
4JYH,4JYH_1,1,4JYH.B,B,B,PASS,
4JYH,4JYH_1,1,4JYH.A,A,A,PASS,
4JYI,4JYI_1,1,4JYI.B,B,B,PASS,
4JYI,4JYI_1,1,4JYI.A,A,A,PASS,
4K4J,4K4J_1,1,4K4J.A,A,A,PASS,
4K6I,4K6I_1,1,4K6I.A,A,A,PASS,
4K7A,4K7A_1,1,4K7A.A,A,A,PASS,
4KZI,4KZI_1,1,4KZI.B,B,A,PASS,
4KZI,4KZI_1,1,4KZI.A,A,B,PASS,
4KZJ,4KZJ_1,1,4KZJ.B,B,A,PASS,
4KZJ,4KZJ_1,1,4KZJ.A,A,B,PASS,
4KZM,4KZM_1,1,4KZM.B,B,A,PASS,
4KZM,4KZM_1,1,4KZM.A,A,B,PASS,
4L96,4L96_1,1,4L96.A,A,A,PASS,
4L98,4L98_1,1,4L98.B,B,B,PASS,
4L98,4L98_1,1,4L98.A,A,A,PASS,
4LBD,4LBD_1,1,4LBD.A,A,A,PASS,
4LNW,4LNW_1,1,4LNW.A,A,A,PASS,
4LNX,4LNX_1,1,4LNX.A,A,A,PASS,
4LOG,4LOG_1,1,4LOG.B,B,B,PASS,
4LOG,4LOG_1,1,4LOG.A,A,A,PASS,
4LSJ,4LSJ_1,1,4LSJ.A,A,A,PASS,
4M8E,4M8E_1,1,4M8E.A,A,A,PASS,
4M8H,4M8H_1,1,4M8H.A,A,A,PASS,
4MDD,4MDD_1,1,4MDD.B,B,B,PASS,
4MDD,4MDD_1,1,4MDD.A,A,A,PASS,
4MG5,4MG5_1,1,4MG5.B,B,B,PASS,
4MG5,4MG5_1,1,4MG5.A,A,A,PASS,
4MG6,4MG6_1,1,4MG6.B,B,B,PASS,
4MG6,4MG6_1,1,4MG6.A,A,A,PASS,
4MG7,4MG7_1,1,4MG7.A,A,A,PASS,
4MG7,4MG7_2,2,4MG7.B,B,B,PASS,
4MG8,4MG8_1,1,4MG8.A,A,A,PASS,
4MG8,4MG8_2,2,4MG8.B,B,B,PASS,
4MG9,4MG9_1,1,4MG9.A,A,A,PASS,
4MG9,4MG9_2,2,4MG9.B,B,B,PASS,
4MGA,4MGA_1,1,4MGA.A,A,A,PASS,
4MGA,4MGA_2,2,4MGA.B,B,B,PASS,
4MGB,4MGB_1,1,4MGB.A,A,A,PASS,
4MGB,4MGB_2,2,4MGB.B,B,B,PASS,
4MGC,4MGC_1,1,4MGC.B,B,B,PASS,
4MGC,4MGC_1,1,4MGC.A,A,A,PASS,
4MGD,4MGD_1,1,4MGD.A,A,A,PASS,
4MGD,4MGD_2,2,4MGD.B,B,B,PASS,
4N5G,4N5G_1,1,4N5G.D,D,D,PASS,
4N5G,4N5G_1,1,4N5G.C,C,C,PASS,
4N5G,4N5G_1,1,4N5G.B,B,B,PASS,
4N5G,4N5G_1,1,4N5G.A,A,A,PASS,
4N73,4N73_1,1,4N73.A,A,A,PASS,
4N8R,4N8R_1,1,4N8R.D,D,D,PASS,
4N8R,4N8R_1,1,4N8R.C,C,C,PASS,
4N8R,4N8R_1,1,4N8R.B,B,B,PASS,
4N8R,4N8R_1,1,4N8R.A,A,A,PASS,
4NB6,4NB6_1,1,4NB6.B,B,B,PASS,
4NB6,4NB6_1,1,4NB6.A,A,A,PASS,
4NIE,4NIE_1,1,4NIE.B,B,B,PASS,
4NIE,4NIE_1,1,4NIE.A,A,A,PASS,
4NQA,4NQA_1,1,4NQA.G,G,H,PASS,
4NQA,4NQA_1,1,4NQA.A,A,A,PASS,
4NQA,4NQA_2,2,4NQA.H,H,I,PASS,
4NQA,4NQA_2,2,4NQA.B,B,B,PASS,
4NY9,4NY9_1,1,4NY9.A,A,A,PASS,
4O6F,4O6F_2,2,4O6F.B,B,B,PASS,
4O8F,4O8F_1,1,4O8F.B,B,B,PASS,
4O8F,4O8F_1,1,4O8F.A,A,A,PASS,
4OAR,4OAR_1,1,4OAR.A,A,A,PASS,
4OC7,4OC7_1,1,4OC7.A,A,A,PASS,
4OEA,4OEA_1,1,4OEA.A,A,A,PASS,
4OED,4OED_1,1,4OED.A,A,A,PASS,
4OEY,4OEY_1,1,4OEY.A,A,A,PASS,
4OEZ,4OEZ_1,1,4OEZ.A,A,A,PASS,
4OFR,4OFR_1,1,4OFR.A,A,A,PASS,
4OFU,4OFU_1,1,4OFU.A,A,A,PASS,
4OGH,4OGH_1,1,4OGH.A,A,A,PASS,
4OH5,4OH5_1,1,4OH5.A,A,A,PASS,
4OH6,4OH6_1,1,4OH6.A,A,A,PASS,
4OHA,4OHA_1,1,4OHA.A,A,A,PASS,
4OIL,4OIL_1,1,4OIL.A,A,A,PASS,
4OIU,4OIU_1,1,4OIU.A,A,A,PASS,
4OIV,4OIV_1,1,4OIV.B,B,B,PASS,
4OIV,4OIV_1,1,4OIV.A,A,A,PASS,
4OJ4,4OJ4_1,1,4OJ4.A,A,A,PASS,
4OJ9,4OJ9_1,1,4OJ9.A,A,A,PASS,
4OJB,4OJB_1,1,4OJB.A,A,A,PASS,
4OK1,4OK1_1,1,4OK1.A,A,A,PASS,
4OKB,4OKB_1,1,4OKB.A,A,A,PASS,
4OKT,4OKT_1,1,4OKT.A,A,A,PASS,
4OKW,4OKW_1,1,4OKW.A,A,A,PASS,
4OKX,4OKX_1,1,4OKX.A,A,A,PASS,
4OLM,4OLM_1,1,4OLM.A,A,A,PASS,
4ONI,4ONI_1,1,4ONI.C,C,B,PASS,
4ONI,4ONI_1,1,4ONI.A,A,A,PASS,
4ONI,4ONI_2,2,4ONI.D,D,D,PASS,
4ONI,4ONI_2,2,4ONI.B,B,C,PASS,
4P6W,4P6W_1,1,4P6W.A,A,A,PASS,
4P6X,4P6X_1,1,4P6X.K,K,K,PASS,
4P6X,4P6X_1,1,4P6X.I,I,I,PASS,
4P6X,4P6X_1,1,4P6X.G,G,G,PASS,
4P6X,4P6X_1,1,4P6X.E,E,E,PASS,
4P6X,4P6X_1,1,4P6X.C,C,C,PASS,
4P6X,4P6X_1,1,4P6X.A,A,A,PASS,
4PF3,4PF3_1,1,4PF3.A,A,A,PASS,
4PLD,4PLD_1,1,4PLD.A,A,A,PASS,
4PLE,4PLE_1,1,4PLE.G,G,G,PASS,
4PLE,4PLE_1,1,4PLE.E,E,E,PASS,
4PLE,4PLE_1,1,4PLE.C,C,C,PASS,
4PLE,4PLE_1,1,4PLE.A,A,A,PASS,
4POH,4POH_1,1,4POH.A,A,A,PASS,
4POJ,4POJ_1,1,4POJ.A,A,A,PASS,
4PP3,4PP3_1,1,4PP3.A,A,A,PASS,
4PP5,4PP5_1,1,4PP5.A,A,A,PASS,
4PP6,4PP6_1,1,4PP6.B,B,B,PASS,
4PP6,4PP6_1,1,4PP6.A,A,A,PASS,
4PPP,4PPP_1,1,4PPP.B,B,B,PASS,
4PPP,4PPP_1,1,4PPP.A,A,A,PASS,
4PPS,4PPS_1,1,4PPS.B,B,B,PASS,
4PPS,4PPS_1,1,4PPS.A,A,A,PASS,
4PRG,4PRG_1,1,4PRG.D,D,D,PASS,
4PRG,4PRG_1,1,4PRG.C,C,C,PASS,
4PRG,4PRG_1,1,4PRG.B,B,B,PASS,
4PRG,4PRG_1,1,4PRG.A,A,A,PASS,
4PVU,4PVU_1,1,4PVU.B,B,B,PASS,
4PVU,4PVU_1,1,4PVU.A,A,A,PASS,
4PWL,4PWL_1,1,4PWL.B,B,B,PASS,
4PWL,4PWL_1,1,4PWL.A,A,A,PASS,
4PXM,4PXM_1,1,4PXM.B,B,B,PASS,
4PXM,4PXM_1,1,4PXM.A,A,A,PASS,
4Q13,4Q13_1,1,4Q13.B,B,B,PASS,
4Q13,4Q13_1,1,4Q13.A,A,A,PASS,
4Q50,4Q50_1,1,4Q50.H,H,H,PASS,
4Q50,4Q50_1,1,4Q50.G,G,G,PASS,
4Q50,4Q50_1,1,4Q50.F,F,F,PASS,
4Q50,4Q50_1,1,4Q50.E,E,E,PASS,
4Q50,4Q50_1,1,4Q50.D,D,D,PASS,
4Q50,4Q50_1,1,4Q50.C,C,C,PASS,
4Q50,4Q50_1,1,4Q50.B,B,B,PASS,
4Q50,4Q50_1,1,4Q50.A,A,A,PASS,
4QE8,4QE8_1,1,4QE8.B,B,B,PASS,
4QE8,4QE8_1,1,4QE8.A,A,A,PASS,
4QJR,4QJR_1,1,4QJR.A,A,A,PASS,
4QK4,4QK4_1,1,4QK4.A,A,A,PASS,
4QL8,4QL8_1,1,4QL8.A,A,A,PASS,
4QM0,4QM0_1,1,4QM0.B,B,C,PASS,
4QM0,4QM0_1,1,4QM0.A,A,A,PASS,
4R06,4R06_1,1,4R06.B,B,B,PASS,
4R06,4R06_1,1,4R06.A,A,A,PASS,
4R2U,4R2U_1,1,4R2U.B,B,D,PASS,
4R2U,4R2U_1,1,4R2U.A,A,A,PASS,
4R6S,4R6S_1,1,4R6S.B,B,B,PASS,
4R6S,4R6S_1,1,4R6S.A,A,A,PASS,
4RAK,4RAK_1,1,4RAK.B,B,B,PASS,
4RAK,4RAK_1,1,4RAK.A,A,A,PASS,
4RE8,4RE8_1,1,4RE8.B,B,A,PASS,
4RE8,4RE8_1,1,4RE8.A,A,B,PASS,
4REE,4REE_1,1,4REE.B,B,A,PASS,
4REE,4REE_1,1,4REE.A,A,B,PASS,
4REF,4REF_1,1,4REF.B,B,A,PASS,
4REF,4REF_1,1,4REF.A,A,B,PASS,
4RFW,4RFW_1,1,4RFW.A,A,A,PASS,
4RMC,4RMC_1,1,4RMC.A,A,A,PASS,
4RMD,4RMD_1,1,4RMD.A,A,A,PASS,
4RME,4RME_1,1,4RME.A,A,A,PASS,
4RWV,4RWV_1,1,4RWV.A,A,A,PASS,
4RWV,4RWV_2,2,4RWV.B,B,B,PASS,
4RZE,4RZE_1,1,4RZE.B,B,A,PASS,
4RZE,4RZE_1,1,4RZE.A,A,B,PASS,
4RZF,4RZF_1,1,4RZF.B,B,A,PASS,
4RZF,4RZF_1,1,4RZF.A,A,B,PASS,
4RZG,4RZG_1,1,4RZG.B,B,A,PASS,
4RZG,4RZG_1,1,4RZG.A,A,B,PASS,
4S0S,4S0S_1,1,4S0S.B,B,B,PASS,
4S0S,4S0S_1,1,4S0S.A,A,A,PASS,
4S0T,4S0T_1,1,4S0T.B,B,B,PASS,
4S0T,4S0T_1,1,4S0T.A,A,A,PASS,
4S14,4S14_1,1,4S14.A,A,A,PASS,
4S15,4S15_1,1,4S15.C,C,B,PASS,
4S15,4S15_1,1,4S15.A,A,A,PASS,
4TNT,4TNT_1,1,4TNT.B,B,B,PASS,
4TNT,4TNT_1,1,4TNT.A,A,A,PASS,
4TUZ,4TUZ_1,1,4TUZ.A,A,A,PASS,
4TUZ,4TUZ_2,2,4TUZ.B,B,B,PASS,
4TV1,4TV1_1,1,4TV1.A,A,A,PASS,
4TV1,4TV1_2,2,4TV1.B,B,B,PASS,
4UDA,4UDA_1,1,4UDA.A,A,A,PASS,
4UDB,4UDB_1,1,4UDB.A,A,A,PASS,
4UDC,4UDC_1,1,4UDC.A,A,A,PASS,
4UDD,4UDD_1,1,4UDD.A,A,A,PASS,
4WHF,4WHF_1,1,4WHF.B,B,A,PASS,
4WHF,4WHF_1,1,4WHF.A,A,B,PASS,
4WHG,4WHG_1,1,4WHG.B,B,A,PASS,
4WHG,4WHG_1,1,4WHG.A,A,B,PASS,
4WLB,4WLB_1,1,4WLB.B,B,B,PASS,
4WLB,4WLB_1,1,4WLB.A,A,A,PASS,
4WPF,4WPF_1,1,4WPF.C,C,D,PASS,
4WPF,4WPF_1,1,4WPF.A,A,A,PASS,
4WQP,4WQP_1,1,4WQP.B,B,B,PASS,
4WQP,4WQP_1,1,4WQP.A,A,A,PASS,
4WQP,4WQP_2,2,4WQP.C,C,P,PASS,
4WVD,4WVD_2,2,4WVD.D,D,B,PASS,
4WVD,4WVD_2,2,4WVD.B,B,A,PASS,
4X1F,4X1F_1,1,4X1F.A,A,A,PASS,
4X1G,4X1G_1,1,4X1G.A,A,A,PASS,
4XAJ,4XAJ_1,1,4XAJ.E,E,D,PASS,
4XAJ,4XAJ_1,1,4XAJ.D,D,B,PASS,
4XAJ,4XAJ_1,1,4XAJ.B,B,C,PASS,
4XAJ,4XAJ_1,1,4XAJ.A,A,A,PASS,
4XAO,4XAO_1,1,4XAO.A,A,A,PASS,
4XHD,4XHD_1,1,4XHD.A,A,A,PASS,
4XI3,4XI3_1,1,4XI3.D,D,D,PASS,
4XI3,4XI3_1,1,4XI3.C,C,C,PASS,
4XI3,4XI3_1,1,4XI3.B,B,B,PASS,
4XI3,4XI3_1,1,4XI3.A,A,A,PASS,
4XLD,4XLD_1,1,4XLD.A,A,A,PASS,
4XT9,4XT9_1,1,4XT9.A,A,A,PASS,
4XTA,4XTA_1,1,4XTA.B,B,B,PASS,
4XTA,4XTA_1,1,4XTA.A,A,A,PASS,
4XUH,4XUH_1,1,4XUH.B,B,B,PASS,
4XUH,4XUH_1,1,4XUH.A,A,A,PASS,
4XUM,4XUM_1,1,4XUM.B,B,B,PASS,
4XUM,4XUM_1,1,4XUM.A,A,A,PASS,
4Y29,4Y29_1,1,4Y29.A,A,A,PASS,
4YMQ,4YMQ_1,1,4YMQ.A,A,A,PASS,
4YPQ,4YPQ_1,1,4YPQ.A,A,A,PASS,
4YT1,4YT1_1,1,4YT1.B,B,B,PASS,
4YT1,4YT1_1,1,4YT1.A,A,A,PASS,
4ZI1,4ZI1_1,1,4ZI1.A,A,A,PASS,
4ZJR,4ZJR_1,1,4ZJR.D,D,D,PASS,
4ZJR,4ZJR_1,1,4ZJR.C,C,C,PASS,
4ZJR,4ZJR_1,1,4ZJR.B,B,B,PASS,
4ZJR,4ZJR_1,1,4ZJR.A,A,A,PASS,
4ZJW,4ZJW_1,1,4ZJW.B,B,B,PASS,
4ZJW,4ZJW_1,1,4ZJW.A,A,A,PASS,
4ZN7,4ZN7_1,1,4ZN7.B,B,B,PASS,
4ZN7,4ZN7_1,1,4ZN7.A,A,A,PASS,
4ZN9,4ZN9_1,1,4ZN9.B,B,B,PASS,
4ZN9,4ZN9_1,1,4ZN9.A,A,A,PASS,
4ZNH,4ZNH_1,1,4ZNH.B,B,B,PASS,
4ZNH,4ZNH_1,1,4ZNH.A,A,A,PASS,
4ZNS,4ZNS_1,1,4ZNS.B,B,B,PASS,
4ZNS,4ZNS_1,1,4ZNS.A,A,A,PASS,
4ZNT,4ZNT_1,1,4ZNT.B,B,B,PASS,
4ZNT,4ZNT_1,1,4ZNT.A,A,A,PASS,
4ZNU,4ZNU_1,1,4ZNU.C,C,B,PASS,
4ZNU,4ZNU_1,1,4ZNU.A,A,A,PASS,
4ZNV,4ZNV_1,1,4ZNV.B,B,B,PASS,
4ZNV,4ZNV_1,1,4ZNV.A,A,A,PASS,
4ZNW,4ZNW_1,1,4ZNW.B,B,B,PASS,
4ZNW,4ZNW_1,1,4ZNW.A,A,A,PASS,
4ZO1,4ZO1_1,1,4ZO1.A,A,X,PASS,
4ZO1,4ZO1_3,3,4ZO1.C,C,B,PASS,
4ZOM,4ZOM_1,1,4ZOM.D,D,D,PASS,
4ZOM,4ZOM_1,1,4ZOM.C,C,C,PASS,
4ZOM,4ZOM_1,1,4ZOM.B,B,B,PASS,
4ZOM,4ZOM_1,1,4ZOM.A,A,A,PASS,
4ZSH,4ZSH_1,1,4ZSH.A,A,A,PASS,
5A86,5A86_1,1,5A86.B,B,B,PASS,
5A86,5A86_1,1,5A86.A,A,A,PASS,
5AAU,5AAU_1,1,5AAU.B,B,B,PASS,
5AAU,5AAU_1,1,5AAU.A,A,A,PASS,
5AAV,5AAV_1,1,5AAV.A,A,A,PASS,
5AAV,5AAV_2,2,5AAV.B,B,B,PASS,
5ACC,5ACC_1,1,5ACC.A,A,A,PASS,
5AK2,5AK2_1,1,5AK2.B,B,B,PASS,
5AK2,5AK2_1,1,5AK2.A,A,A,PASS,
5APH,5APH_1,1,5APH.A,A,A,PASS,
5APJ,5APJ_1,1,5APJ.A,A,A,PASS,
5APK,5APK_1,1,5APK.B,B,B,PASS,
5APK,5APK_1,1,5APK.A,A,A,PASS,
5APK,5APK_2,2,5APK.C,C,D,PASS,
5AVI,5AVI_1,1,5AVI.C,C,C,PASS,
5AVI,5AVI_1,1,5AVI.A,A,A,PASS,
5AVL,5AVL_1,1,5AVL.A,A,A,PASS,
5AYG,5AYG_1,1,5AYG.B,B,B,PASS,
5AYG,5AYG_1,1,5AYG.A,A,A,PASS,
5AZT,5AZT_1,1,5AZT.B,B,B,PASS,
5AZT,5AZT_1,1,5AZT.A,A,A,PASS,
5AZV,5AZV_1,1,5AZV.B,B,B,PASS,
5AZV,5AZV_1,1,5AZV.A,A,A,PASS,
5C4O,5C4O_1,1,5C4O.A,A,A,PASS,
5C4S,5C4S_1,1,5C4S.A,A,A,PASS,
5C4T,5C4T_1,1,5C4T.A,A,A,PASS,
5C4U,5C4U_1,1,5C4U.A,A,A,PASS,
5CBX,5CBX_1,1,5CBX.F,F,F,PASS,
5CBX,5CBX_1,1,5CBX.E,E,E,PASS,
5CBX,5CBX_1,1,5CBX.B,B,B,PASS,
5CBX,5CBX_1,1,5CBX.A,A,A,PASS,
5CBY,5CBY_1,1,5CBY.B,B,B,PASS,
5CBY,5CBY_1,1,5CBY.A,A,A,PASS,
5CBZ,5CBZ_1,1,5CBZ.F,F,F,PASS,
5CBZ,5CBZ_1,1,5CBZ.E,E,E,PASS,
5CBZ,5CBZ_1,1,5CBZ.B,B,B,PASS,
5CBZ,5CBZ_1,1,5CBZ.A,A,A,PASS,
5CC0,5CC0_1,1,5CC0.D,D,B,PASS,
5CC0,5CC0_1,1,5CC0.A,A,A,PASS,
5CC1,5CC1_1,1,5CC1.F,F,X,PASS,
5CC1,5CC1_1,1,5CC1.E,E,W,PASS,
5CC1,5CC1_1,1,5CC1.B,B,B,PASS,
5CC1,5CC1_1,1,5CC1.A,A,A,PASS,
5CJ6,5CJ6_1,1,5CJ6.A,A,A,PASS,
5CJ6,5CJ6_2,2,5CJ6.B,B,B,PASS,
5DI7,5DI7_1,1,5DI7.B,B,B,PASS,
5DI7,5DI7_1,1,5DI7.A,A,A,PASS,
5DID,5DID_1,1,5DID.B,B,B,PASS,
5DID,5DID_1,1,5DID.A,A,A,PASS,
5DIE,5DIE_1,1,5DIE.B,B,B,PASS,
5DIE,5DIE_1,1,5DIE.A,A,A,PASS,
5DIG,5DIG_1,1,5DIG.B,B,B,PASS,
5DIG,5DIG_1,1,5DIG.A,A,A,PASS,
5DK9,5DK9_1,1,5DK9.B,B,B,PASS,
5DK9,5DK9_1,1,5DK9.A,A,A,PASS,
5DKB,5DKB_1,1,5DKB.B,B,B,PASS,
5DKB,5DKB_1,1,5DKB.A,A,A,PASS,
5DKE,5DKE_1,1,5DKE.B,B,B,PASS,
5DKE,5DKE_1,1,5DKE.A,A,A,PASS,
5DKG,5DKG_1,1,5DKG.B,B,B,PASS,
5DKG,5DKG_1,1,5DKG.A,A,A,PASS,
5DKS,5DKS_1,1,5DKS.B,B,B,PASS,
5DKS,5DKS_1,1,5DKS.A,A,A,PASS,
5DL4,5DL4_1,1,5DL4.B,B,B,PASS,
5DL4,5DL4_1,1,5DL4.A,A,A,PASS,
5DLR,5DLR_1,1,5DLR.B,B,B,PASS,
5DLR,5DLR_1,1,5DLR.A,A,A,PASS,
5DMC,5DMC_1,1,5DMC.B,B,B,PASS,
5DMC,5DMC_1,1,5DMC.A,A,A,PASS,
5DMF,5DMF_1,1,5DMF.B,B,B,PASS,
5DMF,5DMF_1,1,5DMF.A,A,A,PASS,
5DP0,5DP0_1,1,5DP0.B,B,B,PASS,
5DP0,5DP0_1,1,5DP0.A,A,A,PASS,
5DRJ,5DRJ_1,1,5DRJ.B,B,B,PASS,
5DRJ,5DRJ_1,1,5DRJ.A,A,A,PASS,
5DRM,5DRM_1,1,5DRM.B,B,B,PASS,
5DRM,5DRM_1,1,5DRM.A,A,A,PASS,
5DSH,5DSH_1,1,5DSH.A,A,A,PASS,
5DTV,5DTV_1,1,5DTV.C,C,B,PASS,
5DTV,5DTV_1,1,5DTV.A,A,A,PASS,
5DU5,5DU5_1,1,5DU5.B,B,B,PASS,
5DU5,5DU5_1,1,5DU5.A,A,A,PASS,
5DUE,5DUE_1,1,5DUE.B,B,B,PASS,
5DUE,5DUE_1,1,5DUE.A,A,A,PASS,
5DUG,5DUG_1,1,5DUG.B,B,B,PASS,
5DUG,5DUG_1,1,5DUG.A,A,A,PASS,
5DUH,5DUH_1,1,5DUH.B,B,B,PASS,
5DUH,5DUH_1,1,5DUH.A,A,A,PASS,
5DV3,5DV3_1,1,5DV3.A,A,A,PASS,
5DV6,5DV6_1,1,5DV6.A,A,A,PASS,
5DV8,5DV8_1,1,5DV8.A,A,A,PASS,
5DVC,5DVC_1,1,5DVC.A,A,A,PASS,
5DVS,5DVS_1,1,5DVS.B,B,B,PASS,
5DVS,5DVS_1,1,5DVS.A,A,A,PASS,
5DVV,5DVV_1,1,5DVV.B,B,B,PASS,
5DVV,5DVV_1,1,5DVV.A,A,A,PASS,
5DWE,5DWE_1,1,5DWE.B,B,B,PASS,
5DWE,5DWE_1,1,5DWE.A,A,A,PASS,
5DWG,5DWG_1,1,5DWG.B,B,B,PASS,
5DWG,5DWG_1,1,5DWG.A,A,A,PASS,
5DWI,5DWI_1,1,5DWI.B,B,B,PASS,
5DWI,5DWI_1,1,5DWI.A,A,A,PASS,
5DWJ,5DWJ_1,1,5DWJ.B,B,B,PASS,
5DWJ,5DWJ_1,1,5DWJ.A,A,A,PASS,
5DWL,5DWL_1,1,5DWL.A,A,A,PASS,
5DX3,5DX3_1,1,5DX3.A,A,A,PASS,
5DX3,5DX3_2,2,5DX3.B,B,B,PASS,
5DXB,5DXB_1,1,5DXB.A,A,A,PASS,
5DXB,5DXB_2,2,5DXB.B,B,B,PASS,
5DXE,5DXE_1,1,5DXE.B,B,B,PASS,
5DXE,5DXE_1,1,5DXE.A,A,A,PASS,
5DXG,5DXG_1,1,5DXG.B,B,B,PASS,
5DXG,5DXG_1,1,5DXG.A,A,A,PASS,
5DXK,5DXK_1,1,5DXK.B,B,B,PASS,
5DXK,5DXK_1,1,5DXK.A,A,A,PASS,
5DXM,5DXM_1,1,5DXM.B,B,B,PASS,
5DXM,5DXM_1,1,5DXM.A,A,A,PASS,
5DXP,5DXP_1,1,5DXP.B,B,B,PASS,
5DXP,5DXP_1,1,5DXP.A,A,A,PASS,
5DXQ,5DXQ_1,1,5DXQ.B,B,B,PASS,
5DXQ,5DXQ_1,1,5DXQ.A,A,A,PASS,
5DXR,5DXR_1,1,5DXR.B,B,B,PASS,
5DXR,5DXR_1,1,5DXR.A,A,A,PASS,
5DY8,5DY8_1,1,5DY8.B,B,B,PASS,
5DY8,5DY8_1,1,5DY8.A,A,A,PASS,
5DYB,5DYB_1,1,5DYB.B,B,B,PASS,
5DYB,5DYB_1,1,5DYB.A,A,A,PASS,
5DYD,5DYD_1,1,5DYD.B,B,B,PASS,
5DYD,5DYD_1,1,5DYD.A,A,A,PASS,
5DZ0,5DZ0_1,1,5DZ0.B,B,B,PASS,
5DZ0,5DZ0_1,1,5DZ0.A,A,A,PASS,
5DZ1,5DZ1_1,1,5DZ1.B,B,B,PASS,
5DZ1,5DZ1_1,1,5DZ1.A,A,A,PASS,
5DZ3,5DZ3_1,1,5DZ3.B,B,B,PASS,
5DZ3,5DZ3_1,1,5DZ3.A,A,A,PASS,
5DZH,5DZH_1,1,5DZH.B,B,B,PASS,
5DZH,5DZH_1,1,5DZH.A,A,A,PASS,
5DZI,5DZI_1,1,5DZI.B,B,B,PASS,
5DZI,5DZI_1,1,5DZI.A,A,A,PASS,
5E0W,5E0W_1,1,5E0W.B,B,B,PASS,
5E0W,5E0W_1,1,5E0W.A,A,A,PASS,
5E0X,5E0X_1,1,5E0X.B,B,B,PASS,
5E0X,5E0X_1,1,5E0X.A,A,A,PASS,
5E14,5E14_1,1,5E14.B,B,B,PASS,
5E14,5E14_1,1,5E14.A,A,A,PASS,
5E15,5E15_1,1,5E15.B,B,B,PASS,
5E15,5E15_1,1,5E15.A,A,A,PASS,
5E19,5E19_1,1,5E19.B,B,B,PASS,
5E19,5E19_1,1,5E19.A,A,A,PASS,
5E1C,5E1C_1,1,5E1C.B,B,B,PASS,
5E1C,5E1C_1,1,5E1C.A,A,A,PASS,
5E69,5E69_1,1,5E69.D,D,B,PASS,
5E69,5E69_1,1,5E69.A,A,A,PASS,
5E6A,5E6A_1,1,5E6A.D,D,B,PASS,
5E6A,5E6A_1,1,5E6A.A,A,A,PASS,
5E6B,5E6B_1,1,5E6B.D,D,B,PASS,
5E6B,5E6B_1,1,5E6B.A,A,A,PASS,
5E6C,5E6C_1,1,5E6C.B,B,B,PASS,
5E6C,5E6C_1,1,5E6C.A,A,A,PASS,
5E6D,5E6D_3,3,5E6D.D,D,B,PASS,
5E6D,5E6D_3,3,5E6D.C,C,A,PASS,
5EC9,5EC9_1,1,5EC9.A,A,A,PASS,
5EGV,5EGV_1,1,5EGV.B,B,B,PASS,
5EGV,5EGV_1,1,5EGV.A,A,A,PASS,
5EHJ,5EHJ_1,1,5EHJ.B,B,B,PASS,
5EHJ,5EHJ_1,1,5EHJ.A,A,A,PASS,
5EI1,5EI1_1,1,5EI1.B,B,B,PASS,
5EI1,5EI1_1,1,5EI1.A,A,A,PASS,
5EIT,5EIT_1,1,5EIT.B,B,B,PASS,
5EIT,5EIT_1,1,5EIT.A,A,A,PASS,
5EJV,5EJV_1,1,5EJV.C,C,B,PASS,
5EJV,5EJV_1,1,5EJV.A,A,A,PASS,
5EMC,5EMC_2,2,5EMC.C,C,B,PASS,
5EMC,5EMC_2,2,5EMC.B,B,A,PASS,
5EMP,5EMP_1,1,5EMP.B,B,B,PASS,
5EMP,5EMP_1,1,5EMP.A,A,A,PASS,
5EMQ,5EMQ_3,3,5EMQ.D,D,B,PASS,
5EMQ,5EMQ_3,3,5EMQ.C,C,A,PASS,
5ETH,5ETH_1,1,5ETH.B,B,B,PASS,
5ETH,5ETH_1,1,5ETH.A,A,A,PASS,
5F9B,5F9B_1,1,5F9B.B,B,B,PASS,
5F9B,5F9B_1,1,5F9B.A,A,A,PASS,
5FQP,5FQP_1,1,5FQP.A,A,A,PASS,
5FQR,5FQR_1,1,5FQR.A,A,A,PASS,
5FQS,5FQS_1,1,5FQS.A,A,A,PASS,
5FQT,5FQT_1,1,5FQT.A,A,A,PASS,
5FQV,5FQV_1,1,5FQV.A,A,A,PASS,
5G3J,5G3J_1,1,5G3J.A,A,A,PASS,
5G42,5G42_1,1,5G42.A,A,A,PASS,
5G43,5G43_1,1,5G43.A,A,A,PASS,
5G44,5G44_1,1,5G44.A,A,A,PASS,
5G45,5G45_1,1,5G45.A,A,A,PASS,
5G46,5G46_1,1,5G46.A,A,A,PASS,
5G5W,5G5W_1,1,5G5W.A,A,A,PASS,
5GS4,5GS4_1,1,5GS4.A,A,A,PASS,
5GT4,5GT4_1,1,5GT4.A,A,A,PASS,
5GTN,5GTN_1,1,5GTN.A,A,A,PASS,
5GTO,5GTO_1,1,5GTO.A,A,A,PASS,
5GTP,5GTP_1,1,5GTP.A,A,A,PASS,
5GTR,5GTR_1,1,5GTR.A,A,A,PASS,
5HCV,5HCV_1,1,5HCV.C,C,C,PASS,
5HCV,5HCV_1,1,5HCV.B,B,B,PASS,
5HCV,5HCV_1,1,5HCV.A,A,A,PASS,
5HJP,5HJP_1,1,5HJP.C,C,C,PASS,
5HJP,5HJP_1,1,5HJP.A,A,A,PASS,
5HJP,5HJP_2,2,5HJP.D,D,D,PASS,
5HJP,5HJP_2,2,5HJP.B,B,B,PASS,
5HJS,5HJS_1,1,5HJS.B,B,B,PASS,
5HJS,5HJS_1,1,5HJS.A,A,A,PASS,
5HYK,5HYK_1,1,5HYK.A,A,A,PASS,
5HYR,5HYR_1,1,5HYR.B,B,B,PASS,
5HYR,5HYR_1,1,5HYR.A,A,A,PASS,
5HZC,5HZC_1,1,5HZC.B,B,B,PASS,
5HZC,5HZC_1,1,5HZC.A,A,A,PASS,
5I4V,5I4V_1,1,5I4V.C,C,E,PASS,
5I4V,5I4V_1,1,5I4V.A,A,A,PASS,
5I4V,5I4V_2,2,5I4V.D,D,F,PASS,
5I4V,5I4V_2,2,5I4V.B,B,B,PASS,
5IAW,5IAW_1,1,5IAW.B,B,B,PASS,
5IAW,5IAW_1,1,5IAW.A,A,A,PASS,
5ICK,5ICK_1,1,5ICK.B,B,B,PASS,
5ICK,5ICK_1,1,5ICK.A,A,A,PASS,
5IXK,5IXK_1,1,5IXK.B,B,B,PASS,
5IXK,5IXK_1,1,5IXK.A,A,A,PASS,
5IZ0,5IZ0_1,1,5IZ0.G,G,G,PASS,
5IZ0,5IZ0_1,1,5IZ0.E,E,D,PASS,
5IZ0,5IZ0_1,1,5IZ0.C,C,B,PASS,
5IZ0,5IZ0_1,1,5IZ0.A,A,A,PASS,
5JI0,5JI0_1,1,5JI0.A,A,A,PASS,
5JI0,5JI0_2,2,5JI0.B,B,D,PASS,
5JJM,5JJM_1,1,5JJM.G,G,D,PASS,
5JJM,5JJM_1,1,5JJM.E,E,C,PASS,
5JJM,5JJM_1,1,5JJM.A,A,A,PASS,
5JJM,5JJM_3,3,5JJM.C,C,B,PASS,
5JMM,5JMM_1,1,5JMM.A,A,A,PASS,
5JMM,5JMM_2,2,5JMM.B,B,B,PASS,
5JY3,5JY3_1,1,5JY3.D,D,D,PASS,
5JY3,5JY3_1,1,5JY3.C,C,C,PASS,
5JY3,5JY3_1,1,5JY3.B,B,B,PASS,
5JY3,5JY3_1,1,5JY3.A,A,A,PASS,
5K13,5K13_1,1,5K13.A,A,A,PASS,
5K38,5K38_1,1,5K38.B,B,B,PASS,
5K38,5K38_1,1,5K38.A,A,A,PASS,
5K3L,5K3L_1,1,5K3L.D,D,D,PASS,
5K3L,5K3L_1,1,5K3L.C,C,C,PASS,
5K3L,5K3L_1,1,5K3L.B,B,B,PASS,
5K3L,5K3L_1,1,5K3L.A,A,A,PASS,
5K3M,5K3M_1,1,5K3M.B,B,B,PASS,
5K3M,5K3M_1,1,5K3M.A,A,A,PASS,
5K3N,5K3N_1,1,5K3N.D,D,D,PASS,
5K3N,5K3N_1,1,5K3N.C,C,C,PASS,
5K3N,5K3N_1,1,5K3N.B,B,B,PASS,
5K3N,5K3N_1,1,5K3N.A,A,A,PASS,
5K6E,5K6E_1,1,5K6E.B,B,B,PASS,
5K6E,5K6E_1,1,5K6E.A,A,A,PASS,
5K74,5K74_1,1,5K74.B,B,B,PASS,
5K74,5K74_1,1,5K74.A,A,A,PASS,
5KCC,5KCC_1,1,5KCC.B,B,B,PASS,
5KCC,5KCC_1,1,5KCC.A,A,A,PASS,
5KCD,5KCD_1,1,5KCD.B,B,B,PASS,
5KCD,5KCD_1,1,5KCD.A,A,A,PASS,
5KCE,5KCE_1,1,5KCE.B,B,B,PASS,
5KCE,5KCE_1,1,5KCE.A,A,A,PASS,
5KCF,5KCF_1,1,5KCF.B,B,B,PASS,
5KCF,5KCF_1,1,5KCF.A,A,A,PASS,
5KCT,5KCT_1,1,5KCT.B,B,B,PASS,
5KCT,5KCT_1,1,5KCT.A,A,A,PASS,
5KCU,5KCU_1,1,5KCU.B,B,B,PASS,
5KCU,5KCU_1,1,5KCU.A,A,A,PASS,
5KCW,5KCW_1,1,5KCW.B,B,B,PASS,
5KCW,5KCW_1,1,5KCW.A,A,A,PASS,
5KD9,5KD9_1,1,5KD9.B,B,B,PASS,
5KD9,5KD9_1,1,5KD9.A,A,A,PASS,
5KR9,5KR9_1,1,5KR9.B,B,B,PASS,
5KR9,5KR9_1,1,5KR9.A,A,A,PASS,
5KRA,5KRA_1,1,5KRA.F,F,F,PASS,
5KRA,5KRA_1,1,5KRA.E,E,E,PASS,
5KRA,5KRA_1,1,5KRA.B,B,B,PASS,
5KRA,5KRA_1,1,5KRA.A,A,A,PASS,
5KRC,5KRC_1,1,5KRC.B,B,B,PASS,
5KRC,5KRC_1,1,5KRC.A,A,A,PASS,
5KRF,5KRF_1,1,5KRF.B,B,B,PASS,
5KRF,5KRF_1,1,5KRF.A,A,A,PASS,
5KRH,5KRH_1,1,5KRH.B,B,B,PASS,
5KRH,5KRH_1,1,5KRH.A,A,A,PASS,
5KRI,5KRI_1,1,5KRI.B,B,B,PASS,
5KRI,5KRI_1,1,5KRI.A,A,A,PASS,
5KRJ,5KRJ_1,1,5KRJ.B,B,B,PASS,
5KRJ,5KRJ_1,1,5KRJ.A,A,A,PASS,
5KRK,5KRK_1,1,5KRK.B,B,B,PASS,
5KRK,5KRK_1,1,5KRK.A,A,A,PASS,
5KRL,5KRL_1,1,5KRL.B,B,B,PASS,
5KRL,5KRL_1,1,5KRL.A,A,A,PASS,
5KRM,5KRM_1,1,5KRM.B,B,B,PASS,
5KRM,5KRM_1,1,5KRM.A,A,A,PASS,
5KRO,5KRO_1,1,5KRO.B,B,B,PASS,
5KRO,5KRO_1,1,5KRO.A,A,A,PASS,
5KYA,5KYA_1,1,5KYA.C,C,E,PASS,
5KYA,5KYA_1,1,5KYA.A,A,A,PASS,
5KYA,5KYA_2,2,5KYA.D,D,F,PASS,
5KYA,5KYA_2,2,5KYA.B,B,B,PASS,
5KYJ,5KYJ_1,1,5KYJ.C,C,E,PASS,
5KYJ,5KYJ_1,1,5KYJ.A,A,A,PASS,
5KYJ,5KYJ_2,2,5KYJ.D,D,F,PASS,
5KYJ,5KYJ_2,2,5KYJ.B,B,B,PASS,
5L0M,5L0M_1,1,5L0M.A,A,A,PASS,
5L11,5L11_1,1,5L11.A,A,A,PASS,
5L7E,5L7E_1,1,5L7E.A,A,A,PASS,
5L7G,5L7G_1,1,5L7G.A,A,A,PASS,
5L7H,5L7H_1,1,5L7H.A,A,A,PASS,
5LSG,5LSG_1,1,5LSG.B,B,B,PASS,
5LSG,5LSG_1,1,5LSG.A,A,A,PASS,
5LWP,5LWP_1,1,5LWP.A,A,A,PASS,
5LYQ,5LYQ_1,1,5LYQ.A,A,A,PASS,
5M24,5M24_1,1,5M24.A,A,A,PASS,
5M96,5M96_1,1,5M96.B,B,B,PASS,
5M96,5M96_1,1,5M96.A,A,A,PASS,
5MJ5,5MJ5_1,1,5MJ5.A,A,A,PASS,
5MK4,5MK4_1,1,5MK4.C,C,C,PASS,
5MK4,5MK4_1,1,5MK4.A,A,A,PASS,
5MKJ,5MKJ_1,1,5MKJ.A,A,A,PASS,
5MKU,5MKU_1,1,5MKU.A,A,A,PASS,
5MMW,5MMW_1,1,5MMW.A,A,A,PASS,
5MWP,5MWP_1,1,5MWP.A,A,A,PASS,
5MWY,5MWY_1,1,5MWY.A,A,A,PASS,
5N10,5N10_1,1,5N10.E,E,D,PASS,
5N10,5N10_1,1,5N10.D,D,C,PASS,
5N10,5N10_1,1,5N10.A,A,F,PASS,
5NFP,5NFP_1,1,5NFP.A,A,A,PASS,
5NFT,5NFT_1,1,5NFT.A,A,A,PASS,
5NI5,5NI5_1,1,5NI5.A,A,A,PASS,
5NI7,5NI7_1,1,5NI7.A,A,A,PASS,
5NI8,5NI8_1,1,5NI8.A,A,A,PASS,
5NIB,5NIB_1,1,5NIB.A,A,A,PASS,
5NTI,5NTI_1,1,5NTI.D,D,D,PASS,
5NTI,5NTI_1,1,5NTI.C,C,C,PASS,
5NTI,5NTI_1,1,5NTI.B,B,B,PASS,
5NTI,5NTI_1,1,5NTI.A,A,A,PASS,
5NTK,5NTK_1,1,5NTK.B,B,B,PASS,
5NTK,5NTK_1,1,5NTK.A,A,A,PASS,
5NTN,5NTN_1,1,5NTN.D,D,D,PASS,
5NTN,5NTN_1,1,5NTN.C,C,C,PASS,
5NTN,5NTN_1,1,5NTN.B,B,B,PASS,
5NTN,5NTN_1,1,5NTN.A,A,A,PASS,
5NTP,5NTP_1,1,5NTP.A,A,A,PASS,
5NTQ,5NTQ_1,1,5NTQ.B,B,B,PASS,
5NTQ,5NTQ_1,1,5NTQ.A,A,A,PASS,
5NTW,5NTW_1,1,5NTW.D,D,D,PASS,
5NTW,5NTW_1,1,5NTW.C,C,C,PASS,
5NTW,5NTW_1,1,5NTW.B,B,B,PASS,
5NTW,5NTW_1,1,5NTW.A,A,A,PASS,
5NU1,5NU1_1,1,5NU1.B,B,B,PASS,
5NU1,5NU1_1,1,5NU1.A,A,A,PASS,
5Q0I,5Q0I_1,1,5Q0I.A,A,A,PASS,
5Q0J,5Q0J_1,1,5Q0J.C,C,C,PASS,
5Q0J,5Q0J_1,1,5Q0J.A,A,A,PASS,
5Q0K,5Q0K_1,1,5Q0K.A,A,A,PASS,
5Q0L,5Q0L_1,1,5Q0L.C,C,C,PASS,
5Q0L,5Q0L_1,1,5Q0L.A,A,A,PASS,
5Q0M,5Q0M_1,1,5Q0M.A,A,A,PASS,
5Q0N,5Q0N_1,1,5Q0N.C,C,C,PASS,
5Q0N,5Q0N_1,1,5Q0N.A,A,A,PASS,
5Q0O,5Q0O_1,1,5Q0O.C,C,C,PASS,
5Q0O,5Q0O_1,1,5Q0O.A,A,A,PASS,
5Q0P,5Q0P_1,1,5Q0P.C,C,C,PASS,
5Q0P,5Q0P_1,1,5Q0P.A,A,A,PASS,
5Q0Q,5Q0Q_1,1,5Q0Q.C,C,C,PASS,
5Q0Q,5Q0Q_1,1,5Q0Q.A,A,A,PASS,
5Q0R,5Q0R_1,1,5Q0R.A,A,A,PASS,
5Q0S,5Q0S_1,1,5Q0S.C,C,C,PASS,
5Q0S,5Q0S_1,1,5Q0S.A,A,A,PASS,
5Q0T,5Q0T_1,1,5Q0T.A,A,A,PASS,
5Q0U,5Q0U_1,1,5Q0U.C,C,C,PASS,
5Q0U,5Q0U_1,1,5Q0U.A,A,A,PASS,
5Q0V,5Q0V_1,1,5Q0V.C,C,C,PASS,
5Q0V,5Q0V_1,1,5Q0V.A,A,A,PASS,
5Q0W,5Q0W_1,1,5Q0W.A,A,A,PASS,
5Q0X,5Q0X_1,1,5Q0X.A,A,A,PASS,
5Q0Y,5Q0Y_1,1,5Q0Y.C,C,C,PASS,
5Q0Y,5Q0Y_1,1,5Q0Y.A,A,A,PASS,
5Q0Z,5Q0Z_1,1,5Q0Z.C,C,C,PASS,
5Q0Z,5Q0Z_1,1,5Q0Z.A,A,A,PASS,
5Q10,5Q10_1,1,5Q10.A,A,A,PASS,
5Q11,5Q11_1,1,5Q11.A,A,A,PASS,
5Q12,5Q12_1,1,5Q12.A,A,A,PASS,
5Q13,5Q13_1,1,5Q13.C,C,C,PASS,
5Q13,5Q13_1,1,5Q13.A,A,A,PASS,
5Q14,5Q14_1,1,5Q14.C,C,C,PASS,
5Q14,5Q14_1,1,5Q14.A,A,A,PASS,
5Q15,5Q15_1,1,5Q15.C,C,C,PASS,
5Q15,5Q15_1,1,5Q15.A,A,A,PASS,
5Q16,5Q16_1,1,5Q16.C,C,C,PASS,
5Q16,5Q16_1,1,5Q16.A,A,A,PASS,
5Q17,5Q17_1,1,5Q17.A,A,A,PASS,
5Q18,5Q18_1,1,5Q18.C,C,C,PASS,
5Q18,5Q18_1,1,5Q18.A,A,A,PASS,
5Q19,5Q19_1,1,5Q19.C,C,C,PASS,
5Q19,5Q19_1,1,5Q19.A,A,A,PASS,
5Q1A,5Q1A_1,1,5Q1A.C,C,C,PASS,
5Q1A,5Q1A_1,1,5Q1A.A,A,A,PASS,
5Q1B,5Q1B_1,1,5Q1B.C,C,C,PASS,
5Q1B,5Q1B_1,1,5Q1B.A,A,A,PASS,
5Q1C,5Q1C_1,1,5Q1C.C,C,C,PASS,
5Q1C,5Q1C_1,1,5Q1C.A,A,A,PASS,
5Q1D,5Q1D_1,1,5Q1D.C,C,C,PASS,
5Q1D,5Q1D_1,1,5Q1D.A,A,A,PASS,
5Q1E,5Q1E_1,1,5Q1E.A,A,A,PASS,
5Q1F,5Q1F_1,1,5Q1F.C,C,C,PASS,
5Q1F,5Q1F_1,1,5Q1F.A,A,A,PASS,
5Q1G,5Q1G_1,1,5Q1G.A,A,A,PASS,
5Q1H,5Q1H_1,1,5Q1H.G,G,G,PASS,
5Q1H,5Q1H_1,1,5Q1H.E,E,E,PASS,
5Q1H,5Q1H_1,1,5Q1H.C,C,C,PASS,
5Q1H,5Q1H_1,1,5Q1H.A,A,A,PASS,
5Q1I,5Q1I_1,1,5Q1I.A,A,A,PASS,
5SYZ,5SYZ_1,1,5SYZ.A,A,A,PASS,
5T0X,5T0X_2,2,5T0X.C,C,C,PASS,
5T0X,5T0X_2,2,5T0X.B,B,B,PASS,
5T1Z,5T1Z_1,1,5T1Z.B,B,B,PASS,
5T1Z,5T1Z_1,1,5T1Z.A,A,A,PASS,
5T8E,5T8E_1,1,5T8E.A,A,A,PASS,
5T8J,5T8J_1,1,5T8J.A,A,A,PASS,
5T92,5T92_1,1,5T92.B,B,B,PASS,
5T92,5T92_1,1,5T92.A,A,A,PASS,
5T97,5T97_1,1,5T97.B,B,B,PASS,
5T97,5T97_1,1,5T97.A,A,A,PASS,
5TBP,5TBP_1,1,5TBP.D,D,D,PASS,
5TBP,5TBP_1,1,5TBP.C,C,C,PASS,
5TBP,5TBP_1,1,5TBP.B,B,B,PASS,
5TBP,5TBP_1,1,5TBP.A,A,A,PASS,
5TLD,5TLD_1,1,5TLD.B,B,B,PASS,
5TLD,5TLD_1,1,5TLD.A,A,A,PASS,
5TLF,5TLF_1,1,5TLF.B,B,B,PASS,
5TLF,5TLF_1,1,5TLF.A,A,A,PASS,
5TLG,5TLG_1,1,5TLG.B,B,B,PASS,
5TLG,5TLG_1,1,5TLG.A,A,A,PASS,
5TLL,5TLL_1,1,5TLL.B,B,B,PASS,
5TLL,5TLL_1,1,5TLL.A,A,A,PASS,
5TLM,5TLM_1,1,5TLM.B,B,B,PASS,
5TLM,5TLM_1,1,5TLM.A,A,A,PASS,
5TLO,5TLO_1,1,5TLO.B,B,B,PASS,
5TLO,5TLO_1,1,5TLO.A,A,A,PASS,
5TLP,5TLP_1,1,5TLP.B,B,B,PASS,
5TLP,5TLP_1,1,5TLP.A,A,A,PASS,
5TLT,5TLT_1,1,5TLT.B,B,B,PASS,
5TLT,5TLT_1,1,5TLT.A,A,A,PASS,
5TLU,5TLU_1,1,5TLU.B,B,B,PASS,
5TLU,5TLU_1,1,5TLU.A,A,A,PASS,
5TLV,5TLV_1,1,5TLV.B,B,B,PASS,
5TLV,5TLV_1,1,5TLV.A,A,A,PASS,
5TLX,5TLX_1,1,5TLX.B,B,B,PASS,
5TLX,5TLX_1,1,5TLX.A,A,A,PASS,
5TLY,5TLY_1,1,5TLY.B,B,B,PASS,
5TLY,5TLY_1,1,5TLY.A,A,A,PASS,
5TM1,5TM1_1,1,5TM1.B,B,B,PASS,
5TM1,5TM1_1,1,5TM1.A,A,A,PASS,
5TM2,5TM2_1,1,5TM2.B,B,B,PASS,
5TM2,5TM2_1,1,5TM2.A,A,A,PASS,
5TM3,5TM3_1,1,5TM3.B,B,B,PASS,
5TM3,5TM3_1,1,5TM3.A,A,A,PASS,
5TM4,5TM4_1,1,5TM4.B,B,B,PASS,
5TM4,5TM4_1,1,5TM4.A,A,A,PASS,
5TM5,5TM5_1,1,5TM5.B,B,B,PASS,
5TM5,5TM5_1,1,5TM5.A,A,A,PASS,
5TM6,5TM6_1,1,5TM6.B,B,B,PASS,
5TM6,5TM6_1,1,5TM6.A,A,A,PASS,
5TM7,5TM7_1,1,5TM7.B,B,B,PASS,
5TM7,5TM7_1,1,5TM7.A,A,A,PASS,
5TM8,5TM8_1,1,5TM8.B,B,B,PASS,
5TM8,5TM8_1,1,5TM8.A,A,A,PASS,
5TM9,5TM9_1,1,5TM9.B,B,B,PASS,
5TM9,5TM9_1,1,5TM9.A,A,A,PASS,
5TML,5TML_1,1,5TML.B,B,B,PASS,
5TML,5TML_1,1,5TML.A,A,A,PASS,
5TMM,5TMM_1,1,5TMM.B,B,B,PASS,
5TMM,5TMM_1,1,5TMM.A,A,A,PASS,
5TMO,5TMO_1,1,5TMO.B,B,B,PASS,
5TMO,5TMO_1,1,5TMO.A,A,A,PASS,
5TMQ,5TMQ_1,1,5TMQ.B,B,B,PASS,
5TMQ,5TMQ_1,1,5TMQ.A,A,A,PASS,
5TMR,5TMR_1,1,5TMR.C,C,B,PASS,
5TMR,5TMR_1,1,5TMR.A,A,A,PASS,
5TMS,5TMS_1,1,5TMS.B,B,B,PASS,
5TMS,5TMS_1,1,5TMS.A,A,A,PASS,
5TMT,5TMT_1,1,5TMT.B,B,B,PASS,
5TMT,5TMT_1,1,5TMT.A,A,A,PASS,
5TMU,5TMU_1,1,5TMU.C,C,B,PASS,
5TMU,5TMU_1,1,5TMU.A,A,A,PASS,
5TMV,5TMV_1,1,5TMV.B,B,B,PASS,
5TMV,5TMV_1,1,5TMV.A,A,A,PASS,
5TMW,5TMW_1,1,5TMW.C,C,B,PASS,
5TMW,5TMW_1,1,5TMW.A,A,A,PASS,
5TMZ,5TMZ_1,1,5TMZ.C,C,B,PASS,
5TMZ,5TMZ_1,1,5TMZ.A,A,A,PASS,
5TN1,5TN1_1,1,5TN1.B,B,B,PASS,
5TN1,5TN1_1,1,5TN1.A,A,A,PASS,
5TN3,5TN3_1,1,5TN3.B,B,B,PASS,
5TN3,5TN3_1,1,5TN3.A,A,A,PASS,
5TN4,5TN4_1,1,5TN4.B,B,B,PASS,
5TN4,5TN4_1,1,5TN4.A,A,A,PASS,
5TN5,5TN5_1,1,5TN5.B,B,B,PASS,
5TN5,5TN5_1,1,5TN5.A,A,A,PASS,
5TN6,5TN6_1,1,5TN6.B,B,B,PASS,
5TN6,5TN6_1,1,5TN6.A,A,A,PASS,
5TN7,5TN7_1,1,5TN7.B,B,B,PASS,
5TN7,5TN7_1,1,5TN7.A,A,A,PASS,
5TN8,5TN8_1,1,5TN8.B,B,B,PASS,
5TN8,5TN8_1,1,5TN8.A,A,A,PASS,
5TN9,5TN9_1,1,5TN9.D,D,D,PASS,
5TN9,5TN9_1,1,5TN9.C,C,C,PASS,
5TN9,5TN9_1,1,5TN9.B,B,B,PASS,
5TN9,5TN9_1,1,5TN9.A,A,A,PASS,
5TNB,5TNB_1,1,5TNB.D,D,D,PASS,
5TNB,5TNB_1,1,5TNB.C,C,C,PASS,
5TNB,5TNB_1,1,5TNB.B,B,B,PASS,
5TNB,5TNB_1,1,5TNB.A,A,A,PASS,
5TOA,5TOA_1,1,5TOA.B,B,B,PASS,
5TOA,5TOA_1,1,5TOA.A,A,A,PASS,
5TTO,5TTO_1,1,5TTO.B,B,B,PASS,
5TTO,5TTO_1,1,5TTO.A,A,A,PASS,
5TWO,5TWO_1,1,5TWO.A,A,A,PASS,
5U2B,5U2B_1,1,5U2B.F,F,F,PASS,
5U2B,5U2B_1,1,5U2B.E,E,E,PASS,
5U2B,5U2B_1,1,5U2B.D,D,D,PASS,
5U2B,5U2B_1,1,5U2B.C,C,C,PASS,
5U2B,5U2B_1,1,5U2B.B,B,B,PASS,
5U2B,5U2B_1,1,5U2B.A,A,A,PASS,
5U2D,5U2D_1,1,5U2D.B,B,B,PASS,
5U2D,5U2D_1,1,5U2D.A,A,A,PASS,
5U3Q,5U3Q_1,1,5U3Q.B,B,B,PASS,
5U3Q,5U3Q_1,1,5U3Q.A,A,A,PASS,
5U3R,5U3R_1,1,5U3R.B,B,B,PASS,
5U3R,5U3R_1,1,5U3R.A,A,A,PASS,
5U3S,5U3S_1,1,5U3S.B,B,B,PASS,
5U3S,5U3S_1,1,5U3S.A,A,A,PASS,
5U3T,5U3T_1,1,5U3T.B,B,B,PASS,
5U3T,5U3T_1,1,5U3T.A,A,A,PASS,
5U3U,5U3U_1,1,5U3U.B,B,B,PASS,
5U3U,5U3U_1,1,5U3U.A,A,A,PASS,
5U3V,5U3V_1,1,5U3V.B,B,B,PASS,
5U3V,5U3V_1,1,5U3V.A,A,A,PASS,
5U3W,5U3W_1,1,5U3W.B,B,B,PASS,
5U3W,5U3W_1,1,5U3W.A,A,A,PASS,
5U3X,5U3X_1,1,5U3X.B,B,B,PASS,
5U3X,5U3X_1,1,5U3X.A,A,A,PASS,
5U3Y,5U3Y_1,1,5U3Y.B,B,B,PASS,
5U3Y,5U3Y_1,1,5U3Y.A,A,A,PASS,
5U3Z,5U3Z_1,1,5U3Z.B,B,B,PASS,
5U3Z,5U3Z_1,1,5U3Z.A,A,A,PASS,
5U40,5U40_1,1,5U40.B,B,B,PASS,
5U40,5U40_1,1,5U40.A,A,A,PASS,
5U41,5U41_1,1,5U41.B,B,B,PASS,
5U41,5U41_1,1,5U41.A,A,A,PASS,
5U42,5U42_1,1,5U42.B,B,B,PASS,
5U42,5U42_1,1,5U42.A,A,A,PASS,
5U43,5U43_1,1,5U43.B,B,B,PASS,
5U43,5U43_1,1,5U43.A,A,A,PASS,
5U44,5U44_1,1,5U44.B,B,B,PASS,
5U44,5U44_1,1,5U44.A,A,A,PASS,
5U45,5U45_1,1,5U45.B,B,B,PASS,
5U45,5U45_1,1,5U45.A,A,A,PASS,
5U46,5U46_1,1,5U46.B,B,B,PASS,
5U46,5U46_1,1,5U46.A,A,A,PASS,
5U5L,5U5L_1,1,5U5L.B,B,B,PASS,
5U5L,5U5L_1,1,5U5L.A,A,A,PASS,
5UAN,5UAN_1,1,5UAN.A,A,A,PASS,
5UAN,5UAN_2,2,5UAN.B,B,B,PASS,
5UC3,5UC3_1,1,5UC3.B,B,B,PASS,
5UC3,5UC3_1,1,5UC3.A,A,A,PASS,
5UFO,5UFO_1,1,5UFO.A,A,A,PASS,
5UFR,5UFR_1,1,5UFR.B,B,B,PASS,
5UFR,5UFR_1,1,5UFR.A,A,A,PASS,
5UFS,5UFS_2,2,5UFS.D,D,D,PASS,
5UFS,5UFS_2,2,5UFS.C,C,C,PASS,
5UFW,5UFW_1,1,5UFW.B,B,B,PASS,
5UFW,5UFW_1,1,5UFW.A,A,A,PASS,
5UFX,5UFX_1,1,5UFX.B,B,B,PASS,
5UFX,5UFX_1,1,5UFX.A,A,A,PASS,
5UGM,5UGM_1,1,5UGM.B,B,B,PASS,
5UGM,5UGM_1,1,5UGM.A,A,A,PASS,
5UHI,5UHI_1,1,5UHI.B,B,B,PASS,
5UHI,5UHI_1,1,5UHI.A,A,A,PASS,
5UNJ,5UNJ_1,1,5UNJ.A,A,A,PASS,
5V39,5V39_1,1,5V39.A,A,A,PASS,
5V8Q,5V8Q_1,1,5V8Q.A,A,A,PASS,
5VA0,5VA0_1,1,5VA0.D,D,B,PASS,
5VA0,5VA0_1,1,5VA0.A,A,A,PASS,
5VA7,5VA7_1,1,5VA7.D,D,B,PASS,
5VA7,5VA7_1,1,5VA7.A,A,A,PASS,
5VB3,5VB3_1,1,5VB3.A,A,A,PASS,
5VB5,5VB5_1,1,5VB5.A,A,A,PASS,
5VB6,5VB6_1,1,5VB6.A,A,A,PASS,
5VB7,5VB7_1,1,5VB7.A,A,A,PASS,
5VO4,5VO4_1,1,5VO4.A,A,A,PASS,
5VQK,5VQK_1,1,5VQK.A,A,A,PASS,
5VQL,5VQL_1,1,5VQL.A,A,A,PASS,
5W4R,5W4R_1,1,5W4R.B,B,B,PASS,
5W4R,5W4R_1,1,5W4R.A,A,A,PASS,
5W4V,5W4V_1,1,5W4V.F,F,F,PASS,
5W4V,5W4V_1,1,5W4V.E,E,E,PASS,
5W4V,5W4V_1,1,5W4V.D,D,D,PASS,
5W4V,5W4V_1,1,5W4V.C,C,C,PASS,
5W4V,5W4V_1,1,5W4V.B,B,B,PASS,
5W4V,5W4V_1,1,5W4V.A,A,A,PASS,
5W9C,5W9C_1,1,5W9C.D,D,D,PASS,
5W9C,5W9C_1,1,5W9C.C,C,C,PASS,
5W9C,5W9C_1,1,5W9C.B,B,B,PASS,
5W9C,5W9C_1,1,5W9C.A,A,A,PASS,
5W9D,5W9D_1,1,5W9D.B,B,B,PASS,
5W9D,5W9D_1,1,5W9D.A,A,A,PASS,
5WGD,5WGD_1,1,5WGD.B,B,B,PASS,
5WGD,5WGD_1,1,5WGD.A,A,A,PASS,
5WGQ,5WGQ_1,1,5WGQ.B,B,B,PASS,
5WGQ,5WGQ_1,1,5WGQ.A,A,A,PASS,
5WQX,5WQX_1,1,5WQX.B,B,B,PASS,
5WQX,5WQX_1,1,5WQX.A,A,A,PASS,
5WR0,5WR0_1,1,5WR0.B,B,B,PASS,
5WR0,5WR0_1,1,5WR0.A,A,A,PASS,
5WR1,5WR1_1,1,5WR1.B,B,B,PASS,
5WR1,5WR1_1,1,5WR1.A,A,A,PASS,
5WZX,5WZX_1,1,5WZX.B,B,B,PASS,
5WZX,5WZX_1,1,5WZX.A,A,A,PASS,
5X0R,5X0R_1,1,5X0R.B,B,B,PASS,
5X0R,5X0R_1,1,5X0R.A,A,A,PASS,
5X8Q,5X8Q_1,1,5X8Q.G,G,G,PASS,
5X8Q,5X8Q_1,1,5X8Q.E,E,E,PASS,
5X8Q,5X8Q_1,1,5X8Q.C,C,C,PASS,
5X8Q,5X8Q_1,1,5X8Q.A,A,A,PASS,
5XMX,5XMX_1,1,5XMX.B,B,B,PASS,
5XMX,5XMX_1,1,5XMX.A,A,A,PASS,
5Y1J,5Y1J_1,1,5Y1J.A,A,A,PASS,
5Y2O,5Y2O_1,1,5Y2O.B,B,B,PASS,
5Y2O,5Y2O_1,1,5Y2O.A,A,A,PASS,
5Y2T,5Y2T_1,1,5Y2T.B,B,B,PASS,
5Y2T,5Y2T_1,1,5Y2T.A,A,A,PASS,
5Y41,5Y41_1,1,5Y41.B,B,B,PASS,
5Y41,5Y41_1,1,5Y41.A,A,A,PASS,
5Y44,5Y44_1,1,5Y44.A,A,A,PASS,
5Y49,5Y49_1,1,5Y49.B,B,B,PASS,
5Y49,5Y49_1,1,5Y49.A,A,A,PASS,
5Y7X,5Y7X_1,1,5Y7X.B,B,B,PASS,
5Y7X,5Y7X_1,1,5Y7X.A,A,A,PASS,
5YCN,5YCN_1,1,5YCN.A,A,A,PASS,
5YCP,5YCP_1,1,5YCP.A,A,A,PASS,
5YD6,5YD6_1,1,5YD6.D,D,D,PASS,
5YD6,5YD6_1,1,5YD6.C,C,C,PASS,
5YD6,5YD6_1,1,5YD6.B,B,B,PASS,
5YD6,5YD6_1,1,5YD6.A,A,A,PASS,
5YP5,5YP5_1,1,5YP5.A,A,A,PASS,
5YP6,5YP6_1,1,5YP6.A,A,A,PASS,
5YSO,5YSO_1,1,5YSO.C,C,C,PASS,
5YSO,5YSO_1,1,5YSO.B,B,B,PASS,
5YSO,5YSO_1,1,5YSO.A,A,A,PASS,
5YSY,5YSY_1,1,5YSY.A,A,A,PASS,
5YT2,5YT2_1,1,5YT2.A,A,A,PASS,
5YXB,5YXB_1,1,5YXB.A,A,A,PASS,
5YXD,5YXD_1,1,5YXD.A,A,A,PASS,
5YXJ,5YXJ_1,1,5YXJ.B,B,B,PASS,
5YXJ,5YXJ_1,1,5YXJ.A,A,A,PASS,
5YXL,5YXL_1,1,5YXL.C,C,C,PASS,
5YXL,5YXL_1,1,5YXL.A,A,A,PASS,
5Z12,5Z12_1,1,5Z12.E,E,D,PASS,
5Z12,5Z12_1,1,5Z12.A,A,A,PASS,
5Z12,5Z12_2,2,5Z12.G,G,B,PASS,
5Z12,5Z12_2,2,5Z12.B,B,C,PASS,
5Z5S,5Z5S_1,1,5Z5S.A,A,A,PASS,
5Z6S,5Z6S_1,1,5Z6S.A,A,A,PASS,
5ZA1,5ZA1_1,1,5ZA1.B,B,B,PASS,
5ZA1,5ZA1_1,1,5ZA1.A,A,A,PASS,
5ZQU,5ZQU_1,1,5ZQU.D,D,D,PASS,
5ZQU,5ZQU_1,1,5ZQU.C,C,C,PASS,
5ZQU,5ZQU_1,1,5ZQU.B,B,B,PASS,
5ZQU,5ZQU_1,1,5ZQU.A,A,A,PASS,
5ZXI,5ZXI_1,1,5ZXI.B,B,B,PASS,
5ZXI,5ZXI_1,1,5ZXI.A,A,A,PASS,
6A22,6A22_1,1,6A22.G,G,G,PASS,
6A22,6A22_1,1,6A22.E,E,E,PASS,
6A22,6A22_1,1,6A22.C,C,C,PASS,
6A22,6A22_1,1,6A22.A,A,A,PASS,
6A5W,6A5W_1,1,6A5W.C,C,C,PASS,
6A5W,6A5W_1,1,6A5W.A,A,A,PASS,
6A5X,6A5X_1,1,6A5X.A,A,A,PASS,
6A5Y,6A5Y_1,1,6A5Y.A,A,A,PASS,
6A5Y,6A5Y_3,3,6A5Y.C,C,D,PASS,
6A5Z,6A5Z_1,1,6A5Z.C,C,H,PASS,
6A5Z,6A5Z_1,1,6A5Z.A,A,A,PASS,
6A5Z,6A5Z_2,2,6A5Z.D,D,L,PASS,
6A5Z,6A5Z_2,2,6A5Z.B,B,D,PASS,
6A60,6A60_1,1,6A60.A,A,A,PASS,
6A60,6A60_3,3,6A60.C,C,D,PASS,
6A6K,6A6K_1,1,6A6K.C,C,C,PASS,
6A6K,6A6K_1,1,6A6K.B,B,B,PASS,
6A6K,6A6K_1,1,6A6K.A,A,A,PASS,
6A6P,6A6P_1,1,6A6P.B,B,B,PASS,
6A6P,6A6P_1,1,6A6P.A,A,A,PASS,
6AD9,6AD9_1,1,6AD9.A,A,A,PASS,
6AN1,6AN1_1,1,6AN1.B,B,B,PASS,
6AN1,6AN1_1,1,6AN1.A,A,A,PASS,
6AUG,6AUG_1,1,6AUG.B,B,B,PASS,
6AUG,6AUG_1,1,6AUG.A,A,A,PASS,
6AVI,6AVI_1,1,6AVI.B,B,B,PASS,
6AVI,6AVI_1,1,6AVI.A,A,A,PASS,
6B0F,6B0F_1,1,6B0F.B,B,B,PASS,
6B0F,6B0F_1,1,6B0F.A,A,A,PASS,
6B30,6B30_1,1,6B30.B,B,B,PASS,
6B30,6B30_1,1,6B30.A,A,A,PASS,
6B31,6B31_1,1,6B31.B,B,B,PASS,
6B31,6B31_1,1,6B31.A,A,A,PASS,
6B33,6B33_1,1,6B33.B,B,B,PASS,
6B33,6B33_1,1,6B33.A,A,A,PASS,
6BN6,6BN6_1,1,6BN6.B,B,B,PASS,
6BN6,6BN6_1,1,6BN6.A,A,A,PASS,
6BNS,6BNS_1,1,6BNS.B,B,B,PASS,
6BNS,6BNS_1,1,6BNS.A,A,A,PASS,
6BQU,6BQU_1,1,6BQU.D,D,A,PASS,
6BQU,6BQU_1,1,6BQU.A,A,B,PASS,
6BR2,6BR2_1,1,6BR2.B,B,B,PASS,
6BR2,6BR2_1,1,6BR2.A,A,A,PASS,
6BR3,6BR3_1,1,6BR3.B,B,B,PASS,
6BR3,6BR3_1,1,6BR3.A,A,A,PASS,
6C1I,6C1I_1,1,6C1I.B,B,B,PASS,
6C1I,6C1I_1,1,6C1I.A,A,A,PASS,
6C42,6C42_1,1,6C42.B,B,B,PASS,
6C42,6C42_1,1,6C42.A,A,A,PASS,
6C5Q,6C5Q_1,1,6C5Q.A,A,A,PASS,
6C5T,6C5T_1,1,6C5T.A,A,A,PASS,
6CBZ,6CBZ_1,1,6CBZ.A,A,A,PASS,
6CBZ,6CBZ_2,2,6CBZ.B,B,B,PASS,
6CFN,6CFN_1,1,6CFN.H,H,H,PASS,
6CFN,6CFN_1,1,6CFN.G,G,G,PASS,
6CFN,6CFN_1,1,6CFN.F,F,F,PASS,
6CFN,6CFN_1,1,6CFN.E,E,E,PASS,
6CFN,6CFN_1,1,6CFN.D,D,D,PASS,
6CFN,6CFN_1,1,6CFN.C,C,C,PASS,
6CFN,6CFN_1,1,6CFN.B,B,B,PASS,
6CFN,6CFN_1,1,6CFN.A,A,A,PASS,
6CHT,6CHT_1,1,6CHT.T,T,W,PASS,
6CHT,6CHT_1,1,6CHT.S,S,V,PASS,
6CHT,6CHT_1,1,6CHT.R,R,T,PASS,
6CHT,6CHT_1,1,6CHT.Q,Q,S,PASS,
6CHT,6CHT_1,1,6CHT.P,P,Q,PASS,
6CHT,6CHT_1,1,6CHT.O,O,P,PASS,
6CHT,6CHT_1,1,6CHT.N,N,N,PASS,
6CHT,6CHT_1,1,6CHT.M,M,M,PASS,
6CHT,6CHT_1,1,6CHT.K,K,K,PASS,
6CHT,6CHT_1,1,6CHT.J,J,J,PASS,
6CHT,6CHT_1,1,6CHT.H,H,H,PASS,
6CHT,6CHT_1,1,6CHT.G,G,G,PASS,
6CHT,6CHT_1,1,6CHT.E,E,E,PASS,
6CHT,6CHT_1,1,6CHT.D,D,D,PASS,
6CHT,6CHT_1,1,6CHT.B,B,B,PASS,
6CHT,6CHT_1,1,6CHT.A,A,A,PASS,
6CHW,6CHW_1,1,6CHW.A,A,A,PASS,
6CHZ,6CHZ_1,1,6CHZ.A,A,A,PASS,
6CN5,6CN5_1,1,6CN5.B,B,B,PASS,
6CN5,6CN5_1,1,6CN5.A,A,A,PASS,
6CN6,6CN6_1,1,6CN6.A,A,A,PASS,
6CVH,6CVH_1,1,6CVH.A,A,A,PASS,
6CZN,6CZN_1,1,6CZN.B,B,B,PASS,
6CZN,6CZN_1,1,6CZN.A,A,A,PASS,
6D0F,6D0F_1,1,6D0F.B,B,B,PASS,
6D0F,6D0F_1,1,6D0F.A,A,A,PASS,
6D3E,6D3E_1,1,6D3E.B,B,B,PASS,
6D3E,6D3E_1,1,6D3E.A,A,A,PASS,
6D8X,6D8X_1,1,6D8X.A,A,A,PASS,
6D94,6D94_1,1,6D94.A,A,A,PASS,
6DBH,6DBH_1,1,6DBH.B,B,B,PASS,
6DBH,6DBH_1,1,6DBH.A,A,A,PASS,
6DCU,6DCU_1,1,6DCU.B,B,B,PASS,
6DCU,6DCU_1,1,6DCU.A,A,A,PASS,
6DDA,6DDA_1,1,6DDA.C,C,C,PASS,
6DDA,6DDA_1,1,6DDA.A,A,B,PASS,
6DDA,6DDA_2,2,6DDA.B,B,A,PASS,
6DF6,6DF6_1,1,6DF6.D,D,D,PASS,
6DF6,6DF6_1,1,6DF6.C,C,C,PASS,
6DF6,6DF6_1,1,6DF6.B,B,B,PASS,
6DF6,6DF6_1,1,6DF6.A,A,A,PASS,
6DFN,6DFN_1,1,6DFN.D,D,D,PASS,
6DFN,6DFN_1,1,6DFN.C,C,C,PASS,
6DFN,6DFN_1,1,6DFN.B,B,B,PASS,
6DFN,6DFN_1,1,6DFN.A,A,A,PASS,
6DGL,6DGL_1,1,6DGL.B,B,B,PASS,
6DGL,6DGL_1,1,6DGL.A,A,A,PASS,
6DGO,6DGO_1,1,6DGO.B,B,B,PASS,
6DGO,6DGO_1,1,6DGO.A,A,A,PASS,
6DGP,6DGP_1,1,6DGP.B,B,B,PASS,
6DGP,6DGP_1,1,6DGP.A,A,A,PASS,
6DGQ,6DGQ_1,1,6DGQ.B,B,B,PASS,
6DGQ,6DGQ_1,1,6DGQ.A,A,A,PASS,
6DGR,6DGR_1,1,6DGR.B,B,B,PASS,
6DGR,6DGR_1,1,6DGR.A,A,A,PASS,
6DH9,6DH9_1,1,6DH9.B,B,B,PASS,
6DH9,6DH9_1,1,6DH9.A,A,A,PASS,
6DHA,6DHA_1,1,6DHA.B,B,B,PASS,
6DHA,6DHA_1,1,6DHA.A,A,A,PASS,
6DUP,6DUP_1,1,6DUP.B,B,B,PASS,
6DUP,6DUP_1,1,6DUP.A,A,A,PASS,
6DXK,6DXK_1,1,6DXK.B,B,B,PASS,
6DXK,6DXK_1,1,6DXK.A,A,A,PASS,
6E3E,6E3E_1,1,6E3E.B,B,B,PASS,
6E3E,6E3E_1,1,6E3E.A,A,A,PASS,
6E3G,6E3G_1,1,6E3G.C,C,B,PASS,
6E3G,6E3G_1,1,6E3G.A,A,A,PASS,
6E5A,6E5A_1,1,6E5A.B,B,B,PASS,
6E5A,6E5A_1,1,6E5A.A,A,A,PASS,
6EL6,6EL6_1,1,6EL6.A,A,A,PASS,
6EL7,6EL7_1,1,6EL7.A,A,A,PASS,
6EL9,6EL9_1,1,6EL9.A,A,A,PASS,
6ENQ,6ENQ_1,1,6ENQ.B,B,B,PASS,
6ENQ,6ENQ_1,1,6ENQ.A,A,A,PASS,
6ESN,6ESN_1,1,6ESN.A,A,A,PASS,
6F2L,6F2L_1,1,6F2L.B,B,B,PASS,
6F2L,6F2L_1,1,6F2L.A,A,A,PASS,
6FBQ,6FBQ_1,1,6FBQ.B,B,B,PASS,
6FBQ,6FBQ_1,1,6FBQ.A,A,A,PASS,
6FBR,6FBR_1,1,6FBR.B,B,B,PASS,
6FBR,6FBR_1,1,6FBR.A,A,A,PASS,
6FGQ,6FGQ_1,1,6FGQ.B,B,B,PASS,
6FGQ,6FGQ_1,1,6FGQ.A,A,A,PASS,
6FX0,6FX0_1,1,6FX0.A,A,A,PASS,
6FZF,6FZF_1,1,6FZF.B,B,B,PASS,
6FZF,6FZF_1,1,6FZF.A,A,A,PASS,
6FZG,6FZG_1,1,6FZG.A,A,A,PASS,
6FZJ,6FZJ_1,1,6FZJ.B,B,B,PASS,
6FZJ,6FZJ_1,1,6FZJ.A,A,A,PASS,
6FZP,6FZP_1,1,6FZP.A,A,A,PASS,
6FZU,6FZU_1,1,6FZU.B,B,B,PASS,
6FZU,6FZU_1,1,6FZU.A,A,A,PASS,
6FZY,6FZY_1,1,6FZY.B,B,B,PASS,
6FZY,6FZY_1,1,6FZY.A,A,A,PASS,
6G05,6G05_1,1,6G05.B,B,B,PASS,
6G05,6G05_1,1,6G05.A,A,A,PASS,
6G07,6G07_1,1,6G07.G,G,D,PASS,
6G07,6G07_1,1,6G07.E,E,C,PASS,
6G07,6G07_1,1,6G07.C,C,B,PASS,
6G07,6G07_1,1,6G07.A,A,A,PASS,
6GEV,6GEV_1,1,6GEV.A,A,A,PASS,
6GG8,6GG8_1,1,6GG8.A,A,A,PASS,
6GGG,6GGG_1,1,6GGG.A,A,A,PASS,
6HHP,6HHP_2,2,6HHP.B,B,B,PASS,
6HJ2,6HJ2_1,1,6HJ2.A,A,A,PASS,
6HKB,6HKB_2,2,6HKB.B,B,B,PASS,
6HKF,6HKF_2,2,6HKF.B,B,B,PASS,
6HL0,6HL0_1,1,6HL0.A,A,A,PASS,
6HL1,6HL1_1,1,6HL1.A,A,A,PASS,
6HMU,6HMU_2,2,6HMU.B,B,B,PASS,
6HN6,6HN6_1,1,6HN6.A,A,A,PASS,
6HTY,6HTY_1,1,6HTY.B,B,B,PASS,
6HTY,6HTY_1,1,6HTY.A,A,A,PASS,
6I61,6I61_1,1,6I61.A,A,A,PASS,
6I62,6I62_1,1,6I62.A,A,A,PASS,
6I63,6I63_1,1,6I63.A,A,A,PASS,
6I64,6I64_1,1,6I64.A,A,A,PASS,
6I65,6I65_1,1,6I65.A,A,A,PASS,
6I66,6I66_1,1,6I66.A,A,A,PASS,
6I67,6I67_1,1,6I67.A,A,A,PASS,
6IAR,6IAR_1,1,6IAR.A,A,A,PASS,
6ICJ,6ICJ_1,1,6ICJ.A,A,A,PASS,
6IJR,6IJR_1,1,6IJR.C,C,C,PASS,
6IJR,6IJR_1,1,6IJR.A,A,A,PASS,
6IJS,6IJS_1,1,6IJS.A,A,A,PASS,
6ILQ,6ILQ_1,1,6ILQ.A,A,A,PASS,
6ITM,6ITM_1,1,6ITM.C,C,C,PASS,
6ITM,6ITM_1,1,6ITM.A,A,A,PASS,
6IVX,6IVX_1,1,6IVX.G,G,G,PASS,
6IVX,6IVX_1,1,6IVX.E,E,E,PASS,
6IVX,6IVX_1,1,6IVX.C,C,C,PASS,
6IVX,6IVX_1,1,6IVX.A,A,A,PASS,
6IZM,6IZM_1,1,6IZM.A,A,A,PASS,
6IZN,6IZN_1,1,6IZN.A,A,A,PASS,
6J1L,6J1L_1,1,6J1L.C,C,C,PASS,
6J1L,6J1L_1,1,6J1L.B,B,B,PASS,
6J1L,6J1L_1,1,6J1L.A,A,A,PASS,
6J3N,6J3N_1,1,6J3N.A,A,A,PASS,
6JEY,6JEY_1,1,6JEY.B,B,B,PASS,
6JEY,6JEY_1,1,6JEY.A,A,A,PASS,
6JF0,6JF0_1,1,6JF0.B,B,B,PASS,
6JF0,6JF0_1,1,6JF0.A,A,A,PASS,
6JIO,6JIO_1,1,6JIO.D,D,D,PASS,
6JIO,6JIO_1,1,6JIO.C,C,C,PASS,
6JIO,6JIO_1,1,6JIO.B,B,B,PASS,
6JIO,6JIO_1,1,6JIO.A,A,A,PASS,
6JNO,6JNO_1,1,6JNO.D,D,D,PASS,
6JNO,6JNO_1,1,6JNO.C,C,C,PASS,
6JNO,6JNO_1,1,6JNO.B,B,B,PASS,
6JNO,6JNO_1,1,6JNO.A,A,A,PASS,
6JNR,6JNR_1,1,6JNR.B,B,B,PASS,
6JNR,6JNR_1,1,6JNR.A,A,A,PASS,
6JQ7,6JQ7_1,1,6JQ7.A,A,A,PASS,
6K0T,6K0T_1,1,6K0T.C,C,C,PASS,
6K0T,6K0T_1,1,6K0T.A,A,A,PASS,
6K3N,6K3N_1,1,6K3N.A,A,A,PASS,
6K9G,6K9G_1,1,6K9G.D,D,D,PASS,
6K9G,6K9G_1,1,6K9G.C,C,C,PASS,
6K9G,6K9G_1,1,6K9G.B,B,B,PASS,
6K9G,6K9G_1,1,6K9G.A,A,A,PASS,
6K9H,6K9H_1,1,6K9H.B,B,B,PASS,
6K9H,6K9H_1,1,6K9H.A,A,A,PASS,
6K9M,6K9M_1,1,6K9M.D,D,D,PASS,
6K9M,6K9M_1,1,6K9M.C,C,C,PASS,
6K9M,6K9M_1,1,6K9M.B,B,B,PASS,
6K9M,6K9M_1,1,6K9M.A,A,A,PASS,
6KAX,6KAX_1,1,6KAX.A,A,A,PASS,
6KAY,6KAY_1,1,6KAY.A,A,A,PASS,
6KAZ,6KAZ_1,1,6KAZ.A,A,A,PASS,
6KB0,6KB0_1,1,6KB0.A,A,A,PASS,
6KB1,6KB1_1,1,6KB1.A,A,A,PASS,
6KB2,6KB2_1,1,6KB2.A,A,A,PASS,
6KB3,6KB3_1,1,6KB3.A,A,A,PASS,
6KB4,6KB4_1,1,6KB4.A,A,A,PASS,
6KB5,6KB5_1,1,6KB5.A,A,A,PASS,
6KB6,6KB6_1,1,6KB6.A,A,A,PASS,
6KB7,6KB7_1,1,6KB7.A,A,A,PASS,
6KB8,6KB8_1,1,6KB8.A,A,A,PASS,
6KB9,6KB9_1,1,6KB9.A,A,A,PASS,
6KBA,6KBA_1,1,6KBA.A,A,A,PASS,
6KKB,6KKB_1,1,6KKB.A,A,X,PASS,
6KKE,6KKE_1,1,6KKE.A,A,A,PASS,
6KNR,6KNR_1,1,6KNR.B,B,B,PASS,
6KNR,6KNR_1,1,6KNR.A,A,A,PASS,
6KNU,6KNU_1,1,6KNU.A,A,A,PASS,
6KNV,6KNV_1,1,6KNV.A,A,A,PASS,
6KNW,6KNW_1,1,6KNW.A,A,A,PASS,
6KTM,6KTM_1,1,6KTM.A,A,A,PASS,
6KTN,6KTN_1,1,6KTN.A,A,A,PASS,
6KXX,6KXX_1,1,6KXX.A,A,A,PASS,
6KXY,6KXY_1,1,6KXY.A,A,A,PASS,
6KYP,6KYP_1,1,6KYP.B,B,B,PASS,
6KYP,6KYP_1,1,6KYP.A,A,A,PASS,
6KZ5,6KZ5_1,1,6KZ5.B,B,B,PASS,
6KZ5,6KZ5_1,1,6KZ5.A,A,A,PASS,
6L36,6L36_1,1,6L36.B,B,B,PASS,
6L36,6L36_1,1,6L36.A,A,A,PASS,
6L37,6L37_1,1,6L37.B,B,B,PASS,
6L37,6L37_1,1,6L37.A,A,A,PASS,
6L38,6L38_1,1,6L38.B,B,B,PASS,
6L38,6L38_1,1,6L38.A,A,A,PASS,
6L6K,6L6K_1,1,6L6K.A,A,A,PASS,
6L6L,6L6L_1,1,6L6L.B,B,B,PASS,
6L6L,6L6L_1,1,6L6L.A,A,A,PASS,
6L6Q,6L6Q_1,1,6L6Q.B,B,B,PASS,
6L6Q,6L6Q_1,1,6L6Q.A,A,A,PASS,
6L88,6L88_1,1,6L88.D,D,D,PASS,
6L88,6L88_1,1,6L88.C,C,C,PASS,
6L88,6L88_1,1,6L88.B,B,B,PASS,
6L88,6L88_1,1,6L88.A,A,A,PASS,
6L89,6L89_1,1,6L89.B,B,B,PASS,
6L89,6L89_1,1,6L89.A,A,A,PASS,
6L8B,6L8B_1,1,6L8B.B,B,B,PASS,
6L8B,6L8B_1,1,6L8B.A,A,A,PASS,
6L96,6L96_1,1,6L96.B,B,B,PASS,
6L96,6L96_1,1,6L96.A,A,A,PASS,
6LB4,6LB4_1,1,6LB4.A,A,A,PASS,
6LB5,6LB5_1,1,6LB5.C,C,C,PASS,
6LB5,6LB5_1,1,6LB5.A,A,A,PASS,
6LB6,6LB6_1,1,6LB6.A,A,A,PASS,
6LC1,6LC1_2,2,6LC1.H,H,G,PASS,
6LC1,6LC1_2,2,6LC1.F,F,D,PASS,
6LC1,6LC1_2,2,6LC1.D,D,A,PASS,
6LC1,6LC1_2,2,6LC1.B,B,J,PASS,
6LIT,6LIT_1,1,6LIT.B,B,B,PASS,
6LIT,6LIT_1,1,6LIT.A,A,A,PASS,
6LN4,6LN4_1,1,6LN4.A,A,A,PASS,
6LO9,6LO9_1,1,6LO9.A,A,A,PASS,
6LOA,6LOA_1,1,6LOA.A,A,A,PASS,
6LOB,6LOB_1,1,6LOB.A,A,A,PASS,
6LOC,6LOC_1,1,6LOC.A,A,A,PASS,
6LX4,6LX4_1,1,6LX4.B,B,B,PASS,
6LX4,6LX4_1,1,6LX4.A,A,A,PASS,
6LX5,6LX5_1,1,6LX5.B,B,B,PASS,
6LX5,6LX5_1,1,6LX5.A,A,A,PASS,
6LX6,6LX6_1,1,6LX6.A,A,A,PASS,
6LX7,6LX7_1,1,6LX7.A,A,A,PASS,
6LX8,6LX8_1,1,6LX8.A,A,A,PASS,
6LX9,6LX9_1,1,6LX9.A,A,A,PASS,
6LXA,6LXA_1,1,6LXA.A,A,A,PASS,
6LXB,6LXB_1,1,6LXB.A,A,A,PASS,
6LXC,6LXC_1,1,6LXC.A,A,A,PASS,
6MCZ,6MCZ_1,1,6MCZ.B,B,B,PASS,
6MCZ,6MCZ_1,1,6MCZ.A,A,A,PASS,
6MD0,6MD0_1,1,6MD0.B,B,B,PASS,
6MD0,6MD0_1,1,6MD0.A,A,A,PASS,
6MD1,6MD1_1,1,6MD1.B,B,B,PASS,
6MD1,6MD1_1,1,6MD1.A,A,A,PASS,
6MD2,6MD2_1,1,6MD2.B,B,B,PASS,
6MD2,6MD2_1,1,6MD2.A,A,A,PASS,
6MD4,6MD4_1,1,6MD4.B,B,B,PASS,
6MD4,6MD4_1,1,6MD4.A,A,A,PASS,
6MS7,6MS7_1,1,6MS7.A,A,A,PASS,
6NAD,6NAD_1,1,6NAD.B,B,B,PASS,
6NAD,6NAD_1,1,6NAD.A,A,A,PASS,
6NWS,6NWS_1,1,6NWS.A,A,A,PASS,
6NWT,6NWT_1,1,6NWT.B,B,C,PASS,
6NWT,6NWT_1,1,6NWT.A,A,A,PASS,
6NWU,6NWU_1,1,6NWU.A,A,A,PASS,
6NX1,6NX1_1,1,6NX1.B,B,B,PASS,
6NX1,6NX1_1,1,6NX1.A,A,A,PASS,
6O3Z,6O3Z_1,1,6O3Z.A,A,A,PASS,
6O67,6O67_1,1,6O67.B,B,B,PASS,
6O67,6O67_1,1,6O67.A,A,A,PASS,
6O68,6O68_1,1,6O68.B,B,B,PASS,
6O68,6O68_1,1,6O68.A,A,A,PASS,
6O98,6O98_1,1,6O98.B,B,B,PASS,
6O98,6O98_1,1,6O98.A,A,A,PASS,
6ONI,6ONI_1,1,6ONI.A,A,B,PASS,
6ONJ,6ONJ_1,1,6ONJ.A,A,A,PASS,
6OQX,6OQX_1,1,6OQX.A,A,A,PASS,
6OQY,6OQY_1,1,6OQY.A,A,A,PASS,
6OR1,6OR1_1,1,6OR1.A,A,A,PASS,
6OWC,6OWC_1,1,6OWC.B,B,B,PASS,
6OWC,6OWC_1,1,6OWC.A,A,A,PASS,
6P2B,6P2B_1,1,6P2B.B,B,B,PASS,
6P2B,6P2B_1,1,6P2B.A,A,A,PASS,
6P9F,6P9F_1,1,6P9F.B,B,B,PASS,
6P9F,6P9F_1,1,6P9F.A,A,A,PASS,
6PDZ,6PDZ_1,1,6PDZ.C,C,A,PASS,
6PDZ,6PDZ_1,1,6PDZ.A,A,B,PASS,
6PET,6PET_1,1,6PET.D,D,B,PASS,
6PET,6PET_1,1,6PET.C,C,C,PASS,
6PET,6PET_1,1,6PET.B,B,A,PASS,
6PET,6PET_1,1,6PET.A,A,D,PASS,
6PFM,6PFM_1,1,6PFM.B,B,A,PASS,
6PFM,6PFM_1,1,6PFM.A,A,D,PASS,
6PIT,6PIT_1,1,6PIT.A,A,A,PASS,
6PIT,6PIT_2,2,6PIT.B,B,B,PASS,
6PSJ,6PSJ_1,1,6PSJ.B,B,B,PASS,
6PSJ,6PSJ_1,1,6PSJ.A,A,A,PASS,
6Q2W,6Q2W_1,1,6Q2W.B,B,B,PASS,
6Q2W,6Q2W_1,1,6Q2W.A,A,A,PASS,
6Q6M,6Q6M_1,1,6Q6M.A,A,A,PASS,
6Q6O,6Q6O_1,1,6Q6O.A,A,A,PASS,
6Q7A,6Q7A_1,1,6Q7A.A,A,A,PASS,
6Q7H,6Q7H_1,1,6Q7H.A,A,A,PASS,
6QJ5,6QJ5_1,1,6QJ5.B,B,B,PASS,
6QJ5,6QJ5_1,1,6QJ5.A,A,A,PASS,
6R7A,6R7A_1,1,6R7A.A,A,A,PASS,
6R7J,6R7J_1,1,6R7J.A,A,A,PASS,
6R7K,6R7K_1,1,6R7K.A,A,A,PASS,
6S41,6S41_1,1,6S41.B,B,B,PASS,
6S41,6S41_1,1,6S41.A,A,A,PASS,
6S4N,6S4N_1,1,6S4N.D,D,C,PASS,
6S4N,6S4N_1,1,6S4N.C,C,B,PASS,
6S4N,6S4N_1,1,6S4N.B,B,A,PASS,
6S4N,6S4N_1,1,6S4N.A,A,D,PASS,
6S4T,6S4T_1,1,6S4T.A,A,A,PASS,
6S4U,6S4U_1,1,6S4U.C,C,C,PASS,
6S4U,6S4U_1,1,6S4U.B,B,B,PASS,
6S4U,6S4U_1,1,6S4U.A,A,A,PASS,
6S5K,6S5K_1,1,6S5K.A,A,A,PASS,
6SAL,6SAL_1,1,6SAL.A,A,A,PASS,
6SBO,6SBO_1,1,6SBO.B,B,B,PASS,
6SBO,6SBO_1,1,6SBO.A,A,A,PASS,
6SJM,6SJM_1,1,6SJM.A,A,A,PASS,
6SLZ,6SLZ_1,1,6SLZ.B,B,B,PASS,
6SLZ,6SLZ_1,1,6SLZ.A,A,A,PASS,
6SQ0,6SQ0_1,1,6SQ0.B,B,B,PASS,
6SQ0,6SQ0_1,1,6SQ0.A,A,A,PASS,
6SSQ,6SSQ_1,1,6SSQ.B,B,B,PASS,
6SSQ,6SSQ_1,1,6SSQ.A,A,A,PASS,
6STI,6STI_1,1,6STI.A,A,A,PASS,
6SUO,6SUO_1,1,6SUO.B,B,B,PASS,
6SUO,6SUO_1,1,6SUO.A,A,A,PASS,
6T1S,6T1S_1,1,6T1S.A,A,A,PASS,
6T1V,6T1V_1,1,6T1V.A,A,A,PASS,
6T4G,6T4G_1,1,6T4G.A,A,A,PASS,
6T4I,6T4I_1,1,6T4I.A,A,A,PASS,
6T4J,6T4J_1,1,6T4J.A,A,A,PASS,
6T4K,6T4K_1,1,6T4K.A,A,A,PASS,
6T4T,6T4T_1,1,6T4T.A,A,A,PASS,
6T4U,6T4U_1,1,6T4U.A,A,A,PASS,
6T4W,6T4W_1,1,6T4W.A,A,A,PASS,
6T4X,6T4X_1,1,6T4X.A,A,A,PASS,
6T4Y,6T4Y_1,1,6T4Y.A,A,A,PASS,
6T50,6T50_1,1,6T50.A,A,A,PASS,
6T6B,6T6B_1,1,6T6B.A,A,A,PASS,
6T9C,6T9C_1,1,6T9C.B,B,B,PASS,
6T9C,6T9C_1,1,6T9C.A,A,A,PASS,
6TDC,6TDC_1,1,6TDC.A,A,A,PASS,
6TFI,6TFI_1,1,6TFI.B,B,B,PASS,
6TFI,6TFI_1,1,6TFI.A,A,A,PASS,
6TJM,6TJM_2,2,6TJM.B,B,B,PASS,
6TL3,6TL3_2,2,6TL3.B,B,B,PASS,
6TLM,6TLM_1,1,6TLM.A,A,A,PASS,
6TLQ,6TLQ_1,1,6TLQ.A,A,A,PASS,
6TLT,6TLT_1,1,6TLT.A,A,A,PASS,
6TSG,6TSG_1,1,6TSG.A,A,A,PASS,
6U25,6U25_1,1,6U25.A,A,A,PASS,
6UCG,6UCG_1,1,6UCG.A,A,A,PASS,
6V87,6V87_1,1,6V87.B,B,B,PASS,
6V87,6V87_1,1,6V87.A,A,A,PASS,
6V8T,6V8T_1,1,6V8T.B,B,B,PASS,
6V8T,6V8T_1,1,6V8T.A,A,A,PASS,
6VC2,6VC2_1,1,6VC2.A,A,A,PASS,
6VGH,6VGH_1,1,6VGH.B,B,B,PASS,
6VGH,6VGH_1,1,6VGH.A,A,A,PASS,
6VIF,6VIF_1,1,6VIF.A,A,A,PASS,
6VJD,6VJD_1,1,6VJD.D,D,D,PASS,
6VJD,6VJD_1,1,6VJD.C,C,C,PASS,
6VJD,6VJD_1,1,6VJD.B,B,B,PASS,
6VJD,6VJD_1,1,6VJD.A,A,A,PASS,
6VPF,6VPF_1,1,6VPF.D,D,D,PASS,
6VPF,6VPF_1,1,6VPF.C,C,C,PASS,
6VPF,6VPF_1,1,6VPF.B,B,A,PASS,
6VPF,6VPF_1,1,6VPF.A,A,B,PASS,
6VQF,6VQF_1,1,6VQF.A,A,A,PASS,
6VSW,6VSW_1,1,6VSW.B,B,B,PASS,
6VSW,6VSW_1,1,6VSW.A,A,A,PASS,
6VZL,6VZL_1,1,6VZL.B,B,B,PASS,
6VZL,6VZL_1,1,6VZL.A,A,A,PASS,
6VZM,6VZM_1,1,6VZM.B,B,B,PASS,
6VZM,6VZM_1,1,6VZM.A,A,A,PASS,
6VZN,6VZN_1,1,6VZN.B,B,B,PASS,
6VZN,6VZN_1,1,6VZN.A,A,A,PASS,
6VZO,6VZO_1,1,6VZO.B,B,B,PASS,
6VZO,6VZO_1,1,6VZO.A,A,A,PASS,
6W9H,6W9H_1,1,6W9H.A,A,A,PASS,
6W9I,6W9I_1,1,6W9I.A,A,A,PASS,
6W9M,6W9M_2,2,6W9M.B,B,B,PASS,
6WMQ,6WMQ_1,1,6WMQ.B,B,B,PASS,
6WMQ,6WMQ_1,1,6WMQ.A,A,A,PASS,
6WMS,6WMS_1,1,6WMS.B,B,B,PASS,
6WMS,6WMS_1,1,6WMS.A,A,A,PASS,
6WOK,6WOK_1,1,6WOK.D,D,B,PASS,
6WOK,6WOK_1,1,6WOK.C,C,C,PASS,
6WOK,6WOK_1,1,6WOK.B,B,A,PASS,
6WOK,6WOK_1,1,6WOK.A,A,D,PASS,
6X6D,6X6D_1,1,6X6D.B,B,B,PASS,
6X6D,6X6D_1,1,6X6D.A,A,A,PASS,
6X6E,6X6E_1,1,6X6E.B,B,B,PASS,
6X6E,6X6E_1,1,6X6E.A,A,A,PASS,
6XAE,6XAE_1,1,6XAE.A,A,A,PASS,
6XFV,6XFV_1,1,6XFV.B,B,B,PASS,
6XFV,6XFV_1,1,6XFV.A,A,A,PASS,
6XP9,6XP9_1,1,6XP9.B,B,B,PASS,
6XP9,6XP9_1,1,6XP9.A,A,A,PASS,
6XWG,6XWG_3,3,6XWG.C,C,C,PASS,
6XWG,6XWG_4,4,6XWG.D,D,D,PASS,
6XWH,6XWH_3,3,6XWH.D,D,D,PASS,
6XWH,6XWH_3,3,6XWH.C,C,C,PASS,
6XXC,6XXC_2,2,6XXC.B,B,B,PASS,
6XY5,6XY5_2,2,6XY5.B,B,B,PASS,
6Y18,6Y18_2,2,6Y18.B,B,B,PASS,
6Y1D,6Y1D_2,2,6Y1D.B,B,B,PASS,
6Y3U,6Y3U_1,1,6Y3U.A,A,A,PASS,
6Y3W,6Y3W_2,2,6Y3W.B,B,B,PASS,
6Y58,6Y58_2,2,6Y58.B,B,P,PASS,
6YMO,6YMO_2,2,6YMO.D,D,D,PASS,
6YMO,6YMO_2,2,6YMO.C,C,C,PASS,
6YO8,6YO8_2,2,6YO8.H,H,H,PASS,
6YO8,6YO8_2,2,6YO8.G,G,G,PASS,
6YO8,6YO8_2,2,6YO8.F,F,F,PASS,
6YO8,6YO8_2,2,6YO8.E,E,E,PASS,
6YOS,6YOS_2,2,6YOS.C,C,C,PASS,
6ZLY,6ZLY_1,1,6ZLY.B,B,B,PASS,
6ZLY,6ZLY_1,1,6ZLY.A,A,A,PASS,
6ZOQ,6ZOQ_1,1,6ZOQ.B,B,B,PASS,
6ZOQ,6ZOQ_1,1,6ZOQ.A,A,A,PASS,
6ZOR,6ZOR_1,1,6ZOR.B,B,B,PASS,
6ZOR,6ZOR_1,1,6ZOR.A,A,A,PASS,
6ZOS,6ZOS_1,1,6ZOS.B,B,B,PASS,
6ZOS,6ZOS_1,1,6ZOS.A,A,A,PASS,
7A77,7A77_1,1,7A77.A,A,A,PASS,
7A78,7A78_1,1,7A78.A,A,A,PASS,
7A79,7A79_1,1,7A79.B,B,B,PASS,
7A79,7A79_1,1,7A79.A,A,A,PASS,
7A7H,7A7H_1,1,7A7H.A,A,A,PASS,
7AHJ,7AHJ_1,1,7AHJ.B,B,B,PASS,
7AHJ,7AHJ_1,1,7AHJ.A,A,A,PASS,
7AOS,7AOS_2,2,7AOS.B,B,B,PASS,
7APO,7APO_1,1,7APO.B,B,B,PASS,
7APO,7APO_1,1,7APO.A,A,A,PASS,
7AWC,7AWC_1,1,7AWC.A,A,A,PASS,
7AWD,7AWD_1,1,7AWD.A,A,A,PASS,
7AX8,7AX8_1,1,7AX8.A,A,A,PASS,
7AX9,7AX9_1,1,7AX9.A,A,A,PASS,
7AXA,7AXA_1,1,7AXA.A,A,A,PASS,
7AXB,7AXB_1,1,7AXB.A,A,A,PASS,
7AXC,7AXC_1,1,7AXC.A,A,A,PASS,
7AXD,7AXD_1,1,7AXD.A,A,A,PASS,
7AXE,7AXE_1,1,7AXE.A,A,A,PASS,
7AXF,7AXF_1,1,7AXF.A,A,A,PASS,
7AXG,7AXG_1,1,7AXG.A,A,A,PASS,
7AXH,7AXH_1,1,7AXH.A,A,A,PASS,
7AXI,7AXI_1,1,7AXI.A,A,A,PASS,
7AXJ,7AXJ_1,1,7AXJ.A,A,A,PASS,
7AXK,7AXK_1,1,7AXK.A,A,A,PASS,
7AXL,7AXL_1,1,7AXL.A,A,A,PASS,
7B88,7B88_1,1,7B88.A,A,A,PASS,
7B9M,7B9M_2,2,7B9M.B,B,B,PASS,
7B9O,7B9O_1,1,7B9O.A,A,A,PASS,
7B9R,7B9R_2,2,7B9R.B,B,B,PASS,
7B9T,7B9T_2,2,7B9T.B,B,B,PASS,
7BA3,7BA3_2,2,7BA3.B,B,B,PASS,
7BA5,7BA5_2,2,7BA5.B,B,B,PASS,
7BA6,7BA6_2,2,7BA6.B,B,B,PASS,
7BA7,7BA7_2,2,7BA7.B,B,B,PASS,
7BA8,7BA8_2,2,7BA8.B,B,B,PASS,
7BA9,7BA9_2,2,7BA9.B,B,B,PASS,
7BAA,7BAA_2,2,7BAA.B,B,B,PASS,
7BAB,7BAB_2,2,7BAB.B,B,B,PASS,
7BK4,7BK4_1,1,7BK4.C,C,C,PASS,
7BK4,7BK4_1,1,7BK4.A,A,A,PASS,
7BPY,7BPY_1,1,7BPY.C,C,C,PASS,
7BPY,7BPY_1,1,7BPY.A,A,A,PASS,
7BPZ,7BPZ_1,1,7BPZ.C,C,C,PASS,
7BPZ,7BPZ_1,1,7BPZ.A,A,A,PASS,
7BQ0,7BQ0_1,1,7BQ0.C,C,C,PASS,
7BQ0,7BQ0_1,1,7BQ0.A,A,A,PASS,
7BQ1,7BQ1_1,1,7BQ1.A,A,A,PASS,
7BQ2,7BQ2_1,1,7BQ2.A,A,A,PASS,
7BQ3,7BQ3_1,1,7BQ3.A,A,A,PASS,
7BQ4,7BQ4_1,1,7BQ4.A,A,A,PASS,
7C6Q,7C6Q_1,1,7C6Q.A,A,A,PASS,
7CFO,7CFO_1,1,7CFO.D,D,D,PASS,
7CFO,7CFO_1,1,7CFO.C,C,C,PASS,
7CFO,7CFO_1,1,7CFO.B,B,B,PASS,
7CFO,7CFO_1,1,7CFO.A,A,A,PASS,
7CXE,7CXE_1,1,7CXE.B,B,B,PASS,
7CXE,7CXE_1,1,7CXE.A,A,A,PASS,
7CXF,7CXF_1,1,7CXF.A,A,A,PASS,
7CXG,7CXG_1,1,7CXG.B,B,B,PASS,
7CXG,7CXG_1,1,7CXG.A,A,A,PASS,
7CXH,7CXH_1,1,7CXH.A,A,A,PASS,
7CXI,7CXI_1,1,7CXI.A,A,A,PASS,
7CXJ,7CXJ_1,1,7CXJ.A,A,A,PASS,
7CXK,7CXK_1,1,7CXK.A,A,A,PASS,
7CXL,7CXL_1,1,7CXL.A,A,A,PASS,
7D42,7D42_1,1,7D42.A,A,A,PASS,
7E0A,7E0A_1,1,7E0A.A,A,A,PASS,
7E2E,7E2E_1,1,7E2E.C,C,B,PASS,
7E2E,7E2E_1,1,7E2E.A,A,A,PASS,
7E2O,7E2O_1,1,7E2O.B,B,B,PASS,
7E2O,7E2O_1,1,7E2O.A,A,A,PASS,
7E3M,7E3M_1,1,7E3M.A,A,A,PASS,
7E5F,7E5F_1,1,7E5F.A,A,A,PASS,
7E5G,7E5G_1,1,7E5G.A,A,A,PASS,
7E5H,7E5H_1,1,7E5H.A,A,A,PASS,
7E5I,7E5I_1,1,7E5I.A,A,A,PASS,
7EFQ,7EFQ_1,1,7EFQ.B,B,B,PASS,
7EFQ,7EFQ_1,1,7EFQ.A,A,A,PASS,
7F80,7F80_1,1,7F80.B,B,B,PASS,
7F80,7F80_1,1,7F80.A,A,A,PASS,
7JH2,7JH2_1,1,7JH2.B,B,B,PASS,
7JH2,7JH2_1,1,7JH2.A,A,A,PASS,
7JHD,7JHD_1,1,7JHD.B,B,B,PASS,
7JHD,7JHD_1,1,7JHD.A,A,A,PASS,
7JQG,7JQG_1,1,7JQG.B,B,B,PASS,
7JQG,7JQG_1,1,7JQG.A,A,A,PASS,
7JTM,7JTM_1,1,7JTM.A,A,A,PASS,
7JTW,7JTW_1,1,7JTW.A,A,A,PASS,
7JYD,7JYD_1,1,7JYD.A,A,A,PASS,
7JYE,7JYE_1,1,7JYE.A,A,A,PASS,
7JYM,7JYM_1,1,7JYM.A,A,A,PASS,
7KBS,7KBS_1,1,7KBS.B,B,B,PASS,
7KBS,7KBS_1,1,7KBS.A,A,A,PASS,
7KCO,7KCO_1,1,7KCO.B,B,B,PASS,
7KCO,7KCO_1,1,7KCO.A,A,A,PASS,
7KHT,7KHT_1,1,7KHT.A,A,A,PASS,
7KQJ,7KQJ_1,1,7KQJ.A,A,A,PASS,
7KRJ,7KRJ_3,3,7KRJ.D,D,D,PASS,
7KW7,7KW7_4,4,7KW7.F,F,F,PASS,
7KXD,7KXD_1,1,7KXD.A,A,A,PASS,
7KXE,7KXE_1,1,7KXE.A,A,A,PASS,
7KXF,7KXF_1,1,7KXF.A,A,A,PASS,
7LOT,7LOT_1,1,7LOT.B,B,B,PASS,
7LOT,7LOT_1,1,7LOT.A,A,A,PASS,
7LUK,7LUK_1,1,7LUK.A,A,A,PASS,
7MSA,7MSA_1,1,7MSA.D,D,B,PASS,
7MSA,7MSA_1,1,7MSA.C,C,C,PASS,
7MSA,7MSA_1,1,7MSA.B,B,A,PASS,
7MSA,7MSA_1,1,7MSA.A,A,D,PASS,
7N2A,7N2A_1,1,7N2A.A,A,A,PASS,
7N9O,7N9O_1,1,7N9O.D,D,D,PASS,
7N9O,7N9O_1,1,7N9O.C,C,C,PASS,
7N9O,7N9O_1,1,7N9O.B,B,B,PASS,
7N9O,7N9O_1,1,7N9O.A,A,A,PASS,
7NDO,7NDO_1,1,7NDO.B,B,B,PASS,
7NDO,7NDO_1,1,7NDO.A,A,A,PASS,
7NEC,7NEC_1,1,7NEC.A,A,A,PASS,
7NEL,7NEL_1,1,7NEL.B,B,B,PASS,
7NEL,7NEL_1,1,7NEL.A,A,A,PASS,
7NFB,7NFB_1,1,7NFB.B,B,B,PASS,
7NFB,7NFB_1,1,7NFB.A,A,A,PASS,
7NFW,7NFW_2,2,7NFW.B,B,B,PASS,
7NIZ,7NIZ_2,2,7NIZ.B,B,B,PASS,
7NKE,7NKE_1,1,7NKE.C,C,C,PASS,
7NKE,7NKE_1,1,7NKE.A,A,A,PASS,
7NP5,7NP5_1,1,7NP5.A,A,A,PASS,
7NP6,7NP6_1,1,7NP6.A,A,A,PASS,
7NPC,7NPC_1,1,7NPC.A,A,A,PASS,
7OFI,7OFI_1,1,7OFI.A,A,A,PASS,
7OFK,7OFK_1,1,7OFK.A,A,A,PASS,
7OPW,7OPW_2,2,7OPW.B,B,B,PASS,
7OQ7,7OQ7_2,2,7OQ7.B,B,B,PASS,
7OQ8,7OQ8_2,2,7OQ8.B,B,B,PASS,
7P4E,7P4E_1,1,7P4E.A,A,A,PASS,
7PRV,7PRV_1,1,7PRV.B,B,B,PASS,
7PRV,7PRV_1,1,7PRV.A,A,A,PASS,
7PRW,7PRW_1,1,7PRW.B,B,B,PASS,
7PRW,7PRW_1,1,7PRW.A,A,A,PASS,
7PRX,7PRX_1,1,7PRX.A,A,A,PASS,
7PWT,7PWT_2,2,7PWT.B,B,B,PASS,
7PWZ,7PWZ_2,2,7PWZ.B,B,B,PASS,
7QAA,7QAA_2,2,7QAA.B,B,B,PASS,
7QB1,7QB1_1,1,7QB1.B,B,BBB,PASS,
7QB1,7QB1_1,1,7QB1.A,A,AAA,PASS,
7QDT,7QDT_1,1,7QDT.A,A,A,PASS,
7QP4,7QP4_1,1,7QP4.B,B,B,PASS,
7QP4,7QP4_1,1,7QP4.A,A,A,PASS,
7QP4,7QP4_2,2,7QP4.C,C,P,PASS,
7QPP,7QPP_1,1,7QPP.A,A,A,PASS,
7QVJ,7QVJ_1,1,7QVJ.B,B,B,PASS,
7QVJ,7QVJ_1,1,7QVJ.A,A,A,PASS,
7QVL,7QVL_1,1,7QVL.B,B,B,PASS,
7QVL,7QVL_1,1,7QVL.A,A,A,PASS,
7R62,7R62_1,1,7R62.A,A,A,PASS,
7RIO,7RIO_1,1,7RIO.A,A,A,PASS,
7RIU,7RIU_1,1,7RIU.A,A,A,PASS,
7RIV,7RIV_1,1,7RIV.A,A,A,PASS,
7RKE,7RKE_1,1,7RKE.B,B,B,PASS,
7RKE,7RKE_1,1,7RKE.A,A,A,PASS,
7RLE,7RLE_1,1,7RLE.C,C,C,PASS,
7RLE,7RLE_1,1,7RLE.A,A,A,PASS,
7RNM,7RNM_1,1,7RNM.B,B,B,PASS,
7RNM,7RNM_1,1,7RNM.A,A,A,PASS,
7RRX,7RRX_1,1,7RRX.D,D,D,PASS,
7RRX,7RRX_1,1,7RRX.C,C,C,PASS,
7RRX,7RRX_1,1,7RRX.B,B,B,PASS,
7RRX,7RRX_1,1,7RRX.A,A,A,PASS,
7RRY,7RRY_1,1,7RRY.D,D,D,PASS,
7RRY,7RRY_1,1,7RRY.C,C,C,PASS,
7RRY,7RRY_1,1,7RRY.B,B,B,PASS,
7RRY,7RRY_1,1,7RRY.A,A,A,PASS,
7RRZ,7RRZ_1,1,7RRZ.D,D,D,PASS,
7RRZ,7RRZ_1,1,7RRZ.C,C,C,PASS,
7RRZ,7RRZ_1,1,7RRZ.B,B,B,PASS,
7RRZ,7RRZ_1,1,7RRZ.A,A,A,PASS,
7RS0,7RS0_1,1,7RS0.D,D,D,PASS,
7RS0,7RS0_1,1,7RS0.C,C,C,PASS,
7RS0,7RS0_1,1,7RS0.B,B,B,PASS,
7RS0,7RS0_1,1,7RS0.A,A,A,PASS,
7RS1,7RS1_1,1,7RS1.D,D,D,PASS,
7RS1,7RS1_1,1,7RS1.C,C,C,PASS,
7RS1,7RS1_1,1,7RS1.B,B,B,PASS,
7RS1,7RS1_1,1,7RS1.A,A,A,PASS,
7RS2,7RS2_1,1,7RS2.D,D,D,PASS,
7RS2,7RS2_1,1,7RS2.C,C,C,PASS,
7RS2,7RS2_1,1,7RS2.B,B,B,PASS,
7RS2,7RS2_1,1,7RS2.A,A,A,PASS,
7RS3,7RS3_1,1,7RS3.D,D,D,PASS,
7RS3,7RS3_1,1,7RS3.C,C,C,PASS,
7RS3,7RS3_1,1,7RS3.B,B,B,PASS,
7RS3,7RS3_1,1,7RS3.A,A,A,PASS,
7RS4,7RS4_1,1,7RS4.D,D,D,PASS,
7RS4,7RS4_1,1,7RS4.C,C,C,PASS,
7RS4,7RS4_1,1,7RS4.B,B,B,PASS,
7RS4,7RS4_1,1,7RS4.A,A,A,PASS,
7RS7,7RS7_1,1,7RS7.D,D,D,PASS,
7RS7,7RS7_1,1,7RS7.C,C,C,PASS,
7RS7,7RS7_1,1,7RS7.B,B,B,PASS,
7RS7,7RS7_1,1,7RS7.A,A,A,PASS,
7RS8,7RS8_1,1,7RS8.C,C,C,PASS,
7RS8,7RS8_1,1,7RS8.B,B,B,PASS,
7RS8,7RS8_1,1,7RS8.A,A,A,PASS,
7RS8,7RS8_2,2,7RS8.D,D,D,PASS,
7RS9,7RS9_1,1,7RS9.D,D,D,PASS,
7RS9,7RS9_1,1,7RS9.C,C,C,PASS,
7RS9,7RS9_1,1,7RS9.B,B,B,PASS,
7RS9,7RS9_1,1,7RS9.A,A,A,PASS,
7SFO,7SFO_1,1,7SFO.B,B,B,PASS,
7SFO,7SFO_1,1,7SFO.A,A,A,PASS,
7SQA,7SQA_1,1,7SQA.B,B,B,PASS,
7SQA,7SQA_1,1,7SQA.A,A,A,PASS,
7SQB,7SQB_1,1,7SQB.A,A,A,PASS,
7T2X,7T2X_1,1,7T2X.B,B,B,PASS,
7T2X,7T2X_1,1,7T2X.A,A,A,PASS,
7TE7,7TE7_1,1,7TE7.A,A,A,PASS,
7TRB,7TRB_1,1,7TRB.B,B,B,PASS,
7TRB,7TRB_1,1,7TRB.A,A,A,PASS,
7TT8,7TT8_1,1,7TT8.A,A,A,PASS,
7UJ7,7UJ7_1,1,7UJ7.D,D,C,PASS,
7UJ7,7UJ7_1,1,7UJ7.C,C,A,PASS,
7UJ7,7UJ7_1,1,7UJ7.B,B,B,PASS,
7UJ7,7UJ7_1,1,7UJ7.A,A,D,PASS,
7UJ8,7UJ8_1,1,7UJ8.B,B,A,PASS,
7UJ8,7UJ8_1,1,7UJ8.A,A,B,PASS,
7UJC,7UJC_1,1,7UJC.B,B,B,PASS,
7UJC,7UJC_1,1,7UJC.A,A,A,PASS,
7UJF,7UJF_1,1,7UJF.D,D,D,PASS,
7UJF,7UJF_1,1,7UJF.C,C,C,PASS,
7UJF,7UJF_1,1,7UJF.B,B,A,PASS,
7UJF,7UJF_1,1,7UJF.A,A,B,PASS,
7UJM,7UJM_1,1,7UJM.D,D,D,PASS,
7UJM,7UJM_1,1,7UJM.C,C,C,PASS,
7UJM,7UJM_1,1,7UJM.B,B,A,PASS,
7UJM,7UJM_1,1,7UJM.A,A,B,PASS,
7UJO,7UJO_1,1,7UJO.D,D,A,PASS,
7UJO,7UJO_1,1,7UJO.C,C,C,PASS,
7UJO,7UJO_1,1,7UJO.B,B,D,PASS,
7UJO,7UJO_1,1,7UJO.A,A,B,PASS,
7UJW,7UJW_1,1,7UJW.D,D,A,PASS,
7UJW,7UJW_1,1,7UJW.C,C,C,PASS,
7UJW,7UJW_1,1,7UJW.B,B,D,PASS,
7UJW,7UJW_1,1,7UJW.A,A,B,PASS,
7UJY,7UJY_1,1,7UJY.D,D,D,PASS,
7UJY,7UJY_1,1,7UJY.C,C,C,PASS,
7UJY,7UJY_1,1,7UJY.B,B,A,PASS,
7UJY,7UJY_1,1,7UJY.A,A,B,PASS,
7UW2,7UW2_1,1,7UW2.A,A,A,PASS,
7UW4,7UW4_1,1,7UW4.A,A,A,PASS,
7VUE,7VUE_1,1,7VUE.A,A,A,PASS,
7VWE,7VWE_1,1,7VWE.B,B,B,PASS,
7VWE,7VWE_1,1,7VWE.A,A,A,PASS,
7VWF,7VWF_1,1,7VWF.B,B,B,PASS,
7VWF,7VWF_1,1,7VWF.A,A,A,PASS,
7VWG,7VWG_1,1,7VWG.B,B,B,PASS,
7VWG,7VWG_1,1,7VWG.A,A,A,PASS,
7VWH,7VWH_1,1,7VWH.B,B,B,PASS,
7VWH,7VWH_1,1,7VWH.A,A,A,PASS,
7W0G,7W0G_1,1,7W0G.B,B,B,PASS,
7W0G,7W0G_1,1,7W0G.A,A,A,PASS,
7W3P,7W3P_1,1,7W3P.A,A,A,PASS,
7W3Q,7W3Q_1,1,7W3Q.A,A,A,PASS,
7WGL,7WGL_1,1,7WGL.B,B,B,PASS,
7WGL,7WGL_1,1,7WGL.A,A,A,PASS,
7WGN,7WGN_1,1,7WGN.A,A,A,PASS,
7WGO,7WGO_1,1,7WGO.A,A,A,PASS,
7WGP,7WGP_1,1,7WGP.A,A,A,PASS,
7WGQ,7WGQ_1,1,7WGQ.A,A,A,PASS,
7WLX,7WLX_1,1,7WLX.A,A,A,PASS,
7WMG,7WMG_1,1,7WMG.A,A,A,PASS,
7WMH,7WMH_1,1,7WMH.A,A,A,PASS,
7WMJ,7WMJ_1,1,7WMJ.A,A,A,PASS,
7WML,7WML_1,1,7WML.A,A,A,PASS,
7WMN,7WMN_1,1,7WMN.A,A,A,PASS,
7WMO,7WMO_1,1,7WMO.A,A,A,PASS,
7WNH,7WNH_1,1,7WNH.D,D,D,PASS,
7WNH,7WNH_1,1,7WNH.C,C,C,PASS,
7WNH,7WNH_1,1,7WNH.B,B,B,PASS,
7WNH,7WNH_1,1,7WNH.A,A,A,PASS,
7WNV,7WNV_1,1,7WNV.D,D,D,PASS,
7WNV,7WNV_1,1,7WNV.C,C,C,PASS,
7WNV,7WNV_1,1,7WNV.B,B,B,PASS,
7WNV,7WNV_1,1,7WNV.A,A,A,PASS,
7WOX,7WOX_1,1,7WOX.B,B,B,PASS,
7WOX,7WOX_1,1,7WOX.A,A,A,PASS,
7WQQ,7WQQ_1,1,7WQQ.A,A,A,PASS,
7XQE,7XQE_1,1,7XQE.B,B,B,PASS,
7XQE,7XQE_1,1,7XQE.A,A,A,PASS,
7XV6,7XV6_3,3,7XV6.D,D,B,PASS,
7XV6,7XV6_3,3,7XV6.C,C,A,PASS,
7XV8,7XV8_1,1,7XV8.B,B,B,PASS,
7XV8,7XV8_1,1,7XV8.A,A,A,PASS,
7XV9,7XV9_1,1,7XV9.B,B,B,PASS,
7XV9,7XV9_1,1,7XV9.A,A,A,PASS,
7XVA,7XVA_1,1,7XVA.A,A,A,PASS,
7XVY,7XVY_1,1,7XVY.B,B,B,PASS,
7XVY,7XVY_1,1,7XVY.A,A,A,PASS,
7XVZ,7XVZ_1,1,7XVZ.B,B,B,PASS,
7XVZ,7XVZ_1,1,7XVZ.A,A,A,PASS,
7XWP,7XWP_1,1,7XWP.B,B,B,PASS,
7XWP,7XWP_1,1,7XWP.A,A,A,PASS,
7XWQ,7XWQ_1,1,7XWQ.B,B,B,PASS,
7XWQ,7XWQ_1,1,7XWQ.A,A,A,PASS,
7XWR,7XWR_1,1,7XWR.B,B,B,PASS,
7XWR,7XWR_1,1,7XWR.A,A,A,PASS,
7Y8F,7Y8F_1,1,7Y8F.C,C,B,PASS,
7Y8F,7Y8F_1,1,7Y8F.A,A,A,PASS,
7Y8G,7Y8G_1,1,7Y8G.C,C,B,PASS,
7Y8G,7Y8G_1,1,7Y8G.A,A,A,PASS,
7YFK,7YFK_1,1,7YFK.B,B,B,PASS,
7YFK,7YFK_1,1,7YFK.A,A,A,PASS,
7YMK,7YMK_1,1,7YMK.C,C,B,PASS,
7YMK,7YMK_1,1,7YMK.A,A,A,PASS,
7YXC,7YXC_2,2,7YXC.B,B,R,PASS,
7YXD,7YXD_2,2,7YXD.H,H,N,PASS,
7YXD,7YXD_2,2,7YXD.F,F,J,PASS,
7YXD,7YXD_2,2,7YXD.D,D,F,PASS,
7YXD,7YXD_2,2,7YXD.B,B,C,PASS,
7YXN,7YXN_2,2,7YXN.D,D,S,PASS,
7YXN,7YXN_2,2,7YXN.C,C,R,PASS,
7YXO,7YXO_2,2,7YXO.F,F,F,PASS,
7YXO,7YXO_2,2,7YXO.D,D,D,PASS,
7YXO,7YXO_2,2,7YXO.B,B,B,PASS,
7YXP,7YXP_2,2,7YXP.B,B,B,PASS,
7YXR,7YXR_2,2,7YXR.D,D,S,PASS,
7YXR,7YXR_2,2,7YXR.C,C,R,PASS,
7ZTX,7ZTX_1,1,7ZTX.A,A,A,PASS,
7ZTZ,7ZTZ_1,1,7ZTZ.A,A,A,PASS,
7ZU1,7ZU1_1,1,7ZU1.A,A,A,PASS,
7ZU2,7ZU2_1,1,7ZU2.A,A,A,PASS,
8A9G,8A9G_2,2,8A9G.D,D,D,PASS,
8A9G,8A9G_2,2,8A9G.C,C,C,PASS,
8ADF,8ADF_1,1,8ADF.B,B,B,PASS,
8ADF,8ADF_1,1,8ADF.A,A,A,PASS,
8AFN,8AFN_2,2,8AFN.B,B,B,PASS,
8AI0,8AI0_2,2,8AI0.B,B,B,PASS,
8ALR,8ALR_2,2,8ALR.B,B,B,PASS,
8ALT,8ALT_2,2,8ALT.B,B,B,PASS,
8ALV,8ALV_2,2,8ALV.B,B,B,PASS,
8ALW,8ALW_2,2,8ALW.B,B,B,PASS,
8AM7,8AM7_2,2,8AM7.B,B,B,PASS,
8ANF,8ANF_2,2,8ANF.B,B,B,PASS,
8AOY,8AOY_2,2,8AOY.B,B,B,PASS,
8APS,8APS_2,2,8APS.B,B,B,PASS,
8AQ1,8AQ1_2,2,8AQ1.B,B,B,PASS,
8AQC,8AQC_2,2,8AQC.B,B,B,PASS,
8AQE,8AQE_2,2,8AQE.B,B,B,PASS,
8AQM,8AQM_1,1,8AQM.B,B,B,PASS,
8AQM,8AQM_1,1,8AQM.A,A,A,PASS,
8AQN,8AQN_1,1,8AQN.B,B,B,PASS,
8AQN,8AQN_1,1,8AQN.A,A,A,PASS,
8AQZ,8AQZ_2,2,8AQZ.B,B,B,PASS,
8AR4,8AR4_2,2,8AR4.B,B,B,PASS,
8AR5,8AR5_2,2,8AR5.B,B,B,PASS,
8ARG,8ARG_2,2,8ARG.B,B,B,PASS,
8ARO,8ARO_2,2,8ARO.B,B,B,PASS,
8ARQ,8ARQ_2,2,8ARQ.B,B,B,PASS,
8ARR,8ARR_2,2,8ARR.B,B,B,PASS,
8ARW,8ARW_2,2,8ARW.B,B,B,PASS,
8ARX,8ARX_2,2,8ARX.B,B,B,PASS,
8ARY,8ARY_2,2,8ARY.B,B,B,PASS,
8ARZ,8ARZ_2,2,8ARZ.B,B,B,PASS,
8AS1,8AS1_2,2,8AS1.B,B,B,PASS,
8AT9,8AT9_2,2,8AT9.B,B,B,PASS,
8ATP,8ATP_2,2,8ATP.B,B,B,PASS,
8ATY,8ATY_1,1,8ATY.A,A,A,PASS,
8ATZ,8ATZ_1,1,8ATZ.A,A,A,PASS,
8AU2,8AU2_2,2,8AU2.B,B,B,PASS,
8AUS,8AUS_2,2,8AUS.B,B,B,PASS,
8AUY,8AUY_2,2,8AUY.B,B,B,PASS,
8AV3,8AV3_2,2,8AV3.B,B,B,PASS,
8AV4,8AV4_2,2,8AV4.B,B,B,PASS,
8AV7,8AV7_2,2,8AV7.B,B,B,PASS,
8AV8,8AV8_2,2,8AV8.B,B,B,PASS,
8AWG,8AWG_2,2,8AWG.B,B,B,PASS,
8AXE,8AXE_2,2,8AXE.B,B,B,PASS,
8AXU,8AXU_2,2,8AXU.B,B,B,PASS,
8AZE,8AZE_2,2,8AZE.B,B,B,PASS,
8B39,8B39_2,2,8B39.B,B,B,PASS,
8B4Q,8B4Q_2,2,8B4Q.B,B,B,PASS,
8B8W,8B8W_1,1,8B8W.B,B,B,PASS,
8B8W,8B8W_1,1,8B8W.A,A,A,PASS,
8B8X,8B8X_1,1,8B8X.B,B,B,PASS,
8B8X,8B8X_1,1,8B8X.A,A,A,PASS,
8B8Y,8B8Y_1,1,8B8Y.B,B,B,PASS,
8B8Y,8B8Y_1,1,8B8Y.A,A,A,PASS,
8B8Z,8B8Z_1,1,8B8Z.B,B,B,PASS,
8B8Z,8B8Z_1,1,8B8Z.A,A,A,PASS,
8B90,8B90_1,1,8B90.B,B,B,PASS,
8B90,8B90_1,1,8B90.A,A,A,PASS,
8B91,8B91_1,1,8B91.B,B,B,PASS,
8B91,8B91_1,1,8B91.A,A,A,PASS,
8B92,8B92_1,1,8B92.B,B,B,PASS,
8B92,8B92_1,1,8B92.A,A,A,PASS,
8B93,8B93_1,1,8B93.B,B,B,PASS,
8B93,8B93_1,1,8B93.A,A,A,PASS,
8B94,8B94_1,1,8B94.B,B,B,PASS,
8B94,8B94_1,1,8B94.A,A,A,PASS,
8B95,8B95_1,1,8B95.B,B,B,PASS,
8B95,8B95_1,1,8B95.A,A,A,PASS,
8BF1,8BF1_1,1,8BF1.A,A,A,PASS,
8BF2,8BF2_1,1,8BF2.B,B,B,PASS,
8BF2,8BF2_1,1,8BF2.A,A,A,PASS,
8BFF,8BFF_1,1,8BFF.C,C,C,PASS,
8BFF,8BFF_1,1,8BFF.B,B,B,PASS,
8BFF,8BFF_1,1,8BFF.A,A,A,PASS,
8BJG,8BJG_2,2,8BJG.B,B,B,PASS,
8BJN,8BJN_2,2,8BJN.B,B,B,PASS,
8BM5,8BM5_2,2,8BM5.B,B,B,PASS,
8BWJ,8BWJ_2,2,8BWJ.B,B,B,PASS,
8BWX,8BWX_2,2,8BWX.B,B,B,PASS,
8BWZ,8BWZ_2,2,8BWZ.B,B,B,PASS,
8BX0,8BX0_2,2,8BX0.B,B,B,PASS,
8BX3,8BX3_2,2,8BX3.B,B,B,PASS,
8BX4,8BX4_2,2,8BX4.B,B,B,PASS,
8BXI,8BXI_2,2,8BXI.B,B,B,PASS,
8BXM,8BXM_2,2,8BXM.B,B,B,PASS,
8BXN,8BXN_2,2,8BXN.B,B,B,PASS,
8BXO,8BXO_2,2,8BXO.B,B,B,PASS,
8BXQ,8BXQ_2,2,8BXQ.B,B,B,PASS,
8BXS,8BXS_2,2,8BXS.B,B,B,PASS,
8BY9,8BY9_2,2,8BY9.B,B,B,PASS,
8BYB,8BYB_2,2,8BYB.B,B,B,PASS,
8BYC,8BYC_2,2,8BYC.B,B,B,PASS,
8BYD,8BYD_2,2,8BYD.B,B,B,PASS,
8BYE,8BYE_2,2,8BYE.B,B,B,PASS,
8BYF,8BYF_2,2,8BYF.B,B,B,PASS,
8BYG,8BYG_2,2,8BYG.B,B,B,PASS,
8BYO,8BYO_2,2,8BYO.B,B,B,PASS,
8BYY,8BYY_2,2,8BYY.B,B,B,PASS,
8BYZ,8BYZ_2,2,8BYZ.B,B,B,PASS,
8BZ0,8BZ0_2,2,8BZ0.B,B,B,PASS,
8BZ9,8BZ9_2,2,8BZ9.B,B,B,PASS,
8BZA,8BZA_2,2,8BZA.B,B,B,PASS,
8BZB,8BZB_2,2,8BZB.B,B,B,PASS,
8BZC,8BZC_2,2,8BZC.B,B,B,PASS,
8BZD,8BZD_2,2,8BZD.B,B,B,PASS,
8BZE,8BZE_2,2,8BZE.B,B,B,PASS,
8BZF,8BZF_2,2,8BZF.B,B,B,PASS,
8BZG,8BZG_2,2,8BZG.B,B,B,PASS,
8BZH,8BZH_2,2,8BZH.B,B,B,PASS,
8BZT,8BZT_2,2,8BZT.B,B,B,PASS,
8BZW,8BZW_2,2,8BZW.B,B,B,PASS,
8C04,8C04_2,2,8C04.B,B,B,PASS,
8C0C,8C0C_1,1,8C0C.B,B,B,PASS,
8C0C,8C0C_1,1,8C0C.A,A,A,PASS,
8C0K,8C0K_2,2,8C0K.B,B,B,PASS,
8C0L,8C0L_2,2,8C0L.B,B,B,PASS,
8C1L,8C1L_1,1,8C1L.B,B,B,PASS,
8C1L,8C1L_1,1,8C1L.A,A,A,PASS,
8C42,8C42_2,2,8C42.B,B,B,PASS,
8C4F,8C4F_2,2,8C4F.B,B,B,PASS,
8C4G,8C4G_2,2,8C4G.B,B,B,PASS,
8C5L,8C5L_1,1,8C5L.B,B,B,PASS,
8C5L,8C5L_1,1,8C5L.A,A,A,PASS,
8CCT,8CCT_1,1,8CCT.A,A,A,PASS,
8CF9,8CF9_1,1,8CF9.A,A,A,PASS,
8CH8,8CH8_1,1,8CH8.A,A,A,PASS,
8CPH,8CPH_1,1,8CPH.B,B,B,PASS,
8CPH,8CPH_1,1,8CPH.A,A,A,PASS,
8CPI,8CPI_1,1,8CPI.A,A,A,PASS,
8CPJ,8CPJ_1,1,8CPJ.A,A,A,PASS,
8CYO,8CYO_1,1,8CYO.B,B,A,PASS,
8CYO,8CYO_1,1,8CYO.A,A,B,PASS,
8D8I,8D8I_1,1,8D8I.A,A,A,PASS,
8DAF,8DAF_1,1,8DAF.B,B,B,PASS,
8DAF,8DAF_1,1,8DAF.A,A,A,PASS,
8DK4,8DK4_1,1,8DK4.A,A,A,PASS,
8DKN,8DKN_1,1,8DKN.A,A,A,PASS,
8DKV,8DKV_1,1,8DKV.A,A,A,PASS,
8DSY,8DSY_1,1,8DSY.B,B,B,PASS,
8DSY,8DSY_1,1,8DSY.A,A,A,PASS,
8DSZ,8DSZ_1,1,8DSZ.B,B,B,PASS,
8DSZ,8DSZ_1,1,8DSZ.A,A,A,PASS,
8DU6,8DU6_1,1,8DU6.B,B,B,PASS,
8DU6,8DU6_1,1,8DU6.A,A,A,PASS,
8DU8,8DU8_1,1,8DU8.B,B,B,PASS,
8DU8,8DU8_1,1,8DU8.A,A,A,PASS,
8DU9,8DU9_1,1,8DU9.B,B,B,PASS,
8DU9,8DU9_1,1,8DU9.A,A,A,PASS,
8DUB,8DUB_1,1,8DUB.B,B,B,PASS,
8DUB,8DUB_1,1,8DUB.A,A,A,PASS,
8DUC,8DUC_1,1,8DUC.A,A,A,PASS,
8DUD,8DUD_1,1,8DUD.A,A,A,PASS,
8DUG,8DUG_1,1,8DUG.B,B,B,PASS,
8DUG,8DUG_1,1,8DUG.A,A,A,PASS,
8DUH,8DUH_1,1,8DUH.B,B,B,PASS,
8DUH,8DUH_1,1,8DUH.A,A,A,PASS,
8DUI,8DUI_1,1,8DUI.B,B,B,PASS,
8DUI,8DUI_1,1,8DUI.A,A,A,PASS,
8DUK,8DUK_1,1,8DUK.D,D,D,PASS,
8DUK,8DUK_1,1,8DUK.C,C,C,PASS,
8DUK,8DUK_1,1,8DUK.B,B,B,PASS,
8DUK,8DUK_1,1,8DUK.A,A,A,PASS,
8DUS,8DUS_1,1,8DUS.F,F,H,PASS,
8DUS,8DUS_1,1,8DUS.E,E,G,PASS,
8DUS,8DUS_1,1,8DUS.D,D,F,PASS,
8DUS,8DUS_1,1,8DUS.C,C,E,PASS,
8DUS,8DUS_1,1,8DUS.B,B,B,PASS,
8DUS,8DUS_1,1,8DUS.A,A,A,PASS,
8DV5,8DV5_1,1,8DV5.B,B,B,PASS,
8DV5,8DV5_1,1,8DV5.A,A,A,PASS,
8DV7,8DV7_1,1,8DV7.B,B,B,PASS,
8DV7,8DV7_1,1,8DV7.A,A,A,PASS,
8DV8,8DV8_1,1,8DV8.B,B,B,PASS,
8DV8,8DV8_1,1,8DV8.A,A,A,PASS,
8DVB,8DVB_1,1,8DVB.B,B,B,PASS,
8DVB,8DVB_1,1,8DVB.A,A,A,PASS,
8E1A,8E1A_1,1,8E1A.A,A,A,PASS,
8E3N,8E3N_1,1,8E3N.A,A,A,PASS,
8EQZ,8EQZ_1,1,8EQZ.B,B,B,PASS,
8EQZ,8EQZ_1,1,8EQZ.A,A,A,PASS,
8EV1,8EV1_1,1,8EV1.A,A,A,PASS,
8EV1,8EV1_2,2,8EV1.B,B,B,PASS,
8EV2,8EV2_1,1,8EV2.B,B,B,PASS,
8EV2,8EV2_1,1,8EV2.A,A,A,PASS,
8F5Y,8F5Y_1,1,8F5Y.B,B,B,PASS,
8F5Y,8F5Y_1,1,8F5Y.A,A,A,PASS,
8F8M,8F8M_1,1,8F8M.A,A,A,PASS,
8FAV,8FAV_1,1,8FAV.B,B,B,PASS,
8FAV,8FAV_1,1,8FAV.A,A,A,PASS,
8FB1,8FB1_1,1,8FB1.B,B,B,PASS,
8FB1,8FB1_1,1,8FB1.A,A,A,PASS,
8FB2,8FB2_1,1,8FB2.B,B,B,PASS,
8FB2,8FB2_1,1,8FB2.A,A,A,PASS,
8FFV,8FFV_2,2,8FFV.C,C,C,PASS,
8FFW,8FFW_2,2,8FFW.C,C,C,PASS,
8FGY,8FGY_1,1,8FGY.A,A,A,PASS,
8FGZ,8FGZ_1,1,8FGZ.A,A,A,PASS,
8FH0,8FH0_1,1,8FH0.A,A,A,PASS,
8FH1,8FH1_1,1,8FH1.A,A,A,PASS,
8FH2,8FH2_1,1,8FH2.A,A,A,PASS,
8FHE,8FHE_1,1,8FHE.A,A,B,PASS,
8FHF,8FHF_1,1,8FHF.B,B,B,PASS,
8FHF,8FHF_1,1,8FHF.A,A,A,PASS,
8FHG,8FHG_1,1,8FHG.A,A,B,PASS,
8FKC,8FKC_1,1,8FKC.A,A,A,PASS,
8FKD,8FKD_1,1,8FKD.A,A,A,PASS,
8FKE,8FKE_1,1,8FKE.A,A,A,PASS,
8FKF,8FKF_1,1,8FKF.A,A,A,PASS,
8FKG,8FKG_2,2,8FKG.B,B,A,PASS,
8FPE,8FPE_1,1,8FPE.A,A,A,PASS,
8GXP,8GXP_1,1,8GXP.A,A,A,PASS,
8HBM,8HBM_1,1,8HBM.E,E,E,PASS,
8HBM,8HBM_1,1,8HBM.A,A,A,PASS,
8HBM,8HBM_2,2,8HBM.F,F,F,PASS,
8HBM,8HBM_2,2,8HBM.B,B,B,PASS,
8HD3,8HD3_1,1,8HD3.B,B,B,PASS,
8HD3,8HD3_1,1,8HD3.A,A,A,PASS,
8HF8,8HF8_1,1,8HF8.B,B,B,PASS,
8HF8,8HF8_1,1,8HF8.A,A,A,PASS,
8HHP,8HHP_1,1,8HHP.A,A,A,PASS,
8HHQ,8HHQ_1,1,8HHQ.B,B,B,PASS,
8HHQ,8HHQ_1,1,8HHQ.A,A,A,PASS,
8HUK,8HUK_1,1,8HUK.C,C,C,PASS,
8HUK,8HUK_1,1,8HUK.A,A,A,PASS,
8HUL,8HUL_1,1,8HUL.B,B,B,PASS,
8HUL,8HUL_1,1,8HUL.A,A,A,PASS,
8HUM,8HUM_1,1,8HUM.A,A,A,PASS,
8HUN,8HUN_1,1,8HUN.A,A,A,PASS,
8HUO,8HUO_1,1,8HUO.B,B,B,PASS,
8HUO,8HUO_1,1,8HUO.A,A,A,PASS,
8HUP,8HUP_1,1,8HUP.A,A,A,PASS,
8HUQ,8HUQ_1,1,8HUQ.A,A,A,PASS,
8IFO,8IFO_1,1,8IFO.E,E,F,PASS,
8IFO,8IFO_1,1,8IFO.B,B,B,PASS,
8IFO,8IFO_1,1,8IFO.A,A,A,PASS,
8IQN,8IQN_1,1,8IQN.A,A,A,PASS,
8IQT,8IQT_1,1,8IQT.A,A,A,PASS,
8PBO,8PBO_1,1,8PBO.B,B,B,PASS,
8PBO,8PBO_1,1,8PBO.A,A,A,PASS,
8PKI,8PKI_7,7,8PKI.K,K,K,PASS,
8PP0,8PP0_1,1,8PP0.A,A,A,PASS,
8R00,8R00_1,1,8R00.A,A,A,PASS,
8R81,8R81_1,1,8R81.A,A,A,PASS,
8R82,8R82_1,1,8R82.A,A,A,PASS,
8RCE,8RCE_1,1,8RCE.A,A,A,PASS,
8REJ,8REJ_1,1,8REJ.B,B,B,PASS,
8REJ,8REJ_1,1,8REJ.A,A,A,PASS,
8RM6,8RM6_1,1,8RM6.B,B,A,PASS,
8RM6,8RM6_1,1,8RM6.A,A,B,PASS,
8RM7,8RM7_1,1,8RM7.B,B,A,PASS,
8RM7,8RM7_1,1,8RM7.A,A,B,PASS,
8RQN,8RQN_1,1,8RQN.A,A,A,PASS,
8RQO,8RQO_1,1,8RQO.A,A,A,PASS,
8SC9,8SC9_1,1,8SC9.B,B,B,PASS,
8SC9,8SC9_1,1,8SC9.A,A,A,PASS,
8SVN,8SVN_1,1,8SVN.B,B,B,PASS,
8SVN,8SVN_1,1,8SVN.A,A,A,PASS,
8SVO,8SVO_1,1,8SVO.B,B,B,PASS,
8SVO,8SVO_1,1,8SVO.A,A,A,PASS,
8SVP,8SVP_1,1,8SVP.B,B,B,PASS,
8SVP,8SVP_1,1,8SVP.A,A,A,PASS,
8SVQ,8SVQ_1,1,8SVQ.B,B,B,PASS,
8SVQ,8SVQ_1,1,8SVQ.A,A,A,PASS,
8SVR,8SVR_1,1,8SVR.B,B,B,PASS,
8SVR,8SVR_1,1,8SVR.A,A,A,PASS,
8SVS,8SVS_1,1,8SVS.B,B,B,PASS,
8SVS,8SVS_1,1,8SVS.A,A,A,PASS,
8SVT,8SVT_1,1,8SVT.B,B,B,PASS,
8SVT,8SVT_1,1,8SVT.A,A,A,PASS,
8SVU,8SVU_1,1,8SVU.B,B,B,PASS,
8SVU,8SVU_1,1,8SVU.A,A,A,PASS,
8SVX,8SVX_1,1,8SVX.B,B,B,PASS,
8SVX,8SVX_1,1,8SVX.A,A,A,PASS,
8SZV,8SZV_1,1,8SZV.A,A,A,PASS,
8U57,8U57_1,1,8U57.A,A,A,PASS,
8VKZ,8VKZ_1,1,8VKZ.B,B,B,PASS,
8VKZ,8VKZ_1,1,8VKZ.A,A,A,PASS,
8VV1,8VV1_1,1,8VV1.B,B,B,PASS,
8VV1,8VV1_1,1,8VV1.A,A,A,PASS,
8VYT,8VYT_1,1,8VYT.D,D,D,PASS,
8VYT,8VYT_1,1,8VYT.C,C,C,PASS,
8VYT,8VYT_1,1,8VYT.B,B,B,PASS,
8VYT,8VYT_1,1,8VYT.A,A,A,PASS,
8VYX,8VYX_1,1,8VYX.D,D,D,PASS,
8VYX,8VYX_1,1,8VYX.C,C,C,PASS,
8VYX,8VYX_1,1,8VYX.B,B,B,PASS,
8VYX,8VYX_1,1,8VYX.A,A,A,PASS,
8VZ0,8VZ0_1,1,8VZ0.D,D,D,PASS,
8VZ0,8VZ0_1,1,8VZ0.C,C,C,PASS,
8VZ0,8VZ0_1,1,8VZ0.B,B,B,PASS,
8VZ0,8VZ0_1,1,8VZ0.A,A,A,PASS,
8VZ1,8VZ1_1,1,8VZ1.D,D,D,PASS,
8VZ1,8VZ1_1,1,8VZ1.C,C,C,PASS,
8VZ1,8VZ1_1,1,8VZ1.B,B,B,PASS,
8VZ1,8VZ1_1,1,8VZ1.A,A,A,PASS,
8VZP,8VZP_1,1,8VZP.D,D,D,PASS,
8VZP,8VZP_1,1,8VZP.C,C,C,PASS,
8VZP,8VZP_1,1,8VZP.B,B,B,PASS,
8VZP,8VZP_1,1,8VZP.A,A,A,PASS,
8VZQ,8VZQ_1,1,8VZQ.D,D,D,PASS,
8VZQ,8VZQ_1,1,8VZQ.C,C,C,PASS,
8VZQ,8VZQ_1,1,8VZQ.B,B,B,PASS,
8VZQ,8VZQ_1,1,8VZQ.A,A,A,PASS,
8W03,8W03_1,1,8W03.D,D,D,PASS,
8W03,8W03_1,1,8W03.C,C,C,PASS,
8W03,8W03_1,1,8W03.B,B,B,PASS,
8W03,8W03_1,1,8W03.A,A,A,PASS,
8W07,8W07_1,1,8W07.D,D,D,PASS,
8W07,8W07_1,1,8W07.C,C,C,PASS,
8W07,8W07_1,1,8W07.B,B,B,PASS,
8W07,8W07_1,1,8W07.A,A,A,PASS,
8WFE,8WFE_1,1,8WFE.B,B,B,PASS,
8WFE,8WFE_1,1,8WFE.A,A,A,PASS,
8WUY,8WUY_1,1,8WUY.B,B,B,PASS,
8WUY,8WUY_1,1,8WUY.A,A,A,PASS,
8X7E,8X7E_1,1,8X7E.G,G,G,PASS,
8X7E,8X7E_1,1,8X7E.E,E,E,PASS,
8X7E,8X7E_1,1,8X7E.C,C,C,PASS,
8X7E,8X7E_1,1,8X7E.A,A,A,PASS,
8XTT,8XTT_1,1,8XTT.A,A,A,PASS,
8XU5,8XU5_1,1,8XU5.B,B,B,PASS,
8XU5,8XU5_1,1,8XU5.A,A,A,PASS,
8Y7L,8Y7L_1,1,8Y7L.B,B,B,PASS,
8Y7L,8Y7L_1,1,8Y7L.A,A,A,PASS,
8YT6,8YT6_1,1,8YT6.A,A,A,PASS,
8YT9,8YT9_1,1,8YT9.A,A,A,PASS,
8YTL,8YTL_1,1,8YTL.A,A,A,PASS,
8YU8,8YU8_1,1,8YU8.A,A,A,PASS,
8YWU,8YWU_1,1,8YWU.A,A,A,PASS,
8YWV,8YWV_1,1,8YWV.A,A,A,PASS,
8Z5A,8Z5A_1,1,8Z5A.B,B,A,PASS,
8Z5A,8Z5A_1,1,8Z5A.A,A,B,PASS,
8ZFN,8ZFN_1,1,8ZFN.B,B,B,PASS,
8ZFN,8ZFN_1,1,8ZFN.A,A,A,PASS,
8ZFO,8ZFO_1,1,8ZFO.B,B,B,PASS,
8ZFO,8ZFO_1,1,8ZFO.A,A,A,PASS,
8ZFP,8ZFP_1,1,8ZFP.B,B,B,PASS,
8ZFP,8ZFP_1,1,8ZFP.A,A,A,PASS,
8ZFQ,8ZFQ_1,1,8ZFQ.B,B,B,PASS,
8ZFQ,8ZFQ_1,1,8ZFQ.A,A,A,PASS,
8ZFR,8ZFR_1,1,8ZFR.B,B,B,PASS,
8ZFR,8ZFR_1,1,8ZFR.A,A,A,PASS,
8ZFS,8ZFS_1,1,8ZFS.B,B,B,PASS,
8ZFS,8ZFS_1,1,8ZFS.A,A,A,PASS,
8ZFT,8ZFT_1,1,8ZFT.B,B,B,PASS,
8ZFT,8ZFT_1,1,8ZFT.A,A,A,PASS,
8ZNN,8ZNN_1,1,8ZNN.A,A,A,PASS,
9B25,9B25_1,1,9B25.D,D,D,PASS,
9B25,9B25_1,1,9B25.C,C,C,PASS,
9B25,9B25_1,1,9B25.B,B,B,PASS,
9B25,9B25_1,1,9B25.A,A,A,PASS,
9B2B,9B2B_1,1,9B2B.D,D,D,PASS,
9B2B,9B2B_1,1,9B2B.C,C,C,PASS,
9B2B,9B2B_1,1,9B2B.B,B,B,PASS,
9B2B,9B2B_1,1,9B2B.A,A,A,PASS,
9BEQ,9BEQ_1,1,9BEQ.A,A,A,PASS,
9BPX,9BPX_1,1,9BPX.B,B,B,PASS,
9BPX,9BPX_1,1,9BPX.A,A,A,PASS,
9BQE,9BQE_1,1,9BQE.B,B,B,PASS,
9BQE,9BQE_1,1,9BQE.A,A,A,PASS,
9BU1,9BU1_1,1,9BU1.B,B,B,PASS,
9BU1,9BU1_1,1,9BU1.A,A,A,PASS,
9CK0,9CK0_1,1,9CK0.A,A,A,PASS,
9CWN,9CWN_1,1,9CWN.A,A,A,PASS,
9EBG,9EBG_2,2,9EBG.D,D,C,PASS,
9EBG,9EBG_2,2,9EBG.C,C,A,PASS,
9EBL,9EBL_1,1,9EBL.F,F,F,PASS,
9EBL,9EBL_1,1,9EBL.E,E,E,PASS,
9EBL,9EBL_1,1,9EBL.B,B,B,PASS,
9EBL,9EBL_1,1,9EBL.A,A,A,PASS,
9ECF,9ECF_1,1,9ECF.N,N,N,PASS,
9ECF,9ECF_1,1,9ECF.M,M,M,PASS,
9ECF,9ECF_1,1,9ECF.J,J,J,PASS,
9ECF,9ECF_1,1,9ECF.I,I,I,PASS,
9ECF,9ECF_1,1,9ECF.F,F,B,PASS,
9ECF,9ECF_1,1,9ECF.E,E,A,PASS,
9ECF,9ECF_1,1,9ECF.B,B,F,PASS,
9ECF,9ECF_1,1,9ECF.A,A,E,PASS,
9ECK,9ECK_1,1,9ECK.D,D,D,PASS,
9ECK,9ECK_1,1,9ECK.C,C,C,PASS,
9ECK,9ECK_1,1,9ECK.B,B,B,PASS,
9ECK,9ECK_1,1,9ECK.A,A,A,PASS,
9F7W,9F7W_1,1,9F7W.A,A,A,PASS,
9F7X,9F7X_1,1,9F7X.A,A,A,PASS,
9FZG,9FZG_1,1,9FZG.A,A,A,PASS,
9FZH,9FZH_1,1,9FZH.A,A,A,PASS,
9FZI,9FZI_1,1,9FZI.B,B,B,PASS,
9FZI,9FZI_1,1,9FZI.A,A,A,PASS,
9FZJ,9FZJ_1,1,9FZJ.A,A,A,PASS,
9GC7,9GC7_1,1,9GC7.A,A,A,PASS,
9GFE,9GFE_1,1,9GFE.A,A,A,PASS,
9GFI,9GFI_1,1,9GFI.A,A,A,PASS,
9GFU,9GFU_1,1,9GFU.B,B,A,PASS,
9GFU,9GFU_1,1,9GFU.A,A,B,PASS,
9GVP,9GVP_1,1,9GVP.B,B,A,PASS,
9GVP,9GVP_1,1,9GVP.A,A,B,PASS,
9GVS,9GVS_1,1,9GVS.B,B,A,PASS,
9GVS,9GVS_1,1,9GVS.A,A,B,PASS,
9GVT,9GVT_1,1,9GVT.B,B,A,PASS,
9GVT,9GVT_1,1,9GVT.A,A,B,PASS,
9GW3,9GW3_1,1,9GW3.B,B,B,PASS,
9GW3,9GW3_1,1,9GW3.A,A,A,PASS,
9GW4,9GW4_1,1,9GW4.B,B,B,PASS,
9GW4,9GW4_1,1,9GW4.A,A,A,PASS,
9GW7,9GW7_1,1,9GW7.B,B,B,PASS,
9GW7,9GW7_1,1,9GW7.A,A,A,PASS,
9GW8,9GW8_1,1,9GW8.B,B,B,PASS,
9GW8,9GW8_1,1,9GW8.A,A,A,PASS,
9GWB,9GWB_1,1,9GWB.B,B,B,PASS,
9GWB,9GWB_1,1,9GWB.A,A,A,PASS,
9GWC,9GWC_1,1,9GWC.B,B,B,PASS,
9GWC,9GWC_1,1,9GWC.A,A,A,PASS,
9GWE,9GWE_1,1,9GWE.B,B,A,PASS,
9GWE,9GWE_1,1,9GWE.A,A,B,PASS,
9GWF,9GWF_1,1,9GWF.B,B,B,PASS,
9GWF,9GWF_1,1,9GWF.A,A,A,PASS,
9GWG,9GWG_1,1,9GWG.B,B,B,PASS,
9GWG,9GWG_1,1,9GWG.A,A,A,PASS,
9GWH,9GWH_1,1,9GWH.B,B,B,PASS,
9GWH,9GWH_1,1,9GWH.A,A,A,PASS,
9GWI,9GWI_1,1,9GWI.B,B,B,PASS,
9GWI,9GWI_1,1,9GWI.A,A,A,PASS,
9GWK,9GWK_1,1,9GWK.B,B,A,PASS,
9GWK,9GWK_1,1,9GWK.A,A,B,PASS,
9GWL,9GWL_1,1,9GWL.B,B,A,PASS,
9GWL,9GWL_1,1,9GWL.A,A,B,PASS,
9GWM,9GWM_1,1,9GWM.B,B,A,PASS,
9GWM,9GWM_1,1,9GWM.A,A,B,PASS,
9GWN,9GWN_1,1,9GWN.B,B,B,PASS,
9GWN,9GWN_1,1,9GWN.A,A,A,PASS,
9GWP,9GWP_1,1,9GWP.B,B,B,PASS,
9GWP,9GWP_1,1,9GWP.A,A,A,PASS,
9GWQ,9GWQ_1,1,9GWQ.B,B,A,PASS,
9GWQ,9GWQ_1,1,9GWQ.A,A,B,PASS,
9GWR,9GWR_1,1,9GWR.B,B,A,PASS,
9GWR,9GWR_1,1,9GWR.A,A,B,PASS,
9GWS,9GWS_1,1,9GWS.B,B,A,PASS,
9GWS,9GWS_1,1,9GWS.A,A,B,PASS,
9GWX,9GWX_1,1,9GWX.B,B,A,PASS,
9GWX,9GWX_1,1,9GWX.A,A,B,PASS,
9GWY,9GWY_1,1,9GWY.B,B,A,PASS,
9GWY,9GWY_1,1,9GWY.A,A,B,PASS,
9GX0,9GX0_1,1,9GX0.B,B,A,PASS,
9GX0,9GX0_1,1,9GX0.A,A,B,PASS,
9GX1,9GX1_1,1,9GX1.B,B,A,PASS,
9GX1,9GX1_1,1,9GX1.A,A,B,PASS,
9GX2,9GX2_1,1,9GX2.B,B,A,PASS,
9GX2,9GX2_1,1,9GX2.A,A,B,PASS,
9GX3,9GX3_1,1,9GX3.B,B,B,PASS,
9GX3,9GX3_1,1,9GX3.A,A,A,PASS,
9GX4,9GX4_1,1,9GX4.B,B,A,PASS,
9GX4,9GX4_1,1,9GX4.A,A,B,PASS,
9GX5,9GX5_1,1,9GX5.B,B,A,PASS,
9GX5,9GX5_1,1,9GX5.A,A,B,PASS,
9GX6,9GX6_1,1,9GX6.B,B,B,PASS,
9GX6,9GX6_1,1,9GX6.A,A,A,PASS,
9GX7,9GX7_1,1,9GX7.B,B,A,PASS,
9GX7,9GX7_1,1,9GX7.A,A,B,PASS,
9GXD,9GXD_1,1,9GXD.B,B,A,PASS,
9GXD,9GXD_1,1,9GXD.A,A,B,PASS,
9GZ7,9GZ7_1,1,9GZ7.B,B,A,PASS,
9GZ7,9GZ7_1,1,9GZ7.A,A,B,PASS,
9GZ8,9GZ8_1,1,9GZ8.B,B,B,PASS,
9GZ8,9GZ8_1,1,9GZ8.A,A,A,PASS,
9GZ9,9GZ9_1,1,9GZ9.B,B,B,PASS,
9GZ9,9GZ9_1,1,9GZ9.A,A,A,PASS,
9GZA,9GZA_1,1,9GZA.B,B,B,PASS,
9GZA,9GZA_1,1,9GZA.A,A,A,PASS,
9GZB,9GZB_1,1,9GZB.B,B,B,PASS,
9GZB,9GZB_1,1,9GZB.A,A,A,PASS,
9GZC,9GZC_1,1,9GZC.B,B,A,PASS,
9GZC,9GZC_1,1,9GZC.A,A,B,PASS,
9GZD,9GZD_1,1,9GZD.A,A,A,PASS,
9GZE,9GZE_1,1,9GZE.B,B,A,PASS,
9GZE,9GZE_1,1,9GZE.A,A,B,PASS,
9GZF,9GZF_1,1,9GZF.B,B,A,PASS,
9GZF,9GZF_1,1,9GZF.A,A,B,PASS,
9GZI,9GZI_1,1,9GZI.B,B,A,PASS,
9GZI,9GZI_1,1,9GZI.A,A,B,PASS,
9H65,9H65_1,1,9H65.B,B,B,PASS,
9H65,9H65_1,1,9H65.A,A,A,PASS,
9H66,9H66_1,1,9H66.D,D,D,PASS,
9H66,9H66_1,1,9H66.C,C,C,PASS,
9H66,9H66_1,1,9H66.B,B,B,PASS,
9H66,9H66_1,1,9H66.A,A,A,PASS,
9HDF,9HDF_3,3,9HDF.Z,Z,j,PASS,
9HDF,9HDF_3,3,9HDF.Y,Y,i,PASS,
9HDF,9HDF_3,3,9HDF.X,X,h,PASS,
9HDF,9HDF_3,3,9HDF.W,W,g,PASS,
9HDF,9HDF_3,3,9HDF.V,V,f,PASS,
9HDF,9HDF_3,3,9HDF.U,U,e,PASS,
9HDF,9HDF_3,3,9HDF.T,T,d,PASS,
9HDF,9HDF_3,3,9HDF.S,S,c,PASS,
9HDF,9HDF_3,3,9HDF.R,R,b,PASS,
9HDF,9HDF_3,3,9HDF.Q,Q,a,PASS,
9HDF,9HDF_3,3,9HDF.FA,FA,p,PASS,
9HDF,9HDF_3,3,9HDF.EA,EA,o,PASS,
9HDF,9HDF_3,3,9HDF.DA,DA,n,PASS,
9HDF,9HDF_3,3,9HDF.CA,CA,m,PASS,
9HDF,9HDF_3,3,9HDF.BA,BA,l,PASS,
9HDF,9HDF_3,3,9HDF.AA,AA,k,PASS,
9HX2,9HX2_1,1,9HX2.B,B,B,PASS,
9HX2,9HX2_1,1,9HX2.A,A,A,PASS,
9I6S,9I6S_2,2,9I6S.B,B,B,PASS,
9I6T,9I6T_2,2,9I6T.B,B,B,PASS,
9I6U,9I6U_2,2,9I6U.B,B,B,PASS,
9I6V,9I6V_2,2,9I6V.B,B,B,PASS,
9I6W,9I6W_2,2,9I6W.B,B,B,PASS,
9I6X,9I6X_2,2,9I6X.B,B,B,PASS,
9I6Y,9I6Y_2,2,9I6Y.B,B,B,PASS,
9I6Z,9I6Z_2,2,9I6Z.B,B,B,PASS,
9I70,9I70_2,2,9I70.B,B,B,PASS,
9I71,9I71_2,2,9I71.B,B,B,PASS,
9I72,9I72_2,2,9I72.B,B,B,PASS,
9I73,9I73_2,2,9I73.B,B,B,PASS,
9I74,9I74_2,2,9I74.B,B,B,PASS,
9I75,9I75_2,2,9I75.B,B,B,PASS,
9IBR,9IBR_1,1,9IBR.A,A,A,PASS,
9IWJ,9IWJ_1,1,9IWJ.D,D,D,PASS,
9IWJ,9IWJ_1,1,9IWJ.C,C,C,PASS,
9IWJ,9IWJ_1,1,9IWJ.B,B,B,PASS,
9IWJ,9IWJ_1,1,9IWJ.A,A,A,PASS,
9IWK,9IWK_1,1,9IWK.C,C,C,PASS,
9IWK,9IWK_1,1,9IWK.A,A,A,PASS,
9IWL,9IWL_1,1,9IWL.A,A,A,PASS,
9IWM,9IWM_1,1,9IWM.A,A,A,PASS,
9IWN,9IWN_1,1,9IWN.A,A,A,PASS,
9IWO,9IWO_1,1,9IWO.A,A,A,PASS,
9IX5,9IX5_1,1,9IX5.A,A,A,PASS,
9J0K,9J0K_1,1,9J0K.B,B,B,PASS,
9J0K,9J0K_1,1,9J0K.A,A,A,PASS,
9KNC,9KNC_1,1,9KNC.A,A,A,PASS,
9KND,9KND_1,1,9KND.A,A,A,PASS,
9KNE,9KNE_1,1,9KNE.A,A,A,PASS,
9KNF,9KNF_1,1,9KNF.A,A,A,PASS,
9KNG,9KNG_1,1,9KNG.A,A,A,PASS,
9L3T,9L3T_1,1,9L3T.B,B,B,PASS,
9L3T,9L3T_1,1,9L3T.A,A,A,PASS,
9LQ3,9LQ3_1,1,9LQ3.A,A,A,PASS,
9LVP,9LVP_1,1,9LVP.D,D,D,PASS,
9LVP,9LVP_1,1,9LVP.C,C,C,PASS,
9LVP,9LVP_1,1,9LVP.B,B,B,PASS,
9LVP,9LVP_1,1,9LVP.A,A,A,PASS,
9M2E,9M2E_1,1,9M2E.B,B,AAA,PASS,
9M2E,9M2E_1,1,9M2E.A,A,BBB,PASS,
9MAH,9MAH_1,1,9MAH.B,B,B,PASS,
9MAH,9MAH_1,1,9MAH.A,A,A,PASS,
9N9L,9N9L_1,1,9N9L.B,B,B,PASS,
9N9L,9N9L_1,1,9N9L.A,A,A,PASS,
9O41,9O41_1,1,9O41.B,B,B,PASS,
9O41,9O41_1,1,9O41.A,A,A,PASS,
9O42,9O42_1,1,9O42.B,B,B,PASS,
9O42,9O42_1,1,9O42.A,A,A,PASS,
9O43,9O43_1,1,9O43.B,B,B,PASS,
9O43,9O43_1,1,9O43.A,A,A,PASS,
9O44,9O44_1,1,9O44.B,B,B,PASS,
9O44,9O44_1,1,9O44.A,A,A,PASS,
9O45,9O45_1,1,9O45.B,B,B,PASS,
9O45,9O45_1,1,9O45.A,A,A,PASS,
9O46,9O46_1,1,9O46.B,B,B,PASS,
9O46,9O46_1,1,9O46.A,A,A,PASS,
9O9N,9O9N_1,1,9O9N.A,A,B,PASS,
9OLC,9OLC_1,1,9OLC.D,D,D,PASS,
9OLC,9OLC_1,1,9OLC.C,C,C,PASS,
9OLC,9OLC_1,1,9OLC.B,B,B,PASS,
9OLC,9OLC_1,1,9OLC.A,A,A,PASS,
9QFZ,9QFZ_1,1,9QFZ.B,B,A,PASS,
9QFZ,9QFZ_1,1,9QFZ.A,A,B,PASS,
9QG0,9QG0_1,1,9QG0.B,B,A,PASS,
9QG0,9QG0_1,1,9QG0.A,A,B,PASS,
9QG2,9QG2_1,1,9QG2.B,B,A,PASS,
9QG2,9QG2_1,1,9QG2.A,A,B,PASS,
9QG3,9QG3_1,1,9QG3.B,B,A,PASS,
9QG3,9QG3_1,1,9QG3.A,A,B,PASS,
9QG4,9QG4_1,1,9QG4.B,B,A,PASS,
9QG4,9QG4_1,1,9QG4.A,A,B,PASS,
9QG5,9QG5_1,1,9QG5.B,B,A,PASS,
9QG5,9QG5_1,1,9QG5.A,A,B,PASS,
9QG6,9QG6_1,1,9QG6.B,B,A,PASS,
9QG6,9QG6_1,1,9QG6.A,A,B,PASS,
9QGJ,9QGJ_1,1,9QGJ.B,B,A,PASS,
9QGJ,9QGJ_1,1,9QGJ.A,A,B,PASS,
9QJ9,9QJ9_1,1,9QJ9.B,B,B,PASS,
9QJ9,9QJ9_1,1,9QJ9.A,A,A,PASS,
9QX6,9QX6_1,1,9QX6.A,A,A,PASS,
9R6I,9R6I_1,1,9R6I.A,A,A,PASS,
9R6K,9R6K_1,1,9R6K.A,A,A,PASS,
9RMR,9RMR_1,1,9RMR.A,A,A,PASS,
9S70,9S70_1,1,9S70.A,A,A,PASS,
9S71,9S71_1,1,9S71.A,A,A,PASS,
9SFS,9SFS_1,1,9SFS.A,A,A,PASS,
9SMQ,9SMQ_1,1,9SMQ.A,A,A,PASS,
9SV3,9SV3_3,3,9SV3.D,D,H,PASS,
9SV3,9SV3_3,3,9SV3.C,C,G,PASS,
9T5S,9T5S_1,1,9T5S.C,C,C,PASS,
9T5S,9T5S_1,1,9T5S.A,A,A,PASS,
9V5K,9V5K_1,1,9V5K.B,B,A,PASS,
9V5K,9V5K_1,1,9V5K.A,A,B,PASS,
9V8D,9V8D_1,1,9V8D.A,A,A,PASS,
9V8E,9V8E_1,1,9V8E.A,A,A,PASS,
9V8F,9V8F_1,1,9V8F.A,A,A,PASS,
9V8G,9V8G_1,1,9V8G.A,A,A,PASS,
9V8H,9V8H_1,1,9V8H.A,A,A,PASS,
9VBQ,9VBQ_1,1,9VBQ.A,A,A,PASS,
9VBR,9VBR_1,1,9VBR.B,B,B,PASS,
9VBR,9VBR_1,1,9VBR.A,A,A,PASS,
9VNX,9VNX_1,1,9VNX.A,A,A,PASS,
9VT5,9VT5_1,1,9VT5.B,B,B,PASS,
9VT5,9VT5_1,1,9VT5.A,A,A,PASS,
9VTU,9VTU_1,1,9VTU.B,B,A,PASS,
9VTU,9VTU_1,1,9VTU.A,A,B,PASS,
9VZQ,9VZQ_1,1,9VZQ.A,A,A,PASS,
9VZS,9VZS_1,1,9VZS.A,A,A,PASS,
9VZT,9VZT_1,1,9VZT.A,A,A,PASS,
9W11,9W11_1,1,9W11.B,B,B,PASS,
9W11,9W11_1,1,9W11.A,A,A,PASS,
9W12,9W12_1,1,9W12.B,B,B,PASS,
9W12,9W12_1,1,9W12.A,A,A,PASS,
9W13,9W13_1,1,9W13.B,B,B,PASS,
9W13,9W13_1,1,9W13.A,A,A,PASS,
9WB2,9WB2_1,1,9WB2.C,C,A,PASS,
9WB2,9WB2_1,1,9WB2.A,A,B,PASS,
9WF5,9WF5_1,1,9WF5.C,C,B,PASS,
9WF5,9WF5_1,1,9WF5.A,A,A,PASS,
9XMJ,9XMJ_1,1,9XMJ.G,G,G,PASS,
9XMJ,9XMJ_1,1,9XMJ.E,E,E,PASS,
9XMJ,9XMJ_1,1,9XMJ.C,C,C,PASS,
9XMJ,9XMJ_1,1,9XMJ.A,A,A,PASS,
9Y7E,9Y7E_2,2,9Y7E.D,D,Y,PASS,
9Y7E,9Y7E_2,2,9Y7E.C,C,X,PASS,
9YC4,9YC4_2,2,9YC4.D,D,Y,PASS,
9YC4,9YC4_2,2,9YC4.C,C,X,PASS,
