polymer_entity_id,pdb_id,entity_id,mapped_database_name,mapped_uniprot_accession,alignment_regions_json,query_project_uniprot,is_project_receptor_accession,is_query_receptor_accession,duplicate_mapping_for_same_accession,aligned_region_count,reference_intervals_overlap,entity_intervals_overlap,computed_reference_sequence_coverage,computed_entity_sequence_coverage
1Y0X_1,1Y0X,1,UniProt,P10828,"[{""entity_beg_seq_id"":22,""ref_beg_seq_id"":202,""length"":260,""entity_end_seq_id"":281,""ref_end_seq_id"":461}]",P10828,True,True,False,1,False,False,0.563991,0.925267
1Y0S_1,1Y0S,1,UniProt,Q03181,"[{""entity_beg_seq_id"":1,""ref_beg_seq_id"":170,""length"":272,""entity_end_seq_id"":272,""ref_end_seq_id"":441}]",Q03181,True,True,False,1,False,False,0.61678,1.0
1XZX_1,1XZX,1,UniProt,P10828,"[{""entity_beg_seq_id"":22,""ref_beg_seq_id"":202,""length"":260,""entity_end_seq_id"":281,""ref_end_seq_id"":461}]",P10828,True,True,False,1,False,False,0.563991,0.925267
1XVP_2,1XVP,2,UniProt,Q14994,"[{""entity_beg_seq_id"":1,""ref_beg_seq_id"":103,""length"":246,""entity_end_seq_id"":246,""ref_end_seq_id"":348}]",Q14994,True,True,False,1,False,False,0.698864,1.0
1XVP_1,1XVP,1,UniProt,P19793,"[{""entity_beg_seq_id"":1,""ref_beg_seq_id"":227,""length"":236,""entity_end_seq_id"":236,""ref_end_seq_id"":462}]",P19793,True,True,False,1,False,False,0.510823,1.0
1XV9_2,1XV9,2,UniProt,Q14994,"[{""entity_beg_seq_id"":1,""ref_beg_seq_id"":103,""length"":246,""entity_end_seq_id"":246,""ref_end_seq_id"":348}]",Q14994,True,True,False,1,False,False,0.698864,1.0
1XV9_1,1XV9,1,UniProt,P19793,"[{""entity_beg_seq_id"":1,""ref_beg_seq_id"":227,""length"":236,""entity_end_seq_id"":236,""ref_end_seq_id"":462}]",P19793,True,True,False,1,False,False,0.510823,1.0
1XQC_1,1XQC,1,UniProt,P03372,"[{""entity_beg_seq_id"":2,""ref_beg_seq_id"":301,""length"":253,""entity_end_seq_id"":254,""ref_end_seq_id"":553}]",P03372,True,True,False,1,False,False,0.42521,0.996063
1XQ3_1,1XQ3,1,UniProt,P10275,"[{""entity_beg_seq_id"":1,""ref_beg_seq_id"":672,""length"":249,""entity_end_seq_id"":249,""ref_end_seq_id"":920}]",P10275,True,True,False,1,False,False,0.270652,1.0
1XPC_1,1XPC,1,UniProt,P03372,"[{""entity_beg_seq_id"":1,""ref_beg_seq_id"":307,""length"":248,""entity_end_seq_id"":248,""ref_end_seq_id"":554}]",P03372,True,True,False,1,False,False,0.416807,1.0
1XP9_1,1XP9,1,UniProt,P03372,"[{""entity_beg_seq_id"":1,""ref_beg_seq_id"":307,""length"":248,""entity_end_seq_id"":248,""ref_end_seq_id"":554}]",P03372,True,True,False,1,False,False,0.416807,1.0
1XP6_1,1XP6,1,UniProt,P03372,"[{""entity_beg_seq_id"":1,""ref_beg_seq_id"":307,""length"":248,""entity_end_seq_id"":248,""ref_end_seq_id"":554}]",P03372,True,True,False,1,False,False,0.416807,1.0
1XP1_1,1XP1,1,UniProt,P03372,"[{""entity_beg_seq_id"":1,""ref_beg_seq_id"":307,""length"":248,""entity_end_seq_id"":248,""ref_end_seq_id"":554}]",P03372,True,True,False,1,False,False,0.416807,1.0
1XOW_2,1XOW,2,UniProt,P10275,"[{""entity_beg_seq_id"":1,""ref_beg_seq_id"":20,""length"":11,""entity_end_seq_id"":11,""ref_end_seq_id"":30}]",P10275,True,True,False,1,False,False,0.011957,1.0
1XOW_1,1XOW,1,UniProt,P10275,"[{""entity_beg_seq_id"":1,""ref_beg_seq_id"":672,""length"":249,""entity_end_seq_id"":249,""ref_end_seq_id"":920}]",P10275,True,True,False,1,False,False,0.270652,1.0
1XLS_1,1XLS,1,UniProt,P19793,"[{""entity_beg_seq_id"":1,""ref_beg_seq_id"":227,""length"":232,""entity_end_seq_id"":232,""ref_end_seq_id"":458}]",P19793,True,True,False,1,False,False,0.502165,1.0
1XJ7_1,1XJ7,1,UniProt,P10275,"[{""entity_beg_seq_id"":1,""ref_beg_seq_id"":664,""length"":257,""entity_end_seq_id"":257,""ref_end_seq_id"":920}]",P10275,True,True,False,1,False,False,0.279348,1.0
1XB7_1,1XB7,1,UniProt,P11474,"[{""entity_beg_seq_id"":18,""ref_beg_seq_id"":194,""length"":230,""entity_end_seq_id"":247,""ref_end_seq_id"":423}]",P11474,True,True,False,1,False,False,0.543735,0.931174
1XAP_1,1XAP,1,UniProt,P10826,"[{""entity_beg_seq_id"":22,""ref_beg_seq_id"":176,""length"":246,""entity_end_seq_id"":267,""ref_end_seq_id"":421}]",P10826,True,True,False,1,False,False,0.540659,0.921348
1X7R_1,1X7R,1,UniProt,P03372,"[{""entity_beg_seq_id"":1,""ref_beg_seq_id"":305,""length"":245,""entity_end_seq_id"":245,""ref_end_seq_id"":549}]",P03372,True,True,False,1,False,False,0.411765,1.0
1X7J_1,1X7J,1,UniProt,Q92731,"[{""entity_beg_seq_id"":1,""ref_beg_seq_id"":261,""length"":240,""entity_end_seq_id"":240,""ref_end_seq_id"":500}]",Q92731,True,True,False,1,False,False,0.45283,1.0
1X7E_1,1X7E,1,UniProt,P03372,"[{""entity_beg_seq_id"":1,""ref_beg_seq_id"":305,""length"":245,""entity_end_seq_id"":245,""ref_end_seq_id"":549}]",P03372,True,True,False,1,False,False,0.411765,1.0
1X7B_1,1X7B,1,UniProt,Q92731,"[{""entity_beg_seq_id"":1,""ref_beg_seq_id"":261,""length"":240,""entity_end_seq_id"":240,""ref_end_seq_id"":500}]",Q92731,True,True,False,1,False,False,0.45283,1.0
1X78_1,1X78,1,UniProt,Q92731,"[{""entity_beg_seq_id"":1,""ref_beg_seq_id"":261,""length"":240,""entity_end_seq_id"":240,""ref_end_seq_id"":500}]",Q92731,True,True,False,1,False,False,0.45283,1.0
1X76_1,1X76,1,UniProt,Q92731,"[{""entity_beg_seq_id"":1,""ref_beg_seq_id"":261,""length"":240,""entity_end_seq_id"":240,""ref_end_seq_id"":500}]",Q92731,True,True,False,1,False,False,0.45283,1.0
1WM0_1,1WM0,1,UniProt,P37231,"[{""entity_beg_seq_id"":19,""ref_beg_seq_id"":232,""length"":274,""entity_end_seq_id"":292,""ref_end_seq_id"":505}]",P37231,True,True,False,1,False,False,0.542574,0.938356
1VJB_1,1VJB,1,UniProt,P62508,"[{""entity_beg_seq_id"":22,""ref_beg_seq_id"":229,""length"":230,""entity_end_seq_id"":251,""ref_end_seq_id"":458}]",P62508,True,True,False,1,False,False,0.502183,0.916335
1UPW_1,1UPW,1,UniProt,P55055,"[{""entity_beg_seq_id"":1,""ref_beg_seq_id"":203,""length"":257,""entity_end_seq_id"":257,""ref_end_seq_id"":459}]",P55055,True,True,False,1,False,False,0.558696,1.0
1UPV_1,1UPV,1,UniProt,P55055,"[{""entity_beg_seq_id"":1,""ref_beg_seq_id"":203,""length"":257,""entity_end_seq_id"":257,""ref_end_seq_id"":459}]",P55055,True,True,False,1,False,False,0.558696,1.0
1UOM_1,1UOM,1,UniProt,P03372,"[{""entity_beg_seq_id"":2,""ref_beg_seq_id"":301,""length"":253,""entity_end_seq_id"":254,""ref_end_seq_id"":553}]",P03372,True,True,False,1,False,False,0.42521,0.996063
1UHL_2,1UHL,2,UniProt,Q13133,"[{""entity_beg_seq_id"":2,""ref_beg_seq_id"":207,""length"":241,""entity_end_seq_id"":242,""ref_end_seq_id"":447}]",Q13133,True,True,False,1,False,False,0.53915,0.995868
1UHL_1,1UHL,1,UniProt,P28702,"[{""entity_beg_seq_id"":1,""ref_beg_seq_id"":298,""length"":236,""entity_end_seq_id"":236,""ref_end_seq_id"":533}]",P28702,True,True,False,1,False,False,0.442777,1.0
1U9E_1,1U9E,1,UniProt,Q92731,"[{""entity_beg_seq_id"":1,""ref_beg_seq_id"":261,""length"":241,""entity_end_seq_id"":241,""ref_end_seq_id"":501}]",Q92731,True,True,False,1,False,False,0.454717,1.0
1U3S_1,1U3S,1,UniProt,Q92731,"[{""entity_beg_seq_id"":1,""ref_beg_seq_id"":261,""length"":240,""entity_end_seq_id"":240,""ref_end_seq_id"":500}]",Q92731,True,True,False,1,False,False,0.45283,1.0
1U3R_1,1U3R,1,UniProt,Q92731,"[{""entity_beg_seq_id"":1,""ref_beg_seq_id"":261,""length"":241,""entity_end_seq_id"":241,""ref_end_seq_id"":501}]",Q92731,True,True,False,1,False,False,0.454717,1.0
1U3Q_1,1U3Q,1,UniProt,Q92731,"[{""entity_beg_seq_id"":1,""ref_beg_seq_id"":261,""length"":240,""entity_end_seq_id"":240,""ref_end_seq_id"":500}]",Q92731,True,True,False,1,False,False,0.45283,1.0
1TXI_1,1TXI,1,UniProt,P11473,"[{""entity_beg_seq_id"":5,""ref_beg_seq_id"":118,""length"":259,""entity_end_seq_id"":263,""ref_end_seq_id"":376}]",P11473,True,True,False,1,False,False,0.606557,0.984791
1TFC_1,1TFC,1,UniProt,P62508,"[{""entity_beg_seq_id"":22,""ref_beg_seq_id"":229,""length"":230,""entity_end_seq_id"":251,""ref_end_seq_id"":458}]",P62508,True,True,False,1,False,False,0.502183,0.916335
1T65_1,1T65,1,UniProt,P10275,"[{""entity_beg_seq_id"":1,""ref_beg_seq_id"":670,""length"":251,""entity_end_seq_id"":251,""ref_end_seq_id"":920}]",P10275,True,True,False,1,False,False,0.272826,1.0
1T63_1,1T63,1,UniProt,P10275,"[{""entity_beg_seq_id"":1,""ref_beg_seq_id"":670,""length"":251,""entity_end_seq_id"":251,""ref_end_seq_id"":920}]",P10275,True,True,False,1,False,False,0.272826,1.0
1T5Z_1,1T5Z,1,UniProt,P10275,"[{""entity_beg_seq_id"":1,""ref_beg_seq_id"":670,""length"":251,""entity_end_seq_id"":251,""ref_end_seq_id"":920}]",P10275,True,True,False,1,False,False,0.272826,1.0
1SR7_1,1SR7,1,UniProt,P06401,"[{""entity_beg_seq_id"":2,""ref_beg_seq_id"":676,""length"":258,""entity_end_seq_id"":259,""ref_end_seq_id"":933}]",P06401,True,True,False,1,False,False,0.276527,0.996139
1SQN_1,1SQN,1,UniProt,P06401,"[{""entity_beg_seq_id"":1,""ref_beg_seq_id"":673,""length"":261,""entity_end_seq_id"":261,""ref_end_seq_id"":933}]",P06401,True,True,False,1,False,False,0.279743,1.0
1SKX_1,1SKX,1,UniProt,O75469,"[{""entity_beg_seq_id"":12,""ref_beg_seq_id"":130,""length"":302,""entity_end_seq_id"":313,""ref_end_seq_id"":431}]",O75469,True,True,False,1,False,False,0.695853,0.964856
1SJ0_1,1SJ0,1,UniProt,P03372,"[{""entity_beg_seq_id"":1,""ref_beg_seq_id"":307,""length"":248,""entity_end_seq_id"":248,""ref_end_seq_id"":554}]",P03372,True,True,False,1,False,False,0.416807,1.0
1S19_1,1S19,1,UniProt,P11473,"[{""entity_beg_seq_id"":5,""ref_beg_seq_id"":118,""length"":259,""entity_end_seq_id"":263,""ref_end_seq_id"":376}]",P11473,True,True,False,1,False,False,0.606557,0.984791
1S0Z_1,1S0Z,1,UniProt,P11473,"[{""entity_beg_seq_id"":5,""ref_beg_seq_id"":118,""length"":259,""entity_end_seq_id"":263,""ref_end_seq_id"":376}]",P11473,True,True,False,1,False,False,0.606557,0.984791
1S0X_1,1S0X,1,UniProt,P35398,"[{""entity_beg_seq_id"":18,""ref_beg_seq_id"":271,""length"":253,""entity_end_seq_id"":270,""ref_end_seq_id"":523}]",P35398,True,True,False,1,False,False,0.483748,0.937037
1RXR_1,1RXR,1,UniProt,P19793,"[{""entity_beg_seq_id"":1,""ref_beg_seq_id"":130,""length"":83,""entity_end_seq_id"":83,""ref_end_seq_id"":212}]",P19793,True,True,False,1,False,False,0.179654,1.0
1RDT_3,1RDT,3,UniProt,P37231,"[{""entity_beg_seq_id"":14,""ref_beg_seq_id"":235,""length"":271,""entity_end_seq_id"":284,""ref_end_seq_id"":505}]",P37231,True,True,False,1,False,False,0.536634,0.954225
1RDT_1,1RDT,1,UniProt,P19793,"[{""entity_beg_seq_id"":5,""ref_beg_seq_id"":225,""length"":238,""entity_end_seq_id"":242,""ref_end_seq_id"":462}]",P19793,True,True,False,1,False,False,0.515152,0.983471
1R6G_1,1R6G,1,UniProt,P10828,"[{""entity_beg_seq_id"":1,""ref_beg_seq_id"":203,""length"":259,""entity_end_seq_id"":259,""ref_end_seq_id"":461}]",P10828,True,True,False,1,False,False,0.561822,1.0
1R5K_1,1R5K,1,UniProt,P03372,"[{""entity_beg_seq_id"":4,""ref_beg_seq_id"":297,""length"":258,""entity_end_seq_id"":261,""ref_end_seq_id"":554}]",P03372,True,True,False,1,False,False,0.433613,0.988506
1R0N_3,1R0N,3,UniProt,P19793,"[{""entity_beg_seq_id"":1,""ref_beg_seq_id"":130,""length"":77,""entity_end_seq_id"":77,""ref_end_seq_id"":206}]",P19793,True,True,False,1,False,False,0.166667,0.950617
1QKU_1,1QKU,1,UniProt,P03372,"[{""entity_beg_seq_id"":1,""ref_beg_seq_id"":301,""length"":250,""entity_end_seq_id"":250,""ref_end_seq_id"":550}]",P03372,True,True,False,1,False,False,0.420168,1.0
1QKT_1,1QKT,1,UniProt,P03372,"[{""entity_beg_seq_id"":1,""ref_beg_seq_id"":304,""length"":248,""entity_end_seq_id"":248,""ref_end_seq_id"":551}]",P03372,True,True,False,1,False,False,0.416807,1.0
1QKM_1,1QKM,1,UniProt,Q92731,"[{""entity_beg_seq_id"":1,""ref_beg_seq_id"":255,""length"":255,""entity_end_seq_id"":255,""ref_end_seq_id"":509}]",Q92731,True,True,False,1,False,False,0.481132,1.0
1Q4X_1,1Q4X,1,UniProt,P10828,"[{""entity_beg_seq_id"":1,""ref_beg_seq_id"":209,""length"":253,""entity_end_seq_id"":253,""ref_end_seq_id"":461}]",P10828,True,True,False,1,False,False,0.548807,1.0
1PZL_1,1PZL,1,UniProt,P41235,"[{""entity_beg_seq_id"":1,""ref_beg_seq_id"":142,""length"":237,""entity_end_seq_id"":237,""ref_end_seq_id"":378}]",P41235,True,True,False,1,False,False,0.5,1.0
1PRG_1,1PRG,1,UniProt,P37231,"[{""entity_beg_seq_id"":1,""ref_beg_seq_id"":235,""length"":270,""entity_end_seq_id"":270,""ref_end_seq_id"":504}]",P37231,True,True,False,1,False,False,0.534653,1.0
1PQC_1,1PQC,1,UniProt,P55055,"[{""entity_beg_seq_id"":5,""ref_beg_seq_id"":212,""length"":249,""entity_end_seq_id"":253,""ref_end_seq_id"":460}]",P55055,True,True,False,1,False,False,0.541304,0.98419
1PQ9_1,1PQ9,1,UniProt,P55055,"[{""entity_beg_seq_id"":5,""ref_beg_seq_id"":212,""length"":249,""entity_end_seq_id"":253,""ref_end_seq_id"":460}]",P55055,True,True,False,1,False,False,0.541304,0.98419
1PQ6_1,1PQ6,1,UniProt,P55055,"[{""entity_beg_seq_id"":5,""ref_beg_seq_id"":212,""length"":249,""entity_end_seq_id"":253,""ref_end_seq_id"":460}]",P55055,True,True,False,1,False,False,0.541304,0.98419
1PCG_1,1PCG,1,UniProt,P03372,"[{""entity_beg_seq_id"":1,""ref_beg_seq_id"":304,""length"":244,""entity_end_seq_id"":244,""ref_end_seq_id"":547}]",P03372,True,True,False,1,False,False,0.410084,1.0
1P93_1,1P93,1,UniProt,P04150,"[{""entity_beg_seq_id"":3,""ref_beg_seq_id"":500,""length"":278,""entity_end_seq_id"":280,""ref_end_seq_id"":777}]",P04150,True,True,False,1,False,False,0.357786,0.992857
1P8D_1,1P8D,1,UniProt,P55055,"[{""entity_beg_seq_id"":3,""ref_beg_seq_id"":213,""length"":248,""entity_end_seq_id"":250,""ref_end_seq_id"":460}]",P55055,True,True,False,1,False,False,0.53913,0.992
1OVL_2,1OVL,2,UniProt,P43354,"[{""entity_beg_seq_id"":1,""ref_beg_seq_id"":328,""length"":271,""entity_end_seq_id"":271,""ref_end_seq_id"":598}]",P43354,True,True,False,1,False,False,0.453177,1.0
1OVL_1,1OVL,1,UniProt,P43354,"[{""entity_beg_seq_id"":1,""ref_beg_seq_id"":328,""length"":271,""entity_end_seq_id"":271,""ref_end_seq_id"":598}]",P43354,True,True,False,1,False,False,0.453177,1.0
1OSH_1,1OSH,1,UniProt,Q96RI1,"[{""entity_beg_seq_id"":3,""ref_beg_seq_id"":257,""length"":230,""entity_end_seq_id"":232,""ref_end_seq_id"":486}]",Q96RI1,True,True,False,1,False,False,0.473251,0.991379
1NYX_1,1NYX,1,UniProt,P37231,"[{""entity_beg_seq_id"":1,""ref_beg_seq_id"":230,""length"":276,""entity_end_seq_id"":276,""ref_end_seq_id"":505}]",P37231,True,True,False,1,False,False,0.546535,1.0
1NUO_1,1NUO,1,UniProt,P10828,"[{""entity_beg_seq_id"":2,""ref_beg_seq_id"":202,""length"":260,""entity_end_seq_id"":261,""ref_end_seq_id"":461}]",P10828,True,True,False,1,False,False,0.563991,0.996169
1NRL_1,1NRL,1,UniProt,O75469,"[{""entity_beg_seq_id"":12,""ref_beg_seq_id"":130,""length"":305,""entity_end_seq_id"":316,""ref_end_seq_id"":434}]",O75469,True,True,False,1,False,False,0.702765,0.96519
1NQ2_1,1NQ2,1,UniProt,P10828,"[{""entity_beg_seq_id"":5,""ref_beg_seq_id"":202,""length"":260,""entity_end_seq_id"":264,""ref_end_seq_id"":461}]",P10828,True,True,False,1,False,False,0.563991,0.984848
1NQ1_1,1NQ1,1,UniProt,P10828,"[{""entity_beg_seq_id"":4,""ref_beg_seq_id"":202,""length"":260,""entity_end_seq_id"":263,""ref_end_seq_id"":461}]",P10828,True,True,False,1,False,False,0.563991,0.988593
1NQ0_1,1NQ0,1,UniProt,P10828,"[{""entity_beg_seq_id"":4,""ref_beg_seq_id"":202,""length"":260,""entity_end_seq_id"":263,""ref_end_seq_id"":461}]",P10828,True,True,False,1,False,False,0.563991,0.988593
1NHZ_1,1NHZ,1,UniProt,P04150,"[{""entity_beg_seq_id"":3,""ref_beg_seq_id"":500,""length"":278,""entity_end_seq_id"":280,""ref_end_seq_id"":777}]",P04150,True,True,False,1,False,False,0.357786,0.992857
1NDE_1,1NDE,1,UniProt,Q92731,"[{""entity_beg_seq_id"":5,""ref_beg_seq_id"":251,""length"":251,""entity_end_seq_id"":255,""ref_end_seq_id"":501}]",Q92731,True,True,False,1,False,False,0.473585,0.984314
1NAX_1,1NAX,1,UniProt,P10828,"[{""entity_beg_seq_id"":1,""ref_beg_seq_id"":209,""length"":252,""entity_end_seq_id"":252,""ref_end_seq_id"":460}]",P10828,True,True,False,1,False,False,0.546638,1.0
1NAV_1,1NAV,1,UniProt,P10827,"[{""entity_beg_seq_id"":3,""ref_beg_seq_id"":148,""length"":223,""entity_end_seq_id"":225,""ref_end_seq_id"":370}]",P10827,True,True,False,1,False,False,0.455102,0.847909
1N83_1,1N83,1,UniProt,P35398,"[{""entity_beg_seq_id"":18,""ref_beg_seq_id"":271,""length"":253,""entity_end_seq_id"":270,""ref_end_seq_id"":523}]",P35398,True,True,False,1,False,False,0.483748,0.937037
1N46_1,1N46,1,UniProt,P10828,"[{""entity_beg_seq_id"":1,""ref_beg_seq_id"":204,""length"":258,""entity_end_seq_id"":258,""ref_end_seq_id"":461}]",P10828,True,True,False,1,False,False,0.559653,1.0
1MZN_1,1MZN,1,UniProt,P19793,"[{""entity_beg_seq_id"":1,""ref_beg_seq_id"":223,""length"":240,""entity_end_seq_id"":240,""ref_end_seq_id"":462}]",P19793,True,True,False,1,False,False,0.519481,1.0
1MVC_1,1MVC,1,UniProt,P19793,"[{""entity_beg_seq_id"":1,""ref_beg_seq_id"":223,""length"":240,""entity_end_seq_id"":240,""ref_end_seq_id"":462}]",P19793,True,True,False,1,False,False,0.519481,1.0
1MV9_1,1MV9,1,UniProt,P19793,"[{""entity_beg_seq_id"":1,""ref_beg_seq_id"":223,""length"":240,""entity_end_seq_id"":240,""ref_end_seq_id"":462}]",P19793,True,True,False,1,False,False,0.519481,1.0
1M2Z_1,1M2Z,1,UniProt,P04150,"[{""entity_beg_seq_id"":1,""ref_beg_seq_id"":521,""length"":257,""entity_end_seq_id"":257,""ref_end_seq_id"":777}]",P04150,True,True,False,1,False,False,0.330759,1.0
1M13_1,1M13,1,UniProt,O75469,"[{""entity_beg_seq_id"":12,""ref_beg_seq_id"":130,""length"":305,""entity_end_seq_id"":316,""ref_end_seq_id"":434}]",O75469,True,True,False,1,False,False,0.702765,0.96519
1LV2_1,1LV2,1,UniProt,Q14541,"[{""entity_beg_seq_id"":4,""ref_beg_seq_id"":103,""length"":226,""entity_end_seq_id"":229,""ref_end_seq_id"":328}]",Q14541,True,True,False,1,False,False,0.553922,0.9869
1LO1_3,1LO1,3,UniProt,O95718,"[{""entity_beg_seq_id"":1,""ref_beg_seq_id"":97,""length"":98,""entity_end_seq_id"":98,""ref_end_seq_id"":194}]",O95718,True,True,False,1,False,False,0.226328,1.0
1L2J_1,1L2J,1,UniProt,Q92731,"[{""entity_beg_seq_id"":22,""ref_beg_seq_id"":256,""length"":250,""entity_end_seq_id"":271,""ref_end_seq_id"":505}]",Q92731,True,True,False,1,False,False,0.471698,0.922509
1L2I_1,1L2I,1,UniProt,P03372,"[{""entity_beg_seq_id"":4,""ref_beg_seq_id"":297,""length"":258,""entity_end_seq_id"":261,""ref_end_seq_id"":554}]",P03372,True,True,False,1,False,False,0.433613,0.988506
1KV6_1,1KV6,1,UniProt,P62508,"[{""entity_beg_seq_id"":1,""ref_beg_seq_id"":229,""length"":230,""entity_end_seq_id"":230,""ref_end_seq_id"":458}]",P62508,True,True,False,1,False,False,0.502183,1.0
1KNU_1,1KNU,1,UniProt,P37231,"[{""entity_beg_seq_id"":1,""ref_beg_seq_id"":232,""length"":274,""entity_end_seq_id"":274,""ref_end_seq_id"":505}]",P37231,True,True,False,1,False,False,0.542574,1.0
1KKQ_1,1KKQ,1,UniProt,Q07869,"[{""entity_beg_seq_id"":1,""ref_beg_seq_id"":200,""length"":269,""entity_end_seq_id"":269,""ref_end_seq_id"":468}]",Q07869,True,True,False,1,False,False,0.574786,1.0
1KB6_3,1KB6,3,UniProt,P11473,"[{""entity_beg_seq_id"":1,""ref_beg_seq_id"":16,""length"":110,""entity_end_seq_id"":110,""ref_end_seq_id"":125}]",P11473,True,True,False,1,False,False,0.257611,1.0
1KB4_3,1KB4,3,UniProt,P11473,"[{""entity_beg_seq_id"":1,""ref_beg_seq_id"":16,""length"":110,""entity_end_seq_id"":110,""ref_end_seq_id"":125}]",P11473,True,True,False,1,False,False,0.257611,1.0
1KB2_3,1KB2,3,UniProt,P11473,"[{""entity_beg_seq_id"":1,""ref_beg_seq_id"":16,""length"":110,""entity_end_seq_id"":110,""ref_end_seq_id"":125}]",P11473,True,True,False,1,False,False,0.257611,1.0
1K7L_1,1K7L,1,UniProt,Q07869,"[{""entity_beg_seq_id"":12,""ref_beg_seq_id"":192,""length"":277,""entity_end_seq_id"":288,""ref_end_seq_id"":468}]",Q07869,True,True,False,1,False,False,0.59188,0.961806
1K74_2,1K74,2,UniProt,P37231,"[{""entity_beg_seq_id"":12,""ref_beg_seq_id"":234,""length"":272,""entity_end_seq_id"":283,""ref_end_seq_id"":505}]",P37231,True,True,False,1,False,False,0.538614,0.961131
1K74_1,1K74,1,UniProt,P19793,"[{""entity_beg_seq_id"":1,""ref_beg_seq_id"":225,""length"":238,""entity_end_seq_id"":238,""ref_end_seq_id"":462}]",P19793,True,True,False,1,False,False,0.515152,1.0
1ILH_1,1ILH,1,UniProt,O75469,"[{""entity_beg_seq_id"":12,""ref_beg_seq_id"":130,""length"":305,""entity_end_seq_id"":316,""ref_end_seq_id"":434}]",O75469,True,True,False,1,False,False,0.702765,0.96519
1ILG_1,1ILG,1,UniProt,O75469,"[{""entity_beg_seq_id"":12,""ref_beg_seq_id"":130,""length"":305,""entity_end_seq_id"":316,""ref_end_seq_id"":434}]",O75469,True,True,False,1,False,False,0.702765,0.96519
1IE9_1,1IE9,1,UniProt,P11473,"[{""entity_beg_seq_id"":1,""ref_beg_seq_id"":118,""length"":259,""entity_end_seq_id"":259,""ref_end_seq_id"":376}]",P11473,True,True,False,1,False,False,0.606557,1.0
1IE8_1,1IE8,1,UniProt,P11473,"[{""entity_beg_seq_id"":1,""ref_beg_seq_id"":118,""length"":259,""entity_end_seq_id"":259,""ref_end_seq_id"":376}]",P11473,True,True,False,1,False,False,0.606557,1.0
1I7I_1,1I7I,1,UniProt,P37231,"[{""entity_beg_seq_id"":12,""ref_beg_seq_id"":225,""length"":281,""entity_end_seq_id"":292,""ref_end_seq_id"":505}]",P37231,True,True,False,1,False,False,0.556436,0.962329
1I7G_1,1I7G,1,UniProt,Q07869,"[{""entity_beg_seq_id"":15,""ref_beg_seq_id"":196,""length"":273,""entity_end_seq_id"":287,""ref_end_seq_id"":468}]",Q07869,True,True,False,1,False,False,0.583333,0.95122
1HRA_1,1HRA,1,UniProt,P10826,"[{""entity_beg_seq_id"":2,""ref_beg_seq_id"":82,""length"":79,""entity_end_seq_id"":80,""ref_end_seq_id"":160}]",P10826,True,True,False,1,False,False,0.173626,0.9875
1HLZ_3,1HLZ,3,UniProt,P20393,"[{""entity_beg_seq_id"":1,""ref_beg_seq_id"":123,""length"":94,""entity_end_seq_id"":94,""ref_end_seq_id"":216}]",P20393,True,True,False,1,False,False,0.153094,1.0
1HCQ_3,1HCQ,3,UniProt,P03372,"[{""entity_beg_seq_id"":2,""ref_beg_seq_id"":180,""length"":83,""entity_end_seq_id"":84,""ref_end_seq_id"":262}]",P03372,True,True,False,1,False,False,0.139496,0.988095
1HCP_1,1HCP,1,UniProt,P03372,"[{""entity_beg_seq_id"":2,""ref_beg_seq_id"":180,""length"":75,""entity_end_seq_id"":76,""ref_end_seq_id"":254}]",P03372,True,True,False,1,False,False,0.12605,0.986842
1H9U_1,1H9U,1,UniProt,P28702,"[{""entity_beg_seq_id"":1,""ref_beg_seq_id"":299,""length"":224,""entity_end_seq_id"":224,""ref_end_seq_id"":522}]",P28702,True,True,False,1,False,False,0.420263,1.0
1GWX_1,1GWX,1,UniProt,Q03181,"[{""entity_beg_seq_id"":1,""ref_beg_seq_id"":171,""length"":271,""entity_end_seq_id"":271,""ref_end_seq_id"":441}]",Q03181,True,True,False,1,False,False,0.614512,1.0
1GWR_1,1GWR,1,UniProt,P03372,"[{""entity_beg_seq_id"":1,""ref_beg_seq_id"":305,""length"":245,""entity_end_seq_id"":245,""ref_end_seq_id"":549}]",P03372,True,True,False,1,False,False,0.411765,1.0
1GWQ_1,1GWQ,1,UniProt,P03372,"[{""entity_beg_seq_id"":1,""ref_beg_seq_id"":301,""length"":248,""entity_end_seq_id"":248,""ref_end_seq_id"":548}]",P03372,True,True,False,1,False,False,0.416807,1.0
1GS4_1,1GS4,1,UniProt,P10275,"[{""entity_beg_seq_id"":1,""ref_beg_seq_id"":671,""length"":248,""entity_end_seq_id"":248,""ref_end_seq_id"":918}]",P10275,True,True,False,1,False,False,0.269565,1.0
1GA5_3,1GA5,3,UniProt,P20393,"[{""entity_beg_seq_id"":1,""ref_beg_seq_id"":123,""length"":94,""entity_end_seq_id"":94,""ref_end_seq_id"":216}]",P20393,True,True,False,1,False,False,0.153094,1.0
1G5Y_1,1G5Y,1,UniProt,P19793,"[{""entity_beg_seq_id"":1,""ref_beg_seq_id"":225,""length"":238,""entity_end_seq_id"":238,""ref_end_seq_id"":462}]",P19793,True,True,False,1,False,False,0.515152,1.0
1G50_1,1G50,1,UniProt,P03372,"[{""entity_beg_seq_id"":1,""ref_beg_seq_id"":304,""length"":247,""entity_end_seq_id"":247,""ref_end_seq_id"":550}]",P03372,True,True,False,1,False,False,0.415126,1.0
1G1U_1,1G1U,1,UniProt,P19793,"[{""entity_beg_seq_id"":1,""ref_beg_seq_id"":225,""length"":238,""entity_end_seq_id"":238,""ref_end_seq_id"":462}]",P19793,True,True,False,1,False,False,0.515152,1.0
1FM9_2,1FM9,2,UniProt,P37231,"[{""entity_beg_seq_id"":1,""ref_beg_seq_id"":234,""length"":272,""entity_end_seq_id"":272,""ref_end_seq_id"":505}]",P37231,True,True,False,1,False,False,0.538614,1.0
1FM9_1,1FM9,1,UniProt,P19793,"[{""entity_beg_seq_id"":1,""ref_beg_seq_id"":225,""length"":238,""entity_end_seq_id"":238,""ref_end_seq_id"":462}]",P19793,True,True,False,1,False,False,0.515152,1.0
1FM6_2,1FM6,2,UniProt,P37231,"[{""entity_beg_seq_id"":1,""ref_beg_seq_id"":234,""length"":272,""entity_end_seq_id"":272,""ref_end_seq_id"":505}]",P37231,True,True,False,1,False,False,0.538614,1.0
1FM6_1,1FM6,1,UniProt,P19793,"[{""entity_beg_seq_id"":1,""ref_beg_seq_id"":225,""length"":238,""entity_end_seq_id"":238,""ref_end_seq_id"":462}]",P19793,True,True,False,1,False,False,0.515152,1.0
1FD0_1,1FD0,1,UniProt,P13631,"[{""entity_beg_seq_id"":1,""ref_beg_seq_id"":183,""length"":235,""entity_end_seq_id"":235,""ref_end_seq_id"":417}]",P13631,True,True,False,1,False,False,0.517621,1.0
1FCZ_1,1FCZ,1,UniProt,P13631,"[{""entity_beg_seq_id"":1,""ref_beg_seq_id"":183,""length"":235,""entity_end_seq_id"":235,""ref_end_seq_id"":417}]",P13631,True,True,False,1,False,False,0.517621,1.0
1FCY_1,1FCY,1,UniProt,P13631,"[{""entity_beg_seq_id"":1,""ref_beg_seq_id"":182,""length"":236,""entity_end_seq_id"":236,""ref_end_seq_id"":417}]",P13631,True,True,False,1,False,False,0.519824,1.0
1FCX_1,1FCX,1,UniProt,P13631,"[{""entity_beg_seq_id"":1,""ref_beg_seq_id"":183,""length"":235,""entity_end_seq_id"":235,""ref_end_seq_id"":417}]",P13631,True,True,False,1,False,False,0.517621,1.0
1FBY_1,1FBY,1,UniProt,P19793,"[{""entity_beg_seq_id"":1,""ref_beg_seq_id"":224,""length"":239,""entity_end_seq_id"":239,""ref_end_seq_id"":462}]",P19793,True,True,False,1,False,False,0.517316,1.0
1EXX_1,1EXX,1,UniProt,P13631,"[{""entity_beg_seq_id"":1,""ref_beg_seq_id"":178,""length"":246,""entity_end_seq_id"":246,""ref_end_seq_id"":423}]",P13631,True,True,False,1,False,False,0.54185,1.0
1EXA_1,1EXA,1,UniProt,P13631,"[{""entity_beg_seq_id"":1,""ref_beg_seq_id"":178,""length"":246,""entity_end_seq_id"":246,""ref_end_seq_id"":423}]",P13631,True,True,False,1,False,False,0.54185,1.0
1ERR_1,1ERR,1,UniProt,P03372,"[{""entity_beg_seq_id"":1,""ref_beg_seq_id"":301,""length"":253,""entity_end_seq_id"":253,""ref_end_seq_id"":553}]",P03372,True,True,False,1,False,False,0.42521,1.0
1ERE_1,1ERE,1,UniProt,P03372,"[{""entity_beg_seq_id"":1,""ref_beg_seq_id"":301,""length"":253,""entity_end_seq_id"":253,""ref_end_seq_id"":553}]",P03372,True,True,False,1,False,False,0.42521,1.0
1E3K_1,1E3K,1,UniProt,P06401,"[{""entity_beg_seq_id"":1,""ref_beg_seq_id"":676,""length"":258,""entity_end_seq_id"":258,""ref_end_seq_id"":933}]",P06401,True,True,False,1,False,False,0.276527,1.0
1E3G_1,1E3G,1,UniProt,P10275,"[{""entity_beg_seq_id"":1,""ref_beg_seq_id"":658,""length"":263,""entity_end_seq_id"":263,""ref_end_seq_id"":920}]",P10275,True,True,False,1,False,False,0.28587,1.0
1DSZ_4,1DSZ,4,UniProt,P19793,"[{""entity_beg_seq_id"":2,""ref_beg_seq_id"":129,""length"":84,""entity_end_seq_id"":85,""ref_end_seq_id"":212}]",P19793,True,True,False,1,False,False,0.181818,0.988235
1DSZ_3,1DSZ,3,UniProt,P10276,"[{""entity_beg_seq_id"":1,""ref_beg_seq_id"":82,""length"":86,""entity_end_seq_id"":86,""ref_end_seq_id"":167}]",P10276,True,True,False,1,False,False,0.186147,1.0
1DKF_2,1DKF,2,UniProt,P10276,"[{""entity_beg_seq_id"":1,""ref_beg_seq_id"":182,""length"":235,""entity_end_seq_id"":235,""ref_end_seq_id"":416}]",P10276,True,True,False,1,False,False,0.508658,1.0
1DB1_1,1DB1,1,UniProt,P11473,"[{""entity_beg_seq_id"":1,""ref_beg_seq_id"":118,""length"":259,""entity_end_seq_id"":259,""ref_end_seq_id"":376}]",P11473,True,True,False,1,False,False,0.606557,1.0
1BY4_3,1BY4,3,UniProt,P19793,"[{""entity_beg_seq_id"":1,""ref_beg_seq_id"":128,""length"":82,""entity_end_seq_id"":82,""ref_end_seq_id"":209}]",P19793,True,True,False,1,False,False,0.177489,1.0
1BSX_1,1BSX,1,UniProt,P10828,"[{""entity_beg_seq_id"":1,""ref_beg_seq_id"":202,""length"":260,""entity_end_seq_id"":260,""ref_end_seq_id"":461}]",P10828,True,True,False,1,False,False,0.563991,1.0
1A6Y_3,1A6Y,3,UniProt,P20393,"[{""entity_beg_seq_id"":1,""ref_beg_seq_id"":123,""length"":94,""entity_end_seq_id"":94,""ref_end_seq_id"":216}]",P20393,True,True,False,1,False,False,0.153094,1.0
1A52_1,1A52,1,UniProt,P03372,"[{""entity_beg_seq_id"":1,""ref_beg_seq_id"":297,""length"":258,""entity_end_seq_id"":258,""ref_end_seq_id"":554}]",P03372,True,True,False,1,False,False,0.433613,1.0
1A28_1,1A28,1,UniProt,P06401,"[{""entity_beg_seq_id"":1,""ref_beg_seq_id"":678,""length"":256,""entity_end_seq_id"":256,""ref_end_seq_id"":933}]",P06401,True,True,False,1,False,False,0.274384,1.0
11ZU_2,11ZU,2,UniProt,P03372,"[{""entity_beg_seq_id"":1,""ref_beg_seq_id"":581,""length"":15,""entity_end_seq_id"":15,""ref_end_seq_id"":595}]",P03372,True,True,False,1,False,False,0.02521,1.0
11SJ_2,11SJ,2,UniProt,P03372,"[{""entity_beg_seq_id"":1,""ref_beg_seq_id"":581,""length"":15,""entity_end_seq_id"":15,""ref_end_seq_id"":595}]",P03372,True,True,False,1,False,False,0.02521,1.0
11SI_2,11SI,2,UniProt,P03372,"[{""entity_beg_seq_id"":1,""ref_beg_seq_id"":581,""length"":15,""entity_end_seq_id"":15,""ref_end_seq_id"":595}]",P03372,True,True,False,1,False,False,0.02521,1.0
11SH_2,11SH,2,UniProt,P03372,"[{""entity_beg_seq_id"":1,""ref_beg_seq_id"":581,""length"":15,""entity_end_seq_id"":15,""ref_end_seq_id"":595}]",P03372,True,True,False,1,False,False,0.02521,1.0
11SG_2,11SG,2,UniProt,P03372,"[{""entity_beg_seq_id"":1,""ref_beg_seq_id"":581,""length"":15,""entity_end_seq_id"":15,""ref_end_seq_id"":595}]",P03372,True,True,False,1,False,False,0.02521,1.0
11SF_2,11SF,2,UniProt,P03372,"[{""entity_beg_seq_id"":1,""ref_beg_seq_id"":581,""length"":15,""entity_end_seq_id"":15,""ref_end_seq_id"":595}]",P03372,True,True,False,1,False,False,0.02521,1.0
11SE_2,11SE,2,UniProt,P03372,"[{""entity_beg_seq_id"":1,""ref_beg_seq_id"":581,""length"":15,""entity_end_seq_id"":15,""ref_end_seq_id"":595}]",P03372,True,True,False,1,False,False,0.02521,1.0
11SD_2,11SD,2,UniProt,P03372,"[{""entity_beg_seq_id"":1,""ref_beg_seq_id"":581,""length"":15,""entity_end_seq_id"":15,""ref_end_seq_id"":595}]",P03372,True,True,False,1,False,False,0.02521,1.0
2P7G_1,2P7G,1,UniProt,P62508,"[{""entity_beg_seq_id"":22,""ref_beg_seq_id"":229,""length"":230,""entity_end_seq_id"":251,""ref_end_seq_id"":458}]",P62508,True,True,False,1,False,False,0.502183,0.916335
2Q7J_1,2Q7J,1,UniProt,P10275,"[{""entity_beg_seq_id"":1,""ref_beg_seq_id"":664,""length"":257,""entity_end_seq_id"":257,""ref_end_seq_id"":920}]",P10275,True,True,False,1,False,False,0.279348,1.0
2Q7I_2,2Q7I,2,UniProt,P10275,"[{""entity_beg_seq_id"":1,""ref_beg_seq_id"":20,""length"":11,""entity_end_seq_id"":11,""ref_end_seq_id"":30}]",P10275,True,True,False,1,False,False,0.011957,1.0
2Q7I_1,2Q7I,1,UniProt,P10275,"[{""entity_beg_seq_id"":1,""ref_beg_seq_id"":664,""length"":257,""entity_end_seq_id"":257,""ref_end_seq_id"":920}]",P10275,True,True,False,1,False,False,0.279348,1.0
2Q70_1,2Q70,1,UniProt,P03372,"[{""entity_beg_seq_id"":1,""ref_beg_seq_id"":304,""length"":248,""entity_end_seq_id"":248,""ref_end_seq_id"":551}]",P03372,True,True,False,1,False,False,0.416807,1.0
2Q6S_1,2Q6S,1,UniProt,P37231,"[{""entity_beg_seq_id"":2,""ref_beg_seq_id"":233,""length"":273,""entity_end_seq_id"":274,""ref_end_seq_id"":505}]",P37231,True,True,False,1,False,False,0.540594,0.99635
2Q6R_1,2Q6R,1,UniProt,P37231,"[{""entity_beg_seq_id"":2,""ref_beg_seq_id"":233,""length"":273,""entity_end_seq_id"":274,""ref_end_seq_id"":505}]",P37231,True,True,False,1,False,False,0.540594,0.99635
2Q6J_1,2Q6J,1,UniProt,P03372,"[{""entity_beg_seq_id"":2,""ref_beg_seq_id"":298,""length"":257,""entity_end_seq_id"":258,""ref_end_seq_id"":554}]",P03372,True,True,False,1,False,False,0.431933,0.996124
2Q61_1,2Q61,1,UniProt,P37231,"[{""entity_beg_seq_id"":2,""ref_beg_seq_id"":233,""length"":273,""entity_end_seq_id"":274,""ref_end_seq_id"":505}]",P37231,True,True,False,1,False,False,0.540594,0.99635
2Q5S_1,2Q5S,1,UniProt,P37231,"[{""entity_beg_seq_id"":2,""ref_beg_seq_id"":233,""length"":273,""entity_end_seq_id"":274,""ref_end_seq_id"":505}]",P37231,True,True,False,1,False,False,0.540594,0.99635
2Q5P_1,2Q5P,1,UniProt,P37231,"[{""entity_beg_seq_id"":2,""ref_beg_seq_id"":233,""length"":273,""entity_end_seq_id"":274,""ref_end_seq_id"":505}]",P37231,True,True,False,1,False,False,0.540594,0.99635
2Q5G_1,2Q5G,1,UniProt,Q03181,"[{""entity_beg_seq_id"":7,""ref_beg_seq_id"":165,""length"":277,""entity_end_seq_id"":283,""ref_end_seq_id"":441}]",Q03181,True,True,False,1,False,False,0.628118,0.978799
2Q59_2,2Q59,2,UniProt,P37231,"[{""entity_beg_seq_id"":2,""ref_beg_seq_id"":233,""length"":273,""entity_end_seq_id"":274,""ref_end_seq_id"":505}]",P37231,True,True,False,1,False,False,0.540594,0.99635
2Q59_1,2Q59,1,UniProt,P37231,"[{""entity_beg_seq_id"":2,""ref_beg_seq_id"":233,""length"":273,""entity_end_seq_id"":274,""ref_end_seq_id"":505}]",P37231,True,True,False,1,False,False,0.540594,0.99635
2Q3Y_2,2Q3Y,2,UniProt,Q15466,"[{""entity_beg_seq_id"":1,""ref_beg_seq_id"":18,""length"":10,""entity_end_seq_id"":10,""ref_end_seq_id"":27}]",Q15466,True,True,False,1,False,False,0.038911,1.0
2PRG_1,2PRG,1,UniProt,P37231,"[{""entity_beg_seq_id"":1,""ref_beg_seq_id"":235,""length"":271,""entity_end_seq_id"":271,""ref_end_seq_id"":505}]",P37231,True,True,False,1,False,False,0.536634,1.0
2POG_1,2POG,1,UniProt,P03372,"[{""entity_beg_seq_id"":1,""ref_beg_seq_id"":304,""length"":248,""entity_end_seq_id"":248,""ref_end_seq_id"":551}]",P03372,True,True,False,1,False,False,0.416807,1.0
2POB_1,2POB,1,UniProt,P37231,"[{""entity_beg_seq_id"":1,""ref_beg_seq_id"":234,""length"":272,""entity_end_seq_id"":272,""ref_end_seq_id"":505}]",P37231,True,True,False,1,False,False,0.538614,1.0
2PNU_1,2PNU,1,UniProt,P10275,"[{""entity_beg_seq_id"":1,""ref_beg_seq_id"":655,""length"":266,""entity_end_seq_id"":266,""ref_end_seq_id"":920}]",P10275,True,True,False,1,False,False,0.28913,1.0
2PKL_1,2PKL,1,UniProt,P10275,"[{""entity_beg_seq_id"":1,""ref_beg_seq_id"":670,""length"":251,""entity_end_seq_id"":251,""ref_end_seq_id"":920}]",P10275,True,True,False,1,False,False,0.272826,1.0
2PJL_1,2PJL,1,UniProt,P11474,"[{""entity_beg_seq_id"":17,""ref_beg_seq_id"":193,""length"":231,""entity_end_seq_id"":247,""ref_end_seq_id"":423}]",P11474,True,True,False,1,False,False,0.546099,0.935223
2PIX_1,2PIX,1,UniProt,P10275,"[{""entity_beg_seq_id"":1,""ref_beg_seq_id"":670,""length"":251,""entity_end_seq_id"":251,""ref_end_seq_id"":920}]",P10275,True,True,False,1,False,False,0.272826,1.0
2PIW_1,2PIW,1,UniProt,P10275,"[{""entity_beg_seq_id"":1,""ref_beg_seq_id"":670,""length"":251,""entity_end_seq_id"":251,""ref_end_seq_id"":920}]",P10275,True,True,False,1,False,False,0.272826,1.0
2PIV_1,2PIV,1,UniProt,P10275,"[{""entity_beg_seq_id"":1,""ref_beg_seq_id"":670,""length"":251,""entity_end_seq_id"":251,""ref_end_seq_id"":920}]",P10275,True,True,False,1,False,False,0.272826,1.0
2PIU_1,2PIU,1,UniProt,P10275,"[{""entity_beg_seq_id"":1,""ref_beg_seq_id"":670,""length"":251,""entity_end_seq_id"":251,""ref_end_seq_id"":920}]",P10275,True,True,False,1,False,False,0.272826,1.0
2PIT_1,2PIT,1,UniProt,P10275,"[{""entity_beg_seq_id"":1,""ref_beg_seq_id"":670,""length"":251,""entity_end_seq_id"":251,""ref_end_seq_id"":920}]",P10275,True,True,False,1,False,False,0.272826,1.0
2PIR_1,2PIR,1,UniProt,P10275,"[{""entity_beg_seq_id"":1,""ref_beg_seq_id"":670,""length"":251,""entity_end_seq_id"":251,""ref_end_seq_id"":920}]",P10275,True,True,False,1,False,False,0.272826,1.0
2PIQ_1,2PIQ,1,UniProt,P10275,"[{""entity_beg_seq_id"":1,""ref_beg_seq_id"":670,""length"":251,""entity_end_seq_id"":251,""ref_end_seq_id"":920}]",P10275,True,True,False,1,False,False,0.272826,1.0
2PIP_1,2PIP,1,UniProt,P10275,"[{""entity_beg_seq_id"":1,""ref_beg_seq_id"":670,""length"":251,""entity_end_seq_id"":251,""ref_end_seq_id"":920}]",P10275,True,True,False,1,False,False,0.272826,1.0
2PIO_1,2PIO,1,UniProt,P10275,"[{""entity_beg_seq_id"":1,""ref_beg_seq_id"":670,""length"":251,""entity_end_seq_id"":251,""ref_end_seq_id"":920}]",P10275,True,True,False,1,False,False,0.272826,1.0
2PIN_1,2PIN,1,UniProt,P10828,"[{""entity_beg_seq_id"":1,""ref_beg_seq_id"":209,""length"":253,""entity_end_seq_id"":253,""ref_end_seq_id"":461}]",P10828,True,True,False,1,False,False,0.548807,1.0
2P7Z_1,2P7Z,1,UniProt,P62508,"[{""entity_beg_seq_id"":22,""ref_beg_seq_id"":229,""length"":230,""entity_end_seq_id"":251,""ref_end_seq_id"":458}]",P62508,True,True,False,1,False,False,0.502183,0.916335
2P7A_1,2P7A,1,UniProt,P62508,"[{""entity_beg_seq_id"":22,""ref_beg_seq_id"":229,""length"":230,""entity_end_seq_id"":251,""ref_end_seq_id"":458}]",P62508,True,True,False,1,False,False,0.502183,0.916335
2P54_1,2P54,1,UniProt,Q07869,"[{""entity_beg_seq_id"":1,""ref_beg_seq_id"":202,""length"":267,""entity_end_seq_id"":267,""ref_end_seq_id"":468}]",Q07869,True,True,False,1,False,False,0.570513,1.0
2P4Y_1,2P4Y,1,UniProt,P37231,"[{""entity_beg_seq_id"":3,""ref_beg_seq_id"":231,""length"":275,""entity_end_seq_id"":277,""ref_end_seq_id"":505}]",P37231,True,True,False,1,False,False,0.544554,0.99278
2P1V_1,2P1V,1,UniProt,P19793,"[{""entity_beg_seq_id"":1,""ref_beg_seq_id"":223,""length"":240,""entity_end_seq_id"":240,""ref_end_seq_id"":462}]",P19793,True,True,False,1,False,False,0.519481,1.0
2P1U_1,2P1U,1,UniProt,P19793,"[{""entity_beg_seq_id"":1,""ref_beg_seq_id"":223,""length"":240,""entity_end_seq_id"":240,""ref_end_seq_id"":462}]",P19793,True,True,False,1,False,False,0.519481,1.0
2P1T_1,2P1T,1,UniProt,P19793,"[{""entity_beg_seq_id"":1,""ref_beg_seq_id"":223,""length"":240,""entity_end_seq_id"":240,""ref_end_seq_id"":462}]",P19793,True,True,False,1,False,False,0.519481,1.0
2P15_1,2P15,1,UniProt,P03372,"[{""entity_beg_seq_id"":2,""ref_beg_seq_id"":298,""length"":257,""entity_end_seq_id"":258,""ref_end_seq_id"":554}]",P03372,True,True,False,1,False,False,0.431933,0.996124
2OZ7_1,2OZ7,1,UniProt,P10275,"[{""entity_beg_seq_id"":1,""ref_beg_seq_id"":672,""length"":249,""entity_end_seq_id"":249,""ref_end_seq_id"":920}]",P10275,True,True,False,1,False,False,0.270652,1.0
2OVM_1,2OVM,1,UniProt,P06401,"[{""entity_beg_seq_id"":1,""ref_beg_seq_id"":678,""length"":256,""entity_end_seq_id"":256,""ref_end_seq_id"":933}]",P06401,True,True,False,1,False,False,0.274384,1.0
2OVH_1,2OVH,1,UniProt,P06401,"[{""entity_beg_seq_id"":1,""ref_beg_seq_id"":678,""length"":256,""entity_end_seq_id"":256,""ref_end_seq_id"":933}]",P06401,True,True,False,1,False,False,0.274384,1.0
2OUZ_1,2OUZ,1,UniProt,P03372,"[{""entity_beg_seq_id"":1,""ref_beg_seq_id"":301,""length"":253,""entity_end_seq_id"":253,""ref_end_seq_id"":553}]",P03372,True,True,False,1,False,False,0.42521,1.0
2OM9_1,2OM9,1,UniProt,P37231,"[{""entity_beg_seq_id"":5,""ref_beg_seq_id"":232,""length"":274,""entity_end_seq_id"":278,""ref_end_seq_id"":505}]",P37231,True,True,False,1,False,False,0.542574,0.985612
2OCF_1,2OCF,1,UniProt,P03372,"[{""entity_beg_seq_id"":1,""ref_beg_seq_id"":298,""length"":298,""entity_end_seq_id"":298,""ref_end_seq_id"":595}]",P03372,True,True,False,1,False,False,0.50084,1.0
2OAX_1,2OAX,1,UniProt,P08235,"[{""entity_beg_seq_id"":3,""ref_beg_seq_id"":731,""length"":254,""entity_end_seq_id"":256,""ref_end_seq_id"":984}]",P08235,True,True,False,1,False,False,0.25813,0.992188
2O9I_1,2O9I,1,UniProt,O75469,"[{""entity_beg_seq_id"":1,""ref_beg_seq_id"":142,""length"":293,""entity_end_seq_id"":293,""ref_end_seq_id"":434}]",O75469,True,True,False,1,False,False,0.675115,1.0
2NV7_1,2NV7,1,UniProt,Q92731,"[{""entity_beg_seq_id"":1,""ref_beg_seq_id"":263,""length"":238,""entity_end_seq_id"":238,""ref_end_seq_id"":500}]",Q92731,True,True,False,1,False,False,0.449057,1.0
2NPA_1,2NPA,1,UniProt,Q07869,"[{""entity_beg_seq_id"":1,""ref_beg_seq_id"":199,""length"":270,""entity_end_seq_id"":270,""ref_end_seq_id"":468}]",Q07869,True,True,False,1,False,False,0.576923,1.0
2NLL_4,2NLL,4,UniProt,P10828,"[{""entity_beg_seq_id"":1,""ref_beg_seq_id"":104,""length"":103,""entity_end_seq_id"":103,""ref_end_seq_id"":206}]",P10828,True,True,False,1,False,False,0.223427,1.0
2NLL_3,2NLL,3,UniProt,P19793,"[{""entity_beg_seq_id"":1,""ref_beg_seq_id"":135,""length"":66,""entity_end_seq_id"":66,""ref_end_seq_id"":200}]",P19793,True,True,False,1,False,False,0.142857,1.0
2LLQ_2,2LLQ,2,UniProt,P03372,"[{""entity_beg_seq_id"":1,""ref_beg_seq_id"":287,""length"":19,""entity_end_seq_id"":19,""ref_end_seq_id"":305}]",P03372,True,True,False,1,False,False,0.031933,1.0
2LLO_2,2LLO,2,UniProt,P03372,"[{""entity_beg_seq_id"":1,""ref_beg_seq_id"":287,""length"":19,""entity_end_seq_id"":19,""ref_end_seq_id"":305}]",P03372,True,True,False,1,False,False,0.031933,1.0
2LBD_1,2LBD,1,UniProt,P13631,"[{""entity_beg_seq_id"":22,""ref_beg_seq_id"":178,""length"":246,""entity_end_seq_id"":267,""ref_end_seq_id"":423}]",P13631,True,True,False,1,False,False,0.54185,0.921348
2JJ3_1,2JJ3,1,UniProt,Q92731,"[{""entity_beg_seq_id"":3,""ref_beg_seq_id"":251,""length"":255,""entity_end_seq_id"":257,""ref_end_seq_id"":505}]",Q92731,True,True,False,1,False,False,0.481132,0.992218
2JFA_2,2JFA,2,UniProt,P03372,"[{""entity_beg_seq_id"":22,""ref_beg_seq_id"":303,""length"":231,""entity_end_seq_id"":252,""ref_end_seq_id"":533}]",P03372,True,True,False,1,False,False,0.388235,0.916667
2JFA_1,2JFA,1,UniProt,P03372,"[{""entity_beg_seq_id"":22,""ref_beg_seq_id"":303,""length"":231,""entity_end_seq_id"":252,""ref_end_seq_id"":533}]",P03372,True,True,False,1,False,False,0.388235,0.916667
2JF9_1,2JF9,1,UniProt,P03372,"[{""entity_beg_seq_id"":22,""ref_beg_seq_id"":303,""length"":231,""entity_end_seq_id"":252,""ref_end_seq_id"":533}]",P03372,True,True,False,1,False,False,0.388235,0.916667
2J4A_1,2J4A,1,UniProt,P10828,"[{""entity_beg_seq_id"":1,""ref_beg_seq_id"":209,""length"":253,""entity_end_seq_id"":253,""ref_end_seq_id"":461}]",P10828,True,True,False,1,False,False,0.548807,1.0
2J14_1,2J14,1,UniProt,Q03181,"[{""entity_beg_seq_id"":7,""ref_beg_seq_id"":163,""length"":279,""entity_end_seq_id"":285,""ref_end_seq_id"":441}]",Q03181,True,True,False,1,False,False,0.632653,0.978947
2IOK_1,2IOK,1,UniProt,P03372,"[{""entity_beg_seq_id"":1,""ref_beg_seq_id"":301,""length"":254,""entity_end_seq_id"":254,""ref_end_seq_id"":554}]",P03372,True,True,False,1,False,False,0.426891,1.0
2IOG_1,2IOG,1,UniProt,P03372,"[{""entity_beg_seq_id"":1,""ref_beg_seq_id"":309,""length"":246,""entity_end_seq_id"":246,""ref_end_seq_id"":554}]",P03372,True,True,False,1,False,False,0.413445,1.0
2I4Z_1,2I4Z,1,UniProt,P37231,"[{""entity_beg_seq_id"":5,""ref_beg_seq_id"":223,""length"":282,""entity_end_seq_id"":286,""ref_end_seq_id"":504}]",P37231,True,True,False,1,False,False,0.558416,0.986014
2I4P_1,2I4P,1,UniProt,P37231,"[{""entity_beg_seq_id"":5,""ref_beg_seq_id"":223,""length"":282,""entity_end_seq_id"":286,""ref_end_seq_id"":504}]",P37231,True,True,False,1,False,False,0.558416,0.986014
2I4J_1,2I4J,1,UniProt,P37231,"[{""entity_beg_seq_id"":5,""ref_beg_seq_id"":223,""length"":282,""entity_end_seq_id"":286,""ref_end_seq_id"":504}]",P37231,True,True,False,1,False,False,0.558416,0.986014
2I0J_1,2I0J,1,UniProt,P03372,"[{""entity_beg_seq_id"":1,""ref_beg_seq_id"":304,""length"":244,""entity_end_seq_id"":244,""ref_end_seq_id"":547}]",P03372,True,True,False,1,False,False,0.410084,1.0
2I0G_1,2I0G,1,UniProt,Q92731,"[{""entity_beg_seq_id"":8,""ref_beg_seq_id"":256,""length"":250,""entity_end_seq_id"":257,""ref_end_seq_id"":505}]",Q92731,True,True,False,1,False,False,0.471698,0.972763
2HWR_1,2HWR,1,UniProt,P37231,"[{""entity_beg_seq_id"":1,""ref_beg_seq_id"":235,""length"":271,""entity_end_seq_id"":271,""ref_end_seq_id"":505}]",P37231,True,True,False,1,False,False,0.536634,1.0
2HWQ_1,2HWQ,1,UniProt,P37231,"[{""entity_beg_seq_id"":1,""ref_beg_seq_id"":235,""length"":271,""entity_end_seq_id"":271,""ref_end_seq_id"":505}]",P37231,True,True,False,1,False,False,0.536634,1.0
2HVC_1,2HVC,1,UniProt,P10275,"[{""entity_beg_seq_id"":1,""ref_beg_seq_id"":670,""length"":250,""entity_end_seq_id"":250,""ref_end_seq_id"":919}]",P10275,True,True,False,1,False,False,0.271739,1.0
2HFP_1,2HFP,1,UniProt,P37231,"[{""entity_beg_seq_id"":11,""ref_beg_seq_id"":234,""length"":272,""entity_end_seq_id"":282,""ref_end_seq_id"":505}]",P37231,True,True,False,1,False,False,0.538614,0.964539
2HB8_1,2HB8,1,UniProt,P11473,"[{""entity_beg_seq_id"":5,""ref_beg_seq_id"":118,""length"":259,""entity_end_seq_id"":263,""ref_end_seq_id"":376}]",P11473,True,True,False,1,False,False,0.606557,0.984791
2HB7_1,2HB7,1,UniProt,P11473,"[{""entity_beg_seq_id"":5,""ref_beg_seq_id"":118,""length"":259,""entity_end_seq_id"":263,""ref_end_seq_id"":376}]",P11473,True,True,False,1,False,False,0.606557,0.984791
2HAS_1,2HAS,1,UniProt,P11473,"[{""entity_beg_seq_id"":5,""ref_beg_seq_id"":118,""length"":259,""entity_end_seq_id"":263,""ref_end_seq_id"":376}]",P11473,True,True,False,1,False,False,0.606557,0.984791
2HAR_1,2HAR,1,UniProt,P11473,"[{""entity_beg_seq_id"":5,""ref_beg_seq_id"":118,""length"":259,""entity_end_seq_id"":263,""ref_end_seq_id"":376}]",P11473,True,True,False,1,False,False,0.606557,0.984791
2HAM_1,2HAM,1,UniProt,P11473,"[{""entity_beg_seq_id"":5,""ref_beg_seq_id"":118,""length"":259,""entity_end_seq_id"":263,""ref_end_seq_id"":376}]",P11473,True,True,False,1,False,False,0.606557,0.984791
2H79_1,2H79,1,UniProt,P10827,"[{""entity_beg_seq_id"":7,""ref_beg_seq_id"":148,""length"":223,""entity_end_seq_id"":229,""ref_end_seq_id"":370}]",P10827,True,True,False,1,False,False,0.455102,0.828996
2H77_1,2H77,1,UniProt,P10827,"[{""entity_beg_seq_id"":7,""ref_beg_seq_id"":148,""length"":223,""entity_end_seq_id"":229,""ref_end_seq_id"":370}]",P10827,True,True,False,1,False,False,0.455102,0.828996
2GWX_1,2GWX,1,UniProt,Q03181,"[{""entity_beg_seq_id"":1,""ref_beg_seq_id"":175,""length"":267,""entity_end_seq_id"":267,""ref_end_seq_id"":441}]",Q03181,True,True,False,1,False,False,0.605442,1.0
2GTK_1,2GTK,1,UniProt,P37231,"[{""entity_beg_seq_id"":1,""ref_beg_seq_id"":235,""length"":271,""entity_end_seq_id"":271,""ref_end_seq_id"":505}]",P37231,True,True,False,1,False,False,0.536634,1.0
2GPV_1,2GPV,1,UniProt,P62508,"[{""entity_beg_seq_id"":1,""ref_beg_seq_id"":229,""length"":230,""entity_end_seq_id"":230,""ref_end_seq_id"":458}]",P62508,True,True,False,1,False,False,0.502183,1.0
2GPU_1,2GPU,1,UniProt,P62508,"[{""entity_beg_seq_id"":1,""ref_beg_seq_id"":229,""length"":230,""entity_end_seq_id"":230,""ref_end_seq_id"":458}]",P62508,True,True,False,1,False,False,0.502183,1.0
2GPP_1,2GPP,1,UniProt,P62508,"[{""entity_beg_seq_id"":1,""ref_beg_seq_id"":229,""length"":230,""entity_end_seq_id"":230,""ref_end_seq_id"":458}]",P62508,True,True,False,1,False,False,0.502183,1.0
2GPO_1,2GPO,1,UniProt,P62508,"[{""entity_beg_seq_id"":1,""ref_beg_seq_id"":229,""length"":230,""entity_end_seq_id"":230,""ref_end_seq_id"":458}]",P62508,True,True,False,1,False,False,0.502183,1.0
2GP7_1,2GP7,1,UniProt,P62508,"[{""entity_beg_seq_id"":1,""ref_beg_seq_id"":229,""length"":230,""entity_end_seq_id"":230,""ref_end_seq_id"":458}]",P62508,True,True,False,1,False,False,0.502183,1.0
2GL8_1,2GL8,1,UniProt,P48443,"[{""entity_beg_seq_id"":5,""ref_beg_seq_id"":227,""length"":237,""entity_end_seq_id"":241,""ref_end_seq_id"":463}]",P48443,True,True,False,1,False,False,0.511879,0.983402
2GIU_1,2GIU,1,UniProt,Q92731,"[{""entity_beg_seq_id"":1,""ref_beg_seq_id"":260,""length"":241,""entity_end_seq_id"":241,""ref_end_seq_id"":500}]",Q92731,True,True,False,1,False,False,0.454717,1.0
2G5O_1,2G5O,1,UniProt,P03372,"[{""entity_beg_seq_id"":1,""ref_beg_seq_id"":298,""length"":257,""entity_end_seq_id"":257,""ref_end_seq_id"":554}]",P03372,True,True,False,1,False,False,0.431933,1.0
2G44_1,2G44,1,UniProt,P03372,"[{""entity_beg_seq_id"":1,""ref_beg_seq_id"":298,""length"":257,""entity_end_seq_id"":257,""ref_end_seq_id"":554}]",P03372,True,True,False,1,False,False,0.431933,1.0
2G0H_1,2G0H,1,UniProt,P37231,"[{""entity_beg_seq_id"":1,""ref_beg_seq_id"":235,""length"":271,""entity_end_seq_id"":271,""ref_end_seq_id"":505}]",P37231,True,True,False,1,False,False,0.536634,1.0
2G0G_1,2G0G,1,UniProt,P37231,"[{""entity_beg_seq_id"":1,""ref_beg_seq_id"":235,""length"":271,""entity_end_seq_id"":271,""ref_end_seq_id"":505}]",P37231,True,True,False,1,False,False,0.536634,1.0
2FVJ_1,2FVJ,1,UniProt,P37231,"[{""entity_beg_seq_id"":1,""ref_beg_seq_id"":235,""length"":271,""entity_end_seq_id"":271,""ref_end_seq_id"":505}]",P37231,True,True,False,1,False,False,0.536634,1.0
2FSZ_1,2FSZ,1,UniProt,Q92731,"[{""entity_beg_seq_id"":1,""ref_beg_seq_id"":257,""length"":246,""entity_end_seq_id"":246,""ref_end_seq_id"":502}]",Q92731,True,True,False,1,False,False,0.464151,1.0
2FAI_1,2FAI,1,UniProt,P03372,"[{""entity_beg_seq_id"":1,""ref_beg_seq_id"":298,""length"":257,""entity_end_seq_id"":257,""ref_end_seq_id"":554}]",P03372,True,True,False,1,False,False,0.431933,1.0
2F4B_1,2F4B,1,UniProt,P37231,"[{""entity_beg_seq_id"":1,""ref_beg_seq_id"":235,""length"":271,""entity_end_seq_id"":271,""ref_end_seq_id"":505}]",P37231,True,True,False,1,False,False,0.536634,1.0
2EWP_1,2EWP,1,UniProt,P62508,"[{""entity_beg_seq_id"":1,""ref_beg_seq_id"":233,""length"":226,""entity_end_seq_id"":226,""ref_end_seq_id"":458}]",P62508,True,True,False,1,False,False,0.49345,1.0
2ENV_1,2ENV,1,UniProt,Q03181,"[{""entity_beg_seq_id"":8,""ref_beg_seq_id"":72,""length"":75,""entity_end_seq_id"":82,""ref_end_seq_id"":146}]",Q03181,True,True,False,1,False,False,0.170068,0.852273
2EBL_1,2EBL,1,UniProt,P10589,"[{""entity_beg_seq_id"":8,""ref_beg_seq_id"":84,""length"":76,""entity_end_seq_id"":83,""ref_end_seq_id"":159}]",P10589,True,True,False,1,False,False,0.179669,0.853933
2E2R_1,2E2R,1,UniProt,P62508,"[{""entity_beg_seq_id"":7,""ref_beg_seq_id"":222,""length"":237,""entity_end_seq_id"":243,""ref_end_seq_id"":458}]",P62508,True,True,False,1,False,False,0.517467,0.971311
2C7A_1,2C7A,1,UniProt,P06401,"[{""entity_beg_seq_id"":1,""ref_beg_seq_id"":563,""length"":78,""entity_end_seq_id"":78,""ref_end_seq_id"":640}]",P06401,True,True,False,1,False,False,0.083601,1.0
2BJ4_2,2BJ4,2,UniProt,P03372,"[{""entity_beg_seq_id"":22,""ref_beg_seq_id"":303,""length"":231,""entity_end_seq_id"":252,""ref_end_seq_id"":533}]",P03372,True,True,False,1,False,False,0.388235,0.916667
2BJ4_1,2BJ4,1,UniProt,P03372,"[{""entity_beg_seq_id"":22,""ref_beg_seq_id"":303,""length"":231,""entity_end_seq_id"":252,""ref_end_seq_id"":533}]",P03372,True,True,False,1,False,False,0.388235,0.916667
2BAW_1,2BAW,1,UniProt,Q03181,"[{""entity_beg_seq_id"":1,""ref_beg_seq_id"":175,""length"":267,""entity_end_seq_id"":267,""ref_end_seq_id"":441}]",Q03181,True,True,False,1,False,False,0.605442,1.0
2B50_1,2B50,1,UniProt,Q03181,"[{""entity_beg_seq_id"":1,""ref_beg_seq_id"":169,""length"":272,""entity_end_seq_id"":272,""ref_end_seq_id"":440}]",Q03181,True,True,False,1,False,False,0.61678,1.0
2B23_1,2B23,1,UniProt,P03372,"[{""entity_beg_seq_id"":1,""ref_beg_seq_id"":298,""length"":257,""entity_end_seq_id"":257,""ref_end_seq_id"":554}]",P03372,True,True,False,1,False,False,0.431933,1.0
2B1Z_1,2B1Z,1,UniProt,P03372,"[{""entity_beg_seq_id"":1,""ref_beg_seq_id"":298,""length"":257,""entity_end_seq_id"":257,""ref_end_seq_id"":554}]",P03372,True,True,False,1,False,False,0.431933,1.0
2B1V_1,2B1V,1,UniProt,P03372,"[{""entity_beg_seq_id"":1,""ref_beg_seq_id"":298,""length"":257,""entity_end_seq_id"":257,""ref_end_seq_id"":554}]",P03372,True,True,False,1,False,False,0.431933,1.0
2AYR_1,2AYR,1,UniProt,P03372,"[{""entity_beg_seq_id"":1,""ref_beg_seq_id"":304,""length"":248,""entity_end_seq_id"":248,""ref_end_seq_id"":551}]",P03372,True,True,False,1,False,False,0.416807,1.0
2AXA_1,2AXA,1,UniProt,P10275,"[{""entity_beg_seq_id"":1,""ref_beg_seq_id"":665,""length"":256,""entity_end_seq_id"":256,""ref_end_seq_id"":920}]",P10275,True,True,False,1,False,False,0.278261,1.0
2AX9_1,2AX9,1,UniProt,P10275,"[{""entity_beg_seq_id"":1,""ref_beg_seq_id"":665,""length"":256,""entity_end_seq_id"":256,""ref_end_seq_id"":920}]",P10275,True,True,False,1,False,False,0.278261,1.0
2AX8_1,2AX8,1,UniProt,P10275,"[{""entity_beg_seq_id"":1,""ref_beg_seq_id"":665,""length"":256,""entity_end_seq_id"":256,""ref_end_seq_id"":920}]",P10275,True,True,False,1,False,False,0.278261,1.0
2AX7_1,2AX7,1,UniProt,P10275,"[{""entity_beg_seq_id"":1,""ref_beg_seq_id"":665,""length"":256,""entity_end_seq_id"":256,""ref_end_seq_id"":920}]",P10275,True,True,False,1,False,False,0.278261,1.0
2AX6_1,2AX6,1,UniProt,P10275,"[{""entity_beg_seq_id"":1,""ref_beg_seq_id"":665,""length"":256,""entity_end_seq_id"":256,""ref_end_seq_id"":920}]",P10275,True,True,False,1,False,False,0.278261,1.0
2AWH_1,2AWH,1,UniProt,Q03181,"[{""entity_beg_seq_id"":1,""ref_beg_seq_id"":174,""length"":268,""entity_end_seq_id"":268,""ref_end_seq_id"":441}]",Q03181,True,True,False,1,False,False,0.60771,1.0
2ATH_1,2ATH,1,UniProt,P37231,"[{""entity_beg_seq_id"":1,""ref_beg_seq_id"":235,""length"":271,""entity_end_seq_id"":271,""ref_end_seq_id"":505}]",P37231,True,True,False,1,False,False,0.536634,1.0
2AO6_1,2AO6,1,UniProt,P10275,"[{""entity_beg_seq_id"":1,""ref_beg_seq_id"":672,""length"":249,""entity_end_seq_id"":249,""ref_end_seq_id"":920}]",P10275,True,True,False,1,False,False,0.270652,1.0
2AMB_1,2AMB,1,UniProt,P10275,"[{""entity_beg_seq_id"":1,""ref_beg_seq_id"":655,""length"":266,""entity_end_seq_id"":266,""ref_end_seq_id"":920}]",P10275,True,True,False,1,False,False,0.28913,1.0
2AMA_1,2AMA,1,UniProt,P10275,"[{""entity_beg_seq_id"":1,""ref_beg_seq_id"":655,""length"":266,""entity_end_seq_id"":266,""ref_end_seq_id"":920}]",P10275,True,True,False,1,False,False,0.28913,1.0
2AM9_1,2AM9,1,UniProt,P10275,"[{""entity_beg_seq_id"":1,""ref_beg_seq_id"":655,""length"":266,""entity_end_seq_id"":266,""ref_end_seq_id"":920}]",P10275,True,True,False,1,False,False,0.28913,1.0
2ACL_1,2ACL,1,UniProt,P19793,"[{""entity_beg_seq_id"":1,""ref_beg_seq_id"":225,""length"":238,""entity_end_seq_id"":238,""ref_end_seq_id"":462}]",P19793,True,True,False,1,False,False,0.515152,1.0
2ABI_1,2ABI,1,UniProt,P08235,"[{""entity_beg_seq_id"":3,""ref_beg_seq_id"":731,""length"":254,""entity_end_seq_id"":256,""ref_end_seq_id"":984}]",P08235,True,True,False,1,False,False,0.25813,0.992188
2AB2_1,2AB2,1,UniProt,P08235,"[{""entity_beg_seq_id"":3,""ref_beg_seq_id"":712,""length"":273,""entity_end_seq_id"":275,""ref_end_seq_id"":984}]",P08235,True,True,False,1,False,False,0.277439,0.992727
2AAX_1,2AAX,1,UniProt,P08235,"[{""entity_beg_seq_id"":3,""ref_beg_seq_id"":712,""length"":273,""entity_end_seq_id"":275,""ref_end_seq_id"":984}]",P08235,True,True,False,1,False,False,0.277439,0.992727
2AA7_1,2AA7,1,UniProt,P08235,"[{""entity_beg_seq_id"":3,""ref_beg_seq_id"":712,""length"":273,""entity_end_seq_id"":275,""ref_end_seq_id"":984}]",P08235,True,True,False,1,False,False,0.277439,0.992727
2AA6_1,2AA6,1,UniProt,P08235,"[{""entity_beg_seq_id"":3,""ref_beg_seq_id"":712,""length"":273,""entity_end_seq_id"":275,""ref_end_seq_id"":984}]",P08235,True,True,False,1,False,False,0.277439,0.992727
2AA5_1,2AA5,1,UniProt,P08235,"[{""entity_beg_seq_id"":3,""ref_beg_seq_id"":712,""length"":273,""entity_end_seq_id"":275,""ref_end_seq_id"":984}]",P08235,True,True,False,1,False,False,0.277439,0.992727
2AA2_1,2AA2,1,UniProt,P08235,"[{""entity_beg_seq_id"":3,""ref_beg_seq_id"":712,""length"":273,""entity_end_seq_id"":275,""ref_end_seq_id"":984}]",P08235,True,True,False,1,False,False,0.277439,0.992727
2A66_3,2A66,3,UniProt,O00482,"[{""entity_beg_seq_id"":5,""ref_beg_seq_id"":79,""length"":109,""entity_end_seq_id"":113,""ref_end_seq_id"":187}]",O00482,True,True,False,1,False,False,0.201479,0.964602
2A3I_1,2A3I,1,UniProt,P08235,"[{""entity_beg_seq_id"":1,""ref_beg_seq_id"":732,""length"":253,""entity_end_seq_id"":253,""ref_end_seq_id"":984}]",P08235,True,True,False,1,False,False,0.257114,1.0
29OB_1,29OB,1,UniProt,P51449,"[{""entity_beg_seq_id"":2,""ref_beg_seq_id"":265,""length"":242,""entity_end_seq_id"":243,""ref_end_seq_id"":506}]",P51449,True,True,False,1,False,False,0.467181,0.995885
1ZUC_1,1ZUC,1,UniProt,P06401,"[{""entity_beg_seq_id"":2,""ref_beg_seq_id"":676,""length"":258,""entity_end_seq_id"":259,""ref_end_seq_id"":933}]",P06401,True,True,False,1,False,False,0.276527,0.996139
1ZKY_1,1ZKY,1,UniProt,P03372,"[{""entity_beg_seq_id"":1,""ref_beg_seq_id"":298,""length"":257,""entity_end_seq_id"":257,""ref_end_seq_id"":554}]",P03372,True,True,False,1,False,False,0.431933,1.0
1ZGY_1,1ZGY,1,UniProt,P37231,"[{""entity_beg_seq_id"":1,""ref_beg_seq_id"":234,""length"":272,""entity_end_seq_id"":272,""ref_end_seq_id"":505}]",P37231,True,True,False,1,False,False,0.538614,1.0
1ZEO_1,1ZEO,1,UniProt,P37231,"[{""entity_beg_seq_id"":2,""ref_beg_seq_id"":230,""length"":276,""entity_end_seq_id"":277,""ref_end_seq_id"":505}]",P37231,True,True,False,1,False,False,0.546535,0.99639
1ZDU_1,1ZDU,1,UniProt,O00482,"[{""entity_beg_seq_id"":1,""ref_beg_seq_id"":297,""length"":245,""entity_end_seq_id"":245,""ref_end_seq_id"":541}]",O00482,True,True,False,1,False,False,0.452865,1.0
1ZDT_1,1ZDT,1,UniProt,Q13285,"[{""entity_beg_seq_id"":1,""ref_beg_seq_id"":221,""length"":241,""entity_end_seq_id"":241,""ref_end_seq_id"":461}]",Q13285,True,True,False,1,False,False,0.522777,1.0
1ZAF_1,1ZAF,1,UniProt,Q92731,"[{""entity_beg_seq_id"":1,""ref_beg_seq_id"":263,""length"":238,""entity_end_seq_id"":238,""ref_end_seq_id"":500}]",Q92731,True,True,False,1,False,False,0.449057,1.0
1Z95_1,1Z95,1,UniProt,P10275,"[{""entity_beg_seq_id"":1,""ref_beg_seq_id"":673,""length"":246,""entity_end_seq_id"":246,""ref_end_seq_id"":918}]",P10275,True,True,False,1,False,False,0.267391,1.0
1YYE_1,1YYE,1,UniProt,Q92731,"[{""entity_beg_seq_id"":1,""ref_beg_seq_id"":263,""length"":268,""entity_end_seq_id"":268,""ref_end_seq_id"":530}]",Q92731,True,True,False,1,False,False,0.50566,1.0
1YY4_1,1YY4,1,UniProt,Q92731,"[{""entity_beg_seq_id"":1,""ref_beg_seq_id"":263,""length"":268,""entity_end_seq_id"":268,""ref_end_seq_id"":530}]",Q92731,True,True,False,1,False,False,0.50566,1.0
1YUC_2,1YUC,2,UniProt,Q15466,"[{""entity_beg_seq_id"":1,""ref_beg_seq_id"":15,""length"":14,""entity_end_seq_id"":14,""ref_end_seq_id"":28}]",Q15466,True,True,False,1,False,False,0.054475,1.0
1YUC_1,1YUC,1,UniProt,O00482,"[{""entity_beg_seq_id"":4,""ref_beg_seq_id"":290,""length"":252,""entity_end_seq_id"":255,""ref_end_seq_id"":541}]",O00482,True,True,False,1,False,False,0.465804,0.988235
1YOW_1,1YOW,1,UniProt,Q13285,"[{""entity_beg_seq_id"":3,""ref_beg_seq_id"":222,""length"":240,""entity_end_seq_id"":242,""ref_end_seq_id"":461}]",Q13285,True,True,False,1,False,False,0.520607,0.991736
1YOK_1,1YOK,1,UniProt,O00482,"[{""entity_beg_seq_id"":15,""ref_beg_seq_id"":300,""length"":242,""entity_end_seq_id"":256,""ref_end_seq_id"":541}]",O00482,True,True,False,1,False,False,0.44732,0.945312
1YNW_4,1YNW,4,UniProt,P19793,"[{""entity_beg_seq_id"":1,""ref_beg_seq_id"":130,""length"":99,""entity_end_seq_id"":99,""ref_end_seq_id"":228}]",P19793,True,True,False,1,False,False,0.214286,1.0
1YNW_3,1YNW,3,UniProt,P11473,"[{""entity_beg_seq_id"":1,""ref_beg_seq_id"":16,""length"":110,""entity_end_seq_id"":110,""ref_end_seq_id"":125}]",P11473,True,True,False,1,False,False,0.257611,1.0
1YIN_1,1YIN,1,UniProt,P03372,"[{""entity_beg_seq_id"":1,""ref_beg_seq_id"":307,""length"":248,""entity_end_seq_id"":248,""ref_end_seq_id"":554}]",P03372,True,True,False,1,False,False,0.416807,1.0
1YIM_1,1YIM,1,UniProt,P03372,"[{""entity_beg_seq_id"":1,""ref_beg_seq_id"":307,""length"":248,""entity_end_seq_id"":248,""ref_end_seq_id"":554}]",P03372,True,True,False,1,False,False,0.416807,1.0
1YA3_1,1YA3,1,UniProt,P08235,"[{""entity_beg_seq_id"":2,""ref_beg_seq_id"":731,""length"":254,""entity_end_seq_id"":255,""ref_end_seq_id"":984}]",P08235,True,True,False,1,False,False,0.25813,0.996078
1Y9R_1,1Y9R,1,UniProt,P08235,"[{""entity_beg_seq_id"":2,""ref_beg_seq_id"":731,""length"":254,""entity_end_seq_id"":255,""ref_end_seq_id"":984}]",P08235,True,True,False,1,False,False,0.25813,0.996078
3FUG_1,3FUG,1,UniProt,P19793,"[{""entity_beg_seq_id"":1,""ref_beg_seq_id"":223,""length"":240,""entity_end_seq_id"":240,""ref_end_seq_id"":462}]",P19793,True,True,False,1,False,False,0.519481,1.0
3FS1_1,3FS1,1,UniProt,P41235,"[{""entity_beg_seq_id"":1,""ref_beg_seq_id"":148,""length"":230,""entity_end_seq_id"":230,""ref_end_seq_id"":377}]",P41235,True,True,False,1,False,False,0.485232,1.0
3FLI_1,3FLI,1,UniProt,Q96RI1,"[{""entity_beg_seq_id"":3,""ref_beg_seq_id"":258,""length"":229,""entity_end_seq_id"":231,""ref_end_seq_id"":486}]",Q96RI1,True,True,False,1,False,False,0.471193,0.991342
3FEJ_1,3FEJ,1,UniProt,P37231,"[{""entity_beg_seq_id"":1,""ref_beg_seq_id"":235,""length"":271,""entity_end_seq_id"":271,""ref_end_seq_id"":505}]",P37231,True,True,False,1,False,False,0.536634,1.0
3FEI_1,3FEI,1,UniProt,Q07869,"[{""entity_beg_seq_id"":1,""ref_beg_seq_id"":202,""length"":267,""entity_end_seq_id"":267,""ref_end_seq_id"":468}]",Q07869,True,True,False,1,False,False,0.570513,1.0
3FC6_1,3FC6,1,UniProt,P19793,"[{""entity_beg_seq_id"":5,""ref_beg_seq_id"":225,""length"":238,""entity_end_seq_id"":242,""ref_end_seq_id"":462}]",P19793,True,True,False,1,False,False,0.515152,0.983471
3FAL_1,3FAL,1,UniProt,P19793,"[{""entity_beg_seq_id"":5,""ref_beg_seq_id"":225,""length"":238,""entity_end_seq_id"":242,""ref_end_seq_id"":462}]",P19793,True,True,False,1,False,False,0.515152,0.983471
3ET3_1,3ET3,1,UniProt,P37231,"[{""entity_beg_seq_id"":22,""ref_beg_seq_id"":235,""length"":271,""entity_end_seq_id"":292,""ref_end_seq_id"":505}]",P37231,True,True,False,1,False,False,0.536634,0.928082
3ET2_1,3ET2,1,UniProt,Q03181,"[{""entity_beg_seq_id"":11,""ref_beg_seq_id"":165,""length"":277,""entity_end_seq_id"":287,""ref_end_seq_id"":441}]",Q03181,True,True,False,1,False,False,0.628118,0.965157
3ET1_1,3ET1,1,UniProt,Q07869,"[{""entity_beg_seq_id"":22,""ref_beg_seq_id"":199,""length"":270,""entity_end_seq_id"":291,""ref_end_seq_id"":468}]",Q07869,True,True,False,1,False,False,0.576923,0.927835
3ET0_1,3ET0,1,UniProt,P37231,"[{""entity_beg_seq_id"":22,""ref_beg_seq_id"":235,""length"":271,""entity_end_seq_id"":292,""ref_end_seq_id"":505}]",P37231,True,True,False,1,False,False,0.536634,0.928082
3ERT_1,3ERT,1,UniProt,P03372,"[{""entity_beg_seq_id"":4,""ref_beg_seq_id"":297,""length"":258,""entity_end_seq_id"":261,""ref_end_seq_id"":554}]",P03372,True,True,False,1,False,False,0.433613,0.988506
3ERD_1,3ERD,1,UniProt,P03372,"[{""entity_beg_seq_id"":4,""ref_beg_seq_id"":297,""length"":258,""entity_end_seq_id"":261,""ref_end_seq_id"":554}]",P03372,True,True,False,1,False,False,0.433613,0.988506
3E94_1,3E94,1,UniProt,P19793,"[{""entity_beg_seq_id"":5,""ref_beg_seq_id"":223,""length"":240,""entity_end_seq_id"":244,""ref_end_seq_id"":462}]",P19793,True,True,False,1,False,False,0.519481,0.983607
3E7C_1,3E7C,1,UniProt,P04150,"[{""entity_beg_seq_id"":1,""ref_beg_seq_id"":521,""length"":257,""entity_end_seq_id"":257,""ref_end_seq_id"":777}]",P04150,True,True,False,1,False,False,0.330759,1.0
3E00_2,3E00,2,UniProt,P37231,"[{""entity_beg_seq_id"":16,""ref_beg_seq_id"":102,""length"":404,""entity_end_seq_id"":419,""ref_end_seq_id"":505}]",P37231,True,True,False,1,False,False,0.8,0.9642
3E00_1,3E00,1,UniProt,P19793,"[{""entity_beg_seq_id"":16,""ref_beg_seq_id"":11,""length"":452,""entity_end_seq_id"":467,""ref_end_seq_id"":462}]",P19793,True,True,False,1,False,False,0.978355,0.96788
3DZY_2,3DZY,2,UniProt,P37231,"[{""entity_beg_seq_id"":16,""ref_beg_seq_id"":102,""length"":404,""entity_end_seq_id"":419,""ref_end_seq_id"":505}]",P37231,True,True,False,1,False,False,0.8,0.9642
3DZY_1,3DZY,1,UniProt,P19793,"[{""entity_beg_seq_id"":16,""ref_beg_seq_id"":11,""length"":452,""entity_end_seq_id"":467,""ref_end_seq_id"":462}]",P19793,True,True,False,1,False,False,0.978355,0.96788
3DZU_2,3DZU,2,UniProt,P37231,"[{""entity_beg_seq_id"":16,""ref_beg_seq_id"":102,""length"":404,""entity_end_seq_id"":419,""ref_end_seq_id"":505}]",P37231,True,True,False,1,False,False,0.8,0.9642
3DZU_1,3DZU,1,UniProt,P19793,"[{""entity_beg_seq_id"":16,""ref_beg_seq_id"":11,""length"":452,""entity_end_seq_id"":467,""ref_end_seq_id"":462}]",P19793,True,True,False,1,False,False,0.978355,0.96788
3DY6_1,3DY6,1,UniProt,Q03181,"[{""entity_beg_seq_id"":1,""ref_beg_seq_id"":171,""length"":271,""entity_end_seq_id"":271,""ref_end_seq_id"":441}]",Q03181,True,True,False,1,False,False,0.614512,1.0
3DT3_1,3DT3,1,UniProt,P03372,"[{""entity_beg_seq_id"":3,""ref_beg_seq_id"":299,""length"":253,""entity_end_seq_id"":255,""ref_end_seq_id"":551}]",P03372,True,True,False,1,False,False,0.42521,0.992157
3DCU_1,3DCU,1,UniProt,Q96RI1,"[{""entity_beg_seq_id"":1,""ref_beg_seq_id"":252,""length"":235,""entity_end_seq_id"":235,""ref_end_seq_id"":486}]",Q96RI1,True,True,False,1,False,False,0.483539,1.0
3DCT_1,3DCT,1,UniProt,Q96RI1,"[{""entity_beg_seq_id"":1,""ref_beg_seq_id"":252,""length"":235,""entity_end_seq_id"":235,""ref_end_seq_id"":486}]",Q96RI1,True,True,False,1,False,False,0.483539,1.0
3D90_1,3D90,1,UniProt,P06401,"[{""entity_beg_seq_id"":1,""ref_beg_seq_id"":676,""length"":258,""entity_end_seq_id"":258,""ref_end_seq_id"":933}]",P06401,True,True,False,1,False,False,0.276527,1.0
3D6D_1,3D6D,1,UniProt,P37231,"[{""entity_beg_seq_id"":5,""ref_beg_seq_id"":223,""length"":282,""entity_end_seq_id"":286,""ref_end_seq_id"":504}]",P37231,True,True,False,1,False,False,0.558416,0.986014
3D5F_1,3D5F,1,UniProt,Q03181,"[{""entity_beg_seq_id"":1,""ref_beg_seq_id"":175,""length"":267,""entity_end_seq_id"":267,""ref_end_seq_id"":441}]",Q03181,True,True,False,1,False,False,0.605442,1.0
3D57_1,3D57,1,UniProt,P10828,"[{""entity_beg_seq_id"":15,""ref_beg_seq_id"":209,""length"":252,""entity_end_seq_id"":266,""ref_end_seq_id"":460}]",P10828,True,True,False,1,False,False,0.546638,0.947368
3D24_1,3D24,1,UniProt,P11474,"[{""entity_beg_seq_id"":22,""ref_beg_seq_id"":192,""length"":232,""entity_end_seq_id"":253,""ref_end_seq_id"":423}]",P11474,True,True,False,1,False,False,0.548463,0.916996
3CWD_1,3CWD,1,UniProt,P37231,"[{""entity_beg_seq_id"":1,""ref_beg_seq_id"":236,""length"":270,""entity_end_seq_id"":270,""ref_end_seq_id"":505}]",P37231,True,True,False,1,False,False,0.534653,1.0
3CTB_1,3CTB,1,UniProt,O75469,"[{""entity_beg_seq_id"":12,""ref_beg_seq_id"":130,""length"":305,""entity_end_seq_id"":316,""ref_end_seq_id"":434}]",O75469,True,True,False,1,False,False,0.702765,0.886628
3CTB_1,3CTB,1,UniProt,Q15788,"[{""entity_beg_seq_id"":322,""ref_beg_seq_id"":678,""length"":23,""entity_end_seq_id"":344,""ref_end_seq_id"":700}]",O75469,False,False,False,1,False,False,,0.06686
3CS8_1,3CS8,1,UniProt,P37231,"[{""entity_beg_seq_id"":5,""ref_beg_seq_id"":234,""length"":271,""entity_end_seq_id"":275,""ref_end_seq_id"":504}]",P37231,True,True,False,1,False,False,0.536634,0.985455
3CS6_1,3CS6,1,UniProt,P11473,"[{""entity_beg_seq_id"":5,""ref_beg_seq_id"":118,""length"":259,""entity_end_seq_id"":263,""ref_end_seq_id"":376}]",P11473,True,True,False,1,False,False,0.606557,0.984791
3CS4_1,3CS4,1,UniProt,P11473,"[{""entity_beg_seq_id"":5,""ref_beg_seq_id"":118,""length"":259,""entity_end_seq_id"":263,""ref_end_seq_id"":376}]",P11473,True,True,False,1,False,False,0.606557,0.984791
3CQV_1,3CQV,1,UniProt,Q14995,"[{""entity_beg_seq_id"":1,""ref_beg_seq_id"":381,""length"":199,""entity_end_seq_id"":199,""ref_end_seq_id"":579}]",Q14995,True,True,False,1,False,False,0.343696,1.0
3CLD_1,3CLD,1,UniProt,P04150,"[{""entity_beg_seq_id"":3,""ref_beg_seq_id"":521,""length"":257,""entity_end_seq_id"":259,""ref_end_seq_id"":777}]",P04150,True,True,False,1,False,False,0.330759,0.992278
3CJW_1,3CJW,1,UniProt,P24468,"[{""entity_beg_seq_id"":5,""ref_beg_seq_id"":175,""length"":240,""entity_end_seq_id"":244,""ref_end_seq_id"":414}]",P24468,True,True,False,1,False,False,0.57971,0.983607
3CDS_1,3CDS,1,UniProt,P37231,"[{""entity_beg_seq_id"":5,""ref_beg_seq_id"":223,""length"":282,""entity_end_seq_id"":286,""ref_end_seq_id"":504}]",P37231,True,True,False,1,False,False,0.558416,0.986014
3CDP_1,3CDP,1,UniProt,P37231,"[{""entity_beg_seq_id"":5,""ref_beg_seq_id"":223,""length"":282,""entity_end_seq_id"":286,""ref_end_seq_id"":504}]",P37231,True,True,False,1,False,False,0.558416,0.986014
3CBP_2,3CBP,2,UniProt,P03372,"[{""entity_beg_seq_id"":1,""ref_beg_seq_id"":298,""length"":10,""entity_end_seq_id"":10,""ref_end_seq_id"":307}]",P03372,True,True,False,1,False,False,0.016807,1.0
3CBO_2,3CBO,2,UniProt,P03372,"[{""entity_beg_seq_id"":1,""ref_beg_seq_id"":298,""length"":10,""entity_end_seq_id"":10,""ref_end_seq_id"":307}]",P03372,True,True,False,1,False,False,0.016807,1.0
3CBM_2,3CBM,2,UniProt,P03372,"[{""entity_beg_seq_id"":1,""ref_beg_seq_id"":298,""length"":10,""entity_end_seq_id"":10,""ref_end_seq_id"":307}]",P03372,True,True,False,1,False,False,0.016807,1.0
3CBB_3,3CBB,3,UniProt,P41235,"[{""entity_beg_seq_id"":1,""ref_beg_seq_id"":58,""length"":78,""entity_end_seq_id"":78,""ref_end_seq_id"":135}]",P41235,True,True,False,1,False,False,0.164557,1.0
3BTR_2,3BTR,2,UniProt,P10275,"[{""entity_beg_seq_id"":1,""ref_beg_seq_id"":622,""length"":15,""entity_end_seq_id"":15,""ref_end_seq_id"":636}]",P10275,True,True,False,1,False,False,0.016304,1.0
3BQD_1,3BQD,1,UniProt,P04150,"[{""entity_beg_seq_id"":3,""ref_beg_seq_id"":525,""length"":253,""entity_end_seq_id"":255,""ref_end_seq_id"":777}]",P04150,True,True,False,1,False,False,0.325611,0.992157
3BEJ_1,3BEJ,1,UniProt,Q96RI1,"[{""entity_beg_seq_id"":1,""ref_beg_seq_id"":249,""length"":238,""entity_end_seq_id"":238,""ref_end_seq_id"":486}]",Q96RI1,True,True,False,1,False,False,0.489712,1.0
3BC5_1,3BC5,1,UniProt,P37231,"[{""entity_beg_seq_id"":22,""ref_beg_seq_id"":231,""length"":275,""entity_end_seq_id"":296,""ref_end_seq_id"":505}]",P37231,True,True,False,1,False,False,0.544554,0.929054
3B68_1,3B68,1,UniProt,P10275,"[{""entity_beg_seq_id"":1,""ref_beg_seq_id"":672,""length"":249,""entity_end_seq_id"":249,""ref_end_seq_id"":920}]",P10275,True,True,False,1,False,False,0.270652,1.0
3B67_1,3B67,1,UniProt,P10275,"[{""entity_beg_seq_id"":1,""ref_beg_seq_id"":672,""length"":249,""entity_end_seq_id"":249,""ref_end_seq_id"":920}]",P10275,True,True,False,1,False,False,0.270652,1.0
3B66_1,3B66,1,UniProt,P10275,"[{""entity_beg_seq_id"":1,""ref_beg_seq_id"":672,""length"":249,""entity_end_seq_id"":249,""ref_end_seq_id"":920}]",P10275,True,True,False,1,False,False,0.270652,1.0
3B65_1,3B65,1,UniProt,P10275,"[{""entity_beg_seq_id"":1,""ref_beg_seq_id"":672,""length"":249,""entity_end_seq_id"":249,""ref_end_seq_id"":920}]",P10275,True,True,False,1,False,False,0.270652,1.0
3B5R_1,3B5R,1,UniProt,P10275,"[{""entity_beg_seq_id"":1,""ref_beg_seq_id"":672,""length"":249,""entity_end_seq_id"":249,""ref_end_seq_id"":920}]",P10275,True,True,False,1,False,False,0.270652,1.0
3B3K_1,3B3K,1,UniProt,P37231,"[{""entity_beg_seq_id"":5,""ref_beg_seq_id"":223,""length"":282,""entity_end_seq_id"":286,""ref_end_seq_id"":504}]",P37231,True,True,False,1,False,False,0.558416,0.986014
3B1M_1,3B1M,1,UniProt,P37231,"[{""entity_beg_seq_id"":12,""ref_beg_seq_id"":234,""length"":272,""entity_end_seq_id"":283,""ref_end_seq_id"":505}]",P37231,True,True,False,1,False,False,0.538614,0.961131
3B0W_1,3B0W,1,UniProt,P51449,"[{""entity_beg_seq_id"":1,""ref_beg_seq_id"":265,""length"":243,""entity_end_seq_id"":243,""ref_end_seq_id"":507}]",P51449,True,True,False,1,False,False,0.469112,1.0
3B0T_1,3B0T,1,UniProt,P11473,"[{""entity_beg_seq_id"":2,""ref_beg_seq_id"":120,""length"":253,""entity_end_seq_id"":254,""ref_end_seq_id"":372}]",P11473,True,True,False,1,False,False,0.592506,0.996063
3B0R_1,3B0R,1,UniProt,P37231,"[{""entity_beg_seq_id"":1,""ref_beg_seq_id"":231,""length"":274,""entity_end_seq_id"":274,""ref_end_seq_id"":504}]",P37231,True,True,False,1,False,False,0.542574,1.0
3B0Q_1,3B0Q,1,UniProt,P37231,"[{""entity_beg_seq_id"":1,""ref_beg_seq_id"":231,""length"":274,""entity_end_seq_id"":274,""ref_end_seq_id"":504}]",P37231,True,True,False,1,False,False,0.542574,1.0
3AZ3_1,3AZ3,1,UniProt,P11473,"[{""entity_beg_seq_id"":1,""ref_beg_seq_id"":120,""length"":253,""entity_end_seq_id"":253,""ref_end_seq_id"":372}]",P11473,True,True,False,1,False,False,0.592506,1.0
3AZ2_1,3AZ2,1,UniProt,P11473,"[{""entity_beg_seq_id"":1,""ref_beg_seq_id"":120,""length"":253,""entity_end_seq_id"":253,""ref_end_seq_id"":372}]",P11473,True,True,False,1,False,False,0.592506,1.0
3AZ1_1,3AZ1,1,UniProt,P11473,"[{""entity_beg_seq_id"":1,""ref_beg_seq_id"":120,""length"":253,""entity_end_seq_id"":253,""ref_end_seq_id"":372}]",P11473,True,True,False,1,False,False,0.592506,1.0
3AX8_1,3AX8,1,UniProt,P11473,"[{""entity_beg_seq_id"":5,""ref_beg_seq_id"":118,""length"":259,""entity_end_seq_id"":263,""ref_end_seq_id"":376}]",P11473,True,True,False,1,False,False,0.606557,0.984791
3AUR_1,3AUR,1,UniProt,P11473,"[{""entity_beg_seq_id"":5,""ref_beg_seq_id"":118,""length"":259,""entity_end_seq_id"":263,""ref_end_seq_id"":376}]",P11473,True,True,False,1,False,False,0.606557,0.984791
3AUQ_1,3AUQ,1,UniProt,P11473,"[{""entity_beg_seq_id"":5,""ref_beg_seq_id"":118,""length"":259,""entity_end_seq_id"":263,""ref_end_seq_id"":376}]",P11473,True,True,False,1,False,False,0.606557,0.984791
3AN4_1,3AN4,1,UniProt,P37231,"[{""entity_beg_seq_id"":5,""ref_beg_seq_id"":223,""length"":282,""entity_end_seq_id"":286,""ref_end_seq_id"":504}]",P37231,True,True,False,1,False,False,0.558416,0.986014
3AN3_1,3AN3,1,UniProt,P37231,"[{""entity_beg_seq_id"":5,""ref_beg_seq_id"":223,""length"":282,""entity_end_seq_id"":286,""ref_end_seq_id"":504}]",P37231,True,True,False,1,False,False,0.558416,0.986014
3ADX_1,3ADX,1,UniProt,P37231,"[{""entity_beg_seq_id"":5,""ref_beg_seq_id"":223,""length"":283,""entity_end_seq_id"":287,""ref_end_seq_id"":505}]",P37231,True,True,False,1,False,False,0.560396,0.986063
3ADW_1,3ADW,1,UniProt,P37231,"[{""entity_beg_seq_id"":5,""ref_beg_seq_id"":223,""length"":283,""entity_end_seq_id"":287,""ref_end_seq_id"":505}]",P37231,True,True,False,1,False,False,0.560396,0.986063
3ADV_1,3ADV,1,UniProt,P37231,"[{""entity_beg_seq_id"":5,""ref_beg_seq_id"":223,""length"":283,""entity_end_seq_id"":287,""ref_end_seq_id"":505}]",P37231,True,True,False,1,False,False,0.560396,0.986063
3ADU_1,3ADU,1,UniProt,P37231,"[{""entity_beg_seq_id"":5,""ref_beg_seq_id"":223,""length"":283,""entity_end_seq_id"":287,""ref_end_seq_id"":505}]",P37231,True,True,False,1,False,False,0.560396,0.986063
3ADT_1,3ADT,1,UniProt,P37231,"[{""entity_beg_seq_id"":5,""ref_beg_seq_id"":223,""length"":283,""entity_end_seq_id"":287,""ref_end_seq_id"":505}]",P37231,True,True,False,1,False,False,0.560396,0.986063
3ADS_1,3ADS,1,UniProt,P37231,"[{""entity_beg_seq_id"":5,""ref_beg_seq_id"":223,""length"":283,""entity_end_seq_id"":287,""ref_end_seq_id"":505}]",P37231,True,True,False,1,False,False,0.560396,0.986063
3A9E_2,3A9E,2,UniProt,P10276,"[{""entity_beg_seq_id"":1,""ref_beg_seq_id"":153,""length"":269,""entity_end_seq_id"":269,""ref_end_seq_id"":421}]",P10276,True,True,False,1,False,False,0.582251,1.0
3A78_1,3A78,1,UniProt,P11473,"[{""entity_beg_seq_id"":5,""ref_beg_seq_id"":118,""length"":259,""entity_end_seq_id"":263,""ref_end_seq_id"":376}]",P11473,True,True,False,1,False,False,0.606557,0.984791
3A40_1,3A40,1,UniProt,P11473,"[{""entity_beg_seq_id"":5,""ref_beg_seq_id"":118,""length"":259,""entity_end_seq_id"":263,""ref_end_seq_id"":376}]",P11473,True,True,False,1,False,False,0.606557,0.984791
3A3Z_1,3A3Z,1,UniProt,P11473,"[{""entity_beg_seq_id"":5,""ref_beg_seq_id"":118,""length"":259,""entity_end_seq_id"":263,""ref_end_seq_id"":376}]",P11473,True,True,False,1,False,False,0.606557,0.984791
3A2J_1,3A2J,1,UniProt,P11473,"[{""entity_beg_seq_id"":5,""ref_beg_seq_id"":118,""length"":259,""entity_end_seq_id"":263,""ref_end_seq_id"":376}]",P11473,True,True,False,1,False,False,0.606557,0.984791
3A2I_1,3A2I,1,UniProt,P11473,"[{""entity_beg_seq_id"":5,""ref_beg_seq_id"":118,""length"":259,""entity_end_seq_id"":263,""ref_end_seq_id"":376}]",P11473,True,True,False,1,False,False,0.606557,0.984791
38KC_1,38KC,1,UniProt,P06401,"[{""entity_beg_seq_id"":2,""ref_beg_seq_id"":677,""length"":257,""entity_end_seq_id"":258,""ref_end_seq_id"":933}]",P06401,True,True,False,1,False,False,0.275456,0.996124
2ZY0_1,2ZY0,1,UniProt,P19793,"[{""entity_beg_seq_id"":1,""ref_beg_seq_id"":223,""length"":240,""entity_end_seq_id"":240,""ref_end_seq_id"":462}]",P19793,True,True,False,1,False,False,0.519481,1.0
2ZXZ_1,2ZXZ,1,UniProt,P19793,"[{""entity_beg_seq_id"":1,""ref_beg_seq_id"":223,""length"":240,""entity_end_seq_id"":240,""ref_end_seq_id"":462}]",P19793,True,True,False,1,False,False,0.519481,1.0
2ZVT_1,2ZVT,1,UniProt,P37231,"[{""entity_beg_seq_id"":5,""ref_beg_seq_id"":223,""length"":282,""entity_end_seq_id"":286,""ref_end_seq_id"":504}]",P37231,True,True,False,1,False,False,0.558416,0.986014
2ZNQ_1,2ZNQ,1,UniProt,Q03181,"[{""entity_beg_seq_id"":5,""ref_beg_seq_id"":170,""length"":272,""entity_end_seq_id"":276,""ref_end_seq_id"":441}]",Q03181,True,True,False,1,False,False,0.61678,0.985507
2ZNP_1,2ZNP,1,UniProt,Q03181,"[{""entity_beg_seq_id"":5,""ref_beg_seq_id"":170,""length"":272,""entity_end_seq_id"":276,""ref_end_seq_id"":441}]",Q03181,True,True,False,1,False,False,0.61678,0.985507
2ZNO_1,2ZNO,1,UniProt,P37231,"[{""entity_beg_seq_id"":5,""ref_beg_seq_id"":223,""length"":282,""entity_end_seq_id"":286,""ref_end_seq_id"":504}]",P37231,True,True,False,1,False,False,0.558416,0.986014
2ZNN_1,2ZNN,1,UniProt,Q07869,"[{""entity_beg_seq_id"":5,""ref_beg_seq_id"":200,""length"":269,""entity_end_seq_id"":273,""ref_end_seq_id"":468}]",Q07869,True,True,False,1,False,False,0.574786,0.985348
2ZKC_1,2ZKC,1,UniProt,P62508,"[{""entity_beg_seq_id"":7,""ref_beg_seq_id"":222,""length"":237,""entity_end_seq_id"":243,""ref_end_seq_id"":458}]",P62508,True,True,False,1,False,False,0.517467,0.971311
2ZK6_1,2ZK6,1,UniProt,P37231,"[{""entity_beg_seq_id"":5,""ref_beg_seq_id"":223,""length"":282,""entity_end_seq_id"":286,""ref_end_seq_id"":504}]",P37231,True,True,False,1,False,False,0.558416,0.986014
2ZK5_1,2ZK5,1,UniProt,P37231,"[{""entity_beg_seq_id"":5,""ref_beg_seq_id"":223,""length"":282,""entity_end_seq_id"":286,""ref_end_seq_id"":504}]",P37231,True,True,False,1,False,False,0.558416,0.986014
2ZK4_1,2ZK4,1,UniProt,P37231,"[{""entity_beg_seq_id"":5,""ref_beg_seq_id"":223,""length"":282,""entity_end_seq_id"":286,""ref_end_seq_id"":504}]",P37231,True,True,False,1,False,False,0.558416,0.986014
2ZK3_1,2ZK3,1,UniProt,P37231,"[{""entity_beg_seq_id"":5,""ref_beg_seq_id"":223,""length"":282,""entity_end_seq_id"":286,""ref_end_seq_id"":504}]",P37231,True,True,False,1,False,False,0.558416,0.986014
2ZK2_1,2ZK2,1,UniProt,P37231,"[{""entity_beg_seq_id"":5,""ref_beg_seq_id"":223,""length"":282,""entity_end_seq_id"":286,""ref_end_seq_id"":504}]",P37231,True,True,False,1,False,False,0.558416,0.986014
2ZK1_1,2ZK1,1,UniProt,P37231,"[{""entity_beg_seq_id"":5,""ref_beg_seq_id"":223,""length"":282,""entity_end_seq_id"":286,""ref_end_seq_id"":504}]",P37231,True,True,False,1,False,False,0.558416,0.986014
2ZK0_1,2ZK0,1,UniProt,P37231,"[{""entity_beg_seq_id"":5,""ref_beg_seq_id"":223,""length"":282,""entity_end_seq_id"":286,""ref_end_seq_id"":504}]",P37231,True,True,False,1,False,False,0.558416,0.986014
2ZBS_1,2ZBS,1,UniProt,P62508,"[{""entity_beg_seq_id"":7,""ref_beg_seq_id"":222,""length"":237,""entity_end_seq_id"":243,""ref_end_seq_id"":458}]",P62508,True,True,False,1,False,False,0.517467,0.971311
2ZAS_1,2ZAS,1,UniProt,P62508,"[{""entity_beg_seq_id"":7,""ref_beg_seq_id"":222,""length"":237,""entity_end_seq_id"":243,""ref_end_seq_id"":458}]",P62508,True,True,False,1,False,False,0.517467,0.971311
2Z4J_2,2Z4J,2,UniProt,Q15466,"[{""entity_beg_seq_id"":1,""ref_beg_seq_id"":115,""length"":10,""entity_end_seq_id"":10,""ref_end_seq_id"":124}]",Q15466,True,True,False,1,False,False,0.038911,1.0
2Z4J_1,2Z4J,1,UniProt,P10275,"[{""entity_beg_seq_id"":1,""ref_beg_seq_id"":672,""length"":248,""entity_end_seq_id"":248,""ref_end_seq_id"":919}]",P10275,True,True,False,1,False,False,0.269565,1.0
2Z4B_1,2Z4B,1,UniProt,Q92731,"[{""entity_beg_seq_id"":8,""ref_beg_seq_id"":256,""length"":250,""entity_end_seq_id"":257,""ref_end_seq_id"":505}]",Q92731,True,True,False,1,False,False,0.471698,0.972763
2YLY_1,2YLY,1,UniProt,Q92731,"[{""entity_beg_seq_id"":1,""ref_beg_seq_id"":260,""length"":240,""entity_end_seq_id"":240,""ref_end_seq_id"":499}]",Q92731,True,True,False,1,False,False,0.45283,1.0
2YLQ_1,2YLQ,1,UniProt,P10275,"[{""entity_beg_seq_id"":1,""ref_beg_seq_id"":665,""length"":256,""entity_end_seq_id"":256,""ref_end_seq_id"":920}]",P10275,True,True,False,1,False,False,0.278261,1.0
2YLP_1,2YLP,1,UniProt,P10275,"[{""entity_beg_seq_id"":1,""ref_beg_seq_id"":665,""length"":256,""entity_end_seq_id"":256,""ref_end_seq_id"":920}]",P10275,True,True,False,1,False,False,0.278261,1.0
2YLO_1,2YLO,1,UniProt,P10275,"[{""entity_beg_seq_id"":1,""ref_beg_seq_id"":665,""length"":256,""entity_end_seq_id"":256,""ref_end_seq_id"":920}]",P10275,True,True,False,1,False,False,0.278261,1.0
2YJD_1,2YJD,1,UniProt,Q92731,"[{""entity_beg_seq_id"":1,""ref_beg_seq_id"":261,""length"":240,""entity_end_seq_id"":240,""ref_end_seq_id"":500}]",Q92731,True,True,False,1,False,False,0.45283,1.0
2YJA_2,2YJA,2,UniProt,P03372,"[{""entity_beg_seq_id"":3,""ref_beg_seq_id"":299,""length"":253,""entity_end_seq_id"":255,""ref_end_seq_id"":551}]",P03372,True,True,False,1,False,False,0.42521,0.992157
2YHD_1,2YHD,1,UniProt,P10275,"[{""entity_beg_seq_id"":1,""ref_beg_seq_id"":672,""length"":249,""entity_end_seq_id"":249,""ref_end_seq_id"":920}]",P10275,True,True,False,1,False,False,0.270652,1.0
2YFE_1,2YFE,1,UniProt,P37231,"[{""entity_beg_seq_id"":5,""ref_beg_seq_id"":223,""length"":283,""entity_end_seq_id"":287,""ref_end_seq_id"":505}]",P37231,True,True,False,1,False,False,0.560396,0.986063
2YAT_1,2YAT,1,UniProt,P03372,"[{""entity_beg_seq_id"":2,""ref_beg_seq_id"":301,""length"":251,""entity_end_seq_id"":252,""ref_end_seq_id"":551}]",P03372,True,True,False,1,False,False,0.421849,0.996032
2XYX_1,2XYX,1,UniProt,Q03181,"[{""entity_beg_seq_id"":12,""ref_beg_seq_id"":165,""length"":277,""entity_end_seq_id"":288,""ref_end_seq_id"":441}]",Q03181,True,True,False,1,False,False,0.628118,0.961806
2XYW_1,2XYW,1,UniProt,Q03181,"[{""entity_beg_seq_id"":12,""ref_beg_seq_id"":165,""length"":277,""entity_end_seq_id"":288,""ref_end_seq_id"":441}]",Q03181,True,True,False,1,False,False,0.628118,0.961806
2XYJ_1,2XYJ,1,UniProt,Q03181,"[{""entity_beg_seq_id"":12,""ref_beg_seq_id"":165,""length"":277,""entity_end_seq_id"":288,""ref_end_seq_id"":441}]",Q03181,True,True,False,1,False,False,0.628118,0.961806
2XKW_1,2XKW,1,UniProt,P37231,"[{""entity_beg_seq_id"":1,""ref_beg_seq_id"":232,""length"":274,""entity_end_seq_id"":274,""ref_end_seq_id"":505}]",P37231,True,True,False,1,False,False,0.542574,1.0
2W8Y_1,2W8Y,1,UniProt,P06401,"[{""entity_beg_seq_id"":5,""ref_beg_seq_id"":678,""length"":256,""entity_end_seq_id"":260,""ref_end_seq_id"":933}]",P06401,True,True,False,1,False,False,0.274384,0.984615
2VV4_2,2VV4,2,UniProt,P37231,"[{""entity_beg_seq_id"":3,""ref_beg_seq_id"":232,""length"":274,""entity_end_seq_id"":276,""ref_end_seq_id"":505}]",P37231,True,True,False,1,False,False,0.542574,0.992754
2VV4_1,2VV4,1,UniProt,P37231,"[{""entity_beg_seq_id"":3,""ref_beg_seq_id"":232,""length"":274,""entity_end_seq_id"":276,""ref_end_seq_id"":505}]",P37231,True,True,False,1,False,False,0.542574,0.992754
2VV3_1,2VV3,1,UniProt,P37231,"[{""entity_beg_seq_id"":3,""ref_beg_seq_id"":232,""length"":274,""entity_end_seq_id"":276,""ref_end_seq_id"":505}]",P37231,True,True,False,1,False,False,0.542574,0.992754
2VV2_1,2VV2,1,UniProt,P37231,"[{""entity_beg_seq_id"":3,""ref_beg_seq_id"":232,""length"":274,""entity_end_seq_id"":276,""ref_end_seq_id"":505}]",P37231,True,True,False,1,False,False,0.542574,0.992754
2VV1_2,2VV1,2,UniProt,P37231,"[{""entity_beg_seq_id"":3,""ref_beg_seq_id"":232,""length"":274,""entity_end_seq_id"":276,""ref_end_seq_id"":505}]",P37231,True,True,False,1,False,False,0.542574,0.992754
2VV1_1,2VV1,1,UniProt,P37231,"[{""entity_beg_seq_id"":3,""ref_beg_seq_id"":232,""length"":274,""entity_end_seq_id"":276,""ref_end_seq_id"":505}]",P37231,True,True,False,1,False,False,0.542574,0.992754
2VV0_1,2VV0,1,UniProt,P37231,"[{""entity_beg_seq_id"":3,""ref_beg_seq_id"":232,""length"":274,""entity_end_seq_id"":276,""ref_end_seq_id"":505}]",P37231,True,True,False,1,False,False,0.542574,0.992754
2VST_1,2VST,1,UniProt,P37231,"[{""entity_beg_seq_id"":3,""ref_beg_seq_id"":232,""length"":274,""entity_end_seq_id"":276,""ref_end_seq_id"":505}]",P37231,True,True,False,1,False,False,0.542574,0.992754
2VSR_1,2VSR,1,UniProt,P37231,"[{""entity_beg_seq_id"":3,""ref_beg_seq_id"":232,""length"":274,""entity_end_seq_id"":276,""ref_end_seq_id"":505}]",P37231,True,True,False,1,False,False,0.542574,0.992754
2V7C_1,2V7C,1,UniProt,Q14995,"[{""entity_beg_seq_id"":1,""ref_beg_seq_id"":386,""length"":194,""entity_end_seq_id"":194,""ref_end_seq_id"":579}]",Q14995,True,True,False,1,False,False,0.33506,1.0
2V0V_1,2V0V,1,UniProt,Q14995,"[{""entity_beg_seq_id"":1,""ref_beg_seq_id"":386,""length"":194,""entity_end_seq_id"":194,""ref_end_seq_id"":579}]",Q14995,True,True,False,1,False,False,0.33506,1.0
2REW_1,2REW,1,UniProt,Q07869,"[{""entity_beg_seq_id"":5,""ref_beg_seq_id"":196,""length"":273,""entity_end_seq_id"":277,""ref_end_seq_id"":468}]",Q07869,True,True,False,1,False,False,0.583333,0.98556
2R6Y_1,2R6Y,1,UniProt,P03372,"[{""entity_beg_seq_id"":1,""ref_beg_seq_id"":304,""length"":248,""entity_end_seq_id"":248,""ref_end_seq_id"":551}]",P03372,True,True,False,1,False,False,0.416807,1.0
2R6W_1,2R6W,1,UniProt,P03372,"[{""entity_beg_seq_id"":1,""ref_beg_seq_id"":304,""length"":248,""entity_end_seq_id"":248,""ref_end_seq_id"":551}]",P03372,True,True,False,1,False,False,0.416807,1.0
2QZO_2,2QZO,2,UniProt,P03372,"[{""entity_beg_seq_id"":2,""ref_beg_seq_id"":298,""length"":257,""entity_end_seq_id"":258,""ref_end_seq_id"":554}]",P03372,True,True,False,1,False,False,0.431933,0.996124
2QZO_1,2QZO,1,UniProt,P03372,"[{""entity_beg_seq_id"":2,""ref_beg_seq_id"":298,""length"":257,""entity_end_seq_id"":258,""ref_end_seq_id"":554}]",P03372,True,True,False,1,False,False,0.431933,0.996124
2QXS_1,2QXS,1,UniProt,P03372,"[{""entity_beg_seq_id"":2,""ref_beg_seq_id"":298,""length"":257,""entity_end_seq_id"":258,""ref_end_seq_id"":554}]",P03372,True,True,False,1,False,False,0.431933,0.996124
2QXM_1,2QXM,1,UniProt,P03372,"[{""entity_beg_seq_id"":2,""ref_beg_seq_id"":298,""length"":257,""entity_end_seq_id"":258,""ref_end_seq_id"":554}]",P03372,True,True,False,1,False,False,0.431933,0.996124
2QW4_1,2QW4,1,UniProt,P22736,"[{""entity_beg_seq_id"":22,""ref_beg_seq_id"":347,""length"":252,""entity_end_seq_id"":273,""ref_end_seq_id"":598}]",P22736,True,True,False,1,False,False,0.421405,0.923077
2QTU_1,2QTU,1,UniProt,Q92731,"[{""entity_beg_seq_id"":8,""ref_beg_seq_id"":256,""length"":250,""entity_end_seq_id"":257,""ref_end_seq_id"":505}]",Q92731,True,True,False,1,False,False,0.471698,0.972763
2QSE_1,2QSE,1,UniProt,P03372,"[{""entity_beg_seq_id"":2,""ref_beg_seq_id"":298,""length"":257,""entity_end_seq_id"":258,""ref_end_seq_id"":554}]",P03372,True,True,False,1,False,False,0.431933,0.996124
2QR9_1,2QR9,1,UniProt,P03372,"[{""entity_beg_seq_id"":2,""ref_beg_seq_id"":298,""length"":257,""entity_end_seq_id"":258,""ref_end_seq_id"":554}]",P03372,True,True,False,1,False,False,0.431933,0.996124
2QNV_1,2QNV,1,UniProt,O75469,"[{""entity_beg_seq_id"":12,""ref_beg_seq_id"":130,""length"":305,""entity_end_seq_id"":316,""ref_end_seq_id"":434}]",O75469,True,True,False,1,False,False,0.702765,0.96519
2QMV_1,2QMV,1,UniProt,P37231,"[{""entity_beg_seq_id"":1,""ref_beg_seq_id"":235,""length"":270,""entity_end_seq_id"":270,""ref_end_seq_id"":504}]",P37231,True,True,False,1,False,False,0.534653,1.0
2QH6_1,2QH6,1,UniProt,P03372,"[{""entity_beg_seq_id"":2,""ref_beg_seq_id"":298,""length"":257,""entity_end_seq_id"":258,""ref_end_seq_id"":554}]",P03372,True,True,False,1,False,False,0.431933,0.996124
2QGW_1,2QGW,1,UniProt,P03372,"[{""entity_beg_seq_id"":2,""ref_beg_seq_id"":298,""length"":257,""entity_end_seq_id"":258,""ref_end_seq_id"":554}]",P03372,True,True,False,1,False,False,0.431933,0.996124
2QGT_1,2QGT,1,UniProt,P03372,"[{""entity_beg_seq_id"":2,""ref_beg_seq_id"":298,""length"":257,""entity_end_seq_id"":258,""ref_end_seq_id"":554}]",P03372,True,True,False,1,False,False,0.431933,0.996124
2QE4_1,2QE4,1,UniProt,P03372,"[{""entity_beg_seq_id"":1,""ref_beg_seq_id"":304,""length"":248,""entity_end_seq_id"":248,""ref_end_seq_id"":551}]",P03372,True,True,False,1,False,False,0.416807,1.0
2QAB_1,2QAB,1,UniProt,P03372,"[{""entity_beg_seq_id"":2,""ref_beg_seq_id"":298,""length"":257,""entity_end_seq_id"":258,""ref_end_seq_id"":554}]",P03372,True,True,False,1,False,False,0.431933,0.996124
2QA8_2,2QA8,2,UniProt,P03372,"[{""entity_beg_seq_id"":2,""ref_beg_seq_id"":298,""length"":257,""entity_end_seq_id"":258,""ref_end_seq_id"":554}]",P03372,True,True,False,1,False,False,0.431933,0.996124
2QA8_1,2QA8,1,UniProt,P03372,"[{""entity_beg_seq_id"":2,""ref_beg_seq_id"":298,""length"":257,""entity_end_seq_id"":258,""ref_end_seq_id"":554}]",P03372,True,True,False,1,False,False,0.431933,0.996124
2QA6_1,2QA6,1,UniProt,P03372,"[{""entity_beg_seq_id"":2,""ref_beg_seq_id"":298,""length"":257,""entity_end_seq_id"":258,""ref_end_seq_id"":554}]",P03372,True,True,False,1,False,False,0.431933,0.996124
2Q8S_1,2Q8S,1,UniProt,P37231,"[{""entity_beg_seq_id"":1,""ref_beg_seq_id"":235,""length"":271,""entity_end_seq_id"":271,""ref_end_seq_id"":505}]",P37231,True,True,False,1,False,False,0.536634,1.0
2Q7L_1,2Q7L,1,UniProt,P10275,"[{""entity_beg_seq_id"":1,""ref_beg_seq_id"":664,""length"":257,""entity_end_seq_id"":257,""ref_end_seq_id"":920}]",P10275,True,True,False,1,False,False,0.279348,1.0
2Q7K_2,2Q7K,2,UniProt,P10275,"[{""entity_beg_seq_id"":1,""ref_beg_seq_id"":20,""length"":11,""entity_end_seq_id"":11,""ref_end_seq_id"":30}]",P10275,True,True,False,1,False,False,0.011957,1.0
2Q7K_1,2Q7K,1,UniProt,P10275,"[{""entity_beg_seq_id"":1,""ref_beg_seq_id"":664,""length"":257,""entity_end_seq_id"":257,""ref_end_seq_id"":920}]",P10275,True,True,False,1,False,False,0.279348,1.0
3WMH_1,3WMH,1,UniProt,P37231,"[{""entity_beg_seq_id"":5,""ref_beg_seq_id"":223,""length"":282,""entity_end_seq_id"":286,""ref_end_seq_id"":504}]",P37231,True,True,False,1,False,False,0.558416,0.986014
3WJ5_1,3WJ5,1,UniProt,P37231,"[{""entity_beg_seq_id"":6,""ref_beg_seq_id"":235,""length"":271,""entity_end_seq_id"":276,""ref_end_seq_id"":505}]",P37231,True,True,False,1,False,False,0.536634,0.981884
3WJ4_1,3WJ4,1,UniProt,P37231,"[{""entity_beg_seq_id"":6,""ref_beg_seq_id"":235,""length"":271,""entity_end_seq_id"":276,""ref_end_seq_id"":505}]",P37231,True,True,False,1,False,False,0.536634,0.981884
3WGP_1,3WGP,1,UniProt,P11473,"[{""entity_beg_seq_id"":1,""ref_beg_seq_id"":120,""length"":253,""entity_end_seq_id"":253,""ref_end_seq_id"":372}]",P11473,True,True,False,1,False,False,0.592506,1.0
3WFG_1,3WFG,1,UniProt,P08235,"[{""entity_beg_seq_id"":3,""ref_beg_seq_id"":712,""length"":273,""entity_end_seq_id"":275,""ref_end_seq_id"":984}]",P08235,True,True,False,1,False,False,0.277439,0.992727
3WFF_1,3WFF,1,UniProt,P08235,"[{""entity_beg_seq_id"":3,""ref_beg_seq_id"":712,""length"":273,""entity_end_seq_id"":275,""ref_end_seq_id"":984}]",P08235,True,True,False,1,False,False,0.277439,0.992727
3W0Y_1,3W0Y,1,UniProt,P11473,"[{""entity_beg_seq_id"":1,""ref_beg_seq_id"":120,""length"":253,""entity_end_seq_id"":253,""ref_end_seq_id"":372}]",P11473,True,True,False,1,False,False,0.592506,1.0
3W0C_1,3W0C,1,UniProt,P11473,"[{""entity_beg_seq_id"":1,""ref_beg_seq_id"":120,""length"":253,""entity_end_seq_id"":253,""ref_end_seq_id"":372}]",P11473,True,True,False,1,False,False,0.592506,1.0
3W0A_1,3W0A,1,UniProt,P11473,"[{""entity_beg_seq_id"":1,""ref_beg_seq_id"":120,""length"":253,""entity_end_seq_id"":253,""ref_end_seq_id"":372}]",P11473,True,True,False,1,False,False,0.592506,1.0
3VSP_1,3VSP,1,UniProt,P37231,"[{""entity_beg_seq_id"":5,""ref_beg_seq_id"":223,""length"":282,""entity_end_seq_id"":286,""ref_end_seq_id"":504}]",P37231,True,True,False,1,False,False,0.558416,0.986014
3VSO_1,3VSO,1,UniProt,P37231,"[{""entity_beg_seq_id"":5,""ref_beg_seq_id"":223,""length"":282,""entity_end_seq_id"":286,""ref_end_seq_id"":504}]",P37231,True,True,False,1,False,False,0.558416,0.986014
3VN2_1,3VN2,1,UniProt,P37231,"[{""entity_beg_seq_id"":5,""ref_beg_seq_id"":225,""length"":281,""entity_end_seq_id"":285,""ref_end_seq_id"":505}]",P37231,True,True,False,1,False,False,0.556436,0.985965
3VJI_1,3VJI,1,UniProt,P37231,"[{""entity_beg_seq_id"":5,""ref_beg_seq_id"":223,""length"":282,""entity_end_seq_id"":286,""ref_end_seq_id"":504}]",P37231,True,True,False,1,False,False,0.558416,0.986014
3VJH_1,3VJH,1,UniProt,P37231,"[{""entity_beg_seq_id"":5,""ref_beg_seq_id"":223,""length"":282,""entity_end_seq_id"":286,""ref_end_seq_id"":504}]",P37231,True,True,False,1,False,False,0.558416,0.986014
3VI8_1,3VI8,1,UniProt,Q07869,"[{""entity_beg_seq_id"":5,""ref_beg_seq_id"":200,""length"":269,""entity_end_seq_id"":273,""ref_end_seq_id"":468}]",Q07869,True,True,False,1,False,False,0.574786,0.985348
3VHW_1,3VHW,1,UniProt,P11473,"[{""entity_beg_seq_id"":5,""ref_beg_seq_id"":118,""length"":259,""entity_end_seq_id"":263,""ref_end_seq_id"":376}]",P11473,True,True,False,1,False,False,0.606557,0.984791
3VHV_1,3VHV,1,UniProt,P08235,"[{""entity_beg_seq_id"":3,""ref_beg_seq_id"":727,""length"":258,""entity_end_seq_id"":260,""ref_end_seq_id"":984}]",P08235,True,True,False,1,False,False,0.262195,0.992308
3VHU_1,3VHU,1,UniProt,P08235,"[{""entity_beg_seq_id"":22,""ref_beg_seq_id"":712,""length"":273,""entity_end_seq_id"":294,""ref_end_seq_id"":984}]",P08235,True,True,False,1,False,False,0.277439,0.928571
3V9Y_1,3V9Y,1,UniProt,P37231,"[{""entity_beg_seq_id"":12,""ref_beg_seq_id"":234,""length"":272,""entity_end_seq_id"":283,""ref_end_seq_id"":505}]",P37231,True,True,False,1,False,False,0.538614,0.961131
3V9V_1,3V9V,1,UniProt,P37231,"[{""entity_beg_seq_id"":12,""ref_beg_seq_id"":234,""length"":272,""entity_end_seq_id"":283,""ref_end_seq_id"":505}]",P37231,True,True,False,1,False,False,0.538614,0.961131
3V9T_1,3V9T,1,UniProt,P37231,"[{""entity_beg_seq_id"":12,""ref_beg_seq_id"":234,""length"":272,""entity_end_seq_id"":283,""ref_end_seq_id"":505}]",P37231,True,True,False,1,False,False,0.538614,0.961131
3V4A_2,3V4A,2,UniProt,P10275,"[{""entity_beg_seq_id"":1,""ref_beg_seq_id"":21,""length"":11,""entity_end_seq_id"":11,""ref_end_seq_id"":31}]",P10275,True,True,False,1,False,False,0.011957,1.0
3V4A_1,3V4A,1,UniProt,P10275,"[{""entity_beg_seq_id"":1,""ref_beg_seq_id"":672,""length"":249,""entity_end_seq_id"":249,""ref_end_seq_id"":920}]",P10275,True,True,False,1,False,False,0.270652,1.0
3V49_2,3V49,2,UniProt,P10275,"[{""entity_beg_seq_id"":1,""ref_beg_seq_id"":21,""length"":11,""entity_end_seq_id"":11,""ref_end_seq_id"":31}]",P10275,True,True,False,1,False,False,0.011957,1.0
3V49_1,3V49,1,UniProt,P10275,"[{""entity_beg_seq_id"":1,""ref_beg_seq_id"":655,""length"":266,""entity_end_seq_id"":266,""ref_end_seq_id"":920}]",P10275,True,True,False,1,False,False,0.28913,1.0
3V3Q_1,3V3Q,1,UniProt,P22736,"[{""entity_beg_seq_id"":2,""ref_beg_seq_id"":351,""length"":248,""entity_end_seq_id"":249,""ref_end_seq_id"":598}]",P22736,True,True,False,1,False,False,0.414716,0.964981
3V3E_1,3V3E,1,UniProt,P22736,"[{""entity_beg_seq_id"":2,""ref_beg_seq_id"":351,""length"":248,""entity_end_seq_id"":249,""ref_end_seq_id"":598}]",P22736,True,True,False,1,False,False,0.414716,0.964981
3UVV_2,3UVV,2,UniProt,P19793,"[{""entity_beg_seq_id"":5,""ref_beg_seq_id"":225,""length"":238,""entity_end_seq_id"":242,""ref_end_seq_id"":462}]",P19793,True,True,False,1,False,False,0.515152,0.97541
3UUD_2,3UUD,2,UniProt,P03372,"[{""entity_beg_seq_id"":1,""ref_beg_seq_id"":302,""length"":251,""entity_end_seq_id"":251,""ref_end_seq_id"":552}]",P03372,True,True,False,1,False,False,0.421849,1.0
3UUD_1,3UUD,1,UniProt,P03372,"[{""entity_beg_seq_id"":1,""ref_beg_seq_id"":302,""length"":251,""entity_end_seq_id"":251,""ref_end_seq_id"":552}]",P03372,True,True,False,1,False,False,0.421849,1.0
3UUC_1,3UUC,1,UniProt,P03372,"[{""entity_beg_seq_id"":1,""ref_beg_seq_id"":302,""length"":251,""entity_end_seq_id"":251,""ref_end_seq_id"":552}]",P03372,True,True,False,1,False,False,0.421849,1.0
3UUA_2,3UUA,2,UniProt,P03372,"[{""entity_beg_seq_id"":1,""ref_beg_seq_id"":302,""length"":251,""entity_end_seq_id"":251,""ref_end_seq_id"":552}]",P03372,True,True,False,1,False,False,0.421849,1.0
3UUA_1,3UUA,1,UniProt,P03372,"[{""entity_beg_seq_id"":1,""ref_beg_seq_id"":302,""length"":251,""entity_end_seq_id"":251,""ref_end_seq_id"":552}]",P03372,True,True,False,1,False,False,0.421849,1.0
3UU7_2,3UU7,2,UniProt,P03372,"[{""entity_beg_seq_id"":1,""ref_beg_seq_id"":302,""length"":251,""entity_end_seq_id"":251,""ref_end_seq_id"":552}]",P03372,True,True,False,1,False,False,0.421849,1.0
3UU7_1,3UU7,1,UniProt,P03372,"[{""entity_beg_seq_id"":1,""ref_beg_seq_id"":302,""length"":251,""entity_end_seq_id"":251,""ref_end_seq_id"":552}]",P03372,True,True,False,1,False,False,0.421849,1.0
3U9Q_1,3U9Q,1,UniProt,P37231,"[{""entity_beg_seq_id"":1,""ref_beg_seq_id"":236,""length"":269,""entity_end_seq_id"":269,""ref_end_seq_id"":504}]",P37231,True,True,False,1,False,False,0.532673,1.0
3TY0_1,3TY0,1,UniProt,P37231,"[{""entity_beg_seq_id"":3,""ref_beg_seq_id"":231,""length"":275,""entity_end_seq_id"":277,""ref_end_seq_id"":505}]",P37231,True,True,False,1,False,False,0.544554,0.99278
3TX7_2,3TX7,2,UniProt,O00482,"[{""entity_beg_seq_id"":2,""ref_beg_seq_id"":191,""length"":351,""entity_end_seq_id"":352,""ref_end_seq_id"":541}]",O00482,True,True,False,1,False,False,0.648799,0.997159
3TKM_1,3TKM,1,UniProt,Q03181,"[{""entity_beg_seq_id"":5,""ref_beg_seq_id"":171,""length"":271,""entity_end_seq_id"":275,""ref_end_seq_id"":441}]",Q03181,True,True,False,1,False,False,0.614512,0.985455
3TKC_1,3TKC,1,UniProt,P11473,"[{""entity_beg_seq_id"":1,""ref_beg_seq_id"":118,""length"":259,""entity_end_seq_id"":259,""ref_end_seq_id"":376}]",P11473,True,True,False,1,False,False,0.606557,1.0
3T03_1,3T03,1,UniProt,P37231,"[{""entity_beg_seq_id"":13,""ref_beg_seq_id"":234,""length"":272,""entity_end_seq_id"":284,""ref_end_seq_id"":505}]",P37231,True,True,False,1,False,False,0.538614,0.957746
3SZ1_1,3SZ1,1,UniProt,P37231,"[{""entity_beg_seq_id"":5,""ref_beg_seq_id"":232,""length"":274,""entity_end_seq_id"":278,""ref_end_seq_id"":505}]",P37231,True,True,False,1,False,False,0.542574,0.985612
3SP9_1,3SP9,1,UniProt,Q03181,"[{""entity_beg_seq_id"":13,""ref_beg_seq_id"":173,""length"":269,""entity_end_seq_id"":281,""ref_end_seq_id"":441}]",Q03181,True,True,False,1,False,False,0.609977,0.957295
3SP6_1,3SP6,1,UniProt,Q07869,"[{""entity_beg_seq_id"":13,""ref_beg_seq_id"":196,""length"":273,""entity_end_seq_id"":285,""ref_end_seq_id"":468}]",Q07869,True,True,False,1,False,False,0.583333,0.957895
3S9S_1,3S9S,1,UniProt,P37231,"[{""entity_beg_seq_id"":13,""ref_beg_seq_id"":234,""length"":272,""entity_end_seq_id"":284,""ref_end_seq_id"":505}]",P37231,True,True,False,1,False,False,0.538614,0.957746
3RVF_1,3RVF,1,UniProt,Q96RI1,"[{""entity_beg_seq_id"":3,""ref_beg_seq_id"":257,""length"":230,""entity_end_seq_id"":232,""ref_end_seq_id"":486}]",Q96RI1,True,True,False,1,False,False,0.473251,0.991379
3RUU_1,3RUU,1,UniProt,Q96RI1,"[{""entity_beg_seq_id"":1,""ref_beg_seq_id"":258,""length"":229,""entity_end_seq_id"":229,""ref_end_seq_id"":486}]",Q96RI1,True,True,False,1,False,False,0.471193,1.0
3RUT_1,3RUT,1,UniProt,Q96RI1,"[{""entity_beg_seq_id"":1,""ref_beg_seq_id"":258,""length"":229,""entity_end_seq_id"":229,""ref_end_seq_id"":486}]",Q96RI1,True,True,False,1,False,False,0.471193,1.0
3RLL_1,3RLL,1,UniProt,P10275,"[{""entity_beg_seq_id"":1,""ref_beg_seq_id"":672,""length"":247,""entity_end_seq_id"":247,""ref_end_seq_id"":918}]",P10275,True,True,False,1,False,False,0.268478,1.0
3RLJ_1,3RLJ,1,UniProt,P10275,"[{""entity_beg_seq_id"":1,""ref_beg_seq_id"":672,""length"":247,""entity_end_seq_id"":247,""ref_end_seq_id"":918}]",P10275,True,True,False,1,False,False,0.268478,1.0
3R8I_1,3R8I,1,UniProt,P37231,"[{""entity_beg_seq_id"":5,""ref_beg_seq_id"":223,""length"":283,""entity_end_seq_id"":287,""ref_end_seq_id"":505}]",P37231,True,True,False,1,False,False,0.560396,0.986063
3R8D_1,3R8D,1,UniProt,O75469,"[{""entity_beg_seq_id"":12,""ref_beg_seq_id"":130,""length"":305,""entity_end_seq_id"":316,""ref_end_seq_id"":434}]",O75469,True,True,False,1,False,False,0.702765,0.96519
3R8A_1,3R8A,1,UniProt,P37231,"[{""entity_beg_seq_id"":12,""ref_beg_seq_id"":235,""length"":271,""entity_end_seq_id"":282,""ref_end_seq_id"":505}]",P37231,True,True,False,1,False,False,0.536634,0.960993
3R5N_1,3R5N,1,UniProt,P37231,"[{""entity_beg_seq_id"":1,""ref_beg_seq_id"":232,""length"":274,""entity_end_seq_id"":274,""ref_end_seq_id"":505}]",P37231,True,True,False,1,False,False,0.542574,1.0
3R5M_1,3R5M,1,UniProt,P19793,"[{""entity_beg_seq_id"":1,""ref_beg_seq_id"":223,""length"":240,""entity_end_seq_id"":240,""ref_end_seq_id"":462}]",P19793,True,True,False,1,False,False,0.519481,1.0
3R2A_1,3R2A,1,UniProt,P19793,"[{""entity_beg_seq_id"":1,""ref_beg_seq_id"":223,""length"":240,""entity_end_seq_id"":240,""ref_end_seq_id"":462}]",P19793,True,True,False,1,False,False,0.519481,1.0
3R29_1,3R29,1,UniProt,P19793,"[{""entity_beg_seq_id"":1,""ref_beg_seq_id"":223,""length"":240,""entity_end_seq_id"":240,""ref_end_seq_id"":462}]",P19793,True,True,False,1,False,False,0.519481,1.0
3QT0_1,3QT0,1,UniProt,P37231,"[{""entity_beg_seq_id"":1,""ref_beg_seq_id"":235,""length"":271,""entity_end_seq_id"":271,""ref_end_seq_id"":505}]",P37231,True,True,False,1,False,False,0.536634,1.0
3Q95_2,3Q95,2,UniProt,P03372,"[{""entity_beg_seq_id"":4,""ref_beg_seq_id"":298,""length"":257,""entity_end_seq_id"":260,""ref_end_seq_id"":554}]",P03372,True,True,False,1,False,False,0.431933,0.988462
3Q95_1,3Q95,1,UniProt,P03372,"[{""entity_beg_seq_id"":4,""ref_beg_seq_id"":298,""length"":257,""entity_end_seq_id"":260,""ref_end_seq_id"":554}]",P03372,True,True,False,1,False,False,0.431933,0.988462
3PRG_1,3PRG,1,UniProt,P37231,"[{""entity_beg_seq_id"":2,""ref_beg_seq_id"":229,""length"":277,""entity_end_seq_id"":278,""ref_end_seq_id"":505}]",P37231,True,True,False,1,False,False,0.548515,0.996403
3PO9_1,3PO9,1,UniProt,P37231,"[{""entity_beg_seq_id"":5,""ref_beg_seq_id"":224,""length"":282,""entity_end_seq_id"":286,""ref_end_seq_id"":505}]",P37231,True,True,False,1,False,False,0.558416,0.986014
3PLZ_1,3PLZ,1,UniProt,O00482,"[{""entity_beg_seq_id"":16,""ref_beg_seq_id"":300,""length"":242,""entity_end_seq_id"":257,""ref_end_seq_id"":541}]",O00482,True,True,False,1,False,False,0.44732,0.941634
3PEQ_1,3PEQ,1,UniProt,Q03181,"[{""entity_beg_seq_id"":1,""ref_beg_seq_id"":171,""length"":271,""entity_end_seq_id"":271,""ref_end_seq_id"":441}]",Q03181,True,True,False,1,False,False,0.614512,1.0
3PCU_1,3PCU,1,UniProt,P19793,"[{""entity_beg_seq_id"":1,""ref_beg_seq_id"":229,""length"":230,""entity_end_seq_id"":230,""ref_end_seq_id"":458}]",P19793,True,True,False,1,False,False,0.497835,1.0
3PBA_1,3PBA,1,UniProt,P37231,"[{""entity_beg_seq_id"":5,""ref_beg_seq_id"":224,""length"":282,""entity_end_seq_id"":286,""ref_end_seq_id"":505}]",P37231,True,True,False,1,False,False,0.558416,0.986014
3P8X_1,3P8X,1,UniProt,P11473,"[{""entity_beg_seq_id"":22,""ref_beg_seq_id"":118,""length"":47,""entity_end_seq_id"":68,""ref_end_seq_id"":164},{""entity_beg_seq_id"":70,""ref_beg_seq_id"":217,""length"":211,""entity_end_seq_id"":280,""ref_end_seq_id"":427}]",P11473,True,True,False,2,False,False,0.604215,0.921429
3P89_1,3P89,1,UniProt,Q96RI1,"[{""entity_beg_seq_id"":1,""ref_beg_seq_id"":258,""length"":229,""entity_end_seq_id"":229,""ref_end_seq_id"":486}]",Q96RI1,True,True,False,1,False,False,0.471193,1.0
3P88_1,3P88,1,UniProt,Q96RI1,"[{""entity_beg_seq_id"":1,""ref_beg_seq_id"":258,""length"":229,""entity_end_seq_id"":229,""ref_end_seq_id"":486}]",Q96RI1,True,True,False,1,False,False,0.471193,1.0
3P0U_1,3P0U,1,UniProt,P49116,"[{""entity_beg_seq_id"":1,""ref_beg_seq_id"":348,""length"":249,""entity_end_seq_id"":249,""ref_end_seq_id"":596}]",P49116,True,True,False,1,False,False,0.417785,1.0
3OZJ_1,3OZJ,1,UniProt,P19793,"[{""entity_beg_seq_id"":1,""ref_beg_seq_id"":225,""length"":238,""entity_end_seq_id"":238,""ref_end_seq_id"":462}]",P19793,True,True,False,1,False,False,0.515152,1.0
3OZ0_1,3OZ0,1,UniProt,Q03181,"[{""entity_beg_seq_id"":9,""ref_beg_seq_id"":165,""length"":277,""entity_end_seq_id"":285,""ref_end_seq_id"":441}]",Q03181,True,True,False,1,False,False,0.628118,0.97193
3OSW_1,3OSW,1,UniProt,P37231,"[{""entity_beg_seq_id"":5,""ref_beg_seq_id"":224,""length"":281,""entity_end_seq_id"":285,""ref_end_seq_id"":504}]",P37231,True,True,False,1,False,False,0.556436,0.985965
3OSI_1,3OSI,1,UniProt,P37231,"[{""entity_beg_seq_id"":5,""ref_beg_seq_id"":224,""length"":281,""entity_end_seq_id"":285,""ref_end_seq_id"":504}]",P37231,True,True,False,1,False,False,0.556436,0.985965
3OSA_1,3OSA,1,UniProt,P03372,"[{""entity_beg_seq_id"":4,""ref_beg_seq_id"":299,""length"":255,""entity_end_seq_id"":258,""ref_end_seq_id"":553}]",P03372,True,True,False,1,False,False,0.428571,0.988372
3OS9_1,3OS9,1,UniProt,P03372,"[{""entity_beg_seq_id"":4,""ref_beg_seq_id"":299,""length"":255,""entity_end_seq_id"":258,""ref_end_seq_id"":553}]",P03372,True,True,False,1,False,False,0.428571,0.988372
3OS8_2,3OS8,2,UniProt,P03372,"[{""entity_beg_seq_id"":4,""ref_beg_seq_id"":299,""length"":255,""entity_end_seq_id"":258,""ref_end_seq_id"":553}]",P03372,True,True,False,1,False,False,0.428571,0.988372
3OS8_1,3OS8,1,UniProt,P03372,"[{""entity_beg_seq_id"":4,""ref_beg_seq_id"":299,""length"":255,""entity_end_seq_id"":258,""ref_end_seq_id"":553}]",P03372,True,True,False,1,False,False,0.428571,0.988372
3OOK_1,3OOK,1,UniProt,Q96RI1,"[{""entity_beg_seq_id"":5,""ref_beg_seq_id"":258,""length"":229,""entity_end_seq_id"":233,""ref_end_seq_id"":486}]",Q96RI1,True,True,False,1,False,False,0.471193,0.982833
3OOF_1,3OOF,1,UniProt,Q96RI1,"[{""entity_beg_seq_id"":5,""ref_beg_seq_id"":258,""length"":229,""entity_end_seq_id"":233,""ref_end_seq_id"":486}]",Q96RI1,True,True,False,1,False,False,0.471193,0.982833
3OMQ_1,3OMQ,1,UniProt,Q92731,"[{""entity_beg_seq_id"":1,""ref_beg_seq_id"":261,""length"":240,""entity_end_seq_id"":240,""ref_end_seq_id"":500}]",Q92731,True,True,False,1,False,False,0.45283,1.0
3OMP_1,3OMP,1,UniProt,Q92731,"[{""entity_beg_seq_id"":1,""ref_beg_seq_id"":261,""length"":240,""entity_end_seq_id"":240,""ref_end_seq_id"":500}]",Q92731,True,True,False,1,False,False,0.45283,1.0
3OMO_1,3OMO,1,UniProt,Q92731,"[{""entity_beg_seq_id"":1,""ref_beg_seq_id"":261,""length"":240,""entity_end_seq_id"":240,""ref_end_seq_id"":500}]",Q92731,True,True,False,1,False,False,0.45283,1.0
3OMM_1,3OMM,1,UniProt,Q96RI1,"[{""entity_beg_seq_id"":5,""ref_beg_seq_id"":258,""length"":229,""entity_end_seq_id"":233,""ref_end_seq_id"":486}]",Q96RI1,True,True,False,1,False,False,0.471193,0.982833
3OMK_1,3OMK,1,UniProt,Q96RI1,"[{""entity_beg_seq_id"":5,""ref_beg_seq_id"":258,""length"":229,""entity_end_seq_id"":233,""ref_end_seq_id"":486}]",Q96RI1,True,True,False,1,False,False,0.471193,0.982833
3OLS_1,3OLS,1,UniProt,Q92731,"[{""entity_beg_seq_id"":1,""ref_beg_seq_id"":261,""length"":240,""entity_end_seq_id"":240,""ref_end_seq_id"":500}]",Q92731,True,True,False,1,False,False,0.45283,1.0
3OLL_1,3OLL,1,UniProt,Q92731,"[{""entity_beg_seq_id"":1,""ref_beg_seq_id"":261,""length"":240,""entity_end_seq_id"":240,""ref_end_seq_id"":500}]",Q92731,True,True,False,1,False,False,0.45283,1.0
3OLF_1,3OLF,1,UniProt,Q96RI1,"[{""entity_beg_seq_id"":5,""ref_beg_seq_id"":258,""length"":229,""entity_end_seq_id"":233,""ref_end_seq_id"":486}]",Q96RI1,True,True,False,1,False,False,0.471193,0.982833
3OKI_1,3OKI,1,UniProt,Q96RI1,"[{""entity_beg_seq_id"":5,""ref_beg_seq_id"":258,""length"":229,""entity_end_seq_id"":233,""ref_end_seq_id"":486}]",Q96RI1,True,True,False,1,False,False,0.471193,0.982833
3OKH_1,3OKH,1,UniProt,Q96RI1,"[{""entity_beg_seq_id"":5,""ref_beg_seq_id"":258,""length"":229,""entity_end_seq_id"":233,""ref_end_seq_id"":486}]",Q96RI1,True,True,False,1,False,False,0.471193,0.982833
3OGT_1,3OGT,1,UniProt,P11473,"[{""entity_beg_seq_id"":1,""ref_beg_seq_id"":118,""length"":259,""entity_end_seq_id"":259,""ref_end_seq_id"":376}]",P11473,True,True,False,1,False,False,0.606557,1.0
3OAP_1,3OAP,1,UniProt,P19793,"[{""entity_beg_seq_id"":1,""ref_beg_seq_id"":228,""length"":231,""entity_end_seq_id"":231,""ref_end_seq_id"":458}]",P19793,True,True,False,1,False,False,0.5,1.0
3NSQ_1,3NSQ,1,UniProt,P19793,"[{""entity_beg_seq_id"":1,""ref_beg_seq_id"":223,""length"":240,""entity_end_seq_id"":240,""ref_end_seq_id"":462}]",P19793,True,True,False,1,False,False,0.519481,1.0
3NSP_1,3NSP,1,UniProt,P19793,"[{""entity_beg_seq_id"":1,""ref_beg_seq_id"":223,""length"":240,""entity_end_seq_id"":240,""ref_end_seq_id"":462}]",P19793,True,True,False,1,False,False,0.519481,1.0
3NOA_1,3NOA,1,UniProt,P37231,"[{""entity_beg_seq_id"":1,""ref_beg_seq_id"":235,""length"":271,""entity_end_seq_id"":271,""ref_end_seq_id"":505}]",P37231,True,True,False,1,False,False,0.536634,1.0
3N00_1,3N00,1,UniProt,P20393,"[{""entity_beg_seq_id"":11,""ref_beg_seq_id"":281,""length"":235,""entity_end_seq_id"":245,""ref_end_seq_id"":515}]",P20393,True,True,False,1,False,False,0.382736,0.959184
3M7R_1,3M7R,1,UniProt,P11473,"[{""entity_beg_seq_id"":1,""ref_beg_seq_id"":120,""length"":253,""entity_end_seq_id"":253,""ref_end_seq_id"":372}]",P11473,True,True,False,1,False,False,0.592506,1.0
3LMP_1,3LMP,1,UniProt,P37231,"[{""entity_beg_seq_id"":12,""ref_beg_seq_id"":234,""length"":272,""entity_end_seq_id"":283,""ref_end_seq_id"":505}]",P37231,True,True,False,1,False,False,0.538614,0.961131
3LBD_1,3LBD,1,UniProt,P13631,"[{""entity_beg_seq_id"":22,""ref_beg_seq_id"":178,""length"":246,""entity_end_seq_id"":267,""ref_end_seq_id"":423}]",P13631,True,True,False,1,False,False,0.54185,0.921348
3L3Z_1,3L3Z,1,UniProt,P10275,"[{""entity_beg_seq_id"":2,""ref_beg_seq_id"":671,""length"":249,""entity_end_seq_id"":250,""ref_end_seq_id"":919}]",P10275,True,True,False,1,False,False,0.270652,0.996
3L3X_1,3L3X,1,UniProt,P10275,"[{""entity_beg_seq_id"":2,""ref_beg_seq_id"":671,""length"":249,""entity_end_seq_id"":250,""ref_end_seq_id"":919}]",P10275,True,True,False,1,False,False,0.270652,0.996
3L1B_1,3L1B,1,UniProt,Q96RI1,"[{""entity_beg_seq_id"":5,""ref_beg_seq_id"":258,""length"":229,""entity_end_seq_id"":233,""ref_end_seq_id"":486}]",Q96RI1,True,True,False,1,False,False,0.471193,0.982833
3L0L_1,3L0L,1,UniProt,P51449,"[{""entity_beg_seq_id"":1,""ref_beg_seq_id"":260,""length"":248,""entity_end_seq_id"":248,""ref_end_seq_id"":507}]",P51449,True,True,False,1,False,False,0.478764,1.0
3L0J_1,3L0J,1,UniProt,P51449,"[{""entity_beg_seq_id"":1,""ref_beg_seq_id"":265,""length"":243,""entity_end_seq_id"":243,""ref_end_seq_id"":507}]",P51449,True,True,False,1,False,False,0.469112,1.0
3L0E_1,3L0E,1,UniProt,P55055,"[{""entity_beg_seq_id"":5,""ref_beg_seq_id"":212,""length"":249,""entity_end_seq_id"":253,""ref_end_seq_id"":460}]",P55055,True,True,False,1,False,False,0.541304,0.98419
3L03_1,3L03,1,UniProt,P03372,"[{""entity_beg_seq_id"":1,""ref_beg_seq_id"":298,""length"":253,""entity_end_seq_id"":253,""ref_end_seq_id"":550}]",P03372,True,True,False,1,False,False,0.42521,1.0
3KYT_1,3KYT,1,UniProt,P51449,"[{""entity_beg_seq_id"":1,""ref_beg_seq_id"":265,""length"":243,""entity_end_seq_id"":243,""ref_end_seq_id"":507}]",P51449,True,True,False,1,False,False,0.469112,1.0
3KWY_1,3KWY,1,UniProt,P19793,"[{""entity_beg_seq_id"":5,""ref_beg_seq_id"":223,""length"":240,""entity_end_seq_id"":244,""ref_end_seq_id"":462}]",P19793,True,True,False,1,False,False,0.519481,0.983607
3KPZ_1,3KPZ,1,UniProt,P11473,"[{""entity_beg_seq_id"":1,""ref_beg_seq_id"":118,""length"":259,""entity_end_seq_id"":259,""ref_end_seq_id"":376}]",P11473,True,True,False,1,False,False,0.606557,1.0
3KMZ_1,3KMZ,1,UniProt,P10276,"[{""entity_beg_seq_id"":21,""ref_beg_seq_id"":176,""length"":246,""entity_end_seq_id"":266,""ref_end_seq_id"":421}]",P10276,True,True,False,1,False,False,0.532468,0.924812
3KMR_1,3KMR,1,UniProt,P10276,"[{""entity_beg_seq_id"":21,""ref_beg_seq_id"":176,""length"":246,""entity_end_seq_id"":266,""ref_end_seq_id"":421}]",P10276,True,True,False,1,False,False,0.532468,0.924812
3KMG_1,3KMG,1,UniProt,P37231,"[{""entity_beg_seq_id"":1,""ref_beg_seq_id"":234,""length"":272,""entity_end_seq_id"":272,""ref_end_seq_id"":505}]",P37231,True,True,False,1,False,False,0.538614,1.0
3KFC_1,3KFC,1,UniProt,P55055,"[{""entity_beg_seq_id"":5,""ref_beg_seq_id"":212,""length"":249,""entity_end_seq_id"":253,""ref_end_seq_id"":460}]",P55055,True,True,False,1,False,False,0.541304,0.98419
3KDU_1,3KDU,1,UniProt,Q07869,"[{""entity_beg_seq_id"":5,""ref_beg_seq_id"":196,""length"":273,""entity_end_seq_id"":277,""ref_end_seq_id"":468}]",Q07869,True,True,False,1,False,False,0.583333,0.98556
3KDT_1,3KDT,1,UniProt,Q07869,"[{""entity_beg_seq_id"":5,""ref_beg_seq_id"":196,""length"":273,""entity_end_seq_id"":277,""ref_end_seq_id"":468}]",Q07869,True,True,False,1,False,False,0.583333,0.98556
3KBA_1,3KBA,1,UniProt,P06401,"[{""entity_beg_seq_id"":1,""ref_beg_seq_id"":681,""length"":253,""entity_end_seq_id"":253,""ref_end_seq_id"":933}]",P06401,True,True,False,1,False,False,0.271168,1.0
3K8S_1,3K8S,1,UniProt,P37231,"[{""entity_beg_seq_id"":1,""ref_beg_seq_id"":234,""length"":272,""entity_end_seq_id"":272,""ref_end_seq_id"":505}]",P37231,True,True,False,1,False,False,0.538614,1.0
3K6P_1,3K6P,1,UniProt,P11474,"[{""entity_beg_seq_id"":18,""ref_beg_seq_id"":193,""length"":231,""entity_end_seq_id"":248,""ref_end_seq_id"":423}]",P11474,True,True,False,1,False,False,0.546099,0.931452
3K23_1,3K23,1,UniProt,P04150,"[{""entity_beg_seq_id"":3,""ref_beg_seq_id"":521,""length"":257,""entity_end_seq_id"":259,""ref_end_seq_id"":777}]",P04150,True,True,False,1,False,False,0.330759,0.992278
3K22_1,3K22,1,UniProt,P04150,"[{""entity_beg_seq_id"":3,""ref_beg_seq_id"":521,""length"":257,""entity_end_seq_id"":259,""ref_end_seq_id"":777}]",P04150,True,True,False,1,False,False,0.330759,0.992278
3JZC_1,3JZC,1,UniProt,P10828,"[{""entity_beg_seq_id"":4,""ref_beg_seq_id"":202,""length"":260,""entity_end_seq_id"":263,""ref_end_seq_id"":461}]",P10828,True,True,False,1,False,False,0.563991,0.988593
3JZB_1,3JZB,1,UniProt,P10827,"[{""entity_beg_seq_id"":5,""ref_beg_seq_id"":148,""length"":223,""entity_end_seq_id"":227,""ref_end_seq_id"":370}]",P10827,True,True,False,1,False,False,0.455102,0.835206
3IPU_1,3IPU,1,UniProt,Q13133,"[{""entity_beg_seq_id"":18,""ref_beg_seq_id"":182,""length"":266,""entity_end_seq_id"":283,""ref_end_seq_id"":447}]",Q13133,True,True,False,1,False,False,0.595078,0.939929
3IPS_1,3IPS,1,UniProt,Q13133,"[{""entity_beg_seq_id"":18,""ref_beg_seq_id"":182,""length"":266,""entity_end_seq_id"":283,""ref_end_seq_id"":447}]",Q13133,True,True,False,1,False,False,0.595078,0.939929
3IPQ_1,3IPQ,1,UniProt,Q13133,"[{""entity_beg_seq_id"":18,""ref_beg_seq_id"":182,""length"":266,""entity_end_seq_id"":283,""ref_end_seq_id"":447}]",Q13133,True,True,False,1,False,False,0.595078,0.939929
3IMY_1,3IMY,1,UniProt,P10828,"[{""entity_beg_seq_id"":2,""ref_beg_seq_id"":202,""length"":260,""entity_end_seq_id"":261,""ref_end_seq_id"":461}]",P10828,True,True,False,1,False,False,0.563991,0.996169
3ILZ_1,3ILZ,1,UniProt,P10827,"[{""entity_beg_seq_id"":5,""ref_beg_seq_id"":148,""length"":223,""entity_end_seq_id"":227,""ref_end_seq_id"":370}]",P10827,True,True,False,1,False,False,0.455102,0.835206
3IA6_1,3IA6,1,UniProt,P37231,"[{""entity_beg_seq_id"":1,""ref_beg_seq_id"":235,""length"":271,""entity_end_seq_id"":271,""ref_end_seq_id"":505}]",P37231,True,True,False,1,False,False,0.536634,1.0
3HZF_1,3HZF,1,UniProt,P10827,"[{""entity_beg_seq_id"":7,""ref_beg_seq_id"":148,""length"":223,""entity_end_seq_id"":229,""ref_end_seq_id"":370}]",P10827,True,True,False,1,False,False,0.455102,0.828996
3HVL_1,3HVL,1,UniProt,O75469,"[{""entity_beg_seq_id"":12,""ref_beg_seq_id"":130,""length"":305,""entity_end_seq_id"":316,""ref_end_seq_id"":434}]",O75469,True,True,False,1,False,False,0.702765,0.886628
3HVL_1,3HVL,1,UniProt,Q15788,"[{""entity_beg_seq_id"":322,""ref_beg_seq_id"":678,""length"":23,""entity_end_seq_id"":344,""ref_end_seq_id"":700}]",O75469,False,False,False,1,False,False,,0.06686
3HQ5_1,3HQ5,1,UniProt,P06401,"[{""entity_beg_seq_id"":1,""ref_beg_seq_id"":678,""length"":256,""entity_end_seq_id"":256,""ref_end_seq_id"":933}]",P06401,True,True,False,1,False,False,0.274384,1.0
3HOD_1,3HOD,1,UniProt,P37231,"[{""entity_beg_seq_id"":5,""ref_beg_seq_id"":223,""length"":282,""entity_end_seq_id"":286,""ref_end_seq_id"":504}]",P37231,True,True,False,1,False,False,0.558416,0.986014
3HO0_1,3HO0,1,UniProt,P37231,"[{""entity_beg_seq_id"":5,""ref_beg_seq_id"":223,""length"":282,""entity_end_seq_id"":286,""ref_end_seq_id"":504}]",P37231,True,True,False,1,False,False,0.558416,0.986014
3HM1_1,3HM1,1,UniProt,P03372,"[{""entity_beg_seq_id"":1,""ref_beg_seq_id"":298,""length"":253,""entity_end_seq_id"":253,""ref_end_seq_id"":550}]",P03372,True,True,False,1,False,False,0.42521,1.0
3HLV_1,3HLV,1,UniProt,P03372,"[{""entity_beg_seq_id"":1,""ref_beg_seq_id"":298,""length"":253,""entity_end_seq_id"":253,""ref_end_seq_id"":550}]",P03372,True,True,False,1,False,False,0.42521,1.0
3HC6_1,3HC6,1,UniProt,Q96RI1,"[{""entity_beg_seq_id"":3,""ref_beg_seq_id"":257,""length"":230,""entity_end_seq_id"":232,""ref_end_seq_id"":486}]",Q96RI1,True,True,False,1,False,False,0.473251,0.991379
3HC5_1,3HC5,1,UniProt,Q96RI1,"[{""entity_beg_seq_id"":3,""ref_beg_seq_id"":257,""length"":230,""entity_end_seq_id"":232,""ref_end_seq_id"":486}]",Q96RI1,True,True,False,1,False,False,0.473251,0.991379
3H52_1,3H52,1,UniProt,P04150,"[{""entity_beg_seq_id"":5,""ref_beg_seq_id"":528,""length"":250,""entity_end_seq_id"":254,""ref_end_seq_id"":777}]",P04150,True,True,False,1,False,False,0.32175,0.984252
3H0A_2,3H0A,2,UniProt,P37231,"[{""entity_beg_seq_id"":1,""ref_beg_seq_id"":234,""length"":272,""entity_end_seq_id"":272,""ref_end_seq_id"":505}]",P37231,True,True,False,1,False,False,0.538614,1.0
3H0A_1,3H0A,1,UniProt,P19793,"[{""entity_beg_seq_id"":1,""ref_beg_seq_id"":228,""length"":228,""entity_end_seq_id"":228,""ref_end_seq_id"":455}]",P19793,True,True,False,1,False,False,0.493506,1.0
3GZ9_1,3GZ9,1,UniProt,Q03181,"[{""entity_beg_seq_id"":1,""ref_beg_seq_id"":171,""length"":269,""entity_end_seq_id"":269,""ref_end_seq_id"":439}]",Q03181,True,True,False,1,False,False,0.609977,1.0
3GWX_1,3GWX,1,UniProt,Q03181,"[{""entity_beg_seq_id"":1,""ref_beg_seq_id"":171,""length"":271,""entity_end_seq_id"":271,""ref_end_seq_id"":441}]",Q03181,True,True,False,1,False,False,0.614512,1.0
3GWS_1,3GWS,1,UniProt,P10828,"[{""entity_beg_seq_id"":1,""ref_beg_seq_id"":202,""length"":259,""entity_end_seq_id"":259,""ref_end_seq_id"":460}]",P10828,True,True,False,1,False,False,0.561822,1.0
3GD2_1,3GD2,1,UniProt,Q96RI1,"[{""entity_beg_seq_id"":3,""ref_beg_seq_id"":260,""length"":227,""entity_end_seq_id"":229,""ref_end_seq_id"":486}]",Q96RI1,True,True,False,1,False,False,0.467078,0.991266
3GBK_1,3GBK,1,UniProt,P37231,"[{""entity_beg_seq_id"":1,""ref_beg_seq_id"":235,""length"":271,""entity_end_seq_id"":271,""ref_end_seq_id"":505}]",P37231,True,True,False,1,False,False,0.536634,1.0
3G9E_1,3G9E,1,UniProt,P37231,"[{""entity_beg_seq_id"":1,""ref_beg_seq_id"":235,""length"":271,""entity_end_seq_id"":271,""ref_end_seq_id"":505}]",P37231,True,True,False,1,False,False,0.536634,1.0
3G8O_1,3G8O,1,UniProt,P06401,"[{""entity_beg_seq_id"":3,""ref_beg_seq_id"":673,""length"":261,""entity_end_seq_id"":263,""ref_end_seq_id"":933}]",P06401,True,True,False,1,False,False,0.279743,0.992395
3G8I_1,3G8I,1,UniProt,Q07869,"[{""entity_beg_seq_id"":1,""ref_beg_seq_id"":199,""length"":270,""entity_end_seq_id"":270,""ref_end_seq_id"":468}]",Q07869,True,True,False,1,False,False,0.576923,1.0
3FXV_1,3FXV,1,UniProt,Q96RI1,"[{""entity_beg_seq_id"":5,""ref_beg_seq_id"":258,""length"":228,""entity_end_seq_id"":232,""ref_end_seq_id"":485}]",Q96RI1,True,True,False,1,False,False,0.469136,0.978541
3FUR_1,3FUR,1,UniProt,P37231,"[{""entity_beg_seq_id"":1,""ref_beg_seq_id"":234,""length"":272,""entity_end_seq_id"":272,""ref_end_seq_id"":505}]",P37231,True,True,False,1,False,False,0.538614,1.0
4PPP_1,4PPP,1,UniProt,P03372,"[{""entity_beg_seq_id"":1,""ref_beg_seq_id"":305,""length"":244,""entity_end_seq_id"":244,""ref_end_seq_id"":548}]",P03372,True,True,False,1,False,False,0.410084,1.0
4PP6_1,4PP6,1,UniProt,P03372,"[{""entity_beg_seq_id"":1,""ref_beg_seq_id"":305,""length"":244,""entity_end_seq_id"":244,""ref_end_seq_id"":548}]",P03372,True,True,False,1,False,False,0.410084,1.0
4PP5_1,4PP5,1,UniProt,P19793,"[{""entity_beg_seq_id"":1,""ref_beg_seq_id"":228,""length"":231,""entity_end_seq_id"":231,""ref_end_seq_id"":458}]",P19793,True,True,False,1,False,False,0.5,1.0
4PP3_1,4PP3,1,UniProt,P19793,"[{""entity_beg_seq_id"":1,""ref_beg_seq_id"":228,""length"":231,""entity_end_seq_id"":231,""ref_end_seq_id"":458}]",P19793,True,True,False,1,False,False,0.5,1.0
4POJ_1,4POJ,1,UniProt,P19793,"[{""entity_beg_seq_id"":1,""ref_beg_seq_id"":228,""length"":231,""entity_end_seq_id"":231,""ref_end_seq_id"":458}]",P19793,True,True,False,1,False,False,0.5,1.0
4POH_1,4POH,1,UniProt,P19793,"[{""entity_beg_seq_id"":1,""ref_beg_seq_id"":228,""length"":231,""entity_end_seq_id"":231,""ref_end_seq_id"":458}]",P19793,True,True,False,1,False,False,0.5,1.0
4PLE_1,4PLE,1,UniProt,O00482,"[{""entity_beg_seq_id"":5,""ref_beg_seq_id"":301,""length"":241,""entity_end_seq_id"":245,""ref_end_seq_id"":541}]",O00482,True,True,False,1,False,False,0.445471,0.983673
4PLD_1,4PLD,1,UniProt,O00482,"[{""entity_beg_seq_id"":5,""ref_beg_seq_id"":301,""length"":241,""entity_end_seq_id"":245,""ref_end_seq_id"":541}]",O00482,True,True,False,1,False,False,0.445471,0.983673
4PF3_1,4PF3,1,UniProt,P08235,"[{""entity_beg_seq_id"":3,""ref_beg_seq_id"":712,""length"":273,""entity_end_seq_id"":275,""ref_end_seq_id"":984}]",P08235,True,True,False,1,False,False,0.277439,0.992727
4P6X_1,4P6X,1,UniProt,P04150,"[{""entity_beg_seq_id"":1,""ref_beg_seq_id"":523,""length"":255,""entity_end_seq_id"":255,""ref_end_seq_id"":777}]",P04150,True,True,False,1,False,False,0.328185,1.0
4P6W_1,4P6W,1,UniProt,P04150,"[{""entity_beg_seq_id"":1,""ref_beg_seq_id"":526,""length"":252,""entity_end_seq_id"":252,""ref_end_seq_id"":777}]",P04150,True,True,False,1,False,False,0.324324,1.0
4ONI_2,4ONI,2,UniProt,Q15466,"[{""entity_beg_seq_id"":1,""ref_beg_seq_id"":12,""length"":19,""entity_end_seq_id"":19,""ref_end_seq_id"":30}]",Q15466,True,True,False,1,False,False,0.07393,1.0
4ONI_1,4ONI,1,UniProt,O00482,"[{""entity_beg_seq_id"":3,""ref_beg_seq_id"":291,""length"":251,""entity_end_seq_id"":253,""ref_end_seq_id"":541}]",O00482,True,True,False,1,False,False,0.463956,0.992095
4OLM_1,4OLM,1,UniProt,P10275,"[{""entity_beg_seq_id"":1,""ref_beg_seq_id"":671,""length"":250,""entity_end_seq_id"":250,""ref_end_seq_id"":920}]",P10275,True,True,False,1,False,False,0.271739,1.0
4OKX_1,4OKX,1,UniProt,P10275,"[{""entity_beg_seq_id"":1,""ref_beg_seq_id"":671,""length"":250,""entity_end_seq_id"":250,""ref_end_seq_id"":920}]",P10275,True,True,False,1,False,False,0.271739,1.0
4OKW_1,4OKW,1,UniProt,P10275,"[{""entity_beg_seq_id"":1,""ref_beg_seq_id"":671,""length"":250,""entity_end_seq_id"":250,""ref_end_seq_id"":920}]",P10275,True,True,False,1,False,False,0.271739,1.0
4OKT_1,4OKT,1,UniProt,P10275,"[{""entity_beg_seq_id"":1,""ref_beg_seq_id"":671,""length"":250,""entity_end_seq_id"":250,""ref_end_seq_id"":920}]",P10275,True,True,False,1,False,False,0.271739,1.0
4OKB_1,4OKB,1,UniProt,P10275,"[{""entity_beg_seq_id"":1,""ref_beg_seq_id"":671,""length"":250,""entity_end_seq_id"":250,""ref_end_seq_id"":920}]",P10275,True,True,False,1,False,False,0.271739,1.0
4OK1_1,4OK1,1,UniProt,P10275,"[{""entity_beg_seq_id"":1,""ref_beg_seq_id"":671,""length"":250,""entity_end_seq_id"":250,""ref_end_seq_id"":920}]",P10275,True,True,False,1,False,False,0.271739,1.0
4OJB_1,4OJB,1,UniProt,P10275,"[{""entity_beg_seq_id"":1,""ref_beg_seq_id"":671,""length"":250,""entity_end_seq_id"":250,""ref_end_seq_id"":920}]",P10275,True,True,False,1,False,False,0.271739,1.0
4OJ9_1,4OJ9,1,UniProt,P10275,"[{""entity_beg_seq_id"":1,""ref_beg_seq_id"":671,""length"":250,""entity_end_seq_id"":250,""ref_end_seq_id"":920}]",P10275,True,True,False,1,False,False,0.271739,1.0
4OJ4_1,4OJ4,1,UniProt,P37231,"[{""entity_beg_seq_id"":5,""ref_beg_seq_id"":232,""length"":274,""entity_end_seq_id"":278,""ref_end_seq_id"":505}]",P37231,True,True,False,1,False,False,0.542574,0.985612
4OIV_1,4OIV,1,UniProt,Q96RI1,"[{""entity_beg_seq_id"":1,""ref_beg_seq_id"":258,""length"":226,""entity_end_seq_id"":226,""ref_end_seq_id"":483}]",Q96RI1,True,True,False,1,False,False,0.465021,1.0
4OIU_1,4OIU,1,UniProt,P10275,"[{""entity_beg_seq_id"":1,""ref_beg_seq_id"":671,""length"":250,""entity_end_seq_id"":250,""ref_end_seq_id"":920}]",P10275,True,True,False,1,False,False,0.271739,1.0
4OIL_1,4OIL,1,UniProt,P10275,"[{""entity_beg_seq_id"":1,""ref_beg_seq_id"":671,""length"":250,""entity_end_seq_id"":250,""ref_end_seq_id"":920}]",P10275,True,True,False,1,False,False,0.271739,1.0
4OHA_1,4OHA,1,UniProt,P10275,"[{""entity_beg_seq_id"":1,""ref_beg_seq_id"":671,""length"":250,""entity_end_seq_id"":250,""ref_end_seq_id"":920}]",P10275,True,True,False,1,False,False,0.271739,1.0
4OH6_1,4OH6,1,UniProt,P10275,"[{""entity_beg_seq_id"":1,""ref_beg_seq_id"":671,""length"":250,""entity_end_seq_id"":250,""ref_end_seq_id"":920}]",P10275,True,True,False,1,False,False,0.271739,1.0
4OH5_1,4OH5,1,UniProt,P10275,"[{""entity_beg_seq_id"":1,""ref_beg_seq_id"":671,""length"":250,""entity_end_seq_id"":250,""ref_end_seq_id"":920}]",P10275,True,True,False,1,False,False,0.271739,1.0
4OGH_1,4OGH,1,UniProt,P10275,"[{""entity_beg_seq_id"":1,""ref_beg_seq_id"":671,""length"":250,""entity_end_seq_id"":250,""ref_end_seq_id"":920}]",P10275,True,True,False,1,False,False,0.271739,1.0
4OFU_1,4OFU,1,UniProt,P10275,"[{""entity_beg_seq_id"":1,""ref_beg_seq_id"":671,""length"":250,""entity_end_seq_id"":250,""ref_end_seq_id"":920}]",P10275,True,True,False,1,False,False,0.271739,1.0
4OFR_1,4OFR,1,UniProt,P10275,"[{""entity_beg_seq_id"":1,""ref_beg_seq_id"":671,""length"":250,""entity_end_seq_id"":250,""ref_end_seq_id"":920}]",P10275,True,True,False,1,False,False,0.271739,1.0
4OEZ_1,4OEZ,1,UniProt,P10275,"[{""entity_beg_seq_id"":1,""ref_beg_seq_id"":671,""length"":250,""entity_end_seq_id"":250,""ref_end_seq_id"":920}]",P10275,True,True,False,1,False,False,0.271739,1.0
4OEY_1,4OEY,1,UniProt,P10275,"[{""entity_beg_seq_id"":1,""ref_beg_seq_id"":671,""length"":250,""entity_end_seq_id"":250,""ref_end_seq_id"":920}]",P10275,True,True,False,1,False,False,0.271739,1.0
4OED_1,4OED,1,UniProt,P10275,"[{""entity_beg_seq_id"":1,""ref_beg_seq_id"":671,""length"":250,""entity_end_seq_id"":250,""ref_end_seq_id"":920}]",P10275,True,True,False,1,False,False,0.271739,1.0
4OEA_1,4OEA,1,UniProt,P10275,"[{""entity_beg_seq_id"":1,""ref_beg_seq_id"":671,""length"":250,""entity_end_seq_id"":250,""ref_end_seq_id"":920}]",P10275,True,True,False,1,False,False,0.271739,1.0
4OC7_1,4OC7,1,UniProt,P19793,"[{""entity_beg_seq_id"":15,""ref_beg_seq_id"":223,""length"":240,""entity_end_seq_id"":254,""ref_end_seq_id"":462}]",P19793,True,True,False,1,False,False,0.519481,0.944882
4OAR_1,4OAR,1,UniProt,P06401,"[{""entity_beg_seq_id"":3,""ref_beg_seq_id"":678,""length"":256,""entity_end_seq_id"":258,""ref_end_seq_id"":933}]",P06401,True,True,False,1,False,False,0.274384,0.992248
4O8F_1,4O8F,1,UniProt,P37231,"[{""entity_beg_seq_id"":5,""ref_beg_seq_id"":223,""length"":283,""entity_end_seq_id"":287,""ref_end_seq_id"":505}]",P37231,True,True,False,1,False,False,0.560396,0.986063
4O6F_2,4O6F,2,UniProt,P03372,"[{""entity_beg_seq_id"":1,""ref_beg_seq_id"":261,""length"":11,""entity_end_seq_id"":11,""ref_end_seq_id"":271}]",P03372,True,True,False,1,False,False,0.018487,1.0
4NY9_1,4NY9,1,UniProt,O75469,"[{""entity_beg_seq_id"":1,""ref_beg_seq_id"":142,""length"":290,""entity_end_seq_id"":290,""ref_end_seq_id"":431}]",O75469,True,True,False,1,False,False,0.668203,1.0
4NQA_2,4NQA,2,UniProt,P55055,"[{""entity_beg_seq_id"":2,""ref_beg_seq_id"":72,""length"":104,""entity_end_seq_id"":105,""ref_end_seq_id"":175},{""entity_beg_seq_id"":107,""ref_beg_seq_id"":176,""length"":285,""entity_end_seq_id"":391,""ref_end_seq_id"":460}]",P55055,True,True,False,2,False,False,0.845652,0.994885
4NQA_1,4NQA,1,UniProt,P19793,"[{""entity_beg_seq_id"":1,""ref_beg_seq_id"":98,""length"":365,""entity_end_seq_id"":365,""ref_end_seq_id"":462}]",P19793,True,True,False,1,False,False,0.790043,1.0
4NIE_1,4NIE,1,UniProt,P51449,"[{""entity_beg_seq_id"":16,""ref_beg_seq_id"":263,""length"":247,""entity_end_seq_id"":262,""ref_end_seq_id"":509}]",P51449,True,True,False,1,False,False,0.476834,0.942748
4NB6_1,4NB6,1,UniProt,P51449,"[{""entity_beg_seq_id"":3,""ref_beg_seq_id"":262,""length"":246,""entity_end_seq_id"":248,""ref_end_seq_id"":507}]",P51449,True,True,False,1,False,False,0.474903,0.98008
4N8R_1,4N8R,1,UniProt,P19793,"[{""entity_beg_seq_id"":5,""ref_beg_seq_id"":223,""length"":240,""entity_end_seq_id"":244,""ref_end_seq_id"":462}]",P19793,True,True,False,1,False,False,0.519481,0.983607
4N73_1,4N73,1,UniProt,Q14995,"[{""entity_beg_seq_id"":2,""ref_beg_seq_id"":381,""length"":198,""entity_end_seq_id"":199,""ref_end_seq_id"":578}]",Q14995,True,True,False,1,False,False,0.341969,0.994975
4N5G_1,4N5G,1,UniProt,P19793,"[{""entity_beg_seq_id"":5,""ref_beg_seq_id"":223,""length"":240,""entity_end_seq_id"":244,""ref_end_seq_id"":462}]",P19793,True,True,False,1,False,False,0.519481,0.983607
4MGD_2,4MGD,2,UniProt,P03372,"[{""entity_beg_seq_id"":5,""ref_beg_seq_id"":302,""length"":251,""entity_end_seq_id"":255,""ref_end_seq_id"":552}]",P03372,True,True,False,1,False,False,0.421849,0.984314
4MGD_1,4MGD,1,UniProt,P03372,"[{""entity_beg_seq_id"":5,""ref_beg_seq_id"":302,""length"":251,""entity_end_seq_id"":255,""ref_end_seq_id"":552}]",P03372,True,True,False,1,False,False,0.421849,0.984314
4MGC_1,4MGC,1,UniProt,P03372,"[{""entity_beg_seq_id"":5,""ref_beg_seq_id"":302,""length"":251,""entity_end_seq_id"":255,""ref_end_seq_id"":552}]",P03372,True,True,False,1,False,False,0.421849,0.984314
4MGB_2,4MGB,2,UniProt,P03372,"[{""entity_beg_seq_id"":5,""ref_beg_seq_id"":302,""length"":251,""entity_end_seq_id"":255,""ref_end_seq_id"":552}]",P03372,True,True,False,1,False,False,0.421849,0.984314
4MGB_1,4MGB,1,UniProt,P03372,"[{""entity_beg_seq_id"":5,""ref_beg_seq_id"":302,""length"":251,""entity_end_seq_id"":255,""ref_end_seq_id"":552}]",P03372,True,True,False,1,False,False,0.421849,0.984314
4MGA_2,4MGA,2,UniProt,P03372,"[{""entity_beg_seq_id"":5,""ref_beg_seq_id"":302,""length"":251,""entity_end_seq_id"":255,""ref_end_seq_id"":552}]",P03372,True,True,False,1,False,False,0.421849,0.984314
4MGA_1,4MGA,1,UniProt,P03372,"[{""entity_beg_seq_id"":5,""ref_beg_seq_id"":302,""length"":251,""entity_end_seq_id"":255,""ref_end_seq_id"":552}]",P03372,True,True,False,1,False,False,0.421849,0.984314
4MG9_2,4MG9,2,UniProt,P03372,"[{""entity_beg_seq_id"":5,""ref_beg_seq_id"":302,""length"":251,""entity_end_seq_id"":255,""ref_end_seq_id"":552}]",P03372,True,True,False,1,False,False,0.421849,0.984314
4MG9_1,4MG9,1,UniProt,P03372,"[{""entity_beg_seq_id"":5,""ref_beg_seq_id"":302,""length"":251,""entity_end_seq_id"":255,""ref_end_seq_id"":552}]",P03372,True,True,False,1,False,False,0.421849,0.984314
4MG8_2,4MG8,2,UniProt,P03372,"[{""entity_beg_seq_id"":5,""ref_beg_seq_id"":302,""length"":251,""entity_end_seq_id"":255,""ref_end_seq_id"":552}]",P03372,True,True,False,1,False,False,0.421849,0.984314
4MG8_1,4MG8,1,UniProt,P03372,"[{""entity_beg_seq_id"":5,""ref_beg_seq_id"":302,""length"":251,""entity_end_seq_id"":255,""ref_end_seq_id"":552}]",P03372,True,True,False,1,False,False,0.421849,0.984314
4MG7_2,4MG7,2,UniProt,P03372,"[{""entity_beg_seq_id"":5,""ref_beg_seq_id"":302,""length"":251,""entity_end_seq_id"":255,""ref_end_seq_id"":552}]",P03372,True,True,False,1,False,False,0.421849,0.984314
4MG7_1,4MG7,1,UniProt,P03372,"[{""entity_beg_seq_id"":5,""ref_beg_seq_id"":302,""length"":251,""entity_end_seq_id"":255,""ref_end_seq_id"":552}]",P03372,True,True,False,1,False,False,0.421849,0.984314
4MG6_1,4MG6,1,UniProt,P03372,"[{""entity_beg_seq_id"":5,""ref_beg_seq_id"":302,""length"":251,""entity_end_seq_id"":255,""ref_end_seq_id"":552}]",P03372,True,True,False,1,False,False,0.421849,0.984314
4MG5_1,4MG5,1,UniProt,P03372,"[{""entity_beg_seq_id"":5,""ref_beg_seq_id"":302,""length"":251,""entity_end_seq_id"":255,""ref_end_seq_id"":552}]",P03372,True,True,False,1,False,False,0.421849,0.984314
4MDD_1,4MDD,1,UniProt,P04150,"[{""entity_beg_seq_id"":3,""ref_beg_seq_id"":522,""length"":256,""entity_end_seq_id"":258,""ref_end_seq_id"":777}]",P04150,True,True,False,1,False,False,0.329472,0.992248
4M8H_1,4M8H,1,UniProt,P19793,"[{""entity_beg_seq_id"":1,""ref_beg_seq_id"":228,""length"":231,""entity_end_seq_id"":231,""ref_end_seq_id"":458}]",P19793,True,True,False,1,False,False,0.5,1.0
4M8E_1,4M8E,1,UniProt,P19793,"[{""entity_beg_seq_id"":1,""ref_beg_seq_id"":228,""length"":231,""entity_end_seq_id"":231,""ref_end_seq_id"":458}]",P19793,True,True,False,1,False,False,0.5,1.0
4LSJ_1,4LSJ,1,UniProt,P04150,"[{""entity_beg_seq_id"":3,""ref_beg_seq_id"":522,""length"":256,""entity_end_seq_id"":258,""ref_end_seq_id"":777}]",P04150,True,True,False,1,False,False,0.329472,0.992248
4LOG_1,4LOG,1,UniProt,P0AEX9,"[{""entity_beg_seq_id"":2,""ref_beg_seq_id"":26,""length"":367,""entity_end_seq_id"":368,""ref_end_seq_id"":392}]",Q9Y5X4,False,False,False,1,False,False,,0.639373
4LOG_1,4LOG,1,UniProt,Q9Y5X4,"[{""entity_beg_seq_id"":375,""ref_beg_seq_id"":217,""length"":194,""entity_end_seq_id"":568,""ref_end_seq_id"":410}]",Q9Y5X4,True,True,False,1,False,False,0.473171,0.337979
4LNX_1,4LNX,1,UniProt,P10827,"[{""entity_beg_seq_id"":5,""ref_beg_seq_id"":148,""length"":223,""entity_end_seq_id"":227,""ref_end_seq_id"":370}]",P10827,True,True,False,1,False,False,0.455102,0.835206
4LNW_1,4LNW,1,UniProt,P10827,"[{""entity_beg_seq_id"":5,""ref_beg_seq_id"":148,""length"":223,""entity_end_seq_id"":227,""ref_end_seq_id"":370}]",P10827,True,True,False,1,False,False,0.455102,0.835206
4LBD_1,4LBD,1,UniProt,P13631,"[{""entity_beg_seq_id"":22,""ref_beg_seq_id"":178,""length"":246,""entity_end_seq_id"":267,""ref_end_seq_id"":423}]",P13631,True,True,False,1,False,False,0.54185,0.921348
4L98_1,4L98,1,UniProt,P37231,"[{""entity_beg_seq_id"":5,""ref_beg_seq_id"":235,""length"":271,""entity_end_seq_id"":275,""ref_end_seq_id"":505}]",P37231,True,True,False,1,False,False,0.536634,0.985455
4L96_1,4L96,1,UniProt,P37231,"[{""entity_beg_seq_id"":5,""ref_beg_seq_id"":235,""length"":271,""entity_end_seq_id"":275,""ref_end_seq_id"":505}]",P37231,True,True,False,1,False,False,0.536634,0.985455
4KZM_1,4KZM,1,UniProt,P22736,"[{""entity_beg_seq_id"":2,""ref_beg_seq_id"":351,""length"":248,""entity_end_seq_id"":249,""ref_end_seq_id"":598}]",P22736,True,True,False,1,False,False,0.414716,0.964981
4KZJ_1,4KZJ,1,UniProt,P22736,"[{""entity_beg_seq_id"":2,""ref_beg_seq_id"":351,""length"":248,""entity_end_seq_id"":249,""ref_end_seq_id"":598}]",P22736,True,True,False,1,False,False,0.414716,0.964981
4KZI_1,4KZI,1,UniProt,P22736,"[{""entity_beg_seq_id"":2,""ref_beg_seq_id"":351,""length"":248,""entity_end_seq_id"":249,""ref_end_seq_id"":598}]",P22736,True,True,False,1,False,False,0.414716,0.964981
4K7A_1,4K7A,1,UniProt,P10275,"[{""entity_beg_seq_id"":1,""ref_beg_seq_id"":671,""length"":249,""entity_end_seq_id"":249,""ref_end_seq_id"":919}]",P10275,True,True,False,1,False,False,0.270652,1.0
4K6I_1,4K6I,1,UniProt,P19793,"[{""entity_beg_seq_id"":1,""ref_beg_seq_id"":228,""length"":231,""entity_end_seq_id"":231,""ref_end_seq_id"":458}]",P19793,True,True,False,1,False,False,0.5,1.0
4K4J_1,4K4J,1,UniProt,P19793,"[{""entity_beg_seq_id"":1,""ref_beg_seq_id"":228,""length"":231,""entity_end_seq_id"":231,""ref_end_seq_id"":458}]",P19793,True,True,False,1,False,False,0.5,1.0
4JYI_1,4JYI,1,UniProt,P10826,"[{""entity_beg_seq_id"":22,""ref_beg_seq_id"":176,""length"":246,""entity_end_seq_id"":267,""ref_end_seq_id"":421}]",P10826,True,True,False,1,False,False,0.540659,0.921348
4JYH_1,4JYH,1,UniProt,P10826,"[{""entity_beg_seq_id"":22,""ref_beg_seq_id"":176,""length"":246,""entity_end_seq_id"":267,""ref_end_seq_id"":421}]",P10826,True,True,False,1,False,False,0.540659,0.921348
4JYG_1,4JYG,1,UniProt,P10826,"[{""entity_beg_seq_id"":22,""ref_beg_seq_id"":176,""length"":246,""entity_end_seq_id"":267,""ref_end_seq_id"":421}]",P10826,True,True,False,1,False,False,0.540659,0.921348
4JL4_1,4JL4,1,UniProt,P37231,"[{""entity_beg_seq_id"":5,""ref_beg_seq_id"":223,""length"":283,""entity_end_seq_id"":287,""ref_end_seq_id"":505}]",P37231,True,True,False,1,False,False,0.560396,0.986063
4JGV_1,4JGV,1,UniProt,P22736,"[{""entity_beg_seq_id"":2,""ref_beg_seq_id"":351,""length"":248,""entity_end_seq_id"":249,""ref_end_seq_id"":598}]",P22736,True,True,False,1,False,False,0.414716,0.995984
4JDD_2,4JDD,2,UniProt,P03372,"[{""entity_beg_seq_id"":1,""ref_beg_seq_id"":585,""length"":11,""entity_end_seq_id"":11,""ref_end_seq_id"":595}]",P03372,True,True,False,1,False,False,0.018487,1.0
4JC3_2,4JC3,2,UniProt,P03372,"[{""entity_beg_seq_id"":1,""ref_beg_seq_id"":585,""length"":11,""entity_end_seq_id"":11,""ref_end_seq_id"":595}]",P03372,True,True,False,1,False,False,0.018487,1.0
4JAZ_1,4JAZ,1,UniProt,P37231,"[{""entity_beg_seq_id"":5,""ref_beg_seq_id"":223,""length"":283,""entity_end_seq_id"":287,""ref_end_seq_id"":505}]",P37231,True,True,False,1,False,False,0.560396,0.986063
4J5X_2,4J5X,2,UniProt,O75469,"[{""entity_beg_seq_id"":4,""ref_beg_seq_id"":130,""length"":305,""entity_end_seq_id"":308,""ref_end_seq_id"":434}]",O75469,True,True,False,1,False,False,0.702765,0.907738
4J5X_2,4J5X,2,UniProt,Q15788,"[{""entity_beg_seq_id"":314,""ref_beg_seq_id"":678,""length"":23,""entity_end_seq_id"":336,""ref_end_seq_id"":700}]",O75469,False,False,False,1,False,False,,0.068452
4J5X_1,4J5X,1,UniProt,P19793,"[{""entity_beg_seq_id"":1,""ref_beg_seq_id"":227,""length"":236,""entity_end_seq_id"":236,""ref_end_seq_id"":462}]",P19793,True,True,False,1,False,False,0.510823,0.893939
4J5X_1,4J5X,1,UniProt,Q15788,"[{""entity_beg_seq_id"":242,""ref_beg_seq_id"":678,""length"":23,""entity_end_seq_id"":264,""ref_end_seq_id"":700}]",P19793,False,False,False,1,False,False,,0.087121
4J5W_2,4J5W,2,UniProt,P19793,"[{""entity_beg_seq_id"":1,""ref_beg_seq_id"":227,""length"":236,""entity_end_seq_id"":236,""ref_end_seq_id"":462}]",P19793,True,True,False,1,False,False,0.510823,0.893939
4J5W_1,4J5W,1,UniProt,O75469,"[{""entity_beg_seq_id"":4,""ref_beg_seq_id"":130,""length"":305,""entity_end_seq_id"":308,""ref_end_seq_id"":434}]",O75469,True,True,False,1,False,False,0.702765,0.907738
4J26_1,4J26,1,UniProt,Q92731,"[{""entity_beg_seq_id"":1,""ref_beg_seq_id"":261,""length"":240,""entity_end_seq_id"":240,""ref_end_seq_id"":500}]",Q92731,True,True,False,1,False,False,0.45283,1.0
4J24_1,4J24,1,UniProt,Q92731,"[{""entity_beg_seq_id"":1,""ref_beg_seq_id"":261,""length"":240,""entity_end_seq_id"":240,""ref_end_seq_id"":500}]",Q92731,True,True,False,1,False,False,0.45283,1.0
4IWF_1,4IWF,1,UniProt,P03372,"[{""entity_beg_seq_id"":1,""ref_beg_seq_id"":303,""length"":247,""entity_end_seq_id"":247,""ref_end_seq_id"":549}]",P03372,True,True,False,1,False,False,0.415126,1.0
4IWC_1,4IWC,1,UniProt,P03372,"[{""entity_beg_seq_id"":1,""ref_beg_seq_id"":303,""length"":247,""entity_end_seq_id"":247,""ref_end_seq_id"":549}]",P03372,True,True,False,1,False,False,0.415126,1.0
4IW8_1,4IW8,1,UniProt,P03372,"[{""entity_beg_seq_id"":1,""ref_beg_seq_id"":303,""length"":247,""entity_end_seq_id"":247,""ref_end_seq_id"":549}]",P03372,True,True,False,1,False,False,0.415126,1.0
4IW6_1,4IW6,1,UniProt,P03372,"[{""entity_beg_seq_id"":1,""ref_beg_seq_id"":303,""length"":247,""entity_end_seq_id"":247,""ref_end_seq_id"":549}]",P03372,True,True,False,1,False,False,0.415126,1.0
4IVY_1,4IVY,1,UniProt,P03372,"[{""entity_beg_seq_id"":1,""ref_beg_seq_id"":303,""length"":247,""entity_end_seq_id"":247,""ref_end_seq_id"":549}]",P03372,True,True,False,1,False,False,0.415126,1.0
4IVW_1,4IVW,1,UniProt,P03372,"[{""entity_beg_seq_id"":1,""ref_beg_seq_id"":303,""length"":247,""entity_end_seq_id"":247,""ref_end_seq_id"":549}]",P03372,True,True,False,1,False,False,0.415126,1.0
4IV4_1,4IV4,1,UniProt,P03372,"[{""entity_beg_seq_id"":1,""ref_beg_seq_id"":303,""length"":247,""entity_end_seq_id"":247,""ref_end_seq_id"":549}]",P03372,True,True,False,1,False,False,0.415126,1.0
4IV2_1,4IV2,1,UniProt,P03372,"[{""entity_beg_seq_id"":1,""ref_beg_seq_id"":303,""length"":247,""entity_end_seq_id"":247,""ref_end_seq_id"":549}]",P03372,True,True,False,1,False,False,0.415126,1.0
4IUI_1,4IUI,1,UniProt,P03372,"[{""entity_beg_seq_id"":1,""ref_beg_seq_id"":303,""length"":247,""entity_end_seq_id"":247,""ref_end_seq_id"":549}]",P03372,True,True,False,1,False,False,0.415126,1.0
4IU7_1,4IU7,1,UniProt,P03372,"[{""entity_beg_seq_id"":1,""ref_beg_seq_id"":303,""length"":247,""entity_end_seq_id"":247,""ref_end_seq_id"":549}]",P03372,True,True,False,1,False,False,0.415126,1.0
4ITF_1,4ITF,1,UniProt,P11473,"[{""entity_beg_seq_id"":5,""ref_beg_seq_id"":118,""length"":259,""entity_end_seq_id"":263,""ref_end_seq_id"":376}]",P11473,True,True,False,1,False,False,0.606557,0.984791
4ITE_1,4ITE,1,UniProt,P11473,"[{""entity_beg_seq_id"":5,""ref_beg_seq_id"":118,""length"":259,""entity_end_seq_id"":263,""ref_end_seq_id"":376}]",P11473,True,True,False,1,False,False,0.606557,0.984791
4IS8_1,4IS8,1,UniProt,O00482,"[{""entity_beg_seq_id"":1,""ref_beg_seq_id"":300,""length"":239,""entity_end_seq_id"":239,""ref_end_seq_id"":538}]",O00482,True,True,False,1,False,False,0.441774,1.0
4IQR_1,4IQR,1,UniProt,P41235,"[{""entity_beg_seq_id"":16,""ref_beg_seq_id"":55,""length"":323,""entity_end_seq_id"":338,""ref_end_seq_id"":377}]",P41235,True,True,False,1,False,False,0.681435,0.955621
4HN6_1,4HN6,1,UniProt,P04150,"[{""entity_beg_seq_id"":25,""ref_beg_seq_id"":417,""length"":90,""entity_end_seq_id"":114,""ref_end_seq_id"":506}]",P04150,True,True,False,1,False,False,0.11583,0.789474
4HN5_1,4HN5,1,UniProt,P04150,"[{""entity_beg_seq_id"":28,""ref_beg_seq_id"":417,""length"":90,""entity_end_seq_id"":117,""ref_end_seq_id"":506}]",P04150,True,True,False,1,False,False,0.11583,0.769231
4HLW_1,4HLW,1,UniProt,P10275,"[{""entity_beg_seq_id"":1,""ref_beg_seq_id"":665,""length"":256,""entity_end_seq_id"":256,""ref_end_seq_id"":920}]",P10275,True,True,False,1,False,False,0.278261,1.0
4HEE_1,4HEE,1,UniProt,P37231,"[{""entity_beg_seq_id"":12,""ref_beg_seq_id"":235,""length"":271,""entity_end_seq_id"":282,""ref_end_seq_id"":505}]",P37231,True,True,False,1,False,False,0.536634,0.960993
4G2I_1,4G2I,1,UniProt,P11473,"[{""entity_beg_seq_id"":1,""ref_beg_seq_id"":118,""length"":259,""entity_end_seq_id"":259,""ref_end_seq_id"":376}]",P11473,True,True,False,1,False,False,0.606557,1.0
4FGY_1,4FGY,1,UniProt,P37231,"[{""entity_beg_seq_id"":1,""ref_beg_seq_id"":235,""length"":270,""entity_end_seq_id"":270,""ref_end_seq_id"":504}]",P37231,True,True,False,1,False,False,0.534653,1.0
4F9M_1,4F9M,1,UniProt,P37231,"[{""entity_beg_seq_id"":12,""ref_beg_seq_id"":234,""length"":272,""entity_end_seq_id"":283,""ref_end_seq_id"":505}]",P37231,True,True,False,1,False,False,0.538614,0.961131
4EMA_1,4EMA,1,UniProt,P37231,"[{""entity_beg_seq_id"":5,""ref_beg_seq_id"":235,""length"":271,""entity_end_seq_id"":275,""ref_end_seq_id"":505}]",P37231,True,True,False,1,False,False,0.536634,0.985455
4EM9_1,4EM9,1,UniProt,P37231,"[{""entity_beg_seq_id"":5,""ref_beg_seq_id"":235,""length"":271,""entity_end_seq_id"":275,""ref_end_seq_id"":505}]",P37231,True,True,False,1,False,False,0.536634,0.985455
4E4Q_1,4E4Q,1,UniProt,P37231,"[{""entity_beg_seq_id"":5,""ref_beg_seq_id"":223,""length"":283,""entity_end_seq_id"":287,""ref_end_seq_id"":505}]",P37231,True,True,False,1,False,False,0.560396,0.986063
4E4K_1,4E4K,1,UniProt,P37231,"[{""entity_beg_seq_id"":5,""ref_beg_seq_id"":223,""length"":283,""entity_end_seq_id"":287,""ref_end_seq_id"":505}]",P37231,True,True,False,1,False,False,0.560396,0.986063
4DQM_1,4DQM,1,UniProt,P10276,"[{""entity_beg_seq_id"":1,""ref_beg_seq_id"":182,""length"":234,""entity_end_seq_id"":234,""ref_end_seq_id"":415}]",P10276,True,True,False,1,False,False,0.506494,1.0
4DOS_1,4DOS,1,UniProt,O00482,"[{""entity_beg_seq_id"":3,""ref_beg_seq_id"":299,""length"":240,""entity_end_seq_id"":242,""ref_end_seq_id"":538}]",O00482,True,True,False,1,False,False,0.443623,0.991736
4DOR_2,4DOR,2,UniProt,Q15466,"[{""entity_beg_seq_id"":1,""ref_beg_seq_id"":15,""length"":14,""entity_end_seq_id"":14,""ref_end_seq_id"":28}]",Q15466,True,True,False,1,False,False,0.054475,1.0
4DOR_1,4DOR,1,UniProt,O00482,"[{""entity_beg_seq_id"":4,""ref_beg_seq_id"":290,""length"":252,""entity_end_seq_id"":255,""ref_end_seq_id"":541}]",O00482,True,True,False,1,False,False,0.465804,0.988235
4DMA_1,4DMA,1,UniProt,P03372,"[{""entity_beg_seq_id"":1,""ref_beg_seq_id"":303,""length"":247,""entity_end_seq_id"":247,""ref_end_seq_id"":549}]",P03372,True,True,False,1,False,False,0.415126,1.0
4DM8_1,4DM8,1,UniProt,P10826,"[{""entity_beg_seq_id"":22,""ref_beg_seq_id"":176,""length"":246,""entity_end_seq_id"":267,""ref_end_seq_id"":421}]",P10826,True,True,False,1,False,False,0.540659,0.921348
4DM6_1,4DM6,1,UniProt,P10826,"[{""entity_beg_seq_id"":22,""ref_beg_seq_id"":176,""length"":246,""entity_end_seq_id"":267,""ref_end_seq_id"":421}]",P10826,True,True,False,1,False,False,0.540659,0.921348
4DK8_1,4DK8,1,UniProt,P55055,"[{""entity_beg_seq_id"":5,""ref_beg_seq_id"":218,""length"":243,""entity_end_seq_id"":247,""ref_end_seq_id"":460}]",P55055,True,True,False,1,False,False,0.528261,0.983806
4DK7_1,4DK7,1,UniProt,P55055,"[{""entity_beg_seq_id"":5,""ref_beg_seq_id"":218,""length"":243,""entity_end_seq_id"":247,""ref_end_seq_id"":460}]",P55055,True,True,False,1,False,False,0.528261,0.983806
4CSJ_1,4CSJ,1,UniProt,P04150,"[{""entity_beg_seq_id"":3,""ref_beg_seq_id"":500,""length"":278,""entity_end_seq_id"":280,""ref_end_seq_id"":777}]",P04150,True,True,False,1,False,False,0.357786,0.992857
4CN7_1,4CN7,1,UniProt,P19793,"[{""entity_beg_seq_id"":5,""ref_beg_seq_id"":130,""length"":83,""entity_end_seq_id"":87,""ref_end_seq_id"":212}]",P19793,True,True,False,1,False,False,0.179654,0.954023
4CN5_1,4CN5,1,UniProt,P19793,"[{""entity_beg_seq_id"":5,""ref_beg_seq_id"":130,""length"":83,""entity_end_seq_id"":87,""ref_end_seq_id"":212}]",P19793,True,True,False,1,False,False,0.179654,0.954023
4CN3_2,4CN3,2,UniProt,P19793,"[{""entity_beg_seq_id"":5,""ref_beg_seq_id"":130,""length"":83,""entity_end_seq_id"":87,""ref_end_seq_id"":212}]",P19793,True,True,False,1,False,False,0.179654,0.954023
4CN3_1,4CN3,1,UniProt,P19793,"[{""entity_beg_seq_id"":5,""ref_beg_seq_id"":130,""length"":83,""entity_end_seq_id"":87,""ref_end_seq_id"":212}]",P19793,True,True,False,1,False,False,0.179654,0.954023
4CN2_3,4CN2,3,UniProt,P19793,"[{""entity_beg_seq_id"":5,""ref_beg_seq_id"":130,""length"":83,""entity_end_seq_id"":87,""ref_end_seq_id"":212}]",P19793,True,True,False,1,False,False,0.179654,0.954023
4CI5_1,4CI5,1,UniProt,P37231,"[{""entity_beg_seq_id"":1,""ref_beg_seq_id"":234,""length"":272,""entity_end_seq_id"":272,""ref_end_seq_id"":505}]",P37231,True,True,False,1,False,False,0.538614,1.0
4CI4_1,4CI4,1,UniProt,Q07869,"[{""entity_beg_seq_id"":1,""ref_beg_seq_id"":195,""length"":274,""entity_end_seq_id"":274,""ref_end_seq_id"":468}]",Q07869,True,True,False,1,False,False,0.58547,1.0
4BCR_1,4BCR,1,UniProt,Q07869,"[{""entity_beg_seq_id"":1,""ref_beg_seq_id"":195,""length"":274,""entity_end_seq_id"":274,""ref_end_seq_id"":468}]",Q07869,True,True,False,1,False,False,0.58547,1.0
4B7W_1,4B7W,1,UniProt,P41235,"[{""entity_beg_seq_id"":4,""ref_beg_seq_id"":142,""length"":236,""entity_end_seq_id"":239,""ref_end_seq_id"":377}]",P41235,True,True,False,1,False,False,0.49789,0.987448
4APU_1,4APU,1,UniProt,P06401,"[{""entity_beg_seq_id"":5,""ref_beg_seq_id"":678,""length"":256,""entity_end_seq_id"":260,""ref_end_seq_id"":933}]",P06401,True,True,False,1,False,False,0.274384,0.984615
4AA6_1,4AA6,1,UniProt,P03372,"[{""entity_beg_seq_id"":1,""ref_beg_seq_id"":182,""length"":71,""entity_end_seq_id"":71,""ref_end_seq_id"":252}]",P03372,True,True,False,1,False,False,0.119328,1.0
4A4W_1,4A4W,1,UniProt,P37231,"[{""entity_beg_seq_id"":5,""ref_beg_seq_id"":223,""length"":283,""entity_end_seq_id"":287,""ref_end_seq_id"":505}]",P37231,True,True,False,1,False,False,0.560396,0.986063
4A4V_1,4A4V,1,UniProt,P37231,"[{""entity_beg_seq_id"":5,""ref_beg_seq_id"":223,""length"":283,""entity_end_seq_id"":287,""ref_end_seq_id"":505}]",P37231,True,True,False,1,False,False,0.560396,0.986063
4A2J_1,4A2J,1,UniProt,P06401,"[{""entity_beg_seq_id"":5,""ref_beg_seq_id"":678,""length"":256,""entity_end_seq_id"":260,""ref_end_seq_id"":933}]",P06401,True,True,False,1,False,False,0.274384,0.984615
3ZRB_1,3ZRB,1,UniProt,P06401,"[{""entity_beg_seq_id"":5,""ref_beg_seq_id"":678,""length"":256,""entity_end_seq_id"":260,""ref_end_seq_id"":933}]",P06401,True,True,False,1,False,False,0.274384,0.984615
3ZRA_1,3ZRA,1,UniProt,P06401,"[{""entity_beg_seq_id"":5,""ref_beg_seq_id"":678,""length"":256,""entity_end_seq_id"":260,""ref_end_seq_id"":933}]",P06401,True,True,False,1,False,False,0.274384,0.984615
3ZR7_1,3ZR7,1,UniProt,P06401,"[{""entity_beg_seq_id"":5,""ref_beg_seq_id"":678,""length"":256,""entity_end_seq_id"":260,""ref_end_seq_id"":933}]",P06401,True,True,False,1,False,False,0.274384,0.984615
3ZQT_1,3ZQT,1,UniProt,P10275,"[{""entity_beg_seq_id"":1,""ref_beg_seq_id"":665,""length"":256,""entity_end_seq_id"":256,""ref_end_seq_id"":920}]",P10275,True,True,False,1,False,False,0.278261,1.0
3X36_1,3X36,1,UniProt,P11473,"[{""entity_beg_seq_id"":5,""ref_beg_seq_id"":118,""length"":259,""entity_end_seq_id"":263,""ref_end_seq_id"":376}]",P11473,True,True,False,1,False,False,0.606557,0.984791
3X31_1,3X31,1,UniProt,P11473,"[{""entity_beg_seq_id"":5,""ref_beg_seq_id"":118,""length"":259,""entity_end_seq_id"":263,""ref_end_seq_id"":376}]",P11473,True,True,False,1,False,False,0.606557,0.984791
3X1I_1,3X1I,1,UniProt,P37231,"[{""entity_beg_seq_id"":3,""ref_beg_seq_id"":232,""length"":274,""entity_end_seq_id"":276,""ref_end_seq_id"":505}]",P37231,True,True,False,1,False,False,0.542574,0.992754
3X1H_1,3X1H,1,UniProt,P37231,"[{""entity_beg_seq_id"":3,""ref_beg_seq_id"":232,""length"":274,""entity_end_seq_id"":276,""ref_end_seq_id"":505}]",P37231,True,True,False,1,False,False,0.542574,0.992754
3WWR_1,3WWR,1,UniProt,P11473,"[{""entity_beg_seq_id"":5,""ref_beg_seq_id"":118,""length"":259,""entity_end_seq_id"":263,""ref_end_seq_id"":376}]",P11473,True,True,False,1,False,False,0.606557,0.984791
5DYB_1,5DYB,1,UniProt,P03372,"[{""entity_beg_seq_id"":1,""ref_beg_seq_id"":298,""length"":257,""entity_end_seq_id"":257,""ref_end_seq_id"":554}]",P03372,True,True,False,1,False,False,0.431933,1.0
5DY8_1,5DY8,1,UniProt,P03372,"[{""entity_beg_seq_id"":1,""ref_beg_seq_id"":298,""length"":257,""entity_end_seq_id"":257,""ref_end_seq_id"":554}]",P03372,True,True,False,1,False,False,0.431933,1.0
5DXR_1,5DXR,1,UniProt,P03372,"[{""entity_beg_seq_id"":1,""ref_beg_seq_id"":298,""length"":257,""entity_end_seq_id"":257,""ref_end_seq_id"":554}]",P03372,True,True,False,1,False,False,0.431933,1.0
5DXQ_1,5DXQ,1,UniProt,P03372,"[{""entity_beg_seq_id"":1,""ref_beg_seq_id"":298,""length"":257,""entity_end_seq_id"":257,""ref_end_seq_id"":554}]",P03372,True,True,False,1,False,False,0.431933,1.0
5DXP_1,5DXP,1,UniProt,P03372,"[{""entity_beg_seq_id"":1,""ref_beg_seq_id"":298,""length"":257,""entity_end_seq_id"":257,""ref_end_seq_id"":554}]",P03372,True,True,False,1,False,False,0.431933,1.0
5DXM_1,5DXM,1,UniProt,P03372,"[{""entity_beg_seq_id"":1,""ref_beg_seq_id"":298,""length"":257,""entity_end_seq_id"":257,""ref_end_seq_id"":554}]",P03372,True,True,False,1,False,False,0.431933,1.0
5DXK_1,5DXK,1,UniProt,P03372,"[{""entity_beg_seq_id"":1,""ref_beg_seq_id"":298,""length"":257,""entity_end_seq_id"":257,""ref_end_seq_id"":554}]",P03372,True,True,False,1,False,False,0.431933,1.0
5DXG_1,5DXG,1,UniProt,P03372,"[{""entity_beg_seq_id"":4,""ref_beg_seq_id"":297,""length"":258,""entity_end_seq_id"":261,""ref_end_seq_id"":554}]",P03372,True,True,False,1,False,False,0.433613,0.988506
5DXE_1,5DXE,1,UniProt,P03372,"[{""entity_beg_seq_id"":4,""ref_beg_seq_id"":297,""length"":258,""entity_end_seq_id"":261,""ref_end_seq_id"":554}]",P03372,True,True,False,1,False,False,0.433613,0.988506
5DXB_2,5DXB,2,UniProt,P03372,"[{""entity_beg_seq_id"":4,""ref_beg_seq_id"":297,""length"":258,""entity_end_seq_id"":261,""ref_end_seq_id"":554}]",P03372,True,True,False,1,False,False,0.433613,0.988506
5DXB_1,5DXB,1,UniProt,P03372,"[{""entity_beg_seq_id"":4,""ref_beg_seq_id"":297,""length"":258,""entity_end_seq_id"":261,""ref_end_seq_id"":554}]",P03372,True,True,False,1,False,False,0.433613,0.988506
5DX3_2,5DX3,2,UniProt,P03372,"[{""entity_beg_seq_id"":4,""ref_beg_seq_id"":297,""length"":258,""entity_end_seq_id"":261,""ref_end_seq_id"":554}]",P03372,True,True,False,1,False,False,0.433613,0.988506
5DX3_1,5DX3,1,UniProt,P03372,"[{""entity_beg_seq_id"":4,""ref_beg_seq_id"":297,""length"":258,""entity_end_seq_id"":261,""ref_end_seq_id"":554}]",P03372,True,True,False,1,False,False,0.433613,0.988506
5DWL_1,5DWL,1,UniProt,P37231,"[{""entity_beg_seq_id"":5,""ref_beg_seq_id"":223,""length"":283,""entity_end_seq_id"":287,""ref_end_seq_id"":505}]",P37231,True,True,False,1,False,False,0.560396,0.986063
5DWJ_1,5DWJ,1,UniProt,P03372,"[{""entity_beg_seq_id"":1,""ref_beg_seq_id"":298,""length"":257,""entity_end_seq_id"":257,""ref_end_seq_id"":554}]",P03372,True,True,False,1,False,False,0.431933,1.0
5DWI_1,5DWI,1,UniProt,P03372,"[{""entity_beg_seq_id"":1,""ref_beg_seq_id"":298,""length"":257,""entity_end_seq_id"":257,""ref_end_seq_id"":554}]",P03372,True,True,False,1,False,False,0.431933,1.0
5DWG_1,5DWG,1,UniProt,P03372,"[{""entity_beg_seq_id"":1,""ref_beg_seq_id"":298,""length"":257,""entity_end_seq_id"":257,""ref_end_seq_id"":554}]",P03372,True,True,False,1,False,False,0.431933,1.0
5DWE_1,5DWE,1,UniProt,P03372,"[{""entity_beg_seq_id"":1,""ref_beg_seq_id"":298,""length"":257,""entity_end_seq_id"":257,""ref_end_seq_id"":554}]",P03372,True,True,False,1,False,False,0.431933,1.0
5DVV_1,5DVV,1,UniProt,P03372,"[{""entity_beg_seq_id"":1,""ref_beg_seq_id"":298,""length"":257,""entity_end_seq_id"":257,""ref_end_seq_id"":554}]",P03372,True,True,False,1,False,False,0.431933,1.0
5DVS_1,5DVS,1,UniProt,P03372,"[{""entity_beg_seq_id"":1,""ref_beg_seq_id"":298,""length"":257,""entity_end_seq_id"":257,""ref_end_seq_id"":554}]",P03372,True,True,False,1,False,False,0.431933,1.0
5DVC_1,5DVC,1,UniProt,P37231,"[{""entity_beg_seq_id"":5,""ref_beg_seq_id"":223,""length"":283,""entity_end_seq_id"":287,""ref_end_seq_id"":505}]",P37231,True,True,False,1,False,False,0.560396,0.986063
5DV8_1,5DV8,1,UniProt,P37231,"[{""entity_beg_seq_id"":5,""ref_beg_seq_id"":223,""length"":283,""entity_end_seq_id"":287,""ref_end_seq_id"":505}]",P37231,True,True,False,1,False,False,0.560396,0.986063
5DV6_1,5DV6,1,UniProt,P37231,"[{""entity_beg_seq_id"":5,""ref_beg_seq_id"":223,""length"":283,""entity_end_seq_id"":287,""ref_end_seq_id"":505}]",P37231,True,True,False,1,False,False,0.560396,0.986063
5DV3_1,5DV3,1,UniProt,P37231,"[{""entity_beg_seq_id"":5,""ref_beg_seq_id"":223,""length"":283,""entity_end_seq_id"":287,""ref_end_seq_id"":505}]",P37231,True,True,False,1,False,False,0.560396,0.986063
5DUH_1,5DUH,1,UniProt,P03372,"[{""entity_beg_seq_id"":1,""ref_beg_seq_id"":298,""length"":257,""entity_end_seq_id"":257,""ref_end_seq_id"":554}]",P03372,True,True,False,1,False,False,0.431933,1.0
5DUG_1,5DUG,1,UniProt,P03372,"[{""entity_beg_seq_id"":1,""ref_beg_seq_id"":298,""length"":257,""entity_end_seq_id"":257,""ref_end_seq_id"":554}]",P03372,True,True,False,1,False,False,0.431933,1.0
5DUE_1,5DUE,1,UniProt,P03372,"[{""entity_beg_seq_id"":1,""ref_beg_seq_id"":298,""length"":257,""entity_end_seq_id"":257,""ref_end_seq_id"":554}]",P03372,True,True,False,1,False,False,0.431933,1.0
5DU5_1,5DU5,1,UniProt,P03372,"[{""entity_beg_seq_id"":1,""ref_beg_seq_id"":298,""length"":257,""entity_end_seq_id"":257,""ref_end_seq_id"":554}]",P03372,True,True,False,1,False,False,0.431933,1.0
5DTV_1,5DTV,1,UniProt,P03372,"[{""entity_beg_seq_id"":1,""ref_beg_seq_id"":298,""length"":257,""entity_end_seq_id"":257,""ref_end_seq_id"":554}]",P03372,True,True,False,1,False,False,0.431933,1.0
5DSH_1,5DSH,1,UniProt,P37231,"[{""entity_beg_seq_id"":5,""ref_beg_seq_id"":223,""length"":283,""entity_end_seq_id"":287,""ref_end_seq_id"":505}]",P37231,True,True,False,1,False,False,0.560396,0.986063
5DRM_1,5DRM,1,UniProt,P03372,"[{""entity_beg_seq_id"":1,""ref_beg_seq_id"":298,""length"":257,""entity_end_seq_id"":257,""ref_end_seq_id"":554}]",P03372,True,True,False,1,False,False,0.431933,1.0
5DRJ_1,5DRJ,1,UniProt,P03372,"[{""entity_beg_seq_id"":1,""ref_beg_seq_id"":298,""length"":257,""entity_end_seq_id"":257,""ref_end_seq_id"":554}]",P03372,True,True,False,1,False,False,0.431933,1.0
5DP0_1,5DP0,1,UniProt,P03372,"[{""entity_beg_seq_id"":1,""ref_beg_seq_id"":298,""length"":257,""entity_end_seq_id"":257,""ref_end_seq_id"":554}]",P03372,True,True,False,1,False,False,0.431933,1.0
5DMF_1,5DMF,1,UniProt,P03372,"[{""entity_beg_seq_id"":1,""ref_beg_seq_id"":298,""length"":257,""entity_end_seq_id"":257,""ref_end_seq_id"":554}]",P03372,True,True,False,1,False,False,0.431933,1.0
5DMC_1,5DMC,1,UniProt,P03372,"[{""entity_beg_seq_id"":1,""ref_beg_seq_id"":298,""length"":257,""entity_end_seq_id"":257,""ref_end_seq_id"":554}]",P03372,True,True,False,1,False,False,0.431933,1.0
5DLR_1,5DLR,1,UniProt,P03372,"[{""entity_beg_seq_id"":1,""ref_beg_seq_id"":298,""length"":257,""entity_end_seq_id"":257,""ref_end_seq_id"":554}]",P03372,True,True,False,1,False,False,0.431933,1.0
5DL4_1,5DL4,1,UniProt,P03372,"[{""entity_beg_seq_id"":1,""ref_beg_seq_id"":298,""length"":257,""entity_end_seq_id"":257,""ref_end_seq_id"":554}]",P03372,True,True,False,1,False,False,0.431933,1.0
5DKS_1,5DKS,1,UniProt,P03372,"[{""entity_beg_seq_id"":1,""ref_beg_seq_id"":298,""length"":257,""entity_end_seq_id"":257,""ref_end_seq_id"":554}]",P03372,True,True,False,1,False,False,0.431933,1.0
5DKG_1,5DKG,1,UniProt,P03372,"[{""entity_beg_seq_id"":1,""ref_beg_seq_id"":298,""length"":257,""entity_end_seq_id"":257,""ref_end_seq_id"":554}]",P03372,True,True,False,1,False,False,0.431933,1.0
5DKE_1,5DKE,1,UniProt,P03372,"[{""entity_beg_seq_id"":1,""ref_beg_seq_id"":298,""length"":257,""entity_end_seq_id"":257,""ref_end_seq_id"":554}]",P03372,True,True,False,1,False,False,0.431933,1.0
5DKB_1,5DKB,1,UniProt,P03372,"[{""entity_beg_seq_id"":1,""ref_beg_seq_id"":298,""length"":257,""entity_end_seq_id"":257,""ref_end_seq_id"":554}]",P03372,True,True,False,1,False,False,0.431933,1.0
5DK9_1,5DK9,1,UniProt,P03372,"[{""entity_beg_seq_id"":1,""ref_beg_seq_id"":298,""length"":257,""entity_end_seq_id"":257,""ref_end_seq_id"":554}]",P03372,True,True,False,1,False,False,0.431933,1.0
5DIG_1,5DIG,1,UniProt,P03372,"[{""entity_beg_seq_id"":1,""ref_beg_seq_id"":298,""length"":257,""entity_end_seq_id"":257,""ref_end_seq_id"":554}]",P03372,True,True,False,1,False,False,0.431933,1.0
5DIE_1,5DIE,1,UniProt,P03372,"[{""entity_beg_seq_id"":1,""ref_beg_seq_id"":298,""length"":257,""entity_end_seq_id"":257,""ref_end_seq_id"":554}]",P03372,True,True,False,1,False,False,0.431933,1.0
5DID_1,5DID,1,UniProt,P03372,"[{""entity_beg_seq_id"":1,""ref_beg_seq_id"":298,""length"":257,""entity_end_seq_id"":257,""ref_end_seq_id"":554}]",P03372,True,True,False,1,False,False,0.431933,1.0
5DI7_1,5DI7,1,UniProt,P03372,"[{""entity_beg_seq_id"":1,""ref_beg_seq_id"":298,""length"":257,""entity_end_seq_id"":257,""ref_end_seq_id"":554}]",P03372,True,True,False,1,False,False,0.431933,1.0
5CJ6_2,5CJ6,2,UniProt,P10275,"[{""entity_beg_seq_id"":1,""ref_beg_seq_id"":21,""length"":10,""entity_end_seq_id"":10,""ref_end_seq_id"":30}]",P10275,True,True,False,1,False,False,0.01087,1.0
5CJ6_1,5CJ6,1,UniProt,P10275,"[{""entity_beg_seq_id"":3,""ref_beg_seq_id"":642,""length"":279,""entity_end_seq_id"":281,""ref_end_seq_id"":920}]",P10275,True,True,False,1,False,False,0.303261,0.985866
5CC1_1,5CC1,1,UniProt,P04150,"[{""entity_beg_seq_id"":25,""ref_beg_seq_id"":417,""length"":90,""entity_end_seq_id"":114,""ref_end_seq_id"":506}]",P04150,True,True,False,1,False,False,0.11583,0.789474
5CC0_1,5CC0,1,UniProt,P06401,"[{""entity_beg_seq_id"":1,""ref_beg_seq_id"":558,""length"":85,""entity_end_seq_id"":85,""ref_end_seq_id"":642}]",P06401,True,True,False,1,False,False,0.091104,1.0
5CBZ_1,5CBZ,1,UniProt,P04150,"[{""entity_beg_seq_id"":22,""ref_beg_seq_id"":412,""length"":84,""entity_end_seq_id"":105,""ref_end_seq_id"":495}]",P04150,True,True,False,1,False,False,0.108108,0.8
5CBY_1,5CBY,1,UniProt,P04150,"[{""entity_beg_seq_id"":22,""ref_beg_seq_id"":412,""length"":84,""entity_end_seq_id"":105,""ref_end_seq_id"":495}]",P04150,True,True,False,1,False,False,0.108108,0.8
5CBX_1,5CBX,1,UniProt,P04150,"[{""entity_beg_seq_id"":22,""ref_beg_seq_id"":412,""length"":84,""entity_end_seq_id"":105,""ref_end_seq_id"":495}]",P04150,True,True,False,1,False,False,0.108108,0.8
5C4U_1,5C4U,1,UniProt,P51449,"[{""entity_beg_seq_id"":1,""ref_beg_seq_id"":267,""length"":241,""entity_end_seq_id"":241,""ref_end_seq_id"":507}]",P51449,True,True,False,1,False,False,0.465251,1.0
5C4T_1,5C4T,1,UniProt,P51449,"[{""entity_beg_seq_id"":1,""ref_beg_seq_id"":267,""length"":241,""entity_end_seq_id"":241,""ref_end_seq_id"":507}]",P51449,True,True,False,1,False,False,0.465251,1.0
5C4S_1,5C4S,1,UniProt,P51449,"[{""entity_beg_seq_id"":1,""ref_beg_seq_id"":267,""length"":241,""entity_end_seq_id"":241,""ref_end_seq_id"":507}]",P51449,True,True,False,1,False,False,0.465251,1.0
5C4O_1,5C4O,1,UniProt,P51449,"[{""entity_beg_seq_id"":1,""ref_beg_seq_id"":267,""length"":241,""entity_end_seq_id"":241,""ref_end_seq_id"":507}]",P51449,True,True,False,1,False,False,0.465251,1.0
5AZV_1,5AZV,1,UniProt,P37231,"[{""entity_beg_seq_id"":3,""ref_beg_seq_id"":232,""length"":274,""entity_end_seq_id"":276,""ref_end_seq_id"":505}]",P37231,True,True,False,1,False,False,0.542574,0.992754
5AZT_1,5AZT,1,UniProt,Q07869,"[{""entity_beg_seq_id"":2,""ref_beg_seq_id"":201,""length"":268,""entity_end_seq_id"":269,""ref_end_seq_id"":468}]",Q07869,True,True,False,1,False,False,0.57265,0.996283
5AYG_1,5AYG,1,UniProt,P51449,"[{""entity_beg_seq_id"":1,""ref_beg_seq_id"":261,""length"":258,""entity_end_seq_id"":258,""ref_end_seq_id"":518}]",P51449,True,True,False,1,False,False,0.498069,1.0
5AVL_1,5AVL,1,UniProt,Q13133,"[{""entity_beg_seq_id"":18,""ref_beg_seq_id"":182,""length"":266,""entity_end_seq_id"":283,""ref_end_seq_id"":447}]",Q13133,True,True,False,1,False,False,0.595078,0.939929
5AVI_1,5AVI,1,UniProt,Q13133,"[{""entity_beg_seq_id"":18,""ref_beg_seq_id"":182,""length"":266,""entity_end_seq_id"":283,""ref_end_seq_id"":447}]",Q13133,True,True,False,1,False,False,0.595078,0.939929
5APK_2,5APK,2,UniProt,P51449,"[{""entity_beg_seq_id"":1,""ref_beg_seq_id"":480,""length"":13,""entity_end_seq_id"":13,""ref_end_seq_id"":492}]",P51449,True,True,False,1,False,False,0.025097,1.0
5APK_1,5APK,1,UniProt,P51449,"[{""entity_beg_seq_id"":23,""ref_beg_seq_id"":265,""length"":243,""entity_end_seq_id"":265,""ref_end_seq_id"":507}]",P51449,True,True,False,1,False,False,0.469112,0.916981
5APJ_1,5APJ,1,UniProt,P51449,"[{""entity_beg_seq_id"":22,""ref_beg_seq_id"":265,""length"":243,""entity_end_seq_id"":264,""ref_end_seq_id"":507}]",P51449,True,True,False,1,False,False,0.469112,0.913534
5APH_1,5APH,1,UniProt,P51449,"[{""entity_beg_seq_id"":22,""ref_beg_seq_id"":265,""length"":243,""entity_end_seq_id"":264,""ref_end_seq_id"":507}]",P51449,True,True,False,1,False,False,0.469112,0.913534
5AK2_1,5AK2,1,UniProt,P03372,"[{""entity_beg_seq_id"":21,""ref_beg_seq_id"":307,""length"":248,""entity_end_seq_id"":268,""ref_end_seq_id"":554}]",P03372,True,True,False,1,False,False,0.416807,0.925373
5ACC_1,5ACC,1,UniProt,P03372,"[{""entity_beg_seq_id"":1,""ref_beg_seq_id"":307,""length"":248,""entity_end_seq_id"":248,""ref_end_seq_id"":554}]",P03372,True,True,False,1,False,False,0.416807,1.0
5AAV_2,5AAV,2,UniProt,P03372,"[{""entity_beg_seq_id"":4,""ref_beg_seq_id"":306,""length"":249,""entity_end_seq_id"":252,""ref_end_seq_id"":554}]",P03372,True,True,False,1,False,False,0.418487,0.988095
5AAV_1,5AAV,1,UniProt,P03372,"[{""entity_beg_seq_id"":5,""ref_beg_seq_id"":307,""length"":248,""entity_end_seq_id"":252,""ref_end_seq_id"":554}]",P03372,True,True,False,1,False,False,0.416807,0.984127
5AAU_1,5AAU,1,UniProt,P03372,"[{""entity_beg_seq_id"":5,""ref_beg_seq_id"":307,""length"":248,""entity_end_seq_id"":252,""ref_end_seq_id"":554}]",P03372,True,True,False,1,False,False,0.416807,0.984127
5A86_1,5A86,1,UniProt,O75469,"[{""entity_beg_seq_id"":12,""ref_beg_seq_id"":130,""length"":303,""entity_end_seq_id"":314,""ref_end_seq_id"":432}]",O75469,True,True,False,1,False,False,0.698157,0.964968
4ZSH_1,4ZSH,1,UniProt,P19793,"[{""entity_beg_seq_id"":1,""ref_beg_seq_id"":223,""length"":240,""entity_end_seq_id"":240,""ref_end_seq_id"":462}]",P19793,True,True,False,1,False,False,0.519481,1.0
4ZOM_1,4ZOM,1,UniProt,P51449,"[{""entity_beg_seq_id"":3,""ref_beg_seq_id"":265,""length"":223,""entity_end_seq_id"":225,""ref_end_seq_id"":487}]",P51449,True,True,False,1,False,False,0.430502,0.991111
4ZO1_3,4ZO1,3,UniProt,P19793,"[{""entity_beg_seq_id"":1,""ref_beg_seq_id"":231,""length"":225,""entity_end_seq_id"":225,""ref_end_seq_id"":455}]",P19793,True,True,False,1,False,False,0.487013,1.0
4ZO1_1,4ZO1,1,UniProt,P10828,"[{""entity_beg_seq_id"":1,""ref_beg_seq_id"":210,""length"":252,""entity_end_seq_id"":252,""ref_end_seq_id"":461}]",P10828,True,True,False,1,False,False,0.546638,1.0
4ZNW_1,4ZNW,1,UniProt,P03372,"[{""entity_beg_seq_id"":1,""ref_beg_seq_id"":301,""length"":259,""entity_end_seq_id"":259,""ref_end_seq_id"":559}]",P03372,True,True,False,1,False,False,0.435294,1.0
4ZNV_1,4ZNV,1,UniProt,P03372,"[{""entity_beg_seq_id"":1,""ref_beg_seq_id"":301,""length"":259,""entity_end_seq_id"":259,""ref_end_seq_id"":559}]",P03372,True,True,False,1,False,False,0.435294,1.0
4ZNU_1,4ZNU,1,UniProt,P03372,"[{""entity_beg_seq_id"":1,""ref_beg_seq_id"":301,""length"":259,""entity_end_seq_id"":259,""ref_end_seq_id"":559}]",P03372,True,True,False,1,False,False,0.435294,1.0
4ZNT_1,4ZNT,1,UniProt,P03372,"[{""entity_beg_seq_id"":1,""ref_beg_seq_id"":301,""length"":259,""entity_end_seq_id"":259,""ref_end_seq_id"":559}]",P03372,True,True,False,1,False,False,0.435294,1.0
4ZNS_1,4ZNS,1,UniProt,P03372,"[{""entity_beg_seq_id"":1,""ref_beg_seq_id"":301,""length"":259,""entity_end_seq_id"":259,""ref_end_seq_id"":559}]",P03372,True,True,False,1,False,False,0.435294,1.0
4ZNH_1,4ZNH,1,UniProt,P03372,"[{""entity_beg_seq_id"":1,""ref_beg_seq_id"":301,""length"":259,""entity_end_seq_id"":259,""ref_end_seq_id"":559}]",P03372,True,True,False,1,False,False,0.435294,1.0
4ZN9_1,4ZN9,1,UniProt,P03372,"[{""entity_beg_seq_id"":1,""ref_beg_seq_id"":301,""length"":259,""entity_end_seq_id"":259,""ref_end_seq_id"":559}]",P03372,True,True,False,1,False,False,0.435294,1.0
4ZN7_1,4ZN7,1,UniProt,P03372,"[{""entity_beg_seq_id"":1,""ref_beg_seq_id"":301,""length"":259,""entity_end_seq_id"":259,""ref_end_seq_id"":559}]",P03372,True,True,False,1,False,False,0.435294,1.0
4ZJW_1,4ZJW,1,UniProt,P51449,"[{""entity_beg_seq_id"":3,""ref_beg_seq_id"":265,""length"":223,""entity_end_seq_id"":225,""ref_end_seq_id"":487}]",P51449,True,True,False,1,False,False,0.430502,0.991111
4ZJR_1,4ZJR,1,UniProt,P51449,"[{""entity_beg_seq_id"":3,""ref_beg_seq_id"":265,""length"":223,""entity_end_seq_id"":225,""ref_end_seq_id"":487}]",P51449,True,True,False,1,False,False,0.430502,0.991111
4ZI1_1,4ZI1,1,UniProt,Q92731,"[{""entity_beg_seq_id"":2,""ref_beg_seq_id"":262,""length"":248,""entity_end_seq_id"":249,""ref_end_seq_id"":509}]",Q92731,True,True,False,1,False,False,0.467925,0.995984
4YT1_1,4YT1,1,UniProt,P37231,"[{""entity_beg_seq_id"":5,""ref_beg_seq_id"":223,""length"":282,""entity_end_seq_id"":286,""ref_end_seq_id"":504}]",P37231,True,True,False,1,False,False,0.558416,0.986014
4YPQ_1,4YPQ,1,UniProt,P51449,"[{""entity_beg_seq_id"":1,""ref_beg_seq_id"":265,""length"":243,""entity_end_seq_id"":243,""ref_end_seq_id"":507}]",P51449,True,True,False,1,False,False,0.469112,1.0
4YMQ_1,4YMQ,1,UniProt,P51449,"[{""entity_beg_seq_id"":17,""ref_beg_seq_id"":260,""length"":248,""entity_end_seq_id"":264,""ref_end_seq_id"":507}]",P51449,True,True,False,1,False,False,0.478764,0.885714
4Y29_1,4Y29,1,UniProt,P37231,"[{""entity_beg_seq_id"":1,""ref_beg_seq_id"":236,""length"":269,""entity_end_seq_id"":269,""ref_end_seq_id"":504}]",P37231,True,True,False,1,False,False,0.532673,1.0
4XUM_1,4XUM,1,UniProt,P37231,"[{""entity_beg_seq_id"":5,""ref_beg_seq_id"":232,""length"":274,""entity_end_seq_id"":278,""ref_end_seq_id"":505}]",P37231,True,True,False,1,False,False,0.542574,0.985612
4XUH_1,4XUH,1,UniProt,P37231,"[{""entity_beg_seq_id"":5,""ref_beg_seq_id"":232,""length"":274,""entity_end_seq_id"":278,""ref_end_seq_id"":505}]",P37231,True,True,False,1,False,False,0.542574,0.985612
4XTA_1,4XTA,1,UniProt,P37231,"[{""entity_beg_seq_id"":5,""ref_beg_seq_id"":232,""length"":274,""entity_end_seq_id"":278,""ref_end_seq_id"":505}]",P37231,True,True,False,1,False,False,0.542574,0.985612
4XT9_1,4XT9,1,UniProt,P51449,"[{""entity_beg_seq_id"":1,""ref_beg_seq_id"":265,""length"":243,""entity_end_seq_id"":243,""ref_end_seq_id"":507}]",P51449,True,True,False,1,False,False,0.469112,1.0
4XLD_1,4XLD,1,UniProt,P37231,"[{""entity_beg_seq_id"":22,""ref_beg_seq_id"":231,""length"":275,""entity_end_seq_id"":296,""ref_end_seq_id"":505}]",P37231,True,True,False,1,False,False,0.544554,0.929054
4XI3_1,4XI3,1,UniProt,P03372,"[{""entity_beg_seq_id"":1,""ref_beg_seq_id"":306,""length"":243,""entity_end_seq_id"":243,""ref_end_seq_id"":548}]",P03372,True,True,False,1,False,False,0.408403,1.0
4XHD_1,4XHD,1,UniProt,O75469,"[{""entity_beg_seq_id"":11,""ref_beg_seq_id"":130,""length"":305,""entity_end_seq_id"":315,""ref_end_seq_id"":434}]",O75469,True,True,False,1,False,False,0.702765,0.968254
4XAO_1,4XAO,1,UniProt,O75469,"[{""entity_beg_seq_id"":12,""ref_beg_seq_id"":130,""length"":305,""entity_end_seq_id"":316,""ref_end_seq_id"":434}]",O75469,True,True,False,1,False,False,0.702765,0.96519
4XAJ_1,4XAJ,1,UniProt,P0AEY0,"[{""entity_beg_seq_id"":1,""ref_beg_seq_id"":25,""length"":368,""entity_end_seq_id"":368,""ref_end_seq_id"":392}]",Q9Y466,False,False,False,1,False,False,,0.638889
4XAJ_1,4XAJ,1,UniProt,Q9Y466,"[{""entity_beg_seq_id"":375,""ref_beg_seq_id"":182,""length"":202,""entity_end_seq_id"":576,""ref_end_seq_id"":383}]",Q9Y466,True,True,False,1,False,False,0.524675,0.350694
4X1G_1,4X1G,1,UniProt,O75469,"[{""entity_beg_seq_id"":12,""ref_beg_seq_id"":130,""length"":305,""entity_end_seq_id"":316,""ref_end_seq_id"":434}]",O75469,True,True,False,1,False,False,0.702765,0.96519
4X1F_1,4X1F,1,UniProt,O75469,"[{""entity_beg_seq_id"":12,""ref_beg_seq_id"":130,""length"":305,""entity_end_seq_id"":316,""ref_end_seq_id"":434}]",O75469,True,True,False,1,False,False,0.702765,0.96519
4WVD_2,4WVD,2,UniProt,Q96RI1,"[{""entity_beg_seq_id"":1,""ref_beg_seq_id"":258,""length"":211,""entity_end_seq_id"":211,""ref_end_seq_id"":468}]",Q96RI1,True,True,False,1,False,False,0.434156,1.0
4WQP_2,4WQP,2,UniProt,P51449,"[{""entity_beg_seq_id"":1,""ref_beg_seq_id"":480,""length"":13,""entity_end_seq_id"":13,""ref_end_seq_id"":492}]",P51449,True,True,False,1,False,False,0.025097,1.0
4WQP_1,4WQP,1,UniProt,P51449,"[{""entity_beg_seq_id"":17,""ref_beg_seq_id"":262,""length"":246,""entity_end_seq_id"":262,""ref_end_seq_id"":507}]",P51449,True,True,False,1,False,False,0.474903,0.928302
4WPF_1,4WPF,1,UniProt,P51449,"[{""entity_beg_seq_id"":17,""ref_beg_seq_id"":262,""length"":248,""entity_end_seq_id"":264,""ref_end_seq_id"":509}]",P51449,True,True,False,1,False,False,0.478764,0.939394
4WLB_1,4WLB,1,UniProt,P51449,"[{""entity_beg_seq_id"":17,""ref_beg_seq_id"":262,""length"":246,""entity_end_seq_id"":262,""ref_end_seq_id"":507}]",P51449,True,True,False,1,False,False,0.474903,0.928302
4WHG_1,4WHG,1,UniProt,P22736,"[{""entity_beg_seq_id"":2,""ref_beg_seq_id"":351,""length"":248,""entity_end_seq_id"":249,""ref_end_seq_id"":598}]",P22736,True,True,False,1,False,False,0.414716,0.964981
4WHF_1,4WHF,1,UniProt,P22736,"[{""entity_beg_seq_id"":2,""ref_beg_seq_id"":351,""length"":248,""entity_end_seq_id"":249,""ref_end_seq_id"":598}]",P22736,True,True,False,1,False,False,0.414716,0.964981
4UDD_1,4UDD,1,UniProt,P04150,"[{""entity_beg_seq_id"":3,""ref_beg_seq_id"":500,""length"":278,""entity_end_seq_id"":280,""ref_end_seq_id"":777}]",P04150,True,True,False,1,False,False,0.357786,0.992857
4UDC_1,4UDC,1,UniProt,P04150,"[{""entity_beg_seq_id"":3,""ref_beg_seq_id"":500,""length"":278,""entity_end_seq_id"":280,""ref_end_seq_id"":777}]",P04150,True,True,False,1,False,False,0.357786,0.992857
4UDB_1,4UDB,1,UniProt,P08235,"[{""entity_beg_seq_id"":23,""ref_beg_seq_id"":735,""length"":250,""entity_end_seq_id"":272,""ref_end_seq_id"":984}]",P08235,True,True,False,1,False,False,0.254065,0.919118
4UDA_1,4UDA,1,UniProt,P08235,"[{""entity_beg_seq_id"":2,""ref_beg_seq_id"":735,""length"":250,""entity_end_seq_id"":251,""ref_end_seq_id"":984}]",P08235,True,True,False,1,False,False,0.254065,0.996016
4TV1_2,4TV1,2,UniProt,P03372,"[{""entity_beg_seq_id"":1,""ref_beg_seq_id"":302,""length"":251,""entity_end_seq_id"":251,""ref_end_seq_id"":552}]",P03372,True,True,False,1,False,False,0.421849,1.0
4TV1_1,4TV1,1,UniProt,P03372,"[{""entity_beg_seq_id"":1,""ref_beg_seq_id"":302,""length"":251,""entity_end_seq_id"":251,""ref_end_seq_id"":552}]",P03372,True,True,False,1,False,False,0.421849,1.0
4TUZ_2,4TUZ,2,UniProt,P03372,"[{""entity_beg_seq_id"":5,""ref_beg_seq_id"":302,""length"":251,""entity_end_seq_id"":255,""ref_end_seq_id"":552}]",P03372,True,True,False,1,False,False,0.421849,0.984314
4TUZ_1,4TUZ,1,UniProt,P03372,"[{""entity_beg_seq_id"":5,""ref_beg_seq_id"":302,""length"":251,""entity_end_seq_id"":255,""ref_end_seq_id"":552}]",P03372,True,True,False,1,False,False,0.421849,0.984314
4TNT_1,4TNT,1,UniProt,P08235,"[{""entity_beg_seq_id"":25,""ref_beg_seq_id"":593,""length"":79,""entity_end_seq_id"":103,""ref_end_seq_id"":671}]",P08235,True,True,False,1,False,False,0.080285,0.76699
4S15_1,4S15,1,UniProt,P35398,"[{""entity_beg_seq_id"":2,""ref_beg_seq_id"":269,""length"":255,""entity_end_seq_id"":256,""ref_end_seq_id"":523}]",P35398,True,True,False,1,False,False,0.487572,0.996094
4S14_1,4S14,1,UniProt,P51449,"[{""entity_beg_seq_id"":3,""ref_beg_seq_id"":262,""length"":257,""entity_end_seq_id"":259,""ref_end_seq_id"":518}]",P51449,True,True,False,1,False,False,0.496139,0.992278
4S0T_1,4S0T,1,UniProt,O75469,"[{""entity_beg_seq_id"":11,""ref_beg_seq_id"":130,""length"":305,""entity_end_seq_id"":315,""ref_end_seq_id"":434}]",O75469,True,True,False,1,False,False,0.702765,0.968254
4S0S_1,4S0S,1,UniProt,O75469,"[{""entity_beg_seq_id"":11,""ref_beg_seq_id"":130,""length"":305,""entity_end_seq_id"":315,""ref_end_seq_id"":434}]",O75469,True,True,False,1,False,False,0.702765,0.968254
4RZG_1,4RZG,1,UniProt,P22736,"[{""entity_beg_seq_id"":1,""ref_beg_seq_id"":351,""length"":248,""entity_end_seq_id"":248,""ref_end_seq_id"":598}]",P22736,True,True,False,1,False,False,0.414716,0.96875
4RZF_1,4RZF,1,UniProt,P22736,"[{""entity_beg_seq_id"":1,""ref_beg_seq_id"":351,""length"":248,""entity_end_seq_id"":248,""ref_end_seq_id"":598}]",P22736,True,True,False,1,False,False,0.414716,0.96875
4RZE_1,4RZE,1,UniProt,P22736,"[{""entity_beg_seq_id"":1,""ref_beg_seq_id"":351,""length"":248,""entity_end_seq_id"":248,""ref_end_seq_id"":598}]",P22736,True,True,False,1,False,False,0.414716,0.96875
4RWV_2,4RWV,2,UniProt,P51843,"[{""entity_beg_seq_id"":1,""ref_beg_seq_id"":140,""length"":15,""entity_end_seq_id"":15,""ref_end_seq_id"":154}]",P51843,True,True,False,1,False,False,0.031915,1.0
4RWV_1,4RWV,1,UniProt,O00482,"[{""entity_beg_seq_id"":2,""ref_beg_seq_id"":294,""length"":248,""entity_end_seq_id"":249,""ref_end_seq_id"":541}]",O00482,True,True,False,1,False,False,0.45841,0.995984
4RME_1,4RME,1,UniProt,P19793,"[{""entity_beg_seq_id"":1,""ref_beg_seq_id"":228,""length"":235,""entity_end_seq_id"":235,""ref_end_seq_id"":462}]",P19793,True,True,False,1,False,False,0.508658,1.0
4RMD_1,4RMD,1,UniProt,P19793,"[{""entity_beg_seq_id"":1,""ref_beg_seq_id"":228,""length"":235,""entity_end_seq_id"":235,""ref_end_seq_id"":462}]",P19793,True,True,False,1,False,False,0.508658,1.0
4RMC_1,4RMC,1,UniProt,P19793,"[{""entity_beg_seq_id"":1,""ref_beg_seq_id"":228,""length"":231,""entity_end_seq_id"":231,""ref_end_seq_id"":458}]",P19793,True,True,False,1,False,False,0.5,1.0
4RFW_1,4RFW,1,UniProt,P19793,"[{""entity_beg_seq_id"":1,""ref_beg_seq_id"":228,""length"":231,""entity_end_seq_id"":231,""ref_end_seq_id"":458}]",P19793,True,True,False,1,False,False,0.5,1.0
4REF_1,4REF,1,UniProt,P22736,"[{""entity_beg_seq_id"":1,""ref_beg_seq_id"":351,""length"":248,""entity_end_seq_id"":248,""ref_end_seq_id"":598}]",P22736,True,True,False,1,False,False,0.414716,0.96875
4REE_1,4REE,1,UniProt,P22736,"[{""entity_beg_seq_id"":1,""ref_beg_seq_id"":351,""length"":248,""entity_end_seq_id"":248,""ref_end_seq_id"":598}]",P22736,True,True,False,1,False,False,0.414716,0.96875
4RE8_1,4RE8,1,UniProt,P22736,"[{""entity_beg_seq_id"":1,""ref_beg_seq_id"":351,""length"":248,""entity_end_seq_id"":248,""ref_end_seq_id"":598}]",P22736,True,True,False,1,False,False,0.414716,0.96875
4RAK_1,4RAK,1,UniProt,P55055,"[{""entity_beg_seq_id"":17,""ref_beg_seq_id"":213,""length"":248,""entity_end_seq_id"":264,""ref_end_seq_id"":460}]",P55055,True,True,False,1,False,False,0.53913,0.939394
4R6S_1,4R6S,1,UniProt,P37231,"[{""entity_beg_seq_id"":1,""ref_beg_seq_id"":231,""length"":275,""entity_end_seq_id"":275,""ref_end_seq_id"":505}]",P37231,True,True,False,1,False,False,0.544554,1.0
4R2U_1,4R2U,1,UniProt,P37231,"[{""entity_beg_seq_id"":1,""ref_beg_seq_id"":231,""length"":275,""entity_end_seq_id"":275,""ref_end_seq_id"":505}]",P37231,True,True,False,1,False,False,0.544554,1.0
4R06_1,4R06,1,UniProt,P37231,"[{""entity_beg_seq_id"":1,""ref_beg_seq_id"":233,""length"":273,""entity_end_seq_id"":273,""ref_end_seq_id"":505}]",P37231,True,True,False,1,False,False,0.540594,1.0
4QM0_1,4QM0,1,UniProt,P51449,"[{""entity_beg_seq_id"":3,""ref_beg_seq_id"":262,""length"":246,""entity_end_seq_id"":248,""ref_end_seq_id"":507}]",P51449,True,True,False,1,False,False,0.474903,0.98008
4QL8_1,4QL8,1,UniProt,P10275,"[{""entity_beg_seq_id"":2,""ref_beg_seq_id"":663,""length"":258,""entity_end_seq_id"":259,""ref_end_seq_id"":920}]",P10275,True,True,False,1,False,False,0.280435,0.996139
4QK4_1,4QK4,1,UniProt,Q13285,"[{""entity_beg_seq_id"":2,""ref_beg_seq_id"":218,""length"":244,""entity_end_seq_id"":245,""ref_end_seq_id"":461}]",Q13285,True,True,False,1,False,False,0.529284,0.995918
4QJR_1,4QJR,1,UniProt,Q13285,"[{""entity_beg_seq_id"":2,""ref_beg_seq_id"":218,""length"":244,""entity_end_seq_id"":245,""ref_end_seq_id"":461}]",Q13285,True,True,False,1,False,False,0.529284,0.995918
4QE8_1,4QE8,1,UniProt,Q96RI1,"[{""entity_beg_seq_id"":5,""ref_beg_seq_id"":258,""length"":229,""entity_end_seq_id"":233,""ref_end_seq_id"":486}]",Q96RI1,True,True,False,1,False,False,0.471193,0.982833
4Q50_1,4Q50,1,UniProt,P03372,"[{""entity_beg_seq_id"":5,""ref_beg_seq_id"":299,""length"":256,""entity_end_seq_id"":260,""ref_end_seq_id"":554}]",P03372,True,True,False,1,False,False,0.430252,0.984615
4Q13_1,4Q13,1,UniProt,P03372,"[{""entity_beg_seq_id"":6,""ref_beg_seq_id"":299,""length"":256,""entity_end_seq_id"":261,""ref_end_seq_id"":554}]",P03372,True,True,False,1,False,False,0.430252,0.980843
4PXM_1,4PXM,1,UniProt,P03372,"[{""entity_beg_seq_id"":16,""ref_beg_seq_id"":299,""length"":256,""entity_end_seq_id"":271,""ref_end_seq_id"":554}]",P03372,True,True,False,1,False,False,0.430252,0.944649
4PWL_1,4PWL,1,UniProt,P37231,"[{""entity_beg_seq_id"":5,""ref_beg_seq_id"":223,""length"":283,""entity_end_seq_id"":287,""ref_end_seq_id"":505}]",P37231,True,True,False,1,False,False,0.560396,0.986063
4PVU_1,4PVU,1,UniProt,P37231,"[{""entity_beg_seq_id"":5,""ref_beg_seq_id"":223,""length"":283,""entity_end_seq_id"":287,""ref_end_seq_id"":505}]",P37231,True,True,False,1,False,False,0.560396,0.986063
4PRG_1,4PRG,1,UniProt,P37231,"[{""entity_beg_seq_id"":1,""ref_beg_seq_id"":235,""length"":270,""entity_end_seq_id"":270,""ref_end_seq_id"":504}]",P37231,True,True,False,1,False,False,0.534653,1.0
4PPS_1,4PPS,1,UniProt,P03372,"[{""entity_beg_seq_id"":1,""ref_beg_seq_id"":305,""length"":244,""entity_end_seq_id"":244,""ref_end_seq_id"":548}]",P03372,True,True,False,1,False,False,0.410084,1.0
5Q14_1,5Q14,1,UniProt,Q96RI1,"[{""entity_beg_seq_id"":5,""ref_beg_seq_id"":258,""length"":229,""entity_end_seq_id"":233,""ref_end_seq_id"":486}]",Q96RI1,True,True,False,1,False,False,0.471193,0.982833
5Q13_1,5Q13,1,UniProt,Q96RI1,"[{""entity_beg_seq_id"":5,""ref_beg_seq_id"":258,""length"":229,""entity_end_seq_id"":233,""ref_end_seq_id"":486}]",Q96RI1,True,True,False,1,False,False,0.471193,0.982833
5Q12_1,5Q12,1,UniProt,Q96RI1,"[{""entity_beg_seq_id"":5,""ref_beg_seq_id"":258,""length"":229,""entity_end_seq_id"":233,""ref_end_seq_id"":486}]",Q96RI1,True,True,False,1,False,False,0.471193,0.982833
5Q11_1,5Q11,1,UniProt,Q96RI1,"[{""entity_beg_seq_id"":5,""ref_beg_seq_id"":258,""length"":229,""entity_end_seq_id"":233,""ref_end_seq_id"":486}]",Q96RI1,True,True,False,1,False,False,0.471193,0.982833
5Q10_1,5Q10,1,UniProt,Q96RI1,"[{""entity_beg_seq_id"":5,""ref_beg_seq_id"":258,""length"":229,""entity_end_seq_id"":233,""ref_end_seq_id"":486}]",Q96RI1,True,True,False,1,False,False,0.471193,0.982833
5Q0Z_1,5Q0Z,1,UniProt,Q96RI1,"[{""entity_beg_seq_id"":5,""ref_beg_seq_id"":258,""length"":229,""entity_end_seq_id"":233,""ref_end_seq_id"":486}]",Q96RI1,True,True,False,1,False,False,0.471193,0.982833
5Q0Y_1,5Q0Y,1,UniProt,Q96RI1,"[{""entity_beg_seq_id"":5,""ref_beg_seq_id"":258,""length"":229,""entity_end_seq_id"":233,""ref_end_seq_id"":486}]",Q96RI1,True,True,False,1,False,False,0.471193,0.982833
5Q0X_1,5Q0X,1,UniProt,Q96RI1,"[{""entity_beg_seq_id"":5,""ref_beg_seq_id"":258,""length"":229,""entity_end_seq_id"":233,""ref_end_seq_id"":486}]",Q96RI1,True,True,False,1,False,False,0.471193,0.982833
5Q0W_1,5Q0W,1,UniProt,Q96RI1,"[{""entity_beg_seq_id"":5,""ref_beg_seq_id"":258,""length"":229,""entity_end_seq_id"":233,""ref_end_seq_id"":486}]",Q96RI1,True,True,False,1,False,False,0.471193,0.982833
5Q0V_1,5Q0V,1,UniProt,Q96RI1,"[{""entity_beg_seq_id"":5,""ref_beg_seq_id"":258,""length"":229,""entity_end_seq_id"":233,""ref_end_seq_id"":486}]",Q96RI1,True,True,False,1,False,False,0.471193,0.982833
5Q0U_1,5Q0U,1,UniProt,Q96RI1,"[{""entity_beg_seq_id"":5,""ref_beg_seq_id"":258,""length"":229,""entity_end_seq_id"":233,""ref_end_seq_id"":486}]",Q96RI1,True,True,False,1,False,False,0.471193,0.982833
5Q0T_1,5Q0T,1,UniProt,Q96RI1,"[{""entity_beg_seq_id"":5,""ref_beg_seq_id"":258,""length"":229,""entity_end_seq_id"":233,""ref_end_seq_id"":486}]",Q96RI1,True,True,False,1,False,False,0.471193,0.982833
5Q0S_1,5Q0S,1,UniProt,Q96RI1,"[{""entity_beg_seq_id"":5,""ref_beg_seq_id"":258,""length"":229,""entity_end_seq_id"":233,""ref_end_seq_id"":486}]",Q96RI1,True,True,False,1,False,False,0.471193,0.982833
5Q0R_1,5Q0R,1,UniProt,Q96RI1,"[{""entity_beg_seq_id"":5,""ref_beg_seq_id"":258,""length"":229,""entity_end_seq_id"":233,""ref_end_seq_id"":486}]",Q96RI1,True,True,False,1,False,False,0.471193,0.982833
5Q0Q_1,5Q0Q,1,UniProt,Q96RI1,"[{""entity_beg_seq_id"":5,""ref_beg_seq_id"":258,""length"":229,""entity_end_seq_id"":233,""ref_end_seq_id"":486}]",Q96RI1,True,True,False,1,False,False,0.471193,0.982833
5Q0P_1,5Q0P,1,UniProt,Q96RI1,"[{""entity_beg_seq_id"":5,""ref_beg_seq_id"":258,""length"":229,""entity_end_seq_id"":233,""ref_end_seq_id"":486}]",Q96RI1,True,True,False,1,False,False,0.471193,0.982833
5Q0O_1,5Q0O,1,UniProt,Q96RI1,"[{""entity_beg_seq_id"":5,""ref_beg_seq_id"":258,""length"":229,""entity_end_seq_id"":233,""ref_end_seq_id"":486}]",Q96RI1,True,True,False,1,False,False,0.471193,0.982833
5Q0N_1,5Q0N,1,UniProt,Q96RI1,"[{""entity_beg_seq_id"":5,""ref_beg_seq_id"":258,""length"":229,""entity_end_seq_id"":233,""ref_end_seq_id"":486}]",Q96RI1,True,True,False,1,False,False,0.471193,0.982833
5Q0M_1,5Q0M,1,UniProt,Q96RI1,"[{""entity_beg_seq_id"":5,""ref_beg_seq_id"":258,""length"":229,""entity_end_seq_id"":233,""ref_end_seq_id"":486}]",Q96RI1,True,True,False,1,False,False,0.471193,0.982833
5Q0L_1,5Q0L,1,UniProt,Q96RI1,"[{""entity_beg_seq_id"":5,""ref_beg_seq_id"":258,""length"":229,""entity_end_seq_id"":233,""ref_end_seq_id"":486}]",Q96RI1,True,True,False,1,False,False,0.471193,0.982833
5Q0K_1,5Q0K,1,UniProt,Q96RI1,"[{""entity_beg_seq_id"":5,""ref_beg_seq_id"":258,""length"":229,""entity_end_seq_id"":233,""ref_end_seq_id"":486}]",Q96RI1,True,True,False,1,False,False,0.471193,0.982833
5Q0J_1,5Q0J,1,UniProt,Q96RI1,"[{""entity_beg_seq_id"":5,""ref_beg_seq_id"":258,""length"":229,""entity_end_seq_id"":233,""ref_end_seq_id"":486}]",Q96RI1,True,True,False,1,False,False,0.471193,0.982833
5Q0I_1,5Q0I,1,UniProt,Q96RI1,"[{""entity_beg_seq_id"":5,""ref_beg_seq_id"":258,""length"":229,""entity_end_seq_id"":233,""ref_end_seq_id"":486}]",Q96RI1,True,True,False,1,False,False,0.471193,0.982833
5NU1_1,5NU1,1,UniProt,P51449,"[{""entity_beg_seq_id"":2,""ref_beg_seq_id"":263,""length"":256,""entity_end_seq_id"":257,""ref_end_seq_id"":518}]",P51449,True,True,False,1,False,False,0.494208,0.996109
5NTW_1,5NTW,1,UniProt,P51449,"[{""entity_beg_seq_id"":2,""ref_beg_seq_id"":263,""length"":256,""entity_end_seq_id"":257,""ref_end_seq_id"":518}]",P51449,True,True,False,1,False,False,0.494208,0.996109
5NTQ_1,5NTQ,1,UniProt,P51449,"[{""entity_beg_seq_id"":2,""ref_beg_seq_id"":263,""length"":237,""entity_end_seq_id"":238,""ref_end_seq_id"":499}]",P51449,True,True,False,1,False,False,0.457529,0.995798
5NTP_1,5NTP,1,UniProt,P51449,"[{""entity_beg_seq_id"":2,""ref_beg_seq_id"":263,""length"":237,""entity_end_seq_id"":238,""ref_end_seq_id"":499}]",P51449,True,True,False,1,False,False,0.457529,0.995798
5NTN_1,5NTN,1,UniProt,P51449,"[{""entity_beg_seq_id"":2,""ref_beg_seq_id"":263,""length"":256,""entity_end_seq_id"":257,""ref_end_seq_id"":518}]",P51449,True,True,False,1,False,False,0.494208,0.996109
5NTK_1,5NTK,1,UniProt,P51449,"[{""entity_beg_seq_id"":2,""ref_beg_seq_id"":263,""length"":229,""entity_end_seq_id"":230,""ref_end_seq_id"":491}]",P51449,True,True,False,1,False,False,0.442085,0.995652
5NTI_1,5NTI,1,UniProt,P51449,"[{""entity_beg_seq_id"":2,""ref_beg_seq_id"":263,""length"":256,""entity_end_seq_id"":257,""ref_end_seq_id"":518}]",P51449,True,True,False,1,False,False,0.494208,0.996109
5NIB_1,5NIB,1,UniProt,P51449,"[{""entity_beg_seq_id"":23,""ref_beg_seq_id"":265,""length"":243,""entity_end_seq_id"":265,""ref_end_seq_id"":507}]",P51449,True,True,False,1,False,False,0.469112,0.84375
5NI8_1,5NI8,1,UniProt,P51449,"[{""entity_beg_seq_id"":23,""ref_beg_seq_id"":265,""length"":243,""entity_end_seq_id"":265,""ref_end_seq_id"":507}]",P51449,True,True,False,1,False,False,0.469112,0.84375
5NI7_1,5NI7,1,UniProt,P51449,"[{""entity_beg_seq_id"":23,""ref_beg_seq_id"":265,""length"":243,""entity_end_seq_id"":265,""ref_end_seq_id"":507}]",P51449,True,True,False,1,False,False,0.469112,0.84375
5NI5_1,5NI5,1,UniProt,P51449,"[{""entity_beg_seq_id"":23,""ref_beg_seq_id"":265,""length"":243,""entity_end_seq_id"":265,""ref_end_seq_id"":507}]",P51449,True,True,False,1,False,False,0.469112,0.84375
5NFT_1,5NFT,1,UniProt,P04150,"[{""entity_beg_seq_id"":3,""ref_beg_seq_id"":500,""length"":278,""entity_end_seq_id"":280,""ref_end_seq_id"":777}]",P04150,True,True,False,1,False,False,0.357786,0.992857
5NFP_1,5NFP,1,UniProt,P04150,"[{""entity_beg_seq_id"":3,""ref_beg_seq_id"":500,""length"":278,""entity_end_seq_id"":280,""ref_end_seq_id"":777}]",P04150,True,True,False,1,False,False,0.357786,0.992857
5N10_1,5N10,1,UniProt,P03372,"[{""entity_beg_seq_id"":4,""ref_beg_seq_id"":584,""length"":12,""entity_end_seq_id"":15,""ref_end_seq_id"":595}]",P03372,True,True,False,1,False,False,0.020168,0.8
5MWY_1,5MWY,1,UniProt,P08235,"[{""entity_beg_seq_id"":23,""ref_beg_seq_id"":735,""length"":250,""entity_end_seq_id"":272,""ref_end_seq_id"":984}]",P08235,True,True,False,1,False,False,0.254065,0.819672
5MWP_1,5MWP,1,UniProt,P08235,"[{""entity_beg_seq_id"":23,""ref_beg_seq_id"":735,""length"":250,""entity_end_seq_id"":272,""ref_end_seq_id"":984}]",P08235,True,True,False,1,False,False,0.254065,0.819672
5MMW_1,5MMW,1,UniProt,P19793,"[{""entity_beg_seq_id"":1,""ref_beg_seq_id"":229,""length"":229,""entity_end_seq_id"":229,""ref_end_seq_id"":457}]",P19793,True,True,False,1,False,False,0.495671,1.0
5MKU_1,5MKU,1,UniProt,P19793,"[{""entity_beg_seq_id"":1,""ref_beg_seq_id"":229,""length"":228,""entity_end_seq_id"":228,""ref_end_seq_id"":456}]",P19793,True,True,False,1,False,False,0.493506,1.0
5MKJ_1,5MKJ,1,UniProt,P19793,"[{""entity_beg_seq_id"":1,""ref_beg_seq_id"":229,""length"":230,""entity_end_seq_id"":230,""ref_end_seq_id"":458}]",P19793,True,True,False,1,False,False,0.497835,1.0
5MK4_1,5MK4,1,UniProt,P19793,"[{""entity_beg_seq_id"":1,""ref_beg_seq_id"":229,""length"":229,""entity_end_seq_id"":229,""ref_end_seq_id"":457}]",P19793,True,True,False,1,False,False,0.495671,1.0
5MJ5_1,5MJ5,1,UniProt,P19793,"[{""entity_beg_seq_id"":1,""ref_beg_seq_id"":229,""length"":229,""entity_end_seq_id"":229,""ref_end_seq_id"":457}]",P19793,True,True,False,1,False,False,0.495671,1.0
5M96_1,5M96,1,UniProt,P51449,"[{""entity_beg_seq_id"":2,""ref_beg_seq_id"":263,""length"":229,""entity_end_seq_id"":230,""ref_end_seq_id"":491}]",P51449,True,True,False,1,False,False,0.442085,0.995652
5M24_1,5M24,1,UniProt,P13631,"[{""entity_beg_seq_id"":5,""ref_beg_seq_id"":178,""length"":246,""entity_end_seq_id"":250,""ref_end_seq_id"":423}]",P13631,True,True,False,1,False,False,0.54185,0.984
5LYQ_1,5LYQ,1,UniProt,P19793,"[{""entity_beg_seq_id"":1,""ref_beg_seq_id"":223,""length"":240,""entity_end_seq_id"":240,""ref_end_seq_id"":462}]",P19793,True,True,False,1,False,False,0.519481,1.0
5LWP_1,5LWP,1,UniProt,P51449,"[{""entity_beg_seq_id"":3,""ref_beg_seq_id"":265,""length"":242,""entity_end_seq_id"":244,""ref_end_seq_id"":506}]",P51449,True,True,False,1,False,False,0.467181,0.991803
5LSG_1,5LSG,1,UniProt,P37231,"[{""entity_beg_seq_id"":22,""ref_beg_seq_id"":223,""length"":283,""entity_end_seq_id"":304,""ref_end_seq_id"":505}]",P37231,True,True,False,1,False,False,0.560396,0.930921
5L7H_1,5L7H,1,UniProt,P08235,"[{""entity_beg_seq_id"":23,""ref_beg_seq_id"":735,""length"":250,""entity_end_seq_id"":272,""ref_end_seq_id"":984}]",P08235,True,True,False,1,False,False,0.254065,0.819672
5L7G_1,5L7G,1,UniProt,P08235,"[{""entity_beg_seq_id"":23,""ref_beg_seq_id"":735,""length"":250,""entity_end_seq_id"":272,""ref_end_seq_id"":984}]",P08235,True,True,False,1,False,False,0.254065,0.819672
5L7E_1,5L7E,1,UniProt,P08235,"[{""entity_beg_seq_id"":23,""ref_beg_seq_id"":735,""length"":250,""entity_end_seq_id"":272,""ref_end_seq_id"":984}]",P08235,True,True,False,1,False,False,0.254065,0.819672
5L11_1,5L11,1,UniProt,O00482,"[{""entity_beg_seq_id"":3,""ref_beg_seq_id"":299,""length"":243,""entity_end_seq_id"":245,""ref_end_seq_id"":541}]",O00482,True,True,False,1,False,False,0.449168,0.991837
5L0M_1,5L0M,1,UniProt,O00482,"[{""entity_beg_seq_id"":4,""ref_beg_seq_id"":79,""length"":109,""entity_end_seq_id"":112,""ref_end_seq_id"":187}]",O00482,True,True,False,1,False,False,0.201479,0.973214
5KYJ_2,5KYJ,2,UniProt,P28702,"[{""entity_beg_seq_id"":2,""ref_beg_seq_id"":293,""length"":236,""entity_end_seq_id"":237,""ref_end_seq_id"":528}]",P28702,True,True,False,1,False,False,0.442777,0.921875
5KYJ_1,5KYJ,1,UniProt,P55055,"[{""entity_beg_seq_id"":18,""ref_beg_seq_id"":210,""length"":251,""entity_end_seq_id"":268,""ref_end_seq_id"":460}]",P55055,True,True,False,1,False,False,0.545652,0.874564
5KYA_2,5KYA,2,UniProt,P28702,"[{""entity_beg_seq_id"":2,""ref_beg_seq_id"":293,""length"":236,""entity_end_seq_id"":237,""ref_end_seq_id"":528}]",P28702,True,True,False,1,False,False,0.442777,0.921875
5KYA_1,5KYA,1,UniProt,P55055,"[{""entity_beg_seq_id"":17,""ref_beg_seq_id"":209,""length"":252,""entity_end_seq_id"":268,""ref_end_seq_id"":460}]",P55055,True,True,False,1,False,False,0.547826,0.878049
5KRO_1,5KRO,1,UniProt,P03372,"[{""entity_beg_seq_id"":1,""ref_beg_seq_id"":298,""length"":257,""entity_end_seq_id"":257,""ref_end_seq_id"":554}]",P03372,True,True,False,1,False,False,0.431933,1.0
5KRM_1,5KRM,1,UniProt,P03372,"[{""entity_beg_seq_id"":1,""ref_beg_seq_id"":298,""length"":257,""entity_end_seq_id"":257,""ref_end_seq_id"":554}]",P03372,True,True,False,1,False,False,0.431933,1.0
5KRL_1,5KRL,1,UniProt,P03372,"[{""entity_beg_seq_id"":1,""ref_beg_seq_id"":298,""length"":257,""entity_end_seq_id"":257,""ref_end_seq_id"":554}]",P03372,True,True,False,1,False,False,0.431933,1.0
5KRK_1,5KRK,1,UniProt,P03372,"[{""entity_beg_seq_id"":1,""ref_beg_seq_id"":298,""length"":257,""entity_end_seq_id"":257,""ref_end_seq_id"":554}]",P03372,True,True,False,1,False,False,0.431933,1.0
5KRJ_1,5KRJ,1,UniProt,P03372,"[{""entity_beg_seq_id"":1,""ref_beg_seq_id"":298,""length"":257,""entity_end_seq_id"":257,""ref_end_seq_id"":554}]",P03372,True,True,False,1,False,False,0.431933,1.0
5KRI_1,5KRI,1,UniProt,P03372,"[{""entity_beg_seq_id"":1,""ref_beg_seq_id"":298,""length"":257,""entity_end_seq_id"":257,""ref_end_seq_id"":554}]",P03372,True,True,False,1,False,False,0.431933,1.0
5KRH_1,5KRH,1,UniProt,P03372,"[{""entity_beg_seq_id"":1,""ref_beg_seq_id"":298,""length"":257,""entity_end_seq_id"":257,""ref_end_seq_id"":554}]",P03372,True,True,False,1,False,False,0.431933,1.0
5KRF_1,5KRF,1,UniProt,P03372,"[{""entity_beg_seq_id"":1,""ref_beg_seq_id"":298,""length"":257,""entity_end_seq_id"":257,""ref_end_seq_id"":554}]",P03372,True,True,False,1,False,False,0.431933,1.0
5KRC_1,5KRC,1,UniProt,P03372,"[{""entity_beg_seq_id"":1,""ref_beg_seq_id"":298,""length"":257,""entity_end_seq_id"":257,""ref_end_seq_id"":554}]",P03372,True,True,False,1,False,False,0.431933,1.0
5KRA_1,5KRA,1,UniProt,P03372,"[{""entity_beg_seq_id"":1,""ref_beg_seq_id"":298,""length"":257,""entity_end_seq_id"":257,""ref_end_seq_id"":554}]",P03372,True,True,False,1,False,False,0.431933,1.0
5KR9_1,5KR9,1,UniProt,P03372,"[{""entity_beg_seq_id"":1,""ref_beg_seq_id"":298,""length"":257,""entity_end_seq_id"":257,""ref_end_seq_id"":554}]",P03372,True,True,False,1,False,False,0.431933,1.0
5KD9_1,5KD9,1,UniProt,P03372,"[{""entity_beg_seq_id"":1,""ref_beg_seq_id"":298,""length"":257,""entity_end_seq_id"":257,""ref_end_seq_id"":554}]",P03372,True,True,False,1,False,False,0.431933,1.0
5KCW_1,5KCW,1,UniProt,P03372,"[{""entity_beg_seq_id"":1,""ref_beg_seq_id"":298,""length"":257,""entity_end_seq_id"":257,""ref_end_seq_id"":554}]",P03372,True,True,False,1,False,False,0.431933,1.0
5KCU_1,5KCU,1,UniProt,P03372,"[{""entity_beg_seq_id"":1,""ref_beg_seq_id"":298,""length"":257,""entity_end_seq_id"":257,""ref_end_seq_id"":554}]",P03372,True,True,False,1,False,False,0.431933,1.0
5KCT_1,5KCT,1,UniProt,P03372,"[{""entity_beg_seq_id"":1,""ref_beg_seq_id"":298,""length"":257,""entity_end_seq_id"":257,""ref_end_seq_id"":554}]",P03372,True,True,False,1,False,False,0.431933,1.0
5KCF_1,5KCF,1,UniProt,P03372,"[{""entity_beg_seq_id"":1,""ref_beg_seq_id"":298,""length"":257,""entity_end_seq_id"":257,""ref_end_seq_id"":554}]",P03372,True,True,False,1,False,False,0.431933,1.0
5KCE_1,5KCE,1,UniProt,P03372,"[{""entity_beg_seq_id"":1,""ref_beg_seq_id"":298,""length"":257,""entity_end_seq_id"":257,""ref_end_seq_id"":554}]",P03372,True,True,False,1,False,False,0.431933,1.0
5KCD_1,5KCD,1,UniProt,P03372,"[{""entity_beg_seq_id"":1,""ref_beg_seq_id"":298,""length"":257,""entity_end_seq_id"":257,""ref_end_seq_id"":554}]",P03372,True,True,False,1,False,False,0.431933,1.0
5KCC_1,5KCC,1,UniProt,P03372,"[{""entity_beg_seq_id"":1,""ref_beg_seq_id"":298,""length"":257,""entity_end_seq_id"":257,""ref_end_seq_id"":554}]",P03372,True,True,False,1,False,False,0.431933,1.0
5K74_1,5K74,1,UniProt,P51449,"[{""entity_beg_seq_id"":5,""ref_beg_seq_id"":265,""length"":243,""entity_end_seq_id"":247,""ref_end_seq_id"":507}]",P51449,True,True,False,1,False,False,0.469112,0.983806
5K6E_1,5K6E,1,UniProt,P51449,"[{""entity_beg_seq_id"":5,""ref_beg_seq_id"":265,""length"":243,""entity_end_seq_id"":247,""ref_end_seq_id"":507}]",P51449,True,True,False,1,False,False,0.469112,0.983806
5K3N_1,5K3N,1,UniProt,P51449,"[{""entity_beg_seq_id"":5,""ref_beg_seq_id"":265,""length"":243,""entity_end_seq_id"":247,""ref_end_seq_id"":507}]",P51449,True,True,False,1,False,False,0.469112,0.983806
5K3M_1,5K3M,1,UniProt,P51449,"[{""entity_beg_seq_id"":5,""ref_beg_seq_id"":265,""length"":243,""entity_end_seq_id"":247,""ref_end_seq_id"":507}]",P51449,True,True,False,1,False,False,0.469112,0.983806
5K3L_1,5K3L,1,UniProt,P51449,"[{""entity_beg_seq_id"":5,""ref_beg_seq_id"":265,""length"":243,""entity_end_seq_id"":247,""ref_end_seq_id"":507}]",P51449,True,True,False,1,False,False,0.469112,0.983806
5K38_1,5K38,1,UniProt,P51449,"[{""entity_beg_seq_id"":5,""ref_beg_seq_id"":265,""length"":243,""entity_end_seq_id"":247,""ref_end_seq_id"":507}]",P51449,True,True,False,1,False,False,0.469112,0.983806
5K13_1,5K13,1,UniProt,P10276,"[{""entity_beg_seq_id"":1,""ref_beg_seq_id"":181,""length"":246,""entity_end_seq_id"":246,""ref_end_seq_id"":426}]",P10276,True,True,False,1,False,False,0.532468,1.0
5JY3_1,5JY3,1,UniProt,P55055,"[{""entity_beg_seq_id"":17,""ref_beg_seq_id"":213,""length"":248,""entity_end_seq_id"":264,""ref_end_seq_id"":460}]",P55055,True,True,False,1,False,False,0.53913,0.939394
5JMM_2,5JMM,2,UniProt,P03372,"[{""entity_beg_seq_id"":5,""ref_beg_seq_id"":302,""length"":251,""entity_end_seq_id"":255,""ref_end_seq_id"":552}]",P03372,True,True,False,1,False,False,0.421849,0.984314
5JMM_1,5JMM,1,UniProt,P03372,"[{""entity_beg_seq_id"":5,""ref_beg_seq_id"":302,""length"":251,""entity_end_seq_id"":255,""ref_end_seq_id"":552}]",P03372,True,True,False,1,False,False,0.421849,0.984314
5JJM_3,5JJM,3,UniProt,P10275,"[{""entity_beg_seq_id"":1,""ref_beg_seq_id"":669,""length"":252,""entity_end_seq_id"":252,""ref_end_seq_id"":920}]",P10275,True,True,False,1,False,False,0.273913,1.0
5JJM_1,5JJM,1,UniProt,P10275,"[{""entity_beg_seq_id"":1,""ref_beg_seq_id"":669,""length"":252,""entity_end_seq_id"":252,""ref_end_seq_id"":920}]",P10275,True,True,False,1,False,False,0.273913,1.0
5JI0_2,5JI0,2,UniProt,P37231,"[{""entity_beg_seq_id"":2,""ref_beg_seq_id"":234,""length"":272,""entity_end_seq_id"":273,""ref_end_seq_id"":505}]",P37231,True,True,False,1,False,False,0.538614,0.996337
5JI0_1,5JI0,1,UniProt,P19793,"[{""entity_beg_seq_id"":3,""ref_beg_seq_id"":223,""length"":240,""entity_end_seq_id"":242,""ref_end_seq_id"":462}]",P19793,True,True,False,1,False,False,0.519481,0.991736
5IZ0_1,5IZ0,1,UniProt,P51449,"[{""entity_beg_seq_id"":3,""ref_beg_seq_id"":259,""length"":249,""entity_end_seq_id"":251,""ref_end_seq_id"":507},{""entity_beg_seq_id"":253,""ref_beg_seq_id"":508,""length"":11,""entity_end_seq_id"":263,""ref_end_seq_id"":518}]",P51449,True,True,False,2,False,False,0.501931,0.988593
5IXK_1,5IXK,1,UniProt,P51449,"[{""entity_beg_seq_id"":9,""ref_beg_seq_id"":268,""length"":220,""entity_end_seq_id"":228,""ref_end_seq_id"":487}]",P51449,True,True,False,1,False,False,0.42471,0.964912
5ICK_1,5ICK,1,UniProt,Q96RI1,"[{""entity_beg_seq_id"":1,""ref_beg_seq_id"":258,""length"":229,""entity_end_seq_id"":229,""ref_end_seq_id"":486}]",Q96RI1,True,True,False,1,False,False,0.471193,1.0
5IAW_1,5IAW,1,UniProt,Q96RI1,"[{""entity_beg_seq_id"":1,""ref_beg_seq_id"":259,""length"":228,""entity_end_seq_id"":228,""ref_end_seq_id"":486}]",Q96RI1,True,True,False,1,False,False,0.469136,1.0
5I4V_2,5I4V,2,UniProt,P28702,"[{""entity_beg_seq_id"":1,""ref_beg_seq_id"":293,""length"":236,""entity_end_seq_id"":236,""ref_end_seq_id"":528}]",P28702,True,True,False,1,False,False,0.442777,0.92549
5I4V_2,5I4V,2,UniProt,Q15596,"[{""entity_beg_seq_id"":243,""ref_beg_seq_id"":687,""length"":13,""entity_end_seq_id"":255,""ref_end_seq_id"":699}]",P28702,False,False,False,1,False,False,,0.05098
5I4V_1,5I4V,1,UniProt,P55055,"[{""entity_beg_seq_id"":1,""ref_beg_seq_id"":210,""length"":251,""entity_end_seq_id"":251,""ref_end_seq_id"":460}]",P55055,True,True,False,1,False,False,0.545652,0.92963
5I4V_1,5I4V,1,UniProt,Q15596,"[{""entity_beg_seq_id"":258,""ref_beg_seq_id"":687,""length"":13,""entity_end_seq_id"":270,""ref_end_seq_id"":699}]",P55055,False,False,False,1,False,False,,0.048148
5HZC_1,5HZC,1,UniProt,P37231,"[{""entity_beg_seq_id"":5,""ref_beg_seq_id"":223,""length"":283,""entity_end_seq_id"":287,""ref_end_seq_id"":505}]",P37231,True,True,False,1,False,False,0.560396,0.986063
5HYR_1,5HYR,1,UniProt,P03372,"[{""entity_beg_seq_id"":1,""ref_beg_seq_id"":302,""length"":258,""entity_end_seq_id"":258,""ref_end_seq_id"":559}]",P03372,True,True,False,1,False,False,0.433613,1.0
5HYK_1,5HYK,1,UniProt,Q07869,"[{""entity_beg_seq_id"":4,""ref_beg_seq_id"":200,""length"":269,""entity_end_seq_id"":272,""ref_end_seq_id"":468}]",Q07869,True,True,False,1,False,False,0.574786,0.988971
5HJS_1,5HJS,1,UniProt,Q13133,"[{""entity_beg_seq_id"":18,""ref_beg_seq_id"":182,""length"":266,""entity_end_seq_id"":283,""ref_end_seq_id"":447}]",Q13133,True,True,False,1,False,False,0.595078,0.939929
5HJP_2,5HJP,2,UniProt,P55055,"[{""entity_beg_seq_id"":1,""ref_beg_seq_id"":216,""length"":245,""entity_end_seq_id"":245,""ref_end_seq_id"":460}]",P55055,True,True,False,1,False,False,0.532609,0.92803
5HJP_1,5HJP,1,UniProt,P28702,"[{""entity_beg_seq_id"":1,""ref_beg_seq_id"":299,""length"":235,""entity_end_seq_id"":235,""ref_end_seq_id"":533}]",P28702,True,True,False,1,False,False,0.440901,0.925197
5HCV_1,5HCV,1,UniProt,P08235,"[{""entity_beg_seq_id"":5,""ref_beg_seq_id"":732,""length"":253,""entity_end_seq_id"":257,""ref_end_seq_id"":984}]",P08235,True,True,False,1,False,False,0.257114,0.984436
5GTR_1,5GTR,1,UniProt,P03372,"[{""entity_beg_seq_id"":1,""ref_beg_seq_id"":305,""length"":243,""entity_end_seq_id"":243,""ref_end_seq_id"":547}]",P03372,True,True,False,1,False,False,0.408403,1.0
5GTP_1,5GTP,1,UniProt,P37231,"[{""entity_beg_seq_id"":1,""ref_beg_seq_id"":223,""length"":283,""entity_end_seq_id"":283,""ref_end_seq_id"":505}]",P37231,True,True,False,1,False,False,0.560396,1.0
5GTO_1,5GTO,1,UniProt,P37231,"[{""entity_beg_seq_id"":1,""ref_beg_seq_id"":223,""length"":283,""entity_end_seq_id"":283,""ref_end_seq_id"":505}]",P37231,True,True,False,1,False,False,0.560396,1.0
5GTN_1,5GTN,1,UniProt,P37231,"[{""entity_beg_seq_id"":1,""ref_beg_seq_id"":223,""length"":283,""entity_end_seq_id"":283,""ref_end_seq_id"":505}]",P37231,True,True,False,1,False,False,0.560396,1.0
5GT4_1,5GT4,1,UniProt,P11473,"[{""entity_beg_seq_id"":1,""ref_beg_seq_id"":118,""length"":255,""entity_end_seq_id"":255,""ref_end_seq_id"":372}]",P11473,True,True,False,1,False,False,0.59719,1.0
5GS4_1,5GS4,1,UniProt,P03372,"[{""entity_beg_seq_id"":1,""ref_beg_seq_id"":305,""length"":243,""entity_end_seq_id"":243,""ref_end_seq_id"":547}]",P03372,True,True,False,1,False,False,0.408403,1.0
5G5W_1,5G5W,1,UniProt,P04150,"[{""entity_beg_seq_id"":3,""ref_beg_seq_id"":500,""length"":278,""entity_end_seq_id"":280,""ref_end_seq_id"":777}]",P04150,True,True,False,1,False,False,0.357786,0.992857
5G46_1,5G46,1,UniProt,P51449,"[{""entity_beg_seq_id"":22,""ref_beg_seq_id"":265,""length"":243,""entity_end_seq_id"":264,""ref_end_seq_id"":507}]",P51449,True,True,False,1,False,False,0.469112,0.913534
5G45_1,5G45,1,UniProt,P51449,"[{""entity_beg_seq_id"":22,""ref_beg_seq_id"":265,""length"":243,""entity_end_seq_id"":264,""ref_end_seq_id"":507}]",P51449,True,True,False,1,False,False,0.469112,0.913534
5G44_1,5G44,1,UniProt,P51449,"[{""entity_beg_seq_id"":22,""ref_beg_seq_id"":265,""length"":243,""entity_end_seq_id"":264,""ref_end_seq_id"":507}]",P51449,True,True,False,1,False,False,0.469112,0.913534
5G43_1,5G43,1,UniProt,P51449,"[{""entity_beg_seq_id"":22,""ref_beg_seq_id"":265,""length"":243,""entity_end_seq_id"":264,""ref_end_seq_id"":507}]",P51449,True,True,False,1,False,False,0.469112,0.913534
5G42_1,5G42,1,UniProt,P51449,"[{""entity_beg_seq_id"":22,""ref_beg_seq_id"":265,""length"":243,""entity_end_seq_id"":264,""ref_end_seq_id"":507}]",P51449,True,True,False,1,False,False,0.469112,0.913534
5G3J_1,5G3J,1,UniProt,P04150,"[{""entity_beg_seq_id"":3,""ref_beg_seq_id"":500,""length"":278,""entity_end_seq_id"":280,""ref_end_seq_id"":777}]",P04150,True,True,False,1,False,False,0.357786,0.992857
5FQV_1,5FQV,1,UniProt,P03372,"[{""entity_beg_seq_id"":1,""ref_beg_seq_id"":307,""length"":248,""entity_end_seq_id"":248,""ref_end_seq_id"":554}]",P03372,True,True,False,1,False,False,0.416807,1.0
5FQT_1,5FQT,1,UniProt,P03372,"[{""entity_beg_seq_id"":1,""ref_beg_seq_id"":307,""length"":248,""entity_end_seq_id"":248,""ref_end_seq_id"":554}]",P03372,True,True,False,1,False,False,0.416807,1.0
5FQS_1,5FQS,1,UniProt,P03372,"[{""entity_beg_seq_id"":1,""ref_beg_seq_id"":307,""length"":248,""entity_end_seq_id"":248,""ref_end_seq_id"":554}]",P03372,True,True,False,1,False,False,0.416807,1.0
5FQR_1,5FQR,1,UniProt,P03372,"[{""entity_beg_seq_id"":1,""ref_beg_seq_id"":307,""length"":248,""entity_end_seq_id"":248,""ref_end_seq_id"":554}]",P03372,True,True,False,1,False,False,0.416807,1.0
5FQP_1,5FQP,1,UniProt,P03372,"[{""entity_beg_seq_id"":1,""ref_beg_seq_id"":307,""length"":248,""entity_end_seq_id"":248,""ref_end_seq_id"":554}]",P03372,True,True,False,1,False,False,0.416807,1.0
5F9B_1,5F9B,1,UniProt,P37231,"[{""entity_beg_seq_id"":5,""ref_beg_seq_id"":223,""length"":283,""entity_end_seq_id"":287,""ref_end_seq_id"":505}]",P37231,True,True,False,1,False,False,0.560396,0.986063
5ETH_1,5ETH,1,UniProt,P51449,"[{""entity_beg_seq_id"":3,""ref_beg_seq_id"":267,""length"":221,""entity_end_seq_id"":223,""ref_end_seq_id"":487}]",P51449,True,True,False,1,False,False,0.426641,0.991031
5EMQ_3,5EMQ,3,UniProt,P04150,"[{""entity_beg_seq_id"":5,""ref_beg_seq_id"":411,""length"":90,""entity_end_seq_id"":94,""ref_end_seq_id"":500}]",P04150,True,True,False,1,False,False,0.11583,0.957447
5EMP_1,5EMP,1,UniProt,P04150,"[{""entity_beg_seq_id"":5,""ref_beg_seq_id"":411,""length"":90,""entity_end_seq_id"":94,""ref_end_seq_id"":500}]",P04150,True,True,False,1,False,False,0.11583,0.957447
5EMC_2,5EMC,2,UniProt,P04150,"[{""entity_beg_seq_id"":5,""ref_beg_seq_id"":411,""length"":90,""entity_end_seq_id"":94,""ref_end_seq_id"":500}]",P04150,True,True,False,1,False,False,0.11583,0.957447
5EJV_1,5EJV,1,UniProt,P51449,"[{""entity_beg_seq_id"":3,""ref_beg_seq_id"":259,""length"":260,""entity_end_seq_id"":262,""ref_end_seq_id"":518}]",P51449,True,True,False,1,False,False,0.501931,0.992366
5EIT_1,5EIT,1,UniProt,P03372,"[{""entity_beg_seq_id"":1,""ref_beg_seq_id"":298,""length"":257,""entity_end_seq_id"":257,""ref_end_seq_id"":554}]",P03372,True,True,False,1,False,False,0.431933,1.0
5EI1_1,5EI1,1,UniProt,P03372,"[{""entity_beg_seq_id"":1,""ref_beg_seq_id"":298,""length"":257,""entity_end_seq_id"":257,""ref_end_seq_id"":554}]",P03372,True,True,False,1,False,False,0.431933,1.0
5EHJ_1,5EHJ,1,UniProt,P03372,"[{""entity_beg_seq_id"":1,""ref_beg_seq_id"":298,""length"":257,""entity_end_seq_id"":257,""ref_end_seq_id"":554}]",P03372,True,True,False,1,False,False,0.431933,1.0
5EGV_1,5EGV,1,UniProt,P03372,"[{""entity_beg_seq_id"":1,""ref_beg_seq_id"":298,""length"":257,""entity_end_seq_id"":257,""ref_end_seq_id"":554}]",P03372,True,True,False,1,False,False,0.431933,1.0
5EC9_1,5EC9,1,UniProt,P19793,"[{""entity_beg_seq_id"":1,""ref_beg_seq_id"":229,""length"":210,""entity_end_seq_id"":210,""ref_end_seq_id"":438}]",P19793,True,True,False,1,False,False,0.454545,1.0
5E6D_3,5E6D,3,UniProt,P04150,"[{""entity_beg_seq_id"":25,""ref_beg_seq_id"":417,""length"":90,""entity_end_seq_id"":114,""ref_end_seq_id"":506}]",P04150,True,True,False,1,False,False,0.11583,0.789474
5E6C_1,5E6C,1,UniProt,P04150,"[{""entity_beg_seq_id"":25,""ref_beg_seq_id"":417,""length"":90,""entity_end_seq_id"":114,""ref_end_seq_id"":506}]",P04150,True,True,False,1,False,False,0.11583,0.789474
5E6B_1,5E6B,1,UniProt,P04150,"[{""entity_beg_seq_id"":25,""ref_beg_seq_id"":417,""length"":90,""entity_end_seq_id"":114,""ref_end_seq_id"":506}]",P04150,True,True,False,1,False,False,0.11583,0.789474
5E6A_1,5E6A,1,UniProt,P04150,"[{""entity_beg_seq_id"":25,""ref_beg_seq_id"":417,""length"":90,""entity_end_seq_id"":114,""ref_end_seq_id"":506}]",P04150,True,True,False,1,False,False,0.11583,0.789474
5E69_1,5E69,1,UniProt,P04150,"[{""entity_beg_seq_id"":25,""ref_beg_seq_id"":417,""length"":90,""entity_end_seq_id"":114,""ref_end_seq_id"":506}]",P04150,True,True,False,1,False,False,0.11583,0.789474
5E1C_1,5E1C,1,UniProt,P03372,"[{""entity_beg_seq_id"":1,""ref_beg_seq_id"":298,""length"":257,""entity_end_seq_id"":257,""ref_end_seq_id"":554}]",P03372,True,True,False,1,False,False,0.431933,1.0
5E19_1,5E19,1,UniProt,P03372,"[{""entity_beg_seq_id"":1,""ref_beg_seq_id"":298,""length"":257,""entity_end_seq_id"":257,""ref_end_seq_id"":554}]",P03372,True,True,False,1,False,False,0.431933,1.0
5E15_1,5E15,1,UniProt,P03372,"[{""entity_beg_seq_id"":1,""ref_beg_seq_id"":298,""length"":257,""entity_end_seq_id"":257,""ref_end_seq_id"":554}]",P03372,True,True,False,1,False,False,0.431933,1.0
5E14_1,5E14,1,UniProt,P03372,"[{""entity_beg_seq_id"":1,""ref_beg_seq_id"":298,""length"":257,""entity_end_seq_id"":257,""ref_end_seq_id"":554}]",P03372,True,True,False,1,False,False,0.431933,1.0
5E0X_1,5E0X,1,UniProt,P03372,"[{""entity_beg_seq_id"":1,""ref_beg_seq_id"":298,""length"":257,""entity_end_seq_id"":257,""ref_end_seq_id"":554}]",P03372,True,True,False,1,False,False,0.431933,1.0
5E0W_1,5E0W,1,UniProt,P03372,"[{""entity_beg_seq_id"":1,""ref_beg_seq_id"":298,""length"":257,""entity_end_seq_id"":257,""ref_end_seq_id"":554}]",P03372,True,True,False,1,False,False,0.431933,1.0
5DZI_1,5DZI,1,UniProt,P03372,"[{""entity_beg_seq_id"":1,""ref_beg_seq_id"":298,""length"":257,""entity_end_seq_id"":257,""ref_end_seq_id"":554}]",P03372,True,True,False,1,False,False,0.431933,1.0
5DZH_1,5DZH,1,UniProt,P03372,"[{""entity_beg_seq_id"":1,""ref_beg_seq_id"":298,""length"":257,""entity_end_seq_id"":257,""ref_end_seq_id"":554}]",P03372,True,True,False,1,False,False,0.431933,1.0
5DZ3_1,5DZ3,1,UniProt,P03372,"[{""entity_beg_seq_id"":1,""ref_beg_seq_id"":298,""length"":257,""entity_end_seq_id"":257,""ref_end_seq_id"":554}]",P03372,True,True,False,1,False,False,0.431933,1.0
5DZ1_1,5DZ1,1,UniProt,P03372,"[{""entity_beg_seq_id"":1,""ref_beg_seq_id"":298,""length"":257,""entity_end_seq_id"":257,""ref_end_seq_id"":554}]",P03372,True,True,False,1,False,False,0.431933,1.0
5DZ0_1,5DZ0,1,UniProt,P03372,"[{""entity_beg_seq_id"":1,""ref_beg_seq_id"":298,""length"":257,""entity_end_seq_id"":257,""ref_end_seq_id"":554}]",P03372,True,True,False,1,False,False,0.431933,1.0
5DYD_1,5DYD,1,UniProt,P03372,"[{""entity_beg_seq_id"":1,""ref_beg_seq_id"":298,""length"":257,""entity_end_seq_id"":257,""ref_end_seq_id"":554}]",P03372,True,True,False,1,False,False,0.431933,1.0
5TMT_1,5TMT,1,UniProt,P03372,"[{""entity_beg_seq_id"":1,""ref_beg_seq_id"":298,""length"":257,""entity_end_seq_id"":257,""ref_end_seq_id"":554}]",P03372,True,True,False,1,False,False,0.431933,1.0
6A5X_1,6A5X,1,UniProt,Q96RI1,"[{""entity_beg_seq_id"":1,""ref_beg_seq_id"":258,""length"":229,""entity_end_seq_id"":229,""ref_end_seq_id"":486}]",Q96RI1,True,True,False,1,False,False,0.471193,1.0
6A5W_1,6A5W,1,UniProt,Q96RI1,"[{""entity_beg_seq_id"":1,""ref_beg_seq_id"":258,""length"":228,""entity_end_seq_id"":228,""ref_end_seq_id"":485}]",Q96RI1,True,True,False,1,False,False,0.469136,1.0
6A22_1,6A22,1,UniProt,P51449,"[{""entity_beg_seq_id"":1,""ref_beg_seq_id"":261,""length"":258,""entity_end_seq_id"":258,""ref_end_seq_id"":518}]",P51449,True,True,False,1,False,False,0.498069,1.0
5ZXI_1,5ZXI,1,UniProt,Q03181,"[{""entity_beg_seq_id"":5,""ref_beg_seq_id"":171,""length"":271,""entity_end_seq_id"":275,""ref_end_seq_id"":441}]",Q03181,True,True,False,1,False,False,0.614512,0.985455
5ZQU_1,5ZQU,1,UniProt,P19793,"[{""entity_beg_seq_id"":5,""ref_beg_seq_id"":224,""length"":239,""entity_end_seq_id"":243,""ref_end_seq_id"":462}]",P19793,True,True,False,1,False,False,0.517316,0.983539
5ZA1_1,5ZA1,1,UniProt,P51449,"[{""entity_beg_seq_id"":5,""ref_beg_seq_id"":265,""length"":230,""entity_end_seq_id"":234,""ref_end_seq_id"":494}]",P51449,True,True,False,1,False,False,0.444015,0.982906
5Z6S_1,5Z6S,1,UniProt,P37231,"[{""entity_beg_seq_id"":12,""ref_beg_seq_id"":234,""length"":272,""entity_end_seq_id"":283,""ref_end_seq_id"":505}]",P37231,True,True,False,1,False,False,0.538614,0.961131
5Z5S_1,5Z5S,1,UniProt,P37231,"[{""entity_beg_seq_id"":12,""ref_beg_seq_id"":234,""length"":272,""entity_end_seq_id"":283,""ref_end_seq_id"":505}]",P37231,True,True,False,1,False,False,0.538614,0.961131
5Z12_2,5Z12,2,UniProt,P19793,"[{""entity_beg_seq_id"":1,""ref_beg_seq_id"":228,""length"":231,""entity_end_seq_id"":231,""ref_end_seq_id"":458}]",P19793,True,True,False,1,False,False,0.5,1.0
5Z12_1,5Z12,1,UniProt,Q96RI1,"[{""entity_beg_seq_id"":1,""ref_beg_seq_id"":259,""length"":228,""entity_end_seq_id"":228,""ref_end_seq_id"":486}]",Q96RI1,True,True,False,1,False,False,0.469136,1.0
5YXL_1,5YXL,1,UniProt,Q96RI1,"[{""entity_beg_seq_id"":1,""ref_beg_seq_id"":258,""length"":229,""entity_end_seq_id"":229,""ref_end_seq_id"":486}]",Q96RI1,True,True,False,1,False,False,0.471193,1.0
5YXJ_1,5YXJ,1,UniProt,Q96RI1,"[{""entity_beg_seq_id"":1,""ref_beg_seq_id"":258,""length"":229,""entity_end_seq_id"":229,""ref_end_seq_id"":486}]",Q96RI1,True,True,False,1,False,False,0.471193,1.0
5YXD_1,5YXD,1,UniProt,Q96RI1,"[{""entity_beg_seq_id"":1,""ref_beg_seq_id"":258,""length"":229,""entity_end_seq_id"":229,""ref_end_seq_id"":486}]",Q96RI1,True,True,False,1,False,False,0.471193,1.0
5YXB_1,5YXB,1,UniProt,Q96RI1,"[{""entity_beg_seq_id"":1,""ref_beg_seq_id"":258,""length"":229,""entity_end_seq_id"":229,""ref_end_seq_id"":486}]",Q96RI1,True,True,False,1,False,False,0.471193,1.0
5YT2_1,5YT2,1,UniProt,P11473,"[{""entity_beg_seq_id"":1,""ref_beg_seq_id"":118,""length"":255,""entity_end_seq_id"":255,""ref_end_seq_id"":372}]",P11473,True,True,False,1,False,False,0.59719,1.0
5YSY_1,5YSY,1,UniProt,P11473,"[{""entity_beg_seq_id"":1,""ref_beg_seq_id"":118,""length"":255,""entity_end_seq_id"":255,""ref_end_seq_id"":372}]",P11473,True,True,False,1,False,False,0.59719,1.0
5YSO_1,5YSO,1,UniProt,P62508,"[{""entity_beg_seq_id"":1,""ref_beg_seq_id"":221,""length"":238,""entity_end_seq_id"":238,""ref_end_seq_id"":458}]",P62508,True,True,False,1,False,False,0.519651,1.0
5YP6_1,5YP6,1,UniProt,P51449,"[{""entity_beg_seq_id"":1,""ref_beg_seq_id"":265,""length"":243,""entity_end_seq_id"":243,""ref_end_seq_id"":507}]",P51449,True,True,False,1,False,False,0.469112,0.991837
5YP5_1,5YP5,1,UniProt,P51449,"[{""entity_beg_seq_id"":1,""ref_beg_seq_id"":265,""length"":243,""entity_end_seq_id"":243,""ref_end_seq_id"":507}]",P51449,True,True,False,1,False,False,0.469112,1.0
5YD6_1,5YD6,1,UniProt,P43354,"[{""entity_beg_seq_id"":1,""ref_beg_seq_id"":328,""length"":271,""entity_end_seq_id"":271,""ref_end_seq_id"":598}]",P43354,True,True,False,1,False,False,0.453177,1.0
5YCP_1,5YCP,1,UniProt,P37231,"[{""entity_beg_seq_id"":1,""ref_beg_seq_id"":223,""length"":283,""entity_end_seq_id"":283,""ref_end_seq_id"":505}]",P37231,True,True,False,1,False,False,0.560396,1.0
5YCN_1,5YCN,1,UniProt,P37231,"[{""entity_beg_seq_id"":1,""ref_beg_seq_id"":223,""length"":283,""entity_end_seq_id"":283,""ref_end_seq_id"":505}]",P37231,True,True,False,1,False,False,0.560396,1.0
5Y7X_1,5Y7X,1,UniProt,Q03181,"[{""entity_beg_seq_id"":22,""ref_beg_seq_id"":171,""length"":271,""entity_end_seq_id"":292,""ref_end_seq_id"":441}]",Q03181,True,True,False,1,False,False,0.614512,0.928082
5Y49_1,5Y49,1,UniProt,Q96RI1,"[{""entity_beg_seq_id"":1,""ref_beg_seq_id"":259,""length"":227,""entity_end_seq_id"":227,""ref_end_seq_id"":485}]",Q96RI1,True,True,False,1,False,False,0.467078,1.0
5Y44_1,5Y44,1,UniProt,Q96RI1,"[{""entity_beg_seq_id"":1,""ref_beg_seq_id"":258,""length"":227,""entity_end_seq_id"":227,""ref_end_seq_id"":484}]",Q96RI1,True,True,False,1,False,False,0.467078,1.0
5Y41_1,5Y41,1,UniProt,P43354,"[{""entity_beg_seq_id"":1,""ref_beg_seq_id"":328,""length"":271,""entity_end_seq_id"":271,""ref_end_seq_id"":598}]",P43354,True,True,False,1,False,False,0.453177,1.0
5Y2T_1,5Y2T,1,UniProt,P37231,"[{""entity_beg_seq_id"":24,""ref_beg_seq_id"":235,""length"":271,""entity_end_seq_id"":294,""ref_end_seq_id"":505}]",P37231,True,True,False,1,False,False,0.536634,0.921769
5Y2O_1,5Y2O,1,UniProt,P37231,"[{""entity_beg_seq_id"":24,""ref_beg_seq_id"":235,""length"":271,""entity_end_seq_id"":294,""ref_end_seq_id"":505}]",P37231,True,True,False,1,False,False,0.536634,0.921769
5Y1J_1,5Y1J,1,UniProt,Q96RI1,"[{""entity_beg_seq_id"":1,""ref_beg_seq_id"":258,""length"":228,""entity_end_seq_id"":228,""ref_end_seq_id"":485}]",Q96RI1,True,True,False,1,False,False,0.469136,1.0
5XMX_1,5XMX,1,UniProt,Q03181,"[{""entity_beg_seq_id"":5,""ref_beg_seq_id"":171,""length"":271,""entity_end_seq_id"":275,""ref_end_seq_id"":441}]",Q03181,True,True,False,1,False,False,0.614512,0.985455
5X8Q_1,5X8Q,1,UniProt,P51449,"[{""entity_beg_seq_id"":1,""ref_beg_seq_id"":261,""length"":258,""entity_end_seq_id"":258,""ref_end_seq_id"":518}]",P51449,True,True,False,1,False,False,0.498069,1.0
5X0R_1,5X0R,1,UniProt,O75469,"[{""entity_beg_seq_id"":12,""ref_beg_seq_id"":130,""length"":305,""entity_end_seq_id"":316,""ref_end_seq_id"":434}]",O75469,True,True,False,1,False,False,0.702765,0.96519
5WZX_1,5WZX,1,UniProt,Q96RI1,"[{""entity_beg_seq_id"":1,""ref_beg_seq_id"":258,""length"":228,""entity_end_seq_id"":228,""ref_end_seq_id"":485}]",Q96RI1,True,True,False,1,False,False,0.469136,1.0
5WR1_1,5WR1,1,UniProt,P37231,"[{""entity_beg_seq_id"":3,""ref_beg_seq_id"":232,""length"":274,""entity_end_seq_id"":276,""ref_end_seq_id"":505}]",P37231,True,True,False,1,False,False,0.542574,0.992754
5WR0_1,5WR0,1,UniProt,P37231,"[{""entity_beg_seq_id"":3,""ref_beg_seq_id"":232,""length"":274,""entity_end_seq_id"":276,""ref_end_seq_id"":505}]",P37231,True,True,False,1,False,False,0.542574,0.992754
5WQX_1,5WQX,1,UniProt,P37231,"[{""entity_beg_seq_id"":3,""ref_beg_seq_id"":232,""length"":274,""entity_end_seq_id"":276,""ref_end_seq_id"":505}]",P37231,True,True,False,1,False,False,0.542574,0.992754
5WGQ_1,5WGQ,1,UniProt,P03372,"[{""entity_beg_seq_id"":4,""ref_beg_seq_id"":297,""length"":258,""entity_end_seq_id"":261,""ref_end_seq_id"":554}]",P03372,True,True,False,1,False,False,0.433613,0.988506
5WGD_1,5WGD,1,UniProt,P03372,"[{""entity_beg_seq_id"":4,""ref_beg_seq_id"":297,""length"":258,""entity_end_seq_id"":261,""ref_end_seq_id"":554}]",P03372,True,True,False,1,False,False,0.433613,0.988506
5W9D_1,5W9D,1,UniProt,P03372,"[{""entity_beg_seq_id"":1,""ref_beg_seq_id"":306,""length"":249,""entity_end_seq_id"":249,""ref_end_seq_id"":554}]",P03372,True,True,False,1,False,False,0.418487,1.0
5W9C_1,5W9C,1,UniProt,P03372,"[{""entity_beg_seq_id"":1,""ref_beg_seq_id"":306,""length"":249,""entity_end_seq_id"":249,""ref_end_seq_id"":554}]",P03372,True,True,False,1,False,False,0.418487,1.0
5W4V_1,5W4V,1,UniProt,P51449,"[{""entity_beg_seq_id"":1,""ref_beg_seq_id"":266,""length"":210,""entity_end_seq_id"":210,""ref_end_seq_id"":475}]",P51449,True,True,False,1,False,False,0.405405,1.0
5W4R_1,5W4R,1,UniProt,P51449,"[{""entity_beg_seq_id"":1,""ref_beg_seq_id"":265,""length"":217,""entity_end_seq_id"":217,""ref_end_seq_id"":481}]",P51449,True,True,False,1,False,False,0.418919,1.0
5VQL_1,5VQL,1,UniProt,P51449,"[{""entity_beg_seq_id"":17,""ref_beg_seq_id"":260,""length"":248,""entity_end_seq_id"":264,""ref_end_seq_id"":507}]",P51449,True,True,False,1,False,False,0.478764,0.885714
5VQL_1,5VQL,1,UniProt,Q15596,"[{""entity_beg_seq_id"":268,""ref_beg_seq_id"":685,""length"":13,""entity_end_seq_id"":280,""ref_end_seq_id"":697}]",P51449,False,False,False,1,False,False,,0.046429
5VQK_1,5VQK,1,UniProt,P51449,"[{""entity_beg_seq_id"":17,""ref_beg_seq_id"":260,""length"":248,""entity_end_seq_id"":264,""ref_end_seq_id"":507}]",P51449,True,True,False,1,False,False,0.478764,0.885714
5VQK_1,5VQK,1,UniProt,Q15596,"[{""entity_beg_seq_id"":268,""ref_beg_seq_id"":685,""length"":13,""entity_end_seq_id"":280,""ref_end_seq_id"":697}]",P51449,False,False,False,1,False,False,,0.046429
5VO4_1,5VO4,1,UniProt,P10275,"[{""entity_beg_seq_id"":1,""ref_beg_seq_id"":671,""length"":250,""entity_end_seq_id"":250,""ref_end_seq_id"":920}]",P10275,True,True,False,1,False,False,0.271739,1.0
5VB7_1,5VB7,1,UniProt,P51449,"[{""entity_beg_seq_id"":17,""ref_beg_seq_id"":260,""length"":248,""entity_end_seq_id"":264,""ref_end_seq_id"":507}]",P51449,True,True,False,1,False,False,0.478764,0.885714
5VB7_1,5VB7,1,UniProt,Q15596,"[{""entity_beg_seq_id"":268,""ref_beg_seq_id"":685,""length"":13,""entity_end_seq_id"":280,""ref_end_seq_id"":697}]",P51449,False,False,False,1,False,False,,0.046429
5VB6_1,5VB6,1,UniProt,P51449,"[{""entity_beg_seq_id"":17,""ref_beg_seq_id"":260,""length"":248,""entity_end_seq_id"":264,""ref_end_seq_id"":507}]",P51449,True,True,False,1,False,False,0.478764,0.885714
5VB6_1,5VB6,1,UniProt,Q15596,"[{""entity_beg_seq_id"":268,""ref_beg_seq_id"":685,""length"":13,""entity_end_seq_id"":280,""ref_end_seq_id"":697}]",P51449,False,False,False,1,False,False,,0.046429
5VB5_1,5VB5,1,UniProt,P51449,"[{""entity_beg_seq_id"":17,""ref_beg_seq_id"":260,""length"":248,""entity_end_seq_id"":264,""ref_end_seq_id"":507}]",P51449,True,True,False,1,False,False,0.478764,0.885714
5VB5_1,5VB5,1,UniProt,Q15596,"[{""entity_beg_seq_id"":268,""ref_beg_seq_id"":685,""length"":13,""entity_end_seq_id"":280,""ref_end_seq_id"":697}]",P51449,False,False,False,1,False,False,,0.046429
5VB3_1,5VB3,1,UniProt,P51449,"[{""entity_beg_seq_id"":17,""ref_beg_seq_id"":260,""length"":248,""entity_end_seq_id"":264,""ref_end_seq_id"":507}]",P51449,True,True,False,1,False,False,0.478764,0.885714
5VB3_1,5VB3,1,UniProt,Q15596,"[{""entity_beg_seq_id"":268,""ref_beg_seq_id"":685,""length"":13,""entity_end_seq_id"":280,""ref_end_seq_id"":697}]",P51449,False,False,False,1,False,False,,0.046429
5VA7_1,5VA7,1,UniProt,P04150,"[{""entity_beg_seq_id"":1,""ref_beg_seq_id"":419,""length"":70,""entity_end_seq_id"":70,""ref_end_seq_id"":488}]",P04150,True,True,False,1,False,False,0.09009,1.0
5VA0_1,5VA0,1,UniProt,P04150,"[{""entity_beg_seq_id"":1,""ref_beg_seq_id"":419,""length"":72,""entity_end_seq_id"":72,""ref_end_seq_id"":490}]",P04150,True,True,False,1,False,False,0.092664,1.0
5V8Q_1,5V8Q,1,UniProt,P10275,"[{""entity_beg_seq_id"":1,""ref_beg_seq_id"":672,""length"":249,""entity_end_seq_id"":249,""ref_end_seq_id"":920}]",P10275,True,True,False,1,False,False,0.270652,1.0
5V39_1,5V39,1,UniProt,P11473,"[{""entity_beg_seq_id"":1,""ref_beg_seq_id"":119,""length"":256,""entity_end_seq_id"":256,""ref_end_seq_id"":374}]",P11473,True,True,False,1,False,False,0.599532,0.996109
5UNJ_1,5UNJ,1,UniProt,O00482,"[{""entity_beg_seq_id"":3,""ref_beg_seq_id"":299,""length"":243,""entity_end_seq_id"":245,""ref_end_seq_id"":541}]",O00482,True,True,False,1,False,False,0.449168,0.991837
5UHI_1,5UHI,1,UniProt,P51449,"[{""entity_beg_seq_id"":16,""ref_beg_seq_id"":265,""length"":243,""entity_end_seq_id"":258,""ref_end_seq_id"":507}]",P51449,True,True,False,1,False,False,0.469112,0.94186
5UGM_1,5UGM,1,UniProt,P37231,"[{""entity_beg_seq_id"":1,""ref_beg_seq_id"":235,""length"":271,""entity_end_seq_id"":271,""ref_end_seq_id"":505}]",P37231,True,True,False,1,False,False,0.536634,1.0
5UFX_1,5UFX,1,UniProt,P03372,"[{""entity_beg_seq_id"":1,""ref_beg_seq_id"":306,""length"":249,""entity_end_seq_id"":249,""ref_end_seq_id"":554}]",P03372,True,True,False,1,False,False,0.418487,1.0
5UFW_1,5UFW,1,UniProt,P03372,"[{""entity_beg_seq_id"":1,""ref_beg_seq_id"":306,""length"":249,""entity_end_seq_id"":249,""ref_end_seq_id"":554}]",P03372,True,True,False,1,False,False,0.418487,1.0
5UFS_2,5UFS,2,UniProt,Q15466,"[{""entity_beg_seq_id"":2,""ref_beg_seq_id"":18,""length"":10,""entity_end_seq_id"":11,""ref_end_seq_id"":27}]",Q15466,True,True,False,1,False,False,0.038911,0.909091
5UFR_1,5UFR,1,UniProt,P51449,"[{""entity_beg_seq_id"":16,""ref_beg_seq_id"":265,""length"":243,""entity_end_seq_id"":258,""ref_end_seq_id"":507}]",P51449,True,True,False,1,False,False,0.469112,0.94186
5UFO_1,5UFO,1,UniProt,P51449,"[{""entity_beg_seq_id"":16,""ref_beg_seq_id"":265,""length"":243,""entity_end_seq_id"":258,""ref_end_seq_id"":507}]",P51449,True,True,False,1,False,False,0.469112,0.94186
5UC3_1,5UC3,1,UniProt,P04150,"[{""entity_beg_seq_id"":2,""ref_beg_seq_id"":522,""length"":256,""entity_end_seq_id"":257,""ref_end_seq_id"":777}]",P04150,True,True,False,1,False,False,0.329472,0.996109
5UAN_2,5UAN,2,UniProt,P10826,"[{""entity_beg_seq_id"":22,""ref_beg_seq_id"":80,""length"":376,""entity_end_seq_id"":397,""ref_end_seq_id"":455}]",P10826,True,True,False,1,False,False,0.826374,0.947103
5UAN_1,5UAN,1,UniProt,P19793,"[{""entity_beg_seq_id"":1,""ref_beg_seq_id"":98,""length"":365,""entity_end_seq_id"":365,""ref_end_seq_id"":462}]",P19793,True,True,False,1,False,False,0.790043,1.0
5U5L_1,5U5L,1,UniProt,P37231,"[{""entity_beg_seq_id"":1,""ref_beg_seq_id"":233,""length"":273,""entity_end_seq_id"":273,""ref_end_seq_id"":505}]",P37231,True,True,False,1,False,False,0.540594,1.0
5U46_1,5U46,1,UniProt,Q03181,"[{""entity_beg_seq_id"":1,""ref_beg_seq_id"":170,""length"":272,""entity_end_seq_id"":272,""ref_end_seq_id"":441}]",Q03181,True,True,False,1,False,False,0.61678,1.0
5U45_1,5U45,1,UniProt,Q03181,"[{""entity_beg_seq_id"":1,""ref_beg_seq_id"":170,""length"":272,""entity_end_seq_id"":272,""ref_end_seq_id"":441}]",Q03181,True,True,False,1,False,False,0.61678,1.0
5U44_1,5U44,1,UniProt,Q03181,"[{""entity_beg_seq_id"":1,""ref_beg_seq_id"":170,""length"":272,""entity_end_seq_id"":272,""ref_end_seq_id"":441}]",Q03181,True,True,False,1,False,False,0.61678,1.0
5U43_1,5U43,1,UniProt,Q03181,"[{""entity_beg_seq_id"":1,""ref_beg_seq_id"":170,""length"":272,""entity_end_seq_id"":272,""ref_end_seq_id"":441}]",Q03181,True,True,False,1,False,False,0.61678,1.0
5U42_1,5U42,1,UniProt,Q03181,"[{""entity_beg_seq_id"":1,""ref_beg_seq_id"":170,""length"":272,""entity_end_seq_id"":272,""ref_end_seq_id"":441}]",Q03181,True,True,False,1,False,False,0.61678,1.0
5U41_1,5U41,1,UniProt,Q03181,"[{""entity_beg_seq_id"":1,""ref_beg_seq_id"":170,""length"":272,""entity_end_seq_id"":272,""ref_end_seq_id"":441}]",Q03181,True,True,False,1,False,False,0.61678,1.0
5U40_1,5U40,1,UniProt,Q03181,"[{""entity_beg_seq_id"":1,""ref_beg_seq_id"":170,""length"":272,""entity_end_seq_id"":272,""ref_end_seq_id"":441}]",Q03181,True,True,False,1,False,False,0.61678,1.0
5U3Z_1,5U3Z,1,UniProt,Q03181,"[{""entity_beg_seq_id"":1,""ref_beg_seq_id"":170,""length"":272,""entity_end_seq_id"":272,""ref_end_seq_id"":441}]",Q03181,True,True,False,1,False,False,0.61678,1.0
5U3Y_1,5U3Y,1,UniProt,Q03181,"[{""entity_beg_seq_id"":1,""ref_beg_seq_id"":170,""length"":272,""entity_end_seq_id"":272,""ref_end_seq_id"":441}]",Q03181,True,True,False,1,False,False,0.61678,1.0
5U3X_1,5U3X,1,UniProt,Q03181,"[{""entity_beg_seq_id"":1,""ref_beg_seq_id"":170,""length"":272,""entity_end_seq_id"":272,""ref_end_seq_id"":441}]",Q03181,True,True,False,1,False,False,0.61678,1.0
5U3W_1,5U3W,1,UniProt,Q03181,"[{""entity_beg_seq_id"":1,""ref_beg_seq_id"":170,""length"":272,""entity_end_seq_id"":272,""ref_end_seq_id"":441}]",Q03181,True,True,False,1,False,False,0.61678,1.0
5U3V_1,5U3V,1,UniProt,Q03181,"[{""entity_beg_seq_id"":1,""ref_beg_seq_id"":170,""length"":272,""entity_end_seq_id"":272,""ref_end_seq_id"":441}]",Q03181,True,True,False,1,False,False,0.61678,1.0
5U3U_1,5U3U,1,UniProt,Q03181,"[{""entity_beg_seq_id"":1,""ref_beg_seq_id"":170,""length"":272,""entity_end_seq_id"":272,""ref_end_seq_id"":441}]",Q03181,True,True,False,1,False,False,0.61678,1.0
5U3T_1,5U3T,1,UniProt,Q03181,"[{""entity_beg_seq_id"":1,""ref_beg_seq_id"":170,""length"":272,""entity_end_seq_id"":272,""ref_end_seq_id"":441}]",Q03181,True,True,False,1,False,False,0.61678,1.0
5U3S_1,5U3S,1,UniProt,Q03181,"[{""entity_beg_seq_id"":1,""ref_beg_seq_id"":170,""length"":272,""entity_end_seq_id"":272,""ref_end_seq_id"":441}]",Q03181,True,True,False,1,False,False,0.61678,1.0
5U3R_1,5U3R,1,UniProt,Q03181,"[{""entity_beg_seq_id"":1,""ref_beg_seq_id"":170,""length"":272,""entity_end_seq_id"":272,""ref_end_seq_id"":441}]",Q03181,True,True,False,1,False,False,0.61678,1.0
5U3Q_1,5U3Q,1,UniProt,Q03181,"[{""entity_beg_seq_id"":1,""ref_beg_seq_id"":170,""length"":272,""entity_end_seq_id"":272,""ref_end_seq_id"":441}]",Q03181,True,True,False,1,False,False,0.61678,1.0
5U2D_1,5U2D,1,UniProt,P03372,"[{""entity_beg_seq_id"":1,""ref_beg_seq_id"":298,""length"":257,""entity_end_seq_id"":257,""ref_end_seq_id"":554}]",P03372,True,True,False,1,False,False,0.431933,1.0
5U2B_1,5U2B,1,UniProt,P03372,"[{""entity_beg_seq_id"":1,""ref_beg_seq_id"":298,""length"":257,""entity_end_seq_id"":257,""ref_end_seq_id"":554}]",P03372,True,True,False,1,False,False,0.431933,1.0
5TWO_1,5TWO,1,UniProt,P37231,"[{""entity_beg_seq_id"":1,""ref_beg_seq_id"":234,""length"":272,""entity_end_seq_id"":272,""ref_end_seq_id"":505}]",P37231,True,True,False,1,False,False,0.538614,1.0
5TTO_1,5TTO,1,UniProt,P37231,"[{""entity_beg_seq_id"":1,""ref_beg_seq_id"":233,""length"":273,""entity_end_seq_id"":273,""ref_end_seq_id"":505}]",P37231,True,True,False,1,False,False,0.540594,1.0
5TOA_1,5TOA,1,UniProt,Q92731,"[{""entity_beg_seq_id"":2,""ref_beg_seq_id"":262,""length"":248,""entity_end_seq_id"":249,""ref_end_seq_id"":509}]",Q92731,True,True,False,1,False,False,0.467925,0.995984
5TNB_1,5TNB,1,UniProt,P03372,"[{""entity_beg_seq_id"":1,""ref_beg_seq_id"":298,""length"":257,""entity_end_seq_id"":257,""ref_end_seq_id"":554}]",P03372,True,True,False,1,False,False,0.431933,1.0
5TN9_1,5TN9,1,UniProt,P03372,"[{""entity_beg_seq_id"":1,""ref_beg_seq_id"":298,""length"":257,""entity_end_seq_id"":257,""ref_end_seq_id"":554}]",P03372,True,True,False,1,False,False,0.431933,1.0
5TN8_1,5TN8,1,UniProt,P03372,"[{""entity_beg_seq_id"":1,""ref_beg_seq_id"":298,""length"":257,""entity_end_seq_id"":257,""ref_end_seq_id"":554}]",P03372,True,True,False,1,False,False,0.431933,1.0
5TN7_1,5TN7,1,UniProt,P03372,"[{""entity_beg_seq_id"":1,""ref_beg_seq_id"":298,""length"":257,""entity_end_seq_id"":257,""ref_end_seq_id"":554}]",P03372,True,True,False,1,False,False,0.431933,1.0
5TN6_1,5TN6,1,UniProt,P03372,"[{""entity_beg_seq_id"":1,""ref_beg_seq_id"":298,""length"":257,""entity_end_seq_id"":257,""ref_end_seq_id"":554}]",P03372,True,True,False,1,False,False,0.431933,1.0
5TN5_1,5TN5,1,UniProt,P03372,"[{""entity_beg_seq_id"":1,""ref_beg_seq_id"":298,""length"":257,""entity_end_seq_id"":257,""ref_end_seq_id"":554}]",P03372,True,True,False,1,False,False,0.431933,1.0
5TN4_1,5TN4,1,UniProt,P03372,"[{""entity_beg_seq_id"":1,""ref_beg_seq_id"":298,""length"":257,""entity_end_seq_id"":257,""ref_end_seq_id"":554}]",P03372,True,True,False,1,False,False,0.431933,1.0
5TN3_1,5TN3,1,UniProt,P03372,"[{""entity_beg_seq_id"":1,""ref_beg_seq_id"":298,""length"":257,""entity_end_seq_id"":257,""ref_end_seq_id"":554}]",P03372,True,True,False,1,False,False,0.431933,1.0
5TN1_1,5TN1,1,UniProt,P03372,"[{""entity_beg_seq_id"":1,""ref_beg_seq_id"":298,""length"":257,""entity_end_seq_id"":257,""ref_end_seq_id"":554}]",P03372,True,True,False,1,False,False,0.431933,1.0
5TMZ_1,5TMZ,1,UniProt,P03372,"[{""entity_beg_seq_id"":1,""ref_beg_seq_id"":298,""length"":257,""entity_end_seq_id"":257,""ref_end_seq_id"":554}]",P03372,True,True,False,1,False,False,0.431933,1.0
5TMW_1,5TMW,1,UniProt,P03372,"[{""entity_beg_seq_id"":1,""ref_beg_seq_id"":298,""length"":257,""entity_end_seq_id"":257,""ref_end_seq_id"":554}]",P03372,True,True,False,1,False,False,0.431933,1.0
5TMV_1,5TMV,1,UniProt,P03372,"[{""entity_beg_seq_id"":1,""ref_beg_seq_id"":298,""length"":257,""entity_end_seq_id"":257,""ref_end_seq_id"":554}]",P03372,True,True,False,1,False,False,0.431933,1.0
5TMU_1,5TMU,1,UniProt,P03372,"[{""entity_beg_seq_id"":1,""ref_beg_seq_id"":298,""length"":257,""entity_end_seq_id"":257,""ref_end_seq_id"":554}]",P03372,True,True,False,1,False,False,0.431933,1.0
5TMS_1,5TMS,1,UniProt,P03372,"[{""entity_beg_seq_id"":1,""ref_beg_seq_id"":298,""length"":257,""entity_end_seq_id"":257,""ref_end_seq_id"":554}]",P03372,True,True,False,1,False,False,0.431933,1.0
5TMR_1,5TMR,1,UniProt,P03372,"[{""entity_beg_seq_id"":1,""ref_beg_seq_id"":298,""length"":257,""entity_end_seq_id"":257,""ref_end_seq_id"":554}]",P03372,True,True,False,1,False,False,0.431933,1.0
5TMQ_1,5TMQ,1,UniProt,P03372,"[{""entity_beg_seq_id"":1,""ref_beg_seq_id"":298,""length"":257,""entity_end_seq_id"":257,""ref_end_seq_id"":554}]",P03372,True,True,False,1,False,False,0.431933,1.0
5TMO_1,5TMO,1,UniProt,P03372,"[{""entity_beg_seq_id"":1,""ref_beg_seq_id"":298,""length"":257,""entity_end_seq_id"":257,""ref_end_seq_id"":554}]",P03372,True,True,False,1,False,False,0.431933,1.0
5TMM_1,5TMM,1,UniProt,P03372,"[{""entity_beg_seq_id"":1,""ref_beg_seq_id"":298,""length"":257,""entity_end_seq_id"":257,""ref_end_seq_id"":554}]",P03372,True,True,False,1,False,False,0.431933,1.0
5TML_1,5TML,1,UniProt,P03372,"[{""entity_beg_seq_id"":1,""ref_beg_seq_id"":298,""length"":257,""entity_end_seq_id"":257,""ref_end_seq_id"":554}]",P03372,True,True,False,1,False,False,0.431933,1.0
5TM9_1,5TM9,1,UniProt,P03372,"[{""entity_beg_seq_id"":1,""ref_beg_seq_id"":298,""length"":257,""entity_end_seq_id"":257,""ref_end_seq_id"":554}]",P03372,True,True,False,1,False,False,0.431933,1.0
5TM8_1,5TM8,1,UniProt,P03372,"[{""entity_beg_seq_id"":1,""ref_beg_seq_id"":298,""length"":257,""entity_end_seq_id"":257,""ref_end_seq_id"":554}]",P03372,True,True,False,1,False,False,0.431933,1.0
5TM7_1,5TM7,1,UniProt,P03372,"[{""entity_beg_seq_id"":1,""ref_beg_seq_id"":298,""length"":257,""entity_end_seq_id"":257,""ref_end_seq_id"":554}]",P03372,True,True,False,1,False,False,0.431933,1.0
5TM6_1,5TM6,1,UniProt,P03372,"[{""entity_beg_seq_id"":1,""ref_beg_seq_id"":298,""length"":257,""entity_end_seq_id"":257,""ref_end_seq_id"":554}]",P03372,True,True,False,1,False,False,0.431933,1.0
5TM5_1,5TM5,1,UniProt,P03372,"[{""entity_beg_seq_id"":1,""ref_beg_seq_id"":298,""length"":257,""entity_end_seq_id"":257,""ref_end_seq_id"":554}]",P03372,True,True,False,1,False,False,0.431933,1.0
5TM4_1,5TM4,1,UniProt,P03372,"[{""entity_beg_seq_id"":1,""ref_beg_seq_id"":298,""length"":257,""entity_end_seq_id"":257,""ref_end_seq_id"":554}]",P03372,True,True,False,1,False,False,0.431933,1.0
5TM3_1,5TM3,1,UniProt,P03372,"[{""entity_beg_seq_id"":1,""ref_beg_seq_id"":298,""length"":257,""entity_end_seq_id"":257,""ref_end_seq_id"":554}]",P03372,True,True,False,1,False,False,0.431933,1.0
5TM2_1,5TM2,1,UniProt,P03372,"[{""entity_beg_seq_id"":1,""ref_beg_seq_id"":298,""length"":257,""entity_end_seq_id"":257,""ref_end_seq_id"":554}]",P03372,True,True,False,1,False,False,0.431933,1.0
5TM1_1,5TM1,1,UniProt,P03372,"[{""entity_beg_seq_id"":1,""ref_beg_seq_id"":298,""length"":257,""entity_end_seq_id"":257,""ref_end_seq_id"":554}]",P03372,True,True,False,1,False,False,0.431933,1.0
5TLY_1,5TLY,1,UniProt,P03372,"[{""entity_beg_seq_id"":1,""ref_beg_seq_id"":298,""length"":257,""entity_end_seq_id"":257,""ref_end_seq_id"":554}]",P03372,True,True,False,1,False,False,0.431933,1.0
5TLX_1,5TLX,1,UniProt,P03372,"[{""entity_beg_seq_id"":1,""ref_beg_seq_id"":298,""length"":257,""entity_end_seq_id"":257,""ref_end_seq_id"":554}]",P03372,True,True,False,1,False,False,0.431933,1.0
5TLV_1,5TLV,1,UniProt,P03372,"[{""entity_beg_seq_id"":1,""ref_beg_seq_id"":298,""length"":257,""entity_end_seq_id"":257,""ref_end_seq_id"":554}]",P03372,True,True,False,1,False,False,0.431933,1.0
5TLU_1,5TLU,1,UniProt,P03372,"[{""entity_beg_seq_id"":1,""ref_beg_seq_id"":298,""length"":257,""entity_end_seq_id"":257,""ref_end_seq_id"":554}]",P03372,True,True,False,1,False,False,0.431933,1.0
5TLT_1,5TLT,1,UniProt,P03372,"[{""entity_beg_seq_id"":1,""ref_beg_seq_id"":298,""length"":257,""entity_end_seq_id"":257,""ref_end_seq_id"":554}]",P03372,True,True,False,1,False,False,0.431933,1.0
5TLP_1,5TLP,1,UniProt,P03372,"[{""entity_beg_seq_id"":1,""ref_beg_seq_id"":298,""length"":257,""entity_end_seq_id"":257,""ref_end_seq_id"":554}]",P03372,True,True,False,1,False,False,0.431933,1.0
5TLO_1,5TLO,1,UniProt,P03372,"[{""entity_beg_seq_id"":1,""ref_beg_seq_id"":298,""length"":257,""entity_end_seq_id"":257,""ref_end_seq_id"":554}]",P03372,True,True,False,1,False,False,0.431933,1.0
5TLM_1,5TLM,1,UniProt,P03372,"[{""entity_beg_seq_id"":1,""ref_beg_seq_id"":298,""length"":257,""entity_end_seq_id"":257,""ref_end_seq_id"":554}]",P03372,True,True,False,1,False,False,0.431933,1.0
5TLL_1,5TLL,1,UniProt,P03372,"[{""entity_beg_seq_id"":1,""ref_beg_seq_id"":298,""length"":257,""entity_end_seq_id"":257,""ref_end_seq_id"":554}]",P03372,True,True,False,1,False,False,0.431933,1.0
5TLG_1,5TLG,1,UniProt,P03372,"[{""entity_beg_seq_id"":1,""ref_beg_seq_id"":298,""length"":257,""entity_end_seq_id"":257,""ref_end_seq_id"":554}]",P03372,True,True,False,1,False,False,0.431933,1.0
5TLF_1,5TLF,1,UniProt,P03372,"[{""entity_beg_seq_id"":1,""ref_beg_seq_id"":298,""length"":257,""entity_end_seq_id"":257,""ref_end_seq_id"":554}]",P03372,True,True,False,1,False,False,0.431933,1.0
5TLD_1,5TLD,1,UniProt,P03372,"[{""entity_beg_seq_id"":1,""ref_beg_seq_id"":298,""length"":257,""entity_end_seq_id"":257,""ref_end_seq_id"":554}]",P03372,True,True,False,1,False,False,0.431933,1.0
5TBP_1,5TBP,1,UniProt,P19793,"[{""entity_beg_seq_id"":5,""ref_beg_seq_id"":223,""length"":240,""entity_end_seq_id"":244,""ref_end_seq_id"":462}]",P19793,True,True,False,1,False,False,0.519481,0.983607
5T97_1,5T97,1,UniProt,P03372,"[{""entity_beg_seq_id"":2,""ref_beg_seq_id"":301,""length"":253,""entity_end_seq_id"":254,""ref_end_seq_id"":553}]",P03372,True,True,False,1,False,False,0.42521,0.996063
5T92_1,5T92,1,UniProt,P03372,"[{""entity_beg_seq_id"":2,""ref_beg_seq_id"":301,""length"":253,""entity_end_seq_id"":254,""ref_end_seq_id"":553}]",P03372,True,True,False,1,False,False,0.42521,0.996063
5T8J_1,5T8J,1,UniProt,P10275,"[{""entity_beg_seq_id"":10,""ref_beg_seq_id"":672,""length"":249,""entity_end_seq_id"":258,""ref_end_seq_id"":920}]",P10275,True,True,False,1,False,False,0.270652,0.965116
5T8E_1,5T8E,1,UniProt,P10275,"[{""entity_beg_seq_id"":10,""ref_beg_seq_id"":672,""length"":249,""entity_end_seq_id"":258,""ref_end_seq_id"":920}]",P10275,True,True,False,1,False,False,0.270652,0.965116
5T1Z_1,5T1Z,1,UniProt,P03372,"[{""entity_beg_seq_id"":1,""ref_beg_seq_id"":305,""length"":250,""entity_end_seq_id"":250,""ref_end_seq_id"":554}]",P03372,True,True,False,1,False,False,0.420168,1.0
5T0X_2,5T0X,2,UniProt,P03372,"[{""entity_beg_seq_id"":1,""ref_beg_seq_id"":287,""length"":19,""entity_end_seq_id"":19,""ref_end_seq_id"":305}]",P03372,True,True,False,1,False,False,0.031933,1.0
5SYZ_1,5SYZ,1,UniProt,O00482,"[{""entity_beg_seq_id"":1,""ref_beg_seq_id"":297,""length"":242,""entity_end_seq_id"":242,""ref_end_seq_id"":538}]",O00482,True,True,False,1,False,False,0.44732,1.0
5Q1I_1,5Q1I,1,UniProt,Q96RI1,"[{""entity_beg_seq_id"":5,""ref_beg_seq_id"":258,""length"":229,""entity_end_seq_id"":233,""ref_end_seq_id"":486}]",Q96RI1,True,True,False,1,False,False,0.471193,0.982833
5Q1H_1,5Q1H,1,UniProt,Q96RI1,"[{""entity_beg_seq_id"":5,""ref_beg_seq_id"":258,""length"":229,""entity_end_seq_id"":233,""ref_end_seq_id"":486}]",Q96RI1,True,True,False,1,False,False,0.471193,0.982833
5Q1G_1,5Q1G,1,UniProt,Q96RI1,"[{""entity_beg_seq_id"":5,""ref_beg_seq_id"":258,""length"":229,""entity_end_seq_id"":233,""ref_end_seq_id"":486}]",Q96RI1,True,True,False,1,False,False,0.471193,0.982833
5Q1F_1,5Q1F,1,UniProt,Q96RI1,"[{""entity_beg_seq_id"":5,""ref_beg_seq_id"":258,""length"":229,""entity_end_seq_id"":233,""ref_end_seq_id"":486}]",Q96RI1,True,True,False,1,False,False,0.471193,0.982833
5Q1E_1,5Q1E,1,UniProt,Q96RI1,"[{""entity_beg_seq_id"":5,""ref_beg_seq_id"":258,""length"":229,""entity_end_seq_id"":233,""ref_end_seq_id"":486}]",Q96RI1,True,True,False,1,False,False,0.471193,0.982833
5Q1D_1,5Q1D,1,UniProt,Q96RI1,"[{""entity_beg_seq_id"":5,""ref_beg_seq_id"":258,""length"":229,""entity_end_seq_id"":233,""ref_end_seq_id"":486}]",Q96RI1,True,True,False,1,False,False,0.471193,0.982833
5Q1C_1,5Q1C,1,UniProt,Q96RI1,"[{""entity_beg_seq_id"":5,""ref_beg_seq_id"":258,""length"":229,""entity_end_seq_id"":233,""ref_end_seq_id"":486}]",Q96RI1,True,True,False,1,False,False,0.471193,0.982833
5Q1B_1,5Q1B,1,UniProt,Q96RI1,"[{""entity_beg_seq_id"":5,""ref_beg_seq_id"":258,""length"":229,""entity_end_seq_id"":233,""ref_end_seq_id"":486}]",Q96RI1,True,True,False,1,False,False,0.471193,0.982833
5Q1A_1,5Q1A,1,UniProt,Q96RI1,"[{""entity_beg_seq_id"":5,""ref_beg_seq_id"":258,""length"":229,""entity_end_seq_id"":233,""ref_end_seq_id"":486}]",Q96RI1,True,True,False,1,False,False,0.471193,0.982833
5Q19_1,5Q19,1,UniProt,Q96RI1,"[{""entity_beg_seq_id"":5,""ref_beg_seq_id"":258,""length"":229,""entity_end_seq_id"":233,""ref_end_seq_id"":486}]",Q96RI1,True,True,False,1,False,False,0.471193,0.982833
5Q18_1,5Q18,1,UniProt,Q96RI1,"[{""entity_beg_seq_id"":5,""ref_beg_seq_id"":258,""length"":229,""entity_end_seq_id"":233,""ref_end_seq_id"":486}]",Q96RI1,True,True,False,1,False,False,0.471193,0.982833
5Q17_1,5Q17,1,UniProt,Q96RI1,"[{""entity_beg_seq_id"":5,""ref_beg_seq_id"":258,""length"":229,""entity_end_seq_id"":233,""ref_end_seq_id"":486}]",Q96RI1,True,True,False,1,False,False,0.471193,0.982833
5Q16_1,5Q16,1,UniProt,Q96RI1,"[{""entity_beg_seq_id"":5,""ref_beg_seq_id"":258,""length"":229,""entity_end_seq_id"":233,""ref_end_seq_id"":486}]",Q96RI1,True,True,False,1,False,False,0.471193,0.982833
5Q15_1,5Q15,1,UniProt,Q96RI1,"[{""entity_beg_seq_id"":5,""ref_beg_seq_id"":258,""length"":229,""entity_end_seq_id"":233,""ref_end_seq_id"":486}]",Q96RI1,True,True,False,1,False,False,0.471193,0.982833
6HKF_2,6HKF,2,UniProt,P03372,"[{""entity_beg_seq_id"":1,""ref_beg_seq_id"":588,""length"":8,""entity_end_seq_id"":8,""ref_end_seq_id"":595}]",P03372,True,True,False,1,False,False,0.013445,1.0
6HL0_1,6HL0,1,UniProt,Q96RI1,"[{""entity_beg_seq_id"":4,""ref_beg_seq_id"":258,""length"":229,""entity_end_seq_id"":232,""ref_end_seq_id"":486}]",Q96RI1,True,True,False,1,False,False,0.471193,0.987069
6I62_1,6I62,1,UniProt,P62508,"[{""entity_beg_seq_id"":1,""ref_beg_seq_id"":222,""length"":237,""entity_end_seq_id"":237,""ref_end_seq_id"":458}]",P62508,True,True,False,1,False,False,0.517467,1.0
6K0T_1,6K0T,1,UniProt,P37231,"[{""entity_beg_seq_id"":5,""ref_beg_seq_id"":223,""length"":283,""entity_end_seq_id"":287,""ref_end_seq_id"":505}]",P37231,True,True,False,1,False,False,0.560396,0.986063
6KTM_1,6KTM,1,UniProt,P37231,"[{""entity_beg_seq_id"":1,""ref_beg_seq_id"":223,""length"":283,""entity_end_seq_id"":283,""ref_end_seq_id"":505}]",P37231,True,True,False,1,False,False,0.560396,1.0
6KTN_1,6KTN,1,UniProt,P37231,"[{""entity_beg_seq_id"":1,""ref_beg_seq_id"":223,""length"":283,""entity_end_seq_id"":283,""ref_end_seq_id"":505}]",P37231,True,True,False,1,False,False,0.560396,1.0
6L89_1,6L89,1,UniProt,P37231,"[{""entity_beg_seq_id"":5,""ref_beg_seq_id"":223,""length"":283,""entity_end_seq_id"":287,""ref_end_seq_id"":505}]",P37231,True,True,False,1,False,False,0.560396,0.986063
6L88_1,6L88,1,UniProt,P08235,"[{""entity_beg_seq_id"":2,""ref_beg_seq_id"":735,""length"":250,""entity_end_seq_id"":251,""ref_end_seq_id"":984}]",P08235,True,True,False,1,False,False,0.254065,0.996016
6L6Q_1,6L6Q,1,UniProt,P43354,"[{""entity_beg_seq_id"":1,""ref_beg_seq_id"":262,""length"":85,""entity_end_seq_id"":85,""ref_end_seq_id"":346}]",P43354,True,True,False,1,False,False,0.14214,1.0
6L6L_1,6L6L,1,UniProt,P43354,"[{""entity_beg_seq_id"":1,""ref_beg_seq_id"":262,""length"":85,""entity_end_seq_id"":85,""ref_end_seq_id"":346}]",P43354,True,True,False,1,False,False,0.14214,1.0
6L6K_1,6L6K,1,UniProt,P19793,"[{""entity_beg_seq_id"":5,""ref_beg_seq_id"":224,""length"":239,""entity_end_seq_id"":243,""ref_end_seq_id"":462}]",P19793,True,True,False,1,False,False,0.517316,0.983539
6L38_1,6L38,1,UniProt,Q07869,"[{""entity_beg_seq_id"":5,""ref_beg_seq_id"":200,""length"":269,""entity_end_seq_id"":273,""ref_end_seq_id"":468}]",Q07869,True,True,False,1,False,False,0.574786,0.985348
6L37_1,6L37,1,UniProt,Q07869,"[{""entity_beg_seq_id"":5,""ref_beg_seq_id"":200,""length"":269,""entity_end_seq_id"":273,""ref_end_seq_id"":468}]",Q07869,True,True,False,1,False,False,0.574786,0.985348
6L36_1,6L36,1,UniProt,Q07869,"[{""entity_beg_seq_id"":5,""ref_beg_seq_id"":200,""length"":269,""entity_end_seq_id"":273,""ref_end_seq_id"":468}]",Q07869,True,True,False,1,False,False,0.574786,0.985348
6KZ5_1,6KZ5,1,UniProt,P22736,"[{""entity_beg_seq_id"":2,""ref_beg_seq_id"":351,""length"":248,""entity_end_seq_id"":249,""ref_end_seq_id"":598}]",P22736,True,True,False,1,False,False,0.414716,0.964981
6KYP_1,6KYP,1,UniProt,Q07869,"[{""entity_beg_seq_id"":5,""ref_beg_seq_id"":200,""length"":269,""entity_end_seq_id"":273,""ref_end_seq_id"":468}]",Q07869,True,True,False,1,False,False,0.574786,0.985348
6KXY_1,6KXY,1,UniProt,Q07869,"[{""entity_beg_seq_id"":4,""ref_beg_seq_id"":200,""length"":269,""entity_end_seq_id"":272,""ref_end_seq_id"":468}]",Q07869,True,True,False,1,False,False,0.574786,0.988971
6KXX_1,6KXX,1,UniProt,Q07869,"[{""entity_beg_seq_id"":4,""ref_beg_seq_id"":200,""length"":269,""entity_end_seq_id"":272,""ref_end_seq_id"":468}]",Q07869,True,True,False,1,False,False,0.574786,0.988971
6KNW_1,6KNW,1,UniProt,P10828,"[{""entity_beg_seq_id"":1,""ref_beg_seq_id"":211,""length"":250,""entity_end_seq_id"":250,""ref_end_seq_id"":460}]",P10828,True,True,False,1,False,False,0.542299,1.0
6KNV_1,6KNV,1,UniProt,P10828,"[{""entity_beg_seq_id"":1,""ref_beg_seq_id"":211,""length"":250,""entity_end_seq_id"":250,""ref_end_seq_id"":460}]",P10828,True,True,False,1,False,False,0.542299,1.0
6KNU_1,6KNU,1,UniProt,P10828,"[{""entity_beg_seq_id"":1,""ref_beg_seq_id"":211,""length"":250,""entity_end_seq_id"":250,""ref_end_seq_id"":460}]",P10828,True,True,False,1,False,False,0.542299,1.0
6KNR_1,6KNR,1,UniProt,P62508,"[{""entity_beg_seq_id"":7,""ref_beg_seq_id"":222,""length"":237,""entity_end_seq_id"":243,""ref_end_seq_id"":458}]",P62508,True,True,False,1,False,False,0.517467,0.975309
6KKE_1,6KKE,1,UniProt,P10828,"[{""entity_beg_seq_id"":1,""ref_beg_seq_id"":211,""length"":249,""entity_end_seq_id"":249,""ref_end_seq_id"":459}]",P10828,True,True,False,1,False,False,0.54013,1.0
6KKB_1,6KKB,1,UniProt,P10828,"[{""entity_beg_seq_id"":1,""ref_beg_seq_id"":211,""length"":250,""entity_end_seq_id"":250,""ref_end_seq_id"":460}]",P10828,True,True,False,1,False,False,0.542299,1.0
6KBA_1,6KBA,1,UniProt,Q07869,"[{""entity_beg_seq_id"":5,""ref_beg_seq_id"":200,""length"":269,""entity_end_seq_id"":273,""ref_end_seq_id"":468}]",Q07869,True,True,False,1,False,False,0.574786,0.985348
6KB9_1,6KB9,1,UniProt,Q07869,"[{""entity_beg_seq_id"":5,""ref_beg_seq_id"":200,""length"":269,""entity_end_seq_id"":273,""ref_end_seq_id"":468}]",Q07869,True,True,False,1,False,False,0.574786,0.985348
6KB8_1,6KB8,1,UniProt,Q07869,"[{""entity_beg_seq_id"":5,""ref_beg_seq_id"":200,""length"":269,""entity_end_seq_id"":273,""ref_end_seq_id"":468}]",Q07869,True,True,False,1,False,False,0.574786,0.985348
6KB7_1,6KB7,1,UniProt,Q07869,"[{""entity_beg_seq_id"":5,""ref_beg_seq_id"":200,""length"":269,""entity_end_seq_id"":273,""ref_end_seq_id"":468}]",Q07869,True,True,False,1,False,False,0.574786,0.985348
6KB6_1,6KB6,1,UniProt,Q07869,"[{""entity_beg_seq_id"":5,""ref_beg_seq_id"":200,""length"":269,""entity_end_seq_id"":273,""ref_end_seq_id"":468}]",Q07869,True,True,False,1,False,False,0.574786,0.985348
6KB5_1,6KB5,1,UniProt,Q07869,"[{""entity_beg_seq_id"":5,""ref_beg_seq_id"":200,""length"":269,""entity_end_seq_id"":273,""ref_end_seq_id"":468}]",Q07869,True,True,False,1,False,False,0.574786,0.985348
6KB4_1,6KB4,1,UniProt,Q07869,"[{""entity_beg_seq_id"":5,""ref_beg_seq_id"":200,""length"":269,""entity_end_seq_id"":273,""ref_end_seq_id"":468}]",Q07869,True,True,False,1,False,False,0.574786,0.985348
6KB3_1,6KB3,1,UniProt,Q07869,"[{""entity_beg_seq_id"":5,""ref_beg_seq_id"":200,""length"":269,""entity_end_seq_id"":273,""ref_end_seq_id"":468}]",Q07869,True,True,False,1,False,False,0.574786,0.985348
6KB2_1,6KB2,1,UniProt,Q07869,"[{""entity_beg_seq_id"":5,""ref_beg_seq_id"":200,""length"":269,""entity_end_seq_id"":273,""ref_end_seq_id"":468}]",Q07869,True,True,False,1,False,False,0.574786,0.985348
6KB1_1,6KB1,1,UniProt,Q07869,"[{""entity_beg_seq_id"":5,""ref_beg_seq_id"":200,""length"":269,""entity_end_seq_id"":273,""ref_end_seq_id"":468}]",Q07869,True,True,False,1,False,False,0.574786,0.985348
6KB0_1,6KB0,1,UniProt,Q07869,"[{""entity_beg_seq_id"":5,""ref_beg_seq_id"":200,""length"":269,""entity_end_seq_id"":273,""ref_end_seq_id"":468}]",Q07869,True,True,False,1,False,False,0.574786,0.985348
6KAZ_1,6KAZ,1,UniProt,Q07869,"[{""entity_beg_seq_id"":5,""ref_beg_seq_id"":200,""length"":269,""entity_end_seq_id"":273,""ref_end_seq_id"":468}]",Q07869,True,True,False,1,False,False,0.574786,0.985348
6KAY_1,6KAY,1,UniProt,Q07869,"[{""entity_beg_seq_id"":5,""ref_beg_seq_id"":200,""length"":269,""entity_end_seq_id"":273,""ref_end_seq_id"":468}]",Q07869,True,True,False,1,False,False,0.574786,0.985348
6KAX_1,6KAX,1,UniProt,Q07869,"[{""entity_beg_seq_id"":5,""ref_beg_seq_id"":200,""length"":269,""entity_end_seq_id"":273,""ref_end_seq_id"":468}]",Q07869,True,True,False,1,False,False,0.574786,0.985348
6K9M_1,6K9M,1,UniProt,P55055,"[{""entity_beg_seq_id"":9,""ref_beg_seq_id"":214,""length"":247,""entity_end_seq_id"":255,""ref_end_seq_id"":460}]",P55055,True,True,False,1,False,False,0.536957,0.90146
6K9H_1,6K9H,1,UniProt,P55055,"[{""entity_beg_seq_id"":9,""ref_beg_seq_id"":214,""length"":247,""entity_end_seq_id"":255,""ref_end_seq_id"":460}]",P55055,True,True,False,1,False,False,0.536957,0.90146
6K9G_1,6K9G,1,UniProt,P55055,"[{""entity_beg_seq_id"":9,""ref_beg_seq_id"":214,""length"":247,""entity_end_seq_id"":255,""ref_end_seq_id"":460}]",P55055,True,True,False,1,False,False,0.536957,0.90146
6K3N_1,6K3N,1,UniProt,P62508,"[{""entity_beg_seq_id"":1,""ref_beg_seq_id"":232,""length"":227,""entity_end_seq_id"":227,""ref_end_seq_id"":458}]",P62508,True,True,False,1,False,False,0.495633,1.0
6JQ7_1,6JQ7,1,UniProt,P37231,"[{""entity_beg_seq_id"":1,""ref_beg_seq_id"":223,""length"":283,""entity_end_seq_id"":283,""ref_end_seq_id"":505}]",P37231,True,True,False,1,False,False,0.560396,1.0
6JNR_1,6JNR,1,UniProt,P19793,"[{""entity_beg_seq_id"":5,""ref_beg_seq_id"":224,""length"":239,""entity_end_seq_id"":243,""ref_end_seq_id"":462}]",P19793,True,True,False,1,False,False,0.517316,0.983539
6JNO_1,6JNO,1,UniProt,P19793,"[{""entity_beg_seq_id"":5,""ref_beg_seq_id"":224,""length"":239,""entity_end_seq_id"":243,""ref_end_seq_id"":462}]",P19793,True,True,False,1,False,False,0.517316,0.983539
6JIO_1,6JIO,1,UniProt,P55055,"[{""entity_beg_seq_id"":9,""ref_beg_seq_id"":214,""length"":247,""entity_end_seq_id"":255,""ref_end_seq_id"":460}]",P55055,True,True,False,1,False,False,0.536957,0.90146
6JF0_1,6JF0,1,UniProt,P37231,"[{""entity_beg_seq_id"":3,""ref_beg_seq_id"":232,""length"":274,""entity_end_seq_id"":276,""ref_end_seq_id"":505}]",P37231,True,True,False,1,False,False,0.542574,0.992754
6JEY_1,6JEY,1,UniProt,P37231,"[{""entity_beg_seq_id"":3,""ref_beg_seq_id"":232,""length"":274,""entity_end_seq_id"":276,""ref_end_seq_id"":505}]",P37231,True,True,False,1,False,False,0.542574,0.992754
6J3N_1,6J3N,1,UniProt,P51449,"[{""entity_beg_seq_id"":2,""ref_beg_seq_id"":265,""length"":245,""entity_end_seq_id"":246,""ref_end_seq_id"":509}]",P51449,True,True,False,1,False,False,0.472973,0.995935
6J1L_1,6J1L,1,UniProt,P51449,"[{""entity_beg_seq_id"":22,""ref_beg_seq_id"":262,""length"":246,""entity_end_seq_id"":267,""ref_end_seq_id"":507}]",P51449,True,True,False,1,False,False,0.474903,0.921348
6IZN_1,6IZN,1,UniProt,P37231,"[{""entity_beg_seq_id"":12,""ref_beg_seq_id"":234,""length"":272,""entity_end_seq_id"":283,""ref_end_seq_id"":505}]",P37231,True,True,False,1,False,False,0.538614,0.961131
6IZM_1,6IZM,1,UniProt,P37231,"[{""entity_beg_seq_id"":12,""ref_beg_seq_id"":234,""length"":272,""entity_end_seq_id"":283,""ref_end_seq_id"":505}]",P37231,True,True,False,1,False,False,0.538614,0.961131
6IVX_1,6IVX,1,UniProt,P51449,"[{""entity_beg_seq_id"":1,""ref_beg_seq_id"":261,""length"":258,""entity_end_seq_id"":258,""ref_end_seq_id"":518}]",P51449,True,True,False,1,False,False,0.498069,1.0
6ITM_1,6ITM,1,UniProt,Q96RI1,"[{""entity_beg_seq_id"":11,""ref_beg_seq_id"":257,""length"":230,""entity_end_seq_id"":240,""ref_end_seq_id"":486}]",Q96RI1,True,True,False,1,False,False,0.473251,0.958333
6ILQ_1,6ILQ,1,UniProt,P37231,"[{""entity_beg_seq_id"":1,""ref_beg_seq_id"":234,""length"":272,""entity_end_seq_id"":272,""ref_end_seq_id"":505}]",P37231,True,True,False,1,False,False,0.538614,1.0
6IJS_1,6IJS,1,UniProt,P37231,"[{""entity_beg_seq_id"":1,""ref_beg_seq_id"":232,""length"":274,""entity_end_seq_id"":274,""ref_end_seq_id"":505}]",P37231,True,True,False,1,False,False,0.542574,1.0
6IJR_1,6IJR,1,UniProt,P37231,"[{""entity_beg_seq_id"":1,""ref_beg_seq_id"":223,""length"":283,""entity_end_seq_id"":283,""ref_end_seq_id"":505}]",P37231,True,True,False,1,False,False,0.560396,1.0
6ICJ_1,6ICJ,1,UniProt,P37231,"[{""entity_beg_seq_id"":1,""ref_beg_seq_id"":234,""length"":272,""entity_end_seq_id"":272,""ref_end_seq_id"":505}]",P37231,True,True,False,1,False,False,0.538614,1.0
6IAR_1,6IAR,1,UniProt,P03372,"[{""entity_beg_seq_id"":1,""ref_beg_seq_id"":307,""length"":237,""entity_end_seq_id"":237,""ref_end_seq_id"":543}]",P03372,True,True,False,1,False,False,0.398319,1.0
6I67_1,6I67,1,UniProt,P62508,"[{""entity_beg_seq_id"":5,""ref_beg_seq_id"":222,""length"":237,""entity_end_seq_id"":241,""ref_end_seq_id"":458}]",P62508,True,True,False,1,False,False,0.517467,0.983402
6I66_1,6I66,1,UniProt,P62508,"[{""entity_beg_seq_id"":5,""ref_beg_seq_id"":222,""length"":237,""entity_end_seq_id"":241,""ref_end_seq_id"":458}]",P62508,True,True,False,1,False,False,0.517467,0.983402
6I65_1,6I65,1,UniProt,P62508,"[{""entity_beg_seq_id"":5,""ref_beg_seq_id"":222,""length"":237,""entity_end_seq_id"":241,""ref_end_seq_id"":458}]",P62508,True,True,False,1,False,False,0.517467,0.983402
6I64_1,6I64,1,UniProt,P62508,"[{""entity_beg_seq_id"":5,""ref_beg_seq_id"":222,""length"":237,""entity_end_seq_id"":241,""ref_end_seq_id"":458}]",P62508,True,True,False,1,False,False,0.517467,0.983402
6I63_1,6I63,1,UniProt,P62508,"[{""entity_beg_seq_id"":1,""ref_beg_seq_id"":222,""length"":237,""entity_end_seq_id"":237,""ref_end_seq_id"":458}]",P62508,True,True,False,1,False,False,0.517467,1.0
6I61_1,6I61,1,UniProt,P62508,"[{""entity_beg_seq_id"":5,""ref_beg_seq_id"":222,""length"":237,""entity_end_seq_id"":241,""ref_end_seq_id"":458}]",P62508,True,True,False,1,False,False,0.517467,0.983402
6HTY_1,6HTY,1,UniProt,O75469,"[{""entity_beg_seq_id"":11,""ref_beg_seq_id"":129,""length"":306,""entity_end_seq_id"":316,""ref_end_seq_id"":434}]",O75469,True,True,False,1,False,False,0.705069,0.889535
6HTY_1,6HTY,1,UniProt,Q15788,"[{""entity_beg_seq_id"":322,""ref_beg_seq_id"":678,""length"":23,""entity_end_seq_id"":344,""ref_end_seq_id"":700}]",O75469,False,False,False,1,False,False,,0.06686
6HN6_1,6HN6,1,UniProt,P19793,"[{""entity_beg_seq_id"":21,""ref_beg_seq_id"":201,""length"":262,""entity_end_seq_id"":282,""ref_end_seq_id"":462}]",P19793,True,True,False,1,False,False,0.5671,0.929078
6HMU_2,6HMU,2,UniProt,P03372,"[{""entity_beg_seq_id"":1,""ref_beg_seq_id"":588,""length"":8,""entity_end_seq_id"":8,""ref_end_seq_id"":595}]",P03372,True,True,False,1,False,False,0.013445,1.0
6HL1_1,6HL1,1,UniProt,Q96RI1,"[{""entity_beg_seq_id"":4,""ref_beg_seq_id"":258,""length"":229,""entity_end_seq_id"":232,""ref_end_seq_id"":486}]",Q96RI1,True,True,False,1,False,False,0.471193,0.987069
6HKB_2,6HKB,2,UniProt,P03372,"[{""entity_beg_seq_id"":1,""ref_beg_seq_id"":588,""length"":8,""entity_end_seq_id"":8,""ref_end_seq_id"":595}]",P03372,True,True,False,1,False,False,0.013445,1.0
6HJ2_1,6HJ2,1,UniProt,O75469,"[{""entity_beg_seq_id"":12,""ref_beg_seq_id"":130,""length"":304,""entity_end_seq_id"":315,""ref_end_seq_id"":433}]",O75469,True,True,False,1,False,False,0.700461,0.965079
6HHP_2,6HHP,2,UniProt,P03372,"[{""entity_beg_seq_id"":1,""ref_beg_seq_id"":588,""length"":8,""entity_end_seq_id"":8,""ref_end_seq_id"":595}]",P03372,True,True,False,1,False,False,0.013445,1.0
6GGG_1,6GGG,1,UniProt,P08235,"[{""entity_beg_seq_id"":23,""ref_beg_seq_id"":735,""length"":250,""entity_end_seq_id"":272,""ref_end_seq_id"":984}]",P08235,True,True,False,1,False,False,0.254065,0.819672
6GG8_1,6GG8,1,UniProt,P08235,"[{""entity_beg_seq_id"":23,""ref_beg_seq_id"":735,""length"":250,""entity_end_seq_id"":272,""ref_end_seq_id"":984}]",P08235,True,True,False,1,False,False,0.254065,0.819672
6GEV_1,6GEV,1,UniProt,P08235,"[{""entity_beg_seq_id"":23,""ref_beg_seq_id"":735,""length"":250,""entity_end_seq_id"":272,""ref_end_seq_id"":984}]",P08235,True,True,False,1,False,False,0.254065,0.819672
6G07_1,6G07,1,UniProt,P51449,"[{""entity_beg_seq_id"":2,""ref_beg_seq_id"":263,""length"":256,""entity_end_seq_id"":257,""ref_end_seq_id"":518}]",P51449,True,True,False,1,False,False,0.494208,0.996109
6G05_1,6G05,1,UniProt,P51449,"[{""entity_beg_seq_id"":2,""ref_beg_seq_id"":263,""length"":256,""entity_end_seq_id"":257,""ref_end_seq_id"":518}]",P51449,True,True,False,1,False,False,0.494208,0.996109
6FZY_1,6FZY,1,UniProt,P37231,"[{""entity_beg_seq_id"":5,""ref_beg_seq_id"":231,""length"":275,""entity_end_seq_id"":279,""ref_end_seq_id"":505}]",P37231,True,True,False,1,False,False,0.544554,0.985663
6FZU_1,6FZU,1,UniProt,P51449,"[{""entity_beg_seq_id"":2,""ref_beg_seq_id"":263,""length"":256,""entity_end_seq_id"":257,""ref_end_seq_id"":518}]",P51449,True,True,False,1,False,False,0.494208,0.996109
6FZP_1,6FZP,1,UniProt,P37231,"[{""entity_beg_seq_id"":1,""ref_beg_seq_id"":231,""length"":275,""entity_end_seq_id"":275,""ref_end_seq_id"":505}]",P37231,True,True,False,1,False,False,0.544554,1.0
6FZJ_1,6FZJ,1,UniProt,P37231,"[{""entity_beg_seq_id"":1,""ref_beg_seq_id"":231,""length"":275,""entity_end_seq_id"":275,""ref_end_seq_id"":505}]",P37231,True,True,False,1,False,False,0.544554,1.0
6FZG_1,6FZG,1,UniProt,P37231,"[{""entity_beg_seq_id"":2,""ref_beg_seq_id"":231,""length"":275,""entity_end_seq_id"":276,""ref_end_seq_id"":505}]",P37231,True,True,False,1,False,False,0.544554,0.996377
6FZF_1,6FZF,1,UniProt,P37231,"[{""entity_beg_seq_id"":5,""ref_beg_seq_id"":231,""length"":275,""entity_end_seq_id"":279,""ref_end_seq_id"":505}]",P37231,True,True,False,1,False,False,0.544554,0.985663
6FX0_1,6FX0,1,UniProt,P13631,"[{""entity_beg_seq_id"":1,""ref_beg_seq_id"":1,""length"":454,""entity_end_seq_id"":454,""ref_end_seq_id"":454}]",P13631,True,True,False,1,False,False,1.0,1.0
6FGQ_1,6FGQ,1,UniProt,P51449,"[{""entity_beg_seq_id"":23,""ref_beg_seq_id"":265,""length"":243,""entity_end_seq_id"":265,""ref_end_seq_id"":507}]",P51449,True,True,False,1,False,False,0.469112,0.916981
6FBR_1,6FBR,1,UniProt,P19793,"[{""entity_beg_seq_id"":5,""ref_beg_seq_id"":130,""length"":83,""entity_end_seq_id"":87,""ref_end_seq_id"":212}]",P19793,True,True,False,1,False,False,0.179654,0.954023
6FBQ_1,6FBQ,1,UniProt,P19793,"[{""entity_beg_seq_id"":5,""ref_beg_seq_id"":130,""length"":83,""entity_end_seq_id"":87,""ref_end_seq_id"":212}]",P19793,True,True,False,1,False,False,0.179654,0.954023
6F2L_1,6F2L,1,UniProt,P37231,"[{""entity_beg_seq_id"":22,""ref_beg_seq_id"":223,""length"":283,""entity_end_seq_id"":304,""ref_end_seq_id"":505}]",P37231,True,True,False,1,False,False,0.560396,0.930921
6ESN_1,6ESN,1,UniProt,P51449,"[{""entity_beg_seq_id"":23,""ref_beg_seq_id"":265,""length"":243,""entity_end_seq_id"":265,""ref_end_seq_id"":507}]",P51449,True,True,False,1,False,False,0.469112,0.910112
6ENQ_1,6ENQ,1,UniProt,P37231,"[{""entity_beg_seq_id"":1,""ref_beg_seq_id"":224,""length"":282,""entity_end_seq_id"":282,""ref_end_seq_id"":505}]",P37231,True,True,False,1,False,False,0.558416,1.0
6EL9_1,6EL9,1,UniProt,P04150,"[{""entity_beg_seq_id"":3,""ref_beg_seq_id"":500,""length"":278,""entity_end_seq_id"":280,""ref_end_seq_id"":777}]",P04150,True,True,False,1,False,False,0.357786,0.992857
6EL7_1,6EL7,1,UniProt,P04150,"[{""entity_beg_seq_id"":3,""ref_beg_seq_id"":500,""length"":278,""entity_end_seq_id"":280,""ref_end_seq_id"":777}]",P04150,True,True,False,1,False,False,0.357786,0.992857
6EL6_1,6EL6,1,UniProt,P04150,"[{""entity_beg_seq_id"":3,""ref_beg_seq_id"":500,""length"":278,""entity_end_seq_id"":280,""ref_end_seq_id"":777}]",P04150,True,True,False,1,False,False,0.357786,0.992857
6E5A_1,6E5A,1,UniProt,P37231,"[{""entity_beg_seq_id"":1,""ref_beg_seq_id"":233,""length"":273,""entity_end_seq_id"":273,""ref_end_seq_id"":505}]",P37231,True,True,False,1,False,False,0.540594,1.0
6E3G_1,6E3G,1,UniProt,P51449,"[{""entity_beg_seq_id"":1,""ref_beg_seq_id"":263,""length"":245,""entity_end_seq_id"":245,""ref_end_seq_id"":507}]",P51449,True,True,False,1,False,False,0.472973,1.0
6E3E_1,6E3E,1,UniProt,P51449,"[{""entity_beg_seq_id"":1,""ref_beg_seq_id"":265,""length"":217,""entity_end_seq_id"":217,""ref_end_seq_id"":481}]",P51449,True,True,False,1,False,False,0.418919,1.0
6DXK_1,6DXK,1,UniProt,P04150,"[{""entity_beg_seq_id"":3,""ref_beg_seq_id"":522,""length"":256,""entity_end_seq_id"":258,""ref_end_seq_id"":777}]",P04150,True,True,False,1,False,False,0.329472,0.992248
6DUP_1,6DUP,1,UniProt,O75469,"[{""entity_beg_seq_id"":12,""ref_beg_seq_id"":130,""length"":297,""entity_end_seq_id"":308,""ref_end_seq_id"":426}]",O75469,True,True,False,1,False,False,0.684332,0.863372
6DHA_1,6DHA,1,UniProt,P37231,"[{""entity_beg_seq_id"":1,""ref_beg_seq_id"":235,""length"":271,""entity_end_seq_id"":271,""ref_end_seq_id"":505}]",P37231,True,True,False,1,False,False,0.536634,1.0
6DH9_1,6DH9,1,UniProt,P37231,"[{""entity_beg_seq_id"":1,""ref_beg_seq_id"":235,""length"":271,""entity_end_seq_id"":271,""ref_end_seq_id"":505}]",P37231,True,True,False,1,False,False,0.536634,1.0
6DGR_1,6DGR,1,UniProt,P37231,"[{""entity_beg_seq_id"":23,""ref_beg_seq_id"":231,""length"":275,""entity_end_seq_id"":297,""ref_end_seq_id"":505}]",P37231,True,True,False,1,False,False,0.544554,0.925926
6DGQ_1,6DGQ,1,UniProt,P37231,"[{""entity_beg_seq_id"":2,""ref_beg_seq_id"":231,""length"":275,""entity_end_seq_id"":276,""ref_end_seq_id"":505}]",P37231,True,True,False,1,False,False,0.544554,0.996377
6DGP_1,6DGP,1,UniProt,P37231,"[{""entity_beg_seq_id"":23,""ref_beg_seq_id"":231,""length"":275,""entity_end_seq_id"":297,""ref_end_seq_id"":505}]",P37231,True,True,False,1,False,False,0.544554,0.925926
6DGO_1,6DGO,1,UniProt,P37231,"[{""entity_beg_seq_id"":1,""ref_beg_seq_id"":231,""length"":275,""entity_end_seq_id"":275,""ref_end_seq_id"":505}]",P37231,True,True,False,1,False,False,0.544554,1.0
6DGL_1,6DGL,1,UniProt,P37231,"[{""entity_beg_seq_id"":2,""ref_beg_seq_id"":231,""length"":275,""entity_end_seq_id"":276,""ref_end_seq_id"":505}]",P37231,True,True,False,1,False,False,0.544554,0.996377
6DFN_1,6DFN,1,UniProt,P03372,"[{""entity_beg_seq_id"":25,""ref_beg_seq_id"":298,""length"":256,""entity_end_seq_id"":280,""ref_end_seq_id"":553}]",P03372,True,True,False,1,False,False,0.430252,0.914286
6DF6_1,6DF6,1,UniProt,P03372,"[{""entity_beg_seq_id"":25,""ref_beg_seq_id"":298,""length"":256,""entity_end_seq_id"":280,""ref_end_seq_id"":553}]",P03372,True,True,False,1,False,False,0.430252,0.914286
6DDA_2,6DDA,2,UniProt,P43354,"[{""entity_beg_seq_id"":2,""ref_beg_seq_id"":328,""length"":271,""entity_end_seq_id"":272,""ref_end_seq_id"":598}]",P43354,True,True,False,1,False,False,0.453177,0.996324
6DDA_1,6DDA,1,UniProt,P43354,"[{""entity_beg_seq_id"":2,""ref_beg_seq_id"":328,""length"":271,""entity_end_seq_id"":272,""ref_end_seq_id"":598}]",P43354,True,True,False,1,False,False,0.453177,0.996324
6DCU_1,6DCU,1,UniProt,P37231,"[{""entity_beg_seq_id"":23,""ref_beg_seq_id"":231,""length"":275,""entity_end_seq_id"":297,""ref_end_seq_id"":505}]",P37231,True,True,False,1,False,False,0.544554,0.913621
6DBH_1,6DBH,1,UniProt,P37231,"[{""entity_beg_seq_id"":23,""ref_beg_seq_id"":231,""length"":275,""entity_end_seq_id"":297,""ref_end_seq_id"":505}]",P37231,True,True,False,1,False,False,0.544554,0.925926
6D94_1,6D94,1,UniProt,P37231,"[{""entity_beg_seq_id"":23,""ref_beg_seq_id"":231,""length"":275,""entity_end_seq_id"":297,""ref_end_seq_id"":505}]",P37231,True,True,False,1,False,False,0.544554,0.925926
6D8X_1,6D8X,1,UniProt,P37231,"[{""entity_beg_seq_id"":23,""ref_beg_seq_id"":231,""length"":275,""entity_end_seq_id"":297,""ref_end_seq_id"":505}]",P37231,True,True,False,1,False,False,0.544554,0.925926
6D3E_1,6D3E,1,UniProt,P37231,"[{""entity_beg_seq_id"":11,""ref_beg_seq_id"":235,""length"":270,""entity_end_seq_id"":280,""ref_end_seq_id"":504}]",P37231,True,True,False,1,False,False,0.534653,0.964286
6D0F_1,6D0F,1,UniProt,P03372,"[{""entity_beg_seq_id"":1,""ref_beg_seq_id"":305,""length"":250,""entity_end_seq_id"":250,""ref_end_seq_id"":554}]",P03372,True,True,False,1,False,False,0.420168,1.0
6CZN_1,6CZN,1,UniProt,P03372,"[{""entity_beg_seq_id"":1,""ref_beg_seq_id"":298,""length"":257,""entity_end_seq_id"":257,""ref_end_seq_id"":554}]",P03372,True,True,False,1,False,False,0.431933,1.0
6CVH_1,6CVH,1,UniProt,P51449,"[{""entity_beg_seq_id"":1,""ref_beg_seq_id"":265,""length"":225,""entity_end_seq_id"":225,""ref_end_seq_id"":489}]",P51449,True,True,False,1,False,False,0.434363,0.991189
6CN6_1,6CN6,1,UniProt,P51449,"[{""entity_beg_seq_id"":1,""ref_beg_seq_id"":259,""length"":259,""entity_end_seq_id"":259,""ref_end_seq_id"":517}]",P51449,True,True,False,1,False,False,0.5,1.0
6CN5_1,6CN5,1,UniProt,P51449,"[{""entity_beg_seq_id"":3,""ref_beg_seq_id"":259,""length"":260,""entity_end_seq_id"":262,""ref_end_seq_id"":518}]",P51449,True,True,False,1,False,False,0.501931,0.992366
6CHZ_1,6CHZ,1,UniProt,P03372,"[{""entity_beg_seq_id"":16,""ref_beg_seq_id"":307,""length"":248,""entity_end_seq_id"":263,""ref_end_seq_id"":554}]",P03372,True,True,False,1,False,False,0.416807,0.942966
6CHW_1,6CHW,1,UniProt,P03372,"[{""entity_beg_seq_id"":1,""ref_beg_seq_id"":306,""length"":246,""entity_end_seq_id"":246,""ref_end_seq_id"":551}]",P03372,True,True,False,1,False,False,0.413445,1.0
6CHT_1,6CHT,1,UniProt,P41235,"[{""entity_beg_seq_id"":2,""ref_beg_seq_id"":148,""length"":244,""entity_end_seq_id"":245,""ref_end_seq_id"":391}]",P41235,True,True,False,1,False,False,0.514768,0.995918
6CFN_1,6CFN,1,UniProt,P04150,"[{""entity_beg_seq_id"":2,""ref_beg_seq_id"":418,""length"":89,""entity_end_seq_id"":90,""ref_end_seq_id"":506}]",P04150,True,True,False,1,False,False,0.114543,0.988889
6CBZ_2,6CBZ,2,UniProt,P03372,"[{""entity_beg_seq_id"":1,""ref_beg_seq_id"":305,""length"":250,""entity_end_seq_id"":250,""ref_end_seq_id"":554}]",P03372,True,True,False,1,False,False,0.420168,1.0
6CBZ_1,6CBZ,1,UniProt,P03372,"[{""entity_beg_seq_id"":1,""ref_beg_seq_id"":305,""length"":250,""entity_end_seq_id"":250,""ref_end_seq_id"":554}]",P03372,True,True,False,1,False,False,0.420168,1.0
6C5T_1,6C5T,1,UniProt,P37231,"[{""entity_beg_seq_id"":6,""ref_beg_seq_id"":235,""length"":271,""entity_end_seq_id"":276,""ref_end_seq_id"":505}]",P37231,True,True,False,1,False,False,0.536634,0.981884
6C5Q_1,6C5Q,1,UniProt,P37231,"[{""entity_beg_seq_id"":11,""ref_beg_seq_id"":235,""length"":271,""entity_end_seq_id"":281,""ref_end_seq_id"":505}]",P37231,True,True,False,1,False,False,0.536634,0.964413
6C42_1,6C42,1,UniProt,P03372,"[{""entity_beg_seq_id"":1,""ref_beg_seq_id"":306,""length"":249,""entity_end_seq_id"":249,""ref_end_seq_id"":554}]",P03372,True,True,False,1,False,False,0.418487,1.0
6C1I_1,6C1I,1,UniProt,P37231,"[{""entity_beg_seq_id"":2,""ref_beg_seq_id"":231,""length"":274,""entity_end_seq_id"":275,""ref_end_seq_id"":504}]",P37231,True,True,False,1,False,False,0.542574,0.996364
6BR3_1,6BR3,1,UniProt,P51449,"[{""entity_beg_seq_id"":1,""ref_beg_seq_id"":265,""length"":216,""entity_end_seq_id"":216,""ref_end_seq_id"":480}]",P51449,True,True,False,1,False,False,0.416988,1.0
6BR2_1,6BR2,1,UniProt,P51449,"[{""entity_beg_seq_id"":1,""ref_beg_seq_id"":265,""length"":215,""entity_end_seq_id"":215,""ref_end_seq_id"":479}]",P51449,True,True,False,1,False,False,0.415058,1.0
6BQU_1,6BQU,1,UniProt,P04150,"[{""entity_beg_seq_id"":3,""ref_beg_seq_id"":421,""length"":70,""entity_end_seq_id"":72,""ref_end_seq_id"":490}]",P04150,True,True,False,1,False,False,0.09009,0.972222
6BNS_1,6BNS,1,UniProt,O75469,"[{""entity_beg_seq_id"":8,""ref_beg_seq_id"":130,""length"":305,""entity_end_seq_id"":312,""ref_end_seq_id"":434}]",O75469,True,True,False,1,False,False,0.702765,0.868946
6BNS_1,6BNS,1,UniProt,Q15788,"[{""entity_beg_seq_id"":319,""ref_beg_seq_id"":678,""length"":33,""entity_end_seq_id"":351,""ref_end_seq_id"":710}]",O75469,False,False,False,1,False,False,,0.094017
6BN6_1,6BN6,1,UniProt,P51449,"[{""entity_beg_seq_id"":22,""ref_beg_seq_id"":265,""length"":244,""entity_end_seq_id"":265,""ref_end_seq_id"":508}]",P51449,True,True,False,1,False,False,0.471042,0.920755
6B33_1,6B33,1,UniProt,P51449,"[{""entity_beg_seq_id"":1,""ref_beg_seq_id"":265,""length"":218,""entity_end_seq_id"":218,""ref_end_seq_id"":482}]",P51449,True,True,False,1,False,False,0.420849,1.0
6B31_1,6B31,1,UniProt,P51449,"[{""entity_beg_seq_id"":1,""ref_beg_seq_id"":265,""length"":228,""entity_end_seq_id"":228,""ref_end_seq_id"":492}]",P51449,True,True,False,1,False,False,0.440154,1.0
6B30_1,6B30,1,UniProt,P51449,"[{""entity_beg_seq_id"":1,""ref_beg_seq_id"":265,""length"":215,""entity_end_seq_id"":215,""ref_end_seq_id"":479}]",P51449,True,True,False,1,False,False,0.415058,1.0
6B0F_1,6B0F,1,UniProt,P03372,"[{""entity_beg_seq_id"":2,""ref_beg_seq_id"":301,""length"":253,""entity_end_seq_id"":254,""ref_end_seq_id"":553}]",P03372,True,True,False,1,False,False,0.42521,0.996063
6AVI_1,6AVI,1,UniProt,P37231,"[{""entity_beg_seq_id"":2,""ref_beg_seq_id"":231,""length"":275,""entity_end_seq_id"":276,""ref_end_seq_id"":505}]",P37231,True,True,False,1,False,False,0.544554,0.996377
6AUG_1,6AUG,1,UniProt,P37231,"[{""entity_beg_seq_id"":2,""ref_beg_seq_id"":231,""length"":275,""entity_end_seq_id"":276,""ref_end_seq_id"":505}]",P37231,True,True,False,1,False,False,0.544554,0.996377
6AN1_1,6AN1,1,UniProt,P37231,"[{""entity_beg_seq_id"":5,""ref_beg_seq_id"":224,""length"":282,""entity_end_seq_id"":286,""ref_end_seq_id"":505}]",P37231,True,True,False,1,False,False,0.558416,0.986014
6AD9_1,6AD9,1,UniProt,P37231,"[{""entity_beg_seq_id"":5,""ref_beg_seq_id"":223,""length"":283,""entity_end_seq_id"":287,""ref_end_seq_id"":505}]",P37231,True,True,False,1,False,False,0.560396,0.986063
6A6P_1,6A6P,1,UniProt,Q03181,"[{""entity_beg_seq_id"":1,""ref_beg_seq_id"":171,""length"":270,""entity_end_seq_id"":270,""ref_end_seq_id"":440}]",Q03181,True,True,False,1,False,False,0.612245,1.0
6A6K_1,6A6K,1,UniProt,P62508,"[{""entity_beg_seq_id"":1,""ref_beg_seq_id"":221,""length"":238,""entity_end_seq_id"":238,""ref_end_seq_id"":458}]",P62508,True,True,False,1,False,False,0.519651,1.0
6A60_3,6A60,3,UniProt,P19793,"[{""entity_beg_seq_id"":1,""ref_beg_seq_id"":225,""length"":238,""entity_end_seq_id"":238,""ref_end_seq_id"":462}]",P19793,True,True,False,1,False,False,0.515152,1.0
6A60_1,6A60,1,UniProt,Q96RI1,"[{""entity_beg_seq_id"":1,""ref_beg_seq_id"":258,""length"":229,""entity_end_seq_id"":229,""ref_end_seq_id"":486}]",Q96RI1,True,True,False,1,False,False,0.471193,1.0
6A5Z_2,6A5Z,2,UniProt,P19793,"[{""entity_beg_seq_id"":1,""ref_beg_seq_id"":225,""length"":238,""entity_end_seq_id"":238,""ref_end_seq_id"":462}]",P19793,True,True,False,1,False,False,0.515152,1.0
6A5Z_1,6A5Z,1,UniProt,Q96RI1,"[{""entity_beg_seq_id"":1,""ref_beg_seq_id"":258,""length"":229,""entity_end_seq_id"":229,""ref_end_seq_id"":486}]",Q96RI1,True,True,False,1,False,False,0.471193,1.0
6A5Y_3,6A5Y,3,UniProt,P19793,"[{""entity_beg_seq_id"":1,""ref_beg_seq_id"":225,""length"":238,""entity_end_seq_id"":238,""ref_end_seq_id"":462}]",P19793,True,True,False,1,False,False,0.515152,1.0
6A5Y_1,6A5Y,1,UniProt,Q96RI1,"[{""entity_beg_seq_id"":1,""ref_beg_seq_id"":258,""length"":228,""entity_end_seq_id"":228,""ref_end_seq_id"":485}]",Q96RI1,True,True,False,1,False,False,0.469136,1.0
7AXB_1,7AXB,1,UniProt,O75469,"[{""entity_beg_seq_id"":12,""ref_beg_seq_id"":130,""length"":305,""entity_end_seq_id"":316,""ref_end_seq_id"":434}]",O75469,True,True,False,1,False,False,0.702765,0.96519
7AXA_1,7AXA,1,UniProt,O75469,"[{""entity_beg_seq_id"":12,""ref_beg_seq_id"":130,""length"":305,""entity_end_seq_id"":316,""ref_end_seq_id"":434}]",O75469,True,True,False,1,False,False,0.702765,0.953125
7AX9_1,7AX9,1,UniProt,O75469,"[{""entity_beg_seq_id"":12,""ref_beg_seq_id"":130,""length"":305,""entity_end_seq_id"":316,""ref_end_seq_id"":434}]",O75469,True,True,False,1,False,False,0.702765,0.96519
7AX8_1,7AX8,1,UniProt,O75469,"[{""entity_beg_seq_id"":12,""ref_beg_seq_id"":130,""length"":305,""entity_end_seq_id"":316,""ref_end_seq_id"":434}]",O75469,True,True,False,1,False,False,0.702765,0.96519
7AWD_1,7AWD,1,UniProt,P37231,"[{""entity_beg_seq_id"":3,""ref_beg_seq_id"":231,""length"":275,""entity_end_seq_id"":277,""ref_end_seq_id"":505}]",P37231,True,True,False,1,False,False,0.544554,0.99278
7AWC_1,7AWC,1,UniProt,P37231,"[{""entity_beg_seq_id"":3,""ref_beg_seq_id"":231,""length"":275,""entity_end_seq_id"":277,""ref_end_seq_id"":505}]",P37231,True,True,False,1,False,False,0.544554,0.99278
7APO_1,7APO,1,UniProt,P10276,"[{""entity_beg_seq_id"":4,""ref_beg_seq_id"":176,""length"":246,""entity_end_seq_id"":249,""ref_end_seq_id"":421}]",P10276,True,True,False,1,False,False,0.532468,0.987952
7AOS_2,7AOS,2,UniProt,P10276,"[{""entity_beg_seq_id"":21,""ref_beg_seq_id"":176,""length"":246,""entity_end_seq_id"":266,""ref_end_seq_id"":421}]",P10276,True,True,False,1,False,False,0.532468,0.924812
7AHJ_1,7AHJ,1,UniProt,P37231,"[{""entity_beg_seq_id"":2,""ref_beg_seq_id"":232,""length"":274,""entity_end_seq_id"":275,""ref_end_seq_id"":505}]",P37231,True,True,False,1,False,False,0.542574,0.996364
7A7H_1,7A7H,1,UniProt,P37231,"[{""entity_beg_seq_id"":3,""ref_beg_seq_id"":231,""length"":275,""entity_end_seq_id"":277,""ref_end_seq_id"":505}]",P37231,True,True,False,1,False,False,0.544554,0.99278
7A79_1,7A79,1,UniProt,P48443,"[{""entity_beg_seq_id"":3,""ref_beg_seq_id"":233,""length"":231,""entity_end_seq_id"":233,""ref_end_seq_id"":463}]",P48443,True,True,False,1,False,False,0.49892,0.991416
7A78_1,7A78,1,UniProt,P28702,"[{""entity_beg_seq_id"":3,""ref_beg_seq_id"":298,""length"":236,""entity_end_seq_id"":238,""ref_end_seq_id"":533}]",P28702,True,True,False,1,False,False,0.442777,0.991597
7A77_1,7A77,1,UniProt,P19793,"[{""entity_beg_seq_id"":3,""ref_beg_seq_id"":223,""length"":240,""entity_end_seq_id"":242,""ref_end_seq_id"":462}]",P19793,True,True,False,1,False,False,0.519481,0.991736
6ZOS_1,6ZOS,1,UniProt,P03372,"[{""entity_beg_seq_id"":5,""ref_beg_seq_id"":307,""length"":248,""entity_end_seq_id"":252,""ref_end_seq_id"":554}]",P03372,True,True,False,1,False,False,0.416807,0.984127
6ZOR_1,6ZOR,1,UniProt,P03372,"[{""entity_beg_seq_id"":5,""ref_beg_seq_id"":307,""length"":248,""entity_end_seq_id"":252,""ref_end_seq_id"":554}]",P03372,True,True,False,1,False,False,0.416807,0.984127
6ZOQ_1,6ZOQ,1,UniProt,P03372,"[{""entity_beg_seq_id"":5,""ref_beg_seq_id"":307,""length"":248,""entity_end_seq_id"":252,""ref_end_seq_id"":554}]",P03372,True,True,False,1,False,False,0.416807,0.984127
6ZLY_1,6ZLY,1,UniProt,P37231,"[{""entity_beg_seq_id"":18,""ref_beg_seq_id"":223,""length"":283,""entity_end_seq_id"":300,""ref_end_seq_id"":505}]",P37231,True,True,False,1,False,False,0.560396,0.943333
6YOS_2,6YOS,2,UniProt,P04150,"[{""entity_beg_seq_id"":1,""ref_beg_seq_id"":518,""length"":13,""entity_end_seq_id"":13,""ref_end_seq_id"":530},{""entity_beg_seq_id"":19,""ref_beg_seq_id"":611,""length"":13,""entity_end_seq_id"":31,""ref_end_seq_id"":623}]",P04150,True,True,False,2,False,False,0.033462,0.83871
6YO8_2,6YO8,2,UniProt,P04150,"[{""entity_beg_seq_id"":1,""ref_beg_seq_id"":518,""length"":13,""entity_end_seq_id"":13,""ref_end_seq_id"":530}]",P04150,True,True,False,1,False,False,0.016731,1.0
6YMO_2,6YMO,2,UniProt,P04150,"[{""entity_beg_seq_id"":1,""ref_beg_seq_id"":611,""length"":13,""entity_end_seq_id"":13,""ref_end_seq_id"":623}]",P04150,True,True,False,1,False,False,0.016731,1.0
6Y58_2,6Y58,2,UniProt,P62508,"[{""entity_beg_seq_id"":1,""ref_beg_seq_id"":314,""length"":8,""entity_end_seq_id"":8,""ref_end_seq_id"":321}]",P62508,True,True,False,1,False,False,0.017467,1.0
6Y3W_2,6Y3W,2,UniProt,P62508,"[{""entity_beg_seq_id"":1,""ref_beg_seq_id"":174,""length"":9,""entity_end_seq_id"":9,""ref_end_seq_id"":182}]",P62508,True,True,False,1,False,False,0.019651,0.9
6Y3U_1,6Y3U,1,UniProt,P37231,"[{""entity_beg_seq_id"":3,""ref_beg_seq_id"":231,""length"":275,""entity_end_seq_id"":277,""ref_end_seq_id"":505}]",P37231,True,True,False,1,False,False,0.544554,0.99278
6Y1D_2,6Y1D,2,UniProt,P62508,"[{""entity_beg_seq_id"":1,""ref_beg_seq_id"":174,""length"":9,""entity_end_seq_id"":9,""ref_end_seq_id"":182}]",P62508,True,True,False,1,False,False,0.019651,0.9
6Y18_2,6Y18,2,UniProt,P62508,"[{""entity_beg_seq_id"":1,""ref_beg_seq_id"":174,""length"":9,""entity_end_seq_id"":9,""ref_end_seq_id"":182}]",P62508,True,True,False,1,False,False,0.019651,1.0
6XY5_2,6XY5,2,UniProt,P62508,"[{""entity_beg_seq_id"":1,""ref_beg_seq_id"":174,""length"":9,""entity_end_seq_id"":9,""ref_end_seq_id"":182}]",P62508,True,True,False,1,False,False,0.019651,1.0
6XXC_2,6XXC,2,UniProt,P62508,"[{""entity_beg_seq_id"":1,""ref_beg_seq_id"":174,""length"":9,""entity_end_seq_id"":9,""ref_end_seq_id"":182}]",P62508,True,True,False,1,False,False,0.019651,1.0
6XWH_3,6XWH,3,UniProt,P19793,"[{""entity_beg_seq_id"":5,""ref_beg_seq_id"":130,""length"":83,""entity_end_seq_id"":87,""ref_end_seq_id"":212}]",P19793,True,True,False,1,False,False,0.179654,0.954023
6XWG_4,6XWG,4,UniProt,P10276,"[{""entity_beg_seq_id"":5,""ref_beg_seq_id"":82,""length"":86,""entity_end_seq_id"":90,""ref_end_seq_id"":167}]",P10276,True,True,False,1,False,False,0.186147,0.955556
6XWG_3,6XWG,3,UniProt,P19793,"[{""entity_beg_seq_id"":5,""ref_beg_seq_id"":130,""length"":83,""entity_end_seq_id"":87,""ref_end_seq_id"":212}]",P19793,True,True,False,1,False,False,0.179654,0.954023
6XP9_1,6XP9,1,UniProt,O75469,"[{""entity_beg_seq_id"":8,""ref_beg_seq_id"":130,""length"":305,""entity_end_seq_id"":312,""ref_end_seq_id"":434}]",O75469,True,True,False,1,False,False,0.702765,0.868946
6XP9_1,6XP9,1,UniProt,Q15788,"[{""entity_beg_seq_id"":319,""ref_beg_seq_id"":678,""length"":33,""entity_end_seq_id"":351,""ref_end_seq_id"":710}]",O75469,False,False,False,1,False,False,,0.094017
6XFV_1,6XFV,1,UniProt,P51449,"[{""entity_beg_seq_id"":22,""ref_beg_seq_id"":265,""length"":244,""entity_end_seq_id"":265,""ref_end_seq_id"":508}]",P51449,True,True,False,1,False,False,0.471042,0.920755
6XAE_1,6XAE,1,UniProt,P51449,"[{""entity_beg_seq_id"":22,""ref_beg_seq_id"":265,""length"":244,""entity_end_seq_id"":265,""ref_end_seq_id"":508}]",P51449,True,True,False,1,False,False,0.471042,0.85614
6X6E_1,6X6E,1,UniProt,P04150,"[{""entity_beg_seq_id"":1,""ref_beg_seq_id"":417,""length"":75,""entity_end_seq_id"":75,""ref_end_seq_id"":491}]",P04150,True,True,False,1,False,False,0.096525,1.0
6X6D_1,6X6D,1,UniProt,P04150,"[{""entity_beg_seq_id"":1,""ref_beg_seq_id"":417,""length"":74,""entity_end_seq_id"":74,""ref_end_seq_id"":490}]",P04150,True,True,False,1,False,False,0.095238,1.0
6WOK_1,6WOK,1,UniProt,P03372,"[{""entity_beg_seq_id"":25,""ref_beg_seq_id"":298,""length"":256,""entity_end_seq_id"":280,""ref_end_seq_id"":553}]",P03372,True,True,False,1,False,False,0.430252,0.914286
6WMS_1,6WMS,1,UniProt,Q14995,"[{""entity_beg_seq_id"":1,""ref_beg_seq_id"":381,""length"":199,""entity_end_seq_id"":199,""ref_end_seq_id"":579}]",Q14995,True,True,False,1,False,False,0.343696,1.0
6WMQ_1,6WMQ,1,UniProt,Q14995,"[{""entity_beg_seq_id"":1,""ref_beg_seq_id"":381,""length"":199,""entity_end_seq_id"":199,""ref_end_seq_id"":579}]",Q14995,True,True,False,1,False,False,0.343696,1.0
6W9M_2,6W9M,2,UniProt,Q15466,"[{""entity_beg_seq_id"":1,""ref_beg_seq_id"":17,""length"":11,""entity_end_seq_id"":11,""ref_end_seq_id"":27}]",Q15466,True,True,False,1,False,False,0.042802,1.0
6W9I_1,6W9I,1,UniProt,P51449,"[{""entity_beg_seq_id"":22,""ref_beg_seq_id"":265,""length"":244,""entity_end_seq_id"":265,""ref_end_seq_id"":508}]",P51449,True,True,False,1,False,False,0.471042,0.85614
6W9I_1,6W9I,1,UniProt,Q15788,"[{""entity_beg_seq_id"":272,""ref_beg_seq_id"":683,""length"":14,""entity_end_seq_id"":285,""ref_end_seq_id"":696}]",P51449,False,False,False,1,False,False,,0.049123
6W9H_1,6W9H,1,UniProt,P51449,"[{""entity_beg_seq_id"":22,""ref_beg_seq_id"":265,""length"":244,""entity_end_seq_id"":265,""ref_end_seq_id"":508}]",P51449,True,True,False,1,False,False,0.471042,0.85614
6W9H_1,6W9H,1,UniProt,Q15788,"[{""entity_beg_seq_id"":272,""ref_beg_seq_id"":683,""length"":14,""entity_end_seq_id"":285,""ref_end_seq_id"":696}]",P51449,False,False,False,1,False,False,,0.049123
6VZO_1,6VZO,1,UniProt,P37231,"[{""entity_beg_seq_id"":1,""ref_beg_seq_id"":231,""length"":275,""entity_end_seq_id"":275,""ref_end_seq_id"":505}]",P37231,True,True,False,1,False,False,0.544554,1.0
6VZN_1,6VZN,1,UniProt,P37231,"[{""entity_beg_seq_id"":1,""ref_beg_seq_id"":231,""length"":275,""entity_end_seq_id"":275,""ref_end_seq_id"":505}]",P37231,True,True,False,1,False,False,0.544554,1.0
6VZM_1,6VZM,1,UniProt,P37231,"[{""entity_beg_seq_id"":1,""ref_beg_seq_id"":231,""length"":275,""entity_end_seq_id"":275,""ref_end_seq_id"":505}]",P37231,True,True,False,1,False,False,0.544554,1.0
6VZL_1,6VZL,1,UniProt,P37231,"[{""entity_beg_seq_id"":1,""ref_beg_seq_id"":231,""length"":275,""entity_end_seq_id"":275,""ref_end_seq_id"":505}]",P37231,True,True,False,1,False,False,0.544554,1.0
6VSW_1,6VSW,1,UniProt,P51449,"[{""entity_beg_seq_id"":1,""ref_beg_seq_id"":261,""length"":232,""entity_end_seq_id"":232,""ref_end_seq_id"":492}]",P51449,True,True,False,1,False,False,0.447876,1.0
6VQF_1,6VQF,1,UniProt,P51449,"[{""entity_beg_seq_id"":22,""ref_beg_seq_id"":265,""length"":244,""entity_end_seq_id"":265,""ref_end_seq_id"":508}]",P51449,True,True,False,1,False,False,0.471042,0.85614
6VPF_1,6VPF,1,UniProt,P03372,"[{""entity_beg_seq_id"":15,""ref_beg_seq_id"":306,""length"":249,""entity_end_seq_id"":263,""ref_end_seq_id"":554}]",P03372,True,True,False,1,False,False,0.418487,0.946768
6VJD_1,6VJD,1,UniProt,P03372,"[{""entity_beg_seq_id"":2,""ref_beg_seq_id"":307,""length"":248,""entity_end_seq_id"":249,""ref_end_seq_id"":554}]",P03372,True,True,False,1,False,False,0.416807,0.995984
6VIF_1,6VIF,1,UniProt,O00482,"[{""entity_beg_seq_id"":3,""ref_beg_seq_id"":299,""length"":243,""entity_end_seq_id"":245,""ref_end_seq_id"":541}]",O00482,True,True,False,1,False,False,0.449168,0.991837
6VGH_1,6VGH,1,UniProt,P03372,"[{""entity_beg_seq_id"":15,""ref_beg_seq_id"":307,""length"":248,""entity_end_seq_id"":262,""ref_end_seq_id"":554}]",P03372,True,True,False,1,False,False,0.416807,0.946565
6VC2_1,6VC2,1,UniProt,O00482,"[{""entity_beg_seq_id"":3,""ref_beg_seq_id"":299,""length"":243,""entity_end_seq_id"":245,""ref_end_seq_id"":541}]",O00482,True,True,False,1,False,False,0.449168,0.991837
6V8T_1,6V8T,1,UniProt,P03372,"[{""entity_beg_seq_id"":15,""ref_beg_seq_id"":307,""length"":248,""entity_end_seq_id"":262,""ref_end_seq_id"":554}]",P03372,True,True,False,1,False,False,0.416807,0.946565
6V87_1,6V87,1,UniProt,P03372,"[{""entity_beg_seq_id"":15,""ref_beg_seq_id"":307,""length"":248,""entity_end_seq_id"":262,""ref_end_seq_id"":554}]",P03372,True,True,False,1,False,False,0.416807,0.946565
6UCG_1,6UCG,1,UniProt,P51449,"[{""entity_beg_seq_id"":1,""ref_beg_seq_id"":267,""length"":241,""entity_end_seq_id"":241,""ref_end_seq_id"":507}]",P51449,True,True,False,1,False,False,0.465251,1.0
6U25_1,6U25,1,UniProt,P51449,"[{""entity_beg_seq_id"":22,""ref_beg_seq_id"":265,""length"":244,""entity_end_seq_id"":265,""ref_end_seq_id"":508}]",P51449,True,True,False,1,False,False,0.471042,0.85614
6U25_1,6U25,1,UniProt,Q15788,"[{""entity_beg_seq_id"":272,""ref_beg_seq_id"":683,""length"":14,""entity_end_seq_id"":285,""ref_end_seq_id"":696}]",P51449,False,False,False,1,False,False,,0.049123
6TSG_1,6TSG,1,UniProt,P37231,"[{""entity_beg_seq_id"":3,""ref_beg_seq_id"":231,""length"":275,""entity_end_seq_id"":277,""ref_end_seq_id"":505}]",P37231,True,True,False,1,False,False,0.544554,0.99278
6TLT_1,6TLT,1,UniProt,P51449,"[{""entity_beg_seq_id"":21,""ref_beg_seq_id"":265,""length"":243,""entity_end_seq_id"":263,""ref_end_seq_id"":507}]",P51449,True,True,False,1,False,False,0.469112,0.923954
6TLQ_1,6TLQ,1,UniProt,P51449,"[{""entity_beg_seq_id"":21,""ref_beg_seq_id"":265,""length"":243,""entity_end_seq_id"":263,""ref_end_seq_id"":507}]",P51449,True,True,False,1,False,False,0.469112,0.923954
6TLM_1,6TLM,1,UniProt,P51449,"[{""entity_beg_seq_id"":21,""ref_beg_seq_id"":265,""length"":243,""entity_end_seq_id"":263,""ref_end_seq_id"":507}]",P51449,True,True,False,1,False,False,0.469112,0.923954
6TL3_2,6TL3,2,UniProt,P03372,"[{""entity_beg_seq_id"":2,""ref_beg_seq_id"":588,""length"":8,""entity_end_seq_id"":9,""ref_end_seq_id"":595}]",P03372,True,True,False,1,False,False,0.013445,0.888889
6TJM_2,6TJM,2,UniProt,P03372,"[{""entity_beg_seq_id"":2,""ref_beg_seq_id"":588,""length"":8,""entity_end_seq_id"":9,""ref_end_seq_id"":595}]",P03372,True,True,False,1,False,False,0.013445,0.888889
6TFI_1,6TFI,1,UniProt,O75469,"[{""entity_beg_seq_id"":11,""ref_beg_seq_id"":129,""length"":306,""entity_end_seq_id"":316,""ref_end_seq_id"":434}]",O75469,True,True,False,1,False,False,0.705069,0.889535
6TFI_1,6TFI,1,UniProt,Q15788,"[{""entity_beg_seq_id"":325,""ref_beg_seq_id"":681,""length"":20,""entity_end_seq_id"":344,""ref_end_seq_id"":700}]",O75469,False,False,False,1,False,False,,0.05814
6TDC_1,6TDC,1,UniProt,P37231,"[{""entity_beg_seq_id"":22,""ref_beg_seq_id"":235,""length"":271,""entity_end_seq_id"":292,""ref_end_seq_id"":505}]",P37231,True,True,False,1,False,False,0.536634,0.928082
6T9C_1,6T9C,1,UniProt,P37231,"[{""entity_beg_seq_id"":22,""ref_beg_seq_id"":223,""length"":283,""entity_end_seq_id"":304,""ref_end_seq_id"":505}]",P37231,True,True,False,1,False,False,0.560396,0.930921
6T6B_1,6T6B,1,UniProt,P37231,"[{""entity_beg_seq_id"":3,""ref_beg_seq_id"":231,""length"":275,""entity_end_seq_id"":277,""ref_end_seq_id"":505}]",P37231,True,True,False,1,False,False,0.544554,0.99278
6T50_1,6T50,1,UniProt,P51449,"[{""entity_beg_seq_id"":21,""ref_beg_seq_id"":265,""length"":243,""entity_end_seq_id"":263,""ref_end_seq_id"":507}]",P51449,True,True,False,1,False,False,0.469112,0.923954
6T4Y_1,6T4Y,1,UniProt,P51449,"[{""entity_beg_seq_id"":21,""ref_beg_seq_id"":265,""length"":243,""entity_end_seq_id"":263,""ref_end_seq_id"":507}]",P51449,True,True,False,1,False,False,0.469112,0.923954
6T4X_1,6T4X,1,UniProt,P51449,"[{""entity_beg_seq_id"":21,""ref_beg_seq_id"":265,""length"":243,""entity_end_seq_id"":263,""ref_end_seq_id"":507}]",P51449,True,True,False,1,False,False,0.469112,0.923954
6T4W_1,6T4W,1,UniProt,P51449,"[{""entity_beg_seq_id"":1,""ref_beg_seq_id"":268,""length"":240,""entity_end_seq_id"":240,""ref_end_seq_id"":507}]",P51449,True,True,False,1,False,False,0.46332,1.0
6T4U_1,6T4U,1,UniProt,P51449,"[{""entity_beg_seq_id"":1,""ref_beg_seq_id"":268,""length"":240,""entity_end_seq_id"":240,""ref_end_seq_id"":507}]",P51449,True,True,False,1,False,False,0.46332,1.0
6T4T_1,6T4T,1,UniProt,P51449,"[{""entity_beg_seq_id"":1,""ref_beg_seq_id"":267,""length"":241,""entity_end_seq_id"":241,""ref_end_seq_id"":507}]",P51449,True,True,False,1,False,False,0.465251,1.0
6T4K_1,6T4K,1,UniProt,P51449,"[{""entity_beg_seq_id"":21,""ref_beg_seq_id"":265,""length"":243,""entity_end_seq_id"":263,""ref_end_seq_id"":507}]",P51449,True,True,False,1,False,False,0.469112,0.923954
6T4J_1,6T4J,1,UniProt,P51449,"[{""entity_beg_seq_id"":21,""ref_beg_seq_id"":265,""length"":243,""entity_end_seq_id"":263,""ref_end_seq_id"":507}]",P51449,True,True,False,1,False,False,0.469112,0.923954
6T4I_1,6T4I,1,UniProt,P51449,"[{""entity_beg_seq_id"":21,""ref_beg_seq_id"":265,""length"":243,""entity_end_seq_id"":263,""ref_end_seq_id"":507}]",P51449,True,True,False,1,False,False,0.469112,0.923954
6T4G_1,6T4G,1,UniProt,P51449,"[{""entity_beg_seq_id"":21,""ref_beg_seq_id"":265,""length"":243,""entity_end_seq_id"":263,""ref_end_seq_id"":507}]",P51449,True,True,False,1,False,False,0.469112,0.923954
6T1V_1,6T1V,1,UniProt,P37231,"[{""entity_beg_seq_id"":5,""ref_beg_seq_id"":231,""length"":275,""entity_end_seq_id"":279,""ref_end_seq_id"":505}]",P37231,True,True,False,1,False,False,0.544554,0.985663
6T1S_1,6T1S,1,UniProt,P37231,"[{""entity_beg_seq_id"":5,""ref_beg_seq_id"":231,""length"":275,""entity_end_seq_id"":279,""ref_end_seq_id"":505}]",P37231,True,True,False,1,False,False,0.544554,0.985663
6SUO_1,6SUO,1,UniProt,P03372,"[{""entity_beg_seq_id"":5,""ref_beg_seq_id"":307,""length"":248,""entity_end_seq_id"":252,""ref_end_seq_id"":554}]",P03372,True,True,False,1,False,False,0.416807,0.984127
6STI_1,6STI,1,UniProt,P19793,"[{""entity_beg_seq_id"":5,""ref_beg_seq_id"":223,""length"":240,""entity_end_seq_id"":244,""ref_end_seq_id"":462}]",P19793,True,True,False,1,False,False,0.519481,0.983607
6SSQ_1,6SSQ,1,UniProt,P10826,"[{""entity_beg_seq_id"":22,""ref_beg_seq_id"":176,""length"":246,""entity_end_seq_id"":267,""ref_end_seq_id"":421}]",P10826,True,True,False,1,False,False,0.540659,0.921348
6SQ0_1,6SQ0,1,UniProt,P03372,"[{""entity_beg_seq_id"":5,""ref_beg_seq_id"":307,""length"":248,""entity_end_seq_id"":252,""ref_end_seq_id"":554}]",P03372,True,True,False,1,False,False,0.416807,0.984127
6SLZ_1,6SLZ,1,UniProt,P51449,"[{""entity_beg_seq_id"":1,""ref_beg_seq_id"":261,""length"":247,""entity_end_seq_id"":247,""ref_end_seq_id"":507}]",P51449,True,True,False,1,False,False,0.476834,1.0
6SJM_1,6SJM,1,UniProt,P19793,"[{""entity_beg_seq_id"":3,""ref_beg_seq_id"":229,""length"":228,""entity_end_seq_id"":230,""ref_end_seq_id"":456}]",P19793,True,True,False,1,False,False,0.493506,0.991304
6SBO_1,6SBO,1,UniProt,P03372,"[{""entity_beg_seq_id"":3,""ref_beg_seq_id"":297,""length"":258,""entity_end_seq_id"":260,""ref_end_seq_id"":554}]",P03372,True,True,False,1,False,False,0.433613,0.992308
6SAL_1,6SAL,1,UniProt,P51449,"[{""entity_beg_seq_id"":1,""ref_beg_seq_id"":265,""length"":243,""entity_end_seq_id"":243,""ref_end_seq_id"":507}]",P51449,True,True,False,1,False,False,0.469112,1.0
6S5K_1,6S5K,1,UniProt,P55055,"[{""entity_beg_seq_id"":1,""ref_beg_seq_id"":216,""length"":245,""entity_end_seq_id"":245,""ref_end_seq_id"":460}]",P55055,True,True,False,1,False,False,0.532609,1.0
6S4U_1,6S4U,1,UniProt,P55055,"[{""entity_beg_seq_id"":1,""ref_beg_seq_id"":216,""length"":245,""entity_end_seq_id"":245,""ref_end_seq_id"":460}]",P55055,True,True,False,1,False,False,0.532609,1.0
6S4T_1,6S4T,1,UniProt,P55055,"[{""entity_beg_seq_id"":1,""ref_beg_seq_id"":216,""length"":245,""entity_end_seq_id"":245,""ref_end_seq_id"":460}]",P55055,True,True,False,1,False,False,0.532609,1.0
6S4N_1,6S4N,1,UniProt,P55055,"[{""entity_beg_seq_id"":1,""ref_beg_seq_id"":216,""length"":245,""entity_end_seq_id"":245,""ref_end_seq_id"":460}]",P55055,True,True,False,1,False,False,0.532609,1.0
6S41_1,6S41,1,UniProt,O75469,"[{""entity_beg_seq_id"":1,""ref_beg_seq_id"":138,""length"":297,""entity_end_seq_id"":297,""ref_end_seq_id"":434}]",O75469,True,True,False,1,False,False,0.684332,0.919505
6R7K_1,6R7K,1,UniProt,P51449,"[{""entity_beg_seq_id"":23,""ref_beg_seq_id"":265,""length"":243,""entity_end_seq_id"":265,""ref_end_seq_id"":507}]",P51449,True,True,False,1,False,False,0.469112,0.858657
6R7J_1,6R7J,1,UniProt,P51449,"[{""entity_beg_seq_id"":23,""ref_beg_seq_id"":265,""length"":243,""entity_end_seq_id"":265,""ref_end_seq_id"":507}]",P51449,True,True,False,1,False,False,0.469112,0.858657
6R7A_1,6R7A,1,UniProt,P51449,"[{""entity_beg_seq_id"":23,""ref_beg_seq_id"":265,""length"":243,""entity_end_seq_id"":265,""ref_end_seq_id"":507}]",P51449,True,True,False,1,False,False,0.469112,0.858657
6QJ5_1,6QJ5,1,UniProt,P37231,"[{""entity_beg_seq_id"":22,""ref_beg_seq_id"":223,""length"":283,""entity_end_seq_id"":304,""ref_end_seq_id"":505}]",P37231,True,True,False,1,False,False,0.560396,0.930921
6Q7H_1,6Q7H,1,UniProt,P51449,"[{""entity_beg_seq_id"":2,""ref_beg_seq_id"":263,""length"":237,""entity_end_seq_id"":238,""ref_end_seq_id"":499}]",P51449,True,True,False,1,False,False,0.457529,0.995798
6Q7A_1,6Q7A,1,UniProt,P51449,"[{""entity_beg_seq_id"":2,""ref_beg_seq_id"":263,""length"":237,""entity_end_seq_id"":238,""ref_end_seq_id"":499}]",P51449,True,True,False,1,False,False,0.457529,0.995798
6Q6O_1,6Q6O,1,UniProt,P51449,"[{""entity_beg_seq_id"":2,""ref_beg_seq_id"":263,""length"":237,""entity_end_seq_id"":238,""ref_end_seq_id"":499}]",P51449,True,True,False,1,False,False,0.457529,0.995798
6Q6M_1,6Q6M,1,UniProt,P51449,"[{""entity_beg_seq_id"":2,""ref_beg_seq_id"":263,""length"":237,""entity_end_seq_id"":238,""ref_end_seq_id"":499}]",P51449,True,True,False,1,False,False,0.457529,0.995798
6Q2W_1,6Q2W,1,UniProt,P51449,"[{""entity_beg_seq_id"":1,""ref_beg_seq_id"":267,""length"":221,""entity_end_seq_id"":221,""ref_end_seq_id"":487}]",P51449,True,True,False,1,False,False,0.426641,1.0
6PSJ_1,6PSJ,1,UniProt,P03372,"[{""entity_beg_seq_id"":15,""ref_beg_seq_id"":307,""length"":248,""entity_end_seq_id"":262,""ref_end_seq_id"":554}]",P03372,True,True,False,1,False,False,0.416807,0.946565
6PIT_2,6PIT,2,UniProt,P03372,"[{""entity_beg_seq_id"":5,""ref_beg_seq_id"":297,""length"":258,""entity_end_seq_id"":262,""ref_end_seq_id"":554}]",P03372,True,True,False,1,False,False,0.433613,0.984733
6PIT_1,6PIT,1,UniProt,P03372,"[{""entity_beg_seq_id"":5,""ref_beg_seq_id"":297,""length"":258,""entity_end_seq_id"":262,""ref_end_seq_id"":554}]",P03372,True,True,False,1,False,False,0.433613,0.984733
6PFM_1,6PFM,1,UniProt,P03372,"[{""entity_beg_seq_id"":25,""ref_beg_seq_id"":298,""length"":256,""entity_end_seq_id"":280,""ref_end_seq_id"":553}]",P03372,True,True,False,1,False,False,0.430252,0.914286
6PET_1,6PET,1,UniProt,P03372,"[{""entity_beg_seq_id"":25,""ref_beg_seq_id"":298,""length"":256,""entity_end_seq_id"":280,""ref_end_seq_id"":553}]",P03372,True,True,False,1,False,False,0.430252,0.914286
6PDZ_1,6PDZ,1,UniProt,P37231,"[{""entity_beg_seq_id"":1,""ref_beg_seq_id"":231,""length"":275,""entity_end_seq_id"":275,""ref_end_seq_id"":505}]",P37231,True,True,False,1,False,False,0.544554,1.0
6P9F_1,6P9F,1,UniProt,P51449,"[{""entity_beg_seq_id"":22,""ref_beg_seq_id"":265,""length"":244,""entity_end_seq_id"":265,""ref_end_seq_id"":508}]",P51449,True,True,False,1,False,False,0.471042,0.85614
6P9F_1,6P9F,1,UniProt,Q15788,"[{""entity_beg_seq_id"":272,""ref_beg_seq_id"":683,""length"":14,""entity_end_seq_id"":285,""ref_end_seq_id"":696}]",P51449,False,False,False,1,False,False,,0.049123
6P2B_1,6P2B,1,UniProt,O75469,"[{""entity_beg_seq_id"":12,""ref_beg_seq_id"":130,""length"":305,""entity_end_seq_id"":316,""ref_end_seq_id"":434}]",O75469,True,True,False,1,False,False,0.702765,0.886628
6OWC_1,6OWC,1,UniProt,P03372,"[{""entity_beg_seq_id"":2,""ref_beg_seq_id"":298,""length"":257,""entity_end_seq_id"":258,""ref_end_seq_id"":554}]",P03372,True,True,False,1,False,False,0.431933,0.996124
6OR1_1,6OR1,1,UniProt,O00482,"[{""entity_beg_seq_id"":3,""ref_beg_seq_id"":299,""length"":243,""entity_end_seq_id"":245,""ref_end_seq_id"":541}]",O00482,True,True,False,1,False,False,0.449168,0.991837
6OQY_1,6OQY,1,UniProt,O00482,"[{""entity_beg_seq_id"":3,""ref_beg_seq_id"":299,""length"":243,""entity_end_seq_id"":245,""ref_end_seq_id"":541}]",O00482,True,True,False,1,False,False,0.449168,0.991837
6OQX_1,6OQX,1,UniProt,O00482,"[{""entity_beg_seq_id"":3,""ref_beg_seq_id"":299,""length"":243,""entity_end_seq_id"":245,""ref_end_seq_id"":541}]",O00482,True,True,False,1,False,False,0.449168,0.991837
6ONJ_1,6ONJ,1,UniProt,P37231,"[{""entity_beg_seq_id"":1,""ref_beg_seq_id"":231,""length"":275,""entity_end_seq_id"":275,""ref_end_seq_id"":505}]",P37231,True,True,False,1,False,False,0.544554,1.0
6ONI_1,6ONI,1,UniProt,P37231,"[{""entity_beg_seq_id"":1,""ref_beg_seq_id"":231,""length"":275,""entity_end_seq_id"":275,""ref_end_seq_id"":505}]",P37231,True,True,False,1,False,False,0.544554,1.0
6O98_1,6O98,1,UniProt,P51449,"[{""entity_beg_seq_id"":22,""ref_beg_seq_id"":265,""length"":244,""entity_end_seq_id"":265,""ref_end_seq_id"":508}]",P51449,True,True,False,1,False,False,0.471042,0.920755
6O68_1,6O68,1,UniProt,P37231,"[{""entity_beg_seq_id"":1,""ref_beg_seq_id"":231,""length"":275,""entity_end_seq_id"":275,""ref_end_seq_id"":505}]",P37231,True,True,False,1,False,False,0.544554,1.0
6O67_1,6O67,1,UniProt,P37231,"[{""entity_beg_seq_id"":1,""ref_beg_seq_id"":231,""length"":275,""entity_end_seq_id"":275,""ref_end_seq_id"":505}]",P37231,True,True,False,1,False,False,0.544554,1.0
6O3Z_1,6O3Z,1,UniProt,P51449,"[{""entity_beg_seq_id"":5,""ref_beg_seq_id"":259,""length"":250,""entity_end_seq_id"":254,""ref_end_seq_id"":508}]",P51449,True,True,False,1,False,False,0.482625,0.925926
6NX1_1,6NX1,1,UniProt,O75469,"[{""entity_beg_seq_id"":8,""ref_beg_seq_id"":130,""length"":305,""entity_end_seq_id"":312,""ref_end_seq_id"":434}]",O75469,True,True,False,1,False,False,0.702765,0.868946
6NX1_1,6NX1,1,UniProt,Q15788,"[{""entity_beg_seq_id"":319,""ref_beg_seq_id"":678,""length"":33,""entity_end_seq_id"":351,""ref_end_seq_id"":710}]",O75469,False,False,False,1,False,False,,0.094017
6NWU_1,6NWU,1,UniProt,P51449,"[{""entity_beg_seq_id"":1,""ref_beg_seq_id"":265,""length"":243,""entity_end_seq_id"":243,""ref_end_seq_id"":507}]",P51449,True,True,False,1,False,False,0.469112,0.938224
6NWT_1,6NWT,1,UniProt,P51449,"[{""entity_beg_seq_id"":1,""ref_beg_seq_id"":265,""length"":243,""entity_end_seq_id"":243,""ref_end_seq_id"":507}]",P51449,True,True,False,1,False,False,0.469112,0.991837
6NWS_1,6NWS,1,UniProt,P51449,"[{""entity_beg_seq_id"":1,""ref_beg_seq_id"":265,""length"":243,""entity_end_seq_id"":243,""ref_end_seq_id"":507}]",P51449,True,True,False,1,False,False,0.469112,0.938224
6NAD_1,6NAD,1,UniProt,P51449,"[{""entity_beg_seq_id"":1,""ref_beg_seq_id"":265,""length"":243,""entity_end_seq_id"":243,""ref_end_seq_id"":507}]",P51449,True,True,False,1,False,False,0.469112,1.0
6MS7_1,6MS7,1,UniProt,P37231,"[{""entity_beg_seq_id"":3,""ref_beg_seq_id"":234,""length"":272,""entity_end_seq_id"":274,""ref_end_seq_id"":505}]",P37231,True,True,False,1,False,False,0.538614,0.992701
6MD4_1,6MD4,1,UniProt,P37231,"[{""entity_beg_seq_id"":1,""ref_beg_seq_id"":231,""length"":275,""entity_end_seq_id"":275,""ref_end_seq_id"":505}]",P37231,True,True,False,1,False,False,0.544554,1.0
6MD2_1,6MD2,1,UniProt,P37231,"[{""entity_beg_seq_id"":1,""ref_beg_seq_id"":231,""length"":275,""entity_end_seq_id"":275,""ref_end_seq_id"":505}]",P37231,True,True,False,1,False,False,0.544554,1.0
6MD1_1,6MD1,1,UniProt,P37231,"[{""entity_beg_seq_id"":1,""ref_beg_seq_id"":231,""length"":275,""entity_end_seq_id"":275,""ref_end_seq_id"":505}]",P37231,True,True,False,1,False,False,0.544554,1.0
6MD0_1,6MD0,1,UniProt,P37231,"[{""entity_beg_seq_id"":1,""ref_beg_seq_id"":231,""length"":275,""entity_end_seq_id"":275,""ref_end_seq_id"":505}]",P37231,True,True,False,1,False,False,0.544554,1.0
6MCZ_1,6MCZ,1,UniProt,P37231,"[{""entity_beg_seq_id"":1,""ref_beg_seq_id"":231,""length"":275,""entity_end_seq_id"":275,""ref_end_seq_id"":505}]",P37231,True,True,False,1,False,False,0.544554,1.0
6LXC_1,6LXC,1,UniProt,Q07869,"[{""entity_beg_seq_id"":5,""ref_beg_seq_id"":200,""length"":269,""entity_end_seq_id"":273,""ref_end_seq_id"":468}]",Q07869,True,True,False,1,False,False,0.574786,0.985348
6LXB_1,6LXB,1,UniProt,Q07869,"[{""entity_beg_seq_id"":5,""ref_beg_seq_id"":200,""length"":269,""entity_end_seq_id"":273,""ref_end_seq_id"":468}]",Q07869,True,True,False,1,False,False,0.574786,0.985348
6LXA_1,6LXA,1,UniProt,Q07869,"[{""entity_beg_seq_id"":5,""ref_beg_seq_id"":200,""length"":269,""entity_end_seq_id"":273,""ref_end_seq_id"":468}]",Q07869,True,True,False,1,False,False,0.574786,0.985348
6LX9_1,6LX9,1,UniProt,Q07869,"[{""entity_beg_seq_id"":5,""ref_beg_seq_id"":200,""length"":269,""entity_end_seq_id"":273,""ref_end_seq_id"":468}]",Q07869,True,True,False,1,False,False,0.574786,0.985348
6LX8_1,6LX8,1,UniProt,Q07869,"[{""entity_beg_seq_id"":5,""ref_beg_seq_id"":200,""length"":269,""entity_end_seq_id"":273,""ref_end_seq_id"":468}]",Q07869,True,True,False,1,False,False,0.574786,0.985348
6LX7_1,6LX7,1,UniProt,Q07869,"[{""entity_beg_seq_id"":5,""ref_beg_seq_id"":200,""length"":269,""entity_end_seq_id"":273,""ref_end_seq_id"":468}]",Q07869,True,True,False,1,False,False,0.574786,0.985348
6LX6_1,6LX6,1,UniProt,Q07869,"[{""entity_beg_seq_id"":5,""ref_beg_seq_id"":200,""length"":269,""entity_end_seq_id"":273,""ref_end_seq_id"":468}]",Q07869,True,True,False,1,False,False,0.574786,0.985348
6LX5_1,6LX5,1,UniProt,Q07869,"[{""entity_beg_seq_id"":5,""ref_beg_seq_id"":200,""length"":269,""entity_end_seq_id"":273,""ref_end_seq_id"":468}]",Q07869,True,True,False,1,False,False,0.574786,0.985348
6LX4_1,6LX4,1,UniProt,Q07869,"[{""entity_beg_seq_id"":5,""ref_beg_seq_id"":200,""length"":269,""entity_end_seq_id"":273,""ref_end_seq_id"":468}]",Q07869,True,True,False,1,False,False,0.574786,0.985348
6LOC_1,6LOC,1,UniProt,P51449,"[{""entity_beg_seq_id"":13,""ref_beg_seq_id"":260,""length"":248,""entity_end_seq_id"":260,""ref_end_seq_id"":507}]",P51449,True,True,False,1,False,False,0.478764,0.898551
6LOB_1,6LOB,1,UniProt,P51449,"[{""entity_beg_seq_id"":13,""ref_beg_seq_id"":260,""length"":248,""entity_end_seq_id"":260,""ref_end_seq_id"":507}]",P51449,True,True,False,1,False,False,0.478764,0.898551
6LOA_1,6LOA,1,UniProt,P51449,"[{""entity_beg_seq_id"":13,""ref_beg_seq_id"":260,""length"":248,""entity_end_seq_id"":260,""ref_end_seq_id"":507}]",P51449,True,True,False,1,False,False,0.478764,0.898551
6LO9_1,6LO9,1,UniProt,P51449,"[{""entity_beg_seq_id"":13,""ref_beg_seq_id"":260,""length"":248,""entity_end_seq_id"":260,""ref_end_seq_id"":507}]",P51449,True,True,False,1,False,False,0.478764,0.898551
6LN4_1,6LN4,1,UniProt,O95718,"[{""entity_beg_seq_id"":1,""ref_beg_seq_id"":204,""length"":229,""entity_end_seq_id"":229,""ref_end_seq_id"":432}]",O95718,True,True,False,1,False,False,0.528868,1.0
6LIT_1,6LIT,1,UniProt,O95718,"[{""entity_beg_seq_id"":1,""ref_beg_seq_id"":204,""length"":230,""entity_end_seq_id"":230,""ref_end_seq_id"":433}]",O95718,True,True,False,1,False,False,0.531178,1.0
6LC1_2,6LC1,2,UniProt,P22736,"[{""entity_beg_seq_id"":1,""ref_beg_seq_id"":265,""length"":87,""entity_end_seq_id"":87,""ref_end_seq_id"":351}]",P22736,True,True,False,1,False,False,0.145485,1.0
6LB6_1,6LB6,1,UniProt,P19793,"[{""entity_beg_seq_id"":5,""ref_beg_seq_id"":224,""length"":239,""entity_end_seq_id"":243,""ref_end_seq_id"":462}]",P19793,True,True,False,1,False,False,0.517316,0.983539
6LB5_1,6LB5,1,UniProt,P19793,"[{""entity_beg_seq_id"":5,""ref_beg_seq_id"":224,""length"":239,""entity_end_seq_id"":243,""ref_end_seq_id"":462}]",P19793,True,True,False,1,False,False,0.517316,0.983539
6LB4_1,6LB4,1,UniProt,P19793,"[{""entity_beg_seq_id"":5,""ref_beg_seq_id"":224,""length"":239,""entity_end_seq_id"":243,""ref_end_seq_id"":462}]",P19793,True,True,False,1,False,False,0.517316,0.983539
6L96_1,6L96,1,UniProt,Q07869,"[{""entity_beg_seq_id"":1,""ref_beg_seq_id"":194,""length"":275,""entity_end_seq_id"":275,""ref_end_seq_id"":468}]",Q07869,True,True,False,1,False,False,0.587607,1.0
6L8B_1,6L8B,1,UniProt,P37231,"[{""entity_beg_seq_id"":1,""ref_beg_seq_id"":223,""length"":283,""entity_end_seq_id"":283,""ref_end_seq_id"":505}]",P37231,True,True,False,1,False,False,0.560396,1.0
7KRJ_3,7KRJ,3,UniProt,P04150,"[{""entity_beg_seq_id"":1,""ref_beg_seq_id"":520,""length"":258,""entity_end_seq_id"":258,""ref_end_seq_id"":777}]",P04150,True,True,False,1,False,False,0.332046,1.0
7QVL_1,7QVL,1,UniProt,P03372,"[{""entity_beg_seq_id"":5,""ref_beg_seq_id"":307,""length"":248,""entity_end_seq_id"":252,""ref_end_seq_id"":554}]",P03372,True,True,False,1,False,False,0.416807,0.984127
7TT8_1,7TT8,1,UniProt,O00482,"[{""entity_beg_seq_id"":4,""ref_beg_seq_id"":299,""length"":243,""entity_end_seq_id"":246,""ref_end_seq_id"":541}]",O00482,True,True,False,1,False,False,0.449168,0.987805
7VUE_1,7VUE,1,UniProt,Q96RI1,"[{""entity_beg_seq_id"":1,""ref_beg_seq_id"":259,""length"":226,""entity_end_seq_id"":226,""ref_end_seq_id"":484}]",Q96RI1,True,True,False,1,False,False,0.465021,1.0
7WGO_1,7WGO,1,UniProt,P37231,"[{""entity_beg_seq_id"":5,""ref_beg_seq_id"":231,""length"":275,""entity_end_seq_id"":279,""ref_end_seq_id"":505}]",P37231,True,True,False,1,False,False,0.544554,0.985663
7WGN_1,7WGN,1,UniProt,Q03181,"[{""entity_beg_seq_id"":5,""ref_beg_seq_id"":170,""length"":272,""entity_end_seq_id"":276,""ref_end_seq_id"":441}]",Q03181,True,True,False,1,False,False,0.61678,0.985507
7WGL_1,7WGL,1,UniProt,Q03181,"[{""entity_beg_seq_id"":5,""ref_beg_seq_id"":170,""length"":272,""entity_end_seq_id"":276,""ref_end_seq_id"":441}]",Q03181,True,True,False,1,False,False,0.61678,0.985507
7W3Q_1,7W3Q,1,UniProt,P51449,"[{""entity_beg_seq_id"":1,""ref_beg_seq_id"":262,""length"":246,""entity_end_seq_id"":246,""ref_end_seq_id"":507}]",P51449,True,True,False,1,False,False,0.474903,1.0
7W3P_1,7W3P,1,UniProt,P51449,"[{""entity_beg_seq_id"":1,""ref_beg_seq_id"":262,""length"":246,""entity_end_seq_id"":246,""ref_end_seq_id"":507}]",P51449,True,True,False,1,False,False,0.474903,1.0
7W0G_1,7W0G,1,UniProt,Q03181,"[{""entity_beg_seq_id"":14,""ref_beg_seq_id"":173,""length"":269,""entity_end_seq_id"":282,""ref_end_seq_id"":441}]",Q03181,True,True,False,1,False,False,0.609977,0.953901
7VWH_1,7VWH,1,UniProt,Q03181,"[{""entity_beg_seq_id"":5,""ref_beg_seq_id"":170,""length"":272,""entity_end_seq_id"":276,""ref_end_seq_id"":441}]",Q03181,True,True,False,1,False,False,0.61678,0.985507
7VWG_1,7VWG,1,UniProt,Q03181,"[{""entity_beg_seq_id"":5,""ref_beg_seq_id"":170,""length"":272,""entity_end_seq_id"":276,""ref_end_seq_id"":441}]",Q03181,True,True,False,1,False,False,0.61678,0.985507
7VWF_1,7VWF,1,UniProt,Q03181,"[{""entity_beg_seq_id"":5,""ref_beg_seq_id"":170,""length"":272,""entity_end_seq_id"":276,""ref_end_seq_id"":441}]",Q03181,True,True,False,1,False,False,0.61678,0.985507
7VWE_1,7VWE,1,UniProt,Q03181,"[{""entity_beg_seq_id"":5,""ref_beg_seq_id"":170,""length"":272,""entity_end_seq_id"":276,""ref_end_seq_id"":441}]",Q03181,True,True,False,1,False,False,0.61678,0.985507
7UW4_1,7UW4,1,UniProt,P19793,"[{""entity_beg_seq_id"":1,""ref_beg_seq_id"":223,""length"":240,""entity_end_seq_id"":240,""ref_end_seq_id"":462}]",P19793,True,True,False,1,False,False,0.519481,1.0
7UW2_1,7UW2,1,UniProt,P19793,"[{""entity_beg_seq_id"":1,""ref_beg_seq_id"":223,""length"":240,""entity_end_seq_id"":240,""ref_end_seq_id"":462}]",P19793,True,True,False,1,False,False,0.519481,1.0
7UJY_1,7UJY,1,UniProt,P03372,"[{""entity_beg_seq_id"":15,""ref_beg_seq_id"":306,""length"":249,""entity_end_seq_id"":263,""ref_end_seq_id"":554}]",P03372,True,True,False,1,False,False,0.418487,0.946768
7UJW_1,7UJW,1,UniProt,P03372,"[{""entity_beg_seq_id"":15,""ref_beg_seq_id"":306,""length"":249,""entity_end_seq_id"":263,""ref_end_seq_id"":554}]",P03372,True,True,False,1,False,False,0.418487,0.946768
7UJO_1,7UJO,1,UniProt,P03372,"[{""entity_beg_seq_id"":15,""ref_beg_seq_id"":306,""length"":249,""entity_end_seq_id"":263,""ref_end_seq_id"":554}]",P03372,True,True,False,1,False,False,0.418487,0.946768
7UJM_1,7UJM,1,UniProt,P03372,"[{""entity_beg_seq_id"":15,""ref_beg_seq_id"":307,""length"":248,""entity_end_seq_id"":262,""ref_end_seq_id"":554}]",P03372,True,True,False,1,False,False,0.416807,0.946565
7UJF_1,7UJF,1,UniProt,P03372,"[{""entity_beg_seq_id"":16,""ref_beg_seq_id"":307,""length"":248,""entity_end_seq_id"":263,""ref_end_seq_id"":554}]",P03372,True,True,False,1,False,False,0.416807,0.942966
7UJC_1,7UJC,1,UniProt,P03372,"[{""entity_beg_seq_id"":15,""ref_beg_seq_id"":306,""length"":249,""entity_end_seq_id"":263,""ref_end_seq_id"":554}]",P03372,True,True,False,1,False,False,0.418487,0.946768
7UJ8_1,7UJ8,1,UniProt,P03372,"[{""entity_beg_seq_id"":15,""ref_beg_seq_id"":307,""length"":248,""entity_end_seq_id"":262,""ref_end_seq_id"":554}]",P03372,True,True,False,1,False,False,0.416807,0.946565
7UJ7_1,7UJ7,1,UniProt,P03372,"[{""entity_beg_seq_id"":15,""ref_beg_seq_id"":306,""length"":249,""entity_end_seq_id"":263,""ref_end_seq_id"":554}]",P03372,True,True,False,1,False,False,0.418487,0.946768
7TRB_1,7TRB,1,UniProt,Q96RI1,"[{""entity_beg_seq_id"":23,""ref_beg_seq_id"":258,""length"":229,""entity_end_seq_id"":251,""ref_end_seq_id"":486}]",Q96RI1,True,True,False,1,False,False,0.471193,0.912351
7TE7_1,7TE7,1,UniProt,P03372,"[{""entity_beg_seq_id"":1,""ref_beg_seq_id"":306,""length"":249,""entity_end_seq_id"":249,""ref_end_seq_id"":554}]",P03372,True,True,False,1,False,False,0.418487,1.0
7T2X_1,7T2X,1,UniProt,P03372,"[{""entity_beg_seq_id"":4,""ref_beg_seq_id"":297,""length"":258,""entity_end_seq_id"":261,""ref_end_seq_id"":554}]",P03372,True,True,False,1,False,False,0.433613,0.988506
7SQB_1,7SQB,1,UniProt,P37231,"[{""entity_beg_seq_id"":16,""ref_beg_seq_id"":231,""length"":275,""entity_end_seq_id"":290,""ref_end_seq_id"":505}]",P37231,True,True,False,1,False,False,0.544554,0.948276
7SQA_1,7SQA,1,UniProt,P37231,"[{""entity_beg_seq_id"":16,""ref_beg_seq_id"":231,""length"":275,""entity_end_seq_id"":290,""ref_end_seq_id"":505}]",P37231,True,True,False,1,False,False,0.544554,0.948276
7SFO_1,7SFO,1,UniProt,P03372,"[{""entity_beg_seq_id"":1,""ref_beg_seq_id"":305,""length"":250,""entity_end_seq_id"":250,""ref_end_seq_id"":554}]",P03372,True,True,False,1,False,False,0.420168,1.0
7RS9_1,7RS9,1,UniProt,P03372,"[{""entity_beg_seq_id"":1,""ref_beg_seq_id"":298,""length"":257,""entity_end_seq_id"":257,""ref_end_seq_id"":554}]",P03372,True,True,False,1,False,False,0.431933,1.0
7RS8_2,7RS8,2,UniProt,P03372,"[{""entity_beg_seq_id"":1,""ref_beg_seq_id"":298,""length"":257,""entity_end_seq_id"":257,""ref_end_seq_id"":554}]",P03372,True,True,False,1,False,False,0.431933,1.0
7RS8_1,7RS8,1,UniProt,P03372,"[{""entity_beg_seq_id"":1,""ref_beg_seq_id"":298,""length"":257,""entity_end_seq_id"":257,""ref_end_seq_id"":554}]",P03372,True,True,False,1,False,False,0.431933,1.0
7RS7_1,7RS7,1,UniProt,P03372,"[{""entity_beg_seq_id"":1,""ref_beg_seq_id"":298,""length"":257,""entity_end_seq_id"":257,""ref_end_seq_id"":554}]",P03372,True,True,False,1,False,False,0.431933,1.0
7RS4_1,7RS4,1,UniProt,P03372,"[{""entity_beg_seq_id"":1,""ref_beg_seq_id"":298,""length"":257,""entity_end_seq_id"":257,""ref_end_seq_id"":554}]",P03372,True,True,False,1,False,False,0.431933,1.0
7RS3_1,7RS3,1,UniProt,P03372,"[{""entity_beg_seq_id"":1,""ref_beg_seq_id"":298,""length"":257,""entity_end_seq_id"":257,""ref_end_seq_id"":554}]",P03372,True,True,False,1,False,False,0.431933,1.0
7RS2_1,7RS2,1,UniProt,P03372,"[{""entity_beg_seq_id"":4,""ref_beg_seq_id"":298,""length"":257,""entity_end_seq_id"":260,""ref_end_seq_id"":554}]",P03372,True,True,False,1,False,False,0.431933,0.988462
7RS1_1,7RS1,1,UniProt,P03372,"[{""entity_beg_seq_id"":1,""ref_beg_seq_id"":298,""length"":257,""entity_end_seq_id"":257,""ref_end_seq_id"":554}]",P03372,True,True,False,1,False,False,0.431933,1.0
7RS0_1,7RS0,1,UniProt,P03372,"[{""entity_beg_seq_id"":1,""ref_beg_seq_id"":298,""length"":257,""entity_end_seq_id"":257,""ref_end_seq_id"":554}]",P03372,True,True,False,1,False,False,0.431933,1.0
7RRZ_1,7RRZ,1,UniProt,P03372,"[{""entity_beg_seq_id"":1,""ref_beg_seq_id"":298,""length"":257,""entity_end_seq_id"":257,""ref_end_seq_id"":554}]",P03372,True,True,False,1,False,False,0.431933,1.0
7RRY_1,7RRY,1,UniProt,P03372,"[{""entity_beg_seq_id"":1,""ref_beg_seq_id"":298,""length"":257,""entity_end_seq_id"":257,""ref_end_seq_id"":554}]",P03372,True,True,False,1,False,False,0.431933,1.0
7RRX_1,7RRX,1,UniProt,P03372,"[{""entity_beg_seq_id"":1,""ref_beg_seq_id"":298,""length"":257,""entity_end_seq_id"":257,""ref_end_seq_id"":554}]",P03372,True,True,False,1,False,False,0.431933,1.0
7RNM_1,7RNM,1,UniProt,P03372,"[{""entity_beg_seq_id"":1,""ref_beg_seq_id"":305,""length"":250,""entity_end_seq_id"":250,""ref_end_seq_id"":554}]",P03372,True,True,False,1,False,False,0.420168,1.0
7RLE_1,7RLE,1,UniProt,P37231,"[{""entity_beg_seq_id"":2,""ref_beg_seq_id"":231,""length"":275,""entity_end_seq_id"":276,""ref_end_seq_id"":505}]",P37231,True,True,False,1,False,False,0.544554,0.996377
7RKE_1,7RKE,1,UniProt,P03372,"[{""entity_beg_seq_id"":1,""ref_beg_seq_id"":305,""length"":250,""entity_end_seq_id"":250,""ref_end_seq_id"":554}]",P03372,True,True,False,1,False,False,0.420168,1.0
7RIV_1,7RIV,1,UniProt,O75469,"[{""entity_beg_seq_id"":1,""ref_beg_seq_id"":137,""length"":298,""entity_end_seq_id"":298,""ref_end_seq_id"":434}]",O75469,True,True,False,1,False,False,0.686636,1.0
7RIU_1,7RIU,1,UniProt,O75469,"[{""entity_beg_seq_id"":1,""ref_beg_seq_id"":137,""length"":298,""entity_end_seq_id"":298,""ref_end_seq_id"":434}]",O75469,True,True,False,1,False,False,0.686636,1.0
7RIO_1,7RIO,1,UniProt,O75469,"[{""entity_beg_seq_id"":1,""ref_beg_seq_id"":137,""length"":298,""entity_end_seq_id"":298,""ref_end_seq_id"":434}]",O75469,True,True,False,1,False,False,0.686636,1.0
7R62_1,7R62,1,UniProt,P03372,"[{""entity_beg_seq_id"":1,""ref_beg_seq_id"":306,""length"":249,""entity_end_seq_id"":249,""ref_end_seq_id"":554}]",P03372,True,True,False,1,False,False,0.418487,1.0
7QVJ_1,7QVJ,1,UniProt,P03372,"[{""entity_beg_seq_id"":5,""ref_beg_seq_id"":307,""length"":248,""entity_end_seq_id"":252,""ref_end_seq_id"":554}]",P03372,True,True,False,1,False,False,0.416807,0.984127
7QPP_1,7QPP,1,UniProt,P11473,"[{""entity_beg_seq_id"":5,""ref_beg_seq_id"":118,""length"":259,""entity_end_seq_id"":263,""ref_end_seq_id"":376}]",P11473,True,True,False,1,False,False,0.606557,0.984791
7QP4_2,7QP4,2,UniProt,P51449,"[{""entity_beg_seq_id"":1,""ref_beg_seq_id"":479,""length"":15,""entity_end_seq_id"":15,""ref_end_seq_id"":493}]",P51449,True,True,False,1,False,False,0.028958,1.0
7QP4_1,7QP4,1,UniProt,P51449,"[{""entity_beg_seq_id"":5,""ref_beg_seq_id"":264,""length"":255,""entity_end_seq_id"":259,""ref_end_seq_id"":518}]",P51449,True,True,False,1,False,False,0.492278,0.984556
7QDT_1,7QDT,1,UniProt,P10827,"[{""entity_beg_seq_id"":1,""ref_beg_seq_id"":156,""length"":215,""entity_end_seq_id"":215,""ref_end_seq_id"":370}]",P10827,True,True,False,1,False,False,0.438776,0.911017
7QB1_1,7QB1,1,UniProt,P37231,"[{""entity_beg_seq_id"":5,""ref_beg_seq_id"":223,""length"":283,""entity_end_seq_id"":287,""ref_end_seq_id"":505}]",P37231,True,True,False,1,False,False,0.560396,0.986063
7QAA_2,7QAA,2,UniProt,P10276,"[{""entity_beg_seq_id"":1,""ref_beg_seq_id"":182,""length"":235,""entity_end_seq_id"":235,""ref_end_seq_id"":416}]",P10276,True,True,False,1,False,False,0.508658,1.0
7PWZ_2,7PWZ,2,UniProt,P03372,"[{""entity_beg_seq_id"":1,""ref_beg_seq_id"":588,""length"":8,""entity_end_seq_id"":8,""ref_end_seq_id"":595}]",P03372,True,True,False,1,False,False,0.013445,1.0
7PWT_2,7PWT,2,UniProt,P03372,"[{""entity_beg_seq_id"":1,""ref_beg_seq_id"":588,""length"":8,""entity_end_seq_id"":8,""ref_end_seq_id"":595}]",P03372,True,True,False,1,False,False,0.013445,1.0
7PRX_1,7PRX,1,UniProt,P04150,"[{""entity_beg_seq_id"":2,""ref_beg_seq_id"":529,""length"":249,""entity_end_seq_id"":250,""ref_end_seq_id"":777}]",P04150,True,True,False,1,False,False,0.320463,0.996
7PRW_1,7PRW,1,UniProt,P04150,"[{""entity_beg_seq_id"":1,""ref_beg_seq_id"":385,""length"":393,""entity_end_seq_id"":393,""ref_end_seq_id"":777}]",P04150,True,True,False,1,False,False,0.505792,1.0
7PRV_1,7PRV,1,UniProt,P04150,"[{""entity_beg_seq_id"":1,""ref_beg_seq_id"":385,""length"":393,""entity_end_seq_id"":393,""ref_end_seq_id"":777}]",P04150,True,True,False,1,False,False,0.505792,1.0
7P4E_1,7P4E,1,UniProt,P37231,"[{""entity_beg_seq_id"":3,""ref_beg_seq_id"":231,""length"":275,""entity_end_seq_id"":277,""ref_end_seq_id"":505}]",P37231,True,True,False,1,False,False,0.544554,0.99278
7OQ8_2,7OQ8,2,UniProt,P03372,"[{""entity_beg_seq_id"":1,""ref_beg_seq_id"":581,""length"":15,""entity_end_seq_id"":15,""ref_end_seq_id"":595}]",P03372,True,True,False,1,False,False,0.02521,1.0
7OQ7_2,7OQ7,2,UniProt,P03372,"[{""entity_beg_seq_id"":1,""ref_beg_seq_id"":581,""length"":15,""entity_end_seq_id"":15,""ref_end_seq_id"":595}]",P03372,True,True,False,1,False,False,0.02521,1.0
7OPW_2,7OPW,2,UniProt,P03372,"[{""entity_beg_seq_id"":1,""ref_beg_seq_id"":581,""length"":15,""entity_end_seq_id"":15,""ref_end_seq_id"":595}]",P03372,True,True,False,1,False,False,0.02521,1.0
7OFK_1,7OFK,1,UniProt,P51449,"[{""entity_beg_seq_id"":22,""ref_beg_seq_id"":265,""length"":243,""entity_end_seq_id"":264,""ref_end_seq_id"":507}]",P51449,True,True,False,1,False,False,0.469112,0.913534
7OFI_1,7OFI,1,UniProt,P51449,"[{""entity_beg_seq_id"":22,""ref_beg_seq_id"":265,""length"":243,""entity_end_seq_id"":264,""ref_end_seq_id"":507}]",P51449,True,True,False,1,False,False,0.469112,0.913534
7NPC_1,7NPC,1,UniProt,P51449,"[{""entity_beg_seq_id"":1,""ref_beg_seq_id"":268,""length"":240,""entity_end_seq_id"":240,""ref_end_seq_id"":507}]",P51449,True,True,False,1,False,False,0.46332,1.0
7NP6_1,7NP6,1,UniProt,P51449,"[{""entity_beg_seq_id"":5,""ref_beg_seq_id"":265,""length"":243,""entity_end_seq_id"":247,""ref_end_seq_id"":507}]",P51449,True,True,False,1,False,False,0.469112,0.983806
7NP5_1,7NP5,1,UniProt,P51449,"[{""entity_beg_seq_id"":5,""ref_beg_seq_id"":265,""length"":243,""entity_end_seq_id"":247,""ref_end_seq_id"":507}]",P51449,True,True,False,1,False,False,0.469112,0.983806
7NKE_1,7NKE,1,UniProt,P19793,"[{""entity_beg_seq_id"":5,""ref_beg_seq_id"":223,""length"":240,""entity_end_seq_id"":244,""ref_end_seq_id"":462}]",P19793,True,True,False,1,False,False,0.519481,0.983607
7NIZ_2,7NIZ,2,UniProt,P03372,"[{""entity_beg_seq_id"":1,""ref_beg_seq_id"":588,""length"":8,""entity_end_seq_id"":8,""ref_end_seq_id"":595}]",P03372,True,True,False,1,False,False,0.013445,1.0
7NFW_2,7NFW,2,UniProt,P03372,"[{""entity_beg_seq_id"":1,""ref_beg_seq_id"":588,""length"":8,""entity_end_seq_id"":8,""ref_end_seq_id"":595}]",P03372,True,True,False,1,False,False,0.013445,1.0
7NFB_1,7NFB,1,UniProt,P03372,"[{""entity_beg_seq_id"":3,""ref_beg_seq_id"":304,""length"":245,""entity_end_seq_id"":247,""ref_end_seq_id"":548}]",P03372,True,True,False,1,False,False,0.411765,0.991903
7NEL_1,7NEL,1,UniProt,P03372,"[{""entity_beg_seq_id"":3,""ref_beg_seq_id"":304,""length"":245,""entity_end_seq_id"":247,""ref_end_seq_id"":548}]",P03372,True,True,False,1,False,False,0.411765,0.991903
7NEC_1,7NEC,1,UniProt,P51449,"[{""entity_beg_seq_id"":5,""ref_beg_seq_id"":265,""length"":243,""entity_end_seq_id"":247,""ref_end_seq_id"":507}]",P51449,True,True,False,1,False,False,0.469112,0.983806
7NDO_1,7NDO,1,UniProt,P03372,"[{""entity_beg_seq_id"":3,""ref_beg_seq_id"":304,""length"":245,""entity_end_seq_id"":247,""ref_end_seq_id"":548}]",P03372,True,True,False,1,False,False,0.411765,0.991903
7N9O_1,7N9O,1,UniProt,P03372,"[{""entity_beg_seq_id"":1,""ref_beg_seq_id"":306,""length"":249,""entity_end_seq_id"":249,""ref_end_seq_id"":554}]",P03372,True,True,False,1,False,False,0.418487,1.0
7N2A_1,7N2A,1,UniProt,O75469,"[{""entity_beg_seq_id"":1,""ref_beg_seq_id"":137,""length"":298,""entity_end_seq_id"":298,""ref_end_seq_id"":434}]",O75469,True,True,False,1,False,False,0.686636,1.0
7MSA_1,7MSA,1,UniProt,P03372,"[{""entity_beg_seq_id"":25,""ref_beg_seq_id"":298,""length"":256,""entity_end_seq_id"":280,""ref_end_seq_id"":553}]",P03372,True,True,False,1,False,False,0.430252,0.914286
7LUK_1,7LUK,1,UniProt,P51449,"[{""entity_beg_seq_id"":22,""ref_beg_seq_id"":265,""length"":244,""entity_end_seq_id"":265,""ref_end_seq_id"":508}]",P51449,True,True,False,1,False,False,0.471042,0.85614
7LOT_1,7LOT,1,UniProt,P37231,"[{""entity_beg_seq_id"":5,""ref_beg_seq_id"":232,""length"":274,""entity_end_seq_id"":278,""ref_end_seq_id"":505}]",P37231,True,True,False,1,False,False,0.542574,0.985612
7KXF_1,7KXF,1,UniProt,P51449,"[{""entity_beg_seq_id"":22,""ref_beg_seq_id"":265,""length"":244,""entity_end_seq_id"":265,""ref_end_seq_id"":508}]",P51449,True,True,False,1,False,False,0.471042,0.85614
7KXF_1,7KXF,1,UniProt,Q15788,"[{""entity_beg_seq_id"":272,""ref_beg_seq_id"":683,""length"":14,""entity_end_seq_id"":285,""ref_end_seq_id"":696}]",P51449,False,False,False,1,False,False,,0.049123
7KXE_1,7KXE,1,UniProt,P51449,"[{""entity_beg_seq_id"":22,""ref_beg_seq_id"":265,""length"":244,""entity_end_seq_id"":265,""ref_end_seq_id"":508}]",P51449,True,True,False,1,False,False,0.471042,0.85614
7KXE_1,7KXE,1,UniProt,Q15788,"[{""entity_beg_seq_id"":272,""ref_beg_seq_id"":683,""length"":14,""entity_end_seq_id"":285,""ref_end_seq_id"":696}]",P51449,False,False,False,1,False,False,,0.049123
7KXD_1,7KXD,1,UniProt,P51449,"[{""entity_beg_seq_id"":22,""ref_beg_seq_id"":265,""length"":244,""entity_end_seq_id"":265,""ref_end_seq_id"":508}]",P51449,True,True,False,1,False,False,0.471042,0.85614
7KXD_1,7KXD,1,UniProt,Q15788,"[{""entity_beg_seq_id"":272,""ref_beg_seq_id"":683,""length"":14,""entity_end_seq_id"":285,""ref_end_seq_id"":696}]",P51449,False,False,False,1,False,False,,0.049123
7KW7_4,7KW7,4,UniProt,P04150,"[{""entity_beg_seq_id"":1,""ref_beg_seq_id"":1,""length"":777,""entity_end_seq_id"":777,""ref_end_seq_id"":777}]",P04150,True,True,False,1,False,False,1.0,1.0
7KQJ_1,7KQJ,1,UniProt,P51449,"[{""entity_beg_seq_id"":22,""ref_beg_seq_id"":265,""length"":244,""entity_end_seq_id"":265,""ref_end_seq_id"":508}]",P51449,True,True,False,1,False,False,0.471042,0.85614
7KHT_1,7KHT,1,UniProt,Q13285,"[{""entity_beg_seq_id"":2,""ref_beg_seq_id"":218,""length"":244,""entity_end_seq_id"":245,""ref_end_seq_id"":461}]",Q13285,True,True,False,1,False,False,0.529284,0.995918
7KCO_1,7KCO,1,UniProt,P51449,"[{""entity_beg_seq_id"":3,""ref_beg_seq_id"":262,""length"":246,""entity_end_seq_id"":248,""ref_end_seq_id"":507}]",P51449,True,True,False,1,False,False,0.474903,0.991935
7KBS_1,7KBS,1,UniProt,P03372,"[{""entity_beg_seq_id"":16,""ref_beg_seq_id"":307,""length"":248,""entity_end_seq_id"":263,""ref_end_seq_id"":554}]",P03372,True,True,False,1,False,False,0.416807,0.942966
7JYM_1,7JYM,1,UniProt,P51449,"[{""entity_beg_seq_id"":22,""ref_beg_seq_id"":265,""length"":244,""entity_end_seq_id"":265,""ref_end_seq_id"":508}]",P51449,True,True,False,1,False,False,0.471042,0.85614
7JYM_1,7JYM,1,UniProt,Q15788,"[{""entity_beg_seq_id"":272,""ref_beg_seq_id"":683,""length"":14,""entity_end_seq_id"":285,""ref_end_seq_id"":696}]",P51449,False,False,False,1,False,False,,0.049123
7JYE_1,7JYE,1,UniProt,O00482,"[{""entity_beg_seq_id"":4,""ref_beg_seq_id"":299,""length"":243,""entity_end_seq_id"":246,""ref_end_seq_id"":541}]",O00482,True,True,False,1,False,False,0.449168,0.987805
7JYD_1,7JYD,1,UniProt,O00482,"[{""entity_beg_seq_id"":4,""ref_beg_seq_id"":299,""length"":243,""entity_end_seq_id"":246,""ref_end_seq_id"":541}]",O00482,True,True,False,1,False,False,0.449168,0.987805
7JTW_1,7JTW,1,UniProt,P51449,"[{""entity_beg_seq_id"":5,""ref_beg_seq_id"":259,""length"":250,""entity_end_seq_id"":254,""ref_end_seq_id"":508}]",P51449,True,True,False,1,False,False,0.482625,0.925926
7JTM_1,7JTM,1,UniProt,P51449,"[{""entity_beg_seq_id"":22,""ref_beg_seq_id"":265,""length"":244,""entity_end_seq_id"":265,""ref_end_seq_id"":508}]",P51449,True,True,False,1,False,False,0.471042,0.85614
7JQG_1,7JQG,1,UniProt,P37231,"[{""entity_beg_seq_id"":2,""ref_beg_seq_id"":231,""length"":275,""entity_end_seq_id"":276,""ref_end_seq_id"":505}]",P37231,True,True,False,1,False,False,0.544554,0.996377
7JHD_1,7JHD,1,UniProt,P03372,"[{""entity_beg_seq_id"":2,""ref_beg_seq_id"":305,""length"":250,""entity_end_seq_id"":251,""ref_end_seq_id"":554}]",P03372,True,True,False,1,False,False,0.420168,0.996016
7JH2_1,7JH2,1,UniProt,P51449,"[{""entity_beg_seq_id"":22,""ref_beg_seq_id"":265,""length"":244,""entity_end_seq_id"":265,""ref_end_seq_id"":508}]",P51449,True,True,False,1,False,False,0.471042,0.920755
7F80_1,7F80,1,UniProt,Q03181,"[{""entity_beg_seq_id"":5,""ref_beg_seq_id"":171,""length"":271,""entity_end_seq_id"":275,""ref_end_seq_id"":441}]",Q03181,True,True,False,1,False,False,0.614512,0.985455
7EFQ_1,7EFQ,1,UniProt,P37231,"[{""entity_beg_seq_id"":3,""ref_beg_seq_id"":232,""length"":274,""entity_end_seq_id"":276,""ref_end_seq_id"":505}]",P37231,True,True,False,1,False,False,0.542574,0.992754
7E5I_1,7E5I,1,UniProt,Q07869,"[{""entity_beg_seq_id"":5,""ref_beg_seq_id"":200,""length"":269,""entity_end_seq_id"":273,""ref_end_seq_id"":468}]",Q07869,True,True,False,1,False,False,0.574786,0.985348
7E5H_1,7E5H,1,UniProt,Q07869,"[{""entity_beg_seq_id"":5,""ref_beg_seq_id"":200,""length"":269,""entity_end_seq_id"":273,""ref_end_seq_id"":468}]",Q07869,True,True,False,1,False,False,0.574786,0.985348
7E5G_1,7E5G,1,UniProt,Q07869,"[{""entity_beg_seq_id"":5,""ref_beg_seq_id"":200,""length"":269,""entity_end_seq_id"":273,""ref_end_seq_id"":468}]",Q07869,True,True,False,1,False,False,0.574786,0.985348
7E5F_1,7E5F,1,UniProt,Q07869,"[{""entity_beg_seq_id"":5,""ref_beg_seq_id"":200,""length"":269,""entity_end_seq_id"":273,""ref_end_seq_id"":468}]",Q07869,True,True,False,1,False,False,0.574786,0.985348
7E3M_1,7E3M,1,UniProt,P51449,"[{""entity_beg_seq_id"":1,""ref_beg_seq_id"":265,""length"":243,""entity_end_seq_id"":243,""ref_end_seq_id"":507}]",P51449,True,True,False,1,False,False,0.469112,1.0
7E2O_1,7E2O,1,UniProt,P37231,"[{""entity_beg_seq_id"":3,""ref_beg_seq_id"":232,""length"":274,""entity_end_seq_id"":276,""ref_end_seq_id"":505}]",P37231,True,True,False,1,False,False,0.542574,0.992754
7E2E_1,7E2E,1,UniProt,P11474,"[{""entity_beg_seq_id"":16,""ref_beg_seq_id"":194,""length"":230,""entity_end_seq_id"":245,""ref_end_seq_id"":423}]",P11474,True,True,False,1,False,False,0.543735,0.938776
7E0A_1,7E0A,1,UniProt,P37231,"[{""entity_beg_seq_id"":5,""ref_beg_seq_id"":230,""length"":276,""entity_end_seq_id"":280,""ref_end_seq_id"":505}]",P37231,True,True,False,1,False,False,0.546535,0.985714
7D42_1,7D42,1,UniProt,Q96RI1,"[{""entity_beg_seq_id"":22,""ref_beg_seq_id"":258,""length"":227,""entity_end_seq_id"":248,""ref_end_seq_id"":484}]",Q96RI1,True,True,False,1,False,False,0.467078,0.915323
7CXL_1,7CXL,1,UniProt,P37231,"[{""entity_beg_seq_id"":1,""ref_beg_seq_id"":223,""length"":283,""entity_end_seq_id"":283,""ref_end_seq_id"":505}]",P37231,True,True,False,1,False,False,0.560396,1.0
7CXK_1,7CXK,1,UniProt,P37231,"[{""entity_beg_seq_id"":1,""ref_beg_seq_id"":223,""length"":283,""entity_end_seq_id"":283,""ref_end_seq_id"":505}]",P37231,True,True,False,1,False,False,0.560396,1.0
7CXJ_1,7CXJ,1,UniProt,P37231,"[{""entity_beg_seq_id"":1,""ref_beg_seq_id"":223,""length"":283,""entity_end_seq_id"":283,""ref_end_seq_id"":505}]",P37231,True,True,False,1,False,False,0.560396,1.0
7CXI_1,7CXI,1,UniProt,P37231,"[{""entity_beg_seq_id"":1,""ref_beg_seq_id"":223,""length"":283,""entity_end_seq_id"":283,""ref_end_seq_id"":505}]",P37231,True,True,False,1,False,False,0.560396,1.0
7CXH_1,7CXH,1,UniProt,P37231,"[{""entity_beg_seq_id"":1,""ref_beg_seq_id"":223,""length"":283,""entity_end_seq_id"":283,""ref_end_seq_id"":505}]",P37231,True,True,False,1,False,False,0.560396,1.0
7CXG_1,7CXG,1,UniProt,P37231,"[{""entity_beg_seq_id"":1,""ref_beg_seq_id"":223,""length"":283,""entity_end_seq_id"":283,""ref_end_seq_id"":505}]",P37231,True,True,False,1,False,False,0.560396,1.0
7CXF_1,7CXF,1,UniProt,P37231,"[{""entity_beg_seq_id"":1,""ref_beg_seq_id"":223,""length"":283,""entity_end_seq_id"":283,""ref_end_seq_id"":505}]",P37231,True,True,False,1,False,False,0.560396,1.0
7CXE_1,7CXE,1,UniProt,P37231,"[{""entity_beg_seq_id"":1,""ref_beg_seq_id"":223,""length"":283,""entity_end_seq_id"":283,""ref_end_seq_id"":505}]",P37231,True,True,False,1,False,False,0.560396,1.0
7CFO_1,7CFO,1,UniProt,P19793,"[{""entity_beg_seq_id"":5,""ref_beg_seq_id"":224,""length"":239,""entity_end_seq_id"":243,""ref_end_seq_id"":462}]",P19793,True,True,False,1,False,False,0.517316,0.983539
7C6Q_1,7C6Q,1,UniProt,Q07869,"[{""entity_beg_seq_id"":1,""ref_beg_seq_id"":196,""length"":273,""entity_end_seq_id"":273,""ref_end_seq_id"":468}]",Q07869,True,True,False,1,False,False,0.583333,1.0
7BQ4_1,7BQ4,1,UniProt,Q07869,"[{""entity_beg_seq_id"":5,""ref_beg_seq_id"":200,""length"":269,""entity_end_seq_id"":273,""ref_end_seq_id"":468}]",Q07869,True,True,False,1,False,False,0.574786,0.985348
7BQ3_1,7BQ3,1,UniProt,Q07869,"[{""entity_beg_seq_id"":5,""ref_beg_seq_id"":200,""length"":269,""entity_end_seq_id"":273,""ref_end_seq_id"":468}]",Q07869,True,True,False,1,False,False,0.574786,0.985348
7BQ2_1,7BQ2,1,UniProt,Q07869,"[{""entity_beg_seq_id"":5,""ref_beg_seq_id"":200,""length"":269,""entity_end_seq_id"":273,""ref_end_seq_id"":468}]",Q07869,True,True,False,1,False,False,0.574786,0.985348
7BQ1_1,7BQ1,1,UniProt,Q07869,"[{""entity_beg_seq_id"":5,""ref_beg_seq_id"":200,""length"":269,""entity_end_seq_id"":273,""ref_end_seq_id"":468}]",Q07869,True,True,False,1,False,False,0.574786,0.985348
7BQ0_1,7BQ0,1,UniProt,Q07869,"[{""entity_beg_seq_id"":5,""ref_beg_seq_id"":200,""length"":269,""entity_end_seq_id"":273,""ref_end_seq_id"":468}]",Q07869,True,True,False,1,False,False,0.574786,0.985348
7BPZ_1,7BPZ,1,UniProt,Q07869,"[{""entity_beg_seq_id"":5,""ref_beg_seq_id"":200,""length"":269,""entity_end_seq_id"":273,""ref_end_seq_id"":468}]",Q07869,True,True,False,1,False,False,0.574786,0.985348
7BPY_1,7BPY,1,UniProt,Q07869,"[{""entity_beg_seq_id"":5,""ref_beg_seq_id"":200,""length"":269,""entity_end_seq_id"":273,""ref_end_seq_id"":468}]",Q07869,True,True,False,1,False,False,0.574786,0.985348
7BK4_1,7BK4,1,UniProt,P19793,"[{""entity_beg_seq_id"":5,""ref_beg_seq_id"":223,""length"":240,""entity_end_seq_id"":244,""ref_end_seq_id"":462}]",P19793,True,True,False,1,False,False,0.519481,0.983607
7BAB_2,7BAB,2,UniProt,P03372,"[{""entity_beg_seq_id"":1,""ref_beg_seq_id"":588,""length"":8,""entity_end_seq_id"":8,""ref_end_seq_id"":595}]",P03372,True,True,False,1,False,False,0.013445,1.0
7BAA_2,7BAA,2,UniProt,P03372,"[{""entity_beg_seq_id"":1,""ref_beg_seq_id"":588,""length"":8,""entity_end_seq_id"":8,""ref_end_seq_id"":595}]",P03372,True,True,False,1,False,False,0.013445,1.0
7BA9_2,7BA9,2,UniProt,P03372,"[{""entity_beg_seq_id"":1,""ref_beg_seq_id"":588,""length"":8,""entity_end_seq_id"":8,""ref_end_seq_id"":595}]",P03372,True,True,False,1,False,False,0.013445,1.0
7BA8_2,7BA8,2,UniProt,P03372,"[{""entity_beg_seq_id"":1,""ref_beg_seq_id"":588,""length"":8,""entity_end_seq_id"":8,""ref_end_seq_id"":595}]",P03372,True,True,False,1,False,False,0.013445,1.0
7BA7_2,7BA7,2,UniProt,P03372,"[{""entity_beg_seq_id"":1,""ref_beg_seq_id"":588,""length"":8,""entity_end_seq_id"":8,""ref_end_seq_id"":595}]",P03372,True,True,False,1,False,False,0.013445,1.0
7BA6_2,7BA6,2,UniProt,P03372,"[{""entity_beg_seq_id"":1,""ref_beg_seq_id"":588,""length"":8,""entity_end_seq_id"":8,""ref_end_seq_id"":595}]",P03372,True,True,False,1,False,False,0.013445,1.0
7BA5_2,7BA5,2,UniProt,P03372,"[{""entity_beg_seq_id"":1,""ref_beg_seq_id"":588,""length"":8,""entity_end_seq_id"":8,""ref_end_seq_id"":595}]",P03372,True,True,False,1,False,False,0.013445,1.0
7BA3_2,7BA3,2,UniProt,P03372,"[{""entity_beg_seq_id"":1,""ref_beg_seq_id"":588,""length"":8,""entity_end_seq_id"":8,""ref_end_seq_id"":595}]",P03372,True,True,False,1,False,False,0.013445,1.0
7B9T_2,7B9T,2,UniProt,P03372,"[{""entity_beg_seq_id"":1,""ref_beg_seq_id"":588,""length"":8,""entity_end_seq_id"":8,""ref_end_seq_id"":595}]",P03372,True,True,False,1,False,False,0.013445,1.0
7B9R_2,7B9R,2,UniProt,P03372,"[{""entity_beg_seq_id"":1,""ref_beg_seq_id"":588,""length"":8,""entity_end_seq_id"":8,""ref_end_seq_id"":595}]",P03372,True,True,False,1,False,False,0.013445,1.0
7B9O_1,7B9O,1,UniProt,P19793,"[{""entity_beg_seq_id"":3,""ref_beg_seq_id"":229,""length"":228,""entity_end_seq_id"":230,""ref_end_seq_id"":456}]",P19793,True,True,False,1,False,False,0.493506,0.991304
7B9M_2,7B9M,2,UniProt,P03372,"[{""entity_beg_seq_id"":1,""ref_beg_seq_id"":588,""length"":8,""entity_end_seq_id"":8,""ref_end_seq_id"":595}]",P03372,True,True,False,1,False,False,0.013445,1.0
7B88_1,7B88,1,UniProt,P19793,"[{""entity_beg_seq_id"":3,""ref_beg_seq_id"":229,""length"":228,""entity_end_seq_id"":230,""ref_end_seq_id"":456}]",P19793,True,True,False,1,False,False,0.493506,0.991304
7AXL_1,7AXL,1,UniProt,O75469,"[{""entity_beg_seq_id"":12,""ref_beg_seq_id"":130,""length"":305,""entity_end_seq_id"":316,""ref_end_seq_id"":434}]",O75469,True,True,False,1,False,False,0.702765,0.953125
7AXK_1,7AXK,1,UniProt,O75469,"[{""entity_beg_seq_id"":12,""ref_beg_seq_id"":130,""length"":305,""entity_end_seq_id"":316,""ref_end_seq_id"":434}]",O75469,True,True,False,1,False,False,0.702765,0.96519
7AXJ_1,7AXJ,1,UniProt,O75469,"[{""entity_beg_seq_id"":12,""ref_beg_seq_id"":130,""length"":305,""entity_end_seq_id"":316,""ref_end_seq_id"":434}]",O75469,True,True,False,1,False,False,0.702765,0.953125
7AXI_1,7AXI,1,UniProt,O75469,"[{""entity_beg_seq_id"":12,""ref_beg_seq_id"":130,""length"":305,""entity_end_seq_id"":316,""ref_end_seq_id"":434}]",O75469,True,True,False,1,False,False,0.702765,0.96519
7AXH_1,7AXH,1,UniProt,O75469,"[{""entity_beg_seq_id"":12,""ref_beg_seq_id"":130,""length"":305,""entity_end_seq_id"":316,""ref_end_seq_id"":434}]",O75469,True,True,False,1,False,False,0.702765,0.96519
7AXG_1,7AXG,1,UniProt,O75469,"[{""entity_beg_seq_id"":12,""ref_beg_seq_id"":130,""length"":305,""entity_end_seq_id"":316,""ref_end_seq_id"":434}]",O75469,True,True,False,1,False,False,0.702765,0.953125
7AXF_1,7AXF,1,UniProt,O75469,"[{""entity_beg_seq_id"":12,""ref_beg_seq_id"":130,""length"":305,""entity_end_seq_id"":316,""ref_end_seq_id"":434}]",O75469,True,True,False,1,False,False,0.702765,0.96519
7AXE_1,7AXE,1,UniProt,O75469,"[{""entity_beg_seq_id"":12,""ref_beg_seq_id"":130,""length"":305,""entity_end_seq_id"":316,""ref_end_seq_id"":434}]",O75469,True,True,False,1,False,False,0.702765,0.96519
7AXD_1,7AXD,1,UniProt,O75469,"[{""entity_beg_seq_id"":12,""ref_beg_seq_id"":130,""length"":305,""entity_end_seq_id"":316,""ref_end_seq_id"":434}]",O75469,True,True,False,1,False,False,0.702765,0.96519
7AXC_1,7AXC,1,UniProt,O75469,"[{""entity_beg_seq_id"":12,""ref_beg_seq_id"":130,""length"":305,""entity_end_seq_id"":316,""ref_end_seq_id"":434}]",O75469,True,True,False,1,False,False,0.702765,0.96519
8D8I_1,8D8I,1,UniProt,P20393,"[{""entity_beg_seq_id"":5,""ref_beg_seq_id"":281,""length"":233,""entity_end_seq_id"":237,""ref_end_seq_id"":513}]",P20393,True,True,False,1,False,False,0.379479,0.983122
8CYO_1,8CYO,1,UniProt,P43354,"[{""entity_beg_seq_id"":14,""ref_beg_seq_id"":363,""length"":236,""entity_end_seq_id"":249,""ref_end_seq_id"":598}]",P43354,True,True,False,1,False,False,0.394649,0.947791
8CPJ_1,8CPJ,1,UniProt,P37231,"[{""entity_beg_seq_id"":3,""ref_beg_seq_id"":231,""length"":275,""entity_end_seq_id"":277,""ref_end_seq_id"":505}]",P37231,True,True,False,1,False,False,0.544554,0.99278
8CPI_1,8CPI,1,UniProt,P37231,"[{""entity_beg_seq_id"":3,""ref_beg_seq_id"":231,""length"":275,""entity_end_seq_id"":277,""ref_end_seq_id"":505}]",P37231,True,True,False,1,False,False,0.544554,0.99278
8CPH_1,8CPH,1,UniProt,P37231,"[{""entity_beg_seq_id"":3,""ref_beg_seq_id"":231,""length"":275,""entity_end_seq_id"":277,""ref_end_seq_id"":505}]",P37231,True,True,False,1,False,False,0.544554,0.99278
8CH8_1,8CH8,1,UniProt,O75469,"[{""entity_beg_seq_id"":12,""ref_beg_seq_id"":130,""length"":305,""entity_end_seq_id"":316,""ref_end_seq_id"":434}]",O75469,True,True,False,1,False,False,0.702765,0.953125
8CF9_1,8CF9,1,UniProt,O75469,"[{""entity_beg_seq_id"":12,""ref_beg_seq_id"":130,""length"":305,""entity_end_seq_id"":316,""ref_end_seq_id"":434}]",O75469,True,True,False,1,False,False,0.702765,0.953125
8CCT_1,8CCT,1,UniProt,O75469,"[{""entity_beg_seq_id"":12,""ref_beg_seq_id"":130,""length"":305,""entity_end_seq_id"":316,""ref_end_seq_id"":434}]",O75469,True,True,False,1,False,False,0.702765,0.953125
8C5L_1,8C5L,1,UniProt,P0AEX9,"[{""entity_beg_seq_id"":2,""ref_beg_seq_id"":27,""length"":361,""entity_end_seq_id"":362,""ref_end_seq_id"":387},{""entity_beg_seq_id"":366,""ref_beg_seq_id"":391,""length"":2,""entity_end_seq_id"":367,""ref_end_seq_id"":392}]",P10588,False,False,False,2,False,False,,0.639085
8C5L_1,8C5L,1,UniProt,P10588,"[{""entity_beg_seq_id"":363,""ref_beg_seq_id"":193,""length"":3,""entity_end_seq_id"":365,""ref_end_seq_id"":195},{""entity_beg_seq_id"":374,""ref_beg_seq_id"":199,""length"":195,""entity_end_seq_id"":568,""ref_end_seq_id"":393}]",P10588,True,True,False,2,False,False,0.490099,0.348592
8C4G_2,8C4G,2,UniProt,P03372,"[{""entity_beg_seq_id"":1,""ref_beg_seq_id"":591,""length"":5,""entity_end_seq_id"":5,""ref_end_seq_id"":595}]",P03372,True,True,False,1,False,False,0.008403,1.0
8C4F_2,8C4F,2,UniProt,P03372,"[{""entity_beg_seq_id"":1,""ref_beg_seq_id"":591,""length"":5,""entity_end_seq_id"":5,""ref_end_seq_id"":595}]",P03372,True,True,False,1,False,False,0.008403,1.0
8C42_2,8C42,2,UniProt,P03372,"[{""entity_beg_seq_id"":1,""ref_beg_seq_id"":588,""length"":8,""entity_end_seq_id"":8,""ref_end_seq_id"":595}]",P03372,True,True,False,1,False,False,0.013445,1.0
8C1L_1,8C1L,1,UniProt,P41235,"[{""entity_beg_seq_id"":3,""ref_beg_seq_id"":148,""length"":230,""entity_end_seq_id"":232,""ref_end_seq_id"":377}]",P41235,True,True,False,1,False,False,0.485232,0.991379
8C0L_2,8C0L,2,UniProt,P03372,"[{""entity_beg_seq_id"":1,""ref_beg_seq_id"":591,""length"":5,""entity_end_seq_id"":5,""ref_end_seq_id"":595}]",P03372,True,True,False,1,False,False,0.008403,1.0
8C0K_2,8C0K,2,UniProt,P03372,"[{""entity_beg_seq_id"":1,""ref_beg_seq_id"":591,""length"":5,""entity_end_seq_id"":5,""ref_end_seq_id"":595}]",P03372,True,True,False,1,False,False,0.008403,1.0
8C0C_1,8C0C,1,UniProt,P37231,"[{""entity_beg_seq_id"":22,""ref_beg_seq_id"":223,""length"":282,""entity_end_seq_id"":303,""ref_end_seq_id"":504}]",P37231,True,True,False,1,False,False,0.558416,0.930693
8C04_2,8C04,2,UniProt,P03372,"[{""entity_beg_seq_id"":1,""ref_beg_seq_id"":591,""length"":5,""entity_end_seq_id"":5,""ref_end_seq_id"":595}]",P03372,True,True,False,1,False,False,0.008403,1.0
8BZW_2,8BZW,2,UniProt,P03372,"[{""entity_beg_seq_id"":1,""ref_beg_seq_id"":590,""length"":6,""entity_end_seq_id"":6,""ref_end_seq_id"":595}]",P03372,True,True,False,1,False,False,0.010084,1.0
8BZT_2,8BZT,2,UniProt,P03372,"[{""entity_beg_seq_id"":1,""ref_beg_seq_id"":591,""length"":5,""entity_end_seq_id"":5,""ref_end_seq_id"":595}]",P03372,True,True,False,1,False,False,0.008403,1.0
8BZH_2,8BZH,2,UniProt,P03372,"[{""entity_beg_seq_id"":1,""ref_beg_seq_id"":591,""length"":5,""entity_end_seq_id"":5,""ref_end_seq_id"":595}]",P03372,True,True,False,1,False,False,0.008403,1.0
8BZG_2,8BZG,2,UniProt,P03372,"[{""entity_beg_seq_id"":1,""ref_beg_seq_id"":591,""length"":5,""entity_end_seq_id"":5,""ref_end_seq_id"":595}]",P03372,True,True,False,1,False,False,0.008403,1.0
8BZF_2,8BZF,2,UniProt,P03372,"[{""entity_beg_seq_id"":1,""ref_beg_seq_id"":591,""length"":5,""entity_end_seq_id"":5,""ref_end_seq_id"":595}]",P03372,True,True,False,1,False,False,0.008403,1.0
8BZE_2,8BZE,2,UniProt,P03372,"[{""entity_beg_seq_id"":1,""ref_beg_seq_id"":591,""length"":5,""entity_end_seq_id"":5,""ref_end_seq_id"":595}]",P03372,True,True,False,1,False,False,0.008403,1.0
8BZD_2,8BZD,2,UniProt,P03372,"[{""entity_beg_seq_id"":1,""ref_beg_seq_id"":591,""length"":5,""entity_end_seq_id"":5,""ref_end_seq_id"":595}]",P03372,True,True,False,1,False,False,0.008403,1.0
8BZC_2,8BZC,2,UniProt,P03372,"[{""entity_beg_seq_id"":1,""ref_beg_seq_id"":591,""length"":5,""entity_end_seq_id"":5,""ref_end_seq_id"":595}]",P03372,True,True,False,1,False,False,0.008403,1.0
8BZB_2,8BZB,2,UniProt,P03372,"[{""entity_beg_seq_id"":1,""ref_beg_seq_id"":591,""length"":5,""entity_end_seq_id"":5,""ref_end_seq_id"":595}]",P03372,True,True,False,1,False,False,0.008403,1.0
8BZA_2,8BZA,2,UniProt,P03372,"[{""entity_beg_seq_id"":1,""ref_beg_seq_id"":591,""length"":5,""entity_end_seq_id"":5,""ref_end_seq_id"":595}]",P03372,True,True,False,1,False,False,0.008403,1.0
8BZ9_2,8BZ9,2,UniProt,P03372,"[{""entity_beg_seq_id"":1,""ref_beg_seq_id"":591,""length"":5,""entity_end_seq_id"":5,""ref_end_seq_id"":595}]",P03372,True,True,False,1,False,False,0.008403,1.0
8BZ0_2,8BZ0,2,UniProt,P03372,"[{""entity_beg_seq_id"":1,""ref_beg_seq_id"":591,""length"":5,""entity_end_seq_id"":5,""ref_end_seq_id"":595}]",P03372,True,True,False,1,False,False,0.008403,1.0
8BYZ_2,8BYZ,2,UniProt,P03372,"[{""entity_beg_seq_id"":1,""ref_beg_seq_id"":591,""length"":5,""entity_end_seq_id"":5,""ref_end_seq_id"":595}]",P03372,True,True,False,1,False,False,0.008403,1.0
8BYY_2,8BYY,2,UniProt,P03372,"[{""entity_beg_seq_id"":1,""ref_beg_seq_id"":591,""length"":5,""entity_end_seq_id"":5,""ref_end_seq_id"":595}]",P03372,True,True,False,1,False,False,0.008403,1.0
8BYO_2,8BYO,2,UniProt,P03372,"[{""entity_beg_seq_id"":1,""ref_beg_seq_id"":591,""length"":5,""entity_end_seq_id"":5,""ref_end_seq_id"":595}]",P03372,True,True,False,1,False,False,0.008403,1.0
8BYG_2,8BYG,2,UniProt,P03372,"[{""entity_beg_seq_id"":1,""ref_beg_seq_id"":591,""length"":5,""entity_end_seq_id"":5,""ref_end_seq_id"":595}]",P03372,True,True,False,1,False,False,0.008403,1.0
8BYF_2,8BYF,2,UniProt,P03372,"[{""entity_beg_seq_id"":1,""ref_beg_seq_id"":591,""length"":5,""entity_end_seq_id"":5,""ref_end_seq_id"":595}]",P03372,True,True,False,1,False,False,0.008403,1.0
8BYE_2,8BYE,2,UniProt,P03372,"[{""entity_beg_seq_id"":1,""ref_beg_seq_id"":591,""length"":5,""entity_end_seq_id"":5,""ref_end_seq_id"":595}]",P03372,True,True,False,1,False,False,0.008403,1.0
8BYD_2,8BYD,2,UniProt,P03372,"[{""entity_beg_seq_id"":1,""ref_beg_seq_id"":591,""length"":5,""entity_end_seq_id"":5,""ref_end_seq_id"":595}]",P03372,True,True,False,1,False,False,0.008403,1.0
8BYC_2,8BYC,2,UniProt,P03372,"[{""entity_beg_seq_id"":1,""ref_beg_seq_id"":591,""length"":5,""entity_end_seq_id"":5,""ref_end_seq_id"":595}]",P03372,True,True,False,1,False,False,0.008403,1.0
8BYB_2,8BYB,2,UniProt,P03372,"[{""entity_beg_seq_id"":1,""ref_beg_seq_id"":591,""length"":5,""entity_end_seq_id"":5,""ref_end_seq_id"":595}]",P03372,True,True,False,1,False,False,0.008403,1.0
8BY9_2,8BY9,2,UniProt,P03372,"[{""entity_beg_seq_id"":1,""ref_beg_seq_id"":591,""length"":5,""entity_end_seq_id"":5,""ref_end_seq_id"":595}]",P03372,True,True,False,1,False,False,0.008403,1.0
8BXS_2,8BXS,2,UniProt,P03372,"[{""entity_beg_seq_id"":1,""ref_beg_seq_id"":591,""length"":5,""entity_end_seq_id"":5,""ref_end_seq_id"":595}]",P03372,True,True,False,1,False,False,0.008403,1.0
8BXQ_2,8BXQ,2,UniProt,P03372,"[{""entity_beg_seq_id"":1,""ref_beg_seq_id"":591,""length"":5,""entity_end_seq_id"":5,""ref_end_seq_id"":595}]",P03372,True,True,False,1,False,False,0.008403,1.0
8BXO_2,8BXO,2,UniProt,P03372,"[{""entity_beg_seq_id"":1,""ref_beg_seq_id"":591,""length"":5,""entity_end_seq_id"":5,""ref_end_seq_id"":595}]",P03372,True,True,False,1,False,False,0.008403,1.0
8BXN_2,8BXN,2,UniProt,P03372,"[{""entity_beg_seq_id"":1,""ref_beg_seq_id"":591,""length"":5,""entity_end_seq_id"":5,""ref_end_seq_id"":595}]",P03372,True,True,False,1,False,False,0.008403,1.0
8BXM_2,8BXM,2,UniProt,P03372,"[{""entity_beg_seq_id"":1,""ref_beg_seq_id"":591,""length"":5,""entity_end_seq_id"":5,""ref_end_seq_id"":595}]",P03372,True,True,False,1,False,False,0.008403,1.0
8BXI_2,8BXI,2,UniProt,P03372,"[{""entity_beg_seq_id"":1,""ref_beg_seq_id"":591,""length"":5,""entity_end_seq_id"":5,""ref_end_seq_id"":595}]",P03372,True,True,False,1,False,False,0.008403,1.0
8BX4_2,8BX4,2,UniProt,P03372,"[{""entity_beg_seq_id"":1,""ref_beg_seq_id"":591,""length"":5,""entity_end_seq_id"":5,""ref_end_seq_id"":595}]",P03372,True,True,False,1,False,False,0.008403,1.0
8BX3_2,8BX3,2,UniProt,P03372,"[{""entity_beg_seq_id"":1,""ref_beg_seq_id"":591,""length"":5,""entity_end_seq_id"":5,""ref_end_seq_id"":595}]",P03372,True,True,False,1,False,False,0.008403,1.0
8BX0_2,8BX0,2,UniProt,P03372,"[{""entity_beg_seq_id"":1,""ref_beg_seq_id"":591,""length"":5,""entity_end_seq_id"":5,""ref_end_seq_id"":595}]",P03372,True,True,False,1,False,False,0.008403,1.0
8BWZ_2,8BWZ,2,UniProt,P03372,"[{""entity_beg_seq_id"":1,""ref_beg_seq_id"":591,""length"":5,""entity_end_seq_id"":5,""ref_end_seq_id"":595}]",P03372,True,True,False,1,False,False,0.008403,1.0
8BWX_2,8BWX,2,UniProt,P03372,"[{""entity_beg_seq_id"":1,""ref_beg_seq_id"":591,""length"":5,""entity_end_seq_id"":5,""ref_end_seq_id"":595}]",P03372,True,True,False,1,False,False,0.008403,1.0
8BWJ_2,8BWJ,2,UniProt,P03372,"[{""entity_beg_seq_id"":1,""ref_beg_seq_id"":591,""length"":5,""entity_end_seq_id"":5,""ref_end_seq_id"":595}]",P03372,True,True,False,1,False,False,0.008403,1.0
8BM5_2,8BM5,2,UniProt,P62508,"[{""entity_beg_seq_id"":1,""ref_beg_seq_id"":174,""length"":9,""entity_end_seq_id"":9,""ref_end_seq_id"":182}]",P62508,True,True,False,1,False,False,0.019651,0.9
8BJN_2,8BJN,2,UniProt,P62508,"[{""entity_beg_seq_id"":1,""ref_beg_seq_id"":174,""length"":9,""entity_end_seq_id"":9,""ref_end_seq_id"":182}]",P62508,True,True,False,1,False,False,0.019651,0.9
8BJG_2,8BJG,2,UniProt,P62508,"[{""entity_beg_seq_id"":1,""ref_beg_seq_id"":174,""length"":9,""entity_end_seq_id"":9,""ref_end_seq_id"":182}]",P62508,True,True,False,1,False,False,0.019651,0.9
8BFF_1,8BFF,1,UniProt,P37231,"[{""entity_beg_seq_id"":12,""ref_beg_seq_id"":234,""length"":272,""entity_end_seq_id"":283,""ref_end_seq_id"":505}]",P37231,True,True,False,1,False,False,0.538614,0.961131
8BF2_1,8BF2,1,UniProt,P37231,"[{""entity_beg_seq_id"":12,""ref_beg_seq_id"":234,""length"":272,""entity_end_seq_id"":283,""ref_end_seq_id"":505}]",P37231,True,True,False,1,False,False,0.538614,0.961131
8BF1_1,8BF1,1,UniProt,P37231,"[{""entity_beg_seq_id"":12,""ref_beg_seq_id"":234,""length"":272,""entity_end_seq_id"":283,""ref_end_seq_id"":505}]",P37231,True,True,False,1,False,False,0.538614,0.961131
8B95_1,8B95,1,UniProt,P37231,"[{""entity_beg_seq_id"":5,""ref_beg_seq_id"":231,""length"":275,""entity_end_seq_id"":279,""ref_end_seq_id"":505}]",P37231,True,True,False,1,False,False,0.544554,0.985663
8B94_1,8B94,1,UniProt,P37231,"[{""entity_beg_seq_id"":5,""ref_beg_seq_id"":231,""length"":275,""entity_end_seq_id"":279,""ref_end_seq_id"":505}]",P37231,True,True,False,1,False,False,0.544554,0.985663
8B93_1,8B93,1,UniProt,P37231,"[{""entity_beg_seq_id"":5,""ref_beg_seq_id"":231,""length"":275,""entity_end_seq_id"":279,""ref_end_seq_id"":505}]",P37231,True,True,False,1,False,False,0.544554,0.985663
8B92_1,8B92,1,UniProt,P37231,"[{""entity_beg_seq_id"":5,""ref_beg_seq_id"":231,""length"":275,""entity_end_seq_id"":279,""ref_end_seq_id"":505}]",P37231,True,True,False,1,False,False,0.544554,0.985663
8B91_1,8B91,1,UniProt,P37231,"[{""entity_beg_seq_id"":5,""ref_beg_seq_id"":231,""length"":275,""entity_end_seq_id"":279,""ref_end_seq_id"":505}]",P37231,True,True,False,1,False,False,0.544554,0.985663
8B90_1,8B90,1,UniProt,P37231,"[{""entity_beg_seq_id"":5,""ref_beg_seq_id"":231,""length"":275,""entity_end_seq_id"":279,""ref_end_seq_id"":505}]",P37231,True,True,False,1,False,False,0.544554,0.985663
8B8Z_1,8B8Z,1,UniProt,P37231,"[{""entity_beg_seq_id"":5,""ref_beg_seq_id"":231,""length"":275,""entity_end_seq_id"":279,""ref_end_seq_id"":505}]",P37231,True,True,False,1,False,False,0.544554,0.985663
8B8Y_1,8B8Y,1,UniProt,P37231,"[{""entity_beg_seq_id"":5,""ref_beg_seq_id"":231,""length"":275,""entity_end_seq_id"":279,""ref_end_seq_id"":505}]",P37231,True,True,False,1,False,False,0.544554,0.985663
8B8X_1,8B8X,1,UniProt,P37231,"[{""entity_beg_seq_id"":5,""ref_beg_seq_id"":231,""length"":275,""entity_end_seq_id"":279,""ref_end_seq_id"":505}]",P37231,True,True,False,1,False,False,0.544554,0.985663
8B8W_1,8B8W,1,UniProt,P37231,"[{""entity_beg_seq_id"":5,""ref_beg_seq_id"":231,""length"":275,""entity_end_seq_id"":279,""ref_end_seq_id"":505}]",P37231,True,True,False,1,False,False,0.544554,0.985663
8B4Q_2,8B4Q,2,UniProt,P62508,"[{""entity_beg_seq_id"":1,""ref_beg_seq_id"":174,""length"":9,""entity_end_seq_id"":9,""ref_end_seq_id"":182}]",P62508,True,True,False,1,False,False,0.019651,0.9
8B39_2,8B39,2,UniProt,P03372,"[{""entity_beg_seq_id"":1,""ref_beg_seq_id"":591,""length"":5,""entity_end_seq_id"":5,""ref_end_seq_id"":595}]",P03372,True,True,False,1,False,False,0.008403,1.0
8AZE_2,8AZE,2,UniProt,P03372,"[{""entity_beg_seq_id"":1,""ref_beg_seq_id"":591,""length"":5,""entity_end_seq_id"":5,""ref_end_seq_id"":595}]",P03372,True,True,False,1,False,False,0.008403,1.0
8AXU_2,8AXU,2,UniProt,P03372,"[{""entity_beg_seq_id"":1,""ref_beg_seq_id"":591,""length"":5,""entity_end_seq_id"":5,""ref_end_seq_id"":595}]",P03372,True,True,False,1,False,False,0.008403,1.0
8AXE_2,8AXE,2,UniProt,P03372,"[{""entity_beg_seq_id"":1,""ref_beg_seq_id"":591,""length"":5,""entity_end_seq_id"":5,""ref_end_seq_id"":595}]",P03372,True,True,False,1,False,False,0.008403,1.0
8AWG_2,8AWG,2,UniProt,P03372,"[{""entity_beg_seq_id"":1,""ref_beg_seq_id"":591,""length"":5,""entity_end_seq_id"":5,""ref_end_seq_id"":595}]",P03372,True,True,False,1,False,False,0.008403,1.0
8AV8_2,8AV8,2,UniProt,P03372,"[{""entity_beg_seq_id"":1,""ref_beg_seq_id"":591,""length"":5,""entity_end_seq_id"":5,""ref_end_seq_id"":595}]",P03372,True,True,False,1,False,False,0.008403,1.0
8AV7_2,8AV7,2,UniProt,P03372,"[{""entity_beg_seq_id"":1,""ref_beg_seq_id"":591,""length"":5,""entity_end_seq_id"":5,""ref_end_seq_id"":595}]",P03372,True,True,False,1,False,False,0.008403,1.0
8AV4_2,8AV4,2,UniProt,P03372,"[{""entity_beg_seq_id"":1,""ref_beg_seq_id"":591,""length"":5,""entity_end_seq_id"":5,""ref_end_seq_id"":595}]",P03372,True,True,False,1,False,False,0.008403,1.0
8AV3_2,8AV3,2,UniProt,P03372,"[{""entity_beg_seq_id"":1,""ref_beg_seq_id"":591,""length"":5,""entity_end_seq_id"":5,""ref_end_seq_id"":595}]",P03372,True,True,False,1,False,False,0.008403,1.0
8AUY_2,8AUY,2,UniProt,P03372,"[{""entity_beg_seq_id"":1,""ref_beg_seq_id"":591,""length"":5,""entity_end_seq_id"":5,""ref_end_seq_id"":595}]",P03372,True,True,False,1,False,False,0.008403,1.0
8AUS_2,8AUS,2,UniProt,P03372,"[{""entity_beg_seq_id"":1,""ref_beg_seq_id"":591,""length"":5,""entity_end_seq_id"":5,""ref_end_seq_id"":595}]",P03372,True,True,False,1,False,False,0.008403,1.0
8AU2_2,8AU2,2,UniProt,P03372,"[{""entity_beg_seq_id"":1,""ref_beg_seq_id"":591,""length"":5,""entity_end_seq_id"":5,""ref_end_seq_id"":595}]",P03372,True,True,False,1,False,False,0.008403,1.0
8ATZ_1,8ATZ,1,UniProt,P37231,"[{""entity_beg_seq_id"":3,""ref_beg_seq_id"":231,""length"":275,""entity_end_seq_id"":277,""ref_end_seq_id"":505}]",P37231,True,True,False,1,False,False,0.544554,0.99278
8ATY_1,8ATY,1,UniProt,P37231,"[{""entity_beg_seq_id"":3,""ref_beg_seq_id"":231,""length"":275,""entity_end_seq_id"":277,""ref_end_seq_id"":505}]",P37231,True,True,False,1,False,False,0.544554,0.99278
8ATP_2,8ATP,2,UniProt,P03372,"[{""entity_beg_seq_id"":1,""ref_beg_seq_id"":591,""length"":5,""entity_end_seq_id"":5,""ref_end_seq_id"":595}]",P03372,True,True,False,1,False,False,0.008403,1.0
8AT9_2,8AT9,2,UniProt,P03372,"[{""entity_beg_seq_id"":1,""ref_beg_seq_id"":591,""length"":5,""entity_end_seq_id"":5,""ref_end_seq_id"":595}]",P03372,True,True,False,1,False,False,0.008403,1.0
8AS1_2,8AS1,2,UniProt,P03372,"[{""entity_beg_seq_id"":1,""ref_beg_seq_id"":591,""length"":5,""entity_end_seq_id"":5,""ref_end_seq_id"":595}]",P03372,True,True,False,1,False,False,0.008403,1.0
8ARZ_2,8ARZ,2,UniProt,P03372,"[{""entity_beg_seq_id"":1,""ref_beg_seq_id"":591,""length"":5,""entity_end_seq_id"":5,""ref_end_seq_id"":595}]",P03372,True,True,False,1,False,False,0.008403,1.0
8ARY_2,8ARY,2,UniProt,P03372,"[{""entity_beg_seq_id"":1,""ref_beg_seq_id"":591,""length"":5,""entity_end_seq_id"":5,""ref_end_seq_id"":595}]",P03372,True,True,False,1,False,False,0.008403,1.0
8ARX_2,8ARX,2,UniProt,P03372,"[{""entity_beg_seq_id"":1,""ref_beg_seq_id"":591,""length"":5,""entity_end_seq_id"":5,""ref_end_seq_id"":595}]",P03372,True,True,False,1,False,False,0.008403,1.0
8ARW_2,8ARW,2,UniProt,P03372,"[{""entity_beg_seq_id"":1,""ref_beg_seq_id"":591,""length"":5,""entity_end_seq_id"":5,""ref_end_seq_id"":595}]",P03372,True,True,False,1,False,False,0.008403,1.0
8ARR_2,8ARR,2,UniProt,P03372,"[{""entity_beg_seq_id"":1,""ref_beg_seq_id"":591,""length"":5,""entity_end_seq_id"":5,""ref_end_seq_id"":595}]",P03372,True,True,False,1,False,False,0.008403,1.0
8ARQ_2,8ARQ,2,UniProt,P03372,"[{""entity_beg_seq_id"":1,""ref_beg_seq_id"":591,""length"":5,""entity_end_seq_id"":5,""ref_end_seq_id"":595}]",P03372,True,True,False,1,False,False,0.008403,1.0
8ARO_2,8ARO,2,UniProt,P03372,"[{""entity_beg_seq_id"":1,""ref_beg_seq_id"":591,""length"":5,""entity_end_seq_id"":5,""ref_end_seq_id"":595}]",P03372,True,True,False,1,False,False,0.008403,1.0
8ARG_2,8ARG,2,UniProt,P03372,"[{""entity_beg_seq_id"":1,""ref_beg_seq_id"":591,""length"":5,""entity_end_seq_id"":5,""ref_end_seq_id"":595}]",P03372,True,True,False,1,False,False,0.008403,1.0
8AR5_2,8AR5,2,UniProt,P03372,"[{""entity_beg_seq_id"":1,""ref_beg_seq_id"":591,""length"":5,""entity_end_seq_id"":5,""ref_end_seq_id"":595}]",P03372,True,True,False,1,False,False,0.008403,1.0
8AR4_2,8AR4,2,UniProt,P03372,"[{""entity_beg_seq_id"":1,""ref_beg_seq_id"":591,""length"":5,""entity_end_seq_id"":5,""ref_end_seq_id"":595}]",P03372,True,True,False,1,False,False,0.008403,1.0
8AQZ_2,8AQZ,2,UniProt,P03372,"[{""entity_beg_seq_id"":1,""ref_beg_seq_id"":591,""length"":5,""entity_end_seq_id"":5,""ref_end_seq_id"":595}]",P03372,True,True,False,1,False,False,0.008403,1.0
8AQN_1,8AQN,1,UniProt,P37231,"[{""entity_beg_seq_id"":5,""ref_beg_seq_id"":231,""length"":275,""entity_end_seq_id"":279,""ref_end_seq_id"":505}]",P37231,True,True,False,1,False,False,0.544554,0.985663
8AQM_1,8AQM,1,UniProt,P37231,"[{""entity_beg_seq_id"":5,""ref_beg_seq_id"":231,""length"":275,""entity_end_seq_id"":279,""ref_end_seq_id"":505}]",P37231,True,True,False,1,False,False,0.544554,0.985663
8AQE_2,8AQE,2,UniProt,P03372,"[{""entity_beg_seq_id"":1,""ref_beg_seq_id"":591,""length"":5,""entity_end_seq_id"":5,""ref_end_seq_id"":595}]",P03372,True,True,False,1,False,False,0.008403,1.0
8AQC_2,8AQC,2,UniProt,P03372,"[{""entity_beg_seq_id"":1,""ref_beg_seq_id"":591,""length"":5,""entity_end_seq_id"":5,""ref_end_seq_id"":595}]",P03372,True,True,False,1,False,False,0.008403,1.0
8AQ1_2,8AQ1,2,UniProt,P03372,"[{""entity_beg_seq_id"":1,""ref_beg_seq_id"":591,""length"":5,""entity_end_seq_id"":5,""ref_end_seq_id"":595}]",P03372,True,True,False,1,False,False,0.008403,1.0
8APS_2,8APS,2,UniProt,P03372,"[{""entity_beg_seq_id"":1,""ref_beg_seq_id"":591,""length"":5,""entity_end_seq_id"":5,""ref_end_seq_id"":595}]",P03372,True,True,False,1,False,False,0.008403,1.0
8AOY_2,8AOY,2,UniProt,P03372,"[{""entity_beg_seq_id"":1,""ref_beg_seq_id"":591,""length"":5,""entity_end_seq_id"":5,""ref_end_seq_id"":595}]",P03372,True,True,False,1,False,False,0.008403,1.0
8ANF_2,8ANF,2,UniProt,P03372,"[{""entity_beg_seq_id"":1,""ref_beg_seq_id"":591,""length"":5,""entity_end_seq_id"":5,""ref_end_seq_id"":595}]",P03372,True,True,False,1,False,False,0.008403,1.0
8AM7_2,8AM7,2,UniProt,P03372,"[{""entity_beg_seq_id"":1,""ref_beg_seq_id"":591,""length"":5,""entity_end_seq_id"":5,""ref_end_seq_id"":595}]",P03372,True,True,False,1,False,False,0.008403,1.0
8ALW_2,8ALW,2,UniProt,P03372,"[{""entity_beg_seq_id"":1,""ref_beg_seq_id"":591,""length"":5,""entity_end_seq_id"":5,""ref_end_seq_id"":595}]",P03372,True,True,False,1,False,False,0.008403,1.0
8ALV_2,8ALV,2,UniProt,P03372,"[{""entity_beg_seq_id"":1,""ref_beg_seq_id"":591,""length"":5,""entity_end_seq_id"":5,""ref_end_seq_id"":595}]",P03372,True,True,False,1,False,False,0.008403,1.0
8ALT_2,8ALT,2,UniProt,P03372,"[{""entity_beg_seq_id"":1,""ref_beg_seq_id"":591,""length"":5,""entity_end_seq_id"":5,""ref_end_seq_id"":595}]",P03372,True,True,False,1,False,False,0.008403,1.0
8ALR_2,8ALR,2,UniProt,P03372,"[{""entity_beg_seq_id"":1,""ref_beg_seq_id"":591,""length"":5,""entity_end_seq_id"":5,""ref_end_seq_id"":595}]",P03372,True,True,False,1,False,False,0.008403,1.0
8AI0_2,8AI0,2,UniProt,P03372,"[{""entity_beg_seq_id"":1,""ref_beg_seq_id"":591,""length"":5,""entity_end_seq_id"":5,""ref_end_seq_id"":595}]",P03372,True,True,False,1,False,False,0.008403,1.0
8AFN_2,8AFN,2,UniProt,P03372,"[{""entity_beg_seq_id"":1,""ref_beg_seq_id"":591,""length"":5,""entity_end_seq_id"":5,""ref_end_seq_id"":595}]",P03372,True,True,False,1,False,False,0.008403,1.0
8ADF_1,8ADF,1,UniProt,P37231,"[{""entity_beg_seq_id"":22,""ref_beg_seq_id"":223,""length"":282,""entity_end_seq_id"":303,""ref_end_seq_id"":504}]",P37231,True,True,False,1,False,False,0.558416,0.930693
8A9G_2,8A9G,2,UniProt,P04150,"[{""entity_beg_seq_id"":1,""ref_beg_seq_id"":518,""length"":13,""entity_end_seq_id"":13,""ref_end_seq_id"":530}]",P04150,True,True,False,1,False,False,0.016731,1.0
7ZU2_1,7ZU2,1,UniProt,P10275,"[{""entity_beg_seq_id"":1,""ref_beg_seq_id"":672,""length"":249,""entity_end_seq_id"":249,""ref_end_seq_id"":920}]",P10275,True,True,False,1,False,False,0.270652,1.0
7ZU1_1,7ZU1,1,UniProt,P10275,"[{""entity_beg_seq_id"":1,""ref_beg_seq_id"":672,""length"":249,""entity_end_seq_id"":249,""ref_end_seq_id"":920}]",P10275,True,True,False,1,False,False,0.270652,1.0
7ZTZ_1,7ZTZ,1,UniProt,P10275,"[{""entity_beg_seq_id"":1,""ref_beg_seq_id"":672,""length"":249,""entity_end_seq_id"":249,""ref_end_seq_id"":920}]",P10275,True,True,False,1,False,False,0.270652,1.0
7ZTX_1,7ZTX,1,UniProt,P10275,"[{""entity_beg_seq_id"":1,""ref_beg_seq_id"":672,""length"":249,""entity_end_seq_id"":249,""ref_end_seq_id"":920}]",P10275,True,True,False,1,False,False,0.270652,1.0
7YXR_2,7YXR,2,UniProt,Q15466,"[{""entity_beg_seq_id"":1,""ref_beg_seq_id"":17,""length"":12,""entity_end_seq_id"":12,""ref_end_seq_id"":28}]",Q15466,True,True,False,1,False,False,0.046693,1.0
7YXP_2,7YXP,2,UniProt,Q15466,"[{""entity_beg_seq_id"":1,""ref_beg_seq_id"":16,""length"":13,""entity_end_seq_id"":13,""ref_end_seq_id"":28}]",Q15466,True,True,False,1,False,False,0.050584,1.0
7YXO_2,7YXO,2,UniProt,Q15466,"[{""entity_beg_seq_id"":1,""ref_beg_seq_id"":17,""length"":11,""entity_end_seq_id"":11,""ref_end_seq_id"":27}]",Q15466,True,True,False,1,False,False,0.042802,1.0
7YXN_2,7YXN,2,UniProt,Q15466,"[{""entity_beg_seq_id"":1,""ref_beg_seq_id"":17,""length"":11,""entity_end_seq_id"":11,""ref_end_seq_id"":27}]",Q15466,True,True,False,1,False,False,0.042802,1.0
7YXD_2,7YXD,2,UniProt,Q15466,"[{""entity_beg_seq_id"":1,""ref_beg_seq_id"":17,""length"":12,""entity_end_seq_id"":12,""ref_end_seq_id"":28}]",Q15466,True,True,False,1,False,False,0.046693,1.0
7YXC_2,7YXC,2,UniProt,Q15466,"[{""entity_beg_seq_id"":1,""ref_beg_seq_id"":17,""length"":11,""entity_end_seq_id"":11,""ref_end_seq_id"":27}]",Q15466,True,True,False,1,False,False,0.042802,1.0
7YMK_1,7YMK,1,UniProt,P03372,"[{""entity_beg_seq_id"":11,""ref_beg_seq_id"":305,""length"":250,""entity_end_seq_id"":260,""ref_end_seq_id"":554}]",P03372,True,True,False,1,False,False,0.420168,0.961538
7YFK_1,7YFK,1,UniProt,O75469,"[{""entity_beg_seq_id"":2,""ref_beg_seq_id"":130,""length"":305,""entity_end_seq_id"":306,""ref_end_seq_id"":434}]",O75469,True,True,False,1,False,False,0.702765,0.897059
7YFK_1,7YFK,1,UniProt,Q15788,"[{""entity_beg_seq_id"":313,""ref_beg_seq_id"":676,""length"":25,""entity_end_seq_id"":337,""ref_end_seq_id"":700}]",O75469,False,False,False,1,False,False,,0.073529
7Y8G_1,7Y8G,1,UniProt,P03372,"[{""entity_beg_seq_id"":11,""ref_beg_seq_id"":305,""length"":250,""entity_end_seq_id"":260,""ref_end_seq_id"":554}]",P03372,True,True,False,1,False,False,0.420168,0.961538
7Y8F_1,7Y8F,1,UniProt,P03372,"[{""entity_beg_seq_id"":11,""ref_beg_seq_id"":305,""length"":250,""entity_end_seq_id"":260,""ref_end_seq_id"":554}]",P03372,True,True,False,1,False,False,0.420168,0.961538
7XWR_1,7XWR,1,UniProt,Q92731,"[{""entity_beg_seq_id"":6,""ref_beg_seq_id"":261,""length"":240,""entity_end_seq_id"":245,""ref_end_seq_id"":500}]",Q92731,True,True,False,1,False,False,0.45283,0.97166
7XWQ_1,7XWQ,1,UniProt,Q92731,"[{""entity_beg_seq_id"":6,""ref_beg_seq_id"":261,""length"":240,""entity_end_seq_id"":245,""ref_end_seq_id"":500}]",Q92731,True,True,False,1,False,False,0.45283,0.97166
7XWP_1,7XWP,1,UniProt,Q92731,"[{""entity_beg_seq_id"":6,""ref_beg_seq_id"":261,""length"":240,""entity_end_seq_id"":245,""ref_end_seq_id"":500}]",Q92731,True,True,False,1,False,False,0.45283,0.97166
7XVZ_1,7XVZ,1,UniProt,Q92731,"[{""entity_beg_seq_id"":6,""ref_beg_seq_id"":261,""length"":240,""entity_end_seq_id"":245,""ref_end_seq_id"":500}]",Q92731,True,True,False,1,False,False,0.45283,0.97166
7XVY_1,7XVY,1,UniProt,Q92731,"[{""entity_beg_seq_id"":6,""ref_beg_seq_id"":261,""length"":240,""entity_end_seq_id"":245,""ref_end_seq_id"":500}]",Q92731,True,True,False,1,False,False,0.45283,0.97166
7XVA_1,7XVA,1,UniProt,P49116,"[{""entity_beg_seq_id"":1,""ref_beg_seq_id"":341,""length"":256,""entity_end_seq_id"":256,""ref_end_seq_id"":596}]",P49116,True,True,False,1,False,False,0.42953,1.0
7XV9_1,7XV9,1,UniProt,P49116,"[{""entity_beg_seq_id"":4,""ref_beg_seq_id"":113,""length"":77,""entity_end_seq_id"":80,""ref_end_seq_id"":189}]",P49116,True,True,False,1,False,False,0.129195,0.9625
7XV8_1,7XV8,1,UniProt,P49116,"[{""entity_beg_seq_id"":1,""ref_beg_seq_id"":113,""length"":77,""entity_end_seq_id"":77,""ref_end_seq_id"":189}]",P49116,True,True,False,1,False,False,0.129195,1.0
7XV6_3,7XV6,3,UniProt,P49116,"[{""entity_beg_seq_id"":1,""ref_beg_seq_id"":113,""length"":84,""entity_end_seq_id"":84,""ref_end_seq_id"":196}]",P49116,True,True,False,1,False,False,0.14094,1.0
7XQE_1,7XQE,1,UniProt,P51449,"[{""entity_beg_seq_id"":22,""ref_beg_seq_id"":262,""length"":246,""entity_end_seq_id"":267,""ref_end_seq_id"":507}]",P51449,True,True,False,1,False,False,0.474903,0.921348
7WQQ_1,7WQQ,1,UniProt,P10276,"[{""entity_beg_seq_id"":20,""ref_beg_seq_id"":176,""length"":246,""entity_end_seq_id"":265,""ref_end_seq_id"":421}]",P10276,True,True,False,1,False,False,0.532468,0.928302
7WOX_1,7WOX,1,UniProt,P37231,"[{""entity_beg_seq_id"":3,""ref_beg_seq_id"":232,""length"":274,""entity_end_seq_id"":276,""ref_end_seq_id"":505}]",P37231,True,True,False,1,False,False,0.542574,0.992754
7WNV_1,7WNV,1,UniProt,P03372,"[{""entity_beg_seq_id"":2,""ref_beg_seq_id"":297,""length"":258,""entity_end_seq_id"":259,""ref_end_seq_id"":554}]",P03372,True,True,False,1,False,False,0.433613,0.996139
7WNH_1,7WNH,1,UniProt,P43354,"[{""entity_beg_seq_id"":10,""ref_beg_seq_id"":258,""length"":341,""entity_end_seq_id"":350,""ref_end_seq_id"":598}]",P43354,True,True,False,1,False,False,0.570234,0.974286
7WMO_1,7WMO,1,UniProt,P10828,"[{""entity_beg_seq_id"":1,""ref_beg_seq_id"":202,""length"":260,""entity_end_seq_id"":260,""ref_end_seq_id"":461}]",P10828,True,True,False,1,False,False,0.563991,1.0
7WMN_1,7WMN,1,UniProt,P10828,"[{""entity_beg_seq_id"":1,""ref_beg_seq_id"":202,""length"":260,""entity_end_seq_id"":260,""ref_end_seq_id"":461}]",P10828,True,True,False,1,False,False,0.563991,1.0
7WML_1,7WML,1,UniProt,P10828,"[{""entity_beg_seq_id"":1,""ref_beg_seq_id"":202,""length"":260,""entity_end_seq_id"":260,""ref_end_seq_id"":461}]",P10828,True,True,False,1,False,False,0.563991,1.0
7WMJ_1,7WMJ,1,UniProt,P10828,"[{""entity_beg_seq_id"":1,""ref_beg_seq_id"":202,""length"":260,""entity_end_seq_id"":260,""ref_end_seq_id"":461}]",P10828,True,True,False,1,False,False,0.563991,1.0
7WMH_1,7WMH,1,UniProt,P10828,"[{""entity_beg_seq_id"":1,""ref_beg_seq_id"":202,""length"":260,""entity_end_seq_id"":260,""ref_end_seq_id"":461}]",P10828,True,True,False,1,False,False,0.563991,1.0
7WMG_1,7WMG,1,UniProt,P10828,"[{""entity_beg_seq_id"":1,""ref_beg_seq_id"":202,""length"":260,""entity_end_seq_id"":260,""ref_end_seq_id"":461}]",P10828,True,True,False,1,False,False,0.563991,1.0
7WLX_1,7WLX,1,UniProt,P10828,"[{""entity_beg_seq_id"":1,""ref_beg_seq_id"":202,""length"":260,""entity_end_seq_id"":260,""ref_end_seq_id"":461}]",P10828,True,True,False,1,False,False,0.563991,1.0
7WGQ_1,7WGQ,1,UniProt,P37231,"[{""entity_beg_seq_id"":5,""ref_beg_seq_id"":231,""length"":275,""entity_end_seq_id"":279,""ref_end_seq_id"":505}]",P37231,True,True,False,1,False,False,0.544554,0.985663
7WGP_1,7WGP,1,UniProt,P37231,"[{""entity_beg_seq_id"":5,""ref_beg_seq_id"":231,""length"":275,""entity_end_seq_id"":279,""ref_end_seq_id"":505}]",P37231,True,True,False,1,False,False,0.544554,0.985663
8FKG_2,8FKG,2,UniProt,P37231,"[{""entity_beg_seq_id"":2,""ref_beg_seq_id"":231,""length"":275,""entity_end_seq_id"":276,""ref_end_seq_id"":505}]",P37231,True,True,False,1,False,False,0.544554,0.996377
8HBM_1,8HBM,1,UniProt,P19793,"[{""entity_beg_seq_id"":9,""ref_beg_seq_id"":130,""length"":83,""entity_end_seq_id"":91,""ref_end_seq_id"":212}]",P19793,True,True,False,1,False,False,0.179654,0.912088
8HBM_2,8HBM,2,UniProt,Q96RI1,"[{""entity_beg_seq_id"":9,""ref_beg_seq_id"":127,""length"":101,""entity_end_seq_id"":109,""ref_end_seq_id"":227}]",Q96RI1,True,True,False,1,False,False,0.207819,0.926606
8YTL_1,8YTL,1,UniProt,Q07869,"[{""entity_beg_seq_id"":4,""ref_beg_seq_id"":200,""length"":269,""entity_end_seq_id"":272,""ref_end_seq_id"":468}]",Q07869,True,True,False,1,False,False,0.574786,0.988971
9GWB_1,9GWB,1,UniProt,P37231,"[{""entity_beg_seq_id"":5,""ref_beg_seq_id"":235,""length"":271,""entity_end_seq_id"":275,""ref_end_seq_id"":505}]",P37231,True,True,False,1,False,False,0.536634,0.985455
9GW8_1,9GW8,1,UniProt,P37231,"[{""entity_beg_seq_id"":5,""ref_beg_seq_id"":235,""length"":271,""entity_end_seq_id"":275,""ref_end_seq_id"":505}]",P37231,True,True,False,1,False,False,0.536634,0.985455
9GW7_1,9GW7,1,UniProt,P37231,"[{""entity_beg_seq_id"":5,""ref_beg_seq_id"":235,""length"":271,""entity_end_seq_id"":275,""ref_end_seq_id"":505}]",P37231,True,True,False,1,False,False,0.536634,0.985455
9GW4_1,9GW4,1,UniProt,P37231,"[{""entity_beg_seq_id"":5,""ref_beg_seq_id"":235,""length"":271,""entity_end_seq_id"":275,""ref_end_seq_id"":505}]",P37231,True,True,False,1,False,False,0.536634,0.985455
9GW3_1,9GW3,1,UniProt,P37231,"[{""entity_beg_seq_id"":5,""ref_beg_seq_id"":235,""length"":271,""entity_end_seq_id"":275,""ref_end_seq_id"":505}]",P37231,True,True,False,1,False,False,0.536634,0.985455
9GVT_1,9GVT,1,UniProt,P37231,"[{""entity_beg_seq_id"":5,""ref_beg_seq_id"":235,""length"":271,""entity_end_seq_id"":275,""ref_end_seq_id"":505}]",P37231,True,True,False,1,False,False,0.536634,0.985455
9GVS_1,9GVS,1,UniProt,P37231,"[{""entity_beg_seq_id"":5,""ref_beg_seq_id"":235,""length"":271,""entity_end_seq_id"":275,""ref_end_seq_id"":505}]",P37231,True,True,False,1,False,False,0.536634,0.985455
9GVP_1,9GVP,1,UniProt,P37231,"[{""entity_beg_seq_id"":5,""ref_beg_seq_id"":235,""length"":269,""entity_end_seq_id"":273,""ref_end_seq_id"":503}]",P37231,True,True,False,1,False,False,0.532673,0.985348
9GFU_1,9GFU,1,UniProt,P37231,"[{""entity_beg_seq_id"":5,""ref_beg_seq_id"":235,""length"":271,""entity_end_seq_id"":275,""ref_end_seq_id"":505}]",P37231,True,True,False,1,False,False,0.536634,0.985455
9GFI_1,9GFI,1,UniProt,P10276,"[{""entity_beg_seq_id"":1,""ref_beg_seq_id"":180,""length"":236,""entity_end_seq_id"":236,""ref_end_seq_id"":415}]",P10276,True,True,False,1,False,False,0.510823,1.0
9GFE_1,9GFE,1,UniProt,P10276,"[{""entity_beg_seq_id"":1,""ref_beg_seq_id"":181,""length"":235,""entity_end_seq_id"":235,""ref_end_seq_id"":415}]",P10276,True,True,False,1,False,False,0.508658,1.0
9GC7_1,9GC7,1,UniProt,P08235,"[{""entity_beg_seq_id"":23,""ref_beg_seq_id"":735,""length"":250,""entity_end_seq_id"":272,""ref_end_seq_id"":984}]",P08235,True,True,False,1,False,False,0.254065,0.819672
9FZJ_1,9FZJ,1,UniProt,O75469,"[{""entity_beg_seq_id"":12,""ref_beg_seq_id"":130,""length"":305,""entity_end_seq_id"":316,""ref_end_seq_id"":434}]",O75469,True,True,False,1,False,False,0.702765,0.953125
9FZI_1,9FZI,1,UniProt,O75469,"[{""entity_beg_seq_id"":12,""ref_beg_seq_id"":130,""length"":305,""entity_end_seq_id"":316,""ref_end_seq_id"":434}]",O75469,True,True,False,1,False,False,0.702765,0.884058
9FZI_1,9FZI,1,UniProt,Q15788,"[{""entity_beg_seq_id"":323,""ref_beg_seq_id"":678,""length"":23,""entity_end_seq_id"":345,""ref_end_seq_id"":700}]",O75469,False,False,False,1,False,False,,0.066667
9FZH_1,9FZH,1,UniProt,O75469,"[{""entity_beg_seq_id"":12,""ref_beg_seq_id"":130,""length"":305,""entity_end_seq_id"":316,""ref_end_seq_id"":434}]",O75469,True,True,False,1,False,False,0.702765,0.953125
9FZG_1,9FZG,1,UniProt,O75469,"[{""entity_beg_seq_id"":12,""ref_beg_seq_id"":130,""length"":305,""entity_end_seq_id"":316,""ref_end_seq_id"":434}]",O75469,True,True,False,1,False,False,0.702765,0.953125
9F7X_1,9F7X,1,UniProt,P37231,"[{""entity_beg_seq_id"":12,""ref_beg_seq_id"":234,""length"":272,""entity_end_seq_id"":283,""ref_end_seq_id"":505}]",P37231,True,True,False,1,False,False,0.538614,0.961131
9F7W_1,9F7W,1,UniProt,P37231,"[{""entity_beg_seq_id"":12,""ref_beg_seq_id"":234,""length"":272,""entity_end_seq_id"":283,""ref_end_seq_id"":505}]",P37231,True,True,False,1,False,False,0.538614,0.961131
9ECK_1,9ECK,1,UniProt,P03372,"[{""entity_beg_seq_id"":4,""ref_beg_seq_id"":298,""length"":256,""entity_end_seq_id"":259,""ref_end_seq_id"":553}]",P03372,True,True,False,1,False,False,0.430252,0.988417
9ECF_1,9ECF,1,UniProt,Q92731,"[{""entity_beg_seq_id"":8,""ref_beg_seq_id"":261,""length"":240,""entity_end_seq_id"":247,""ref_end_seq_id"":500}]",Q92731,True,True,False,1,False,False,0.45283,0.97166
9EBL_1,9EBL,1,UniProt,Q92731,"[{""entity_beg_seq_id"":1,""ref_beg_seq_id"":262,""length"":239,""entity_end_seq_id"":239,""ref_end_seq_id"":500}]",Q92731,True,True,False,1,False,False,0.450943,1.0
9EBG_2,9EBG,2,UniProt,P03372,"[{""entity_beg_seq_id"":1,""ref_beg_seq_id"":307,""length"":243,""entity_end_seq_id"":243,""ref_end_seq_id"":549}]",P03372,True,True,False,1,False,False,0.408403,1.0
9CWN_1,9CWN,1,UniProt,P37231,"[{""entity_beg_seq_id"":2,""ref_beg_seq_id"":231,""length"":275,""entity_end_seq_id"":276,""ref_end_seq_id"":505}]",P37231,True,True,False,1,False,False,0.544554,0.996377
9CK0_1,9CK0,1,UniProt,P37231,"[{""entity_beg_seq_id"":2,""ref_beg_seq_id"":231,""length"":275,""entity_end_seq_id"":276,""ref_end_seq_id"":505}]",P37231,True,True,False,1,False,False,0.544554,0.996377
9BU1_1,9BU1,1,UniProt,P03372,"[{""entity_beg_seq_id"":15,""ref_beg_seq_id"":306,""length"":249,""entity_end_seq_id"":263,""ref_end_seq_id"":554}]",P03372,True,True,False,1,False,False,0.418487,0.946768
9BQE_1,9BQE,1,UniProt,P03372,"[{""entity_beg_seq_id"":13,""ref_beg_seq_id"":305,""length"":250,""entity_end_seq_id"":262,""ref_end_seq_id"":554}]",P03372,True,True,False,1,False,False,0.420168,0.954198
9BPX_1,9BPX,1,UniProt,P03372,"[{""entity_beg_seq_id"":13,""ref_beg_seq_id"":305,""length"":250,""entity_end_seq_id"":262,""ref_end_seq_id"":554}]",P03372,True,True,False,1,False,False,0.420168,0.954198
9BEQ_1,9BEQ,1,UniProt,O75469,"[{""entity_beg_seq_id"":12,""ref_beg_seq_id"":130,""length"":305,""entity_end_seq_id"":316,""ref_end_seq_id"":434}]",O75469,True,True,False,1,False,False,0.702765,0.96519
9B2B_1,9B2B,1,UniProt,P03372,"[{""entity_beg_seq_id"":2,""ref_beg_seq_id"":301,""length"":254,""entity_end_seq_id"":255,""ref_end_seq_id"":554}]",P03372,True,True,False,1,False,False,0.426891,0.996078
9B25_1,9B25,1,UniProt,P03372,"[{""entity_beg_seq_id"":2,""ref_beg_seq_id"":298,""length"":250,""entity_end_seq_id"":251,""ref_end_seq_id"":547}]",P03372,True,True,False,1,False,False,0.420168,0.996016
8ZNN_1,8ZNN,1,UniProt,Q03181,"[{""entity_beg_seq_id"":1,""ref_beg_seq_id"":172,""length"":270,""entity_end_seq_id"":270,""ref_end_seq_id"":441}]",Q03181,True,True,False,1,False,False,0.612245,1.0
8ZFT_1,8ZFT,1,UniProt,P37231,"[{""entity_beg_seq_id"":1,""ref_beg_seq_id"":231,""length"":275,""entity_end_seq_id"":275,""ref_end_seq_id"":505}]",P37231,True,True,False,1,False,False,0.544554,1.0
8ZFS_1,8ZFS,1,UniProt,P37231,"[{""entity_beg_seq_id"":1,""ref_beg_seq_id"":231,""length"":275,""entity_end_seq_id"":275,""ref_end_seq_id"":505}]",P37231,True,True,False,1,False,False,0.544554,1.0
8ZFR_1,8ZFR,1,UniProt,P37231,"[{""entity_beg_seq_id"":1,""ref_beg_seq_id"":231,""length"":275,""entity_end_seq_id"":275,""ref_end_seq_id"":505}]",P37231,True,True,False,1,False,False,0.544554,1.0
8ZFQ_1,8ZFQ,1,UniProt,P37231,"[{""entity_beg_seq_id"":1,""ref_beg_seq_id"":231,""length"":275,""entity_end_seq_id"":275,""ref_end_seq_id"":505}]",P37231,True,True,False,1,False,False,0.544554,1.0
8ZFP_1,8ZFP,1,UniProt,P37231,"[{""entity_beg_seq_id"":1,""ref_beg_seq_id"":231,""length"":275,""entity_end_seq_id"":275,""ref_end_seq_id"":505}]",P37231,True,True,False,1,False,False,0.544554,1.0
8ZFO_1,8ZFO,1,UniProt,P37231,"[{""entity_beg_seq_id"":1,""ref_beg_seq_id"":231,""length"":275,""entity_end_seq_id"":275,""ref_end_seq_id"":505}]",P37231,True,True,False,1,False,False,0.544554,1.0
8ZFN_1,8ZFN,1,UniProt,P37231,"[{""entity_beg_seq_id"":1,""ref_beg_seq_id"":231,""length"":275,""entity_end_seq_id"":275,""ref_end_seq_id"":505}]",P37231,True,True,False,1,False,False,0.544554,1.0
8Z5A_1,8Z5A,1,UniProt,P22736,"[{""entity_beg_seq_id"":1,""ref_beg_seq_id"":351,""length"":248,""entity_end_seq_id"":248,""ref_end_seq_id"":598}]",P22736,True,True,False,1,False,False,0.414716,1.0
8YWV_1,8YWV,1,UniProt,Q07869,"[{""entity_beg_seq_id"":4,""ref_beg_seq_id"":200,""length"":269,""entity_end_seq_id"":272,""ref_end_seq_id"":468}]",Q07869,True,True,False,1,False,False,0.574786,0.988971
8YWU_1,8YWU,1,UniProt,Q07869,"[{""entity_beg_seq_id"":4,""ref_beg_seq_id"":200,""length"":269,""entity_end_seq_id"":272,""ref_end_seq_id"":468}]",Q07869,True,True,False,1,False,False,0.574786,0.988971
8YU8_1,8YU8,1,UniProt,Q07869,"[{""entity_beg_seq_id"":4,""ref_beg_seq_id"":200,""length"":269,""entity_end_seq_id"":272,""ref_end_seq_id"":468}]",Q07869,True,True,False,1,False,False,0.574786,0.988971
8YT9_1,8YT9,1,UniProt,Q07869,"[{""entity_beg_seq_id"":4,""ref_beg_seq_id"":200,""length"":269,""entity_end_seq_id"":272,""ref_end_seq_id"":468}]",Q07869,True,True,False,1,False,False,0.574786,0.988971
8YT6_1,8YT6,1,UniProt,Q07869,"[{""entity_beg_seq_id"":4,""ref_beg_seq_id"":200,""length"":269,""entity_end_seq_id"":272,""ref_end_seq_id"":468}]",Q07869,True,True,False,1,False,False,0.574786,0.988971
8Y7L_1,8Y7L,1,UniProt,P22736,"[{""entity_beg_seq_id"":1,""ref_beg_seq_id"":361,""length"":238,""entity_end_seq_id"":238,""ref_end_seq_id"":598}]",P22736,True,True,False,1,False,False,0.397993,1.0
8XU5_1,8XU5,1,UniProt,P51449,"[{""entity_beg_seq_id"":1,""ref_beg_seq_id"":265,""length"":243,""entity_end_seq_id"":243,""ref_end_seq_id"":507}]",P51449,True,True,False,1,False,False,0.469112,1.0
8XTT_1,8XTT,1,UniProt,Q92570,"[{""entity_beg_seq_id"":1,""ref_beg_seq_id"":379,""length"":248,""entity_end_seq_id"":248,""ref_end_seq_id"":626}]",Q92570,True,True,False,1,False,False,0.396166,1.0
8X7E_1,8X7E,1,UniProt,P51449,"[{""entity_beg_seq_id"":1,""ref_beg_seq_id"":261,""length"":258,""entity_end_seq_id"":258,""ref_end_seq_id"":518}]",P51449,True,True,False,1,False,False,0.498069,1.0
8WUY_1,8WUY,1,UniProt,P22736,"[{""entity_beg_seq_id"":1,""ref_beg_seq_id"":351,""length"":248,""entity_end_seq_id"":248,""ref_end_seq_id"":598}]",P22736,True,True,False,1,False,False,0.414716,1.0
8WFE_1,8WFE,1,UniProt,P37231,"[{""entity_beg_seq_id"":1,""ref_beg_seq_id"":234,""length"":272,""entity_end_seq_id"":272,""ref_end_seq_id"":505}]",P37231,True,True,False,1,False,False,0.538614,1.0
8W07_1,8W07,1,UniProt,P03372,"[{""entity_beg_seq_id"":1,""ref_beg_seq_id"":305,""length"":242,""entity_end_seq_id"":242,""ref_end_seq_id"":546}]",P03372,True,True,False,1,False,False,0.406723,1.0
8W03_1,8W03,1,UniProt,P03372,"[{""entity_beg_seq_id"":1,""ref_beg_seq_id"":305,""length"":242,""entity_end_seq_id"":242,""ref_end_seq_id"":546}]",P03372,True,True,False,1,False,False,0.406723,1.0
8VZQ_1,8VZQ,1,UniProt,P03372,"[{""entity_beg_seq_id"":1,""ref_beg_seq_id"":305,""length"":242,""entity_end_seq_id"":242,""ref_end_seq_id"":546}]",P03372,True,True,False,1,False,False,0.406723,1.0
8VZP_1,8VZP,1,UniProt,P03372,"[{""entity_beg_seq_id"":1,""ref_beg_seq_id"":305,""length"":242,""entity_end_seq_id"":242,""ref_end_seq_id"":546}]",P03372,True,True,False,1,False,False,0.406723,1.0
8VZ1_1,8VZ1,1,UniProt,P03372,"[{""entity_beg_seq_id"":1,""ref_beg_seq_id"":305,""length"":243,""entity_end_seq_id"":243,""ref_end_seq_id"":547}]",P03372,True,True,False,1,False,False,0.408403,1.0
8VZ0_1,8VZ0,1,UniProt,P03372,"[{""entity_beg_seq_id"":1,""ref_beg_seq_id"":305,""length"":242,""entity_end_seq_id"":242,""ref_end_seq_id"":546}]",P03372,True,True,False,1,False,False,0.406723,1.0
8VYX_1,8VYX,1,UniProt,P03372,"[{""entity_beg_seq_id"":1,""ref_beg_seq_id"":305,""length"":242,""entity_end_seq_id"":242,""ref_end_seq_id"":546}]",P03372,True,True,False,1,False,False,0.406723,1.0
8VYT_1,8VYT,1,UniProt,P03372,"[{""entity_beg_seq_id"":1,""ref_beg_seq_id"":305,""length"":243,""entity_end_seq_id"":243,""ref_end_seq_id"":547}]",P03372,True,True,False,1,False,False,0.408403,1.0
8VV1_1,8VV1,1,UniProt,P03372,"[{""entity_beg_seq_id"":1,""ref_beg_seq_id"":306,""length"":249,""entity_end_seq_id"":249,""ref_end_seq_id"":554}]",P03372,True,True,False,1,False,False,0.418487,1.0
8VKZ_1,8VKZ,1,UniProt,P04150,"[{""entity_beg_seq_id"":3,""ref_beg_seq_id"":528,""length"":250,""entity_end_seq_id"":252,""ref_end_seq_id"":777}]",P04150,True,True,False,1,False,False,0.32175,0.992063
8U57_1,8U57,1,UniProt,P37231,"[{""entity_beg_seq_id"":16,""ref_beg_seq_id"":231,""length"":275,""entity_end_seq_id"":290,""ref_end_seq_id"":505}]",P37231,True,True,False,1,False,False,0.544554,0.948276
8SZV_1,8SZV,1,UniProt,O75469,"[{""entity_beg_seq_id"":12,""ref_beg_seq_id"":130,""length"":305,""entity_end_seq_id"":316,""ref_end_seq_id"":434}]",O75469,True,True,False,1,False,False,0.702765,0.96519
8SVX_1,8SVX,1,UniProt,O75469,"[{""entity_beg_seq_id"":8,""ref_beg_seq_id"":130,""length"":305,""entity_end_seq_id"":312,""ref_end_seq_id"":434}]",O75469,True,True,False,1,False,False,0.702765,0.868946
8SVX_1,8SVX,1,UniProt,Q15788,"[{""entity_beg_seq_id"":319,""ref_beg_seq_id"":678,""length"":33,""entity_end_seq_id"":351,""ref_end_seq_id"":710}]",O75469,False,False,False,1,False,False,,0.094017
8SVU_1,8SVU,1,UniProt,O75469,"[{""entity_beg_seq_id"":8,""ref_beg_seq_id"":130,""length"":305,""entity_end_seq_id"":312,""ref_end_seq_id"":434}]",O75469,True,True,False,1,False,False,0.702765,0.868946
8SVU_1,8SVU,1,UniProt,Q15788,"[{""entity_beg_seq_id"":319,""ref_beg_seq_id"":678,""length"":33,""entity_end_seq_id"":351,""ref_end_seq_id"":710}]",O75469,False,False,False,1,False,False,,0.094017
8SVT_1,8SVT,1,UniProt,O75469,"[{""entity_beg_seq_id"":8,""ref_beg_seq_id"":130,""length"":305,""entity_end_seq_id"":312,""ref_end_seq_id"":434}]",O75469,True,True,False,1,False,False,0.702765,0.868946
8SVT_1,8SVT,1,UniProt,Q15788,"[{""entity_beg_seq_id"":319,""ref_beg_seq_id"":678,""length"":33,""entity_end_seq_id"":351,""ref_end_seq_id"":710}]",O75469,False,False,False,1,False,False,,0.094017
8SVS_1,8SVS,1,UniProt,O75469,"[{""entity_beg_seq_id"":8,""ref_beg_seq_id"":130,""length"":305,""entity_end_seq_id"":312,""ref_end_seq_id"":434}]",O75469,True,True,False,1,False,False,0.702765,0.868946
8SVS_1,8SVS,1,UniProt,Q15788,"[{""entity_beg_seq_id"":319,""ref_beg_seq_id"":678,""length"":33,""entity_end_seq_id"":351,""ref_end_seq_id"":710}]",O75469,False,False,False,1,False,False,,0.094017
8SVR_1,8SVR,1,UniProt,O75469,"[{""entity_beg_seq_id"":8,""ref_beg_seq_id"":130,""length"":305,""entity_end_seq_id"":312,""ref_end_seq_id"":434}]",O75469,True,True,False,1,False,False,0.702765,0.868946
8SVR_1,8SVR,1,UniProt,Q15788,"[{""entity_beg_seq_id"":319,""ref_beg_seq_id"":678,""length"":33,""entity_end_seq_id"":351,""ref_end_seq_id"":710}]",O75469,False,False,False,1,False,False,,0.094017
8SVQ_1,8SVQ,1,UniProt,O75469,"[{""entity_beg_seq_id"":8,""ref_beg_seq_id"":130,""length"":305,""entity_end_seq_id"":312,""ref_end_seq_id"":434}]",O75469,True,True,False,1,False,False,0.702765,0.868946
8SVQ_1,8SVQ,1,UniProt,Q15788,"[{""entity_beg_seq_id"":319,""ref_beg_seq_id"":678,""length"":33,""entity_end_seq_id"":351,""ref_end_seq_id"":710}]",O75469,False,False,False,1,False,False,,0.094017
8SVP_1,8SVP,1,UniProt,O75469,"[{""entity_beg_seq_id"":8,""ref_beg_seq_id"":130,""length"":305,""entity_end_seq_id"":312,""ref_end_seq_id"":434}]",O75469,True,True,False,1,False,False,0.702765,0.868946
8SVP_1,8SVP,1,UniProt,Q15788,"[{""entity_beg_seq_id"":319,""ref_beg_seq_id"":678,""length"":33,""entity_end_seq_id"":351,""ref_end_seq_id"":710}]",O75469,False,False,False,1,False,False,,0.094017
8SVO_1,8SVO,1,UniProt,O75469,"[{""entity_beg_seq_id"":8,""ref_beg_seq_id"":130,""length"":305,""entity_end_seq_id"":312,""ref_end_seq_id"":434}]",O75469,True,True,False,1,False,False,0.702765,0.868946
8SVO_1,8SVO,1,UniProt,Q15788,"[{""entity_beg_seq_id"":319,""ref_beg_seq_id"":678,""length"":33,""entity_end_seq_id"":351,""ref_end_seq_id"":710}]",O75469,False,False,False,1,False,False,,0.094017
8SVN_1,8SVN,1,UniProt,O75469,"[{""entity_beg_seq_id"":8,""ref_beg_seq_id"":130,""length"":305,""entity_end_seq_id"":312,""ref_end_seq_id"":434}]",O75469,True,True,False,1,False,False,0.702765,0.868946
8SVN_1,8SVN,1,UniProt,Q15788,"[{""entity_beg_seq_id"":319,""ref_beg_seq_id"":678,""length"":33,""entity_end_seq_id"":351,""ref_end_seq_id"":710}]",O75469,False,False,False,1,False,False,,0.094017
8SC9_1,8SC9,1,UniProt,P37231,"[{""entity_beg_seq_id"":5,""ref_beg_seq_id"":232,""length"":274,""entity_end_seq_id"":278,""ref_end_seq_id"":505}]",P37231,True,True,False,1,False,False,0.542574,0.985612
8RQO_1,8RQO,1,UniProt,P10827,"[{""entity_beg_seq_id"":22,""ref_beg_seq_id"":148,""length"":223,""entity_end_seq_id"":244,""ref_end_seq_id"":370}]",P10827,True,True,False,1,False,False,0.455102,0.785211
8RQN_1,8RQN,1,UniProt,P10828,"[{""entity_beg_seq_id"":22,""ref_beg_seq_id"":202,""length"":260,""entity_end_seq_id"":281,""ref_end_seq_id"":461}]",P10828,True,True,False,1,False,False,0.563991,0.925267
8RM7_1,8RM7,1,UniProt,P10275,"[{""entity_beg_seq_id"":1,""ref_beg_seq_id"":557,""length"":73,""entity_end_seq_id"":73,""ref_end_seq_id"":629}]",P10275,True,True,False,1,False,False,0.079348,1.0
8RM6_1,8RM6,1,UniProt,P10275,"[{""entity_beg_seq_id"":1,""ref_beg_seq_id"":557,""length"":73,""entity_end_seq_id"":73,""ref_end_seq_id"":629}]",P10275,True,True,False,1,False,False,0.079348,1.0
8REJ_1,8REJ,1,UniProt,P37231,"[{""entity_beg_seq_id"":22,""ref_beg_seq_id"":223,""length"":283,""entity_end_seq_id"":304,""ref_end_seq_id"":505}]",P37231,True,True,False,1,False,False,0.560396,0.930921
8RCE_1,8RCE,1,UniProt,Q07869,"[{""entity_beg_seq_id"":17,""ref_beg_seq_id"":200,""length"":269,""entity_end_seq_id"":285,""ref_end_seq_id"":468}]",Q07869,True,True,False,1,False,False,0.574786,0.94386
8R82_1,8R82,1,UniProt,O75469,"[{""entity_beg_seq_id"":12,""ref_beg_seq_id"":130,""length"":305,""entity_end_seq_id"":316,""ref_end_seq_id"":434}]",O75469,True,True,False,1,False,False,0.702765,0.953125
8R81_1,8R81,1,UniProt,O75469,"[{""entity_beg_seq_id"":12,""ref_beg_seq_id"":130,""length"":305,""entity_end_seq_id"":316,""ref_end_seq_id"":434}]",O75469,True,True,False,1,False,False,0.702765,0.953125
8R00_1,8R00,1,UniProt,O75469,"[{""entity_beg_seq_id"":12,""ref_beg_seq_id"":130,""length"":305,""entity_end_seq_id"":316,""ref_end_seq_id"":434}]",O75469,True,True,False,1,False,False,0.702765,0.953125
8PP0_1,8PP0,1,UniProt,P19793,"[{""entity_beg_seq_id"":3,""ref_beg_seq_id"":223,""length"":240,""entity_end_seq_id"":242,""ref_end_seq_id"":462}]",P19793,True,True,False,1,False,False,0.519481,0.991736
8PKI_7,8PKI,7,UniProt,O00482,"[{""entity_beg_seq_id"":1,""ref_beg_seq_id"":85,""length"":94,""entity_end_seq_id"":94,""ref_end_seq_id"":178}]",O00482,True,True,False,1,False,False,0.173752,1.0
8PBO_1,8PBO,1,UniProt,P37231,"[{""entity_beg_seq_id"":2,""ref_beg_seq_id"":232,""length"":274,""entity_end_seq_id"":275,""ref_end_seq_id"":505}]",P37231,True,True,False,1,False,False,0.542574,0.996364
8IQT_1,8IQT,1,UniProt,P11473,"[{""entity_beg_seq_id"":1,""ref_beg_seq_id"":118,""length"":306,""entity_end_seq_id"":306,""ref_end_seq_id"":423}]",P11473,True,True,False,1,False,False,0.716628,1.0
8IQN_1,8IQN,1,UniProt,P11473,"[{""entity_beg_seq_id"":1,""ref_beg_seq_id"":118,""length"":306,""entity_end_seq_id"":306,""ref_end_seq_id"":423}]",P11473,True,True,False,1,False,False,0.716628,1.0
8IFO_1,8IFO,1,UniProt,P62508,"[{""entity_beg_seq_id"":1,""ref_beg_seq_id"":123,""length"":97,""entity_end_seq_id"":97,""ref_end_seq_id"":219}]",P62508,True,True,False,1,False,False,0.21179,0.92381
8HUQ_1,8HUQ,1,UniProt,Q07869,"[{""entity_beg_seq_id"":5,""ref_beg_seq_id"":200,""length"":269,""entity_end_seq_id"":273,""ref_end_seq_id"":468}]",Q07869,True,True,False,1,False,False,0.574786,0.985348
8HUP_1,8HUP,1,UniProt,P37231,"[{""entity_beg_seq_id"":5,""ref_beg_seq_id"":231,""length"":275,""entity_end_seq_id"":279,""ref_end_seq_id"":505}]",P37231,True,True,False,1,False,False,0.544554,0.985663
8HUO_1,8HUO,1,UniProt,Q03181,"[{""entity_beg_seq_id"":5,""ref_beg_seq_id"":170,""length"":272,""entity_end_seq_id"":276,""ref_end_seq_id"":441}]",Q03181,True,True,False,1,False,False,0.61678,0.985507
8HUN_1,8HUN,1,UniProt,Q07869,"[{""entity_beg_seq_id"":5,""ref_beg_seq_id"":200,""length"":269,""entity_end_seq_id"":273,""ref_end_seq_id"":468}]",Q07869,True,True,False,1,False,False,0.574786,0.985348
8HUM_1,8HUM,1,UniProt,P37231,"[{""entity_beg_seq_id"":5,""ref_beg_seq_id"":231,""length"":275,""entity_end_seq_id"":279,""ref_end_seq_id"":505}]",P37231,True,True,False,1,False,False,0.544554,0.985663
8HUL_1,8HUL,1,UniProt,Q03181,"[{""entity_beg_seq_id"":5,""ref_beg_seq_id"":170,""length"":272,""entity_end_seq_id"":276,""ref_end_seq_id"":441}]",Q03181,True,True,False,1,False,False,0.61678,0.985507
8HUK_1,8HUK,1,UniProt,Q07869,"[{""entity_beg_seq_id"":5,""ref_beg_seq_id"":200,""length"":269,""entity_end_seq_id"":273,""ref_end_seq_id"":468}]",Q07869,True,True,False,1,False,False,0.574786,0.985348
8HHQ_1,8HHQ,1,UniProt,P37231,"[{""entity_beg_seq_id"":3,""ref_beg_seq_id"":232,""length"":274,""entity_end_seq_id"":276,""ref_end_seq_id"":505}]",P37231,True,True,False,1,False,False,0.542574,0.992754
8HHP_1,8HHP,1,UniProt,P37231,"[{""entity_beg_seq_id"":3,""ref_beg_seq_id"":232,""length"":274,""entity_end_seq_id"":276,""ref_end_seq_id"":505}]",P37231,True,True,False,1,False,False,0.542574,0.992754
8HF8_1,8HF8,1,UniProt,Q03181,"[{""entity_beg_seq_id"":14,""ref_beg_seq_id"":173,""length"":269,""entity_end_seq_id"":282,""ref_end_seq_id"":441}]",Q03181,True,True,False,1,False,False,0.609977,0.953901
8HD3_1,8HD3,1,UniProt,Q96RI1,"[{""entity_beg_seq_id"":11,""ref_beg_seq_id"":257,""length"":229,""entity_end_seq_id"":239,""ref_end_seq_id"":485}]",Q96RI1,True,True,False,1,False,False,0.471193,0.880769
8GXP_1,8GXP,1,UniProt,P51449,"[{""entity_beg_seq_id"":8,""ref_beg_seq_id"":265,""length"":243,""entity_end_seq_id"":250,""ref_end_seq_id"":507}]",P51449,True,True,False,1,False,False,0.469112,0.903346
8FPE_1,8FPE,1,UniProt,O75469,"[{""entity_beg_seq_id"":12,""ref_beg_seq_id"":130,""length"":305,""entity_end_seq_id"":316,""ref_end_seq_id"":434}]",O75469,True,True,False,1,False,False,0.702765,0.96519
8FKF_1,8FKF,1,UniProt,P37231,"[{""entity_beg_seq_id"":2,""ref_beg_seq_id"":231,""length"":275,""entity_end_seq_id"":276,""ref_end_seq_id"":505}]",P37231,True,True,False,1,False,False,0.544554,0.996377
8FKE_1,8FKE,1,UniProt,P37231,"[{""entity_beg_seq_id"":2,""ref_beg_seq_id"":231,""length"":275,""entity_end_seq_id"":276,""ref_end_seq_id"":505}]",P37231,True,True,False,1,False,False,0.544554,0.996377
8FKD_1,8FKD,1,UniProt,P37231,"[{""entity_beg_seq_id"":2,""ref_beg_seq_id"":231,""length"":275,""entity_end_seq_id"":276,""ref_end_seq_id"":505}]",P37231,True,True,False,1,False,False,0.544554,0.996377
8FKC_1,8FKC,1,UniProt,P37231,"[{""entity_beg_seq_id"":2,""ref_beg_seq_id"":231,""length"":275,""entity_end_seq_id"":276,""ref_end_seq_id"":505}]",P37231,True,True,False,1,False,False,0.544554,0.996377
8FHG_1,8FHG,1,UniProt,P37231,"[{""entity_beg_seq_id"":1,""ref_beg_seq_id"":231,""length"":275,""entity_end_seq_id"":275,""ref_end_seq_id"":505}]",P37231,True,True,False,1,False,False,0.544554,1.0
8FHF_1,8FHF,1,UniProt,P37231,"[{""entity_beg_seq_id"":1,""ref_beg_seq_id"":231,""length"":275,""entity_end_seq_id"":275,""ref_end_seq_id"":505}]",P37231,True,True,False,1,False,False,0.544554,1.0
8FHE_1,8FHE,1,UniProt,P37231,"[{""entity_beg_seq_id"":1,""ref_beg_seq_id"":231,""length"":275,""entity_end_seq_id"":275,""ref_end_seq_id"":505}]",P37231,True,True,False,1,False,False,0.544554,1.0
8FH2_1,8FH2,1,UniProt,P10275,"[{""entity_beg_seq_id"":1,""ref_beg_seq_id"":663,""length"":258,""entity_end_seq_id"":258,""ref_end_seq_id"":920}]",P10275,True,True,False,1,False,False,0.280435,1.0
8FH1_1,8FH1,1,UniProt,P10275,"[{""entity_beg_seq_id"":1,""ref_beg_seq_id"":663,""length"":258,""entity_end_seq_id"":258,""ref_end_seq_id"":920}]",P10275,True,True,False,1,False,False,0.280435,1.0
8FH0_1,8FH0,1,UniProt,P10275,"[{""entity_beg_seq_id"":1,""ref_beg_seq_id"":663,""length"":258,""entity_end_seq_id"":258,""ref_end_seq_id"":920}]",P10275,True,True,False,1,False,False,0.280435,1.0
8FGZ_1,8FGZ,1,UniProt,P10275,"[{""entity_beg_seq_id"":1,""ref_beg_seq_id"":663,""length"":258,""entity_end_seq_id"":258,""ref_end_seq_id"":920}]",P10275,True,True,False,1,False,False,0.280435,1.0
8FGY_1,8FGY,1,UniProt,P10275,"[{""entity_beg_seq_id"":1,""ref_beg_seq_id"":663,""length"":258,""entity_end_seq_id"":258,""ref_end_seq_id"":920}]",P10275,True,True,False,1,False,False,0.280435,1.0
8FFW_2,8FFW,2,UniProt,P04150,"[{""entity_beg_seq_id"":1,""ref_beg_seq_id"":418,""length"":360,""entity_end_seq_id"":360,""ref_end_seq_id"":777}]",P04150,True,True,False,1,False,False,0.46332,1.0
8FFV_2,8FFV,2,UniProt,P04150,"[{""entity_beg_seq_id"":1,""ref_beg_seq_id"":418,""length"":360,""entity_end_seq_id"":360,""ref_end_seq_id"":777}]",P04150,True,True,False,1,False,False,0.46332,1.0
8FB2_1,8FB2,1,UniProt,P51449,"[{""entity_beg_seq_id"":4,""ref_beg_seq_id"":259,""length"":259,""entity_end_seq_id"":262,""ref_end_seq_id"":517}]",P51449,True,True,False,1,False,False,0.5,0.98855
8FB1_1,8FB1,1,UniProt,P51449,"[{""entity_beg_seq_id"":4,""ref_beg_seq_id"":259,""length"":259,""entity_end_seq_id"":262,""ref_end_seq_id"":517}]",P51449,True,True,False,1,False,False,0.5,0.98855
8FAV_1,8FAV,1,UniProt,P51449,"[{""entity_beg_seq_id"":4,""ref_beg_seq_id"":259,""length"":259,""entity_end_seq_id"":262,""ref_end_seq_id"":517}]",P51449,True,True,False,1,False,False,0.5,0.98855
8F8M_1,8F8M,1,UniProt,O00482,"[{""entity_beg_seq_id"":4,""ref_beg_seq_id"":299,""length"":243,""entity_end_seq_id"":246,""ref_end_seq_id"":541}]",O00482,True,True,False,1,False,False,0.449168,0.987805
8F5Y_1,8F5Y,1,UniProt,O75469,"[{""entity_beg_seq_id"":12,""ref_beg_seq_id"":130,""length"":305,""entity_end_seq_id"":316,""ref_end_seq_id"":434}]",O75469,True,True,False,1,False,False,0.702765,0.96519
8EV2_1,8EV2,1,UniProt,P03372,"[{""entity_beg_seq_id"":1,""ref_beg_seq_id"":298,""length"":257,""entity_end_seq_id"":257,""ref_end_seq_id"":554}]",P03372,True,True,False,1,False,False,0.431933,1.0
8EV1_2,8EV1,2,UniProt,P03372,"[{""entity_beg_seq_id"":1,""ref_beg_seq_id"":298,""length"":257,""entity_end_seq_id"":257,""ref_end_seq_id"":554}]",P03372,True,True,False,1,False,False,0.431933,1.0
8EV1_1,8EV1,1,UniProt,P03372,"[{""entity_beg_seq_id"":1,""ref_beg_seq_id"":298,""length"":257,""entity_end_seq_id"":257,""ref_end_seq_id"":554}]",P03372,True,True,False,1,False,False,0.431933,1.0
8EQZ_1,8EQZ,1,UniProt,O75469,"[{""entity_beg_seq_id"":12,""ref_beg_seq_id"":130,""length"":305,""entity_end_seq_id"":316,""ref_end_seq_id"":434}]",O75469,True,True,False,1,False,False,0.702765,0.859155
8E3N_1,8E3N,1,UniProt,O75469,"[{""entity_beg_seq_id"":12,""ref_beg_seq_id"":130,""length"":305,""entity_end_seq_id"":316,""ref_end_seq_id"":434}]",O75469,True,True,False,1,False,False,0.702765,0.96519
8E1A_1,8E1A,1,UniProt,P10275,"[{""entity_beg_seq_id"":22,""ref_beg_seq_id"":665,""length"":256,""entity_end_seq_id"":277,""ref_end_seq_id"":920}]",P10275,True,True,False,1,False,False,0.278261,0.924188
8DVB_1,8DVB,1,UniProt,P03372,"[{""entity_beg_seq_id"":2,""ref_beg_seq_id"":301,""length"":254,""entity_end_seq_id"":255,""ref_end_seq_id"":554}]",P03372,True,True,False,1,False,False,0.426891,0.996078
8DV8_1,8DV8,1,UniProt,P03372,"[{""entity_beg_seq_id"":2,""ref_beg_seq_id"":301,""length"":254,""entity_end_seq_id"":255,""ref_end_seq_id"":554}]",P03372,True,True,False,1,False,False,0.426891,0.996078
8DV7_1,8DV7,1,UniProt,P03372,"[{""entity_beg_seq_id"":2,""ref_beg_seq_id"":301,""length"":254,""entity_end_seq_id"":255,""ref_end_seq_id"":554}]",P03372,True,True,False,1,False,False,0.426891,0.996078
8DV5_1,8DV5,1,UniProt,P03372,"[{""entity_beg_seq_id"":2,""ref_beg_seq_id"":301,""length"":254,""entity_end_seq_id"":255,""ref_end_seq_id"":554}]",P03372,True,True,False,1,False,False,0.426891,0.996078
8DUS_1,8DUS,1,UniProt,P03372,"[{""entity_beg_seq_id"":2,""ref_beg_seq_id"":301,""length"":254,""entity_end_seq_id"":255,""ref_end_seq_id"":554}]",P03372,True,True,False,1,False,False,0.426891,0.996078
8DUK_1,8DUK,1,UniProt,P03372,"[{""entity_beg_seq_id"":2,""ref_beg_seq_id"":301,""length"":254,""entity_end_seq_id"":255,""ref_end_seq_id"":554}]",P03372,True,True,False,1,False,False,0.426891,0.996078
8DUI_1,8DUI,1,UniProt,P03372,"[{""entity_beg_seq_id"":2,""ref_beg_seq_id"":301,""length"":254,""entity_end_seq_id"":255,""ref_end_seq_id"":554}]",P03372,True,True,False,1,False,False,0.426891,0.996078
8DUH_1,8DUH,1,UniProt,P03372,"[{""entity_beg_seq_id"":2,""ref_beg_seq_id"":301,""length"":254,""entity_end_seq_id"":255,""ref_end_seq_id"":554}]",P03372,True,True,False,1,False,False,0.426891,0.996078
8DUG_1,8DUG,1,UniProt,P03372,"[{""entity_beg_seq_id"":2,""ref_beg_seq_id"":301,""length"":254,""entity_end_seq_id"":255,""ref_end_seq_id"":554}]",P03372,True,True,False,1,False,False,0.426891,0.996078
8DUD_1,8DUD,1,UniProt,P03372,"[{""entity_beg_seq_id"":2,""ref_beg_seq_id"":301,""length"":254,""entity_end_seq_id"":255,""ref_end_seq_id"":554}]",P03372,True,True,False,1,False,False,0.426891,0.996078
8DUC_1,8DUC,1,UniProt,P03372,"[{""entity_beg_seq_id"":2,""ref_beg_seq_id"":301,""length"":254,""entity_end_seq_id"":255,""ref_end_seq_id"":554}]",P03372,True,True,False,1,False,False,0.426891,0.996078
8DUB_1,8DUB,1,UniProt,P03372,"[{""entity_beg_seq_id"":2,""ref_beg_seq_id"":301,""length"":254,""entity_end_seq_id"":255,""ref_end_seq_id"":554}]",P03372,True,True,False,1,False,False,0.426891,0.996078
8DU9_1,8DU9,1,UniProt,P03372,"[{""entity_beg_seq_id"":2,""ref_beg_seq_id"":301,""length"":254,""entity_end_seq_id"":255,""ref_end_seq_id"":554}]",P03372,True,True,False,1,False,False,0.426891,0.996078
8DU8_1,8DU8,1,UniProt,P03372,"[{""entity_beg_seq_id"":2,""ref_beg_seq_id"":301,""length"":254,""entity_end_seq_id"":255,""ref_end_seq_id"":554}]",P03372,True,True,False,1,False,False,0.426891,0.996078
8DU6_1,8DU6,1,UniProt,P03372,"[{""entity_beg_seq_id"":2,""ref_beg_seq_id"":301,""length"":254,""entity_end_seq_id"":255,""ref_end_seq_id"":554}]",P03372,True,True,False,1,False,False,0.426891,0.996078
8DSZ_1,8DSZ,1,UniProt,P37231,"[{""entity_beg_seq_id"":2,""ref_beg_seq_id"":234,""length"":272,""entity_end_seq_id"":273,""ref_end_seq_id"":505}]",P37231,True,True,False,1,False,False,0.538614,0.996337
8DSY_1,8DSY,1,UniProt,P37231,"[{""entity_beg_seq_id"":2,""ref_beg_seq_id"":234,""length"":272,""entity_end_seq_id"":273,""ref_end_seq_id"":505}]",P37231,True,True,False,1,False,False,0.538614,0.996337
8DKV_1,8DKV,1,UniProt,P37231,"[{""entity_beg_seq_id"":2,""ref_beg_seq_id"":234,""length"":272,""entity_end_seq_id"":273,""ref_end_seq_id"":505}]",P37231,True,True,False,1,False,False,0.538614,0.996337
8DKN_1,8DKN,1,UniProt,P37231,"[{""entity_beg_seq_id"":2,""ref_beg_seq_id"":234,""length"":272,""entity_end_seq_id"":273,""ref_end_seq_id"":505}]",P37231,True,True,False,1,False,False,0.538614,0.996337
8DK4_1,8DK4,1,UniProt,P37231,"[{""entity_beg_seq_id"":1,""ref_beg_seq_id"":234,""length"":272,""entity_end_seq_id"":272,""ref_end_seq_id"":505}]",P37231,True,True,False,1,False,False,0.538614,1.0
8DAF_1,8DAF,1,UniProt,Q13285,"[{""entity_beg_seq_id"":4,""ref_beg_seq_id"":218,""length"":244,""entity_end_seq_id"":247,""ref_end_seq_id"":461}]",Q13285,True,True,False,1,False,False,0.529284,0.987854
9YC4_2,9YC4,2,UniProt,P03372,"[{""entity_beg_seq_id"":1,""ref_beg_seq_id"":581,""length"":15,""entity_end_seq_id"":15,""ref_end_seq_id"":595}]",P03372,True,True,False,1,False,False,0.02521,1.0
9Y7E_2,9Y7E,2,UniProt,P03372,"[{""entity_beg_seq_id"":1,""ref_beg_seq_id"":581,""length"":15,""entity_end_seq_id"":15,""ref_end_seq_id"":595}]",P03372,True,True,False,1,False,False,0.02521,1.0
9XMJ_1,9XMJ,1,UniProt,P51449,"[{""entity_beg_seq_id"":1,""ref_beg_seq_id"":261,""length"":258,""entity_end_seq_id"":258,""ref_end_seq_id"":518}]",P51449,True,True,False,1,False,False,0.498069,1.0
9WF5_1,9WF5,1,UniProt,Q96RI1,"[{""entity_beg_seq_id"":3,""ref_beg_seq_id"":258,""length"":229,""entity_end_seq_id"":231,""ref_end_seq_id"":486}]",Q96RI1,True,True,False,1,False,False,0.471193,0.991342
9WB2_1,9WB2,1,UniProt,P03372,"[{""entity_beg_seq_id"":5,""ref_beg_seq_id"":305,""length"":250,""entity_end_seq_id"":254,""ref_end_seq_id"":554}]",P03372,True,True,False,1,False,False,0.420168,0.984252
9W13_1,9W13,1,UniProt,P03372,"[{""entity_beg_seq_id"":6,""ref_beg_seq_id"":305,""length"":250,""entity_end_seq_id"":255,""ref_end_seq_id"":554}]",P03372,True,True,False,1,False,False,0.420168,0.95057
9W12_1,9W12,1,UniProt,P03372,"[{""entity_beg_seq_id"":6,""ref_beg_seq_id"":305,""length"":250,""entity_end_seq_id"":255,""ref_end_seq_id"":554}]",P03372,True,True,False,1,False,False,0.420168,0.95057
9W11_1,9W11,1,UniProt,P03372,"[{""entity_beg_seq_id"":6,""ref_beg_seq_id"":305,""length"":250,""entity_end_seq_id"":255,""ref_end_seq_id"":554}]",P03372,True,True,False,1,False,False,0.420168,0.95057
9VZT_1,9VZT,1,UniProt,Q07869,"[{""entity_beg_seq_id"":5,""ref_beg_seq_id"":200,""length"":269,""entity_end_seq_id"":273,""ref_end_seq_id"":468}]",Q07869,True,True,False,1,False,False,0.574786,0.985348
9VZS_1,9VZS,1,UniProt,Q07869,"[{""entity_beg_seq_id"":5,""ref_beg_seq_id"":200,""length"":269,""entity_end_seq_id"":273,""ref_end_seq_id"":468}]",Q07869,True,True,False,1,False,False,0.574786,0.985348
9VZQ_1,9VZQ,1,UniProt,P51449,"[{""entity_beg_seq_id"":1,""ref_beg_seq_id"":262,""length"":246,""entity_end_seq_id"":246,""ref_end_seq_id"":507}]",P51449,True,True,False,1,False,False,0.474903,1.0
9VTU_1,9VTU,1,UniProt,P03372,"[{""entity_beg_seq_id"":4,""ref_beg_seq_id"":305,""length"":250,""entity_end_seq_id"":253,""ref_end_seq_id"":554}]",P03372,True,True,False,1,False,False,0.420168,0.957854
9VT5_1,9VT5,1,UniProt,P03372,"[{""entity_beg_seq_id"":2,""ref_beg_seq_id"":305,""length"":250,""entity_end_seq_id"":251,""ref_end_seq_id"":554}]",P03372,True,True,False,1,False,False,0.420168,0.93633
9VNX_1,9VNX,1,UniProt,P51449,"[{""entity_beg_seq_id"":1,""ref_beg_seq_id"":261,""length"":258,""entity_end_seq_id"":258,""ref_end_seq_id"":518}]",P51449,True,True,False,1,False,False,0.498069,1.0
9VBR_1,9VBR,1,UniProt,Q96RI1,"[{""entity_beg_seq_id"":11,""ref_beg_seq_id"":257,""length"":229,""entity_end_seq_id"":239,""ref_end_seq_id"":485}]",Q96RI1,True,True,False,1,False,False,0.471193,0.880769
9VBR_1,9VBR,1,UniProt,Q15788,"[{""entity_beg_seq_id"":249,""ref_beg_seq_id"":745,""length"":12,""entity_end_seq_id"":260,""ref_end_seq_id"":756}]",Q96RI1,False,False,False,1,False,False,,0.046154
9VBQ_1,9VBQ,1,UniProt,Q96RI1,"[{""entity_beg_seq_id"":11,""ref_beg_seq_id"":257,""length"":230,""entity_end_seq_id"":240,""ref_end_seq_id"":486}]",Q96RI1,True,True,False,1,False,False,0.473251,0.958333
9V8H_1,9V8H,1,UniProt,P37231,"[{""entity_beg_seq_id"":1,""ref_beg_seq_id"":231,""length"":275,""entity_end_seq_id"":275,""ref_end_seq_id"":505}]",P37231,True,True,False,1,False,False,0.544554,1.0
9V8G_1,9V8G,1,UniProt,P37231,"[{""entity_beg_seq_id"":1,""ref_beg_seq_id"":231,""length"":275,""entity_end_seq_id"":275,""ref_end_seq_id"":505}]",P37231,True,True,False,1,False,False,0.544554,1.0
9V8F_1,9V8F,1,UniProt,P37231,"[{""entity_beg_seq_id"":1,""ref_beg_seq_id"":233,""length"":273,""entity_end_seq_id"":273,""ref_end_seq_id"":505}]",P37231,True,True,False,1,False,False,0.540594,1.0
9V8E_1,9V8E,1,UniProt,P37231,"[{""entity_beg_seq_id"":1,""ref_beg_seq_id"":231,""length"":275,""entity_end_seq_id"":275,""ref_end_seq_id"":505}]",P37231,True,True,False,1,False,False,0.544554,1.0
9V8D_1,9V8D,1,UniProt,P37231,"[{""entity_beg_seq_id"":1,""ref_beg_seq_id"":231,""length"":275,""entity_end_seq_id"":275,""ref_end_seq_id"":505}]",P37231,True,True,False,1,False,False,0.544554,1.0
9V5K_1,9V5K,1,UniProt,P22736,"[{""entity_beg_seq_id"":1,""ref_beg_seq_id"":361,""length"":238,""entity_end_seq_id"":238,""ref_end_seq_id"":598}]",P22736,True,True,False,1,False,False,0.397993,1.0
9T5S_1,9T5S,1,UniProt,Q07869,"[{""entity_beg_seq_id"":22,""ref_beg_seq_id"":200,""length"":269,""entity_end_seq_id"":290,""ref_end_seq_id"":468}]",Q07869,True,True,False,1,False,False,0.574786,0.927586
9SV3_3,9SV3,3,UniProt,P03372,"[{""entity_beg_seq_id"":108,""ref_beg_seq_id"":302,""length"":294,""entity_end_seq_id"":401,""ref_end_seq_id"":595}]",P03372,True,True,False,1,False,False,0.494118,0.733167
9SMQ_1,9SMQ,1,UniProt,O00482,"[{""entity_beg_seq_id"":2,""ref_beg_seq_id"":297,""length"":245,""entity_end_seq_id"":246,""ref_end_seq_id"":541}]",O00482,True,True,False,1,False,False,0.452865,0.995935
9SFS_1,9SFS,1,UniProt,Q07869,"[{""entity_beg_seq_id"":3,""ref_beg_seq_id"":200,""length"":268,""entity_end_seq_id"":270,""ref_end_seq_id"":467}]",Q07869,True,True,False,1,False,False,0.57265,0.992593
9S71_1,9S71,1,UniProt,P19793,"[{""entity_beg_seq_id"":2,""ref_beg_seq_id"":229,""length"":234,""entity_end_seq_id"":235,""ref_end_seq_id"":462}]",P19793,True,True,False,1,False,False,0.506494,0.995745
9S70_1,9S70,1,UniProt,P19793,"[{""entity_beg_seq_id"":2,""ref_beg_seq_id"":229,""length"":234,""entity_end_seq_id"":235,""ref_end_seq_id"":462}]",P19793,True,True,False,1,False,False,0.506494,0.995745
9RMR_1,9RMR,1,UniProt,P19793,"[{""entity_beg_seq_id"":2,""ref_beg_seq_id"":229,""length"":234,""entity_end_seq_id"":235,""ref_end_seq_id"":462}]",P19793,True,True,False,1,False,False,0.506494,0.995745
9R6K_1,9R6K,1,UniProt,P37231,"[{""entity_beg_seq_id"":5,""ref_beg_seq_id"":231,""length"":275,""entity_end_seq_id"":279,""ref_end_seq_id"":505}]",P37231,True,True,False,1,False,False,0.544554,0.985663
9R6I_1,9R6I,1,UniProt,P37231,"[{""entity_beg_seq_id"":5,""ref_beg_seq_id"":231,""length"":275,""entity_end_seq_id"":279,""ref_end_seq_id"":505}]",P37231,True,True,False,1,False,False,0.544554,0.985663
9QX6_1,9QX6,1,UniProt,P19793,"[{""entity_beg_seq_id"":2,""ref_beg_seq_id"":229,""length"":234,""entity_end_seq_id"":235,""ref_end_seq_id"":462}]",P19793,True,True,False,1,False,False,0.506494,0.995745
9QJ9_1,9QJ9,1,UniProt,P19793,"[{""entity_beg_seq_id"":5,""ref_beg_seq_id"":130,""length"":83,""entity_end_seq_id"":87,""ref_end_seq_id"":212}]",P19793,True,True,False,1,False,False,0.179654,0.954023
9QGJ_1,9QGJ,1,UniProt,P37231,"[{""entity_beg_seq_id"":5,""ref_beg_seq_id"":235,""length"":271,""entity_end_seq_id"":275,""ref_end_seq_id"":505}]",P37231,True,True,False,1,False,False,0.536634,0.985455
9QG6_1,9QG6,1,UniProt,P37231,"[{""entity_beg_seq_id"":5,""ref_beg_seq_id"":235,""length"":271,""entity_end_seq_id"":275,""ref_end_seq_id"":505}]",P37231,True,True,False,1,False,False,0.536634,0.985455
9QG5_1,9QG5,1,UniProt,P37231,"[{""entity_beg_seq_id"":5,""ref_beg_seq_id"":235,""length"":271,""entity_end_seq_id"":275,""ref_end_seq_id"":505}]",P37231,True,True,False,1,False,False,0.536634,0.985455
9QG4_1,9QG4,1,UniProt,P37231,"[{""entity_beg_seq_id"":5,""ref_beg_seq_id"":235,""length"":271,""entity_end_seq_id"":275,""ref_end_seq_id"":505}]",P37231,True,True,False,1,False,False,0.536634,0.985455
9QG3_1,9QG3,1,UniProt,P37231,"[{""entity_beg_seq_id"":5,""ref_beg_seq_id"":235,""length"":271,""entity_end_seq_id"":275,""ref_end_seq_id"":505}]",P37231,True,True,False,1,False,False,0.536634,0.985455
9QG2_1,9QG2,1,UniProt,P37231,"[{""entity_beg_seq_id"":5,""ref_beg_seq_id"":235,""length"":271,""entity_end_seq_id"":275,""ref_end_seq_id"":505}]",P37231,True,True,False,1,False,False,0.536634,0.985455
9QG0_1,9QG0,1,UniProt,P37231,"[{""entity_beg_seq_id"":5,""ref_beg_seq_id"":235,""length"":271,""entity_end_seq_id"":275,""ref_end_seq_id"":505}]",P37231,True,True,False,1,False,False,0.536634,0.985455
9QFZ_1,9QFZ,1,UniProt,P37231,"[{""entity_beg_seq_id"":5,""ref_beg_seq_id"":235,""length"":271,""entity_end_seq_id"":275,""ref_end_seq_id"":505}]",P37231,True,True,False,1,False,False,0.536634,0.985455
9OLC_1,9OLC,1,UniProt,P37231,"[{""entity_beg_seq_id"":4,""ref_beg_seq_id"":231,""length"":275,""entity_end_seq_id"":278,""ref_end_seq_id"":505}]",P37231,True,True,False,1,False,False,0.544554,0.989209
9O9N_1,9O9N,1,UniProt,P37231,"[{""entity_beg_seq_id"":2,""ref_beg_seq_id"":231,""length"":275,""entity_end_seq_id"":276,""ref_end_seq_id"":505}]",P37231,True,True,False,1,False,False,0.544554,0.996377
9O46_1,9O46,1,UniProt,O75469,"[{""entity_beg_seq_id"":12,""ref_beg_seq_id"":130,""length"":305,""entity_end_seq_id"":316,""ref_end_seq_id"":434}]",O75469,True,True,False,1,False,False,0.702765,0.859155
9O46_1,9O46,1,UniProt,Q15788,"[{""entity_beg_seq_id"":327,""ref_beg_seq_id"":682,""length"":29,""entity_end_seq_id"":355,""ref_end_seq_id"":710}]",O75469,False,False,False,1,False,False,,0.08169
9O45_1,9O45,1,UniProt,O75469,"[{""entity_beg_seq_id"":12,""ref_beg_seq_id"":130,""length"":305,""entity_end_seq_id"":316,""ref_end_seq_id"":434}]",O75469,True,True,False,1,False,False,0.702765,0.859155
9O45_1,9O45,1,UniProt,Q15788,"[{""entity_beg_seq_id"":327,""ref_beg_seq_id"":682,""length"":29,""entity_end_seq_id"":355,""ref_end_seq_id"":710}]",O75469,False,False,False,1,False,False,,0.08169
9O44_1,9O44,1,UniProt,O75469,"[{""entity_beg_seq_id"":12,""ref_beg_seq_id"":130,""length"":305,""entity_end_seq_id"":316,""ref_end_seq_id"":434}]",O75469,True,True,False,1,False,False,0.702765,0.859155
9O44_1,9O44,1,UniProt,Q15788,"[{""entity_beg_seq_id"":327,""ref_beg_seq_id"":682,""length"":29,""entity_end_seq_id"":355,""ref_end_seq_id"":710}]",O75469,False,False,False,1,False,False,,0.08169
9O43_1,9O43,1,UniProt,O75469,"[{""entity_beg_seq_id"":12,""ref_beg_seq_id"":130,""length"":305,""entity_end_seq_id"":316,""ref_end_seq_id"":434}]",O75469,True,True,False,1,False,False,0.702765,0.859155
9O43_1,9O43,1,UniProt,Q15788,"[{""entity_beg_seq_id"":327,""ref_beg_seq_id"":682,""length"":29,""entity_end_seq_id"":355,""ref_end_seq_id"":710}]",O75469,False,False,False,1,False,False,,0.08169
9O42_1,9O42,1,UniProt,O75469,"[{""entity_beg_seq_id"":12,""ref_beg_seq_id"":130,""length"":305,""entity_end_seq_id"":316,""ref_end_seq_id"":434}]",O75469,True,True,False,1,False,False,0.702765,0.859155
9O42_1,9O42,1,UniProt,Q15788,"[{""entity_beg_seq_id"":327,""ref_beg_seq_id"":682,""length"":29,""entity_end_seq_id"":355,""ref_end_seq_id"":710}]",O75469,False,False,False,1,False,False,,0.08169
9O41_1,9O41,1,UniProt,O75469,"[{""entity_beg_seq_id"":12,""ref_beg_seq_id"":130,""length"":305,""entity_end_seq_id"":316,""ref_end_seq_id"":434}]",O75469,True,True,False,1,False,False,0.702765,0.859155
9O41_1,9O41,1,UniProt,Q15788,"[{""entity_beg_seq_id"":327,""ref_beg_seq_id"":682,""length"":29,""entity_end_seq_id"":355,""ref_end_seq_id"":710}]",O75469,False,False,False,1,False,False,,0.08169
9N9L_1,9N9L,1,UniProt,P51449,"[{""entity_beg_seq_id"":1,""ref_beg_seq_id"":265,""length"":243,""entity_end_seq_id"":243,""ref_end_seq_id"":507}]",P51449,True,True,False,1,False,False,0.469112,1.0
9MAH_1,9MAH,1,UniProt,P37231,"[{""entity_beg_seq_id"":1,""ref_beg_seq_id"":234,""length"":272,""entity_end_seq_id"":272,""ref_end_seq_id"":505}]",P37231,True,True,False,1,False,False,0.538614,1.0
9M2E_1,9M2E,1,UniProt,P22736,"[{""entity_beg_seq_id"":1,""ref_beg_seq_id"":351,""length"":248,""entity_end_seq_id"":248,""ref_end_seq_id"":598}]",P22736,True,True,False,1,False,False,0.414716,1.0
9LVP_1,9LVP,1,UniProt,P11474,"[{""entity_beg_seq_id"":4,""ref_beg_seq_id"":49,""length"":119,""entity_end_seq_id"":122,""ref_end_seq_id"":167}]",P11474,True,True,False,1,False,False,0.281324,0.97541
9LQ3_1,9LQ3,1,UniProt,Q96RI1,"[{""entity_beg_seq_id"":1,""ref_beg_seq_id"":258,""length"":228,""entity_end_seq_id"":228,""ref_end_seq_id"":485}]",Q96RI1,True,True,False,1,False,False,0.469136,1.0
9L3T_1,9L3T,1,UniProt,P37231,"[{""entity_beg_seq_id"":3,""ref_beg_seq_id"":232,""length"":274,""entity_end_seq_id"":276,""ref_end_seq_id"":505}]",P37231,True,True,False,1,False,False,0.542574,0.992754
9KNG_1,9KNG,1,UniProt,P62508,"[{""entity_beg_seq_id"":22,""ref_beg_seq_id"":229,""length"":230,""entity_end_seq_id"":251,""ref_end_seq_id"":458}]",P62508,True,True,False,1,False,False,0.502183,0.916335
9KNF_1,9KNF,1,UniProt,P62508,"[{""entity_beg_seq_id"":22,""ref_beg_seq_id"":229,""length"":230,""entity_end_seq_id"":251,""ref_end_seq_id"":458}]",P62508,True,True,False,1,False,False,0.502183,0.916335
9KNE_1,9KNE,1,UniProt,P62508,"[{""entity_beg_seq_id"":22,""ref_beg_seq_id"":229,""length"":230,""entity_end_seq_id"":251,""ref_end_seq_id"":458}]",P62508,True,True,False,1,False,False,0.502183,0.916335
9KND_1,9KND,1,UniProt,P62508,"[{""entity_beg_seq_id"":22,""ref_beg_seq_id"":229,""length"":230,""entity_end_seq_id"":251,""ref_end_seq_id"":458}]",P62508,True,True,False,1,False,False,0.502183,0.916335
9KNC_1,9KNC,1,UniProt,P62508,"[{""entity_beg_seq_id"":22,""ref_beg_seq_id"":229,""length"":230,""entity_end_seq_id"":251,""ref_end_seq_id"":458}]",P62508,True,True,False,1,False,False,0.502183,0.916335
9J0K_1,9J0K,1,UniProt,P10828,"[{""entity_beg_seq_id"":1,""ref_beg_seq_id"":202,""length"":260,""entity_end_seq_id"":260,""ref_end_seq_id"":461}]",P10828,True,True,False,1,False,False,0.563991,1.0
9IX5_1,9IX5,1,UniProt,P10828,"[{""entity_beg_seq_id"":1,""ref_beg_seq_id"":203,""length"":259,""entity_end_seq_id"":259,""ref_end_seq_id"":461}]",P10828,True,True,False,1,False,False,0.561822,1.0
9IWO_1,9IWO,1,UniProt,Q07869,"[{""entity_beg_seq_id"":5,""ref_beg_seq_id"":200,""length"":269,""entity_end_seq_id"":273,""ref_end_seq_id"":468}]",Q07869,True,True,False,1,False,False,0.574786,0.985348
9IWN_1,9IWN,1,UniProt,Q07869,"[{""entity_beg_seq_id"":5,""ref_beg_seq_id"":200,""length"":269,""entity_end_seq_id"":273,""ref_end_seq_id"":468}]",Q07869,True,True,False,1,False,False,0.574786,0.985348
9IWM_1,9IWM,1,UniProt,Q07869,"[{""entity_beg_seq_id"":5,""ref_beg_seq_id"":200,""length"":269,""entity_end_seq_id"":273,""ref_end_seq_id"":468}]",Q07869,True,True,False,1,False,False,0.574786,0.985348
9IWL_1,9IWL,1,UniProt,Q07869,"[{""entity_beg_seq_id"":5,""ref_beg_seq_id"":200,""length"":269,""entity_end_seq_id"":273,""ref_end_seq_id"":468}]",Q07869,True,True,False,1,False,False,0.574786,0.985348
9IWK_1,9IWK,1,UniProt,P37231,"[{""entity_beg_seq_id"":5,""ref_beg_seq_id"":231,""length"":275,""entity_end_seq_id"":279,""ref_end_seq_id"":505}]",P37231,True,True,False,1,False,False,0.544554,0.985663
9IWJ_1,9IWJ,1,UniProt,Q07869,"[{""entity_beg_seq_id"":5,""ref_beg_seq_id"":200,""length"":269,""entity_end_seq_id"":273,""ref_end_seq_id"":468}]",Q07869,True,True,False,1,False,False,0.574786,0.985348
9IBR_1,9IBR,1,UniProt,P41235,"[{""entity_beg_seq_id"":1,""ref_beg_seq_id"":148,""length"":230,""entity_end_seq_id"":230,""ref_end_seq_id"":377}]",P41235,True,True,False,1,False,False,0.485232,1.0
9I75_2,9I75,2,UniProt,P03372,"[{""entity_beg_seq_id"":1,""ref_beg_seq_id"":591,""length"":5,""entity_end_seq_id"":5,""ref_end_seq_id"":595}]",P03372,True,True,False,1,False,False,0.008403,1.0
9I74_2,9I74,2,UniProt,P03372,"[{""entity_beg_seq_id"":1,""ref_beg_seq_id"":591,""length"":5,""entity_end_seq_id"":5,""ref_end_seq_id"":595}]",P03372,True,True,False,1,False,False,0.008403,1.0
9I73_2,9I73,2,UniProt,P03372,"[{""entity_beg_seq_id"":1,""ref_beg_seq_id"":591,""length"":5,""entity_end_seq_id"":5,""ref_end_seq_id"":595}]",P03372,True,True,False,1,False,False,0.008403,1.0
9I72_2,9I72,2,UniProt,P03372,"[{""entity_beg_seq_id"":1,""ref_beg_seq_id"":591,""length"":5,""entity_end_seq_id"":5,""ref_end_seq_id"":595}]",P03372,True,True,False,1,False,False,0.008403,1.0
9I71_2,9I71,2,UniProt,P03372,"[{""entity_beg_seq_id"":1,""ref_beg_seq_id"":591,""length"":5,""entity_end_seq_id"":5,""ref_end_seq_id"":595}]",P03372,True,True,False,1,False,False,0.008403,1.0
9I70_2,9I70,2,UniProt,P03372,"[{""entity_beg_seq_id"":1,""ref_beg_seq_id"":591,""length"":5,""entity_end_seq_id"":5,""ref_end_seq_id"":595}]",P03372,True,True,False,1,False,False,0.008403,1.0
9I6Z_2,9I6Z,2,UniProt,P03372,"[{""entity_beg_seq_id"":1,""ref_beg_seq_id"":591,""length"":5,""entity_end_seq_id"":5,""ref_end_seq_id"":595}]",P03372,True,True,False,1,False,False,0.008403,1.0
9I6Y_2,9I6Y,2,UniProt,P03372,"[{""entity_beg_seq_id"":1,""ref_beg_seq_id"":591,""length"":5,""entity_end_seq_id"":5,""ref_end_seq_id"":595}]",P03372,True,True,False,1,False,False,0.008403,1.0
9I6X_2,9I6X,2,UniProt,P03372,"[{""entity_beg_seq_id"":1,""ref_beg_seq_id"":591,""length"":5,""entity_end_seq_id"":5,""ref_end_seq_id"":595}]",P03372,True,True,False,1,False,False,0.008403,1.0
9I6W_2,9I6W,2,UniProt,P03372,"[{""entity_beg_seq_id"":1,""ref_beg_seq_id"":591,""length"":5,""entity_end_seq_id"":5,""ref_end_seq_id"":595}]",P03372,True,True,False,1,False,False,0.008403,1.0
9I6V_2,9I6V,2,UniProt,P03372,"[{""entity_beg_seq_id"":1,""ref_beg_seq_id"":591,""length"":5,""entity_end_seq_id"":5,""ref_end_seq_id"":595}]",P03372,True,True,False,1,False,False,0.008403,1.0
9I6U_2,9I6U,2,UniProt,P03372,"[{""entity_beg_seq_id"":1,""ref_beg_seq_id"":591,""length"":5,""entity_end_seq_id"":5,""ref_end_seq_id"":595}]",P03372,True,True,False,1,False,False,0.008403,1.0
9I6T_2,9I6T,2,UniProt,P03372,"[{""entity_beg_seq_id"":1,""ref_beg_seq_id"":591,""length"":5,""entity_end_seq_id"":5,""ref_end_seq_id"":595}]",P03372,True,True,False,1,False,False,0.008403,1.0
9I6S_2,9I6S,2,UniProt,P03372,"[{""entity_beg_seq_id"":1,""ref_beg_seq_id"":591,""length"":5,""entity_end_seq_id"":5,""ref_end_seq_id"":595}]",P03372,True,True,False,1,False,False,0.008403,1.0
9HX2_1,9HX2,1,UniProt,P37231,"[{""entity_beg_seq_id"":5,""ref_beg_seq_id"":223,""length"":282,""entity_end_seq_id"":286,""ref_end_seq_id"":504}]",P37231,True,True,False,1,False,False,0.558416,0.986014
9HDF_3,9HDF,3,UniProt,Q15466,"[{""entity_beg_seq_id"":1,""ref_beg_seq_id"":15,""length"":15,""entity_end_seq_id"":15,""ref_end_seq_id"":29}]",Q15466,True,True,False,1,False,False,0.058366,1.0
9H66_1,9H66,1,UniProt,Q96RI1,"[{""entity_beg_seq_id"":5,""ref_beg_seq_id"":258,""length"":229,""entity_end_seq_id"":233,""ref_end_seq_id"":486}]",Q96RI1,True,True,False,1,False,False,0.471193,0.982833
9H65_1,9H65,1,UniProt,Q96RI1,"[{""entity_beg_seq_id"":5,""ref_beg_seq_id"":258,""length"":229,""entity_end_seq_id"":233,""ref_end_seq_id"":486}]",Q96RI1,True,True,False,1,False,False,0.471193,0.982833
9GZI_1,9GZI,1,UniProt,P37231,"[{""entity_beg_seq_id"":5,""ref_beg_seq_id"":235,""length"":271,""entity_end_seq_id"":275,""ref_end_seq_id"":505}]",P37231,True,True,False,1,False,False,0.536634,0.985455
9GZF_1,9GZF,1,UniProt,P37231,"[{""entity_beg_seq_id"":5,""ref_beg_seq_id"":235,""length"":271,""entity_end_seq_id"":275,""ref_end_seq_id"":505}]",P37231,True,True,False,1,False,False,0.536634,0.985455
9GZE_1,9GZE,1,UniProt,P37231,"[{""entity_beg_seq_id"":5,""ref_beg_seq_id"":235,""length"":270,""entity_end_seq_id"":274,""ref_end_seq_id"":504}]",P37231,True,True,False,1,False,False,0.534653,0.985401
9GZD_1,9GZD,1,UniProt,P10275,"[{""entity_beg_seq_id"":1,""ref_beg_seq_id"":672,""length"":249,""entity_end_seq_id"":249,""ref_end_seq_id"":920}]",P10275,True,True,False,1,False,False,0.270652,1.0
9GZC_1,9GZC,1,UniProt,P37231,"[{""entity_beg_seq_id"":5,""ref_beg_seq_id"":235,""length"":271,""entity_end_seq_id"":275,""ref_end_seq_id"":505}]",P37231,True,True,False,1,False,False,0.536634,0.985455
9GZB_1,9GZB,1,UniProt,P37231,"[{""entity_beg_seq_id"":5,""ref_beg_seq_id"":235,""length"":271,""entity_end_seq_id"":275,""ref_end_seq_id"":505}]",P37231,True,True,False,1,False,False,0.536634,0.985455
9GZA_1,9GZA,1,UniProt,P37231,"[{""entity_beg_seq_id"":5,""ref_beg_seq_id"":235,""length"":271,""entity_end_seq_id"":275,""ref_end_seq_id"":505}]",P37231,True,True,False,1,False,False,0.536634,0.985455
9GZ9_1,9GZ9,1,UniProt,P37231,"[{""entity_beg_seq_id"":5,""ref_beg_seq_id"":235,""length"":271,""entity_end_seq_id"":275,""ref_end_seq_id"":505}]",P37231,True,True,False,1,False,False,0.536634,0.985455
9GZ8_1,9GZ8,1,UniProt,P37231,"[{""entity_beg_seq_id"":5,""ref_beg_seq_id"":235,""length"":271,""entity_end_seq_id"":275,""ref_end_seq_id"":505}]",P37231,True,True,False,1,False,False,0.536634,0.985455
9GZ7_1,9GZ7,1,UniProt,P37231,"[{""entity_beg_seq_id"":5,""ref_beg_seq_id"":235,""length"":271,""entity_end_seq_id"":275,""ref_end_seq_id"":505}]",P37231,True,True,False,1,False,False,0.536634,0.985455
9GXD_1,9GXD,1,UniProt,P37231,"[{""entity_beg_seq_id"":5,""ref_beg_seq_id"":235,""length"":271,""entity_end_seq_id"":275,""ref_end_seq_id"":505}]",P37231,True,True,False,1,False,False,0.536634,0.985455
9GX7_1,9GX7,1,UniProt,P37231,"[{""entity_beg_seq_id"":5,""ref_beg_seq_id"":235,""length"":271,""entity_end_seq_id"":275,""ref_end_seq_id"":505}]",P37231,True,True,False,1,False,False,0.536634,0.985455
9GX6_1,9GX6,1,UniProt,P37231,"[{""entity_beg_seq_id"":5,""ref_beg_seq_id"":235,""length"":271,""entity_end_seq_id"":275,""ref_end_seq_id"":505}]",P37231,True,True,False,1,False,False,0.536634,0.985455
9GX5_1,9GX5,1,UniProt,P37231,"[{""entity_beg_seq_id"":5,""ref_beg_seq_id"":235,""length"":271,""entity_end_seq_id"":275,""ref_end_seq_id"":505}]",P37231,True,True,False,1,False,False,0.536634,0.985455
9GX4_1,9GX4,1,UniProt,P37231,"[{""entity_beg_seq_id"":5,""ref_beg_seq_id"":235,""length"":271,""entity_end_seq_id"":275,""ref_end_seq_id"":505}]",P37231,True,True,False,1,False,False,0.536634,0.985455
9GX3_1,9GX3,1,UniProt,P37231,"[{""entity_beg_seq_id"":5,""ref_beg_seq_id"":235,""length"":271,""entity_end_seq_id"":275,""ref_end_seq_id"":505}]",P37231,True,True,False,1,False,False,0.536634,0.985455
9GX2_1,9GX2,1,UniProt,P37231,"[{""entity_beg_seq_id"":5,""ref_beg_seq_id"":235,""length"":269,""entity_end_seq_id"":273,""ref_end_seq_id"":503}]",P37231,True,True,False,1,False,False,0.532673,0.985348
9GX1_1,9GX1,1,UniProt,P37231,"[{""entity_beg_seq_id"":5,""ref_beg_seq_id"":235,""length"":271,""entity_end_seq_id"":275,""ref_end_seq_id"":505}]",P37231,True,True,False,1,False,False,0.536634,0.985455
9GX0_1,9GX0,1,UniProt,P37231,"[{""entity_beg_seq_id"":5,""ref_beg_seq_id"":235,""length"":271,""entity_end_seq_id"":275,""ref_end_seq_id"":505}]",P37231,True,True,False,1,False,False,0.536634,0.985455
9GWY_1,9GWY,1,UniProt,P37231,"[{""entity_beg_seq_id"":5,""ref_beg_seq_id"":235,""length"":271,""entity_end_seq_id"":275,""ref_end_seq_id"":505}]",P37231,True,True,False,1,False,False,0.536634,0.985455
9GWX_1,9GWX,1,UniProt,P37231,"[{""entity_beg_seq_id"":5,""ref_beg_seq_id"":235,""length"":271,""entity_end_seq_id"":275,""ref_end_seq_id"":505}]",P37231,True,True,False,1,False,False,0.536634,0.985455
9GWS_1,9GWS,1,UniProt,P37231,"[{""entity_beg_seq_id"":5,""ref_beg_seq_id"":235,""length"":271,""entity_end_seq_id"":275,""ref_end_seq_id"":505}]",P37231,True,True,False,1,False,False,0.536634,0.985455
9GWR_1,9GWR,1,UniProt,P37231,"[{""entity_beg_seq_id"":5,""ref_beg_seq_id"":235,""length"":271,""entity_end_seq_id"":275,""ref_end_seq_id"":505}]",P37231,True,True,False,1,False,False,0.536634,0.985455
9GWQ_1,9GWQ,1,UniProt,P37231,"[{""entity_beg_seq_id"":5,""ref_beg_seq_id"":235,""length"":271,""entity_end_seq_id"":275,""ref_end_seq_id"":505}]",P37231,True,True,False,1,False,False,0.536634,0.985455
9GWP_1,9GWP,1,UniProt,P37231,"[{""entity_beg_seq_id"":5,""ref_beg_seq_id"":235,""length"":271,""entity_end_seq_id"":275,""ref_end_seq_id"":505}]",P37231,True,True,False,1,False,False,0.536634,0.985455
9GWN_1,9GWN,1,UniProt,P37231,"[{""entity_beg_seq_id"":5,""ref_beg_seq_id"":235,""length"":271,""entity_end_seq_id"":275,""ref_end_seq_id"":505}]",P37231,True,True,False,1,False,False,0.536634,0.985455
9GWM_1,9GWM,1,UniProt,P37231,"[{""entity_beg_seq_id"":5,""ref_beg_seq_id"":235,""length"":271,""entity_end_seq_id"":275,""ref_end_seq_id"":505}]",P37231,True,True,False,1,False,False,0.536634,0.985455
9GWL_1,9GWL,1,UniProt,P37231,"[{""entity_beg_seq_id"":5,""ref_beg_seq_id"":235,""length"":271,""entity_end_seq_id"":275,""ref_end_seq_id"":505}]",P37231,True,True,False,1,False,False,0.536634,0.985455
9GWK_1,9GWK,1,UniProt,P37231,"[{""entity_beg_seq_id"":5,""ref_beg_seq_id"":235,""length"":271,""entity_end_seq_id"":275,""ref_end_seq_id"":505}]",P37231,True,True,False,1,False,False,0.536634,0.985455
9GWI_1,9GWI,1,UniProt,P37231,"[{""entity_beg_seq_id"":5,""ref_beg_seq_id"":235,""length"":271,""entity_end_seq_id"":275,""ref_end_seq_id"":505}]",P37231,True,True,False,1,False,False,0.536634,0.985455
9GWH_1,9GWH,1,UniProt,P37231,"[{""entity_beg_seq_id"":5,""ref_beg_seq_id"":235,""length"":271,""entity_end_seq_id"":275,""ref_end_seq_id"":505}]",P37231,True,True,False,1,False,False,0.536634,0.985455
9GWG_1,9GWG,1,UniProt,P37231,"[{""entity_beg_seq_id"":5,""ref_beg_seq_id"":235,""length"":271,""entity_end_seq_id"":275,""ref_end_seq_id"":505}]",P37231,True,True,False,1,False,False,0.536634,0.985455
9GWF_1,9GWF,1,UniProt,P37231,"[{""entity_beg_seq_id"":5,""ref_beg_seq_id"":235,""length"":271,""entity_end_seq_id"":275,""ref_end_seq_id"":505}]",P37231,True,True,False,1,False,False,0.536634,0.985455
9GWE_1,9GWE,1,UniProt,P37231,"[{""entity_beg_seq_id"":5,""ref_beg_seq_id"":235,""length"":271,""entity_end_seq_id"":275,""ref_end_seq_id"":505}]",P37231,True,True,False,1,False,False,0.536634,0.985455
9GWC_1,9GWC,1,UniProt,P37231,"[{""entity_beg_seq_id"":5,""ref_beg_seq_id"":235,""length"":271,""entity_end_seq_id"":275,""ref_end_seq_id"":505}]",P37231,True,True,False,1,False,False,0.536634,0.985455
