pdb_id,structure_title,structure_determination_methodology,experimental_methods,resolution_combined,r_work,r_free,deposit_date,initial_release_date,revision_date,space_group,polymer_entity_count,protein_entity_count,nonpolymer_entity_count,deposited_polymer_instance_count,primary_citation_title,primary_citation_doi,primary_citation_year,is_current_pdb_entry,data_api_metadata_missing
11SD,Covalent stabilizer compound 6 for the interaction between 14-3-3 sigma and Estrogen receptor-alpha peptide,experimental,"[""X-RAY DIFFRACTION""]",[2.816],[0.2127],[0.2511],2026-03-11T00:00:00Z,2026-08-26T00:00:00Z,2026-09-02T00:00:00Z,C 2 2 21,2,2,1,4,Covalent stabilizers of the interaction between 14-3-3 and Estrogen receptor-alpha,,,True,False
11SE,Covalent stabilizer compound 8 for the interaction between 14-3-3 sigma and Estrogen receptor-alpha peptide,experimental,"[""X-RAY DIFFRACTION""]",[2.239],[0.2163],[0.2562],2026-03-11T00:00:00Z,2026-08-26T00:00:00Z,2026-08-26T00:00:00Z,C 2 2 21,2,2,3,4,Covalent stabilizers of the interaction between 14-3-3 and Estrogen receptor-alpha,,,True,False
11SF,Covalent stabilizer compound 9 for the interaction between 14-3-3 sigma and Estrogen receptor-alpha peptide,experimental,"[""X-RAY DIFFRACTION""]",[2.24],[0.2032],[0.2496],2026-03-11T00:00:00Z,2026-08-26T00:00:00Z,2026-09-02T00:00:00Z,C 2 2 21,2,2,1,4,Covalent stabilizers of the interaction between 14-3-3 and Estrogen receptor-alpha,,,True,False
11SG,Covalent stabilizer compound 11 for the interaction between 14-3-3 sigma and Estrogen receptor-alpha peptide,experimental,"[""X-RAY DIFFRACTION""]",[2.6],[0.1967],[0.2482],2026-03-11T00:00:00Z,2026-08-26T00:00:00Z,2026-09-02T00:00:00Z,C 2 2 21,2,2,1,4,Covalent stabilizers of the interaction between 14-3-3 and Estrogen receptor-alpha,,,True,False
11SH,Covalent stabilizer compound 12 for the interaction between 14-3-3 sigma and Estrogen receptor-alpha peptide,experimental,"[""X-RAY DIFFRACTION""]",[2.2],[0.2052],[0.2367],2026-03-11T00:00:00Z,2026-08-26T00:00:00Z,2026-09-02T00:00:00Z,C 2 2 21,2,2,1,4,Covalent stabilizers of the interaction between 14-3-3 and Estrogen receptor-alpha,,,True,False
11SI,Covalent stabilizer compound 15A for the interaction between 14-3-3 sigma and Estrogen receptor-alpha peptide,experimental,"[""X-RAY DIFFRACTION""]",[2.5],[0.2435],[0.2774],2026-03-11T00:00:00Z,2026-08-26T00:00:00Z,2026-09-02T00:00:00Z,C 2 2 21,2,2,1,4,Covalent stabilizers of the interaction between 14-3-3 and Estrogen receptor-alpha,,,True,False
11SJ,Covalent stabilizer compound 15B for the interaction between 14-3-3 sigma and Estrogen receptor-alpha peptide,experimental,"[""X-RAY DIFFRACTION""]",[2.4],[0.2075],[0.2434],2026-03-11T00:00:00Z,2026-08-26T00:00:00Z,2026-09-02T00:00:00Z,C 2 2 21,2,2,1,4,Covalent stabilizers of the interaction between 14-3-3 and Estrogen receptor-alpha,,,True,False
11ZU,Covalent stabilizer compound 7 for the interaction between 14-3-3 sigma and Estrogen receptor-alpha peptide,experimental,"[""X-RAY DIFFRACTION""]",[2.25],[0.1861],[0.2263],2026-03-20T00:00:00Z,2026-09-02T00:00:00Z,2026-09-02T00:00:00Z,C 2 2 21,2,2,1,4,Covalent Stabilizers of the Interaction Between 14-3-3 sigma,10.1021/acsmedchemlett.6c00325,2026.0,True,False
1A28,HORMONE-BOUND HUMAN PROGESTERONE RECEPTOR LIGAND-BINDING DOMAIN,experimental,"[""X-RAY DIFFRACTION""]",[1.8],[0.1905],[0.227],1998-01-19T00:00:00Z,1998-07-15T00:00:00Z,2024-02-07T00:00:00Z,P 1 21 1,1,1,1,2,Atomic structure of progesterone complexed with its receptor.,10.1038/30775,1998.0,True,False
1A52,ESTROGEN RECEPTOR ALPHA LIGAND-BINDING DOMAIN COMPLEXED TO ESTRADIOL,experimental,"[""X-RAY DIFFRACTION""]",[2.8],[0.223],[0.274],1998-02-19T00:00:00Z,1998-09-16T00:00:00Z,2024-02-07T00:00:00Z,H 3 2,1,1,2,2,Crystallographic comparison of the estrogen and progesterone receptor's ligand binding domains.,10.1073/pnas.95.11.5998,1998.0,True,False
1A6Y,REVERBA ORPHAN NUCLEAR RECEPTOR/DNA COMPLEX,experimental,"[""X-RAY DIFFRACTION""]",[2.3],[0.1921],[0.288],1998-03-04T00:00:00Z,1998-10-21T00:00:00Z,2023-08-02T00:00:00Z,P 1,3,1,1,4,Structural elements of an orphan nuclear receptor-DNA complex.,10.1016/S1097-2765(00)80084-2,1998.0,True,False
1BSX,STRUCTURE AND SPECIFICITY OF NUCLEAR RECEPTOR-COACTIVATOR INTERACTIONS,experimental,"[""X-RAY DIFFRACTION""]",[3.7],[0.249],[0.299],1998-08-31T00:00:00Z,1999-08-26T00:00:00Z,2024-04-03T00:00:00Z,P 31 2 1,2,2,1,4,Structure and specificity of nuclear receptor-coactivator interactions.,,1998.0,True,False
1BY4,STRUCTURE AND MECHANISM OF THE HOMODIMERIC ASSEMBLY OF THE RXR ON DNA,experimental,"[""X-RAY DIFFRACTION""]",[2.1],[0.234],[0.284],1998-10-22T00:00:00Z,2000-01-12T00:00:00Z,2023-08-09T00:00:00Z,P 1 21 1,3,1,1,8,Structural basis of RXR-DNA interactions.,10.1006/jmbi.1999.3457,2000.0,True,False
1DB1,CRYSTAL STRUCTURE OF THE NUCLEAR RECEPTOR FOR VITAMIN D COMPLEXED TO VITAMIN D,experimental,"[""X-RAY DIFFRACTION""]",[1.8],[0.191],[0.214],1999-11-02T00:00:00Z,2000-01-31T00:00:00Z,2024-02-07T00:00:00Z,P 21 21 21,1,1,1,1,The crystal structure of the nuclear receptor for vitamin D bound to its natural ligand.,10.1016/S1097-2765(00)80413-X,2000.0,True,False
1DKF,CRYSTAL STRUCTURE OF A HETERODIMERIC COMPLEX OF RAR AND RXR LIGAND-BINDING DOMAINS,experimental,"[""X-RAY DIFFRACTION""]",[2.5],[0.203],[0.262],1999-12-07T00:00:00Z,2000-04-19T00:00:00Z,2024-02-07T00:00:00Z,P 61 2 2,2,2,2,2,Crystal structure of a heterodimeric complex of RAR and RXR ligand-binding domains.,10.1016/S1097-2765(00)80424-4,2000.0,True,False
1DSZ,STRUCTURE OF THE RXR/RAR DNA-BINDING DOMAIN HETERODIMER IN COMPLEX WITH THE RETINOIC ACID RESPONSE ELEMENT DR1,experimental,"[""X-RAY DIFFRACTION""]",[1.7],[0.198],[0.267],2000-01-10T00:00:00Z,2000-07-10T00:00:00Z,2024-02-07T00:00:00Z,P 21 21 21,4,2,1,4,Structure of the RXR-RAR DNA-binding complex on the retinoic acid response element DR1.,10.1093/emboj/19.5.1045,2000.0,True,False
1E3G,Human Androgen Receptor Ligand Binding in complex with the ligand metribolone (R1881),experimental,"[""X-RAY DIFFRACTION""]",[2.4],[0.21],[0.297],2000-06-14T00:00:00Z,2001-06-14T00:00:00Z,2024-10-23T00:00:00Z,P 21 21 21,1,1,1,1,Structural evidence for ligand specificity in the binding domain of the human androgen receptor. Implications for pathogenic gene mutations.,10.1074/jbc.M004571200,2000.0,True,False
1E3K,Human Progesteron Receptor Ligand Binding Domain in complex with the ligand metribolone (R1881),experimental,"[""X-RAY DIFFRACTION""]",[2.8],[0.217],[0.343],2000-06-19T00:00:00Z,2001-06-14T00:00:00Z,2023-12-13T00:00:00Z,P 1 21 1,1,1,1,2,Structural evidence for ligand specificity in the binding domain of the human androgen receptor. Implications for pathogenic gene mutations.,10.1074/jbc.M004571200,2000.0,True,False
1ERE,HUMAN ESTROGEN RECEPTOR LIGAND-BINDING DOMAIN IN COMPLEX WITH 17BETA-ESTRADIOL,experimental,"[""X-RAY DIFFRACTION""]",[3.1],[0.218],[0.251],1997-09-08T00:00:00Z,1998-09-16T00:00:00Z,2024-02-07T00:00:00Z,P 1 21 1,1,1,1,6,Molecular basis of agonism and antagonism in the oestrogen receptor.,10.1038/39645,1997.0,True,False
1ERR,HUMAN ESTROGEN RECEPTOR LIGAND-BINDING DOMAIN IN COMPLEX WITH RALOXIFENE,experimental,"[""X-RAY DIFFRACTION""]",[2.6],[0.219],[0.299],1997-09-08T00:00:00Z,1998-09-16T00:00:00Z,2025-03-26T00:00:00Z,C 1 2 1,1,1,1,2,Molecular basis of agonism and antagonism in the oestrogen receptor.,10.1038/39645,1997.0,True,False
1EXA,ENANTIOMER DISCRIMINATION ILLUSTRATED BY CRYSTAL STRUCTURES OF THE HUMAN RETINOIC ACID RECEPTOR HRARGAMMA LIGAND BINDING DOMAIN: THE COMPLEX WITH THE ACTIVE R-ENANTIOMER BMS270394.,experimental,"[""X-RAY DIFFRACTION""]",[1.59],[0.209],[0.25],2000-05-02T00:00:00Z,2000-06-09T00:00:00Z,2023-08-09T00:00:00Z,P 41 21 2,1,1,2,1,Enantiomer discrimination illustrated by high-resolution crystal structures of the human nuclear receptor hRARgamma.,10.1073/pnas.97.12.6322,2000.0,True,False
1EXX,ENANTIOMER DISCRIMINATION ILLUSTRATED BY CRYSTAL STRUCTURES OF THE HUMAN RETINOIC ACID RECEPTOR HRARGAMMA LIGAND BINDING DOMAIN: THE COMPLEX WITH THE INACTIVE S-ENANTIOMER BMS270395.,experimental,"[""X-RAY DIFFRACTION""]",[1.67],[0.179],[0.243],2000-05-05T00:00:00Z,2000-06-09T00:00:00Z,2024-02-07T00:00:00Z,P 41 21 2,1,1,2,1,Enantiomer discrimination illustrated by high-resolution crystal structures of the human nuclear receptor hRARgamma.,10.1073/pnas.97.12.6322,2000.0,True,False
1FBY,CRYSTAL STRUCTURE OF THE HUMAN RXR ALPHA LIGAND BINDING DOMAIN BOUND TO 9-CIS RETINOIC ACID,experimental,"[""X-RAY DIFFRACTION""]",[2.25],[0.228],[0.263],2000-07-17T00:00:00Z,2000-07-28T00:00:00Z,2024-02-07T00:00:00Z,P 21 21 21,1,1,1,2,Crystal structure of the human RXRalpha ligand-binding domain bound to its natural ligand: 9-cis retinoic acid.,10.1093/emboj/19.11.2592,2000.0,True,False
1FCX,ISOTYPE SELECTIVITY OF THE HUMAN RETINOIC ACID NUCLEAR RECEPTOR HRAR: THE COMPLEX WITH THE RARGAMMA-SELECTIVE RETINOID BMS184394,experimental,"[""X-RAY DIFFRACTION""]",[1.47],[0.1234],[0.1671],2000-07-19T00:00:00Z,2000-09-11T00:00:00Z,2023-08-09T00:00:00Z,P 41 21 2,1,1,2,1,Structural basis for isotype selectivity of the human retinoic acid nuclear receptor.,10.1006/jmbi.2000.4032,2000.0,True,False
1FCY,ISOTYPE SELECTIVITY OF THE HUMAN RETINOIC ACID NUCLEAR RECEPTOR HRAR: THE COMPLEX WITH THE RARBETA/GAMMA-SELECTIVE RETINOID CD564,experimental,"[""X-RAY DIFFRACTION""]",[1.3],[0.1329],[0.1641],2000-07-19T00:00:00Z,2000-09-11T00:00:00Z,2023-08-09T00:00:00Z,P 41 21 2,1,1,2,1,Structural basis for isotype selectivity of the human retinoic acid nuclear receptor.,10.1006/jmbi.2000.4032,2000.0,True,False
1FCZ,ISOTYPE SELECTIVITY OF THE HUMAN RETINOIC ACID NUCLEAR RECEPTOR HRAR: THE COMPLEX WITH THE PANAGONIST RETINOID BMS181156,experimental,"[""X-RAY DIFFRACTION""]",[1.38],[0.1314],[0.1738],2000-07-19T00:00:00Z,2000-09-11T00:00:00Z,2023-08-09T00:00:00Z,P 41 21 2,1,1,2,1,Structural basis for isotype selectivity of the human retinoic acid nuclear receptor.,10.1006/jmbi.2000.4032,2000.0,True,False
1FD0,ISOTYPE SELECTIVITY OF THE HUMAN RETINOIC ACID NUCLEAR RECEPTOR HRAR: THE COMPLEX WITH THE RARGAMMA-SELECTIVE RETINOID SR11254,experimental,"[""X-RAY DIFFRACTION""]",[1.38],[0.13],[0.158],2000-07-19T00:00:00Z,2002-09-27T00:00:00Z,2023-08-09T00:00:00Z,P 41 21 2,1,1,2,1,C-H...O hydrogen bonds in the nuclear receptor RARgamma--a potential tool for drug selectivity.,10.1016/S0969-2126(02)00828-6,2002.0,True,False
1FM6,THE 2.1 ANGSTROM RESOLUTION CRYSTAL STRUCTURE OF THE HETERODIMER OF THE HUMAN RXRALPHA AND PPARGAMMA LIGAND BINDING DOMAINS RESPECTIVELY BOUND WITH 9-CIS RETINOIC ACID AND ROSIGLITAZONE AND CO-ACTIVATOR PEPTIDES.,experimental,"[""X-RAY DIFFRACTION""]",[2.1],[0.25],[0.292],2000-08-16T00:00:00Z,2001-02-16T00:00:00Z,2024-02-07T00:00:00Z,P 1 21 1,3,3,2,8,Asymmetry in the PPARgamma/RXRalpha crystal structure reveals the molecular basis of heterodimerization among nuclear receptors.,10.1016/S1097-2765(00)80448-7,2000.0,True,False
1FM9,THE 2.1 ANGSTROM RESOLUTION CRYSTAL STRUCTURE OF THE HETERODIMER OF THE HUMAN RXRALPHA AND PPARGAMMA LIGAND BINDING DOMAINS RESPECTIVELY BOUND WITH 9-CIS RETINOIC ACID AND GI262570 AND CO-ACTIVATOR PEPTIDES.,experimental,"[""X-RAY DIFFRACTION""]",[2.1],[0.239],[0.268],2000-08-16T00:00:00Z,2001-02-16T00:00:00Z,2024-02-07T00:00:00Z,P 21 21 21,3,3,2,4,Asymmetry in the PPARgamma/RXRalpha crystal structure reveals the molecular basis of heterodimerization among nuclear receptors.,10.1016/S1097-2765(00)80448-7,2000.0,True,False
1G1U,THE 2.5 ANGSTROM RESOLUTION CRYSTAL STRUCTURE OF THE RXRALPHA LIGAND BINDING DOMAIN IN TETRAMER IN THE ABSENCE OF LIGAND,experimental,"[""X-RAY DIFFRACTION""]",[2.5],[0.22],[0.271],2000-10-13T00:00:00Z,2001-04-25T00:00:00Z,2024-10-16T00:00:00Z,P 1 21 1,1,1,0,4,Structural basis for autorepression of retinoid X receptor by tetramer formation and the AF-2 helix.,10.1101/gad.802300,2000.0,True,False
1G50,CRYSTAL STRUCTURE OF A WILD TYPE HER ALPHA LBD AT 2.9 ANGSTROM RESOLUTION,experimental,"[""X-RAY DIFFRACTION""]",[2.9],[0.241],[0.31],2000-10-30T00:00:00Z,2002-02-06T00:00:00Z,2023-08-09T00:00:00Z,P 32 2 1,1,1,1,3,"Overexpression, Purification, and Crystal Structure of Native ER alpha LBD",10.1006/prep.2001.1409,2001.0,True,False
1G5Y,THE 2.0 ANGSTROM RESOLUTION CRYSTAL STRUCTURE OF THE RXRALPHA LIGAND BINDING DOMAIN TETRAMER IN THE PRESENCE OF A NON-ACTIVATING RETINOIC ACID ISOMER.,experimental,"[""X-RAY DIFFRACTION""]",[2.0],[0.2314],[0.2541],2000-11-02T00:00:00Z,2001-05-02T00:00:00Z,2024-10-16T00:00:00Z,P 1 21 1,1,1,1,4,Structural basis for autorepression of retinoid X receptor by tetramer formation and the AF-2 helix.,10.1101/gad.802300,2000.0,True,False
1GA5,CRYSTAL STRUCTURE OF THE ORPHAN NUCLEAR RECEPTOR REV-ERB(ALPHA) DNA-BINDING DOMAIN BOUND TO ITS COGNATE RESPONSE ELEMENT,experimental,"[""X-RAY DIFFRACTION""]",[2.4],[0.253],[0.299],2000-11-29T00:00:00Z,2001-11-16T00:00:00Z,2023-08-09T00:00:00Z,P 1,3,1,1,8,DNA Deformability as a Recognition Feature in the RevErb Response Element,10.1021/bi011086r,2001.0,True,False
1GS4,Structural basis for the glucocorticoid response in a mutant human androgen receptor (ARccr) derived from an androgen-independent prostate cancer,experimental,"[""X-RAY DIFFRACTION""]",[1.95],[],[0.285],2001-12-27T00:00:00Z,2003-01-16T00:00:00Z,2023-12-13T00:00:00Z,P 21 21 21,1,1,2,1,Structural Basis for the Glucocorticoid Response in a Mutant Human Androgen Receptor (Ar(Ccr)) Derived from an Androgen-Independent Prostate Cancer,10.1021/JM011072J,2002.0,True,False
1GWQ,HUMAN OESTROGEN RECEPTOR ALPHA LIGAND-BINDING DOMAIN IN COMPLEX WITH RALOXIFENE CORE AND TIF2 NRBOX2 PEPTIDE,experimental,"[""X-RAY DIFFRACTION""]",[2.45],[0.206],[0.269],2002-03-22T00:00:00Z,2002-08-29T00:00:00Z,2023-12-13T00:00:00Z,P 1 21 1,2,2,1,4,Interaction of Transcriptional Intermediary Factor 2 Nuclear Receptor Box Peptides with the Coactivator Binding Site of Estrogen Receptor Alpha.,10.1074/JBC.M200764200,2002.0,True,False
1GWR,HUMAN OESTROGEN RECEPTOR ALPHA LIGAND-BINDING DOMAIN IN COMPLEX WITH 17BETA-OESTRADIOL AND TIF2 NRBOX3 PEPTIDE,experimental,"[""X-RAY DIFFRACTION""]",[2.4],[0.225],[0.288],2002-03-22T00:00:00Z,2002-08-29T00:00:00Z,2023-12-13T00:00:00Z,P 1 21 1,2,2,1,4,Interaction of Transcriptional Intermediary Factor 2 Nuclear Receptor Box Peptides with the Coactivator Binding Site of Estrogen Receptor Alpha.,10.1074/JBC.M200764200,2002.0,True,False
1GWX,MOLECULAR RECOGNITION OF FATTY ACIDS BY PEROXISOME PROLIFERATOR-ACTIVATED RECEPTORS,experimental,"[""X-RAY DIFFRACTION""]",[2.5],[0.246],[0.303],1999-03-17T00:00:00Z,2000-03-17T00:00:00Z,2023-12-27T00:00:00Z,P 1 21 1,1,1,1,2,Molecular recognition of fatty acids by peroxisome proliferator-activated receptors.,10.1016/S1097-2765(00)80467-0,1999.0,True,False
1H9U,The structure of the human retinoid-X-receptor beta ligand binding domain in complex with the specific synthetic agonist LG100268,experimental,"[""X-RAY DIFFRACTION""]",[2.7],[0.273],[0.306],2001-03-21T00:00:00Z,2002-04-03T00:00:00Z,2023-12-13T00:00:00Z,C 1 2 1,1,1,3,4,The Structural Basis for the Specificity of Retinoid-X Receptor-Selective Agonists: New Insights Into the Role of Helix H12,10.1074/JBC.M110869200,2002.0,True,False
1HCP,DNA RECOGNITION BY THE OESTROGEN RECEPTOR: FROM SOLUTION TO THE CRYSTAL,experimental,"[""SOLUTION NMR""]",[],[],[],1993-11-23T00:00:00Z,1995-11-23T00:00:00Z,2024-05-22T00:00:00Z,,1,1,1,1,DNA recognition by the oestrogen receptor: from solution to the crystal.,10.1016/0969-2126(93)90020-H,1993.0,True,False
1HCQ,THE CRYSTAL STRUCTURE OF THE ESTROGEN RECEPTOR DNA-BINDING DOMAIN BOUND TO DNA: HOW RECEPTORS DISCRIMINATE BETWEEN THEIR RESPONSE ELEMENTS,experimental,"[""X-RAY DIFFRACTION""]",[2.4],[0.204],[],1995-01-04T00:00:00Z,1995-11-23T00:00:00Z,2024-11-06T00:00:00Z,P 21 21 21,3,1,1,8,The crystal structure of the estrogen receptor DNA-binding domain bound to DNA: how receptors discriminate between their response elements.,10.1016/0092-8674(93)90390-C,1993.0,True,False
1HLZ,CRYSTAL STRUCTURE OF THE ORPHAN NUCLEAR RECEPTOR REV-ERB(ALPHA) DNA-BINDING DOMAIN BOUND TO ITS COGNATE RESPONSE ELEMENT,experimental,"[""X-RAY DIFFRACTION""]",[2.8],[0.2599],[0.3103],2000-12-04T00:00:00Z,2001-11-16T00:00:00Z,2024-11-13T00:00:00Z,P 1,3,1,1,4,DNA Deformability as a Recognition Feature in the RevErb Response Element,10.1021/bi011086r,2001.0,True,False
1HRA,THE SOLUTION STRUCTURE OF THE HUMAN RETINOIC ACID RECEPTOR-BETA DNA-BINDING DOMAIN,experimental,"[""SOLUTION NMR""]",[],[],[],1993-07-25T00:00:00Z,1994-01-31T00:00:00Z,2024-05-22T00:00:00Z,,1,1,1,1,The solution structure of the human retinoic acid receptor-beta DNA-binding domain.,10.1007/BF00242472,1993.0,True,False
1I7G,CRYSTAL STRUCTURE OF THE LIGAND BINDING DOMAIN FROM HUMAN PPAR-ALPHA IN COMPLEX WITH THE AGONIST AZ 242,experimental,"[""X-RAY DIFFRACTION""]",[2.2],[0.237],[0.271],2001-03-09T00:00:00Z,2002-03-09T00:00:00Z,2023-08-09T00:00:00Z,P 31 2 1,1,1,3,1,Structure of the PPARalpha and -gamma ligand binding domain in complex with AZ 242; ligand selectivity and agonist activation in the PPAR family.,10.1016/S0969-2126(01)00634-7,2001.0,True,False
1I7I,CRYSTAL STRUCTURE OF THE LIGAND BINDING DOMAIN OF HUMAN PPAR-GAMMA IN COMPLEX WITH THE AGONIST AZ 242,experimental,"[""X-RAY DIFFRACTION""]",[2.35],[0.238],[0.284],2001-03-09T00:00:00Z,2002-03-09T00:00:00Z,2023-08-09T00:00:00Z,C 1 2 1,1,1,1,2,Structure of the PPARalpha and -gamma ligand binding domain in complex with AZ 242; ligand selectivity and agonist activation in the PPAR family.,10.1016/S0969-2126(01)00634-7,2001.0,True,False
1IE8,Crystal Structure Of The Nuclear Receptor For Vitamin D Ligand Binding Domain Bound to KH1060,experimental,"[""X-RAY DIFFRACTION""]",[1.52],[0.212],[0.23],2001-04-09T00:00:00Z,2001-05-16T00:00:00Z,2024-02-07T00:00:00Z,P 21 21 21,1,1,1,1,Crystal structures of the vitamin D receptor complexed to superagonist 20-epi ligands.,10.1073/pnas.091018698,2001.0,True,False
1IE9,Crystal Structure Of The Nuclear Receptor For Vitamin D Ligand Binding Domain Bound to MC1288,experimental,"[""X-RAY DIFFRACTION""]",[1.4],[0.214],[0.248],2001-04-09T00:00:00Z,2001-05-16T00:00:00Z,2024-02-07T00:00:00Z,P 21 21 21,1,1,1,1,Crystal structures of the vitamin D receptor complexed to superagonist 20-epi ligands.,10.1073/pnas.091018698,2001.0,True,False
1ILG,Crystal Structure of Apo Human Pregnane X Receptor Ligand Binding Domain,experimental,"[""X-RAY DIFFRACTION""]",[2.52],[0.215],[0.279],2001-05-08T00:00:00Z,2001-06-27T00:00:00Z,2023-08-16T00:00:00Z,P 43 21 2,1,1,0,1,The human nuclear xenobiotic receptor PXR: structural determinants of directed promiscuity.,10.1126/science.1060762,2001.0,True,False
1ILH,Crystal Structure of Human Pregnane X Receptor Ligand Binding Domain Bound to SR12813,experimental,"[""X-RAY DIFFRACTION""]",[2.76],[0.222],[0.282],2001-05-08T00:00:00Z,2001-06-27T00:00:00Z,2023-08-16T00:00:00Z,P 43 21 2,1,1,1,1,The human nuclear xenobiotic receptor PXR: structural determinants of directed promiscuity.,10.1126/science.1060762,2001.0,True,False
1K74,The 2.3 Angstrom resolution crystal structure of the heterodimer of the human PPARgamma and RXRalpha ligand binding domains respectively bound with GW409544 and 9-cis retinoic acid and co-activator peptides.,experimental,"[""X-RAY DIFFRACTION""]",[2.3],[0.238],[0.279],2001-10-18T00:00:00Z,2001-12-05T00:00:00Z,2024-02-07T00:00:00Z,P 21 21 21,3,3,2,4,Structural determinants of ligand binding selectivity between the peroxisome proliferator-activated receptors.,10.1073/pnas.241410198,2001.0,True,False
1K7L,The 2.5 Angstrom resolution crystal structure of the human PPARalpha ligand binding domain bound with GW409544 and a co-activator peptide.,experimental,"[""X-RAY DIFFRACTION""]",[2.5],[0.247],[0.284],2001-10-19T00:00:00Z,2001-12-05T00:00:00Z,2024-02-07T00:00:00Z,P 21 21 21,2,2,2,8,Structural determinants of ligand binding selectivity between the peroxisome proliferator-activated receptors.,10.1073/pnas.241410198,2001.0,True,False
1KB2,Crystal Structure of VDR DNA-binding Domain Bound to Mouse Osteopontin (SPP) Response Element,experimental,"[""X-RAY DIFFRACTION""]",[2.7],[0.226],[0.289],2001-11-05T00:00:00Z,2002-05-03T00:00:00Z,2023-08-16T00:00:00Z,P 43 21 2,3,1,1,4,Structural basis of VDR-DNA interactions on direct repeat response elements.,10.1093/emboj/21.9.2242,2002.0,True,False
1KB4,Crystal Structure of VDR DNA-binding Domain Bound to a Canonical Direct Repeat with Three Base Pair Spacer (DR3) Response Element,experimental,"[""X-RAY DIFFRACTION""]",[2.8],[0.214],[0.272],2001-11-05T00:00:00Z,2002-05-03T00:00:00Z,2023-08-16T00:00:00Z,P 43 21 2,3,1,1,4,Structural basis of VDR-DNA interactions on direct repeat response elements.,10.1093/emboj/21.9.2242,2002.0,True,False
1KB6,Crystal Structure of VDR DNA-binding Domain Bound to Rat Osteocalcin (OC) Response Element,experimental,"[""X-RAY DIFFRACTION""]",[2.7],[0.223],[0.275],2001-11-05T00:00:00Z,2002-05-03T00:00:00Z,2023-08-16T00:00:00Z,P 43 21 2,3,1,1,4,Structural basis of VDR-DNA interactions on direct repeat response elements.,10.1093/emboj/21.9.2242,2002.0,True,False
1KKQ,Crystal structure of the human PPAR-alpha ligand-binding domain in complex with an antagonist GW6471 and a SMRT corepressor motif,experimental,"[""X-RAY DIFFRACTION""]",[3.0],[0.258],[0.29],2001-12-10T00:00:00Z,2002-02-20T00:00:00Z,2023-08-16T00:00:00Z,P 21 21 21,2,2,1,8,Structural basis for antagonist-mediated recruitment of nuclear co-repressors by PPARalpha.,,2002.0,True,False
1KNU,LIGAND BINDING DOMAIN OF THE HUMAN PEROXISOME PROLIFERATOR ACTIVATED RECEPTOR GAMMA IN COMPLEX WITH A SYNTHETIC AGONIST,experimental,"[""X-RAY DIFFRACTION""]",[2.5],[0.224],[0.264],2001-12-19T00:00:00Z,2002-12-19T00:00:00Z,2023-10-25T00:00:00Z,C 1 2 1,1,1,1,2,Novel tricyclic-alpha-alkyloxyphenylpropionic acids: dual PPARalpha/gamma agonists with hypolipidemic and antidiabetic activity,10.1021/jm010964g,2002.0,True,False
1KV6,X-ray structure of the orphan nuclear receptor ERR3 ligand-binding domain in the constitutively active conformation,experimental,"[""X-RAY DIFFRACTION""]",[2.7],[0.2328],[0.2674],2002-01-25T00:00:00Z,2003-01-25T00:00:00Z,2023-08-16T00:00:00Z,P 43 21 2,2,2,0,4,Structural and Functional Evidence for Ligand-Independent Transcriptional Activation by the Estrogen-Related Receptor 3,10.1016/S1097-2765(02)00444-6,2002.0,True,False
1L2I,"Human Estrogen Receptor alpha Ligand-binding Domain in Complex with (R,R)-5,11-cis-diethyl-5,6,11,12-tetrahydrochrysene-2,8-diol and a Glucocorticoid Receptor Interacting Protein 1 NR box II Peptide",experimental,"[""X-RAY DIFFRACTION""]",[1.95],[0.203],[0.243],2002-02-21T00:00:00Z,2002-05-01T00:00:00Z,2023-08-16T00:00:00Z,P 1 21 1,2,2,2,4,Structural characterization of a subtype-selective ligand reveals a novel mode of estrogen receptor antagonism.,,2002.0,True,False
1L2J,"Human Estrogen Receptor beta Ligand-binding Domain in Complex with (R,R)-5,11-cis-diethyl-5,6,11,12-tetrahydrochrysene-2,8-diol",experimental,"[""X-RAY DIFFRACTION""]",[2.95],[0.259],[0.299],2002-02-21T00:00:00Z,2002-05-01T00:00:00Z,2023-08-16T00:00:00Z,H 3,1,1,1,2,Structural characterization of a subtype-selective ligand reveals a novel mode of estrogen receptor antagonism.,,2002.0,True,False
1LO1,ESTROGEN RELATED RECEPTOR 2 DNA BINDING DOMAIN IN COMPLEX WITH DNA,experimental,"[""SOLUTION NMR""]",[],[],[],2002-05-05T00:00:00Z,2003-04-22T00:00:00Z,2024-05-22T00:00:00Z,,3,1,1,3,Monomeric Complex of Human Orphan Estrogen Related Receptor-2 with DNA: A Pseudo-dimer Interface Mediates Extended Half-site Recognition,10.1016/S0022-2836(03)00183-9,2003.0,True,False
1LV2,Hepatocyte Nuclear Factor 4 is a Transcription Factor that Constitutively Binds Fatty Acids,experimental,"[""X-RAY DIFFRACTION""]",[2.7],[0.245],[0.264],2002-05-24T00:00:00Z,2002-12-18T00:00:00Z,2024-04-03T00:00:00Z,I 41 2 2,1,1,1,1,"Hepatocyte Nuclear Factor 4 Is a Transcription Factor 
that Constitutively Binds Fatty Acids.",10.1016/S0969-2126(02)00829-8,2002.0,True,False
1M13,"Crystal Structure of the Human Pregane X Receptor Ligand Binding Domain in Complex with Hyperforin, a Constituent of St. John's Wort",experimental,"[""X-RAY DIFFRACTION""]",[2.15],[0.212],[0.246],2002-06-17T00:00:00Z,2003-03-04T00:00:00Z,2024-02-14T00:00:00Z,P 43 21 2,1,1,1,1,2.1 A Crystal Structure of Human PXR in Complex with the St. John's Wort Compound Hyperforin,10.1021/bi0268753,2003.0,True,False
1M2Z,Crystal structure of a dimer complex of the human glucocorticoid receptor ligand-binding domain bound to dexamethasone and a TIF2 coactivator motif,experimental,"[""X-RAY DIFFRACTION""]",[2.5],[0.237],[0.267],2002-06-26T00:00:00Z,2003-07-15T00:00:00Z,2024-04-03T00:00:00Z,P 61,2,2,2,4,Crystal Structure of the Glucocorticoid Receptor Ligand Binding Domain Reveals a Novel Mode of Receptor Dimerization and Coactivator Recognition,10.1016/S0092-8674(02)00817-6,2002.0,True,False
1MV9,Crystal Structure of the human RXR alpha ligand binding domain bound to the eicosanoid DHA (Docosa Hexaenoic Acid) and a coactivator peptide,experimental,"[""X-RAY DIFFRACTION""]",[1.9],[0.201],[0.249],2002-09-24T00:00:00Z,2002-10-16T00:00:00Z,2023-10-25T00:00:00Z,P 43 21 2,2,2,1,2,Molecular Recognition of Agonist Ligands by RXRs,10.1210/me.16.5.987,2002.0,True,False
1MVC,Crystal structure of the human RXR alpha ligand binding domain bound to the synthetic agonist compound BMS 649 and a coactivator peptide,experimental,"[""X-RAY DIFFRACTION""]",[1.9],[0.201],[0.228],2002-09-24T00:00:00Z,2002-10-16T00:00:00Z,2023-10-25T00:00:00Z,P 43 21 2,2,2,1,2,Molecular Recognition of Agonist Ligands by RXRs,10.1210/me.16.5.987,2002.0,True,False
1MZN,CRYSTAL STRUCTURE at 1.9 ANGSTROEMS RESOLUTION OF THE HOMODIMER OF HUMAN RXR ALPHA LIGAND BINDING DOMAIN BOUND TO THE SYNTHETIC AGONIST COMPOUND BMS 649 AND A COACTIVATOR PEPTIDE,experimental,"[""X-RAY DIFFRACTION""]",[1.9],[0.195],[0.232],2002-10-09T00:00:00Z,2002-10-23T00:00:00Z,2023-10-25T00:00:00Z,P 1,2,2,1,8,Molecular Recognition of Agonist Ligands by RXRs,10.1210/me.16.5.987,2002.0,True,False
1N46,CRYSTAL STRUCTURE OF HUMAN TR BETA LIGAND-BINDING DOMAIN COMPLEXED WITH A POTENT SUBTYPE-SELECTIVE THYROMIMETIC,experimental,"[""X-RAY DIFFRACTION""]",[2.2],[0.19195],[0.25621],2002-10-30T00:00:00Z,2003-04-22T00:00:00Z,2024-02-14T00:00:00Z,P 1 21 1,1,1,1,2,"Discovery of a Novel Series of 6-Azauracil-Based Thyroid Hormone Receptor Ligands:
Potent, TRbeta Subtype-Selective Thyromimetics",10.1016/S0960-894X(02)00947-2,2003.0,True,False
1N83,Crystal Structure of the complex between the Orphan Nuclear Hormone Receptor ROR(alpha)-LBD and Cholesterol,experimental,"[""X-RAY DIFFRACTION""]",[1.63],[0.20067],[0.22277],2002-11-19T00:00:00Z,2002-12-11T00:00:00Z,2024-02-14T00:00:00Z,P 1 21 1,1,1,1,1,X-ray Structure of hROR(alpha) LBD at 1.63A: Structural and Functional data that Cholesterol or a Cholesterol derivative is the natural ligand of ROR(alpha),10.1016/S0969-2126(02)00912-7,2002.0,True,False
1NAV,Thyroid Receptor Alpha in complex with an agonist selective for Thyroid Receptor Beta1,experimental,"[""X-RAY DIFFRACTION""]",[2.5],[0.246],[0.279],2002-11-29T00:00:00Z,2003-06-17T00:00:00Z,2024-02-14T00:00:00Z,P 65 2 2,1,1,2,1,Thyroid receptor ligands. 1. Agonist ligands selective for the thyroid receptor beta1.,10.1021/jm021080f,2003.0,True,False
1NAX,Thyroid receptor beta1 in complex with a beta-selective ligand,experimental,"[""X-RAY DIFFRACTION""]",[2.7],[0.196],[0.237],2002-11-29T00:00:00Z,2003-06-17T00:00:00Z,2024-02-14T00:00:00Z,C 2 2 21,1,1,1,1,Thyroid receptor ligands. 1. Agonist ligands selective for the thyroid receptor beta1.,10.1021/jm021080f,2003.0,True,False
1NDE,Estrogen Receptor beta with Selective Triazine Modulator,experimental,"[""X-RAY DIFFRACTION""]",[3.0],[0.24],[0.273],2002-12-09T00:00:00Z,2002-12-18T00:00:00Z,2023-08-16T00:00:00Z,P 61 2 2,1,1,1,1,A New Series of Estrogen Receptor Modulators That Display Selectivity for Estrogen Receptor beta,10.1021/jm020291h,2002.0,True,False
1NHZ,Crystal Structure of the Antagonist Form of Glucocorticoid Receptor,experimental,"[""X-RAY DIFFRACTION""]",[2.3],[0.2044],[0.27585],2002-12-20T00:00:00Z,2003-05-06T00:00:00Z,2024-02-14T00:00:00Z,P 21 21 2,1,1,2,1,"The Three-dimensional Structures of Antagonistic and Agonistic Forms of the Glucocorticoid Receptor Ligand-binding Domain: 
                    RU-486 INDUCES A TRANSCONFORMATION THAT LEADS TO ACTIVE ANTAGONISM.",10.1074/jbc.M212711200,2003.0,True,False
1NQ0,TR Receptor Mutations Conferring Hormone Resistance and Reduced Corepressor Release Exhibit Decreased Stability in the Nterminal LBD,experimental,"[""X-RAY DIFFRACTION""]",[2.4],[0.2181],[0.2579],2003-01-20T00:00:00Z,2003-04-15T00:00:00Z,2024-04-03T00:00:00Z,P 31 2 1,1,1,2,1,Thyroid hormone receptor-beta mutations conferring hormone resistance and reduced corepressor release exhibit decreased stability in the N-terminal ligand-binding domain,10.1210/me.2002-0097,2003.0,True,False
1NQ1,TR Receptor Mutations Conferring Hormone Resistance and Reduced Corepressor Release Exhibit Decreased Stability in the Nterminal LBD,experimental,"[""X-RAY DIFFRACTION""]",[2.9],[0.239],[0.287],2003-01-20T00:00:00Z,2003-04-15T00:00:00Z,2024-04-03T00:00:00Z,P 31 2 1,1,1,2,1,Thyroid hormone receptor-beta mutations conferring hormone resistance and reduced corepressor release exhibit decreased stability in the N-terminal ligand-binding domain,10.1210/me.2002-0097,2003.0,True,False
1NQ2,Two RTH Mutants with Impaired Hormone Binding,experimental,"[""X-RAY DIFFRACTION""]",[2.4],[0.2266],[0.2642],2003-01-21T00:00:00Z,2003-04-15T00:00:00Z,2024-04-03T00:00:00Z,P 31 2 1,1,1,3,1,Two resistance to thyroid hormone mutants with impaired hormone binding,10.1210/me.2002-0095,2003.0,True,False
1NRL,Crystal Structure of the human PXR-LBD in complex with an SRC-1 coactivator peptide and SR12813,experimental,"[""X-RAY DIFFRACTION""]",[2.0],[0.216],[0.24],2003-01-25T00:00:00Z,2003-08-19T00:00:00Z,2024-02-14T00:00:00Z,P 21 21 21,2,2,1,4,Coactivator binding promotes the specific interaction between ligand and the pregnane X receptor,10.1016/S0022-2836(03)00795-2,2003.0,True,False
1NUO,Two RTH Mutants with Impaired Hormone Binding,experimental,"[""X-RAY DIFFRACTION""]",[3.1],[0.252],[0.302],2003-01-31T00:00:00Z,2003-04-15T00:00:00Z,2024-04-03T00:00:00Z,P 31 2 1,1,1,1,1,Two resistance to thyroid hormone mutants with impaired hormone binding,10.1210/me.2002-0095,2003.0,True,False
1NYX,Ligand binding domain of the human peroxisome proliferator activated receptor gamma in complex with an agonist,experimental,"[""X-RAY DIFFRACTION""]",[2.65],[0.237],[0.306],2003-02-14T00:00:00Z,2003-07-15T00:00:00Z,2024-03-13T00:00:00Z,C 1 2 1,1,1,1,2,Synthesis and biological and structural characterization of the dual-acting peroxisome proliferator-activated receptor alpha/gamma agonist ragaglitazar,10.1021/jm021027r,2003.0,True,False
1OSH,"A Chemical, Genetic, and Structural Analysis of the nuclear bile acid receptor FXR",experimental,"[""X-RAY DIFFRACTION""]",[1.8],[0.215],[0.234],2003-03-19T00:00:00Z,2003-09-23T00:00:00Z,2024-02-14T00:00:00Z,P 21 21 21,1,1,1,1,"A chemical, genetic, and structural analysis of the nuclear bile acid receptor FXR",10.1016/S1097-2765(03)00104-7,2003.0,True,False
1OVL,Crystal Structure of Nurr1 LBD,experimental,"[""X-RAY DIFFRACTION""]",[2.2],[0.217],[0.259],2003-03-26T00:00:00Z,2003-06-03T00:00:00Z,2024-10-16T00:00:00Z,P 31,2,2,3,6,Structure and Function of Nurr1 identifies a Class of Ligand-Independent Nuclear Receptors,10.1038/nature01645,2003.0,True,False
1P8D,"X-Ray Crystal Structure of LXR Ligand Binding Domain with 24(S),25-epoxycholesterol",experimental,"[""X-RAY DIFFRACTION""]",[2.8],[0.214],[0.277],2003-05-06T00:00:00Z,2003-07-08T00:00:00Z,2024-04-03T00:00:00Z,C 2 2 21,2,2,1,4,"X-ray crystal structure of the liver X receptor beta ligand binding domain: regulation by
a histidine-tryptophan switch.",10.1074/jbc.M302260200,2003.0,True,False
1P93,CRYSTAL STRUCTURE OF THE AGONIST FORM OF GLUCOCORTICOID RECEPTOR,experimental,"[""X-RAY DIFFRACTION""]",[2.7],[0.345],[0.363],2003-05-09T00:00:00Z,2003-07-08T00:00:00Z,2023-08-16T00:00:00Z,P 31,2,2,1,8,"The Three-dimensional Structures of Antagonistic and Agonistic Forms of the Glucocorticoid Receptor Ligand-binding Domain: 
                    RU-486 INDUCES A TRANSCONFORMATION THAT LEADS TO ACTIVE ANTAGONISM.",10.1074/jbc.M212711200,2003.0,True,False
1PCG,Helix-stabilized cyclic peptides as selective inhibitors of steroid receptor-coactivator interactions,experimental,"[""X-RAY DIFFRACTION""]",[2.7],[0.219],[0.254],2003-05-16T00:00:00Z,2003-10-28T00:00:00Z,2024-11-13T00:00:00Z,C 2 2 21,2,2,1,4,Helix-stabilized cyclic peptides as selective inhibitors of steroid receptor-coactivator interactions,10.1073/pnas.1934759100,2003.0,True,False
1PQ6,HUMAN LXR BETA HORMONE RECEPTOR / GW3965 COMPLEX,experimental,"[""X-RAY DIFFRACTION""]",[2.4],[0.20655],[0.26237],2003-06-18T00:00:00Z,2003-09-09T00:00:00Z,2024-04-03T00:00:00Z,P 21 21 21,1,1,2,4,The three-dimensional structure of the liver X receptor beta reveals a flexible ligand-binding pocket that can accommodate fundamentally different ligands.,10.1074/jbc.M304842200,2003.0,True,False
1PQ9,HUMAN LXR BETA HORMONE RECEPTOR COMPLEXED WITH T0901317 COMPLEX,experimental,"[""X-RAY DIFFRACTION""]",[2.1],[0.21424],[0.25441],2003-06-18T00:00:00Z,2003-09-09T00:00:00Z,2024-04-03T00:00:00Z,P 21 21 21,1,1,2,4,The three-dimensional structure of the liver X receptor beta reveals a flexible ligand-binding pocket that can accommodate fundamentally different ligands.,10.1074/jbc.M304842200,2003.0,True,False
1PQC,HUMAN LXR BETA HORMONE RECEPTOR COMPLEXED WITH T0901317,experimental,"[""X-RAY DIFFRACTION""]",[2.8],[0.19526],[0.2617],2003-06-18T00:00:00Z,2003-09-09T00:00:00Z,2024-04-03T00:00:00Z,P 21 21 21,1,1,1,4,The three-dimensional structure of the liver X receptor beta reveals a flexible ligand-binding pocket that can accommodate fundamentally different ligands.,10.1074/jbc.M304842200,2003.0,True,False
1PRG,LIGAND BINDING DOMAIN OF THE HUMAN PEROXISOME PROLIFERATOR ACTIVATED RECEPTOR GAMMA,experimental,"[""X-RAY DIFFRACTION""]",[2.2],[0.246],[0.318],1998-07-02T00:00:00Z,2001-01-13T00:00:00Z,2023-12-27T00:00:00Z,C 1 2 1,1,1,0,2,Ligand binding and co-activator assembly of the peroxisome proliferator-activated receptor-gamma.,10.1038/25931,1998.0,True,False
1PZL,Crystal structure of HNF4a LBD in complex with the ligand and the coactivator SRC-1 peptide,experimental,"[""X-RAY DIFFRACTION""]",[2.1],[0.226],[0.267],2003-07-11T00:00:00Z,2004-06-01T00:00:00Z,2024-02-14T00:00:00Z,P 41 21 2,2,2,1,2,Structural Basis for HNF-4alpha Activation by Ligand and Coactivator Binding,10.1074/jbc.M400864200,2004.0,True,False
1Q4X,Crystal Structure of Human Thyroid Hormone Receptor beta LBD in complex with specific agonist GC-24,experimental,"[""X-RAY DIFFRACTION""]",[2.8],[0.216],[0.264],2003-08-04T00:00:00Z,2004-02-03T00:00:00Z,2024-04-03T00:00:00Z,P 65 2 2,1,1,1,1,Ligand selectivity by seeking hydrophobicity in thyroid hormone receptor.,10.1073/pnas.2136689100,2003.0,True,False
1QKM,HUMAN OESTROGEN RECEPTOR BETA LIGAND-BINDING DOMAIN IN COMPLEX WITH PARTIAL AGONIST GENISTEIN,experimental,"[""X-RAY DIFFRACTION""]",[1.8],[0.215],[0.252],1999-07-27T00:00:00Z,2000-07-28T00:00:00Z,2023-12-13T00:00:00Z,P 61 2 2,1,1,1,1,Structure of the Ligand-Binding Domain of Oestrogen Receptor Beta in the Presence of a Partial Agonist and a Full Antagonist,10.1093/EMBOJ/18.17.4608,1999.0,True,False
1QKT,MUTANT ESTROGEN NUCLEAR RECEPTOR LIGAND BINDING DOMAIN COMPLEXED WITH ESTRADIOL,experimental,"[""X-RAY DIFFRACTION""]",[2.2],[0.223],[0.273],1999-08-05T00:00:00Z,2000-08-18T00:00:00Z,2024-06-19T00:00:00Z,P 65 2 2,1,1,1,1,Crystal Structure of a Mutant Heralpha Ligand- Binding Domain Reveals Key Structural Features for the Mechanism of Partial Agonism,10.1074/JBC.M009870200,2001.0,True,False
1QKU,WILD TYPE ESTROGEN NUCLEAR RECEPTOR LIGAND BINDING DOMAIN COMPLEXED WITH ESTRADIOL,experimental,"[""X-RAY DIFFRACTION""]",[3.2],[0.216],[0.275],1999-08-05T00:00:00Z,2000-08-18T00:00:00Z,2024-05-08T00:00:00Z,P 32 2 1,1,1,1,3,Crystal structure of a mutant hERalpha ligand-binding domain reveals key structural features for the mechanism of partial agonism.,10.1074/jbc.M009870200,2001.0,True,False
1R0N,Crystal Structure of Heterodimeric Ecdsyone receptor DNA binding complex,experimental,"[""X-RAY DIFFRACTION""]",[2.6],[0.233],[0.292],2003-09-22T00:00:00Z,2003-10-21T00:00:00Z,2024-02-14T00:00:00Z,P 21 21 21,4,2,1,4,Structure of the heterodimeric Ecdysone Receptor DNA-binding complex,10.1093/emboj/cdg569,2003.0,True,False
1R5K,Human Estrogen Receptor alpha Ligand-Binding Domain In Complex With GW5638,experimental,"[""X-RAY DIFFRACTION""]",[2.7],[0.20477],[0.23561],2003-10-10T00:00:00Z,2004-11-23T00:00:00Z,2023-08-23T00:00:00Z,P 61 2 2,1,1,1,3,Structural basis for an unexpected mode of SERM-mediated ER antagonism.,10.1016/j.molcel.2005.04.014,2005.0,True,False
1R6G,Crystal structure of the thyroid hormone receptor beta ligand binding domain in complex with a beta selective compound,experimental,"[""X-RAY DIFFRACTION""]",[3.0],[0.26081],[0.34677],2003-10-15T00:00:00Z,2005-02-15T00:00:00Z,2024-02-14T00:00:00Z,P 31 2 1,1,1,1,1,Thyroid receptor ligands. Part 2: Thyromimetics with improved selectivity for the thyroid hormone receptor beta.,10.1016/j.bmcl.2004.04.032,2004.0,True,False
1RDT,Crystal Structure of a new rexinoid bound to the RXRalpha ligand binding doamin in the RXRalpha/PPARgamma heterodimer,experimental,"[""X-RAY DIFFRACTION""]",[2.4],[0.221],[0.259],2003-11-06T00:00:00Z,2004-11-09T00:00:00Z,2023-08-23T00:00:00Z,P 21 21 21,4,4,2,4,Structure-based design of potent retinoid X receptor alpha agonists.,10.1021/jm030565g,2004.0,True,False
1RXR,"HIGH RESOLUTION SOLUTION STRUCTURE OF THE RETINOID X RECEPTOR DNA BINDING DOMAIN, NMR, 20 STRUCTURE",experimental,"[""SOLUTION NMR""]",[],[],[],1998-06-12T00:00:00Z,1998-11-11T00:00:00Z,2024-05-01T00:00:00Z,,1,1,1,1,High-resolution solution structure of the retinoid X receptor DNA-binding domain.,10.1006/jmbi.1998.1908,1998.0,True,False
1S0X,Crystal structure of the human RORalpha ligand binding domain in complex with cholesterol sulfate at 2.2A,experimental,"[""X-RAY DIFFRACTION""]",[2.2],[0.19672],[0.20874],2004-01-05T00:00:00Z,2004-02-10T00:00:00Z,2023-09-20T00:00:00Z,P 1 21 1,1,1,1,1,Crystal structure of the human RORalpha Ligand binding domain in complex with cholesterol sulfate at 2.2 A,10.1074/jbc.M400302200,2004.0,True,False
1S0Z,Crystal structure of the VDR LBD complexed to seocalcitol.,experimental,"[""X-RAY DIFFRACTION""]",[2.5],[0.17],[0.204],2004-01-05T00:00:00Z,2004-04-13T00:00:00Z,2024-02-14T00:00:00Z,P 21 21 21,1,1,1,1,"Crystal structures of the vitamin D nuclear receptor liganded with the vitamin D side chain analogues calcipotriol and seocalcitol, receptor agonists of clinical importance. Insights into a structural basis for the switching of calcipotriol to a receptor antagonist by further side chain modification.",10.1021/jm0310582,2004.0,True,False
1S19,Crystal structure of VDR ligand binding domain complexed to calcipotriol.,experimental,"[""X-RAY DIFFRACTION""]",[2.1],[0.179],[0.214],2004-01-06T00:00:00Z,2004-04-13T00:00:00Z,2024-02-14T00:00:00Z,P 21 21 21,1,1,1,1,"Crystal structures of the vitamin D nuclear receptor liganded with the vitamin D side chain analogues calcipotriol and seocalcitol, receptor agonists of clinical importance. Insights into a structural basis for the switching of calcipotriol to a receptor antagonist by further side chain modification.",10.1021/jm0310582,2004.0,True,False
1SJ0,Human Estrogen Receptor Alpha Ligand-binding Domain in Complex with the Antagonist Ligand 4-D,experimental,"[""X-RAY DIFFRACTION""]",[1.9],[0.218],[0.272],2004-03-02T00:00:00Z,2004-04-27T00:00:00Z,2024-02-14T00:00:00Z,P 65 2 2,1,1,1,1,"Estrogen Receptor Ligands. II. Discovery of Benzoxathiins as Potent, Selective Estrogen Receptor alpha Modulators.",10.1021/jm034243o,2004.0,True,False
1SKX,Structural Disorder in the Complex of Human PXR and the Macrolide Antibiotic Rifampicin,experimental,"[""X-RAY DIFFRACTION""]",[2.8],[0.218],[0.266],2004-03-05T00:00:00Z,2005-03-08T00:00:00Z,2023-08-23T00:00:00Z,P 43 21 2,1,1,1,1,Structural disorder in the complex of human pregnane x receptor and the macrolide antibiotic rifampicin,10.1210/me.2004-0346,2005.0,True,False
1SQN,Progesterone Receptor Ligand Binding Domain with bound Norethindrone,experimental,"[""X-RAY DIFFRACTION""]",[1.451],[0.18637],[0.21586],2004-03-19T00:00:00Z,2004-07-27T00:00:00Z,2026-09-09T00:00:00Z,P 1 21 1,1,1,1,2,Progesterone receptor ligand binding pocket flexibility: crystal structures of the norethindrone and mometasone furoate complexes,10.1021/jm030640n,2004.0,True,False
1SR7,Progesterone Receptor Hormone Binding Domain with Bound Mometasone Furoate,experimental,"[""X-RAY DIFFRACTION""]",[1.46],[0.17359],[0.21061],2004-03-22T00:00:00Z,2004-06-22T00:00:00Z,2023-08-23T00:00:00Z,P 1 21 1,1,1,3,2,Progesterone receptor ligand binding pocket flexibility: crystal structures of the norethindrone and mometasone furoate complexes,10.1021/jm030640n,2004.0,True,False
1T5Z,Crystal Structure of the Androgen Receptor Ligand Binding Domain (LBD) with DHT and a peptide derived from its physiological coactivator ARA70,experimental,"[""X-RAY DIFFRACTION""]",[2.3],[0.228],[0.26],2004-05-05T00:00:00Z,2005-01-25T00:00:00Z,2024-02-14T00:00:00Z,P 21 21 21,2,2,1,2,The Molecular Mechanisms of Coactivator Utilization in Ligand-dependent Transactivation by the Androgen Receptor.,10.1074/jbc.M407046200,2005.0,True,False
1T63,Crystal Structure of the Androgen Receptor Ligand Binding Domain with DHT and a peptide derived from its physiological coactivator GRIP1 NR box3,experimental,"[""X-RAY DIFFRACTION""]",[2.07],[0.2],[0.23],2004-05-05T00:00:00Z,2005-01-25T00:00:00Z,2024-02-14T00:00:00Z,P 21 21 21,2,2,1,2,The Molecular Mechanisms of Coactivator Utilization in Ligand-dependent Transactivation by the Androgen Receptor.,10.1074/jbc.M407046200,2005.0,True,False
1T65,Crystal structure of the androgen receptor ligand binding domain with DHT and a peptide derived form its physiological coactivator GRIP1 NR box 2 bound in a non-helical conformation,experimental,"[""X-RAY DIFFRACTION""]",[1.66],[0.23],[0.27],2004-05-05T00:00:00Z,2005-01-25T00:00:00Z,2024-02-14T00:00:00Z,P 21 21 21,2,2,1,2,The Molecular Mechanisms of Coactivator Utilization in Ligand-dependent Transactivation by the Androgen Receptor.,10.1074/jbc.M407046200,2005.0,True,False
1TFC,CRYSTAL STRUCTURE OF THE LIGAND-BINDING DOMAIN OF THE ESTROGEN-RELATED RECEPTOR GAMMA IN COMPLEX WITH A STEROID RECEPTOR COACTIVATOR-1 PEPTIDE,experimental,"[""X-RAY DIFFRACTION""]",[2.4],[0.243],[0.258],2004-05-27T00:00:00Z,2004-07-27T00:00:00Z,2023-08-23T00:00:00Z,P 43 21 2,2,2,0,4,Structural Basis for the Deactivation of the Estrogen-related Receptor {gamma} by Diethylstilbestrol or 4-Hydroxytamoxifen and Determinants of Selectivity.,10.1074/jbc.M402195200,2004.0,True,False
1TXI,Crystal structure of the vdr ligand binding domain complexed to TX522,experimental,"[""X-RAY DIFFRACTION""]",[1.9],[0.191],[0.218],2004-07-05T00:00:00Z,2005-05-10T00:00:00Z,2024-03-13T00:00:00Z,P 21 21 21,1,1,1,1,"Superagonistic Action of 14-epi-Analogs of 1,25-Dihydroxyvitamin D Explained by Vitamin D Receptor-Coactivator Interaction",10.1124/mol.104.008730,2005.0,True,False
1U3Q,Crystal Structure of Estrogen Receptor beta complexed with CL-272,experimental,"[""X-RAY DIFFRACTION""]",[2.4],[0.227],[0.279],2004-07-22T00:00:00Z,2005-07-26T00:00:00Z,2024-02-14T00:00:00Z,P 1 21 1,1,1,1,4,Design and synthesis of aryl diphenolic azoles as potent and selective estrogen receptor-beta ligands.,10.1021/jm049719y,2004.0,True,False
1U3R,Crystal Structure of Estrogen Receptor beta complexed with WAY-338,experimental,"[""X-RAY DIFFRACTION""]",[2.21],[0.218],[0.267],2004-07-22T00:00:00Z,2005-07-26T00:00:00Z,2024-02-14T00:00:00Z,P 21 21 21,2,2,1,4,Design and synthesis of aryl diphenolic azoles as potent and selective estrogen receptor-beta ligands.,10.1021/jm049719y,2004.0,True,False
1U3S,Crystal Structure of Estrogen Receptor beta complexed with WAY-797,experimental,"[""X-RAY DIFFRACTION""]",[2.5],[0.21],[0.25],2004-07-22T00:00:00Z,2005-07-26T00:00:00Z,2024-02-14T00:00:00Z,P 21 21 21,2,2,1,4,Design and synthesis of aryl diphenolic azoles as potent and selective estrogen receptor-beta ligands.,10.1021/jm049719y,2004.0,True,False
1U9E,CRYSTAL STRUCTURE OF ESTROGEN RECEPTOR BETA COMPLEXED WITH WAY-397,experimental,"[""X-RAY DIFFRACTION""]",[2.4],[0.231],[0.279],2004-08-09T00:00:00Z,2005-03-01T00:00:00Z,2024-04-03T00:00:00Z,P 21 21 21,2,2,1,4,Structure-Based Design Of Estrogen Receptor-beta Selective Ligands,10.1021/ja047633o,2004.0,True,False
1UHL,Crystal structure of the LXRalfa-RXRbeta LBD heterodimer,experimental,"[""X-RAY DIFFRACTION""]",[2.9],[0.21872],[0.32649],2003-07-03T00:00:00Z,2004-06-01T00:00:00Z,2023-10-25T00:00:00Z,P 21 21 21,3,3,2,4,Crystal structure of the heterodimeric complex of LXRalpha and RXRbeta ligand-binding domains in a fully agonistic conformation,10.1093/emboj/cdg456,2003.0,True,False
1UOM,The Structure of Estrogen Receptor in Complex with a Selective and Potent Tetrahydroisochiolin Ligand.,experimental,"[""X-RAY DIFFRACTION""]",[2.28],[0.235],[0.287],2003-04-11T00:00:00Z,2003-07-03T00:00:00Z,2023-12-13T00:00:00Z,P 65 2 2,1,1,1,1,Estrogen Receptor Modulators: Identification and Structure-Activity Relationships of Potent Eralpha-Selective Tetrahydroisoquinoline Ligands,10.1021/JM030086H,2003.0,True,False
1UPV,Crystal structure of the human Liver X receptor beta ligand binding domain in complex with a synthetic agonist,experimental,"[""X-RAY DIFFRACTION""]",[2.1],[0.215],[0.274],2003-10-13T00:00:00Z,2004-10-20T00:00:00Z,2023-12-13T00:00:00Z,C 1 2 1,1,1,1,1,Crystal Structure of the Human Liver X Receptor Beta Ligand-Binding Domain in Complex with a Synthetic Agonist,10.1016/J.JMB.2003.10.033,2003.0,True,False
1UPW,Crystal structure of the human Liver X receptor beta ligand binding domain in complex with a synthetic agonist,experimental,"[""X-RAY DIFFRACTION""]",[2.4],[0.25],[0.295],2003-10-13T00:00:00Z,2004-10-20T00:00:00Z,2023-12-13T00:00:00Z,P 21 21 2,1,1,1,1,Crystal Structure of the Human Liver X Receptor Beta Ligand-Binding Domain in Complex with a Synthetic Agonist,10.1016/J.JMB.2003.10.033,2003.0,True,False
1VJB,crystal structure of the ligand-binding domain of the estrogen-related receptor gamma in complex with 4-hydroxytamoxifen,experimental,"[""X-RAY DIFFRACTION""]",[3.2],[0.256],[0.275],2004-02-03T00:00:00Z,2004-06-08T00:00:00Z,2023-08-23T00:00:00Z,P 32 2 1,1,1,1,2,Structural Basis for the Deactivation of the Estrogen-related Receptor {gamma} by Diethylstilbestrol or 4-Hydroxytamoxifen and Determinants of Selectivity.,10.1074/jbc.M402195200,2004.0,True,False
1WM0,PPARgamma in complex with a 2-BABA compound,experimental,"[""X-RAY DIFFRACTION""]",[2.9],[0.19088],[0.29541],2004-07-01T00:00:00Z,2004-09-07T00:00:00Z,2024-03-13T00:00:00Z,P 21 21 21,2,2,1,2,A new class of peroxisome proliferator-activated receptor agonists with a novel binding epitope shows antidiabetic effects,10.1074/jbc.M401552200,2004.0,True,False
1X76,CRYSTAL STRUCTURE OF ESTROGEN RECEPTOR BETA COMPLEXED WITH WAY-697,experimental,"[""X-RAY DIFFRACTION""]",[2.2],[0.224],[0.265],2004-08-13T00:00:00Z,2005-03-01T00:00:00Z,2024-04-03T00:00:00Z,P 21 21 21,2,2,1,4,Structure-Based Design of Estrogen Receptor-Beta Selective Ligands,10.1021/ja047633o,2004.0,True,False
1X78,CRYSTAL STRUCTURE OF ESTROGEN RECEPTOR BETA COMPLEXED WITH WAY-244,experimental,"[""X-RAY DIFFRACTION""]",[2.3],[0.219],[0.27],2004-08-13T00:00:00Z,2005-03-01T00:00:00Z,2024-04-03T00:00:00Z,P 21 21 21,2,2,1,4,Structure-Based Design of Estrogen Receptor-Beta Selective Ligands,10.1021/ja047633o,2004.0,True,False
1X7B,CRYSTAL STRUCTURE OF ESTROGEN RECEPTOR BETA COMPLEXED WITH ERB-041,experimental,"[""X-RAY DIFFRACTION""]",[2.3],[0.218],[0.266],2004-08-13T00:00:00Z,2005-03-01T00:00:00Z,2024-04-03T00:00:00Z,P 21 21 21,2,2,1,4,Structure-Based Design of Estrogen Receptor-Beta Selective Ligands,10.1021/ja047633o,2004.0,True,False
1X7E,CRYSTAL STRUCTURE OF ESTROGEN RECEPTOR ALPHA COMPLEXED WITH WAY-244,experimental,"[""X-RAY DIFFRACTION""]",[2.8],[0.219],[0.286],2004-08-13T00:00:00Z,2005-03-01T00:00:00Z,2024-04-03T00:00:00Z,P 1 21 1,2,2,1,4,Structure-Based Design of Estrogen Receptor-Beta Selective Ligands,10.1021/ja047633o,2004.0,True,False
1X7J,CRYSTAL STRUCTURE OF ESTROGEN RECEPTOR BETA COMPLEXED WITH GENISTEIN,experimental,"[""X-RAY DIFFRACTION""]",[2.3],[0.232],[0.282],2004-08-14T00:00:00Z,2005-03-01T00:00:00Z,2024-04-03T00:00:00Z,P 21 21 21,2,2,1,4,Understanding the Selectivity of Genistein for Human Estrogen Receptor-Beta Using X-Ray Crystallography and Computational Methods,10.1016/j.str.2004.09.015,2004.0,True,False
1X7R,CRYSTAL STRUCTURE OF ESTROGEN RECEPTOR ALPHA COMPLEXED WITH GENISTEIN,experimental,"[""X-RAY DIFFRACTION""]",[2.0],[0.224],[0.269],2004-08-16T00:00:00Z,2005-03-01T00:00:00Z,2024-04-03T00:00:00Z,P 21 21 2,2,2,1,2,Understanding the Selectivity of Genistein for Human Estrogen Receptor-Beta Using X-Ray Crystallography and Computational Methods,10.1016/j.str.2004.09.015,2004.0,True,False
1XAP,Structure of the ligand binding domain of the Retinoic Acid Receptor beta,experimental,"[""X-RAY DIFFRACTION""]",[2.1],[0.213],[0.253],2004-08-26T00:00:00Z,2004-11-16T00:00:00Z,2023-10-25T00:00:00Z,P 21 21 21,1,1,1,1,Rational design of RAR-selective ligands revealed by RARbeta crystal structure,10.1038/sj.embor.7400235,2004.0,True,False
1XB7,X-ray structure of ERRalpha LBD in complex with a PGC-1alpha peptide at 2.5A resolution,experimental,"[""X-RAY DIFFRACTION""]",[2.5],[0.21491],[0.2473],2004-08-30T00:00:00Z,2004-09-14T00:00:00Z,2023-10-25T00:00:00Z,P 65 2 2,2,2,1,2,Evidence for Ligand-independent Transcriptional Activation of the Human Estrogen-related Receptor {alpha} (ERR{alpha}): CRYSTAL STRUCTURE OF ERR{alpha} LIGAND BINDING DOMAIN IN COMPLEX WITH PEROXISOME PROLIFERATOR-ACTIVATED RECEPTOR COACTIVATOR-1{alpha},10.1074/jbc.M407999200,2004.0,True,False
1XJ7,Complex Androgen Receptor LBD and RAC3 peptide,experimental,"[""X-RAY DIFFRACTION""]",[2.7],[0.234],[0.32],2004-09-22T00:00:00Z,2005-01-25T00:00:00Z,2024-03-13T00:00:00Z,P 21 21 21,2,2,1,2,The Molecular Mechanisms of Coactivator Utilization in Ligand-dependent Transactivation by the Androgen Receptor,10.1074/jbc.M407046200,2005.0,True,False
1XLS,Crystal structure of the mouse CAR/RXR LBD heterodimer bound to TCPOBOP and 9cRA and a TIF2 peptide containg the third LXXLL motifs,experimental,"[""X-RAY DIFFRACTION""]",[2.96],[0.255],[0.303],2004-09-30T00:00:00Z,2004-12-28T00:00:00Z,2024-02-14T00:00:00Z,P 1,3,3,2,16,The nuclear xenobiotic receptor CAR: structural determinants of constitutive activation and heterodimerization.,10.1016/j.molcel.2004.11.036,2004.0,True,False
1XOW,"Crystal structure of the human androgen receptor ligand binding domain bound with an androgen receptor NH2-terminal peptide, AR20-30, and R1881",experimental,"[""X-RAY DIFFRACTION""]",[1.8],[0.21],[0.213],2004-10-07T00:00:00Z,2004-11-16T00:00:00Z,2023-08-23T00:00:00Z,P 21 21 21,2,2,1,2,Structural basis for androgen receptor interdomain and coactivator interactions suggests a transition in nuclear receptor activation function dominance,10.1016/j.molcel.2004.09.036,2004.0,True,False
1XP1,HUMAN ESTROGEN RECEPTOR ALPHA LIGAND-BINDING DOMAIN IN COMPLEX WITH COMPOUND 15,experimental,"[""X-RAY DIFFRACTION""]",[1.8],[],[0.269],2004-10-07T00:00:00Z,2004-12-07T00:00:00Z,2024-02-14T00:00:00Z,P 65 2 2,1,1,1,1,Estrogen receptor ligands. Part 9: Dihydrobenzoxathiin SERAMs with alkyl substituted pyrrolidine side chains and linkers.,10.1016/j.bmcl.2004.10.036,2005.0,True,False
1XP6,HUMAN ESTROGEN RECEPTOR ALPHA LIGAND-BINDING DOMAIN IN COMPLEX WITH COMPOUND 16,experimental,"[""X-RAY DIFFRACTION""]",[1.7],[],[0.267],2004-10-08T00:00:00Z,2004-12-07T00:00:00Z,2024-02-14T00:00:00Z,P 65 2 2,1,1,1,1,Estrogen receptor ligands. Part 9: Dihydrobenzoxathiin SERAMs with alkyl substituted pyrrolidine side chains and linkers.,10.1016/j.bmcl.2004.10.036,2005.0,True,False
1XP9,HUMAN ESTROGEN RECEPTOR ALPHA LIGAND-BINDING DOMAIN IN COMPLEX WITH COMPOUND 18,experimental,"[""X-RAY DIFFRACTION""]",[1.8],[],[0.299],2004-10-08T00:00:00Z,2004-12-07T00:00:00Z,2024-02-14T00:00:00Z,P 65 2 2,1,1,1,1,Estrogen receptor ligands. Part 9: Dihydrobenzoxathiin SERAMs with alkyl substituted pyrrolidine side chains and linkers.,10.1016/j.bmcl.2004.10.036,2005.0,True,False
1XPC,HUMAN ESTROGEN RECEPTOR ALPHA LIGAND-BINDING DOMAIN IN COMPLEX WITH COMPOUND 19,experimental,"[""X-RAY DIFFRACTION""]",[1.6],[],[0.251],2004-10-08T00:00:00Z,2004-12-07T00:00:00Z,2024-02-14T00:00:00Z,P 65 2 2,1,1,1,1,Estrogen receptor ligands. Part 9: Dihydrobenzoxathiin SERAMs with alkyl substituted pyrrolidine side chains and linkers.,10.1016/j.bmcl.2004.10.036,2005.0,True,False
1XQ3,Crystal structure of the human androgen receptor ligand binding domain bound with R1881,experimental,"[""X-RAY DIFFRACTION""]",[2.25],[0.215],[0.242],2004-10-11T00:00:00Z,2004-11-16T00:00:00Z,2023-08-23T00:00:00Z,P 21 21 21,1,1,1,1,Structural basis for androgen receptor interdomain and coactivator interactions suggests a transition in nuclear receptor activation function dominance,10.1016/j.molcel.2004.09.036,2004.0,True,False
1XQC,X-ray structure of ERalpha LBD bound to a tetrahydroisoquinoline SERM ligand at 2.05A resolution,experimental,"[""X-RAY DIFFRACTION""]",[2.05],[0.21101],[0.25425],2004-10-12T00:00:00Z,2005-02-01T00:00:00Z,2023-10-25T00:00:00Z,P 1 21 1,1,1,1,4,Selective Estrogen Receptor Modulators with Conformationally Restricted Side Chains. Synthesis and Structure-Activity Relationship of ERalpha-Selective Tetrahydroisoquinoline Ligands,10.1021/jm040858p,2005.0,True,False
1XV9,"crystal structure of CAR/RXR heterodimer bound with SRC1 peptide, fatty acid, and 5b-pregnane-3,20-dione.",experimental,"[""X-RAY DIFFRACTION""]",[2.7],[0.181],[0.239],2004-10-27T00:00:00Z,2004-12-28T00:00:00Z,2024-02-14T00:00:00Z,P 32 2 1,3,3,2,8,A Structural Basis for Constitutive Activity in the Human CAR/RXRalpha Heterodimer.,10.1016/j.molcel.2004.11.042,2004.0,True,False
1XVP,"crystal structure of CAR/RXR heterodimer bound with SRC1 peptide, fatty acid and CITCO",experimental,"[""X-RAY DIFFRACTION""]",[2.6],[0.18],[0.234],2004-10-28T00:00:00Z,2004-12-28T00:00:00Z,2024-02-14T00:00:00Z,P 32 2 1,3,3,2,8,A Structural Basis for Constitutive Activity in the Human CAR/RXRalpha Heterodimer.,10.1016/j.molcel.2004.11.042,2004.0,True,False
1XZX,Thyroxine-Thyroid Hormone Receptor Interactions,experimental,"[""X-RAY DIFFRACTION""]",[2.5],[0.185],[0.244],2004-11-12T00:00:00Z,2004-12-07T00:00:00Z,2024-04-03T00:00:00Z,P 31 2 1,1,1,2,1,Thyroxine-thyroid hormone receptor interactions.,10.1074/jbc.M410124200,2004.0,True,False
1Y0S,Crystal structure of PPAR delta complexed with GW2331,experimental,"[""X-RAY DIFFRACTION""]",[2.65],[0.21],[0.261],2004-11-16T00:00:00Z,2005-03-29T00:00:00Z,2023-08-23T00:00:00Z,P 1 21 1,1,1,3,2,Alteration of a Single Amino Acid in Peroxisome Proliferator-Activated Receptor-alpha (PPARalpha) Generates a PPAR delta Phenotype,10.1210/me.14.5.733,2000.0,True,False
1Y0X,Thyroxine-Thyroid Hormone Receptor Interactions,experimental,"[""X-RAY DIFFRACTION""]",[3.1],[0.22],[0.266],2004-11-16T00:00:00Z,2004-12-07T00:00:00Z,2024-04-03T00:00:00Z,P 31 2 1,1,1,2,1,Thyroxine-thyroid hormone receptor interactions.,10.1074/jbc.M410124200,2004.0,True,False
1Y9R,Crystal structure of the human mineralocorticoid receptor ligand-binding domain bound to deoxycorticosterone and harboring the S810L mutation responsible for a severe form of hypertension,experimental,"[""X-RAY DIFFRACTION""]",[1.96],[0.229],[0.267],2004-12-16T00:00:00Z,2005-05-24T00:00:00Z,2024-04-03T00:00:00Z,P 31,1,1,1,2,Crystal structure of a mutant mineralocorticoid receptor responsible for hypertension,10.1038/nsmb939,2005.0,True,False
1YA3,Crystal structure of the human mineralocorticoid receptor ligand-binding domain bound to progesterone and harboring the S810L mutation responsible for a severe form of hypertension,experimental,"[""X-RAY DIFFRACTION""]",[2.34],[0.237],[0.284],2004-12-17T00:00:00Z,2005-05-24T00:00:00Z,2023-08-23T00:00:00Z,P 31,1,1,1,3,Crystal structure of a mutant mineralocorticoid receptor responsible for hypertension,10.1038/nsmb939,2005.0,True,False
1YIM,Human estrogen receptor alpha ligand-binding domain in complex with compound 4,experimental,"[""X-RAY DIFFRACTION""]",[1.9],[],[0.258],2005-01-12T00:00:00Z,2005-07-26T00:00:00Z,2024-02-14T00:00:00Z,P 65 2 2,1,1,1,1,Estrogen receptor ligands. Part 10: Chromanes: old scaffolds for new SERAMs.,10.1016/j.bmcl.2005.01.046,2005.0,True,False
1YIN,Human estrogen receptor alpha ligand-binding domain in complex with compound 3F,experimental,"[""X-RAY DIFFRACTION""]",[2.2],[],[0.296],2005-01-12T00:00:00Z,2005-07-26T00:00:00Z,2024-02-14T00:00:00Z,P 65 2 2,1,1,1,1,Estrogen receptor ligands. Part 10: Chromanes: old scaffolds for new SERAMs.,10.1016/j.bmcl.2005.01.046,2005.0,True,False
1YNW,Crystal Structure of Vitamin D Receptor and 9-cis Retinoic Acid Receptor DNA-Binding Domains Bound to a DR3 Response Element,experimental,"[""X-RAY DIFFRACTION""]",[3.0],[0.232],[0.283],2005-01-25T00:00:00Z,2005-02-15T00:00:00Z,2023-08-23T00:00:00Z,C 1 2 1,4,2,1,4,Structural analysis of RXR-VDR interactions on DR3 DNA,10.1016/j.jsbmb.2004.03.084,2004.0,True,False
1YOK,crystal structure of human LRH-1 bound with TIF-2 peptide and phosphatidylglycerol,experimental,"[""X-RAY DIFFRACTION""]",[2.5],[0.23],[0.29],2005-01-27T00:00:00Z,2005-07-19T00:00:00Z,2024-04-03T00:00:00Z,P 21 21 21,2,2,1,3,Structural analyses reveal phosphatidyl inositols as ligands for the NR5 orphan receptors SF-1 and LRH-1.,10.1016/j.cell.2005.01.024,2005.0,True,False
1YOW,human Steroidogenic Factor 1 LBD with bound Co-factor Peptide,experimental,"[""X-RAY DIFFRACTION""]",[3.0],[0.246],[0.29],2005-01-28T00:00:00Z,2005-05-10T00:00:00Z,2024-02-14T00:00:00Z,P 41 21 2,2,2,1,2,Structural analyses reveal phosphatidyl inositols as ligands for the NR5 orphan receptors SF-1 and LRH-1,10.1016/j.cell.2005.01.024,2005.0,True,False
1YUC,"Human Nuclear Receptor Liver Receptor Homologue-1, LRH-1, Bound to Phospholipid and a Fragment of Human SHP",experimental,"[""X-RAY DIFFRACTION""]",[1.9],[0.217],[0.248],2005-02-13T00:00:00Z,2005-03-01T00:00:00Z,2024-02-14T00:00:00Z,P 1 21 1,2,2,2,4,Modulation of human nuclear receptor LRH-1 activity by phospholipids and SHP,10.1038/nsmb910,2005.0,True,False
1YY4,Crystal structure of estrogen receptor beta complexed with 1-chloro-6-(4-hydroxy-phenyl)-naphthalen-2-ol,experimental,"[""X-RAY DIFFRACTION""]",[2.7],[0.214],[0.269],2005-02-23T00:00:00Z,2006-02-28T00:00:00Z,2024-02-14T00:00:00Z,P 21 21 21,2,2,1,4,ERbeta ligands. 3. Exploiting two binding orientations of the 2-phenylnaphthalene scaffold to achieve ERbeta selectivity,10.1021/jm058173s,2005.0,True,False
1YYE,Crystal structure of estrogen receptor beta complexed with way-202196,experimental,"[""X-RAY DIFFRACTION""]",[2.03],[0.223],[0.269],2005-02-24T00:00:00Z,2006-02-28T00:00:00Z,2024-04-03T00:00:00Z,P 21 21 21,2,2,1,4,ERbeta ligands. 3. Exploiting two binding orientations of the 2-phenylnaphthalene scaffold to achieve ERbeta selectivity,10.1021/jm058173s,2005.0,True,False
1Z95,Crystal Structure of the Androgen Receptor Ligand-binding Domain W741L Mutant Complex with R-bicalutamide,experimental,"[""X-RAY DIFFRACTION""]",[1.8],[0.223],[0.256],2005-03-31T00:00:00Z,2005-04-19T00:00:00Z,2023-08-23T00:00:00Z,P 21 21 21,1,1,2,1,Structural basis for antagonism and resistance of bicalutamide in prostate cancer.,10.1073/pnas.0500381102,2005.0,True,False
1ZAF,Crystal structure of estrogen receptor beta complexed with 3-Bromo-6-hydroxy-2-(4-hydroxy-phenyl)-inden-1-one,experimental,"[""X-RAY DIFFRACTION""]",[2.2],[0.226],[0.286],2005-04-06T00:00:00Z,2006-04-11T00:00:00Z,2024-02-14T00:00:00Z,P 21 21 21,2,2,1,4,Estrogen receptor ligands: design and synthesis of new 2-arylindene-1-ones,10.1016/j.bmcl.2005.04.013,2005.0,True,False
1ZDT,The Crystal Structure of Human Steroidogenic Factor-1,experimental,"[""X-RAY DIFFRACTION""]",[2.1],[0.21597],[0.26532],2005-04-14T00:00:00Z,2005-05-24T00:00:00Z,2024-02-14T00:00:00Z,P 31 2 1,2,2,1,4,The crystal structures of human steroidogenic factor-1 and liver receptor homologue-1,10.1073/pnas.0409482102,2005.0,True,False
1ZDU,The Crystal Structure of Human Liver Receptor Homologue-1,experimental,"[""X-RAY DIFFRACTION""]",[2.5],[0.23942],[0.28129],2005-04-14T00:00:00Z,2005-05-24T00:00:00Z,2024-02-14T00:00:00Z,P 21 21 21,2,2,2,3,The crystal structures of human steroidogenic factor-1 and liver receptor homologue-1,10.1073/pnas.0409482102,2005.0,True,False
1ZEO,Crystal Structure of Human PPAR-gamma Ligand Binding Domain Complexed with an Alpha-Aryloxyphenylacetic Acid Agonist,experimental,"[""X-RAY DIFFRACTION""]",[2.5],[0.219],[0.28],2005-04-19T00:00:00Z,2006-04-25T00:00:00Z,2024-04-03T00:00:00Z,C 1 2 1,1,1,1,2,Design and Synthesis of alpha-Aryloxyphenylacetic Acid Derivatives: A Novel Class of PPAR alpha/gamma Dual Agonists with Potent Antihyperglycemic and Lipid Modulating Activity,10.1021/jm0502135,2005.0,True,False
1ZGY,Structural and Biochemical Basis for Selective Repression of the Orphan Nuclear Receptor LRH-1 by SHP,experimental,"[""X-RAY DIFFRACTION""]",[1.8],[0.231],[0.258],2005-04-22T00:00:00Z,2005-07-26T00:00:00Z,2023-08-23T00:00:00Z,C 1 2 1,2,2,1,2,Structural and biochemical basis for selective repression of the orphan nuclear receptor liver receptor homolog 1 by small heterodimer partner.,10.1073/pnas.0501204102,2005.0,True,False
1ZKY,Human Estrogen Receptor Alpha Ligand-Binding Domain In Complex With OBCP-3M and A Glucocorticoid Receptor Interacting Protein 1 Nr Box II Peptide,experimental,"[""X-RAY DIFFRACTION""]",[2.25],[0.18519],[0.23141],2005-05-04T00:00:00Z,2006-05-09T00:00:00Z,2024-10-30T00:00:00Z,P 1 21 1,2,2,1,4,Identification of ligands with bicyclic scaffolds provides insights into mechanisms of estrogen receptor subtype selectivity.,10.1074/jbc.M513684200,2006.0,True,False
1ZUC,Progesterone receptor ligand binding domain in complex with the nonsteroidal agonist tanaproget,experimental,"[""X-RAY DIFFRACTION""]",[2.0],[0.1788],[0.22812],2005-05-30T00:00:00Z,2005-07-05T00:00:00Z,2023-08-23T00:00:00Z,P 1 21 1,1,1,2,2,Molecular and pharmacological properties of a potent and selective novel nonsteroidal progesterone receptor agonist tanaproget,10.1074/jbc.M504144200,2005.0,True,False
29OB,Crystal structure of RORg LBD in complex with DHEA,experimental,"[""X-RAY DIFFRACTION""]",[3.6],[0.2487],[0.2828],2026-03-25T00:00:00Z,2026-07-01T00:00:00Z,2026-07-01T00:00:00Z,P 61 2 2,1,1,1,1,Crystal structure of  RORg LBD in complex with DHEA,,,True,False
2A3I,Structural and Biochemical Mechanisms for the Specificity of Hormone Binding and Coactivator Assembly by Mineralocorticoid Receptor,experimental,"[""X-RAY DIFFRACTION""]",[1.95],[0.222],[0.253],2005-06-24T00:00:00Z,2005-07-19T00:00:00Z,2024-02-14T00:00:00Z,P 21 21 21,2,2,1,2,Structural and biochemical mechanisms for the specificity of hormone binding and coactivator assembly by mineralocorticoid receptor,10.1016/j.molcel.2005.06.026,2005.0,True,False
2A66,Human Liver Receptor Homologue DNA-Binding Domain (hLRH-1 DBD) in Complex with dsDNA from the hCYP7A1 Promoter,experimental,"[""X-RAY DIFFRACTION""]",[2.2],[0.196],[0.226],2005-07-01T00:00:00Z,2005-12-06T00:00:00Z,2023-08-23T00:00:00Z,P 43,3,1,2,3,Crystal Structure of the Human LRH-1 DBD-DNA Complex Reveals Ftz-F1 Domain Positioning is Required for Receptor Activity.,10.1016/j.jmb.2005.10.009,2005.0,True,False
2AA2,Mineralocorticoid Receptor with Bound Aldosterone,experimental,"[""X-RAY DIFFRACTION""]",[1.95],[0.214],[0.235],2005-07-13T00:00:00Z,2005-07-26T00:00:00Z,2026-03-04T00:00:00Z,C 2 2 21,1,1,4,1,A Ligand-mediated Hydrogen Bond Network Required for the Activation of the Mineralocorticoid Receptor,10.1074/jbc.M504098200,2005.0,True,False
2AA5,Mineralocorticoid Receptor with Bound Progesterone,experimental,"[""X-RAY DIFFRACTION""]",[2.2],[0.22],[0.264],2005-07-13T00:00:00Z,2005-07-26T00:00:00Z,2024-02-14T00:00:00Z,P 21 21 21,1,1,1,2,A Ligand-mediated Hydrogen Bond Network Required for the Activation of the Mineralocorticoid Receptor,10.1074/jbc.M504098200,2005.0,True,False
2AA6,Mineralocorticoid Receptor S810L Mutant with Bound Progesterone,experimental,"[""X-RAY DIFFRACTION""]",[1.95],[0.197],[0.225],2005-07-13T00:00:00Z,2005-07-26T00:00:00Z,2026-03-04T00:00:00Z,P 21 21 21,1,1,1,2,A Ligand-mediated Hydrogen Bond Network Required for the Activation of the Mineralocorticoid Receptor,10.1074/jbc.M504098200,2005.0,True,False
2AA7,Mineralocorticoid Receptor with Bound Deoxycorticosterone,experimental,"[""X-RAY DIFFRACTION""]",[2.2],[0.224],[0.264],2005-07-13T00:00:00Z,2005-07-26T00:00:00Z,2026-03-04T00:00:00Z,C 2 2 21,1,1,3,1,A Ligand-mediated Hydrogen Bond Network Required for the Activation of the Mineralocorticoid Receptor,10.1074/jbc.M504098200,2005.0,True,False
2AAX,Mineralocorticoid Receptor Double Mutant with Bound Cortisone,experimental,"[""X-RAY DIFFRACTION""]",[1.75],[0.185],[0.212],2005-07-14T00:00:00Z,2005-07-26T00:00:00Z,2026-03-04T00:00:00Z,P 21 21 21,1,1,2,2,A Ligand-mediated Hydrogen Bond Network Required for the Activation of the Mineralocorticoid Receptor,10.1074/jbc.M504098200,2005.0,True,False
2AB2,Mineralocorticoid Receptor Double Mutant with Bound Spironolactone,experimental,"[""X-RAY DIFFRACTION""]",[1.85],[0.197],[0.218],2005-07-14T00:00:00Z,2005-07-26T00:00:00Z,2026-03-04T00:00:00Z,P 21 21 21,1,1,2,2,A Ligand-mediated Hydrogen Bond Network Required for the Activation of the Mineralocorticoid Receptor,10.1074/jbc.M504098200,2005.0,True,False
2ABI,Crystal structure of the human mineralocorticoid receptor ligand-binding domain bound to deoxycorticosterone,experimental,"[""X-RAY DIFFRACTION""]",[2.33],[0.2074],[0.2639],2005-07-15T00:00:00Z,2006-07-25T00:00:00Z,2023-10-25T00:00:00Z,P 31,1,1,1,3,Crystal structure of the human mineralocorticoid receptor ligand-binding domain bound to deoxycorticosterone,,,True,False
2ACL,Liver X-Receptor alpha Ligand Binding Domain with SB313987,experimental,"[""X-RAY DIFFRACTION""]",[2.8],[0.21],[0.28],2005-07-19T00:00:00Z,2005-09-20T00:00:00Z,2024-02-14T00:00:00Z,P 1,2,2,2,8,Discovery of substituted maleimides as liver x receptor agonists and determination of a ligand-bound crystal structure.,10.1021/jm050532w,2005.0,True,False
2AM9,Crystal structure of human androgen receptor ligand binding domain in complex with testosterone,experimental,"[""X-RAY DIFFRACTION""]",[1.64],[0.191],[0.23],2005-08-09T00:00:00Z,2006-05-16T00:00:00Z,2024-11-13T00:00:00Z,P 21 21 21,1,1,4,1,Comparison of crystal structures of human androgen receptor ligand-binding domain complexed with various agonists reveals molecular determinants responsible for binding affinity.,10.1110/ps.051905906,2006.0,True,False
2AMA,Crystal structure of human androgen receptor ligand binding domain in complex with dihydrotestosterone,experimental,"[""X-RAY DIFFRACTION""]",[1.9],[0.214],[0.241],2005-08-09T00:00:00Z,2006-05-16T00:00:00Z,2023-08-23T00:00:00Z,P 21 21 21,1,1,2,1,Comparison of crystal structures of human androgen receptor ligand-binding domain complexed with various agonists reveals molecular determinants responsible for binding affinity.,10.1110/ps.051905906,2006.0,True,False
2AMB,Crystal structure of human androgen receptor ligand binding domain in complex with tetrahydrogestrinone,experimental,"[""X-RAY DIFFRACTION""]",[1.75],[0.186],[0.209],2005-08-09T00:00:00Z,2006-05-16T00:00:00Z,2024-11-20T00:00:00Z,P 21 21 21,1,1,5,1,Comparison of crystal structures of human androgen receptor ligand-binding domain complexed with various agonists reveals molecular determinants responsible for binding affinity.,10.1110/ps.051905906,2006.0,True,False
2AO6,Crystal structure of the human androgen receptor ligand binding domain bound with TIF2(iii) 740-753 peptide and R1881,experimental,"[""X-RAY DIFFRACTION""]",[1.89],[0.22],[0.242],2005-08-12T00:00:00Z,2005-08-30T00:00:00Z,2023-08-23T00:00:00Z,P 21 21 21,2,2,1,2,Structural basis for androgen receptor interdomain and coactivator interactions suggests a transition in nuclear receptor activation function dominance,10.1016/j.molcel.2004.09.036,2004.0,True,False
2ATH,Crystal structure of the ligand binding domain of human PPAR-gamma im complex with an agonist,experimental,"[""X-RAY DIFFRACTION""]",[2.28],[0.216],[0.288],2005-08-25T00:00:00Z,2006-08-25T00:00:00Z,2024-03-13T00:00:00Z,P 1 21 1,1,1,1,2,"Novel indole-based peroxisome proliferator-activated receptor agonists: design, SAR, structural biology, and biological activities",10.1021/jm0506930,2005.0,True,False
2AWH,Human Nuclear Receptor-Ligand Complex 1,experimental,"[""X-RAY DIFFRACTION""]",[2.0],[0.212],[0.259],2005-09-01T00:00:00Z,2006-02-14T00:00:00Z,2024-03-13T00:00:00Z,P 1 21 1,1,1,2,2,Recombinant Human PPAR-beta/delta Ligand-binding Domain is Locked in an Activated Conformation by Endogenous Fatty Acids,10.1016/j.jmb.2005.12.047,2006.0,True,False
2AX6,Crystal Structure Of The Androgen Receptor Ligand Binding Domain T877A Mutant In Complex With Hydroxyflutamide,experimental,"[""X-RAY DIFFRACTION""]",[1.5],[0.246],[0.274],2005-09-03T00:00:00Z,2005-09-20T00:00:00Z,2023-08-23T00:00:00Z,P 21 21 21,1,1,1,1,Structural Basis for Accommodation of Nonsteroidal Ligands in the Androgen Receptor,10.1074/jbc.M507464200,2005.0,True,False
2AX7,Crystal Structure Of The Androgen Receptor Ligand Binding Domain T877A Mutant In Complex With S-1,experimental,"[""X-RAY DIFFRACTION""]",[1.9],[0.206],[0.247],2005-09-03T00:00:00Z,2005-09-20T00:00:00Z,2023-08-23T00:00:00Z,P 21 21 21,1,1,1,1,Structural Basis for Accommodation of Nonsteroidal Ligands in the Androgen Receptor,10.1074/jbc.M507464200,2005.0,True,False
2AX8,Crystal Structure Of The Androgen Receptor Ligand Binding Domain W741L Mutant In Complex With S-1,experimental,"[""X-RAY DIFFRACTION""]",[1.7],[0.212],[0.248],2005-09-03T00:00:00Z,2005-09-20T00:00:00Z,2023-08-23T00:00:00Z,P 21 21 21,1,1,1,1,Structural Basis for Accommodation of Nonsteroidal Ligands in the Androgen Receptor,10.1074/jbc.M507464200,2005.0,True,False
2AX9,Crystal Structure Of The Androgen Receptor Ligand Binding Domain In Complex With R-3,experimental,"[""X-RAY DIFFRACTION""]",[1.65],[0.224],[0.249],2005-09-03T00:00:00Z,2005-09-20T00:00:00Z,2023-08-23T00:00:00Z,P 21 21 21,1,1,1,1,Structural Basis for Accommodation of Nonsteroidal Ligands in the Androgen Receptor,10.1074/jbc.M507464200,2005.0,True,False
2AXA,Crystal Structure Of The Androgen Receptor Ligand Binding Domain In Complex With S-1,experimental,"[""X-RAY DIFFRACTION""]",[1.8],[0.21],[0.25],2005-09-03T00:00:00Z,2005-09-20T00:00:00Z,2023-08-23T00:00:00Z,P 21 21 21,1,1,1,1,Structural Basis for Accommodation of Nonsteroidal Ligands in the Androgen Receptor,10.1074/jbc.M507464200,2005.0,True,False
2AYR,A SERM Designed for the Treatment of Uterine Leiomyoma with Unique Tissue Specificity for Uterus and Ovaries in Rats,experimental,"[""X-RAY DIFFRACTION""]",[1.9],[0.229],[0.263],2005-09-07T00:00:00Z,2005-11-22T00:00:00Z,2023-08-23T00:00:00Z,P 65 2 2,1,1,1,1,A selective estrogen receptor modulator designed for the treatment of uterine leiomyoma with unique tissue specificity for uterus and ovaries in rats,10.1021/jm050723z,2005.0,True,False
2B1V,Human estrogen receptor alpha ligand-binding domain in complex with OBCP-1M and a glucocorticoid receptor interacting protein 1 NR box II peptide,experimental,"[""X-RAY DIFFRACTION""]",[1.8],[0.20302],[0.2383],2005-09-16T00:00:00Z,2006-05-09T00:00:00Z,2024-10-30T00:00:00Z,P 1 21 1,2,2,1,4,Identification of ligands with bicyclic scaffolds provides insights into mechanisms of estrogen receptor subtype selectivity.,10.1074/jbc.M513684200,2006.0,True,False
2B1Z,Human estrogen receptor alpha ligand-binding domain in complex with 17methyl-17alpha-dihydroequilenin and a glucoc interacting protein 1 NR box II peptide,experimental,"[""X-RAY DIFFRACTION""]",[1.78],[0.20404],[0.23779],2005-09-16T00:00:00Z,2006-09-19T00:00:00Z,2024-10-16T00:00:00Z,P 1 21 1,2,2,1,4,Molecular characterization of a B-ring unsaturated estrogen: implications for conjugated equine estrogen components of premarin.,10.1016/j.steroids.2007.08.014,2008.0,True,False
2B23,Human estrogen receptor alpha ligand-binding domain and a glucocorticoid receptor-interacting protein 1 NR box II peptide,experimental,"[""X-RAY DIFFRACTION""]",[2.1],[0.21414],[0.27211],2005-09-16T00:00:00Z,2006-09-19T00:00:00Z,2024-10-16T00:00:00Z,P 1 21 1,2,2,0,4,NFkappaB selectivity of estrogen receptor ligands revealed by comparative crystallographic analyses,10.1038/nchembio.76,2008.0,True,False
2B50,Human Nuclear Receptor-Ligand Complex 2,experimental,"[""X-RAY DIFFRACTION""]",[2.0],[0.197],[0.249],2005-09-27T00:00:00Z,2006-02-14T00:00:00Z,2024-03-13T00:00:00Z,P 1 21 1,1,1,3,2,Recombinant Human PPAR-beta/delta Ligand-binding Domain is Locked in an Activated Conformation by Endogenous Fatty Acids,10.1016/j.jmb.2005.12.047,2006.0,True,False
2BAW,Human Nuclear Receptor-Ligand Complex 1,experimental,"[""X-RAY DIFFRACTION""]",[2.3],[0.245],[0.276],2005-10-15T00:00:00Z,2006-01-24T00:00:00Z,2024-03-13T00:00:00Z,P 1 21 1,1,1,2,2,Reevaluation of the PPAR-beta/delta Ligand Binding Domain Model Reveals Why It Exhibits the Activated Form,10.1016/j.molcel.2005.12.001,2006.0,True,False
2BJ4,ESTROGEN RECEPTOR ALPHA LBD IN COMPLEX WITH A PHAGE-DISPLAY DERIVED PEPTIDE ANTAGONIST,experimental,"[""X-RAY DIFFRACTION""]",[2.0],[0.187],[0.219],2005-01-28T00:00:00Z,2005-02-16T00:00:00Z,2023-12-13T00:00:00Z,P 21 21 21,3,3,1,4,Delineation of a Unique Protein-Protein Interaction Site on the Surface of the Estrogen Receptor,10.1073/PNAS.0407189102,2005.0,True,False
2C7A,STRUCTURE OF THE PROGESTERONE RECEPTOR-DNA COMPLEX,experimental,"[""X-RAY DIFFRACTION""]",[2.5],[0.198],[0.246],2005-11-19T00:00:00Z,2006-08-30T00:00:00Z,2024-05-08T00:00:00Z,P 21 21 21,3,1,1,4,Structure of the Progesterone Receptor-Deoxyribonucleic Acid Complex: Novel Interactions Required for Binding to Half-Site Response Elements.,10.1210/ME.2005-0511,2006.0,True,False
2E2R,Crystal structure of human estrogen-related receptor gamma ligand binding domain complex with bisphenol A,experimental,"[""X-RAY DIFFRACTION""]",[1.6],[0.16934],[0.19666],2006-11-16T00:00:00Z,2007-09-11T00:00:00Z,2023-10-25T00:00:00Z,P 41 21 2,1,1,2,1,Structural Evidence for Endocrine Disruptor Bisphenol A Binding to Human Nuclear Receptor ERR{gamma},10.1093/jb/mvm158,2007.0,True,False
2EBL,"Solution structure of the Zinc finger, C4-type domain of human COUP transcription factor 1",experimental,"[""SOLUTION NMR""]",[],[],[],2007-02-09T00:00:00Z,2008-02-19T00:00:00Z,2024-05-29T00:00:00Z,,1,1,1,1,"Solution structure of the Zinc finger, C4-type domain of human COUP transcription factor 1",,,True,False
2ENV,Solution structure of the C4-type zinc finger domain from human Peroxisome proliferator-activated receptor delta,experimental,"[""SOLUTION NMR""]",[],[],[],2007-03-28T00:00:00Z,2008-04-08T00:00:00Z,2024-05-01T00:00:00Z,,1,1,1,1,Solution structure of the C4-type zinc finger domain from human Peroxisome proliferator-activated receptor delta,,,True,False
2EWP,Crystal structure of Estrogen Related Receptor-3 (ERR-gamma) ligand binding domaind with tamoxifen analog GSK5182,experimental,"[""X-RAY DIFFRACTION""]",[2.3],[0.1866],[0.24694],2005-11-04T00:00:00Z,2006-05-09T00:00:00Z,2024-04-03T00:00:00Z,C 1 2 1,1,1,1,5,Structure-guided synthesis of tamoxifen analogs with improved selectivity for the orphan ERRgamma.,10.1016/j.bmcl.2005.11.030,2006.0,True,False
2F4B,Crystal structure of the ligand binding domain of human PPAR-gamma in complex with an agonist,experimental,"[""X-RAY DIFFRACTION""]",[2.07],[0.21859],[0.28835],2005-11-23T00:00:00Z,2006-02-14T00:00:00Z,2024-03-13T00:00:00Z,P 1 21 1,1,1,1,2,"Indol-1-yl Acetic Acids as Peroxisome Proliferator-Activated Receptor Agonists: Design, Synthesis, Structural Biology, and Molecular Docking Studies",10.1021/jm0510373,2006.0,True,False
2FAI,Human Estrogen Receptor Alpha Ligand-Binding Domain In Complex With OBCP-2M and A Glucocorticoid Receptor Interacting Protein 1 NR Box II Peptide,experimental,"[""X-RAY DIFFRACTION""]",[2.1],[0.20023],[0.24044],2005-12-07T00:00:00Z,2006-05-09T00:00:00Z,2024-11-20T00:00:00Z,P 1 21 1,2,2,1,4,Identification of ligands with bicyclic scaffolds provides insights into mechanisms of estrogen receptor subtype selectivity.,10.1074/jbc.M513684200,2006.0,True,False
2FSZ,A second binding site for hydroxytamoxifen within the coactivator-binding groove of estrogen receptor beta,experimental,"[""X-RAY DIFFRACTION""]",[2.2],[0.273],[0.299],2006-01-23T00:00:00Z,2006-07-11T00:00:00Z,2024-02-14T00:00:00Z,I 4,1,1,1,2,A second binding site for hydroxytamoxifen within the coactivator-binding groove of estrogen receptor beta,10.1073/pnas.0510596103,2006.0,True,False
2FVJ,A novel anti-adipogenic partial agonist of peroxisome proliferator-activated receptor-gamma (PPARG) recruits pparg-coactivator-1 alpha (PGC1A) but potentiates insulin signaling in vitro,experimental,"[""X-RAY DIFFRACTION""]",[1.99],[0.18942],[0.24586],2006-01-31T00:00:00Z,2006-05-16T00:00:00Z,2024-04-03T00:00:00Z,P 21 21 21,2,2,2,2,"A novel partial agonist of peroxisome proliferator-activated receptor-gamma (PPARgamma) recruits PPARgamma-coactivator-1alpha, prevents triglyceride accumulation, and potentiates insulin signaling in vitro",10.1210/me.2005-0171,2006.0,True,False
2G0G,"Structure-based drug design of a novel family of PPAR partial agonists: virtual screening, x-ray crystallography and in vitro/in vivo biological activities",experimental,"[""X-RAY DIFFRACTION""]",[2.54],[0.216],[0.264],2006-02-13T00:00:00Z,2006-05-16T00:00:00Z,2023-10-25T00:00:00Z,P 1 21 1,1,1,1,2,"Structure-Based Drug Design of a Novel Family of PPARgamma Partial Agonists: Virtual Screening, X-ray Crystallography, and in Vitro/in Vivo Biological Activities",10.1021/jm051129s,2006.0,True,False
2G0H,"Structure-based drug design of a novel family of PPAR partial agonists: virtual screening, x-ray crystallography and in vitro/in vivo biological activities",experimental,"[""X-RAY DIFFRACTION""]",[2.3],[0.238],[0.293],2006-02-13T00:00:00Z,2006-05-16T00:00:00Z,2023-10-25T00:00:00Z,P 1 21 1,1,1,1,2,"Structure-Based Drug Design of a Novel Family of PPARgamma Partial Agonists: Virtual Screening, X-ray Crystallography, and in Vitro/in Vivo Biological Activities",10.1021/jm051129s,2006.0,True,False
2G44,Human Estrogen Receptor Alpha Ligand-Binding Domain In Complex With OBCP-1M-G and A Glucocorticoid Receptor Interacting Protein 1 NR Box II Peptide,experimental,"[""X-RAY DIFFRACTION""]",[2.65],[0.21704],[0.25561],2006-02-21T00:00:00Z,2007-01-09T00:00:00Z,2024-10-30T00:00:00Z,P 1 21 1,2,2,1,4,"Discovery and characterization of novel estrogen  
receptor agonist ligands and development of biochips for  
nuclear receptor drug discovery",,2006.0,True,False
2G5O,Human estrogen receptor alpha ligand-binding domain in complex with 2-(but-1-enyl)-17beta-estradiol and a glucocorticoid receptor interacting protein 1 NR BOX II Peptide,experimental,"[""X-RAY DIFFRACTION""]",[2.3],[0.20928],[0.26401],2006-02-23T00:00:00Z,2007-03-06T00:00:00Z,2024-11-06T00:00:00Z,P 1 21 1,2,2,1,4,Human estrogen receptor alpha ligand-binding domain in complex with 2-(but-1-enyl)-17beta-estradiol and a glucocorticoid receptor interacting protein 1 NR BOX II Peptide,,,True,False
2GIU,Human estrogen receptor beta ligand-binding domain in complex with compound 45,experimental,"[""X-RAY DIFFRACTION""]",[2.2],[0.227],[0.323],2006-03-29T00:00:00Z,2006-10-10T00:00:00Z,2024-04-03T00:00:00Z,P 61 2 2,1,1,1,1,The discovery of tetrahydrofluorenones as a new class of estrogen receptor beta-subtype selective ligands.,10.1016/j.bmcl.2006.03.098,2006.0,True,False
2GL8,Human Retinoic acid receptor RXR-gamma ligand-binding domain,experimental,"[""X-RAY DIFFRACTION""]",[2.4],[0.24266],[0.29574],2006-04-04T00:00:00Z,2006-04-18T00:00:00Z,2023-08-30T00:00:00Z,P 1 21 1,1,1,0,4,The Crystal Structure of Human Retinoic acid receptor RXR-gamma ligand-binding domain.,,,True,False
2GP7,Estrogen Related Receptor-gamma ligand binding domain,experimental,"[""X-RAY DIFFRACTION""]",[2.45],[0.207],[0.263],2006-04-17T00:00:00Z,2006-09-26T00:00:00Z,2023-08-30T00:00:00Z,P 21 21 21,1,1,1,4,X-ray crystal structures of the estrogen-related receptor-gamma ligand binding domain in three functional states reveal the molecular basis of small molecule regulation.,10.1074/jbc.M608410200,2006.0,True,False
2GPO,Estrogen Related Receptor-gamma ligand binding domain complexed with a synthetic peptide from RIP140,experimental,"[""X-RAY DIFFRACTION""]",[1.95],[0.181],[0.231],2006-04-18T00:00:00Z,2006-09-26T00:00:00Z,2024-02-14T00:00:00Z,P 41 21 2,2,2,0,2,X-ray crystal structures of the estrogen-related receptor-gamma ligand binding domain in three functional states reveal the molecular basis of small molecule regulation.,10.1074/jbc.M608410200,2006.0,True,False
2GPP,Estrogen Related Receptor-gamma ligand binding domain complexed with a RIP140 peptide and synthetic ligand GSK4716,experimental,"[""X-RAY DIFFRACTION""]",[2.6],[0.232],[0.257],2006-04-18T00:00:00Z,2006-09-26T00:00:00Z,2023-08-30T00:00:00Z,H 3,2,2,1,4,X-ray crystal structures of the estrogen-related receptor-gamma ligand binding domain in three functional states reveal the molecular basis of small molecule regulation.,10.1074/jbc.M608410200,2006.0,True,False
2GPU,Estrogen Related Receptor-gamma ligand binding domain complexed with 4-hydroxy-tamoxifen,experimental,"[""X-RAY DIFFRACTION""]",[1.7],[0.18],[0.195],2006-04-18T00:00:00Z,2006-09-26T00:00:00Z,2023-08-30T00:00:00Z,P 41 21 2,1,1,1,1,X-ray crystal structures of the estrogen-related receptor-gamma ligand binding domain in three functional states reveal the molecular basis of small molecule regulation.,10.1074/jbc.M608410200,2006.0,True,False
2GPV,Estrogen Related Receptor-gamma ligand binding domain complexed with 4-hydroxy-tamoxifen and a SMRT peptide,experimental,"[""X-RAY DIFFRACTION""]",[2.85],[0.219],[0.279],2006-04-18T00:00:00Z,2006-09-26T00:00:00Z,2023-08-30T00:00:00Z,C 1 2 1,2,2,1,9,X-ray crystal structures of the estrogen-related receptor-gamma ligand binding domain in three functional states reveal the molecular basis of small molecule regulation.,10.1074/jbc.M608410200,2006.0,True,False
2GTK,Structure-based Design of Indole Propionic Acids as Novel PPARag CO-Agonists,experimental,"[""X-RAY DIFFRACTION""]",[2.1],[0.19522],[0.26075],2006-04-28T00:00:00Z,2006-09-26T00:00:00Z,2024-04-03T00:00:00Z,P 21 21 21,2,2,1,2,Structure-based design of indole propionic acids as novel PPARalpha/gamma co-agonists,10.1016/j.bmcl.2006.05.007,2006.0,True,False
2GWX,MOLECULAR RECOGNITION OF FATTY ACIDS BY PEROXISOME PROLIFERATOR-ACTIVATED RECEPTORS,experimental,"[""X-RAY DIFFRACTION""]",[2.3],[0.246],[0.288],1999-03-11T00:00:00Z,2000-03-11T00:00:00Z,2023-12-27T00:00:00Z,P 1 21 1,1,1,0,2,Molecular recognition of fatty acids by peroxisome proliferator-activated receptors.,10.1016/S1097-2765(00)80467-0,1999.0,True,False
2H77,Crystal structure of human TR alpha bound T3 in monoclinic space group,experimental,"[""X-RAY DIFFRACTION""]",[2.33],[0.187],[0.238],2006-06-01T00:00:00Z,2006-07-25T00:00:00Z,2023-11-15T00:00:00Z,C 1 2 1,1,1,1,1,Structural rearrangements in the thyroid hormone receptor hinge domain and their putative role in the receptor function.,10.1016/j.jmb.2006.05.008,2006.0,True,False
2H79,Crystal Structure of human TR alpha bound T3 in orthorhombic space group,experimental,"[""X-RAY DIFFRACTION""]",[1.87],[0.149],[0.187],2006-06-01T00:00:00Z,2006-07-25T00:00:00Z,2023-11-15T00:00:00Z,P 21 21 21,1,1,1,1,Structural rearrangements in the thyroid hormone receptor hinge domain and their putative role in the receptor function.,10.1016/j.jmb.2006.05.008,2006.0,True,False
2HAM,Crystal structure of VDR LBD complexed to 2alpha-propyl-calcitriol,experimental,"[""X-RAY DIFFRACTION""]",[1.9],[0.186],[0.216],2006-06-13T00:00:00Z,2006-08-29T00:00:00Z,2023-10-25T00:00:00Z,P 21 21 21,1,1,1,1,"Probing a Water Channel near the A-Ring of Receptor-Bound 1alpha,25-Dihydroxyvitamin D3 with Selected 2alpha-Substituted Analogues",10.1021/jm0604070,2006.0,True,False
2HAR,Crystal structure of VDR LBD in complex with 2 alpha-(3-hydroxy-1-propoxy) calcitriol,experimental,"[""X-RAY DIFFRACTION""]",[1.9],[0.192],[0.227],2006-06-13T00:00:00Z,2006-08-29T00:00:00Z,2023-10-25T00:00:00Z,P 21 21 21,1,1,1,1,"Probing a Water Channel near the A-Ring of Receptor-Bound 1alpha,25-Dihydroxyvitamin D3 with Selected 2alpha-Substituted Analogues",10.1021/jm0604070,2006.0,True,False
2HAS,Crystal structure of VDR LBD in complex with 2alpha-(1-propoxy) calcitriol,experimental,"[""X-RAY DIFFRACTION""]",[1.96],[0.186],[0.228],2006-06-13T00:00:00Z,2006-08-29T00:00:00Z,2023-10-25T00:00:00Z,P 21 21 21,1,1,1,1,"Probing a Water Channel near the A-Ring of Receptor-Bound 1alpha,25-Dihydroxyvitamin D3 with Selected 2alpha-Substituted Analogues",10.1021/jm0604070,2006.0,True,False
2HB7,Crystal structure of VDR LBD in complex with 2alpha(3-hydroxy-1-propyl) calcitriol,experimental,"[""X-RAY DIFFRACTION""]",[1.8],[0.187],[0.204],2006-06-14T00:00:00Z,2006-08-29T00:00:00Z,2023-10-25T00:00:00Z,P 21 21 21,1,1,1,1,"Probing a Water Channel near the A-Ring of Receptor-Bound 1alpha,25-Dihydroxyvitamin D3 with Selected 2alpha-Substituted Analogues",10.1021/jm0604070,2006.0,True,False
2HB8,Crystal structure of VDR LBD in complex with 2alpha-methyl calcitriol,experimental,"[""X-RAY DIFFRACTION""]",[2.0],[0.186],[0.224],2006-06-14T00:00:00Z,2006-08-29T00:00:00Z,2023-10-25T00:00:00Z,P 21 21 21,1,1,1,1,"Probing a Water Channel near the A-Ring of Receptor-Bound 1alpha,25-Dihydroxyvitamin D3 with Selected 2alpha-Substituted Analogues",10.1021/jm0604070,2006.0,True,False
2HFP,Crystal Structure of PPAR Gamma with N-sulfonyl-2-indole carboxamide ligands,experimental,"[""X-RAY DIFFRACTION""]",[2.0],[0.205],[0.285],2006-06-25T00:00:00Z,2006-09-19T00:00:00Z,2024-02-14T00:00:00Z,P 21 21 21,2,2,1,2,Design and synthesis of novel N-sulfonyl-2-indole carboxamides as potent PPAR-gamma binding agents with potential application to the treatment of osteoporosis.,10.1016/j.bmcl.2006.08.003,2006.0,True,False
2HVC,The Crystal Structure of Ligand-binding Domain (LBD) of human Androgen Receptor in Complex with a selective modulator LGD2226,experimental,"[""X-RAY DIFFRACTION""]",[2.1],[0.221],[0.253],2006-07-28T00:00:00Z,2007-07-31T00:00:00Z,2023-10-25T00:00:00Z,P 21 21 21,1,1,1,1,Structure of the ligand-binding domain (LBD) of human androgen receptor in complex with a selective modulator LGD2226,10.1107/S1744309106039340,2006.0,True,False
2HWQ,Structural basis for the structure-activity relationships of Peroxisome Proliferator-Activated Receptor agonists,experimental,"[""X-RAY DIFFRACTION""]",[1.97],[0.2391],[0.2646],2006-08-01T00:00:00Z,2007-08-07T00:00:00Z,2023-10-25T00:00:00Z,P 1 21 1,1,1,1,2,Structural basis for the structure-activity relationships of peroxisome proliferator-activated receptor agonists,10.1021/jm060663c,2006.0,True,False
2HWR,Structural basis for the structure-activity relationships of Peroxisome Proliferator-Activated Receptor agonists,experimental,"[""X-RAY DIFFRACTION""]",[2.34],[0.233],[0.316],2006-08-01T00:00:00Z,2007-08-07T00:00:00Z,2023-10-25T00:00:00Z,P 1 21 1,1,1,1,2,Structural basis for the structure-activity relationships of peroxisome proliferator-activated receptor agonists,10.1021/jm060663c,2006.0,True,False
2I0G,Benzopyrans are Selective Estrogen Receptor beta Agonists (SERBAs) with Novel Activity in Models of Benign Prostatic Hyperplasia,experimental,"[""X-RAY DIFFRACTION""]",[2.5],[0.233],[0.271],2006-08-10T00:00:00Z,2006-10-24T00:00:00Z,2023-08-30T00:00:00Z,P 61,1,1,1,2,Benzopyrans are selective estrogen receptor Beta agonists with novel activity in models of benign prostatic hyperplasia.,10.1021/jm060491j,2006.0,True,False
2I0J,Benzopyrans are Selective Estrogen Receptor beta Agonists (SERBAs) with Novel Activity in Models of Benign Prostatic Hyperplasia,experimental,"[""X-RAY DIFFRACTION""]",[2.9],[0.241],[0.263],2006-08-10T00:00:00Z,2006-10-24T00:00:00Z,2023-08-30T00:00:00Z,P 1 21 1,1,1,1,4,Benzopyrans are selective estrogen receptor Beta agonists with novel activity in models of benign prostatic hyperplasia.,10.1021/jm060491j,2006.0,True,False
2I4J,Crystal structure of the complex between PPARgamma and the agonist LT160 (ureidofibrate derivative),experimental,"[""X-RAY DIFFRACTION""]",[2.1],[0.247],[0.278],2006-08-22T00:00:00Z,2007-04-17T00:00:00Z,2024-02-21T00:00:00Z,C 1 2 1,1,1,1,2,Insights into the mechanism of partial agonism: crystal structures of the peroxisome proliferator-activated receptor gamma ligand-binding domain in the complex with two enantiomeric ligands,10.1074/jbc.M702316200,2007.0,True,False
2I4P,Crystal structure of the complex between PPARgamma and the partial agonist LT127 (ureidofibrate derivative). Structure obtained from crystals of the apo-form soaked for 30 days.,experimental,"[""X-RAY DIFFRACTION""]",[2.1],[0.272],[0.295],2006-08-22T00:00:00Z,2007-04-17T00:00:00Z,2024-02-21T00:00:00Z,C 1 2 1,1,1,1,2,Insights into the mechanism of partial agonism: crystal structures of the peroxisome proliferator-activated receptor gamma ligand-binding domain in the complex with two enantiomeric ligands.,10.1074/jbc.M702316200,2007.0,True,False
2I4Z,Crystal structure of the complex between PPARgamma and the partial agonist LT127 (ureidofibrate derivative). This structure has been obtained from crystals soaked for 6 hours.,experimental,"[""X-RAY DIFFRACTION""]",[2.25],[0.238],[0.29],2006-08-23T00:00:00Z,2007-04-17T00:00:00Z,2023-08-30T00:00:00Z,C 1 2 1,1,1,1,2,Insights into the mechanism of partial agonism: crystal structures of the peroxisome proliferator-activated receptor gamma ligand-binding domain in the complex with two enantiomeric ligands,10.1074/jbc.M702316200,2007.0,True,False
2IOG,Human estrogen receptor alpha ligand-binding domain in complex with compound 11F,experimental,"[""X-RAY DIFFRACTION""]",[1.6],[],[0.328],2006-10-10T00:00:00Z,2007-10-09T00:00:00Z,2024-02-21T00:00:00Z,P 65 2 2,1,1,1,1,Estrogen receptor ligands. Part 16: 2-Aryl indoles as highly subtype selective ligands for ERalpha,10.1016/j.bmcl.2007.01.054,2007.0,True,False
2IOK,Human estrogen receptor alpha ligand-binding domain in complex with compound 1D,experimental,"[""X-RAY DIFFRACTION""]",[2.4],[],[0.323],2006-10-10T00:00:00Z,2007-10-09T00:00:00Z,2023-08-30T00:00:00Z,P 41,1,1,1,2,Estrogen receptor ligands. Part 16: 2-Aryl indoles as highly subtype selective ligands for ERalpha,10.1016/j.bmcl.2007.01.054,2007.0,True,False
2J14,"3,4,5-Trisubstituted Isoxazoles as Novel PPARdelta Agonists: Part2",experimental,"[""X-RAY DIFFRACTION""]",[2.8],[0.224],[0.284],2006-08-08T00:00:00Z,2006-09-06T00:00:00Z,2023-12-13T00:00:00Z,P 1 21 1,1,1,1,2,"3,4,5-Trisubstituted Isoxazoles as Novel Ppardelta Agonists. Part 2",10.1016/J.BMCL.2006.08.052,2006.0,True,False
2J4A,Human Thyroid hormone receptor beta ligand binding domain in complex with KB131084,experimental,"[""X-RAY DIFFRACTION""]",[2.2],[0.2297],[0.2729],2006-08-28T00:00:00Z,2007-09-25T00:00:00Z,2024-05-08T00:00:00Z,C 2 2 21,1,1,1,1,"Thyroid Receptor Ligands. 6. A High Affinity ""Direct Antagonist"" Selective for the Thyroid Hormone Receptor.",10.1021/JM060521I,2006.0,True,False
2JF9,ESTROGEN RECEPTOR ALPHA LBD IN COMPLEX WITH A TAMOXIFEN-SPECIFIC PEPTIDE ANTAGONIST,experimental,"[""X-RAY DIFFRACTION""]",[2.1],[0.18],[0.198],2007-01-29T00:00:00Z,2007-02-20T00:00:00Z,2023-12-13T00:00:00Z,P 32 2 1,2,2,4,6,Structural Insights Into Corepressor Recognition by Antagonist-Bound Estrogen Receptors.,10.1074/JBC.M611424200,2007.0,True,False
2JFA,ESTROGEN RECEPTOR ALPHA LBD IN COMPLEX WITH AN AFFINITY-SELECTED COREPRESSOR PEPTIDE,experimental,"[""X-RAY DIFFRACTION""]",[2.55],[0.193],[0.213],2007-01-29T00:00:00Z,2007-02-20T00:00:00Z,2023-12-13T00:00:00Z,P 32 2 1,3,3,2,4,Structural Insights Into Corepressor Recognition by Antagonist-Bound Estrogen Receptors.,10.1074/JBC.M611424200,2007.0,True,False
2JJ3,Estrogen receptor beta ligand binding domain in complex with a Benzopyran agonist,experimental,"[""X-RAY DIFFRACTION""]",[2.28],[0.235],[0.255],2007-07-03T00:00:00Z,2007-08-07T00:00:00Z,2024-05-08T00:00:00Z,P 61,1,1,1,2,Benzopyrans as Selective Estrogen Receptor Beta Agonists (Serbas). Part 4: Functionalization of the Benzopyran A-Ring.,10.1016/J.BMCL.2007.07.009,2007.0,True,False
2LBD,LIGAND-BINDING DOMAIN OF THE HUMAN RETINOIC ACID RECEPTOR GAMMA BOUND TO ALL-TRANS RETINOIC ACID,experimental,"[""X-RAY DIFFRACTION""]",[2.06],[0.21],[0.313],1997-08-19T00:00:00Z,1997-11-12T00:00:00Z,2024-02-21T00:00:00Z,P 41 21 2,1,1,1,1,Crystal structure of the RAR-gamma ligand-binding domain bound to all-trans retinoic acid.,10.1038/378681a0,1995.0,True,False
2LLO,Solution NMR-derived structure of calmodulin N-lobe bound with ER alpha peptide,experimental,"[""SOLUTION NMR""]",[],[],[],2011-11-15T00:00:00Z,2012-02-01T00:00:00Z,2024-05-01T00:00:00Z,,2,2,1,2,Structural basis for Ca2+-induced activation and dimerization of estrogen receptor alpha by calmodulin.,10.1074/jbc.M111.334797,2012.0,True,False
2LLQ,Solution nmr-derived structure of calmodulin c-lobe bound with er alpha peptide,experimental,"[""SOLUTION NMR""]",[],[],[],2011-11-15T00:00:00Z,2012-02-01T00:00:00Z,2024-05-01T00:00:00Z,,2,2,1,2,Structural basis for Ca2+-induced activation and dimerization of estrogen receptor alpha by calmodulin.,10.1074/jbc.M111.334797,2012.0,True,False
2NLL,RETINOID X RECEPTOR-THYROID HORMONE RECEPTOR DNA-BINDING DOMAIN HETERODIMER BOUND TO THYROID RESPONSE ELEMENT DNA,experimental,"[""X-RAY DIFFRACTION""]",[1.9],[0.206],[0.269],1996-11-20T00:00:00Z,1997-03-12T00:00:00Z,2024-02-21T00:00:00Z,P 21 21 21,4,2,1,4,Structural determinants of nuclear receptor assembly on DNA direct repeats.,10.1038/375203a0,1995.0,True,False
2NPA,the crystal structure of the human PPARaplpha ligand binding domain in complex with a a-hydroxyimino phenylpropanoic acid,experimental,"[""X-RAY DIFFRACTION""]",[2.3],[0.22],[0.26],2006-10-26T00:00:00Z,2007-10-30T00:00:00Z,2023-10-25T00:00:00Z,P 1 21 1,2,2,1,4,Design and synthesis of oxime ethers of alpha-acyl-beta-phenylpropanoic acids as PPAR dual agonists,10.1016/j.bmcl.2006.11.050,2007.0,True,False
2NV7,Crystal Structure of Estrogen Receptor Beta Complexed with WAY-555,experimental,"[""X-RAY DIFFRACTION""]",[2.1],[0.211],[0.265],2006-11-10T00:00:00Z,2007-08-21T00:00:00Z,2024-04-03T00:00:00Z,P 21 21 21,2,2,1,4,ERbeta ligands. Part 5: synthesis and structure-activity relationships of a series of 4'-hydroxyphenyl-aryl-carbaldehyde oxime derivatives.,10.1016/j.bmcl.2006.11.066,2007.0,True,False
2O9I,Crystal Structure of the Human Pregnane X Receptor LBD in complex with an SRC-1 coactivator peptide and T0901317,experimental,"[""X-RAY DIFFRACTION""]",[2.8],[0.228],[0.24],2006-12-13T00:00:00Z,2007-01-30T00:00:00Z,2023-08-30T00:00:00Z,P 21 21 21,2,2,1,4,Crystal structure of the PXR-T1317 complex provides a scaffold to examine the potential for receptor antagonism.,10.1016/j.bmc.2006.12.026,2007.0,True,False
2OAX,Crystal structure of the S810L mutant mineralocorticoid receptor associated with SC9420,experimental,"[""X-RAY DIFFRACTION""]",[2.29],[0.24],[0.263],2006-12-18T00:00:00Z,2007-08-14T00:00:00Z,2023-08-30T00:00:00Z,P 32,1,1,1,6,Structural basis of spirolactone recognition by the mineralocorticoid receptor,10.1124/mol.107.036459,2007.0,True,False
2OCF,Human estrogen receptor alpha ligand-binding domain in complex with estradiol and the E2#23 FN3 monobody,experimental,"[""X-RAY DIFFRACTION""]",[2.95],[0.19146],[0.25091],2006-12-20T00:00:00Z,2007-11-06T00:00:00Z,2024-11-06T00:00:00Z,P 61 2 2,2,2,1,2,Probing protein conformational changes in living cells by using designer binding proteins: application to the estrogen receptor.,10.1073/pnas.032665299,2002.0,True,False
2OM9,"Ajulemic acid, a synthetic cannabinoid bound to PPAR gamma",experimental,"[""X-RAY DIFFRACTION""]",[2.8],[0.217],[0.267],2007-01-21T00:00:00Z,2007-04-24T00:00:00Z,2023-08-30T00:00:00Z,P 1,1,1,1,4,"Ajulemic Acid, a Synthetic Nonpsychoactive Cannabinoid Acid, Bound to the Ligand Binding Domain of the Human Peroxisome Proliferator-activated Receptor gamma",10.1074/jbc.M702538200,2007.0,True,False
2OUZ,Crystal Structure of Estrogen Receptor alpha-lasofoxifene complex,experimental,"[""X-RAY DIFFRACTION""]",[2.0],[0.199],[0.269],2007-02-12T00:00:00Z,2007-05-08T00:00:00Z,2023-08-30T00:00:00Z,P 65 2 2,1,1,1,1,The 2.0 A crystal structure of the ER{alpha} ligand-binding domain complexed with lasofoxifene,10.1110/ps.062729207,2007.0,True,False
2OVH,Progesterone Receptor with Bound Asoprisnil and a Peptide from the Co-Repressor SMRT,experimental,"[""X-RAY DIFFRACTION""]",[2.0],[0.198],[0.222],2007-02-13T00:00:00Z,2007-03-20T00:00:00Z,2024-03-13T00:00:00Z,P 32 2 1,2,2,1,2,A structural and in vitro characterization of asoprisnil: a selective progesterone receptor modulator.,10.1210/me.2006-0524,2007.0,True,False
2OVM,Progesterone Receptor with Bound Asoprisnil and a Peptide from the Co-Repressor NCoR,experimental,"[""X-RAY DIFFRACTION""]",[2.6],[0.219],[0.244],2007-02-14T00:00:00Z,2007-03-20T00:00:00Z,2023-08-30T00:00:00Z,P 32 2 1,2,2,1,2,A structural and in vitro characterization of asoprisnil: a selective progesterone receptor modulator.,10.1210/me.2006-0524,2007.0,True,False
2OZ7,Crystal structure of the human androgen receptor T877A mutant ligand-binding domain with cyproterone acetate,experimental,"[""X-RAY DIFFRACTION""]",[1.8],[0.253],[0.27],2007-02-25T00:00:00Z,2007-03-27T00:00:00Z,2023-08-30T00:00:00Z,P 21 21 21,1,1,1,1,Crystal structure of the T877A human androgen receptor ligand-binding domain complexed to cyproterone acetate provides insight for ligand-induced conformational changes and structure-based drug design.,10.1074/jbc.M611711200,2007.0,True,False
2P15,Crystal structure of the ER alpha ligand binding domain with the agonist ortho-trifluoromethylphenylvinyl estradiol,experimental,"[""X-RAY DIFFRACTION""]",[1.94],[0.158],[0.216],2007-03-02T00:00:00Z,2007-05-01T00:00:00Z,2024-02-21T00:00:00Z,P 1 21 1,2,2,1,4,Structural plasticity in the oestrogen receptor ligand-binding domain.,10.1038/sj.embor.7400963,2007.0,True,False
2P1T,Crystal structure of the ligand binding domain of the retinoid X receptor alpha in complex with 3-(2'-methoxy)-tetrahydronaphtyl cinnamic acid and a fragment of the coactivator TIF-2,experimental,"[""X-RAY DIFFRACTION""]",[1.8],[0.197],[0.218],2007-03-06T00:00:00Z,2007-10-09T00:00:00Z,2023-08-30T00:00:00Z,P 43 21 2,2,2,1,2,Modulators of the structural dynamics of the retinoid X receptor to reveal receptor function.,10.1073/pnas.0705356104,2007.0,True,False
2P1U,Crystal structure of the ligand binding domain of the retinoid X receptor alpha in complex with 3-(2'-ethoxy)-tetrahydronaphtyl cinnamic acid and a fragment of the coactivator TIF-2,experimental,"[""X-RAY DIFFRACTION""]",[2.2],[0.199],[0.251],2007-03-06T00:00:00Z,2007-10-09T00:00:00Z,2023-08-30T00:00:00Z,P 43 21 2,2,2,1,2,Modulators of the structural dynamics of the retinoid X receptor to reveal receptor function.,10.1073/pnas.0705356104,2007.0,True,False
2P1V,Crystal structure of the ligand binding domain of the retinoid X receptor alpha in complex with 3-(2'-propoxy)-tetrahydronaphtyl cinnamic acid and a fragment of the coactivator TIF-2,experimental,"[""X-RAY DIFFRACTION""]",[2.2],[0.196],[0.232],2007-03-06T00:00:00Z,2007-10-09T00:00:00Z,2023-08-30T00:00:00Z,P 43 21 2,2,2,1,2,Modulators of the structural dynamics of the retinoid X receptor to reveal receptor function.,10.1073/pnas.0705356104,2007.0,True,False
2P4Y,Crystal structure of human PPAR-gamma-ligand binding domain complexed with an indole-based modulator,experimental,"[""X-RAY DIFFRACTION""]",[2.25],[0.232],[0.274],2007-03-13T00:00:00Z,2008-01-08T00:00:00Z,2024-04-03T00:00:00Z,C 1 2 1,1,1,2,2,The differential interactions of peroxisome proliferator-activated receptor gamma ligands with Tyr473 is a physical basis for their unique biological activities.,10.1124/mol.107.041202,2008.0,True,False
2P54,a crystal structure of PPAR alpha bound with SRC1 peptide and GW735,experimental,"[""X-RAY DIFFRACTION""]",[1.79],[0.204],[0.227],2007-03-14T00:00:00Z,2007-04-24T00:00:00Z,2024-04-03T00:00:00Z,P 21 21 2,2,2,1,2,Substituted 2-[(4-Aminomethyl)phenoxy]-2-methylpropionic Acid PPAR Agonists. 1.Discovery of a Novel Series of Potent HDLc Raising Agents.,10.1021/jm058056x,2007.0,True,False
2P7A,Crystal Structure of Estrogen Related Receptor g in complex with 3-methyl phenol,experimental,"[""X-RAY DIFFRACTION""]",[2.3],[0.205],[0.256],2007-03-20T00:00:00Z,2008-02-26T00:00:00Z,2024-04-03T00:00:00Z,P 41 21 2,1,1,1,1,Structural determination of estrogen-related receptor gamma in the presence of phenol derivative compounds.,10.1016/j.jsbmb.2007.06.006,2008.0,True,False
2P7G,X-ray Structure of Estrogen Related Receptor g in complex with Bisphenol A.,experimental,"[""X-RAY DIFFRACTION""]",[2.1],[0.215],[0.26],2007-03-20T00:00:00Z,2008-02-26T00:00:00Z,2023-08-30T00:00:00Z,P 41 21 2,1,1,2,1,Structural determination of estrogen-related receptor gamma in the presence of phenol derivative compounds.,10.1016/j.jsbmb.2007.06.006,2008.0,True,False
2P7Z,Estrogen Related Receptor Gamma in complex with 4-hydroxy-tamoxifen,experimental,"[""X-RAY DIFFRACTION""]",[2.5],[0.213],[0.263],2007-03-21T00:00:00Z,2008-02-26T00:00:00Z,2024-04-03T00:00:00Z,P 41 21 2,1,1,1,1,Structural determination of estrogen-related receptor gamma in the presence of phenol derivative compounds.,10.1016/j.jsbmb.2007.06.006,2008.0,True,False
2PIN,Thyroid receptor beta in complex with inhibitor,experimental,"[""X-RAY DIFFRACTION""]",[2.3],[0.216],[0.256],2007-04-13T00:00:00Z,2008-02-26T00:00:00Z,2024-02-21T00:00:00Z,P 1 21 1,1,1,3,2,Structural insight into the mode of action of a direct inhibitor of coregulator binding to the thyroid hormone receptor.,10.1210/me.2007-0174,2007.0,True,False
2PIO,Androgen receptor LBD with small molecule,experimental,"[""X-RAY DIFFRACTION""]",[2.03],[0.2455],[0.2868],2007-04-13T00:00:00Z,2007-09-25T00:00:00Z,2024-02-21T00:00:00Z,P 21 21 21,1,1,3,1,A surface on the androgen receptor that allosterically regulates coactivator binding.,10.1073/pnas.0708036104,2007.0,True,False
2PIP,Androgen receptor LBD with small molecule,experimental,"[""X-RAY DIFFRACTION""]",[1.8],[0.24],[0.25],2007-04-13T00:00:00Z,2007-09-25T00:00:00Z,2024-02-21T00:00:00Z,P 21 21 21,1,1,4,1,A surface on the androgen receptor that allosterically regulates coactivator binding.,10.1073/pnas.0708036104,2007.0,True,False
2PIQ,androgen receptor LBD with small molecule,experimental,"[""X-RAY DIFFRACTION""]",[2.4],[0.21],[0.25],2007-04-13T00:00:00Z,2007-09-25T00:00:00Z,2024-02-21T00:00:00Z,P 21 21 21,1,1,3,1,A surface on the androgen receptor that allosterically regulates coactivator binding.,10.1073/pnas.0708036104,2007.0,True,False
2PIR,Androgen receptor LBD with small molecule,experimental,"[""X-RAY DIFFRACTION""]",[2.1],[0.22],[0.26],2007-04-13T00:00:00Z,2007-09-25T00:00:00Z,2024-02-21T00:00:00Z,P 21 21 21,1,1,3,1,A surface on the androgen receptor that allosterically regulates coactivator binding.,10.1073/pnas.0708036104,2007.0,True,False
2PIT,Androgen receptor LBD with small molecule,experimental,"[""X-RAY DIFFRACTION""]",[1.76],[0.22],[0.25],2007-04-13T00:00:00Z,2007-09-25T00:00:00Z,2024-10-30T00:00:00Z,P 21 21 21,1,1,3,1,A surface on the androgen receptor that allosterically regulates coactivator binding.,10.1073/pnas.0708036104,2007.0,True,False
2PIU,Androgen receptor LBD with small molecule,experimental,"[""X-RAY DIFFRACTION""]",[2.12],[0.24],[0.27],2007-04-13T00:00:00Z,2007-09-25T00:00:00Z,2024-02-21T00:00:00Z,P 21 21 21,1,1,2,1,A surface on the androgen receptor that allosterically regulates coactivator binding.,10.1073/pnas.0708036104,2007.0,True,False
2PIV,Androgen receptor with small molecule,experimental,"[""X-RAY DIFFRACTION""]",[1.95],[0.23],[0.25],2007-04-13T00:00:00Z,2007-09-25T00:00:00Z,2023-11-15T00:00:00Z,P 21 21 21,1,1,3,1,A surface on the androgen receptor that allosterically regulates coactivator binding.,10.1073/pnas.0708036104,2007.0,True,False
2PIW,Androgen receptor with small molecule,experimental,"[""X-RAY DIFFRACTION""]",[2.58],[0.24],[0.28],2007-04-13T00:00:00Z,2007-09-25T00:00:00Z,2023-11-15T00:00:00Z,P 21 21 21,1,1,2,1,A surface on the androgen receptor that allosterically regulates coactivator binding.,10.1073/pnas.0708036104,2007.0,True,False
2PIX,AR LBD with small molecule,experimental,"[""X-RAY DIFFRACTION""]",[2.4],[0.25],[0.28],2007-04-13T00:00:00Z,2007-09-25T00:00:00Z,2024-02-21T00:00:00Z,P 21 21 21,1,1,2,1,A surface on the androgen receptor that allosterically regulates coactivator binding.,10.1073/pnas.0708036104,2007.0,True,False
2PJL,Crystal Structure of Human Estrogen-Related Receptor alpha in Complex with a Synthetic Inverse Agonist reveals its Novel Molecular Mechanism,experimental,"[""X-RAY DIFFRACTION""]",[2.3],[0.219],[0.281],2007-04-16T00:00:00Z,2007-06-12T00:00:00Z,2023-08-30T00:00:00Z,H 3,1,1,1,2,Crystal structure of human estrogen-related receptor alpha in complex with a synthetic inverse agonist reveals its novel molecular mechanism.,10.1074/jbc.M703337200,2007.0,True,False
2PKL,Androgen receptor LBD with small molecule,experimental,"[""X-RAY DIFFRACTION""]",[2.49],[],[0.26],2007-04-17T00:00:00Z,2007-09-25T00:00:00Z,2024-02-21T00:00:00Z,P 21 21 21,2,2,2,2,A surface on the androgen receptor that allosterically regulates coactivator binding.,10.1073/pnas.0708036104,2007.0,True,False
2PNU,Crystal structure of human androgen receptor ligand-binding domain in complex with EM-5744,experimental,"[""X-RAY DIFFRACTION""]",[1.65],[0.183],[0.205],2007-04-25T00:00:00Z,2007-09-11T00:00:00Z,2024-10-16T00:00:00Z,P 21 21 21,1,1,4,1,"Structural Characterization of the Human Androgen Receptor Ligand-binding Domain Complexed with EM5744, a Rationally Designed Steroidal Ligand Bearing a Bulky Chain Directed toward Helix 12.",10.1074/jbc.M705524200,2007.0,True,False
2POB,PPARgamma Ligand binding domain complexed with a farglitazar analogue gw4709,experimental,"[""X-RAY DIFFRACTION""]",[2.3],[0.2245],[0.27302],2007-04-26T00:00:00Z,2008-03-18T00:00:00Z,2024-04-03T00:00:00Z,C 1 2 1,1,1,2,2,Cocrystal structure guided array synthesis of PPARgamma inverse agonists,10.1016/j.bmcl.2007.04.111,2007.0,True,False
2POG,Benzopyrans as Selective Estrogen Receptor b Agonists (SERBAs). Part 2: Structure Activity Relationship Studies on the Benzopyran Scaffold.,experimental,"[""X-RAY DIFFRACTION""]",[1.84],[0.233],[0.252],2007-04-26T00:00:00Z,2007-09-11T00:00:00Z,2024-02-21T00:00:00Z,C 2 2 21,1,1,1,2,Benzopyrans as selective estrogen receptor beta agonists (SERBAs). Part 2: structure-activity relationship studies on the benzopyran scaffold.,10.1016/j.bmcl.2007.04.051,2007.0,True,False
2PRG,LIGAND-BINDING DOMAIN OF THE HUMAN PEROXISOME PROLIFERATOR ACTIVATED RECEPTOR GAMMA,experimental,"[""X-RAY DIFFRACTION""]",[2.3],[0.207],[0.264],1998-08-14T00:00:00Z,1999-07-19T00:00:00Z,2024-05-22T00:00:00Z,P 21 21 21,2,2,1,3,Ligand binding and co-activator assembly of the peroxisome proliferator-activated receptor-gamma.,10.1038/25931,1998.0,True,False
2Q3Y,Ancestral Corticiod Receptor in Complex with DOC,experimental,"[""X-RAY DIFFRACTION""]",[2.4],[0.196],[0.24],2007-05-30T00:00:00Z,2007-09-04T00:00:00Z,2024-04-03T00:00:00Z,P 43 21 2,2,2,2,2,Crystal structure of an ancient protein: evolution by conformational epistasis,10.1126/science.1142819,2007.0,True,False
2Q59,Crystal Structure of PPARgamma LBD bound to full agonist MRL20,experimental,"[""X-RAY DIFFRACTION""]",[2.2],[0.183],[0.23],2007-05-31T00:00:00Z,2007-10-23T00:00:00Z,2024-10-30T00:00:00Z,C 1 2 1,2,2,1,2,Partial Agonists Activate PPARgamma Using a Helix 12 Independent Mechanism,10.1016/j.str.2007.07.014,2007.0,True,False
2Q5G,Ligand binding domain of PPAR delta receptor in complex with a partial agonist,experimental,"[""X-RAY DIFFRACTION""]",[2.7],[0.225],[0.305],2007-06-01T00:00:00Z,2008-06-03T00:00:00Z,2023-08-30T00:00:00Z,C 1 2 1,1,1,1,2,Design of a partial PPARdelta agonist.,10.1016/j.bmcl.2007.05.079,2007.0,True,False
2Q5P,Crystal Structure of PPARgamma bound to partial agonist MRL24,experimental,"[""X-RAY DIFFRACTION""]",[2.3],[0.206],[0.247],2007-06-01T00:00:00Z,2007-10-23T00:00:00Z,2023-08-30T00:00:00Z,C 1 2 1,1,1,1,2,Partial Agonists Activate PPARgamma Using a Helix 12 Independent Mechanism,10.1016/j.str.2007.07.014,2007.0,True,False
2Q5S,Crystal Structure of PPARgamma bound to partial agonist nTZDpa,experimental,"[""X-RAY DIFFRACTION""]",[2.05],[0.197],[0.245],2007-06-01T00:00:00Z,2007-10-23T00:00:00Z,2023-08-30T00:00:00Z,C 1 2 1,1,1,1,2,Partial Agonists Activate PPARgamma Using a Helix 12 Independent Mechanism,10.1016/j.str.2007.07.014,2007.0,True,False
2Q61,Crystal Structure of PPARgamma ligand binding domain bound to partial agonist SR145,experimental,"[""X-RAY DIFFRACTION""]",[2.197],[0.188],[0.229],2007-06-04T00:00:00Z,2007-10-23T00:00:00Z,2023-08-30T00:00:00Z,C 1 2 1,1,1,1,2,Partial Agonists Activate PPARgamma Using a Helix 12 Independent Mechanism,10.1016/j.str.2007.07.014,2007.0,True,False
2Q6J,Crystal Structure of Estrogen Receptor alpha Complexed to a B-N Substituted Ligand,experimental,"[""X-RAY DIFFRACTION""]",[2.7],[0.227],[0.297],2007-06-05T00:00:00Z,2007-06-26T00:00:00Z,2023-08-30T00:00:00Z,P 1 21 1,2,2,1,4,Elemental isomerism: a boron-nitrogen surrogate for a carbon-carbon double bond increases the chemical diversity of estrogen receptor ligands,10.1016/j.chembiol.2007.04.009,2007.0,True,False
2Q6R,Crystal structure of PPAR gamma complexed with partial agonist SF147,experimental,"[""X-RAY DIFFRACTION""]",[2.407],[0.269],[0.284],2007-06-01T00:00:00Z,2007-10-23T00:00:00Z,2023-08-30T00:00:00Z,C 1 2 1,1,1,1,2,Partial Agonists Activate PPARgamma Using a Helix 12 Independent Mechanism,10.1016/j.str.2007.07.014,2007.0,True,False
2Q6S,2.4 angstrom crystal structure of PPAR gamma complexed to BVT.13 without co-activator peptides,experimental,"[""X-RAY DIFFRACTION""]",[2.4],[0.206],[0.264],2007-06-01T00:00:00Z,2007-10-23T00:00:00Z,2023-08-30T00:00:00Z,C 1 2 1,1,1,1,2,Partial Agonists Activate PPARgamma Using a Helix 12 Independent Mechanism,10.1016/j.str.2007.07.014,2007.0,True,False
2Q70,Estrogen receptor alpha ligand-binding domain complxed to a benzopyran ligand,experimental,"[""X-RAY DIFFRACTION""]",[1.95],[0.26],[0.303],2007-06-05T00:00:00Z,2007-08-07T00:00:00Z,2024-02-21T00:00:00Z,C 2 2 21,1,1,1,2,Benzopyrans as selective estrogen receptor beta agonists (SERBAs). Part 3: synthesis of cyclopentanone and cyclohexanone intermediates for C-ring modification.,10.1016/j.bmcl.2007.06.052,2007.0,True,False
2Q7I,The Wild Type Androgen Receptor Ligand Binding Domain Bound with Testosterone and an AR 20-30 Peptide,experimental,"[""X-RAY DIFFRACTION""]",[1.87],[0.17303],[0.21714],2007-06-06T00:00:00Z,2007-07-24T00:00:00Z,2024-02-21T00:00:00Z,P 21 21 21,2,2,3,2,Modulation of androgen receptor activation function 2 by testosterone and dihydrotestosterone.,10.1074/jbc.M703268200,2007.0,True,False
2Q7J,The Wild Type Androgen Receptor Ligand Binding Domain Bound with Testosterone and a TIF2 box 3 Coactivator Peptide 740-753,experimental,"[""X-RAY DIFFRACTION""]",[1.9],[0.18023],[0.22027],2007-06-07T00:00:00Z,2007-07-24T00:00:00Z,2024-02-21T00:00:00Z,P 21 21 21,2,2,3,2,Modulation of androgen receptor activation function 2 by testosterone and dihydrotestosterone.,10.1074/jbc.M703268200,2007.0,True,False
2Q7K,The Androgen Receptor Prostate Cancer Mutant H874Y Ligand Binding Domain Bound with Testosterone and an AR 20-30 Peptide,experimental,"[""X-RAY DIFFRACTION""]",[1.8],[0.18023],[0.20856],2007-06-07T00:00:00Z,2007-07-24T00:00:00Z,2024-02-21T00:00:00Z,P 21 21 21,2,2,3,2,Modulation of androgen receptor activation function 2 by testosterone and dihydrotestosterone.,10.1074/jbc.M703268200,2007.0,True,False
2Q7L,The Androgen Receptor Prostate Cancer Mutant H874Y Ligand Binding Domain Bound with Testosterone and a TIF2 box3 Coactivator Peptide 740-753,experimental,"[""X-RAY DIFFRACTION""]",[1.92],[0.18248],[0.22051],2007-06-07T00:00:00Z,2007-07-24T00:00:00Z,2024-02-21T00:00:00Z,P 21 21 21,2,2,2,2,Modulation of androgen receptor activation function 2 by testosterone and dihydrotestosterone.,10.1074/jbc.M703268200,2007.0,True,False
2Q8S,X-ray Crystal structure of the nuclear hormone receptor PPAR-gamma in a complex with a PPAR gamma/alpha dual agonist,experimental,"[""X-RAY DIFFRACTION""]",[2.3],[0.22239],[0.28223],2007-06-11T00:00:00Z,2008-10-14T00:00:00Z,2023-08-30T00:00:00Z,C 1 2 1,1,1,1,2,"Effects of modifications of the linker in a series of phenylpropanoic acid derivatives: Synthesis, evaluation as PPARalpha/gamma dual agonists, and X-ray crystallographic studies.",10.1016/j.bmc.2008.03.043,2008.0,True,False
2QA6,"Crystal Structure of Estrogen Receptor Alpha mutant 537S Complexed with 4-(6-hydroxy-1H-indazol-3-yl)benzene-1,3-diol",experimental,"[""X-RAY DIFFRACTION""]",[2.6],[0.195],[0.249],2007-06-14T00:00:00Z,2008-03-18T00:00:00Z,2024-02-21T00:00:00Z,P 1 21 1,2,2,1,4,NFkappaB selectivity of estrogen receptor ligands revealed by comparative crystallographic analyses,10.1038/nchembio.76,2008.0,True,False
2QA8,Crystal Structure of the Estrogen Receptor Alpha Ligand Binding Domain Mutant 537S Complexed with Genistein,experimental,"[""X-RAY DIFFRACTION""]",[1.85],[0.211],[0.264],2007-06-14T00:00:00Z,2008-03-18T00:00:00Z,2024-10-16T00:00:00Z,P 1 21 1,3,3,1,4,NFkappaB selectivity of estrogen receptor ligands revealed by comparative crystallographic analyses,10.1038/nchembio.76,2008.0,True,False
2QAB,Crystal Structure of Estrogen Receptor Alpha Ligand Binding Domain Mutant 537S Complexed with an Ethyl Indazole Compound,experimental,"[""X-RAY DIFFRACTION""]",[1.89],[0.224],[0.27],2007-06-14T00:00:00Z,2008-03-18T00:00:00Z,2024-02-21T00:00:00Z,P 1 21 1,2,2,1,4,NFkappaB selectivity of estrogen receptor ligands revealed by comparative crystallographic analyses,10.1038/nchembio.76,2008.0,True,False
2QE4,Estrogen receptor alpha ligand-binding domain in complex with a benzopyran agonist,experimental,"[""X-RAY DIFFRACTION""]",[2.4],[0.241],[0.279],2007-06-22T00:00:00Z,2007-09-04T00:00:00Z,2024-02-21T00:00:00Z,C 1 2 1,1,1,1,2,Benzopyrans as selective estrogen receptor beta agonists (SERBAs). Part 4: Functionalization of the benzopyran A-ring.,10.1016/j.bmcl.2007.07.009,2007.0,True,False
2QGT,Crystal Structure of the Estrogen Receptor Alpha Ligand Binding Domain Complexed to an Ether Estradiol Compound,experimental,"[""X-RAY DIFFRACTION""]",[2.15],[0.192],[0.24],2007-06-29T00:00:00Z,2008-03-18T00:00:00Z,2023-08-30T00:00:00Z,P 1 21 1,2,2,1,4,NFkappaB selectivity of estrogen receptor ligands revealed by comparative crystallographic analyses,10.1038/nchembio.76,2008.0,True,False
2QGW,Crystal Structure of the Estrogen Receptor Alpha Ligand Binding Domain Complexed with a Chloro-Indazole Compound,experimental,"[""X-RAY DIFFRACTION""]",[2.39],[0.238],[0.296],2007-06-29T00:00:00Z,2008-03-18T00:00:00Z,2023-08-30T00:00:00Z,P 1 21 1,2,2,1,4,NFkappaB selectivity of estrogen receptor ligands revealed by comparative crystallographic analyses,10.1038/nchembio.76,2008.0,True,False
2QH6,Crystal Structure of the Estrogen Receptor Alpha Ligand Binding Domain Complexed with an Oxabicyclic diarylethylene Compound,experimental,"[""X-RAY DIFFRACTION""]",[2.7],[0.205],[0.291],2007-06-29T00:00:00Z,2008-03-18T00:00:00Z,2023-08-30T00:00:00Z,P 1 21 1,2,2,1,4,NFkappaB selectivity of estrogen receptor ligands revealed by comparative crystallographic analyses,10.1038/nchembio.76,2008.0,True,False
2QMV,High Resolution Structure of Peroxisone Proliferation-Activated Receptor gamma and Characterisation of its Interaction with the Co-activator Transcriptional Intermediary Factor 2,experimental,"[""SOLUTION NMR""]",[],[],[],2007-07-17T00:00:00Z,2008-09-02T00:00:00Z,2024-05-01T00:00:00Z,,1,1,0,1,High Resolution Structure of Peroxisone Proliferation-Activated Receptor gamma and Characterisation of its Interaction with the Co-activator Transcriptional Intermediary Factor 2,,,True,False
2QNV,Crystal Structure of the Pregnane X Receptor bound to Colupulone,experimental,"[""X-RAY DIFFRACTION""]",[2.8],[0.242],[0.284],2007-07-19T00:00:00Z,2008-07-29T00:00:00Z,2023-08-30T00:00:00Z,P 43 21 2,1,1,1,1,Crystal Structure of the Pregnane X Receptor bound to Colupulone,,,True,False
2QR9,Crystal Structure of the Estrogen Receptor Alpha Ligand Binding Domain Complexed with an Oxabicyclic Derivative Compound,experimental,"[""X-RAY DIFFRACTION""]",[2.0],[0.214],[0.262],2007-07-27T00:00:00Z,2008-03-18T00:00:00Z,2023-08-30T00:00:00Z,P 1 21 1,2,2,1,4,NFkappaB selectivity of estrogen receptor ligands revealed by comparative crystallographic analyses,10.1038/nchembio.76,2008.0,True,False
2QSE,Crystal Structure of the Estrogen Receptor Alpha Ligand Binding Domain complexed with Burned Meat Compound 4-OH-PhIP,experimental,"[""X-RAY DIFFRACTION""]",[1.85],[0.169],[0.225],2007-07-30T00:00:00Z,2008-03-18T00:00:00Z,2023-08-30T00:00:00Z,P 1 21 1,2,2,1,4,NFkappaB selectivity of estrogen receptor ligands revealed by comparative crystallographic analyses,10.1038/nchembio.76,2008.0,True,False
2QTU,Estrogen receptor beta ligand-binding domain complexed to a benzopyran ligand,experimental,"[""X-RAY DIFFRACTION""]",[2.53],[0.264],[0.279],2007-08-02T00:00:00Z,2007-10-30T00:00:00Z,2024-02-21T00:00:00Z,P 61,1,1,1,2,Benzopyrans as selective estrogen receptor beta agonists (SERBAs). Part 5: Combined A- and C-ring structure-activity relationship studies.,10.1016/j.bmcl.2007.08.009,2007.0,True,False
2QW4,Human NR4A1 ligand-binding domain,experimental,"[""X-RAY DIFFRACTION""]",[2.8],[0.23],[0.292],2007-08-09T00:00:00Z,2007-08-21T00:00:00Z,2023-08-30T00:00:00Z,P 21 21 21,1,1,0,4,Crystal Structure of Human Nr4A1 Ligand-Binding Domain,,,True,False
2QXM,Crystal Structure of the Estrogen Receptor Alpha Ligand Binding Domain Complexed to Burned Meat Compound PhIP,experimental,"[""X-RAY DIFFRACTION""]",[2.3],[0.273],[0.296],2007-08-12T00:00:00Z,2008-03-18T00:00:00Z,2023-08-30T00:00:00Z,P 1 21 1,2,2,1,4,NFkappaB selectivity of estrogen receptor ligands revealed by comparative crystallographic analyses,10.1038/nchembio.76,2008.0,True,False
2QXS,Crystal Structure of Antagonizing Mutant 536S of the Estrogen Receptor Alpha Ligand Binding Domain Complexed to Raloxifene,experimental,"[""X-RAY DIFFRACTION""]",[1.7],[0.183],[0.216],2007-08-12T00:00:00Z,2008-09-02T00:00:00Z,2024-11-20T00:00:00Z,C 1 2 1,1,1,1,2,Coupling of receptor conformation and ligand orientation determine graded activity.,10.1038/nchembio.451,2010.0,True,False
2QZO,Crystal Structure of the Estrogen Receptor Alpha Ligand Binding Domain Complexed with WAY-169916,experimental,"[""X-RAY DIFFRACTION""]",[1.72],[0.178],[0.221],2007-08-16T00:00:00Z,2008-08-26T00:00:00Z,2024-10-09T00:00:00Z,P 1 21 1,3,3,1,4,Coupling of receptor conformation and ligand orientation determine graded activity.,10.1038/nchembio.451,2010.0,True,False
2R6W,Estrogen receptor alpha ligand-binding domain complexed to a SERM,experimental,"[""X-RAY DIFFRACTION""]",[2.0],[0.2083],[0.25734],2007-09-06T00:00:00Z,2008-04-08T00:00:00Z,2023-08-30T00:00:00Z,C 2 2 21,1,1,1,2,Prediction of the tissue-specificity of selective estrogen receptor modulators by using a single biochemical method.,10.1073/pnas.0710802105,2008.0,True,False
2R6Y,Estrogen receptor alpha ligand-binding domain in complex with a SERM,experimental,"[""X-RAY DIFFRACTION""]",[2.0],[0.21045],[0.27098],2007-09-06T00:00:00Z,2008-04-08T00:00:00Z,2023-08-30T00:00:00Z,C 2 2 21,1,1,1,2,Prediction of the tissue-specificity of selective estrogen receptor modulators by using a single biochemical method.,10.1073/pnas.0710802105,2008.0,True,False
2REW,Crystal Structure of PPARalpha ligand binding domain with BMS-631707,experimental,"[""X-RAY DIFFRACTION""]",[2.35],[0.197],[0.245],2007-09-27T00:00:00Z,2007-11-27T00:00:00Z,2024-04-03T00:00:00Z,P 31 2 1,1,1,2,1,Discovery of Azetidinone Acids as Conformationally-Constrained Dual (alpha/gamma) PPAR Activators,,,True,False
2V0V,Crystal Structure of Rev-Erb beta,experimental,"[""X-RAY DIFFRACTION""]",[2.4],[],[0.2195],2007-05-19T00:00:00Z,2007-10-23T00:00:00Z,2024-05-08T00:00:00Z,I 41,1,1,0,4,Structural Insight Into the Constitutive Repression Function of the Nuclear Receptor Rev-Erbbeta,10.1016/J.JMB.2007.08.037,2007.0,True,False
2V7C,Crystal Structure of Rev-Erb beta,experimental,"[""X-RAY DIFFRACTION""]",[2.4],[0.223],[0.28],2007-07-29T00:00:00Z,2007-10-23T00:00:00Z,2024-11-20T00:00:00Z,P 41 21 2,1,1,0,2,Structural Insight Into the Constitutive Repression Function of the Nuclear Receptor Rev-Erbbeta,10.1016/J.JMB.2007.08.037,2007.0,True,False
2VSR,hPPARgamma Ligand binding domain in complex with 9-(S)-HODE,experimental,"[""X-RAY DIFFRACTION""]",[2.05],[0.226],[0.266],2008-04-29T00:00:00Z,2008-08-19T00:00:00Z,2023-12-13T00:00:00Z,C 1 2 1,1,1,1,2,Structural Basis for the Activation of Pparg by Oxidised Fatty Acids,10.1038/NSMB.1474,2008.0,True,False
2VST,hPPARgamma Ligand binding domain in complex with 13-(S)-HODE,experimental,"[""X-RAY DIFFRACTION""]",[2.35],[0.234],[0.274],2008-04-29T00:00:00Z,2008-08-19T00:00:00Z,2023-12-13T00:00:00Z,C 1 2 1,1,1,1,2,Structural Basis for the Activation of Pparg by Oxidised Fatty Acids,10.1038/NSMB.1474,2008.0,True,False
2VV0,hPPARgamma Ligand binding domain in complex with DHA,experimental,"[""X-RAY DIFFRACTION""]",[2.55],[0.218],[0.261],2008-06-02T00:00:00Z,2008-08-19T00:00:00Z,2023-12-13T00:00:00Z,C 1 2 1,1,1,1,2,Structural Basis for the Activation of Pparg by Oxidised Fatty Acids,10.1038/NSMB.1474,2008.0,True,False
2VV1,hPPARgamma Ligand binding domain in complex with 4-HDHA,experimental,"[""X-RAY DIFFRACTION""]",[2.2],[0.239],[0.277],2008-06-02T00:00:00Z,2008-08-19T00:00:00Z,2023-12-13T00:00:00Z,C 1 2 1,2,2,1,2,Structural Basis for the Activation of Pparg by Oxidised Fatty Acids,10.1038/NSMB.1474,2008.0,True,False
2VV2,hPPARgamma Ligand binding domain in complex with 5-HEPA,experimental,"[""X-RAY DIFFRACTION""]",[2.75],[0.223],[0.263],2008-06-02T00:00:00Z,2008-08-19T00:00:00Z,2023-12-13T00:00:00Z,C 1 2 1,1,1,1,2,Structural Basis for the Activation of Pparg by Oxidised Fatty Acids,10.1038/NSMB.1474,2008.0,True,False
2VV3,hPPARgamma Ligand binding domain in complex with 4-oxoDHA,experimental,"[""X-RAY DIFFRACTION""]",[2.85],[0.225],[0.252],2008-06-02T00:00:00Z,2008-08-19T00:00:00Z,2024-11-13T00:00:00Z,C 1 2 1,1,1,1,2,Structural Basis for the Activation of Ppargamma by Oxidized Fatty Acids.,10.1038/NSMB.1474,2008.0,True,False
2VV4,hPPARgamma Ligand binding domain in complex with 6-oxoOTE,experimental,"[""X-RAY DIFFRACTION""]",[2.35],[0.226],[0.252],2008-06-02T00:00:00Z,2008-08-19T00:00:00Z,2024-11-20T00:00:00Z,C 1 2 1,2,2,2,2,Structural Basis for the Activation of Pparg by Oxidised Fatty Acids,10.1038/NSMB.1474,2008.0,True,False
2W8Y,RU486 bound to the progesterone receptor in a destabilized agonistic conformation,experimental,"[""X-RAY DIFFRACTION""]",[1.8],[0.185],[0.218],2009-01-20T00:00:00Z,2009-04-28T00:00:00Z,2026-09-09T00:00:00Z,P 1 21 1,1,1,4,2,The X-Ray Structure of Ru486 Bound to the Progesterone Receptor in a Destabilized Agonistic Conformation.,10.1074/JBC.M109.007872,2009.0,True,False
2XKW,LIGAND BINDING DOMAIN OF HUMAN PPAR-GAMMA IN COMPLEX WITH THE AGONIST PIOGLITAZONE,experimental,"[""X-RAY DIFFRACTION""]",[2.02],[0.162],[0.202],2010-07-14T00:00:00Z,2011-08-10T00:00:00Z,2023-12-20T00:00:00Z,C 1 2 1,1,1,3,2,Binding Diversity of Pioglitazone by Peroxisome Proliferator-Activated Receptor-Gamma,,,True,False
2XYJ,Novel Sulfonylthiadiazoles with an Unusual Binding Mode as Partial Dual Peroxisome Proliferator-Activated Receptor (PPAR) gamma-delta Agonists with High Potency and In-vivo Efficacy,experimental,"[""X-RAY DIFFRACTION""]",[2.3],[0.208],[0.25],2010-11-18T00:00:00Z,2011-02-23T00:00:00Z,2024-05-01T00:00:00Z,C 1 2 1,1,1,2,2,Sulfonylthiadiazoles with an Unusual Binding Mode as Partial Dual Peroxisome Proliferator-Activated Receptor (Ppar) Gamma / Delta Agonists with High Potency and in-Vivo Efficacy,10.1002/CMDC.201100047,2011.0,True,False
2XYW,Novel Sulfonylthiadiazoles with an Unusual Binding Mode as Partial Dual Peroxisome Proliferator-Activated Receptor (PPAR) gamma-delta Agonists with High Potency and In-vivo Efficacy,experimental,"[""X-RAY DIFFRACTION""]",[3.14],[0.1878],[0.2465],2010-11-19T00:00:00Z,2011-02-23T00:00:00Z,2024-05-01T00:00:00Z,P 1 21 1,1,1,2,2,Sulfonylthiadiazoles with an Unusual Binding Mode as Partial Dual Peroxisome Proliferator-Activated Receptor (Ppar) Gamma / Delta Agonists with High Potency and in-Vivo Efficacy,10.1002/CMDC.201100047,2011.0,True,False
2XYX,Novel Sulfonylthiadiazoles with an Unusual Binding Mode as Partial Dual Peroxisome Proliferator-Activated Receptor (PPAR) gamma-delta Agonists with High Potency and In-vivo Efficacy,experimental,"[""X-RAY DIFFRACTION""]",[2.7],[0.2119],[0.2637],2010-11-19T00:00:00Z,2011-02-23T00:00:00Z,2024-05-01T00:00:00Z,P 1 21 1,1,1,2,2,Sulfonylthiadiazoles with an Unusual Binding Mode as Partial Dual Peroxisome Proliferator-Activated Receptor (Ppar) Gamma / Delta Agonists with High Potency and in-Vivo Efficacy,10.1002/CMDC.201100047,2011.0,True,False
2YAT,Crystal structure of estradiol derived metal chelate and estrogen receptor-ligand binding domain complex,experimental,"[""X-RAY DIFFRACTION""]",[2.602],[0.1821],[0.2277],2011-02-24T00:00:00Z,2011-06-01T00:00:00Z,2023-12-20T00:00:00Z,P 32 1 2,1,1,3,1,Structure of Estradiol Metal Chelate and Estrogen Receptor Complex: The Basis for Designing a New Class of Selective Estrogen Receptor Modulators.,10.1021/JM200192Y,2011.0,True,False
2YFE,Ligand binding domain of human PPAR gamma in complex with amorfrutin 1,experimental,"[""X-RAY DIFFRACTION""]",[2.0],[0.20425],[0.25385],2011-04-05T00:00:00Z,2012-04-11T00:00:00Z,2023-12-20T00:00:00Z,C 1 2 1,1,1,1,2,Amorfrutins are Potent Antidiabetic Dietary Natural Products,10.1073/PNAS.1116971109,2012.0,True,False
2YHD,Human androgen receptor in complex with AF2 small molecule inhibitor,experimental,"[""X-RAY DIFFRACTION""]",[2.2],[0.20898],[0.25912],2011-04-28T00:00:00Z,2011-09-21T00:00:00Z,2023-12-20T00:00:00Z,P 21 21 21,1,1,3,1,Inhibitors of Androgen Receptor Activation Function-2 (Af2) Site Identified Through Virtual Screening.,10.1021/JM200532B,2011.0,True,False
2YJA,Stapled Peptides binding to Estrogen Receptor alpha.,experimental,"[""X-RAY DIFFRACTION""]",[1.82],[0.1976],[0.2342],2011-05-19T00:00:00Z,2011-08-03T00:00:00Z,2024-11-13T00:00:00Z,C 2 2 21,2,2,1,2,Design and Structure of Stapled Peptides Binding to Estrogen Receptors.,10.1021/JA202946K,2011.0,True,False
2YJD,Stapled peptide bound to Estrogen Receptor Beta,experimental,"[""X-RAY DIFFRACTION""]",[1.93],[0.2246],[0.2602],2011-05-19T00:00:00Z,2011-08-03T00:00:00Z,2024-11-20T00:00:00Z,I 4,2,2,1,4,Design and Structure of Stapled Peptides Binding to Estrogen Receptors.,10.1021/JA202946K,2011.0,True,False
2YLO,TARGETING THE BINDING FUNCTION 3 SITE OF THE ANDROGEN RECEPTOR THROUGH IN SILICO MOLECULAR MODELING,experimental,"[""X-RAY DIFFRACTION""]",[2.5],[0.22376],[0.28865],2011-06-04T00:00:00Z,2011-07-06T00:00:00Z,2025-10-01T00:00:00Z,P 21 21 21,1,1,3,1,Targeting the Binding Function 3 (Bf3) Site of the Human Androgen Receptor Through Virtual Screening.,10.1021/JM201098N,2011.0,True,False
2YLP,TARGETING THE BINDING FUNCTION 3 SITE OF THE ANDROGEN RECEPTOR THROUGH IN SILICO MOLECULAR MODELING,experimental,"[""X-RAY DIFFRACTION""]",[2.3],[0.19478],[0.24944],2011-06-04T00:00:00Z,2011-07-06T00:00:00Z,2023-12-20T00:00:00Z,P 21 21 21,1,1,3,1,Targeting the Binding Function 3 (Bf3) Site of the Human Androgen Receptor Through Virtual Screening.,10.1021/JM201098N,2011.0,True,False
2YLQ,TARGETING THE BINDING FUNCTION 3 SITE OF THE ANDROGEN RECEPTOR THROUGH IN SILICO MOLECULAR MODELING,experimental,"[""X-RAY DIFFRACTION""]",[2.4],[0.20134],[0.27188],2011-06-04T00:00:00Z,2011-07-06T00:00:00Z,2023-12-20T00:00:00Z,P 21 21 21,1,1,3,1,Targeting the Binding Function 3 (Bf3) Site of the Human Androgen Receptor Through Virtual Screening.,10.1021/JM201098N,2011.0,True,False
2YLY,Sulfonamides as selective Estrogen Receptor beta Agonists.,experimental,"[""X-RAY DIFFRACTION""]",[3.2],[0.2354],[0.2749],2011-06-06T00:00:00Z,2012-06-13T00:00:00Z,2024-05-08T00:00:00Z,I 4 2 2,1,1,2,2,Sulfonamides as Selective Oestrogen Receptor Beta Agonists.,10.1016/J.BMCL.2011.08.041,2011.0,True,False
2Z4B,Estrogen receptor beta ligand-binding domain complexed to a benzopyran ligand,experimental,"[""X-RAY DIFFRACTION""]",[2.34],[0.232],[0.253],2007-06-14T00:00:00Z,2007-08-07T00:00:00Z,2024-02-21T00:00:00Z,P 61,1,1,1,2,Benzopyrans as selective estrogen receptor beta agonists (SERBAs). Part 3: Synthesis of cyclopentanone and cyclohexanone intermediates for C-ring modification.,10.1016/j.bmcl.2007.06.052,2007.0,True,False
2Z4J,Crystal structure of AR LBD with SHP peptide NR Box 2,experimental,"[""X-RAY DIFFRACTION""]",[2.6],[0.207],[0.234],2007-06-19T00:00:00Z,2007-12-04T00:00:00Z,2023-11-01T00:00:00Z,P 21 21 21,2,2,1,2,Interaction between the androgen receptor and a segment of its corepressor SHP,10.1107/S0907444907045702,2007.0,True,False
2ZAS,"Crystal structure of human estrogen-related receptor gamma ligand binding domain complex with 4-alpha-cumylphenol, a bisphenol A derivative",experimental,"[""X-RAY DIFFRACTION""]",[2.0],[0.21095],[0.23676],2007-10-09T00:00:00Z,2008-10-07T00:00:00Z,2023-11-01T00:00:00Z,P 41 21 2,1,1,2,1,ERRgamma tethers strongly bisphenol A and 4-alpha-cumylphenol in an induced-fit manner,10.1016/j.bbrc.2008.06.050,2008.0,True,False
2ZBS,Crystal structure of human estrogen-related receptor gamma ligand binding domain apo form,experimental,"[""X-RAY DIFFRACTION""]",[1.8],[0.20175],[0.24443],2007-10-27T00:00:00Z,2008-10-07T00:00:00Z,2023-11-01T00:00:00Z,P 41 21 2,1,1,0,1,ERRgamma tethers strongly bisphenol A and 4-alpha-cumylphenol in an induced-fit manner,10.1016/j.bbrc.2008.06.050,2008.0,True,False
2ZK0,Human peroxisome proliferator-activated receptor gamma ligand binding domain,experimental,"[""X-RAY DIFFRACTION""]",[2.36],[0.249],[0.313],2008-03-12T00:00:00Z,2009-02-24T00:00:00Z,2023-11-01T00:00:00Z,C 1 2 1,1,1,0,2,Structural insight into PPARgamma activation through covalent modification with endogenous fatty acids,10.1016/j.jmb.2008.10.039,2009.0,True,False
2ZK1,"Human peroxisome proliferator-activated receptor gamma ligand binding domain complexed with 15-deoxy-delta12,14-prostaglandin J2",experimental,"[""X-RAY DIFFRACTION""]",[2.61],[0.246],[0.307],2008-03-12T00:00:00Z,2009-02-24T00:00:00Z,2024-11-20T00:00:00Z,C 1 2 1,1,1,1,2,Structural insight into PPARgamma activation through covalent modification with endogenous fatty acids,10.1016/j.jmb.2008.10.039,2009.0,True,False
2ZK2,"Human peroxisome proliferator-activated receptor gamma ligand binding domain complexed with glutathion conjugated 15-deoxy-delta12,14-prostaglandin J2",experimental,"[""X-RAY DIFFRACTION""]",[2.26],[0.247],[0.299],2008-03-12T00:00:00Z,2009-02-24T00:00:00Z,2023-11-01T00:00:00Z,C 1 2 1,1,1,2,2,Structural insight into PPARgamma activation through covalent modification with endogenous fatty acids,10.1016/j.jmb.2008.10.039,2009.0,True,False
2ZK3,Human peroxisome proliferator-activated receptor gamma ligand binding domain complexed with 8-oxo-eicosatetraenoic acid,experimental,"[""X-RAY DIFFRACTION""]",[2.58],[0.247],[0.299],2008-03-12T00:00:00Z,2009-02-24T00:00:00Z,2024-10-23T00:00:00Z,C 1 2 1,1,1,1,2,Structural insight into PPARgamma activation through covalent modification with endogenous fatty acids,10.1016/j.jmb.2008.10.039,2009.0,True,False
2ZK4,Human peroxisome proliferator-activated receptor gamma ligand binding domain complexed with 15-oxo-eicosatetraenoic acid,experimental,"[""X-RAY DIFFRACTION""]",[2.57],[0.246],[0.306],2008-03-12T00:00:00Z,2009-02-24T00:00:00Z,2024-11-20T00:00:00Z,C 1 2 1,1,1,1,2,Structural insight into PPARgamma activation through covalent modification with endogenous fatty acids,10.1016/j.jmb.2008.10.039,2009.0,True,False
2ZK5,Human peroxisome proliferator-activated receptor gamma ligand binding domain complexed with nitro-233,experimental,"[""X-RAY DIFFRACTION""]",[2.45],[0.245],[0.306],2008-03-12T00:00:00Z,2009-02-24T00:00:00Z,2024-11-06T00:00:00Z,C 1 2 1,1,1,1,2,Structural insight into PPARgamma activation through covalent modification with endogenous fatty acids,10.1016/j.jmb.2008.10.039,2009.0,True,False
2ZK6,Human peroxisome proliferator-activated receptor gamma ligand binding domain complexed with C8-BODIPY,experimental,"[""X-RAY DIFFRACTION""]",[2.41],[0.25],[0.299],2008-03-12T00:00:00Z,2009-02-24T00:00:00Z,2023-11-01T00:00:00Z,C 1 2 1,1,1,1,2,The nuclear receptor PPARgamma individually responds to serotonin- and fatty acid-metabolites,10.1038/emboj.2010.197,2010.0,True,False
2ZKC,Crystal structure of human estrogen-related receptor gamma ligand binding domain complex with bisphenol Z,experimental,"[""X-RAY DIFFRACTION""]",[1.7],[0.19744],[0.23362],2008-03-14T00:00:00Z,2009-03-17T00:00:00Z,2023-11-01T00:00:00Z,P 41 21 2,1,1,2,1,Crystal structure of human estrogen-related receptor gamma ligand binding domain complex with bisphenol Z,,,True,False
2ZNN,Human PPAR alpha ligand binding domain in complex with a synthetic agonist TIPP703,experimental,"[""X-RAY DIFFRACTION""]",[2.01],[0.214],[0.253],2008-04-30T00:00:00Z,2009-05-05T00:00:00Z,2023-11-01T00:00:00Z,P 1 21 1,1,1,1,1,Adaptability and selectivity of human peroxisome proliferator-activated receptor (PPAR) pan agonists revealed from crystal structures,10.1107/S0907444909015935,2009.0,True,False
2ZNO,Human PPAR gamma ligand binding domain in complex with a synthetic agonist TIPP703,experimental,"[""X-RAY DIFFRACTION""]",[2.4],[0.24],[0.286],2008-04-30T00:00:00Z,2009-05-05T00:00:00Z,2023-11-01T00:00:00Z,C 1 2 1,1,1,1,2,Adaptability and selectivity of human peroxisome proliferator-activated receptor (PPAR) pan agonists revealed from crystal structures,10.1107/S0907444909015935,2009.0,True,False
2ZNP,Human PPAR delta ligand binding domain in complex with a synthetic agonist TIPP204,experimental,"[""X-RAY DIFFRACTION""]",[3.0],[0.23],[0.288],2008-04-30T00:00:00Z,2009-05-05T00:00:00Z,2023-11-01T00:00:00Z,P 1 21 1,1,1,2,2,Adaptability and selectivity of human peroxisome proliferator-activated receptor (PPAR) pan agonists revealed from crystal structures,10.1107/S0907444909015935,2009.0,True,False
2ZNQ,Human PPAR delta ligand binding domain in complex with a synthetic agonist TIPP401,experimental,"[""X-RAY DIFFRACTION""]",[2.65],[0.214],[0.276],2008-04-30T00:00:00Z,2009-05-05T00:00:00Z,2023-11-01T00:00:00Z,P 1 21 1,1,1,2,2,Adaptability and selectivity of human peroxisome proliferator-activated receptor (PPAR) pan agonists revealed from crystal structures,10.1107/S0907444909015935,2009.0,True,False
2ZVT,"Cys285Ser mutant PPARgamma ligand-binding domain complexed with 15-deoxy-delta12,14-prostaglandin J2",experimental,"[""X-RAY DIFFRACTION""]",[1.9],[0.251],[0.275],2008-11-19T00:00:00Z,2009-10-06T00:00:00Z,2023-11-01T00:00:00Z,C 1 2 1,1,1,1,2,Atomic structure of mutant PPARgamma LBD complexed with 15d-PGJ2: novel modulation mechanism of PPARgamma/RXRalpha function by covalently bound ligands,10.1016/j.febslet.2008.12.017,2009.0,True,False
2ZXZ,Crystal structure of the human RXR alpha ligand binding domain bound to a synthetic agonist compound and a coactivator peptide,experimental,"[""X-RAY DIFFRACTION""]",[3.0],[0.206],[0.278],2009-01-09T00:00:00Z,2009-08-11T00:00:00Z,2023-11-01T00:00:00Z,P 43 21 2,2,2,1,2,Silicon analogues of the RXR-selective retinoid agonist SR11237 (BMS649): chemistry and biology,10.1002/cmdc.200900090,2009.0,True,False
2ZY0,Crystal structure of the human RXR alpha ligand binding domain bound to a synthetic agonist compound and a coactivator peptide,experimental,"[""X-RAY DIFFRACTION""]",[2.9],[0.217],[0.289],2009-01-09T00:00:00Z,2009-08-11T00:00:00Z,2023-11-01T00:00:00Z,P 21 21 21,2,2,1,4,Silicon analogues of the RXR-selective retinoid agonist SR11237 (BMS649): chemistry and biology,10.1002/cmdc.200900090,2009.0,True,False
38KC,Progesterone Receptor Ligand Binding Domain bound to Norethindrone,experimental,"[""X-RAY DIFFRACTION""]",[2.03],[0.2087],[0.2437],2026-08-31T00:00:00Z,2026-09-09T00:00:00Z,2026-09-09T00:00:00Z,P 1 21 1,1,1,2,2,Progesterone Receptor Ligand Binding Domain bound to Norethindrone,,,True,False
3A2I,Crystal structure of the human vitamin D receptor (H305F) ligand binding domain complexed with TEI-9647,experimental,"[""X-RAY DIFFRACTION""]",[3.27],[0.21844],[0.27578],2009-05-20T00:00:00Z,2010-05-26T00:00:00Z,2023-11-01T00:00:00Z,P 21 21 21,1,1,1,1,"Structural basis of the histidine-mediated vitamin D receptor agonistic and antagonistic mechanisms of (23S)-25-dehydro-1alpha-hydroxyvitamin D(3)-26,23-lactone",10.1107/S0907444910020810,2010.0,True,False
3A2J,Crystal structure of the human vitamin D receptor (H305F/H397F) ligand binding domain complexed with TEI-9647,experimental,"[""X-RAY DIFFRACTION""]",[2.7],[0.22526],[0.2674],2009-05-20T00:00:00Z,2010-05-26T00:00:00Z,2023-11-01T00:00:00Z,P 21 21 21,1,1,1,1,"Structural basis of the histidine-mediated vitamin D receptor agonistic and antagonistic mechanisms of (23S)-25-dehydro-1alpha-hydroxyvitamin D(3)-26,23-lactone",10.1107/S0907444910020810,2010.0,True,False
3A3Z,Crystal structure of the human VDR ligand binding domain bound to the synthetic agonist compound 2alpha-methyl-AMCR277A(C23S),experimental,"[""X-RAY DIFFRACTION""]",[1.72],[0.17694],[0.20917],2009-06-25T00:00:00Z,2010-02-02T00:00:00Z,2023-11-01T00:00:00Z,P 21 21 21,1,1,2,1,"Structure-function relationships and crystal structures of the vitamin D receptor bound 2 alpha-methyl-(20S,23S)- and 2 alpha-methyl-(20S,23R)-epoxymethano-1 alpha,25-dihydroxyvitamin D3",10.1021/jm9014636,2010.0,True,False
3A40,Crystal structure of the human VDR ligand binding domain bound to the synthetic agonist compound 2alpha-methyl-AMCR277B(C23R),experimental,"[""X-RAY DIFFRACTION""]",[1.45],[0.16038],[0.19556],2009-06-25T00:00:00Z,2010-02-02T00:00:00Z,2023-11-01T00:00:00Z,P 21 21 21,1,1,2,1,"Structure-function relationships and crystal structures of the vitamin D receptor bound 2 alpha-methyl-(20S,23S)- and 2 alpha-methyl-(20S,23R)-epoxymethano-1 alpha,25-dihydroxyvitamin D3",10.1021/jm9014636,2010.0,True,False
3A78,"Crystal structure of the human VDR ligand binding domain bound to the natural metabolite 1alpha,25-dihydroxy-3-epi-vitamin D3",experimental,"[""X-RAY DIFFRACTION""]",[1.9],[0.17231],[0.20307],2009-09-18T00:00:00Z,2010-10-13T00:00:00Z,2023-11-01T00:00:00Z,P 21 21 21,1,1,2,1,"Structural basis of the activation of the human Vitamin D receptor by the natural metabolite 1alpha,25-dihydroxy-3-epi-vitamin D3",,,True,False
3A9E,Crystal structure of a mixed agonist-bound RAR-alpha and antagonist-bound RXR-alpha heterodimer ligand binding domains,experimental,"[""X-RAY DIFFRACTION""]",[2.75],[0.2014],[0.2639],2009-10-24T00:00:00Z,2010-10-06T00:00:00Z,2023-11-01T00:00:00Z,P 43 21 2,3,3,2,3,The Phantom Effect of the Rexinoid LG100754: structural and functional insights,10.1371/journal.pone.0015119,2010.0,True,False
3ADS,Human PPARgamma ligand-binding domain in complex with indomethacin,experimental,"[""X-RAY DIFFRACTION""]",[2.25],[0.228],[0.277],2010-01-29T00:00:00Z,2010-12-22T00:00:00Z,2023-11-01T00:00:00Z,C 1 2 1,1,1,1,2,The nuclear receptor PPARgamma individually responds to serotonin- and fatty acid-metabolites,10.1038/emboj.2010.197,2010.0,True,False
3ADT,Human PPARgamma ligand-binding domain in complex with 5-hydroxy-indole acetate,experimental,"[""X-RAY DIFFRACTION""]",[2.7],[0.215],[0.283],2010-01-29T00:00:00Z,2010-12-22T00:00:00Z,2023-11-01T00:00:00Z,C 1 2 1,1,1,1,2,The nuclear receptor PPARgamma individually responds to serotonin- and fatty acid-metabolites,10.1038/emboj.2010.197,2010.0,True,False
3ADU,Human PPARgamma ligand-binding domain in complex with 5-methoxy-indole acetate,experimental,"[""X-RAY DIFFRACTION""]",[2.77],[0.204],[0.276],2010-01-29T00:00:00Z,2010-12-22T00:00:00Z,2023-11-01T00:00:00Z,C 1 2 1,1,1,1,2,The nuclear receptor PPARgamma individually responds to serotonin- and fatty acid-metabolites,10.1038/emboj.2010.197,2010.0,True,False
3ADV,Human PPARgamma ligand-binding domain in complex with serotonin,experimental,"[""X-RAY DIFFRACTION""]",[2.27],[0.224],[0.267],2010-01-29T00:00:00Z,2010-12-22T00:00:00Z,2023-11-01T00:00:00Z,C 1 2 1,1,1,1,2,The nuclear receptor PPARgamma individually responds to serotonin- and fatty acid-metabolites,10.1038/emboj.2010.197,2010.0,True,False
3ADW,Human PPARgamma ligand-binding domain in complex with 5-methoxy-indole acetate and 15-oxo-eicosatetraenoic acid,experimental,"[""X-RAY DIFFRACTION""]",[2.07],[0.23],[0.265],2010-01-29T00:00:00Z,2010-12-22T00:00:00Z,2024-10-23T00:00:00Z,C 1 2 1,1,1,2,2,The nuclear receptor PPARgamma individually responds to serotonin- and fatty acid-metabolites,10.1038/emboj.2010.197,2010.0,True,False
3ADX,Human PPARgamma ligand-binding domain in complex with indomethacin and nitro-233,experimental,"[""X-RAY DIFFRACTION""]",[1.95],[0.246],[0.275],2010-01-29T00:00:00Z,2010-12-22T00:00:00Z,2024-11-13T00:00:00Z,C 1 2 1,1,1,2,2,The nuclear receptor PPARgamma individually responds to serotonin- and fatty acid-metabolites,10.1038/emboj.2010.197,2010.0,True,False
3AN3,Human PPAR gamma ligand binding domain in complex with a gamma selective agonist MO3S,experimental,"[""X-RAY DIFFRACTION""]",[2.3],[0.227],[0.278],2010-08-30T00:00:00Z,2011-07-27T00:00:00Z,2023-11-01T00:00:00Z,C 1 2 1,1,1,1,2,"Design, Synthesis, and Structural Analysis of Phenylpropanoic Acid-Type PPAR gamma-Selective Agonists: Discovery of Reversed Stereochemistry-Activity Relationship",10.1021/jm101233f,2011.0,True,False
3AN4,Human PPAR gamma ligand binding domain in complex with a gamma selective agonist MO4R,experimental,"[""X-RAY DIFFRACTION""]",[2.3],[0.232],[0.288],2010-08-30T00:00:00Z,2011-07-27T00:00:00Z,2023-11-01T00:00:00Z,C 1 2 1,1,1,1,2,"Design, Synthesis, and Structural Analysis of Phenylpropanoic Acid-Type PPAR gamma-Selective Agonists: Discovery of Reversed Stereochemistry-Activity Relationship",10.1021/jm101233f,2011.0,True,False
3AUQ,Crystal structure of the human vitamin D receptor ligand binding domain complexed with Yne-diene type analog of active 14-epi-2alpha-methyl-19-norvitamin D3,experimental,"[""X-RAY DIFFRACTION""]",[2.64],[0.23446],[0.28639],2011-02-15T00:00:00Z,2011-09-14T00:00:00Z,2023-11-01T00:00:00Z,P 21 21 21,1,1,1,1,Development of 14-epi-19-nortachysterol and its unprecedented binding configuration for the human vitamin D receptor,10.1021/ja201481j,2011.0,True,False
3AUR,Crystal structure of the human vitamin D receptor ligand binding domain complexed with Yne-diene type analog of active 14-epi-2beta-methyl-19-norvitamin D3,experimental,"[""X-RAY DIFFRACTION""]",[2.21],[0.19073],[0.25427],2011-02-15T00:00:00Z,2011-09-14T00:00:00Z,2023-11-01T00:00:00Z,P 21 21 21,1,1,1,1,Development of 14-epi-19-nortachysterol and its unprecedented binding configuration for the human vitamin D receptor,10.1021/ja201481j,2011.0,True,False
3AX8,"Crystal structure of the human vitamin D receptor ligand binding domain complexed with 15alpha-methoxy-1alpha,25-dihydroxyvitamin D3",experimental,"[""X-RAY DIFFRACTION""]",[2.6],[0.2149],[0.29369],2011-03-30T00:00:00Z,2011-10-05T00:00:00Z,2023-11-01T00:00:00Z,P 21 21 21,1,1,1,1,New C15-substituted active vitamin D3,10.1021/ol200828s,2011.0,True,False
3AZ1,Crystal Structure Analysis of Vitamin D receptor,experimental,"[""X-RAY DIFFRACTION""]",[1.5],[0.1945],[0.2129],2011-05-20T00:00:00Z,2011-11-02T00:00:00Z,2024-03-13T00:00:00Z,P 21 21 21,1,1,1,1,"Novel nonsecosteroidal vitamin D(3) carboxylic acid analogs for osteoporosis, and SAR analysis.",10.1016/j.bmc.2011.07.001,2011.0,True,False
3AZ2,Crystal Structure Analysis of Vitamin D receptor,experimental,"[""X-RAY DIFFRACTION""]",[1.69],[0.1951],[0.2121],2011-05-20T00:00:00Z,2011-11-02T00:00:00Z,2024-03-13T00:00:00Z,P 21 21 21,1,1,1,1,"Novel nonsecosteroidal vitamin D(3) carboxylic acid analogs for osteoporosis, and SAR analysis.",10.1016/j.bmc.2011.07.001,2011.0,True,False
3AZ3,Crystal Structure Analysis of Vitamin D receptor,experimental,"[""X-RAY DIFFRACTION""]",[1.36],[0.225],[0.2432],2011-05-20T00:00:00Z,2011-11-02T00:00:00Z,2024-03-13T00:00:00Z,P 21 21 21,1,1,1,1,"Novel nonsecosteroidal vitamin D(3) carboxylic acid analogs for osteoporosis, and SAR analysis.",10.1016/j.bmc.2011.07.001,2011.0,True,False
3B0Q,Human PPAR gamma ligand binding domain in complex with MCC555,experimental,"[""X-RAY DIFFRACTION""]",[2.1],[0.19792],[0.22945],2011-06-13T00:00:00Z,2011-08-10T00:00:00Z,2023-11-01T00:00:00Z,C 1 2 1,1,1,1,2,Crystal structure of human PPAR gamma in complex with MCC555,,,True,False
3B0R,Human PPAR gamma ligand binding dmain complexed with GW9662 in a covalent bonded form,experimental,"[""X-RAY DIFFRACTION""]",[2.15],[0.20697],[0.24917],2011-06-13T00:00:00Z,2011-08-10T00:00:00Z,2024-10-23T00:00:00Z,C 1 2 1,1,1,1,2,Human PPAR gamma ligand binding dmain complexed with GW9662 in a covalent bonded form,,,True,False
3B0T,Human VDR ligand binding domain in complex with maxacalcitol,experimental,"[""X-RAY DIFFRACTION""]",[1.3],[0.1792],[0.19897],2011-06-14T00:00:00Z,2011-08-10T00:00:00Z,2023-11-01T00:00:00Z,P 21 21 21,1,1,2,1,Human VDR ligand binding domain in complex with maxacalcitol,,,True,False
3B0W,Crystal structure of the orphan nuclear receptor ROR(gamma)t ligand-binding domain in complex with digoxin,experimental,"[""X-RAY DIFFRACTION""]",[2.2],[0.21176],[0.24922],2011-06-17T00:00:00Z,2011-07-06T00:00:00Z,2023-11-01T00:00:00Z,P 61,1,1,1,2,Structural Basis of Digoxin That Antagonizes ROR{gamma}t Receptor Activity and Suppresses Th17 Cell Differentiation and Interleukin (IL)-17 Production,10.1074/jbc.M111.254003,2011.0,True,False
3B1M,Crystal structure of the PPARgamma-LBD complexed with a cercosporamide derivative modulator Cerco-A,experimental,"[""X-RAY DIFFRACTION""]",[1.6],[0.217],[0.244],2011-07-05T00:00:00Z,2011-08-24T00:00:00Z,2023-11-01T00:00:00Z,P 1 21 1,2,2,1,2,"Pharmacology and in Vitro Profiling of a Novel Peroxisome Proliferator-Activated Receptor gamma Ligand, Cerco-A",10.1248/bpb.34.1094,2011.0,True,False
3B3K,Crystal structure of the complex between PPARgamma and the full agonist LT175,experimental,"[""X-RAY DIFFRACTION""]",[2.6],[0.237],[0.316],2007-10-22T00:00:00Z,2008-10-28T00:00:00Z,2023-11-01T00:00:00Z,C 1 2 1,1,1,1,2,Crystal Structure of the Peroxisome Proliferator-Activated Receptor gamma (PPARgamma) Ligand Binding Domain Complexed with a Novel Partial Agonist: A New Region of the Hydrophobic Pocket Could Be Exploited for Drug Design,10.1021/jm800733h,2008.0,True,False
3B5R,Crystal structure of the androgen receptor ligand binding domain in complex with SARM C-31,experimental,"[""X-RAY DIFFRACTION""]",[1.8],[0.233],[0.272],2007-10-26T00:00:00Z,2008-09-09T00:00:00Z,2024-02-21T00:00:00Z,P 21 21 21,1,1,1,1,Effect of B-ring substitution pattern on binding mode of propionamide selective androgen receptor modulators,10.1016/j.bmcl.2008.09.002,2008.0,True,False
3B65,Crystal structure of the androgen receptor ligand binding domain in complex with SARM S-24,experimental,"[""X-RAY DIFFRACTION""]",[1.8],[0.242],[0.292],2007-10-27T00:00:00Z,2008-09-09T00:00:00Z,2024-02-21T00:00:00Z,P 21 21 21,1,1,1,1,Effect of B-ring substitution pattern on binding mode of propionamide selective androgen receptor modulators,10.1016/j.bmcl.2008.09.002,2008.0,True,False
3B66,Crystal structure of the androgen receptor ligand binding domain in complex with SARM S-21,experimental,"[""X-RAY DIFFRACTION""]",[1.65],[0.213],[0.242],2007-10-27T00:00:00Z,2008-09-09T00:00:00Z,2023-08-30T00:00:00Z,P 21 21 21,1,1,1,1,Effect of B-ring substitution pattern on binding mode of propionamide selective androgen receptor modulators,10.1016/j.bmcl.2008.09.002,2008.0,True,False
3B67,Crystal structure of the androgen receptor ligand binding domain in complex with SARM C-23,experimental,"[""X-RAY DIFFRACTION""]",[1.9],[0.226],[0.273],2007-10-27T00:00:00Z,2008-09-09T00:00:00Z,2023-08-30T00:00:00Z,P 21 21 21,1,1,1,1,Effect of B-ring substitution pattern on binding mode of propionamide selective androgen receptor modulators,10.1016/j.bmcl.2008.09.002,2008.0,True,False
3B68,Crystal structure of the androgen receptor ligand binding domain in complex with SARM S-4,experimental,"[""X-RAY DIFFRACTION""]",[1.9],[0.234],[0.274],2007-10-27T00:00:00Z,2008-09-09T00:00:00Z,2023-08-30T00:00:00Z,P 21 21 21,1,1,1,1,Effect of B-ring substitution pattern on binding mode of propionamide selective androgen receptor modulators,10.1016/j.bmcl.2008.09.002,2008.0,True,False
3BC5,"X-ray crystal structure of human ppar gamma with 2-(5-(3-(2-(5-methyl-2-phenyloxazol-4-yl)ethoxy)benzyl)-2-phenyl-2h-1,2,3-triazol-4-yl)acetic acid",experimental,"[""X-RAY DIFFRACTION""]",[2.27],[0.21],[0.249],2007-11-12T00:00:00Z,2008-11-18T00:00:00Z,2024-02-21T00:00:00Z,P 43 21 2,1,1,1,1,"Design, synthesis and structure-activity relationships of azole acids as novel, potent dual PPAR alpha/gamma agonists.",10.1016/j.bmcl.2009.01.030,2009.0,True,False
3BEJ,Structure of human FXR in complex with MFA-1 and co-activator peptide,experimental,"[""X-RAY DIFFRACTION""]",[1.9],[0.2],[0.254],2007-11-19T00:00:00Z,2008-03-18T00:00:00Z,2024-02-21T00:00:00Z,P 21 21 21,2,2,2,4,Identification of a potent synthetic FXR agonist with an unexpected mode of binding and activation.,10.1073/pnas.0710981105,2008.0,True,False
3BQD,Doubling the Size of the Glucocorticoid Receptor Ligand Binding Pocket by Deacylcortivazol,experimental,"[""X-RAY DIFFRACTION""]",[2.5],[0.231],[0.261],2007-12-20T00:00:00Z,2008-01-15T00:00:00Z,2023-08-30T00:00:00Z,P 62,2,2,1,2,Doubling the size of the glucocorticoid receptor ligand binding pocket by deacylcortivazol.,10.1128/MCB.01541-07,2008.0,True,False
3BTR,AR-NLS:Importin-alpha complex,experimental,"[""X-RAY DIFFRACTION""]",[2.6],[0.18568],[0.2289],2007-12-30T00:00:00Z,2008-12-30T00:00:00Z,2023-11-01T00:00:00Z,P 21 21 21,2,2,0,2,Structural basis for the nuclear import of the human androgen receptor,10.1242/jcs.022103,2008.0,True,False
3CBB,Crystal Structure of Hepatocyte Nuclear Factor 4alpha in complex with DNA: Diabetes Gene Product,experimental,"[""X-RAY DIFFRACTION""]",[2.0],[0.213],[0.252],2008-02-21T00:00:00Z,2008-10-07T00:00:00Z,2024-02-21T00:00:00Z,C 1 2 1,3,1,1,4,"Structural basis of natural promoter recognition by a unique nuclear receptor, HNF4alpha. Diabetes gene product.",10.1074/jbc.M806213200,2008.0,True,False
3CBM,SET7/9-ER-AdoMet complex,experimental,"[""X-RAY DIFFRACTION""]",[1.69],[0.196],[0.229],2008-02-22T00:00:00Z,2008-05-13T00:00:00Z,2023-08-30T00:00:00Z,P 21 21 2,2,2,2,2,Regulation of estrogen receptor alpha by the SET7 lysine methyltransferase.,10.1016/j.molcel.2008.03.022,2008.0,True,False
3CBO,SET7/9-ER-AdoHcy complex,experimental,"[""X-RAY DIFFRACTION""]",[1.65],[0.195],[0.231],2008-02-22T00:00:00Z,2008-05-13T00:00:00Z,2023-08-30T00:00:00Z,P 21 21 2,2,2,3,2,Regulation of estrogen receptor alpha by the SET7 lysine methyltransferase.,10.1016/j.molcel.2008.03.022,2008.0,True,False
3CBP,Set7/9-ER-Sinefungin complex,experimental,"[""X-RAY DIFFRACTION""]",[1.42],[0.239],[0.243],2008-02-22T00:00:00Z,2008-05-13T00:00:00Z,2023-08-30T00:00:00Z,P 21 21 2,2,2,3,2,Regulation of estrogen receptor alpha by the SET7 lysine methyltransferase.,10.1016/j.molcel.2008.03.022,2008.0,True,False
3CDP,"Crystal structure of PPAR-gamma LBD complexed with a partial agonist, analogue of clofibric acid",experimental,"[""X-RAY DIFFRACTION""]",[2.8],[0.236],[0.298],2008-02-27T00:00:00Z,2009-01-13T00:00:00Z,2024-03-13T00:00:00Z,C 1 2 1,1,1,1,2,"Synthesis, biological evaluation and molecular investigation of fluorinated peroxisome proliferator-activated receptors alpha/gamma dual agonists",10.1016/j.bmc.2012.01.025,2012.0,True,False
3CDS,Crystal structure of the complex between PPAR-gamma and the agonist LT248 (clofibric acid analogue),experimental,"[""X-RAY DIFFRACTION""]",[2.65],[0.241],[0.319],2008-02-27T00:00:00Z,2008-12-30T00:00:00Z,2024-03-13T00:00:00Z,C 1 2 1,1,1,1,2,Crystal Structure of the Peroxisome Proliferator-Activated Receptor gamma (PPARgamma) Ligand Binding Domain Complexed with a Novel Partial Agonist: A New Region of the Hydrophobic Pocket Could Be Exploited for Drug Design,10.1021/jm800733h,2008.0,True,False
3CJW,Crystal structure of the human COUP-TFII ligand binding domain,experimental,"[""X-RAY DIFFRACTION""]",[1.48],[0.1684],[0.2379],2008-03-14T00:00:00Z,2008-10-07T00:00:00Z,2024-02-21T00:00:00Z,C 1 2 1,1,1,0,1,Identification of COUP-TFII Orphan Nuclear Receptor as a Retinoic Acid-Activated Receptor.,10.1371/journal.pbio.0060227,2008.0,True,False
3CLD,Ligand binding domain of the glucocorticoid receptor complexed with fluticazone furoate,experimental,"[""X-RAY DIFFRACTION""]",[2.84],[0.20681],[0.26675],2008-03-18T00:00:00Z,2008-06-24T00:00:00Z,2023-08-30T00:00:00Z,P 61,2,2,1,4,X-ray crystal structure of the novel enhanced-affinity glucocorticoid agonist fluticasone furoate in the glucocorticoid receptor-ligand binding domain.,10.1021/jm800279t,2008.0,True,False
3CQV,Crystal structure of Reverb beta in complex with heme,experimental,"[""X-RAY DIFFRACTION""]",[1.9],[0.19704],[0.23541],2008-04-03T00:00:00Z,2008-08-05T00:00:00Z,2026-08-12T00:00:00Z,P 21 21 2,1,1,1,1,The structural basis of gas-responsive transcription by the human nuclear hormone receptor REV-ERBbeta.,10.1371/journal.pbio.1000043,2009.0,True,False
3CS4,Structure-based design of a superagonist ligand for the vitamin D nuclear receptor,experimental,"[""X-RAY DIFFRACTION""]",[2.0],[0.186],[0.217],2008-04-09T00:00:00Z,2008-05-27T00:00:00Z,2024-02-21T00:00:00Z,P 21 21 21,1,1,1,1,Structure-based design of a superagonist ligand for the vitamin d nuclear receptor.,10.1016/j.chembiol.2008.03.016,2008.0,True,False
3CS6,Structure-based design of a superagonist ligand for the vitamin D nuclear receptor,experimental,"[""X-RAY DIFFRACTION""]",[1.8],[0.192],[0.206],2008-04-09T00:00:00Z,2008-05-27T00:00:00Z,2024-02-21T00:00:00Z,P 21 21 21,1,1,1,1,Structure-based design of a superagonist ligand for the vitamin d nuclear receptor.,10.1016/j.chembiol.2008.03.016,2008.0,True,False
3CS8,Structural and Biochemical Basis for the Binding Selectivity of PPARg to PGC-1a,experimental,"[""X-RAY DIFFRACTION""]",[2.3],[0.22392],[0.28185],2008-04-09T00:00:00Z,2008-06-03T00:00:00Z,2024-02-21T00:00:00Z,C 1 2 1,2,2,2,2,Structural and biochemical basis for the binding selectivity of peroxisome proliferator-activated receptor gamma to PGC-1alpha.,10.1074/jbc.M802040200,2008.0,True,False
3CTB,Tethered PXR-LBD/SRC-1p apoprotein,experimental,"[""X-RAY DIFFRACTION""]",[2.0],[0.2044],[0.244],2008-04-11T00:00:00Z,2008-12-02T00:00:00Z,2023-08-30T00:00:00Z,P 21 21 21,1,1,0,2,Construction and characterization of a fully active PXR/SRC-1 tethered protein with increased stability,10.1093/protein/gzn017,2008.0,True,False
3CWD,Molecular recognition of nitro-fatty acids by PPAR gamma,experimental,"[""X-RAY DIFFRACTION""]",[2.4],[0.23296],[0.29002],2008-04-21T00:00:00Z,2008-07-08T00:00:00Z,2024-02-21T00:00:00Z,P 21 21 21,2,2,2,4,Molecular recognition of nitrated fatty acids by PPAR gamma.,10.1038/nsmb.1447,2008.0,True,False
3D24,Crystal structure of ligand-binding domain of estrogen-related receptor alpha (ERRalpha) in complex with the peroxisome proliferators-activated receptor coactivator-1alpha box3 peptide (PGC-1alpha),experimental,"[""X-RAY DIFFRACTION""]",[2.11],[0.212],[0.255],2008-05-07T00:00:00Z,2008-06-10T00:00:00Z,2023-08-30T00:00:00Z,C 1 2 1,2,2,0,4,Communication between the ERR{alpha} Homodimer Interface and the PGC-1{alpha} Binding Surface via the Helix 8-9 Loop.,10.1074/jbc.M801920200,2008.0,True,False
3D57,TR Variant D355R,experimental,"[""X-RAY DIFFRACTION""]",[2.2],[0.21],[0.24],2008-05-15T00:00:00Z,2008-10-14T00:00:00Z,2023-08-30T00:00:00Z,P 1 21 1,1,1,2,2,Molecular basis for dimer formation of TRbeta variant D355R.,10.1002/prot.22225,2008.0,True,False
3D5F,Crystal Structure of PPAR-delta complex,experimental,"[""X-RAY DIFFRACTION""]",[2.2],[0.278],[0.281],2008-05-16T00:00:00Z,2008-06-03T00:00:00Z,2023-11-01T00:00:00Z,P 1 21 1,1,1,1,2,PPAR-Delta Activation Contributes to Neuroprotectio Against Thapsigargin-Induced SH-SY5Y Cell Death,,,True,False
3D6D,Crystal Structure of the complex between PPARgamma LBD and the LT175(R-enantiomer),experimental,"[""X-RAY DIFFRACTION""]",[2.4],[0.248],[0.305],2008-05-19T00:00:00Z,2008-12-30T00:00:00Z,2023-11-01T00:00:00Z,C 1 2 1,1,1,1,2,Crystal Structure of the Peroxisome Proliferator-Activated Receptor gamma (PPARgamma) Ligand Binding Domain Complexed with a Novel Partial Agonist: A New Region of the Hydrophobic Pocket Could Be Exploited for Drug Design,10.1021/jm800733h,2008.0,True,False
3D90,Crystal structure of the human progesterone receptor ligand-binding domain bound to levonorgestrel,experimental,"[""X-RAY DIFFRACTION""]",[2.26],[0.231],[0.279],2008-05-26T00:00:00Z,2009-05-26T00:00:00Z,2023-11-01T00:00:00Z,P 1 21 1,1,1,1,2,Met909 plays a key role in the activation of the progesterone receptor and also in the high potency of 13-ethyl progestins,10.1124/mol.108.054312,2009.0,True,False
3DCT,FXR with SRC1 and GW4064,experimental,"[""X-RAY DIFFRACTION""]",[2.5],[0.23],[0.24],2008-06-04T00:00:00Z,2008-08-12T00:00:00Z,2023-08-30T00:00:00Z,F 2 3,2,2,1,2,Conformationally constrained farnesoid X receptor (FXR) agonists: Naphthoic acid-based analogs of GW 4064.,10.1016/j.bmcl.2008.06.073,2008.0,True,False
3DCU,FXR with SRC1 and GSK8062,experimental,"[""X-RAY DIFFRACTION""]",[2.95],[0.181],[0.228],2008-06-04T00:00:00Z,2008-08-12T00:00:00Z,2023-08-30T00:00:00Z,F 2 3,2,2,1,2,Conformationally constrained farnesoid X receptor (FXR) agonists: Naphthoic acid-based analogs of GW 4064.,10.1016/j.bmcl.2008.06.073,2008.0,True,False
3DT3,Human Estrogen receptor alpha LBD with GW368,experimental,"[""X-RAY DIFFRACTION""]",[2.4],[0.203],[0.262],2008-07-14T00:00:00Z,2008-09-09T00:00:00Z,2024-04-03T00:00:00Z,C 1 2 1,1,1,1,2,Synthesis of 3-alkyl naphthalenes as novel estrogen receptor ligands.,10.1016/j.bmcl.2008.07.121,2008.0,True,False
3DY6,PPARdelta complexed with an anthranilic acid partial agonist,experimental,"[""X-RAY DIFFRACTION""]",[2.9],[0.21708],[0.24445],2008-07-25T00:00:00Z,2008-10-07T00:00:00Z,2023-08-30T00:00:00Z,P 1 21 1,1,1,2,2,Discovery of a novel class of PPARdelta partial agonists,10.1016/j.bmcl.2008.08.011,2008.0,True,False
3DZU,"Intact PPAR gamma - RXR alpha Nuclear Receptor Complex on DNA bound with BVT.13, 9-cis Retinoic Acid and NCOA2 Peptide",experimental,"[""X-RAY DIFFRACTION""]",[3.2],[0.201],[0.272],2008-07-30T00:00:00Z,2008-10-28T00:00:00Z,2024-02-21T00:00:00Z,P 1,5,3,3,6,Structure of the intact PPAR-gamma-RXR- nuclear receptor complex on DNA.,10.1038/nature07413,2008.0,True,False
3DZY,"Intact PPAR gamma - RXR alpha Nuclear Receptor Complex on DNA bound with Rosiglitazone, 9-cis Retinoic Acid and NCOA2 Peptide",experimental,"[""X-RAY DIFFRACTION""]",[3.1],[0.213],[0.268],2008-07-30T00:00:00Z,2008-10-28T00:00:00Z,2024-02-21T00:00:00Z,P 1 21 1,5,3,3,6,Structure of the intact PPAR-gamma-RXR- nuclear receptor complex on DNA.,10.1038/nature07413,2008.0,True,False
3E00,"Intact PPAR gamma - RXR alpha Nuclear Receptor Complex on DNA bound with GW9662, 9-cis Retinoic Acid and NCOA2 Peptide",experimental,"[""X-RAY DIFFRACTION""]",[3.1],[0.214],[0.276],2008-07-30T00:00:00Z,2008-10-28T00:00:00Z,2024-02-21T00:00:00Z,P 1 21 1,5,3,3,6,Structure of the intact PPAR-gamma-RXR- nuclear receptor complex on DNA.,10.1038/nature07413,2008.0,True,False
3E7C,Glucocorticoid Receptor LBD bound to GSK866,experimental,"[""X-RAY DIFFRACTION""]",[2.15],[0.21],[0.266],2008-08-18T00:00:00Z,2008-11-25T00:00:00Z,2024-04-03T00:00:00Z,P 61,2,2,2,4,The first X-ray crystal structure of the glucocorticoid receptor bound to a non-steroidal agonist.,10.1016/j.bmcl.2008.10.021,2008.0,True,False
3E94,Crystal structure of RXRalpha ligand binding domain in complex with tributyltin and a coactivator fragment,experimental,"[""X-RAY DIFFRACTION""]",[1.9],[0.19],[0.225],2008-08-21T00:00:00Z,2009-03-10T00:00:00Z,2026-08-12T00:00:00Z,P 43 21 2,2,2,2,2,Activation of RXR-PPAR heterodimers by organotin environmental endocrine disruptors,10.1038/embor.2009.8,2009.0,True,False
3ERD,HUMAN ESTROGEN RECEPTOR ALPHA LIGAND-BINDING DOMAIN IN COMPLEX WITH DIETHYLSTILBESTROL AND A GLUCOCORTICOID RECEPTOR INTERACTING PROTEIN 1 NR BOX II PEPTIDE,experimental,"[""X-RAY DIFFRACTION""]",[2.03],[0.196],[0.248],1999-03-31T00:00:00Z,1999-04-08T00:00:00Z,2023-09-06T00:00:00Z,P 1 21 1,2,2,3,4,The structural basis of estrogen receptor/coactivator recognition and the antagonism of this interaction by tamoxifen.,10.1016/S0092-8674(00)81717-1,1998.0,True,False
3ERT,HUMAN ESTROGEN RECEPTOR ALPHA LIGAND-BINDING DOMAIN IN COMPLEX WITH 4-HYDROXYTAMOXIFEN,experimental,"[""X-RAY DIFFRACTION""]",[1.9],[0.229],[0.262],1999-03-30T00:00:00Z,1999-04-08T00:00:00Z,2023-09-06T00:00:00Z,P 65 2 2,1,1,1,1,The structural basis of estrogen receptor/coactivator recognition and the antagonism of this interaction by tamoxifen.,10.1016/S0092-8674(00)81717-1,1998.0,True,False
3ET0,Structure of PPARgamma with 3-(5-Methoxy-1H-indol-3-yl)-propionic acid,experimental,"[""X-RAY DIFFRACTION""]",[2.4],[0.2002],[0.2554],2008-10-06T00:00:00Z,2009-02-17T00:00:00Z,2024-11-13T00:00:00Z,C 1 2 1,1,1,2,2,"Scaffold-based discovery of indeglitazar, a PPAR pan-active anti-diabetic agent",10.1073/pnas.0811325106,2009.0,True,False
3ET1,Structure of PPARalpha with 3-[5-Methoxy-1-(4-methoxy-benzenesulfonyl)-1H-indol-3-yl]-propionic acid,experimental,"[""X-RAY DIFFRACTION""]",[2.5],[0.195],[0.258],2008-10-06T00:00:00Z,2009-02-17T00:00:00Z,2023-09-06T00:00:00Z,P 21 21 21,2,2,1,4,"Scaffold-based discovery of indeglitazar, a PPAR pan-active anti-diabetic agent",10.1073/pnas.0811325106,2009.0,True,False
3ET2,Structure of PPARdelta with 3-[5-Methoxy-1-(4-methoxy-benzenesulfonyl)-1H-indol-3-yl]-propionic acid,experimental,"[""X-RAY DIFFRACTION""]",[2.24],[0.185],[0.242],2008-10-06T00:00:00Z,2009-02-17T00:00:00Z,2023-09-06T00:00:00Z,P 1 21 1,1,1,2,2,"Scaffold-based discovery of indeglitazar, a PPAR pan-active anti-diabetic agent",10.1073/pnas.0811325106,2009.0,True,False
3ET3,Structure of PPARgamma with 3-[5-Methoxy-1-(4-methoxy-benzenesulfonyl)-1H-indol-3-yl]-propionic acid,experimental,"[""X-RAY DIFFRACTION""]",[1.95],[0.179],[0.236],2008-10-06T00:00:00Z,2009-02-17T00:00:00Z,2023-09-06T00:00:00Z,C 2 2 21,2,2,1,2,"Scaffold-based discovery of indeglitazar, a PPAR pan-active anti-diabetic agent",10.1073/pnas.0811325106,2009.0,True,False
3FAL,humanRXR alpha & mouse LXR alpha complexed with Retenoic acid and GSK2186,experimental,"[""X-RAY DIFFRACTION""]",[2.36],[0.2194],[0.2777],2008-11-17T00:00:00Z,2009-04-14T00:00:00Z,2023-12-27T00:00:00Z,C 1 2 1,2,2,2,4,Structure-guided design of N-phenyl tertiary amines as transrepression-selective liver X receptor modulators with anti-inflammatory activity.,10.1021/jm800612u,2008.0,True,False
3FC6,"hRXRalpha & mLXRalpha with an indole Pharmacophore, SB786875",experimental,"[""X-RAY DIFFRACTION""]",[2.063],[0.1987],[0.2501],2008-11-21T00:00:00Z,2009-02-10T00:00:00Z,2023-12-27T00:00:00Z,C 1 2 1,2,2,2,4,Synthesis and SAR of potent LXR agonists containing an indole pharmacophore.,10.1016/j.bmcl.2009.01.004,2009.0,True,False
3FEI,"Design and biological evaluation of novel, balanced dual PPARa/g agonists",experimental,"[""X-RAY DIFFRACTION""]",[2.4],[0.21653],[0.25972],2008-11-30T00:00:00Z,2009-10-20T00:00:00Z,2023-12-27T00:00:00Z,P 21 21 21,2,2,1,2,"Design and biological evaluation of novel, balanced dual PPARalpha/gamma agonists",10.1002/cmdc.200800425,2009.0,True,False
3FEJ,"Design and biological evaluation of novel, balanced dual PPARa/g agonists",experimental,"[""X-RAY DIFFRACTION""]",[2.01],[0.20386],[0.24979],2008-11-30T00:00:00Z,2009-10-20T00:00:00Z,2023-12-27T00:00:00Z,P 21 21 21,2,2,1,2,"Design and biological evaluation of novel, balanced dual PPARalpha/gamma agonists",10.1002/cmdc.200800425,2009.0,True,False
3FLI,"Discovery of XL335, a Highly Potent, Selective and Orally-Active Agonist of the Farnesoid X Receptor (FXR)",experimental,"[""X-RAY DIFFRACTION""]",[2.0],[0.19011],[0.24254],2008-12-18T00:00:00Z,2009-12-22T00:00:00Z,2024-02-21T00:00:00Z,P 41 21 2,1,1,1,1,"Discovery of XL335 (WAY-362450), a highly potent, selective, and orally active agonist of the farnesoid X receptor (FXR).",10.1021/jm8014124,2009.0,True,False
3FS1,Crystal structure of HNF4a LBD in complex with the ligand and the coactivator PGC-1a fragment,experimental,"[""X-RAY DIFFRACTION""]",[2.2],[0.19],[0.236],2009-01-08T00:00:00Z,2009-10-27T00:00:00Z,2023-09-06T00:00:00Z,P 42 2 2,2,2,1,2,Multiple binding modes between HNF4alpha and the LXXLL motifs of PGC-1alpha lead to full activation,10.1074/jbc.M109.052506,2009.0,True,False
3FUG,"Crystal Structure of the Retinoid X Receptor Ligand Binding Domain Bound to the Synthetic Agonist 3-[4-Hydroxy-3-(3,5,5,8,8-pentamethyl-5,6,7,8-tetrahydronaphthalen-2-yl)-phenyl]acrylic Acid",experimental,"[""X-RAY DIFFRACTION""]",[2.0],[0.205],[0.241],2009-01-14T00:00:00Z,2009-05-12T00:00:00Z,2023-09-06T00:00:00Z,P 43 21 2,2,2,1,2,"Modulating retinoid X receptor with a series of (E)-3-[4-hydroxy-3-(3-alkoxy-5,5,8,8-tetramethyl-5,6,7,8-tetrahydronaphthalen-2-yl)phenyl]acrylic acids and their 4-alkoxy isomers.",10.1021/jm900096q,2009.0,True,False
3FUR,Crystal Structure of PPARg in complex with INT131,experimental,"[""X-RAY DIFFRACTION""]",[2.3],[0.18844],[0.2425],2009-01-14T00:00:00Z,2009-06-09T00:00:00Z,2024-03-20T00:00:00Z,P 21 21 21,2,2,2,2,INT131: a selective modulator of PPAR gamma.,10.1016/j.jmb.2009.01.025,2009.0,True,False
3FXV,Identification of an N-oxide pyridine GW4064 analogue as a potent FXR agonist,experimental,"[""X-RAY DIFFRACTION""]",[2.26],[0.1883],[0.2421],2009-01-21T00:00:00Z,2009-04-14T00:00:00Z,2024-04-03T00:00:00Z,P 65,2,2,1,2,Identification of an N-oxide pyridine GW4064 analog as a potent FXR agonist,10.1016/j.bmcl.2009.03.008,2009.0,True,False
3G8I,"Aleglitazar, a new, potent, and balanced PPAR alpha/gamma agonist for the treatment of type II diabetes",experimental,"[""X-RAY DIFFRACTION""]",[2.2],[0.19909],[0.26149],2009-02-12T00:00:00Z,2009-06-02T00:00:00Z,2023-11-01T00:00:00Z,P 21 21 21,2,2,1,2,"Aleglitazar, a new, potent, and balanced dual PPARalpha/gamma agonist for the treatment of type II diabetes.",10.1016/j.bmcl.2009.03.036,2009.0,True,False
3G8O,Progesterone Receptor with bound Pyrrolidine 1,experimental,"[""X-RAY DIFFRACTION""]",[1.9],[0.204],[0.241],2009-02-12T00:00:00Z,2010-02-16T00:00:00Z,2023-09-06T00:00:00Z,P 1 21 1,1,1,2,2,"Rational design of orally-active, pyrrolidine-based progesterone receptor partial agonists.",10.1016/j.bmcl.2009.06.055,2009.0,True,False
3G9E,"Aleglitaar. a new. potent, and balanced dual ppara/g agonist for the treatment of type II diabetes",experimental,"[""X-RAY DIFFRACTION""]",[2.3],[0.2],[0.262],2009-02-13T00:00:00Z,2009-06-02T00:00:00Z,2023-11-01T00:00:00Z,P 21 21 21,2,2,1,2,"Aleglitazar, a new, potent, and balanced dual PPARalpha/gamma agonist for the treatment of type II diabetes.",10.1016/j.bmcl.2009.03.036,2009.0,True,False
3GBK,Crystal Structure of Human PPAR-gamma Ligand Binding Domain Complexed with a Potent and Selective Agonist,experimental,"[""X-RAY DIFFRACTION""]",[2.3],[0.23049],[0.29785],2009-02-19T00:00:00Z,2009-12-29T00:00:00Z,2023-11-01T00:00:00Z,P 1 21 1,1,1,1,2,Design and structural analysis of novel pharmacophores for potent and selective peroxisome proliferator-activated receptor gamma agonists,10.1021/jm801594x,2009.0,True,False
3GD2,isoxazole ligand bound to farnesoid X receptor (FXR),experimental,"[""X-RAY DIFFRACTION""]",[3.2],[0.238],[0.297],2009-02-23T00:00:00Z,2009-07-07T00:00:00Z,2024-02-21T00:00:00Z,F 2 3,2,2,1,2,Substituted isoxazole analogs of farnesoid X receptor (FXR) agonist GW4064.,10.1016/j.bmcl.2009.04.047,2009.0,True,False
3GWS,Crystal Structure of T3-Bound Thyroid Hormone Receptor,experimental,"[""X-RAY DIFFRACTION""]",[2.2],[0.1909],[0.233],2009-04-01T00:00:00Z,2009-04-28T00:00:00Z,2023-11-15T00:00:00Z,P 31 2 1,1,1,1,1,Structural rearrangements in the thyroid hormone receptor hinge domain and their putative role in the receptor function,10.1016/j.jmb.2006.05.008,2006.0,True,False
3GWX,MOLECULAR RECOGNITION OF FATTY ACIDS BY PEROXISOME PROLIFERATOR-ACTIVATED RECEPTORS,experimental,"[""X-RAY DIFFRACTION""]",[2.4],[0.242],[0.301],1999-04-26T00:00:00Z,2000-04-26T00:00:00Z,2023-12-27T00:00:00Z,P 1 21 1,1,1,1,2,Molecular recognition of fatty acids by peroxisome proliferator-activated receptors.,10.1016/S1097-2765(00)80467-0,1999.0,True,False
3GZ9,Crystal Structure of Peroxisome Proliferator-Activated Receptor Delta (PPARd) in Complex with a Full Agonist,experimental,"[""X-RAY DIFFRACTION""]",[2.0],[0.189],[0.245],2009-04-06T00:00:00Z,2009-06-30T00:00:00Z,2024-02-21T00:00:00Z,P 21 21 2,1,1,2,1,Identification of a PPARdelta agonist with partial agonistic activity on PPARgamma.,10.1016/j.bmcl.2009.04.151,2009.0,True,False
3H0A,"Crystal Structure of Peroxisome Proliferator-Activated Receptor Gamma (PPARg) and Retinoic Acid Receptor Alpha (RXRa) in Complex with 9-cis Retinoic Acid, Co-activator Peptide, and a Partial Agonist",experimental,"[""X-RAY DIFFRACTION""]",[2.1],[0.24634],[0.34165],2009-04-08T00:00:00Z,2009-06-09T00:00:00Z,2024-02-21T00:00:00Z,C 1 2 1,3,3,2,4,Identification of a PPARdelta agonist with partial agonistic activity on PPARgamma.,10.1016/j.bmcl.2009.04.151,2009.0,True,False
3H52,Crystal structure of the antagonist form of human glucocorticoid receptor,experimental,"[""X-RAY DIFFRACTION""]",[2.8],[0.22557],[0.28317],2009-04-21T00:00:00Z,2009-12-01T00:00:00Z,2023-11-01T00:00:00Z,P 32 2 1,2,2,2,6,Molecular switch in the glucocorticoid receptor: active and passive antagonist conformations,10.1016/j.jmb.2009.11.011,2010.0,True,False
3HC5,FXR with SRC1 and GSK826,experimental,"[""X-RAY DIFFRACTION""]",[2.6],[0.22],[0.269],2009-05-05T00:00:00Z,2009-07-21T00:00:00Z,2023-09-06T00:00:00Z,F 2 3,2,2,2,2,FXR agonist activity of conformationally constrained analogs of GW 4064.,10.1016/j.bmcl.2009.06.062,2009.0,True,False
3HC6,FXR with SRC1 and GSK088,experimental,"[""X-RAY DIFFRACTION""]",[3.2],[0.252],[0.287],2009-05-05T00:00:00Z,2009-07-21T00:00:00Z,2023-09-06T00:00:00Z,F 2 3,2,2,2,2,FXR agonist activity of conformationally constrained analogs of GW 4064.,10.1016/j.bmcl.2009.06.062,2009.0,True,False
3HLV,"Crystal structure of human Estrogen Receptor Alpha Ligand-Binding Domain in complex with a Glucocorticoid Receptor Interacting Protein 1 Nr Box II Peptide and 16-alpha-hydroxy-estrone ((8S,9R,13S,14R,16R)-3,16-dihydroxy-13-methyl-7,8,9,11,12,14,15, 16-octahydro-6H-cyclopenta[a]phenanthren-17-one",experimental,"[""X-RAY DIFFRACTION""]",[3.0],[0.217],[0.2687],2009-05-28T00:00:00Z,2010-06-02T00:00:00Z,2023-09-06T00:00:00Z,P 1 21 1,2,2,1,4,Crystal structure of human alphaER-LBD in complex with GRIP peptide and 16alpha-hydroxyestrone,,,True,False
3HM1,"Crystal structure of human Estrogen Receptor Alpha Ligand-Binding Domain in complex with a Glucocorticoid Receptor Interacting Protein 1 Nr Box II Peptide and estrone ((8R,9S,13S,14S)-3-hydroxy-13-methyl-7,8,9,11,12,14,15,16-octahydro-6H-cyclopenta[a]phenanthren-17-one)",experimental,"[""X-RAY DIFFRACTION""]",[2.33],[0.2307],[0.2889],2009-05-28T00:00:00Z,2010-06-02T00:00:00Z,2024-11-20T00:00:00Z,P 1 21 1,2,2,1,4,"Crystal structure of human Estrogen Receptor Alpha Ligand-Binding Domain in complex with a Glucocorticoid Receptor Interacting Protein 1 Nr Box II Peptide and estrone ((8R,9S,13S,14S)-3-hydroxy-13-methyl-7,8,9,11,12,14,15,  16-octahydro-6H-cyclopenta[a]phenanthren-17-one)",,,True,False
3HO0,Crystal structure of the PPARgamma-LBD complexed with a new aryloxy-3phenylpropanoic acid,experimental,"[""X-RAY DIFFRACTION""]",[2.6],[0.2578],[0.328],2009-06-01T00:00:00Z,2009-10-27T00:00:00Z,2023-11-01T00:00:00Z,C 1 2 1,1,1,1,2,New 2-Aryloxy-3-phenyl-propanoic Acids As Peroxisome Proliferator-Activated Receptors alpha/gamma Dual Agonists with Improved Potency and Reduced Adverse Effects on Skeletal Muscle Function,10.1021/jm900941b,2009.0,True,False
3HOD,Crystal structure of the PPARgamma-LBD complexed with a new aryloxy-3phenylpropanoic acid,experimental,"[""X-RAY DIFFRACTION""]",[2.1],[0.262],[0.29],2009-06-02T00:00:00Z,2009-10-27T00:00:00Z,2023-11-01T00:00:00Z,C 1 2 1,1,1,1,2,New 2-Aryloxy-3-phenyl-propanoic Acids As Peroxisome Proliferator-Activated Receptors alpha/gamma Dual Agonists with Improved Potency and Reduced Adverse Effects on Skeletal Muscle Function,10.1021/jm900941b,2009.0,True,False
3HQ5,Progesterone Receptor bound to an Alkylpyrrolidine ligand.,experimental,"[""X-RAY DIFFRACTION""]",[2.1],[0.1976],[0.23678],2009-06-05T00:00:00Z,2010-03-02T00:00:00Z,2024-02-21T00:00:00Z,P 1 21 1,1,1,3,2,"Rational design of orally-active, pyrrolidine-based progesterone receptor partial agonists.",10.1016/j.bmcl.2009.06.055,2009.0,True,False
3HVL,Tethered PXR-LBD/SRC-1p complexed with SR-12813,experimental,"[""X-RAY DIFFRACTION""]",[2.1],[0.2203],[0.2648],2009-06-16T00:00:00Z,2009-08-04T00:00:00Z,2024-02-21T00:00:00Z,P 21 21 21,1,1,1,2,Construction and characterization of a fully active PXR/SRC-1 tethered protein with increased stability,10.1093/protein/gzn017,2008.0,True,False
3HZF,Structure of TR-alfa bound to selective thyromimetic GC-1 in C2 space group,experimental,"[""X-RAY DIFFRACTION""]",[2.5],[0.1884],[0.26293],2009-06-23T00:00:00Z,2009-07-21T00:00:00Z,2024-11-20T00:00:00Z,C 1 2 1,1,1,1,1,Structural basis of GC-1 selectivity for thyroid hormone receptor isoforms.,10.1186/1472-6807-8-8,2008.0,True,False
3IA6,X-ray Crystal structure of the nuclear hormone receptor PPAR-gamma in a complex with a PPAR gamma/alpha dual agonist,experimental,"[""X-RAY DIFFRACTION""]",[2.31],[0.23832],[0.29712],2009-07-13T00:00:00Z,2009-10-13T00:00:00Z,2023-09-06T00:00:00Z,C 1 2 1,1,1,1,2,Synthesis and evaluation of novel alpha-heteroaryl-phenylpropanoic acid derivatives as PPARalpha/gamma dual agonists.,10.1016/j.bmc.2009.09.001,2009.0,True,False
3ILZ,Structure of TR-alfa bound to selective thyromimetic GC-1 in P212121 space group,experimental,"[""X-RAY DIFFRACTION""]",[1.85],[0.15],[0.188],2009-08-07T00:00:00Z,2010-04-28T00:00:00Z,2024-10-16T00:00:00Z,P 21 21 21,1,1,1,1,Structural basis of GC-1 selectivity for thyroid hormone receptor isoforms.,10.1186/1472-6807-8-8,2008.0,True,False
3IMY,Structure of TR-beta bound to selective thyromimetic GC-1,experimental,"[""X-RAY DIFFRACTION""]",[2.55],[0.225],[0.271],2009-08-11T00:00:00Z,2009-09-08T00:00:00Z,2024-11-27T00:00:00Z,P 31 2 1,1,1,1,1,Structural basis of GC-1 selectivity for thyroid hormone receptor isoforms.,10.1186/1472-6807-8-8,2008.0,True,False
3IPQ,X-ray structure of GW3965 synthetic agonist bound to the LXR-alpha,experimental,"[""X-RAY DIFFRACTION""]",[2.0],[0.19912],[0.23358],2009-08-18T00:00:00Z,2010-06-02T00:00:00Z,2024-04-03T00:00:00Z,I 4 2 2,2,2,2,2,X-ray structures of the LXRalpha LBD in its homodimeric form and implications for heterodimer signaling.,10.1016/j.jmb.2010.04.005,2010.0,True,False
3IPS,X-ray structure of benzisoxazole synthetic agonist bound to the LXR-alpha,experimental,"[""X-RAY DIFFRACTION""]",[2.26],[0.25506],[0.3145],2009-08-18T00:00:00Z,2010-06-02T00:00:00Z,2024-04-03T00:00:00Z,P 4 21 2,2,2,2,4,X-ray structures of the LXRalpha LBD in its homodimeric form and implications for heterodimer signaling.,10.1016/j.jmb.2010.04.005,2010.0,True,False
3IPU,X-ray structure of benzisoxazole urea synthetic agonist bound to the LXR-alpha,experimental,"[""X-RAY DIFFRACTION""]",[2.4],[0.234],[0.29101],2009-08-18T00:00:00Z,2010-06-02T00:00:00Z,2024-04-03T00:00:00Z,P 4 21 2,2,2,2,4,X-ray structures of the LXRalpha LBD in its homodimeric form and implications for heterodimer signaling.,10.1016/j.jmb.2010.04.005,2010.0,True,False
3JZB,Crystal Structure of TR-alfa bound to the selective thyromimetic TRIAC,experimental,"[""X-RAY DIFFRACTION""]",[2.007],[0.1714],[0.1985],2009-09-23T00:00:00Z,2009-12-08T00:00:00Z,2024-11-27T00:00:00Z,P 21 21 21,1,1,1,1,Gaining ligand selectivity in thyroid hormone receptors via entropy.,10.1073/pnas.0911024106,2009.0,True,False
3JZC,Crystal Structure of TR-beta bound to the selective thyromimetic TRIAC,experimental,"[""X-RAY DIFFRACTION""]",[2.5],[0.1982],[0.2456],2009-09-23T00:00:00Z,2009-12-08T00:00:00Z,2024-11-06T00:00:00Z,P 31 2 1,1,1,1,1,Gaining ligand selectivity in thyroid hormone receptors via entropy.,10.1073/pnas.0911024106,2009.0,True,False
3K22,Glucocorticoid Receptor with Bound alaninamide 10 with TIF2 peptide,experimental,"[""X-RAY DIFFRACTION""]",[2.1],[0.211],[0.255],2009-09-29T00:00:00Z,2010-08-11T00:00:00Z,2024-03-13T00:00:00Z,P 61,2,2,2,4,Design and x-ray crystal structures of high-potency nonsteroidal glucocorticoid agonists exploiting a novel binding site on the receptor.,10.1073/pnas.0909125106,2009.0,True,False
3K23,Glucocorticoid Receptor with Bound D-prolinamide 11,experimental,"[""X-RAY DIFFRACTION""]",[3.0],[0.224],[0.289],2009-09-29T00:00:00Z,2009-10-27T00:00:00Z,2024-04-03T00:00:00Z,C 1 2 1,2,2,1,6,Design and x-ray crystal structures of high-potency nonsteroidal glucocorticoid agonists exploiting a novel binding site on the receptor.,10.1073/pnas.0909125106,2009.0,True,False
3K6P,Estrogen Related Receptor alpha in Complex with an Ether Based Ligand,experimental,"[""X-RAY DIFFRACTION""]",[1.996],[0.2108],[0.248],2009-10-09T00:00:00Z,2010-10-20T00:00:00Z,2023-09-06T00:00:00Z,P 65 2 2,1,1,1,1,Development of Diaryl Ether based ligands for Estrogen Related Receptor alpha as Potential Anti-Diabetic Agents.,,,True,False
3K8S,Crystal Structure of PPARg in complex with T2384,experimental,"[""X-RAY DIFFRACTION""]",[2.55],[0.226],[0.273],2009-10-14T00:00:00Z,2009-11-03T00:00:00Z,2023-09-06T00:00:00Z,C 1 2 1,1,1,1,2,"T2384, a novel antidiabetic agent with unique peroxisome proliferator-activated receptor gamma binding properties",10.1074/jbc.M800104200,2008.0,True,False
3KBA,Progesterone receptor bound to sulfonamide pyrrolidine partial agonist,experimental,"[""X-RAY DIFFRACTION""]",[2.0],[0.194],[0.25],2009-10-20T00:00:00Z,2009-12-08T00:00:00Z,2024-02-21T00:00:00Z,P 1 21 1,1,1,2,2,Improving the developability profile of pyrrolidine progesterone receptor partial agonists.,10.1016/j.bmcl.2009.10.092,2010.0,True,False
3KDT,"Crystal structure of peroxisome proliferator-activatedeceptor alpha (PPARalpha) complex with N-3-((2-(4-Chlorophenyl)-5-methyl-1,3-oxazol-4-yl)methoxy)benzyl)-N-(methoxycarbonyl)glycine",experimental,"[""X-RAY DIFFRACTION""]",[2.7],[0.253],[0.316],2009-10-23T00:00:00Z,2010-04-28T00:00:00Z,2024-02-21T00:00:00Z,P 41,1,1,1,2,Discovery of an oxybenzylglycine based peroxisome proliferator activated receptor alpha selective agonist 2-((3-((2-(4-chlorophenyl)-5-methyloxazol-4-yl)methoxy)benzyl)(methoxycarbonyl)amino)acetic acid (BMS-687453).,10.1021/jm9016812,2010.0,True,False
3KDU,"Crystal structure of peroxisome proliferator-activatedeceptor alpha (PPARalpha) complex with N-3-((2-(4-Chlorophenyl)-5-methyl-1,3-oxazol-4-yl)methoxy)benzyl)-N-((4-methylphenoxy)carbonyl)glycine",experimental,"[""X-RAY DIFFRACTION""]",[2.07],[0.178],[0.239],2009-10-23T00:00:00Z,2010-04-28T00:00:00Z,2023-09-06T00:00:00Z,P 41,1,1,1,2,Discovery of an oxybenzylglycine based peroxisome proliferator activated receptor alpha selective agonist 2-((3-((2-(4-chlorophenyl)-5-methyloxazol-4-yl)methoxy)benzyl)(methoxycarbonyl)amino)acetic acid (BMS-687453).,10.1021/jm9016812,2010.0,True,False
3KFC,Complex Structure of LXR with an agonist,experimental,"[""X-RAY DIFFRACTION""]",[2.4],[0.23751],[0.28384],2009-10-27T00:00:00Z,2009-12-08T00:00:00Z,2024-02-21T00:00:00Z,P 21 21 21,1,1,1,4,4-(3-Aryloxyaryl)quinoline sulfones are potent liver X receptor agonists.,10.1016/j.bmcl.2009.10.132,2010.0,True,False
3KMG,"The X-ray Crystal Structure of PPAR-gamma in Complex with an Indole Derivative Modulator, GSK538, and an SRC-1 Peptide",experimental,"[""X-RAY DIFFRACTION""]",[2.1],[0.19812],[0.23014],2009-11-10T00:00:00Z,2010-01-12T00:00:00Z,2024-10-30T00:00:00Z,P 21 21 21,2,2,1,4,Synthesis and biological activities of novel indole derivatives as potent and selective PPAR-gamma modulators,,,True,False
3KMR,Crystal structure of RARalpha ligand binding domain in complex with an agonist ligand (Am580) and a coactivator fragment,experimental,"[""X-RAY DIFFRACTION""]",[1.8],[0.19744],[0.23716],2009-11-11T00:00:00Z,2010-06-02T00:00:00Z,2023-09-06T00:00:00Z,C 1 2 1,2,2,1,2,A unique secondary-structure switch controls constitutive gene repression by retinoic acid receptor.,10.1038/nsmb.1855,2010.0,True,False
3KMZ,Crystal structure of RARalpha ligand binding domain in complex with the inverse agonist BMS493 and a corepressor fragment,experimental,"[""X-RAY DIFFRACTION""]",[2.1],[0.17205],[0.22973],2009-11-11T00:00:00Z,2010-06-02T00:00:00Z,2024-11-20T00:00:00Z,C 1 2 1,2,2,2,4,A unique secondary-structure switch controls constitutive gene repression by retinoic acid receptor.,10.1038/nsmb.1855,2010.0,True,False
3KPZ,"Crystal structure of a novel vitamin D3 analogue, ZK203278 showing dissociated profile",experimental,"[""X-RAY DIFFRACTION""]",[1.9],[0.195],[0.228],2009-11-17T00:00:00Z,2011-10-12T00:00:00Z,2023-09-06T00:00:00Z,P 21 21 21,1,1,1,1,"Crystal structure of a vitamin D3 analog, ZK203278, showing dissociated profile.",,2012.0,True,False
3KWY,Crystal structure of RXRalpha ligand binding domain in complex with triphenyltin and a coactivator fragment,experimental,"[""X-RAY DIFFRACTION""]",[2.3],[0.1834],[0.24437],2009-12-02T00:00:00Z,2010-01-19T00:00:00Z,2026-08-12T00:00:00Z,P 43 21 2,2,2,2,2,A structural view of nuclear hormone receptor: endocrine disruptor interactions.,10.1007/s00018-009-0249-2,2010.0,True,False
3KYT,Crystal structure of orphan nuclear receptor RORgamma in complex with natural ligand,experimental,"[""X-RAY DIFFRACTION""]",[2.35],[0.19749],[0.298],2009-12-07T00:00:00Z,2010-03-16T00:00:00Z,2024-02-21T00:00:00Z,P 41 21 2,2,2,1,2,Structural basis for hydroxycholesterols as natural ligands of orphan nuclear receptor RORgamma.,10.1210/me.2009-0507,2010.0,True,False
3L03,"Crystal Structure of human Estrogen Receptor alpha Ligand-Binding Domain in complex with a Glucocorticoid Receptor Interacting Protein 1 Nr Box II peptide and Estetrol (Estra-1,3,5(10)-triene-3,15 alpha,16alpha,17beta-tetrol)",experimental,"[""X-RAY DIFFRACTION""]",[1.896],[0.1757],[0.2196],2009-12-09T00:00:00Z,2010-12-08T00:00:00Z,2024-10-30T00:00:00Z,P 1 21 1,2,2,3,4,"Crystal Structure of human Estrogen Receptor alpha Ligand-Binding Domain 
in complex with a Glucocorticoid Receptor Interacting Protein 1 Nr Box II 
peptide and Estra-1,3,5(10)-triene-3,15 alpha,16alpha,17beta-tetrol",,,True,False
3L0E,X-ray crystal structure of a Potent Liver X Receptor Modulator,experimental,"[""X-RAY DIFFRACTION""]",[2.3],[0.2021],[0.23661],2009-12-09T00:00:00Z,2010-04-07T00:00:00Z,2023-09-06T00:00:00Z,P 41 2 2,2,2,1,2,Discovery of tertiary sulfonamides as potent liver X receptor antagonists.,10.1021/jm901797p,2010.0,True,False
3L0J,Crystal structure of orphan nuclear receptor RORgamma in complex with natural ligand,experimental,"[""X-RAY DIFFRACTION""]",[2.4],[0.19262],[0.28295],2009-12-10T00:00:00Z,2010-03-16T00:00:00Z,2024-02-21T00:00:00Z,P 41 21 2,2,2,1,2,Structural basis for hydroxycholesterols as natural ligands of orphan nuclear receptor RORgamma.,10.1210/me.2009-0507,2010.0,True,False
3L0L,Crystal structure of orphan nuclear receptor RORgamma in complex with natural ligand,experimental,"[""X-RAY DIFFRACTION""]",[1.74],[0.18625],[0.25164],2009-12-10T00:00:00Z,2010-03-16T00:00:00Z,2024-02-21T00:00:00Z,P 21 21 21,2,2,1,4,Structural basis for hydroxycholesterols as natural ligands of orphan nuclear receptor RORgamma.,10.1210/me.2009-0507,2010.0,True,False
3L1B,Complex Structure of FXR Ligand-binding domain with a tetrahydroazepinoindole compound,experimental,"[""X-RAY DIFFRACTION""]",[1.9],[0.2458],[0.2705],2009-12-11T00:00:00Z,2010-03-02T00:00:00Z,2024-04-03T00:00:00Z,P 21 21 21,1,1,1,1,Improvement of Physiochemical Properties of the Tetrahydroazepinoindole Series of Farnesoid X Receptor (FXR) Agonists: Beneficial Modulation of Lipids in Primates.,10.1021/jm901650u,2010.0,True,False
3L3X,Crystal structure of DHT-bound androgen receptor in complex with the first motif of steroid receptor coactivator 3,experimental,"[""X-RAY DIFFRACTION""]",[1.55],[0.17947],[0.20568],2009-12-18T00:00:00Z,2010-01-12T00:00:00Z,2024-10-16T00:00:00Z,P 21 21 21,2,2,1,2,Identification of SRC3/AIB1 as a Preferred Coactivator for Hormone-activated Androgen Receptor.,10.1074/jbc.M109.085779,2010.0,True,False
3L3Z,Crystal structure of DHT-bound androgen receptor in complex with the third motif of steroid receptor coactivator 3,experimental,"[""X-RAY DIFFRACTION""]",[2.0],[0.1928],[0.24263],2009-12-18T00:00:00Z,2010-01-12T00:00:00Z,2024-11-06T00:00:00Z,P 21 21 21,2,2,1,2,Identification of SRC3/AIB1 as a Preferred Coactivator for Hormone-activated Androgen Receptor.,10.1074/jbc.M109.085779,2010.0,True,False
3LBD,LIGAND-BINDING DOMAIN OF THE HUMAN RETINOIC ACID RECEPTOR GAMMA BOUND TO 9-CIS RETINOIC ACID,experimental,"[""X-RAY DIFFRACTION""]",[2.4],[0.172],[0.267],1998-02-04T00:00:00Z,1999-03-02T00:00:00Z,2024-05-22T00:00:00Z,P 41 21 2,1,1,1,1,Conformational adaptation of agonists to the human nuclear receptor RAR gamma.,10.1038/nsb0398-199,1998.0,True,False
3LMP,Crystal structure of the PPARgamma-LBD complexed with a cercosporamide derivative modulator,experimental,"[""X-RAY DIFFRACTION""]",[1.9],[0.203],[0.242],2010-01-31T00:00:00Z,2010-04-14T00:00:00Z,2023-11-01T00:00:00Z,P 1 21 1,2,2,1,2,Discovery of a novel selective PPARgamma modulator from (-)-Cercosporamide derivatives,10.1016/j.bmcl.2010.02.073,2010.0,True,False
3M7R,Crystal structure of VDR H305Q mutant,experimental,"[""X-RAY DIFFRACTION""]",[1.8],[0.211],[0.241],2010-03-17T00:00:00Z,2010-05-05T00:00:00Z,2023-11-01T00:00:00Z,P 21 21 21,1,1,1,1,Crystal structure of hereditary vitamin D-resistant rickets--associated mutant H305Q of vitamin D nuclear receptor bound to its natural ligand,10.1016/j.jsbmb.2010.04.008,2010.0,True,False
3N00,Crystal Structure of a deletion mutant of human Reverba ligand binding domain bound with an NCoR ID1 peptide determined to 2.60A,experimental,"[""X-RAY DIFFRACTION""]",[2.6],[0.19861],[0.26633],2010-05-13T00:00:00Z,2010-06-30T00:00:00Z,2023-09-06T00:00:00Z,H 3 2,2,2,0,2,Structure of Rev-erbalpha bound to N-CoR reveals a unique mechanism of nuclear receptor-co-repressor interaction.,10.1038/nsmb.1860,2010.0,True,False
3NOA,Crystal structure of human PPAR-gamma ligand binding domain complex with a potency improved agonist,experimental,"[""X-RAY DIFFRACTION""]",[1.98],[0.23076],[0.27482],2010-06-25T00:00:00Z,2011-06-29T00:00:00Z,2023-11-01T00:00:00Z,P 1 21 1,1,1,1,2,Crystal structure of human PPAR-gamma ligand binding domain complex with a potency improved agonist,,,True,False
3NSP,Crystal structure of tetrameric RXRalpha-LBD,experimental,"[""X-RAY DIFFRACTION""]",[2.9],[0.22227],[0.30755],2010-07-02T00:00:00Z,2010-11-17T00:00:00Z,2023-11-01T00:00:00Z,P 21 21 2,1,1,0,2,Danthron functions as a retinoic X receptor antagonist by stabilizing tetramers of the receptor.,10.1074/jbc.M110.166215,2011.0,True,False
3NSQ,Crystal structure of tetrameric RXRalpha-LBD complexed with antagonist danthron,experimental,"[""X-RAY DIFFRACTION""]",[2.6],[0.26518],[0.31799],2010-07-02T00:00:00Z,2010-11-17T00:00:00Z,2023-11-01T00:00:00Z,P 21 21 2,1,1,1,2,Danthron functions as a retinoic X receptor antagonist by stabilizing tetramers of the receptor.,10.1074/jbc.M110.166215,2011.0,True,False
3OAP,Crystal structure of human Retinoid X Receptor alpha-ligand binding domain complex with 9-cis retinoic acid and the coactivator peptide GRIP-1,experimental,"[""X-RAY DIFFRACTION""]",[2.05],[0.2038],[0.2436],2010-08-05T00:00:00Z,2010-11-17T00:00:00Z,2024-02-21T00:00:00Z,P 43 21 2,2,2,1,2,"Structure, Energetics and Dynamics of Binding Coactivator Peptide to Human Retinoid X Receptor Alpha Ligand Binding Domain Complex with 9-cis-Retinoic Acid.",10.1021/bi101288y,2011.0,True,False
3OGT,"Design, Chemical synthesis, Functional characterization and Crystal structure of the sidechain analogue of 1,25-dihydroxyvitamin D3.",experimental,"[""X-RAY DIFFRACTION""]",[1.75],[0.1598],[0.1836],2010-08-17T00:00:00Z,2011-08-17T00:00:00Z,2024-02-21T00:00:00Z,P 21 21 21,1,1,2,1,"Design, Chemical synthesis, Functional characterization and Crystal structure of the sidechain analogue of 1,25-dihydroxyvitamin D3.",,,True,False
3OKH,Crystal structure of human FXR in complex with 2-(4-chlorophenyl)-1-[(1S)-1-cyclohexyl-2-(cyclohexylamino)-2-oxoethyl]-1H-benzimidazole-6-carboxylic acid,experimental,"[""X-RAY DIFFRACTION""]",[2.5],[0.2133],[0.2734],2010-08-25T00:00:00Z,2010-12-29T00:00:00Z,2024-04-03T00:00:00Z,C 2 2 21,2,2,1,2,Discovery of novel and orally active FXR agonists for the potential treatment of dyslipidemia & diabetes,10.1016/j.bmcl.2010.11.039,2010.0,True,False
3OKI,"Crystal structure of human FXR in complex with (2S)-2-[2-(4-chlorophenyl)-1H-benzimidazol-1-yl]-N,2-dicyclohexylethanamide",experimental,"[""X-RAY DIFFRACTION""]",[2.0],[0.2463],[0.2799],2010-08-25T00:00:00Z,2010-12-29T00:00:00Z,2024-04-03T00:00:00Z,C 2 2 21,2,2,1,4,Discovery of novel and orally active FXR agonists for the potential treatment of dyslipidemia & diabetes,10.1016/j.bmcl.2010.11.039,2010.0,True,False
3OLF,"Crystal structure of human FXR in complex with 4-({(2S)-2-[2-(4-chlorophenyl)-5,6-difluoro-1H-benzimidazol-1-yl]-2-cyclohexylacetyl}amino)-3-methylbenzoic acid",experimental,"[""X-RAY DIFFRACTION""]",[1.9],[0.2048],[0.2381],2010-08-26T00:00:00Z,2011-01-19T00:00:00Z,2024-04-03T00:00:00Z,C 2 2 21,2,2,1,4,Optimization of a novel class of benzimidazole-based farnesoid X receptor (FXR) agonists to improve physicochemical and ADME properties,10.1016/j.bmcl.2010.12.123,2011.0,True,False
3OLL,Crystal structure of phosphorylated estrogen receptor beta ligand binding domain,experimental,"[""X-RAY DIFFRACTION""]",[1.5],[0.17535],[0.20809],2010-08-26T00:00:00Z,2010-11-17T00:00:00Z,2024-11-27T00:00:00Z,P 31,2,2,1,4,Synthesis and crystal structure of a phosphorylated estrogen receptor ligand binding domain.,10.1002/cbic.201000532,2010.0,True,False
3OLS,Crystal structure of estrogen receptor beta ligand binding domain,experimental,"[""X-RAY DIFFRACTION""]",[2.2],[0.1843],[0.2664],2010-08-26T00:00:00Z,2010-11-17T00:00:00Z,2024-02-21T00:00:00Z,P 31,2,2,1,4,Synthesis and crystal structure of a phosphorylated estrogen receptor ligand binding domain.,10.1002/cbic.201000532,2010.0,True,False
3OMK,"Crystal structure of human FXR in complex with (2S)-2-[2-(4-chlorophenyl)-5,6-difluoro-1H-benzimidazol-1-yl]-2-cyclohexyl-N-(2-methylphenyl)ethanamide",experimental,"[""X-RAY DIFFRACTION""]",[1.9],[0.2038],[0.2449],2010-08-27T00:00:00Z,2011-01-19T00:00:00Z,2024-04-03T00:00:00Z,C 2 2 21,2,2,1,4,Optimization of a novel class of benzimidazole-based farnesoid X receptor (FXR) agonists to improve physicochemical and ADME properties,10.1016/j.bmcl.2010.12.123,2011.0,True,False
3OMM,"Crystal structure of human FXR in complex with 4-({(2S)-2-[2-(4-chlorophenyl)-5,6-difluoro-1H-benzimidazol-1-yl]-2-cyclohexylacetyl}amino)-3-fluorobenzoic acid",experimental,"[""X-RAY DIFFRACTION""]",[2.1],[0.2154],[0.2563],2010-08-27T00:00:00Z,2011-01-19T00:00:00Z,2024-04-03T00:00:00Z,C 2 2 21,2,2,1,4,Optimization of a novel class of benzimidazole-based farnesoid X receptor (FXR) agonists to improve physicochemical and ADME properties,10.1016/j.bmcl.2010.12.123,2011.0,True,False
3OMO,Fragment-Based Design of novel Estrogen Receptor Ligands,experimental,"[""X-RAY DIFFRACTION""]",[2.21],[0.2084],[0.2638],2010-08-27T00:00:00Z,2011-03-16T00:00:00Z,2024-02-21T00:00:00Z,P 31,2,2,1,4,Design and Evaluation of Fragment-Like Estrogen Receptor Tetrahydroisoquinoline Ligands from a Scaffold-Detection Approach.,10.1021/jm1011116,2011.0,True,False
3OMP,Fragment-Based Design of novel Estrogen Receptor Ligands,experimental,"[""X-RAY DIFFRACTION""]",[2.05],[0.1982],[0.2547],2010-08-27T00:00:00Z,2011-03-16T00:00:00Z,2024-02-21T00:00:00Z,P 31,2,2,1,4,Design and Evaluation of Fragment-Like Estrogen Receptor Tetrahydroisoquinoline Ligands from a Scaffold-Detection Approach.,10.1021/jm1011116,2011.0,True,False
3OMQ,Fragment-Based Design of novel Estrogen Receptor Ligands,experimental,"[""X-RAY DIFFRACTION""]",[1.97],[0.2051],[0.26],2010-08-27T00:00:00Z,2011-03-16T00:00:00Z,2024-02-21T00:00:00Z,P 31,2,2,1,4,Design and Evaluation of Fragment-Like Estrogen Receptor Tetrahydroisoquinoline Ligands from a Scaffold-Detection Approach.,10.1021/jm1011116,2011.0,True,False
3OOF,"Crystal structure of human FXR in complex with 4-({(2S)-2-[2-(4-chlorophenyl)-5,6-difluoro-1H-benzimidazol-1-yl]-2-cyclohexylacetyl}amino)benzoic acid",experimental,"[""X-RAY DIFFRACTION""]",[2.29],[0.1954],[0.2548],2010-08-31T00:00:00Z,2011-01-19T00:00:00Z,2024-04-03T00:00:00Z,C 2 2 21,2,2,1,4,Optimization of a novel class of benzimidazole-based farnesoid X receptor (FXR) agonists to improve physicochemical and ADME properties,10.1016/j.bmcl.2010.12.123,2011.0,True,False
3OOK,"Crystal structure of human FXR in complex with 4-({(2S)-2-[2-(4-chlorophenyl)-5,6-difluoro-1H-benzimidazol-1-yl]-2-cyclohexylacetyl}amino)-3,5-difluorobenzoic acid",experimental,"[""X-RAY DIFFRACTION""]",[2.29],[0.2286],[0.2709],2010-08-31T00:00:00Z,2011-01-19T00:00:00Z,2024-04-03T00:00:00Z,C 2 2 21,2,2,1,4,Optimization of a novel class of benzimidazole-based farnesoid X receptor (FXR) agonists to improve physicochemical and ADME properties,10.1016/j.bmcl.2010.12.123,2011.0,True,False
3OS8,Estrogen Receptor,experimental,"[""X-RAY DIFFRACTION""]",[2.031],[0.186],[0.2276],2010-09-08T00:00:00Z,2010-11-10T00:00:00Z,2024-11-06T00:00:00Z,P 1,2,2,1,4,Coupling of receptor conformation and ligand orientation determine graded activity.,10.1038/nchembio.451,2010.0,True,False
3OS9,Estrogen Receptor,experimental,"[""X-RAY DIFFRACTION""]",[2.303],[0.2048],[0.2491],2010-09-08T00:00:00Z,2010-11-10T00:00:00Z,2024-02-21T00:00:00Z,P 1,1,1,1,4,Coupling of receptor conformation and ligand orientation determine graded activity.,10.1038/nchembio.451,2010.0,True,False
3OSA,Estrogen Receptor,experimental,"[""X-RAY DIFFRACTION""]",[2.296],[0.1963],[0.24],2010-09-08T00:00:00Z,2010-11-10T00:00:00Z,2024-02-21T00:00:00Z,P 1,1,1,1,4,Coupling of receptor conformation and ligand orientation determine graded activity.,10.1038/nchembio.451,2010.0,True,False
3OSI,Crystal structure of PPARgamma ligand binding domain in complex with tetrachloro-bisphenol A (TCBPA),experimental,"[""X-RAY DIFFRACTION""]",[2.7],[0.1723],[0.253],2010-09-09T00:00:00Z,2011-05-25T00:00:00Z,2024-02-21T00:00:00Z,C 1 2 1,1,1,2,2,Peroxisome proliferator-activated receptor Gamma is a target for halogenated analogs of bisphenol A.,10.1289/ehp.1003328,2011.0,True,False
3OSW,Crystal structure of PPARgamma ligand binding domain in complex with tetrabromo-bisphenol A (TBBPA),experimental,"[""X-RAY DIFFRACTION""]",[2.55],[0.1928],[0.2507],2010-09-10T00:00:00Z,2011-05-25T00:00:00Z,2024-02-21T00:00:00Z,C 1 2 1,1,1,2,2,Peroxisome proliferator-activated receptor Gamma is a target for halogenated analogs of bisphenol A.,10.1289/ehp.1003328,2011.0,True,False
3OZ0,PPAR Delta in complex with azppard02,experimental,"[""X-RAY DIFFRACTION""]",[3.0],[0.21478],[0.27048],2010-09-24T00:00:00Z,2011-01-19T00:00:00Z,2023-09-06T00:00:00Z,C 1 2 1,1,1,1,1,"Discovery of isoindoline and tetrahydroisoquinoline derivatives as potent, selective PPARδ agonists",10.1016/j.bmcl.2010.10.117,2011.0,True,False
3OZJ,Crystal structure of human retinoic X receptor alpha complexed with bigelovin and coactivator SRC-1,experimental,"[""X-RAY DIFFRACTION""]",[2.1],[0.24467],[],2010-09-25T00:00:00Z,2011-02-02T00:00:00Z,2023-11-01T00:00:00Z,P 21 21 21,2,2,1,4,Structure basis of bigelovin as a selective RXR agonist with a distinct binding mode,10.1016/j.jmb.2011.01.032,2011.0,True,False
3P0U,Crystal Structure of the ligand binding domain of human testicular receptor 4,experimental,"[""X-RAY DIFFRACTION""]",[3.0],[0.258],[0.287],2010-09-29T00:00:00Z,2010-11-10T00:00:00Z,2024-02-21T00:00:00Z,F 2 2 2,1,1,0,2,The Orphan Nuclear Receptor TR4 Is a Vitamin A-activated Nuclear Receptor.,10.1074/jbc.M110.168740,2011.0,True,False
3P88,FXR bound to isoquinolinecarboxylic acid,experimental,"[""X-RAY DIFFRACTION""]",[2.95],[0.2375],[0.2889],2010-10-13T00:00:00Z,2011-08-31T00:00:00Z,2024-02-21T00:00:00Z,F 2 3,2,2,2,2,Conformationally constrained farnesoid X receptor (FXR) agonists: Heteroaryl replacements of the naphthalene.,10.1016/j.bmcl.2010.12.089,2011.0,True,False
3P89,FXR bound to a quinolinecarboxylic acid,experimental,"[""X-RAY DIFFRACTION""]",[2.3],[0.2254],[0.2547],2010-10-13T00:00:00Z,2011-08-31T00:00:00Z,2024-02-21T00:00:00Z,F 2 3,2,2,2,2,Conformationally constrained farnesoid X receptor (FXR) agonists: Heteroaryl replacements of the naphthalene.,10.1016/j.bmcl.2010.12.089,2011.0,True,False
3P8X,"Synthesis, Structure, and Biological Activity of des-Side Chain Analogues of 1alpha,25-Dihydroxyvitamin D3 with Substituents at C-18",experimental,"[""X-RAY DIFFRACTION""]",[1.7],[0.189],[0.209],2010-10-15T00:00:00Z,2011-08-31T00:00:00Z,2024-02-21T00:00:00Z,P 21 21 21,1,1,2,1,"Synthesis, Structure, and Biological Activity of des-Side Chain Analogues of 1  ,25-Dihydroxyvitamin D3 with Substituents at C-18",10.1002/cmdc.201100021,2011.0,True,False
3PBA,Crystal structure of PPARgamma ligand binding domain in complex with monosulfate tetrabromo-bisphenol A (MonoTBBPA),experimental,"[""X-RAY DIFFRACTION""]",[2.3],[0.1884],[0.255],2010-10-20T00:00:00Z,2011-06-08T00:00:00Z,2024-02-21T00:00:00Z,C 1 2 1,1,1,2,2,"Characterization of Novel Ligands of ER{alpha}, Er{beta}, and PPAR{gamma}: The Case of Halogenated Bisphenol A and Their Conjugated Metabolites.",10.1093/toxsci/kfr132,2011.0,True,False
3PCU,Crystal structure of human retinoic X receptor alpha ligand-binding domain complexed with LX0278 and SRC1 peptide,experimental,"[""X-RAY DIFFRACTION""]",[2.0],[0.20099],[],2010-10-22T00:00:00Z,2011-11-16T00:00:00Z,2023-11-01T00:00:00Z,P 43 21 2,2,2,1,2,(+)-Rutamarin as a Dual Inducer of Both GLUT4 Translocation and Expression Efficiently Ameliorates Glucose Homeostasis in Insulin-Resistant Mice.,10.1371/journal.pone.0031811,2012.0,True,False
3PEQ,PPARd complexed with a phenoxyacetic acid partial agonist,experimental,"[""X-RAY DIFFRACTION""]",[2.4],[0.19872],[0.23667],2010-10-27T00:00:00Z,2011-10-12T00:00:00Z,2023-09-06T00:00:00Z,P 1 21 1,1,1,3,2,"Phenoxyacetic acid PPARd partial agonists for the treatment of type 2 diabetes: synthesis, optimization, and in vivo efficacy",10.1016/j.bmcl.2011.02.077,2011.0,True,False
3PLZ,Human LRH1 LBD bound to GR470,experimental,"[""X-RAY DIFFRACTION""]",[1.75],[0.185],[0.214],2010-11-15T00:00:00Z,2011-03-30T00:00:00Z,2024-02-21T00:00:00Z,P 1 21 1,2,2,2,4,"Small Molecule Agonists of the Orphan Nuclear Receptors Steroidogenic Factor-1 (SF-1, NR5A1) and Liver Receptor Homologue-1 (LRH-1, NR5A2).",10.1021/jm1014296,2011.0,True,False
3PO9,Crystal structure of PPARgamma ligand binding domain in complex with tripropyltin,experimental,"[""X-RAY DIFFRACTION""]",[2.35],[0.2008],[0.2692],2010-11-22T00:00:00Z,2011-11-23T00:00:00Z,2024-02-21T00:00:00Z,C 1 2 1,1,1,2,2,Crystal structure of PPARgamma ligand binding domain in complex with tripropyltin,,,True,False
3PRG,LIGAND BINDING DOMAIN OF HUMAN PEROXISOME PROLIFERATOR ACTIVATED RECEPTOR,experimental,"[""X-RAY DIFFRACTION""]",[2.9],[0.209],[0.271],1998-08-24T00:00:00Z,1999-08-30T00:00:00Z,2024-02-21T00:00:00Z,P 43 21 2,1,1,0,1,Crystal structure of the ligand binding domain of the human nuclear receptor PPARgamma.,10.1074/jbc.273.47.31108,1998.0,True,False
3Q95,Crystal structure of human estrogen receptor alpha LBD in complex with GRIP peptide and estriol,experimental,"[""X-RAY DIFFRACTION""]",[2.05],[0.19623],[0.24149],2011-01-07T00:00:00Z,2012-01-11T00:00:00Z,2024-10-30T00:00:00Z,P 1 21 1,3,3,2,4,Crystal structure of human estrogen receptor alpha LBD in complex with GRIP peptide and Estriol,,,True,False
3QT0,Revealing a steroid receptor ligand as a unique PPARgamma agonist,experimental,"[""X-RAY DIFFRACTION""]",[2.496],[0.1964],[0.2768],2011-02-22T00:00:00Z,2012-02-29T00:00:00Z,2024-02-21T00:00:00Z,C 2 2 21,2,2,1,2,Revealing a steroid receptor ligand as a unique PPAR gamma agonist.,10.1038/cr.2011.162,2012.0,True,False
3R29,Crystal structure of RXRalpha ligand-binding domain complexed with corepressor SMRT2,experimental,"[""X-RAY DIFFRACTION""]",[2.9],[0.24004],[0.32626],2011-03-14T00:00:00Z,2011-05-25T00:00:00Z,2023-09-13T00:00:00Z,P 41 21 2,2,2,0,4,Structural basis for retinoic x receptor repression on the tetramer.,10.1074/jbc.M111.245498,2011.0,True,False
3R2A,Crystal structure of RXRalpha ligand-binding domain complexed with corepressor SMRT2 and antagonist rhein,experimental,"[""X-RAY DIFFRACTION""]",[3.0],[0.25415],[0.33492],2011-03-14T00:00:00Z,2011-05-25T00:00:00Z,2023-09-13T00:00:00Z,P 21 21 21,2,2,1,6,Structural basis for retinoic x receptor repression on the tetramer.,10.1074/jbc.M111.245498,2011.0,True,False
3R5M,Crystal structure of RXRalphaLBD complexed with the agonist magnolol,experimental,"[""X-RAY DIFFRACTION""]",[2.8],[0.24937],[0.29279],2011-03-18T00:00:00Z,2012-02-08T00:00:00Z,2023-09-13T00:00:00Z,P 21 21 21,2,2,1,4,Molecular determinants of magnolol targeting both RXR(alpha) and PPAR(gamma).,10.1371/journal.pone.0028253,2011.0,True,False
3R5N,Crystal structure of PPARgammaLBD complexed with the agonist magnolol,experimental,"[""X-RAY DIFFRACTION""]",[2.0],[0.25832],[0.29304],2011-03-18T00:00:00Z,2012-02-08T00:00:00Z,2023-09-13T00:00:00Z,P 43 21 2,1,1,1,1,Molecular determinants of magnolol targeting both RXR(alpha) and PPAR(gamma).,10.1371/journal.pone.0028253,2011.0,True,False
3R8A,X-ray crystal structure of the nuclear hormone receptor PPAR-gamma in a complex with a compound with dual PPAR gamma agonism and Angiotensin II Type I receptor antagonism activity,experimental,"[""X-RAY DIFFRACTION""]",[2.41],[0.2302],[0.2807],2011-03-23T00:00:00Z,2012-03-14T00:00:00Z,2023-09-13T00:00:00Z,C 1 2 1,1,1,1,2,"Discovery of a Series of Imidazo[4,5-b]pyridines with Dual Activity at Angiotensin II Type 1 Receptor and Peroxisome Proliferator-Activated Receptor-gamma.",10.1021/jm200409s,2011.0,True,False
3R8D,Activation of the Human Nuclear Xenobiotic Receptor PXR by the Reverse Transcriptase-Targeted Anti-HIV Drug PNU-142721,experimental,"[""X-RAY DIFFRACTION""]",[2.8],[0.23813],[0.28929],2011-03-23T00:00:00Z,2011-08-17T00:00:00Z,2024-02-21T00:00:00Z,P 43 21 2,1,1,1,1,Activation of the human nuclear xenobiotic receptor PXR by the reverse transcriptase-targeted anti-HIV drug PNU-142721.,10.1002/pro.706,2011.0,True,False
3R8I,Crystal Structure of PPARgamma with an achiral ureidofibrate derivative (RT86),experimental,"[""X-RAY DIFFRACTION""]",[2.3],[0.252],[0.285],2011-03-24T00:00:00Z,2012-01-11T00:00:00Z,2023-09-13T00:00:00Z,C 1 2 1,1,1,1,2,"Synthesis, characterization and biological evaluation of ureidofibrate-like derivatives endowed with peroxisome proliferator-activated receptor activity.",10.1021/jm201306q,2012.0,True,False
3RLJ,Crystal structure of the androgen receptor ligand binding domain in complex with SARM S-22,experimental,"[""X-RAY DIFFRACTION""]",[1.9],[0.221],[0.265],2011-04-19T00:00:00Z,2011-05-04T00:00:00Z,2023-09-13T00:00:00Z,P 21 21 21,1,1,1,1,Unexpected binding orientation of bulky-B-ring anti-androgens and implications for future drug targets.,10.1021/jm2000097,2011.0,True,False
3RLL,Crystal structure of the T877A androgen receptor ligand binding domain in complex with (S)-N-(4-Cyano-3-(trifluoromethyl)phenyl)-3-(4-cyanonaphthalen-1-yloxy)-2-hydroxy-2-methylpropanamide,experimental,"[""X-RAY DIFFRACTION""]",[1.7],[0.235],[0.263],2011-04-19T00:00:00Z,2011-05-04T00:00:00Z,2023-09-13T00:00:00Z,P 21 21 21,1,1,1,1,Unexpected binding orientation of bulky-B-ring anti-androgens and implications for future drug targets.,10.1021/jm2000097,2011.0,True,False
3RUT,FXR with SRC1 and GSK359,experimental,"[""X-RAY DIFFRACTION""]",[3.0],[0.2317],[0.2658],2011-05-05T00:00:00Z,2011-09-21T00:00:00Z,2024-02-28T00:00:00Z,F 2 3,2,2,2,2,Conformationally constrained farnesoid X receptor (FXR) agonists: Alternative replacements of the stilbene.,10.1016/j.bmcl.2011.08.034,2011.0,True,False
3RUU,FXR with SRC1 and GSK237,experimental,"[""X-RAY DIFFRACTION""]",[2.502],[0.213],[0.2534],2011-05-05T00:00:00Z,2011-09-21T00:00:00Z,2024-02-28T00:00:00Z,F 2 3,2,2,2,2,Conformationally constrained farnesoid X receptor (FXR) agonists: Alternative replacements of the stilbene.,10.1016/j.bmcl.2011.08.034,2011.0,True,False
3RVF,FXR with SRC1 and GSK2034,experimental,"[""X-RAY DIFFRACTION""]",[3.1],[0.2225],[0.2903],2011-05-06T00:00:00Z,2011-09-21T00:00:00Z,2024-02-28T00:00:00Z,F 2 3,2,2,2,2,Conformationally constrained farnesoid X receptor (FXR) agonists: Alternative replacements of the stilbene.,10.1016/j.bmcl.2011.08.034,2011.0,True,False
3S9S,Ligand binding domain of PPARgamma complexed with a benzimidazole partial agonist,experimental,"[""X-RAY DIFFRACTION""]",[2.55],[0.224],[0.284],2011-06-02T00:00:00Z,2012-06-06T00:00:00Z,2023-09-13T00:00:00Z,C 2 2 21,2,2,1,2,Discovery of GSK1997132B a novel centrally penetrant benzimidazole PPARgamma partial agonist.,10.1016/j.bmcl.2011.06.088,2011.0,True,False
3SP6,Structural basis for iloprost as a dual PPARalpha/delta agonist,experimental,"[""X-RAY DIFFRACTION""]",[2.21],[0.1764],[0.2388],2011-07-01T00:00:00Z,2011-07-20T00:00:00Z,2024-02-28T00:00:00Z,P 1 21 1,2,2,1,2,Structural basis for iloprost as a dual peroxisome proliferator-activated receptor alpha/delta agonist.,10.1074/jbc.M111.266023,2011.0,True,False
3SP9,Structural basis for iloprost as a dual PPARalpha/delta agonist,experimental,"[""X-RAY DIFFRACTION""]",[2.3],[0.1951],[0.2526],2011-07-01T00:00:00Z,2011-07-20T00:00:00Z,2024-02-28T00:00:00Z,P 1 21 1,1,1,1,2,Structural basis for iloprost as a dual peroxisome proliferator-activated receptor alpha/delta agonist.,10.1074/jbc.M111.266023,2011.0,True,False
3SZ1,Human PPAR gamma ligand binding domain in complex with luteolin and myristic acid,experimental,"[""X-RAY DIFFRACTION""]",[2.3],[0.2066],[0.24],2011-07-18T00:00:00Z,2012-03-21T00:00:00Z,2024-02-28T00:00:00Z,C 1 2 1,1,1,3,2,Mode of peroxisome proliferator-activated receptor gamma activation by luteolin.,10.1124/mol.111.076216,2012.0,True,False
3T03,Crystal structure of PPAR gamma ligand binding domain in complex with a novel partial agonist GQ-16,experimental,"[""X-RAY DIFFRACTION""]",[2.1],[0.2084],[0.2466],2011-07-19T00:00:00Z,2012-05-23T00:00:00Z,2023-09-13T00:00:00Z,P 21 21 21,2,2,1,4,"GQ-16, a novel peroxisome proliferator-activated receptor (PPAR gamma) ligand, promotes insulin sensitization without weight gain.",10.1074/jbc.M111.332106,2012.0,True,False
3TKC,"Design, Synthesis, Evaluation and Structure of Vitamin D Analogues with Furan Side Chains",experimental,"[""X-RAY DIFFRACTION""]",[1.75],[0.1581],[0.1831],2011-08-26T00:00:00Z,2012-03-07T00:00:00Z,2023-09-13T00:00:00Z,P 21 21 21,1,1,2,1,"Design, synthesis, evaluation, and structure of vitamin D analogues with furan side chains.",10.1002/chem.201102695,2012.0,True,False
3TKM,Crystal structure PPAR delta binding GW0742,experimental,"[""X-RAY DIFFRACTION""]",[1.953],[0.1969],[0.2454],2011-08-27T00:00:00Z,2012-07-04T00:00:00Z,2023-09-13T00:00:00Z,P 21 21 21,1,1,2,1,Structural Insights into Human Peroxisome Proliferator Activated Receptor Delta (PPAR-Delta) Selective Ligand Binding.,10.1371/journal.pone.0033643,2012.0,True,False
3TX7,Crystal structure of LRH-1/beta-catenin complex,experimental,"[""X-RAY DIFFRACTION""]",[2.76],[0.1988],[0.2426],2011-09-22T00:00:00Z,2011-12-14T00:00:00Z,2023-09-13T00:00:00Z,P 1 21 1,2,2,1,2,Structural basis of coactivation of liver receptor homolog-1 by beta-catenin.,10.1073/pnas.1117036108,2012.0,True,False
3TY0,"Structure of PPARgamma ligand binding domain in complex with (R)-5-(3-((3-(6-methoxybenzo[d]isoxazol-3-yl)-2-oxo-2,3-dihydro-1H-benzo[d]imidazol-1-yl)methyl)phenyl)-5-methyloxazolidine-2,4-dione",experimental,"[""X-RAY DIFFRACTION""]",[2.0],[0.2337],[0.2728],2011-09-23T00:00:00Z,2011-11-23T00:00:00Z,2024-02-28T00:00:00Z,C 1 2 1,1,1,1,2,Benzimidazolones: a new class of selective peroxisome proliferator-activated receptor gamma (PPAR-gamma) modulators.,10.1021/jm201061j,2011.0,True,False
3U9Q,Ligand binding domain of PPARgamma complexed with Decanoic Acid and PGC-1a peptide,experimental,"[""X-RAY DIFFRACTION""]",[1.522],[0.1831],[0.2221],2011-10-19T00:00:00Z,2011-11-09T00:00:00Z,2025-11-12T00:00:00Z,P 1 21 1,2,2,1,2,Identification and Mechanism of 10-Carbon Fatty Acid as Modulating Ligand of Peroxisome Proliferator-activated Receptors.,10.1074/jbc.M111.294785,2012.0,True,False
3UU7,Crystal structure of hERa-LBD (Y537S) in complex with bisphenol-A,experimental,"[""X-RAY DIFFRACTION""]",[2.196],[0.2058],[0.2456],2011-11-28T00:00:00Z,2012-08-22T00:00:00Z,2024-10-09T00:00:00Z,P 1 21 1,3,3,1,4,Structural and mechanistic insights into bisphenols action provide guidelines for risk assessment and discovery of bisphenol A substitutes.,10.1073/pnas.1203574109,2012.0,True,False
3UUA,Crystal structure of hERa-LBD (Y537S) in complex with bisphenol-AF,experimental,"[""X-RAY DIFFRACTION""]",[2.05],[0.1897],[0.2313],2011-11-28T00:00:00Z,2012-08-22T00:00:00Z,2024-10-16T00:00:00Z,P 1 21 1,3,3,1,4,Structural and mechanistic insights into bisphenols action provide guidelines for risk assessment and discovery of bisphenol A substitutes.,10.1073/pnas.1203574109,2012.0,True,False
3UUC,Crystal structure of hERa-LBD (wt) in complex with bisphenol-C,experimental,"[""X-RAY DIFFRACTION""]",[2.1],[0.2136],[0.2548],2011-11-28T00:00:00Z,2012-08-22T00:00:00Z,2024-10-16T00:00:00Z,P 1,1,1,1,4,Structural and mechanistic insights into bisphenols action provide guidelines for risk assessment and discovery of bisphenol A substitutes.,10.1073/pnas.1203574109,2012.0,True,False
3UUD,Crystal structure of hERa-LBD (Y537S) in complex with estradiol,experimental,"[""X-RAY DIFFRACTION""]",[1.6],[0.1658],[0.1948],2011-11-28T00:00:00Z,2012-08-22T00:00:00Z,2024-10-16T00:00:00Z,P 1 21 1,3,3,3,4,Structural and mechanistic insights into bisphenols action provide guidelines for risk assessment and discovery of bisphenol A substitutes.,10.1073/pnas.1203574109,2012.0,True,False
3UVV,"Crystal Structure of the ligand binding domains of the thyroid receptor:retinoid X receptor complexed with 3,3',5 triiodo-L-thyronine and 9-cis retinoic acid",experimental,"[""X-RAY DIFFRACTION""]",[2.95],[0.2008],[0.25],2011-11-30T00:00:00Z,2012-04-18T00:00:00Z,2023-11-15T00:00:00Z,C 2 2 21,2,2,2,2,Structural basis for negative cooperativity within agonist-bound TR:RXR heterodimers.,10.1073/pnas.1119852109,2012.0,True,False
3V3E,Crystal Structure of the Human Nur77 Ligand-binding Domain,experimental,"[""X-RAY DIFFRACTION""]",[2.06],[0.1952],[0.265],2011-12-13T00:00:00Z,2012-09-26T00:00:00Z,2023-11-08T00:00:00Z,P 21 21 21,1,1,1,2,The orphan nuclear receptor Nur77 regulates LKB1 localization and activates AMPK,10.1038/nchembio.1069,2012.0,True,False
3V3Q,"Crystal Structure of Human Nur77 Ligand-binding Domain in Complex with Ethyl 2-[2,3,4 trimethoxy-6(1-octanoyl)phenyl]acetate",experimental,"[""X-RAY DIFFRACTION""]",[2.22],[0.2092],[0.2862],2011-12-14T00:00:00Z,2012-09-26T00:00:00Z,2023-11-08T00:00:00Z,P 21 21 21,1,1,3,2,The orphan nuclear receptor Nur77 regulates LKB1 localization and activates AMPK,10.1038/nchembio.1069,2012.0,True,False
3V49,Structure of ar lbd with activator peptide and sarm inhibitor 1,experimental,"[""X-RAY DIFFRACTION""]",[1.7],[],[],2011-12-14T00:00:00Z,2012-09-05T00:00:00Z,2023-09-13T00:00:00Z,P 21 21 21,2,2,2,2,Discovery of diarylhydantoins as new selective androgen receptor modulators.,10.1021/jm300249m,2012.0,True,False
3V4A,Structure of ar lbd with activator peptide and sarm inhibitor 2,experimental,"[""X-RAY DIFFRACTION""]",[1.95],[0.1718],[],2011-12-14T00:00:00Z,2012-09-05T00:00:00Z,2023-09-13T00:00:00Z,P 21 21 21,2,2,2,2,Discovery of diarylhydantoins as new selective androgen receptor modulators.,10.1021/jm300249m,2012.0,True,False
3V9T,Crystal structure of the PPARgamma-LBD complexed with a cercosporamide derivative modulator,experimental,"[""X-RAY DIFFRACTION""]",[1.65],[0.20176],[0.21878],2011-12-28T00:00:00Z,2012-02-01T00:00:00Z,2023-11-08T00:00:00Z,P 1 21 1,2,2,1,2,Substituents at the naphthalene C3 position of (-)-Cercosporamide derivatives significantly affect the maximal efficacy as PPAR(gamma) partial agonists,10.1016/j.bmcl.2011.12.066,2012.0,True,False
3V9V,Crystal structure of the PPARgamma-LBD complexed with a cercosporamide derivative modulator,experimental,"[""X-RAY DIFFRACTION""]",[1.6],[0.22415],[0.24403],2011-12-28T00:00:00Z,2012-02-01T00:00:00Z,2023-11-08T00:00:00Z,P 1 21 1,2,2,1,2,Substituents at the naphthalene C3 position of (-)-Cercosporamide derivatives significantly affect the maximal efficacy as PPAR(gamma) partial agonists,10.1016/j.bmcl.2011.12.066,2011.0,True,False
3V9Y,Crystal structure of the PPARgamma-LBD complexed with a cercosporamide derivative modulator,experimental,"[""X-RAY DIFFRACTION""]",[2.1],[0.206],[0.252],2011-12-28T00:00:00Z,2012-02-01T00:00:00Z,2023-11-08T00:00:00Z,P 1 21 1,2,2,1,2,Substituents at the naphthalene C3 position of (-)-Cercosporamide derivatives significantly affect the maximal efficacy as PPAR(gamma) partial agonists,10.1016/j.bmcl.2011.12.066,2012.0,True,False
3VHU,Mineralocorticoid receptor ligand-binding domain with spironolactone,experimental,"[""X-RAY DIFFRACTION""]",[2.11],[0.19034],[0.24571],2011-09-07T00:00:00Z,2011-12-28T00:00:00Z,2023-11-08T00:00:00Z,C 2 2 21,1,1,1,1,"Identification of Benzoxazin-3-one Derivatives as Novel, Potent, and Selective Nonsteroidal Mineralocorticoid Receptor Antagonists",10.1021/jm2011645,2011.0,True,False
3VHV,Mineralocorticoid receptor ligand-binding domain with non-steroidal antagonist,experimental,"[""X-RAY DIFFRACTION""]",[1.35],[0.14116],[0.16735],2011-09-07T00:00:00Z,2011-12-28T00:00:00Z,2023-11-08T00:00:00Z,P 32,1,1,4,1,"Identification of Benzoxazin-3-one Derivatives as Novel, Potent, and Selective Nonsteroidal Mineralocorticoid Receptor Antagonists",10.1021/jm2011645,2011.0,True,False
3VHW,Crystal structure of the human vitamin D receptor ligand binding domain complexed with 4-MP,experimental,"[""X-RAY DIFFRACTION""]",[2.43],[0.18908],[0.24696],2011-09-08T00:00:00Z,2013-03-06T00:00:00Z,2023-11-08T00:00:00Z,P 21 21 21,1,1,1,1,Synthesis of novel C-2 substituted vitamin D derivatives having ringed side chains and their biological evaluation on bone,10.1016/j.jsbmb.2013.02.004,2013.0,True,False
3VI8,Human PPAR alpha ligand binding domain in complex with a synthetic agonist APHM13,experimental,"[""X-RAY DIFFRACTION""]",[1.75],[0.214],[0.249],2011-09-25T00:00:00Z,2012-08-29T00:00:00Z,2023-11-08T00:00:00Z,P 1 21 1,1,1,1,1,"Peroxisome proliferator-activated receptors (PPARs) have multiple binding points that accommodate ligands in various conformations: phenylpropanoic acid-type PPAR ligands bind to PPAR in different conformations, depending on the subtype",10.1021/jm2014293,2012.0,True,False
3VJH,Human PPAR GAMMA ligand binding domain in complex with JKPL35,experimental,"[""X-RAY DIFFRACTION""]",[2.22],[0.20623],[0.24689],2011-10-20T00:00:00Z,2012-08-29T00:00:00Z,2023-11-08T00:00:00Z,C 1 2 1,1,1,1,2,"Peroxisome proliferator-activated receptors (PPARs) have multiple binding points that accommodate ligands in various conformations: phenylpropanoic acid-type PPAR ligands bind to PPAR in different conformations, depending on the subtype.",10.1021/jm2014293,2012.0,True,False
3VJI,Human PPAR gamma ligand binding domain in complex with JKPL53,experimental,"[""X-RAY DIFFRACTION""]",[2.61],[0.21249],[0.27967],2011-10-20T00:00:00Z,2012-08-29T00:00:00Z,2023-11-08T00:00:00Z,C 1 2 1,1,1,1,2,"Peroxisome proliferator-activated receptors (PPARs) have multiple binding points that accommodate ligands in various conformations: phenylpropanoic acid-type PPAR ligands bind to PPAR in different conformations, depending on the subtype.",10.1021/jm2014293,2012.0,True,False
3VN2,Crystal Structure of PPARgamma complexed with Telmisartan,experimental,"[""X-RAY DIFFRACTION""]",[2.18],[0.24979],[0.30851],2011-12-21T00:00:00Z,2012-03-07T00:00:00Z,2024-03-20T00:00:00Z,P 21 21 2,2,2,1,2,Structural basis for telmisartan-mediated partial activation of PPAR gamma,10.1038/hr.2012.17,2012.0,True,False
3VSO,Human PPAR gamma ligand binding domain in complex with a gamma selective agonist mekt21,experimental,"[""X-RAY DIFFRACTION""]",[2.0],[0.2188],[0.2567],2012-04-30T00:00:00Z,2013-05-01T00:00:00Z,2023-11-08T00:00:00Z,C 1 2 1,1,1,1,2,Design and synthesis of a series of alpha-benzyl phenylpropanoic acid-type peroxisome proliferator-activated receptor (PPAR) gamma partial agonists with improved aqueous solubility,10.1016/j.bmc.2013.02.003,2013.0,True,False
3VSP,Human PPAR gamma ligand binding domain in complex with a gamma selective agonist mekt28,experimental,"[""X-RAY DIFFRACTION""]",[2.4],[0.222],[0.274],2012-04-30T00:00:00Z,2013-05-01T00:00:00Z,2023-11-08T00:00:00Z,C 1 2 1,1,1,1,2,Human PPAR gamma ligand binding domain in complex with a gamma selective agonist mekt28,,,True,False
3W0A,Crystal Structure Analysis of Vitamin D receptor,experimental,"[""X-RAY DIFFRACTION""]",[1.8],[0.1919],[0.2357],2012-10-25T00:00:00Z,2013-11-13T00:00:00Z,2024-03-20T00:00:00Z,P 21 21 21,1,1,1,1,structure analysis of vitamin D3 receptor,,,True,False
3W0C,Crystal Structure Analysis of Vitamin D receptor,experimental,"[""X-RAY DIFFRACTION""]",[1.9],[0.1985],[0.235],2012-10-29T00:00:00Z,2013-11-13T00:00:00Z,2024-03-20T00:00:00Z,P 21 21 21,1,1,1,1,structure analysis of vitamin D receptor,,,True,False
3W0Y,Crystal Structure Analysis of Vitamin D receptor,experimental,"[""X-RAY DIFFRACTION""]",[1.98],[0.1745],[0.218],2012-11-05T00:00:00Z,2013-11-13T00:00:00Z,2024-03-20T00:00:00Z,P 21 21 21,1,1,1,1,Crystal Structure Analysis of Vitamin D receptor,,,True,False
3WFF,Mineralocorticoid receptor ligand-binding domain with compound 2b,experimental,"[""X-RAY DIFFRACTION""]",[2.05],[0.18624],[0.2156],2013-07-19T00:00:00Z,2013-08-21T00:00:00Z,2023-11-08T00:00:00Z,P 31 2 1,1,1,2,1,"Design, synthesis, and structure-activity relationships of dihydrofuran-2-one and dihydropyrrol-2-one derivatives as novel benzoxazin-3-one-based mineralocorticoid receptor antagonists.",10.1016/j.bmc.2013.07.043,2013.0,True,False
3WFG,Mineralocorticoid receptor ligand-binding domain with compuond 2e,experimental,"[""X-RAY DIFFRACTION""]",[1.4],[0.16387],[0.1791],2013-07-19T00:00:00Z,2013-08-21T00:00:00Z,2023-11-08T00:00:00Z,P 21 21 21,1,1,2,1,"Design, synthesis, and structure-activity relationships of dihydrofuran-2-one and dihydropyrrol-2-one derivatives as novel benzoxazin-3-one-based mineralocorticoid receptor antagonists.",10.1016/j.bmc.2013.07.043,2013.0,True,False
3WGP,Crystal Structure Analysis of Vitamin D receptor,experimental,"[""X-RAY DIFFRACTION""]",[2.0],[0.1667],[0.2066],2013-08-07T00:00:00Z,2014-08-27T00:00:00Z,2024-03-20T00:00:00Z,P 21 21 21,1,1,1,1,Crystal Structure Analysis of Vitamin D receptor,,,True,False
3WJ4,Crystal structure of PPARgamma ligand binding domain in complex with tributyltin,experimental,"[""X-RAY DIFFRACTION""]",[1.95],[0.19407],[0.24122],2013-10-04T00:00:00Z,2014-10-15T00:00:00Z,2026-08-12T00:00:00Z,P 1 21 1,1,1,1,2,Structural basis for PPARgamma transactivation by endocrine disrupting organotin compounds,,,True,False
3WJ5,Crystal structure of PPARgamma ligand binding domain in complex with triphenyltin,experimental,"[""X-RAY DIFFRACTION""]",[1.89],[0.20261],[0.24741],2013-10-04T00:00:00Z,2014-10-15T00:00:00Z,2026-08-12T00:00:00Z,P 1 21 1,1,1,1,2,Structural basis for PPARgamma transactivation by endocrine disrupting organotin compounds,,,True,False
3WMH,Human PPAR gamma ligand binding domain in complex with a gammma selective synthetic partial agonist MEKT75,experimental,"[""X-RAY DIFFRACTION""]",[2.1],[0.2147],[0.2575],2013-11-19T00:00:00Z,2014-11-19T00:00:00Z,2023-11-08T00:00:00Z,C 1 2 1,1,1,1,2,Human PPRR gamma ligand binding domain in complex with a gammma selective synthetic partial agonist MEKT75,,,True,False
3WWR,"Crystal structure of the human vitamin D receptor ligand binding domain complexed with 1-((((1S,2R,6R,Z)-2,6-dihydroxy-4-((E)-2-((1R,3aS,7aR)-1-((R)-6-hydroxy-6-methylheptan-2-yl)-7a-methylhexahydro-1H-inden-4(2H)-ylidene)ethylidene)-3-methylenecyclohexyl)oxy)methyl)cyclopropanecarbonitrile",experimental,"[""X-RAY DIFFRACTION""]",[3.18],[0.24675],[0.2906],2014-06-27T00:00:00Z,2014-12-31T00:00:00Z,2023-11-08T00:00:00Z,P 21 21 21,1,1,1,1,Synthesis and biological activities of vitamin D3 derivatives with cyanoalkyl side chain at C-2 position.,10.1016/j.jsbmb.2014.12.004,2015.0,True,False
3X1H,hPPARgamma Ligand binding domain in complex with 5-oxo-tricosahexaenoic acid,experimental,"[""X-RAY DIFFRACTION""]",[2.3],[0.22785],[0.26636],2014-11-18T00:00:00Z,2015-04-08T00:00:00Z,2024-11-06T00:00:00Z,C 1 2 1,1,1,1,2,Characterization of covalent bond formation between PPAR gamma and oxo-fatty acids.,10.1021/acs.bioconjchem.5b00021,2015.0,True,False
3X1I,hPPARgamma Ligand binding domain in complex with 6-oxo-tetracosahexaenoic acid,experimental,"[""X-RAY DIFFRACTION""]",[2.4],[0.22879],[0.27878],2014-11-18T00:00:00Z,2015-04-08T00:00:00Z,2024-10-16T00:00:00Z,C 1 2 1,1,1,1,2,Characterization of covalent bond formation between PPAR gamma and oxo-fatty acids.,10.1021/acs.bioconjchem.5b00021,2015.0,True,False
3X31,"Crystal structure of the human vitamin D receptor ligand binding domain complexed with 7,8-cis-14-epi-1a,25-Dihydroxy-19-norvitamin D3",experimental,"[""X-RAY DIFFRACTION""]",[2.11],[0.23666],[0.29857],2015-01-13T00:00:00Z,2016-01-13T00:00:00Z,2024-03-20T00:00:00Z,P 21 21 21,1,1,1,1,"Revisiting the 7,8-cis-vitamin D3 derivatives: synthesis, evaluating the biological activity, and study of the binding configuration",,,True,False
3X36,"Crystal structure of the human vitamin D receptor ligand binding domain complexed with 7,8-cis-1a,25-Dihydroxy-19-norvitamin D3",experimental,"[""X-RAY DIFFRACTION""]",[1.93],[0.1769],[0.22129],2015-01-16T00:00:00Z,2016-01-20T00:00:00Z,2024-03-20T00:00:00Z,P 21 21 21,1,1,1,1,"Revisiting the 7,8-cis-vitamin D3 derivatives: synthesis, evaluating the biological activity, and study of the binding configuration",,,True,False
3ZQT,TARGETING THE BINDING FUNCTION 3 SITE OF THE ANDROGEN RECEPTOR THROUGH IN SILICO MOLECULAR MODELING,experimental,"[""X-RAY DIFFRACTION""]",[2.29],[0.22852],[0.3067],2011-06-10T00:00:00Z,2011-12-07T00:00:00Z,2023-12-20T00:00:00Z,P 21 21 21,1,1,3,1,Targeting the Binding Function 3 (Bf3) Site of the Human Androgen Receptor Through Virtual Screening.,10.1021/JM201098N,2011.0,True,False
3ZR7,Structural basis for agonism and antagonism for a set of chemically related progesterone receptor modulators,experimental,"[""X-RAY DIFFRACTION""]",[1.65],[0.16303],[0.19176],2011-06-15T00:00:00Z,2011-08-17T00:00:00Z,2024-05-08T00:00:00Z,P 1 21 1,1,1,3,2,Structural basis for agonism and antagonism for a set of chemically related progesterone receptor modulators.,10.1074/jbc.M111.273029,2011.0,True,False
3ZRA,Structural basis for agonism and antagonism for a set of chemically related progesterone receptor modulators,experimental,"[""X-RAY DIFFRACTION""]",[1.9],[0.21164],[0.24844],2011-06-15T00:00:00Z,2011-08-17T00:00:00Z,2024-05-08T00:00:00Z,P 1 21 1,1,1,2,2,Structural basis for agonism and antagonism for a set of chemically related progesterone receptor modulators.,10.1074/jbc.M111.273029,2011.0,True,False
3ZRB,Structural basis for agonism and antagonism for a set of chemically related progesterone receptor modulators,experimental,"[""X-RAY DIFFRACTION""]",[1.8],[0.1843],[0.2207],2011-06-15T00:00:00Z,2011-08-17T00:00:00Z,2024-05-08T00:00:00Z,P 1 21 1,1,1,4,2,Structural basis for agonism and antagonism for a set of chemically related progesterone receptor modulators.,10.1074/jbc.M111.273029,2011.0,True,False
4A2J,PR X-Ray structures in agonist conformations reveal two different mechanisms for partial agonism in 11beta-substituted steroids,experimental,"[""X-RAY DIFFRACTION""]",[2.0],[0.20385],[0.25118],2011-09-27T00:00:00Z,2012-04-04T00:00:00Z,2024-05-08T00:00:00Z,P 1 21 1,1,1,2,2,X-ray structures of progesterone receptor ligand binding domain in its agonist state reveal differing mechanisms for mixed profiles of 11 beta-substituted steroids.,10.1074/jbc.M111.308403,2012.0,True,False
4A4V,Ligand binding domain of human PPAR gamma in complex with amorfrutin 2,experimental,"[""X-RAY DIFFRACTION""]",[2.0],[0.20891],[0.25907],2011-10-20T00:00:00Z,2012-10-03T00:00:00Z,2023-12-20T00:00:00Z,C 1 2 1,1,1,1,2,Structural Characterization of Amorfrutins Bound to the Peroxisome Proliferator-Activated Receptor Gamma.,10.1021/JM3013272,2013.0,True,False
4A4W,Ligand binding domain of human PPAR gamma in complex with amorfrutin B,experimental,"[""X-RAY DIFFRACTION""]",[2.0],[0.20309],[0.23436],2011-10-20T00:00:00Z,2012-10-03T00:00:00Z,2023-12-20T00:00:00Z,C 1 2 1,1,1,1,2,Structural Characterization of Amorfrutins Bound to the Peroxisome Proliferator-Activated Receptor Gamma.,10.1021/JM3013272,2013.0,True,False
4AA6,The oestrogen receptor recognizes an imperfectly palindromic response element through an alternative side-chain conformation,experimental,"[""X-RAY DIFFRACTION""]",[2.6],[0.222],[],2011-11-30T00:00:00Z,2011-12-14T00:00:00Z,2024-05-08T00:00:00Z,C 1 2 1,3,1,1,8,The oestrogen receptor recognizes an imperfectly palindromic response element through an alternative side-chain conformation.,10.1016/s0969-2126(01)00150-2,1995.0,True,False
4APU,PR X-Ray structures in agonist conformations reveal two different mechanisms for partial agonism in 11beta-substituted steroids,experimental,"[""X-RAY DIFFRACTION""]",[1.9],[0.20549],[0.2516],2012-04-06T00:00:00Z,2012-04-25T00:00:00Z,2023-12-20T00:00:00Z,P 1 21 1,1,1,3,2,X-ray structures of progesterone receptor ligand binding domain in its agonist state reveal differing mechanisms for mixed profiles of 11 beta-substituted steroids.,10.1074/jbc.M111.308403,2012.0,True,False
4B7W,Ligand binding domain human hepatocyte nuclear factor 4alpha: Apo form,experimental,"[""X-RAY DIFFRACTION""]",[4.0],[0.2496],[0.2798],2012-08-24T00:00:00Z,2013-09-11T00:00:00Z,2023-12-20T00:00:00Z,P 21 21 2,1,1,0,4,Fatty Acids are not Essential Structural Components of Hepatocyte Nuclear Factor 4Alpha,,,True,False
4BCR,Structure of PPARalpha in complex with WY14643,experimental,"[""X-RAY DIFFRACTION""]",[2.497],[0.1731],[0.2157],2012-10-02T00:00:00Z,2013-05-29T00:00:00Z,2024-05-08T00:00:00Z,P 21 21 21,1,1,2,2,Molecular Mechanism of Peroxisome Proliferator-Activated Receptor Alpha Activation by Wy14643: A New Mode of Ligand Recognition and Receptor Stabilization,10.1016/J.JMB.2013.05.010,2013.0,True,False
4CI4,Structural basis for GL479 a dual Peroxisome Proliferator-Activated Receptor alpha agonist,experimental,"[""X-RAY DIFFRACTION""]",[2.302],[0.2148],[0.2579],2013-12-05T00:00:00Z,2014-12-24T00:00:00Z,2023-12-20T00:00:00Z,P 41 21 2,1,1,1,1,"Different binding and recognition modes of GL479, a dual agonist of Peroxisome Proliferator-Activated Receptor alpha / gamma.",10.1016/j.jsb.2015.07.006,2015.0,True,False
4CI5,Structural basis for GL479 a dual Peroxisome Proliferator-Activated Receptor gamma agonist,experimental,"[""X-RAY DIFFRACTION""]",[1.77],[0.1754],[0.2125],2013-12-05T00:00:00Z,2014-12-24T00:00:00Z,2023-12-20T00:00:00Z,C 1 2 1,1,1,1,2,"Different binding and recognition modes of GL479, a dual agonist of Peroxisome Proliferator-Activated Receptor alpha / gamma.",10.1016/j.jsb.2015.07.006,2015.0,True,False
4CN2,Crystal Structure of the Human Retinoid X Receptor DNA-Binding Domain Bound to the Human Ramp2 Response Element,experimental,"[""X-RAY DIFFRACTION""]",[2.069],[0.1648],[0.2142],2014-01-21T00:00:00Z,2015-02-18T00:00:00Z,2023-12-20T00:00:00Z,C 1 2 1,3,1,4,4,Structural Basis of Natural Promoter Recognition by the Retinoid X Nuclear Receptor.,10.1038/SREP08216,2015.0,True,False
4CN3,Crystal Structure of the Human Retinoid X Receptor DNA-Binding Domain Bound to the Human Gde1SpA Response Element,experimental,"[""X-RAY DIFFRACTION""]",[2.35],[0.1794],[0.2493],2014-01-21T00:00:00Z,2015-02-18T00:00:00Z,2023-12-20T00:00:00Z,P 21 21 21,4,2,1,8,Structural Basis of Natural Promoter Recognition by the Retinoid X Nuclear Receptor.,10.1038/SREP08216,2015.0,True,False
4CN5,Crystal Structure of the Human Retinoid X Receptor DNA-Binding Domain Bound to the Human Nr1d1 Response Element,experimental,"[""X-RAY DIFFRACTION""]",[2.0],[0.1673],[0.227],2014-01-21T00:00:00Z,2015-02-18T00:00:00Z,2023-12-20T00:00:00Z,C 1 2 1,3,1,4,4,Structural Basis of Natural Promoter Recognition by the Retinoid X Nuclear Receptor.,10.1038/SREP08216,2015.0,True,False
4CN7,Crystal Structure of the Human Retinoid X Receptor DNA-Binding Domain Bound to an idealized DR1 Response Element,experimental,"[""X-RAY DIFFRACTION""]",[2.34],[0.1731],[0.2093],2014-01-21T00:00:00Z,2015-02-18T00:00:00Z,2023-12-20T00:00:00Z,P 21 21 21,3,1,2,8,Structural Basis of Natural Promoter Recognition by the Retinoid X Nuclear Receptor.,10.1038/SREP08216,2015.0,True,False
4CSJ,"The discovery of potent selective glucocorticoid receptor modulators, suitable for inhalation",experimental,"[""X-RAY DIFFRACTION""]",[2.3],[0.2185],[0.2338],2014-03-07T00:00:00Z,2014-05-07T00:00:00Z,2023-12-20T00:00:00Z,P 32 2 1,2,2,2,2,"The Discovery of Potent and Selective Non-Steroidal Glucocorticoid Receptor Modulators, Suitable for Inhalation.",10.1016/J.BMCL.2014.03.070,2014.0,True,False
4DK7,Crystal structure of LXR ligand binding domain in complex with full agonist 1,experimental,"[""X-RAY DIFFRACTION""]",[2.45],[0.23],[0.27],2012-02-03T00:00:00Z,2012-03-21T00:00:00Z,2024-10-30T00:00:00Z,P 43 21 2,2,2,3,4,Discovery of a new binding mode for a series of liver X receptor agonists.,10.1016/j.bmcl.2012.02.028,2012.0,True,False
4DK8,Crystal structure of LXR ligand binding domain in complex with partial agonist 5,experimental,"[""X-RAY DIFFRACTION""]",[2.75],[0.245],[0.278],2012-02-03T00:00:00Z,2012-03-21T00:00:00Z,2024-02-28T00:00:00Z,P 43 21 2,2,2,3,4,Discovery of a new binding mode for a series of liver X receptor agonists.,10.1016/j.bmcl.2012.02.028,2012.0,True,False
4DM6,Crystal structure of RARb LBD homodimer in complex with TTNPB,experimental,"[""X-RAY DIFFRACTION""]",[1.9],[0.206],[0.239],2012-02-07T00:00:00Z,2012-03-07T00:00:00Z,2024-02-28T00:00:00Z,P 21 21 21,2,2,1,4,Structural basis for a molecular allosteric control mechanism of cofactor binding to nuclear receptors.,10.1073/pnas.1118192109,2012.0,True,False
4DM8,Crystal structure of RARb LBD in complex with 9cis retinoic acid,experimental,"[""X-RAY DIFFRACTION""]",[2.3],[0.224],[0.277],2012-02-07T00:00:00Z,2012-03-07T00:00:00Z,2024-02-28T00:00:00Z,P 21 21 21,2,2,1,4,Structural basis for a molecular allosteric control mechanism of cofactor binding to nuclear receptors.,10.1073/pnas.1118192109,2012.0,True,False
4DMA,Crystal structure of ERa LBD in complex with RU100132,experimental,"[""X-RAY DIFFRACTION""]",[2.3],[0.205],[0.251],2012-02-07T00:00:00Z,2012-03-07T00:00:00Z,2024-02-28T00:00:00Z,P 1 21 1,2,2,1,4,Structural basis for a molecular allosteric control mechanism of cofactor binding to nuclear receptors.,10.1073/pnas.1118192109,2012.0,True,False
4DOR,"Human Nuclear Receptor Liver Receptor Homologue-1, LRH-1, in its apo State Bound to a Fragment of Human SHP Box1",experimental,"[""X-RAY DIFFRACTION""]",[1.9],[0.1732],[0.2196],2012-02-10T00:00:00Z,2012-04-18T00:00:00Z,2024-02-28T00:00:00Z,P 1 21 1,2,2,1,4,Antidiabetic phospholipid-nuclear receptor complex reveals the mechanism for phospholipid-driven gene regulation.,10.1038/nsmb.2279,2012.0,True,False
4DOS,"Human Nuclear Receptor Liver Receptor Homologue-1, LRH-1, Bound to DLPC and a Fragment of TIF-2",experimental,"[""X-RAY DIFFRACTION""]",[2.0],[0.1878],[0.2378],2012-02-10T00:00:00Z,2012-04-18T00:00:00Z,2024-02-28T00:00:00Z,C 1 2 1,2,2,2,3,Antidiabetic phospholipid-nuclear receptor complex reveals the mechanism for phospholipid-driven gene regulation.,10.1038/nsmb.2279,2012.0,True,False
4DQM,Revealing a marine natural product as a novel agonist for retinoic acid receptors with a unique binding mode and antitumor activity,experimental,"[""X-RAY DIFFRACTION""]",[2.75],[0.2134],[0.2594],2012-02-16T00:00:00Z,2012-10-03T00:00:00Z,2024-12-25T00:00:00Z,P 2 21 21,2,2,1,4,Revealing a natural marine product as a novel agonist for retinoic acid receptors with a unique binding mode and inhibitory effects on cancer cells.,10.1042/BJ20120726,2012.0,True,False
4E4K,Crystal Structure of PPARgamma with the ligand JO21,experimental,"[""X-RAY DIFFRACTION""]",[2.5],[0.265],[0.335],2012-03-13T00:00:00Z,2013-01-23T00:00:00Z,2024-02-28T00:00:00Z,C 1 2 1,1,1,1,2,New 2-(Aryloxy)-3-phenylpropanoic Acids as Peroxisome Proliferator-Activated Receptor alpha/gamma Dual Agonists Able To Upregulate Mitochondrial Carnitine Shuttle System Gene Expression.,10.1021/jm301018z,2013.0,True,False
4E4Q,Crystal structure of PPARgamma with the ligand FS214,experimental,"[""X-RAY DIFFRACTION""]",[2.5],[0.242],[0.298],2012-03-13T00:00:00Z,2013-01-23T00:00:00Z,2024-02-28T00:00:00Z,C 1 2 1,1,1,1,2,New 2-(Aryloxy)-3-phenylpropanoic Acids as Peroxisome Proliferator-Activated Receptor alpha/gamma Dual Agonists Able To Upregulate Mitochondrial Carnitine Shuttle System Gene Expression.,10.1021/jm301018z,2013.0,True,False
4EM9,Human PPAR gamma in complex with nonanoic acids,experimental,"[""X-RAY DIFFRACTION""]",[2.1],[0.2049],[0.2351],2012-04-11T00:00:00Z,2013-03-06T00:00:00Z,2023-09-13T00:00:00Z,C 1 2 1,1,1,3,2,Medium chain fatty acids are selective peroxisome proliferator activated receptor (PPAR) Gamma activators and pan-PPAR partial agonists,10.1371/journal.pone.0036297,2012.0,True,False
4EMA,Human peroxisome proliferator-activated receptor gamma in complex with rosiglitazone,experimental,"[""X-RAY DIFFRACTION""]",[2.545],[0.1798],[0.2247],2012-04-11T00:00:00Z,2013-03-06T00:00:00Z,2024-02-28T00:00:00Z,C 1 2 1,1,1,1,2,Medium chain fatty acids are selective peroxisome proliferator activated receptor (PPAR) Gamma activators and pan-PPAR partial agonists,10.1371/journal.pone.0036297,2012.0,True,False
4F9M,Crystal structure of the PPARgamma-LBD complexed with a cercosporamide derivative modulator,experimental,"[""X-RAY DIFFRACTION""]",[1.9],[0.228],[0.254],2012-05-19T00:00:00Z,2012-08-08T00:00:00Z,2023-11-08T00:00:00Z,P 1 21 1,2,2,1,2,Synthesis and biological evaluation of novel (-)-cercosporamide derivatives as potent selective PPARg modulators,10.1016/j.ejmech.2012.05.040,2012.0,True,False
4FGY,Identification of a unique PPAR ligand with an unexpected binding mode and antibetic activity,experimental,"[""X-RAY DIFFRACTION""]",[2.84],[0.21851],[0.28537],2012-06-05T00:00:00Z,2013-03-20T00:00:00Z,2024-02-28T00:00:00Z,C 2 2 21,2,2,1,2,Identification of the antibiotic ionomycin as an unexpected peroxisome proliferator-activated receptor Gamma (PPAR-gamma) ligand with a unique binding mode and effective glucose-lowering activity in a mouse model of diabetes.,10.1007/s00125-012-2777-9,2013.0,True,False
4G2I,Structural basis for the accommodation of bis- and tris-aromatic derivatives in Vitamin D Nuclear Receptor,experimental,"[""X-RAY DIFFRACTION""]",[1.8],[0.195],[0.223],2012-07-12T00:00:00Z,2012-09-26T00:00:00Z,2024-02-28T00:00:00Z,P 21 21 21,1,1,1,1,Structural basis for the accommodation of bis- and tris-aromatic derivatives in vitamin d nuclear receptor.,10.1021/jm300858s,2012.0,True,False
4HEE,Crystal structure of PPARgamma in complex with compound 13,experimental,"[""X-RAY DIFFRACTION""]",[2.5],[0.191],[0.2578],2012-10-03T00:00:00Z,2013-08-21T00:00:00Z,2024-02-28T00:00:00Z,C 2 2 21,2,2,1,2,"Design, synthesis, and evaluation of imidazo[4,5-c]pyridin-4-one derivatives with dual activity at angiotensin II type 1 receptor and peroxisome proliferator-activated receptor-gamma",10.1016/j.bmcl.2012.11.088,2013.0,True,False
4HLW,Targeting the Binding Function 3 (BF3) Site of the Human Androgen Receptor Through Virtual Screening. 2. Development of 2-((2-phenoxyethyl) thio)-1H-benzoimidazole derivatives.,experimental,"[""X-RAY DIFFRACTION""]",[2.5],[0.1743],[0.2388],2012-10-17T00:00:00Z,2013-01-23T00:00:00Z,2024-02-28T00:00:00Z,P 21 21 21,1,1,4,1,Targeting the Binding Function 3 (BF3) Site of the Androgen Receptor Through Virtual Screening. 2. Development of 2-((2-phenoxyethyl) thio)-1H-benzimidazole Derivatives.,10.1021/jm3015712,2013.0,True,False
4HN5,GR DNA Binding Domain - TSLP nGRE Complex,experimental,"[""X-RAY DIFFRACTION""]",[1.902],[0.2074],[0.2346],2012-10-18T00:00:00Z,2012-12-12T00:00:00Z,2024-02-28T00:00:00Z,P 21 21 21,3,1,1,4,The structural basis of direct glucocorticoid-mediated transrepression.,10.1038/nsmb.2456,2013.0,True,False
4HN6,GR DNA Binding Domain R460D/D462R - TSLP nGRE Complex,experimental,"[""X-RAY DIFFRACTION""]",[2.549],[0.1954],[0.2478],2012-10-18T00:00:00Z,2012-12-12T00:00:00Z,2024-02-28T00:00:00Z,P 21 21 21,3,1,1,4,The structural basis of direct glucocorticoid-mediated transrepression.,10.1038/nsmb.2456,2013.0,True,False
4IQR,Multi-Domain Organization of the HNF4alpha Nuclear Receptor Complex on DNA,experimental,"[""X-RAY DIFFRACTION""]",[2.9],[0.239],[0.278],2013-01-13T00:00:00Z,2013-03-20T00:00:00Z,2023-09-20T00:00:00Z,P 1 21 1,4,2,2,12,Multidomain integration in the structure of the HNF-4 alpha nuclear receptor complex.,10.1038/nature11966,2013.0,True,False
4IS8,Divergent sequence tunes ligand sensitivity in phospholipid-regulated hormone receptors,experimental,"[""X-RAY DIFFRACTION""]",[2.78],[0.224],[0.257],2013-01-16T00:00:00Z,2013-06-12T00:00:00Z,2024-02-28T00:00:00Z,P 21 21 21,1,1,0,2,Divergent Sequence Tunes Ligand Sensitivity in Phospholipid-regulated Hormone Receptors.,10.1074/jbc.M113.472837,2013.0,True,False
4ITE,"Crystal structure of the human vitamin D receptor ligand binding domain complexed with 1alpha,25-Dihydroxy-2alpha-[2-(2H-tetrazol-2-yl)ethyl]vitamin D3",experimental,"[""X-RAY DIFFRACTION""]",[2.49],[0.20032],[0.24836],2013-01-18T00:00:00Z,2014-01-22T00:00:00Z,2023-11-08T00:00:00Z,P 21 21 21,1,1,1,1,Synthesis of 2 alpha-heteroarylalkyl active vitamin d3 with therapeutic effect on enhancing bone mineral density in vivo,10.1021/ml400098w,2013.0,True,False
4ITF,"Crystal structure of the human vitamin D receptor ligand binding domain complexed with 1alpha,25-Dihydroxy-2alpha-[2-(1H-tetrazole-1-yl)ethyl]vitamin D3",experimental,"[""X-RAY DIFFRACTION""]",[2.84],[0.203],[0.25486],2013-01-18T00:00:00Z,2014-01-22T00:00:00Z,2023-11-08T00:00:00Z,P 21 21 21,1,1,1,1,Synthesis of 2 alpha-heteroarylalkyl active vitamin d3 with therapeutic effect on enhancing bone mineral density in vivo,10.1021/ml400098w,2013.0,True,False
4IU7,"Crystal Structure of the Estrogen Receptor alpha Ligand-binding Domain in Complex with Constrained WAY-derivative, 2b",experimental,"[""X-RAY DIFFRACTION""]",[2.29],[0.1939],[0.2367],2013-01-20T00:00:00Z,2013-03-27T00:00:00Z,2023-09-20T00:00:00Z,P 1 21 1,2,2,1,4,Ligand binding dynamics rewire cellular signaling via Estrogen Receptor-alpha,10.1038/nchembio.1214,2013.0,True,False
4IUI,"Crystal Structure of the Estrogen Receptor alpha Ligand-binding Domain in Complex with Dynamic WAY derivative, 4a",experimental,"[""X-RAY DIFFRACTION""]",[2.3],[0.265],[0.3121],2013-01-21T00:00:00Z,2013-03-27T00:00:00Z,2023-09-20T00:00:00Z,P 1 21 1,2,2,1,4,Ligand binding dynamics rewire cellular signaling via Estrogen Receptor-alpha,10.1038/nchembio.1214,2013.0,True,False
4IV2,"Crystal Structure of the Estrogen Receptor alpha Ligand-binding Domain in Complex with Dynamic WAY-derivative, 5a",experimental,"[""X-RAY DIFFRACTION""]",[2.14],[0.1775],[0.2256],2013-01-22T00:00:00Z,2013-03-27T00:00:00Z,2023-09-20T00:00:00Z,P 1 21 1,2,2,1,4,Ligand binding dynamics rewire cellular signaling via Estrogen Receptor-alpha,10.1038/nchembio.1214,2013.0,True,False
4IV4,"Crystal Structure of the Estrogen Receptor alpha Ligand-binding Domain in Complex with Constrained WAY-derivative, 5b",experimental,"[""X-RAY DIFFRACTION""]",[2.3],[0.1925],[0.2369],2013-01-22T00:00:00Z,2013-03-27T00:00:00Z,2023-09-20T00:00:00Z,P 1 21 1,2,2,1,4,Ligand binding dynamics rewire cellular signaling via Estrogen Receptor-alpha,10.1038/nchembio.1214,2013.0,True,False
4IVW,"Crystal Structure of the Estrogen Receptor alpha Ligand-binding Domain in Complex with Constrained WAY-derivative, 6b",experimental,"[""X-RAY DIFFRACTION""]",[2.06],[0.1846],[0.2295],2013-01-23T00:00:00Z,2013-03-27T00:00:00Z,2024-02-28T00:00:00Z,P 1 21 1,2,2,1,4,Ligand binding dynamics rewire cellular signaling via Estrogen Receptor-alpha,10.1038/nchembio.1214,2013.0,True,False
4IVY,"Crystal Structure of the Estrogen Receptor alpha Ligand-binding Domain in Complex with Dynamic WAY-derivative, 7a",experimental,"[""X-RAY DIFFRACTION""]",[1.95],[0.2109],[0.2322],2013-01-23T00:00:00Z,2013-03-27T00:00:00Z,2023-09-20T00:00:00Z,P 1 21 1,2,2,1,4,Ligand binding dynamics rewire cellular signaling via Estrogen Receptor-alpha,10.1038/nchembio.1214,2013.0,True,False
4IW6,"Crystal Structure of the Estrogen Receptor alpha Ligand-binding Domain in Complex with Constrained WAY-derivative, 7b",experimental,"[""X-RAY DIFFRACTION""]",[1.98],[0.181],[0.2268],2013-01-23T00:00:00Z,2013-03-27T00:00:00Z,2023-09-20T00:00:00Z,P 1 21 1,2,2,1,4,Ligand binding dynamics rewire cellular signaling via Estrogen Receptor-alpha,10.1038/nchembio.1214,2013.0,True,False
4IW8,"Crystal Structure of the Estrogen Receptor alpha Ligand-binding Domain in Complex with Dynamic WAY-derivative, 9a",experimental,"[""X-RAY DIFFRACTION""]",[2.0375],[0.2081],[0.2468],2013-01-23T00:00:00Z,2013-03-27T00:00:00Z,2023-09-20T00:00:00Z,P 1 21 1,2,2,1,4,Ligand binding dynamics rewire cellular signaling via Estrogen Receptor-alpha,10.1038/nchembio.1214,2013.0,True,False
4IWC,Crystal Structure of the Estrogen Receptor alpha Ligand-binding Domain in Complex with a Dynamic Thiophene-derivative,experimental,"[""X-RAY DIFFRACTION""]",[2.24],[0.1851],[0.2267],2013-01-23T00:00:00Z,2013-03-27T00:00:00Z,2023-09-20T00:00:00Z,P 1 21 1,2,2,1,4,Ligand binding dynamics rewire cellular signaling via Estrogen Receptor-alpha,10.1038/nchembio.1214,2013.0,True,False
4IWF,Crystal Structure of the Estrogen Receptor alpha Ligand-binding Domain in Complex with a Dynamic Oxime-derivative,experimental,"[""X-RAY DIFFRACTION""]",[1.932],[0.1727],[0.2086],2013-01-23T00:00:00Z,2013-03-27T00:00:00Z,2023-09-20T00:00:00Z,P 1 21 1,2,2,1,4,Ligand binding dynamics rewire cellular signaling via Estrogen Receptor-alpha,10.1038/nchembio.1214,2013.0,True,False
4J24,Estrogen Receptor in complex with proline-flanked LXXLL peptides,experimental,"[""X-RAY DIFFRACTION""]",[2.1],[0.19007],[0.22385],2013-02-04T00:00:00Z,2013-03-13T00:00:00Z,2023-11-08T00:00:00Z,C 1 2 1,2,2,1,8,Proline primed helix length as a modulator of the nuclear receptor-coactivator interaction,10.1021/ja311748r,2013.0,True,False
4J26,Estrogen Receptor in complex with proline-flanked LXXLL peptides,experimental,"[""X-RAY DIFFRACTION""]",[2.3],[0.20313],[0.24197],2013-02-04T00:00:00Z,2013-03-13T00:00:00Z,2023-11-08T00:00:00Z,P 32,2,2,1,4,Proline primed helix length as a modulator of the nuclear receptor-coactivator interaction,10.1021/ja311748r,2013.0,True,False
4J5W,Crystal Structure of the apo-PXR/RXRalpha LBD Heterotetramer Complex,experimental,"[""X-RAY DIFFRACTION""]",[2.8],[0.2503],[0.2981],2013-02-10T00:00:00Z,2013-08-21T00:00:00Z,2024-02-28T00:00:00Z,P 21 21 21,2,2,1,4,Structural and Functional Analysis of the Human Nuclear Xenobiotic Receptor PXR in Complex with RXRalpha.,10.1016/j.jmb.2013.04.012,2013.0,True,False
4J5X,Crystal Structure of the SR12813-bound PXR/RXRalpha LBD Heterotetramer Complex,experimental,"[""X-RAY DIFFRACTION""]",[2.8],[0.2452],[0.2977],2013-02-10T00:00:00Z,2013-08-21T00:00:00Z,2024-02-28T00:00:00Z,P 21 21 21,2,2,1,4,Structural and Functional Analysis of the Human Nuclear Xenobiotic Receptor PXR in Complex with RXRalpha.,10.1016/j.jmb.2013.04.012,2013.0,True,False
4JAZ,Crystal structure of the complex between PPARgamma LBD and trans-resveratrol,experimental,"[""X-RAY DIFFRACTION""]",[2.85],[0.2368],[0.2635],2013-02-19T00:00:00Z,2014-02-12T00:00:00Z,2024-02-28T00:00:00Z,C 1 2 1,1,1,1,2,Resveratrol and Its Metabolites Bind to PPARs.,10.1002/cbic.201300754,2014.0,True,False
4JC3,14-3-3 protein interaction with Estrogen Receptor Alpha provides a novel drug target interface,experimental,"[""X-RAY DIFFRACTION""]",[2.05],[0.17787],[0.23512],2013-02-21T00:00:00Z,2013-05-15T00:00:00Z,2024-11-06T00:00:00Z,C 2 2 21,2,2,1,2,Interaction of 14-3-3 proteins with the estrogen receptor alpha F domain provides a drug target interface.,10.1073/pnas.1220809110,2013.0,True,False
4JDD,14-3-3 protein interaction with Estrogen Receptor Alpha provides a novel drug target interface,experimental,"[""X-RAY DIFFRACTION""]",[2.1],[0.1924],[0.2316],2013-02-25T00:00:00Z,2013-05-15T00:00:00Z,2024-10-30T00:00:00Z,C 2 2 21,2,2,1,2,Interaction of 14-3-3 proteins with the estrogen receptor alpha F domain provides a drug target interface.,10.1073/pnas.1220809110,2013.0,True,False
4JGV,Crystal Structure of Human Nur77 Ligand-binding Domain in Complex with THPN,experimental,"[""X-RAY DIFFRACTION""]",[3.01],[0.17791],[0.25587],2013-03-04T00:00:00Z,2013-12-18T00:00:00Z,2024-03-20T00:00:00Z,P 21 21 21,1,1,2,2,Orphan nuclear receptor TR3 acts in autophagic cell death via mitochondrial signaling pathway.,10.1038/nchembio.1406,2014.0,True,False
4JL4,Crystal structure of the complex between PPARgamma LBD and the ligand LJ570 [(2S)-3-(biphenyl-4-yl)-2-(biphenyl-4-yloxy)propanoic acid],experimental,"[""X-RAY DIFFRACTION""]",[2.5],[0.2415],[0.2871],2013-03-12T00:00:00Z,2014-03-12T00:00:00Z,2024-05-22T00:00:00Z,C 1 2 1,1,1,1,2,Identification of the First PPAR alpha / gamma Dual Agonist Able To Bind to Canonical and Alternative Sites of PPAR gamma and To Inhibit Its Cdk5-Mediated Phosphorylation.,10.1021/acs.jmedchem.8b00835,2018.0,True,False
4JYG,"Crystal structure of RARbeta LBD in complex with agonist BMS411 [4-{[(5,5-dimethyl-8-phenyl-5,6-dihydronaphthalen-2-yl)carbonyl]amino}benzoic acid]",experimental,"[""X-RAY DIFFRACTION""]",[2.35],[0.1986],[0.257],2013-03-29T00:00:00Z,2014-03-19T00:00:00Z,2024-02-28T00:00:00Z,P 21 21 21,2,2,3,4,"An Unexpected Mode Of Binding Defines BMS948 as A Full Retinoic Acid Receptor beta (RAR beta , NR1B2) Selective Agonist.",10.1371/journal.pone.0123195,2015.0,True,False
4JYH,Crystal structure of RARbeta LBD in complex with selective agonist BMS948 [4-{[(8-phenylnaphthalen-2-yl)carbonyl]amino}benzoic acid],experimental,"[""X-RAY DIFFRACTION""]",[2.6],[0.2202],[0.2672],2013-03-29T00:00:00Z,2014-03-19T00:00:00Z,2024-02-28T00:00:00Z,P 21 21 21,2,2,2,4,"An Unexpected Mode Of Binding Defines BMS948 as A Full Retinoic Acid Receptor beta (RAR beta , NR1B2) Selective Agonist.",10.1371/journal.pone.0123195,2015.0,True,False
4JYI,"Crystal structure of RARbeta LBD in complex with selective partial agonist BMS641 [3-chloro-4-[(E)-2-(5,5-dimethyl-8-phenyl-5,6-dihydronaphthalen-2-yl)ethenyl]benzoic acid]",experimental,"[""X-RAY DIFFRACTION""]",[1.9],[0.1965],[0.2272],2013-03-29T00:00:00Z,2014-03-19T00:00:00Z,2024-02-28T00:00:00Z,P 21 21 21,2,2,2,4,"An Unexpected Mode Of Binding Defines BMS948 as A Full Retinoic Acid Receptor beta (RAR beta , NR1B2) Selective Agonist.",10.1371/journal.pone.0123195,2015.0,True,False
4K4J,Crystal structure of human Retinoid X Receptor alpha-ligand binding domain complex with 9cUAB30 and the coactivator peptide GRIP-1,experimental,"[""X-RAY DIFFRACTION""]",[2.0],[0.24],[0.283],2013-04-12T00:00:00Z,2013-11-13T00:00:00Z,2023-09-20T00:00:00Z,P 43 21 2,2,2,1,2,Defining the Communication between Agonist and Coactivator Binding in the Retinoid X Receptor alpha Ligand Binding Domain.,10.1074/jbc.M113.476861,2014.0,True,False
4K6I,Crystal structure of human retinoid X receptor alpha-ligand binding domain complex with Targretin and the coactivator peptide GRIP-1,experimental,"[""X-RAY DIFFRACTION""]",[2.1],[0.246],[0.288],2013-04-15T00:00:00Z,2013-11-13T00:00:00Z,2023-09-20T00:00:00Z,P 43 21 2,2,2,1,2,Defining the Communication between Agonist and Coactivator Binding in the Retinoid X Receptor alpha Ligand Binding Domain.,10.1074/jbc.M113.476861,2014.0,True,False
4K7A,Crystal structure of the androgen receptor ligand binding domain in complex with minoxidil,experimental,"[""X-RAY DIFFRACTION""]",[2.44],[0.18788],[0.26788],2013-04-16T00:00:00Z,2014-04-16T00:00:00Z,2023-11-08T00:00:00Z,P 21 21 21,1,1,2,1,Crystal structure of the androgen receptor ligand binding domain in complex with minoxidil,,,True,False
4KZI,Crystal Structure of TR3 LBD in complex with DPDO,experimental,"[""X-RAY DIFFRACTION""]",[2.41],[0.2061],[0.2486],2013-05-30T00:00:00Z,2013-12-18T00:00:00Z,2024-03-20T00:00:00Z,P 21 21 21,1,1,2,2,Orphan nuclear receptor TR3 acts in autophagic cell death via mitochondrial signaling pathway.,10.1038/nchembio.1406,2014.0,True,False
4KZJ,Crystal Structure of TR3 LBD L449W Mutant,experimental,"[""X-RAY DIFFRACTION""]",[2.12],[0.2123],[0.2504],2013-05-30T00:00:00Z,2013-12-18T00:00:00Z,2024-03-20T00:00:00Z,P 21 21 21,1,1,1,2,Orphan nuclear receptor TR3 acts in autophagic cell death via mitochondrial signaling pathway.,10.1038/nchembio.1406,2014.0,True,False
4KZM,Crystal Structure of TR3 LBD S553A Mutant,experimental,"[""X-RAY DIFFRACTION""]",[2.3],[0.1946],[0.2481],2013-05-30T00:00:00Z,2013-12-18T00:00:00Z,2024-03-20T00:00:00Z,P 21 21 21,1,1,1,2,Orphan nuclear receptor TR3 acts in autophagic cell death via mitochondrial signaling pathway.,10.1038/nchembio.1406,2014.0,True,False
4L96,Structure of the complex between the F360L PPARgamma mutant and the ligand LT175 (space group I222),experimental,"[""X-RAY DIFFRACTION""]",[2.38],[0.18348],[0.22585],2013-06-18T00:00:00Z,2014-06-25T00:00:00Z,2023-09-20T00:00:00Z,I 2 2 2,1,1,1,1,Structural basis of the transactivation deficiency of the human PPAR gamma F360L mutant associated with familial partial lipodystrophy.,10.1107/S1399004714009638,2014.0,True,False
4L98,Crystal structure of the complex of F360L PPARgamma mutant with the ligand LT175,experimental,"[""X-RAY DIFFRACTION""]",[2.28],[0.21091],[0.2576],2013-06-18T00:00:00Z,2014-06-25T00:00:00Z,2023-09-20T00:00:00Z,P 21 21 2,1,1,1,2,Structural basis of the transactivation deficiency of the human PPAR gamma F360L mutant associated with familial partial lipodystrophy.,10.1107/S1399004714009638,2014.0,True,False
4LBD,LIGAND-BINDING DOMAIN OF THE HUMAN RETINOIC ACID RECEPTOR GAMMA BOUND TO THE SYNTHETIC AGONIST BMS961,experimental,"[""X-RAY DIFFRACTION""]",[2.5],[0.183],[0.285],1998-02-04T00:00:00Z,1999-03-02T00:00:00Z,2024-05-22T00:00:00Z,P 41 21 2,1,1,1,1,Conformational adaptation of agonists to the human nuclear receptor RAR gamma.,10.1038/nsb0398-199,1998.0,True,False
4LNW,Crystal structure of TR-alpha bound to T3 in a second site,experimental,"[""X-RAY DIFFRACTION""]",[1.9],[0.158],[0.184],2013-07-12T00:00:00Z,2014-03-19T00:00:00Z,2023-11-15T00:00:00Z,P 21 21 21,1,1,1,1,Identification of a new hormone-binding site on the surface of thyroid hormone receptor.,10.1210/me.2013-1359,2014.0,True,False
4LNX,Crystal structure of TR-alpha bound to T4 in a second site,experimental,"[""X-RAY DIFFRACTION""]",[2.05],[0.155],[0.177],2013-07-12T00:00:00Z,2014-03-19T00:00:00Z,2023-11-15T00:00:00Z,P 21 21 21,1,1,2,1,Identification of a new hormone-binding site on the surface of thyroid hormone receptor.,10.1210/me.2013-1359,2014.0,True,False
4LOG,The crystal structure of the orphan nuclear receptor PNR ligand binding domain fused with MBP,experimental,"[""X-RAY DIFFRACTION""]",[2.7],[0.28544],[0.30744],2013-07-12T00:00:00Z,2013-10-09T00:00:00Z,2023-09-20T00:00:00Z,P 21 21 2,1,1,0,2,The Crystal Structure of the Orphan Nuclear Receptor NR2E3/PNR Ligand Binding Domain Reveals a Dimeric Auto-Repressed Conformation.,10.1371/journal.pone.0074359,2013.0,True,False
4LSJ,Crystal Structure of the Glucocorticoid Receptor Ligand Binding Domain Bound to a Dibenzoxapine Sulfonamide,experimental,"[""X-RAY DIFFRACTION""]",[2.35],[0.1799],[0.2358],2013-07-22T00:00:00Z,2014-01-29T00:00:00Z,2024-02-28T00:00:00Z,P 21 21 2,2,2,1,2,"Glucocorticoid receptor modulators informed by crystallography lead to a new rationale for receptor selectivity, function, and implications for structure-based design.",10.1021/jm401616g,2014.0,True,False
4M8E,CRYSTAL STRUCTURE OF HUMAN RETINOID X RECEPTOR ALPHA-LIGAND BINDING DOMAIN COMPLEX WITH (S) 4-Methyl 9cUAB30 COACTIVATOR PEPTIDE GRIP-1,experimental,"[""X-RAY DIFFRACTION""]",[2.4],[0.2085],[0.2468],2013-08-13T00:00:00Z,2014-01-22T00:00:00Z,2024-02-28T00:00:00Z,P 43 21 2,2,2,1,2,Methyl-substituted conformationally constrained rexinoid agonists for the retinoid X receptors demonstrate improved efficacy for cancer therapy and prevention.,10.1016/j.bmc.2013.11.039,2014.0,True,False
4M8H,CRYSTAL STRUCTURE OF HUMAN RETINOID X RECEPTOR ALPHA-LIGAND BINDING DOMAIN COMPLEX WITH (R)4-METHYL 9cUAB30 AND COACTIVATOR PEPTIDE GRIP-1,experimental,"[""X-RAY DIFFRACTION""]",[2.2],[0.228],[0.265],2013-08-13T00:00:00Z,2014-01-22T00:00:00Z,2023-09-20T00:00:00Z,P 43 21 2,2,2,1,2,Methyl-substituted conformationally constrained rexinoid agonists for the retinoid X receptors demonstrate improved efficacy for cancer therapy and prevention.,10.1016/j.bmc.2013.11.039,2014.0,True,False
4MDD,Crystal Structure of the Glucocorticoid Receptor Bound to a Non-steroidal Antagonist Reveals Repositioning and Partial Disordering of Activation Function Helix 12,experimental,"[""X-RAY DIFFRACTION""]",[2.4],[0.2208],[0.2584],2013-08-22T00:00:00Z,2014-12-03T00:00:00Z,2024-02-28T00:00:00Z,P 32 2 1,2,2,1,4,Crystal Structure of the Glucocorticoid Receptor Bound to a Non-steroidal Antagonist Reveals Repositioning and Partial Disordering of Activation Function Helix 12,,,True,False
4MG5,Crystal structure of hERa-LBD (Y537S) in complex with chlordecone,experimental,"[""X-RAY DIFFRACTION""]",[2.05],[0.1907],[0.2278],2013-08-28T00:00:00Z,2014-09-03T00:00:00Z,2024-11-27T00:00:00Z,P 1 21 1,2,2,2,4,Structural and functional profiling of environmental ligands for estrogen receptors.,10.1289/ehp.1408453,2014.0,True,False
4MG6,Crystal structure of hERa-LBD (Y537S) in complex with benzylbutylphtalate,experimental,"[""X-RAY DIFFRACTION""]",[2.1],[0.176],[0.2298],2013-08-28T00:00:00Z,2014-09-03T00:00:00Z,2024-11-06T00:00:00Z,P 1 21 1,2,2,2,4,Structural and functional profiling of environmental ligands for estrogen receptors.,10.1289/ehp.1408453,2014.0,True,False
4MG7,Crystal structure of hERa-LBD (Y537S) in complex with ferutinine,experimental,"[""X-RAY DIFFRACTION""]",[2.15],[0.1809],[0.2298],2013-08-28T00:00:00Z,2014-09-03T00:00:00Z,2024-10-09T00:00:00Z,P 1 21 1,3,3,2,4,Structural and functional profiling of environmental ligands for estrogen receptors.,10.1289/ehp.1408453,2014.0,True,False
4MG8,Crystal structure of hERa-LBD (Y537S) in complex with alpha-zearalanol,experimental,"[""X-RAY DIFFRACTION""]",[1.85],[0.1791],[0.2127],2013-08-28T00:00:00Z,2014-09-03T00:00:00Z,2024-11-06T00:00:00Z,P 1 21 1,3,3,3,4,Structural and functional profiling of environmental ligands for estrogen receptors.,10.1289/ehp.1408453,2014.0,True,False
4MG9,Crystal structure of hERa-LBD (Y537S) in complex with butylparaben,experimental,"[""X-RAY DIFFRACTION""]",[2.0],[0.1805],[0.2369],2013-08-28T00:00:00Z,2014-09-03T00:00:00Z,2024-11-27T00:00:00Z,P 1 21 1,3,3,2,4,Structural and functional profiling of environmental ligands for estrogen receptors.,10.1289/ehp.1408453,2014.0,True,False
4MGA,Crystal structure of hERa-LBD (Y537S) in complex with 4-tert-octylphenol,experimental,"[""X-RAY DIFFRACTION""]",[1.8],[0.1971],[0.2221],2013-08-28T00:00:00Z,2014-09-03T00:00:00Z,2024-11-06T00:00:00Z,P 1 21 1,3,3,1,4,Structural and functional profiling of environmental ligands for estrogen receptors.,10.1289/ehp.1408453,2014.0,True,False
4MGB,Crystal structure of hERa-LBD (Y537S) in complex with TCBPA,experimental,"[""X-RAY DIFFRACTION""]",[1.85],[0.2075],[0.2499],2013-08-28T00:00:00Z,2014-09-03T00:00:00Z,2024-11-20T00:00:00Z,P 1 21 1,3,3,2,4,Structural and functional profiling of environmental ligands for estrogen receptors.,10.1289/ehp.1408453,2014.0,True,False
4MGC,Crystal structure of hERa-LBD (Y537S) in complex with benzophenone-2,experimental,"[""X-RAY DIFFRACTION""]",[2.15],[0.1827],[0.2405],2013-08-28T00:00:00Z,2014-09-03T00:00:00Z,2024-11-06T00:00:00Z,P 1 21 1,2,2,2,4,Structural and functional profiling of environmental ligands for estrogen receptors.,10.1289/ehp.1408453,2014.0,True,False
4MGD,Crystal structure of hERa-LBD (Y537S) in complex with HPTE,experimental,"[""X-RAY DIFFRACTION""]",[1.9],[0.1961],[0.2345],2013-08-28T00:00:00Z,2014-09-03T00:00:00Z,2024-11-27T00:00:00Z,P 1 21 1,3,3,3,4,Structural and functional profiling of environmental ligands for estrogen receptors.,10.1289/ehp.1408453,2014.0,True,False
4N5G,Crystal Structure of RXRa LBD complexed with a synthetic modulator K8012,experimental,"[""X-RAY DIFFRACTION""]",[2.11],[0.1989],[0.2468],2013-10-09T00:00:00Z,2014-05-14T00:00:00Z,2024-10-30T00:00:00Z,P 1 21 1,1,1,1,4,Sulindac-Derived RXR alpha Modulators Inhibit Cancer Cell Growth by Binding to a Novel Site.,10.1016/j.chembiol.2014.02.017,2014.0,True,False
4N73,Crystal structure of the ligand binding domain (LBD) of REV-ERB beta bound to Cobalt Protoporphyrin IX,experimental,"[""X-RAY DIFFRACTION""]",[1.8662],[0.2145],[0.2541],2013-10-14T00:00:00Z,2014-06-04T00:00:00Z,2026-08-12T00:00:00Z,P 21 21 2,1,1,1,1,Structure of REV-ERB beta Ligand-binding Domain Bound to a Porphyrin Antagonist.,10.1074/jbc.M113.545111,2014.0,True,False
4N8R,Crystal structure of RXRa LBD complexed with a synthetic modulator K-8008,experimental,"[""X-RAY DIFFRACTION""]",[2.03],[0.1916],[0.2386],2013-10-17T00:00:00Z,2014-05-14T00:00:00Z,2024-11-20T00:00:00Z,P 1 21 1,1,1,1,4,Sulindac-Derived RXR alpha Modulators Inhibit Cancer Cell Growth by Binding to a Novel Site.,10.1016/j.chembiol.2014.02.017,2014.0,True,False
4NB6,Crystal structure of the ligand binding domain of RORC with T0901317,experimental,"[""X-RAY DIFFRACTION""]",[2.85],[0.21625],[0.27023],2013-10-22T00:00:00Z,2013-11-27T00:00:00Z,2023-09-20T00:00:00Z,P 61,1,1,1,2,Structure-based design of substituted hexafluoroisopropanol-arylsulfonamides as modulators of RORc.,10.1016/j.bmcl.2013.10.054,2013.0,True,False
4NIE,Crystal structure of the orphan nuclear receptor ROR(gamma)t ligand-binding domain in complex with small molecule ligand,experimental,"[""X-RAY DIFFRACTION""]",[2.01],[0.20751],[0.24677],2013-11-06T00:00:00Z,2013-12-11T00:00:00Z,2024-03-20T00:00:00Z,P 21 21 21,2,2,2,4,Discovery of Tertiary Amine and Indole Derivatives as Potent ROR gamma t Inverse Agonists.,10.1021/ml4003875,2014.0,True,False
4NQA,Crystal structure of liganded hRXR-alpha/hLXR-beta heterodimer on DNA,experimental,"[""X-RAY DIFFRACTION""]",[3.102],[0.1803],[0.2178],2013-11-24T00:00:00Z,2014-02-26T00:00:00Z,2024-02-28T00:00:00Z,P 43,5,3,3,12,Structure of the retinoid X receptor alpha-liver X receptor beta (RXR alpha-LXR beta ) heterodimer on DNA.,10.1038/nsmb.2778,2014.0,True,False
4NY9,"Crystal Structure Of the Human PXR-LBD In Complex With N-{(2R)-1-[(4S)-4-(4-chlorophenyl)-4-hydroxy-3,3-dimethylpiperidin-1-yl]-3-methyl-1-oxobutan-2-yl}-3-hydroxy-3-methylbutanamide",experimental,"[""X-RAY DIFFRACTION""]",[2.8],[0.2283],[0.2982],2013-12-10T00:00:00Z,2014-08-27T00:00:00Z,2024-02-28T00:00:00Z,P 43 21 2,1,1,2,1,"Discovery of the CCR1 antagonist, BMS-817399, for the treatment of rheumatoid arthritis.",10.1021/jm5003167,2014.0,True,False
4O6F,Structural Basis of Estrogen Receptor Alpha Methylation Mediated by Histone Methyltransferase SmyD2,experimental,"[""X-RAY DIFFRACTION""]",[2.822],[0.1749],[0.2355],2013-12-20T00:00:00Z,2014-03-26T00:00:00Z,2023-09-20T00:00:00Z,I 4,2,2,4,2,"Structural Insights into Estrogen Receptor alpha Methylation by Histone Methyltransferase SMYD2, a Cellular Event Implicated in Estrogen Signaling Regulation.",10.1016/j.jmb.2014.02.019,2014.0,True,False
4O8F,Crystal Structure of the complex between PPARgamma mutant R357A and rosiglitazone,experimental,"[""X-RAY DIFFRACTION""]",[2.6],[0.234],[0.2971],2013-12-27T00:00:00Z,2014-07-23T00:00:00Z,2023-09-20T00:00:00Z,C 2 2 21,1,1,1,2,Structural basis of the transactivation deficiency of the human PPAR gamma F360L mutant associated with familial partial lipodystrophy.,10.1107/S1399004714009638,2014.0,True,False
4OAR,Progesterone receptor with bound ulipristal acetate and a peptide from the co-repressor SMRT,experimental,"[""X-RAY DIFFRACTION""]",[2.41],[0.211],[0.2337],2014-01-06T00:00:00Z,2014-10-08T00:00:00Z,2023-09-20T00:00:00Z,P 32 2 1,2,2,1,2,Molecular determinants of the recognition of ulipristal acetate by oxo-steroid receptors.,10.1016/j.jsbmb.2014.08.008,2014.0,True,False
4OC7,"Retinoic acid receptor alpha in complex with (E)-3-(3'-allyl-6-hydroxy-[1,1'-biphenyl]-3-yl)acrylic acid and a fragment of the coactivator TIF2",experimental,"[""X-RAY DIFFRACTION""]",[2.5],[0.1977],[0.2424],2014-01-08T00:00:00Z,2014-10-08T00:00:00Z,2024-02-28T00:00:00Z,P 43 21 2,2,2,1,2,A natural-product switch for a dynamic protein interface.,10.1002/anie.201403773,2014.0,True,False
4OEA,Crystal structure of AR-LBD,experimental,"[""X-RAY DIFFRACTION""]",[2.12],[0.20538],[0.26549],2014-01-12T00:00:00Z,2014-08-20T00:00:00Z,2023-09-20T00:00:00Z,P 21 21 21,1,1,1,1,Identification of a new androgen receptor (AR) co-regulator BUD31 and related peptides to suppress wild-type and mutated AR-mediated prostate cancer growth via peptide screening and X-ray structure analysis.,10.1016/j.molonc.2014.06.009,2014.0,True,False
4OED,Crystal structure of AR-LBD bound with co-regulator peptide,experimental,"[""X-RAY DIFFRACTION""]",[2.79],[0.17252],[0.29899],2014-01-13T00:00:00Z,2014-08-20T00:00:00Z,2023-09-20T00:00:00Z,P 21 21 21,2,2,2,2,Identification of a new androgen receptor (AR) co-regulator BUD31 and related peptides to suppress wild-type and mutated AR-mediated prostate cancer growth via peptide screening and X-ray structure analysis.,10.1016/j.molonc.2014.06.009,2014.0,True,False
4OEY,Crystal structure of AR-LBD bound with co-regulator peptide,experimental,"[""X-RAY DIFFRACTION""]",[1.83],[0.1933],[0.24921],2014-01-14T00:00:00Z,2014-08-20T00:00:00Z,2023-09-20T00:00:00Z,P 21 21 21,2,2,2,2,Identification of a new androgen receptor (AR) co-regulator BUD31 and related peptides to suppress wild-type and mutated AR-mediated prostate cancer growth via peptide screening and X-ray structure analysis.,10.1016/j.molonc.2014.06.009,2014.0,True,False
4OEZ,Crystal structure of AR-LBD bound with co-regulator peptide,experimental,"[""X-RAY DIFFRACTION""]",[1.8],[0.222],[0.258],2014-01-14T00:00:00Z,2014-08-20T00:00:00Z,2023-09-20T00:00:00Z,P 21 21 21,2,2,2,2,Identification of a new androgen receptor (AR) co-regulator BUD31 and related peptides to suppress wild-type and mutated AR-mediated prostate cancer growth via peptide screening and X-ray structure analysis.,10.1016/j.molonc.2014.06.009,2014.0,True,False
4OFR,Crystal structure of AR-LBD bound with co-regulator peptide,experimental,"[""X-RAY DIFFRACTION""]",[2.26],[0.19003],[0.25093],2014-01-15T00:00:00Z,2014-08-20T00:00:00Z,2023-09-20T00:00:00Z,P 21 21 21,2,2,1,2,Identification of a new androgen receptor (AR) co-regulator BUD31 and related peptides to suppress wild-type and mutated AR-mediated prostate cancer growth via peptide screening and X-ray structure analysis.,10.1016/j.molonc.2014.06.009,2014.0,True,False
4OFU,Crystal structure of AR-LBD bound with co-regulator peptide,experimental,"[""X-RAY DIFFRACTION""]",[2.12],[0.19562],[0.2674],2014-01-15T00:00:00Z,2014-08-20T00:00:00Z,2024-02-28T00:00:00Z,P 21 21 21,2,2,1,2,Identification of a new androgen receptor (AR) co-regulator BUD31 and related peptides to suppress wild-type and mutated AR-mediated prostate cancer growth via peptide screening and X-ray structure analysis.,10.1016/j.molonc.2014.06.009,2014.0,True,False
4OGH,Crystal structure of T877A-AR-LBD,experimental,"[""X-RAY DIFFRACTION""]",[2.98],[0.16178],[0.24008],2014-01-16T00:00:00Z,2014-08-20T00:00:00Z,2023-09-20T00:00:00Z,P 21 21 21,1,1,2,1,Identification of a new androgen receptor (AR) co-regulator BUD31 and related peptides to suppress wild-type and mutated AR-mediated prostate cancer growth via peptide screening and X-ray structure analysis.,10.1016/j.molonc.2014.06.009,2014.0,True,False
4OH5,Crystal structure of T877A-AR-LBD bound with co-regulator peptide,experimental,"[""X-RAY DIFFRACTION""]",[2.0],[0.19893],[0.25726],2014-01-17T00:00:00Z,2014-08-20T00:00:00Z,2023-09-20T00:00:00Z,P 21 21 21,2,2,2,2,Identification of a new androgen receptor (AR) co-regulator BUD31 and related peptides to suppress wild-type and mutated AR-mediated prostate cancer growth via peptide screening and X-ray structure analysis.,10.1016/j.molonc.2014.06.009,2014.0,True,False
4OH6,Crystal structure of T877A-AR-LBD bound with co-regulator peptide,experimental,"[""X-RAY DIFFRACTION""]",[3.56],[0.15793],[0.26141],2014-01-17T00:00:00Z,2014-08-20T00:00:00Z,2023-09-20T00:00:00Z,P 21 21 21,2,2,2,2,Identification of a new androgen receptor (AR) co-regulator BUD31 and related peptides to suppress wild-type and mutated AR-mediated prostate cancer growth via peptide screening and X-ray structure analysis.,10.1016/j.molonc.2014.06.009,2014.0,True,False
4OHA,Crystal structure of T877A-AR-LBD bound with co-regulator peptide,experimental,"[""X-RAY DIFFRACTION""]",[1.42],[0.16692],[0.20005],2014-01-17T00:00:00Z,2014-08-20T00:00:00Z,2023-09-20T00:00:00Z,P 21 21 21,2,2,2,2,Identification of a new androgen receptor (AR) co-regulator BUD31 and related peptides to suppress wild-type and mutated AR-mediated prostate cancer growth via peptide screening and X-ray structure analysis.,10.1016/j.molonc.2014.06.009,2014.0,True,False
4OIL,Crystal structure of T877A-AR-LBD bound with co-regulator peptide,experimental,"[""X-RAY DIFFRACTION""]",[2.51],[0.19257],[0.28485],2014-01-19T00:00:00Z,2014-08-20T00:00:00Z,2023-09-20T00:00:00Z,P 21 21 21,2,2,1,2,Identification of a new androgen receptor (AR) co-regulator BUD31 and related peptides to suppress wild-type and mutated AR-mediated prostate cancer growth via peptide screening and X-ray structure analysis.,10.1016/j.molonc.2014.06.009,2014.0,True,False
4OIU,Crystal structure of T877A-AR-LBD bound with co-regulator peptide,experimental,"[""X-RAY DIFFRACTION""]",[3.01],[0.2009],[0.33757],2014-01-20T00:00:00Z,2014-08-20T00:00:00Z,2024-02-28T00:00:00Z,P 21 21 21,2,2,1,2,Identification of a new androgen receptor (AR) co-regulator BUD31 and related peptides to suppress wild-type and mutated AR-mediated prostate cancer growth via peptide screening and X-ray structure analysis.,10.1016/j.molonc.2014.06.009,2014.0,True,False
4OIV,Structural basis for small molecule NDB as a selective antagonist of FXR,experimental,"[""X-RAY DIFFRACTION""]",[1.7],[0.20615],[0.23946],2014-01-20T00:00:00Z,2015-03-25T00:00:00Z,2023-11-08T00:00:00Z,P 41 21 2,1,1,1,2,"Structural Basis for Small Molecule NDB (N-Benzyl-N-(3-(tert-butyl)-4-hydroxyphenyl)-2,6-dichloro-4-(dimethylamino) Benzamide) as a Selective Antagonist of Farnesoid X Receptor alpha (FXR alpha ) in Stabilizing the Homodimerization of the Receptor.",10.1074/jbc.M114.630475,2015.0,True,False
4OJ4,Crystal structure of V290M PPARgamma mutant in complex with diclofenac,experimental,"[""X-RAY DIFFRACTION""]",[2.3],[0.2194],[0.2837],2014-01-20T00:00:00Z,2015-02-04T00:00:00Z,2024-02-28T00:00:00Z,P 43 21 2,1,1,2,1,Crystal structure of a PPAR ligand-resistance syndrome mutant,,,True,False
4OJ9,Crystal structure of T877A-AR-LBD bound with co-regulator peptide,experimental,"[""X-RAY DIFFRACTION""]",[3.31],[0.19045],[0.36224],2014-01-20T00:00:00Z,2014-08-20T00:00:00Z,2023-09-20T00:00:00Z,P 21 21 21,2,2,3,2,Identification of a new androgen receptor (AR) co-regulator BUD31 and related peptides to suppress wild-type and mutated AR-mediated prostate cancer growth via peptide screening and X-ray structure analysis.,10.1016/j.molonc.2014.06.009,2014.0,True,False
4OJB,Crystal structure of W741L-AR-LBD,experimental,"[""X-RAY DIFFRACTION""]",[2.0],[0.18873],[0.24715],2014-01-21T00:00:00Z,2014-08-20T00:00:00Z,2023-09-20T00:00:00Z,P 21 21 21,1,1,1,1,Identification of a new androgen receptor (AR) co-regulator BUD31 and related peptides to suppress wild-type and mutated AR-mediated prostate cancer growth via peptide screening and X-ray structure analysis.,10.1016/j.molonc.2014.06.009,2014.0,True,False
4OK1,Crystal structure of W741L-AR-LBD bound with co-regulator peptide,experimental,"[""X-RAY DIFFRACTION""]",[2.09],[0.19467],[0.24858],2014-01-21T00:00:00Z,2014-08-20T00:00:00Z,2024-10-16T00:00:00Z,P 21 21 21,2,2,1,2,Identification of a new androgen receptor (AR) co-regulator BUD31 and related peptides to suppress wild-type and mutated AR-mediated prostate cancer growth via peptide screening and X-ray structure analysis.,10.1016/j.molonc.2014.06.009,2014.0,True,False
4OKB,Crystal structure of W741L-AR-LBD bound with co-regulator peptide,experimental,"[""X-RAY DIFFRACTION""]",[2.95],[0.16494],[0.25962],2014-01-22T00:00:00Z,2014-08-20T00:00:00Z,2023-09-20T00:00:00Z,P 21 21 21,2,2,2,2,Identification of a new androgen receptor (AR) co-regulator BUD31 and related peptides to suppress wild-type and mutated AR-mediated prostate cancer growth via peptide screening and X-ray structure analysis.,10.1016/j.molonc.2014.06.009,2014.0,True,False
4OKT,Crystal structure of W741L-AR-LBD bound with co-regulator peptide,experimental,"[""X-RAY DIFFRACTION""]",[2.5],[0.18516],[0.2563],2014-01-22T00:00:00Z,2014-08-20T00:00:00Z,2023-09-20T00:00:00Z,P 21 21 21,2,2,1,2,Identification of a new androgen receptor (AR) co-regulator BUD31 and related peptides to suppress wild-type and mutated AR-mediated prostate cancer growth via peptide screening and X-ray structure analysis.,10.1016/j.molonc.2014.06.009,2014.0,True,False
4OKW,Crystal structure of W741L-AR-LBD bound with co-regulator peptide,experimental,"[""X-RAY DIFFRACTION""]",[2.0],[0.17842],[0.22503],2014-01-23T00:00:00Z,2014-08-20T00:00:00Z,2023-09-20T00:00:00Z,P 21 21 21,2,2,1,2,Identification of a new androgen receptor (AR) co-regulator BUD31 and related peptides to suppress wild-type and mutated AR-mediated prostate cancer growth via peptide screening and X-ray structure analysis.,10.1016/j.molonc.2014.06.009,2014.0,True,False
4OKX,Crystal structure of W741L-AR-LBD bound with co-regulator peptide,experimental,"[""X-RAY DIFFRACTION""]",[2.1],[0.19698],[0.24769],2014-01-23T00:00:00Z,2014-08-20T00:00:00Z,2023-09-20T00:00:00Z,P 21 21 21,2,2,2,2,Identification of a new androgen receptor (AR) co-regulator BUD31 and related peptides to suppress wild-type and mutated AR-mediated prostate cancer growth via peptide screening and X-ray structure analysis.,10.1016/j.molonc.2014.06.009,2014.0,True,False
4OLM,Crystal structure of W741L-AR-LBD bound with co-regulator peptide,experimental,"[""X-RAY DIFFRACTION""]",[2.8],[0.253],[0.31255],2014-01-24T00:00:00Z,2014-08-20T00:00:00Z,2023-09-20T00:00:00Z,P 21 21 21,2,2,1,2,Identification of a new androgen receptor (AR) co-regulator BUD31 and related peptides to suppress wild-type and mutated AR-mediated prostate cancer growth via peptide screening and X-ray structure analysis.,10.1016/j.molonc.2014.06.009,2014.0,True,False
4ONI,Structure of Human Orphan Receptor LRH1 bound to two bacterial phospholipids,experimental,"[""X-RAY DIFFRACTION""]",[1.8],[0.1558],[0.2023],2014-01-28T00:00:00Z,2015-02-11T00:00:00Z,2023-11-08T00:00:00Z,P 1 21 1,2,2,4,4,Human nuclear receptor LRH1 bound to phosopholipids and SHP peptide,,,True,False
4P6W,Crystal Structure of mometasone furoate-bound glucocorticoid receptor ligand binding domain,experimental,"[""X-RAY DIFFRACTION""]",[1.951],[0.2104],[0.2248],2014-03-25T00:00:00Z,2014-04-16T00:00:00Z,2023-12-27T00:00:00Z,P 2 3,2,2,1,2,Structures and mechanism for the design of highly potent glucocorticoids.,10.1038/cr.2014.52,2014.0,True,False
4P6X,Crystal Structure of cortisol-bound glucocorticoid receptor ligand binding domain,experimental,"[""X-RAY DIFFRACTION""]",[2.5],[0.2457],[0.2755],2014-03-25T00:00:00Z,2014-04-16T00:00:00Z,2023-12-27T00:00:00Z,P 61,2,2,1,12,Structures and mechanism for the design of highly potent glucocorticoids.,10.1038/cr.2014.52,2014.0,True,False
4PF3,Mineralocorticoid receptor ligand-binding domain with compuond 37a,experimental,"[""X-RAY DIFFRACTION""]",[1.1],[0.15382],[0.17683],2014-04-28T00:00:00Z,2014-11-26T00:00:00Z,2023-11-08T00:00:00Z,P 21 21 21,1,1,2,1,Discovery of 6-[5-(4-fluorophenyl)-3-methyl-pyrazol-4-yl]-benzoxazin-3-one derivatives as novel selective nonsteroidal mineralocorticoid receptor antagonists,10.1016/j.bmc.2014.07.038,2014.0,True,False
4PLD,"Human Nuclear Receptor Liver Receptor Homologue-1, LRH-1, in its apo State Bound to a Fragment of Human TIF-2",experimental,"[""X-RAY DIFFRACTION""]",[1.75],[0.1871],[0.2245],2014-05-16T00:00:00Z,2015-12-16T00:00:00Z,2023-09-27T00:00:00Z,P 21 21 21,2,2,1,2,Unexpected Allosteric Network Contributes to LRH-1 Co-regulator Selectivity.,10.1074/jbc.M115.662874,2016.0,True,False
4PLE,"Human Nuclear Receptor Liver Receptor Homologue-1, LRH-1, Bound to an E. Coli Phospholipid and a Fragment of TIF-2",experimental,"[""X-RAY DIFFRACTION""]",[1.752],[0.2141],[0.2362],2014-05-16T00:00:00Z,2015-12-16T00:00:00Z,2023-09-27T00:00:00Z,P 1 21 1,2,2,2,8,Unexpected Allosteric Network Contributes to LRH-1 Co-regulator Selectivity.,10.1074/jbc.M115.662874,2016.0,True,False
4POH,Crystal structure of human Retinoid X Receptor alpha-ligand binding domain complex with 8-methyl UAB30 and the coactivator peptide GRIP-1,experimental,"[""X-RAY DIFFRACTION""]",[2.3],[0.2164],[0.265],2014-02-25T00:00:00Z,2014-06-18T00:00:00Z,2023-09-20T00:00:00Z,P 43 21 2,2,2,1,2,Methyl substitution of a rexinoid agonist improves potency and reveals site of lipid toxicity.,10.1021/jm5004792,2014.0,True,False
4POJ,Crystal structure of human Retinoid X Receptor alpha-ligand binding domain complex with 7-methyl UAB30 and the coactivator peptide GRIP-1,experimental,"[""X-RAY DIFFRACTION""]",[2.0],[0.2183],[0.2614],2014-02-25T00:00:00Z,2014-06-18T00:00:00Z,2023-09-20T00:00:00Z,P 43 21 2,2,2,1,2,Methyl substitution of a rexinoid agonist improves potency and reveals site of lipid toxicity.,10.1021/jm5004792,2014.0,True,False
4PP3,Crystal structure of human Retinoid X Receptor alpha-ligand binding domain complex with 6-methyl UAB30 and the coactivator peptide GRIP-1,experimental,"[""X-RAY DIFFRACTION""]",[2.0],[0.237],[0.275],2014-02-26T00:00:00Z,2014-06-18T00:00:00Z,2023-09-20T00:00:00Z,P 43 21 2,2,2,1,2,Methyl substitution of a rexinoid agonist improves potency and reveals site of lipid toxicity.,10.1021/jm5004792,2014.0,True,False
4PP5,Crystal structure of human Retinoid X Receptor alpha-ligand binding domain complex with 5-methyl UAB30 and the coactivator peptide GRIP-1,experimental,"[""X-RAY DIFFRACTION""]",[2.0],[0.213],[0.25],2014-02-26T00:00:00Z,2014-06-18T00:00:00Z,2024-02-28T00:00:00Z,P 43 21 2,2,2,1,2,Methyl substitution of a rexinoid agonist improves potency and reveals site of lipid toxicity.,10.1021/jm5004792,2014.0,True,False
4PP6,Crystal Structure of the Estrogen Receptor alpha Ligand-binding Domain in Complex with Resveratrol,experimental,"[""X-RAY DIFFRACTION""]",[2.201],[0.167],[0.221],2014-02-26T00:00:00Z,2014-05-07T00:00:00Z,2023-09-20T00:00:00Z,P 1 21 1,2,2,1,4,Resveratrol modulates the inflammatory response via an estrogen receptor-signal integration network.,10.7554/eLife.02057,2014.0,True,False
4PPP,Crystal Structure of the Estrogen Receptor alpha Ligand-binding Domain in Complex with Fluoro-Resveratrol,experimental,"[""X-RAY DIFFRACTION""]",[2.686],[0.2],[0.2474],2014-02-27T00:00:00Z,2014-05-07T00:00:00Z,2023-09-20T00:00:00Z,P 1 21 1,2,2,1,4,Resveratrol modulates the inflammatory response via an estrogen receptor-signal integration network.,10.7554/eLife.02057,2014.0,True,False
4PPS,Crystal Structure of the Estrogen Receptor alpha Ligand-binding Domain in Complex with an A-CD ring estrogen derivative,experimental,"[""X-RAY DIFFRACTION""]",[1.929],[0.1766],[0.2018],2014-02-27T00:00:00Z,2014-05-07T00:00:00Z,2023-09-20T00:00:00Z,P 1 21 1,2,2,1,4,Resveratrol modulates the inflammatory response via an estrogen receptor-signal integration network.,10.7554/eLife.02057,2014.0,True,False
4PRG,0072 PARTIAL AGONIST PPAR GAMMA COCRYSTAL,experimental,"[""X-RAY DIFFRACTION""]",[2.9],[0.24],[0.283],1999-05-07T00:00:00Z,1999-05-27T00:00:00Z,2023-12-27T00:00:00Z,P 1 2 1,1,1,1,4,A peroxisome proliferator-activated receptor gamma ligand inhibits adipocyte differentiation.,10.1073/pnas.96.11.6102,1999.0,True,False
4PVU,Crystal structure of the complex between PPARgamma-LBD and the R enantiomer of Mbx-102 (Metaglidasen),experimental,"[""X-RAY DIFFRACTION""]",[2.6],[0.20016],[0.2506],2014-03-18T00:00:00Z,2015-02-11T00:00:00Z,2023-11-08T00:00:00Z,C 1 2 1,1,1,1,2,On the metabolically active form of metaglidasen: improved synthesis and investigation of its peculiar activity on peroxisome proliferator-activated receptors and skeletal muscles.,10.1002/cmdc.201402462,2015.0,True,False
4PWL,Crystal structure of the complex between PPARgamma-LBD and the S enantiomer of Mbx-102 (Metaglidasen),experimental,"[""X-RAY DIFFRACTION""]",[2.6],[0.2183],[0.3077],2014-03-20T00:00:00Z,2015-02-11T00:00:00Z,2023-11-08T00:00:00Z,C 1 2 1,1,1,1,2,On the metabolically active form of metaglidasen: improved synthesis and investigation of its peculiar activity on peroxisome proliferator-activated receptors and skeletal muscles.,10.1002/cmdc.201402462,2015.0,True,False
4PXM,The Estrogen Receptor Alpha Ligand Binding Domain D538G Mutant in Complex with Estradiol and a glucocorticoid receptor-interacting protein 1 NR box II peptide,experimental,"[""X-RAY DIFFRACTION""]",[1.9],[0.17935],[0.21417],2014-03-24T00:00:00Z,2015-04-08T00:00:00Z,2024-02-28T00:00:00Z,P 1 21 1,2,2,1,4,Estrogen receptor alpha somatic mutations Y537S and D538G confer breast cancer endocrine resistance by stabilizing the activating function-2 binding conformation.,10.7554/eLife.12792,2016.0,True,False
4Q13,Apo Estrogen Receptor Alpha Ligand Binding Domain D538G Mutant with a glucocorticoid receptor-interacting protein 1 NR box II peptide,experimental,"[""X-RAY DIFFRACTION""]",[2.24],[0.19845],[0.2492],2014-04-02T00:00:00Z,2015-04-08T00:00:00Z,2024-02-28T00:00:00Z,P 1 21 1,2,2,0,4,Estrogen receptor alpha somatic mutations Y537S and D538G confer breast cancer endocrine resistance by stabilizing the activating function-2 binding conformation.,10.7554/eLife.12792,2016.0,True,False
4Q50,The Estrogen Receptor Alpha Ligand Binding Domain D538G Mutant in Complex with 4-hydroxytamoxifen,experimental,"[""X-RAY DIFFRACTION""]",[3.07],[0.21565],[0.28277],2014-04-15T00:00:00Z,2015-04-15T00:00:00Z,2024-02-28T00:00:00Z,P 21 21 21,1,1,2,8,Estrogen receptor alpha somatic mutations Y537S and D538G confer breast cancer endocrine resistance by stabilizing the activating function-2 binding conformation.,10.7554/eLife.12792,2016.0,True,False
4QE8,FXR with DM175 and NCoA-2 peptide,experimental,"[""X-RAY DIFFRACTION""]",[2.62],[0.249],[0.273],2014-05-15T00:00:00Z,2015-08-12T00:00:00Z,2024-02-28T00:00:00Z,P 1,2,2,3,4,FXR with DM175 and NCoA-2 peptide,,,True,False
4QJR,Crystal structure of human nuclear receptor sf-1 (nr5a1) bound to its hormone pip3 at 2.4 a resolution,experimental,"[""X-RAY DIFFRACTION""]",[2.4],[0.1895],[0.2296],2014-06-04T00:00:00Z,2014-07-30T00:00:00Z,2024-03-13T00:00:00Z,P 41 21 2,2,2,2,2,The signaling phospholipid PIP3 creates a new interaction surface on the nuclear receptor SF-1.,10.1073/pnas.1416740111,2014.0,True,False
4QK4,Crystal structure of human nuclear receptor sf-1 (nr5a1) bound to pip2 at 2.8 a resolution,experimental,"[""X-RAY DIFFRACTION""]",[2.81],[0.1997],[0.2408],2014-06-05T00:00:00Z,2014-07-30T00:00:00Z,2024-03-13T00:00:00Z,P 41 21 2,2,2,2,2,The signaling phospholipid PIP3 creates a new interaction surface on the nuclear receptor SF-1.,10.1073/pnas.1416740111,2014.0,True,False
4QL8,Crystal structure of Androgen Receptor in complex with the ligand,experimental,"[""X-RAY DIFFRACTION""]",[2.1],[0.24363],[0.27502],2014-06-11T00:00:00Z,2015-06-17T00:00:00Z,2023-11-08T00:00:00Z,P 21 21 21,1,1,1,1,"3-alkoxy-pyrrolo[1,2-b]pyrazolines as selective androgen receptor modulators with ideal physicochemical properties for transdermal administration",10.1021/jm5009049,2014.0,True,False
4QM0,Crystal structure of RORc in complex with a tertiary sulfonamide inverse agonist,experimental,"[""X-RAY DIFFRACTION""]",[2.195],[0.1813],[0.2287],2014-06-14T00:00:00Z,2014-09-17T00:00:00Z,2024-02-28T00:00:00Z,P 61,1,1,2,2,"Reduction in lipophilicity improved the solubility, plasma-protein binding, and permeability of tertiary sulfonamide RORc inverse agonists.",10.1016/j.bmcl.2014.06.048,2014.0,True,False
4R06,Crystal Structure of SR2067 bound to PPARgamma,experimental,"[""X-RAY DIFFRACTION""]",[2.22],[0.186],[0.24],2014-07-30T00:00:00Z,2016-01-27T00:00:00Z,2023-09-20T00:00:00Z,C 1 2 1,1,1,2,2,SR2067 Reveals a Unique Kinetic and Structural Signature for PPAR gamma Partial Agonism.,10.1021/acschembio.5b00580,2016.0,True,False
4R2U,Crystal Structure of PPARgamma in complex with SR1664,experimental,"[""X-RAY DIFFRACTION""]",[2.3],[0.189],[0.248],2014-08-13T00:00:00Z,2015-07-01T00:00:00Z,2023-09-20T00:00:00Z,C 1 2 1,1,1,1,2,Pharmacological repression of PPAR gamma promotes osteogenesis.,10.1038/ncomms8443,2015.0,True,False
4R6S,Crystal structure of PPARgammma in complex with SR1663,experimental,"[""X-RAY DIFFRACTION""]",[2.301],[0.171],[0.2328],2014-08-26T00:00:00Z,2015-07-01T00:00:00Z,2023-09-20T00:00:00Z,C 1 2 1,1,1,1,2,Pharmacological repression of PPAR gamma promotes osteogenesis.,10.1038/ncomms8443,2015.0,True,False
4RAK,"Crystal structure of nuclear receptor subfamily 1, group h, member 2 (lxrb) complexed with partial agonist",experimental,"[""X-RAY DIFFRACTION""]",[2.04],[0.22949],[0.27068],2014-09-10T00:00:00Z,2014-12-31T00:00:00Z,2024-02-28T00:00:00Z,I 21 21 21,1,1,2,2,Liver X Receptor (LXR) partial agonists: Biaryl pyrazoles and imidazoles displaying a preference for LXR beta.,10.1016/j.bmcl.2014.11.029,2015.0,True,False
4RE8,Crystal Structure of TR3 LBD in complex with Molecule 5,experimental,"[""X-RAY DIFFRACTION""]",[2.16],[0.20826],[0.26862],2014-09-22T00:00:00Z,2015-09-09T00:00:00Z,2024-03-20T00:00:00Z,P 21 21 21,1,1,2,2,Induction of Autophagic Death in Cancer Cells by Agonizing TR3 and Attenuating Akt2 Activity,10.1016/j.chembiol.2015.06.023,2015.0,True,False
4REE,Crystal Structure of TR3 LBD in complex with Molecule 6,experimental,"[""X-RAY DIFFRACTION""]",[2.37],[0.1995],[0.24114],2014-09-22T00:00:00Z,2015-09-09T00:00:00Z,2024-12-25T00:00:00Z,P 21 21 21,1,1,2,2,Induction of Autophagic Death in Cancer Cells by Agonizing TR3 and Attenuating Akt2 Activity,10.1016/j.chembiol.2015.06.023,2015.0,True,False
4REF,Crystal Structure of TR3 LBD_L449W in complex with Molecule 2,experimental,"[""X-RAY DIFFRACTION""]",[2.1],[0.1873],[0.22974],2014-09-22T00:00:00Z,2015-09-09T00:00:00Z,2024-03-20T00:00:00Z,P 21 21 21,1,1,2,2,Induction of Autophagic Death in Cancer Cells by Agonizing TR3 and Attenuating Akt2 Activity,10.1016/j.chembiol.2015.06.023,2015.0,True,False
4RFW,Crystal structure of human retinoid X Receptor alpha-ligand binding domain complex with 9cUAB70 and the coactivator peptide GRIP-1,experimental,"[""X-RAY DIFFRACTION""]",[2.4],[0.211],[0.261],2014-09-28T00:00:00Z,2015-09-16T00:00:00Z,2023-09-20T00:00:00Z,P 43 21 2,2,2,1,2,Conformationally Defined Rexinoids and Their Efficacy in the Prevention of Mammary Cancers.,10.1021/acs.jmedchem.5b00829,2015.0,True,False
4RMC,Crystal Structure of human retinoid X receptor alpha-ligand binding domain complex with 9cUAB76 and the coactivator peptide GRIP-1,experimental,"[""X-RAY DIFFRACTION""]",[2.7],[0.187],[0.265],2014-10-21T00:00:00Z,2015-09-16T00:00:00Z,2023-09-20T00:00:00Z,P 43 21 2,2,2,1,2,Conformationally Defined Rexinoids and Their Efficacy in the Prevention of Mammary Cancers.,10.1021/acs.jmedchem.5b00829,2015.0,True,False
4RMD,Crystal structure of human Retinoid X receptor alpha ligand binding domain complex with 9cUAB110 and coactivator peptide GRIP-1,experimental,"[""X-RAY DIFFRACTION""]",[1.9],[0.209],[0.239],2014-10-21T00:00:00Z,2015-09-23T00:00:00Z,2023-09-20T00:00:00Z,P 43 21 2,2,2,1,2,Conformationally Defined Rexinoids and Their Efficacy in the Prevention of Mammary Cancers.,10.1021/acs.jmedchem.5b00829,2015.0,True,False
4RME,Crystal structure of human Retinoid X receptor alpha ligand binding domain complex with 9cUAB111 and coactivator peptide GRIP-1,experimental,"[""X-RAY DIFFRACTION""]",[2.3],[0.21],[0.273],2014-10-21T00:00:00Z,2015-09-16T00:00:00Z,2023-09-20T00:00:00Z,P 43 21 2,2,2,1,2,Conformationally Defined Rexinoids and Their Efficacy in the Prevention of Mammary Cancers.,10.1021/acs.jmedchem.5b00829,2015.0,True,False
4RWV,"Crystal structure of PIP3 bound human nuclear receptor LRH-1 (Liver Receptor Homolog 1, NR5A2) in complex with a co-regulator DAX-1 (NR0B1) peptide at 1.86 A resolution",experimental,"[""X-RAY DIFFRACTION""]",[1.859],[0.1707],[0.21],2014-12-05T00:00:00Z,2015-01-21T00:00:00Z,2025-10-22T00:00:00Z,C 1 2 1,2,2,3,2,"Crystal structure of a Homo sapiens hepatocytic transcription factor hB1F-2 (B1F2) in complex with nuclear receptor subfamily 0 group B member 1 (NR0B1, residues 140-154) from human at 1.86 A resolution",,,True,False
4RZE,"Crystal Structure Analysis of the NUR77 Ligand Binding Domain, L437W,D594E mutant",experimental,"[""X-RAY DIFFRACTION""]",[2.49],[0.24983],[0.30895],2014-12-21T00:00:00Z,2015-03-18T00:00:00Z,2024-02-28T00:00:00Z,P 21 21 21,1,1,1,2,Impeding the interaction between Nur77 and p38 reduces LPS-induced inflammation.,10.1038/nchembio.1788,2015.0,True,False
4RZF,"Crystal Structure Analysis of the NUR77 Ligand Binding Domain, S441W mutant",experimental,"[""X-RAY DIFFRACTION""]",[1.99],[0.18589],[0.22732],2014-12-21T00:00:00Z,2015-03-18T00:00:00Z,2024-02-28T00:00:00Z,P 21 21 21,1,1,1,2,Impeding the interaction between Nur77 and p38 reduces LPS-induced inflammation.,10.1038/nchembio.1788,2015.0,True,False
4RZG,Crystal Structure Analysis of the DNPA-bounded NUR77 Ligand binding Domain,experimental,"[""X-RAY DIFFRACTION""]",[2.7],[0.2117],[0.2696],2014-12-21T00:00:00Z,2015-03-18T00:00:00Z,2024-02-28T00:00:00Z,P 21 21 21,1,1,2,2,Impeding the interaction between Nur77 and p38 reduces LPS-induced inflammation.,10.1038/nchembio.1788,2015.0,True,False
4S0S,STRUCTURE OF HUMAN PREGNANE X RECEPTOR LIGAND BINDING DOMAIN with ADNECTIN-1,experimental,"[""X-RAY DIFFRACTION""]",[2.8],[0.2161],[0.2292],2015-01-05T00:00:00Z,2015-02-11T00:00:00Z,2024-02-28T00:00:00Z,P 4,2,2,0,4,Developing Adnectins That Target SRC Co-Activator Binding to PXR: A Structural Approach toward Understanding Promiscuity of PXR.,10.1016/j.jmb.2014.12.022,2015.0,True,False
4S0T,STRUCTURE OF HUMAN PREGNANE X RECEPTOR LIGAND BINDING DOMAIN BOUND WITH ADNECTIN-1 AND COMPOUND-1,experimental,"[""X-RAY DIFFRACTION""]",[3.14],[0.2136],[0.2475],2015-01-05T00:00:00Z,2015-02-04T00:00:00Z,2024-02-28T00:00:00Z,P 4,2,2,1,4,Developing Adnectins That Target SRC Co-Activator Binding to PXR: A Structural Approach toward Understanding Promiscuity of PXR.,10.1016/j.jmb.2014.12.022,2015.0,True,False
4S14,"Crystal structure of the orphan nuclear receptor RORgamma ligand-binding domain in complex with 4alpha-caboxyl, 4beta-methyl-zymosterol (4ACD8)",experimental,"[""X-RAY DIFFRACTION""]",[3.542],[0.1867],[0.2193],2015-01-07T00:00:00Z,2015-02-11T00:00:00Z,2024-11-06T00:00:00Z,P 63 2 2,2,2,1,2,Identification of Natural ROR gamma Ligands that Regulate the Development of Lymphoid Cells.,10.1016/j.cmet.2015.01.004,2015.0,True,False
4S15,"Crystal structure of the orphan nuclear receptor RORalpha ligand-binding domain in complex with 4alpha-caboxyl, 4beta-methyl-zymosterol (4ACD8)",experimental,"[""X-RAY DIFFRACTION""]",[1.897],[0.1739],[0.2133],2015-01-08T00:00:00Z,2015-02-11T00:00:00Z,2024-02-28T00:00:00Z,P 21 21 21,2,2,2,4,Identification of Natural ROR gamma Ligands that Regulate the Development of Lymphoid Cells.,10.1016/j.cmet.2015.01.004,2015.0,True,False
4TNT,Structure of the human mineralocorticoid receptor in complex with DNA,experimental,"[""X-RAY DIFFRACTION""]",[2.3938],[0.2086],[0.2584],2014-06-04T00:00:00Z,2014-09-17T00:00:00Z,2023-12-27T00:00:00Z,C 2 2 21,3,1,1,4,Crystal structure of the mineralocorticoid receptor DNA binding domain in complex with DNA.,10.1371/journal.pone.0107000,2014.0,True,False
4TUZ,Crystal structure of hERa-LBD (Y537S) in complex with alpha-zearalenol,experimental,"[""X-RAY DIFFRACTION""]",[1.9],[0.1782],[0.2072],2014-06-25T00:00:00Z,2015-01-28T00:00:00Z,2024-10-23T00:00:00Z,P 1 21 1,3,3,3,4,A structural perspective on nuclear receptors as targets of environmental compounds.,10.1038/aps.2014.133,2015.0,True,False
4TV1,Crystal structure of hERa-LBD (Y537S) in complex with propylparaben,experimental,"[""X-RAY DIFFRACTION""]",[1.85],[0.1671],[0.2024],2014-06-25T00:00:00Z,2015-01-28T00:00:00Z,2024-10-23T00:00:00Z,P 1 21 1,3,3,4,4,A structural perspective on nuclear receptors as targets of environmental compounds.,10.1038/aps.2014.133,2015.0,True,False
4UDA,MR in complex with dexamethasone,experimental,"[""X-RAY DIFFRACTION""]",[2.03],[0.1847],[0.2401],2014-12-09T00:00:00Z,2015-11-25T00:00:00Z,2023-12-20T00:00:00Z,P 21 21 21,2,2,2,2,Ligand Binding Mechanism in Steroid Receptors: From Conserved Plasticity to Differential Evolutionary Constraints.,10.1016/J.STR.2015.09.012,2015.0,True,False
4UDB,MR in complex with desisobutyrylciclesonide,experimental,"[""X-RAY DIFFRACTION""]",[2.36],[0.1819],[0.2181],2014-12-09T00:00:00Z,2015-11-25T00:00:00Z,2023-12-20T00:00:00Z,P 41 21 2,2,2,4,2,Ligand Binding Mechanism in Steroid Receptors: From Conserved Plasticity to Differential Evolutionary Constraints.,10.1016/J.STR.2015.09.012,2015.0,True,False
4UDC,GR in complex with dexamethasone,experimental,"[""X-RAY DIFFRACTION""]",[2.5],[0.21],[0.2528],2014-12-09T00:00:00Z,2015-11-25T00:00:00Z,2023-12-20T00:00:00Z,P 32 2 1,2,2,2,2,Ligand Binding Mechanism in Steroid Receptors: From Conserved Plasticity to Differential Evolutionary Constraints.,10.1016/J.STR.2015.09.012,2015.0,True,False
4UDD,GR in complex with desisobutyrylciclesonide,experimental,"[""X-RAY DIFFRACTION""]",[1.8],[0.2126],[0.2239],2014-12-09T00:00:00Z,2015-11-25T00:00:00Z,2023-12-20T00:00:00Z,P 32 2 1,2,2,3,2,Ligand Binding Mechanism in Steroid Receptors: From Conserved Plasticity to Differential Evolutionary Constraints.,10.1016/J.STR.2015.09.012,2015.0,True,False
4WHF,"Crystal Structure of TR3 LBD in complex with 1-(3,4,5-trihydroxyphenyl)decan-1-one",experimental,"[""X-RAY DIFFRACTION""]",[2.27],[0.21684],[0.26786],2014-09-22T00:00:00Z,2015-09-09T00:00:00Z,2024-03-20T00:00:00Z,P 21 21 21,1,1,2,2,Induction of Autophagic Death in Cancer Cells by Agonizing TR3 and Attenuating Akt2 Activity,10.1016/j.chembiol.2015.06.023,2015.0,True,False
4WHG,Crystal Structure of TR3 LBD in complex with Molecule 3,experimental,"[""X-RAY DIFFRACTION""]",[2.18],[0.1851],[0.2347],2014-09-22T00:00:00Z,2015-09-09T00:00:00Z,2024-03-20T00:00:00Z,P 21 21 21,1,1,2,2,Induction of Autophagic Death in Cancer Cells by Agonizing TR3 and Attenuating Akt2 Activity,10.1016/j.chembiol.2015.06.023,2015.0,True,False
4WLB,Crystal structure of RORc in complex with a partial inverse agonist compound,experimental,"[""X-RAY DIFFRACTION""]",[1.702],[0.1777],[0.2263],2014-10-07T00:00:00Z,2014-11-12T00:00:00Z,2024-10-23T00:00:00Z,P 21 21 21,2,2,2,4,A reversed sulfonamide series of selective RORc inverse agonists.,10.1016/j.bmcl.2014.10.037,2014.0,True,False
4WPF,Crystal structure of RORc in complex with a phenyl sulfonamide agonist,experimental,"[""X-RAY DIFFRACTION""]",[2.202],[0.1749],[0.2271],2014-10-18T00:00:00Z,2015-01-14T00:00:00Z,2023-12-27T00:00:00Z,P 41,2,2,1,4,Minor Structural Change to Tertiary Sulfonamide RORc Ligands Led to Opposite Mechanisms of Action.,10.1021/ml500420y,2015.0,True,False
4WQP,Crystal structure of RORc in complex with a benzyl sulfonamide inverse agonist,experimental,"[""X-RAY DIFFRACTION""]",[1.99],[0.14951],[0.18005],2014-10-22T00:00:00Z,2015-01-14T00:00:00Z,2023-12-27T00:00:00Z,P 61,2,2,2,3,Minor Structural Change to Tertiary Sulfonamide RORc Ligands Led to Opposite Mechanisms of Action.,10.1021/ml500420y,2015.0,True,False
4WVD,Identification of a novel FXR ligand that regulates metabolism,experimental,"[""X-RAY DIFFRACTION""]",[2.9],[0.27741],[0.30221],2014-11-05T00:00:00Z,2015-02-11T00:00:00Z,2025-03-12T00:00:00Z,I 21 21 21,2,2,2,4,The antiparasitic drug ivermectin is a novel FXR ligand that regulates metabolism.,10.1038/ncomms2924,2013.0,True,False
4X1F,Crystal structure of the hPXR-LBD in complex with the synthetic estrogen 17alpha-ethinylestradiol,experimental,"[""X-RAY DIFFRACTION""]",[2.0],[0.1822],[0.2097],2014-11-24T00:00:00Z,2015-09-09T00:00:00Z,2024-01-10T00:00:00Z,P 43 21 2,1,1,2,1,Synergistic activation of human pregnane X receptor by binary cocktails of pharmaceutical and environmental compounds.,10.1038/ncomms9089,2015.0,True,False
4X1G,Crystal structure of the hPXR-LBD in complex with the synthetic estrogen 17alpha-ethinylestradiol and the pesticide trans-nonachlor,experimental,"[""X-RAY DIFFRACTION""]",[2.25],[0.1741],[0.218],2014-11-24T00:00:00Z,2015-09-09T00:00:00Z,2024-01-10T00:00:00Z,P 43 21 2,1,1,4,1,Synergistic activation of human pregnane X receptor by binary cocktails of pharmaceutical and environmental compounds.,10.1038/ncomms9089,2015.0,True,False
4XAJ,Crystal structure of human NR2E1/TLX,experimental,"[""X-RAY DIFFRACTION""]",[3.551],[0.2725],[0.3136],2014-12-14T00:00:00Z,2015-03-04T00:00:00Z,2024-02-28T00:00:00Z,P 21 21 21,2,2,0,6,Structural basis for corepressor assembly by the orphan nuclear receptor TLX.,10.1101/gad.254904.114,2015.0,True,False
4XAO,Crystal structure of the hPXR-LBD obtained in presence of the pesticide trans-nonachlor,experimental,"[""X-RAY DIFFRACTION""]",[2.58],[0.1892],[0.2391],2014-12-15T00:00:00Z,2015-09-09T00:00:00Z,2024-01-10T00:00:00Z,P 43 21 2,1,1,2,1,Synergistic activation of human pregnane X receptor by binary cocktails of pharmaceutical and environmental compounds.,10.1038/ncomms9089,2015.0,True,False
4XHD,STRUCTURE OF HUMAN PREGNANE X RECEPTOR LIGAND BINDING DOMAIN WITH COMPOUND-1,experimental,"[""X-RAY DIFFRACTION""]",[2.4],[0.1975],[0.2416],2015-01-05T00:00:00Z,2015-01-28T00:00:00Z,2024-02-28T00:00:00Z,P 43 21 2,1,1,2,1,Developing Adnectins That Target SRC Co-Activator Binding to PXR: A Structural Approach toward Understanding Promiscuity of PXR.,10.1016/j.jmb.2014.12.022,2015.0,True,False
4XI3,Estrogen Receptor Alpha Ligand Binding Domain in Complex with Bazedoxifene,experimental,"[""X-RAY DIFFRACTION""]",[2.491],[0.2151],[0.2683],2015-01-06T00:00:00Z,2016-01-13T00:00:00Z,2024-03-06T00:00:00Z,P 1,1,1,1,4,The SERM/SERD bazedoxifene disrupts ESR1 helix 12 to overcome acquired hormone resistance in breast cancer cells.,10.7554/eLife.37161,2018.0,True,False
4XLD,Crystal structure of the human PPARg-LBD/rosiglitazone complex obtained by dry co-crystallization and in situ diffraction,experimental,"[""X-RAY DIFFRACTION""]",[2.45],[0.1913],[0.2218],2015-01-13T00:00:00Z,2015-08-12T00:00:00Z,2024-01-10T00:00:00Z,P 43 21 2,1,1,2,1,Combining `dry' co-crystallization and in situ diffraction to facilitate ligand screening by X-ray crystallography.,10.1107/S1399004715010342,2015.0,True,False
4XT9,RORgamma (263-509) complexed with GSK2435341A and SRC2,experimental,"[""X-RAY DIFFRACTION""]",[2.25],[0.21421],[0.24489],2015-01-23T00:00:00Z,2015-08-12T00:00:00Z,2023-11-08T00:00:00Z,P 41 21 2,2,2,2,2,Discovery of N-(4-aryl-5-aryloxy-thiazol-2-yl)-amides as potent ROR gamma t inverse agonists,10.1016/j.bmc.2015.07.068,2015.0,True,False
4XTA,MECHANISMS OF PPARgamma ACTIVATION BY NON-STEROIDAL ANTI-INFLAMMATORY DRUGS,experimental,"[""X-RAY DIFFRACTION""]",[2.5],[0.2121],[0.274],2015-01-23T00:00:00Z,2015-11-11T00:00:00Z,2024-02-28T00:00:00Z,C 1 2 1,1,1,1,2,Mechanisms of peroxisome proliferator activated receptor gamma regulation by non-steroidal anti-inflammatory drugs.,10.1621/nrs.13004,2015.0,True,False
4XUH,PPARgamma ligand binding domain in complex with sulindac sulfide,experimental,"[""X-RAY DIFFRACTION""]",[2.22],[0.1865],[0.2304],2015-01-25T00:00:00Z,2016-07-27T00:00:00Z,2023-09-27T00:00:00Z,C 1 2 1,1,1,1,2,Mechanisms of peroxisome proliferator activated receptor gamma regulation by non-steroidal anti-inflammatory drugs.,10.1621/nrs.13004,2015.0,True,False
4XUM,PPARgamma ligand binding domain in complex with indomethacin,experimental,"[""X-RAY DIFFRACTION""]",[2.4],[0.1878],[0.2396],2015-01-26T00:00:00Z,2015-11-04T00:00:00Z,2024-02-28T00:00:00Z,C 1 2 1,1,1,1,2,Mechanisms of peroxisome proliferator activated receptor gamma regulation by non-steroidal anti-inflammatory drugs.,10.1621/nrs.13004,2015.0,True,False
4Y29,Identification of a novel PPARg ligand that regulates metabolism,experimental,"[""X-RAY DIFFRACTION""]",[1.98],[0.177],[0.2187],2015-02-09T00:00:00Z,2015-09-09T00:00:00Z,2023-11-08T00:00:00Z,P 1 21 1,2,2,1,2,Selective targeting of PPAR gamma by the natural product chelerythrine with a unique binding mode and improved antidiabetic potency.,10.1038/srep12222,2015.0,True,False
4YMQ,X-ray co-structure of nuclear receptor ROR-GAMMAT + SRC2 peptide with a benzothiadiazole dioxide inverse agonist,experimental,"[""X-RAY DIFFRACTION""]",[2.0],[0.1981],[0.2385],2015-03-07T00:00:00Z,2015-04-22T00:00:00Z,2024-02-28T00:00:00Z,P 41 21 2,1,1,3,1,"Discovery of 1,3-dihydro-2,1,3-benzothiadiazole 2,2-dioxide analogs as new RORC modulators.",10.1016/j.bmcl.2015.03.042,2015.0,True,False
4YPQ,Crystal structure of the ROR(gamma)t ligand binding domain in complex with 4-(1-(2-chloro-6-(trifluoromethyl)benzoyl)-1H-indazol-3-yl)benzoic acid,experimental,"[""X-RAY DIFFRACTION""]",[2.32],[0.1751],[0.2292],2015-03-13T00:00:00Z,2015-12-23T00:00:00Z,2024-11-13T00:00:00Z,H 3 2,1,1,2,1,Identification of an allosteric binding site for ROR gamma t inhibition.,10.1038/ncomms9833,2015.0,True,False
4YT1,Human PPAR Gamma Ligand Binding Domain in complex with a Gammma Selective Synthetic Partial Agonist MEKT76,experimental,"[""X-RAY DIFFRACTION""]",[2.2],[0.2366],[0.2557],2015-03-17T00:00:00Z,2016-03-02T00:00:00Z,2023-11-08T00:00:00Z,C 1 2 1,1,1,1,2,Peroxisome proliferator-activated receptor gamma (PPAR gamma ) has multiple binding points that accommodate ligands in various conformations: Structurally similar PPAR gamma partial agonists bind to PPAR gamma LBD in different conformations,10.1016/j.bmcl.2015.05.025,2015.0,True,False
4ZI1,HUMAN ESTROGEN RECEPTOR BETA LIGAND-BINDING DOMAIN IN COMPLEX WITH KB095285 AND CIA12 COACTIVATOR PEPTIDE,experimental,"[""X-RAY DIFFRACTION""]",[2.1],[0.1747],[0.2227],2015-04-27T00:00:00Z,2016-06-29T00:00:00Z,2024-05-01T00:00:00Z,I 41,2,2,1,2,HUMAN ESTROGEN RECEPTOR BETA LIGAND-BINDING DOMAIN IN COMPLEX WITH KB095285 AND CIA12 COACTIVATOR PEPTIDE,,,True,False
4ZJR,RORgamma in complex with inverse agonist 48,experimental,"[""X-RAY DIFFRACTION""]",[2.702],[0.1734],[0.2227],2015-04-29T00:00:00Z,2015-06-17T00:00:00Z,2023-09-27T00:00:00Z,P 31,1,1,1,4,Discovery of biaryl carboxylamides as potent ROR gamma inverse agonists.,10.1016/j.bmcl.2015.05.026,2015.0,True,False
4ZJW,RORgamma in complex with inverse agonist 16,experimental,"[""X-RAY DIFFRACTION""]",[2.5],[0.1895],[0.2503],2015-04-29T00:00:00Z,2015-06-17T00:00:00Z,2023-09-27T00:00:00Z,C 1 2 1,1,1,1,2,Discovery of biaryl carboxylamides as potent ROR gamma inverse agonists.,10.1016/j.bmcl.2015.05.026,2015.0,True,False
4ZN7,Crystal Structure of the ER-alpha Ligand-binding Domain (Y537S) in complex with Diethylstilbestrol,experimental,"[""X-RAY DIFFRACTION""]",[1.934],[0.1972],[0.2262],2015-05-04T00:00:00Z,2016-05-04T00:00:00Z,2023-09-27T00:00:00Z,P 1 21 1,2,2,1,4,Predictive features of ligand-specific signaling through the estrogen receptor.,10.15252/msb.20156701,2016.0,True,False
4ZN9,Crystal Structure of the ER-alpha Ligand-binding Domain (Y537S) in complex with Oxabicyclic Heptene Sulfonate (OBHS),experimental,"[""X-RAY DIFFRACTION""]",[2.215],[0.2213],[0.2417],2015-05-04T00:00:00Z,2015-09-09T00:00:00Z,2024-03-06T00:00:00Z,P 1 21 1,2,2,1,4,Development of selective estrogen receptor modulator (SERM)-like activity through an indirect mechanism of estrogen receptor antagonism: defining the binding mode of 7-oxabicyclo[2.2.1]hept-5-ene scaffold core ligands.,10.1002/cmdc.201200048,2012.0,True,False
4ZNH,Crystal Structure of the ER-alpha Ligand-binding Domain (Y537S) in complex with a 2-Fluoro-substituted OBHS derivative,experimental,"[""X-RAY DIFFRACTION""]",[1.933],[0.2017],[0.2506],2015-05-04T00:00:00Z,2016-05-04T00:00:00Z,2023-09-27T00:00:00Z,P 1 21 1,2,2,1,4,Predictive features of ligand-specific signaling through the estrogen receptor.,10.15252/msb.20156701,2016.0,True,False
4ZNS,Crystal Structure of the ER-alpha Ligand-binding Domain (Y537S) in complex with a 3-Fluoro-substituted OBHS derivative,experimental,"[""X-RAY DIFFRACTION""]",[1.86],[0.2038],[0.2356],2015-05-05T00:00:00Z,2016-05-04T00:00:00Z,2023-09-27T00:00:00Z,P 1 21 1,2,2,1,4,Predictive features of ligand-specific signaling through the estrogen receptor.,10.15252/msb.20156701,2016.0,True,False
4ZNT,Crystal Structure of the ER-alpha Ligand-binding Domain (Y537S) in complex with a 3-Bromo-substituted OBHS derivative,experimental,"[""X-RAY DIFFRACTION""]",[1.903],[0.1956],[0.2145],2015-05-05T00:00:00Z,2016-05-04T00:00:00Z,2023-09-27T00:00:00Z,P 1 21 1,2,2,1,4,Predictive features of ligand-specific signaling through the estrogen receptor.,10.15252/msb.20156701,2016.0,True,False
4ZNU,Crystal Structure of the ER-alpha Ligand-binding Domain (Y537S) in complex with a 2-Methyl-substituted OBHS derivative,experimental,"[""X-RAY DIFFRACTION""]",[2.4],[0.1969],[0.2452],2015-05-05T00:00:00Z,2016-05-04T00:00:00Z,2023-09-27T00:00:00Z,P 1 21 1,2,2,1,4,Predictive features of ligand-specific signaling through the estrogen receptor.,10.15252/msb.20156701,2016.0,True,False
4ZNV,Crystal Structure of the ER-alpha Ligand-binding Domain (Y537S) in complex with a 2-Methoxy-substituted OBHS derivative,experimental,"[""X-RAY DIFFRACTION""]",[1.771],[0.1778],[0.1969],2015-05-05T00:00:00Z,2016-05-04T00:00:00Z,2023-09-27T00:00:00Z,P 1 21 1,2,2,1,4,Predictive features of ligand-specific signaling through the estrogen receptor.,10.15252/msb.20156701,2016.0,True,False
4ZNW,Crystal Structure of the ER-alpha Ligand-binding Domain (Y537S) in complex with a 4-Bromo-substituted OBHS derivative,experimental,"[""X-RAY DIFFRACTION""]",[2.31],[0.1866],[0.2361],2015-05-05T00:00:00Z,2016-05-04T00:00:00Z,2023-09-27T00:00:00Z,P 1 21 1,2,2,1,4,Predictive features of ligand-specific signaling through the estrogen receptor.,10.15252/msb.20156701,2016.0,True,False
4ZO1,Crystal Structure of the T3-bound TR-beta Ligand-binding Domain in complex with RXR-alpha,experimental,"[""X-RAY DIFFRACTION""]",[3.221],[0.2364],[0.2813],2015-05-05T00:00:00Z,2015-09-02T00:00:00Z,2023-11-15T00:00:00Z,P 31 2 1,3,3,1,3,Structural mechanism for signal transduction in RXR nuclear receptor heterodimers.,10.1038/ncomms9013,2015.0,True,False
4ZOM,RORgamma in complex with inverse agonist 4j.,experimental,"[""X-RAY DIFFRACTION""]",[2.27],[0.2003],[0.2397],2015-05-06T00:00:00Z,2015-06-17T00:00:00Z,2023-09-27T00:00:00Z,P 31,1,1,1,4,Discovery of novel pyrazole-containing benzamides as potent ROR gamma inverse agonists.,10.1016/j.bmcl.2015.05.028,2015.0,True,False
4ZSH,"RXR LBD in complex with 9-cis-13,14-dihydroretinoic acid",experimental,"[""X-RAY DIFFRACTION""]",[1.8],[0.2094],[0.218],2015-05-13T00:00:00Z,2016-03-30T00:00:00Z,2024-01-10T00:00:00Z,P 43 21 2,2,2,1,2,"9-cis-13,14-Dihydroretinoic Acid Is an Endogenous Retinoid Acting as RXR Ligand in Mice.",10.1371/journal.pgen.1005213,2015.0,True,False
5A86,Structure of pregnane X receptor in complex with a Sphingosine 1- Phosphate Receptor 1 Antagonist,experimental,"[""X-RAY DIFFRACTION""]",[2.25],[0.2306],[0.2555],2015-07-13T00:00:00Z,2015-10-21T00:00:00Z,2024-05-08T00:00:00Z,P 21 21 21,2,2,1,4,Identification and Optimization of Benzimidazole Sulfonamides as Orally Bioavailable Sphingosine 1-Phosphate Receptor 1 Antagonists with in Vivo Activity.,10.1021/ACS.JMEDCHEM.5B01078,2015.0,True,False
5AAU,"Optimization of a novel binding motif to to (E)-3-(3,5-difluoro-4-((1R,3R)-2-(2-fluoro-2-methylpropyl)-3-methyl-2,3,4,9-tetrahydro-1H- pyrido(3,4-b)indol-1-yl)phenyl)acrylic acid (AZD9496), a potent and orally bioavailable selective estrogen receptor downregulator and antagonist",experimental,"[""X-RAY DIFFRACTION""]",[1.9],[0.17293],[0.22591],2015-07-28T00:00:00Z,2015-10-14T00:00:00Z,2024-05-01T00:00:00Z,C 1 2 1,1,1,1,2,"Optimization of a Novel Binding Motif to (E)-3-(3,5-Difluoro-4-((1R,3R)-2-(2-Fluoro-2-Methylpropyl)-3-Methyl-2, 3,4,9-Tetrahydro-1H-Pyrido[3,4-B]Indol-1-Yl)Phenyl)Acrylic Acid (Azd9496), a Potent and Orally Bioavailable Selective Estrogen Receptor Downregulator and Antagonist.",10.1021/ACS.JMEDCHEM.5B00984,2015.0,True,False
5AAV,"Optimization of a novel binding motif to to (E)-3-(3,5-difluoro-4-((1R,3R)-2-(2-fluoro-2-methylpropyl)-3-methyl-2,3,4,9-tetrahydro-1H- pyrido(3,4-b)indol-1-yl)phenyl)acrylic acid (AZD9496), a potent and orally bioavailable selective estrogen receptor downregulator and antagonist",experimental,"[""X-RAY DIFFRACTION""]",[1.95],[0.19618],[0.23413],2015-07-29T00:00:00Z,2015-10-14T00:00:00Z,2024-05-01T00:00:00Z,C 1 2 1,2,2,1,2,"Optimization of a Novel Binding Motif to (E)-3-(3,5-Difluoro-4-((1R,3R)-2-(2-Fluoro-2-Methylpropyl)-3-Methyl-2, 3,4,9-Tetrahydro-1H-Pyrido[3,4-B]Indol-1-Yl)Phenyl)Acrylic Acid (Azd9496), a Potent and Orally Bioavailable Selective Estrogen Receptor Downregulator and Antagonist.",10.1021/ACS.JMEDCHEM.5B00984,2015.0,True,False
5ACC,"A Novel Oral Selective Estrogen Receptor Down-regulator, AZD9496, drives Tumour Growth Inhibition in Estrogen Receptor positive and ESR1 Mutant Models",experimental,"[""X-RAY DIFFRACTION""]",[1.88],[0.21685],[0.26628],2015-08-15T00:00:00Z,2015-12-16T00:00:00Z,2024-05-01T00:00:00Z,P 65 2 2,1,1,1,1,"Optimization of a Novel Binding Motif to (E)-3-(3,5-Difluoro-4-((1R,3R)-2-(2-Fluoro-2-Methylpropyl)-3-Methyl-2, 3,4,9-Tetrahydro-1H-Pyrido[3,4-B]Indol-1-Yl)Phenyl)Acrylic Acid (Azd9496), a Potent and Orally Bioavailable Selective Estrogen Receptor Downregulator and Antagonist.",10.1021/ACS.JMEDCHEM.5B00984,2015.0,True,False
5AK2,Oxyphenylpropenoic acids as Oral Selective Estrogen Receptor Down- Regulators.,experimental,"[""X-RAY DIFFRACTION""]",[2.19],[0.21191],[0.26226],2015-02-27T00:00:00Z,2015-04-22T00:00:00Z,2024-05-08T00:00:00Z,C 1 2 1,1,1,1,2,Investigation of (E)-3-[4-(2-Oxo-3-Aryl-Chromen-4-Yl)Oxyphenyl]Acrylic Acids as Oral Selective Estrogen Receptor Down-Regulators.,10.1021/ACS.JMEDCHEM.5B00066,2015.0,True,False
5APH,Ligand complex of RORg LBD,experimental,"[""X-RAY DIFFRACTION""]",[1.54],[0.2125],[0.2422],2015-09-16T00:00:00Z,2015-11-25T00:00:00Z,2024-01-10T00:00:00Z,P 41 21 2,2,2,2,2,Benzoxazepines Achieve Potent Suppression of IL-17 Release in Human T-Helper 17 (TH 17) Cells through an Induced-Fit Binding Mode to the Nuclear Receptor ROR gamma.,10.1002/cmdc.201500432,2016.0,True,False
5APJ,Ligand complex of RORg LBD,experimental,"[""X-RAY DIFFRACTION""]",[2.08],[0.1981],[0.2375],2015-09-16T00:00:00Z,2015-11-25T00:00:00Z,2024-01-10T00:00:00Z,P 41 21 2,2,2,2,2,Benzoxazepines Achieve Potent Suppression of IL-17 Release in Human T-Helper 17 (TH 17) Cells through an Induced-Fit Binding Mode to the Nuclear Receptor ROR gamma.,10.1002/cmdc.201500432,2016.0,True,False
5APK,Ligand complex of RORg LBD,experimental,"[""X-RAY DIFFRACTION""]",[2.1],[0.1962],[0.2241],2015-09-16T00:00:00Z,2015-11-25T00:00:00Z,2024-01-10T00:00:00Z,P 61,2,2,1,3,Benzoxazepines Achieve Potent Suppression of IL-17 Release in Human T-Helper 17 (TH 17) Cells through an Induced-Fit Binding Mode to the Nuclear Receptor ROR gamma.,10.1002/cmdc.201500432,2016.0,True,False
5AVI,"Crystal structure of LXRalpha in complex with tert-butyl benzoate analog, compound 4",experimental,"[""X-RAY DIFFRACTION""]",[2.7],[0.24388],[0.27398],2015-06-16T00:00:00Z,2015-08-26T00:00:00Z,2023-11-08T00:00:00Z,P 4 21 2,2,2,1,4,Discovery and structure-guided optimization of tert-butyl 6-(phenoxymethyl)-3-(trifluoromethyl)benzoates as liver X receptor agonists,10.1016/J.BMCL.2015.07.047,2015.0,True,False
5AVL,"Crystal structure of LXRalpha in complex with tert-butyl benzoate analog, compound 32b",experimental,"[""X-RAY DIFFRACTION""]",[2.8],[0.19211],[0.2427],2015-06-17T00:00:00Z,2015-08-26T00:00:00Z,2023-11-08T00:00:00Z,I 4 2 2,2,2,1,2,Discovery and structure-guided optimization of tert-butyl 6-(phenoxymethyl)-3-(trifluoromethyl)benzoates as liver X receptor agonists,10.1016/J.BMCL.2015.07.047,2015.0,True,False
5AYG,Crystal Structure of the Human ROR gamma Ligand Binding Domain With 3g,experimental,"[""X-RAY DIFFRACTION""]",[2.6],[0.18353],[0.22673],2015-08-20T00:00:00Z,2016-03-02T00:00:00Z,2023-11-08T00:00:00Z,P 61,1,1,1,2,SAR Exploration Guided by LE and Fsp(3): Discovery of a Selective and Orally Efficacious ROR gamma Inhibitor,10.1021/acsmedchemlett.5b00253,2016.0,True,False
5AZT,"Ternary complex of hPPARalpha ligand binding domain, 17-oxoDHA and a SRC1 peptide",experimental,"[""X-RAY DIFFRACTION""]",[3.45],[0.25254],[0.30763],2015-10-23T00:00:00Z,2016-07-06T00:00:00Z,2024-10-30T00:00:00Z,P 41 21 2,2,2,1,3,17-OxoDHA Is a PPAR alpha/gamma Dual Covalent Modifier and Agonist,10.1021/acschembio.6b00338,2016.0,True,False
5AZV,Crystal structure of hPPARgamma ligand binding domain complexed with 17-oxoDHA,experimental,"[""X-RAY DIFFRACTION""]",[2.7],[0.22122],[0.30664],2015-10-23T00:00:00Z,2016-07-06T00:00:00Z,2024-10-23T00:00:00Z,C 1 2 1,1,1,1,2,17-OxoDHA Is a PPAR alpha/gamma Dual Covalent Modifier and Agonist,10.1021/acschembio.6b00338,2016.0,True,False
5C4O,Identification of a Novel Allosteric Binding Site for RORgt Inhibitors,experimental,"[""X-RAY DIFFRACTION""]",[2.24],[0.2258],[0.251],2015-06-18T00:00:00Z,2015-12-16T00:00:00Z,2024-03-06T00:00:00Z,P 61 2 2,1,1,3,1,Identification of an allosteric binding site for ROR gamma t inhibition.,10.1038/ncomms9833,2015.0,True,False
5C4S,Identification of a Novel Allosteric Binding Site for RORgt Inhibitors,experimental,"[""X-RAY DIFFRACTION""]",[2.23],[0.2245],[0.2609],2015-06-18T00:00:00Z,2015-12-16T00:00:00Z,2024-03-06T00:00:00Z,P 61 2 2,1,1,2,1,Identification of an allosteric binding site for ROR gamma t inhibition.,10.1038/ncomms9833,2015.0,True,False
5C4T,Identification of a Novel Allosteric Binding Site for RORgt Inhibitors,experimental,"[""X-RAY DIFFRACTION""]",[1.77],[0.1953],[0.2241],2015-06-18T00:00:00Z,2015-12-16T00:00:00Z,2024-03-06T00:00:00Z,P 61 2 2,1,1,3,1,Identification of an allosteric binding site for ROR gamma t inhibition.,10.1038/ncomms9833,2015.0,True,False
5C4U,Identification of a Novel Allosteric Binding Site for RORgt Inhibitors,experimental,"[""X-RAY DIFFRACTION""]",[2.08],[0.2306],[0.2771],2015-06-18T00:00:00Z,2015-12-16T00:00:00Z,2024-03-06T00:00:00Z,P 61 2 2,1,1,2,1,Identification of an allosteric binding site for ROR gamma t inhibition.,10.1038/ncomms9833,2015.0,True,False
5CBX,AncGR DNA Binding Domain - (+)GRE Complex,experimental,"[""X-RAY DIFFRACTION""]",[2.0],[0.2105],[0.2291],2015-07-01T00:00:00Z,2015-12-23T00:00:00Z,2024-03-06T00:00:00Z,P 1 21 1,3,1,1,8,Distal substitutions drive divergent DNA specificity among paralogous transcription factors through subdivision of conformational space.,10.1073/pnas.1518960113,2016.0,True,False
5CBY,AncGR2 DNA Binding Domain - (+)GRE Complex,experimental,"[""X-RAY DIFFRACTION""]",[1.997],[0.1821],[0.217],2015-07-01T00:00:00Z,2015-12-23T00:00:00Z,2024-03-06T00:00:00Z,C 1 2 1,3,1,1,4,Distal substitutions drive divergent DNA specificity among paralogous transcription factors through subdivision of conformational space.,10.1073/pnas.1518960113,2016.0,True,False
5CBZ,AncMR DNA Binding Domain - (+)GRE Complex,experimental,"[""X-RAY DIFFRACTION""]",[2.2],[0.1959],[0.23],2015-07-01T00:00:00Z,2015-12-23T00:00:00Z,2024-03-06T00:00:00Z,P 1 21 1,3,1,1,8,Distal substitutions drive divergent DNA specificity among paralogous transcription factors through subdivision of conformational space.,10.1073/pnas.1518960113,2016.0,True,False
5CC0,AncSR2 - TSLP nGRE complex,experimental,"[""X-RAY DIFFRACTION""]",[2.405],[0.2143],[0.2372],2015-07-01T00:00:00Z,2015-12-23T00:00:00Z,2024-03-06T00:00:00Z,P 21 21 21,3,1,1,4,Distal substitutions drive divergent DNA specificity among paralogous transcription factors through subdivision of conformational space.,10.1073/pnas.1518960113,2016.0,True,False
5CC1,S425G Glucocorticoid receptor DNA binding domain - (+)GRE complex,experimental,"[""X-RAY DIFFRACTION""]",[2.302],[0.2446],[0.2791],2015-07-01T00:00:00Z,2015-12-23T00:00:00Z,2024-03-06T00:00:00Z,C 1 2 1,3,1,1,8,Distal substitutions drive divergent DNA specificity among paralogous transcription factors through subdivision of conformational space.,10.1073/pnas.1518960113,2016.0,True,False
5CJ6,Crystal Structure of a Selective Androgen Receptor Modulator Bound to the Ligand Binding Domain of the Human Androgen Receptor,experimental,"[""X-RAY DIFFRACTION""]",[2.07],[0.18718],[0.22171],2015-07-14T00:00:00Z,2016-01-06T00:00:00Z,2024-03-06T00:00:00Z,P 21 21 21,2,2,1,2,"2-Chloro-4-[[(1R,2R)-2-hydroxy-2-methyl-cyclopentyl]amino]-3-methyl-benzonitrile: A Transdermal Selective Androgen Receptor Modulator (SARM) for Muscle Atrophy.",10.1021/acs.jmedchem.5b01168,2016.0,True,False
5DI7,"Crystal Structure of the ER-alpha Ligand-binding Domain in complex with an methyl-substituted A-CD ring estrogen derivative (1S,3aR,5S,7aS)-5-(4-hydroxy-2-methylphenyl)-7a-methyloctahydro-1H-inden-1-ol",experimental,"[""X-RAY DIFFRACTION""]",[2.241],[0.1749],[0.2131],2015-08-31T00:00:00Z,2016-05-04T00:00:00Z,2023-09-27T00:00:00Z,P 1 21 1,2,2,1,4,Predictive features of ligand-specific signaling through the estrogen receptor.,10.15252/msb.20156701,2016.0,True,False
5DID,"Crystal Structure of the ER-alpha Ligand-binding Domain in complex with a difluoro-substituted A-CD ring estrogen derivative (1S,3aR,5S,7aS)-5-(2,3-difluoro-4-hydroxyphenyl)-7a-methyloctahydro-1H-inden-1-ol",experimental,"[""X-RAY DIFFRACTION""]",[2.24],[0.1843],[0.2281],2015-08-31T00:00:00Z,2016-05-04T00:00:00Z,2024-03-06T00:00:00Z,P 1 21 1,2,2,1,4,Predictive features of ligand-specific signaling through the estrogen receptor.,10.15252/msb.20156701,2016.0,True,False
5DIE,"Crystal Structure of the ER-alpha Ligand-binding Domain in complex with a trifluoro-substituted A-CD ring estrogen derivative (1S,3aR,5S,7aS)-7a-methyl-5-(2,3,5-trifluoro-4-hydroxyphenyl)octahydro-1H-inden-1-ol",experimental,"[""X-RAY DIFFRACTION""]",[2.24],[0.204],[0.2473],2015-08-31T00:00:00Z,2016-05-04T00:00:00Z,2024-03-06T00:00:00Z,P 1 21 1,2,2,1,4,Predictive features of ligand-specific signaling through the estrogen receptor.,10.15252/msb.20156701,2016.0,True,False
5DIG,"Crystal Structure of the ER-alpha Ligand-binding Domain in complex with a trifluoromethyl-substituted A-CD ring estrogen derivative (1S,3aR,5S,7aS)-5-[4-hydroxy-2-(trifluoromethyl)phenyl]-7a-methyloctahydro-1H-inden-1-ol",experimental,"[""X-RAY DIFFRACTION""]",[2.24],[0.1859],[0.2122],2015-09-01T00:00:00Z,2016-05-04T00:00:00Z,2023-09-27T00:00:00Z,P 1 21 1,2,2,1,4,Predictive features of ligand-specific signaling through the estrogen receptor.,10.15252/msb.20156701,2016.0,True,False
5DK9,"Crystal Structure of the ER-alpha Ligand-binding Domain in complex with a phenylamino-substituted ethyl triaryl-ethylene derivative 4,4'-{2-[3-(phenylamino)phenyl]but-1-ene-1,1-diyl}diphenol",experimental,"[""X-RAY DIFFRACTION""]",[2.28],[0.2044],[0.2377],2015-09-03T00:00:00Z,2016-05-04T00:00:00Z,2023-09-27T00:00:00Z,P 1 21 1,2,2,1,4,Predictive features of ligand-specific signaling through the estrogen receptor.,10.15252/msb.20156701,2016.0,True,False
5DKB,"Crystal Structure of the ER-alpha Ligand-binding Domain in complex with a 3-methylphenylamino-substituted ethyl triaryl-ethylene derivative 4,4'-(2-{3-[(3-methylphenyl)amino]phenyl}but-1-ene-1,1-diyl)diphenol",experimental,"[""X-RAY DIFFRACTION""]",[2.4],[0.1834],[0.2261],2015-09-03T00:00:00Z,2016-05-04T00:00:00Z,2024-03-06T00:00:00Z,P 1 21 1,2,2,1,4,Predictive features of ligand-specific signaling through the estrogen receptor.,10.15252/msb.20156701,2016.0,True,False
5DKE,"Crystal Structure of the ER-alpha Ligand-binding Domain in complex with a 3-naphthyl-substituted, methyl, cis-diaryl-ethylene compound 4,4'-[2-(naphthalen-2-yl)prop-1-ene-1,1-diyl]diphenol",experimental,"[""X-RAY DIFFRACTION""]",[2.6],[0.2153],[0.2627],2015-09-03T00:00:00Z,2016-05-04T00:00:00Z,2024-03-06T00:00:00Z,P 1 21 1,2,2,1,4,Predictive features of ligand-specific signaling through the estrogen receptor.,10.15252/msb.20156701,2016.0,True,False
5DKG,"Crystal Structure of the ER-alpha Ligand-binding Domain in complex with a t-butyl-substituted, methyl, triaryl-ethylene derivative 4,4'-[2-(4-tert-butylphenyl)prop-1-ene-1,1-diyl]diphenol",experimental,"[""X-RAY DIFFRACTION""]",[2.15],[0.1935],[0.2325],2015-09-03T00:00:00Z,2016-05-04T00:00:00Z,2024-03-06T00:00:00Z,P 1 21 1,2,2,1,4,Predictive features of ligand-specific signaling through the estrogen receptor.,10.15252/msb.20156701,2016.0,True,False
5DKS,"Crystal Structure of the ER-alpha Ligand-binding Domain in complex with a 2-naphthylamino-substituted, ethyl, triaryl-ethylene derivative 4,4'-{2-[3-(naphthalen-1-ylamino)phenyl]but-1-ene-1,1-diyl}diphenol",experimental,"[""X-RAY DIFFRACTION""]",[2.6],[0.2133],[0.2597],2015-09-03T00:00:00Z,2016-05-04T00:00:00Z,2023-09-27T00:00:00Z,P 1 21 1,2,2,1,4,Predictive features of ligand-specific signaling through the estrogen receptor.,10.15252/msb.20156701,2016.0,True,False
5DL4,"Crystal Structure of the ER-alpha Ligand-binding Domain in complex with a phenylamino-substituted, methyl, triaryl-ethylene derivative 4,4'-{2-[3-(phenylamino)phenyl]prop-1-ene-1,1-diyl}diphenol",experimental,"[""X-RAY DIFFRACTION""]",[2.1],[0.184],[0.214],2015-09-04T00:00:00Z,2016-05-04T00:00:00Z,2024-03-06T00:00:00Z,P 1 21 1,2,2,1,4,Predictive features of ligand-specific signaling through the estrogen receptor.,10.15252/msb.20156701,2016.0,True,False
5DLR,"Crystal Structure of the ER-alpha Ligand-binding Domain in complex with a triaryl-ethylene compound 4,4'-(2-phenylethene-1,1-diyl)diphenol",experimental,"[""X-RAY DIFFRACTION""]",[2.26],[0.1817],[0.232],2015-09-07T00:00:00Z,2016-05-04T00:00:00Z,2024-03-06T00:00:00Z,P 1 21 1,2,2,1,4,Predictive features of ligand-specific signaling through the estrogen receptor.,10.15252/msb.20156701,2016.0,True,False
5DMC,"Crystal Structure of the ER-alpha Ligand-binding Domain in complex with a nitrile-substituted triaryl-ethylene derivative 3,3-bis(4-hydroxyphenyl)-2-phenylprop-2-enenitrile",experimental,"[""X-RAY DIFFRACTION""]",[2.403],[0.2198],[0.2458],2015-09-08T00:00:00Z,2016-05-04T00:00:00Z,2023-09-27T00:00:00Z,P 1 21 1,2,2,1,4,Predictive features of ligand-specific signaling through the estrogen receptor.,10.15252/msb.20156701,2016.0,True,False
5DMF,"Crystal Structure of the ER-alpha Ligand-binding Domain in complex with a 4-fluorophenylamino-substituted, methyl triaryl-ethylene derivative 4,4'-(2-{3-[(4-fluorophenyl)amino]phenyl}prop-1-ene-1,1-diyl)diphenol",experimental,"[""X-RAY DIFFRACTION""]",[2.4],[0.2147],[0.2541],2015-09-08T00:00:00Z,2016-05-04T00:00:00Z,2024-03-06T00:00:00Z,P 1 21 1,2,2,1,4,Predictive features of ligand-specific signaling through the estrogen receptor.,10.15252/msb.20156701,2016.0,True,False
5DP0,"Crystal Structure of the ER-alpha Ligand-binding Domain in complex with a 4-fluorophenylamino-substituted triaryl-ethylene derivative 4,4'-(2-{3-[(4-fluorophenyl)amino]phenyl}ethene-1,1-diyl)diphenol",experimental,"[""X-RAY DIFFRACTION""]",[2.382],[0.1888],[0.2379],2015-09-11T00:00:00Z,2016-05-04T00:00:00Z,2024-10-23T00:00:00Z,P 1 21 1,2,2,1,4,Predictive features of ligand-specific signaling through the estrogen receptor.,10.15252/msb.20156701,2016.0,True,False
5DRJ,"Crystal Structure of the ER-alpha Ligand-binding Domain in complex with a dichloro-substituted, 3-methyl 2,5-diarylthiophene-core ligand 4,4'-(3-methylthiene-2,5-diyl)bis(3-chlorophenol)",experimental,"[""X-RAY DIFFRACTION""]",[2.07],[0.1848],[0.2223],2015-09-15T00:00:00Z,2016-05-04T00:00:00Z,2023-09-27T00:00:00Z,P 1 21 1,2,2,1,4,Predictive features of ligand-specific signaling through the estrogen receptor.,10.15252/msb.20156701,2016.0,True,False
5DRM,"Crystal Structure of the ER-alpha Ligand-binding Domain in complex with a dichloro-substituted, 2,5-diarylthiophene-core ligand 4,4'-thiene-2,5-diylbis(3-chlorophenol)",experimental,"[""X-RAY DIFFRACTION""]",[2.241],[0.1822],[0.215],2015-09-16T00:00:00Z,2016-05-04T00:00:00Z,2023-09-27T00:00:00Z,P 1 21 1,2,2,1,4,Predictive features of ligand-specific signaling through the estrogen receptor.,10.15252/msb.20156701,2016.0,True,False
5DSH,Human PPARgamma ligand binding dmain complexed with SB1406 in a covalent bonded form,experimental,"[""X-RAY DIFFRACTION""]",[2.95],[0.20477],[0.25743],2015-09-17T00:00:00Z,2016-09-21T00:00:00Z,2024-11-06T00:00:00Z,P 21 21 2,2,2,1,2,Human PPARgamma ligand binding dmain complexed with SB1406 in a covalent bonded form,,,True,False
5DTV,"Crystal Structure of the ER-alpha Ligand-binding Domain in complex with a dimethyl-substituted, 3,4-diarylthiophene dioxide core ligand",experimental,"[""X-RAY DIFFRACTION""]",[2.295],[0.2067],[0.2475],2015-09-18T00:00:00Z,2016-05-04T00:00:00Z,2024-03-06T00:00:00Z,P 1 21 1,2,2,1,4,Predictive features of ligand-specific signaling through the estrogen receptor.,10.15252/msb.20156701,2016.0,True,False
5DU5,"Crystal Structure of the ER-alpha Ligand-binding Domain in complex with a dichloro-substituted, 3,4-diarylthiophene dioxide core ligand",experimental,"[""X-RAY DIFFRACTION""]",[2.195],[0.1988],[0.2497],2015-09-18T00:00:00Z,2016-05-04T00:00:00Z,2023-09-27T00:00:00Z,P 1 21 1,2,2,1,4,Predictive features of ligand-specific signaling through the estrogen receptor.,10.15252/msb.20156701,2016.0,True,False
5DUE,"Crystal Structure of the ER-alpha Ligand-binding Domain in Complex with a para-Hydroxyl-substituted, Sulfoxide-bridged Oxabicyclic Heptene Sulfonate (SOBHS)-2 Analog 4-hydroxyphenyl (1S,2S,4S,5S,6R,7S)-5,6-bis(4-hydroxy-2-methylphenyl)-7-thiabicyclo[2.2.1]heptane-2-sulfonate 7-oxide",experimental,"[""X-RAY DIFFRACTION""]",[2.09],[0.1955],[0.2382],2015-09-18T00:00:00Z,2016-05-04T00:00:00Z,2024-03-06T00:00:00Z,P 1 21 1,2,2,1,4,Predictive features of ligand-specific signaling through the estrogen receptor.,10.15252/msb.20156701,2016.0,True,False
5DUG,"Crystal Structure of the ER-alpha Ligand-binding Domain in Complex with a Sulfoxide-bridged Oxabicyclic Heptene Sulfonate (SOBHS)-2 analog phenyl (1S,2S,4S,7S)-5,6-bis(4-hydroxy-2-methylphenyl)-7-thiabicyclo[2.2.1]hept-5-ene-2-sulfonate 7-oxide",experimental,"[""X-RAY DIFFRACTION""]",[2.252],[0.189],[0.2331],2015-09-18T00:00:00Z,2016-05-04T00:00:00Z,2023-09-27T00:00:00Z,P 1 21 1,2,2,1,4,Predictive features of ligand-specific signaling through the estrogen receptor.,10.15252/msb.20156701,2016.0,True,False
5DUH,"Crystal Structure of the ER-alpha Ligand-binding Domain in Complex with a Sulfoxide-bridged Oxabicyclic Heptene Sulfonate (SOBHS)-3 analog phenyl (1S,2S,4S,7S)-5,6-bis(4-hydroxy-3-methylphenyl)-7-thiabicyclo[2.2.1]hept-5-ene-2-sulfonate 7-oxide",experimental,"[""X-RAY DIFFRACTION""]",[2.24],[0.1912],[0.2391],2015-09-18T00:00:00Z,2016-05-04T00:00:00Z,2023-09-27T00:00:00Z,P 1 21 1,2,2,1,4,Predictive features of ligand-specific signaling through the estrogen receptor.,10.15252/msb.20156701,2016.0,True,False
5DV3,Human PPARgamma ligand binding dmain complexed with SB1405 in a covalent bonded form,experimental,"[""X-RAY DIFFRACTION""]",[2.75],[0.20168],[0.22995],2015-09-21T00:00:00Z,2016-09-21T00:00:00Z,2024-10-16T00:00:00Z,P 21 21 2,2,2,1,2,Human PPARgamma ligand binding dmain complexed with SB1405 in a covalent bonded form,,,True,False
5DV6,Human PPARgamma ligand binding dmain complexed with SB1404 in a covalent bonded form,experimental,"[""X-RAY DIFFRACTION""]",[2.8],[0.20801],[0.24409],2015-09-21T00:00:00Z,2016-09-21T00:00:00Z,2024-11-06T00:00:00Z,P 21 21 2,2,2,1,2,Human PPARgamma ligand binding dmain complexed with SB1404 in a covalent bonded form,,,True,False
5DV8,Human PPARgamma ligand binding dmain complexed with SB1451 in a covalent bonded form,experimental,"[""X-RAY DIFFRACTION""]",[2.75],[0.1916],[0.24311],2015-09-21T00:00:00Z,2016-09-21T00:00:00Z,2024-11-06T00:00:00Z,P 21 21 2,2,2,1,2,Human PPARgamma ligand binding dmain complexed with SB1451 in a covalent bonded form,,,True,False
5DVC,Human PPARgamma ligand binding dmain complexed with SB1453 in a covalent bonded form,experimental,"[""X-RAY DIFFRACTION""]",[2.3],[0.19644],[0.241],2015-09-21T00:00:00Z,2016-09-21T00:00:00Z,2024-10-23T00:00:00Z,P 21 21 2,2,2,1,2,Human PPARgamma ligand binding dmain complexed with SB1453 in a covalent bonded form,,,True,False
5DVS,"Crystal Structure of the ER-alpha Ligand-binding Domain in Complex with a 2-Methyl-substituted Triaryl-imine 4,4'-[(2-methylphenyl)carbonimidoyl]diphenol",experimental,"[""X-RAY DIFFRACTION""]",[2.28],[0.2135],[0.2632],2015-09-21T00:00:00Z,2016-05-04T00:00:00Z,2024-03-06T00:00:00Z,P 1 21 1,2,2,1,4,Predictive features of ligand-specific signaling through the estrogen receptor.,10.15252/msb.20156701,2016.0,True,False
5DVV,"Crystal Structure of the ER-alpha Ligand-binding Domain in Complex with a Triaryl-imine analog 4,4'-(phenylcarbonimidoyl)diphenol",experimental,"[""X-RAY DIFFRACTION""]",[2.505],[0.2197],[0.2576],2015-09-21T00:00:00Z,2016-05-04T00:00:00Z,2023-09-27T00:00:00Z,P 1 21 1,2,2,1,4,Predictive features of ligand-specific signaling through the estrogen receptor.,10.15252/msb.20156701,2016.0,True,False
5DWE,"Crystal Structure of the ER-alpha Ligand-binding Domain in Complex with a 2-Chloro-substituted Triaryl-imine analog 4,4'-[(2-chlorophenyl)carbonimidoyl]diphenol",experimental,"[""X-RAY DIFFRACTION""]",[1.92],[0.1987],[0.2377],2015-09-22T00:00:00Z,2016-05-04T00:00:00Z,2023-09-27T00:00:00Z,P 1 21 1,2,2,1,4,Predictive features of ligand-specific signaling through the estrogen receptor.,10.15252/msb.20156701,2016.0,True,False
5DWG,"Crystal Structure of the ER-alpha Ligand-binding Domain in Complex with the Triaryl-substituted Imine Analog, 4-{(E)-(4-hydroxyphenyl)[(2-methylphenyl)imino]methyl}benzene-1,3-diol",experimental,"[""X-RAY DIFFRACTION""]",[2.3],[0.203],[0.254],2015-09-22T00:00:00Z,2016-05-04T00:00:00Z,2023-09-27T00:00:00Z,P 1 21 1,2,2,1,4,Predictive features of ligand-specific signaling through the estrogen receptor.,10.15252/msb.20156701,2016.0,True,False
5DWI,"Crystal Structure of the ER-alpha Ligand-binding Domain in Complex with a Resorcinyl 2-Chloro-substituted Diaryl-imine analog 4-[(E)-[(2-chlorophenyl)imino](4-hydroxyphenyl)methyl]benzene-1,3-diol",experimental,"[""X-RAY DIFFRACTION""]",[2.43],[0.1892],[0.2308],2015-09-22T00:00:00Z,2016-05-04T00:00:00Z,2023-09-27T00:00:00Z,P 1 21 1,2,2,1,4,Predictive features of ligand-specific signaling through the estrogen receptor.,10.15252/msb.20156701,2016.0,True,False
5DWJ,"Crystal Structure of the ER-alpha Ligand-binding Domain in Complex with a Resorcinyl 4-Fluoro-substituted Diaryl-imine analog 4-[(E)-[(4-fluorophenyl)imino](4-hydroxyphenyl)methyl]benzene-1,3-diol",experimental,"[""X-RAY DIFFRACTION""]",[2.001],[0.2021],[0.232],2015-09-22T00:00:00Z,2016-05-04T00:00:00Z,2023-09-27T00:00:00Z,P 1 21 1,2,2,1,4,Predictive features of ligand-specific signaling through the estrogen receptor.,10.15252/msb.20156701,2016.0,True,False
5DWL,Human PPARgamma ligand binding dmain in complex with SR1664,experimental,"[""X-RAY DIFFRACTION""]",[2.2],[0.20579],[0.23825],2015-09-22T00:00:00Z,2016-09-21T00:00:00Z,2024-03-20T00:00:00Z,P 21 21 2,2,2,1,2,Human PPARgamma ligand binding dmain in complex with SR1664,,,True,False
5DX3,Estrogen Receptor Alpha Ligand Binding Domain Y537S Mutant in Complex with Stapled Peptide SRC2-P3 and Estradiol,experimental,"[""X-RAY DIFFRACTION""]",[2.0903],[0.2098],[0.2571],2015-09-23T00:00:00Z,2016-07-20T00:00:00Z,2023-11-15T00:00:00Z,P 1 21 1,3,3,2,4,Stapled Peptides with gamma-Methylated Hydrocarbon Chains for the Estrogen Receptor/Coactivator Interaction.,10.1002/anie.201510557,2016.0,True,False
5DXB,Estrogen Receptor Alpha Ligand Binding Domain Y537S Mutant in Complex with Stapled Peptide SRC2-P1 and Estradiol,experimental,"[""X-RAY DIFFRACTION""]",[2.08],[0.177],[0.21],2015-09-23T00:00:00Z,2016-07-27T00:00:00Z,2025-04-02T00:00:00Z,P 1 21 1,3,3,3,4,Stapled Peptides with gamma-Methylated Hydrocarbon Chains for the Estrogen Receptor/Coactivator Interaction.,10.1002/anie.201510557,2016.0,True,False
5DXE,Estrogen Receptor Alpha Ligand Binding Domain Y537S Mutant in Complex with Stapled Peptide SRC2-P4 and Estradiol,experimental,"[""X-RAY DIFFRACTION""]",[1.5],[0.178],[0.201],2015-09-23T00:00:00Z,2016-08-03T00:00:00Z,2023-11-15T00:00:00Z,P 1 21 1,2,2,1,4,Stapled Peptides with gamma-Methylated Hydrocarbon Chains for the Estrogen Receptor/Coactivator Interaction.,10.1002/anie.201510557,2016.0,True,False
5DXG,Estrogen Receptor Alpha Ligand Binding Domain Y537S Mutant in Complex with Stapled Peptide SRC2-P5,experimental,"[""X-RAY DIFFRACTION""]",[1.86],[0.167],[0.2],2015-09-23T00:00:00Z,2016-07-27T00:00:00Z,2025-04-02T00:00:00Z,P 1 21 1,2,2,2,4,Stapled Peptides with gamma-Methylated Hydrocarbon Chains for the Estrogen Receptor/Coactivator Interaction.,10.1002/anie.201510557,2016.0,True,False
5DXK,"Crystal Structure of the ER-alpha Ligand-binding Domain in Complex with the Cyclofenil Derivative 4,4'-[(9s)-bicyclo[3.3.1]non-9-ylmethanediyl]diphenol",experimental,"[""X-RAY DIFFRACTION""]",[2.226],[0.1822],[0.2264],2015-09-23T00:00:00Z,2016-05-04T00:00:00Z,2024-03-06T00:00:00Z,P 1 21 1,2,2,1,4,Predictive features of ligand-specific signaling through the estrogen receptor.,10.15252/msb.20156701,2016.0,True,False
5DXM,"Crystal Structure of the ER-alpha Ligand-binding Domain in Complex with the Cyclofenil Derivative 3-[(E)-(1s,5s)-bicyclo[3.3.1]non-9-ylidene(4-hydroxyphenyl)methyl]phenol",experimental,"[""X-RAY DIFFRACTION""]",[2.37],[0.1941],[0.2321],2015-09-23T00:00:00Z,2016-05-04T00:00:00Z,2024-10-30T00:00:00Z,P 1 21 1,2,2,1,4,Predictive features of ligand-specific signaling through the estrogen receptor.,10.15252/msb.20156701,2016.0,True,False
5DXP,"Crystal Structure of the ER-alpha Ligand-binding Domain in Complex with the Cyclofenil Derivative 4-[(E)-(1s,5s)-bicyclo[3.3.1]non-9-ylidene(phenyl)methyl]phenol",experimental,"[""X-RAY DIFFRACTION""]",[2.201],[0.191],[0.2352],2015-09-23T00:00:00Z,2016-05-04T00:00:00Z,2023-09-27T00:00:00Z,P 1 21 1,2,2,1,4,Predictive features of ligand-specific signaling through the estrogen receptor.,10.15252/msb.20156701,2016.0,True,False
5DXQ,"Crystal Structure of the ER-alpha Ligand-binding Domain in Complex with the Cyclofenil Derivative 4,4'-[(1s,5s)-bicyclo[3.3.1]non-9-ylidenemethanediyl]diphenol",experimental,"[""X-RAY DIFFRACTION""]",[2.4],[0.1937],[0.2393],2015-09-23T00:00:00Z,2016-05-04T00:00:00Z,2023-09-27T00:00:00Z,P 1 21 1,2,2,1,4,Predictive features of ligand-specific signaling through the estrogen receptor.,10.15252/msb.20156701,2016.0,True,False
5DXR,"Crystal Structure of the ER-alpha Ligand-binding Domain in Complex with the Cyclofenil Derivative 4,4'-{[(3R)-3-methylcyclohexylidene]methanediyl}diphenol",experimental,"[""X-RAY DIFFRACTION""]",[2.28],[0.1902],[0.2355],2015-09-23T00:00:00Z,2016-05-04T00:00:00Z,2023-09-27T00:00:00Z,P 1 21 1,2,2,1,4,Predictive features of ligand-specific signaling through the estrogen receptor.,10.15252/msb.20156701,2016.0,True,False
5DY8,"Crystal Structure of the ER-alpha Ligand-binding Domain in Complex with the Cyclofenil Derivative 4,4'-{[(3S)-3-ethylcyclohexylidene]methanediyl}diphenol",experimental,"[""X-RAY DIFFRACTION""]",[2.031],[0.1894],[0.2432],2015-09-24T00:00:00Z,2016-05-04T00:00:00Z,2023-09-27T00:00:00Z,P 1 21 1,2,2,1,4,Predictive features of ligand-specific signaling through the estrogen receptor.,10.15252/msb.20156701,2016.0,True,False
5DYB,"Crystal Structure of the ER-alpha Ligand-binding Domain in Complex with the Cyclofenil Derivative 4,4'-(3,4-dihydronaphthalen-2(1H)-ylidenemethanediyl)diphenol",experimental,"[""X-RAY DIFFRACTION""]",[2.27],[0.1782],[0.2384],2015-09-24T00:00:00Z,2016-05-04T00:00:00Z,2023-09-27T00:00:00Z,P 1 21 1,2,2,1,4,Predictive features of ligand-specific signaling through the estrogen receptor.,10.15252/msb.20156701,2016.0,True,False
5DYD,"Crystal Structure of the ER-alpha Ligand-binding Domain in Complex with the Cyclofenil Derivative 4,4'-{[(3S)-3-(methylsulfanyl)cyclohexylidene]methanediyl}diphenol",experimental,"[""X-RAY DIFFRACTION""]",[2.485],[0.2037],[0.2556],2015-09-24T00:00:00Z,2016-05-04T00:00:00Z,2023-09-27T00:00:00Z,P 1 21 1,2,2,1,4,Predictive features of ligand-specific signaling through the estrogen receptor.,10.15252/msb.20156701,2016.0,True,False
5DZ0,"Crystal Structure of the ER-alpha Ligand-binding Domain in Complex with the Cyclofenil Derivative 4,4'-[(4-methylcyclohexylidene)methanediyl]diphenol",experimental,"[""X-RAY DIFFRACTION""]",[2.24],[0.1921],[0.2322],2015-09-25T00:00:00Z,2016-05-04T00:00:00Z,2023-09-27T00:00:00Z,P 1 21 1,2,2,1,4,Predictive features of ligand-specific signaling through the estrogen receptor.,10.15252/msb.20156701,2016.0,True,False
5DZ1,"Crystal Structure of the ER-alpha Ligand-binding Domain in Complex with the Cyclofenil Derivative 4,4'-[(4-ethylcyclohexylidene)methanediyl]diphenol",experimental,"[""X-RAY DIFFRACTION""]",[2.2],[0.1866],[0.239],2015-09-25T00:00:00Z,2016-05-04T00:00:00Z,2023-09-27T00:00:00Z,P 1 21 1,2,2,1,4,Predictive features of ligand-specific signaling through the estrogen receptor.,10.15252/msb.20156701,2016.0,True,False
5DZ3,"Crystal Structure of the ER-alpha Ligand-binding Domain in Complex with the Cyclofenil Derivative 4,4'-{[4-(fluoromethyl)cyclohexylidene]methanediyl}diphenol",experimental,"[""X-RAY DIFFRACTION""]",[2.15],[0.2017],[0.234],2015-09-25T00:00:00Z,2016-05-04T00:00:00Z,2023-09-27T00:00:00Z,P 1 21 1,2,2,1,4,Predictive features of ligand-specific signaling through the estrogen receptor.,10.15252/msb.20156701,2016.0,True,False
5DZH,"Crystal Structure of the ER-alpha Ligand-binding Domain in Complex with the Cyclofenil Derivative 4,4'-{[4-(2-hydroxyethyl)cyclohexylidene]methanediyl}diphenol",experimental,"[""X-RAY DIFFRACTION""]",[2.11],[0.1821],[0.2204],2015-09-25T00:00:00Z,2016-05-04T00:00:00Z,2023-09-27T00:00:00Z,P 1 21 1,2,2,1,4,Predictive features of ligand-specific signaling through the estrogen receptor.,10.15252/msb.20156701,2016.0,True,False
5DZI,"Crystal Structure of the ER-alpha Ligand-binding Domain in Complex with the Cyclofenil Derivative 4,4'-{[(3S)-3-(2-hydroxyethyl)cyclohexylidene]methanediyl}diphenol",experimental,"[""X-RAY DIFFRACTION""]",[1.9],[0.1764],[0.2138],2015-09-25T00:00:00Z,2016-05-04T00:00:00Z,2023-09-27T00:00:00Z,P 1 21 1,2,2,1,4,Predictive features of ligand-specific signaling through the estrogen receptor.,10.15252/msb.20156701,2016.0,True,False
5E0W,"Crystal Structure of the ER-alpha Ligand-binding Domain in Complex with the Cyclofenil Derivative 4,4'-{[(3S)-3-(4-hydroxyphenyl)cyclohexylidene]methanediyl}diphenol",experimental,"[""X-RAY DIFFRACTION""]",[2.0],[0.1929],[0.2255],2015-09-29T00:00:00Z,2016-05-04T00:00:00Z,2023-09-27T00:00:00Z,P 1 21 1,2,2,1,4,Predictive features of ligand-specific signaling through the estrogen receptor.,10.15252/msb.20156701,2016.0,True,False
5E0X,"Crystal Structure of the ER-alpha Ligand-binding Domain in Complex with the Cyclofenil Derivative 4,4'-{[(3S)-3-(4-methoxyphenyl)cyclohexylidene]methanediyl}diphenol",experimental,"[""X-RAY DIFFRACTION""]",[2.014],[0.1989],[0.237],2015-09-29T00:00:00Z,2016-05-04T00:00:00Z,2023-09-27T00:00:00Z,P 1 21 1,2,2,1,4,Predictive features of ligand-specific signaling through the estrogen receptor.,10.15252/msb.20156701,2016.0,True,False
5E14,"Crystal Structure of the ER-alpha Ligand-binding Domain in Complex with the Cyclofenil Derivative 4,4'-{[(3R)-3-phenylcyclohexylidene]methanediyl}diphenol",experimental,"[""X-RAY DIFFRACTION""]",[2.22],[0.2057],[0.255],2015-09-29T00:00:00Z,2016-05-04T00:00:00Z,2023-09-27T00:00:00Z,P 1 21 1,2,2,1,4,Predictive features of ligand-specific signaling through the estrogen receptor.,10.15252/msb.20156701,2016.0,True,False
5E15,"Crystal Structure of the ER-alpha Ligand-binding Domain in Complex with the Cyclofenil Derivative 4,4'-{[4-(2-hydroxyethyl)cyclohexylidene]methanediyl}diphenol",experimental,"[""X-RAY DIFFRACTION""]",[2.1],[0.212],[0.241],2015-09-29T00:00:00Z,2016-05-04T00:00:00Z,2023-09-27T00:00:00Z,P 1 21 1,2,2,1,4,Predictive features of ligand-specific signaling through the estrogen receptor.,10.15252/msb.20156701,2016.0,True,False
5E19,Crystal Structure of the ER-alpha Ligand-binding Domain in Complex with the Cyclofenil Derivative methyl {4-[bis(4-hydroxyphenyl)methylidene]cyclohexyl}acetate,experimental,"[""X-RAY DIFFRACTION""]",[2.24],[0.1938],[0.2329],2015-09-29T00:00:00Z,2016-05-04T00:00:00Z,2023-09-27T00:00:00Z,P 1 21 1,2,2,1,4,Predictive features of ligand-specific signaling through the estrogen receptor.,10.15252/msb.20156701,2016.0,True,False
5E1C,Crystal Structure of the ER-alpha Ligand-binding Domain in Complex with the Cyclofenil Derivative dimethyl {(1S)-3-[bis(4-hydroxyphenyl)methylidene]cyclohexyl}propanedioate,experimental,"[""X-RAY DIFFRACTION""]",[1.98],[0.1782],[0.2145],2015-09-29T00:00:00Z,2016-05-04T00:00:00Z,2023-09-27T00:00:00Z,P 1 21 1,2,2,1,4,Predictive features of ligand-specific signaling through the estrogen receptor.,10.15252/msb.20156701,2016.0,True,False
5E69,Glucocorticoid receptor DNA binding domain - IL8 NF-kB response element complex,experimental,"[""X-RAY DIFFRACTION""]",[1.85],[0.2197],[0.2418],2015-10-09T00:00:00Z,2017-02-08T00:00:00Z,2024-03-06T00:00:00Z,P 21 21 21,3,1,1,4,Cryptic glucocorticoid receptor-binding sites pervade genomic NF-kappa B response elements.,10.1038/s41467-018-03780-1,2018.0,True,False
5E6A,Glucocorticoid receptor DNA binding domain - PLAU NF-kB response element complex,experimental,"[""X-RAY DIFFRACTION""]",[2.197],[0.236],[0.2658],2015-10-09T00:00:00Z,2017-02-08T00:00:00Z,2024-03-06T00:00:00Z,P 21 21 21,3,1,1,4,Cryptic glucocorticoid receptor-binding sites pervade genomic NF-kappa B response elements.,10.1038/s41467-018-03780-1,2018.0,True,False
5E6B,Glucocorticoid receptor DNA binding domain - RELB NF-kB response element complex,experimental,"[""X-RAY DIFFRACTION""]",[2.25],[0.2035],[0.2274],2015-10-09T00:00:00Z,2017-02-08T00:00:00Z,2024-03-06T00:00:00Z,P 21 21 21,3,1,1,4,Cryptic glucocorticoid receptor-binding sites pervade genomic NF-kappa B response elements.,10.1038/s41467-018-03780-1,2018.0,True,False
5E6C,Glucocorticoid receptor DNA binding domain - CCL2 NF-kB response element complex,experimental,"[""X-RAY DIFFRACTION""]",[2.2],[0.2334],[0.2706],2015-10-09T00:00:00Z,2017-02-08T00:00:00Z,2024-03-06T00:00:00Z,P 21 21 21,3,1,1,4,Cryptic glucocorticoid receptor-binding sites pervade genomic NF-kappa B response elements.,10.1038/s41467-018-03780-1,2018.0,True,False
5E6D,Glucocorticoid receptor DNA binding domain - ICAM1 NF-kB response element complex,experimental,"[""X-RAY DIFFRACTION""]",[2.4],[0.2569],[0.2835],2015-10-09T00:00:00Z,2017-02-08T00:00:00Z,2024-03-06T00:00:00Z,P 21 21 21,3,1,1,4,Cryptic glucocorticoid receptor-binding sites pervade genomic NF-kappa B response elements.,10.1038/s41467-018-03780-1,2018.0,True,False
5EC9,Retinoic acid receptor alpha in complex with chiral dihydrobenzofuran benzoic acid 9a and a fragment of the coactivator TIF2,experimental,"[""X-RAY DIFFRACTION""]",[2.3],[0.1609],[0.2142],2015-10-20T00:00:00Z,2016-03-09T00:00:00Z,2024-06-19T00:00:00Z,P 43 21 2,2,2,1,2,Chiral Dihydrobenzofuran Acids Show Potent Retinoid X Receptor-Nuclear Receptor Related 1 Protein Dimer Activation.,10.1021/acs.jmedchem.5b01702,2016.0,True,False
5EGV,"Crystal Structure of the ER-alpha Ligand-binding Domain (Y537S) in Complex the 3,4-diaryl-furan derivative 3-chloranyl-4-[4-(2-chloranyl-4-oxidanyl-phenyl)furan-3-yl]phenol",experimental,"[""X-RAY DIFFRACTION""]",[2.863],[0.2191],[0.2764],2015-10-27T00:00:00Z,2016-05-04T00:00:00Z,2024-03-06T00:00:00Z,P 1 21 1,2,2,1,4,Predictive features of ligand-specific signaling through the estrogen receptor.,10.15252/msb.20156701,2016.0,True,False
5EHJ,"Crystal Structure of the ER-alpha Ligand-binding Domain in Complex with the Cyclofenil Derivative 4,4'-[(4aR,8aR)-octahydronaphthalen-2(1H)-ylidenemethanediyl]diphenol",experimental,"[""X-RAY DIFFRACTION""]",[2.5],[0.2092],[0.2543],2015-10-28T00:00:00Z,2016-05-04T00:00:00Z,2024-03-06T00:00:00Z,P 1 21 1,2,2,1,4,Predictive features of ligand-specific signaling through the estrogen receptor.,10.15252/msb.20156701,2016.0,True,False
5EI1,"Crystal Structure of the ER-alpha Ligand-binding Domain (Y537S) in Complex with the imidazopyridine derivative 2-(4-hydroxyphenyl)-3-iodanyl-imidazo[1,2-a]pyridin-6-ol",experimental,"[""X-RAY DIFFRACTION""]",[2.4],[0.1783],[0.2278],2015-10-29T00:00:00Z,2016-05-04T00:00:00Z,2024-03-06T00:00:00Z,P 1 21 1,2,2,1,4,Predictive features of ligand-specific signaling through the estrogen receptor.,10.15252/msb.20156701,2016.0,True,False
5EIT,"Crystal Structure of the ER-alpha Ligand-binding Domain (Y537S) in Complex with the imidazopyridine derivative 2-(4-hydroxyphenyl)-3-(trifluoromethyl)imidazo[1,2-a]pyridin-6-ol",experimental,"[""X-RAY DIFFRACTION""]",[2.68],[0.1825],[0.2385],2015-10-30T00:00:00Z,2016-05-04T00:00:00Z,2024-03-06T00:00:00Z,P 1 21 1,2,2,1,4,Predictive features of ligand-specific signaling through the estrogen receptor.,10.15252/msb.20156701,2016.0,True,False
5EJV,RORy in complex with T090131718 and Coactivator peptide EBI96,experimental,"[""X-RAY DIFFRACTION""]",[2.58],[0.1793],[0.2308],2015-11-02T00:00:00Z,2016-04-27T00:00:00Z,2023-09-27T00:00:00Z,P 41,2,2,1,4,Discovery of biaryls as ROR gamma inverse agonists by using structure-based design.,10.1016/j.bmcl.2016.03.109,2016.0,True,False
5EMC,Transcription factor GRDBD and smGRE complex,experimental,"[""X-RAY DIFFRACTION""]",[2.3],[0.2248],[0.2609],2015-11-06T00:00:00Z,2016-06-29T00:00:00Z,2024-03-20T00:00:00Z,P 21 21 21,3,1,1,4,The effects of cytosine methylation on general transcription factors,,,True,False
5EMP,Transcription factor GRDBD and mmGRE complex,experimental,"[""X-RAY DIFFRACTION""]",[2.3],[0.1927],[0.238],2015-11-06T00:00:00Z,2016-06-29T00:00:00Z,2024-03-20T00:00:00Z,P 21 21 21,3,1,1,4,The effects of cytosine methylation on general transcription factors,,,True,False
5EMQ,Transcription factor GRDBD and GRE complex,experimental,"[""X-RAY DIFFRACTION""]",[2.3],[0.1999],[0.2243],2015-11-06T00:00:00Z,2016-06-29T00:00:00Z,2024-03-20T00:00:00Z,P 21 21 21,3,1,1,4,The effects of cytosine methylation on general transcription factors,,,True,False
5ETH,RORy in complex with inverse agonist 3.,experimental,"[""X-RAY DIFFRACTION""]",[2.803],[0.2231],[0.2842],2015-11-17T00:00:00Z,2016-04-27T00:00:00Z,2023-09-27T00:00:00Z,C 1 2 1,1,1,1,2,Discovery of biaryls as ROR gamma inverse agonists by using structure-based design.,10.1016/j.bmcl.2016.03.109,2016.0,True,False
5F9B,X-ray crystal structure of PPARgamma in the complex with caulophyllogenin,experimental,"[""X-RAY DIFFRACTION""]",[2.25],[0.2299],[0.2805],2015-12-09T00:00:00Z,2016-06-29T00:00:00Z,2024-01-10T00:00:00Z,C 1 2 1,1,1,1,2,Screening of saponins and sapogenins from Medicago species as potential PPAR gamma agonists and X-ray structure of the complex PPAR gamma /caulophyllogenin.,10.1038/srep27658,2016.0,True,False
5FQP,Selective estrogen receptor downregulator antagonists: Tetrahydroisoquinoline phenols 1.,experimental,"[""X-RAY DIFFRACTION""]",[1.88],[0.20919],[0.23084],2015-12-14T00:00:00Z,2016-02-10T00:00:00Z,2024-05-08T00:00:00Z,P 65 2 2,1,1,1,1,Tetrahydroisoquinoline Phenols: Selective Estrogen Receptor Downregulator Antagonists with Oral Bioavailability in Rat.,10.1021/ACSMEDCHEMLETT.5B00413,2016.0,True,False
5FQR,Selective estrogen receptor downregulator antagonists: Tetrahydroisoquinoline phenols 2.,experimental,"[""X-RAY DIFFRACTION""]",[1.88],[0.21286],[0.23686],2015-12-14T00:00:00Z,2016-02-10T00:00:00Z,2024-05-08T00:00:00Z,P 65 2 2,1,1,1,1,Tetrahydroisoquinoline Phenols: Selective Estrogen Receptor Downregulator Antagonists with Oral Bioavailability in Rat.,10.1021/ACSMEDCHEMLETT.5B00413,2016.0,True,False
5FQS,Selective estrogen receptor downregulator antagonists: Tetrahydroisoquinoline phenols 3.,experimental,"[""X-RAY DIFFRACTION""]",[1.94],[0.18414],[0.22317],2015-12-14T00:00:00Z,2016-02-10T00:00:00Z,2024-05-08T00:00:00Z,P 65 2 2,1,1,1,1,Tetrahydroisoquinoline Phenols: Selective Estrogen Receptor Downregulator Antagonists with Oral Bioavailability in Rat.,10.1021/ACSMEDCHEMLETT.5B00413,2016.0,True,False
5FQT,Selective estrogen receptor downregulator antagonists: Tetrahydroisoquinoline phenols 4.,experimental,"[""X-RAY DIFFRACTION""]",[1.99],[0.1931],[0.23219],2015-12-14T00:00:00Z,2016-02-10T00:00:00Z,2024-05-08T00:00:00Z,P 65 2 2,1,1,1,1,Tetrahydroisoquinoline Phenols: Selective Estrogen Receptor Downregulator Antagonists with Oral Bioavailability in Rat.,10.1021/ACSMEDCHEMLETT.5B00413,2016.0,True,False
5FQV,Selective estrogen receptor downregulator antagonists: Tetrahydroisoquinoline phenols 5.,experimental,"[""X-RAY DIFFRACTION""]",[1.74],[0.1931],[0.2336],2015-12-14T00:00:00Z,2016-02-10T00:00:00Z,2024-05-08T00:00:00Z,P 65 2 2,1,1,1,1,Tetrahydroisoquinoline Phenols: Selective Estrogen Receptor Downregulator Antagonists with Oral Bioavailability in Rat.,10.1021/ACSMEDCHEMLETT.5B00413,2016.0,True,False
5G3J,Discovery of New Selective Glucocorticoid Receptor Agonist Leads,experimental,"[""X-RAY DIFFRACTION""]",[2.4],[0.197],[0.235],2016-04-27T00:00:00Z,2017-02-15T00:00:00Z,2024-01-10T00:00:00Z,P 32 2 1,2,2,3,2,Discovery of New Selective Glucocorticoid Receptor Agonist Leads.,10.1016/J.BMCL.2016.12.047,2017.0,True,False
5G42,Ligand complex of RORg LBD,experimental,"[""X-RAY DIFFRACTION""]",[1.72],[0.185],[0.2124],2016-05-04T00:00:00Z,2016-08-03T00:00:00Z,2024-05-08T00:00:00Z,P 41 21 2,2,2,2,2,Fragment Screening of Rorgammat Using Cocktail Crystallography: Identification of Simultaneous Binding of Multiple Fragments.,10.1002/CMDC.201600242,2016.0,True,False
5G43,Ligand complex of RORg LBD,experimental,"[""X-RAY DIFFRACTION""]",[2.58],[0.1902],[0.2642],2016-05-04T00:00:00Z,2016-08-03T00:00:00Z,2024-05-08T00:00:00Z,P 41 21 2,2,2,1,2,Fragment Screening of Rorgammat Using Cocktail Crystallography: Identification of Simultaneous Binding of Multiple Fragments.,10.1002/CMDC.201600242,2016.0,True,False
5G44,Ligand complex of RORg LBD,experimental,"[""X-RAY DIFFRACTION""]",[1.84],[0.188],[0.2293],2016-05-04T00:00:00Z,2016-08-03T00:00:00Z,2024-05-08T00:00:00Z,P 41 21 2,2,2,5,2,Fragment Screening of Rorgammat Using Cocktail Crystallography: Identification of Simultaneous Binding of Multiple Fragments.,10.1002/CMDC.201600242,2016.0,True,False
5G45,Ligand complex of RORg LBD,experimental,"[""X-RAY DIFFRACTION""]",[2.07],[0.2082],[0.2555],2016-05-04T00:00:00Z,2016-08-03T00:00:00Z,2024-05-08T00:00:00Z,P 41 21 2,2,2,3,2,Fragment Screening of Rorgammat Using Cocktail Crystallography: Identification of Simultaneous Binding of Multiple Fragments.,10.1002/CMDC.201600242,2016.0,True,False
5G46,Ligand complex of RORg LBD,experimental,"[""X-RAY DIFFRACTION""]",[1.76],[0.1857],[0.2169],2016-05-04T00:00:00Z,2016-08-03T00:00:00Z,2024-05-08T00:00:00Z,P 41 21 2,2,2,2,2,Fragment Screening of Rorgammat Using Cocktail Crystallography: Identification of Simultaneous Binding of Multiple Fragments.,10.1002/CMDC.201600242,2016.0,True,False
5G5W,"Structure guided design and discovery of Indazole ethers as highly potent, non-steroidal Glucocorticoid receptor modulators",experimental,"[""X-RAY DIFFRACTION""]",[2.2],[0.179],[0.21],2016-06-08T00:00:00Z,2017-02-15T00:00:00Z,2024-01-10T00:00:00Z,P 32 2 1,2,2,2,2,"Discovery of Indazole Ethers as Novel, Potent, Non-Steroidal Glucocorticoid Receptor Modulators.",10.1016/J.BMCL.2016.10.052,2017.0,True,False
5GS4,Crystal structure of estrogen receptor alpha in complex with a stabilized peptide antagonist,experimental,"[""X-RAY DIFFRACTION""]",[2.4],[0.2251],[0.2815],2016-08-13T00:00:00Z,2017-08-30T00:00:00Z,2025-04-09T00:00:00Z,P 2 21 21,2,2,2,2,Structural Basis of Inhibition of ER alpha-Coactivator Interaction by High-Affinity N-Terminus Isoaspartic Acid Tethered Helical Peptides,10.1021/acs.jmedchem.7b00732,2017.0,True,False
5GT4,"Crystal structure of the human vitamin D receptor ligand binding domain complexed with (1R,2S,3R,5Z,7E,14beta,17alpha)-2-cyanopropoxy-9,10-secocholesta-5,7,10-triene-1,3,25-triol",experimental,"[""X-RAY DIFFRACTION""]",[1.83],[0.1904],[0.2171],2016-08-18T00:00:00Z,2016-11-09T00:00:00Z,2023-11-08T00:00:00Z,P 21 21 21,1,1,1,1,"Crystal structure of the human vitamin D receptor ligand binding domain complexed with (1R,2S,3R,5Z,7E,14beta,17alpha)-2-cyanopropoxy-9,10-secocholesta-5,7,10-triene-1,3,25-triol",,,True,False
5GTN,Human PPARgamma ligand binding dmain complexed with R35,experimental,"[""X-RAY DIFFRACTION""]",[1.85],[0.20462],[0.23165],2016-08-22T00:00:00Z,2017-07-05T00:00:00Z,2023-11-08T00:00:00Z,P 21 21 2,2,2,1,2,Structural basis for differential activities of enantiomeric PPAR gamma agonists: Binding of S35 to the alternate site.,10.1016/j.bbapap.2017.03.008,2017.0,True,False
5GTO,Human PPARgamma ligand binding dmain complexed with S35,experimental,"[""X-RAY DIFFRACTION""]",[2.1],[0.2109],[0.24247],2016-08-22T00:00:00Z,2017-07-05T00:00:00Z,2023-11-08T00:00:00Z,P 21 21 2,2,2,3,2,Structural basis for differential activities of enantiomeric PPAR gamma agonists: Binding of S35 to the alternate site.,10.1016/j.bbapap.2017.03.008,2017.0,True,False
5GTP,The agonist-free structure of human PPARgamma ligand binding domain in the presence of the SRC-1 coactivator peptide,experimental,"[""X-RAY DIFFRACTION""]",[2.35],[0.21066],[0.25809],2016-08-23T00:00:00Z,2017-07-05T00:00:00Z,2023-11-08T00:00:00Z,P 21 21 2,2,2,2,2,Structural basis for differential activities of enantiomeric PPAR gamma agonists: Binding of S35 to the alternate site.,10.1016/j.bbapap.2017.03.008,2017.0,True,False
5GTR,estrogen receptor alpha in complex with a stabilized peptide antagonist 6,experimental,"[""X-RAY DIFFRACTION""]",[2.804],[0.2206],[0.3674],2016-08-23T00:00:00Z,2017-08-30T00:00:00Z,2025-04-09T00:00:00Z,P 2 21 21,2,2,1,2,Structural Basis of Inhibition of ER alpha-Coactivator Interaction by High-Affinity N-Terminus Isoaspartic Acid Tethered Helical Peptides,10.1021/acs.jmedchem.7b00732,2017.0,True,False
5HCV,Identification of Spirooxindole and Dibenzoxazepine Motifs as Potent Mineralocorticoid Receptor Antagonists,experimental,"[""X-RAY DIFFRACTION""]",[2.5],[0.16998],[0.25571],2016-01-04T00:00:00Z,2016-03-09T00:00:00Z,2024-11-13T00:00:00Z,P 31,1,1,2,3,Identification of spirooxindole and dibenzoxazepine motifs as potent mineralocorticoid receptor antagonists.,10.1016/j.bmc.2016.02.014,2016.0,True,False
5HJP,Identification of LXRbeta selective agonists for the treatment of Alzheimer's Disease,experimental,"[""X-RAY DIFFRACTION""]",[2.6],[0.2358],[0.2826],2016-01-13T00:00:00Z,2016-04-06T00:00:00Z,2024-03-06T00:00:00Z,P 21 21 21,2,2,2,4,Identification and in Vivo Evaluation of Liver X Receptor beta-Selective Agonists for the Potential Treatment of Alzheimer's Disease.,10.1021/acs.jmedchem.6b00176,2016.0,True,False
5HJS,Identification of LXRbeta selective agonists for the treatment of Alzheimer's Disease,experimental,"[""X-RAY DIFFRACTION""]",[1.72],[0.2083],[0.2384],2016-01-13T00:00:00Z,2016-04-06T00:00:00Z,2024-03-06T00:00:00Z,P 4 21 2,2,2,2,4,Identification and in Vivo Evaluation of Liver X Receptor beta-Selective Agonists for the Potential Treatment of Alzheimer's Disease.,10.1021/acs.jmedchem.6b00176,2016.0,True,False
5HYK,Crystal structure of the complex PPARalpha/AL26-29,experimental,"[""X-RAY DIFFRACTION""]",[1.83],[0.2112],[0.2618],2016-02-01T00:00:00Z,2016-11-23T00:00:00Z,2024-01-10T00:00:00Z,P 41 21 2,1,1,1,1,Structural basis for PPAR partial or full activation revealed by a novel ligand binding mode.,10.1038/srep34792,2016.0,True,False
5HYR,Estrogen Receptor Alpha Ligand Binding Domain Y537S Mutant in Complex with Stapled Peptide SRC2-SP2 and Estradiol,experimental,"[""X-RAY DIFFRACTION""]",[2.271],[0.2023],[0.252],2016-02-01T00:00:00Z,2016-05-25T00:00:00Z,2023-11-15T00:00:00Z,P 1 21 1,2,2,2,4,Stapled Peptides with gamma-Methylated Hydrocarbon Chains for the Estrogen Receptor/Coactivator Interaction.,10.1002/anie.201510557,2016.0,True,False
5HZC,Crystal structure of the complex PPARgamma/AL26-29,experimental,"[""X-RAY DIFFRACTION""]",[2.0],[0.2243],[0.2695],2016-02-02T00:00:00Z,2016-11-23T00:00:00Z,2024-01-10T00:00:00Z,C 1 2 1,1,1,1,2,Structural basis for PPAR partial or full activation revealed by a novel ligand binding mode.,10.1038/srep34792,2016.0,True,False
5I4V,"Discovery of novel, orally efficacious Liver X Receptor (LXR) beta agonists",experimental,"[""X-RAY DIFFRACTION""]",[2.61],[0.20843],[0.24815],2016-02-12T00:00:00Z,2016-06-29T00:00:00Z,2023-09-27T00:00:00Z,P 21 21 21,2,2,1,4,"Discovery of a Novel, Orally Efficacious Liver X Receptor (LXR) beta Agonist.",10.1021/acs.jmedchem.5b02029,2016.0,True,False
5IAW,Novel natural FXR modulator with a unique binding mode,experimental,"[""X-RAY DIFFRACTION""]",[2.58],[0.1946],[0.2491],2016-02-22T00:00:00Z,2017-03-08T00:00:00Z,2024-03-20T00:00:00Z,P 1 2 1,2,2,1,4,A Novel Class of Natural FXR Modulators with a Unique Mode of Selective Co-regulator Assembly,10.1002/cbic.201700059,2017.0,True,False
5ICK,A unique binding model of FXR LBD with feroline,experimental,"[""X-RAY DIFFRACTION""]",[2.47],[0.2123],[0.2771],2016-02-23T00:00:00Z,2017-03-08T00:00:00Z,2024-03-20T00:00:00Z,P 1 2 1,2,2,1,4,A Novel Class of Natural FXR Modulators with a Unique Mode of Selective Co-regulator Assembly,10.1002/cbic.201700059,2017.0,True,False
5IXK,RORgamma in complex with inverse agonist BIO399.,experimental,"[""X-RAY DIFFRACTION""]",[2.35],[0.211],[0.2631],2016-03-23T00:00:00Z,2016-06-15T00:00:00Z,2023-09-27T00:00:00Z,C 1 2 1,1,1,1,2,Structural determinant for inducing RORgamma specific inverse agonism triggered by a synthetic benzoxazinone ligand.,10.1186/s12900-016-0059-3,2016.0,True,False
5IZ0,RORgamma in complex with agonist BIO592 and Coactivator EBI96,experimental,"[""X-RAY DIFFRACTION""]",[2.635],[0.1994],[0.2553],2016-03-24T00:00:00Z,2016-06-15T00:00:00Z,2024-10-23T00:00:00Z,P 1 21 1,2,2,2,8,Structural determinant for inducing RORgamma specific inverse agonism triggered by a synthetic benzoxazinone ligand.,10.1186/s12900-016-0059-3,2016.0,True,False
5JI0,"PPARgamma-RXRalpha(S427F) heterodimer in complex with SRC-1, rosiglitazone, and 9-cis-retanoic acid",experimental,"[""X-RAY DIFFRACTION""]",[1.98],[0.19206],[0.246],2016-04-21T00:00:00Z,2017-04-26T00:00:00Z,2024-11-20T00:00:00Z,P 21 21 21,3,3,2,4,"PPARgamma-RXRalpha(S427F) heterodimer in complex with SRC-1, rosiglitazone, and 9-cis-retanoic acid",,,True,False
5JJM,Crystal Structure of Homodimeric Androgen Receptor Ligand-Binding Domain bound to DHT and LxxLL peptide,experimental,"[""X-RAY DIFFRACTION""]",[2.15],[0.20116],[0.24312],2016-04-24T00:00:00Z,2017-03-15T00:00:00Z,2024-10-09T00:00:00Z,C 1 2 1,4,4,8,12,Structure of the homodimeric androgen receptor ligand-binding domain.,10.1038/ncomms14388,2017.0,True,False
5JMM,Crystal structure of hERa-LBD (Y537S) in complex with biochanin A,experimental,"[""X-RAY DIFFRACTION""]",[2.1],[0.1654],[0.2161],2016-04-29T00:00:00Z,2017-05-10T00:00:00Z,2024-11-13T00:00:00Z,P 1 21 1,3,3,3,4,Crystal structure of hERa-LBD (Y537S) in complex with biochanin A,,,True,False
5JY3,"CRYSTAL STRUCTURE OF LXRbeta (NUCLEAR RECEPTOR SUBFAMILY 1, GROUP H, MEMBER 2) COMPLEXED WITH BMS-852927",experimental,"[""X-RAY DIFFRACTION""]",[2.4],[0.2254],[0.2678],2016-05-13T00:00:00Z,2016-11-02T00:00:00Z,2024-03-06T00:00:00Z,C 1 2 1,1,1,2,4,Discovery of Highly Potent Liver X Receptor beta Agonists.,10.1021/acsmedchemlett.6b00234,2016.0,True,False
5K13,Crystal structure of the RAR alpha ligand-binding domain in complex with an antagonist,experimental,"[""X-RAY DIFFRACTION""]",[1.85],[0.1945],[0.2223],2016-05-17T00:00:00Z,2016-06-22T00:00:00Z,2023-09-27T00:00:00Z,C 1 2 1,1,1,1,1,Identification of potent and selective retinoic acid receptor gamma (RAR gamma ) antagonists for the treatment of osteoarthritis pain using structure based drug design.,10.1016/j.bmcl.2016.05.056,2016.0,True,False
5K38,Crystal structure of Retinoic acid receptor-related orphan receptor (ROR) gamma ligand binding domain,experimental,"[""X-RAY DIFFRACTION""]",[2.05],[0.18465],[0.20693],2016-05-19T00:00:00Z,2017-05-31T00:00:00Z,2023-09-27T00:00:00Z,P 61,1,1,0,2,Crystal structure of Retinoic acid receptor-related orphan receptor (ROR) gamma ligand binding domain,,,True,False
5K3L,Crystal structure of Retinoic acid receptor-related orphan receptor (ROR) gamma ligand binding domain complex with 444,experimental,"[""X-RAY DIFFRACTION""]",[2.75],[0.2392],[0.2644],2016-05-19T00:00:00Z,2017-05-31T00:00:00Z,2024-03-06T00:00:00Z,P 31,1,1,1,4,Crystal structure of Retinoic acid receptor-related orphan receptor (ROR) gamma ligand binding domain complex with 444,,,True,False
5K3M,Crystal structure of Retinoic acid receptor-related orphan receptor (ROR) gamma ligand binding domain complex with UUA,experimental,"[""X-RAY DIFFRACTION""]",[2.894],[0.2654],[0.295],2016-05-19T00:00:00Z,2017-05-31T00:00:00Z,2024-03-06T00:00:00Z,P 61,1,1,1,2,Crystal structure of Retinoic acid receptor-related orphan receptor (ROR) gamma ligand binding domain complex with UUA,,,True,False
5K3N,Crystal structure of Retinoic acid receptor-related orphan receptor (ROR) gamma ligand binding domain complex with ML209,experimental,"[""X-RAY DIFFRACTION""]",[2.666],[0.2566],[0.2849],2016-05-19T00:00:00Z,2017-05-31T00:00:00Z,2024-03-06T00:00:00Z,P 31,1,1,1,4,Crystal structure of Retinoic acid receptor-related orphan receptor (ROR) gamma ligand binding domain complex with ML209,,,True,False
5K6E,Crystal structure of Retinoic acid receptor-related orphan receptor (ROR) gamma ligand binding domain complex with SBI0654919,experimental,"[""X-RAY DIFFRACTION""]",[2.8],[0.2091],[0.2593],2016-05-24T00:00:00Z,2017-05-31T00:00:00Z,2023-09-27T00:00:00Z,C 2 2 21,1,1,1,2,Crystal structure of Retinoic acid receptor-related orphan receptor (ROR) gamma ligand binding domain complex with SBI0654919,,,True,False
5K74,Crystal structure of Retinoic acid receptor-related orphan receptor (ROR) gamma ligand binding domain complex with SBI0655870,experimental,"[""X-RAY DIFFRACTION""]",[2.75],[0.1714],[0.2161],2016-05-25T00:00:00Z,2017-05-31T00:00:00Z,2024-05-22T00:00:00Z,P 61,1,1,1,2,Crystal structure of Retinoic acid receptor-related orphan receptor (ROR) gamma ligand binding domain complex with SBI0655870,,,True,False
5KCC,Crystal Structure of the ER-alpha Ligand-binding Domain (Y537S) in Complex with Oxabicyclic Heptene Sulfonamide (OBHS-N),experimental,"[""X-RAY DIFFRACTION""]",[2.386],[0.2243],[0.2649],2016-06-06T00:00:00Z,2016-11-16T00:00:00Z,2024-03-06T00:00:00Z,P 1 21 1,2,2,1,4,Full antagonism of the estrogen receptor without a prototypical ligand side chain.,10.1038/nchembio.2236,2017.0,True,False
5KCD,Crystal Structure of the ER-alpha Ligand-binding Domain (Y537S) in Complex with an N-methyl Substituted OBHS-N derivative,experimental,"[""X-RAY DIFFRACTION""]",[1.82],[0.1771],[0.2053],2016-06-06T00:00:00Z,2016-11-16T00:00:00Z,2024-03-06T00:00:00Z,P 1 21 1,2,2,1,4,Full antagonism of the estrogen receptor without a prototypical ligand side chain.,10.1038/nchembio.2236,2017.0,True,False
5KCE,"Crystal Structure of the ER-alpha Ligand-binding Domain (Y537S) in Complex with an N-methyl, 2-chlorobenzyl OBHS-N derivative",experimental,"[""X-RAY DIFFRACTION""]",[1.847],[0.192],[0.2496],2016-06-06T00:00:00Z,2016-11-16T00:00:00Z,2024-03-06T00:00:00Z,P 1 21 1,2,2,1,4,Full antagonism of the estrogen receptor without a prototypical ligand side chain.,10.1038/nchembio.2236,2017.0,True,False
5KCF,"Crystal Structure of the ER-alpha Ligand-binding Domain (Y537S) in Complex with an N-ethyl, 4-methoxybenzyl OBHS-N derivative",experimental,"[""X-RAY DIFFRACTION""]",[2.07],[0.1897],[0.2361],2016-06-06T00:00:00Z,2016-11-16T00:00:00Z,2024-03-06T00:00:00Z,P 1 21 1,2,2,2,4,Full antagonism of the estrogen receptor without a prototypical ligand side chain.,10.1038/nchembio.2236,2017.0,True,False
5KCT,"Crystal Structure of the ER-alpha Ligand-binding Domain (Y537S) in Complex with an N-ethyl, 4-chlorobenzyl OBHS-N derivative",experimental,"[""X-RAY DIFFRACTION""]",[1.6],[0.1837],[0.2124],2016-06-07T00:00:00Z,2016-11-16T00:00:00Z,2024-03-06T00:00:00Z,P 1 21 1,2,2,2,4,Full antagonism of the estrogen receptor without a prototypical ligand side chain.,10.1038/nchembio.2236,2017.0,True,False
5KCU,"Crystal Structure of the ER-alpha Ligand-binding Domain (Y537S) in Complex with an N-ethyl, alpha-naphthyl OBHS-N derivative",experimental,"[""X-RAY DIFFRACTION""]",[2.03],[0.1947],[0.2517],2016-06-07T00:00:00Z,2016-11-16T00:00:00Z,2024-03-06T00:00:00Z,P 1 21 1,2,2,1,4,Full antagonism of the estrogen receptor without a prototypical ligand side chain.,10.1038/nchembio.2236,2017.0,True,False
5KCW,Crystal Structure of the ER-alpha Ligand-binding Domain (Y537S) in Complex with an N-trifluoroethyl OBHS-N derivative,experimental,"[""X-RAY DIFFRACTION""]",[1.905],[0.1897],[0.2455],2016-06-07T00:00:00Z,2016-11-16T00:00:00Z,2024-03-06T00:00:00Z,P 1 21 1,2,2,1,4,Full antagonism of the estrogen receptor without a prototypical ligand side chain.,10.1038/nchembio.2236,2017.0,True,False
5KD9,Crystal Structure of the ER-alpha Ligand-binding Domain (Y537S) in Complex with an N-trifluoroethyl 4-chlorobenzyl OBHS-N derivative,experimental,"[""X-RAY DIFFRACTION""]",[1.78],[0.1835],[0.2126],2016-06-07T00:00:00Z,2016-11-16T00:00:00Z,2024-03-06T00:00:00Z,P 1 21 1,2,2,1,4,Full antagonism of the estrogen receptor without a prototypical ligand side chain.,10.1038/nchembio.2236,2017.0,True,False
5KR9,Crystal Structure of the ER-alpha Ligand-binding Domain (Y537S) in Complex with Coumestrol,experimental,"[""X-RAY DIFFRACTION""]",[2.25],[0.2135],[0.2508],2016-07-07T00:00:00Z,2017-02-15T00:00:00Z,2024-03-06T00:00:00Z,P 1 21 1,2,2,1,4,Systems Structural Biology Analysis of Ligand Effects on ER alpha Predicts Cellular Response to Environmental Estrogens and Anti-hormone Therapies.,10.1016/j.chembiol.2016.11.014,2017.0,True,False
5KRA,Crystal Structure of the ER-alpha Ligand-binding Domain (Y537S) in Complex with DDT and DDE,experimental,"[""X-RAY DIFFRACTION""]",[2.401],[0.2038],[0.2485],2016-07-07T00:00:00Z,2017-02-15T00:00:00Z,2024-03-06T00:00:00Z,P 1 21 1,2,2,2,8,Systems Structural Biology Analysis of Ligand Effects on ER alpha Predicts Cellular Response to Environmental Estrogens and Anti-hormone Therapies.,10.1016/j.chembiol.2016.11.014,2017.0,True,False
5KRC,Crystal Structure of the ER-alpha Ligand-binding Domain (Y537S) in Complex with Zearalenone,experimental,"[""X-RAY DIFFRACTION""]",[2.4],[0.1838],[0.2352],2016-07-07T00:00:00Z,2017-02-15T00:00:00Z,2024-03-06T00:00:00Z,P 1 21 1,2,2,1,4,Systems Structural Biology Analysis of Ligand Effects on ER alpha Predicts Cellular Response to Environmental Estrogens and Anti-hormone Therapies.,10.1016/j.chembiol.2016.11.014,2017.0,True,False
5KRF,"Crystal Structure of the ER-alpha Ligand-binding Domain (Y537S) in Complex with the Dynamic WAY derivative, 1a",experimental,"[""X-RAY DIFFRACTION""]",[2.193],[0.2261],[0.2661],2016-07-07T00:00:00Z,2017-02-15T00:00:00Z,2024-03-06T00:00:00Z,P 1 21 1,2,2,1,4,Systems Structural Biology Analysis of Ligand Effects on ER alpha Predicts Cellular Response to Environmental Estrogens and Anti-hormone Therapies.,10.1016/j.chembiol.2016.11.014,2017.0,True,False
5KRH,Crystal Structure of the ER-alpha Ligand-binding Domain (Y537S) in Complex with 16-benzylidene estrone,experimental,"[""X-RAY DIFFRACTION""]",[2.243],[0.206],[0.2433],2016-07-07T00:00:00Z,2017-02-15T00:00:00Z,2024-03-06T00:00:00Z,P 1 21 1,2,2,1,4,Systems Structural Biology Analysis of Ligand Effects on ER alpha Predicts Cellular Response to Environmental Estrogens and Anti-hormone Therapies.,10.1016/j.chembiol.2016.11.014,2017.0,True,False
5KRI,Crystal Structure of the ER-alpha Ligand-binding Domain (Y537S) in Complex with 16b-benzyl 17b-estradiol,experimental,"[""X-RAY DIFFRACTION""]",[2.247],[0.2045],[0.2203],2016-07-07T00:00:00Z,2017-01-18T00:00:00Z,2024-03-06T00:00:00Z,P 1 21 1,2,2,1,4,Systems Structural Biology Analysis of Ligand Effects on ER alpha Predicts Cellular Response to Environmental Estrogens and Anti-hormone Therapies.,10.1016/j.chembiol.2016.11.014,2017.0,True,False
5KRJ,Crystal Structure of the ER-alpha Ligand-binding Domain (Y537S) in Complex with an a-naphthyl Substituted OBHS derivative,experimental,"[""X-RAY DIFFRACTION""]",[2.7],[0.1895],[0.2355],2016-07-07T00:00:00Z,2017-01-18T00:00:00Z,2024-03-06T00:00:00Z,P 1 21 1,2,2,1,4,Systems Structural Biology Analysis of Ligand Effects on ER alpha Predicts Cellular Response to Environmental Estrogens and Anti-hormone Therapies.,10.1016/j.chembiol.2016.11.014,2017.0,True,False
5KRK,"Crystal Structure of the ER-alpha Ligand-binding Domain (Y537S) in Complex with 4,4'-((5-bromo-2,3-dihydro-1H-inden-1-ylidene)methylene)diphenol",experimental,"[""X-RAY DIFFRACTION""]",[2.391],[0.2045],[0.2319],2016-07-07T00:00:00Z,2017-01-18T00:00:00Z,2024-03-06T00:00:00Z,P 1 21 1,2,2,1,4,Systems Structural Biology Analysis of Ligand Effects on ER alpha Predicts Cellular Response to Environmental Estrogens and Anti-hormone Therapies.,10.1016/j.chembiol.2016.11.014,2017.0,True,False
5KRL,"Crystal Structure of the ER-alpha Ligand-binding Domain (Y537S) in Complex with the A-CD ring estrogen, (1S,7aS)-5-(2-chloro-4-hydroxyphenyl)-7a-methyl-2,3,3a,4,7,7a-hexahydro-1H-inden-1-ol",experimental,"[""X-RAY DIFFRACTION""]",[2.4],[0.1824],[0.2176],2016-07-07T00:00:00Z,2017-01-18T00:00:00Z,2024-03-06T00:00:00Z,P 1 21 1,2,2,1,4,Systems Structural Biology Analysis of Ligand Effects on ER alpha Predicts Cellular Response to Environmental Estrogens and Anti-hormone Therapies.,10.1016/j.chembiol.2016.11.014,2017.0,True,False
5KRM,"Crystal Structure of the ER-alpha Ligand-binding Domain (Y537S) in Complex with the A-CD ring estrogen, (1S,7aS)-5-(2,5-difluoro-4-hydroxyphenyl)-7a-methyl-2,3,3a,4,7,7a-hexahydro-1H-inden-1-ol",experimental,"[""X-RAY DIFFRACTION""]",[2.24],[0.1707],[0.2131],2016-07-07T00:00:00Z,2017-01-18T00:00:00Z,2024-03-06T00:00:00Z,P 1 21 1,2,2,1,4,Systems Structural Biology Analysis of Ligand Effects on ER alpha Predicts Cellular Response to Environmental Estrogens and Anti-hormone Therapies.,10.1016/j.chembiol.2016.11.014,2017.0,True,False
5KRO,"Crystal Structure of the ER-alpha Ligand-binding Domain (Y537S) in Complex with the Methyl(phenyl)amino-substituted Estrogen, (8R,9S,13S,14S,17S)-13-methyl-17-(methyl(phenyl)amino)-7,8,9,11,12,13,14,15,16,17-decahydro-6H-cyclopenta[a]phenanthren-3-ol",experimental,"[""X-RAY DIFFRACTION""]",[2.1],[0.1953],[0.2281],2016-07-07T00:00:00Z,2017-01-18T00:00:00Z,2024-03-06T00:00:00Z,P 1 21 1,2,2,1,4,Systems Structural Biology Analysis of Ligand Effects on ER alpha Predicts Cellular Response to Environmental Estrogens and Anti-hormone Therapies.,10.1016/j.chembiol.2016.11.014,2017.0,True,False
5KYA,"Brain penetrant liver X receptor (LXR) modulators based on a 2,4,5,6-tetrahydropyrrolo[3,4-c]pyrazole core",experimental,"[""X-RAY DIFFRACTION""]",[2.598],[0.19679],[0.24851],2016-07-21T00:00:00Z,2016-09-21T00:00:00Z,2024-03-06T00:00:00Z,P 21 21 21,2,2,1,4,"Brain penetrant liver X receptor (LXR) modulators based on a 2,4,5,6-tetrahydropyrrolo[3,4-c]pyrazole core.",10.1016/j.bmcl.2016.08.089,2016.0,True,False
5KYJ,"Brain penetrant liver X receptor (LXR) modulators based on a 2,4,5,6-tetrahydropyrrolo[3,4-c]pyrazole core",experimental,"[""X-RAY DIFFRACTION""]",[2.8],[0.19865],[0.2528],2016-07-21T00:00:00Z,2016-09-21T00:00:00Z,2023-10-04T00:00:00Z,P 21 21 21,2,2,1,4,"Brain penetrant liver X receptor (LXR) modulators based on a 2,4,5,6-tetrahydropyrrolo[3,4-c]pyrazole core.",10.1016/j.bmcl.2016.08.089,2016.0,True,False
5L0M,hLRH-1 DNA Binding Domain - 12bp Oct4 promoter complex,experimental,"[""X-RAY DIFFRACTION""]",[2.197],[0.1535],[0.197],2016-07-27T00:00:00Z,2016-11-09T00:00:00Z,2023-10-04T00:00:00Z,P 43,3,1,2,3,"A Structural Investigation into Oct4 Regulation by Orphan Nuclear Receptors, Germ Cell Nuclear Factor (GCNF), and Liver Receptor Homolog-1 (LRH-1).",10.1016/j.jmb.2016.10.025,2016.0,True,False
5L11,Human Liver Receptor Homologue-1 (LRH-1) Bound to RJW100 and a Fragment of TIF-2,experimental,"[""X-RAY DIFFRACTION""]",[1.849],[0.198],[0.2413],2016-07-28T00:00:00Z,2016-10-12T00:00:00Z,2023-10-04T00:00:00Z,P 43 21 2,2,2,1,2,"Crystal Structures of the Nuclear Receptor, Liver Receptor Homolog 1, Bound to Synthetic Agonists.",10.1074/jbc.M116.753541,2016.0,True,False
5L7E,MCR IN COMPLEX WITH ligand,experimental,"[""X-RAY DIFFRACTION""]",[1.86],[0.1797],[0.1973],2016-06-03T00:00:00Z,2016-12-07T00:00:00Z,2024-05-08T00:00:00Z,P 21 21 21,2,2,5,2,Structure-Based Drug Design of Mineralocorticoid Receptor Antagonists to Explore Oxosteroid Receptor Selectivity.,10.1002/cmdc.201600529,2017.0,True,False
5L7G,MCR IN COMPLEX WITH ligand,experimental,"[""X-RAY DIFFRACTION""]",[2.01],[0.2072],[0.2434],2016-06-03T00:00:00Z,2016-12-07T00:00:00Z,2024-05-08T00:00:00Z,P 21 21 21,2,2,2,2,Structure-Based Drug Design of Mineralocorticoid Receptor Antagonists to Explore Oxosteroid Receptor Selectivity.,10.1002/cmdc.201600529,2017.0,True,False
5L7H,MCR IN COMPLEX WITH ligand,experimental,"[""X-RAY DIFFRACTION""]",[1.84],[0.1936],[0.2243],2016-06-03T00:00:00Z,2016-12-07T00:00:00Z,2024-05-08T00:00:00Z,P 21 21 21,2,2,2,2,Structure-Based Drug Design of Mineralocorticoid Receptor Antagonists to Explore Oxosteroid Receptor Selectivity.,10.1002/cmdc.201600529,2017.0,True,False
5LSG,PPARgamma complex with the betulinic acid,experimental,"[""X-RAY DIFFRACTION""]",[2.0],[0.2266],[0.2643],2016-08-26T00:00:00Z,2017-08-09T00:00:00Z,2024-01-17T00:00:00Z,C 1 2 1,1,1,1,2,"Betulinic acid is a PPAR gamma antagonist that improves glucose uptake, promotes osteogenesis and inhibits adipogenesis.",10.1038/s41598-017-05666-6,2017.0,True,False
5LWP,Discovery of phenoxyindazoles and phenylthioindazoles as RORg inverse agonists,experimental,"[""X-RAY DIFFRACTION""]",[2.4],[0.2001],[0.2533],2016-09-19T00:00:00Z,2016-11-16T00:00:00Z,2024-11-20T00:00:00Z,H 3 2,1,1,1,1,Discovery of phenoxyindazoles and phenylthioindazoles as ROR gamma inverse agonists.,10.1016/j.bmcl.2016.10.023,2016.0,True,False
5LYQ,Crystal structure of the Retinoic Acid Receptor alpha in complex with a synthetic spiroketal agonist and a fragment of the TIF2 co-activator.,experimental,"[""X-RAY DIFFRACTION""]",[2.17],[0.212],[0.2529],2016-09-28T00:00:00Z,2017-04-26T00:00:00Z,2024-01-17T00:00:00Z,P 43 21 2,2,2,1,2,Designed Spiroketal Protein Modulation.,10.1002/anie.201612504,2017.0,True,False
5M24,RARg mutant-S371E,experimental,"[""X-RAY DIFFRACTION""]",[1.69],[0.19444],[0.23361],2016-10-11T00:00:00Z,2017-09-20T00:00:00Z,2024-01-17T00:00:00Z,P 41 21 2,1,1,3,1,Allosteric Regulation in the Ligand Binding Domain of Retinoic Acid Receptor gamma.,10.1371/journal.pone.0171043,2017.0,True,False
5M96,Synthesis and biological evaluation of new triazolo and imidazolopyridine RORgt inverse agonists,experimental,"[""X-RAY DIFFRACTION""]",[1.77],[0.1921],[0.2078],2016-10-31T00:00:00Z,2016-12-14T00:00:00Z,2024-05-08T00:00:00Z,P 61,1,1,1,2,Synthesis and Biological Evaluation of New Triazolo- and Imidazolopyridine ROR gamma t Inverse Agonists.,10.1002/cmdc.201600500,2016.0,True,False
5MJ5,Crystal structure of the Retinoid X Receptor alpha in complex with synthetichonokiol derivative 3 and a fragment of the TIF2 co-activator.,experimental,"[""X-RAY DIFFRACTION""]",[1.9],[0.1966],[0.2428],2016-11-30T00:00:00Z,2017-11-08T00:00:00Z,2024-01-17T00:00:00Z,P 43 21 2,2,2,1,2,Ligand Dependent Switch from RXR Homo- to RXR-NURR1 Heterodimerization.,10.1021/acschemneuro.7b00216,2017.0,True,False
5MK4,Crystal structure of the Retinoid X Receptor alpha in complex with synthetic honokiol derivative 7 and a fragment of the TIF2 co-activator.,experimental,"[""X-RAY DIFFRACTION""]",[2.0],[0.1707],[0.2287],2016-12-02T00:00:00Z,2017-11-08T00:00:00Z,2024-01-17T00:00:00Z,P 21 21 21,2,2,2,4,Ligand Dependent Switch from RXR Homo- to RXR-NURR1 Heterodimerization.,10.1021/acschemneuro.7b00216,2017.0,True,False
5MKJ,Crystal structure of the Retinoid X Receptor alpha in complex with synthetic honokiol derivative 9 and a fragment of the TIF2 co-activator.,experimental,"[""X-RAY DIFFRACTION""]",[2.5],[0.1927],[0.2447],2016-12-05T00:00:00Z,2017-11-08T00:00:00Z,2024-01-17T00:00:00Z,P 43 21 2,2,2,1,2,Ligand Dependent Switch from RXR Homo- to RXR-NURR1 Heterodimerization.,10.1021/acschemneuro.7b00216,2017.0,True,False
5MKU,Crystal structure of the Retinoid X Receptor alpha in complex with synthetic honokiol derivative 4 and a fragment of the TIF2 co-activator.,experimental,"[""X-RAY DIFFRACTION""]",[1.78],[0.148],[0.1772],2016-12-05T00:00:00Z,2017-11-08T00:00:00Z,2024-01-17T00:00:00Z,P 32 2 1,2,2,1,2,Ligand Dependent Switch from RXR Homo- to RXR-NURR1 Heterodimerization.,10.1021/acschemneuro.7b00216,2017.0,True,False
5MMW,Crystal structure of the Retinoid X Receptor alpha in complex with synthetic honokiol derivative 6 and a fragment of the TIF2 co-activator.,experimental,"[""X-RAY DIFFRACTION""]",[2.7],[0.1997],[0.2529],2016-12-12T00:00:00Z,2017-11-08T00:00:00Z,2024-01-17T00:00:00Z,P 43 21 2,2,2,1,2,Ligand Dependent Switch from RXR Homo- to RXR-NURR1 Heterodimerization.,10.1021/acschemneuro.7b00216,2017.0,True,False
5MWP,The structure of MR in complex with AZD9977.,experimental,"[""X-RAY DIFFRACTION""]",[1.82],[0.21],[0.242],2017-01-19T00:00:00Z,2018-03-07T00:00:00Z,2024-01-17T00:00:00Z,P 21 21 21,2,2,1,2,Preclinical pharmacology of AZD9977: A novel mineralocorticoid receptor modulator separating organ protection from effects on electrolyte excretion.,10.1371/journal.pone.0193380,2018.0,True,False
5MWY,The structure of MR in complex with eplerenone.,experimental,"[""X-RAY DIFFRACTION""]",[1.75],[0.229],[0.245],2017-01-20T00:00:00Z,2018-03-07T00:00:00Z,2024-01-17T00:00:00Z,P 21 21 21,2,2,1,2,Preclinical pharmacology of AZD9977: A novel mineralocorticoid receptor modulator separating organ protection from effects on electrolyte excretion.,10.1371/journal.pone.0193380,2018.0,True,False
5N10,Cucurbit[8]uril and 14-3-3 based binary bivalent supramolecular-protein assembly platform,experimental,"[""X-RAY DIFFRACTION""]",[1.6],[0.1696],[0.1935],2017-02-04T00:00:00Z,2017-05-24T00:00:00Z,2024-11-06T00:00:00Z,C 1 2 1,3,3,2,5,A Binary Bivalent Supramolecular Assembly Platform Based on Cucurbit[8]uril and Dimeric Adapter Protein 14-3-3.,10.1002/anie.201701807,2017.0,True,False
5NFP,Glucocorticoid Receptor in complex with budesonide,experimental,"[""X-RAY DIFFRACTION""]",[2.1],[0.19],[0.202],2017-03-15T00:00:00Z,2017-10-04T00:00:00Z,2024-01-17T00:00:00Z,P 32 2 1,2,2,4,2,Selective Nonsteroidal Glucocorticoid Receptor Modulators for the Inhaled Treatment of Pulmonary Diseases.,10.1021/acs.jmedchem.7b01215,2017.0,True,False
5NFT,Glucocorticoid Receptor in complex with AZD5423,experimental,"[""X-RAY DIFFRACTION""]",[2.3],[0.186],[0.215],2017-03-15T00:00:00Z,2017-10-04T00:00:00Z,2024-01-17T00:00:00Z,P 32 2 1,2,2,2,2,Selective Nonsteroidal Glucocorticoid Receptor Modulators for the Inhaled Treatment of Pulmonary Diseases.,10.1021/acs.jmedchem.7b01215,2017.0,True,False
5NI5,Ligand complex of RORg LBD,experimental,"[""X-RAY DIFFRACTION""]",[2.3],[0.2225],[0.265],2017-03-23T00:00:00Z,2018-08-22T00:00:00Z,2024-01-17T00:00:00Z,P 41 21 2,2,2,2,2,Potent and Orally Bioavailable Inverse Agonists of ROR gamma t Resulting from Structure-Based Design.,10.1021/acs.jmedchem.8b00783,2018.0,True,False
5NI7,Ligand complex of RORg LBD,experimental,"[""X-RAY DIFFRACTION""]",[2.45],[0.212],[0.258],2017-03-23T00:00:00Z,2018-08-22T00:00:00Z,2024-01-17T00:00:00Z,P 41 21 2,2,2,3,2,Potent and Orally Bioavailable Inverse Agonists of ROR gamma t Resulting from Structure-Based Design.,10.1021/acs.jmedchem.8b00783,2018.0,True,False
5NI8,Ligand complex of RORg LBD,experimental,"[""X-RAY DIFFRACTION""]",[1.94],[0.2361],[0.262],2017-03-23T00:00:00Z,2018-08-22T00:00:00Z,2024-01-17T00:00:00Z,P 41 21 2,2,2,2,2,Potent and Orally Bioavailable Inverse Agonists of ROR gamma t Resulting from Structure-Based Design.,10.1021/acs.jmedchem.8b00783,2018.0,True,False
5NIB,Ligand complex of RORg LBD,experimental,"[""X-RAY DIFFRACTION""]",[1.82],[0.1922],[0.2268],2017-03-23T00:00:00Z,2018-08-22T00:00:00Z,2024-01-17T00:00:00Z,P 41 21 2,2,2,3,2,Potent and Orally Bioavailable Inverse Agonists of ROR gamma t Resulting from Structure-Based Design.,10.1021/acs.jmedchem.8b00783,2018.0,True,False
5NTI,Structural states of RORgt: X-ray elucidation of molecular mechanisms and binding interactions for natural and synthetic compounds,experimental,"[""X-RAY DIFFRACTION""]",[2.4],[0.1992],[0.2328],2017-04-28T00:00:00Z,2017-06-21T00:00:00Z,2024-05-01T00:00:00Z,P 1 21 1,2,2,1,8,Structural States of ROR gamma t: X-ray Elucidation of Molecular Mechanisms and Binding Interactions for Natural and Synthetic Compounds.,10.1002/cmdc.201700278,2017.0,True,False
5NTK,Structural states of RORgt: X-ray elucidation of molecular mechanisms and binding interactions for natural and synthetic compounds,experimental,"[""X-RAY DIFFRACTION""]",[1.9],[0.2147],[0.2459],2017-04-28T00:00:00Z,2017-06-21T00:00:00Z,2024-01-17T00:00:00Z,P 21 21 2,1,1,1,2,Structural States of ROR gamma t: X-ray Elucidation of Molecular Mechanisms and Binding Interactions for Natural and Synthetic Compounds.,10.1002/cmdc.201700278,2017.0,True,False
5NTN,Structural states of RORgt: X-ray elucidation of molecular mechanisms and binding interactions for natural and synthetic compounds,experimental,"[""X-RAY DIFFRACTION""]",[1.9],[0.2],[0.2253],2017-04-28T00:00:00Z,2017-06-21T00:00:00Z,2024-01-17T00:00:00Z,P 1 21 1,2,2,1,8,Structural States of ROR gamma t: X-ray Elucidation of Molecular Mechanisms and Binding Interactions for Natural and Synthetic Compounds.,10.1002/cmdc.201700278,2017.0,True,False
5NTP,Structural states of RORgt: X-ray elucidation of molecular mechanisms and binding interactions for natural and synthetic compounds,experimental,"[""X-RAY DIFFRACTION""]",[1.7],[0.1935],[0.2274],2017-04-28T00:00:00Z,2017-06-21T00:00:00Z,2024-01-17T00:00:00Z,C 2 2 21,1,1,1,1,Structural States of ROR gamma t: X-ray Elucidation of Molecular Mechanisms and Binding Interactions for Natural and Synthetic Compounds.,10.1002/cmdc.201700278,2017.0,True,False
5NTQ,Structural states of RORgt: X-ray elucidation of molecular mechanisms and binding interactions for natural and synthetic compounds,experimental,"[""X-RAY DIFFRACTION""]",[2.26],[0.2383],[0.257],2017-04-28T00:00:00Z,2017-06-21T00:00:00Z,2024-01-17T00:00:00Z,P 61,1,1,1,2,Structural States of ROR gamma t: X-ray Elucidation of Molecular Mechanisms and Binding Interactions for Natural and Synthetic Compounds.,10.1002/cmdc.201700278,2017.0,True,False
5NTW,Structural states of RORgt: X-ray elucidation of molecular mechanisms and binding interactions for natural and synthetic compounds,experimental,"[""X-RAY DIFFRACTION""]",[1.64],[0.1998],[0.2223],2017-04-28T00:00:00Z,2017-06-21T00:00:00Z,2024-01-17T00:00:00Z,P 1 21 1,2,2,1,8,Structural States of ROR gamma t: X-ray Elucidation of Molecular Mechanisms and Binding Interactions for Natural and Synthetic Compounds.,10.1002/cmdc.201700278,2017.0,True,False
5NU1,Structural states of RORgt: X-ray elucidation of molecular mechanisms and binding interactions for natural and synthetic compounds,experimental,"[""X-RAY DIFFRACTION""]",[1.85],[0.235],[0.2561],2017-04-28T00:00:00Z,2017-06-21T00:00:00Z,2024-01-17T00:00:00Z,P 1 21 1,2,2,1,4,Structural States of ROR gamma t: X-ray Elucidation of Molecular Mechanisms and Binding Interactions for Natural and Synthetic Compounds.,10.1002/cmdc.201700278,2017.0,True,False
5Q0I,Ligand binding to FARNESOID-X-RECEPTOR,experimental,"[""X-RAY DIFFRACTION""]",[1.7],[0.185],[0.226],2017-05-31T00:00:00Z,2017-07-05T00:00:00Z,2024-05-22T00:00:00Z,P 21 21 21,2,2,1,2,"D3R Grand Challenge 2: blind prediction of protein-ligand poses, affinity rankings, and relative binding free energies.",10.1007/s10822-017-0088-4,2018.0,True,False
5Q0J,Ligand binding to FARNESOID-X-RECEPTOR,experimental,"[""X-RAY DIFFRACTION""]",[2.0],[0.1945],[0.2471],2017-05-31T00:00:00Z,2017-07-05T00:00:00Z,2024-11-06T00:00:00Z,C 2 2 21,2,2,1,4,"D3R Grand Challenge 2: blind prediction of protein-ligand poses, affinity rankings, and relative binding free energies.",10.1007/s10822-017-0088-4,2018.0,True,False
5Q0K,Ligand binding to FARNESOID-X-RECEPTOR,experimental,"[""X-RAY DIFFRACTION""]",[1.8],[0.21],[0.271],2017-05-31T00:00:00Z,2017-07-05T00:00:00Z,2024-05-22T00:00:00Z,P 65,2,2,0,2,"D3R Grand Challenge 2: blind prediction of protein-ligand poses, affinity rankings, and relative binding free energies.",10.1007/s10822-017-0088-4,2018.0,True,False
5Q0L,Ligand binding to FARNESOID-X-RECEPTOR,experimental,"[""X-RAY DIFFRACTION""]",[2.5],[0.209],[0.263],2017-05-31T00:00:00Z,2017-07-05T00:00:00Z,2024-10-30T00:00:00Z,C 2 2 21,2,2,1,4,"D3R Grand Challenge 2: blind prediction of protein-ligand poses, affinity rankings, and relative binding free energies.",10.1007/s10822-017-0088-4,2018.0,True,False
5Q0M,Ligand binding to FARNESOID-X-RECEPTOR,experimental,"[""X-RAY DIFFRACTION""]",[2.2],[0.1831],[0.2615],2017-05-31T00:00:00Z,2017-07-05T00:00:00Z,2024-05-22T00:00:00Z,P 65,2,2,1,2,"D3R Grand Challenge 2: blind prediction of protein-ligand poses, affinity rankings, and relative binding free energies.",10.1007/s10822-017-0088-4,2018.0,True,False
5Q0N,Ligand binding to FARNESOID-X-RECEPTOR,experimental,"[""X-RAY DIFFRACTION""]",[2.4],[0.188],[0.226],2017-05-31T00:00:00Z,2017-07-05T00:00:00Z,2024-11-06T00:00:00Z,C 2 2 21,2,2,1,4,"D3R Grand Challenge 2: blind prediction of protein-ligand poses, affinity rankings, and relative binding free energies.",10.1007/s10822-017-0088-4,2018.0,True,False
5Q0O,Ligand binding to FARNESOID-X-RECEPTOR,experimental,"[""X-RAY DIFFRACTION""]",[1.9],[0.191],[0.222],2017-05-31T00:00:00Z,2017-07-05T00:00:00Z,2024-05-22T00:00:00Z,C 2 2 21,2,2,2,4,"D3R Grand Challenge 2: blind prediction of protein-ligand poses, affinity rankings, and relative binding free energies.",10.1007/s10822-017-0088-4,2018.0,True,False
5Q0P,Ligand binding to FARNESOID-X-RECEPTOR,experimental,"[""X-RAY DIFFRACTION""]",[1.8],[0.223],[0.254],2017-05-31T00:00:00Z,2017-07-05T00:00:00Z,2024-05-22T00:00:00Z,C 2 2 21,2,2,1,4,"D3R Grand Challenge 2: blind prediction of protein-ligand poses, affinity rankings, and relative binding free energies.",10.1007/s10822-017-0088-4,2018.0,True,False
5Q0Q,Ligand binding to FARNESOID-X-RECEPTOR,experimental,"[""X-RAY DIFFRACTION""]",[2.6],[0.246],[0.295],2017-05-31T00:00:00Z,2017-07-05T00:00:00Z,2024-05-22T00:00:00Z,P 21 21 2,2,2,1,4,"D3R Grand Challenge 2: blind prediction of protein-ligand poses, affinity rankings, and relative binding free energies.",10.1007/s10822-017-0088-4,2018.0,True,False
5Q0R,Ligand binding to FARNESOID-X-RECEPTOR,experimental,"[""X-RAY DIFFRACTION""]",[1.91],[0.208],[0.244],2017-05-31T00:00:00Z,2017-07-05T00:00:00Z,2024-05-22T00:00:00Z,P 65,2,2,1,2,"D3R Grand Challenge 2: blind prediction of protein-ligand poses, affinity rankings, and relative binding free energies.",10.1007/s10822-017-0088-4,2018.0,True,False
5Q0S,Ligand binding to FARNESOID-X-RECEPTOR,experimental,"[""X-RAY DIFFRACTION""]",[2.5],[0.195],[0.26],2017-05-31T00:00:00Z,2017-07-05T00:00:00Z,2024-05-22T00:00:00Z,C 2 2 21,2,2,1,4,"D3R Grand Challenge 2: blind prediction of protein-ligand poses, affinity rankings, and relative binding free energies.",10.1007/s10822-017-0088-4,2018.0,True,False
5Q0T,Ligand binding to FARNESOID-X-RECEPTOR,experimental,"[""X-RAY DIFFRACTION""]",[2.14],[0.191],[0.259],2017-05-31T00:00:00Z,2017-07-05T00:00:00Z,2024-05-22T00:00:00Z,P 65,2,2,1,2,"D3R Grand Challenge 2: blind prediction of protein-ligand poses, affinity rankings, and relative binding free energies.",10.1007/s10822-017-0088-4,2018.0,True,False
5Q0U,Ligand binding to FARNESOID-X-RECEPTOR,experimental,"[""X-RAY DIFFRACTION""]",[1.9],[0.196],[0.218],2017-05-31T00:00:00Z,2017-07-05T00:00:00Z,2024-05-22T00:00:00Z,C 2 2 21,2,2,1,4,"D3R Grand Challenge 2: blind prediction of protein-ligand poses, affinity rankings, and relative binding free energies.",10.1007/s10822-017-0088-4,2018.0,True,False
5Q0V,Ligand binding to FARNESOID-X-RECEPTOR,experimental,"[""X-RAY DIFFRACTION""]",[1.87],[0.216],[0.238],2017-05-31T00:00:00Z,2017-07-05T00:00:00Z,2024-11-13T00:00:00Z,C 2 2 21,2,2,1,4,"D3R Grand Challenge 2: blind prediction of protein-ligand poses, affinity rankings, and relative binding free energies.",10.1007/s10822-017-0088-4,2018.0,True,False
5Q0W,Ligand binding to FARNESOID-X-RECEPTOR,experimental,"[""X-RAY DIFFRACTION""]",[1.9],[0.208],[0.254],2017-05-31T00:00:00Z,2017-07-05T00:00:00Z,2024-05-22T00:00:00Z,P 65,2,2,1,2,"D3R Grand Challenge 2: blind prediction of protein-ligand poses, affinity rankings, and relative binding free energies.",10.1007/s10822-017-0088-4,2018.0,True,False
5Q0X,Ligand binding to FARNESOID-X-RECEPTOR,experimental,"[""X-RAY DIFFRACTION""]",[2.26],[0.176],[0.233],2017-05-31T00:00:00Z,2017-07-05T00:00:00Z,2024-05-22T00:00:00Z,P 65,2,2,1,2,"D3R Grand Challenge 2: blind prediction of protein-ligand poses, affinity rankings, and relative binding free energies.",10.1007/s10822-017-0088-4,2018.0,True,False
5Q0Y,Ligand binding to FARNESOID-X-RECEPTOR,experimental,"[""X-RAY DIFFRACTION""]",[2.2],[0.183],[0.22],2017-05-31T00:00:00Z,2017-07-05T00:00:00Z,2024-10-23T00:00:00Z,C 2 2 21,2,2,1,4,"D3R Grand Challenge 2: blind prediction of protein-ligand poses, affinity rankings, and relative binding free energies.",10.1007/s10822-017-0088-4,2018.0,True,False
5Q0Z,Ligand binding to FARNESOID-X-RECEPTOR,experimental,"[""X-RAY DIFFRACTION""]",[2.26],[0.236],[0.258],2017-05-31T00:00:00Z,2017-07-05T00:00:00Z,2024-10-16T00:00:00Z,C 2 2 21,2,2,1,4,"D3R Grand Challenge 2: blind prediction of protein-ligand poses, affinity rankings, and relative binding free energies.",10.1007/s10822-017-0088-4,2018.0,True,False
5Q10,Ligand binding to FARNESOID-X-RECEPTOR,experimental,"[""X-RAY DIFFRACTION""]",[2.2],[0.189],[0.243],2017-05-31T00:00:00Z,2017-07-05T00:00:00Z,2024-05-22T00:00:00Z,P 65,2,2,1,2,"D3R Grand Challenge 2: blind prediction of protein-ligand poses, affinity rankings, and relative binding free energies.",10.1007/s10822-017-0088-4,2018.0,True,False
5Q11,Ligand binding to FARNESOID-X-RECEPTOR,experimental,"[""X-RAY DIFFRACTION""]",[2.2],[0.178],[0.223],2017-05-31T00:00:00Z,2017-07-05T00:00:00Z,2024-05-22T00:00:00Z,P 65,2,2,1,2,"D3R Grand Challenge 2: blind prediction of protein-ligand poses, affinity rankings, and relative binding free energies.",10.1007/s10822-017-0088-4,2018.0,True,False
5Q12,Ligand binding to FARNESOID-X-RECEPTOR,experimental,"[""X-RAY DIFFRACTION""]",[2.0],[0.184],[0.233],2017-05-31T00:00:00Z,2017-07-05T00:00:00Z,2024-05-22T00:00:00Z,P 65,2,2,1,2,"D3R Grand Challenge 2: blind prediction of protein-ligand poses, affinity rankings, and relative binding free energies.",10.1007/s10822-017-0088-4,2018.0,True,False
5Q13,Ligand binding to FARNESOID-X-RECEPTOR,experimental,"[""X-RAY DIFFRACTION""]",[1.9],[0.171],[0.226],2017-05-31T00:00:00Z,2017-07-05T00:00:00Z,2024-05-22T00:00:00Z,P 1 21 1,2,2,1,4,"D3R Grand Challenge 2: blind prediction of protein-ligand poses, affinity rankings, and relative binding free energies.",10.1007/s10822-017-0088-4,2018.0,True,False
5Q14,Ligand binding to FARNESOID-X-RECEPTOR,experimental,"[""X-RAY DIFFRACTION""]",[1.85],[0.212],[0.247],2017-05-31T00:00:00Z,2017-07-05T00:00:00Z,2024-11-13T00:00:00Z,C 2 2 21,2,2,1,4,"D3R Grand Challenge 2: blind prediction of protein-ligand poses, affinity rankings, and relative binding free energies.",10.1007/s10822-017-0088-4,2018.0,True,False
5Q15,Ligand binding to FARNESOID-X-RECEPTOR,experimental,"[""X-RAY DIFFRACTION""]",[1.9],[0.231],[0.255],2017-05-31T00:00:00Z,2017-07-05T00:00:00Z,2024-05-22T00:00:00Z,C 2 2 21,2,2,1,4,"D3R Grand Challenge 2: blind prediction of protein-ligand poses, affinity rankings, and relative binding free energies.",10.1007/s10822-017-0088-4,2018.0,True,False
5Q16,Ligand binding to FARNESOID-X-RECEPTOR,experimental,"[""X-RAY DIFFRACTION""]",[2.0],[0.263],[0.284],2017-05-31T00:00:00Z,2017-07-05T00:00:00Z,2024-05-22T00:00:00Z,C 2 2 21,2,2,1,4,"D3R Grand Challenge 2: blind prediction of protein-ligand poses, affinity rankings, and relative binding free energies.",10.1007/s10822-017-0088-4,2018.0,True,False
5Q17,Ligand binding to FARNESOID-X-RECEPTOR,experimental,"[""X-RAY DIFFRACTION""]",[2.1],[0.218],[0.267],2017-05-31T00:00:00Z,2017-07-05T00:00:00Z,2024-05-22T00:00:00Z,P 65,2,2,1,2,"D3R Grand Challenge 2: blind prediction of protein-ligand poses, affinity rankings, and relative binding free energies.",10.1007/s10822-017-0088-4,2018.0,True,False
5Q18,Ligand binding to FARNESOID-X-RECEPTOR,experimental,"[""X-RAY DIFFRACTION""]",[1.9],[0.213],[0.24],2017-05-31T00:00:00Z,2017-07-05T00:00:00Z,2024-05-22T00:00:00Z,C 2 2 21,2,2,1,4,"D3R Grand Challenge 2: blind prediction of protein-ligand poses, affinity rankings, and relative binding free energies.",10.1007/s10822-017-0088-4,2018.0,True,False
5Q19,Ligand binding to FARNESOID-X-RECEPTOR,experimental,"[""X-RAY DIFFRACTION""]",[1.98],[0.215],[0.237],2017-05-31T00:00:00Z,2017-07-05T00:00:00Z,2024-05-22T00:00:00Z,C 2 2 21,2,2,1,4,"D3R Grand Challenge 2: blind prediction of protein-ligand poses, affinity rankings, and relative binding free energies.",10.1007/s10822-017-0088-4,2018.0,True,False
5Q1A,Ligand binding to FARNESOID-X-RECEPTOR,experimental,"[""X-RAY DIFFRACTION""]",[2.0],[0.206],[0.235],2017-05-31T00:00:00Z,2017-07-05T00:00:00Z,2024-05-22T00:00:00Z,C 2 2 21,2,2,1,4,"D3R Grand Challenge 2: blind prediction of protein-ligand poses, affinity rankings, and relative binding free energies.",10.1007/s10822-017-0088-4,2018.0,True,False
5Q1B,Ligand binding to FARNESOID-X-RECEPTOR,experimental,"[""X-RAY DIFFRACTION""]",[2.3],[0.214],[0.236],2017-05-31T00:00:00Z,2017-07-05T00:00:00Z,2024-05-22T00:00:00Z,C 2 2 21,2,2,1,4,"D3R Grand Challenge 2: blind prediction of protein-ligand poses, affinity rankings, and relative binding free energies.",10.1007/s10822-017-0088-4,2018.0,True,False
5Q1C,Ligand binding to FARNESOID-X-RECEPTOR,experimental,"[""X-RAY DIFFRACTION""]",[2.3],[0.228],[0.264],2017-05-31T00:00:00Z,2017-07-05T00:00:00Z,2024-05-22T00:00:00Z,C 2 2 21,2,2,1,4,"D3R Grand Challenge 2: blind prediction of protein-ligand poses, affinity rankings, and relative binding free energies.",10.1007/s10822-017-0088-4,2018.0,True,False
5Q1D,Ligand binding to FARNESOID-X-RECEPTOR,experimental,"[""X-RAY DIFFRACTION""]",[1.89],[0.206],[0.244],2017-05-31T00:00:00Z,2017-07-05T00:00:00Z,2024-05-22T00:00:00Z,C 2 2 21,2,2,1,4,"D3R Grand Challenge 2: blind prediction of protein-ligand poses, affinity rankings, and relative binding free energies.",10.1007/s10822-017-0088-4,2018.0,True,False
5Q1E,Ligand binding to FARNESOID-X-RECEPTOR,experimental,"[""X-RAY DIFFRACTION""]",[1.85],[0.188],[0.223],2017-05-31T00:00:00Z,2017-07-05T00:00:00Z,2024-05-22T00:00:00Z,P 65,2,2,1,2,"D3R Grand Challenge 2: blind prediction of protein-ligand poses, affinity rankings, and relative binding free energies.",10.1007/s10822-017-0088-4,2018.0,True,False
5Q1F,Ligand binding to FARNESOID-X-RECEPTOR,experimental,"[""X-RAY DIFFRACTION""]",[2.3],[0.221],[0.245],2017-05-31T00:00:00Z,2017-07-05T00:00:00Z,2024-05-22T00:00:00Z,C 2 2 21,2,2,1,4,"D3R Grand Challenge 2: blind prediction of protein-ligand poses, affinity rankings, and relative binding free energies.",10.1007/s10822-017-0088-4,2018.0,True,False
5Q1G,Ligand binding to FARNESOID-X-RECEPTOR,experimental,"[""X-RAY DIFFRACTION""]",[2.0],[0.205],[0.254],2017-05-31T00:00:00Z,2017-07-05T00:00:00Z,2024-05-22T00:00:00Z,C 2 2 21,2,2,1,2,"D3R Grand Challenge 2: blind prediction of protein-ligand poses, affinity rankings, and relative binding free energies.",10.1007/s10822-017-0088-4,2018.0,True,False
5Q1H,Ligand binding to FARNESOID-X-RECEPTOR,experimental,"[""X-RAY DIFFRACTION""]",[2.2],[0.18],[0.218],2017-05-31T00:00:00Z,2017-07-05T00:00:00Z,2024-10-23T00:00:00Z,P 1 21 1,2,2,1,8,"D3R Grand Challenge 2: blind prediction of protein-ligand poses, affinity rankings, and relative binding free energies.",10.1007/s10822-017-0088-4,2018.0,True,False
5Q1I,Ligand binding to FARNESOID-X-RECEPTOR,experimental,"[""X-RAY DIFFRACTION""]",[1.95],[0.199],[0.225],2017-05-31T00:00:00Z,2017-07-05T00:00:00Z,2024-05-22T00:00:00Z,P 65,2,2,1,2,"D3R Grand Challenge 2: blind prediction of protein-ligand poses, affinity rankings, and relative binding free energies.",10.1007/s10822-017-0088-4,2018.0,True,False
5SYZ,Human Liver Receptor Homologue-1 (LRH-1) Bound to a RJW100 stereoisomer and a Fragment of TIF-2,experimental,"[""X-RAY DIFFRACTION""]",[1.9261],[0.2047],[0.2277],2016-08-12T00:00:00Z,2016-10-12T00:00:00Z,2023-10-04T00:00:00Z,P 43 21 2,2,2,1,2,"Crystal Structures of the Nuclear Receptor, Liver Receptor Homolog 1, Bound to Synthetic Agonists.",10.1074/jbc.M116.753541,2016.0,True,False
5T0X,Solution NMR-derived structure of calmodulin bound with ER alpha peptides,experimental,"[""SOLUTION NMR""]",[],[],[],2016-08-16T00:00:00Z,2017-02-15T00:00:00Z,2024-05-01T00:00:00Z,,2,2,1,3,Solution NMR-derived structure of calmodulin bound with ER alpha peptides,,,True,False
5T1Z,Estrogen Receptor Alpha Ligand Binding Domain Y537S Mutant in Complex with Ethoxytriphenylethylene and GRIP Peptide,experimental,"[""X-RAY DIFFRACTION""]",[2.102],[0.1824],[0.2456],2016-08-22T00:00:00Z,2017-08-30T00:00:00Z,2023-10-04T00:00:00Z,P 1 21 1,2,2,1,4,"Endoxifen, 4-Hydroxytamoxifen and an Estrogenic Derivative Modulate Estrogen Receptor Complex Mediated Apoptosis in Breast Cancer.",10.1124/mol.117.111385,2018.0,True,False
5T8E,Synthesis and biological evaluation of novel selective androgen receptor modulators (SARMs). Part II: Optimization of 4-(pyrrolidin-1-yl)benzonitrile derivatives,experimental,"[""X-RAY DIFFRACTION""]",[2.71],[0.1726],[0.2381],2016-09-07T00:00:00Z,2017-04-26T00:00:00Z,2024-11-20T00:00:00Z,P 21 21 21,1,1,2,1,Synthesis and biological evaluation of novel selective androgen receptor modulators (SARMs). Part II: Optimization of 4-(pyrrolidin-1-yl)benzonitrile derivatives.,10.1016/j.bmcl.2017.03.038,2017.0,True,False
5T8J,Synthesis and biological evaluation of novel selective androgen receptor modulators (SARMs). Part II: Optimization of 4-(pyrrolidin-1-yl)benzonitrile derivatives,experimental,"[""X-RAY DIFFRACTION""]",[2.7],[0.1967],[0.3047],2016-09-07T00:00:00Z,2017-04-26T00:00:00Z,2024-11-06T00:00:00Z,P 21 21 21,1,1,2,1,Synthesis and biological evaluation of novel selective androgen receptor modulators (SARMs). Part II: Optimization of 4-(pyrrolidin-1-yl)benzonitrile derivatives.,10.1016/j.bmcl.2017.03.038,2017.0,True,False
5T92,"ESTROGEN RECEPTOR ALPHA LIGAND BINDING DOMAIN IN COMPLEX WITH (2E)-3-{4-[(1R)-2-(4-fluorophenyl)-6-hydroxy-1-methy l-1,2,3,4- tetrahydroisoquinolin-1-yl]phenyl}prop-2-enoic acid",experimental,"[""X-RAY DIFFRACTION""]",[2.22],[0.2398],[0.2817],2016-09-09T00:00:00Z,2017-03-29T00:00:00Z,2024-04-03T00:00:00Z,C 1 2 1,1,1,1,2,Discovery of an Acrylic Acid Based Tetrahydroisoquinoline as an Orally Bioavailable Selective Estrogen Receptor Degrader for ER alpha + Breast Cancer.,10.1021/acs.jmedchem.6b01468,2017.0,True,False
5T97,"ESTROGEN RECEPTOR ALPHA LIGAND BINDING DOMAIN IN COMPLEX WITH (2E)-3-(4-{(1R)-6-hydroxy-1-methyl-2-[4-(propan-2 -yl)phenyl]-1,2,3,4- tetrahydroisoquinolin-1-yl}phenyl)prop-2-enoic acid",experimental,"[""X-RAY DIFFRACTION""]",[3.0],[0.2268],[0.2909],2016-09-09T00:00:00Z,2017-03-29T00:00:00Z,2024-03-06T00:00:00Z,C 1 2 1,1,1,1,2,Discovery of an Acrylic Acid Based Tetrahydroisoquinoline as an Orally Bioavailable Selective Estrogen Receptor Degrader for ER alpha + Breast Cancer.,10.1021/acs.jmedchem.6b01468,2017.0,True,False
5TBP,Crystal Structure of RXR-alpha ligand binding domain complexed with synthetic modulator K8003,experimental,"[""X-RAY DIFFRACTION""]",[2.6],[0.196],[0.242],2016-09-12T00:00:00Z,2017-08-09T00:00:00Z,2024-10-09T00:00:00Z,P 1 21 1,1,1,4,4,Modulation of nongenomic activation of PI3K signalling by tetramerization of N-terminally-cleaved RXR alpha.,10.1038/ncomms16066,2017.0,True,False
5TLD,"Crystal Structure of the ER-alpha Ligand-binding Domain (Y537S) in Complex with the phenylamino-substituted estrogen, (8R,9S,13S,14S,17S)-13-methyl-17-(phenylamino)-7,8,9,11,12,13,14,15,16,17-decahydro-6H-cyclopenta[a]phenanthren-3-ol",experimental,"[""X-RAY DIFFRACTION""]",[2.375],[0.1941],[0.237],2016-10-11T00:00:00Z,2017-01-18T00:00:00Z,2023-10-04T00:00:00Z,P 1 21 1,2,2,1,4,Systems Structural Biology Analysis of Ligand Effects on ER alpha Predicts Cellular Response to Environmental Estrogens and Anti-hormone Therapies.,10.1016/j.chembiol.2016.11.014,2017.0,True,False
5TLF,"Crystal Structure of the ER-alpha Ligand-binding Domain (Y537S) in Complex with the Constrained WAY Derivative, 4-(2-(3-methylbut-2-en-1-yl)-7-(trifluoromethyl)-2H-indazol-3-yl)benzene-1,3-diol",experimental,"[""X-RAY DIFFRACTION""]",[2.204],[0.1878],[0.2291],2016-10-11T00:00:00Z,2017-01-18T00:00:00Z,2024-03-06T00:00:00Z,P 1 21 1,2,2,1,4,Systems Structural Biology Analysis of Ligand Effects on ER alpha Predicts Cellular Response to Environmental Estrogens and Anti-hormone Therapies.,10.1016/j.chembiol.2016.11.014,2017.0,True,False
5TLG,"Crystal Structure of the ER-alpha Ligand-binding Domain (Y537S) in Complex with (E)-4,4''-dihydroxy-3'-((hydroxyiminio)methyl)-[1,1':2',1''-terphenyl]-4'-olate",experimental,"[""X-RAY DIFFRACTION""]",[2.228],[0.2035],[0.2296],2016-10-11T00:00:00Z,2017-01-18T00:00:00Z,2024-03-06T00:00:00Z,P 1 21 1,2,2,1,4,Systems Structural Biology Analysis of Ligand Effects on ER alpha Predicts Cellular Response to Environmental Estrogens and Anti-hormone Therapies.,10.1016/j.chembiol.2016.11.014,2017.0,True,False
5TLL,"Crystal Structure of the ER-alpha Ligand-binding Domain (Y537S) in Complex with (E)-2-chloro-4'-hydroxy-4-((hydroxyiminio)methyl)-[1,1'-biphenyl]-3-olate",experimental,"[""X-RAY DIFFRACTION""]",[2.423],[0.1903],[0.2384],2016-10-11T00:00:00Z,2017-01-18T00:00:00Z,2024-03-06T00:00:00Z,P 1 21 1,2,2,1,4,Systems Structural Biology Analysis of Ligand Effects on ER alpha Predicts Cellular Response to Environmental Estrogens and Anti-hormone Therapies.,10.1016/j.chembiol.2016.11.014,2017.0,True,False
5TLM,"Crystal Structure of the ER-alpha Ligand-binding Domain (Y537S) in Complex with 4,4',4''-(thiophene-2,3,5-triyl)triphenol",experimental,"[""X-RAY DIFFRACTION""]",[2.497],[0.2255],[0.2765],2016-10-11T00:00:00Z,2017-01-18T00:00:00Z,2024-03-06T00:00:00Z,P 1 21 1,2,2,1,4,Systems Structural Biology Analysis of Ligand Effects on ER alpha Predicts Cellular Response to Environmental Estrogens and Anti-hormone Therapies.,10.1016/j.chembiol.2016.11.014,2017.0,True,False
5TLO,Crystal Structure of the ER-alpha Ligand-binding Domain (Y537S) in Complex with a Squaric Acid-linked Dimeric Estrogen,experimental,"[""X-RAY DIFFRACTION""]",[2.28],[0.197],[0.241],2016-10-11T00:00:00Z,2017-01-18T00:00:00Z,2024-03-06T00:00:00Z,P 1 21 1,2,2,1,4,Systems Structural Biology Analysis of Ligand Effects on ER alpha Predicts Cellular Response to Environmental Estrogens and Anti-hormone Therapies.,10.1016/j.chembiol.2016.11.014,2017.0,True,False
5TLP,"Crystal Structure of the ER-alpha Ligand-binding Domain (Y537S) in Complex with the OBHS-BSC Analog, 3-fluorophenyl (1R,2R,4S)-5-(4-hydroxyphenyl)-6-(4-(2-(piperidin-1-yl)ethoxy)phenyl)-7-oxabicyclo[2.2.1]hept-5-ene-2-sulfonate and 3-methyl-6-phenyl-3H-imidazo[4,5-b]pyridin-2-amine",experimental,"[""X-RAY DIFFRACTION""]",[2.08],[0.187],[0.232],2016-10-11T00:00:00Z,2017-01-18T00:00:00Z,2024-03-06T00:00:00Z,P 1 21 1,2,2,2,4,Systems Structural Biology Analysis of Ligand Effects on ER alpha Predicts Cellular Response to Environmental Estrogens and Anti-hormone Therapies.,10.1016/j.chembiol.2016.11.014,2017.0,True,False
5TLT,"Crystal Structure of the ER-alpha Ligand-binding Domain (Y537S) in Complex with octane-1,8-diyl bis(2,3-bis(4-hydroxyphenyl)pentanoate)",experimental,"[""X-RAY DIFFRACTION""]",[1.903],[0.1737],[0.2205],2016-10-12T00:00:00Z,2017-01-18T00:00:00Z,2024-03-06T00:00:00Z,P 1 21 1,2,2,1,4,Systems Structural Biology Analysis of Ligand Effects on ER alpha Predicts Cellular Response to Environmental Estrogens and Anti-hormone Therapies.,10.1016/j.chembiol.2016.11.014,2017.0,True,False
5TLU,"Crystal Structure of the ER-alpha Ligand-binding Domain (Y537S) in Complex with the PEG-linked Dimeric Estrogen, EE2-(eg)6-EE2-amine",experimental,"[""X-RAY DIFFRACTION""]",[2.223],[0.1929],[0.2234],2016-10-12T00:00:00Z,2017-01-18T00:00:00Z,2024-03-06T00:00:00Z,P 1 21 1,2,2,1,4,Systems Structural Biology Analysis of Ligand Effects on ER alpha Predicts Cellular Response to Environmental Estrogens and Anti-hormone Therapies.,10.1016/j.chembiol.2016.11.014,2017.0,True,False
5TLV,"Crystal Structure of the ER-alpha Ligand-binding Domain (Y537S) in Complex with 4,4'-(thiophene-2,3-diyl)bis(3-fluorophenol)",experimental,"[""X-RAY DIFFRACTION""]",[2.323],[0.1827],[0.2356],2016-10-12T00:00:00Z,2017-01-18T00:00:00Z,2024-03-06T00:00:00Z,P 1 21 1,2,2,1,4,Systems Structural Biology Analysis of Ligand Effects on ER alpha Predicts Cellular Response to Environmental Estrogens and Anti-hormone Therapies.,10.1016/j.chembiol.2016.11.014,2017.0,True,False
5TLX,"Crystal Structure of the ER-alpha Ligand-binding Domain (Y537S) in Complex with 3,4-bis(4-hydroxyphenyl)thiophene 1,1-dioxide",experimental,"[""X-RAY DIFFRACTION""]",[2.103],[0.1952],[0.2263],2016-10-12T00:00:00Z,2017-01-18T00:00:00Z,2024-03-06T00:00:00Z,P 1 21 1,2,2,2,4,Systems Structural Biology Analysis of Ligand Effects on ER alpha Predicts Cellular Response to Environmental Estrogens and Anti-hormone Therapies.,10.1016/j.chembiol.2016.11.014,2017.0,True,False
5TLY,"Crystal Structure of the ER-alpha Ligand-binding Domain (Y537S) in Complex with 3,4-bis(2-fluoro-4-hydroxyphenyl)thiophene 1,1-dioxide",experimental,"[""X-RAY DIFFRACTION""]",[2.143],[0.1902],[0.2212],2016-10-12T00:00:00Z,2017-01-18T00:00:00Z,2024-03-06T00:00:00Z,P 1 21 1,2,2,1,4,Systems Structural Biology Analysis of Ligand Effects on ER alpha Predicts Cellular Response to Environmental Estrogens and Anti-hormone Therapies.,10.1016/j.chembiol.2016.11.014,2017.0,True,False
5TM1,"Crystal Structure of the ER-alpha Ligand-binding Domain (Y537S) in Complex with 2,5-bis(2-fluoro-4-hydroxyphenyl)thiophene 1-oxide",experimental,"[""X-RAY DIFFRACTION""]",[2.231],[0.1983],[0.2361],2016-10-12T00:00:00Z,2017-01-18T00:00:00Z,2024-03-06T00:00:00Z,P 1 21 1,2,2,1,4,Systems Structural Biology Analysis of Ligand Effects on ER alpha Predicts Cellular Response to Environmental Estrogens and Anti-hormone Therapies.,10.1016/j.chembiol.2016.11.014,2017.0,True,False
5TM2,"Crystal Structure of the ER-alpha Ligand-binding Domain (Y537S) in Complex with 2,5-bis(2-chloro-4-hydroxyphenyl)thiophene 1-oxide",experimental,"[""X-RAY DIFFRACTION""]",[2.603],[0.2059],[0.2436],2016-10-12T00:00:00Z,2017-01-18T00:00:00Z,2024-03-06T00:00:00Z,P 1 21 1,2,2,1,4,Systems Structural Biology Analysis of Ligand Effects on ER alpha Predicts Cellular Response to Environmental Estrogens and Anti-hormone Therapies.,10.1016/j.chembiol.2016.11.014,2017.0,True,False
5TM3,"Crystal Structure of the ER-alpha Ligand-binding Domain (Y537S) in Complex with 2,3-bis(2-chloro-4-hydroxyphenyl)thiophene 1-oxide",experimental,"[""X-RAY DIFFRACTION""]",[2.194],[0.193],[0.234],2016-10-12T00:00:00Z,2017-01-18T00:00:00Z,2024-03-06T00:00:00Z,P 1 21 1,2,2,1,4,Systems Structural Biology Analysis of Ligand Effects on ER alpha Predicts Cellular Response to Environmental Estrogens and Anti-hormone Therapies.,10.1016/j.chembiol.2016.11.014,2017.0,True,False
5TM4,"Crystal Structure of the ER-alpha Ligand-binding Domain (Y537S) in Complex with the OBHS-ASC Analog, 5-(4-((1R,4S,6R)-6-((3-chlorophenoxy)sulfonyl)-3-(4-hydroxyphenyl)-7-oxabicyclo[2.2.1]hept-2-en-2-yl)phenoxy)pentanoic acid",experimental,"[""X-RAY DIFFRACTION""]",[2.25],[0.1879],[0.2361],2016-10-12T00:00:00Z,2017-01-18T00:00:00Z,2024-03-06T00:00:00Z,P 1 21 1,2,2,1,4,Systems Structural Biology Analysis of Ligand Effects on ER alpha Predicts Cellular Response to Environmental Estrogens and Anti-hormone Therapies.,10.1016/j.chembiol.2016.11.014,2017.0,True,False
5TM5,"Crystal Structure of the ER-alpha Ligand-binding Domain (Y537S) in Complex with the OBHS-ASC compound, 5-(4-((1R,4S,6R)-6-((4-bromophenoxy)sulfonyl)-3-(4-hydroxyphenyl)-7-oxabicyclo[2.2.1]hept-2-en-2-yl)phenoxy)pentanoic acid",experimental,"[""X-RAY DIFFRACTION""]",[2.24],[0.187],[0.232],2016-10-12T00:00:00Z,2017-01-18T00:00:00Z,2024-03-06T00:00:00Z,P 1 21 1,2,2,1,4,Systems Structural Biology Analysis of Ligand Effects on ER alpha Predicts Cellular Response to Environmental Estrogens and Anti-hormone Therapies.,10.1016/j.chembiol.2016.11.014,2017.0,True,False
5TM6,"Crystal Structure of the ER-alpha Ligand-binding Domain (Y537S) in Complex with the OBHS-ASC compound, 6-(4-((1R,4S,6R)-6-((4-bromophenoxy)sulfonyl)-3-(4-hydroxyphenyl)-7-oxabicyclo[2.2.1]hept-2-en-2-yl)phenoxy)hexanoic acid",experimental,"[""X-RAY DIFFRACTION""]",[2.542],[0.1885],[0.2448],2016-10-12T00:00:00Z,2017-01-18T00:00:00Z,2024-03-06T00:00:00Z,P 1 21 1,2,2,1,4,Systems Structural Biology Analysis of Ligand Effects on ER alpha Predicts Cellular Response to Environmental Estrogens and Anti-hormone Therapies.,10.1016/j.chembiol.2016.11.014,2017.0,True,False
5TM7,"Crystal Structure of the ER-alpha Ligand-binding Domain (Y537S) in Complex with the OBHS-ASC compound, 7-(4-((1R,4S,6R)-6-((3-chlorophenoxy)sulfonyl)-3-(4-hydroxyphenyl)-7-oxabicyclo[2.2.1]hept-2-en-2-yl)phenoxy)heptanoic acid",experimental,"[""X-RAY DIFFRACTION""]",[2.4],[0.187],[0.231],2016-10-12T00:00:00Z,2017-01-18T00:00:00Z,2024-03-06T00:00:00Z,P 1 21 1,2,2,1,4,Systems Structural Biology Analysis of Ligand Effects on ER alpha Predicts Cellular Response to Environmental Estrogens and Anti-hormone Therapies.,10.1016/j.chembiol.2016.11.014,2017.0,True,False
5TM8,"Crystal Structure of the ER-alpha Ligand-binding Domain (Y537S) in Complex with the OBHS-ASC compound, 7-(4-((1R,4S,6R)-6-((4-bromophenoxy)sulfonyl)-3-(4-hydroxyphenyl)-7-oxabicyclo[2.2.1]hept-2-en-2-yl)phenoxy)heptanoic acid",experimental,"[""X-RAY DIFFRACTION""]",[1.99],[0.19],[0.222],2016-10-12T00:00:00Z,2017-01-18T00:00:00Z,2024-03-06T00:00:00Z,P 1 21 1,2,2,1,4,Systems Structural Biology Analysis of Ligand Effects on ER alpha Predicts Cellular Response to Environmental Estrogens and Anti-hormone Therapies.,10.1016/j.chembiol.2016.11.014,2017.0,True,False
5TM9,"Crystal Structure of the ER-alpha Ligand-binding Domain (Y537S) in Complex with the OBHS-ASC Analog, (E)-3-(4-((1R,4S,6R)-6-((3-chlorophenoxy)sulfonyl)-3-(4-hydroxyphenyl)-7-oxabicyclo[2.2.1]hept-2-en-2-yl)phenyl)acrylic acid",experimental,"[""X-RAY DIFFRACTION""]",[2.5],[0.1959],[0.2373],2016-10-12T00:00:00Z,2017-01-18T00:00:00Z,2024-03-06T00:00:00Z,P 1 21 1,2,2,1,4,Systems Structural Biology Analysis of Ligand Effects on ER alpha Predicts Cellular Response to Environmental Estrogens and Anti-hormone Therapies.,10.1016/j.chembiol.2016.11.014,2017.0,True,False
5TML,"Crystal Structure of the ER-alpha Ligand-binding Domain (Y537S) in Complex with the OBHS-ASC compound, (E)-6-(4-((1R,4S,6R)-6-((3-chlorophenoxy)sulfonyl)-3-(4-hydroxyphenyl)-7-oxabicyclo[2.2.1]hept-2-en-2-yl)phenyl)hex-5-enoic acid",experimental,"[""X-RAY DIFFRACTION""]",[2.25],[0.1767],[0.2332],2016-10-13T00:00:00Z,2017-01-18T00:00:00Z,2024-03-06T00:00:00Z,P 1 21 1,2,2,1,4,Systems Structural Biology Analysis of Ligand Effects on ER alpha Predicts Cellular Response to Environmental Estrogens and Anti-hormone Therapies.,10.1016/j.chembiol.2016.11.014,2017.0,True,False
5TMM,"Crystal Structure of the ER-alpha Ligand-binding Domain (Y537S) in Complex with the OBHS-ASC analog, (E)-6-(4-((1R,4S,6R)-6-((4-bromophenoxy)sulfonyl)-3-(4-hydroxyphenyl)-7-oxabicyclo[2.2.1]hept-2-en-2-yl)phenyl)hex-5-enoic acid",experimental,"[""X-RAY DIFFRACTION""]",[2.2],[0.205],[0.251],2016-10-13T00:00:00Z,2017-01-18T00:00:00Z,2024-03-06T00:00:00Z,P 1 21 1,2,2,1,4,Systems Structural Biology Analysis of Ligand Effects on ER alpha Predicts Cellular Response to Environmental Estrogens and Anti-hormone Therapies.,10.1016/j.chembiol.2016.11.014,2017.0,True,False
5TMO,"Crystal Structure of the ER-alpha Ligand-binding Domain (Y537S) in Complex with the Arene Core OBHS derivative, phenyl 4,4''-dihydroxy-[1,1':2',1''-terphenyl]-4'-sulfonate",experimental,"[""X-RAY DIFFRACTION""]",[2.172],[0.1864],[0.2325],2016-10-13T00:00:00Z,2017-01-18T00:00:00Z,2024-03-06T00:00:00Z,P 1 21 1,2,2,1,4,Systems Structural Biology Analysis of Ligand Effects on ER alpha Predicts Cellular Response to Environmental Estrogens and Anti-hormone Therapies.,10.1016/j.chembiol.2016.11.014,2017.0,True,False
5TMQ,"Crystal Structure of the ER-alpha Ligand-binding Domain (Y537S) in Complex with the Arene Core OBHS derivative, 4-bromophenyl 4,4''-dihydroxy-[1,1':2',1''-terphenyl]-4'-sulfonate",experimental,"[""X-RAY DIFFRACTION""]",[2.24],[0.1957],[0.2419],2016-10-13T00:00:00Z,2017-01-18T00:00:00Z,2024-03-06T00:00:00Z,P 1 21 1,2,2,1,4,Systems Structural Biology Analysis of Ligand Effects on ER alpha Predicts Cellular Response to Environmental Estrogens and Anti-hormone Therapies.,10.1016/j.chembiol.2016.11.014,2017.0,True,False
5TMR,"Crystal Structure of the ER-alpha Ligand-binding Domain (Y537S) in Complex with the Cyclofenil-ASC derivative, ethyl (E)-3-(4-(cyclohexylidene(4-hydroxyphenyl)methyl)phenyl)acrylate",experimental,"[""X-RAY DIFFRACTION""]",[2.296],[0.1925],[0.238],2016-10-13T00:00:00Z,2017-01-18T00:00:00Z,2024-03-06T00:00:00Z,P 1 21 1,2,2,1,4,Systems Structural Biology Analysis of Ligand Effects on ER alpha Predicts Cellular Response to Environmental Estrogens and Anti-hormone Therapies.,10.1016/j.chembiol.2016.11.014,2017.0,True,False
5TMS,"Crystal Structure of the ER-alpha Ligand-binding Domain (Y537S) in Complex with the Cyclofenil-ASC derivative, ethyl (E)-3-(4-(bicyclo[3.3.1]nonan-9-ylidene(4-hydroxyphenyl)methyl)phenyl)acrylate",experimental,"[""X-RAY DIFFRACTION""]",[2.24],[0.1971],[0.2408],2016-10-13T00:00:00Z,2017-01-18T00:00:00Z,2024-03-06T00:00:00Z,P 1 21 1,2,2,1,4,Systems Structural Biology Analysis of Ligand Effects on ER alpha Predicts Cellular Response to Environmental Estrogens and Anti-hormone Therapies.,10.1016/j.chembiol.2016.11.014,2017.0,True,False
5TMT,"Crystal Structure of the ER-alpha Ligand-binding Domain (Y537S) in Complex with 4,4'-((1,3-dihydro-2H-inden-2-ylidene)methylene)diphenol",experimental,"[""X-RAY DIFFRACTION""]",[2.051],[0.2028],[0.2471],2016-10-13T00:00:00Z,2017-01-18T00:00:00Z,2024-03-06T00:00:00Z,P 1 21 1,2,2,1,4,Systems Structural Biology Analysis of Ligand Effects on ER alpha Predicts Cellular Response to Environmental Estrogens and Anti-hormone Therapies.,10.1016/j.chembiol.2016.11.014,2017.0,True,False
5TMU,"Crystal Structure of the ER-alpha Ligand-binding Domain (Y537S) in Complex with 4,4'-(cycloheptylidenemethylene)diphenol",experimental,"[""X-RAY DIFFRACTION""]",[2.429],[0.1865],[0.2375],2016-10-13T00:00:00Z,2017-01-18T00:00:00Z,2024-03-06T00:00:00Z,P 1 21 1,2,2,1,4,Systems Structural Biology Analysis of Ligand Effects on ER alpha Predicts Cellular Response to Environmental Estrogens and Anti-hormone Therapies.,10.1016/j.chembiol.2016.11.014,2017.0,True,False
5TMV,"Crystal Structure of the ER-alpha Ligand-binding Domain (Y537S) in Complex with the OBHS analog, 4-iodophenyl (1S,2R,4S)-5,6-bis(4-hydroxyphenyl)-7-oxabicyclo[2.2.1]hept-5-ene-2-sulfonate",experimental,"[""X-RAY DIFFRACTION""]",[2.38],[0.193],[0.252],2016-10-13T00:00:00Z,2017-01-18T00:00:00Z,2024-03-06T00:00:00Z,P 1 21 1,2,2,1,4,Systems Structural Biology Analysis of Ligand Effects on ER alpha Predicts Cellular Response to Environmental Estrogens and Anti-hormone Therapies.,10.1016/j.chembiol.2016.11.014,2017.0,True,False
5TMW,"Crystal Structure of the ER-alpha Ligand-binding Domain (Y537S) in Complex with the OBHS derivative, 4-acetamidophenyl (1S,2R,4S)-5,6-bis(4-hydroxyphenyl)-7-oxabicyclo[2.2.1]hept-5-ene-2-sulfonate",experimental,"[""X-RAY DIFFRACTION""]",[2.286],[0.1892],[0.2451],2016-10-13T00:00:00Z,2017-01-18T00:00:00Z,2024-03-06T00:00:00Z,P 1 21 1,2,2,1,4,Systems Structural Biology Analysis of Ligand Effects on ER alpha Predicts Cellular Response to Environmental Estrogens and Anti-hormone Therapies.,10.1016/j.chembiol.2016.11.014,2017.0,True,False
5TMZ,"Crystal Structure of the ER-alpha Ligand-binding Domain (Y537S) in Complex with the estradiol derivative, (8S,9S,13S,14S,17S)-16-(3-methoxybenzyl)-13-methyl-7,8,9,11,12,13,14,15,16,17-decahydro-6H-cyclopenta[a]phenanthrene-3,17-diol",experimental,"[""X-RAY DIFFRACTION""]",[2.207],[0.1882],[0.2423],2016-10-13T00:00:00Z,2017-01-18T00:00:00Z,2024-03-06T00:00:00Z,P 1 21 1,2,2,1,4,Systems Structural Biology Analysis of Ligand Effects on ER alpha Predicts Cellular Response to Environmental Estrogens and Anti-hormone Therapies.,10.1016/j.chembiol.2016.11.014,2017.0,True,False
5TN1,"Crystal Structure of the ER-alpha Ligand-binding Domain (Y537S) in Complex with the estradiol derivative, (8S,9S,13S,14S,E)-17-((4-isopropylphenyl)imino)-13-methyl-7,8,9,11,12,13,14,15,16,17-decahydro-6H-cyclopenta[a]phenanthren-3-ol",experimental,"[""X-RAY DIFFRACTION""]",[2.055],[0.1739],[0.2148],2016-10-13T00:00:00Z,2017-01-18T00:00:00Z,2024-03-06T00:00:00Z,P 1 21 1,2,2,1,4,Systems Structural Biology Analysis of Ligand Effects on ER alpha Predicts Cellular Response to Environmental Estrogens and Anti-hormone Therapies.,10.1016/j.chembiol.2016.11.014,2017.0,True,False
5TN3,"Crystal Structure of the ER-alpha Ligand-binding Domain (Y537S) in Complex with the estradiol derivative, (8S,9S,13S,14S)-17-((4-isopropylphenyl)amino)-13-methyl-7,8,9,11,12,13,14,15,16,17-decahydro-6H-cyclopenta[a]phenanthren-3-ol",experimental,"[""X-RAY DIFFRACTION""]",[2.543],[0.2007],[0.2564],2016-10-13T00:00:00Z,2017-01-18T00:00:00Z,2024-03-06T00:00:00Z,P 1 21 1,2,2,1,4,Systems Structural Biology Analysis of Ligand Effects on ER alpha Predicts Cellular Response to Environmental Estrogens and Anti-hormone Therapies.,10.1016/j.chembiol.2016.11.014,2017.0,True,False
5TN4,"Crystal Structure of the ER-alpha Ligand-binding Domain (Y537S) in Complex with the ACD-ring estrogen, (S)-5-(4-hydroxy-3,5-dimethylphenyl)-2,3-dihydro-1H-inden-1-ol",experimental,"[""X-RAY DIFFRACTION""]",[1.857],[0.1746],[0.2176],2016-10-13T00:00:00Z,2017-01-18T00:00:00Z,2024-03-06T00:00:00Z,P 1 21 1,2,2,1,4,Systems Structural Biology Analysis of Ligand Effects on ER alpha Predicts Cellular Response to Environmental Estrogens and Anti-hormone Therapies.,10.1016/j.chembiol.2016.11.014,2017.0,True,False
5TN5,"Crystal Structure of the ER-alpha Ligand-binding Domain (Y537S) in Complex with the AC-ring estrogen, (1S,3aS,5S,7aS)-5-(4-hydroxyphenyl)-7a-methyloctahydro-1H-inden-1-ol",experimental,"[""X-RAY DIFFRACTION""]",[1.892],[0.2075],[0.2333],2016-10-13T00:00:00Z,2017-01-18T00:00:00Z,2024-03-06T00:00:00Z,P 1 21 1,2,2,1,4,Systems Structural Biology Analysis of Ligand Effects on ER alpha Predicts Cellular Response to Environmental Estrogens and Anti-hormone Therapies.,10.1016/j.chembiol.2016.11.014,2017.0,True,False
5TN6,"Crystal Structure of the ER-alpha Ligand-binding Domain (Y537S) in Complex with the Spiro BC-estradiol, (1S,1'S,3a'S,7a'S)-7a'-methyl-1',2,2',3,3',3a',4',6',7',7a'-decahydro-1,5'-spirobi[indene]-1',5-diol",experimental,"[""X-RAY DIFFRACTION""]",[2.091],[0.1924],[0.2254],2016-10-13T00:00:00Z,2017-01-18T00:00:00Z,2024-03-06T00:00:00Z,P 1 21 1,2,2,1,4,Systems Structural Biology Analysis of Ligand Effects on ER alpha Predicts Cellular Response to Environmental Estrogens and Anti-hormone Therapies.,10.1016/j.chembiol.2016.11.014,2017.0,True,False
5TN7,"Crystal Structure of the ER-alpha Ligand-binding Domain (Y537S) in Complex with (E)-3'-fluoro-4'-hydroxy-3-((hydroxyiminio)methyl)-[1,1'-biphenyl]-4-olate",experimental,"[""X-RAY DIFFRACTION""]",[2.238],[0.1934],[0.2352],2016-10-13T00:00:00Z,2017-01-18T00:00:00Z,2024-03-06T00:00:00Z,P 1 21 1,2,2,1,4,Systems Structural Biology Analysis of Ligand Effects on ER alpha Predicts Cellular Response to Environmental Estrogens and Anti-hormone Therapies.,10.1016/j.chembiol.2016.11.014,2017.0,True,False
5TN8,"Crystal Structure of the ER-alpha Ligand-binding Domain (Y537S) in Complex with (E)-4'-hydroxy-3-((hydroxyiminio)methyl)-[1,1'-biphenyl]-4-olate",experimental,"[""X-RAY DIFFRACTION""]",[2.652],[0.2115],[0.2586],2016-10-13T00:00:00Z,2017-01-18T00:00:00Z,2024-03-06T00:00:00Z,P 1 21 1,2,2,1,4,Systems Structural Biology Analysis of Ligand Effects on ER alpha Predicts Cellular Response to Environmental Estrogens and Anti-hormone Therapies.,10.1016/j.chembiol.2016.11.014,2017.0,True,False
5TN9,"Crystal Structure of the ER-alpha Ligand-binding Domain (L372S,L536S) in Complex with the OBHS-BSC, 4-bromophenyl (1R,2R,4S)-5-(4-hydroxyphenyl)-6-(4-(2-(piperidin-1-yl)ethoxy)phenyl)-7-oxabicyclo[2.2.1]hept-5-ene-2-sulfonate",experimental,"[""X-RAY DIFFRACTION""]",[2.253],[0.2068],[0.2381],2016-10-13T00:00:00Z,2017-02-15T00:00:00Z,2024-03-06T00:00:00Z,P 1,1,1,1,4,Exploring the Structural Compliancy versus Specificity of the Estrogen Receptor Using Isomeric Three-Dimensional Ligands.,10.1021/acschembio.6b00918,2017.0,True,False
5TNB,"Crystal Structure of the ER-alpha Ligand-binding Domain (L372S,L536S) in Complex with the OBHS-BSC, 4-bromophenyl (1R,2R,4S)-6-(4-(2-(dimethylamino)ethoxy)phenyl)-5-(4-hydroxyphenyl)-7-oxabicyclo[2.2.1]hept-5-ene-2-sulfonate",experimental,"[""X-RAY DIFFRACTION""]",[2.08],[0.1875],[0.2178],2016-10-13T00:00:00Z,2017-02-15T00:00:00Z,2024-03-06T00:00:00Z,P 1,1,1,1,4,Exploring the Structural Compliancy versus Specificity of the Estrogen Receptor Using Isomeric Three-Dimensional Ligands.,10.1021/acschembio.6b00918,2017.0,True,False
5TOA,Crystal Structure of ER beta bound to Estradiol,experimental,"[""X-RAY DIFFRACTION""]",[2.5],[0.2054],[0.2445],2016-10-17T00:00:00Z,2017-06-28T00:00:00Z,2023-10-04T00:00:00Z,P 32 2 1,1,1,1,2,An alternative conformation of ER beta bound to estradiol reveals H12 in a stable antagonist position.,10.1038/s41598-017-03774-x,2017.0,True,False
5TTO,X-ray crystal structure of PPARgamma in complex with SR1643,experimental,"[""X-RAY DIFFRACTION""]",[2.246],[0.2039],[0.2555],2016-11-04T00:00:00Z,2017-05-24T00:00:00Z,2023-10-04T00:00:00Z,C 1 2 1,1,1,1,2,"Structure-Activity Relationship of 2,4-Dichloro-N-(3,5-dichloro-4-(quinolin-3-yloxy)phenyl)benzenesulfonamide (INT131) Analogs for PPAR gamma-Targeted Antidiabetics.",10.1021/acs.jmedchem.6b01727,2017.0,True,False
5TWO,Peroxisome proliferator-activated receptor gamma ligand binding domain in complex with a novel selectively PPAR gamma-modulating ligand VSP-51,experimental,"[""X-RAY DIFFRACTION""]",[1.927],[0.2087],[0.2365],2016-11-14T00:00:00Z,2017-02-08T00:00:00Z,2023-10-04T00:00:00Z,C 2 2 21,2,2,1,2,Identification of a novel selective PPAR gamma ligand with a unique binding mode and improved therapeutic profile in vitro.,10.1038/srep41487,2017.0,True,False
5U2B,"Crystal Structure of the ER-alpha Ligand-binding Domain (Y537S) in Complex with the phenylamino-substituted estrogen, (8R,9S,13S,14S,17S)-13-methyl-17-(phenylamino)-7,8,9,11,12,13,14,15,16,17-decahydro-6H-cyclopenta[a]phenanthren-3-ol, without a coactivator peptide",experimental,"[""X-RAY DIFFRACTION""]",[2.22],[0.201],[0.229],2016-11-30T00:00:00Z,2017-04-26T00:00:00Z,2024-03-06T00:00:00Z,P 1,1,1,1,6,Structural and Molecular Mechanisms of Cytokine-Mediated Endocrine Resistance in Human Breast Cancer Cells.,10.1016/j.molcel.2017.02.008,2017.0,True,False
5U2D,Crystal Structure of the ER-alpha Ligand-binding Domain (Y537S) in complex with Oxabicyclic Heptene Sulfonate (OBHS),experimental,"[""X-RAY DIFFRACTION""]",[1.86],[0.169],[0.215],2016-11-30T00:00:00Z,2017-04-05T00:00:00Z,2024-03-06T00:00:00Z,P 1 21 1,2,2,1,4,Structural and Molecular Mechanisms of Cytokine-Mediated Endocrine Resistance in Human Breast Cancer Cells.,10.1016/j.molcel.2017.02.008,2017.0,True,False
5U3Q,Human PPARdelta ligand-binding domain in complexed with specific agonist 1,experimental,"[""X-RAY DIFFRACTION""]",[1.5],[0.1591],[0.1892],2016-12-03T00:00:00Z,2017-03-22T00:00:00Z,2023-10-04T00:00:00Z,P 1 21 1,1,1,6,2,Structural basis for specific ligation of the peroxisome proliferator-activated receptor delta.,10.1073/pnas.1621513114,2017.0,True,False
5U3R,Human PPARdelta ligand-binding domain in complexed with specific agonist 2,experimental,"[""X-RAY DIFFRACTION""]",[1.95],[0.1878],[0.2326],2016-12-03T00:00:00Z,2017-03-22T00:00:00Z,2023-10-04T00:00:00Z,P 1 21 1,1,1,4,2,Structural basis for specific ligation of the peroxisome proliferator-activated receptor delta.,10.1073/pnas.1621513114,2017.0,True,False
5U3S,Human PPARdelta ligand-binding domain in complexed with specific agonist 3,experimental,"[""X-RAY DIFFRACTION""]",[2.0],[0.1895],[0.2464],2016-12-03T00:00:00Z,2017-03-22T00:00:00Z,2023-10-04T00:00:00Z,P 1 21 1,1,1,5,2,Structural basis for specific ligation of the peroxisome proliferator-activated receptor delta.,10.1073/pnas.1621513114,2017.0,True,False
5U3T,Human PPARdelta ligand-binding domain in complexed with specific agonist 4,experimental,"[""X-RAY DIFFRACTION""]",[1.7],[0.1805],[0.2204],2016-12-03T00:00:00Z,2017-03-22T00:00:00Z,2024-10-09T00:00:00Z,P 1 21 1,1,1,5,2,Structural basis for specific ligation of the peroxisome proliferator-activated receptor delta.,10.1073/pnas.1621513114,2017.0,True,False
5U3U,Human PPARdelta ligand-binding domain in complexed with specific agonist 5,experimental,"[""X-RAY DIFFRACTION""]",[2.1],[0.2068],[0.2611],2016-12-03T00:00:00Z,2017-03-22T00:00:00Z,2023-10-04T00:00:00Z,P 1 21 1,1,1,4,2,Structural basis for specific ligation of the peroxisome proliferator-activated receptor delta.,10.1073/pnas.1621513114,2017.0,True,False
5U3V,Human PPARdelta ligand-binding domain in complexed with specific agonist 6,experimental,"[""X-RAY DIFFRACTION""]",[1.84],[0.2004],[0.2445],2016-12-03T00:00:00Z,2017-03-22T00:00:00Z,2024-10-23T00:00:00Z,P 1 21 1,1,1,4,2,Structural basis for specific ligation of the peroxisome proliferator-activated receptor delta.,10.1073/pnas.1621513114,2017.0,True,False
5U3W,Human PPARdelta ligand-binding domain in complexed with specific agonist 7,experimental,"[""X-RAY DIFFRACTION""]",[1.8],[0.1917],[0.2428],2016-12-03T00:00:00Z,2017-03-22T00:00:00Z,2024-10-09T00:00:00Z,P 1 21 1,1,1,4,2,Structural basis for specific ligation of the peroxisome proliferator-activated receptor delta.,10.1073/pnas.1621513114,2017.0,True,False
5U3X,Human PPARdelta ligand-binding domain in complexed with specific agonist 8,experimental,"[""X-RAY DIFFRACTION""]",[2.1],[0.2169],[0.2748],2016-12-03T00:00:00Z,2017-03-22T00:00:00Z,2023-10-04T00:00:00Z,P 1 21 1,1,1,4,2,Structural basis for specific ligation of the peroxisome proliferator-activated receptor delta.,10.1073/pnas.1621513114,2017.0,True,False
5U3Y,Human PPARdelta ligand-binding domain in complexed with specific agonist 9,experimental,"[""X-RAY DIFFRACTION""]",[1.9],[0.2031],[0.2458],2016-12-03T00:00:00Z,2017-03-22T00:00:00Z,2023-10-04T00:00:00Z,P 1 21 1,1,1,4,2,Structural basis for specific ligation of the peroxisome proliferator-activated receptor delta.,10.1073/pnas.1621513114,2017.0,True,False
5U3Z,Human PPARdelta ligand-binding domain in complexed with specific agonist 10,experimental,"[""X-RAY DIFFRACTION""]",[1.72],[0.1724],[0.2137],2016-12-03T00:00:00Z,2017-03-22T00:00:00Z,2023-10-04T00:00:00Z,P 1 21 1,1,1,4,2,Structural basis for specific ligation of the peroxisome proliferator-activated receptor delta.,10.1073/pnas.1621513114,2017.0,True,False
5U40,Human PPARdelta ligand-binding domain in complexed with specific agonist 15,experimental,"[""X-RAY DIFFRACTION""]",[2.0],[0.1926],[0.2295],2016-12-03T00:00:00Z,2017-03-22T00:00:00Z,2023-10-04T00:00:00Z,P 1 21 1,1,1,4,2,Structural basis for specific ligation of the peroxisome proliferator-activated receptor delta.,10.1073/pnas.1621513114,2017.0,True,False
5U41,Human PPARdelta ligand-binding domain in complexed with specific agonist 16,experimental,"[""X-RAY DIFFRACTION""]",[1.9],[0.2097],[0.2689],2016-12-03T00:00:00Z,2017-03-22T00:00:00Z,2023-10-04T00:00:00Z,P 1 21 1,1,1,5,2,Structural basis for specific ligation of the peroxisome proliferator-activated receptor delta.,10.1073/pnas.1621513114,2017.0,True,False
5U42,Human PPARdelta ligand-binding domain in complexed with specific agonist 11,experimental,"[""X-RAY DIFFRACTION""]",[1.7],[0.1745],[0.2156],2016-12-03T00:00:00Z,2017-03-22T00:00:00Z,2023-10-04T00:00:00Z,P 1 21 1,1,1,4,2,Structural basis for specific ligation of the peroxisome proliferator-activated receptor delta.,10.1073/pnas.1621513114,2017.0,True,False
5U43,Human PPARdelta ligand-binding domain in complexed with specific agonist 12,experimental,"[""X-RAY DIFFRACTION""]",[1.9],[0.1864],[0.2384],2016-12-03T00:00:00Z,2017-03-22T00:00:00Z,2023-10-04T00:00:00Z,P 1 21 1,1,1,4,2,Structural basis for specific ligation of the peroxisome proliferator-activated receptor delta.,10.1073/pnas.1621513114,2017.0,True,False
5U44,Human PPARdelta ligand-binding domain in complexed with specific agonist 13,experimental,"[""X-RAY DIFFRACTION""]",[2.15],[0.1991],[0.2526],2016-12-03T00:00:00Z,2017-03-22T00:00:00Z,2023-10-04T00:00:00Z,P 1 21 1,1,1,3,2,Structural basis for specific ligation of the peroxisome proliferator-activated receptor delta.,10.1073/pnas.1621513114,2017.0,True,False
5U45,Human PPARdelta ligand-binding domain in complexed with specific agonist 14,experimental,"[""X-RAY DIFFRACTION""]",[1.95],[0.1901],[0.2414],2016-12-03T00:00:00Z,2017-03-22T00:00:00Z,2023-10-04T00:00:00Z,P 1 21 1,1,1,4,2,Structural basis for specific ligation of the peroxisome proliferator-activated receptor delta.,10.1073/pnas.1621513114,2017.0,True,False
5U46,Human PPARdelta ligand-binding domain in complexed with GW501516,experimental,"[""X-RAY DIFFRACTION""]",[2.0],[0.1737],[0.2214],2016-12-03T00:00:00Z,2017-03-22T00:00:00Z,2023-10-04T00:00:00Z,P 1 21 1,1,1,4,2,Structural basis for specific ligation of the peroxisome proliferator-activated receptor delta.,10.1073/pnas.1621513114,2017.0,True,False
5U5L,X-ray Crystal Structure of the PPARgamma Ligand Binding Domain in Complex with Rivoglitazone,experimental,"[""X-RAY DIFFRACTION""]",[2.55],[0.1883],[0.2381],2016-12-06T00:00:00Z,2017-08-23T00:00:00Z,2023-10-04T00:00:00Z,C 1 2 1,1,1,1,2,X-ray crystal structure of rivoglitazone bound to PPAR gamma and PPAR subtype selectivity of TZDs.,10.1016/j.bbagen.2017.05.008,2017.0,True,False
5UAN,Crystal structure of multi-domain RAR-beta-RXR-alpha heterodimer on DNA,experimental,"[""X-RAY DIFFRACTION""]",[3.508],[0.2211],[0.2703],2016-12-19T00:00:00Z,2017-10-18T00:00:00Z,2023-10-04T00:00:00Z,P 1 21 1,5,3,3,6,The quaternary architecture of RAR beta-RXR alpha heterodimer facilitates domain-domain signal transmission.,10.1038/s41467-017-00981-y,2017.0,True,False
5UC3,Structure of the dominant negative mutant Glucocorticoid Receptor alpha (L733K/N734P) complexed with RU-486,experimental,"[""X-RAY DIFFRACTION""]",[2.009],[0.1779],[0.2118],2016-12-21T00:00:00Z,2017-12-27T00:00:00Z,2023-10-04T00:00:00Z,C 1 2 1,1,1,4,2,Nuclear receptor,,,True,False
5UFO,Structure of RORgt bound to,experimental,"[""X-RAY DIFFRACTION""]",[2.802],[0.1907],[0.2435],2017-01-05T00:00:00Z,2017-04-05T00:00:00Z,2024-03-06T00:00:00Z,P 61 2 2,1,1,1,1,Identification and structure activity relationships of quinoline tertiary alcohol modulators of ROR gamma t.,10.1016/j.bmcl.2017.02.044,2017.0,True,False
5UFR,Structure of RORgt bound to,experimental,"[""X-RAY DIFFRACTION""]",[2.068],[0.2173],[0.2535],2017-01-05T00:00:00Z,2017-04-05T00:00:00Z,2024-03-06T00:00:00Z,C 2 2 21,1,1,1,2,Identification and structure activity relationships of quinoline tertiary alcohol modulators of ROR gamma t.,10.1016/j.bmcl.2017.02.044,2017.0,True,False
5UFS,X-Ray Crystal Structure of the Ancestral Glucocorticoid Receptor 2 ligand binding domain in complex with triamcinolone acetonide and SHP coregulator fragment,experimental,"[""X-RAY DIFFRACTION""]",[2.118],[0.2153],[0.2499],2017-01-05T00:00:00Z,2017-04-26T00:00:00Z,2023-10-04T00:00:00Z,C 1 2 1,2,2,1,4,"Structural Analysis of the Glucocorticoid Receptor Ligand-Binding Domain in Complex with Triamcinolone Acetonide and a Fragment of the Atypical Coregulator, Small Heterodimer Partner.",10.1124/mol.117.108506,2017.0,True,False
5UFW,Estrogen Receptor Alpha Ligand Binding Domain in Complex with OP1154,experimental,"[""X-RAY DIFFRACTION""]",[1.583],[0.1797],[0.2104],2017-01-06T00:00:00Z,2018-01-10T00:00:00Z,2023-10-04T00:00:00Z,C 1 2 1,1,1,1,2,Specific stereochemistry of OP-1074 disrupts estrogen receptor alpha helix 12 and confers pure antiestrogenic activity.,10.1038/s41467-018-04413-3,2018.0,True,False
5UFX,Estrogen Receptor Alpha Ligand Binding Domain in Complex with OP1074,experimental,"[""X-RAY DIFFRACTION""]",[1.5503],[0.1952],[0.2299],2017-01-06T00:00:00Z,2018-01-10T00:00:00Z,2023-10-04T00:00:00Z,C 1 2 1,1,1,1,2,Specific stereochemistry of OP-1074 disrupts estrogen receptor alpha helix 12 and confers pure antiestrogenic activity.,10.1038/s41467-018-04413-3,2018.0,True,False
5UGM,Crystal Structure of Human PPARgamma Ligand Binding Domain in Complex with Edaglitazone,experimental,"[""X-RAY DIFFRACTION""]",[2.1],[0.18],[0.216],2017-01-09T00:00:00Z,2018-01-17T00:00:00Z,2024-03-06T00:00:00Z,I 4,1,1,2,2,Cooperative cobinding of synthetic and natural ligands to the nuclear receptor PPAR gamma.,10.7554/eLife.43320,2018.0,True,False
5UHI,Structure of RORgt bound to,experimental,"[""X-RAY DIFFRACTION""]",[3.198],[0.2571],[0.3181],2017-01-11T00:00:00Z,2017-04-05T00:00:00Z,2024-03-06T00:00:00Z,C 2 2 21,1,1,1,2,Identification and structure activity relationships of quinoline tertiary alcohol modulators of ROR gamma t.,10.1016/j.bmcl.2017.02.044,2017.0,True,False
5UNJ,Structure of Human Liver Receptor Homolog 1 in complex with PGC1a and RJW100,experimental,"[""X-RAY DIFFRACTION""]",[1.959],[0.1993],[0.2265],2017-01-31T00:00:00Z,2017-04-19T00:00:00Z,2023-10-04T00:00:00Z,P 21 21 2,2,2,1,2,Structure and Dynamics of the Liver Receptor Homolog 1-PGC1 alpha Complex.,10.1124/mol.117.108514,2017.0,True,False
5V39,Crystal structure of human vitamin D receptor ligand binding domain in complex with a VDRM,experimental,"[""X-RAY DIFFRACTION""]",[2.2],[0.167],[0.235],2017-03-06T00:00:00Z,2018-03-14T00:00:00Z,2024-03-06T00:00:00Z,P 21 21 21,1,1,1,1,HDX reveals the conformational dynamics of DNA sequence specific VDR co-activator interactions.,10.1038/s41467-017-00978-7,2017.0,True,False
5V8Q,Synthesis and biological evaluation of novel selective androgen receptor modulators (SARMs): Part III,experimental,"[""X-RAY DIFFRACTION""]",[1.44],[0.1673],[0.2047],2017-03-22T00:00:00Z,2017-05-24T00:00:00Z,2024-10-30T00:00:00Z,P 21 21 21,1,1,2,1,Synthesis and biological evaluation of novel selective androgen receptor modulators (SARMs) Part III: Discovery of 4-(5-oxopyrrolidine-1-yl)benzonitrile derivative 2f as a clinical candidate.,10.1016/j.bmc.2017.04.018,2017.0,True,False
5VA0,Glucocorticoid Receptor DNA Binding Domain in complex with AP-1 response element from VCAM-1 Promoter,experimental,"[""X-RAY DIFFRACTION""]",[2.295],[0.1974],[0.2314],2017-03-24T00:00:00Z,2017-08-09T00:00:00Z,2023-10-04T00:00:00Z,P 21 21 21,3,1,1,4,Tethering not required: the glucocorticoid receptor binds directly to activator protein-1 recognition motifs to repress inflammatory genes.,10.1093/nar/gkx509,2017.0,True,False
5VA7,Glucocorticoid Receptor DNA Binding Domain - IL11 AP-1 recognition element Complex,experimental,"[""X-RAY DIFFRACTION""]",[2.153],[0.2009],[0.227],2017-03-24T00:00:00Z,2017-08-09T00:00:00Z,2024-03-06T00:00:00Z,P 21 21 21,3,1,1,4,Tethering not required: the glucocorticoid receptor binds directly to activator protein-1 recognition motifs to repress inflammatory genes.,10.1093/nar/gkx509,2017.0,True,False
5VB3,X-ray structure of nuclear receptor ROR-gammat Ligand Binding Domain + SRC2 peptide,experimental,"[""X-RAY DIFFRACTION""]",[1.95],[0.1957],[0.2298],2017-03-28T00:00:00Z,2017-06-07T00:00:00Z,2024-03-06T00:00:00Z,P 41 21 2,1,1,1,1,Structural studies unravel the active conformation of apo ROR gamma t nuclear receptor and a common inverse agonism of two diverse classes of ROR gamma t inhibitors.,10.1074/jbc.M117.789024,2017.0,True,False
5VB5,X-ray co-structure of nuclear receptor ROR-gammat Ligand Binding Domain with an inverse agonist and SRC2 peptide,experimental,"[""X-RAY DIFFRACTION""]",[2.226],[0.1932],[0.2344],2017-03-28T00:00:00Z,2017-06-07T00:00:00Z,2024-03-06T00:00:00Z,P 41 21 2,1,1,2,1,Structural studies unravel the active conformation of apo ROR gamma t nuclear receptor and a common inverse agonism of two diverse classes of ROR gamma t inhibitors.,10.1074/jbc.M117.789024,2017.0,True,False
5VB6,X-ray co-structure of nuclear receptor ROR-gammat Ligand Binding Domain with an inverse agonist and SRC2 peptide,experimental,"[""X-RAY DIFFRACTION""]",[2.041],[0.1866],[0.2075],2017-03-28T00:00:00Z,2017-06-07T00:00:00Z,2024-03-06T00:00:00Z,P 41 21 2,1,1,2,1,Structural studies unravel the active conformation of apo ROR gamma t nuclear receptor and a common inverse agonism of two diverse classes of ROR gamma t inhibitors.,10.1074/jbc.M117.789024,2017.0,True,False
5VB7,X-ray co-structure of nuclear receptor ROR-gammat Ligand Binding Domain with an agonist and SRC2 peptide,experimental,"[""X-RAY DIFFRACTION""]",[2.335],[0.1836],[0.2161],2017-03-28T00:00:00Z,2017-06-07T00:00:00Z,2024-03-06T00:00:00Z,P 41 21 2,1,1,2,1,Structural studies unravel the active conformation of apo ROR gamma t nuclear receptor and a common inverse agonism of two diverse classes of ROR gamma t inhibitors.,10.1074/jbc.M117.789024,2017.0,True,False
5VO4,Crystal Structure Of The Androgen Receptor Ligand Binding Domain In Complex With 5-(2-fluoro-4-hydroxyphenyl)-1-methyl-1H-pyrrole-2-carbonitrile,experimental,"[""X-RAY DIFFRACTION""]",[2.35],[0.22598],[0.2823],2017-05-02T00:00:00Z,2018-03-14T00:00:00Z,2024-03-13T00:00:00Z,P 21 21 21,1,1,1,1,Structure-Based Approach To Identify 5-[4-Hydroxyphenyl]pyrrole-2-carbonitrile Derivatives as Potent and Tissue Selective Androgen Receptor Modulators.,10.1021/acs.jmedchem.7b00373,2017.0,True,False
5VQK,X-ray co-structure of nuclear receptor ROR-gammat Ligand Binding Domain with a inverse agonist and SRC2 peptide,experimental,"[""X-RAY DIFFRACTION""]",[3.1],[0.194],[0.246],2017-05-09T00:00:00Z,2018-05-16T00:00:00Z,2024-03-13T00:00:00Z,P 41 21 2,1,1,1,1,X-ray co-structure of nuclear receptor ROR-gammat Ligand Binding Domain with a inverse agonist and SRC2 peptide,,,True,False
5VQL,X-ray co-structure of nuclear receptor ROR-gammat Ligand Binding Domain with a inverse agonist and SRC2 peptide,experimental,"[""X-RAY DIFFRACTION""]",[2.7],[0.218],[0.251],2017-05-09T00:00:00Z,2018-05-16T00:00:00Z,2024-03-13T00:00:00Z,P 41 21 2,1,1,2,1,X-ray co-structure of nuclear receptor ROR-gammat Ligand Binding Domain with a inverse agonist and SRC2 peptide,,,True,False
5W4R,Structure of RORgt bound to a tertiary alcohol,experimental,"[""X-RAY DIFFRACTION""]",[3.002],[0.1904],[0.245],2017-06-12T00:00:00Z,2017-12-27T00:00:00Z,2024-03-13T00:00:00Z,P 61,1,1,1,2,6-Substituted quinolines as ROR gamma t inverse agonists.,10.1016/j.bmcl.2017.10.027,2017.0,True,False
5W4V,Structure of RORgt bound to a tertiary alcohol,experimental,"[""X-RAY DIFFRACTION""]",[2.65],[0.3425],[0.3835],2017-06-13T00:00:00Z,2017-12-27T00:00:00Z,2024-11-06T00:00:00Z,P 31 2 1,1,1,1,6,6-Substituted quinolines as ROR gamma t inverse agonists.,10.1016/j.bmcl.2017.10.027,2017.0,True,False
5W9C,"Estrogen Receptor Alpha Ligand Binding Domain C381S, C417S, C530S in Complex with 4-hydroxytamoxifen",experimental,"[""X-RAY DIFFRACTION""]",[1.802],[0.1968],[0.242],2017-06-23T00:00:00Z,2018-06-13T00:00:00Z,2023-10-04T00:00:00Z,P 32,1,1,1,4,"Endoxifen, 4-Hydroxytamoxifen and an Estrogenic Derivative Modulate Estrogen Receptor Complex Mediated Apoptosis in Breast Cancer.",10.1124/mol.117.111385,2018.0,True,False
5W9D,"Estrogen Receptor Alpha Ligand Binding Domain C381S, C417S, C530S Mutant in Complex with Endoxifen",experimental,"[""X-RAY DIFFRACTION""]",[1.6464],[0.1675],[0.1952],2017-06-23T00:00:00Z,2017-10-11T00:00:00Z,2023-10-04T00:00:00Z,P 65,1,1,1,2,"Endoxifen, 4-Hydroxytamoxifen and an Estrogenic Derivative Modulate Estrogen Receptor Complex Mediated Apoptosis in Breast Cancer.",10.1124/mol.117.111385,2018.0,True,False
5WGD,Estrogen Receptor Alpha Ligand Binding Domain in Complex with Estradiol and SRC2-LP1,experimental,"[""X-RAY DIFFRACTION""]",[1.8],[0.176],[0.208],2017-07-14T00:00:00Z,2018-06-13T00:00:00Z,2024-10-23T00:00:00Z,P 1 21 1,3,3,1,4,"A ""cross-stitched"" peptide with improved helicity and proteolytic stability.",10.1039/c8ob00790j,2018.0,True,False
5WGQ,Estrogen Receptor Alpha Ligand Binding Domain in Complex with Estradiol and SRC2-BCP1,experimental,"[""X-RAY DIFFRACTION""]",[2.3],[0.199],[0.257],2017-07-14T00:00:00Z,2018-06-13T00:00:00Z,2024-10-30T00:00:00Z,P 1 21 1,2,2,1,4,"A ""cross-stitched"" peptide with improved helicity and proteolytic stability.",10.1039/c8ob00790j,2018.0,True,False
5WQX,Covalent bond formation of synthetic ligand with hPPARg-LBD,experimental,"[""X-RAY DIFFRACTION""]",[2.29],[0.22939],[0.27711],2016-11-29T00:00:00Z,2017-11-22T00:00:00Z,2024-11-06T00:00:00Z,C 1 2 1,1,1,1,2,On-site reaction for PPAR gamma modification using a specific bifunctional ligand,10.1016/j.bmc.2017.10.024,2017.0,True,False
5WR0,Huisgen cycloaddition for PPARg-LBD labeling by soaking method,experimental,"[""X-RAY DIFFRACTION""]",[2.85],[0.24989],[0.29975],2016-11-29T00:00:00Z,2017-11-22T00:00:00Z,2024-11-20T00:00:00Z,C 1 2 1,1,1,1,2,On-site reaction for PPAR gamma modification using a specific bifunctional ligand,10.1016/j.bmc.2017.10.024,2017.0,True,False
5WR1,Covalent bond formation of bifunctional ligand with hPPARg-LBD,experimental,"[""X-RAY DIFFRACTION""]",[2.34],[0.22946],[0.25948],2016-11-29T00:00:00Z,2017-11-22T00:00:00Z,2024-10-16T00:00:00Z,C 1 2 1,1,1,1,2,On-site reaction for PPAR gamma modification using a specific bifunctional ligand,10.1016/j.bmc.2017.10.024,2017.0,True,False
5WZX,Structural basis for a pentacyclic oleanane-type triterpenoid as a ligand of FXR,experimental,"[""X-RAY DIFFRACTION""]",[2.95],[0.2082],[0.2625],2017-01-19T00:00:00Z,2018-01-03T00:00:00Z,2023-11-22T00:00:00Z,C 2 2 21,2,2,2,4,Identification of an Oleanane-Type Triterpene Hedragonic Acid as a Novel Farnesoid X Receptor Ligand with Liver Protective Effects and Anti-inflammatory Activity,10.1124/mol.117.109900,2018.0,True,False
5X0R,Crystal Structure of PXR LBD Complexed with SJB7,experimental,"[""X-RAY DIFFRACTION""]",[2.665],[0.20587],[0.25208],2017-01-23T00:00:00Z,2017-10-04T00:00:00Z,2023-10-04T00:00:00Z,P 21 21 21,2,2,1,4,SPA70 is a potent antagonist of human pregnane X receptor.,10.1038/s41467-017-00780-5,2017.0,True,False
5X8Q,Crystal Structure of the mutant Human ROR gamma Ligand Binding Domain With rockogenin.,experimental,"[""X-RAY DIFFRACTION""]",[2.2],[0.19052],[0.2411],2017-03-03T00:00:00Z,2017-06-07T00:00:00Z,2023-11-22T00:00:00Z,P 1 21 1,2,2,1,8,"Ternary complex of human ROR gamma ligand-binding domain, inverse agonist and SMRT peptide shows a unique mechanism of corepressor recruitment",10.1111/gtc.12494,2017.0,True,False
5XMX,Co-crystal structure of Inhibitor compound in complex with human PPARdelta LBD,experimental,"[""X-RAY DIFFRACTION""]",[2.0],[0.21211],[0.28181],2017-05-16T00:00:00Z,2018-05-23T00:00:00Z,2023-11-22T00:00:00Z,P 1 21 1,1,1,1,2,Novel highly selective peroxisome proliferator-activated receptor delta (PPAR delta) modulators with pharmacokinetic properties suitable for once-daily oral dosing.,10.1016/j.bmcl.2017.10.037,2017.0,True,False
5Y1J,Crystal structure of human FXR in complex with a functional drug ligand,experimental,"[""X-RAY DIFFRACTION""]",[2.0],[0.1938],[0.2378],2017-07-20T00:00:00Z,2018-10-31T00:00:00Z,2024-03-27T00:00:00Z,C 2 2 21,2,2,1,2,Crystal structure of human FXR in complex with a functional drug liagnd,,,True,False
5Y2O,Structure of PPARgamma ligand binding domain-pioglitazone complex,experimental,"[""X-RAY DIFFRACTION""]",[1.801],[0.2017],[0.2319],2017-07-26T00:00:00Z,2017-12-20T00:00:00Z,2023-11-22T00:00:00Z,P 1 21 1,1,1,1,2,Structures of PPAR gamma complexed with lobeglitazone and pioglitazone reveal key determinants for the recognition of antidiabetic drugs,10.1038/s41598-017-17082-x,2017.0,True,False
5Y2T,Structure of PPARgamma ligand binding domain - lobeglitazone complex,experimental,"[""X-RAY DIFFRACTION""]",[1.7],[0.1922],[0.2237],2017-07-27T00:00:00Z,2017-12-20T00:00:00Z,2023-11-22T00:00:00Z,P 1 21 1,1,1,1,2,Structures of PPAR gamma complexed with lobeglitazone and pioglitazone reveal key determinants for the recognition of antidiabetic drugs,10.1038/s41598-017-17082-x,2017.0,True,False
5Y41,Crystal Structure of LIGAND-BOUND NURR1-LBD,experimental,"[""X-RAY DIFFRACTION""]",[2.05],[0.20571],[0.25288],2017-07-31T00:00:00Z,2018-12-26T00:00:00Z,2024-11-06T00:00:00Z,P 21 21 2,1,1,5,2,PGE1 and PGA1 bind to Nurr1 and activate its transcriptional function.,10.1038/s41589-020-0553-6,2020.0,True,False
5Y44,A novel moderator XD4 for bile acid receptor,experimental,"[""X-RAY DIFFRACTION""]",[2.35],[0.1983],[0.2706],2017-08-01T00:00:00Z,2019-02-20T00:00:00Z,2024-03-27T00:00:00Z,C 2 2 21,2,2,2,2,A novel moderator XD4  for bile acid receptor,,,True,False
5Y49,A moderator XD22 binding to bile acid receptor,experimental,"[""X-RAY DIFFRACTION""]",[2.4],[0.2117],[0.2528],2017-08-02T00:00:00Z,2019-02-20T00:00:00Z,2023-11-22T00:00:00Z,P 1 2 1,2,2,1,4,A  moderator XD22 binding to bile acid receptor,,,True,False
5Y7X,Human Peroxisome proliferator-activated receptor (PPAR) delta in complexed with a potent and selective agonist,experimental,"[""X-RAY DIFFRACTION""]",[1.699],[0.2049],[0.2305],2017-08-18T00:00:00Z,2018-08-01T00:00:00Z,2024-11-06T00:00:00Z,P 1 21 1,1,1,5,2,Highly potent and selective PPAR delta agonist reverses memory deficits in mouse models of Alzheimer's disease.,10.7150/thno.96707,2024.0,True,False
5YCN,Human PPARgamma ligand binding domain complexed with Lobeglitazone,experimental,"[""X-RAY DIFFRACTION""]",[2.15],[0.20772],[0.22832],2017-09-07T00:00:00Z,2018-09-12T00:00:00Z,2023-11-22T00:00:00Z,P 21 21 2,2,2,1,2,Structural Basis for the Enhanced Anti-Diabetic Efficacy of Lobeglitazone on PPAR gamma.,10.1038/s41598-017-18274-1,2018.0,True,False
5YCP,Human PPARgamma ligand binding domain complexed with Rosiglitazone,experimental,"[""X-RAY DIFFRACTION""]",[2.0],[0.20132],[0.23338],2017-09-07T00:00:00Z,2018-09-12T00:00:00Z,2023-11-22T00:00:00Z,P 21 21 2,2,2,1,2,Structural Basis for the Enhanced Anti-Diabetic Efficacy of Lobeglitazone on PPAR gamma.,10.1038/s41598-017-18274-1,2018.0,True,False
5YD6,Crystal structure of PG-bound Nurr1-LBD,experimental,"[""X-RAY DIFFRACTION""]",[2.34],[0.22507],[0.26863],2017-09-11T00:00:00Z,2019-03-27T00:00:00Z,2024-11-20T00:00:00Z,P 21 21 21,1,1,2,4,Structure of Nurr1 bound to cyclopentenone prostaglandin A2 and its mechanism of action in ameliorating dopaminergic neurodegeneration in Drosophila,,,True,False
5YP5,Crystal structure of RORgamma complexed with SRC2 and compound 5d,experimental,"[""X-RAY DIFFRACTION""]",[2.65],[0.20613],[0.25324],2017-11-01T00:00:00Z,2018-04-04T00:00:00Z,2024-03-27T00:00:00Z,P 41 21 2,2,2,1,2,From ROR gamma t Agonist to Two Types of ROR gamma t Inverse Agonists,10.1021/acsmedchemlett.7b00476,2018.0,True,False
5YP6,RORgamma (263-509) complexed with SRC2 and Compound 6,experimental,"[""X-RAY DIFFRACTION""]",[2.2],[0.21263],[0.25446],2017-11-01T00:00:00Z,2018-02-07T00:00:00Z,2023-11-22T00:00:00Z,P 41 21 2,2,2,1,2,From ROR gamma t Agonist to Two Types of ROR gamma t Inverse Agonists,10.1021/acsmedchemlett.7b00476,2018.0,True,False
5YSO,Crystal structure of Estrogen Related Receptor-3 (ERR-gamma) ligand binding domain with DN200434,experimental,"[""X-RAY DIFFRACTION""]",[2.501],[0.1968],[0.2434],2017-11-14T00:00:00Z,2018-12-26T00:00:00Z,2023-11-22T00:00:00Z,C 1 2 1,1,1,1,3,"A Novel Orally Active Inverse Agonist of Estrogen-related Receptor Gamma (ERR gamma ), DN200434, A Booster of NIS in Anaplastic Thyroid Cancer.",10.1158/1078-0432.CCR-18-3007,2019.0,True,False
5YSY,"Crystal structure of the human vitamin D receptor ligand binding domain complexed with (1R,2R,3R)-5-[(E)-2-{(1R,3aS,7aR)-1-[(R)-6-hydroxy-6-methylheptan-2-yl]-7a-methyl-2,3,3a,6,7,7a-hexahydro-1H-inden-4-yl}vinyl]-2-(3-hydroxypropyl)cyclohex-4-ene-1,3-diol",experimental,"[""X-RAY DIFFRACTION""]",[2.0],[0.18936],[0.24223],2017-11-16T00:00:00Z,2018-04-11T00:00:00Z,2023-11-22T00:00:00Z,P 21 21 21,1,1,1,1,Effects of 2-substitution on 14-epi-19-nortachysterol-mediated biological events: based on synthesis and X-ray co-crystallographic analysis with the human vitamin D receptor.,10.1039/C8OB00158H,2018.0,True,False
5YT2,"Crystal structure of the human vitamin D receptor ligand binding domain complexed with (1R,2S,3R)-5-[(E)-2-{(1R,3aS,7aR)-1-[(R)-6-hydroxy-6-methylheptan-2-yl]-7a-methyl-2,3,3a,6,7,7a-hexahydro-1H-inden-4-yl}vinyl]-2-(3-hydroxypropyl)cyclohex-4-ene-1,3-diol",experimental,"[""X-RAY DIFFRACTION""]",[2.0],[0.19119],[0.23342],2017-11-16T00:00:00Z,2018-04-11T00:00:00Z,2023-11-22T00:00:00Z,P 21 21 21,1,1,1,1,Effects of 2-substitution on 14-epi-19-nortachysterol-mediated biological events: based on synthesis and X-ray co-crystallographic analysis with the human vitamin D receptor.,10.1039/C8OB00158H,2018.0,True,False
5YXB,A ligand binding to FXR,experimental,"[""X-RAY DIFFRACTION""]",[2.95],[0.2465],[0.2821],2017-12-04T00:00:00Z,2019-03-13T00:00:00Z,2024-03-27T00:00:00Z,P 42 2 2,2,2,1,2,A ligand binding to FXR,,,True,False
5YXD,A ligand F binding to FXR,experimental,"[""X-RAY DIFFRACTION""]",[2.98],[0.2395],[0.2677],2017-12-05T00:00:00Z,2019-03-13T00:00:00Z,2024-03-27T00:00:00Z,C 2 2 21,2,2,1,2,A ligand F binding to FXR,,,True,False
5YXJ,FXR ligand binding domain,experimental,"[""X-RAY DIFFRACTION""]",[2.62],[0.2065],[0.2477],2017-12-05T00:00:00Z,2019-03-13T00:00:00Z,2024-03-27T00:00:00Z,C 1 2 1,2,2,1,4,A ligand of drug binding to FXR,,,True,False
5YXL,A ligand M binding to FXR,experimental,"[""X-RAY DIFFRACTION""]",[2.24],[0.2136],[0.2233],2017-12-05T00:00:00Z,2019-03-13T00:00:00Z,2024-03-27T00:00:00Z,P 21 21 21,2,2,1,4,A ligand M binding to FXR,,,True,False
5Z12,A structure of FXR/RXR,experimental,"[""X-RAY DIFFRACTION""]",[2.75],[0.2297],[0.2901],2017-12-23T00:00:00Z,2018-07-04T00:00:00Z,2024-03-27T00:00:00Z,P 21 21 21,4,4,2,8,Structural insights into the heterodimeric complex of the nuclear receptors FXR and RXR,10.1074/jbc.RA118.004188,2018.0,True,False
5Z5S,Crystal structure of the PPARgamma-LBD complexed with compound 13ab,experimental,"[""X-RAY DIFFRACTION""]",[1.8],[0.204],[0.229],2018-01-19T00:00:00Z,2018-10-17T00:00:00Z,2023-11-22T00:00:00Z,P 1 21 1,2,2,2,2,"Discovery of DS-6930, a potent selective PPAR gamma modulator. Part I: Lead identification.",10.1016/j.bmc.2018.09.006,2018.0,True,False
5Z6S,Crystal structure of the PPARgamma-LBD complexed with compound DS-6930,experimental,"[""X-RAY DIFFRACTION""]",[1.8],[0.199],[0.226],2018-01-25T00:00:00Z,2018-10-17T00:00:00Z,2023-11-22T00:00:00Z,P 1 21 1,2,2,2,2,"Discovery of DS-6930, a potent selective PPAR gamma modulator. Part II: Lead optimization.",10.1016/j.bmc.2018.09.005,2018.0,True,False
5ZA1,Ligand complex of RORgt LBD,experimental,"[""X-RAY DIFFRACTION""]",[2.52],[0.1863],[0.2558],2018-02-06T00:00:00Z,2018-10-31T00:00:00Z,2023-11-22T00:00:00Z,P 61,1,1,3,2,"Discovery of a potent orally bioavailable retinoic acid receptor-related orphan receptor-gamma-t (ROR gamma t) inhibitor, S18-000003.",10.1016/j.bmcl.2018.09.032,2018.0,True,False
5ZQU,Crystal structure of tetrameric RXRalpha-LBD complexed with partial agonist CBt-PMN,experimental,"[""X-RAY DIFFRACTION""]",[2.60038789589],[0.222135555623],[0.269641540074],2018-04-20T00:00:00Z,2019-02-27T00:00:00Z,2024-10-16T00:00:00Z,P 1 21 1,1,1,2,4,Dual conformation of the ligand induces the partial agonistic activity of retinoid X receptor alpha (RXR alpha ).,10.1002/1873-3468.13301,2019.0,True,False
5ZXI,Co-crystal structure of an Inhibitor in complex with human PPARdelta LBD,experimental,"[""X-RAY DIFFRACTION""]",[2.1],[0.21657],[0.28073],2018-05-21T00:00:00Z,2019-04-03T00:00:00Z,2024-03-27T00:00:00Z,P 1 21 1,1,1,1,2,Selective PPAR delta Modulators Improve Mitochondrial Function: Potential Treatment for Duchenne Muscular Dystrophy (DMD).,10.1021/acsmedchemlett.8b00287,2018.0,True,False
6A22,Ternary complex of Human ROR gamma Ligand Binding Domain With Compound T.,experimental,"[""X-RAY DIFFRACTION""]",[2.55],[0.21744],[0.24283],2018-06-08T00:00:00Z,2018-12-12T00:00:00Z,2023-11-22T00:00:00Z,P 1 21 1,2,2,1,8,"Ternary crystal structure of human ROR gamma ligand-binding-domain, an inhibitor and corepressor peptide provides a new insight into corepressor interaction",10.1038/s41598-018-35783-9,2018.0,True,False
6A5W,FXR-LBD with HNC143 and SRC1,experimental,"[""X-RAY DIFFRACTION""]",[2.88],[0.2115],[0.2624],2018-06-25T00:00:00Z,2018-10-10T00:00:00Z,2023-11-22T00:00:00Z,P 21 21 21,2,2,1,4,Ligand binding and heterodimerization with retinoid X receptor alpha (RXR alpha ) induce farnesoid X receptor (FXR) conformational changes affecting coactivator binding,10.1074/jbc.RA118.004652,2018.0,True,False
6A5X,FXR-LBD with HNC180 and SRC1,experimental,"[""X-RAY DIFFRACTION""]",[2.6],[0.1965],[0.251],2018-06-25T00:00:00Z,2018-10-10T00:00:00Z,2024-03-27T00:00:00Z,F 2 3,2,2,2,2,Ligand binding and heterodimerization with retinoid X receptor alpha (RXR alpha ) induce farnesoid X receptor (FXR) conformational changes affecting coactivator binding,10.1074/jbc.RA118.004652,2018.0,True,False
6A5Y,Crystal structure of human FXR/RXR-LBD heterodimer bound to HNC143 and 9cRA and SRC1,experimental,"[""X-RAY DIFFRACTION""]",[2.1],[0.1975],[0.241],2018-06-25T00:00:00Z,2018-10-10T00:00:00Z,2024-03-27T00:00:00Z,P 41 21 2,3,3,4,4,Ligand binding and heterodimerization with retinoid X receptor alpha (RXR alpha ) induce farnesoid X receptor (FXR) conformational changes affecting coactivator binding,10.1074/jbc.RA118.004652,2018.0,True,False
6A5Z,Crystal structure of human FXR/RXR-LBD heterodimer bound to HNC180 and 9cRA and SRC1,experimental,"[""X-RAY DIFFRACTION""]",[2.95],[0.2214],[0.282],2018-06-25T00:00:00Z,2018-10-10T00:00:00Z,2024-03-27T00:00:00Z,P 21 21 21,3,3,2,8,Ligand binding and heterodimerization with retinoid X receptor alpha (RXR alpha ) induce farnesoid X receptor (FXR) conformational changes affecting coactivator binding,10.1074/jbc.RA118.004652,2018.0,True,False
6A60,Crystal structure of human FXR/RXR-LBD heterodimer bound to GW4064 and 9cRA and SRC1,experimental,"[""X-RAY DIFFRACTION""]",[3.05],[0.2253],[0.2883],2018-06-25T00:00:00Z,2018-10-10T00:00:00Z,2024-03-27T00:00:00Z,P 43 21 2,3,3,2,4,Ligand binding and heterodimerization with retinoid X receptor alpha (RXR alpha ) induce farnesoid X receptor (FXR) conformational changes affecting coactivator binding,10.1074/jbc.RA118.004652,2018.0,True,False
6A6K,Crystal structure of Estrogen-related Receptor-3 (ERR-gamma) ligand binding domain with DN201000,experimental,"[""X-RAY DIFFRACTION""]",[2.9],[0.2009],[0.2633],2018-06-28T00:00:00Z,2019-04-10T00:00:00Z,2023-11-22T00:00:00Z,C 1 2 1,1,1,1,3,"Discovery of Potent, Selective, and Orally Bioavailable Estrogen-Related Receptor-gamma Inverse Agonists To Restore the Sodium Iodide Symporter Function in Anaplastic Thyroid Cancer.",10.1021/acs.jmedchem.8b01296,2019.0,True,False
6A6P,Crystal Structure of Peroxisome Proliferator-Activated Receptor Delta (PPARd)LBD in Complex with DN003316,experimental,"[""X-RAY DIFFRACTION""]",[2.1],[0.1936],[0.2278],2018-06-29T00:00:00Z,2019-07-10T00:00:00Z,2023-11-22T00:00:00Z,P 1 21 1,1,1,3,2,Crystal Structure of Peroxisome Proliferator-Activated Receptor Delta (PPARd)LBD in Complex with DN003316,,,True,False
6AD9,Crystal Structure of PPARgamma Ligand Binding Domain in complex with dibenzooxepine derivative compound-9,experimental,"[""X-RAY DIFFRACTION""]",[2.2],[0.18451],[0.2399],2018-07-31T00:00:00Z,2018-11-14T00:00:00Z,2024-03-27T00:00:00Z,P 1 21 1,2,2,1,2,Development of Dihydrodibenzooxepine Peroxisome Proliferator-Activated Receptor (PPAR) Gamma Ligands of a Novel Binding Mode as Anticancer Agents: Effective Mimicry of Chiral Structures by Olefinic E/ Z-Isomers.,10.1021/acs.jmedchem.8b01200,2018.0,True,False
6AN1,Crystal structure of the complex between PPARgamma LBD and the ligand AM-879,experimental,"[""X-RAY DIFFRACTION""]",[2.687],[0.2181],[0.2753],2017-08-11T00:00:00Z,2018-02-14T00:00:00Z,2024-03-13T00:00:00Z,C 1 2 1,1,1,1,2,"Screening for PPAR Non-Agonist Ligands Followed by Characterization of a Hit, AM-879, with Additional No-Adipogenic and cdk5-Mediated Phosphorylation Inhibition Properties.",10.3389/fendo.2018.00011,2018.0,True,False
6AUG,Crystal Structure of Human PPARgamma Ligand Binding Domain in Complex with SR16832,experimental,"[""X-RAY DIFFRACTION""]",[2.73],[0.1984],[0.2809],2017-08-31T00:00:00Z,2018-09-12T00:00:00Z,2024-11-13T00:00:00Z,C 1 2 1,1,1,2,2,Cooperative cobinding of synthetic and natural ligands to the nuclear receptor PPAR gamma.,10.7554/eLife.43320,2018.0,True,False
6AVI,Crystal Structure of Human PPARgamma Ligand Binding Domain in Complex with GW9662 and Nonanoic acid,experimental,"[""X-RAY DIFFRACTION""]",[2.29],[0.2492],[0.3144],2017-09-02T00:00:00Z,2018-09-12T00:00:00Z,2024-11-06T00:00:00Z,C 1 2 1,1,1,2,2,Cooperative cobinding of synthetic and natural ligands to the nuclear receptor PPAR gamma.,10.7554/eLife.43320,2018.0,True,False
6B0F,ESTROGEN RECEPTOR ALPHA LIGAND BINDING DOMAIN IN COMPLEX WITH LSZ102,experimental,"[""X-RAY DIFFRACTION""]",[2.86],[0.227],[0.299],2017-09-14T00:00:00Z,2018-04-04T00:00:00Z,2024-04-03T00:00:00Z,C 1 2 1,1,1,2,2,"Discovery of LSZ102, a Potent, Orally Bioavailable Selective Estrogen Receptor Degrader (SERD) for the Treatment of Estrogen Receptor Positive Breast Cancer.",10.1021/acs.jmedchem.7b01682,2018.0,True,False
6B30,Structure of RORgt in complex with a novel inverse agonist 1,experimental,"[""X-RAY DIFFRACTION""]",[2.69],[0.1891],[0.2344],2017-09-20T00:00:00Z,2018-01-03T00:00:00Z,2024-03-13T00:00:00Z,P 61,1,1,1,2,"Discovery of orally efficacious ROR gamma t inverse agonists, part 1: Identification of novel phenylglycinamides as lead scaffolds.",10.1016/j.bmc.2017.12.006,2018.0,True,False
6B31,Structure of RORgt in complex with a novel inverse agonist 2,experimental,"[""X-RAY DIFFRACTION""]",[3.18],[0.1608],[0.2453],2017-09-20T00:00:00Z,2018-08-01T00:00:00Z,2024-03-13T00:00:00Z,P 61,1,1,1,2,Identification of novel quinazolinedione derivatives as ROR gamma t inverse agonist.,10.1016/j.bmc.2017.12.039,2018.0,True,False
6B33,Structure of RORgt in complex with a novel inverse agonist 3,experimental,"[""X-RAY DIFFRACTION""]",[2.48],[0.193],[0.2391],2017-09-20T00:00:00Z,2018-11-21T00:00:00Z,2024-03-13T00:00:00Z,P 61,1,1,1,2,Design and Synthesis of Conformationally Constrained ROR gamma t Inverse Agonists.,10.1002/cmdc.201900416,2019.0,True,False
6BN6,IDENTIFICATION OF BICYCLIC HEXAFLUOROISOPROPYL ALCOHOL SULFONAMIDES AS RORGT/RORC INVERSE AGONISTS,experimental,"[""X-RAY DIFFRACTION""]",[2.4],[0.203],[0.225],2017-11-16T00:00:00Z,2017-12-20T00:00:00Z,2024-03-13T00:00:00Z,P 61,1,1,2,2,Identification of bicyclic hexafluoroisopropyl alcohol sulfonamides as retinoic acid receptor-related orphan receptor gamma (ROR gamma /RORc) inverse agonists. Employing structure-based drug design to improve pregnane X receptor (PXR) selectivity.,10.1016/j.bmcl.2017.12.006,2018.0,True,False
6BNS,STRUCTURE OF HUMAN PREGNANE X RECEPTOR LIGAND BINDING DOMAIN BOUND TETHERED WITH SRC co-activator peptide and Compound 25a AKA BICYCLIC HEXAFLUOROISOPROPYL 2 ALCOHOL SULFONAMIDES,experimental,"[""X-RAY DIFFRACTION""]",[2.56],[0.2029],[0.2458],2017-11-17T00:00:00Z,2017-12-20T00:00:00Z,2024-03-13T00:00:00Z,P 21 21 21,1,1,1,2,Identification of bicyclic hexafluoroisopropyl alcohol sulfonamides as retinoic acid receptor-related orphan receptor gamma (ROR gamma /RORc) inverse agonists. Employing structure-based drug design to improve pregnane X receptor (PXR) selectivity.,10.1016/j.bmcl.2017.12.006,2018.0,True,False
6BQU,Human GR (418-507) in complex with monomeric DNA binding site,experimental,"[""X-RAY DIFFRACTION""]",[2.5],[0.2134],[0.2487],2017-11-28T00:00:00Z,2018-12-05T00:00:00Z,2023-10-04T00:00:00Z,P 21 21 21,3,1,1,4,General and sequence-specific roles for DNA in glucocorticoid receptor DNA-binding stoichiometry,,,True,False
6BR2,Structure of RORgt in complex with a novel isoquinoline inverse agonist.,experimental,"[""X-RAY DIFFRACTION""]",[3.18],[0.175],[0.2271],2017-11-29T00:00:00Z,2018-03-21T00:00:00Z,2024-03-13T00:00:00Z,P 61,1,1,2,2,"Discovery of [ cis-3-({(5 R)-5-[(7-Fluoro-1,1-dimethyl-2,3-dihydro-1 H-inden-5-yl)carbamoyl]-2-methoxy-7,8-dihydro-1,6-naphthyridin-6(5 H)-yl}carbonyl)cyclobutyl]acetic Acid (TAK-828F) as a Potent, Selective, and Orally Available Novel Retinoic Acid Receptor-Related Orphan Receptor gamma t Inverse Agonist.",10.1021/acs.jmedchem.8b00061,2018.0,True,False
6BR3,Structure of RORgt in complex with a novel inverse agonist TAK-828.,experimental,"[""X-RAY DIFFRACTION""]",[3.0],[0.1957],[0.2387],2017-11-29T00:00:00Z,2018-03-21T00:00:00Z,2024-03-13T00:00:00Z,P 61,1,1,2,2,"Discovery of [ cis-3-({(5 R)-5-[(7-Fluoro-1,1-dimethyl-2,3-dihydro-1 H-inden-5-yl)carbamoyl]-2-methoxy-7,8-dihydro-1,6-naphthyridin-6(5 H)-yl}carbonyl)cyclobutyl]acetic Acid (TAK-828F) as a Potent, Selective, and Orally Available Novel Retinoic Acid Receptor-Related Orphan Receptor gamma t Inverse Agonist.",10.1021/acs.jmedchem.8b00061,2018.0,True,False
6C1I,Crystal Structure of Human PPARgamma Ligand Binding Domain in Complex with T0070907,experimental,"[""X-RAY DIFFRACTION""]",[2.26],[0.215],[0.283],2018-01-04T00:00:00Z,2018-12-12T00:00:00Z,2024-10-23T00:00:00Z,C 1 2 1,1,1,2,2,A structural mechanism for directing corepressor-selective inverse agonism of PPAR gamma.,10.1038/s41467-018-07133-w,2018.0,True,False
6C42,Estrogen Receptor Alpha Ligand Binding Domain in Complex with OP1156,experimental,"[""X-RAY DIFFRACTION""]",[1.997],[0.2283],[0.2684],2018-01-11T00:00:00Z,2018-02-14T00:00:00Z,2023-10-04T00:00:00Z,C 1 2 1,1,1,1,2,Specific stereochemistry of OP-1074 disrupts estrogen receptor alpha helix 12 and confers pure antiestrogenic activity.,10.1038/s41467-018-04413-3,2018.0,True,False
6C5Q,PPARg LBD bound to SR10171,experimental,"[""X-RAY DIFFRACTION""]",[2.404],[0.2488],[0.2768],2018-01-16T00:00:00Z,2018-08-01T00:00:00Z,2024-11-13T00:00:00Z,P 65 2 2,1,1,1,1,PPAR gamma in Complex with an Antagonist and Inverse Agonist: a Tumble and Trap Mechanism of the Activation Helix.,10.1016/j.isci.2018.06.012,2018.0,True,False
6C5T,PPARg LBD bound to SR11023,experimental,"[""X-RAY DIFFRACTION""]",[2.75],[0.2541],[0.2861],2018-01-16T00:00:00Z,2018-08-01T00:00:00Z,2024-10-16T00:00:00Z,P 65 2 2,1,1,1,1,PPAR gamma in Complex with an Antagonist and Inverse Agonist: a Tumble and Trap Mechanism of the Activation Helix.,10.1016/j.isci.2018.06.012,2018.0,True,False
6CBZ,Estrogen Receptor Alpha Ligand Binding Domain Y537S Mutant in Complex with Estradiol and GRIP Peptide,experimental,"[""X-RAY DIFFRACTION""]",[1.65],[0.1845],[0.2135],2018-02-05T00:00:00Z,2018-02-28T00:00:00Z,2025-04-02T00:00:00Z,P 1 21 1,3,3,2,4,"Endoxifen, 4-Hydroxytamoxifen and an Estrogenic Derivative Modulate Estrogen Receptor Complex Mediated Apoptosis in Breast Cancer.",10.1124/mol.117.111385,2018.0,True,False
6CFN,Crystal Structure of the DNA-free Glucocorticoid Receptor DNA Binding Domain,experimental,"[""X-RAY DIFFRACTION""]",[2.5],[0.1946],[0.2483],2018-02-15T00:00:00Z,2018-09-26T00:00:00Z,2024-10-23T00:00:00Z,P 1,1,1,1,8,The first crystal structure of a DNA-free nuclear receptor DNA binding domain sheds light on DNA-driven allostery in the glucocorticoid receptor.,10.1038/s41598-018-31812-9,2018.0,True,False
6CHT,HNF4alpha in complex with the corepressor EBP1 fragment,experimental,"[""X-RAY DIFFRACTION""]",[3.174],[0.2622],[0.2742],2018-02-22T00:00:00Z,2019-02-27T00:00:00Z,2024-12-25T00:00:00Z,P 1 21 1,2,2,1,20,ErbB3-binding protein 1 (EBP1) represses HNF4 alpha-mediated transcription and insulin secretion in pancreatic beta-cells.,10.1074/jbc.RA119.009558,2019.0,True,False
6CHW,Estrogen Receptor Alpha Y537S covalently bound to antagonist H3B-5942.,experimental,"[""X-RAY DIFFRACTION""]",[1.89],[0.19954],[0.25694],2018-02-23T00:00:00Z,2018-03-21T00:00:00Z,2024-10-23T00:00:00Z,P 65 2 2,1,1,3,1,Discovery of Selective Estrogen Receptor Covalent Antagonists for the Treatment of ER alphaWTand ER alphaMUTBreast Cancer.,10.1158/2159-8290.CD-17-1229,2018.0,True,False
6CHZ,Estrogen Receptor Alpha Y537S bound to antagonist H3B-9224.,experimental,"[""X-RAY DIFFRACTION""]",[1.68],[0.21233],[0.26187],2018-02-23T00:00:00Z,2018-03-21T00:00:00Z,2024-03-13T00:00:00Z,P 65 2 2,1,1,2,1,Discovery of Selective Estrogen Receptor Covalent Antagonists for the Treatment of ER alphaWTand ER alphaMUTBreast Cancer.,10.1158/2159-8290.CD-17-1229,2018.0,True,False
6CN5,HUMAN RETENOID-RELATED ORPHAN RECEPTOR-GAMMA LIGAND- BINDING DOMAIN IN COMPLEX WITH INDOLE LIGAND CP9b IN INVERSE AGONIST CONFORMATION,experimental,"[""X-RAY DIFFRACTION""]",[2.3],[0.1709],[0.2222],2018-03-07T00:00:00Z,2018-09-05T00:00:00Z,2023-10-04T00:00:00Z,P 61,1,1,1,2,"Discovery of 3-Cyano- N-(3-(1-isobutyrylpiperidin-4-yl)-1-methyl-4-(trifluoromethyl)-1 H-pyrrolo[2,3- b]pyridin-5-yl)benzamide: A Potent, Selective, and Orally Bioavailable Retinoic Acid Receptor-Related Orphan Receptor C2 Inverse Agonist.",10.1021/acs.jmedchem.8b00392,2018.0,True,False
6CN6,RORC2 LBD complexed with compound 34,experimental,"[""X-RAY DIFFRACTION""]",[2.45],[0.1888],[0.2407],2018-03-07T00:00:00Z,2018-09-05T00:00:00Z,2024-11-06T00:00:00Z,P 61 2 2,1,1,1,1,"Discovery of 3-Cyano- N-(3-(1-isobutyrylpiperidin-4-yl)-1-methyl-4-(trifluoromethyl)-1 H-pyrrolo[2,3- b]pyridin-5-yl)benzamide: A Potent, Selective, and Orally Bioavailable Retinoic Acid Receptor-Related Orphan Receptor C2 Inverse Agonist.",10.1021/acs.jmedchem.8b00392,2018.0,True,False
6CVH,Identification and biological evaluation of thiazole-based inverse agonists of RORgt,experimental,"[""X-RAY DIFFRACTION""]",[3.5],[0.2598],[0.3096],2018-03-28T00:00:00Z,2018-04-25T00:00:00Z,2024-03-13T00:00:00Z,P 61 2 2,1,1,1,1,Identification and biological evaluation of thiazole-based inverse agonists of ROR gamma t.,10.1016/j.bmcl.2018.03.093,2018.0,True,False
6CZN,Estrogen Receptor Alpha Ligand Binding Domain Y537S Mutant in Complex with Z2OHTPE and a glucocorticoid receptor-interacting protein 1 NR box II peptide,experimental,"[""X-RAY DIFFRACTION""]",[2.5],[0.196],[0.238],2018-04-09T00:00:00Z,2019-03-20T00:00:00Z,2023-10-04T00:00:00Z,P 1 21 1,2,2,1,4,Estrogen Receptor Alpha Ligand Binding Domain Y537S Mutant in Complex with Z2OHTPE and a glucocorticoid receptor-interacting protein 1 NR box II peptide,,,True,False
6D0F,Estrogen Receptor Alpha Ligand Binding Domain Y537S Mutant in Complex with 3OHTPE and GRIP Peptide,experimental,"[""X-RAY DIFFRACTION""]",[2.5],[0.2098],[0.2414],2018-04-10T00:00:00Z,2019-04-17T00:00:00Z,2023-10-04T00:00:00Z,P 1 21 1,2,2,1,4,Estrogen Receptor Alpha Ligand Binding Domain Y537S Mutant in Complex with 3OHTPE and GRIP Peptide,,,True,False
6D3E,PPARg LBD in Complex with SR1988,experimental,"[""X-RAY DIFFRACTION""]",[2.395],[0.2056],[0.2637],2018-04-15T00:00:00Z,2019-02-27T00:00:00Z,2023-10-04T00:00:00Z,C 1 2 1,1,1,1,2,Structural and Dynamic Elucidation of a Non-acid PPARgammaPartial Agonist: SR1988.,10.11131/2018/101350,2018.0,True,False
6D8X,PPAR gamma LBD complexed with the agonist GW1929,experimental,"[""X-RAY DIFFRACTION""]",[1.9],[0.2054],[0.2446],2018-04-27T00:00:00Z,2019-05-01T00:00:00Z,2023-10-04T00:00:00Z,P 41 21 2,1,1,4,1,PPAR gamma LBD complexed with the agonist GW1929,,,True,False
6D94,Crystal structure of PPAR gamma in complex with Mediator of RNA polymerase II transcription subunit 1,experimental,"[""X-RAY DIFFRACTION""]",[1.9],[0.199],[0.2576],2018-04-27T00:00:00Z,2019-05-01T00:00:00Z,2023-10-25T00:00:00Z,C 2 2 21,2,2,1,2,A structural mechanism of nuclear receptor biased agonism.,10.1073/pnas.2215333119,2022.0,True,False
6DBH,Crystal structure of PPAR gamma in complex with NMP422,experimental,"[""X-RAY DIFFRACTION""]",[2.597],[0.2049],[0.2621],2018-05-03T00:00:00Z,2019-05-08T00:00:00Z,2023-10-04T00:00:00Z,C 1 2 1,1,1,2,2,Crystal structure of PPAR gamma in complex with NMP422,,,True,False
6DCU,Crystal structure of PPAR gamma co-crystallized with nTZDpa,experimental,"[""X-RAY DIFFRACTION""]",[2.95],[0.2644],[0.3027],2018-05-08T00:00:00Z,2019-05-15T00:00:00Z,2023-10-11T00:00:00Z,H 3,1,1,1,2,Crystal structure of PPAR gamma in complex with NMP422,,,True,False
6DDA,Nurr1 Covalently Modified by a Dopamine Metabolite,experimental,"[""X-RAY DIFFRACTION""]",[3.2],[0.2497],[0.2945],2018-05-09T00:00:00Z,2019-03-20T00:00:00Z,2024-12-25T00:00:00Z,P 31 2 1,2,2,3,3,Covalent Modification and Regulation of the Nuclear Receptor Nurr1 by a Dopamine Metabolite.,10.1016/j.chembiol.2019.02.002,2019.0,True,False
6DF6,Crystal structure of estrogen receptor alpha in complex with receptor degrader 16ab,experimental,"[""X-RAY DIFFRACTION""]",[2.5],[0.2183],[0.2727],2018-05-14T00:00:00Z,2019-02-20T00:00:00Z,2024-03-13T00:00:00Z,P 1,1,1,2,4,Unexpected equivalent potency of a constrained chromene enantiomeric pair rationalized by co-crystal structures in complex with estrogen receptor alpha.,10.1016/j.bmcl.2019.01.036,2019.0,True,False
6DFN,Crystal structure of estrogen receptor alpha in complex with receptor degrader 16aa,experimental,"[""X-RAY DIFFRACTION""]",[2.1],[0.2475],[0.26503],2018-05-15T00:00:00Z,2019-02-20T00:00:00Z,2024-04-03T00:00:00Z,P 1,1,1,4,4,Unexpected equivalent potency of a constrained chromene enantiomeric pair rationalized by co-crystal structures in complex with estrogen receptor alpha.,10.1016/j.bmcl.2019.01.036,2019.0,True,False
6DGL,Crystal Structure of Human PPARgamma Ligand Binding Domain in Complex with Darglitazone,experimental,"[""X-RAY DIFFRACTION""]",[1.95],[0.2224],[0.2685],2018-05-17T00:00:00Z,2019-05-22T00:00:00Z,2023-10-11T00:00:00Z,C 1 2 1,1,1,1,2,Quantitative structural assessment of graded receptor agonism.,10.1073/pnas.1909016116,2019.0,True,False
6DGO,Crystal Structure of Human PPARgamma Ligand Binding Domain in Complex with Troglitazone,experimental,"[""X-RAY DIFFRACTION""]",[3.1],[0.1936],[0.276],2018-05-17T00:00:00Z,2019-05-22T00:00:00Z,2023-10-11T00:00:00Z,C 1 2 1,1,1,1,2,Quantitative structural assessment of graded receptor agonism.,10.1073/pnas.1909016116,2019.0,True,False
6DGP,Crystal Structure of Human PPARgamma Ligand Binding Domain in Complex with TRAP220 Coactivator Peptide,experimental,"[""X-RAY DIFFRACTION""]",[3.1],[0.2216],[0.2939],2018-05-17T00:00:00Z,2019-05-22T00:00:00Z,2023-10-11T00:00:00Z,C 1 2 1,2,2,0,4,Crystal Structure of Human PPARgamma Ligand Binding Domain in Complex with TRAP220 Coactivator Peptide,,,True,False
6DGQ,Crystal Structure of Human PPARgamma Ligand Binding Domain in Complex with CAY10506,experimental,"[""X-RAY DIFFRACTION""]",[2.45],[0.1911],[0.2467],2018-05-17T00:00:00Z,2019-05-22T00:00:00Z,2023-10-11T00:00:00Z,C 1 2 1,1,1,1,2,Quantitative structural assessment of graded receptor agonism.,10.1073/pnas.1909016116,2019.0,True,False
6DGR,Crystal Structure of Human PPARgamma Ligand Binding Domain in Complex with CAY10638,experimental,"[""X-RAY DIFFRACTION""]",[2.15],[0.2159],[0.2639],2018-05-18T00:00:00Z,2019-05-22T00:00:00Z,2023-10-11T00:00:00Z,C 1 2 1,1,1,1,2,Quantitative structural assessment of graded receptor agonism.,10.1073/pnas.1909016116,2019.0,True,False
6DH9,Crystal Structure of Human PPARgamma Ligand Binding Domain in Complex with MSDC-0602,experimental,"[""X-RAY DIFFRACTION""]",[2.7],[0.185],[0.25],2018-05-18T00:00:00Z,2019-05-22T00:00:00Z,2023-10-11T00:00:00Z,C 1 2 1,1,1,2,2,Crystal Structure of Human PPARgamma Ligand Binding Domain in Complex with MSDC-0602,,,True,False
6DHA,Crystal Structure of Human PPARgamma Ligand Binding Domain in Complex with Hydroxy Pioglitazone (M-IV),experimental,"[""X-RAY DIFFRACTION""]",[1.88],[0.22],[0.255],2018-05-18T00:00:00Z,2019-03-13T00:00:00Z,2023-10-11T00:00:00Z,C 1 2 1,1,1,2,2,Structural Basis of Altered Potency and Efficacy Displayed by a Major in Vivo Metabolite of the Antidiabetic PPAR gamma Drug Pioglitazone.,10.1021/acs.jmedchem.8b01573,2019.0,True,False
6DUP,CRYSTAL STRUCTURE OF PXR IN COMPLEX WITH COMPOUND 7,experimental,"[""X-RAY DIFFRACTION""]",[2.3],[0.226],[0.266],2018-06-21T00:00:00Z,2018-08-29T00:00:00Z,2024-03-13T00:00:00Z,P 21 21 21,1,1,1,2,Amelioration of PXR-mediated CYP3A4 induction by mGluR2 modulators.,10.1016/j.bmcl.2018.08.022,2018.0,True,False
6DXK,Glucocorticoid Receptor in complex with Compound 11,experimental,"[""X-RAY DIFFRACTION""]",[3.05],[0.21678],[0.25989],2018-06-29T00:00:00Z,2018-10-03T00:00:00Z,2023-10-11T00:00:00Z,P 21 21 21,1,1,1,2,Discovery of a Potent and Selective Steroidal Glucocorticoid Receptor Antagonist (ORIC-101).,10.1021/acs.jmedchem.8b00743,2018.0,True,False
6E3E,Structure of RORgt in complex with a novel inverse agonist.,experimental,"[""X-RAY DIFFRACTION""]",[2.47],[0.1725],[0.2135],2018-07-13T00:00:00Z,2019-07-17T00:00:00Z,2024-03-13T00:00:00Z,P 61,1,1,3,2,"Design, Synthesis, and Biological Evaluation of Retinoic Acid-Related Orphan Receptor gamma t (ROR gamma t) Agonist Structure-Based Functionality Switching Approach from In House ROR gamma t Inverse Agonist to ROR gamma t Agonist.",10.1021/acs.jmedchem.8b01181,2019.0,True,False
6E3G,Structure of RORgt in complex with a novel agonist.,experimental,"[""X-RAY DIFFRACTION""]",[2.1],[0.193],[0.2431],2018-07-13T00:00:00Z,2019-06-12T00:00:00Z,2024-03-13T00:00:00Z,P 41,2,2,2,4,"Design, Synthesis, and Biological Evaluation of Retinoic Acid-Related Orphan Receptor gamma t (ROR gamma t) Agonist Structure-Based Functionality Switching Approach from In House ROR gamma t Inverse Agonist to ROR gamma t Agonist.",10.1021/acs.jmedchem.8b01181,2019.0,True,False
6E5A,PPARg in complex with compound 4b,experimental,"[""X-RAY DIFFRACTION""]",[2.4],[0.2209],[0.2677],2018-07-19T00:00:00Z,2019-03-13T00:00:00Z,2024-12-18T00:00:00Z,C 1 2 1,1,1,1,2,Shooting three inflammatory targets with a single bullet: Novel multi-targeting anti-inflammatory glitazones.,10.1016/j.ejmech.2019.02.034,2019.0,True,False
6EL6,Glucocorticoid Receptor in complex with compound 4,experimental,"[""X-RAY DIFFRACTION""]",[2.4],[0.25],[0.283],2017-09-28T00:00:00Z,2018-02-21T00:00:00Z,2024-01-17T00:00:00Z,P 32 2 1,2,2,2,2,Discovery of a Novel Oral Glucocorticoid Receptor Modulator (AZD9567) with Improved Side Effect Profile.,10.1021/acs.jmedchem.7b01690,2018.0,True,False
6EL7,Glucocorticoid Receptor in complex with compound 31,experimental,"[""X-RAY DIFFRACTION""]",[2.18],[0.192],[0.225],2017-09-28T00:00:00Z,2018-02-21T00:00:00Z,2024-01-17T00:00:00Z,P 32 2 1,2,2,2,2,Discovery of a Novel Oral Glucocorticoid Receptor Modulator (AZD9567) with Improved Side Effect Profile.,10.1021/acs.jmedchem.7b01690,2018.0,True,False
6EL9,Glucocorticoid Receptor in complex with AZD9567,experimental,"[""X-RAY DIFFRACTION""]",[2.19],[0.194],[0.224],2017-09-28T00:00:00Z,2018-02-21T00:00:00Z,2024-01-17T00:00:00Z,P 32 2 1,2,2,2,2,Discovery of a Novel Oral Glucocorticoid Receptor Modulator (AZD9567) with Improved Side Effect Profile.,10.1021/acs.jmedchem.7b01690,2018.0,True,False
6ENQ,Structure of human PPAR gamma LBD in complex with Lanifibranor (IVA337),experimental,"[""X-RAY DIFFRACTION""]",[2.2],[0.2268],[0.2714],2017-10-06T00:00:00Z,2018-03-14T00:00:00Z,2024-01-17T00:00:00Z,C 1 2 1,1,1,1,2,"Design, Synthesis, and Evaluation of a Novel Series of Indole Sulfonamide Peroxisome Proliferator Activated Receptor (PPAR) alpha / gamma / delta Triple Activators: Discovery of Lanifibranor, a New Antifibrotic Clinical Candidate.",10.1021/acs.jmedchem.7b01285,2018.0,True,False
6ESN,Ligand complex of RORg LBD,experimental,"[""X-RAY DIFFRACTION""]",[1.84],[0.2117],[0.2607],2017-10-23T00:00:00Z,2018-08-22T00:00:00Z,2024-05-08T00:00:00Z,P 41 21 2,2,2,2,2,Potent and Orally Bioavailable Inverse Agonists of ROR gamma t Resulting from Structure-Based Design.,10.1021/acs.jmedchem.8b00783,2018.0,True,False
6F2L,Crystal structure of the complex between PPARgamma LBD and the ligand LJ570: structure obtained from crystals of the apo-form soaked for 15 days.,experimental,"[""X-RAY DIFFRACTION""]",[2.1],[0.2358],[0.3022],2017-11-24T00:00:00Z,2018-01-10T00:00:00Z,2024-02-07T00:00:00Z,C 1 2 1,1,1,1,2,Identification of the First PPAR alpha / gamma Dual Agonist Able To Bind to Canonical and Alternative Sites of PPAR gamma and To Inhibit Its Cdk5-Mediated Phosphorylation.,10.1021/acs.jmedchem.8b00835,2018.0,True,False
6FBQ,"Crystal Structure of the Human Retinoid X Receptor DNA-Binding Domain Bound to the Human MEp DR1 Response Element, pH 7.0",experimental,"[""X-RAY DIFFRACTION""]",[1.6],[0.163],[0.198],2017-12-19T00:00:00Z,2018-12-05T00:00:00Z,2024-01-17T00:00:00Z,C 1 2 1,3,1,2,4,Modulation of RXR-DNA complex assembly by DNA context.,10.1016/j.mce.2018.11.008,2019.0,True,False
6FBR,"Crystal Structure of the Human Retinoid X Receptor DNA-Binding Domain Bound to the Human MEp DR1 Response Element, pH 4.2",experimental,"[""X-RAY DIFFRACTION""]",[2.1],[0.178],[0.232],2017-12-19T00:00:00Z,2018-12-05T00:00:00Z,2024-11-13T00:00:00Z,P 31 2 1,3,1,4,4,Modulation of RXR-DNA complex assembly by DNA context.,10.1016/j.mce.2018.11.008,2019.0,True,False
6FGQ,Ligand complex of RORg LBD,experimental,"[""X-RAY DIFFRACTION""]",[2.37],[0.212],[0.242],2018-01-11T00:00:00Z,2018-08-22T00:00:00Z,2024-05-08T00:00:00Z,P 61,1,1,1,2,Potent and Orally Bioavailable Inverse Agonists of ROR gamma t Resulting from Structure-Based Design.,10.1021/acs.jmedchem.8b00783,2018.0,True,False
6FX0,"Structure-based design of Trifarotene (CD5789), a potent and selective RAR gamma agonist for the treatment of acne",experimental,"[""X-RAY DIFFRACTION""]",[1.9],[0.19],[0.224],2018-03-08T00:00:00Z,2018-05-23T00:00:00Z,2024-05-08T00:00:00Z,P 41 21 2,1,1,2,1,"Structure-based design of Trifarotene (CD5789), a potent and selective RAR gamma agonist for the treatment of acne.",10.1016/j.bmcl.2018.04.036,2018.0,True,False
6FZF,PPAR mutant complex,experimental,"[""X-RAY DIFFRACTION""]",[1.95],[0.1522],[0.1944],2018-03-14T00:00:00Z,2019-02-13T00:00:00Z,2024-01-17T00:00:00Z,P 1 21 1,2,2,1,4,Recurrent activating mutations of PPAR gamma associated with luminal bladder tumors.,10.1038/s41467-018-08157-y,2019.0,True,False
6FZG,PPAR gamma mutant complex,experimental,"[""X-RAY DIFFRACTION""]",[2.1],[0.1641],[0.2084],2018-03-14T00:00:00Z,2019-02-13T00:00:00Z,2024-01-17T00:00:00Z,P 41 21 2,1,1,2,1,Recurrent activating mutations of PPAR gamma associated with luminal bladder tumors.,10.1038/s41467-018-08157-y,2019.0,True,False
6FZJ,PPAR gamma mutant complex,experimental,"[""X-RAY DIFFRACTION""]",[2.011],[0.175],[0.226],2018-03-14T00:00:00Z,2019-02-13T00:00:00Z,2024-01-17T00:00:00Z,P 1 21 1,2,2,3,4,Recurrent activating mutations of PPAR gamma associated with luminal bladder tumors.,10.1038/s41467-018-08157-y,2019.0,True,False
6FZP,PPAR gamma complex.,experimental,"[""X-RAY DIFFRACTION""]",[2.3],[0.219],[0.252],2018-03-15T00:00:00Z,2019-02-13T00:00:00Z,2024-01-17T00:00:00Z,C 2 2 21,2,2,1,2,Recurrent activating mutations of PPAR gamma associated with luminal bladder tumors.,10.1038/s41467-018-08157-y,2019.0,True,False
6FZU,"RORGT (264-518;C455S) IN COMPLEX WITH THE FRAGMENT (""CPD-1"") AND RIP140 PEPTIDE AT 1.80A",experimental,"[""X-RAY DIFFRACTION""]",[1.8],[0.2148],[0.2512],2018-03-15T00:00:00Z,2018-07-18T00:00:00Z,2024-01-17T00:00:00Z,P 1 21 1,2,2,1,4,Optimizing a Weakly Binding Fragment into a Potent ROR gamma t Inverse Agonist with Efficacy in an in Vivo Inflammation Model.,10.1021/acs.jmedchem.8b00529,2018.0,True,False
6FZY,PPAR mutant,experimental,"[""X-RAY DIFFRACTION""]",[3.1],[0.195],[0.2348],2018-03-15T00:00:00Z,2019-02-13T00:00:00Z,2024-05-08T00:00:00Z,P 21 21 21,1,1,0,2,Recurrent activating mutations of PPAR gamma associated with luminal bladder tumors.,10.1038/s41467-018-08157-y,2019.0,True,False
6G05,"RORGT (264-518;C455S) IN COMPLEX WITH INVERSE AGONIST ""CPD-2"" AND RIP140 PEPTIDE AT 1.90A",experimental,"[""X-RAY DIFFRACTION""]",[1.9],[0.2231],[0.2483],2018-03-16T00:00:00Z,2018-07-18T00:00:00Z,2024-01-17T00:00:00Z,P 1 21 1,2,2,1,4,Optimizing a Weakly Binding Fragment into a Potent ROR gamma t Inverse Agonist with Efficacy in an in Vivo Inflammation Model.,10.1021/acs.jmedchem.8b00529,2018.0,True,False
6G07,"RORGT (264-518;C455S) IN COMPLEX WITH INVERSE AGONIST ""CPD-9"" AND RIP140 PEPTIDE AT 1.66A",experimental,"[""X-RAY DIFFRACTION""]",[1.66],[0.2143],[0.2329],2018-03-16T00:00:00Z,2018-07-18T00:00:00Z,2024-01-17T00:00:00Z,P 1 21 1,2,2,1,8,Optimizing a Weakly Binding Fragment into a Potent ROR gamma t Inverse Agonist with Efficacy in an in Vivo Inflammation Model.,10.1021/acs.jmedchem.8b00529,2018.0,True,False
6GEV,Mineralocorticoid receptor in complex with (s)-13,experimental,"[""X-RAY DIFFRACTION""]",[1.54],[0.172],[0.19],2018-04-27T00:00:00Z,2019-01-09T00:00:00Z,2024-05-15T00:00:00Z,P 21 21 21,2,2,2,2,Identification of Mineralocorticoid Receptor Modulators with Low Impact on Electrolyte Homeostasis but Maintained Organ Protection.,10.1021/acs.jmedchem.8b01523,2019.0,True,False
6GG8,Mineralocorticoid receptor in complex with (s)-13,experimental,"[""X-RAY DIFFRACTION""]",[1.8],[0.206],[0.228],2018-05-03T00:00:00Z,2019-01-09T00:00:00Z,2024-01-17T00:00:00Z,P 21 21 21,2,2,2,2,Identification of Mineralocorticoid Receptor Modulators with Low Impact on Electrolyte Homeostasis but Maintained Organ Protection.,10.1021/acs.jmedchem.8b01523,2019.0,True,False
6GGG,Mineralocorticoid receptor in complex with (s)-13,experimental,"[""X-RAY DIFFRACTION""]",[1.71],[0.18],[0.192],2018-05-03T00:00:00Z,2019-01-09T00:00:00Z,2024-01-17T00:00:00Z,P 41 21 2,2,2,2,2,Identification of Mineralocorticoid Receptor Modulators with Low Impact on Electrolyte Homeostasis but Maintained Organ Protection.,10.1021/acs.jmedchem.8b01523,2019.0,True,False
6HHP,Ternary complex of Estrogen Receptor alpha peptide and 14-3-3 sigma C42 mutant bound to disulfide fragment PPI stabilizer 1,experimental,"[""X-RAY DIFFRACTION""]",[1.802],[0.1712],[0.2153],2018-08-28T00:00:00Z,2019-02-27T00:00:00Z,2024-10-16T00:00:00Z,C 2 2 21,2,2,2,2,Site-Directed Fragment-Based Screening for the Discovery of Protein-Protein Interaction Stabilizers.,10.1021/jacs.8b11658,2019.0,True,False
6HJ2,Crystal structure of hPXR in complex with dabrafenib,experimental,"[""X-RAY DIFFRACTION""]",[2.28],[0.1897],[0.2321],2018-08-31T00:00:00Z,2020-03-25T00:00:00Z,2024-06-05T00:00:00Z,P 43 21 2,1,1,2,1,Structure-Based and Knowledge-Informed Design of B-Raf Inhibitors Devoid of Deleterious PXR Binding.,10.1021/acs.jmedchem.1c01354,2022.0,True,False
6HKB,Ternary complex of Estrogen Receptor alpha peptide and 14-3-3 sigma C42 mutant bound to disulfide fragment PPI stabilizer 3,experimental,"[""X-RAY DIFFRACTION""]",[1.7],[0.1768],[0.2],2018-09-06T00:00:00Z,2019-02-27T00:00:00Z,2024-11-13T00:00:00Z,C 2 2 21,2,2,2,2,Site-Directed Fragment-Based Screening for the Discovery of Protein-Protein Interaction Stabilizers.,10.1021/jacs.8b11658,2019.0,True,False
6HKF,Ternary complex of Estrogen Receptor alpha peptide and 14-3-3 sigma C42 mutant bound to disulfide fragment PPI stabilizer 4,experimental,"[""X-RAY DIFFRACTION""]",[1.801],[0.181],[0.2114],2018-09-06T00:00:00Z,2019-02-27T00:00:00Z,2024-11-20T00:00:00Z,C 2 2 21,2,2,2,2,Site-Directed Fragment-Based Screening for the Discovery of Protein-Protein Interaction Stabilizers.,10.1021/jacs.8b11658,2019.0,True,False
6HL0,Crystal Structure of Farnesoid X receptor (FXR) with bound NCoA-2 peptide,experimental,"[""X-RAY DIFFRACTION""]",[1.66],[0.2153],[0.2458],2018-09-10T00:00:00Z,2019-05-29T00:00:00Z,2024-01-24T00:00:00Z,C 1 2 1,2,2,0,2,Molecular tuning of farnesoid X receptor partial agonism.,10.1038/s41467-019-10853-2,2019.0,True,False
6HL1,Crystal Structure of Farnesoid X receptor (FXR) with bound NCoA-2 peptide and CDCA,experimental,"[""X-RAY DIFFRACTION""]",[1.599],[0.1979],[0.246],2018-09-10T00:00:00Z,2019-05-29T00:00:00Z,2024-01-24T00:00:00Z,C 1 2 1,2,2,1,2,Molecular tuning of farnesoid X receptor partial agonism.,10.1038/s41467-019-10853-2,2019.0,True,False
6HMU,Ternary complex of Estrogen Receptor alpha peptide and 14-3-3 sigma C45 mutant bound to disulfide fragment PPI stabilizer 6,experimental,"[""X-RAY DIFFRACTION""]",[1.2],[0.1874],[0.2061],2018-09-12T00:00:00Z,2019-02-27T00:00:00Z,2024-11-13T00:00:00Z,C 2 2 21,2,2,2,2,Site-Directed Fragment-Based Screening for the Discovery of Protein-Protein Interaction Stabilizers.,10.1021/jacs.8b11658,2019.0,True,False
6HN6,A revisited version of the apo structure of the ligand-binding domain of the human nuclear receptor RXR-ALPHA,experimental,"[""X-RAY DIFFRACTION""]",[2.71],[0.173],[0.231],2018-09-14T00:00:00Z,2019-02-20T00:00:00Z,2024-06-19T00:00:00Z,P 63 2 2,1,1,1,1,A revisited version of the apo structure of the ligand-binding domain of the human nuclear receptor retinoic X receptor alpha.,10.1107/S2053230X18018022,2019.0,True,False
6HTY,PXR in complex with P2X4 inhibitor compound 25,experimental,"[""X-RAY DIFFRACTION""]",[2.22],[0.1847],[0.22611],2018-10-05T00:00:00Z,2019-12-04T00:00:00Z,2024-01-24T00:00:00Z,P 21 21 21,1,1,3,2,Discovery and Characterization of the Potent and Selective P2X4 InhibitorN-[4-(3-Chlorophenoxy)-3-sulfamoylphenyl]-2-phenylacetamide (BAY-1797) and Structure-Guided Amelioration of Its CYP3A4 Induction Profile.,10.1021/acs.jmedchem.9b01304,2019.0,True,False
6I61,Crystal structure of human ERRg LBD in complex with bisphenol-B,experimental,"[""X-RAY DIFFRACTION""]",[1.65],[0.1851],[0.2191],2018-11-15T00:00:00Z,2019-07-03T00:00:00Z,2024-01-24T00:00:00Z,P 41 21 2,1,1,3,1,Insights into the activation mechanism of human estrogen-related receptor gamma by environmental endocrine disruptors.,10.1007/s00018-019-03129-x,2019.0,True,False
6I62,Crystal structure of human ERRg LBD in complex with HPTE,experimental,"[""X-RAY DIFFRACTION""]",[1.65],[0.175],[0.1997],2018-11-15T00:00:00Z,2019-07-03T00:00:00Z,2024-01-24T00:00:00Z,P 41 21 2,1,1,1,1,Insights into the activation mechanism of human estrogen-related receptor gamma by environmental endocrine disruptors.,10.1007/s00018-019-03129-x,2019.0,True,False
6I63,Crystal structure of human ERRg LBD in complex with bisphenol-A,experimental,"[""X-RAY DIFFRACTION""]",[2.229],[0.1574],[0.2062],2018-11-15T00:00:00Z,2019-07-03T00:00:00Z,2024-01-24T00:00:00Z,P 41 21 2,1,1,1,1,Insights into the activation mechanism of human estrogen-related receptor gamma by environmental endocrine disruptors.,10.1007/s00018-019-03129-x,2019.0,True,False
6I64,Crystal structure of human ERRg LBD in complex with bisphenol-E,experimental,"[""X-RAY DIFFRACTION""]",[1.91],[0.1974],[0.2369],2018-11-15T00:00:00Z,2019-07-03T00:00:00Z,2024-01-24T00:00:00Z,P 41 21 2,1,1,2,1,Insights into the activation mechanism of human estrogen-related receptor gamma by environmental endocrine disruptors.,10.1007/s00018-019-03129-x,2019.0,True,False
6I65,Crystal structure of human ERRg LBD in complex with 4-iso-propylphenol,experimental,"[""X-RAY DIFFRACTION""]",[1.5],[0.1728],[0.1975],2018-11-15T00:00:00Z,2019-07-03T00:00:00Z,2024-01-24T00:00:00Z,P 41 21 2,1,1,1,1,Insights into the activation mechanism of human estrogen-related receptor gamma by environmental endocrine disruptors.,10.1007/s00018-019-03129-x,2019.0,True,False
6I66,Crystal structure of human ERRg LBD in complex with 4-sec-butylphenol,experimental,"[""X-RAY DIFFRACTION""]",[1.6],[0.1741],[0.2068],2018-11-15T00:00:00Z,2019-07-03T00:00:00Z,2024-01-24T00:00:00Z,P 41 21 2,1,1,2,1,Insights into the activation mechanism of human estrogen-related receptor gamma by environmental endocrine disruptors.,10.1007/s00018-019-03129-x,2019.0,True,False
6I67,Crystal structure of human ERRg LBD in complex with tetrahydro-2-naphtol,experimental,"[""X-RAY DIFFRACTION""]",[1.75],[0.1709],[0.2084],2018-11-15T00:00:00Z,2019-07-03T00:00:00Z,2024-01-24T00:00:00Z,P 41 21 2,1,1,2,1,Insights into the activation mechanism of human estrogen-related receptor gamma by environmental endocrine disruptors.,10.1007/s00018-019-03129-x,2019.0,True,False
6IAR,Tricyclic indazoles a novel class of selective estrogen receptor degrader antagonists,experimental,"[""X-RAY DIFFRACTION""]",[1.84],[0.18975],[0.23945],2018-11-27T00:00:00Z,2019-01-23T00:00:00Z,2026-07-22T00:00:00Z,P 65 2 2,1,1,1,1,Tricyclic Indazoles-A Novel Class of Selective Estrogen Receptor Degrader Antagonists.,10.1021/acs.jmedchem.8b01837,2019.0,True,False
6ICJ,Crystal structure of PPARgamma with compound BR102375K,experimental,"[""X-RAY DIFFRACTION""]",[2.483],[0.23],[0.282],2018-09-06T00:00:00Z,2019-09-11T00:00:00Z,2023-11-22T00:00:00Z,C 2 2 21,2,2,2,2,Crystal structure of PPARgamma with compound BR102375K,,,True,False
6IJR,Human PPARgamma ligand binding domain complexed with SB1495,experimental,"[""X-RAY DIFFRACTION""]",[2.85],[0.23601],[0.26601],2018-10-11T00:00:00Z,2019-10-16T00:00:00Z,2024-10-30T00:00:00Z,P 21 21 21,2,2,1,4,Structural basis for the inhibitory effects of a novel reversible covalent ligand on PPAR gamma phosphorylation.,10.1038/s41598-019-47672-w,2019.0,True,False
6IJS,Human PPARgamma ligand binding domain complexed with SB1494,experimental,"[""X-RAY DIFFRACTION""]",[2.15],[0.20372],[0.24113],2018-10-11T00:00:00Z,2019-10-16T00:00:00Z,2024-10-23T00:00:00Z,P 21 21 2,2,2,1,2,Structural basis for the inhibitory effects of a novel reversible covalent ligand on PPAR gamma phosphorylation.,10.1038/s41598-019-47672-w,2019.0,True,False
6ILQ,Crystal structure of PPARgamma with compound BR101549,experimental,"[""X-RAY DIFFRACTION""]",[2.408],[0.2157],[0.3035],2018-10-19T00:00:00Z,2019-09-11T00:00:00Z,2023-11-22T00:00:00Z,C 2 2 21,2,2,1,2,Identification of BR101549 as a lead candidate of non-TZD PPAR gamma agonist for the treatment of type 2 diabetes: Proof-of-concept evaluation and SAR.,10.1016/j.bmcl.2018.12.043,2019.0,True,False
6ITM,Crystal structure of FXR in complex with agonist XJ034,experimental,"[""X-RAY DIFFRACTION""]",[2.5],[0.1918],[0.2418],2018-11-23T00:00:00Z,2019-11-27T00:00:00Z,2023-11-22T00:00:00Z,P 21 21 2,2,2,1,4,"Pose Filter-Based Ensemble Learning Enables Discovery of Orally Active, Nonsteroidal Farnesoid X Receptor Agonists.",10.1021/acs.jcim.9b01030,2020.0,True,False
6IVX,Discovery of the Second Generation ROR gamma Inhibitors Composed of an Azole Scaffold.,experimental,"[""X-RAY DIFFRACTION""]",[2.35],[0.182],[0.19841],2018-12-04T00:00:00Z,2019-03-06T00:00:00Z,2023-11-22T00:00:00Z,P 1 21 1,2,2,1,8,Discovery of Second Generation ROR gamma Inhibitors Composed of an Azole Scaffold.,10.1021/acs.jmedchem.8b01567,2019.0,True,False
6IZM,Crystal structure of the PPARgamma-LBD complexed with compound 1l,experimental,"[""X-RAY DIFFRACTION""]",[1.8],[0.223],[0.248],2018-12-20T00:00:00Z,2019-03-27T00:00:00Z,2023-11-22T00:00:00Z,P 1 21 1,2,2,1,2,Structure-Activity Relationship Studies of 3- or 4-Pyridine Derivatives of DS-6930.,10.1021/acsmedchemlett.8b00645,2019.0,True,False
6IZN,Crystal structure of the PPARgamma-LBD complexed with compound 3g,experimental,"[""X-RAY DIFFRACTION""]",[1.75],[0.236],[0.265],2018-12-20T00:00:00Z,2019-03-27T00:00:00Z,2023-11-22T00:00:00Z,P 1 21 1,2,2,1,2,Structure-Activity Relationship Studies of 3- or 4-Pyridine Derivatives of DS-6930.,10.1021/acsmedchemlett.8b00645,2019.0,True,False
6J1L,Crystal Structure Analysis of the ROR gamma(C455E),experimental,"[""X-RAY DIFFRACTION""]",[2.3],[0.2016],[0.2259],2018-12-28T00:00:00Z,2019-05-01T00:00:00Z,2023-11-22T00:00:00Z,P 61,1,1,1,3,"Discovery and Characterization of XY101, a Potent, Selective, and Orally Bioavailable ROR gamma Inverse Agonist for Treatment of Castration-Resistant Prostate Cancer.",10.1021/acs.jmedchem.9b00327,2019.0,True,False
6J3N,RORgammat LBD complexed with Ursonic Acid and SRC2.2,experimental,"[""X-RAY DIFFRACTION""]",[1.99],[0.1992],[0.2333],2019-01-05T00:00:00Z,2020-01-15T00:00:00Z,2024-03-27T00:00:00Z,P 41 21 2,2,2,1,2,Structure of human RORgammat LBD with SCR2.2 at 1.99 Angstroms resolution,,,True,False
6JEY,Covalent bond formation between ynone moiety of synthetic fatty acid and hPPARg-LBD,experimental,"[""X-RAY DIFFRACTION""]",[2.2],[0.2348],[0.30971],2019-02-07T00:00:00Z,2020-02-12T00:00:00Z,2023-11-22T00:00:00Z,C 1 2 1,1,1,1,2,Cyclization Reaction-Based Turn-on Probe for Covalent Labeling of Target Proteins.,10.1016/j.chembiol.2020.01.006,2020.0,True,False
6JF0,Covalent labeling of hPPARg-LBD by turn-on fluorescent probe mediated by conjugate addition and cyclization,experimental,"[""X-RAY DIFFRACTION""]",[3.4],[0.26695],[0.29561],2019-02-07T00:00:00Z,2020-02-12T00:00:00Z,2023-11-22T00:00:00Z,C 1 2 1,1,1,2,2,Cyclization Reaction-Based Turn-on Probe for Covalent Labeling of Target Proteins.,10.1016/j.chembiol.2020.01.006,2020.0,True,False
6JIO,Human LXR-beta in complex with a ligand,experimental,"[""X-RAY DIFFRACTION""]",[2.6],[0.2624],[0.28478],2019-02-22T00:00:00Z,2019-10-16T00:00:00Z,2023-11-22T00:00:00Z,P 21 21 21,1,1,1,4,Identify liver X receptor beta modulator building blocks by developing a fluorescence polarization-based competition assay.,10.1016/j.ejmech.2019.06.011,2019.0,True,False
6JNO,RXRa structure complexed with CU-6PMN,experimental,"[""X-RAY DIFFRACTION""]",[2.65],[0.22345],[0.27442],2019-03-17T00:00:00Z,2019-11-20T00:00:00Z,2024-10-23T00:00:00Z,P 1 21 1,1,1,1,4,Competitive Binding Assay with an Umbelliferone-Based Fluorescent Rexinoid for Retinoid X Receptor Ligand Screening.,10.1021/acs.jmedchem.9b00995,2019.0,True,False
6JNR,RXRa structure complexed with CU-6PMN and SRC1 peptide.,experimental,"[""X-RAY DIFFRACTION""]",[2.3],[0.17853],[0.238],2019-03-18T00:00:00Z,2020-03-25T00:00:00Z,2023-11-22T00:00:00Z,P 43,2,2,1,4,RXRa structure complexed with CU-6PMN and SRC1 peptide.,,,True,False
6JQ7,The ligand-free structure of human PPARgamma LBD in the presence of the SRC-1 coactivator peptide,experimental,"[""X-RAY DIFFRACTION""]",[2.55],[0.22026],[0.25652],2019-03-29T00:00:00Z,2019-10-16T00:00:00Z,2023-11-22T00:00:00Z,P 21 21 2,2,2,0,2,Structural basis for the inhibitory effects of a novel reversible covalent ligand on PPAR gamma phosphorylation.,10.1038/s41598-019-47672-w,2019.0,True,False
6K0T,Crystal Structure of PPARgamma Ligand Binding Domain in complex with dibenzooxepine derivative compound-17,experimental,"[""X-RAY DIFFRACTION""]",[1.84],[0.19212],[0.24425],2019-05-07T00:00:00Z,2019-10-30T00:00:00Z,2024-11-06T00:00:00Z,P 1,2,2,1,4,Development of a novel class of peroxisome proliferator-activated receptor (PPAR) gamma ligands as an anticancer agent with a unique binding mode based on a non-thiazolidinedione scaffold.,10.1016/j.bmc.2019.115122,2019.0,True,False
6K3N,Crystal structure of human estrogen-related receptor gamma ligand binding domain complex with BPA-monoF,experimental,"[""X-RAY DIFFRACTION""]",[1.97],[0.2108],[0.2531],2019-05-21T00:00:00Z,2020-05-13T00:00:00Z,2024-03-27T00:00:00Z,P 41 21 2,1,1,1,1,Evaluation of the Influence of Halogenation on the Binding of Bisphenol A to the Estrogen-Related Receptor gamma.,10.1021/acs.chemrestox.9b00379,2020.0,True,False
6K9G,Human LXR-beta in complex with an agonist,experimental,"[""X-RAY DIFFRACTION""]",[2.8],[0.2607],[0.2811],2019-06-15T00:00:00Z,2020-04-22T00:00:00Z,2023-11-22T00:00:00Z,P 21 21 21,1,1,1,4,Discovery of new LXR beta agonists as glioblastoma inhibitors.,10.1016/j.ejmech.2020.112240,2020.0,True,False
6K9H,Human LXR-beta in complex with an agonist,experimental,"[""X-RAY DIFFRACTION""]",[2.5],[0.26009],[0.28738],2019-06-15T00:00:00Z,2020-04-22T00:00:00Z,2023-11-22T00:00:00Z,P 32,1,1,1,2,Discovery of new LXR beta agonists as glioblastoma inhibitors.,10.1016/j.ejmech.2020.112240,2020.0,True,False
6K9M,Human LXR-beta in complex with an agonist,experimental,"[""X-RAY DIFFRACTION""]",[2.9],[0.24308],[0.27963],2019-06-16T00:00:00Z,2020-06-17T00:00:00Z,2023-11-22T00:00:00Z,P 21 21 21,1,1,1,4,Discovery of novel liver X receptor inverse agonists as lipogenesis inhibitors.,10.1016/j.ejmech.2020.112793,2020.0,True,False
6KAX,X-ray structure of human PPARalpha ligand binding domain-intrinsic fatty acid (E. coli origin) co-crystals obtained by cross-seeding,experimental,"[""X-RAY DIFFRACTION""]",[1.23],[0.1898],[0.2032],2019-06-24T00:00:00Z,2020-11-11T00:00:00Z,2023-11-22T00:00:00Z,P 1 21 1,1,1,2,1,PPAR alpha Ligand-Binding Domain Structures with Endogenous Fatty Acids and Fibrates.,10.1016/j.isci.2020.101727,2020.0,True,False
6KAY,X-ray structure of human PPARalpha ligand binding domain-GW7647 co-crystals obtained by soaking,experimental,"[""X-RAY DIFFRACTION""]",[1.735],[0.2066],[0.2519],2019-06-24T00:00:00Z,2020-11-11T00:00:00Z,2023-11-22T00:00:00Z,P 1 21 1,1,1,2,1,PPAR alpha Ligand-Binding Domain Structures with Endogenous Fatty Acids and Fibrates.,10.1016/j.isci.2020.101727,2020.0,True,False
6KAZ,X-ray structure of human PPARalpha ligand binding domain-pemafibrate co-crystals obtained by soaking,experimental,"[""X-RAY DIFFRACTION""]",[1.48],[0.1751],[0.1978],2019-06-24T00:00:00Z,2020-11-11T00:00:00Z,2023-11-22T00:00:00Z,P 1 21 1,1,1,2,1,PPAR alpha Ligand-Binding Domain Structures with Endogenous Fatty Acids and Fibrates.,10.1016/j.isci.2020.101727,2020.0,True,False
6KB0,"X-ray structure of human PPARalpha ligand binding domain-5,8,11,14-eicosatetraynoic acid (ETYA) co-crystals obtained by soaking",experimental,"[""X-RAY DIFFRACTION""]",[1.35],[0.1803],[0.1951],2019-06-24T00:00:00Z,2020-11-11T00:00:00Z,2023-11-22T00:00:00Z,P 1 21 1,1,1,2,1,PPAR alpha Ligand-Binding Domain Structures with Endogenous Fatty Acids and Fibrates.,10.1016/j.isci.2020.101727,2020.0,True,False
6KB1,X-ray structure of human PPARalpha ligand binding domain-tetradecylthioacetic acid (TTA) co-crystals obtained by soaking,experimental,"[""X-RAY DIFFRACTION""]",[1.25],[0.1908],[0.2042],2019-06-24T00:00:00Z,2020-11-11T00:00:00Z,2023-11-22T00:00:00Z,P 1 21 1,1,1,2,1,PPAR alpha Ligand-Binding Domain Structures with Endogenous Fatty Acids and Fibrates.,10.1016/j.isci.2020.101727,2020.0,True,False
6KB2,X-ray structure of human PPARalpha ligand binding domain-Wy14643 co-crystals obtained by soaking,experimental,"[""X-RAY DIFFRACTION""]",[1.95],[0.2047],[0.244],2019-06-24T00:00:00Z,2020-11-11T00:00:00Z,2023-11-22T00:00:00Z,P 1 21 1,1,1,1,1,PPAR alpha Ligand-Binding Domain Structures with Endogenous Fatty Acids and Fibrates.,10.1016/j.isci.2020.101727,2020.0,True,False
6KB3,X-ray structure of human PPARalpha ligand binding domain-GW7647 co-crystals obtained by delipidation and cross-seeding,experimental,"[""X-RAY DIFFRACTION""]",[1.45],[0.1871],[0.208],2019-06-24T00:00:00Z,2020-11-11T00:00:00Z,2023-11-22T00:00:00Z,P 1 21 1,1,1,2,1,PPAR alpha Ligand-Binding Domain Structures with Endogenous Fatty Acids and Fibrates.,10.1016/j.isci.2020.101727,2020.0,True,False
6KB4,X-ray structure of human PPARalpha ligand binding domain-pemafibrate co-crystals obtained by delipidation and cross-seeding,experimental,"[""X-RAY DIFFRACTION""]",[1.42],[0.1787],[0.1954],2019-06-24T00:00:00Z,2020-11-11T00:00:00Z,2023-11-22T00:00:00Z,P 1 21 1,1,1,2,1,PPAR alpha Ligand-Binding Domain Structures with Endogenous Fatty Acids and Fibrates.,10.1016/j.isci.2020.101727,2020.0,True,False
6KB5,"X-ray structure of human PPARalpha ligand binding domain-5,8,11,14-eicosatetraynoic Acid (ETYA) co-crystals obtained by delipidation and cross-seeding",experimental,"[""X-RAY DIFFRACTION""]",[1.95],[0.1823],[0.221],2019-06-24T00:00:00Z,2020-11-11T00:00:00Z,2023-11-22T00:00:00Z,P 1 21 1,1,1,2,1,PPAR alpha Ligand-Binding Domain Structures with Endogenous Fatty Acids and Fibrates.,10.1016/j.isci.2020.101727,2020.0,True,False
6KB6,X-ray structure of human PPARalpha ligand binding domain-tetradecylthioacetic acid (TTA) co-crystals obtained by delipidation and cross-seeding,experimental,"[""X-RAY DIFFRACTION""]",[1.431],[0.1727],[0.193],2019-06-24T00:00:00Z,2020-11-11T00:00:00Z,2023-11-22T00:00:00Z,P 1 21 1,1,1,2,1,PPAR alpha Ligand-Binding Domain Structures with Endogenous Fatty Acids and Fibrates.,10.1016/j.isci.2020.101727,2020.0,True,False
6KB7,X-ray structure of human PPARalpha ligand binding domain-Wy14643 co-crystals obtained by delipidation and cross-seeding,experimental,"[""X-RAY DIFFRACTION""]",[2.14],[0.1999],[0.2376],2019-06-24T00:00:00Z,2020-11-11T00:00:00Z,2023-11-22T00:00:00Z,P 1 21 1,1,1,1,1,PPAR alpha Ligand-Binding Domain Structures with Endogenous Fatty Acids and Fibrates.,10.1016/j.isci.2020.101727,2020.0,True,False
6KB8,X-ray structure of human PPARalpha ligand binding domain-GW7647 co-crystals obtained by cross-seeding,experimental,"[""X-RAY DIFFRACTION""]",[1.47],[0.197],[0.2183],2019-06-24T00:00:00Z,2020-11-11T00:00:00Z,2023-11-22T00:00:00Z,P 1 21 1,1,1,2,1,PPAR alpha Ligand-Binding Domain Structures with Endogenous Fatty Acids and Fibrates.,10.1016/j.isci.2020.101727,2020.0,True,False
6KB9,X-ray structure of human PPARalpha ligand binding domain-pemafibrate co-crystals obtained by cross-seeding,experimental,"[""X-RAY DIFFRACTION""]",[1.55],[0.1754],[0.1977],2019-06-24T00:00:00Z,2020-11-11T00:00:00Z,2023-11-22T00:00:00Z,P 1 21 1,1,1,2,1,PPAR alpha Ligand-Binding Domain Structures with Endogenous Fatty Acids and Fibrates.,10.1016/j.isci.2020.101727,2020.0,True,False
6KBA,X-ray structure of human PPARalpha ligand binding domain-Wy14643 co-crystals obtained by co-crystallization,experimental,"[""X-RAY DIFFRACTION""]",[1.82],[0.2037],[0.2358],2019-06-24T00:00:00Z,2020-11-11T00:00:00Z,2023-11-22T00:00:00Z,P 1 21 1,1,1,1,1,PPAR alpha Ligand-Binding Domain Structures with Endogenous Fatty Acids and Fibrates.,10.1016/j.isci.2020.101727,2020.0,True,False
6KKB,A novel agonist of THRb,experimental,"[""X-RAY DIFFRACTION""]",[1.7],[0.1631],[0.1973],2019-07-24T00:00:00Z,2019-10-23T00:00:00Z,2023-11-22T00:00:00Z,P 43 21 2,2,2,1,2,Revealing a Mutant-Induced Receptor Allosteric Mechanism for the Thyroid Hormone Resistance.,10.1016/j.isci.2019.10.002,2019.0,True,False
6KKE,THRb mutation with a novel agonist,experimental,"[""X-RAY DIFFRACTION""]",[2.577],[0.1842],[0.2167],2019-07-25T00:00:00Z,2019-10-23T00:00:00Z,2023-11-22T00:00:00Z,P 43 21 2,2,2,1,2,Revealing a Mutant-Induced Receptor Allosteric Mechanism for the Thyroid Hormone Resistance.,10.1016/j.isci.2019.10.002,2019.0,True,False
6KNR,Crystal structure of Estrogen-related receptor gamma ligand-binding domain with DN200699,experimental,"[""X-RAY DIFFRACTION""]",[2.804],[0.1829],[0.2256],2019-08-07T00:00:00Z,2020-08-12T00:00:00Z,2023-11-22T00:00:00Z,P 43 21 2,1,1,1,2,An orally available inverse agonist of estrogen-related receptor gamma showed expanded efficacy for the radioiodine therapy of poorly differentiated thyroid cancer.,10.1016/j.ejmech.2020.112501,2020.0,True,False
6KNU,THRb mutation with a novel agonist,experimental,"[""X-RAY DIFFRACTION""]",[2.7],[0.1773],[0.2312],2019-08-07T00:00:00Z,2019-10-23T00:00:00Z,2023-11-22T00:00:00Z,P 43 21 2,2,2,1,2,Revealing a Mutant-Induced Receptor Allosteric Mechanism for the Thyroid Hormone Resistance.,10.1016/j.isci.2019.10.002,2019.0,True,False
6KNV,THRb mutation with a novel agonist,experimental,"[""X-RAY DIFFRACTION""]",[2.8],[0.1939],[0.2648],2019-08-07T00:00:00Z,2019-10-23T00:00:00Z,2023-11-22T00:00:00Z,P 43 21 2,2,2,1,2,Revealing a Mutant-Induced Receptor Allosteric Mechanism for the Thyroid Hormone Resistance.,10.1016/j.isci.2019.10.002,2019.0,True,False
6KNW,THRb mutation with a novel agonist,experimental,"[""X-RAY DIFFRACTION""]",[2.67],[0.1664],[0.2442],2019-08-07T00:00:00Z,2019-10-23T00:00:00Z,2023-11-22T00:00:00Z,P 43 21 2,2,2,1,2,Revealing a Mutant-Induced Receptor Allosteric Mechanism for the Thyroid Hormone Resistance.,10.1016/j.isci.2019.10.002,2019.0,True,False
6KTM,The ligand-free structure of human PPARgamma ligand-binding domain R288A mutant in the presence of the SRC-1 coactivator peptide,experimental,"[""X-RAY DIFFRACTION""]",[2.7],[0.2166],[0.2575],2019-08-28T00:00:00Z,2020-02-05T00:00:00Z,2023-11-22T00:00:00Z,P 21 21 2,2,2,0,2,Structural Basis for the Regulation of PPAR gamma Activity by Imatinib.,10.3390/molecules24193562,2019.0,True,False
6KTN,Human PPARgamma ligand-binding domain R288A mutant in complex with imatinib,experimental,"[""X-RAY DIFFRACTION""]",[2.752],[0.2205],[0.2563],2019-08-28T00:00:00Z,2020-02-05T00:00:00Z,2023-11-22T00:00:00Z,P 21 21 2,2,2,1,2,Structural Basis for the Regulation of PPAR gamma Activity by Imatinib.,10.3390/molecules24193562,2019.0,True,False
6KXX,Human PPAR alpha ligand binding domain in complex with a synthetic agonist (compound A),experimental,"[""X-RAY DIFFRACTION""]",[1.95],[0.1879],[0.2362],2019-09-14T00:00:00Z,2020-05-20T00:00:00Z,2024-03-27T00:00:00Z,P 21 21 21,2,2,1,2,"Structural Basis for PPAR alpha Activation by 1H-pyrazolo-[3,4-b]pyridine Derivatives.",10.1038/s41598-020-64527-x,2020.0,True,False
6KXY,Human PPAR alpha ligand binding domain in complex with a synthetic agonist (compound B),experimental,"[""X-RAY DIFFRACTION""]",[2.0],[0.2093],[0.2571],2019-09-14T00:00:00Z,2020-05-20T00:00:00Z,2023-11-22T00:00:00Z,P 21 21 21,2,2,1,2,"Structural Basis for PPAR alpha Activation by 1H-pyrazolo-[3,4-b]pyridine Derivatives.",10.1038/s41598-020-64527-x,2020.0,True,False
6KYP,X-ray structure of human PPARalpha ligand binding domain-GW9662-clofibric acid co-crystals obtained by delipidation and co-crystallization,experimental,"[""X-RAY DIFFRACTION""]",[2.86],[0.1954],[0.2442],2019-09-19T00:00:00Z,2020-11-11T00:00:00Z,2024-10-23T00:00:00Z,P 1 21 1,1,1,2,2,PPAR alpha Ligand-Binding Domain Structures with Endogenous Fatty Acids and Fibrates.,10.1016/j.isci.2020.101727,2020.0,True,False
6KZ5,Crystal Structure Analysis of the Csn-B-bounded NUR77 Ligand binding Domain,experimental,"[""X-RAY DIFFRACTION""]",[4.45],[0.2457],[0.3079],2019-09-23T00:00:00Z,2020-10-14T00:00:00Z,2023-11-22T00:00:00Z,P 21 21 21,1,1,1,2,Blocking PPAR gamma interaction facilitates Nur77 interdiction of fatty acid uptake and suppresses breast cancer progression.,10.1073/pnas.2002997117,2020.0,True,False
6L36,X-ray structure of human PPARalpha ligand binding domain-GW9662-fenofibric acid co-crystals obtained by delipidation and co-crystallization,experimental,"[""X-RAY DIFFRACTION""]",[3.301],[0.1903],[0.2495],2019-10-09T00:00:00Z,2020-11-11T00:00:00Z,2024-10-23T00:00:00Z,P 1 21 1,1,1,2,2,PPAR alpha Ligand-Binding Domain Structures with Endogenous Fatty Acids and Fibrates.,10.1016/j.isci.2020.101727,2020.0,True,False
6L37,X-ray structure of human PPARalpha ligand binding domain-GW9662-ciprofibrate co-crystals obtained by delipidation and co-crystallization,experimental,"[""X-RAY DIFFRACTION""]",[2.91],[0.1893],[0.2476],2019-10-09T00:00:00Z,2020-11-11T00:00:00Z,2024-10-16T00:00:00Z,P 1 21 1,1,1,2,2,PPAR alpha Ligand-Binding Domain Structures with Endogenous Fatty Acids and Fibrates.,10.1016/j.isci.2020.101727,2020.0,True,False
6L38,X-ray structure of human PPARalpha ligand binding domain-GW9662-gemfibrozil co-crystals obtained by delipidation and co-crystallization,experimental,"[""X-RAY DIFFRACTION""]",[2.761],[0.1995],[0.2583],2019-10-09T00:00:00Z,2020-11-11T00:00:00Z,2024-11-06T00:00:00Z,P 1 21 1,1,1,1,2,PPAR alpha Ligand-Binding Domain Structures with Endogenous Fatty Acids and Fibrates.,10.1016/j.isci.2020.101727,2020.0,True,False
6L6K,Crystal structure of dimeric RXRalpha-LBD complexed with partial agonist CBt-PMN and SRC1,experimental,"[""X-RAY DIFFRACTION""]",[1.8],[0.1825],[0.2112],2019-10-29T00:00:00Z,2020-11-04T00:00:00Z,2023-11-22T00:00:00Z,P 43 21 2,2,2,2,2,Crystal structure of dimeric RXRalpha-LBD complexed with partial agonist CBt-PMN and SRC1,,,True,False
6L6L,Structural basis of NR4A2 homodimers binding to selective Nur-responsive elements,experimental,"[""X-RAY DIFFRACTION""]",[2.781],[0.2163],[0.252],2019-10-29T00:00:00Z,2019-11-20T00:00:00Z,2023-11-22T00:00:00Z,P 1 21 1,3,1,1,4,Structural basis of binding of homodimers of the nuclear receptor NR4A2 to selective Nur-responsive DNA elements.,10.1074/jbc.RA119.010730,2019.0,True,False
6L6Q,Structural basis of NR4A2 homodimers binding to selective Nur-responsive elements,experimental,"[""X-RAY DIFFRACTION""]",[2.601],[0.249],[0.2892],2019-10-29T00:00:00Z,2019-11-20T00:00:00Z,2023-11-22T00:00:00Z,P 43,2,1,1,4,Structural basis of binding of homodimers of the nuclear receptor NR4A2 to selective Nur-responsive DNA elements.,10.1074/jbc.RA119.010730,2019.0,True,False
6L88,Crystal structure of mineralocorticoid receptor ligand binding domain in complex with esaxerenone,experimental,"[""X-RAY DIFFRACTION""]",[3.0],[0.2685],[0.307],2019-11-05T00:00:00Z,2020-02-12T00:00:00Z,2023-11-22T00:00:00Z,P 21 3,1,1,1,4,"Crystal structure of the mineralocorticoid receptor ligand-binding domain in complex with a potent and selective nonsteroidal blocker, esaxerenone (CS-3150).",10.1002/1873-3468.13746,2020.0,True,False
6L89,Human PPARgamma ligand binding domain complexed with Butyrolactone 1,experimental,"[""X-RAY DIFFRACTION""]",[2.1],[0.2286],[0.2693],2019-11-05T00:00:00Z,2020-09-16T00:00:00Z,2023-11-22T00:00:00Z,C 1 2 1,1,1,1,2,Cyclin-Dependent Kinase 5 Inhibitor Butyrolactone I Elicits a Partial Agonist Activity of Peroxisome Proliferator-Activated Receptor gamma.,10.3390/biom10020275,2020.0,True,False
6L8B,The ligand-free structure of human PPARgamma LBD,experimental,"[""X-RAY DIFFRACTION""]",[2.102],[0.2181],[0.2675],2019-11-05T00:00:00Z,2020-09-16T00:00:00Z,2023-11-22T00:00:00Z,C 1 2 1,1,1,0,2,Cyclin-Dependent Kinase 5 Inhibitor Butyrolactone I Elicits a Partial Agonist Activity of Peroxisome Proliferator-Activated Receptor gamma.,10.3390/biom10020275,2020.0,True,False
6L96,Structure of PPARalpha-LBD/pemafibrate/SRC1 peptide,experimental,"[""X-RAY DIFFRACTION""]",[3.2],[0.18727],[0.25272],2019-11-08T00:00:00Z,2020-01-15T00:00:00Z,2023-11-22T00:00:00Z,P 31 2 1,2,2,1,3,"Elucidation of Molecular Mechanism of a Selective PPAR alpha Modulator, Pemafibrate, through Combinational Approaches of X-ray Crystallography, Thermodynamic Analysis, and First-Principle Calculations.",10.3390/ijms21010361,2020.0,True,False
6LB4,Crystal structure of dimeric RXR-LBD complexed with NEt-3ME and TIF2 co-activator,experimental,"[""X-RAY DIFFRACTION""]",[1.5],[0.1738],[0.2014],2019-11-13T00:00:00Z,2020-11-18T00:00:00Z,2023-11-22T00:00:00Z,P 43 21 2,2,2,2,2,Crystal structure of dimeric RXR-LBD complexed with NEt-3ME and TIF2 co-activator,,,True,False
6LB5,Crystal structure of dimeric RXR-LBD complexed with full agonist NEt-3IB and TIF2 co-activator,experimental,"[""X-RAY DIFFRACTION""]",[2.4],[0.1945],[0.2404],2019-11-13T00:00:00Z,2020-11-18T00:00:00Z,2024-10-02T00:00:00Z,C 1 2 1,2,2,1,4,Structural basis for the full and partial agonist activities of retinoid X receptor alpha ligands with an iso-butoxy and an isopropyl group,10.1016/j.bbrc.2024.150617,2024.0,True,False
6LB6,Crystal structure of dimeric RXR-LBD complexed with partial agonist NEt-4IB and TIF2 co-activator,experimental,"[""X-RAY DIFFRACTION""]",[2.4],[0.2226],[0.257],2019-11-13T00:00:00Z,2020-11-18T00:00:00Z,2024-10-02T00:00:00Z,P 43 21 2,2,2,1,2,Structural basis for the full and partial agonist activities of retinoid X receptor alpha ligands with an iso-butoxy and an isopropyl group,10.1016/j.bbrc.2024.150617,2024.0,True,False
6LC1,Structural basis of NR4A1 bound to the human pituitary proopiomelanocortin gene promoter,experimental,"[""X-RAY DIFFRACTION""]",[3.12],[0.2093],[0.2676],2019-11-16T00:00:00Z,2019-12-18T00:00:00Z,2023-11-22T00:00:00Z,P 1,3,1,1,8,Structural basis of NR4A1 bound to the human pituitary proopiomelanocortin gene promoter.,10.1016/j.bbrc.2019.11.192,2020.0,True,False
6LIT,Estrogen-related receptor beta(ERR2) in complex with BPA,experimental,"[""X-RAY DIFFRACTION""]",[2.0],[0.1903],[0.2383],2019-12-13T00:00:00Z,2020-10-07T00:00:00Z,2023-11-22T00:00:00Z,P 1,2,2,1,4,Structural Insights into the Specificity of Ligand Binding and Coactivator Assembly by Estrogen-Related Receptor beta.,10.1016/j.jmb.2020.08.007,2020.0,True,False
6LN4,Estrogen-related receptor beta(ERR2) in complex with PGC1a-2a,experimental,"[""X-RAY DIFFRACTION""]",[2.61],[0.1983],[0.2448],2019-12-28T00:00:00Z,2020-10-07T00:00:00Z,2023-11-22T00:00:00Z,P 65 2 2,2,2,0,2,Structural Insights into the Specificity of Ligand Binding and Coactivator Assembly by Estrogen-Related Receptor beta.,10.1016/j.jmb.2020.08.007,2020.0,True,False
6LO9,Crystal structure of RORgammat with ligand C46D bound,experimental,"[""X-RAY DIFFRACTION""]",[1.8600494706],[0.192641806531],[0.226875138836],2020-01-04T00:00:00Z,2021-01-06T00:00:00Z,2023-11-29T00:00:00Z,P 41 21 2,1,1,1,1,Crystal structure of RORgammat with ligand C46D bound,,,True,False
6LOA,Crystal structure of RORgammat with ligand C46D bound,experimental,"[""X-RAY DIFFRACTION""]",[2.50003303865],[0.204301196693],[0.253503600782],2020-01-04T00:00:00Z,2021-01-06T00:00:00Z,2023-11-29T00:00:00Z,P 41 21 2,1,1,1,1,Crystal structure of RORgammat with ligand C46D bound,,,True,False
6LOB,Crystal structure of RORgammat with ligand C46D bound,experimental,"[""X-RAY DIFFRACTION""]",[2.40006662577],[0.198191813546],[0.25068052509],2020-01-04T00:00:00Z,2021-01-06T00:00:00Z,2023-11-29T00:00:00Z,P 41 21 2,1,1,1,1,Crystal structure of RORgammat with ligand C46D bound,,,True,False
6LOC,Crystal structure of RORgammat with ligand C46D bound,experimental,"[""X-RAY DIFFRACTION""]",[2.20014861503],[0.194766621938],[0.250843150748],2020-01-04T00:00:00Z,2021-01-06T00:00:00Z,2023-11-29T00:00:00Z,P 41 21 2,1,1,1,1,Crystal structure of RORgammat with ligand C46D bound,,,True,False
6LX4,X-ray structure of human PPARalpha ligand binding domain-fenofibric acid co-crystals obtained by delipidation and co-crystallization,experimental,"[""X-RAY DIFFRACTION""]",[2.13],[0.1912],[0.2298],2020-02-10T00:00:00Z,2020-11-11T00:00:00Z,2023-11-29T00:00:00Z,P 1 21 1,1,1,1,2,PPAR alpha Ligand-Binding Domain Structures with Endogenous Fatty Acids and Fibrates.,10.1016/j.isci.2020.101727,2020.0,True,False
6LX5,X-ray structure of human PPARalpha ligand binding domain-ciprofibrate co-crystals obtained by delipidation and co-crystallization,experimental,"[""X-RAY DIFFRACTION""]",[1.87],[0.199],[0.2209],2020-02-10T00:00:00Z,2020-11-11T00:00:00Z,2023-11-29T00:00:00Z,P 1 21 1,1,1,2,2,PPAR alpha Ligand-Binding Domain Structures with Endogenous Fatty Acids and Fibrates.,10.1016/j.isci.2020.101727,2020.0,True,False
6LX6,X-ray structure of human PPARalpha ligand binding domain-palmitic acid co-crystals obtained by delipidation and cross-seeding,experimental,"[""X-RAY DIFFRACTION""]",[1.3],[0.1779],[0.1952],2020-02-10T00:00:00Z,2020-11-11T00:00:00Z,2023-11-29T00:00:00Z,P 1 21 1,1,1,2,1,PPAR alpha Ligand-Binding Domain Structures with Endogenous Fatty Acids and Fibrates.,10.1016/j.isci.2020.101727,2020.0,True,False
6LX7,X-ray structure of human PPARalpha ligand binding domain-stearic acid co-crystals obtained by delipidation and cross-seeding,experimental,"[""X-RAY DIFFRACTION""]",[1.41],[0.1748],[0.1921],2020-02-10T00:00:00Z,2020-11-11T00:00:00Z,2023-11-29T00:00:00Z,P 1 21 1,1,1,2,1,PPAR alpha Ligand-Binding Domain Structures with Endogenous Fatty Acids and Fibrates.,10.1016/j.isci.2020.101727,2020.0,True,False
6LX8,X-ray structure of human PPARalpha ligand binding domain-oleic acid co-crystals obtained by delipidation and cross-seeding,experimental,"[""X-RAY DIFFRACTION""]",[1.54],[0.18],[0.198],2020-02-10T00:00:00Z,2020-11-11T00:00:00Z,2023-11-29T00:00:00Z,P 1 21 1,1,1,2,1,PPAR alpha Ligand-Binding Domain Structures with Endogenous Fatty Acids and Fibrates.,10.1016/j.isci.2020.101727,2020.0,True,False
6LX9,X-ray structure of human PPARalpha ligand binding domain-arachidonic acid co-crystals obtained by delipidation and cross-seeding,experimental,"[""X-RAY DIFFRACTION""]",[1.4],[0.1728],[0.1933],2020-02-10T00:00:00Z,2020-11-11T00:00:00Z,2023-11-29T00:00:00Z,P 1 21 1,1,1,2,1,PPAR alpha Ligand-Binding Domain Structures with Endogenous Fatty Acids and Fibrates.,10.1016/j.isci.2020.101727,2020.0,True,False
6LXA,X-ray structure of human PPARalpha ligand binding domain-eicosapentaenoic acid (EPA) co-crystals obtained by delipidation and cross-seeding,experimental,"[""X-RAY DIFFRACTION""]",[1.23],[0.177],[0.1957],2020-02-10T00:00:00Z,2020-11-11T00:00:00Z,2023-11-29T00:00:00Z,P 1 21 1,1,1,2,1,PPAR alpha Ligand-Binding Domain Structures with Endogenous Fatty Acids and Fibrates.,10.1016/j.isci.2020.101727,2020.0,True,False
6LXB,X-ray structure of human PPARalpha ligand binding domain-saroglitazar co-crystals obtained by soaking,experimental,"[""X-RAY DIFFRACTION""]",[2.36],[0.2028],[0.239],2020-02-10T00:00:00Z,2020-11-11T00:00:00Z,2023-11-29T00:00:00Z,P 1 21 1,1,1,1,1,PPAR alpha Ligand-Binding Domain Structures with Endogenous Fatty Acids and Fibrates.,10.1016/j.isci.2020.101727,2020.0,True,False
6LXC,X-ray structure of human PPARalpha ligand binding domain-saroglitazar co-crystals obtained by delipidation and cross-seeding,experimental,"[""X-RAY DIFFRACTION""]",[2.03],[0.1926],[0.2173],2020-02-10T00:00:00Z,2020-11-11T00:00:00Z,2023-11-29T00:00:00Z,P 1 21 1,1,1,1,1,PPAR alpha Ligand-Binding Domain Structures with Endogenous Fatty Acids and Fibrates.,10.1016/j.isci.2020.101727,2020.0,True,False
6MCZ,Crystal Structure of Human PPARgamma Ligand Binding Domain in Complex with Arachidonic Acid,experimental,"[""X-RAY DIFFRACTION""]",[2.1],[0.211],[0.259],2018-09-03T00:00:00Z,2019-01-09T00:00:00Z,2023-10-11T00:00:00Z,C 1 2 1,1,1,1,2,Cooperative cobinding of synthetic and natural ligands to the nuclear receptor PPAR gamma.,10.7554/eLife.43320,2018.0,True,False
6MD0,Crystal Structure of Human PPARgamma Ligand Binding Domain in Complex with Oleic Acid,experimental,"[""X-RAY DIFFRACTION""]",[1.95],[0.223],[0.273],2018-09-03T00:00:00Z,2019-01-09T00:00:00Z,2023-10-11T00:00:00Z,C 1 2 1,1,1,1,2,Cooperative cobinding of synthetic and natural ligands to the nuclear receptor PPAR gamma.,10.7554/eLife.43320,2018.0,True,False
6MD1,Crystal Structure of Human PPARgamma Ligand Binding Domain in Complex with GW9662 and Oleic acid,experimental,"[""X-RAY DIFFRACTION""]",[2.2],[0.223],[0.266],2018-09-03T00:00:00Z,2019-01-09T00:00:00Z,2024-11-13T00:00:00Z,C 1 2 1,1,1,2,2,Cooperative cobinding of synthetic and natural ligands to the nuclear receptor PPAR gamma.,10.7554/eLife.43320,2018.0,True,False
6MD2,Crystal Structure of Human PPARgamma Ligand Binding Domain in Complex with GW9662 and Arachidonic acid,experimental,"[""X-RAY DIFFRACTION""]",[2.2],[0.224],[0.261],2018-09-03T00:00:00Z,2019-01-09T00:00:00Z,2024-10-09T00:00:00Z,C 1 2 1,1,1,2,2,Cooperative cobinding of synthetic and natural ligands to the nuclear receptor PPAR gamma.,10.7554/eLife.43320,2018.0,True,False
6MD4,Crystal Structure of Human PPARgamma Ligand Binding Domain in Complex with Rosiglitazone and Oleic acid,experimental,"[""X-RAY DIFFRACTION""]",[2.24],[0.2403],[0.2817],2018-09-03T00:00:00Z,2019-01-09T00:00:00Z,2023-10-11T00:00:00Z,C 1 2 1,1,1,2,2,Cooperative cobinding of synthetic and natural ligands to the nuclear receptor PPAR gamma.,10.7554/eLife.43320,2018.0,True,False
6MS7,Peroxisome proliferator-activated receptor gamma ligand binding domain in complex with a novel selective PPAR-gamma modulator VSP-77,experimental,"[""X-RAY DIFFRACTION""]",[1.43],[0.1856],[0.208],2018-10-16T00:00:00Z,2019-10-23T00:00:00Z,2024-03-13T00:00:00Z,P 1 21 1,2,2,1,2,Identification and structural insight of an effective PPAR gamma modulator with improved therapeutic index for anti-diabetic drug discovery.,10.1039/c9sc05487a,2020.0,True,False
6NAD,Identification and biological evaluation of tertiary ALCOHOL-based inverse agonists of RORgt,experimental,"[""X-RAY DIFFRACTION""]",[2.90197076582],[0.176010729668],[0.234235386697],2018-12-05T00:00:00Z,2019-05-08T00:00:00Z,2024-03-13T00:00:00Z,P 61,1,1,1,2,3-Substituted Quinolines as ROR gamma t Inverse Agonists.,10.1016/j.bmcl.2019.04.021,2019.0,True,False
6NWS,RORgamma Ligand Binding Domain,experimental,"[""X-RAY DIFFRACTION""]",[2.44],[0.2504],[0.2974],2019-02-07T00:00:00Z,2019-07-10T00:00:00Z,2023-10-11T00:00:00Z,P 41 21 2,1,1,1,1,HDX-MS reveals structural determinants for ROR gamma hyperactivation by synthetic agonists.,10.7554/eLife.47172,2019.0,True,False
6NWT,RORgamma Ligand Binding Domain,experimental,"[""X-RAY DIFFRACTION""]",[2.35],[0.1806],[0.2137],2019-02-07T00:00:00Z,2019-07-10T00:00:00Z,2023-10-11T00:00:00Z,P 61,1,1,1,2,HDX-MS reveals structural determinants for ROR gamma hyperactivation by synthetic agonists.,10.7554/eLife.47172,2019.0,True,False
6NWU,RORgamma Ligand Binding Domain,experimental,"[""X-RAY DIFFRACTION""]",[3.2],[0.2176],[0.276],2019-02-07T00:00:00Z,2019-07-10T00:00:00Z,2023-10-11T00:00:00Z,P 41 21 2,1,1,1,1,HDX-MS reveals structural determinants for ROR gamma hyperactivation by synthetic agonists.,10.7554/eLife.47172,2019.0,True,False
6NX1,"STRUCTURE OF HUMAN PREGNANE X RECEPTOR LIGAND BINDING DOMAIN BOUND TETHERED WITH SRC CO-ACTIVATOR PEPTIDE AND COMPOUND-3 AKA 1,1,1,3,3,3-HEXAFLUORO-2-{4-[1-(4- LUOROBENZENESULFONYL)CYCLOPENTYL]PHENYL}PROPAN-2-OL",experimental,"[""X-RAY DIFFRACTION""]",[2.27],[0.2107],[0.2397],2019-02-07T00:00:00Z,2020-02-12T00:00:00Z,2024-03-13T00:00:00Z,P 21 21 21,1,1,1,2,"Structure-based Discovery of Phenyl (3-Phenylpyrrolidin-3-yl)sulfones as Selective, Orally Active ROR gamma t Inverse Agonists.",10.1021/acsmedchemlett.9b00010,2019.0,True,False
6O3Z,Crystal structure of RORgt with 3-cyano-N-(3-{[(3S)-4-(cyclopentanecarbonyl)-3-methylpiperazin-1-yl]methyl}-5-fluoro-2-methylphenyl)benzamide (compound 1),experimental,"[""X-RAY DIFFRACTION""]",[2.4],[0.1873],[0.2465],2019-02-27T00:00:00Z,2020-03-04T00:00:00Z,2024-03-13T00:00:00Z,P 41 21 2,1,1,2,1,"Discovery of [1,2,4]Triazolo[1,5-a]pyridine Derivatives as Potent and Orally Bioavailable ROR gamma t Inverse Agonists.",10.1021/acsmedchemlett.9b00649,2020.0,True,False
6O67,Crystal Structure of Human PPARgamma Ligand Binding Domain in Complex with Mitoglitazone,experimental,"[""X-RAY DIFFRACTION""]",[2.52],[0.187],[0.244],2019-03-05T00:00:00Z,2019-11-06T00:00:00Z,2023-10-11T00:00:00Z,C 1 2 1,1,1,2,2,Quantitative structural assessment of graded receptor agonism.,10.1073/pnas.1909016116,2019.0,True,False
6O68,Crystal Structure of Human PPARgamma Ligand Binding Domain in Complex with Ciglitazone,experimental,"[""X-RAY DIFFRACTION""]",[2.78],[0.2332],[0.2982],2019-03-05T00:00:00Z,2019-11-06T00:00:00Z,2023-10-11T00:00:00Z,C 1 2 1,1,1,1,2,Quantitative structural assessment of graded receptor agonism.,10.1073/pnas.1909016116,2019.0,True,False
6O98,Crystal structure of RAR-related orphan receptor C in complex with a phenyl (3-phenylpyrrolidin-3-yl)sulfone inhibitor,experimental,"[""X-RAY DIFFRACTION""]",[2.29],[0.246],[0.276],2019-03-13T00:00:00Z,2019-03-20T00:00:00Z,2023-10-11T00:00:00Z,P 61,1,1,1,2,"Structure-based Discovery of Phenyl (3-Phenylpyrrolidin-3-yl)sulfones as Selective, Orally Active ROR gamma t Inverse Agonists.",10.1021/acsmedchemlett.9b00010,2019.0,True,False
6ONI,Crystal structure of PPARgamma ligand binding domain in complex with N-CoR peptide and inverse agonist T0070907,experimental,"[""X-RAY DIFFRACTION""]",[1.8],[0.2077],[0.2264],2019-04-22T00:00:00Z,2020-03-04T00:00:00Z,2024-10-23T00:00:00Z,P 41 21 2,2,2,1,2,A molecular switch regulating transcriptional repression and activation of PPAR gamma.,10.1038/s41467-020-14750-x,2020.0,True,False
6ONJ,Crystal structure of PPARgamma ligand binding domain in complex with TRAP220 peptide and agonist rosiglitazone,experimental,"[""X-RAY DIFFRACTION""]",[2.3],[0.212],[0.273],2019-04-22T00:00:00Z,2020-03-04T00:00:00Z,2023-10-11T00:00:00Z,C 2 2 21,2,2,1,2,A molecular switch regulating transcriptional repression and activation of PPAR gamma.,10.1038/s41467-020-14750-x,2020.0,True,False
6OQX,Human Liver Receptor Homolog-1 bound to the agonist 5N and a fragment of the Tif2 coregulator,experimental,"[""X-RAY DIFFRACTION""]",[2.004],[0.2056],[0.2451],2019-04-29T00:00:00Z,2019-08-28T00:00:00Z,2023-10-11T00:00:00Z,P 43 21 2,2,2,1,2,Development of the First Low Nanomolar Liver Receptor Homolog-1 Agonist through Structure-guided Design.,10.1021/acs.jmedchem.9b00753,2019.0,True,False
6OQY,Human LRH-1 bound to the agonist 6N and a fragment of the Tif2 coregulator,experimental,"[""X-RAY DIFFRACTION""]",[2.23],[0.2302],[0.2688],2019-04-29T00:00:00Z,2019-08-28T00:00:00Z,2023-10-11T00:00:00Z,P 43 21 2,2,2,1,2,Development of the First Low Nanomolar Liver Receptor Homolog-1 Agonist through Structure-guided Design.,10.1021/acs.jmedchem.9b00753,2019.0,True,False
6OR1,Human LRH-1 bound to the agonist 2N and a fragment of the Tif2 coregulator,experimental,"[""X-RAY DIFFRACTION""]",[2.174],[0.1997],[0.2387],2019-04-29T00:00:00Z,2019-08-28T00:00:00Z,2023-10-11T00:00:00Z,P 43 21 2,2,2,1,2,Development of the First Low Nanomolar Liver Receptor Homolog-1 Agonist through Structure-guided Design.,10.1021/acs.jmedchem.9b00753,2019.0,True,False
6OWC,Mutant estrogen receptor alpha (ERa) Y537S covalently bound to H3B-6545.,experimental,"[""X-RAY DIFFRACTION""]",[1.85],[0.17773],[0.22609],2019-05-09T00:00:00Z,2019-06-19T00:00:00Z,2024-10-30T00:00:00Z,P 43 21 2,1,1,2,2,Mutant estrogen receptor alpha (ERa) Y537S covalently bound to H3B-6545.,,,True,False
6P2B,Tethered PXR-LBD/SRC-1p bound to Garcinoic Acid,experimental,"[""X-RAY DIFFRACTION""]",[2.3],[0.186],[0.2273],2019-05-21T00:00:00Z,2020-04-01T00:00:00Z,2023-10-11T00:00:00Z,P 21 21 21,1,1,2,2,Garcinoic Acid Is a Natural and Selective Agonist of Pregnane X Receptor.,10.1021/acs.jmedchem.0c00012,2020.0,True,False
6P9F,Crystal structure of RAR-related orphan receptor C (NHIS-RORGT(244-487)-L6-SRC1(678-692)) in complex with a phenyl (3-phenylpyrrolidin-3-yl)sulfone inhibitor,experimental,"[""X-RAY DIFFRACTION""]",[2.8],[0.184],[0.223],2019-06-10T00:00:00Z,2019-07-17T00:00:00Z,2023-10-11T00:00:00Z,P 41,1,1,1,2,"Identification of potent, selective and orally bioavailable phenyl ((R)-3-phenylpyrrolidin-3-yl)sulfone analogues as ROR gamma t inverse agonists.",10.1016/j.bmcl.2019.06.036,2019.0,True,False
6PDZ,Crystal structure of PPARgamma ligand binding domain in complex with SMRT peptide and inverse agonist T0070907,experimental,"[""X-RAY DIFFRACTION""]",[2.1],[0.191],[0.241],2019-06-19T00:00:00Z,2020-03-04T00:00:00Z,2024-10-09T00:00:00Z,P 21 21 21,2,2,1,4,A molecular switch regulating transcriptional repression and activation of PPAR gamma.,10.1038/s41467-020-14750-x,2020.0,True,False
6PET,Crystal structure of 8-hydroxychromene compound 30 bound to estrogen receptor alpha,experimental,"[""X-RAY DIFFRACTION""]",[2.203],[0.1732],[0.2323],2019-06-20T00:00:00Z,2019-07-17T00:00:00Z,2024-04-03T00:00:00Z,P 1,1,1,4,4,Discovery of a C-8 hydroxychromene as a potent degrader of estrogen receptor alpha with improved rat oral exposure over GDC-0927.,10.1016/j.bmcl.2019.07.013,2019.0,True,False
6PFM,Crystal structure of GDC-0927 bound to estrogen receptor alpha,experimental,"[""X-RAY DIFFRACTION""]",[2.84],[0.2092],[0.2488],2019-06-21T00:00:00Z,2019-07-17T00:00:00Z,2024-03-13T00:00:00Z,H 3 2,1,1,1,2,Discovery of a C-8 hydroxychromene as a potent degrader of estrogen receptor alpha with improved rat oral exposure over GDC-0927.,10.1016/j.bmcl.2019.07.013,2019.0,True,False
6PIT,Estrogen Receptor Alpha Ligand Binding Domain Y537S Mutant in Complex with SRC2 Stapled Peptide 41A and Estradiol,experimental,"[""X-RAY DIFFRACTION""]",[2.25],[0.214],[0.247],2019-06-27T00:00:00Z,2019-10-16T00:00:00Z,2023-11-15T00:00:00Z,P 1 21 1,3,3,1,4,Versatile Peptide Macrocyclization with Diels-Alder Cycloadditions.,10.1021/jacs.9b07578,2019.0,True,False
6PSJ,Bazedoxifene in Complex with Y537S Estrogen Receptor Alpha Ligand Binding Domain,experimental,"[""X-RAY DIFFRACTION""]",[1.8],[0.1851],[0.2146],2019-07-12T00:00:00Z,2019-11-20T00:00:00Z,2023-10-11T00:00:00Z,C 1 2 1,1,1,1,2,Stereospecific lasofoxifene derivatives reveal the interplay between estrogen receptor alpha stability and antagonistic activity in ESR1 mutant breast cancer cells.,10.7554/eLife.72512,2022.0,True,False
6Q2W,Crystal structure of human ROR gamma LBD in complex with a quinoline sulfonamide inverse agonist,experimental,"[""X-RAY DIFFRACTION""]",[1.99],[0.1873],[0.2324],2018-12-03T00:00:00Z,2019-05-29T00:00:00Z,2024-01-24T00:00:00Z,C 1 2 1,1,1,1,2,"Discovery of novel quinoline sulphonamide derivatives as potent, selective and orally active ROR gamma inverse agonists.",10.1016/j.bmcl.2019.05.015,2019.0,True,False
6Q6M,"RORCVAR2 (RORGT, 264-499) IN COMPLEX WITH COMPOUND 1: Identification of N-aryl imidazoles as potent and selective RORgt inhibitors",experimental,"[""X-RAY DIFFRACTION""]",[2.35],[0.2473],[0.2708],2018-12-11T00:00:00Z,2019-11-27T00:00:00Z,2024-01-24T00:00:00Z,P 61 2 2,1,1,1,1,Structure-Based and Property-Driven Optimization ofN-Aryl Imidazoles toward Potent and Selective Oral ROR gamma t Inhibitors.,10.1021/acs.jmedchem.9b01291,2019.0,True,False
6Q6O,"RORCVAR2 (RORGT, 264-499) IN COMPLEX WITH COMPOUND 2 AT 2.3A: Identification of N-aryl imidazoles as potent and selective RORgt inhibitors",experimental,"[""X-RAY DIFFRACTION""]",[2.3],[0.2205],[0.2431],2018-12-11T00:00:00Z,2019-11-27T00:00:00Z,2024-01-24T00:00:00Z,P 61 2 2,1,1,2,1,Structure-Based and Property-Driven Optimization ofN-Aryl Imidazoles toward Potent and Selective Oral ROR gamma t Inhibitors.,10.1021/acs.jmedchem.9b01291,2019.0,True,False
6Q7A,"RORCVAR2 (RORGT, 264-499) IN COMPLEX WITH COMPOUND 4 AT 2.2A: Identification of N-aryl imidazoles as potent and selective RORgt inhibitors",experimental,"[""X-RAY DIFFRACTION""]",[2.2],[0.2362],[0.2509],2018-12-13T00:00:00Z,2019-11-27T00:00:00Z,2024-01-24T00:00:00Z,P 61 2 2,1,1,1,1,Structure-Based and Property-Driven Optimization ofN-Aryl Imidazoles toward Potent and Selective Oral ROR gamma t Inhibitors.,10.1021/acs.jmedchem.9b01291,2019.0,True,False
6Q7H,"RORCVAR2 (RORGT, 264-499) IN COMPLEX WITH COMPOUND 9 AT 2.3A: Identification of N-aryl imidazoles as potent and selective RORgt inhibitors",experimental,"[""X-RAY DIFFRACTION""]",[2.3],[0.2332],[0.2491],2018-12-13T00:00:00Z,2019-11-27T00:00:00Z,2024-01-24T00:00:00Z,P 61 2 2,1,1,1,1,Structure-Based and Property-Driven Optimization ofN-Aryl Imidazoles toward Potent and Selective Oral ROR gamma t Inhibitors.,10.1021/acs.jmedchem.9b01291,2019.0,True,False
6QJ5,X-ray structure of PPARgamma LBD with the ligand NV1380,experimental,"[""X-RAY DIFFRACTION""]",[2.0],[0.2313],[0.2762],2019-01-22T00:00:00Z,2020-02-05T00:00:00Z,2024-01-24T00:00:00Z,C 1 2 1,1,1,1,2,A Novel N-Substituted Valine Derivative with Unique Peroxisome Proliferator-Activated Receptor gamma Binding Properties and Biological Activities.,10.1021/acs.jmedchem.0c01555,2020.0,True,False
6R7A,Ligand complex of RORg LBD,experimental,"[""X-RAY DIFFRACTION""]",[2.13],[0.201],[0.237],2019-03-28T00:00:00Z,2019-07-03T00:00:00Z,2024-05-15T00:00:00Z,P 41 21 2,2,2,2,2,Discovery of Potent and Orally Bioavailable Inverse Agonists of the Retinoic Acid Receptor-Related Orphan Receptor C2.,10.1021/acsmedchemlett.9b00158,2019.0,True,False
6R7J,Ligand complex of RORg LBD,experimental,"[""X-RAY DIFFRACTION""]",[1.84],[0.2033],[0.2492],2019-03-29T00:00:00Z,2019-07-03T00:00:00Z,2024-05-15T00:00:00Z,P 41 21 2,2,2,3,2,Discovery of Potent and Orally Bioavailable Inverse Agonists of the Retinoic Acid Receptor-Related Orphan Receptor C2.,10.1021/acsmedchemlett.9b00158,2019.0,True,False
6R7K,Ligand complex of RORg LBD,experimental,"[""X-RAY DIFFRACTION""]",[1.54],[0.2034],[0.2135],2019-03-29T00:00:00Z,2019-07-03T00:00:00Z,2024-05-15T00:00:00Z,P 41 21 2,2,2,3,2,Discovery of Potent and Orally Bioavailable Inverse Agonists of the Retinoic Acid Receptor-Related Orphan Receptor C2.,10.1021/acsmedchemlett.9b00158,2019.0,True,False
6S41,CRYSTAL STRUCTURE OF PXR IN COMPLEX WITH XPC-7455,experimental,"[""X-RAY DIFFRACTION""]",[2.7],[0.21252],[0.25901],2019-06-26T00:00:00Z,2019-10-02T00:00:00Z,2024-05-15T00:00:00Z,P 21 21 21,1,1,1,2,Identification of CNS-Penetrant Aryl Sulfonamides as Isoform-Selective NaV1.6 Inhibitors with Efficacy in Mouse Models of Epilepsy.,10.1021/acs.jmedchem.9b01032,2019.0,True,False
6S4N,LXRbeta ligand binding domain in comlpex with small molecule inhibitors,experimental,"[""X-RAY DIFFRACTION""]",[1.9],[0.2147],[0.245],2019-06-28T00:00:00Z,2019-11-27T00:00:00Z,2024-05-15T00:00:00Z,P 1 21 1,1,1,2,4,Structural analysis identifies an escape route from the adverse lipogenic effects of liver X receptor ligands.,10.1038/s42003-019-0675-0,2019.0,True,False
6S4T,LXRbeta ligand binding domain in comlpex with small molecule inhibitors,experimental,"[""X-RAY DIFFRACTION""]",[2.0],[0.2048],[0.2381],2019-06-28T00:00:00Z,2019-11-27T00:00:00Z,2024-05-15T00:00:00Z,I 41 2 2,1,1,1,1,Structural analysis identifies an escape route from the adverse lipogenic effects of liver X receptor ligands.,10.1038/s42003-019-0675-0,2019.0,True,False
6S4U,LXRbeta ligand binding domain in comlpex with small molecule inhibitors,experimental,"[""X-RAY DIFFRACTION""]",[2.81],[0.2532],[0.2798],2019-06-28T00:00:00Z,2019-11-27T00:00:00Z,2024-05-15T00:00:00Z,P 32 2 1,1,1,1,3,Structural analysis identifies an escape route from the adverse lipogenic effects of liver X receptor ligands.,10.1038/s42003-019-0675-0,2019.0,True,False
6S5K,LXRbeta ligand binding domain in complex with small molecule inhibitors,experimental,"[""X-RAY DIFFRACTION""]",[1.6],[0.1803],[0.2142],2019-07-01T00:00:00Z,2019-12-18T00:00:00Z,2024-05-15T00:00:00Z,P 32 2 1,1,1,1,1,Structural analysis identifies an escape route from the adverse lipogenic effects of liver X receptor ligands.,10.1038/s42003-019-0675-0,2019.0,True,False
6SAL,ROR(gamma)t ligand binding domain in complex with allosteric ligand FM26,experimental,"[""X-RAY DIFFRACTION""]",[1.61],[0.1814],[0.2027],2019-07-17T00:00:00Z,2019-12-25T00:00:00Z,2024-01-24T00:00:00Z,P 61 2 2,1,1,1,1,Ligand-Based Design of Allosteric Retinoic Acid Receptor-Related Orphan Receptor gamma t (ROR gamma t) Inverse Agonists.,10.1021/acs.jmedchem.9b01372,2020.0,True,False
6SBO,Estrogen receptor mutant L536S,experimental,"[""X-RAY DIFFRACTION""]",[1.48],[0.19],[0.212],2019-07-22T00:00:00Z,2019-11-27T00:00:00Z,2024-05-15T00:00:00Z,C 1 2 1,1,1,1,2,"Discovery of 6-(2,4-Dichlorophenyl)-5-[4-[(3S)-1-(3-fluoropropyl)pyrrolidin-3-yl]oxyphenyl]-8,9-dihydro-7H-benzo[7]annulene-2-carboxylic acid (SAR439859), a Potent and Selective Estrogen Receptor Degrader (SERD) for the Treatment of Estrogen-Receptor-Positive Breast Cancer.",10.1021/acs.jmedchem.9b01293,2020.0,True,False
6SJM,Crystal structure of the Retinoic Acid Receptor alpha in complex with compound 24 (JP175),experimental,"[""X-RAY DIFFRACTION""]",[2.52],[0.2053],[0.247],2019-08-13T00:00:00Z,2019-09-18T00:00:00Z,2024-01-24T00:00:00Z,P 43 21 2,2,2,1,2,A Novel Biphenyl-based Chemotype of Retinoid X Receptor Ligands Enables Subtype and Heterodimer Preferences.,10.1021/acsmedchemlett.9b00306,2019.0,True,False
6SLZ,Crystal structure of human ROR gamma LBD in complex with a (quinolinoxymethyl)benzamide inverse agonist,experimental,"[""X-RAY DIFFRACTION""]",[2.2],[0.2057],[0.278],2019-08-21T00:00:00Z,2020-09-09T00:00:00Z,2024-01-24T00:00:00Z,C 1 2 1,1,1,1,2,Crystal structure of human ROR gamma LBD in complex with a (quinolinoxymethyl)benzamide inverse agonist,,,True,False
6SQ0,"ERa_L536S (L536S/C381S/C471S,C530S) in complex with a bridged tetracyclic indole (compound 8)",experimental,"[""X-RAY DIFFRACTION""]",[1.77],[0.196],[0.198],2019-09-03T00:00:00Z,2019-10-30T00:00:00Z,2024-05-15T00:00:00Z,C 1 2 1,1,1,1,2,Building Bridges in a Series of Estrogen Receptor Degraders: An Application of Metathesis in Medicinal Chemistry.,10.1021/acsmedchemlett.9b00370,2019.0,True,False
6SSQ,Crystal structure of RARbeta LBD in complex with LG 100754,experimental,"[""X-RAY DIFFRACTION""]",[2.3],[0.1616],[0.2081],2019-09-09T00:00:00Z,2019-11-20T00:00:00Z,2024-01-24T00:00:00Z,P 21 21 21,2,2,3,4,Regulation of RXR-RAR Heterodimers by RXR- and RAR-Specific Ligands and Their Combinations.,10.3390/cells8111392,2019.0,True,False
6STI,Crystal structure of RXRalpha LBD in complex with LG 100754 and a coactivator peptide,experimental,"[""X-RAY DIFFRACTION""]",[1.892],[0.1557],[0.1718],2019-09-10T00:00:00Z,2019-11-20T00:00:00Z,2024-01-31T00:00:00Z,P 43 21 2,2,2,2,2,Regulation of RXR-RAR Heterodimers by RXR- and RAR-Specific Ligands and Their Combinations.,10.3390/cells8111392,2019.0,True,False
6SUO,"ERa_L536S (L536S/C381S/C471S,C530S) in complex with a tricyclic indole (compound 6)",experimental,"[""X-RAY DIFFRACTION""]",[1.74],[0.221],[0.244],2019-09-16T00:00:00Z,2019-10-30T00:00:00Z,2024-05-15T00:00:00Z,C 1 2 1,1,1,1,2,Building Bridges in a Series of Estrogen Receptor Degraders: An Application of Metathesis in Medicinal Chemistry.,10.1021/acsmedchemlett.9b00370,2019.0,True,False
6T1S,PPAR mutant,experimental,"[""X-RAY DIFFRACTION""]",[1.65],[0.1709],[0.2044],2019-10-05T00:00:00Z,2021-04-14T00:00:00Z,2024-01-24T00:00:00Z,P 41 21 2,1,1,2,1,Structure of PPARg mutant,,,True,False
6T1V,Structure of PPARg H494Y mutant in complex with GW1929,experimental,"[""X-RAY DIFFRACTION""]",[2.21],[0.1662],[0.1955],2019-10-06T00:00:00Z,2021-04-14T00:00:00Z,2024-02-07T00:00:00Z,I 2 2 2,2,2,1,2,Structure of a PPARg mutant complex,,,True,False
6T4G,ROR(gamma)t ligand binding domain in complex with cholesterol and allosteric ligand FM26,experimental,"[""X-RAY DIFFRACTION""]",[1.93],[0.1782],[0.2131],2019-10-14T00:00:00Z,2020-11-25T00:00:00Z,2024-01-24T00:00:00Z,P 61 2 2,1,1,3,1,Cooperativity between the orthosteric and allosteric ligand binding sites of ROR gamma t.,10.1073/pnas.2021287118,2021.0,True,False
6T4I,ROR(gamma)t ligand binding domain in complex with cholesterol and allosteric ligand MRL871,experimental,"[""X-RAY DIFFRACTION""]",[1.84],[0.1898],[0.215],2019-10-14T00:00:00Z,2020-11-18T00:00:00Z,2024-01-24T00:00:00Z,P 61 2 2,1,1,3,1,Cooperativity between the orthosteric and allosteric ligand binding sites of ROR gamma t.,10.1073/pnas.2021287118,2021.0,True,False
6T4J,ROR(gamma)t ligand binding domain in complex with desmosterol and allosteric ligand FM26,experimental,"[""X-RAY DIFFRACTION""]",[1.79],[0.1747],[0.1967],2019-10-14T00:00:00Z,2020-11-18T00:00:00Z,2024-01-24T00:00:00Z,P 61 2 2,1,1,3,1,Cooperativity between the orthosteric and allosteric ligand binding sites of ROR gamma t.,10.1073/pnas.2021287118,2021.0,True,False
6T4K,ROR(gamma)t ligand binding domain in complex with desmosterol and allosteric ligand MRL871,experimental,"[""X-RAY DIFFRACTION""]",[1.89],[0.1847],[0.2049],2019-10-14T00:00:00Z,2020-11-18T00:00:00Z,2024-01-24T00:00:00Z,P 61 2 2,1,1,3,1,Cooperativity between the orthosteric and allosteric ligand binding sites of ROR gamma t.,10.1073/pnas.2021287118,2021.0,True,False
6T4T,ROR(gamma)t ligand binding domain in complex with 20-alpha-hydroxycholesterol and allosteric ligand FM26,experimental,"[""X-RAY DIFFRACTION""]",[1.62],[0.13315],[0.1738],2019-10-15T00:00:00Z,2020-11-18T00:00:00Z,2024-01-24T00:00:00Z,P 61 2 2,1,1,3,1,Cooperativity between the orthosteric and allosteric ligand binding sites of ROR gamma t.,10.1073/pnas.2021287118,2021.0,True,False
6T4U,ROR(gamma)t ligand binding domain in complex with 20-alpha-hydroxycholesterol and allosteric ligand MRL871,experimental,"[""X-RAY DIFFRACTION""]",[2.0],[0.1923],[0.2281],2019-10-15T00:00:00Z,2020-11-18T00:00:00Z,2024-01-24T00:00:00Z,P 61 2 2,1,1,3,1,Cooperativity between the orthosteric and allosteric ligand binding sites of ROR gamma t.,10.1073/pnas.2021287118,2021.0,True,False
6T4W,ROR(gamma)t ligand binding domain in complex with 20-alpha-hydroxycholesterol and allosteric ligand Glenmark,experimental,"[""X-RAY DIFFRACTION""]",[1.71],[0.1596],[0.20003],2019-10-15T00:00:00Z,2020-11-18T00:00:00Z,2024-01-24T00:00:00Z,P 61 2 2,1,1,3,1,Cooperativity between the orthosteric and allosteric ligand binding sites of ROR gamma t.,10.1073/pnas.2021287118,2021.0,True,False
6T4X,ROR(gamma)t ligand binding domain in complex with 25-hydroxycholesterol and allosteric ligand FM26,experimental,"[""X-RAY DIFFRACTION""]",[1.48],[0.1749],[0.1852],2019-10-15T00:00:00Z,2020-11-18T00:00:00Z,2024-01-24T00:00:00Z,P 61 2 2,1,1,3,1,Cooperativity between the orthosteric and allosteric ligand binding sites of ROR gamma t.,10.1073/pnas.2021287118,2021.0,True,False
6T4Y,ROR(gamma)t ligand binding domain in complex with 25-hydroxycholesterol and allosteric ligand MRL871,experimental,"[""X-RAY DIFFRACTION""]",[1.95],[0.1857],[0.2151],2019-10-15T00:00:00Z,2020-11-18T00:00:00Z,2024-01-24T00:00:00Z,P 61 2 2,1,1,3,1,Cooperativity between the orthosteric and allosteric ligand binding sites of ROR gamma t.,10.1073/pnas.2021287118,2021.0,True,False
6T50,ROR(gamma)t ligand binding domain in complex with 25-hydroxycholesterol and allosteric ligand Glenmark,experimental,"[""X-RAY DIFFRACTION""]",[1.87],[0.1856],[0.21],2019-10-15T00:00:00Z,2020-11-18T00:00:00Z,2024-01-24T00:00:00Z,P 61 2 2,1,1,3,1,Cooperativity between the orthosteric and allosteric ligand binding sites of ROR gamma t.,10.1073/pnas.2021287118,2021.0,True,False
6T6B,Crystal structure of PPARgamma in complex with compound 16 (MF27),experimental,"[""X-RAY DIFFRACTION""]",[2.8],[0.2324],[0.2714],2019-10-18T00:00:00Z,2019-12-11T00:00:00Z,2024-01-24T00:00:00Z,P 41 21 2,1,1,1,1,A Selective Modulator of Peroxisome Proliferator-Activated Receptor gamma with an Unprecedented Binding Mode.,10.1021/acs.jmedchem.9b01786,2020.0,True,False
6T9C,Crystal structure of the complex between PPARgamma LBD and the ligand NV1346 (3a),experimental,"[""X-RAY DIFFRACTION""]",[1.95],[0.2301],[0.2616],2019-10-27T00:00:00Z,2020-02-26T00:00:00Z,2024-01-24T00:00:00Z,C 1 2 1,1,1,1,2,Insights into PPAR gamma Phosphorylation and Its Inhibition Mechanism.,10.1021/acs.jmedchem.0c00048,2020.0,True,False
6TDC,PPAR gamma ligand binding domain in complex with MRL-871,experimental,"[""X-RAY DIFFRACTION""]",[2.328],[0.2007],[0.2387],2019-11-08T00:00:00Z,2020-11-18T00:00:00Z,2024-01-24T00:00:00Z,P 63 2 2,1,1,2,1,Binding of PPAR(gamma) to MRL871,,,True,False
6TFI,PXR IN COMPLEX WITH THROMBIN INHIBITOR COMPOUND 17,experimental,"[""X-RAY DIFFRACTION""]",[1.85],[0.17192],[0.19932],2019-11-14T00:00:00Z,2020-11-11T00:00:00Z,2024-01-24T00:00:00Z,P 21 21 21,1,1,5,2,"Design, Synthesis, and Pharmacological Characterization of a Neutral, Non-Prodrug Thrombin Inhibitor with Good Oral Pharmacokinetics.",10.1021/acs.jmedchem.0c01035,2020.0,True,False
6TJM,Crystal structure of an Estrogen Receptor alpha 8-mer phosphopeptide in complex with 14-3-3sigma stabilized by Pyrrolidone1,experimental,"[""X-RAY DIFFRACTION""]",[1.85],[0.197],[0.218],2019-11-26T00:00:00Z,2020-04-29T00:00:00Z,2026-04-15T00:00:00Z,C 2 2 2,2,2,2,2,Design of Drug-Like Protein-Protein Interaction Stabilizers Guided By Chelation-Controlled Bioactive Conformation Stabilization.,10.1002/chem.202001608,2020.0,True,False
6TL3,Crystal structure of an Estrogen Receptor alpha 8-mer phosphopeptide in complex with 14-3-3sigma stabilized by a Pyrrolidone1 derivative,experimental,"[""X-RAY DIFFRACTION""]",[2.455],[0.2097],[0.2592],2019-11-30T00:00:00Z,2020-04-29T00:00:00Z,2024-10-16T00:00:00Z,C 2 2 2,2,2,1,2,Design of Drug-Like Protein-Protein Interaction Stabilizers Guided By Chelation-Controlled Bioactive Conformation Stabilization.,10.1002/chem.202001608,2020.0,True,False
6TLM,ROR(gamma)t ligand binding domain in complex with allosteric ligand compound 13 (Glenmark),experimental,"[""X-RAY DIFFRACTION""]",[2.321],[0.2054],[0.252],2019-12-03T00:00:00Z,2020-03-04T00:00:00Z,2024-01-24T00:00:00Z,P 61 2 2,1,1,1,1,Elucidation of an Allosteric Mode of Action for a Thienopyrazole ROR gamma t Inverse Agonist.,10.1002/cmdc.202000044,2020.0,True,False
6TLQ,ROR(gamma)t ligand binding domain in complex with cholesterol and allosteric ligand Glenmark,experimental,"[""X-RAY DIFFRACTION""]",[1.761],[0.1778],[0.2116],2019-12-03T00:00:00Z,2020-12-16T00:00:00Z,2024-01-24T00:00:00Z,P 61 2 2,1,1,3,1,Cooperativity between the orthosteric and allosteric ligand binding sites of ROR gamma t.,10.1073/pnas.2021287118,2021.0,True,False
6TLT,ROR(gamma)t ligand binding domain in complex with desmosterol and allosteric ligand Glenmark,experimental,"[""X-RAY DIFFRACTION""]",[2.11],[0.1958],[0.235],2019-12-03T00:00:00Z,2020-12-16T00:00:00Z,2024-01-24T00:00:00Z,P 61 2 2,1,1,3,1,Cooperativity between the orthosteric and allosteric ligand binding sites of ROR gamma t.,10.1073/pnas.2021287118,2021.0,True,False
6TSG,Crystal structure of Peroxisome proliferator-activated receptor gamma (PPARG) in complex with TETRAC,experimental,"[""X-RAY DIFFRACTION""]",[2.98],[0.2365],[0.2924],2019-12-20T00:00:00Z,2020-07-22T00:00:00Z,2024-01-24T00:00:00Z,P 41 21 2,1,1,1,1,l-Thyroxin and the Nonclassical Thyroid Hormone TETRAC Are Potent Activators of PPAR gamma.,10.1021/acs.jmedchem.9b02150,2020.0,True,False
6U25,CRYSTAL STRUCTURE OF RAR-RELATED ORPHAN RECEPTOR C (NHIS- RORGT(244-487)-L6-SRC1(678-692)) IN COMPLEX WITH A TRICYCLIC INVERSE AGONIST,experimental,"[""X-RAY DIFFRACTION""]",[2.61],[0.206],[0.247],2019-08-19T00:00:00Z,2019-11-06T00:00:00Z,2023-10-11T00:00:00Z,P 41 21 2,1,1,2,1,"Rationally Designed, Conformationally Constrained Inverse Agonists of ROR gamma t-Identification of a Potent, Selective Series with Biologic-Like in Vivo Efficacy.",10.1021/acs.jmedchem.9b01369,2019.0,True,False
6UCG,Retinoic acid receptor-related orphan receptor (ROR) gamma in complex with allosteric compound 28,experimental,"[""X-RAY DIFFRACTION""]",[2.87],[0.1971],[0.2604],2019-09-16T00:00:00Z,2020-03-04T00:00:00Z,2024-03-13T00:00:00Z,P 61 2 2,1,1,1,1,Discovery ofN-(Indazol-3-yl)piperidine-4-carboxylic Acids as ROR gamma t Allosteric Inhibitors for Autoimmune Diseases.,10.1021/acsmedchemlett.9b00431,2020.0,True,False
6V87,Estrogen Receptor Alpha Ligand Binding Domain Y537S in Complex with 4-Hydroxytamoxifen,experimental,"[""X-RAY DIFFRACTION""]",[2.4],[0.2423],[0.2714],2019-12-10T00:00:00Z,2019-12-25T00:00:00Z,2023-10-11T00:00:00Z,C 1 2 1,1,1,1,2,Estrogen Receptor Alpha,,,True,False
6V8T,Estrogen Receptor Alpha Ligand Binding Domain Y537S in Complex with LSZ102,experimental,"[""X-RAY DIFFRACTION""]",[2.1],[0.207],[0.256],2019-12-12T00:00:00Z,2019-12-25T00:00:00Z,2023-10-11T00:00:00Z,C 1 2 1,1,1,1,2,Stereospecific lasofoxifene derivatives reveal the interplay between estrogen receptor alpha stability and antagonistic activity in ESR1 mutant breast cancer cells.,10.7554/eLife.72512,2022.0,True,False
6VC2,LRH-1 bound to SS-RJW100 and a fragment of the Tif2 Coactivator,experimental,"[""X-RAY DIFFRACTION""]",[1.697],[0.2096],[0.2284],2019-12-20T00:00:00Z,2020-12-23T00:00:00Z,2023-10-11T00:00:00Z,P 43 21 2,2,2,1,2,Enantiomer-specific activities of an LRH-1 and SF-1 dual agonist.,10.1038/s41598-020-79251-9,2020.0,True,False
6VGH,Estrogen Receptor Alpha Ligand Binding Domain Y537S Mutant In Complex with Lasofoxifene,experimental,"[""X-RAY DIFFRACTION""]",[2.1],[0.2158],[0.274],2020-01-08T00:00:00Z,2020-02-12T00:00:00Z,2023-10-11T00:00:00Z,P 65,1,1,1,2,Ligand Binding Domain,,,True,False
6VIF,Human LRH-1 ligand-binding domain bound to agonist cpd 15 and fragment of coregulator TIF-2,experimental,"[""X-RAY DIFFRACTION""]",[2.26],[0.2402],[0.2836],2020-01-13T00:00:00Z,2020-06-10T00:00:00Z,2023-10-11T00:00:00Z,P 43 21 2,2,2,1,2,Development of a new class of liver receptor homolog-1 (LRH-1) agonists by photoredox conjugate addition.,10.1016/j.bmcl.2020.127293,2020.0,True,False
6VJD,Estrogen Receptor Alpha Ligand Binding Domain in Complex with Lasofoxifene,experimental,"[""X-RAY DIFFRACTION""]",[1.8],[0.1951],[0.2259],2020-01-15T00:00:00Z,2020-02-26T00:00:00Z,2023-10-11T00:00:00Z,P 32,1,1,1,4,Estrogen Receptor Alpha,,,True,False
6VPF,Estrogen Receptor Alpha Ligand Binding Domain in Complex with the Selective Estrogen Receptor Modulator Clomiphene,experimental,"[""X-RAY DIFFRACTION""]",[1.6],[0.2008],[0.2344],2020-02-03T00:00:00Z,2020-09-16T00:00:00Z,2023-10-11T00:00:00Z,P 32,1,1,1,4,Stereospecific lasofoxifene derivatives reveal the interplay between estrogen receptor alpha stability and antagonistic activity in ESR1 mutant breast cancer cells.,10.7554/eLife.72512,2022.0,True,False
6VQF,CRYSTAL STRUCTURE OF RAR-RELATED ORPHAN RECEPTOR C (NHIS-RORGT(244- 487)-L6-SRC1(678-692)) IN COMPLEX WITH AN INVERSE AGONIST,experimental,"[""X-RAY DIFFRACTION""]",[2.0],[0.2035],[0.241],2020-02-05T00:00:00Z,2020-04-08T00:00:00Z,2023-10-11T00:00:00Z,P 41 21 2,1,1,2,1,"Discovery of BMS-986251: A Clinically Viable, Potent, and Selective ROR gamma t Inverse Agonist.",10.1021/acsmedchemlett.0c00063,2020.0,True,False
6VSW,Optimization and biological evaluation of thiazole-bis-amide inverse agonists of RORgt,experimental,"[""X-RAY DIFFRACTION""]",[3.202],[0.1857],[0.2313],2020-02-12T00:00:00Z,2020-05-13T00:00:00Z,2023-10-11T00:00:00Z,P 61,1,1,1,2,Optimization and biological evaluation of thiazole-bis-amide inverse agonists of ROR gamma t.,10.1016/j.bmcl.2020.127205,2020.0,True,False
6VZL,Crystal structure of human PPARgamma ligand binding domain in complex with GW1929,experimental,"[""X-RAY DIFFRACTION""]",[2.07],[0.251],[0.2886],2020-02-28T00:00:00Z,2021-03-03T00:00:00Z,2023-10-11T00:00:00Z,C 1 2 1,1,1,1,2,Structural mechanism underlying ligand binding and activation of PPAR gamma.,10.1016/j.str.2021.02.006,2021.0,True,False
6VZM,Crystal structure of human PPARgamma ligand binding domain Y473E mutant in complex with Darglitazone,experimental,"[""X-RAY DIFFRACTION""]",[2.4],[0.2174],[0.2782],2020-02-28T00:00:00Z,2021-03-03T00:00:00Z,2023-10-11T00:00:00Z,C 1 2 1,1,1,1,2,Structural mechanism underlying ligand binding and activation of PPAR gamma.,10.1016/j.str.2021.02.006,2021.0,True,False
6VZN,Crystal structure of human PPARgamma ligand binding domain Y473E mutant,experimental,"[""X-RAY DIFFRACTION""]",[2.3],[0.2233],[0.2784],2020-02-28T00:00:00Z,2021-03-03T00:00:00Z,2023-10-11T00:00:00Z,C 1 2 1,1,1,0,2,Structural mechanism underlying ligand binding and activation of PPAR gamma.,10.1016/j.str.2021.02.006,2021.0,True,False
6VZO,Crystal structure of human PPARgamma ligand binding domain (Protein delipidated by denature and refold),experimental,"[""X-RAY DIFFRACTION""]",[2.27],[0.2176],[0.2706],2020-02-28T00:00:00Z,2021-03-03T00:00:00Z,2023-10-11T00:00:00Z,C 1 2 1,1,1,0,2,Structural mechanism underlying ligand binding and activation of PPAR gamma.,10.1016/j.str.2021.02.006,2021.0,True,False
6W9H,SUBSTITUTED BENZYLOXYTRICYCLIC COMPOUNDS AS RETINOIC ACID-RELATED ORPHAN RECEPTOR GAMMA T AGONISTS,experimental,"[""X-RAY DIFFRACTION""]",[1.995],[0.1982],[0.2579],2020-03-23T00:00:00Z,2020-04-29T00:00:00Z,2023-10-18T00:00:00Z,P 41 21 2,1,1,1,1,Substituted benzyloxytricyclic compounds as retinoic acid-related orphan receptor gamma t (ROR gamma t) agonists.,10.1016/j.bmcl.2020.127204,2020.0,True,False
6W9I,SUBSTITUTED BENZYLOXYTRICYCLIC COMPOUNDS AS RETINOIC ACID-RELATED ORPHAN RECEPTOR GAMMA T AGONISTS,experimental,"[""X-RAY DIFFRACTION""]",[1.608],[0.1933],[0.2355],2020-03-23T00:00:00Z,2020-04-29T00:00:00Z,2023-10-18T00:00:00Z,P 41 21 2,1,1,1,1,Substituted benzyloxytricyclic compounds as retinoic acid-related orphan receptor gamma t (ROR gamma t) agonists.,10.1016/j.bmcl.2020.127204,2020.0,True,False
6W9M,Structure of the Ancestral Glucocorticoid Receptor 2 ligand binding domain in complex with vamorolone and SHP coregulator fragment,experimental,"[""X-RAY DIFFRACTION""]",[1.59],[0.1871],[0.2197],2020-03-23T00:00:00Z,2020-11-04T00:00:00Z,2023-10-18T00:00:00Z,C 1 2 1,2,2,2,2,Disruption of a key ligand-H-bond network drives dissociative properties in vamorolone for Duchenne muscular dystrophy treatment.,10.1073/pnas.2006890117,2020.0,True,False
6WMQ,Crystal Structure of Human REV-ERBbeta Ligand Binding Domain Co-Bound to Heme and NCoR ID1 Peptide,experimental,"[""X-RAY DIFFRACTION""]",[2.55],[0.1993],[0.2704],2020-04-21T00:00:00Z,2021-02-17T00:00:00Z,2026-08-12T00:00:00Z,C 1 2 1,2,2,1,4,Structural basis for heme-dependent NCoR binding to the transcriptional repressor REV-ERB beta.,10.1126/sciadv.abc6479,2021.0,True,False
6WMS,Crystal Structure of Human REV-ERBbeta Ligand Binding Domain Co-Bound to Heme and NCoR ID2 Peptide,experimental,"[""X-RAY DIFFRACTION""]",[2.0],[0.188],[0.2395],2020-04-21T00:00:00Z,2021-02-17T00:00:00Z,2026-08-12T00:00:00Z,P 1 21 1,2,2,1,4,Structural basis for heme-dependent NCoR binding to the transcriptional repressor REV-ERB beta.,10.1126/sciadv.abc6479,2021.0,True,False
6WOK,Crystal structure of estrogen receptor alpha in complex with receptor degrader 6,experimental,"[""X-RAY DIFFRACTION""]",[2.309],[0.1724],[0.2503],2020-04-24T00:00:00Z,2020-07-01T00:00:00Z,2023-11-01T00:00:00Z,P 1,1,1,2,4,Discovery of GNE-149 as a Full Antagonist and Efficient Degrader of Estrogen Receptor alpha for ER+ Breast Cancer.,10.1021/acsmedchemlett.0c00224,2020.0,True,False
6X6D,Glucocorticoid Receptor DNA binding domain in complex with unmodified precursor for a modern recognition element (pre-GBS),experimental,"[""X-RAY DIFFRACTION""]",[2.48],[0.1903],[0.2113],2020-05-28T00:00:00Z,2021-06-02T00:00:00Z,2023-10-18T00:00:00Z,C 1 2 1,3,1,2,4,"Structural basis for glucocorticoid receptor recognition of both unmodified and methylated binding sites, precursors of a modern recognition element.",10.1093/nar/gkab605,2021.0,True,False
6X6E,Glucocorticoid Receptor DNA binding domain in complex with methylated precursor for a modern recognition element (methylated pre-GBS),experimental,"[""X-RAY DIFFRACTION""]",[2.0],[0.1811],[0.2122],2020-05-28T00:00:00Z,2021-06-02T00:00:00Z,2023-10-18T00:00:00Z,C 1 2 1,3,1,1,4,"Structural basis for glucocorticoid receptor recognition of both unmodified and methylated binding sites, precursors of a modern recognition element.",10.1093/nar/gkab605,2021.0,True,False
6XAE,SUBSTITUTED BENZYLOXYTRICYCLIC COMPOUNDS AS RETINOIC ACID-RELATED ORPHAN RECEPTOR GAMMA T AGONISTS,experimental,"[""X-RAY DIFFRACTION""]",[2.257],[0.2078],[0.265],2020-06-04T00:00:00Z,2020-06-17T00:00:00Z,2023-10-18T00:00:00Z,P 41 21 2,1,1,1,1,Substituted benzyloxytricyclic compounds as retinoic acid-related orphan receptor gamma t (ROR gamma t) agonists.,10.1016/j.bmcl.2020.127204,2020.0,True,False
6XFV,CRYSTAL STRUCTURE OF RAR-RELATED ORPHAN RECEPTOR C IN COMPLEX WITH A NOVEL INVERSE AGONIST,experimental,"[""X-RAY DIFFRACTION""]",[2.15],[0.2528],[0.277],2020-06-16T00:00:00Z,2020-08-12T00:00:00Z,2023-10-18T00:00:00Z,P 61,1,1,1,2,"Discovery of (3S,4S)-3-methyl-3-(4-fluorophenyl)-4-(4-(1,1,1,3,3,3-hexafluoro-2-hydroxyprop-2-yl)phenyl)pyrrolidines as novel ROR gamma t inverse agonists.",10.1016/j.bmcl.2020.127392,2020.0,True,False
6XP9,"STRUCTURE OF HUMAN PREGNANE X RECEPTOR LIGAND BINDING DOMAIN BOUND TETHERED WITH SRC co-activator peptide IN COMPLEX WITH (S,S)-1",experimental,"[""X-RAY DIFFRACTION""]",[2.27],[0.1949],[0.2199],2020-07-08T00:00:00Z,2020-09-23T00:00:00Z,2023-10-18T00:00:00Z,P 21 21 21,1,1,2,2,Structure-based amelioration of PXR transactivation in a novel series of macrocyclic allosteric inhibitors of HIV-1 integrase.,10.1016/j.bmcl.2020.127531,2020.0,True,False
6XWG,Crystal Structure of the Human RXR/RAR DNA-Binding Domain Heterodimer Bound to the Human RARb2 DR5 Response Element,experimental,"[""X-RAY DIFFRACTION""]",[2.4],[0.191],[0.207],2020-01-23T00:00:00Z,2020-09-09T00:00:00Z,2024-01-24T00:00:00Z,P 43 21 2,4,2,3,4,Structural basis for DNA recognition and allosteric control of the retinoic acid receptors RAR-RXR.,10.1093/nar/gkaa697,2020.0,True,False
6XWH,Crystal Structure of the Human RXR DNA-Binding Domain Homodimer Bound to the Human Hoxb13 DR0 Response Element,experimental,"[""X-RAY DIFFRACTION""]",[2.1],[0.185],[0.224],2020-01-23T00:00:00Z,2020-09-09T00:00:00Z,2024-01-24T00:00:00Z,P 1 21 1,3,1,1,4,Structural basis for DNA recognition and allosteric control of the retinoic acid receptors RAR-RXR.,10.1093/nar/gkaa697,2020.0,True,False
6XXC,"Ternary complex of 14-3-3 sigma (C38N), Estrogen Related Receptor gamma (DBD) phosphopeptide, and disulfide PPI stabilizer 4",experimental,"[""X-RAY DIFFRACTION""]",[1.3],[0.1641],[0.1807],2020-01-27T00:00:00Z,2020-11-18T00:00:00Z,2025-10-01T00:00:00Z,C 2 2 21,2,2,3,2,Fluorescence Anisotropy-Based Tethering for Discovery of Protein-Protein Interaction Stabilizers.,10.1021/acschembio.0c00646,2020.0,True,False
6XY5,"Ternary complex of 14-3-3 sigma (C38N), Estrogen Related Receptor gamma (DBD) phosphopeptide, and disulfide PPI stabilizer 5",experimental,"[""X-RAY DIFFRACTION""]",[1.3],[0.1621],[0.1775],2020-01-29T00:00:00Z,2020-11-18T00:00:00Z,2025-10-01T00:00:00Z,C 2 2 21,2,2,3,2,Fluorescence Anisotropy-Based Tethering for Discovery of Protein-Protein Interaction Stabilizers.,10.1021/acschembio.0c00646,2020.0,True,False
6Y18,"Ternary complex of 14-3-3 sigma (C38N), Estrogen Related Receptor gamma (DBD) phosphopeptide, and disulfide PPI stabilizer 3",experimental,"[""X-RAY DIFFRACTION""]",[1.3],[0.1662],[0.182],2020-02-11T00:00:00Z,2020-11-18T00:00:00Z,2025-10-01T00:00:00Z,C 2 2 21,2,2,3,2,Fluorescence Anisotropy-Based Tethering for Discovery of Protein-Protein Interaction Stabilizers.,10.1021/acschembio.0c00646,2020.0,True,False
6Y1D,Binary complex of 14-3-3 sigma (C38N) with the Estrogen Related Receptor gamma (DBD) phosphopeptide,experimental,"[""X-RAY DIFFRACTION""]",[1.38],[0.1654],[0.1873],2020-02-12T00:00:00Z,2020-11-18T00:00:00Z,2024-11-06T00:00:00Z,C 2 2 21,2,2,2,2,Fluorescence Anisotropy-Based Tethering for Discovery of Protein-Protein Interaction Stabilizers.,10.1021/acschembio.0c00646,2020.0,True,False
6Y3U,Crystal structure of PPARgamma in complex with compound (R)-16,experimental,"[""X-RAY DIFFRACTION""]",[2.62],[0.206],[0.2536],2020-02-18T00:00:00Z,2020-04-22T00:00:00Z,2024-01-24T00:00:00Z,P 41 21 2,1,1,1,1,A Selective Modulator of Peroxisome Proliferator-Activated Receptor gamma with an Unprecedented Binding Mode.,10.1021/acs.jmedchem.9b01786,2020.0,True,False
6Y3W,"Ternary complex of 14-3-3 sigma (C38N), Estrogen Related Receptor gamma (DBD) phosphopeptide, and disulfide PPI stabilizer 1",experimental,"[""X-RAY DIFFRACTION""]",[1.34],[0.1637],[0.1866],2020-02-19T00:00:00Z,2020-11-18T00:00:00Z,2025-10-01T00:00:00Z,C 2 2 21,2,2,3,2,Fluorescence Anisotropy-Based Tethering for Discovery of Protein-Protein Interaction Stabilizers.,10.1021/acschembio.0c00646,2020.0,True,False
6Y58,Binary complex of 14-3-3 sigma (C38N) with the Estrogen Related Receptor gamma (LBD) phosphopeptide,experimental,"[""X-RAY DIFFRACTION""]",[1.904],[0.1744],[0.2088],2020-02-25T00:00:00Z,2020-11-18T00:00:00Z,2024-11-13T00:00:00Z,C 2 2 21,2,2,1,2,Fluorescence Anisotropy-Based Tethering for Discovery of Protein-Protein Interaction Stabilizers.,10.1021/acschembio.0c00646,2020.0,True,False
6YMO,Binary complex of 14-3-3 zeta with Glucocorticoid Receptor (GR) pS617 peptide,experimental,"[""X-RAY DIFFRACTION""]",[2.02],[0.212],[0.234],2020-04-09T00:00:00Z,2021-03-24T00:00:00Z,2024-10-23T00:00:00Z,P 21 21 21,2,2,2,4,Glucocorticoid receptor Thr524 phosphorylation by MINK1 induces interactions with 14-3-3 protein regulators.,10.1016/j.jbc.2021.100551,2021.0,True,False
6YO8,Binary complex of 14-3-3 zeta with Glucocorticoid Receptor (GR) pT524 peptide,experimental,"[""X-RAY DIFFRACTION""]",[2.09],[0.224],[0.238],2020-04-14T00:00:00Z,2021-03-24T00:00:00Z,2024-10-23T00:00:00Z,C 1 2 1,2,2,0,8,Glucocorticoid receptor Thr524 phosphorylation by MINK1 induces interactions with 14-3-3 protein regulators.,10.1016/j.jbc.2021.100551,2021.0,True,False
6YOS,Binary complex of 14-3-3 zeta with Glucocorticoid Receptor (GR) pT524 pS617 peptide,experimental,"[""X-RAY DIFFRACTION""]",[2.75],[0.239],[0.261],2020-04-15T00:00:00Z,2021-03-24T00:00:00Z,2024-11-06T00:00:00Z,P 43 21 2,2,2,0,3,Glucocorticoid receptor Thr524 phosphorylation by MINK1 induces interactions with 14-3-3 protein regulators.,10.1016/j.jbc.2021.100551,2021.0,True,False
6ZLY,Crystal structure of the complex between PPARgamma LBD and the ligand NV1362 (7a),experimental,"[""X-RAY DIFFRACTION""]",[1.79],[0.2344],[0.2804],2020-07-01T00:00:00Z,2020-11-25T00:00:00Z,2024-01-31T00:00:00Z,C 1 2 1,1,1,1,2,A Novel N-Substituted Valine Derivative with Unique Peroxisome Proliferator-Activated Receptor gamma Binding Properties and Biological Activities.,10.1021/acs.jmedchem.0c01555,2020.0,True,False
6ZOQ,Oestrogen receptor ligand binding domain in complex with compound 16,experimental,"[""X-RAY DIFFRACTION""]",[1.8],[0.204],[0.232],2020-07-07T00:00:00Z,2021-01-20T00:00:00Z,2024-01-31T00:00:00Z,C 1 2 1,1,1,1,2,"Discovery of AZD9833, a Potent and Orally Bioavailable Selective Estrogen Receptor Degrader and Antagonist.",10.1021/acs.jmedchem.0c01163,2020.0,True,False
6ZOR,Oestrogen receptor ligand binding domain in complex with compound 28,experimental,"[""X-RAY DIFFRACTION""]",[1.97],[0.212],[0.229],2020-07-07T00:00:00Z,2021-01-20T00:00:00Z,2024-01-31T00:00:00Z,C 1 2 1,1,1,1,2,"Discovery of AZD9833, a Potent and Orally Bioavailable Selective Estrogen Receptor Degrader and Antagonist.",10.1021/acs.jmedchem.0c01163,2020.0,True,False
6ZOS,Oestrogen receptor ligand binding domain in complex with compound 18,experimental,"[""X-RAY DIFFRACTION""]",[2.0],[0.21],[0.242],2020-07-07T00:00:00Z,2021-01-20T00:00:00Z,2024-01-31T00:00:00Z,C 1 2 1,1,1,1,2,"Discovery of AZD9833, a Potent and Orally Bioavailable Selective Estrogen Receptor Degrader and Antagonist.",10.1021/acs.jmedchem.0c01163,2020.0,True,False
7A77,Crystal structure of RXR alpha LBD in complexes with palmitic acid and GRIP-1 peptide,experimental,"[""X-RAY DIFFRACTION""]",[1.5],[0.1522],[0.1799],2020-08-27T00:00:00Z,2020-10-21T00:00:00Z,2024-01-31T00:00:00Z,P 43 21 2,2,2,3,2,Comprehensive Set of Tertiary Complex Structures and Palmitic Acid Binding Provide Molecular Insights into Ligand Design for RXR Isoforms.,10.3390/ijms21228457,2020.0,True,False
7A78,Crystal structure of RXR beta LBD in complexes with palmitic acid and GRIP-1 peptide,experimental,"[""X-RAY DIFFRACTION""]",[1.72],[0.1765],[0.2037],2020-08-27T00:00:00Z,2020-10-21T00:00:00Z,2024-01-31T00:00:00Z,P 43 21 2,2,2,3,2,Comprehensive Set of Tertiary Complex Structures and Palmitic Acid Binding Provide Molecular Insights into Ligand Design for RXR Isoforms.,10.3390/ijms21228457,2020.0,True,False
7A79,Crystal structure of RXR gamma LBD in complexes with palmitic acid and GRIP-1 peptide,experimental,"[""X-RAY DIFFRACTION""]",[2.05],[0.195],[0.2483],2020-08-27T00:00:00Z,2020-10-21T00:00:00Z,2024-01-31T00:00:00Z,P 21 21 21,2,2,1,4,Comprehensive Set of Tertiary Complex Structures and Palmitic Acid Binding Provide Molecular Insights into Ligand Design for RXR Isoforms.,10.3390/ijms21228457,2020.0,True,False
7A7H,Crystal structure of PPARgamma in complex with compound TK90,experimental,"[""X-RAY DIFFRACTION""]",[2.4],[0.2307],[0.2553],2020-08-28T00:00:00Z,2021-08-04T00:00:00Z,2024-01-31T00:00:00Z,P 41 21 2,1,1,2,1,Combined Cardioprotective and Adipocyte Browning Effects Promoted by the Eutomer of Dual sEH/PPAR gamma Modulator.,10.1021/acs.jmedchem.0c02063,2021.0,True,False
7AHJ,Crystal structure of PPARgamma V290M mutant ligand binding domain in complex with farglitazar,experimental,"[""X-RAY DIFFRACTION""]",[2.1],[0.2002],[0.2366],2020-09-24T00:00:00Z,2020-10-14T00:00:00Z,2024-01-31T00:00:00Z,C 1 2 1,1,1,1,2,Crystal structure of PPARgamma V290M mutant ligand binding domain in complex with farglitazar,,,True,False
7AOS,crystal structure of the RARalpha/RXRalpha ligand binding domain heterodimer in complex with a fragment of SRC1 coactivator,experimental,"[""X-RAY DIFFRACTION""]",[2.55],[0.205],[0.2623],2020-10-15T00:00:00Z,2021-08-04T00:00:00Z,2024-01-31T00:00:00Z,P 43 21 2,3,3,3,4,Structural Insights into the Interaction of the Intrinsically Disordered Co-activator TIF2 with Retinoic Acid Receptor Heterodimer (RXR/RAR).,10.1016/j.jmb.2021.166899,2021.0,True,False
7APO,Crystal structure of RARalpha ligand binding domain in complex with a fragment of the TIF2 coactivator,experimental,"[""X-RAY DIFFRACTION""]",[2.4],[0.1852],[0.2407],2020-10-19T00:00:00Z,2021-08-04T00:00:00Z,2024-01-31T00:00:00Z,P 1 21 1,2,2,2,4,Structural Insights into the Interaction of the Intrinsically Disordered Co-activator TIF2 with Retinoic Acid Receptor Heterodimer (RXR/RAR).,10.1016/j.jmb.2021.166899,2021.0,True,False
7AWC,Crystal structure of Peroxisome proliferator-activated receptor gamma (PPARG)in complex with rosiglitazone,experimental,"[""X-RAY DIFFRACTION""]",[1.74],[0.1738],[0.2041],2020-11-06T00:00:00Z,2020-11-25T00:00:00Z,2024-01-31T00:00:00Z,P 43 21 2,1,1,2,1,Endogenous vitamin E metabolites mediate allosteric PPAR gamma activation with unprecedented co-regulatory interactions.,10.1016/j.chembiol.2021.04.019,2021.0,True,False
7AWD,Crystal structure of Peroxisome proliferator-activated receptor gamma (PPARG)in complex with garcinoic acid,experimental,"[""X-RAY DIFFRACTION""]",[1.93],[0.1887],[0.2302],2020-11-06T00:00:00Z,2020-11-25T00:00:00Z,2024-01-31T00:00:00Z,P 43 21 2,1,1,3,1,Endogenous vitamin E metabolites mediate allosteric PPAR gamma activation with unprecedented co-regulatory interactions.,10.1016/j.chembiol.2021.04.019,2021.0,True,False
7AX8,Crystal structure of the hPXR-LBD in apo form (P43212 SG),experimental,"[""X-RAY DIFFRACTION""]",[2.15],[0.1877],[0.2243],2020-11-09T00:00:00Z,2021-01-13T00:00:00Z,2024-01-31T00:00:00Z,P 43 21 2,1,1,1,1,Mechanistic insights into the synergistic activation of the RXR-PXR heterodimer by endocrine disruptor mixtures.,10.1073/pnas.2020551118,2021.0,True,False
7AX9,Crystal structure of the hPXR-LBD in complex with cis-chlordane,experimental,"[""X-RAY DIFFRACTION""]",[2.25],[0.1794],[0.2275],2020-11-09T00:00:00Z,2021-01-13T00:00:00Z,2024-01-31T00:00:00Z,P 43 21 2,1,1,3,1,Mechanistic insights into the synergistic activation of the RXR-PXR heterodimer by endocrine disruptor mixtures.,10.1073/pnas.2020551118,2021.0,True,False
7AXA,Crystal structure of the hPXR-LBD in complex with clotrimazole,experimental,"[""X-RAY DIFFRACTION""]",[2.26],[0.1867],[0.2343],2020-11-09T00:00:00Z,2021-01-13T00:00:00Z,2024-01-31T00:00:00Z,P 43 21 2,1,1,1,1,Mechanistic insights into the synergistic activation of the RXR-PXR heterodimer by endocrine disruptor mixtures.,10.1073/pnas.2020551118,2021.0,True,False
7AXB,Crystal structure of the hPXR-LBD in complex with endosulfan,experimental,"[""X-RAY DIFFRACTION""]",[2.55],[0.1706],[0.2186],2020-11-09T00:00:00Z,2021-01-13T00:00:00Z,2024-01-31T00:00:00Z,P 43 21 2,1,1,3,1,Mechanistic insights into the synergistic activation of the RXR-PXR heterodimer by endocrine disruptor mixtures.,10.1073/pnas.2020551118,2021.0,True,False
7AXC,Crystal structure of the hPXR-LBD in complex with ferutinine,experimental,"[""X-RAY DIFFRACTION""]",[2.05],[0.2045],[0.2512],2020-11-09T00:00:00Z,2021-01-13T00:00:00Z,2024-01-31T00:00:00Z,P 43 21 2,1,1,3,1,Mechanistic insights into the synergistic activation of the RXR-PXR heterodimer by endocrine disruptor mixtures.,10.1073/pnas.2020551118,2021.0,True,False
7AXD,Crystal structure of the hPXR-LBD in complex with fipronil,experimental,"[""X-RAY DIFFRACTION""]",[2.65],[0.1945],[0.237],2020-11-09T00:00:00Z,2021-01-13T00:00:00Z,2024-01-31T00:00:00Z,P 43 21 2,1,1,2,1,Mechanistic insights into the synergistic activation of the RXR-PXR heterodimer by endocrine disruptor mixtures.,10.1073/pnas.2020551118,2021.0,True,False
7AXE,Crystal structure of the hPXR-LBD in complex with oxadiazon,experimental,"[""X-RAY DIFFRACTION""]",[1.9],[0.19],[0.2299],2020-11-09T00:00:00Z,2021-01-13T00:00:00Z,2024-01-31T00:00:00Z,P 43 21 2,1,1,3,1,Mechanistic insights into the synergistic activation of the RXR-PXR heterodimer by endocrine disruptor mixtures.,10.1073/pnas.2020551118,2021.0,True,False
7AXF,Crystal structure of the hPXR-LBD in complex with pretilachlor,experimental,"[""X-RAY DIFFRACTION""]",[2.45],[0.1957],[0.2461],2020-11-09T00:00:00Z,2021-01-13T00:00:00Z,2024-11-06T00:00:00Z,P 43 21 2,1,1,2,1,Mechanistic insights into the synergistic activation of the RXR-PXR heterodimer by endocrine disruptor mixtures.,10.1073/pnas.2020551118,2021.0,True,False
7AXG,Crystal structure of the hPXR-LBD in complex with tributyltin,experimental,"[""X-RAY DIFFRACTION""]",[2.7],[0.2094],[0.2377],2020-11-09T00:00:00Z,2021-01-13T00:00:00Z,2026-09-02T00:00:00Z,P 43 21 2,1,1,1,1,Mechanistic insights into the synergistic activation of the RXR-PXR heterodimer by endocrine disruptor mixtures.,10.1073/pnas.2020551118,2021.0,True,False
7AXH,Crystal structure of the hPXR-LBD in complex with alpha-zearalanol,experimental,"[""X-RAY DIFFRACTION""]",[2.55],[0.174],[0.2141],2020-11-09T00:00:00Z,2021-01-13T00:00:00Z,2024-01-31T00:00:00Z,P 43 21 2,1,1,3,1,Mechanistic insights into the synergistic activation of the RXR-PXR heterodimer by endocrine disruptor mixtures.,10.1073/pnas.2020551118,2021.0,True,False
7AXI,Crystal structure of the hPXR-LBD in complex with estradiol and cis-chlordane,experimental,"[""X-RAY DIFFRACTION""]",[2.15],[0.1732],[0.2025],2020-11-09T00:00:00Z,2021-01-13T00:00:00Z,2024-01-31T00:00:00Z,P 43 21 2,1,1,5,1,Mechanistic insights into the synergistic activation of the RXR-PXR heterodimer by endocrine disruptor mixtures.,10.1073/pnas.2020551118,2021.0,True,False
7AXJ,Crystal structure of the hPXR-LBD in complex with estradiol and clotrimazole,experimental,"[""X-RAY DIFFRACTION""]",[2.3],[0.1954],[0.2223],2020-11-09T00:00:00Z,2021-01-13T00:00:00Z,2024-01-31T00:00:00Z,P 43 21 2,1,1,2,1,Mechanistic insights into the synergistic activation of the RXR-PXR heterodimer by endocrine disruptor mixtures.,10.1073/pnas.2020551118,2021.0,True,False
7AXK,Crystal structure of the hPXR-LBD in complex with estradiol and endosulfan,experimental,"[""X-RAY DIFFRACTION""]",[2.0],[0.1787],[0.2118],2020-11-09T00:00:00Z,2021-01-13T00:00:00Z,2024-01-31T00:00:00Z,P 43 21 2,1,1,4,1,Mechanistic insights into the synergistic activation of the RXR-PXR heterodimer by endocrine disruptor mixtures.,10.1073/pnas.2020551118,2021.0,True,False
7AXL,Crystal structure of the hPXR-LBD in complex with estradiol and heptachlor endo-epoxide,experimental,"[""X-RAY DIFFRACTION""]",[2.5],[0.1995],[0.2318],2020-11-09T00:00:00Z,2021-01-13T00:00:00Z,2024-01-31T00:00:00Z,P 43 21 2,1,1,3,1,Mechanistic insights into the synergistic activation of the RXR-PXR heterodimer by endocrine disruptor mixtures.,10.1073/pnas.2020551118,2021.0,True,False
7B88,Crystal structure of Retinoic Acid Receptor alpha (RXRA) in complexed with S99 inhibitor,experimental,"[""X-RAY DIFFRACTION""]",[2.38],[0.1988],[0.2591],2020-12-12T00:00:00Z,2021-01-13T00:00:00Z,2024-01-31T00:00:00Z,P 43 21 2,2,2,1,2,Oxaprozin Analogues as Selective RXR Agonists with Superior Properties and Pharmacokinetics.,10.1021/acs.jmedchem.1c00235,2021.0,True,False
7B9M,Cys-45-tethered stabilizer 3 of 14-3-3(sigma)/ERa PPI,experimental,"[""X-RAY DIFFRACTION""]",[1.7],[0.1709],[0.2128],2020-12-14T00:00:00Z,2021-07-07T00:00:00Z,2024-11-13T00:00:00Z,C 2 2 21,2,2,2,2,Exploration of a 14-3-3 PPI Pocket by Covalent Fragments as Stabilizers.,10.1021/acsmedchemlett.1c00088,2021.0,True,False
7B9O,Crystal structure of Retinoic Acid Receptor alpha (RXRA) in complexed with S169 inhibitor,experimental,"[""X-RAY DIFFRACTION""]",[2.05],[0.1968],[0.2358],2020-12-14T00:00:00Z,2021-02-10T00:00:00Z,2024-01-31T00:00:00Z,P 43 21 2,2,2,1,2,Oxaprozin Analogues as Selective RXR Agonists with Superior Properties and Pharmacokinetics.,10.1021/acs.jmedchem.1c00235,2021.0,True,False
7B9R,Cys-45-tethered stabilizer 4 of 14-3-3(sigma)/ERa PPI,experimental,"[""X-RAY DIFFRACTION""]",[1.15],[0.1917],[0.1957],2020-12-14T00:00:00Z,2021-07-07T00:00:00Z,2024-11-20T00:00:00Z,C 2 2 21,2,2,2,2,Exploration of a 14-3-3 PPI Pocket by Covalent Fragments as Stabilizers.,10.1021/acsmedchemlett.1c00088,2021.0,True,False
7B9T,Cys-45-tethered stabilizer 5 of 14-3-3(sigma)/ERa PPI,experimental,"[""X-RAY DIFFRACTION""]",[1.15],[0.1851],[0.1943],2020-12-14T00:00:00Z,2021-07-07T00:00:00Z,2024-10-09T00:00:00Z,C 2 2 21,2,2,2,2,Exploration of a 14-3-3 PPI Pocket by Covalent Fragments as Stabilizers.,10.1021/acsmedchemlett.1c00088,2021.0,True,False
7BA3,Cys-42-tethered stabilizer 6 of 14-3-3(sigma)/ERa PPI,experimental,"[""X-RAY DIFFRACTION""]",[1.4],[0.1778],[0.2038],2020-12-15T00:00:00Z,2021-07-07T00:00:00Z,2024-11-13T00:00:00Z,C 2 2 21,2,2,2,2,Exploration of a 14-3-3 PPI Pocket by Covalent Fragments as Stabilizers.,10.1021/acsmedchemlett.1c00088,2021.0,True,False
7BA5,Cys-42-tethered stabilizer 7 of 14-3-3(sigma)/ERa PPI,experimental,"[""X-RAY DIFFRACTION""]",[1.45],[0.1887],[0.2009],2020-12-15T00:00:00Z,2021-07-07T00:00:00Z,2024-11-20T00:00:00Z,C 2 2 21,2,2,2,2,Exploration of a 14-3-3 PPI Pocket by Covalent Fragments as Stabilizers.,10.1021/acsmedchemlett.1c00088,2021.0,True,False
7BA6,Cys-42-tethered stabilizer 8 of 14-3-3(sigma)/ERa PPI,experimental,"[""X-RAY DIFFRACTION""]",[1.4],[0.1837],[0.206],2020-12-15T00:00:00Z,2021-07-07T00:00:00Z,2024-11-20T00:00:00Z,C 2 2 21,2,2,2,2,Exploration of a 14-3-3 PPI Pocket by Covalent Fragments as Stabilizers.,10.1021/acsmedchemlett.1c00088,2021.0,True,False
7BA7,Cys-42-tethered stabilizer 9 of 14-3-3(sigma)/ERa PPI,experimental,"[""X-RAY DIFFRACTION""]",[1.45],[0.1909],[0.2078],2020-12-15T00:00:00Z,2021-07-07T00:00:00Z,2024-11-20T00:00:00Z,C 2 2 21,2,2,2,2,Exploration of a 14-3-3 PPI Pocket by Covalent Fragments as Stabilizers.,10.1021/acsmedchemlett.1c00088,2021.0,True,False
7BA8,Cys-42-tethered stabilizer 10 of 14-3-3(sigma)/ERa PPI,experimental,"[""X-RAY DIFFRACTION""]",[1.2],[0.1854],[0.2067],2020-12-15T00:00:00Z,2021-07-07T00:00:00Z,2024-10-23T00:00:00Z,C 2 2 21,2,2,2,2,Exploration of a 14-3-3 PPI Pocket by Covalent Fragments as Stabilizers.,10.1021/acsmedchemlett.1c00088,2021.0,True,False
7BA9,Cys-42-tethered stabilizer 11 of 14-3-3(sigma)/ERa PPI,experimental,"[""X-RAY DIFFRACTION""]",[1.48],[0.18],[0.2118],2020-12-15T00:00:00Z,2021-07-07T00:00:00Z,2024-10-23T00:00:00Z,C 2 2 21,2,2,2,2,Exploration of a 14-3-3 PPI Pocket by Covalent Fragments as Stabilizers.,10.1021/acsmedchemlett.1c00088,2021.0,True,False
7BAA,Cys-42-tethered stabilizer 12 of 14-3-3(sigma)/ERa PPI,experimental,"[""X-RAY DIFFRACTION""]",[1.1],[0.1846],[0.1972],2020-12-15T00:00:00Z,2021-07-07T00:00:00Z,2024-11-20T00:00:00Z,C 2 2 21,2,2,2,2,Exploration of a 14-3-3 PPI Pocket by Covalent Fragments as Stabilizers.,10.1021/acsmedchemlett.1c00088,2021.0,True,False
7BAB,Cys-42-tethered stabilizer 13 of 14-3-3(sigma)/ERa PPI,experimental,"[""X-RAY DIFFRACTION""]",[1.3],[0.1933],[0.2011],2020-12-15T00:00:00Z,2021-07-07T00:00:00Z,2026-04-15T00:00:00Z,C 2 2 21,2,2,2,2,Exploration of a 14-3-3 PPI Pocket by Covalent Fragments as Stabilizers.,10.1021/acsmedchemlett.1c00088,2021.0,True,False
7BK4,Crystal structure of RXRalpha ligand binding domain in complex with a fragment of the TIF2 coactivator,experimental,"[""X-RAY DIFFRACTION""]",[2.8],[0.2456],[0.2654],2021-01-15T00:00:00Z,2021-08-04T00:00:00Z,2024-01-31T00:00:00Z,C 1 2 1,2,2,1,4,Structural Insights into the Interaction of the Intrinsically Disordered Co-activator TIF2 with Retinoic Acid Receptor Heterodimer (RXR/RAR).,10.1016/j.jmb.2021.166899,2021.0,True,False
7BPY,X-ray structure of human PPARalpha ligand binding domain-clofibric acid-SRC1 coactivator peptide co-crystals obtained by delipidation and co-crystallization,experimental,"[""X-RAY DIFFRACTION""]",[2.09],[0.1933],[0.2155],2020-03-23T00:00:00Z,2020-11-11T00:00:00Z,2023-11-29T00:00:00Z,P 1 21 1,2,2,1,4,PPAR alpha Ligand-Binding Domain Structures with Endogenous Fatty Acids and Fibrates.,10.1016/j.isci.2020.101727,2020.0,True,False
7BPZ,X-ray structure of human PPARalpha ligand binding domain-bezafibrate-SRC1 coactivator peptide co-crystals obtained by soaking,experimental,"[""X-RAY DIFFRACTION""]",[2.43],[0.2009],[0.2421],2020-03-23T00:00:00Z,2020-11-11T00:00:00Z,2023-11-29T00:00:00Z,P 1 21 1,2,2,1,4,PPAR alpha Ligand-Binding Domain Structures with Endogenous Fatty Acids and Fibrates.,10.1016/j.isci.2020.101727,2020.0,True,False
7BQ0,X-ray structure of human PPARalpha ligand binding domain-fenofibric acid-SRC1 coactivator peptide co-crystals obtained by delipidation and co-crystallization,experimental,"[""X-RAY DIFFRACTION""]",[1.771],[0.1899],[0.2173],2020-03-23T00:00:00Z,2020-11-11T00:00:00Z,2023-11-29T00:00:00Z,P 1 21 1,2,2,1,4,PPAR alpha Ligand-Binding Domain Structures with Endogenous Fatty Acids and Fibrates.,10.1016/j.isci.2020.101727,2020.0,True,False
7BQ1,X-ray structure of human PPARalpha ligand binding domain-intrinsic fatty acid (E. coli origin)-SRC1 coactivator peptide co-crystals obtained by co-crystallization,experimental,"[""X-RAY DIFFRACTION""]",[1.521],[0.1939],[0.2133],2020-03-23T00:00:00Z,2020-11-11T00:00:00Z,2023-11-29T00:00:00Z,P 1 21 1,2,2,2,2,PPAR alpha Ligand-Binding Domain Structures with Endogenous Fatty Acids and Fibrates.,10.1016/j.isci.2020.101727,2020.0,True,False
7BQ2,X-ray structure of human PPARalpha ligand binding domain-pemafibrate-SRC1 coactivator peptide co-crystals obtained by soaking,experimental,"[""X-RAY DIFFRACTION""]",[1.52],[0.1825],[0.2059],2020-03-23T00:00:00Z,2020-11-11T00:00:00Z,2023-11-29T00:00:00Z,P 1 21 1,2,2,2,2,PPAR alpha Ligand-Binding Domain Structures with Endogenous Fatty Acids and Fibrates.,10.1016/j.isci.2020.101727,2020.0,True,False
7BQ3,X-ray structure of human PPARalpha ligand binding domain-GW7647-SRC1 coactivator peptide co-crystals obtained by delipidation and co-crystallization,experimental,"[""X-RAY DIFFRACTION""]",[1.98],[0.1928],[0.2371],2020-03-23T00:00:00Z,2020-11-11T00:00:00Z,2023-11-29T00:00:00Z,P 1 21 1,2,2,1,2,PPAR alpha Ligand-Binding Domain Structures with Endogenous Fatty Acids and Fibrates.,10.1016/j.isci.2020.101727,2020.0,True,False
7BQ4,X-ray structure of human PPARalpha ligand binding domain-eicosapentaenoic acid (EPA)-SRC1 coactivator peptide co-crystals obtained by delipidation and co-crystallization,experimental,"[""X-RAY DIFFRACTION""]",[1.62],[0.188],[0.2145],2020-03-23T00:00:00Z,2020-11-11T00:00:00Z,2023-11-29T00:00:00Z,P 1 21 1,2,2,2,2,PPAR alpha Ligand-Binding Domain Structures with Endogenous Fatty Acids and Fibrates.,10.1016/j.isci.2020.101727,2020.0,True,False
7C6Q,Novel natural PPARalpha agonist with a unique binding mode,experimental,"[""X-RAY DIFFRACTION""]",[2.76],[0.1908],[0.2609],2020-05-22T00:00:00Z,2021-05-26T00:00:00Z,2023-11-29T00:00:00Z,P 21 21 21,2,2,1,2,Structural Basis for PPARs Activation by The Dual PPAR alpha / gamma Agonist Sanguinarine: A Unique Mode of Ligand Recognition.,10.3390/molecules26196012,2021.0,True,False
7CFO,Crystal structure of human RXRalpha ligand binding domain complexed with CBTF-EE.,experimental,"[""X-RAY DIFFRACTION""]",[2.15],[0.22052],[0.26633],2020-06-27T00:00:00Z,2021-01-06T00:00:00Z,2024-11-06T00:00:00Z,P 1 21 1,1,1,2,4,"Discovery of a ""Gatekeeper"" Antagonist that Blocks Entry Pathway to Retinoid X Receptors (RXRs) without Allosteric Ligand Inhibition in Permissive RXR Heterodimers.",10.1021/acs.jmedchem.0c01354,2021.0,True,False
7CXE,The ligand-free structure of human PPARgamma LBD R280C mutant,experimental,"[""X-RAY DIFFRACTION""]",[2.5],[0.2156],[0.2645],2020-09-01T00:00:00Z,2021-09-01T00:00:00Z,2023-11-29T00:00:00Z,C 1 2 1,1,1,0,2,The ligand-free structure of human PPARgamma LBD,,,True,False
7CXF,The ligand-free structure of human PPARgamma LBD C285Y mutant in the presence of the SRC-1 coactivator peptide,experimental,"[""X-RAY DIFFRACTION""]",[2.35],[0.2292],[0.2693],2020-09-01T00:00:00Z,2021-09-01T00:00:00Z,2023-11-29T00:00:00Z,P 21 21 2,2,2,1,2,The ligand-free structure of human PPARgamma LBD,,,True,False
7CXG,The ligand-free structure of human PPARgamma LBD Q286E mutant,experimental,"[""X-RAY DIFFRACTION""]",[1.88],[0.1866],[0.2308],2020-09-01T00:00:00Z,2021-09-01T00:00:00Z,2023-11-29T00:00:00Z,C 1 2 1,1,1,1,2,The ligand-free structure of human PPARgamma LBD,,,True,False
7CXH,The ligand-free structure of human PPARgamma LBD Q286E mutant in the presence of the SRC-1 coactivator peptide,experimental,"[""X-RAY DIFFRACTION""]",[2.3],[0.212],[0.257],2020-09-01T00:00:00Z,2021-09-01T00:00:00Z,2023-11-29T00:00:00Z,P 21 21 2,2,2,0,2,The ligand-free structure of human PPARgamma LBD,,,True,False
7CXI,The ligand-free structure of human PPARgamma LBD F287Y mutant in the presence of the SRC-1 coactivator peptide,experimental,"[""X-RAY DIFFRACTION""]",[2.3],[0.2434],[0.2761],2020-09-01T00:00:00Z,2021-09-01T00:00:00Z,2023-11-29T00:00:00Z,P 21 21 2,2,2,1,2,The ligand-free structure of human PPARgamma LBD,,,True,False
7CXJ,The ligand-free structure of human PPARgamma LBD R288C mutant in the presence of the SRC-1 coactivator peptide,experimental,"[""X-RAY DIFFRACTION""]",[2.65],[0.2392],[0.2753],2020-09-01T00:00:00Z,2021-09-01T00:00:00Z,2023-11-29T00:00:00Z,P 21 21 2,2,2,0,2,The ligand-free structure of human PPARgamma LBD,,,True,False
7CXK,The ligand-free structure of human PPARgamma LBD R288H mutant in the presence of the SRC-1 coactivator peptide,experimental,"[""X-RAY DIFFRACTION""]",[2.2],[0.2369],[0.2636],2020-09-01T00:00:00Z,2021-09-01T00:00:00Z,2023-11-29T00:00:00Z,P 21 21 2,2,2,1,2,The ligand-free structure of human PPARgamma LBD,,,True,False
7CXL,The ligand-free structure of human PPARgamma LBD S289C mutant in the presence of the SRC-1 coactivator peptide,experimental,"[""X-RAY DIFFRACTION""]",[2.7],[0.2381],[0.255],2020-09-01T00:00:00Z,2021-09-01T00:00:00Z,2023-11-29T00:00:00Z,P 21 21 2,2,2,1,2,The ligand-free structure of human PPARgamma LBD,,,True,False
7D42,Structural basis of tropifexor as a potent and selective agonist for farnesoid X receptor,experimental,"[""X-RAY DIFFRACTION""]",[2.697],[0.2189],[0.269],2020-09-22T00:00:00Z,2020-12-02T00:00:00Z,2024-11-13T00:00:00Z,F 2 3,2,2,1,2,Structural basis of tropifexor as a potent and selective agonist of farnesoid X receptor.,10.1016/j.bbrc.2020.10.039,2021.0,True,False
7E0A,X-ray structure of human PPARgamma ligand binding domain-saroglitazar co-crystals obtained by co-crystallization,experimental,"[""X-RAY DIFFRACTION""]",[1.771],[0.1956],[0.2205],2021-01-27T00:00:00Z,2021-09-08T00:00:00Z,2023-11-29T00:00:00Z,P 43 21 2,1,1,1,1,Structural Basis for Anti-non-alcoholic Fatty Liver Disease and Diabetic Dyslipidemia Drug Saroglitazar as a PPAR alpha / gamma Dual Agonist.,10.1248/bpb.b21-00232,2021.0,True,False
7E2E,Crystal structure of the Estrogen-Related Receptor alpha (ERRalpha) ligand-binding domain (LBD) in complex with an agonist DS45500853 and a PGC-1alpha peptide,experimental,"[""X-RAY DIFFRACTION""]",[2.7],[0.2501],[0.3051],2021-02-05T00:00:00Z,2021-06-30T00:00:00Z,2023-11-29T00:00:00Z,P 43,2,2,2,4,Discovery of a Novel Class of ERR alpha Agonists.,10.1021/acsmedchemlett.1c00100,2021.0,True,False
7E2O,X-ray Crystal structure of PPARgamma R288H mutant.,experimental,"[""X-RAY DIFFRACTION""]",[3.2],[0.2339],[0.3133],2021-02-06T00:00:00Z,2022-01-19T00:00:00Z,2023-11-29T00:00:00Z,C 1 2 1,1,1,0,2,Structural Insights into the Loss-of-Function R288H Mutant of Human PPAR gamma.,10.1248/bpb.b21-00253,2021.0,True,False
7E3M,RORgamma LBD complexed with Panaxatriol and SRC2.2,experimental,"[""X-RAY DIFFRACTION""]",[2.8],[0.1942],[0.2693],2021-02-09T00:00:00Z,2022-03-23T00:00:00Z,2023-11-29T00:00:00Z,P 41 21 2,2,2,1,2,Structure of human RORgammat LBD with SRC2.2 at 2.80 Angstroms resolution,,,True,False
7E5F,HUMAN PPAR ALPHA LIGAND BINDING DOMAIN IN COMPLEX WITH TIPP703 OBTAINED BY SOAKING,experimental,"[""X-RAY DIFFRACTION""]",[1.79],[0.196],[0.2288],2021-02-18T00:00:00Z,2021-10-06T00:00:00Z,2023-11-29T00:00:00Z,P 1 21 1,1,1,1,1,Crystal Structures of the Human Peroxisome Proliferator-Activated Receptor (PPAR) alpha Ligand-Binding Domain in Complexes with a Series of Phenylpropanoic Acid Derivatives Generated by a Ligand-Exchange Soaking Method.,10.1248/bpb.b21-00220,2021.0,True,False
7E5G,HUMAN PPAR ALPHA LIGAND BINDING DOMAIN IN COMPLEX WITH YN4pai OBTAINED BY SOAKING,experimental,"[""X-RAY DIFFRACTION""]",[1.66],[0.2038],[0.229],2021-02-18T00:00:00Z,2021-10-06T00:00:00Z,2023-11-29T00:00:00Z,P 1 21 1,1,1,1,1,Crystal Structures of the Human Peroxisome Proliferator-Activated Receptor (PPAR) alpha Ligand-Binding Domain in Complexes with a Series of Phenylpropanoic Acid Derivatives Generated by a Ligand-Exchange Soaking Method.,10.1248/bpb.b21-00220,2021.0,True,False
7E5H,HUMAN PPAR ALPHA LIGAND BINDING DOMAIN IN COMPLEX WITH APHM6 OBTAINED BY COCRYSTALLIZATION,experimental,"[""X-RAY DIFFRACTION""]",[1.66],[0.2028],[0.239],2021-02-18T00:00:00Z,2021-10-06T00:00:00Z,2023-11-29T00:00:00Z,P 1 21 1,1,1,1,1,Crystal Structures of the Human Peroxisome Proliferator-Activated Receptor (PPAR) alpha Ligand-Binding Domain in Complexes with a Series of Phenylpropanoic Acid Derivatives Generated by a Ligand-Exchange Soaking Method.,10.1248/bpb.b21-00220,2021.0,True,False
7E5I,HUMAN PPAR ALPHA LIGAND BINDING DOMAIN IN COMPLEX WITH APHM6 OBTAINED BY SOAKING,experimental,"[""X-RAY DIFFRACTION""]",[1.58],[0.2069],[0.2211],2021-02-18T00:00:00Z,2021-10-06T00:00:00Z,2023-11-29T00:00:00Z,P 1 21 1,1,1,1,1,Crystal Structures of the Human Peroxisome Proliferator-Activated Receptor (PPAR) alpha Ligand-Binding Domain in Complexes with a Series of Phenylpropanoic Acid Derivatives Generated by a Ligand-Exchange Soaking Method.,10.1248/bpb.b21-00220,2021.0,True,False
7EFQ,Crystal structure of hPPARgamma ligand binding domain complexed with rosiglitazone-based fluorescence probe,experimental,"[""X-RAY DIFFRACTION""]",[2.3],[0.2243],[0.2644],2021-03-23T00:00:00Z,2021-05-12T00:00:00Z,2023-11-29T00:00:00Z,C 1 2 1,1,1,1,2,Synthesis of a Coumarin-Based PPAR gamma Fluorescence Probe for Competitive Binding Assay.,10.3390/ijms22084034,2021.0,True,False
7F80,Co-crystal structure of Inhibitor compound MA-211 in complex with human PPARdelta LBD,experimental,"[""X-RAY DIFFRACTION""]",[2.8],[0.20427],[0.30039],2021-06-30T00:00:00Z,2022-07-06T00:00:00Z,2023-11-29T00:00:00Z,P 1 21 1,1,1,1,2,Co-crystal structure of Inhibitor compound  in complex with human PPARdelta LBD,,,True,False
7JH2,"CRYSTAL STRUCTURE OF RAR-RELATED ORPHAN RECEPTOR C IN COMPLEX WITH A POTENT, SELECTIVE AND ORALLY BIOAVAILABLE ROR-GAMMA-T INVERSE AGONIST",experimental,"[""X-RAY DIFFRACTION""]",[2.367],[0.1933],[0.2252],2020-07-20T00:00:00Z,2020-08-12T00:00:00Z,2023-10-18T00:00:00Z,P 61,1,1,2,2,"Discovery of 2,6-difluorobenzyl ether series of phenyl ((R)-3-phenylpyrrolidin-3-yl)sulfones as surprisingly potent, selective and orally bioavailable ROR gamma t inverse agonists.",10.1016/j.bmcl.2020.127441,2020.0,True,False
7JHD,Estrogen Receptor Alpha Ligand Binding Domain Y537S in Complex with TTC-352 and GRIP Peptide,experimental,"[""X-RAY DIFFRACTION""]",[2.402],[0.2231],[0.2651],2020-07-20T00:00:00Z,2020-11-25T00:00:00Z,2023-10-18T00:00:00Z,P 1 21 1,2,2,1,4,Rapid Induction of the Unfolded Protein Response and Apoptosis by Estrogen Mimic TTC-352 for the Treatment of Endocrine-Resistant Breast Cancer.,10.1158/1535-7163.MCT-20-0563,2021.0,True,False
7JQG,Crystal structure of human PPARgamma ligand binding domain Y473E mutant in complex with GW1929,experimental,"[""X-RAY DIFFRACTION""]",[2.15],[0.2251],[0.27],2020-08-10T00:00:00Z,2021-03-03T00:00:00Z,2023-10-18T00:00:00Z,C 1 2 1,1,1,1,2,Structural mechanism underlying ligand binding and activation of PPAR gamma.,10.1016/j.str.2021.02.006,2021.0,True,False
7JTM,CRYSTAL STRUCTURE OF RAR-RELATED ORPHAN RECEPTOR C (NHIS-RORGT(244-487)-L6-SRC1(6T78-692) IN COMPLEX WITH A TRICYCLIC SULFONE RORGT INVERSE AGONIST,experimental,"[""X-RAY DIFFRACTION""]",[2.43],[0.2099],[0.2509],2020-08-18T00:00:00Z,2020-09-16T00:00:00Z,2023-10-18T00:00:00Z,P 41 21 2,1,1,1,1,"Tricyclic sulfones as potent, selective and efficacious ROR gamma t inverse agonists - Exploring C6 and C8 SAR using late-stage functionalization.",10.1016/j.bmcl.2020.127521,2020.0,True,False
7JTW,"Crystal structure of RORgt with compound (4R)-6-[(2,5-dichloro-3-{[(2R,4R)-1-(cyclopentanecarbonyl)-2-methylpiperidin-4-yl]oxy}phenyl)amino]-6-oxo-4-phenylhexanoic acid",experimental,"[""X-RAY DIFFRACTION""]",[1.9],[0.1975],[0.2331],2020-08-18T00:00:00Z,2021-02-03T00:00:00Z,2023-10-18T00:00:00Z,P 41 21 2,1,1,3,1,Discovery of 6-Oxo-4-phenyl-hexanoic acid derivatives as ROR gamma t inverse agonists showing favorable ADME profile.,10.1016/j.bmcl.2021.127786,2021.0,True,False
7JYD,Human Liver Receptor Homolog-1 in Complex with 10CA and a Fragment of Tif2,experimental,"[""X-RAY DIFFRACTION""]",[2.3],[0.189],[0.2273],2020-08-30T00:00:00Z,2022-03-02T00:00:00Z,2023-10-18T00:00:00Z,P 32 2 1,2,2,1,2,Tapping into a phospholipid-LRH-1 axis yields a powerful anti-inflammatory agent with in vivo activity against colitis,,,True,False
7JYE,Human Liver Receptor Homolog-1 in Complex with 9ChoP and a Fragment of Tif2,experimental,"[""X-RAY DIFFRACTION""]",[2.551],[0.1592],[0.1871],2020-08-30T00:00:00Z,2022-03-02T00:00:00Z,2023-10-18T00:00:00Z,P 32 2 1,2,2,1,2,Tapping into a phospholipid-LRH-1 axis yields a powerful anti-inflammatory agent with in vivo activity against colitis,,,True,False
7JYM,CRYSTAL STRUCTURE OF RAR-RELATED ORPHAN RECEPTOR C (NHIS-RORGT(244-487)-L6-SRC1(678-692)) IN COMPLEX WITH A TRICYCLIC SULFONE INVERSE AGONIST,experimental,"[""X-RAY DIFFRACTION""]",[3.051],[0.198],[0.2637],2020-08-31T00:00:00Z,2020-11-25T00:00:00Z,2023-10-18T00:00:00Z,P 41 21 2,1,1,1,1,Novel Tricyclic Pyroglutamide Derivatives as Potent ROR gamma t Inverse Agonists Identified using a Virtual Screening Approach.,10.1021/acsmedchemlett.0c00496,2020.0,True,False
7KBS,Estrogen Receptor Alpha Ligand Binding Domain in Complex with Raloxifene,experimental,"[""X-RAY DIFFRACTION""]",[1.834],[0.1713],[0.2097],2020-10-02T00:00:00Z,2020-11-18T00:00:00Z,2023-10-18T00:00:00Z,C 1 2 1,1,1,1,2,Stereospecific lasofoxifene derivatives reveal the interplay between estrogen receptor alpha stability and antagonistic activity in ESR1 mutant breast cancer cells.,10.7554/eLife.72512,2022.0,True,False
7KCO,ROR gamma in complex with SCR2 and compound 3,experimental,"[""X-RAY DIFFRACTION""]",[1.86],[0.1896],[0.2313],2020-10-06T00:00:00Z,2021-04-21T00:00:00Z,2024-04-03T00:00:00Z,P 21 21 21,2,2,2,4,Defining Target Engagement Required for Efficacy In Vivo at the Retinoic Acid Receptor-Related Orphan Receptor C2 (ROR gamma t).,10.1021/acs.jmedchem.0c01918,2021.0,True,False
7KHT,The acyl chains of phosphoinositide PIP3 alter the structure and function of nuclear receptor Steroidogenic Factor-1 (SF-1),experimental,"[""X-RAY DIFFRACTION""]",[2.504],[0.2187],[0.2488],2020-10-22T00:00:00Z,2021-05-19T00:00:00Z,2023-10-18T00:00:00Z,P 41 21 2,2,2,1,2,The acyl chains of phosphoinositide PIP3 alter the structure and function of nuclear receptor steroidogenic factor-1.,10.1016/j.jlr.2021.100081,2021.0,True,False
7KQJ,CRYSTAL STRUCTURE OF RAR-RELATED ORPHAN RECEPTOR C (NHIS-RORGT(244-487)-L6-SRC1(678-692) IN COMPLEX WITH A NOVEL TRICYCLIC-CARBOCYLIC RORGT INVERSE AGONIST,experimental,"[""X-RAY DIFFRACTION""]",[2.645],[0.2057],[0.2541],2020-11-16T00:00:00Z,2021-02-24T00:00:00Z,2023-10-18T00:00:00Z,P 41 21 2,1,1,1,1,Tricyclic-Carbocyclic ROR gamma t Inverse Agonists-Discovery of BMS-986313.,10.1021/acs.jmedchem.0c01992,2021.0,True,False
7KRJ,The GR-Maturation Complex: Glucocorticoid Receptor in complex with Hsp90 and co-chaperone p23,experimental,"[""ELECTRON MICROSCOPY""]",[2.56],[],[],2020-11-20T00:00:00Z,2022-01-12T00:00:00Z,2024-05-29T00:00:00Z,,3,3,3,4,Structure of Hsp90-p23-GR reveals the Hsp90 client-remodelling mechanism.,10.1038/s41586-021-04236-1,2021.0,True,False
7KW7,Atomic cryoEM structure of Hsp90-Hsp70-Hop-GR,experimental,"[""ELECTRON MICROSCOPY""]",[3.57],[],[],2020-11-30T00:00:00Z,2021-12-08T00:00:00Z,2024-05-29T00:00:00Z,,4,4,3,6,Structure of Hsp90-Hsp70-Hop-GR reveals the Hsp90 client-loading mechanism.,10.1038/s41586-021-04252-1,2022.0,True,False
7KXD,"CRYSTAL STRUCTURE OF RAR-RELATED ORPHAN RECEPTOR C (NHIS-RORGT(244-487)-L6-SRC1(678-692)) IN COMPLEX WITH {3,5-DICHLORO-4-[4-METHOXY-3-(PROPAN-2-YL)PHENOXY]PHENYL}METHANOL",experimental,"[""X-RAY DIFFRACTION""]",[1.624],[0.1991],[0.239],2020-12-03T00:00:00Z,2021-01-20T00:00:00Z,2023-10-18T00:00:00Z,P 41 21 2,1,1,1,1,Substituted diaryl ether compounds as retinoic acid-related orphan Receptor-gamma t (ROR gamma t) agonists.,10.1016/j.bmcl.2021.127778,2021.0,True,False
7KXE,"CRYSTAL STRUCTURE OF RAR-RELATED ORPHAN RECEPTOR C (NHIS-RORGT(244-487)-L6-SRC1(678-692)) IN COMPLEX WITH {3,5-DICHLORO-4-[4-METHOXY-3-(PROPAN-2-YL)PHENOXY]PHENYL}METHANOL",experimental,"[""X-RAY DIFFRACTION""]",[2.42],[0.1883],[0.2414],2020-12-03T00:00:00Z,2021-01-20T00:00:00Z,2023-10-18T00:00:00Z,P 41 21 2,1,1,1,1,Substituted diaryl ether compounds as retinoic acid-related orphan Receptor-gamma t (ROR gamma t) agonists.,10.1016/j.bmcl.2021.127778,2021.0,True,False
7KXF,"CRYSTAL STRUCTURE OF RAR-RELATED ORPHAN RECEPTOR C (NHIS-RORGT(244-487)-L6-SRC1(678-692)) IN COMPLEX WITH {3,5-DICHLORO-4-[4-METHOXY-3-(PROPAN-2-YL)PHENOXY]PHENYL}METHANOL",experimental,"[""X-RAY DIFFRACTION""]",[2.141],[0.1939],[0.2341],2020-12-03T00:00:00Z,2021-01-20T00:00:00Z,2023-10-18T00:00:00Z,P 41 21 2,1,1,1,1,Substituted diaryl ether compounds as retinoic acid-related orphan Receptor-gamma t (ROR gamma t) agonists.,10.1016/j.bmcl.2021.127778,2021.0,True,False
7LOT,Human PPAR Gamma LBD in Complex with Tetrazole Compound N-{3-[(4-methylbenzyl)oxy]benzyl}-2H-tetrazol-5-amine.,experimental,"[""X-RAY DIFFRACTION""]",[2.29],[0.2025],[0.2592],2021-02-10T00:00:00Z,2021-02-24T00:00:00Z,2023-10-18T00:00:00Z,C 1 2 1,1,1,1,2,Tetrazoles as PPAR gamma ligands: A structural and computational investigation.,10.1016/j.jmgm.2021.107932,2021.0,True,False
7LUK,CRYSTAL STRUCTURE OF RAR-RELATED ORPHAN RECEPTOR C (NHIS-RORGT(244-487)-L6-SRC1(678-692) IN COMPLEX WITH AN AZATRICYCLIC RORGT INVERSE AGONIST,experimental,"[""X-RAY DIFFRACTION""]",[2.087],[0.2064],[0.2339],2021-02-22T00:00:00Z,2021-05-12T00:00:00Z,2023-10-18T00:00:00Z,P 41 21 2,1,1,1,1,Azatricyclic Inverse Agonists of ROR gamma t That Demonstrate Efficacy in Models of Rheumatoid Arthritis and Psoriasis.,10.1021/acsmedchemlett.1c00112,2021.0,True,False
7MSA,GDC-9545 in complex with estrogen receptor alpha,experimental,"[""X-RAY DIFFRACTION""]",[2.24],[0.194],[0.2464],2021-05-10T00:00:00Z,2021-06-02T00:00:00Z,2024-05-22T00:00:00Z,P 1,1,1,2,4,GDC-9545 (Giredestrant): A Potent and Orally Bioavailable Selective Estrogen Receptor Antagonist and Degrader with an Exceptional Preclinical Profile for ER+ Breast Cancer.,10.1021/acs.jmedchem.1c00847,2021.0,True,False
7N2A,human PXR LBD bound to compound 2,experimental,"[""X-RAY DIFFRACTION""]",[2.26],[0.2301],[0.255],2021-05-28T00:00:00Z,2021-08-25T00:00:00Z,2023-10-18T00:00:00Z,P 43 21 2,1,1,1,1,Overcoming the Pregnane X Receptor Liability: Rational Design to Eliminate PXR-Mediated CYP Induction.,10.1021/acsmedchemlett.1c00187,2021.0,True,False
7N9O,Estrogen Receptor Alpha Ligand Binding Domain in Complex with Aliphatic SERD S-C10(15),experimental,"[""X-RAY DIFFRACTION""]",[2.0],[0.182],[0.225],2021-06-18T00:00:00Z,2022-07-06T00:00:00Z,2023-10-18T00:00:00Z,P 32,1,1,1,4,Estrogen Receptor Alpha Ligand Binding Domain in Complex with Aliphatic SERD S-C10(15),,,True,False
7NDO,"ER-PRS*(-) (L536S, L372R) in complex with raloxifene",experimental,"[""X-RAY DIFFRACTION""]",[1.6],[0.1852],[0.1954],2021-02-02T00:00:00Z,2021-08-25T00:00:00Z,2024-01-31T00:00:00Z,P 1,1,1,3,2,A PROSS-designed extensively mutated estrogen receptor alpha variant displays enhanced thermal stability while retaining native allosteric regulation and structure.,10.1038/s41598-021-89785-1,2021.0,True,False
7NEC,ROR(gamma)t ligand binding domain in complex with allosteric ligand FM217,experimental,"[""X-RAY DIFFRACTION""]",[1.95],[0.1954],[0.2352],2021-02-03T00:00:00Z,2021-06-02T00:00:00Z,2024-01-31T00:00:00Z,P 61 2 2,1,1,1,1,Structure-Activity Relationship Studies of Trisubstituted Isoxazoles as Selective Allosteric Ligands for the Retinoic-Acid-Receptor-Related Orphan Receptor gamma t.,10.1021/acs.jmedchem.1c00475,2021.0,True,False
7NEL,ER-PRS*(+) (Y537S) in complex with estradiol and SRC-2 coactivator peptide,experimental,"[""X-RAY DIFFRACTION""]",[1.45],[0.1487],[0.186],2021-02-04T00:00:00Z,2021-08-25T00:00:00Z,2024-10-23T00:00:00Z,P 1 21 1,2,2,5,4,A PROSS-designed extensively mutated estrogen receptor alpha variant displays enhanced thermal stability while retaining native allosteric regulation and structure.,10.1038/s41598-021-89785-1,2021.0,True,False
7NFB,ER-PRS*(+) (Y537S) in complex with genistein and SRC-2 coactivator peptide,experimental,"[""X-RAY DIFFRACTION""]",[1.33],[0.1422],[0.1781],2021-02-05T00:00:00Z,2021-08-25T00:00:00Z,2024-11-20T00:00:00Z,P 1 21 1,2,2,5,4,A PROSS-designed extensively mutated estrogen receptor alpha variant displays enhanced thermal stability while retaining native allosteric regulation and structure.,10.1038/s41598-021-89785-1,2021.0,True,False
7NFW,Human 14-3-3 sigma in complex with human Estrogen Receptor alpha peptide,experimental,"[""X-RAY DIFFRACTION""]",[1.19],[0.2103],[0.2262],2021-02-08T00:00:00Z,2021-02-17T00:00:00Z,2024-10-23T00:00:00Z,C 2 2 21,2,2,0,2,Cooperative stabilisation of 14-3-3 sigma protein-protein interactions via covalent protein modification.,10.1039/d1sc02120f,2021.0,True,False
7NIZ,Human 14-3-3 sigma in complex with human Estrogen Receptor alpha peptide and ligands Fusicoccin-A and WR-1065,experimental,"[""X-RAY DIFFRACTION""]",[1.48],[0.2108],[0.2394],2021-02-14T00:00:00Z,2021-12-01T00:00:00Z,2025-10-01T00:00:00Z,C 2 2 21,2,2,2,2,Cooperative stabilisation of 14-3-3 sigma protein-protein interactions via covalent protein modification.,10.1039/d1sc02120f,2021.0,True,False
7NKE,"Crystal structure of human RXRalpha ligand binding domain in complex with 2,4-di-tert-butylphenol and a coactivator fragment",experimental,"[""X-RAY DIFFRACTION""]",[2.35],[0.17533],[0.24576],2021-02-17T00:00:00Z,2022-03-02T00:00:00Z,2024-02-07T00:00:00Z,P 21 21 21,2,2,2,4,"2,4-Di-tert-butylphenol Induces Adipogenesis in Human Mesenchymal Stem Cells by Activating Retinoid X Receptors.",10.1210/endocr/bqad021,2023.0,True,False
7NP5,ROR(gamma)t ligand binding domain in complex with allosteric ligand FM216,experimental,"[""X-RAY DIFFRACTION""]",[1.55],[0.234],[0.2698],2021-02-26T00:00:00Z,2021-06-02T00:00:00Z,2024-01-31T00:00:00Z,P 61 2 2,1,1,1,1,Structure-Activity Relationship Studies of Trisubstituted Isoxazoles as Selective Allosteric Ligands for the Retinoic-Acid-Receptor-Related Orphan Receptor gamma t.,10.1021/acs.jmedchem.1c00475,2021.0,True,False
7NP6,ROR(gamma)t ligand binding domain in complex with allosteric ligand FM257,experimental,"[""X-RAY DIFFRACTION""]",[1.84],[0.2153],[0.2452],2021-02-26T00:00:00Z,2021-06-02T00:00:00Z,2024-01-31T00:00:00Z,P 61 2 2,1,1,1,1,Structure-Activity Relationship Studies of Trisubstituted Isoxazoles as Selective Allosteric Ligands for the Retinoic-Acid-Receptor-Related Orphan Receptor gamma t.,10.1021/acs.jmedchem.1c00475,2021.0,True,False
7NPC,ROR(gamma)t ligand binding domain in complex with allosteric ligand FM156,experimental,"[""X-RAY DIFFRACTION""]",[1.47],[0.16841],[0.1967],2021-02-26T00:00:00Z,2021-06-02T00:00:00Z,2024-01-31T00:00:00Z,P 61 2 2,1,1,2,1,Structure-Activity Relationship Studies of Trisubstituted Isoxazoles as Selective Allosteric Ligands for the Retinoic-Acid-Receptor-Related Orphan Receptor gamma t.,10.1021/acs.jmedchem.1c00475,2021.0,True,False
7OFI,Ligand complex of RORg LBD,experimental,"[""X-RAY DIFFRACTION""]",[1.953],[0.1843],[0.2269],2021-05-05T00:00:00Z,2022-03-16T00:00:00Z,2024-01-31T00:00:00Z,P 41 21 2,2,2,3,2,"AZD0284, a Potent, Selective, and Orally Bioavailable Inverse Agonist of Retinoic Acid Receptor-Related Orphan Receptor C2.",10.1021/acs.jmedchem.1c01197,2021.0,True,False
7OFK,Ligand complex of RORg LBD,experimental,"[""X-RAY DIFFRACTION""]",[1.61],[0.2],[0.2295],2021-05-05T00:00:00Z,2022-03-16T00:00:00Z,2024-01-31T00:00:00Z,P 41 21 2,2,2,3,2,"AZD0284, a Potent, Selective, and Orally Bioavailable Inverse Agonist of Retinoic Acid Receptor-Related Orphan Receptor C2.",10.1021/acs.jmedchem.1c01197,2021.0,True,False
7OPW,"Ternary complex of 14-3-3 sigma, Estrogen Receptor alfa phosphopeptide, and WQ136",experimental,"[""X-RAY DIFFRACTION""]",[1.81],[0.1864],[0.2291],2021-06-01T00:00:00Z,2022-06-08T00:00:00Z,2025-10-01T00:00:00Z,C 2 2 21,2,2,4,2,A crystallography-based study of fragment extensions into the 14-3-3 binding groove,,,True,False
7OQ7,"Ternary complex of 14-3-3 sigma, Estrogen Receptor alfa phosphopeptide, and WQ162",experimental,"[""X-RAY DIFFRACTION""]",[1.6],[0.1794],[0.1975],2021-06-02T00:00:00Z,2022-06-22T00:00:00Z,2024-01-31T00:00:00Z,C 2 2 21,2,2,4,2,A crystallography-based study of fragment extensions into the 14-3-3 binding groove,,,True,False
7OQ8,"Ternary complex of 14-3-3 sigma, Estrogen Receptor alfa phosphopeptide, and WQ178",experimental,"[""X-RAY DIFFRACTION""]",[1.43],[0.1797],[0.2056],2021-06-02T00:00:00Z,2022-06-22T00:00:00Z,2024-10-09T00:00:00Z,C 2 2 21,2,2,3,2,A crystallography-based study of fragment extensions into the 14-3-3 binding groove,,,True,False
7P4E,Crystal structure of PPARgamma in complex with compound FL217,experimental,"[""X-RAY DIFFRACTION""]",[2.4],[0.2293],[0.2684],2021-07-11T00:00:00Z,2022-07-06T00:00:00Z,2024-01-31T00:00:00Z,P 41 21 2,1,1,3,1,Structure-Based Design of Dual Partial Peroxisome Proliferator-Activated Receptor gamma Agonists/Soluble Epoxide Hydrolase Inhibitors.,10.1021/acs.jmedchem.1c01331,2021.0,True,False
7PRV,"The glucocorticoid receptor in complex with fluticasone furoate, a PGC1a coactivator fragment and sgk 23bp",experimental,"[""X-RAY DIFFRACTION""]",[2.7],[0.2141],[0.2532],2021-09-22T00:00:00Z,2023-02-08T00:00:00Z,2024-02-07T00:00:00Z,P 21 21 21,4,2,3,5,Quaternary glucocorticoid receptor structure highlights allosteric interdomain communication.,10.1038/s41594-022-00914-4,2023.0,True,False
7PRW,"The glucocorticoid receptor in complex with velsecorat, a PGC1a coactivator fragment and sgk 23bp",experimental,"[""X-RAY DIFFRACTION""]",[2.502],[0.2018],[0.2632],2021-09-22T00:00:00Z,2023-02-08T00:00:00Z,2024-02-07T00:00:00Z,P 21 21 21,4,2,3,5,Quaternary glucocorticoid receptor structure highlights allosteric interdomain communication.,10.1038/s41594-022-00914-4,2023.0,True,False
7PRX,wildtype ligand binding domain of the glucocorticoid receptor complexed with velsecorat and a PGC1a coactivator fragment,experimental,"[""X-RAY DIFFRACTION""]",[2.2],[0.2256],[0.2808],2021-09-22T00:00:00Z,2023-02-08T00:00:00Z,2024-02-07T00:00:00Z,P 1 21 1,2,2,1,2,Quaternary glucocorticoid receptor structure highlights allosteric interdomain communication.,10.1038/s41594-022-00914-4,2023.0,True,False
7PWT,"Crystal structure of 14-3-3 sigma in complex with a C-terminal Estrogen Receptor alpha phosphopeptide, stabilised by pyrrolidone derivative 228",experimental,"[""X-RAY DIFFRACTION""]",[2.312],[0.228],[0.2535],2021-10-07T00:00:00Z,2022-12-21T00:00:00Z,2026-04-15T00:00:00Z,C 2 2 2,2,2,2,2,Designing Selective Drug-like Molecular Glues for the Glucocorticoid Receptor/14-3-3 Protein-Protein Interaction.,10.1021/acs.jmedchem.2c01635,2022.0,True,False
7PWZ,"Crystal structure of 14-3-3 sigma in complex with a C-terminal Estrogen Receptoralpha phosphopeptide, stabilised by Pyrrolidone1 derivative 228",experimental,"[""X-RAY DIFFRACTION""]",[2.5],[0.244],[0.298],2021-10-07T00:00:00Z,2022-12-21T00:00:00Z,2024-11-20T00:00:00Z,C 2 2 2,2,2,2,2,Designing Selective Drug-like Molecular Glues for the Glucocorticoid Receptor/14-3-3 Protein-Protein Interaction.,10.1021/acs.jmedchem.2c01635,2022.0,True,False
7QAA,Crystal structure of RARalpha/RXRalpha ligand binding domain heterodimer in complex with BMS614 and oleic acid,experimental,"[""X-RAY DIFFRACTION""]",[2.76],[0.1947],[0.245],2021-11-16T00:00:00Z,2022-10-05T00:00:00Z,2024-01-31T00:00:00Z,P 61 2 2,2,2,2,2,Design and in vitro characterization of RXR variants as tools to investigate the biological role of endogenous rexinoids.,10.1530/JME-22-0021,2022.0,True,False
7QB1,PPARg in complex with inhibitor,experimental,"[""X-RAY DIFFRACTION""]",[2.2],[0.1985],[0.2494],2021-11-17T00:00:00Z,2022-05-04T00:00:00Z,2024-05-01T00:00:00Z,C 1 2 1,1,1,2,2,Discovery by Virtual Screening of an Inhibitor of CDK5-Mediated PPAR gamma Phosphorylation.,10.1021/acsmedchemlett.1c00715,2022.0,True,False
7QDT,Crystal structure of a mutant (P393GX) Thyroid Receptor Alpha ligand binding domain designed to model dominant negative human mutations.,experimental,"[""X-RAY DIFFRACTION""]",[3.0],[0.18322],[0.22754],2021-11-30T00:00:00Z,2022-01-26T00:00:00Z,2024-01-31T00:00:00Z,P 64 2 2,1,1,1,1,Structure-Guided Approach to Relieving Transcriptional Repression in Resistance to Thyroid Hormone alpha.,10.1128/MCB.00363-21,2022.0,True,False
7QP4,Complex of a Gemini-cholesterol analogue with Retinoid-related Orphan Receptor gamma,experimental,"[""X-RAY DIFFRACTION""]",[2.3],[0.178],[0.2373],2022-01-02T00:00:00Z,2022-12-14T00:00:00Z,2024-01-31T00:00:00Z,P 61,2,2,2,3,Development of novel Gemini-cholesterol analogues for retinoid-related orphan receptors,10.1039/D2QO00040G,2022.0,True,False
7QPP,High resolution structure of human VDR ligand binding domain in complex with calcitriol,experimental,"[""X-RAY DIFFRACTION""]",[1.52],[0.1389],[0.1662],2022-01-05T00:00:00Z,2022-12-28T00:00:00Z,2024-01-31T00:00:00Z,P 21 21 21,1,1,2,1,Advances in Vitamin D Receptor Function and Evolution Based on the 3D Structure of the Lamprey Ligand-Binding Domain.,10.1021/acs.jmedchem.2c00171,2022.0,True,False
7QVJ,ESTROGEN RECEPTOR ALPHA IN COMPLEX WITH COMPOUND 29,experimental,"[""X-RAY DIFFRACTION""]",[1.68],[0.205],[0.216],2022-01-21T00:00:00Z,2023-02-01T00:00:00Z,2024-02-07T00:00:00Z,C 1 2 1,1,1,1,2,Discovery of a Potent and Orally Bioavailable Zwitterionic Series of Selective Estrogen Receptor Degrader-Antagonists.,10.1021/acs.jmedchem.2c01964,2023.0,True,False
7QVL,OESTROGEN RECEPTOR LIGAND BINDING DOMAIN IN COMPLEX WITH COMPOUND 38,experimental,"[""X-RAY DIFFRACTION""]",[1.9],[0.205],[0.245],2022-01-21T00:00:00Z,2023-02-01T00:00:00Z,2024-02-07T00:00:00Z,C 1 2 1,1,1,1,2,Discovery of a Potent and Orally Bioavailable Zwitterionic Series of Selective Estrogen Receptor Degrader-Antagonists.,10.1021/acs.jmedchem.2c01964,2023.0,True,False
7R62,"Estrogen Receptor Alpha Ligand Binding Domain in Complex with a Desmethyl ICI164,384 Derivative",experimental,"[""X-RAY DIFFRACTION""]",[1.5],[0.2009],[0.2298],2021-06-22T00:00:00Z,2022-07-06T00:00:00Z,2023-10-18T00:00:00Z,P 65 2 2,1,1,1,1,"Estrogen Receptor Alpha Ligand Binding Domain in Complex with a Desmethyl ICI164,384 Derivative",,,True,False
7RIO,human PXR LBD bound to GSK003,experimental,"[""X-RAY DIFFRACTION""]",[2.48],[0.207],[0.2726],2021-07-20T00:00:00Z,2021-08-25T00:00:00Z,2023-10-18T00:00:00Z,P 43 21 2,1,1,1,1,Overcoming the Pregnane X Receptor Liability: Rational Design to Eliminate PXR-Mediated CYP Induction.,10.1021/acsmedchemlett.1c00187,2021.0,True,False
7RIU,human PXR LBD bound to GSK002,experimental,"[""X-RAY DIFFRACTION""]",[2.05],[0.1999],[0.241],2021-07-20T00:00:00Z,2021-08-25T00:00:00Z,2023-10-18T00:00:00Z,P 43 21 2,1,1,1,1,Overcoming the Pregnane X Receptor Liability: Rational Design to Eliminate PXR-Mediated CYP Induction.,10.1021/acsmedchemlett.1c00187,2021.0,True,False
7RIV,human PXR LBD bound to GSK001,experimental,"[""X-RAY DIFFRACTION""]",[2.2],[0.1902],[0.2379],2021-07-20T00:00:00Z,2021-08-25T00:00:00Z,2023-10-18T00:00:00Z,P 43 21 2,1,1,1,1,Overcoming the Pregnane X Receptor Liability: Rational Design to Eliminate PXR-Mediated CYP Induction.,10.1021/acsmedchemlett.1c00187,2021.0,True,False
7RKE,"Estrogen Receptor Alpha Ligand Binding Domain Y537S in Complex with 4-(((2-chloro-5-phenylthieno[2,3-d]pyrimidin-4-yl)amino)methyl)phenol and GRIP Peptide",experimental,"[""X-RAY DIFFRACTION""]",[1.55],[0.2359],[0.2726],2021-07-22T00:00:00Z,2022-06-22T00:00:00Z,2023-10-18T00:00:00Z,P 1 21 1,2,2,1,4,"A New Chemotype of Chemically Tractable Nonsteroidal Estrogens Based on a Thieno[2,3- d ]pyrimidine Core.",10.1021/acsmedchemlett.2c00180,2022.0,True,False
7RLE,Crystal structure of PPAR gamma in complex with CREB-binding protein and agonist GW1929,experimental,"[""X-RAY DIFFRACTION""]",[2.5],[0.2323],[0.2749],2021-07-23T00:00:00Z,2022-08-03T00:00:00Z,2023-10-25T00:00:00Z,P 21 21 21,2,2,1,4,A structural mechanism of nuclear receptor biased agonism.,10.1073/pnas.2215333119,2022.0,True,False
7RNM,"Estrogen Receptor Alpha Ligand Binding Domain Y537S Mutant in Complex with 2-(2-Chloro-5-phenylthieno[2,3-d]pyrimidin-4-yl)isoindolin-5-ol and GRIP Peptide",experimental,"[""X-RAY DIFFRACTION""]",[1.9],[0.1854],[0.2211],2021-07-29T00:00:00Z,2022-08-03T00:00:00Z,2024-02-14T00:00:00Z,P 1 21 1,2,2,1,4,"Structural Determinants of the Binding and Activation of Estrogen Receptor alpha by Phenolic Thieno[2,3-d]pyrimidines",10.1002/hlca.202300097,2023.0,True,False
7RRX,"Crystal Structure of the ER-alpha Ligand-binding Domain (L372S, L536S) in complex with DMERI-19",experimental,"[""X-RAY DIFFRACTION""]",[1.78],[0.2364],[0.2647],2021-08-10T00:00:00Z,2021-09-22T00:00:00Z,2023-10-18T00:00:00Z,P 1,1,1,2,4,Dual-mechanism estrogen receptor inhibitors.,10.1073/pnas.2101657118,2021.0,True,False
7RRY,"Crystal Structure of the ER-alpha Ligand-binding Domain (L372S, L536S) in complex with DMERI-20",experimental,"[""X-RAY DIFFRACTION""]",[1.87],[0.2073],[0.2356],2021-08-10T00:00:00Z,2021-09-08T00:00:00Z,2023-10-18T00:00:00Z,P 1,1,1,2,4,Dual-mechanism estrogen receptor inhibitors.,10.1073/pnas.2101657118,2021.0,True,False
7RRZ,"Crystal Structure of the ER-alpha Ligand-binding Domain (L372S, L536S) in complex with DMERI-30",experimental,"[""X-RAY DIFFRACTION""]",[1.83],[0.2453],[0.2575],2021-08-10T00:00:00Z,2021-09-08T00:00:00Z,2023-10-18T00:00:00Z,P 1,1,1,1,4,Dual-mechanism estrogen receptor inhibitors.,10.1073/pnas.2101657118,2021.0,True,False
7RS0,"Crystal Structure of the ER-alpha Ligand-binding Domain (L372S, L536S) in complex with DMERI-18",experimental,"[""X-RAY DIFFRACTION""]",[1.67],[0.1923],[0.2269],2021-08-10T00:00:00Z,2021-09-08T00:00:00Z,2023-10-18T00:00:00Z,P 1,1,1,1,4,Dual-mechanism estrogen receptor inhibitors.,10.1073/pnas.2101657118,2021.0,True,False
7RS1,"Crystal Structure of the ER-alpha Ligand-binding Domain (L372S, L536S) in complex with DMERI-21",experimental,"[""X-RAY DIFFRACTION""]",[1.59],[0.1859],[0.2191],2021-08-10T00:00:00Z,2021-09-08T00:00:00Z,2023-10-18T00:00:00Z,P 1,1,1,1,4,Dual-mechanism estrogen receptor inhibitors.,10.1073/pnas.2101657118,2021.0,True,False
7RS2,"Crystal Structure of the ER-alpha Ligand-binding Domain (L372S, L536S) in complex with DMERI-23",experimental,"[""X-RAY DIFFRACTION""]",[1.72],[0.1942],[0.221],2021-08-10T00:00:00Z,2021-09-08T00:00:00Z,2023-10-18T00:00:00Z,P 1,1,1,1,4,Dual-mechanism estrogen receptor inhibitors.,10.1073/pnas.2101657118,2021.0,True,False
7RS3,"Crystal Structure of the ER-alpha Ligand-binding Domain (L372S, L536S) in complex with DMERI-29",experimental,"[""X-RAY DIFFRACTION""]",[1.84],[0.2356],[0.2832],2021-08-10T00:00:00Z,2021-09-08T00:00:00Z,2023-10-18T00:00:00Z,P 1,1,1,4,4,Dual-mechanism estrogen receptor inhibitors.,10.1073/pnas.2101657118,2021.0,True,False
7RS4,"Crystal Structure of the ER-alpha Ligand-binding Domain (L372S, L536S) in complex with DMERI-8",experimental,"[""X-RAY DIFFRACTION""]",[1.78],[0.1962],[0.2509],2021-08-10T00:00:00Z,2021-09-08T00:00:00Z,2023-10-18T00:00:00Z,P 1,1,1,2,4,Dual-mechanism estrogen receptor inhibitors.,10.1073/pnas.2101657118,2021.0,True,False
7RS7,"Crystal Structure of the ER-alpha Ligand-binding Domain (L372S, L536S) in complex with DMERI-30",experimental,"[""X-RAY DIFFRACTION""]",[1.58],[0.2232],[0.251],2021-08-11T00:00:00Z,2021-09-22T00:00:00Z,2023-10-18T00:00:00Z,P 1,1,1,1,4,Dual-mechanism estrogen receptor inhibitors.,10.1073/pnas.2101657118,2021.0,True,False
7RS8,"Crystal Structure of the ER-alpha Ligand-binding Domain (L372S, L536S) in complex with DMERI-16",experimental,"[""X-RAY DIFFRACTION""]",[1.64],[0.2105],[0.2496],2021-08-11T00:00:00Z,2021-09-22T00:00:00Z,2023-10-18T00:00:00Z,P 1,2,2,1,4,Dual-mechanism estrogen receptor inhibitors.,10.1073/pnas.2101657118,2021.0,True,False
7RS9,"Crystal Structure of the ER-alpha Ligand-binding Domain (L372S, L536S) in complex with DMERI-25",experimental,"[""X-RAY DIFFRACTION""]",[1.7],[0.2145],[0.2517],2021-08-11T00:00:00Z,2021-09-08T00:00:00Z,2023-10-18T00:00:00Z,P 1,1,1,1,4,Dual-mechanism estrogen receptor inhibitors.,10.1073/pnas.2101657118,2021.0,True,False
7SFO,"Estrogen Receptor Alpha Ligand Binding Domain Y537S in Complex with 3-(((2-chloro-5-phenylthieno[2,3-d]pyrimidin-4-yl)amino)methyl)phenol and GRIP Peptide",experimental,"[""X-RAY DIFFRACTION""]",[1.9],[0.177],[0.2255],2021-10-04T00:00:00Z,2022-10-12T00:00:00Z,2023-10-18T00:00:00Z,P 1 21 1,2,2,1,4,Estrogen Receptor Alpha,,,True,False
7SQA,PPAR gamma LBD bound to SR10221 and SMRT corepressor motif,experimental,"[""X-RAY DIFFRACTION""]",[2.499],[0.2338],[0.2855],2021-11-05T00:00:00Z,2023-05-10T00:00:00Z,2023-10-25T00:00:00Z,P 1 21 1,2,2,1,4,PPAR gamma Corepression Involves Alternate Ligand Conformation and Inflation of H12 Ensembles.,10.1021/acschembio.2c00917,2023.0,True,False
7SQB,PPAR gamma LBD bound to Inverse Agonist SR10221,experimental,"[""X-RAY DIFFRACTION""]",[2.6],[0.2245],[0.2608],2021-11-05T00:00:00Z,2023-05-10T00:00:00Z,2023-10-25T00:00:00Z,P 65 2 2,1,1,1,1,PPAR gamma Corepression Involves Alternate Ligand Conformation and Inflation of H12 Ensembles.,10.1021/acschembio.2c00917,2023.0,True,False
7T2X,"Estrogen Receptor Alpha Ligand Binding Domain Y537S in Complex with 2-chloro-4-((4-hydroxybenzyl)amino)-5-phenylthieno[2,3-d]pyrimidin-6-ol and GRIP Peptide",experimental,"[""X-RAY DIFFRACTION""]",[2.6],[0.2177],[0.2767],2021-12-06T00:00:00Z,2022-06-22T00:00:00Z,2023-10-18T00:00:00Z,P 1 21 1,2,2,1,4,"A New Chemotype of Chemically Tractable Nonsteroidal Estrogens Based on a Thieno[2,3- d ]pyrimidine Core.",10.1021/acsmedchemlett.2c00180,2022.0,True,False
7TE7,Estrogen Receptor Alpha Ligand Binding Domain in Complex with RAD1901,experimental,"[""X-RAY DIFFRACTION""]",[1.85],[0.219],[0.246],2022-01-04T00:00:00Z,2022-01-19T00:00:00Z,2023-10-25T00:00:00Z,P 65 2 2,1,1,1,1,Unconventional isoquinoline-based SERMs elicit fulvestrant-like transcriptional programs in ER+ breast cancer cells.,10.1038/s41523-022-00497-9,2022.0,True,False
7TRB,"CRYSTAL STRUCTURE OF FARNESOID X-ACTIVATED RECEPTOR COMPLEXED WITH COMPOUND-32 AKA (1S,3S)-N-({4-[5-(2-FLUOROPR OPAN-2-YL)-1,2,4-OXADIAZOL-3-YL]BICYCLO[2.2.2]OCTAN-1-YL}M ETHYL)-3-HYDROXY-N-[4'-(2-HYDROXYPROPAN-2-YL)-[1,1'-BIPHEN YL]-3-YL]-3-(TRIFLUOROMETHYL)CYCLOBUTANE-1-CARBOXAMIDE",experimental,"[""X-RAY DIFFRACTION""]",[2.15],[0.214],[0.256],2022-01-28T00:00:00Z,2022-06-29T00:00:00Z,2023-10-18T00:00:00Z,P 21 21 2,2,2,1,4,"Discovery of BMS-986339, a Pharmacologically Differentiated Farnesoid X Receptor Agonist for the Treatment of Nonalcoholic Steatohepatitis.",10.1021/acs.jmedchem.2c00165,2022.0,True,False
7TT8,Human LRH-1 LBD bound to agonist 6N-10CA and fragment of Tif2 coactivator,experimental,"[""X-RAY DIFFRACTION""]",[2.8],[0.2288],[0.2759],2022-01-31T00:00:00Z,2022-05-11T00:00:00Z,2023-10-18T00:00:00Z,P 32 2 1,2,2,1,2,Differential Modulation of Nuclear Receptor LRH-1 through Targeting Buried and Surface Regions of the Binding Pocket.,10.1021/acs.jmedchem.2c00235,2022.0,True,False
7UJ7,Estrogen Receptor Alpha Ligand Binding Domain Y537S Mutant in Complex with RU39411,experimental,"[""X-RAY DIFFRACTION""]",[1.68],[0.198],[0.24],2022-03-30T00:00:00Z,2022-05-04T00:00:00Z,2023-10-18T00:00:00Z,P 1,1,1,1,4,Stereospecific lasofoxifene derivatives reveal the interplay between estrogen receptor alpha stability and antagonistic activity in ESR1 mutant breast cancer cells.,10.7554/eLife.72512,2022.0,True,False
7UJ8,Estrogen Receptor Alpha Ligand Binding Domain Y537S in Complex with 4-Hydroxytamoxifen,experimental,"[""X-RAY DIFFRACTION""]",[2.385],[0.2423],[0.2714],2022-03-30T00:00:00Z,2022-06-15T00:00:00Z,2023-10-18T00:00:00Z,C 1 2 1,1,1,1,2,Stereospecific lasofoxifene derivatives reveal the interplay between estrogen receptor alpha stability and antagonistic activity in ESR1 mutant breast cancer cells.,10.7554/eLife.72512,2022.0,True,False
7UJC,Raloxifene in Complex with Estrogen Receptor Alpha Ligand Binding Domain Y537S Mutation,experimental,"[""X-RAY DIFFRACTION""]",[1.78],[0.1915],[0.23],2022-03-30T00:00:00Z,2022-06-15T00:00:00Z,2023-10-18T00:00:00Z,C 1 2 1,1,1,1,2,Stereospecific lasofoxifene derivatives reveal the interplay between estrogen receptor alpha stability and antagonistic activity in ESR1 mutant breast cancer cells.,10.7554/eLife.72512,2022.0,True,False
7UJF,Estrogen Receptor Alpha Ligand Binding Domain in Complex with a Methylated Lasofoxifene Derivative with Selective Estrogen Receptor Degrader Properties,experimental,"[""X-RAY DIFFRACTION""]",[1.7],[0.1947],[0.2392],2022-03-30T00:00:00Z,2022-06-15T00:00:00Z,2023-10-18T00:00:00Z,P 32,1,1,1,4,Stereospecific lasofoxifene derivatives reveal the interplay between estrogen receptor alpha stability and antagonistic activity in ESR1 mutant breast cancer cells.,10.7554/eLife.72512,2022.0,True,False
7UJM,Estrogen Receptor Alpha Ligand Binding Domain in Complex with a Methylated Lasofoxifene Derivative That Increases Receptor Resonance Time in the Nucleus of Breast Cancer Cells,experimental,"[""X-RAY DIFFRACTION""]",[1.8],[0.1897],[0.2329],2022-03-31T00:00:00Z,2022-06-15T00:00:00Z,2023-10-18T00:00:00Z,P 32,1,1,1,4,Stereospecific lasofoxifene derivatives reveal the interplay between estrogen receptor alpha stability and antagonistic activity in ESR1 mutant breast cancer cells.,10.7554/eLife.72512,2022.0,True,False
7UJO,Estrogen Receptor Alpha Ligand Binding Domain in Complex with RU39411,experimental,"[""X-RAY DIFFRACTION""]",[1.449],[0.2063],[0.228219],2022-03-31T00:00:00Z,2022-06-15T00:00:00Z,2023-10-18T00:00:00Z,P 32,1,1,2,4,Stereospecific lasofoxifene derivatives reveal the interplay between estrogen receptor alpha stability and antagonistic activity in ESR1 mutant breast cancer cells.,10.7554/eLife.72512,2022.0,True,False
7UJW,Estrogen Receptor Alpha Ligand Binding Domain Y537S Mutant in Complex with a Methylated Lasofoxifene Derivative that Possesses Selective Estrogen Receptor Degrader Activities,experimental,"[""X-RAY DIFFRACTION""]",[2.6],[0.215],[0.263],2022-03-31T00:00:00Z,2022-06-15T00:00:00Z,2023-10-18T00:00:00Z,P 1,1,1,1,4,Stereospecific lasofoxifene derivatives reveal the interplay between estrogen receptor alpha stability and antagonistic activity in ESR1 mutant breast cancer cells.,10.7554/eLife.72512,2022.0,True,False
7UJY,Estrogen receptor alpha ligand binding domain Y537S mutant in complex with a methylated lasofoxifene derivative that enhances estrogen receptor alpha nuclear resonance time,experimental,"[""X-RAY DIFFRACTION""]",[1.7],[0.188],[0.224],2022-03-31T00:00:00Z,2022-06-15T00:00:00Z,2023-10-18T00:00:00Z,P 32,1,1,1,4,Stereospecific lasofoxifene derivatives reveal the interplay between estrogen receptor alpha stability and antagonistic activity in ESR1 mutant breast cancer cells.,10.7554/eLife.72512,2022.0,True,False
7UW2,Crystal structure of human Retinoid X receptor alpha ligand binding domain complex with UAB116 and coactivator peptide GRIP-1,experimental,"[""X-RAY DIFFRACTION""]",[1.88],[0.2028],[0.2181],2022-05-02T00:00:00Z,2023-03-15T00:00:00Z,2023-10-25T00:00:00Z,P 43 21 2,2,2,1,2,Conformationally Defined Rexinoids for the Prevention of Inflammation and Nonmelanoma Skin Cancers.,10.1021/acs.jmedchem.2c00735,2022.0,True,False
7UW4,Crystal structure of human Retinoid X receptor alpha ligand binding domain complex with UAB113 and coactivator peptide GRIP-1,experimental,"[""X-RAY DIFFRACTION""]",[2.1],[0.2232],[0.2434],2022-05-02T00:00:00Z,2023-03-15T00:00:00Z,2023-10-25T00:00:00Z,P 43 21 2,2,2,1,2,Conformationally Defined Rexinoids for the Prevention of Inflammation and Nonmelanoma Skin Cancers.,10.1021/acs.jmedchem.2c00735,2022.0,True,False
7VUE,Structural insight of the molecular mechanism of cilofexor bound to FXR,experimental,"[""X-RAY DIFFRACTION""]",[2.601],[0.212],[0.2687],2021-11-02T00:00:00Z,2022-03-16T00:00:00Z,2024-11-06T00:00:00Z,F 2 3,2,2,1,2,Structural insight into the molecular mechanism of cilofexor binding to the farnesoid X receptor.,10.1016/j.bbrc.2022.01.069,2022.0,True,False
7VWE,Human peroxisome proliferator-activated receptor (PPAR) delta ligand binding domain in complex with a synthetic partial agonist JK122,experimental,"[""X-RAY DIFFRACTION""]",[3.0],[0.1946],[0.2321],2021-11-10T00:00:00Z,2022-02-09T00:00:00Z,2023-11-29T00:00:00Z,P 1 21 1,1,1,2,2,Crystal structures of the ligand-binding domain of human peroxisome proliferator-activated receptor delta in complexes with phenylpropanoic acid derivatives and a pyridine carboxylic acid derivative.,10.1107/S2053230X22000449,2022.0,True,False
7VWF,Human peroxisome proliferator-activated receptor (PPAR) delta ligand binding domain in complex with a synthetic agonist TIPP204,experimental,"[""X-RAY DIFFRACTION""]",[1.9],[0.2016],[0.2181],2021-11-10T00:00:00Z,2022-02-09T00:00:00Z,2023-11-29T00:00:00Z,P 1 21 1,1,1,2,2,Crystal structures of the ligand-binding domain of human peroxisome proliferator-activated receptor delta in complexes with phenylpropanoic acid derivatives and a pyridine carboxylic acid derivative.,10.1107/S2053230X22000449,2022.0,True,False
7VWG,Human peroxisome proliferator-activated receptor (PPAR) delta ligand binding domain in complex with a synthetic alpha/delta dual agonist JKPL38,experimental,"[""X-RAY DIFFRACTION""]",[2.2],[0.2002],[0.2316],2021-11-10T00:00:00Z,2022-02-09T00:00:00Z,2023-11-29T00:00:00Z,P 1 21 1,1,1,2,2,Crystal structures of the ligand-binding domain of human peroxisome proliferator-activated receptor delta in complexes with phenylpropanoic acid derivatives and a pyridine carboxylic acid derivative.,10.1107/S2053230X22000449,2022.0,True,False
7VWH,human peroxisome proliferator-activated receptor (PPAR) delta ligand binding domain in complex with a synthetic agonist JKPL39,experimental,"[""X-RAY DIFFRACTION""]",[2.1],[0.2052],[0.2397],2021-11-10T00:00:00Z,2022-02-09T00:00:00Z,2023-11-29T00:00:00Z,P 1 21 1,1,1,2,2,Crystal structures of the ligand-binding domain of human peroxisome proliferator-activated receptor delta in complexes with phenylpropanoic acid derivatives and a pyridine carboxylic acid derivative.,10.1107/S2053230X22000449,2022.0,True,False
7W0G,Human PPAR delta ligand binding domain in complex with a synthetic agonist H11,experimental,"[""X-RAY DIFFRACTION""]",[2.443],[0.1988],[0.2365],2021-11-18T00:00:00Z,2022-02-02T00:00:00Z,2024-05-29T00:00:00Z,P 1 21 1,1,1,1,2,"Design, Synthesis, and Biological Evaluation of Triazolone Derivatives as Potent PPAR alpha / delta Dual Agonists for the Treatment of Nonalcoholic Steatohepatitis.",10.1021/acs.jmedchem.1c02002,2022.0,True,False
7W3P,Crystal structure of RORgamma in complex with natural inverse agonist,experimental,"[""X-RAY DIFFRACTION""]",[1.77],[0.193],[0.2342],2021-11-25T00:00:00Z,2022-12-07T00:00:00Z,2023-11-29T00:00:00Z,P 41 21 2,2,2,1,2,Crystal structure of RORgamma in complex with natural inverse agonist,,,True,False
7W3Q,Crystal structure of RORgamma in complex with natural inverse agonist,experimental,"[""X-RAY DIFFRACTION""]",[2.0],[0.207],[0.2651],2021-11-25T00:00:00Z,2022-12-07T00:00:00Z,2023-11-29T00:00:00Z,P 41 21 2,2,2,1,2,Crystal structure of RORgamma in complex with natural inverse agonist,,,True,False
7WGL,X-ray structure of human PPAR delta ligand binding domain-bezafibrate co-crystals obtained by co-crystallization,experimental,"[""X-RAY DIFFRACTION""]",[2.091],[0.1944],[0.2258],2021-12-28T00:00:00Z,2022-05-25T00:00:00Z,2023-11-29T00:00:00Z,P 1 21 1,1,1,2,2,"Functional and Structural Insights into Human PPAR alpha / delta / gamma Subtype Selectivity of Bezafibrate, Fenofibric Acid, and Pemafibrate.",10.3390/ijms23094726,2022.0,True,False
7WGN,X-ray structure of human PPAR delta ligand binding domain-pemafibrate co-crystals obtained by co-crystallization,experimental,"[""X-RAY DIFFRACTION""]",[1.813],[0.2261],[0.2548],2021-12-28T00:00:00Z,2022-05-25T00:00:00Z,2023-11-29T00:00:00Z,P 2 21 21,1,1,2,1,"Functional and Structural Insights into Human PPAR alpha / delta / gamma Subtype Selectivity of Bezafibrate, Fenofibric Acid, and Pemafibrate.",10.3390/ijms23094726,2022.0,True,False
7WGO,X-ray structure of human PPAR gamma ligand binding domain-bezafibrate co-rystals obtained by co-crystallization,experimental,"[""X-RAY DIFFRACTION""]",[2.36],[0.1949],[0.2253],2021-12-28T00:00:00Z,2022-05-25T00:00:00Z,2023-11-29T00:00:00Z,P 21 21 21,2,2,1,2,"Functional and Structural Insights into Human PPAR alpha / delta / gamma Subtype Selectivity of Bezafibrate, Fenofibric Acid, and Pemafibrate.",10.3390/ijms23094726,2022.0,True,False
7WGP,X-ray structure of human PPAR gamma ligand binding domain-fenofibric acid co-crystals obtained by co-crystallization,experimental,"[""X-RAY DIFFRACTION""]",[2.53],[0.2089],[0.2686],2021-12-28T00:00:00Z,2022-05-25T00:00:00Z,2023-11-29T00:00:00Z,P 21 21 21,2,2,1,2,"Functional and Structural Insights into Human PPAR alpha / delta / gamma Subtype Selectivity of Bezafibrate, Fenofibric Acid, and Pemafibrate.",10.3390/ijms23094726,2022.0,True,False
7WGQ,X-ray structure of human PPAR gamma ligand binding domain-pemafibrate co-crystals obtained by co-crystallization,experimental,"[""X-RAY DIFFRACTION""]",[2.43],[0.2067],[0.2518],2021-12-28T00:00:00Z,2022-05-25T00:00:00Z,2023-11-29T00:00:00Z,P 21 21 21,2,2,1,2,"Functional and Structural Insights into Human PPAR alpha / delta / gamma Subtype Selectivity of Bezafibrate, Fenofibric Acid, and Pemafibrate.",10.3390/ijms23094726,2022.0,True,False
7WLX,A novel chemical derivative(53) of THRB agonist,experimental,"[""X-RAY DIFFRACTION""]",[2.39],[0.2206],[0.2697],2022-01-14T00:00:00Z,2022-05-18T00:00:00Z,2024-11-06T00:00:00Z,P 43 21 2,2,2,1,2,Discovery of a Highly Selective and H435R-Sensitive Thyroid Hormone Receptor beta Agonist.,10.1021/acs.jmedchem.2c00144,2022.0,True,False
7WMG,A novel chemical derivative(52) of THRB agonist,experimental,"[""X-RAY DIFFRACTION""]",[2.93],[0.241],[0.2984],2022-01-14T00:00:00Z,2022-05-18T00:00:00Z,2023-11-29T00:00:00Z,P 43 21 2,2,2,1,2,Discovery of a Highly Selective and H435R-Sensitive Thyroid Hormone Receptor beta Agonist.,10.1021/acs.jmedchem.2c00144,2022.0,True,False
7WMH,A novel chemical derivative(56) of THRB agonist,experimental,"[""X-RAY DIFFRACTION""]",[1.97],[0.2341],[0.2528],2022-01-14T00:00:00Z,2022-05-18T00:00:00Z,2024-10-30T00:00:00Z,P 43 21 2,2,2,1,2,Discovery of a Highly Selective and H435R-Sensitive Thyroid Hormone Receptor beta Agonist.,10.1021/acs.jmedchem.2c00144,2022.0,True,False
7WMJ,A novel chemical derivative(71) of THRB agonist,experimental,"[""X-RAY DIFFRACTION""]",[2.81],[0.2268],[0.2738],2022-01-14T00:00:00Z,2022-05-18T00:00:00Z,2024-10-23T00:00:00Z,P 43 21 2,2,2,1,2,Discovery of a Highly Selective and H435R-Sensitive Thyroid Hormone Receptor beta Agonist.,10.1021/acs.jmedchem.2c00144,2022.0,True,False
7WML,A novel chemical derivative(85) of THRB agonist,experimental,"[""X-RAY DIFFRACTION""]",[2.67],[0.2193],[0.2451],2022-01-15T00:00:00Z,2022-05-18T00:00:00Z,2024-11-20T00:00:00Z,P 43 21 2,2,2,1,2,Discovery of a Highly Selective and H435R-Sensitive Thyroid Hormone Receptor beta Agonist.,10.1021/acs.jmedchem.2c00144,2022.0,True,False
7WMN,A novel chemical derivative(89) of THRB agonist,experimental,"[""X-RAY DIFFRACTION""]",[2.57],[0.2152],[0.261],2022-01-15T00:00:00Z,2022-05-18T00:00:00Z,2023-11-29T00:00:00Z,P 43 21 2,2,2,1,2,Discovery of a Highly Selective and H435R-Sensitive Thyroid Hormone Receptor beta Agonist.,10.1021/acs.jmedchem.2c00144,2022.0,True,False
7WMO,A novel chemical derivative(92) of THRB agonist,experimental,"[""X-RAY DIFFRACTION""]",[2.56],[0.2149],[0.2407],2022-01-15T00:00:00Z,2022-05-18T00:00:00Z,2023-11-29T00:00:00Z,P 43 21 2,2,2,1,2,Discovery of a Highly Selective and H435R-Sensitive Thyroid Hormone Receptor beta Agonist.,10.1021/acs.jmedchem.2c00144,2022.0,True,False
7WNH,Crystal structure of Nurr1 binding to NBRE,experimental,"[""X-RAY DIFFRACTION""]",[3.1],[0.2233],[0.2671],2022-01-18T00:00:00Z,2023-01-25T00:00:00Z,2023-11-29T00:00:00Z,P 32,3,1,1,12,Integrative analysis reveals structural basis for transcription activation of Nurr1 and Nurr1-RXR alpha heterodimer.,10.1073/pnas.2206737119,2022.0,True,False
7WNV,Crystal structure of mutant estrogen receptor alpha Y537S in complex with CO9,experimental,"[""X-RAY DIFFRACTION""]",[2.3],[0.203],[0.2355],2022-01-19T00:00:00Z,2023-01-25T00:00:00Z,2024-10-16T00:00:00Z,P 1,1,1,1,4,X-ray crystallography study and optimization of novel benzothiophene analogs as potent selective estrogen receptor covalent antagonists (SERCAs) with improved potency and safety profiles.,10.1016/j.bioorg.2023.106919,2023.0,True,False
7WOX,PPARgamma antagonist (MMT-160)- PPARgamma LBD complex,experimental,"[""X-RAY DIFFRACTION""]",[3.2],[0.2151],[0.2733],2022-01-22T00:00:00Z,2022-04-13T00:00:00Z,2024-10-30T00:00:00Z,C 1 2 1,1,1,1,2,Arylalkynyl amide-type peroxisome proliferator-activated receptor gamma (PPAR gamma )-selective antagonists covalently bind to the PPAR gamma ligand binding domain with a unique binding mode.,10.1016/j.bmcl.2022.128676,2022.0,True,False
7WQQ,Retinoic acid receptor alpha mutant - N299H,experimental,"[""X-RAY DIFFRACTION""]",[1.9],[0.166],[0.2056],2022-01-25T00:00:00Z,2023-01-25T00:00:00Z,2023-11-29T00:00:00Z,C 1 2 1,2,2,1,2,Effects of breast fibroepithelial tumor associated retinoic acid receptor alpha ligand binding domain mutations on receptor function and retinoid signaling,,,True,False
7XQE,Crystal Structure of human RORgamma (C455E) LBD in complex with compound XY039,experimental,"[""X-RAY DIFFRACTION""]",[2.57],[0.2268],[0.2769],2022-05-07T00:00:00Z,2023-05-31T00:00:00Z,2024-06-12T00:00:00Z,I 41 2 2,1,1,3,2,"Discovery and pharmacological characterization of 1,2,3,4-tetrahydroquinoline derivatives as ROR gamma inverse agonists against prostate cancer.",10.1038/s41401-024-01274-z,2024.0,True,False
7XV6,Crystal structure of the Human TR4 DNA-Binding Domain with C-terminal extension (DBD-CTE) Homodimer Bound to DR1 Response Element,experimental,"[""X-RAY DIFFRACTION""]",[2.3],[0.188],[0.215],2022-05-21T00:00:00Z,2022-12-28T00:00:00Z,2023-11-29T00:00:00Z,P 43 21 2,3,1,1,4,Structures of human TR4LBD-JAZF1 and TR4DBD-DNA complexes reveal the molecular basis of transcriptional regulation.,10.1093/nar/gkac1259,2023.0,True,False
7XV8,Crystal structure of the Human TR4 DNA-Binding Domain Homodimer Bound to DR1 Response Element,experimental,"[""X-RAY DIFFRACTION""]",[3.199],[0.213],[0.2493],2022-05-21T00:00:00Z,2022-12-28T00:00:00Z,2023-11-29T00:00:00Z,P 43 21 2,3,1,1,4,Structures of human TR4LBD-JAZF1 and TR4DBD-DNA complexes reveal the molecular basis of transcriptional regulation.,10.1093/nar/gkac1259,2023.0,True,False
7XV9,Crystal structure of the Human TR4 DNA-Binding Domain,experimental,"[""X-RAY DIFFRACTION""]",[1.599],[0.1764],[0.1805],2022-05-21T00:00:00Z,2022-12-28T00:00:00Z,2023-11-29T00:00:00Z,P 41,1,1,1,2,Structures of human TR4LBD-JAZF1 and TR4DBD-DNA complexes reveal the molecular basis of transcriptional regulation.,10.1093/nar/gkac1259,2023.0,True,False
7XVA,Crystal structure of the Human TR4 Ligand Binding Domain in complex with the JAZF1 corepressor fragment,experimental,"[""X-RAY DIFFRACTION""]",[1.856],[0.1965],[0.2187],2022-05-21T00:00:00Z,2022-12-28T00:00:00Z,2023-11-29T00:00:00Z,P 43 2 2,2,2,0,2,Structures of human TR4LBD-JAZF1 and TR4DBD-DNA complexes reveal the molecular basis of transcriptional regulation.,10.1093/nar/gkac1259,2023.0,True,False
7XVY,Human Estrogen Receptor beta Ligand-binding Domain in Complex with S-DPN,experimental,"[""X-RAY DIFFRACTION""]",[1.544],[0.2063],[0.2375],2022-05-25T00:00:00Z,2022-07-20T00:00:00Z,2023-11-29T00:00:00Z,P 21 21 21,2,2,1,4,Evaluating the correlation of binding affinities between isothermal titration calorimetry and fragment molecular orbital method of estrogen receptor beta with diarylpropionitrile (DPN) or DPN derivatives.,10.1016/j.jsbmb.2022.106152,2022.0,True,False
7XVZ,Human Estrogen Receptor beta Ligand-binding Domain in Complex with (R)-3-(2-chloro-4-hydroxyphenyl)-2-(4-hydroxyphenyl)propanenitrile,experimental,"[""X-RAY DIFFRACTION""]",[2.08],[0.241],[0.307],2022-05-25T00:00:00Z,2022-07-20T00:00:00Z,2023-11-29T00:00:00Z,P 21 21 21,2,2,1,4,Evaluating the correlation of binding affinities between isothermal titration calorimetry and fragment molecular orbital method of estrogen receptor beta with diarylpropionitrile (DPN) or DPN derivatives.,10.1016/j.jsbmb.2022.106152,2022.0,True,False
7XWP,Human Estrogen Receptor beta Ligand-binding Domain in Complex with (S)-3-(2-chloro-4-hydroxyphenyl)-2-(4-hydroxyphenyl)propanenitrile,experimental,"[""X-RAY DIFFRACTION""]",[1.919],[0.2143],[0.2551],2022-05-27T00:00:00Z,2022-07-20T00:00:00Z,2023-11-29T00:00:00Z,P 21 21 21,2,2,1,4,Evaluating the correlation of binding affinities between isothermal titration calorimetry and fragment molecular orbital method of estrogen receptor beta with diarylpropionitrile (DPN) or DPN derivatives.,10.1016/j.jsbmb.2022.106152,2022.0,True,False
7XWQ,Human Estrogen Receptor beta Ligand-binding Domain in Complex with (R)-2-(2-chloro-4-hydroxyphenyl)-3-(4-hydroxyphenyl)propanenitrile,experimental,"[""X-RAY DIFFRACTION""]",[1.89],[0.197],[0.2393],2022-05-27T00:00:00Z,2022-07-20T00:00:00Z,2023-11-29T00:00:00Z,P 21 21 21,2,2,1,4,Evaluating the correlation of binding affinities between isothermal titration calorimetry and fragment molecular orbital method of estrogen receptor beta with diarylpropionitrile (DPN) or DPN derivatives.,10.1016/j.jsbmb.2022.106152,2022.0,True,False
7XWR,Human Estrogen Receptor beta Ligand-binding Domain in Complex with (S)-2-(2-chloro-4-hydroxyphenyl)-3-(4-hydroxyphenyl)propanenitrile,experimental,"[""X-RAY DIFFRACTION""]",[2.164],[0.2614],[0.3178],2022-05-27T00:00:00Z,2022-07-20T00:00:00Z,2023-11-29T00:00:00Z,P 21 21 21,2,2,1,4,Evaluating the correlation of binding affinities between isothermal titration calorimetry and fragment molecular orbital method of estrogen receptor beta with diarylpropionitrile (DPN) or DPN derivatives.,10.1016/j.jsbmb.2022.106152,2022.0,True,False
7Y8F,Estrogen Receptor Alpha Ligand Binding Domain Y537S Mutant in Complex with an Inhibitor 30o and GRIP Peptide,experimental,"[""X-RAY DIFFRACTION""]",[2.22],[0.1882],[0.2514],2022-06-23T00:00:00Z,2023-04-26T00:00:00Z,2023-11-29T00:00:00Z,C 2 2 21,2,2,3,4,Structure-guided identification of novel dual-targeting estrogen receptor alpha degraders with aromatase inhibitory activity for the treatment of endocrine-resistant breast cancer.,10.1016/j.ejmech.2023.115328,2023.0,True,False
7Y8G,Estrogen Receptor Alpha Ligand Binding Domain Y537S Mutant in Complex with an Inhibitor 30a and GRIP Peptide,experimental,"[""X-RAY DIFFRACTION""]",[2.14],[0.1851],[0.248],2022-06-23T00:00:00Z,2023-04-26T00:00:00Z,2023-11-29T00:00:00Z,C 2 2 21,2,2,2,4,Structure-guided identification of novel dual-targeting estrogen receptor alpha degraders with aromatase inhibitory activity for the treatment of endocrine-resistant breast cancer.,10.1016/j.ejmech.2023.115328,2023.0,True,False
7YFK,"The structure of human pregnane X receptor in complex with an SRC-1 coactivator peptide and a limonoid compound, nomilin",experimental,"[""X-RAY DIFFRACTION""]",[2.1],[0.194],[],2022-07-08T00:00:00Z,2023-06-14T00:00:00Z,2023-11-29T00:00:00Z,P 21 21 21,1,1,1,2,Pregnane X receptor agonist nomilin extends lifespan and healthspan in preclinical models through detoxification functions.,10.1038/s41467-023-39118-9,2023.0,True,False
7YMK,Estrogen Receptor Alpha Ligand Binding Domain C381S C417S Y537S Mutant in Complex with an Covalent Selective Estrogen Receptor Degrader 29c and GRIP Peptide,experimental,"[""X-RAY DIFFRACTION""]",[2.25],[0.1942],[0.2531],2022-07-28T00:00:00Z,2023-05-31T00:00:00Z,2023-12-20T00:00:00Z,C 2 2 21,2,2,3,4,Discovery of novel covalent selective estrogen receptor degraders against endocrine-resistant breast cancer.,10.1016/j.apsb.2023.05.005,2023.0,True,False
7YXC,Crystal structure of WT AncGR2-LBD bound to dexamethasone and SHP coregulator fragment,experimental,"[""X-RAY DIFFRACTION""]",[2.25],[0.1929],[0.2452],2022-02-15T00:00:00Z,2022-12-07T00:00:00Z,2024-01-31T00:00:00Z,C 1 2 1,2,2,3,2,The multivalency of the glucocorticoid receptor ligand-binding domain explains its manifold physiological activities.,10.1093/nar/gkac1119,2022.0,True,False
7YXD,Crystal structure of WT AncGR2-LBD bound to dexamethasone and SHP coregulator fragment,experimental,"[""X-RAY DIFFRACTION""]",[2.3],[0.1773],[0.221],2022-02-15T00:00:00Z,2022-12-07T00:00:00Z,2024-01-31T00:00:00Z,P 31,2,2,2,8,The multivalency of the glucocorticoid receptor ligand-binding domain explains its manifold physiological activities.,10.1093/nar/gkac1119,2022.0,True,False
7YXN,Crystal structure of WT AncGR2-LBD bound to dexamethasone and SHP coregulator fragment,experimental,"[""X-RAY DIFFRACTION""]",[2.46],[0.2162],[0.247],2022-02-16T00:00:00Z,2022-12-07T00:00:00Z,2024-01-31T00:00:00Z,P 61,2,2,2,4,The multivalency of the glucocorticoid receptor ligand-binding domain explains its manifold physiological activities.,10.1093/nar/gkac1119,2022.0,True,False
7YXO,Crystal structure of WT AncGR2-LBD bound to dexamethasone and SHP coregulator fragment,experimental,"[""X-RAY DIFFRACTION""]",[2.99],[0.2417],[0.2801],2022-02-16T00:00:00Z,2022-12-07T00:00:00Z,2024-01-31T00:00:00Z,I 41 2 2,2,2,3,6,The multivalency of the glucocorticoid receptor ligand-binding domain explains its manifold physiological activities.,10.1093/nar/gkac1119,2022.0,True,False
7YXP,Crystal structure of WT AncGR2-LBD WT bound to dexamethasone and SHP coregulator fragment,experimental,"[""X-RAY DIFFRACTION""]",[3.36],[0.1994],[0.2882],2022-02-16T00:00:00Z,2022-12-07T00:00:00Z,2024-01-31T00:00:00Z,I 41 3 2,2,2,2,2,The multivalency of the glucocorticoid receptor ligand-binding domain explains its manifold physiological activities.,10.1093/nar/gkac1119,2022.0,True,False
7YXR,Crystal structure of mutant AncGR2-LBD (Y545A) bound to dexamethasone and SHP coregulator fragment,experimental,"[""X-RAY DIFFRACTION""]",[2.5],[0.1872],[0.2239],2022-02-16T00:00:00Z,2022-12-07T00:00:00Z,2024-01-31T00:00:00Z,P 61,2,2,2,4,The multivalency of the glucocorticoid receptor ligand-binding domain explains its manifold physiological activities.,10.1093/nar/gkac1119,2022.0,True,False
7ZTX,Crystal structure of mutant AR-LBD (F755V) bound to dihydrotestosterone,experimental,"[""X-RAY DIFFRACTION""]",[1.89],[0.2001],[0.2507],2022-05-11T00:00:00Z,2023-03-22T00:00:00Z,2024-02-07T00:00:00Z,P 21 21 21,1,1,3,1,A hotspot for posttranslational modifications on the androgen receptor dimer interface drives pathology and anti-androgen resistance.,10.1126/sciadv.ade2175,2023.0,True,False
7ZTZ,Crystal structure of mutant AR-LBD (Y764C) bound to dihydrotestosterone,experimental,"[""X-RAY DIFFRACTION""]",[1.4],[0.1935],[0.2196],2022-05-11T00:00:00Z,2023-03-22T00:00:00Z,2024-02-07T00:00:00Z,P 21 21 21,1,1,3,1,A hotspot for posttranslational modifications on the androgen receptor dimer interface drives pathology and anti-androgen resistance.,10.1126/sciadv.ade2175,2023.0,True,False
7ZU1,Crystal structure of mutant AR-LBD (V758A) bound to dihydrotestosterone,experimental,"[""X-RAY DIFFRACTION""]",[1.68],[0.2125],[0.2545],2022-05-11T00:00:00Z,2023-03-22T00:00:00Z,2024-02-07T00:00:00Z,P 21 21 21,1,1,6,1,A hotspot for posttranslational modifications on the androgen receptor dimer interface drives pathology and anti-androgen resistance.,10.1126/sciadv.ade2175,2023.0,True,False
7ZU2,Crystal structure of mutant AR-LBD (Q799E) bound to dihydrotestosterone,experimental,"[""X-RAY DIFFRACTION""]",[1.74],[0.1828],[0.2186],2022-05-11T00:00:00Z,2023-03-22T00:00:00Z,2024-02-07T00:00:00Z,P 21 21 21,1,1,2,1,A hotspot for posttranslational modifications on the androgen receptor dimer interface drives pathology and anti-androgen resistance.,10.1126/sciadv.ade2175,2023.0,True,False
8A9G,Binary complex of 14-3-3 zeta Glucocorticoid Receptor (GR) pT524 peptide stabilised by (R)-para chloropyrrolidone1,experimental,"[""X-RAY DIFFRACTION""]",[1.961],[0.25],[0.2612],2022-06-28T00:00:00Z,2022-12-28T00:00:00Z,2024-11-13T00:00:00Z,P 2 21 21,2,2,3,4,Designing Selective Drug-like Molecular Glues for the Glucocorticoid Receptor/14-3-3 Protein-Protein Interaction.,10.1021/acs.jmedchem.2c01635,2022.0,True,False
8ADF,X-ray crystal structure of PPAR gamma ligand binding domain in complex with CZ39,experimental,"[""X-RAY DIFFRACTION""]",[2.13],[0.2165],[0.2569],2022-07-08T00:00:00Z,2023-04-26T00:00:00Z,2024-02-07T00:00:00Z,C 1 2 1,1,1,1,2,Biological Screening and Crystallographic Studies of Hydroxy gamma-Lactone Derivatives to Investigate PPAR gamma Phosphorylation Inhibition.,10.3390/biom13040694,2023.0,True,False
8AFN,Small molecule stabilizer (compound 1) for ERalpha and 14-3-3,experimental,"[""X-RAY DIFFRACTION""]",[1.36],[0.1732],[0.1848],2022-07-18T00:00:00Z,2023-04-26T00:00:00Z,2024-10-23T00:00:00Z,C 2 2 21,2,2,2,2,A Systematic Approach to the Discovery of Protein-Protein Interaction Stabilizers.,10.1021/acscentsci.2c01449,2023.0,True,False
8AI0,Small molecular stabilizer for ERalpha and 14-3-3sigma (1080268),experimental,"[""X-RAY DIFFRACTION""]",[1.6],[0.1534],[0.1767],2022-07-25T00:00:00Z,2023-09-20T00:00:00Z,2026-03-04T00:00:00Z,C 2 2 21,2,2,2,2,"Structure-Based Optimization of Covalent, Small-Molecule Stabilizers of the 14-3-3 sigma /ER alpha Protein-Protein Interaction from Nonselective Fragments.",10.1021/jacs.3c05161,2023.0,True,False
8ALR,Small molecular stabilizer for ERalpha and 14-3-3 (1080272),experimental,"[""X-RAY DIFFRACTION""]",[1.4],[0.14753],[0.17062],2022-08-01T00:00:00Z,2023-09-20T00:00:00Z,2026-03-04T00:00:00Z,C 2 2 21,2,2,2,2,"Structure-Based Optimization of Covalent, Small-Molecule Stabilizers of the 14-3-3 sigma /ER alpha Protein-Protein Interaction from Nonselective Fragments.",10.1021/jacs.3c05161,2023.0,True,False
8ALT,Small molecular stabilizer for ERalpha and 14-3-3 (1075311),experimental,"[""X-RAY DIFFRACTION""]",[1.4],[0.13311],[0.15837],2022-08-01T00:00:00Z,2023-09-20T00:00:00Z,2026-03-04T00:00:00Z,C 2 2 21,2,2,2,2,"Structure-Based Optimization of Covalent, Small-Molecule Stabilizers of the 14-3-3 sigma /ER alpha Protein-Protein Interaction from Nonselective Fragments.",10.1021/jacs.3c05161,2023.0,True,False
8ALV,Small molecular stabilizer for ERalpha and 14-3-3 (1076403),experimental,"[""X-RAY DIFFRACTION""]",[1.6],[0.1541],[0.1846],2022-08-01T00:00:00Z,2023-09-20T00:00:00Z,2026-03-04T00:00:00Z,C 2 2 21,2,2,2,2,"Structure-Based Optimization of Covalent, Small-Molecule Stabilizers of the 14-3-3 sigma /ER alpha Protein-Protein Interaction from Nonselective Fragments.",10.1021/jacs.3c05161,2023.0,True,False
8ALW,Small molecular stabilizer for ERalpha and 14-3-3 (1075310),experimental,"[""X-RAY DIFFRACTION""]",[1.5],[0.13722],[0.16829],2022-08-01T00:00:00Z,2023-09-20T00:00:00Z,2026-03-04T00:00:00Z,C 2 2 21,2,2,2,2,"Structure-Based Optimization of Covalent, Small-Molecule Stabilizers of the 14-3-3 sigma /ER alpha Protein-Protein Interaction from Nonselective Fragments.",10.1021/jacs.3c05161,2023.0,True,False
8AM7,Small molecular stabilizer for ERalpha and 14-3-3 (1076397),experimental,"[""X-RAY DIFFRACTION""]",[1.5],[0.13658],[0.16341],2022-08-02T00:00:00Z,2023-09-20T00:00:00Z,2026-03-04T00:00:00Z,C 2 2 21,2,2,2,2,"Structure-Based Optimization of Covalent, Small-Molecule Stabilizers of the 14-3-3 sigma /ER alpha Protein-Protein Interaction from Nonselective Fragments.",10.1021/jacs.3c05161,2023.0,True,False
8ANF,Small molecule stabilizer for ERalpha and 14-3-3 (1074359),experimental,"[""X-RAY DIFFRACTION""]",[1.4],[0.13616],[0.16201],2022-08-05T00:00:00Z,2023-09-20T00:00:00Z,2026-03-04T00:00:00Z,C 2 2 21,2,2,2,2,"Structure-Based Optimization of Covalent, Small-Molecule Stabilizers of the 14-3-3 sigma /ER alpha Protein-Protein Interaction from Nonselective Fragments.",10.1021/jacs.3c05161,2023.0,True,False
8AOY,Small molecule stabilizer for ERalpha and 14-3-3 (1075478),experimental,"[""X-RAY DIFFRACTION""]",[1.4],[0.12555],[0.1529],2022-08-09T00:00:00Z,2023-09-20T00:00:00Z,2026-03-04T00:00:00Z,C 2 2 21,2,2,2,2,"Structure-Based Optimization of Covalent, Small-Molecule Stabilizers of the 14-3-3 sigma /ER alpha Protein-Protein Interaction from Nonselective Fragments.",10.1021/jacs.3c05161,2023.0,True,False
8APS,Small molecular stabilizer for ERalpha and 14-3-3 (1083744),experimental,"[""X-RAY DIFFRACTION""]",[1.2],[0.1332],[0.1514],2022-08-10T00:00:00Z,2023-09-20T00:00:00Z,2026-03-04T00:00:00Z,C 2 2 21,2,2,2,2,"Structure-Based Optimization of Covalent, Small-Molecule Stabilizers of the 14-3-3 sigma /ER alpha Protein-Protein Interaction from Nonselective Fragments.",10.1021/jacs.3c05161,2023.0,True,False
8AQ1,small molecule stabilizer for ERalpha and 14-3-3 (1083743),experimental,"[""X-RAY DIFFRACTION""]",[1.4],[0.16082],[0.18083],2022-08-11T00:00:00Z,2023-09-20T00:00:00Z,2026-03-04T00:00:00Z,C 2 2 21,2,2,2,2,"Structure-Based Optimization of Covalent, Small-Molecule Stabilizers of the 14-3-3 sigma /ER alpha Protein-Protein Interaction from Nonselective Fragments.",10.1021/jacs.3c05161,2023.0,True,False
8AQC,Small molecular stabilizer for ERalpha and 14-3-3 (1080294),experimental,"[""X-RAY DIFFRACTION""]",[1.5],[0.14564],[0.17195],2022-08-12T00:00:00Z,2023-09-20T00:00:00Z,2026-03-04T00:00:00Z,C 2 2 21,2,2,2,2,"Structure-Based Optimization of Covalent, Small-Molecule Stabilizers of the 14-3-3 sigma /ER alpha Protein-Protein Interaction from Nonselective Fragments.",10.1021/jacs.3c05161,2023.0,True,False
8AQE,Small molecular stabilizer for ERalpha and 14-3-3 (1080295),experimental,"[""X-RAY DIFFRACTION""]",[1.6],[0.19788],[0.24032],2022-08-12T00:00:00Z,2023-09-20T00:00:00Z,2026-03-04T00:00:00Z,C 2 2 21,2,2,2,2,"Structure-Based Optimization of Covalent, Small-Molecule Stabilizers of the 14-3-3 sigma /ER alpha Protein-Protein Interaction from Nonselective Fragments.",10.1021/jacs.3c05161,2023.0,True,False
8AQM,Crystal structure of PPARG and NCOR2 with an inverse agonist (compound 6a),experimental,"[""X-RAY DIFFRACTION""]",[2.3],[0.1919],[0.2512],2022-08-12T00:00:00Z,2022-11-09T00:00:00Z,2024-10-23T00:00:00Z,P 21 21 21,2,2,1,4,Discovery and Structure-Based Design of Potent Covalent PPAR gamma Inverse-Agonists BAY-4931 and BAY-0069 .,10.1021/acs.jmedchem.2c01379,2022.0,True,False
8AQN,"Crystal structure of PPARG and NCOR2 with BAY-4931, an inverse agonist (compound 6c)",experimental,"[""X-RAY DIFFRACTION""]",[1.9],[0.1763],[0.2177],2022-08-12T00:00:00Z,2022-11-09T00:00:00Z,2024-10-23T00:00:00Z,P 21 21 21,2,2,3,4,Discovery and Structure-Based Design of Potent Covalent PPAR gamma Inverse-Agonists BAY-4931 and BAY-0069 .,10.1021/acs.jmedchem.2c01379,2022.0,True,False
8AQZ,Small molecular stabilizer for ERalpha and 14-3-3 (1080267),experimental,"[""X-RAY DIFFRACTION""]",[1.4],[0.13505],[0.15954],2022-08-15T00:00:00Z,2023-09-20T00:00:00Z,2026-03-04T00:00:00Z,C 2 2 21,2,2,2,2,"Structure-Based Optimization of Covalent, Small-Molecule Stabilizers of the 14-3-3 sigma /ER alpha Protein-Protein Interaction from Nonselective Fragments.",10.1021/jacs.3c05161,2023.0,True,False
8AR4,Small molecular stabilizer for ERalpha and 14-3-3 (1080300),experimental,"[""X-RAY DIFFRACTION""]",[1.5],[0.19685],[0.21926],2022-08-15T00:00:00Z,2023-09-20T00:00:00Z,2026-03-04T00:00:00Z,C 2 2 21,2,2,2,2,"Structure-Based Optimization of Covalent, Small-Molecule Stabilizers of the 14-3-3 sigma /ER alpha Protein-Protein Interaction from Nonselective Fragments.",10.1021/jacs.3c05161,2023.0,True,False
8AR5,Small molecular stabilizer for ERalpha and 14-3-3 (1080265),experimental,"[""X-RAY DIFFRACTION""]",[1.4],[0.13629],[0.16225],2022-08-15T00:00:00Z,2023-09-20T00:00:00Z,2026-03-04T00:00:00Z,C 2 2 21,2,2,2,2,"Structure-Based Optimization of Covalent, Small-Molecule Stabilizers of the 14-3-3 sigma /ER alpha Protein-Protein Interaction from Nonselective Fragments.",10.1021/jacs.3c05161,2023.0,True,False
8ARG,Small molecular stabilizer for ERalpha and 14-3-3 (1076405),experimental,"[""X-RAY DIFFRACTION""]",[1.5],[0.1294],[0.1634],2022-08-16T00:00:00Z,2023-09-20T00:00:00Z,2026-03-04T00:00:00Z,C 2 2 21,2,2,2,2,"Structure-Based Optimization of Covalent, Small-Molecule Stabilizers of the 14-3-3 sigma /ER alpha Protein-Protein Interaction from Nonselective Fragments.",10.1021/jacs.3c05161,2023.0,True,False
8ARO,Small molecular stabilizer for ERalpha and 14-3-3 (1080291),experimental,"[""X-RAY DIFFRACTION""]",[1.6],[0.17015],[0.2004],2022-08-17T00:00:00Z,2023-09-20T00:00:00Z,2026-03-04T00:00:00Z,C 2 2 21,2,2,2,2,"Structure-Based Optimization of Covalent, Small-Molecule Stabilizers of the 14-3-3 sigma /ER alpha Protein-Protein Interaction from Nonselective Fragments.",10.1021/jacs.3c05161,2023.0,True,False
8ARQ,Small molecular stabilizer for ERalpha and 14-3-3 (1080266),experimental,"[""X-RAY DIFFRACTION""]",[1.4],[0.15307],[0.17486],2022-08-17T00:00:00Z,2023-09-20T00:00:00Z,2026-03-04T00:00:00Z,C 2 2 21,2,2,2,2,"Structure-Based Optimization of Covalent, Small-Molecule Stabilizers of the 14-3-3 sigma /ER alpha Protein-Protein Interaction from Nonselective Fragments.",10.1021/jacs.3c05161,2023.0,True,False
8ARR,Small molecular stabilizer for ERalpha and 14-3-3 (1076394),experimental,"[""X-RAY DIFFRACTION""]",[1.35],[0.17896],[0.19904],2022-08-17T00:00:00Z,2023-09-20T00:00:00Z,2026-03-04T00:00:00Z,C 2 2 21,2,2,2,2,"Structure-Based Optimization of Covalent, Small-Molecule Stabilizers of the 14-3-3 sigma /ER alpha Protein-Protein Interaction from Nonselective Fragments.",10.1021/jacs.3c05161,2023.0,True,False
8ARW,Small molecular stabilizer for ERalpha and 14-3-3 (1076402),experimental,"[""X-RAY DIFFRACTION""]",[1.5],[0.14295],[0.17888],2022-08-17T00:00:00Z,2023-09-20T00:00:00Z,2026-03-04T00:00:00Z,C 2 2 21,2,2,2,2,"Structure-Based Optimization of Covalent, Small-Molecule Stabilizers of the 14-3-3 sigma /ER alpha Protein-Protein Interaction from Nonselective Fragments.",10.1021/jacs.3c05161,2023.0,True,False
8ARX,Small molecular stabilizer for ERalpha and 14-3-3sigma (1074378),experimental,"[""X-RAY DIFFRACTION""]",[1.4],[0.13728],[0.16535],2022-08-17T00:00:00Z,2023-09-20T00:00:00Z,2026-03-04T00:00:00Z,C 2 2 21,2,2,2,2,"Structure-Based Optimization of Covalent, Small-Molecule Stabilizers of the 14-3-3 sigma /ER alpha Protein-Protein Interaction from Nonselective Fragments.",10.1021/jacs.3c05161,2023.0,True,False
8ARY,Small molecular stabilizer for ERalpha and 14-3-3 (1080273),experimental,"[""X-RAY DIFFRACTION""]",[1.45],[0.13648],[0.16525],2022-08-17T00:00:00Z,2023-09-20T00:00:00Z,2026-03-04T00:00:00Z,C 2 2 21,2,2,2,2,"Structure-Based Optimization of Covalent, Small-Molecule Stabilizers of the 14-3-3 sigma /ER alpha Protein-Protein Interaction from Nonselective Fragments.",10.1021/jacs.3c05161,2023.0,True,False
8ARZ,Small molecule stabilizer for ERalpha and 14-3-3 (1076406),experimental,"[""X-RAY DIFFRACTION""]",[1.5],[0.13754],[0.1695],2022-08-17T00:00:00Z,2023-09-20T00:00:00Z,2026-03-04T00:00:00Z,C 2 2 21,2,2,2,2,"Structure-Based Optimization of Covalent, Small-Molecule Stabilizers of the 14-3-3 sigma /ER alpha Protein-Protein Interaction from Nonselective Fragments.",10.1021/jacs.3c05161,2023.0,True,False
8AS1,Small molecular stabilizer for ERalpha and 14-3-3 (1076398),experimental,"[""X-RAY DIFFRACTION""]",[1.5],[0.17183],[0.19176],2022-08-17T00:00:00Z,2023-09-20T00:00:00Z,2026-03-04T00:00:00Z,C 2 2 21,2,2,2,2,"Structure-Based Optimization of Covalent, Small-Molecule Stabilizers of the 14-3-3 sigma /ER alpha Protein-Protein Interaction from Nonselective Fragments.",10.1021/jacs.3c05161,2023.0,True,False
8AT9,Small molecule stabilizer for ERalpha and 14-3-3 (1080269),experimental,"[""X-RAY DIFFRACTION""]",[1.4],[0.14791],[0.17846],2022-08-22T00:00:00Z,2023-09-20T00:00:00Z,2026-03-04T00:00:00Z,C 2 2 21,2,2,2,2,"Structure-Based Optimization of Covalent, Small-Molecule Stabilizers of the 14-3-3 sigma /ER alpha Protein-Protein Interaction from Nonselective Fragments.",10.1021/jacs.3c05161,2023.0,True,False
8ATP,Small molecule stabilizer (1075481) for ERalpha and 14-3-3,experimental,"[""X-RAY DIFFRACTION""]",[1.4],[0.12781],[0.15548],2022-08-23T00:00:00Z,2023-09-20T00:00:00Z,2026-03-04T00:00:00Z,C 2 2 21,2,2,2,2,"Structure-Based Optimization of Covalent, Small-Molecule Stabilizers of the 14-3-3 sigma /ER alpha Protein-Protein Interaction from Nonselective Fragments.",10.1021/jacs.3c05161,2023.0,True,False
8ATY,Crystal structure of PPAR gamma (PPARG) in complex with JP85 (compound 1).,experimental,"[""X-RAY DIFFRACTION""]",[1.9],[0.1755],[0.201],2022-08-24T00:00:00Z,2023-07-12T00:00:00Z,2024-02-07T00:00:00Z,P 43 21 2,1,1,2,1,Targeting the Alternative Vitamin E Metabolite Binding Site Enables Noncanonical PPAR gamma Modulation.,10.1021/jacs.3c03417,2023.0,True,False
8ATZ,Crystal structure of PPAR gamma (PPARG) in complex with SA112 (compound 2).,experimental,"[""X-RAY DIFFRACTION""]",[1.95],[0.1968],[0.2448],2022-08-24T00:00:00Z,2023-07-12T00:00:00Z,2024-02-07T00:00:00Z,P 43 21 2,1,1,2,1,Targeting the Alternative Vitamin E Metabolite Binding Site Enables Noncanonical PPAR gamma Modulation.,10.1021/jacs.3c03417,2023.0,True,False
8AU2,Small molecular stabilizer for ERalpha and 14-3-3 (1080293),experimental,"[""X-RAY DIFFRACTION""]",[1.6],[0.17332],[0.20249],2022-08-25T00:00:00Z,2023-09-20T00:00:00Z,2026-03-04T00:00:00Z,C 2 2 21,2,2,2,2,"Structure-Based Optimization of Covalent, Small-Molecule Stabilizers of the 14-3-3 sigma /ER alpha Protein-Protein Interaction from Nonselective Fragments.",10.1021/jacs.3c05161,2023.0,True,False
8AUS,Small molecular stabilizer for ERalpha and 14-3-3 (1080297),experimental,"[""X-RAY DIFFRACTION""]",[1.4],[0.19378],[0.21601],2022-08-25T00:00:00Z,2023-09-20T00:00:00Z,2026-03-04T00:00:00Z,C 2 2 21,2,2,2,2,"Structure-Based Optimization of Covalent, Small-Molecule Stabilizers of the 14-3-3 sigma /ER alpha Protein-Protein Interaction from Nonselective Fragments.",10.1021/jacs.3c05161,2023.0,True,False
8AUY,Small molecule stabilizer for ERalpha and 14-3-3 (1080298),experimental,"[""X-RAY DIFFRACTION""]",[1.5],[0.19684],[0.22674],2022-08-26T00:00:00Z,2023-09-20T00:00:00Z,2026-03-04T00:00:00Z,C 2 2 21,2,2,2,2,"Structure-Based Optimization of Covalent, Small-Molecule Stabilizers of the 14-3-3 sigma /ER alpha Protein-Protein Interaction from Nonselective Fragments.",10.1021/jacs.3c05161,2023.0,True,False
8AV3,Small molecular stabilizer for ERalpha and 14-3-3 (1075299),experimental,"[""X-RAY DIFFRACTION""]",[1.8],[0.16349],[0.19491],2022-08-26T00:00:00Z,2023-09-20T00:00:00Z,2026-03-04T00:00:00Z,C 2 2 21,2,2,2,2,"Structure-Based Optimization of Covalent, Small-Molecule Stabilizers of the 14-3-3 sigma /ER alpha Protein-Protein Interaction from Nonselective Fragments.",10.1021/jacs.3c05161,2023.0,True,False
8AV4,Small molecular stabilizer for ERalpha and 14-3-3 (1075305),experimental,"[""X-RAY DIFFRACTION""]",[1.6],[0.17029],[0.1989],2022-08-26T00:00:00Z,2023-09-20T00:00:00Z,2026-03-04T00:00:00Z,C 2 2 21,2,2,2,2,"Structure-Based Optimization of Covalent, Small-Molecule Stabilizers of the 14-3-3 sigma /ER alpha Protein-Protein Interaction from Nonselective Fragments.",10.1021/jacs.3c05161,2023.0,True,False
8AV7,Small molecular stabilizer for ERalpha and 14-3-3 (1074202 - non covalent),experimental,"[""X-RAY DIFFRACTION""]",[1.4],[0.14861],[0.17073],2022-08-26T00:00:00Z,2023-09-20T00:00:00Z,2026-03-04T00:00:00Z,C 2 2 21,2,2,2,2,"Structure-Based Optimization of Covalent, Small-Molecule Stabilizers of the 14-3-3 sigma /ER alpha Protein-Protein Interaction from Nonselective Fragments.",10.1021/jacs.3c05161,2023.0,True,False
8AV8,Small molecular stabilizer for ERalpha and 14-3-3 (1075300),experimental,"[""X-RAY DIFFRACTION""]",[1.8],[0.21008],[0.24787],2022-08-26T00:00:00Z,2023-09-06T00:00:00Z,2026-03-04T00:00:00Z,C 2 2 21,2,2,2,2,"Structure-Based Optimization of Covalent, Small-Molecule Stabilizers of the 14-3-3 sigma /ER alpha Protein-Protein Interaction from Nonselective Fragments.",10.1021/jacs.3c05161,2023.0,True,False
8AWG,small molecule stabilizer for ERalpha and 14-3-3 (1074202),experimental,"[""X-RAY DIFFRACTION""]",[1.8],[0.16349],[0.18504],2022-08-29T00:00:00Z,2023-09-20T00:00:00Z,2026-03-04T00:00:00Z,C 2 2 21,2,2,2,2,"Structure-Based Optimization of Covalent, Small-Molecule Stabilizers of the 14-3-3 sigma /ER alpha Protein-Protein Interaction from Nonselective Fragments.",10.1021/jacs.3c05161,2023.0,True,False
8AXE,Small molecule stabilizer for ERalpha and 14-3-3 (1074210),experimental,"[""X-RAY DIFFRACTION""]",[1.8],[0.18789],[0.217],2022-08-31T00:00:00Z,2023-09-20T00:00:00Z,2026-03-04T00:00:00Z,C 2 2 21,2,2,2,2,"Structure-Based Optimization of Covalent, Small-Molecule Stabilizers of the 14-3-3 sigma /ER alpha Protein-Protein Interaction from Nonselective Fragments.",10.1021/jacs.3c05161,2023.0,True,False
8AXU,Small molecule stabilizer for ERalpha and 14-3-3 (1075297),experimental,"[""X-RAY DIFFRACTION""]",[1.6],[0.13794],[0.1695],2022-09-01T00:00:00Z,2023-09-20T00:00:00Z,2026-03-04T00:00:00Z,C 2 2 21,2,2,2,2,"Structure-Based Optimization of Covalent, Small-Molecule Stabilizers of the 14-3-3 sigma /ER alpha Protein-Protein Interaction from Nonselective Fragments.",10.1021/jacs.3c05161,2023.0,True,False
8AZE,Small molecule stabilizer for ERalpha and 14-3-3 (1075306),experimental,"[""X-RAY DIFFRACTION""]",[1.6],[0.16706],[0.2013],2022-09-06T00:00:00Z,2023-09-20T00:00:00Z,2026-03-04T00:00:00Z,C 2 2 21,2,2,2,2,"Structure-Based Optimization of Covalent, Small-Molecule Stabilizers of the 14-3-3 sigma /ER alpha Protein-Protein Interaction from Nonselective Fragments.",10.1021/jacs.3c05161,2023.0,True,False
8B39,Small molecular stabilizer for ERalpha and 14-3-3 (1080299),experimental,"[""X-RAY DIFFRACTION""]",[1.4],[0.13165],[0.16039],2022-09-16T00:00:00Z,2023-09-20T00:00:00Z,2026-03-04T00:00:00Z,C 2 2 21,2,2,2,2,"Structure-Based Optimization of Covalent, Small-Molecule Stabilizers of the 14-3-3 sigma /ER alpha Protein-Protein Interaction from Nonselective Fragments.",10.1021/jacs.3c05161,2023.0,True,False
8B4Q,"Ternary structure of 14-3-3s, ERRg phosphopeptide and dual-reactive compound 5",experimental,"[""X-RAY DIFFRACTION""]",[1.4],[0.1656],[0.175],2022-09-20T00:00:00Z,2023-03-29T00:00:00Z,2024-10-16T00:00:00Z,C 2 2 21,2,2,3,2,Reversible Dual-Covalent Molecular Locking of the 14-3-3/ERR gamma Protein-Protein Interaction as a Molecular Glue Drug Discovery Approach.,10.1021/jacs.2c12781,2023.0,True,False
8B8W,Crystal structure of PPARG and NCOR2 with an inverse agonist (compound 7a),experimental,"[""X-RAY DIFFRACTION""]",[1.86],[0.2189],[0.2754],2022-10-05T00:00:00Z,2022-12-28T00:00:00Z,2024-11-06T00:00:00Z,P 21 21 21,2,2,2,4,Discovery and characterization of orally bioavailable 4-chloro-6-fluoroisophthalamides as covalent PPARG inverse-agonists.,10.1016/j.bmc.2022.117130,2022.0,True,False
8B8X,"Crystal structure of PPARG and NCOR2 with SR10221, an inverse agonist",experimental,"[""X-RAY DIFFRACTION""]",[1.78],[0.1741],[0.2162],2022-10-05T00:00:00Z,2022-12-28T00:00:00Z,2024-05-01T00:00:00Z,P 21 21 21,2,2,1,4,Discovery and characterization of orally bioavailable 4-chloro-6-fluoroisophthalamides as covalent PPARG inverse-agonists.,10.1016/j.bmc.2022.117130,2022.0,True,False
8B8Y,Crystal structure of PPARG and NCOR2 with an inverse agonist (compound 7e),experimental,"[""X-RAY DIFFRACTION""]",[2.0],[0.1934],[0.2419],2022-10-05T00:00:00Z,2022-12-28T00:00:00Z,2024-11-06T00:00:00Z,P 21 21 21,2,2,1,4,Discovery and characterization of orally bioavailable 4-chloro-6-fluoroisophthalamides as covalent PPARG inverse-agonists.,10.1016/j.bmc.2022.117130,2022.0,True,False
8B8Z,Crystal structure of mutant PPARG (C313A) and NCOR2 with an inverse agonist (compound 7e),experimental,"[""X-RAY DIFFRACTION""]",[2.22],[0.1958],[0.2478],2022-10-05T00:00:00Z,2022-12-28T00:00:00Z,2024-05-01T00:00:00Z,P 21 21 21,2,2,1,4,Discovery and characterization of orally bioavailable 4-chloro-6-fluoroisophthalamides as covalent PPARG inverse-agonists.,10.1016/j.bmc.2022.117130,2022.0,True,False
8B90,Crystal structure of PPARG and NCOR2 with an inverse agonist (compound 7d),experimental,"[""X-RAY DIFFRACTION""]",[2.1],[0.2088],[0.2742],2022-10-05T00:00:00Z,2022-12-28T00:00:00Z,2024-05-01T00:00:00Z,P 21 21 21,2,2,1,4,Discovery and characterization of orally bioavailable 4-chloro-6-fluoroisophthalamides as covalent PPARG inverse-agonists.,10.1016/j.bmc.2022.117130,2022.0,True,False
8B91,Crystal structure of mutant PPARG (C313A) and NCOR2 with an inverse agonist (compound SI-1),experimental,"[""X-RAY DIFFRACTION""]",[2.23],[0.2017],[0.2277],2022-10-05T00:00:00Z,2022-12-28T00:00:00Z,2024-05-01T00:00:00Z,P 21 21 21,2,2,1,4,Discovery and characterization of orally bioavailable 4-chloro-6-fluoroisophthalamides as covalent PPARG inverse-agonists.,10.1016/j.bmc.2022.117130,2022.0,True,False
8B92,Crystal structure of PPARG and NCOR2 with an inverse agonist (compound SI-2),experimental,"[""X-RAY DIFFRACTION""]",[1.66],[0.1953],[0.2274],2022-10-05T00:00:00Z,2022-12-28T00:00:00Z,2024-11-20T00:00:00Z,P 21 21 21,2,2,2,4,Discovery and characterization of orally bioavailable 4-chloro-6-fluoroisophthalamides as covalent PPARG inverse-agonists.,10.1016/j.bmc.2022.117130,2022.0,True,False
8B93,Crystal structure of PPARG and NCOR2 with an inverse agonist (compound 15b),experimental,"[""X-RAY DIFFRACTION""]",[2.21],[0.2734],[0.3857],2022-10-05T00:00:00Z,2022-12-28T00:00:00Z,2024-11-06T00:00:00Z,P 21 21 21,2,2,1,4,Discovery and characterization of orally bioavailable 4-chloro-6-fluoroisophthalamides as covalent PPARG inverse-agonists.,10.1016/j.bmc.2022.117130,2022.0,True,False
8B94,"Crystal structure of PPARG and NCOR2 with BAY-5516, an inverse agonist",experimental,"[""X-RAY DIFFRACTION""]",[1.55],[0.2116],[0.2398],2022-10-05T00:00:00Z,2022-12-28T00:00:00Z,2024-10-09T00:00:00Z,P 21 21 21,2,2,1,4,Discovery and characterization of orally bioavailable 4-chloro-6-fluoroisophthalamides as covalent PPARG inverse-agonists.,10.1016/j.bmc.2022.117130,2022.0,True,False
8B95,"Crystal structure of PPARG and NCOR2 with BAY-9683, an inverse agonist",experimental,"[""X-RAY DIFFRACTION""]",[1.72],[0.1962],[0.238],2022-10-05T00:00:00Z,2022-12-28T00:00:00Z,2024-11-13T00:00:00Z,P 21 21 21,2,2,1,4,Discovery and characterization of orally bioavailable 4-chloro-6-fluoroisophthalamides as covalent PPARG inverse-agonists.,10.1016/j.bmc.2022.117130,2022.0,True,False
8BF1,High-resolution structure of unliganded PPAR gamma in complex with the peptide PGC-1 alpha,experimental,"[""X-RAY DIFFRACTION""]",[1.36],[0.1677],[0.1811],2022-10-23T00:00:00Z,2023-03-08T00:00:00Z,2024-02-07T00:00:00Z,P 1 21 1,2,2,0,2,Structural basis of the activation of PPAR gamma by the plasticizer metabolites MEHP and MINCH.,10.1016/j.envint.2023.107822,2023.0,True,False
8BF2,Human PPARgamma in complex with MEHP bound to the AF-2 and omega sub-pockets,experimental,"[""X-RAY DIFFRACTION""]",[2.18],[0.2079],[0.2474],2022-10-23T00:00:00Z,2023-03-08T00:00:00Z,2024-02-07T00:00:00Z,C 1 2 1,1,1,1,2,Structural basis of the activation of PPAR gamma by the plasticizer metabolites MEHP and MINCH.,10.1016/j.envint.2023.107822,2023.0,True,False
8BFF,Human PPARgamma in complex with MINCH bound to the AF-2 sub-pocket,experimental,"[""X-RAY DIFFRACTION""]",[2.6],[0.266],[0.2946],2022-10-25T00:00:00Z,2023-03-08T00:00:00Z,2024-02-07T00:00:00Z,P 31,1,1,1,3,Structural basis of the activation of PPAR gamma by the plasticizer metabolites MEHP and MINCH.,10.1016/j.envint.2023.107822,2023.0,True,False
8BJG,"Ternary structure of 14-3-3s, ERRg phosphopeptide and dual-reactive compound 8",experimental,"[""X-RAY DIFFRACTION""]",[1.4],[0.1652],[0.1747],2022-11-04T00:00:00Z,2023-03-29T00:00:00Z,2024-10-16T00:00:00Z,C 2 2 21,2,2,3,2,Reversible Dual-Covalent Molecular Locking of the 14-3-3/ERR gamma Protein-Protein Interaction as a Molecular Glue Drug Discovery Approach.,10.1021/jacs.2c12781,2023.0,True,False
8BJN,"Ternary structure of 14-3-3s, ERRg phosphopeptide and dual-reactive compound 6",experimental,"[""X-RAY DIFFRACTION""]",[1.4],[0.1674],[0.1755],2022-11-04T00:00:00Z,2023-03-29T00:00:00Z,2024-10-16T00:00:00Z,C 2 2 21,2,2,3,2,Reversible Dual-Covalent Molecular Locking of the 14-3-3/ERR gamma Protein-Protein Interaction as a Molecular Glue Drug Discovery Approach.,10.1021/jacs.2c12781,2023.0,True,False
8BM5,"Ternary structure of 14-3-3s, ERRg phosphopeptide and dual-reactive compound 7",experimental,"[""X-RAY DIFFRACTION""]",[1.4],[0.1655],[0.1861],2022-11-10T00:00:00Z,2023-03-29T00:00:00Z,2024-10-09T00:00:00Z,C 2 2 21,2,2,3,2,Reversible Dual-Covalent Molecular Locking of the 14-3-3/ERR gamma Protein-Protein Interaction as a Molecular Glue Drug Discovery Approach.,10.1021/jacs.2c12781,2023.0,True,False
8BWJ,fragment-linked stabilizer for ERa - 14-3-3 interaction (1074386),experimental,"[""X-RAY DIFFRACTION""]",[1.6],[0.1607],[0.1867],2022-12-06T00:00:00Z,2023-08-02T00:00:00Z,2024-11-13T00:00:00Z,C 2 2 21,2,2,1,2,From Tethered to Freestanding Stabilizers of 14-3-3 Protein-Protein Interactions through Fragment Linking.,10.1002/anie.202308004,2023.0,True,False
8BWX,Fragment-linked stabilizer for 14-3-3 and ERa (1075298),experimental,"[""X-RAY DIFFRACTION""]",[1.6],[0.1642],[0.1874],2022-12-07T00:00:00Z,2023-08-02T00:00:00Z,2024-11-06T00:00:00Z,C 2 2 21,2,2,1,2,From Tethered to Freestanding Stabilizers of 14-3-3 Protein-Protein Interactions through Fragment Linking.,10.1002/anie.202308004,2023.0,True,False
8BWZ,fragment-linked stabilizer for ERa - 14-3-3 interaction (1074393),experimental,"[""X-RAY DIFFRACTION""]",[1.6],[0.1661],[0.1981],2022-12-07T00:00:00Z,2023-08-02T00:00:00Z,2024-11-13T00:00:00Z,C 2 2 21,2,2,1,2,From Tethered to Freestanding Stabilizers of 14-3-3 Protein-Protein Interactions through Fragment Linking.,10.1002/anie.202308004,2023.0,True,False
8BX0,fragment-linked stabilizer for ERa - 14-3-3 interaction (1074388),experimental,"[""X-RAY DIFFRACTION""]",[1.6],[0.17],[0.1964],2022-12-07T00:00:00Z,2023-08-02T00:00:00Z,2024-11-13T00:00:00Z,C 2 2 21,2,2,1,2,From Tethered to Freestanding Stabilizers of 14-3-3 Protein-Protein Interactions through Fragment Linking.,10.1002/anie.202308004,2023.0,True,False
8BX3,fragment-linked stabilizer for ERa - 14-3-3 interaction (1074372),experimental,"[""X-RAY DIFFRACTION""]",[1.2],[0.1821],[0.1894],2022-12-07T00:00:00Z,2023-08-02T00:00:00Z,2024-10-23T00:00:00Z,C 2 2 21,2,2,2,2,From Tethered to Freestanding Stabilizers of 14-3-3 Protein-Protein Interactions through Fragment Linking.,10.1002/anie.202308004,2023.0,True,False
8BX4,fragment-linked stabilizer for ERa - 14-3-3 interaction (1074392),experimental,"[""X-RAY DIFFRACTION""]",[1.6],[0.1624],[0.192],2022-12-07T00:00:00Z,2023-08-02T00:00:00Z,2024-11-20T00:00:00Z,C 2 2 21,2,2,1,2,From Tethered to Freestanding Stabilizers of 14-3-3 Protein-Protein Interactions through Fragment Linking.,10.1002/anie.202308004,2023.0,True,False
8BXI,fragment-linked stabilizer for ERa - 14-3-3 interaction (1074361),experimental,"[""X-RAY DIFFRACTION""]",[1.2],[0.1702],[0.1866],2022-12-08T00:00:00Z,2023-08-02T00:00:00Z,2024-11-06T00:00:00Z,C 2 2 21,2,2,2,2,From Tethered to Freestanding Stabilizers of 14-3-3 Protein-Protein Interactions through Fragment Linking.,10.1002/anie.202308004,2023.0,True,False
8BXM,fragment-linked stabilizer for ERa - 14-3-3 interaction (1074397),experimental,"[""X-RAY DIFFRACTION""]",[1.6],[0.1601],[0.1877],2022-12-09T00:00:00Z,2023-08-02T00:00:00Z,2024-11-13T00:00:00Z,C 2 2 21,2,2,2,2,From Tethered to Freestanding Stabilizers of 14-3-3 Protein-Protein Interactions through Fragment Linking.,10.1002/anie.202308004,2023.0,True,False
8BXN,fragment-linked stabilizer for ERa - 14-3-3 interaction (1074399),experimental,"[""X-RAY DIFFRACTION""]",[1.6],[0.1641],[0.1881],2022-12-09T00:00:00Z,2023-08-02T00:00:00Z,2024-11-06T00:00:00Z,C 2 2 21,2,2,1,2,From Tethered to Freestanding Stabilizers of 14-3-3 Protein-Protein Interactions through Fragment Linking.,10.1002/anie.202308004,2023.0,True,False
8BXO,fragment-linked stabilizer for ERa - 14-3-3 interaction (1075287),experimental,"[""X-RAY DIFFRACTION""]",[1.6],[0.1671],[0.1911],2022-12-09T00:00:00Z,2023-08-02T00:00:00Z,2024-11-06T00:00:00Z,C 2 2 21,2,2,1,2,From Tethered to Freestanding Stabilizers of 14-3-3 Protein-Protein Interactions through Fragment Linking.,10.1002/anie.202308004,2023.0,True,False
8BXQ,fragment-linked stabilizer for ERa - 14-3-3 interaction (1075296),experimental,"[""X-RAY DIFFRACTION""]",[1.6],[0.1605],[0.1822],2022-12-09T00:00:00Z,2023-08-02T00:00:00Z,2024-11-13T00:00:00Z,C 2 2 21,2,2,1,2,From Tethered to Freestanding Stabilizers of 14-3-3 Protein-Protein Interactions through Fragment Linking.,10.1002/anie.202308004,2023.0,True,False
8BXS,Fragment-linked stabilizer for ERa - 14-3-3 interaction (1075293),experimental,"[""X-RAY DIFFRACTION""]",[1.6],[0.1653],[0.1912],2022-12-09T00:00:00Z,2023-08-02T00:00:00Z,2024-11-13T00:00:00Z,C 2 2 21,2,2,1,2,From Tethered to Freestanding Stabilizers of 14-3-3 Protein-Protein Interactions through Fragment Linking.,10.1002/anie.202308004,2023.0,True,False
8BY9,fragment-linked stabilizer for ERa - 14-3-3 interaction (1075292),experimental,"[""X-RAY DIFFRACTION""]",[1.6],[0.1663],[0.191],2022-12-12T00:00:00Z,2023-08-02T00:00:00Z,2024-11-20T00:00:00Z,C 2 2 21,2,2,1,2,From Tethered to Freestanding Stabilizers of 14-3-3 Protein-Protein Interactions through Fragment Linking.,10.1002/anie.202308004,2023.0,True,False
8BYB,fragment-linked stabilizer for ERa - 14-3-3 interaction (1074398),experimental,"[""X-RAY DIFFRACTION""]",[1.6],[0.164],[0.1855],2022-12-12T00:00:00Z,2023-08-02T00:00:00Z,2024-11-06T00:00:00Z,C 2 2 21,2,2,1,2,From Tethered to Freestanding Stabilizers of 14-3-3 Protein-Protein Interactions through Fragment Linking.,10.1002/anie.202308004,2023.0,True,False
8BYC,fragment-linked stabilizer for ERa - 14-3-3 interaction (1075316),experimental,"[""X-RAY DIFFRACTION""]",[1.6],[0.1615],[0.1943],2022-12-12T00:00:00Z,2023-08-02T00:00:00Z,2024-11-20T00:00:00Z,C 2 2 21,2,2,2,2,From Tethered to Freestanding Stabilizers of 14-3-3 Protein-Protein Interactions through Fragment Linking.,10.1002/anie.202308004,2023.0,True,False
8BYD,fragment-linked stabilizer for ERa - 14-3-3 interactions (1075288),experimental,"[""X-RAY DIFFRACTION""]",[1.6],[0.1682],[0.1948],2022-12-12T00:00:00Z,2023-08-02T00:00:00Z,2024-11-20T00:00:00Z,C 2 2 21,2,2,1,2,From Tethered to Freestanding Stabilizers of 14-3-3 Protein-Protein Interactions through Fragment Linking.,10.1002/anie.202308004,2023.0,True,False
8BYE,fragment-linked stabilizer for ERa - 14-3-3 interaction (1075313),experimental,"[""X-RAY DIFFRACTION""]",[1.6],[0.1737],[0.2066],2022-12-12T00:00:00Z,2023-08-02T00:00:00Z,2024-11-13T00:00:00Z,C 2 2 21,2,2,1,2,From Tethered to Freestanding Stabilizers of 14-3-3 Protein-Protein Interactions through Fragment Linking.,10.1002/anie.202308004,2023.0,True,False
8BYF,fragment-linked stabilizer for ERa - 14-3-3 interaction (1047455),experimental,"[""X-RAY DIFFRACTION""]",[1.65],[0.1686],[0.2024],2022-12-12T00:00:00Z,2023-08-02T00:00:00Z,2024-11-13T00:00:00Z,C 2 2 21,2,2,1,2,From Tethered to Freestanding Stabilizers of 14-3-3 Protein-Protein Interactions through Fragment Linking.,10.1002/anie.202308004,2023.0,True,False
8BYG,fragment-linked stabilizer for ERa - 14-3-3 interaction (1047648),experimental,"[""X-RAY DIFFRACTION""]",[1.7],[0.1776],[0.2202],2022-12-12T00:00:00Z,2023-08-30T00:00:00Z,2024-10-16T00:00:00Z,C 2 2 21,2,2,1,2,From Tethered to Freestanding Stabilizers of 14-3-3 Protein-Protein Interactions through Fragment Linking.,10.1002/anie.202308004,2023.0,True,False
8BYO,fragment-linked stabilizer for ERa - 14-3-3 interaction (1074361),experimental,"[""X-RAY DIFFRACTION""]",[1.2],[0.1642],[0.171],2023-01-18T00:00:00Z,2023-08-02T00:00:00Z,2024-11-06T00:00:00Z,C 2 2 21,2,2,2,2,From Tethered to Freestanding Stabilizers of 14-3-3 Protein-Protein Interactions through Fragment Linking.,10.1002/anie.202308004,2023.0,True,False
8BYY,fragment-linked stabilizer for ERa - 14-3-3 interaction (1074395),experimental,"[""X-RAY DIFFRACTION""]",[1.6],[0.1663],[0.1863],2022-12-14T00:00:00Z,2023-08-02T00:00:00Z,2024-10-23T00:00:00Z,C 2 2 21,2,2,1,2,From Tethered to Freestanding Stabilizers of 14-3-3 Protein-Protein Interactions through Fragment Linking.,10.1002/anie.202308004,2023.0,True,False
8BYZ,fragment-linked stabilizer for ERa - 14-3-3 interaction (AZ210),experimental,"[""X-RAY DIFFRACTION""]",[1.4],[0.1692],[0.1824],2022-12-14T00:00:00Z,2023-08-02T00:00:00Z,2024-10-23T00:00:00Z,C 2 2 21,2,2,2,2,From Tethered to Freestanding Stabilizers of 14-3-3 Protein-Protein Interactions through Fragment Linking.,10.1002/anie.202308004,2023.0,True,False
8BZ0,single soak stabilizer for ERa - 14-3-3 interaction (AZ275),experimental,"[""X-RAY DIFFRACTION""]",[1.2],[0.1848],[0.2014],2022-12-14T00:00:00Z,2023-08-02T00:00:00Z,2024-10-16T00:00:00Z,C 2 2 21,2,2,2,2,From Tethered to Freestanding Stabilizers of 14-3-3 Protein-Protein Interactions through Fragment Linking.,10.1002/anie.202308004,2023.0,True,False
8BZ9,single soak stabilizer for ERa - 14-3-3 interaction (AZ354),experimental,"[""X-RAY DIFFRACTION""]",[1.3],[0.1841],[0.1947],2022-12-14T00:00:00Z,2023-08-30T00:00:00Z,2024-10-23T00:00:00Z,C 2 2 21,2,2,2,2,From Tethered to Freestanding Stabilizers of 14-3-3 Protein-Protein Interactions through Fragment Linking.,10.1002/anie.202308004,2023.0,True,False
8BZA,single soak stabilizer for ERa - 14-3-3 interaction (AZ555),experimental,"[""X-RAY DIFFRACTION""]",[1.25],[0.1827],[0.196],2022-12-14T00:00:00Z,2023-08-02T00:00:00Z,2024-11-13T00:00:00Z,C 2 2 21,2,2,2,2,From Tethered to Freestanding Stabilizers of 14-3-3 Protein-Protein Interactions through Fragment Linking.,10.1002/anie.202308004,2023.0,True,False
8BZB,co-soak stabilizers for ERa - 14-3-3 interaction (884_AZ275),experimental,"[""X-RAY DIFFRACTION""]",[1.7],[0.1634],[0.1933],2022-12-14T00:00:00Z,2023-08-02T00:00:00Z,2024-11-13T00:00:00Z,C 2 2 21,2,2,3,2,From Tethered to Freestanding Stabilizers of 14-3-3 Protein-Protein Interactions through Fragment Linking.,10.1002/anie.202308004,2023.0,True,False
8BZC,co-soaked stabilizers for ERa - 14-3-3 interaction (884_AZ244),experimental,"[""X-RAY DIFFRACTION""]",[1.1],[0.1717],[0.1768],2022-12-14T00:00:00Z,2023-12-27T00:00:00Z,2024-11-13T00:00:00Z,C 2 2 21,2,2,3,2,Linked-fragment stabilizers of 14-3-3 protein-protein interactions,,,True,False
8BZD,deAc-FC stabilizer of 14-3-3 and ERalpha,experimental,"[""X-RAY DIFFRACTION""]",[1.5],[0.1806],[0.2031],2022-12-14T00:00:00Z,2024-06-26T00:00:00Z,2024-11-20T00:00:00Z,C 2 2 21,2,2,2,2,Stabilization of the Estrogen receptor alpha - 14-3-3 interaction as a potential intervention strategy for endocrine resistance in breast cancer,,,True,False
8BZE,FC-J stabilizer for ERa and 14-3-3,experimental,"[""X-RAY DIFFRACTION""]",[1.43],[0.1746],[0.1901],2022-12-14T00:00:00Z,2024-06-26T00:00:00Z,2024-11-13T00:00:00Z,C 2 2 21,2,2,2,2,Stabilization of the Estrogen receptor alpha - 14-3-3 interaction as a new potential intervention strategy for endocrine resistance in breast cancer,,,True,False
8BZF,FC-J acetonide stabilizer of 14-3-3 and ERalpha,experimental,"[""X-RAY DIFFRACTION""]",[1.53],[0.1832],[0.2142],2022-12-14T00:00:00Z,2023-12-27T00:00:00Z,2024-11-20T00:00:00Z,C 2 2 21,2,2,2,2,Stabilization of the Estrogen receptor alpha - 14-3-3 interaction as a potential intervention strategy for endocrine resistance in breast cancer,,,True,False
8BZG,FC-31 stabilizer of 14-3-3 and ERalpha,experimental,"[""X-RAY DIFFRACTION""]",[1.49],[0.1798],[0.1891],2022-12-14T00:00:00Z,2024-06-26T00:00:00Z,2024-11-13T00:00:00Z,C 2 2 21,2,2,2,2,Stabilization of the Estrogen receptor alpha - 14-3-3 interaction as a potential intervention strategy for endocrine resistance in breast cancer,,,True,False
8BZH,FC-NAc stabilizer of 14-3-3 and ERalpha,experimental,"[""X-RAY DIFFRACTION""]",[1.46],[0.1743],[0.1889],2022-12-14T00:00:00Z,2024-06-26T00:00:00Z,2024-11-20T00:00:00Z,C 2 2 21,2,2,2,2,Stabilization of the Estrogen receptor alpha - 14-3-3 interaction as a potential intervention strategy for endocrine resistance in breast cancer,,,True,False
8BZT,FC-NAg stabilizer of 14-3-3 and ERalpha,experimental,"[""X-RAY DIFFRACTION""]",[1.65],[0.1831],[0.208],2022-12-15T00:00:00Z,2024-06-26T00:00:00Z,2024-11-20T00:00:00Z,C 2 2 21,2,2,2,2,Stabilization of the Estrogen receptor alpha - 14-3-3 interaction as a potential intervention strategy for endocrine resistance in breast cancer,,,True,False
8BZW,Co-soaked stabilizers for ERa - 14-3-3 interaction (844_AZ210),experimental,"[""X-RAY DIFFRACTION""]",[1.1],[0.1778],[0.1925],2022-12-15T00:00:00Z,2023-08-02T00:00:00Z,2024-11-20T00:00:00Z,C 2 2 21,2,2,3,2,From Tethered to Freestanding Stabilizers of 14-3-3 Protein-Protein Interactions through Fragment Linking.,10.1002/anie.202308004,2023.0,True,False
8C04,Co-soaked stabilizers for ERa - 14-3-3 interaction (884_AZ354),experimental,"[""X-RAY DIFFRACTION""]",[1.1],[0.1802],[0.1972],2022-12-15T00:00:00Z,2023-08-02T00:00:00Z,2024-10-23T00:00:00Z,C 2 2 21,2,2,3,2,From Tethered to Freestanding Stabilizers of 14-3-3 Protein-Protein Interactions through Fragment Linking.,10.1002/anie.202308004,2023.0,True,False
8C0C,X-ray crystal structure of PPAR gamma ligand binding domain in complex with CZ46,experimental,"[""X-RAY DIFFRACTION""]",[2.2],[0.2246],[0.2715],2022-12-16T00:00:00Z,2023-04-26T00:00:00Z,2024-06-19T00:00:00Z,C 1 2 1,1,1,1,2,Biological Screening and Crystallographic Studies of Hydroxy gamma-Lactone Derivatives to Investigate PPAR gamma Phosphorylation Inhibition.,10.3390/biom13040694,2023.0,True,False
8C0K,fragment-linked stabilizer for ERa - 14-3-3 interaction (1075302),experimental,"[""X-RAY DIFFRACTION""]",[1.4],[0.1741],[0.1841],2022-12-17T00:00:00Z,2023-08-02T00:00:00Z,2024-10-09T00:00:00Z,C 2 2 21,2,2,2,2,From Tethered to Freestanding Stabilizers of 14-3-3 Protein-Protein Interactions through Fragment Linking.,10.1002/anie.202308004,2023.0,True,False
8C0L,FC-THF stabilizer of 14-3-3 and ERalpha,experimental,"[""X-RAY DIFFRACTION""]",[1.6],[0.1819],[0.2076],2022-12-17T00:00:00Z,2024-07-10T00:00:00Z,2024-10-23T00:00:00Z,C 2 2 21,2,2,1,2,Stabilization of the Estrogen receptor alpha - 14-3-3 interaction as a potential intervention strategy for endocrine resistance in breast cancer,,,True,False
8C1L,Crystal structure of HNF4 alpha LBD in complexes with palmitic acid and GRIP-1 peptide,experimental,"[""X-RAY DIFFRACTION""]",[2.0],[0.19534],[0.23667],2022-12-20T00:00:00Z,2024-01-10T00:00:00Z,2024-01-10T00:00:00Z,P 1 21 1,2,2,2,4,Crystal structure of HNF4 alpha LBD in complexes with palmitic acid and GRIP-1 peptide,,,True,False
8C42,"Ternary structure of 14-3-3sigma, PKA-responsive ERa phosphopeptide and Fusicoccin-A",experimental,"[""X-RAY DIFFRACTION""]",[1.4],[0.1803],[0.196],2022-12-30T00:00:00Z,2023-12-27T00:00:00Z,2024-10-23T00:00:00Z,C 2 2 21,2,2,2,2,Molecular basis and dual ligand regulation of tetrameric estrogen receptor alpha /14-3-3 zeta protein complex.,10.1016/j.jbc.2023.104855,2023.0,True,False
8C4F,Small molecule amidine soak in 14-3-3/ERa (AZ037),experimental,"[""X-RAY DIFFRACTION""]",[1.4],[0.1839],[0.2014],2023-01-03T00:00:00Z,2023-08-02T00:00:00Z,2024-11-06T00:00:00Z,C 2 2 21,2,2,2,2,From Tethered to Freestanding Stabilizers of 14-3-3 Protein-Protein Interactions through Fragment Linking.,10.1002/anie.202308004,2023.0,True,False
8C4G,Small molecule amidine soak in 14-3-3/ERa (AZ132),experimental,"[""X-RAY DIFFRACTION""]",[1.46],[0.1847],[0.2196],2023-01-03T00:00:00Z,2023-08-02T00:00:00Z,2024-11-13T00:00:00Z,C 2 2 21,2,2,2,2,From Tethered to Freestanding Stabilizers of 14-3-3 Protein-Protein Interactions through Fragment Linking.,10.1002/anie.202308004,2023.0,True,False
8C5L,NR2F6 ligand binding domain in complex with NSD1 peptide,experimental,"[""X-RAY DIFFRACTION""]",[2.6],[0.2003],[0.2328],2023-01-09T00:00:00Z,2024-01-10T00:00:00Z,2025-10-22T00:00:00Z,P 61,2,2,0,4,Structural Elucidation and Covalent Modulation of the Autorepressed Orphan Nuclear Receptor NR2F6.,10.1021/acschembio.5c00475,2025.0,True,False
8CCT,"Crystal structure of the human PXR ligand-binding domain in complex with 2,2'-dichloro bisphenol A",experimental,"[""X-RAY DIFFRACTION""]",[2.9],[0.2047],[0.2606],2023-01-27T00:00:00Z,2024-02-07T00:00:00Z,2024-02-07T00:00:00Z,P 43 21 2,1,1,1,1,"Crystal structure of the hPXR-LBD in complex with 2,2'-dichloro bisphenol A",,,True,False
8CF9,Crystal structure of the human PXR ligand-binding domain in complex with sclareol,experimental,"[""X-RAY DIFFRACTION""]",[2.0],[0.2104],[0.2469],2023-02-03T00:00:00Z,2024-02-21T00:00:00Z,2024-02-21T00:00:00Z,P 43 21 2,1,1,2,1,Crystal structure of the human PXR ligand-binding domain in complex with sclareol,,,True,False
8CH8,Crystal structure of the human PXR ligand-binding domain in complex with liranaftate,experimental,"[""X-RAY DIFFRACTION""]",[2.15],[0.2062],[0.2281],2023-02-07T00:00:00Z,2024-02-21T00:00:00Z,2024-02-21T00:00:00Z,P 43 21 2,1,1,1,1,Crystal structure of the human PXR ligand-binding domain in complex with liranaftate,,,True,False
8CPH,Crystal structure of PPAR gamma (PPARG) in complex with WY-14643 (inactive form),experimental,"[""X-RAY DIFFRACTION""]",[2.4],[0.21638],[0.26341],2023-03-02T00:00:00Z,2023-07-12T00:00:00Z,2024-06-19T00:00:00Z,P 21 21 21,1,1,1,2,Targeting the Alternative Vitamin E Metabolite Binding Site Enables Noncanonical PPAR gamma Modulation.,10.1021/jacs.3c03417,2023.0,True,False
8CPI,Crystal structure of PPAR gamma (PPARG) in complex with WY-14643,experimental,"[""X-RAY DIFFRACTION""]",[2.1],[0.22207],[0.28219],2023-03-02T00:00:00Z,2023-07-12T00:00:00Z,2024-06-19T00:00:00Z,P 43 21 2,1,1,1,1,Targeting the Alternative Vitamin E Metabolite Binding Site Enables Noncanonical PPAR gamma Modulation.,10.1021/jacs.3c03417,2023.0,True,False
8CPJ,Crystal structure of PPAR gamma (PPARG) in an inactive form,experimental,"[""X-RAY DIFFRACTION""]",[2.4],[0.23835],[0.28194],2023-03-02T00:00:00Z,2023-07-12T00:00:00Z,2024-06-19T00:00:00Z,P 41 21 2,1,1,1,1,Targeting the Alternative Vitamin E Metabolite Binding Site Enables Noncanonical PPAR gamma Modulation.,10.1021/jacs.3c03417,2023.0,True,False
8CYO,"Nurr1 Covalently Bound to a Synthetic Ligand, 10.25, via a Disulfide Bond",experimental,"[""X-RAY DIFFRACTION""]",[2.41],[0.213],[0.249],2022-05-24T00:00:00Z,2024-01-17T00:00:00Z,2026-03-04T00:00:00Z,C 1 2 1,1,1,2,2,"Nurr1 Covalently Bound to a Synthetic Ligand, 10.25, via a Disulfide Bond",,,True,False
8D8I,Crystal structure of Reverb alpha in complex with synthetic agonist,experimental,"[""X-RAY DIFFRACTION""]",[2.504],[0.2052],[0.2395],2022-06-08T00:00:00Z,2022-12-14T00:00:00Z,2024-04-03T00:00:00Z,H 3 2,2,2,1,2,Structural basis of synthetic agonist activation of the nuclear receptor REV-ERB.,10.1038/s41467-022-34892-4,2022.0,True,False
8DAF,Human SF-1 LBD bound to synthetic agonist 6N-10CA and bacterial phospholipid,experimental,"[""X-RAY DIFFRACTION""]",[2.59],[0.2226],[0.2812],2022-06-13T00:00:00Z,2023-06-28T00:00:00Z,2023-10-25T00:00:00Z,P 31 2 1,2,2,2,4,"Comparison of activity, structure, and dynamics of SF-1 and LRH-1 complexed with small molecule modulators.",10.1016/j.jbc.2023.104921,2023.0,True,False
8DK4,Peroxisome proliferator-activated receptor gamma in complex with VSP-51-2,experimental,"[""X-RAY DIFFRACTION""]",[2.6],[0.2291],[0.2554],2022-07-02T00:00:00Z,2023-07-05T00:00:00Z,2023-10-25T00:00:00Z,C 2 2 21,2,2,1,2,"Identification of VSP-51-2 as the Novel and Safe PPAR gamma Modulator: Structure-Based Design, Biological Validation and Crystal Analysis",,,True,False
8DKN,PPARg bound to T0070907 and Co-R peptide,experimental,"[""X-RAY DIFFRACTION""]",[1.95],[0.2265],[0.2973],2022-07-05T00:00:00Z,2022-09-07T00:00:00Z,2024-11-20T00:00:00Z,C 1 2 1,2,2,3,2,Biochemical and structural basis for the pharmacological inhibition of nuclear hormone receptor PPAR gamma by inverse agonists.,10.1016/j.jbc.2022.102539,2022.0,True,False
8DKV,PPARg bound to JTP-426467 and Co-R peptide,experimental,"[""X-RAY DIFFRACTION""]",[1.59],[0.216],[0.266],2022-07-06T00:00:00Z,2022-09-07T00:00:00Z,2024-11-20T00:00:00Z,C 1 2 1,2,2,3,2,Biochemical and structural basis for the pharmacological inhibition of nuclear hormone receptor PPAR gamma by inverse agonists.,10.1016/j.jbc.2022.102539,2022.0,True,False
8DSY,PPARg bound to inverse agonist H3B-343,experimental,"[""X-RAY DIFFRACTION""]",[2.95],[0.1982],[0.2669],2022-07-24T00:00:00Z,2022-09-07T00:00:00Z,2023-10-25T00:00:00Z,C 1 2 1,1,1,1,2,Biochemical and structural basis for the pharmacological inhibition of nuclear hormone receptor PPAR gamma by inverse agonists.,10.1016/j.jbc.2022.102539,2022.0,True,False
8DSZ,PPARg bound to partial agonist H3B-487,experimental,"[""X-RAY DIFFRACTION""]",[2.5],[0.2079],[0.2687],2022-07-24T00:00:00Z,2022-09-07T00:00:00Z,2023-10-25T00:00:00Z,C 1 2 1,1,1,1,2,Biochemical and structural basis for the pharmacological inhibition of nuclear hormone receptor PPAR gamma by inverse agonists.,10.1016/j.jbc.2022.102539,2022.0,True,False
8DU6,"Estrogen Receptor Alpha Ligand Binding Domain in Complex with (1'-(4-((1-ethylazetidin-3-yl)oxy)phenyl)-6'-hydroxy-1',4'-dihydro-2'<i>H</i>-spiro[cyclopropane-1,3'-isoquinolin]-2'-yl)(phenyl)methanone",experimental,"[""X-RAY DIFFRACTION""]",[2.1],[0.19],[0.239],2022-07-27T00:00:00Z,2022-11-09T00:00:00Z,2023-10-25T00:00:00Z,C 1 2 1,1,1,1,2,Unconventional isoquinoline-based SERMs elicit fulvestrant-like transcriptional programs in ER+ breast cancer cells.,10.1038/s41523-022-00497-9,2022.0,True,False
8DU8,"Estrogen Receptor Alpha Ligand Binding Domain in Complex with (6-hydroxy-1-(4-((1-propylazetidin-3-yl)oxy)phenyl)-3,4-dihydroisoquinolin-2(1H)-yl)(phenyl)methanone",experimental,"[""X-RAY DIFFRACTION""]",[1.47],[0.1685],[0.1941],2022-07-27T00:00:00Z,2022-11-09T00:00:00Z,2023-10-25T00:00:00Z,C 1 2 1,1,1,1,2,Unconventional isoquinoline-based SERMs elicit fulvestrant-like transcriptional programs in ER+ breast cancer cells.,10.1038/s41523-022-00497-9,2022.0,True,False
8DU9,"Estrogen Receptor Alpha Ligand Binding Domain in Complex with (6-hydroxy-1-(4-(2-(piperidin-1-yl)ethoxy)phenyl)-3,4-dihydroisoquinolin-2(1H)-yl)(phenyl)methanone",experimental,"[""X-RAY DIFFRACTION""]",[2.5],[0.21],[0.2578],2022-07-27T00:00:00Z,2022-11-09T00:00:00Z,2023-10-25T00:00:00Z,C 1 2 1,1,1,1,2,Unconventional isoquinoline-based SERMs elicit fulvestrant-like transcriptional programs in ER+ breast cancer cells.,10.1038/s41523-022-00497-9,2022.0,True,False
8DUB,"Estrogen Receptor Alpha Ligand Binding Domain in Complex with ((1'-(4-((1-ethylpyrrolidin-3-yl)methyl)phenyl)-6'-hydroxy-1',4'-dihydro-2'<i>H</i>-spiro[cyclopropane-1,3'-isoquinolin]-2'-yl)(phenyl)methanone",experimental,"[""X-RAY DIFFRACTION""]",[1.84],[0.1746],[0.2205],2022-07-27T00:00:00Z,2022-11-16T00:00:00Z,2023-11-29T00:00:00Z,C 1 2 1,1,1,1,2,Unconventional isoquinoline-based SERMs elicit fulvestrant-like transcriptional programs in ER+ breast cancer cells.,10.1038/s41523-022-00497-9,2022.0,True,False
8DUC,"Estrogen Receptor Alpha Ligand Binding Domain in Complex with (1'-(4-(2-(1-ethylpyrrolidin-3-yl)ethoxy)phenyl)-6'-hydroxy-1',4'-dihydro-2'<i>H</i>-spiro[cyclopropane-1,3'-isoquinolin]-2'-yl)(phenyl)methanone",experimental,"[""X-RAY DIFFRACTION""]",[1.7],[0.2221],[0.2624],2022-07-27T00:00:00Z,2022-11-09T00:00:00Z,2023-10-25T00:00:00Z,P 65 2 2,1,1,1,1,Unconventional isoquinoline-based SERMs elicit fulvestrant-like transcriptional programs in ER+ breast cancer cells.,10.1038/s41523-022-00497-9,2022.0,True,False
8DUD,"Estrogen Receptor Alpha Ligand Binding Domain in Complex with (6'-hydroxy-1'-(4-(2-(1-propylpyrrolidin-3-yl)ethoxy)phenyl)-1',4'-dihydro-2'<i>H</i>-spiro[cyclopropane-1,3'-isoquinolin]-2'-yl)(phenyl)methanone",experimental,"[""X-RAY DIFFRACTION""]",[1.81],[0.2121],[0.2551],2022-07-27T00:00:00Z,2022-11-09T00:00:00Z,2023-10-25T00:00:00Z,P 65 2 2,1,1,1,1,Unconventional isoquinoline-based SERMs elicit fulvestrant-like transcriptional programs in ER+ breast cancer cells.,10.1038/s41523-022-00497-9,2022.0,True,False
8DUG,"Estrogen Receptor Alpha Ligand Binding Domain in Complex with (6'-hydroxy-1'-(4-(2-((<i>S</i>)-3-methylpyrrolidin-1-yl)ethoxy)phenyl)-1',4'-dihydro-2'<i>H</i>-spiro[cyclopropane-1,3'-isoquinolin]-2'-yl)(phenyl)methanone",experimental,"[""X-RAY DIFFRACTION""]",[2.2],[0.1911],[0.2502],2022-07-27T00:00:00Z,2022-11-09T00:00:00Z,2023-10-25T00:00:00Z,C 1 2 1,1,1,1,2,Unconventional isoquinoline-based SERMs elicit fulvestrant-like transcriptional programs in ER+ breast cancer cells.,10.1038/s41523-022-00497-9,2022.0,True,False
8DUH,"Estrogen Receptor Alpha Ligand Binding Domain in Complex with (6'-hydroxy-1'-(4-(2-((<i>R</i>)-2-methylpyrrolidin-1-yl)ethoxy)phenyl)-1',4'-dihydro-2'<i>H</i>-spiro[cyclopropane-1,3'-isoquinolin]-2'-yl)(phenyl)methanone",experimental,"[""X-RAY DIFFRACTION""]",[1.9],[0.1856],[0.2351],2022-07-27T00:00:00Z,2022-11-09T00:00:00Z,2023-10-25T00:00:00Z,C 1 2 1,1,1,1,2,Unconventional isoquinoline-based SERMs elicit fulvestrant-like transcriptional programs in ER+ breast cancer cells.,10.1038/s41523-022-00497-9,2022.0,True,False
8DUI,"Estrogen Receptor Alpha Ligand Binding Domain in Complex with (1'-(4-(2-(dimethylamino)ethoxy)phenyl)-6'-hydroxy-1',4'-dihydro-2'<i>H</i>-spiro[cyclopropane-1,3'-isoquinolin]-2'-yl)(phenyl)methanone",experimental,"[""X-RAY DIFFRACTION""]",[2.04],[0.1884],[0.2264],2022-07-27T00:00:00Z,2022-11-09T00:00:00Z,2023-10-25T00:00:00Z,C 1 2 1,1,1,1,2,Unconventional isoquinoline-based SERMs elicit fulvestrant-like transcriptional programs in ER+ breast cancer cells.,10.1038/s41523-022-00497-9,2022.0,True,False
8DUK,"Estrogen Receptor Alpha Ligand Binding Domain in Complex with (6'-hydroxy-1'-(4-(2-(methylamino)ethoxy)phenyl)-1',4'-dihydro-2'<i>H</i>-spiro[cyclopropane-1,3'-isoquinolin]-2'-yl)(phenyl)methanone",experimental,"[""X-RAY DIFFRACTION""]",[1.7],[0.2311],[0.2684],2022-07-27T00:00:00Z,2023-07-05T00:00:00Z,2024-07-17T00:00:00Z,C 1 2 1,1,1,1,4,Unconventional isoquinoline-based SERMs elicit fulvestrant-like transcriptional programs in ER+ breast cancer cells.,10.1038/s41523-022-00497-9,2022.0,True,False
8DUS,"Estrogen Receptor Alpha Ligand Binding Domain in Complex with (1'-(4-(2-(ethylamino)ethoxy)phenyl)-6'-hydroxy-1',4'-dihydro-2'<i>H</i>-spiro[cyclopropane-1,3'-isoquinolin]-2'-yl)(phenyl)methanone",experimental,"[""X-RAY DIFFRACTION""]",[1.9],[0.2852],[0.3268],2022-07-27T00:00:00Z,2022-11-09T00:00:00Z,2023-10-25T00:00:00Z,C 1 2 1,1,1,1,6,Unconventional isoquinoline-based SERMs elicit fulvestrant-like transcriptional programs in ER+ breast cancer cells.,10.1038/s41523-022-00497-9,2022.0,True,False
8DV5,"Estrogen Receptor Alpha Ligand Binding Domain in Complex with (6'-hydroxy-1'-(4-((1-pentylpyrrolidin-3-yl)methoxy)phenyl)-1',4'-dihydro-2'<i>H</i>-spiro[cyclopropane-1,3'-isoquinolin]-2'-yl)(phenyl)methanone",experimental,"[""X-RAY DIFFRACTION""]",[1.85],[0.1845],[0.2131],2022-07-28T00:00:00Z,2022-11-09T00:00:00Z,2023-10-25T00:00:00Z,C 1 2 1,1,1,1,2,Unconventional isoquinoline-based SERMs elicit fulvestrant-like transcriptional programs in ER+ breast cancer cells.,10.1038/s41523-022-00497-9,2022.0,True,False
8DV7,"Estrogen Receptor Alpha Ligand Binding Domain in Complex with (6'-hydroxy-1'-(4-(2-(1-propylpyrrolidin-3-yl)ethyl)phenyl)-1',4'-dihydro-2'<i>H</i>-spiro[cyclopropane-1,3'-isoquinolin]-2'-yl)(phenyl)methanone",experimental,"[""X-RAY DIFFRACTION""]",[1.59],[0.1666],[0.2079],2022-07-28T00:00:00Z,2022-11-09T00:00:00Z,2023-10-25T00:00:00Z,C 1 2 1,1,1,1,2,Unconventional isoquinoline-based SERMs elicit fulvestrant-like transcriptional programs in ER+ breast cancer cells.,10.1038/s41523-022-00497-9,2022.0,True,False
8DV8,"Estrogen Receptor Alpha Ligand Binding Domain in Complex with (6'-hydroxy-1'-(4-((2-(1-propylpyrrolidin-3-yl)ethyl)thio)phenyl)-1',4'-dihydro-2'<i>H</i>-spiro[cyclopropane-1,3'-isoquinolin]-2'-yl)(phenyl)methanone",experimental,"[""X-RAY DIFFRACTION""]",[1.7],[0.1867],[0.2109],2022-07-28T00:00:00Z,2022-11-09T00:00:00Z,2023-10-25T00:00:00Z,C 1 2 1,1,1,1,2,Unconventional isoquinoline-based SERMs elicit fulvestrant-like transcriptional programs in ER+ breast cancer cells.,10.1038/s41523-022-00497-9,2022.0,True,False
8DVB,"Estrogen Receptor Alpha Ligand Binding Domain in Complex with (1'-(4-((1-butylpyrrolidin-3-yl)methoxy)phenyl)-6'-hydroxy-1',4'-dihydro-2'<i>H</i>-spiro[cyclopropane-1,3'-isoquinolin]-2'-yl)(phenyl)methanone",experimental,"[""X-RAY DIFFRACTION""]",[2.19],[0.192],[0.2421],2022-07-28T00:00:00Z,2022-11-16T00:00:00Z,2023-11-29T00:00:00Z,C 1 2 1,1,1,1,2,Unconventional isoquinoline-based SERMs elicit fulvestrant-like transcriptional programs in ER+ breast cancer cells.,10.1038/s41523-022-00497-9,2022.0,True,False
8E1A,Structure-based study to overcome cross-reactivity of novel androgen receptor inhibitors,experimental,"[""X-RAY DIFFRACTION""]",[1.2],[0.12417],[0.15146],2022-08-10T00:00:00Z,2022-09-14T00:00:00Z,2024-04-03T00:00:00Z,P 21 21 21,1,1,2,1,Structure-Based Study to Overcome Cross-Reactivity of Novel Androgen Receptor Inhibitors.,10.3390/cells11182785,2022.0,True,False
8E3N,Crystal structure of pregnane X receptor ligand binding domain complexed with rifamycin S,experimental,"[""X-RAY DIFFRACTION""]",[2.25],[0.2084],[0.2349],2022-08-17T00:00:00Z,2023-03-15T00:00:00Z,2023-10-25T00:00:00Z,P 43 21 2,1,1,1,1,Structure-guided approach to modulate small molecule binding to a promiscuous ligand-activated protein.,10.1073/pnas.2217804120,2023.0,True,False
8EQZ,Crystal structure of pregnane X receptor ligand binding domain complexed with T0901317 analog T0-C6,experimental,"[""X-RAY DIFFRACTION""]",[2.37],[0.2039],[0.2283],2022-10-11T00:00:00Z,2023-03-15T00:00:00Z,2023-10-25T00:00:00Z,P 21 21 21,1,1,1,2,Structure-guided approach to modulate small molecule binding to a promiscuous ligand-activated protein.,10.1073/pnas.2217804120,2023.0,True,False
8EV1,Dual Modulators,experimental,"[""X-RAY DIFFRACTION""]",[1.83],[0.1761],[0.2242],2022-10-19T00:00:00Z,2022-12-28T00:00:00Z,2023-10-25T00:00:00Z,P 1 21 1,3,3,2,4,"Design, synthesis, biological evaluation and crystal structure determination of dual modulators of carbonic anhydrases and estrogen receptors.",10.1016/j.ejmech.2022.115011,2022.0,True,False
8EV2,Dual Modulators,experimental,"[""X-RAY DIFFRACTION""]",[2.01],[0.1928],[0.2479],2022-10-19T00:00:00Z,2022-12-28T00:00:00Z,2023-10-25T00:00:00Z,P 1 21 1,2,2,2,4,"Design, synthesis, biological evaluation and crystal structure determination of dual modulators of carbonic anhydrases and estrogen receptors.",10.1016/j.ejmech.2022.115011,2022.0,True,False
8F5Y,Crystal structure of pregnane X receptor ligand binding domain complexed with JQ1,experimental,"[""X-RAY DIFFRACTION""]",[2.15],[0.2067],[0.2155],2022-11-15T00:00:00Z,2024-02-21T00:00:00Z,2024-03-06T00:00:00Z,P 21 21 21,2,2,1,4,A bromodomain-independent mechanism of gene regulation by the BET inhibitor JQ1: direct activation of nuclear receptor PXR.,10.1093/nar/gkad1175,2024.0,True,False
8F8M,LRH-1 bound to small molecule Tet and fragment of coactivator Tif2,experimental,"[""X-RAY DIFFRACTION""]",[2.6],[0.196],[0.2196],2022-11-22T00:00:00Z,2023-11-29T00:00:00Z,2023-11-29T00:00:00Z,P 32 2 1,2,2,1,2,Isosteric improvements to liver receptor homolog-1 small molecule modulators,,,True,False
8FAV,HUMAN RETENOID-RELATED ORPHAN RECEPTOR-GAMMA (RORC2) LIGAND-BINDING DOMAIN IN COMPLEX WITH COMPOUND 5 ANDINDAZOLE ACID BOUND IN H12-POCKET,experimental,"[""X-RAY DIFFRACTION""]",[1.85],[0.19219],[0.2326],2022-11-28T00:00:00Z,2023-03-01T00:00:00Z,2024-10-23T00:00:00Z,P 1 21 1,1,1,3,2,Macrocyclic Retinoic Acid Receptor-Related Orphan Receptor C2 Inverse Agonists.,10.1021/acsmedchemlett.2c00500,2023.0,True,False
8FB1,HUMAN RETENOID-RELATED ORPHAN RECEPTOR-GAMMA (RORC2) LIGAND-BINDING DOMAIN IN COMPLEX WITH COMPOUND 6a ANDINDAZOLE ACID BOUND IN H12-POCKET,experimental,"[""X-RAY DIFFRACTION""]",[2.18],[0.2055],[0.25257],2022-11-29T00:00:00Z,2023-03-01T00:00:00Z,2024-11-13T00:00:00Z,P 1 21 1,1,1,2,2,Macrocyclic Retinoic Acid Receptor-Related Orphan Receptor C2 Inverse Agonists.,10.1021/acsmedchemlett.2c00500,2023.0,True,False
8FB2,HUMAN RETENOID-RELATED ORPHAN RECEPTOR-GAMMA (RORC2) LIGAND-BINDING DOMAIN IN COMPLEX WITH COMPOUND 8 ANDINDAZOLE ACID BOUND IN H12-POCKET,experimental,"[""X-RAY DIFFRACTION""]",[2.3],[0.1785],[0.2299],2022-11-29T00:00:00Z,2023-03-01T00:00:00Z,2024-10-23T00:00:00Z,P 1 21 1,1,1,2,2,Macrocyclic Retinoic Acid Receptor-Related Orphan Receptor C2 Inverse Agonists.,10.1021/acsmedchemlett.2c00500,2023.0,True,False
8FFV,Cryo-EM structure of the GR-Hsp90-FKBP52 complex,experimental,"[""ELECTRON MICROSCOPY""]",[3.01],[],[],2022-12-10T00:00:00Z,2023-11-01T00:00:00Z,2023-12-20T00:00:00Z,,3,3,3,4,Cryo-EM reveals how Hsp90 and FKBP immunophilins co-regulate the glucocorticoid receptor.,10.1038/s41594-023-01128-y,2023.0,True,False
8FFW,Cryo-EM structure of the GR-Hsp90-FKBP51 complex,experimental,"[""ELECTRON MICROSCOPY""]",[3.23],[],[],2022-12-10T00:00:00Z,2023-11-01T00:00:00Z,2023-12-20T00:00:00Z,,3,3,3,4,Cryo-EM reveals how Hsp90 and FKBP immunophilins co-regulate the glucocorticoid receptor.,10.1038/s41594-023-01128-y,2023.0,True,False
8FGY,Crystal structure of mutant Androgen Receptor ligand binding domain L702H/H875Y/F877L/T878A with DHT,experimental,"[""X-RAY DIFFRACTION""]",[2.2],[0.1951],[0.2456],2022-12-13T00:00:00Z,2023-04-12T00:00:00Z,2024-05-22T00:00:00Z,P 21 21 21,1,1,1,1,A partially open conformation of an androgen receptor ligand-binding domain with drug-resistance mutations.,10.1107/S2053230X23002224,2023.0,True,False
8FGZ,Crystal structure of mutant Androgen Receptor ligand binding domain L702H/H875Y/F877L with DHT,experimental,"[""X-RAY DIFFRACTION""]",[1.61],[0.1969],[0.2199],2022-12-13T00:00:00Z,2023-04-12T00:00:00Z,2024-05-22T00:00:00Z,P 21 21 21,1,1,2,1,A partially open conformation of an androgen receptor ligand-binding domain with drug-resistance mutations.,10.1107/S2053230X23002224,2023.0,True,False
8FH0,Crystal structure of mutant Androgen Receptor ligand binding domain H875Y/F877L/T878A with DHT,experimental,"[""X-RAY DIFFRACTION""]",[1.59],[0.1957],[0.2082],2022-12-13T00:00:00Z,2023-04-12T00:00:00Z,2024-05-22T00:00:00Z,P 21 21 21,1,1,2,1,A partially open conformation of an androgen receptor ligand-binding domain with drug-resistance mutations.,10.1107/S2053230X23002224,2023.0,True,False
8FH1,Crystal structure of mutant Androgen Receptor ligand binding domain F877L/T878A with DHT,experimental,"[""X-RAY DIFFRACTION""]",[1.69],[0.1993],[0.229],2022-12-13T00:00:00Z,2023-04-12T00:00:00Z,2024-05-22T00:00:00Z,P 21 21 21,1,1,2,1,A partially open conformation of an androgen receptor ligand-binding domain with drug-resistance mutations.,10.1107/S2053230X23002224,2023.0,True,False
8FH2,Crystal structure of mutant Androgen Receptor ligand binding domain L702H/H875Y with DHT,experimental,"[""X-RAY DIFFRACTION""]",[1.59],[0.1937],[0.2209],2022-12-13T00:00:00Z,2023-04-12T00:00:00Z,2024-05-22T00:00:00Z,P 21 21 21,1,1,2,1,A partially open conformation of an androgen receptor ligand-binding domain with drug-resistance mutations.,10.1107/S2053230X23002224,2023.0,True,False
8FHE,Crystal structure of PPARgamma ligand-binding domain in complex with N-CoR peptide and GW9662,experimental,"[""X-RAY DIFFRACTION""]",[1.8],[0.1966],[0.2286],2022-12-14T00:00:00Z,2024-03-20T00:00:00Z,2025-04-30T00:00:00Z,P 41 21 2,2,2,1,2,Ligand efficacy shifts a nuclear receptor conformational ensemble between transcriptionally active and repressive states.,10.1038/s41467-025-57325-4,2025.0,True,False
8FHF,Crystal structure of PPARgamma ligand-binding domain in complex with ZINC5672437,experimental,"[""X-RAY DIFFRACTION""]",[2.1],[0.2329],[0.285],2022-12-14T00:00:00Z,2024-03-20T00:00:00Z,2025-04-30T00:00:00Z,C 1 2 1,1,1,2,2,Ligand efficacy shifts a nuclear receptor conformational ensemble between transcriptionally active and repressive states.,10.1038/s41467-025-57325-4,2025.0,True,False
8FHG,Crystal structure of PPARgamma ligand-binding domain in complex with N-CoR peptide and ZINC5672437,experimental,"[""X-RAY DIFFRACTION""]",[1.8],[0.2007],[0.2343],2022-12-14T00:00:00Z,2024-03-20T00:00:00Z,2025-04-30T00:00:00Z,P 41 21 2,2,2,1,2,Ligand efficacy shifts a nuclear receptor conformational ensemble between transcriptionally active and repressive states.,10.1038/s41467-025-57325-4,2025.0,True,False
8FKC,Crystal structure of PPARgamma ligand-binding domain in complex with N-CoR peptide and inverse agonist SR33544,experimental,"[""X-RAY DIFFRACTION""]",[1.42],[0.1853],[0.1975],2022-12-21T00:00:00Z,2024-04-17T00:00:00Z,2025-04-30T00:00:00Z,P 41 21 2,2,2,2,2,Ligand efficacy shifts a nuclear receptor conformational ensemble between transcriptionally active and repressive states.,10.1038/s41467-025-57325-4,2025.0,True,False
8FKD,Crystal structure of PPARgamma ligand-binding domain in complex with N-CoR peptide and inverse agonist SR33068,experimental,"[""X-RAY DIFFRACTION""]",[2.22],[0.2166],[0.2514],2022-12-21T00:00:00Z,2024-04-17T00:00:00Z,2025-04-30T00:00:00Z,P 41 21 2,2,2,2,2,Ligand efficacy shifts a nuclear receptor conformational ensemble between transcriptionally active and repressive states.,10.1038/s41467-025-57325-4,2025.0,True,False
8FKE,Crystal structure of PPARgamma ligand-binding domain in complex with N-CoR peptide and inverse agonist SR32904,experimental,"[""X-RAY DIFFRACTION""]",[2.02],[0.1943],[0.2491],2022-12-21T00:00:00Z,2024-04-17T00:00:00Z,2025-04-30T00:00:00Z,P 41 21 2,2,2,2,2,Ligand efficacy shifts a nuclear receptor conformational ensemble between transcriptionally active and repressive states.,10.1038/s41467-025-57325-4,2025.0,True,False
8FKF,Crystal structure of PPARgamma ligand-binding domain in complex with N-CoR peptide and inverse agonist SR36706,experimental,"[""X-RAY DIFFRACTION""]",[1.82],[0.1808],[0.2164],2022-12-21T00:00:00Z,2024-04-17T00:00:00Z,2025-04-30T00:00:00Z,P 41 21 2,2,2,3,2,Ligand efficacy shifts a nuclear receptor conformational ensemble between transcriptionally active and repressive states.,10.1038/s41467-025-57325-4,2025.0,True,False
8FKG,Crystal structure of PPARgamma ligand-binding domain in complex with N-CoR peptide and inverse agonist SR33486,experimental,"[""X-RAY DIFFRACTION""]",[2.12],[0.1852],[0.2183],2022-12-21T00:00:00Z,2024-04-17T00:00:00Z,2025-04-30T00:00:00Z,P 41 21 2,2,2,5,2,Ligand efficacy shifts a nuclear receptor conformational ensemble between transcriptionally active and repressive states.,10.1038/s41467-025-57325-4,2025.0,True,False
8FPE,Crystal structure of pregnane X receptor ligand binding domain complexed with T0901317 analog T0-BP,experimental,"[""X-RAY DIFFRACTION""]",[2.3],[0.2166],[0.2395],2023-01-04T00:00:00Z,2023-03-15T00:00:00Z,2024-05-22T00:00:00Z,P 43 21 2,1,1,1,1,Structure-guided approach to modulate small molecule binding to a promiscuous ligand-activated protein.,10.1073/pnas.2217804120,2023.0,True,False
8GXP,Complex structure of RORgama with betulinic acid,experimental,"[""X-RAY DIFFRACTION""]",[2.45],[0.2088],[0.2617],2022-09-20T00:00:00Z,2023-06-07T00:00:00Z,2023-11-08T00:00:00Z,P 41 21 2,1,1,1,1,"Discovery, structural optimization, and anti-tumor bioactivity evaluations of betulinic acid derivatives as a new type of ROR gamma antagonists.",10.1016/j.ejmech.2023.115472,2023.0,True,False
8HBM,Structural basis of the farnesoid X receptor/retinoid X receptor heterodimer on inverted repeat DNA,experimental,"[""X-RAY DIFFRACTION""]",[3.3],[0.2478],[0.3008],2022-10-29T00:00:00Z,2023-06-14T00:00:00Z,2024-05-01T00:00:00Z,P 21 21 21,4,2,1,8,Structural basis of the farnesoid X receptor/retinoid X receptor heterodimer on inverted repeat DNA.,10.1016/j.csbj.2023.05.026,2023.0,True,False
8HD3,Farnesoid X Receptor Agonists_FXR fused with a HD3 peptide,experimental,"[""X-RAY DIFFRACTION""]",[2.29],[0.2055],[0.2506],2022-11-03T00:00:00Z,2023-11-08T00:00:00Z,2026-03-04T00:00:00Z,C 1 2 1,1,1,1,2,Crystal structure of FXR fused with a HD3 peptide in complex with agonist QT0127,,,True,False
8HF8,Human PPAR delta ligand binding domain in complex with a synthetic agonist V1,experimental,"[""X-RAY DIFFRACTION""]",[2.11],[0.1988],[0.2296],2022-11-09T00:00:00Z,2023-09-06T00:00:00Z,2023-09-06T00:00:00Z,P 1 21 1,1,1,2,2,Discovery of the First Subnanomolar PPAR alpha / delta Dual Agonist for the Treatment of Cholestatic Liver Diseases.,10.1021/acs.jmedchem.2c02123,2023.0,True,False
8HHP,"Crystal structure of PPARg-LBD complexed with three partial agonists, one nTZDpa and two LT175",experimental,"[""X-RAY DIFFRACTION""]",[2.45],[0.2137],[0.2864],2022-11-16T00:00:00Z,2023-11-22T00:00:00Z,2026-03-04T00:00:00Z,P 43 21 2,1,1,2,1,Covalent Modifier Discovery Using Hydrogen/Deuterium Exchange-Mass Spectrometry.,10.1021/acs.jmedchem.2c01986,2023.0,True,False
8HHQ,Covalent bond formation between cysteine of PPARg-LBD and iodoacetic acid,experimental,"[""X-RAY DIFFRACTION""]",[2.4],[0.20976],[0.26627],2022-11-16T00:00:00Z,2023-09-20T00:00:00Z,2026-03-04T00:00:00Z,C 1 2 1,1,1,1,2,Covalent Modifier Discovery Using Hydrogen/Deuterium Exchange-Mass Spectrometry.,10.1021/acs.jmedchem.2c01986,2023.0,True,False
8HUK,X-ray structure of human PPAR alpha ligand binding domain-lanifibranor-SRC1 coactivator peptide co-crystals obtained by soaking,experimental,"[""X-RAY DIFFRACTION""]",[2.981],[0.1974],[0.2537],2022-12-24T00:00:00Z,2023-08-09T00:00:00Z,2023-09-06T00:00:00Z,P 1 21 1,2,2,1,3,"Functional and Structural Insights into the Human PPAR alpha / delta / gamma Targeting Preferences of Anti-NASH Investigational Drugs, Lanifibranor, Seladelpar, and Elafibranor.",10.3390/antiox12081523,2023.0,True,False
8HUL,X-ray structure of human PPAR delta ligand binding domain-lanifibranor co-crystals obtained by co-crystallization,experimental,"[""X-RAY DIFFRACTION""]",[2.461],[0.2109],[0.2433],2022-12-24T00:00:00Z,2023-08-09T00:00:00Z,2023-09-06T00:00:00Z,P 1 21 1,1,1,1,2,"Functional and Structural Insights into the Human PPAR alpha / delta / gamma Targeting Preferences of Anti-NASH Investigational Drugs, Lanifibranor, Seladelpar, and Elafibranor.",10.3390/antiox12081523,2023.0,True,False
8HUM,X-ray structure of human PPAR gamma ligand binding domain-lanifibranor-SRC1 coactivator peptide co-crystals obtained by co-crystallization,experimental,"[""X-RAY DIFFRACTION""]",[2.29],[0.2057],[0.2504],2022-12-24T00:00:00Z,2023-08-09T00:00:00Z,2023-09-06T00:00:00Z,P 21 21 21,2,2,1,2,"Functional and Structural Insights into the Human PPAR alpha / delta / gamma Targeting Preferences of Anti-NASH Investigational Drugs, Lanifibranor, Seladelpar, and Elafibranor.",10.3390/antiox12081523,2023.0,True,False
8HUN,X-ray structure of human PPAR alpha ligand binding domain-seladelpar co-crystals obtained by cross-seeding,experimental,"[""X-RAY DIFFRACTION""]",[2.01],[0.2001],[0.2283],2022-12-24T00:00:00Z,2023-08-09T00:00:00Z,2023-09-06T00:00:00Z,P 1 21 1,1,1,2,1,"Functional and Structural Insights into the Human PPAR alpha / delta / gamma Targeting Preferences of Anti-NASH Investigational Drugs, Lanifibranor, Seladelpar, and Elafibranor.",10.3390/antiox12081523,2023.0,True,False
8HUO,X-ray structure of human PPAR delta ligand binding domain-seladelpar co-crystals obtained by co-crystallization,experimental,"[""X-RAY DIFFRACTION""]",[2.671],[0.1946],[0.2521],2022-12-24T00:00:00Z,2023-08-09T00:00:00Z,2023-09-06T00:00:00Z,P 1 21 1,1,1,1,2,"Functional and Structural Insights into the Human PPAR alpha / delta / gamma Targeting Preferences of Anti-NASH Investigational Drugs, Lanifibranor, Seladelpar, and Elafibranor.",10.3390/antiox12081523,2023.0,True,False
8HUP,X-ray structure of human PPAR gamma ligand binding domain-seladelpar-SRC1 coactivator peptide co-crystals obtained by co-crystallization,experimental,"[""X-RAY DIFFRACTION""]",[2.36],[0.2049],[0.2338],2022-12-24T00:00:00Z,2023-08-09T00:00:00Z,2023-09-06T00:00:00Z,P 21 21 21,2,2,1,2,"Functional and Structural Insights into the Human PPAR alpha / delta / gamma Targeting Preferences of Anti-NASH Investigational Drugs, Lanifibranor, Seladelpar, and Elafibranor.",10.3390/antiox12081523,2023.0,True,False
8HUQ,X-ray structure of human PPAR alpha ligand binding domain-elafibranor-SRC1 coactivator peptide co-crystals obtained by soaking,experimental,"[""X-RAY DIFFRACTION""]",[1.65],[0.1864],[0.2135],2022-12-24T00:00:00Z,2023-08-09T00:00:00Z,2023-09-06T00:00:00Z,P 1 21 1,2,2,2,2,"Functional and Structural Insights into the Human PPAR alpha / delta / gamma Targeting Preferences of Anti-NASH Investigational Drugs, Lanifibranor, Seladelpar, and Elafibranor.",10.3390/antiox12081523,2023.0,True,False
8IFO,Crystal structure of estrogen related receptor-gamma DNA binding domain complexed with Pla2g12b promoter,experimental,"[""X-RAY DIFFRACTION""]",[2.2],[0.21859],[0.26001],2023-02-19T00:00:00Z,2023-03-29T00:00:00Z,2024-05-01T00:00:00Z,C 1 2 1,3,1,2,7,ERR gamma-DBD undergoes dimerization and conformational rearrangement upon binding to the downstream site of the DR1 element.,10.1016/j.bbrc.2023.03.038,2023.0,True,False
8IQN,"Crystal structure of the human vitamin D receptor ligand binding domain complexed with 24,24-F2-25(OH)D3",experimental,"[""X-RAY DIFFRACTION""]",[1.639],[0.1812],[0.206],2023-03-17T00:00:00Z,2024-03-27T00:00:00Z,2024-03-27T00:00:00Z,P 21 21 21,1,1,1,1,"Crystal structure of the human vitamin D receptor ligand binding domain complexed with 24,24-F2-25(OH)D3",,,True,False
8IQT,Crystal structure of the human vitamin D receptor ligand binding domain complexed with (23R)-F-25(OH)D3,experimental,"[""X-RAY DIFFRACTION""]",[1.745],[0.1816],[0.2071],2023-03-17T00:00:00Z,2024-03-27T00:00:00Z,2024-03-27T00:00:00Z,P 21 21 21,1,1,1,1,Crystal structure of the human vitamin D receptor ligand binding domain complexed with (23R)-F-25(OH)D3,,,True,False
8PBO,Deep interactome learning for generative drug design,experimental,"[""X-RAY DIFFRACTION""]",[1.85],[0.1707],[0.2128],2023-06-09T00:00:00Z,2024-05-15T00:00:00Z,2024-05-15T00:00:00Z,C 1 2 1,1,1,3,2,Prospective de novo drug design with deep interactome learning.,10.1038/s41467-024-47613-w,2024.0,True,False
8PKI,Cryo-EM structure of NR5A2-nucleosome complex SHL+5.5,experimental,"[""ELECTRON MICROSCOPY""]",[2.58],[],[],2023-06-26T00:00:00Z,2024-02-28T00:00:00Z,2024-05-29T00:00:00Z,,7,5,1,11,Nucleosome-bound NR5A2 structure reveals pioneer factor mechanism by DNA minor groove anchor competition.,10.1038/s41594-024-01239-0,2024.0,True,False
8PP0,Crystal structure of Retinoic Acid Receptor alpha (RXRA) in complexed with JP147,experimental,"[""X-RAY DIFFRACTION""]",[1.9],[0.17984],[0.2226],2023-07-05T00:00:00Z,2024-02-07T00:00:00Z,2024-02-21T00:00:00Z,P 43 21 2,2,2,1,2,Structure-Guided Design of a Highly Potent Partial RXR Agonist with Superior Physicochemical Properties.,10.1021/acs.jmedchem.3c02095,2024.0,True,False
8R00,Crystal structure of the human PXR ligand-binding domain in complex with furanodienone,experimental,"[""X-RAY DIFFRACTION""]",[1.95],[0.1948],[0.2149],2023-10-30T00:00:00Z,2025-04-16T00:00:00Z,2025-04-16T00:00:00Z,P 43 21 2,1,1,1,1,An abundant ginger compound furanodienone alleviates gut inflammation via the xenobiotic nuclear receptor PXR in mice.,10.1038/s41467-025-56624-0,2025.0,True,False
8R81,Crystal structure of the hPXR-LBD in complex with compound JMV6845,experimental,"[""X-RAY DIFFRACTION""]",[2.45],[0.1718],[0.2213],2023-11-27T00:00:00Z,2025-06-11T00:00:00Z,2025-09-17T00:00:00Z,P 43 21 2,1,1,3,1,Targeting pregnane X receptor with a potent agonist-based PROTAC to delay colon cancer relapse.,10.1038/s41389-025-00573-2,2025.0,True,False
8R82,Crystal structure of the hPXR-LBD in complex with compound JMV6944,experimental,"[""X-RAY DIFFRACTION""]",[2.1],[0.1941],[0.2357],2023-11-27T00:00:00Z,2025-06-11T00:00:00Z,2025-09-17T00:00:00Z,P 43 21 2,1,1,4,1,Targeting pregnane X receptor with a potent agonist-based PROTAC to delay colon cancer relapse.,10.1038/s41389-025-00573-2,2025.0,True,False
8RCE,Crystal structure of PPAR alfa Ligand Binding Domain in complex with the ligand LBB78,experimental,"[""X-RAY DIFFRACTION""]",[3.0],[0.2294],[0.29981],2023-12-06T00:00:00Z,2024-10-16T00:00:00Z,2024-10-16T00:00:00Z,P 41 21 2,1,1,1,1,A chemical modification of a peroxisome proliferator-activated receptor pan agonist produced a shift to a new dual alpha/gamma partial agonist endowed with mitochondrial pyruvate carrier inhibition and antidiabetic properties.,10.1016/j.ejmech.2024.116567,2024.0,True,False
8REJ,Crystal structure of PPAR gamma Ligand Binding Domain in complex with the ligand LBB78,experimental,"[""X-RAY DIFFRACTION""]",[3.16],[0.2187],[0.2664],2023-12-11T00:00:00Z,2024-10-16T00:00:00Z,2024-10-16T00:00:00Z,C 1 2 1,1,1,1,2,A chemical modification of a peroxisome proliferator-activated receptor pan agonist produced a shift to a new dual alpha/gamma partial agonist endowed with mitochondrial pyruvate carrier inhibition and antidiabetic properties.,10.1016/j.ejmech.2024.116567,2024.0,True,False
8RM6,Crystal Structure of Human Androgen Receptor DNA Binding Domain Bound to its Response Element: C3(1)ARE,experimental,"[""X-RAY DIFFRACTION""]",[2.05],[0.2211],[0.2468],2024-01-05T00:00:00Z,2024-04-24T00:00:00Z,2024-04-24T00:00:00Z,P 2 21 2,3,1,1,4,Structural mechanism underlying variations in DNA binding by the androgen receptor.,10.1016/j.jsbmb.2024.106499,2024.0,True,False
8RM7,Crystal Structure of Human Androgen Receptor DNA Binding Domain Bound to its Response Element: MMTV-177 GRE/ARE,experimental,"[""X-RAY DIFFRACTION""]",[2.25],[0.2671],[0.31],2024-01-05T00:00:00Z,2024-04-24T00:00:00Z,2024-04-24T00:00:00Z,C 1 2 1,3,1,1,4,Structural mechanism underlying variations in DNA binding by the androgen receptor.,10.1016/j.jsbmb.2024.106499,2024.0,True,False
8RQN,Human thyroid hormone receptor beta ligand binding domain in complex with beta-selective agonist ALG-055009,experimental,"[""X-RAY DIFFRACTION""]",[2.88],[0.21573],[0.26237],2024-01-18T00:00:00Z,2024-09-11T00:00:00Z,2024-11-20T00:00:00Z,P 31 2 1,1,1,1,1,"Discovery and Preclinical Profile of ALG-055009, a Potent and Selective Thyroid Hormone Receptor Beta (THR-beta ) Agonist for the Treatment of MASH.",10.1021/acs.jmedchem.4c01029,2024.0,True,False
8RQO,Human thyroid hormone receptor alpha ligand binding domain in complex with beta-selective agonist ALG-055009,experimental,"[""X-RAY DIFFRACTION""]",[2.74],[0.19348],[0.22784],2024-01-18T00:00:00Z,2024-09-11T00:00:00Z,2024-09-25T00:00:00Z,P 65 2 2,1,1,2,1,"Discovery and Preclinical Profile of ALG-055009, a Potent and Selective Thyroid Hormone Receptor Beta (THR-beta ) Agonist for the Treatment of MASH.",10.1021/acs.jmedchem.4c01029,2024.0,True,False
8SC9,Structure of PPARG in complex with MTX-531,experimental,"[""X-RAY DIFFRACTION""]",[1.855],[0.2116],[0.2411],2023-04-05T00:00:00Z,2024-06-12T00:00:00Z,2024-12-25T00:00:00Z,C 1 2 1,1,1,3,2,A first-in-class selective inhibitor of EGFR and PI3K offers a single-molecule approach to targeting adaptive resistance.,10.1038/s43018-024-00781-6,2024.0,True,False
8SVN,Crystal structure of the apo form of pregnane X receptor ligand binding domain,experimental,"[""X-RAY DIFFRACTION""]",[2.2],[0.2104],[0.2354],2023-05-17T00:00:00Z,2024-05-15T00:00:00Z,2024-05-29T00:00:00Z,P 21 21 21,1,1,0,2,Chemical manipulation of an activation/inhibition switch in the nuclear receptor PXR.,10.1038/s41467-024-48472-1,2024.0,True,False
8SVO,Crystal structure of pregnane X receptor ligand binding domain in complex with SJPYT-310,experimental,"[""X-RAY DIFFRACTION""]",[2.35],[0.206],[0.2384],2023-05-17T00:00:00Z,2024-05-15T00:00:00Z,2024-05-29T00:00:00Z,P 21 21 21,1,1,2,2,Chemical manipulation of an activation/inhibition switch in the nuclear receptor PXR.,10.1038/s41467-024-48472-1,2024.0,True,False
8SVP,Crystal structure of pregnane X receptor ligand binding domain in complex with SJPYT-278,experimental,"[""X-RAY DIFFRACTION""]",[3.32],[0.2189],[0.252],2023-05-17T00:00:00Z,2024-05-15T00:00:00Z,2024-05-29T00:00:00Z,P 21 21 21,1,1,2,2,Chemical manipulation of an activation/inhibition switch in the nuclear receptor PXR.,10.1038/s41467-024-48472-1,2024.0,True,False
8SVQ,Crystal structure of pregnane X receptor ligand binding domain in complex with SJPYT-312,experimental,"[""X-RAY DIFFRACTION""]",[2.75],[0.2301],[0.2618],2023-05-17T00:00:00Z,2024-05-15T00:00:00Z,2024-05-29T00:00:00Z,P 21 21 21,1,1,2,2,Chemical manipulation of an activation/inhibition switch in the nuclear receptor PXR.,10.1038/s41467-024-48472-1,2024.0,True,False
8SVR,Crystal structure of pregnane X receptor ligand binding domain in complex with SJPYT-326,experimental,"[""X-RAY DIFFRACTION""]",[2.92],[0.2244],[0.2582],2023-05-17T00:00:00Z,2024-05-15T00:00:00Z,2024-05-29T00:00:00Z,P 21 21 21,1,1,2,2,Chemical manipulation of an activation/inhibition switch in the nuclear receptor PXR.,10.1038/s41467-024-48472-1,2024.0,True,False
8SVS,Crystal structure of pregnane X receptor ligand binding domain in complex with SJPYT-328,experimental,"[""X-RAY DIFFRACTION""]",[2.68],[0.2237],[0.2503],2023-05-17T00:00:00Z,2024-05-15T00:00:00Z,2024-06-05T00:00:00Z,P 21 21 21,1,1,1,2,Chemical manipulation of an activation/inhibition switch in the nuclear receptor PXR.,10.1038/s41467-024-48472-1,2024.0,True,False
8SVT,Crystal structure of pregnane X receptor ligand binding domain in complex with SJPYT-331,experimental,"[""X-RAY DIFFRACTION""]",[2.39],[0.2021],[0.2367],2023-05-17T00:00:00Z,2024-05-15T00:00:00Z,2024-06-05T00:00:00Z,P 21 21 21,1,1,2,2,Chemical manipulation of an activation/inhibition switch in the nuclear receptor PXR.,10.1038/s41467-024-48472-1,2024.0,True,False
8SVU,Crystal structure of the L428V mutant of pregnane X receptor ligand binding domain in apo form,experimental,"[""X-RAY DIFFRACTION""]",[2.89],[0.2042],[0.2441],2023-05-17T00:00:00Z,2024-05-15T00:00:00Z,2024-06-05T00:00:00Z,P 21 21 21,1,1,1,2,Chemical manipulation of an activation/inhibition switch in the nuclear receptor PXR.,10.1038/s41467-024-48472-1,2024.0,True,False
8SVX,Crystal structure of the L428V mutant of pregnane X receptor ligand binding domain in complex with SJPYT-331,experimental,"[""X-RAY DIFFRACTION""]",[2.14],[0.2072],[0.2349],2023-05-17T00:00:00Z,2024-05-15T00:00:00Z,2024-06-05T00:00:00Z,P 21 21 21,1,1,2,2,Chemical manipulation of an activation/inhibition switch in the nuclear receptor PXR.,10.1038/s41467-024-48472-1,2024.0,True,False
8SZV,Crystal structure of pregnane X receptor ligand binding domain complexed with T0901317 analog SJPYT-318,experimental,"[""X-RAY DIFFRACTION""]",[2.2],[0.2113],[0.2232],2023-05-30T00:00:00Z,2023-10-11T00:00:00Z,2023-12-20T00:00:00Z,P 43 21 2,1,1,1,1,Ligand flexibility and binding pocket malleability cooperate to allow selective PXR activation by analogs of a promiscuous nuclear receptor ligand.,10.1016/j.str.2023.08.020,2023.0,True,False
8U57,PPARg LBD in complex with perfluorooctanoic acid (PFOA),experimental,"[""X-RAY DIFFRACTION""]",[2.0],[0.2208],[0.2538],2023-09-12T00:00:00Z,2024-07-24T00:00:00Z,2024-10-30T00:00:00Z,P 43 21 2,1,1,2,1,A structural basis for the activation of peroxisome proliferator-activated receptor gamma (PPAR gamma ) by perfluorooctanoic acid (PFOA).,10.1016/j.chemosphere.2024.141723,2024.0,True,False
8VKZ,Crystal structure of Glucocorticoid Receptor in complex with an inhibitor,experimental,"[""X-RAY DIFFRACTION""]",[2.133],[0.187],[0.2452],2024-01-10T00:00:00Z,2024-01-24T00:00:00Z,2024-05-08T00:00:00Z,P 1 21 1,2,2,1,4,Minimising the payload solvent exposed hydrophobic surface area optimises the antibody-drug conjugate properties.,10.1039/d3md00540b,2024.0,True,False
8VV1,Estrogen receptor alpha ligand binding domain in complex with palazestrant,experimental,"[""X-RAY DIFFRACTION""]",[2.196],[0.1989],[0.2306],2024-01-30T00:00:00Z,2025-03-19T00:00:00Z,2026-04-01T00:00:00Z,C 1 2 1,1,1,2,2,"Discovery of Palazestrant (OP-1250), a Potent and Orally Bioavailable Complete Estrogen Receptor Antagonist (CERAN) and Selective Estrogen Receptor Degrader (SERD).",10.1021/acsomega.4c11023,2025.0,True,False
8VYT,"Crystal Structure of the ER-alpha Ligand-binding Domain (L372S, L536S) in complex with k-411",experimental,"[""X-RAY DIFFRACTION""]",[1.61],[0.1796],[0.2118],2024-02-09T00:00:00Z,2024-06-12T00:00:00Z,2024-06-12T00:00:00Z,P 1,1,1,1,4,Asymmetric allostery in estrogen receptor-alpha homodimers drives responses to the ensemble of estrogens in the hormonal milieu.,10.1073/pnas.2321344121,2024.0,True,False
8VYX,"Crystal Structure of the ER-alpha Ligand-binding Domain (L372S, L536S) in complex with k-410",experimental,"[""X-RAY DIFFRACTION""]",[1.69],[0.2086],[0.2462],2024-02-09T00:00:00Z,2024-06-12T00:00:00Z,2024-06-12T00:00:00Z,P 1,1,1,1,4,Asymmetric allostery in estrogen receptor-alpha homodimers drives responses to the ensemble of estrogens in the hormonal milieu.,10.1073/pnas.2321344121,2024.0,True,False
8VZ0,"Crystal Structure of the ER-alpha Ligand-binding Domain (L372S, L536S) in complex with k-400",experimental,"[""X-RAY DIFFRACTION""]",[1.86],[0.2069],[0.249],2024-02-09T00:00:00Z,2024-06-12T00:00:00Z,2024-06-12T00:00:00Z,P 1,1,1,1,4,Asymmetric allostery in estrogen receptor-alpha homodimers drives responses to the ensemble of estrogens in the hormonal milieu.,10.1073/pnas.2321344121,2024.0,True,False
8VZ1,"Crystal Structure of the ER-alpha Ligand-binding Domain (L372S, L536S) in complex with k-409",experimental,"[""X-RAY DIFFRACTION""]",[1.82],[0.2248],[0.2745],2024-02-09T00:00:00Z,2024-06-12T00:00:00Z,2024-06-12T00:00:00Z,P 1,1,1,1,4,Asymmetric allostery in estrogen receptor-alpha homodimers drives responses to the ensemble of estrogens in the hormonal milieu.,10.1073/pnas.2321344121,2024.0,True,False
8VZP,"Crystal Structure of the ER-alpha Ligand-binding Domain (L372S, L536S) in complex with k-403",experimental,"[""X-RAY DIFFRACTION""]",[1.72],[0.1809],[0.2216],2024-02-12T00:00:00Z,2024-06-12T00:00:00Z,2024-06-12T00:00:00Z,P 1,1,1,1,4,Asymmetric allostery in estrogen receptor-alpha homodimers drives responses to the ensemble of estrogens in the hormonal milieu.,10.1073/pnas.2321344121,2024.0,True,False
8VZQ,"Crystal Structure of the ER-alpha Ligand-binding Domain (L372S, L536S) in complex with k-406",experimental,"[""X-RAY DIFFRACTION""]",[1.75],[0.1833],[0.2201],2024-02-12T00:00:00Z,2024-06-12T00:00:00Z,2024-06-12T00:00:00Z,P 1,1,1,2,4,Asymmetric allostery in estrogen receptor-alpha homodimers drives responses to the ensemble of estrogens in the hormonal milieu.,10.1073/pnas.2321344121,2024.0,True,False
8W03,"Crystal Structure of the ER-alpha Ligand-binding Domain (L372S, L536S) in complex with k-1154",experimental,"[""X-RAY DIFFRACTION""]",[1.68],[0.2011],[0.2447],2024-02-13T00:00:00Z,2024-06-12T00:00:00Z,2024-06-12T00:00:00Z,P 1,1,1,1,4,Asymmetric allostery in estrogen receptor-alpha homodimers drives responses to the ensemble of estrogens in the hormonal milieu.,10.1073/pnas.2321344121,2024.0,True,False
8W07,"Crystal Structure of the ER-alpha Ligand-binding Domain (L372S, L536S) in complex with k-402",experimental,"[""X-RAY DIFFRACTION""]",[1.83],[0.1787],[0.2177],2024-02-13T00:00:00Z,2024-06-12T00:00:00Z,2024-06-12T00:00:00Z,P 1,1,1,2,4,Asymmetric allostery in estrogen receptor-alpha homodimers drives responses to the ensemble of estrogens in the hormonal milieu.,10.1073/pnas.2321344121,2024.0,True,False
8WFE,The Crystal Structure of PPARg from Biortus.,experimental,"[""X-RAY DIFFRACTION""]",[2.2],[0.2172],[0.2479],2023-09-19T00:00:00Z,2023-11-22T00:00:00Z,2024-11-27T00:00:00Z,C 1 2 1,1,1,2,2,The Crystal Structure of PPARg from Biortus.,,,True,False
8WUY,"Crystal Structure of TR3 LBD in complex with para-positioned 3,4,5-trisubstituted benzene derivatives",experimental,"[""X-RAY DIFFRACTION""]",[2.6],[0.2006],[0.2426],2023-10-21T00:00:00Z,2024-01-24T00:00:00Z,2024-01-31T00:00:00Z,P 21 21 21,1,1,1,2,"Structure-based design and synthesis of anti-fibrotic compounds derived from para-positioned 3,4,5-trisubstituted benzene.",10.1016/j.bioorg.2024.107113,2024.0,True,False
8X7E,Crystal Structure of the mutant Human ROR gamma Ligand Binding Domain With JTE-151,experimental,"[""X-RAY DIFFRACTION""]",[2.3],[0.2192],[0.2632],2023-11-24T00:00:00Z,2024-11-27T00:00:00Z,2024-11-27T00:00:00Z,P 1 21 1,2,2,1,8,Discovery and SAR of JTE-151: A Novel ROR gamma Inhibitor for Clinical Development.,10.1021/acs.jmedchem.3c01933,2024.0,True,False
8XTT,Nuclear receptor Nor1 ligand binding domain,experimental,"[""SOLUTION NMR""]",[],[],[],2024-01-11T00:00:00Z,2025-01-15T00:00:00Z,2025-01-15T00:00:00Z,,1,1,0,1,Nuclear receptor Nor1 ligand binding domain,,,True,False
8XU5,The Crystal Structure of RORgT from Biortus.,experimental,"[""X-RAY DIFFRACTION""]",[3.5],[0.2011],[0.2493],2024-01-12T00:00:00Z,2024-01-24T00:00:00Z,2024-01-24T00:00:00Z,P 61,1,1,0,2,The Crystal Structure of RORgT from Biortus.,,,True,False
8Y7L,"Crystal Structure of Nur77 LBD in complex with N-(2'-(4-hydroxypiperidin-1-yl)-[4,4'-bipyridin]-2-yl)cinnamamide",experimental,"[""X-RAY DIFFRACTION""]",[2.683],[0.2042],[0.2425],2024-02-04T00:00:00Z,2024-07-24T00:00:00Z,2025-01-29T00:00:00Z,P 21 21 21,1,1,1,2,Discovery of a novel exceptionally potent and orally active Nur77 ligand NB1 with a distinct binding mode for cancer therapy.,10.1016/j.apsb.2024.07.012,2024.0,True,False
8YT6,"Human PPAR alpha ligand binding domain in complex with a 1H-pyrazolo[3,4-b]pyridine-derived compound",experimental,"[""X-RAY DIFFRACTION""]",[1.85],[0.2321],[0.2651],2024-03-25T00:00:00Z,2025-04-02T00:00:00Z,2025-04-02T00:00:00Z,P 21 21 21,2,2,1,2,"Structural evolution of 1H-pyrazolo[3,4-b]pyridine-derived PPARalpha activators as leads for nonalcoholic steatohepatitis",,,True,False
8YT9,"Human PPAR alpha ligand binding domain in complex with a 1H-pyrazolo[3,4-b]pyridine-derived compound",experimental,"[""X-RAY DIFFRACTION""]",[1.59],[0.1839],[0.2065],2024-03-25T00:00:00Z,2025-04-02T00:00:00Z,2025-04-02T00:00:00Z,P 1 21 1,2,2,1,2,"Structural evolution of 1H-pyrazolo[3,4-b]pyridine-derived PPARalpha activators as leads for nonalcoholic steatohepatitis",,,True,False
8YTL,"Human PPAR alpha ligand binding domain in complex with a 1H-pyrazolo[3,4-b]pyridine-derived compound",experimental,"[""X-RAY DIFFRACTION""]",[2.0],[0.2268],[0.2603],2024-03-26T00:00:00Z,2025-04-02T00:00:00Z,2025-04-02T00:00:00Z,P 21 21 21,2,2,2,2,"Structural evolution of 1H-pyrazolo[3,4-b]pyridine-derived PPARalpha activators as leads for nonalcoholic steatohepatitis",,,True,False
8YU8,"Human PPAR alpha ligand binding domain in complex with a 1H-pyrazolo[3,4-b]pyridine-derived compound",experimental,"[""X-RAY DIFFRACTION""]",[1.95],[0.2183],[0.2594],2024-03-27T00:00:00Z,2025-04-02T00:00:00Z,2025-04-02T00:00:00Z,P 21 21 21,2,2,1,2,"Structural evolution of 1H-pyrazolo[3,4-b]pyridine-derived PPARalpha activators as leads for nonalcoholic steatohepatitis",,,True,False
8YWU,"Human PPAR alpha ligand binding domain in complex with a 1H-pyrazolo[3,4-b]pyridine-derived compound",experimental,"[""X-RAY DIFFRACTION""]",[1.77],[0.1884],[0.2295],2024-04-01T00:00:00Z,2025-04-09T00:00:00Z,2025-04-09T00:00:00Z,P 1 21 1,2,2,1,2,"Structural evolution of 1H-pyrazolo[3,4-b]pyridine-derived PPARalpha activators as leads for nonalcoholic steatohepatitis",,,True,False
8YWV,"Human PPAR alpha ligand binding domain in complex with a 1H-pyrazolo[3,4-b]pyridine-derived compound",experimental,"[""X-RAY DIFFRACTION""]",[2.01],[0.2021],[0.2511],2024-04-01T00:00:00Z,2025-04-09T00:00:00Z,2025-04-09T00:00:00Z,P 21 21 21,2,2,1,2,"Structural evolution of 1H-pyrazolo[3,4-b]pyridine-derived PPARalpha activators as leads for nonalcoholic steatohepatitis",,,True,False
8Z5A,Crystal Structure of Nur77 LBD in complex with NLM1,experimental,"[""X-RAY DIFFRACTION""]",[2.179],[0.239],[0.2738],2024-04-18T00:00:00Z,2025-04-23T00:00:00Z,2025-04-23T00:00:00Z,P 21 21 21,1,1,2,2,Crystal Structure of Nur77 LBD in complex with NLM1,,,True,False
8ZFN,Crystal Structure of Human PPARgamma Ligand Binding Domain in Complex with GW9662 and BVT.13,experimental,"[""X-RAY DIFFRACTION""]",[2.54],[0.2466],[0.3214],2024-05-08T00:00:00Z,2024-08-07T00:00:00Z,2025-04-23T00:00:00Z,C 1 2 1,1,1,2,2,Unanticipated mechanisms of covalent inhibitor and synthetic ligand cobinding to PPAR gamma.,10.7554/eLife.99782,2024.0,True,False
8ZFO,Crystal Structure of Human PPARgamma Ligand Binding Domain in Complex with GW9662 and nTZDpa,experimental,"[""X-RAY DIFFRACTION""]",[3.15],[0.2116],[0.2961],2024-05-08T00:00:00Z,2024-08-07T00:00:00Z,2025-04-23T00:00:00Z,C 1 2 1,1,1,2,2,Unanticipated mechanisms of covalent inhibitor and synthetic ligand cobinding to PPAR gamma.,10.7554/eLife.99782,2024.0,True,False
8ZFP,Crystal Structure of Human PPARgamma Ligand Binding Domain in Complex with GW9662 and MRL24,experimental,"[""X-RAY DIFFRACTION""]",[2.48],[0.237],[0.303],2024-05-08T00:00:00Z,2024-08-07T00:00:00Z,2025-04-23T00:00:00Z,C 1 2 1,1,1,2,2,Unanticipated mechanisms of covalent inhibitor and synthetic ligand cobinding to PPAR gamma.,10.7554/eLife.99782,2024.0,True,False
8ZFQ,Crystal Structure of Human PPARgamma Ligand Binding Domain in Complex with T0070907 and BVT.13,experimental,"[""X-RAY DIFFRACTION""]",[2.49],[0.2307],[0.304],2024-05-08T00:00:00Z,2024-08-07T00:00:00Z,2025-04-23T00:00:00Z,C 1 2 1,1,1,2,2,Unanticipated mechanisms of covalent inhibitor and synthetic ligand cobinding to PPAR gamma.,10.7554/eLife.99782,2024.0,True,False
8ZFR,Crystal Structure of Human PPARgamma Ligand Binding Domain in Complex with T0070907 and nTZDpa,experimental,"[""X-RAY DIFFRACTION""]",[2.73],[0.2448],[0.3019],2024-05-08T00:00:00Z,2024-08-07T00:00:00Z,2025-04-23T00:00:00Z,C 1 2 1,1,1,2,2,Unanticipated mechanisms of covalent inhibitor and synthetic ligand cobinding to PPAR gamma.,10.7554/eLife.99782,2024.0,True,False
8ZFS,Crystal Structure of Human PPARgamma Ligand Binding Domain in Complex with T0070907 and MRL24,experimental,"[""X-RAY DIFFRACTION""]",[2.56],[0.222],[0.2714],2024-05-08T00:00:00Z,2024-08-07T00:00:00Z,2025-04-23T00:00:00Z,C 1 2 1,1,1,2,2,Unanticipated mechanisms of covalent inhibitor and synthetic ligand cobinding to PPAR gamma.,10.7554/eLife.99782,2024.0,True,False
8ZFT,Crystal Structure of Human PPARgamma Ligand Binding Domain in Complex with T0070907 and SR1664,experimental,"[""X-RAY DIFFRACTION""]",[3.2],[0.2015],[0.2799],2024-05-08T00:00:00Z,2024-08-07T00:00:00Z,2025-04-23T00:00:00Z,C 1 2 1,1,1,2,2,Unanticipated mechanisms of covalent inhibitor and synthetic ligand cobinding to PPAR gamma.,10.7554/eLife.99782,2024.0,True,False
8ZNN,X-ray structure of human PPAR delta ligand binding domain in complex with a synthetic agonist 16a,experimental,"[""X-RAY DIFFRACTION""]",[1.95],[0.19],[0.227],2024-05-27T00:00:00Z,2025-12-24T00:00:00Z,2026-07-08T00:00:00Z,P 2 21 21,1,1,1,1,"Design, Synthesis, and Biological Evaluation of Arylimidazole Derivatives as Potent PPAR delta Agonists for the Treatment of Renal Fibrosis.",10.1021/acs.jmedchem.5c03132,2026.0,True,False
9B25,"Crystal Structure of the ER-alpha Ligand-binding Domain (L372S, L536S) in complex with NA98",experimental,"[""X-RAY DIFFRACTION""]",[1.45],[0.1938],[0.2232],2024-03-14T00:00:00Z,2025-08-27T00:00:00Z,2025-08-27T00:00:00Z,P 1 21 1,1,1,1,4,"Crystal Structure of the ER-alpha Ligand-binding Domain (L372S, L536S) in complex with NA98",,,True,False
9B2B,Estrogen Receptor Alpha Ligand Binding Domain in Complex with a Complete Estrogen Receptor Antagonists that Favors Tetramer Formation,experimental,"[""X-RAY DIFFRACTION""]",[2.08],[0.2592],[0.3182],2024-03-14T00:00:00Z,2025-08-27T00:00:00Z,2026-09-09T00:00:00Z,C 1 2 1,1,1,1,4,Allosteric Induction of Estrogen Receptor Ligand Binding Domain Tetramerization by a Distinct Complete Estrogen Receptor Antagonist.,10.1021/acsmedchemlett.5c00667,2026.0,True,False
9BEQ,Crystal structure of pregnane X receptor ligand binding domain complexed with AP1867,experimental,"[""X-RAY DIFFRACTION""]",[2.6],[0.2151],[0.2462],2024-04-16T00:00:00Z,2024-10-09T00:00:00Z,2024-12-18T00:00:00Z,P 43 21 2,1,1,1,1,"PROTAC-mediated activation, rather than degradation, of a nuclear receptor reveals complex ligand-receptor interaction network.",10.1016/j.str.2024.09.016,2024.0,True,False
9BPX,"Estrogen Receptor Alpha Ligand Binding Domain Y537S Mutant in Complex with (1'-(4-((1-butylpyrrolidin-3-yl)methoxy)phenyl)-6'-hydroxy-1',4'-dihydro-2'<i>H</i>-spiro[cyclopropane-1,3'-isoquinolin]-2'-yl)(phenyl)methanone",experimental,"[""X-RAY DIFFRACTION""]",[2.2],[0.1858],[0.2211],2024-05-08T00:00:00Z,2025-02-12T00:00:00Z,2025-02-12T00:00:00Z,C 1 2 1,1,1,3,2,Targeting unique ligand binding domain structural features downregulates DKK1 in Y537S ESR1 mutant breast cancer cells.,10.1186/s13058-024-01945-z,2025.0,True,False
9BQE,"Estrogen Receptor Alpha Ligand Binding Domain Y537S Mutant in Complex with (6'-hydroxy-1'-(4-(2-(1-propylpyrrolidin-3-yl)ethoxy)phenyl)-1',4'-dihydro-2'<i>H</i>-spiro[cyclopropane-1,3'-isoquinolin]-2'-yl)(phenyl)methanone",experimental,"[""X-RAY DIFFRACTION""]",[1.98],[0.2175],[0.2665],2024-05-09T00:00:00Z,2024-06-19T00:00:00Z,2025-01-29T00:00:00Z,C 1 2 1,1,1,1,2,Targeting unique ligand binding domain structural features downregulates DKK1 in Y537S ESR1 mutant breast cancer cells.,10.1186/s13058-024-01945-z,2025.0,True,False
9BU1,"Estrogen Receptor Alpha Ligand Binding Domain Y537S Mutant in Complex with (6'-hydroxy-1'-(4-((1-propylazetidin-3-yl)methoxy)phenyl)-1',4'-dihydro-2'H-spiro[cyclopropane-1,3'-isoquinolin]-2'-yl)(phenyl)methanone",experimental,"[""X-RAY DIFFRACTION""]",[1.75],[0.1939],[0.2262],2024-05-16T00:00:00Z,2024-06-19T00:00:00Z,2025-01-29T00:00:00Z,C 1 2 1,1,1,1,2,Targeting unique ligand binding domain structural features downregulates DKK1 in Y537S ESR1 mutant breast cancer cells.,10.1186/s13058-024-01945-z,2025.0,True,False
9CK0,Cocrystal of PPARg LBD and NFKBIB / IKBB peptide with agonist GW1929,experimental,"[""X-RAY DIFFRACTION""]",[2.6],[0.2499],[0.2958],2024-07-08T00:00:00Z,2024-07-17T00:00:00Z,2024-07-17T00:00:00Z,C 2 2 21,2,2,1,2,Cocrystal of PPARg LBD with NFKBIB / IKBB peptide containing N-anchor motif LxxLL and agonist GW1929,,,True,False
9CWN,NRIP1_133 / RIP140 SxxLxxLL motif coregulator peptide with agonist GW1929 and PPARg LBD,experimental,"[""X-RAY DIFFRACTION""]",[2.7],[0.1977],[0.242],2024-07-29T00:00:00Z,2024-08-14T00:00:00Z,2024-08-14T00:00:00Z,I 2 2 2,2,2,1,2,NRIP1_133 / RIP140 SxxLxxLL motif coregulator peptide with agonist GW1929 and PPARg LBD,,,True,False
9EBG,Crystal structure of the hERalpha LBD complexed with androstenediol and SRC 2-2 peptide,experimental,"[""X-RAY DIFFRACTION""]",[2.02],[0.2047],[0.2479],2024-11-12T00:00:00Z,2025-11-19T00:00:00Z,2025-11-19T00:00:00Z,P 31,2,2,1,4,Crystal structure of the hERalpha LBD complexed with androstenediol and SRC 2-2 peptide,,,True,False
9EBL,Crystal structure of the hERbeta LBD complexed with androstenediol and SRC 2-2 peptide (crystal form 1),experimental,"[""X-RAY DIFFRACTION""]",[2.2],[0.2344],[0.2765],2024-11-12T00:00:00Z,2025-11-19T00:00:00Z,2025-11-19T00:00:00Z,P 1 21 1,2,2,1,8,Crystal structure of the hERalpha LBD complexed with androstenediol and SRC 2-2 peptide,,,True,False
9ECF,Crystal structure of the hERbeta LBD complexed with androstenediol and SRC 2-2 peptide (crystal form 2),experimental,"[""X-RAY DIFFRACTION""]",[2.0],[0.2504],[0.2775],2024-11-14T00:00:00Z,2025-11-19T00:00:00Z,2025-11-19T00:00:00Z,P 1 21 1,2,2,1,16,Crystal structure of the hERbeta LBD complexed with androstenediol and SRC 2-2 peptide,,,True,False
9ECK,Estrogen receptor alpha,experimental,"[""X-RAY DIFFRACTION""]",[3.2],[0.2125],[0.2928],2024-11-14T00:00:00Z,2026-06-24T00:00:00Z,2026-06-24T00:00:00Z,P 1,1,1,1,4,"Human Estrogen Receptor Ligand-Binding Domain Complexed with an Orally Bioavailable, Potent and Selective Degrader.",,,True,False
9F7W,Human PPARgamma ligand binding domain in complex with co-activator 1alpha peptide and bisphenol A (BPA),experimental,"[""X-RAY DIFFRACTION""]",[1.25],[0.1622],[0.1889],2024-05-05T00:00:00Z,2024-07-10T00:00:00Z,2025-08-20T00:00:00Z,P 1 21 1,2,2,1,2,Structural Studies on the Binding Mode of Bisphenols to PPAR gamma.,10.3390/biom14060640,2024.0,True,False
9F7X,Human PPARgamma ligand binding domain in complex with co-activator 1alpha peptide and bisphenol B (BPB),experimental,"[""X-RAY DIFFRACTION""]",[1.63],[0.2493],[0.2899],2024-05-05T00:00:00Z,2024-07-10T00:00:00Z,2024-07-10T00:00:00Z,P 1 21 1,2,2,1,2,Structural Studies on the Binding Mode of Bisphenols to PPAR gamma.,10.3390/biom14060640,2024.0,True,False
9FZG,Crystal structure of the hPXR-LBD in complex with compound JMV7035,experimental,"[""X-RAY DIFFRACTION""]",[2.0],[0.1913],[0.2369],2024-07-05T00:00:00Z,2025-02-19T00:00:00Z,2025-03-12T00:00:00Z,P 43 21 2,1,1,3,1,"A two-in-one expression construct for biophysical and structural studies of the human pregnane X receptor ligand-binding domain, a pharmaceutical and environmental target.",10.1107/S2053230X2500069X,2025.0,True,False
9FZH,Crystal structure of the hPXR-LBD in complex with compound JMV6995,experimental,"[""X-RAY DIFFRACTION""]",[2.5],[0.216],[0.2565],2024-07-05T00:00:00Z,2025-02-19T00:00:00Z,2025-03-12T00:00:00Z,P 43 21 2,1,1,1,1,"A two-in-one expression construct for biophysical and structural studies of the human pregnane X receptor ligand-binding domain, a pharmaceutical and environmental target.",10.1107/S2053230X2500069X,2025.0,True,False
9FZI,A new crystal structure of the hPXR-LBD in fusion with an SRC1 co-activator peptide and in complex with SR12813 (P212121 form),experimental,"[""X-RAY DIFFRACTION""]",[2.7],[0.1936],[0.2371],2024-07-05T00:00:00Z,2025-02-19T00:00:00Z,2025-03-12T00:00:00Z,P 21 21 21,1,1,1,2,"A two-in-one expression construct for biophysical and structural studies of the human pregnane X receptor ligand-binding domain, a pharmaceutical and environmental target.",10.1107/S2053230X2500069X,2025.0,True,False
9FZJ,A new crystal structure of the hPXR-LBD in complex with SR12813 (P43212 form),experimental,"[""X-RAY DIFFRACTION""]",[1.6],[0.182],[0.2086],2024-07-05T00:00:00Z,2025-02-19T00:00:00Z,2025-03-12T00:00:00Z,P 43 21 2,1,1,4,1,"A two-in-one expression construct for biophysical and structural studies of the human pregnane X receptor ligand-binding domain, a pharmaceutical and environmental target.",10.1107/S2053230X2500069X,2025.0,True,False
9GC7,Mineralocorticoid receptor in complex with acylurea antagonists.,experimental,"[""X-RAY DIFFRACTION""]",[1.46],[0.1857],[0.2099],2024-08-01T00:00:00Z,2026-02-18T00:00:00Z,2026-05-13T00:00:00Z,P 21 21 21,2,2,3,2,Mineralocorticoid Receptor Antagonists With an Acylurea as a Key Polar Interaction Motif.,10.1002/cmdc.202501047,2026.0,True,False
9GFE,hRAR LBD protein in complex with AM580 agonist ligand and a stapled peptide,experimental,"[""X-RAY DIFFRACTION""]",[1.583],[0.2042],[0.2291],2024-08-09T00:00:00Z,2025-01-22T00:00:00Z,2025-02-05T00:00:00Z,C 1 2 1,2,2,1,2,Guanidinium-Stapled Helical Peptides for Targeting Protein-Protein Interactions.,10.1002/anie.202416348,2025.0,True,False
9GFI,hRAR alpha LBD-AM580 complex with staple peptide,experimental,"[""X-RAY DIFFRACTION""]",[2.1],[0.2233],[0.2716],2024-08-09T00:00:00Z,2025-02-12T00:00:00Z,2025-02-12T00:00:00Z,C 1 2 1,2,2,1,2,Guanidinium-Stapled Helical Peptides for Targeting Protein-Protein Interactions.,10.1002/anie.202416348,2025.0,True,False
9GFU,Human PPAR-gamma ligand binding domain in complex with AKGO172,experimental,"[""X-RAY DIFFRACTION""]",[2.1],[0.2117],[0.2496],2024-08-12T00:00:00Z,2025-08-20T00:00:00Z,2025-08-20T00:00:00Z,C 1 2 1,1,1,1,2,Development and characterization of novel indazole-based PPAR-gamma partial agonists,,,True,False
9GVP,Human PPAR-gamma ligand binding domain in complex with WG115,experimental,"[""X-RAY DIFFRACTION""]",[2.05],[0.223],[0.2487],2024-09-25T00:00:00Z,2025-10-08T00:00:00Z,2025-10-08T00:00:00Z,C 1 2 1,1,1,1,2,Development and characterization of novel indazole-based PPAR-gamma partial agonists,,,True,False
9GVS,Human PPAR-gamma ligand binding domain in complex with AK176_C,experimental,"[""X-RAY DIFFRACTION""]",[2.1],[0.225],[0.2553],2024-09-25T00:00:00Z,2025-10-08T00:00:00Z,2025-10-08T00:00:00Z,C 1 2 1,1,1,1,2,Development and characterization of novel indazole-based PPAR-gamma partial agonists,,,True,False
9GVT,Human PPAR-gamma ligand binding domain in complex with AK176_D,experimental,"[""X-RAY DIFFRACTION""]",[2.3],[0.2126],[0.2519],2024-09-25T00:00:00Z,2025-10-08T00:00:00Z,2025-10-08T00:00:00Z,C 1 2 1,1,1,1,2,Molecule name: Peroxisome proliferator-activated receptor gamma Ligand Binding Domain,,,True,False
9GW3,Human PPAR-gamma ligand binding domain in complex with LW56,experimental,"[""X-RAY DIFFRACTION""]",[2.0],[0.20914],[0.25167],2024-09-26T00:00:00Z,2025-10-08T00:00:00Z,2025-10-08T00:00:00Z,C 1 2 1,1,1,1,2,Development and characterization of novel indazole-based PPAR-gamma partial agonists,,,True,False
9GW4,Human PPAR-gamma ligand binding domain in complex with LW78,experimental,"[""X-RAY DIFFRACTION""]",[2.2],[0.21981],[0.2484],2024-09-26T00:00:00Z,2025-10-08T00:00:00Z,2025-10-08T00:00:00Z,C 1 2 1,1,1,1,2,Development and characterization of novel indazole-based PPAR-gamma partial agonists,,,True,False
9GW7,Human PPAR-gamma ligand binding domain in complex with LW76,experimental,"[""X-RAY DIFFRACTION""]",[2.1],[0.20957],[0.24839],2024-09-26T00:00:00Z,2025-10-08T00:00:00Z,2025-10-08T00:00:00Z,C 1 2 1,1,1,1,2,Development and characterization of novel indazole-based PPAR-gamma partial agonists,,,True,False
9GW8,Human PPAR-gamma ligand binding domain in complex with LW75,experimental,"[""X-RAY DIFFRACTION""]",[2.2],[0.2182],[0.2568],2024-09-26T00:00:00Z,2025-10-08T00:00:00Z,2025-10-08T00:00:00Z,C 1 2 1,1,1,1,2,Development and characterization of novel indazole-based PPAR-gamma partial agonists,,,True,False
9GWB,Human PPAR-gamma ligand binding domain in complex with LW69,experimental,"[""X-RAY DIFFRACTION""]",[2.2],[0.1983],[0.2452],2024-09-26T00:00:00Z,2025-10-08T00:00:00Z,2025-10-08T00:00:00Z,C 1 2 1,1,1,1,2,Development and characterization of novel indazole-based PPAR-gamma partial agonists,,,True,False
9GWC,Human PPAR-gamma ligand binding domain in complex with LW99,experimental,"[""X-RAY DIFFRACTION""]",[2.0],[0.21164],[0.24729],2024-09-26T00:00:00Z,2025-10-08T00:00:00Z,2025-10-08T00:00:00Z,C 1 2 1,1,1,1,2,Development and characterization of novel indazole-based PPAR-gamma partial agonists,,,True,False
9GWE,Human PPAR-gamma ligand binding domain in complex with LW87,experimental,"[""X-RAY DIFFRACTION""]",[2.1],[0.2225],[0.259],2024-09-26T00:00:00Z,2025-10-08T00:00:00Z,2025-10-08T00:00:00Z,C 1 2 1,1,1,1,2,Development and characterization of novel indazole-based PPAR-gamma partial agonists,,,True,False
9GWF,Human PPAR-gamma ligand binding domain in complex with LW100,experimental,"[""X-RAY DIFFRACTION""]",[2.4],[0.2165],[0.2526],2024-09-26T00:00:00Z,2025-10-08T00:00:00Z,2025-10-08T00:00:00Z,C 1 2 1,1,1,1,2,Development and characterization of novel indazole-based PPAR-gamma partial agonists,,,True,False
9GWG,Human PPAR-gamma ligand binding domain in complex with LW88,experimental,"[""X-RAY DIFFRACTION""]",[2.3],[0.2195],[0.2521],2024-09-26T00:00:00Z,2025-10-15T00:00:00Z,2025-10-15T00:00:00Z,C 1 2 1,1,1,1,2,Development and characterization of novel indazole-based PPAR-gamma partial agonists,,,True,False
9GWH,Human PPAR-gamma ligand binding domain in complex with LW77,experimental,"[""X-RAY DIFFRACTION""]",[2.1],[0.2172],[0.2564],2024-09-26T00:00:00Z,2025-10-08T00:00:00Z,2025-10-08T00:00:00Z,C 1 2 1,1,1,1,2,Development and characterization of novel indazole-based PPAR-gamma partial agonists,,,True,False
9GWI,Human PPAR-gamma ligand binding domain in complex with LW23,experimental,"[""X-RAY DIFFRACTION""]",[2.2],[0.2167],[0.2533],2024-09-26T00:00:00Z,2025-10-08T00:00:00Z,2025-10-08T00:00:00Z,C 1 2 1,1,1,1,2,Development and characterization of novel indazole-based PPAR-gamma partial agonists,,,True,False
9GWK,Human PPAR-gamma ligand binding domain in complex with AKGO6A,experimental,"[""X-RAY DIFFRACTION""]",[2.2],[0.2148],[0.2543],2024-09-27T00:00:00Z,2025-10-08T00:00:00Z,2025-10-08T00:00:00Z,C 1 2 1,1,1,1,2,Development and characterization of novel indazole-based PPAR-gamma partial agonists,,,True,False
9GWL,Human PPAR-gamma ligand binding domain in complex with AKGO157,experimental,"[""X-RAY DIFFRACTION""]",[2.2],[0.218],[0.2486],2024-09-27T00:00:00Z,2025-10-08T00:00:00Z,2025-10-08T00:00:00Z,C 1 2 1,1,1,1,2,Development and characterization of novel indazole-based PPAR-gamma partial agonists,,,True,False
9GWM,Human PPAR-gamma ligand binding domain in complex with AKGO108,experimental,"[""X-RAY DIFFRACTION""]",[2.2],[0.2145],[0.2528],2024-09-27T00:00:00Z,2025-10-08T00:00:00Z,2025-10-08T00:00:00Z,C 1 2 1,1,1,1,2,Development and characterization of novel indazole-based PPAR-gamma partial agonists,,,True,False
9GWN,Human PPAR-gamma ligand binding domain in complex with LW30,experimental,"[""X-RAY DIFFRACTION""]",[2.2],[0.2242],[0.2575],2024-09-27T00:00:00Z,2025-10-08T00:00:00Z,2025-10-08T00:00:00Z,C 1 2 1,1,1,1,2,Development and characterization of novel indazole-based PPAR-gamma partial agonists,,,True,False
9GWP,Human PPAR-gamma ligand binding domain in complex with MRL-871 with two distinct binding modes,experimental,"[""X-RAY DIFFRACTION""]",[2.55],[0.2199],[0.2689],2024-09-27T00:00:00Z,2025-10-08T00:00:00Z,2025-10-08T00:00:00Z,C 1 2 1,1,1,1,2,Development and characterization of novel indazole-based PPAR-gamma partial agonists,,,True,False
9GWQ,Human PPAR-gamma ligand binding domain in complex with AKGO6D,experimental,"[""X-RAY DIFFRACTION""]",[2.1],[0.2239],[0.255],2024-09-27T00:00:00Z,2025-10-08T00:00:00Z,2025-10-08T00:00:00Z,C 1 2 1,1,1,1,2,Development and characterization of novel indazole-based PPAR-gamma partial agonists,,,True,False
9GWR,Human PPAR-gamma ligand binding domain in complex with AKGO10,experimental,"[""X-RAY DIFFRACTION""]",[2.1],[0.2204],[0.2549],2024-09-27T00:00:00Z,2025-10-08T00:00:00Z,2025-10-08T00:00:00Z,C 1 2 1,1,1,1,2,Development and characterization of novel indazole-based PPAR-gamma partial agonists,,,True,False
9GWS,Human PPAR-gamma ligand binding domain in complex with AKGO8,experimental,"[""X-RAY DIFFRACTION""]",[2.2],[0.2049],[0.2375],2024-09-27T00:00:00Z,2025-10-08T00:00:00Z,2025-10-08T00:00:00Z,C 1 2 1,1,1,1,2,Development and characterization of novel indazole-based PPAR-gamma partial agonists,,,True,False
9GWX,Human PPAR-gamma ligand binding domain in complex with AKGO141,experimental,"[""X-RAY DIFFRACTION""]",[2.2],[0.2088],[0.2483],2024-09-27T00:00:00Z,2025-10-08T00:00:00Z,2025-10-08T00:00:00Z,C 1 2 1,1,1,1,2,Development and characterization of novel indazole-based PPAR-gamma partial agonists,,,True,False
9GWY,Human PPAR-gamma ligand binding domain in complex with AKGO78,experimental,"[""X-RAY DIFFRACTION""]",[2.09],[0.217],[0.2424],2024-09-27T00:00:00Z,2025-10-08T00:00:00Z,2025-10-08T00:00:00Z,C 1 2 1,1,1,1,2,Development and characterization of novel indazole-based PPAR-gamma partial agonists,,,True,False
9GX0,Human PPAR-gamma ligand binding domain in complex with AKGO79,experimental,"[""X-RAY DIFFRACTION""]",[2.1],[0.2252],[0.2598],2024-09-27T00:00:00Z,2025-10-08T00:00:00Z,2025-10-08T00:00:00Z,C 1 2 1,1,1,1,2,Development and characterization of novel indazole-based PPAR-gamma partial agonists,,,True,False
9GX1,Human PPAR-gamma ligand binding domain in complex with AKGO80,experimental,"[""X-RAY DIFFRACTION""]",[2.1],[0.2219],[0.2525],2024-09-27T00:00:00Z,2025-10-08T00:00:00Z,2025-10-08T00:00:00Z,C 1 2 1,1,1,1,2,Development and characterization of novel indazole-based PPAR-gamma partial agonists,,,True,False
9GX2,Human PPAR-gamma ligand binding domain in complex with AKGO82,experimental,"[""X-RAY DIFFRACTION""]",[2.35],[0.2095],[0.2457],2024-09-27T00:00:00Z,2025-10-08T00:00:00Z,2025-10-08T00:00:00Z,C 1 2 1,1,1,1,2,Development and characterization of novel indazole-based PPAR-gamma partial agonists,,,True,False
9GX3,Human PPAR-gamma ligand binding domain in complex with AKGO12,experimental,"[""X-RAY DIFFRACTION""]",[1.9],[0.2235],[0.2544],2024-09-27T00:00:00Z,2025-10-08T00:00:00Z,2025-10-08T00:00:00Z,C 1 2 1,1,1,1,2,Development and characterization of novel indazole-based PPAR-gamma partial agonists,,,True,False
9GX4,Human PPAR-gamma ligand binding domain in complex with AKGO156,experimental,"[""X-RAY DIFFRACTION""]",[2.2],[0.2219],[0.2697],2024-09-27T00:00:00Z,2025-10-08T00:00:00Z,2025-10-08T00:00:00Z,C 1 2 1,1,1,1,2,Development and characterization of novel indazole-based PPAR-gamma partial agonists,,,True,False
9GX5,Human PPAR-gamma ligand binding domain in complex with AKGO173,experimental,"[""X-RAY DIFFRACTION""]",[2.45],[0.2229],[0.2703],2024-09-27T00:00:00Z,2025-10-08T00:00:00Z,2025-10-08T00:00:00Z,C 1 2 1,1,1,1,2,Development and characterization of novel indazole-based PPAR-gamma partial agonists,,,True,False
9GX6,Human PPAR-gamma ligand binding domain in complex with AKGO166,experimental,"[""X-RAY DIFFRACTION""]",[2.1],[0.22272],[0.25118],2024-09-27T00:00:00Z,2025-10-08T00:00:00Z,2025-10-08T00:00:00Z,C 1 2 1,1,1,1,2,Development and characterization of novel indazole-based PPAR-gamma partial agonists,,,True,False
9GX7,Human PPAR-gamma ligand binding domain in complex with WG17,experimental,"[""X-RAY DIFFRACTION""]",[2.2],[0.231],[0.2713],2024-09-27T00:00:00Z,2025-10-08T00:00:00Z,2025-10-08T00:00:00Z,C 1 2 1,1,1,1,2,Development and characterization of novel indazole-based PPAR-gamma partial agonists,,,True,False
9GXD,Human PPAR-gamma ligand binding domain in complex with AKGO27,experimental,"[""X-RAY DIFFRACTION""]",[2.2],[0.2113],[0.2612],2024-09-30T00:00:00Z,2025-10-08T00:00:00Z,2025-10-08T00:00:00Z,C 1 2 1,1,1,1,2,Development and characterization of novel indazole-based PPAR-gamma partial agonists,,,True,False
9GZ7,Human PPAR-gamma ligand binding domain in complex with AKGO29,experimental,"[""X-RAY DIFFRACTION""]",[1.8],[0.2177],[0.2471],2024-10-03T00:00:00Z,2025-10-15T00:00:00Z,2025-10-15T00:00:00Z,C 1 2 1,1,1,1,2,Development and characterization of novel indazole-based PPAR-gamma partial agonists,,,True,False
9GZ8,Human PPAR-gamma ligand binding domain in complex with AKGO46,experimental,"[""X-RAY DIFFRACTION""]",[2.2],[0.2184],[0.2539],2024-10-03T00:00:00Z,2025-10-15T00:00:00Z,2025-10-15T00:00:00Z,C 1 2 1,1,1,1,2,Development and characterization of novel indazole-based PPAR-gamma partial agonists,,,True,False
9GZ9,Human PPAR-gamma ligand binding domain in complex with AKGO48,experimental,"[""X-RAY DIFFRACTION""]",[2.1],[0.2314],[0.2606],2024-10-03T00:00:00Z,2025-10-15T00:00:00Z,2025-10-15T00:00:00Z,C 1 2 1,1,1,1,2,Development and characterization of novel indazole-based PPAR-gamma partial agonists,,,True,False
9GZA,Human PPAR-gamma ligand binding domain in complex with AKGO50,experimental,"[""X-RAY DIFFRACTION""]",[1.9],[0.2265],[0.2381],2024-10-03T00:00:00Z,2025-10-15T00:00:00Z,2025-10-15T00:00:00Z,C 1 2 1,1,1,1,2,Development and characterization of novel indazole-based PPAR-gamma partial agonists,,,True,False
9GZB,Human PPAR-gamma ligand binding domain in complex with AKGO52,experimental,"[""X-RAY DIFFRACTION""]",[2.2],[0.2232],[0.274],2024-10-03T00:00:00Z,2025-10-15T00:00:00Z,2025-10-15T00:00:00Z,C 1 2 1,1,1,1,2,Development and characterization of novel indazole-based PPAR-gamma partial agonists,,,True,False
9GZC,Human PPAR-gamma ligand binding domain in complex with AKGO142,experimental,"[""X-RAY DIFFRACTION""]",[2.3],[0.2248],[0.2551],2024-10-03T00:00:00Z,2025-10-15T00:00:00Z,2025-10-15T00:00:00Z,C 1 2 1,1,1,1,2,Development and characterization of novel indazole-based PPAR-gamma partial agonists,,,True,False
9GZD,Androgen Receptor ligand-binding domain in complex with 11-ketodihydrotestosterone,experimental,"[""X-RAY DIFFRACTION""]",[1.91],[0.19543],[0.25761],2024-10-03T00:00:00Z,2026-04-15T00:00:00Z,2026-04-15T00:00:00Z,P 21 21 21,1,1,5,1,Multi-omics and structural analyses on Androgen Receptor reveals highly similar biological actions of testosterone variants from testicular versus adrenal origins in prostate cancer cells,,,True,False
9GZE,Human PPAR-gamma ligand binding domain in complex with AKGO72,experimental,"[""X-RAY DIFFRACTION""]",[2.2],[0.2079],[0.2558],2024-10-03T00:00:00Z,2025-10-15T00:00:00Z,2025-10-15T00:00:00Z,C 1 2 1,1,1,1,2,Development and characterization of novel indazole-based PPAR-gamma partial agonists,,,True,False
9GZF,Human PPAR-gamma ligand binding domain in complex with AKGO88,experimental,"[""X-RAY DIFFRACTION""]",[2.65],[0.2088],[0.2582],2024-10-03T00:00:00Z,2025-10-15T00:00:00Z,2025-10-15T00:00:00Z,C 1 2 1,1,1,1,2,Development and characterization of novel indazole-based PPAR-gamma partial agonists,,,True,False
9GZI,Human PPAR-gamma ligand binding domain in complex with LW98,experimental,"[""X-RAY DIFFRACTION""]",[2.7],[0.2099],[0.2636],2024-10-04T00:00:00Z,2025-10-15T00:00:00Z,2025-10-15T00:00:00Z,C 1 2 1,1,1,1,2,Development and characterization of novel indazole-based PPAR-gamma partial agonists,,,True,False
9H65,Steroidal Selective Modulators of FXR with Therapeutic Potential,experimental,"[""X-RAY DIFFRACTION""]",[3.1],[0.2272],[0.3233],2024-10-23T00:00:00Z,2025-09-10T00:00:00Z,2025-09-17T00:00:00Z,I 2 2 2,2,2,1,4,Structural Basis of Novel Bile Acid-Based Modulators of FXR.,10.1016/j.jmb.2025.169383,2025.0,True,False
9H66,Steroidal Selective Modulators of FXR with Therapeutic Potential,experimental,"[""X-RAY DIFFRACTION""]",[2.6],[0.2592],[0.312],2024-10-23T00:00:00Z,2025-09-10T00:00:00Z,2025-09-17T00:00:00Z,P 1 21 1,2,2,1,10,Structural Basis of Novel Bile Acid-Based Modulators of FXR.,10.1016/j.jmb.2025.169383,2025.0,True,False
9HDF,Glucocorticoid Receptor Ligand Binding Domain in complex with dexamethasone,experimental,"[""X-RAY DIFFRACTION""]",[2.78],[0.21117],[0.24431],2024-11-12T00:00:00Z,2025-11-12T00:00:00Z,2025-11-12T00:00:00Z,P 21 21 2,3,3,10,32,The multimerization pathway of the glucocorticoid receptor.,10.1093/nar/gkaf1003,2025.0,True,False
9HX2,X-ray crystal structure of PPAR gamma Ligand Binding Domain in complex with CZ58,experimental,"[""X-RAY DIFFRACTION""]",[2.85],[0.2238],[0.2816],2025-01-06T00:00:00Z,2025-05-14T00:00:00Z,2025-05-14T00:00:00Z,C 1 2 1,1,1,1,2,Enhancing the activity of gamma-hydroxy lactone derivatives as innovative peroxisome proliferator-activated receptor gamma non-agonists inhibiting cyclin-dependent kinase 5-mediated phosphorylation.,10.1016/j.ejmech.2025.117657,2025.0,True,False
9I6S,14-3-3sigma binding to the ERa peptide and compound 28,experimental,"[""X-RAY DIFFRACTION""]",[1.3],[0.14996],[0.18217],2025-01-31T00:00:00Z,2025-07-30T00:00:00Z,2025-07-30T00:00:00Z,C 2 2 21,2,2,2,2,Scaffold-hopping for molecular glues targeting the 14-3-3/ER alpha complex.,10.1038/s41467-025-61176-4,2025.0,True,False
9I6T,14-3-3sigma binding to the ERa peptide and compound 32,experimental,"[""X-RAY DIFFRACTION""]",[1.3],[0.12824],[0.15383],2025-01-31T00:00:00Z,2025-07-30T00:00:00Z,2025-07-30T00:00:00Z,C 2 2 21,2,2,3,2,Scaffold-hopping for molecular glues targeting the 14-3-3/ER alpha complex.,10.1038/s41467-025-61176-4,2025.0,True,False
9I6U,14-3-3sigma binding to the ERa peptide and compound 33,experimental,"[""X-RAY DIFFRACTION""]",[1.3],[0.13029],[0.16055],2025-01-31T00:00:00Z,2025-07-30T00:00:00Z,2025-07-30T00:00:00Z,C 2 2 21,2,2,3,2,Scaffold-hopping for molecular glues targeting the 14-3-3/ER alpha complex.,10.1038/s41467-025-61176-4,2025.0,True,False
9I6V,14-3-3sigma binding to the ERa peptide and compound 40,experimental,"[""X-RAY DIFFRACTION""]",[1.3],[0.13005],[0.15826],2025-01-31T00:00:00Z,2025-07-30T00:00:00Z,2025-07-30T00:00:00Z,C 2 2 21,2,2,3,2,Scaffold-hopping for molecular glues targeting the 14-3-3/ER alpha complex.,10.1038/s41467-025-61176-4,2025.0,True,False
9I6W,14-3-3sigma binding to the ERa peptide and compound 41,experimental,"[""X-RAY DIFFRACTION""]",[1.3],[0.14131],[0.17205],2025-01-31T00:00:00Z,2025-07-30T00:00:00Z,2025-07-30T00:00:00Z,C 2 2 21,2,2,3,2,Scaffold-hopping for molecular glues targeting the 14-3-3/ER alpha complex.,10.1038/s41467-025-61176-4,2025.0,True,False
9I6X,14-3-3sigma binding to the ERa peptide and compound 42,experimental,"[""X-RAY DIFFRACTION""]",[1.3],[0.13156],[0.16275],2025-01-31T00:00:00Z,2025-07-30T00:00:00Z,2025-07-30T00:00:00Z,C 2 2 21,2,2,3,2,Scaffold-hopping for molecular glues targeting the 14-3-3/ER alpha complex.,10.1038/s41467-025-61176-4,2025.0,True,False
9I6Y,14-3-3sigma binding to the ERa peptide and compound 1,experimental,"[""X-RAY DIFFRACTION""]",[1.5],[0.15418],[0.1795],2025-01-31T00:00:00Z,2025-07-30T00:00:00Z,2025-07-30T00:00:00Z,C 2 2 21,2,2,3,2,Scaffold-hopping for molecular glues targeting the 14-3-3/ER alpha complex.,10.1038/s41467-025-61176-4,2025.0,True,False
9I6Z,14-3-3sigma binding to the ERa peptide and compound 2,experimental,"[""X-RAY DIFFRACTION""]",[1.4],[0.14012],[0.15727],2025-01-31T00:00:00Z,2025-07-30T00:00:00Z,2025-07-30T00:00:00Z,C 2 2 21,2,2,3,2,Scaffold-hopping for molecular glues targeting the 14-3-3/ER alpha complex.,10.1038/s41467-025-61176-4,2025.0,True,False
9I70,14-3-3sigma binding to the ERa peptide and compound 17,experimental,"[""X-RAY DIFFRACTION""]",[1.4],[0.11982],[0.14697],2025-01-31T00:00:00Z,2025-07-30T00:00:00Z,2025-07-30T00:00:00Z,C 2 2 21,2,2,3,2,Scaffold-hopping for molecular glues targeting the 14-3-3/ER alpha complex.,10.1038/s41467-025-61176-4,2025.0,True,False
9I71,14-3-3sigma binding to the ERa peptide and compound 19,experimental,"[""X-RAY DIFFRACTION""]",[1.35],[0.13035],[0.16196],2025-01-31T00:00:00Z,2025-07-30T00:00:00Z,2025-07-30T00:00:00Z,C 2 2 21,2,2,3,2,Scaffold-hopping for molecular glues targeting the 14-3-3/ER alpha complex.,10.1038/s41467-025-61176-4,2025.0,True,False
9I72,14-3-3sigma binding to the ERa peptide and compound 10,experimental,"[""X-RAY DIFFRACTION""]",[1.35],[0.14062],[0.16441],2025-01-31T00:00:00Z,2025-07-30T00:00:00Z,2025-07-30T00:00:00Z,C 2 2 21,2,2,4,2,Scaffold-hopping for molecular glues targeting the 14-3-3/ER alpha complex.,10.1038/s41467-025-61176-4,2025.0,True,False
9I73,14-3-3sigma binding to the ERa peptide and compound 20,experimental,"[""X-RAY DIFFRACTION""]",[1.4],[0.12552],[0.15418],2025-01-31T00:00:00Z,2025-07-30T00:00:00Z,2025-07-30T00:00:00Z,C 2 2 21,2,2,3,2,Scaffold-hopping for molecular glues targeting the 14-3-3/ER alpha complex.,10.1038/s41467-025-61176-4,2025.0,True,False
9I74,14-3-3sigma binding to the ERa peptide and compound 21,experimental,"[""X-RAY DIFFRACTION""]",[1.5],[0.12743],[0.16045],2025-01-31T00:00:00Z,2025-07-30T00:00:00Z,2025-07-30T00:00:00Z,C 2 2 21,2,2,3,2,Scaffold-hopping for molecular glues targeting the 14-3-3/ER alpha complex.,10.1038/s41467-025-61176-4,2025.0,True,False
9I75,14-3-3sigma binding to the ERa peptide and compound 25,experimental,"[""X-RAY DIFFRACTION""]",[1.4],[0.12187],[0.15078],2025-01-31T00:00:00Z,2025-07-30T00:00:00Z,2025-07-30T00:00:00Z,C 2 2 21,2,2,4,2,Scaffold-hopping for molecular glues targeting the 14-3-3/ER alpha complex.,10.1038/s41467-025-61176-4,2025.0,True,False
9IBR,Crystal structure of HNF4 alpha LBD complexed with GRIP-1 peptide and ESY13,experimental,"[""X-RAY DIFFRACTION""]",[2.78],[0.2898],[0.3546],2025-02-13T00:00:00Z,2025-08-13T00:00:00Z,2025-08-13T00:00:00Z,P 42 21 2,2,2,1,2,A First-in-Class Hepatocyte Nuclear Factor 4 Agonist.,10.1021/acs.jmedchem.5c00595,2025.0,True,False
9IWJ,X-ray structure of human PPARalpha ligand binding domain-NCoR2 corepressor peptide co-crystals obtained by co-crystallization,experimental,"[""X-RAY DIFFRACTION""]",[2.48],[0.2249],[0.2543],2024-07-25T00:00:00Z,2025-05-07T00:00:00Z,2025-05-07T00:00:00Z,P 21 21 21,2,2,0,8,Competitive Ligand-Induced Recruitment of Coactivators to Specific PPAR alpha / delta / gamma Ligand-Binding Domains Revealed by Dual-Emission FRET and X-Ray Diffraction of Cocrystals.,10.3390/antiox14040494,2025.0,True,False
9IWK,X-ray structure of human PPARgamma ligand binding domain-NCoR2 corepressor peptide co-crystals obtained by co-crystallization,experimental,"[""X-RAY DIFFRACTION""]",[2.43],[0.2382],[0.2655],2024-07-25T00:00:00Z,2025-05-07T00:00:00Z,2025-05-07T00:00:00Z,P 1 21 1,2,2,0,4,Competitive Ligand-Induced Recruitment of Coactivators to Specific PPAR alpha / delta / gamma Ligand-Binding Domains Revealed by Dual-Emission FRET and X-Ray Diffraction of Cocrystals.,10.3390/antiox14040494,2025.0,True,False
9IWL,X-ray structure of human PPARalpha ligand binding domain-intrinsic fatty acid (E. coli origin)-CBP coactivator peptide co-crystals obtained by cross-seeding,experimental,"[""X-RAY DIFFRACTION""]",[2.09],[0.178],[0.2357],2024-07-25T00:00:00Z,2025-05-07T00:00:00Z,2025-05-07T00:00:00Z,P 1 21 1,2,2,2,2,Competitive Ligand-Induced Recruitment of Coactivators to Specific PPAR alpha / delta / gamma Ligand-Binding Domains Revealed by Dual-Emission FRET and X-Ray Diffraction of Cocrystals.,10.3390/antiox14040494,2025.0,True,False
9IWM,X-ray structure of human PPARalpha ligand binding domain-GW7647-TRAP220 coactivator peptide co-crystals obtained by cross-seeding,experimental,"[""X-RAY DIFFRACTION""]",[1.39],[0.1835],[0.2048],2024-07-25T00:00:00Z,2025-05-07T00:00:00Z,2025-05-07T00:00:00Z,P 1 21 1,2,2,2,2,Competitive Ligand-Induced Recruitment of Coactivators to Specific PPAR alpha / delta / gamma Ligand-Binding Domains Revealed by Dual-Emission FRET and X-Ray Diffraction of Cocrystals.,10.3390/antiox14040494,2025.0,True,False
9IWN,X-ray structure of human PPARalpha ligand binding domain-intrinsic fatty acid (E. coli origin)-PGC1alpha coactivator peptide co-crystals obtained by cross-seeding,experimental,"[""X-RAY DIFFRACTION""]",[1.59],[0.186],[0.2081],2024-07-25T00:00:00Z,2025-05-07T00:00:00Z,2025-05-07T00:00:00Z,P 1 21 1,2,2,2,2,Competitive Ligand-Induced Recruitment of Coactivators to Specific PPAR alpha / delta / gamma Ligand-Binding Domains Revealed by Dual-Emission FRET and X-Ray Diffraction of Cocrystals.,10.3390/antiox14040494,2025.0,True,False
9IWO,X-ray structure of human PPARalpha ligand binding domain-GW7647-PGC1alpha coactivator peptide co-crystals obtained by cross-seeding,experimental,"[""X-RAY DIFFRACTION""]",[1.49],[0.1938],[0.2135],2024-07-25T00:00:00Z,2025-05-07T00:00:00Z,2025-05-07T00:00:00Z,P 1 21 1,2,2,1,2,Competitive Ligand-Induced Recruitment of Coactivators to Specific PPAR alpha / delta / gamma Ligand-Binding Domains Revealed by Dual-Emission FRET and X-Ray Diffraction of Cocrystals.,10.3390/antiox14040494,2025.0,True,False
9IX5,An agonist(compound 15n) of Thyroid Hormone Receptor B,experimental,"[""X-RAY DIFFRACTION""]",[2.65],[0.2287],[0.2766],2024-07-26T00:00:00Z,2025-07-02T00:00:00Z,2025-07-23T00:00:00Z,P 43 21 2,2,2,1,2,"Discovery of a Potent, Selective, and Multiple His435 Mutation-Sensitive Thyroid Hormone Receptor beta Agonist.",10.1021/acs.jmedchem.5c00164,2025.0,True,False
9J0K,An agonist(compound 14e)of Thyroid Hormone Receptor B,experimental,"[""X-RAY DIFFRACTION""]",[2.698],[0.2235],[0.2748],2024-08-02T00:00:00Z,2025-07-02T00:00:00Z,2025-07-23T00:00:00Z,P 43 2 2,2,2,1,4,"Discovery of a Potent, Selective, and Multiple His435 Mutation-Sensitive Thyroid Hormone Receptor beta Agonist.",10.1021/acs.jmedchem.5c00164,2025.0,True,False
9KNC,Crystal structure of human ERRg LBD in complex with 6-nitroindole,experimental,"[""X-RAY DIFFRACTION""]",[1.9],[0.19097],[0.23202],2024-11-18T00:00:00Z,2025-04-16T00:00:00Z,2025-09-10T00:00:00Z,P 41 21 2,2,2,2,2,Identification of indoles as potential endogenous ligands of ERR gamma and their modulation on drug binding.,10.1038/s41401-025-01550-6,2025.0,True,False
9KND,Crystal structure of human ERRg LBD in complex with indole,experimental,"[""X-RAY DIFFRACTION""]",[1.52],[0.16945],[0.21184],2024-11-18T00:00:00Z,2025-04-16T00:00:00Z,2025-09-10T00:00:00Z,P 41 21 2,2,2,1,2,Identification of indoles as potential endogenous ligands of ERR gamma and their modulation on drug binding.,10.1038/s41401-025-01550-6,2025.0,True,False
9KNE,Crystal structure of human ERRg LBD in complex with 5-nitroindole,experimental,"[""X-RAY DIFFRACTION""]",[1.8],[0.17319],[0.22407],2024-11-18T00:00:00Z,2025-04-16T00:00:00Z,2025-09-10T00:00:00Z,P 41 21 2,2,2,2,2,Identification of indoles as potential endogenous ligands of ERR gamma and their modulation on drug binding.,10.1038/s41401-025-01550-6,2025.0,True,False
9KNF,Crystal structure of human ERRg LBD in complex with 4028691,experimental,"[""X-RAY DIFFRACTION""]",[1.62],[0.172],[0.2277],2024-11-18T00:00:00Z,2025-04-16T00:00:00Z,2025-09-10T00:00:00Z,P 41 21 2,2,2,1,2,Identification of indoles as potential endogenous ligands of ERR gamma and their modulation on drug binding.,10.1038/s41401-025-01550-6,2025.0,True,False
9KNG,Crystal structure of human ERRg LBD in complex with 4034496,experimental,"[""X-RAY DIFFRACTION""]",[1.5],[0.19153],[0.2335],2024-11-18T00:00:00Z,2025-04-16T00:00:00Z,2025-09-10T00:00:00Z,P 41 21 2,2,2,1,2,Identification of indoles as potential endogenous ligands of ERR gamma and their modulation on drug binding.,10.1038/s41401-025-01550-6,2025.0,True,False
9L3T,PPARgamma Ligand binding domain in complex with piperine,experimental,"[""X-RAY DIFFRACTION""]",[2.36],[0.2006],[0.2547],2024-12-19T00:00:00Z,2025-04-16T00:00:00Z,2025-05-07T00:00:00Z,C 1 2 1,1,1,1,2,Molecular interactions between piperine and peroxisome proliferator-activated receptor gamma ligand-binding domain revealed using co-crystallization studies.,10.1107/S2053230X25002377,2025.0,True,False
9LQ3,Crystal structure of Linafexor-FXR complex,experimental,"[""X-RAY DIFFRACTION""]",[2.8],[0.2673],[0.2929],2025-01-27T00:00:00Z,2025-08-06T00:00:00Z,2026-07-29T00:00:00Z,P 21 21 2,2,2,1,2,A first-in-class pulsatile FXR agonist for bile-acid-related liver diseases.,10.1038/s41586-026-10633-1,2026.0,True,False
9LVP,Crystal structure of estrogen related receptor-alpha DNA binding domain complexed with MPC1 promoter,experimental,"[""X-RAY DIFFRACTION""]",[2.79],[0.21857],[0.27962],2025-02-12T00:00:00Z,2026-02-18T00:00:00Z,2026-02-18T00:00:00Z,P 43 21 2,3,1,2,8,Crystal structure of estrogen related receptor-alpha DNA binding domain complexed with MPC1 promoter,,,True,False
9M2E,Crystal Structure of Nur77 LBD in complex with DBIC compound,experimental,"[""X-RAY DIFFRACTION""]",[2.575],[0.2062],[0.2655],2025-02-27T00:00:00Z,2025-12-03T00:00:00Z,2025-12-03T00:00:00Z,P 21 21 21,1,1,1,2,Crystal Structure of Nur77 LBD in complex with DBIC compound,,,True,False
9MAH,PPARG-Spermine analogs,experimental,"[""X-RAY DIFFRACTION""]",[2.1],[0.1845],[0.2336],2025-03-14T00:00:00Z,2026-03-18T00:00:00Z,2026-03-18T00:00:00Z,C 1 2 1,1,1,3,2,Metabolic adaptation of tumor-infiltrating regulatory T cells by tumor-derived ammonia,,,True,False
9N9L,An RORgt Inverse agonist for treatment of Psoriasis,experimental,"[""X-RAY DIFFRACTION""]",[1.637],[0.1908],[0.2248],2025-02-11T00:00:00Z,2025-04-30T00:00:00Z,2025-05-07T00:00:00Z,P 1 21 1,1,1,1,2,"Identification of JNJ-61803534, a ROR gamma t Inverse Agonist for the Treatment of Psoriasis.",10.1021/acs.jmedchem.5c00390,2025.0,True,False
9O41,Crystal structure of the L411A mutant of pregnane X receptor ligand binding domain (apo form),experimental,"[""X-RAY DIFFRACTION""]",[2.05],[0.2032],[0.222],2025-04-08T00:00:00Z,2025-11-05T00:00:00Z,2026-01-21T00:00:00Z,P 21 21 21,1,1,0,2,Subtle changes in ligand-receptor interactions dramatically alter transcriptional outcomes of pregnane X receptor modulators.,10.1016/j.str.2025.09.011,2026.0,True,False
9O42,Crystal structure of the L411A mutant of pregnane X receptor ligand binding domain in complex with SJPYT-328,experimental,"[""X-RAY DIFFRACTION""]",[2.51],[0.1985],[0.2186],2025-04-08T00:00:00Z,2025-11-05T00:00:00Z,2026-01-21T00:00:00Z,P 21 21 21,1,1,1,2,Subtle changes in ligand-receptor interactions dramatically alter transcriptional outcomes of pregnane X receptor modulators.,10.1016/j.str.2025.09.011,2026.0,True,False
9O43,Crystal structure of the L411A mutant of pregnane X receptor ligand binding domain in complex with SJPYT-331,experimental,"[""X-RAY DIFFRACTION""]",[2.76],[0.1998],[0.2388],2025-04-08T00:00:00Z,2025-11-05T00:00:00Z,2026-01-21T00:00:00Z,P 21 21 21,1,1,1,2,Subtle changes in ligand-receptor interactions dramatically alter transcriptional outcomes of pregnane X receptor modulators.,10.1016/j.str.2025.09.011,2026.0,True,False
9O44,Crystal structure of the L411W mutant of pregnane X receptor ligand binding domain (apo form),experimental,"[""X-RAY DIFFRACTION""]",[2.3],[0.2025],[0.2284],2025-04-08T00:00:00Z,2025-11-05T00:00:00Z,2026-01-21T00:00:00Z,P 21 21 21,1,1,0,2,Subtle changes in ligand-receptor interactions dramatically alter transcriptional outcomes of pregnane X receptor modulators.,10.1016/j.str.2025.09.011,2026.0,True,False
9O45,Crystal structure of the L411W mutant of pregnane X receptor ligand binding domain in complex with SJPYT-328,experimental,"[""X-RAY DIFFRACTION""]",[2.56],[0.1999],[0.2408],2025-04-08T00:00:00Z,2025-11-05T00:00:00Z,2026-01-21T00:00:00Z,P 21 21 21,1,1,1,2,Subtle changes in ligand-receptor interactions dramatically alter transcriptional outcomes of pregnane X receptor modulators.,10.1016/j.str.2025.09.011,2026.0,True,False
9O46,Crystal structure of the L411W mutant of pregnane X receptor ligand binding domain in complex with SJPYT-331,experimental,"[""X-RAY DIFFRACTION""]",[3.02],[0.1971],[0.2319],2025-04-08T00:00:00Z,2025-11-05T00:00:00Z,2026-01-21T00:00:00Z,P 21 21 21,1,1,1,2,Subtle changes in ligand-receptor interactions dramatically alter transcriptional outcomes of pregnane X receptor modulators.,10.1016/j.str.2025.09.011,2026.0,True,False
9O9N,Crystal structure of PPARgamma ligand binding domain (LBD) in complex with NCoR1 corepressor peptide and inverse agonist FX-909,experimental,"[""X-RAY DIFFRACTION""]",[2.1],[0.2391],[0.2975],2025-04-18T00:00:00Z,2025-05-14T00:00:00Z,2025-09-10T00:00:00Z,P 41 21 2,2,2,1,2,Structural Basis of PPAR gamma-Mediated Transcriptional Repression by the Covalent Inverse Agonist FX-909.,10.1021/acs.jmedchem.5c01252,2025.0,True,False
9OLC,Crystal structure of PPARg ligand-binding domain in complex with NCoR1 peptide and FTX-6746,experimental,"[""X-RAY DIFFRACTION""]",[2.83],[0.2309],[0.2983],2025-05-12T00:00:00Z,2026-04-22T00:00:00Z,2026-08-26T00:00:00Z,P 1,2,2,1,8,Covalent PPAR gamma inverse agonism by FX-909 reveals mechanistic insights into therapeutic targeting of PPAR gamma /RXR alpha-activated urothelial carcinoma.,10.1016/j.chembiol.2026.04.017,2026.0,True,False
9QFZ,Human PPAR-gamma ligand binding domain in complex with LW132,experimental,"[""X-RAY DIFFRACTION""]",[2.1],[0.2168],[0.2649],2025-03-13T00:00:00Z,2026-03-25T00:00:00Z,2026-03-25T00:00:00Z,C 1 2 1,1,1,1,2,Development and characterization of novel indazole-based PPAR-gamma partial agonists,,,True,False
9QG0,Human PPAR-gamma ligand binding domain in complex with LW128,experimental,"[""X-RAY DIFFRACTION""]",[2.1],[0.2146],[0.2498],2025-03-13T00:00:00Z,2026-03-25T00:00:00Z,2026-03-25T00:00:00Z,C 1 2 1,1,1,1,2,Development and characterization of novel indazole-based PPAR-gamma partial agonists,,,True,False
9QG2,Human PPAR-gamma ligand binding domain in complex with LW86,experimental,"[""X-RAY DIFFRACTION""]",[2.0],[0.2144],[0.2419],2025-03-13T00:00:00Z,2026-03-25T00:00:00Z,2026-03-25T00:00:00Z,C 1 2 1,1,1,1,2,Development and characterization of novel indazole-based PPAR-gamma partial agonists,,,True,False
9QG3,Human PPAR-gamma ligand binding domain in complex with LW129,experimental,"[""X-RAY DIFFRACTION""]",[2.3],[0.2125],[0.2549],2025-03-13T00:00:00Z,2026-03-25T00:00:00Z,2026-03-25T00:00:00Z,C 1 2 1,1,1,1,2,Development and characterization of novel indazole-based PPAR-gamma partial agonists,,,True,False
9QG4,Human PPAR-gamma ligand binding domain in complex with LW130,experimental,"[""X-RAY DIFFRACTION""]",[1.9],[0.216],[0.2338],2025-03-13T00:00:00Z,2026-03-25T00:00:00Z,2026-03-25T00:00:00Z,C 1 2 1,1,1,1,2,Development and characterization of novel indazole-based PPAR-gamma partial agonists,,,True,False
9QG5,Human PPAR-gamma ligand binding domain in complex with LW112,experimental,"[""X-RAY DIFFRACTION""]",[2.3],[0.2086],[0.2436],2025-03-13T00:00:00Z,2026-03-25T00:00:00Z,2026-03-25T00:00:00Z,C 1 2 1,1,1,1,2,Development and characterization of novel indazole-based PPAR-gamma partial agonists,,,True,False
9QG6,Human PPAR-gamma ligand binding domain in complex with LW109,experimental,"[""X-RAY DIFFRACTION""]",[2.7],[0.2121],[0.2698],2025-03-13T00:00:00Z,2026-03-25T00:00:00Z,2026-03-25T00:00:00Z,C 1 2 1,1,1,1,2,Development and characterization of novel indazole-based PPAR-gamma partial agonists,,,True,False
9QGJ,Human PPAR-gamma ligand binding domain in complex with LW90,experimental,"[""X-RAY DIFFRACTION""]",[2.2],[0.2229],[0.2554],2025-03-13T00:00:00Z,2026-03-25T00:00:00Z,2026-03-25T00:00:00Z,C 1 2 1,1,1,1,2,Development and characterization of novel indazole-based PPAR-gamma partial agonists,,,True,False
9QJ9,Crystal Structure of the Human Retinoid X Receptor DNA-Binding Domain Bound to Trim16 IR1 Response Element,experimental,"[""X-RAY DIFFRACTION""]",[3.5],[0.2668],[0.3352],2025-03-18T00:00:00Z,2026-01-28T00:00:00Z,2026-01-28T00:00:00Z,P 41 21 2,3,1,1,4,"New structural insights into the control of the retinoic acid receptors RAR/RXR by DNA, ligands, and transcriptional coregulators.",10.1093/nar/gkaf967,2025.0,True,False
9QX6,Crystal structure of RXR alpha LBD bound to a synthetic agonist FN537 and a coactivator fragment,experimental,"[""X-RAY DIFFRACTION""]",[1.46],[0.1817],[0.213],2025-04-15T00:00:00Z,2025-08-13T00:00:00Z,2025-08-27T00:00:00Z,P 43 21 2,2,2,2,2,Development of an RXR Agonist Scaffold with Pronounced Homodimer Preference.,10.1021/acs.jmedchem.5c01090,2025.0,True,False
9R6I,Crystal structure of PPARgamma in complex with the bisphenol derivative BPS4BE,experimental,"[""X-RAY DIFFRACTION""]",[1.7],[0.1967],[0.2288],2025-05-12T00:00:00Z,2026-02-18T00:00:00Z,2026-02-25T00:00:00Z,P 43 21 2,1,1,2,1,Mechanistic Insights of BPA Alternatives on PPAR gamma Binding and the Consequence on Adipocyte Differentiation.,10.1021/acs.est.5c07043,2026.0,True,False
9R6K,Crystal structure of PPARgamma in complex with the bisphenol derivative BPPH,experimental,"[""X-RAY DIFFRACTION""]",[2.3],[0.2061],[0.2591],2025-05-12T00:00:00Z,2026-02-18T00:00:00Z,2026-02-25T00:00:00Z,P 43 21 2,1,1,1,1,Mechanistic Insights of BPA Alternatives on PPAR gamma Binding and the Consequence on Adipocyte Differentiation.,10.1021/acs.est.5c07043,2026.0,True,False
9RMR,Crystal structure of RXR alpha LBD bound to a synthetic agonist FN558 and a coactivator fragment,experimental,"[""X-RAY DIFFRACTION""]",[1.65],[0.1926],[0.2149],2025-06-18T00:00:00Z,2025-08-13T00:00:00Z,2025-08-27T00:00:00Z,P 43 21 2,2,2,1,2,Development of an RXR Agonist Scaffold with Pronounced Homodimer Preference.,10.1021/acs.jmedchem.5c01090,2025.0,True,False
9S70,Crystal structure of RXR alpha LBD bound to a partial agonist 21 and a coactivator fragment SRC1,experimental,"[""X-RAY DIFFRACTION""]",[1.95],[0.1878],[0.2207],2025-08-01T00:00:00Z,2025-10-29T00:00:00Z,2025-12-24T00:00:00Z,P 32 2 1,2,2,1,2,Structural Tuning of Partial RXR Agonism and Antagonism.,10.1021/acs.jmedchem.5c02270,2025.0,True,False
9S71,Crystal structure of RXR alpha LBD bound to a partial agonist 35 and a coactivator fragment SRC1,experimental,"[""X-RAY DIFFRACTION""]",[2.0],[0.1949],[0.2216],2025-08-01T00:00:00Z,2025-10-29T00:00:00Z,2025-12-24T00:00:00Z,P 32 2 1,2,2,1,2,Structural Tuning of Partial RXR Agonism and Antagonism.,10.1021/acs.jmedchem.5c02270,2025.0,True,False
9SFS,Human PPAR alpha ligand binding domain in complex with 10-HSA ligand,experimental,"[""X-RAY DIFFRACTION""]",[2.0],[0.23014],[0.28488],2025-08-20T00:00:00Z,2026-04-08T00:00:00Z,2026-04-08T00:00:00Z,P 1 21 1,1,1,2,1,Bioactive metabolite promotes mucosal lipid metabolism and reduces viral burden,,,True,False
9SMQ,Crystal structure of LRH-1/TIF-2 peptide in complex with CP4,experimental,"[""X-RAY DIFFRACTION""]",[2.2],[0.21439],[0.2443],2025-09-08T00:00:00Z,2025-10-15T00:00:00Z,2025-10-15T00:00:00Z,P 21 21 21,2,2,2,3,Crystal structure of LRH-1/TIF-2 peptide in complex with CP4,,,True,False
9SV3,Local refinement of EloB/EloC/VHL/CV2a/14-3-3zeta/ERa from pose 1,experimental,"[""ELECTRON MICROSCOPY""]",[4.3],[],[],2025-09-30T00:00:00Z,2025-12-03T00:00:00Z,2026-09-02T00:00:00Z,,5,5,1,7,Induced ubiquitination of the partially disordered estrogen receptor alpha via a 14-3-3 directed molecular glue-PROTAC.,10.1038/s41467-026-75333-w,2026.0,True,False
9T5S,Crystal structure of human PPARalpha in complex with co-activator PGC-1 alpha peptide and bempedoic acid,experimental,"[""X-RAY DIFFRACTION""]",[1.74],[0.1781],[0.2113],2025-11-05T00:00:00Z,2025-12-17T00:00:00Z,2026-04-22T00:00:00Z,P 1 21 1,2,2,1,4,Bempedoic acid directly binds and activates PPAR alpha.,10.1016/j.cmet.2025.12.018,2026.0,True,False
9V5K,"Crystal Structure of Nur77 LBD in complex with N-(2'-(methyl(pentyl)amino)-[4,4'-bipyridin]-2-yl)cinnamamide",experimental,"[""X-RAY DIFFRACTION""]",[2.37],[0.227],[0.2618],2025-05-26T00:00:00Z,2026-06-03T00:00:00Z,2026-06-03T00:00:00Z,P 21 21 21,1,1,1,2,"Crystal Structure of Nur77 LBD in complex with N-(2'-(4-hydroxypiperidin-1-yl)-[4,4'-bipyridin]-2-yl)cinnamamide",,,True,False
9V8D,PPARgamma ligand-binding domain in complex with PG08,experimental,"[""X-RAY DIFFRACTION""]",[1.44],[0.1717],[0.2013],2025-05-29T00:00:00Z,2025-11-05T00:00:00Z,2025-12-03T00:00:00Z,P 1 21 1,2,2,3,2,"De Novo Discovery of alpha , alpha-Disubstituted alpha-amino Acid-Containing alpha-helical Peptides as Competitive PPAR gamma PPI Inhibitors.",10.1021/jacs.5c13803,2025.0,True,False
9V8E,PPARgamma ligand-binding domain in complex with PG11,experimental,"[""X-RAY DIFFRACTION""]",[1.7],[0.17318],[0.21487],2025-05-29T00:00:00Z,2025-11-05T00:00:00Z,2025-12-03T00:00:00Z,P 65,2,2,1,2,"De Novo Discovery of alpha , alpha-Disubstituted alpha-amino Acid-Containing alpha-helical Peptides as Competitive PPAR gamma PPI Inhibitors.",10.1021/jacs.5c13803,2025.0,True,False
9V8F,PPARgamma ligand-binding domain in complex with PG14,experimental,"[""X-RAY DIFFRACTION""]",[1.75],[0.19158],[0.23042],2025-05-29T00:00:00Z,2025-11-05T00:00:00Z,2025-12-03T00:00:00Z,P 2 21 21,2,2,1,2,"De Novo Discovery of alpha , alpha-Disubstituted alpha-amino Acid-Containing alpha-helical Peptides as Competitive PPAR gamma PPI Inhibitors.",10.1021/jacs.5c13803,2025.0,True,False
9V8G,PPARgamma ligand-binding domain in complex with PG08-NL,experimental,"[""X-RAY DIFFRACTION""]",[1.39],[0.1714],[0.1823],2025-05-29T00:00:00Z,2025-11-05T00:00:00Z,2025-12-03T00:00:00Z,P 1 21 1,2,2,1,2,"De Novo Discovery of alpha , alpha-Disubstituted alpha-amino Acid-Containing alpha-helical Peptides as Competitive PPAR gamma PPI Inhibitors.",10.1021/jacs.5c13803,2025.0,True,False
9V8H,PPARgamma ligand-binding domain in complex with PG08-NL and rosiglitazone,experimental,"[""X-RAY DIFFRACTION""]",[1.39],[0.16292],[0.19],2025-05-29T00:00:00Z,2025-11-05T00:00:00Z,2025-12-03T00:00:00Z,P 1 21 1,2,2,3,2,"De Novo Discovery of alpha , alpha-Disubstituted alpha-amino Acid-Containing alpha-helical Peptides as Competitive PPAR gamma PPI Inhibitors.",10.1021/jacs.5c13803,2025.0,True,False
9VBQ,Crystal structure of FXR in complex with agonist XJ02862-S2,experimental,"[""X-RAY DIFFRACTION""]",[2.303],[0.2136],[0.2439],2025-06-04T00:00:00Z,2026-06-10T00:00:00Z,2026-06-10T00:00:00Z,C 2 2 21,2,2,2,2,Crystal structure of FXR in complex with agonist XJ02862-S2,,,True,False
9VBR,Farnesoid X Receptor Agonists_FXR fused with a HD3 peptide,experimental,"[""X-RAY DIFFRACTION""]",[2.5],[0.2049],[0.251],2025-06-04T00:00:00Z,2026-06-10T00:00:00Z,2026-06-10T00:00:00Z,C 1 2 1,1,1,2,2,Farnesoid X Receptor Agonists_FXR fused with a HD3 peptide,,,True,False
9VNX,Crystal Structure of the mutant ROR gamma LBD With Compound 28,experimental,"[""X-RAY DIFFRACTION""]",[1.93],[0.1875],[0.2182],2025-07-01T00:00:00Z,2025-07-30T00:00:00Z,2025-08-27T00:00:00Z,P 41 21 2,2,2,3,2,A Concise and Modular Approach to Generate Novel ROR gamma Agonists.,10.1021/acs.jmedchem.5c00872,2025.0,True,False
9VT5,Estrogen Receptor Alpha Ligand Binding Domain Y537S Mutant in Complex with Compound 4 and GRIP Peptide,experimental,"[""X-RAY DIFFRACTION""]",[2.27],[0.19748],[0.26737],2025-07-10T00:00:00Z,2026-07-15T00:00:00Z,2026-07-15T00:00:00Z,C 2 2 21,1,1,1,2,Estrogen Receptor Alpha Ligand Binding Domain Y537S Mutant in Complex with Compound 4 and GRIP Peptide,,,True,False
9VTU,Estrogen Receptor Alpha Ligand Binding Domain Y537S Mutant in Complex with Compound 20a and GRIP Peptide,experimental,"[""X-RAY DIFFRACTION""]",[2.09],[0.19954],[0.26803],2025-07-11T00:00:00Z,2026-07-15T00:00:00Z,2026-07-15T00:00:00Z,C 2 2 21,1,1,1,2,Estrogen Receptor Alpha Ligand Binding Domain Y537S Mutant in Complex with Compound 20a and GRIP Peptide,,,True,False
9VZQ,Crystal structure of RORgamma in complex with novel inverse agonist,experimental,"[""X-RAY DIFFRACTION""]",[2.18],[0.20193],[0.25093],2025-07-23T00:00:00Z,2026-06-03T00:00:00Z,2026-06-03T00:00:00Z,P 41 21 2,2,2,1,2,Structural basis for diosgenin as an inverse agonist of retinoic acid receptor-related orphan receptor gamma.,10.1038/s41598-026-35006-6,2026.0,True,False
9VZS,X-ray structure of human PPARalpha ligand binding domain-10-hydroxystearic acid (10-HSA) co-crystals obtained by cross-seeding,experimental,"[""X-RAY DIFFRACTION""]",[1.455],[0.1828],[0.2012],2025-07-23T00:00:00Z,2026-05-27T00:00:00Z,2026-08-12T00:00:00Z,P 1 21 1,1,1,2,1,Microbial 10-oxostearic acid protects mice against colitis via the nuclear receptor PPAR alpha.,10.1038/s41564-026-02321-7,2026.0,True,False
9VZT,X-ray structure of human PPARalpha ligand binding domain-10-oxostearic acid (10-oxoSA) co-crystals obtained by cross-seeding,experimental,"[""X-RAY DIFFRACTION""]",[1.475],[0.188],[0.2019],2025-07-23T00:00:00Z,2026-05-27T00:00:00Z,2026-08-12T00:00:00Z,P 1 21 1,1,1,2,1,Microbial 10-oxostearic acid protects mice against colitis via the nuclear receptor PPAR alpha.,10.1038/s41564-026-02321-7,2026.0,True,False
9W11,Crystal Structure of the ER-alpha Ligand-binding Domain (Y537S) in Complex with beta-zearalenol,experimental,"[""X-RAY DIFFRACTION""]",[1.83],[0.17919],[0.22573],2025-07-25T00:00:00Z,2026-03-18T00:00:00Z,2026-03-18T00:00:00Z,C 2 2 21,1,1,4,2,Crystal Structure of the ER-alpha Ligand-binding Domain (Y537S) in Complex with beta-zearalenol,,,True,False
9W12,Crystal Structure of the ER-alpha Ligand-binding Domain (Y537S) in Complex with ZOL-P,experimental,"[""X-RAY DIFFRACTION""]",[1.75],[0.16669],[0.19661],2025-07-25T00:00:00Z,2026-03-18T00:00:00Z,2026-03-18T00:00:00Z,C 2 2 21,1,1,4,2,Crystal Structure of the ER-alpha Ligand-binding Domain (Y537S) in Complex with ZOL-P,,,True,False
9W13,Crystal Structure of the ER-alpha Ligand-binding Domain (Y537S) in Complex with ZEN-P,experimental,"[""X-RAY DIFFRACTION""]",[2.05],[0.18031],[0.22396],2025-07-25T00:00:00Z,2026-03-18T00:00:00Z,2026-03-18T00:00:00Z,C 2 2 21,1,1,4,2,Crystal Structure of the ER-alpha Ligand-binding Domain (Y537S) in Complex with ZEN-P,,,True,False
9WB2,Estrogen Receptor Alpha Ligand Binding Domain Y537S Mutant in Complex with Compound No.33 and GRIP Peptide,experimental,"[""X-RAY DIFFRACTION""]",[1.95],[0.19039],[0.23785],2025-08-13T00:00:00Z,2026-08-19T00:00:00Z,2026-08-19T00:00:00Z,C 2 2 21,2,2,3,4,Estrogen Receptor Alpha Ligand Binding Domain Y537S Mutant in Complex with Compound No.33 and GRIP Peptide,,,True,False
9WF5,FXR with SRC1 and TERN-101,experimental,"[""X-RAY DIFFRACTION""]",[2.95],[0.25719],[0.27472],2025-08-21T00:00:00Z,2026-08-26T00:00:00Z,2026-08-26T00:00:00Z,P 2 21 21,2,2,1,4,FXR with SRC1 and TERN-101,,,True,False
9XMJ,A Potent and Selective ROR gamma Inhibitor for the Treatment of Autoimmune Diseases,experimental,"[""X-RAY DIFFRACTION""]",[2.18],[0.1795],[0.2179],2025-11-10T00:00:00Z,2026-04-29T00:00:00Z,2026-04-29T00:00:00Z,P 1 21 1,2,2,1,8,A potent and selective ROR gamma inhibitor for the treatment of autoimmune diseases.,10.1016/j.bmcl.2025.130494,2026.0,True,False
9Y7E,Covalent stabilizer of the interaction between 14-3-3 sigma and Estrogen receptor-alpha peptide,experimental,"[""X-RAY DIFFRACTION""]",[2.28],[0.2307],[0.2662],2025-09-09T00:00:00Z,2026-08-26T00:00:00Z,2026-08-26T00:00:00Z,C 2 2 21,2,2,1,4,Covalent Stabilizers of the Interaction Between 14-3-3 sigma,10.1021/acsmedchemlett.6c00325,2026.0,True,False
9YC4,Covalent stabilizer of the interaction between 14-3-3 sigma and Estrogen receptor-alpha peptide,experimental,"[""X-RAY DIFFRACTION""]",[2.152],[0.2282],[0.2574],2025-09-18T00:00:00Z,2026-09-02T00:00:00Z,2026-09-02T00:00:00Z,C 2 2 21,2,2,1,4,Covalent Stabilizers of the Interaction Between 14-3-3 sigma,10.1021/acsmedchemlett.6c00325,2026.0,True,False
