uniprot_id,nr_code,common_name,group,pdb_id,polymer_entity_id,entity_id,experimental_methods,method_is_xray,resolution_values_json,resolution_min,resolution_max,resolution_project_range_status,r_free_values_json,r_free_min,r_free_max,r_free_status,lbd_start,lbd_end,lbd_length,lbd_definition,lbd_coordinate_system,mapped_lbd_residues,lbd_mapping_coverage,lbd_mapping_category,mapping_overlaps_lbd,mapped_dbd_residues,dbd_mapping_coverage,multi_uniprot_entity,taxonomy_audit_status,passes_project_metadata_prefilter,precoordinate_review_status,review_reasons
P10275,NR3C4,AR,Steroid hormone receptors,1E3G,1E3G_1,1,"[""X-RAY DIFFRACTION""]",True,[2.4],2.4,2.4,PASS_PROJECT_RANGE,[0.297],0.297,0.297,PASS_ALL_LE_0_30,669,900,232,UNIPROT_PROSITE_NR_LBD,UNIPROT_CANONICAL_1_BASED_INCLUSIVE,232,1.0,NEAR_COMPLETE_LBD,True,0.0,0.0,False,,True,PROJECT_PREFILTER_PASS,[]
P10275,NR3C4,AR,Steroid hormone receptors,1GS4,1GS4_1,1,"[""X-RAY DIFFRACTION""]",True,[1.95],1.95,1.95,PASS_PROJECT_RANGE,[0.285],0.285,0.285,PASS_ALL_LE_0_30,669,900,232,UNIPROT_PROSITE_NR_LBD,UNIPROT_CANONICAL_1_BASED_INCLUSIVE,230,0.991379,NEAR_COMPLETE_LBD,True,0.0,0.0,False,,True,PROJECT_PREFILTER_PASS,[]
P10275,NR3C4,AR,Steroid hormone receptors,1T5Z,1T5Z_1,1,"[""X-RAY DIFFRACTION""]",True,[2.3],2.3,2.3,PASS_PROJECT_RANGE,[0.26],0.26,0.26,PASS_ALL_LE_0_30,669,900,232,UNIPROT_PROSITE_NR_LBD,UNIPROT_CANONICAL_1_BASED_INCLUSIVE,231,0.99569,NEAR_COMPLETE_LBD,True,0.0,0.0,False,,True,PROJECT_PREFILTER_PASS,[]
P10275,NR3C4,AR,Steroid hormone receptors,1T63,1T63_1,1,"[""X-RAY DIFFRACTION""]",True,[2.07],2.07,2.07,PASS_PROJECT_RANGE,[0.23],0.23,0.23,PASS_ALL_LE_0_30,669,900,232,UNIPROT_PROSITE_NR_LBD,UNIPROT_CANONICAL_1_BASED_INCLUSIVE,231,0.99569,NEAR_COMPLETE_LBD,True,0.0,0.0,False,,True,PROJECT_PREFILTER_PASS,[]
P10275,NR3C4,AR,Steroid hormone receptors,1T65,1T65_1,1,"[""X-RAY DIFFRACTION""]",True,[1.66],1.66,1.66,ULTRAHIGH_LT_1_8,[0.27],0.27,0.27,PASS_ALL_LE_0_30,669,900,232,UNIPROT_PROSITE_NR_LBD,UNIPROT_CANONICAL_1_BASED_INCLUSIVE,231,0.99569,NEAR_COMPLETE_LBD,True,0.0,0.0,False,,False,RESOLUTION_REVIEW,"[""RESOLUTION_REVIEW""]"
P10275,NR3C4,AR,Steroid hormone receptors,1XJ7,1XJ7_1,1,"[""X-RAY DIFFRACTION""]",True,[2.7],2.7,2.7,PASS_PROJECT_RANGE,[0.32],0.32,0.32,FAIL_ALL_GT_0_30,669,900,232,UNIPROT_PROSITE_NR_LBD,UNIPROT_CANONICAL_1_BASED_INCLUSIVE,232,1.0,NEAR_COMPLETE_LBD,True,0.0,0.0,False,,False,RFREE_REVIEW,"[""RFREE_REVIEW""]"
P10275,NR3C4,AR,Steroid hormone receptors,1XOW,1XOW_1,1,"[""X-RAY DIFFRACTION""]",True,[1.8],1.8,1.8,PASS_PROJECT_RANGE,[0.213],0.213,0.213,PASS_ALL_LE_0_30,669,900,232,UNIPROT_PROSITE_NR_LBD,UNIPROT_CANONICAL_1_BASED_INCLUSIVE,229,0.987069,NEAR_COMPLETE_LBD,True,0.0,0.0,False,,True,PROJECT_PREFILTER_PASS,[]
P10275,NR3C4,AR,Steroid hormone receptors,1XOW,1XOW_2,2,"[""X-RAY DIFFRACTION""]",True,[1.8],1.8,1.8,PASS_PROJECT_RANGE,[0.213],0.213,0.213,PASS_ALL_LE_0_30,669,900,232,UNIPROT_PROSITE_NR_LBD,UNIPROT_CANONICAL_1_BASED_INCLUSIVE,0,0.0,NO_LBD_OVERLAP,False,0.0,0.0,False,,False,NO_LBD_OVERLAP,"[""NO_LBD_OVERLAP""]"
P10275,NR3C4,AR,Steroid hormone receptors,1XQ3,1XQ3_1,1,"[""X-RAY DIFFRACTION""]",True,[2.25],2.25,2.25,PASS_PROJECT_RANGE,[0.242],0.242,0.242,PASS_ALL_LE_0_30,669,900,232,UNIPROT_PROSITE_NR_LBD,UNIPROT_CANONICAL_1_BASED_INCLUSIVE,229,0.987069,NEAR_COMPLETE_LBD,True,0.0,0.0,False,,True,PROJECT_PREFILTER_PASS,[]
P10275,NR3C4,AR,Steroid hormone receptors,1Z95,1Z95_1,1,"[""X-RAY DIFFRACTION""]",True,[1.8],1.8,1.8,PASS_PROJECT_RANGE,[0.256],0.256,0.256,PASS_ALL_LE_0_30,669,900,232,UNIPROT_PROSITE_NR_LBD,UNIPROT_CANONICAL_1_BASED_INCLUSIVE,228,0.982759,NEAR_COMPLETE_LBD,True,0.0,0.0,False,,True,PROJECT_PREFILTER_PASS,[]
P10275,NR3C4,AR,Steroid hormone receptors,2AM9,2AM9_1,1,"[""X-RAY DIFFRACTION""]",True,[1.64],1.64,1.64,ULTRAHIGH_LT_1_8,[0.23],0.23,0.23,PASS_ALL_LE_0_30,669,900,232,UNIPROT_PROSITE_NR_LBD,UNIPROT_CANONICAL_1_BASED_INCLUSIVE,232,1.0,NEAR_COMPLETE_LBD,True,0.0,0.0,False,,False,RESOLUTION_REVIEW,"[""RESOLUTION_REVIEW""]"
P10275,NR3C4,AR,Steroid hormone receptors,2AMA,2AMA_1,1,"[""X-RAY DIFFRACTION""]",True,[1.9],1.9,1.9,PASS_PROJECT_RANGE,[0.241],0.241,0.241,PASS_ALL_LE_0_30,669,900,232,UNIPROT_PROSITE_NR_LBD,UNIPROT_CANONICAL_1_BASED_INCLUSIVE,232,1.0,NEAR_COMPLETE_LBD,True,0.0,0.0,False,,True,PROJECT_PREFILTER_PASS,[]
P10275,NR3C4,AR,Steroid hormone receptors,2AMB,2AMB_1,1,"[""X-RAY DIFFRACTION""]",True,[1.75],1.75,1.75,ULTRAHIGH_LT_1_8,[0.209],0.209,0.209,PASS_ALL_LE_0_30,669,900,232,UNIPROT_PROSITE_NR_LBD,UNIPROT_CANONICAL_1_BASED_INCLUSIVE,232,1.0,NEAR_COMPLETE_LBD,True,0.0,0.0,False,,False,RESOLUTION_REVIEW,"[""RESOLUTION_REVIEW""]"
P10275,NR3C4,AR,Steroid hormone receptors,2AO6,2AO6_1,1,"[""X-RAY DIFFRACTION""]",True,[1.89],1.89,1.89,PASS_PROJECT_RANGE,[0.242],0.242,0.242,PASS_ALL_LE_0_30,669,900,232,UNIPROT_PROSITE_NR_LBD,UNIPROT_CANONICAL_1_BASED_INCLUSIVE,229,0.987069,NEAR_COMPLETE_LBD,True,0.0,0.0,False,,True,PROJECT_PREFILTER_PASS,[]
P10275,NR3C4,AR,Steroid hormone receptors,2AX6,2AX6_1,1,"[""X-RAY DIFFRACTION""]",True,[1.5],1.5,1.5,ULTRAHIGH_LT_1_8,[0.274],0.274,0.274,PASS_ALL_LE_0_30,669,900,232,UNIPROT_PROSITE_NR_LBD,UNIPROT_CANONICAL_1_BASED_INCLUSIVE,232,1.0,NEAR_COMPLETE_LBD,True,0.0,0.0,False,,False,RESOLUTION_REVIEW,"[""RESOLUTION_REVIEW""]"
P10275,NR3C4,AR,Steroid hormone receptors,2AX7,2AX7_1,1,"[""X-RAY DIFFRACTION""]",True,[1.9],1.9,1.9,PASS_PROJECT_RANGE,[0.247],0.247,0.247,PASS_ALL_LE_0_30,669,900,232,UNIPROT_PROSITE_NR_LBD,UNIPROT_CANONICAL_1_BASED_INCLUSIVE,232,1.0,NEAR_COMPLETE_LBD,True,0.0,0.0,False,,True,PROJECT_PREFILTER_PASS,[]
P10275,NR3C4,AR,Steroid hormone receptors,2AX8,2AX8_1,1,"[""X-RAY DIFFRACTION""]",True,[1.7],1.7,1.7,ULTRAHIGH_LT_1_8,[0.248],0.248,0.248,PASS_ALL_LE_0_30,669,900,232,UNIPROT_PROSITE_NR_LBD,UNIPROT_CANONICAL_1_BASED_INCLUSIVE,232,1.0,NEAR_COMPLETE_LBD,True,0.0,0.0,False,,False,RESOLUTION_REVIEW,"[""RESOLUTION_REVIEW""]"
P10275,NR3C4,AR,Steroid hormone receptors,2AX9,2AX9_1,1,"[""X-RAY DIFFRACTION""]",True,[1.65],1.65,1.65,ULTRAHIGH_LT_1_8,[0.249],0.249,0.249,PASS_ALL_LE_0_30,669,900,232,UNIPROT_PROSITE_NR_LBD,UNIPROT_CANONICAL_1_BASED_INCLUSIVE,232,1.0,NEAR_COMPLETE_LBD,True,0.0,0.0,False,,False,RESOLUTION_REVIEW,"[""RESOLUTION_REVIEW""]"
P10275,NR3C4,AR,Steroid hormone receptors,2AXA,2AXA_1,1,"[""X-RAY DIFFRACTION""]",True,[1.8],1.8,1.8,PASS_PROJECT_RANGE,[0.25],0.25,0.25,PASS_ALL_LE_0_30,669,900,232,UNIPROT_PROSITE_NR_LBD,UNIPROT_CANONICAL_1_BASED_INCLUSIVE,232,1.0,NEAR_COMPLETE_LBD,True,0.0,0.0,False,,True,PROJECT_PREFILTER_PASS,[]
P10275,NR3C4,AR,Steroid hormone receptors,2HVC,2HVC_1,1,"[""X-RAY DIFFRACTION""]",True,[2.1],2.1,2.1,PASS_PROJECT_RANGE,[0.253],0.253,0.253,PASS_ALL_LE_0_30,669,900,232,UNIPROT_PROSITE_NR_LBD,UNIPROT_CANONICAL_1_BASED_INCLUSIVE,231,0.99569,NEAR_COMPLETE_LBD,True,0.0,0.0,False,,True,PROJECT_PREFILTER_PASS,[]
P10275,NR3C4,AR,Steroid hormone receptors,2OZ7,2OZ7_1,1,"[""X-RAY DIFFRACTION""]",True,[1.8],1.8,1.8,PASS_PROJECT_RANGE,[0.27],0.27,0.27,PASS_ALL_LE_0_30,669,900,232,UNIPROT_PROSITE_NR_LBD,UNIPROT_CANONICAL_1_BASED_INCLUSIVE,229,0.987069,NEAR_COMPLETE_LBD,True,0.0,0.0,False,,True,PROJECT_PREFILTER_PASS,[]
P10275,NR3C4,AR,Steroid hormone receptors,2PIO,2PIO_1,1,"[""X-RAY DIFFRACTION""]",True,[2.03],2.03,2.03,PASS_PROJECT_RANGE,[0.2868],0.2868,0.2868,PASS_ALL_LE_0_30,669,900,232,UNIPROT_PROSITE_NR_LBD,UNIPROT_CANONICAL_1_BASED_INCLUSIVE,231,0.99569,NEAR_COMPLETE_LBD,True,0.0,0.0,False,,True,PROJECT_PREFILTER_PASS,[]
P10275,NR3C4,AR,Steroid hormone receptors,2PIP,2PIP_1,1,"[""X-RAY DIFFRACTION""]",True,[1.8],1.8,1.8,PASS_PROJECT_RANGE,[0.25],0.25,0.25,PASS_ALL_LE_0_30,669,900,232,UNIPROT_PROSITE_NR_LBD,UNIPROT_CANONICAL_1_BASED_INCLUSIVE,231,0.99569,NEAR_COMPLETE_LBD,True,0.0,0.0,False,,True,PROJECT_PREFILTER_PASS,[]
P10275,NR3C4,AR,Steroid hormone receptors,2PIQ,2PIQ_1,1,"[""X-RAY DIFFRACTION""]",True,[2.4],2.4,2.4,PASS_PROJECT_RANGE,[0.25],0.25,0.25,PASS_ALL_LE_0_30,669,900,232,UNIPROT_PROSITE_NR_LBD,UNIPROT_CANONICAL_1_BASED_INCLUSIVE,231,0.99569,NEAR_COMPLETE_LBD,True,0.0,0.0,False,,True,PROJECT_PREFILTER_PASS,[]
P10275,NR3C4,AR,Steroid hormone receptors,2PIR,2PIR_1,1,"[""X-RAY DIFFRACTION""]",True,[2.1],2.1,2.1,PASS_PROJECT_RANGE,[0.26],0.26,0.26,PASS_ALL_LE_0_30,669,900,232,UNIPROT_PROSITE_NR_LBD,UNIPROT_CANONICAL_1_BASED_INCLUSIVE,231,0.99569,NEAR_COMPLETE_LBD,True,0.0,0.0,False,,True,PROJECT_PREFILTER_PASS,[]
P10275,NR3C4,AR,Steroid hormone receptors,2PIT,2PIT_1,1,"[""X-RAY DIFFRACTION""]",True,[1.76],1.76,1.76,ULTRAHIGH_LT_1_8,[0.25],0.25,0.25,PASS_ALL_LE_0_30,669,900,232,UNIPROT_PROSITE_NR_LBD,UNIPROT_CANONICAL_1_BASED_INCLUSIVE,231,0.99569,NEAR_COMPLETE_LBD,True,0.0,0.0,False,,False,RESOLUTION_REVIEW,"[""RESOLUTION_REVIEW""]"
P10275,NR3C4,AR,Steroid hormone receptors,2PIU,2PIU_1,1,"[""X-RAY DIFFRACTION""]",True,[2.12],2.12,2.12,PASS_PROJECT_RANGE,[0.27],0.27,0.27,PASS_ALL_LE_0_30,669,900,232,UNIPROT_PROSITE_NR_LBD,UNIPROT_CANONICAL_1_BASED_INCLUSIVE,231,0.99569,NEAR_COMPLETE_LBD,True,0.0,0.0,False,,True,PROJECT_PREFILTER_PASS,[]
P10275,NR3C4,AR,Steroid hormone receptors,2PIV,2PIV_1,1,"[""X-RAY DIFFRACTION""]",True,[1.95],1.95,1.95,PASS_PROJECT_RANGE,[0.25],0.25,0.25,PASS_ALL_LE_0_30,669,900,232,UNIPROT_PROSITE_NR_LBD,UNIPROT_CANONICAL_1_BASED_INCLUSIVE,231,0.99569,NEAR_COMPLETE_LBD,True,0.0,0.0,False,,True,PROJECT_PREFILTER_PASS,[]
P10275,NR3C4,AR,Steroid hormone receptors,2PIW,2PIW_1,1,"[""X-RAY DIFFRACTION""]",True,[2.58],2.58,2.58,PASS_PROJECT_RANGE,[0.28],0.28,0.28,PASS_ALL_LE_0_30,669,900,232,UNIPROT_PROSITE_NR_LBD,UNIPROT_CANONICAL_1_BASED_INCLUSIVE,231,0.99569,NEAR_COMPLETE_LBD,True,0.0,0.0,False,,True,PROJECT_PREFILTER_PASS,[]
P10275,NR3C4,AR,Steroid hormone receptors,2PIX,2PIX_1,1,"[""X-RAY DIFFRACTION""]",True,[2.4],2.4,2.4,PASS_PROJECT_RANGE,[0.28],0.28,0.28,PASS_ALL_LE_0_30,669,900,232,UNIPROT_PROSITE_NR_LBD,UNIPROT_CANONICAL_1_BASED_INCLUSIVE,231,0.99569,NEAR_COMPLETE_LBD,True,0.0,0.0,False,,True,PROJECT_PREFILTER_PASS,[]
P10275,NR3C4,AR,Steroid hormone receptors,2PKL,2PKL_1,1,"[""X-RAY DIFFRACTION""]",True,[2.49],2.49,2.49,PASS_PROJECT_RANGE,[0.26],0.26,0.26,PASS_ALL_LE_0_30,669,900,232,UNIPROT_PROSITE_NR_LBD,UNIPROT_CANONICAL_1_BASED_INCLUSIVE,231,0.99569,NEAR_COMPLETE_LBD,True,0.0,0.0,False,,True,PROJECT_PREFILTER_PASS,[]
P10275,NR3C4,AR,Steroid hormone receptors,2PNU,2PNU_1,1,"[""X-RAY DIFFRACTION""]",True,[1.65],1.65,1.65,ULTRAHIGH_LT_1_8,[0.205],0.205,0.205,PASS_ALL_LE_0_30,669,900,232,UNIPROT_PROSITE_NR_LBD,UNIPROT_CANONICAL_1_BASED_INCLUSIVE,232,1.0,NEAR_COMPLETE_LBD,True,0.0,0.0,False,,False,RESOLUTION_REVIEW,"[""RESOLUTION_REVIEW""]"
P10275,NR3C4,AR,Steroid hormone receptors,2Q7I,2Q7I_1,1,"[""X-RAY DIFFRACTION""]",True,[1.87],1.87,1.87,PASS_PROJECT_RANGE,[0.21714],0.21714,0.21714,PASS_ALL_LE_0_30,669,900,232,UNIPROT_PROSITE_NR_LBD,UNIPROT_CANONICAL_1_BASED_INCLUSIVE,232,1.0,NEAR_COMPLETE_LBD,True,0.0,0.0,False,,True,PROJECT_PREFILTER_PASS,[]
P10275,NR3C4,AR,Steroid hormone receptors,2Q7I,2Q7I_2,2,"[""X-RAY DIFFRACTION""]",True,[1.87],1.87,1.87,PASS_PROJECT_RANGE,[0.21714],0.21714,0.21714,PASS_ALL_LE_0_30,669,900,232,UNIPROT_PROSITE_NR_LBD,UNIPROT_CANONICAL_1_BASED_INCLUSIVE,0,0.0,NO_LBD_OVERLAP,False,0.0,0.0,False,,False,NO_LBD_OVERLAP,"[""NO_LBD_OVERLAP""]"
P10275,NR3C4,AR,Steroid hormone receptors,2Q7J,2Q7J_1,1,"[""X-RAY DIFFRACTION""]",True,[1.9],1.9,1.9,PASS_PROJECT_RANGE,[0.22027],0.22027,0.22027,PASS_ALL_LE_0_30,669,900,232,UNIPROT_PROSITE_NR_LBD,UNIPROT_CANONICAL_1_BASED_INCLUSIVE,232,1.0,NEAR_COMPLETE_LBD,True,0.0,0.0,False,,True,PROJECT_PREFILTER_PASS,[]
P10275,NR3C4,AR,Steroid hormone receptors,2Q7K,2Q7K_1,1,"[""X-RAY DIFFRACTION""]",True,[1.8],1.8,1.8,PASS_PROJECT_RANGE,[0.20856],0.20856,0.20856,PASS_ALL_LE_0_30,669,900,232,UNIPROT_PROSITE_NR_LBD,UNIPROT_CANONICAL_1_BASED_INCLUSIVE,232,1.0,NEAR_COMPLETE_LBD,True,0.0,0.0,False,,True,PROJECT_PREFILTER_PASS,[]
P10275,NR3C4,AR,Steroid hormone receptors,2Q7K,2Q7K_2,2,"[""X-RAY DIFFRACTION""]",True,[1.8],1.8,1.8,PASS_PROJECT_RANGE,[0.20856],0.20856,0.20856,PASS_ALL_LE_0_30,669,900,232,UNIPROT_PROSITE_NR_LBD,UNIPROT_CANONICAL_1_BASED_INCLUSIVE,0,0.0,NO_LBD_OVERLAP,False,0.0,0.0,False,,False,NO_LBD_OVERLAP,"[""NO_LBD_OVERLAP""]"
P10275,NR3C4,AR,Steroid hormone receptors,2Q7L,2Q7L_1,1,"[""X-RAY DIFFRACTION""]",True,[1.92],1.92,1.92,PASS_PROJECT_RANGE,[0.22051],0.22051,0.22051,PASS_ALL_LE_0_30,669,900,232,UNIPROT_PROSITE_NR_LBD,UNIPROT_CANONICAL_1_BASED_INCLUSIVE,232,1.0,NEAR_COMPLETE_LBD,True,0.0,0.0,False,,True,PROJECT_PREFILTER_PASS,[]
P10275,NR3C4,AR,Steroid hormone receptors,2YHD,2YHD_1,1,"[""X-RAY DIFFRACTION""]",True,[2.2],2.2,2.2,PASS_PROJECT_RANGE,[0.25912],0.25912,0.25912,PASS_ALL_LE_0_30,669,900,232,UNIPROT_PROSITE_NR_LBD,UNIPROT_CANONICAL_1_BASED_INCLUSIVE,229,0.987069,NEAR_COMPLETE_LBD,True,0.0,0.0,False,,True,PROJECT_PREFILTER_PASS,[]
P10275,NR3C4,AR,Steroid hormone receptors,2YLO,2YLO_1,1,"[""X-RAY DIFFRACTION""]",True,[2.5],2.5,2.5,PASS_PROJECT_RANGE,[0.28865],0.28865,0.28865,PASS_ALL_LE_0_30,669,900,232,UNIPROT_PROSITE_NR_LBD,UNIPROT_CANONICAL_1_BASED_INCLUSIVE,232,1.0,NEAR_COMPLETE_LBD,True,0.0,0.0,False,,True,PROJECT_PREFILTER_PASS,[]
P10275,NR3C4,AR,Steroid hormone receptors,2YLP,2YLP_1,1,"[""X-RAY DIFFRACTION""]",True,[2.3],2.3,2.3,PASS_PROJECT_RANGE,[0.24944],0.24944,0.24944,PASS_ALL_LE_0_30,669,900,232,UNIPROT_PROSITE_NR_LBD,UNIPROT_CANONICAL_1_BASED_INCLUSIVE,232,1.0,NEAR_COMPLETE_LBD,True,0.0,0.0,False,,True,PROJECT_PREFILTER_PASS,[]
P10275,NR3C4,AR,Steroid hormone receptors,2YLQ,2YLQ_1,1,"[""X-RAY DIFFRACTION""]",True,[2.4],2.4,2.4,PASS_PROJECT_RANGE,[0.27188],0.27188,0.27188,PASS_ALL_LE_0_30,669,900,232,UNIPROT_PROSITE_NR_LBD,UNIPROT_CANONICAL_1_BASED_INCLUSIVE,232,1.0,NEAR_COMPLETE_LBD,True,0.0,0.0,False,,True,PROJECT_PREFILTER_PASS,[]
P10275,NR3C4,AR,Steroid hormone receptors,2Z4J,2Z4J_1,1,"[""X-RAY DIFFRACTION""]",True,[2.6],2.6,2.6,PASS_PROJECT_RANGE,[0.234],0.234,0.234,PASS_ALL_LE_0_30,669,900,232,UNIPROT_PROSITE_NR_LBD,UNIPROT_CANONICAL_1_BASED_INCLUSIVE,229,0.987069,NEAR_COMPLETE_LBD,True,0.0,0.0,False,,True,PROJECT_PREFILTER_PASS,[]
P10275,NR3C4,AR,Steroid hormone receptors,3B5R,3B5R_1,1,"[""X-RAY DIFFRACTION""]",True,[1.8],1.8,1.8,PASS_PROJECT_RANGE,[0.272],0.272,0.272,PASS_ALL_LE_0_30,669,900,232,UNIPROT_PROSITE_NR_LBD,UNIPROT_CANONICAL_1_BASED_INCLUSIVE,229,0.987069,NEAR_COMPLETE_LBD,True,0.0,0.0,False,,True,PROJECT_PREFILTER_PASS,[]
P10275,NR3C4,AR,Steroid hormone receptors,3B65,3B65_1,1,"[""X-RAY DIFFRACTION""]",True,[1.8],1.8,1.8,PASS_PROJECT_RANGE,[0.292],0.292,0.292,PASS_ALL_LE_0_30,669,900,232,UNIPROT_PROSITE_NR_LBD,UNIPROT_CANONICAL_1_BASED_INCLUSIVE,229,0.987069,NEAR_COMPLETE_LBD,True,0.0,0.0,False,,True,PROJECT_PREFILTER_PASS,[]
P10275,NR3C4,AR,Steroid hormone receptors,3B66,3B66_1,1,"[""X-RAY DIFFRACTION""]",True,[1.65],1.65,1.65,ULTRAHIGH_LT_1_8,[0.242],0.242,0.242,PASS_ALL_LE_0_30,669,900,232,UNIPROT_PROSITE_NR_LBD,UNIPROT_CANONICAL_1_BASED_INCLUSIVE,229,0.987069,NEAR_COMPLETE_LBD,True,0.0,0.0,False,,False,RESOLUTION_REVIEW,"[""RESOLUTION_REVIEW""]"
P10275,NR3C4,AR,Steroid hormone receptors,3B67,3B67_1,1,"[""X-RAY DIFFRACTION""]",True,[1.9],1.9,1.9,PASS_PROJECT_RANGE,[0.273],0.273,0.273,PASS_ALL_LE_0_30,669,900,232,UNIPROT_PROSITE_NR_LBD,UNIPROT_CANONICAL_1_BASED_INCLUSIVE,229,0.987069,NEAR_COMPLETE_LBD,True,0.0,0.0,False,,True,PROJECT_PREFILTER_PASS,[]
P10275,NR3C4,AR,Steroid hormone receptors,3B68,3B68_1,1,"[""X-RAY DIFFRACTION""]",True,[1.9],1.9,1.9,PASS_PROJECT_RANGE,[0.274],0.274,0.274,PASS_ALL_LE_0_30,669,900,232,UNIPROT_PROSITE_NR_LBD,UNIPROT_CANONICAL_1_BASED_INCLUSIVE,229,0.987069,NEAR_COMPLETE_LBD,True,0.0,0.0,False,,True,PROJECT_PREFILTER_PASS,[]
P10275,NR3C4,AR,Steroid hormone receptors,3BTR,3BTR_2,2,"[""X-RAY DIFFRACTION""]",True,[2.6],2.6,2.6,PASS_PROJECT_RANGE,[0.2289],0.2289,0.2289,PASS_ALL_LE_0_30,669,900,232,UNIPROT_PROSITE_NR_LBD,UNIPROT_CANONICAL_1_BASED_INCLUSIVE,0,0.0,NO_LBD_OVERLAP,False,11.0,0.150685,False,,False,NO_LBD_OVERLAP,"[""NO_LBD_OVERLAP""]"
P10275,NR3C4,AR,Steroid hormone receptors,3L3X,3L3X_1,1,"[""X-RAY DIFFRACTION""]",True,[1.55],1.55,1.55,ULTRAHIGH_LT_1_8,[0.20568],0.20568,0.20568,PASS_ALL_LE_0_30,669,900,232,UNIPROT_PROSITE_NR_LBD,UNIPROT_CANONICAL_1_BASED_INCLUSIVE,230,0.991379,NEAR_COMPLETE_LBD,True,0.0,0.0,False,,False,RESOLUTION_REVIEW,"[""RESOLUTION_REVIEW""]"
P10275,NR3C4,AR,Steroid hormone receptors,3L3Z,3L3Z_1,1,"[""X-RAY DIFFRACTION""]",True,[2.0],2.0,2.0,PASS_PROJECT_RANGE,[0.24263],0.24263,0.24263,PASS_ALL_LE_0_30,669,900,232,UNIPROT_PROSITE_NR_LBD,UNIPROT_CANONICAL_1_BASED_INCLUSIVE,230,0.991379,NEAR_COMPLETE_LBD,True,0.0,0.0,False,,True,PROJECT_PREFILTER_PASS,[]
P10275,NR3C4,AR,Steroid hormone receptors,3RLJ,3RLJ_1,1,"[""X-RAY DIFFRACTION""]",True,[1.9],1.9,1.9,PASS_PROJECT_RANGE,[0.265],0.265,0.265,PASS_ALL_LE_0_30,669,900,232,UNIPROT_PROSITE_NR_LBD,UNIPROT_CANONICAL_1_BASED_INCLUSIVE,229,0.987069,NEAR_COMPLETE_LBD,True,0.0,0.0,False,,True,PROJECT_PREFILTER_PASS,[]
P10275,NR3C4,AR,Steroid hormone receptors,3RLL,3RLL_1,1,"[""X-RAY DIFFRACTION""]",True,[1.7],1.7,1.7,ULTRAHIGH_LT_1_8,[0.263],0.263,0.263,PASS_ALL_LE_0_30,669,900,232,UNIPROT_PROSITE_NR_LBD,UNIPROT_CANONICAL_1_BASED_INCLUSIVE,229,0.987069,NEAR_COMPLETE_LBD,True,0.0,0.0,False,,False,RESOLUTION_REVIEW,"[""RESOLUTION_REVIEW""]"
P10275,NR3C4,AR,Steroid hormone receptors,3V49,3V49_1,1,"[""X-RAY DIFFRACTION""]",True,[1.7],1.7,1.7,ULTRAHIGH_LT_1_8,[],,,MISSING,669,900,232,UNIPROT_PROSITE_NR_LBD,UNIPROT_CANONICAL_1_BASED_INCLUSIVE,232,1.0,NEAR_COMPLETE_LBD,True,0.0,0.0,False,,False,MULTIPLE_REASONS,"[""RESOLUTION_REVIEW"", ""RFREE_REVIEW"", ""METADATA_INCOMPLETE""]"
P10275,NR3C4,AR,Steroid hormone receptors,3V49,3V49_2,2,"[""X-RAY DIFFRACTION""]",True,[1.7],1.7,1.7,ULTRAHIGH_LT_1_8,[],,,MISSING,669,900,232,UNIPROT_PROSITE_NR_LBD,UNIPROT_CANONICAL_1_BASED_INCLUSIVE,0,0.0,NO_LBD_OVERLAP,False,0.0,0.0,False,,False,MULTIPLE_REASONS,"[""NO_LBD_OVERLAP"", ""RESOLUTION_REVIEW"", ""RFREE_REVIEW"", ""METADATA_INCOMPLETE""]"
P10275,NR3C4,AR,Steroid hormone receptors,3V4A,3V4A_1,1,"[""X-RAY DIFFRACTION""]",True,[1.95],1.95,1.95,PASS_PROJECT_RANGE,[],,,MISSING,669,900,232,UNIPROT_PROSITE_NR_LBD,UNIPROT_CANONICAL_1_BASED_INCLUSIVE,229,0.987069,NEAR_COMPLETE_LBD,True,0.0,0.0,False,,False,MULTIPLE_REASONS,"[""RFREE_REVIEW"", ""METADATA_INCOMPLETE""]"
P10275,NR3C4,AR,Steroid hormone receptors,3V4A,3V4A_2,2,"[""X-RAY DIFFRACTION""]",True,[1.95],1.95,1.95,PASS_PROJECT_RANGE,[],,,MISSING,669,900,232,UNIPROT_PROSITE_NR_LBD,UNIPROT_CANONICAL_1_BASED_INCLUSIVE,0,0.0,NO_LBD_OVERLAP,False,0.0,0.0,False,,False,MULTIPLE_REASONS,"[""NO_LBD_OVERLAP"", ""RFREE_REVIEW"", ""METADATA_INCOMPLETE""]"
P10275,NR3C4,AR,Steroid hormone receptors,3ZQT,3ZQT_1,1,"[""X-RAY DIFFRACTION""]",True,[2.29],2.29,2.29,PASS_PROJECT_RANGE,[0.3067],0.3067,0.3067,FAIL_ALL_GT_0_30,669,900,232,UNIPROT_PROSITE_NR_LBD,UNIPROT_CANONICAL_1_BASED_INCLUSIVE,232,1.0,NEAR_COMPLETE_LBD,True,0.0,0.0,False,EXPLAINED,False,RFREE_REVIEW,"[""RFREE_REVIEW""]"
P10275,NR3C4,AR,Steroid hormone receptors,4HLW,4HLW_1,1,"[""X-RAY DIFFRACTION""]",True,[2.5],2.5,2.5,PASS_PROJECT_RANGE,[0.2388],0.2388,0.2388,PASS_ALL_LE_0_30,669,900,232,UNIPROT_PROSITE_NR_LBD,UNIPROT_CANONICAL_1_BASED_INCLUSIVE,232,1.0,NEAR_COMPLETE_LBD,True,0.0,0.0,False,,True,PROJECT_PREFILTER_PASS,[]
P10275,NR3C4,AR,Steroid hormone receptors,4K7A,4K7A_1,1,"[""X-RAY DIFFRACTION""]",True,[2.44],2.44,2.44,PASS_PROJECT_RANGE,[0.26788],0.26788,0.26788,PASS_ALL_LE_0_30,669,900,232,UNIPROT_PROSITE_NR_LBD,UNIPROT_CANONICAL_1_BASED_INCLUSIVE,230,0.991379,NEAR_COMPLETE_LBD,True,0.0,0.0,False,,True,PROJECT_PREFILTER_PASS,[]
P10275,NR3C4,AR,Steroid hormone receptors,4OEA,4OEA_1,1,"[""X-RAY DIFFRACTION""]",True,[2.12],2.12,2.12,PASS_PROJECT_RANGE,[0.26549],0.26549,0.26549,PASS_ALL_LE_0_30,669,900,232,UNIPROT_PROSITE_NR_LBD,UNIPROT_CANONICAL_1_BASED_INCLUSIVE,230,0.991379,NEAR_COMPLETE_LBD,True,0.0,0.0,False,,True,PROJECT_PREFILTER_PASS,[]
P10275,NR3C4,AR,Steroid hormone receptors,4OED,4OED_1,1,"[""X-RAY DIFFRACTION""]",True,[2.79],2.79,2.79,PASS_PROJECT_RANGE,[0.29899],0.29899,0.29899,PASS_ALL_LE_0_30,669,900,232,UNIPROT_PROSITE_NR_LBD,UNIPROT_CANONICAL_1_BASED_INCLUSIVE,230,0.991379,NEAR_COMPLETE_LBD,True,0.0,0.0,False,,True,PROJECT_PREFILTER_PASS,[]
P10275,NR3C4,AR,Steroid hormone receptors,4OEY,4OEY_1,1,"[""X-RAY DIFFRACTION""]",True,[1.83],1.83,1.83,PASS_PROJECT_RANGE,[0.24921],0.24921,0.24921,PASS_ALL_LE_0_30,669,900,232,UNIPROT_PROSITE_NR_LBD,UNIPROT_CANONICAL_1_BASED_INCLUSIVE,230,0.991379,NEAR_COMPLETE_LBD,True,0.0,0.0,False,,True,PROJECT_PREFILTER_PASS,[]
P10275,NR3C4,AR,Steroid hormone receptors,4OEZ,4OEZ_1,1,"[""X-RAY DIFFRACTION""]",True,[1.8],1.8,1.8,PASS_PROJECT_RANGE,[0.258],0.258,0.258,PASS_ALL_LE_0_30,669,900,232,UNIPROT_PROSITE_NR_LBD,UNIPROT_CANONICAL_1_BASED_INCLUSIVE,230,0.991379,NEAR_COMPLETE_LBD,True,0.0,0.0,False,,True,PROJECT_PREFILTER_PASS,[]
P10275,NR3C4,AR,Steroid hormone receptors,4OFR,4OFR_1,1,"[""X-RAY DIFFRACTION""]",True,[2.26],2.26,2.26,PASS_PROJECT_RANGE,[0.25093],0.25093,0.25093,PASS_ALL_LE_0_30,669,900,232,UNIPROT_PROSITE_NR_LBD,UNIPROT_CANONICAL_1_BASED_INCLUSIVE,230,0.991379,NEAR_COMPLETE_LBD,True,0.0,0.0,False,,True,PROJECT_PREFILTER_PASS,[]
P10275,NR3C4,AR,Steroid hormone receptors,4OFU,4OFU_1,1,"[""X-RAY DIFFRACTION""]",True,[2.12],2.12,2.12,PASS_PROJECT_RANGE,[0.2674],0.2674,0.2674,PASS_ALL_LE_0_30,669,900,232,UNIPROT_PROSITE_NR_LBD,UNIPROT_CANONICAL_1_BASED_INCLUSIVE,230,0.991379,NEAR_COMPLETE_LBD,True,0.0,0.0,False,,True,PROJECT_PREFILTER_PASS,[]
P10275,NR3C4,AR,Steroid hormone receptors,4OGH,4OGH_1,1,"[""X-RAY DIFFRACTION""]",True,[2.98],2.98,2.98,PASS_PROJECT_RANGE,[0.24008],0.24008,0.24008,PASS_ALL_LE_0_30,669,900,232,UNIPROT_PROSITE_NR_LBD,UNIPROT_CANONICAL_1_BASED_INCLUSIVE,230,0.991379,NEAR_COMPLETE_LBD,True,0.0,0.0,False,,True,PROJECT_PREFILTER_PASS,[]
P10275,NR3C4,AR,Steroid hormone receptors,4OH5,4OH5_1,1,"[""X-RAY DIFFRACTION""]",True,[2.0],2.0,2.0,PASS_PROJECT_RANGE,[0.25726],0.25726,0.25726,PASS_ALL_LE_0_30,669,900,232,UNIPROT_PROSITE_NR_LBD,UNIPROT_CANONICAL_1_BASED_INCLUSIVE,230,0.991379,NEAR_COMPLETE_LBD,True,0.0,0.0,False,,True,PROJECT_PREFILTER_PASS,[]
P10275,NR3C4,AR,Steroid hormone receptors,4OH6,4OH6_1,1,"[""X-RAY DIFFRACTION""]",True,[3.56],3.56,3.56,TOO_LOW_RESOLUTION_GT_3_5,[0.26141],0.26141,0.26141,PASS_ALL_LE_0_30,669,900,232,UNIPROT_PROSITE_NR_LBD,UNIPROT_CANONICAL_1_BASED_INCLUSIVE,230,0.991379,NEAR_COMPLETE_LBD,True,0.0,0.0,False,,False,RESOLUTION_REVIEW,"[""RESOLUTION_REVIEW""]"
P10275,NR3C4,AR,Steroid hormone receptors,4OHA,4OHA_1,1,"[""X-RAY DIFFRACTION""]",True,[1.42],1.42,1.42,ULTRAHIGH_LT_1_8,[0.20005],0.20005,0.20005,PASS_ALL_LE_0_30,669,900,232,UNIPROT_PROSITE_NR_LBD,UNIPROT_CANONICAL_1_BASED_INCLUSIVE,230,0.991379,NEAR_COMPLETE_LBD,True,0.0,0.0,False,,False,RESOLUTION_REVIEW,"[""RESOLUTION_REVIEW""]"
P10275,NR3C4,AR,Steroid hormone receptors,4OIL,4OIL_1,1,"[""X-RAY DIFFRACTION""]",True,[2.51],2.51,2.51,PASS_PROJECT_RANGE,[0.28485],0.28485,0.28485,PASS_ALL_LE_0_30,669,900,232,UNIPROT_PROSITE_NR_LBD,UNIPROT_CANONICAL_1_BASED_INCLUSIVE,230,0.991379,NEAR_COMPLETE_LBD,True,0.0,0.0,False,,True,PROJECT_PREFILTER_PASS,[]
P10275,NR3C4,AR,Steroid hormone receptors,4OIU,4OIU_1,1,"[""X-RAY DIFFRACTION""]",True,[3.01],3.01,3.01,PASS_PROJECT_RANGE,[0.33757],0.33757,0.33757,FAIL_ALL_GT_0_30,669,900,232,UNIPROT_PROSITE_NR_LBD,UNIPROT_CANONICAL_1_BASED_INCLUSIVE,230,0.991379,NEAR_COMPLETE_LBD,True,0.0,0.0,False,,False,RFREE_REVIEW,"[""RFREE_REVIEW""]"
P10275,NR3C4,AR,Steroid hormone receptors,4OJ9,4OJ9_1,1,"[""X-RAY DIFFRACTION""]",True,[3.31],3.31,3.31,PASS_PROJECT_RANGE,[0.36224],0.36224,0.36224,FAIL_ALL_GT_0_30,669,900,232,UNIPROT_PROSITE_NR_LBD,UNIPROT_CANONICAL_1_BASED_INCLUSIVE,230,0.991379,NEAR_COMPLETE_LBD,True,0.0,0.0,False,,False,RFREE_REVIEW,"[""RFREE_REVIEW""]"
P10275,NR3C4,AR,Steroid hormone receptors,4OJB,4OJB_1,1,"[""X-RAY DIFFRACTION""]",True,[2.0],2.0,2.0,PASS_PROJECT_RANGE,[0.24715],0.24715,0.24715,PASS_ALL_LE_0_30,669,900,232,UNIPROT_PROSITE_NR_LBD,UNIPROT_CANONICAL_1_BASED_INCLUSIVE,230,0.991379,NEAR_COMPLETE_LBD,True,0.0,0.0,False,,True,PROJECT_PREFILTER_PASS,[]
P10275,NR3C4,AR,Steroid hormone receptors,4OK1,4OK1_1,1,"[""X-RAY DIFFRACTION""]",True,[2.09],2.09,2.09,PASS_PROJECT_RANGE,[0.24858],0.24858,0.24858,PASS_ALL_LE_0_30,669,900,232,UNIPROT_PROSITE_NR_LBD,UNIPROT_CANONICAL_1_BASED_INCLUSIVE,230,0.991379,NEAR_COMPLETE_LBD,True,0.0,0.0,False,,True,PROJECT_PREFILTER_PASS,[]
P10275,NR3C4,AR,Steroid hormone receptors,4OKB,4OKB_1,1,"[""X-RAY DIFFRACTION""]",True,[2.95],2.95,2.95,PASS_PROJECT_RANGE,[0.25962],0.25962,0.25962,PASS_ALL_LE_0_30,669,900,232,UNIPROT_PROSITE_NR_LBD,UNIPROT_CANONICAL_1_BASED_INCLUSIVE,230,0.991379,NEAR_COMPLETE_LBD,True,0.0,0.0,False,,True,PROJECT_PREFILTER_PASS,[]
P10275,NR3C4,AR,Steroid hormone receptors,4OKT,4OKT_1,1,"[""X-RAY DIFFRACTION""]",True,[2.5],2.5,2.5,PASS_PROJECT_RANGE,[0.2563],0.2563,0.2563,PASS_ALL_LE_0_30,669,900,232,UNIPROT_PROSITE_NR_LBD,UNIPROT_CANONICAL_1_BASED_INCLUSIVE,230,0.991379,NEAR_COMPLETE_LBD,True,0.0,0.0,False,,True,PROJECT_PREFILTER_PASS,[]
P10275,NR3C4,AR,Steroid hormone receptors,4OKW,4OKW_1,1,"[""X-RAY DIFFRACTION""]",True,[2.0],2.0,2.0,PASS_PROJECT_RANGE,[0.22503],0.22503,0.22503,PASS_ALL_LE_0_30,669,900,232,UNIPROT_PROSITE_NR_LBD,UNIPROT_CANONICAL_1_BASED_INCLUSIVE,230,0.991379,NEAR_COMPLETE_LBD,True,0.0,0.0,False,,True,PROJECT_PREFILTER_PASS,[]
P10275,NR3C4,AR,Steroid hormone receptors,4OKX,4OKX_1,1,"[""X-RAY DIFFRACTION""]",True,[2.1],2.1,2.1,PASS_PROJECT_RANGE,[0.24769],0.24769,0.24769,PASS_ALL_LE_0_30,669,900,232,UNIPROT_PROSITE_NR_LBD,UNIPROT_CANONICAL_1_BASED_INCLUSIVE,230,0.991379,NEAR_COMPLETE_LBD,True,0.0,0.0,False,,True,PROJECT_PREFILTER_PASS,[]
P10275,NR3C4,AR,Steroid hormone receptors,4OLM,4OLM_1,1,"[""X-RAY DIFFRACTION""]",True,[2.8],2.8,2.8,PASS_PROJECT_RANGE,[0.31255],0.31255,0.31255,FAIL_ALL_GT_0_30,669,900,232,UNIPROT_PROSITE_NR_LBD,UNIPROT_CANONICAL_1_BASED_INCLUSIVE,230,0.991379,NEAR_COMPLETE_LBD,True,0.0,0.0,False,,False,RFREE_REVIEW,"[""RFREE_REVIEW""]"
P10275,NR3C4,AR,Steroid hormone receptors,4QL8,4QL8_1,1,"[""X-RAY DIFFRACTION""]",True,[2.1],2.1,2.1,PASS_PROJECT_RANGE,[0.27502],0.27502,0.27502,PASS_ALL_LE_0_30,669,900,232,UNIPROT_PROSITE_NR_LBD,UNIPROT_CANONICAL_1_BASED_INCLUSIVE,232,1.0,NEAR_COMPLETE_LBD,True,0.0,0.0,False,,True,PROJECT_PREFILTER_PASS,[]
P10275,NR3C4,AR,Steroid hormone receptors,5CJ6,5CJ6_1,1,"[""X-RAY DIFFRACTION""]",True,[2.07],2.07,2.07,PASS_PROJECT_RANGE,[0.22171],0.22171,0.22171,PASS_ALL_LE_0_30,669,900,232,UNIPROT_PROSITE_NR_LBD,UNIPROT_CANONICAL_1_BASED_INCLUSIVE,232,1.0,NEAR_COMPLETE_LBD,True,0.0,0.0,False,,True,PROJECT_PREFILTER_PASS,[]
P10275,NR3C4,AR,Steroid hormone receptors,5CJ6,5CJ6_2,2,"[""X-RAY DIFFRACTION""]",True,[2.07],2.07,2.07,PASS_PROJECT_RANGE,[0.22171],0.22171,0.22171,PASS_ALL_LE_0_30,669,900,232,UNIPROT_PROSITE_NR_LBD,UNIPROT_CANONICAL_1_BASED_INCLUSIVE,0,0.0,NO_LBD_OVERLAP,False,0.0,0.0,False,EXPLAINED,False,NO_LBD_OVERLAP,"[""NO_LBD_OVERLAP""]"
P10275,NR3C4,AR,Steroid hormone receptors,5JJM,5JJM_1,1,"[""X-RAY DIFFRACTION""]",True,[2.15],2.15,2.15,PASS_PROJECT_RANGE,[0.24312],0.24312,0.24312,PASS_ALL_LE_0_30,669,900,232,UNIPROT_PROSITE_NR_LBD,UNIPROT_CANONICAL_1_BASED_INCLUSIVE,232,1.0,NEAR_COMPLETE_LBD,True,0.0,0.0,False,,True,PROJECT_PREFILTER_PASS,[]
P10275,NR3C4,AR,Steroid hormone receptors,5JJM,5JJM_3,3,"[""X-RAY DIFFRACTION""]",True,[2.15],2.15,2.15,PASS_PROJECT_RANGE,[0.24312],0.24312,0.24312,PASS_ALL_LE_0_30,669,900,232,UNIPROT_PROSITE_NR_LBD,UNIPROT_CANONICAL_1_BASED_INCLUSIVE,232,1.0,NEAR_COMPLETE_LBD,True,0.0,0.0,False,,True,PROJECT_PREFILTER_PASS,[]
P10275,NR3C4,AR,Steroid hormone receptors,5T8E,5T8E_1,1,"[""X-RAY DIFFRACTION""]",True,[2.71],2.71,2.71,PASS_PROJECT_RANGE,[0.2381],0.2381,0.2381,PASS_ALL_LE_0_30,669,900,232,UNIPROT_PROSITE_NR_LBD,UNIPROT_CANONICAL_1_BASED_INCLUSIVE,229,0.987069,NEAR_COMPLETE_LBD,True,0.0,0.0,False,,True,PROJECT_PREFILTER_PASS,[]
P10275,NR3C4,AR,Steroid hormone receptors,5T8J,5T8J_1,1,"[""X-RAY DIFFRACTION""]",True,[2.7],2.7,2.7,PASS_PROJECT_RANGE,[0.3047],0.3047,0.3047,FAIL_ALL_GT_0_30,669,900,232,UNIPROT_PROSITE_NR_LBD,UNIPROT_CANONICAL_1_BASED_INCLUSIVE,229,0.987069,NEAR_COMPLETE_LBD,True,0.0,0.0,False,,False,RFREE_REVIEW,"[""RFREE_REVIEW""]"
P10275,NR3C4,AR,Steroid hormone receptors,5V8Q,5V8Q_1,1,"[""X-RAY DIFFRACTION""]",True,[1.44],1.44,1.44,ULTRAHIGH_LT_1_8,[0.2047],0.2047,0.2047,PASS_ALL_LE_0_30,669,900,232,UNIPROT_PROSITE_NR_LBD,UNIPROT_CANONICAL_1_BASED_INCLUSIVE,229,0.987069,NEAR_COMPLETE_LBD,True,0.0,0.0,False,,False,RESOLUTION_REVIEW,"[""RESOLUTION_REVIEW""]"
P10275,NR3C4,AR,Steroid hormone receptors,5VO4,5VO4_1,1,"[""X-RAY DIFFRACTION""]",True,[2.35],2.35,2.35,PASS_PROJECT_RANGE,[0.2823],0.2823,0.2823,PASS_ALL_LE_0_30,669,900,232,UNIPROT_PROSITE_NR_LBD,UNIPROT_CANONICAL_1_BASED_INCLUSIVE,230,0.991379,NEAR_COMPLETE_LBD,True,0.0,0.0,False,,True,PROJECT_PREFILTER_PASS,[]
P10275,NR3C4,AR,Steroid hormone receptors,7ZTX,7ZTX_1,1,"[""X-RAY DIFFRACTION""]",True,[1.89],1.89,1.89,PASS_PROJECT_RANGE,[0.2507],0.2507,0.2507,PASS_ALL_LE_0_30,669,900,232,UNIPROT_PROSITE_NR_LBD,UNIPROT_CANONICAL_1_BASED_INCLUSIVE,229,0.987069,NEAR_COMPLETE_LBD,True,0.0,0.0,False,,True,PROJECT_PREFILTER_PASS,[]
P10275,NR3C4,AR,Steroid hormone receptors,7ZTZ,7ZTZ_1,1,"[""X-RAY DIFFRACTION""]",True,[1.4],1.4,1.4,ULTRAHIGH_LT_1_8,[0.2196],0.2196,0.2196,PASS_ALL_LE_0_30,669,900,232,UNIPROT_PROSITE_NR_LBD,UNIPROT_CANONICAL_1_BASED_INCLUSIVE,229,0.987069,NEAR_COMPLETE_LBD,True,0.0,0.0,False,,False,RESOLUTION_REVIEW,"[""RESOLUTION_REVIEW""]"
P10275,NR3C4,AR,Steroid hormone receptors,7ZU1,7ZU1_1,1,"[""X-RAY DIFFRACTION""]",True,[1.68],1.68,1.68,ULTRAHIGH_LT_1_8,[0.2545],0.2545,0.2545,PASS_ALL_LE_0_30,669,900,232,UNIPROT_PROSITE_NR_LBD,UNIPROT_CANONICAL_1_BASED_INCLUSIVE,229,0.987069,NEAR_COMPLETE_LBD,True,0.0,0.0,False,,False,RESOLUTION_REVIEW,"[""RESOLUTION_REVIEW""]"
P10275,NR3C4,AR,Steroid hormone receptors,7ZU2,7ZU2_1,1,"[""X-RAY DIFFRACTION""]",True,[1.74],1.74,1.74,ULTRAHIGH_LT_1_8,[0.2186],0.2186,0.2186,PASS_ALL_LE_0_30,669,900,232,UNIPROT_PROSITE_NR_LBD,UNIPROT_CANONICAL_1_BASED_INCLUSIVE,229,0.987069,NEAR_COMPLETE_LBD,True,0.0,0.0,False,,False,RESOLUTION_REVIEW,"[""RESOLUTION_REVIEW""]"
P10275,NR3C4,AR,Steroid hormone receptors,8E1A,8E1A_1,1,"[""X-RAY DIFFRACTION""]",True,[1.2],1.2,1.2,ULTRAHIGH_LT_1_8,[0.15146],0.15146,0.15146,PASS_ALL_LE_0_30,669,900,232,UNIPROT_PROSITE_NR_LBD,UNIPROT_CANONICAL_1_BASED_INCLUSIVE,232,1.0,NEAR_COMPLETE_LBD,True,0.0,0.0,False,,False,RESOLUTION_REVIEW,"[""RESOLUTION_REVIEW""]"
P10275,NR3C4,AR,Steroid hormone receptors,8FGY,8FGY_1,1,"[""X-RAY DIFFRACTION""]",True,[2.2],2.2,2.2,PASS_PROJECT_RANGE,[0.2456],0.2456,0.2456,PASS_ALL_LE_0_30,669,900,232,UNIPROT_PROSITE_NR_LBD,UNIPROT_CANONICAL_1_BASED_INCLUSIVE,232,1.0,NEAR_COMPLETE_LBD,True,0.0,0.0,False,,True,PROJECT_PREFILTER_PASS,[]
P10275,NR3C4,AR,Steroid hormone receptors,8FGZ,8FGZ_1,1,"[""X-RAY DIFFRACTION""]",True,[1.61],1.61,1.61,ULTRAHIGH_LT_1_8,[0.2199],0.2199,0.2199,PASS_ALL_LE_0_30,669,900,232,UNIPROT_PROSITE_NR_LBD,UNIPROT_CANONICAL_1_BASED_INCLUSIVE,232,1.0,NEAR_COMPLETE_LBD,True,0.0,0.0,False,,False,RESOLUTION_REVIEW,"[""RESOLUTION_REVIEW""]"
P10275,NR3C4,AR,Steroid hormone receptors,8FH0,8FH0_1,1,"[""X-RAY DIFFRACTION""]",True,[1.59],1.59,1.59,ULTRAHIGH_LT_1_8,[0.2082],0.2082,0.2082,PASS_ALL_LE_0_30,669,900,232,UNIPROT_PROSITE_NR_LBD,UNIPROT_CANONICAL_1_BASED_INCLUSIVE,232,1.0,NEAR_COMPLETE_LBD,True,0.0,0.0,False,,False,RESOLUTION_REVIEW,"[""RESOLUTION_REVIEW""]"
P10275,NR3C4,AR,Steroid hormone receptors,8FH1,8FH1_1,1,"[""X-RAY DIFFRACTION""]",True,[1.69],1.69,1.69,ULTRAHIGH_LT_1_8,[0.229],0.229,0.229,PASS_ALL_LE_0_30,669,900,232,UNIPROT_PROSITE_NR_LBD,UNIPROT_CANONICAL_1_BASED_INCLUSIVE,232,1.0,NEAR_COMPLETE_LBD,True,0.0,0.0,False,,False,RESOLUTION_REVIEW,"[""RESOLUTION_REVIEW""]"
P10275,NR3C4,AR,Steroid hormone receptors,8FH2,8FH2_1,1,"[""X-RAY DIFFRACTION""]",True,[1.59],1.59,1.59,ULTRAHIGH_LT_1_8,[0.2209],0.2209,0.2209,PASS_ALL_LE_0_30,669,900,232,UNIPROT_PROSITE_NR_LBD,UNIPROT_CANONICAL_1_BASED_INCLUSIVE,232,1.0,NEAR_COMPLETE_LBD,True,0.0,0.0,False,,False,RESOLUTION_REVIEW,"[""RESOLUTION_REVIEW""]"
P10275,NR3C4,AR,Steroid hormone receptors,8RM6,8RM6_1,1,"[""X-RAY DIFFRACTION""]",True,[2.05],2.05,2.05,PASS_PROJECT_RANGE,[0.2468],0.2468,0.2468,PASS_ALL_LE_0_30,669,900,232,UNIPROT_PROSITE_NR_LBD,UNIPROT_CANONICAL_1_BASED_INCLUSIVE,0,0.0,NO_LBD_OVERLAP,False,70.0,0.958904,False,,False,NO_LBD_OVERLAP,"[""NO_LBD_OVERLAP""]"
P10275,NR3C4,AR,Steroid hormone receptors,8RM7,8RM7_1,1,"[""X-RAY DIFFRACTION""]",True,[2.25],2.25,2.25,PASS_PROJECT_RANGE,[0.31],0.31,0.31,FAIL_ALL_GT_0_30,669,900,232,UNIPROT_PROSITE_NR_LBD,UNIPROT_CANONICAL_1_BASED_INCLUSIVE,0,0.0,NO_LBD_OVERLAP,False,70.0,0.958904,False,,False,MULTIPLE_REASONS,"[""NO_LBD_OVERLAP"", ""RFREE_REVIEW""]"
P10275,NR3C4,AR,Steroid hormone receptors,9GZD,9GZD_1,1,"[""X-RAY DIFFRACTION""]",True,[1.91],1.91,1.91,PASS_PROJECT_RANGE,[0.25761],0.25761,0.25761,PASS_ALL_LE_0_30,669,900,232,UNIPROT_PROSITE_NR_LBD,UNIPROT_CANONICAL_1_BASED_INCLUSIVE,229,0.987069,NEAR_COMPLETE_LBD,True,0.0,0.0,False,,True,PROJECT_PREFILTER_PASS,[]
P03372,NR3A1,ERα,Steroid hormone receptors,11SD,11SD_2,2,"[""X-RAY DIFFRACTION""]",True,[2.816],2.816,2.816,PASS_PROJECT_RANGE,[0.2511],0.2511,0.2511,PASS_ALL_LE_0_30,311,547,237,UNIPROT_PROSITE_NR_LBD,UNIPROT_CANONICAL_1_BASED_INCLUSIVE,0,0.0,NO_LBD_OVERLAP,False,0.0,0.0,False,,False,NO_LBD_OVERLAP,"[""NO_LBD_OVERLAP""]"
P03372,NR3A1,ERα,Steroid hormone receptors,11SE,11SE_2,2,"[""X-RAY DIFFRACTION""]",True,[2.239],2.239,2.239,PASS_PROJECT_RANGE,[0.2562],0.2562,0.2562,PASS_ALL_LE_0_30,311,547,237,UNIPROT_PROSITE_NR_LBD,UNIPROT_CANONICAL_1_BASED_INCLUSIVE,0,0.0,NO_LBD_OVERLAP,False,0.0,0.0,False,,False,NO_LBD_OVERLAP,"[""NO_LBD_OVERLAP""]"
P03372,NR3A1,ERα,Steroid hormone receptors,11SF,11SF_2,2,"[""X-RAY DIFFRACTION""]",True,[2.24],2.24,2.24,PASS_PROJECT_RANGE,[0.2496],0.2496,0.2496,PASS_ALL_LE_0_30,311,547,237,UNIPROT_PROSITE_NR_LBD,UNIPROT_CANONICAL_1_BASED_INCLUSIVE,0,0.0,NO_LBD_OVERLAP,False,0.0,0.0,False,,False,NO_LBD_OVERLAP,"[""NO_LBD_OVERLAP""]"
P03372,NR3A1,ERα,Steroid hormone receptors,11SG,11SG_2,2,"[""X-RAY DIFFRACTION""]",True,[2.6],2.6,2.6,PASS_PROJECT_RANGE,[0.2482],0.2482,0.2482,PASS_ALL_LE_0_30,311,547,237,UNIPROT_PROSITE_NR_LBD,UNIPROT_CANONICAL_1_BASED_INCLUSIVE,0,0.0,NO_LBD_OVERLAP,False,0.0,0.0,False,,False,NO_LBD_OVERLAP,"[""NO_LBD_OVERLAP""]"
P03372,NR3A1,ERα,Steroid hormone receptors,11SH,11SH_2,2,"[""X-RAY DIFFRACTION""]",True,[2.2],2.2,2.2,PASS_PROJECT_RANGE,[0.2367],0.2367,0.2367,PASS_ALL_LE_0_30,311,547,237,UNIPROT_PROSITE_NR_LBD,UNIPROT_CANONICAL_1_BASED_INCLUSIVE,0,0.0,NO_LBD_OVERLAP,False,0.0,0.0,False,,False,NO_LBD_OVERLAP,"[""NO_LBD_OVERLAP""]"
P03372,NR3A1,ERα,Steroid hormone receptors,11SI,11SI_2,2,"[""X-RAY DIFFRACTION""]",True,[2.5],2.5,2.5,PASS_PROJECT_RANGE,[0.2774],0.2774,0.2774,PASS_ALL_LE_0_30,311,547,237,UNIPROT_PROSITE_NR_LBD,UNIPROT_CANONICAL_1_BASED_INCLUSIVE,0,0.0,NO_LBD_OVERLAP,False,0.0,0.0,False,,False,NO_LBD_OVERLAP,"[""NO_LBD_OVERLAP""]"
P03372,NR3A1,ERα,Steroid hormone receptors,11SJ,11SJ_2,2,"[""X-RAY DIFFRACTION""]",True,[2.4],2.4,2.4,PASS_PROJECT_RANGE,[0.2434],0.2434,0.2434,PASS_ALL_LE_0_30,311,547,237,UNIPROT_PROSITE_NR_LBD,UNIPROT_CANONICAL_1_BASED_INCLUSIVE,0,0.0,NO_LBD_OVERLAP,False,0.0,0.0,False,,False,NO_LBD_OVERLAP,"[""NO_LBD_OVERLAP""]"
P03372,NR3A1,ERα,Steroid hormone receptors,11ZU,11ZU_2,2,"[""X-RAY DIFFRACTION""]",True,[2.25],2.25,2.25,PASS_PROJECT_RANGE,[0.2263],0.2263,0.2263,PASS_ALL_LE_0_30,311,547,237,UNIPROT_PROSITE_NR_LBD,UNIPROT_CANONICAL_1_BASED_INCLUSIVE,0,0.0,NO_LBD_OVERLAP,False,0.0,0.0,False,,False,NO_LBD_OVERLAP,"[""NO_LBD_OVERLAP""]"
P03372,NR3A1,ERα,Steroid hormone receptors,1A52,1A52_1,1,"[""X-RAY DIFFRACTION""]",True,[2.8],2.8,2.8,PASS_PROJECT_RANGE,[0.274],0.274,0.274,PASS_ALL_LE_0_30,311,547,237,UNIPROT_PROSITE_NR_LBD,UNIPROT_CANONICAL_1_BASED_INCLUSIVE,237,1.0,NEAR_COMPLETE_LBD,True,0.0,0.0,False,,True,PROJECT_PREFILTER_PASS,[]
P03372,NR3A1,ERα,Steroid hormone receptors,1ERE,1ERE_1,1,"[""X-RAY DIFFRACTION""]",True,[3.1],3.1,3.1,PASS_PROJECT_RANGE,[0.251],0.251,0.251,PASS_ALL_LE_0_30,311,547,237,UNIPROT_PROSITE_NR_LBD,UNIPROT_CANONICAL_1_BASED_INCLUSIVE,237,1.0,NEAR_COMPLETE_LBD,True,0.0,0.0,False,,True,PROJECT_PREFILTER_PASS,[]
P03372,NR3A1,ERα,Steroid hormone receptors,1ERR,1ERR_1,1,"[""X-RAY DIFFRACTION""]",True,[2.6],2.6,2.6,PASS_PROJECT_RANGE,[0.299],0.299,0.299,PASS_ALL_LE_0_30,311,547,237,UNIPROT_PROSITE_NR_LBD,UNIPROT_CANONICAL_1_BASED_INCLUSIVE,237,1.0,NEAR_COMPLETE_LBD,True,0.0,0.0,False,,True,PROJECT_PREFILTER_PASS,[]
P03372,NR3A1,ERα,Steroid hormone receptors,1G50,1G50_1,1,"[""X-RAY DIFFRACTION""]",True,[2.9],2.9,2.9,PASS_PROJECT_RANGE,[0.31],0.31,0.31,FAIL_ALL_GT_0_30,311,547,237,UNIPROT_PROSITE_NR_LBD,UNIPROT_CANONICAL_1_BASED_INCLUSIVE,237,1.0,NEAR_COMPLETE_LBD,True,0.0,0.0,False,,False,RFREE_REVIEW,"[""RFREE_REVIEW""]"
P03372,NR3A1,ERα,Steroid hormone receptors,1GWQ,1GWQ_1,1,"[""X-RAY DIFFRACTION""]",True,[2.45],2.45,2.45,PASS_PROJECT_RANGE,[0.269],0.269,0.269,PASS_ALL_LE_0_30,311,547,237,UNIPROT_PROSITE_NR_LBD,UNIPROT_CANONICAL_1_BASED_INCLUSIVE,237,1.0,NEAR_COMPLETE_LBD,True,0.0,0.0,False,,True,PROJECT_PREFILTER_PASS,[]
P03372,NR3A1,ERα,Steroid hormone receptors,1GWR,1GWR_1,1,"[""X-RAY DIFFRACTION""]",True,[2.4],2.4,2.4,PASS_PROJECT_RANGE,[0.288],0.288,0.288,PASS_ALL_LE_0_30,311,547,237,UNIPROT_PROSITE_NR_LBD,UNIPROT_CANONICAL_1_BASED_INCLUSIVE,237,1.0,NEAR_COMPLETE_LBD,True,0.0,0.0,False,,True,PROJECT_PREFILTER_PASS,[]
P03372,NR3A1,ERα,Steroid hormone receptors,1HCP,1HCP_1,1,"[""SOLUTION NMR""]",False,[],,,MISSING,[],,,MISSING,311,547,237,UNIPROT_PROSITE_NR_LBD,UNIPROT_CANONICAL_1_BASED_INCLUSIVE,0,0.0,NO_LBD_OVERLAP,False,66.0,1.0,False,,False,MULTIPLE_REASONS,"[""NON_XRAY"", ""NO_LBD_OVERLAP"", ""RESOLUTION_REVIEW"", ""RFREE_REVIEW"", ""METADATA_INCOMPLETE""]"
P03372,NR3A1,ERα,Steroid hormone receptors,1HCQ,1HCQ_3,3,"[""X-RAY DIFFRACTION""]",True,[2.4],2.4,2.4,PASS_PROJECT_RANGE,[],,,MISSING,311,547,237,UNIPROT_PROSITE_NR_LBD,UNIPROT_CANONICAL_1_BASED_INCLUSIVE,0,0.0,NO_LBD_OVERLAP,False,66.0,1.0,False,,False,MULTIPLE_REASONS,"[""NO_LBD_OVERLAP"", ""RFREE_REVIEW"", ""METADATA_INCOMPLETE""]"
P03372,NR3A1,ERα,Steroid hormone receptors,1L2I,1L2I_1,1,"[""X-RAY DIFFRACTION""]",True,[1.95],1.95,1.95,PASS_PROJECT_RANGE,[0.243],0.243,0.243,PASS_ALL_LE_0_30,311,547,237,UNIPROT_PROSITE_NR_LBD,UNIPROT_CANONICAL_1_BASED_INCLUSIVE,237,1.0,NEAR_COMPLETE_LBD,True,0.0,0.0,False,,True,PROJECT_PREFILTER_PASS,[]
P03372,NR3A1,ERα,Steroid hormone receptors,1PCG,1PCG_1,1,"[""X-RAY DIFFRACTION""]",True,[2.7],2.7,2.7,PASS_PROJECT_RANGE,[0.254],0.254,0.254,PASS_ALL_LE_0_30,311,547,237,UNIPROT_PROSITE_NR_LBD,UNIPROT_CANONICAL_1_BASED_INCLUSIVE,237,1.0,NEAR_COMPLETE_LBD,True,0.0,0.0,False,,True,PROJECT_PREFILTER_PASS,[]
P03372,NR3A1,ERα,Steroid hormone receptors,1QKT,1QKT_1,1,"[""X-RAY DIFFRACTION""]",True,[2.2],2.2,2.2,PASS_PROJECT_RANGE,[0.273],0.273,0.273,PASS_ALL_LE_0_30,311,547,237,UNIPROT_PROSITE_NR_LBD,UNIPROT_CANONICAL_1_BASED_INCLUSIVE,237,1.0,NEAR_COMPLETE_LBD,True,0.0,0.0,False,,True,PROJECT_PREFILTER_PASS,[]
P03372,NR3A1,ERα,Steroid hormone receptors,1QKU,1QKU_1,1,"[""X-RAY DIFFRACTION""]",True,[3.2],3.2,3.2,PASS_PROJECT_RANGE,[0.275],0.275,0.275,PASS_ALL_LE_0_30,311,547,237,UNIPROT_PROSITE_NR_LBD,UNIPROT_CANONICAL_1_BASED_INCLUSIVE,237,1.0,NEAR_COMPLETE_LBD,True,0.0,0.0,False,,True,PROJECT_PREFILTER_PASS,[]
P03372,NR3A1,ERα,Steroid hormone receptors,1R5K,1R5K_1,1,"[""X-RAY DIFFRACTION""]",True,[2.7],2.7,2.7,PASS_PROJECT_RANGE,[0.23561],0.23561,0.23561,PASS_ALL_LE_0_30,311,547,237,UNIPROT_PROSITE_NR_LBD,UNIPROT_CANONICAL_1_BASED_INCLUSIVE,237,1.0,NEAR_COMPLETE_LBD,True,0.0,0.0,False,,True,PROJECT_PREFILTER_PASS,[]
P03372,NR3A1,ERα,Steroid hormone receptors,1SJ0,1SJ0_1,1,"[""X-RAY DIFFRACTION""]",True,[1.9],1.9,1.9,PASS_PROJECT_RANGE,[0.272],0.272,0.272,PASS_ALL_LE_0_30,311,547,237,UNIPROT_PROSITE_NR_LBD,UNIPROT_CANONICAL_1_BASED_INCLUSIVE,237,1.0,NEAR_COMPLETE_LBD,True,0.0,0.0,False,,True,PROJECT_PREFILTER_PASS,[]
P03372,NR3A1,ERα,Steroid hormone receptors,1UOM,1UOM_1,1,"[""X-RAY DIFFRACTION""]",True,[2.28],2.28,2.28,PASS_PROJECT_RANGE,[0.287],0.287,0.287,PASS_ALL_LE_0_30,311,547,237,UNIPROT_PROSITE_NR_LBD,UNIPROT_CANONICAL_1_BASED_INCLUSIVE,237,1.0,NEAR_COMPLETE_LBD,True,0.0,0.0,False,,True,PROJECT_PREFILTER_PASS,[]
P03372,NR3A1,ERα,Steroid hormone receptors,1X7E,1X7E_1,1,"[""X-RAY DIFFRACTION""]",True,[2.8],2.8,2.8,PASS_PROJECT_RANGE,[0.286],0.286,0.286,PASS_ALL_LE_0_30,311,547,237,UNIPROT_PROSITE_NR_LBD,UNIPROT_CANONICAL_1_BASED_INCLUSIVE,237,1.0,NEAR_COMPLETE_LBD,True,0.0,0.0,False,,True,PROJECT_PREFILTER_PASS,[]
P03372,NR3A1,ERα,Steroid hormone receptors,1X7R,1X7R_1,1,"[""X-RAY DIFFRACTION""]",True,[2.0],2.0,2.0,PASS_PROJECT_RANGE,[0.269],0.269,0.269,PASS_ALL_LE_0_30,311,547,237,UNIPROT_PROSITE_NR_LBD,UNIPROT_CANONICAL_1_BASED_INCLUSIVE,237,1.0,NEAR_COMPLETE_LBD,True,0.0,0.0,False,,True,PROJECT_PREFILTER_PASS,[]
P03372,NR3A1,ERα,Steroid hormone receptors,1XP1,1XP1_1,1,"[""X-RAY DIFFRACTION""]",True,[1.8],1.8,1.8,PASS_PROJECT_RANGE,[0.269],0.269,0.269,PASS_ALL_LE_0_30,311,547,237,UNIPROT_PROSITE_NR_LBD,UNIPROT_CANONICAL_1_BASED_INCLUSIVE,237,1.0,NEAR_COMPLETE_LBD,True,0.0,0.0,False,,True,PROJECT_PREFILTER_PASS,[]
P03372,NR3A1,ERα,Steroid hormone receptors,1XP6,1XP6_1,1,"[""X-RAY DIFFRACTION""]",True,[1.7],1.7,1.7,ULTRAHIGH_LT_1_8,[0.267],0.267,0.267,PASS_ALL_LE_0_30,311,547,237,UNIPROT_PROSITE_NR_LBD,UNIPROT_CANONICAL_1_BASED_INCLUSIVE,237,1.0,NEAR_COMPLETE_LBD,True,0.0,0.0,False,,False,RESOLUTION_REVIEW,"[""RESOLUTION_REVIEW""]"
P03372,NR3A1,ERα,Steroid hormone receptors,1XP9,1XP9_1,1,"[""X-RAY DIFFRACTION""]",True,[1.8],1.8,1.8,PASS_PROJECT_RANGE,[0.299],0.299,0.299,PASS_ALL_LE_0_30,311,547,237,UNIPROT_PROSITE_NR_LBD,UNIPROT_CANONICAL_1_BASED_INCLUSIVE,237,1.0,NEAR_COMPLETE_LBD,True,0.0,0.0,False,,True,PROJECT_PREFILTER_PASS,[]
P03372,NR3A1,ERα,Steroid hormone receptors,1XPC,1XPC_1,1,"[""X-RAY DIFFRACTION""]",True,[1.6],1.6,1.6,ULTRAHIGH_LT_1_8,[0.251],0.251,0.251,PASS_ALL_LE_0_30,311,547,237,UNIPROT_PROSITE_NR_LBD,UNIPROT_CANONICAL_1_BASED_INCLUSIVE,237,1.0,NEAR_COMPLETE_LBD,True,0.0,0.0,False,,False,RESOLUTION_REVIEW,"[""RESOLUTION_REVIEW""]"
P03372,NR3A1,ERα,Steroid hormone receptors,1XQC,1XQC_1,1,"[""X-RAY DIFFRACTION""]",True,[2.05],2.05,2.05,PASS_PROJECT_RANGE,[0.25425],0.25425,0.25425,PASS_ALL_LE_0_30,311,547,237,UNIPROT_PROSITE_NR_LBD,UNIPROT_CANONICAL_1_BASED_INCLUSIVE,237,1.0,NEAR_COMPLETE_LBD,True,0.0,0.0,False,,True,PROJECT_PREFILTER_PASS,[]
P03372,NR3A1,ERα,Steroid hormone receptors,1YIM,1YIM_1,1,"[""X-RAY DIFFRACTION""]",True,[1.9],1.9,1.9,PASS_PROJECT_RANGE,[0.258],0.258,0.258,PASS_ALL_LE_0_30,311,547,237,UNIPROT_PROSITE_NR_LBD,UNIPROT_CANONICAL_1_BASED_INCLUSIVE,237,1.0,NEAR_COMPLETE_LBD,True,0.0,0.0,False,,True,PROJECT_PREFILTER_PASS,[]
P03372,NR3A1,ERα,Steroid hormone receptors,1YIN,1YIN_1,1,"[""X-RAY DIFFRACTION""]",True,[2.2],2.2,2.2,PASS_PROJECT_RANGE,[0.296],0.296,0.296,PASS_ALL_LE_0_30,311,547,237,UNIPROT_PROSITE_NR_LBD,UNIPROT_CANONICAL_1_BASED_INCLUSIVE,237,1.0,NEAR_COMPLETE_LBD,True,0.0,0.0,False,,True,PROJECT_PREFILTER_PASS,[]
P03372,NR3A1,ERα,Steroid hormone receptors,1ZKY,1ZKY_1,1,"[""X-RAY DIFFRACTION""]",True,[2.25],2.25,2.25,PASS_PROJECT_RANGE,[0.23141],0.23141,0.23141,PASS_ALL_LE_0_30,311,547,237,UNIPROT_PROSITE_NR_LBD,UNIPROT_CANONICAL_1_BASED_INCLUSIVE,237,1.0,NEAR_COMPLETE_LBD,True,0.0,0.0,False,,True,PROJECT_PREFILTER_PASS,[]
P03372,NR3A1,ERα,Steroid hormone receptors,2AYR,2AYR_1,1,"[""X-RAY DIFFRACTION""]",True,[1.9],1.9,1.9,PASS_PROJECT_RANGE,[0.263],0.263,0.263,PASS_ALL_LE_0_30,311,547,237,UNIPROT_PROSITE_NR_LBD,UNIPROT_CANONICAL_1_BASED_INCLUSIVE,237,1.0,NEAR_COMPLETE_LBD,True,0.0,0.0,False,,True,PROJECT_PREFILTER_PASS,[]
P03372,NR3A1,ERα,Steroid hormone receptors,2B1V,2B1V_1,1,"[""X-RAY DIFFRACTION""]",True,[1.8],1.8,1.8,PASS_PROJECT_RANGE,[0.2383],0.2383,0.2383,PASS_ALL_LE_0_30,311,547,237,UNIPROT_PROSITE_NR_LBD,UNIPROT_CANONICAL_1_BASED_INCLUSIVE,237,1.0,NEAR_COMPLETE_LBD,True,0.0,0.0,False,,True,PROJECT_PREFILTER_PASS,[]
P03372,NR3A1,ERα,Steroid hormone receptors,2B1Z,2B1Z_1,1,"[""X-RAY DIFFRACTION""]",True,[1.78],1.78,1.78,ULTRAHIGH_LT_1_8,[0.23779],0.23779,0.23779,PASS_ALL_LE_0_30,311,547,237,UNIPROT_PROSITE_NR_LBD,UNIPROT_CANONICAL_1_BASED_INCLUSIVE,237,1.0,NEAR_COMPLETE_LBD,True,0.0,0.0,False,,False,RESOLUTION_REVIEW,"[""RESOLUTION_REVIEW""]"
P03372,NR3A1,ERα,Steroid hormone receptors,2B23,2B23_1,1,"[""X-RAY DIFFRACTION""]",True,[2.1],2.1,2.1,PASS_PROJECT_RANGE,[0.27211],0.27211,0.27211,PASS_ALL_LE_0_30,311,547,237,UNIPROT_PROSITE_NR_LBD,UNIPROT_CANONICAL_1_BASED_INCLUSIVE,237,1.0,NEAR_COMPLETE_LBD,True,0.0,0.0,False,,True,PROJECT_PREFILTER_PASS,[]
P03372,NR3A1,ERα,Steroid hormone receptors,2BJ4,2BJ4_1,1,"[""X-RAY DIFFRACTION""]",True,[2.0],2.0,2.0,PASS_PROJECT_RANGE,[0.219],0.219,0.219,PASS_ALL_LE_0_30,311,547,237,UNIPROT_PROSITE_NR_LBD,UNIPROT_CANONICAL_1_BASED_INCLUSIVE,223,0.940928,SUBSTANTIAL_LBD,True,0.0,0.0,False,,True,PROJECT_PREFILTER_PASS,[]
P03372,NR3A1,ERα,Steroid hormone receptors,2BJ4,2BJ4_2,2,"[""X-RAY DIFFRACTION""]",True,[2.0],2.0,2.0,PASS_PROJECT_RANGE,[0.219],0.219,0.219,PASS_ALL_LE_0_30,311,547,237,UNIPROT_PROSITE_NR_LBD,UNIPROT_CANONICAL_1_BASED_INCLUSIVE,223,0.940928,SUBSTANTIAL_LBD,True,0.0,0.0,False,,True,PROJECT_PREFILTER_PASS,[]
P03372,NR3A1,ERα,Steroid hormone receptors,2FAI,2FAI_1,1,"[""X-RAY DIFFRACTION""]",True,[2.1],2.1,2.1,PASS_PROJECT_RANGE,[0.24044],0.24044,0.24044,PASS_ALL_LE_0_30,311,547,237,UNIPROT_PROSITE_NR_LBD,UNIPROT_CANONICAL_1_BASED_INCLUSIVE,237,1.0,NEAR_COMPLETE_LBD,True,0.0,0.0,False,,True,PROJECT_PREFILTER_PASS,[]
P03372,NR3A1,ERα,Steroid hormone receptors,2G44,2G44_1,1,"[""X-RAY DIFFRACTION""]",True,[2.65],2.65,2.65,PASS_PROJECT_RANGE,[0.25561],0.25561,0.25561,PASS_ALL_LE_0_30,311,547,237,UNIPROT_PROSITE_NR_LBD,UNIPROT_CANONICAL_1_BASED_INCLUSIVE,237,1.0,NEAR_COMPLETE_LBD,True,0.0,0.0,False,,True,PROJECT_PREFILTER_PASS,[]
P03372,NR3A1,ERα,Steroid hormone receptors,2G5O,2G5O_1,1,"[""X-RAY DIFFRACTION""]",True,[2.3],2.3,2.3,PASS_PROJECT_RANGE,[0.26401],0.26401,0.26401,PASS_ALL_LE_0_30,311,547,237,UNIPROT_PROSITE_NR_LBD,UNIPROT_CANONICAL_1_BASED_INCLUSIVE,237,1.0,NEAR_COMPLETE_LBD,True,0.0,0.0,False,,True,PROJECT_PREFILTER_PASS,[]
P03372,NR3A1,ERα,Steroid hormone receptors,2I0J,2I0J_1,1,"[""X-RAY DIFFRACTION""]",True,[2.9],2.9,2.9,PASS_PROJECT_RANGE,[0.263],0.263,0.263,PASS_ALL_LE_0_30,311,547,237,UNIPROT_PROSITE_NR_LBD,UNIPROT_CANONICAL_1_BASED_INCLUSIVE,237,1.0,NEAR_COMPLETE_LBD,True,0.0,0.0,False,,True,PROJECT_PREFILTER_PASS,[]
P03372,NR3A1,ERα,Steroid hormone receptors,2IOG,2IOG_1,1,"[""X-RAY DIFFRACTION""]",True,[1.6],1.6,1.6,ULTRAHIGH_LT_1_8,[0.328],0.328,0.328,FAIL_ALL_GT_0_30,311,547,237,UNIPROT_PROSITE_NR_LBD,UNIPROT_CANONICAL_1_BASED_INCLUSIVE,237,1.0,NEAR_COMPLETE_LBD,True,0.0,0.0,False,,False,MULTIPLE_REASONS,"[""RESOLUTION_REVIEW"", ""RFREE_REVIEW""]"
P03372,NR3A1,ERα,Steroid hormone receptors,2IOK,2IOK_1,1,"[""X-RAY DIFFRACTION""]",True,[2.4],2.4,2.4,PASS_PROJECT_RANGE,[0.323],0.323,0.323,FAIL_ALL_GT_0_30,311,547,237,UNIPROT_PROSITE_NR_LBD,UNIPROT_CANONICAL_1_BASED_INCLUSIVE,237,1.0,NEAR_COMPLETE_LBD,True,0.0,0.0,False,,False,RFREE_REVIEW,"[""RFREE_REVIEW""]"
P03372,NR3A1,ERα,Steroid hormone receptors,2JF9,2JF9_1,1,"[""X-RAY DIFFRACTION""]",True,[2.1],2.1,2.1,PASS_PROJECT_RANGE,[0.198],0.198,0.198,PASS_ALL_LE_0_30,311,547,237,UNIPROT_PROSITE_NR_LBD,UNIPROT_CANONICAL_1_BASED_INCLUSIVE,223,0.940928,SUBSTANTIAL_LBD,True,0.0,0.0,False,,True,PROJECT_PREFILTER_PASS,[]
P03372,NR3A1,ERα,Steroid hormone receptors,2JFA,2JFA_1,1,"[""X-RAY DIFFRACTION""]",True,[2.55],2.55,2.55,PASS_PROJECT_RANGE,[0.213],0.213,0.213,PASS_ALL_LE_0_30,311,547,237,UNIPROT_PROSITE_NR_LBD,UNIPROT_CANONICAL_1_BASED_INCLUSIVE,223,0.940928,SUBSTANTIAL_LBD,True,0.0,0.0,False,,True,PROJECT_PREFILTER_PASS,[]
P03372,NR3A1,ERα,Steroid hormone receptors,2JFA,2JFA_2,2,"[""X-RAY DIFFRACTION""]",True,[2.55],2.55,2.55,PASS_PROJECT_RANGE,[0.213],0.213,0.213,PASS_ALL_LE_0_30,311,547,237,UNIPROT_PROSITE_NR_LBD,UNIPROT_CANONICAL_1_BASED_INCLUSIVE,223,0.940928,SUBSTANTIAL_LBD,True,0.0,0.0,False,,True,PROJECT_PREFILTER_PASS,[]
P03372,NR3A1,ERα,Steroid hormone receptors,2LLO,2LLO_2,2,"[""SOLUTION NMR""]",False,[],,,MISSING,[],,,MISSING,311,547,237,UNIPROT_PROSITE_NR_LBD,UNIPROT_CANONICAL_1_BASED_INCLUSIVE,0,0.0,NO_LBD_OVERLAP,False,0.0,0.0,False,,False,MULTIPLE_REASONS,"[""NON_XRAY"", ""NO_LBD_OVERLAP"", ""RESOLUTION_REVIEW"", ""RFREE_REVIEW"", ""METADATA_INCOMPLETE""]"
P03372,NR3A1,ERα,Steroid hormone receptors,2LLQ,2LLQ_2,2,"[""SOLUTION NMR""]",False,[],,,MISSING,[],,,MISSING,311,547,237,UNIPROT_PROSITE_NR_LBD,UNIPROT_CANONICAL_1_BASED_INCLUSIVE,0,0.0,NO_LBD_OVERLAP,False,0.0,0.0,False,,False,MULTIPLE_REASONS,"[""NON_XRAY"", ""NO_LBD_OVERLAP"", ""RESOLUTION_REVIEW"", ""RFREE_REVIEW"", ""METADATA_INCOMPLETE""]"
P03372,NR3A1,ERα,Steroid hormone receptors,2OCF,2OCF_1,1,"[""X-RAY DIFFRACTION""]",True,[2.95],2.95,2.95,PASS_PROJECT_RANGE,[0.25091],0.25091,0.25091,PASS_ALL_LE_0_30,311,547,237,UNIPROT_PROSITE_NR_LBD,UNIPROT_CANONICAL_1_BASED_INCLUSIVE,237,1.0,NEAR_COMPLETE_LBD,True,0.0,0.0,False,,True,PROJECT_PREFILTER_PASS,[]
P03372,NR3A1,ERα,Steroid hormone receptors,2OUZ,2OUZ_1,1,"[""X-RAY DIFFRACTION""]",True,[2.0],2.0,2.0,PASS_PROJECT_RANGE,[0.269],0.269,0.269,PASS_ALL_LE_0_30,311,547,237,UNIPROT_PROSITE_NR_LBD,UNIPROT_CANONICAL_1_BASED_INCLUSIVE,237,1.0,NEAR_COMPLETE_LBD,True,0.0,0.0,False,,True,PROJECT_PREFILTER_PASS,[]
P03372,NR3A1,ERα,Steroid hormone receptors,2P15,2P15_1,1,"[""X-RAY DIFFRACTION""]",True,[1.94],1.94,1.94,PASS_PROJECT_RANGE,[0.216],0.216,0.216,PASS_ALL_LE_0_30,311,547,237,UNIPROT_PROSITE_NR_LBD,UNIPROT_CANONICAL_1_BASED_INCLUSIVE,237,1.0,NEAR_COMPLETE_LBD,True,0.0,0.0,False,,True,PROJECT_PREFILTER_PASS,[]
P03372,NR3A1,ERα,Steroid hormone receptors,2POG,2POG_1,1,"[""X-RAY DIFFRACTION""]",True,[1.84],1.84,1.84,PASS_PROJECT_RANGE,[0.252],0.252,0.252,PASS_ALL_LE_0_30,311,547,237,UNIPROT_PROSITE_NR_LBD,UNIPROT_CANONICAL_1_BASED_INCLUSIVE,237,1.0,NEAR_COMPLETE_LBD,True,0.0,0.0,False,,True,PROJECT_PREFILTER_PASS,[]
P03372,NR3A1,ERα,Steroid hormone receptors,2Q6J,2Q6J_1,1,"[""X-RAY DIFFRACTION""]",True,[2.7],2.7,2.7,PASS_PROJECT_RANGE,[0.297],0.297,0.297,PASS_ALL_LE_0_30,311,547,237,UNIPROT_PROSITE_NR_LBD,UNIPROT_CANONICAL_1_BASED_INCLUSIVE,237,1.0,NEAR_COMPLETE_LBD,True,0.0,0.0,False,,True,PROJECT_PREFILTER_PASS,[]
P03372,NR3A1,ERα,Steroid hormone receptors,2Q70,2Q70_1,1,"[""X-RAY DIFFRACTION""]",True,[1.95],1.95,1.95,PASS_PROJECT_RANGE,[0.303],0.303,0.303,FAIL_ALL_GT_0_30,311,547,237,UNIPROT_PROSITE_NR_LBD,UNIPROT_CANONICAL_1_BASED_INCLUSIVE,237,1.0,NEAR_COMPLETE_LBD,True,0.0,0.0,False,,False,RFREE_REVIEW,"[""RFREE_REVIEW""]"
P03372,NR3A1,ERα,Steroid hormone receptors,2QA6,2QA6_1,1,"[""X-RAY DIFFRACTION""]",True,[2.6],2.6,2.6,PASS_PROJECT_RANGE,[0.249],0.249,0.249,PASS_ALL_LE_0_30,311,547,237,UNIPROT_PROSITE_NR_LBD,UNIPROT_CANONICAL_1_BASED_INCLUSIVE,237,1.0,NEAR_COMPLETE_LBD,True,0.0,0.0,False,,True,PROJECT_PREFILTER_PASS,[]
P03372,NR3A1,ERα,Steroid hormone receptors,2QA8,2QA8_1,1,"[""X-RAY DIFFRACTION""]",True,[1.85],1.85,1.85,PASS_PROJECT_RANGE,[0.264],0.264,0.264,PASS_ALL_LE_0_30,311,547,237,UNIPROT_PROSITE_NR_LBD,UNIPROT_CANONICAL_1_BASED_INCLUSIVE,237,1.0,NEAR_COMPLETE_LBD,True,0.0,0.0,False,,True,PROJECT_PREFILTER_PASS,[]
P03372,NR3A1,ERα,Steroid hormone receptors,2QA8,2QA8_2,2,"[""X-RAY DIFFRACTION""]",True,[1.85],1.85,1.85,PASS_PROJECT_RANGE,[0.264],0.264,0.264,PASS_ALL_LE_0_30,311,547,237,UNIPROT_PROSITE_NR_LBD,UNIPROT_CANONICAL_1_BASED_INCLUSIVE,237,1.0,NEAR_COMPLETE_LBD,True,0.0,0.0,False,,True,PROJECT_PREFILTER_PASS,[]
P03372,NR3A1,ERα,Steroid hormone receptors,2QAB,2QAB_1,1,"[""X-RAY DIFFRACTION""]",True,[1.89],1.89,1.89,PASS_PROJECT_RANGE,[0.27],0.27,0.27,PASS_ALL_LE_0_30,311,547,237,UNIPROT_PROSITE_NR_LBD,UNIPROT_CANONICAL_1_BASED_INCLUSIVE,237,1.0,NEAR_COMPLETE_LBD,True,0.0,0.0,False,,True,PROJECT_PREFILTER_PASS,[]
P03372,NR3A1,ERα,Steroid hormone receptors,2QE4,2QE4_1,1,"[""X-RAY DIFFRACTION""]",True,[2.4],2.4,2.4,PASS_PROJECT_RANGE,[0.279],0.279,0.279,PASS_ALL_LE_0_30,311,547,237,UNIPROT_PROSITE_NR_LBD,UNIPROT_CANONICAL_1_BASED_INCLUSIVE,237,1.0,NEAR_COMPLETE_LBD,True,0.0,0.0,False,,True,PROJECT_PREFILTER_PASS,[]
P03372,NR3A1,ERα,Steroid hormone receptors,2QGT,2QGT_1,1,"[""X-RAY DIFFRACTION""]",True,[2.15],2.15,2.15,PASS_PROJECT_RANGE,[0.24],0.24,0.24,PASS_ALL_LE_0_30,311,547,237,UNIPROT_PROSITE_NR_LBD,UNIPROT_CANONICAL_1_BASED_INCLUSIVE,237,1.0,NEAR_COMPLETE_LBD,True,0.0,0.0,False,,True,PROJECT_PREFILTER_PASS,[]
P03372,NR3A1,ERα,Steroid hormone receptors,2QGW,2QGW_1,1,"[""X-RAY DIFFRACTION""]",True,[2.39],2.39,2.39,PASS_PROJECT_RANGE,[0.296],0.296,0.296,PASS_ALL_LE_0_30,311,547,237,UNIPROT_PROSITE_NR_LBD,UNIPROT_CANONICAL_1_BASED_INCLUSIVE,237,1.0,NEAR_COMPLETE_LBD,True,0.0,0.0,False,,True,PROJECT_PREFILTER_PASS,[]
P03372,NR3A1,ERα,Steroid hormone receptors,2QH6,2QH6_1,1,"[""X-RAY DIFFRACTION""]",True,[2.7],2.7,2.7,PASS_PROJECT_RANGE,[0.291],0.291,0.291,PASS_ALL_LE_0_30,311,547,237,UNIPROT_PROSITE_NR_LBD,UNIPROT_CANONICAL_1_BASED_INCLUSIVE,237,1.0,NEAR_COMPLETE_LBD,True,0.0,0.0,False,,True,PROJECT_PREFILTER_PASS,[]
P03372,NR3A1,ERα,Steroid hormone receptors,2QR9,2QR9_1,1,"[""X-RAY DIFFRACTION""]",True,[2.0],2.0,2.0,PASS_PROJECT_RANGE,[0.262],0.262,0.262,PASS_ALL_LE_0_30,311,547,237,UNIPROT_PROSITE_NR_LBD,UNIPROT_CANONICAL_1_BASED_INCLUSIVE,237,1.0,NEAR_COMPLETE_LBD,True,0.0,0.0,False,,True,PROJECT_PREFILTER_PASS,[]
P03372,NR3A1,ERα,Steroid hormone receptors,2QSE,2QSE_1,1,"[""X-RAY DIFFRACTION""]",True,[1.85],1.85,1.85,PASS_PROJECT_RANGE,[0.225],0.225,0.225,PASS_ALL_LE_0_30,311,547,237,UNIPROT_PROSITE_NR_LBD,UNIPROT_CANONICAL_1_BASED_INCLUSIVE,237,1.0,NEAR_COMPLETE_LBD,True,0.0,0.0,False,,True,PROJECT_PREFILTER_PASS,[]
P03372,NR3A1,ERα,Steroid hormone receptors,2QXM,2QXM_1,1,"[""X-RAY DIFFRACTION""]",True,[2.3],2.3,2.3,PASS_PROJECT_RANGE,[0.296],0.296,0.296,PASS_ALL_LE_0_30,311,547,237,UNIPROT_PROSITE_NR_LBD,UNIPROT_CANONICAL_1_BASED_INCLUSIVE,237,1.0,NEAR_COMPLETE_LBD,True,0.0,0.0,False,,True,PROJECT_PREFILTER_PASS,[]
P03372,NR3A1,ERα,Steroid hormone receptors,2QXS,2QXS_1,1,"[""X-RAY DIFFRACTION""]",True,[1.7],1.7,1.7,ULTRAHIGH_LT_1_8,[0.216],0.216,0.216,PASS_ALL_LE_0_30,311,547,237,UNIPROT_PROSITE_NR_LBD,UNIPROT_CANONICAL_1_BASED_INCLUSIVE,237,1.0,NEAR_COMPLETE_LBD,True,0.0,0.0,False,,False,RESOLUTION_REVIEW,"[""RESOLUTION_REVIEW""]"
P03372,NR3A1,ERα,Steroid hormone receptors,2QZO,2QZO_1,1,"[""X-RAY DIFFRACTION""]",True,[1.72],1.72,1.72,ULTRAHIGH_LT_1_8,[0.221],0.221,0.221,PASS_ALL_LE_0_30,311,547,237,UNIPROT_PROSITE_NR_LBD,UNIPROT_CANONICAL_1_BASED_INCLUSIVE,237,1.0,NEAR_COMPLETE_LBD,True,0.0,0.0,False,,False,RESOLUTION_REVIEW,"[""RESOLUTION_REVIEW""]"
P03372,NR3A1,ERα,Steroid hormone receptors,2QZO,2QZO_2,2,"[""X-RAY DIFFRACTION""]",True,[1.72],1.72,1.72,ULTRAHIGH_LT_1_8,[0.221],0.221,0.221,PASS_ALL_LE_0_30,311,547,237,UNIPROT_PROSITE_NR_LBD,UNIPROT_CANONICAL_1_BASED_INCLUSIVE,237,1.0,NEAR_COMPLETE_LBD,True,0.0,0.0,False,,False,RESOLUTION_REVIEW,"[""RESOLUTION_REVIEW""]"
P03372,NR3A1,ERα,Steroid hormone receptors,2R6W,2R6W_1,1,"[""X-RAY DIFFRACTION""]",True,[2.0],2.0,2.0,PASS_PROJECT_RANGE,[0.25734],0.25734,0.25734,PASS_ALL_LE_0_30,311,547,237,UNIPROT_PROSITE_NR_LBD,UNIPROT_CANONICAL_1_BASED_INCLUSIVE,237,1.0,NEAR_COMPLETE_LBD,True,0.0,0.0,False,,True,PROJECT_PREFILTER_PASS,[]
P03372,NR3A1,ERα,Steroid hormone receptors,2R6Y,2R6Y_1,1,"[""X-RAY DIFFRACTION""]",True,[2.0],2.0,2.0,PASS_PROJECT_RANGE,[0.27098],0.27098,0.27098,PASS_ALL_LE_0_30,311,547,237,UNIPROT_PROSITE_NR_LBD,UNIPROT_CANONICAL_1_BASED_INCLUSIVE,237,1.0,NEAR_COMPLETE_LBD,True,0.0,0.0,False,,True,PROJECT_PREFILTER_PASS,[]
P03372,NR3A1,ERα,Steroid hormone receptors,2YAT,2YAT_1,1,"[""X-RAY DIFFRACTION""]",True,[2.602],2.602,2.602,PASS_PROJECT_RANGE,[0.2277],0.2277,0.2277,PASS_ALL_LE_0_30,311,547,237,UNIPROT_PROSITE_NR_LBD,UNIPROT_CANONICAL_1_BASED_INCLUSIVE,237,1.0,NEAR_COMPLETE_LBD,True,0.0,0.0,False,,True,PROJECT_PREFILTER_PASS,[]
P03372,NR3A1,ERα,Steroid hormone receptors,2YJA,2YJA_2,2,"[""X-RAY DIFFRACTION""]",True,[1.82],1.82,1.82,PASS_PROJECT_RANGE,[0.2342],0.2342,0.2342,PASS_ALL_LE_0_30,311,547,237,UNIPROT_PROSITE_NR_LBD,UNIPROT_CANONICAL_1_BASED_INCLUSIVE,237,1.0,NEAR_COMPLETE_LBD,True,0.0,0.0,False,,True,PROJECT_PREFILTER_PASS,[]
P03372,NR3A1,ERα,Steroid hormone receptors,3CBM,3CBM_2,2,"[""X-RAY DIFFRACTION""]",True,[1.69],1.69,1.69,ULTRAHIGH_LT_1_8,[0.229],0.229,0.229,PASS_ALL_LE_0_30,311,547,237,UNIPROT_PROSITE_NR_LBD,UNIPROT_CANONICAL_1_BASED_INCLUSIVE,0,0.0,NO_LBD_OVERLAP,False,0.0,0.0,False,EXPLAINED,False,MULTIPLE_REASONS,"[""NO_LBD_OVERLAP"", ""RESOLUTION_REVIEW""]"
P03372,NR3A1,ERα,Steroid hormone receptors,3CBO,3CBO_2,2,"[""X-RAY DIFFRACTION""]",True,[1.65],1.65,1.65,ULTRAHIGH_LT_1_8,[0.231],0.231,0.231,PASS_ALL_LE_0_30,311,547,237,UNIPROT_PROSITE_NR_LBD,UNIPROT_CANONICAL_1_BASED_INCLUSIVE,0,0.0,NO_LBD_OVERLAP,False,0.0,0.0,False,,False,MULTIPLE_REASONS,"[""NO_LBD_OVERLAP"", ""RESOLUTION_REVIEW""]"
P03372,NR3A1,ERα,Steroid hormone receptors,3CBP,3CBP_2,2,"[""X-RAY DIFFRACTION""]",True,[1.42],1.42,1.42,ULTRAHIGH_LT_1_8,[0.243],0.243,0.243,PASS_ALL_LE_0_30,311,547,237,UNIPROT_PROSITE_NR_LBD,UNIPROT_CANONICAL_1_BASED_INCLUSIVE,0,0.0,NO_LBD_OVERLAP,False,0.0,0.0,False,,False,MULTIPLE_REASONS,"[""NO_LBD_OVERLAP"", ""RESOLUTION_REVIEW""]"
P03372,NR3A1,ERα,Steroid hormone receptors,3DT3,3DT3_1,1,"[""X-RAY DIFFRACTION""]",True,[2.4],2.4,2.4,PASS_PROJECT_RANGE,[0.262],0.262,0.262,PASS_ALL_LE_0_30,311,547,237,UNIPROT_PROSITE_NR_LBD,UNIPROT_CANONICAL_1_BASED_INCLUSIVE,237,1.0,NEAR_COMPLETE_LBD,True,0.0,0.0,False,,True,PROJECT_PREFILTER_PASS,[]
P03372,NR3A1,ERα,Steroid hormone receptors,3ERD,3ERD_1,1,"[""X-RAY DIFFRACTION""]",True,[2.03],2.03,2.03,PASS_PROJECT_RANGE,[0.248],0.248,0.248,PASS_ALL_LE_0_30,311,547,237,UNIPROT_PROSITE_NR_LBD,UNIPROT_CANONICAL_1_BASED_INCLUSIVE,237,1.0,NEAR_COMPLETE_LBD,True,0.0,0.0,False,,True,PROJECT_PREFILTER_PASS,[]
P03372,NR3A1,ERα,Steroid hormone receptors,3ERT,3ERT_1,1,"[""X-RAY DIFFRACTION""]",True,[1.9],1.9,1.9,PASS_PROJECT_RANGE,[0.262],0.262,0.262,PASS_ALL_LE_0_30,311,547,237,UNIPROT_PROSITE_NR_LBD,UNIPROT_CANONICAL_1_BASED_INCLUSIVE,237,1.0,NEAR_COMPLETE_LBD,True,0.0,0.0,False,,True,PROJECT_PREFILTER_PASS,[]
P03372,NR3A1,ERα,Steroid hormone receptors,3HLV,3HLV_1,1,"[""X-RAY DIFFRACTION""]",True,[3.0],3.0,3.0,PASS_PROJECT_RANGE,[0.2687],0.2687,0.2687,PASS_ALL_LE_0_30,311,547,237,UNIPROT_PROSITE_NR_LBD,UNIPROT_CANONICAL_1_BASED_INCLUSIVE,237,1.0,NEAR_COMPLETE_LBD,True,0.0,0.0,False,,True,PROJECT_PREFILTER_PASS,[]
P03372,NR3A1,ERα,Steroid hormone receptors,3HM1,3HM1_1,1,"[""X-RAY DIFFRACTION""]",True,[2.33],2.33,2.33,PASS_PROJECT_RANGE,[0.2889],0.2889,0.2889,PASS_ALL_LE_0_30,311,547,237,UNIPROT_PROSITE_NR_LBD,UNIPROT_CANONICAL_1_BASED_INCLUSIVE,237,1.0,NEAR_COMPLETE_LBD,True,0.0,0.0,False,,True,PROJECT_PREFILTER_PASS,[]
P03372,NR3A1,ERα,Steroid hormone receptors,3L03,3L03_1,1,"[""X-RAY DIFFRACTION""]",True,[1.896],1.896,1.896,PASS_PROJECT_RANGE,[0.2196],0.2196,0.2196,PASS_ALL_LE_0_30,311,547,237,UNIPROT_PROSITE_NR_LBD,UNIPROT_CANONICAL_1_BASED_INCLUSIVE,237,1.0,NEAR_COMPLETE_LBD,True,0.0,0.0,False,,True,PROJECT_PREFILTER_PASS,[]
P03372,NR3A1,ERα,Steroid hormone receptors,3OS8,3OS8_1,1,"[""X-RAY DIFFRACTION""]",True,[2.031],2.031,2.031,PASS_PROJECT_RANGE,[0.2276],0.2276,0.2276,PASS_ALL_LE_0_30,311,547,237,UNIPROT_PROSITE_NR_LBD,UNIPROT_CANONICAL_1_BASED_INCLUSIVE,237,1.0,NEAR_COMPLETE_LBD,True,0.0,0.0,False,,True,PROJECT_PREFILTER_PASS,[]
P03372,NR3A1,ERα,Steroid hormone receptors,3OS8,3OS8_2,2,"[""X-RAY DIFFRACTION""]",True,[2.031],2.031,2.031,PASS_PROJECT_RANGE,[0.2276],0.2276,0.2276,PASS_ALL_LE_0_30,311,547,237,UNIPROT_PROSITE_NR_LBD,UNIPROT_CANONICAL_1_BASED_INCLUSIVE,237,1.0,NEAR_COMPLETE_LBD,True,0.0,0.0,False,,True,PROJECT_PREFILTER_PASS,[]
P03372,NR3A1,ERα,Steroid hormone receptors,3OS9,3OS9_1,1,"[""X-RAY DIFFRACTION""]",True,[2.303],2.303,2.303,PASS_PROJECT_RANGE,[0.2491],0.2491,0.2491,PASS_ALL_LE_0_30,311,547,237,UNIPROT_PROSITE_NR_LBD,UNIPROT_CANONICAL_1_BASED_INCLUSIVE,237,1.0,NEAR_COMPLETE_LBD,True,0.0,0.0,False,,True,PROJECT_PREFILTER_PASS,[]
P03372,NR3A1,ERα,Steroid hormone receptors,3OSA,3OSA_1,1,"[""X-RAY DIFFRACTION""]",True,[2.296],2.296,2.296,PASS_PROJECT_RANGE,[0.24],0.24,0.24,PASS_ALL_LE_0_30,311,547,237,UNIPROT_PROSITE_NR_LBD,UNIPROT_CANONICAL_1_BASED_INCLUSIVE,237,1.0,NEAR_COMPLETE_LBD,True,0.0,0.0,False,,True,PROJECT_PREFILTER_PASS,[]
P03372,NR3A1,ERα,Steroid hormone receptors,3Q95,3Q95_1,1,"[""X-RAY DIFFRACTION""]",True,[2.05],2.05,2.05,PASS_PROJECT_RANGE,[0.24149],0.24149,0.24149,PASS_ALL_LE_0_30,311,547,237,UNIPROT_PROSITE_NR_LBD,UNIPROT_CANONICAL_1_BASED_INCLUSIVE,237,1.0,NEAR_COMPLETE_LBD,True,0.0,0.0,False,,True,PROJECT_PREFILTER_PASS,[]
P03372,NR3A1,ERα,Steroid hormone receptors,3Q95,3Q95_2,2,"[""X-RAY DIFFRACTION""]",True,[2.05],2.05,2.05,PASS_PROJECT_RANGE,[0.24149],0.24149,0.24149,PASS_ALL_LE_0_30,311,547,237,UNIPROT_PROSITE_NR_LBD,UNIPROT_CANONICAL_1_BASED_INCLUSIVE,237,1.0,NEAR_COMPLETE_LBD,True,0.0,0.0,False,,True,PROJECT_PREFILTER_PASS,[]
P03372,NR3A1,ERα,Steroid hormone receptors,3UU7,3UU7_1,1,"[""X-RAY DIFFRACTION""]",True,[2.196],2.196,2.196,PASS_PROJECT_RANGE,[0.2456],0.2456,0.2456,PASS_ALL_LE_0_30,311,547,237,UNIPROT_PROSITE_NR_LBD,UNIPROT_CANONICAL_1_BASED_INCLUSIVE,237,1.0,NEAR_COMPLETE_LBD,True,0.0,0.0,False,,True,PROJECT_PREFILTER_PASS,[]
P03372,NR3A1,ERα,Steroid hormone receptors,3UU7,3UU7_2,2,"[""X-RAY DIFFRACTION""]",True,[2.196],2.196,2.196,PASS_PROJECT_RANGE,[0.2456],0.2456,0.2456,PASS_ALL_LE_0_30,311,547,237,UNIPROT_PROSITE_NR_LBD,UNIPROT_CANONICAL_1_BASED_INCLUSIVE,237,1.0,NEAR_COMPLETE_LBD,True,0.0,0.0,False,,True,PROJECT_PREFILTER_PASS,[]
P03372,NR3A1,ERα,Steroid hormone receptors,3UUA,3UUA_1,1,"[""X-RAY DIFFRACTION""]",True,[2.05],2.05,2.05,PASS_PROJECT_RANGE,[0.2313],0.2313,0.2313,PASS_ALL_LE_0_30,311,547,237,UNIPROT_PROSITE_NR_LBD,UNIPROT_CANONICAL_1_BASED_INCLUSIVE,237,1.0,NEAR_COMPLETE_LBD,True,0.0,0.0,False,,True,PROJECT_PREFILTER_PASS,[]
P03372,NR3A1,ERα,Steroid hormone receptors,3UUA,3UUA_2,2,"[""X-RAY DIFFRACTION""]",True,[2.05],2.05,2.05,PASS_PROJECT_RANGE,[0.2313],0.2313,0.2313,PASS_ALL_LE_0_30,311,547,237,UNIPROT_PROSITE_NR_LBD,UNIPROT_CANONICAL_1_BASED_INCLUSIVE,237,1.0,NEAR_COMPLETE_LBD,True,0.0,0.0,False,,True,PROJECT_PREFILTER_PASS,[]
P03372,NR3A1,ERα,Steroid hormone receptors,3UUC,3UUC_1,1,"[""X-RAY DIFFRACTION""]",True,[2.1],2.1,2.1,PASS_PROJECT_RANGE,[0.2548],0.2548,0.2548,PASS_ALL_LE_0_30,311,547,237,UNIPROT_PROSITE_NR_LBD,UNIPROT_CANONICAL_1_BASED_INCLUSIVE,237,1.0,NEAR_COMPLETE_LBD,True,0.0,0.0,False,,True,PROJECT_PREFILTER_PASS,[]
P03372,NR3A1,ERα,Steroid hormone receptors,3UUD,3UUD_1,1,"[""X-RAY DIFFRACTION""]",True,[1.6],1.6,1.6,ULTRAHIGH_LT_1_8,[0.1948],0.1948,0.1948,PASS_ALL_LE_0_30,311,547,237,UNIPROT_PROSITE_NR_LBD,UNIPROT_CANONICAL_1_BASED_INCLUSIVE,237,1.0,NEAR_COMPLETE_LBD,True,0.0,0.0,False,,False,RESOLUTION_REVIEW,"[""RESOLUTION_REVIEW""]"
P03372,NR3A1,ERα,Steroid hormone receptors,3UUD,3UUD_2,2,"[""X-RAY DIFFRACTION""]",True,[1.6],1.6,1.6,ULTRAHIGH_LT_1_8,[0.1948],0.1948,0.1948,PASS_ALL_LE_0_30,311,547,237,UNIPROT_PROSITE_NR_LBD,UNIPROT_CANONICAL_1_BASED_INCLUSIVE,237,1.0,NEAR_COMPLETE_LBD,True,0.0,0.0,False,,False,RESOLUTION_REVIEW,"[""RESOLUTION_REVIEW""]"
P03372,NR3A1,ERα,Steroid hormone receptors,4AA6,4AA6_1,1,"[""X-RAY DIFFRACTION""]",True,[2.6],2.6,2.6,PASS_PROJECT_RANGE,[],,,MISSING,311,547,237,UNIPROT_PROSITE_NR_LBD,UNIPROT_CANONICAL_1_BASED_INCLUSIVE,0,0.0,NO_LBD_OVERLAP,False,66.0,1.0,False,,False,MULTIPLE_REASONS,"[""NO_LBD_OVERLAP"", ""RFREE_REVIEW"", ""METADATA_INCOMPLETE""]"
P03372,NR3A1,ERα,Steroid hormone receptors,4DMA,4DMA_1,1,"[""X-RAY DIFFRACTION""]",True,[2.3],2.3,2.3,PASS_PROJECT_RANGE,[0.251],0.251,0.251,PASS_ALL_LE_0_30,311,547,237,UNIPROT_PROSITE_NR_LBD,UNIPROT_CANONICAL_1_BASED_INCLUSIVE,237,1.0,NEAR_COMPLETE_LBD,True,0.0,0.0,False,,True,PROJECT_PREFILTER_PASS,[]
P03372,NR3A1,ERα,Steroid hormone receptors,4IU7,4IU7_1,1,"[""X-RAY DIFFRACTION""]",True,[2.29],2.29,2.29,PASS_PROJECT_RANGE,[0.2367],0.2367,0.2367,PASS_ALL_LE_0_30,311,547,237,UNIPROT_PROSITE_NR_LBD,UNIPROT_CANONICAL_1_BASED_INCLUSIVE,237,1.0,NEAR_COMPLETE_LBD,True,0.0,0.0,False,,True,PROJECT_PREFILTER_PASS,[]
P03372,NR3A1,ERα,Steroid hormone receptors,4IUI,4IUI_1,1,"[""X-RAY DIFFRACTION""]",True,[2.3],2.3,2.3,PASS_PROJECT_RANGE,[0.3121],0.3121,0.3121,FAIL_ALL_GT_0_30,311,547,237,UNIPROT_PROSITE_NR_LBD,UNIPROT_CANONICAL_1_BASED_INCLUSIVE,237,1.0,NEAR_COMPLETE_LBD,True,0.0,0.0,False,,False,RFREE_REVIEW,"[""RFREE_REVIEW""]"
P03372,NR3A1,ERα,Steroid hormone receptors,4IV2,4IV2_1,1,"[""X-RAY DIFFRACTION""]",True,[2.14],2.14,2.14,PASS_PROJECT_RANGE,[0.2256],0.2256,0.2256,PASS_ALL_LE_0_30,311,547,237,UNIPROT_PROSITE_NR_LBD,UNIPROT_CANONICAL_1_BASED_INCLUSIVE,237,1.0,NEAR_COMPLETE_LBD,True,0.0,0.0,False,,True,PROJECT_PREFILTER_PASS,[]
P03372,NR3A1,ERα,Steroid hormone receptors,4IV4,4IV4_1,1,"[""X-RAY DIFFRACTION""]",True,[2.3],2.3,2.3,PASS_PROJECT_RANGE,[0.2369],0.2369,0.2369,PASS_ALL_LE_0_30,311,547,237,UNIPROT_PROSITE_NR_LBD,UNIPROT_CANONICAL_1_BASED_INCLUSIVE,237,1.0,NEAR_COMPLETE_LBD,True,0.0,0.0,False,,True,PROJECT_PREFILTER_PASS,[]
P03372,NR3A1,ERα,Steroid hormone receptors,4IVW,4IVW_1,1,"[""X-RAY DIFFRACTION""]",True,[2.06],2.06,2.06,PASS_PROJECT_RANGE,[0.2295],0.2295,0.2295,PASS_ALL_LE_0_30,311,547,237,UNIPROT_PROSITE_NR_LBD,UNIPROT_CANONICAL_1_BASED_INCLUSIVE,237,1.0,NEAR_COMPLETE_LBD,True,0.0,0.0,False,,True,PROJECT_PREFILTER_PASS,[]
P03372,NR3A1,ERα,Steroid hormone receptors,4IVY,4IVY_1,1,"[""X-RAY DIFFRACTION""]",True,[1.95],1.95,1.95,PASS_PROJECT_RANGE,[0.2322],0.2322,0.2322,PASS_ALL_LE_0_30,311,547,237,UNIPROT_PROSITE_NR_LBD,UNIPROT_CANONICAL_1_BASED_INCLUSIVE,237,1.0,NEAR_COMPLETE_LBD,True,0.0,0.0,False,,True,PROJECT_PREFILTER_PASS,[]
P03372,NR3A1,ERα,Steroid hormone receptors,4IW6,4IW6_1,1,"[""X-RAY DIFFRACTION""]",True,[1.98],1.98,1.98,PASS_PROJECT_RANGE,[0.2268],0.2268,0.2268,PASS_ALL_LE_0_30,311,547,237,UNIPROT_PROSITE_NR_LBD,UNIPROT_CANONICAL_1_BASED_INCLUSIVE,237,1.0,NEAR_COMPLETE_LBD,True,0.0,0.0,False,,True,PROJECT_PREFILTER_PASS,[]
P03372,NR3A1,ERα,Steroid hormone receptors,4IW8,4IW8_1,1,"[""X-RAY DIFFRACTION""]",True,[2.0375],2.0375,2.0375,PASS_PROJECT_RANGE,[0.2468],0.2468,0.2468,PASS_ALL_LE_0_30,311,547,237,UNIPROT_PROSITE_NR_LBD,UNIPROT_CANONICAL_1_BASED_INCLUSIVE,237,1.0,NEAR_COMPLETE_LBD,True,0.0,0.0,False,,True,PROJECT_PREFILTER_PASS,[]
P03372,NR3A1,ERα,Steroid hormone receptors,4IWC,4IWC_1,1,"[""X-RAY DIFFRACTION""]",True,[2.24],2.24,2.24,PASS_PROJECT_RANGE,[0.2267],0.2267,0.2267,PASS_ALL_LE_0_30,311,547,237,UNIPROT_PROSITE_NR_LBD,UNIPROT_CANONICAL_1_BASED_INCLUSIVE,237,1.0,NEAR_COMPLETE_LBD,True,0.0,0.0,False,,True,PROJECT_PREFILTER_PASS,[]
P03372,NR3A1,ERα,Steroid hormone receptors,4IWF,4IWF_1,1,"[""X-RAY DIFFRACTION""]",True,[1.932],1.932,1.932,PASS_PROJECT_RANGE,[0.2086],0.2086,0.2086,PASS_ALL_LE_0_30,311,547,237,UNIPROT_PROSITE_NR_LBD,UNIPROT_CANONICAL_1_BASED_INCLUSIVE,237,1.0,NEAR_COMPLETE_LBD,True,0.0,0.0,False,,True,PROJECT_PREFILTER_PASS,[]
P03372,NR3A1,ERα,Steroid hormone receptors,4JC3,4JC3_2,2,"[""X-RAY DIFFRACTION""]",True,[2.05],2.05,2.05,PASS_PROJECT_RANGE,[0.23512],0.23512,0.23512,PASS_ALL_LE_0_30,311,547,237,UNIPROT_PROSITE_NR_LBD,UNIPROT_CANONICAL_1_BASED_INCLUSIVE,0,0.0,NO_LBD_OVERLAP,False,0.0,0.0,False,,False,NO_LBD_OVERLAP,"[""NO_LBD_OVERLAP""]"
P03372,NR3A1,ERα,Steroid hormone receptors,4JDD,4JDD_2,2,"[""X-RAY DIFFRACTION""]",True,[2.1],2.1,2.1,PASS_PROJECT_RANGE,[0.2316],0.2316,0.2316,PASS_ALL_LE_0_30,311,547,237,UNIPROT_PROSITE_NR_LBD,UNIPROT_CANONICAL_1_BASED_INCLUSIVE,0,0.0,NO_LBD_OVERLAP,False,0.0,0.0,False,,False,NO_LBD_OVERLAP,"[""NO_LBD_OVERLAP""]"
P03372,NR3A1,ERα,Steroid hormone receptors,4MG5,4MG5_1,1,"[""X-RAY DIFFRACTION""]",True,[2.05],2.05,2.05,PASS_PROJECT_RANGE,[0.2278],0.2278,0.2278,PASS_ALL_LE_0_30,311,547,237,UNIPROT_PROSITE_NR_LBD,UNIPROT_CANONICAL_1_BASED_INCLUSIVE,237,1.0,NEAR_COMPLETE_LBD,True,0.0,0.0,False,,True,PROJECT_PREFILTER_PASS,[]
P03372,NR3A1,ERα,Steroid hormone receptors,4MG6,4MG6_1,1,"[""X-RAY DIFFRACTION""]",True,[2.1],2.1,2.1,PASS_PROJECT_RANGE,[0.2298],0.2298,0.2298,PASS_ALL_LE_0_30,311,547,237,UNIPROT_PROSITE_NR_LBD,UNIPROT_CANONICAL_1_BASED_INCLUSIVE,237,1.0,NEAR_COMPLETE_LBD,True,0.0,0.0,False,,True,PROJECT_PREFILTER_PASS,[]
P03372,NR3A1,ERα,Steroid hormone receptors,4MG7,4MG7_1,1,"[""X-RAY DIFFRACTION""]",True,[2.15],2.15,2.15,PASS_PROJECT_RANGE,[0.2298],0.2298,0.2298,PASS_ALL_LE_0_30,311,547,237,UNIPROT_PROSITE_NR_LBD,UNIPROT_CANONICAL_1_BASED_INCLUSIVE,237,1.0,NEAR_COMPLETE_LBD,True,0.0,0.0,False,,True,PROJECT_PREFILTER_PASS,[]
P03372,NR3A1,ERα,Steroid hormone receptors,4MG7,4MG7_2,2,"[""X-RAY DIFFRACTION""]",True,[2.15],2.15,2.15,PASS_PROJECT_RANGE,[0.2298],0.2298,0.2298,PASS_ALL_LE_0_30,311,547,237,UNIPROT_PROSITE_NR_LBD,UNIPROT_CANONICAL_1_BASED_INCLUSIVE,237,1.0,NEAR_COMPLETE_LBD,True,0.0,0.0,False,,True,PROJECT_PREFILTER_PASS,[]
P03372,NR3A1,ERα,Steroid hormone receptors,4MG8,4MG8_1,1,"[""X-RAY DIFFRACTION""]",True,[1.85],1.85,1.85,PASS_PROJECT_RANGE,[0.2127],0.2127,0.2127,PASS_ALL_LE_0_30,311,547,237,UNIPROT_PROSITE_NR_LBD,UNIPROT_CANONICAL_1_BASED_INCLUSIVE,237,1.0,NEAR_COMPLETE_LBD,True,0.0,0.0,False,,True,PROJECT_PREFILTER_PASS,[]
P03372,NR3A1,ERα,Steroid hormone receptors,4MG8,4MG8_2,2,"[""X-RAY DIFFRACTION""]",True,[1.85],1.85,1.85,PASS_PROJECT_RANGE,[0.2127],0.2127,0.2127,PASS_ALL_LE_0_30,311,547,237,UNIPROT_PROSITE_NR_LBD,UNIPROT_CANONICAL_1_BASED_INCLUSIVE,237,1.0,NEAR_COMPLETE_LBD,True,0.0,0.0,False,,True,PROJECT_PREFILTER_PASS,[]
P03372,NR3A1,ERα,Steroid hormone receptors,4MG9,4MG9_1,1,"[""X-RAY DIFFRACTION""]",True,[2.0],2.0,2.0,PASS_PROJECT_RANGE,[0.2369],0.2369,0.2369,PASS_ALL_LE_0_30,311,547,237,UNIPROT_PROSITE_NR_LBD,UNIPROT_CANONICAL_1_BASED_INCLUSIVE,237,1.0,NEAR_COMPLETE_LBD,True,0.0,0.0,False,,True,PROJECT_PREFILTER_PASS,[]
P03372,NR3A1,ERα,Steroid hormone receptors,4MG9,4MG9_2,2,"[""X-RAY DIFFRACTION""]",True,[2.0],2.0,2.0,PASS_PROJECT_RANGE,[0.2369],0.2369,0.2369,PASS_ALL_LE_0_30,311,547,237,UNIPROT_PROSITE_NR_LBD,UNIPROT_CANONICAL_1_BASED_INCLUSIVE,237,1.0,NEAR_COMPLETE_LBD,True,0.0,0.0,False,,True,PROJECT_PREFILTER_PASS,[]
P03372,NR3A1,ERα,Steroid hormone receptors,4MGA,4MGA_1,1,"[""X-RAY DIFFRACTION""]",True,[1.8],1.8,1.8,PASS_PROJECT_RANGE,[0.2221],0.2221,0.2221,PASS_ALL_LE_0_30,311,547,237,UNIPROT_PROSITE_NR_LBD,UNIPROT_CANONICAL_1_BASED_INCLUSIVE,237,1.0,NEAR_COMPLETE_LBD,True,0.0,0.0,False,,True,PROJECT_PREFILTER_PASS,[]
P03372,NR3A1,ERα,Steroid hormone receptors,4MGA,4MGA_2,2,"[""X-RAY DIFFRACTION""]",True,[1.8],1.8,1.8,PASS_PROJECT_RANGE,[0.2221],0.2221,0.2221,PASS_ALL_LE_0_30,311,547,237,UNIPROT_PROSITE_NR_LBD,UNIPROT_CANONICAL_1_BASED_INCLUSIVE,237,1.0,NEAR_COMPLETE_LBD,True,0.0,0.0,False,,True,PROJECT_PREFILTER_PASS,[]
P03372,NR3A1,ERα,Steroid hormone receptors,4MGB,4MGB_1,1,"[""X-RAY DIFFRACTION""]",True,[1.85],1.85,1.85,PASS_PROJECT_RANGE,[0.2499],0.2499,0.2499,PASS_ALL_LE_0_30,311,547,237,UNIPROT_PROSITE_NR_LBD,UNIPROT_CANONICAL_1_BASED_INCLUSIVE,237,1.0,NEAR_COMPLETE_LBD,True,0.0,0.0,False,,True,PROJECT_PREFILTER_PASS,[]
P03372,NR3A1,ERα,Steroid hormone receptors,4MGB,4MGB_2,2,"[""X-RAY DIFFRACTION""]",True,[1.85],1.85,1.85,PASS_PROJECT_RANGE,[0.2499],0.2499,0.2499,PASS_ALL_LE_0_30,311,547,237,UNIPROT_PROSITE_NR_LBD,UNIPROT_CANONICAL_1_BASED_INCLUSIVE,237,1.0,NEAR_COMPLETE_LBD,True,0.0,0.0,False,,True,PROJECT_PREFILTER_PASS,[]
P03372,NR3A1,ERα,Steroid hormone receptors,4MGC,4MGC_1,1,"[""X-RAY DIFFRACTION""]",True,[2.15],2.15,2.15,PASS_PROJECT_RANGE,[0.2405],0.2405,0.2405,PASS_ALL_LE_0_30,311,547,237,UNIPROT_PROSITE_NR_LBD,UNIPROT_CANONICAL_1_BASED_INCLUSIVE,237,1.0,NEAR_COMPLETE_LBD,True,0.0,0.0,False,,True,PROJECT_PREFILTER_PASS,[]
P03372,NR3A1,ERα,Steroid hormone receptors,4MGD,4MGD_1,1,"[""X-RAY DIFFRACTION""]",True,[1.9],1.9,1.9,PASS_PROJECT_RANGE,[0.2345],0.2345,0.2345,PASS_ALL_LE_0_30,311,547,237,UNIPROT_PROSITE_NR_LBD,UNIPROT_CANONICAL_1_BASED_INCLUSIVE,237,1.0,NEAR_COMPLETE_LBD,True,0.0,0.0,False,,True,PROJECT_PREFILTER_PASS,[]
P03372,NR3A1,ERα,Steroid hormone receptors,4MGD,4MGD_2,2,"[""X-RAY DIFFRACTION""]",True,[1.9],1.9,1.9,PASS_PROJECT_RANGE,[0.2345],0.2345,0.2345,PASS_ALL_LE_0_30,311,547,237,UNIPROT_PROSITE_NR_LBD,UNIPROT_CANONICAL_1_BASED_INCLUSIVE,237,1.0,NEAR_COMPLETE_LBD,True,0.0,0.0,False,,True,PROJECT_PREFILTER_PASS,[]
P03372,NR3A1,ERα,Steroid hormone receptors,4O6F,4O6F_2,2,"[""X-RAY DIFFRACTION""]",True,[2.822],2.822,2.822,PASS_PROJECT_RANGE,[0.2355],0.2355,0.2355,PASS_ALL_LE_0_30,311,547,237,UNIPROT_PROSITE_NR_LBD,UNIPROT_CANONICAL_1_BASED_INCLUSIVE,0,0.0,NO_LBD_OVERLAP,False,0.0,0.0,False,,False,NO_LBD_OVERLAP,"[""NO_LBD_OVERLAP""]"
P03372,NR3A1,ERα,Steroid hormone receptors,4PP6,4PP6_1,1,"[""X-RAY DIFFRACTION""]",True,[2.201],2.201,2.201,PASS_PROJECT_RANGE,[0.221],0.221,0.221,PASS_ALL_LE_0_30,311,547,237,UNIPROT_PROSITE_NR_LBD,UNIPROT_CANONICAL_1_BASED_INCLUSIVE,237,1.0,NEAR_COMPLETE_LBD,True,0.0,0.0,False,,True,PROJECT_PREFILTER_PASS,[]
P03372,NR3A1,ERα,Steroid hormone receptors,4PPP,4PPP_1,1,"[""X-RAY DIFFRACTION""]",True,[2.686],2.686,2.686,PASS_PROJECT_RANGE,[0.2474],0.2474,0.2474,PASS_ALL_LE_0_30,311,547,237,UNIPROT_PROSITE_NR_LBD,UNIPROT_CANONICAL_1_BASED_INCLUSIVE,237,1.0,NEAR_COMPLETE_LBD,True,0.0,0.0,False,,True,PROJECT_PREFILTER_PASS,[]
P03372,NR3A1,ERα,Steroid hormone receptors,4PPS,4PPS_1,1,"[""X-RAY DIFFRACTION""]",True,[1.929],1.929,1.929,PASS_PROJECT_RANGE,[0.2018],0.2018,0.2018,PASS_ALL_LE_0_30,311,547,237,UNIPROT_PROSITE_NR_LBD,UNIPROT_CANONICAL_1_BASED_INCLUSIVE,237,1.0,NEAR_COMPLETE_LBD,True,0.0,0.0,False,,True,PROJECT_PREFILTER_PASS,[]
P03372,NR3A1,ERα,Steroid hormone receptors,4PXM,4PXM_1,1,"[""X-RAY DIFFRACTION""]",True,[1.9],1.9,1.9,PASS_PROJECT_RANGE,[0.21417],0.21417,0.21417,PASS_ALL_LE_0_30,311,547,237,UNIPROT_PROSITE_NR_LBD,UNIPROT_CANONICAL_1_BASED_INCLUSIVE,237,1.0,NEAR_COMPLETE_LBD,True,0.0,0.0,False,,True,PROJECT_PREFILTER_PASS,[]
P03372,NR3A1,ERα,Steroid hormone receptors,4Q13,4Q13_1,1,"[""X-RAY DIFFRACTION""]",True,[2.24],2.24,2.24,PASS_PROJECT_RANGE,[0.2492],0.2492,0.2492,PASS_ALL_LE_0_30,311,547,237,UNIPROT_PROSITE_NR_LBD,UNIPROT_CANONICAL_1_BASED_INCLUSIVE,237,1.0,NEAR_COMPLETE_LBD,True,0.0,0.0,False,,True,PROJECT_PREFILTER_PASS,[]
P03372,NR3A1,ERα,Steroid hormone receptors,4Q50,4Q50_1,1,"[""X-RAY DIFFRACTION""]",True,[3.07],3.07,3.07,PASS_PROJECT_RANGE,[0.28277],0.28277,0.28277,PASS_ALL_LE_0_30,311,547,237,UNIPROT_PROSITE_NR_LBD,UNIPROT_CANONICAL_1_BASED_INCLUSIVE,237,1.0,NEAR_COMPLETE_LBD,True,0.0,0.0,False,,True,PROJECT_PREFILTER_PASS,[]
P03372,NR3A1,ERα,Steroid hormone receptors,4TUZ,4TUZ_1,1,"[""X-RAY DIFFRACTION""]",True,[1.9],1.9,1.9,PASS_PROJECT_RANGE,[0.2072],0.2072,0.2072,PASS_ALL_LE_0_30,311,547,237,UNIPROT_PROSITE_NR_LBD,UNIPROT_CANONICAL_1_BASED_INCLUSIVE,237,1.0,NEAR_COMPLETE_LBD,True,0.0,0.0,False,,True,PROJECT_PREFILTER_PASS,[]
P03372,NR3A1,ERα,Steroid hormone receptors,4TUZ,4TUZ_2,2,"[""X-RAY DIFFRACTION""]",True,[1.9],1.9,1.9,PASS_PROJECT_RANGE,[0.2072],0.2072,0.2072,PASS_ALL_LE_0_30,311,547,237,UNIPROT_PROSITE_NR_LBD,UNIPROT_CANONICAL_1_BASED_INCLUSIVE,237,1.0,NEAR_COMPLETE_LBD,True,0.0,0.0,False,,True,PROJECT_PREFILTER_PASS,[]
P03372,NR3A1,ERα,Steroid hormone receptors,4TV1,4TV1_1,1,"[""X-RAY DIFFRACTION""]",True,[1.85],1.85,1.85,PASS_PROJECT_RANGE,[0.2024],0.2024,0.2024,PASS_ALL_LE_0_30,311,547,237,UNIPROT_PROSITE_NR_LBD,UNIPROT_CANONICAL_1_BASED_INCLUSIVE,237,1.0,NEAR_COMPLETE_LBD,True,0.0,0.0,False,,True,PROJECT_PREFILTER_PASS,[]
P03372,NR3A1,ERα,Steroid hormone receptors,4TV1,4TV1_2,2,"[""X-RAY DIFFRACTION""]",True,[1.85],1.85,1.85,PASS_PROJECT_RANGE,[0.2024],0.2024,0.2024,PASS_ALL_LE_0_30,311,547,237,UNIPROT_PROSITE_NR_LBD,UNIPROT_CANONICAL_1_BASED_INCLUSIVE,237,1.0,NEAR_COMPLETE_LBD,True,0.0,0.0,False,,True,PROJECT_PREFILTER_PASS,[]
P03372,NR3A1,ERα,Steroid hormone receptors,4XI3,4XI3_1,1,"[""X-RAY DIFFRACTION""]",True,[2.491],2.491,2.491,PASS_PROJECT_RANGE,[0.2683],0.2683,0.2683,PASS_ALL_LE_0_30,311,547,237,UNIPROT_PROSITE_NR_LBD,UNIPROT_CANONICAL_1_BASED_INCLUSIVE,237,1.0,NEAR_COMPLETE_LBD,True,0.0,0.0,False,,True,PROJECT_PREFILTER_PASS,[]
P03372,NR3A1,ERα,Steroid hormone receptors,4ZN7,4ZN7_1,1,"[""X-RAY DIFFRACTION""]",True,[1.934],1.934,1.934,PASS_PROJECT_RANGE,[0.2262],0.2262,0.2262,PASS_ALL_LE_0_30,311,547,237,UNIPROT_PROSITE_NR_LBD,UNIPROT_CANONICAL_1_BASED_INCLUSIVE,237,1.0,NEAR_COMPLETE_LBD,True,0.0,0.0,False,,True,PROJECT_PREFILTER_PASS,[]
P03372,NR3A1,ERα,Steroid hormone receptors,4ZN9,4ZN9_1,1,"[""X-RAY DIFFRACTION""]",True,[2.215],2.215,2.215,PASS_PROJECT_RANGE,[0.2417],0.2417,0.2417,PASS_ALL_LE_0_30,311,547,237,UNIPROT_PROSITE_NR_LBD,UNIPROT_CANONICAL_1_BASED_INCLUSIVE,237,1.0,NEAR_COMPLETE_LBD,True,0.0,0.0,False,,True,PROJECT_PREFILTER_PASS,[]
P03372,NR3A1,ERα,Steroid hormone receptors,4ZNH,4ZNH_1,1,"[""X-RAY DIFFRACTION""]",True,[1.933],1.933,1.933,PASS_PROJECT_RANGE,[0.2506],0.2506,0.2506,PASS_ALL_LE_0_30,311,547,237,UNIPROT_PROSITE_NR_LBD,UNIPROT_CANONICAL_1_BASED_INCLUSIVE,237,1.0,NEAR_COMPLETE_LBD,True,0.0,0.0,False,,True,PROJECT_PREFILTER_PASS,[]
P03372,NR3A1,ERα,Steroid hormone receptors,4ZNS,4ZNS_1,1,"[""X-RAY DIFFRACTION""]",True,[1.86],1.86,1.86,PASS_PROJECT_RANGE,[0.2356],0.2356,0.2356,PASS_ALL_LE_0_30,311,547,237,UNIPROT_PROSITE_NR_LBD,UNIPROT_CANONICAL_1_BASED_INCLUSIVE,237,1.0,NEAR_COMPLETE_LBD,True,0.0,0.0,False,,True,PROJECT_PREFILTER_PASS,[]
P03372,NR3A1,ERα,Steroid hormone receptors,4ZNT,4ZNT_1,1,"[""X-RAY DIFFRACTION""]",True,[1.903],1.903,1.903,PASS_PROJECT_RANGE,[0.2145],0.2145,0.2145,PASS_ALL_LE_0_30,311,547,237,UNIPROT_PROSITE_NR_LBD,UNIPROT_CANONICAL_1_BASED_INCLUSIVE,237,1.0,NEAR_COMPLETE_LBD,True,0.0,0.0,False,,True,PROJECT_PREFILTER_PASS,[]
P03372,NR3A1,ERα,Steroid hormone receptors,4ZNU,4ZNU_1,1,"[""X-RAY DIFFRACTION""]",True,[2.4],2.4,2.4,PASS_PROJECT_RANGE,[0.2452],0.2452,0.2452,PASS_ALL_LE_0_30,311,547,237,UNIPROT_PROSITE_NR_LBD,UNIPROT_CANONICAL_1_BASED_INCLUSIVE,237,1.0,NEAR_COMPLETE_LBD,True,0.0,0.0,False,,True,PROJECT_PREFILTER_PASS,[]
P03372,NR3A1,ERα,Steroid hormone receptors,4ZNV,4ZNV_1,1,"[""X-RAY DIFFRACTION""]",True,[1.771],1.771,1.771,ULTRAHIGH_LT_1_8,[0.1969],0.1969,0.1969,PASS_ALL_LE_0_30,311,547,237,UNIPROT_PROSITE_NR_LBD,UNIPROT_CANONICAL_1_BASED_INCLUSIVE,237,1.0,NEAR_COMPLETE_LBD,True,0.0,0.0,False,,False,RESOLUTION_REVIEW,"[""RESOLUTION_REVIEW""]"
P03372,NR3A1,ERα,Steroid hormone receptors,4ZNW,4ZNW_1,1,"[""X-RAY DIFFRACTION""]",True,[2.31],2.31,2.31,PASS_PROJECT_RANGE,[0.2361],0.2361,0.2361,PASS_ALL_LE_0_30,311,547,237,UNIPROT_PROSITE_NR_LBD,UNIPROT_CANONICAL_1_BASED_INCLUSIVE,237,1.0,NEAR_COMPLETE_LBD,True,0.0,0.0,False,,True,PROJECT_PREFILTER_PASS,[]
P03372,NR3A1,ERα,Steroid hormone receptors,5AAU,5AAU_1,1,"[""X-RAY DIFFRACTION""]",True,[1.9],1.9,1.9,PASS_PROJECT_RANGE,[0.22591],0.22591,0.22591,PASS_ALL_LE_0_30,311,547,237,UNIPROT_PROSITE_NR_LBD,UNIPROT_CANONICAL_1_BASED_INCLUSIVE,237,1.0,NEAR_COMPLETE_LBD,True,0.0,0.0,False,,True,PROJECT_PREFILTER_PASS,[]
P03372,NR3A1,ERα,Steroid hormone receptors,5AAV,5AAV_1,1,"[""X-RAY DIFFRACTION""]",True,[1.95],1.95,1.95,PASS_PROJECT_RANGE,[0.23413],0.23413,0.23413,PASS_ALL_LE_0_30,311,547,237,UNIPROT_PROSITE_NR_LBD,UNIPROT_CANONICAL_1_BASED_INCLUSIVE,237,1.0,NEAR_COMPLETE_LBD,True,0.0,0.0,False,,True,PROJECT_PREFILTER_PASS,[]
P03372,NR3A1,ERα,Steroid hormone receptors,5AAV,5AAV_2,2,"[""X-RAY DIFFRACTION""]",True,[1.95],1.95,1.95,PASS_PROJECT_RANGE,[0.23413],0.23413,0.23413,PASS_ALL_LE_0_30,311,547,237,UNIPROT_PROSITE_NR_LBD,UNIPROT_CANONICAL_1_BASED_INCLUSIVE,237,1.0,NEAR_COMPLETE_LBD,True,0.0,0.0,False,,True,PROJECT_PREFILTER_PASS,[]
P03372,NR3A1,ERα,Steroid hormone receptors,5ACC,5ACC_1,1,"[""X-RAY DIFFRACTION""]",True,[1.88],1.88,1.88,PASS_PROJECT_RANGE,[0.26628],0.26628,0.26628,PASS_ALL_LE_0_30,311,547,237,UNIPROT_PROSITE_NR_LBD,UNIPROT_CANONICAL_1_BASED_INCLUSIVE,237,1.0,NEAR_COMPLETE_LBD,True,0.0,0.0,False,,True,PROJECT_PREFILTER_PASS,[]
P03372,NR3A1,ERα,Steroid hormone receptors,5AK2,5AK2_1,1,"[""X-RAY DIFFRACTION""]",True,[2.19],2.19,2.19,PASS_PROJECT_RANGE,[0.26226],0.26226,0.26226,PASS_ALL_LE_0_30,311,547,237,UNIPROT_PROSITE_NR_LBD,UNIPROT_CANONICAL_1_BASED_INCLUSIVE,237,1.0,NEAR_COMPLETE_LBD,True,0.0,0.0,False,,True,PROJECT_PREFILTER_PASS,[]
P03372,NR3A1,ERα,Steroid hormone receptors,5DI7,5DI7_1,1,"[""X-RAY DIFFRACTION""]",True,[2.241],2.241,2.241,PASS_PROJECT_RANGE,[0.2131],0.2131,0.2131,PASS_ALL_LE_0_30,311,547,237,UNIPROT_PROSITE_NR_LBD,UNIPROT_CANONICAL_1_BASED_INCLUSIVE,237,1.0,NEAR_COMPLETE_LBD,True,0.0,0.0,False,,True,PROJECT_PREFILTER_PASS,[]
P03372,NR3A1,ERα,Steroid hormone receptors,5DID,5DID_1,1,"[""X-RAY DIFFRACTION""]",True,[2.24],2.24,2.24,PASS_PROJECT_RANGE,[0.2281],0.2281,0.2281,PASS_ALL_LE_0_30,311,547,237,UNIPROT_PROSITE_NR_LBD,UNIPROT_CANONICAL_1_BASED_INCLUSIVE,237,1.0,NEAR_COMPLETE_LBD,True,0.0,0.0,False,,True,PROJECT_PREFILTER_PASS,[]
P03372,NR3A1,ERα,Steroid hormone receptors,5DIE,5DIE_1,1,"[""X-RAY DIFFRACTION""]",True,[2.24],2.24,2.24,PASS_PROJECT_RANGE,[0.2473],0.2473,0.2473,PASS_ALL_LE_0_30,311,547,237,UNIPROT_PROSITE_NR_LBD,UNIPROT_CANONICAL_1_BASED_INCLUSIVE,237,1.0,NEAR_COMPLETE_LBD,True,0.0,0.0,False,,True,PROJECT_PREFILTER_PASS,[]
P03372,NR3A1,ERα,Steroid hormone receptors,5DIG,5DIG_1,1,"[""X-RAY DIFFRACTION""]",True,[2.24],2.24,2.24,PASS_PROJECT_RANGE,[0.2122],0.2122,0.2122,PASS_ALL_LE_0_30,311,547,237,UNIPROT_PROSITE_NR_LBD,UNIPROT_CANONICAL_1_BASED_INCLUSIVE,237,1.0,NEAR_COMPLETE_LBD,True,0.0,0.0,False,,True,PROJECT_PREFILTER_PASS,[]
P03372,NR3A1,ERα,Steroid hormone receptors,5DK9,5DK9_1,1,"[""X-RAY DIFFRACTION""]",True,[2.28],2.28,2.28,PASS_PROJECT_RANGE,[0.2377],0.2377,0.2377,PASS_ALL_LE_0_30,311,547,237,UNIPROT_PROSITE_NR_LBD,UNIPROT_CANONICAL_1_BASED_INCLUSIVE,237,1.0,NEAR_COMPLETE_LBD,True,0.0,0.0,False,,True,PROJECT_PREFILTER_PASS,[]
P03372,NR3A1,ERα,Steroid hormone receptors,5DKB,5DKB_1,1,"[""X-RAY DIFFRACTION""]",True,[2.4],2.4,2.4,PASS_PROJECT_RANGE,[0.2261],0.2261,0.2261,PASS_ALL_LE_0_30,311,547,237,UNIPROT_PROSITE_NR_LBD,UNIPROT_CANONICAL_1_BASED_INCLUSIVE,237,1.0,NEAR_COMPLETE_LBD,True,0.0,0.0,False,,True,PROJECT_PREFILTER_PASS,[]
P03372,NR3A1,ERα,Steroid hormone receptors,5DKE,5DKE_1,1,"[""X-RAY DIFFRACTION""]",True,[2.6],2.6,2.6,PASS_PROJECT_RANGE,[0.2627],0.2627,0.2627,PASS_ALL_LE_0_30,311,547,237,UNIPROT_PROSITE_NR_LBD,UNIPROT_CANONICAL_1_BASED_INCLUSIVE,237,1.0,NEAR_COMPLETE_LBD,True,0.0,0.0,False,,True,PROJECT_PREFILTER_PASS,[]
P03372,NR3A1,ERα,Steroid hormone receptors,5DKG,5DKG_1,1,"[""X-RAY DIFFRACTION""]",True,[2.15],2.15,2.15,PASS_PROJECT_RANGE,[0.2325],0.2325,0.2325,PASS_ALL_LE_0_30,311,547,237,UNIPROT_PROSITE_NR_LBD,UNIPROT_CANONICAL_1_BASED_INCLUSIVE,237,1.0,NEAR_COMPLETE_LBD,True,0.0,0.0,False,,True,PROJECT_PREFILTER_PASS,[]
P03372,NR3A1,ERα,Steroid hormone receptors,5DKS,5DKS_1,1,"[""X-RAY DIFFRACTION""]",True,[2.6],2.6,2.6,PASS_PROJECT_RANGE,[0.2597],0.2597,0.2597,PASS_ALL_LE_0_30,311,547,237,UNIPROT_PROSITE_NR_LBD,UNIPROT_CANONICAL_1_BASED_INCLUSIVE,237,1.0,NEAR_COMPLETE_LBD,True,0.0,0.0,False,,True,PROJECT_PREFILTER_PASS,[]
P03372,NR3A1,ERα,Steroid hormone receptors,5DL4,5DL4_1,1,"[""X-RAY DIFFRACTION""]",True,[2.1],2.1,2.1,PASS_PROJECT_RANGE,[0.214],0.214,0.214,PASS_ALL_LE_0_30,311,547,237,UNIPROT_PROSITE_NR_LBD,UNIPROT_CANONICAL_1_BASED_INCLUSIVE,237,1.0,NEAR_COMPLETE_LBD,True,0.0,0.0,False,,True,PROJECT_PREFILTER_PASS,[]
P03372,NR3A1,ERα,Steroid hormone receptors,5DLR,5DLR_1,1,"[""X-RAY DIFFRACTION""]",True,[2.26],2.26,2.26,PASS_PROJECT_RANGE,[0.232],0.232,0.232,PASS_ALL_LE_0_30,311,547,237,UNIPROT_PROSITE_NR_LBD,UNIPROT_CANONICAL_1_BASED_INCLUSIVE,237,1.0,NEAR_COMPLETE_LBD,True,0.0,0.0,False,,True,PROJECT_PREFILTER_PASS,[]
P03372,NR3A1,ERα,Steroid hormone receptors,5DMC,5DMC_1,1,"[""X-RAY DIFFRACTION""]",True,[2.403],2.403,2.403,PASS_PROJECT_RANGE,[0.2458],0.2458,0.2458,PASS_ALL_LE_0_30,311,547,237,UNIPROT_PROSITE_NR_LBD,UNIPROT_CANONICAL_1_BASED_INCLUSIVE,237,1.0,NEAR_COMPLETE_LBD,True,0.0,0.0,False,,True,PROJECT_PREFILTER_PASS,[]
P03372,NR3A1,ERα,Steroid hormone receptors,5DMF,5DMF_1,1,"[""X-RAY DIFFRACTION""]",True,[2.4],2.4,2.4,PASS_PROJECT_RANGE,[0.2541],0.2541,0.2541,PASS_ALL_LE_0_30,311,547,237,UNIPROT_PROSITE_NR_LBD,UNIPROT_CANONICAL_1_BASED_INCLUSIVE,237,1.0,NEAR_COMPLETE_LBD,True,0.0,0.0,False,,True,PROJECT_PREFILTER_PASS,[]
P03372,NR3A1,ERα,Steroid hormone receptors,5DP0,5DP0_1,1,"[""X-RAY DIFFRACTION""]",True,[2.382],2.382,2.382,PASS_PROJECT_RANGE,[0.2379],0.2379,0.2379,PASS_ALL_LE_0_30,311,547,237,UNIPROT_PROSITE_NR_LBD,UNIPROT_CANONICAL_1_BASED_INCLUSIVE,237,1.0,NEAR_COMPLETE_LBD,True,0.0,0.0,False,,True,PROJECT_PREFILTER_PASS,[]
P03372,NR3A1,ERα,Steroid hormone receptors,5DRJ,5DRJ_1,1,"[""X-RAY DIFFRACTION""]",True,[2.07],2.07,2.07,PASS_PROJECT_RANGE,[0.2223],0.2223,0.2223,PASS_ALL_LE_0_30,311,547,237,UNIPROT_PROSITE_NR_LBD,UNIPROT_CANONICAL_1_BASED_INCLUSIVE,237,1.0,NEAR_COMPLETE_LBD,True,0.0,0.0,False,,True,PROJECT_PREFILTER_PASS,[]
P03372,NR3A1,ERα,Steroid hormone receptors,5DRM,5DRM_1,1,"[""X-RAY DIFFRACTION""]",True,[2.241],2.241,2.241,PASS_PROJECT_RANGE,[0.215],0.215,0.215,PASS_ALL_LE_0_30,311,547,237,UNIPROT_PROSITE_NR_LBD,UNIPROT_CANONICAL_1_BASED_INCLUSIVE,237,1.0,NEAR_COMPLETE_LBD,True,0.0,0.0,False,,True,PROJECT_PREFILTER_PASS,[]
P03372,NR3A1,ERα,Steroid hormone receptors,5DTV,5DTV_1,1,"[""X-RAY DIFFRACTION""]",True,[2.295],2.295,2.295,PASS_PROJECT_RANGE,[0.2475],0.2475,0.2475,PASS_ALL_LE_0_30,311,547,237,UNIPROT_PROSITE_NR_LBD,UNIPROT_CANONICAL_1_BASED_INCLUSIVE,237,1.0,NEAR_COMPLETE_LBD,True,0.0,0.0,False,,True,PROJECT_PREFILTER_PASS,[]
P03372,NR3A1,ERα,Steroid hormone receptors,5DU5,5DU5_1,1,"[""X-RAY DIFFRACTION""]",True,[2.195],2.195,2.195,PASS_PROJECT_RANGE,[0.2497],0.2497,0.2497,PASS_ALL_LE_0_30,311,547,237,UNIPROT_PROSITE_NR_LBD,UNIPROT_CANONICAL_1_BASED_INCLUSIVE,237,1.0,NEAR_COMPLETE_LBD,True,0.0,0.0,False,,True,PROJECT_PREFILTER_PASS,[]
P03372,NR3A1,ERα,Steroid hormone receptors,5DUE,5DUE_1,1,"[""X-RAY DIFFRACTION""]",True,[2.09],2.09,2.09,PASS_PROJECT_RANGE,[0.2382],0.2382,0.2382,PASS_ALL_LE_0_30,311,547,237,UNIPROT_PROSITE_NR_LBD,UNIPROT_CANONICAL_1_BASED_INCLUSIVE,237,1.0,NEAR_COMPLETE_LBD,True,0.0,0.0,False,,True,PROJECT_PREFILTER_PASS,[]
P03372,NR3A1,ERα,Steroid hormone receptors,5DUG,5DUG_1,1,"[""X-RAY DIFFRACTION""]",True,[2.252],2.252,2.252,PASS_PROJECT_RANGE,[0.2331],0.2331,0.2331,PASS_ALL_LE_0_30,311,547,237,UNIPROT_PROSITE_NR_LBD,UNIPROT_CANONICAL_1_BASED_INCLUSIVE,237,1.0,NEAR_COMPLETE_LBD,True,0.0,0.0,False,,True,PROJECT_PREFILTER_PASS,[]
P03372,NR3A1,ERα,Steroid hormone receptors,5DUH,5DUH_1,1,"[""X-RAY DIFFRACTION""]",True,[2.24],2.24,2.24,PASS_PROJECT_RANGE,[0.2391],0.2391,0.2391,PASS_ALL_LE_0_30,311,547,237,UNIPROT_PROSITE_NR_LBD,UNIPROT_CANONICAL_1_BASED_INCLUSIVE,237,1.0,NEAR_COMPLETE_LBD,True,0.0,0.0,False,,True,PROJECT_PREFILTER_PASS,[]
P03372,NR3A1,ERα,Steroid hormone receptors,5DVS,5DVS_1,1,"[""X-RAY DIFFRACTION""]",True,[2.28],2.28,2.28,PASS_PROJECT_RANGE,[0.2632],0.2632,0.2632,PASS_ALL_LE_0_30,311,547,237,UNIPROT_PROSITE_NR_LBD,UNIPROT_CANONICAL_1_BASED_INCLUSIVE,237,1.0,NEAR_COMPLETE_LBD,True,0.0,0.0,False,,True,PROJECT_PREFILTER_PASS,[]
P03372,NR3A1,ERα,Steroid hormone receptors,5DVV,5DVV_1,1,"[""X-RAY DIFFRACTION""]",True,[2.505],2.505,2.505,PASS_PROJECT_RANGE,[0.2576],0.2576,0.2576,PASS_ALL_LE_0_30,311,547,237,UNIPROT_PROSITE_NR_LBD,UNIPROT_CANONICAL_1_BASED_INCLUSIVE,237,1.0,NEAR_COMPLETE_LBD,True,0.0,0.0,False,,True,PROJECT_PREFILTER_PASS,[]
P03372,NR3A1,ERα,Steroid hormone receptors,5DWE,5DWE_1,1,"[""X-RAY DIFFRACTION""]",True,[1.92],1.92,1.92,PASS_PROJECT_RANGE,[0.2377],0.2377,0.2377,PASS_ALL_LE_0_30,311,547,237,UNIPROT_PROSITE_NR_LBD,UNIPROT_CANONICAL_1_BASED_INCLUSIVE,237,1.0,NEAR_COMPLETE_LBD,True,0.0,0.0,False,,True,PROJECT_PREFILTER_PASS,[]
P03372,NR3A1,ERα,Steroid hormone receptors,5DWG,5DWG_1,1,"[""X-RAY DIFFRACTION""]",True,[2.3],2.3,2.3,PASS_PROJECT_RANGE,[0.254],0.254,0.254,PASS_ALL_LE_0_30,311,547,237,UNIPROT_PROSITE_NR_LBD,UNIPROT_CANONICAL_1_BASED_INCLUSIVE,237,1.0,NEAR_COMPLETE_LBD,True,0.0,0.0,False,,True,PROJECT_PREFILTER_PASS,[]
P03372,NR3A1,ERα,Steroid hormone receptors,5DWI,5DWI_1,1,"[""X-RAY DIFFRACTION""]",True,[2.43],2.43,2.43,PASS_PROJECT_RANGE,[0.2308],0.2308,0.2308,PASS_ALL_LE_0_30,311,547,237,UNIPROT_PROSITE_NR_LBD,UNIPROT_CANONICAL_1_BASED_INCLUSIVE,237,1.0,NEAR_COMPLETE_LBD,True,0.0,0.0,False,,True,PROJECT_PREFILTER_PASS,[]
P03372,NR3A1,ERα,Steroid hormone receptors,5DWJ,5DWJ_1,1,"[""X-RAY DIFFRACTION""]",True,[2.001],2.001,2.001,PASS_PROJECT_RANGE,[0.232],0.232,0.232,PASS_ALL_LE_0_30,311,547,237,UNIPROT_PROSITE_NR_LBD,UNIPROT_CANONICAL_1_BASED_INCLUSIVE,237,1.0,NEAR_COMPLETE_LBD,True,0.0,0.0,False,,True,PROJECT_PREFILTER_PASS,[]
P03372,NR3A1,ERα,Steroid hormone receptors,5DX3,5DX3_1,1,"[""X-RAY DIFFRACTION""]",True,[2.0903],2.0903,2.0903,PASS_PROJECT_RANGE,[0.2571],0.2571,0.2571,PASS_ALL_LE_0_30,311,547,237,UNIPROT_PROSITE_NR_LBD,UNIPROT_CANONICAL_1_BASED_INCLUSIVE,237,1.0,NEAR_COMPLETE_LBD,True,0.0,0.0,False,,True,PROJECT_PREFILTER_PASS,[]
P03372,NR3A1,ERα,Steroid hormone receptors,5DX3,5DX3_2,2,"[""X-RAY DIFFRACTION""]",True,[2.0903],2.0903,2.0903,PASS_PROJECT_RANGE,[0.2571],0.2571,0.2571,PASS_ALL_LE_0_30,311,547,237,UNIPROT_PROSITE_NR_LBD,UNIPROT_CANONICAL_1_BASED_INCLUSIVE,237,1.0,NEAR_COMPLETE_LBD,True,0.0,0.0,False,,True,PROJECT_PREFILTER_PASS,[]
P03372,NR3A1,ERα,Steroid hormone receptors,5DXB,5DXB_1,1,"[""X-RAY DIFFRACTION""]",True,[2.08],2.08,2.08,PASS_PROJECT_RANGE,[0.21],0.21,0.21,PASS_ALL_LE_0_30,311,547,237,UNIPROT_PROSITE_NR_LBD,UNIPROT_CANONICAL_1_BASED_INCLUSIVE,237,1.0,NEAR_COMPLETE_LBD,True,0.0,0.0,False,,True,PROJECT_PREFILTER_PASS,[]
P03372,NR3A1,ERα,Steroid hormone receptors,5DXB,5DXB_2,2,"[""X-RAY DIFFRACTION""]",True,[2.08],2.08,2.08,PASS_PROJECT_RANGE,[0.21],0.21,0.21,PASS_ALL_LE_0_30,311,547,237,UNIPROT_PROSITE_NR_LBD,UNIPROT_CANONICAL_1_BASED_INCLUSIVE,237,1.0,NEAR_COMPLETE_LBD,True,0.0,0.0,False,,True,PROJECT_PREFILTER_PASS,[]
P03372,NR3A1,ERα,Steroid hormone receptors,5DXE,5DXE_1,1,"[""X-RAY DIFFRACTION""]",True,[1.5],1.5,1.5,ULTRAHIGH_LT_1_8,[0.201],0.201,0.201,PASS_ALL_LE_0_30,311,547,237,UNIPROT_PROSITE_NR_LBD,UNIPROT_CANONICAL_1_BASED_INCLUSIVE,237,1.0,NEAR_COMPLETE_LBD,True,0.0,0.0,False,,False,RESOLUTION_REVIEW,"[""RESOLUTION_REVIEW""]"
P03372,NR3A1,ERα,Steroid hormone receptors,5DXG,5DXG_1,1,"[""X-RAY DIFFRACTION""]",True,[1.86],1.86,1.86,PASS_PROJECT_RANGE,[0.2],0.2,0.2,PASS_ALL_LE_0_30,311,547,237,UNIPROT_PROSITE_NR_LBD,UNIPROT_CANONICAL_1_BASED_INCLUSIVE,237,1.0,NEAR_COMPLETE_LBD,True,0.0,0.0,False,,True,PROJECT_PREFILTER_PASS,[]
P03372,NR3A1,ERα,Steroid hormone receptors,5DXK,5DXK_1,1,"[""X-RAY DIFFRACTION""]",True,[2.226],2.226,2.226,PASS_PROJECT_RANGE,[0.2264],0.2264,0.2264,PASS_ALL_LE_0_30,311,547,237,UNIPROT_PROSITE_NR_LBD,UNIPROT_CANONICAL_1_BASED_INCLUSIVE,237,1.0,NEAR_COMPLETE_LBD,True,0.0,0.0,False,,True,PROJECT_PREFILTER_PASS,[]
P03372,NR3A1,ERα,Steroid hormone receptors,5DXM,5DXM_1,1,"[""X-RAY DIFFRACTION""]",True,[2.37],2.37,2.37,PASS_PROJECT_RANGE,[0.2321],0.2321,0.2321,PASS_ALL_LE_0_30,311,547,237,UNIPROT_PROSITE_NR_LBD,UNIPROT_CANONICAL_1_BASED_INCLUSIVE,237,1.0,NEAR_COMPLETE_LBD,True,0.0,0.0,False,,True,PROJECT_PREFILTER_PASS,[]
P03372,NR3A1,ERα,Steroid hormone receptors,5DXP,5DXP_1,1,"[""X-RAY DIFFRACTION""]",True,[2.201],2.201,2.201,PASS_PROJECT_RANGE,[0.2352],0.2352,0.2352,PASS_ALL_LE_0_30,311,547,237,UNIPROT_PROSITE_NR_LBD,UNIPROT_CANONICAL_1_BASED_INCLUSIVE,237,1.0,NEAR_COMPLETE_LBD,True,0.0,0.0,False,,True,PROJECT_PREFILTER_PASS,[]
P03372,NR3A1,ERα,Steroid hormone receptors,5DXQ,5DXQ_1,1,"[""X-RAY DIFFRACTION""]",True,[2.4],2.4,2.4,PASS_PROJECT_RANGE,[0.2393],0.2393,0.2393,PASS_ALL_LE_0_30,311,547,237,UNIPROT_PROSITE_NR_LBD,UNIPROT_CANONICAL_1_BASED_INCLUSIVE,237,1.0,NEAR_COMPLETE_LBD,True,0.0,0.0,False,,True,PROJECT_PREFILTER_PASS,[]
P03372,NR3A1,ERα,Steroid hormone receptors,5DXR,5DXR_1,1,"[""X-RAY DIFFRACTION""]",True,[2.28],2.28,2.28,PASS_PROJECT_RANGE,[0.2355],0.2355,0.2355,PASS_ALL_LE_0_30,311,547,237,UNIPROT_PROSITE_NR_LBD,UNIPROT_CANONICAL_1_BASED_INCLUSIVE,237,1.0,NEAR_COMPLETE_LBD,True,0.0,0.0,False,,True,PROJECT_PREFILTER_PASS,[]
P03372,NR3A1,ERα,Steroid hormone receptors,5DY8,5DY8_1,1,"[""X-RAY DIFFRACTION""]",True,[2.031],2.031,2.031,PASS_PROJECT_RANGE,[0.2432],0.2432,0.2432,PASS_ALL_LE_0_30,311,547,237,UNIPROT_PROSITE_NR_LBD,UNIPROT_CANONICAL_1_BASED_INCLUSIVE,237,1.0,NEAR_COMPLETE_LBD,True,0.0,0.0,False,,True,PROJECT_PREFILTER_PASS,[]
P03372,NR3A1,ERα,Steroid hormone receptors,5DYB,5DYB_1,1,"[""X-RAY DIFFRACTION""]",True,[2.27],2.27,2.27,PASS_PROJECT_RANGE,[0.2384],0.2384,0.2384,PASS_ALL_LE_0_30,311,547,237,UNIPROT_PROSITE_NR_LBD,UNIPROT_CANONICAL_1_BASED_INCLUSIVE,237,1.0,NEAR_COMPLETE_LBD,True,0.0,0.0,False,,True,PROJECT_PREFILTER_PASS,[]
P03372,NR3A1,ERα,Steroid hormone receptors,5DYD,5DYD_1,1,"[""X-RAY DIFFRACTION""]",True,[2.485],2.485,2.485,PASS_PROJECT_RANGE,[0.2556],0.2556,0.2556,PASS_ALL_LE_0_30,311,547,237,UNIPROT_PROSITE_NR_LBD,UNIPROT_CANONICAL_1_BASED_INCLUSIVE,237,1.0,NEAR_COMPLETE_LBD,True,0.0,0.0,False,,True,PROJECT_PREFILTER_PASS,[]
P03372,NR3A1,ERα,Steroid hormone receptors,5DZ0,5DZ0_1,1,"[""X-RAY DIFFRACTION""]",True,[2.24],2.24,2.24,PASS_PROJECT_RANGE,[0.2322],0.2322,0.2322,PASS_ALL_LE_0_30,311,547,237,UNIPROT_PROSITE_NR_LBD,UNIPROT_CANONICAL_1_BASED_INCLUSIVE,237,1.0,NEAR_COMPLETE_LBD,True,0.0,0.0,False,,True,PROJECT_PREFILTER_PASS,[]
P03372,NR3A1,ERα,Steroid hormone receptors,5DZ1,5DZ1_1,1,"[""X-RAY DIFFRACTION""]",True,[2.2],2.2,2.2,PASS_PROJECT_RANGE,[0.239],0.239,0.239,PASS_ALL_LE_0_30,311,547,237,UNIPROT_PROSITE_NR_LBD,UNIPROT_CANONICAL_1_BASED_INCLUSIVE,237,1.0,NEAR_COMPLETE_LBD,True,0.0,0.0,False,,True,PROJECT_PREFILTER_PASS,[]
P03372,NR3A1,ERα,Steroid hormone receptors,5DZ3,5DZ3_1,1,"[""X-RAY DIFFRACTION""]",True,[2.15],2.15,2.15,PASS_PROJECT_RANGE,[0.234],0.234,0.234,PASS_ALL_LE_0_30,311,547,237,UNIPROT_PROSITE_NR_LBD,UNIPROT_CANONICAL_1_BASED_INCLUSIVE,237,1.0,NEAR_COMPLETE_LBD,True,0.0,0.0,False,,True,PROJECT_PREFILTER_PASS,[]
P03372,NR3A1,ERα,Steroid hormone receptors,5DZH,5DZH_1,1,"[""X-RAY DIFFRACTION""]",True,[2.11],2.11,2.11,PASS_PROJECT_RANGE,[0.2204],0.2204,0.2204,PASS_ALL_LE_0_30,311,547,237,UNIPROT_PROSITE_NR_LBD,UNIPROT_CANONICAL_1_BASED_INCLUSIVE,237,1.0,NEAR_COMPLETE_LBD,True,0.0,0.0,False,,True,PROJECT_PREFILTER_PASS,[]
P03372,NR3A1,ERα,Steroid hormone receptors,5DZI,5DZI_1,1,"[""X-RAY DIFFRACTION""]",True,[1.9],1.9,1.9,PASS_PROJECT_RANGE,[0.2138],0.2138,0.2138,PASS_ALL_LE_0_30,311,547,237,UNIPROT_PROSITE_NR_LBD,UNIPROT_CANONICAL_1_BASED_INCLUSIVE,237,1.0,NEAR_COMPLETE_LBD,True,0.0,0.0,False,,True,PROJECT_PREFILTER_PASS,[]
P03372,NR3A1,ERα,Steroid hormone receptors,5E0W,5E0W_1,1,"[""X-RAY DIFFRACTION""]",True,[2.0],2.0,2.0,PASS_PROJECT_RANGE,[0.2255],0.2255,0.2255,PASS_ALL_LE_0_30,311,547,237,UNIPROT_PROSITE_NR_LBD,UNIPROT_CANONICAL_1_BASED_INCLUSIVE,237,1.0,NEAR_COMPLETE_LBD,True,0.0,0.0,False,,True,PROJECT_PREFILTER_PASS,[]
P03372,NR3A1,ERα,Steroid hormone receptors,5E0X,5E0X_1,1,"[""X-RAY DIFFRACTION""]",True,[2.014],2.014,2.014,PASS_PROJECT_RANGE,[0.237],0.237,0.237,PASS_ALL_LE_0_30,311,547,237,UNIPROT_PROSITE_NR_LBD,UNIPROT_CANONICAL_1_BASED_INCLUSIVE,237,1.0,NEAR_COMPLETE_LBD,True,0.0,0.0,False,,True,PROJECT_PREFILTER_PASS,[]
P03372,NR3A1,ERα,Steroid hormone receptors,5E14,5E14_1,1,"[""X-RAY DIFFRACTION""]",True,[2.22],2.22,2.22,PASS_PROJECT_RANGE,[0.255],0.255,0.255,PASS_ALL_LE_0_30,311,547,237,UNIPROT_PROSITE_NR_LBD,UNIPROT_CANONICAL_1_BASED_INCLUSIVE,237,1.0,NEAR_COMPLETE_LBD,True,0.0,0.0,False,,True,PROJECT_PREFILTER_PASS,[]
P03372,NR3A1,ERα,Steroid hormone receptors,5E15,5E15_1,1,"[""X-RAY DIFFRACTION""]",True,[2.1],2.1,2.1,PASS_PROJECT_RANGE,[0.241],0.241,0.241,PASS_ALL_LE_0_30,311,547,237,UNIPROT_PROSITE_NR_LBD,UNIPROT_CANONICAL_1_BASED_INCLUSIVE,237,1.0,NEAR_COMPLETE_LBD,True,0.0,0.0,False,,True,PROJECT_PREFILTER_PASS,[]
P03372,NR3A1,ERα,Steroid hormone receptors,5E19,5E19_1,1,"[""X-RAY DIFFRACTION""]",True,[2.24],2.24,2.24,PASS_PROJECT_RANGE,[0.2329],0.2329,0.2329,PASS_ALL_LE_0_30,311,547,237,UNIPROT_PROSITE_NR_LBD,UNIPROT_CANONICAL_1_BASED_INCLUSIVE,237,1.0,NEAR_COMPLETE_LBD,True,0.0,0.0,False,,True,PROJECT_PREFILTER_PASS,[]
P03372,NR3A1,ERα,Steroid hormone receptors,5E1C,5E1C_1,1,"[""X-RAY DIFFRACTION""]",True,[1.98],1.98,1.98,PASS_PROJECT_RANGE,[0.2145],0.2145,0.2145,PASS_ALL_LE_0_30,311,547,237,UNIPROT_PROSITE_NR_LBD,UNIPROT_CANONICAL_1_BASED_INCLUSIVE,237,1.0,NEAR_COMPLETE_LBD,True,0.0,0.0,False,,True,PROJECT_PREFILTER_PASS,[]
P03372,NR3A1,ERα,Steroid hormone receptors,5EGV,5EGV_1,1,"[""X-RAY DIFFRACTION""]",True,[2.863],2.863,2.863,PASS_PROJECT_RANGE,[0.2764],0.2764,0.2764,PASS_ALL_LE_0_30,311,547,237,UNIPROT_PROSITE_NR_LBD,UNIPROT_CANONICAL_1_BASED_INCLUSIVE,237,1.0,NEAR_COMPLETE_LBD,True,0.0,0.0,False,,True,PROJECT_PREFILTER_PASS,[]
P03372,NR3A1,ERα,Steroid hormone receptors,5EHJ,5EHJ_1,1,"[""X-RAY DIFFRACTION""]",True,[2.5],2.5,2.5,PASS_PROJECT_RANGE,[0.2543],0.2543,0.2543,PASS_ALL_LE_0_30,311,547,237,UNIPROT_PROSITE_NR_LBD,UNIPROT_CANONICAL_1_BASED_INCLUSIVE,237,1.0,NEAR_COMPLETE_LBD,True,0.0,0.0,False,,True,PROJECT_PREFILTER_PASS,[]
P03372,NR3A1,ERα,Steroid hormone receptors,5EI1,5EI1_1,1,"[""X-RAY DIFFRACTION""]",True,[2.4],2.4,2.4,PASS_PROJECT_RANGE,[0.2278],0.2278,0.2278,PASS_ALL_LE_0_30,311,547,237,UNIPROT_PROSITE_NR_LBD,UNIPROT_CANONICAL_1_BASED_INCLUSIVE,237,1.0,NEAR_COMPLETE_LBD,True,0.0,0.0,False,,True,PROJECT_PREFILTER_PASS,[]
P03372,NR3A1,ERα,Steroid hormone receptors,5EIT,5EIT_1,1,"[""X-RAY DIFFRACTION""]",True,[2.68],2.68,2.68,PASS_PROJECT_RANGE,[0.2385],0.2385,0.2385,PASS_ALL_LE_0_30,311,547,237,UNIPROT_PROSITE_NR_LBD,UNIPROT_CANONICAL_1_BASED_INCLUSIVE,237,1.0,NEAR_COMPLETE_LBD,True,0.0,0.0,False,,True,PROJECT_PREFILTER_PASS,[]
P03372,NR3A1,ERα,Steroid hormone receptors,5FQP,5FQP_1,1,"[""X-RAY DIFFRACTION""]",True,[1.88],1.88,1.88,PASS_PROJECT_RANGE,[0.23084],0.23084,0.23084,PASS_ALL_LE_0_30,311,547,237,UNIPROT_PROSITE_NR_LBD,UNIPROT_CANONICAL_1_BASED_INCLUSIVE,237,1.0,NEAR_COMPLETE_LBD,True,0.0,0.0,False,,True,PROJECT_PREFILTER_PASS,[]
P03372,NR3A1,ERα,Steroid hormone receptors,5FQR,5FQR_1,1,"[""X-RAY DIFFRACTION""]",True,[1.88],1.88,1.88,PASS_PROJECT_RANGE,[0.23686],0.23686,0.23686,PASS_ALL_LE_0_30,311,547,237,UNIPROT_PROSITE_NR_LBD,UNIPROT_CANONICAL_1_BASED_INCLUSIVE,237,1.0,NEAR_COMPLETE_LBD,True,0.0,0.0,False,,True,PROJECT_PREFILTER_PASS,[]
P03372,NR3A1,ERα,Steroid hormone receptors,5FQS,5FQS_1,1,"[""X-RAY DIFFRACTION""]",True,[1.94],1.94,1.94,PASS_PROJECT_RANGE,[0.22317],0.22317,0.22317,PASS_ALL_LE_0_30,311,547,237,UNIPROT_PROSITE_NR_LBD,UNIPROT_CANONICAL_1_BASED_INCLUSIVE,237,1.0,NEAR_COMPLETE_LBD,True,0.0,0.0,False,,True,PROJECT_PREFILTER_PASS,[]
P03372,NR3A1,ERα,Steroid hormone receptors,5FQT,5FQT_1,1,"[""X-RAY DIFFRACTION""]",True,[1.99],1.99,1.99,PASS_PROJECT_RANGE,[0.23219],0.23219,0.23219,PASS_ALL_LE_0_30,311,547,237,UNIPROT_PROSITE_NR_LBD,UNIPROT_CANONICAL_1_BASED_INCLUSIVE,237,1.0,NEAR_COMPLETE_LBD,True,0.0,0.0,False,,True,PROJECT_PREFILTER_PASS,[]
P03372,NR3A1,ERα,Steroid hormone receptors,5FQV,5FQV_1,1,"[""X-RAY DIFFRACTION""]",True,[1.74],1.74,1.74,ULTRAHIGH_LT_1_8,[0.2336],0.2336,0.2336,PASS_ALL_LE_0_30,311,547,237,UNIPROT_PROSITE_NR_LBD,UNIPROT_CANONICAL_1_BASED_INCLUSIVE,237,1.0,NEAR_COMPLETE_LBD,True,0.0,0.0,False,,False,RESOLUTION_REVIEW,"[""RESOLUTION_REVIEW""]"
P03372,NR3A1,ERα,Steroid hormone receptors,5GS4,5GS4_1,1,"[""X-RAY DIFFRACTION""]",True,[2.4],2.4,2.4,PASS_PROJECT_RANGE,[0.2815],0.2815,0.2815,PASS_ALL_LE_0_30,311,547,237,UNIPROT_PROSITE_NR_LBD,UNIPROT_CANONICAL_1_BASED_INCLUSIVE,237,1.0,NEAR_COMPLETE_LBD,True,0.0,0.0,False,,True,PROJECT_PREFILTER_PASS,[]
P03372,NR3A1,ERα,Steroid hormone receptors,5GTR,5GTR_1,1,"[""X-RAY DIFFRACTION""]",True,[2.804],2.804,2.804,PASS_PROJECT_RANGE,[0.3674],0.3674,0.3674,FAIL_ALL_GT_0_30,311,547,237,UNIPROT_PROSITE_NR_LBD,UNIPROT_CANONICAL_1_BASED_INCLUSIVE,237,1.0,NEAR_COMPLETE_LBD,True,0.0,0.0,False,,False,RFREE_REVIEW,"[""RFREE_REVIEW""]"
P03372,NR3A1,ERα,Steroid hormone receptors,5HYR,5HYR_1,1,"[""X-RAY DIFFRACTION""]",True,[2.271],2.271,2.271,PASS_PROJECT_RANGE,[0.252],0.252,0.252,PASS_ALL_LE_0_30,311,547,237,UNIPROT_PROSITE_NR_LBD,UNIPROT_CANONICAL_1_BASED_INCLUSIVE,237,1.0,NEAR_COMPLETE_LBD,True,0.0,0.0,False,,True,PROJECT_PREFILTER_PASS,[]
P03372,NR3A1,ERα,Steroid hormone receptors,5JMM,5JMM_1,1,"[""X-RAY DIFFRACTION""]",True,[2.1],2.1,2.1,PASS_PROJECT_RANGE,[0.2161],0.2161,0.2161,PASS_ALL_LE_0_30,311,547,237,UNIPROT_PROSITE_NR_LBD,UNIPROT_CANONICAL_1_BASED_INCLUSIVE,237,1.0,NEAR_COMPLETE_LBD,True,0.0,0.0,False,,True,PROJECT_PREFILTER_PASS,[]
P03372,NR3A1,ERα,Steroid hormone receptors,5JMM,5JMM_2,2,"[""X-RAY DIFFRACTION""]",True,[2.1],2.1,2.1,PASS_PROJECT_RANGE,[0.2161],0.2161,0.2161,PASS_ALL_LE_0_30,311,547,237,UNIPROT_PROSITE_NR_LBD,UNIPROT_CANONICAL_1_BASED_INCLUSIVE,237,1.0,NEAR_COMPLETE_LBD,True,0.0,0.0,False,,True,PROJECT_PREFILTER_PASS,[]
P03372,NR3A1,ERα,Steroid hormone receptors,5KCC,5KCC_1,1,"[""X-RAY DIFFRACTION""]",True,[2.386],2.386,2.386,PASS_PROJECT_RANGE,[0.2649],0.2649,0.2649,PASS_ALL_LE_0_30,311,547,237,UNIPROT_PROSITE_NR_LBD,UNIPROT_CANONICAL_1_BASED_INCLUSIVE,237,1.0,NEAR_COMPLETE_LBD,True,0.0,0.0,False,,True,PROJECT_PREFILTER_PASS,[]
P03372,NR3A1,ERα,Steroid hormone receptors,5KCD,5KCD_1,1,"[""X-RAY DIFFRACTION""]",True,[1.82],1.82,1.82,PASS_PROJECT_RANGE,[0.2053],0.2053,0.2053,PASS_ALL_LE_0_30,311,547,237,UNIPROT_PROSITE_NR_LBD,UNIPROT_CANONICAL_1_BASED_INCLUSIVE,237,1.0,NEAR_COMPLETE_LBD,True,0.0,0.0,False,,True,PROJECT_PREFILTER_PASS,[]
P03372,NR3A1,ERα,Steroid hormone receptors,5KCE,5KCE_1,1,"[""X-RAY DIFFRACTION""]",True,[1.847],1.847,1.847,PASS_PROJECT_RANGE,[0.2496],0.2496,0.2496,PASS_ALL_LE_0_30,311,547,237,UNIPROT_PROSITE_NR_LBD,UNIPROT_CANONICAL_1_BASED_INCLUSIVE,237,1.0,NEAR_COMPLETE_LBD,True,0.0,0.0,False,,True,PROJECT_PREFILTER_PASS,[]
P03372,NR3A1,ERα,Steroid hormone receptors,5KCF,5KCF_1,1,"[""X-RAY DIFFRACTION""]",True,[2.07],2.07,2.07,PASS_PROJECT_RANGE,[0.2361],0.2361,0.2361,PASS_ALL_LE_0_30,311,547,237,UNIPROT_PROSITE_NR_LBD,UNIPROT_CANONICAL_1_BASED_INCLUSIVE,237,1.0,NEAR_COMPLETE_LBD,True,0.0,0.0,False,,True,PROJECT_PREFILTER_PASS,[]
P03372,NR3A1,ERα,Steroid hormone receptors,5KCT,5KCT_1,1,"[""X-RAY DIFFRACTION""]",True,[1.6],1.6,1.6,ULTRAHIGH_LT_1_8,[0.2124],0.2124,0.2124,PASS_ALL_LE_0_30,311,547,237,UNIPROT_PROSITE_NR_LBD,UNIPROT_CANONICAL_1_BASED_INCLUSIVE,237,1.0,NEAR_COMPLETE_LBD,True,0.0,0.0,False,,False,RESOLUTION_REVIEW,"[""RESOLUTION_REVIEW""]"
P03372,NR3A1,ERα,Steroid hormone receptors,5KCU,5KCU_1,1,"[""X-RAY DIFFRACTION""]",True,[2.03],2.03,2.03,PASS_PROJECT_RANGE,[0.2517],0.2517,0.2517,PASS_ALL_LE_0_30,311,547,237,UNIPROT_PROSITE_NR_LBD,UNIPROT_CANONICAL_1_BASED_INCLUSIVE,237,1.0,NEAR_COMPLETE_LBD,True,0.0,0.0,False,,True,PROJECT_PREFILTER_PASS,[]
P03372,NR3A1,ERα,Steroid hormone receptors,5KCW,5KCW_1,1,"[""X-RAY DIFFRACTION""]",True,[1.905],1.905,1.905,PASS_PROJECT_RANGE,[0.2455],0.2455,0.2455,PASS_ALL_LE_0_30,311,547,237,UNIPROT_PROSITE_NR_LBD,UNIPROT_CANONICAL_1_BASED_INCLUSIVE,237,1.0,NEAR_COMPLETE_LBD,True,0.0,0.0,False,,True,PROJECT_PREFILTER_PASS,[]
P03372,NR3A1,ERα,Steroid hormone receptors,5KD9,5KD9_1,1,"[""X-RAY DIFFRACTION""]",True,[1.78],1.78,1.78,ULTRAHIGH_LT_1_8,[0.2126],0.2126,0.2126,PASS_ALL_LE_0_30,311,547,237,UNIPROT_PROSITE_NR_LBD,UNIPROT_CANONICAL_1_BASED_INCLUSIVE,237,1.0,NEAR_COMPLETE_LBD,True,0.0,0.0,False,,False,RESOLUTION_REVIEW,"[""RESOLUTION_REVIEW""]"
P03372,NR3A1,ERα,Steroid hormone receptors,5KR9,5KR9_1,1,"[""X-RAY DIFFRACTION""]",True,[2.25],2.25,2.25,PASS_PROJECT_RANGE,[0.2508],0.2508,0.2508,PASS_ALL_LE_0_30,311,547,237,UNIPROT_PROSITE_NR_LBD,UNIPROT_CANONICAL_1_BASED_INCLUSIVE,237,1.0,NEAR_COMPLETE_LBD,True,0.0,0.0,False,,True,PROJECT_PREFILTER_PASS,[]
P03372,NR3A1,ERα,Steroid hormone receptors,5KRA,5KRA_1,1,"[""X-RAY DIFFRACTION""]",True,[2.401],2.401,2.401,PASS_PROJECT_RANGE,[0.2485],0.2485,0.2485,PASS_ALL_LE_0_30,311,547,237,UNIPROT_PROSITE_NR_LBD,UNIPROT_CANONICAL_1_BASED_INCLUSIVE,237,1.0,NEAR_COMPLETE_LBD,True,0.0,0.0,False,,True,PROJECT_PREFILTER_PASS,[]
P03372,NR3A1,ERα,Steroid hormone receptors,5KRC,5KRC_1,1,"[""X-RAY DIFFRACTION""]",True,[2.4],2.4,2.4,PASS_PROJECT_RANGE,[0.2352],0.2352,0.2352,PASS_ALL_LE_0_30,311,547,237,UNIPROT_PROSITE_NR_LBD,UNIPROT_CANONICAL_1_BASED_INCLUSIVE,237,1.0,NEAR_COMPLETE_LBD,True,0.0,0.0,False,,True,PROJECT_PREFILTER_PASS,[]
P03372,NR3A1,ERα,Steroid hormone receptors,5KRF,5KRF_1,1,"[""X-RAY DIFFRACTION""]",True,[2.193],2.193,2.193,PASS_PROJECT_RANGE,[0.2661],0.2661,0.2661,PASS_ALL_LE_0_30,311,547,237,UNIPROT_PROSITE_NR_LBD,UNIPROT_CANONICAL_1_BASED_INCLUSIVE,237,1.0,NEAR_COMPLETE_LBD,True,0.0,0.0,False,,True,PROJECT_PREFILTER_PASS,[]
P03372,NR3A1,ERα,Steroid hormone receptors,5KRH,5KRH_1,1,"[""X-RAY DIFFRACTION""]",True,[2.243],2.243,2.243,PASS_PROJECT_RANGE,[0.2433],0.2433,0.2433,PASS_ALL_LE_0_30,311,547,237,UNIPROT_PROSITE_NR_LBD,UNIPROT_CANONICAL_1_BASED_INCLUSIVE,237,1.0,NEAR_COMPLETE_LBD,True,0.0,0.0,False,,True,PROJECT_PREFILTER_PASS,[]
P03372,NR3A1,ERα,Steroid hormone receptors,5KRI,5KRI_1,1,"[""X-RAY DIFFRACTION""]",True,[2.247],2.247,2.247,PASS_PROJECT_RANGE,[0.2203],0.2203,0.2203,PASS_ALL_LE_0_30,311,547,237,UNIPROT_PROSITE_NR_LBD,UNIPROT_CANONICAL_1_BASED_INCLUSIVE,237,1.0,NEAR_COMPLETE_LBD,True,0.0,0.0,False,,True,PROJECT_PREFILTER_PASS,[]
P03372,NR3A1,ERα,Steroid hormone receptors,5KRJ,5KRJ_1,1,"[""X-RAY DIFFRACTION""]",True,[2.7],2.7,2.7,PASS_PROJECT_RANGE,[0.2355],0.2355,0.2355,PASS_ALL_LE_0_30,311,547,237,UNIPROT_PROSITE_NR_LBD,UNIPROT_CANONICAL_1_BASED_INCLUSIVE,237,1.0,NEAR_COMPLETE_LBD,True,0.0,0.0,False,,True,PROJECT_PREFILTER_PASS,[]
P03372,NR3A1,ERα,Steroid hormone receptors,5KRK,5KRK_1,1,"[""X-RAY DIFFRACTION""]",True,[2.391],2.391,2.391,PASS_PROJECT_RANGE,[0.2319],0.2319,0.2319,PASS_ALL_LE_0_30,311,547,237,UNIPROT_PROSITE_NR_LBD,UNIPROT_CANONICAL_1_BASED_INCLUSIVE,237,1.0,NEAR_COMPLETE_LBD,True,0.0,0.0,False,,True,PROJECT_PREFILTER_PASS,[]
P03372,NR3A1,ERα,Steroid hormone receptors,5KRL,5KRL_1,1,"[""X-RAY DIFFRACTION""]",True,[2.4],2.4,2.4,PASS_PROJECT_RANGE,[0.2176],0.2176,0.2176,PASS_ALL_LE_0_30,311,547,237,UNIPROT_PROSITE_NR_LBD,UNIPROT_CANONICAL_1_BASED_INCLUSIVE,237,1.0,NEAR_COMPLETE_LBD,True,0.0,0.0,False,,True,PROJECT_PREFILTER_PASS,[]
P03372,NR3A1,ERα,Steroid hormone receptors,5KRM,5KRM_1,1,"[""X-RAY DIFFRACTION""]",True,[2.24],2.24,2.24,PASS_PROJECT_RANGE,[0.2131],0.2131,0.2131,PASS_ALL_LE_0_30,311,547,237,UNIPROT_PROSITE_NR_LBD,UNIPROT_CANONICAL_1_BASED_INCLUSIVE,237,1.0,NEAR_COMPLETE_LBD,True,0.0,0.0,False,,True,PROJECT_PREFILTER_PASS,[]
P03372,NR3A1,ERα,Steroid hormone receptors,5KRO,5KRO_1,1,"[""X-RAY DIFFRACTION""]",True,[2.1],2.1,2.1,PASS_PROJECT_RANGE,[0.2281],0.2281,0.2281,PASS_ALL_LE_0_30,311,547,237,UNIPROT_PROSITE_NR_LBD,UNIPROT_CANONICAL_1_BASED_INCLUSIVE,237,1.0,NEAR_COMPLETE_LBD,True,0.0,0.0,False,,True,PROJECT_PREFILTER_PASS,[]
P03372,NR3A1,ERα,Steroid hormone receptors,5N10,5N10_1,1,"[""X-RAY DIFFRACTION""]",True,[1.6],1.6,1.6,ULTRAHIGH_LT_1_8,[0.1935],0.1935,0.1935,PASS_ALL_LE_0_30,311,547,237,UNIPROT_PROSITE_NR_LBD,UNIPROT_CANONICAL_1_BASED_INCLUSIVE,0,0.0,NO_LBD_OVERLAP,False,0.0,0.0,False,,False,MULTIPLE_REASONS,"[""NO_LBD_OVERLAP"", ""RESOLUTION_REVIEW""]"
P03372,NR3A1,ERα,Steroid hormone receptors,5T0X,5T0X_2,2,"[""SOLUTION NMR""]",False,[],,,MISSING,[],,,MISSING,311,547,237,UNIPROT_PROSITE_NR_LBD,UNIPROT_CANONICAL_1_BASED_INCLUSIVE,0,0.0,NO_LBD_OVERLAP,False,0.0,0.0,False,,False,MULTIPLE_REASONS,"[""NON_XRAY"", ""NO_LBD_OVERLAP"", ""RESOLUTION_REVIEW"", ""RFREE_REVIEW"", ""METADATA_INCOMPLETE""]"
P03372,NR3A1,ERα,Steroid hormone receptors,5T1Z,5T1Z_1,1,"[""X-RAY DIFFRACTION""]",True,[2.102],2.102,2.102,PASS_PROJECT_RANGE,[0.2456],0.2456,0.2456,PASS_ALL_LE_0_30,311,547,237,UNIPROT_PROSITE_NR_LBD,UNIPROT_CANONICAL_1_BASED_INCLUSIVE,237,1.0,NEAR_COMPLETE_LBD,True,0.0,0.0,False,,True,PROJECT_PREFILTER_PASS,[]
P03372,NR3A1,ERα,Steroid hormone receptors,5T92,5T92_1,1,"[""X-RAY DIFFRACTION""]",True,[2.22],2.22,2.22,PASS_PROJECT_RANGE,[0.2817],0.2817,0.2817,PASS_ALL_LE_0_30,311,547,237,UNIPROT_PROSITE_NR_LBD,UNIPROT_CANONICAL_1_BASED_INCLUSIVE,237,1.0,NEAR_COMPLETE_LBD,True,0.0,0.0,False,,True,PROJECT_PREFILTER_PASS,[]
P03372,NR3A1,ERα,Steroid hormone receptors,5T97,5T97_1,1,"[""X-RAY DIFFRACTION""]",True,[3.0],3.0,3.0,PASS_PROJECT_RANGE,[0.2909],0.2909,0.2909,PASS_ALL_LE_0_30,311,547,237,UNIPROT_PROSITE_NR_LBD,UNIPROT_CANONICAL_1_BASED_INCLUSIVE,237,1.0,NEAR_COMPLETE_LBD,True,0.0,0.0,False,,True,PROJECT_PREFILTER_PASS,[]
P03372,NR3A1,ERα,Steroid hormone receptors,5TLD,5TLD_1,1,"[""X-RAY DIFFRACTION""]",True,[2.375],2.375,2.375,PASS_PROJECT_RANGE,[0.237],0.237,0.237,PASS_ALL_LE_0_30,311,547,237,UNIPROT_PROSITE_NR_LBD,UNIPROT_CANONICAL_1_BASED_INCLUSIVE,237,1.0,NEAR_COMPLETE_LBD,True,0.0,0.0,False,,True,PROJECT_PREFILTER_PASS,[]
P03372,NR3A1,ERα,Steroid hormone receptors,5TLF,5TLF_1,1,"[""X-RAY DIFFRACTION""]",True,[2.204],2.204,2.204,PASS_PROJECT_RANGE,[0.2291],0.2291,0.2291,PASS_ALL_LE_0_30,311,547,237,UNIPROT_PROSITE_NR_LBD,UNIPROT_CANONICAL_1_BASED_INCLUSIVE,237,1.0,NEAR_COMPLETE_LBD,True,0.0,0.0,False,,True,PROJECT_PREFILTER_PASS,[]
P03372,NR3A1,ERα,Steroid hormone receptors,5TLG,5TLG_1,1,"[""X-RAY DIFFRACTION""]",True,[2.228],2.228,2.228,PASS_PROJECT_RANGE,[0.2296],0.2296,0.2296,PASS_ALL_LE_0_30,311,547,237,UNIPROT_PROSITE_NR_LBD,UNIPROT_CANONICAL_1_BASED_INCLUSIVE,237,1.0,NEAR_COMPLETE_LBD,True,0.0,0.0,False,,True,PROJECT_PREFILTER_PASS,[]
P03372,NR3A1,ERα,Steroid hormone receptors,5TLL,5TLL_1,1,"[""X-RAY DIFFRACTION""]",True,[2.423],2.423,2.423,PASS_PROJECT_RANGE,[0.2384],0.2384,0.2384,PASS_ALL_LE_0_30,311,547,237,UNIPROT_PROSITE_NR_LBD,UNIPROT_CANONICAL_1_BASED_INCLUSIVE,237,1.0,NEAR_COMPLETE_LBD,True,0.0,0.0,False,,True,PROJECT_PREFILTER_PASS,[]
P03372,NR3A1,ERα,Steroid hormone receptors,5TLM,5TLM_1,1,"[""X-RAY DIFFRACTION""]",True,[2.497],2.497,2.497,PASS_PROJECT_RANGE,[0.2765],0.2765,0.2765,PASS_ALL_LE_0_30,311,547,237,UNIPROT_PROSITE_NR_LBD,UNIPROT_CANONICAL_1_BASED_INCLUSIVE,237,1.0,NEAR_COMPLETE_LBD,True,0.0,0.0,False,,True,PROJECT_PREFILTER_PASS,[]
P03372,NR3A1,ERα,Steroid hormone receptors,5TLO,5TLO_1,1,"[""X-RAY DIFFRACTION""]",True,[2.28],2.28,2.28,PASS_PROJECT_RANGE,[0.241],0.241,0.241,PASS_ALL_LE_0_30,311,547,237,UNIPROT_PROSITE_NR_LBD,UNIPROT_CANONICAL_1_BASED_INCLUSIVE,237,1.0,NEAR_COMPLETE_LBD,True,0.0,0.0,False,,True,PROJECT_PREFILTER_PASS,[]
P03372,NR3A1,ERα,Steroid hormone receptors,5TLP,5TLP_1,1,"[""X-RAY DIFFRACTION""]",True,[2.08],2.08,2.08,PASS_PROJECT_RANGE,[0.232],0.232,0.232,PASS_ALL_LE_0_30,311,547,237,UNIPROT_PROSITE_NR_LBD,UNIPROT_CANONICAL_1_BASED_INCLUSIVE,237,1.0,NEAR_COMPLETE_LBD,True,0.0,0.0,False,,True,PROJECT_PREFILTER_PASS,[]
P03372,NR3A1,ERα,Steroid hormone receptors,5TLT,5TLT_1,1,"[""X-RAY DIFFRACTION""]",True,[1.903],1.903,1.903,PASS_PROJECT_RANGE,[0.2205],0.2205,0.2205,PASS_ALL_LE_0_30,311,547,237,UNIPROT_PROSITE_NR_LBD,UNIPROT_CANONICAL_1_BASED_INCLUSIVE,237,1.0,NEAR_COMPLETE_LBD,True,0.0,0.0,False,,True,PROJECT_PREFILTER_PASS,[]
P03372,NR3A1,ERα,Steroid hormone receptors,5TLU,5TLU_1,1,"[""X-RAY DIFFRACTION""]",True,[2.223],2.223,2.223,PASS_PROJECT_RANGE,[0.2234],0.2234,0.2234,PASS_ALL_LE_0_30,311,547,237,UNIPROT_PROSITE_NR_LBD,UNIPROT_CANONICAL_1_BASED_INCLUSIVE,237,1.0,NEAR_COMPLETE_LBD,True,0.0,0.0,False,,True,PROJECT_PREFILTER_PASS,[]
P03372,NR3A1,ERα,Steroid hormone receptors,5TLV,5TLV_1,1,"[""X-RAY DIFFRACTION""]",True,[2.323],2.323,2.323,PASS_PROJECT_RANGE,[0.2356],0.2356,0.2356,PASS_ALL_LE_0_30,311,547,237,UNIPROT_PROSITE_NR_LBD,UNIPROT_CANONICAL_1_BASED_INCLUSIVE,237,1.0,NEAR_COMPLETE_LBD,True,0.0,0.0,False,,True,PROJECT_PREFILTER_PASS,[]
P03372,NR3A1,ERα,Steroid hormone receptors,5TLX,5TLX_1,1,"[""X-RAY DIFFRACTION""]",True,[2.103],2.103,2.103,PASS_PROJECT_RANGE,[0.2263],0.2263,0.2263,PASS_ALL_LE_0_30,311,547,237,UNIPROT_PROSITE_NR_LBD,UNIPROT_CANONICAL_1_BASED_INCLUSIVE,237,1.0,NEAR_COMPLETE_LBD,True,0.0,0.0,False,,True,PROJECT_PREFILTER_PASS,[]
P03372,NR3A1,ERα,Steroid hormone receptors,5TLY,5TLY_1,1,"[""X-RAY DIFFRACTION""]",True,[2.143],2.143,2.143,PASS_PROJECT_RANGE,[0.2212],0.2212,0.2212,PASS_ALL_LE_0_30,311,547,237,UNIPROT_PROSITE_NR_LBD,UNIPROT_CANONICAL_1_BASED_INCLUSIVE,237,1.0,NEAR_COMPLETE_LBD,True,0.0,0.0,False,,True,PROJECT_PREFILTER_PASS,[]
P03372,NR3A1,ERα,Steroid hormone receptors,5TM1,5TM1_1,1,"[""X-RAY DIFFRACTION""]",True,[2.231],2.231,2.231,PASS_PROJECT_RANGE,[0.2361],0.2361,0.2361,PASS_ALL_LE_0_30,311,547,237,UNIPROT_PROSITE_NR_LBD,UNIPROT_CANONICAL_1_BASED_INCLUSIVE,237,1.0,NEAR_COMPLETE_LBD,True,0.0,0.0,False,,True,PROJECT_PREFILTER_PASS,[]
P03372,NR3A1,ERα,Steroid hormone receptors,5TM2,5TM2_1,1,"[""X-RAY DIFFRACTION""]",True,[2.603],2.603,2.603,PASS_PROJECT_RANGE,[0.2436],0.2436,0.2436,PASS_ALL_LE_0_30,311,547,237,UNIPROT_PROSITE_NR_LBD,UNIPROT_CANONICAL_1_BASED_INCLUSIVE,237,1.0,NEAR_COMPLETE_LBD,True,0.0,0.0,False,,True,PROJECT_PREFILTER_PASS,[]
P03372,NR3A1,ERα,Steroid hormone receptors,5TM3,5TM3_1,1,"[""X-RAY DIFFRACTION""]",True,[2.194],2.194,2.194,PASS_PROJECT_RANGE,[0.234],0.234,0.234,PASS_ALL_LE_0_30,311,547,237,UNIPROT_PROSITE_NR_LBD,UNIPROT_CANONICAL_1_BASED_INCLUSIVE,237,1.0,NEAR_COMPLETE_LBD,True,0.0,0.0,False,,True,PROJECT_PREFILTER_PASS,[]
P03372,NR3A1,ERα,Steroid hormone receptors,5TM4,5TM4_1,1,"[""X-RAY DIFFRACTION""]",True,[2.25],2.25,2.25,PASS_PROJECT_RANGE,[0.2361],0.2361,0.2361,PASS_ALL_LE_0_30,311,547,237,UNIPROT_PROSITE_NR_LBD,UNIPROT_CANONICAL_1_BASED_INCLUSIVE,237,1.0,NEAR_COMPLETE_LBD,True,0.0,0.0,False,,True,PROJECT_PREFILTER_PASS,[]
P03372,NR3A1,ERα,Steroid hormone receptors,5TM5,5TM5_1,1,"[""X-RAY DIFFRACTION""]",True,[2.24],2.24,2.24,PASS_PROJECT_RANGE,[0.232],0.232,0.232,PASS_ALL_LE_0_30,311,547,237,UNIPROT_PROSITE_NR_LBD,UNIPROT_CANONICAL_1_BASED_INCLUSIVE,237,1.0,NEAR_COMPLETE_LBD,True,0.0,0.0,False,,True,PROJECT_PREFILTER_PASS,[]
P03372,NR3A1,ERα,Steroid hormone receptors,5TM6,5TM6_1,1,"[""X-RAY DIFFRACTION""]",True,[2.542],2.542,2.542,PASS_PROJECT_RANGE,[0.2448],0.2448,0.2448,PASS_ALL_LE_0_30,311,547,237,UNIPROT_PROSITE_NR_LBD,UNIPROT_CANONICAL_1_BASED_INCLUSIVE,237,1.0,NEAR_COMPLETE_LBD,True,0.0,0.0,False,,True,PROJECT_PREFILTER_PASS,[]
P03372,NR3A1,ERα,Steroid hormone receptors,5TM7,5TM7_1,1,"[""X-RAY DIFFRACTION""]",True,[2.4],2.4,2.4,PASS_PROJECT_RANGE,[0.231],0.231,0.231,PASS_ALL_LE_0_30,311,547,237,UNIPROT_PROSITE_NR_LBD,UNIPROT_CANONICAL_1_BASED_INCLUSIVE,237,1.0,NEAR_COMPLETE_LBD,True,0.0,0.0,False,,True,PROJECT_PREFILTER_PASS,[]
P03372,NR3A1,ERα,Steroid hormone receptors,5TM8,5TM8_1,1,"[""X-RAY DIFFRACTION""]",True,[1.99],1.99,1.99,PASS_PROJECT_RANGE,[0.222],0.222,0.222,PASS_ALL_LE_0_30,311,547,237,UNIPROT_PROSITE_NR_LBD,UNIPROT_CANONICAL_1_BASED_INCLUSIVE,237,1.0,NEAR_COMPLETE_LBD,True,0.0,0.0,False,,True,PROJECT_PREFILTER_PASS,[]
P03372,NR3A1,ERα,Steroid hormone receptors,5TM9,5TM9_1,1,"[""X-RAY DIFFRACTION""]",True,[2.5],2.5,2.5,PASS_PROJECT_RANGE,[0.2373],0.2373,0.2373,PASS_ALL_LE_0_30,311,547,237,UNIPROT_PROSITE_NR_LBD,UNIPROT_CANONICAL_1_BASED_INCLUSIVE,237,1.0,NEAR_COMPLETE_LBD,True,0.0,0.0,False,,True,PROJECT_PREFILTER_PASS,[]
P03372,NR3A1,ERα,Steroid hormone receptors,5TML,5TML_1,1,"[""X-RAY DIFFRACTION""]",True,[2.25],2.25,2.25,PASS_PROJECT_RANGE,[0.2332],0.2332,0.2332,PASS_ALL_LE_0_30,311,547,237,UNIPROT_PROSITE_NR_LBD,UNIPROT_CANONICAL_1_BASED_INCLUSIVE,237,1.0,NEAR_COMPLETE_LBD,True,0.0,0.0,False,,True,PROJECT_PREFILTER_PASS,[]
P03372,NR3A1,ERα,Steroid hormone receptors,5TMM,5TMM_1,1,"[""X-RAY DIFFRACTION""]",True,[2.2],2.2,2.2,PASS_PROJECT_RANGE,[0.251],0.251,0.251,PASS_ALL_LE_0_30,311,547,237,UNIPROT_PROSITE_NR_LBD,UNIPROT_CANONICAL_1_BASED_INCLUSIVE,237,1.0,NEAR_COMPLETE_LBD,True,0.0,0.0,False,,True,PROJECT_PREFILTER_PASS,[]
P03372,NR3A1,ERα,Steroid hormone receptors,5TMO,5TMO_1,1,"[""X-RAY DIFFRACTION""]",True,[2.172],2.172,2.172,PASS_PROJECT_RANGE,[0.2325],0.2325,0.2325,PASS_ALL_LE_0_30,311,547,237,UNIPROT_PROSITE_NR_LBD,UNIPROT_CANONICAL_1_BASED_INCLUSIVE,237,1.0,NEAR_COMPLETE_LBD,True,0.0,0.0,False,,True,PROJECT_PREFILTER_PASS,[]
P03372,NR3A1,ERα,Steroid hormone receptors,5TMQ,5TMQ_1,1,"[""X-RAY DIFFRACTION""]",True,[2.24],2.24,2.24,PASS_PROJECT_RANGE,[0.2419],0.2419,0.2419,PASS_ALL_LE_0_30,311,547,237,UNIPROT_PROSITE_NR_LBD,UNIPROT_CANONICAL_1_BASED_INCLUSIVE,237,1.0,NEAR_COMPLETE_LBD,True,0.0,0.0,False,,True,PROJECT_PREFILTER_PASS,[]
P03372,NR3A1,ERα,Steroid hormone receptors,5TMR,5TMR_1,1,"[""X-RAY DIFFRACTION""]",True,[2.296],2.296,2.296,PASS_PROJECT_RANGE,[0.238],0.238,0.238,PASS_ALL_LE_0_30,311,547,237,UNIPROT_PROSITE_NR_LBD,UNIPROT_CANONICAL_1_BASED_INCLUSIVE,237,1.0,NEAR_COMPLETE_LBD,True,0.0,0.0,False,,True,PROJECT_PREFILTER_PASS,[]
P03372,NR3A1,ERα,Steroid hormone receptors,5TMS,5TMS_1,1,"[""X-RAY DIFFRACTION""]",True,[2.24],2.24,2.24,PASS_PROJECT_RANGE,[0.2408],0.2408,0.2408,PASS_ALL_LE_0_30,311,547,237,UNIPROT_PROSITE_NR_LBD,UNIPROT_CANONICAL_1_BASED_INCLUSIVE,237,1.0,NEAR_COMPLETE_LBD,True,0.0,0.0,False,,True,PROJECT_PREFILTER_PASS,[]
P03372,NR3A1,ERα,Steroid hormone receptors,5TMT,5TMT_1,1,"[""X-RAY DIFFRACTION""]",True,[2.051],2.051,2.051,PASS_PROJECT_RANGE,[0.2471],0.2471,0.2471,PASS_ALL_LE_0_30,311,547,237,UNIPROT_PROSITE_NR_LBD,UNIPROT_CANONICAL_1_BASED_INCLUSIVE,237,1.0,NEAR_COMPLETE_LBD,True,0.0,0.0,False,,True,PROJECT_PREFILTER_PASS,[]
P03372,NR3A1,ERα,Steroid hormone receptors,5TMU,5TMU_1,1,"[""X-RAY DIFFRACTION""]",True,[2.429],2.429,2.429,PASS_PROJECT_RANGE,[0.2375],0.2375,0.2375,PASS_ALL_LE_0_30,311,547,237,UNIPROT_PROSITE_NR_LBD,UNIPROT_CANONICAL_1_BASED_INCLUSIVE,237,1.0,NEAR_COMPLETE_LBD,True,0.0,0.0,False,,True,PROJECT_PREFILTER_PASS,[]
P03372,NR3A1,ERα,Steroid hormone receptors,5TMV,5TMV_1,1,"[""X-RAY DIFFRACTION""]",True,[2.38],2.38,2.38,PASS_PROJECT_RANGE,[0.252],0.252,0.252,PASS_ALL_LE_0_30,311,547,237,UNIPROT_PROSITE_NR_LBD,UNIPROT_CANONICAL_1_BASED_INCLUSIVE,237,1.0,NEAR_COMPLETE_LBD,True,0.0,0.0,False,,True,PROJECT_PREFILTER_PASS,[]
P03372,NR3A1,ERα,Steroid hormone receptors,5TMW,5TMW_1,1,"[""X-RAY DIFFRACTION""]",True,[2.286],2.286,2.286,PASS_PROJECT_RANGE,[0.2451],0.2451,0.2451,PASS_ALL_LE_0_30,311,547,237,UNIPROT_PROSITE_NR_LBD,UNIPROT_CANONICAL_1_BASED_INCLUSIVE,237,1.0,NEAR_COMPLETE_LBD,True,0.0,0.0,False,,True,PROJECT_PREFILTER_PASS,[]
P03372,NR3A1,ERα,Steroid hormone receptors,5TMZ,5TMZ_1,1,"[""X-RAY DIFFRACTION""]",True,[2.207],2.207,2.207,PASS_PROJECT_RANGE,[0.2423],0.2423,0.2423,PASS_ALL_LE_0_30,311,547,237,UNIPROT_PROSITE_NR_LBD,UNIPROT_CANONICAL_1_BASED_INCLUSIVE,237,1.0,NEAR_COMPLETE_LBD,True,0.0,0.0,False,,True,PROJECT_PREFILTER_PASS,[]
P03372,NR3A1,ERα,Steroid hormone receptors,5TN1,5TN1_1,1,"[""X-RAY DIFFRACTION""]",True,[2.055],2.055,2.055,PASS_PROJECT_RANGE,[0.2148],0.2148,0.2148,PASS_ALL_LE_0_30,311,547,237,UNIPROT_PROSITE_NR_LBD,UNIPROT_CANONICAL_1_BASED_INCLUSIVE,237,1.0,NEAR_COMPLETE_LBD,True,0.0,0.0,False,,True,PROJECT_PREFILTER_PASS,[]
P03372,NR3A1,ERα,Steroid hormone receptors,5TN3,5TN3_1,1,"[""X-RAY DIFFRACTION""]",True,[2.543],2.543,2.543,PASS_PROJECT_RANGE,[0.2564],0.2564,0.2564,PASS_ALL_LE_0_30,311,547,237,UNIPROT_PROSITE_NR_LBD,UNIPROT_CANONICAL_1_BASED_INCLUSIVE,237,1.0,NEAR_COMPLETE_LBD,True,0.0,0.0,False,,True,PROJECT_PREFILTER_PASS,[]
P03372,NR3A1,ERα,Steroid hormone receptors,5TN4,5TN4_1,1,"[""X-RAY DIFFRACTION""]",True,[1.857],1.857,1.857,PASS_PROJECT_RANGE,[0.2176],0.2176,0.2176,PASS_ALL_LE_0_30,311,547,237,UNIPROT_PROSITE_NR_LBD,UNIPROT_CANONICAL_1_BASED_INCLUSIVE,237,1.0,NEAR_COMPLETE_LBD,True,0.0,0.0,False,,True,PROJECT_PREFILTER_PASS,[]
P03372,NR3A1,ERα,Steroid hormone receptors,5TN5,5TN5_1,1,"[""X-RAY DIFFRACTION""]",True,[1.892],1.892,1.892,PASS_PROJECT_RANGE,[0.2333],0.2333,0.2333,PASS_ALL_LE_0_30,311,547,237,UNIPROT_PROSITE_NR_LBD,UNIPROT_CANONICAL_1_BASED_INCLUSIVE,237,1.0,NEAR_COMPLETE_LBD,True,0.0,0.0,False,,True,PROJECT_PREFILTER_PASS,[]
P03372,NR3A1,ERα,Steroid hormone receptors,5TN6,5TN6_1,1,"[""X-RAY DIFFRACTION""]",True,[2.091],2.091,2.091,PASS_PROJECT_RANGE,[0.2254],0.2254,0.2254,PASS_ALL_LE_0_30,311,547,237,UNIPROT_PROSITE_NR_LBD,UNIPROT_CANONICAL_1_BASED_INCLUSIVE,237,1.0,NEAR_COMPLETE_LBD,True,0.0,0.0,False,,True,PROJECT_PREFILTER_PASS,[]
P03372,NR3A1,ERα,Steroid hormone receptors,5TN7,5TN7_1,1,"[""X-RAY DIFFRACTION""]",True,[2.238],2.238,2.238,PASS_PROJECT_RANGE,[0.2352],0.2352,0.2352,PASS_ALL_LE_0_30,311,547,237,UNIPROT_PROSITE_NR_LBD,UNIPROT_CANONICAL_1_BASED_INCLUSIVE,237,1.0,NEAR_COMPLETE_LBD,True,0.0,0.0,False,,True,PROJECT_PREFILTER_PASS,[]
P03372,NR3A1,ERα,Steroid hormone receptors,5TN8,5TN8_1,1,"[""X-RAY DIFFRACTION""]",True,[2.652],2.652,2.652,PASS_PROJECT_RANGE,[0.2586],0.2586,0.2586,PASS_ALL_LE_0_30,311,547,237,UNIPROT_PROSITE_NR_LBD,UNIPROT_CANONICAL_1_BASED_INCLUSIVE,237,1.0,NEAR_COMPLETE_LBD,True,0.0,0.0,False,,True,PROJECT_PREFILTER_PASS,[]
P03372,NR3A1,ERα,Steroid hormone receptors,5TN9,5TN9_1,1,"[""X-RAY DIFFRACTION""]",True,[2.253],2.253,2.253,PASS_PROJECT_RANGE,[0.2381],0.2381,0.2381,PASS_ALL_LE_0_30,311,547,237,UNIPROT_PROSITE_NR_LBD,UNIPROT_CANONICAL_1_BASED_INCLUSIVE,237,1.0,NEAR_COMPLETE_LBD,True,0.0,0.0,False,,True,PROJECT_PREFILTER_PASS,[]
P03372,NR3A1,ERα,Steroid hormone receptors,5TNB,5TNB_1,1,"[""X-RAY DIFFRACTION""]",True,[2.08],2.08,2.08,PASS_PROJECT_RANGE,[0.2178],0.2178,0.2178,PASS_ALL_LE_0_30,311,547,237,UNIPROT_PROSITE_NR_LBD,UNIPROT_CANONICAL_1_BASED_INCLUSIVE,237,1.0,NEAR_COMPLETE_LBD,True,0.0,0.0,False,,True,PROJECT_PREFILTER_PASS,[]
P03372,NR3A1,ERα,Steroid hormone receptors,5U2B,5U2B_1,1,"[""X-RAY DIFFRACTION""]",True,[2.22],2.22,2.22,PASS_PROJECT_RANGE,[0.229],0.229,0.229,PASS_ALL_LE_0_30,311,547,237,UNIPROT_PROSITE_NR_LBD,UNIPROT_CANONICAL_1_BASED_INCLUSIVE,237,1.0,NEAR_COMPLETE_LBD,True,0.0,0.0,False,,True,PROJECT_PREFILTER_PASS,[]
P03372,NR3A1,ERα,Steroid hormone receptors,5U2D,5U2D_1,1,"[""X-RAY DIFFRACTION""]",True,[1.86],1.86,1.86,PASS_PROJECT_RANGE,[0.215],0.215,0.215,PASS_ALL_LE_0_30,311,547,237,UNIPROT_PROSITE_NR_LBD,UNIPROT_CANONICAL_1_BASED_INCLUSIVE,237,1.0,NEAR_COMPLETE_LBD,True,0.0,0.0,False,,True,PROJECT_PREFILTER_PASS,[]
P03372,NR3A1,ERα,Steroid hormone receptors,5UFW,5UFW_1,1,"[""X-RAY DIFFRACTION""]",True,[1.583],1.583,1.583,ULTRAHIGH_LT_1_8,[0.2104],0.2104,0.2104,PASS_ALL_LE_0_30,311,547,237,UNIPROT_PROSITE_NR_LBD,UNIPROT_CANONICAL_1_BASED_INCLUSIVE,237,1.0,NEAR_COMPLETE_LBD,True,0.0,0.0,False,,False,RESOLUTION_REVIEW,"[""RESOLUTION_REVIEW""]"
P03372,NR3A1,ERα,Steroid hormone receptors,5UFX,5UFX_1,1,"[""X-RAY DIFFRACTION""]",True,[1.5503],1.5503,1.5503,ULTRAHIGH_LT_1_8,[0.2299],0.2299,0.2299,PASS_ALL_LE_0_30,311,547,237,UNIPROT_PROSITE_NR_LBD,UNIPROT_CANONICAL_1_BASED_INCLUSIVE,237,1.0,NEAR_COMPLETE_LBD,True,0.0,0.0,False,,False,RESOLUTION_REVIEW,"[""RESOLUTION_REVIEW""]"
P03372,NR3A1,ERα,Steroid hormone receptors,5W9C,5W9C_1,1,"[""X-RAY DIFFRACTION""]",True,[1.802],1.802,1.802,PASS_PROJECT_RANGE,[0.242],0.242,0.242,PASS_ALL_LE_0_30,311,547,237,UNIPROT_PROSITE_NR_LBD,UNIPROT_CANONICAL_1_BASED_INCLUSIVE,237,1.0,NEAR_COMPLETE_LBD,True,0.0,0.0,False,,True,PROJECT_PREFILTER_PASS,[]
P03372,NR3A1,ERα,Steroid hormone receptors,5W9D,5W9D_1,1,"[""X-RAY DIFFRACTION""]",True,[1.6464],1.6464,1.6464,ULTRAHIGH_LT_1_8,[0.1952],0.1952,0.1952,PASS_ALL_LE_0_30,311,547,237,UNIPROT_PROSITE_NR_LBD,UNIPROT_CANONICAL_1_BASED_INCLUSIVE,237,1.0,NEAR_COMPLETE_LBD,True,0.0,0.0,False,,False,RESOLUTION_REVIEW,"[""RESOLUTION_REVIEW""]"
P03372,NR3A1,ERα,Steroid hormone receptors,5WGD,5WGD_1,1,"[""X-RAY DIFFRACTION""]",True,[1.8],1.8,1.8,PASS_PROJECT_RANGE,[0.208],0.208,0.208,PASS_ALL_LE_0_30,311,547,237,UNIPROT_PROSITE_NR_LBD,UNIPROT_CANONICAL_1_BASED_INCLUSIVE,237,1.0,NEAR_COMPLETE_LBD,True,0.0,0.0,False,,True,PROJECT_PREFILTER_PASS,[]
P03372,NR3A1,ERα,Steroid hormone receptors,5WGQ,5WGQ_1,1,"[""X-RAY DIFFRACTION""]",True,[2.3],2.3,2.3,PASS_PROJECT_RANGE,[0.257],0.257,0.257,PASS_ALL_LE_0_30,311,547,237,UNIPROT_PROSITE_NR_LBD,UNIPROT_CANONICAL_1_BASED_INCLUSIVE,237,1.0,NEAR_COMPLETE_LBD,True,0.0,0.0,False,,True,PROJECT_PREFILTER_PASS,[]
P03372,NR3A1,ERα,Steroid hormone receptors,6B0F,6B0F_1,1,"[""X-RAY DIFFRACTION""]",True,[2.86],2.86,2.86,PASS_PROJECT_RANGE,[0.299],0.299,0.299,PASS_ALL_LE_0_30,311,547,237,UNIPROT_PROSITE_NR_LBD,UNIPROT_CANONICAL_1_BASED_INCLUSIVE,237,1.0,NEAR_COMPLETE_LBD,True,0.0,0.0,False,,True,PROJECT_PREFILTER_PASS,[]
P03372,NR3A1,ERα,Steroid hormone receptors,6C42,6C42_1,1,"[""X-RAY DIFFRACTION""]",True,[1.997],1.997,1.997,PASS_PROJECT_RANGE,[0.2684],0.2684,0.2684,PASS_ALL_LE_0_30,311,547,237,UNIPROT_PROSITE_NR_LBD,UNIPROT_CANONICAL_1_BASED_INCLUSIVE,237,1.0,NEAR_COMPLETE_LBD,True,0.0,0.0,False,,True,PROJECT_PREFILTER_PASS,[]
P03372,NR3A1,ERα,Steroid hormone receptors,6CBZ,6CBZ_1,1,"[""X-RAY DIFFRACTION""]",True,[1.65],1.65,1.65,ULTRAHIGH_LT_1_8,[0.2135],0.2135,0.2135,PASS_ALL_LE_0_30,311,547,237,UNIPROT_PROSITE_NR_LBD,UNIPROT_CANONICAL_1_BASED_INCLUSIVE,237,1.0,NEAR_COMPLETE_LBD,True,0.0,0.0,False,,False,RESOLUTION_REVIEW,"[""RESOLUTION_REVIEW""]"
P03372,NR3A1,ERα,Steroid hormone receptors,6CBZ,6CBZ_2,2,"[""X-RAY DIFFRACTION""]",True,[1.65],1.65,1.65,ULTRAHIGH_LT_1_8,[0.2135],0.2135,0.2135,PASS_ALL_LE_0_30,311,547,237,UNIPROT_PROSITE_NR_LBD,UNIPROT_CANONICAL_1_BASED_INCLUSIVE,237,1.0,NEAR_COMPLETE_LBD,True,0.0,0.0,False,,False,RESOLUTION_REVIEW,"[""RESOLUTION_REVIEW""]"
P03372,NR3A1,ERα,Steroid hormone receptors,6CHW,6CHW_1,1,"[""X-RAY DIFFRACTION""]",True,[1.89],1.89,1.89,PASS_PROJECT_RANGE,[0.25694],0.25694,0.25694,PASS_ALL_LE_0_30,311,547,237,UNIPROT_PROSITE_NR_LBD,UNIPROT_CANONICAL_1_BASED_INCLUSIVE,237,1.0,NEAR_COMPLETE_LBD,True,0.0,0.0,False,,True,PROJECT_PREFILTER_PASS,[]
P03372,NR3A1,ERα,Steroid hormone receptors,6CHZ,6CHZ_1,1,"[""X-RAY DIFFRACTION""]",True,[1.68],1.68,1.68,ULTRAHIGH_LT_1_8,[0.26187],0.26187,0.26187,PASS_ALL_LE_0_30,311,547,237,UNIPROT_PROSITE_NR_LBD,UNIPROT_CANONICAL_1_BASED_INCLUSIVE,237,1.0,NEAR_COMPLETE_LBD,True,0.0,0.0,False,,False,RESOLUTION_REVIEW,"[""RESOLUTION_REVIEW""]"
P03372,NR3A1,ERα,Steroid hormone receptors,6CZN,6CZN_1,1,"[""X-RAY DIFFRACTION""]",True,[2.5],2.5,2.5,PASS_PROJECT_RANGE,[0.238],0.238,0.238,PASS_ALL_LE_0_30,311,547,237,UNIPROT_PROSITE_NR_LBD,UNIPROT_CANONICAL_1_BASED_INCLUSIVE,237,1.0,NEAR_COMPLETE_LBD,True,0.0,0.0,False,,True,PROJECT_PREFILTER_PASS,[]
P03372,NR3A1,ERα,Steroid hormone receptors,6D0F,6D0F_1,1,"[""X-RAY DIFFRACTION""]",True,[2.5],2.5,2.5,PASS_PROJECT_RANGE,[0.2414],0.2414,0.2414,PASS_ALL_LE_0_30,311,547,237,UNIPROT_PROSITE_NR_LBD,UNIPROT_CANONICAL_1_BASED_INCLUSIVE,237,1.0,NEAR_COMPLETE_LBD,True,0.0,0.0,False,,True,PROJECT_PREFILTER_PASS,[]
P03372,NR3A1,ERα,Steroid hormone receptors,6DF6,6DF6_1,1,"[""X-RAY DIFFRACTION""]",True,[2.5],2.5,2.5,PASS_PROJECT_RANGE,[0.2727],0.2727,0.2727,PASS_ALL_LE_0_30,311,547,237,UNIPROT_PROSITE_NR_LBD,UNIPROT_CANONICAL_1_BASED_INCLUSIVE,237,1.0,NEAR_COMPLETE_LBD,True,0.0,0.0,False,,True,PROJECT_PREFILTER_PASS,[]
P03372,NR3A1,ERα,Steroid hormone receptors,6DFN,6DFN_1,1,"[""X-RAY DIFFRACTION""]",True,[2.1],2.1,2.1,PASS_PROJECT_RANGE,[0.26503],0.26503,0.26503,PASS_ALL_LE_0_30,311,547,237,UNIPROT_PROSITE_NR_LBD,UNIPROT_CANONICAL_1_BASED_INCLUSIVE,237,1.0,NEAR_COMPLETE_LBD,True,0.0,0.0,False,,True,PROJECT_PREFILTER_PASS,[]
P03372,NR3A1,ERα,Steroid hormone receptors,6HHP,6HHP_2,2,"[""X-RAY DIFFRACTION""]",True,[1.802],1.802,1.802,PASS_PROJECT_RANGE,[0.2153],0.2153,0.2153,PASS_ALL_LE_0_30,311,547,237,UNIPROT_PROSITE_NR_LBD,UNIPROT_CANONICAL_1_BASED_INCLUSIVE,0,0.0,NO_LBD_OVERLAP,False,0.0,0.0,False,,False,NO_LBD_OVERLAP,"[""NO_LBD_OVERLAP""]"
P03372,NR3A1,ERα,Steroid hormone receptors,6HKB,6HKB_2,2,"[""X-RAY DIFFRACTION""]",True,[1.7],1.7,1.7,ULTRAHIGH_LT_1_8,[0.2],0.2,0.2,PASS_ALL_LE_0_30,311,547,237,UNIPROT_PROSITE_NR_LBD,UNIPROT_CANONICAL_1_BASED_INCLUSIVE,0,0.0,NO_LBD_OVERLAP,False,0.0,0.0,False,,False,MULTIPLE_REASONS,"[""NO_LBD_OVERLAP"", ""RESOLUTION_REVIEW""]"
P03372,NR3A1,ERα,Steroid hormone receptors,6HKF,6HKF_2,2,"[""X-RAY DIFFRACTION""]",True,[1.801],1.801,1.801,PASS_PROJECT_RANGE,[0.2114],0.2114,0.2114,PASS_ALL_LE_0_30,311,547,237,UNIPROT_PROSITE_NR_LBD,UNIPROT_CANONICAL_1_BASED_INCLUSIVE,0,0.0,NO_LBD_OVERLAP,False,0.0,0.0,False,,False,NO_LBD_OVERLAP,"[""NO_LBD_OVERLAP""]"
P03372,NR3A1,ERα,Steroid hormone receptors,6HMU,6HMU_2,2,"[""X-RAY DIFFRACTION""]",True,[1.2],1.2,1.2,ULTRAHIGH_LT_1_8,[0.2061],0.2061,0.2061,PASS_ALL_LE_0_30,311,547,237,UNIPROT_PROSITE_NR_LBD,UNIPROT_CANONICAL_1_BASED_INCLUSIVE,0,0.0,NO_LBD_OVERLAP,False,0.0,0.0,False,,False,MULTIPLE_REASONS,"[""NO_LBD_OVERLAP"", ""RESOLUTION_REVIEW""]"
P03372,NR3A1,ERα,Steroid hormone receptors,6IAR,6IAR_1,1,"[""X-RAY DIFFRACTION""]",True,[1.84],1.84,1.84,PASS_PROJECT_RANGE,[0.23945],0.23945,0.23945,PASS_ALL_LE_0_30,311,547,237,UNIPROT_PROSITE_NR_LBD,UNIPROT_CANONICAL_1_BASED_INCLUSIVE,233,0.983122,NEAR_COMPLETE_LBD,True,0.0,0.0,False,,True,PROJECT_PREFILTER_PASS,[]
P03372,NR3A1,ERα,Steroid hormone receptors,6OWC,6OWC_1,1,"[""X-RAY DIFFRACTION""]",True,[1.85],1.85,1.85,PASS_PROJECT_RANGE,[0.22609],0.22609,0.22609,PASS_ALL_LE_0_30,311,547,237,UNIPROT_PROSITE_NR_LBD,UNIPROT_CANONICAL_1_BASED_INCLUSIVE,237,1.0,NEAR_COMPLETE_LBD,True,0.0,0.0,False,,True,PROJECT_PREFILTER_PASS,[]
P03372,NR3A1,ERα,Steroid hormone receptors,6PET,6PET_1,1,"[""X-RAY DIFFRACTION""]",True,[2.203],2.203,2.203,PASS_PROJECT_RANGE,[0.2323],0.2323,0.2323,PASS_ALL_LE_0_30,311,547,237,UNIPROT_PROSITE_NR_LBD,UNIPROT_CANONICAL_1_BASED_INCLUSIVE,237,1.0,NEAR_COMPLETE_LBD,True,0.0,0.0,False,,True,PROJECT_PREFILTER_PASS,[]
P03372,NR3A1,ERα,Steroid hormone receptors,6PFM,6PFM_1,1,"[""X-RAY DIFFRACTION""]",True,[2.84],2.84,2.84,PASS_PROJECT_RANGE,[0.2488],0.2488,0.2488,PASS_ALL_LE_0_30,311,547,237,UNIPROT_PROSITE_NR_LBD,UNIPROT_CANONICAL_1_BASED_INCLUSIVE,237,1.0,NEAR_COMPLETE_LBD,True,0.0,0.0,False,,True,PROJECT_PREFILTER_PASS,[]
P03372,NR3A1,ERα,Steroid hormone receptors,6PIT,6PIT_1,1,"[""X-RAY DIFFRACTION""]",True,[2.25],2.25,2.25,PASS_PROJECT_RANGE,[0.247],0.247,0.247,PASS_ALL_LE_0_30,311,547,237,UNIPROT_PROSITE_NR_LBD,UNIPROT_CANONICAL_1_BASED_INCLUSIVE,237,1.0,NEAR_COMPLETE_LBD,True,0.0,0.0,False,,True,PROJECT_PREFILTER_PASS,[]
P03372,NR3A1,ERα,Steroid hormone receptors,6PIT,6PIT_2,2,"[""X-RAY DIFFRACTION""]",True,[2.25],2.25,2.25,PASS_PROJECT_RANGE,[0.247],0.247,0.247,PASS_ALL_LE_0_30,311,547,237,UNIPROT_PROSITE_NR_LBD,UNIPROT_CANONICAL_1_BASED_INCLUSIVE,237,1.0,NEAR_COMPLETE_LBD,True,0.0,0.0,False,,True,PROJECT_PREFILTER_PASS,[]
P03372,NR3A1,ERα,Steroid hormone receptors,6PSJ,6PSJ_1,1,"[""X-RAY DIFFRACTION""]",True,[1.8],1.8,1.8,PASS_PROJECT_RANGE,[0.2146],0.2146,0.2146,PASS_ALL_LE_0_30,311,547,237,UNIPROT_PROSITE_NR_LBD,UNIPROT_CANONICAL_1_BASED_INCLUSIVE,237,1.0,NEAR_COMPLETE_LBD,True,0.0,0.0,False,,True,PROJECT_PREFILTER_PASS,[]
P03372,NR3A1,ERα,Steroid hormone receptors,6SBO,6SBO_1,1,"[""X-RAY DIFFRACTION""]",True,[1.48],1.48,1.48,ULTRAHIGH_LT_1_8,[0.212],0.212,0.212,PASS_ALL_LE_0_30,311,547,237,UNIPROT_PROSITE_NR_LBD,UNIPROT_CANONICAL_1_BASED_INCLUSIVE,237,1.0,NEAR_COMPLETE_LBD,True,0.0,0.0,False,,False,RESOLUTION_REVIEW,"[""RESOLUTION_REVIEW""]"
P03372,NR3A1,ERα,Steroid hormone receptors,6SQ0,6SQ0_1,1,"[""X-RAY DIFFRACTION""]",True,[1.77],1.77,1.77,ULTRAHIGH_LT_1_8,[0.198],0.198,0.198,PASS_ALL_LE_0_30,311,547,237,UNIPROT_PROSITE_NR_LBD,UNIPROT_CANONICAL_1_BASED_INCLUSIVE,237,1.0,NEAR_COMPLETE_LBD,True,0.0,0.0,False,,False,RESOLUTION_REVIEW,"[""RESOLUTION_REVIEW""]"
P03372,NR3A1,ERα,Steroid hormone receptors,6SUO,6SUO_1,1,"[""X-RAY DIFFRACTION""]",True,[1.74],1.74,1.74,ULTRAHIGH_LT_1_8,[0.244],0.244,0.244,PASS_ALL_LE_0_30,311,547,237,UNIPROT_PROSITE_NR_LBD,UNIPROT_CANONICAL_1_BASED_INCLUSIVE,237,1.0,NEAR_COMPLETE_LBD,True,0.0,0.0,False,,False,RESOLUTION_REVIEW,"[""RESOLUTION_REVIEW""]"
P03372,NR3A1,ERα,Steroid hormone receptors,6TJM,6TJM_2,2,"[""X-RAY DIFFRACTION""]",True,[1.85],1.85,1.85,PASS_PROJECT_RANGE,[0.218],0.218,0.218,PASS_ALL_LE_0_30,311,547,237,UNIPROT_PROSITE_NR_LBD,UNIPROT_CANONICAL_1_BASED_INCLUSIVE,0,0.0,NO_LBD_OVERLAP,False,0.0,0.0,False,,False,NO_LBD_OVERLAP,"[""NO_LBD_OVERLAP""]"
P03372,NR3A1,ERα,Steroid hormone receptors,6TL3,6TL3_2,2,"[""X-RAY DIFFRACTION""]",True,[2.455],2.455,2.455,PASS_PROJECT_RANGE,[0.2592],0.2592,0.2592,PASS_ALL_LE_0_30,311,547,237,UNIPROT_PROSITE_NR_LBD,UNIPROT_CANONICAL_1_BASED_INCLUSIVE,0,0.0,NO_LBD_OVERLAP,False,0.0,0.0,False,,False,NO_LBD_OVERLAP,"[""NO_LBD_OVERLAP""]"
P03372,NR3A1,ERα,Steroid hormone receptors,6V87,6V87_1,1,"[""X-RAY DIFFRACTION""]",True,[2.4],2.4,2.4,PASS_PROJECT_RANGE,[0.2714],0.2714,0.2714,PASS_ALL_LE_0_30,311,547,237,UNIPROT_PROSITE_NR_LBD,UNIPROT_CANONICAL_1_BASED_INCLUSIVE,237,1.0,NEAR_COMPLETE_LBD,True,0.0,0.0,False,,True,PROJECT_PREFILTER_PASS,[]
P03372,NR3A1,ERα,Steroid hormone receptors,6V8T,6V8T_1,1,"[""X-RAY DIFFRACTION""]",True,[2.1],2.1,2.1,PASS_PROJECT_RANGE,[0.256],0.256,0.256,PASS_ALL_LE_0_30,311,547,237,UNIPROT_PROSITE_NR_LBD,UNIPROT_CANONICAL_1_BASED_INCLUSIVE,237,1.0,NEAR_COMPLETE_LBD,True,0.0,0.0,False,,True,PROJECT_PREFILTER_PASS,[]
P03372,NR3A1,ERα,Steroid hormone receptors,6VGH,6VGH_1,1,"[""X-RAY DIFFRACTION""]",True,[2.1],2.1,2.1,PASS_PROJECT_RANGE,[0.274],0.274,0.274,PASS_ALL_LE_0_30,311,547,237,UNIPROT_PROSITE_NR_LBD,UNIPROT_CANONICAL_1_BASED_INCLUSIVE,237,1.0,NEAR_COMPLETE_LBD,True,0.0,0.0,False,,True,PROJECT_PREFILTER_PASS,[]
P03372,NR3A1,ERα,Steroid hormone receptors,6VJD,6VJD_1,1,"[""X-RAY DIFFRACTION""]",True,[1.8],1.8,1.8,PASS_PROJECT_RANGE,[0.2259],0.2259,0.2259,PASS_ALL_LE_0_30,311,547,237,UNIPROT_PROSITE_NR_LBD,UNIPROT_CANONICAL_1_BASED_INCLUSIVE,237,1.0,NEAR_COMPLETE_LBD,True,0.0,0.0,False,,True,PROJECT_PREFILTER_PASS,[]
P03372,NR3A1,ERα,Steroid hormone receptors,6VPF,6VPF_1,1,"[""X-RAY DIFFRACTION""]",True,[1.6],1.6,1.6,ULTRAHIGH_LT_1_8,[0.2344],0.2344,0.2344,PASS_ALL_LE_0_30,311,547,237,UNIPROT_PROSITE_NR_LBD,UNIPROT_CANONICAL_1_BASED_INCLUSIVE,237,1.0,NEAR_COMPLETE_LBD,True,0.0,0.0,False,,False,RESOLUTION_REVIEW,"[""RESOLUTION_REVIEW""]"
P03372,NR3A1,ERα,Steroid hormone receptors,6WOK,6WOK_1,1,"[""X-RAY DIFFRACTION""]",True,[2.309],2.309,2.309,PASS_PROJECT_RANGE,[0.2503],0.2503,0.2503,PASS_ALL_LE_0_30,311,547,237,UNIPROT_PROSITE_NR_LBD,UNIPROT_CANONICAL_1_BASED_INCLUSIVE,237,1.0,NEAR_COMPLETE_LBD,True,0.0,0.0,False,,True,PROJECT_PREFILTER_PASS,[]
P03372,NR3A1,ERα,Steroid hormone receptors,6ZOQ,6ZOQ_1,1,"[""X-RAY DIFFRACTION""]",True,[1.8],1.8,1.8,PASS_PROJECT_RANGE,[0.232],0.232,0.232,PASS_ALL_LE_0_30,311,547,237,UNIPROT_PROSITE_NR_LBD,UNIPROT_CANONICAL_1_BASED_INCLUSIVE,237,1.0,NEAR_COMPLETE_LBD,True,0.0,0.0,False,,True,PROJECT_PREFILTER_PASS,[]
P03372,NR3A1,ERα,Steroid hormone receptors,6ZOR,6ZOR_1,1,"[""X-RAY DIFFRACTION""]",True,[1.97],1.97,1.97,PASS_PROJECT_RANGE,[0.229],0.229,0.229,PASS_ALL_LE_0_30,311,547,237,UNIPROT_PROSITE_NR_LBD,UNIPROT_CANONICAL_1_BASED_INCLUSIVE,237,1.0,NEAR_COMPLETE_LBD,True,0.0,0.0,False,,True,PROJECT_PREFILTER_PASS,[]
P03372,NR3A1,ERα,Steroid hormone receptors,6ZOS,6ZOS_1,1,"[""X-RAY DIFFRACTION""]",True,[2.0],2.0,2.0,PASS_PROJECT_RANGE,[0.242],0.242,0.242,PASS_ALL_LE_0_30,311,547,237,UNIPROT_PROSITE_NR_LBD,UNIPROT_CANONICAL_1_BASED_INCLUSIVE,237,1.0,NEAR_COMPLETE_LBD,True,0.0,0.0,False,,True,PROJECT_PREFILTER_PASS,[]
P03372,NR3A1,ERα,Steroid hormone receptors,7B9M,7B9M_2,2,"[""X-RAY DIFFRACTION""]",True,[1.7],1.7,1.7,ULTRAHIGH_LT_1_8,[0.2128],0.2128,0.2128,PASS_ALL_LE_0_30,311,547,237,UNIPROT_PROSITE_NR_LBD,UNIPROT_CANONICAL_1_BASED_INCLUSIVE,0,0.0,NO_LBD_OVERLAP,False,0.0,0.0,False,,False,MULTIPLE_REASONS,"[""NO_LBD_OVERLAP"", ""RESOLUTION_REVIEW""]"
P03372,NR3A1,ERα,Steroid hormone receptors,7B9R,7B9R_2,2,"[""X-RAY DIFFRACTION""]",True,[1.15],1.15,1.15,ULTRAHIGH_LT_1_8,[0.1957],0.1957,0.1957,PASS_ALL_LE_0_30,311,547,237,UNIPROT_PROSITE_NR_LBD,UNIPROT_CANONICAL_1_BASED_INCLUSIVE,0,0.0,NO_LBD_OVERLAP,False,0.0,0.0,False,,False,MULTIPLE_REASONS,"[""NO_LBD_OVERLAP"", ""RESOLUTION_REVIEW""]"
P03372,NR3A1,ERα,Steroid hormone receptors,7B9T,7B9T_2,2,"[""X-RAY DIFFRACTION""]",True,[1.15],1.15,1.15,ULTRAHIGH_LT_1_8,[0.1943],0.1943,0.1943,PASS_ALL_LE_0_30,311,547,237,UNIPROT_PROSITE_NR_LBD,UNIPROT_CANONICAL_1_BASED_INCLUSIVE,0,0.0,NO_LBD_OVERLAP,False,0.0,0.0,False,,False,MULTIPLE_REASONS,"[""NO_LBD_OVERLAP"", ""RESOLUTION_REVIEW""]"
P03372,NR3A1,ERα,Steroid hormone receptors,7BA3,7BA3_2,2,"[""X-RAY DIFFRACTION""]",True,[1.4],1.4,1.4,ULTRAHIGH_LT_1_8,[0.2038],0.2038,0.2038,PASS_ALL_LE_0_30,311,547,237,UNIPROT_PROSITE_NR_LBD,UNIPROT_CANONICAL_1_BASED_INCLUSIVE,0,0.0,NO_LBD_OVERLAP,False,0.0,0.0,False,,False,MULTIPLE_REASONS,"[""NO_LBD_OVERLAP"", ""RESOLUTION_REVIEW""]"
P03372,NR3A1,ERα,Steroid hormone receptors,7BA5,7BA5_2,2,"[""X-RAY DIFFRACTION""]",True,[1.45],1.45,1.45,ULTRAHIGH_LT_1_8,[0.2009],0.2009,0.2009,PASS_ALL_LE_0_30,311,547,237,UNIPROT_PROSITE_NR_LBD,UNIPROT_CANONICAL_1_BASED_INCLUSIVE,0,0.0,NO_LBD_OVERLAP,False,0.0,0.0,False,,False,MULTIPLE_REASONS,"[""NO_LBD_OVERLAP"", ""RESOLUTION_REVIEW""]"
P03372,NR3A1,ERα,Steroid hormone receptors,7BA6,7BA6_2,2,"[""X-RAY DIFFRACTION""]",True,[1.4],1.4,1.4,ULTRAHIGH_LT_1_8,[0.206],0.206,0.206,PASS_ALL_LE_0_30,311,547,237,UNIPROT_PROSITE_NR_LBD,UNIPROT_CANONICAL_1_BASED_INCLUSIVE,0,0.0,NO_LBD_OVERLAP,False,0.0,0.0,False,,False,MULTIPLE_REASONS,"[""NO_LBD_OVERLAP"", ""RESOLUTION_REVIEW""]"
P03372,NR3A1,ERα,Steroid hormone receptors,7BA7,7BA7_2,2,"[""X-RAY DIFFRACTION""]",True,[1.45],1.45,1.45,ULTRAHIGH_LT_1_8,[0.2078],0.2078,0.2078,PASS_ALL_LE_0_30,311,547,237,UNIPROT_PROSITE_NR_LBD,UNIPROT_CANONICAL_1_BASED_INCLUSIVE,0,0.0,NO_LBD_OVERLAP,False,0.0,0.0,False,,False,MULTIPLE_REASONS,"[""NO_LBD_OVERLAP"", ""RESOLUTION_REVIEW""]"
P03372,NR3A1,ERα,Steroid hormone receptors,7BA8,7BA8_2,2,"[""X-RAY DIFFRACTION""]",True,[1.2],1.2,1.2,ULTRAHIGH_LT_1_8,[0.2067],0.2067,0.2067,PASS_ALL_LE_0_30,311,547,237,UNIPROT_PROSITE_NR_LBD,UNIPROT_CANONICAL_1_BASED_INCLUSIVE,0,0.0,NO_LBD_OVERLAP,False,0.0,0.0,False,,False,MULTIPLE_REASONS,"[""NO_LBD_OVERLAP"", ""RESOLUTION_REVIEW""]"
P03372,NR3A1,ERα,Steroid hormone receptors,7BA9,7BA9_2,2,"[""X-RAY DIFFRACTION""]",True,[1.48],1.48,1.48,ULTRAHIGH_LT_1_8,[0.2118],0.2118,0.2118,PASS_ALL_LE_0_30,311,547,237,UNIPROT_PROSITE_NR_LBD,UNIPROT_CANONICAL_1_BASED_INCLUSIVE,0,0.0,NO_LBD_OVERLAP,False,0.0,0.0,False,,False,MULTIPLE_REASONS,"[""NO_LBD_OVERLAP"", ""RESOLUTION_REVIEW""]"
P03372,NR3A1,ERα,Steroid hormone receptors,7BAA,7BAA_2,2,"[""X-RAY DIFFRACTION""]",True,[1.1],1.1,1.1,ULTRAHIGH_LT_1_8,[0.1972],0.1972,0.1972,PASS_ALL_LE_0_30,311,547,237,UNIPROT_PROSITE_NR_LBD,UNIPROT_CANONICAL_1_BASED_INCLUSIVE,0,0.0,NO_LBD_OVERLAP,False,0.0,0.0,False,,False,MULTIPLE_REASONS,"[""NO_LBD_OVERLAP"", ""RESOLUTION_REVIEW""]"
P03372,NR3A1,ERα,Steroid hormone receptors,7BAB,7BAB_2,2,"[""X-RAY DIFFRACTION""]",True,[1.3],1.3,1.3,ULTRAHIGH_LT_1_8,[0.2011],0.2011,0.2011,PASS_ALL_LE_0_30,311,547,237,UNIPROT_PROSITE_NR_LBD,UNIPROT_CANONICAL_1_BASED_INCLUSIVE,0,0.0,NO_LBD_OVERLAP,False,0.0,0.0,False,,False,MULTIPLE_REASONS,"[""NO_LBD_OVERLAP"", ""RESOLUTION_REVIEW""]"
P03372,NR3A1,ERα,Steroid hormone receptors,7JHD,7JHD_1,1,"[""X-RAY DIFFRACTION""]",True,[2.402],2.402,2.402,PASS_PROJECT_RANGE,[0.2651],0.2651,0.2651,PASS_ALL_LE_0_30,311,547,237,UNIPROT_PROSITE_NR_LBD,UNIPROT_CANONICAL_1_BASED_INCLUSIVE,237,1.0,NEAR_COMPLETE_LBD,True,0.0,0.0,False,,True,PROJECT_PREFILTER_PASS,[]
P03372,NR3A1,ERα,Steroid hormone receptors,7KBS,7KBS_1,1,"[""X-RAY DIFFRACTION""]",True,[1.834],1.834,1.834,PASS_PROJECT_RANGE,[0.2097],0.2097,0.2097,PASS_ALL_LE_0_30,311,547,237,UNIPROT_PROSITE_NR_LBD,UNIPROT_CANONICAL_1_BASED_INCLUSIVE,237,1.0,NEAR_COMPLETE_LBD,True,0.0,0.0,False,,True,PROJECT_PREFILTER_PASS,[]
P03372,NR3A1,ERα,Steroid hormone receptors,7MSA,7MSA_1,1,"[""X-RAY DIFFRACTION""]",True,[2.24],2.24,2.24,PASS_PROJECT_RANGE,[0.2464],0.2464,0.2464,PASS_ALL_LE_0_30,311,547,237,UNIPROT_PROSITE_NR_LBD,UNIPROT_CANONICAL_1_BASED_INCLUSIVE,237,1.0,NEAR_COMPLETE_LBD,True,0.0,0.0,False,,True,PROJECT_PREFILTER_PASS,[]
P03372,NR3A1,ERα,Steroid hormone receptors,7N9O,7N9O_1,1,"[""X-RAY DIFFRACTION""]",True,[2.0],2.0,2.0,PASS_PROJECT_RANGE,[0.225],0.225,0.225,PASS_ALL_LE_0_30,311,547,237,UNIPROT_PROSITE_NR_LBD,UNIPROT_CANONICAL_1_BASED_INCLUSIVE,237,1.0,NEAR_COMPLETE_LBD,True,0.0,0.0,False,,True,PROJECT_PREFILTER_PASS,[]
P03372,NR3A1,ERα,Steroid hormone receptors,7NDO,7NDO_1,1,"[""X-RAY DIFFRACTION""]",True,[1.6],1.6,1.6,ULTRAHIGH_LT_1_8,[0.1954],0.1954,0.1954,PASS_ALL_LE_0_30,311,547,237,UNIPROT_PROSITE_NR_LBD,UNIPROT_CANONICAL_1_BASED_INCLUSIVE,237,1.0,NEAR_COMPLETE_LBD,True,0.0,0.0,False,,False,RESOLUTION_REVIEW,"[""RESOLUTION_REVIEW""]"
P03372,NR3A1,ERα,Steroid hormone receptors,7NEL,7NEL_1,1,"[""X-RAY DIFFRACTION""]",True,[1.45],1.45,1.45,ULTRAHIGH_LT_1_8,[0.186],0.186,0.186,PASS_ALL_LE_0_30,311,547,237,UNIPROT_PROSITE_NR_LBD,UNIPROT_CANONICAL_1_BASED_INCLUSIVE,237,1.0,NEAR_COMPLETE_LBD,True,0.0,0.0,False,,False,RESOLUTION_REVIEW,"[""RESOLUTION_REVIEW""]"
P03372,NR3A1,ERα,Steroid hormone receptors,7NFB,7NFB_1,1,"[""X-RAY DIFFRACTION""]",True,[1.33],1.33,1.33,ULTRAHIGH_LT_1_8,[0.1781],0.1781,0.1781,PASS_ALL_LE_0_30,311,547,237,UNIPROT_PROSITE_NR_LBD,UNIPROT_CANONICAL_1_BASED_INCLUSIVE,237,1.0,NEAR_COMPLETE_LBD,True,0.0,0.0,False,,False,RESOLUTION_REVIEW,"[""RESOLUTION_REVIEW""]"
P03372,NR3A1,ERα,Steroid hormone receptors,7NFW,7NFW_2,2,"[""X-RAY DIFFRACTION""]",True,[1.19],1.19,1.19,ULTRAHIGH_LT_1_8,[0.2262],0.2262,0.2262,PASS_ALL_LE_0_30,311,547,237,UNIPROT_PROSITE_NR_LBD,UNIPROT_CANONICAL_1_BASED_INCLUSIVE,0,0.0,NO_LBD_OVERLAP,False,0.0,0.0,False,,False,MULTIPLE_REASONS,"[""NO_LBD_OVERLAP"", ""RESOLUTION_REVIEW""]"
P03372,NR3A1,ERα,Steroid hormone receptors,7NIZ,7NIZ_2,2,"[""X-RAY DIFFRACTION""]",True,[1.48],1.48,1.48,ULTRAHIGH_LT_1_8,[0.2394],0.2394,0.2394,PASS_ALL_LE_0_30,311,547,237,UNIPROT_PROSITE_NR_LBD,UNIPROT_CANONICAL_1_BASED_INCLUSIVE,0,0.0,NO_LBD_OVERLAP,False,0.0,0.0,False,,False,MULTIPLE_REASONS,"[""NO_LBD_OVERLAP"", ""RESOLUTION_REVIEW""]"
P03372,NR3A1,ERα,Steroid hormone receptors,7OPW,7OPW_2,2,"[""X-RAY DIFFRACTION""]",True,[1.81],1.81,1.81,PASS_PROJECT_RANGE,[0.2291],0.2291,0.2291,PASS_ALL_LE_0_30,311,547,237,UNIPROT_PROSITE_NR_LBD,UNIPROT_CANONICAL_1_BASED_INCLUSIVE,0,0.0,NO_LBD_OVERLAP,False,0.0,0.0,False,,False,NO_LBD_OVERLAP,"[""NO_LBD_OVERLAP""]"
P03372,NR3A1,ERα,Steroid hormone receptors,7OQ7,7OQ7_2,2,"[""X-RAY DIFFRACTION""]",True,[1.6],1.6,1.6,ULTRAHIGH_LT_1_8,[0.1975],0.1975,0.1975,PASS_ALL_LE_0_30,311,547,237,UNIPROT_PROSITE_NR_LBD,UNIPROT_CANONICAL_1_BASED_INCLUSIVE,0,0.0,NO_LBD_OVERLAP,False,0.0,0.0,False,,False,MULTIPLE_REASONS,"[""NO_LBD_OVERLAP"", ""RESOLUTION_REVIEW""]"
P03372,NR3A1,ERα,Steroid hormone receptors,7OQ8,7OQ8_2,2,"[""X-RAY DIFFRACTION""]",True,[1.43],1.43,1.43,ULTRAHIGH_LT_1_8,[0.2056],0.2056,0.2056,PASS_ALL_LE_0_30,311,547,237,UNIPROT_PROSITE_NR_LBD,UNIPROT_CANONICAL_1_BASED_INCLUSIVE,0,0.0,NO_LBD_OVERLAP,False,0.0,0.0,False,,False,MULTIPLE_REASONS,"[""NO_LBD_OVERLAP"", ""RESOLUTION_REVIEW""]"
P03372,NR3A1,ERα,Steroid hormone receptors,7PWT,7PWT_2,2,"[""X-RAY DIFFRACTION""]",True,[2.312],2.312,2.312,PASS_PROJECT_RANGE,[0.2535],0.2535,0.2535,PASS_ALL_LE_0_30,311,547,237,UNIPROT_PROSITE_NR_LBD,UNIPROT_CANONICAL_1_BASED_INCLUSIVE,0,0.0,NO_LBD_OVERLAP,False,0.0,0.0,False,,False,NO_LBD_OVERLAP,"[""NO_LBD_OVERLAP""]"
P03372,NR3A1,ERα,Steroid hormone receptors,7PWZ,7PWZ_2,2,"[""X-RAY DIFFRACTION""]",True,[2.5],2.5,2.5,PASS_PROJECT_RANGE,[0.298],0.298,0.298,PASS_ALL_LE_0_30,311,547,237,UNIPROT_PROSITE_NR_LBD,UNIPROT_CANONICAL_1_BASED_INCLUSIVE,0,0.0,NO_LBD_OVERLAP,False,0.0,0.0,False,,False,NO_LBD_OVERLAP,"[""NO_LBD_OVERLAP""]"
P03372,NR3A1,ERα,Steroid hormone receptors,7QVJ,7QVJ_1,1,"[""X-RAY DIFFRACTION""]",True,[1.68],1.68,1.68,ULTRAHIGH_LT_1_8,[0.216],0.216,0.216,PASS_ALL_LE_0_30,311,547,237,UNIPROT_PROSITE_NR_LBD,UNIPROT_CANONICAL_1_BASED_INCLUSIVE,237,1.0,NEAR_COMPLETE_LBD,True,0.0,0.0,False,,False,RESOLUTION_REVIEW,"[""RESOLUTION_REVIEW""]"
P03372,NR3A1,ERα,Steroid hormone receptors,7QVL,7QVL_1,1,"[""X-RAY DIFFRACTION""]",True,[1.9],1.9,1.9,PASS_PROJECT_RANGE,[0.245],0.245,0.245,PASS_ALL_LE_0_30,311,547,237,UNIPROT_PROSITE_NR_LBD,UNIPROT_CANONICAL_1_BASED_INCLUSIVE,237,1.0,NEAR_COMPLETE_LBD,True,0.0,0.0,False,,True,PROJECT_PREFILTER_PASS,[]
P03372,NR3A1,ERα,Steroid hormone receptors,7R62,7R62_1,1,"[""X-RAY DIFFRACTION""]",True,[1.5],1.5,1.5,ULTRAHIGH_LT_1_8,[0.2298],0.2298,0.2298,PASS_ALL_LE_0_30,311,547,237,UNIPROT_PROSITE_NR_LBD,UNIPROT_CANONICAL_1_BASED_INCLUSIVE,237,1.0,NEAR_COMPLETE_LBD,True,0.0,0.0,False,,False,RESOLUTION_REVIEW,"[""RESOLUTION_REVIEW""]"
P03372,NR3A1,ERα,Steroid hormone receptors,7RKE,7RKE_1,1,"[""X-RAY DIFFRACTION""]",True,[1.55],1.55,1.55,ULTRAHIGH_LT_1_8,[0.2726],0.2726,0.2726,PASS_ALL_LE_0_30,311,547,237,UNIPROT_PROSITE_NR_LBD,UNIPROT_CANONICAL_1_BASED_INCLUSIVE,237,1.0,NEAR_COMPLETE_LBD,True,0.0,0.0,False,,False,RESOLUTION_REVIEW,"[""RESOLUTION_REVIEW""]"
P03372,NR3A1,ERα,Steroid hormone receptors,7RNM,7RNM_1,1,"[""X-RAY DIFFRACTION""]",True,[1.9],1.9,1.9,PASS_PROJECT_RANGE,[0.2211],0.2211,0.2211,PASS_ALL_LE_0_30,311,547,237,UNIPROT_PROSITE_NR_LBD,UNIPROT_CANONICAL_1_BASED_INCLUSIVE,237,1.0,NEAR_COMPLETE_LBD,True,0.0,0.0,False,,True,PROJECT_PREFILTER_PASS,[]
P03372,NR3A1,ERα,Steroid hormone receptors,7RRX,7RRX_1,1,"[""X-RAY DIFFRACTION""]",True,[1.78],1.78,1.78,ULTRAHIGH_LT_1_8,[0.2647],0.2647,0.2647,PASS_ALL_LE_0_30,311,547,237,UNIPROT_PROSITE_NR_LBD,UNIPROT_CANONICAL_1_BASED_INCLUSIVE,237,1.0,NEAR_COMPLETE_LBD,True,0.0,0.0,False,,False,RESOLUTION_REVIEW,"[""RESOLUTION_REVIEW""]"
P03372,NR3A1,ERα,Steroid hormone receptors,7RRY,7RRY_1,1,"[""X-RAY DIFFRACTION""]",True,[1.87],1.87,1.87,PASS_PROJECT_RANGE,[0.2356],0.2356,0.2356,PASS_ALL_LE_0_30,311,547,237,UNIPROT_PROSITE_NR_LBD,UNIPROT_CANONICAL_1_BASED_INCLUSIVE,237,1.0,NEAR_COMPLETE_LBD,True,0.0,0.0,False,,True,PROJECT_PREFILTER_PASS,[]
P03372,NR3A1,ERα,Steroid hormone receptors,7RRZ,7RRZ_1,1,"[""X-RAY DIFFRACTION""]",True,[1.83],1.83,1.83,PASS_PROJECT_RANGE,[0.2575],0.2575,0.2575,PASS_ALL_LE_0_30,311,547,237,UNIPROT_PROSITE_NR_LBD,UNIPROT_CANONICAL_1_BASED_INCLUSIVE,237,1.0,NEAR_COMPLETE_LBD,True,0.0,0.0,False,,True,PROJECT_PREFILTER_PASS,[]
P03372,NR3A1,ERα,Steroid hormone receptors,7RS0,7RS0_1,1,"[""X-RAY DIFFRACTION""]",True,[1.67],1.67,1.67,ULTRAHIGH_LT_1_8,[0.2269],0.2269,0.2269,PASS_ALL_LE_0_30,311,547,237,UNIPROT_PROSITE_NR_LBD,UNIPROT_CANONICAL_1_BASED_INCLUSIVE,237,1.0,NEAR_COMPLETE_LBD,True,0.0,0.0,False,,False,RESOLUTION_REVIEW,"[""RESOLUTION_REVIEW""]"
P03372,NR3A1,ERα,Steroid hormone receptors,7RS1,7RS1_1,1,"[""X-RAY DIFFRACTION""]",True,[1.59],1.59,1.59,ULTRAHIGH_LT_1_8,[0.2191],0.2191,0.2191,PASS_ALL_LE_0_30,311,547,237,UNIPROT_PROSITE_NR_LBD,UNIPROT_CANONICAL_1_BASED_INCLUSIVE,237,1.0,NEAR_COMPLETE_LBD,True,0.0,0.0,False,,False,RESOLUTION_REVIEW,"[""RESOLUTION_REVIEW""]"
P03372,NR3A1,ERα,Steroid hormone receptors,7RS2,7RS2_1,1,"[""X-RAY DIFFRACTION""]",True,[1.72],1.72,1.72,ULTRAHIGH_LT_1_8,[0.221],0.221,0.221,PASS_ALL_LE_0_30,311,547,237,UNIPROT_PROSITE_NR_LBD,UNIPROT_CANONICAL_1_BASED_INCLUSIVE,237,1.0,NEAR_COMPLETE_LBD,True,0.0,0.0,False,,False,RESOLUTION_REVIEW,"[""RESOLUTION_REVIEW""]"
P03372,NR3A1,ERα,Steroid hormone receptors,7RS3,7RS3_1,1,"[""X-RAY DIFFRACTION""]",True,[1.84],1.84,1.84,PASS_PROJECT_RANGE,[0.2832],0.2832,0.2832,PASS_ALL_LE_0_30,311,547,237,UNIPROT_PROSITE_NR_LBD,UNIPROT_CANONICAL_1_BASED_INCLUSIVE,237,1.0,NEAR_COMPLETE_LBD,True,0.0,0.0,False,,True,PROJECT_PREFILTER_PASS,[]
P03372,NR3A1,ERα,Steroid hormone receptors,7RS4,7RS4_1,1,"[""X-RAY DIFFRACTION""]",True,[1.78],1.78,1.78,ULTRAHIGH_LT_1_8,[0.2509],0.2509,0.2509,PASS_ALL_LE_0_30,311,547,237,UNIPROT_PROSITE_NR_LBD,UNIPROT_CANONICAL_1_BASED_INCLUSIVE,237,1.0,NEAR_COMPLETE_LBD,True,0.0,0.0,False,,False,RESOLUTION_REVIEW,"[""RESOLUTION_REVIEW""]"
P03372,NR3A1,ERα,Steroid hormone receptors,7RS7,7RS7_1,1,"[""X-RAY DIFFRACTION""]",True,[1.58],1.58,1.58,ULTRAHIGH_LT_1_8,[0.251],0.251,0.251,PASS_ALL_LE_0_30,311,547,237,UNIPROT_PROSITE_NR_LBD,UNIPROT_CANONICAL_1_BASED_INCLUSIVE,237,1.0,NEAR_COMPLETE_LBD,True,0.0,0.0,False,,False,RESOLUTION_REVIEW,"[""RESOLUTION_REVIEW""]"
P03372,NR3A1,ERα,Steroid hormone receptors,7RS8,7RS8_1,1,"[""X-RAY DIFFRACTION""]",True,[1.64],1.64,1.64,ULTRAHIGH_LT_1_8,[0.2496],0.2496,0.2496,PASS_ALL_LE_0_30,311,547,237,UNIPROT_PROSITE_NR_LBD,UNIPROT_CANONICAL_1_BASED_INCLUSIVE,237,1.0,NEAR_COMPLETE_LBD,True,0.0,0.0,False,,False,RESOLUTION_REVIEW,"[""RESOLUTION_REVIEW""]"
P03372,NR3A1,ERα,Steroid hormone receptors,7RS8,7RS8_2,2,"[""X-RAY DIFFRACTION""]",True,[1.64],1.64,1.64,ULTRAHIGH_LT_1_8,[0.2496],0.2496,0.2496,PASS_ALL_LE_0_30,311,547,237,UNIPROT_PROSITE_NR_LBD,UNIPROT_CANONICAL_1_BASED_INCLUSIVE,237,1.0,NEAR_COMPLETE_LBD,True,0.0,0.0,False,,False,RESOLUTION_REVIEW,"[""RESOLUTION_REVIEW""]"
P03372,NR3A1,ERα,Steroid hormone receptors,7RS9,7RS9_1,1,"[""X-RAY DIFFRACTION""]",True,[1.7],1.7,1.7,ULTRAHIGH_LT_1_8,[0.2517],0.2517,0.2517,PASS_ALL_LE_0_30,311,547,237,UNIPROT_PROSITE_NR_LBD,UNIPROT_CANONICAL_1_BASED_INCLUSIVE,237,1.0,NEAR_COMPLETE_LBD,True,0.0,0.0,False,,False,RESOLUTION_REVIEW,"[""RESOLUTION_REVIEW""]"
P03372,NR3A1,ERα,Steroid hormone receptors,7SFO,7SFO_1,1,"[""X-RAY DIFFRACTION""]",True,[1.9],1.9,1.9,PASS_PROJECT_RANGE,[0.2255],0.2255,0.2255,PASS_ALL_LE_0_30,311,547,237,UNIPROT_PROSITE_NR_LBD,UNIPROT_CANONICAL_1_BASED_INCLUSIVE,237,1.0,NEAR_COMPLETE_LBD,True,0.0,0.0,False,,True,PROJECT_PREFILTER_PASS,[]
P03372,NR3A1,ERα,Steroid hormone receptors,7T2X,7T2X_1,1,"[""X-RAY DIFFRACTION""]",True,[2.6],2.6,2.6,PASS_PROJECT_RANGE,[0.2767],0.2767,0.2767,PASS_ALL_LE_0_30,311,547,237,UNIPROT_PROSITE_NR_LBD,UNIPROT_CANONICAL_1_BASED_INCLUSIVE,237,1.0,NEAR_COMPLETE_LBD,True,0.0,0.0,False,,True,PROJECT_PREFILTER_PASS,[]
P03372,NR3A1,ERα,Steroid hormone receptors,7TE7,7TE7_1,1,"[""X-RAY DIFFRACTION""]",True,[1.85],1.85,1.85,PASS_PROJECT_RANGE,[0.246],0.246,0.246,PASS_ALL_LE_0_30,311,547,237,UNIPROT_PROSITE_NR_LBD,UNIPROT_CANONICAL_1_BASED_INCLUSIVE,237,1.0,NEAR_COMPLETE_LBD,True,0.0,0.0,False,,True,PROJECT_PREFILTER_PASS,[]
P03372,NR3A1,ERα,Steroid hormone receptors,7UJ7,7UJ7_1,1,"[""X-RAY DIFFRACTION""]",True,[1.68],1.68,1.68,ULTRAHIGH_LT_1_8,[0.24],0.24,0.24,PASS_ALL_LE_0_30,311,547,237,UNIPROT_PROSITE_NR_LBD,UNIPROT_CANONICAL_1_BASED_INCLUSIVE,237,1.0,NEAR_COMPLETE_LBD,True,0.0,0.0,False,,False,RESOLUTION_REVIEW,"[""RESOLUTION_REVIEW""]"
P03372,NR3A1,ERα,Steroid hormone receptors,7UJ8,7UJ8_1,1,"[""X-RAY DIFFRACTION""]",True,[2.385],2.385,2.385,PASS_PROJECT_RANGE,[0.2714],0.2714,0.2714,PASS_ALL_LE_0_30,311,547,237,UNIPROT_PROSITE_NR_LBD,UNIPROT_CANONICAL_1_BASED_INCLUSIVE,237,1.0,NEAR_COMPLETE_LBD,True,0.0,0.0,False,,True,PROJECT_PREFILTER_PASS,[]
P03372,NR3A1,ERα,Steroid hormone receptors,7UJC,7UJC_1,1,"[""X-RAY DIFFRACTION""]",True,[1.78],1.78,1.78,ULTRAHIGH_LT_1_8,[0.23],0.23,0.23,PASS_ALL_LE_0_30,311,547,237,UNIPROT_PROSITE_NR_LBD,UNIPROT_CANONICAL_1_BASED_INCLUSIVE,237,1.0,NEAR_COMPLETE_LBD,True,0.0,0.0,False,,False,RESOLUTION_REVIEW,"[""RESOLUTION_REVIEW""]"
P03372,NR3A1,ERα,Steroid hormone receptors,7UJF,7UJF_1,1,"[""X-RAY DIFFRACTION""]",True,[1.7],1.7,1.7,ULTRAHIGH_LT_1_8,[0.2392],0.2392,0.2392,PASS_ALL_LE_0_30,311,547,237,UNIPROT_PROSITE_NR_LBD,UNIPROT_CANONICAL_1_BASED_INCLUSIVE,237,1.0,NEAR_COMPLETE_LBD,True,0.0,0.0,False,,False,RESOLUTION_REVIEW,"[""RESOLUTION_REVIEW""]"
P03372,NR3A1,ERα,Steroid hormone receptors,7UJM,7UJM_1,1,"[""X-RAY DIFFRACTION""]",True,[1.8],1.8,1.8,PASS_PROJECT_RANGE,[0.2329],0.2329,0.2329,PASS_ALL_LE_0_30,311,547,237,UNIPROT_PROSITE_NR_LBD,UNIPROT_CANONICAL_1_BASED_INCLUSIVE,237,1.0,NEAR_COMPLETE_LBD,True,0.0,0.0,False,,True,PROJECT_PREFILTER_PASS,[]
P03372,NR3A1,ERα,Steroid hormone receptors,7UJO,7UJO_1,1,"[""X-RAY DIFFRACTION""]",True,[1.449],1.449,1.449,ULTRAHIGH_LT_1_8,[0.228219],0.228219,0.228219,PASS_ALL_LE_0_30,311,547,237,UNIPROT_PROSITE_NR_LBD,UNIPROT_CANONICAL_1_BASED_INCLUSIVE,237,1.0,NEAR_COMPLETE_LBD,True,0.0,0.0,False,,False,RESOLUTION_REVIEW,"[""RESOLUTION_REVIEW""]"
P03372,NR3A1,ERα,Steroid hormone receptors,7UJW,7UJW_1,1,"[""X-RAY DIFFRACTION""]",True,[2.6],2.6,2.6,PASS_PROJECT_RANGE,[0.263],0.263,0.263,PASS_ALL_LE_0_30,311,547,237,UNIPROT_PROSITE_NR_LBD,UNIPROT_CANONICAL_1_BASED_INCLUSIVE,237,1.0,NEAR_COMPLETE_LBD,True,0.0,0.0,False,,True,PROJECT_PREFILTER_PASS,[]
P03372,NR3A1,ERα,Steroid hormone receptors,7UJY,7UJY_1,1,"[""X-RAY DIFFRACTION""]",True,[1.7],1.7,1.7,ULTRAHIGH_LT_1_8,[0.224],0.224,0.224,PASS_ALL_LE_0_30,311,547,237,UNIPROT_PROSITE_NR_LBD,UNIPROT_CANONICAL_1_BASED_INCLUSIVE,237,1.0,NEAR_COMPLETE_LBD,True,0.0,0.0,False,,False,RESOLUTION_REVIEW,"[""RESOLUTION_REVIEW""]"
P03372,NR3A1,ERα,Steroid hormone receptors,7WNV,7WNV_1,1,"[""X-RAY DIFFRACTION""]",True,[2.3],2.3,2.3,PASS_PROJECT_RANGE,[0.2355],0.2355,0.2355,PASS_ALL_LE_0_30,311,547,237,UNIPROT_PROSITE_NR_LBD,UNIPROT_CANONICAL_1_BASED_INCLUSIVE,237,1.0,NEAR_COMPLETE_LBD,True,0.0,0.0,False,,True,PROJECT_PREFILTER_PASS,[]
P03372,NR3A1,ERα,Steroid hormone receptors,7Y8F,7Y8F_1,1,"[""X-RAY DIFFRACTION""]",True,[2.22],2.22,2.22,PASS_PROJECT_RANGE,[0.2514],0.2514,0.2514,PASS_ALL_LE_0_30,311,547,237,UNIPROT_PROSITE_NR_LBD,UNIPROT_CANONICAL_1_BASED_INCLUSIVE,237,1.0,NEAR_COMPLETE_LBD,True,0.0,0.0,False,,True,PROJECT_PREFILTER_PASS,[]
P03372,NR3A1,ERα,Steroid hormone receptors,7Y8G,7Y8G_1,1,"[""X-RAY DIFFRACTION""]",True,[2.14],2.14,2.14,PASS_PROJECT_RANGE,[0.248],0.248,0.248,PASS_ALL_LE_0_30,311,547,237,UNIPROT_PROSITE_NR_LBD,UNIPROT_CANONICAL_1_BASED_INCLUSIVE,237,1.0,NEAR_COMPLETE_LBD,True,0.0,0.0,False,,True,PROJECT_PREFILTER_PASS,[]
P03372,NR3A1,ERα,Steroid hormone receptors,7YMK,7YMK_1,1,"[""X-RAY DIFFRACTION""]",True,[2.25],2.25,2.25,PASS_PROJECT_RANGE,[0.2531],0.2531,0.2531,PASS_ALL_LE_0_30,311,547,237,UNIPROT_PROSITE_NR_LBD,UNIPROT_CANONICAL_1_BASED_INCLUSIVE,237,1.0,NEAR_COMPLETE_LBD,True,0.0,0.0,False,,True,PROJECT_PREFILTER_PASS,[]
P03372,NR3A1,ERα,Steroid hormone receptors,8AFN,8AFN_2,2,"[""X-RAY DIFFRACTION""]",True,[1.36],1.36,1.36,ULTRAHIGH_LT_1_8,[0.1848],0.1848,0.1848,PASS_ALL_LE_0_30,311,547,237,UNIPROT_PROSITE_NR_LBD,UNIPROT_CANONICAL_1_BASED_INCLUSIVE,0,0.0,NO_LBD_OVERLAP,False,0.0,0.0,False,,False,MULTIPLE_REASONS,"[""NO_LBD_OVERLAP"", ""RESOLUTION_REVIEW""]"
P03372,NR3A1,ERα,Steroid hormone receptors,8AI0,8AI0_2,2,"[""X-RAY DIFFRACTION""]",True,[1.6],1.6,1.6,ULTRAHIGH_LT_1_8,[0.1767],0.1767,0.1767,PASS_ALL_LE_0_30,311,547,237,UNIPROT_PROSITE_NR_LBD,UNIPROT_CANONICAL_1_BASED_INCLUSIVE,0,0.0,NO_LBD_OVERLAP,False,0.0,0.0,False,,False,MULTIPLE_REASONS,"[""NO_LBD_OVERLAP"", ""RESOLUTION_REVIEW""]"
P03372,NR3A1,ERα,Steroid hormone receptors,8ALR,8ALR_2,2,"[""X-RAY DIFFRACTION""]",True,[1.4],1.4,1.4,ULTRAHIGH_LT_1_8,[0.17062],0.17062,0.17062,PASS_ALL_LE_0_30,311,547,237,UNIPROT_PROSITE_NR_LBD,UNIPROT_CANONICAL_1_BASED_INCLUSIVE,0,0.0,NO_LBD_OVERLAP,False,0.0,0.0,False,,False,MULTIPLE_REASONS,"[""NO_LBD_OVERLAP"", ""RESOLUTION_REVIEW""]"
P03372,NR3A1,ERα,Steroid hormone receptors,8ALT,8ALT_2,2,"[""X-RAY DIFFRACTION""]",True,[1.4],1.4,1.4,ULTRAHIGH_LT_1_8,[0.15837],0.15837,0.15837,PASS_ALL_LE_0_30,311,547,237,UNIPROT_PROSITE_NR_LBD,UNIPROT_CANONICAL_1_BASED_INCLUSIVE,0,0.0,NO_LBD_OVERLAP,False,0.0,0.0,False,,False,MULTIPLE_REASONS,"[""NO_LBD_OVERLAP"", ""RESOLUTION_REVIEW""]"
P03372,NR3A1,ERα,Steroid hormone receptors,8ALV,8ALV_2,2,"[""X-RAY DIFFRACTION""]",True,[1.6],1.6,1.6,ULTRAHIGH_LT_1_8,[0.1846],0.1846,0.1846,PASS_ALL_LE_0_30,311,547,237,UNIPROT_PROSITE_NR_LBD,UNIPROT_CANONICAL_1_BASED_INCLUSIVE,0,0.0,NO_LBD_OVERLAP,False,0.0,0.0,False,,False,MULTIPLE_REASONS,"[""NO_LBD_OVERLAP"", ""RESOLUTION_REVIEW""]"
P03372,NR3A1,ERα,Steroid hormone receptors,8ALW,8ALW_2,2,"[""X-RAY DIFFRACTION""]",True,[1.5],1.5,1.5,ULTRAHIGH_LT_1_8,[0.16829],0.16829,0.16829,PASS_ALL_LE_0_30,311,547,237,UNIPROT_PROSITE_NR_LBD,UNIPROT_CANONICAL_1_BASED_INCLUSIVE,0,0.0,NO_LBD_OVERLAP,False,0.0,0.0,False,,False,MULTIPLE_REASONS,"[""NO_LBD_OVERLAP"", ""RESOLUTION_REVIEW""]"
P03372,NR3A1,ERα,Steroid hormone receptors,8AM7,8AM7_2,2,"[""X-RAY DIFFRACTION""]",True,[1.5],1.5,1.5,ULTRAHIGH_LT_1_8,[0.16341],0.16341,0.16341,PASS_ALL_LE_0_30,311,547,237,UNIPROT_PROSITE_NR_LBD,UNIPROT_CANONICAL_1_BASED_INCLUSIVE,0,0.0,NO_LBD_OVERLAP,False,0.0,0.0,False,,False,MULTIPLE_REASONS,"[""NO_LBD_OVERLAP"", ""RESOLUTION_REVIEW""]"
P03372,NR3A1,ERα,Steroid hormone receptors,8ANF,8ANF_2,2,"[""X-RAY DIFFRACTION""]",True,[1.4],1.4,1.4,ULTRAHIGH_LT_1_8,[0.16201],0.16201,0.16201,PASS_ALL_LE_0_30,311,547,237,UNIPROT_PROSITE_NR_LBD,UNIPROT_CANONICAL_1_BASED_INCLUSIVE,0,0.0,NO_LBD_OVERLAP,False,0.0,0.0,False,,False,MULTIPLE_REASONS,"[""NO_LBD_OVERLAP"", ""RESOLUTION_REVIEW""]"
P03372,NR3A1,ERα,Steroid hormone receptors,8AOY,8AOY_2,2,"[""X-RAY DIFFRACTION""]",True,[1.4],1.4,1.4,ULTRAHIGH_LT_1_8,[0.1529],0.1529,0.1529,PASS_ALL_LE_0_30,311,547,237,UNIPROT_PROSITE_NR_LBD,UNIPROT_CANONICAL_1_BASED_INCLUSIVE,0,0.0,NO_LBD_OVERLAP,False,0.0,0.0,False,,False,MULTIPLE_REASONS,"[""NO_LBD_OVERLAP"", ""RESOLUTION_REVIEW""]"
P03372,NR3A1,ERα,Steroid hormone receptors,8APS,8APS_2,2,"[""X-RAY DIFFRACTION""]",True,[1.2],1.2,1.2,ULTRAHIGH_LT_1_8,[0.1514],0.1514,0.1514,PASS_ALL_LE_0_30,311,547,237,UNIPROT_PROSITE_NR_LBD,UNIPROT_CANONICAL_1_BASED_INCLUSIVE,0,0.0,NO_LBD_OVERLAP,False,0.0,0.0,False,,False,MULTIPLE_REASONS,"[""NO_LBD_OVERLAP"", ""RESOLUTION_REVIEW""]"
P03372,NR3A1,ERα,Steroid hormone receptors,8AQ1,8AQ1_2,2,"[""X-RAY DIFFRACTION""]",True,[1.4],1.4,1.4,ULTRAHIGH_LT_1_8,[0.18083],0.18083,0.18083,PASS_ALL_LE_0_30,311,547,237,UNIPROT_PROSITE_NR_LBD,UNIPROT_CANONICAL_1_BASED_INCLUSIVE,0,0.0,NO_LBD_OVERLAP,False,0.0,0.0,False,,False,MULTIPLE_REASONS,"[""NO_LBD_OVERLAP"", ""RESOLUTION_REVIEW""]"
P03372,NR3A1,ERα,Steroid hormone receptors,8AQC,8AQC_2,2,"[""X-RAY DIFFRACTION""]",True,[1.5],1.5,1.5,ULTRAHIGH_LT_1_8,[0.17195],0.17195,0.17195,PASS_ALL_LE_0_30,311,547,237,UNIPROT_PROSITE_NR_LBD,UNIPROT_CANONICAL_1_BASED_INCLUSIVE,0,0.0,NO_LBD_OVERLAP,False,0.0,0.0,False,,False,MULTIPLE_REASONS,"[""NO_LBD_OVERLAP"", ""RESOLUTION_REVIEW""]"
P03372,NR3A1,ERα,Steroid hormone receptors,8AQE,8AQE_2,2,"[""X-RAY DIFFRACTION""]",True,[1.6],1.6,1.6,ULTRAHIGH_LT_1_8,[0.24032],0.24032,0.24032,PASS_ALL_LE_0_30,311,547,237,UNIPROT_PROSITE_NR_LBD,UNIPROT_CANONICAL_1_BASED_INCLUSIVE,0,0.0,NO_LBD_OVERLAP,False,0.0,0.0,False,,False,MULTIPLE_REASONS,"[""NO_LBD_OVERLAP"", ""RESOLUTION_REVIEW""]"
P03372,NR3A1,ERα,Steroid hormone receptors,8AQZ,8AQZ_2,2,"[""X-RAY DIFFRACTION""]",True,[1.4],1.4,1.4,ULTRAHIGH_LT_1_8,[0.15954],0.15954,0.15954,PASS_ALL_LE_0_30,311,547,237,UNIPROT_PROSITE_NR_LBD,UNIPROT_CANONICAL_1_BASED_INCLUSIVE,0,0.0,NO_LBD_OVERLAP,False,0.0,0.0,False,,False,MULTIPLE_REASONS,"[""NO_LBD_OVERLAP"", ""RESOLUTION_REVIEW""]"
P03372,NR3A1,ERα,Steroid hormone receptors,8AR4,8AR4_2,2,"[""X-RAY DIFFRACTION""]",True,[1.5],1.5,1.5,ULTRAHIGH_LT_1_8,[0.21926],0.21926,0.21926,PASS_ALL_LE_0_30,311,547,237,UNIPROT_PROSITE_NR_LBD,UNIPROT_CANONICAL_1_BASED_INCLUSIVE,0,0.0,NO_LBD_OVERLAP,False,0.0,0.0,False,,False,MULTIPLE_REASONS,"[""NO_LBD_OVERLAP"", ""RESOLUTION_REVIEW""]"
P03372,NR3A1,ERα,Steroid hormone receptors,8AR5,8AR5_2,2,"[""X-RAY DIFFRACTION""]",True,[1.4],1.4,1.4,ULTRAHIGH_LT_1_8,[0.16225],0.16225,0.16225,PASS_ALL_LE_0_30,311,547,237,UNIPROT_PROSITE_NR_LBD,UNIPROT_CANONICAL_1_BASED_INCLUSIVE,0,0.0,NO_LBD_OVERLAP,False,0.0,0.0,False,,False,MULTIPLE_REASONS,"[""NO_LBD_OVERLAP"", ""RESOLUTION_REVIEW""]"
P03372,NR3A1,ERα,Steroid hormone receptors,8ARG,8ARG_2,2,"[""X-RAY DIFFRACTION""]",True,[1.5],1.5,1.5,ULTRAHIGH_LT_1_8,[0.1634],0.1634,0.1634,PASS_ALL_LE_0_30,311,547,237,UNIPROT_PROSITE_NR_LBD,UNIPROT_CANONICAL_1_BASED_INCLUSIVE,0,0.0,NO_LBD_OVERLAP,False,0.0,0.0,False,,False,MULTIPLE_REASONS,"[""NO_LBD_OVERLAP"", ""RESOLUTION_REVIEW""]"
P03372,NR3A1,ERα,Steroid hormone receptors,8ARO,8ARO_2,2,"[""X-RAY DIFFRACTION""]",True,[1.6],1.6,1.6,ULTRAHIGH_LT_1_8,[0.2004],0.2004,0.2004,PASS_ALL_LE_0_30,311,547,237,UNIPROT_PROSITE_NR_LBD,UNIPROT_CANONICAL_1_BASED_INCLUSIVE,0,0.0,NO_LBD_OVERLAP,False,0.0,0.0,False,,False,MULTIPLE_REASONS,"[""NO_LBD_OVERLAP"", ""RESOLUTION_REVIEW""]"
P03372,NR3A1,ERα,Steroid hormone receptors,8ARQ,8ARQ_2,2,"[""X-RAY DIFFRACTION""]",True,[1.4],1.4,1.4,ULTRAHIGH_LT_1_8,[0.17486],0.17486,0.17486,PASS_ALL_LE_0_30,311,547,237,UNIPROT_PROSITE_NR_LBD,UNIPROT_CANONICAL_1_BASED_INCLUSIVE,0,0.0,NO_LBD_OVERLAP,False,0.0,0.0,False,,False,MULTIPLE_REASONS,"[""NO_LBD_OVERLAP"", ""RESOLUTION_REVIEW""]"
P03372,NR3A1,ERα,Steroid hormone receptors,8ARR,8ARR_2,2,"[""X-RAY DIFFRACTION""]",True,[1.35],1.35,1.35,ULTRAHIGH_LT_1_8,[0.19904],0.19904,0.19904,PASS_ALL_LE_0_30,311,547,237,UNIPROT_PROSITE_NR_LBD,UNIPROT_CANONICAL_1_BASED_INCLUSIVE,0,0.0,NO_LBD_OVERLAP,False,0.0,0.0,False,,False,MULTIPLE_REASONS,"[""NO_LBD_OVERLAP"", ""RESOLUTION_REVIEW""]"
P03372,NR3A1,ERα,Steroid hormone receptors,8ARW,8ARW_2,2,"[""X-RAY DIFFRACTION""]",True,[1.5],1.5,1.5,ULTRAHIGH_LT_1_8,[0.17888],0.17888,0.17888,PASS_ALL_LE_0_30,311,547,237,UNIPROT_PROSITE_NR_LBD,UNIPROT_CANONICAL_1_BASED_INCLUSIVE,0,0.0,NO_LBD_OVERLAP,False,0.0,0.0,False,REVIEW_NEEDED,False,MULTIPLE_REASONS,"[""NO_LBD_OVERLAP"", ""RESOLUTION_REVIEW""]"
P03372,NR3A1,ERα,Steroid hormone receptors,8ARX,8ARX_2,2,"[""X-RAY DIFFRACTION""]",True,[1.4],1.4,1.4,ULTRAHIGH_LT_1_8,[0.16535],0.16535,0.16535,PASS_ALL_LE_0_30,311,547,237,UNIPROT_PROSITE_NR_LBD,UNIPROT_CANONICAL_1_BASED_INCLUSIVE,0,0.0,NO_LBD_OVERLAP,False,0.0,0.0,False,,False,MULTIPLE_REASONS,"[""NO_LBD_OVERLAP"", ""RESOLUTION_REVIEW""]"
P03372,NR3A1,ERα,Steroid hormone receptors,8ARY,8ARY_2,2,"[""X-RAY DIFFRACTION""]",True,[1.45],1.45,1.45,ULTRAHIGH_LT_1_8,[0.16525],0.16525,0.16525,PASS_ALL_LE_0_30,311,547,237,UNIPROT_PROSITE_NR_LBD,UNIPROT_CANONICAL_1_BASED_INCLUSIVE,0,0.0,NO_LBD_OVERLAP,False,0.0,0.0,False,,False,MULTIPLE_REASONS,"[""NO_LBD_OVERLAP"", ""RESOLUTION_REVIEW""]"
P03372,NR3A1,ERα,Steroid hormone receptors,8ARZ,8ARZ_2,2,"[""X-RAY DIFFRACTION""]",True,[1.5],1.5,1.5,ULTRAHIGH_LT_1_8,[0.1695],0.1695,0.1695,PASS_ALL_LE_0_30,311,547,237,UNIPROT_PROSITE_NR_LBD,UNIPROT_CANONICAL_1_BASED_INCLUSIVE,0,0.0,NO_LBD_OVERLAP,False,0.0,0.0,False,,False,MULTIPLE_REASONS,"[""NO_LBD_OVERLAP"", ""RESOLUTION_REVIEW""]"
P03372,NR3A1,ERα,Steroid hormone receptors,8AS1,8AS1_2,2,"[""X-RAY DIFFRACTION""]",True,[1.5],1.5,1.5,ULTRAHIGH_LT_1_8,[0.19176],0.19176,0.19176,PASS_ALL_LE_0_30,311,547,237,UNIPROT_PROSITE_NR_LBD,UNIPROT_CANONICAL_1_BASED_INCLUSIVE,0,0.0,NO_LBD_OVERLAP,False,0.0,0.0,False,,False,MULTIPLE_REASONS,"[""NO_LBD_OVERLAP"", ""RESOLUTION_REVIEW""]"
P03372,NR3A1,ERα,Steroid hormone receptors,8AT9,8AT9_2,2,"[""X-RAY DIFFRACTION""]",True,[1.4],1.4,1.4,ULTRAHIGH_LT_1_8,[0.17846],0.17846,0.17846,PASS_ALL_LE_0_30,311,547,237,UNIPROT_PROSITE_NR_LBD,UNIPROT_CANONICAL_1_BASED_INCLUSIVE,0,0.0,NO_LBD_OVERLAP,False,0.0,0.0,False,,False,MULTIPLE_REASONS,"[""NO_LBD_OVERLAP"", ""RESOLUTION_REVIEW""]"
P03372,NR3A1,ERα,Steroid hormone receptors,8ATP,8ATP_2,2,"[""X-RAY DIFFRACTION""]",True,[1.4],1.4,1.4,ULTRAHIGH_LT_1_8,[0.15548],0.15548,0.15548,PASS_ALL_LE_0_30,311,547,237,UNIPROT_PROSITE_NR_LBD,UNIPROT_CANONICAL_1_BASED_INCLUSIVE,0,0.0,NO_LBD_OVERLAP,False,0.0,0.0,False,,False,MULTIPLE_REASONS,"[""NO_LBD_OVERLAP"", ""RESOLUTION_REVIEW""]"
P03372,NR3A1,ERα,Steroid hormone receptors,8AU2,8AU2_2,2,"[""X-RAY DIFFRACTION""]",True,[1.6],1.6,1.6,ULTRAHIGH_LT_1_8,[0.20249],0.20249,0.20249,PASS_ALL_LE_0_30,311,547,237,UNIPROT_PROSITE_NR_LBD,UNIPROT_CANONICAL_1_BASED_INCLUSIVE,0,0.0,NO_LBD_OVERLAP,False,0.0,0.0,False,,False,MULTIPLE_REASONS,"[""NO_LBD_OVERLAP"", ""RESOLUTION_REVIEW""]"
P03372,NR3A1,ERα,Steroid hormone receptors,8AUS,8AUS_2,2,"[""X-RAY DIFFRACTION""]",True,[1.4],1.4,1.4,ULTRAHIGH_LT_1_8,[0.21601],0.21601,0.21601,PASS_ALL_LE_0_30,311,547,237,UNIPROT_PROSITE_NR_LBD,UNIPROT_CANONICAL_1_BASED_INCLUSIVE,0,0.0,NO_LBD_OVERLAP,False,0.0,0.0,False,,False,MULTIPLE_REASONS,"[""NO_LBD_OVERLAP"", ""RESOLUTION_REVIEW""]"
P03372,NR3A1,ERα,Steroid hormone receptors,8AUY,8AUY_2,2,"[""X-RAY DIFFRACTION""]",True,[1.5],1.5,1.5,ULTRAHIGH_LT_1_8,[0.22674],0.22674,0.22674,PASS_ALL_LE_0_30,311,547,237,UNIPROT_PROSITE_NR_LBD,UNIPROT_CANONICAL_1_BASED_INCLUSIVE,0,0.0,NO_LBD_OVERLAP,False,0.0,0.0,False,,False,MULTIPLE_REASONS,"[""NO_LBD_OVERLAP"", ""RESOLUTION_REVIEW""]"
P03372,NR3A1,ERα,Steroid hormone receptors,8AV3,8AV3_2,2,"[""X-RAY DIFFRACTION""]",True,[1.8],1.8,1.8,PASS_PROJECT_RANGE,[0.19491],0.19491,0.19491,PASS_ALL_LE_0_30,311,547,237,UNIPROT_PROSITE_NR_LBD,UNIPROT_CANONICAL_1_BASED_INCLUSIVE,0,0.0,NO_LBD_OVERLAP,False,0.0,0.0,False,,False,NO_LBD_OVERLAP,"[""NO_LBD_OVERLAP""]"
P03372,NR3A1,ERα,Steroid hormone receptors,8AV4,8AV4_2,2,"[""X-RAY DIFFRACTION""]",True,[1.6],1.6,1.6,ULTRAHIGH_LT_1_8,[0.1989],0.1989,0.1989,PASS_ALL_LE_0_30,311,547,237,UNIPROT_PROSITE_NR_LBD,UNIPROT_CANONICAL_1_BASED_INCLUSIVE,0,0.0,NO_LBD_OVERLAP,False,0.0,0.0,False,,False,MULTIPLE_REASONS,"[""NO_LBD_OVERLAP"", ""RESOLUTION_REVIEW""]"
P03372,NR3A1,ERα,Steroid hormone receptors,8AV7,8AV7_2,2,"[""X-RAY DIFFRACTION""]",True,[1.4],1.4,1.4,ULTRAHIGH_LT_1_8,[0.17073],0.17073,0.17073,PASS_ALL_LE_0_30,311,547,237,UNIPROT_PROSITE_NR_LBD,UNIPROT_CANONICAL_1_BASED_INCLUSIVE,0,0.0,NO_LBD_OVERLAP,False,0.0,0.0,False,,False,MULTIPLE_REASONS,"[""NO_LBD_OVERLAP"", ""RESOLUTION_REVIEW""]"
P03372,NR3A1,ERα,Steroid hormone receptors,8AV8,8AV8_2,2,"[""X-RAY DIFFRACTION""]",True,[1.8],1.8,1.8,PASS_PROJECT_RANGE,[0.24787],0.24787,0.24787,PASS_ALL_LE_0_30,311,547,237,UNIPROT_PROSITE_NR_LBD,UNIPROT_CANONICAL_1_BASED_INCLUSIVE,0,0.0,NO_LBD_OVERLAP,False,0.0,0.0,False,,False,NO_LBD_OVERLAP,"[""NO_LBD_OVERLAP""]"
P03372,NR3A1,ERα,Steroid hormone receptors,8AWG,8AWG_2,2,"[""X-RAY DIFFRACTION""]",True,[1.8],1.8,1.8,PASS_PROJECT_RANGE,[0.18504],0.18504,0.18504,PASS_ALL_LE_0_30,311,547,237,UNIPROT_PROSITE_NR_LBD,UNIPROT_CANONICAL_1_BASED_INCLUSIVE,0,0.0,NO_LBD_OVERLAP,False,0.0,0.0,False,,False,NO_LBD_OVERLAP,"[""NO_LBD_OVERLAP""]"
P03372,NR3A1,ERα,Steroid hormone receptors,8AXE,8AXE_2,2,"[""X-RAY DIFFRACTION""]",True,[1.8],1.8,1.8,PASS_PROJECT_RANGE,[0.217],0.217,0.217,PASS_ALL_LE_0_30,311,547,237,UNIPROT_PROSITE_NR_LBD,UNIPROT_CANONICAL_1_BASED_INCLUSIVE,0,0.0,NO_LBD_OVERLAP,False,0.0,0.0,False,,False,NO_LBD_OVERLAP,"[""NO_LBD_OVERLAP""]"
P03372,NR3A1,ERα,Steroid hormone receptors,8AXU,8AXU_2,2,"[""X-RAY DIFFRACTION""]",True,[1.6],1.6,1.6,ULTRAHIGH_LT_1_8,[0.1695],0.1695,0.1695,PASS_ALL_LE_0_30,311,547,237,UNIPROT_PROSITE_NR_LBD,UNIPROT_CANONICAL_1_BASED_INCLUSIVE,0,0.0,NO_LBD_OVERLAP,False,0.0,0.0,False,,False,MULTIPLE_REASONS,"[""NO_LBD_OVERLAP"", ""RESOLUTION_REVIEW""]"
P03372,NR3A1,ERα,Steroid hormone receptors,8AZE,8AZE_2,2,"[""X-RAY DIFFRACTION""]",True,[1.6],1.6,1.6,ULTRAHIGH_LT_1_8,[0.2013],0.2013,0.2013,PASS_ALL_LE_0_30,311,547,237,UNIPROT_PROSITE_NR_LBD,UNIPROT_CANONICAL_1_BASED_INCLUSIVE,0,0.0,NO_LBD_OVERLAP,False,0.0,0.0,False,,False,MULTIPLE_REASONS,"[""NO_LBD_OVERLAP"", ""RESOLUTION_REVIEW""]"
P03372,NR3A1,ERα,Steroid hormone receptors,8B39,8B39_2,2,"[""X-RAY DIFFRACTION""]",True,[1.4],1.4,1.4,ULTRAHIGH_LT_1_8,[0.16039],0.16039,0.16039,PASS_ALL_LE_0_30,311,547,237,UNIPROT_PROSITE_NR_LBD,UNIPROT_CANONICAL_1_BASED_INCLUSIVE,0,0.0,NO_LBD_OVERLAP,False,0.0,0.0,False,,False,MULTIPLE_REASONS,"[""NO_LBD_OVERLAP"", ""RESOLUTION_REVIEW""]"
P03372,NR3A1,ERα,Steroid hormone receptors,8BWJ,8BWJ_2,2,"[""X-RAY DIFFRACTION""]",True,[1.6],1.6,1.6,ULTRAHIGH_LT_1_8,[0.1867],0.1867,0.1867,PASS_ALL_LE_0_30,311,547,237,UNIPROT_PROSITE_NR_LBD,UNIPROT_CANONICAL_1_BASED_INCLUSIVE,0,0.0,NO_LBD_OVERLAP,False,0.0,0.0,False,,False,MULTIPLE_REASONS,"[""NO_LBD_OVERLAP"", ""RESOLUTION_REVIEW""]"
P03372,NR3A1,ERα,Steroid hormone receptors,8BWX,8BWX_2,2,"[""X-RAY DIFFRACTION""]",True,[1.6],1.6,1.6,ULTRAHIGH_LT_1_8,[0.1874],0.1874,0.1874,PASS_ALL_LE_0_30,311,547,237,UNIPROT_PROSITE_NR_LBD,UNIPROT_CANONICAL_1_BASED_INCLUSIVE,0,0.0,NO_LBD_OVERLAP,False,0.0,0.0,False,,False,MULTIPLE_REASONS,"[""NO_LBD_OVERLAP"", ""RESOLUTION_REVIEW""]"
P03372,NR3A1,ERα,Steroid hormone receptors,8BWZ,8BWZ_2,2,"[""X-RAY DIFFRACTION""]",True,[1.6],1.6,1.6,ULTRAHIGH_LT_1_8,[0.1981],0.1981,0.1981,PASS_ALL_LE_0_30,311,547,237,UNIPROT_PROSITE_NR_LBD,UNIPROT_CANONICAL_1_BASED_INCLUSIVE,0,0.0,NO_LBD_OVERLAP,False,0.0,0.0,False,,False,MULTIPLE_REASONS,"[""NO_LBD_OVERLAP"", ""RESOLUTION_REVIEW""]"
P03372,NR3A1,ERα,Steroid hormone receptors,8BX0,8BX0_2,2,"[""X-RAY DIFFRACTION""]",True,[1.6],1.6,1.6,ULTRAHIGH_LT_1_8,[0.1964],0.1964,0.1964,PASS_ALL_LE_0_30,311,547,237,UNIPROT_PROSITE_NR_LBD,UNIPROT_CANONICAL_1_BASED_INCLUSIVE,0,0.0,NO_LBD_OVERLAP,False,0.0,0.0,False,,False,MULTIPLE_REASONS,"[""NO_LBD_OVERLAP"", ""RESOLUTION_REVIEW""]"
P03372,NR3A1,ERα,Steroid hormone receptors,8BX3,8BX3_2,2,"[""X-RAY DIFFRACTION""]",True,[1.2],1.2,1.2,ULTRAHIGH_LT_1_8,[0.1894],0.1894,0.1894,PASS_ALL_LE_0_30,311,547,237,UNIPROT_PROSITE_NR_LBD,UNIPROT_CANONICAL_1_BASED_INCLUSIVE,0,0.0,NO_LBD_OVERLAP,False,0.0,0.0,False,,False,MULTIPLE_REASONS,"[""NO_LBD_OVERLAP"", ""RESOLUTION_REVIEW""]"
P03372,NR3A1,ERα,Steroid hormone receptors,8BX4,8BX4_2,2,"[""X-RAY DIFFRACTION""]",True,[1.6],1.6,1.6,ULTRAHIGH_LT_1_8,[0.192],0.192,0.192,PASS_ALL_LE_0_30,311,547,237,UNIPROT_PROSITE_NR_LBD,UNIPROT_CANONICAL_1_BASED_INCLUSIVE,0,0.0,NO_LBD_OVERLAP,False,0.0,0.0,False,,False,MULTIPLE_REASONS,"[""NO_LBD_OVERLAP"", ""RESOLUTION_REVIEW""]"
P03372,NR3A1,ERα,Steroid hormone receptors,8BXI,8BXI_2,2,"[""X-RAY DIFFRACTION""]",True,[1.2],1.2,1.2,ULTRAHIGH_LT_1_8,[0.1866],0.1866,0.1866,PASS_ALL_LE_0_30,311,547,237,UNIPROT_PROSITE_NR_LBD,UNIPROT_CANONICAL_1_BASED_INCLUSIVE,0,0.0,NO_LBD_OVERLAP,False,0.0,0.0,False,,False,MULTIPLE_REASONS,"[""NO_LBD_OVERLAP"", ""RESOLUTION_REVIEW""]"
P03372,NR3A1,ERα,Steroid hormone receptors,8BXM,8BXM_2,2,"[""X-RAY DIFFRACTION""]",True,[1.6],1.6,1.6,ULTRAHIGH_LT_1_8,[0.1877],0.1877,0.1877,PASS_ALL_LE_0_30,311,547,237,UNIPROT_PROSITE_NR_LBD,UNIPROT_CANONICAL_1_BASED_INCLUSIVE,0,0.0,NO_LBD_OVERLAP,False,0.0,0.0,False,,False,MULTIPLE_REASONS,"[""NO_LBD_OVERLAP"", ""RESOLUTION_REVIEW""]"
P03372,NR3A1,ERα,Steroid hormone receptors,8BXN,8BXN_2,2,"[""X-RAY DIFFRACTION""]",True,[1.6],1.6,1.6,ULTRAHIGH_LT_1_8,[0.1881],0.1881,0.1881,PASS_ALL_LE_0_30,311,547,237,UNIPROT_PROSITE_NR_LBD,UNIPROT_CANONICAL_1_BASED_INCLUSIVE,0,0.0,NO_LBD_OVERLAP,False,0.0,0.0,False,,False,MULTIPLE_REASONS,"[""NO_LBD_OVERLAP"", ""RESOLUTION_REVIEW""]"
P03372,NR3A1,ERα,Steroid hormone receptors,8BXO,8BXO_2,2,"[""X-RAY DIFFRACTION""]",True,[1.6],1.6,1.6,ULTRAHIGH_LT_1_8,[0.1911],0.1911,0.1911,PASS_ALL_LE_0_30,311,547,237,UNIPROT_PROSITE_NR_LBD,UNIPROT_CANONICAL_1_BASED_INCLUSIVE,0,0.0,NO_LBD_OVERLAP,False,0.0,0.0,False,,False,MULTIPLE_REASONS,"[""NO_LBD_OVERLAP"", ""RESOLUTION_REVIEW""]"
P03372,NR3A1,ERα,Steroid hormone receptors,8BXQ,8BXQ_2,2,"[""X-RAY DIFFRACTION""]",True,[1.6],1.6,1.6,ULTRAHIGH_LT_1_8,[0.1822],0.1822,0.1822,PASS_ALL_LE_0_30,311,547,237,UNIPROT_PROSITE_NR_LBD,UNIPROT_CANONICAL_1_BASED_INCLUSIVE,0,0.0,NO_LBD_OVERLAP,False,0.0,0.0,False,,False,MULTIPLE_REASONS,"[""NO_LBD_OVERLAP"", ""RESOLUTION_REVIEW""]"
P03372,NR3A1,ERα,Steroid hormone receptors,8BXS,8BXS_2,2,"[""X-RAY DIFFRACTION""]",True,[1.6],1.6,1.6,ULTRAHIGH_LT_1_8,[0.1912],0.1912,0.1912,PASS_ALL_LE_0_30,311,547,237,UNIPROT_PROSITE_NR_LBD,UNIPROT_CANONICAL_1_BASED_INCLUSIVE,0,0.0,NO_LBD_OVERLAP,False,0.0,0.0,False,,False,MULTIPLE_REASONS,"[""NO_LBD_OVERLAP"", ""RESOLUTION_REVIEW""]"
P03372,NR3A1,ERα,Steroid hormone receptors,8BY9,8BY9_2,2,"[""X-RAY DIFFRACTION""]",True,[1.6],1.6,1.6,ULTRAHIGH_LT_1_8,[0.191],0.191,0.191,PASS_ALL_LE_0_30,311,547,237,UNIPROT_PROSITE_NR_LBD,UNIPROT_CANONICAL_1_BASED_INCLUSIVE,0,0.0,NO_LBD_OVERLAP,False,0.0,0.0,False,,False,MULTIPLE_REASONS,"[""NO_LBD_OVERLAP"", ""RESOLUTION_REVIEW""]"
P03372,NR3A1,ERα,Steroid hormone receptors,8BYB,8BYB_2,2,"[""X-RAY DIFFRACTION""]",True,[1.6],1.6,1.6,ULTRAHIGH_LT_1_8,[0.1855],0.1855,0.1855,PASS_ALL_LE_0_30,311,547,237,UNIPROT_PROSITE_NR_LBD,UNIPROT_CANONICAL_1_BASED_INCLUSIVE,0,0.0,NO_LBD_OVERLAP,False,0.0,0.0,False,,False,MULTIPLE_REASONS,"[""NO_LBD_OVERLAP"", ""RESOLUTION_REVIEW""]"
P03372,NR3A1,ERα,Steroid hormone receptors,8BYC,8BYC_2,2,"[""X-RAY DIFFRACTION""]",True,[1.6],1.6,1.6,ULTRAHIGH_LT_1_8,[0.1943],0.1943,0.1943,PASS_ALL_LE_0_30,311,547,237,UNIPROT_PROSITE_NR_LBD,UNIPROT_CANONICAL_1_BASED_INCLUSIVE,0,0.0,NO_LBD_OVERLAP,False,0.0,0.0,False,,False,MULTIPLE_REASONS,"[""NO_LBD_OVERLAP"", ""RESOLUTION_REVIEW""]"
P03372,NR3A1,ERα,Steroid hormone receptors,8BYD,8BYD_2,2,"[""X-RAY DIFFRACTION""]",True,[1.6],1.6,1.6,ULTRAHIGH_LT_1_8,[0.1948],0.1948,0.1948,PASS_ALL_LE_0_30,311,547,237,UNIPROT_PROSITE_NR_LBD,UNIPROT_CANONICAL_1_BASED_INCLUSIVE,0,0.0,NO_LBD_OVERLAP,False,0.0,0.0,False,,False,MULTIPLE_REASONS,"[""NO_LBD_OVERLAP"", ""RESOLUTION_REVIEW""]"
P03372,NR3A1,ERα,Steroid hormone receptors,8BYE,8BYE_2,2,"[""X-RAY DIFFRACTION""]",True,[1.6],1.6,1.6,ULTRAHIGH_LT_1_8,[0.2066],0.2066,0.2066,PASS_ALL_LE_0_30,311,547,237,UNIPROT_PROSITE_NR_LBD,UNIPROT_CANONICAL_1_BASED_INCLUSIVE,0,0.0,NO_LBD_OVERLAP,False,0.0,0.0,False,,False,MULTIPLE_REASONS,"[""NO_LBD_OVERLAP"", ""RESOLUTION_REVIEW""]"
P03372,NR3A1,ERα,Steroid hormone receptors,8BYF,8BYF_2,2,"[""X-RAY DIFFRACTION""]",True,[1.65],1.65,1.65,ULTRAHIGH_LT_1_8,[0.2024],0.2024,0.2024,PASS_ALL_LE_0_30,311,547,237,UNIPROT_PROSITE_NR_LBD,UNIPROT_CANONICAL_1_BASED_INCLUSIVE,0,0.0,NO_LBD_OVERLAP,False,0.0,0.0,False,,False,MULTIPLE_REASONS,"[""NO_LBD_OVERLAP"", ""RESOLUTION_REVIEW""]"
P03372,NR3A1,ERα,Steroid hormone receptors,8BYG,8BYG_2,2,"[""X-RAY DIFFRACTION""]",True,[1.7],1.7,1.7,ULTRAHIGH_LT_1_8,[0.2202],0.2202,0.2202,PASS_ALL_LE_0_30,311,547,237,UNIPROT_PROSITE_NR_LBD,UNIPROT_CANONICAL_1_BASED_INCLUSIVE,0,0.0,NO_LBD_OVERLAP,False,0.0,0.0,False,,False,MULTIPLE_REASONS,"[""NO_LBD_OVERLAP"", ""RESOLUTION_REVIEW""]"
P03372,NR3A1,ERα,Steroid hormone receptors,8BYO,8BYO_2,2,"[""X-RAY DIFFRACTION""]",True,[1.2],1.2,1.2,ULTRAHIGH_LT_1_8,[0.171],0.171,0.171,PASS_ALL_LE_0_30,311,547,237,UNIPROT_PROSITE_NR_LBD,UNIPROT_CANONICAL_1_BASED_INCLUSIVE,0,0.0,NO_LBD_OVERLAP,False,0.0,0.0,False,,False,MULTIPLE_REASONS,"[""NO_LBD_OVERLAP"", ""RESOLUTION_REVIEW""]"
P03372,NR3A1,ERα,Steroid hormone receptors,8BYY,8BYY_2,2,"[""X-RAY DIFFRACTION""]",True,[1.6],1.6,1.6,ULTRAHIGH_LT_1_8,[0.1863],0.1863,0.1863,PASS_ALL_LE_0_30,311,547,237,UNIPROT_PROSITE_NR_LBD,UNIPROT_CANONICAL_1_BASED_INCLUSIVE,0,0.0,NO_LBD_OVERLAP,False,0.0,0.0,False,,False,MULTIPLE_REASONS,"[""NO_LBD_OVERLAP"", ""RESOLUTION_REVIEW""]"
P03372,NR3A1,ERα,Steroid hormone receptors,8BYZ,8BYZ_2,2,"[""X-RAY DIFFRACTION""]",True,[1.4],1.4,1.4,ULTRAHIGH_LT_1_8,[0.1824],0.1824,0.1824,PASS_ALL_LE_0_30,311,547,237,UNIPROT_PROSITE_NR_LBD,UNIPROT_CANONICAL_1_BASED_INCLUSIVE,0,0.0,NO_LBD_OVERLAP,False,0.0,0.0,False,,False,MULTIPLE_REASONS,"[""NO_LBD_OVERLAP"", ""RESOLUTION_REVIEW""]"
P03372,NR3A1,ERα,Steroid hormone receptors,8BZ0,8BZ0_2,2,"[""X-RAY DIFFRACTION""]",True,[1.2],1.2,1.2,ULTRAHIGH_LT_1_8,[0.2014],0.2014,0.2014,PASS_ALL_LE_0_30,311,547,237,UNIPROT_PROSITE_NR_LBD,UNIPROT_CANONICAL_1_BASED_INCLUSIVE,0,0.0,NO_LBD_OVERLAP,False,0.0,0.0,False,,False,MULTIPLE_REASONS,"[""NO_LBD_OVERLAP"", ""RESOLUTION_REVIEW""]"
P03372,NR3A1,ERα,Steroid hormone receptors,8BZ9,8BZ9_2,2,"[""X-RAY DIFFRACTION""]",True,[1.3],1.3,1.3,ULTRAHIGH_LT_1_8,[0.1947],0.1947,0.1947,PASS_ALL_LE_0_30,311,547,237,UNIPROT_PROSITE_NR_LBD,UNIPROT_CANONICAL_1_BASED_INCLUSIVE,0,0.0,NO_LBD_OVERLAP,False,0.0,0.0,False,,False,MULTIPLE_REASONS,"[""NO_LBD_OVERLAP"", ""RESOLUTION_REVIEW""]"
P03372,NR3A1,ERα,Steroid hormone receptors,8BZA,8BZA_2,2,"[""X-RAY DIFFRACTION""]",True,[1.25],1.25,1.25,ULTRAHIGH_LT_1_8,[0.196],0.196,0.196,PASS_ALL_LE_0_30,311,547,237,UNIPROT_PROSITE_NR_LBD,UNIPROT_CANONICAL_1_BASED_INCLUSIVE,0,0.0,NO_LBD_OVERLAP,False,0.0,0.0,False,,False,MULTIPLE_REASONS,"[""NO_LBD_OVERLAP"", ""RESOLUTION_REVIEW""]"
P03372,NR3A1,ERα,Steroid hormone receptors,8BZB,8BZB_2,2,"[""X-RAY DIFFRACTION""]",True,[1.7],1.7,1.7,ULTRAHIGH_LT_1_8,[0.1933],0.1933,0.1933,PASS_ALL_LE_0_30,311,547,237,UNIPROT_PROSITE_NR_LBD,UNIPROT_CANONICAL_1_BASED_INCLUSIVE,0,0.0,NO_LBD_OVERLAP,False,0.0,0.0,False,,False,MULTIPLE_REASONS,"[""NO_LBD_OVERLAP"", ""RESOLUTION_REVIEW""]"
P03372,NR3A1,ERα,Steroid hormone receptors,8BZC,8BZC_2,2,"[""X-RAY DIFFRACTION""]",True,[1.1],1.1,1.1,ULTRAHIGH_LT_1_8,[0.1768],0.1768,0.1768,PASS_ALL_LE_0_30,311,547,237,UNIPROT_PROSITE_NR_LBD,UNIPROT_CANONICAL_1_BASED_INCLUSIVE,0,0.0,NO_LBD_OVERLAP,False,0.0,0.0,False,,False,MULTIPLE_REASONS,"[""NO_LBD_OVERLAP"", ""RESOLUTION_REVIEW""]"
P03372,NR3A1,ERα,Steroid hormone receptors,8BZD,8BZD_2,2,"[""X-RAY DIFFRACTION""]",True,[1.5],1.5,1.5,ULTRAHIGH_LT_1_8,[0.2031],0.2031,0.2031,PASS_ALL_LE_0_30,311,547,237,UNIPROT_PROSITE_NR_LBD,UNIPROT_CANONICAL_1_BASED_INCLUSIVE,0,0.0,NO_LBD_OVERLAP,False,0.0,0.0,False,,False,MULTIPLE_REASONS,"[""NO_LBD_OVERLAP"", ""RESOLUTION_REVIEW""]"
P03372,NR3A1,ERα,Steroid hormone receptors,8BZE,8BZE_2,2,"[""X-RAY DIFFRACTION""]",True,[1.43],1.43,1.43,ULTRAHIGH_LT_1_8,[0.1901],0.1901,0.1901,PASS_ALL_LE_0_30,311,547,237,UNIPROT_PROSITE_NR_LBD,UNIPROT_CANONICAL_1_BASED_INCLUSIVE,0,0.0,NO_LBD_OVERLAP,False,0.0,0.0,False,,False,MULTIPLE_REASONS,"[""NO_LBD_OVERLAP"", ""RESOLUTION_REVIEW""]"
P03372,NR3A1,ERα,Steroid hormone receptors,8BZF,8BZF_2,2,"[""X-RAY DIFFRACTION""]",True,[1.53],1.53,1.53,ULTRAHIGH_LT_1_8,[0.2142],0.2142,0.2142,PASS_ALL_LE_0_30,311,547,237,UNIPROT_PROSITE_NR_LBD,UNIPROT_CANONICAL_1_BASED_INCLUSIVE,0,0.0,NO_LBD_OVERLAP,False,0.0,0.0,False,,False,MULTIPLE_REASONS,"[""NO_LBD_OVERLAP"", ""RESOLUTION_REVIEW""]"
P03372,NR3A1,ERα,Steroid hormone receptors,8BZG,8BZG_2,2,"[""X-RAY DIFFRACTION""]",True,[1.49],1.49,1.49,ULTRAHIGH_LT_1_8,[0.1891],0.1891,0.1891,PASS_ALL_LE_0_30,311,547,237,UNIPROT_PROSITE_NR_LBD,UNIPROT_CANONICAL_1_BASED_INCLUSIVE,0,0.0,NO_LBD_OVERLAP,False,0.0,0.0,False,,False,MULTIPLE_REASONS,"[""NO_LBD_OVERLAP"", ""RESOLUTION_REVIEW""]"
P03372,NR3A1,ERα,Steroid hormone receptors,8BZH,8BZH_2,2,"[""X-RAY DIFFRACTION""]",True,[1.46],1.46,1.46,ULTRAHIGH_LT_1_8,[0.1889],0.1889,0.1889,PASS_ALL_LE_0_30,311,547,237,UNIPROT_PROSITE_NR_LBD,UNIPROT_CANONICAL_1_BASED_INCLUSIVE,0,0.0,NO_LBD_OVERLAP,False,0.0,0.0,False,,False,MULTIPLE_REASONS,"[""NO_LBD_OVERLAP"", ""RESOLUTION_REVIEW""]"
P03372,NR3A1,ERα,Steroid hormone receptors,8BZT,8BZT_2,2,"[""X-RAY DIFFRACTION""]",True,[1.65],1.65,1.65,ULTRAHIGH_LT_1_8,[0.208],0.208,0.208,PASS_ALL_LE_0_30,311,547,237,UNIPROT_PROSITE_NR_LBD,UNIPROT_CANONICAL_1_BASED_INCLUSIVE,0,0.0,NO_LBD_OVERLAP,False,0.0,0.0,False,,False,MULTIPLE_REASONS,"[""NO_LBD_OVERLAP"", ""RESOLUTION_REVIEW""]"
P03372,NR3A1,ERα,Steroid hormone receptors,8BZW,8BZW_2,2,"[""X-RAY DIFFRACTION""]",True,[1.1],1.1,1.1,ULTRAHIGH_LT_1_8,[0.1925],0.1925,0.1925,PASS_ALL_LE_0_30,311,547,237,UNIPROT_PROSITE_NR_LBD,UNIPROT_CANONICAL_1_BASED_INCLUSIVE,0,0.0,NO_LBD_OVERLAP,False,0.0,0.0,False,,False,MULTIPLE_REASONS,"[""NO_LBD_OVERLAP"", ""RESOLUTION_REVIEW""]"
P03372,NR3A1,ERα,Steroid hormone receptors,8C04,8C04_2,2,"[""X-RAY DIFFRACTION""]",True,[1.1],1.1,1.1,ULTRAHIGH_LT_1_8,[0.1972],0.1972,0.1972,PASS_ALL_LE_0_30,311,547,237,UNIPROT_PROSITE_NR_LBD,UNIPROT_CANONICAL_1_BASED_INCLUSIVE,0,0.0,NO_LBD_OVERLAP,False,0.0,0.0,False,,False,MULTIPLE_REASONS,"[""NO_LBD_OVERLAP"", ""RESOLUTION_REVIEW""]"
P03372,NR3A1,ERα,Steroid hormone receptors,8C0K,8C0K_2,2,"[""X-RAY DIFFRACTION""]",True,[1.4],1.4,1.4,ULTRAHIGH_LT_1_8,[0.1841],0.1841,0.1841,PASS_ALL_LE_0_30,311,547,237,UNIPROT_PROSITE_NR_LBD,UNIPROT_CANONICAL_1_BASED_INCLUSIVE,0,0.0,NO_LBD_OVERLAP,False,0.0,0.0,False,,False,MULTIPLE_REASONS,"[""NO_LBD_OVERLAP"", ""RESOLUTION_REVIEW""]"
P03372,NR3A1,ERα,Steroid hormone receptors,8C0L,8C0L_2,2,"[""X-RAY DIFFRACTION""]",True,[1.6],1.6,1.6,ULTRAHIGH_LT_1_8,[0.2076],0.2076,0.2076,PASS_ALL_LE_0_30,311,547,237,UNIPROT_PROSITE_NR_LBD,UNIPROT_CANONICAL_1_BASED_INCLUSIVE,0,0.0,NO_LBD_OVERLAP,False,0.0,0.0,False,,False,MULTIPLE_REASONS,"[""NO_LBD_OVERLAP"", ""RESOLUTION_REVIEW""]"
P03372,NR3A1,ERα,Steroid hormone receptors,8C42,8C42_2,2,"[""X-RAY DIFFRACTION""]",True,[1.4],1.4,1.4,ULTRAHIGH_LT_1_8,[0.196],0.196,0.196,PASS_ALL_LE_0_30,311,547,237,UNIPROT_PROSITE_NR_LBD,UNIPROT_CANONICAL_1_BASED_INCLUSIVE,0,0.0,NO_LBD_OVERLAP,False,0.0,0.0,False,,False,MULTIPLE_REASONS,"[""NO_LBD_OVERLAP"", ""RESOLUTION_REVIEW""]"
P03372,NR3A1,ERα,Steroid hormone receptors,8C4F,8C4F_2,2,"[""X-RAY DIFFRACTION""]",True,[1.4],1.4,1.4,ULTRAHIGH_LT_1_8,[0.2014],0.2014,0.2014,PASS_ALL_LE_0_30,311,547,237,UNIPROT_PROSITE_NR_LBD,UNIPROT_CANONICAL_1_BASED_INCLUSIVE,0,0.0,NO_LBD_OVERLAP,False,0.0,0.0,False,,False,MULTIPLE_REASONS,"[""NO_LBD_OVERLAP"", ""RESOLUTION_REVIEW""]"
P03372,NR3A1,ERα,Steroid hormone receptors,8C4G,8C4G_2,2,"[""X-RAY DIFFRACTION""]",True,[1.46],1.46,1.46,ULTRAHIGH_LT_1_8,[0.2196],0.2196,0.2196,PASS_ALL_LE_0_30,311,547,237,UNIPROT_PROSITE_NR_LBD,UNIPROT_CANONICAL_1_BASED_INCLUSIVE,0,0.0,NO_LBD_OVERLAP,False,0.0,0.0,False,,False,MULTIPLE_REASONS,"[""NO_LBD_OVERLAP"", ""RESOLUTION_REVIEW""]"
P03372,NR3A1,ERα,Steroid hormone receptors,8DU6,8DU6_1,1,"[""X-RAY DIFFRACTION""]",True,[2.1],2.1,2.1,PASS_PROJECT_RANGE,[0.239],0.239,0.239,PASS_ALL_LE_0_30,311,547,237,UNIPROT_PROSITE_NR_LBD,UNIPROT_CANONICAL_1_BASED_INCLUSIVE,237,1.0,NEAR_COMPLETE_LBD,True,0.0,0.0,False,,True,PROJECT_PREFILTER_PASS,[]
P03372,NR3A1,ERα,Steroid hormone receptors,8DU8,8DU8_1,1,"[""X-RAY DIFFRACTION""]",True,[1.47],1.47,1.47,ULTRAHIGH_LT_1_8,[0.1941],0.1941,0.1941,PASS_ALL_LE_0_30,311,547,237,UNIPROT_PROSITE_NR_LBD,UNIPROT_CANONICAL_1_BASED_INCLUSIVE,237,1.0,NEAR_COMPLETE_LBD,True,0.0,0.0,False,,False,RESOLUTION_REVIEW,"[""RESOLUTION_REVIEW""]"
P03372,NR3A1,ERα,Steroid hormone receptors,8DU9,8DU9_1,1,"[""X-RAY DIFFRACTION""]",True,[2.5],2.5,2.5,PASS_PROJECT_RANGE,[0.2578],0.2578,0.2578,PASS_ALL_LE_0_30,311,547,237,UNIPROT_PROSITE_NR_LBD,UNIPROT_CANONICAL_1_BASED_INCLUSIVE,237,1.0,NEAR_COMPLETE_LBD,True,0.0,0.0,False,,True,PROJECT_PREFILTER_PASS,[]
P03372,NR3A1,ERα,Steroid hormone receptors,8DUB,8DUB_1,1,"[""X-RAY DIFFRACTION""]",True,[1.84],1.84,1.84,PASS_PROJECT_RANGE,[0.2205],0.2205,0.2205,PASS_ALL_LE_0_30,311,547,237,UNIPROT_PROSITE_NR_LBD,UNIPROT_CANONICAL_1_BASED_INCLUSIVE,237,1.0,NEAR_COMPLETE_LBD,True,0.0,0.0,False,,True,PROJECT_PREFILTER_PASS,[]
P03372,NR3A1,ERα,Steroid hormone receptors,8DUC,8DUC_1,1,"[""X-RAY DIFFRACTION""]",True,[1.7],1.7,1.7,ULTRAHIGH_LT_1_8,[0.2624],0.2624,0.2624,PASS_ALL_LE_0_30,311,547,237,UNIPROT_PROSITE_NR_LBD,UNIPROT_CANONICAL_1_BASED_INCLUSIVE,237,1.0,NEAR_COMPLETE_LBD,True,0.0,0.0,False,,False,RESOLUTION_REVIEW,"[""RESOLUTION_REVIEW""]"
P03372,NR3A1,ERα,Steroid hormone receptors,8DUD,8DUD_1,1,"[""X-RAY DIFFRACTION""]",True,[1.81],1.81,1.81,PASS_PROJECT_RANGE,[0.2551],0.2551,0.2551,PASS_ALL_LE_0_30,311,547,237,UNIPROT_PROSITE_NR_LBD,UNIPROT_CANONICAL_1_BASED_INCLUSIVE,237,1.0,NEAR_COMPLETE_LBD,True,0.0,0.0,False,,True,PROJECT_PREFILTER_PASS,[]
P03372,NR3A1,ERα,Steroid hormone receptors,8DUG,8DUG_1,1,"[""X-RAY DIFFRACTION""]",True,[2.2],2.2,2.2,PASS_PROJECT_RANGE,[0.2502],0.2502,0.2502,PASS_ALL_LE_0_30,311,547,237,UNIPROT_PROSITE_NR_LBD,UNIPROT_CANONICAL_1_BASED_INCLUSIVE,237,1.0,NEAR_COMPLETE_LBD,True,0.0,0.0,False,,True,PROJECT_PREFILTER_PASS,[]
P03372,NR3A1,ERα,Steroid hormone receptors,8DUH,8DUH_1,1,"[""X-RAY DIFFRACTION""]",True,[1.9],1.9,1.9,PASS_PROJECT_RANGE,[0.2351],0.2351,0.2351,PASS_ALL_LE_0_30,311,547,237,UNIPROT_PROSITE_NR_LBD,UNIPROT_CANONICAL_1_BASED_INCLUSIVE,237,1.0,NEAR_COMPLETE_LBD,True,0.0,0.0,False,,True,PROJECT_PREFILTER_PASS,[]
P03372,NR3A1,ERα,Steroid hormone receptors,8DUI,8DUI_1,1,"[""X-RAY DIFFRACTION""]",True,[2.04],2.04,2.04,PASS_PROJECT_RANGE,[0.2264],0.2264,0.2264,PASS_ALL_LE_0_30,311,547,237,UNIPROT_PROSITE_NR_LBD,UNIPROT_CANONICAL_1_BASED_INCLUSIVE,237,1.0,NEAR_COMPLETE_LBD,True,0.0,0.0,False,,True,PROJECT_PREFILTER_PASS,[]
P03372,NR3A1,ERα,Steroid hormone receptors,8DUK,8DUK_1,1,"[""X-RAY DIFFRACTION""]",True,[1.7],1.7,1.7,ULTRAHIGH_LT_1_8,[0.2684],0.2684,0.2684,PASS_ALL_LE_0_30,311,547,237,UNIPROT_PROSITE_NR_LBD,UNIPROT_CANONICAL_1_BASED_INCLUSIVE,237,1.0,NEAR_COMPLETE_LBD,True,0.0,0.0,False,,False,RESOLUTION_REVIEW,"[""RESOLUTION_REVIEW""]"
P03372,NR3A1,ERα,Steroid hormone receptors,8DUS,8DUS_1,1,"[""X-RAY DIFFRACTION""]",True,[1.9],1.9,1.9,PASS_PROJECT_RANGE,[0.3268],0.3268,0.3268,FAIL_ALL_GT_0_30,311,547,237,UNIPROT_PROSITE_NR_LBD,UNIPROT_CANONICAL_1_BASED_INCLUSIVE,237,1.0,NEAR_COMPLETE_LBD,True,0.0,0.0,False,,False,RFREE_REVIEW,"[""RFREE_REVIEW""]"
P03372,NR3A1,ERα,Steroid hormone receptors,8DV5,8DV5_1,1,"[""X-RAY DIFFRACTION""]",True,[1.85],1.85,1.85,PASS_PROJECT_RANGE,[0.2131],0.2131,0.2131,PASS_ALL_LE_0_30,311,547,237,UNIPROT_PROSITE_NR_LBD,UNIPROT_CANONICAL_1_BASED_INCLUSIVE,237,1.0,NEAR_COMPLETE_LBD,True,0.0,0.0,False,,True,PROJECT_PREFILTER_PASS,[]
P03372,NR3A1,ERα,Steroid hormone receptors,8DV7,8DV7_1,1,"[""X-RAY DIFFRACTION""]",True,[1.59],1.59,1.59,ULTRAHIGH_LT_1_8,[0.2079],0.2079,0.2079,PASS_ALL_LE_0_30,311,547,237,UNIPROT_PROSITE_NR_LBD,UNIPROT_CANONICAL_1_BASED_INCLUSIVE,237,1.0,NEAR_COMPLETE_LBD,True,0.0,0.0,False,,False,RESOLUTION_REVIEW,"[""RESOLUTION_REVIEW""]"
P03372,NR3A1,ERα,Steroid hormone receptors,8DV8,8DV8_1,1,"[""X-RAY DIFFRACTION""]",True,[1.7],1.7,1.7,ULTRAHIGH_LT_1_8,[0.2109],0.2109,0.2109,PASS_ALL_LE_0_30,311,547,237,UNIPROT_PROSITE_NR_LBD,UNIPROT_CANONICAL_1_BASED_INCLUSIVE,237,1.0,NEAR_COMPLETE_LBD,True,0.0,0.0,False,,False,RESOLUTION_REVIEW,"[""RESOLUTION_REVIEW""]"
P03372,NR3A1,ERα,Steroid hormone receptors,8DVB,8DVB_1,1,"[""X-RAY DIFFRACTION""]",True,[2.19],2.19,2.19,PASS_PROJECT_RANGE,[0.2421],0.2421,0.2421,PASS_ALL_LE_0_30,311,547,237,UNIPROT_PROSITE_NR_LBD,UNIPROT_CANONICAL_1_BASED_INCLUSIVE,237,1.0,NEAR_COMPLETE_LBD,True,0.0,0.0,False,,True,PROJECT_PREFILTER_PASS,[]
P03372,NR3A1,ERα,Steroid hormone receptors,8EV1,8EV1_1,1,"[""X-RAY DIFFRACTION""]",True,[1.83],1.83,1.83,PASS_PROJECT_RANGE,[0.2242],0.2242,0.2242,PASS_ALL_LE_0_30,311,547,237,UNIPROT_PROSITE_NR_LBD,UNIPROT_CANONICAL_1_BASED_INCLUSIVE,237,1.0,NEAR_COMPLETE_LBD,True,0.0,0.0,False,,True,PROJECT_PREFILTER_PASS,[]
P03372,NR3A1,ERα,Steroid hormone receptors,8EV1,8EV1_2,2,"[""X-RAY DIFFRACTION""]",True,[1.83],1.83,1.83,PASS_PROJECT_RANGE,[0.2242],0.2242,0.2242,PASS_ALL_LE_0_30,311,547,237,UNIPROT_PROSITE_NR_LBD,UNIPROT_CANONICAL_1_BASED_INCLUSIVE,237,1.0,NEAR_COMPLETE_LBD,True,0.0,0.0,False,,True,PROJECT_PREFILTER_PASS,[]
P03372,NR3A1,ERα,Steroid hormone receptors,8EV2,8EV2_1,1,"[""X-RAY DIFFRACTION""]",True,[2.01],2.01,2.01,PASS_PROJECT_RANGE,[0.2479],0.2479,0.2479,PASS_ALL_LE_0_30,311,547,237,UNIPROT_PROSITE_NR_LBD,UNIPROT_CANONICAL_1_BASED_INCLUSIVE,237,1.0,NEAR_COMPLETE_LBD,True,0.0,0.0,False,,True,PROJECT_PREFILTER_PASS,[]
P03372,NR3A1,ERα,Steroid hormone receptors,8VV1,8VV1_1,1,"[""X-RAY DIFFRACTION""]",True,[2.196],2.196,2.196,PASS_PROJECT_RANGE,[0.2306],0.2306,0.2306,PASS_ALL_LE_0_30,311,547,237,UNIPROT_PROSITE_NR_LBD,UNIPROT_CANONICAL_1_BASED_INCLUSIVE,237,1.0,NEAR_COMPLETE_LBD,True,0.0,0.0,False,,True,PROJECT_PREFILTER_PASS,[]
P03372,NR3A1,ERα,Steroid hormone receptors,8VYT,8VYT_1,1,"[""X-RAY DIFFRACTION""]",True,[1.61],1.61,1.61,ULTRAHIGH_LT_1_8,[0.2118],0.2118,0.2118,PASS_ALL_LE_0_30,311,547,237,UNIPROT_PROSITE_NR_LBD,UNIPROT_CANONICAL_1_BASED_INCLUSIVE,237,1.0,NEAR_COMPLETE_LBD,True,0.0,0.0,False,,False,RESOLUTION_REVIEW,"[""RESOLUTION_REVIEW""]"
P03372,NR3A1,ERα,Steroid hormone receptors,8VYX,8VYX_1,1,"[""X-RAY DIFFRACTION""]",True,[1.69],1.69,1.69,ULTRAHIGH_LT_1_8,[0.2462],0.2462,0.2462,PASS_ALL_LE_0_30,311,547,237,UNIPROT_PROSITE_NR_LBD,UNIPROT_CANONICAL_1_BASED_INCLUSIVE,236,0.995781,NEAR_COMPLETE_LBD,True,0.0,0.0,False,,False,RESOLUTION_REVIEW,"[""RESOLUTION_REVIEW""]"
P03372,NR3A1,ERα,Steroid hormone receptors,8VZ0,8VZ0_1,1,"[""X-RAY DIFFRACTION""]",True,[1.86],1.86,1.86,PASS_PROJECT_RANGE,[0.249],0.249,0.249,PASS_ALL_LE_0_30,311,547,237,UNIPROT_PROSITE_NR_LBD,UNIPROT_CANONICAL_1_BASED_INCLUSIVE,236,0.995781,NEAR_COMPLETE_LBD,True,0.0,0.0,False,,True,PROJECT_PREFILTER_PASS,[]
P03372,NR3A1,ERα,Steroid hormone receptors,8VZ1,8VZ1_1,1,"[""X-RAY DIFFRACTION""]",True,[1.82],1.82,1.82,PASS_PROJECT_RANGE,[0.2745],0.2745,0.2745,PASS_ALL_LE_0_30,311,547,237,UNIPROT_PROSITE_NR_LBD,UNIPROT_CANONICAL_1_BASED_INCLUSIVE,237,1.0,NEAR_COMPLETE_LBD,True,0.0,0.0,False,,True,PROJECT_PREFILTER_PASS,[]
P03372,NR3A1,ERα,Steroid hormone receptors,8VZP,8VZP_1,1,"[""X-RAY DIFFRACTION""]",True,[1.72],1.72,1.72,ULTRAHIGH_LT_1_8,[0.2216],0.2216,0.2216,PASS_ALL_LE_0_30,311,547,237,UNIPROT_PROSITE_NR_LBD,UNIPROT_CANONICAL_1_BASED_INCLUSIVE,236,0.995781,NEAR_COMPLETE_LBD,True,0.0,0.0,False,,False,RESOLUTION_REVIEW,"[""RESOLUTION_REVIEW""]"
P03372,NR3A1,ERα,Steroid hormone receptors,8VZQ,8VZQ_1,1,"[""X-RAY DIFFRACTION""]",True,[1.75],1.75,1.75,ULTRAHIGH_LT_1_8,[0.2201],0.2201,0.2201,PASS_ALL_LE_0_30,311,547,237,UNIPROT_PROSITE_NR_LBD,UNIPROT_CANONICAL_1_BASED_INCLUSIVE,236,0.995781,NEAR_COMPLETE_LBD,True,0.0,0.0,False,,False,RESOLUTION_REVIEW,"[""RESOLUTION_REVIEW""]"
P03372,NR3A1,ERα,Steroid hormone receptors,8W03,8W03_1,1,"[""X-RAY DIFFRACTION""]",True,[1.68],1.68,1.68,ULTRAHIGH_LT_1_8,[0.2447],0.2447,0.2447,PASS_ALL_LE_0_30,311,547,237,UNIPROT_PROSITE_NR_LBD,UNIPROT_CANONICAL_1_BASED_INCLUSIVE,236,0.995781,NEAR_COMPLETE_LBD,True,0.0,0.0,False,,False,RESOLUTION_REVIEW,"[""RESOLUTION_REVIEW""]"
P03372,NR3A1,ERα,Steroid hormone receptors,8W07,8W07_1,1,"[""X-RAY DIFFRACTION""]",True,[1.83],1.83,1.83,PASS_PROJECT_RANGE,[0.2177],0.2177,0.2177,PASS_ALL_LE_0_30,311,547,237,UNIPROT_PROSITE_NR_LBD,UNIPROT_CANONICAL_1_BASED_INCLUSIVE,236,0.995781,NEAR_COMPLETE_LBD,True,0.0,0.0,False,,True,PROJECT_PREFILTER_PASS,[]
P03372,NR3A1,ERα,Steroid hormone receptors,9B25,9B25_1,1,"[""X-RAY DIFFRACTION""]",True,[1.45],1.45,1.45,ULTRAHIGH_LT_1_8,[0.2232],0.2232,0.2232,PASS_ALL_LE_0_30,311,547,237,UNIPROT_PROSITE_NR_LBD,UNIPROT_CANONICAL_1_BASED_INCLUSIVE,237,1.0,NEAR_COMPLETE_LBD,True,0.0,0.0,False,,False,RESOLUTION_REVIEW,"[""RESOLUTION_REVIEW""]"
P03372,NR3A1,ERα,Steroid hormone receptors,9B2B,9B2B_1,1,"[""X-RAY DIFFRACTION""]",True,[2.08],2.08,2.08,PASS_PROJECT_RANGE,[0.3182],0.3182,0.3182,FAIL_ALL_GT_0_30,311,547,237,UNIPROT_PROSITE_NR_LBD,UNIPROT_CANONICAL_1_BASED_INCLUSIVE,237,1.0,NEAR_COMPLETE_LBD,True,0.0,0.0,False,,False,RFREE_REVIEW,"[""RFREE_REVIEW""]"
P03372,NR3A1,ERα,Steroid hormone receptors,9BPX,9BPX_1,1,"[""X-RAY DIFFRACTION""]",True,[2.2],2.2,2.2,PASS_PROJECT_RANGE,[0.2211],0.2211,0.2211,PASS_ALL_LE_0_30,311,547,237,UNIPROT_PROSITE_NR_LBD,UNIPROT_CANONICAL_1_BASED_INCLUSIVE,237,1.0,NEAR_COMPLETE_LBD,True,0.0,0.0,False,,True,PROJECT_PREFILTER_PASS,[]
P03372,NR3A1,ERα,Steroid hormone receptors,9BQE,9BQE_1,1,"[""X-RAY DIFFRACTION""]",True,[1.98],1.98,1.98,PASS_PROJECT_RANGE,[0.2665],0.2665,0.2665,PASS_ALL_LE_0_30,311,547,237,UNIPROT_PROSITE_NR_LBD,UNIPROT_CANONICAL_1_BASED_INCLUSIVE,237,1.0,NEAR_COMPLETE_LBD,True,0.0,0.0,False,,True,PROJECT_PREFILTER_PASS,[]
P03372,NR3A1,ERα,Steroid hormone receptors,9BU1,9BU1_1,1,"[""X-RAY DIFFRACTION""]",True,[1.75],1.75,1.75,ULTRAHIGH_LT_1_8,[0.2262],0.2262,0.2262,PASS_ALL_LE_0_30,311,547,237,UNIPROT_PROSITE_NR_LBD,UNIPROT_CANONICAL_1_BASED_INCLUSIVE,237,1.0,NEAR_COMPLETE_LBD,True,0.0,0.0,False,,False,RESOLUTION_REVIEW,"[""RESOLUTION_REVIEW""]"
P03372,NR3A1,ERα,Steroid hormone receptors,9EBG,9EBG_2,2,"[""X-RAY DIFFRACTION""]",True,[2.02],2.02,2.02,PASS_PROJECT_RANGE,[0.2479],0.2479,0.2479,PASS_ALL_LE_0_30,311,547,237,UNIPROT_PROSITE_NR_LBD,UNIPROT_CANONICAL_1_BASED_INCLUSIVE,237,1.0,NEAR_COMPLETE_LBD,True,0.0,0.0,False,,True,PROJECT_PREFILTER_PASS,[]
P03372,NR3A1,ERα,Steroid hormone receptors,9ECK,9ECK_1,1,"[""X-RAY DIFFRACTION""]",True,[3.2],3.2,3.2,PASS_PROJECT_RANGE,[0.2928],0.2928,0.2928,PASS_ALL_LE_0_30,311,547,237,UNIPROT_PROSITE_NR_LBD,UNIPROT_CANONICAL_1_BASED_INCLUSIVE,237,1.0,NEAR_COMPLETE_LBD,True,0.0,0.0,False,,True,PROJECT_PREFILTER_PASS,[]
P03372,NR3A1,ERα,Steroid hormone receptors,9I6S,9I6S_2,2,"[""X-RAY DIFFRACTION""]",True,[1.3],1.3,1.3,ULTRAHIGH_LT_1_8,[0.18217],0.18217,0.18217,PASS_ALL_LE_0_30,311,547,237,UNIPROT_PROSITE_NR_LBD,UNIPROT_CANONICAL_1_BASED_INCLUSIVE,0,0.0,NO_LBD_OVERLAP,False,0.0,0.0,False,,False,MULTIPLE_REASONS,"[""NO_LBD_OVERLAP"", ""RESOLUTION_REVIEW""]"
P03372,NR3A1,ERα,Steroid hormone receptors,9I6T,9I6T_2,2,"[""X-RAY DIFFRACTION""]",True,[1.3],1.3,1.3,ULTRAHIGH_LT_1_8,[0.15383],0.15383,0.15383,PASS_ALL_LE_0_30,311,547,237,UNIPROT_PROSITE_NR_LBD,UNIPROT_CANONICAL_1_BASED_INCLUSIVE,0,0.0,NO_LBD_OVERLAP,False,0.0,0.0,False,,False,MULTIPLE_REASONS,"[""NO_LBD_OVERLAP"", ""RESOLUTION_REVIEW""]"
P03372,NR3A1,ERα,Steroid hormone receptors,9I6U,9I6U_2,2,"[""X-RAY DIFFRACTION""]",True,[1.3],1.3,1.3,ULTRAHIGH_LT_1_8,[0.16055],0.16055,0.16055,PASS_ALL_LE_0_30,311,547,237,UNIPROT_PROSITE_NR_LBD,UNIPROT_CANONICAL_1_BASED_INCLUSIVE,0,0.0,NO_LBD_OVERLAP,False,0.0,0.0,False,,False,MULTIPLE_REASONS,"[""NO_LBD_OVERLAP"", ""RESOLUTION_REVIEW""]"
P03372,NR3A1,ERα,Steroid hormone receptors,9I6V,9I6V_2,2,"[""X-RAY DIFFRACTION""]",True,[1.3],1.3,1.3,ULTRAHIGH_LT_1_8,[0.15826],0.15826,0.15826,PASS_ALL_LE_0_30,311,547,237,UNIPROT_PROSITE_NR_LBD,UNIPROT_CANONICAL_1_BASED_INCLUSIVE,0,0.0,NO_LBD_OVERLAP,False,0.0,0.0,False,,False,MULTIPLE_REASONS,"[""NO_LBD_OVERLAP"", ""RESOLUTION_REVIEW""]"
P03372,NR3A1,ERα,Steroid hormone receptors,9I6W,9I6W_2,2,"[""X-RAY DIFFRACTION""]",True,[1.3],1.3,1.3,ULTRAHIGH_LT_1_8,[0.17205],0.17205,0.17205,PASS_ALL_LE_0_30,311,547,237,UNIPROT_PROSITE_NR_LBD,UNIPROT_CANONICAL_1_BASED_INCLUSIVE,0,0.0,NO_LBD_OVERLAP,False,0.0,0.0,False,,False,MULTIPLE_REASONS,"[""NO_LBD_OVERLAP"", ""RESOLUTION_REVIEW""]"
P03372,NR3A1,ERα,Steroid hormone receptors,9I6X,9I6X_2,2,"[""X-RAY DIFFRACTION""]",True,[1.3],1.3,1.3,ULTRAHIGH_LT_1_8,[0.16275],0.16275,0.16275,PASS_ALL_LE_0_30,311,547,237,UNIPROT_PROSITE_NR_LBD,UNIPROT_CANONICAL_1_BASED_INCLUSIVE,0,0.0,NO_LBD_OVERLAP,False,0.0,0.0,False,,False,MULTIPLE_REASONS,"[""NO_LBD_OVERLAP"", ""RESOLUTION_REVIEW""]"
P03372,NR3A1,ERα,Steroid hormone receptors,9I6Y,9I6Y_2,2,"[""X-RAY DIFFRACTION""]",True,[1.5],1.5,1.5,ULTRAHIGH_LT_1_8,[0.1795],0.1795,0.1795,PASS_ALL_LE_0_30,311,547,237,UNIPROT_PROSITE_NR_LBD,UNIPROT_CANONICAL_1_BASED_INCLUSIVE,0,0.0,NO_LBD_OVERLAP,False,0.0,0.0,False,,False,MULTIPLE_REASONS,"[""NO_LBD_OVERLAP"", ""RESOLUTION_REVIEW""]"
P03372,NR3A1,ERα,Steroid hormone receptors,9I6Z,9I6Z_2,2,"[""X-RAY DIFFRACTION""]",True,[1.4],1.4,1.4,ULTRAHIGH_LT_1_8,[0.15727],0.15727,0.15727,PASS_ALL_LE_0_30,311,547,237,UNIPROT_PROSITE_NR_LBD,UNIPROT_CANONICAL_1_BASED_INCLUSIVE,0,0.0,NO_LBD_OVERLAP,False,0.0,0.0,False,,False,MULTIPLE_REASONS,"[""NO_LBD_OVERLAP"", ""RESOLUTION_REVIEW""]"
P03372,NR3A1,ERα,Steroid hormone receptors,9I70,9I70_2,2,"[""X-RAY DIFFRACTION""]",True,[1.4],1.4,1.4,ULTRAHIGH_LT_1_8,[0.14697],0.14697,0.14697,PASS_ALL_LE_0_30,311,547,237,UNIPROT_PROSITE_NR_LBD,UNIPROT_CANONICAL_1_BASED_INCLUSIVE,0,0.0,NO_LBD_OVERLAP,False,0.0,0.0,False,,False,MULTIPLE_REASONS,"[""NO_LBD_OVERLAP"", ""RESOLUTION_REVIEW""]"
P03372,NR3A1,ERα,Steroid hormone receptors,9I71,9I71_2,2,"[""X-RAY DIFFRACTION""]",True,[1.35],1.35,1.35,ULTRAHIGH_LT_1_8,[0.16196],0.16196,0.16196,PASS_ALL_LE_0_30,311,547,237,UNIPROT_PROSITE_NR_LBD,UNIPROT_CANONICAL_1_BASED_INCLUSIVE,0,0.0,NO_LBD_OVERLAP,False,0.0,0.0,False,,False,MULTIPLE_REASONS,"[""NO_LBD_OVERLAP"", ""RESOLUTION_REVIEW""]"
P03372,NR3A1,ERα,Steroid hormone receptors,9I72,9I72_2,2,"[""X-RAY DIFFRACTION""]",True,[1.35],1.35,1.35,ULTRAHIGH_LT_1_8,[0.16441],0.16441,0.16441,PASS_ALL_LE_0_30,311,547,237,UNIPROT_PROSITE_NR_LBD,UNIPROT_CANONICAL_1_BASED_INCLUSIVE,0,0.0,NO_LBD_OVERLAP,False,0.0,0.0,False,,False,MULTIPLE_REASONS,"[""NO_LBD_OVERLAP"", ""RESOLUTION_REVIEW""]"
P03372,NR3A1,ERα,Steroid hormone receptors,9I73,9I73_2,2,"[""X-RAY DIFFRACTION""]",True,[1.4],1.4,1.4,ULTRAHIGH_LT_1_8,[0.15418],0.15418,0.15418,PASS_ALL_LE_0_30,311,547,237,UNIPROT_PROSITE_NR_LBD,UNIPROT_CANONICAL_1_BASED_INCLUSIVE,0,0.0,NO_LBD_OVERLAP,False,0.0,0.0,False,,False,MULTIPLE_REASONS,"[""NO_LBD_OVERLAP"", ""RESOLUTION_REVIEW""]"
P03372,NR3A1,ERα,Steroid hormone receptors,9I74,9I74_2,2,"[""X-RAY DIFFRACTION""]",True,[1.5],1.5,1.5,ULTRAHIGH_LT_1_8,[0.16045],0.16045,0.16045,PASS_ALL_LE_0_30,311,547,237,UNIPROT_PROSITE_NR_LBD,UNIPROT_CANONICAL_1_BASED_INCLUSIVE,0,0.0,NO_LBD_OVERLAP,False,0.0,0.0,False,,False,MULTIPLE_REASONS,"[""NO_LBD_OVERLAP"", ""RESOLUTION_REVIEW""]"
P03372,NR3A1,ERα,Steroid hormone receptors,9I75,9I75_2,2,"[""X-RAY DIFFRACTION""]",True,[1.4],1.4,1.4,ULTRAHIGH_LT_1_8,[0.15078],0.15078,0.15078,PASS_ALL_LE_0_30,311,547,237,UNIPROT_PROSITE_NR_LBD,UNIPROT_CANONICAL_1_BASED_INCLUSIVE,0,0.0,NO_LBD_OVERLAP,False,0.0,0.0,False,,False,MULTIPLE_REASONS,"[""NO_LBD_OVERLAP"", ""RESOLUTION_REVIEW""]"
P03372,NR3A1,ERα,Steroid hormone receptors,9SV3,9SV3_3,3,"[""ELECTRON MICROSCOPY""]",False,[4.3],4.3,4.3,TOO_LOW_RESOLUTION_GT_3_5,[],,,MISSING,311,547,237,UNIPROT_PROSITE_NR_LBD,UNIPROT_CANONICAL_1_BASED_INCLUSIVE,237,1.0,NEAR_COMPLETE_LBD,True,0.0,0.0,False,,False,MULTIPLE_REASONS,"[""NON_XRAY"", ""RESOLUTION_REVIEW"", ""RFREE_REVIEW"", ""METADATA_INCOMPLETE""]"
P03372,NR3A1,ERα,Steroid hormone receptors,9VT5,9VT5_1,1,"[""X-RAY DIFFRACTION""]",True,[2.27],2.27,2.27,PASS_PROJECT_RANGE,[0.26737],0.26737,0.26737,PASS_ALL_LE_0_30,311,547,237,UNIPROT_PROSITE_NR_LBD,UNIPROT_CANONICAL_1_BASED_INCLUSIVE,237,1.0,NEAR_COMPLETE_LBD,True,0.0,0.0,False,,True,PROJECT_PREFILTER_PASS,[]
P03372,NR3A1,ERα,Steroid hormone receptors,9VTU,9VTU_1,1,"[""X-RAY DIFFRACTION""]",True,[2.09],2.09,2.09,PASS_PROJECT_RANGE,[0.26803],0.26803,0.26803,PASS_ALL_LE_0_30,311,547,237,UNIPROT_PROSITE_NR_LBD,UNIPROT_CANONICAL_1_BASED_INCLUSIVE,237,1.0,NEAR_COMPLETE_LBD,True,0.0,0.0,False,,True,PROJECT_PREFILTER_PASS,[]
P03372,NR3A1,ERα,Steroid hormone receptors,9W11,9W11_1,1,"[""X-RAY DIFFRACTION""]",True,[1.83],1.83,1.83,PASS_PROJECT_RANGE,[0.22573],0.22573,0.22573,PASS_ALL_LE_0_30,311,547,237,UNIPROT_PROSITE_NR_LBD,UNIPROT_CANONICAL_1_BASED_INCLUSIVE,237,1.0,NEAR_COMPLETE_LBD,True,0.0,0.0,False,,True,PROJECT_PREFILTER_PASS,[]
P03372,NR3A1,ERα,Steroid hormone receptors,9W12,9W12_1,1,"[""X-RAY DIFFRACTION""]",True,[1.75],1.75,1.75,ULTRAHIGH_LT_1_8,[0.19661],0.19661,0.19661,PASS_ALL_LE_0_30,311,547,237,UNIPROT_PROSITE_NR_LBD,UNIPROT_CANONICAL_1_BASED_INCLUSIVE,237,1.0,NEAR_COMPLETE_LBD,True,0.0,0.0,False,,False,RESOLUTION_REVIEW,"[""RESOLUTION_REVIEW""]"
P03372,NR3A1,ERα,Steroid hormone receptors,9W13,9W13_1,1,"[""X-RAY DIFFRACTION""]",True,[2.05],2.05,2.05,PASS_PROJECT_RANGE,[0.22396],0.22396,0.22396,PASS_ALL_LE_0_30,311,547,237,UNIPROT_PROSITE_NR_LBD,UNIPROT_CANONICAL_1_BASED_INCLUSIVE,237,1.0,NEAR_COMPLETE_LBD,True,0.0,0.0,False,,True,PROJECT_PREFILTER_PASS,[]
P03372,NR3A1,ERα,Steroid hormone receptors,9WB2,9WB2_1,1,"[""X-RAY DIFFRACTION""]",True,[1.95],1.95,1.95,PASS_PROJECT_RANGE,[0.23785],0.23785,0.23785,PASS_ALL_LE_0_30,311,547,237,UNIPROT_PROSITE_NR_LBD,UNIPROT_CANONICAL_1_BASED_INCLUSIVE,237,1.0,NEAR_COMPLETE_LBD,True,0.0,0.0,False,,True,PROJECT_PREFILTER_PASS,[]
P03372,NR3A1,ERα,Steroid hormone receptors,9Y7E,9Y7E_2,2,"[""X-RAY DIFFRACTION""]",True,[2.28],2.28,2.28,PASS_PROJECT_RANGE,[0.2662],0.2662,0.2662,PASS_ALL_LE_0_30,311,547,237,UNIPROT_PROSITE_NR_LBD,UNIPROT_CANONICAL_1_BASED_INCLUSIVE,0,0.0,NO_LBD_OVERLAP,False,0.0,0.0,False,,False,NO_LBD_OVERLAP,"[""NO_LBD_OVERLAP""]"
P03372,NR3A1,ERα,Steroid hormone receptors,9YC4,9YC4_2,2,"[""X-RAY DIFFRACTION""]",True,[2.152],2.152,2.152,PASS_PROJECT_RANGE,[0.2574],0.2574,0.2574,PASS_ALL_LE_0_30,311,547,237,UNIPROT_PROSITE_NR_LBD,UNIPROT_CANONICAL_1_BASED_INCLUSIVE,0,0.0,NO_LBD_OVERLAP,False,0.0,0.0,False,,False,NO_LBD_OVERLAP,"[""NO_LBD_OVERLAP""]"
Q92731,NR3A2,ERβ,Steroid hormone receptors,1L2J,1L2J_1,1,"[""X-RAY DIFFRACTION""]",True,[2.95],2.95,2.95,PASS_PROJECT_RANGE,[0.299],0.299,0.299,PASS_ALL_LE_0_30,264,498,235,UNIPROT_PROSITE_NR_LBD,UNIPROT_CANONICAL_1_BASED_INCLUSIVE,235,1.0,NEAR_COMPLETE_LBD,True,0.0,0.0,False,,True,PROJECT_PREFILTER_PASS,[]
Q92731,NR3A2,ERβ,Steroid hormone receptors,1NDE,1NDE_1,1,"[""X-RAY DIFFRACTION""]",True,[3.0],3.0,3.0,PASS_PROJECT_RANGE,[0.273],0.273,0.273,PASS_ALL_LE_0_30,264,498,235,UNIPROT_PROSITE_NR_LBD,UNIPROT_CANONICAL_1_BASED_INCLUSIVE,235,1.0,NEAR_COMPLETE_LBD,True,0.0,0.0,False,,True,PROJECT_PREFILTER_PASS,[]
Q92731,NR3A2,ERβ,Steroid hormone receptors,1QKM,1QKM_1,1,"[""X-RAY DIFFRACTION""]",True,[1.8],1.8,1.8,PASS_PROJECT_RANGE,[0.252],0.252,0.252,PASS_ALL_LE_0_30,264,498,235,UNIPROT_PROSITE_NR_LBD,UNIPROT_CANONICAL_1_BASED_INCLUSIVE,235,1.0,NEAR_COMPLETE_LBD,True,0.0,0.0,False,,True,PROJECT_PREFILTER_PASS,[]
Q92731,NR3A2,ERβ,Steroid hormone receptors,1U3Q,1U3Q_1,1,"[""X-RAY DIFFRACTION""]",True,[2.4],2.4,2.4,PASS_PROJECT_RANGE,[0.279],0.279,0.279,PASS_ALL_LE_0_30,264,498,235,UNIPROT_PROSITE_NR_LBD,UNIPROT_CANONICAL_1_BASED_INCLUSIVE,235,1.0,NEAR_COMPLETE_LBD,True,0.0,0.0,False,,True,PROJECT_PREFILTER_PASS,[]
Q92731,NR3A2,ERβ,Steroid hormone receptors,1U3R,1U3R_1,1,"[""X-RAY DIFFRACTION""]",True,[2.21],2.21,2.21,PASS_PROJECT_RANGE,[0.267],0.267,0.267,PASS_ALL_LE_0_30,264,498,235,UNIPROT_PROSITE_NR_LBD,UNIPROT_CANONICAL_1_BASED_INCLUSIVE,235,1.0,NEAR_COMPLETE_LBD,True,0.0,0.0,False,,True,PROJECT_PREFILTER_PASS,[]
Q92731,NR3A2,ERβ,Steroid hormone receptors,1U3S,1U3S_1,1,"[""X-RAY DIFFRACTION""]",True,[2.5],2.5,2.5,PASS_PROJECT_RANGE,[0.25],0.25,0.25,PASS_ALL_LE_0_30,264,498,235,UNIPROT_PROSITE_NR_LBD,UNIPROT_CANONICAL_1_BASED_INCLUSIVE,235,1.0,NEAR_COMPLETE_LBD,True,0.0,0.0,False,,True,PROJECT_PREFILTER_PASS,[]
Q92731,NR3A2,ERβ,Steroid hormone receptors,1U9E,1U9E_1,1,"[""X-RAY DIFFRACTION""]",True,[2.4],2.4,2.4,PASS_PROJECT_RANGE,[0.279],0.279,0.279,PASS_ALL_LE_0_30,264,498,235,UNIPROT_PROSITE_NR_LBD,UNIPROT_CANONICAL_1_BASED_INCLUSIVE,235,1.0,NEAR_COMPLETE_LBD,True,0.0,0.0,False,,True,PROJECT_PREFILTER_PASS,[]
Q92731,NR3A2,ERβ,Steroid hormone receptors,1X76,1X76_1,1,"[""X-RAY DIFFRACTION""]",True,[2.2],2.2,2.2,PASS_PROJECT_RANGE,[0.265],0.265,0.265,PASS_ALL_LE_0_30,264,498,235,UNIPROT_PROSITE_NR_LBD,UNIPROT_CANONICAL_1_BASED_INCLUSIVE,235,1.0,NEAR_COMPLETE_LBD,True,0.0,0.0,False,,True,PROJECT_PREFILTER_PASS,[]
Q92731,NR3A2,ERβ,Steroid hormone receptors,1X78,1X78_1,1,"[""X-RAY DIFFRACTION""]",True,[2.3],2.3,2.3,PASS_PROJECT_RANGE,[0.27],0.27,0.27,PASS_ALL_LE_0_30,264,498,235,UNIPROT_PROSITE_NR_LBD,UNIPROT_CANONICAL_1_BASED_INCLUSIVE,235,1.0,NEAR_COMPLETE_LBD,True,0.0,0.0,False,,True,PROJECT_PREFILTER_PASS,[]
Q92731,NR3A2,ERβ,Steroid hormone receptors,1X7B,1X7B_1,1,"[""X-RAY DIFFRACTION""]",True,[2.3],2.3,2.3,PASS_PROJECT_RANGE,[0.266],0.266,0.266,PASS_ALL_LE_0_30,264,498,235,UNIPROT_PROSITE_NR_LBD,UNIPROT_CANONICAL_1_BASED_INCLUSIVE,235,1.0,NEAR_COMPLETE_LBD,True,0.0,0.0,False,,True,PROJECT_PREFILTER_PASS,[]
Q92731,NR3A2,ERβ,Steroid hormone receptors,1X7J,1X7J_1,1,"[""X-RAY DIFFRACTION""]",True,[2.3],2.3,2.3,PASS_PROJECT_RANGE,[0.282],0.282,0.282,PASS_ALL_LE_0_30,264,498,235,UNIPROT_PROSITE_NR_LBD,UNIPROT_CANONICAL_1_BASED_INCLUSIVE,235,1.0,NEAR_COMPLETE_LBD,True,0.0,0.0,False,,True,PROJECT_PREFILTER_PASS,[]
Q92731,NR3A2,ERβ,Steroid hormone receptors,1YY4,1YY4_1,1,"[""X-RAY DIFFRACTION""]",True,[2.7],2.7,2.7,PASS_PROJECT_RANGE,[0.269],0.269,0.269,PASS_ALL_LE_0_30,264,498,235,UNIPROT_PROSITE_NR_LBD,UNIPROT_CANONICAL_1_BASED_INCLUSIVE,235,1.0,NEAR_COMPLETE_LBD,True,0.0,0.0,False,,True,PROJECT_PREFILTER_PASS,[]
Q92731,NR3A2,ERβ,Steroid hormone receptors,1YYE,1YYE_1,1,"[""X-RAY DIFFRACTION""]",True,[2.03],2.03,2.03,PASS_PROJECT_RANGE,[0.269],0.269,0.269,PASS_ALL_LE_0_30,264,498,235,UNIPROT_PROSITE_NR_LBD,UNIPROT_CANONICAL_1_BASED_INCLUSIVE,235,1.0,NEAR_COMPLETE_LBD,True,0.0,0.0,False,,True,PROJECT_PREFILTER_PASS,[]
Q92731,NR3A2,ERβ,Steroid hormone receptors,1ZAF,1ZAF_1,1,"[""X-RAY DIFFRACTION""]",True,[2.2],2.2,2.2,PASS_PROJECT_RANGE,[0.286],0.286,0.286,PASS_ALL_LE_0_30,264,498,235,UNIPROT_PROSITE_NR_LBD,UNIPROT_CANONICAL_1_BASED_INCLUSIVE,235,1.0,NEAR_COMPLETE_LBD,True,0.0,0.0,False,,True,PROJECT_PREFILTER_PASS,[]
Q92731,NR3A2,ERβ,Steroid hormone receptors,2FSZ,2FSZ_1,1,"[""X-RAY DIFFRACTION""]",True,[2.2],2.2,2.2,PASS_PROJECT_RANGE,[0.299],0.299,0.299,PASS_ALL_LE_0_30,264,498,235,UNIPROT_PROSITE_NR_LBD,UNIPROT_CANONICAL_1_BASED_INCLUSIVE,235,1.0,NEAR_COMPLETE_LBD,True,0.0,0.0,False,,True,PROJECT_PREFILTER_PASS,[]
Q92731,NR3A2,ERβ,Steroid hormone receptors,2GIU,2GIU_1,1,"[""X-RAY DIFFRACTION""]",True,[2.2],2.2,2.2,PASS_PROJECT_RANGE,[0.323],0.323,0.323,FAIL_ALL_GT_0_30,264,498,235,UNIPROT_PROSITE_NR_LBD,UNIPROT_CANONICAL_1_BASED_INCLUSIVE,235,1.0,NEAR_COMPLETE_LBD,True,0.0,0.0,False,,False,RFREE_REVIEW,"[""RFREE_REVIEW""]"
Q92731,NR3A2,ERβ,Steroid hormone receptors,2I0G,2I0G_1,1,"[""X-RAY DIFFRACTION""]",True,[2.5],2.5,2.5,PASS_PROJECT_RANGE,[0.271],0.271,0.271,PASS_ALL_LE_0_30,264,498,235,UNIPROT_PROSITE_NR_LBD,UNIPROT_CANONICAL_1_BASED_INCLUSIVE,235,1.0,NEAR_COMPLETE_LBD,True,0.0,0.0,False,,True,PROJECT_PREFILTER_PASS,[]
Q92731,NR3A2,ERβ,Steroid hormone receptors,2JJ3,2JJ3_1,1,"[""X-RAY DIFFRACTION""]",True,[2.28],2.28,2.28,PASS_PROJECT_RANGE,[0.255],0.255,0.255,PASS_ALL_LE_0_30,264,498,235,UNIPROT_PROSITE_NR_LBD,UNIPROT_CANONICAL_1_BASED_INCLUSIVE,235,1.0,NEAR_COMPLETE_LBD,True,0.0,0.0,False,,True,PROJECT_PREFILTER_PASS,[]
Q92731,NR3A2,ERβ,Steroid hormone receptors,2NV7,2NV7_1,1,"[""X-RAY DIFFRACTION""]",True,[2.1],2.1,2.1,PASS_PROJECT_RANGE,[0.265],0.265,0.265,PASS_ALL_LE_0_30,264,498,235,UNIPROT_PROSITE_NR_LBD,UNIPROT_CANONICAL_1_BASED_INCLUSIVE,235,1.0,NEAR_COMPLETE_LBD,True,0.0,0.0,False,,True,PROJECT_PREFILTER_PASS,[]
Q92731,NR3A2,ERβ,Steroid hormone receptors,2QTU,2QTU_1,1,"[""X-RAY DIFFRACTION""]",True,[2.53],2.53,2.53,PASS_PROJECT_RANGE,[0.279],0.279,0.279,PASS_ALL_LE_0_30,264,498,235,UNIPROT_PROSITE_NR_LBD,UNIPROT_CANONICAL_1_BASED_INCLUSIVE,235,1.0,NEAR_COMPLETE_LBD,True,0.0,0.0,False,,True,PROJECT_PREFILTER_PASS,[]
Q92731,NR3A2,ERβ,Steroid hormone receptors,2YJD,2YJD_1,1,"[""X-RAY DIFFRACTION""]",True,[1.93],1.93,1.93,PASS_PROJECT_RANGE,[0.2602],0.2602,0.2602,PASS_ALL_LE_0_30,264,498,235,UNIPROT_PROSITE_NR_LBD,UNIPROT_CANONICAL_1_BASED_INCLUSIVE,235,1.0,NEAR_COMPLETE_LBD,True,0.0,0.0,False,,True,PROJECT_PREFILTER_PASS,[]
Q92731,NR3A2,ERβ,Steroid hormone receptors,2YLY,2YLY_1,1,"[""X-RAY DIFFRACTION""]",True,[3.2],3.2,3.2,PASS_PROJECT_RANGE,[0.2749],0.2749,0.2749,PASS_ALL_LE_0_30,264,498,235,UNIPROT_PROSITE_NR_LBD,UNIPROT_CANONICAL_1_BASED_INCLUSIVE,235,1.0,NEAR_COMPLETE_LBD,True,0.0,0.0,False,,True,PROJECT_PREFILTER_PASS,[]
Q92731,NR3A2,ERβ,Steroid hormone receptors,2Z4B,2Z4B_1,1,"[""X-RAY DIFFRACTION""]",True,[2.34],2.34,2.34,PASS_PROJECT_RANGE,[0.253],0.253,0.253,PASS_ALL_LE_0_30,264,498,235,UNIPROT_PROSITE_NR_LBD,UNIPROT_CANONICAL_1_BASED_INCLUSIVE,235,1.0,NEAR_COMPLETE_LBD,True,0.0,0.0,False,,True,PROJECT_PREFILTER_PASS,[]
Q92731,NR3A2,ERβ,Steroid hormone receptors,3OLL,3OLL_1,1,"[""X-RAY DIFFRACTION""]",True,[1.5],1.5,1.5,ULTRAHIGH_LT_1_8,[0.20809],0.20809,0.20809,PASS_ALL_LE_0_30,264,498,235,UNIPROT_PROSITE_NR_LBD,UNIPROT_CANONICAL_1_BASED_INCLUSIVE,235,1.0,NEAR_COMPLETE_LBD,True,0.0,0.0,False,,False,RESOLUTION_REVIEW,"[""RESOLUTION_REVIEW""]"
Q92731,NR3A2,ERβ,Steroid hormone receptors,3OLS,3OLS_1,1,"[""X-RAY DIFFRACTION""]",True,[2.2],2.2,2.2,PASS_PROJECT_RANGE,[0.2664],0.2664,0.2664,PASS_ALL_LE_0_30,264,498,235,UNIPROT_PROSITE_NR_LBD,UNIPROT_CANONICAL_1_BASED_INCLUSIVE,235,1.0,NEAR_COMPLETE_LBD,True,0.0,0.0,False,,True,PROJECT_PREFILTER_PASS,[]
Q92731,NR3A2,ERβ,Steroid hormone receptors,3OMO,3OMO_1,1,"[""X-RAY DIFFRACTION""]",True,[2.21],2.21,2.21,PASS_PROJECT_RANGE,[0.2638],0.2638,0.2638,PASS_ALL_LE_0_30,264,498,235,UNIPROT_PROSITE_NR_LBD,UNIPROT_CANONICAL_1_BASED_INCLUSIVE,235,1.0,NEAR_COMPLETE_LBD,True,0.0,0.0,False,,True,PROJECT_PREFILTER_PASS,[]
Q92731,NR3A2,ERβ,Steroid hormone receptors,3OMP,3OMP_1,1,"[""X-RAY DIFFRACTION""]",True,[2.05],2.05,2.05,PASS_PROJECT_RANGE,[0.2547],0.2547,0.2547,PASS_ALL_LE_0_30,264,498,235,UNIPROT_PROSITE_NR_LBD,UNIPROT_CANONICAL_1_BASED_INCLUSIVE,235,1.0,NEAR_COMPLETE_LBD,True,0.0,0.0,False,,True,PROJECT_PREFILTER_PASS,[]
Q92731,NR3A2,ERβ,Steroid hormone receptors,3OMQ,3OMQ_1,1,"[""X-RAY DIFFRACTION""]",True,[1.97],1.97,1.97,PASS_PROJECT_RANGE,[0.26],0.26,0.26,PASS_ALL_LE_0_30,264,498,235,UNIPROT_PROSITE_NR_LBD,UNIPROT_CANONICAL_1_BASED_INCLUSIVE,235,1.0,NEAR_COMPLETE_LBD,True,0.0,0.0,False,,True,PROJECT_PREFILTER_PASS,[]
Q92731,NR3A2,ERβ,Steroid hormone receptors,4J24,4J24_1,1,"[""X-RAY DIFFRACTION""]",True,[2.1],2.1,2.1,PASS_PROJECT_RANGE,[0.22385],0.22385,0.22385,PASS_ALL_LE_0_30,264,498,235,UNIPROT_PROSITE_NR_LBD,UNIPROT_CANONICAL_1_BASED_INCLUSIVE,235,1.0,NEAR_COMPLETE_LBD,True,0.0,0.0,False,,True,PROJECT_PREFILTER_PASS,[]
Q92731,NR3A2,ERβ,Steroid hormone receptors,4J26,4J26_1,1,"[""X-RAY DIFFRACTION""]",True,[2.3],2.3,2.3,PASS_PROJECT_RANGE,[0.24197],0.24197,0.24197,PASS_ALL_LE_0_30,264,498,235,UNIPROT_PROSITE_NR_LBD,UNIPROT_CANONICAL_1_BASED_INCLUSIVE,235,1.0,NEAR_COMPLETE_LBD,True,0.0,0.0,False,,True,PROJECT_PREFILTER_PASS,[]
Q92731,NR3A2,ERβ,Steroid hormone receptors,4ZI1,4ZI1_1,1,"[""X-RAY DIFFRACTION""]",True,[2.1],2.1,2.1,PASS_PROJECT_RANGE,[0.2227],0.2227,0.2227,PASS_ALL_LE_0_30,264,498,235,UNIPROT_PROSITE_NR_LBD,UNIPROT_CANONICAL_1_BASED_INCLUSIVE,235,1.0,NEAR_COMPLETE_LBD,True,0.0,0.0,False,,True,PROJECT_PREFILTER_PASS,[]
Q92731,NR3A2,ERβ,Steroid hormone receptors,5TOA,5TOA_1,1,"[""X-RAY DIFFRACTION""]",True,[2.5],2.5,2.5,PASS_PROJECT_RANGE,[0.2445],0.2445,0.2445,PASS_ALL_LE_0_30,264,498,235,UNIPROT_PROSITE_NR_LBD,UNIPROT_CANONICAL_1_BASED_INCLUSIVE,235,1.0,NEAR_COMPLETE_LBD,True,0.0,0.0,False,,True,PROJECT_PREFILTER_PASS,[]
Q92731,NR3A2,ERβ,Steroid hormone receptors,7XVY,7XVY_1,1,"[""X-RAY DIFFRACTION""]",True,[1.544],1.544,1.544,ULTRAHIGH_LT_1_8,[0.2375],0.2375,0.2375,PASS_ALL_LE_0_30,264,498,235,UNIPROT_PROSITE_NR_LBD,UNIPROT_CANONICAL_1_BASED_INCLUSIVE,235,1.0,NEAR_COMPLETE_LBD,True,0.0,0.0,False,,False,RESOLUTION_REVIEW,"[""RESOLUTION_REVIEW""]"
Q92731,NR3A2,ERβ,Steroid hormone receptors,7XVZ,7XVZ_1,1,"[""X-RAY DIFFRACTION""]",True,[2.08],2.08,2.08,PASS_PROJECT_RANGE,[0.307],0.307,0.307,FAIL_ALL_GT_0_30,264,498,235,UNIPROT_PROSITE_NR_LBD,UNIPROT_CANONICAL_1_BASED_INCLUSIVE,235,1.0,NEAR_COMPLETE_LBD,True,0.0,0.0,False,,False,RFREE_REVIEW,"[""RFREE_REVIEW""]"
Q92731,NR3A2,ERβ,Steroid hormone receptors,7XWP,7XWP_1,1,"[""X-RAY DIFFRACTION""]",True,[1.919],1.919,1.919,PASS_PROJECT_RANGE,[0.2551],0.2551,0.2551,PASS_ALL_LE_0_30,264,498,235,UNIPROT_PROSITE_NR_LBD,UNIPROT_CANONICAL_1_BASED_INCLUSIVE,235,1.0,NEAR_COMPLETE_LBD,True,0.0,0.0,False,,True,PROJECT_PREFILTER_PASS,[]
Q92731,NR3A2,ERβ,Steroid hormone receptors,7XWQ,7XWQ_1,1,"[""X-RAY DIFFRACTION""]",True,[1.89],1.89,1.89,PASS_PROJECT_RANGE,[0.2393],0.2393,0.2393,PASS_ALL_LE_0_30,264,498,235,UNIPROT_PROSITE_NR_LBD,UNIPROT_CANONICAL_1_BASED_INCLUSIVE,235,1.0,NEAR_COMPLETE_LBD,True,0.0,0.0,False,,True,PROJECT_PREFILTER_PASS,[]
Q92731,NR3A2,ERβ,Steroid hormone receptors,7XWR,7XWR_1,1,"[""X-RAY DIFFRACTION""]",True,[2.164],2.164,2.164,PASS_PROJECT_RANGE,[0.3178],0.3178,0.3178,FAIL_ALL_GT_0_30,264,498,235,UNIPROT_PROSITE_NR_LBD,UNIPROT_CANONICAL_1_BASED_INCLUSIVE,235,1.0,NEAR_COMPLETE_LBD,True,0.0,0.0,False,,False,RFREE_REVIEW,"[""RFREE_REVIEW""]"
Q92731,NR3A2,ERβ,Steroid hormone receptors,9EBL,9EBL_1,1,"[""X-RAY DIFFRACTION""]",True,[2.2],2.2,2.2,PASS_PROJECT_RANGE,[0.2765],0.2765,0.2765,PASS_ALL_LE_0_30,264,498,235,UNIPROT_PROSITE_NR_LBD,UNIPROT_CANONICAL_1_BASED_INCLUSIVE,235,1.0,NEAR_COMPLETE_LBD,True,0.0,0.0,False,,True,PROJECT_PREFILTER_PASS,[]
Q92731,NR3A2,ERβ,Steroid hormone receptors,9ECF,9ECF_1,1,"[""X-RAY DIFFRACTION""]",True,[2.0],2.0,2.0,PASS_PROJECT_RANGE,[0.2775],0.2775,0.2775,PASS_ALL_LE_0_30,264,498,235,UNIPROT_PROSITE_NR_LBD,UNIPROT_CANONICAL_1_BASED_INCLUSIVE,235,1.0,NEAR_COMPLETE_LBD,True,0.0,0.0,False,,True,PROJECT_PREFILTER_PASS,[]
P04150,NR3C1,GR,Steroid hormone receptors,1M2Z,1M2Z_1,1,"[""X-RAY DIFFRACTION""]",True,[2.5],2.5,2.5,PASS_PROJECT_RANGE,[0.267],0.267,0.267,PASS_ALL_LE_0_30,524,758,235,UNIPROT_PROSITE_NR_LBD,UNIPROT_CANONICAL_1_BASED_INCLUSIVE,235,1.0,NEAR_COMPLETE_LBD,True,0.0,0.0,False,,True,PROJECT_PREFILTER_PASS,[]
P04150,NR3C1,GR,Steroid hormone receptors,1NHZ,1NHZ_1,1,"[""X-RAY DIFFRACTION""]",True,[2.3],2.3,2.3,PASS_PROJECT_RANGE,[0.27585],0.27585,0.27585,PASS_ALL_LE_0_30,524,758,235,UNIPROT_PROSITE_NR_LBD,UNIPROT_CANONICAL_1_BASED_INCLUSIVE,235,1.0,NEAR_COMPLETE_LBD,True,0.0,0.0,False,,True,PROJECT_PREFILTER_PASS,[]
P04150,NR3C1,GR,Steroid hormone receptors,1P93,1P93_1,1,"[""X-RAY DIFFRACTION""]",True,[2.7],2.7,2.7,PASS_PROJECT_RANGE,[0.363],0.363,0.363,FAIL_ALL_GT_0_30,524,758,235,UNIPROT_PROSITE_NR_LBD,UNIPROT_CANONICAL_1_BASED_INCLUSIVE,235,1.0,NEAR_COMPLETE_LBD,True,0.0,0.0,False,,False,RFREE_REVIEW,"[""RFREE_REVIEW""]"
P04150,NR3C1,GR,Steroid hormone receptors,3BQD,3BQD_1,1,"[""X-RAY DIFFRACTION""]",True,[2.5],2.5,2.5,PASS_PROJECT_RANGE,[0.261],0.261,0.261,PASS_ALL_LE_0_30,524,758,235,UNIPROT_PROSITE_NR_LBD,UNIPROT_CANONICAL_1_BASED_INCLUSIVE,234,0.995745,NEAR_COMPLETE_LBD,True,0.0,0.0,False,,True,PROJECT_PREFILTER_PASS,[]
P04150,NR3C1,GR,Steroid hormone receptors,3CLD,3CLD_1,1,"[""X-RAY DIFFRACTION""]",True,[2.84],2.84,2.84,PASS_PROJECT_RANGE,[0.26675],0.26675,0.26675,PASS_ALL_LE_0_30,524,758,235,UNIPROT_PROSITE_NR_LBD,UNIPROT_CANONICAL_1_BASED_INCLUSIVE,235,1.0,NEAR_COMPLETE_LBD,True,0.0,0.0,False,,True,PROJECT_PREFILTER_PASS,[]
P04150,NR3C1,GR,Steroid hormone receptors,3E7C,3E7C_1,1,"[""X-RAY DIFFRACTION""]",True,[2.15],2.15,2.15,PASS_PROJECT_RANGE,[0.266],0.266,0.266,PASS_ALL_LE_0_30,524,758,235,UNIPROT_PROSITE_NR_LBD,UNIPROT_CANONICAL_1_BASED_INCLUSIVE,235,1.0,NEAR_COMPLETE_LBD,True,0.0,0.0,False,,True,PROJECT_PREFILTER_PASS,[]
P04150,NR3C1,GR,Steroid hormone receptors,3H52,3H52_1,1,"[""X-RAY DIFFRACTION""]",True,[2.8],2.8,2.8,PASS_PROJECT_RANGE,[0.28317],0.28317,0.28317,PASS_ALL_LE_0_30,524,758,235,UNIPROT_PROSITE_NR_LBD,UNIPROT_CANONICAL_1_BASED_INCLUSIVE,231,0.982979,NEAR_COMPLETE_LBD,True,0.0,0.0,False,,True,PROJECT_PREFILTER_PASS,[]
P04150,NR3C1,GR,Steroid hormone receptors,3K22,3K22_1,1,"[""X-RAY DIFFRACTION""]",True,[2.1],2.1,2.1,PASS_PROJECT_RANGE,[0.255],0.255,0.255,PASS_ALL_LE_0_30,524,758,235,UNIPROT_PROSITE_NR_LBD,UNIPROT_CANONICAL_1_BASED_INCLUSIVE,235,1.0,NEAR_COMPLETE_LBD,True,0.0,0.0,False,,True,PROJECT_PREFILTER_PASS,[]
P04150,NR3C1,GR,Steroid hormone receptors,3K23,3K23_1,1,"[""X-RAY DIFFRACTION""]",True,[3.0],3.0,3.0,PASS_PROJECT_RANGE,[0.289],0.289,0.289,PASS_ALL_LE_0_30,524,758,235,UNIPROT_PROSITE_NR_LBD,UNIPROT_CANONICAL_1_BASED_INCLUSIVE,235,1.0,NEAR_COMPLETE_LBD,True,0.0,0.0,False,,True,PROJECT_PREFILTER_PASS,[]
P04150,NR3C1,GR,Steroid hormone receptors,4CSJ,4CSJ_1,1,"[""X-RAY DIFFRACTION""]",True,[2.3],2.3,2.3,PASS_PROJECT_RANGE,[0.2338],0.2338,0.2338,PASS_ALL_LE_0_30,524,758,235,UNIPROT_PROSITE_NR_LBD,UNIPROT_CANONICAL_1_BASED_INCLUSIVE,235,1.0,NEAR_COMPLETE_LBD,True,0.0,0.0,False,,True,PROJECT_PREFILTER_PASS,[]
P04150,NR3C1,GR,Steroid hormone receptors,4HN5,4HN5_1,1,"[""X-RAY DIFFRACTION""]",True,[1.902],1.902,1.902,PASS_PROJECT_RANGE,[0.2346],0.2346,0.2346,PASS_ALL_LE_0_30,524,758,235,UNIPROT_PROSITE_NR_LBD,UNIPROT_CANONICAL_1_BASED_INCLUSIVE,0,0.0,NO_LBD_OVERLAP,False,76.0,1.0,False,,False,NO_LBD_OVERLAP,"[""NO_LBD_OVERLAP""]"
P04150,NR3C1,GR,Steroid hormone receptors,4HN6,4HN6_1,1,"[""X-RAY DIFFRACTION""]",True,[2.549],2.549,2.549,PASS_PROJECT_RANGE,[0.2478],0.2478,0.2478,PASS_ALL_LE_0_30,524,758,235,UNIPROT_PROSITE_NR_LBD,UNIPROT_CANONICAL_1_BASED_INCLUSIVE,0,0.0,NO_LBD_OVERLAP,False,76.0,1.0,False,,False,NO_LBD_OVERLAP,"[""NO_LBD_OVERLAP""]"
P04150,NR3C1,GR,Steroid hormone receptors,4LSJ,4LSJ_1,1,"[""X-RAY DIFFRACTION""]",True,[2.35],2.35,2.35,PASS_PROJECT_RANGE,[0.2358],0.2358,0.2358,PASS_ALL_LE_0_30,524,758,235,UNIPROT_PROSITE_NR_LBD,UNIPROT_CANONICAL_1_BASED_INCLUSIVE,235,1.0,NEAR_COMPLETE_LBD,True,0.0,0.0,False,,True,PROJECT_PREFILTER_PASS,[]
P04150,NR3C1,GR,Steroid hormone receptors,4MDD,4MDD_1,1,"[""X-RAY DIFFRACTION""]",True,[2.4],2.4,2.4,PASS_PROJECT_RANGE,[0.2584],0.2584,0.2584,PASS_ALL_LE_0_30,524,758,235,UNIPROT_PROSITE_NR_LBD,UNIPROT_CANONICAL_1_BASED_INCLUSIVE,235,1.0,NEAR_COMPLETE_LBD,True,0.0,0.0,False,,True,PROJECT_PREFILTER_PASS,[]
P04150,NR3C1,GR,Steroid hormone receptors,4P6W,4P6W_1,1,"[""X-RAY DIFFRACTION""]",True,[1.951],1.951,1.951,PASS_PROJECT_RANGE,[0.2248],0.2248,0.2248,PASS_ALL_LE_0_30,524,758,235,UNIPROT_PROSITE_NR_LBD,UNIPROT_CANONICAL_1_BASED_INCLUSIVE,233,0.991489,NEAR_COMPLETE_LBD,True,0.0,0.0,False,,True,PROJECT_PREFILTER_PASS,[]
P04150,NR3C1,GR,Steroid hormone receptors,4P6X,4P6X_1,1,"[""X-RAY DIFFRACTION""]",True,[2.5],2.5,2.5,PASS_PROJECT_RANGE,[0.2755],0.2755,0.2755,PASS_ALL_LE_0_30,524,758,235,UNIPROT_PROSITE_NR_LBD,UNIPROT_CANONICAL_1_BASED_INCLUSIVE,235,1.0,NEAR_COMPLETE_LBD,True,0.0,0.0,False,,True,PROJECT_PREFILTER_PASS,[]
P04150,NR3C1,GR,Steroid hormone receptors,4UDC,4UDC_1,1,"[""X-RAY DIFFRACTION""]",True,[2.5],2.5,2.5,PASS_PROJECT_RANGE,[0.2528],0.2528,0.2528,PASS_ALL_LE_0_30,524,758,235,UNIPROT_PROSITE_NR_LBD,UNIPROT_CANONICAL_1_BASED_INCLUSIVE,235,1.0,NEAR_COMPLETE_LBD,True,0.0,0.0,False,,True,PROJECT_PREFILTER_PASS,[]
P04150,NR3C1,GR,Steroid hormone receptors,4UDD,4UDD_1,1,"[""X-RAY DIFFRACTION""]",True,[1.8],1.8,1.8,PASS_PROJECT_RANGE,[0.2239],0.2239,0.2239,PASS_ALL_LE_0_30,524,758,235,UNIPROT_PROSITE_NR_LBD,UNIPROT_CANONICAL_1_BASED_INCLUSIVE,235,1.0,NEAR_COMPLETE_LBD,True,0.0,0.0,False,,True,PROJECT_PREFILTER_PASS,[]
P04150,NR3C1,GR,Steroid hormone receptors,5CBX,5CBX_1,1,"[""X-RAY DIFFRACTION""]",True,[2.0],2.0,2.0,PASS_PROJECT_RANGE,[0.2291],0.2291,0.2291,PASS_ALL_LE_0_30,524,758,235,UNIPROT_PROSITE_NR_LBD,UNIPROT_CANONICAL_1_BASED_INCLUSIVE,0,0.0,NO_LBD_OVERLAP,False,76.0,1.0,False,REVIEW_NEEDED,False,NO_LBD_OVERLAP,"[""NO_LBD_OVERLAP""]"
P04150,NR3C1,GR,Steroid hormone receptors,5CBY,5CBY_1,1,"[""X-RAY DIFFRACTION""]",True,[1.997],1.997,1.997,PASS_PROJECT_RANGE,[0.217],0.217,0.217,PASS_ALL_LE_0_30,524,758,235,UNIPROT_PROSITE_NR_LBD,UNIPROT_CANONICAL_1_BASED_INCLUSIVE,0,0.0,NO_LBD_OVERLAP,False,76.0,1.0,False,REVIEW_NEEDED,False,NO_LBD_OVERLAP,"[""NO_LBD_OVERLAP""]"
P04150,NR3C1,GR,Steroid hormone receptors,5CBZ,5CBZ_1,1,"[""X-RAY DIFFRACTION""]",True,[2.2],2.2,2.2,PASS_PROJECT_RANGE,[0.23],0.23,0.23,PASS_ALL_LE_0_30,524,758,235,UNIPROT_PROSITE_NR_LBD,UNIPROT_CANONICAL_1_BASED_INCLUSIVE,0,0.0,NO_LBD_OVERLAP,False,76.0,1.0,False,REVIEW_NEEDED,False,NO_LBD_OVERLAP,"[""NO_LBD_OVERLAP""]"
P04150,NR3C1,GR,Steroid hormone receptors,5CC1,5CC1_1,1,"[""X-RAY DIFFRACTION""]",True,[2.302],2.302,2.302,PASS_PROJECT_RANGE,[0.2791],0.2791,0.2791,PASS_ALL_LE_0_30,524,758,235,UNIPROT_PROSITE_NR_LBD,UNIPROT_CANONICAL_1_BASED_INCLUSIVE,0,0.0,NO_LBD_OVERLAP,False,76.0,1.0,False,,False,NO_LBD_OVERLAP,"[""NO_LBD_OVERLAP""]"
P04150,NR3C1,GR,Steroid hormone receptors,5E69,5E69_1,1,"[""X-RAY DIFFRACTION""]",True,[1.85],1.85,1.85,PASS_PROJECT_RANGE,[0.2418],0.2418,0.2418,PASS_ALL_LE_0_30,524,758,235,UNIPROT_PROSITE_NR_LBD,UNIPROT_CANONICAL_1_BASED_INCLUSIVE,0,0.0,NO_LBD_OVERLAP,False,76.0,1.0,False,,False,NO_LBD_OVERLAP,"[""NO_LBD_OVERLAP""]"
P04150,NR3C1,GR,Steroid hormone receptors,5E6A,5E6A_1,1,"[""X-RAY DIFFRACTION""]",True,[2.197],2.197,2.197,PASS_PROJECT_RANGE,[0.2658],0.2658,0.2658,PASS_ALL_LE_0_30,524,758,235,UNIPROT_PROSITE_NR_LBD,UNIPROT_CANONICAL_1_BASED_INCLUSIVE,0,0.0,NO_LBD_OVERLAP,False,76.0,1.0,False,,False,NO_LBD_OVERLAP,"[""NO_LBD_OVERLAP""]"
P04150,NR3C1,GR,Steroid hormone receptors,5E6B,5E6B_1,1,"[""X-RAY DIFFRACTION""]",True,[2.25],2.25,2.25,PASS_PROJECT_RANGE,[0.2274],0.2274,0.2274,PASS_ALL_LE_0_30,524,758,235,UNIPROT_PROSITE_NR_LBD,UNIPROT_CANONICAL_1_BASED_INCLUSIVE,0,0.0,NO_LBD_OVERLAP,False,76.0,1.0,False,,False,NO_LBD_OVERLAP,"[""NO_LBD_OVERLAP""]"
P04150,NR3C1,GR,Steroid hormone receptors,5E6C,5E6C_1,1,"[""X-RAY DIFFRACTION""]",True,[2.2],2.2,2.2,PASS_PROJECT_RANGE,[0.2706],0.2706,0.2706,PASS_ALL_LE_0_30,524,758,235,UNIPROT_PROSITE_NR_LBD,UNIPROT_CANONICAL_1_BASED_INCLUSIVE,0,0.0,NO_LBD_OVERLAP,False,76.0,1.0,False,,False,NO_LBD_OVERLAP,"[""NO_LBD_OVERLAP""]"
P04150,NR3C1,GR,Steroid hormone receptors,5E6D,5E6D_3,3,"[""X-RAY DIFFRACTION""]",True,[2.4],2.4,2.4,PASS_PROJECT_RANGE,[0.2835],0.2835,0.2835,PASS_ALL_LE_0_30,524,758,235,UNIPROT_PROSITE_NR_LBD,UNIPROT_CANONICAL_1_BASED_INCLUSIVE,0,0.0,NO_LBD_OVERLAP,False,76.0,1.0,False,,False,NO_LBD_OVERLAP,"[""NO_LBD_OVERLAP""]"
P04150,NR3C1,GR,Steroid hormone receptors,5EMC,5EMC_2,2,"[""X-RAY DIFFRACTION""]",True,[2.3],2.3,2.3,PASS_PROJECT_RANGE,[0.2609],0.2609,0.2609,PASS_ALL_LE_0_30,524,758,235,UNIPROT_PROSITE_NR_LBD,UNIPROT_CANONICAL_1_BASED_INCLUSIVE,0,0.0,NO_LBD_OVERLAP,False,76.0,1.0,False,,False,NO_LBD_OVERLAP,"[""NO_LBD_OVERLAP""]"
P04150,NR3C1,GR,Steroid hormone receptors,5EMP,5EMP_1,1,"[""X-RAY DIFFRACTION""]",True,[2.3],2.3,2.3,PASS_PROJECT_RANGE,[0.238],0.238,0.238,PASS_ALL_LE_0_30,524,758,235,UNIPROT_PROSITE_NR_LBD,UNIPROT_CANONICAL_1_BASED_INCLUSIVE,0,0.0,NO_LBD_OVERLAP,False,76.0,1.0,False,,False,NO_LBD_OVERLAP,"[""NO_LBD_OVERLAP""]"
P04150,NR3C1,GR,Steroid hormone receptors,5EMQ,5EMQ_3,3,"[""X-RAY DIFFRACTION""]",True,[2.3],2.3,2.3,PASS_PROJECT_RANGE,[0.2243],0.2243,0.2243,PASS_ALL_LE_0_30,524,758,235,UNIPROT_PROSITE_NR_LBD,UNIPROT_CANONICAL_1_BASED_INCLUSIVE,0,0.0,NO_LBD_OVERLAP,False,76.0,1.0,False,,False,NO_LBD_OVERLAP,"[""NO_LBD_OVERLAP""]"
P04150,NR3C1,GR,Steroid hormone receptors,5G3J,5G3J_1,1,"[""X-RAY DIFFRACTION""]",True,[2.4],2.4,2.4,PASS_PROJECT_RANGE,[0.235],0.235,0.235,PASS_ALL_LE_0_30,524,758,235,UNIPROT_PROSITE_NR_LBD,UNIPROT_CANONICAL_1_BASED_INCLUSIVE,235,1.0,NEAR_COMPLETE_LBD,True,0.0,0.0,False,,True,PROJECT_PREFILTER_PASS,[]
P04150,NR3C1,GR,Steroid hormone receptors,5G5W,5G5W_1,1,"[""X-RAY DIFFRACTION""]",True,[2.2],2.2,2.2,PASS_PROJECT_RANGE,[0.21],0.21,0.21,PASS_ALL_LE_0_30,524,758,235,UNIPROT_PROSITE_NR_LBD,UNIPROT_CANONICAL_1_BASED_INCLUSIVE,235,1.0,NEAR_COMPLETE_LBD,True,0.0,0.0,False,,True,PROJECT_PREFILTER_PASS,[]
P04150,NR3C1,GR,Steroid hormone receptors,5NFP,5NFP_1,1,"[""X-RAY DIFFRACTION""]",True,[2.1],2.1,2.1,PASS_PROJECT_RANGE,[0.202],0.202,0.202,PASS_ALL_LE_0_30,524,758,235,UNIPROT_PROSITE_NR_LBD,UNIPROT_CANONICAL_1_BASED_INCLUSIVE,235,1.0,NEAR_COMPLETE_LBD,True,0.0,0.0,False,,True,PROJECT_PREFILTER_PASS,[]
P04150,NR3C1,GR,Steroid hormone receptors,5NFT,5NFT_1,1,"[""X-RAY DIFFRACTION""]",True,[2.3],2.3,2.3,PASS_PROJECT_RANGE,[0.215],0.215,0.215,PASS_ALL_LE_0_30,524,758,235,UNIPROT_PROSITE_NR_LBD,UNIPROT_CANONICAL_1_BASED_INCLUSIVE,235,1.0,NEAR_COMPLETE_LBD,True,0.0,0.0,False,,True,PROJECT_PREFILTER_PASS,[]
P04150,NR3C1,GR,Steroid hormone receptors,5UC3,5UC3_1,1,"[""X-RAY DIFFRACTION""]",True,[2.009],2.009,2.009,PASS_PROJECT_RANGE,[0.2118],0.2118,0.2118,PASS_ALL_LE_0_30,524,758,235,UNIPROT_PROSITE_NR_LBD,UNIPROT_CANONICAL_1_BASED_INCLUSIVE,235,1.0,NEAR_COMPLETE_LBD,True,0.0,0.0,False,,True,PROJECT_PREFILTER_PASS,[]
P04150,NR3C1,GR,Steroid hormone receptors,5VA0,5VA0_1,1,"[""X-RAY DIFFRACTION""]",True,[2.295],2.295,2.295,PASS_PROJECT_RANGE,[0.2314],0.2314,0.2314,PASS_ALL_LE_0_30,524,758,235,UNIPROT_PROSITE_NR_LBD,UNIPROT_CANONICAL_1_BASED_INCLUSIVE,0,0.0,NO_LBD_OVERLAP,False,72.0,0.947368,False,,False,NO_LBD_OVERLAP,"[""NO_LBD_OVERLAP""]"
P04150,NR3C1,GR,Steroid hormone receptors,5VA7,5VA7_1,1,"[""X-RAY DIFFRACTION""]",True,[2.153],2.153,2.153,PASS_PROJECT_RANGE,[0.227],0.227,0.227,PASS_ALL_LE_0_30,524,758,235,UNIPROT_PROSITE_NR_LBD,UNIPROT_CANONICAL_1_BASED_INCLUSIVE,0,0.0,NO_LBD_OVERLAP,False,70.0,0.921053,False,,False,NO_LBD_OVERLAP,"[""NO_LBD_OVERLAP""]"
P04150,NR3C1,GR,Steroid hormone receptors,6BQU,6BQU_1,1,"[""X-RAY DIFFRACTION""]",True,[2.5],2.5,2.5,PASS_PROJECT_RANGE,[0.2487],0.2487,0.2487,PASS_ALL_LE_0_30,524,758,235,UNIPROT_PROSITE_NR_LBD,UNIPROT_CANONICAL_1_BASED_INCLUSIVE,0,0.0,NO_LBD_OVERLAP,False,70.0,0.921053,False,,False,NO_LBD_OVERLAP,"[""NO_LBD_OVERLAP""]"
P04150,NR3C1,GR,Steroid hormone receptors,6CFN,6CFN_1,1,"[""X-RAY DIFFRACTION""]",True,[2.5],2.5,2.5,PASS_PROJECT_RANGE,[0.2483],0.2483,0.2483,PASS_ALL_LE_0_30,524,758,235,UNIPROT_PROSITE_NR_LBD,UNIPROT_CANONICAL_1_BASED_INCLUSIVE,0,0.0,NO_LBD_OVERLAP,False,76.0,1.0,False,,False,NO_LBD_OVERLAP,"[""NO_LBD_OVERLAP""]"
P04150,NR3C1,GR,Steroid hormone receptors,6DXK,6DXK_1,1,"[""X-RAY DIFFRACTION""]",True,[3.05],3.05,3.05,PASS_PROJECT_RANGE,[0.25989],0.25989,0.25989,PASS_ALL_LE_0_30,524,758,235,UNIPROT_PROSITE_NR_LBD,UNIPROT_CANONICAL_1_BASED_INCLUSIVE,235,1.0,NEAR_COMPLETE_LBD,True,0.0,0.0,False,,True,PROJECT_PREFILTER_PASS,[]
P04150,NR3C1,GR,Steroid hormone receptors,6EL6,6EL6_1,1,"[""X-RAY DIFFRACTION""]",True,[2.4],2.4,2.4,PASS_PROJECT_RANGE,[0.283],0.283,0.283,PASS_ALL_LE_0_30,524,758,235,UNIPROT_PROSITE_NR_LBD,UNIPROT_CANONICAL_1_BASED_INCLUSIVE,235,1.0,NEAR_COMPLETE_LBD,True,0.0,0.0,False,,True,PROJECT_PREFILTER_PASS,[]
P04150,NR3C1,GR,Steroid hormone receptors,6EL7,6EL7_1,1,"[""X-RAY DIFFRACTION""]",True,[2.18],2.18,2.18,PASS_PROJECT_RANGE,[0.225],0.225,0.225,PASS_ALL_LE_0_30,524,758,235,UNIPROT_PROSITE_NR_LBD,UNIPROT_CANONICAL_1_BASED_INCLUSIVE,235,1.0,NEAR_COMPLETE_LBD,True,0.0,0.0,False,,True,PROJECT_PREFILTER_PASS,[]
P04150,NR3C1,GR,Steroid hormone receptors,6EL9,6EL9_1,1,"[""X-RAY DIFFRACTION""]",True,[2.19],2.19,2.19,PASS_PROJECT_RANGE,[0.224],0.224,0.224,PASS_ALL_LE_0_30,524,758,235,UNIPROT_PROSITE_NR_LBD,UNIPROT_CANONICAL_1_BASED_INCLUSIVE,235,1.0,NEAR_COMPLETE_LBD,True,0.0,0.0,False,,True,PROJECT_PREFILTER_PASS,[]
P04150,NR3C1,GR,Steroid hormone receptors,6X6D,6X6D_1,1,"[""X-RAY DIFFRACTION""]",True,[2.48],2.48,2.48,PASS_PROJECT_RANGE,[0.2113],0.2113,0.2113,PASS_ALL_LE_0_30,524,758,235,UNIPROT_PROSITE_NR_LBD,UNIPROT_CANONICAL_1_BASED_INCLUSIVE,0,0.0,NO_LBD_OVERLAP,False,73.0,0.960526,False,,False,NO_LBD_OVERLAP,"[""NO_LBD_OVERLAP""]"
P04150,NR3C1,GR,Steroid hormone receptors,6X6E,6X6E_1,1,"[""X-RAY DIFFRACTION""]",True,[2.0],2.0,2.0,PASS_PROJECT_RANGE,[0.2122],0.2122,0.2122,PASS_ALL_LE_0_30,524,758,235,UNIPROT_PROSITE_NR_LBD,UNIPROT_CANONICAL_1_BASED_INCLUSIVE,0,0.0,NO_LBD_OVERLAP,False,74.0,0.973684,False,,False,NO_LBD_OVERLAP,"[""NO_LBD_OVERLAP""]"
P04150,NR3C1,GR,Steroid hormone receptors,6YMO,6YMO_2,2,"[""X-RAY DIFFRACTION""]",True,[2.02],2.02,2.02,PASS_PROJECT_RANGE,[0.234],0.234,0.234,PASS_ALL_LE_0_30,524,758,235,UNIPROT_PROSITE_NR_LBD,UNIPROT_CANONICAL_1_BASED_INCLUSIVE,13,0.055319,TRACE_LBD,True,0.0,0.0,False,,True,PROJECT_PREFILTER_PASS,[]
P04150,NR3C1,GR,Steroid hormone receptors,6YO8,6YO8_2,2,"[""X-RAY DIFFRACTION""]",True,[2.09],2.09,2.09,PASS_PROJECT_RANGE,[0.238],0.238,0.238,PASS_ALL_LE_0_30,524,758,235,UNIPROT_PROSITE_NR_LBD,UNIPROT_CANONICAL_1_BASED_INCLUSIVE,7,0.029787,TRACE_LBD,True,0.0,0.0,False,,True,PROJECT_PREFILTER_PASS,[]
P04150,NR3C1,GR,Steroid hormone receptors,6YOS,6YOS_2,2,"[""X-RAY DIFFRACTION""]",True,[2.75],2.75,2.75,PASS_PROJECT_RANGE,[0.261],0.261,0.261,PASS_ALL_LE_0_30,524,758,235,UNIPROT_PROSITE_NR_LBD,UNIPROT_CANONICAL_1_BASED_INCLUSIVE,20,0.085106,TRACE_LBD,True,0.0,0.0,False,,True,PROJECT_PREFILTER_PASS,[]
P04150,NR3C1,GR,Steroid hormone receptors,7KRJ,7KRJ_3,3,"[""ELECTRON MICROSCOPY""]",False,[2.56],2.56,2.56,PASS_PROJECT_RANGE,[],,,MISSING,524,758,235,UNIPROT_PROSITE_NR_LBD,UNIPROT_CANONICAL_1_BASED_INCLUSIVE,235,1.0,NEAR_COMPLETE_LBD,True,0.0,0.0,False,,False,MULTIPLE_REASONS,"[""NON_XRAY"", ""RFREE_REVIEW"", ""METADATA_INCOMPLETE""]"
P04150,NR3C1,GR,Steroid hormone receptors,7KW7,7KW7_4,4,"[""ELECTRON MICROSCOPY""]",False,[3.57],3.57,3.57,TOO_LOW_RESOLUTION_GT_3_5,[],,,MISSING,524,758,235,UNIPROT_PROSITE_NR_LBD,UNIPROT_CANONICAL_1_BASED_INCLUSIVE,235,1.0,NEAR_COMPLETE_LBD,True,76.0,1.0,False,,False,MULTIPLE_REASONS,"[""NON_XRAY"", ""RESOLUTION_REVIEW"", ""RFREE_REVIEW"", ""METADATA_INCOMPLETE""]"
P04150,NR3C1,GR,Steroid hormone receptors,7PRV,7PRV_1,1,"[""X-RAY DIFFRACTION""]",True,[2.7],2.7,2.7,PASS_PROJECT_RANGE,[0.2532],0.2532,0.2532,PASS_ALL_LE_0_30,524,758,235,UNIPROT_PROSITE_NR_LBD,UNIPROT_CANONICAL_1_BASED_INCLUSIVE,235,1.0,NEAR_COMPLETE_LBD,True,76.0,1.0,False,,True,PROJECT_PREFILTER_PASS,[]
P04150,NR3C1,GR,Steroid hormone receptors,7PRW,7PRW_1,1,"[""X-RAY DIFFRACTION""]",True,[2.502],2.502,2.502,PASS_PROJECT_RANGE,[0.2632],0.2632,0.2632,PASS_ALL_LE_0_30,524,758,235,UNIPROT_PROSITE_NR_LBD,UNIPROT_CANONICAL_1_BASED_INCLUSIVE,235,1.0,NEAR_COMPLETE_LBD,True,76.0,1.0,False,,True,PROJECT_PREFILTER_PASS,[]
P04150,NR3C1,GR,Steroid hormone receptors,7PRX,7PRX_1,1,"[""X-RAY DIFFRACTION""]",True,[2.2],2.2,2.2,PASS_PROJECT_RANGE,[0.2808],0.2808,0.2808,PASS_ALL_LE_0_30,524,758,235,UNIPROT_PROSITE_NR_LBD,UNIPROT_CANONICAL_1_BASED_INCLUSIVE,230,0.978723,NEAR_COMPLETE_LBD,True,0.0,0.0,False,,True,PROJECT_PREFILTER_PASS,[]
P04150,NR3C1,GR,Steroid hormone receptors,8A9G,8A9G_2,2,"[""X-RAY DIFFRACTION""]",True,[1.961],1.961,1.961,PASS_PROJECT_RANGE,[0.2612],0.2612,0.2612,PASS_ALL_LE_0_30,524,758,235,UNIPROT_PROSITE_NR_LBD,UNIPROT_CANONICAL_1_BASED_INCLUSIVE,7,0.029787,TRACE_LBD,True,0.0,0.0,False,,True,PROJECT_PREFILTER_PASS,[]
P04150,NR3C1,GR,Steroid hormone receptors,8FFV,8FFV_2,2,"[""ELECTRON MICROSCOPY""]",False,[3.01],3.01,3.01,PASS_PROJECT_RANGE,[],,,MISSING,524,758,235,UNIPROT_PROSITE_NR_LBD,UNIPROT_CANONICAL_1_BASED_INCLUSIVE,235,1.0,NEAR_COMPLETE_LBD,True,76.0,1.0,False,,False,MULTIPLE_REASONS,"[""NON_XRAY"", ""RFREE_REVIEW"", ""METADATA_INCOMPLETE""]"
P04150,NR3C1,GR,Steroid hormone receptors,8FFW,8FFW_2,2,"[""ELECTRON MICROSCOPY""]",False,[3.23],3.23,3.23,PASS_PROJECT_RANGE,[],,,MISSING,524,758,235,UNIPROT_PROSITE_NR_LBD,UNIPROT_CANONICAL_1_BASED_INCLUSIVE,235,1.0,NEAR_COMPLETE_LBD,True,76.0,1.0,False,,False,MULTIPLE_REASONS,"[""NON_XRAY"", ""RFREE_REVIEW"", ""METADATA_INCOMPLETE""]"
P04150,NR3C1,GR,Steroid hormone receptors,8VKZ,8VKZ_1,1,"[""X-RAY DIFFRACTION""]",True,[2.133],2.133,2.133,PASS_PROJECT_RANGE,[0.2452],0.2452,0.2452,PASS_ALL_LE_0_30,524,758,235,UNIPROT_PROSITE_NR_LBD,UNIPROT_CANONICAL_1_BASED_INCLUSIVE,231,0.982979,NEAR_COMPLETE_LBD,True,0.0,0.0,False,,True,PROJECT_PREFILTER_PASS,[]
P08235,NR3C2,MR,Steroid hormone receptors,1Y9R,1Y9R_1,1,"[""X-RAY DIFFRACTION""]",True,[1.96],1.96,1.96,PASS_PROJECT_RANGE,[0.267],0.267,0.267,PASS_ALL_LE_0_30,726,964,239,UNIPROT_PROSITE_NR_LBD,UNIPROT_CANONICAL_1_BASED_INCLUSIVE,234,0.979079,NEAR_COMPLETE_LBD,True,0.0,0.0,False,,True,PROJECT_PREFILTER_PASS,[]
P08235,NR3C2,MR,Steroid hormone receptors,1YA3,1YA3_1,1,"[""X-RAY DIFFRACTION""]",True,[2.34],2.34,2.34,PASS_PROJECT_RANGE,[0.284],0.284,0.284,PASS_ALL_LE_0_30,726,964,239,UNIPROT_PROSITE_NR_LBD,UNIPROT_CANONICAL_1_BASED_INCLUSIVE,234,0.979079,NEAR_COMPLETE_LBD,True,0.0,0.0,False,,True,PROJECT_PREFILTER_PASS,[]
P08235,NR3C2,MR,Steroid hormone receptors,2A3I,2A3I_1,1,"[""X-RAY DIFFRACTION""]",True,[1.95],1.95,1.95,PASS_PROJECT_RANGE,[0.253],0.253,0.253,PASS_ALL_LE_0_30,726,964,239,UNIPROT_PROSITE_NR_LBD,UNIPROT_CANONICAL_1_BASED_INCLUSIVE,233,0.974895,NEAR_COMPLETE_LBD,True,0.0,0.0,False,,True,PROJECT_PREFILTER_PASS,[]
P08235,NR3C2,MR,Steroid hormone receptors,2AA2,2AA2_1,1,"[""X-RAY DIFFRACTION""]",True,[1.95],1.95,1.95,PASS_PROJECT_RANGE,[0.235],0.235,0.235,PASS_ALL_LE_0_30,726,964,239,UNIPROT_PROSITE_NR_LBD,UNIPROT_CANONICAL_1_BASED_INCLUSIVE,239,1.0,NEAR_COMPLETE_LBD,True,0.0,0.0,False,,True,PROJECT_PREFILTER_PASS,[]
P08235,NR3C2,MR,Steroid hormone receptors,2AA5,2AA5_1,1,"[""X-RAY DIFFRACTION""]",True,[2.2],2.2,2.2,PASS_PROJECT_RANGE,[0.264],0.264,0.264,PASS_ALL_LE_0_30,726,964,239,UNIPROT_PROSITE_NR_LBD,UNIPROT_CANONICAL_1_BASED_INCLUSIVE,239,1.0,NEAR_COMPLETE_LBD,True,0.0,0.0,False,,True,PROJECT_PREFILTER_PASS,[]
P08235,NR3C2,MR,Steroid hormone receptors,2AA6,2AA6_1,1,"[""X-RAY DIFFRACTION""]",True,[1.95],1.95,1.95,PASS_PROJECT_RANGE,[0.225],0.225,0.225,PASS_ALL_LE_0_30,726,964,239,UNIPROT_PROSITE_NR_LBD,UNIPROT_CANONICAL_1_BASED_INCLUSIVE,239,1.0,NEAR_COMPLETE_LBD,True,0.0,0.0,False,,True,PROJECT_PREFILTER_PASS,[]
P08235,NR3C2,MR,Steroid hormone receptors,2AA7,2AA7_1,1,"[""X-RAY DIFFRACTION""]",True,[2.2],2.2,2.2,PASS_PROJECT_RANGE,[0.264],0.264,0.264,PASS_ALL_LE_0_30,726,964,239,UNIPROT_PROSITE_NR_LBD,UNIPROT_CANONICAL_1_BASED_INCLUSIVE,239,1.0,NEAR_COMPLETE_LBD,True,0.0,0.0,False,,True,PROJECT_PREFILTER_PASS,[]
P08235,NR3C2,MR,Steroid hormone receptors,2AAX,2AAX_1,1,"[""X-RAY DIFFRACTION""]",True,[1.75],1.75,1.75,ULTRAHIGH_LT_1_8,[0.212],0.212,0.212,PASS_ALL_LE_0_30,726,964,239,UNIPROT_PROSITE_NR_LBD,UNIPROT_CANONICAL_1_BASED_INCLUSIVE,239,1.0,NEAR_COMPLETE_LBD,True,0.0,0.0,False,,False,RESOLUTION_REVIEW,"[""RESOLUTION_REVIEW""]"
P08235,NR3C2,MR,Steroid hormone receptors,2AB2,2AB2_1,1,"[""X-RAY DIFFRACTION""]",True,[1.85],1.85,1.85,PASS_PROJECT_RANGE,[0.218],0.218,0.218,PASS_ALL_LE_0_30,726,964,239,UNIPROT_PROSITE_NR_LBD,UNIPROT_CANONICAL_1_BASED_INCLUSIVE,239,1.0,NEAR_COMPLETE_LBD,True,0.0,0.0,False,,True,PROJECT_PREFILTER_PASS,[]
P08235,NR3C2,MR,Steroid hormone receptors,2ABI,2ABI_1,1,"[""X-RAY DIFFRACTION""]",True,[2.33],2.33,2.33,PASS_PROJECT_RANGE,[0.2639],0.2639,0.2639,PASS_ALL_LE_0_30,726,964,239,UNIPROT_PROSITE_NR_LBD,UNIPROT_CANONICAL_1_BASED_INCLUSIVE,234,0.979079,NEAR_COMPLETE_LBD,True,0.0,0.0,False,,True,PROJECT_PREFILTER_PASS,[]
P08235,NR3C2,MR,Steroid hormone receptors,2OAX,2OAX_1,1,"[""X-RAY DIFFRACTION""]",True,[2.29],2.29,2.29,PASS_PROJECT_RANGE,[0.263],0.263,0.263,PASS_ALL_LE_0_30,726,964,239,UNIPROT_PROSITE_NR_LBD,UNIPROT_CANONICAL_1_BASED_INCLUSIVE,234,0.979079,NEAR_COMPLETE_LBD,True,0.0,0.0,False,,True,PROJECT_PREFILTER_PASS,[]
P08235,NR3C2,MR,Steroid hormone receptors,3VHU,3VHU_1,1,"[""X-RAY DIFFRACTION""]",True,[2.11],2.11,2.11,PASS_PROJECT_RANGE,[0.24571],0.24571,0.24571,PASS_ALL_LE_0_30,726,964,239,UNIPROT_PROSITE_NR_LBD,UNIPROT_CANONICAL_1_BASED_INCLUSIVE,239,1.0,NEAR_COMPLETE_LBD,True,0.0,0.0,False,,True,PROJECT_PREFILTER_PASS,[]
P08235,NR3C2,MR,Steroid hormone receptors,3VHV,3VHV_1,1,"[""X-RAY DIFFRACTION""]",True,[1.35],1.35,1.35,ULTRAHIGH_LT_1_8,[0.16735],0.16735,0.16735,PASS_ALL_LE_0_30,726,964,239,UNIPROT_PROSITE_NR_LBD,UNIPROT_CANONICAL_1_BASED_INCLUSIVE,238,0.995816,NEAR_COMPLETE_LBD,True,0.0,0.0,False,,False,RESOLUTION_REVIEW,"[""RESOLUTION_REVIEW""]"
P08235,NR3C2,MR,Steroid hormone receptors,3WFF,3WFF_1,1,"[""X-RAY DIFFRACTION""]",True,[2.05],2.05,2.05,PASS_PROJECT_RANGE,[0.2156],0.2156,0.2156,PASS_ALL_LE_0_30,726,964,239,UNIPROT_PROSITE_NR_LBD,UNIPROT_CANONICAL_1_BASED_INCLUSIVE,239,1.0,NEAR_COMPLETE_LBD,True,0.0,0.0,False,,True,PROJECT_PREFILTER_PASS,[]
P08235,NR3C2,MR,Steroid hormone receptors,3WFG,3WFG_1,1,"[""X-RAY DIFFRACTION""]",True,[1.4],1.4,1.4,ULTRAHIGH_LT_1_8,[0.1791],0.1791,0.1791,PASS_ALL_LE_0_30,726,964,239,UNIPROT_PROSITE_NR_LBD,UNIPROT_CANONICAL_1_BASED_INCLUSIVE,239,1.0,NEAR_COMPLETE_LBD,True,0.0,0.0,False,,False,RESOLUTION_REVIEW,"[""RESOLUTION_REVIEW""]"
P08235,NR3C2,MR,Steroid hormone receptors,4PF3,4PF3_1,1,"[""X-RAY DIFFRACTION""]",True,[1.1],1.1,1.1,ULTRAHIGH_LT_1_8,[0.17683],0.17683,0.17683,PASS_ALL_LE_0_30,726,964,239,UNIPROT_PROSITE_NR_LBD,UNIPROT_CANONICAL_1_BASED_INCLUSIVE,239,1.0,NEAR_COMPLETE_LBD,True,0.0,0.0,False,,False,RESOLUTION_REVIEW,"[""RESOLUTION_REVIEW""]"
P08235,NR3C2,MR,Steroid hormone receptors,4TNT,4TNT_1,1,"[""X-RAY DIFFRACTION""]",True,[2.3938],2.3938,2.3938,PASS_PROJECT_RANGE,[0.2584],0.2584,0.2584,PASS_ALL_LE_0_30,726,964,239,UNIPROT_PROSITE_NR_LBD,UNIPROT_CANONICAL_1_BASED_INCLUSIVE,0,0.0,NO_LBD_OVERLAP,False,66.0,1.0,False,,False,NO_LBD_OVERLAP,"[""NO_LBD_OVERLAP""]"
P08235,NR3C2,MR,Steroid hormone receptors,4UDA,4UDA_1,1,"[""X-RAY DIFFRACTION""]",True,[2.03],2.03,2.03,PASS_PROJECT_RANGE,[0.2401],0.2401,0.2401,PASS_ALL_LE_0_30,726,964,239,UNIPROT_PROSITE_NR_LBD,UNIPROT_CANONICAL_1_BASED_INCLUSIVE,230,0.962343,NEAR_COMPLETE_LBD,True,0.0,0.0,False,,True,PROJECT_PREFILTER_PASS,[]
P08235,NR3C2,MR,Steroid hormone receptors,4UDB,4UDB_1,1,"[""X-RAY DIFFRACTION""]",True,[2.36],2.36,2.36,PASS_PROJECT_RANGE,[0.2181],0.2181,0.2181,PASS_ALL_LE_0_30,726,964,239,UNIPROT_PROSITE_NR_LBD,UNIPROT_CANONICAL_1_BASED_INCLUSIVE,230,0.962343,NEAR_COMPLETE_LBD,True,0.0,0.0,False,,True,PROJECT_PREFILTER_PASS,[]
P08235,NR3C2,MR,Steroid hormone receptors,5HCV,5HCV_1,1,"[""X-RAY DIFFRACTION""]",True,[2.5],2.5,2.5,PASS_PROJECT_RANGE,[0.25571],0.25571,0.25571,PASS_ALL_LE_0_30,726,964,239,UNIPROT_PROSITE_NR_LBD,UNIPROT_CANONICAL_1_BASED_INCLUSIVE,233,0.974895,NEAR_COMPLETE_LBD,True,0.0,0.0,False,,True,PROJECT_PREFILTER_PASS,[]
P08235,NR3C2,MR,Steroid hormone receptors,5L7E,5L7E_1,1,"[""X-RAY DIFFRACTION""]",True,[1.86],1.86,1.86,PASS_PROJECT_RANGE,[0.1973],0.1973,0.1973,PASS_ALL_LE_0_30,726,964,239,UNIPROT_PROSITE_NR_LBD,UNIPROT_CANONICAL_1_BASED_INCLUSIVE,230,0.962343,NEAR_COMPLETE_LBD,True,0.0,0.0,False,,True,PROJECT_PREFILTER_PASS,[]
P08235,NR3C2,MR,Steroid hormone receptors,5L7G,5L7G_1,1,"[""X-RAY DIFFRACTION""]",True,[2.01],2.01,2.01,PASS_PROJECT_RANGE,[0.2434],0.2434,0.2434,PASS_ALL_LE_0_30,726,964,239,UNIPROT_PROSITE_NR_LBD,UNIPROT_CANONICAL_1_BASED_INCLUSIVE,230,0.962343,NEAR_COMPLETE_LBD,True,0.0,0.0,False,,True,PROJECT_PREFILTER_PASS,[]
P08235,NR3C2,MR,Steroid hormone receptors,5L7H,5L7H_1,1,"[""X-RAY DIFFRACTION""]",True,[1.84],1.84,1.84,PASS_PROJECT_RANGE,[0.2243],0.2243,0.2243,PASS_ALL_LE_0_30,726,964,239,UNIPROT_PROSITE_NR_LBD,UNIPROT_CANONICAL_1_BASED_INCLUSIVE,230,0.962343,NEAR_COMPLETE_LBD,True,0.0,0.0,False,,True,PROJECT_PREFILTER_PASS,[]
P08235,NR3C2,MR,Steroid hormone receptors,5MWP,5MWP_1,1,"[""X-RAY DIFFRACTION""]",True,[1.82],1.82,1.82,PASS_PROJECT_RANGE,[0.242],0.242,0.242,PASS_ALL_LE_0_30,726,964,239,UNIPROT_PROSITE_NR_LBD,UNIPROT_CANONICAL_1_BASED_INCLUSIVE,230,0.962343,NEAR_COMPLETE_LBD,True,0.0,0.0,False,,True,PROJECT_PREFILTER_PASS,[]
P08235,NR3C2,MR,Steroid hormone receptors,5MWY,5MWY_1,1,"[""X-RAY DIFFRACTION""]",True,[1.75],1.75,1.75,ULTRAHIGH_LT_1_8,[0.245],0.245,0.245,PASS_ALL_LE_0_30,726,964,239,UNIPROT_PROSITE_NR_LBD,UNIPROT_CANONICAL_1_BASED_INCLUSIVE,230,0.962343,NEAR_COMPLETE_LBD,True,0.0,0.0,False,,False,RESOLUTION_REVIEW,"[""RESOLUTION_REVIEW""]"
P08235,NR3C2,MR,Steroid hormone receptors,6GEV,6GEV_1,1,"[""X-RAY DIFFRACTION""]",True,[1.54],1.54,1.54,ULTRAHIGH_LT_1_8,[0.19],0.19,0.19,PASS_ALL_LE_0_30,726,964,239,UNIPROT_PROSITE_NR_LBD,UNIPROT_CANONICAL_1_BASED_INCLUSIVE,230,0.962343,NEAR_COMPLETE_LBD,True,0.0,0.0,False,,False,RESOLUTION_REVIEW,"[""RESOLUTION_REVIEW""]"
P08235,NR3C2,MR,Steroid hormone receptors,6GG8,6GG8_1,1,"[""X-RAY DIFFRACTION""]",True,[1.8],1.8,1.8,PASS_PROJECT_RANGE,[0.228],0.228,0.228,PASS_ALL_LE_0_30,726,964,239,UNIPROT_PROSITE_NR_LBD,UNIPROT_CANONICAL_1_BASED_INCLUSIVE,230,0.962343,NEAR_COMPLETE_LBD,True,0.0,0.0,False,,True,PROJECT_PREFILTER_PASS,[]
P08235,NR3C2,MR,Steroid hormone receptors,6GGG,6GGG_1,1,"[""X-RAY DIFFRACTION""]",True,[1.71],1.71,1.71,ULTRAHIGH_LT_1_8,[0.192],0.192,0.192,PASS_ALL_LE_0_30,726,964,239,UNIPROT_PROSITE_NR_LBD,UNIPROT_CANONICAL_1_BASED_INCLUSIVE,230,0.962343,NEAR_COMPLETE_LBD,True,0.0,0.0,False,,False,RESOLUTION_REVIEW,"[""RESOLUTION_REVIEW""]"
P08235,NR3C2,MR,Steroid hormone receptors,6L88,6L88_1,1,"[""X-RAY DIFFRACTION""]",True,[3.0],3.0,3.0,PASS_PROJECT_RANGE,[0.307],0.307,0.307,FAIL_ALL_GT_0_30,726,964,239,UNIPROT_PROSITE_NR_LBD,UNIPROT_CANONICAL_1_BASED_INCLUSIVE,230,0.962343,NEAR_COMPLETE_LBD,True,0.0,0.0,False,,False,RFREE_REVIEW,"[""RFREE_REVIEW""]"
P08235,NR3C2,MR,Steroid hormone receptors,9GC7,9GC7_1,1,"[""X-RAY DIFFRACTION""]",True,[1.46],1.46,1.46,ULTRAHIGH_LT_1_8,[0.2099],0.2099,0.2099,PASS_ALL_LE_0_30,726,964,239,UNIPROT_PROSITE_NR_LBD,UNIPROT_CANONICAL_1_BASED_INCLUSIVE,230,0.962343,NEAR_COMPLETE_LBD,True,0.0,0.0,False,,False,RESOLUTION_REVIEW,"[""RESOLUTION_REVIEW""]"
P06401,NR3C3,PR,Steroid hormone receptors,1A28,1A28_1,1,"[""X-RAY DIFFRACTION""]",True,[1.8],1.8,1.8,PASS_PROJECT_RANGE,[0.227],0.227,0.227,PASS_ALL_LE_0_30,679,913,235,UNIPROT_PROSITE_NR_LBD,UNIPROT_CANONICAL_1_BASED_INCLUSIVE,235,1.0,NEAR_COMPLETE_LBD,True,0.0,0.0,False,,True,PROJECT_PREFILTER_PASS,[]
P06401,NR3C3,PR,Steroid hormone receptors,1E3K,1E3K_1,1,"[""X-RAY DIFFRACTION""]",True,[2.8],2.8,2.8,PASS_PROJECT_RANGE,[0.343],0.343,0.343,FAIL_ALL_GT_0_30,679,913,235,UNIPROT_PROSITE_NR_LBD,UNIPROT_CANONICAL_1_BASED_INCLUSIVE,235,1.0,NEAR_COMPLETE_LBD,True,0.0,0.0,False,,False,RFREE_REVIEW,"[""RFREE_REVIEW""]"
P06401,NR3C3,PR,Steroid hormone receptors,1SQN,1SQN_1,1,"[""X-RAY DIFFRACTION""]",True,[1.451],1.451,1.451,ULTRAHIGH_LT_1_8,[0.21586],0.21586,0.21586,PASS_ALL_LE_0_30,679,913,235,UNIPROT_PROSITE_NR_LBD,UNIPROT_CANONICAL_1_BASED_INCLUSIVE,235,1.0,NEAR_COMPLETE_LBD,True,0.0,0.0,False,,False,RESOLUTION_REVIEW,"[""RESOLUTION_REVIEW""]"
P06401,NR3C3,PR,Steroid hormone receptors,1SR7,1SR7_1,1,"[""X-RAY DIFFRACTION""]",True,[1.46],1.46,1.46,ULTRAHIGH_LT_1_8,[0.21061],0.21061,0.21061,PASS_ALL_LE_0_30,679,913,235,UNIPROT_PROSITE_NR_LBD,UNIPROT_CANONICAL_1_BASED_INCLUSIVE,235,1.0,NEAR_COMPLETE_LBD,True,0.0,0.0,False,,False,RESOLUTION_REVIEW,"[""RESOLUTION_REVIEW""]"
P06401,NR3C3,PR,Steroid hormone receptors,1ZUC,1ZUC_1,1,"[""X-RAY DIFFRACTION""]",True,[2.0],2.0,2.0,PASS_PROJECT_RANGE,[0.22812],0.22812,0.22812,PASS_ALL_LE_0_30,679,913,235,UNIPROT_PROSITE_NR_LBD,UNIPROT_CANONICAL_1_BASED_INCLUSIVE,235,1.0,NEAR_COMPLETE_LBD,True,0.0,0.0,False,,True,PROJECT_PREFILTER_PASS,[]
P06401,NR3C3,PR,Steroid hormone receptors,2C7A,2C7A_1,1,"[""X-RAY DIFFRACTION""]",True,[2.5],2.5,2.5,PASS_PROJECT_RANGE,[0.246],0.246,0.246,PASS_ALL_LE_0_30,679,913,235,UNIPROT_PROSITE_NR_LBD,UNIPROT_CANONICAL_1_BASED_INCLUSIVE,0,0.0,NO_LBD_OVERLAP,False,73.0,1.0,False,,False,NO_LBD_OVERLAP,"[""NO_LBD_OVERLAP""]"
P06401,NR3C3,PR,Steroid hormone receptors,2OVH,2OVH_1,1,"[""X-RAY DIFFRACTION""]",True,[2.0],2.0,2.0,PASS_PROJECT_RANGE,[0.222],0.222,0.222,PASS_ALL_LE_0_30,679,913,235,UNIPROT_PROSITE_NR_LBD,UNIPROT_CANONICAL_1_BASED_INCLUSIVE,235,1.0,NEAR_COMPLETE_LBD,True,0.0,0.0,False,,True,PROJECT_PREFILTER_PASS,[]
P06401,NR3C3,PR,Steroid hormone receptors,2OVM,2OVM_1,1,"[""X-RAY DIFFRACTION""]",True,[2.6],2.6,2.6,PASS_PROJECT_RANGE,[0.244],0.244,0.244,PASS_ALL_LE_0_30,679,913,235,UNIPROT_PROSITE_NR_LBD,UNIPROT_CANONICAL_1_BASED_INCLUSIVE,235,1.0,NEAR_COMPLETE_LBD,True,0.0,0.0,False,,True,PROJECT_PREFILTER_PASS,[]
P06401,NR3C3,PR,Steroid hormone receptors,2W8Y,2W8Y_1,1,"[""X-RAY DIFFRACTION""]",True,[1.8],1.8,1.8,PASS_PROJECT_RANGE,[0.218],0.218,0.218,PASS_ALL_LE_0_30,679,913,235,UNIPROT_PROSITE_NR_LBD,UNIPROT_CANONICAL_1_BASED_INCLUSIVE,235,1.0,NEAR_COMPLETE_LBD,True,0.0,0.0,False,,True,PROJECT_PREFILTER_PASS,[]
P06401,NR3C3,PR,Steroid hormone receptors,38KC,38KC_1,1,"[""X-RAY DIFFRACTION""]",True,[2.03],2.03,2.03,PASS_PROJECT_RANGE,[0.2437],0.2437,0.2437,PASS_ALL_LE_0_30,679,913,235,UNIPROT_PROSITE_NR_LBD,UNIPROT_CANONICAL_1_BASED_INCLUSIVE,235,1.0,NEAR_COMPLETE_LBD,True,0.0,0.0,False,,True,PROJECT_PREFILTER_PASS,[]
P06401,NR3C3,PR,Steroid hormone receptors,3D90,3D90_1,1,"[""X-RAY DIFFRACTION""]",True,[2.26],2.26,2.26,PASS_PROJECT_RANGE,[0.279],0.279,0.279,PASS_ALL_LE_0_30,679,913,235,UNIPROT_PROSITE_NR_LBD,UNIPROT_CANONICAL_1_BASED_INCLUSIVE,235,1.0,NEAR_COMPLETE_LBD,True,0.0,0.0,False,,True,PROJECT_PREFILTER_PASS,[]
P06401,NR3C3,PR,Steroid hormone receptors,3G8O,3G8O_1,1,"[""X-RAY DIFFRACTION""]",True,[1.9],1.9,1.9,PASS_PROJECT_RANGE,[0.241],0.241,0.241,PASS_ALL_LE_0_30,679,913,235,UNIPROT_PROSITE_NR_LBD,UNIPROT_CANONICAL_1_BASED_INCLUSIVE,235,1.0,NEAR_COMPLETE_LBD,True,0.0,0.0,False,,True,PROJECT_PREFILTER_PASS,[]
P06401,NR3C3,PR,Steroid hormone receptors,3HQ5,3HQ5_1,1,"[""X-RAY DIFFRACTION""]",True,[2.1],2.1,2.1,PASS_PROJECT_RANGE,[0.23678],0.23678,0.23678,PASS_ALL_LE_0_30,679,913,235,UNIPROT_PROSITE_NR_LBD,UNIPROT_CANONICAL_1_BASED_INCLUSIVE,235,1.0,NEAR_COMPLETE_LBD,True,0.0,0.0,False,,True,PROJECT_PREFILTER_PASS,[]
P06401,NR3C3,PR,Steroid hormone receptors,3KBA,3KBA_1,1,"[""X-RAY DIFFRACTION""]",True,[2.0],2.0,2.0,PASS_PROJECT_RANGE,[0.25],0.25,0.25,PASS_ALL_LE_0_30,679,913,235,UNIPROT_PROSITE_NR_LBD,UNIPROT_CANONICAL_1_BASED_INCLUSIVE,233,0.991489,NEAR_COMPLETE_LBD,True,0.0,0.0,False,,True,PROJECT_PREFILTER_PASS,[]
P06401,NR3C3,PR,Steroid hormone receptors,3ZR7,3ZR7_1,1,"[""X-RAY DIFFRACTION""]",True,[1.65],1.65,1.65,ULTRAHIGH_LT_1_8,[0.19176],0.19176,0.19176,PASS_ALL_LE_0_30,679,913,235,UNIPROT_PROSITE_NR_LBD,UNIPROT_CANONICAL_1_BASED_INCLUSIVE,235,1.0,NEAR_COMPLETE_LBD,True,0.0,0.0,False,,False,RESOLUTION_REVIEW,"[""RESOLUTION_REVIEW""]"
P06401,NR3C3,PR,Steroid hormone receptors,3ZRA,3ZRA_1,1,"[""X-RAY DIFFRACTION""]",True,[1.9],1.9,1.9,PASS_PROJECT_RANGE,[0.24844],0.24844,0.24844,PASS_ALL_LE_0_30,679,913,235,UNIPROT_PROSITE_NR_LBD,UNIPROT_CANONICAL_1_BASED_INCLUSIVE,235,1.0,NEAR_COMPLETE_LBD,True,0.0,0.0,False,,True,PROJECT_PREFILTER_PASS,[]
P06401,NR3C3,PR,Steroid hormone receptors,3ZRB,3ZRB_1,1,"[""X-RAY DIFFRACTION""]",True,[1.8],1.8,1.8,PASS_PROJECT_RANGE,[0.2207],0.2207,0.2207,PASS_ALL_LE_0_30,679,913,235,UNIPROT_PROSITE_NR_LBD,UNIPROT_CANONICAL_1_BASED_INCLUSIVE,235,1.0,NEAR_COMPLETE_LBD,True,0.0,0.0,False,,True,PROJECT_PREFILTER_PASS,[]
P06401,NR3C3,PR,Steroid hormone receptors,4A2J,4A2J_1,1,"[""X-RAY DIFFRACTION""]",True,[2.0],2.0,2.0,PASS_PROJECT_RANGE,[0.25118],0.25118,0.25118,PASS_ALL_LE_0_30,679,913,235,UNIPROT_PROSITE_NR_LBD,UNIPROT_CANONICAL_1_BASED_INCLUSIVE,235,1.0,NEAR_COMPLETE_LBD,True,0.0,0.0,False,,True,PROJECT_PREFILTER_PASS,[]
P06401,NR3C3,PR,Steroid hormone receptors,4APU,4APU_1,1,"[""X-RAY DIFFRACTION""]",True,[1.9],1.9,1.9,PASS_PROJECT_RANGE,[0.2516],0.2516,0.2516,PASS_ALL_LE_0_30,679,913,235,UNIPROT_PROSITE_NR_LBD,UNIPROT_CANONICAL_1_BASED_INCLUSIVE,235,1.0,NEAR_COMPLETE_LBD,True,0.0,0.0,False,,True,PROJECT_PREFILTER_PASS,[]
P06401,NR3C3,PR,Steroid hormone receptors,4OAR,4OAR_1,1,"[""X-RAY DIFFRACTION""]",True,[2.41],2.41,2.41,PASS_PROJECT_RANGE,[0.2337],0.2337,0.2337,PASS_ALL_LE_0_30,679,913,235,UNIPROT_PROSITE_NR_LBD,UNIPROT_CANONICAL_1_BASED_INCLUSIVE,235,1.0,NEAR_COMPLETE_LBD,True,0.0,0.0,False,,True,PROJECT_PREFILTER_PASS,[]
P06401,NR3C3,PR,Steroid hormone receptors,5CC0,5CC0_1,1,"[""X-RAY DIFFRACTION""]",True,[2.405],2.405,2.405,PASS_PROJECT_RANGE,[0.2372],0.2372,0.2372,PASS_ALL_LE_0_30,679,913,235,UNIPROT_PROSITE_NR_LBD,UNIPROT_CANONICAL_1_BASED_INCLUSIVE,0,0.0,NO_LBD_OVERLAP,False,73.0,1.0,False,EXPLAINED,False,NO_LBD_OVERLAP,"[""NO_LBD_OVERLAP""]"
P10276,NR1B1,RARα,Steroid hormone receptors,1DKF,1DKF_2,2,"[""X-RAY DIFFRACTION""]",True,[2.5],2.5,2.5,PASS_PROJECT_RANGE,[0.262],0.262,0.262,PASS_ALL_LE_0_30,183,417,235,UNIPROT_PROSITE_NR_LBD,UNIPROT_CANONICAL_1_BASED_INCLUSIVE,234,0.995745,NEAR_COMPLETE_LBD,True,0.0,0.0,False,,True,PROJECT_PREFILTER_PASS,[]
P10276,NR1B1,RARα,Steroid hormone receptors,1DSZ,1DSZ_3,3,"[""X-RAY DIFFRACTION""]",True,[1.7],1.7,1.7,ULTRAHIGH_LT_1_8,[0.267],0.267,0.267,PASS_ALL_LE_0_30,183,417,235,UNIPROT_PROSITE_NR_LBD,UNIPROT_CANONICAL_1_BASED_INCLUSIVE,0,0.0,NO_LBD_OVERLAP,False,66.0,1.0,False,,False,MULTIPLE_REASONS,"[""NO_LBD_OVERLAP"", ""RESOLUTION_REVIEW""]"
P10276,NR1B1,RARα,Steroid hormone receptors,3A9E,3A9E_2,2,"[""X-RAY DIFFRACTION""]",True,[2.75],2.75,2.75,PASS_PROJECT_RANGE,[0.2639],0.2639,0.2639,PASS_ALL_LE_0_30,183,417,235,UNIPROT_PROSITE_NR_LBD,UNIPROT_CANONICAL_1_BASED_INCLUSIVE,235,1.0,NEAR_COMPLETE_LBD,True,1.0,0.015152,False,,True,PROJECT_PREFILTER_PASS,[]
P10276,NR1B1,RARα,Steroid hormone receptors,3KMR,3KMR_1,1,"[""X-RAY DIFFRACTION""]",True,[1.8],1.8,1.8,PASS_PROJECT_RANGE,[0.23716],0.23716,0.23716,PASS_ALL_LE_0_30,183,417,235,UNIPROT_PROSITE_NR_LBD,UNIPROT_CANONICAL_1_BASED_INCLUSIVE,235,1.0,NEAR_COMPLETE_LBD,True,0.0,0.0,False,,True,PROJECT_PREFILTER_PASS,[]
P10276,NR1B1,RARα,Steroid hormone receptors,3KMZ,3KMZ_1,1,"[""X-RAY DIFFRACTION""]",True,[2.1],2.1,2.1,PASS_PROJECT_RANGE,[0.22973],0.22973,0.22973,PASS_ALL_LE_0_30,183,417,235,UNIPROT_PROSITE_NR_LBD,UNIPROT_CANONICAL_1_BASED_INCLUSIVE,235,1.0,NEAR_COMPLETE_LBD,True,0.0,0.0,False,,True,PROJECT_PREFILTER_PASS,[]
P10276,NR1B1,RARα,Steroid hormone receptors,4DQM,4DQM_1,1,"[""X-RAY DIFFRACTION""]",True,[2.75],2.75,2.75,PASS_PROJECT_RANGE,[0.2594],0.2594,0.2594,PASS_ALL_LE_0_30,183,417,235,UNIPROT_PROSITE_NR_LBD,UNIPROT_CANONICAL_1_BASED_INCLUSIVE,233,0.991489,NEAR_COMPLETE_LBD,True,0.0,0.0,False,,True,PROJECT_PREFILTER_PASS,[]
P10276,NR1B1,RARα,Steroid hormone receptors,5K13,5K13_1,1,"[""X-RAY DIFFRACTION""]",True,[1.85],1.85,1.85,PASS_PROJECT_RANGE,[0.2223],0.2223,0.2223,PASS_ALL_LE_0_30,183,417,235,UNIPROT_PROSITE_NR_LBD,UNIPROT_CANONICAL_1_BASED_INCLUSIVE,235,1.0,NEAR_COMPLETE_LBD,True,0.0,0.0,False,,True,PROJECT_PREFILTER_PASS,[]
P10276,NR1B1,RARα,Steroid hormone receptors,6XWG,6XWG_4,4,"[""X-RAY DIFFRACTION""]",True,[2.4],2.4,2.4,PASS_PROJECT_RANGE,[0.207],0.207,0.207,PASS_ALL_LE_0_30,183,417,235,UNIPROT_PROSITE_NR_LBD,UNIPROT_CANONICAL_1_BASED_INCLUSIVE,0,0.0,NO_LBD_OVERLAP,False,66.0,1.0,False,,False,NO_LBD_OVERLAP,"[""NO_LBD_OVERLAP""]"
P10276,NR1B1,RARα,Steroid hormone receptors,7AOS,7AOS_2,2,"[""X-RAY DIFFRACTION""]",True,[2.55],2.55,2.55,PASS_PROJECT_RANGE,[0.2623],0.2623,0.2623,PASS_ALL_LE_0_30,183,417,235,UNIPROT_PROSITE_NR_LBD,UNIPROT_CANONICAL_1_BASED_INCLUSIVE,235,1.0,NEAR_COMPLETE_LBD,True,0.0,0.0,False,,True,PROJECT_PREFILTER_PASS,[]
P10276,NR1B1,RARα,Steroid hormone receptors,7APO,7APO_1,1,"[""X-RAY DIFFRACTION""]",True,[2.4],2.4,2.4,PASS_PROJECT_RANGE,[0.2407],0.2407,0.2407,PASS_ALL_LE_0_30,183,417,235,UNIPROT_PROSITE_NR_LBD,UNIPROT_CANONICAL_1_BASED_INCLUSIVE,235,1.0,NEAR_COMPLETE_LBD,True,0.0,0.0,False,,True,PROJECT_PREFILTER_PASS,[]
P10276,NR1B1,RARα,Steroid hormone receptors,7QAA,7QAA_2,2,"[""X-RAY DIFFRACTION""]",True,[2.76],2.76,2.76,PASS_PROJECT_RANGE,[0.245],0.245,0.245,PASS_ALL_LE_0_30,183,417,235,UNIPROT_PROSITE_NR_LBD,UNIPROT_CANONICAL_1_BASED_INCLUSIVE,234,0.995745,NEAR_COMPLETE_LBD,True,0.0,0.0,False,,True,PROJECT_PREFILTER_PASS,[]
P10276,NR1B1,RARα,Steroid hormone receptors,7WQQ,7WQQ_1,1,"[""X-RAY DIFFRACTION""]",True,[1.9],1.9,1.9,PASS_PROJECT_RANGE,[0.2056],0.2056,0.2056,PASS_ALL_LE_0_30,183,417,235,UNIPROT_PROSITE_NR_LBD,UNIPROT_CANONICAL_1_BASED_INCLUSIVE,235,1.0,NEAR_COMPLETE_LBD,True,0.0,0.0,False,,True,PROJECT_PREFILTER_PASS,[]
P10276,NR1B1,RARα,Steroid hormone receptors,9GFE,9GFE_1,1,"[""X-RAY DIFFRACTION""]",True,[1.583],1.583,1.583,ULTRAHIGH_LT_1_8,[0.2291],0.2291,0.2291,PASS_ALL_LE_0_30,183,417,235,UNIPROT_PROSITE_NR_LBD,UNIPROT_CANONICAL_1_BASED_INCLUSIVE,233,0.991489,NEAR_COMPLETE_LBD,True,0.0,0.0,False,,False,RESOLUTION_REVIEW,"[""RESOLUTION_REVIEW""]"
P10276,NR1B1,RARα,Steroid hormone receptors,9GFI,9GFI_1,1,"[""X-RAY DIFFRACTION""]",True,[2.1],2.1,2.1,PASS_PROJECT_RANGE,[0.2716],0.2716,0.2716,PASS_ALL_LE_0_30,183,417,235,UNIPROT_PROSITE_NR_LBD,UNIPROT_CANONICAL_1_BASED_INCLUSIVE,233,0.991489,NEAR_COMPLETE_LBD,True,0.0,0.0,False,,True,PROJECT_PREFILTER_PASS,[]
P10826,NR1B2,RARβ,Steroid hormone receptors,1HRA,1HRA_1,1,"[""SOLUTION NMR""]",False,[],,,MISSING,[],,,MISSING,183,417,235,UNIPROT_PROSITE_NR_LBD,UNIPROT_CANONICAL_1_BASED_INCLUSIVE,0,0.0,NO_LBD_OVERLAP,False,66.0,1.0,False,,False,MULTIPLE_REASONS,"[""NON_XRAY"", ""NO_LBD_OVERLAP"", ""RESOLUTION_REVIEW"", ""RFREE_REVIEW"", ""METADATA_INCOMPLETE""]"
P10826,NR1B2,RARβ,Steroid hormone receptors,1XAP,1XAP_1,1,"[""X-RAY DIFFRACTION""]",True,[2.1],2.1,2.1,PASS_PROJECT_RANGE,[0.253],0.253,0.253,PASS_ALL_LE_0_30,183,417,235,UNIPROT_PROSITE_NR_LBD,UNIPROT_CANONICAL_1_BASED_INCLUSIVE,235,1.0,NEAR_COMPLETE_LBD,True,0.0,0.0,False,,True,PROJECT_PREFILTER_PASS,[]
P10826,NR1B2,RARβ,Steroid hormone receptors,4DM6,4DM6_1,1,"[""X-RAY DIFFRACTION""]",True,[1.9],1.9,1.9,PASS_PROJECT_RANGE,[0.239],0.239,0.239,PASS_ALL_LE_0_30,183,417,235,UNIPROT_PROSITE_NR_LBD,UNIPROT_CANONICAL_1_BASED_INCLUSIVE,235,1.0,NEAR_COMPLETE_LBD,True,0.0,0.0,False,,True,PROJECT_PREFILTER_PASS,[]
P10826,NR1B2,RARβ,Steroid hormone receptors,4DM8,4DM8_1,1,"[""X-RAY DIFFRACTION""]",True,[2.3],2.3,2.3,PASS_PROJECT_RANGE,[0.277],0.277,0.277,PASS_ALL_LE_0_30,183,417,235,UNIPROT_PROSITE_NR_LBD,UNIPROT_CANONICAL_1_BASED_INCLUSIVE,235,1.0,NEAR_COMPLETE_LBD,True,0.0,0.0,False,,True,PROJECT_PREFILTER_PASS,[]
P10826,NR1B2,RARβ,Steroid hormone receptors,4JYG,4JYG_1,1,"[""X-RAY DIFFRACTION""]",True,[2.35],2.35,2.35,PASS_PROJECT_RANGE,[0.257],0.257,0.257,PASS_ALL_LE_0_30,183,417,235,UNIPROT_PROSITE_NR_LBD,UNIPROT_CANONICAL_1_BASED_INCLUSIVE,235,1.0,NEAR_COMPLETE_LBD,True,0.0,0.0,False,,True,PROJECT_PREFILTER_PASS,[]
P10826,NR1B2,RARβ,Steroid hormone receptors,4JYH,4JYH_1,1,"[""X-RAY DIFFRACTION""]",True,[2.6],2.6,2.6,PASS_PROJECT_RANGE,[0.2672],0.2672,0.2672,PASS_ALL_LE_0_30,183,417,235,UNIPROT_PROSITE_NR_LBD,UNIPROT_CANONICAL_1_BASED_INCLUSIVE,235,1.0,NEAR_COMPLETE_LBD,True,0.0,0.0,False,,True,PROJECT_PREFILTER_PASS,[]
P10826,NR1B2,RARβ,Steroid hormone receptors,4JYI,4JYI_1,1,"[""X-RAY DIFFRACTION""]",True,[1.9],1.9,1.9,PASS_PROJECT_RANGE,[0.2272],0.2272,0.2272,PASS_ALL_LE_0_30,183,417,235,UNIPROT_PROSITE_NR_LBD,UNIPROT_CANONICAL_1_BASED_INCLUSIVE,235,1.0,NEAR_COMPLETE_LBD,True,0.0,0.0,False,,True,PROJECT_PREFILTER_PASS,[]
P10826,NR1B2,RARβ,Steroid hormone receptors,5UAN,5UAN_2,2,"[""X-RAY DIFFRACTION""]",True,[3.508],3.508,3.508,TOO_LOW_RESOLUTION_GT_3_5,[0.2703],0.2703,0.2703,PASS_ALL_LE_0_30,183,417,235,UNIPROT_PROSITE_NR_LBD,UNIPROT_CANONICAL_1_BASED_INCLUSIVE,235,1.0,NEAR_COMPLETE_LBD,True,66.0,1.0,False,,False,RESOLUTION_REVIEW,"[""RESOLUTION_REVIEW""]"
P10826,NR1B2,RARβ,Steroid hormone receptors,6SSQ,6SSQ_1,1,"[""X-RAY DIFFRACTION""]",True,[2.3],2.3,2.3,PASS_PROJECT_RANGE,[0.2081],0.2081,0.2081,PASS_ALL_LE_0_30,183,417,235,UNIPROT_PROSITE_NR_LBD,UNIPROT_CANONICAL_1_BASED_INCLUSIVE,235,1.0,NEAR_COMPLETE_LBD,True,0.0,0.0,False,,True,PROJECT_PREFILTER_PASS,[]
P13631,NR1B3,RARγ,Steroid hormone receptors,1EXA,1EXA_1,1,"[""X-RAY DIFFRACTION""]",True,[1.59],1.59,1.59,ULTRAHIGH_LT_1_8,[0.25],0.25,0.25,PASS_ALL_LE_0_30,185,419,235,UNIPROT_PROSITE_NR_LBD,UNIPROT_CANONICAL_1_BASED_INCLUSIVE,235,1.0,NEAR_COMPLETE_LBD,True,0.0,0.0,False,,False,RESOLUTION_REVIEW,"[""RESOLUTION_REVIEW""]"
P13631,NR1B3,RARγ,Steroid hormone receptors,1EXX,1EXX_1,1,"[""X-RAY DIFFRACTION""]",True,[1.67],1.67,1.67,ULTRAHIGH_LT_1_8,[0.243],0.243,0.243,PASS_ALL_LE_0_30,185,419,235,UNIPROT_PROSITE_NR_LBD,UNIPROT_CANONICAL_1_BASED_INCLUSIVE,235,1.0,NEAR_COMPLETE_LBD,True,0.0,0.0,False,,False,RESOLUTION_REVIEW,"[""RESOLUTION_REVIEW""]"
P13631,NR1B3,RARγ,Steroid hormone receptors,1FCX,1FCX_1,1,"[""X-RAY DIFFRACTION""]",True,[1.47],1.47,1.47,ULTRAHIGH_LT_1_8,[0.1671],0.1671,0.1671,PASS_ALL_LE_0_30,185,419,235,UNIPROT_PROSITE_NR_LBD,UNIPROT_CANONICAL_1_BASED_INCLUSIVE,233,0.991489,NEAR_COMPLETE_LBD,True,0.0,0.0,False,,False,RESOLUTION_REVIEW,"[""RESOLUTION_REVIEW""]"
P13631,NR1B3,RARγ,Steroid hormone receptors,1FCY,1FCY_1,1,"[""X-RAY DIFFRACTION""]",True,[1.3],1.3,1.3,ULTRAHIGH_LT_1_8,[0.1641],0.1641,0.1641,PASS_ALL_LE_0_30,185,419,235,UNIPROT_PROSITE_NR_LBD,UNIPROT_CANONICAL_1_BASED_INCLUSIVE,233,0.991489,NEAR_COMPLETE_LBD,True,0.0,0.0,False,,False,RESOLUTION_REVIEW,"[""RESOLUTION_REVIEW""]"
P13631,NR1B3,RARγ,Steroid hormone receptors,1FCZ,1FCZ_1,1,"[""X-RAY DIFFRACTION""]",True,[1.38],1.38,1.38,ULTRAHIGH_LT_1_8,[0.1738],0.1738,0.1738,PASS_ALL_LE_0_30,185,419,235,UNIPROT_PROSITE_NR_LBD,UNIPROT_CANONICAL_1_BASED_INCLUSIVE,233,0.991489,NEAR_COMPLETE_LBD,True,0.0,0.0,False,,False,RESOLUTION_REVIEW,"[""RESOLUTION_REVIEW""]"
P13631,NR1B3,RARγ,Steroid hormone receptors,1FD0,1FD0_1,1,"[""X-RAY DIFFRACTION""]",True,[1.38],1.38,1.38,ULTRAHIGH_LT_1_8,[0.158],0.158,0.158,PASS_ALL_LE_0_30,185,419,235,UNIPROT_PROSITE_NR_LBD,UNIPROT_CANONICAL_1_BASED_INCLUSIVE,233,0.991489,NEAR_COMPLETE_LBD,True,0.0,0.0,False,,False,RESOLUTION_REVIEW,"[""RESOLUTION_REVIEW""]"
P13631,NR1B3,RARγ,Steroid hormone receptors,2LBD,2LBD_1,1,"[""X-RAY DIFFRACTION""]",True,[2.06],2.06,2.06,PASS_PROJECT_RANGE,[0.313],0.313,0.313,FAIL_ALL_GT_0_30,185,419,235,UNIPROT_PROSITE_NR_LBD,UNIPROT_CANONICAL_1_BASED_INCLUSIVE,235,1.0,NEAR_COMPLETE_LBD,True,0.0,0.0,False,,False,RFREE_REVIEW,"[""RFREE_REVIEW""]"
P13631,NR1B3,RARγ,Steroid hormone receptors,3LBD,3LBD_1,1,"[""X-RAY DIFFRACTION""]",True,[2.4],2.4,2.4,PASS_PROJECT_RANGE,[0.267],0.267,0.267,PASS_ALL_LE_0_30,185,419,235,UNIPROT_PROSITE_NR_LBD,UNIPROT_CANONICAL_1_BASED_INCLUSIVE,235,1.0,NEAR_COMPLETE_LBD,True,0.0,0.0,False,,True,PROJECT_PREFILTER_PASS,[]
P13631,NR1B3,RARγ,Steroid hormone receptors,4LBD,4LBD_1,1,"[""X-RAY DIFFRACTION""]",True,[2.5],2.5,2.5,PASS_PROJECT_RANGE,[0.285],0.285,0.285,PASS_ALL_LE_0_30,185,419,235,UNIPROT_PROSITE_NR_LBD,UNIPROT_CANONICAL_1_BASED_INCLUSIVE,235,1.0,NEAR_COMPLETE_LBD,True,0.0,0.0,False,,True,PROJECT_PREFILTER_PASS,[]
P13631,NR1B3,RARγ,Steroid hormone receptors,5M24,5M24_1,1,"[""X-RAY DIFFRACTION""]",True,[1.69],1.69,1.69,ULTRAHIGH_LT_1_8,[0.23361],0.23361,0.23361,PASS_ALL_LE_0_30,185,419,235,UNIPROT_PROSITE_NR_LBD,UNIPROT_CANONICAL_1_BASED_INCLUSIVE,235,1.0,NEAR_COMPLETE_LBD,True,0.0,0.0,False,,False,RESOLUTION_REVIEW,"[""RESOLUTION_REVIEW""]"
P13631,NR1B3,RARγ,Steroid hormone receptors,6FX0,6FX0_1,1,"[""X-RAY DIFFRACTION""]",True,[1.9],1.9,1.9,PASS_PROJECT_RANGE,[0.224],0.224,0.224,PASS_ALL_LE_0_30,185,419,235,UNIPROT_PROSITE_NR_LBD,UNIPROT_CANONICAL_1_BASED_INCLUSIVE,235,1.0,NEAR_COMPLETE_LBD,True,66.0,1.0,False,,True,PROJECT_PREFILTER_PASS,[]
P10827,NR1A1,TRα,Steroid hormone receptors,1NAV,1NAV_1,1,"[""X-RAY DIFFRACTION""]",True,[2.5],2.5,2.5,PASS_PROJECT_RANGE,[0.279],0.279,0.279,PASS_ALL_LE_0_30,163,407,245,UNIPROT_PROSITE_NR_LBD,UNIPROT_CANONICAL_1_BASED_INCLUSIVE,208,0.84898,SUBSTANTIAL_LBD,True,0.0,0.0,False,,True,PROJECT_PREFILTER_PASS,[]
P10827,NR1A1,TRα,Steroid hormone receptors,2H77,2H77_1,1,"[""X-RAY DIFFRACTION""]",True,[2.33],2.33,2.33,PASS_PROJECT_RANGE,[0.238],0.238,0.238,PASS_ALL_LE_0_30,163,407,245,UNIPROT_PROSITE_NR_LBD,UNIPROT_CANONICAL_1_BASED_INCLUSIVE,208,0.84898,SUBSTANTIAL_LBD,True,0.0,0.0,False,,True,PROJECT_PREFILTER_PASS,[]
P10827,NR1A1,TRα,Steroid hormone receptors,2H79,2H79_1,1,"[""X-RAY DIFFRACTION""]",True,[1.87],1.87,1.87,PASS_PROJECT_RANGE,[0.187],0.187,0.187,PASS_ALL_LE_0_30,163,407,245,UNIPROT_PROSITE_NR_LBD,UNIPROT_CANONICAL_1_BASED_INCLUSIVE,208,0.84898,SUBSTANTIAL_LBD,True,0.0,0.0,False,,True,PROJECT_PREFILTER_PASS,[]
P10827,NR1A1,TRα,Steroid hormone receptors,3HZF,3HZF_1,1,"[""X-RAY DIFFRACTION""]",True,[2.5],2.5,2.5,PASS_PROJECT_RANGE,[0.26293],0.26293,0.26293,PASS_ALL_LE_0_30,163,407,245,UNIPROT_PROSITE_NR_LBD,UNIPROT_CANONICAL_1_BASED_INCLUSIVE,208,0.84898,SUBSTANTIAL_LBD,True,0.0,0.0,False,,True,PROJECT_PREFILTER_PASS,[]
P10827,NR1A1,TRα,Steroid hormone receptors,3ILZ,3ILZ_1,1,"[""X-RAY DIFFRACTION""]",True,[1.85],1.85,1.85,PASS_PROJECT_RANGE,[0.188],0.188,0.188,PASS_ALL_LE_0_30,163,407,245,UNIPROT_PROSITE_NR_LBD,UNIPROT_CANONICAL_1_BASED_INCLUSIVE,208,0.84898,SUBSTANTIAL_LBD,True,0.0,0.0,False,,True,PROJECT_PREFILTER_PASS,[]
P10827,NR1A1,TRα,Steroid hormone receptors,3JZB,3JZB_1,1,"[""X-RAY DIFFRACTION""]",True,[2.007],2.007,2.007,PASS_PROJECT_RANGE,[0.1985],0.1985,0.1985,PASS_ALL_LE_0_30,163,407,245,UNIPROT_PROSITE_NR_LBD,UNIPROT_CANONICAL_1_BASED_INCLUSIVE,208,0.84898,SUBSTANTIAL_LBD,True,0.0,0.0,False,,True,PROJECT_PREFILTER_PASS,[]
P10827,NR1A1,TRα,Steroid hormone receptors,4LNW,4LNW_1,1,"[""X-RAY DIFFRACTION""]",True,[1.9],1.9,1.9,PASS_PROJECT_RANGE,[0.184],0.184,0.184,PASS_ALL_LE_0_30,163,407,245,UNIPROT_PROSITE_NR_LBD,UNIPROT_CANONICAL_1_BASED_INCLUSIVE,208,0.84898,SUBSTANTIAL_LBD,True,0.0,0.0,False,,True,PROJECT_PREFILTER_PASS,[]
P10827,NR1A1,TRα,Steroid hormone receptors,4LNX,4LNX_1,1,"[""X-RAY DIFFRACTION""]",True,[2.05],2.05,2.05,PASS_PROJECT_RANGE,[0.177],0.177,0.177,PASS_ALL_LE_0_30,163,407,245,UNIPROT_PROSITE_NR_LBD,UNIPROT_CANONICAL_1_BASED_INCLUSIVE,208,0.84898,SUBSTANTIAL_LBD,True,0.0,0.0,False,,True,PROJECT_PREFILTER_PASS,[]
P10827,NR1A1,TRα,Steroid hormone receptors,7QDT,7QDT_1,1,"[""X-RAY DIFFRACTION""]",True,[3.0],3.0,3.0,PASS_PROJECT_RANGE,[0.22754],0.22754,0.22754,PASS_ALL_LE_0_30,163,407,245,UNIPROT_PROSITE_NR_LBD,UNIPROT_CANONICAL_1_BASED_INCLUSIVE,208,0.84898,SUBSTANTIAL_LBD,True,0.0,0.0,False,,True,PROJECT_PREFILTER_PASS,[]
P10827,NR1A1,TRα,Steroid hormone receptors,8RQO,8RQO_1,1,"[""X-RAY DIFFRACTION""]",True,[2.74],2.74,2.74,PASS_PROJECT_RANGE,[0.22784],0.22784,0.22784,PASS_ALL_LE_0_30,163,407,245,UNIPROT_PROSITE_NR_LBD,UNIPROT_CANONICAL_1_BASED_INCLUSIVE,208,0.84898,SUBSTANTIAL_LBD,True,0.0,0.0,False,,True,PROJECT_PREFILTER_PASS,[]
P10828,NR1A2,TRβ,Steroid hormone receptors,1BSX,1BSX_1,1,"[""X-RAY DIFFRACTION""]",True,[3.7],3.7,3.7,TOO_LOW_RESOLUTION_GT_3_5,[0.299],0.299,0.299,PASS_ALL_LE_0_30,217,461,245,UNIPROT_PROSITE_NR_LBD,UNIPROT_CANONICAL_1_BASED_INCLUSIVE,245,1.0,NEAR_COMPLETE_LBD,True,0.0,0.0,False,,False,RESOLUTION_REVIEW,"[""RESOLUTION_REVIEW""]"
P10828,NR1A2,TRβ,Steroid hormone receptors,1N46,1N46_1,1,"[""X-RAY DIFFRACTION""]",True,[2.2],2.2,2.2,PASS_PROJECT_RANGE,[0.25621],0.25621,0.25621,PASS_ALL_LE_0_30,217,461,245,UNIPROT_PROSITE_NR_LBD,UNIPROT_CANONICAL_1_BASED_INCLUSIVE,245,1.0,NEAR_COMPLETE_LBD,True,0.0,0.0,False,,True,PROJECT_PREFILTER_PASS,[]
P10828,NR1A2,TRβ,Steroid hormone receptors,1NAX,1NAX_1,1,"[""X-RAY DIFFRACTION""]",True,[2.7],2.7,2.7,PASS_PROJECT_RANGE,[0.237],0.237,0.237,PASS_ALL_LE_0_30,217,461,245,UNIPROT_PROSITE_NR_LBD,UNIPROT_CANONICAL_1_BASED_INCLUSIVE,244,0.995918,NEAR_COMPLETE_LBD,True,0.0,0.0,False,,True,PROJECT_PREFILTER_PASS,[]
P10828,NR1A2,TRβ,Steroid hormone receptors,1NQ0,1NQ0_1,1,"[""X-RAY DIFFRACTION""]",True,[2.4],2.4,2.4,PASS_PROJECT_RANGE,[0.2579],0.2579,0.2579,PASS_ALL_LE_0_30,217,461,245,UNIPROT_PROSITE_NR_LBD,UNIPROT_CANONICAL_1_BASED_INCLUSIVE,245,1.0,NEAR_COMPLETE_LBD,True,0.0,0.0,False,,True,PROJECT_PREFILTER_PASS,[]
P10828,NR1A2,TRβ,Steroid hormone receptors,1NQ1,1NQ1_1,1,"[""X-RAY DIFFRACTION""]",True,[2.9],2.9,2.9,PASS_PROJECT_RANGE,[0.287],0.287,0.287,PASS_ALL_LE_0_30,217,461,245,UNIPROT_PROSITE_NR_LBD,UNIPROT_CANONICAL_1_BASED_INCLUSIVE,245,1.0,NEAR_COMPLETE_LBD,True,0.0,0.0,False,,True,PROJECT_PREFILTER_PASS,[]
P10828,NR1A2,TRβ,Steroid hormone receptors,1NQ2,1NQ2_1,1,"[""X-RAY DIFFRACTION""]",True,[2.4],2.4,2.4,PASS_PROJECT_RANGE,[0.2642],0.2642,0.2642,PASS_ALL_LE_0_30,217,461,245,UNIPROT_PROSITE_NR_LBD,UNIPROT_CANONICAL_1_BASED_INCLUSIVE,245,1.0,NEAR_COMPLETE_LBD,True,0.0,0.0,False,,True,PROJECT_PREFILTER_PASS,[]
P10828,NR1A2,TRβ,Steroid hormone receptors,1NUO,1NUO_1,1,"[""X-RAY DIFFRACTION""]",True,[3.1],3.1,3.1,PASS_PROJECT_RANGE,[0.302],0.302,0.302,FAIL_ALL_GT_0_30,217,461,245,UNIPROT_PROSITE_NR_LBD,UNIPROT_CANONICAL_1_BASED_INCLUSIVE,245,1.0,NEAR_COMPLETE_LBD,True,0.0,0.0,False,,False,RFREE_REVIEW,"[""RFREE_REVIEW""]"
P10828,NR1A2,TRβ,Steroid hormone receptors,1Q4X,1Q4X_1,1,"[""X-RAY DIFFRACTION""]",True,[2.8],2.8,2.8,PASS_PROJECT_RANGE,[0.264],0.264,0.264,PASS_ALL_LE_0_30,217,461,245,UNIPROT_PROSITE_NR_LBD,UNIPROT_CANONICAL_1_BASED_INCLUSIVE,245,1.0,NEAR_COMPLETE_LBD,True,0.0,0.0,False,,True,PROJECT_PREFILTER_PASS,[]
P10828,NR1A2,TRβ,Steroid hormone receptors,1R6G,1R6G_1,1,"[""X-RAY DIFFRACTION""]",True,[3.0],3.0,3.0,PASS_PROJECT_RANGE,[0.34677],0.34677,0.34677,FAIL_ALL_GT_0_30,217,461,245,UNIPROT_PROSITE_NR_LBD,UNIPROT_CANONICAL_1_BASED_INCLUSIVE,245,1.0,NEAR_COMPLETE_LBD,True,0.0,0.0,False,,False,RFREE_REVIEW,"[""RFREE_REVIEW""]"
P10828,NR1A2,TRβ,Steroid hormone receptors,1XZX,1XZX_1,1,"[""X-RAY DIFFRACTION""]",True,[2.5],2.5,2.5,PASS_PROJECT_RANGE,[0.244],0.244,0.244,PASS_ALL_LE_0_30,217,461,245,UNIPROT_PROSITE_NR_LBD,UNIPROT_CANONICAL_1_BASED_INCLUSIVE,245,1.0,NEAR_COMPLETE_LBD,True,0.0,0.0,False,,True,PROJECT_PREFILTER_PASS,[]
P10828,NR1A2,TRβ,Steroid hormone receptors,1Y0X,1Y0X_1,1,"[""X-RAY DIFFRACTION""]",True,[3.1],3.1,3.1,PASS_PROJECT_RANGE,[0.266],0.266,0.266,PASS_ALL_LE_0_30,217,461,245,UNIPROT_PROSITE_NR_LBD,UNIPROT_CANONICAL_1_BASED_INCLUSIVE,245,1.0,NEAR_COMPLETE_LBD,True,0.0,0.0,False,,True,PROJECT_PREFILTER_PASS,[]
P10828,NR1A2,TRβ,Steroid hormone receptors,2J4A,2J4A_1,1,"[""X-RAY DIFFRACTION""]",True,[2.2],2.2,2.2,PASS_PROJECT_RANGE,[0.2729],0.2729,0.2729,PASS_ALL_LE_0_30,217,461,245,UNIPROT_PROSITE_NR_LBD,UNIPROT_CANONICAL_1_BASED_INCLUSIVE,245,1.0,NEAR_COMPLETE_LBD,True,0.0,0.0,False,,True,PROJECT_PREFILTER_PASS,[]
P10828,NR1A2,TRβ,Steroid hormone receptors,2NLL,2NLL_4,4,"[""X-RAY DIFFRACTION""]",True,[1.9],1.9,1.9,PASS_PROJECT_RANGE,[0.269],0.269,0.269,PASS_ALL_LE_0_30,217,461,245,UNIPROT_PROSITE_NR_LBD,UNIPROT_CANONICAL_1_BASED_INCLUSIVE,0,0.0,NO_LBD_OVERLAP,False,75.0,1.0,False,,False,NO_LBD_OVERLAP,"[""NO_LBD_OVERLAP""]"
P10828,NR1A2,TRβ,Steroid hormone receptors,2PIN,2PIN_1,1,"[""X-RAY DIFFRACTION""]",True,[2.3],2.3,2.3,PASS_PROJECT_RANGE,[0.256],0.256,0.256,PASS_ALL_LE_0_30,217,461,245,UNIPROT_PROSITE_NR_LBD,UNIPROT_CANONICAL_1_BASED_INCLUSIVE,245,1.0,NEAR_COMPLETE_LBD,True,0.0,0.0,False,,True,PROJECT_PREFILTER_PASS,[]
P10828,NR1A2,TRβ,Steroid hormone receptors,3D57,3D57_1,1,"[""X-RAY DIFFRACTION""]",True,[2.2],2.2,2.2,PASS_PROJECT_RANGE,[0.24],0.24,0.24,PASS_ALL_LE_0_30,217,461,245,UNIPROT_PROSITE_NR_LBD,UNIPROT_CANONICAL_1_BASED_INCLUSIVE,244,0.995918,NEAR_COMPLETE_LBD,True,0.0,0.0,False,,True,PROJECT_PREFILTER_PASS,[]
P10828,NR1A2,TRβ,Steroid hormone receptors,3GWS,3GWS_1,1,"[""X-RAY DIFFRACTION""]",True,[2.2],2.2,2.2,PASS_PROJECT_RANGE,[0.233],0.233,0.233,PASS_ALL_LE_0_30,217,461,245,UNIPROT_PROSITE_NR_LBD,UNIPROT_CANONICAL_1_BASED_INCLUSIVE,244,0.995918,NEAR_COMPLETE_LBD,True,0.0,0.0,False,,True,PROJECT_PREFILTER_PASS,[]
P10828,NR1A2,TRβ,Steroid hormone receptors,3IMY,3IMY_1,1,"[""X-RAY DIFFRACTION""]",True,[2.55],2.55,2.55,PASS_PROJECT_RANGE,[0.271],0.271,0.271,PASS_ALL_LE_0_30,217,461,245,UNIPROT_PROSITE_NR_LBD,UNIPROT_CANONICAL_1_BASED_INCLUSIVE,245,1.0,NEAR_COMPLETE_LBD,True,0.0,0.0,False,,True,PROJECT_PREFILTER_PASS,[]
P10828,NR1A2,TRβ,Steroid hormone receptors,3JZC,3JZC_1,1,"[""X-RAY DIFFRACTION""]",True,[2.5],2.5,2.5,PASS_PROJECT_RANGE,[0.2456],0.2456,0.2456,PASS_ALL_LE_0_30,217,461,245,UNIPROT_PROSITE_NR_LBD,UNIPROT_CANONICAL_1_BASED_INCLUSIVE,245,1.0,NEAR_COMPLETE_LBD,True,0.0,0.0,False,,True,PROJECT_PREFILTER_PASS,[]
P10828,NR1A2,TRβ,Steroid hormone receptors,4ZO1,4ZO1_1,1,"[""X-RAY DIFFRACTION""]",True,[3.221],3.221,3.221,PASS_PROJECT_RANGE,[0.2813],0.2813,0.2813,PASS_ALL_LE_0_30,217,461,245,UNIPROT_PROSITE_NR_LBD,UNIPROT_CANONICAL_1_BASED_INCLUSIVE,245,1.0,NEAR_COMPLETE_LBD,True,0.0,0.0,False,,True,PROJECT_PREFILTER_PASS,[]
P10828,NR1A2,TRβ,Steroid hormone receptors,6KKB,6KKB_1,1,"[""X-RAY DIFFRACTION""]",True,[1.7],1.7,1.7,ULTRAHIGH_LT_1_8,[0.1973],0.1973,0.1973,PASS_ALL_LE_0_30,217,461,245,UNIPROT_PROSITE_NR_LBD,UNIPROT_CANONICAL_1_BASED_INCLUSIVE,244,0.995918,NEAR_COMPLETE_LBD,True,0.0,0.0,False,,False,RESOLUTION_REVIEW,"[""RESOLUTION_REVIEW""]"
P10828,NR1A2,TRβ,Steroid hormone receptors,6KKE,6KKE_1,1,"[""X-RAY DIFFRACTION""]",True,[2.577],2.577,2.577,PASS_PROJECT_RANGE,[0.2167],0.2167,0.2167,PASS_ALL_LE_0_30,217,461,245,UNIPROT_PROSITE_NR_LBD,UNIPROT_CANONICAL_1_BASED_INCLUSIVE,243,0.991837,NEAR_COMPLETE_LBD,True,0.0,0.0,False,,True,PROJECT_PREFILTER_PASS,[]
P10828,NR1A2,TRβ,Steroid hormone receptors,6KNU,6KNU_1,1,"[""X-RAY DIFFRACTION""]",True,[2.7],2.7,2.7,PASS_PROJECT_RANGE,[0.2312],0.2312,0.2312,PASS_ALL_LE_0_30,217,461,245,UNIPROT_PROSITE_NR_LBD,UNIPROT_CANONICAL_1_BASED_INCLUSIVE,244,0.995918,NEAR_COMPLETE_LBD,True,0.0,0.0,False,,True,PROJECT_PREFILTER_PASS,[]
P10828,NR1A2,TRβ,Steroid hormone receptors,6KNV,6KNV_1,1,"[""X-RAY DIFFRACTION""]",True,[2.8],2.8,2.8,PASS_PROJECT_RANGE,[0.2648],0.2648,0.2648,PASS_ALL_LE_0_30,217,461,245,UNIPROT_PROSITE_NR_LBD,UNIPROT_CANONICAL_1_BASED_INCLUSIVE,244,0.995918,NEAR_COMPLETE_LBD,True,0.0,0.0,False,,True,PROJECT_PREFILTER_PASS,[]
P10828,NR1A2,TRβ,Steroid hormone receptors,6KNW,6KNW_1,1,"[""X-RAY DIFFRACTION""]",True,[2.67],2.67,2.67,PASS_PROJECT_RANGE,[0.2442],0.2442,0.2442,PASS_ALL_LE_0_30,217,461,245,UNIPROT_PROSITE_NR_LBD,UNIPROT_CANONICAL_1_BASED_INCLUSIVE,244,0.995918,NEAR_COMPLETE_LBD,True,0.0,0.0,False,,True,PROJECT_PREFILTER_PASS,[]
P10828,NR1A2,TRβ,Steroid hormone receptors,7WLX,7WLX_1,1,"[""X-RAY DIFFRACTION""]",True,[2.39],2.39,2.39,PASS_PROJECT_RANGE,[0.2697],0.2697,0.2697,PASS_ALL_LE_0_30,217,461,245,UNIPROT_PROSITE_NR_LBD,UNIPROT_CANONICAL_1_BASED_INCLUSIVE,245,1.0,NEAR_COMPLETE_LBD,True,0.0,0.0,False,,True,PROJECT_PREFILTER_PASS,[]
P10828,NR1A2,TRβ,Steroid hormone receptors,7WMG,7WMG_1,1,"[""X-RAY DIFFRACTION""]",True,[2.93],2.93,2.93,PASS_PROJECT_RANGE,[0.2984],0.2984,0.2984,PASS_ALL_LE_0_30,217,461,245,UNIPROT_PROSITE_NR_LBD,UNIPROT_CANONICAL_1_BASED_INCLUSIVE,245,1.0,NEAR_COMPLETE_LBD,True,0.0,0.0,False,,True,PROJECT_PREFILTER_PASS,[]
P10828,NR1A2,TRβ,Steroid hormone receptors,7WMH,7WMH_1,1,"[""X-RAY DIFFRACTION""]",True,[1.97],1.97,1.97,PASS_PROJECT_RANGE,[0.2528],0.2528,0.2528,PASS_ALL_LE_0_30,217,461,245,UNIPROT_PROSITE_NR_LBD,UNIPROT_CANONICAL_1_BASED_INCLUSIVE,245,1.0,NEAR_COMPLETE_LBD,True,0.0,0.0,False,,True,PROJECT_PREFILTER_PASS,[]
P10828,NR1A2,TRβ,Steroid hormone receptors,7WMJ,7WMJ_1,1,"[""X-RAY DIFFRACTION""]",True,[2.81],2.81,2.81,PASS_PROJECT_RANGE,[0.2738],0.2738,0.2738,PASS_ALL_LE_0_30,217,461,245,UNIPROT_PROSITE_NR_LBD,UNIPROT_CANONICAL_1_BASED_INCLUSIVE,245,1.0,NEAR_COMPLETE_LBD,True,0.0,0.0,False,,True,PROJECT_PREFILTER_PASS,[]
P10828,NR1A2,TRβ,Steroid hormone receptors,7WML,7WML_1,1,"[""X-RAY DIFFRACTION""]",True,[2.67],2.67,2.67,PASS_PROJECT_RANGE,[0.2451],0.2451,0.2451,PASS_ALL_LE_0_30,217,461,245,UNIPROT_PROSITE_NR_LBD,UNIPROT_CANONICAL_1_BASED_INCLUSIVE,245,1.0,NEAR_COMPLETE_LBD,True,0.0,0.0,False,,True,PROJECT_PREFILTER_PASS,[]
P10828,NR1A2,TRβ,Steroid hormone receptors,7WMN,7WMN_1,1,"[""X-RAY DIFFRACTION""]",True,[2.57],2.57,2.57,PASS_PROJECT_RANGE,[0.261],0.261,0.261,PASS_ALL_LE_0_30,217,461,245,UNIPROT_PROSITE_NR_LBD,UNIPROT_CANONICAL_1_BASED_INCLUSIVE,245,1.0,NEAR_COMPLETE_LBD,True,0.0,0.0,False,,True,PROJECT_PREFILTER_PASS,[]
P10828,NR1A2,TRβ,Steroid hormone receptors,7WMO,7WMO_1,1,"[""X-RAY DIFFRACTION""]",True,[2.56],2.56,2.56,PASS_PROJECT_RANGE,[0.2407],0.2407,0.2407,PASS_ALL_LE_0_30,217,461,245,UNIPROT_PROSITE_NR_LBD,UNIPROT_CANONICAL_1_BASED_INCLUSIVE,245,1.0,NEAR_COMPLETE_LBD,True,0.0,0.0,False,,True,PROJECT_PREFILTER_PASS,[]
P10828,NR1A2,TRβ,Steroid hormone receptors,8RQN,8RQN_1,1,"[""X-RAY DIFFRACTION""]",True,[2.88],2.88,2.88,PASS_PROJECT_RANGE,[0.26237],0.26237,0.26237,PASS_ALL_LE_0_30,217,461,245,UNIPROT_PROSITE_NR_LBD,UNIPROT_CANONICAL_1_BASED_INCLUSIVE,245,1.0,NEAR_COMPLETE_LBD,True,0.0,0.0,False,,True,PROJECT_PREFILTER_PASS,[]
P10828,NR1A2,TRβ,Steroid hormone receptors,9IX5,9IX5_1,1,"[""X-RAY DIFFRACTION""]",True,[2.65],2.65,2.65,PASS_PROJECT_RANGE,[0.2766],0.2766,0.2766,PASS_ALL_LE_0_30,217,461,245,UNIPROT_PROSITE_NR_LBD,UNIPROT_CANONICAL_1_BASED_INCLUSIVE,245,1.0,NEAR_COMPLETE_LBD,True,0.0,0.0,False,,True,PROJECT_PREFILTER_PASS,[]
P10828,NR1A2,TRβ,Steroid hormone receptors,9J0K,9J0K_1,1,"[""X-RAY DIFFRACTION""]",True,[2.698],2.698,2.698,PASS_PROJECT_RANGE,[0.2748],0.2748,0.2748,PASS_ALL_LE_0_30,217,461,245,UNIPROT_PROSITE_NR_LBD,UNIPROT_CANONICAL_1_BASED_INCLUSIVE,245,1.0,NEAR_COMPLETE_LBD,True,0.0,0.0,False,,True,PROJECT_PREFILTER_PASS,[]
P11473,NR1I1,VDR,Steroid hormone receptors,1DB1,1DB1_1,1,"[""X-RAY DIFFRACTION""]",True,[1.8],1.8,1.8,PASS_PROJECT_RANGE,[0.214],0.214,0.214,PASS_ALL_LE_0_30,127,423,297,UNIPROT_PROSITE_NR_LBD,UNIPROT_CANONICAL_1_BASED_INCLUSIVE,250,0.841751,SUBSTANTIAL_LBD,True,0.0,0.0,False,,True,PROJECT_PREFILTER_PASS,[]
P11473,NR1I1,VDR,Steroid hormone receptors,1IE8,1IE8_1,1,"[""X-RAY DIFFRACTION""]",True,[1.52],1.52,1.52,ULTRAHIGH_LT_1_8,[0.23],0.23,0.23,PASS_ALL_LE_0_30,127,423,297,UNIPROT_PROSITE_NR_LBD,UNIPROT_CANONICAL_1_BASED_INCLUSIVE,250,0.841751,SUBSTANTIAL_LBD,True,0.0,0.0,False,,False,RESOLUTION_REVIEW,"[""RESOLUTION_REVIEW""]"
P11473,NR1I1,VDR,Steroid hormone receptors,1IE9,1IE9_1,1,"[""X-RAY DIFFRACTION""]",True,[1.4],1.4,1.4,ULTRAHIGH_LT_1_8,[0.248],0.248,0.248,PASS_ALL_LE_0_30,127,423,297,UNIPROT_PROSITE_NR_LBD,UNIPROT_CANONICAL_1_BASED_INCLUSIVE,250,0.841751,SUBSTANTIAL_LBD,True,0.0,0.0,False,,False,RESOLUTION_REVIEW,"[""RESOLUTION_REVIEW""]"
P11473,NR1I1,VDR,Steroid hormone receptors,1KB2,1KB2_3,3,"[""X-RAY DIFFRACTION""]",True,[2.7],2.7,2.7,PASS_PROJECT_RANGE,[0.289],0.289,0.289,PASS_ALL_LE_0_30,127,423,297,UNIPROT_PROSITE_NR_LBD,UNIPROT_CANONICAL_1_BASED_INCLUSIVE,0,0.0,NO_LBD_OVERLAP,False,76.0,1.0,False,,False,NO_LBD_OVERLAP,"[""NO_LBD_OVERLAP""]"
P11473,NR1I1,VDR,Steroid hormone receptors,1KB4,1KB4_3,3,"[""X-RAY DIFFRACTION""]",True,[2.8],2.8,2.8,PASS_PROJECT_RANGE,[0.272],0.272,0.272,PASS_ALL_LE_0_30,127,423,297,UNIPROT_PROSITE_NR_LBD,UNIPROT_CANONICAL_1_BASED_INCLUSIVE,0,0.0,NO_LBD_OVERLAP,False,76.0,1.0,False,,False,NO_LBD_OVERLAP,"[""NO_LBD_OVERLAP""]"
P11473,NR1I1,VDR,Steroid hormone receptors,1KB6,1KB6_3,3,"[""X-RAY DIFFRACTION""]",True,[2.7],2.7,2.7,PASS_PROJECT_RANGE,[0.275],0.275,0.275,PASS_ALL_LE_0_30,127,423,297,UNIPROT_PROSITE_NR_LBD,UNIPROT_CANONICAL_1_BASED_INCLUSIVE,0,0.0,NO_LBD_OVERLAP,False,76.0,1.0,False,,False,NO_LBD_OVERLAP,"[""NO_LBD_OVERLAP""]"
P11473,NR1I1,VDR,Steroid hormone receptors,1S0Z,1S0Z_1,1,"[""X-RAY DIFFRACTION""]",True,[2.5],2.5,2.5,PASS_PROJECT_RANGE,[0.204],0.204,0.204,PASS_ALL_LE_0_30,127,423,297,UNIPROT_PROSITE_NR_LBD,UNIPROT_CANONICAL_1_BASED_INCLUSIVE,250,0.841751,SUBSTANTIAL_LBD,True,0.0,0.0,False,,True,PROJECT_PREFILTER_PASS,[]
P11473,NR1I1,VDR,Steroid hormone receptors,1S19,1S19_1,1,"[""X-RAY DIFFRACTION""]",True,[2.1],2.1,2.1,PASS_PROJECT_RANGE,[0.214],0.214,0.214,PASS_ALL_LE_0_30,127,423,297,UNIPROT_PROSITE_NR_LBD,UNIPROT_CANONICAL_1_BASED_INCLUSIVE,250,0.841751,SUBSTANTIAL_LBD,True,0.0,0.0,False,,True,PROJECT_PREFILTER_PASS,[]
P11473,NR1I1,VDR,Steroid hormone receptors,1TXI,1TXI_1,1,"[""X-RAY DIFFRACTION""]",True,[1.9],1.9,1.9,PASS_PROJECT_RANGE,[0.218],0.218,0.218,PASS_ALL_LE_0_30,127,423,297,UNIPROT_PROSITE_NR_LBD,UNIPROT_CANONICAL_1_BASED_INCLUSIVE,250,0.841751,SUBSTANTIAL_LBD,True,0.0,0.0,False,,True,PROJECT_PREFILTER_PASS,[]
P11473,NR1I1,VDR,Steroid hormone receptors,1YNW,1YNW_3,3,"[""X-RAY DIFFRACTION""]",True,[3.0],3.0,3.0,PASS_PROJECT_RANGE,[0.283],0.283,0.283,PASS_ALL_LE_0_30,127,423,297,UNIPROT_PROSITE_NR_LBD,UNIPROT_CANONICAL_1_BASED_INCLUSIVE,0,0.0,NO_LBD_OVERLAP,False,76.0,1.0,False,,False,NO_LBD_OVERLAP,"[""NO_LBD_OVERLAP""]"
P11473,NR1I1,VDR,Steroid hormone receptors,2HAM,2HAM_1,1,"[""X-RAY DIFFRACTION""]",True,[1.9],1.9,1.9,PASS_PROJECT_RANGE,[0.216],0.216,0.216,PASS_ALL_LE_0_30,127,423,297,UNIPROT_PROSITE_NR_LBD,UNIPROT_CANONICAL_1_BASED_INCLUSIVE,250,0.841751,SUBSTANTIAL_LBD,True,0.0,0.0,False,,True,PROJECT_PREFILTER_PASS,[]
P11473,NR1I1,VDR,Steroid hormone receptors,2HAR,2HAR_1,1,"[""X-RAY DIFFRACTION""]",True,[1.9],1.9,1.9,PASS_PROJECT_RANGE,[0.227],0.227,0.227,PASS_ALL_LE_0_30,127,423,297,UNIPROT_PROSITE_NR_LBD,UNIPROT_CANONICAL_1_BASED_INCLUSIVE,250,0.841751,SUBSTANTIAL_LBD,True,0.0,0.0,False,,True,PROJECT_PREFILTER_PASS,[]
P11473,NR1I1,VDR,Steroid hormone receptors,2HAS,2HAS_1,1,"[""X-RAY DIFFRACTION""]",True,[1.96],1.96,1.96,PASS_PROJECT_RANGE,[0.228],0.228,0.228,PASS_ALL_LE_0_30,127,423,297,UNIPROT_PROSITE_NR_LBD,UNIPROT_CANONICAL_1_BASED_INCLUSIVE,250,0.841751,SUBSTANTIAL_LBD,True,0.0,0.0,False,,True,PROJECT_PREFILTER_PASS,[]
P11473,NR1I1,VDR,Steroid hormone receptors,2HB7,2HB7_1,1,"[""X-RAY DIFFRACTION""]",True,[1.8],1.8,1.8,PASS_PROJECT_RANGE,[0.204],0.204,0.204,PASS_ALL_LE_0_30,127,423,297,UNIPROT_PROSITE_NR_LBD,UNIPROT_CANONICAL_1_BASED_INCLUSIVE,250,0.841751,SUBSTANTIAL_LBD,True,0.0,0.0,False,,True,PROJECT_PREFILTER_PASS,[]
P11473,NR1I1,VDR,Steroid hormone receptors,2HB8,2HB8_1,1,"[""X-RAY DIFFRACTION""]",True,[2.0],2.0,2.0,PASS_PROJECT_RANGE,[0.224],0.224,0.224,PASS_ALL_LE_0_30,127,423,297,UNIPROT_PROSITE_NR_LBD,UNIPROT_CANONICAL_1_BASED_INCLUSIVE,250,0.841751,SUBSTANTIAL_LBD,True,0.0,0.0,False,,True,PROJECT_PREFILTER_PASS,[]
P11473,NR1I1,VDR,Steroid hormone receptors,3A2I,3A2I_1,1,"[""X-RAY DIFFRACTION""]",True,[3.27],3.27,3.27,PASS_PROJECT_RANGE,[0.27578],0.27578,0.27578,PASS_ALL_LE_0_30,127,423,297,UNIPROT_PROSITE_NR_LBD,UNIPROT_CANONICAL_1_BASED_INCLUSIVE,250,0.841751,SUBSTANTIAL_LBD,True,0.0,0.0,False,,True,PROJECT_PREFILTER_PASS,[]
P11473,NR1I1,VDR,Steroid hormone receptors,3A2J,3A2J_1,1,"[""X-RAY DIFFRACTION""]",True,[2.7],2.7,2.7,PASS_PROJECT_RANGE,[0.2674],0.2674,0.2674,PASS_ALL_LE_0_30,127,423,297,UNIPROT_PROSITE_NR_LBD,UNIPROT_CANONICAL_1_BASED_INCLUSIVE,250,0.841751,SUBSTANTIAL_LBD,True,0.0,0.0,False,,True,PROJECT_PREFILTER_PASS,[]
P11473,NR1I1,VDR,Steroid hormone receptors,3A3Z,3A3Z_1,1,"[""X-RAY DIFFRACTION""]",True,[1.72],1.72,1.72,ULTRAHIGH_LT_1_8,[0.20917],0.20917,0.20917,PASS_ALL_LE_0_30,127,423,297,UNIPROT_PROSITE_NR_LBD,UNIPROT_CANONICAL_1_BASED_INCLUSIVE,250,0.841751,SUBSTANTIAL_LBD,True,0.0,0.0,False,,False,RESOLUTION_REVIEW,"[""RESOLUTION_REVIEW""]"
P11473,NR1I1,VDR,Steroid hormone receptors,3A40,3A40_1,1,"[""X-RAY DIFFRACTION""]",True,[1.45],1.45,1.45,ULTRAHIGH_LT_1_8,[0.19556],0.19556,0.19556,PASS_ALL_LE_0_30,127,423,297,UNIPROT_PROSITE_NR_LBD,UNIPROT_CANONICAL_1_BASED_INCLUSIVE,250,0.841751,SUBSTANTIAL_LBD,True,0.0,0.0,False,,False,RESOLUTION_REVIEW,"[""RESOLUTION_REVIEW""]"
P11473,NR1I1,VDR,Steroid hormone receptors,3A78,3A78_1,1,"[""X-RAY DIFFRACTION""]",True,[1.9],1.9,1.9,PASS_PROJECT_RANGE,[0.20307],0.20307,0.20307,PASS_ALL_LE_0_30,127,423,297,UNIPROT_PROSITE_NR_LBD,UNIPROT_CANONICAL_1_BASED_INCLUSIVE,250,0.841751,SUBSTANTIAL_LBD,True,0.0,0.0,False,,True,PROJECT_PREFILTER_PASS,[]
P11473,NR1I1,VDR,Steroid hormone receptors,3AUQ,3AUQ_1,1,"[""X-RAY DIFFRACTION""]",True,[2.64],2.64,2.64,PASS_PROJECT_RANGE,[0.28639],0.28639,0.28639,PASS_ALL_LE_0_30,127,423,297,UNIPROT_PROSITE_NR_LBD,UNIPROT_CANONICAL_1_BASED_INCLUSIVE,250,0.841751,SUBSTANTIAL_LBD,True,0.0,0.0,False,,True,PROJECT_PREFILTER_PASS,[]
P11473,NR1I1,VDR,Steroid hormone receptors,3AUR,3AUR_1,1,"[""X-RAY DIFFRACTION""]",True,[2.21],2.21,2.21,PASS_PROJECT_RANGE,[0.25427],0.25427,0.25427,PASS_ALL_LE_0_30,127,423,297,UNIPROT_PROSITE_NR_LBD,UNIPROT_CANONICAL_1_BASED_INCLUSIVE,250,0.841751,SUBSTANTIAL_LBD,True,0.0,0.0,False,,True,PROJECT_PREFILTER_PASS,[]
P11473,NR1I1,VDR,Steroid hormone receptors,3AX8,3AX8_1,1,"[""X-RAY DIFFRACTION""]",True,[2.6],2.6,2.6,PASS_PROJECT_RANGE,[0.29369],0.29369,0.29369,PASS_ALL_LE_0_30,127,423,297,UNIPROT_PROSITE_NR_LBD,UNIPROT_CANONICAL_1_BASED_INCLUSIVE,250,0.841751,SUBSTANTIAL_LBD,True,0.0,0.0,False,,True,PROJECT_PREFILTER_PASS,[]
P11473,NR1I1,VDR,Steroid hormone receptors,3AZ1,3AZ1_1,1,"[""X-RAY DIFFRACTION""]",True,[1.5],1.5,1.5,ULTRAHIGH_LT_1_8,[0.2129],0.2129,0.2129,PASS_ALL_LE_0_30,127,423,297,UNIPROT_PROSITE_NR_LBD,UNIPROT_CANONICAL_1_BASED_INCLUSIVE,246,0.828283,SUBSTANTIAL_LBD,True,0.0,0.0,False,,False,RESOLUTION_REVIEW,"[""RESOLUTION_REVIEW""]"
P11473,NR1I1,VDR,Steroid hormone receptors,3AZ2,3AZ2_1,1,"[""X-RAY DIFFRACTION""]",True,[1.69],1.69,1.69,ULTRAHIGH_LT_1_8,[0.2121],0.2121,0.2121,PASS_ALL_LE_0_30,127,423,297,UNIPROT_PROSITE_NR_LBD,UNIPROT_CANONICAL_1_BASED_INCLUSIVE,246,0.828283,SUBSTANTIAL_LBD,True,0.0,0.0,False,,False,RESOLUTION_REVIEW,"[""RESOLUTION_REVIEW""]"
P11473,NR1I1,VDR,Steroid hormone receptors,3AZ3,3AZ3_1,1,"[""X-RAY DIFFRACTION""]",True,[1.36],1.36,1.36,ULTRAHIGH_LT_1_8,[0.2432],0.2432,0.2432,PASS_ALL_LE_0_30,127,423,297,UNIPROT_PROSITE_NR_LBD,UNIPROT_CANONICAL_1_BASED_INCLUSIVE,246,0.828283,SUBSTANTIAL_LBD,True,0.0,0.0,False,,False,RESOLUTION_REVIEW,"[""RESOLUTION_REVIEW""]"
P11473,NR1I1,VDR,Steroid hormone receptors,3B0T,3B0T_1,1,"[""X-RAY DIFFRACTION""]",True,[1.3],1.3,1.3,ULTRAHIGH_LT_1_8,[0.19897],0.19897,0.19897,PASS_ALL_LE_0_30,127,423,297,UNIPROT_PROSITE_NR_LBD,UNIPROT_CANONICAL_1_BASED_INCLUSIVE,246,0.828283,SUBSTANTIAL_LBD,True,0.0,0.0,False,,False,RESOLUTION_REVIEW,"[""RESOLUTION_REVIEW""]"
P11473,NR1I1,VDR,Steroid hormone receptors,3CS4,3CS4_1,1,"[""X-RAY DIFFRACTION""]",True,[2.0],2.0,2.0,PASS_PROJECT_RANGE,[0.217],0.217,0.217,PASS_ALL_LE_0_30,127,423,297,UNIPROT_PROSITE_NR_LBD,UNIPROT_CANONICAL_1_BASED_INCLUSIVE,250,0.841751,SUBSTANTIAL_LBD,True,0.0,0.0,False,,True,PROJECT_PREFILTER_PASS,[]
P11473,NR1I1,VDR,Steroid hormone receptors,3CS6,3CS6_1,1,"[""X-RAY DIFFRACTION""]",True,[1.8],1.8,1.8,PASS_PROJECT_RANGE,[0.206],0.206,0.206,PASS_ALL_LE_0_30,127,423,297,UNIPROT_PROSITE_NR_LBD,UNIPROT_CANONICAL_1_BASED_INCLUSIVE,250,0.841751,SUBSTANTIAL_LBD,True,0.0,0.0,False,,True,PROJECT_PREFILTER_PASS,[]
P11473,NR1I1,VDR,Steroid hormone receptors,3KPZ,3KPZ_1,1,"[""X-RAY DIFFRACTION""]",True,[1.9],1.9,1.9,PASS_PROJECT_RANGE,[0.228],0.228,0.228,PASS_ALL_LE_0_30,127,423,297,UNIPROT_PROSITE_NR_LBD,UNIPROT_CANONICAL_1_BASED_INCLUSIVE,250,0.841751,SUBSTANTIAL_LBD,True,0.0,0.0,False,,True,PROJECT_PREFILTER_PASS,[]
P11473,NR1I1,VDR,Steroid hormone receptors,3M7R,3M7R_1,1,"[""X-RAY DIFFRACTION""]",True,[1.8],1.8,1.8,PASS_PROJECT_RANGE,[0.241],0.241,0.241,PASS_ALL_LE_0_30,127,423,297,UNIPROT_PROSITE_NR_LBD,UNIPROT_CANONICAL_1_BASED_INCLUSIVE,246,0.828283,SUBSTANTIAL_LBD,True,0.0,0.0,False,,True,PROJECT_PREFILTER_PASS,[]
P11473,NR1I1,VDR,Steroid hormone receptors,3OGT,3OGT_1,1,"[""X-RAY DIFFRACTION""]",True,[1.75],1.75,1.75,ULTRAHIGH_LT_1_8,[0.1836],0.1836,0.1836,PASS_ALL_LE_0_30,127,423,297,UNIPROT_PROSITE_NR_LBD,UNIPROT_CANONICAL_1_BASED_INCLUSIVE,250,0.841751,SUBSTANTIAL_LBD,True,0.0,0.0,False,,False,RESOLUTION_REVIEW,"[""RESOLUTION_REVIEW""]"
P11473,NR1I1,VDR,Steroid hormone receptors,3P8X,3P8X_1,1,"[""X-RAY DIFFRACTION""]",True,[1.7],1.7,1.7,ULTRAHIGH_LT_1_8,[0.209],0.209,0.209,PASS_ALL_LE_0_30,127,423,297,UNIPROT_PROSITE_NR_LBD,UNIPROT_CANONICAL_1_BASED_INCLUSIVE,245,0.824916,SUBSTANTIAL_LBD,True,0.0,0.0,False,,False,RESOLUTION_REVIEW,"[""RESOLUTION_REVIEW""]"
P11473,NR1I1,VDR,Steroid hormone receptors,3TKC,3TKC_1,1,"[""X-RAY DIFFRACTION""]",True,[1.75],1.75,1.75,ULTRAHIGH_LT_1_8,[0.1831],0.1831,0.1831,PASS_ALL_LE_0_30,127,423,297,UNIPROT_PROSITE_NR_LBD,UNIPROT_CANONICAL_1_BASED_INCLUSIVE,250,0.841751,SUBSTANTIAL_LBD,True,0.0,0.0,False,,False,RESOLUTION_REVIEW,"[""RESOLUTION_REVIEW""]"
P11473,NR1I1,VDR,Steroid hormone receptors,3VHW,3VHW_1,1,"[""X-RAY DIFFRACTION""]",True,[2.43],2.43,2.43,PASS_PROJECT_RANGE,[0.24696],0.24696,0.24696,PASS_ALL_LE_0_30,127,423,297,UNIPROT_PROSITE_NR_LBD,UNIPROT_CANONICAL_1_BASED_INCLUSIVE,250,0.841751,SUBSTANTIAL_LBD,True,0.0,0.0,False,,True,PROJECT_PREFILTER_PASS,[]
P11473,NR1I1,VDR,Steroid hormone receptors,3W0A,3W0A_1,1,"[""X-RAY DIFFRACTION""]",True,[1.8],1.8,1.8,PASS_PROJECT_RANGE,[0.2357],0.2357,0.2357,PASS_ALL_LE_0_30,127,423,297,UNIPROT_PROSITE_NR_LBD,UNIPROT_CANONICAL_1_BASED_INCLUSIVE,246,0.828283,SUBSTANTIAL_LBD,True,0.0,0.0,False,,True,PROJECT_PREFILTER_PASS,[]
P11473,NR1I1,VDR,Steroid hormone receptors,3W0C,3W0C_1,1,"[""X-RAY DIFFRACTION""]",True,[1.9],1.9,1.9,PASS_PROJECT_RANGE,[0.235],0.235,0.235,PASS_ALL_LE_0_30,127,423,297,UNIPROT_PROSITE_NR_LBD,UNIPROT_CANONICAL_1_BASED_INCLUSIVE,246,0.828283,SUBSTANTIAL_LBD,True,0.0,0.0,False,,True,PROJECT_PREFILTER_PASS,[]
P11473,NR1I1,VDR,Steroid hormone receptors,3W0Y,3W0Y_1,1,"[""X-RAY DIFFRACTION""]",True,[1.98],1.98,1.98,PASS_PROJECT_RANGE,[0.218],0.218,0.218,PASS_ALL_LE_0_30,127,423,297,UNIPROT_PROSITE_NR_LBD,UNIPROT_CANONICAL_1_BASED_INCLUSIVE,246,0.828283,SUBSTANTIAL_LBD,True,0.0,0.0,False,,True,PROJECT_PREFILTER_PASS,[]
P11473,NR1I1,VDR,Steroid hormone receptors,3WGP,3WGP_1,1,"[""X-RAY DIFFRACTION""]",True,[2.0],2.0,2.0,PASS_PROJECT_RANGE,[0.2066],0.2066,0.2066,PASS_ALL_LE_0_30,127,423,297,UNIPROT_PROSITE_NR_LBD,UNIPROT_CANONICAL_1_BASED_INCLUSIVE,246,0.828283,SUBSTANTIAL_LBD,True,0.0,0.0,False,,True,PROJECT_PREFILTER_PASS,[]
P11473,NR1I1,VDR,Steroid hormone receptors,3WWR,3WWR_1,1,"[""X-RAY DIFFRACTION""]",True,[3.18],3.18,3.18,PASS_PROJECT_RANGE,[0.2906],0.2906,0.2906,PASS_ALL_LE_0_30,127,423,297,UNIPROT_PROSITE_NR_LBD,UNIPROT_CANONICAL_1_BASED_INCLUSIVE,250,0.841751,SUBSTANTIAL_LBD,True,0.0,0.0,False,,True,PROJECT_PREFILTER_PASS,[]
P11473,NR1I1,VDR,Steroid hormone receptors,3X31,3X31_1,1,"[""X-RAY DIFFRACTION""]",True,[2.11],2.11,2.11,PASS_PROJECT_RANGE,[0.29857],0.29857,0.29857,PASS_ALL_LE_0_30,127,423,297,UNIPROT_PROSITE_NR_LBD,UNIPROT_CANONICAL_1_BASED_INCLUSIVE,250,0.841751,SUBSTANTIAL_LBD,True,0.0,0.0,False,,True,PROJECT_PREFILTER_PASS,[]
P11473,NR1I1,VDR,Steroid hormone receptors,3X36,3X36_1,1,"[""X-RAY DIFFRACTION""]",True,[1.93],1.93,1.93,PASS_PROJECT_RANGE,[0.22129],0.22129,0.22129,PASS_ALL_LE_0_30,127,423,297,UNIPROT_PROSITE_NR_LBD,UNIPROT_CANONICAL_1_BASED_INCLUSIVE,250,0.841751,SUBSTANTIAL_LBD,True,0.0,0.0,False,,True,PROJECT_PREFILTER_PASS,[]
P11473,NR1I1,VDR,Steroid hormone receptors,4G2I,4G2I_1,1,"[""X-RAY DIFFRACTION""]",True,[1.8],1.8,1.8,PASS_PROJECT_RANGE,[0.223],0.223,0.223,PASS_ALL_LE_0_30,127,423,297,UNIPROT_PROSITE_NR_LBD,UNIPROT_CANONICAL_1_BASED_INCLUSIVE,250,0.841751,SUBSTANTIAL_LBD,True,0.0,0.0,False,,True,PROJECT_PREFILTER_PASS,[]
P11473,NR1I1,VDR,Steroid hormone receptors,4ITE,4ITE_1,1,"[""X-RAY DIFFRACTION""]",True,[2.49],2.49,2.49,PASS_PROJECT_RANGE,[0.24836],0.24836,0.24836,PASS_ALL_LE_0_30,127,423,297,UNIPROT_PROSITE_NR_LBD,UNIPROT_CANONICAL_1_BASED_INCLUSIVE,250,0.841751,SUBSTANTIAL_LBD,True,0.0,0.0,False,,True,PROJECT_PREFILTER_PASS,[]
P11473,NR1I1,VDR,Steroid hormone receptors,4ITF,4ITF_1,1,"[""X-RAY DIFFRACTION""]",True,[2.84],2.84,2.84,PASS_PROJECT_RANGE,[0.25486],0.25486,0.25486,PASS_ALL_LE_0_30,127,423,297,UNIPROT_PROSITE_NR_LBD,UNIPROT_CANONICAL_1_BASED_INCLUSIVE,250,0.841751,SUBSTANTIAL_LBD,True,0.0,0.0,False,,True,PROJECT_PREFILTER_PASS,[]
P11473,NR1I1,VDR,Steroid hormone receptors,5GT4,5GT4_1,1,"[""X-RAY DIFFRACTION""]",True,[1.83],1.83,1.83,PASS_PROJECT_RANGE,[0.2171],0.2171,0.2171,PASS_ALL_LE_0_30,127,423,297,UNIPROT_PROSITE_NR_LBD,UNIPROT_CANONICAL_1_BASED_INCLUSIVE,246,0.828283,SUBSTANTIAL_LBD,True,0.0,0.0,False,,True,PROJECT_PREFILTER_PASS,[]
P11473,NR1I1,VDR,Steroid hormone receptors,5V39,5V39_1,1,"[""X-RAY DIFFRACTION""]",True,[2.2],2.2,2.2,PASS_PROJECT_RANGE,[0.235],0.235,0.235,PASS_ALL_LE_0_30,127,423,297,UNIPROT_PROSITE_NR_LBD,UNIPROT_CANONICAL_1_BASED_INCLUSIVE,248,0.835017,SUBSTANTIAL_LBD,True,0.0,0.0,False,,True,PROJECT_PREFILTER_PASS,[]
P11473,NR1I1,VDR,Steroid hormone receptors,5YSY,5YSY_1,1,"[""X-RAY DIFFRACTION""]",True,[2.0],2.0,2.0,PASS_PROJECT_RANGE,[0.24223],0.24223,0.24223,PASS_ALL_LE_0_30,127,423,297,UNIPROT_PROSITE_NR_LBD,UNIPROT_CANONICAL_1_BASED_INCLUSIVE,246,0.828283,SUBSTANTIAL_LBD,True,0.0,0.0,False,,True,PROJECT_PREFILTER_PASS,[]
P11473,NR1I1,VDR,Steroid hormone receptors,5YT2,5YT2_1,1,"[""X-RAY DIFFRACTION""]",True,[2.0],2.0,2.0,PASS_PROJECT_RANGE,[0.23342],0.23342,0.23342,PASS_ALL_LE_0_30,127,423,297,UNIPROT_PROSITE_NR_LBD,UNIPROT_CANONICAL_1_BASED_INCLUSIVE,246,0.828283,SUBSTANTIAL_LBD,True,0.0,0.0,False,,True,PROJECT_PREFILTER_PASS,[]
P11473,NR1I1,VDR,Steroid hormone receptors,7QPP,7QPP_1,1,"[""X-RAY DIFFRACTION""]",True,[1.52],1.52,1.52,ULTRAHIGH_LT_1_8,[0.1662],0.1662,0.1662,PASS_ALL_LE_0_30,127,423,297,UNIPROT_PROSITE_NR_LBD,UNIPROT_CANONICAL_1_BASED_INCLUSIVE,250,0.841751,SUBSTANTIAL_LBD,True,0.0,0.0,False,,False,RESOLUTION_REVIEW,"[""RESOLUTION_REVIEW""]"
P11473,NR1I1,VDR,Steroid hormone receptors,8IQN,8IQN_1,1,"[""X-RAY DIFFRACTION""]",True,[1.639],1.639,1.639,ULTRAHIGH_LT_1_8,[0.206],0.206,0.206,PASS_ALL_LE_0_30,127,423,297,UNIPROT_PROSITE_NR_LBD,UNIPROT_CANONICAL_1_BASED_INCLUSIVE,297,1.0,NEAR_COMPLETE_LBD,True,0.0,0.0,False,,False,RESOLUTION_REVIEW,"[""RESOLUTION_REVIEW""]"
P11473,NR1I1,VDR,Steroid hormone receptors,8IQT,8IQT_1,1,"[""X-RAY DIFFRACTION""]",True,[1.745],1.745,1.745,ULTRAHIGH_LT_1_8,[0.2071],0.2071,0.2071,PASS_ALL_LE_0_30,127,423,297,UNIPROT_PROSITE_NR_LBD,UNIPROT_CANONICAL_1_BASED_INCLUSIVE,297,1.0,NEAR_COMPLETE_LBD,True,0.0,0.0,False,,False,RESOLUTION_REVIEW,"[""RESOLUTION_REVIEW""]"
Q14994,NR1I3,CAR,Nutritional sensors,1XV9,1XV9_2,2,"[""X-RAY DIFFRACTION""]",True,[2.7],2.7,2.7,PASS_PROJECT_RANGE,[0.239],0.239,0.239,PASS_ALL_LE_0_30,109,352,244,UNIPROT_PROSITE_NR_LBD,UNIPROT_CANONICAL_1_BASED_INCLUSIVE,240,0.983607,NEAR_COMPLETE_LBD,True,0.0,0.0,False,,True,PROJECT_PREFILTER_PASS,[]
Q14994,NR1I3,CAR,Nutritional sensors,1XVP,1XVP_2,2,"[""X-RAY DIFFRACTION""]",True,[2.6],2.6,2.6,PASS_PROJECT_RANGE,[0.234],0.234,0.234,PASS_ALL_LE_0_30,109,352,244,UNIPROT_PROSITE_NR_LBD,UNIPROT_CANONICAL_1_BASED_INCLUSIVE,240,0.983607,NEAR_COMPLETE_LBD,True,0.0,0.0,False,,True,PROJECT_PREFILTER_PASS,[]
P11474,NR3B1,ERRα,Nutritional sensors,1XB7,1XB7_1,1,"[""X-RAY DIFFRACTION""]",True,[2.5],2.5,2.5,PASS_PROJECT_RANGE,[0.2473],0.2473,0.2473,PASS_ALL_LE_0_30,193,421,229,UNIPROT_PROSITE_NR_LBD,UNIPROT_CANONICAL_1_BASED_INCLUSIVE,228,0.995633,NEAR_COMPLETE_LBD,True,0.0,0.0,False,,True,PROJECT_PREFILTER_PASS,[]
P11474,NR3B1,ERRα,Nutritional sensors,2PJL,2PJL_1,1,"[""X-RAY DIFFRACTION""]",True,[2.3],2.3,2.3,PASS_PROJECT_RANGE,[0.281],0.281,0.281,PASS_ALL_LE_0_30,193,421,229,UNIPROT_PROSITE_NR_LBD,UNIPROT_CANONICAL_1_BASED_INCLUSIVE,229,1.0,NEAR_COMPLETE_LBD,True,0.0,0.0,False,,True,PROJECT_PREFILTER_PASS,[]
P11474,NR3B1,ERRα,Nutritional sensors,3D24,3D24_1,1,"[""X-RAY DIFFRACTION""]",True,[2.11],2.11,2.11,PASS_PROJECT_RANGE,[0.255],0.255,0.255,PASS_ALL_LE_0_30,193,421,229,UNIPROT_PROSITE_NR_LBD,UNIPROT_CANONICAL_1_BASED_INCLUSIVE,229,1.0,NEAR_COMPLETE_LBD,True,0.0,0.0,False,,True,PROJECT_PREFILTER_PASS,[]
P11474,NR3B1,ERRα,Nutritional sensors,3K6P,3K6P_1,1,"[""X-RAY DIFFRACTION""]",True,[1.996],1.996,1.996,PASS_PROJECT_RANGE,[0.248],0.248,0.248,PASS_ALL_LE_0_30,193,421,229,UNIPROT_PROSITE_NR_LBD,UNIPROT_CANONICAL_1_BASED_INCLUSIVE,229,1.0,NEAR_COMPLETE_LBD,True,0.0,0.0,False,,True,PROJECT_PREFILTER_PASS,[]
P11474,NR3B1,ERRα,Nutritional sensors,7E2E,7E2E_1,1,"[""X-RAY DIFFRACTION""]",True,[2.7],2.7,2.7,PASS_PROJECT_RANGE,[0.3051],0.3051,0.3051,FAIL_ALL_GT_0_30,193,421,229,UNIPROT_PROSITE_NR_LBD,UNIPROT_CANONICAL_1_BASED_INCLUSIVE,228,0.995633,NEAR_COMPLETE_LBD,True,0.0,0.0,False,,False,RFREE_REVIEW,"[""RFREE_REVIEW""]"
P11474,NR3B1,ERRα,Nutritional sensors,9LVP,9LVP_1,1,"[""X-RAY DIFFRACTION""]",True,[2.79],2.79,2.79,PASS_PROJECT_RANGE,[0.27962],0.27962,0.27962,PASS_ALL_LE_0_30,193,421,229,UNIPROT_PROSITE_NR_LBD,UNIPROT_CANONICAL_1_BASED_INCLUSIVE,0,0.0,NO_LBD_OVERLAP,False,76.0,1.0,False,,False,NO_LBD_OVERLAP,"[""NO_LBD_OVERLAP""]"
O95718,NR3B2,ERRβ,Nutritional sensors,1LO1,1LO1_3,3,"[""SOLUTION NMR""]",False,[],,,MISSING,[],,,MISSING,208,432,225,UNIPROT_PROSITE_NR_LBD,UNIPROT_CANONICAL_1_BASED_INCLUSIVE,0,0.0,NO_LBD_OVERLAP,False,87.0,1.0,False,,False,MULTIPLE_REASONS,"[""NON_XRAY"", ""NO_LBD_OVERLAP"", ""RESOLUTION_REVIEW"", ""RFREE_REVIEW"", ""METADATA_INCOMPLETE""]"
O95718,NR3B2,ERRβ,Nutritional sensors,6LIT,6LIT_1,1,"[""X-RAY DIFFRACTION""]",True,[2.0],2.0,2.0,PASS_PROJECT_RANGE,[0.2383],0.2383,0.2383,PASS_ALL_LE_0_30,208,432,225,UNIPROT_PROSITE_NR_LBD,UNIPROT_CANONICAL_1_BASED_INCLUSIVE,225,1.0,NEAR_COMPLETE_LBD,True,0.0,0.0,False,,True,PROJECT_PREFILTER_PASS,[]
O95718,NR3B2,ERRβ,Nutritional sensors,6LN4,6LN4_1,1,"[""X-RAY DIFFRACTION""]",True,[2.61],2.61,2.61,PASS_PROJECT_RANGE,[0.2448],0.2448,0.2448,PASS_ALL_LE_0_30,208,432,225,UNIPROT_PROSITE_NR_LBD,UNIPROT_CANONICAL_1_BASED_INCLUSIVE,225,1.0,NEAR_COMPLETE_LBD,True,0.0,0.0,False,,True,PROJECT_PREFILTER_PASS,[]
P62508,NR3B3,ERRγ,Nutritional sensors,1KV6,1KV6_1,1,"[""X-RAY DIFFRACTION""]",True,[2.7],2.7,2.7,PASS_PROJECT_RANGE,[0.2674],0.2674,0.2674,PASS_ALL_LE_0_30,233,457,225,UNIPROT_PROSITE_NR_LBD,UNIPROT_CANONICAL_1_BASED_INCLUSIVE,225,1.0,NEAR_COMPLETE_LBD,True,0.0,0.0,False,,True,PROJECT_PREFILTER_PASS,[]
P62508,NR3B3,ERRγ,Nutritional sensors,1TFC,1TFC_1,1,"[""X-RAY DIFFRACTION""]",True,[2.4],2.4,2.4,PASS_PROJECT_RANGE,[0.258],0.258,0.258,PASS_ALL_LE_0_30,233,457,225,UNIPROT_PROSITE_NR_LBD,UNIPROT_CANONICAL_1_BASED_INCLUSIVE,225,1.0,NEAR_COMPLETE_LBD,True,0.0,0.0,False,,True,PROJECT_PREFILTER_PASS,[]
P62508,NR3B3,ERRγ,Nutritional sensors,1VJB,1VJB_1,1,"[""X-RAY DIFFRACTION""]",True,[3.2],3.2,3.2,PASS_PROJECT_RANGE,[0.275],0.275,0.275,PASS_ALL_LE_0_30,233,457,225,UNIPROT_PROSITE_NR_LBD,UNIPROT_CANONICAL_1_BASED_INCLUSIVE,225,1.0,NEAR_COMPLETE_LBD,True,0.0,0.0,False,REVIEW_NEEDED,True,PROJECT_PREFILTER_PASS,[]
P62508,NR3B3,ERRγ,Nutritional sensors,2E2R,2E2R_1,1,"[""X-RAY DIFFRACTION""]",True,[1.6],1.6,1.6,ULTRAHIGH_LT_1_8,[0.19666],0.19666,0.19666,PASS_ALL_LE_0_30,233,457,225,UNIPROT_PROSITE_NR_LBD,UNIPROT_CANONICAL_1_BASED_INCLUSIVE,225,1.0,NEAR_COMPLETE_LBD,True,0.0,0.0,False,,False,RESOLUTION_REVIEW,"[""RESOLUTION_REVIEW""]"
P62508,NR3B3,ERRγ,Nutritional sensors,2EWP,2EWP_1,1,"[""X-RAY DIFFRACTION""]",True,[2.3],2.3,2.3,PASS_PROJECT_RANGE,[0.24694],0.24694,0.24694,PASS_ALL_LE_0_30,233,457,225,UNIPROT_PROSITE_NR_LBD,UNIPROT_CANONICAL_1_BASED_INCLUSIVE,225,1.0,NEAR_COMPLETE_LBD,True,0.0,0.0,False,,True,PROJECT_PREFILTER_PASS,[]
P62508,NR3B3,ERRγ,Nutritional sensors,2GP7,2GP7_1,1,"[""X-RAY DIFFRACTION""]",True,[2.45],2.45,2.45,PASS_PROJECT_RANGE,[0.263],0.263,0.263,PASS_ALL_LE_0_30,233,457,225,UNIPROT_PROSITE_NR_LBD,UNIPROT_CANONICAL_1_BASED_INCLUSIVE,225,1.0,NEAR_COMPLETE_LBD,True,0.0,0.0,False,,True,PROJECT_PREFILTER_PASS,[]
P62508,NR3B3,ERRγ,Nutritional sensors,2GPO,2GPO_1,1,"[""X-RAY DIFFRACTION""]",True,[1.95],1.95,1.95,PASS_PROJECT_RANGE,[0.231],0.231,0.231,PASS_ALL_LE_0_30,233,457,225,UNIPROT_PROSITE_NR_LBD,UNIPROT_CANONICAL_1_BASED_INCLUSIVE,225,1.0,NEAR_COMPLETE_LBD,True,0.0,0.0,False,,True,PROJECT_PREFILTER_PASS,[]
P62508,NR3B3,ERRγ,Nutritional sensors,2GPP,2GPP_1,1,"[""X-RAY DIFFRACTION""]",True,[2.6],2.6,2.6,PASS_PROJECT_RANGE,[0.257],0.257,0.257,PASS_ALL_LE_0_30,233,457,225,UNIPROT_PROSITE_NR_LBD,UNIPROT_CANONICAL_1_BASED_INCLUSIVE,225,1.0,NEAR_COMPLETE_LBD,True,0.0,0.0,False,,True,PROJECT_PREFILTER_PASS,[]
P62508,NR3B3,ERRγ,Nutritional sensors,2GPU,2GPU_1,1,"[""X-RAY DIFFRACTION""]",True,[1.7],1.7,1.7,ULTRAHIGH_LT_1_8,[0.195],0.195,0.195,PASS_ALL_LE_0_30,233,457,225,UNIPROT_PROSITE_NR_LBD,UNIPROT_CANONICAL_1_BASED_INCLUSIVE,225,1.0,NEAR_COMPLETE_LBD,True,0.0,0.0,False,,False,RESOLUTION_REVIEW,"[""RESOLUTION_REVIEW""]"
P62508,NR3B3,ERRγ,Nutritional sensors,2GPV,2GPV_1,1,"[""X-RAY DIFFRACTION""]",True,[2.85],2.85,2.85,PASS_PROJECT_RANGE,[0.279],0.279,0.279,PASS_ALL_LE_0_30,233,457,225,UNIPROT_PROSITE_NR_LBD,UNIPROT_CANONICAL_1_BASED_INCLUSIVE,225,1.0,NEAR_COMPLETE_LBD,True,0.0,0.0,False,,True,PROJECT_PREFILTER_PASS,[]
P62508,NR3B3,ERRγ,Nutritional sensors,2P7A,2P7A_1,1,"[""X-RAY DIFFRACTION""]",True,[2.3],2.3,2.3,PASS_PROJECT_RANGE,[0.256],0.256,0.256,PASS_ALL_LE_0_30,233,457,225,UNIPROT_PROSITE_NR_LBD,UNIPROT_CANONICAL_1_BASED_INCLUSIVE,225,1.0,NEAR_COMPLETE_LBD,True,0.0,0.0,False,,True,PROJECT_PREFILTER_PASS,[]
P62508,NR3B3,ERRγ,Nutritional sensors,2P7G,2P7G_1,1,"[""X-RAY DIFFRACTION""]",True,[2.1],2.1,2.1,PASS_PROJECT_RANGE,[0.26],0.26,0.26,PASS_ALL_LE_0_30,233,457,225,UNIPROT_PROSITE_NR_LBD,UNIPROT_CANONICAL_1_BASED_INCLUSIVE,225,1.0,NEAR_COMPLETE_LBD,True,0.0,0.0,False,,True,PROJECT_PREFILTER_PASS,[]
P62508,NR3B3,ERRγ,Nutritional sensors,2P7Z,2P7Z_1,1,"[""X-RAY DIFFRACTION""]",True,[2.5],2.5,2.5,PASS_PROJECT_RANGE,[0.263],0.263,0.263,PASS_ALL_LE_0_30,233,457,225,UNIPROT_PROSITE_NR_LBD,UNIPROT_CANONICAL_1_BASED_INCLUSIVE,225,1.0,NEAR_COMPLETE_LBD,True,0.0,0.0,False,,True,PROJECT_PREFILTER_PASS,[]
P62508,NR3B3,ERRγ,Nutritional sensors,2ZAS,2ZAS_1,1,"[""X-RAY DIFFRACTION""]",True,[2.0],2.0,2.0,PASS_PROJECT_RANGE,[0.23676],0.23676,0.23676,PASS_ALL_LE_0_30,233,457,225,UNIPROT_PROSITE_NR_LBD,UNIPROT_CANONICAL_1_BASED_INCLUSIVE,225,1.0,NEAR_COMPLETE_LBD,True,0.0,0.0,False,,True,PROJECT_PREFILTER_PASS,[]
P62508,NR3B3,ERRγ,Nutritional sensors,2ZBS,2ZBS_1,1,"[""X-RAY DIFFRACTION""]",True,[1.8],1.8,1.8,PASS_PROJECT_RANGE,[0.24443],0.24443,0.24443,PASS_ALL_LE_0_30,233,457,225,UNIPROT_PROSITE_NR_LBD,UNIPROT_CANONICAL_1_BASED_INCLUSIVE,225,1.0,NEAR_COMPLETE_LBD,True,0.0,0.0,False,,True,PROJECT_PREFILTER_PASS,[]
P62508,NR3B3,ERRγ,Nutritional sensors,2ZKC,2ZKC_1,1,"[""X-RAY DIFFRACTION""]",True,[1.7],1.7,1.7,ULTRAHIGH_LT_1_8,[0.23362],0.23362,0.23362,PASS_ALL_LE_0_30,233,457,225,UNIPROT_PROSITE_NR_LBD,UNIPROT_CANONICAL_1_BASED_INCLUSIVE,225,1.0,NEAR_COMPLETE_LBD,True,0.0,0.0,False,,False,RESOLUTION_REVIEW,"[""RESOLUTION_REVIEW""]"
P62508,NR3B3,ERRγ,Nutritional sensors,5YSO,5YSO_1,1,"[""X-RAY DIFFRACTION""]",True,[2.501],2.501,2.501,PASS_PROJECT_RANGE,[0.2434],0.2434,0.2434,PASS_ALL_LE_0_30,233,457,225,UNIPROT_PROSITE_NR_LBD,UNIPROT_CANONICAL_1_BASED_INCLUSIVE,225,1.0,NEAR_COMPLETE_LBD,True,0.0,0.0,False,,True,PROJECT_PREFILTER_PASS,[]
P62508,NR3B3,ERRγ,Nutritional sensors,6A6K,6A6K_1,1,"[""X-RAY DIFFRACTION""]",True,[2.9],2.9,2.9,PASS_PROJECT_RANGE,[0.2633],0.2633,0.2633,PASS_ALL_LE_0_30,233,457,225,UNIPROT_PROSITE_NR_LBD,UNIPROT_CANONICAL_1_BASED_INCLUSIVE,225,1.0,NEAR_COMPLETE_LBD,True,0.0,0.0,False,,True,PROJECT_PREFILTER_PASS,[]
P62508,NR3B3,ERRγ,Nutritional sensors,6I61,6I61_1,1,"[""X-RAY DIFFRACTION""]",True,[1.65],1.65,1.65,ULTRAHIGH_LT_1_8,[0.2191],0.2191,0.2191,PASS_ALL_LE_0_30,233,457,225,UNIPROT_PROSITE_NR_LBD,UNIPROT_CANONICAL_1_BASED_INCLUSIVE,225,1.0,NEAR_COMPLETE_LBD,True,0.0,0.0,False,,False,RESOLUTION_REVIEW,"[""RESOLUTION_REVIEW""]"
P62508,NR3B3,ERRγ,Nutritional sensors,6I62,6I62_1,1,"[""X-RAY DIFFRACTION""]",True,[1.65],1.65,1.65,ULTRAHIGH_LT_1_8,[0.1997],0.1997,0.1997,PASS_ALL_LE_0_30,233,457,225,UNIPROT_PROSITE_NR_LBD,UNIPROT_CANONICAL_1_BASED_INCLUSIVE,225,1.0,NEAR_COMPLETE_LBD,True,0.0,0.0,False,,False,RESOLUTION_REVIEW,"[""RESOLUTION_REVIEW""]"
P62508,NR3B3,ERRγ,Nutritional sensors,6I63,6I63_1,1,"[""X-RAY DIFFRACTION""]",True,[2.229],2.229,2.229,PASS_PROJECT_RANGE,[0.2062],0.2062,0.2062,PASS_ALL_LE_0_30,233,457,225,UNIPROT_PROSITE_NR_LBD,UNIPROT_CANONICAL_1_BASED_INCLUSIVE,225,1.0,NEAR_COMPLETE_LBD,True,0.0,0.0,False,,True,PROJECT_PREFILTER_PASS,[]
P62508,NR3B3,ERRγ,Nutritional sensors,6I64,6I64_1,1,"[""X-RAY DIFFRACTION""]",True,[1.91],1.91,1.91,PASS_PROJECT_RANGE,[0.2369],0.2369,0.2369,PASS_ALL_LE_0_30,233,457,225,UNIPROT_PROSITE_NR_LBD,UNIPROT_CANONICAL_1_BASED_INCLUSIVE,225,1.0,NEAR_COMPLETE_LBD,True,0.0,0.0,False,,True,PROJECT_PREFILTER_PASS,[]
P62508,NR3B3,ERRγ,Nutritional sensors,6I65,6I65_1,1,"[""X-RAY DIFFRACTION""]",True,[1.5],1.5,1.5,ULTRAHIGH_LT_1_8,[0.1975],0.1975,0.1975,PASS_ALL_LE_0_30,233,457,225,UNIPROT_PROSITE_NR_LBD,UNIPROT_CANONICAL_1_BASED_INCLUSIVE,225,1.0,NEAR_COMPLETE_LBD,True,0.0,0.0,False,,False,RESOLUTION_REVIEW,"[""RESOLUTION_REVIEW""]"
P62508,NR3B3,ERRγ,Nutritional sensors,6I66,6I66_1,1,"[""X-RAY DIFFRACTION""]",True,[1.6],1.6,1.6,ULTRAHIGH_LT_1_8,[0.2068],0.2068,0.2068,PASS_ALL_LE_0_30,233,457,225,UNIPROT_PROSITE_NR_LBD,UNIPROT_CANONICAL_1_BASED_INCLUSIVE,225,1.0,NEAR_COMPLETE_LBD,True,0.0,0.0,False,,False,RESOLUTION_REVIEW,"[""RESOLUTION_REVIEW""]"
P62508,NR3B3,ERRγ,Nutritional sensors,6I67,6I67_1,1,"[""X-RAY DIFFRACTION""]",True,[1.75],1.75,1.75,ULTRAHIGH_LT_1_8,[0.2084],0.2084,0.2084,PASS_ALL_LE_0_30,233,457,225,UNIPROT_PROSITE_NR_LBD,UNIPROT_CANONICAL_1_BASED_INCLUSIVE,225,1.0,NEAR_COMPLETE_LBD,True,0.0,0.0,False,,False,RESOLUTION_REVIEW,"[""RESOLUTION_REVIEW""]"
P62508,NR3B3,ERRγ,Nutritional sensors,6K3N,6K3N_1,1,"[""X-RAY DIFFRACTION""]",True,[1.97],1.97,1.97,PASS_PROJECT_RANGE,[0.2531],0.2531,0.2531,PASS_ALL_LE_0_30,233,457,225,UNIPROT_PROSITE_NR_LBD,UNIPROT_CANONICAL_1_BASED_INCLUSIVE,225,1.0,NEAR_COMPLETE_LBD,True,0.0,0.0,False,,True,PROJECT_PREFILTER_PASS,[]
P62508,NR3B3,ERRγ,Nutritional sensors,6KNR,6KNR_1,1,"[""X-RAY DIFFRACTION""]",True,[2.804],2.804,2.804,PASS_PROJECT_RANGE,[0.2256],0.2256,0.2256,PASS_ALL_LE_0_30,233,457,225,UNIPROT_PROSITE_NR_LBD,UNIPROT_CANONICAL_1_BASED_INCLUSIVE,225,1.0,NEAR_COMPLETE_LBD,True,0.0,0.0,False,,True,PROJECT_PREFILTER_PASS,[]
P62508,NR3B3,ERRγ,Nutritional sensors,6XXC,6XXC_2,2,"[""X-RAY DIFFRACTION""]",True,[1.3],1.3,1.3,ULTRAHIGH_LT_1_8,[0.1807],0.1807,0.1807,PASS_ALL_LE_0_30,233,457,225,UNIPROT_PROSITE_NR_LBD,UNIPROT_CANONICAL_1_BASED_INCLUSIVE,0,0.0,NO_LBD_OVERLAP,False,9.0,0.118421,False,,False,MULTIPLE_REASONS,"[""NO_LBD_OVERLAP"", ""RESOLUTION_REVIEW""]"
P62508,NR3B3,ERRγ,Nutritional sensors,6XY5,6XY5_2,2,"[""X-RAY DIFFRACTION""]",True,[1.3],1.3,1.3,ULTRAHIGH_LT_1_8,[0.1775],0.1775,0.1775,PASS_ALL_LE_0_30,233,457,225,UNIPROT_PROSITE_NR_LBD,UNIPROT_CANONICAL_1_BASED_INCLUSIVE,0,0.0,NO_LBD_OVERLAP,False,9.0,0.118421,False,,False,MULTIPLE_REASONS,"[""NO_LBD_OVERLAP"", ""RESOLUTION_REVIEW""]"
P62508,NR3B3,ERRγ,Nutritional sensors,6Y18,6Y18_2,2,"[""X-RAY DIFFRACTION""]",True,[1.3],1.3,1.3,ULTRAHIGH_LT_1_8,[0.182],0.182,0.182,PASS_ALL_LE_0_30,233,457,225,UNIPROT_PROSITE_NR_LBD,UNIPROT_CANONICAL_1_BASED_INCLUSIVE,0,0.0,NO_LBD_OVERLAP,False,9.0,0.118421,False,,False,MULTIPLE_REASONS,"[""NO_LBD_OVERLAP"", ""RESOLUTION_REVIEW""]"
P62508,NR3B3,ERRγ,Nutritional sensors,6Y1D,6Y1D_2,2,"[""X-RAY DIFFRACTION""]",True,[1.38],1.38,1.38,ULTRAHIGH_LT_1_8,[0.1873],0.1873,0.1873,PASS_ALL_LE_0_30,233,457,225,UNIPROT_PROSITE_NR_LBD,UNIPROT_CANONICAL_1_BASED_INCLUSIVE,0,0.0,NO_LBD_OVERLAP,False,9.0,0.118421,False,,False,MULTIPLE_REASONS,"[""NO_LBD_OVERLAP"", ""RESOLUTION_REVIEW""]"
P62508,NR3B3,ERRγ,Nutritional sensors,6Y3W,6Y3W_2,2,"[""X-RAY DIFFRACTION""]",True,[1.34],1.34,1.34,ULTRAHIGH_LT_1_8,[0.1866],0.1866,0.1866,PASS_ALL_LE_0_30,233,457,225,UNIPROT_PROSITE_NR_LBD,UNIPROT_CANONICAL_1_BASED_INCLUSIVE,0,0.0,NO_LBD_OVERLAP,False,9.0,0.118421,False,,False,MULTIPLE_REASONS,"[""NO_LBD_OVERLAP"", ""RESOLUTION_REVIEW""]"
P62508,NR3B3,ERRγ,Nutritional sensors,6Y58,6Y58_2,2,"[""X-RAY DIFFRACTION""]",True,[1.904],1.904,1.904,PASS_PROJECT_RANGE,[0.2088],0.2088,0.2088,PASS_ALL_LE_0_30,233,457,225,UNIPROT_PROSITE_NR_LBD,UNIPROT_CANONICAL_1_BASED_INCLUSIVE,8,0.035556,TRACE_LBD,True,0.0,0.0,False,,True,PROJECT_PREFILTER_PASS,[]
P62508,NR3B3,ERRγ,Nutritional sensors,8B4Q,8B4Q_2,2,"[""X-RAY DIFFRACTION""]",True,[1.4],1.4,1.4,ULTRAHIGH_LT_1_8,[0.175],0.175,0.175,PASS_ALL_LE_0_30,233,457,225,UNIPROT_PROSITE_NR_LBD,UNIPROT_CANONICAL_1_BASED_INCLUSIVE,0,0.0,NO_LBD_OVERLAP,False,9.0,0.118421,False,,False,MULTIPLE_REASONS,"[""NO_LBD_OVERLAP"", ""RESOLUTION_REVIEW""]"
P62508,NR3B3,ERRγ,Nutritional sensors,8BJG,8BJG_2,2,"[""X-RAY DIFFRACTION""]",True,[1.4],1.4,1.4,ULTRAHIGH_LT_1_8,[0.1747],0.1747,0.1747,PASS_ALL_LE_0_30,233,457,225,UNIPROT_PROSITE_NR_LBD,UNIPROT_CANONICAL_1_BASED_INCLUSIVE,0,0.0,NO_LBD_OVERLAP,False,9.0,0.118421,False,,False,MULTIPLE_REASONS,"[""NO_LBD_OVERLAP"", ""RESOLUTION_REVIEW""]"
P62508,NR3B3,ERRγ,Nutritional sensors,8BJN,8BJN_2,2,"[""X-RAY DIFFRACTION""]",True,[1.4],1.4,1.4,ULTRAHIGH_LT_1_8,[0.1755],0.1755,0.1755,PASS_ALL_LE_0_30,233,457,225,UNIPROT_PROSITE_NR_LBD,UNIPROT_CANONICAL_1_BASED_INCLUSIVE,0,0.0,NO_LBD_OVERLAP,False,9.0,0.118421,False,,False,MULTIPLE_REASONS,"[""NO_LBD_OVERLAP"", ""RESOLUTION_REVIEW""]"
P62508,NR3B3,ERRγ,Nutritional sensors,8BM5,8BM5_2,2,"[""X-RAY DIFFRACTION""]",True,[1.4],1.4,1.4,ULTRAHIGH_LT_1_8,[0.1861],0.1861,0.1861,PASS_ALL_LE_0_30,233,457,225,UNIPROT_PROSITE_NR_LBD,UNIPROT_CANONICAL_1_BASED_INCLUSIVE,0,0.0,NO_LBD_OVERLAP,False,9.0,0.118421,False,,False,MULTIPLE_REASONS,"[""NO_LBD_OVERLAP"", ""RESOLUTION_REVIEW""]"
P62508,NR3B3,ERRγ,Nutritional sensors,8IFO,8IFO_1,1,"[""X-RAY DIFFRACTION""]",True,[2.2],2.2,2.2,PASS_PROJECT_RANGE,[0.26001],0.26001,0.26001,PASS_ALL_LE_0_30,233,457,225,UNIPROT_PROSITE_NR_LBD,UNIPROT_CANONICAL_1_BASED_INCLUSIVE,0,0.0,NO_LBD_OVERLAP,False,76.0,1.0,False,,False,NO_LBD_OVERLAP,"[""NO_LBD_OVERLAP""]"
P62508,NR3B3,ERRγ,Nutritional sensors,9KNC,9KNC_1,1,"[""X-RAY DIFFRACTION""]",True,[1.9],1.9,1.9,PASS_PROJECT_RANGE,[0.23202],0.23202,0.23202,PASS_ALL_LE_0_30,233,457,225,UNIPROT_PROSITE_NR_LBD,UNIPROT_CANONICAL_1_BASED_INCLUSIVE,225,1.0,NEAR_COMPLETE_LBD,True,0.0,0.0,False,,True,PROJECT_PREFILTER_PASS,[]
P62508,NR3B3,ERRγ,Nutritional sensors,9KND,9KND_1,1,"[""X-RAY DIFFRACTION""]",True,[1.52],1.52,1.52,ULTRAHIGH_LT_1_8,[0.21184],0.21184,0.21184,PASS_ALL_LE_0_30,233,457,225,UNIPROT_PROSITE_NR_LBD,UNIPROT_CANONICAL_1_BASED_INCLUSIVE,225,1.0,NEAR_COMPLETE_LBD,True,0.0,0.0,False,,False,RESOLUTION_REVIEW,"[""RESOLUTION_REVIEW""]"
P62508,NR3B3,ERRγ,Nutritional sensors,9KNE,9KNE_1,1,"[""X-RAY DIFFRACTION""]",True,[1.8],1.8,1.8,PASS_PROJECT_RANGE,[0.22407],0.22407,0.22407,PASS_ALL_LE_0_30,233,457,225,UNIPROT_PROSITE_NR_LBD,UNIPROT_CANONICAL_1_BASED_INCLUSIVE,225,1.0,NEAR_COMPLETE_LBD,True,0.0,0.0,False,,True,PROJECT_PREFILTER_PASS,[]
P62508,NR3B3,ERRγ,Nutritional sensors,9KNF,9KNF_1,1,"[""X-RAY DIFFRACTION""]",True,[1.62],1.62,1.62,ULTRAHIGH_LT_1_8,[0.2277],0.2277,0.2277,PASS_ALL_LE_0_30,233,457,225,UNIPROT_PROSITE_NR_LBD,UNIPROT_CANONICAL_1_BASED_INCLUSIVE,225,1.0,NEAR_COMPLETE_LBD,True,0.0,0.0,False,,False,RESOLUTION_REVIEW,"[""RESOLUTION_REVIEW""]"
P62508,NR3B3,ERRγ,Nutritional sensors,9KNG,9KNG_1,1,"[""X-RAY DIFFRACTION""]",True,[1.5],1.5,1.5,ULTRAHIGH_LT_1_8,[0.2335],0.2335,0.2335,PASS_ALL_LE_0_30,233,457,225,UNIPROT_PROSITE_NR_LBD,UNIPROT_CANONICAL_1_BASED_INCLUSIVE,225,1.0,NEAR_COMPLETE_LBD,True,0.0,0.0,False,,False,RESOLUTION_REVIEW,"[""RESOLUTION_REVIEW""]"
Q96RI1,NR1H4,FXR,Nutritional sensors,1OSH,1OSH_1,1,"[""X-RAY DIFFRACTION""]",True,[1.8],1.8,1.8,PASS_PROJECT_RANGE,[0.234],0.234,0.234,PASS_ALL_LE_0_30,262,486,225,UNIPROT_PROSITE_NR_LBD,UNIPROT_CANONICAL_1_BASED_INCLUSIVE,225,1.0,NEAR_COMPLETE_LBD,True,0.0,0.0,False,,True,PROJECT_PREFILTER_PASS,[]
Q96RI1,NR1H4,FXR,Nutritional sensors,3BEJ,3BEJ_1,1,"[""X-RAY DIFFRACTION""]",True,[1.9],1.9,1.9,PASS_PROJECT_RANGE,[0.254],0.254,0.254,PASS_ALL_LE_0_30,262,486,225,UNIPROT_PROSITE_NR_LBD,UNIPROT_CANONICAL_1_BASED_INCLUSIVE,225,1.0,NEAR_COMPLETE_LBD,True,0.0,0.0,False,,True,PROJECT_PREFILTER_PASS,[]
Q96RI1,NR1H4,FXR,Nutritional sensors,3DCT,3DCT_1,1,"[""X-RAY DIFFRACTION""]",True,[2.5],2.5,2.5,PASS_PROJECT_RANGE,[0.24],0.24,0.24,PASS_ALL_LE_0_30,262,486,225,UNIPROT_PROSITE_NR_LBD,UNIPROT_CANONICAL_1_BASED_INCLUSIVE,225,1.0,NEAR_COMPLETE_LBD,True,0.0,0.0,False,,True,PROJECT_PREFILTER_PASS,[]
Q96RI1,NR1H4,FXR,Nutritional sensors,3DCU,3DCU_1,1,"[""X-RAY DIFFRACTION""]",True,[2.95],2.95,2.95,PASS_PROJECT_RANGE,[0.228],0.228,0.228,PASS_ALL_LE_0_30,262,486,225,UNIPROT_PROSITE_NR_LBD,UNIPROT_CANONICAL_1_BASED_INCLUSIVE,225,1.0,NEAR_COMPLETE_LBD,True,0.0,0.0,False,,True,PROJECT_PREFILTER_PASS,[]
Q96RI1,NR1H4,FXR,Nutritional sensors,3FLI,3FLI_1,1,"[""X-RAY DIFFRACTION""]",True,[2.0],2.0,2.0,PASS_PROJECT_RANGE,[0.24254],0.24254,0.24254,PASS_ALL_LE_0_30,262,486,225,UNIPROT_PROSITE_NR_LBD,UNIPROT_CANONICAL_1_BASED_INCLUSIVE,225,1.0,NEAR_COMPLETE_LBD,True,0.0,0.0,False,,True,PROJECT_PREFILTER_PASS,[]
Q96RI1,NR1H4,FXR,Nutritional sensors,3FXV,3FXV_1,1,"[""X-RAY DIFFRACTION""]",True,[2.26],2.26,2.26,PASS_PROJECT_RANGE,[0.2421],0.2421,0.2421,PASS_ALL_LE_0_30,262,486,225,UNIPROT_PROSITE_NR_LBD,UNIPROT_CANONICAL_1_BASED_INCLUSIVE,224,0.995556,NEAR_COMPLETE_LBD,True,0.0,0.0,False,,True,PROJECT_PREFILTER_PASS,[]
Q96RI1,NR1H4,FXR,Nutritional sensors,3GD2,3GD2_1,1,"[""X-RAY DIFFRACTION""]",True,[3.2],3.2,3.2,PASS_PROJECT_RANGE,[0.297],0.297,0.297,PASS_ALL_LE_0_30,262,486,225,UNIPROT_PROSITE_NR_LBD,UNIPROT_CANONICAL_1_BASED_INCLUSIVE,225,1.0,NEAR_COMPLETE_LBD,True,0.0,0.0,False,,True,PROJECT_PREFILTER_PASS,[]
Q96RI1,NR1H4,FXR,Nutritional sensors,3HC5,3HC5_1,1,"[""X-RAY DIFFRACTION""]",True,[2.6],2.6,2.6,PASS_PROJECT_RANGE,[0.269],0.269,0.269,PASS_ALL_LE_0_30,262,486,225,UNIPROT_PROSITE_NR_LBD,UNIPROT_CANONICAL_1_BASED_INCLUSIVE,225,1.0,NEAR_COMPLETE_LBD,True,0.0,0.0,False,,True,PROJECT_PREFILTER_PASS,[]
Q96RI1,NR1H4,FXR,Nutritional sensors,3HC6,3HC6_1,1,"[""X-RAY DIFFRACTION""]",True,[3.2],3.2,3.2,PASS_PROJECT_RANGE,[0.287],0.287,0.287,PASS_ALL_LE_0_30,262,486,225,UNIPROT_PROSITE_NR_LBD,UNIPROT_CANONICAL_1_BASED_INCLUSIVE,225,1.0,NEAR_COMPLETE_LBD,True,0.0,0.0,False,,True,PROJECT_PREFILTER_PASS,[]
Q96RI1,NR1H4,FXR,Nutritional sensors,3L1B,3L1B_1,1,"[""X-RAY DIFFRACTION""]",True,[1.9],1.9,1.9,PASS_PROJECT_RANGE,[0.2705],0.2705,0.2705,PASS_ALL_LE_0_30,262,486,225,UNIPROT_PROSITE_NR_LBD,UNIPROT_CANONICAL_1_BASED_INCLUSIVE,225,1.0,NEAR_COMPLETE_LBD,True,0.0,0.0,False,,True,PROJECT_PREFILTER_PASS,[]
Q96RI1,NR1H4,FXR,Nutritional sensors,3OKH,3OKH_1,1,"[""X-RAY DIFFRACTION""]",True,[2.5],2.5,2.5,PASS_PROJECT_RANGE,[0.2734],0.2734,0.2734,PASS_ALL_LE_0_30,262,486,225,UNIPROT_PROSITE_NR_LBD,UNIPROT_CANONICAL_1_BASED_INCLUSIVE,225,1.0,NEAR_COMPLETE_LBD,True,0.0,0.0,False,,True,PROJECT_PREFILTER_PASS,[]
Q96RI1,NR1H4,FXR,Nutritional sensors,3OKI,3OKI_1,1,"[""X-RAY DIFFRACTION""]",True,[2.0],2.0,2.0,PASS_PROJECT_RANGE,[0.2799],0.2799,0.2799,PASS_ALL_LE_0_30,262,486,225,UNIPROT_PROSITE_NR_LBD,UNIPROT_CANONICAL_1_BASED_INCLUSIVE,225,1.0,NEAR_COMPLETE_LBD,True,0.0,0.0,False,,True,PROJECT_PREFILTER_PASS,[]
Q96RI1,NR1H4,FXR,Nutritional sensors,3OLF,3OLF_1,1,"[""X-RAY DIFFRACTION""]",True,[1.9],1.9,1.9,PASS_PROJECT_RANGE,[0.2381],0.2381,0.2381,PASS_ALL_LE_0_30,262,486,225,UNIPROT_PROSITE_NR_LBD,UNIPROT_CANONICAL_1_BASED_INCLUSIVE,225,1.0,NEAR_COMPLETE_LBD,True,0.0,0.0,False,,True,PROJECT_PREFILTER_PASS,[]
Q96RI1,NR1H4,FXR,Nutritional sensors,3OMK,3OMK_1,1,"[""X-RAY DIFFRACTION""]",True,[1.9],1.9,1.9,PASS_PROJECT_RANGE,[0.2449],0.2449,0.2449,PASS_ALL_LE_0_30,262,486,225,UNIPROT_PROSITE_NR_LBD,UNIPROT_CANONICAL_1_BASED_INCLUSIVE,225,1.0,NEAR_COMPLETE_LBD,True,0.0,0.0,False,,True,PROJECT_PREFILTER_PASS,[]
Q96RI1,NR1H4,FXR,Nutritional sensors,3OMM,3OMM_1,1,"[""X-RAY DIFFRACTION""]",True,[2.1],2.1,2.1,PASS_PROJECT_RANGE,[0.2563],0.2563,0.2563,PASS_ALL_LE_0_30,262,486,225,UNIPROT_PROSITE_NR_LBD,UNIPROT_CANONICAL_1_BASED_INCLUSIVE,225,1.0,NEAR_COMPLETE_LBD,True,0.0,0.0,False,,True,PROJECT_PREFILTER_PASS,[]
Q96RI1,NR1H4,FXR,Nutritional sensors,3OOF,3OOF_1,1,"[""X-RAY DIFFRACTION""]",True,[2.29],2.29,2.29,PASS_PROJECT_RANGE,[0.2548],0.2548,0.2548,PASS_ALL_LE_0_30,262,486,225,UNIPROT_PROSITE_NR_LBD,UNIPROT_CANONICAL_1_BASED_INCLUSIVE,225,1.0,NEAR_COMPLETE_LBD,True,0.0,0.0,False,,True,PROJECT_PREFILTER_PASS,[]
Q96RI1,NR1H4,FXR,Nutritional sensors,3OOK,3OOK_1,1,"[""X-RAY DIFFRACTION""]",True,[2.29],2.29,2.29,PASS_PROJECT_RANGE,[0.2709],0.2709,0.2709,PASS_ALL_LE_0_30,262,486,225,UNIPROT_PROSITE_NR_LBD,UNIPROT_CANONICAL_1_BASED_INCLUSIVE,225,1.0,NEAR_COMPLETE_LBD,True,0.0,0.0,False,,True,PROJECT_PREFILTER_PASS,[]
Q96RI1,NR1H4,FXR,Nutritional sensors,3P88,3P88_1,1,"[""X-RAY DIFFRACTION""]",True,[2.95],2.95,2.95,PASS_PROJECT_RANGE,[0.2889],0.2889,0.2889,PASS_ALL_LE_0_30,262,486,225,UNIPROT_PROSITE_NR_LBD,UNIPROT_CANONICAL_1_BASED_INCLUSIVE,225,1.0,NEAR_COMPLETE_LBD,True,0.0,0.0,False,,True,PROJECT_PREFILTER_PASS,[]
Q96RI1,NR1H4,FXR,Nutritional sensors,3P89,3P89_1,1,"[""X-RAY DIFFRACTION""]",True,[2.3],2.3,2.3,PASS_PROJECT_RANGE,[0.2547],0.2547,0.2547,PASS_ALL_LE_0_30,262,486,225,UNIPROT_PROSITE_NR_LBD,UNIPROT_CANONICAL_1_BASED_INCLUSIVE,225,1.0,NEAR_COMPLETE_LBD,True,0.0,0.0,False,,True,PROJECT_PREFILTER_PASS,[]
Q96RI1,NR1H4,FXR,Nutritional sensors,3RUT,3RUT_1,1,"[""X-RAY DIFFRACTION""]",True,[3.0],3.0,3.0,PASS_PROJECT_RANGE,[0.2658],0.2658,0.2658,PASS_ALL_LE_0_30,262,486,225,UNIPROT_PROSITE_NR_LBD,UNIPROT_CANONICAL_1_BASED_INCLUSIVE,225,1.0,NEAR_COMPLETE_LBD,True,0.0,0.0,False,,True,PROJECT_PREFILTER_PASS,[]
Q96RI1,NR1H4,FXR,Nutritional sensors,3RUU,3RUU_1,1,"[""X-RAY DIFFRACTION""]",True,[2.502],2.502,2.502,PASS_PROJECT_RANGE,[0.2534],0.2534,0.2534,PASS_ALL_LE_0_30,262,486,225,UNIPROT_PROSITE_NR_LBD,UNIPROT_CANONICAL_1_BASED_INCLUSIVE,225,1.0,NEAR_COMPLETE_LBD,True,0.0,0.0,False,,True,PROJECT_PREFILTER_PASS,[]
Q96RI1,NR1H4,FXR,Nutritional sensors,3RVF,3RVF_1,1,"[""X-RAY DIFFRACTION""]",True,[3.1],3.1,3.1,PASS_PROJECT_RANGE,[0.2903],0.2903,0.2903,PASS_ALL_LE_0_30,262,486,225,UNIPROT_PROSITE_NR_LBD,UNIPROT_CANONICAL_1_BASED_INCLUSIVE,225,1.0,NEAR_COMPLETE_LBD,True,0.0,0.0,False,,True,PROJECT_PREFILTER_PASS,[]
Q96RI1,NR1H4,FXR,Nutritional sensors,4OIV,4OIV_1,1,"[""X-RAY DIFFRACTION""]",True,[1.7],1.7,1.7,ULTRAHIGH_LT_1_8,[0.23946],0.23946,0.23946,PASS_ALL_LE_0_30,262,486,225,UNIPROT_PROSITE_NR_LBD,UNIPROT_CANONICAL_1_BASED_INCLUSIVE,222,0.986667,NEAR_COMPLETE_LBD,True,0.0,0.0,False,,False,RESOLUTION_REVIEW,"[""RESOLUTION_REVIEW""]"
Q96RI1,NR1H4,FXR,Nutritional sensors,4QE8,4QE8_1,1,"[""X-RAY DIFFRACTION""]",True,[2.62],2.62,2.62,PASS_PROJECT_RANGE,[0.273],0.273,0.273,PASS_ALL_LE_0_30,262,486,225,UNIPROT_PROSITE_NR_LBD,UNIPROT_CANONICAL_1_BASED_INCLUSIVE,225,1.0,NEAR_COMPLETE_LBD,True,0.0,0.0,False,,True,PROJECT_PREFILTER_PASS,[]
Q96RI1,NR1H4,FXR,Nutritional sensors,4WVD,4WVD_2,2,"[""X-RAY DIFFRACTION""]",True,[2.9],2.9,2.9,PASS_PROJECT_RANGE,[0.30221],0.30221,0.30221,FAIL_ALL_GT_0_30,262,486,225,UNIPROT_PROSITE_NR_LBD,UNIPROT_CANONICAL_1_BASED_INCLUSIVE,207,0.92,SUBSTANTIAL_LBD,True,0.0,0.0,False,,False,RFREE_REVIEW,"[""RFREE_REVIEW""]"
Q96RI1,NR1H4,FXR,Nutritional sensors,5IAW,5IAW_1,1,"[""X-RAY DIFFRACTION""]",True,[2.58],2.58,2.58,PASS_PROJECT_RANGE,[0.2491],0.2491,0.2491,PASS_ALL_LE_0_30,262,486,225,UNIPROT_PROSITE_NR_LBD,UNIPROT_CANONICAL_1_BASED_INCLUSIVE,225,1.0,NEAR_COMPLETE_LBD,True,0.0,0.0,False,,True,PROJECT_PREFILTER_PASS,[]
Q96RI1,NR1H4,FXR,Nutritional sensors,5ICK,5ICK_1,1,"[""X-RAY DIFFRACTION""]",True,[2.47],2.47,2.47,PASS_PROJECT_RANGE,[0.2771],0.2771,0.2771,PASS_ALL_LE_0_30,262,486,225,UNIPROT_PROSITE_NR_LBD,UNIPROT_CANONICAL_1_BASED_INCLUSIVE,225,1.0,NEAR_COMPLETE_LBD,True,0.0,0.0,False,,True,PROJECT_PREFILTER_PASS,[]
Q96RI1,NR1H4,FXR,Nutritional sensors,5Q0I,5Q0I_1,1,"[""X-RAY DIFFRACTION""]",True,[1.7],1.7,1.7,ULTRAHIGH_LT_1_8,[0.226],0.226,0.226,PASS_ALL_LE_0_30,262,486,225,UNIPROT_PROSITE_NR_LBD,UNIPROT_CANONICAL_1_BASED_INCLUSIVE,225,1.0,NEAR_COMPLETE_LBD,True,0.0,0.0,False,,False,RESOLUTION_REVIEW,"[""RESOLUTION_REVIEW""]"
Q96RI1,NR1H4,FXR,Nutritional sensors,5Q0J,5Q0J_1,1,"[""X-RAY DIFFRACTION""]",True,[2.0],2.0,2.0,PASS_PROJECT_RANGE,[0.2471],0.2471,0.2471,PASS_ALL_LE_0_30,262,486,225,UNIPROT_PROSITE_NR_LBD,UNIPROT_CANONICAL_1_BASED_INCLUSIVE,225,1.0,NEAR_COMPLETE_LBD,True,0.0,0.0,False,,True,PROJECT_PREFILTER_PASS,[]
Q96RI1,NR1H4,FXR,Nutritional sensors,5Q0K,5Q0K_1,1,"[""X-RAY DIFFRACTION""]",True,[1.8],1.8,1.8,PASS_PROJECT_RANGE,[0.271],0.271,0.271,PASS_ALL_LE_0_30,262,486,225,UNIPROT_PROSITE_NR_LBD,UNIPROT_CANONICAL_1_BASED_INCLUSIVE,225,1.0,NEAR_COMPLETE_LBD,True,0.0,0.0,False,,True,PROJECT_PREFILTER_PASS,[]
Q96RI1,NR1H4,FXR,Nutritional sensors,5Q0L,5Q0L_1,1,"[""X-RAY DIFFRACTION""]",True,[2.5],2.5,2.5,PASS_PROJECT_RANGE,[0.263],0.263,0.263,PASS_ALL_LE_0_30,262,486,225,UNIPROT_PROSITE_NR_LBD,UNIPROT_CANONICAL_1_BASED_INCLUSIVE,225,1.0,NEAR_COMPLETE_LBD,True,0.0,0.0,False,,True,PROJECT_PREFILTER_PASS,[]
Q96RI1,NR1H4,FXR,Nutritional sensors,5Q0M,5Q0M_1,1,"[""X-RAY DIFFRACTION""]",True,[2.2],2.2,2.2,PASS_PROJECT_RANGE,[0.2615],0.2615,0.2615,PASS_ALL_LE_0_30,262,486,225,UNIPROT_PROSITE_NR_LBD,UNIPROT_CANONICAL_1_BASED_INCLUSIVE,225,1.0,NEAR_COMPLETE_LBD,True,0.0,0.0,False,,True,PROJECT_PREFILTER_PASS,[]
Q96RI1,NR1H4,FXR,Nutritional sensors,5Q0N,5Q0N_1,1,"[""X-RAY DIFFRACTION""]",True,[2.4],2.4,2.4,PASS_PROJECT_RANGE,[0.226],0.226,0.226,PASS_ALL_LE_0_30,262,486,225,UNIPROT_PROSITE_NR_LBD,UNIPROT_CANONICAL_1_BASED_INCLUSIVE,225,1.0,NEAR_COMPLETE_LBD,True,0.0,0.0,False,,True,PROJECT_PREFILTER_PASS,[]
Q96RI1,NR1H4,FXR,Nutritional sensors,5Q0O,5Q0O_1,1,"[""X-RAY DIFFRACTION""]",True,[1.9],1.9,1.9,PASS_PROJECT_RANGE,[0.222],0.222,0.222,PASS_ALL_LE_0_30,262,486,225,UNIPROT_PROSITE_NR_LBD,UNIPROT_CANONICAL_1_BASED_INCLUSIVE,225,1.0,NEAR_COMPLETE_LBD,True,0.0,0.0,False,,True,PROJECT_PREFILTER_PASS,[]
Q96RI1,NR1H4,FXR,Nutritional sensors,5Q0P,5Q0P_1,1,"[""X-RAY DIFFRACTION""]",True,[1.8],1.8,1.8,PASS_PROJECT_RANGE,[0.254],0.254,0.254,PASS_ALL_LE_0_30,262,486,225,UNIPROT_PROSITE_NR_LBD,UNIPROT_CANONICAL_1_BASED_INCLUSIVE,225,1.0,NEAR_COMPLETE_LBD,True,0.0,0.0,False,,True,PROJECT_PREFILTER_PASS,[]
Q96RI1,NR1H4,FXR,Nutritional sensors,5Q0Q,5Q0Q_1,1,"[""X-RAY DIFFRACTION""]",True,[2.6],2.6,2.6,PASS_PROJECT_RANGE,[0.295],0.295,0.295,PASS_ALL_LE_0_30,262,486,225,UNIPROT_PROSITE_NR_LBD,UNIPROT_CANONICAL_1_BASED_INCLUSIVE,225,1.0,NEAR_COMPLETE_LBD,True,0.0,0.0,False,,True,PROJECT_PREFILTER_PASS,[]
Q96RI1,NR1H4,FXR,Nutritional sensors,5Q0R,5Q0R_1,1,"[""X-RAY DIFFRACTION""]",True,[1.91],1.91,1.91,PASS_PROJECT_RANGE,[0.244],0.244,0.244,PASS_ALL_LE_0_30,262,486,225,UNIPROT_PROSITE_NR_LBD,UNIPROT_CANONICAL_1_BASED_INCLUSIVE,225,1.0,NEAR_COMPLETE_LBD,True,0.0,0.0,False,,True,PROJECT_PREFILTER_PASS,[]
Q96RI1,NR1H4,FXR,Nutritional sensors,5Q0S,5Q0S_1,1,"[""X-RAY DIFFRACTION""]",True,[2.5],2.5,2.5,PASS_PROJECT_RANGE,[0.26],0.26,0.26,PASS_ALL_LE_0_30,262,486,225,UNIPROT_PROSITE_NR_LBD,UNIPROT_CANONICAL_1_BASED_INCLUSIVE,225,1.0,NEAR_COMPLETE_LBD,True,0.0,0.0,False,,True,PROJECT_PREFILTER_PASS,[]
Q96RI1,NR1H4,FXR,Nutritional sensors,5Q0T,5Q0T_1,1,"[""X-RAY DIFFRACTION""]",True,[2.14],2.14,2.14,PASS_PROJECT_RANGE,[0.259],0.259,0.259,PASS_ALL_LE_0_30,262,486,225,UNIPROT_PROSITE_NR_LBD,UNIPROT_CANONICAL_1_BASED_INCLUSIVE,225,1.0,NEAR_COMPLETE_LBD,True,0.0,0.0,False,,True,PROJECT_PREFILTER_PASS,[]
Q96RI1,NR1H4,FXR,Nutritional sensors,5Q0U,5Q0U_1,1,"[""X-RAY DIFFRACTION""]",True,[1.9],1.9,1.9,PASS_PROJECT_RANGE,[0.218],0.218,0.218,PASS_ALL_LE_0_30,262,486,225,UNIPROT_PROSITE_NR_LBD,UNIPROT_CANONICAL_1_BASED_INCLUSIVE,225,1.0,NEAR_COMPLETE_LBD,True,0.0,0.0,False,,True,PROJECT_PREFILTER_PASS,[]
Q96RI1,NR1H4,FXR,Nutritional sensors,5Q0V,5Q0V_1,1,"[""X-RAY DIFFRACTION""]",True,[1.87],1.87,1.87,PASS_PROJECT_RANGE,[0.238],0.238,0.238,PASS_ALL_LE_0_30,262,486,225,UNIPROT_PROSITE_NR_LBD,UNIPROT_CANONICAL_1_BASED_INCLUSIVE,225,1.0,NEAR_COMPLETE_LBD,True,0.0,0.0,False,,True,PROJECT_PREFILTER_PASS,[]
Q96RI1,NR1H4,FXR,Nutritional sensors,5Q0W,5Q0W_1,1,"[""X-RAY DIFFRACTION""]",True,[1.9],1.9,1.9,PASS_PROJECT_RANGE,[0.254],0.254,0.254,PASS_ALL_LE_0_30,262,486,225,UNIPROT_PROSITE_NR_LBD,UNIPROT_CANONICAL_1_BASED_INCLUSIVE,225,1.0,NEAR_COMPLETE_LBD,True,0.0,0.0,False,,True,PROJECT_PREFILTER_PASS,[]
Q96RI1,NR1H4,FXR,Nutritional sensors,5Q0X,5Q0X_1,1,"[""X-RAY DIFFRACTION""]",True,[2.26],2.26,2.26,PASS_PROJECT_RANGE,[0.233],0.233,0.233,PASS_ALL_LE_0_30,262,486,225,UNIPROT_PROSITE_NR_LBD,UNIPROT_CANONICAL_1_BASED_INCLUSIVE,225,1.0,NEAR_COMPLETE_LBD,True,0.0,0.0,False,,True,PROJECT_PREFILTER_PASS,[]
Q96RI1,NR1H4,FXR,Nutritional sensors,5Q0Y,5Q0Y_1,1,"[""X-RAY DIFFRACTION""]",True,[2.2],2.2,2.2,PASS_PROJECT_RANGE,[0.22],0.22,0.22,PASS_ALL_LE_0_30,262,486,225,UNIPROT_PROSITE_NR_LBD,UNIPROT_CANONICAL_1_BASED_INCLUSIVE,225,1.0,NEAR_COMPLETE_LBD,True,0.0,0.0,False,,True,PROJECT_PREFILTER_PASS,[]
Q96RI1,NR1H4,FXR,Nutritional sensors,5Q0Z,5Q0Z_1,1,"[""X-RAY DIFFRACTION""]",True,[2.26],2.26,2.26,PASS_PROJECT_RANGE,[0.258],0.258,0.258,PASS_ALL_LE_0_30,262,486,225,UNIPROT_PROSITE_NR_LBD,UNIPROT_CANONICAL_1_BASED_INCLUSIVE,225,1.0,NEAR_COMPLETE_LBD,True,0.0,0.0,False,,True,PROJECT_PREFILTER_PASS,[]
Q96RI1,NR1H4,FXR,Nutritional sensors,5Q10,5Q10_1,1,"[""X-RAY DIFFRACTION""]",True,[2.2],2.2,2.2,PASS_PROJECT_RANGE,[0.243],0.243,0.243,PASS_ALL_LE_0_30,262,486,225,UNIPROT_PROSITE_NR_LBD,UNIPROT_CANONICAL_1_BASED_INCLUSIVE,225,1.0,NEAR_COMPLETE_LBD,True,0.0,0.0,False,,True,PROJECT_PREFILTER_PASS,[]
Q96RI1,NR1H4,FXR,Nutritional sensors,5Q11,5Q11_1,1,"[""X-RAY DIFFRACTION""]",True,[2.2],2.2,2.2,PASS_PROJECT_RANGE,[0.223],0.223,0.223,PASS_ALL_LE_0_30,262,486,225,UNIPROT_PROSITE_NR_LBD,UNIPROT_CANONICAL_1_BASED_INCLUSIVE,225,1.0,NEAR_COMPLETE_LBD,True,0.0,0.0,False,,True,PROJECT_PREFILTER_PASS,[]
Q96RI1,NR1H4,FXR,Nutritional sensors,5Q12,5Q12_1,1,"[""X-RAY DIFFRACTION""]",True,[2.0],2.0,2.0,PASS_PROJECT_RANGE,[0.233],0.233,0.233,PASS_ALL_LE_0_30,262,486,225,UNIPROT_PROSITE_NR_LBD,UNIPROT_CANONICAL_1_BASED_INCLUSIVE,225,1.0,NEAR_COMPLETE_LBD,True,0.0,0.0,False,,True,PROJECT_PREFILTER_PASS,[]
Q96RI1,NR1H4,FXR,Nutritional sensors,5Q13,5Q13_1,1,"[""X-RAY DIFFRACTION""]",True,[1.9],1.9,1.9,PASS_PROJECT_RANGE,[0.226],0.226,0.226,PASS_ALL_LE_0_30,262,486,225,UNIPROT_PROSITE_NR_LBD,UNIPROT_CANONICAL_1_BASED_INCLUSIVE,225,1.0,NEAR_COMPLETE_LBD,True,0.0,0.0,False,,True,PROJECT_PREFILTER_PASS,[]
Q96RI1,NR1H4,FXR,Nutritional sensors,5Q14,5Q14_1,1,"[""X-RAY DIFFRACTION""]",True,[1.85],1.85,1.85,PASS_PROJECT_RANGE,[0.247],0.247,0.247,PASS_ALL_LE_0_30,262,486,225,UNIPROT_PROSITE_NR_LBD,UNIPROT_CANONICAL_1_BASED_INCLUSIVE,225,1.0,NEAR_COMPLETE_LBD,True,0.0,0.0,False,,True,PROJECT_PREFILTER_PASS,[]
Q96RI1,NR1H4,FXR,Nutritional sensors,5Q15,5Q15_1,1,"[""X-RAY DIFFRACTION""]",True,[1.9],1.9,1.9,PASS_PROJECT_RANGE,[0.255],0.255,0.255,PASS_ALL_LE_0_30,262,486,225,UNIPROT_PROSITE_NR_LBD,UNIPROT_CANONICAL_1_BASED_INCLUSIVE,225,1.0,NEAR_COMPLETE_LBD,True,0.0,0.0,False,,True,PROJECT_PREFILTER_PASS,[]
Q96RI1,NR1H4,FXR,Nutritional sensors,5Q16,5Q16_1,1,"[""X-RAY DIFFRACTION""]",True,[2.0],2.0,2.0,PASS_PROJECT_RANGE,[0.284],0.284,0.284,PASS_ALL_LE_0_30,262,486,225,UNIPROT_PROSITE_NR_LBD,UNIPROT_CANONICAL_1_BASED_INCLUSIVE,225,1.0,NEAR_COMPLETE_LBD,True,0.0,0.0,False,,True,PROJECT_PREFILTER_PASS,[]
Q96RI1,NR1H4,FXR,Nutritional sensors,5Q17,5Q17_1,1,"[""X-RAY DIFFRACTION""]",True,[2.1],2.1,2.1,PASS_PROJECT_RANGE,[0.267],0.267,0.267,PASS_ALL_LE_0_30,262,486,225,UNIPROT_PROSITE_NR_LBD,UNIPROT_CANONICAL_1_BASED_INCLUSIVE,225,1.0,NEAR_COMPLETE_LBD,True,0.0,0.0,False,,True,PROJECT_PREFILTER_PASS,[]
Q96RI1,NR1H4,FXR,Nutritional sensors,5Q18,5Q18_1,1,"[""X-RAY DIFFRACTION""]",True,[1.9],1.9,1.9,PASS_PROJECT_RANGE,[0.24],0.24,0.24,PASS_ALL_LE_0_30,262,486,225,UNIPROT_PROSITE_NR_LBD,UNIPROT_CANONICAL_1_BASED_INCLUSIVE,225,1.0,NEAR_COMPLETE_LBD,True,0.0,0.0,False,,True,PROJECT_PREFILTER_PASS,[]
Q96RI1,NR1H4,FXR,Nutritional sensors,5Q19,5Q19_1,1,"[""X-RAY DIFFRACTION""]",True,[1.98],1.98,1.98,PASS_PROJECT_RANGE,[0.237],0.237,0.237,PASS_ALL_LE_0_30,262,486,225,UNIPROT_PROSITE_NR_LBD,UNIPROT_CANONICAL_1_BASED_INCLUSIVE,225,1.0,NEAR_COMPLETE_LBD,True,0.0,0.0,False,,True,PROJECT_PREFILTER_PASS,[]
Q96RI1,NR1H4,FXR,Nutritional sensors,5Q1A,5Q1A_1,1,"[""X-RAY DIFFRACTION""]",True,[2.0],2.0,2.0,PASS_PROJECT_RANGE,[0.235],0.235,0.235,PASS_ALL_LE_0_30,262,486,225,UNIPROT_PROSITE_NR_LBD,UNIPROT_CANONICAL_1_BASED_INCLUSIVE,225,1.0,NEAR_COMPLETE_LBD,True,0.0,0.0,False,,True,PROJECT_PREFILTER_PASS,[]
Q96RI1,NR1H4,FXR,Nutritional sensors,5Q1B,5Q1B_1,1,"[""X-RAY DIFFRACTION""]",True,[2.3],2.3,2.3,PASS_PROJECT_RANGE,[0.236],0.236,0.236,PASS_ALL_LE_0_30,262,486,225,UNIPROT_PROSITE_NR_LBD,UNIPROT_CANONICAL_1_BASED_INCLUSIVE,225,1.0,NEAR_COMPLETE_LBD,True,0.0,0.0,False,,True,PROJECT_PREFILTER_PASS,[]
Q96RI1,NR1H4,FXR,Nutritional sensors,5Q1C,5Q1C_1,1,"[""X-RAY DIFFRACTION""]",True,[2.3],2.3,2.3,PASS_PROJECT_RANGE,[0.264],0.264,0.264,PASS_ALL_LE_0_30,262,486,225,UNIPROT_PROSITE_NR_LBD,UNIPROT_CANONICAL_1_BASED_INCLUSIVE,225,1.0,NEAR_COMPLETE_LBD,True,0.0,0.0,False,,True,PROJECT_PREFILTER_PASS,[]
Q96RI1,NR1H4,FXR,Nutritional sensors,5Q1D,5Q1D_1,1,"[""X-RAY DIFFRACTION""]",True,[1.89],1.89,1.89,PASS_PROJECT_RANGE,[0.244],0.244,0.244,PASS_ALL_LE_0_30,262,486,225,UNIPROT_PROSITE_NR_LBD,UNIPROT_CANONICAL_1_BASED_INCLUSIVE,225,1.0,NEAR_COMPLETE_LBD,True,0.0,0.0,False,,True,PROJECT_PREFILTER_PASS,[]
Q96RI1,NR1H4,FXR,Nutritional sensors,5Q1E,5Q1E_1,1,"[""X-RAY DIFFRACTION""]",True,[1.85],1.85,1.85,PASS_PROJECT_RANGE,[0.223],0.223,0.223,PASS_ALL_LE_0_30,262,486,225,UNIPROT_PROSITE_NR_LBD,UNIPROT_CANONICAL_1_BASED_INCLUSIVE,225,1.0,NEAR_COMPLETE_LBD,True,0.0,0.0,False,,True,PROJECT_PREFILTER_PASS,[]
Q96RI1,NR1H4,FXR,Nutritional sensors,5Q1F,5Q1F_1,1,"[""X-RAY DIFFRACTION""]",True,[2.3],2.3,2.3,PASS_PROJECT_RANGE,[0.245],0.245,0.245,PASS_ALL_LE_0_30,262,486,225,UNIPROT_PROSITE_NR_LBD,UNIPROT_CANONICAL_1_BASED_INCLUSIVE,225,1.0,NEAR_COMPLETE_LBD,True,0.0,0.0,False,,True,PROJECT_PREFILTER_PASS,[]
Q96RI1,NR1H4,FXR,Nutritional sensors,5Q1G,5Q1G_1,1,"[""X-RAY DIFFRACTION""]",True,[2.0],2.0,2.0,PASS_PROJECT_RANGE,[0.254],0.254,0.254,PASS_ALL_LE_0_30,262,486,225,UNIPROT_PROSITE_NR_LBD,UNIPROT_CANONICAL_1_BASED_INCLUSIVE,225,1.0,NEAR_COMPLETE_LBD,True,0.0,0.0,False,,True,PROJECT_PREFILTER_PASS,[]
Q96RI1,NR1H4,FXR,Nutritional sensors,5Q1H,5Q1H_1,1,"[""X-RAY DIFFRACTION""]",True,[2.2],2.2,2.2,PASS_PROJECT_RANGE,[0.218],0.218,0.218,PASS_ALL_LE_0_30,262,486,225,UNIPROT_PROSITE_NR_LBD,UNIPROT_CANONICAL_1_BASED_INCLUSIVE,225,1.0,NEAR_COMPLETE_LBD,True,0.0,0.0,False,,True,PROJECT_PREFILTER_PASS,[]
Q96RI1,NR1H4,FXR,Nutritional sensors,5Q1I,5Q1I_1,1,"[""X-RAY DIFFRACTION""]",True,[1.95],1.95,1.95,PASS_PROJECT_RANGE,[0.225],0.225,0.225,PASS_ALL_LE_0_30,262,486,225,UNIPROT_PROSITE_NR_LBD,UNIPROT_CANONICAL_1_BASED_INCLUSIVE,225,1.0,NEAR_COMPLETE_LBD,True,0.0,0.0,False,,True,PROJECT_PREFILTER_PASS,[]
Q96RI1,NR1H4,FXR,Nutritional sensors,5WZX,5WZX_1,1,"[""X-RAY DIFFRACTION""]",True,[2.95],2.95,2.95,PASS_PROJECT_RANGE,[0.2625],0.2625,0.2625,PASS_ALL_LE_0_30,262,486,225,UNIPROT_PROSITE_NR_LBD,UNIPROT_CANONICAL_1_BASED_INCLUSIVE,224,0.995556,NEAR_COMPLETE_LBD,True,0.0,0.0,False,,True,PROJECT_PREFILTER_PASS,[]
Q96RI1,NR1H4,FXR,Nutritional sensors,5Y1J,5Y1J_1,1,"[""X-RAY DIFFRACTION""]",True,[2.0],2.0,2.0,PASS_PROJECT_RANGE,[0.2378],0.2378,0.2378,PASS_ALL_LE_0_30,262,486,225,UNIPROT_PROSITE_NR_LBD,UNIPROT_CANONICAL_1_BASED_INCLUSIVE,224,0.995556,NEAR_COMPLETE_LBD,True,0.0,0.0,False,,True,PROJECT_PREFILTER_PASS,[]
Q96RI1,NR1H4,FXR,Nutritional sensors,5Y44,5Y44_1,1,"[""X-RAY DIFFRACTION""]",True,[2.35],2.35,2.35,PASS_PROJECT_RANGE,[0.2706],0.2706,0.2706,PASS_ALL_LE_0_30,262,486,225,UNIPROT_PROSITE_NR_LBD,UNIPROT_CANONICAL_1_BASED_INCLUSIVE,223,0.991111,NEAR_COMPLETE_LBD,True,0.0,0.0,False,,True,PROJECT_PREFILTER_PASS,[]
Q96RI1,NR1H4,FXR,Nutritional sensors,5Y49,5Y49_1,1,"[""X-RAY DIFFRACTION""]",True,[2.4],2.4,2.4,PASS_PROJECT_RANGE,[0.2528],0.2528,0.2528,PASS_ALL_LE_0_30,262,486,225,UNIPROT_PROSITE_NR_LBD,UNIPROT_CANONICAL_1_BASED_INCLUSIVE,224,0.995556,NEAR_COMPLETE_LBD,True,0.0,0.0,False,,True,PROJECT_PREFILTER_PASS,[]
Q96RI1,NR1H4,FXR,Nutritional sensors,5YXB,5YXB_1,1,"[""X-RAY DIFFRACTION""]",True,[2.95],2.95,2.95,PASS_PROJECT_RANGE,[0.2821],0.2821,0.2821,PASS_ALL_LE_0_30,262,486,225,UNIPROT_PROSITE_NR_LBD,UNIPROT_CANONICAL_1_BASED_INCLUSIVE,225,1.0,NEAR_COMPLETE_LBD,True,0.0,0.0,False,,True,PROJECT_PREFILTER_PASS,[]
Q96RI1,NR1H4,FXR,Nutritional sensors,5YXD,5YXD_1,1,"[""X-RAY DIFFRACTION""]",True,[2.98],2.98,2.98,PASS_PROJECT_RANGE,[0.2677],0.2677,0.2677,PASS_ALL_LE_0_30,262,486,225,UNIPROT_PROSITE_NR_LBD,UNIPROT_CANONICAL_1_BASED_INCLUSIVE,225,1.0,NEAR_COMPLETE_LBD,True,0.0,0.0,False,,True,PROJECT_PREFILTER_PASS,[]
Q96RI1,NR1H4,FXR,Nutritional sensors,5YXJ,5YXJ_1,1,"[""X-RAY DIFFRACTION""]",True,[2.62],2.62,2.62,PASS_PROJECT_RANGE,[0.2477],0.2477,0.2477,PASS_ALL_LE_0_30,262,486,225,UNIPROT_PROSITE_NR_LBD,UNIPROT_CANONICAL_1_BASED_INCLUSIVE,225,1.0,NEAR_COMPLETE_LBD,True,0.0,0.0,False,,True,PROJECT_PREFILTER_PASS,[]
Q96RI1,NR1H4,FXR,Nutritional sensors,5YXL,5YXL_1,1,"[""X-RAY DIFFRACTION""]",True,[2.24],2.24,2.24,PASS_PROJECT_RANGE,[0.2233],0.2233,0.2233,PASS_ALL_LE_0_30,262,486,225,UNIPROT_PROSITE_NR_LBD,UNIPROT_CANONICAL_1_BASED_INCLUSIVE,225,1.0,NEAR_COMPLETE_LBD,True,0.0,0.0,False,,True,PROJECT_PREFILTER_PASS,[]
Q96RI1,NR1H4,FXR,Nutritional sensors,5Z12,5Z12_1,1,"[""X-RAY DIFFRACTION""]",True,[2.75],2.75,2.75,PASS_PROJECT_RANGE,[0.2901],0.2901,0.2901,PASS_ALL_LE_0_30,262,486,225,UNIPROT_PROSITE_NR_LBD,UNIPROT_CANONICAL_1_BASED_INCLUSIVE,225,1.0,NEAR_COMPLETE_LBD,True,0.0,0.0,False,,True,PROJECT_PREFILTER_PASS,[]
Q96RI1,NR1H4,FXR,Nutritional sensors,6A5W,6A5W_1,1,"[""X-RAY DIFFRACTION""]",True,[2.88],2.88,2.88,PASS_PROJECT_RANGE,[0.2624],0.2624,0.2624,PASS_ALL_LE_0_30,262,486,225,UNIPROT_PROSITE_NR_LBD,UNIPROT_CANONICAL_1_BASED_INCLUSIVE,224,0.995556,NEAR_COMPLETE_LBD,True,0.0,0.0,False,,True,PROJECT_PREFILTER_PASS,[]
Q96RI1,NR1H4,FXR,Nutritional sensors,6A5X,6A5X_1,1,"[""X-RAY DIFFRACTION""]",True,[2.6],2.6,2.6,PASS_PROJECT_RANGE,[0.251],0.251,0.251,PASS_ALL_LE_0_30,262,486,225,UNIPROT_PROSITE_NR_LBD,UNIPROT_CANONICAL_1_BASED_INCLUSIVE,225,1.0,NEAR_COMPLETE_LBD,True,0.0,0.0,False,,True,PROJECT_PREFILTER_PASS,[]
Q96RI1,NR1H4,FXR,Nutritional sensors,6A5Y,6A5Y_1,1,"[""X-RAY DIFFRACTION""]",True,[2.1],2.1,2.1,PASS_PROJECT_RANGE,[0.241],0.241,0.241,PASS_ALL_LE_0_30,262,486,225,UNIPROT_PROSITE_NR_LBD,UNIPROT_CANONICAL_1_BASED_INCLUSIVE,224,0.995556,NEAR_COMPLETE_LBD,True,0.0,0.0,False,,True,PROJECT_PREFILTER_PASS,[]
Q96RI1,NR1H4,FXR,Nutritional sensors,6A5Z,6A5Z_1,1,"[""X-RAY DIFFRACTION""]",True,[2.95],2.95,2.95,PASS_PROJECT_RANGE,[0.282],0.282,0.282,PASS_ALL_LE_0_30,262,486,225,UNIPROT_PROSITE_NR_LBD,UNIPROT_CANONICAL_1_BASED_INCLUSIVE,225,1.0,NEAR_COMPLETE_LBD,True,0.0,0.0,False,,True,PROJECT_PREFILTER_PASS,[]
Q96RI1,NR1H4,FXR,Nutritional sensors,6A60,6A60_1,1,"[""X-RAY DIFFRACTION""]",True,[3.05],3.05,3.05,PASS_PROJECT_RANGE,[0.2883],0.2883,0.2883,PASS_ALL_LE_0_30,262,486,225,UNIPROT_PROSITE_NR_LBD,UNIPROT_CANONICAL_1_BASED_INCLUSIVE,225,1.0,NEAR_COMPLETE_LBD,True,0.0,0.0,False,,True,PROJECT_PREFILTER_PASS,[]
Q96RI1,NR1H4,FXR,Nutritional sensors,6HL0,6HL0_1,1,"[""X-RAY DIFFRACTION""]",True,[1.66],1.66,1.66,ULTRAHIGH_LT_1_8,[0.2458],0.2458,0.2458,PASS_ALL_LE_0_30,262,486,225,UNIPROT_PROSITE_NR_LBD,UNIPROT_CANONICAL_1_BASED_INCLUSIVE,225,1.0,NEAR_COMPLETE_LBD,True,0.0,0.0,False,,False,RESOLUTION_REVIEW,"[""RESOLUTION_REVIEW""]"
Q96RI1,NR1H4,FXR,Nutritional sensors,6HL1,6HL1_1,1,"[""X-RAY DIFFRACTION""]",True,[1.599],1.599,1.599,ULTRAHIGH_LT_1_8,[0.246],0.246,0.246,PASS_ALL_LE_0_30,262,486,225,UNIPROT_PROSITE_NR_LBD,UNIPROT_CANONICAL_1_BASED_INCLUSIVE,225,1.0,NEAR_COMPLETE_LBD,True,0.0,0.0,False,,False,RESOLUTION_REVIEW,"[""RESOLUTION_REVIEW""]"
Q96RI1,NR1H4,FXR,Nutritional sensors,6ITM,6ITM_1,1,"[""X-RAY DIFFRACTION""]",True,[2.5],2.5,2.5,PASS_PROJECT_RANGE,[0.2418],0.2418,0.2418,PASS_ALL_LE_0_30,262,486,225,UNIPROT_PROSITE_NR_LBD,UNIPROT_CANONICAL_1_BASED_INCLUSIVE,225,1.0,NEAR_COMPLETE_LBD,True,0.0,0.0,False,,True,PROJECT_PREFILTER_PASS,[]
Q96RI1,NR1H4,FXR,Nutritional sensors,7D42,7D42_1,1,"[""X-RAY DIFFRACTION""]",True,[2.697],2.697,2.697,PASS_PROJECT_RANGE,[0.269],0.269,0.269,PASS_ALL_LE_0_30,262,486,225,UNIPROT_PROSITE_NR_LBD,UNIPROT_CANONICAL_1_BASED_INCLUSIVE,223,0.991111,NEAR_COMPLETE_LBD,True,0.0,0.0,False,,True,PROJECT_PREFILTER_PASS,[]
Q96RI1,NR1H4,FXR,Nutritional sensors,7TRB,7TRB_1,1,"[""X-RAY DIFFRACTION""]",True,[2.15],2.15,2.15,PASS_PROJECT_RANGE,[0.256],0.256,0.256,PASS_ALL_LE_0_30,262,486,225,UNIPROT_PROSITE_NR_LBD,UNIPROT_CANONICAL_1_BASED_INCLUSIVE,225,1.0,NEAR_COMPLETE_LBD,True,0.0,0.0,False,,True,PROJECT_PREFILTER_PASS,[]
Q96RI1,NR1H4,FXR,Nutritional sensors,7VUE,7VUE_1,1,"[""X-RAY DIFFRACTION""]",True,[2.601],2.601,2.601,PASS_PROJECT_RANGE,[0.2687],0.2687,0.2687,PASS_ALL_LE_0_30,262,486,225,UNIPROT_PROSITE_NR_LBD,UNIPROT_CANONICAL_1_BASED_INCLUSIVE,223,0.991111,NEAR_COMPLETE_LBD,True,0.0,0.0,False,,True,PROJECT_PREFILTER_PASS,[]
Q96RI1,NR1H4,FXR,Nutritional sensors,8HBM,8HBM_2,2,"[""X-RAY DIFFRACTION""]",True,[3.3],3.3,3.3,PASS_PROJECT_RANGE,[0.3008],0.3008,0.3008,FAIL_ALL_GT_0_30,262,486,225,UNIPROT_PROSITE_NR_LBD,UNIPROT_CANONICAL_1_BASED_INCLUSIVE,0,0.0,NO_LBD_OVERLAP,False,76.0,1.0,False,,False,MULTIPLE_REASONS,"[""NO_LBD_OVERLAP"", ""RFREE_REVIEW""]"
Q96RI1,NR1H4,FXR,Nutritional sensors,8HD3,8HD3_1,1,"[""X-RAY DIFFRACTION""]",True,[2.29],2.29,2.29,PASS_PROJECT_RANGE,[0.2506],0.2506,0.2506,PASS_ALL_LE_0_30,262,486,225,UNIPROT_PROSITE_NR_LBD,UNIPROT_CANONICAL_1_BASED_INCLUSIVE,224,0.995556,NEAR_COMPLETE_LBD,True,0.0,0.0,False,,True,PROJECT_PREFILTER_PASS,[]
Q96RI1,NR1H4,FXR,Nutritional sensors,9H65,9H65_1,1,"[""X-RAY DIFFRACTION""]",True,[3.1],3.1,3.1,PASS_PROJECT_RANGE,[0.3233],0.3233,0.3233,FAIL_ALL_GT_0_30,262,486,225,UNIPROT_PROSITE_NR_LBD,UNIPROT_CANONICAL_1_BASED_INCLUSIVE,225,1.0,NEAR_COMPLETE_LBD,True,0.0,0.0,False,,False,RFREE_REVIEW,"[""RFREE_REVIEW""]"
Q96RI1,NR1H4,FXR,Nutritional sensors,9H66,9H66_1,1,"[""X-RAY DIFFRACTION""]",True,[2.6],2.6,2.6,PASS_PROJECT_RANGE,[0.312],0.312,0.312,FAIL_ALL_GT_0_30,262,486,225,UNIPROT_PROSITE_NR_LBD,UNIPROT_CANONICAL_1_BASED_INCLUSIVE,225,1.0,NEAR_COMPLETE_LBD,True,0.0,0.0,False,,False,RFREE_REVIEW,"[""RFREE_REVIEW""]"
Q96RI1,NR1H4,FXR,Nutritional sensors,9LQ3,9LQ3_1,1,"[""X-RAY DIFFRACTION""]",True,[2.8],2.8,2.8,PASS_PROJECT_RANGE,[0.2929],0.2929,0.2929,PASS_ALL_LE_0_30,262,486,225,UNIPROT_PROSITE_NR_LBD,UNIPROT_CANONICAL_1_BASED_INCLUSIVE,224,0.995556,NEAR_COMPLETE_LBD,True,0.0,0.0,False,,True,PROJECT_PREFILTER_PASS,[]
Q96RI1,NR1H4,FXR,Nutritional sensors,9VBQ,9VBQ_1,1,"[""X-RAY DIFFRACTION""]",True,[2.303],2.303,2.303,PASS_PROJECT_RANGE,[0.2439],0.2439,0.2439,PASS_ALL_LE_0_30,262,486,225,UNIPROT_PROSITE_NR_LBD,UNIPROT_CANONICAL_1_BASED_INCLUSIVE,225,1.0,NEAR_COMPLETE_LBD,True,0.0,0.0,False,,True,PROJECT_PREFILTER_PASS,[]
Q96RI1,NR1H4,FXR,Nutritional sensors,9VBR,9VBR_1,1,"[""X-RAY DIFFRACTION""]",True,[2.5],2.5,2.5,PASS_PROJECT_RANGE,[0.251],0.251,0.251,PASS_ALL_LE_0_30,262,486,225,UNIPROT_PROSITE_NR_LBD,UNIPROT_CANONICAL_1_BASED_INCLUSIVE,224,0.995556,NEAR_COMPLETE_LBD,True,0.0,0.0,True,,True,PROJECT_PREFILTER_PASS,[]
Q96RI1,NR1H4,FXR,Nutritional sensors,9WF5,9WF5_1,1,"[""X-RAY DIFFRACTION""]",True,[2.95],2.95,2.95,PASS_PROJECT_RANGE,[0.27472],0.27472,0.27472,PASS_ALL_LE_0_30,262,486,225,UNIPROT_PROSITE_NR_LBD,UNIPROT_CANONICAL_1_BASED_INCLUSIVE,225,1.0,NEAR_COMPLETE_LBD,True,0.0,0.0,False,,True,PROJECT_PREFILTER_PASS,[]
P41235,NR2A1,HNF4α,Nutritional sensors,1PZL,1PZL_1,1,"[""X-RAY DIFFRACTION""]",True,[2.1],2.1,2.1,PASS_PROJECT_RANGE,[0.267],0.267,0.267,PASS_ALL_LE_0_30,147,377,231,UNIPROT_PROSITE_NR_LBD,UNIPROT_CANONICAL_1_BASED_INCLUSIVE,231,1.0,NEAR_COMPLETE_LBD,True,0.0,0.0,False,,True,PROJECT_PREFILTER_PASS,[]
P41235,NR2A1,HNF4α,Nutritional sensors,3CBB,3CBB_3,3,"[""X-RAY DIFFRACTION""]",True,[2.0],2.0,2.0,PASS_PROJECT_RANGE,[0.252],0.252,0.252,PASS_ALL_LE_0_30,147,377,231,UNIPROT_PROSITE_NR_LBD,UNIPROT_CANONICAL_1_BASED_INCLUSIVE,0,0.0,NO_LBD_OVERLAP,False,75.0,0.986842,False,,False,NO_LBD_OVERLAP,"[""NO_LBD_OVERLAP""]"
P41235,NR2A1,HNF4α,Nutritional sensors,3FS1,3FS1_1,1,"[""X-RAY DIFFRACTION""]",True,[2.2],2.2,2.2,PASS_PROJECT_RANGE,[0.236],0.236,0.236,PASS_ALL_LE_0_30,147,377,231,UNIPROT_PROSITE_NR_LBD,UNIPROT_CANONICAL_1_BASED_INCLUSIVE,230,0.995671,NEAR_COMPLETE_LBD,True,0.0,0.0,False,,True,PROJECT_PREFILTER_PASS,[]
P41235,NR2A1,HNF4α,Nutritional sensors,4B7W,4B7W_1,1,"[""X-RAY DIFFRACTION""]",True,[4.0],4.0,4.0,TOO_LOW_RESOLUTION_GT_3_5,[0.2798],0.2798,0.2798,PASS_ALL_LE_0_30,147,377,231,UNIPROT_PROSITE_NR_LBD,UNIPROT_CANONICAL_1_BASED_INCLUSIVE,231,1.0,NEAR_COMPLETE_LBD,True,0.0,0.0,False,,False,RESOLUTION_REVIEW,"[""RESOLUTION_REVIEW""]"
P41235,NR2A1,HNF4α,Nutritional sensors,4IQR,4IQR_1,1,"[""X-RAY DIFFRACTION""]",True,[2.9],2.9,2.9,PASS_PROJECT_RANGE,[0.278],0.278,0.278,PASS_ALL_LE_0_30,147,377,231,UNIPROT_PROSITE_NR_LBD,UNIPROT_CANONICAL_1_BASED_INCLUSIVE,231,1.0,NEAR_COMPLETE_LBD,True,76.0,1.0,False,,True,PROJECT_PREFILTER_PASS,[]
P41235,NR2A1,HNF4α,Nutritional sensors,6CHT,6CHT_1,1,"[""X-RAY DIFFRACTION""]",True,[3.174],3.174,3.174,PASS_PROJECT_RANGE,[0.2742],0.2742,0.2742,PASS_ALL_LE_0_30,147,377,231,UNIPROT_PROSITE_NR_LBD,UNIPROT_CANONICAL_1_BASED_INCLUSIVE,230,0.995671,NEAR_COMPLETE_LBD,True,0.0,0.0,False,,True,PROJECT_PREFILTER_PASS,[]
P41235,NR2A1,HNF4α,Nutritional sensors,8C1L,8C1L_1,1,"[""X-RAY DIFFRACTION""]",True,[2.0],2.0,2.0,PASS_PROJECT_RANGE,[0.23667],0.23667,0.23667,PASS_ALL_LE_0_30,147,377,231,UNIPROT_PROSITE_NR_LBD,UNIPROT_CANONICAL_1_BASED_INCLUSIVE,230,0.995671,NEAR_COMPLETE_LBD,True,0.0,0.0,False,,True,PROJECT_PREFILTER_PASS,[]
P41235,NR2A1,HNF4α,Nutritional sensors,9IBR,9IBR_1,1,"[""X-RAY DIFFRACTION""]",True,[2.78],2.78,2.78,PASS_PROJECT_RANGE,[0.3546],0.3546,0.3546,FAIL_ALL_GT_0_30,147,377,231,UNIPROT_PROSITE_NR_LBD,UNIPROT_CANONICAL_1_BASED_INCLUSIVE,230,0.995671,NEAR_COMPLETE_LBD,True,0.0,0.0,False,,False,RFREE_REVIEW,"[""RFREE_REVIEW""]"
Q14541,NR2A2,HNF4γ,Nutritional sensors,1LV2,1LV2_1,1,"[""X-RAY DIFFRACTION""]",True,[2.7],2.7,2.7,PASS_PROJECT_RANGE,[0.264],0.264,0.264,PASS_ALL_LE_0_30,99,328,230,UNIPROT_PROSITE_NR_LBD,UNIPROT_CANONICAL_1_BASED_INCLUSIVE,226,0.982609,NEAR_COMPLETE_LBD,True,0.0,0.0,False,,True,PROJECT_PREFILTER_PASS,[]
O00482,NR5A2,LRH-1,Nutritional sensors,1YOK,1YOK_1,1,"[""X-RAY DIFFRACTION""]",True,[2.5],2.5,2.5,PASS_PROJECT_RANGE,[0.29],0.29,0.29,PASS_ALL_LE_0_30,300,539,240,UNIPROT_PROSITE_NR_LBD,UNIPROT_CANONICAL_1_BASED_INCLUSIVE,240,1.0,NEAR_COMPLETE_LBD,True,0.0,0.0,False,,True,PROJECT_PREFILTER_PASS,[]
O00482,NR5A2,LRH-1,Nutritional sensors,1YUC,1YUC_1,1,"[""X-RAY DIFFRACTION""]",True,[1.9],1.9,1.9,PASS_PROJECT_RANGE,[0.248],0.248,0.248,PASS_ALL_LE_0_30,300,539,240,UNIPROT_PROSITE_NR_LBD,UNIPROT_CANONICAL_1_BASED_INCLUSIVE,240,1.0,NEAR_COMPLETE_LBD,True,0.0,0.0,False,,True,PROJECT_PREFILTER_PASS,[]
O00482,NR5A2,LRH-1,Nutritional sensors,1ZDU,1ZDU_1,1,"[""X-RAY DIFFRACTION""]",True,[2.5],2.5,2.5,PASS_PROJECT_RANGE,[0.28129],0.28129,0.28129,PASS_ALL_LE_0_30,300,539,240,UNIPROT_PROSITE_NR_LBD,UNIPROT_CANONICAL_1_BASED_INCLUSIVE,240,1.0,NEAR_COMPLETE_LBD,True,0.0,0.0,False,,True,PROJECT_PREFILTER_PASS,[]
O00482,NR5A2,LRH-1,Nutritional sensors,2A66,2A66_3,3,"[""X-RAY DIFFRACTION""]",True,[2.2],2.2,2.2,PASS_PROJECT_RANGE,[0.226],0.226,0.226,PASS_ALL_LE_0_30,300,539,240,UNIPROT_PROSITE_NR_LBD,UNIPROT_CANONICAL_1_BASED_INCLUSIVE,0,0.0,NO_LBD_OVERLAP,False,72.0,1.0,False,,False,NO_LBD_OVERLAP,"[""NO_LBD_OVERLAP""]"
O00482,NR5A2,LRH-1,Nutritional sensors,3PLZ,3PLZ_1,1,"[""X-RAY DIFFRACTION""]",True,[1.75],1.75,1.75,ULTRAHIGH_LT_1_8,[0.214],0.214,0.214,PASS_ALL_LE_0_30,300,539,240,UNIPROT_PROSITE_NR_LBD,UNIPROT_CANONICAL_1_BASED_INCLUSIVE,240,1.0,NEAR_COMPLETE_LBD,True,0.0,0.0,False,,False,RESOLUTION_REVIEW,"[""RESOLUTION_REVIEW""]"
O00482,NR5A2,LRH-1,Nutritional sensors,3TX7,3TX7_2,2,"[""X-RAY DIFFRACTION""]",True,[2.76],2.76,2.76,PASS_PROJECT_RANGE,[0.2426],0.2426,0.2426,PASS_ALL_LE_0_30,300,539,240,UNIPROT_PROSITE_NR_LBD,UNIPROT_CANONICAL_1_BASED_INCLUSIVE,240,1.0,NEAR_COMPLETE_LBD,True,0.0,0.0,False,,True,PROJECT_PREFILTER_PASS,[]
O00482,NR5A2,LRH-1,Nutritional sensors,4DOR,4DOR_1,1,"[""X-RAY DIFFRACTION""]",True,[1.9],1.9,1.9,PASS_PROJECT_RANGE,[0.2196],0.2196,0.2196,PASS_ALL_LE_0_30,300,539,240,UNIPROT_PROSITE_NR_LBD,UNIPROT_CANONICAL_1_BASED_INCLUSIVE,240,1.0,NEAR_COMPLETE_LBD,True,0.0,0.0,False,,True,PROJECT_PREFILTER_PASS,[]
O00482,NR5A2,LRH-1,Nutritional sensors,4DOS,4DOS_1,1,"[""X-RAY DIFFRACTION""]",True,[2.0],2.0,2.0,PASS_PROJECT_RANGE,[0.2378],0.2378,0.2378,PASS_ALL_LE_0_30,300,539,240,UNIPROT_PROSITE_NR_LBD,UNIPROT_CANONICAL_1_BASED_INCLUSIVE,239,0.995833,NEAR_COMPLETE_LBD,True,0.0,0.0,False,,True,PROJECT_PREFILTER_PASS,[]
O00482,NR5A2,LRH-1,Nutritional sensors,4IS8,4IS8_1,1,"[""X-RAY DIFFRACTION""]",True,[2.78],2.78,2.78,PASS_PROJECT_RANGE,[0.257],0.257,0.257,PASS_ALL_LE_0_30,300,539,240,UNIPROT_PROSITE_NR_LBD,UNIPROT_CANONICAL_1_BASED_INCLUSIVE,239,0.995833,NEAR_COMPLETE_LBD,True,0.0,0.0,False,,True,PROJECT_PREFILTER_PASS,[]
O00482,NR5A2,LRH-1,Nutritional sensors,4ONI,4ONI_1,1,"[""X-RAY DIFFRACTION""]",True,[1.8],1.8,1.8,PASS_PROJECT_RANGE,[0.2023],0.2023,0.2023,PASS_ALL_LE_0_30,300,539,240,UNIPROT_PROSITE_NR_LBD,UNIPROT_CANONICAL_1_BASED_INCLUSIVE,240,1.0,NEAR_COMPLETE_LBD,True,0.0,0.0,False,,True,PROJECT_PREFILTER_PASS,[]
O00482,NR5A2,LRH-1,Nutritional sensors,4PLD,4PLD_1,1,"[""X-RAY DIFFRACTION""]",True,[1.75],1.75,1.75,ULTRAHIGH_LT_1_8,[0.2245],0.2245,0.2245,PASS_ALL_LE_0_30,300,539,240,UNIPROT_PROSITE_NR_LBD,UNIPROT_CANONICAL_1_BASED_INCLUSIVE,239,0.995833,NEAR_COMPLETE_LBD,True,0.0,0.0,False,,False,RESOLUTION_REVIEW,"[""RESOLUTION_REVIEW""]"
O00482,NR5A2,LRH-1,Nutritional sensors,4PLE,4PLE_1,1,"[""X-RAY DIFFRACTION""]",True,[1.752],1.752,1.752,ULTRAHIGH_LT_1_8,[0.2362],0.2362,0.2362,PASS_ALL_LE_0_30,300,539,240,UNIPROT_PROSITE_NR_LBD,UNIPROT_CANONICAL_1_BASED_INCLUSIVE,239,0.995833,NEAR_COMPLETE_LBD,True,0.0,0.0,False,,False,RESOLUTION_REVIEW,"[""RESOLUTION_REVIEW""]"
O00482,NR5A2,LRH-1,Nutritional sensors,4RWV,4RWV_1,1,"[""X-RAY DIFFRACTION""]",True,[1.859],1.859,1.859,PASS_PROJECT_RANGE,[0.21],0.21,0.21,PASS_ALL_LE_0_30,300,539,240,UNIPROT_PROSITE_NR_LBD,UNIPROT_CANONICAL_1_BASED_INCLUSIVE,240,1.0,NEAR_COMPLETE_LBD,True,0.0,0.0,False,,True,PROJECT_PREFILTER_PASS,[]
O00482,NR5A2,LRH-1,Nutritional sensors,5L0M,5L0M_1,1,"[""X-RAY DIFFRACTION""]",True,[2.197],2.197,2.197,PASS_PROJECT_RANGE,[0.197],0.197,0.197,PASS_ALL_LE_0_30,300,539,240,UNIPROT_PROSITE_NR_LBD,UNIPROT_CANONICAL_1_BASED_INCLUSIVE,0,0.0,NO_LBD_OVERLAP,False,72.0,1.0,False,,False,NO_LBD_OVERLAP,"[""NO_LBD_OVERLAP""]"
O00482,NR5A2,LRH-1,Nutritional sensors,5L11,5L11_1,1,"[""X-RAY DIFFRACTION""]",True,[1.849],1.849,1.849,PASS_PROJECT_RANGE,[0.2413],0.2413,0.2413,PASS_ALL_LE_0_30,300,539,240,UNIPROT_PROSITE_NR_LBD,UNIPROT_CANONICAL_1_BASED_INCLUSIVE,240,1.0,NEAR_COMPLETE_LBD,True,0.0,0.0,False,,True,PROJECT_PREFILTER_PASS,[]
O00482,NR5A2,LRH-1,Nutritional sensors,5SYZ,5SYZ_1,1,"[""X-RAY DIFFRACTION""]",True,[1.9261],1.9261,1.9261,PASS_PROJECT_RANGE,[0.2277],0.2277,0.2277,PASS_ALL_LE_0_30,300,539,240,UNIPROT_PROSITE_NR_LBD,UNIPROT_CANONICAL_1_BASED_INCLUSIVE,239,0.995833,NEAR_COMPLETE_LBD,True,0.0,0.0,False,,True,PROJECT_PREFILTER_PASS,[]
O00482,NR5A2,LRH-1,Nutritional sensors,5UNJ,5UNJ_1,1,"[""X-RAY DIFFRACTION""]",True,[1.959],1.959,1.959,PASS_PROJECT_RANGE,[0.2265],0.2265,0.2265,PASS_ALL_LE_0_30,300,539,240,UNIPROT_PROSITE_NR_LBD,UNIPROT_CANONICAL_1_BASED_INCLUSIVE,240,1.0,NEAR_COMPLETE_LBD,True,0.0,0.0,False,,True,PROJECT_PREFILTER_PASS,[]
O00482,NR5A2,LRH-1,Nutritional sensors,6OQX,6OQX_1,1,"[""X-RAY DIFFRACTION""]",True,[2.004],2.004,2.004,PASS_PROJECT_RANGE,[0.2451],0.2451,0.2451,PASS_ALL_LE_0_30,300,539,240,UNIPROT_PROSITE_NR_LBD,UNIPROT_CANONICAL_1_BASED_INCLUSIVE,240,1.0,NEAR_COMPLETE_LBD,True,0.0,0.0,False,,True,PROJECT_PREFILTER_PASS,[]
O00482,NR5A2,LRH-1,Nutritional sensors,6OQY,6OQY_1,1,"[""X-RAY DIFFRACTION""]",True,[2.23],2.23,2.23,PASS_PROJECT_RANGE,[0.2688],0.2688,0.2688,PASS_ALL_LE_0_30,300,539,240,UNIPROT_PROSITE_NR_LBD,UNIPROT_CANONICAL_1_BASED_INCLUSIVE,240,1.0,NEAR_COMPLETE_LBD,True,0.0,0.0,False,,True,PROJECT_PREFILTER_PASS,[]
O00482,NR5A2,LRH-1,Nutritional sensors,6OR1,6OR1_1,1,"[""X-RAY DIFFRACTION""]",True,[2.174],2.174,2.174,PASS_PROJECT_RANGE,[0.2387],0.2387,0.2387,PASS_ALL_LE_0_30,300,539,240,UNIPROT_PROSITE_NR_LBD,UNIPROT_CANONICAL_1_BASED_INCLUSIVE,240,1.0,NEAR_COMPLETE_LBD,True,0.0,0.0,False,,True,PROJECT_PREFILTER_PASS,[]
O00482,NR5A2,LRH-1,Nutritional sensors,6VC2,6VC2_1,1,"[""X-RAY DIFFRACTION""]",True,[1.697],1.697,1.697,ULTRAHIGH_LT_1_8,[0.2284],0.2284,0.2284,PASS_ALL_LE_0_30,300,539,240,UNIPROT_PROSITE_NR_LBD,UNIPROT_CANONICAL_1_BASED_INCLUSIVE,240,1.0,NEAR_COMPLETE_LBD,True,0.0,0.0,False,,False,RESOLUTION_REVIEW,"[""RESOLUTION_REVIEW""]"
O00482,NR5A2,LRH-1,Nutritional sensors,6VIF,6VIF_1,1,"[""X-RAY DIFFRACTION""]",True,[2.26],2.26,2.26,PASS_PROJECT_RANGE,[0.2836],0.2836,0.2836,PASS_ALL_LE_0_30,300,539,240,UNIPROT_PROSITE_NR_LBD,UNIPROT_CANONICAL_1_BASED_INCLUSIVE,240,1.0,NEAR_COMPLETE_LBD,True,0.0,0.0,False,,True,PROJECT_PREFILTER_PASS,[]
O00482,NR5A2,LRH-1,Nutritional sensors,7JYD,7JYD_1,1,"[""X-RAY DIFFRACTION""]",True,[2.3],2.3,2.3,PASS_PROJECT_RANGE,[0.2273],0.2273,0.2273,PASS_ALL_LE_0_30,300,539,240,UNIPROT_PROSITE_NR_LBD,UNIPROT_CANONICAL_1_BASED_INCLUSIVE,240,1.0,NEAR_COMPLETE_LBD,True,0.0,0.0,False,,True,PROJECT_PREFILTER_PASS,[]
O00482,NR5A2,LRH-1,Nutritional sensors,7JYE,7JYE_1,1,"[""X-RAY DIFFRACTION""]",True,[2.551],2.551,2.551,PASS_PROJECT_RANGE,[0.1871],0.1871,0.1871,PASS_ALL_LE_0_30,300,539,240,UNIPROT_PROSITE_NR_LBD,UNIPROT_CANONICAL_1_BASED_INCLUSIVE,240,1.0,NEAR_COMPLETE_LBD,True,0.0,0.0,False,,True,PROJECT_PREFILTER_PASS,[]
O00482,NR5A2,LRH-1,Nutritional sensors,7TT8,7TT8_1,1,"[""X-RAY DIFFRACTION""]",True,[2.8],2.8,2.8,PASS_PROJECT_RANGE,[0.2759],0.2759,0.2759,PASS_ALL_LE_0_30,300,539,240,UNIPROT_PROSITE_NR_LBD,UNIPROT_CANONICAL_1_BASED_INCLUSIVE,240,1.0,NEAR_COMPLETE_LBD,True,0.0,0.0,False,,True,PROJECT_PREFILTER_PASS,[]
O00482,NR5A2,LRH-1,Nutritional sensors,8F8M,8F8M_1,1,"[""X-RAY DIFFRACTION""]",True,[2.6],2.6,2.6,PASS_PROJECT_RANGE,[0.2196],0.2196,0.2196,PASS_ALL_LE_0_30,300,539,240,UNIPROT_PROSITE_NR_LBD,UNIPROT_CANONICAL_1_BASED_INCLUSIVE,240,1.0,NEAR_COMPLETE_LBD,True,0.0,0.0,False,,True,PROJECT_PREFILTER_PASS,[]
O00482,NR5A2,LRH-1,Nutritional sensors,8PKI,8PKI_7,7,"[""ELECTRON MICROSCOPY""]",False,[2.58],2.58,2.58,PASS_PROJECT_RANGE,[],,,MISSING,300,539,240,UNIPROT_PROSITE_NR_LBD,UNIPROT_CANONICAL_1_BASED_INCLUSIVE,0,0.0,NO_LBD_OVERLAP,False,70.0,0.972222,False,,False,MULTIPLE_REASONS,"[""NON_XRAY"", ""NO_LBD_OVERLAP"", ""RFREE_REVIEW"", ""METADATA_INCOMPLETE""]"
O00482,NR5A2,LRH-1,Nutritional sensors,9SMQ,9SMQ_1,1,"[""X-RAY DIFFRACTION""]",True,[2.2],2.2,2.2,PASS_PROJECT_RANGE,[0.2443],0.2443,0.2443,PASS_ALL_LE_0_30,300,539,240,UNIPROT_PROSITE_NR_LBD,UNIPROT_CANONICAL_1_BASED_INCLUSIVE,240,1.0,NEAR_COMPLETE_LBD,True,0.0,0.0,False,,True,PROJECT_PREFILTER_PASS,[]
Q13133,NR1H3,LXRα,Nutritional sensors,1UHL,1UHL_2,2,"[""X-RAY DIFFRACTION""]",True,[2.9],2.9,2.9,PASS_PROJECT_RANGE,[0.32649],0.32649,0.32649,FAIL_ALL_GT_0_30,209,447,239,UNIPROT_PROSITE_NR_LBD,UNIPROT_CANONICAL_1_BASED_INCLUSIVE,239,1.0,NEAR_COMPLETE_LBD,True,0.0,0.0,False,,False,RFREE_REVIEW,"[""RFREE_REVIEW""]"
Q13133,NR1H3,LXRα,Nutritional sensors,3IPQ,3IPQ_1,1,"[""X-RAY DIFFRACTION""]",True,[2.0],2.0,2.0,PASS_PROJECT_RANGE,[0.23358],0.23358,0.23358,PASS_ALL_LE_0_30,209,447,239,UNIPROT_PROSITE_NR_LBD,UNIPROT_CANONICAL_1_BASED_INCLUSIVE,239,1.0,NEAR_COMPLETE_LBD,True,0.0,0.0,False,,True,PROJECT_PREFILTER_PASS,[]
Q13133,NR1H3,LXRα,Nutritional sensors,3IPS,3IPS_1,1,"[""X-RAY DIFFRACTION""]",True,[2.26],2.26,2.26,PASS_PROJECT_RANGE,[0.3145],0.3145,0.3145,FAIL_ALL_GT_0_30,209,447,239,UNIPROT_PROSITE_NR_LBD,UNIPROT_CANONICAL_1_BASED_INCLUSIVE,239,1.0,NEAR_COMPLETE_LBD,True,0.0,0.0,False,,False,RFREE_REVIEW,"[""RFREE_REVIEW""]"
Q13133,NR1H3,LXRα,Nutritional sensors,3IPU,3IPU_1,1,"[""X-RAY DIFFRACTION""]",True,[2.4],2.4,2.4,PASS_PROJECT_RANGE,[0.29101],0.29101,0.29101,PASS_ALL_LE_0_30,209,447,239,UNIPROT_PROSITE_NR_LBD,UNIPROT_CANONICAL_1_BASED_INCLUSIVE,239,1.0,NEAR_COMPLETE_LBD,True,0.0,0.0,False,,True,PROJECT_PREFILTER_PASS,[]
Q13133,NR1H3,LXRα,Nutritional sensors,5AVI,5AVI_1,1,"[""X-RAY DIFFRACTION""]",True,[2.7],2.7,2.7,PASS_PROJECT_RANGE,[0.27398],0.27398,0.27398,PASS_ALL_LE_0_30,209,447,239,UNIPROT_PROSITE_NR_LBD,UNIPROT_CANONICAL_1_BASED_INCLUSIVE,239,1.0,NEAR_COMPLETE_LBD,True,0.0,0.0,False,,True,PROJECT_PREFILTER_PASS,[]
Q13133,NR1H3,LXRα,Nutritional sensors,5AVL,5AVL_1,1,"[""X-RAY DIFFRACTION""]",True,[2.8],2.8,2.8,PASS_PROJECT_RANGE,[0.2427],0.2427,0.2427,PASS_ALL_LE_0_30,209,447,239,UNIPROT_PROSITE_NR_LBD,UNIPROT_CANONICAL_1_BASED_INCLUSIVE,239,1.0,NEAR_COMPLETE_LBD,True,0.0,0.0,False,,True,PROJECT_PREFILTER_PASS,[]
Q13133,NR1H3,LXRα,Nutritional sensors,5HJS,5HJS_1,1,"[""X-RAY DIFFRACTION""]",True,[1.72],1.72,1.72,ULTRAHIGH_LT_1_8,[0.2384],0.2384,0.2384,PASS_ALL_LE_0_30,209,447,239,UNIPROT_PROSITE_NR_LBD,UNIPROT_CANONICAL_1_BASED_INCLUSIVE,239,1.0,NEAR_COMPLETE_LBD,True,0.0,0.0,False,,False,RESOLUTION_REVIEW,"[""RESOLUTION_REVIEW""]"
P55055,NR1H2,LXRβ,Nutritional sensors,1P8D,1P8D_1,1,"[""X-RAY DIFFRACTION""]",True,[2.8],2.8,2.8,PASS_PROJECT_RANGE,[0.277],0.277,0.277,PASS_ALL_LE_0_30,222,460,239,UNIPROT_PROSITE_NR_LBD,UNIPROT_CANONICAL_1_BASED_INCLUSIVE,239,1.0,NEAR_COMPLETE_LBD,True,0.0,0.0,False,,True,PROJECT_PREFILTER_PASS,[]
P55055,NR1H2,LXRβ,Nutritional sensors,1PQ6,1PQ6_1,1,"[""X-RAY DIFFRACTION""]",True,[2.4],2.4,2.4,PASS_PROJECT_RANGE,[0.26237],0.26237,0.26237,PASS_ALL_LE_0_30,222,460,239,UNIPROT_PROSITE_NR_LBD,UNIPROT_CANONICAL_1_BASED_INCLUSIVE,239,1.0,NEAR_COMPLETE_LBD,True,0.0,0.0,False,,True,PROJECT_PREFILTER_PASS,[]
P55055,NR1H2,LXRβ,Nutritional sensors,1PQ9,1PQ9_1,1,"[""X-RAY DIFFRACTION""]",True,[2.1],2.1,2.1,PASS_PROJECT_RANGE,[0.25441],0.25441,0.25441,PASS_ALL_LE_0_30,222,460,239,UNIPROT_PROSITE_NR_LBD,UNIPROT_CANONICAL_1_BASED_INCLUSIVE,239,1.0,NEAR_COMPLETE_LBD,True,0.0,0.0,False,,True,PROJECT_PREFILTER_PASS,[]
P55055,NR1H2,LXRβ,Nutritional sensors,1PQC,1PQC_1,1,"[""X-RAY DIFFRACTION""]",True,[2.8],2.8,2.8,PASS_PROJECT_RANGE,[0.2617],0.2617,0.2617,PASS_ALL_LE_0_30,222,460,239,UNIPROT_PROSITE_NR_LBD,UNIPROT_CANONICAL_1_BASED_INCLUSIVE,239,1.0,NEAR_COMPLETE_LBD,True,0.0,0.0,False,,True,PROJECT_PREFILTER_PASS,[]
P55055,NR1H2,LXRβ,Nutritional sensors,1UPV,1UPV_1,1,"[""X-RAY DIFFRACTION""]",True,[2.1],2.1,2.1,PASS_PROJECT_RANGE,[0.274],0.274,0.274,PASS_ALL_LE_0_30,222,460,239,UNIPROT_PROSITE_NR_LBD,UNIPROT_CANONICAL_1_BASED_INCLUSIVE,238,0.995816,NEAR_COMPLETE_LBD,True,0.0,0.0,False,,True,PROJECT_PREFILTER_PASS,[]
P55055,NR1H2,LXRβ,Nutritional sensors,1UPW,1UPW_1,1,"[""X-RAY DIFFRACTION""]",True,[2.4],2.4,2.4,PASS_PROJECT_RANGE,[0.295],0.295,0.295,PASS_ALL_LE_0_30,222,460,239,UNIPROT_PROSITE_NR_LBD,UNIPROT_CANONICAL_1_BASED_INCLUSIVE,238,0.995816,NEAR_COMPLETE_LBD,True,0.0,0.0,False,,True,PROJECT_PREFILTER_PASS,[]
P55055,NR1H2,LXRβ,Nutritional sensors,3KFC,3KFC_1,1,"[""X-RAY DIFFRACTION""]",True,[2.4],2.4,2.4,PASS_PROJECT_RANGE,[0.28384],0.28384,0.28384,PASS_ALL_LE_0_30,222,460,239,UNIPROT_PROSITE_NR_LBD,UNIPROT_CANONICAL_1_BASED_INCLUSIVE,239,1.0,NEAR_COMPLETE_LBD,True,0.0,0.0,False,,True,PROJECT_PREFILTER_PASS,[]
P55055,NR1H2,LXRβ,Nutritional sensors,3L0E,3L0E_1,1,"[""X-RAY DIFFRACTION""]",True,[2.3],2.3,2.3,PASS_PROJECT_RANGE,[0.23661],0.23661,0.23661,PASS_ALL_LE_0_30,222,460,239,UNIPROT_PROSITE_NR_LBD,UNIPROT_CANONICAL_1_BASED_INCLUSIVE,239,1.0,NEAR_COMPLETE_LBD,True,0.0,0.0,False,,True,PROJECT_PREFILTER_PASS,[]
P55055,NR1H2,LXRβ,Nutritional sensors,4DK7,4DK7_1,1,"[""X-RAY DIFFRACTION""]",True,[2.45],2.45,2.45,PASS_PROJECT_RANGE,[0.27],0.27,0.27,PASS_ALL_LE_0_30,222,460,239,UNIPROT_PROSITE_NR_LBD,UNIPROT_CANONICAL_1_BASED_INCLUSIVE,239,1.0,NEAR_COMPLETE_LBD,True,0.0,0.0,False,,True,PROJECT_PREFILTER_PASS,[]
P55055,NR1H2,LXRβ,Nutritional sensors,4DK8,4DK8_1,1,"[""X-RAY DIFFRACTION""]",True,[2.75],2.75,2.75,PASS_PROJECT_RANGE,[0.278],0.278,0.278,PASS_ALL_LE_0_30,222,460,239,UNIPROT_PROSITE_NR_LBD,UNIPROT_CANONICAL_1_BASED_INCLUSIVE,239,1.0,NEAR_COMPLETE_LBD,True,0.0,0.0,False,,True,PROJECT_PREFILTER_PASS,[]
P55055,NR1H2,LXRβ,Nutritional sensors,4NQA,4NQA_2,2,"[""X-RAY DIFFRACTION""]",True,[3.102],3.102,3.102,PASS_PROJECT_RANGE,[0.2178],0.2178,0.2178,PASS_ALL_LE_0_30,222,460,239,UNIPROT_PROSITE_NR_LBD,UNIPROT_CANONICAL_1_BASED_INCLUSIVE,239,1.0,NEAR_COMPLETE_LBD,True,78.0,1.0,False,,True,PROJECT_PREFILTER_PASS,[]
P55055,NR1H2,LXRβ,Nutritional sensors,4RAK,4RAK_1,1,"[""X-RAY DIFFRACTION""]",True,[2.04],2.04,2.04,PASS_PROJECT_RANGE,[0.27068],0.27068,0.27068,PASS_ALL_LE_0_30,222,460,239,UNIPROT_PROSITE_NR_LBD,UNIPROT_CANONICAL_1_BASED_INCLUSIVE,239,1.0,NEAR_COMPLETE_LBD,True,0.0,0.0,False,,True,PROJECT_PREFILTER_PASS,[]
P55055,NR1H2,LXRβ,Nutritional sensors,5HJP,5HJP_2,2,"[""X-RAY DIFFRACTION""]",True,[2.6],2.6,2.6,PASS_PROJECT_RANGE,[0.2826],0.2826,0.2826,PASS_ALL_LE_0_30,222,460,239,UNIPROT_PROSITE_NR_LBD,UNIPROT_CANONICAL_1_BASED_INCLUSIVE,239,1.0,NEAR_COMPLETE_LBD,True,0.0,0.0,False,,True,PROJECT_PREFILTER_PASS,[]
P55055,NR1H2,LXRβ,Nutritional sensors,5I4V,5I4V_1,1,"[""X-RAY DIFFRACTION""]",True,[2.61],2.61,2.61,PASS_PROJECT_RANGE,[0.24815],0.24815,0.24815,PASS_ALL_LE_0_30,222,460,239,UNIPROT_PROSITE_NR_LBD,UNIPROT_CANONICAL_1_BASED_INCLUSIVE,239,1.0,NEAR_COMPLETE_LBD,True,0.0,0.0,True,,True,PROJECT_PREFILTER_PASS,[]
P55055,NR1H2,LXRβ,Nutritional sensors,5JY3,5JY3_1,1,"[""X-RAY DIFFRACTION""]",True,[2.4],2.4,2.4,PASS_PROJECT_RANGE,[0.2678],0.2678,0.2678,PASS_ALL_LE_0_30,222,460,239,UNIPROT_PROSITE_NR_LBD,UNIPROT_CANONICAL_1_BASED_INCLUSIVE,239,1.0,NEAR_COMPLETE_LBD,True,0.0,0.0,False,,True,PROJECT_PREFILTER_PASS,[]
P55055,NR1H2,LXRβ,Nutritional sensors,5KYA,5KYA_1,1,"[""X-RAY DIFFRACTION""]",True,[2.598],2.598,2.598,PASS_PROJECT_RANGE,[0.24851],0.24851,0.24851,PASS_ALL_LE_0_30,222,460,239,UNIPROT_PROSITE_NR_LBD,UNIPROT_CANONICAL_1_BASED_INCLUSIVE,239,1.0,NEAR_COMPLETE_LBD,True,0.0,0.0,False,,True,PROJECT_PREFILTER_PASS,[]
P55055,NR1H2,LXRβ,Nutritional sensors,5KYJ,5KYJ_1,1,"[""X-RAY DIFFRACTION""]",True,[2.8],2.8,2.8,PASS_PROJECT_RANGE,[0.2528],0.2528,0.2528,PASS_ALL_LE_0_30,222,460,239,UNIPROT_PROSITE_NR_LBD,UNIPROT_CANONICAL_1_BASED_INCLUSIVE,239,1.0,NEAR_COMPLETE_LBD,True,0.0,0.0,False,,True,PROJECT_PREFILTER_PASS,[]
P55055,NR1H2,LXRβ,Nutritional sensors,6JIO,6JIO_1,1,"[""X-RAY DIFFRACTION""]",True,[2.6],2.6,2.6,PASS_PROJECT_RANGE,[0.28478],0.28478,0.28478,PASS_ALL_LE_0_30,222,460,239,UNIPROT_PROSITE_NR_LBD,UNIPROT_CANONICAL_1_BASED_INCLUSIVE,239,1.0,NEAR_COMPLETE_LBD,True,0.0,0.0,False,,True,PROJECT_PREFILTER_PASS,[]
P55055,NR1H2,LXRβ,Nutritional sensors,6K9G,6K9G_1,1,"[""X-RAY DIFFRACTION""]",True,[2.8],2.8,2.8,PASS_PROJECT_RANGE,[0.2811],0.2811,0.2811,PASS_ALL_LE_0_30,222,460,239,UNIPROT_PROSITE_NR_LBD,UNIPROT_CANONICAL_1_BASED_INCLUSIVE,239,1.0,NEAR_COMPLETE_LBD,True,0.0,0.0,False,,True,PROJECT_PREFILTER_PASS,[]
P55055,NR1H2,LXRβ,Nutritional sensors,6K9H,6K9H_1,1,"[""X-RAY DIFFRACTION""]",True,[2.5],2.5,2.5,PASS_PROJECT_RANGE,[0.28738],0.28738,0.28738,PASS_ALL_LE_0_30,222,460,239,UNIPROT_PROSITE_NR_LBD,UNIPROT_CANONICAL_1_BASED_INCLUSIVE,239,1.0,NEAR_COMPLETE_LBD,True,0.0,0.0,False,,True,PROJECT_PREFILTER_PASS,[]
P55055,NR1H2,LXRβ,Nutritional sensors,6K9M,6K9M_1,1,"[""X-RAY DIFFRACTION""]",True,[2.9],2.9,2.9,PASS_PROJECT_RANGE,[0.27963],0.27963,0.27963,PASS_ALL_LE_0_30,222,460,239,UNIPROT_PROSITE_NR_LBD,UNIPROT_CANONICAL_1_BASED_INCLUSIVE,239,1.0,NEAR_COMPLETE_LBD,True,0.0,0.0,False,,True,PROJECT_PREFILTER_PASS,[]
P55055,NR1H2,LXRβ,Nutritional sensors,6S4N,6S4N_1,1,"[""X-RAY DIFFRACTION""]",True,[1.9],1.9,1.9,PASS_PROJECT_RANGE,[0.245],0.245,0.245,PASS_ALL_LE_0_30,222,460,239,UNIPROT_PROSITE_NR_LBD,UNIPROT_CANONICAL_1_BASED_INCLUSIVE,239,1.0,NEAR_COMPLETE_LBD,True,0.0,0.0,False,,True,PROJECT_PREFILTER_PASS,[]
P55055,NR1H2,LXRβ,Nutritional sensors,6S4T,6S4T_1,1,"[""X-RAY DIFFRACTION""]",True,[2.0],2.0,2.0,PASS_PROJECT_RANGE,[0.2381],0.2381,0.2381,PASS_ALL_LE_0_30,222,460,239,UNIPROT_PROSITE_NR_LBD,UNIPROT_CANONICAL_1_BASED_INCLUSIVE,239,1.0,NEAR_COMPLETE_LBD,True,0.0,0.0,False,,True,PROJECT_PREFILTER_PASS,[]
P55055,NR1H2,LXRβ,Nutritional sensors,6S4U,6S4U_1,1,"[""X-RAY DIFFRACTION""]",True,[2.81],2.81,2.81,PASS_PROJECT_RANGE,[0.2798],0.2798,0.2798,PASS_ALL_LE_0_30,222,460,239,UNIPROT_PROSITE_NR_LBD,UNIPROT_CANONICAL_1_BASED_INCLUSIVE,239,1.0,NEAR_COMPLETE_LBD,True,0.0,0.0,False,,True,PROJECT_PREFILTER_PASS,[]
P55055,NR1H2,LXRβ,Nutritional sensors,6S5K,6S5K_1,1,"[""X-RAY DIFFRACTION""]",True,[1.6],1.6,1.6,ULTRAHIGH_LT_1_8,[0.2142],0.2142,0.2142,PASS_ALL_LE_0_30,222,460,239,UNIPROT_PROSITE_NR_LBD,UNIPROT_CANONICAL_1_BASED_INCLUSIVE,239,1.0,NEAR_COMPLETE_LBD,True,0.0,0.0,False,,False,RESOLUTION_REVIEW,"[""RESOLUTION_REVIEW""]"
P22736,NR4A1,NUR77,Nutritional sensors,2QW4,2QW4_1,1,"[""X-RAY DIFFRACTION""]",True,[2.8],2.8,2.8,PASS_PROJECT_RANGE,[0.292],0.292,0.292,PASS_ALL_LE_0_30,360,595,236,UNIPROT_PROSITE_NR_LBD,UNIPROT_CANONICAL_1_BASED_INCLUSIVE,236,1.0,NEAR_COMPLETE_LBD,True,0.0,0.0,False,,True,PROJECT_PREFILTER_PASS,[]
P22736,NR4A1,NUR77,Nutritional sensors,3V3E,3V3E_1,1,"[""X-RAY DIFFRACTION""]",True,[2.06],2.06,2.06,PASS_PROJECT_RANGE,[0.265],0.265,0.265,PASS_ALL_LE_0_30,360,595,236,UNIPROT_PROSITE_NR_LBD,UNIPROT_CANONICAL_1_BASED_INCLUSIVE,236,1.0,NEAR_COMPLETE_LBD,True,0.0,0.0,False,,True,PROJECT_PREFILTER_PASS,[]
P22736,NR4A1,NUR77,Nutritional sensors,3V3Q,3V3Q_1,1,"[""X-RAY DIFFRACTION""]",True,[2.22],2.22,2.22,PASS_PROJECT_RANGE,[0.2862],0.2862,0.2862,PASS_ALL_LE_0_30,360,595,236,UNIPROT_PROSITE_NR_LBD,UNIPROT_CANONICAL_1_BASED_INCLUSIVE,236,1.0,NEAR_COMPLETE_LBD,True,0.0,0.0,False,,True,PROJECT_PREFILTER_PASS,[]
P22736,NR4A1,NUR77,Nutritional sensors,4JGV,4JGV_1,1,"[""X-RAY DIFFRACTION""]",True,[3.01],3.01,3.01,PASS_PROJECT_RANGE,[0.25587],0.25587,0.25587,PASS_ALL_LE_0_30,360,595,236,UNIPROT_PROSITE_NR_LBD,UNIPROT_CANONICAL_1_BASED_INCLUSIVE,236,1.0,NEAR_COMPLETE_LBD,True,0.0,0.0,False,,True,PROJECT_PREFILTER_PASS,[]
P22736,NR4A1,NUR77,Nutritional sensors,4KZI,4KZI_1,1,"[""X-RAY DIFFRACTION""]",True,[2.41],2.41,2.41,PASS_PROJECT_RANGE,[0.2486],0.2486,0.2486,PASS_ALL_LE_0_30,360,595,236,UNIPROT_PROSITE_NR_LBD,UNIPROT_CANONICAL_1_BASED_INCLUSIVE,236,1.0,NEAR_COMPLETE_LBD,True,0.0,0.0,False,,True,PROJECT_PREFILTER_PASS,[]
P22736,NR4A1,NUR77,Nutritional sensors,4KZJ,4KZJ_1,1,"[""X-RAY DIFFRACTION""]",True,[2.12],2.12,2.12,PASS_PROJECT_RANGE,[0.2504],0.2504,0.2504,PASS_ALL_LE_0_30,360,595,236,UNIPROT_PROSITE_NR_LBD,UNIPROT_CANONICAL_1_BASED_INCLUSIVE,236,1.0,NEAR_COMPLETE_LBD,True,0.0,0.0,False,,True,PROJECT_PREFILTER_PASS,[]
P22736,NR4A1,NUR77,Nutritional sensors,4KZM,4KZM_1,1,"[""X-RAY DIFFRACTION""]",True,[2.3],2.3,2.3,PASS_PROJECT_RANGE,[0.2481],0.2481,0.2481,PASS_ALL_LE_0_30,360,595,236,UNIPROT_PROSITE_NR_LBD,UNIPROT_CANONICAL_1_BASED_INCLUSIVE,236,1.0,NEAR_COMPLETE_LBD,True,0.0,0.0,False,,True,PROJECT_PREFILTER_PASS,[]
P22736,NR4A1,NUR77,Nutritional sensors,4RE8,4RE8_1,1,"[""X-RAY DIFFRACTION""]",True,[2.16],2.16,2.16,PASS_PROJECT_RANGE,[0.26862],0.26862,0.26862,PASS_ALL_LE_0_30,360,595,236,UNIPROT_PROSITE_NR_LBD,UNIPROT_CANONICAL_1_BASED_INCLUSIVE,236,1.0,NEAR_COMPLETE_LBD,True,0.0,0.0,False,,True,PROJECT_PREFILTER_PASS,[]
P22736,NR4A1,NUR77,Nutritional sensors,4REE,4REE_1,1,"[""X-RAY DIFFRACTION""]",True,[2.37],2.37,2.37,PASS_PROJECT_RANGE,[0.24114],0.24114,0.24114,PASS_ALL_LE_0_30,360,595,236,UNIPROT_PROSITE_NR_LBD,UNIPROT_CANONICAL_1_BASED_INCLUSIVE,236,1.0,NEAR_COMPLETE_LBD,True,0.0,0.0,False,,True,PROJECT_PREFILTER_PASS,[]
P22736,NR4A1,NUR77,Nutritional sensors,4REF,4REF_1,1,"[""X-RAY DIFFRACTION""]",True,[2.1],2.1,2.1,PASS_PROJECT_RANGE,[0.22974],0.22974,0.22974,PASS_ALL_LE_0_30,360,595,236,UNIPROT_PROSITE_NR_LBD,UNIPROT_CANONICAL_1_BASED_INCLUSIVE,236,1.0,NEAR_COMPLETE_LBD,True,0.0,0.0,False,,True,PROJECT_PREFILTER_PASS,[]
P22736,NR4A1,NUR77,Nutritional sensors,4RZE,4RZE_1,1,"[""X-RAY DIFFRACTION""]",True,[2.49],2.49,2.49,PASS_PROJECT_RANGE,[0.30895],0.30895,0.30895,FAIL_ALL_GT_0_30,360,595,236,UNIPROT_PROSITE_NR_LBD,UNIPROT_CANONICAL_1_BASED_INCLUSIVE,236,1.0,NEAR_COMPLETE_LBD,True,0.0,0.0,False,,False,RFREE_REVIEW,"[""RFREE_REVIEW""]"
P22736,NR4A1,NUR77,Nutritional sensors,4RZF,4RZF_1,1,"[""X-RAY DIFFRACTION""]",True,[1.99],1.99,1.99,PASS_PROJECT_RANGE,[0.22732],0.22732,0.22732,PASS_ALL_LE_0_30,360,595,236,UNIPROT_PROSITE_NR_LBD,UNIPROT_CANONICAL_1_BASED_INCLUSIVE,236,1.0,NEAR_COMPLETE_LBD,True,0.0,0.0,False,,True,PROJECT_PREFILTER_PASS,[]
P22736,NR4A1,NUR77,Nutritional sensors,4RZG,4RZG_1,1,"[""X-RAY DIFFRACTION""]",True,[2.7],2.7,2.7,PASS_PROJECT_RANGE,[0.2696],0.2696,0.2696,PASS_ALL_LE_0_30,360,595,236,UNIPROT_PROSITE_NR_LBD,UNIPROT_CANONICAL_1_BASED_INCLUSIVE,236,1.0,NEAR_COMPLETE_LBD,True,0.0,0.0,False,,True,PROJECT_PREFILTER_PASS,[]
P22736,NR4A1,NUR77,Nutritional sensors,4WHF,4WHF_1,1,"[""X-RAY DIFFRACTION""]",True,[2.27],2.27,2.27,PASS_PROJECT_RANGE,[0.26786],0.26786,0.26786,PASS_ALL_LE_0_30,360,595,236,UNIPROT_PROSITE_NR_LBD,UNIPROT_CANONICAL_1_BASED_INCLUSIVE,236,1.0,NEAR_COMPLETE_LBD,True,0.0,0.0,False,,True,PROJECT_PREFILTER_PASS,[]
P22736,NR4A1,NUR77,Nutritional sensors,4WHG,4WHG_1,1,"[""X-RAY DIFFRACTION""]",True,[2.18],2.18,2.18,PASS_PROJECT_RANGE,[0.2347],0.2347,0.2347,PASS_ALL_LE_0_30,360,595,236,UNIPROT_PROSITE_NR_LBD,UNIPROT_CANONICAL_1_BASED_INCLUSIVE,236,1.0,NEAR_COMPLETE_LBD,True,0.0,0.0,False,,True,PROJECT_PREFILTER_PASS,[]
P22736,NR4A1,NUR77,Nutritional sensors,6KZ5,6KZ5_1,1,"[""X-RAY DIFFRACTION""]",True,[4.45],4.45,4.45,TOO_LOW_RESOLUTION_GT_3_5,[0.3079],0.3079,0.3079,FAIL_ALL_GT_0_30,360,595,236,UNIPROT_PROSITE_NR_LBD,UNIPROT_CANONICAL_1_BASED_INCLUSIVE,236,1.0,NEAR_COMPLETE_LBD,True,0.0,0.0,False,,False,MULTIPLE_REASONS,"[""RESOLUTION_REVIEW"", ""RFREE_REVIEW""]"
P22736,NR4A1,NUR77,Nutritional sensors,6LC1,6LC1_2,2,"[""X-RAY DIFFRACTION""]",True,[3.12],3.12,3.12,PASS_PROJECT_RANGE,[0.2676],0.2676,0.2676,PASS_ALL_LE_0_30,360,595,236,UNIPROT_PROSITE_NR_LBD,UNIPROT_CANONICAL_1_BASED_INCLUSIVE,0,0.0,NO_LBD_OVERLAP,False,75.0,0.986842,False,,False,NO_LBD_OVERLAP,"[""NO_LBD_OVERLAP""]"
P22736,NR4A1,NUR77,Nutritional sensors,8WUY,8WUY_1,1,"[""X-RAY DIFFRACTION""]",True,[2.6],2.6,2.6,PASS_PROJECT_RANGE,[0.2426],0.2426,0.2426,PASS_ALL_LE_0_30,360,595,236,UNIPROT_PROSITE_NR_LBD,UNIPROT_CANONICAL_1_BASED_INCLUSIVE,236,1.0,NEAR_COMPLETE_LBD,True,0.0,0.0,False,,True,PROJECT_PREFILTER_PASS,[]
P22736,NR4A1,NUR77,Nutritional sensors,8Y7L,8Y7L_1,1,"[""X-RAY DIFFRACTION""]",True,[2.683],2.683,2.683,PASS_PROJECT_RANGE,[0.2425],0.2425,0.2425,PASS_ALL_LE_0_30,360,595,236,UNIPROT_PROSITE_NR_LBD,UNIPROT_CANONICAL_1_BASED_INCLUSIVE,235,0.995763,NEAR_COMPLETE_LBD,True,0.0,0.0,False,,True,PROJECT_PREFILTER_PASS,[]
P22736,NR4A1,NUR77,Nutritional sensors,8Z5A,8Z5A_1,1,"[""X-RAY DIFFRACTION""]",True,[2.179],2.179,2.179,PASS_PROJECT_RANGE,[0.2738],0.2738,0.2738,PASS_ALL_LE_0_30,360,595,236,UNIPROT_PROSITE_NR_LBD,UNIPROT_CANONICAL_1_BASED_INCLUSIVE,236,1.0,NEAR_COMPLETE_LBD,True,0.0,0.0,False,,True,PROJECT_PREFILTER_PASS,[]
P22736,NR4A1,NUR77,Nutritional sensors,9M2E,9M2E_1,1,"[""X-RAY DIFFRACTION""]",True,[2.575],2.575,2.575,PASS_PROJECT_RANGE,[0.2655],0.2655,0.2655,PASS_ALL_LE_0_30,360,595,236,UNIPROT_PROSITE_NR_LBD,UNIPROT_CANONICAL_1_BASED_INCLUSIVE,236,1.0,NEAR_COMPLETE_LBD,True,0.0,0.0,False,,True,PROJECT_PREFILTER_PASS,[]
P22736,NR4A1,NUR77,Nutritional sensors,9V5K,9V5K_1,1,"[""X-RAY DIFFRACTION""]",True,[2.37],2.37,2.37,PASS_PROJECT_RANGE,[0.2618],0.2618,0.2618,PASS_ALL_LE_0_30,360,595,236,UNIPROT_PROSITE_NR_LBD,UNIPROT_CANONICAL_1_BASED_INCLUSIVE,235,0.995763,NEAR_COMPLETE_LBD,True,0.0,0.0,False,,True,PROJECT_PREFILTER_PASS,[]
P43354,NR4A2,NURR1,Nutritional sensors,1OVL,1OVL_1,1,"[""X-RAY DIFFRACTION""]",True,[2.2],2.2,2.2,PASS_PROJECT_RANGE,[0.259],0.259,0.259,PASS_ALL_LE_0_30,360,595,236,UNIPROT_PROSITE_NR_LBD,UNIPROT_CANONICAL_1_BASED_INCLUSIVE,236,1.0,NEAR_COMPLETE_LBD,True,8.0,0.105263,False,,True,PROJECT_PREFILTER_PASS,[]
P43354,NR4A2,NURR1,Nutritional sensors,1OVL,1OVL_2,2,"[""X-RAY DIFFRACTION""]",True,[2.2],2.2,2.2,PASS_PROJECT_RANGE,[0.259],0.259,0.259,PASS_ALL_LE_0_30,360,595,236,UNIPROT_PROSITE_NR_LBD,UNIPROT_CANONICAL_1_BASED_INCLUSIVE,236,1.0,NEAR_COMPLETE_LBD,True,8.0,0.105263,False,,True,PROJECT_PREFILTER_PASS,[]
P43354,NR4A2,NURR1,Nutritional sensors,5Y41,5Y41_1,1,"[""X-RAY DIFFRACTION""]",True,[2.05],2.05,2.05,PASS_PROJECT_RANGE,[0.25288],0.25288,0.25288,PASS_ALL_LE_0_30,360,595,236,UNIPROT_PROSITE_NR_LBD,UNIPROT_CANONICAL_1_BASED_INCLUSIVE,236,1.0,NEAR_COMPLETE_LBD,True,8.0,0.105263,False,,True,PROJECT_PREFILTER_PASS,[]
P43354,NR4A2,NURR1,Nutritional sensors,5YD6,5YD6_1,1,"[""X-RAY DIFFRACTION""]",True,[2.34],2.34,2.34,PASS_PROJECT_RANGE,[0.26863],0.26863,0.26863,PASS_ALL_LE_0_30,360,595,236,UNIPROT_PROSITE_NR_LBD,UNIPROT_CANONICAL_1_BASED_INCLUSIVE,236,1.0,NEAR_COMPLETE_LBD,True,8.0,0.105263,False,,True,PROJECT_PREFILTER_PASS,[]
P43354,NR4A2,NURR1,Nutritional sensors,6DDA,6DDA_1,1,"[""X-RAY DIFFRACTION""]",True,[3.2],3.2,3.2,PASS_PROJECT_RANGE,[0.2945],0.2945,0.2945,PASS_ALL_LE_0_30,360,595,236,UNIPROT_PROSITE_NR_LBD,UNIPROT_CANONICAL_1_BASED_INCLUSIVE,236,1.0,NEAR_COMPLETE_LBD,True,8.0,0.105263,False,,True,PROJECT_PREFILTER_PASS,[]
P43354,NR4A2,NURR1,Nutritional sensors,6DDA,6DDA_2,2,"[""X-RAY DIFFRACTION""]",True,[3.2],3.2,3.2,PASS_PROJECT_RANGE,[0.2945],0.2945,0.2945,PASS_ALL_LE_0_30,360,595,236,UNIPROT_PROSITE_NR_LBD,UNIPROT_CANONICAL_1_BASED_INCLUSIVE,236,1.0,NEAR_COMPLETE_LBD,True,8.0,0.105263,False,,True,PROJECT_PREFILTER_PASS,[]
P43354,NR4A2,NURR1,Nutritional sensors,6L6L,6L6L_1,1,"[""X-RAY DIFFRACTION""]",True,[2.781],2.781,2.781,PASS_PROJECT_RANGE,[0.252],0.252,0.252,PASS_ALL_LE_0_30,360,595,236,UNIPROT_PROSITE_NR_LBD,UNIPROT_CANONICAL_1_BASED_INCLUSIVE,0,0.0,NO_LBD_OVERLAP,False,74.0,0.973684,False,,False,NO_LBD_OVERLAP,"[""NO_LBD_OVERLAP""]"
P43354,NR4A2,NURR1,Nutritional sensors,6L6Q,6L6Q_1,1,"[""X-RAY DIFFRACTION""]",True,[2.601],2.601,2.601,PASS_PROJECT_RANGE,[0.2892],0.2892,0.2892,PASS_ALL_LE_0_30,360,595,236,UNIPROT_PROSITE_NR_LBD,UNIPROT_CANONICAL_1_BASED_INCLUSIVE,0,0.0,NO_LBD_OVERLAP,False,74.0,0.973684,False,,False,NO_LBD_OVERLAP,"[""NO_LBD_OVERLAP""]"
P43354,NR4A2,NURR1,Nutritional sensors,7WNH,7WNH_1,1,"[""X-RAY DIFFRACTION""]",True,[3.1],3.1,3.1,PASS_PROJECT_RANGE,[0.2671],0.2671,0.2671,PASS_ALL_LE_0_30,360,595,236,UNIPROT_PROSITE_NR_LBD,UNIPROT_CANONICAL_1_BASED_INCLUSIVE,236,1.0,NEAR_COMPLETE_LBD,True,76.0,1.0,False,,True,PROJECT_PREFILTER_PASS,[]
P43354,NR4A2,NURR1,Nutritional sensors,8CYO,8CYO_1,1,"[""X-RAY DIFFRACTION""]",True,[2.41],2.41,2.41,PASS_PROJECT_RANGE,[0.249],0.249,0.249,PASS_ALL_LE_0_30,360,595,236,UNIPROT_PROSITE_NR_LBD,UNIPROT_CANONICAL_1_BASED_INCLUSIVE,233,0.987288,NEAR_COMPLETE_LBD,True,0.0,0.0,False,,True,PROJECT_PREFILTER_PASS,[]
Q07869,NR1C1,PPARα,Nutritional sensors,1I7G,1I7G_1,1,"[""X-RAY DIFFRACTION""]",True,[2.2],2.2,2.2,PASS_PROJECT_RANGE,[0.271],0.271,0.271,PASS_ALL_LE_0_30,239,466,228,UNIPROT_PROSITE_NR_LBD,UNIPROT_CANONICAL_1_BASED_INCLUSIVE,228,1.0,NEAR_COMPLETE_LBD,True,0.0,0.0,False,,True,PROJECT_PREFILTER_PASS,[]
Q07869,NR1C1,PPARα,Nutritional sensors,1K7L,1K7L_1,1,"[""X-RAY DIFFRACTION""]",True,[2.5],2.5,2.5,PASS_PROJECT_RANGE,[0.284],0.284,0.284,PASS_ALL_LE_0_30,239,466,228,UNIPROT_PROSITE_NR_LBD,UNIPROT_CANONICAL_1_BASED_INCLUSIVE,228,1.0,NEAR_COMPLETE_LBD,True,0.0,0.0,False,,True,PROJECT_PREFILTER_PASS,[]
Q07869,NR1C1,PPARα,Nutritional sensors,1KKQ,1KKQ_1,1,"[""X-RAY DIFFRACTION""]",True,[3.0],3.0,3.0,PASS_PROJECT_RANGE,[0.29],0.29,0.29,PASS_ALL_LE_0_30,239,466,228,UNIPROT_PROSITE_NR_LBD,UNIPROT_CANONICAL_1_BASED_INCLUSIVE,228,1.0,NEAR_COMPLETE_LBD,True,0.0,0.0,False,,True,PROJECT_PREFILTER_PASS,[]
Q07869,NR1C1,PPARα,Nutritional sensors,2NPA,2NPA_1,1,"[""X-RAY DIFFRACTION""]",True,[2.3],2.3,2.3,PASS_PROJECT_RANGE,[0.26],0.26,0.26,PASS_ALL_LE_0_30,239,466,228,UNIPROT_PROSITE_NR_LBD,UNIPROT_CANONICAL_1_BASED_INCLUSIVE,228,1.0,NEAR_COMPLETE_LBD,True,0.0,0.0,False,,True,PROJECT_PREFILTER_PASS,[]
Q07869,NR1C1,PPARα,Nutritional sensors,2P54,2P54_1,1,"[""X-RAY DIFFRACTION""]",True,[1.79],1.79,1.79,ULTRAHIGH_LT_1_8,[0.227],0.227,0.227,PASS_ALL_LE_0_30,239,466,228,UNIPROT_PROSITE_NR_LBD,UNIPROT_CANONICAL_1_BASED_INCLUSIVE,228,1.0,NEAR_COMPLETE_LBD,True,0.0,0.0,False,,False,RESOLUTION_REVIEW,"[""RESOLUTION_REVIEW""]"
Q07869,NR1C1,PPARα,Nutritional sensors,2REW,2REW_1,1,"[""X-RAY DIFFRACTION""]",True,[2.35],2.35,2.35,PASS_PROJECT_RANGE,[0.245],0.245,0.245,PASS_ALL_LE_0_30,239,466,228,UNIPROT_PROSITE_NR_LBD,UNIPROT_CANONICAL_1_BASED_INCLUSIVE,228,1.0,NEAR_COMPLETE_LBD,True,0.0,0.0,False,,True,PROJECT_PREFILTER_PASS,[]
Q07869,NR1C1,PPARα,Nutritional sensors,2ZNN,2ZNN_1,1,"[""X-RAY DIFFRACTION""]",True,[2.01],2.01,2.01,PASS_PROJECT_RANGE,[0.253],0.253,0.253,PASS_ALL_LE_0_30,239,466,228,UNIPROT_PROSITE_NR_LBD,UNIPROT_CANONICAL_1_BASED_INCLUSIVE,228,1.0,NEAR_COMPLETE_LBD,True,0.0,0.0,False,,True,PROJECT_PREFILTER_PASS,[]
Q07869,NR1C1,PPARα,Nutritional sensors,3ET1,3ET1_1,1,"[""X-RAY DIFFRACTION""]",True,[2.5],2.5,2.5,PASS_PROJECT_RANGE,[0.258],0.258,0.258,PASS_ALL_LE_0_30,239,466,228,UNIPROT_PROSITE_NR_LBD,UNIPROT_CANONICAL_1_BASED_INCLUSIVE,228,1.0,NEAR_COMPLETE_LBD,True,0.0,0.0,False,,True,PROJECT_PREFILTER_PASS,[]
Q07869,NR1C1,PPARα,Nutritional sensors,3FEI,3FEI_1,1,"[""X-RAY DIFFRACTION""]",True,[2.4],2.4,2.4,PASS_PROJECT_RANGE,[0.25972],0.25972,0.25972,PASS_ALL_LE_0_30,239,466,228,UNIPROT_PROSITE_NR_LBD,UNIPROT_CANONICAL_1_BASED_INCLUSIVE,228,1.0,NEAR_COMPLETE_LBD,True,0.0,0.0,False,,True,PROJECT_PREFILTER_PASS,[]
Q07869,NR1C1,PPARα,Nutritional sensors,3G8I,3G8I_1,1,"[""X-RAY DIFFRACTION""]",True,[2.2],2.2,2.2,PASS_PROJECT_RANGE,[0.26149],0.26149,0.26149,PASS_ALL_LE_0_30,239,466,228,UNIPROT_PROSITE_NR_LBD,UNIPROT_CANONICAL_1_BASED_INCLUSIVE,228,1.0,NEAR_COMPLETE_LBD,True,0.0,0.0,False,,True,PROJECT_PREFILTER_PASS,[]
Q07869,NR1C1,PPARα,Nutritional sensors,3KDT,3KDT_1,1,"[""X-RAY DIFFRACTION""]",True,[2.7],2.7,2.7,PASS_PROJECT_RANGE,[0.316],0.316,0.316,FAIL_ALL_GT_0_30,239,466,228,UNIPROT_PROSITE_NR_LBD,UNIPROT_CANONICAL_1_BASED_INCLUSIVE,228,1.0,NEAR_COMPLETE_LBD,True,0.0,0.0,False,,False,RFREE_REVIEW,"[""RFREE_REVIEW""]"
Q07869,NR1C1,PPARα,Nutritional sensors,3KDU,3KDU_1,1,"[""X-RAY DIFFRACTION""]",True,[2.07],2.07,2.07,PASS_PROJECT_RANGE,[0.239],0.239,0.239,PASS_ALL_LE_0_30,239,466,228,UNIPROT_PROSITE_NR_LBD,UNIPROT_CANONICAL_1_BASED_INCLUSIVE,228,1.0,NEAR_COMPLETE_LBD,True,0.0,0.0,False,,True,PROJECT_PREFILTER_PASS,[]
Q07869,NR1C1,PPARα,Nutritional sensors,3SP6,3SP6_1,1,"[""X-RAY DIFFRACTION""]",True,[2.21],2.21,2.21,PASS_PROJECT_RANGE,[0.2388],0.2388,0.2388,PASS_ALL_LE_0_30,239,466,228,UNIPROT_PROSITE_NR_LBD,UNIPROT_CANONICAL_1_BASED_INCLUSIVE,228,1.0,NEAR_COMPLETE_LBD,True,0.0,0.0,False,,True,PROJECT_PREFILTER_PASS,[]
Q07869,NR1C1,PPARα,Nutritional sensors,3VI8,3VI8_1,1,"[""X-RAY DIFFRACTION""]",True,[1.75],1.75,1.75,ULTRAHIGH_LT_1_8,[0.249],0.249,0.249,PASS_ALL_LE_0_30,239,466,228,UNIPROT_PROSITE_NR_LBD,UNIPROT_CANONICAL_1_BASED_INCLUSIVE,228,1.0,NEAR_COMPLETE_LBD,True,0.0,0.0,False,,False,RESOLUTION_REVIEW,"[""RESOLUTION_REVIEW""]"
Q07869,NR1C1,PPARα,Nutritional sensors,4BCR,4BCR_1,1,"[""X-RAY DIFFRACTION""]",True,[2.497],2.497,2.497,PASS_PROJECT_RANGE,[0.2157],0.2157,0.2157,PASS_ALL_LE_0_30,239,466,228,UNIPROT_PROSITE_NR_LBD,UNIPROT_CANONICAL_1_BASED_INCLUSIVE,228,1.0,NEAR_COMPLETE_LBD,True,0.0,0.0,False,,True,PROJECT_PREFILTER_PASS,[]
Q07869,NR1C1,PPARα,Nutritional sensors,4CI4,4CI4_1,1,"[""X-RAY DIFFRACTION""]",True,[2.302],2.302,2.302,PASS_PROJECT_RANGE,[0.2579],0.2579,0.2579,PASS_ALL_LE_0_30,239,466,228,UNIPROT_PROSITE_NR_LBD,UNIPROT_CANONICAL_1_BASED_INCLUSIVE,228,1.0,NEAR_COMPLETE_LBD,True,0.0,0.0,False,,True,PROJECT_PREFILTER_PASS,[]
Q07869,NR1C1,PPARα,Nutritional sensors,5AZT,5AZT_1,1,"[""X-RAY DIFFRACTION""]",True,[3.45],3.45,3.45,PASS_PROJECT_RANGE,[0.30763],0.30763,0.30763,FAIL_ALL_GT_0_30,239,466,228,UNIPROT_PROSITE_NR_LBD,UNIPROT_CANONICAL_1_BASED_INCLUSIVE,228,1.0,NEAR_COMPLETE_LBD,True,0.0,0.0,False,,False,RFREE_REVIEW,"[""RFREE_REVIEW""]"
Q07869,NR1C1,PPARα,Nutritional sensors,5HYK,5HYK_1,1,"[""X-RAY DIFFRACTION""]",True,[1.83],1.83,1.83,PASS_PROJECT_RANGE,[0.2618],0.2618,0.2618,PASS_ALL_LE_0_30,239,466,228,UNIPROT_PROSITE_NR_LBD,UNIPROT_CANONICAL_1_BASED_INCLUSIVE,228,1.0,NEAR_COMPLETE_LBD,True,0.0,0.0,False,,True,PROJECT_PREFILTER_PASS,[]
Q07869,NR1C1,PPARα,Nutritional sensors,6KAX,6KAX_1,1,"[""X-RAY DIFFRACTION""]",True,[1.23],1.23,1.23,ULTRAHIGH_LT_1_8,[0.2032],0.2032,0.2032,PASS_ALL_LE_0_30,239,466,228,UNIPROT_PROSITE_NR_LBD,UNIPROT_CANONICAL_1_BASED_INCLUSIVE,228,1.0,NEAR_COMPLETE_LBD,True,0.0,0.0,False,,False,RESOLUTION_REVIEW,"[""RESOLUTION_REVIEW""]"
Q07869,NR1C1,PPARα,Nutritional sensors,6KAY,6KAY_1,1,"[""X-RAY DIFFRACTION""]",True,[1.735],1.735,1.735,ULTRAHIGH_LT_1_8,[0.2519],0.2519,0.2519,PASS_ALL_LE_0_30,239,466,228,UNIPROT_PROSITE_NR_LBD,UNIPROT_CANONICAL_1_BASED_INCLUSIVE,228,1.0,NEAR_COMPLETE_LBD,True,0.0,0.0,False,,False,RESOLUTION_REVIEW,"[""RESOLUTION_REVIEW""]"
Q07869,NR1C1,PPARα,Nutritional sensors,6KAZ,6KAZ_1,1,"[""X-RAY DIFFRACTION""]",True,[1.48],1.48,1.48,ULTRAHIGH_LT_1_8,[0.1978],0.1978,0.1978,PASS_ALL_LE_0_30,239,466,228,UNIPROT_PROSITE_NR_LBD,UNIPROT_CANONICAL_1_BASED_INCLUSIVE,228,1.0,NEAR_COMPLETE_LBD,True,0.0,0.0,False,,False,RESOLUTION_REVIEW,"[""RESOLUTION_REVIEW""]"
Q07869,NR1C1,PPARα,Nutritional sensors,6KB0,6KB0_1,1,"[""X-RAY DIFFRACTION""]",True,[1.35],1.35,1.35,ULTRAHIGH_LT_1_8,[0.1951],0.1951,0.1951,PASS_ALL_LE_0_30,239,466,228,UNIPROT_PROSITE_NR_LBD,UNIPROT_CANONICAL_1_BASED_INCLUSIVE,228,1.0,NEAR_COMPLETE_LBD,True,0.0,0.0,False,,False,RESOLUTION_REVIEW,"[""RESOLUTION_REVIEW""]"
Q07869,NR1C1,PPARα,Nutritional sensors,6KB1,6KB1_1,1,"[""X-RAY DIFFRACTION""]",True,[1.25],1.25,1.25,ULTRAHIGH_LT_1_8,[0.2042],0.2042,0.2042,PASS_ALL_LE_0_30,239,466,228,UNIPROT_PROSITE_NR_LBD,UNIPROT_CANONICAL_1_BASED_INCLUSIVE,228,1.0,NEAR_COMPLETE_LBD,True,0.0,0.0,False,,False,RESOLUTION_REVIEW,"[""RESOLUTION_REVIEW""]"
Q07869,NR1C1,PPARα,Nutritional sensors,6KB2,6KB2_1,1,"[""X-RAY DIFFRACTION""]",True,[1.95],1.95,1.95,PASS_PROJECT_RANGE,[0.244],0.244,0.244,PASS_ALL_LE_0_30,239,466,228,UNIPROT_PROSITE_NR_LBD,UNIPROT_CANONICAL_1_BASED_INCLUSIVE,228,1.0,NEAR_COMPLETE_LBD,True,0.0,0.0,False,,True,PROJECT_PREFILTER_PASS,[]
Q07869,NR1C1,PPARα,Nutritional sensors,6KB3,6KB3_1,1,"[""X-RAY DIFFRACTION""]",True,[1.45],1.45,1.45,ULTRAHIGH_LT_1_8,[0.208],0.208,0.208,PASS_ALL_LE_0_30,239,466,228,UNIPROT_PROSITE_NR_LBD,UNIPROT_CANONICAL_1_BASED_INCLUSIVE,228,1.0,NEAR_COMPLETE_LBD,True,0.0,0.0,False,,False,RESOLUTION_REVIEW,"[""RESOLUTION_REVIEW""]"
Q07869,NR1C1,PPARα,Nutritional sensors,6KB4,6KB4_1,1,"[""X-RAY DIFFRACTION""]",True,[1.42],1.42,1.42,ULTRAHIGH_LT_1_8,[0.1954],0.1954,0.1954,PASS_ALL_LE_0_30,239,466,228,UNIPROT_PROSITE_NR_LBD,UNIPROT_CANONICAL_1_BASED_INCLUSIVE,228,1.0,NEAR_COMPLETE_LBD,True,0.0,0.0,False,,False,RESOLUTION_REVIEW,"[""RESOLUTION_REVIEW""]"
Q07869,NR1C1,PPARα,Nutritional sensors,6KB5,6KB5_1,1,"[""X-RAY DIFFRACTION""]",True,[1.95],1.95,1.95,PASS_PROJECT_RANGE,[0.221],0.221,0.221,PASS_ALL_LE_0_30,239,466,228,UNIPROT_PROSITE_NR_LBD,UNIPROT_CANONICAL_1_BASED_INCLUSIVE,228,1.0,NEAR_COMPLETE_LBD,True,0.0,0.0,False,,True,PROJECT_PREFILTER_PASS,[]
Q07869,NR1C1,PPARα,Nutritional sensors,6KB6,6KB6_1,1,"[""X-RAY DIFFRACTION""]",True,[1.431],1.431,1.431,ULTRAHIGH_LT_1_8,[0.193],0.193,0.193,PASS_ALL_LE_0_30,239,466,228,UNIPROT_PROSITE_NR_LBD,UNIPROT_CANONICAL_1_BASED_INCLUSIVE,228,1.0,NEAR_COMPLETE_LBD,True,0.0,0.0,False,,False,RESOLUTION_REVIEW,"[""RESOLUTION_REVIEW""]"
Q07869,NR1C1,PPARα,Nutritional sensors,6KB7,6KB7_1,1,"[""X-RAY DIFFRACTION""]",True,[2.14],2.14,2.14,PASS_PROJECT_RANGE,[0.2376],0.2376,0.2376,PASS_ALL_LE_0_30,239,466,228,UNIPROT_PROSITE_NR_LBD,UNIPROT_CANONICAL_1_BASED_INCLUSIVE,228,1.0,NEAR_COMPLETE_LBD,True,0.0,0.0,False,,True,PROJECT_PREFILTER_PASS,[]
Q07869,NR1C1,PPARα,Nutritional sensors,6KB8,6KB8_1,1,"[""X-RAY DIFFRACTION""]",True,[1.47],1.47,1.47,ULTRAHIGH_LT_1_8,[0.2183],0.2183,0.2183,PASS_ALL_LE_0_30,239,466,228,UNIPROT_PROSITE_NR_LBD,UNIPROT_CANONICAL_1_BASED_INCLUSIVE,228,1.0,NEAR_COMPLETE_LBD,True,0.0,0.0,False,,False,RESOLUTION_REVIEW,"[""RESOLUTION_REVIEW""]"
Q07869,NR1C1,PPARα,Nutritional sensors,6KB9,6KB9_1,1,"[""X-RAY DIFFRACTION""]",True,[1.55],1.55,1.55,ULTRAHIGH_LT_1_8,[0.1977],0.1977,0.1977,PASS_ALL_LE_0_30,239,466,228,UNIPROT_PROSITE_NR_LBD,UNIPROT_CANONICAL_1_BASED_INCLUSIVE,228,1.0,NEAR_COMPLETE_LBD,True,0.0,0.0,False,,False,RESOLUTION_REVIEW,"[""RESOLUTION_REVIEW""]"
Q07869,NR1C1,PPARα,Nutritional sensors,6KBA,6KBA_1,1,"[""X-RAY DIFFRACTION""]",True,[1.82],1.82,1.82,PASS_PROJECT_RANGE,[0.2358],0.2358,0.2358,PASS_ALL_LE_0_30,239,466,228,UNIPROT_PROSITE_NR_LBD,UNIPROT_CANONICAL_1_BASED_INCLUSIVE,228,1.0,NEAR_COMPLETE_LBD,True,0.0,0.0,False,,True,PROJECT_PREFILTER_PASS,[]
Q07869,NR1C1,PPARα,Nutritional sensors,6KXX,6KXX_1,1,"[""X-RAY DIFFRACTION""]",True,[1.95],1.95,1.95,PASS_PROJECT_RANGE,[0.2362],0.2362,0.2362,PASS_ALL_LE_0_30,239,466,228,UNIPROT_PROSITE_NR_LBD,UNIPROT_CANONICAL_1_BASED_INCLUSIVE,228,1.0,NEAR_COMPLETE_LBD,True,0.0,0.0,False,,True,PROJECT_PREFILTER_PASS,[]
Q07869,NR1C1,PPARα,Nutritional sensors,6KXY,6KXY_1,1,"[""X-RAY DIFFRACTION""]",True,[2.0],2.0,2.0,PASS_PROJECT_RANGE,[0.2571],0.2571,0.2571,PASS_ALL_LE_0_30,239,466,228,UNIPROT_PROSITE_NR_LBD,UNIPROT_CANONICAL_1_BASED_INCLUSIVE,228,1.0,NEAR_COMPLETE_LBD,True,0.0,0.0,False,,True,PROJECT_PREFILTER_PASS,[]
Q07869,NR1C1,PPARα,Nutritional sensors,6KYP,6KYP_1,1,"[""X-RAY DIFFRACTION""]",True,[2.86],2.86,2.86,PASS_PROJECT_RANGE,[0.2442],0.2442,0.2442,PASS_ALL_LE_0_30,239,466,228,UNIPROT_PROSITE_NR_LBD,UNIPROT_CANONICAL_1_BASED_INCLUSIVE,228,1.0,NEAR_COMPLETE_LBD,True,0.0,0.0,False,,True,PROJECT_PREFILTER_PASS,[]
Q07869,NR1C1,PPARα,Nutritional sensors,6L36,6L36_1,1,"[""X-RAY DIFFRACTION""]",True,[3.301],3.301,3.301,PASS_PROJECT_RANGE,[0.2495],0.2495,0.2495,PASS_ALL_LE_0_30,239,466,228,UNIPROT_PROSITE_NR_LBD,UNIPROT_CANONICAL_1_BASED_INCLUSIVE,228,1.0,NEAR_COMPLETE_LBD,True,0.0,0.0,False,,True,PROJECT_PREFILTER_PASS,[]
Q07869,NR1C1,PPARα,Nutritional sensors,6L37,6L37_1,1,"[""X-RAY DIFFRACTION""]",True,[2.91],2.91,2.91,PASS_PROJECT_RANGE,[0.2476],0.2476,0.2476,PASS_ALL_LE_0_30,239,466,228,UNIPROT_PROSITE_NR_LBD,UNIPROT_CANONICAL_1_BASED_INCLUSIVE,228,1.0,NEAR_COMPLETE_LBD,True,0.0,0.0,False,,True,PROJECT_PREFILTER_PASS,[]
Q07869,NR1C1,PPARα,Nutritional sensors,6L38,6L38_1,1,"[""X-RAY DIFFRACTION""]",True,[2.761],2.761,2.761,PASS_PROJECT_RANGE,[0.2583],0.2583,0.2583,PASS_ALL_LE_0_30,239,466,228,UNIPROT_PROSITE_NR_LBD,UNIPROT_CANONICAL_1_BASED_INCLUSIVE,228,1.0,NEAR_COMPLETE_LBD,True,0.0,0.0,False,,True,PROJECT_PREFILTER_PASS,[]
Q07869,NR1C1,PPARα,Nutritional sensors,6L96,6L96_1,1,"[""X-RAY DIFFRACTION""]",True,[3.2],3.2,3.2,PASS_PROJECT_RANGE,[0.25272],0.25272,0.25272,PASS_ALL_LE_0_30,239,466,228,UNIPROT_PROSITE_NR_LBD,UNIPROT_CANONICAL_1_BASED_INCLUSIVE,228,1.0,NEAR_COMPLETE_LBD,True,0.0,0.0,False,,True,PROJECT_PREFILTER_PASS,[]
Q07869,NR1C1,PPARα,Nutritional sensors,6LX4,6LX4_1,1,"[""X-RAY DIFFRACTION""]",True,[2.13],2.13,2.13,PASS_PROJECT_RANGE,[0.2298],0.2298,0.2298,PASS_ALL_LE_0_30,239,466,228,UNIPROT_PROSITE_NR_LBD,UNIPROT_CANONICAL_1_BASED_INCLUSIVE,228,1.0,NEAR_COMPLETE_LBD,True,0.0,0.0,False,,True,PROJECT_PREFILTER_PASS,[]
Q07869,NR1C1,PPARα,Nutritional sensors,6LX5,6LX5_1,1,"[""X-RAY DIFFRACTION""]",True,[1.87],1.87,1.87,PASS_PROJECT_RANGE,[0.2209],0.2209,0.2209,PASS_ALL_LE_0_30,239,466,228,UNIPROT_PROSITE_NR_LBD,UNIPROT_CANONICAL_1_BASED_INCLUSIVE,228,1.0,NEAR_COMPLETE_LBD,True,0.0,0.0,False,,True,PROJECT_PREFILTER_PASS,[]
Q07869,NR1C1,PPARα,Nutritional sensors,6LX6,6LX6_1,1,"[""X-RAY DIFFRACTION""]",True,[1.3],1.3,1.3,ULTRAHIGH_LT_1_8,[0.1952],0.1952,0.1952,PASS_ALL_LE_0_30,239,466,228,UNIPROT_PROSITE_NR_LBD,UNIPROT_CANONICAL_1_BASED_INCLUSIVE,228,1.0,NEAR_COMPLETE_LBD,True,0.0,0.0,False,,False,RESOLUTION_REVIEW,"[""RESOLUTION_REVIEW""]"
Q07869,NR1C1,PPARα,Nutritional sensors,6LX7,6LX7_1,1,"[""X-RAY DIFFRACTION""]",True,[1.41],1.41,1.41,ULTRAHIGH_LT_1_8,[0.1921],0.1921,0.1921,PASS_ALL_LE_0_30,239,466,228,UNIPROT_PROSITE_NR_LBD,UNIPROT_CANONICAL_1_BASED_INCLUSIVE,228,1.0,NEAR_COMPLETE_LBD,True,0.0,0.0,False,,False,RESOLUTION_REVIEW,"[""RESOLUTION_REVIEW""]"
Q07869,NR1C1,PPARα,Nutritional sensors,6LX8,6LX8_1,1,"[""X-RAY DIFFRACTION""]",True,[1.54],1.54,1.54,ULTRAHIGH_LT_1_8,[0.198],0.198,0.198,PASS_ALL_LE_0_30,239,466,228,UNIPROT_PROSITE_NR_LBD,UNIPROT_CANONICAL_1_BASED_INCLUSIVE,228,1.0,NEAR_COMPLETE_LBD,True,0.0,0.0,False,,False,RESOLUTION_REVIEW,"[""RESOLUTION_REVIEW""]"
Q07869,NR1C1,PPARα,Nutritional sensors,6LX9,6LX9_1,1,"[""X-RAY DIFFRACTION""]",True,[1.4],1.4,1.4,ULTRAHIGH_LT_1_8,[0.1933],0.1933,0.1933,PASS_ALL_LE_0_30,239,466,228,UNIPROT_PROSITE_NR_LBD,UNIPROT_CANONICAL_1_BASED_INCLUSIVE,228,1.0,NEAR_COMPLETE_LBD,True,0.0,0.0,False,,False,RESOLUTION_REVIEW,"[""RESOLUTION_REVIEW""]"
Q07869,NR1C1,PPARα,Nutritional sensors,6LXA,6LXA_1,1,"[""X-RAY DIFFRACTION""]",True,[1.23],1.23,1.23,ULTRAHIGH_LT_1_8,[0.1957],0.1957,0.1957,PASS_ALL_LE_0_30,239,466,228,UNIPROT_PROSITE_NR_LBD,UNIPROT_CANONICAL_1_BASED_INCLUSIVE,228,1.0,NEAR_COMPLETE_LBD,True,0.0,0.0,False,,False,RESOLUTION_REVIEW,"[""RESOLUTION_REVIEW""]"
Q07869,NR1C1,PPARα,Nutritional sensors,6LXB,6LXB_1,1,"[""X-RAY DIFFRACTION""]",True,[2.36],2.36,2.36,PASS_PROJECT_RANGE,[0.239],0.239,0.239,PASS_ALL_LE_0_30,239,466,228,UNIPROT_PROSITE_NR_LBD,UNIPROT_CANONICAL_1_BASED_INCLUSIVE,228,1.0,NEAR_COMPLETE_LBD,True,0.0,0.0,False,,True,PROJECT_PREFILTER_PASS,[]
Q07869,NR1C1,PPARα,Nutritional sensors,6LXC,6LXC_1,1,"[""X-RAY DIFFRACTION""]",True,[2.03],2.03,2.03,PASS_PROJECT_RANGE,[0.2173],0.2173,0.2173,PASS_ALL_LE_0_30,239,466,228,UNIPROT_PROSITE_NR_LBD,UNIPROT_CANONICAL_1_BASED_INCLUSIVE,228,1.0,NEAR_COMPLETE_LBD,True,0.0,0.0,False,,True,PROJECT_PREFILTER_PASS,[]
Q07869,NR1C1,PPARα,Nutritional sensors,7BPY,7BPY_1,1,"[""X-RAY DIFFRACTION""]",True,[2.09],2.09,2.09,PASS_PROJECT_RANGE,[0.2155],0.2155,0.2155,PASS_ALL_LE_0_30,239,466,228,UNIPROT_PROSITE_NR_LBD,UNIPROT_CANONICAL_1_BASED_INCLUSIVE,228,1.0,NEAR_COMPLETE_LBD,True,0.0,0.0,False,,True,PROJECT_PREFILTER_PASS,[]
Q07869,NR1C1,PPARα,Nutritional sensors,7BPZ,7BPZ_1,1,"[""X-RAY DIFFRACTION""]",True,[2.43],2.43,2.43,PASS_PROJECT_RANGE,[0.2421],0.2421,0.2421,PASS_ALL_LE_0_30,239,466,228,UNIPROT_PROSITE_NR_LBD,UNIPROT_CANONICAL_1_BASED_INCLUSIVE,228,1.0,NEAR_COMPLETE_LBD,True,0.0,0.0,False,,True,PROJECT_PREFILTER_PASS,[]
Q07869,NR1C1,PPARα,Nutritional sensors,7BQ0,7BQ0_1,1,"[""X-RAY DIFFRACTION""]",True,[1.771],1.771,1.771,ULTRAHIGH_LT_1_8,[0.2173],0.2173,0.2173,PASS_ALL_LE_0_30,239,466,228,UNIPROT_PROSITE_NR_LBD,UNIPROT_CANONICAL_1_BASED_INCLUSIVE,228,1.0,NEAR_COMPLETE_LBD,True,0.0,0.0,False,,False,RESOLUTION_REVIEW,"[""RESOLUTION_REVIEW""]"
Q07869,NR1C1,PPARα,Nutritional sensors,7BQ1,7BQ1_1,1,"[""X-RAY DIFFRACTION""]",True,[1.521],1.521,1.521,ULTRAHIGH_LT_1_8,[0.2133],0.2133,0.2133,PASS_ALL_LE_0_30,239,466,228,UNIPROT_PROSITE_NR_LBD,UNIPROT_CANONICAL_1_BASED_INCLUSIVE,228,1.0,NEAR_COMPLETE_LBD,True,0.0,0.0,False,,False,RESOLUTION_REVIEW,"[""RESOLUTION_REVIEW""]"
Q07869,NR1C1,PPARα,Nutritional sensors,7BQ2,7BQ2_1,1,"[""X-RAY DIFFRACTION""]",True,[1.52],1.52,1.52,ULTRAHIGH_LT_1_8,[0.2059],0.2059,0.2059,PASS_ALL_LE_0_30,239,466,228,UNIPROT_PROSITE_NR_LBD,UNIPROT_CANONICAL_1_BASED_INCLUSIVE,228,1.0,NEAR_COMPLETE_LBD,True,0.0,0.0,False,,False,RESOLUTION_REVIEW,"[""RESOLUTION_REVIEW""]"
Q07869,NR1C1,PPARα,Nutritional sensors,7BQ3,7BQ3_1,1,"[""X-RAY DIFFRACTION""]",True,[1.98],1.98,1.98,PASS_PROJECT_RANGE,[0.2371],0.2371,0.2371,PASS_ALL_LE_0_30,239,466,228,UNIPROT_PROSITE_NR_LBD,UNIPROT_CANONICAL_1_BASED_INCLUSIVE,228,1.0,NEAR_COMPLETE_LBD,True,0.0,0.0,False,,True,PROJECT_PREFILTER_PASS,[]
Q07869,NR1C1,PPARα,Nutritional sensors,7BQ4,7BQ4_1,1,"[""X-RAY DIFFRACTION""]",True,[1.62],1.62,1.62,ULTRAHIGH_LT_1_8,[0.2145],0.2145,0.2145,PASS_ALL_LE_0_30,239,466,228,UNIPROT_PROSITE_NR_LBD,UNIPROT_CANONICAL_1_BASED_INCLUSIVE,228,1.0,NEAR_COMPLETE_LBD,True,0.0,0.0,False,,False,RESOLUTION_REVIEW,"[""RESOLUTION_REVIEW""]"
Q07869,NR1C1,PPARα,Nutritional sensors,7C6Q,7C6Q_1,1,"[""X-RAY DIFFRACTION""]",True,[2.76],2.76,2.76,PASS_PROJECT_RANGE,[0.2609],0.2609,0.2609,PASS_ALL_LE_0_30,239,466,228,UNIPROT_PROSITE_NR_LBD,UNIPROT_CANONICAL_1_BASED_INCLUSIVE,228,1.0,NEAR_COMPLETE_LBD,True,0.0,0.0,False,,True,PROJECT_PREFILTER_PASS,[]
Q07869,NR1C1,PPARα,Nutritional sensors,7E5F,7E5F_1,1,"[""X-RAY DIFFRACTION""]",True,[1.79],1.79,1.79,ULTRAHIGH_LT_1_8,[0.2288],0.2288,0.2288,PASS_ALL_LE_0_30,239,466,228,UNIPROT_PROSITE_NR_LBD,UNIPROT_CANONICAL_1_BASED_INCLUSIVE,228,1.0,NEAR_COMPLETE_LBD,True,0.0,0.0,False,,False,RESOLUTION_REVIEW,"[""RESOLUTION_REVIEW""]"
Q07869,NR1C1,PPARα,Nutritional sensors,7E5G,7E5G_1,1,"[""X-RAY DIFFRACTION""]",True,[1.66],1.66,1.66,ULTRAHIGH_LT_1_8,[0.229],0.229,0.229,PASS_ALL_LE_0_30,239,466,228,UNIPROT_PROSITE_NR_LBD,UNIPROT_CANONICAL_1_BASED_INCLUSIVE,228,1.0,NEAR_COMPLETE_LBD,True,0.0,0.0,False,,False,RESOLUTION_REVIEW,"[""RESOLUTION_REVIEW""]"
Q07869,NR1C1,PPARα,Nutritional sensors,7E5H,7E5H_1,1,"[""X-RAY DIFFRACTION""]",True,[1.66],1.66,1.66,ULTRAHIGH_LT_1_8,[0.239],0.239,0.239,PASS_ALL_LE_0_30,239,466,228,UNIPROT_PROSITE_NR_LBD,UNIPROT_CANONICAL_1_BASED_INCLUSIVE,228,1.0,NEAR_COMPLETE_LBD,True,0.0,0.0,False,,False,RESOLUTION_REVIEW,"[""RESOLUTION_REVIEW""]"
Q07869,NR1C1,PPARα,Nutritional sensors,7E5I,7E5I_1,1,"[""X-RAY DIFFRACTION""]",True,[1.58],1.58,1.58,ULTRAHIGH_LT_1_8,[0.2211],0.2211,0.2211,PASS_ALL_LE_0_30,239,466,228,UNIPROT_PROSITE_NR_LBD,UNIPROT_CANONICAL_1_BASED_INCLUSIVE,228,1.0,NEAR_COMPLETE_LBD,True,0.0,0.0,False,,False,RESOLUTION_REVIEW,"[""RESOLUTION_REVIEW""]"
Q07869,NR1C1,PPARα,Nutritional sensors,8HUK,8HUK_1,1,"[""X-RAY DIFFRACTION""]",True,[2.981],2.981,2.981,PASS_PROJECT_RANGE,[0.2537],0.2537,0.2537,PASS_ALL_LE_0_30,239,466,228,UNIPROT_PROSITE_NR_LBD,UNIPROT_CANONICAL_1_BASED_INCLUSIVE,228,1.0,NEAR_COMPLETE_LBD,True,0.0,0.0,False,,True,PROJECT_PREFILTER_PASS,[]
Q07869,NR1C1,PPARα,Nutritional sensors,8HUN,8HUN_1,1,"[""X-RAY DIFFRACTION""]",True,[2.01],2.01,2.01,PASS_PROJECT_RANGE,[0.2283],0.2283,0.2283,PASS_ALL_LE_0_30,239,466,228,UNIPROT_PROSITE_NR_LBD,UNIPROT_CANONICAL_1_BASED_INCLUSIVE,228,1.0,NEAR_COMPLETE_LBD,True,0.0,0.0,False,,True,PROJECT_PREFILTER_PASS,[]
Q07869,NR1C1,PPARα,Nutritional sensors,8HUQ,8HUQ_1,1,"[""X-RAY DIFFRACTION""]",True,[1.65],1.65,1.65,ULTRAHIGH_LT_1_8,[0.2135],0.2135,0.2135,PASS_ALL_LE_0_30,239,466,228,UNIPROT_PROSITE_NR_LBD,UNIPROT_CANONICAL_1_BASED_INCLUSIVE,228,1.0,NEAR_COMPLETE_LBD,True,0.0,0.0,False,,False,RESOLUTION_REVIEW,"[""RESOLUTION_REVIEW""]"
Q07869,NR1C1,PPARα,Nutritional sensors,8RCE,8RCE_1,1,"[""X-RAY DIFFRACTION""]",True,[3.0],3.0,3.0,PASS_PROJECT_RANGE,[0.29981],0.29981,0.29981,PASS_ALL_LE_0_30,239,466,228,UNIPROT_PROSITE_NR_LBD,UNIPROT_CANONICAL_1_BASED_INCLUSIVE,228,1.0,NEAR_COMPLETE_LBD,True,0.0,0.0,False,,True,PROJECT_PREFILTER_PASS,[]
Q07869,NR1C1,PPARα,Nutritional sensors,8YT6,8YT6_1,1,"[""X-RAY DIFFRACTION""]",True,[1.85],1.85,1.85,PASS_PROJECT_RANGE,[0.2651],0.2651,0.2651,PASS_ALL_LE_0_30,239,466,228,UNIPROT_PROSITE_NR_LBD,UNIPROT_CANONICAL_1_BASED_INCLUSIVE,228,1.0,NEAR_COMPLETE_LBD,True,0.0,0.0,False,,True,PROJECT_PREFILTER_PASS,[]
Q07869,NR1C1,PPARα,Nutritional sensors,8YT9,8YT9_1,1,"[""X-RAY DIFFRACTION""]",True,[1.59],1.59,1.59,ULTRAHIGH_LT_1_8,[0.2065],0.2065,0.2065,PASS_ALL_LE_0_30,239,466,228,UNIPROT_PROSITE_NR_LBD,UNIPROT_CANONICAL_1_BASED_INCLUSIVE,228,1.0,NEAR_COMPLETE_LBD,True,0.0,0.0,False,,False,RESOLUTION_REVIEW,"[""RESOLUTION_REVIEW""]"
Q07869,NR1C1,PPARα,Nutritional sensors,8YTL,8YTL_1,1,"[""X-RAY DIFFRACTION""]",True,[2.0],2.0,2.0,PASS_PROJECT_RANGE,[0.2603],0.2603,0.2603,PASS_ALL_LE_0_30,239,466,228,UNIPROT_PROSITE_NR_LBD,UNIPROT_CANONICAL_1_BASED_INCLUSIVE,228,1.0,NEAR_COMPLETE_LBD,True,0.0,0.0,False,,True,PROJECT_PREFILTER_PASS,[]
Q07869,NR1C1,PPARα,Nutritional sensors,8YU8,8YU8_1,1,"[""X-RAY DIFFRACTION""]",True,[1.95],1.95,1.95,PASS_PROJECT_RANGE,[0.2594],0.2594,0.2594,PASS_ALL_LE_0_30,239,466,228,UNIPROT_PROSITE_NR_LBD,UNIPROT_CANONICAL_1_BASED_INCLUSIVE,228,1.0,NEAR_COMPLETE_LBD,True,0.0,0.0,False,,True,PROJECT_PREFILTER_PASS,[]
Q07869,NR1C1,PPARα,Nutritional sensors,8YWU,8YWU_1,1,"[""X-RAY DIFFRACTION""]",True,[1.77],1.77,1.77,ULTRAHIGH_LT_1_8,[0.2295],0.2295,0.2295,PASS_ALL_LE_0_30,239,466,228,UNIPROT_PROSITE_NR_LBD,UNIPROT_CANONICAL_1_BASED_INCLUSIVE,228,1.0,NEAR_COMPLETE_LBD,True,0.0,0.0,False,,False,RESOLUTION_REVIEW,"[""RESOLUTION_REVIEW""]"
Q07869,NR1C1,PPARα,Nutritional sensors,8YWV,8YWV_1,1,"[""X-RAY DIFFRACTION""]",True,[2.01],2.01,2.01,PASS_PROJECT_RANGE,[0.2511],0.2511,0.2511,PASS_ALL_LE_0_30,239,466,228,UNIPROT_PROSITE_NR_LBD,UNIPROT_CANONICAL_1_BASED_INCLUSIVE,228,1.0,NEAR_COMPLETE_LBD,True,0.0,0.0,False,,True,PROJECT_PREFILTER_PASS,[]
Q07869,NR1C1,PPARα,Nutritional sensors,9IWJ,9IWJ_1,1,"[""X-RAY DIFFRACTION""]",True,[2.48],2.48,2.48,PASS_PROJECT_RANGE,[0.2543],0.2543,0.2543,PASS_ALL_LE_0_30,239,466,228,UNIPROT_PROSITE_NR_LBD,UNIPROT_CANONICAL_1_BASED_INCLUSIVE,228,1.0,NEAR_COMPLETE_LBD,True,0.0,0.0,False,,True,PROJECT_PREFILTER_PASS,[]
Q07869,NR1C1,PPARα,Nutritional sensors,9IWL,9IWL_1,1,"[""X-RAY DIFFRACTION""]",True,[2.09],2.09,2.09,PASS_PROJECT_RANGE,[0.2357],0.2357,0.2357,PASS_ALL_LE_0_30,239,466,228,UNIPROT_PROSITE_NR_LBD,UNIPROT_CANONICAL_1_BASED_INCLUSIVE,228,1.0,NEAR_COMPLETE_LBD,True,0.0,0.0,False,,True,PROJECT_PREFILTER_PASS,[]
Q07869,NR1C1,PPARα,Nutritional sensors,9IWM,9IWM_1,1,"[""X-RAY DIFFRACTION""]",True,[1.39],1.39,1.39,ULTRAHIGH_LT_1_8,[0.2048],0.2048,0.2048,PASS_ALL_LE_0_30,239,466,228,UNIPROT_PROSITE_NR_LBD,UNIPROT_CANONICAL_1_BASED_INCLUSIVE,228,1.0,NEAR_COMPLETE_LBD,True,0.0,0.0,False,,False,RESOLUTION_REVIEW,"[""RESOLUTION_REVIEW""]"
Q07869,NR1C1,PPARα,Nutritional sensors,9IWN,9IWN_1,1,"[""X-RAY DIFFRACTION""]",True,[1.59],1.59,1.59,ULTRAHIGH_LT_1_8,[0.2081],0.2081,0.2081,PASS_ALL_LE_0_30,239,466,228,UNIPROT_PROSITE_NR_LBD,UNIPROT_CANONICAL_1_BASED_INCLUSIVE,228,1.0,NEAR_COMPLETE_LBD,True,0.0,0.0,False,,False,RESOLUTION_REVIEW,"[""RESOLUTION_REVIEW""]"
Q07869,NR1C1,PPARα,Nutritional sensors,9IWO,9IWO_1,1,"[""X-RAY DIFFRACTION""]",True,[1.49],1.49,1.49,ULTRAHIGH_LT_1_8,[0.2135],0.2135,0.2135,PASS_ALL_LE_0_30,239,466,228,UNIPROT_PROSITE_NR_LBD,UNIPROT_CANONICAL_1_BASED_INCLUSIVE,228,1.0,NEAR_COMPLETE_LBD,True,0.0,0.0,False,,False,RESOLUTION_REVIEW,"[""RESOLUTION_REVIEW""]"
Q07869,NR1C1,PPARα,Nutritional sensors,9SFS,9SFS_1,1,"[""X-RAY DIFFRACTION""]",True,[2.0],2.0,2.0,PASS_PROJECT_RANGE,[0.28488],0.28488,0.28488,PASS_ALL_LE_0_30,239,466,228,UNIPROT_PROSITE_NR_LBD,UNIPROT_CANONICAL_1_BASED_INCLUSIVE,228,1.0,NEAR_COMPLETE_LBD,True,0.0,0.0,False,,True,PROJECT_PREFILTER_PASS,[]
Q07869,NR1C1,PPARα,Nutritional sensors,9T5S,9T5S_1,1,"[""X-RAY DIFFRACTION""]",True,[1.74],1.74,1.74,ULTRAHIGH_LT_1_8,[0.2113],0.2113,0.2113,PASS_ALL_LE_0_30,239,466,228,UNIPROT_PROSITE_NR_LBD,UNIPROT_CANONICAL_1_BASED_INCLUSIVE,228,1.0,NEAR_COMPLETE_LBD,True,0.0,0.0,False,,False,RESOLUTION_REVIEW,"[""RESOLUTION_REVIEW""]"
Q07869,NR1C1,PPARα,Nutritional sensors,9VZS,9VZS_1,1,"[""X-RAY DIFFRACTION""]",True,[1.455],1.455,1.455,ULTRAHIGH_LT_1_8,[0.2012],0.2012,0.2012,PASS_ALL_LE_0_30,239,466,228,UNIPROT_PROSITE_NR_LBD,UNIPROT_CANONICAL_1_BASED_INCLUSIVE,228,1.0,NEAR_COMPLETE_LBD,True,0.0,0.0,False,,False,RESOLUTION_REVIEW,"[""RESOLUTION_REVIEW""]"
Q07869,NR1C1,PPARα,Nutritional sensors,9VZT,9VZT_1,1,"[""X-RAY DIFFRACTION""]",True,[1.475],1.475,1.475,ULTRAHIGH_LT_1_8,[0.2019],0.2019,0.2019,PASS_ALL_LE_0_30,239,466,228,UNIPROT_PROSITE_NR_LBD,UNIPROT_CANONICAL_1_BASED_INCLUSIVE,228,1.0,NEAR_COMPLETE_LBD,True,0.0,0.0,False,,False,RESOLUTION_REVIEW,"[""RESOLUTION_REVIEW""]"
Q03181,NR1C2,PPARδ,Nutritional sensors,1GWX,1GWX_1,1,"[""X-RAY DIFFRACTION""]",True,[2.5],2.5,2.5,PASS_PROJECT_RANGE,[0.303],0.303,0.303,FAIL_ALL_GT_0_30,211,439,229,UNIPROT_PROSITE_NR_LBD,UNIPROT_CANONICAL_1_BASED_INCLUSIVE,229,1.0,NEAR_COMPLETE_LBD,True,0.0,0.0,False,,False,RFREE_REVIEW,"[""RFREE_REVIEW""]"
Q03181,NR1C2,PPARδ,Nutritional sensors,1Y0S,1Y0S_1,1,"[""X-RAY DIFFRACTION""]",True,[2.65],2.65,2.65,PASS_PROJECT_RANGE,[0.261],0.261,0.261,PASS_ALL_LE_0_30,211,439,229,UNIPROT_PROSITE_NR_LBD,UNIPROT_CANONICAL_1_BASED_INCLUSIVE,229,1.0,NEAR_COMPLETE_LBD,True,0.0,0.0,False,,True,PROJECT_PREFILTER_PASS,[]
Q03181,NR1C2,PPARδ,Nutritional sensors,2AWH,2AWH_1,1,"[""X-RAY DIFFRACTION""]",True,[2.0],2.0,2.0,PASS_PROJECT_RANGE,[0.259],0.259,0.259,PASS_ALL_LE_0_30,211,439,229,UNIPROT_PROSITE_NR_LBD,UNIPROT_CANONICAL_1_BASED_INCLUSIVE,229,1.0,NEAR_COMPLETE_LBD,True,0.0,0.0,False,,True,PROJECT_PREFILTER_PASS,[]
Q03181,NR1C2,PPARδ,Nutritional sensors,2B50,2B50_1,1,"[""X-RAY DIFFRACTION""]",True,[2.0],2.0,2.0,PASS_PROJECT_RANGE,[0.249],0.249,0.249,PASS_ALL_LE_0_30,211,439,229,UNIPROT_PROSITE_NR_LBD,UNIPROT_CANONICAL_1_BASED_INCLUSIVE,229,1.0,NEAR_COMPLETE_LBD,True,0.0,0.0,False,,True,PROJECT_PREFILTER_PASS,[]
Q03181,NR1C2,PPARδ,Nutritional sensors,2BAW,2BAW_1,1,"[""X-RAY DIFFRACTION""]",True,[2.3],2.3,2.3,PASS_PROJECT_RANGE,[0.276],0.276,0.276,PASS_ALL_LE_0_30,211,439,229,UNIPROT_PROSITE_NR_LBD,UNIPROT_CANONICAL_1_BASED_INCLUSIVE,229,1.0,NEAR_COMPLETE_LBD,True,0.0,0.0,False,,True,PROJECT_PREFILTER_PASS,[]
Q03181,NR1C2,PPARδ,Nutritional sensors,2ENV,2ENV_1,1,"[""SOLUTION NMR""]",False,[],,,MISSING,[],,,MISSING,211,439,229,UNIPROT_PROSITE_NR_LBD,UNIPROT_CANONICAL_1_BASED_INCLUSIVE,0,0.0,NO_LBD_OVERLAP,False,74.0,0.986667,False,,False,MULTIPLE_REASONS,"[""NON_XRAY"", ""NO_LBD_OVERLAP"", ""RESOLUTION_REVIEW"", ""RFREE_REVIEW"", ""METADATA_INCOMPLETE""]"
Q03181,NR1C2,PPARδ,Nutritional sensors,2GWX,2GWX_1,1,"[""X-RAY DIFFRACTION""]",True,[2.3],2.3,2.3,PASS_PROJECT_RANGE,[0.288],0.288,0.288,PASS_ALL_LE_0_30,211,439,229,UNIPROT_PROSITE_NR_LBD,UNIPROT_CANONICAL_1_BASED_INCLUSIVE,229,1.0,NEAR_COMPLETE_LBD,True,0.0,0.0,False,,True,PROJECT_PREFILTER_PASS,[]
Q03181,NR1C2,PPARδ,Nutritional sensors,2J14,2J14_1,1,"[""X-RAY DIFFRACTION""]",True,[2.8],2.8,2.8,PASS_PROJECT_RANGE,[0.284],0.284,0.284,PASS_ALL_LE_0_30,211,439,229,UNIPROT_PROSITE_NR_LBD,UNIPROT_CANONICAL_1_BASED_INCLUSIVE,229,1.0,NEAR_COMPLETE_LBD,True,0.0,0.0,False,,True,PROJECT_PREFILTER_PASS,[]
Q03181,NR1C2,PPARδ,Nutritional sensors,2Q5G,2Q5G_1,1,"[""X-RAY DIFFRACTION""]",True,[2.7],2.7,2.7,PASS_PROJECT_RANGE,[0.305],0.305,0.305,FAIL_ALL_GT_0_30,211,439,229,UNIPROT_PROSITE_NR_LBD,UNIPROT_CANONICAL_1_BASED_INCLUSIVE,229,1.0,NEAR_COMPLETE_LBD,True,0.0,0.0,False,,False,RFREE_REVIEW,"[""RFREE_REVIEW""]"
Q03181,NR1C2,PPARδ,Nutritional sensors,2XYJ,2XYJ_1,1,"[""X-RAY DIFFRACTION""]",True,[2.3],2.3,2.3,PASS_PROJECT_RANGE,[0.25],0.25,0.25,PASS_ALL_LE_0_30,211,439,229,UNIPROT_PROSITE_NR_LBD,UNIPROT_CANONICAL_1_BASED_INCLUSIVE,229,1.0,NEAR_COMPLETE_LBD,True,0.0,0.0,False,,True,PROJECT_PREFILTER_PASS,[]
Q03181,NR1C2,PPARδ,Nutritional sensors,2XYW,2XYW_1,1,"[""X-RAY DIFFRACTION""]",True,[3.14],3.14,3.14,PASS_PROJECT_RANGE,[0.2465],0.2465,0.2465,PASS_ALL_LE_0_30,211,439,229,UNIPROT_PROSITE_NR_LBD,UNIPROT_CANONICAL_1_BASED_INCLUSIVE,229,1.0,NEAR_COMPLETE_LBD,True,0.0,0.0,False,,True,PROJECT_PREFILTER_PASS,[]
Q03181,NR1C2,PPARδ,Nutritional sensors,2XYX,2XYX_1,1,"[""X-RAY DIFFRACTION""]",True,[2.7],2.7,2.7,PASS_PROJECT_RANGE,[0.2637],0.2637,0.2637,PASS_ALL_LE_0_30,211,439,229,UNIPROT_PROSITE_NR_LBD,UNIPROT_CANONICAL_1_BASED_INCLUSIVE,229,1.0,NEAR_COMPLETE_LBD,True,0.0,0.0,False,,True,PROJECT_PREFILTER_PASS,[]
Q03181,NR1C2,PPARδ,Nutritional sensors,2ZNP,2ZNP_1,1,"[""X-RAY DIFFRACTION""]",True,[3.0],3.0,3.0,PASS_PROJECT_RANGE,[0.288],0.288,0.288,PASS_ALL_LE_0_30,211,439,229,UNIPROT_PROSITE_NR_LBD,UNIPROT_CANONICAL_1_BASED_INCLUSIVE,229,1.0,NEAR_COMPLETE_LBD,True,0.0,0.0,False,,True,PROJECT_PREFILTER_PASS,[]
Q03181,NR1C2,PPARδ,Nutritional sensors,2ZNQ,2ZNQ_1,1,"[""X-RAY DIFFRACTION""]",True,[2.65],2.65,2.65,PASS_PROJECT_RANGE,[0.276],0.276,0.276,PASS_ALL_LE_0_30,211,439,229,UNIPROT_PROSITE_NR_LBD,UNIPROT_CANONICAL_1_BASED_INCLUSIVE,229,1.0,NEAR_COMPLETE_LBD,True,0.0,0.0,False,,True,PROJECT_PREFILTER_PASS,[]
Q03181,NR1C2,PPARδ,Nutritional sensors,3D5F,3D5F_1,1,"[""X-RAY DIFFRACTION""]",True,[2.2],2.2,2.2,PASS_PROJECT_RANGE,[0.281],0.281,0.281,PASS_ALL_LE_0_30,211,439,229,UNIPROT_PROSITE_NR_LBD,UNIPROT_CANONICAL_1_BASED_INCLUSIVE,229,1.0,NEAR_COMPLETE_LBD,True,0.0,0.0,False,,True,PROJECT_PREFILTER_PASS,[]
Q03181,NR1C2,PPARδ,Nutritional sensors,3DY6,3DY6_1,1,"[""X-RAY DIFFRACTION""]",True,[2.9],2.9,2.9,PASS_PROJECT_RANGE,[0.24445],0.24445,0.24445,PASS_ALL_LE_0_30,211,439,229,UNIPROT_PROSITE_NR_LBD,UNIPROT_CANONICAL_1_BASED_INCLUSIVE,229,1.0,NEAR_COMPLETE_LBD,True,0.0,0.0,False,,True,PROJECT_PREFILTER_PASS,[]
Q03181,NR1C2,PPARδ,Nutritional sensors,3ET2,3ET2_1,1,"[""X-RAY DIFFRACTION""]",True,[2.24],2.24,2.24,PASS_PROJECT_RANGE,[0.242],0.242,0.242,PASS_ALL_LE_0_30,211,439,229,UNIPROT_PROSITE_NR_LBD,UNIPROT_CANONICAL_1_BASED_INCLUSIVE,229,1.0,NEAR_COMPLETE_LBD,True,0.0,0.0,False,,True,PROJECT_PREFILTER_PASS,[]
Q03181,NR1C2,PPARδ,Nutritional sensors,3GWX,3GWX_1,1,"[""X-RAY DIFFRACTION""]",True,[2.4],2.4,2.4,PASS_PROJECT_RANGE,[0.301],0.301,0.301,FAIL_ALL_GT_0_30,211,439,229,UNIPROT_PROSITE_NR_LBD,UNIPROT_CANONICAL_1_BASED_INCLUSIVE,229,1.0,NEAR_COMPLETE_LBD,True,0.0,0.0,False,,False,RFREE_REVIEW,"[""RFREE_REVIEW""]"
Q03181,NR1C2,PPARδ,Nutritional sensors,3GZ9,3GZ9_1,1,"[""X-RAY DIFFRACTION""]",True,[2.0],2.0,2.0,PASS_PROJECT_RANGE,[0.245],0.245,0.245,PASS_ALL_LE_0_30,211,439,229,UNIPROT_PROSITE_NR_LBD,UNIPROT_CANONICAL_1_BASED_INCLUSIVE,229,1.0,NEAR_COMPLETE_LBD,True,0.0,0.0,False,,True,PROJECT_PREFILTER_PASS,[]
Q03181,NR1C2,PPARδ,Nutritional sensors,3OZ0,3OZ0_1,1,"[""X-RAY DIFFRACTION""]",True,[3.0],3.0,3.0,PASS_PROJECT_RANGE,[0.27048],0.27048,0.27048,PASS_ALL_LE_0_30,211,439,229,UNIPROT_PROSITE_NR_LBD,UNIPROT_CANONICAL_1_BASED_INCLUSIVE,229,1.0,NEAR_COMPLETE_LBD,True,0.0,0.0,False,,True,PROJECT_PREFILTER_PASS,[]
Q03181,NR1C2,PPARδ,Nutritional sensors,3PEQ,3PEQ_1,1,"[""X-RAY DIFFRACTION""]",True,[2.4],2.4,2.4,PASS_PROJECT_RANGE,[0.23667],0.23667,0.23667,PASS_ALL_LE_0_30,211,439,229,UNIPROT_PROSITE_NR_LBD,UNIPROT_CANONICAL_1_BASED_INCLUSIVE,229,1.0,NEAR_COMPLETE_LBD,True,0.0,0.0,False,,True,PROJECT_PREFILTER_PASS,[]
Q03181,NR1C2,PPARδ,Nutritional sensors,3SP9,3SP9_1,1,"[""X-RAY DIFFRACTION""]",True,[2.3],2.3,2.3,PASS_PROJECT_RANGE,[0.2526],0.2526,0.2526,PASS_ALL_LE_0_30,211,439,229,UNIPROT_PROSITE_NR_LBD,UNIPROT_CANONICAL_1_BASED_INCLUSIVE,229,1.0,NEAR_COMPLETE_LBD,True,0.0,0.0,False,,True,PROJECT_PREFILTER_PASS,[]
Q03181,NR1C2,PPARδ,Nutritional sensors,3TKM,3TKM_1,1,"[""X-RAY DIFFRACTION""]",True,[1.953],1.953,1.953,PASS_PROJECT_RANGE,[0.2454],0.2454,0.2454,PASS_ALL_LE_0_30,211,439,229,UNIPROT_PROSITE_NR_LBD,UNIPROT_CANONICAL_1_BASED_INCLUSIVE,229,1.0,NEAR_COMPLETE_LBD,True,0.0,0.0,False,,True,PROJECT_PREFILTER_PASS,[]
Q03181,NR1C2,PPARδ,Nutritional sensors,5U3Q,5U3Q_1,1,"[""X-RAY DIFFRACTION""]",True,[1.5],1.5,1.5,ULTRAHIGH_LT_1_8,[0.1892],0.1892,0.1892,PASS_ALL_LE_0_30,211,439,229,UNIPROT_PROSITE_NR_LBD,UNIPROT_CANONICAL_1_BASED_INCLUSIVE,229,1.0,NEAR_COMPLETE_LBD,True,0.0,0.0,False,,False,RESOLUTION_REVIEW,"[""RESOLUTION_REVIEW""]"
Q03181,NR1C2,PPARδ,Nutritional sensors,5U3R,5U3R_1,1,"[""X-RAY DIFFRACTION""]",True,[1.95],1.95,1.95,PASS_PROJECT_RANGE,[0.2326],0.2326,0.2326,PASS_ALL_LE_0_30,211,439,229,UNIPROT_PROSITE_NR_LBD,UNIPROT_CANONICAL_1_BASED_INCLUSIVE,229,1.0,NEAR_COMPLETE_LBD,True,0.0,0.0,False,,True,PROJECT_PREFILTER_PASS,[]
Q03181,NR1C2,PPARδ,Nutritional sensors,5U3S,5U3S_1,1,"[""X-RAY DIFFRACTION""]",True,[2.0],2.0,2.0,PASS_PROJECT_RANGE,[0.2464],0.2464,0.2464,PASS_ALL_LE_0_30,211,439,229,UNIPROT_PROSITE_NR_LBD,UNIPROT_CANONICAL_1_BASED_INCLUSIVE,229,1.0,NEAR_COMPLETE_LBD,True,0.0,0.0,False,,True,PROJECT_PREFILTER_PASS,[]
Q03181,NR1C2,PPARδ,Nutritional sensors,5U3T,5U3T_1,1,"[""X-RAY DIFFRACTION""]",True,[1.7],1.7,1.7,ULTRAHIGH_LT_1_8,[0.2204],0.2204,0.2204,PASS_ALL_LE_0_30,211,439,229,UNIPROT_PROSITE_NR_LBD,UNIPROT_CANONICAL_1_BASED_INCLUSIVE,229,1.0,NEAR_COMPLETE_LBD,True,0.0,0.0,False,,False,RESOLUTION_REVIEW,"[""RESOLUTION_REVIEW""]"
Q03181,NR1C2,PPARδ,Nutritional sensors,5U3U,5U3U_1,1,"[""X-RAY DIFFRACTION""]",True,[2.1],2.1,2.1,PASS_PROJECT_RANGE,[0.2611],0.2611,0.2611,PASS_ALL_LE_0_30,211,439,229,UNIPROT_PROSITE_NR_LBD,UNIPROT_CANONICAL_1_BASED_INCLUSIVE,229,1.0,NEAR_COMPLETE_LBD,True,0.0,0.0,False,,True,PROJECT_PREFILTER_PASS,[]
Q03181,NR1C2,PPARδ,Nutritional sensors,5U3V,5U3V_1,1,"[""X-RAY DIFFRACTION""]",True,[1.84],1.84,1.84,PASS_PROJECT_RANGE,[0.2445],0.2445,0.2445,PASS_ALL_LE_0_30,211,439,229,UNIPROT_PROSITE_NR_LBD,UNIPROT_CANONICAL_1_BASED_INCLUSIVE,229,1.0,NEAR_COMPLETE_LBD,True,0.0,0.0,False,,True,PROJECT_PREFILTER_PASS,[]
Q03181,NR1C2,PPARδ,Nutritional sensors,5U3W,5U3W_1,1,"[""X-RAY DIFFRACTION""]",True,[1.8],1.8,1.8,PASS_PROJECT_RANGE,[0.2428],0.2428,0.2428,PASS_ALL_LE_0_30,211,439,229,UNIPROT_PROSITE_NR_LBD,UNIPROT_CANONICAL_1_BASED_INCLUSIVE,229,1.0,NEAR_COMPLETE_LBD,True,0.0,0.0,False,,True,PROJECT_PREFILTER_PASS,[]
Q03181,NR1C2,PPARδ,Nutritional sensors,5U3X,5U3X_1,1,"[""X-RAY DIFFRACTION""]",True,[2.1],2.1,2.1,PASS_PROJECT_RANGE,[0.2748],0.2748,0.2748,PASS_ALL_LE_0_30,211,439,229,UNIPROT_PROSITE_NR_LBD,UNIPROT_CANONICAL_1_BASED_INCLUSIVE,229,1.0,NEAR_COMPLETE_LBD,True,0.0,0.0,False,,True,PROJECT_PREFILTER_PASS,[]
Q03181,NR1C2,PPARδ,Nutritional sensors,5U3Y,5U3Y_1,1,"[""X-RAY DIFFRACTION""]",True,[1.9],1.9,1.9,PASS_PROJECT_RANGE,[0.2458],0.2458,0.2458,PASS_ALL_LE_0_30,211,439,229,UNIPROT_PROSITE_NR_LBD,UNIPROT_CANONICAL_1_BASED_INCLUSIVE,229,1.0,NEAR_COMPLETE_LBD,True,0.0,0.0,False,,True,PROJECT_PREFILTER_PASS,[]
Q03181,NR1C2,PPARδ,Nutritional sensors,5U3Z,5U3Z_1,1,"[""X-RAY DIFFRACTION""]",True,[1.72],1.72,1.72,ULTRAHIGH_LT_1_8,[0.2137],0.2137,0.2137,PASS_ALL_LE_0_30,211,439,229,UNIPROT_PROSITE_NR_LBD,UNIPROT_CANONICAL_1_BASED_INCLUSIVE,229,1.0,NEAR_COMPLETE_LBD,True,0.0,0.0,False,,False,RESOLUTION_REVIEW,"[""RESOLUTION_REVIEW""]"
Q03181,NR1C2,PPARδ,Nutritional sensors,5U40,5U40_1,1,"[""X-RAY DIFFRACTION""]",True,[2.0],2.0,2.0,PASS_PROJECT_RANGE,[0.2295],0.2295,0.2295,PASS_ALL_LE_0_30,211,439,229,UNIPROT_PROSITE_NR_LBD,UNIPROT_CANONICAL_1_BASED_INCLUSIVE,229,1.0,NEAR_COMPLETE_LBD,True,0.0,0.0,False,,True,PROJECT_PREFILTER_PASS,[]
Q03181,NR1C2,PPARδ,Nutritional sensors,5U41,5U41_1,1,"[""X-RAY DIFFRACTION""]",True,[1.9],1.9,1.9,PASS_PROJECT_RANGE,[0.2689],0.2689,0.2689,PASS_ALL_LE_0_30,211,439,229,UNIPROT_PROSITE_NR_LBD,UNIPROT_CANONICAL_1_BASED_INCLUSIVE,229,1.0,NEAR_COMPLETE_LBD,True,0.0,0.0,False,,True,PROJECT_PREFILTER_PASS,[]
Q03181,NR1C2,PPARδ,Nutritional sensors,5U42,5U42_1,1,"[""X-RAY DIFFRACTION""]",True,[1.7],1.7,1.7,ULTRAHIGH_LT_1_8,[0.2156],0.2156,0.2156,PASS_ALL_LE_0_30,211,439,229,UNIPROT_PROSITE_NR_LBD,UNIPROT_CANONICAL_1_BASED_INCLUSIVE,229,1.0,NEAR_COMPLETE_LBD,True,0.0,0.0,False,,False,RESOLUTION_REVIEW,"[""RESOLUTION_REVIEW""]"
Q03181,NR1C2,PPARδ,Nutritional sensors,5U43,5U43_1,1,"[""X-RAY DIFFRACTION""]",True,[1.9],1.9,1.9,PASS_PROJECT_RANGE,[0.2384],0.2384,0.2384,PASS_ALL_LE_0_30,211,439,229,UNIPROT_PROSITE_NR_LBD,UNIPROT_CANONICAL_1_BASED_INCLUSIVE,229,1.0,NEAR_COMPLETE_LBD,True,0.0,0.0,False,,True,PROJECT_PREFILTER_PASS,[]
Q03181,NR1C2,PPARδ,Nutritional sensors,5U44,5U44_1,1,"[""X-RAY DIFFRACTION""]",True,[2.15],2.15,2.15,PASS_PROJECT_RANGE,[0.2526],0.2526,0.2526,PASS_ALL_LE_0_30,211,439,229,UNIPROT_PROSITE_NR_LBD,UNIPROT_CANONICAL_1_BASED_INCLUSIVE,229,1.0,NEAR_COMPLETE_LBD,True,0.0,0.0,False,,True,PROJECT_PREFILTER_PASS,[]
Q03181,NR1C2,PPARδ,Nutritional sensors,5U45,5U45_1,1,"[""X-RAY DIFFRACTION""]",True,[1.95],1.95,1.95,PASS_PROJECT_RANGE,[0.2414],0.2414,0.2414,PASS_ALL_LE_0_30,211,439,229,UNIPROT_PROSITE_NR_LBD,UNIPROT_CANONICAL_1_BASED_INCLUSIVE,229,1.0,NEAR_COMPLETE_LBD,True,0.0,0.0,False,,True,PROJECT_PREFILTER_PASS,[]
Q03181,NR1C2,PPARδ,Nutritional sensors,5U46,5U46_1,1,"[""X-RAY DIFFRACTION""]",True,[2.0],2.0,2.0,PASS_PROJECT_RANGE,[0.2214],0.2214,0.2214,PASS_ALL_LE_0_30,211,439,229,UNIPROT_PROSITE_NR_LBD,UNIPROT_CANONICAL_1_BASED_INCLUSIVE,229,1.0,NEAR_COMPLETE_LBD,True,0.0,0.0,False,,True,PROJECT_PREFILTER_PASS,[]
Q03181,NR1C2,PPARδ,Nutritional sensors,5XMX,5XMX_1,1,"[""X-RAY DIFFRACTION""]",True,[2.0],2.0,2.0,PASS_PROJECT_RANGE,[0.28181],0.28181,0.28181,PASS_ALL_LE_0_30,211,439,229,UNIPROT_PROSITE_NR_LBD,UNIPROT_CANONICAL_1_BASED_INCLUSIVE,229,1.0,NEAR_COMPLETE_LBD,True,0.0,0.0,False,,True,PROJECT_PREFILTER_PASS,[]
Q03181,NR1C2,PPARδ,Nutritional sensors,5Y7X,5Y7X_1,1,"[""X-RAY DIFFRACTION""]",True,[1.699],1.699,1.699,ULTRAHIGH_LT_1_8,[0.2305],0.2305,0.2305,PASS_ALL_LE_0_30,211,439,229,UNIPROT_PROSITE_NR_LBD,UNIPROT_CANONICAL_1_BASED_INCLUSIVE,229,1.0,NEAR_COMPLETE_LBD,True,0.0,0.0,False,,False,RESOLUTION_REVIEW,"[""RESOLUTION_REVIEW""]"
Q03181,NR1C2,PPARδ,Nutritional sensors,5ZXI,5ZXI_1,1,"[""X-RAY DIFFRACTION""]",True,[2.1],2.1,2.1,PASS_PROJECT_RANGE,[0.28073],0.28073,0.28073,PASS_ALL_LE_0_30,211,439,229,UNIPROT_PROSITE_NR_LBD,UNIPROT_CANONICAL_1_BASED_INCLUSIVE,229,1.0,NEAR_COMPLETE_LBD,True,0.0,0.0,False,,True,PROJECT_PREFILTER_PASS,[]
Q03181,NR1C2,PPARδ,Nutritional sensors,6A6P,6A6P_1,1,"[""X-RAY DIFFRACTION""]",True,[2.1],2.1,2.1,PASS_PROJECT_RANGE,[0.2278],0.2278,0.2278,PASS_ALL_LE_0_30,211,439,229,UNIPROT_PROSITE_NR_LBD,UNIPROT_CANONICAL_1_BASED_INCLUSIVE,229,1.0,NEAR_COMPLETE_LBD,True,0.0,0.0,False,,True,PROJECT_PREFILTER_PASS,[]
Q03181,NR1C2,PPARδ,Nutritional sensors,7F80,7F80_1,1,"[""X-RAY DIFFRACTION""]",True,[2.8],2.8,2.8,PASS_PROJECT_RANGE,[0.30039],0.30039,0.30039,FAIL_ALL_GT_0_30,211,439,229,UNIPROT_PROSITE_NR_LBD,UNIPROT_CANONICAL_1_BASED_INCLUSIVE,229,1.0,NEAR_COMPLETE_LBD,True,0.0,0.0,False,,False,RFREE_REVIEW,"[""RFREE_REVIEW""]"
Q03181,NR1C2,PPARδ,Nutritional sensors,7VWE,7VWE_1,1,"[""X-RAY DIFFRACTION""]",True,[3.0],3.0,3.0,PASS_PROJECT_RANGE,[0.2321],0.2321,0.2321,PASS_ALL_LE_0_30,211,439,229,UNIPROT_PROSITE_NR_LBD,UNIPROT_CANONICAL_1_BASED_INCLUSIVE,229,1.0,NEAR_COMPLETE_LBD,True,0.0,0.0,False,,True,PROJECT_PREFILTER_PASS,[]
Q03181,NR1C2,PPARδ,Nutritional sensors,7VWF,7VWF_1,1,"[""X-RAY DIFFRACTION""]",True,[1.9],1.9,1.9,PASS_PROJECT_RANGE,[0.2181],0.2181,0.2181,PASS_ALL_LE_0_30,211,439,229,UNIPROT_PROSITE_NR_LBD,UNIPROT_CANONICAL_1_BASED_INCLUSIVE,229,1.0,NEAR_COMPLETE_LBD,True,0.0,0.0,False,,True,PROJECT_PREFILTER_PASS,[]
Q03181,NR1C2,PPARδ,Nutritional sensors,7VWG,7VWG_1,1,"[""X-RAY DIFFRACTION""]",True,[2.2],2.2,2.2,PASS_PROJECT_RANGE,[0.2316],0.2316,0.2316,PASS_ALL_LE_0_30,211,439,229,UNIPROT_PROSITE_NR_LBD,UNIPROT_CANONICAL_1_BASED_INCLUSIVE,229,1.0,NEAR_COMPLETE_LBD,True,0.0,0.0,False,,True,PROJECT_PREFILTER_PASS,[]
Q03181,NR1C2,PPARδ,Nutritional sensors,7VWH,7VWH_1,1,"[""X-RAY DIFFRACTION""]",True,[2.1],2.1,2.1,PASS_PROJECT_RANGE,[0.2397],0.2397,0.2397,PASS_ALL_LE_0_30,211,439,229,UNIPROT_PROSITE_NR_LBD,UNIPROT_CANONICAL_1_BASED_INCLUSIVE,229,1.0,NEAR_COMPLETE_LBD,True,0.0,0.0,False,,True,PROJECT_PREFILTER_PASS,[]
Q03181,NR1C2,PPARδ,Nutritional sensors,7W0G,7W0G_1,1,"[""X-RAY DIFFRACTION""]",True,[2.443],2.443,2.443,PASS_PROJECT_RANGE,[0.2365],0.2365,0.2365,PASS_ALL_LE_0_30,211,439,229,UNIPROT_PROSITE_NR_LBD,UNIPROT_CANONICAL_1_BASED_INCLUSIVE,229,1.0,NEAR_COMPLETE_LBD,True,0.0,0.0,False,,True,PROJECT_PREFILTER_PASS,[]
Q03181,NR1C2,PPARδ,Nutritional sensors,7WGL,7WGL_1,1,"[""X-RAY DIFFRACTION""]",True,[2.091],2.091,2.091,PASS_PROJECT_RANGE,[0.2258],0.2258,0.2258,PASS_ALL_LE_0_30,211,439,229,UNIPROT_PROSITE_NR_LBD,UNIPROT_CANONICAL_1_BASED_INCLUSIVE,229,1.0,NEAR_COMPLETE_LBD,True,0.0,0.0,False,,True,PROJECT_PREFILTER_PASS,[]
Q03181,NR1C2,PPARδ,Nutritional sensors,7WGN,7WGN_1,1,"[""X-RAY DIFFRACTION""]",True,[1.813],1.813,1.813,PASS_PROJECT_RANGE,[0.2548],0.2548,0.2548,PASS_ALL_LE_0_30,211,439,229,UNIPROT_PROSITE_NR_LBD,UNIPROT_CANONICAL_1_BASED_INCLUSIVE,229,1.0,NEAR_COMPLETE_LBD,True,0.0,0.0,False,,True,PROJECT_PREFILTER_PASS,[]
Q03181,NR1C2,PPARδ,Nutritional sensors,8HF8,8HF8_1,1,"[""X-RAY DIFFRACTION""]",True,[2.11],2.11,2.11,PASS_PROJECT_RANGE,[0.2296],0.2296,0.2296,PASS_ALL_LE_0_30,211,439,229,UNIPROT_PROSITE_NR_LBD,UNIPROT_CANONICAL_1_BASED_INCLUSIVE,229,1.0,NEAR_COMPLETE_LBD,True,0.0,0.0,False,,True,PROJECT_PREFILTER_PASS,[]
Q03181,NR1C2,PPARδ,Nutritional sensors,8HUL,8HUL_1,1,"[""X-RAY DIFFRACTION""]",True,[2.461],2.461,2.461,PASS_PROJECT_RANGE,[0.2433],0.2433,0.2433,PASS_ALL_LE_0_30,211,439,229,UNIPROT_PROSITE_NR_LBD,UNIPROT_CANONICAL_1_BASED_INCLUSIVE,229,1.0,NEAR_COMPLETE_LBD,True,0.0,0.0,False,,True,PROJECT_PREFILTER_PASS,[]
Q03181,NR1C2,PPARδ,Nutritional sensors,8HUO,8HUO_1,1,"[""X-RAY DIFFRACTION""]",True,[2.671],2.671,2.671,PASS_PROJECT_RANGE,[0.2521],0.2521,0.2521,PASS_ALL_LE_0_30,211,439,229,UNIPROT_PROSITE_NR_LBD,UNIPROT_CANONICAL_1_BASED_INCLUSIVE,229,1.0,NEAR_COMPLETE_LBD,True,0.0,0.0,False,,True,PROJECT_PREFILTER_PASS,[]
Q03181,NR1C2,PPARδ,Nutritional sensors,8ZNN,8ZNN_1,1,"[""X-RAY DIFFRACTION""]",True,[1.95],1.95,1.95,PASS_PROJECT_RANGE,[0.227],0.227,0.227,PASS_ALL_LE_0_30,211,439,229,UNIPROT_PROSITE_NR_LBD,UNIPROT_CANONICAL_1_BASED_INCLUSIVE,229,1.0,NEAR_COMPLETE_LBD,True,0.0,0.0,False,,True,PROJECT_PREFILTER_PASS,[]
P37231,NR1C3,PPARγ,Nutritional sensors,1FM6,1FM6_2,2,"[""X-RAY DIFFRACTION""]",True,[2.1],2.1,2.1,PASS_PROJECT_RANGE,[0.292],0.292,0.292,PASS_ALL_LE_0_30,238,503,266,UNIPROT_PROSITE_NR_LBD,UNIPROT_CANONICAL_1_BASED_INCLUSIVE,266,1.0,NEAR_COMPLETE_LBD,True,0.0,0.0,False,,True,PROJECT_PREFILTER_PASS,[]
P37231,NR1C3,PPARγ,Nutritional sensors,1FM9,1FM9_2,2,"[""X-RAY DIFFRACTION""]",True,[2.1],2.1,2.1,PASS_PROJECT_RANGE,[0.268],0.268,0.268,PASS_ALL_LE_0_30,238,503,266,UNIPROT_PROSITE_NR_LBD,UNIPROT_CANONICAL_1_BASED_INCLUSIVE,266,1.0,NEAR_COMPLETE_LBD,True,0.0,0.0,False,,True,PROJECT_PREFILTER_PASS,[]
P37231,NR1C3,PPARγ,Nutritional sensors,1I7I,1I7I_1,1,"[""X-RAY DIFFRACTION""]",True,[2.35],2.35,2.35,PASS_PROJECT_RANGE,[0.284],0.284,0.284,PASS_ALL_LE_0_30,238,503,266,UNIPROT_PROSITE_NR_LBD,UNIPROT_CANONICAL_1_BASED_INCLUSIVE,266,1.0,NEAR_COMPLETE_LBD,True,0.0,0.0,False,,True,PROJECT_PREFILTER_PASS,[]
P37231,NR1C3,PPARγ,Nutritional sensors,1K74,1K74_2,2,"[""X-RAY DIFFRACTION""]",True,[2.3],2.3,2.3,PASS_PROJECT_RANGE,[0.279],0.279,0.279,PASS_ALL_LE_0_30,238,503,266,UNIPROT_PROSITE_NR_LBD,UNIPROT_CANONICAL_1_BASED_INCLUSIVE,266,1.0,NEAR_COMPLETE_LBD,True,0.0,0.0,False,,True,PROJECT_PREFILTER_PASS,[]
P37231,NR1C3,PPARγ,Nutritional sensors,1KNU,1KNU_1,1,"[""X-RAY DIFFRACTION""]",True,[2.5],2.5,2.5,PASS_PROJECT_RANGE,[0.264],0.264,0.264,PASS_ALL_LE_0_30,238,503,266,UNIPROT_PROSITE_NR_LBD,UNIPROT_CANONICAL_1_BASED_INCLUSIVE,266,1.0,NEAR_COMPLETE_LBD,True,0.0,0.0,False,,True,PROJECT_PREFILTER_PASS,[]
P37231,NR1C3,PPARγ,Nutritional sensors,1NYX,1NYX_1,1,"[""X-RAY DIFFRACTION""]",True,[2.65],2.65,2.65,PASS_PROJECT_RANGE,[0.306],0.306,0.306,FAIL_ALL_GT_0_30,238,503,266,UNIPROT_PROSITE_NR_LBD,UNIPROT_CANONICAL_1_BASED_INCLUSIVE,266,1.0,NEAR_COMPLETE_LBD,True,0.0,0.0,False,,False,RFREE_REVIEW,"[""RFREE_REVIEW""]"
P37231,NR1C3,PPARγ,Nutritional sensors,1PRG,1PRG_1,1,"[""X-RAY DIFFRACTION""]",True,[2.2],2.2,2.2,PASS_PROJECT_RANGE,[0.318],0.318,0.318,FAIL_ALL_GT_0_30,238,503,266,UNIPROT_PROSITE_NR_LBD,UNIPROT_CANONICAL_1_BASED_INCLUSIVE,266,1.0,NEAR_COMPLETE_LBD,True,0.0,0.0,False,,False,RFREE_REVIEW,"[""RFREE_REVIEW""]"
P37231,NR1C3,PPARγ,Nutritional sensors,1RDT,1RDT_3,3,"[""X-RAY DIFFRACTION""]",True,[2.4],2.4,2.4,PASS_PROJECT_RANGE,[0.259],0.259,0.259,PASS_ALL_LE_0_30,238,503,266,UNIPROT_PROSITE_NR_LBD,UNIPROT_CANONICAL_1_BASED_INCLUSIVE,266,1.0,NEAR_COMPLETE_LBD,True,0.0,0.0,False,,True,PROJECT_PREFILTER_PASS,[]
P37231,NR1C3,PPARγ,Nutritional sensors,1WM0,1WM0_1,1,"[""X-RAY DIFFRACTION""]",True,[2.9],2.9,2.9,PASS_PROJECT_RANGE,[0.29541],0.29541,0.29541,PASS_ALL_LE_0_30,238,503,266,UNIPROT_PROSITE_NR_LBD,UNIPROT_CANONICAL_1_BASED_INCLUSIVE,266,1.0,NEAR_COMPLETE_LBD,True,0.0,0.0,False,,True,PROJECT_PREFILTER_PASS,[]
P37231,NR1C3,PPARγ,Nutritional sensors,1ZEO,1ZEO_1,1,"[""X-RAY DIFFRACTION""]",True,[2.5],2.5,2.5,PASS_PROJECT_RANGE,[0.28],0.28,0.28,PASS_ALL_LE_0_30,238,503,266,UNIPROT_PROSITE_NR_LBD,UNIPROT_CANONICAL_1_BASED_INCLUSIVE,266,1.0,NEAR_COMPLETE_LBD,True,0.0,0.0,False,,True,PROJECT_PREFILTER_PASS,[]
P37231,NR1C3,PPARγ,Nutritional sensors,1ZGY,1ZGY_1,1,"[""X-RAY DIFFRACTION""]",True,[1.8],1.8,1.8,PASS_PROJECT_RANGE,[0.258],0.258,0.258,PASS_ALL_LE_0_30,238,503,266,UNIPROT_PROSITE_NR_LBD,UNIPROT_CANONICAL_1_BASED_INCLUSIVE,266,1.0,NEAR_COMPLETE_LBD,True,0.0,0.0,False,,True,PROJECT_PREFILTER_PASS,[]
P37231,NR1C3,PPARγ,Nutritional sensors,2ATH,2ATH_1,1,"[""X-RAY DIFFRACTION""]",True,[2.28],2.28,2.28,PASS_PROJECT_RANGE,[0.288],0.288,0.288,PASS_ALL_LE_0_30,238,503,266,UNIPROT_PROSITE_NR_LBD,UNIPROT_CANONICAL_1_BASED_INCLUSIVE,266,1.0,NEAR_COMPLETE_LBD,True,0.0,0.0,False,,True,PROJECT_PREFILTER_PASS,[]
P37231,NR1C3,PPARγ,Nutritional sensors,2F4B,2F4B_1,1,"[""X-RAY DIFFRACTION""]",True,[2.07],2.07,2.07,PASS_PROJECT_RANGE,[0.28835],0.28835,0.28835,PASS_ALL_LE_0_30,238,503,266,UNIPROT_PROSITE_NR_LBD,UNIPROT_CANONICAL_1_BASED_INCLUSIVE,266,1.0,NEAR_COMPLETE_LBD,True,0.0,0.0,False,,True,PROJECT_PREFILTER_PASS,[]
P37231,NR1C3,PPARγ,Nutritional sensors,2FVJ,2FVJ_1,1,"[""X-RAY DIFFRACTION""]",True,[1.99],1.99,1.99,PASS_PROJECT_RANGE,[0.24586],0.24586,0.24586,PASS_ALL_LE_0_30,238,503,266,UNIPROT_PROSITE_NR_LBD,UNIPROT_CANONICAL_1_BASED_INCLUSIVE,266,1.0,NEAR_COMPLETE_LBD,True,0.0,0.0,False,,True,PROJECT_PREFILTER_PASS,[]
P37231,NR1C3,PPARγ,Nutritional sensors,2G0G,2G0G_1,1,"[""X-RAY DIFFRACTION""]",True,[2.54],2.54,2.54,PASS_PROJECT_RANGE,[0.264],0.264,0.264,PASS_ALL_LE_0_30,238,503,266,UNIPROT_PROSITE_NR_LBD,UNIPROT_CANONICAL_1_BASED_INCLUSIVE,266,1.0,NEAR_COMPLETE_LBD,True,0.0,0.0,False,,True,PROJECT_PREFILTER_PASS,[]
P37231,NR1C3,PPARγ,Nutritional sensors,2G0H,2G0H_1,1,"[""X-RAY DIFFRACTION""]",True,[2.3],2.3,2.3,PASS_PROJECT_RANGE,[0.293],0.293,0.293,PASS_ALL_LE_0_30,238,503,266,UNIPROT_PROSITE_NR_LBD,UNIPROT_CANONICAL_1_BASED_INCLUSIVE,266,1.0,NEAR_COMPLETE_LBD,True,0.0,0.0,False,,True,PROJECT_PREFILTER_PASS,[]
P37231,NR1C3,PPARγ,Nutritional sensors,2GTK,2GTK_1,1,"[""X-RAY DIFFRACTION""]",True,[2.1],2.1,2.1,PASS_PROJECT_RANGE,[0.26075],0.26075,0.26075,PASS_ALL_LE_0_30,238,503,266,UNIPROT_PROSITE_NR_LBD,UNIPROT_CANONICAL_1_BASED_INCLUSIVE,266,1.0,NEAR_COMPLETE_LBD,True,0.0,0.0,False,,True,PROJECT_PREFILTER_PASS,[]
P37231,NR1C3,PPARγ,Nutritional sensors,2HFP,2HFP_1,1,"[""X-RAY DIFFRACTION""]",True,[2.0],2.0,2.0,PASS_PROJECT_RANGE,[0.285],0.285,0.285,PASS_ALL_LE_0_30,238,503,266,UNIPROT_PROSITE_NR_LBD,UNIPROT_CANONICAL_1_BASED_INCLUSIVE,266,1.0,NEAR_COMPLETE_LBD,True,0.0,0.0,False,,True,PROJECT_PREFILTER_PASS,[]
P37231,NR1C3,PPARγ,Nutritional sensors,2HWQ,2HWQ_1,1,"[""X-RAY DIFFRACTION""]",True,[1.97],1.97,1.97,PASS_PROJECT_RANGE,[0.2646],0.2646,0.2646,PASS_ALL_LE_0_30,238,503,266,UNIPROT_PROSITE_NR_LBD,UNIPROT_CANONICAL_1_BASED_INCLUSIVE,266,1.0,NEAR_COMPLETE_LBD,True,0.0,0.0,False,,True,PROJECT_PREFILTER_PASS,[]
P37231,NR1C3,PPARγ,Nutritional sensors,2HWR,2HWR_1,1,"[""X-RAY DIFFRACTION""]",True,[2.34],2.34,2.34,PASS_PROJECT_RANGE,[0.316],0.316,0.316,FAIL_ALL_GT_0_30,238,503,266,UNIPROT_PROSITE_NR_LBD,UNIPROT_CANONICAL_1_BASED_INCLUSIVE,266,1.0,NEAR_COMPLETE_LBD,True,0.0,0.0,False,,False,RFREE_REVIEW,"[""RFREE_REVIEW""]"
P37231,NR1C3,PPARγ,Nutritional sensors,2I4J,2I4J_1,1,"[""X-RAY DIFFRACTION""]",True,[2.1],2.1,2.1,PASS_PROJECT_RANGE,[0.278],0.278,0.278,PASS_ALL_LE_0_30,238,503,266,UNIPROT_PROSITE_NR_LBD,UNIPROT_CANONICAL_1_BASED_INCLUSIVE,266,1.0,NEAR_COMPLETE_LBD,True,0.0,0.0,False,,True,PROJECT_PREFILTER_PASS,[]
P37231,NR1C3,PPARγ,Nutritional sensors,2I4P,2I4P_1,1,"[""X-RAY DIFFRACTION""]",True,[2.1],2.1,2.1,PASS_PROJECT_RANGE,[0.295],0.295,0.295,PASS_ALL_LE_0_30,238,503,266,UNIPROT_PROSITE_NR_LBD,UNIPROT_CANONICAL_1_BASED_INCLUSIVE,266,1.0,NEAR_COMPLETE_LBD,True,0.0,0.0,False,,True,PROJECT_PREFILTER_PASS,[]
P37231,NR1C3,PPARγ,Nutritional sensors,2I4Z,2I4Z_1,1,"[""X-RAY DIFFRACTION""]",True,[2.25],2.25,2.25,PASS_PROJECT_RANGE,[0.29],0.29,0.29,PASS_ALL_LE_0_30,238,503,266,UNIPROT_PROSITE_NR_LBD,UNIPROT_CANONICAL_1_BASED_INCLUSIVE,266,1.0,NEAR_COMPLETE_LBD,True,0.0,0.0,False,,True,PROJECT_PREFILTER_PASS,[]
P37231,NR1C3,PPARγ,Nutritional sensors,2OM9,2OM9_1,1,"[""X-RAY DIFFRACTION""]",True,[2.8],2.8,2.8,PASS_PROJECT_RANGE,[0.267],0.267,0.267,PASS_ALL_LE_0_30,238,503,266,UNIPROT_PROSITE_NR_LBD,UNIPROT_CANONICAL_1_BASED_INCLUSIVE,266,1.0,NEAR_COMPLETE_LBD,True,0.0,0.0,False,,True,PROJECT_PREFILTER_PASS,[]
P37231,NR1C3,PPARγ,Nutritional sensors,2P4Y,2P4Y_1,1,"[""X-RAY DIFFRACTION""]",True,[2.25],2.25,2.25,PASS_PROJECT_RANGE,[0.274],0.274,0.274,PASS_ALL_LE_0_30,238,503,266,UNIPROT_PROSITE_NR_LBD,UNIPROT_CANONICAL_1_BASED_INCLUSIVE,266,1.0,NEAR_COMPLETE_LBD,True,0.0,0.0,False,,True,PROJECT_PREFILTER_PASS,[]
P37231,NR1C3,PPARγ,Nutritional sensors,2POB,2POB_1,1,"[""X-RAY DIFFRACTION""]",True,[2.3],2.3,2.3,PASS_PROJECT_RANGE,[0.27302],0.27302,0.27302,PASS_ALL_LE_0_30,238,503,266,UNIPROT_PROSITE_NR_LBD,UNIPROT_CANONICAL_1_BASED_INCLUSIVE,266,1.0,NEAR_COMPLETE_LBD,True,0.0,0.0,False,,True,PROJECT_PREFILTER_PASS,[]
P37231,NR1C3,PPARγ,Nutritional sensors,2PRG,2PRG_1,1,"[""X-RAY DIFFRACTION""]",True,[2.3],2.3,2.3,PASS_PROJECT_RANGE,[0.264],0.264,0.264,PASS_ALL_LE_0_30,238,503,266,UNIPROT_PROSITE_NR_LBD,UNIPROT_CANONICAL_1_BASED_INCLUSIVE,266,1.0,NEAR_COMPLETE_LBD,True,0.0,0.0,False,,True,PROJECT_PREFILTER_PASS,[]
P37231,NR1C3,PPARγ,Nutritional sensors,2Q59,2Q59_1,1,"[""X-RAY DIFFRACTION""]",True,[2.2],2.2,2.2,PASS_PROJECT_RANGE,[0.23],0.23,0.23,PASS_ALL_LE_0_30,238,503,266,UNIPROT_PROSITE_NR_LBD,UNIPROT_CANONICAL_1_BASED_INCLUSIVE,266,1.0,NEAR_COMPLETE_LBD,True,0.0,0.0,False,,True,PROJECT_PREFILTER_PASS,[]
P37231,NR1C3,PPARγ,Nutritional sensors,2Q59,2Q59_2,2,"[""X-RAY DIFFRACTION""]",True,[2.2],2.2,2.2,PASS_PROJECT_RANGE,[0.23],0.23,0.23,PASS_ALL_LE_0_30,238,503,266,UNIPROT_PROSITE_NR_LBD,UNIPROT_CANONICAL_1_BASED_INCLUSIVE,266,1.0,NEAR_COMPLETE_LBD,True,0.0,0.0,False,,True,PROJECT_PREFILTER_PASS,[]
P37231,NR1C3,PPARγ,Nutritional sensors,2Q5P,2Q5P_1,1,"[""X-RAY DIFFRACTION""]",True,[2.3],2.3,2.3,PASS_PROJECT_RANGE,[0.247],0.247,0.247,PASS_ALL_LE_0_30,238,503,266,UNIPROT_PROSITE_NR_LBD,UNIPROT_CANONICAL_1_BASED_INCLUSIVE,266,1.0,NEAR_COMPLETE_LBD,True,0.0,0.0,False,,True,PROJECT_PREFILTER_PASS,[]
P37231,NR1C3,PPARγ,Nutritional sensors,2Q5S,2Q5S_1,1,"[""X-RAY DIFFRACTION""]",True,[2.05],2.05,2.05,PASS_PROJECT_RANGE,[0.245],0.245,0.245,PASS_ALL_LE_0_30,238,503,266,UNIPROT_PROSITE_NR_LBD,UNIPROT_CANONICAL_1_BASED_INCLUSIVE,266,1.0,NEAR_COMPLETE_LBD,True,0.0,0.0,False,,True,PROJECT_PREFILTER_PASS,[]
P37231,NR1C3,PPARγ,Nutritional sensors,2Q61,2Q61_1,1,"[""X-RAY DIFFRACTION""]",True,[2.197],2.197,2.197,PASS_PROJECT_RANGE,[0.229],0.229,0.229,PASS_ALL_LE_0_30,238,503,266,UNIPROT_PROSITE_NR_LBD,UNIPROT_CANONICAL_1_BASED_INCLUSIVE,266,1.0,NEAR_COMPLETE_LBD,True,0.0,0.0,False,,True,PROJECT_PREFILTER_PASS,[]
P37231,NR1C3,PPARγ,Nutritional sensors,2Q6R,2Q6R_1,1,"[""X-RAY DIFFRACTION""]",True,[2.407],2.407,2.407,PASS_PROJECT_RANGE,[0.284],0.284,0.284,PASS_ALL_LE_0_30,238,503,266,UNIPROT_PROSITE_NR_LBD,UNIPROT_CANONICAL_1_BASED_INCLUSIVE,266,1.0,NEAR_COMPLETE_LBD,True,0.0,0.0,False,,True,PROJECT_PREFILTER_PASS,[]
P37231,NR1C3,PPARγ,Nutritional sensors,2Q6S,2Q6S_1,1,"[""X-RAY DIFFRACTION""]",True,[2.4],2.4,2.4,PASS_PROJECT_RANGE,[0.264],0.264,0.264,PASS_ALL_LE_0_30,238,503,266,UNIPROT_PROSITE_NR_LBD,UNIPROT_CANONICAL_1_BASED_INCLUSIVE,266,1.0,NEAR_COMPLETE_LBD,True,0.0,0.0,False,,True,PROJECT_PREFILTER_PASS,[]
P37231,NR1C3,PPARγ,Nutritional sensors,2Q8S,2Q8S_1,1,"[""X-RAY DIFFRACTION""]",True,[2.3],2.3,2.3,PASS_PROJECT_RANGE,[0.28223],0.28223,0.28223,PASS_ALL_LE_0_30,238,503,266,UNIPROT_PROSITE_NR_LBD,UNIPROT_CANONICAL_1_BASED_INCLUSIVE,266,1.0,NEAR_COMPLETE_LBD,True,0.0,0.0,False,,True,PROJECT_PREFILTER_PASS,[]
P37231,NR1C3,PPARγ,Nutritional sensors,2QMV,2QMV_1,1,"[""SOLUTION NMR""]",False,[],,,MISSING,[],,,MISSING,238,503,266,UNIPROT_PROSITE_NR_LBD,UNIPROT_CANONICAL_1_BASED_INCLUSIVE,266,1.0,NEAR_COMPLETE_LBD,True,0.0,0.0,False,,False,MULTIPLE_REASONS,"[""NON_XRAY"", ""RESOLUTION_REVIEW"", ""RFREE_REVIEW"", ""METADATA_INCOMPLETE""]"
P37231,NR1C3,PPARγ,Nutritional sensors,2VSR,2VSR_1,1,"[""X-RAY DIFFRACTION""]",True,[2.05],2.05,2.05,PASS_PROJECT_RANGE,[0.266],0.266,0.266,PASS_ALL_LE_0_30,238,503,266,UNIPROT_PROSITE_NR_LBD,UNIPROT_CANONICAL_1_BASED_INCLUSIVE,266,1.0,NEAR_COMPLETE_LBD,True,0.0,0.0,False,,True,PROJECT_PREFILTER_PASS,[]
P37231,NR1C3,PPARγ,Nutritional sensors,2VST,2VST_1,1,"[""X-RAY DIFFRACTION""]",True,[2.35],2.35,2.35,PASS_PROJECT_RANGE,[0.274],0.274,0.274,PASS_ALL_LE_0_30,238,503,266,UNIPROT_PROSITE_NR_LBD,UNIPROT_CANONICAL_1_BASED_INCLUSIVE,266,1.0,NEAR_COMPLETE_LBD,True,0.0,0.0,False,,True,PROJECT_PREFILTER_PASS,[]
P37231,NR1C3,PPARγ,Nutritional sensors,2VV0,2VV0_1,1,"[""X-RAY DIFFRACTION""]",True,[2.55],2.55,2.55,PASS_PROJECT_RANGE,[0.261],0.261,0.261,PASS_ALL_LE_0_30,238,503,266,UNIPROT_PROSITE_NR_LBD,UNIPROT_CANONICAL_1_BASED_INCLUSIVE,266,1.0,NEAR_COMPLETE_LBD,True,0.0,0.0,False,,True,PROJECT_PREFILTER_PASS,[]
P37231,NR1C3,PPARγ,Nutritional sensors,2VV1,2VV1_1,1,"[""X-RAY DIFFRACTION""]",True,[2.2],2.2,2.2,PASS_PROJECT_RANGE,[0.277],0.277,0.277,PASS_ALL_LE_0_30,238,503,266,UNIPROT_PROSITE_NR_LBD,UNIPROT_CANONICAL_1_BASED_INCLUSIVE,266,1.0,NEAR_COMPLETE_LBD,True,0.0,0.0,False,,True,PROJECT_PREFILTER_PASS,[]
P37231,NR1C3,PPARγ,Nutritional sensors,2VV1,2VV1_2,2,"[""X-RAY DIFFRACTION""]",True,[2.2],2.2,2.2,PASS_PROJECT_RANGE,[0.277],0.277,0.277,PASS_ALL_LE_0_30,238,503,266,UNIPROT_PROSITE_NR_LBD,UNIPROT_CANONICAL_1_BASED_INCLUSIVE,266,1.0,NEAR_COMPLETE_LBD,True,0.0,0.0,False,,True,PROJECT_PREFILTER_PASS,[]
P37231,NR1C3,PPARγ,Nutritional sensors,2VV2,2VV2_1,1,"[""X-RAY DIFFRACTION""]",True,[2.75],2.75,2.75,PASS_PROJECT_RANGE,[0.263],0.263,0.263,PASS_ALL_LE_0_30,238,503,266,UNIPROT_PROSITE_NR_LBD,UNIPROT_CANONICAL_1_BASED_INCLUSIVE,266,1.0,NEAR_COMPLETE_LBD,True,0.0,0.0,False,,True,PROJECT_PREFILTER_PASS,[]
P37231,NR1C3,PPARγ,Nutritional sensors,2VV3,2VV3_1,1,"[""X-RAY DIFFRACTION""]",True,[2.85],2.85,2.85,PASS_PROJECT_RANGE,[0.252],0.252,0.252,PASS_ALL_LE_0_30,238,503,266,UNIPROT_PROSITE_NR_LBD,UNIPROT_CANONICAL_1_BASED_INCLUSIVE,266,1.0,NEAR_COMPLETE_LBD,True,0.0,0.0,False,,True,PROJECT_PREFILTER_PASS,[]
P37231,NR1C3,PPARγ,Nutritional sensors,2VV4,2VV4_1,1,"[""X-RAY DIFFRACTION""]",True,[2.35],2.35,2.35,PASS_PROJECT_RANGE,[0.252],0.252,0.252,PASS_ALL_LE_0_30,238,503,266,UNIPROT_PROSITE_NR_LBD,UNIPROT_CANONICAL_1_BASED_INCLUSIVE,266,1.0,NEAR_COMPLETE_LBD,True,0.0,0.0,False,,True,PROJECT_PREFILTER_PASS,[]
P37231,NR1C3,PPARγ,Nutritional sensors,2VV4,2VV4_2,2,"[""X-RAY DIFFRACTION""]",True,[2.35],2.35,2.35,PASS_PROJECT_RANGE,[0.252],0.252,0.252,PASS_ALL_LE_0_30,238,503,266,UNIPROT_PROSITE_NR_LBD,UNIPROT_CANONICAL_1_BASED_INCLUSIVE,266,1.0,NEAR_COMPLETE_LBD,True,0.0,0.0,False,,True,PROJECT_PREFILTER_PASS,[]
P37231,NR1C3,PPARγ,Nutritional sensors,2XKW,2XKW_1,1,"[""X-RAY DIFFRACTION""]",True,[2.02],2.02,2.02,PASS_PROJECT_RANGE,[0.202],0.202,0.202,PASS_ALL_LE_0_30,238,503,266,UNIPROT_PROSITE_NR_LBD,UNIPROT_CANONICAL_1_BASED_INCLUSIVE,266,1.0,NEAR_COMPLETE_LBD,True,0.0,0.0,False,,True,PROJECT_PREFILTER_PASS,[]
P37231,NR1C3,PPARγ,Nutritional sensors,2YFE,2YFE_1,1,"[""X-RAY DIFFRACTION""]",True,[2.0],2.0,2.0,PASS_PROJECT_RANGE,[0.25385],0.25385,0.25385,PASS_ALL_LE_0_30,238,503,266,UNIPROT_PROSITE_NR_LBD,UNIPROT_CANONICAL_1_BASED_INCLUSIVE,266,1.0,NEAR_COMPLETE_LBD,True,0.0,0.0,False,,True,PROJECT_PREFILTER_PASS,[]
P37231,NR1C3,PPARγ,Nutritional sensors,2ZK0,2ZK0_1,1,"[""X-RAY DIFFRACTION""]",True,[2.36],2.36,2.36,PASS_PROJECT_RANGE,[0.313],0.313,0.313,FAIL_ALL_GT_0_30,238,503,266,UNIPROT_PROSITE_NR_LBD,UNIPROT_CANONICAL_1_BASED_INCLUSIVE,266,1.0,NEAR_COMPLETE_LBD,True,0.0,0.0,False,,False,RFREE_REVIEW,"[""RFREE_REVIEW""]"
P37231,NR1C3,PPARγ,Nutritional sensors,2ZK1,2ZK1_1,1,"[""X-RAY DIFFRACTION""]",True,[2.61],2.61,2.61,PASS_PROJECT_RANGE,[0.307],0.307,0.307,FAIL_ALL_GT_0_30,238,503,266,UNIPROT_PROSITE_NR_LBD,UNIPROT_CANONICAL_1_BASED_INCLUSIVE,266,1.0,NEAR_COMPLETE_LBD,True,0.0,0.0,False,,False,RFREE_REVIEW,"[""RFREE_REVIEW""]"
P37231,NR1C3,PPARγ,Nutritional sensors,2ZK2,2ZK2_1,1,"[""X-RAY DIFFRACTION""]",True,[2.26],2.26,2.26,PASS_PROJECT_RANGE,[0.299],0.299,0.299,PASS_ALL_LE_0_30,238,503,266,UNIPROT_PROSITE_NR_LBD,UNIPROT_CANONICAL_1_BASED_INCLUSIVE,266,1.0,NEAR_COMPLETE_LBD,True,0.0,0.0,False,,True,PROJECT_PREFILTER_PASS,[]
P37231,NR1C3,PPARγ,Nutritional sensors,2ZK3,2ZK3_1,1,"[""X-RAY DIFFRACTION""]",True,[2.58],2.58,2.58,PASS_PROJECT_RANGE,[0.299],0.299,0.299,PASS_ALL_LE_0_30,238,503,266,UNIPROT_PROSITE_NR_LBD,UNIPROT_CANONICAL_1_BASED_INCLUSIVE,266,1.0,NEAR_COMPLETE_LBD,True,0.0,0.0,False,,True,PROJECT_PREFILTER_PASS,[]
P37231,NR1C3,PPARγ,Nutritional sensors,2ZK4,2ZK4_1,1,"[""X-RAY DIFFRACTION""]",True,[2.57],2.57,2.57,PASS_PROJECT_RANGE,[0.306],0.306,0.306,FAIL_ALL_GT_0_30,238,503,266,UNIPROT_PROSITE_NR_LBD,UNIPROT_CANONICAL_1_BASED_INCLUSIVE,266,1.0,NEAR_COMPLETE_LBD,True,0.0,0.0,False,,False,RFREE_REVIEW,"[""RFREE_REVIEW""]"
P37231,NR1C3,PPARγ,Nutritional sensors,2ZK5,2ZK5_1,1,"[""X-RAY DIFFRACTION""]",True,[2.45],2.45,2.45,PASS_PROJECT_RANGE,[0.306],0.306,0.306,FAIL_ALL_GT_0_30,238,503,266,UNIPROT_PROSITE_NR_LBD,UNIPROT_CANONICAL_1_BASED_INCLUSIVE,266,1.0,NEAR_COMPLETE_LBD,True,0.0,0.0,False,,False,RFREE_REVIEW,"[""RFREE_REVIEW""]"
P37231,NR1C3,PPARγ,Nutritional sensors,2ZK6,2ZK6_1,1,"[""X-RAY DIFFRACTION""]",True,[2.41],2.41,2.41,PASS_PROJECT_RANGE,[0.299],0.299,0.299,PASS_ALL_LE_0_30,238,503,266,UNIPROT_PROSITE_NR_LBD,UNIPROT_CANONICAL_1_BASED_INCLUSIVE,266,1.0,NEAR_COMPLETE_LBD,True,0.0,0.0,False,,True,PROJECT_PREFILTER_PASS,[]
P37231,NR1C3,PPARγ,Nutritional sensors,2ZNO,2ZNO_1,1,"[""X-RAY DIFFRACTION""]",True,[2.4],2.4,2.4,PASS_PROJECT_RANGE,[0.286],0.286,0.286,PASS_ALL_LE_0_30,238,503,266,UNIPROT_PROSITE_NR_LBD,UNIPROT_CANONICAL_1_BASED_INCLUSIVE,266,1.0,NEAR_COMPLETE_LBD,True,0.0,0.0,False,,True,PROJECT_PREFILTER_PASS,[]
P37231,NR1C3,PPARγ,Nutritional sensors,2ZVT,2ZVT_1,1,"[""X-RAY DIFFRACTION""]",True,[1.9],1.9,1.9,PASS_PROJECT_RANGE,[0.275],0.275,0.275,PASS_ALL_LE_0_30,238,503,266,UNIPROT_PROSITE_NR_LBD,UNIPROT_CANONICAL_1_BASED_INCLUSIVE,266,1.0,NEAR_COMPLETE_LBD,True,0.0,0.0,False,,True,PROJECT_PREFILTER_PASS,[]
P37231,NR1C3,PPARγ,Nutritional sensors,3ADS,3ADS_1,1,"[""X-RAY DIFFRACTION""]",True,[2.25],2.25,2.25,PASS_PROJECT_RANGE,[0.277],0.277,0.277,PASS_ALL_LE_0_30,238,503,266,UNIPROT_PROSITE_NR_LBD,UNIPROT_CANONICAL_1_BASED_INCLUSIVE,266,1.0,NEAR_COMPLETE_LBD,True,0.0,0.0,False,,True,PROJECT_PREFILTER_PASS,[]
P37231,NR1C3,PPARγ,Nutritional sensors,3ADT,3ADT_1,1,"[""X-RAY DIFFRACTION""]",True,[2.7],2.7,2.7,PASS_PROJECT_RANGE,[0.283],0.283,0.283,PASS_ALL_LE_0_30,238,503,266,UNIPROT_PROSITE_NR_LBD,UNIPROT_CANONICAL_1_BASED_INCLUSIVE,266,1.0,NEAR_COMPLETE_LBD,True,0.0,0.0,False,,True,PROJECT_PREFILTER_PASS,[]
P37231,NR1C3,PPARγ,Nutritional sensors,3ADU,3ADU_1,1,"[""X-RAY DIFFRACTION""]",True,[2.77],2.77,2.77,PASS_PROJECT_RANGE,[0.276],0.276,0.276,PASS_ALL_LE_0_30,238,503,266,UNIPROT_PROSITE_NR_LBD,UNIPROT_CANONICAL_1_BASED_INCLUSIVE,266,1.0,NEAR_COMPLETE_LBD,True,0.0,0.0,False,,True,PROJECT_PREFILTER_PASS,[]
P37231,NR1C3,PPARγ,Nutritional sensors,3ADV,3ADV_1,1,"[""X-RAY DIFFRACTION""]",True,[2.27],2.27,2.27,PASS_PROJECT_RANGE,[0.267],0.267,0.267,PASS_ALL_LE_0_30,238,503,266,UNIPROT_PROSITE_NR_LBD,UNIPROT_CANONICAL_1_BASED_INCLUSIVE,266,1.0,NEAR_COMPLETE_LBD,True,0.0,0.0,False,,True,PROJECT_PREFILTER_PASS,[]
P37231,NR1C3,PPARγ,Nutritional sensors,3ADW,3ADW_1,1,"[""X-RAY DIFFRACTION""]",True,[2.07],2.07,2.07,PASS_PROJECT_RANGE,[0.265],0.265,0.265,PASS_ALL_LE_0_30,238,503,266,UNIPROT_PROSITE_NR_LBD,UNIPROT_CANONICAL_1_BASED_INCLUSIVE,266,1.0,NEAR_COMPLETE_LBD,True,0.0,0.0,False,,True,PROJECT_PREFILTER_PASS,[]
P37231,NR1C3,PPARγ,Nutritional sensors,3ADX,3ADX_1,1,"[""X-RAY DIFFRACTION""]",True,[1.95],1.95,1.95,PASS_PROJECT_RANGE,[0.275],0.275,0.275,PASS_ALL_LE_0_30,238,503,266,UNIPROT_PROSITE_NR_LBD,UNIPROT_CANONICAL_1_BASED_INCLUSIVE,266,1.0,NEAR_COMPLETE_LBD,True,0.0,0.0,False,,True,PROJECT_PREFILTER_PASS,[]
P37231,NR1C3,PPARγ,Nutritional sensors,3AN3,3AN3_1,1,"[""X-RAY DIFFRACTION""]",True,[2.3],2.3,2.3,PASS_PROJECT_RANGE,[0.278],0.278,0.278,PASS_ALL_LE_0_30,238,503,266,UNIPROT_PROSITE_NR_LBD,UNIPROT_CANONICAL_1_BASED_INCLUSIVE,266,1.0,NEAR_COMPLETE_LBD,True,0.0,0.0,False,,True,PROJECT_PREFILTER_PASS,[]
P37231,NR1C3,PPARγ,Nutritional sensors,3AN4,3AN4_1,1,"[""X-RAY DIFFRACTION""]",True,[2.3],2.3,2.3,PASS_PROJECT_RANGE,[0.288],0.288,0.288,PASS_ALL_LE_0_30,238,503,266,UNIPROT_PROSITE_NR_LBD,UNIPROT_CANONICAL_1_BASED_INCLUSIVE,266,1.0,NEAR_COMPLETE_LBD,True,0.0,0.0,False,,True,PROJECT_PREFILTER_PASS,[]
P37231,NR1C3,PPARγ,Nutritional sensors,3B0Q,3B0Q_1,1,"[""X-RAY DIFFRACTION""]",True,[2.1],2.1,2.1,PASS_PROJECT_RANGE,[0.22945],0.22945,0.22945,PASS_ALL_LE_0_30,238,503,266,UNIPROT_PROSITE_NR_LBD,UNIPROT_CANONICAL_1_BASED_INCLUSIVE,266,1.0,NEAR_COMPLETE_LBD,True,0.0,0.0,False,,True,PROJECT_PREFILTER_PASS,[]
P37231,NR1C3,PPARγ,Nutritional sensors,3B0R,3B0R_1,1,"[""X-RAY DIFFRACTION""]",True,[2.15],2.15,2.15,PASS_PROJECT_RANGE,[0.24917],0.24917,0.24917,PASS_ALL_LE_0_30,238,503,266,UNIPROT_PROSITE_NR_LBD,UNIPROT_CANONICAL_1_BASED_INCLUSIVE,266,1.0,NEAR_COMPLETE_LBD,True,0.0,0.0,False,,True,PROJECT_PREFILTER_PASS,[]
P37231,NR1C3,PPARγ,Nutritional sensors,3B1M,3B1M_1,1,"[""X-RAY DIFFRACTION""]",True,[1.6],1.6,1.6,ULTRAHIGH_LT_1_8,[0.244],0.244,0.244,PASS_ALL_LE_0_30,238,503,266,UNIPROT_PROSITE_NR_LBD,UNIPROT_CANONICAL_1_BASED_INCLUSIVE,266,1.0,NEAR_COMPLETE_LBD,True,0.0,0.0,False,,False,RESOLUTION_REVIEW,"[""RESOLUTION_REVIEW""]"
P37231,NR1C3,PPARγ,Nutritional sensors,3B3K,3B3K_1,1,"[""X-RAY DIFFRACTION""]",True,[2.6],2.6,2.6,PASS_PROJECT_RANGE,[0.316],0.316,0.316,FAIL_ALL_GT_0_30,238,503,266,UNIPROT_PROSITE_NR_LBD,UNIPROT_CANONICAL_1_BASED_INCLUSIVE,266,1.0,NEAR_COMPLETE_LBD,True,0.0,0.0,False,,False,RFREE_REVIEW,"[""RFREE_REVIEW""]"
P37231,NR1C3,PPARγ,Nutritional sensors,3BC5,3BC5_1,1,"[""X-RAY DIFFRACTION""]",True,[2.27],2.27,2.27,PASS_PROJECT_RANGE,[0.249],0.249,0.249,PASS_ALL_LE_0_30,238,503,266,UNIPROT_PROSITE_NR_LBD,UNIPROT_CANONICAL_1_BASED_INCLUSIVE,266,1.0,NEAR_COMPLETE_LBD,True,0.0,0.0,False,,True,PROJECT_PREFILTER_PASS,[]
P37231,NR1C3,PPARγ,Nutritional sensors,3CDP,3CDP_1,1,"[""X-RAY DIFFRACTION""]",True,[2.8],2.8,2.8,PASS_PROJECT_RANGE,[0.298],0.298,0.298,PASS_ALL_LE_0_30,238,503,266,UNIPROT_PROSITE_NR_LBD,UNIPROT_CANONICAL_1_BASED_INCLUSIVE,266,1.0,NEAR_COMPLETE_LBD,True,0.0,0.0,False,,True,PROJECT_PREFILTER_PASS,[]
P37231,NR1C3,PPARγ,Nutritional sensors,3CDS,3CDS_1,1,"[""X-RAY DIFFRACTION""]",True,[2.65],2.65,2.65,PASS_PROJECT_RANGE,[0.319],0.319,0.319,FAIL_ALL_GT_0_30,238,503,266,UNIPROT_PROSITE_NR_LBD,UNIPROT_CANONICAL_1_BASED_INCLUSIVE,266,1.0,NEAR_COMPLETE_LBD,True,0.0,0.0,False,,False,RFREE_REVIEW,"[""RFREE_REVIEW""]"
P37231,NR1C3,PPARγ,Nutritional sensors,3CS8,3CS8_1,1,"[""X-RAY DIFFRACTION""]",True,[2.3],2.3,2.3,PASS_PROJECT_RANGE,[0.28185],0.28185,0.28185,PASS_ALL_LE_0_30,238,503,266,UNIPROT_PROSITE_NR_LBD,UNIPROT_CANONICAL_1_BASED_INCLUSIVE,266,1.0,NEAR_COMPLETE_LBD,True,0.0,0.0,False,,True,PROJECT_PREFILTER_PASS,[]
P37231,NR1C3,PPARγ,Nutritional sensors,3CWD,3CWD_1,1,"[""X-RAY DIFFRACTION""]",True,[2.4],2.4,2.4,PASS_PROJECT_RANGE,[0.29002],0.29002,0.29002,PASS_ALL_LE_0_30,238,503,266,UNIPROT_PROSITE_NR_LBD,UNIPROT_CANONICAL_1_BASED_INCLUSIVE,266,1.0,NEAR_COMPLETE_LBD,True,0.0,0.0,False,,True,PROJECT_PREFILTER_PASS,[]
P37231,NR1C3,PPARγ,Nutritional sensors,3D6D,3D6D_1,1,"[""X-RAY DIFFRACTION""]",True,[2.4],2.4,2.4,PASS_PROJECT_RANGE,[0.305],0.305,0.305,FAIL_ALL_GT_0_30,238,503,266,UNIPROT_PROSITE_NR_LBD,UNIPROT_CANONICAL_1_BASED_INCLUSIVE,266,1.0,NEAR_COMPLETE_LBD,True,0.0,0.0,False,,False,RFREE_REVIEW,"[""RFREE_REVIEW""]"
P37231,NR1C3,PPARγ,Nutritional sensors,3DZU,3DZU_2,2,"[""X-RAY DIFFRACTION""]",True,[3.2],3.2,3.2,PASS_PROJECT_RANGE,[0.272],0.272,0.272,PASS_ALL_LE_0_30,238,503,266,UNIPROT_PROSITE_NR_LBD,UNIPROT_CANONICAL_1_BASED_INCLUSIVE,266,1.0,NEAR_COMPLETE_LBD,True,75.0,1.0,False,,True,PROJECT_PREFILTER_PASS,[]
P37231,NR1C3,PPARγ,Nutritional sensors,3DZY,3DZY_2,2,"[""X-RAY DIFFRACTION""]",True,[3.1],3.1,3.1,PASS_PROJECT_RANGE,[0.268],0.268,0.268,PASS_ALL_LE_0_30,238,503,266,UNIPROT_PROSITE_NR_LBD,UNIPROT_CANONICAL_1_BASED_INCLUSIVE,266,1.0,NEAR_COMPLETE_LBD,True,75.0,1.0,False,,True,PROJECT_PREFILTER_PASS,[]
P37231,NR1C3,PPARγ,Nutritional sensors,3E00,3E00_2,2,"[""X-RAY DIFFRACTION""]",True,[3.1],3.1,3.1,PASS_PROJECT_RANGE,[0.276],0.276,0.276,PASS_ALL_LE_0_30,238,503,266,UNIPROT_PROSITE_NR_LBD,UNIPROT_CANONICAL_1_BASED_INCLUSIVE,266,1.0,NEAR_COMPLETE_LBD,True,75.0,1.0,False,,True,PROJECT_PREFILTER_PASS,[]
P37231,NR1C3,PPARγ,Nutritional sensors,3ET0,3ET0_1,1,"[""X-RAY DIFFRACTION""]",True,[2.4],2.4,2.4,PASS_PROJECT_RANGE,[0.2554],0.2554,0.2554,PASS_ALL_LE_0_30,238,503,266,UNIPROT_PROSITE_NR_LBD,UNIPROT_CANONICAL_1_BASED_INCLUSIVE,266,1.0,NEAR_COMPLETE_LBD,True,0.0,0.0,False,,True,PROJECT_PREFILTER_PASS,[]
P37231,NR1C3,PPARγ,Nutritional sensors,3ET3,3ET3_1,1,"[""X-RAY DIFFRACTION""]",True,[1.95],1.95,1.95,PASS_PROJECT_RANGE,[0.236],0.236,0.236,PASS_ALL_LE_0_30,238,503,266,UNIPROT_PROSITE_NR_LBD,UNIPROT_CANONICAL_1_BASED_INCLUSIVE,266,1.0,NEAR_COMPLETE_LBD,True,0.0,0.0,False,,True,PROJECT_PREFILTER_PASS,[]
P37231,NR1C3,PPARγ,Nutritional sensors,3FEJ,3FEJ_1,1,"[""X-RAY DIFFRACTION""]",True,[2.01],2.01,2.01,PASS_PROJECT_RANGE,[0.24979],0.24979,0.24979,PASS_ALL_LE_0_30,238,503,266,UNIPROT_PROSITE_NR_LBD,UNIPROT_CANONICAL_1_BASED_INCLUSIVE,266,1.0,NEAR_COMPLETE_LBD,True,0.0,0.0,False,,True,PROJECT_PREFILTER_PASS,[]
P37231,NR1C3,PPARγ,Nutritional sensors,3FUR,3FUR_1,1,"[""X-RAY DIFFRACTION""]",True,[2.3],2.3,2.3,PASS_PROJECT_RANGE,[0.2425],0.2425,0.2425,PASS_ALL_LE_0_30,238,503,266,UNIPROT_PROSITE_NR_LBD,UNIPROT_CANONICAL_1_BASED_INCLUSIVE,266,1.0,NEAR_COMPLETE_LBD,True,0.0,0.0,False,,True,PROJECT_PREFILTER_PASS,[]
P37231,NR1C3,PPARγ,Nutritional sensors,3G9E,3G9E_1,1,"[""X-RAY DIFFRACTION""]",True,[2.3],2.3,2.3,PASS_PROJECT_RANGE,[0.262],0.262,0.262,PASS_ALL_LE_0_30,238,503,266,UNIPROT_PROSITE_NR_LBD,UNIPROT_CANONICAL_1_BASED_INCLUSIVE,266,1.0,NEAR_COMPLETE_LBD,True,0.0,0.0,False,,True,PROJECT_PREFILTER_PASS,[]
P37231,NR1C3,PPARγ,Nutritional sensors,3GBK,3GBK_1,1,"[""X-RAY DIFFRACTION""]",True,[2.3],2.3,2.3,PASS_PROJECT_RANGE,[0.29785],0.29785,0.29785,PASS_ALL_LE_0_30,238,503,266,UNIPROT_PROSITE_NR_LBD,UNIPROT_CANONICAL_1_BASED_INCLUSIVE,266,1.0,NEAR_COMPLETE_LBD,True,0.0,0.0,False,,True,PROJECT_PREFILTER_PASS,[]
P37231,NR1C3,PPARγ,Nutritional sensors,3H0A,3H0A_2,2,"[""X-RAY DIFFRACTION""]",True,[2.1],2.1,2.1,PASS_PROJECT_RANGE,[0.34165],0.34165,0.34165,FAIL_ALL_GT_0_30,238,503,266,UNIPROT_PROSITE_NR_LBD,UNIPROT_CANONICAL_1_BASED_INCLUSIVE,266,1.0,NEAR_COMPLETE_LBD,True,0.0,0.0,False,,False,RFREE_REVIEW,"[""RFREE_REVIEW""]"
P37231,NR1C3,PPARγ,Nutritional sensors,3HO0,3HO0_1,1,"[""X-RAY DIFFRACTION""]",True,[2.6],2.6,2.6,PASS_PROJECT_RANGE,[0.328],0.328,0.328,FAIL_ALL_GT_0_30,238,503,266,UNIPROT_PROSITE_NR_LBD,UNIPROT_CANONICAL_1_BASED_INCLUSIVE,266,1.0,NEAR_COMPLETE_LBD,True,0.0,0.0,False,,False,RFREE_REVIEW,"[""RFREE_REVIEW""]"
P37231,NR1C3,PPARγ,Nutritional sensors,3HOD,3HOD_1,1,"[""X-RAY DIFFRACTION""]",True,[2.1],2.1,2.1,PASS_PROJECT_RANGE,[0.29],0.29,0.29,PASS_ALL_LE_0_30,238,503,266,UNIPROT_PROSITE_NR_LBD,UNIPROT_CANONICAL_1_BASED_INCLUSIVE,266,1.0,NEAR_COMPLETE_LBD,True,0.0,0.0,False,,True,PROJECT_PREFILTER_PASS,[]
P37231,NR1C3,PPARγ,Nutritional sensors,3IA6,3IA6_1,1,"[""X-RAY DIFFRACTION""]",True,[2.31],2.31,2.31,PASS_PROJECT_RANGE,[0.29712],0.29712,0.29712,PASS_ALL_LE_0_30,238,503,266,UNIPROT_PROSITE_NR_LBD,UNIPROT_CANONICAL_1_BASED_INCLUSIVE,266,1.0,NEAR_COMPLETE_LBD,True,0.0,0.0,False,,True,PROJECT_PREFILTER_PASS,[]
P37231,NR1C3,PPARγ,Nutritional sensors,3K8S,3K8S_1,1,"[""X-RAY DIFFRACTION""]",True,[2.55],2.55,2.55,PASS_PROJECT_RANGE,[0.273],0.273,0.273,PASS_ALL_LE_0_30,238,503,266,UNIPROT_PROSITE_NR_LBD,UNIPROT_CANONICAL_1_BASED_INCLUSIVE,266,1.0,NEAR_COMPLETE_LBD,True,0.0,0.0,False,,True,PROJECT_PREFILTER_PASS,[]
P37231,NR1C3,PPARγ,Nutritional sensors,3KMG,3KMG_1,1,"[""X-RAY DIFFRACTION""]",True,[2.1],2.1,2.1,PASS_PROJECT_RANGE,[0.23014],0.23014,0.23014,PASS_ALL_LE_0_30,238,503,266,UNIPROT_PROSITE_NR_LBD,UNIPROT_CANONICAL_1_BASED_INCLUSIVE,266,1.0,NEAR_COMPLETE_LBD,True,0.0,0.0,False,,True,PROJECT_PREFILTER_PASS,[]
P37231,NR1C3,PPARγ,Nutritional sensors,3LMP,3LMP_1,1,"[""X-RAY DIFFRACTION""]",True,[1.9],1.9,1.9,PASS_PROJECT_RANGE,[0.242],0.242,0.242,PASS_ALL_LE_0_30,238,503,266,UNIPROT_PROSITE_NR_LBD,UNIPROT_CANONICAL_1_BASED_INCLUSIVE,266,1.0,NEAR_COMPLETE_LBD,True,0.0,0.0,False,,True,PROJECT_PREFILTER_PASS,[]
P37231,NR1C3,PPARγ,Nutritional sensors,3NOA,3NOA_1,1,"[""X-RAY DIFFRACTION""]",True,[1.98],1.98,1.98,PASS_PROJECT_RANGE,[0.27482],0.27482,0.27482,PASS_ALL_LE_0_30,238,503,266,UNIPROT_PROSITE_NR_LBD,UNIPROT_CANONICAL_1_BASED_INCLUSIVE,266,1.0,NEAR_COMPLETE_LBD,True,0.0,0.0,False,,True,PROJECT_PREFILTER_PASS,[]
P37231,NR1C3,PPARγ,Nutritional sensors,3OSI,3OSI_1,1,"[""X-RAY DIFFRACTION""]",True,[2.7],2.7,2.7,PASS_PROJECT_RANGE,[0.253],0.253,0.253,PASS_ALL_LE_0_30,238,503,266,UNIPROT_PROSITE_NR_LBD,UNIPROT_CANONICAL_1_BASED_INCLUSIVE,266,1.0,NEAR_COMPLETE_LBD,True,0.0,0.0,False,,True,PROJECT_PREFILTER_PASS,[]
P37231,NR1C3,PPARγ,Nutritional sensors,3OSW,3OSW_1,1,"[""X-RAY DIFFRACTION""]",True,[2.55],2.55,2.55,PASS_PROJECT_RANGE,[0.2507],0.2507,0.2507,PASS_ALL_LE_0_30,238,503,266,UNIPROT_PROSITE_NR_LBD,UNIPROT_CANONICAL_1_BASED_INCLUSIVE,266,1.0,NEAR_COMPLETE_LBD,True,0.0,0.0,False,,True,PROJECT_PREFILTER_PASS,[]
P37231,NR1C3,PPARγ,Nutritional sensors,3PBA,3PBA_1,1,"[""X-RAY DIFFRACTION""]",True,[2.3],2.3,2.3,PASS_PROJECT_RANGE,[0.255],0.255,0.255,PASS_ALL_LE_0_30,238,503,266,UNIPROT_PROSITE_NR_LBD,UNIPROT_CANONICAL_1_BASED_INCLUSIVE,266,1.0,NEAR_COMPLETE_LBD,True,0.0,0.0,False,,True,PROJECT_PREFILTER_PASS,[]
P37231,NR1C3,PPARγ,Nutritional sensors,3PO9,3PO9_1,1,"[""X-RAY DIFFRACTION""]",True,[2.35],2.35,2.35,PASS_PROJECT_RANGE,[0.2692],0.2692,0.2692,PASS_ALL_LE_0_30,238,503,266,UNIPROT_PROSITE_NR_LBD,UNIPROT_CANONICAL_1_BASED_INCLUSIVE,266,1.0,NEAR_COMPLETE_LBD,True,0.0,0.0,False,,True,PROJECT_PREFILTER_PASS,[]
P37231,NR1C3,PPARγ,Nutritional sensors,3PRG,3PRG_1,1,"[""X-RAY DIFFRACTION""]",True,[2.9],2.9,2.9,PASS_PROJECT_RANGE,[0.271],0.271,0.271,PASS_ALL_LE_0_30,238,503,266,UNIPROT_PROSITE_NR_LBD,UNIPROT_CANONICAL_1_BASED_INCLUSIVE,266,1.0,NEAR_COMPLETE_LBD,True,0.0,0.0,False,,True,PROJECT_PREFILTER_PASS,[]
P37231,NR1C3,PPARγ,Nutritional sensors,3QT0,3QT0_1,1,"[""X-RAY DIFFRACTION""]",True,[2.496],2.496,2.496,PASS_PROJECT_RANGE,[0.2768],0.2768,0.2768,PASS_ALL_LE_0_30,238,503,266,UNIPROT_PROSITE_NR_LBD,UNIPROT_CANONICAL_1_BASED_INCLUSIVE,266,1.0,NEAR_COMPLETE_LBD,True,0.0,0.0,False,,True,PROJECT_PREFILTER_PASS,[]
P37231,NR1C3,PPARγ,Nutritional sensors,3R5N,3R5N_1,1,"[""X-RAY DIFFRACTION""]",True,[2.0],2.0,2.0,PASS_PROJECT_RANGE,[0.29304],0.29304,0.29304,PASS_ALL_LE_0_30,238,503,266,UNIPROT_PROSITE_NR_LBD,UNIPROT_CANONICAL_1_BASED_INCLUSIVE,266,1.0,NEAR_COMPLETE_LBD,True,0.0,0.0,False,,True,PROJECT_PREFILTER_PASS,[]
P37231,NR1C3,PPARγ,Nutritional sensors,3R8A,3R8A_1,1,"[""X-RAY DIFFRACTION""]",True,[2.41],2.41,2.41,PASS_PROJECT_RANGE,[0.2807],0.2807,0.2807,PASS_ALL_LE_0_30,238,503,266,UNIPROT_PROSITE_NR_LBD,UNIPROT_CANONICAL_1_BASED_INCLUSIVE,266,1.0,NEAR_COMPLETE_LBD,True,0.0,0.0,False,,True,PROJECT_PREFILTER_PASS,[]
P37231,NR1C3,PPARγ,Nutritional sensors,3R8I,3R8I_1,1,"[""X-RAY DIFFRACTION""]",True,[2.3],2.3,2.3,PASS_PROJECT_RANGE,[0.285],0.285,0.285,PASS_ALL_LE_0_30,238,503,266,UNIPROT_PROSITE_NR_LBD,UNIPROT_CANONICAL_1_BASED_INCLUSIVE,266,1.0,NEAR_COMPLETE_LBD,True,0.0,0.0,False,,True,PROJECT_PREFILTER_PASS,[]
P37231,NR1C3,PPARγ,Nutritional sensors,3S9S,3S9S_1,1,"[""X-RAY DIFFRACTION""]",True,[2.55],2.55,2.55,PASS_PROJECT_RANGE,[0.284],0.284,0.284,PASS_ALL_LE_0_30,238,503,266,UNIPROT_PROSITE_NR_LBD,UNIPROT_CANONICAL_1_BASED_INCLUSIVE,266,1.0,NEAR_COMPLETE_LBD,True,0.0,0.0,False,,True,PROJECT_PREFILTER_PASS,[]
P37231,NR1C3,PPARγ,Nutritional sensors,3SZ1,3SZ1_1,1,"[""X-RAY DIFFRACTION""]",True,[2.3],2.3,2.3,PASS_PROJECT_RANGE,[0.24],0.24,0.24,PASS_ALL_LE_0_30,238,503,266,UNIPROT_PROSITE_NR_LBD,UNIPROT_CANONICAL_1_BASED_INCLUSIVE,266,1.0,NEAR_COMPLETE_LBD,True,0.0,0.0,False,,True,PROJECT_PREFILTER_PASS,[]
P37231,NR1C3,PPARγ,Nutritional sensors,3T03,3T03_1,1,"[""X-RAY DIFFRACTION""]",True,[2.1],2.1,2.1,PASS_PROJECT_RANGE,[0.2466],0.2466,0.2466,PASS_ALL_LE_0_30,238,503,266,UNIPROT_PROSITE_NR_LBD,UNIPROT_CANONICAL_1_BASED_INCLUSIVE,266,1.0,NEAR_COMPLETE_LBD,True,0.0,0.0,False,,True,PROJECT_PREFILTER_PASS,[]
P37231,NR1C3,PPARγ,Nutritional sensors,3TY0,3TY0_1,1,"[""X-RAY DIFFRACTION""]",True,[2.0],2.0,2.0,PASS_PROJECT_RANGE,[0.2728],0.2728,0.2728,PASS_ALL_LE_0_30,238,503,266,UNIPROT_PROSITE_NR_LBD,UNIPROT_CANONICAL_1_BASED_INCLUSIVE,266,1.0,NEAR_COMPLETE_LBD,True,0.0,0.0,False,,True,PROJECT_PREFILTER_PASS,[]
P37231,NR1C3,PPARγ,Nutritional sensors,3U9Q,3U9Q_1,1,"[""X-RAY DIFFRACTION""]",True,[1.522],1.522,1.522,ULTRAHIGH_LT_1_8,[0.2221],0.2221,0.2221,PASS_ALL_LE_0_30,238,503,266,UNIPROT_PROSITE_NR_LBD,UNIPROT_CANONICAL_1_BASED_INCLUSIVE,266,1.0,NEAR_COMPLETE_LBD,True,0.0,0.0,False,,False,RESOLUTION_REVIEW,"[""RESOLUTION_REVIEW""]"
P37231,NR1C3,PPARγ,Nutritional sensors,3V9T,3V9T_1,1,"[""X-RAY DIFFRACTION""]",True,[1.65],1.65,1.65,ULTRAHIGH_LT_1_8,[0.21878],0.21878,0.21878,PASS_ALL_LE_0_30,238,503,266,UNIPROT_PROSITE_NR_LBD,UNIPROT_CANONICAL_1_BASED_INCLUSIVE,266,1.0,NEAR_COMPLETE_LBD,True,0.0,0.0,False,,False,RESOLUTION_REVIEW,"[""RESOLUTION_REVIEW""]"
P37231,NR1C3,PPARγ,Nutritional sensors,3V9V,3V9V_1,1,"[""X-RAY DIFFRACTION""]",True,[1.6],1.6,1.6,ULTRAHIGH_LT_1_8,[0.24403],0.24403,0.24403,PASS_ALL_LE_0_30,238,503,266,UNIPROT_PROSITE_NR_LBD,UNIPROT_CANONICAL_1_BASED_INCLUSIVE,266,1.0,NEAR_COMPLETE_LBD,True,0.0,0.0,False,,False,RESOLUTION_REVIEW,"[""RESOLUTION_REVIEW""]"
P37231,NR1C3,PPARγ,Nutritional sensors,3V9Y,3V9Y_1,1,"[""X-RAY DIFFRACTION""]",True,[2.1],2.1,2.1,PASS_PROJECT_RANGE,[0.252],0.252,0.252,PASS_ALL_LE_0_30,238,503,266,UNIPROT_PROSITE_NR_LBD,UNIPROT_CANONICAL_1_BASED_INCLUSIVE,266,1.0,NEAR_COMPLETE_LBD,True,0.0,0.0,False,,True,PROJECT_PREFILTER_PASS,[]
P37231,NR1C3,PPARγ,Nutritional sensors,3VJH,3VJH_1,1,"[""X-RAY DIFFRACTION""]",True,[2.22],2.22,2.22,PASS_PROJECT_RANGE,[0.24689],0.24689,0.24689,PASS_ALL_LE_0_30,238,503,266,UNIPROT_PROSITE_NR_LBD,UNIPROT_CANONICAL_1_BASED_INCLUSIVE,266,1.0,NEAR_COMPLETE_LBD,True,0.0,0.0,False,,True,PROJECT_PREFILTER_PASS,[]
P37231,NR1C3,PPARγ,Nutritional sensors,3VJI,3VJI_1,1,"[""X-RAY DIFFRACTION""]",True,[2.61],2.61,2.61,PASS_PROJECT_RANGE,[0.27967],0.27967,0.27967,PASS_ALL_LE_0_30,238,503,266,UNIPROT_PROSITE_NR_LBD,UNIPROT_CANONICAL_1_BASED_INCLUSIVE,266,1.0,NEAR_COMPLETE_LBD,True,0.0,0.0,False,,True,PROJECT_PREFILTER_PASS,[]
P37231,NR1C3,PPARγ,Nutritional sensors,3VN2,3VN2_1,1,"[""X-RAY DIFFRACTION""]",True,[2.18],2.18,2.18,PASS_PROJECT_RANGE,[0.30851],0.30851,0.30851,FAIL_ALL_GT_0_30,238,503,266,UNIPROT_PROSITE_NR_LBD,UNIPROT_CANONICAL_1_BASED_INCLUSIVE,266,1.0,NEAR_COMPLETE_LBD,True,0.0,0.0,False,,False,RFREE_REVIEW,"[""RFREE_REVIEW""]"
P37231,NR1C3,PPARγ,Nutritional sensors,3VSO,3VSO_1,1,"[""X-RAY DIFFRACTION""]",True,[2.0],2.0,2.0,PASS_PROJECT_RANGE,[0.2567],0.2567,0.2567,PASS_ALL_LE_0_30,238,503,266,UNIPROT_PROSITE_NR_LBD,UNIPROT_CANONICAL_1_BASED_INCLUSIVE,266,1.0,NEAR_COMPLETE_LBD,True,0.0,0.0,False,,True,PROJECT_PREFILTER_PASS,[]
P37231,NR1C3,PPARγ,Nutritional sensors,3VSP,3VSP_1,1,"[""X-RAY DIFFRACTION""]",True,[2.4],2.4,2.4,PASS_PROJECT_RANGE,[0.274],0.274,0.274,PASS_ALL_LE_0_30,238,503,266,UNIPROT_PROSITE_NR_LBD,UNIPROT_CANONICAL_1_BASED_INCLUSIVE,266,1.0,NEAR_COMPLETE_LBD,True,0.0,0.0,False,,True,PROJECT_PREFILTER_PASS,[]
P37231,NR1C3,PPARγ,Nutritional sensors,3WJ4,3WJ4_1,1,"[""X-RAY DIFFRACTION""]",True,[1.95],1.95,1.95,PASS_PROJECT_RANGE,[0.24122],0.24122,0.24122,PASS_ALL_LE_0_30,238,503,266,UNIPROT_PROSITE_NR_LBD,UNIPROT_CANONICAL_1_BASED_INCLUSIVE,266,1.0,NEAR_COMPLETE_LBD,True,0.0,0.0,False,,True,PROJECT_PREFILTER_PASS,[]
P37231,NR1C3,PPARγ,Nutritional sensors,3WJ5,3WJ5_1,1,"[""X-RAY DIFFRACTION""]",True,[1.89],1.89,1.89,PASS_PROJECT_RANGE,[0.24741],0.24741,0.24741,PASS_ALL_LE_0_30,238,503,266,UNIPROT_PROSITE_NR_LBD,UNIPROT_CANONICAL_1_BASED_INCLUSIVE,266,1.0,NEAR_COMPLETE_LBD,True,0.0,0.0,False,,True,PROJECT_PREFILTER_PASS,[]
P37231,NR1C3,PPARγ,Nutritional sensors,3WMH,3WMH_1,1,"[""X-RAY DIFFRACTION""]",True,[2.1],2.1,2.1,PASS_PROJECT_RANGE,[0.2575],0.2575,0.2575,PASS_ALL_LE_0_30,238,503,266,UNIPROT_PROSITE_NR_LBD,UNIPROT_CANONICAL_1_BASED_INCLUSIVE,266,1.0,NEAR_COMPLETE_LBD,True,0.0,0.0,False,,True,PROJECT_PREFILTER_PASS,[]
P37231,NR1C3,PPARγ,Nutritional sensors,3X1H,3X1H_1,1,"[""X-RAY DIFFRACTION""]",True,[2.3],2.3,2.3,PASS_PROJECT_RANGE,[0.26636],0.26636,0.26636,PASS_ALL_LE_0_30,238,503,266,UNIPROT_PROSITE_NR_LBD,UNIPROT_CANONICAL_1_BASED_INCLUSIVE,266,1.0,NEAR_COMPLETE_LBD,True,0.0,0.0,False,,True,PROJECT_PREFILTER_PASS,[]
P37231,NR1C3,PPARγ,Nutritional sensors,3X1I,3X1I_1,1,"[""X-RAY DIFFRACTION""]",True,[2.4],2.4,2.4,PASS_PROJECT_RANGE,[0.27878],0.27878,0.27878,PASS_ALL_LE_0_30,238,503,266,UNIPROT_PROSITE_NR_LBD,UNIPROT_CANONICAL_1_BASED_INCLUSIVE,266,1.0,NEAR_COMPLETE_LBD,True,0.0,0.0,False,,True,PROJECT_PREFILTER_PASS,[]
P37231,NR1C3,PPARγ,Nutritional sensors,4A4V,4A4V_1,1,"[""X-RAY DIFFRACTION""]",True,[2.0],2.0,2.0,PASS_PROJECT_RANGE,[0.25907],0.25907,0.25907,PASS_ALL_LE_0_30,238,503,266,UNIPROT_PROSITE_NR_LBD,UNIPROT_CANONICAL_1_BASED_INCLUSIVE,266,1.0,NEAR_COMPLETE_LBD,True,0.0,0.0,False,,True,PROJECT_PREFILTER_PASS,[]
P37231,NR1C3,PPARγ,Nutritional sensors,4A4W,4A4W_1,1,"[""X-RAY DIFFRACTION""]",True,[2.0],2.0,2.0,PASS_PROJECT_RANGE,[0.23436],0.23436,0.23436,PASS_ALL_LE_0_30,238,503,266,UNIPROT_PROSITE_NR_LBD,UNIPROT_CANONICAL_1_BASED_INCLUSIVE,266,1.0,NEAR_COMPLETE_LBD,True,0.0,0.0,False,,True,PROJECT_PREFILTER_PASS,[]
P37231,NR1C3,PPARγ,Nutritional sensors,4CI5,4CI5_1,1,"[""X-RAY DIFFRACTION""]",True,[1.77],1.77,1.77,ULTRAHIGH_LT_1_8,[0.2125],0.2125,0.2125,PASS_ALL_LE_0_30,238,503,266,UNIPROT_PROSITE_NR_LBD,UNIPROT_CANONICAL_1_BASED_INCLUSIVE,266,1.0,NEAR_COMPLETE_LBD,True,0.0,0.0,False,,False,RESOLUTION_REVIEW,"[""RESOLUTION_REVIEW""]"
P37231,NR1C3,PPARγ,Nutritional sensors,4E4K,4E4K_1,1,"[""X-RAY DIFFRACTION""]",True,[2.5],2.5,2.5,PASS_PROJECT_RANGE,[0.335],0.335,0.335,FAIL_ALL_GT_0_30,238,503,266,UNIPROT_PROSITE_NR_LBD,UNIPROT_CANONICAL_1_BASED_INCLUSIVE,266,1.0,NEAR_COMPLETE_LBD,True,0.0,0.0,False,,False,RFREE_REVIEW,"[""RFREE_REVIEW""]"
P37231,NR1C3,PPARγ,Nutritional sensors,4E4Q,4E4Q_1,1,"[""X-RAY DIFFRACTION""]",True,[2.5],2.5,2.5,PASS_PROJECT_RANGE,[0.298],0.298,0.298,PASS_ALL_LE_0_30,238,503,266,UNIPROT_PROSITE_NR_LBD,UNIPROT_CANONICAL_1_BASED_INCLUSIVE,266,1.0,NEAR_COMPLETE_LBD,True,0.0,0.0,False,,True,PROJECT_PREFILTER_PASS,[]
P37231,NR1C3,PPARγ,Nutritional sensors,4EM9,4EM9_1,1,"[""X-RAY DIFFRACTION""]",True,[2.1],2.1,2.1,PASS_PROJECT_RANGE,[0.2351],0.2351,0.2351,PASS_ALL_LE_0_30,238,503,266,UNIPROT_PROSITE_NR_LBD,UNIPROT_CANONICAL_1_BASED_INCLUSIVE,266,1.0,NEAR_COMPLETE_LBD,True,0.0,0.0,False,,True,PROJECT_PREFILTER_PASS,[]
P37231,NR1C3,PPARγ,Nutritional sensors,4EMA,4EMA_1,1,"[""X-RAY DIFFRACTION""]",True,[2.545],2.545,2.545,PASS_PROJECT_RANGE,[0.2247],0.2247,0.2247,PASS_ALL_LE_0_30,238,503,266,UNIPROT_PROSITE_NR_LBD,UNIPROT_CANONICAL_1_BASED_INCLUSIVE,266,1.0,NEAR_COMPLETE_LBD,True,0.0,0.0,False,,True,PROJECT_PREFILTER_PASS,[]
P37231,NR1C3,PPARγ,Nutritional sensors,4F9M,4F9M_1,1,"[""X-RAY DIFFRACTION""]",True,[1.9],1.9,1.9,PASS_PROJECT_RANGE,[0.254],0.254,0.254,PASS_ALL_LE_0_30,238,503,266,UNIPROT_PROSITE_NR_LBD,UNIPROT_CANONICAL_1_BASED_INCLUSIVE,266,1.0,NEAR_COMPLETE_LBD,True,0.0,0.0,False,,True,PROJECT_PREFILTER_PASS,[]
P37231,NR1C3,PPARγ,Nutritional sensors,4FGY,4FGY_1,1,"[""X-RAY DIFFRACTION""]",True,[2.84],2.84,2.84,PASS_PROJECT_RANGE,[0.28537],0.28537,0.28537,PASS_ALL_LE_0_30,238,503,266,UNIPROT_PROSITE_NR_LBD,UNIPROT_CANONICAL_1_BASED_INCLUSIVE,266,1.0,NEAR_COMPLETE_LBD,True,0.0,0.0,False,,True,PROJECT_PREFILTER_PASS,[]
P37231,NR1C3,PPARγ,Nutritional sensors,4HEE,4HEE_1,1,"[""X-RAY DIFFRACTION""]",True,[2.5],2.5,2.5,PASS_PROJECT_RANGE,[0.2578],0.2578,0.2578,PASS_ALL_LE_0_30,238,503,266,UNIPROT_PROSITE_NR_LBD,UNIPROT_CANONICAL_1_BASED_INCLUSIVE,266,1.0,NEAR_COMPLETE_LBD,True,0.0,0.0,False,,True,PROJECT_PREFILTER_PASS,[]
P37231,NR1C3,PPARγ,Nutritional sensors,4JAZ,4JAZ_1,1,"[""X-RAY DIFFRACTION""]",True,[2.85],2.85,2.85,PASS_PROJECT_RANGE,[0.2635],0.2635,0.2635,PASS_ALL_LE_0_30,238,503,266,UNIPROT_PROSITE_NR_LBD,UNIPROT_CANONICAL_1_BASED_INCLUSIVE,266,1.0,NEAR_COMPLETE_LBD,True,0.0,0.0,False,,True,PROJECT_PREFILTER_PASS,[]
P37231,NR1C3,PPARγ,Nutritional sensors,4JL4,4JL4_1,1,"[""X-RAY DIFFRACTION""]",True,[2.5],2.5,2.5,PASS_PROJECT_RANGE,[0.2871],0.2871,0.2871,PASS_ALL_LE_0_30,238,503,266,UNIPROT_PROSITE_NR_LBD,UNIPROT_CANONICAL_1_BASED_INCLUSIVE,266,1.0,NEAR_COMPLETE_LBD,True,0.0,0.0,False,,True,PROJECT_PREFILTER_PASS,[]
P37231,NR1C3,PPARγ,Nutritional sensors,4L96,4L96_1,1,"[""X-RAY DIFFRACTION""]",True,[2.38],2.38,2.38,PASS_PROJECT_RANGE,[0.22585],0.22585,0.22585,PASS_ALL_LE_0_30,238,503,266,UNIPROT_PROSITE_NR_LBD,UNIPROT_CANONICAL_1_BASED_INCLUSIVE,266,1.0,NEAR_COMPLETE_LBD,True,0.0,0.0,False,,True,PROJECT_PREFILTER_PASS,[]
P37231,NR1C3,PPARγ,Nutritional sensors,4L98,4L98_1,1,"[""X-RAY DIFFRACTION""]",True,[2.28],2.28,2.28,PASS_PROJECT_RANGE,[0.2576],0.2576,0.2576,PASS_ALL_LE_0_30,238,503,266,UNIPROT_PROSITE_NR_LBD,UNIPROT_CANONICAL_1_BASED_INCLUSIVE,266,1.0,NEAR_COMPLETE_LBD,True,0.0,0.0,False,,True,PROJECT_PREFILTER_PASS,[]
P37231,NR1C3,PPARγ,Nutritional sensors,4O8F,4O8F_1,1,"[""X-RAY DIFFRACTION""]",True,[2.6],2.6,2.6,PASS_PROJECT_RANGE,[0.2971],0.2971,0.2971,PASS_ALL_LE_0_30,238,503,266,UNIPROT_PROSITE_NR_LBD,UNIPROT_CANONICAL_1_BASED_INCLUSIVE,266,1.0,NEAR_COMPLETE_LBD,True,0.0,0.0,False,,True,PROJECT_PREFILTER_PASS,[]
P37231,NR1C3,PPARγ,Nutritional sensors,4OJ4,4OJ4_1,1,"[""X-RAY DIFFRACTION""]",True,[2.3],2.3,2.3,PASS_PROJECT_RANGE,[0.2837],0.2837,0.2837,PASS_ALL_LE_0_30,238,503,266,UNIPROT_PROSITE_NR_LBD,UNIPROT_CANONICAL_1_BASED_INCLUSIVE,266,1.0,NEAR_COMPLETE_LBD,True,0.0,0.0,False,,True,PROJECT_PREFILTER_PASS,[]
P37231,NR1C3,PPARγ,Nutritional sensors,4PRG,4PRG_1,1,"[""X-RAY DIFFRACTION""]",True,[2.9],2.9,2.9,PASS_PROJECT_RANGE,[0.283],0.283,0.283,PASS_ALL_LE_0_30,238,503,266,UNIPROT_PROSITE_NR_LBD,UNIPROT_CANONICAL_1_BASED_INCLUSIVE,266,1.0,NEAR_COMPLETE_LBD,True,0.0,0.0,False,,True,PROJECT_PREFILTER_PASS,[]
P37231,NR1C3,PPARγ,Nutritional sensors,4PVU,4PVU_1,1,"[""X-RAY DIFFRACTION""]",True,[2.6],2.6,2.6,PASS_PROJECT_RANGE,[0.2506],0.2506,0.2506,PASS_ALL_LE_0_30,238,503,266,UNIPROT_PROSITE_NR_LBD,UNIPROT_CANONICAL_1_BASED_INCLUSIVE,266,1.0,NEAR_COMPLETE_LBD,True,0.0,0.0,False,,True,PROJECT_PREFILTER_PASS,[]
P37231,NR1C3,PPARγ,Nutritional sensors,4PWL,4PWL_1,1,"[""X-RAY DIFFRACTION""]",True,[2.6],2.6,2.6,PASS_PROJECT_RANGE,[0.3077],0.3077,0.3077,FAIL_ALL_GT_0_30,238,503,266,UNIPROT_PROSITE_NR_LBD,UNIPROT_CANONICAL_1_BASED_INCLUSIVE,266,1.0,NEAR_COMPLETE_LBD,True,0.0,0.0,False,,False,RFREE_REVIEW,"[""RFREE_REVIEW""]"
P37231,NR1C3,PPARγ,Nutritional sensors,4R06,4R06_1,1,"[""X-RAY DIFFRACTION""]",True,[2.22],2.22,2.22,PASS_PROJECT_RANGE,[0.24],0.24,0.24,PASS_ALL_LE_0_30,238,503,266,UNIPROT_PROSITE_NR_LBD,UNIPROT_CANONICAL_1_BASED_INCLUSIVE,266,1.0,NEAR_COMPLETE_LBD,True,0.0,0.0,False,,True,PROJECT_PREFILTER_PASS,[]
P37231,NR1C3,PPARγ,Nutritional sensors,4R2U,4R2U_1,1,"[""X-RAY DIFFRACTION""]",True,[2.3],2.3,2.3,PASS_PROJECT_RANGE,[0.248],0.248,0.248,PASS_ALL_LE_0_30,238,503,266,UNIPROT_PROSITE_NR_LBD,UNIPROT_CANONICAL_1_BASED_INCLUSIVE,266,1.0,NEAR_COMPLETE_LBD,True,0.0,0.0,False,,True,PROJECT_PREFILTER_PASS,[]
P37231,NR1C3,PPARγ,Nutritional sensors,4R6S,4R6S_1,1,"[""X-RAY DIFFRACTION""]",True,[2.301],2.301,2.301,PASS_PROJECT_RANGE,[0.2328],0.2328,0.2328,PASS_ALL_LE_0_30,238,503,266,UNIPROT_PROSITE_NR_LBD,UNIPROT_CANONICAL_1_BASED_INCLUSIVE,266,1.0,NEAR_COMPLETE_LBD,True,0.0,0.0,False,,True,PROJECT_PREFILTER_PASS,[]
P37231,NR1C3,PPARγ,Nutritional sensors,4XLD,4XLD_1,1,"[""X-RAY DIFFRACTION""]",True,[2.45],2.45,2.45,PASS_PROJECT_RANGE,[0.2218],0.2218,0.2218,PASS_ALL_LE_0_30,238,503,266,UNIPROT_PROSITE_NR_LBD,UNIPROT_CANONICAL_1_BASED_INCLUSIVE,266,1.0,NEAR_COMPLETE_LBD,True,0.0,0.0,False,,True,PROJECT_PREFILTER_PASS,[]
P37231,NR1C3,PPARγ,Nutritional sensors,4XTA,4XTA_1,1,"[""X-RAY DIFFRACTION""]",True,[2.5],2.5,2.5,PASS_PROJECT_RANGE,[0.274],0.274,0.274,PASS_ALL_LE_0_30,238,503,266,UNIPROT_PROSITE_NR_LBD,UNIPROT_CANONICAL_1_BASED_INCLUSIVE,266,1.0,NEAR_COMPLETE_LBD,True,0.0,0.0,False,,True,PROJECT_PREFILTER_PASS,[]
P37231,NR1C3,PPARγ,Nutritional sensors,4XUH,4XUH_1,1,"[""X-RAY DIFFRACTION""]",True,[2.22],2.22,2.22,PASS_PROJECT_RANGE,[0.2304],0.2304,0.2304,PASS_ALL_LE_0_30,238,503,266,UNIPROT_PROSITE_NR_LBD,UNIPROT_CANONICAL_1_BASED_INCLUSIVE,266,1.0,NEAR_COMPLETE_LBD,True,0.0,0.0,False,,True,PROJECT_PREFILTER_PASS,[]
P37231,NR1C3,PPARγ,Nutritional sensors,4XUM,4XUM_1,1,"[""X-RAY DIFFRACTION""]",True,[2.4],2.4,2.4,PASS_PROJECT_RANGE,[0.2396],0.2396,0.2396,PASS_ALL_LE_0_30,238,503,266,UNIPROT_PROSITE_NR_LBD,UNIPROT_CANONICAL_1_BASED_INCLUSIVE,266,1.0,NEAR_COMPLETE_LBD,True,0.0,0.0,False,,True,PROJECT_PREFILTER_PASS,[]
P37231,NR1C3,PPARγ,Nutritional sensors,4Y29,4Y29_1,1,"[""X-RAY DIFFRACTION""]",True,[1.98],1.98,1.98,PASS_PROJECT_RANGE,[0.2187],0.2187,0.2187,PASS_ALL_LE_0_30,238,503,266,UNIPROT_PROSITE_NR_LBD,UNIPROT_CANONICAL_1_BASED_INCLUSIVE,266,1.0,NEAR_COMPLETE_LBD,True,0.0,0.0,False,,True,PROJECT_PREFILTER_PASS,[]
P37231,NR1C3,PPARγ,Nutritional sensors,4YT1,4YT1_1,1,"[""X-RAY DIFFRACTION""]",True,[2.2],2.2,2.2,PASS_PROJECT_RANGE,[0.2557],0.2557,0.2557,PASS_ALL_LE_0_30,238,503,266,UNIPROT_PROSITE_NR_LBD,UNIPROT_CANONICAL_1_BASED_INCLUSIVE,266,1.0,NEAR_COMPLETE_LBD,True,0.0,0.0,False,,True,PROJECT_PREFILTER_PASS,[]
P37231,NR1C3,PPARγ,Nutritional sensors,5AZV,5AZV_1,1,"[""X-RAY DIFFRACTION""]",True,[2.7],2.7,2.7,PASS_PROJECT_RANGE,[0.30664],0.30664,0.30664,FAIL_ALL_GT_0_30,238,503,266,UNIPROT_PROSITE_NR_LBD,UNIPROT_CANONICAL_1_BASED_INCLUSIVE,266,1.0,NEAR_COMPLETE_LBD,True,0.0,0.0,False,,False,RFREE_REVIEW,"[""RFREE_REVIEW""]"
P37231,NR1C3,PPARγ,Nutritional sensors,5DSH,5DSH_1,1,"[""X-RAY DIFFRACTION""]",True,[2.95],2.95,2.95,PASS_PROJECT_RANGE,[0.25743],0.25743,0.25743,PASS_ALL_LE_0_30,238,503,266,UNIPROT_PROSITE_NR_LBD,UNIPROT_CANONICAL_1_BASED_INCLUSIVE,266,1.0,NEAR_COMPLETE_LBD,True,0.0,0.0,False,,True,PROJECT_PREFILTER_PASS,[]
P37231,NR1C3,PPARγ,Nutritional sensors,5DV3,5DV3_1,1,"[""X-RAY DIFFRACTION""]",True,[2.75],2.75,2.75,PASS_PROJECT_RANGE,[0.22995],0.22995,0.22995,PASS_ALL_LE_0_30,238,503,266,UNIPROT_PROSITE_NR_LBD,UNIPROT_CANONICAL_1_BASED_INCLUSIVE,266,1.0,NEAR_COMPLETE_LBD,True,0.0,0.0,False,,True,PROJECT_PREFILTER_PASS,[]
P37231,NR1C3,PPARγ,Nutritional sensors,5DV6,5DV6_1,1,"[""X-RAY DIFFRACTION""]",True,[2.8],2.8,2.8,PASS_PROJECT_RANGE,[0.24409],0.24409,0.24409,PASS_ALL_LE_0_30,238,503,266,UNIPROT_PROSITE_NR_LBD,UNIPROT_CANONICAL_1_BASED_INCLUSIVE,266,1.0,NEAR_COMPLETE_LBD,True,0.0,0.0,False,,True,PROJECT_PREFILTER_PASS,[]
P37231,NR1C3,PPARγ,Nutritional sensors,5DV8,5DV8_1,1,"[""X-RAY DIFFRACTION""]",True,[2.75],2.75,2.75,PASS_PROJECT_RANGE,[0.24311],0.24311,0.24311,PASS_ALL_LE_0_30,238,503,266,UNIPROT_PROSITE_NR_LBD,UNIPROT_CANONICAL_1_BASED_INCLUSIVE,266,1.0,NEAR_COMPLETE_LBD,True,0.0,0.0,False,,True,PROJECT_PREFILTER_PASS,[]
P37231,NR1C3,PPARγ,Nutritional sensors,5DVC,5DVC_1,1,"[""X-RAY DIFFRACTION""]",True,[2.3],2.3,2.3,PASS_PROJECT_RANGE,[0.241],0.241,0.241,PASS_ALL_LE_0_30,238,503,266,UNIPROT_PROSITE_NR_LBD,UNIPROT_CANONICAL_1_BASED_INCLUSIVE,266,1.0,NEAR_COMPLETE_LBD,True,0.0,0.0,False,,True,PROJECT_PREFILTER_PASS,[]
P37231,NR1C3,PPARγ,Nutritional sensors,5DWL,5DWL_1,1,"[""X-RAY DIFFRACTION""]",True,[2.2],2.2,2.2,PASS_PROJECT_RANGE,[0.23825],0.23825,0.23825,PASS_ALL_LE_0_30,238,503,266,UNIPROT_PROSITE_NR_LBD,UNIPROT_CANONICAL_1_BASED_INCLUSIVE,266,1.0,NEAR_COMPLETE_LBD,True,0.0,0.0,False,,True,PROJECT_PREFILTER_PASS,[]
P37231,NR1C3,PPARγ,Nutritional sensors,5F9B,5F9B_1,1,"[""X-RAY DIFFRACTION""]",True,[2.25],2.25,2.25,PASS_PROJECT_RANGE,[0.2805],0.2805,0.2805,PASS_ALL_LE_0_30,238,503,266,UNIPROT_PROSITE_NR_LBD,UNIPROT_CANONICAL_1_BASED_INCLUSIVE,266,1.0,NEAR_COMPLETE_LBD,True,0.0,0.0,False,,True,PROJECT_PREFILTER_PASS,[]
P37231,NR1C3,PPARγ,Nutritional sensors,5GTN,5GTN_1,1,"[""X-RAY DIFFRACTION""]",True,[1.85],1.85,1.85,PASS_PROJECT_RANGE,[0.23165],0.23165,0.23165,PASS_ALL_LE_0_30,238,503,266,UNIPROT_PROSITE_NR_LBD,UNIPROT_CANONICAL_1_BASED_INCLUSIVE,266,1.0,NEAR_COMPLETE_LBD,True,0.0,0.0,False,,True,PROJECT_PREFILTER_PASS,[]
P37231,NR1C3,PPARγ,Nutritional sensors,5GTO,5GTO_1,1,"[""X-RAY DIFFRACTION""]",True,[2.1],2.1,2.1,PASS_PROJECT_RANGE,[0.24247],0.24247,0.24247,PASS_ALL_LE_0_30,238,503,266,UNIPROT_PROSITE_NR_LBD,UNIPROT_CANONICAL_1_BASED_INCLUSIVE,266,1.0,NEAR_COMPLETE_LBD,True,0.0,0.0,False,,True,PROJECT_PREFILTER_PASS,[]
P37231,NR1C3,PPARγ,Nutritional sensors,5GTP,5GTP_1,1,"[""X-RAY DIFFRACTION""]",True,[2.35],2.35,2.35,PASS_PROJECT_RANGE,[0.25809],0.25809,0.25809,PASS_ALL_LE_0_30,238,503,266,UNIPROT_PROSITE_NR_LBD,UNIPROT_CANONICAL_1_BASED_INCLUSIVE,266,1.0,NEAR_COMPLETE_LBD,True,0.0,0.0,False,,True,PROJECT_PREFILTER_PASS,[]
P37231,NR1C3,PPARγ,Nutritional sensors,5HZC,5HZC_1,1,"[""X-RAY DIFFRACTION""]",True,[2.0],2.0,2.0,PASS_PROJECT_RANGE,[0.2695],0.2695,0.2695,PASS_ALL_LE_0_30,238,503,266,UNIPROT_PROSITE_NR_LBD,UNIPROT_CANONICAL_1_BASED_INCLUSIVE,266,1.0,NEAR_COMPLETE_LBD,True,0.0,0.0,False,,True,PROJECT_PREFILTER_PASS,[]
P37231,NR1C3,PPARγ,Nutritional sensors,5JI0,5JI0_2,2,"[""X-RAY DIFFRACTION""]",True,[1.98],1.98,1.98,PASS_PROJECT_RANGE,[0.246],0.246,0.246,PASS_ALL_LE_0_30,238,503,266,UNIPROT_PROSITE_NR_LBD,UNIPROT_CANONICAL_1_BASED_INCLUSIVE,266,1.0,NEAR_COMPLETE_LBD,True,0.0,0.0,False,,True,PROJECT_PREFILTER_PASS,[]
P37231,NR1C3,PPARγ,Nutritional sensors,5LSG,5LSG_1,1,"[""X-RAY DIFFRACTION""]",True,[2.0],2.0,2.0,PASS_PROJECT_RANGE,[0.2643],0.2643,0.2643,PASS_ALL_LE_0_30,238,503,266,UNIPROT_PROSITE_NR_LBD,UNIPROT_CANONICAL_1_BASED_INCLUSIVE,266,1.0,NEAR_COMPLETE_LBD,True,0.0,0.0,False,,True,PROJECT_PREFILTER_PASS,[]
P37231,NR1C3,PPARγ,Nutritional sensors,5TTO,5TTO_1,1,"[""X-RAY DIFFRACTION""]",True,[2.246],2.246,2.246,PASS_PROJECT_RANGE,[0.2555],0.2555,0.2555,PASS_ALL_LE_0_30,238,503,266,UNIPROT_PROSITE_NR_LBD,UNIPROT_CANONICAL_1_BASED_INCLUSIVE,266,1.0,NEAR_COMPLETE_LBD,True,0.0,0.0,False,,True,PROJECT_PREFILTER_PASS,[]
P37231,NR1C3,PPARγ,Nutritional sensors,5TWO,5TWO_1,1,"[""X-RAY DIFFRACTION""]",True,[1.927],1.927,1.927,PASS_PROJECT_RANGE,[0.2365],0.2365,0.2365,PASS_ALL_LE_0_30,238,503,266,UNIPROT_PROSITE_NR_LBD,UNIPROT_CANONICAL_1_BASED_INCLUSIVE,266,1.0,NEAR_COMPLETE_LBD,True,0.0,0.0,False,,True,PROJECT_PREFILTER_PASS,[]
P37231,NR1C3,PPARγ,Nutritional sensors,5U5L,5U5L_1,1,"[""X-RAY DIFFRACTION""]",True,[2.55],2.55,2.55,PASS_PROJECT_RANGE,[0.2381],0.2381,0.2381,PASS_ALL_LE_0_30,238,503,266,UNIPROT_PROSITE_NR_LBD,UNIPROT_CANONICAL_1_BASED_INCLUSIVE,266,1.0,NEAR_COMPLETE_LBD,True,0.0,0.0,False,,True,PROJECT_PREFILTER_PASS,[]
P37231,NR1C3,PPARγ,Nutritional sensors,5UGM,5UGM_1,1,"[""X-RAY DIFFRACTION""]",True,[2.1],2.1,2.1,PASS_PROJECT_RANGE,[0.216],0.216,0.216,PASS_ALL_LE_0_30,238,503,266,UNIPROT_PROSITE_NR_LBD,UNIPROT_CANONICAL_1_BASED_INCLUSIVE,266,1.0,NEAR_COMPLETE_LBD,True,0.0,0.0,False,,True,PROJECT_PREFILTER_PASS,[]
P37231,NR1C3,PPARγ,Nutritional sensors,5WQX,5WQX_1,1,"[""X-RAY DIFFRACTION""]",True,[2.29],2.29,2.29,PASS_PROJECT_RANGE,[0.27711],0.27711,0.27711,PASS_ALL_LE_0_30,238,503,266,UNIPROT_PROSITE_NR_LBD,UNIPROT_CANONICAL_1_BASED_INCLUSIVE,266,1.0,NEAR_COMPLETE_LBD,True,0.0,0.0,False,,True,PROJECT_PREFILTER_PASS,[]
P37231,NR1C3,PPARγ,Nutritional sensors,5WR0,5WR0_1,1,"[""X-RAY DIFFRACTION""]",True,[2.85],2.85,2.85,PASS_PROJECT_RANGE,[0.29975],0.29975,0.29975,PASS_ALL_LE_0_30,238,503,266,UNIPROT_PROSITE_NR_LBD,UNIPROT_CANONICAL_1_BASED_INCLUSIVE,266,1.0,NEAR_COMPLETE_LBD,True,0.0,0.0,False,,True,PROJECT_PREFILTER_PASS,[]
P37231,NR1C3,PPARγ,Nutritional sensors,5WR1,5WR1_1,1,"[""X-RAY DIFFRACTION""]",True,[2.34],2.34,2.34,PASS_PROJECT_RANGE,[0.25948],0.25948,0.25948,PASS_ALL_LE_0_30,238,503,266,UNIPROT_PROSITE_NR_LBD,UNIPROT_CANONICAL_1_BASED_INCLUSIVE,266,1.0,NEAR_COMPLETE_LBD,True,0.0,0.0,False,,True,PROJECT_PREFILTER_PASS,[]
P37231,NR1C3,PPARγ,Nutritional sensors,5Y2O,5Y2O_1,1,"[""X-RAY DIFFRACTION""]",True,[1.801],1.801,1.801,PASS_PROJECT_RANGE,[0.2319],0.2319,0.2319,PASS_ALL_LE_0_30,238,503,266,UNIPROT_PROSITE_NR_LBD,UNIPROT_CANONICAL_1_BASED_INCLUSIVE,266,1.0,NEAR_COMPLETE_LBD,True,0.0,0.0,False,,True,PROJECT_PREFILTER_PASS,[]
P37231,NR1C3,PPARγ,Nutritional sensors,5Y2T,5Y2T_1,1,"[""X-RAY DIFFRACTION""]",True,[1.7],1.7,1.7,ULTRAHIGH_LT_1_8,[0.2237],0.2237,0.2237,PASS_ALL_LE_0_30,238,503,266,UNIPROT_PROSITE_NR_LBD,UNIPROT_CANONICAL_1_BASED_INCLUSIVE,266,1.0,NEAR_COMPLETE_LBD,True,0.0,0.0,False,,False,RESOLUTION_REVIEW,"[""RESOLUTION_REVIEW""]"
P37231,NR1C3,PPARγ,Nutritional sensors,5YCN,5YCN_1,1,"[""X-RAY DIFFRACTION""]",True,[2.15],2.15,2.15,PASS_PROJECT_RANGE,[0.22832],0.22832,0.22832,PASS_ALL_LE_0_30,238,503,266,UNIPROT_PROSITE_NR_LBD,UNIPROT_CANONICAL_1_BASED_INCLUSIVE,266,1.0,NEAR_COMPLETE_LBD,True,0.0,0.0,False,,True,PROJECT_PREFILTER_PASS,[]
P37231,NR1C3,PPARγ,Nutritional sensors,5YCP,5YCP_1,1,"[""X-RAY DIFFRACTION""]",True,[2.0],2.0,2.0,PASS_PROJECT_RANGE,[0.23338],0.23338,0.23338,PASS_ALL_LE_0_30,238,503,266,UNIPROT_PROSITE_NR_LBD,UNIPROT_CANONICAL_1_BASED_INCLUSIVE,266,1.0,NEAR_COMPLETE_LBD,True,0.0,0.0,False,,True,PROJECT_PREFILTER_PASS,[]
P37231,NR1C3,PPARγ,Nutritional sensors,5Z5S,5Z5S_1,1,"[""X-RAY DIFFRACTION""]",True,[1.8],1.8,1.8,PASS_PROJECT_RANGE,[0.229],0.229,0.229,PASS_ALL_LE_0_30,238,503,266,UNIPROT_PROSITE_NR_LBD,UNIPROT_CANONICAL_1_BASED_INCLUSIVE,266,1.0,NEAR_COMPLETE_LBD,True,0.0,0.0,False,,True,PROJECT_PREFILTER_PASS,[]
P37231,NR1C3,PPARγ,Nutritional sensors,5Z6S,5Z6S_1,1,"[""X-RAY DIFFRACTION""]",True,[1.8],1.8,1.8,PASS_PROJECT_RANGE,[0.226],0.226,0.226,PASS_ALL_LE_0_30,238,503,266,UNIPROT_PROSITE_NR_LBD,UNIPROT_CANONICAL_1_BASED_INCLUSIVE,266,1.0,NEAR_COMPLETE_LBD,True,0.0,0.0,False,,True,PROJECT_PREFILTER_PASS,[]
P37231,NR1C3,PPARγ,Nutritional sensors,6AD9,6AD9_1,1,"[""X-RAY DIFFRACTION""]",True,[2.2],2.2,2.2,PASS_PROJECT_RANGE,[0.2399],0.2399,0.2399,PASS_ALL_LE_0_30,238,503,266,UNIPROT_PROSITE_NR_LBD,UNIPROT_CANONICAL_1_BASED_INCLUSIVE,266,1.0,NEAR_COMPLETE_LBD,True,0.0,0.0,False,,True,PROJECT_PREFILTER_PASS,[]
P37231,NR1C3,PPARγ,Nutritional sensors,6AN1,6AN1_1,1,"[""X-RAY DIFFRACTION""]",True,[2.687],2.687,2.687,PASS_PROJECT_RANGE,[0.2753],0.2753,0.2753,PASS_ALL_LE_0_30,238,503,266,UNIPROT_PROSITE_NR_LBD,UNIPROT_CANONICAL_1_BASED_INCLUSIVE,266,1.0,NEAR_COMPLETE_LBD,True,0.0,0.0,False,,True,PROJECT_PREFILTER_PASS,[]
P37231,NR1C3,PPARγ,Nutritional sensors,6AUG,6AUG_1,1,"[""X-RAY DIFFRACTION""]",True,[2.73],2.73,2.73,PASS_PROJECT_RANGE,[0.2809],0.2809,0.2809,PASS_ALL_LE_0_30,238,503,266,UNIPROT_PROSITE_NR_LBD,UNIPROT_CANONICAL_1_BASED_INCLUSIVE,266,1.0,NEAR_COMPLETE_LBD,True,0.0,0.0,False,,True,PROJECT_PREFILTER_PASS,[]
P37231,NR1C3,PPARγ,Nutritional sensors,6AVI,6AVI_1,1,"[""X-RAY DIFFRACTION""]",True,[2.29],2.29,2.29,PASS_PROJECT_RANGE,[0.3144],0.3144,0.3144,FAIL_ALL_GT_0_30,238,503,266,UNIPROT_PROSITE_NR_LBD,UNIPROT_CANONICAL_1_BASED_INCLUSIVE,266,1.0,NEAR_COMPLETE_LBD,True,0.0,0.0,False,,False,RFREE_REVIEW,"[""RFREE_REVIEW""]"
P37231,NR1C3,PPARγ,Nutritional sensors,6C1I,6C1I_1,1,"[""X-RAY DIFFRACTION""]",True,[2.26],2.26,2.26,PASS_PROJECT_RANGE,[0.283],0.283,0.283,PASS_ALL_LE_0_30,238,503,266,UNIPROT_PROSITE_NR_LBD,UNIPROT_CANONICAL_1_BASED_INCLUSIVE,266,1.0,NEAR_COMPLETE_LBD,True,0.0,0.0,False,,True,PROJECT_PREFILTER_PASS,[]
P37231,NR1C3,PPARγ,Nutritional sensors,6C5Q,6C5Q_1,1,"[""X-RAY DIFFRACTION""]",True,[2.404],2.404,2.404,PASS_PROJECT_RANGE,[0.2768],0.2768,0.2768,PASS_ALL_LE_0_30,238,503,266,UNIPROT_PROSITE_NR_LBD,UNIPROT_CANONICAL_1_BASED_INCLUSIVE,266,1.0,NEAR_COMPLETE_LBD,True,0.0,0.0,False,,True,PROJECT_PREFILTER_PASS,[]
P37231,NR1C3,PPARγ,Nutritional sensors,6C5T,6C5T_1,1,"[""X-RAY DIFFRACTION""]",True,[2.75],2.75,2.75,PASS_PROJECT_RANGE,[0.2861],0.2861,0.2861,PASS_ALL_LE_0_30,238,503,266,UNIPROT_PROSITE_NR_LBD,UNIPROT_CANONICAL_1_BASED_INCLUSIVE,266,1.0,NEAR_COMPLETE_LBD,True,0.0,0.0,False,,True,PROJECT_PREFILTER_PASS,[]
P37231,NR1C3,PPARγ,Nutritional sensors,6D3E,6D3E_1,1,"[""X-RAY DIFFRACTION""]",True,[2.395],2.395,2.395,PASS_PROJECT_RANGE,[0.2637],0.2637,0.2637,PASS_ALL_LE_0_30,238,503,266,UNIPROT_PROSITE_NR_LBD,UNIPROT_CANONICAL_1_BASED_INCLUSIVE,266,1.0,NEAR_COMPLETE_LBD,True,0.0,0.0,False,,True,PROJECT_PREFILTER_PASS,[]
P37231,NR1C3,PPARγ,Nutritional sensors,6D8X,6D8X_1,1,"[""X-RAY DIFFRACTION""]",True,[1.9],1.9,1.9,PASS_PROJECT_RANGE,[0.2446],0.2446,0.2446,PASS_ALL_LE_0_30,238,503,266,UNIPROT_PROSITE_NR_LBD,UNIPROT_CANONICAL_1_BASED_INCLUSIVE,266,1.0,NEAR_COMPLETE_LBD,True,0.0,0.0,False,,True,PROJECT_PREFILTER_PASS,[]
P37231,NR1C3,PPARγ,Nutritional sensors,6D94,6D94_1,1,"[""X-RAY DIFFRACTION""]",True,[1.9],1.9,1.9,PASS_PROJECT_RANGE,[0.2576],0.2576,0.2576,PASS_ALL_LE_0_30,238,503,266,UNIPROT_PROSITE_NR_LBD,UNIPROT_CANONICAL_1_BASED_INCLUSIVE,266,1.0,NEAR_COMPLETE_LBD,True,0.0,0.0,False,,True,PROJECT_PREFILTER_PASS,[]
P37231,NR1C3,PPARγ,Nutritional sensors,6DBH,6DBH_1,1,"[""X-RAY DIFFRACTION""]",True,[2.597],2.597,2.597,PASS_PROJECT_RANGE,[0.2621],0.2621,0.2621,PASS_ALL_LE_0_30,238,503,266,UNIPROT_PROSITE_NR_LBD,UNIPROT_CANONICAL_1_BASED_INCLUSIVE,266,1.0,NEAR_COMPLETE_LBD,True,0.0,0.0,False,,True,PROJECT_PREFILTER_PASS,[]
P37231,NR1C3,PPARγ,Nutritional sensors,6DCU,6DCU_1,1,"[""X-RAY DIFFRACTION""]",True,[2.95],2.95,2.95,PASS_PROJECT_RANGE,[0.3027],0.3027,0.3027,FAIL_ALL_GT_0_30,238,503,266,UNIPROT_PROSITE_NR_LBD,UNIPROT_CANONICAL_1_BASED_INCLUSIVE,266,1.0,NEAR_COMPLETE_LBD,True,0.0,0.0,False,,False,RFREE_REVIEW,"[""RFREE_REVIEW""]"
P37231,NR1C3,PPARγ,Nutritional sensors,6DGL,6DGL_1,1,"[""X-RAY DIFFRACTION""]",True,[1.95],1.95,1.95,PASS_PROJECT_RANGE,[0.2685],0.2685,0.2685,PASS_ALL_LE_0_30,238,503,266,UNIPROT_PROSITE_NR_LBD,UNIPROT_CANONICAL_1_BASED_INCLUSIVE,266,1.0,NEAR_COMPLETE_LBD,True,0.0,0.0,False,,True,PROJECT_PREFILTER_PASS,[]
P37231,NR1C3,PPARγ,Nutritional sensors,6DGO,6DGO_1,1,"[""X-RAY DIFFRACTION""]",True,[3.1],3.1,3.1,PASS_PROJECT_RANGE,[0.276],0.276,0.276,PASS_ALL_LE_0_30,238,503,266,UNIPROT_PROSITE_NR_LBD,UNIPROT_CANONICAL_1_BASED_INCLUSIVE,266,1.0,NEAR_COMPLETE_LBD,True,0.0,0.0,False,,True,PROJECT_PREFILTER_PASS,[]
P37231,NR1C3,PPARγ,Nutritional sensors,6DGP,6DGP_1,1,"[""X-RAY DIFFRACTION""]",True,[3.1],3.1,3.1,PASS_PROJECT_RANGE,[0.2939],0.2939,0.2939,PASS_ALL_LE_0_30,238,503,266,UNIPROT_PROSITE_NR_LBD,UNIPROT_CANONICAL_1_BASED_INCLUSIVE,266,1.0,NEAR_COMPLETE_LBD,True,0.0,0.0,False,,True,PROJECT_PREFILTER_PASS,[]
P37231,NR1C3,PPARγ,Nutritional sensors,6DGQ,6DGQ_1,1,"[""X-RAY DIFFRACTION""]",True,[2.45],2.45,2.45,PASS_PROJECT_RANGE,[0.2467],0.2467,0.2467,PASS_ALL_LE_0_30,238,503,266,UNIPROT_PROSITE_NR_LBD,UNIPROT_CANONICAL_1_BASED_INCLUSIVE,266,1.0,NEAR_COMPLETE_LBD,True,0.0,0.0,False,,True,PROJECT_PREFILTER_PASS,[]
P37231,NR1C3,PPARγ,Nutritional sensors,6DGR,6DGR_1,1,"[""X-RAY DIFFRACTION""]",True,[2.15],2.15,2.15,PASS_PROJECT_RANGE,[0.2639],0.2639,0.2639,PASS_ALL_LE_0_30,238,503,266,UNIPROT_PROSITE_NR_LBD,UNIPROT_CANONICAL_1_BASED_INCLUSIVE,266,1.0,NEAR_COMPLETE_LBD,True,0.0,0.0,False,,True,PROJECT_PREFILTER_PASS,[]
P37231,NR1C3,PPARγ,Nutritional sensors,6DH9,6DH9_1,1,"[""X-RAY DIFFRACTION""]",True,[2.7],2.7,2.7,PASS_PROJECT_RANGE,[0.25],0.25,0.25,PASS_ALL_LE_0_30,238,503,266,UNIPROT_PROSITE_NR_LBD,UNIPROT_CANONICAL_1_BASED_INCLUSIVE,266,1.0,NEAR_COMPLETE_LBD,True,0.0,0.0,False,,True,PROJECT_PREFILTER_PASS,[]
P37231,NR1C3,PPARγ,Nutritional sensors,6DHA,6DHA_1,1,"[""X-RAY DIFFRACTION""]",True,[1.88],1.88,1.88,PASS_PROJECT_RANGE,[0.255],0.255,0.255,PASS_ALL_LE_0_30,238,503,266,UNIPROT_PROSITE_NR_LBD,UNIPROT_CANONICAL_1_BASED_INCLUSIVE,266,1.0,NEAR_COMPLETE_LBD,True,0.0,0.0,False,,True,PROJECT_PREFILTER_PASS,[]
P37231,NR1C3,PPARγ,Nutritional sensors,6E5A,6E5A_1,1,"[""X-RAY DIFFRACTION""]",True,[2.4],2.4,2.4,PASS_PROJECT_RANGE,[0.2677],0.2677,0.2677,PASS_ALL_LE_0_30,238,503,266,UNIPROT_PROSITE_NR_LBD,UNIPROT_CANONICAL_1_BASED_INCLUSIVE,266,1.0,NEAR_COMPLETE_LBD,True,0.0,0.0,False,,True,PROJECT_PREFILTER_PASS,[]
P37231,NR1C3,PPARγ,Nutritional sensors,6ENQ,6ENQ_1,1,"[""X-RAY DIFFRACTION""]",True,[2.2],2.2,2.2,PASS_PROJECT_RANGE,[0.2714],0.2714,0.2714,PASS_ALL_LE_0_30,238,503,266,UNIPROT_PROSITE_NR_LBD,UNIPROT_CANONICAL_1_BASED_INCLUSIVE,266,1.0,NEAR_COMPLETE_LBD,True,0.0,0.0,False,,True,PROJECT_PREFILTER_PASS,[]
P37231,NR1C3,PPARγ,Nutritional sensors,6F2L,6F2L_1,1,"[""X-RAY DIFFRACTION""]",True,[2.1],2.1,2.1,PASS_PROJECT_RANGE,[0.3022],0.3022,0.3022,FAIL_ALL_GT_0_30,238,503,266,UNIPROT_PROSITE_NR_LBD,UNIPROT_CANONICAL_1_BASED_INCLUSIVE,266,1.0,NEAR_COMPLETE_LBD,True,0.0,0.0,False,,False,RFREE_REVIEW,"[""RFREE_REVIEW""]"
P37231,NR1C3,PPARγ,Nutritional sensors,6FZF,6FZF_1,1,"[""X-RAY DIFFRACTION""]",True,[1.95],1.95,1.95,PASS_PROJECT_RANGE,[0.1944],0.1944,0.1944,PASS_ALL_LE_0_30,238,503,266,UNIPROT_PROSITE_NR_LBD,UNIPROT_CANONICAL_1_BASED_INCLUSIVE,266,1.0,NEAR_COMPLETE_LBD,True,0.0,0.0,False,,True,PROJECT_PREFILTER_PASS,[]
P37231,NR1C3,PPARγ,Nutritional sensors,6FZG,6FZG_1,1,"[""X-RAY DIFFRACTION""]",True,[2.1],2.1,2.1,PASS_PROJECT_RANGE,[0.2084],0.2084,0.2084,PASS_ALL_LE_0_30,238,503,266,UNIPROT_PROSITE_NR_LBD,UNIPROT_CANONICAL_1_BASED_INCLUSIVE,266,1.0,NEAR_COMPLETE_LBD,True,0.0,0.0,False,,True,PROJECT_PREFILTER_PASS,[]
P37231,NR1C3,PPARγ,Nutritional sensors,6FZJ,6FZJ_1,1,"[""X-RAY DIFFRACTION""]",True,[2.011],2.011,2.011,PASS_PROJECT_RANGE,[0.226],0.226,0.226,PASS_ALL_LE_0_30,238,503,266,UNIPROT_PROSITE_NR_LBD,UNIPROT_CANONICAL_1_BASED_INCLUSIVE,266,1.0,NEAR_COMPLETE_LBD,True,0.0,0.0,False,,True,PROJECT_PREFILTER_PASS,[]
P37231,NR1C3,PPARγ,Nutritional sensors,6FZP,6FZP_1,1,"[""X-RAY DIFFRACTION""]",True,[2.3],2.3,2.3,PASS_PROJECT_RANGE,[0.252],0.252,0.252,PASS_ALL_LE_0_30,238,503,266,UNIPROT_PROSITE_NR_LBD,UNIPROT_CANONICAL_1_BASED_INCLUSIVE,266,1.0,NEAR_COMPLETE_LBD,True,0.0,0.0,False,,True,PROJECT_PREFILTER_PASS,[]
P37231,NR1C3,PPARγ,Nutritional sensors,6FZY,6FZY_1,1,"[""X-RAY DIFFRACTION""]",True,[3.1],3.1,3.1,PASS_PROJECT_RANGE,[0.2348],0.2348,0.2348,PASS_ALL_LE_0_30,238,503,266,UNIPROT_PROSITE_NR_LBD,UNIPROT_CANONICAL_1_BASED_INCLUSIVE,266,1.0,NEAR_COMPLETE_LBD,True,0.0,0.0,False,,True,PROJECT_PREFILTER_PASS,[]
P37231,NR1C3,PPARγ,Nutritional sensors,6ICJ,6ICJ_1,1,"[""X-RAY DIFFRACTION""]",True,[2.483],2.483,2.483,PASS_PROJECT_RANGE,[0.282],0.282,0.282,PASS_ALL_LE_0_30,238,503,266,UNIPROT_PROSITE_NR_LBD,UNIPROT_CANONICAL_1_BASED_INCLUSIVE,266,1.0,NEAR_COMPLETE_LBD,True,0.0,0.0,False,,True,PROJECT_PREFILTER_PASS,[]
P37231,NR1C3,PPARγ,Nutritional sensors,6IJR,6IJR_1,1,"[""X-RAY DIFFRACTION""]",True,[2.85],2.85,2.85,PASS_PROJECT_RANGE,[0.26601],0.26601,0.26601,PASS_ALL_LE_0_30,238,503,266,UNIPROT_PROSITE_NR_LBD,UNIPROT_CANONICAL_1_BASED_INCLUSIVE,266,1.0,NEAR_COMPLETE_LBD,True,0.0,0.0,False,,True,PROJECT_PREFILTER_PASS,[]
P37231,NR1C3,PPARγ,Nutritional sensors,6IJS,6IJS_1,1,"[""X-RAY DIFFRACTION""]",True,[2.15],2.15,2.15,PASS_PROJECT_RANGE,[0.24113],0.24113,0.24113,PASS_ALL_LE_0_30,238,503,266,UNIPROT_PROSITE_NR_LBD,UNIPROT_CANONICAL_1_BASED_INCLUSIVE,266,1.0,NEAR_COMPLETE_LBD,True,0.0,0.0,False,,True,PROJECT_PREFILTER_PASS,[]
P37231,NR1C3,PPARγ,Nutritional sensors,6ILQ,6ILQ_1,1,"[""X-RAY DIFFRACTION""]",True,[2.408],2.408,2.408,PASS_PROJECT_RANGE,[0.3035],0.3035,0.3035,FAIL_ALL_GT_0_30,238,503,266,UNIPROT_PROSITE_NR_LBD,UNIPROT_CANONICAL_1_BASED_INCLUSIVE,266,1.0,NEAR_COMPLETE_LBD,True,0.0,0.0,False,,False,RFREE_REVIEW,"[""RFREE_REVIEW""]"
P37231,NR1C3,PPARγ,Nutritional sensors,6IZM,6IZM_1,1,"[""X-RAY DIFFRACTION""]",True,[1.8],1.8,1.8,PASS_PROJECT_RANGE,[0.248],0.248,0.248,PASS_ALL_LE_0_30,238,503,266,UNIPROT_PROSITE_NR_LBD,UNIPROT_CANONICAL_1_BASED_INCLUSIVE,266,1.0,NEAR_COMPLETE_LBD,True,0.0,0.0,False,,True,PROJECT_PREFILTER_PASS,[]
P37231,NR1C3,PPARγ,Nutritional sensors,6IZN,6IZN_1,1,"[""X-RAY DIFFRACTION""]",True,[1.75],1.75,1.75,ULTRAHIGH_LT_1_8,[0.265],0.265,0.265,PASS_ALL_LE_0_30,238,503,266,UNIPROT_PROSITE_NR_LBD,UNIPROT_CANONICAL_1_BASED_INCLUSIVE,266,1.0,NEAR_COMPLETE_LBD,True,0.0,0.0,False,,False,RESOLUTION_REVIEW,"[""RESOLUTION_REVIEW""]"
P37231,NR1C3,PPARγ,Nutritional sensors,6JEY,6JEY_1,1,"[""X-RAY DIFFRACTION""]",True,[2.2],2.2,2.2,PASS_PROJECT_RANGE,[0.30971],0.30971,0.30971,FAIL_ALL_GT_0_30,238,503,266,UNIPROT_PROSITE_NR_LBD,UNIPROT_CANONICAL_1_BASED_INCLUSIVE,266,1.0,NEAR_COMPLETE_LBD,True,0.0,0.0,False,,False,RFREE_REVIEW,"[""RFREE_REVIEW""]"
P37231,NR1C3,PPARγ,Nutritional sensors,6JF0,6JF0_1,1,"[""X-RAY DIFFRACTION""]",True,[3.4],3.4,3.4,PASS_PROJECT_RANGE,[0.29561],0.29561,0.29561,PASS_ALL_LE_0_30,238,503,266,UNIPROT_PROSITE_NR_LBD,UNIPROT_CANONICAL_1_BASED_INCLUSIVE,266,1.0,NEAR_COMPLETE_LBD,True,0.0,0.0,False,,True,PROJECT_PREFILTER_PASS,[]
P37231,NR1C3,PPARγ,Nutritional sensors,6JQ7,6JQ7_1,1,"[""X-RAY DIFFRACTION""]",True,[2.55],2.55,2.55,PASS_PROJECT_RANGE,[0.25652],0.25652,0.25652,PASS_ALL_LE_0_30,238,503,266,UNIPROT_PROSITE_NR_LBD,UNIPROT_CANONICAL_1_BASED_INCLUSIVE,266,1.0,NEAR_COMPLETE_LBD,True,0.0,0.0,False,,True,PROJECT_PREFILTER_PASS,[]
P37231,NR1C3,PPARγ,Nutritional sensors,6K0T,6K0T_1,1,"[""X-RAY DIFFRACTION""]",True,[1.84],1.84,1.84,PASS_PROJECT_RANGE,[0.24425],0.24425,0.24425,PASS_ALL_LE_0_30,238,503,266,UNIPROT_PROSITE_NR_LBD,UNIPROT_CANONICAL_1_BASED_INCLUSIVE,266,1.0,NEAR_COMPLETE_LBD,True,0.0,0.0,False,,True,PROJECT_PREFILTER_PASS,[]
P37231,NR1C3,PPARγ,Nutritional sensors,6KTM,6KTM_1,1,"[""X-RAY DIFFRACTION""]",True,[2.7],2.7,2.7,PASS_PROJECT_RANGE,[0.2575],0.2575,0.2575,PASS_ALL_LE_0_30,238,503,266,UNIPROT_PROSITE_NR_LBD,UNIPROT_CANONICAL_1_BASED_INCLUSIVE,266,1.0,NEAR_COMPLETE_LBD,True,0.0,0.0,False,,True,PROJECT_PREFILTER_PASS,[]
P37231,NR1C3,PPARγ,Nutritional sensors,6KTN,6KTN_1,1,"[""X-RAY DIFFRACTION""]",True,[2.752],2.752,2.752,PASS_PROJECT_RANGE,[0.2563],0.2563,0.2563,PASS_ALL_LE_0_30,238,503,266,UNIPROT_PROSITE_NR_LBD,UNIPROT_CANONICAL_1_BASED_INCLUSIVE,266,1.0,NEAR_COMPLETE_LBD,True,0.0,0.0,False,,True,PROJECT_PREFILTER_PASS,[]
P37231,NR1C3,PPARγ,Nutritional sensors,6L89,6L89_1,1,"[""X-RAY DIFFRACTION""]",True,[2.1],2.1,2.1,PASS_PROJECT_RANGE,[0.2693],0.2693,0.2693,PASS_ALL_LE_0_30,238,503,266,UNIPROT_PROSITE_NR_LBD,UNIPROT_CANONICAL_1_BASED_INCLUSIVE,266,1.0,NEAR_COMPLETE_LBD,True,0.0,0.0,False,,True,PROJECT_PREFILTER_PASS,[]
P37231,NR1C3,PPARγ,Nutritional sensors,6L8B,6L8B_1,1,"[""X-RAY DIFFRACTION""]",True,[2.102],2.102,2.102,PASS_PROJECT_RANGE,[0.2675],0.2675,0.2675,PASS_ALL_LE_0_30,238,503,266,UNIPROT_PROSITE_NR_LBD,UNIPROT_CANONICAL_1_BASED_INCLUSIVE,266,1.0,NEAR_COMPLETE_LBD,True,0.0,0.0,False,,True,PROJECT_PREFILTER_PASS,[]
P37231,NR1C3,PPARγ,Nutritional sensors,6MCZ,6MCZ_1,1,"[""X-RAY DIFFRACTION""]",True,[2.1],2.1,2.1,PASS_PROJECT_RANGE,[0.259],0.259,0.259,PASS_ALL_LE_0_30,238,503,266,UNIPROT_PROSITE_NR_LBD,UNIPROT_CANONICAL_1_BASED_INCLUSIVE,266,1.0,NEAR_COMPLETE_LBD,True,0.0,0.0,False,,True,PROJECT_PREFILTER_PASS,[]
P37231,NR1C3,PPARγ,Nutritional sensors,6MD0,6MD0_1,1,"[""X-RAY DIFFRACTION""]",True,[1.95],1.95,1.95,PASS_PROJECT_RANGE,[0.273],0.273,0.273,PASS_ALL_LE_0_30,238,503,266,UNIPROT_PROSITE_NR_LBD,UNIPROT_CANONICAL_1_BASED_INCLUSIVE,266,1.0,NEAR_COMPLETE_LBD,True,0.0,0.0,False,,True,PROJECT_PREFILTER_PASS,[]
P37231,NR1C3,PPARγ,Nutritional sensors,6MD1,6MD1_1,1,"[""X-RAY DIFFRACTION""]",True,[2.2],2.2,2.2,PASS_PROJECT_RANGE,[0.266],0.266,0.266,PASS_ALL_LE_0_30,238,503,266,UNIPROT_PROSITE_NR_LBD,UNIPROT_CANONICAL_1_BASED_INCLUSIVE,266,1.0,NEAR_COMPLETE_LBD,True,0.0,0.0,False,,True,PROJECT_PREFILTER_PASS,[]
P37231,NR1C3,PPARγ,Nutritional sensors,6MD2,6MD2_1,1,"[""X-RAY DIFFRACTION""]",True,[2.2],2.2,2.2,PASS_PROJECT_RANGE,[0.261],0.261,0.261,PASS_ALL_LE_0_30,238,503,266,UNIPROT_PROSITE_NR_LBD,UNIPROT_CANONICAL_1_BASED_INCLUSIVE,266,1.0,NEAR_COMPLETE_LBD,True,0.0,0.0,False,,True,PROJECT_PREFILTER_PASS,[]
P37231,NR1C3,PPARγ,Nutritional sensors,6MD4,6MD4_1,1,"[""X-RAY DIFFRACTION""]",True,[2.24],2.24,2.24,PASS_PROJECT_RANGE,[0.2817],0.2817,0.2817,PASS_ALL_LE_0_30,238,503,266,UNIPROT_PROSITE_NR_LBD,UNIPROT_CANONICAL_1_BASED_INCLUSIVE,266,1.0,NEAR_COMPLETE_LBD,True,0.0,0.0,False,,True,PROJECT_PREFILTER_PASS,[]
P37231,NR1C3,PPARγ,Nutritional sensors,6MS7,6MS7_1,1,"[""X-RAY DIFFRACTION""]",True,[1.43],1.43,1.43,ULTRAHIGH_LT_1_8,[0.208],0.208,0.208,PASS_ALL_LE_0_30,238,503,266,UNIPROT_PROSITE_NR_LBD,UNIPROT_CANONICAL_1_BASED_INCLUSIVE,266,1.0,NEAR_COMPLETE_LBD,True,0.0,0.0,False,,False,RESOLUTION_REVIEW,"[""RESOLUTION_REVIEW""]"
P37231,NR1C3,PPARγ,Nutritional sensors,6O67,6O67_1,1,"[""X-RAY DIFFRACTION""]",True,[2.52],2.52,2.52,PASS_PROJECT_RANGE,[0.244],0.244,0.244,PASS_ALL_LE_0_30,238,503,266,UNIPROT_PROSITE_NR_LBD,UNIPROT_CANONICAL_1_BASED_INCLUSIVE,266,1.0,NEAR_COMPLETE_LBD,True,0.0,0.0,False,,True,PROJECT_PREFILTER_PASS,[]
P37231,NR1C3,PPARγ,Nutritional sensors,6O68,6O68_1,1,"[""X-RAY DIFFRACTION""]",True,[2.78],2.78,2.78,PASS_PROJECT_RANGE,[0.2982],0.2982,0.2982,PASS_ALL_LE_0_30,238,503,266,UNIPROT_PROSITE_NR_LBD,UNIPROT_CANONICAL_1_BASED_INCLUSIVE,266,1.0,NEAR_COMPLETE_LBD,True,0.0,0.0,False,,True,PROJECT_PREFILTER_PASS,[]
P37231,NR1C3,PPARγ,Nutritional sensors,6ONI,6ONI_1,1,"[""X-RAY DIFFRACTION""]",True,[1.8],1.8,1.8,PASS_PROJECT_RANGE,[0.2264],0.2264,0.2264,PASS_ALL_LE_0_30,238,503,266,UNIPROT_PROSITE_NR_LBD,UNIPROT_CANONICAL_1_BASED_INCLUSIVE,266,1.0,NEAR_COMPLETE_LBD,True,0.0,0.0,False,,True,PROJECT_PREFILTER_PASS,[]
P37231,NR1C3,PPARγ,Nutritional sensors,6ONJ,6ONJ_1,1,"[""X-RAY DIFFRACTION""]",True,[2.3],2.3,2.3,PASS_PROJECT_RANGE,[0.273],0.273,0.273,PASS_ALL_LE_0_30,238,503,266,UNIPROT_PROSITE_NR_LBD,UNIPROT_CANONICAL_1_BASED_INCLUSIVE,266,1.0,NEAR_COMPLETE_LBD,True,0.0,0.0,False,,True,PROJECT_PREFILTER_PASS,[]
P37231,NR1C3,PPARγ,Nutritional sensors,6PDZ,6PDZ_1,1,"[""X-RAY DIFFRACTION""]",True,[2.1],2.1,2.1,PASS_PROJECT_RANGE,[0.241],0.241,0.241,PASS_ALL_LE_0_30,238,503,266,UNIPROT_PROSITE_NR_LBD,UNIPROT_CANONICAL_1_BASED_INCLUSIVE,266,1.0,NEAR_COMPLETE_LBD,True,0.0,0.0,False,,True,PROJECT_PREFILTER_PASS,[]
P37231,NR1C3,PPARγ,Nutritional sensors,6QJ5,6QJ5_1,1,"[""X-RAY DIFFRACTION""]",True,[2.0],2.0,2.0,PASS_PROJECT_RANGE,[0.2762],0.2762,0.2762,PASS_ALL_LE_0_30,238,503,266,UNIPROT_PROSITE_NR_LBD,UNIPROT_CANONICAL_1_BASED_INCLUSIVE,266,1.0,NEAR_COMPLETE_LBD,True,0.0,0.0,False,,True,PROJECT_PREFILTER_PASS,[]
P37231,NR1C3,PPARγ,Nutritional sensors,6T1S,6T1S_1,1,"[""X-RAY DIFFRACTION""]",True,[1.65],1.65,1.65,ULTRAHIGH_LT_1_8,[0.2044],0.2044,0.2044,PASS_ALL_LE_0_30,238,503,266,UNIPROT_PROSITE_NR_LBD,UNIPROT_CANONICAL_1_BASED_INCLUSIVE,266,1.0,NEAR_COMPLETE_LBD,True,0.0,0.0,False,,False,RESOLUTION_REVIEW,"[""RESOLUTION_REVIEW""]"
P37231,NR1C3,PPARγ,Nutritional sensors,6T1V,6T1V_1,1,"[""X-RAY DIFFRACTION""]",True,[2.21],2.21,2.21,PASS_PROJECT_RANGE,[0.1955],0.1955,0.1955,PASS_ALL_LE_0_30,238,503,266,UNIPROT_PROSITE_NR_LBD,UNIPROT_CANONICAL_1_BASED_INCLUSIVE,266,1.0,NEAR_COMPLETE_LBD,True,0.0,0.0,False,,True,PROJECT_PREFILTER_PASS,[]
P37231,NR1C3,PPARγ,Nutritional sensors,6T6B,6T6B_1,1,"[""X-RAY DIFFRACTION""]",True,[2.8],2.8,2.8,PASS_PROJECT_RANGE,[0.2714],0.2714,0.2714,PASS_ALL_LE_0_30,238,503,266,UNIPROT_PROSITE_NR_LBD,UNIPROT_CANONICAL_1_BASED_INCLUSIVE,266,1.0,NEAR_COMPLETE_LBD,True,0.0,0.0,False,,True,PROJECT_PREFILTER_PASS,[]
P37231,NR1C3,PPARγ,Nutritional sensors,6T9C,6T9C_1,1,"[""X-RAY DIFFRACTION""]",True,[1.95],1.95,1.95,PASS_PROJECT_RANGE,[0.2616],0.2616,0.2616,PASS_ALL_LE_0_30,238,503,266,UNIPROT_PROSITE_NR_LBD,UNIPROT_CANONICAL_1_BASED_INCLUSIVE,266,1.0,NEAR_COMPLETE_LBD,True,0.0,0.0,False,,True,PROJECT_PREFILTER_PASS,[]
P37231,NR1C3,PPARγ,Nutritional sensors,6TDC,6TDC_1,1,"[""X-RAY DIFFRACTION""]",True,[2.328],2.328,2.328,PASS_PROJECT_RANGE,[0.2387],0.2387,0.2387,PASS_ALL_LE_0_30,238,503,266,UNIPROT_PROSITE_NR_LBD,UNIPROT_CANONICAL_1_BASED_INCLUSIVE,266,1.0,NEAR_COMPLETE_LBD,True,0.0,0.0,False,,True,PROJECT_PREFILTER_PASS,[]
P37231,NR1C3,PPARγ,Nutritional sensors,6TSG,6TSG_1,1,"[""X-RAY DIFFRACTION""]",True,[2.98],2.98,2.98,PASS_PROJECT_RANGE,[0.2924],0.2924,0.2924,PASS_ALL_LE_0_30,238,503,266,UNIPROT_PROSITE_NR_LBD,UNIPROT_CANONICAL_1_BASED_INCLUSIVE,266,1.0,NEAR_COMPLETE_LBD,True,0.0,0.0,False,,True,PROJECT_PREFILTER_PASS,[]
P37231,NR1C3,PPARγ,Nutritional sensors,6VZL,6VZL_1,1,"[""X-RAY DIFFRACTION""]",True,[2.07],2.07,2.07,PASS_PROJECT_RANGE,[0.2886],0.2886,0.2886,PASS_ALL_LE_0_30,238,503,266,UNIPROT_PROSITE_NR_LBD,UNIPROT_CANONICAL_1_BASED_INCLUSIVE,266,1.0,NEAR_COMPLETE_LBD,True,0.0,0.0,False,,True,PROJECT_PREFILTER_PASS,[]
P37231,NR1C3,PPARγ,Nutritional sensors,6VZM,6VZM_1,1,"[""X-RAY DIFFRACTION""]",True,[2.4],2.4,2.4,PASS_PROJECT_RANGE,[0.2782],0.2782,0.2782,PASS_ALL_LE_0_30,238,503,266,UNIPROT_PROSITE_NR_LBD,UNIPROT_CANONICAL_1_BASED_INCLUSIVE,266,1.0,NEAR_COMPLETE_LBD,True,0.0,0.0,False,,True,PROJECT_PREFILTER_PASS,[]
P37231,NR1C3,PPARγ,Nutritional sensors,6VZN,6VZN_1,1,"[""X-RAY DIFFRACTION""]",True,[2.3],2.3,2.3,PASS_PROJECT_RANGE,[0.2784],0.2784,0.2784,PASS_ALL_LE_0_30,238,503,266,UNIPROT_PROSITE_NR_LBD,UNIPROT_CANONICAL_1_BASED_INCLUSIVE,266,1.0,NEAR_COMPLETE_LBD,True,0.0,0.0,False,,True,PROJECT_PREFILTER_PASS,[]
P37231,NR1C3,PPARγ,Nutritional sensors,6VZO,6VZO_1,1,"[""X-RAY DIFFRACTION""]",True,[2.27],2.27,2.27,PASS_PROJECT_RANGE,[0.2706],0.2706,0.2706,PASS_ALL_LE_0_30,238,503,266,UNIPROT_PROSITE_NR_LBD,UNIPROT_CANONICAL_1_BASED_INCLUSIVE,266,1.0,NEAR_COMPLETE_LBD,True,0.0,0.0,False,,True,PROJECT_PREFILTER_PASS,[]
P37231,NR1C3,PPARγ,Nutritional sensors,6Y3U,6Y3U_1,1,"[""X-RAY DIFFRACTION""]",True,[2.62],2.62,2.62,PASS_PROJECT_RANGE,[0.2536],0.2536,0.2536,PASS_ALL_LE_0_30,238,503,266,UNIPROT_PROSITE_NR_LBD,UNIPROT_CANONICAL_1_BASED_INCLUSIVE,266,1.0,NEAR_COMPLETE_LBD,True,0.0,0.0,False,,True,PROJECT_PREFILTER_PASS,[]
P37231,NR1C3,PPARγ,Nutritional sensors,6ZLY,6ZLY_1,1,"[""X-RAY DIFFRACTION""]",True,[1.79],1.79,1.79,ULTRAHIGH_LT_1_8,[0.2804],0.2804,0.2804,PASS_ALL_LE_0_30,238,503,266,UNIPROT_PROSITE_NR_LBD,UNIPROT_CANONICAL_1_BASED_INCLUSIVE,266,1.0,NEAR_COMPLETE_LBD,True,0.0,0.0,False,,False,RESOLUTION_REVIEW,"[""RESOLUTION_REVIEW""]"
P37231,NR1C3,PPARγ,Nutritional sensors,7A7H,7A7H_1,1,"[""X-RAY DIFFRACTION""]",True,[2.4],2.4,2.4,PASS_PROJECT_RANGE,[0.2553],0.2553,0.2553,PASS_ALL_LE_0_30,238,503,266,UNIPROT_PROSITE_NR_LBD,UNIPROT_CANONICAL_1_BASED_INCLUSIVE,266,1.0,NEAR_COMPLETE_LBD,True,0.0,0.0,False,,True,PROJECT_PREFILTER_PASS,[]
P37231,NR1C3,PPARγ,Nutritional sensors,7AHJ,7AHJ_1,1,"[""X-RAY DIFFRACTION""]",True,[2.1],2.1,2.1,PASS_PROJECT_RANGE,[0.2366],0.2366,0.2366,PASS_ALL_LE_0_30,238,503,266,UNIPROT_PROSITE_NR_LBD,UNIPROT_CANONICAL_1_BASED_INCLUSIVE,266,1.0,NEAR_COMPLETE_LBD,True,0.0,0.0,False,,True,PROJECT_PREFILTER_PASS,[]
P37231,NR1C3,PPARγ,Nutritional sensors,7AWC,7AWC_1,1,"[""X-RAY DIFFRACTION""]",True,[1.74],1.74,1.74,ULTRAHIGH_LT_1_8,[0.2041],0.2041,0.2041,PASS_ALL_LE_0_30,238,503,266,UNIPROT_PROSITE_NR_LBD,UNIPROT_CANONICAL_1_BASED_INCLUSIVE,266,1.0,NEAR_COMPLETE_LBD,True,0.0,0.0,False,,False,RESOLUTION_REVIEW,"[""RESOLUTION_REVIEW""]"
P37231,NR1C3,PPARγ,Nutritional sensors,7AWD,7AWD_1,1,"[""X-RAY DIFFRACTION""]",True,[1.93],1.93,1.93,PASS_PROJECT_RANGE,[0.2302],0.2302,0.2302,PASS_ALL_LE_0_30,238,503,266,UNIPROT_PROSITE_NR_LBD,UNIPROT_CANONICAL_1_BASED_INCLUSIVE,266,1.0,NEAR_COMPLETE_LBD,True,0.0,0.0,False,,True,PROJECT_PREFILTER_PASS,[]
P37231,NR1C3,PPARγ,Nutritional sensors,7CXE,7CXE_1,1,"[""X-RAY DIFFRACTION""]",True,[2.5],2.5,2.5,PASS_PROJECT_RANGE,[0.2645],0.2645,0.2645,PASS_ALL_LE_0_30,238,503,266,UNIPROT_PROSITE_NR_LBD,UNIPROT_CANONICAL_1_BASED_INCLUSIVE,266,1.0,NEAR_COMPLETE_LBD,True,0.0,0.0,False,,True,PROJECT_PREFILTER_PASS,[]
P37231,NR1C3,PPARγ,Nutritional sensors,7CXF,7CXF_1,1,"[""X-RAY DIFFRACTION""]",True,[2.35],2.35,2.35,PASS_PROJECT_RANGE,[0.2693],0.2693,0.2693,PASS_ALL_LE_0_30,238,503,266,UNIPROT_PROSITE_NR_LBD,UNIPROT_CANONICAL_1_BASED_INCLUSIVE,266,1.0,NEAR_COMPLETE_LBD,True,0.0,0.0,False,,True,PROJECT_PREFILTER_PASS,[]
P37231,NR1C3,PPARγ,Nutritional sensors,7CXG,7CXG_1,1,"[""X-RAY DIFFRACTION""]",True,[1.88],1.88,1.88,PASS_PROJECT_RANGE,[0.2308],0.2308,0.2308,PASS_ALL_LE_0_30,238,503,266,UNIPROT_PROSITE_NR_LBD,UNIPROT_CANONICAL_1_BASED_INCLUSIVE,266,1.0,NEAR_COMPLETE_LBD,True,0.0,0.0,False,,True,PROJECT_PREFILTER_PASS,[]
P37231,NR1C3,PPARγ,Nutritional sensors,7CXH,7CXH_1,1,"[""X-RAY DIFFRACTION""]",True,[2.3],2.3,2.3,PASS_PROJECT_RANGE,[0.257],0.257,0.257,PASS_ALL_LE_0_30,238,503,266,UNIPROT_PROSITE_NR_LBD,UNIPROT_CANONICAL_1_BASED_INCLUSIVE,266,1.0,NEAR_COMPLETE_LBD,True,0.0,0.0,False,,True,PROJECT_PREFILTER_PASS,[]
P37231,NR1C3,PPARγ,Nutritional sensors,7CXI,7CXI_1,1,"[""X-RAY DIFFRACTION""]",True,[2.3],2.3,2.3,PASS_PROJECT_RANGE,[0.2761],0.2761,0.2761,PASS_ALL_LE_0_30,238,503,266,UNIPROT_PROSITE_NR_LBD,UNIPROT_CANONICAL_1_BASED_INCLUSIVE,266,1.0,NEAR_COMPLETE_LBD,True,0.0,0.0,False,,True,PROJECT_PREFILTER_PASS,[]
P37231,NR1C3,PPARγ,Nutritional sensors,7CXJ,7CXJ_1,1,"[""X-RAY DIFFRACTION""]",True,[2.65],2.65,2.65,PASS_PROJECT_RANGE,[0.2753],0.2753,0.2753,PASS_ALL_LE_0_30,238,503,266,UNIPROT_PROSITE_NR_LBD,UNIPROT_CANONICAL_1_BASED_INCLUSIVE,266,1.0,NEAR_COMPLETE_LBD,True,0.0,0.0,False,,True,PROJECT_PREFILTER_PASS,[]
P37231,NR1C3,PPARγ,Nutritional sensors,7CXK,7CXK_1,1,"[""X-RAY DIFFRACTION""]",True,[2.2],2.2,2.2,PASS_PROJECT_RANGE,[0.2636],0.2636,0.2636,PASS_ALL_LE_0_30,238,503,266,UNIPROT_PROSITE_NR_LBD,UNIPROT_CANONICAL_1_BASED_INCLUSIVE,266,1.0,NEAR_COMPLETE_LBD,True,0.0,0.0,False,,True,PROJECT_PREFILTER_PASS,[]
P37231,NR1C3,PPARγ,Nutritional sensors,7CXL,7CXL_1,1,"[""X-RAY DIFFRACTION""]",True,[2.7],2.7,2.7,PASS_PROJECT_RANGE,[0.255],0.255,0.255,PASS_ALL_LE_0_30,238,503,266,UNIPROT_PROSITE_NR_LBD,UNIPROT_CANONICAL_1_BASED_INCLUSIVE,266,1.0,NEAR_COMPLETE_LBD,True,0.0,0.0,False,,True,PROJECT_PREFILTER_PASS,[]
P37231,NR1C3,PPARγ,Nutritional sensors,7E0A,7E0A_1,1,"[""X-RAY DIFFRACTION""]",True,[1.771],1.771,1.771,ULTRAHIGH_LT_1_8,[0.2205],0.2205,0.2205,PASS_ALL_LE_0_30,238,503,266,UNIPROT_PROSITE_NR_LBD,UNIPROT_CANONICAL_1_BASED_INCLUSIVE,266,1.0,NEAR_COMPLETE_LBD,True,0.0,0.0,False,,False,RESOLUTION_REVIEW,"[""RESOLUTION_REVIEW""]"
P37231,NR1C3,PPARγ,Nutritional sensors,7E2O,7E2O_1,1,"[""X-RAY DIFFRACTION""]",True,[3.2],3.2,3.2,PASS_PROJECT_RANGE,[0.3133],0.3133,0.3133,FAIL_ALL_GT_0_30,238,503,266,UNIPROT_PROSITE_NR_LBD,UNIPROT_CANONICAL_1_BASED_INCLUSIVE,266,1.0,NEAR_COMPLETE_LBD,True,0.0,0.0,False,,False,RFREE_REVIEW,"[""RFREE_REVIEW""]"
P37231,NR1C3,PPARγ,Nutritional sensors,7EFQ,7EFQ_1,1,"[""X-RAY DIFFRACTION""]",True,[2.3],2.3,2.3,PASS_PROJECT_RANGE,[0.2644],0.2644,0.2644,PASS_ALL_LE_0_30,238,503,266,UNIPROT_PROSITE_NR_LBD,UNIPROT_CANONICAL_1_BASED_INCLUSIVE,266,1.0,NEAR_COMPLETE_LBD,True,0.0,0.0,False,,True,PROJECT_PREFILTER_PASS,[]
P37231,NR1C3,PPARγ,Nutritional sensors,7JQG,7JQG_1,1,"[""X-RAY DIFFRACTION""]",True,[2.15],2.15,2.15,PASS_PROJECT_RANGE,[0.27],0.27,0.27,PASS_ALL_LE_0_30,238,503,266,UNIPROT_PROSITE_NR_LBD,UNIPROT_CANONICAL_1_BASED_INCLUSIVE,266,1.0,NEAR_COMPLETE_LBD,True,0.0,0.0,False,,True,PROJECT_PREFILTER_PASS,[]
P37231,NR1C3,PPARγ,Nutritional sensors,7LOT,7LOT_1,1,"[""X-RAY DIFFRACTION""]",True,[2.29],2.29,2.29,PASS_PROJECT_RANGE,[0.2592],0.2592,0.2592,PASS_ALL_LE_0_30,238,503,266,UNIPROT_PROSITE_NR_LBD,UNIPROT_CANONICAL_1_BASED_INCLUSIVE,266,1.0,NEAR_COMPLETE_LBD,True,0.0,0.0,False,,True,PROJECT_PREFILTER_PASS,[]
P37231,NR1C3,PPARγ,Nutritional sensors,7P4E,7P4E_1,1,"[""X-RAY DIFFRACTION""]",True,[2.4],2.4,2.4,PASS_PROJECT_RANGE,[0.2684],0.2684,0.2684,PASS_ALL_LE_0_30,238,503,266,UNIPROT_PROSITE_NR_LBD,UNIPROT_CANONICAL_1_BASED_INCLUSIVE,266,1.0,NEAR_COMPLETE_LBD,True,0.0,0.0,False,,True,PROJECT_PREFILTER_PASS,[]
P37231,NR1C3,PPARγ,Nutritional sensors,7QB1,7QB1_1,1,"[""X-RAY DIFFRACTION""]",True,[2.2],2.2,2.2,PASS_PROJECT_RANGE,[0.2494],0.2494,0.2494,PASS_ALL_LE_0_30,238,503,266,UNIPROT_PROSITE_NR_LBD,UNIPROT_CANONICAL_1_BASED_INCLUSIVE,266,1.0,NEAR_COMPLETE_LBD,True,0.0,0.0,False,,True,PROJECT_PREFILTER_PASS,[]
P37231,NR1C3,PPARγ,Nutritional sensors,7RLE,7RLE_1,1,"[""X-RAY DIFFRACTION""]",True,[2.5],2.5,2.5,PASS_PROJECT_RANGE,[0.2749],0.2749,0.2749,PASS_ALL_LE_0_30,238,503,266,UNIPROT_PROSITE_NR_LBD,UNIPROT_CANONICAL_1_BASED_INCLUSIVE,266,1.0,NEAR_COMPLETE_LBD,True,0.0,0.0,False,,True,PROJECT_PREFILTER_PASS,[]
P37231,NR1C3,PPARγ,Nutritional sensors,7SQA,7SQA_1,1,"[""X-RAY DIFFRACTION""]",True,[2.499],2.499,2.499,PASS_PROJECT_RANGE,[0.2855],0.2855,0.2855,PASS_ALL_LE_0_30,238,503,266,UNIPROT_PROSITE_NR_LBD,UNIPROT_CANONICAL_1_BASED_INCLUSIVE,266,1.0,NEAR_COMPLETE_LBD,True,0.0,0.0,False,,True,PROJECT_PREFILTER_PASS,[]
P37231,NR1C3,PPARγ,Nutritional sensors,7SQB,7SQB_1,1,"[""X-RAY DIFFRACTION""]",True,[2.6],2.6,2.6,PASS_PROJECT_RANGE,[0.2608],0.2608,0.2608,PASS_ALL_LE_0_30,238,503,266,UNIPROT_PROSITE_NR_LBD,UNIPROT_CANONICAL_1_BASED_INCLUSIVE,266,1.0,NEAR_COMPLETE_LBD,True,0.0,0.0,False,,True,PROJECT_PREFILTER_PASS,[]
P37231,NR1C3,PPARγ,Nutritional sensors,7WGO,7WGO_1,1,"[""X-RAY DIFFRACTION""]",True,[2.36],2.36,2.36,PASS_PROJECT_RANGE,[0.2253],0.2253,0.2253,PASS_ALL_LE_0_30,238,503,266,UNIPROT_PROSITE_NR_LBD,UNIPROT_CANONICAL_1_BASED_INCLUSIVE,266,1.0,NEAR_COMPLETE_LBD,True,0.0,0.0,False,,True,PROJECT_PREFILTER_PASS,[]
P37231,NR1C3,PPARγ,Nutritional sensors,7WGP,7WGP_1,1,"[""X-RAY DIFFRACTION""]",True,[2.53],2.53,2.53,PASS_PROJECT_RANGE,[0.2686],0.2686,0.2686,PASS_ALL_LE_0_30,238,503,266,UNIPROT_PROSITE_NR_LBD,UNIPROT_CANONICAL_1_BASED_INCLUSIVE,266,1.0,NEAR_COMPLETE_LBD,True,0.0,0.0,False,,True,PROJECT_PREFILTER_PASS,[]
P37231,NR1C3,PPARγ,Nutritional sensors,7WGQ,7WGQ_1,1,"[""X-RAY DIFFRACTION""]",True,[2.43],2.43,2.43,PASS_PROJECT_RANGE,[0.2518],0.2518,0.2518,PASS_ALL_LE_0_30,238,503,266,UNIPROT_PROSITE_NR_LBD,UNIPROT_CANONICAL_1_BASED_INCLUSIVE,266,1.0,NEAR_COMPLETE_LBD,True,0.0,0.0,False,,True,PROJECT_PREFILTER_PASS,[]
P37231,NR1C3,PPARγ,Nutritional sensors,7WOX,7WOX_1,1,"[""X-RAY DIFFRACTION""]",True,[3.2],3.2,3.2,PASS_PROJECT_RANGE,[0.2733],0.2733,0.2733,PASS_ALL_LE_0_30,238,503,266,UNIPROT_PROSITE_NR_LBD,UNIPROT_CANONICAL_1_BASED_INCLUSIVE,266,1.0,NEAR_COMPLETE_LBD,True,0.0,0.0,False,,True,PROJECT_PREFILTER_PASS,[]
P37231,NR1C3,PPARγ,Nutritional sensors,8ADF,8ADF_1,1,"[""X-RAY DIFFRACTION""]",True,[2.13],2.13,2.13,PASS_PROJECT_RANGE,[0.2569],0.2569,0.2569,PASS_ALL_LE_0_30,238,503,266,UNIPROT_PROSITE_NR_LBD,UNIPROT_CANONICAL_1_BASED_INCLUSIVE,266,1.0,NEAR_COMPLETE_LBD,True,0.0,0.0,False,,True,PROJECT_PREFILTER_PASS,[]
P37231,NR1C3,PPARγ,Nutritional sensors,8AQM,8AQM_1,1,"[""X-RAY DIFFRACTION""]",True,[2.3],2.3,2.3,PASS_PROJECT_RANGE,[0.2512],0.2512,0.2512,PASS_ALL_LE_0_30,238,503,266,UNIPROT_PROSITE_NR_LBD,UNIPROT_CANONICAL_1_BASED_INCLUSIVE,266,1.0,NEAR_COMPLETE_LBD,True,0.0,0.0,False,,True,PROJECT_PREFILTER_PASS,[]
P37231,NR1C3,PPARγ,Nutritional sensors,8AQN,8AQN_1,1,"[""X-RAY DIFFRACTION""]",True,[1.9],1.9,1.9,PASS_PROJECT_RANGE,[0.2177],0.2177,0.2177,PASS_ALL_LE_0_30,238,503,266,UNIPROT_PROSITE_NR_LBD,UNIPROT_CANONICAL_1_BASED_INCLUSIVE,266,1.0,NEAR_COMPLETE_LBD,True,0.0,0.0,False,,True,PROJECT_PREFILTER_PASS,[]
P37231,NR1C3,PPARγ,Nutritional sensors,8ATY,8ATY_1,1,"[""X-RAY DIFFRACTION""]",True,[1.9],1.9,1.9,PASS_PROJECT_RANGE,[0.201],0.201,0.201,PASS_ALL_LE_0_30,238,503,266,UNIPROT_PROSITE_NR_LBD,UNIPROT_CANONICAL_1_BASED_INCLUSIVE,266,1.0,NEAR_COMPLETE_LBD,True,0.0,0.0,False,,True,PROJECT_PREFILTER_PASS,[]
P37231,NR1C3,PPARγ,Nutritional sensors,8ATZ,8ATZ_1,1,"[""X-RAY DIFFRACTION""]",True,[1.95],1.95,1.95,PASS_PROJECT_RANGE,[0.2448],0.2448,0.2448,PASS_ALL_LE_0_30,238,503,266,UNIPROT_PROSITE_NR_LBD,UNIPROT_CANONICAL_1_BASED_INCLUSIVE,266,1.0,NEAR_COMPLETE_LBD,True,0.0,0.0,False,,True,PROJECT_PREFILTER_PASS,[]
P37231,NR1C3,PPARγ,Nutritional sensors,8B8W,8B8W_1,1,"[""X-RAY DIFFRACTION""]",True,[1.86],1.86,1.86,PASS_PROJECT_RANGE,[0.2754],0.2754,0.2754,PASS_ALL_LE_0_30,238,503,266,UNIPROT_PROSITE_NR_LBD,UNIPROT_CANONICAL_1_BASED_INCLUSIVE,266,1.0,NEAR_COMPLETE_LBD,True,0.0,0.0,False,,True,PROJECT_PREFILTER_PASS,[]
P37231,NR1C3,PPARγ,Nutritional sensors,8B8X,8B8X_1,1,"[""X-RAY DIFFRACTION""]",True,[1.78],1.78,1.78,ULTRAHIGH_LT_1_8,[0.2162],0.2162,0.2162,PASS_ALL_LE_0_30,238,503,266,UNIPROT_PROSITE_NR_LBD,UNIPROT_CANONICAL_1_BASED_INCLUSIVE,266,1.0,NEAR_COMPLETE_LBD,True,0.0,0.0,False,,False,RESOLUTION_REVIEW,"[""RESOLUTION_REVIEW""]"
P37231,NR1C3,PPARγ,Nutritional sensors,8B8Y,8B8Y_1,1,"[""X-RAY DIFFRACTION""]",True,[2.0],2.0,2.0,PASS_PROJECT_RANGE,[0.2419],0.2419,0.2419,PASS_ALL_LE_0_30,238,503,266,UNIPROT_PROSITE_NR_LBD,UNIPROT_CANONICAL_1_BASED_INCLUSIVE,266,1.0,NEAR_COMPLETE_LBD,True,0.0,0.0,False,,True,PROJECT_PREFILTER_PASS,[]
P37231,NR1C3,PPARγ,Nutritional sensors,8B8Z,8B8Z_1,1,"[""X-RAY DIFFRACTION""]",True,[2.22],2.22,2.22,PASS_PROJECT_RANGE,[0.2478],0.2478,0.2478,PASS_ALL_LE_0_30,238,503,266,UNIPROT_PROSITE_NR_LBD,UNIPROT_CANONICAL_1_BASED_INCLUSIVE,266,1.0,NEAR_COMPLETE_LBD,True,0.0,0.0,False,,True,PROJECT_PREFILTER_PASS,[]
P37231,NR1C3,PPARγ,Nutritional sensors,8B90,8B90_1,1,"[""X-RAY DIFFRACTION""]",True,[2.1],2.1,2.1,PASS_PROJECT_RANGE,[0.2742],0.2742,0.2742,PASS_ALL_LE_0_30,238,503,266,UNIPROT_PROSITE_NR_LBD,UNIPROT_CANONICAL_1_BASED_INCLUSIVE,266,1.0,NEAR_COMPLETE_LBD,True,0.0,0.0,False,,True,PROJECT_PREFILTER_PASS,[]
P37231,NR1C3,PPARγ,Nutritional sensors,8B91,8B91_1,1,"[""X-RAY DIFFRACTION""]",True,[2.23],2.23,2.23,PASS_PROJECT_RANGE,[0.2277],0.2277,0.2277,PASS_ALL_LE_0_30,238,503,266,UNIPROT_PROSITE_NR_LBD,UNIPROT_CANONICAL_1_BASED_INCLUSIVE,266,1.0,NEAR_COMPLETE_LBD,True,0.0,0.0,False,,True,PROJECT_PREFILTER_PASS,[]
P37231,NR1C3,PPARγ,Nutritional sensors,8B92,8B92_1,1,"[""X-RAY DIFFRACTION""]",True,[1.66],1.66,1.66,ULTRAHIGH_LT_1_8,[0.2274],0.2274,0.2274,PASS_ALL_LE_0_30,238,503,266,UNIPROT_PROSITE_NR_LBD,UNIPROT_CANONICAL_1_BASED_INCLUSIVE,266,1.0,NEAR_COMPLETE_LBD,True,0.0,0.0,False,,False,RESOLUTION_REVIEW,"[""RESOLUTION_REVIEW""]"
P37231,NR1C3,PPARγ,Nutritional sensors,8B93,8B93_1,1,"[""X-RAY DIFFRACTION""]",True,[2.21],2.21,2.21,PASS_PROJECT_RANGE,[0.3857],0.3857,0.3857,FAIL_ALL_GT_0_30,238,503,266,UNIPROT_PROSITE_NR_LBD,UNIPROT_CANONICAL_1_BASED_INCLUSIVE,266,1.0,NEAR_COMPLETE_LBD,True,0.0,0.0,False,,False,RFREE_REVIEW,"[""RFREE_REVIEW""]"
P37231,NR1C3,PPARγ,Nutritional sensors,8B94,8B94_1,1,"[""X-RAY DIFFRACTION""]",True,[1.55],1.55,1.55,ULTRAHIGH_LT_1_8,[0.2398],0.2398,0.2398,PASS_ALL_LE_0_30,238,503,266,UNIPROT_PROSITE_NR_LBD,UNIPROT_CANONICAL_1_BASED_INCLUSIVE,266,1.0,NEAR_COMPLETE_LBD,True,0.0,0.0,False,,False,RESOLUTION_REVIEW,"[""RESOLUTION_REVIEW""]"
P37231,NR1C3,PPARγ,Nutritional sensors,8B95,8B95_1,1,"[""X-RAY DIFFRACTION""]",True,[1.72],1.72,1.72,ULTRAHIGH_LT_1_8,[0.238],0.238,0.238,PASS_ALL_LE_0_30,238,503,266,UNIPROT_PROSITE_NR_LBD,UNIPROT_CANONICAL_1_BASED_INCLUSIVE,266,1.0,NEAR_COMPLETE_LBD,True,0.0,0.0,False,,False,RESOLUTION_REVIEW,"[""RESOLUTION_REVIEW""]"
P37231,NR1C3,PPARγ,Nutritional sensors,8BF1,8BF1_1,1,"[""X-RAY DIFFRACTION""]",True,[1.36],1.36,1.36,ULTRAHIGH_LT_1_8,[0.1811],0.1811,0.1811,PASS_ALL_LE_0_30,238,503,266,UNIPROT_PROSITE_NR_LBD,UNIPROT_CANONICAL_1_BASED_INCLUSIVE,266,1.0,NEAR_COMPLETE_LBD,True,0.0,0.0,False,,False,RESOLUTION_REVIEW,"[""RESOLUTION_REVIEW""]"
P37231,NR1C3,PPARγ,Nutritional sensors,8BF2,8BF2_1,1,"[""X-RAY DIFFRACTION""]",True,[2.18],2.18,2.18,PASS_PROJECT_RANGE,[0.2474],0.2474,0.2474,PASS_ALL_LE_0_30,238,503,266,UNIPROT_PROSITE_NR_LBD,UNIPROT_CANONICAL_1_BASED_INCLUSIVE,266,1.0,NEAR_COMPLETE_LBD,True,0.0,0.0,False,,True,PROJECT_PREFILTER_PASS,[]
P37231,NR1C3,PPARγ,Nutritional sensors,8BFF,8BFF_1,1,"[""X-RAY DIFFRACTION""]",True,[2.6],2.6,2.6,PASS_PROJECT_RANGE,[0.2946],0.2946,0.2946,PASS_ALL_LE_0_30,238,503,266,UNIPROT_PROSITE_NR_LBD,UNIPROT_CANONICAL_1_BASED_INCLUSIVE,266,1.0,NEAR_COMPLETE_LBD,True,0.0,0.0,False,,True,PROJECT_PREFILTER_PASS,[]
P37231,NR1C3,PPARγ,Nutritional sensors,8C0C,8C0C_1,1,"[""X-RAY DIFFRACTION""]",True,[2.2],2.2,2.2,PASS_PROJECT_RANGE,[0.2715],0.2715,0.2715,PASS_ALL_LE_0_30,238,503,266,UNIPROT_PROSITE_NR_LBD,UNIPROT_CANONICAL_1_BASED_INCLUSIVE,266,1.0,NEAR_COMPLETE_LBD,True,0.0,0.0,False,,True,PROJECT_PREFILTER_PASS,[]
P37231,NR1C3,PPARγ,Nutritional sensors,8CPH,8CPH_1,1,"[""X-RAY DIFFRACTION""]",True,[2.4],2.4,2.4,PASS_PROJECT_RANGE,[0.26341],0.26341,0.26341,PASS_ALL_LE_0_30,238,503,266,UNIPROT_PROSITE_NR_LBD,UNIPROT_CANONICAL_1_BASED_INCLUSIVE,266,1.0,NEAR_COMPLETE_LBD,True,0.0,0.0,False,,True,PROJECT_PREFILTER_PASS,[]
P37231,NR1C3,PPARγ,Nutritional sensors,8CPI,8CPI_1,1,"[""X-RAY DIFFRACTION""]",True,[2.1],2.1,2.1,PASS_PROJECT_RANGE,[0.28219],0.28219,0.28219,PASS_ALL_LE_0_30,238,503,266,UNIPROT_PROSITE_NR_LBD,UNIPROT_CANONICAL_1_BASED_INCLUSIVE,266,1.0,NEAR_COMPLETE_LBD,True,0.0,0.0,False,,True,PROJECT_PREFILTER_PASS,[]
P37231,NR1C3,PPARγ,Nutritional sensors,8CPJ,8CPJ_1,1,"[""X-RAY DIFFRACTION""]",True,[2.4],2.4,2.4,PASS_PROJECT_RANGE,[0.28194],0.28194,0.28194,PASS_ALL_LE_0_30,238,503,266,UNIPROT_PROSITE_NR_LBD,UNIPROT_CANONICAL_1_BASED_INCLUSIVE,266,1.0,NEAR_COMPLETE_LBD,True,0.0,0.0,False,,True,PROJECT_PREFILTER_PASS,[]
P37231,NR1C3,PPARγ,Nutritional sensors,8DK4,8DK4_1,1,"[""X-RAY DIFFRACTION""]",True,[2.6],2.6,2.6,PASS_PROJECT_RANGE,[0.2554],0.2554,0.2554,PASS_ALL_LE_0_30,238,503,266,UNIPROT_PROSITE_NR_LBD,UNIPROT_CANONICAL_1_BASED_INCLUSIVE,266,1.0,NEAR_COMPLETE_LBD,True,0.0,0.0,False,,True,PROJECT_PREFILTER_PASS,[]
P37231,NR1C3,PPARγ,Nutritional sensors,8DKN,8DKN_1,1,"[""X-RAY DIFFRACTION""]",True,[1.95],1.95,1.95,PASS_PROJECT_RANGE,[0.2973],0.2973,0.2973,PASS_ALL_LE_0_30,238,503,266,UNIPROT_PROSITE_NR_LBD,UNIPROT_CANONICAL_1_BASED_INCLUSIVE,266,1.0,NEAR_COMPLETE_LBD,True,0.0,0.0,False,,True,PROJECT_PREFILTER_PASS,[]
P37231,NR1C3,PPARγ,Nutritional sensors,8DKV,8DKV_1,1,"[""X-RAY DIFFRACTION""]",True,[1.59],1.59,1.59,ULTRAHIGH_LT_1_8,[0.266],0.266,0.266,PASS_ALL_LE_0_30,238,503,266,UNIPROT_PROSITE_NR_LBD,UNIPROT_CANONICAL_1_BASED_INCLUSIVE,266,1.0,NEAR_COMPLETE_LBD,True,0.0,0.0,False,,False,RESOLUTION_REVIEW,"[""RESOLUTION_REVIEW""]"
P37231,NR1C3,PPARγ,Nutritional sensors,8DSY,8DSY_1,1,"[""X-RAY DIFFRACTION""]",True,[2.95],2.95,2.95,PASS_PROJECT_RANGE,[0.2669],0.2669,0.2669,PASS_ALL_LE_0_30,238,503,266,UNIPROT_PROSITE_NR_LBD,UNIPROT_CANONICAL_1_BASED_INCLUSIVE,266,1.0,NEAR_COMPLETE_LBD,True,0.0,0.0,False,,True,PROJECT_PREFILTER_PASS,[]
P37231,NR1C3,PPARγ,Nutritional sensors,8DSZ,8DSZ_1,1,"[""X-RAY DIFFRACTION""]",True,[2.5],2.5,2.5,PASS_PROJECT_RANGE,[0.2687],0.2687,0.2687,PASS_ALL_LE_0_30,238,503,266,UNIPROT_PROSITE_NR_LBD,UNIPROT_CANONICAL_1_BASED_INCLUSIVE,266,1.0,NEAR_COMPLETE_LBD,True,0.0,0.0,False,,True,PROJECT_PREFILTER_PASS,[]
P37231,NR1C3,PPARγ,Nutritional sensors,8FHE,8FHE_1,1,"[""X-RAY DIFFRACTION""]",True,[1.8],1.8,1.8,PASS_PROJECT_RANGE,[0.2286],0.2286,0.2286,PASS_ALL_LE_0_30,238,503,266,UNIPROT_PROSITE_NR_LBD,UNIPROT_CANONICAL_1_BASED_INCLUSIVE,266,1.0,NEAR_COMPLETE_LBD,True,0.0,0.0,False,,True,PROJECT_PREFILTER_PASS,[]
P37231,NR1C3,PPARγ,Nutritional sensors,8FHF,8FHF_1,1,"[""X-RAY DIFFRACTION""]",True,[2.1],2.1,2.1,PASS_PROJECT_RANGE,[0.285],0.285,0.285,PASS_ALL_LE_0_30,238,503,266,UNIPROT_PROSITE_NR_LBD,UNIPROT_CANONICAL_1_BASED_INCLUSIVE,266,1.0,NEAR_COMPLETE_LBD,True,0.0,0.0,False,,True,PROJECT_PREFILTER_PASS,[]
P37231,NR1C3,PPARγ,Nutritional sensors,8FHG,8FHG_1,1,"[""X-RAY DIFFRACTION""]",True,[1.8],1.8,1.8,PASS_PROJECT_RANGE,[0.2343],0.2343,0.2343,PASS_ALL_LE_0_30,238,503,266,UNIPROT_PROSITE_NR_LBD,UNIPROT_CANONICAL_1_BASED_INCLUSIVE,266,1.0,NEAR_COMPLETE_LBD,True,0.0,0.0,False,,True,PROJECT_PREFILTER_PASS,[]
P37231,NR1C3,PPARγ,Nutritional sensors,8FKC,8FKC_1,1,"[""X-RAY DIFFRACTION""]",True,[1.42],1.42,1.42,ULTRAHIGH_LT_1_8,[0.1975],0.1975,0.1975,PASS_ALL_LE_0_30,238,503,266,UNIPROT_PROSITE_NR_LBD,UNIPROT_CANONICAL_1_BASED_INCLUSIVE,266,1.0,NEAR_COMPLETE_LBD,True,0.0,0.0,False,,False,RESOLUTION_REVIEW,"[""RESOLUTION_REVIEW""]"
P37231,NR1C3,PPARγ,Nutritional sensors,8FKD,8FKD_1,1,"[""X-RAY DIFFRACTION""]",True,[2.22],2.22,2.22,PASS_PROJECT_RANGE,[0.2514],0.2514,0.2514,PASS_ALL_LE_0_30,238,503,266,UNIPROT_PROSITE_NR_LBD,UNIPROT_CANONICAL_1_BASED_INCLUSIVE,266,1.0,NEAR_COMPLETE_LBD,True,0.0,0.0,False,,True,PROJECT_PREFILTER_PASS,[]
P37231,NR1C3,PPARγ,Nutritional sensors,8FKE,8FKE_1,1,"[""X-RAY DIFFRACTION""]",True,[2.02],2.02,2.02,PASS_PROJECT_RANGE,[0.2491],0.2491,0.2491,PASS_ALL_LE_0_30,238,503,266,UNIPROT_PROSITE_NR_LBD,UNIPROT_CANONICAL_1_BASED_INCLUSIVE,266,1.0,NEAR_COMPLETE_LBD,True,0.0,0.0,False,,True,PROJECT_PREFILTER_PASS,[]
P37231,NR1C3,PPARγ,Nutritional sensors,8FKF,8FKF_1,1,"[""X-RAY DIFFRACTION""]",True,[1.82],1.82,1.82,PASS_PROJECT_RANGE,[0.2164],0.2164,0.2164,PASS_ALL_LE_0_30,238,503,266,UNIPROT_PROSITE_NR_LBD,UNIPROT_CANONICAL_1_BASED_INCLUSIVE,266,1.0,NEAR_COMPLETE_LBD,True,0.0,0.0,False,,True,PROJECT_PREFILTER_PASS,[]
P37231,NR1C3,PPARγ,Nutritional sensors,8FKG,8FKG_2,2,"[""X-RAY DIFFRACTION""]",True,[2.12],2.12,2.12,PASS_PROJECT_RANGE,[0.2183],0.2183,0.2183,PASS_ALL_LE_0_30,238,503,266,UNIPROT_PROSITE_NR_LBD,UNIPROT_CANONICAL_1_BASED_INCLUSIVE,266,1.0,NEAR_COMPLETE_LBD,True,0.0,0.0,False,,True,PROJECT_PREFILTER_PASS,[]
P37231,NR1C3,PPARγ,Nutritional sensors,8HHP,8HHP_1,1,"[""X-RAY DIFFRACTION""]",True,[2.45],2.45,2.45,PASS_PROJECT_RANGE,[0.2864],0.2864,0.2864,PASS_ALL_LE_0_30,238,503,266,UNIPROT_PROSITE_NR_LBD,UNIPROT_CANONICAL_1_BASED_INCLUSIVE,266,1.0,NEAR_COMPLETE_LBD,True,0.0,0.0,False,,True,PROJECT_PREFILTER_PASS,[]
P37231,NR1C3,PPARγ,Nutritional sensors,8HHQ,8HHQ_1,1,"[""X-RAY DIFFRACTION""]",True,[2.4],2.4,2.4,PASS_PROJECT_RANGE,[0.26627],0.26627,0.26627,PASS_ALL_LE_0_30,238,503,266,UNIPROT_PROSITE_NR_LBD,UNIPROT_CANONICAL_1_BASED_INCLUSIVE,266,1.0,NEAR_COMPLETE_LBD,True,0.0,0.0,False,,True,PROJECT_PREFILTER_PASS,[]
P37231,NR1C3,PPARγ,Nutritional sensors,8HUM,8HUM_1,1,"[""X-RAY DIFFRACTION""]",True,[2.29],2.29,2.29,PASS_PROJECT_RANGE,[0.2504],0.2504,0.2504,PASS_ALL_LE_0_30,238,503,266,UNIPROT_PROSITE_NR_LBD,UNIPROT_CANONICAL_1_BASED_INCLUSIVE,266,1.0,NEAR_COMPLETE_LBD,True,0.0,0.0,False,,True,PROJECT_PREFILTER_PASS,[]
P37231,NR1C3,PPARγ,Nutritional sensors,8HUP,8HUP_1,1,"[""X-RAY DIFFRACTION""]",True,[2.36],2.36,2.36,PASS_PROJECT_RANGE,[0.2338],0.2338,0.2338,PASS_ALL_LE_0_30,238,503,266,UNIPROT_PROSITE_NR_LBD,UNIPROT_CANONICAL_1_BASED_INCLUSIVE,266,1.0,NEAR_COMPLETE_LBD,True,0.0,0.0,False,,True,PROJECT_PREFILTER_PASS,[]
P37231,NR1C3,PPARγ,Nutritional sensors,8PBO,8PBO_1,1,"[""X-RAY DIFFRACTION""]",True,[1.85],1.85,1.85,PASS_PROJECT_RANGE,[0.2128],0.2128,0.2128,PASS_ALL_LE_0_30,238,503,266,UNIPROT_PROSITE_NR_LBD,UNIPROT_CANONICAL_1_BASED_INCLUSIVE,266,1.0,NEAR_COMPLETE_LBD,True,0.0,0.0,False,,True,PROJECT_PREFILTER_PASS,[]
P37231,NR1C3,PPARγ,Nutritional sensors,8REJ,8REJ_1,1,"[""X-RAY DIFFRACTION""]",True,[3.16],3.16,3.16,PASS_PROJECT_RANGE,[0.2664],0.2664,0.2664,PASS_ALL_LE_0_30,238,503,266,UNIPROT_PROSITE_NR_LBD,UNIPROT_CANONICAL_1_BASED_INCLUSIVE,266,1.0,NEAR_COMPLETE_LBD,True,0.0,0.0,False,,True,PROJECT_PREFILTER_PASS,[]
P37231,NR1C3,PPARγ,Nutritional sensors,8SC9,8SC9_1,1,"[""X-RAY DIFFRACTION""]",True,[1.855],1.855,1.855,PASS_PROJECT_RANGE,[0.2411],0.2411,0.2411,PASS_ALL_LE_0_30,238,503,266,UNIPROT_PROSITE_NR_LBD,UNIPROT_CANONICAL_1_BASED_INCLUSIVE,266,1.0,NEAR_COMPLETE_LBD,True,0.0,0.0,False,,True,PROJECT_PREFILTER_PASS,[]
P37231,NR1C3,PPARγ,Nutritional sensors,8U57,8U57_1,1,"[""X-RAY DIFFRACTION""]",True,[2.0],2.0,2.0,PASS_PROJECT_RANGE,[0.2538],0.2538,0.2538,PASS_ALL_LE_0_30,238,503,266,UNIPROT_PROSITE_NR_LBD,UNIPROT_CANONICAL_1_BASED_INCLUSIVE,266,1.0,NEAR_COMPLETE_LBD,True,0.0,0.0,False,,True,PROJECT_PREFILTER_PASS,[]
P37231,NR1C3,PPARγ,Nutritional sensors,8WFE,8WFE_1,1,"[""X-RAY DIFFRACTION""]",True,[2.2],2.2,2.2,PASS_PROJECT_RANGE,[0.2479],0.2479,0.2479,PASS_ALL_LE_0_30,238,503,266,UNIPROT_PROSITE_NR_LBD,UNIPROT_CANONICAL_1_BASED_INCLUSIVE,266,1.0,NEAR_COMPLETE_LBD,True,0.0,0.0,False,,True,PROJECT_PREFILTER_PASS,[]
P37231,NR1C3,PPARγ,Nutritional sensors,8ZFN,8ZFN_1,1,"[""X-RAY DIFFRACTION""]",True,[2.54],2.54,2.54,PASS_PROJECT_RANGE,[0.3214],0.3214,0.3214,FAIL_ALL_GT_0_30,238,503,266,UNIPROT_PROSITE_NR_LBD,UNIPROT_CANONICAL_1_BASED_INCLUSIVE,266,1.0,NEAR_COMPLETE_LBD,True,0.0,0.0,False,,False,RFREE_REVIEW,"[""RFREE_REVIEW""]"
P37231,NR1C3,PPARγ,Nutritional sensors,8ZFO,8ZFO_1,1,"[""X-RAY DIFFRACTION""]",True,[3.15],3.15,3.15,PASS_PROJECT_RANGE,[0.2961],0.2961,0.2961,PASS_ALL_LE_0_30,238,503,266,UNIPROT_PROSITE_NR_LBD,UNIPROT_CANONICAL_1_BASED_INCLUSIVE,266,1.0,NEAR_COMPLETE_LBD,True,0.0,0.0,False,,True,PROJECT_PREFILTER_PASS,[]
P37231,NR1C3,PPARγ,Nutritional sensors,8ZFP,8ZFP_1,1,"[""X-RAY DIFFRACTION""]",True,[2.48],2.48,2.48,PASS_PROJECT_RANGE,[0.303],0.303,0.303,FAIL_ALL_GT_0_30,238,503,266,UNIPROT_PROSITE_NR_LBD,UNIPROT_CANONICAL_1_BASED_INCLUSIVE,266,1.0,NEAR_COMPLETE_LBD,True,0.0,0.0,False,,False,RFREE_REVIEW,"[""RFREE_REVIEW""]"
P37231,NR1C3,PPARγ,Nutritional sensors,8ZFQ,8ZFQ_1,1,"[""X-RAY DIFFRACTION""]",True,[2.49],2.49,2.49,PASS_PROJECT_RANGE,[0.304],0.304,0.304,FAIL_ALL_GT_0_30,238,503,266,UNIPROT_PROSITE_NR_LBD,UNIPROT_CANONICAL_1_BASED_INCLUSIVE,266,1.0,NEAR_COMPLETE_LBD,True,0.0,0.0,False,,False,RFREE_REVIEW,"[""RFREE_REVIEW""]"
P37231,NR1C3,PPARγ,Nutritional sensors,8ZFR,8ZFR_1,1,"[""X-RAY DIFFRACTION""]",True,[2.73],2.73,2.73,PASS_PROJECT_RANGE,[0.3019],0.3019,0.3019,FAIL_ALL_GT_0_30,238,503,266,UNIPROT_PROSITE_NR_LBD,UNIPROT_CANONICAL_1_BASED_INCLUSIVE,266,1.0,NEAR_COMPLETE_LBD,True,0.0,0.0,False,,False,RFREE_REVIEW,"[""RFREE_REVIEW""]"
P37231,NR1C3,PPARγ,Nutritional sensors,8ZFS,8ZFS_1,1,"[""X-RAY DIFFRACTION""]",True,[2.56],2.56,2.56,PASS_PROJECT_RANGE,[0.2714],0.2714,0.2714,PASS_ALL_LE_0_30,238,503,266,UNIPROT_PROSITE_NR_LBD,UNIPROT_CANONICAL_1_BASED_INCLUSIVE,266,1.0,NEAR_COMPLETE_LBD,True,0.0,0.0,False,,True,PROJECT_PREFILTER_PASS,[]
P37231,NR1C3,PPARγ,Nutritional sensors,8ZFT,8ZFT_1,1,"[""X-RAY DIFFRACTION""]",True,[3.2],3.2,3.2,PASS_PROJECT_RANGE,[0.2799],0.2799,0.2799,PASS_ALL_LE_0_30,238,503,266,UNIPROT_PROSITE_NR_LBD,UNIPROT_CANONICAL_1_BASED_INCLUSIVE,266,1.0,NEAR_COMPLETE_LBD,True,0.0,0.0,False,,True,PROJECT_PREFILTER_PASS,[]
P37231,NR1C3,PPARγ,Nutritional sensors,9CK0,9CK0_1,1,"[""X-RAY DIFFRACTION""]",True,[2.6],2.6,2.6,PASS_PROJECT_RANGE,[0.2958],0.2958,0.2958,PASS_ALL_LE_0_30,238,503,266,UNIPROT_PROSITE_NR_LBD,UNIPROT_CANONICAL_1_BASED_INCLUSIVE,266,1.0,NEAR_COMPLETE_LBD,True,0.0,0.0,False,,True,PROJECT_PREFILTER_PASS,[]
P37231,NR1C3,PPARγ,Nutritional sensors,9CWN,9CWN_1,1,"[""X-RAY DIFFRACTION""]",True,[2.7],2.7,2.7,PASS_PROJECT_RANGE,[0.242],0.242,0.242,PASS_ALL_LE_0_30,238,503,266,UNIPROT_PROSITE_NR_LBD,UNIPROT_CANONICAL_1_BASED_INCLUSIVE,266,1.0,NEAR_COMPLETE_LBD,True,0.0,0.0,False,,True,PROJECT_PREFILTER_PASS,[]
P37231,NR1C3,PPARγ,Nutritional sensors,9F7W,9F7W_1,1,"[""X-RAY DIFFRACTION""]",True,[1.25],1.25,1.25,ULTRAHIGH_LT_1_8,[0.1889],0.1889,0.1889,PASS_ALL_LE_0_30,238,503,266,UNIPROT_PROSITE_NR_LBD,UNIPROT_CANONICAL_1_BASED_INCLUSIVE,266,1.0,NEAR_COMPLETE_LBD,True,0.0,0.0,False,,False,RESOLUTION_REVIEW,"[""RESOLUTION_REVIEW""]"
P37231,NR1C3,PPARγ,Nutritional sensors,9F7X,9F7X_1,1,"[""X-RAY DIFFRACTION""]",True,[1.63],1.63,1.63,ULTRAHIGH_LT_1_8,[0.2899],0.2899,0.2899,PASS_ALL_LE_0_30,238,503,266,UNIPROT_PROSITE_NR_LBD,UNIPROT_CANONICAL_1_BASED_INCLUSIVE,266,1.0,NEAR_COMPLETE_LBD,True,0.0,0.0,False,,False,RESOLUTION_REVIEW,"[""RESOLUTION_REVIEW""]"
P37231,NR1C3,PPARγ,Nutritional sensors,9GFU,9GFU_1,1,"[""X-RAY DIFFRACTION""]",True,[2.1],2.1,2.1,PASS_PROJECT_RANGE,[0.2496],0.2496,0.2496,PASS_ALL_LE_0_30,238,503,266,UNIPROT_PROSITE_NR_LBD,UNIPROT_CANONICAL_1_BASED_INCLUSIVE,266,1.0,NEAR_COMPLETE_LBD,True,0.0,0.0,False,,True,PROJECT_PREFILTER_PASS,[]
P37231,NR1C3,PPARγ,Nutritional sensors,9GVP,9GVP_1,1,"[""X-RAY DIFFRACTION""]",True,[2.05],2.05,2.05,PASS_PROJECT_RANGE,[0.2487],0.2487,0.2487,PASS_ALL_LE_0_30,238,503,266,UNIPROT_PROSITE_NR_LBD,UNIPROT_CANONICAL_1_BASED_INCLUSIVE,266,1.0,NEAR_COMPLETE_LBD,True,0.0,0.0,False,,True,PROJECT_PREFILTER_PASS,[]
P37231,NR1C3,PPARγ,Nutritional sensors,9GVS,9GVS_1,1,"[""X-RAY DIFFRACTION""]",True,[2.1],2.1,2.1,PASS_PROJECT_RANGE,[0.2553],0.2553,0.2553,PASS_ALL_LE_0_30,238,503,266,UNIPROT_PROSITE_NR_LBD,UNIPROT_CANONICAL_1_BASED_INCLUSIVE,266,1.0,NEAR_COMPLETE_LBD,True,0.0,0.0,False,,True,PROJECT_PREFILTER_PASS,[]
P37231,NR1C3,PPARγ,Nutritional sensors,9GVT,9GVT_1,1,"[""X-RAY DIFFRACTION""]",True,[2.3],2.3,2.3,PASS_PROJECT_RANGE,[0.2519],0.2519,0.2519,PASS_ALL_LE_0_30,238,503,266,UNIPROT_PROSITE_NR_LBD,UNIPROT_CANONICAL_1_BASED_INCLUSIVE,266,1.0,NEAR_COMPLETE_LBD,True,0.0,0.0,False,,True,PROJECT_PREFILTER_PASS,[]
P37231,NR1C3,PPARγ,Nutritional sensors,9GW3,9GW3_1,1,"[""X-RAY DIFFRACTION""]",True,[2.0],2.0,2.0,PASS_PROJECT_RANGE,[0.25167],0.25167,0.25167,PASS_ALL_LE_0_30,238,503,266,UNIPROT_PROSITE_NR_LBD,UNIPROT_CANONICAL_1_BASED_INCLUSIVE,266,1.0,NEAR_COMPLETE_LBD,True,0.0,0.0,False,,True,PROJECT_PREFILTER_PASS,[]
P37231,NR1C3,PPARγ,Nutritional sensors,9GW4,9GW4_1,1,"[""X-RAY DIFFRACTION""]",True,[2.2],2.2,2.2,PASS_PROJECT_RANGE,[0.2484],0.2484,0.2484,PASS_ALL_LE_0_30,238,503,266,UNIPROT_PROSITE_NR_LBD,UNIPROT_CANONICAL_1_BASED_INCLUSIVE,266,1.0,NEAR_COMPLETE_LBD,True,0.0,0.0,False,,True,PROJECT_PREFILTER_PASS,[]
P37231,NR1C3,PPARγ,Nutritional sensors,9GW7,9GW7_1,1,"[""X-RAY DIFFRACTION""]",True,[2.1],2.1,2.1,PASS_PROJECT_RANGE,[0.24839],0.24839,0.24839,PASS_ALL_LE_0_30,238,503,266,UNIPROT_PROSITE_NR_LBD,UNIPROT_CANONICAL_1_BASED_INCLUSIVE,266,1.0,NEAR_COMPLETE_LBD,True,0.0,0.0,False,,True,PROJECT_PREFILTER_PASS,[]
P37231,NR1C3,PPARγ,Nutritional sensors,9GW8,9GW8_1,1,"[""X-RAY DIFFRACTION""]",True,[2.2],2.2,2.2,PASS_PROJECT_RANGE,[0.2568],0.2568,0.2568,PASS_ALL_LE_0_30,238,503,266,UNIPROT_PROSITE_NR_LBD,UNIPROT_CANONICAL_1_BASED_INCLUSIVE,266,1.0,NEAR_COMPLETE_LBD,True,0.0,0.0,False,,True,PROJECT_PREFILTER_PASS,[]
P37231,NR1C3,PPARγ,Nutritional sensors,9GWB,9GWB_1,1,"[""X-RAY DIFFRACTION""]",True,[2.2],2.2,2.2,PASS_PROJECT_RANGE,[0.2452],0.2452,0.2452,PASS_ALL_LE_0_30,238,503,266,UNIPROT_PROSITE_NR_LBD,UNIPROT_CANONICAL_1_BASED_INCLUSIVE,266,1.0,NEAR_COMPLETE_LBD,True,0.0,0.0,False,,True,PROJECT_PREFILTER_PASS,[]
P37231,NR1C3,PPARγ,Nutritional sensors,9GWC,9GWC_1,1,"[""X-RAY DIFFRACTION""]",True,[2.0],2.0,2.0,PASS_PROJECT_RANGE,[0.24729],0.24729,0.24729,PASS_ALL_LE_0_30,238,503,266,UNIPROT_PROSITE_NR_LBD,UNIPROT_CANONICAL_1_BASED_INCLUSIVE,266,1.0,NEAR_COMPLETE_LBD,True,0.0,0.0,False,,True,PROJECT_PREFILTER_PASS,[]
P37231,NR1C3,PPARγ,Nutritional sensors,9GWE,9GWE_1,1,"[""X-RAY DIFFRACTION""]",True,[2.1],2.1,2.1,PASS_PROJECT_RANGE,[0.259],0.259,0.259,PASS_ALL_LE_0_30,238,503,266,UNIPROT_PROSITE_NR_LBD,UNIPROT_CANONICAL_1_BASED_INCLUSIVE,266,1.0,NEAR_COMPLETE_LBD,True,0.0,0.0,False,,True,PROJECT_PREFILTER_PASS,[]
P37231,NR1C3,PPARγ,Nutritional sensors,9GWF,9GWF_1,1,"[""X-RAY DIFFRACTION""]",True,[2.4],2.4,2.4,PASS_PROJECT_RANGE,[0.2526],0.2526,0.2526,PASS_ALL_LE_0_30,238,503,266,UNIPROT_PROSITE_NR_LBD,UNIPROT_CANONICAL_1_BASED_INCLUSIVE,266,1.0,NEAR_COMPLETE_LBD,True,0.0,0.0,False,,True,PROJECT_PREFILTER_PASS,[]
P37231,NR1C3,PPARγ,Nutritional sensors,9GWG,9GWG_1,1,"[""X-RAY DIFFRACTION""]",True,[2.3],2.3,2.3,PASS_PROJECT_RANGE,[0.2521],0.2521,0.2521,PASS_ALL_LE_0_30,238,503,266,UNIPROT_PROSITE_NR_LBD,UNIPROT_CANONICAL_1_BASED_INCLUSIVE,266,1.0,NEAR_COMPLETE_LBD,True,0.0,0.0,False,,True,PROJECT_PREFILTER_PASS,[]
P37231,NR1C3,PPARγ,Nutritional sensors,9GWH,9GWH_1,1,"[""X-RAY DIFFRACTION""]",True,[2.1],2.1,2.1,PASS_PROJECT_RANGE,[0.2564],0.2564,0.2564,PASS_ALL_LE_0_30,238,503,266,UNIPROT_PROSITE_NR_LBD,UNIPROT_CANONICAL_1_BASED_INCLUSIVE,266,1.0,NEAR_COMPLETE_LBD,True,0.0,0.0,False,,True,PROJECT_PREFILTER_PASS,[]
P37231,NR1C3,PPARγ,Nutritional sensors,9GWI,9GWI_1,1,"[""X-RAY DIFFRACTION""]",True,[2.2],2.2,2.2,PASS_PROJECT_RANGE,[0.2533],0.2533,0.2533,PASS_ALL_LE_0_30,238,503,266,UNIPROT_PROSITE_NR_LBD,UNIPROT_CANONICAL_1_BASED_INCLUSIVE,266,1.0,NEAR_COMPLETE_LBD,True,0.0,0.0,False,,True,PROJECT_PREFILTER_PASS,[]
P37231,NR1C3,PPARγ,Nutritional sensors,9GWK,9GWK_1,1,"[""X-RAY DIFFRACTION""]",True,[2.2],2.2,2.2,PASS_PROJECT_RANGE,[0.2543],0.2543,0.2543,PASS_ALL_LE_0_30,238,503,266,UNIPROT_PROSITE_NR_LBD,UNIPROT_CANONICAL_1_BASED_INCLUSIVE,266,1.0,NEAR_COMPLETE_LBD,True,0.0,0.0,False,,True,PROJECT_PREFILTER_PASS,[]
P37231,NR1C3,PPARγ,Nutritional sensors,9GWL,9GWL_1,1,"[""X-RAY DIFFRACTION""]",True,[2.2],2.2,2.2,PASS_PROJECT_RANGE,[0.2486],0.2486,0.2486,PASS_ALL_LE_0_30,238,503,266,UNIPROT_PROSITE_NR_LBD,UNIPROT_CANONICAL_1_BASED_INCLUSIVE,266,1.0,NEAR_COMPLETE_LBD,True,0.0,0.0,False,,True,PROJECT_PREFILTER_PASS,[]
P37231,NR1C3,PPARγ,Nutritional sensors,9GWM,9GWM_1,1,"[""X-RAY DIFFRACTION""]",True,[2.2],2.2,2.2,PASS_PROJECT_RANGE,[0.2528],0.2528,0.2528,PASS_ALL_LE_0_30,238,503,266,UNIPROT_PROSITE_NR_LBD,UNIPROT_CANONICAL_1_BASED_INCLUSIVE,266,1.0,NEAR_COMPLETE_LBD,True,0.0,0.0,False,,True,PROJECT_PREFILTER_PASS,[]
P37231,NR1C3,PPARγ,Nutritional sensors,9GWN,9GWN_1,1,"[""X-RAY DIFFRACTION""]",True,[2.2],2.2,2.2,PASS_PROJECT_RANGE,[0.2575],0.2575,0.2575,PASS_ALL_LE_0_30,238,503,266,UNIPROT_PROSITE_NR_LBD,UNIPROT_CANONICAL_1_BASED_INCLUSIVE,266,1.0,NEAR_COMPLETE_LBD,True,0.0,0.0,False,,True,PROJECT_PREFILTER_PASS,[]
P37231,NR1C3,PPARγ,Nutritional sensors,9GWP,9GWP_1,1,"[""X-RAY DIFFRACTION""]",True,[2.55],2.55,2.55,PASS_PROJECT_RANGE,[0.2689],0.2689,0.2689,PASS_ALL_LE_0_30,238,503,266,UNIPROT_PROSITE_NR_LBD,UNIPROT_CANONICAL_1_BASED_INCLUSIVE,266,1.0,NEAR_COMPLETE_LBD,True,0.0,0.0,False,,True,PROJECT_PREFILTER_PASS,[]
P37231,NR1C3,PPARγ,Nutritional sensors,9GWQ,9GWQ_1,1,"[""X-RAY DIFFRACTION""]",True,[2.1],2.1,2.1,PASS_PROJECT_RANGE,[0.255],0.255,0.255,PASS_ALL_LE_0_30,238,503,266,UNIPROT_PROSITE_NR_LBD,UNIPROT_CANONICAL_1_BASED_INCLUSIVE,266,1.0,NEAR_COMPLETE_LBD,True,0.0,0.0,False,,True,PROJECT_PREFILTER_PASS,[]
P37231,NR1C3,PPARγ,Nutritional sensors,9GWR,9GWR_1,1,"[""X-RAY DIFFRACTION""]",True,[2.1],2.1,2.1,PASS_PROJECT_RANGE,[0.2549],0.2549,0.2549,PASS_ALL_LE_0_30,238,503,266,UNIPROT_PROSITE_NR_LBD,UNIPROT_CANONICAL_1_BASED_INCLUSIVE,266,1.0,NEAR_COMPLETE_LBD,True,0.0,0.0,False,,True,PROJECT_PREFILTER_PASS,[]
P37231,NR1C3,PPARγ,Nutritional sensors,9GWS,9GWS_1,1,"[""X-RAY DIFFRACTION""]",True,[2.2],2.2,2.2,PASS_PROJECT_RANGE,[0.2375],0.2375,0.2375,PASS_ALL_LE_0_30,238,503,266,UNIPROT_PROSITE_NR_LBD,UNIPROT_CANONICAL_1_BASED_INCLUSIVE,266,1.0,NEAR_COMPLETE_LBD,True,0.0,0.0,False,,True,PROJECT_PREFILTER_PASS,[]
P37231,NR1C3,PPARγ,Nutritional sensors,9GWX,9GWX_1,1,"[""X-RAY DIFFRACTION""]",True,[2.2],2.2,2.2,PASS_PROJECT_RANGE,[0.2483],0.2483,0.2483,PASS_ALL_LE_0_30,238,503,266,UNIPROT_PROSITE_NR_LBD,UNIPROT_CANONICAL_1_BASED_INCLUSIVE,266,1.0,NEAR_COMPLETE_LBD,True,0.0,0.0,False,,True,PROJECT_PREFILTER_PASS,[]
P37231,NR1C3,PPARγ,Nutritional sensors,9GWY,9GWY_1,1,"[""X-RAY DIFFRACTION""]",True,[2.09],2.09,2.09,PASS_PROJECT_RANGE,[0.2424],0.2424,0.2424,PASS_ALL_LE_0_30,238,503,266,UNIPROT_PROSITE_NR_LBD,UNIPROT_CANONICAL_1_BASED_INCLUSIVE,266,1.0,NEAR_COMPLETE_LBD,True,0.0,0.0,False,,True,PROJECT_PREFILTER_PASS,[]
P37231,NR1C3,PPARγ,Nutritional sensors,9GX0,9GX0_1,1,"[""X-RAY DIFFRACTION""]",True,[2.1],2.1,2.1,PASS_PROJECT_RANGE,[0.2598],0.2598,0.2598,PASS_ALL_LE_0_30,238,503,266,UNIPROT_PROSITE_NR_LBD,UNIPROT_CANONICAL_1_BASED_INCLUSIVE,266,1.0,NEAR_COMPLETE_LBD,True,0.0,0.0,False,,True,PROJECT_PREFILTER_PASS,[]
P37231,NR1C3,PPARγ,Nutritional sensors,9GX1,9GX1_1,1,"[""X-RAY DIFFRACTION""]",True,[2.1],2.1,2.1,PASS_PROJECT_RANGE,[0.2525],0.2525,0.2525,PASS_ALL_LE_0_30,238,503,266,UNIPROT_PROSITE_NR_LBD,UNIPROT_CANONICAL_1_BASED_INCLUSIVE,266,1.0,NEAR_COMPLETE_LBD,True,0.0,0.0,False,,True,PROJECT_PREFILTER_PASS,[]
P37231,NR1C3,PPARγ,Nutritional sensors,9GX2,9GX2_1,1,"[""X-RAY DIFFRACTION""]",True,[2.35],2.35,2.35,PASS_PROJECT_RANGE,[0.2457],0.2457,0.2457,PASS_ALL_LE_0_30,238,503,266,UNIPROT_PROSITE_NR_LBD,UNIPROT_CANONICAL_1_BASED_INCLUSIVE,266,1.0,NEAR_COMPLETE_LBD,True,0.0,0.0,False,,True,PROJECT_PREFILTER_PASS,[]
P37231,NR1C3,PPARγ,Nutritional sensors,9GX3,9GX3_1,1,"[""X-RAY DIFFRACTION""]",True,[1.9],1.9,1.9,PASS_PROJECT_RANGE,[0.2544],0.2544,0.2544,PASS_ALL_LE_0_30,238,503,266,UNIPROT_PROSITE_NR_LBD,UNIPROT_CANONICAL_1_BASED_INCLUSIVE,266,1.0,NEAR_COMPLETE_LBD,True,0.0,0.0,False,,True,PROJECT_PREFILTER_PASS,[]
P37231,NR1C3,PPARγ,Nutritional sensors,9GX4,9GX4_1,1,"[""X-RAY DIFFRACTION""]",True,[2.2],2.2,2.2,PASS_PROJECT_RANGE,[0.2697],0.2697,0.2697,PASS_ALL_LE_0_30,238,503,266,UNIPROT_PROSITE_NR_LBD,UNIPROT_CANONICAL_1_BASED_INCLUSIVE,266,1.0,NEAR_COMPLETE_LBD,True,0.0,0.0,False,,True,PROJECT_PREFILTER_PASS,[]
P37231,NR1C3,PPARγ,Nutritional sensors,9GX5,9GX5_1,1,"[""X-RAY DIFFRACTION""]",True,[2.45],2.45,2.45,PASS_PROJECT_RANGE,[0.2703],0.2703,0.2703,PASS_ALL_LE_0_30,238,503,266,UNIPROT_PROSITE_NR_LBD,UNIPROT_CANONICAL_1_BASED_INCLUSIVE,266,1.0,NEAR_COMPLETE_LBD,True,0.0,0.0,False,,True,PROJECT_PREFILTER_PASS,[]
P37231,NR1C3,PPARγ,Nutritional sensors,9GX6,9GX6_1,1,"[""X-RAY DIFFRACTION""]",True,[2.1],2.1,2.1,PASS_PROJECT_RANGE,[0.25118],0.25118,0.25118,PASS_ALL_LE_0_30,238,503,266,UNIPROT_PROSITE_NR_LBD,UNIPROT_CANONICAL_1_BASED_INCLUSIVE,266,1.0,NEAR_COMPLETE_LBD,True,0.0,0.0,False,,True,PROJECT_PREFILTER_PASS,[]
P37231,NR1C3,PPARγ,Nutritional sensors,9GX7,9GX7_1,1,"[""X-RAY DIFFRACTION""]",True,[2.2],2.2,2.2,PASS_PROJECT_RANGE,[0.2713],0.2713,0.2713,PASS_ALL_LE_0_30,238,503,266,UNIPROT_PROSITE_NR_LBD,UNIPROT_CANONICAL_1_BASED_INCLUSIVE,266,1.0,NEAR_COMPLETE_LBD,True,0.0,0.0,False,,True,PROJECT_PREFILTER_PASS,[]
P37231,NR1C3,PPARγ,Nutritional sensors,9GXD,9GXD_1,1,"[""X-RAY DIFFRACTION""]",True,[2.2],2.2,2.2,PASS_PROJECT_RANGE,[0.2612],0.2612,0.2612,PASS_ALL_LE_0_30,238,503,266,UNIPROT_PROSITE_NR_LBD,UNIPROT_CANONICAL_1_BASED_INCLUSIVE,266,1.0,NEAR_COMPLETE_LBD,True,0.0,0.0,False,,True,PROJECT_PREFILTER_PASS,[]
P37231,NR1C3,PPARγ,Nutritional sensors,9GZ7,9GZ7_1,1,"[""X-RAY DIFFRACTION""]",True,[1.8],1.8,1.8,PASS_PROJECT_RANGE,[0.2471],0.2471,0.2471,PASS_ALL_LE_0_30,238,503,266,UNIPROT_PROSITE_NR_LBD,UNIPROT_CANONICAL_1_BASED_INCLUSIVE,266,1.0,NEAR_COMPLETE_LBD,True,0.0,0.0,False,,True,PROJECT_PREFILTER_PASS,[]
P37231,NR1C3,PPARγ,Nutritional sensors,9GZ8,9GZ8_1,1,"[""X-RAY DIFFRACTION""]",True,[2.2],2.2,2.2,PASS_PROJECT_RANGE,[0.2539],0.2539,0.2539,PASS_ALL_LE_0_30,238,503,266,UNIPROT_PROSITE_NR_LBD,UNIPROT_CANONICAL_1_BASED_INCLUSIVE,266,1.0,NEAR_COMPLETE_LBD,True,0.0,0.0,False,,True,PROJECT_PREFILTER_PASS,[]
P37231,NR1C3,PPARγ,Nutritional sensors,9GZ9,9GZ9_1,1,"[""X-RAY DIFFRACTION""]",True,[2.1],2.1,2.1,PASS_PROJECT_RANGE,[0.2606],0.2606,0.2606,PASS_ALL_LE_0_30,238,503,266,UNIPROT_PROSITE_NR_LBD,UNIPROT_CANONICAL_1_BASED_INCLUSIVE,266,1.0,NEAR_COMPLETE_LBD,True,0.0,0.0,False,,True,PROJECT_PREFILTER_PASS,[]
P37231,NR1C3,PPARγ,Nutritional sensors,9GZA,9GZA_1,1,"[""X-RAY DIFFRACTION""]",True,[1.9],1.9,1.9,PASS_PROJECT_RANGE,[0.2381],0.2381,0.2381,PASS_ALL_LE_0_30,238,503,266,UNIPROT_PROSITE_NR_LBD,UNIPROT_CANONICAL_1_BASED_INCLUSIVE,266,1.0,NEAR_COMPLETE_LBD,True,0.0,0.0,False,,True,PROJECT_PREFILTER_PASS,[]
P37231,NR1C3,PPARγ,Nutritional sensors,9GZB,9GZB_1,1,"[""X-RAY DIFFRACTION""]",True,[2.2],2.2,2.2,PASS_PROJECT_RANGE,[0.274],0.274,0.274,PASS_ALL_LE_0_30,238,503,266,UNIPROT_PROSITE_NR_LBD,UNIPROT_CANONICAL_1_BASED_INCLUSIVE,266,1.0,NEAR_COMPLETE_LBD,True,0.0,0.0,False,,True,PROJECT_PREFILTER_PASS,[]
P37231,NR1C3,PPARγ,Nutritional sensors,9GZC,9GZC_1,1,"[""X-RAY DIFFRACTION""]",True,[2.3],2.3,2.3,PASS_PROJECT_RANGE,[0.2551],0.2551,0.2551,PASS_ALL_LE_0_30,238,503,266,UNIPROT_PROSITE_NR_LBD,UNIPROT_CANONICAL_1_BASED_INCLUSIVE,266,1.0,NEAR_COMPLETE_LBD,True,0.0,0.0,False,,True,PROJECT_PREFILTER_PASS,[]
P37231,NR1C3,PPARγ,Nutritional sensors,9GZE,9GZE_1,1,"[""X-RAY DIFFRACTION""]",True,[2.2],2.2,2.2,PASS_PROJECT_RANGE,[0.2558],0.2558,0.2558,PASS_ALL_LE_0_30,238,503,266,UNIPROT_PROSITE_NR_LBD,UNIPROT_CANONICAL_1_BASED_INCLUSIVE,266,1.0,NEAR_COMPLETE_LBD,True,0.0,0.0,False,,True,PROJECT_PREFILTER_PASS,[]
P37231,NR1C3,PPARγ,Nutritional sensors,9GZF,9GZF_1,1,"[""X-RAY DIFFRACTION""]",True,[2.65],2.65,2.65,PASS_PROJECT_RANGE,[0.2582],0.2582,0.2582,PASS_ALL_LE_0_30,238,503,266,UNIPROT_PROSITE_NR_LBD,UNIPROT_CANONICAL_1_BASED_INCLUSIVE,266,1.0,NEAR_COMPLETE_LBD,True,0.0,0.0,False,,True,PROJECT_PREFILTER_PASS,[]
P37231,NR1C3,PPARγ,Nutritional sensors,9GZI,9GZI_1,1,"[""X-RAY DIFFRACTION""]",True,[2.7],2.7,2.7,PASS_PROJECT_RANGE,[0.2636],0.2636,0.2636,PASS_ALL_LE_0_30,238,503,266,UNIPROT_PROSITE_NR_LBD,UNIPROT_CANONICAL_1_BASED_INCLUSIVE,266,1.0,NEAR_COMPLETE_LBD,True,0.0,0.0,False,,True,PROJECT_PREFILTER_PASS,[]
P37231,NR1C3,PPARγ,Nutritional sensors,9HX2,9HX2_1,1,"[""X-RAY DIFFRACTION""]",True,[2.85],2.85,2.85,PASS_PROJECT_RANGE,[0.2816],0.2816,0.2816,PASS_ALL_LE_0_30,238,503,266,UNIPROT_PROSITE_NR_LBD,UNIPROT_CANONICAL_1_BASED_INCLUSIVE,266,1.0,NEAR_COMPLETE_LBD,True,0.0,0.0,False,,True,PROJECT_PREFILTER_PASS,[]
P37231,NR1C3,PPARγ,Nutritional sensors,9IWK,9IWK_1,1,"[""X-RAY DIFFRACTION""]",True,[2.43],2.43,2.43,PASS_PROJECT_RANGE,[0.2655],0.2655,0.2655,PASS_ALL_LE_0_30,238,503,266,UNIPROT_PROSITE_NR_LBD,UNIPROT_CANONICAL_1_BASED_INCLUSIVE,266,1.0,NEAR_COMPLETE_LBD,True,0.0,0.0,False,,True,PROJECT_PREFILTER_PASS,[]
P37231,NR1C3,PPARγ,Nutritional sensors,9L3T,9L3T_1,1,"[""X-RAY DIFFRACTION""]",True,[2.36],2.36,2.36,PASS_PROJECT_RANGE,[0.2547],0.2547,0.2547,PASS_ALL_LE_0_30,238,503,266,UNIPROT_PROSITE_NR_LBD,UNIPROT_CANONICAL_1_BASED_INCLUSIVE,266,1.0,NEAR_COMPLETE_LBD,True,0.0,0.0,False,,True,PROJECT_PREFILTER_PASS,[]
P37231,NR1C3,PPARγ,Nutritional sensors,9MAH,9MAH_1,1,"[""X-RAY DIFFRACTION""]",True,[2.1],2.1,2.1,PASS_PROJECT_RANGE,[0.2336],0.2336,0.2336,PASS_ALL_LE_0_30,238,503,266,UNIPROT_PROSITE_NR_LBD,UNIPROT_CANONICAL_1_BASED_INCLUSIVE,266,1.0,NEAR_COMPLETE_LBD,True,0.0,0.0,False,,True,PROJECT_PREFILTER_PASS,[]
P37231,NR1C3,PPARγ,Nutritional sensors,9O9N,9O9N_1,1,"[""X-RAY DIFFRACTION""]",True,[2.1],2.1,2.1,PASS_PROJECT_RANGE,[0.2975],0.2975,0.2975,PASS_ALL_LE_0_30,238,503,266,UNIPROT_PROSITE_NR_LBD,UNIPROT_CANONICAL_1_BASED_INCLUSIVE,266,1.0,NEAR_COMPLETE_LBD,True,0.0,0.0,False,,True,PROJECT_PREFILTER_PASS,[]
P37231,NR1C3,PPARγ,Nutritional sensors,9OLC,9OLC_1,1,"[""X-RAY DIFFRACTION""]",True,[2.83],2.83,2.83,PASS_PROJECT_RANGE,[0.2983],0.2983,0.2983,PASS_ALL_LE_0_30,238,503,266,UNIPROT_PROSITE_NR_LBD,UNIPROT_CANONICAL_1_BASED_INCLUSIVE,266,1.0,NEAR_COMPLETE_LBD,True,0.0,0.0,False,,True,PROJECT_PREFILTER_PASS,[]
P37231,NR1C3,PPARγ,Nutritional sensors,9QFZ,9QFZ_1,1,"[""X-RAY DIFFRACTION""]",True,[2.1],2.1,2.1,PASS_PROJECT_RANGE,[0.2649],0.2649,0.2649,PASS_ALL_LE_0_30,238,503,266,UNIPROT_PROSITE_NR_LBD,UNIPROT_CANONICAL_1_BASED_INCLUSIVE,266,1.0,NEAR_COMPLETE_LBD,True,0.0,0.0,False,,True,PROJECT_PREFILTER_PASS,[]
P37231,NR1C3,PPARγ,Nutritional sensors,9QG0,9QG0_1,1,"[""X-RAY DIFFRACTION""]",True,[2.1],2.1,2.1,PASS_PROJECT_RANGE,[0.2498],0.2498,0.2498,PASS_ALL_LE_0_30,238,503,266,UNIPROT_PROSITE_NR_LBD,UNIPROT_CANONICAL_1_BASED_INCLUSIVE,266,1.0,NEAR_COMPLETE_LBD,True,0.0,0.0,False,,True,PROJECT_PREFILTER_PASS,[]
P37231,NR1C3,PPARγ,Nutritional sensors,9QG2,9QG2_1,1,"[""X-RAY DIFFRACTION""]",True,[2.0],2.0,2.0,PASS_PROJECT_RANGE,[0.2419],0.2419,0.2419,PASS_ALL_LE_0_30,238,503,266,UNIPROT_PROSITE_NR_LBD,UNIPROT_CANONICAL_1_BASED_INCLUSIVE,266,1.0,NEAR_COMPLETE_LBD,True,0.0,0.0,False,,True,PROJECT_PREFILTER_PASS,[]
P37231,NR1C3,PPARγ,Nutritional sensors,9QG3,9QG3_1,1,"[""X-RAY DIFFRACTION""]",True,[2.3],2.3,2.3,PASS_PROJECT_RANGE,[0.2549],0.2549,0.2549,PASS_ALL_LE_0_30,238,503,266,UNIPROT_PROSITE_NR_LBD,UNIPROT_CANONICAL_1_BASED_INCLUSIVE,266,1.0,NEAR_COMPLETE_LBD,True,0.0,0.0,False,,True,PROJECT_PREFILTER_PASS,[]
P37231,NR1C3,PPARγ,Nutritional sensors,9QG4,9QG4_1,1,"[""X-RAY DIFFRACTION""]",True,[1.9],1.9,1.9,PASS_PROJECT_RANGE,[0.2338],0.2338,0.2338,PASS_ALL_LE_0_30,238,503,266,UNIPROT_PROSITE_NR_LBD,UNIPROT_CANONICAL_1_BASED_INCLUSIVE,266,1.0,NEAR_COMPLETE_LBD,True,0.0,0.0,False,,True,PROJECT_PREFILTER_PASS,[]
P37231,NR1C3,PPARγ,Nutritional sensors,9QG5,9QG5_1,1,"[""X-RAY DIFFRACTION""]",True,[2.3],2.3,2.3,PASS_PROJECT_RANGE,[0.2436],0.2436,0.2436,PASS_ALL_LE_0_30,238,503,266,UNIPROT_PROSITE_NR_LBD,UNIPROT_CANONICAL_1_BASED_INCLUSIVE,266,1.0,NEAR_COMPLETE_LBD,True,0.0,0.0,False,,True,PROJECT_PREFILTER_PASS,[]
P37231,NR1C3,PPARγ,Nutritional sensors,9QG6,9QG6_1,1,"[""X-RAY DIFFRACTION""]",True,[2.7],2.7,2.7,PASS_PROJECT_RANGE,[0.2698],0.2698,0.2698,PASS_ALL_LE_0_30,238,503,266,UNIPROT_PROSITE_NR_LBD,UNIPROT_CANONICAL_1_BASED_INCLUSIVE,266,1.0,NEAR_COMPLETE_LBD,True,0.0,0.0,False,,True,PROJECT_PREFILTER_PASS,[]
P37231,NR1C3,PPARγ,Nutritional sensors,9QGJ,9QGJ_1,1,"[""X-RAY DIFFRACTION""]",True,[2.2],2.2,2.2,PASS_PROJECT_RANGE,[0.2554],0.2554,0.2554,PASS_ALL_LE_0_30,238,503,266,UNIPROT_PROSITE_NR_LBD,UNIPROT_CANONICAL_1_BASED_INCLUSIVE,266,1.0,NEAR_COMPLETE_LBD,True,0.0,0.0,False,,True,PROJECT_PREFILTER_PASS,[]
P37231,NR1C3,PPARγ,Nutritional sensors,9R6I,9R6I_1,1,"[""X-RAY DIFFRACTION""]",True,[1.7],1.7,1.7,ULTRAHIGH_LT_1_8,[0.2288],0.2288,0.2288,PASS_ALL_LE_0_30,238,503,266,UNIPROT_PROSITE_NR_LBD,UNIPROT_CANONICAL_1_BASED_INCLUSIVE,266,1.0,NEAR_COMPLETE_LBD,True,0.0,0.0,False,,False,RESOLUTION_REVIEW,"[""RESOLUTION_REVIEW""]"
P37231,NR1C3,PPARγ,Nutritional sensors,9R6K,9R6K_1,1,"[""X-RAY DIFFRACTION""]",True,[2.3],2.3,2.3,PASS_PROJECT_RANGE,[0.2591],0.2591,0.2591,PASS_ALL_LE_0_30,238,503,266,UNIPROT_PROSITE_NR_LBD,UNIPROT_CANONICAL_1_BASED_INCLUSIVE,266,1.0,NEAR_COMPLETE_LBD,True,0.0,0.0,False,,True,PROJECT_PREFILTER_PASS,[]
P37231,NR1C3,PPARγ,Nutritional sensors,9V8D,9V8D_1,1,"[""X-RAY DIFFRACTION""]",True,[1.44],1.44,1.44,ULTRAHIGH_LT_1_8,[0.2013],0.2013,0.2013,PASS_ALL_LE_0_30,238,503,266,UNIPROT_PROSITE_NR_LBD,UNIPROT_CANONICAL_1_BASED_INCLUSIVE,266,1.0,NEAR_COMPLETE_LBD,True,0.0,0.0,False,,False,RESOLUTION_REVIEW,"[""RESOLUTION_REVIEW""]"
P37231,NR1C3,PPARγ,Nutritional sensors,9V8E,9V8E_1,1,"[""X-RAY DIFFRACTION""]",True,[1.7],1.7,1.7,ULTRAHIGH_LT_1_8,[0.21487],0.21487,0.21487,PASS_ALL_LE_0_30,238,503,266,UNIPROT_PROSITE_NR_LBD,UNIPROT_CANONICAL_1_BASED_INCLUSIVE,266,1.0,NEAR_COMPLETE_LBD,True,0.0,0.0,False,,False,RESOLUTION_REVIEW,"[""RESOLUTION_REVIEW""]"
P37231,NR1C3,PPARγ,Nutritional sensors,9V8F,9V8F_1,1,"[""X-RAY DIFFRACTION""]",True,[1.75],1.75,1.75,ULTRAHIGH_LT_1_8,[0.23042],0.23042,0.23042,PASS_ALL_LE_0_30,238,503,266,UNIPROT_PROSITE_NR_LBD,UNIPROT_CANONICAL_1_BASED_INCLUSIVE,266,1.0,NEAR_COMPLETE_LBD,True,0.0,0.0,False,,False,RESOLUTION_REVIEW,"[""RESOLUTION_REVIEW""]"
P37231,NR1C3,PPARγ,Nutritional sensors,9V8G,9V8G_1,1,"[""X-RAY DIFFRACTION""]",True,[1.39],1.39,1.39,ULTRAHIGH_LT_1_8,[0.1823],0.1823,0.1823,PASS_ALL_LE_0_30,238,503,266,UNIPROT_PROSITE_NR_LBD,UNIPROT_CANONICAL_1_BASED_INCLUSIVE,266,1.0,NEAR_COMPLETE_LBD,True,0.0,0.0,False,,False,RESOLUTION_REVIEW,"[""RESOLUTION_REVIEW""]"
P37231,NR1C3,PPARγ,Nutritional sensors,9V8H,9V8H_1,1,"[""X-RAY DIFFRACTION""]",True,[1.39],1.39,1.39,ULTRAHIGH_LT_1_8,[0.19],0.19,0.19,PASS_ALL_LE_0_30,238,503,266,UNIPROT_PROSITE_NR_LBD,UNIPROT_CANONICAL_1_BASED_INCLUSIVE,266,1.0,NEAR_COMPLETE_LBD,True,0.0,0.0,False,,False,RESOLUTION_REVIEW,"[""RESOLUTION_REVIEW""]"
O75469,NR1I2,PXR,Nutritional sensors,1ILG,1ILG_1,1,"[""X-RAY DIFFRACTION""]",True,[2.52],2.52,2.52,PASS_PROJECT_RANGE,[0.279],0.279,0.279,PASS_ALL_LE_0_30,146,433,288,UNIPROT_PROSITE_NR_LBD,UNIPROT_CANONICAL_1_BASED_INCLUSIVE,288,1.0,NEAR_COMPLETE_LBD,True,0.0,0.0,False,,True,PROJECT_PREFILTER_PASS,[]
O75469,NR1I2,PXR,Nutritional sensors,1ILH,1ILH_1,1,"[""X-RAY DIFFRACTION""]",True,[2.76],2.76,2.76,PASS_PROJECT_RANGE,[0.282],0.282,0.282,PASS_ALL_LE_0_30,146,433,288,UNIPROT_PROSITE_NR_LBD,UNIPROT_CANONICAL_1_BASED_INCLUSIVE,288,1.0,NEAR_COMPLETE_LBD,True,0.0,0.0,False,,True,PROJECT_PREFILTER_PASS,[]
O75469,NR1I2,PXR,Nutritional sensors,1M13,1M13_1,1,"[""X-RAY DIFFRACTION""]",True,[2.15],2.15,2.15,PASS_PROJECT_RANGE,[0.246],0.246,0.246,PASS_ALL_LE_0_30,146,433,288,UNIPROT_PROSITE_NR_LBD,UNIPROT_CANONICAL_1_BASED_INCLUSIVE,288,1.0,NEAR_COMPLETE_LBD,True,0.0,0.0,False,,True,PROJECT_PREFILTER_PASS,[]
O75469,NR1I2,PXR,Nutritional sensors,1NRL,1NRL_1,1,"[""X-RAY DIFFRACTION""]",True,[2.0],2.0,2.0,PASS_PROJECT_RANGE,[0.24],0.24,0.24,PASS_ALL_LE_0_30,146,433,288,UNIPROT_PROSITE_NR_LBD,UNIPROT_CANONICAL_1_BASED_INCLUSIVE,288,1.0,NEAR_COMPLETE_LBD,True,0.0,0.0,False,,True,PROJECT_PREFILTER_PASS,[]
O75469,NR1I2,PXR,Nutritional sensors,1SKX,1SKX_1,1,"[""X-RAY DIFFRACTION""]",True,[2.8],2.8,2.8,PASS_PROJECT_RANGE,[0.266],0.266,0.266,PASS_ALL_LE_0_30,146,433,288,UNIPROT_PROSITE_NR_LBD,UNIPROT_CANONICAL_1_BASED_INCLUSIVE,286,0.993056,NEAR_COMPLETE_LBD,True,0.0,0.0,False,,True,PROJECT_PREFILTER_PASS,[]
O75469,NR1I2,PXR,Nutritional sensors,2O9I,2O9I_1,1,"[""X-RAY DIFFRACTION""]",True,[2.8],2.8,2.8,PASS_PROJECT_RANGE,[0.24],0.24,0.24,PASS_ALL_LE_0_30,146,433,288,UNIPROT_PROSITE_NR_LBD,UNIPROT_CANONICAL_1_BASED_INCLUSIVE,288,1.0,NEAR_COMPLETE_LBD,True,0.0,0.0,False,,True,PROJECT_PREFILTER_PASS,[]
O75469,NR1I2,PXR,Nutritional sensors,2QNV,2QNV_1,1,"[""X-RAY DIFFRACTION""]",True,[2.8],2.8,2.8,PASS_PROJECT_RANGE,[0.284],0.284,0.284,PASS_ALL_LE_0_30,146,433,288,UNIPROT_PROSITE_NR_LBD,UNIPROT_CANONICAL_1_BASED_INCLUSIVE,288,1.0,NEAR_COMPLETE_LBD,True,0.0,0.0,False,,True,PROJECT_PREFILTER_PASS,[]
O75469,NR1I2,PXR,Nutritional sensors,3CTB,3CTB_1,1,"[""X-RAY DIFFRACTION""]",True,[2.0],2.0,2.0,PASS_PROJECT_RANGE,[0.244],0.244,0.244,PASS_ALL_LE_0_30,146,433,288,UNIPROT_PROSITE_NR_LBD,UNIPROT_CANONICAL_1_BASED_INCLUSIVE,288,1.0,NEAR_COMPLETE_LBD,True,0.0,0.0,True,,True,PROJECT_PREFILTER_PASS,[]
O75469,NR1I2,PXR,Nutritional sensors,3HVL,3HVL_1,1,"[""X-RAY DIFFRACTION""]",True,[2.1],2.1,2.1,PASS_PROJECT_RANGE,[0.2648],0.2648,0.2648,PASS_ALL_LE_0_30,146,433,288,UNIPROT_PROSITE_NR_LBD,UNIPROT_CANONICAL_1_BASED_INCLUSIVE,288,1.0,NEAR_COMPLETE_LBD,True,0.0,0.0,True,,True,PROJECT_PREFILTER_PASS,[]
O75469,NR1I2,PXR,Nutritional sensors,3R8D,3R8D_1,1,"[""X-RAY DIFFRACTION""]",True,[2.8],2.8,2.8,PASS_PROJECT_RANGE,[0.28929],0.28929,0.28929,PASS_ALL_LE_0_30,146,433,288,UNIPROT_PROSITE_NR_LBD,UNIPROT_CANONICAL_1_BASED_INCLUSIVE,288,1.0,NEAR_COMPLETE_LBD,True,0.0,0.0,False,,True,PROJECT_PREFILTER_PASS,[]
O75469,NR1I2,PXR,Nutritional sensors,4J5W,4J5W_1,1,"[""X-RAY DIFFRACTION""]",True,[2.8],2.8,2.8,PASS_PROJECT_RANGE,[0.2981],0.2981,0.2981,PASS_ALL_LE_0_30,146,433,288,UNIPROT_PROSITE_NR_LBD,UNIPROT_CANONICAL_1_BASED_INCLUSIVE,288,1.0,NEAR_COMPLETE_LBD,True,0.0,0.0,False,,True,PROJECT_PREFILTER_PASS,[]
O75469,NR1I2,PXR,Nutritional sensors,4J5X,4J5X_2,2,"[""X-RAY DIFFRACTION""]",True,[2.8],2.8,2.8,PASS_PROJECT_RANGE,[0.2977],0.2977,0.2977,PASS_ALL_LE_0_30,146,433,288,UNIPROT_PROSITE_NR_LBD,UNIPROT_CANONICAL_1_BASED_INCLUSIVE,288,1.0,NEAR_COMPLETE_LBD,True,0.0,0.0,True,,True,PROJECT_PREFILTER_PASS,[]
O75469,NR1I2,PXR,Nutritional sensors,4NY9,4NY9_1,1,"[""X-RAY DIFFRACTION""]",True,[2.8],2.8,2.8,PASS_PROJECT_RANGE,[0.2982],0.2982,0.2982,PASS_ALL_LE_0_30,146,433,288,UNIPROT_PROSITE_NR_LBD,UNIPROT_CANONICAL_1_BASED_INCLUSIVE,286,0.993056,NEAR_COMPLETE_LBD,True,0.0,0.0,False,,True,PROJECT_PREFILTER_PASS,[]
O75469,NR1I2,PXR,Nutritional sensors,4S0S,4S0S_1,1,"[""X-RAY DIFFRACTION""]",True,[2.8],2.8,2.8,PASS_PROJECT_RANGE,[0.2292],0.2292,0.2292,PASS_ALL_LE_0_30,146,433,288,UNIPROT_PROSITE_NR_LBD,UNIPROT_CANONICAL_1_BASED_INCLUSIVE,288,1.0,NEAR_COMPLETE_LBD,True,0.0,0.0,False,,True,PROJECT_PREFILTER_PASS,[]
O75469,NR1I2,PXR,Nutritional sensors,4S0T,4S0T_1,1,"[""X-RAY DIFFRACTION""]",True,[3.14],3.14,3.14,PASS_PROJECT_RANGE,[0.2475],0.2475,0.2475,PASS_ALL_LE_0_30,146,433,288,UNIPROT_PROSITE_NR_LBD,UNIPROT_CANONICAL_1_BASED_INCLUSIVE,288,1.0,NEAR_COMPLETE_LBD,True,0.0,0.0,False,,True,PROJECT_PREFILTER_PASS,[]
O75469,NR1I2,PXR,Nutritional sensors,4X1F,4X1F_1,1,"[""X-RAY DIFFRACTION""]",True,[2.0],2.0,2.0,PASS_PROJECT_RANGE,[0.2097],0.2097,0.2097,PASS_ALL_LE_0_30,146,433,288,UNIPROT_PROSITE_NR_LBD,UNIPROT_CANONICAL_1_BASED_INCLUSIVE,288,1.0,NEAR_COMPLETE_LBD,True,0.0,0.0,False,,True,PROJECT_PREFILTER_PASS,[]
O75469,NR1I2,PXR,Nutritional sensors,4X1G,4X1G_1,1,"[""X-RAY DIFFRACTION""]",True,[2.25],2.25,2.25,PASS_PROJECT_RANGE,[0.218],0.218,0.218,PASS_ALL_LE_0_30,146,433,288,UNIPROT_PROSITE_NR_LBD,UNIPROT_CANONICAL_1_BASED_INCLUSIVE,288,1.0,NEAR_COMPLETE_LBD,True,0.0,0.0,False,,True,PROJECT_PREFILTER_PASS,[]
O75469,NR1I2,PXR,Nutritional sensors,4XAO,4XAO_1,1,"[""X-RAY DIFFRACTION""]",True,[2.58],2.58,2.58,PASS_PROJECT_RANGE,[0.2391],0.2391,0.2391,PASS_ALL_LE_0_30,146,433,288,UNIPROT_PROSITE_NR_LBD,UNIPROT_CANONICAL_1_BASED_INCLUSIVE,288,1.0,NEAR_COMPLETE_LBD,True,0.0,0.0,False,,True,PROJECT_PREFILTER_PASS,[]
O75469,NR1I2,PXR,Nutritional sensors,4XHD,4XHD_1,1,"[""X-RAY DIFFRACTION""]",True,[2.4],2.4,2.4,PASS_PROJECT_RANGE,[0.2416],0.2416,0.2416,PASS_ALL_LE_0_30,146,433,288,UNIPROT_PROSITE_NR_LBD,UNIPROT_CANONICAL_1_BASED_INCLUSIVE,288,1.0,NEAR_COMPLETE_LBD,True,0.0,0.0,False,,True,PROJECT_PREFILTER_PASS,[]
O75469,NR1I2,PXR,Nutritional sensors,5A86,5A86_1,1,"[""X-RAY DIFFRACTION""]",True,[2.25],2.25,2.25,PASS_PROJECT_RANGE,[0.2555],0.2555,0.2555,PASS_ALL_LE_0_30,146,433,288,UNIPROT_PROSITE_NR_LBD,UNIPROT_CANONICAL_1_BASED_INCLUSIVE,287,0.996528,NEAR_COMPLETE_LBD,True,0.0,0.0,False,,True,PROJECT_PREFILTER_PASS,[]
O75469,NR1I2,PXR,Nutritional sensors,5X0R,5X0R_1,1,"[""X-RAY DIFFRACTION""]",True,[2.665],2.665,2.665,PASS_PROJECT_RANGE,[0.25208],0.25208,0.25208,PASS_ALL_LE_0_30,146,433,288,UNIPROT_PROSITE_NR_LBD,UNIPROT_CANONICAL_1_BASED_INCLUSIVE,288,1.0,NEAR_COMPLETE_LBD,True,0.0,0.0,False,,True,PROJECT_PREFILTER_PASS,[]
O75469,NR1I2,PXR,Nutritional sensors,6BNS,6BNS_1,1,"[""X-RAY DIFFRACTION""]",True,[2.56],2.56,2.56,PASS_PROJECT_RANGE,[0.2458],0.2458,0.2458,PASS_ALL_LE_0_30,146,433,288,UNIPROT_PROSITE_NR_LBD,UNIPROT_CANONICAL_1_BASED_INCLUSIVE,288,1.0,NEAR_COMPLETE_LBD,True,0.0,0.0,True,,True,PROJECT_PREFILTER_PASS,[]
O75469,NR1I2,PXR,Nutritional sensors,6DUP,6DUP_1,1,"[""X-RAY DIFFRACTION""]",True,[2.3],2.3,2.3,PASS_PROJECT_RANGE,[0.266],0.266,0.266,PASS_ALL_LE_0_30,146,433,288,UNIPROT_PROSITE_NR_LBD,UNIPROT_CANONICAL_1_BASED_INCLUSIVE,281,0.975694,NEAR_COMPLETE_LBD,True,0.0,0.0,False,,True,PROJECT_PREFILTER_PASS,[]
O75469,NR1I2,PXR,Nutritional sensors,6HJ2,6HJ2_1,1,"[""X-RAY DIFFRACTION""]",True,[2.28],2.28,2.28,PASS_PROJECT_RANGE,[0.2321],0.2321,0.2321,PASS_ALL_LE_0_30,146,433,288,UNIPROT_PROSITE_NR_LBD,UNIPROT_CANONICAL_1_BASED_INCLUSIVE,288,1.0,NEAR_COMPLETE_LBD,True,0.0,0.0,False,,True,PROJECT_PREFILTER_PASS,[]
O75469,NR1I2,PXR,Nutritional sensors,6HTY,6HTY_1,1,"[""X-RAY DIFFRACTION""]",True,[2.22],2.22,2.22,PASS_PROJECT_RANGE,[0.22611],0.22611,0.22611,PASS_ALL_LE_0_30,146,433,288,UNIPROT_PROSITE_NR_LBD,UNIPROT_CANONICAL_1_BASED_INCLUSIVE,288,1.0,NEAR_COMPLETE_LBD,True,0.0,0.0,True,,True,PROJECT_PREFILTER_PASS,[]
O75469,NR1I2,PXR,Nutritional sensors,6NX1,6NX1_1,1,"[""X-RAY DIFFRACTION""]",True,[2.27],2.27,2.27,PASS_PROJECT_RANGE,[0.2397],0.2397,0.2397,PASS_ALL_LE_0_30,146,433,288,UNIPROT_PROSITE_NR_LBD,UNIPROT_CANONICAL_1_BASED_INCLUSIVE,288,1.0,NEAR_COMPLETE_LBD,True,0.0,0.0,True,,True,PROJECT_PREFILTER_PASS,[]
O75469,NR1I2,PXR,Nutritional sensors,6P2B,6P2B_1,1,"[""X-RAY DIFFRACTION""]",True,[2.3],2.3,2.3,PASS_PROJECT_RANGE,[0.2273],0.2273,0.2273,PASS_ALL_LE_0_30,146,433,288,UNIPROT_PROSITE_NR_LBD,UNIPROT_CANONICAL_1_BASED_INCLUSIVE,288,1.0,NEAR_COMPLETE_LBD,True,0.0,0.0,False,,True,PROJECT_PREFILTER_PASS,[]
O75469,NR1I2,PXR,Nutritional sensors,6S41,6S41_1,1,"[""X-RAY DIFFRACTION""]",True,[2.7],2.7,2.7,PASS_PROJECT_RANGE,[0.25901],0.25901,0.25901,PASS_ALL_LE_0_30,146,433,288,UNIPROT_PROSITE_NR_LBD,UNIPROT_CANONICAL_1_BASED_INCLUSIVE,288,1.0,NEAR_COMPLETE_LBD,True,0.0,0.0,False,,True,PROJECT_PREFILTER_PASS,[]
O75469,NR1I2,PXR,Nutritional sensors,6TFI,6TFI_1,1,"[""X-RAY DIFFRACTION""]",True,[1.85],1.85,1.85,PASS_PROJECT_RANGE,[0.19932],0.19932,0.19932,PASS_ALL_LE_0_30,146,433,288,UNIPROT_PROSITE_NR_LBD,UNIPROT_CANONICAL_1_BASED_INCLUSIVE,288,1.0,NEAR_COMPLETE_LBD,True,0.0,0.0,True,,True,PROJECT_PREFILTER_PASS,[]
O75469,NR1I2,PXR,Nutritional sensors,6XP9,6XP9_1,1,"[""X-RAY DIFFRACTION""]",True,[2.27],2.27,2.27,PASS_PROJECT_RANGE,[0.2199],0.2199,0.2199,PASS_ALL_LE_0_30,146,433,288,UNIPROT_PROSITE_NR_LBD,UNIPROT_CANONICAL_1_BASED_INCLUSIVE,288,1.0,NEAR_COMPLETE_LBD,True,0.0,0.0,True,,True,PROJECT_PREFILTER_PASS,[]
O75469,NR1I2,PXR,Nutritional sensors,7AX8,7AX8_1,1,"[""X-RAY DIFFRACTION""]",True,[2.15],2.15,2.15,PASS_PROJECT_RANGE,[0.2243],0.2243,0.2243,PASS_ALL_LE_0_30,146,433,288,UNIPROT_PROSITE_NR_LBD,UNIPROT_CANONICAL_1_BASED_INCLUSIVE,288,1.0,NEAR_COMPLETE_LBD,True,0.0,0.0,False,,True,PROJECT_PREFILTER_PASS,[]
O75469,NR1I2,PXR,Nutritional sensors,7AX9,7AX9_1,1,"[""X-RAY DIFFRACTION""]",True,[2.25],2.25,2.25,PASS_PROJECT_RANGE,[0.2275],0.2275,0.2275,PASS_ALL_LE_0_30,146,433,288,UNIPROT_PROSITE_NR_LBD,UNIPROT_CANONICAL_1_BASED_INCLUSIVE,288,1.0,NEAR_COMPLETE_LBD,True,0.0,0.0,False,,True,PROJECT_PREFILTER_PASS,[]
O75469,NR1I2,PXR,Nutritional sensors,7AXA,7AXA_1,1,"[""X-RAY DIFFRACTION""]",True,[2.26],2.26,2.26,PASS_PROJECT_RANGE,[0.2343],0.2343,0.2343,PASS_ALL_LE_0_30,146,433,288,UNIPROT_PROSITE_NR_LBD,UNIPROT_CANONICAL_1_BASED_INCLUSIVE,288,1.0,NEAR_COMPLETE_LBD,True,0.0,0.0,False,,True,PROJECT_PREFILTER_PASS,[]
O75469,NR1I2,PXR,Nutritional sensors,7AXB,7AXB_1,1,"[""X-RAY DIFFRACTION""]",True,[2.55],2.55,2.55,PASS_PROJECT_RANGE,[0.2186],0.2186,0.2186,PASS_ALL_LE_0_30,146,433,288,UNIPROT_PROSITE_NR_LBD,UNIPROT_CANONICAL_1_BASED_INCLUSIVE,288,1.0,NEAR_COMPLETE_LBD,True,0.0,0.0,False,,True,PROJECT_PREFILTER_PASS,[]
O75469,NR1I2,PXR,Nutritional sensors,7AXC,7AXC_1,1,"[""X-RAY DIFFRACTION""]",True,[2.05],2.05,2.05,PASS_PROJECT_RANGE,[0.2512],0.2512,0.2512,PASS_ALL_LE_0_30,146,433,288,UNIPROT_PROSITE_NR_LBD,UNIPROT_CANONICAL_1_BASED_INCLUSIVE,288,1.0,NEAR_COMPLETE_LBD,True,0.0,0.0,False,,True,PROJECT_PREFILTER_PASS,[]
O75469,NR1I2,PXR,Nutritional sensors,7AXD,7AXD_1,1,"[""X-RAY DIFFRACTION""]",True,[2.65],2.65,2.65,PASS_PROJECT_RANGE,[0.237],0.237,0.237,PASS_ALL_LE_0_30,146,433,288,UNIPROT_PROSITE_NR_LBD,UNIPROT_CANONICAL_1_BASED_INCLUSIVE,288,1.0,NEAR_COMPLETE_LBD,True,0.0,0.0,False,,True,PROJECT_PREFILTER_PASS,[]
O75469,NR1I2,PXR,Nutritional sensors,7AXE,7AXE_1,1,"[""X-RAY DIFFRACTION""]",True,[1.9],1.9,1.9,PASS_PROJECT_RANGE,[0.2299],0.2299,0.2299,PASS_ALL_LE_0_30,146,433,288,UNIPROT_PROSITE_NR_LBD,UNIPROT_CANONICAL_1_BASED_INCLUSIVE,288,1.0,NEAR_COMPLETE_LBD,True,0.0,0.0,False,,True,PROJECT_PREFILTER_PASS,[]
O75469,NR1I2,PXR,Nutritional sensors,7AXF,7AXF_1,1,"[""X-RAY DIFFRACTION""]",True,[2.45],2.45,2.45,PASS_PROJECT_RANGE,[0.2461],0.2461,0.2461,PASS_ALL_LE_0_30,146,433,288,UNIPROT_PROSITE_NR_LBD,UNIPROT_CANONICAL_1_BASED_INCLUSIVE,288,1.0,NEAR_COMPLETE_LBD,True,0.0,0.0,False,,True,PROJECT_PREFILTER_PASS,[]
O75469,NR1I2,PXR,Nutritional sensors,7AXG,7AXG_1,1,"[""X-RAY DIFFRACTION""]",True,[2.7],2.7,2.7,PASS_PROJECT_RANGE,[0.2377],0.2377,0.2377,PASS_ALL_LE_0_30,146,433,288,UNIPROT_PROSITE_NR_LBD,UNIPROT_CANONICAL_1_BASED_INCLUSIVE,288,1.0,NEAR_COMPLETE_LBD,True,0.0,0.0,False,,True,PROJECT_PREFILTER_PASS,[]
O75469,NR1I2,PXR,Nutritional sensors,7AXH,7AXH_1,1,"[""X-RAY DIFFRACTION""]",True,[2.55],2.55,2.55,PASS_PROJECT_RANGE,[0.2141],0.2141,0.2141,PASS_ALL_LE_0_30,146,433,288,UNIPROT_PROSITE_NR_LBD,UNIPROT_CANONICAL_1_BASED_INCLUSIVE,288,1.0,NEAR_COMPLETE_LBD,True,0.0,0.0,False,,True,PROJECT_PREFILTER_PASS,[]
O75469,NR1I2,PXR,Nutritional sensors,7AXI,7AXI_1,1,"[""X-RAY DIFFRACTION""]",True,[2.15],2.15,2.15,PASS_PROJECT_RANGE,[0.2025],0.2025,0.2025,PASS_ALL_LE_0_30,146,433,288,UNIPROT_PROSITE_NR_LBD,UNIPROT_CANONICAL_1_BASED_INCLUSIVE,288,1.0,NEAR_COMPLETE_LBD,True,0.0,0.0,False,,True,PROJECT_PREFILTER_PASS,[]
O75469,NR1I2,PXR,Nutritional sensors,7AXJ,7AXJ_1,1,"[""X-RAY DIFFRACTION""]",True,[2.3],2.3,2.3,PASS_PROJECT_RANGE,[0.2223],0.2223,0.2223,PASS_ALL_LE_0_30,146,433,288,UNIPROT_PROSITE_NR_LBD,UNIPROT_CANONICAL_1_BASED_INCLUSIVE,288,1.0,NEAR_COMPLETE_LBD,True,0.0,0.0,False,,True,PROJECT_PREFILTER_PASS,[]
O75469,NR1I2,PXR,Nutritional sensors,7AXK,7AXK_1,1,"[""X-RAY DIFFRACTION""]",True,[2.0],2.0,2.0,PASS_PROJECT_RANGE,[0.2118],0.2118,0.2118,PASS_ALL_LE_0_30,146,433,288,UNIPROT_PROSITE_NR_LBD,UNIPROT_CANONICAL_1_BASED_INCLUSIVE,288,1.0,NEAR_COMPLETE_LBD,True,0.0,0.0,False,,True,PROJECT_PREFILTER_PASS,[]
O75469,NR1I2,PXR,Nutritional sensors,7AXL,7AXL_1,1,"[""X-RAY DIFFRACTION""]",True,[2.5],2.5,2.5,PASS_PROJECT_RANGE,[0.2318],0.2318,0.2318,PASS_ALL_LE_0_30,146,433,288,UNIPROT_PROSITE_NR_LBD,UNIPROT_CANONICAL_1_BASED_INCLUSIVE,288,1.0,NEAR_COMPLETE_LBD,True,0.0,0.0,False,,True,PROJECT_PREFILTER_PASS,[]
O75469,NR1I2,PXR,Nutritional sensors,7N2A,7N2A_1,1,"[""X-RAY DIFFRACTION""]",True,[2.26],2.26,2.26,PASS_PROJECT_RANGE,[0.255],0.255,0.255,PASS_ALL_LE_0_30,146,433,288,UNIPROT_PROSITE_NR_LBD,UNIPROT_CANONICAL_1_BASED_INCLUSIVE,288,1.0,NEAR_COMPLETE_LBD,True,0.0,0.0,False,,True,PROJECT_PREFILTER_PASS,[]
O75469,NR1I2,PXR,Nutritional sensors,7RIO,7RIO_1,1,"[""X-RAY DIFFRACTION""]",True,[2.48],2.48,2.48,PASS_PROJECT_RANGE,[0.2726],0.2726,0.2726,PASS_ALL_LE_0_30,146,433,288,UNIPROT_PROSITE_NR_LBD,UNIPROT_CANONICAL_1_BASED_INCLUSIVE,288,1.0,NEAR_COMPLETE_LBD,True,0.0,0.0,False,,True,PROJECT_PREFILTER_PASS,[]
O75469,NR1I2,PXR,Nutritional sensors,7RIU,7RIU_1,1,"[""X-RAY DIFFRACTION""]",True,[2.05],2.05,2.05,PASS_PROJECT_RANGE,[0.241],0.241,0.241,PASS_ALL_LE_0_30,146,433,288,UNIPROT_PROSITE_NR_LBD,UNIPROT_CANONICAL_1_BASED_INCLUSIVE,288,1.0,NEAR_COMPLETE_LBD,True,0.0,0.0,False,,True,PROJECT_PREFILTER_PASS,[]
O75469,NR1I2,PXR,Nutritional sensors,7RIV,7RIV_1,1,"[""X-RAY DIFFRACTION""]",True,[2.2],2.2,2.2,PASS_PROJECT_RANGE,[0.2379],0.2379,0.2379,PASS_ALL_LE_0_30,146,433,288,UNIPROT_PROSITE_NR_LBD,UNIPROT_CANONICAL_1_BASED_INCLUSIVE,288,1.0,NEAR_COMPLETE_LBD,True,0.0,0.0,False,,True,PROJECT_PREFILTER_PASS,[]
O75469,NR1I2,PXR,Nutritional sensors,7YFK,7YFK_1,1,"[""X-RAY DIFFRACTION""]",True,[2.1],2.1,2.1,PASS_PROJECT_RANGE,[],,,MISSING,146,433,288,UNIPROT_PROSITE_NR_LBD,UNIPROT_CANONICAL_1_BASED_INCLUSIVE,288,1.0,NEAR_COMPLETE_LBD,True,0.0,0.0,True,,False,MULTIPLE_REASONS,"[""RFREE_REVIEW"", ""METADATA_INCOMPLETE""]"
O75469,NR1I2,PXR,Nutritional sensors,8CCT,8CCT_1,1,"[""X-RAY DIFFRACTION""]",True,[2.9],2.9,2.9,PASS_PROJECT_RANGE,[0.2606],0.2606,0.2606,PASS_ALL_LE_0_30,146,433,288,UNIPROT_PROSITE_NR_LBD,UNIPROT_CANONICAL_1_BASED_INCLUSIVE,288,1.0,NEAR_COMPLETE_LBD,True,0.0,0.0,False,,True,PROJECT_PREFILTER_PASS,[]
O75469,NR1I2,PXR,Nutritional sensors,8CF9,8CF9_1,1,"[""X-RAY DIFFRACTION""]",True,[2.0],2.0,2.0,PASS_PROJECT_RANGE,[0.2469],0.2469,0.2469,PASS_ALL_LE_0_30,146,433,288,UNIPROT_PROSITE_NR_LBD,UNIPROT_CANONICAL_1_BASED_INCLUSIVE,288,1.0,NEAR_COMPLETE_LBD,True,0.0,0.0,False,,True,PROJECT_PREFILTER_PASS,[]
O75469,NR1I2,PXR,Nutritional sensors,8CH8,8CH8_1,1,"[""X-RAY DIFFRACTION""]",True,[2.15],2.15,2.15,PASS_PROJECT_RANGE,[0.2281],0.2281,0.2281,PASS_ALL_LE_0_30,146,433,288,UNIPROT_PROSITE_NR_LBD,UNIPROT_CANONICAL_1_BASED_INCLUSIVE,288,1.0,NEAR_COMPLETE_LBD,True,0.0,0.0,False,,True,PROJECT_PREFILTER_PASS,[]
O75469,NR1I2,PXR,Nutritional sensors,8E3N,8E3N_1,1,"[""X-RAY DIFFRACTION""]",True,[2.25],2.25,2.25,PASS_PROJECT_RANGE,[0.2349],0.2349,0.2349,PASS_ALL_LE_0_30,146,433,288,UNIPROT_PROSITE_NR_LBD,UNIPROT_CANONICAL_1_BASED_INCLUSIVE,288,1.0,NEAR_COMPLETE_LBD,True,0.0,0.0,False,,True,PROJECT_PREFILTER_PASS,[]
O75469,NR1I2,PXR,Nutritional sensors,8EQZ,8EQZ_1,1,"[""X-RAY DIFFRACTION""]",True,[2.37],2.37,2.37,PASS_PROJECT_RANGE,[0.2283],0.2283,0.2283,PASS_ALL_LE_0_30,146,433,288,UNIPROT_PROSITE_NR_LBD,UNIPROT_CANONICAL_1_BASED_INCLUSIVE,288,1.0,NEAR_COMPLETE_LBD,True,0.0,0.0,False,,True,PROJECT_PREFILTER_PASS,[]
O75469,NR1I2,PXR,Nutritional sensors,8F5Y,8F5Y_1,1,"[""X-RAY DIFFRACTION""]",True,[2.15],2.15,2.15,PASS_PROJECT_RANGE,[0.2155],0.2155,0.2155,PASS_ALL_LE_0_30,146,433,288,UNIPROT_PROSITE_NR_LBD,UNIPROT_CANONICAL_1_BASED_INCLUSIVE,288,1.0,NEAR_COMPLETE_LBD,True,0.0,0.0,False,,True,PROJECT_PREFILTER_PASS,[]
O75469,NR1I2,PXR,Nutritional sensors,8FPE,8FPE_1,1,"[""X-RAY DIFFRACTION""]",True,[2.3],2.3,2.3,PASS_PROJECT_RANGE,[0.2395],0.2395,0.2395,PASS_ALL_LE_0_30,146,433,288,UNIPROT_PROSITE_NR_LBD,UNIPROT_CANONICAL_1_BASED_INCLUSIVE,288,1.0,NEAR_COMPLETE_LBD,True,0.0,0.0,False,,True,PROJECT_PREFILTER_PASS,[]
O75469,NR1I2,PXR,Nutritional sensors,8R00,8R00_1,1,"[""X-RAY DIFFRACTION""]",True,[1.95],1.95,1.95,PASS_PROJECT_RANGE,[0.2149],0.2149,0.2149,PASS_ALL_LE_0_30,146,433,288,UNIPROT_PROSITE_NR_LBD,UNIPROT_CANONICAL_1_BASED_INCLUSIVE,288,1.0,NEAR_COMPLETE_LBD,True,0.0,0.0,False,,True,PROJECT_PREFILTER_PASS,[]
O75469,NR1I2,PXR,Nutritional sensors,8R81,8R81_1,1,"[""X-RAY DIFFRACTION""]",True,[2.45],2.45,2.45,PASS_PROJECT_RANGE,[0.2213],0.2213,0.2213,PASS_ALL_LE_0_30,146,433,288,UNIPROT_PROSITE_NR_LBD,UNIPROT_CANONICAL_1_BASED_INCLUSIVE,288,1.0,NEAR_COMPLETE_LBD,True,0.0,0.0,False,,True,PROJECT_PREFILTER_PASS,[]
O75469,NR1I2,PXR,Nutritional sensors,8R82,8R82_1,1,"[""X-RAY DIFFRACTION""]",True,[2.1],2.1,2.1,PASS_PROJECT_RANGE,[0.2357],0.2357,0.2357,PASS_ALL_LE_0_30,146,433,288,UNIPROT_PROSITE_NR_LBD,UNIPROT_CANONICAL_1_BASED_INCLUSIVE,288,1.0,NEAR_COMPLETE_LBD,True,0.0,0.0,False,,True,PROJECT_PREFILTER_PASS,[]
O75469,NR1I2,PXR,Nutritional sensors,8SVN,8SVN_1,1,"[""X-RAY DIFFRACTION""]",True,[2.2],2.2,2.2,PASS_PROJECT_RANGE,[0.2354],0.2354,0.2354,PASS_ALL_LE_0_30,146,433,288,UNIPROT_PROSITE_NR_LBD,UNIPROT_CANONICAL_1_BASED_INCLUSIVE,288,1.0,NEAR_COMPLETE_LBD,True,0.0,0.0,True,,True,PROJECT_PREFILTER_PASS,[]
O75469,NR1I2,PXR,Nutritional sensors,8SVO,8SVO_1,1,"[""X-RAY DIFFRACTION""]",True,[2.35],2.35,2.35,PASS_PROJECT_RANGE,[0.2384],0.2384,0.2384,PASS_ALL_LE_0_30,146,433,288,UNIPROT_PROSITE_NR_LBD,UNIPROT_CANONICAL_1_BASED_INCLUSIVE,288,1.0,NEAR_COMPLETE_LBD,True,0.0,0.0,True,,True,PROJECT_PREFILTER_PASS,[]
O75469,NR1I2,PXR,Nutritional sensors,8SVP,8SVP_1,1,"[""X-RAY DIFFRACTION""]",True,[3.32],3.32,3.32,PASS_PROJECT_RANGE,[0.252],0.252,0.252,PASS_ALL_LE_0_30,146,433,288,UNIPROT_PROSITE_NR_LBD,UNIPROT_CANONICAL_1_BASED_INCLUSIVE,288,1.0,NEAR_COMPLETE_LBD,True,0.0,0.0,True,,True,PROJECT_PREFILTER_PASS,[]
O75469,NR1I2,PXR,Nutritional sensors,8SVQ,8SVQ_1,1,"[""X-RAY DIFFRACTION""]",True,[2.75],2.75,2.75,PASS_PROJECT_RANGE,[0.2618],0.2618,0.2618,PASS_ALL_LE_0_30,146,433,288,UNIPROT_PROSITE_NR_LBD,UNIPROT_CANONICAL_1_BASED_INCLUSIVE,288,1.0,NEAR_COMPLETE_LBD,True,0.0,0.0,True,,True,PROJECT_PREFILTER_PASS,[]
O75469,NR1I2,PXR,Nutritional sensors,8SVR,8SVR_1,1,"[""X-RAY DIFFRACTION""]",True,[2.92],2.92,2.92,PASS_PROJECT_RANGE,[0.2582],0.2582,0.2582,PASS_ALL_LE_0_30,146,433,288,UNIPROT_PROSITE_NR_LBD,UNIPROT_CANONICAL_1_BASED_INCLUSIVE,288,1.0,NEAR_COMPLETE_LBD,True,0.0,0.0,True,,True,PROJECT_PREFILTER_PASS,[]
O75469,NR1I2,PXR,Nutritional sensors,8SVS,8SVS_1,1,"[""X-RAY DIFFRACTION""]",True,[2.68],2.68,2.68,PASS_PROJECT_RANGE,[0.2503],0.2503,0.2503,PASS_ALL_LE_0_30,146,433,288,UNIPROT_PROSITE_NR_LBD,UNIPROT_CANONICAL_1_BASED_INCLUSIVE,288,1.0,NEAR_COMPLETE_LBD,True,0.0,0.0,True,,True,PROJECT_PREFILTER_PASS,[]
O75469,NR1I2,PXR,Nutritional sensors,8SVT,8SVT_1,1,"[""X-RAY DIFFRACTION""]",True,[2.39],2.39,2.39,PASS_PROJECT_RANGE,[0.2367],0.2367,0.2367,PASS_ALL_LE_0_30,146,433,288,UNIPROT_PROSITE_NR_LBD,UNIPROT_CANONICAL_1_BASED_INCLUSIVE,288,1.0,NEAR_COMPLETE_LBD,True,0.0,0.0,True,,True,PROJECT_PREFILTER_PASS,[]
O75469,NR1I2,PXR,Nutritional sensors,8SVU,8SVU_1,1,"[""X-RAY DIFFRACTION""]",True,[2.89],2.89,2.89,PASS_PROJECT_RANGE,[0.2441],0.2441,0.2441,PASS_ALL_LE_0_30,146,433,288,UNIPROT_PROSITE_NR_LBD,UNIPROT_CANONICAL_1_BASED_INCLUSIVE,288,1.0,NEAR_COMPLETE_LBD,True,0.0,0.0,True,,True,PROJECT_PREFILTER_PASS,[]
O75469,NR1I2,PXR,Nutritional sensors,8SVX,8SVX_1,1,"[""X-RAY DIFFRACTION""]",True,[2.14],2.14,2.14,PASS_PROJECT_RANGE,[0.2349],0.2349,0.2349,PASS_ALL_LE_0_30,146,433,288,UNIPROT_PROSITE_NR_LBD,UNIPROT_CANONICAL_1_BASED_INCLUSIVE,288,1.0,NEAR_COMPLETE_LBD,True,0.0,0.0,True,,True,PROJECT_PREFILTER_PASS,[]
O75469,NR1I2,PXR,Nutritional sensors,8SZV,8SZV_1,1,"[""X-RAY DIFFRACTION""]",True,[2.2],2.2,2.2,PASS_PROJECT_RANGE,[0.2232],0.2232,0.2232,PASS_ALL_LE_0_30,146,433,288,UNIPROT_PROSITE_NR_LBD,UNIPROT_CANONICAL_1_BASED_INCLUSIVE,288,1.0,NEAR_COMPLETE_LBD,True,0.0,0.0,False,,True,PROJECT_PREFILTER_PASS,[]
O75469,NR1I2,PXR,Nutritional sensors,9BEQ,9BEQ_1,1,"[""X-RAY DIFFRACTION""]",True,[2.6],2.6,2.6,PASS_PROJECT_RANGE,[0.2462],0.2462,0.2462,PASS_ALL_LE_0_30,146,433,288,UNIPROT_PROSITE_NR_LBD,UNIPROT_CANONICAL_1_BASED_INCLUSIVE,288,1.0,NEAR_COMPLETE_LBD,True,0.0,0.0,False,,True,PROJECT_PREFILTER_PASS,[]
O75469,NR1I2,PXR,Nutritional sensors,9FZG,9FZG_1,1,"[""X-RAY DIFFRACTION""]",True,[2.0],2.0,2.0,PASS_PROJECT_RANGE,[0.2369],0.2369,0.2369,PASS_ALL_LE_0_30,146,433,288,UNIPROT_PROSITE_NR_LBD,UNIPROT_CANONICAL_1_BASED_INCLUSIVE,288,1.0,NEAR_COMPLETE_LBD,True,0.0,0.0,False,,True,PROJECT_PREFILTER_PASS,[]
O75469,NR1I2,PXR,Nutritional sensors,9FZH,9FZH_1,1,"[""X-RAY DIFFRACTION""]",True,[2.5],2.5,2.5,PASS_PROJECT_RANGE,[0.2565],0.2565,0.2565,PASS_ALL_LE_0_30,146,433,288,UNIPROT_PROSITE_NR_LBD,UNIPROT_CANONICAL_1_BASED_INCLUSIVE,288,1.0,NEAR_COMPLETE_LBD,True,0.0,0.0,False,,True,PROJECT_PREFILTER_PASS,[]
O75469,NR1I2,PXR,Nutritional sensors,9FZI,9FZI_1,1,"[""X-RAY DIFFRACTION""]",True,[2.7],2.7,2.7,PASS_PROJECT_RANGE,[0.2371],0.2371,0.2371,PASS_ALL_LE_0_30,146,433,288,UNIPROT_PROSITE_NR_LBD,UNIPROT_CANONICAL_1_BASED_INCLUSIVE,288,1.0,NEAR_COMPLETE_LBD,True,0.0,0.0,True,,True,PROJECT_PREFILTER_PASS,[]
O75469,NR1I2,PXR,Nutritional sensors,9FZJ,9FZJ_1,1,"[""X-RAY DIFFRACTION""]",True,[1.6],1.6,1.6,ULTRAHIGH_LT_1_8,[0.2086],0.2086,0.2086,PASS_ALL_LE_0_30,146,433,288,UNIPROT_PROSITE_NR_LBD,UNIPROT_CANONICAL_1_BASED_INCLUSIVE,288,1.0,NEAR_COMPLETE_LBD,True,0.0,0.0,False,,False,RESOLUTION_REVIEW,"[""RESOLUTION_REVIEW""]"
O75469,NR1I2,PXR,Nutritional sensors,9O41,9O41_1,1,"[""X-RAY DIFFRACTION""]",True,[2.05],2.05,2.05,PASS_PROJECT_RANGE,[0.222],0.222,0.222,PASS_ALL_LE_0_30,146,433,288,UNIPROT_PROSITE_NR_LBD,UNIPROT_CANONICAL_1_BASED_INCLUSIVE,288,1.0,NEAR_COMPLETE_LBD,True,0.0,0.0,True,,True,PROJECT_PREFILTER_PASS,[]
O75469,NR1I2,PXR,Nutritional sensors,9O42,9O42_1,1,"[""X-RAY DIFFRACTION""]",True,[2.51],2.51,2.51,PASS_PROJECT_RANGE,[0.2186],0.2186,0.2186,PASS_ALL_LE_0_30,146,433,288,UNIPROT_PROSITE_NR_LBD,UNIPROT_CANONICAL_1_BASED_INCLUSIVE,288,1.0,NEAR_COMPLETE_LBD,True,0.0,0.0,True,,True,PROJECT_PREFILTER_PASS,[]
O75469,NR1I2,PXR,Nutritional sensors,9O43,9O43_1,1,"[""X-RAY DIFFRACTION""]",True,[2.76],2.76,2.76,PASS_PROJECT_RANGE,[0.2388],0.2388,0.2388,PASS_ALL_LE_0_30,146,433,288,UNIPROT_PROSITE_NR_LBD,UNIPROT_CANONICAL_1_BASED_INCLUSIVE,288,1.0,NEAR_COMPLETE_LBD,True,0.0,0.0,True,,True,PROJECT_PREFILTER_PASS,[]
O75469,NR1I2,PXR,Nutritional sensors,9O44,9O44_1,1,"[""X-RAY DIFFRACTION""]",True,[2.3],2.3,2.3,PASS_PROJECT_RANGE,[0.2284],0.2284,0.2284,PASS_ALL_LE_0_30,146,433,288,UNIPROT_PROSITE_NR_LBD,UNIPROT_CANONICAL_1_BASED_INCLUSIVE,288,1.0,NEAR_COMPLETE_LBD,True,0.0,0.0,True,,True,PROJECT_PREFILTER_PASS,[]
O75469,NR1I2,PXR,Nutritional sensors,9O45,9O45_1,1,"[""X-RAY DIFFRACTION""]",True,[2.56],2.56,2.56,PASS_PROJECT_RANGE,[0.2408],0.2408,0.2408,PASS_ALL_LE_0_30,146,433,288,UNIPROT_PROSITE_NR_LBD,UNIPROT_CANONICAL_1_BASED_INCLUSIVE,288,1.0,NEAR_COMPLETE_LBD,True,0.0,0.0,True,,True,PROJECT_PREFILTER_PASS,[]
O75469,NR1I2,PXR,Nutritional sensors,9O46,9O46_1,1,"[""X-RAY DIFFRACTION""]",True,[3.02],3.02,3.02,PASS_PROJECT_RANGE,[0.2319],0.2319,0.2319,PASS_ALL_LE_0_30,146,433,288,UNIPROT_PROSITE_NR_LBD,UNIPROT_CANONICAL_1_BASED_INCLUSIVE,288,1.0,NEAR_COMPLETE_LBD,True,0.0,0.0,True,,True,PROJECT_PREFILTER_PASS,[]
P20393,NR1D1,Rev-erbα,Nutritional sensors,1A6Y,1A6Y_3,3,"[""X-RAY DIFFRACTION""]",True,[2.3],2.3,2.3,PASS_PROJECT_RANGE,[0.288],0.288,0.288,PASS_ALL_LE_0_30,284,614,331,UNIPROT_PROSITE_NR_LBD,UNIPROT_CANONICAL_1_BASED_INCLUSIVE,0,0.0,NO_LBD_OVERLAP,False,77.0,1.0,False,,False,NO_LBD_OVERLAP,"[""NO_LBD_OVERLAP""]"
P20393,NR1D1,Rev-erbα,Nutritional sensors,1GA5,1GA5_3,3,"[""X-RAY DIFFRACTION""]",True,[2.4],2.4,2.4,PASS_PROJECT_RANGE,[0.299],0.299,0.299,PASS_ALL_LE_0_30,284,614,331,UNIPROT_PROSITE_NR_LBD,UNIPROT_CANONICAL_1_BASED_INCLUSIVE,0,0.0,NO_LBD_OVERLAP,False,77.0,1.0,False,,False,NO_LBD_OVERLAP,"[""NO_LBD_OVERLAP""]"
P20393,NR1D1,Rev-erbα,Nutritional sensors,1HLZ,1HLZ_3,3,"[""X-RAY DIFFRACTION""]",True,[2.8],2.8,2.8,PASS_PROJECT_RANGE,[0.3103],0.3103,0.3103,FAIL_ALL_GT_0_30,284,614,331,UNIPROT_PROSITE_NR_LBD,UNIPROT_CANONICAL_1_BASED_INCLUSIVE,0,0.0,NO_LBD_OVERLAP,False,77.0,1.0,False,,False,MULTIPLE_REASONS,"[""NO_LBD_OVERLAP"", ""RFREE_REVIEW""]"
P20393,NR1D1,Rev-erbα,Nutritional sensors,3N00,3N00_1,1,"[""X-RAY DIFFRACTION""]",True,[2.6],2.6,2.6,PASS_PROJECT_RANGE,[0.26633],0.26633,0.26633,PASS_ALL_LE_0_30,284,614,331,UNIPROT_PROSITE_NR_LBD,UNIPROT_CANONICAL_1_BASED_INCLUSIVE,232,0.700906,PARTIAL_LBD,True,0.0,0.0,False,,True,PROJECT_PREFILTER_PASS,[]
P20393,NR1D1,Rev-erbα,Nutritional sensors,8D8I,8D8I_1,1,"[""X-RAY DIFFRACTION""]",True,[2.504],2.504,2.504,PASS_PROJECT_RANGE,[0.2395],0.2395,0.2395,PASS_ALL_LE_0_30,284,614,331,UNIPROT_PROSITE_NR_LBD,UNIPROT_CANONICAL_1_BASED_INCLUSIVE,230,0.694864,PARTIAL_LBD,True,0.0,0.0,False,,True,PROJECT_PREFILTER_PASS,[]
Q14995,NR1D2,Rev-erbβ,Nutritional sensors,2V0V,2V0V_1,1,"[""X-RAY DIFFRACTION""]",True,[2.4],2.4,2.4,PASS_PROJECT_RANGE,[0.2195],0.2195,0.2195,PASS_ALL_LE_0_30,369,579,211,UNIPROT_PROSITE_NR_LBD,UNIPROT_CANONICAL_1_BASED_INCLUSIVE,194,0.919431,SUBSTANTIAL_LBD,True,0.0,0.0,False,,True,PROJECT_PREFILTER_PASS,[]
Q14995,NR1D2,Rev-erbβ,Nutritional sensors,2V7C,2V7C_1,1,"[""X-RAY DIFFRACTION""]",True,[2.4],2.4,2.4,PASS_PROJECT_RANGE,[0.28],0.28,0.28,PASS_ALL_LE_0_30,369,579,211,UNIPROT_PROSITE_NR_LBD,UNIPROT_CANONICAL_1_BASED_INCLUSIVE,194,0.919431,SUBSTANTIAL_LBD,True,0.0,0.0,False,,True,PROJECT_PREFILTER_PASS,[]
Q14995,NR1D2,Rev-erbβ,Nutritional sensors,3CQV,3CQV_1,1,"[""X-RAY DIFFRACTION""]",True,[1.9],1.9,1.9,PASS_PROJECT_RANGE,[0.23541],0.23541,0.23541,PASS_ALL_LE_0_30,369,579,211,UNIPROT_PROSITE_NR_LBD,UNIPROT_CANONICAL_1_BASED_INCLUSIVE,199,0.943128,SUBSTANTIAL_LBD,True,0.0,0.0,False,,True,PROJECT_PREFILTER_PASS,[]
Q14995,NR1D2,Rev-erbβ,Nutritional sensors,4N73,4N73_1,1,"[""X-RAY DIFFRACTION""]",True,[1.8662],1.8662,1.8662,PASS_PROJECT_RANGE,[0.2541],0.2541,0.2541,PASS_ALL_LE_0_30,369,579,211,UNIPROT_PROSITE_NR_LBD,UNIPROT_CANONICAL_1_BASED_INCLUSIVE,198,0.938389,SUBSTANTIAL_LBD,True,0.0,0.0,False,,True,PROJECT_PREFILTER_PASS,[]
Q14995,NR1D2,Rev-erbβ,Nutritional sensors,6WMQ,6WMQ_1,1,"[""X-RAY DIFFRACTION""]",True,[2.55],2.55,2.55,PASS_PROJECT_RANGE,[0.2704],0.2704,0.2704,PASS_ALL_LE_0_30,369,579,211,UNIPROT_PROSITE_NR_LBD,UNIPROT_CANONICAL_1_BASED_INCLUSIVE,199,0.943128,SUBSTANTIAL_LBD,True,0.0,0.0,False,,True,PROJECT_PREFILTER_PASS,[]
Q14995,NR1D2,Rev-erbβ,Nutritional sensors,6WMS,6WMS_1,1,"[""X-RAY DIFFRACTION""]",True,[2.0],2.0,2.0,PASS_PROJECT_RANGE,[0.2395],0.2395,0.2395,PASS_ALL_LE_0_30,369,579,211,UNIPROT_PROSITE_NR_LBD,UNIPROT_CANONICAL_1_BASED_INCLUSIVE,199,0.943128,SUBSTANTIAL_LBD,True,0.0,0.0,False,,True,PROJECT_PREFILTER_PASS,[]
P35398,NR1F1,RORα,Nutritional sensors,1N83,1N83_1,1,"[""X-RAY DIFFRACTION""]",True,[1.63],1.63,1.63,ULTRAHIGH_LT_1_8,[0.22277],0.22277,0.22277,PASS_ALL_LE_0_30,272,510,239,UNIPROT_PROSITE_NR_LBD,UNIPROT_CANONICAL_1_BASED_INCLUSIVE,239,1.0,NEAR_COMPLETE_LBD,True,0.0,0.0,False,,False,RESOLUTION_REVIEW,"[""RESOLUTION_REVIEW""]"
P35398,NR1F1,RORα,Nutritional sensors,1S0X,1S0X_1,1,"[""X-RAY DIFFRACTION""]",True,[2.2],2.2,2.2,PASS_PROJECT_RANGE,[0.20874],0.20874,0.20874,PASS_ALL_LE_0_30,272,510,239,UNIPROT_PROSITE_NR_LBD,UNIPROT_CANONICAL_1_BASED_INCLUSIVE,239,1.0,NEAR_COMPLETE_LBD,True,0.0,0.0,False,,True,PROJECT_PREFILTER_PASS,[]
P35398,NR1F1,RORα,Nutritional sensors,4S15,4S15_1,1,"[""X-RAY DIFFRACTION""]",True,[1.897],1.897,1.897,PASS_PROJECT_RANGE,[0.2133],0.2133,0.2133,PASS_ALL_LE_0_30,272,510,239,UNIPROT_PROSITE_NR_LBD,UNIPROT_CANONICAL_1_BASED_INCLUSIVE,239,1.0,NEAR_COMPLETE_LBD,True,0.0,0.0,False,,True,PROJECT_PREFILTER_PASS,[]
P51449,NR1F3,RORγ,Nutritional sensors,29OB,29OB_1,1,"[""X-RAY DIFFRACTION""]",True,[3.6],3.6,3.6,TOO_LOW_RESOLUTION_GT_3_5,[0.2828],0.2828,0.2828,PASS_ALL_LE_0_30,269,508,240,UNIPROT_PROSITE_NR_LBD,UNIPROT_CANONICAL_1_BASED_INCLUSIVE,238,0.991667,NEAR_COMPLETE_LBD,True,0.0,0.0,False,,False,RESOLUTION_REVIEW,"[""RESOLUTION_REVIEW""]"
P51449,NR1F3,RORγ,Nutritional sensors,3B0W,3B0W_1,1,"[""X-RAY DIFFRACTION""]",True,[2.2],2.2,2.2,PASS_PROJECT_RANGE,[0.24922],0.24922,0.24922,PASS_ALL_LE_0_30,269,508,240,UNIPROT_PROSITE_NR_LBD,UNIPROT_CANONICAL_1_BASED_INCLUSIVE,239,0.995833,NEAR_COMPLETE_LBD,True,0.0,0.0,False,,True,PROJECT_PREFILTER_PASS,[]
P51449,NR1F3,RORγ,Nutritional sensors,3KYT,3KYT_1,1,"[""X-RAY DIFFRACTION""]",True,[2.35],2.35,2.35,PASS_PROJECT_RANGE,[0.298],0.298,0.298,PASS_ALL_LE_0_30,269,508,240,UNIPROT_PROSITE_NR_LBD,UNIPROT_CANONICAL_1_BASED_INCLUSIVE,239,0.995833,NEAR_COMPLETE_LBD,True,0.0,0.0,False,,True,PROJECT_PREFILTER_PASS,[]
P51449,NR1F3,RORγ,Nutritional sensors,3L0J,3L0J_1,1,"[""X-RAY DIFFRACTION""]",True,[2.4],2.4,2.4,PASS_PROJECT_RANGE,[0.28295],0.28295,0.28295,PASS_ALL_LE_0_30,269,508,240,UNIPROT_PROSITE_NR_LBD,UNIPROT_CANONICAL_1_BASED_INCLUSIVE,239,0.995833,NEAR_COMPLETE_LBD,True,0.0,0.0,False,,True,PROJECT_PREFILTER_PASS,[]
P51449,NR1F3,RORγ,Nutritional sensors,3L0L,3L0L_1,1,"[""X-RAY DIFFRACTION""]",True,[1.74],1.74,1.74,ULTRAHIGH_LT_1_8,[0.25164],0.25164,0.25164,PASS_ALL_LE_0_30,269,508,240,UNIPROT_PROSITE_NR_LBD,UNIPROT_CANONICAL_1_BASED_INCLUSIVE,239,0.995833,NEAR_COMPLETE_LBD,True,0.0,0.0,False,,False,RESOLUTION_REVIEW,"[""RESOLUTION_REVIEW""]"
P51449,NR1F3,RORγ,Nutritional sensors,4NB6,4NB6_1,1,"[""X-RAY DIFFRACTION""]",True,[2.85],2.85,2.85,PASS_PROJECT_RANGE,[0.27023],0.27023,0.27023,PASS_ALL_LE_0_30,269,508,240,UNIPROT_PROSITE_NR_LBD,UNIPROT_CANONICAL_1_BASED_INCLUSIVE,239,0.995833,NEAR_COMPLETE_LBD,True,0.0,0.0,False,,True,PROJECT_PREFILTER_PASS,[]
P51449,NR1F3,RORγ,Nutritional sensors,4NIE,4NIE_1,1,"[""X-RAY DIFFRACTION""]",True,[2.01],2.01,2.01,PASS_PROJECT_RANGE,[0.24677],0.24677,0.24677,PASS_ALL_LE_0_30,269,508,240,UNIPROT_PROSITE_NR_LBD,UNIPROT_CANONICAL_1_BASED_INCLUSIVE,240,1.0,NEAR_COMPLETE_LBD,True,0.0,0.0,False,,True,PROJECT_PREFILTER_PASS,[]
P51449,NR1F3,RORγ,Nutritional sensors,4QM0,4QM0_1,1,"[""X-RAY DIFFRACTION""]",True,[2.195],2.195,2.195,PASS_PROJECT_RANGE,[0.2287],0.2287,0.2287,PASS_ALL_LE_0_30,269,508,240,UNIPROT_PROSITE_NR_LBD,UNIPROT_CANONICAL_1_BASED_INCLUSIVE,239,0.995833,NEAR_COMPLETE_LBD,True,0.0,0.0,False,,True,PROJECT_PREFILTER_PASS,[]
P51449,NR1F3,RORγ,Nutritional sensors,4S14,4S14_1,1,"[""X-RAY DIFFRACTION""]",True,[3.542],3.542,3.542,TOO_LOW_RESOLUTION_GT_3_5,[0.2193],0.2193,0.2193,PASS_ALL_LE_0_30,269,508,240,UNIPROT_PROSITE_NR_LBD,UNIPROT_CANONICAL_1_BASED_INCLUSIVE,240,1.0,NEAR_COMPLETE_LBD,True,0.0,0.0,False,,False,RESOLUTION_REVIEW,"[""RESOLUTION_REVIEW""]"
P51449,NR1F3,RORγ,Nutritional sensors,4WLB,4WLB_1,1,"[""X-RAY DIFFRACTION""]",True,[1.702],1.702,1.702,ULTRAHIGH_LT_1_8,[0.2263],0.2263,0.2263,PASS_ALL_LE_0_30,269,508,240,UNIPROT_PROSITE_NR_LBD,UNIPROT_CANONICAL_1_BASED_INCLUSIVE,239,0.995833,NEAR_COMPLETE_LBD,True,0.0,0.0,False,,False,RESOLUTION_REVIEW,"[""RESOLUTION_REVIEW""]"
P51449,NR1F3,RORγ,Nutritional sensors,4WPF,4WPF_1,1,"[""X-RAY DIFFRACTION""]",True,[2.202],2.202,2.202,PASS_PROJECT_RANGE,[0.2271],0.2271,0.2271,PASS_ALL_LE_0_30,269,508,240,UNIPROT_PROSITE_NR_LBD,UNIPROT_CANONICAL_1_BASED_INCLUSIVE,240,1.0,NEAR_COMPLETE_LBD,True,0.0,0.0,False,,True,PROJECT_PREFILTER_PASS,[]
P51449,NR1F3,RORγ,Nutritional sensors,4WQP,4WQP_1,1,"[""X-RAY DIFFRACTION""]",True,[1.99],1.99,1.99,PASS_PROJECT_RANGE,[0.18005],0.18005,0.18005,PASS_ALL_LE_0_30,269,508,240,UNIPROT_PROSITE_NR_LBD,UNIPROT_CANONICAL_1_BASED_INCLUSIVE,239,0.995833,NEAR_COMPLETE_LBD,True,0.0,0.0,False,,True,PROJECT_PREFILTER_PASS,[]
P51449,NR1F3,RORγ,Nutritional sensors,4WQP,4WQP_2,2,"[""X-RAY DIFFRACTION""]",True,[1.99],1.99,1.99,PASS_PROJECT_RANGE,[0.18005],0.18005,0.18005,PASS_ALL_LE_0_30,269,508,240,UNIPROT_PROSITE_NR_LBD,UNIPROT_CANONICAL_1_BASED_INCLUSIVE,13,0.054167,TRACE_LBD,True,0.0,0.0,False,,True,PROJECT_PREFILTER_PASS,[]
P51449,NR1F3,RORγ,Nutritional sensors,4XT9,4XT9_1,1,"[""X-RAY DIFFRACTION""]",True,[2.25],2.25,2.25,PASS_PROJECT_RANGE,[0.24489],0.24489,0.24489,PASS_ALL_LE_0_30,269,508,240,UNIPROT_PROSITE_NR_LBD,UNIPROT_CANONICAL_1_BASED_INCLUSIVE,239,0.995833,NEAR_COMPLETE_LBD,True,0.0,0.0,False,,True,PROJECT_PREFILTER_PASS,[]
P51449,NR1F3,RORγ,Nutritional sensors,4YMQ,4YMQ_1,1,"[""X-RAY DIFFRACTION""]",True,[2.0],2.0,2.0,PASS_PROJECT_RANGE,[0.2385],0.2385,0.2385,PASS_ALL_LE_0_30,269,508,240,UNIPROT_PROSITE_NR_LBD,UNIPROT_CANONICAL_1_BASED_INCLUSIVE,239,0.995833,NEAR_COMPLETE_LBD,True,0.0,0.0,False,,True,PROJECT_PREFILTER_PASS,[]
P51449,NR1F3,RORγ,Nutritional sensors,4YPQ,4YPQ_1,1,"[""X-RAY DIFFRACTION""]",True,[2.32],2.32,2.32,PASS_PROJECT_RANGE,[0.2292],0.2292,0.2292,PASS_ALL_LE_0_30,269,508,240,UNIPROT_PROSITE_NR_LBD,UNIPROT_CANONICAL_1_BASED_INCLUSIVE,239,0.995833,NEAR_COMPLETE_LBD,True,0.0,0.0,False,,True,PROJECT_PREFILTER_PASS,[]
P51449,NR1F3,RORγ,Nutritional sensors,4ZJR,4ZJR_1,1,"[""X-RAY DIFFRACTION""]",True,[2.702],2.702,2.702,PASS_PROJECT_RANGE,[0.2227],0.2227,0.2227,PASS_ALL_LE_0_30,269,508,240,UNIPROT_PROSITE_NR_LBD,UNIPROT_CANONICAL_1_BASED_INCLUSIVE,219,0.9125,SUBSTANTIAL_LBD,True,0.0,0.0,False,,True,PROJECT_PREFILTER_PASS,[]
P51449,NR1F3,RORγ,Nutritional sensors,4ZJW,4ZJW_1,1,"[""X-RAY DIFFRACTION""]",True,[2.5],2.5,2.5,PASS_PROJECT_RANGE,[0.2503],0.2503,0.2503,PASS_ALL_LE_0_30,269,508,240,UNIPROT_PROSITE_NR_LBD,UNIPROT_CANONICAL_1_BASED_INCLUSIVE,219,0.9125,SUBSTANTIAL_LBD,True,0.0,0.0,False,,True,PROJECT_PREFILTER_PASS,[]
P51449,NR1F3,RORγ,Nutritional sensors,4ZOM,4ZOM_1,1,"[""X-RAY DIFFRACTION""]",True,[2.27],2.27,2.27,PASS_PROJECT_RANGE,[0.2397],0.2397,0.2397,PASS_ALL_LE_0_30,269,508,240,UNIPROT_PROSITE_NR_LBD,UNIPROT_CANONICAL_1_BASED_INCLUSIVE,219,0.9125,SUBSTANTIAL_LBD,True,0.0,0.0,False,,True,PROJECT_PREFILTER_PASS,[]
P51449,NR1F3,RORγ,Nutritional sensors,5APH,5APH_1,1,"[""X-RAY DIFFRACTION""]",True,[1.54],1.54,1.54,ULTRAHIGH_LT_1_8,[0.2422],0.2422,0.2422,PASS_ALL_LE_0_30,269,508,240,UNIPROT_PROSITE_NR_LBD,UNIPROT_CANONICAL_1_BASED_INCLUSIVE,239,0.995833,NEAR_COMPLETE_LBD,True,0.0,0.0,False,,False,RESOLUTION_REVIEW,"[""RESOLUTION_REVIEW""]"
P51449,NR1F3,RORγ,Nutritional sensors,5APJ,5APJ_1,1,"[""X-RAY DIFFRACTION""]",True,[2.08],2.08,2.08,PASS_PROJECT_RANGE,[0.2375],0.2375,0.2375,PASS_ALL_LE_0_30,269,508,240,UNIPROT_PROSITE_NR_LBD,UNIPROT_CANONICAL_1_BASED_INCLUSIVE,239,0.995833,NEAR_COMPLETE_LBD,True,0.0,0.0,False,,True,PROJECT_PREFILTER_PASS,[]
P51449,NR1F3,RORγ,Nutritional sensors,5APK,5APK_1,1,"[""X-RAY DIFFRACTION""]",True,[2.1],2.1,2.1,PASS_PROJECT_RANGE,[0.2241],0.2241,0.2241,PASS_ALL_LE_0_30,269,508,240,UNIPROT_PROSITE_NR_LBD,UNIPROT_CANONICAL_1_BASED_INCLUSIVE,239,0.995833,NEAR_COMPLETE_LBD,True,0.0,0.0,False,,True,PROJECT_PREFILTER_PASS,[]
P51449,NR1F3,RORγ,Nutritional sensors,5APK,5APK_2,2,"[""X-RAY DIFFRACTION""]",True,[2.1],2.1,2.1,PASS_PROJECT_RANGE,[0.2241],0.2241,0.2241,PASS_ALL_LE_0_30,269,508,240,UNIPROT_PROSITE_NR_LBD,UNIPROT_CANONICAL_1_BASED_INCLUSIVE,13,0.054167,TRACE_LBD,True,0.0,0.0,False,,True,PROJECT_PREFILTER_PASS,[]
P51449,NR1F3,RORγ,Nutritional sensors,5AYG,5AYG_1,1,"[""X-RAY DIFFRACTION""]",True,[2.6],2.6,2.6,PASS_PROJECT_RANGE,[0.22673],0.22673,0.22673,PASS_ALL_LE_0_30,269,508,240,UNIPROT_PROSITE_NR_LBD,UNIPROT_CANONICAL_1_BASED_INCLUSIVE,240,1.0,NEAR_COMPLETE_LBD,True,0.0,0.0,False,,True,PROJECT_PREFILTER_PASS,[]
P51449,NR1F3,RORγ,Nutritional sensors,5C4O,5C4O_1,1,"[""X-RAY DIFFRACTION""]",True,[2.24],2.24,2.24,PASS_PROJECT_RANGE,[0.251],0.251,0.251,PASS_ALL_LE_0_30,269,508,240,UNIPROT_PROSITE_NR_LBD,UNIPROT_CANONICAL_1_BASED_INCLUSIVE,239,0.995833,NEAR_COMPLETE_LBD,True,0.0,0.0,False,,True,PROJECT_PREFILTER_PASS,[]
P51449,NR1F3,RORγ,Nutritional sensors,5C4S,5C4S_1,1,"[""X-RAY DIFFRACTION""]",True,[2.23],2.23,2.23,PASS_PROJECT_RANGE,[0.2609],0.2609,0.2609,PASS_ALL_LE_0_30,269,508,240,UNIPROT_PROSITE_NR_LBD,UNIPROT_CANONICAL_1_BASED_INCLUSIVE,239,0.995833,NEAR_COMPLETE_LBD,True,0.0,0.0,False,,True,PROJECT_PREFILTER_PASS,[]
P51449,NR1F3,RORγ,Nutritional sensors,5C4T,5C4T_1,1,"[""X-RAY DIFFRACTION""]",True,[1.77],1.77,1.77,ULTRAHIGH_LT_1_8,[0.2241],0.2241,0.2241,PASS_ALL_LE_0_30,269,508,240,UNIPROT_PROSITE_NR_LBD,UNIPROT_CANONICAL_1_BASED_INCLUSIVE,239,0.995833,NEAR_COMPLETE_LBD,True,0.0,0.0,False,,False,RESOLUTION_REVIEW,"[""RESOLUTION_REVIEW""]"
P51449,NR1F3,RORγ,Nutritional sensors,5C4U,5C4U_1,1,"[""X-RAY DIFFRACTION""]",True,[2.08],2.08,2.08,PASS_PROJECT_RANGE,[0.2771],0.2771,0.2771,PASS_ALL_LE_0_30,269,508,240,UNIPROT_PROSITE_NR_LBD,UNIPROT_CANONICAL_1_BASED_INCLUSIVE,239,0.995833,NEAR_COMPLETE_LBD,True,0.0,0.0,False,,True,PROJECT_PREFILTER_PASS,[]
P51449,NR1F3,RORγ,Nutritional sensors,5EJV,5EJV_1,1,"[""X-RAY DIFFRACTION""]",True,[2.58],2.58,2.58,PASS_PROJECT_RANGE,[0.2308],0.2308,0.2308,PASS_ALL_LE_0_30,269,508,240,UNIPROT_PROSITE_NR_LBD,UNIPROT_CANONICAL_1_BASED_INCLUSIVE,240,1.0,NEAR_COMPLETE_LBD,True,0.0,0.0,False,,True,PROJECT_PREFILTER_PASS,[]
P51449,NR1F3,RORγ,Nutritional sensors,5ETH,5ETH_1,1,"[""X-RAY DIFFRACTION""]",True,[2.803],2.803,2.803,PASS_PROJECT_RANGE,[0.2842],0.2842,0.2842,PASS_ALL_LE_0_30,269,508,240,UNIPROT_PROSITE_NR_LBD,UNIPROT_CANONICAL_1_BASED_INCLUSIVE,219,0.9125,SUBSTANTIAL_LBD,True,0.0,0.0,False,,True,PROJECT_PREFILTER_PASS,[]
P51449,NR1F3,RORγ,Nutritional sensors,5G42,5G42_1,1,"[""X-RAY DIFFRACTION""]",True,[1.72],1.72,1.72,ULTRAHIGH_LT_1_8,[0.2124],0.2124,0.2124,PASS_ALL_LE_0_30,269,508,240,UNIPROT_PROSITE_NR_LBD,UNIPROT_CANONICAL_1_BASED_INCLUSIVE,239,0.995833,NEAR_COMPLETE_LBD,True,0.0,0.0,False,,False,RESOLUTION_REVIEW,"[""RESOLUTION_REVIEW""]"
P51449,NR1F3,RORγ,Nutritional sensors,5G43,5G43_1,1,"[""X-RAY DIFFRACTION""]",True,[2.58],2.58,2.58,PASS_PROJECT_RANGE,[0.2642],0.2642,0.2642,PASS_ALL_LE_0_30,269,508,240,UNIPROT_PROSITE_NR_LBD,UNIPROT_CANONICAL_1_BASED_INCLUSIVE,239,0.995833,NEAR_COMPLETE_LBD,True,0.0,0.0,False,,True,PROJECT_PREFILTER_PASS,[]
P51449,NR1F3,RORγ,Nutritional sensors,5G44,5G44_1,1,"[""X-RAY DIFFRACTION""]",True,[1.84],1.84,1.84,PASS_PROJECT_RANGE,[0.2293],0.2293,0.2293,PASS_ALL_LE_0_30,269,508,240,UNIPROT_PROSITE_NR_LBD,UNIPROT_CANONICAL_1_BASED_INCLUSIVE,239,0.995833,NEAR_COMPLETE_LBD,True,0.0,0.0,False,,True,PROJECT_PREFILTER_PASS,[]
P51449,NR1F3,RORγ,Nutritional sensors,5G45,5G45_1,1,"[""X-RAY DIFFRACTION""]",True,[2.07],2.07,2.07,PASS_PROJECT_RANGE,[0.2555],0.2555,0.2555,PASS_ALL_LE_0_30,269,508,240,UNIPROT_PROSITE_NR_LBD,UNIPROT_CANONICAL_1_BASED_INCLUSIVE,239,0.995833,NEAR_COMPLETE_LBD,True,0.0,0.0,False,,True,PROJECT_PREFILTER_PASS,[]
P51449,NR1F3,RORγ,Nutritional sensors,5G46,5G46_1,1,"[""X-RAY DIFFRACTION""]",True,[1.76],1.76,1.76,ULTRAHIGH_LT_1_8,[0.2169],0.2169,0.2169,PASS_ALL_LE_0_30,269,508,240,UNIPROT_PROSITE_NR_LBD,UNIPROT_CANONICAL_1_BASED_INCLUSIVE,239,0.995833,NEAR_COMPLETE_LBD,True,0.0,0.0,False,,False,RESOLUTION_REVIEW,"[""RESOLUTION_REVIEW""]"
P51449,NR1F3,RORγ,Nutritional sensors,5IXK,5IXK_1,1,"[""X-RAY DIFFRACTION""]",True,[2.35],2.35,2.35,PASS_PROJECT_RANGE,[0.2631],0.2631,0.2631,PASS_ALL_LE_0_30,269,508,240,UNIPROT_PROSITE_NR_LBD,UNIPROT_CANONICAL_1_BASED_INCLUSIVE,219,0.9125,SUBSTANTIAL_LBD,True,0.0,0.0,False,,True,PROJECT_PREFILTER_PASS,[]
P51449,NR1F3,RORγ,Nutritional sensors,5IZ0,5IZ0_1,1,"[""X-RAY DIFFRACTION""]",True,[2.635],2.635,2.635,PASS_PROJECT_RANGE,[0.2553],0.2553,0.2553,PASS_ALL_LE_0_30,269,508,240,UNIPROT_PROSITE_NR_LBD,UNIPROT_CANONICAL_1_BASED_INCLUSIVE,240,1.0,NEAR_COMPLETE_LBD,True,0.0,0.0,False,,True,PROJECT_PREFILTER_PASS,[]
P51449,NR1F3,RORγ,Nutritional sensors,5K38,5K38_1,1,"[""X-RAY DIFFRACTION""]",True,[2.05],2.05,2.05,PASS_PROJECT_RANGE,[0.20693],0.20693,0.20693,PASS_ALL_LE_0_30,269,508,240,UNIPROT_PROSITE_NR_LBD,UNIPROT_CANONICAL_1_BASED_INCLUSIVE,239,0.995833,NEAR_COMPLETE_LBD,True,0.0,0.0,False,,True,PROJECT_PREFILTER_PASS,[]
P51449,NR1F3,RORγ,Nutritional sensors,5K3L,5K3L_1,1,"[""X-RAY DIFFRACTION""]",True,[2.75],2.75,2.75,PASS_PROJECT_RANGE,[0.2644],0.2644,0.2644,PASS_ALL_LE_0_30,269,508,240,UNIPROT_PROSITE_NR_LBD,UNIPROT_CANONICAL_1_BASED_INCLUSIVE,239,0.995833,NEAR_COMPLETE_LBD,True,0.0,0.0,False,,True,PROJECT_PREFILTER_PASS,[]
P51449,NR1F3,RORγ,Nutritional sensors,5K3M,5K3M_1,1,"[""X-RAY DIFFRACTION""]",True,[2.894],2.894,2.894,PASS_PROJECT_RANGE,[0.295],0.295,0.295,PASS_ALL_LE_0_30,269,508,240,UNIPROT_PROSITE_NR_LBD,UNIPROT_CANONICAL_1_BASED_INCLUSIVE,239,0.995833,NEAR_COMPLETE_LBD,True,0.0,0.0,False,,True,PROJECT_PREFILTER_PASS,[]
P51449,NR1F3,RORγ,Nutritional sensors,5K3N,5K3N_1,1,"[""X-RAY DIFFRACTION""]",True,[2.666],2.666,2.666,PASS_PROJECT_RANGE,[0.2849],0.2849,0.2849,PASS_ALL_LE_0_30,269,508,240,UNIPROT_PROSITE_NR_LBD,UNIPROT_CANONICAL_1_BASED_INCLUSIVE,239,0.995833,NEAR_COMPLETE_LBD,True,0.0,0.0,False,,True,PROJECT_PREFILTER_PASS,[]
P51449,NR1F3,RORγ,Nutritional sensors,5K6E,5K6E_1,1,"[""X-RAY DIFFRACTION""]",True,[2.8],2.8,2.8,PASS_PROJECT_RANGE,[0.2593],0.2593,0.2593,PASS_ALL_LE_0_30,269,508,240,UNIPROT_PROSITE_NR_LBD,UNIPROT_CANONICAL_1_BASED_INCLUSIVE,239,0.995833,NEAR_COMPLETE_LBD,True,0.0,0.0,False,,True,PROJECT_PREFILTER_PASS,[]
P51449,NR1F3,RORγ,Nutritional sensors,5K74,5K74_1,1,"[""X-RAY DIFFRACTION""]",True,[2.75],2.75,2.75,PASS_PROJECT_RANGE,[0.2161],0.2161,0.2161,PASS_ALL_LE_0_30,269,508,240,UNIPROT_PROSITE_NR_LBD,UNIPROT_CANONICAL_1_BASED_INCLUSIVE,239,0.995833,NEAR_COMPLETE_LBD,True,0.0,0.0,False,,True,PROJECT_PREFILTER_PASS,[]
P51449,NR1F3,RORγ,Nutritional sensors,5LWP,5LWP_1,1,"[""X-RAY DIFFRACTION""]",True,[2.4],2.4,2.4,PASS_PROJECT_RANGE,[0.2533],0.2533,0.2533,PASS_ALL_LE_0_30,269,508,240,UNIPROT_PROSITE_NR_LBD,UNIPROT_CANONICAL_1_BASED_INCLUSIVE,238,0.991667,NEAR_COMPLETE_LBD,True,0.0,0.0,False,,True,PROJECT_PREFILTER_PASS,[]
P51449,NR1F3,RORγ,Nutritional sensors,5M96,5M96_1,1,"[""X-RAY DIFFRACTION""]",True,[1.77],1.77,1.77,ULTRAHIGH_LT_1_8,[0.2078],0.2078,0.2078,PASS_ALL_LE_0_30,269,508,240,UNIPROT_PROSITE_NR_LBD,UNIPROT_CANONICAL_1_BASED_INCLUSIVE,223,0.929167,SUBSTANTIAL_LBD,True,0.0,0.0,False,,False,RESOLUTION_REVIEW,"[""RESOLUTION_REVIEW""]"
P51449,NR1F3,RORγ,Nutritional sensors,5NI5,5NI5_1,1,"[""X-RAY DIFFRACTION""]",True,[2.3],2.3,2.3,PASS_PROJECT_RANGE,[0.265],0.265,0.265,PASS_ALL_LE_0_30,269,508,240,UNIPROT_PROSITE_NR_LBD,UNIPROT_CANONICAL_1_BASED_INCLUSIVE,239,0.995833,NEAR_COMPLETE_LBD,True,0.0,0.0,False,,True,PROJECT_PREFILTER_PASS,[]
P51449,NR1F3,RORγ,Nutritional sensors,5NI7,5NI7_1,1,"[""X-RAY DIFFRACTION""]",True,[2.45],2.45,2.45,PASS_PROJECT_RANGE,[0.258],0.258,0.258,PASS_ALL_LE_0_30,269,508,240,UNIPROT_PROSITE_NR_LBD,UNIPROT_CANONICAL_1_BASED_INCLUSIVE,239,0.995833,NEAR_COMPLETE_LBD,True,0.0,0.0,False,,True,PROJECT_PREFILTER_PASS,[]
P51449,NR1F3,RORγ,Nutritional sensors,5NI8,5NI8_1,1,"[""X-RAY DIFFRACTION""]",True,[1.94],1.94,1.94,PASS_PROJECT_RANGE,[0.262],0.262,0.262,PASS_ALL_LE_0_30,269,508,240,UNIPROT_PROSITE_NR_LBD,UNIPROT_CANONICAL_1_BASED_INCLUSIVE,239,0.995833,NEAR_COMPLETE_LBD,True,0.0,0.0,False,,True,PROJECT_PREFILTER_PASS,[]
P51449,NR1F3,RORγ,Nutritional sensors,5NIB,5NIB_1,1,"[""X-RAY DIFFRACTION""]",True,[1.82],1.82,1.82,PASS_PROJECT_RANGE,[0.2268],0.2268,0.2268,PASS_ALL_LE_0_30,269,508,240,UNIPROT_PROSITE_NR_LBD,UNIPROT_CANONICAL_1_BASED_INCLUSIVE,239,0.995833,NEAR_COMPLETE_LBD,True,0.0,0.0,False,,True,PROJECT_PREFILTER_PASS,[]
P51449,NR1F3,RORγ,Nutritional sensors,5NTI,5NTI_1,1,"[""X-RAY DIFFRACTION""]",True,[2.4],2.4,2.4,PASS_PROJECT_RANGE,[0.2328],0.2328,0.2328,PASS_ALL_LE_0_30,269,508,240,UNIPROT_PROSITE_NR_LBD,UNIPROT_CANONICAL_1_BASED_INCLUSIVE,240,1.0,NEAR_COMPLETE_LBD,True,0.0,0.0,False,,True,PROJECT_PREFILTER_PASS,[]
P51449,NR1F3,RORγ,Nutritional sensors,5NTK,5NTK_1,1,"[""X-RAY DIFFRACTION""]",True,[1.9],1.9,1.9,PASS_PROJECT_RANGE,[0.2459],0.2459,0.2459,PASS_ALL_LE_0_30,269,508,240,UNIPROT_PROSITE_NR_LBD,UNIPROT_CANONICAL_1_BASED_INCLUSIVE,223,0.929167,SUBSTANTIAL_LBD,True,0.0,0.0,False,,True,PROJECT_PREFILTER_PASS,[]
P51449,NR1F3,RORγ,Nutritional sensors,5NTN,5NTN_1,1,"[""X-RAY DIFFRACTION""]",True,[1.9],1.9,1.9,PASS_PROJECT_RANGE,[0.2253],0.2253,0.2253,PASS_ALL_LE_0_30,269,508,240,UNIPROT_PROSITE_NR_LBD,UNIPROT_CANONICAL_1_BASED_INCLUSIVE,240,1.0,NEAR_COMPLETE_LBD,True,0.0,0.0,False,,True,PROJECT_PREFILTER_PASS,[]
P51449,NR1F3,RORγ,Nutritional sensors,5NTP,5NTP_1,1,"[""X-RAY DIFFRACTION""]",True,[1.7],1.7,1.7,ULTRAHIGH_LT_1_8,[0.2274],0.2274,0.2274,PASS_ALL_LE_0_30,269,508,240,UNIPROT_PROSITE_NR_LBD,UNIPROT_CANONICAL_1_BASED_INCLUSIVE,231,0.9625,NEAR_COMPLETE_LBD,True,0.0,0.0,False,,False,RESOLUTION_REVIEW,"[""RESOLUTION_REVIEW""]"
P51449,NR1F3,RORγ,Nutritional sensors,5NTQ,5NTQ_1,1,"[""X-RAY DIFFRACTION""]",True,[2.26],2.26,2.26,PASS_PROJECT_RANGE,[0.257],0.257,0.257,PASS_ALL_LE_0_30,269,508,240,UNIPROT_PROSITE_NR_LBD,UNIPROT_CANONICAL_1_BASED_INCLUSIVE,231,0.9625,NEAR_COMPLETE_LBD,True,0.0,0.0,False,,True,PROJECT_PREFILTER_PASS,[]
P51449,NR1F3,RORγ,Nutritional sensors,5NTW,5NTW_1,1,"[""X-RAY DIFFRACTION""]",True,[1.64],1.64,1.64,ULTRAHIGH_LT_1_8,[0.2223],0.2223,0.2223,PASS_ALL_LE_0_30,269,508,240,UNIPROT_PROSITE_NR_LBD,UNIPROT_CANONICAL_1_BASED_INCLUSIVE,240,1.0,NEAR_COMPLETE_LBD,True,0.0,0.0,False,,False,RESOLUTION_REVIEW,"[""RESOLUTION_REVIEW""]"
P51449,NR1F3,RORγ,Nutritional sensors,5NU1,5NU1_1,1,"[""X-RAY DIFFRACTION""]",True,[1.85],1.85,1.85,PASS_PROJECT_RANGE,[0.2561],0.2561,0.2561,PASS_ALL_LE_0_30,269,508,240,UNIPROT_PROSITE_NR_LBD,UNIPROT_CANONICAL_1_BASED_INCLUSIVE,240,1.0,NEAR_COMPLETE_LBD,True,0.0,0.0,False,,True,PROJECT_PREFILTER_PASS,[]
P51449,NR1F3,RORγ,Nutritional sensors,5UFO,5UFO_1,1,"[""X-RAY DIFFRACTION""]",True,[2.802],2.802,2.802,PASS_PROJECT_RANGE,[0.2435],0.2435,0.2435,PASS_ALL_LE_0_30,269,508,240,UNIPROT_PROSITE_NR_LBD,UNIPROT_CANONICAL_1_BASED_INCLUSIVE,239,0.995833,NEAR_COMPLETE_LBD,True,0.0,0.0,False,,True,PROJECT_PREFILTER_PASS,[]
P51449,NR1F3,RORγ,Nutritional sensors,5UFR,5UFR_1,1,"[""X-RAY DIFFRACTION""]",True,[2.068],2.068,2.068,PASS_PROJECT_RANGE,[0.2535],0.2535,0.2535,PASS_ALL_LE_0_30,269,508,240,UNIPROT_PROSITE_NR_LBD,UNIPROT_CANONICAL_1_BASED_INCLUSIVE,239,0.995833,NEAR_COMPLETE_LBD,True,0.0,0.0,False,,True,PROJECT_PREFILTER_PASS,[]
P51449,NR1F3,RORγ,Nutritional sensors,5UHI,5UHI_1,1,"[""X-RAY DIFFRACTION""]",True,[3.198],3.198,3.198,PASS_PROJECT_RANGE,[0.3181],0.3181,0.3181,FAIL_ALL_GT_0_30,269,508,240,UNIPROT_PROSITE_NR_LBD,UNIPROT_CANONICAL_1_BASED_INCLUSIVE,239,0.995833,NEAR_COMPLETE_LBD,True,0.0,0.0,False,,False,RFREE_REVIEW,"[""RFREE_REVIEW""]"
P51449,NR1F3,RORγ,Nutritional sensors,5VB3,5VB3_1,1,"[""X-RAY DIFFRACTION""]",True,[1.95],1.95,1.95,PASS_PROJECT_RANGE,[0.2298],0.2298,0.2298,PASS_ALL_LE_0_30,269,508,240,UNIPROT_PROSITE_NR_LBD,UNIPROT_CANONICAL_1_BASED_INCLUSIVE,239,0.995833,NEAR_COMPLETE_LBD,True,0.0,0.0,True,,True,PROJECT_PREFILTER_PASS,[]
P51449,NR1F3,RORγ,Nutritional sensors,5VB5,5VB5_1,1,"[""X-RAY DIFFRACTION""]",True,[2.226],2.226,2.226,PASS_PROJECT_RANGE,[0.2344],0.2344,0.2344,PASS_ALL_LE_0_30,269,508,240,UNIPROT_PROSITE_NR_LBD,UNIPROT_CANONICAL_1_BASED_INCLUSIVE,239,0.995833,NEAR_COMPLETE_LBD,True,0.0,0.0,True,,True,PROJECT_PREFILTER_PASS,[]
P51449,NR1F3,RORγ,Nutritional sensors,5VB6,5VB6_1,1,"[""X-RAY DIFFRACTION""]",True,[2.041],2.041,2.041,PASS_PROJECT_RANGE,[0.2075],0.2075,0.2075,PASS_ALL_LE_0_30,269,508,240,UNIPROT_PROSITE_NR_LBD,UNIPROT_CANONICAL_1_BASED_INCLUSIVE,239,0.995833,NEAR_COMPLETE_LBD,True,0.0,0.0,True,,True,PROJECT_PREFILTER_PASS,[]
P51449,NR1F3,RORγ,Nutritional sensors,5VB7,5VB7_1,1,"[""X-RAY DIFFRACTION""]",True,[2.335],2.335,2.335,PASS_PROJECT_RANGE,[0.2161],0.2161,0.2161,PASS_ALL_LE_0_30,269,508,240,UNIPROT_PROSITE_NR_LBD,UNIPROT_CANONICAL_1_BASED_INCLUSIVE,239,0.995833,NEAR_COMPLETE_LBD,True,0.0,0.0,True,,True,PROJECT_PREFILTER_PASS,[]
P51449,NR1F3,RORγ,Nutritional sensors,5VQK,5VQK_1,1,"[""X-RAY DIFFRACTION""]",True,[3.1],3.1,3.1,PASS_PROJECT_RANGE,[0.246],0.246,0.246,PASS_ALL_LE_0_30,269,508,240,UNIPROT_PROSITE_NR_LBD,UNIPROT_CANONICAL_1_BASED_INCLUSIVE,239,0.995833,NEAR_COMPLETE_LBD,True,0.0,0.0,True,,True,PROJECT_PREFILTER_PASS,[]
P51449,NR1F3,RORγ,Nutritional sensors,5VQL,5VQL_1,1,"[""X-RAY DIFFRACTION""]",True,[2.7],2.7,2.7,PASS_PROJECT_RANGE,[0.251],0.251,0.251,PASS_ALL_LE_0_30,269,508,240,UNIPROT_PROSITE_NR_LBD,UNIPROT_CANONICAL_1_BASED_INCLUSIVE,239,0.995833,NEAR_COMPLETE_LBD,True,0.0,0.0,True,,True,PROJECT_PREFILTER_PASS,[]
P51449,NR1F3,RORγ,Nutritional sensors,5W4R,5W4R_1,1,"[""X-RAY DIFFRACTION""]",True,[3.002],3.002,3.002,PASS_PROJECT_RANGE,[0.245],0.245,0.245,PASS_ALL_LE_0_30,269,508,240,UNIPROT_PROSITE_NR_LBD,UNIPROT_CANONICAL_1_BASED_INCLUSIVE,213,0.8875,SUBSTANTIAL_LBD,True,0.0,0.0,False,,True,PROJECT_PREFILTER_PASS,[]
P51449,NR1F3,RORγ,Nutritional sensors,5W4V,5W4V_1,1,"[""X-RAY DIFFRACTION""]",True,[2.65],2.65,2.65,PASS_PROJECT_RANGE,[0.3835],0.3835,0.3835,FAIL_ALL_GT_0_30,269,508,240,UNIPROT_PROSITE_NR_LBD,UNIPROT_CANONICAL_1_BASED_INCLUSIVE,207,0.8625,SUBSTANTIAL_LBD,True,0.0,0.0,False,,False,RFREE_REVIEW,"[""RFREE_REVIEW""]"
P51449,NR1F3,RORγ,Nutritional sensors,5X8Q,5X8Q_1,1,"[""X-RAY DIFFRACTION""]",True,[2.2],2.2,2.2,PASS_PROJECT_RANGE,[0.2411],0.2411,0.2411,PASS_ALL_LE_0_30,269,508,240,UNIPROT_PROSITE_NR_LBD,UNIPROT_CANONICAL_1_BASED_INCLUSIVE,240,1.0,NEAR_COMPLETE_LBD,True,0.0,0.0,False,,True,PROJECT_PREFILTER_PASS,[]
P51449,NR1F3,RORγ,Nutritional sensors,5YP5,5YP5_1,1,"[""X-RAY DIFFRACTION""]",True,[2.65],2.65,2.65,PASS_PROJECT_RANGE,[0.25324],0.25324,0.25324,PASS_ALL_LE_0_30,269,508,240,UNIPROT_PROSITE_NR_LBD,UNIPROT_CANONICAL_1_BASED_INCLUSIVE,239,0.995833,NEAR_COMPLETE_LBD,True,0.0,0.0,False,,True,PROJECT_PREFILTER_PASS,[]
P51449,NR1F3,RORγ,Nutritional sensors,5YP6,5YP6_1,1,"[""X-RAY DIFFRACTION""]",True,[2.2],2.2,2.2,PASS_PROJECT_RANGE,[0.25446],0.25446,0.25446,PASS_ALL_LE_0_30,269,508,240,UNIPROT_PROSITE_NR_LBD,UNIPROT_CANONICAL_1_BASED_INCLUSIVE,239,0.995833,NEAR_COMPLETE_LBD,True,0.0,0.0,False,,True,PROJECT_PREFILTER_PASS,[]
P51449,NR1F3,RORγ,Nutritional sensors,5ZA1,5ZA1_1,1,"[""X-RAY DIFFRACTION""]",True,[2.52],2.52,2.52,PASS_PROJECT_RANGE,[0.2558],0.2558,0.2558,PASS_ALL_LE_0_30,269,508,240,UNIPROT_PROSITE_NR_LBD,UNIPROT_CANONICAL_1_BASED_INCLUSIVE,226,0.941667,SUBSTANTIAL_LBD,True,0.0,0.0,False,,True,PROJECT_PREFILTER_PASS,[]
P51449,NR1F3,RORγ,Nutritional sensors,6A22,6A22_1,1,"[""X-RAY DIFFRACTION""]",True,[2.55],2.55,2.55,PASS_PROJECT_RANGE,[0.24283],0.24283,0.24283,PASS_ALL_LE_0_30,269,508,240,UNIPROT_PROSITE_NR_LBD,UNIPROT_CANONICAL_1_BASED_INCLUSIVE,240,1.0,NEAR_COMPLETE_LBD,True,0.0,0.0,False,,True,PROJECT_PREFILTER_PASS,[]
P51449,NR1F3,RORγ,Nutritional sensors,6B30,6B30_1,1,"[""X-RAY DIFFRACTION""]",True,[2.69],2.69,2.69,PASS_PROJECT_RANGE,[0.2344],0.2344,0.2344,PASS_ALL_LE_0_30,269,508,240,UNIPROT_PROSITE_NR_LBD,UNIPROT_CANONICAL_1_BASED_INCLUSIVE,211,0.879167,SUBSTANTIAL_LBD,True,0.0,0.0,False,,True,PROJECT_PREFILTER_PASS,[]
P51449,NR1F3,RORγ,Nutritional sensors,6B31,6B31_1,1,"[""X-RAY DIFFRACTION""]",True,[3.18],3.18,3.18,PASS_PROJECT_RANGE,[0.2453],0.2453,0.2453,PASS_ALL_LE_0_30,269,508,240,UNIPROT_PROSITE_NR_LBD,UNIPROT_CANONICAL_1_BASED_INCLUSIVE,224,0.933333,SUBSTANTIAL_LBD,True,0.0,0.0,False,,True,PROJECT_PREFILTER_PASS,[]
P51449,NR1F3,RORγ,Nutritional sensors,6B33,6B33_1,1,"[""X-RAY DIFFRACTION""]",True,[2.48],2.48,2.48,PASS_PROJECT_RANGE,[0.2391],0.2391,0.2391,PASS_ALL_LE_0_30,269,508,240,UNIPROT_PROSITE_NR_LBD,UNIPROT_CANONICAL_1_BASED_INCLUSIVE,214,0.891667,SUBSTANTIAL_LBD,True,0.0,0.0,False,,True,PROJECT_PREFILTER_PASS,[]
P51449,NR1F3,RORγ,Nutritional sensors,6BN6,6BN6_1,1,"[""X-RAY DIFFRACTION""]",True,[2.4],2.4,2.4,PASS_PROJECT_RANGE,[0.225],0.225,0.225,PASS_ALL_LE_0_30,269,508,240,UNIPROT_PROSITE_NR_LBD,UNIPROT_CANONICAL_1_BASED_INCLUSIVE,240,1.0,NEAR_COMPLETE_LBD,True,0.0,0.0,False,,True,PROJECT_PREFILTER_PASS,[]
P51449,NR1F3,RORγ,Nutritional sensors,6BR2,6BR2_1,1,"[""X-RAY DIFFRACTION""]",True,[3.18],3.18,3.18,PASS_PROJECT_RANGE,[0.2271],0.2271,0.2271,PASS_ALL_LE_0_30,269,508,240,UNIPROT_PROSITE_NR_LBD,UNIPROT_CANONICAL_1_BASED_INCLUSIVE,211,0.879167,SUBSTANTIAL_LBD,True,0.0,0.0,False,,True,PROJECT_PREFILTER_PASS,[]
P51449,NR1F3,RORγ,Nutritional sensors,6BR3,6BR3_1,1,"[""X-RAY DIFFRACTION""]",True,[3.0],3.0,3.0,PASS_PROJECT_RANGE,[0.2387],0.2387,0.2387,PASS_ALL_LE_0_30,269,508,240,UNIPROT_PROSITE_NR_LBD,UNIPROT_CANONICAL_1_BASED_INCLUSIVE,212,0.883333,SUBSTANTIAL_LBD,True,0.0,0.0,False,,True,PROJECT_PREFILTER_PASS,[]
P51449,NR1F3,RORγ,Nutritional sensors,6CN5,6CN5_1,1,"[""X-RAY DIFFRACTION""]",True,[2.3],2.3,2.3,PASS_PROJECT_RANGE,[0.2222],0.2222,0.2222,PASS_ALL_LE_0_30,269,508,240,UNIPROT_PROSITE_NR_LBD,UNIPROT_CANONICAL_1_BASED_INCLUSIVE,240,1.0,NEAR_COMPLETE_LBD,True,0.0,0.0,False,,True,PROJECT_PREFILTER_PASS,[]
P51449,NR1F3,RORγ,Nutritional sensors,6CN6,6CN6_1,1,"[""X-RAY DIFFRACTION""]",True,[2.45],2.45,2.45,PASS_PROJECT_RANGE,[0.2407],0.2407,0.2407,PASS_ALL_LE_0_30,269,508,240,UNIPROT_PROSITE_NR_LBD,UNIPROT_CANONICAL_1_BASED_INCLUSIVE,240,1.0,NEAR_COMPLETE_LBD,True,0.0,0.0,False,,True,PROJECT_PREFILTER_PASS,[]
P51449,NR1F3,RORγ,Nutritional sensors,6CVH,6CVH_1,1,"[""X-RAY DIFFRACTION""]",True,[3.5],3.5,3.5,PASS_PROJECT_RANGE,[0.3096],0.3096,0.3096,FAIL_ALL_GT_0_30,269,508,240,UNIPROT_PROSITE_NR_LBD,UNIPROT_CANONICAL_1_BASED_INCLUSIVE,221,0.920833,SUBSTANTIAL_LBD,True,0.0,0.0,False,,False,RFREE_REVIEW,"[""RFREE_REVIEW""]"
P51449,NR1F3,RORγ,Nutritional sensors,6E3E,6E3E_1,1,"[""X-RAY DIFFRACTION""]",True,[2.47],2.47,2.47,PASS_PROJECT_RANGE,[0.2135],0.2135,0.2135,PASS_ALL_LE_0_30,269,508,240,UNIPROT_PROSITE_NR_LBD,UNIPROT_CANONICAL_1_BASED_INCLUSIVE,213,0.8875,SUBSTANTIAL_LBD,True,0.0,0.0,False,,True,PROJECT_PREFILTER_PASS,[]
P51449,NR1F3,RORγ,Nutritional sensors,6E3G,6E3G_1,1,"[""X-RAY DIFFRACTION""]",True,[2.1],2.1,2.1,PASS_PROJECT_RANGE,[0.2431],0.2431,0.2431,PASS_ALL_LE_0_30,269,508,240,UNIPROT_PROSITE_NR_LBD,UNIPROT_CANONICAL_1_BASED_INCLUSIVE,239,0.995833,NEAR_COMPLETE_LBD,True,0.0,0.0,False,,True,PROJECT_PREFILTER_PASS,[]
P51449,NR1F3,RORγ,Nutritional sensors,6ESN,6ESN_1,1,"[""X-RAY DIFFRACTION""]",True,[1.84],1.84,1.84,PASS_PROJECT_RANGE,[0.2607],0.2607,0.2607,PASS_ALL_LE_0_30,269,508,240,UNIPROT_PROSITE_NR_LBD,UNIPROT_CANONICAL_1_BASED_INCLUSIVE,239,0.995833,NEAR_COMPLETE_LBD,True,0.0,0.0,False,,True,PROJECT_PREFILTER_PASS,[]
P51449,NR1F3,RORγ,Nutritional sensors,6FGQ,6FGQ_1,1,"[""X-RAY DIFFRACTION""]",True,[2.37],2.37,2.37,PASS_PROJECT_RANGE,[0.242],0.242,0.242,PASS_ALL_LE_0_30,269,508,240,UNIPROT_PROSITE_NR_LBD,UNIPROT_CANONICAL_1_BASED_INCLUSIVE,239,0.995833,NEAR_COMPLETE_LBD,True,0.0,0.0,False,,True,PROJECT_PREFILTER_PASS,[]
P51449,NR1F3,RORγ,Nutritional sensors,6FZU,6FZU_1,1,"[""X-RAY DIFFRACTION""]",True,[1.8],1.8,1.8,PASS_PROJECT_RANGE,[0.2512],0.2512,0.2512,PASS_ALL_LE_0_30,269,508,240,UNIPROT_PROSITE_NR_LBD,UNIPROT_CANONICAL_1_BASED_INCLUSIVE,240,1.0,NEAR_COMPLETE_LBD,True,0.0,0.0,False,,True,PROJECT_PREFILTER_PASS,[]
P51449,NR1F3,RORγ,Nutritional sensors,6G05,6G05_1,1,"[""X-RAY DIFFRACTION""]",True,[1.9],1.9,1.9,PASS_PROJECT_RANGE,[0.2483],0.2483,0.2483,PASS_ALL_LE_0_30,269,508,240,UNIPROT_PROSITE_NR_LBD,UNIPROT_CANONICAL_1_BASED_INCLUSIVE,240,1.0,NEAR_COMPLETE_LBD,True,0.0,0.0,False,,True,PROJECT_PREFILTER_PASS,[]
P51449,NR1F3,RORγ,Nutritional sensors,6G07,6G07_1,1,"[""X-RAY DIFFRACTION""]",True,[1.66],1.66,1.66,ULTRAHIGH_LT_1_8,[0.2329],0.2329,0.2329,PASS_ALL_LE_0_30,269,508,240,UNIPROT_PROSITE_NR_LBD,UNIPROT_CANONICAL_1_BASED_INCLUSIVE,240,1.0,NEAR_COMPLETE_LBD,True,0.0,0.0,False,,False,RESOLUTION_REVIEW,"[""RESOLUTION_REVIEW""]"
P51449,NR1F3,RORγ,Nutritional sensors,6IVX,6IVX_1,1,"[""X-RAY DIFFRACTION""]",True,[2.35],2.35,2.35,PASS_PROJECT_RANGE,[0.19841],0.19841,0.19841,PASS_ALL_LE_0_30,269,508,240,UNIPROT_PROSITE_NR_LBD,UNIPROT_CANONICAL_1_BASED_INCLUSIVE,240,1.0,NEAR_COMPLETE_LBD,True,0.0,0.0,False,,True,PROJECT_PREFILTER_PASS,[]
P51449,NR1F3,RORγ,Nutritional sensors,6J1L,6J1L_1,1,"[""X-RAY DIFFRACTION""]",True,[2.3],2.3,2.3,PASS_PROJECT_RANGE,[0.2259],0.2259,0.2259,PASS_ALL_LE_0_30,269,508,240,UNIPROT_PROSITE_NR_LBD,UNIPROT_CANONICAL_1_BASED_INCLUSIVE,239,0.995833,NEAR_COMPLETE_LBD,True,0.0,0.0,False,,True,PROJECT_PREFILTER_PASS,[]
P51449,NR1F3,RORγ,Nutritional sensors,6J3N,6J3N_1,1,"[""X-RAY DIFFRACTION""]",True,[1.99],1.99,1.99,PASS_PROJECT_RANGE,[0.2333],0.2333,0.2333,PASS_ALL_LE_0_30,269,508,240,UNIPROT_PROSITE_NR_LBD,UNIPROT_CANONICAL_1_BASED_INCLUSIVE,240,1.0,NEAR_COMPLETE_LBD,True,0.0,0.0,False,,True,PROJECT_PREFILTER_PASS,[]
P51449,NR1F3,RORγ,Nutritional sensors,6LO9,6LO9_1,1,"[""X-RAY DIFFRACTION""]",True,[1.8600494706],1.8600494706,1.8600494706,PASS_PROJECT_RANGE,[0.226875138836],0.226875138836,0.226875138836,PASS_ALL_LE_0_30,269,508,240,UNIPROT_PROSITE_NR_LBD,UNIPROT_CANONICAL_1_BASED_INCLUSIVE,239,0.995833,NEAR_COMPLETE_LBD,True,0.0,0.0,False,,True,PROJECT_PREFILTER_PASS,[]
P51449,NR1F3,RORγ,Nutritional sensors,6LOA,6LOA_1,1,"[""X-RAY DIFFRACTION""]",True,[2.50003303865],2.50003303865,2.50003303865,PASS_PROJECT_RANGE,[0.253503600782],0.253503600782,0.253503600782,PASS_ALL_LE_0_30,269,508,240,UNIPROT_PROSITE_NR_LBD,UNIPROT_CANONICAL_1_BASED_INCLUSIVE,239,0.995833,NEAR_COMPLETE_LBD,True,0.0,0.0,False,,True,PROJECT_PREFILTER_PASS,[]
P51449,NR1F3,RORγ,Nutritional sensors,6LOB,6LOB_1,1,"[""X-RAY DIFFRACTION""]",True,[2.40006662577],2.40006662577,2.40006662577,PASS_PROJECT_RANGE,[0.25068052509],0.25068052509,0.25068052509,PASS_ALL_LE_0_30,269,508,240,UNIPROT_PROSITE_NR_LBD,UNIPROT_CANONICAL_1_BASED_INCLUSIVE,239,0.995833,NEAR_COMPLETE_LBD,True,0.0,0.0,False,,True,PROJECT_PREFILTER_PASS,[]
P51449,NR1F3,RORγ,Nutritional sensors,6LOC,6LOC_1,1,"[""X-RAY DIFFRACTION""]",True,[2.20014861503],2.20014861503,2.20014861503,PASS_PROJECT_RANGE,[0.250843150748],0.250843150748,0.250843150748,PASS_ALL_LE_0_30,269,508,240,UNIPROT_PROSITE_NR_LBD,UNIPROT_CANONICAL_1_BASED_INCLUSIVE,239,0.995833,NEAR_COMPLETE_LBD,True,0.0,0.0,False,,True,PROJECT_PREFILTER_PASS,[]
P51449,NR1F3,RORγ,Nutritional sensors,6NAD,6NAD_1,1,"[""X-RAY DIFFRACTION""]",True,[2.90197076582],2.90197076582,2.90197076582,PASS_PROJECT_RANGE,[0.234235386697],0.234235386697,0.234235386697,PASS_ALL_LE_0_30,269,508,240,UNIPROT_PROSITE_NR_LBD,UNIPROT_CANONICAL_1_BASED_INCLUSIVE,239,0.995833,NEAR_COMPLETE_LBD,True,0.0,0.0,False,,True,PROJECT_PREFILTER_PASS,[]
P51449,NR1F3,RORγ,Nutritional sensors,6NWS,6NWS_1,1,"[""X-RAY DIFFRACTION""]",True,[2.44],2.44,2.44,PASS_PROJECT_RANGE,[0.2974],0.2974,0.2974,PASS_ALL_LE_0_30,269,508,240,UNIPROT_PROSITE_NR_LBD,UNIPROT_CANONICAL_1_BASED_INCLUSIVE,239,0.995833,NEAR_COMPLETE_LBD,True,0.0,0.0,False,,True,PROJECT_PREFILTER_PASS,[]
P51449,NR1F3,RORγ,Nutritional sensors,6NWT,6NWT_1,1,"[""X-RAY DIFFRACTION""]",True,[2.35],2.35,2.35,PASS_PROJECT_RANGE,[0.2137],0.2137,0.2137,PASS_ALL_LE_0_30,269,508,240,UNIPROT_PROSITE_NR_LBD,UNIPROT_CANONICAL_1_BASED_INCLUSIVE,239,0.995833,NEAR_COMPLETE_LBD,True,0.0,0.0,False,,True,PROJECT_PREFILTER_PASS,[]
P51449,NR1F3,RORγ,Nutritional sensors,6NWU,6NWU_1,1,"[""X-RAY DIFFRACTION""]",True,[3.2],3.2,3.2,PASS_PROJECT_RANGE,[0.276],0.276,0.276,PASS_ALL_LE_0_30,269,508,240,UNIPROT_PROSITE_NR_LBD,UNIPROT_CANONICAL_1_BASED_INCLUSIVE,239,0.995833,NEAR_COMPLETE_LBD,True,0.0,0.0,False,,True,PROJECT_PREFILTER_PASS,[]
P51449,NR1F3,RORγ,Nutritional sensors,6O3Z,6O3Z_1,1,"[""X-RAY DIFFRACTION""]",True,[2.4],2.4,2.4,PASS_PROJECT_RANGE,[0.2465],0.2465,0.2465,PASS_ALL_LE_0_30,269,508,240,UNIPROT_PROSITE_NR_LBD,UNIPROT_CANONICAL_1_BASED_INCLUSIVE,240,1.0,NEAR_COMPLETE_LBD,True,0.0,0.0,False,,True,PROJECT_PREFILTER_PASS,[]
P51449,NR1F3,RORγ,Nutritional sensors,6O98,6O98_1,1,"[""X-RAY DIFFRACTION""]",True,[2.29],2.29,2.29,PASS_PROJECT_RANGE,[0.276],0.276,0.276,PASS_ALL_LE_0_30,269,508,240,UNIPROT_PROSITE_NR_LBD,UNIPROT_CANONICAL_1_BASED_INCLUSIVE,240,1.0,NEAR_COMPLETE_LBD,True,0.0,0.0,False,,True,PROJECT_PREFILTER_PASS,[]
P51449,NR1F3,RORγ,Nutritional sensors,6P9F,6P9F_1,1,"[""X-RAY DIFFRACTION""]",True,[2.8],2.8,2.8,PASS_PROJECT_RANGE,[0.223],0.223,0.223,PASS_ALL_LE_0_30,269,508,240,UNIPROT_PROSITE_NR_LBD,UNIPROT_CANONICAL_1_BASED_INCLUSIVE,240,1.0,NEAR_COMPLETE_LBD,True,0.0,0.0,True,,True,PROJECT_PREFILTER_PASS,[]
P51449,NR1F3,RORγ,Nutritional sensors,6Q2W,6Q2W_1,1,"[""X-RAY DIFFRACTION""]",True,[1.99],1.99,1.99,PASS_PROJECT_RANGE,[0.2324],0.2324,0.2324,PASS_ALL_LE_0_30,269,508,240,UNIPROT_PROSITE_NR_LBD,UNIPROT_CANONICAL_1_BASED_INCLUSIVE,219,0.9125,SUBSTANTIAL_LBD,True,0.0,0.0,False,,True,PROJECT_PREFILTER_PASS,[]
P51449,NR1F3,RORγ,Nutritional sensors,6Q6M,6Q6M_1,1,"[""X-RAY DIFFRACTION""]",True,[2.35],2.35,2.35,PASS_PROJECT_RANGE,[0.2708],0.2708,0.2708,PASS_ALL_LE_0_30,269,508,240,UNIPROT_PROSITE_NR_LBD,UNIPROT_CANONICAL_1_BASED_INCLUSIVE,231,0.9625,NEAR_COMPLETE_LBD,True,0.0,0.0,False,,True,PROJECT_PREFILTER_PASS,[]
P51449,NR1F3,RORγ,Nutritional sensors,6Q6O,6Q6O_1,1,"[""X-RAY DIFFRACTION""]",True,[2.3],2.3,2.3,PASS_PROJECT_RANGE,[0.2431],0.2431,0.2431,PASS_ALL_LE_0_30,269,508,240,UNIPROT_PROSITE_NR_LBD,UNIPROT_CANONICAL_1_BASED_INCLUSIVE,231,0.9625,NEAR_COMPLETE_LBD,True,0.0,0.0,False,,True,PROJECT_PREFILTER_PASS,[]
P51449,NR1F3,RORγ,Nutritional sensors,6Q7A,6Q7A_1,1,"[""X-RAY DIFFRACTION""]",True,[2.2],2.2,2.2,PASS_PROJECT_RANGE,[0.2509],0.2509,0.2509,PASS_ALL_LE_0_30,269,508,240,UNIPROT_PROSITE_NR_LBD,UNIPROT_CANONICAL_1_BASED_INCLUSIVE,231,0.9625,NEAR_COMPLETE_LBD,True,0.0,0.0,False,,True,PROJECT_PREFILTER_PASS,[]
P51449,NR1F3,RORγ,Nutritional sensors,6Q7H,6Q7H_1,1,"[""X-RAY DIFFRACTION""]",True,[2.3],2.3,2.3,PASS_PROJECT_RANGE,[0.2491],0.2491,0.2491,PASS_ALL_LE_0_30,269,508,240,UNIPROT_PROSITE_NR_LBD,UNIPROT_CANONICAL_1_BASED_INCLUSIVE,231,0.9625,NEAR_COMPLETE_LBD,True,0.0,0.0,False,,True,PROJECT_PREFILTER_PASS,[]
P51449,NR1F3,RORγ,Nutritional sensors,6R7A,6R7A_1,1,"[""X-RAY DIFFRACTION""]",True,[2.13],2.13,2.13,PASS_PROJECT_RANGE,[0.237],0.237,0.237,PASS_ALL_LE_0_30,269,508,240,UNIPROT_PROSITE_NR_LBD,UNIPROT_CANONICAL_1_BASED_INCLUSIVE,239,0.995833,NEAR_COMPLETE_LBD,True,0.0,0.0,False,,True,PROJECT_PREFILTER_PASS,[]
P51449,NR1F3,RORγ,Nutritional sensors,6R7J,6R7J_1,1,"[""X-RAY DIFFRACTION""]",True,[1.84],1.84,1.84,PASS_PROJECT_RANGE,[0.2492],0.2492,0.2492,PASS_ALL_LE_0_30,269,508,240,UNIPROT_PROSITE_NR_LBD,UNIPROT_CANONICAL_1_BASED_INCLUSIVE,239,0.995833,NEAR_COMPLETE_LBD,True,0.0,0.0,False,,True,PROJECT_PREFILTER_PASS,[]
P51449,NR1F3,RORγ,Nutritional sensors,6R7K,6R7K_1,1,"[""X-RAY DIFFRACTION""]",True,[1.54],1.54,1.54,ULTRAHIGH_LT_1_8,[0.2135],0.2135,0.2135,PASS_ALL_LE_0_30,269,508,240,UNIPROT_PROSITE_NR_LBD,UNIPROT_CANONICAL_1_BASED_INCLUSIVE,239,0.995833,NEAR_COMPLETE_LBD,True,0.0,0.0,False,,False,RESOLUTION_REVIEW,"[""RESOLUTION_REVIEW""]"
P51449,NR1F3,RORγ,Nutritional sensors,6SAL,6SAL_1,1,"[""X-RAY DIFFRACTION""]",True,[1.61],1.61,1.61,ULTRAHIGH_LT_1_8,[0.2027],0.2027,0.2027,PASS_ALL_LE_0_30,269,508,240,UNIPROT_PROSITE_NR_LBD,UNIPROT_CANONICAL_1_BASED_INCLUSIVE,239,0.995833,NEAR_COMPLETE_LBD,True,0.0,0.0,False,,False,RESOLUTION_REVIEW,"[""RESOLUTION_REVIEW""]"
P51449,NR1F3,RORγ,Nutritional sensors,6SLZ,6SLZ_1,1,"[""X-RAY DIFFRACTION""]",True,[2.2],2.2,2.2,PASS_PROJECT_RANGE,[0.278],0.278,0.278,PASS_ALL_LE_0_30,269,508,240,UNIPROT_PROSITE_NR_LBD,UNIPROT_CANONICAL_1_BASED_INCLUSIVE,239,0.995833,NEAR_COMPLETE_LBD,True,0.0,0.0,False,,True,PROJECT_PREFILTER_PASS,[]
P51449,NR1F3,RORγ,Nutritional sensors,6T4G,6T4G_1,1,"[""X-RAY DIFFRACTION""]",True,[1.93],1.93,1.93,PASS_PROJECT_RANGE,[0.2131],0.2131,0.2131,PASS_ALL_LE_0_30,269,508,240,UNIPROT_PROSITE_NR_LBD,UNIPROT_CANONICAL_1_BASED_INCLUSIVE,239,0.995833,NEAR_COMPLETE_LBD,True,0.0,0.0,False,,True,PROJECT_PREFILTER_PASS,[]
P51449,NR1F3,RORγ,Nutritional sensors,6T4I,6T4I_1,1,"[""X-RAY DIFFRACTION""]",True,[1.84],1.84,1.84,PASS_PROJECT_RANGE,[0.215],0.215,0.215,PASS_ALL_LE_0_30,269,508,240,UNIPROT_PROSITE_NR_LBD,UNIPROT_CANONICAL_1_BASED_INCLUSIVE,239,0.995833,NEAR_COMPLETE_LBD,True,0.0,0.0,False,,True,PROJECT_PREFILTER_PASS,[]
P51449,NR1F3,RORγ,Nutritional sensors,6T4J,6T4J_1,1,"[""X-RAY DIFFRACTION""]",True,[1.79],1.79,1.79,ULTRAHIGH_LT_1_8,[0.1967],0.1967,0.1967,PASS_ALL_LE_0_30,269,508,240,UNIPROT_PROSITE_NR_LBD,UNIPROT_CANONICAL_1_BASED_INCLUSIVE,239,0.995833,NEAR_COMPLETE_LBD,True,0.0,0.0,False,,False,RESOLUTION_REVIEW,"[""RESOLUTION_REVIEW""]"
P51449,NR1F3,RORγ,Nutritional sensors,6T4K,6T4K_1,1,"[""X-RAY DIFFRACTION""]",True,[1.89],1.89,1.89,PASS_PROJECT_RANGE,[0.2049],0.2049,0.2049,PASS_ALL_LE_0_30,269,508,240,UNIPROT_PROSITE_NR_LBD,UNIPROT_CANONICAL_1_BASED_INCLUSIVE,239,0.995833,NEAR_COMPLETE_LBD,True,0.0,0.0,False,,True,PROJECT_PREFILTER_PASS,[]
P51449,NR1F3,RORγ,Nutritional sensors,6T4T,6T4T_1,1,"[""X-RAY DIFFRACTION""]",True,[1.62],1.62,1.62,ULTRAHIGH_LT_1_8,[0.1738],0.1738,0.1738,PASS_ALL_LE_0_30,269,508,240,UNIPROT_PROSITE_NR_LBD,UNIPROT_CANONICAL_1_BASED_INCLUSIVE,239,0.995833,NEAR_COMPLETE_LBD,True,0.0,0.0,False,,False,RESOLUTION_REVIEW,"[""RESOLUTION_REVIEW""]"
P51449,NR1F3,RORγ,Nutritional sensors,6T4U,6T4U_1,1,"[""X-RAY DIFFRACTION""]",True,[2.0],2.0,2.0,PASS_PROJECT_RANGE,[0.2281],0.2281,0.2281,PASS_ALL_LE_0_30,269,508,240,UNIPROT_PROSITE_NR_LBD,UNIPROT_CANONICAL_1_BASED_INCLUSIVE,239,0.995833,NEAR_COMPLETE_LBD,True,0.0,0.0,False,,True,PROJECT_PREFILTER_PASS,[]
P51449,NR1F3,RORγ,Nutritional sensors,6T4W,6T4W_1,1,"[""X-RAY DIFFRACTION""]",True,[1.71],1.71,1.71,ULTRAHIGH_LT_1_8,[0.20003],0.20003,0.20003,PASS_ALL_LE_0_30,269,508,240,UNIPROT_PROSITE_NR_LBD,UNIPROT_CANONICAL_1_BASED_INCLUSIVE,239,0.995833,NEAR_COMPLETE_LBD,True,0.0,0.0,False,,False,RESOLUTION_REVIEW,"[""RESOLUTION_REVIEW""]"
P51449,NR1F3,RORγ,Nutritional sensors,6T4X,6T4X_1,1,"[""X-RAY DIFFRACTION""]",True,[1.48],1.48,1.48,ULTRAHIGH_LT_1_8,[0.1852],0.1852,0.1852,PASS_ALL_LE_0_30,269,508,240,UNIPROT_PROSITE_NR_LBD,UNIPROT_CANONICAL_1_BASED_INCLUSIVE,239,0.995833,NEAR_COMPLETE_LBD,True,0.0,0.0,False,,False,RESOLUTION_REVIEW,"[""RESOLUTION_REVIEW""]"
P51449,NR1F3,RORγ,Nutritional sensors,6T4Y,6T4Y_1,1,"[""X-RAY DIFFRACTION""]",True,[1.95],1.95,1.95,PASS_PROJECT_RANGE,[0.2151],0.2151,0.2151,PASS_ALL_LE_0_30,269,508,240,UNIPROT_PROSITE_NR_LBD,UNIPROT_CANONICAL_1_BASED_INCLUSIVE,239,0.995833,NEAR_COMPLETE_LBD,True,0.0,0.0,False,,True,PROJECT_PREFILTER_PASS,[]
P51449,NR1F3,RORγ,Nutritional sensors,6T50,6T50_1,1,"[""X-RAY DIFFRACTION""]",True,[1.87],1.87,1.87,PASS_PROJECT_RANGE,[0.21],0.21,0.21,PASS_ALL_LE_0_30,269,508,240,UNIPROT_PROSITE_NR_LBD,UNIPROT_CANONICAL_1_BASED_INCLUSIVE,239,0.995833,NEAR_COMPLETE_LBD,True,0.0,0.0,False,,True,PROJECT_PREFILTER_PASS,[]
P51449,NR1F3,RORγ,Nutritional sensors,6TLM,6TLM_1,1,"[""X-RAY DIFFRACTION""]",True,[2.321],2.321,2.321,PASS_PROJECT_RANGE,[0.252],0.252,0.252,PASS_ALL_LE_0_30,269,508,240,UNIPROT_PROSITE_NR_LBD,UNIPROT_CANONICAL_1_BASED_INCLUSIVE,239,0.995833,NEAR_COMPLETE_LBD,True,0.0,0.0,False,,True,PROJECT_PREFILTER_PASS,[]
P51449,NR1F3,RORγ,Nutritional sensors,6TLQ,6TLQ_1,1,"[""X-RAY DIFFRACTION""]",True,[1.761],1.761,1.761,ULTRAHIGH_LT_1_8,[0.2116],0.2116,0.2116,PASS_ALL_LE_0_30,269,508,240,UNIPROT_PROSITE_NR_LBD,UNIPROT_CANONICAL_1_BASED_INCLUSIVE,239,0.995833,NEAR_COMPLETE_LBD,True,0.0,0.0,False,,False,RESOLUTION_REVIEW,"[""RESOLUTION_REVIEW""]"
P51449,NR1F3,RORγ,Nutritional sensors,6TLT,6TLT_1,1,"[""X-RAY DIFFRACTION""]",True,[2.11],2.11,2.11,PASS_PROJECT_RANGE,[0.235],0.235,0.235,PASS_ALL_LE_0_30,269,508,240,UNIPROT_PROSITE_NR_LBD,UNIPROT_CANONICAL_1_BASED_INCLUSIVE,239,0.995833,NEAR_COMPLETE_LBD,True,0.0,0.0,False,,True,PROJECT_PREFILTER_PASS,[]
P51449,NR1F3,RORγ,Nutritional sensors,6U25,6U25_1,1,"[""X-RAY DIFFRACTION""]",True,[2.61],2.61,2.61,PASS_PROJECT_RANGE,[0.247],0.247,0.247,PASS_ALL_LE_0_30,269,508,240,UNIPROT_PROSITE_NR_LBD,UNIPROT_CANONICAL_1_BASED_INCLUSIVE,240,1.0,NEAR_COMPLETE_LBD,True,0.0,0.0,True,,True,PROJECT_PREFILTER_PASS,[]
P51449,NR1F3,RORγ,Nutritional sensors,6UCG,6UCG_1,1,"[""X-RAY DIFFRACTION""]",True,[2.87],2.87,2.87,PASS_PROJECT_RANGE,[0.2604],0.2604,0.2604,PASS_ALL_LE_0_30,269,508,240,UNIPROT_PROSITE_NR_LBD,UNIPROT_CANONICAL_1_BASED_INCLUSIVE,239,0.995833,NEAR_COMPLETE_LBD,True,0.0,0.0,False,,True,PROJECT_PREFILTER_PASS,[]
P51449,NR1F3,RORγ,Nutritional sensors,6VQF,6VQF_1,1,"[""X-RAY DIFFRACTION""]",True,[2.0],2.0,2.0,PASS_PROJECT_RANGE,[0.241],0.241,0.241,PASS_ALL_LE_0_30,269,508,240,UNIPROT_PROSITE_NR_LBD,UNIPROT_CANONICAL_1_BASED_INCLUSIVE,240,1.0,NEAR_COMPLETE_LBD,True,0.0,0.0,False,,True,PROJECT_PREFILTER_PASS,[]
P51449,NR1F3,RORγ,Nutritional sensors,6VSW,6VSW_1,1,"[""X-RAY DIFFRACTION""]",True,[3.202],3.202,3.202,PASS_PROJECT_RANGE,[0.2313],0.2313,0.2313,PASS_ALL_LE_0_30,269,508,240,UNIPROT_PROSITE_NR_LBD,UNIPROT_CANONICAL_1_BASED_INCLUSIVE,224,0.933333,SUBSTANTIAL_LBD,True,0.0,0.0,False,,True,PROJECT_PREFILTER_PASS,[]
P51449,NR1F3,RORγ,Nutritional sensors,6W9H,6W9H_1,1,"[""X-RAY DIFFRACTION""]",True,[1.995],1.995,1.995,PASS_PROJECT_RANGE,[0.2579],0.2579,0.2579,PASS_ALL_LE_0_30,269,508,240,UNIPROT_PROSITE_NR_LBD,UNIPROT_CANONICAL_1_BASED_INCLUSIVE,240,1.0,NEAR_COMPLETE_LBD,True,0.0,0.0,True,,True,PROJECT_PREFILTER_PASS,[]
P51449,NR1F3,RORγ,Nutritional sensors,6W9I,6W9I_1,1,"[""X-RAY DIFFRACTION""]",True,[1.608],1.608,1.608,ULTRAHIGH_LT_1_8,[0.2355],0.2355,0.2355,PASS_ALL_LE_0_30,269,508,240,UNIPROT_PROSITE_NR_LBD,UNIPROT_CANONICAL_1_BASED_INCLUSIVE,240,1.0,NEAR_COMPLETE_LBD,True,0.0,0.0,True,,False,RESOLUTION_REVIEW,"[""RESOLUTION_REVIEW""]"
P51449,NR1F3,RORγ,Nutritional sensors,6XAE,6XAE_1,1,"[""X-RAY DIFFRACTION""]",True,[2.257],2.257,2.257,PASS_PROJECT_RANGE,[0.265],0.265,0.265,PASS_ALL_LE_0_30,269,508,240,UNIPROT_PROSITE_NR_LBD,UNIPROT_CANONICAL_1_BASED_INCLUSIVE,240,1.0,NEAR_COMPLETE_LBD,True,0.0,0.0,False,,True,PROJECT_PREFILTER_PASS,[]
P51449,NR1F3,RORγ,Nutritional sensors,6XFV,6XFV_1,1,"[""X-RAY DIFFRACTION""]",True,[2.15],2.15,2.15,PASS_PROJECT_RANGE,[0.277],0.277,0.277,PASS_ALL_LE_0_30,269,508,240,UNIPROT_PROSITE_NR_LBD,UNIPROT_CANONICAL_1_BASED_INCLUSIVE,240,1.0,NEAR_COMPLETE_LBD,True,0.0,0.0,False,,True,PROJECT_PREFILTER_PASS,[]
P51449,NR1F3,RORγ,Nutritional sensors,7E3M,7E3M_1,1,"[""X-RAY DIFFRACTION""]",True,[2.8],2.8,2.8,PASS_PROJECT_RANGE,[0.2693],0.2693,0.2693,PASS_ALL_LE_0_30,269,508,240,UNIPROT_PROSITE_NR_LBD,UNIPROT_CANONICAL_1_BASED_INCLUSIVE,239,0.995833,NEAR_COMPLETE_LBD,True,0.0,0.0,False,,True,PROJECT_PREFILTER_PASS,[]
P51449,NR1F3,RORγ,Nutritional sensors,7JH2,7JH2_1,1,"[""X-RAY DIFFRACTION""]",True,[2.367],2.367,2.367,PASS_PROJECT_RANGE,[0.2252],0.2252,0.2252,PASS_ALL_LE_0_30,269,508,240,UNIPROT_PROSITE_NR_LBD,UNIPROT_CANONICAL_1_BASED_INCLUSIVE,240,1.0,NEAR_COMPLETE_LBD,True,0.0,0.0,False,,True,PROJECT_PREFILTER_PASS,[]
P51449,NR1F3,RORγ,Nutritional sensors,7JTM,7JTM_1,1,"[""X-RAY DIFFRACTION""]",True,[2.43],2.43,2.43,PASS_PROJECT_RANGE,[0.2509],0.2509,0.2509,PASS_ALL_LE_0_30,269,508,240,UNIPROT_PROSITE_NR_LBD,UNIPROT_CANONICAL_1_BASED_INCLUSIVE,240,1.0,NEAR_COMPLETE_LBD,True,0.0,0.0,False,,True,PROJECT_PREFILTER_PASS,[]
P51449,NR1F3,RORγ,Nutritional sensors,7JTW,7JTW_1,1,"[""X-RAY DIFFRACTION""]",True,[1.9],1.9,1.9,PASS_PROJECT_RANGE,[0.2331],0.2331,0.2331,PASS_ALL_LE_0_30,269,508,240,UNIPROT_PROSITE_NR_LBD,UNIPROT_CANONICAL_1_BASED_INCLUSIVE,240,1.0,NEAR_COMPLETE_LBD,True,0.0,0.0,False,,True,PROJECT_PREFILTER_PASS,[]
P51449,NR1F3,RORγ,Nutritional sensors,7JYM,7JYM_1,1,"[""X-RAY DIFFRACTION""]",True,[3.051],3.051,3.051,PASS_PROJECT_RANGE,[0.2637],0.2637,0.2637,PASS_ALL_LE_0_30,269,508,240,UNIPROT_PROSITE_NR_LBD,UNIPROT_CANONICAL_1_BASED_INCLUSIVE,240,1.0,NEAR_COMPLETE_LBD,True,0.0,0.0,True,,True,PROJECT_PREFILTER_PASS,[]
P51449,NR1F3,RORγ,Nutritional sensors,7KCO,7KCO_1,1,"[""X-RAY DIFFRACTION""]",True,[1.86],1.86,1.86,PASS_PROJECT_RANGE,[0.2313],0.2313,0.2313,PASS_ALL_LE_0_30,269,508,240,UNIPROT_PROSITE_NR_LBD,UNIPROT_CANONICAL_1_BASED_INCLUSIVE,239,0.995833,NEAR_COMPLETE_LBD,True,0.0,0.0,False,,True,PROJECT_PREFILTER_PASS,[]
P51449,NR1F3,RORγ,Nutritional sensors,7KQJ,7KQJ_1,1,"[""X-RAY DIFFRACTION""]",True,[2.645],2.645,2.645,PASS_PROJECT_RANGE,[0.2541],0.2541,0.2541,PASS_ALL_LE_0_30,269,508,240,UNIPROT_PROSITE_NR_LBD,UNIPROT_CANONICAL_1_BASED_INCLUSIVE,240,1.0,NEAR_COMPLETE_LBD,True,0.0,0.0,False,,True,PROJECT_PREFILTER_PASS,[]
P51449,NR1F3,RORγ,Nutritional sensors,7KXD,7KXD_1,1,"[""X-RAY DIFFRACTION""]",True,[1.624],1.624,1.624,ULTRAHIGH_LT_1_8,[0.239],0.239,0.239,PASS_ALL_LE_0_30,269,508,240,UNIPROT_PROSITE_NR_LBD,UNIPROT_CANONICAL_1_BASED_INCLUSIVE,240,1.0,NEAR_COMPLETE_LBD,True,0.0,0.0,True,,False,RESOLUTION_REVIEW,"[""RESOLUTION_REVIEW""]"
P51449,NR1F3,RORγ,Nutritional sensors,7KXE,7KXE_1,1,"[""X-RAY DIFFRACTION""]",True,[2.42],2.42,2.42,PASS_PROJECT_RANGE,[0.2414],0.2414,0.2414,PASS_ALL_LE_0_30,269,508,240,UNIPROT_PROSITE_NR_LBD,UNIPROT_CANONICAL_1_BASED_INCLUSIVE,240,1.0,NEAR_COMPLETE_LBD,True,0.0,0.0,True,,True,PROJECT_PREFILTER_PASS,[]
P51449,NR1F3,RORγ,Nutritional sensors,7KXF,7KXF_1,1,"[""X-RAY DIFFRACTION""]",True,[2.141],2.141,2.141,PASS_PROJECT_RANGE,[0.2341],0.2341,0.2341,PASS_ALL_LE_0_30,269,508,240,UNIPROT_PROSITE_NR_LBD,UNIPROT_CANONICAL_1_BASED_INCLUSIVE,240,1.0,NEAR_COMPLETE_LBD,True,0.0,0.0,True,,True,PROJECT_PREFILTER_PASS,[]
P51449,NR1F3,RORγ,Nutritional sensors,7LUK,7LUK_1,1,"[""X-RAY DIFFRACTION""]",True,[2.087],2.087,2.087,PASS_PROJECT_RANGE,[0.2339],0.2339,0.2339,PASS_ALL_LE_0_30,269,508,240,UNIPROT_PROSITE_NR_LBD,UNIPROT_CANONICAL_1_BASED_INCLUSIVE,240,1.0,NEAR_COMPLETE_LBD,True,0.0,0.0,False,,True,PROJECT_PREFILTER_PASS,[]
P51449,NR1F3,RORγ,Nutritional sensors,7NEC,7NEC_1,1,"[""X-RAY DIFFRACTION""]",True,[1.95],1.95,1.95,PASS_PROJECT_RANGE,[0.2352],0.2352,0.2352,PASS_ALL_LE_0_30,269,508,240,UNIPROT_PROSITE_NR_LBD,UNIPROT_CANONICAL_1_BASED_INCLUSIVE,239,0.995833,NEAR_COMPLETE_LBD,True,0.0,0.0,False,,True,PROJECT_PREFILTER_PASS,[]
P51449,NR1F3,RORγ,Nutritional sensors,7NP5,7NP5_1,1,"[""X-RAY DIFFRACTION""]",True,[1.55],1.55,1.55,ULTRAHIGH_LT_1_8,[0.2698],0.2698,0.2698,PASS_ALL_LE_0_30,269,508,240,UNIPROT_PROSITE_NR_LBD,UNIPROT_CANONICAL_1_BASED_INCLUSIVE,239,0.995833,NEAR_COMPLETE_LBD,True,0.0,0.0,False,,False,RESOLUTION_REVIEW,"[""RESOLUTION_REVIEW""]"
P51449,NR1F3,RORγ,Nutritional sensors,7NP6,7NP6_1,1,"[""X-RAY DIFFRACTION""]",True,[1.84],1.84,1.84,PASS_PROJECT_RANGE,[0.2452],0.2452,0.2452,PASS_ALL_LE_0_30,269,508,240,UNIPROT_PROSITE_NR_LBD,UNIPROT_CANONICAL_1_BASED_INCLUSIVE,239,0.995833,NEAR_COMPLETE_LBD,True,0.0,0.0,False,,True,PROJECT_PREFILTER_PASS,[]
P51449,NR1F3,RORγ,Nutritional sensors,7NPC,7NPC_1,1,"[""X-RAY DIFFRACTION""]",True,[1.47],1.47,1.47,ULTRAHIGH_LT_1_8,[0.1967],0.1967,0.1967,PASS_ALL_LE_0_30,269,508,240,UNIPROT_PROSITE_NR_LBD,UNIPROT_CANONICAL_1_BASED_INCLUSIVE,239,0.995833,NEAR_COMPLETE_LBD,True,0.0,0.0,False,,False,RESOLUTION_REVIEW,"[""RESOLUTION_REVIEW""]"
P51449,NR1F3,RORγ,Nutritional sensors,7OFI,7OFI_1,1,"[""X-RAY DIFFRACTION""]",True,[1.953],1.953,1.953,PASS_PROJECT_RANGE,[0.2269],0.2269,0.2269,PASS_ALL_LE_0_30,269,508,240,UNIPROT_PROSITE_NR_LBD,UNIPROT_CANONICAL_1_BASED_INCLUSIVE,239,0.995833,NEAR_COMPLETE_LBD,True,0.0,0.0,False,,True,PROJECT_PREFILTER_PASS,[]
P51449,NR1F3,RORγ,Nutritional sensors,7OFK,7OFK_1,1,"[""X-RAY DIFFRACTION""]",True,[1.61],1.61,1.61,ULTRAHIGH_LT_1_8,[0.2295],0.2295,0.2295,PASS_ALL_LE_0_30,269,508,240,UNIPROT_PROSITE_NR_LBD,UNIPROT_CANONICAL_1_BASED_INCLUSIVE,239,0.995833,NEAR_COMPLETE_LBD,True,0.0,0.0,False,,False,RESOLUTION_REVIEW,"[""RESOLUTION_REVIEW""]"
P51449,NR1F3,RORγ,Nutritional sensors,7QP4,7QP4_1,1,"[""X-RAY DIFFRACTION""]",True,[2.3],2.3,2.3,PASS_PROJECT_RANGE,[0.2373],0.2373,0.2373,PASS_ALL_LE_0_30,269,508,240,UNIPROT_PROSITE_NR_LBD,UNIPROT_CANONICAL_1_BASED_INCLUSIVE,240,1.0,NEAR_COMPLETE_LBD,True,0.0,0.0,False,,True,PROJECT_PREFILTER_PASS,[]
P51449,NR1F3,RORγ,Nutritional sensors,7QP4,7QP4_2,2,"[""X-RAY DIFFRACTION""]",True,[2.3],2.3,2.3,PASS_PROJECT_RANGE,[0.2373],0.2373,0.2373,PASS_ALL_LE_0_30,269,508,240,UNIPROT_PROSITE_NR_LBD,UNIPROT_CANONICAL_1_BASED_INCLUSIVE,15,0.0625,TRACE_LBD,True,0.0,0.0,False,,True,PROJECT_PREFILTER_PASS,[]
P51449,NR1F3,RORγ,Nutritional sensors,7W3P,7W3P_1,1,"[""X-RAY DIFFRACTION""]",True,[1.77],1.77,1.77,ULTRAHIGH_LT_1_8,[0.2342],0.2342,0.2342,PASS_ALL_LE_0_30,269,508,240,UNIPROT_PROSITE_NR_LBD,UNIPROT_CANONICAL_1_BASED_INCLUSIVE,239,0.995833,NEAR_COMPLETE_LBD,True,0.0,0.0,False,,False,RESOLUTION_REVIEW,"[""RESOLUTION_REVIEW""]"
P51449,NR1F3,RORγ,Nutritional sensors,7W3Q,7W3Q_1,1,"[""X-RAY DIFFRACTION""]",True,[2.0],2.0,2.0,PASS_PROJECT_RANGE,[0.2651],0.2651,0.2651,PASS_ALL_LE_0_30,269,508,240,UNIPROT_PROSITE_NR_LBD,UNIPROT_CANONICAL_1_BASED_INCLUSIVE,239,0.995833,NEAR_COMPLETE_LBD,True,0.0,0.0,False,,True,PROJECT_PREFILTER_PASS,[]
P51449,NR1F3,RORγ,Nutritional sensors,7XQE,7XQE_1,1,"[""X-RAY DIFFRACTION""]",True,[2.57],2.57,2.57,PASS_PROJECT_RANGE,[0.2769],0.2769,0.2769,PASS_ALL_LE_0_30,269,508,240,UNIPROT_PROSITE_NR_LBD,UNIPROT_CANONICAL_1_BASED_INCLUSIVE,239,0.995833,NEAR_COMPLETE_LBD,True,0.0,0.0,False,,True,PROJECT_PREFILTER_PASS,[]
P51449,NR1F3,RORγ,Nutritional sensors,8FAV,8FAV_1,1,"[""X-RAY DIFFRACTION""]",True,[1.85],1.85,1.85,PASS_PROJECT_RANGE,[0.2326],0.2326,0.2326,PASS_ALL_LE_0_30,269,508,240,UNIPROT_PROSITE_NR_LBD,UNIPROT_CANONICAL_1_BASED_INCLUSIVE,240,1.0,NEAR_COMPLETE_LBD,True,0.0,0.0,False,,True,PROJECT_PREFILTER_PASS,[]
P51449,NR1F3,RORγ,Nutritional sensors,8FB1,8FB1_1,1,"[""X-RAY DIFFRACTION""]",True,[2.18],2.18,2.18,PASS_PROJECT_RANGE,[0.25257],0.25257,0.25257,PASS_ALL_LE_0_30,269,508,240,UNIPROT_PROSITE_NR_LBD,UNIPROT_CANONICAL_1_BASED_INCLUSIVE,240,1.0,NEAR_COMPLETE_LBD,True,0.0,0.0,False,,True,PROJECT_PREFILTER_PASS,[]
P51449,NR1F3,RORγ,Nutritional sensors,8FB2,8FB2_1,1,"[""X-RAY DIFFRACTION""]",True,[2.3],2.3,2.3,PASS_PROJECT_RANGE,[0.2299],0.2299,0.2299,PASS_ALL_LE_0_30,269,508,240,UNIPROT_PROSITE_NR_LBD,UNIPROT_CANONICAL_1_BASED_INCLUSIVE,240,1.0,NEAR_COMPLETE_LBD,True,0.0,0.0,False,,True,PROJECT_PREFILTER_PASS,[]
P51449,NR1F3,RORγ,Nutritional sensors,8GXP,8GXP_1,1,"[""X-RAY DIFFRACTION""]",True,[2.45],2.45,2.45,PASS_PROJECT_RANGE,[0.2617],0.2617,0.2617,PASS_ALL_LE_0_30,269,508,240,UNIPROT_PROSITE_NR_LBD,UNIPROT_CANONICAL_1_BASED_INCLUSIVE,239,0.995833,NEAR_COMPLETE_LBD,True,0.0,0.0,False,,True,PROJECT_PREFILTER_PASS,[]
P51449,NR1F3,RORγ,Nutritional sensors,8X7E,8X7E_1,1,"[""X-RAY DIFFRACTION""]",True,[2.3],2.3,2.3,PASS_PROJECT_RANGE,[0.2632],0.2632,0.2632,PASS_ALL_LE_0_30,269,508,240,UNIPROT_PROSITE_NR_LBD,UNIPROT_CANONICAL_1_BASED_INCLUSIVE,240,1.0,NEAR_COMPLETE_LBD,True,0.0,0.0,False,,True,PROJECT_PREFILTER_PASS,[]
P51449,NR1F3,RORγ,Nutritional sensors,8XU5,8XU5_1,1,"[""X-RAY DIFFRACTION""]",True,[3.5],3.5,3.5,PASS_PROJECT_RANGE,[0.2493],0.2493,0.2493,PASS_ALL_LE_0_30,269,508,240,UNIPROT_PROSITE_NR_LBD,UNIPROT_CANONICAL_1_BASED_INCLUSIVE,239,0.995833,NEAR_COMPLETE_LBD,True,0.0,0.0,False,,True,PROJECT_PREFILTER_PASS,[]
P51449,NR1F3,RORγ,Nutritional sensors,9N9L,9N9L_1,1,"[""X-RAY DIFFRACTION""]",True,[1.637],1.637,1.637,ULTRAHIGH_LT_1_8,[0.2248],0.2248,0.2248,PASS_ALL_LE_0_30,269,508,240,UNIPROT_PROSITE_NR_LBD,UNIPROT_CANONICAL_1_BASED_INCLUSIVE,239,0.995833,NEAR_COMPLETE_LBD,True,0.0,0.0,False,,False,RESOLUTION_REVIEW,"[""RESOLUTION_REVIEW""]"
P51449,NR1F3,RORγ,Nutritional sensors,9VNX,9VNX_1,1,"[""X-RAY DIFFRACTION""]",True,[1.93],1.93,1.93,PASS_PROJECT_RANGE,[0.2182],0.2182,0.2182,PASS_ALL_LE_0_30,269,508,240,UNIPROT_PROSITE_NR_LBD,UNIPROT_CANONICAL_1_BASED_INCLUSIVE,240,1.0,NEAR_COMPLETE_LBD,True,0.0,0.0,False,,True,PROJECT_PREFILTER_PASS,[]
P51449,NR1F3,RORγ,Nutritional sensors,9VZQ,9VZQ_1,1,"[""X-RAY DIFFRACTION""]",True,[2.18],2.18,2.18,PASS_PROJECT_RANGE,[0.25093],0.25093,0.25093,PASS_ALL_LE_0_30,269,508,240,UNIPROT_PROSITE_NR_LBD,UNIPROT_CANONICAL_1_BASED_INCLUSIVE,239,0.995833,NEAR_COMPLETE_LBD,True,0.0,0.0,False,,True,PROJECT_PREFILTER_PASS,[]
P51449,NR1F3,RORγ,Nutritional sensors,9XMJ,9XMJ_1,1,"[""X-RAY DIFFRACTION""]",True,[2.18],2.18,2.18,PASS_PROJECT_RANGE,[0.2179],0.2179,0.2179,PASS_ALL_LE_0_30,269,508,240,UNIPROT_PROSITE_NR_LBD,UNIPROT_CANONICAL_1_BASED_INCLUSIVE,240,1.0,NEAR_COMPLETE_LBD,True,0.0,0.0,False,,True,PROJECT_PREFILTER_PASS,[]
P19793,NR2B1,RXRα,Nutritional sensors,1BY4,1BY4_3,3,"[""X-RAY DIFFRACTION""]",True,[2.1],2.1,2.1,PASS_PROJECT_RANGE,[0.284],0.284,0.284,PASS_ALL_LE_0_30,227,458,232,UNIPROT_PROSITE_NR_LBD,UNIPROT_CANONICAL_1_BASED_INCLUSIVE,0,0.0,NO_LBD_OVERLAP,False,66.0,1.0,False,,False,NO_LBD_OVERLAP,"[""NO_LBD_OVERLAP""]"
P19793,NR2B1,RXRα,Nutritional sensors,1DSZ,1DSZ_4,4,"[""X-RAY DIFFRACTION""]",True,[1.7],1.7,1.7,ULTRAHIGH_LT_1_8,[0.267],0.267,0.267,PASS_ALL_LE_0_30,227,458,232,UNIPROT_PROSITE_NR_LBD,UNIPROT_CANONICAL_1_BASED_INCLUSIVE,0,0.0,NO_LBD_OVERLAP,False,66.0,1.0,False,,False,MULTIPLE_REASONS,"[""NO_LBD_OVERLAP"", ""RESOLUTION_REVIEW""]"
P19793,NR2B1,RXRα,Nutritional sensors,1FBY,1FBY_1,1,"[""X-RAY DIFFRACTION""]",True,[2.25],2.25,2.25,PASS_PROJECT_RANGE,[0.263],0.263,0.263,PASS_ALL_LE_0_30,227,458,232,UNIPROT_PROSITE_NR_LBD,UNIPROT_CANONICAL_1_BASED_INCLUSIVE,232,1.0,NEAR_COMPLETE_LBD,True,0.0,0.0,False,,True,PROJECT_PREFILTER_PASS,[]
P19793,NR2B1,RXRα,Nutritional sensors,1FM6,1FM6_1,1,"[""X-RAY DIFFRACTION""]",True,[2.1],2.1,2.1,PASS_PROJECT_RANGE,[0.292],0.292,0.292,PASS_ALL_LE_0_30,227,458,232,UNIPROT_PROSITE_NR_LBD,UNIPROT_CANONICAL_1_BASED_INCLUSIVE,232,1.0,NEAR_COMPLETE_LBD,True,0.0,0.0,False,,True,PROJECT_PREFILTER_PASS,[]
P19793,NR2B1,RXRα,Nutritional sensors,1FM9,1FM9_1,1,"[""X-RAY DIFFRACTION""]",True,[2.1],2.1,2.1,PASS_PROJECT_RANGE,[0.268],0.268,0.268,PASS_ALL_LE_0_30,227,458,232,UNIPROT_PROSITE_NR_LBD,UNIPROT_CANONICAL_1_BASED_INCLUSIVE,232,1.0,NEAR_COMPLETE_LBD,True,0.0,0.0,False,,True,PROJECT_PREFILTER_PASS,[]
P19793,NR2B1,RXRα,Nutritional sensors,1G1U,1G1U_1,1,"[""X-RAY DIFFRACTION""]",True,[2.5],2.5,2.5,PASS_PROJECT_RANGE,[0.271],0.271,0.271,PASS_ALL_LE_0_30,227,458,232,UNIPROT_PROSITE_NR_LBD,UNIPROT_CANONICAL_1_BASED_INCLUSIVE,232,1.0,NEAR_COMPLETE_LBD,True,0.0,0.0,False,,True,PROJECT_PREFILTER_PASS,[]
P19793,NR2B1,RXRα,Nutritional sensors,1G5Y,1G5Y_1,1,"[""X-RAY DIFFRACTION""]",True,[2.0],2.0,2.0,PASS_PROJECT_RANGE,[0.2541],0.2541,0.2541,PASS_ALL_LE_0_30,227,458,232,UNIPROT_PROSITE_NR_LBD,UNIPROT_CANONICAL_1_BASED_INCLUSIVE,232,1.0,NEAR_COMPLETE_LBD,True,0.0,0.0,False,,True,PROJECT_PREFILTER_PASS,[]
P19793,NR2B1,RXRα,Nutritional sensors,1K74,1K74_1,1,"[""X-RAY DIFFRACTION""]",True,[2.3],2.3,2.3,PASS_PROJECT_RANGE,[0.279],0.279,0.279,PASS_ALL_LE_0_30,227,458,232,UNIPROT_PROSITE_NR_LBD,UNIPROT_CANONICAL_1_BASED_INCLUSIVE,232,1.0,NEAR_COMPLETE_LBD,True,0.0,0.0,False,,True,PROJECT_PREFILTER_PASS,[]
P19793,NR2B1,RXRα,Nutritional sensors,1MV9,1MV9_1,1,"[""X-RAY DIFFRACTION""]",True,[1.9],1.9,1.9,PASS_PROJECT_RANGE,[0.249],0.249,0.249,PASS_ALL_LE_0_30,227,458,232,UNIPROT_PROSITE_NR_LBD,UNIPROT_CANONICAL_1_BASED_INCLUSIVE,232,1.0,NEAR_COMPLETE_LBD,True,0.0,0.0,False,,True,PROJECT_PREFILTER_PASS,[]
P19793,NR2B1,RXRα,Nutritional sensors,1MVC,1MVC_1,1,"[""X-RAY DIFFRACTION""]",True,[1.9],1.9,1.9,PASS_PROJECT_RANGE,[0.228],0.228,0.228,PASS_ALL_LE_0_30,227,458,232,UNIPROT_PROSITE_NR_LBD,UNIPROT_CANONICAL_1_BASED_INCLUSIVE,232,1.0,NEAR_COMPLETE_LBD,True,0.0,0.0,False,,True,PROJECT_PREFILTER_PASS,[]
P19793,NR2B1,RXRα,Nutritional sensors,1MZN,1MZN_1,1,"[""X-RAY DIFFRACTION""]",True,[1.9],1.9,1.9,PASS_PROJECT_RANGE,[0.232],0.232,0.232,PASS_ALL_LE_0_30,227,458,232,UNIPROT_PROSITE_NR_LBD,UNIPROT_CANONICAL_1_BASED_INCLUSIVE,232,1.0,NEAR_COMPLETE_LBD,True,0.0,0.0,False,,True,PROJECT_PREFILTER_PASS,[]
P19793,NR2B1,RXRα,Nutritional sensors,1R0N,1R0N_3,3,"[""X-RAY DIFFRACTION""]",True,[2.6],2.6,2.6,PASS_PROJECT_RANGE,[0.292],0.292,0.292,PASS_ALL_LE_0_30,227,458,232,UNIPROT_PROSITE_NR_LBD,UNIPROT_CANONICAL_1_BASED_INCLUSIVE,0,0.0,NO_LBD_OVERLAP,False,66.0,1.0,False,,False,NO_LBD_OVERLAP,"[""NO_LBD_OVERLAP""]"
P19793,NR2B1,RXRα,Nutritional sensors,1RDT,1RDT_1,1,"[""X-RAY DIFFRACTION""]",True,[2.4],2.4,2.4,PASS_PROJECT_RANGE,[0.259],0.259,0.259,PASS_ALL_LE_0_30,227,458,232,UNIPROT_PROSITE_NR_LBD,UNIPROT_CANONICAL_1_BASED_INCLUSIVE,232,1.0,NEAR_COMPLETE_LBD,True,0.0,0.0,False,,True,PROJECT_PREFILTER_PASS,[]
P19793,NR2B1,RXRα,Nutritional sensors,1RXR,1RXR_1,1,"[""SOLUTION NMR""]",False,[],,,MISSING,[],,,MISSING,227,458,232,UNIPROT_PROSITE_NR_LBD,UNIPROT_CANONICAL_1_BASED_INCLUSIVE,0,0.0,NO_LBD_OVERLAP,False,66.0,1.0,False,,False,MULTIPLE_REASONS,"[""NON_XRAY"", ""NO_LBD_OVERLAP"", ""RESOLUTION_REVIEW"", ""RFREE_REVIEW"", ""METADATA_INCOMPLETE""]"
P19793,NR2B1,RXRα,Nutritional sensors,1XLS,1XLS_1,1,"[""X-RAY DIFFRACTION""]",True,[2.96],2.96,2.96,PASS_PROJECT_RANGE,[0.303],0.303,0.303,FAIL_ALL_GT_0_30,227,458,232,UNIPROT_PROSITE_NR_LBD,UNIPROT_CANONICAL_1_BASED_INCLUSIVE,232,1.0,NEAR_COMPLETE_LBD,True,0.0,0.0,False,,False,RFREE_REVIEW,"[""RFREE_REVIEW""]"
P19793,NR2B1,RXRα,Nutritional sensors,1XV9,1XV9_1,1,"[""X-RAY DIFFRACTION""]",True,[2.7],2.7,2.7,PASS_PROJECT_RANGE,[0.239],0.239,0.239,PASS_ALL_LE_0_30,227,458,232,UNIPROT_PROSITE_NR_LBD,UNIPROT_CANONICAL_1_BASED_INCLUSIVE,232,1.0,NEAR_COMPLETE_LBD,True,0.0,0.0,False,,True,PROJECT_PREFILTER_PASS,[]
P19793,NR2B1,RXRα,Nutritional sensors,1XVP,1XVP_1,1,"[""X-RAY DIFFRACTION""]",True,[2.6],2.6,2.6,PASS_PROJECT_RANGE,[0.234],0.234,0.234,PASS_ALL_LE_0_30,227,458,232,UNIPROT_PROSITE_NR_LBD,UNIPROT_CANONICAL_1_BASED_INCLUSIVE,232,1.0,NEAR_COMPLETE_LBD,True,0.0,0.0,False,,True,PROJECT_PREFILTER_PASS,[]
P19793,NR2B1,RXRα,Nutritional sensors,1YNW,1YNW_4,4,"[""X-RAY DIFFRACTION""]",True,[3.0],3.0,3.0,PASS_PROJECT_RANGE,[0.283],0.283,0.283,PASS_ALL_LE_0_30,227,458,232,UNIPROT_PROSITE_NR_LBD,UNIPROT_CANONICAL_1_BASED_INCLUSIVE,2,0.008621,TRACE_LBD,True,66.0,1.0,False,,True,PROJECT_PREFILTER_PASS,[]
P19793,NR2B1,RXRα,Nutritional sensors,2ACL,2ACL_1,1,"[""X-RAY DIFFRACTION""]",True,[2.8],2.8,2.8,PASS_PROJECT_RANGE,[0.28],0.28,0.28,PASS_ALL_LE_0_30,227,458,232,UNIPROT_PROSITE_NR_LBD,UNIPROT_CANONICAL_1_BASED_INCLUSIVE,232,1.0,NEAR_COMPLETE_LBD,True,0.0,0.0,False,,True,PROJECT_PREFILTER_PASS,[]
P19793,NR2B1,RXRα,Nutritional sensors,2NLL,2NLL_3,3,"[""X-RAY DIFFRACTION""]",True,[1.9],1.9,1.9,PASS_PROJECT_RANGE,[0.269],0.269,0.269,PASS_ALL_LE_0_30,227,458,232,UNIPROT_PROSITE_NR_LBD,UNIPROT_CANONICAL_1_BASED_INCLUSIVE,0,0.0,NO_LBD_OVERLAP,False,66.0,1.0,False,,False,NO_LBD_OVERLAP,"[""NO_LBD_OVERLAP""]"
P19793,NR2B1,RXRα,Nutritional sensors,2P1T,2P1T_1,1,"[""X-RAY DIFFRACTION""]",True,[1.8],1.8,1.8,PASS_PROJECT_RANGE,[0.218],0.218,0.218,PASS_ALL_LE_0_30,227,458,232,UNIPROT_PROSITE_NR_LBD,UNIPROT_CANONICAL_1_BASED_INCLUSIVE,232,1.0,NEAR_COMPLETE_LBD,True,0.0,0.0,False,,True,PROJECT_PREFILTER_PASS,[]
P19793,NR2B1,RXRα,Nutritional sensors,2P1U,2P1U_1,1,"[""X-RAY DIFFRACTION""]",True,[2.2],2.2,2.2,PASS_PROJECT_RANGE,[0.251],0.251,0.251,PASS_ALL_LE_0_30,227,458,232,UNIPROT_PROSITE_NR_LBD,UNIPROT_CANONICAL_1_BASED_INCLUSIVE,232,1.0,NEAR_COMPLETE_LBD,True,0.0,0.0,False,,True,PROJECT_PREFILTER_PASS,[]
P19793,NR2B1,RXRα,Nutritional sensors,2P1V,2P1V_1,1,"[""X-RAY DIFFRACTION""]",True,[2.2],2.2,2.2,PASS_PROJECT_RANGE,[0.232],0.232,0.232,PASS_ALL_LE_0_30,227,458,232,UNIPROT_PROSITE_NR_LBD,UNIPROT_CANONICAL_1_BASED_INCLUSIVE,232,1.0,NEAR_COMPLETE_LBD,True,0.0,0.0,False,,True,PROJECT_PREFILTER_PASS,[]
P19793,NR2B1,RXRα,Nutritional sensors,2ZXZ,2ZXZ_1,1,"[""X-RAY DIFFRACTION""]",True,[3.0],3.0,3.0,PASS_PROJECT_RANGE,[0.278],0.278,0.278,PASS_ALL_LE_0_30,227,458,232,UNIPROT_PROSITE_NR_LBD,UNIPROT_CANONICAL_1_BASED_INCLUSIVE,232,1.0,NEAR_COMPLETE_LBD,True,0.0,0.0,False,,True,PROJECT_PREFILTER_PASS,[]
P19793,NR2B1,RXRα,Nutritional sensors,2ZY0,2ZY0_1,1,"[""X-RAY DIFFRACTION""]",True,[2.9],2.9,2.9,PASS_PROJECT_RANGE,[0.289],0.289,0.289,PASS_ALL_LE_0_30,227,458,232,UNIPROT_PROSITE_NR_LBD,UNIPROT_CANONICAL_1_BASED_INCLUSIVE,232,1.0,NEAR_COMPLETE_LBD,True,0.0,0.0,False,,True,PROJECT_PREFILTER_PASS,[]
P19793,NR2B1,RXRα,Nutritional sensors,3DZU,3DZU_1,1,"[""X-RAY DIFFRACTION""]",True,[3.2],3.2,3.2,PASS_PROJECT_RANGE,[0.272],0.272,0.272,PASS_ALL_LE_0_30,227,458,232,UNIPROT_PROSITE_NR_LBD,UNIPROT_CANONICAL_1_BASED_INCLUSIVE,232,1.0,NEAR_COMPLETE_LBD,True,66.0,1.0,False,,True,PROJECT_PREFILTER_PASS,[]
P19793,NR2B1,RXRα,Nutritional sensors,3DZY,3DZY_1,1,"[""X-RAY DIFFRACTION""]",True,[3.1],3.1,3.1,PASS_PROJECT_RANGE,[0.268],0.268,0.268,PASS_ALL_LE_0_30,227,458,232,UNIPROT_PROSITE_NR_LBD,UNIPROT_CANONICAL_1_BASED_INCLUSIVE,232,1.0,NEAR_COMPLETE_LBD,True,66.0,1.0,False,,True,PROJECT_PREFILTER_PASS,[]
P19793,NR2B1,RXRα,Nutritional sensors,3E00,3E00_1,1,"[""X-RAY DIFFRACTION""]",True,[3.1],3.1,3.1,PASS_PROJECT_RANGE,[0.276],0.276,0.276,PASS_ALL_LE_0_30,227,458,232,UNIPROT_PROSITE_NR_LBD,UNIPROT_CANONICAL_1_BASED_INCLUSIVE,232,1.0,NEAR_COMPLETE_LBD,True,66.0,1.0,False,,True,PROJECT_PREFILTER_PASS,[]
P19793,NR2B1,RXRα,Nutritional sensors,3E94,3E94_1,1,"[""X-RAY DIFFRACTION""]",True,[1.9],1.9,1.9,PASS_PROJECT_RANGE,[0.225],0.225,0.225,PASS_ALL_LE_0_30,227,458,232,UNIPROT_PROSITE_NR_LBD,UNIPROT_CANONICAL_1_BASED_INCLUSIVE,232,1.0,NEAR_COMPLETE_LBD,True,0.0,0.0,False,,True,PROJECT_PREFILTER_PASS,[]
P19793,NR2B1,RXRα,Nutritional sensors,3FAL,3FAL_1,1,"[""X-RAY DIFFRACTION""]",True,[2.36],2.36,2.36,PASS_PROJECT_RANGE,[0.2777],0.2777,0.2777,PASS_ALL_LE_0_30,227,458,232,UNIPROT_PROSITE_NR_LBD,UNIPROT_CANONICAL_1_BASED_INCLUSIVE,232,1.0,NEAR_COMPLETE_LBD,True,0.0,0.0,False,,True,PROJECT_PREFILTER_PASS,[]
P19793,NR2B1,RXRα,Nutritional sensors,3FC6,3FC6_1,1,"[""X-RAY DIFFRACTION""]",True,[2.063],2.063,2.063,PASS_PROJECT_RANGE,[0.2501],0.2501,0.2501,PASS_ALL_LE_0_30,227,458,232,UNIPROT_PROSITE_NR_LBD,UNIPROT_CANONICAL_1_BASED_INCLUSIVE,232,1.0,NEAR_COMPLETE_LBD,True,0.0,0.0,False,,True,PROJECT_PREFILTER_PASS,[]
P19793,NR2B1,RXRα,Nutritional sensors,3FUG,3FUG_1,1,"[""X-RAY DIFFRACTION""]",True,[2.0],2.0,2.0,PASS_PROJECT_RANGE,[0.241],0.241,0.241,PASS_ALL_LE_0_30,227,458,232,UNIPROT_PROSITE_NR_LBD,UNIPROT_CANONICAL_1_BASED_INCLUSIVE,232,1.0,NEAR_COMPLETE_LBD,True,0.0,0.0,False,,True,PROJECT_PREFILTER_PASS,[]
P19793,NR2B1,RXRα,Nutritional sensors,3H0A,3H0A_1,1,"[""X-RAY DIFFRACTION""]",True,[2.1],2.1,2.1,PASS_PROJECT_RANGE,[0.34165],0.34165,0.34165,FAIL_ALL_GT_0_30,227,458,232,UNIPROT_PROSITE_NR_LBD,UNIPROT_CANONICAL_1_BASED_INCLUSIVE,228,0.982759,NEAR_COMPLETE_LBD,True,0.0,0.0,False,,False,RFREE_REVIEW,"[""RFREE_REVIEW""]"
P19793,NR2B1,RXRα,Nutritional sensors,3KWY,3KWY_1,1,"[""X-RAY DIFFRACTION""]",True,[2.3],2.3,2.3,PASS_PROJECT_RANGE,[0.24437],0.24437,0.24437,PASS_ALL_LE_0_30,227,458,232,UNIPROT_PROSITE_NR_LBD,UNIPROT_CANONICAL_1_BASED_INCLUSIVE,232,1.0,NEAR_COMPLETE_LBD,True,0.0,0.0,False,,True,PROJECT_PREFILTER_PASS,[]
P19793,NR2B1,RXRα,Nutritional sensors,3NSP,3NSP_1,1,"[""X-RAY DIFFRACTION""]",True,[2.9],2.9,2.9,PASS_PROJECT_RANGE,[0.30755],0.30755,0.30755,FAIL_ALL_GT_0_30,227,458,232,UNIPROT_PROSITE_NR_LBD,UNIPROT_CANONICAL_1_BASED_INCLUSIVE,232,1.0,NEAR_COMPLETE_LBD,True,0.0,0.0,False,,False,RFREE_REVIEW,"[""RFREE_REVIEW""]"
P19793,NR2B1,RXRα,Nutritional sensors,3NSQ,3NSQ_1,1,"[""X-RAY DIFFRACTION""]",True,[2.6],2.6,2.6,PASS_PROJECT_RANGE,[0.31799],0.31799,0.31799,FAIL_ALL_GT_0_30,227,458,232,UNIPROT_PROSITE_NR_LBD,UNIPROT_CANONICAL_1_BASED_INCLUSIVE,232,1.0,NEAR_COMPLETE_LBD,True,0.0,0.0,False,,False,RFREE_REVIEW,"[""RFREE_REVIEW""]"
P19793,NR2B1,RXRα,Nutritional sensors,3OAP,3OAP_1,1,"[""X-RAY DIFFRACTION""]",True,[2.05],2.05,2.05,PASS_PROJECT_RANGE,[0.2436],0.2436,0.2436,PASS_ALL_LE_0_30,227,458,232,UNIPROT_PROSITE_NR_LBD,UNIPROT_CANONICAL_1_BASED_INCLUSIVE,231,0.99569,NEAR_COMPLETE_LBD,True,0.0,0.0,False,,True,PROJECT_PREFILTER_PASS,[]
P19793,NR2B1,RXRα,Nutritional sensors,3OZJ,3OZJ_1,1,"[""X-RAY DIFFRACTION""]",True,[2.1],2.1,2.1,PASS_PROJECT_RANGE,[],,,MISSING,227,458,232,UNIPROT_PROSITE_NR_LBD,UNIPROT_CANONICAL_1_BASED_INCLUSIVE,232,1.0,NEAR_COMPLETE_LBD,True,0.0,0.0,False,,False,MULTIPLE_REASONS,"[""RFREE_REVIEW"", ""METADATA_INCOMPLETE""]"
P19793,NR2B1,RXRα,Nutritional sensors,3PCU,3PCU_1,1,"[""X-RAY DIFFRACTION""]",True,[2.0],2.0,2.0,PASS_PROJECT_RANGE,[],,,MISSING,227,458,232,UNIPROT_PROSITE_NR_LBD,UNIPROT_CANONICAL_1_BASED_INCLUSIVE,230,0.991379,NEAR_COMPLETE_LBD,True,0.0,0.0,False,,False,MULTIPLE_REASONS,"[""RFREE_REVIEW"", ""METADATA_INCOMPLETE""]"
P19793,NR2B1,RXRα,Nutritional sensors,3R29,3R29_1,1,"[""X-RAY DIFFRACTION""]",True,[2.9],2.9,2.9,PASS_PROJECT_RANGE,[0.32626],0.32626,0.32626,FAIL_ALL_GT_0_30,227,458,232,UNIPROT_PROSITE_NR_LBD,UNIPROT_CANONICAL_1_BASED_INCLUSIVE,232,1.0,NEAR_COMPLETE_LBD,True,0.0,0.0,False,,False,RFREE_REVIEW,"[""RFREE_REVIEW""]"
P19793,NR2B1,RXRα,Nutritional sensors,3R2A,3R2A_1,1,"[""X-RAY DIFFRACTION""]",True,[3.0],3.0,3.0,PASS_PROJECT_RANGE,[0.33492],0.33492,0.33492,FAIL_ALL_GT_0_30,227,458,232,UNIPROT_PROSITE_NR_LBD,UNIPROT_CANONICAL_1_BASED_INCLUSIVE,232,1.0,NEAR_COMPLETE_LBD,True,0.0,0.0,False,,False,RFREE_REVIEW,"[""RFREE_REVIEW""]"
P19793,NR2B1,RXRα,Nutritional sensors,3R5M,3R5M_1,1,"[""X-RAY DIFFRACTION""]",True,[2.8],2.8,2.8,PASS_PROJECT_RANGE,[0.29279],0.29279,0.29279,PASS_ALL_LE_0_30,227,458,232,UNIPROT_PROSITE_NR_LBD,UNIPROT_CANONICAL_1_BASED_INCLUSIVE,232,1.0,NEAR_COMPLETE_LBD,True,0.0,0.0,False,,True,PROJECT_PREFILTER_PASS,[]
P19793,NR2B1,RXRα,Nutritional sensors,3UVV,3UVV_2,2,"[""X-RAY DIFFRACTION""]",True,[2.95],2.95,2.95,PASS_PROJECT_RANGE,[0.25],0.25,0.25,PASS_ALL_LE_0_30,227,458,232,UNIPROT_PROSITE_NR_LBD,UNIPROT_CANONICAL_1_BASED_INCLUSIVE,232,1.0,NEAR_COMPLETE_LBD,True,0.0,0.0,False,,True,PROJECT_PREFILTER_PASS,[]
P19793,NR2B1,RXRα,Nutritional sensors,4CN2,4CN2_3,3,"[""X-RAY DIFFRACTION""]",True,[2.069],2.069,2.069,PASS_PROJECT_RANGE,[0.2142],0.2142,0.2142,PASS_ALL_LE_0_30,227,458,232,UNIPROT_PROSITE_NR_LBD,UNIPROT_CANONICAL_1_BASED_INCLUSIVE,0,0.0,NO_LBD_OVERLAP,False,66.0,1.0,False,,False,NO_LBD_OVERLAP,"[""NO_LBD_OVERLAP""]"
P19793,NR2B1,RXRα,Nutritional sensors,4CN3,4CN3_1,1,"[""X-RAY DIFFRACTION""]",True,[2.35],2.35,2.35,PASS_PROJECT_RANGE,[0.2493],0.2493,0.2493,PASS_ALL_LE_0_30,227,458,232,UNIPROT_PROSITE_NR_LBD,UNIPROT_CANONICAL_1_BASED_INCLUSIVE,0,0.0,NO_LBD_OVERLAP,False,66.0,1.0,False,,False,NO_LBD_OVERLAP,"[""NO_LBD_OVERLAP""]"
P19793,NR2B1,RXRα,Nutritional sensors,4CN3,4CN3_2,2,"[""X-RAY DIFFRACTION""]",True,[2.35],2.35,2.35,PASS_PROJECT_RANGE,[0.2493],0.2493,0.2493,PASS_ALL_LE_0_30,227,458,232,UNIPROT_PROSITE_NR_LBD,UNIPROT_CANONICAL_1_BASED_INCLUSIVE,0,0.0,NO_LBD_OVERLAP,False,66.0,1.0,False,,False,NO_LBD_OVERLAP,"[""NO_LBD_OVERLAP""]"
P19793,NR2B1,RXRα,Nutritional sensors,4CN5,4CN5_1,1,"[""X-RAY DIFFRACTION""]",True,[2.0],2.0,2.0,PASS_PROJECT_RANGE,[0.227],0.227,0.227,PASS_ALL_LE_0_30,227,458,232,UNIPROT_PROSITE_NR_LBD,UNIPROT_CANONICAL_1_BASED_INCLUSIVE,0,0.0,NO_LBD_OVERLAP,False,66.0,1.0,False,,False,NO_LBD_OVERLAP,"[""NO_LBD_OVERLAP""]"
P19793,NR2B1,RXRα,Nutritional sensors,4CN7,4CN7_1,1,"[""X-RAY DIFFRACTION""]",True,[2.34],2.34,2.34,PASS_PROJECT_RANGE,[0.2093],0.2093,0.2093,PASS_ALL_LE_0_30,227,458,232,UNIPROT_PROSITE_NR_LBD,UNIPROT_CANONICAL_1_BASED_INCLUSIVE,0,0.0,NO_LBD_OVERLAP,False,66.0,1.0,False,,False,NO_LBD_OVERLAP,"[""NO_LBD_OVERLAP""]"
P19793,NR2B1,RXRα,Nutritional sensors,4J5W,4J5W_2,2,"[""X-RAY DIFFRACTION""]",True,[2.8],2.8,2.8,PASS_PROJECT_RANGE,[0.2981],0.2981,0.2981,PASS_ALL_LE_0_30,227,458,232,UNIPROT_PROSITE_NR_LBD,UNIPROT_CANONICAL_1_BASED_INCLUSIVE,232,1.0,NEAR_COMPLETE_LBD,True,0.0,0.0,False,,True,PROJECT_PREFILTER_PASS,[]
P19793,NR2B1,RXRα,Nutritional sensors,4J5X,4J5X_1,1,"[""X-RAY DIFFRACTION""]",True,[2.8],2.8,2.8,PASS_PROJECT_RANGE,[0.2977],0.2977,0.2977,PASS_ALL_LE_0_30,227,458,232,UNIPROT_PROSITE_NR_LBD,UNIPROT_CANONICAL_1_BASED_INCLUSIVE,232,1.0,NEAR_COMPLETE_LBD,True,0.0,0.0,True,,True,PROJECT_PREFILTER_PASS,[]
P19793,NR2B1,RXRα,Nutritional sensors,4K4J,4K4J_1,1,"[""X-RAY DIFFRACTION""]",True,[2.0],2.0,2.0,PASS_PROJECT_RANGE,[0.283],0.283,0.283,PASS_ALL_LE_0_30,227,458,232,UNIPROT_PROSITE_NR_LBD,UNIPROT_CANONICAL_1_BASED_INCLUSIVE,231,0.99569,NEAR_COMPLETE_LBD,True,0.0,0.0,False,,True,PROJECT_PREFILTER_PASS,[]
P19793,NR2B1,RXRα,Nutritional sensors,4K6I,4K6I_1,1,"[""X-RAY DIFFRACTION""]",True,[2.1],2.1,2.1,PASS_PROJECT_RANGE,[0.288],0.288,0.288,PASS_ALL_LE_0_30,227,458,232,UNIPROT_PROSITE_NR_LBD,UNIPROT_CANONICAL_1_BASED_INCLUSIVE,231,0.99569,NEAR_COMPLETE_LBD,True,0.0,0.0,False,,True,PROJECT_PREFILTER_PASS,[]
P19793,NR2B1,RXRα,Nutritional sensors,4M8E,4M8E_1,1,"[""X-RAY DIFFRACTION""]",True,[2.4],2.4,2.4,PASS_PROJECT_RANGE,[0.2468],0.2468,0.2468,PASS_ALL_LE_0_30,227,458,232,UNIPROT_PROSITE_NR_LBD,UNIPROT_CANONICAL_1_BASED_INCLUSIVE,231,0.99569,NEAR_COMPLETE_LBD,True,0.0,0.0,False,,True,PROJECT_PREFILTER_PASS,[]
P19793,NR2B1,RXRα,Nutritional sensors,4M8H,4M8H_1,1,"[""X-RAY DIFFRACTION""]",True,[2.2],2.2,2.2,PASS_PROJECT_RANGE,[0.265],0.265,0.265,PASS_ALL_LE_0_30,227,458,232,UNIPROT_PROSITE_NR_LBD,UNIPROT_CANONICAL_1_BASED_INCLUSIVE,231,0.99569,NEAR_COMPLETE_LBD,True,0.0,0.0,False,,True,PROJECT_PREFILTER_PASS,[]
P19793,NR2B1,RXRα,Nutritional sensors,4N5G,4N5G_1,1,"[""X-RAY DIFFRACTION""]",True,[2.11],2.11,2.11,PASS_PROJECT_RANGE,[0.2468],0.2468,0.2468,PASS_ALL_LE_0_30,227,458,232,UNIPROT_PROSITE_NR_LBD,UNIPROT_CANONICAL_1_BASED_INCLUSIVE,232,1.0,NEAR_COMPLETE_LBD,True,0.0,0.0,False,,True,PROJECT_PREFILTER_PASS,[]
P19793,NR2B1,RXRα,Nutritional sensors,4N8R,4N8R_1,1,"[""X-RAY DIFFRACTION""]",True,[2.03],2.03,2.03,PASS_PROJECT_RANGE,[0.2386],0.2386,0.2386,PASS_ALL_LE_0_30,227,458,232,UNIPROT_PROSITE_NR_LBD,UNIPROT_CANONICAL_1_BASED_INCLUSIVE,232,1.0,NEAR_COMPLETE_LBD,True,0.0,0.0,False,,True,PROJECT_PREFILTER_PASS,[]
P19793,NR2B1,RXRα,Nutritional sensors,4NQA,4NQA_1,1,"[""X-RAY DIFFRACTION""]",True,[3.102],3.102,3.102,PASS_PROJECT_RANGE,[0.2178],0.2178,0.2178,PASS_ALL_LE_0_30,227,458,232,UNIPROT_PROSITE_NR_LBD,UNIPROT_CANONICAL_1_BASED_INCLUSIVE,232,1.0,NEAR_COMPLETE_LBD,True,66.0,1.0,False,,True,PROJECT_PREFILTER_PASS,[]
P19793,NR2B1,RXRα,Nutritional sensors,4OC7,4OC7_1,1,"[""X-RAY DIFFRACTION""]",True,[2.5],2.5,2.5,PASS_PROJECT_RANGE,[0.2424],0.2424,0.2424,PASS_ALL_LE_0_30,227,458,232,UNIPROT_PROSITE_NR_LBD,UNIPROT_CANONICAL_1_BASED_INCLUSIVE,232,1.0,NEAR_COMPLETE_LBD,True,0.0,0.0,False,,True,PROJECT_PREFILTER_PASS,[]
P19793,NR2B1,RXRα,Nutritional sensors,4POH,4POH_1,1,"[""X-RAY DIFFRACTION""]",True,[2.3],2.3,2.3,PASS_PROJECT_RANGE,[0.265],0.265,0.265,PASS_ALL_LE_0_30,227,458,232,UNIPROT_PROSITE_NR_LBD,UNIPROT_CANONICAL_1_BASED_INCLUSIVE,231,0.99569,NEAR_COMPLETE_LBD,True,0.0,0.0,False,,True,PROJECT_PREFILTER_PASS,[]
P19793,NR2B1,RXRα,Nutritional sensors,4POJ,4POJ_1,1,"[""X-RAY DIFFRACTION""]",True,[2.0],2.0,2.0,PASS_PROJECT_RANGE,[0.2614],0.2614,0.2614,PASS_ALL_LE_0_30,227,458,232,UNIPROT_PROSITE_NR_LBD,UNIPROT_CANONICAL_1_BASED_INCLUSIVE,231,0.99569,NEAR_COMPLETE_LBD,True,0.0,0.0,False,,True,PROJECT_PREFILTER_PASS,[]
P19793,NR2B1,RXRα,Nutritional sensors,4PP3,4PP3_1,1,"[""X-RAY DIFFRACTION""]",True,[2.0],2.0,2.0,PASS_PROJECT_RANGE,[0.275],0.275,0.275,PASS_ALL_LE_0_30,227,458,232,UNIPROT_PROSITE_NR_LBD,UNIPROT_CANONICAL_1_BASED_INCLUSIVE,231,0.99569,NEAR_COMPLETE_LBD,True,0.0,0.0,False,,True,PROJECT_PREFILTER_PASS,[]
P19793,NR2B1,RXRα,Nutritional sensors,4PP5,4PP5_1,1,"[""X-RAY DIFFRACTION""]",True,[2.0],2.0,2.0,PASS_PROJECT_RANGE,[0.25],0.25,0.25,PASS_ALL_LE_0_30,227,458,232,UNIPROT_PROSITE_NR_LBD,UNIPROT_CANONICAL_1_BASED_INCLUSIVE,231,0.99569,NEAR_COMPLETE_LBD,True,0.0,0.0,False,,True,PROJECT_PREFILTER_PASS,[]
P19793,NR2B1,RXRα,Nutritional sensors,4RFW,4RFW_1,1,"[""X-RAY DIFFRACTION""]",True,[2.4],2.4,2.4,PASS_PROJECT_RANGE,[0.261],0.261,0.261,PASS_ALL_LE_0_30,227,458,232,UNIPROT_PROSITE_NR_LBD,UNIPROT_CANONICAL_1_BASED_INCLUSIVE,231,0.99569,NEAR_COMPLETE_LBD,True,0.0,0.0,False,,True,PROJECT_PREFILTER_PASS,[]
P19793,NR2B1,RXRα,Nutritional sensors,4RMC,4RMC_1,1,"[""X-RAY DIFFRACTION""]",True,[2.7],2.7,2.7,PASS_PROJECT_RANGE,[0.265],0.265,0.265,PASS_ALL_LE_0_30,227,458,232,UNIPROT_PROSITE_NR_LBD,UNIPROT_CANONICAL_1_BASED_INCLUSIVE,231,0.99569,NEAR_COMPLETE_LBD,True,0.0,0.0,False,,True,PROJECT_PREFILTER_PASS,[]
P19793,NR2B1,RXRα,Nutritional sensors,4RMD,4RMD_1,1,"[""X-RAY DIFFRACTION""]",True,[1.9],1.9,1.9,PASS_PROJECT_RANGE,[0.239],0.239,0.239,PASS_ALL_LE_0_30,227,458,232,UNIPROT_PROSITE_NR_LBD,UNIPROT_CANONICAL_1_BASED_INCLUSIVE,231,0.99569,NEAR_COMPLETE_LBD,True,0.0,0.0,False,,True,PROJECT_PREFILTER_PASS,[]
P19793,NR2B1,RXRα,Nutritional sensors,4RME,4RME_1,1,"[""X-RAY DIFFRACTION""]",True,[2.3],2.3,2.3,PASS_PROJECT_RANGE,[0.273],0.273,0.273,PASS_ALL_LE_0_30,227,458,232,UNIPROT_PROSITE_NR_LBD,UNIPROT_CANONICAL_1_BASED_INCLUSIVE,231,0.99569,NEAR_COMPLETE_LBD,True,0.0,0.0,False,,True,PROJECT_PREFILTER_PASS,[]
P19793,NR2B1,RXRα,Nutritional sensors,4ZO1,4ZO1_3,3,"[""X-RAY DIFFRACTION""]",True,[3.221],3.221,3.221,PASS_PROJECT_RANGE,[0.2813],0.2813,0.2813,PASS_ALL_LE_0_30,227,458,232,UNIPROT_PROSITE_NR_LBD,UNIPROT_CANONICAL_1_BASED_INCLUSIVE,225,0.969828,NEAR_COMPLETE_LBD,True,0.0,0.0,False,,True,PROJECT_PREFILTER_PASS,[]
P19793,NR2B1,RXRα,Nutritional sensors,4ZSH,4ZSH_1,1,"[""X-RAY DIFFRACTION""]",True,[1.8],1.8,1.8,PASS_PROJECT_RANGE,[0.218],0.218,0.218,PASS_ALL_LE_0_30,227,458,232,UNIPROT_PROSITE_NR_LBD,UNIPROT_CANONICAL_1_BASED_INCLUSIVE,232,1.0,NEAR_COMPLETE_LBD,True,0.0,0.0,False,,True,PROJECT_PREFILTER_PASS,[]
P19793,NR2B1,RXRα,Nutritional sensors,5EC9,5EC9_1,1,"[""X-RAY DIFFRACTION""]",True,[2.3],2.3,2.3,PASS_PROJECT_RANGE,[0.2142],0.2142,0.2142,PASS_ALL_LE_0_30,227,458,232,UNIPROT_PROSITE_NR_LBD,UNIPROT_CANONICAL_1_BASED_INCLUSIVE,210,0.905172,SUBSTANTIAL_LBD,True,0.0,0.0,False,,True,PROJECT_PREFILTER_PASS,[]
P19793,NR2B1,RXRα,Nutritional sensors,5JI0,5JI0_1,1,"[""X-RAY DIFFRACTION""]",True,[1.98],1.98,1.98,PASS_PROJECT_RANGE,[0.246],0.246,0.246,PASS_ALL_LE_0_30,227,458,232,UNIPROT_PROSITE_NR_LBD,UNIPROT_CANONICAL_1_BASED_INCLUSIVE,232,1.0,NEAR_COMPLETE_LBD,True,0.0,0.0,False,,True,PROJECT_PREFILTER_PASS,[]
P19793,NR2B1,RXRα,Nutritional sensors,5LYQ,5LYQ_1,1,"[""X-RAY DIFFRACTION""]",True,[2.17],2.17,2.17,PASS_PROJECT_RANGE,[0.2529],0.2529,0.2529,PASS_ALL_LE_0_30,227,458,232,UNIPROT_PROSITE_NR_LBD,UNIPROT_CANONICAL_1_BASED_INCLUSIVE,232,1.0,NEAR_COMPLETE_LBD,True,0.0,0.0,False,,True,PROJECT_PREFILTER_PASS,[]
P19793,NR2B1,RXRα,Nutritional sensors,5MJ5,5MJ5_1,1,"[""X-RAY DIFFRACTION""]",True,[1.9],1.9,1.9,PASS_PROJECT_RANGE,[0.2428],0.2428,0.2428,PASS_ALL_LE_0_30,227,458,232,UNIPROT_PROSITE_NR_LBD,UNIPROT_CANONICAL_1_BASED_INCLUSIVE,229,0.987069,NEAR_COMPLETE_LBD,True,0.0,0.0,False,,True,PROJECT_PREFILTER_PASS,[]
P19793,NR2B1,RXRα,Nutritional sensors,5MK4,5MK4_1,1,"[""X-RAY DIFFRACTION""]",True,[2.0],2.0,2.0,PASS_PROJECT_RANGE,[0.2287],0.2287,0.2287,PASS_ALL_LE_0_30,227,458,232,UNIPROT_PROSITE_NR_LBD,UNIPROT_CANONICAL_1_BASED_INCLUSIVE,229,0.987069,NEAR_COMPLETE_LBD,True,0.0,0.0,False,,True,PROJECT_PREFILTER_PASS,[]
P19793,NR2B1,RXRα,Nutritional sensors,5MKJ,5MKJ_1,1,"[""X-RAY DIFFRACTION""]",True,[2.5],2.5,2.5,PASS_PROJECT_RANGE,[0.2447],0.2447,0.2447,PASS_ALL_LE_0_30,227,458,232,UNIPROT_PROSITE_NR_LBD,UNIPROT_CANONICAL_1_BASED_INCLUSIVE,230,0.991379,NEAR_COMPLETE_LBD,True,0.0,0.0,False,,True,PROJECT_PREFILTER_PASS,[]
P19793,NR2B1,RXRα,Nutritional sensors,5MKU,5MKU_1,1,"[""X-RAY DIFFRACTION""]",True,[1.78],1.78,1.78,ULTRAHIGH_LT_1_8,[0.1772],0.1772,0.1772,PASS_ALL_LE_0_30,227,458,232,UNIPROT_PROSITE_NR_LBD,UNIPROT_CANONICAL_1_BASED_INCLUSIVE,228,0.982759,NEAR_COMPLETE_LBD,True,0.0,0.0,False,,False,RESOLUTION_REVIEW,"[""RESOLUTION_REVIEW""]"
P19793,NR2B1,RXRα,Nutritional sensors,5MMW,5MMW_1,1,"[""X-RAY DIFFRACTION""]",True,[2.7],2.7,2.7,PASS_PROJECT_RANGE,[0.2529],0.2529,0.2529,PASS_ALL_LE_0_30,227,458,232,UNIPROT_PROSITE_NR_LBD,UNIPROT_CANONICAL_1_BASED_INCLUSIVE,229,0.987069,NEAR_COMPLETE_LBD,True,0.0,0.0,False,,True,PROJECT_PREFILTER_PASS,[]
P19793,NR2B1,RXRα,Nutritional sensors,5TBP,5TBP_1,1,"[""X-RAY DIFFRACTION""]",True,[2.6],2.6,2.6,PASS_PROJECT_RANGE,[0.242],0.242,0.242,PASS_ALL_LE_0_30,227,458,232,UNIPROT_PROSITE_NR_LBD,UNIPROT_CANONICAL_1_BASED_INCLUSIVE,232,1.0,NEAR_COMPLETE_LBD,True,0.0,0.0,False,,True,PROJECT_PREFILTER_PASS,[]
P19793,NR2B1,RXRα,Nutritional sensors,5UAN,5UAN_1,1,"[""X-RAY DIFFRACTION""]",True,[3.508],3.508,3.508,TOO_LOW_RESOLUTION_GT_3_5,[0.2703],0.2703,0.2703,PASS_ALL_LE_0_30,227,458,232,UNIPROT_PROSITE_NR_LBD,UNIPROT_CANONICAL_1_BASED_INCLUSIVE,232,1.0,NEAR_COMPLETE_LBD,True,66.0,1.0,False,,False,RESOLUTION_REVIEW,"[""RESOLUTION_REVIEW""]"
P19793,NR2B1,RXRα,Nutritional sensors,5Z12,5Z12_2,2,"[""X-RAY DIFFRACTION""]",True,[2.75],2.75,2.75,PASS_PROJECT_RANGE,[0.2901],0.2901,0.2901,PASS_ALL_LE_0_30,227,458,232,UNIPROT_PROSITE_NR_LBD,UNIPROT_CANONICAL_1_BASED_INCLUSIVE,231,0.99569,NEAR_COMPLETE_LBD,True,0.0,0.0,False,,True,PROJECT_PREFILTER_PASS,[]
P19793,NR2B1,RXRα,Nutritional sensors,5ZQU,5ZQU_1,1,"[""X-RAY DIFFRACTION""]",True,[2.60038789589],2.60038789589,2.60038789589,PASS_PROJECT_RANGE,[0.269641540074],0.269641540074,0.269641540074,PASS_ALL_LE_0_30,227,458,232,UNIPROT_PROSITE_NR_LBD,UNIPROT_CANONICAL_1_BASED_INCLUSIVE,232,1.0,NEAR_COMPLETE_LBD,True,0.0,0.0,False,,True,PROJECT_PREFILTER_PASS,[]
P19793,NR2B1,RXRα,Nutritional sensors,6A5Y,6A5Y_3,3,"[""X-RAY DIFFRACTION""]",True,[2.1],2.1,2.1,PASS_PROJECT_RANGE,[0.241],0.241,0.241,PASS_ALL_LE_0_30,227,458,232,UNIPROT_PROSITE_NR_LBD,UNIPROT_CANONICAL_1_BASED_INCLUSIVE,232,1.0,NEAR_COMPLETE_LBD,True,0.0,0.0,False,,True,PROJECT_PREFILTER_PASS,[]
P19793,NR2B1,RXRα,Nutritional sensors,6A5Z,6A5Z_2,2,"[""X-RAY DIFFRACTION""]",True,[2.95],2.95,2.95,PASS_PROJECT_RANGE,[0.282],0.282,0.282,PASS_ALL_LE_0_30,227,458,232,UNIPROT_PROSITE_NR_LBD,UNIPROT_CANONICAL_1_BASED_INCLUSIVE,232,1.0,NEAR_COMPLETE_LBD,True,0.0,0.0,False,,True,PROJECT_PREFILTER_PASS,[]
P19793,NR2B1,RXRα,Nutritional sensors,6A60,6A60_3,3,"[""X-RAY DIFFRACTION""]",True,[3.05],3.05,3.05,PASS_PROJECT_RANGE,[0.2883],0.2883,0.2883,PASS_ALL_LE_0_30,227,458,232,UNIPROT_PROSITE_NR_LBD,UNIPROT_CANONICAL_1_BASED_INCLUSIVE,232,1.0,NEAR_COMPLETE_LBD,True,0.0,0.0,False,,True,PROJECT_PREFILTER_PASS,[]
P19793,NR2B1,RXRα,Nutritional sensors,6FBQ,6FBQ_1,1,"[""X-RAY DIFFRACTION""]",True,[1.6],1.6,1.6,ULTRAHIGH_LT_1_8,[0.198],0.198,0.198,PASS_ALL_LE_0_30,227,458,232,UNIPROT_PROSITE_NR_LBD,UNIPROT_CANONICAL_1_BASED_INCLUSIVE,0,0.0,NO_LBD_OVERLAP,False,66.0,1.0,False,,False,MULTIPLE_REASONS,"[""NO_LBD_OVERLAP"", ""RESOLUTION_REVIEW""]"
P19793,NR2B1,RXRα,Nutritional sensors,6FBR,6FBR_1,1,"[""X-RAY DIFFRACTION""]",True,[2.1],2.1,2.1,PASS_PROJECT_RANGE,[0.232],0.232,0.232,PASS_ALL_LE_0_30,227,458,232,UNIPROT_PROSITE_NR_LBD,UNIPROT_CANONICAL_1_BASED_INCLUSIVE,0,0.0,NO_LBD_OVERLAP,False,66.0,1.0,False,,False,NO_LBD_OVERLAP,"[""NO_LBD_OVERLAP""]"
P19793,NR2B1,RXRα,Nutritional sensors,6HN6,6HN6_1,1,"[""X-RAY DIFFRACTION""]",True,[2.71],2.71,2.71,PASS_PROJECT_RANGE,[0.231],0.231,0.231,PASS_ALL_LE_0_30,227,458,232,UNIPROT_PROSITE_NR_LBD,UNIPROT_CANONICAL_1_BASED_INCLUSIVE,232,1.0,NEAR_COMPLETE_LBD,True,0.0,0.0,False,,True,PROJECT_PREFILTER_PASS,[]
P19793,NR2B1,RXRα,Nutritional sensors,6JNO,6JNO_1,1,"[""X-RAY DIFFRACTION""]",True,[2.65],2.65,2.65,PASS_PROJECT_RANGE,[0.27442],0.27442,0.27442,PASS_ALL_LE_0_30,227,458,232,UNIPROT_PROSITE_NR_LBD,UNIPROT_CANONICAL_1_BASED_INCLUSIVE,232,1.0,NEAR_COMPLETE_LBD,True,0.0,0.0,False,,True,PROJECT_PREFILTER_PASS,[]
P19793,NR2B1,RXRα,Nutritional sensors,6JNR,6JNR_1,1,"[""X-RAY DIFFRACTION""]",True,[2.3],2.3,2.3,PASS_PROJECT_RANGE,[0.238],0.238,0.238,PASS_ALL_LE_0_30,227,458,232,UNIPROT_PROSITE_NR_LBD,UNIPROT_CANONICAL_1_BASED_INCLUSIVE,232,1.0,NEAR_COMPLETE_LBD,True,0.0,0.0,False,,True,PROJECT_PREFILTER_PASS,[]
P19793,NR2B1,RXRα,Nutritional sensors,6L6K,6L6K_1,1,"[""X-RAY DIFFRACTION""]",True,[1.8],1.8,1.8,PASS_PROJECT_RANGE,[0.2112],0.2112,0.2112,PASS_ALL_LE_0_30,227,458,232,UNIPROT_PROSITE_NR_LBD,UNIPROT_CANONICAL_1_BASED_INCLUSIVE,232,1.0,NEAR_COMPLETE_LBD,True,0.0,0.0,False,,True,PROJECT_PREFILTER_PASS,[]
P19793,NR2B1,RXRα,Nutritional sensors,6LB4,6LB4_1,1,"[""X-RAY DIFFRACTION""]",True,[1.5],1.5,1.5,ULTRAHIGH_LT_1_8,[0.2014],0.2014,0.2014,PASS_ALL_LE_0_30,227,458,232,UNIPROT_PROSITE_NR_LBD,UNIPROT_CANONICAL_1_BASED_INCLUSIVE,232,1.0,NEAR_COMPLETE_LBD,True,0.0,0.0,False,,False,RESOLUTION_REVIEW,"[""RESOLUTION_REVIEW""]"
P19793,NR2B1,RXRα,Nutritional sensors,6LB5,6LB5_1,1,"[""X-RAY DIFFRACTION""]",True,[2.4],2.4,2.4,PASS_PROJECT_RANGE,[0.2404],0.2404,0.2404,PASS_ALL_LE_0_30,227,458,232,UNIPROT_PROSITE_NR_LBD,UNIPROT_CANONICAL_1_BASED_INCLUSIVE,232,1.0,NEAR_COMPLETE_LBD,True,0.0,0.0,False,,True,PROJECT_PREFILTER_PASS,[]
P19793,NR2B1,RXRα,Nutritional sensors,6LB6,6LB6_1,1,"[""X-RAY DIFFRACTION""]",True,[2.4],2.4,2.4,PASS_PROJECT_RANGE,[0.257],0.257,0.257,PASS_ALL_LE_0_30,227,458,232,UNIPROT_PROSITE_NR_LBD,UNIPROT_CANONICAL_1_BASED_INCLUSIVE,232,1.0,NEAR_COMPLETE_LBD,True,0.0,0.0,False,,True,PROJECT_PREFILTER_PASS,[]
P19793,NR2B1,RXRα,Nutritional sensors,6SJM,6SJM_1,1,"[""X-RAY DIFFRACTION""]",True,[2.52],2.52,2.52,PASS_PROJECT_RANGE,[0.247],0.247,0.247,PASS_ALL_LE_0_30,227,458,232,UNIPROT_PROSITE_NR_LBD,UNIPROT_CANONICAL_1_BASED_INCLUSIVE,228,0.982759,NEAR_COMPLETE_LBD,True,0.0,0.0,False,,True,PROJECT_PREFILTER_PASS,[]
P19793,NR2B1,RXRα,Nutritional sensors,6STI,6STI_1,1,"[""X-RAY DIFFRACTION""]",True,[1.892],1.892,1.892,PASS_PROJECT_RANGE,[0.1718],0.1718,0.1718,PASS_ALL_LE_0_30,227,458,232,UNIPROT_PROSITE_NR_LBD,UNIPROT_CANONICAL_1_BASED_INCLUSIVE,232,1.0,NEAR_COMPLETE_LBD,True,0.0,0.0,False,,True,PROJECT_PREFILTER_PASS,[]
P19793,NR2B1,RXRα,Nutritional sensors,6XWG,6XWG_3,3,"[""X-RAY DIFFRACTION""]",True,[2.4],2.4,2.4,PASS_PROJECT_RANGE,[0.207],0.207,0.207,PASS_ALL_LE_0_30,227,458,232,UNIPROT_PROSITE_NR_LBD,UNIPROT_CANONICAL_1_BASED_INCLUSIVE,0,0.0,NO_LBD_OVERLAP,False,66.0,1.0,False,,False,NO_LBD_OVERLAP,"[""NO_LBD_OVERLAP""]"
P19793,NR2B1,RXRα,Nutritional sensors,6XWH,6XWH_3,3,"[""X-RAY DIFFRACTION""]",True,[2.1],2.1,2.1,PASS_PROJECT_RANGE,[0.224],0.224,0.224,PASS_ALL_LE_0_30,227,458,232,UNIPROT_PROSITE_NR_LBD,UNIPROT_CANONICAL_1_BASED_INCLUSIVE,0,0.0,NO_LBD_OVERLAP,False,66.0,1.0,False,,False,NO_LBD_OVERLAP,"[""NO_LBD_OVERLAP""]"
P19793,NR2B1,RXRα,Nutritional sensors,7A77,7A77_1,1,"[""X-RAY DIFFRACTION""]",True,[1.5],1.5,1.5,ULTRAHIGH_LT_1_8,[0.1799],0.1799,0.1799,PASS_ALL_LE_0_30,227,458,232,UNIPROT_PROSITE_NR_LBD,UNIPROT_CANONICAL_1_BASED_INCLUSIVE,232,1.0,NEAR_COMPLETE_LBD,True,0.0,0.0,False,,False,RESOLUTION_REVIEW,"[""RESOLUTION_REVIEW""]"
P19793,NR2B1,RXRα,Nutritional sensors,7B88,7B88_1,1,"[""X-RAY DIFFRACTION""]",True,[2.38],2.38,2.38,PASS_PROJECT_RANGE,[0.2591],0.2591,0.2591,PASS_ALL_LE_0_30,227,458,232,UNIPROT_PROSITE_NR_LBD,UNIPROT_CANONICAL_1_BASED_INCLUSIVE,228,0.982759,NEAR_COMPLETE_LBD,True,0.0,0.0,False,,True,PROJECT_PREFILTER_PASS,[]
P19793,NR2B1,RXRα,Nutritional sensors,7B9O,7B9O_1,1,"[""X-RAY DIFFRACTION""]",True,[2.05],2.05,2.05,PASS_PROJECT_RANGE,[0.2358],0.2358,0.2358,PASS_ALL_LE_0_30,227,458,232,UNIPROT_PROSITE_NR_LBD,UNIPROT_CANONICAL_1_BASED_INCLUSIVE,228,0.982759,NEAR_COMPLETE_LBD,True,0.0,0.0,False,,True,PROJECT_PREFILTER_PASS,[]
P19793,NR2B1,RXRα,Nutritional sensors,7BK4,7BK4_1,1,"[""X-RAY DIFFRACTION""]",True,[2.8],2.8,2.8,PASS_PROJECT_RANGE,[0.2654],0.2654,0.2654,PASS_ALL_LE_0_30,227,458,232,UNIPROT_PROSITE_NR_LBD,UNIPROT_CANONICAL_1_BASED_INCLUSIVE,232,1.0,NEAR_COMPLETE_LBD,True,0.0,0.0,False,,True,PROJECT_PREFILTER_PASS,[]
P19793,NR2B1,RXRα,Nutritional sensors,7CFO,7CFO_1,1,"[""X-RAY DIFFRACTION""]",True,[2.15],2.15,2.15,PASS_PROJECT_RANGE,[0.26633],0.26633,0.26633,PASS_ALL_LE_0_30,227,458,232,UNIPROT_PROSITE_NR_LBD,UNIPROT_CANONICAL_1_BASED_INCLUSIVE,232,1.0,NEAR_COMPLETE_LBD,True,0.0,0.0,False,,True,PROJECT_PREFILTER_PASS,[]
P19793,NR2B1,RXRα,Nutritional sensors,7NKE,7NKE_1,1,"[""X-RAY DIFFRACTION""]",True,[2.35],2.35,2.35,PASS_PROJECT_RANGE,[0.24576],0.24576,0.24576,PASS_ALL_LE_0_30,227,458,232,UNIPROT_PROSITE_NR_LBD,UNIPROT_CANONICAL_1_BASED_INCLUSIVE,232,1.0,NEAR_COMPLETE_LBD,True,0.0,0.0,False,,True,PROJECT_PREFILTER_PASS,[]
P19793,NR2B1,RXRα,Nutritional sensors,7UW2,7UW2_1,1,"[""X-RAY DIFFRACTION""]",True,[1.88],1.88,1.88,PASS_PROJECT_RANGE,[0.2181],0.2181,0.2181,PASS_ALL_LE_0_30,227,458,232,UNIPROT_PROSITE_NR_LBD,UNIPROT_CANONICAL_1_BASED_INCLUSIVE,232,1.0,NEAR_COMPLETE_LBD,True,0.0,0.0,False,,True,PROJECT_PREFILTER_PASS,[]
P19793,NR2B1,RXRα,Nutritional sensors,7UW4,7UW4_1,1,"[""X-RAY DIFFRACTION""]",True,[2.1],2.1,2.1,PASS_PROJECT_RANGE,[0.2434],0.2434,0.2434,PASS_ALL_LE_0_30,227,458,232,UNIPROT_PROSITE_NR_LBD,UNIPROT_CANONICAL_1_BASED_INCLUSIVE,232,1.0,NEAR_COMPLETE_LBD,True,0.0,0.0,False,,True,PROJECT_PREFILTER_PASS,[]
P19793,NR2B1,RXRα,Nutritional sensors,8HBM,8HBM_1,1,"[""X-RAY DIFFRACTION""]",True,[3.3],3.3,3.3,PASS_PROJECT_RANGE,[0.3008],0.3008,0.3008,FAIL_ALL_GT_0_30,227,458,232,UNIPROT_PROSITE_NR_LBD,UNIPROT_CANONICAL_1_BASED_INCLUSIVE,0,0.0,NO_LBD_OVERLAP,False,66.0,1.0,False,,False,MULTIPLE_REASONS,"[""NO_LBD_OVERLAP"", ""RFREE_REVIEW""]"
P19793,NR2B1,RXRα,Nutritional sensors,8PP0,8PP0_1,1,"[""X-RAY DIFFRACTION""]",True,[1.9],1.9,1.9,PASS_PROJECT_RANGE,[0.2226],0.2226,0.2226,PASS_ALL_LE_0_30,227,458,232,UNIPROT_PROSITE_NR_LBD,UNIPROT_CANONICAL_1_BASED_INCLUSIVE,232,1.0,NEAR_COMPLETE_LBD,True,0.0,0.0,False,,True,PROJECT_PREFILTER_PASS,[]
P19793,NR2B1,RXRα,Nutritional sensors,9QJ9,9QJ9_1,1,"[""X-RAY DIFFRACTION""]",True,[3.5],3.5,3.5,PASS_PROJECT_RANGE,[0.3352],0.3352,0.3352,FAIL_ALL_GT_0_30,227,458,232,UNIPROT_PROSITE_NR_LBD,UNIPROT_CANONICAL_1_BASED_INCLUSIVE,0,0.0,NO_LBD_OVERLAP,False,66.0,1.0,False,,False,MULTIPLE_REASONS,"[""NO_LBD_OVERLAP"", ""RFREE_REVIEW""]"
P19793,NR2B1,RXRα,Nutritional sensors,9QX6,9QX6_1,1,"[""X-RAY DIFFRACTION""]",True,[1.46],1.46,1.46,ULTRAHIGH_LT_1_8,[0.213],0.213,0.213,PASS_ALL_LE_0_30,227,458,232,UNIPROT_PROSITE_NR_LBD,UNIPROT_CANONICAL_1_BASED_INCLUSIVE,230,0.991379,NEAR_COMPLETE_LBD,True,0.0,0.0,False,,False,RESOLUTION_REVIEW,"[""RESOLUTION_REVIEW""]"
P19793,NR2B1,RXRα,Nutritional sensors,9RMR,9RMR_1,1,"[""X-RAY DIFFRACTION""]",True,[1.65],1.65,1.65,ULTRAHIGH_LT_1_8,[0.2149],0.2149,0.2149,PASS_ALL_LE_0_30,227,458,232,UNIPROT_PROSITE_NR_LBD,UNIPROT_CANONICAL_1_BASED_INCLUSIVE,230,0.991379,NEAR_COMPLETE_LBD,True,0.0,0.0,False,,False,RESOLUTION_REVIEW,"[""RESOLUTION_REVIEW""]"
P19793,NR2B1,RXRα,Nutritional sensors,9S70,9S70_1,1,"[""X-RAY DIFFRACTION""]",True,[1.95],1.95,1.95,PASS_PROJECT_RANGE,[0.2207],0.2207,0.2207,PASS_ALL_LE_0_30,227,458,232,UNIPROT_PROSITE_NR_LBD,UNIPROT_CANONICAL_1_BASED_INCLUSIVE,230,0.991379,NEAR_COMPLETE_LBD,True,0.0,0.0,False,,True,PROJECT_PREFILTER_PASS,[]
P19793,NR2B1,RXRα,Nutritional sensors,9S71,9S71_1,1,"[""X-RAY DIFFRACTION""]",True,[2.0],2.0,2.0,PASS_PROJECT_RANGE,[0.2216],0.2216,0.2216,PASS_ALL_LE_0_30,227,458,232,UNIPROT_PROSITE_NR_LBD,UNIPROT_CANONICAL_1_BASED_INCLUSIVE,230,0.991379,NEAR_COMPLETE_LBD,True,0.0,0.0,False,,True,PROJECT_PREFILTER_PASS,[]
P28702,NR2B2,RXRβ,Nutritional sensors,1H9U,1H9U_1,1,"[""X-RAY DIFFRACTION""]",True,[2.7],2.7,2.7,PASS_PROJECT_RANGE,[0.306],0.306,0.306,FAIL_ALL_GT_0_30,296,529,234,UNIPROT_PROSITE_NR_LBD,UNIPROT_CANONICAL_1_BASED_INCLUSIVE,224,0.957265,NEAR_COMPLETE_LBD,True,0.0,0.0,False,,False,RFREE_REVIEW,"[""RFREE_REVIEW""]"
P28702,NR2B2,RXRβ,Nutritional sensors,1UHL,1UHL_1,1,"[""X-RAY DIFFRACTION""]",True,[2.9],2.9,2.9,PASS_PROJECT_RANGE,[0.32649],0.32649,0.32649,FAIL_ALL_GT_0_30,296,529,234,UNIPROT_PROSITE_NR_LBD,UNIPROT_CANONICAL_1_BASED_INCLUSIVE,232,0.991453,NEAR_COMPLETE_LBD,True,0.0,0.0,False,,False,RFREE_REVIEW,"[""RFREE_REVIEW""]"
P28702,NR2B2,RXRβ,Nutritional sensors,5HJP,5HJP_1,1,"[""X-RAY DIFFRACTION""]",True,[2.6],2.6,2.6,PASS_PROJECT_RANGE,[0.2826],0.2826,0.2826,PASS_ALL_LE_0_30,296,529,234,UNIPROT_PROSITE_NR_LBD,UNIPROT_CANONICAL_1_BASED_INCLUSIVE,231,0.987179,NEAR_COMPLETE_LBD,True,0.0,0.0,False,,True,PROJECT_PREFILTER_PASS,[]
P28702,NR2B2,RXRβ,Nutritional sensors,5I4V,5I4V_2,2,"[""X-RAY DIFFRACTION""]",True,[2.61],2.61,2.61,PASS_PROJECT_RANGE,[0.24815],0.24815,0.24815,PASS_ALL_LE_0_30,296,529,234,UNIPROT_PROSITE_NR_LBD,UNIPROT_CANONICAL_1_BASED_INCLUSIVE,233,0.995726,NEAR_COMPLETE_LBD,True,0.0,0.0,True,,True,PROJECT_PREFILTER_PASS,[]
P28702,NR2B2,RXRβ,Nutritional sensors,5KYA,5KYA_2,2,"[""X-RAY DIFFRACTION""]",True,[2.598],2.598,2.598,PASS_PROJECT_RANGE,[0.24851],0.24851,0.24851,PASS_ALL_LE_0_30,296,529,234,UNIPROT_PROSITE_NR_LBD,UNIPROT_CANONICAL_1_BASED_INCLUSIVE,233,0.995726,NEAR_COMPLETE_LBD,True,0.0,0.0,False,,True,PROJECT_PREFILTER_PASS,[]
P28702,NR2B2,RXRβ,Nutritional sensors,5KYJ,5KYJ_2,2,"[""X-RAY DIFFRACTION""]",True,[2.8],2.8,2.8,PASS_PROJECT_RANGE,[0.2528],0.2528,0.2528,PASS_ALL_LE_0_30,296,529,234,UNIPROT_PROSITE_NR_LBD,UNIPROT_CANONICAL_1_BASED_INCLUSIVE,233,0.995726,NEAR_COMPLETE_LBD,True,0.0,0.0,False,,True,PROJECT_PREFILTER_PASS,[]
P28702,NR2B2,RXRβ,Nutritional sensors,7A78,7A78_1,1,"[""X-RAY DIFFRACTION""]",True,[1.72],1.72,1.72,ULTRAHIGH_LT_1_8,[0.2037],0.2037,0.2037,PASS_ALL_LE_0_30,296,529,234,UNIPROT_PROSITE_NR_LBD,UNIPROT_CANONICAL_1_BASED_INCLUSIVE,232,0.991453,NEAR_COMPLETE_LBD,True,0.0,0.0,False,,False,RESOLUTION_REVIEW,"[""RESOLUTION_REVIEW""]"
P48443,NR2B3,RXRγ,Nutritional sensors,2GL8,2GL8_1,1,"[""X-RAY DIFFRACTION""]",True,[2.4],2.4,2.4,PASS_PROJECT_RANGE,[0.29574],0.29574,0.29574,PASS_ALL_LE_0_30,231,459,229,UNIPROT_PROSITE_NR_LBD,UNIPROT_CANONICAL_1_BASED_INCLUSIVE,229,1.0,NEAR_COMPLETE_LBD,True,0.0,0.0,False,,True,PROJECT_PREFILTER_PASS,[]
P48443,NR2B3,RXRγ,Nutritional sensors,7A79,7A79_1,1,"[""X-RAY DIFFRACTION""]",True,[2.05],2.05,2.05,PASS_PROJECT_RANGE,[0.2483],0.2483,0.2483,PASS_ALL_LE_0_30,231,459,229,UNIPROT_PROSITE_NR_LBD,UNIPROT_CANONICAL_1_BASED_INCLUSIVE,227,0.991266,NEAR_COMPLETE_LBD,True,0.0,0.0,False,,True,PROJECT_PREFILTER_PASS,[]
Q13285,NR5A1,SF-1,Nutritional sensors,1YOW,1YOW_1,1,"[""X-RAY DIFFRACTION""]",True,[3.0],3.0,3.0,PASS_PROJECT_RANGE,[0.29],0.29,0.29,PASS_ALL_LE_0_30,222,459,238,UNIPROT_PROSITE_NR_LBD,UNIPROT_CANONICAL_1_BASED_INCLUSIVE,238,1.0,NEAR_COMPLETE_LBD,True,0.0,0.0,False,,True,PROJECT_PREFILTER_PASS,[]
Q13285,NR5A1,SF-1,Nutritional sensors,1ZDT,1ZDT_1,1,"[""X-RAY DIFFRACTION""]",True,[2.1],2.1,2.1,PASS_PROJECT_RANGE,[0.26532],0.26532,0.26532,PASS_ALL_LE_0_30,222,459,238,UNIPROT_PROSITE_NR_LBD,UNIPROT_CANONICAL_1_BASED_INCLUSIVE,238,1.0,NEAR_COMPLETE_LBD,True,0.0,0.0,False,,True,PROJECT_PREFILTER_PASS,[]
Q13285,NR5A1,SF-1,Nutritional sensors,4QJR,4QJR_1,1,"[""X-RAY DIFFRACTION""]",True,[2.4],2.4,2.4,PASS_PROJECT_RANGE,[0.2296],0.2296,0.2296,PASS_ALL_LE_0_30,222,459,238,UNIPROT_PROSITE_NR_LBD,UNIPROT_CANONICAL_1_BASED_INCLUSIVE,238,1.0,NEAR_COMPLETE_LBD,True,0.0,0.0,False,,True,PROJECT_PREFILTER_PASS,[]
Q13285,NR5A1,SF-1,Nutritional sensors,4QK4,4QK4_1,1,"[""X-RAY DIFFRACTION""]",True,[2.81],2.81,2.81,PASS_PROJECT_RANGE,[0.2408],0.2408,0.2408,PASS_ALL_LE_0_30,222,459,238,UNIPROT_PROSITE_NR_LBD,UNIPROT_CANONICAL_1_BASED_INCLUSIVE,238,1.0,NEAR_COMPLETE_LBD,True,0.0,0.0,False,,True,PROJECT_PREFILTER_PASS,[]
Q13285,NR5A1,SF-1,Nutritional sensors,7KHT,7KHT_1,1,"[""X-RAY DIFFRACTION""]",True,[2.504],2.504,2.504,PASS_PROJECT_RANGE,[0.2488],0.2488,0.2488,PASS_ALL_LE_0_30,222,459,238,UNIPROT_PROSITE_NR_LBD,UNIPROT_CANONICAL_1_BASED_INCLUSIVE,238,1.0,NEAR_COMPLETE_LBD,True,0.0,0.0,False,,True,PROJECT_PREFILTER_PASS,[]
Q13285,NR5A1,SF-1,Nutritional sensors,8DAF,8DAF_1,1,"[""X-RAY DIFFRACTION""]",True,[2.59],2.59,2.59,PASS_PROJECT_RANGE,[0.2812],0.2812,0.2812,PASS_ALL_LE_0_30,222,459,238,UNIPROT_PROSITE_NR_LBD,UNIPROT_CANONICAL_1_BASED_INCLUSIVE,238,1.0,NEAR_COMPLETE_LBD,True,0.0,0.0,False,,True,PROJECT_PREFILTER_PASS,[]
P49116,NR2C2,TR4,Nutritional sensors,3P0U,3P0U_1,1,"[""X-RAY DIFFRACTION""]",True,[3.0],3.0,3.0,PASS_PROJECT_RANGE,[0.287],0.287,0.287,PASS_ALL_LE_0_30,341,583,243,UNIPROT_PROSITE_NR_LBD,UNIPROT_CANONICAL_1_BASED_INCLUSIVE,236,0.971193,NEAR_COMPLETE_LBD,True,0.0,0.0,False,,True,PROJECT_PREFILTER_PASS,[]
P49116,NR2C2,TR4,Nutritional sensors,7XV6,7XV6_3,3,"[""X-RAY DIFFRACTION""]",True,[2.3],2.3,2.3,PASS_PROJECT_RANGE,[0.215],0.215,0.215,PASS_ALL_LE_0_30,341,583,243,UNIPROT_PROSITE_NR_LBD,UNIPROT_CANONICAL_1_BASED_INCLUSIVE,0,0.0,NO_LBD_OVERLAP,False,76.0,1.0,False,,False,NO_LBD_OVERLAP,"[""NO_LBD_OVERLAP""]"
P49116,NR2C2,TR4,Nutritional sensors,7XV8,7XV8_1,1,"[""X-RAY DIFFRACTION""]",True,[3.199],3.199,3.199,PASS_PROJECT_RANGE,[0.2493],0.2493,0.2493,PASS_ALL_LE_0_30,341,583,243,UNIPROT_PROSITE_NR_LBD,UNIPROT_CANONICAL_1_BASED_INCLUSIVE,0,0.0,NO_LBD_OVERLAP,False,76.0,1.0,False,,False,NO_LBD_OVERLAP,"[""NO_LBD_OVERLAP""]"
P49116,NR2C2,TR4,Nutritional sensors,7XV9,7XV9_1,1,"[""X-RAY DIFFRACTION""]",True,[1.599],1.599,1.599,ULTRAHIGH_LT_1_8,[0.1805],0.1805,0.1805,PASS_ALL_LE_0_30,341,583,243,UNIPROT_PROSITE_NR_LBD,UNIPROT_CANONICAL_1_BASED_INCLUSIVE,0,0.0,NO_LBD_OVERLAP,False,76.0,1.0,False,,False,MULTIPLE_REASONS,"[""NO_LBD_OVERLAP"", ""RESOLUTION_REVIEW""]"
P49116,NR2C2,TR4,Nutritional sensors,7XVA,7XVA_1,1,"[""X-RAY DIFFRACTION""]",True,[1.856],1.856,1.856,PASS_PROJECT_RANGE,[0.2187],0.2187,0.2187,PASS_ALL_LE_0_30,341,583,243,UNIPROT_PROSITE_NR_LBD,UNIPROT_CANONICAL_1_BASED_INCLUSIVE,243,1.0,NEAR_COMPLETE_LBD,True,0.0,0.0,False,,True,PROJECT_PREFILTER_PASS,[]
P10589,NR2F1,COUP-TFI,Orphan receptors,2EBL,2EBL_1,1,"[""SOLUTION NMR""]",False,[],,,MISSING,[],,,MISSING,184,410,227,UNIPROT_PROSITE_NR_LBD,UNIPROT_CANONICAL_1_BASED_INCLUSIVE,0,0.0,NO_LBD_OVERLAP,False,75.0,0.986842,False,,False,MULTIPLE_REASONS,"[""NON_XRAY"", ""NO_LBD_OVERLAP"", ""RESOLUTION_REVIEW"", ""RFREE_REVIEW"", ""METADATA_INCOMPLETE""]"
P24468,NR2F2,COUP-TFII,Orphan receptors,3CJW,3CJW_1,1,"[""X-RAY DIFFRACTION""]",True,[1.48],1.48,1.48,ULTRAHIGH_LT_1_8,[0.2379],0.2379,0.2379,PASS_ALL_LE_0_30,177,403,227,UNIPROT_PROSITE_NR_LBD,UNIPROT_CANONICAL_1_BASED_INCLUSIVE,227,1.0,NEAR_COMPLETE_LBD,True,0.0,0.0,False,,False,RESOLUTION_REVIEW,"[""RESOLUTION_REVIEW""]"
P51843,NR0B1,DAX-1,Orphan receptors,4RWV,4RWV_2,2,"[""X-RAY DIFFRACTION""]",True,[1.859],1.859,1.859,PASS_PROJECT_RANGE,[0.21],0.21,0.21,PASS_ALL_LE_0_30,205,469,265,UNIPROT_PROSITE_NR_LBD,UNIPROT_CANONICAL_1_BASED_INCLUSIVE,0,0.0,NO_LBD_OVERLAP,False,,,False,,False,NO_LBD_OVERLAP,"[""NO_LBD_OVERLAP""]"
P10588,NR2F6,EAR-2,Orphan receptors,8C5L,8C5L_1,1,"[""X-RAY DIFFRACTION""]",True,[2.6],2.6,2.6,PASS_PROJECT_RANGE,[0.2328],0.2328,0.2328,PASS_ALL_LE_0_30,165,393,229,UNIPROT_PROSITE_NR_LBD,UNIPROT_CANONICAL_1_BASED_INCLUSIVE,198,0.864629,SUBSTANTIAL_LBD,True,0.0,0.0,True,,True,PROJECT_PREFILTER_PASS,[]
Q92570,NR4A3,NOR-1,Orphan receptors,8XTT,8XTT_1,1,"[""SOLUTION NMR""]",False,[],,,MISSING,[],,,MISSING,394,623,230,UNIPROT_PROSITE_NR_LBD,UNIPROT_CANONICAL_1_BASED_INCLUSIVE,230,1.0,NEAR_COMPLETE_LBD,True,0.0,0.0,False,,False,MULTIPLE_REASONS,"[""NON_XRAY"", ""RESOLUTION_REVIEW"", ""RFREE_REVIEW"", ""METADATA_INCOMPLETE""]"
Q9Y5X4,NR2E3,PNR,Orphan receptors,4LOG,4LOG_1,1,"[""X-RAY DIFFRACTION""]",True,[2.7],2.7,2.7,PASS_PROJECT_RANGE,[0.30744],0.30744,0.30744,FAIL_ALL_GT_0_30,169,410,242,UNIPROT_PROSITE_NR_LBD,UNIPROT_CANONICAL_1_BASED_INCLUSIVE,194,0.801653,SUBSTANTIAL_LBD,True,0.0,0.0,True,,False,RFREE_REVIEW,"[""RFREE_REVIEW""]"
Q15466,NR0B2,SHP,Orphan receptors,1YUC,1YUC_2,2,"[""X-RAY DIFFRACTION""]",True,[1.9],1.9,1.9,PASS_PROJECT_RANGE,[0.248],0.248,0.248,PASS_ALL_LE_0_30,16,257,242,UNIPROT_PROSITE_NR_LBD,UNIPROT_CANONICAL_1_BASED_INCLUSIVE,13,0.053719,TRACE_LBD,True,,,False,,True,PROJECT_PREFILTER_PASS,[]
Q15466,NR0B2,SHP,Orphan receptors,2Q3Y,2Q3Y_2,2,"[""X-RAY DIFFRACTION""]",True,[2.4],2.4,2.4,PASS_PROJECT_RANGE,[0.24],0.24,0.24,PASS_ALL_LE_0_30,16,257,242,UNIPROT_PROSITE_NR_LBD,UNIPROT_CANONICAL_1_BASED_INCLUSIVE,10,0.041322,TRACE_LBD,True,,,False,,True,PROJECT_PREFILTER_PASS,[]
Q15466,NR0B2,SHP,Orphan receptors,2Z4J,2Z4J_2,2,"[""X-RAY DIFFRACTION""]",True,[2.6],2.6,2.6,PASS_PROJECT_RANGE,[0.234],0.234,0.234,PASS_ALL_LE_0_30,16,257,242,UNIPROT_PROSITE_NR_LBD,UNIPROT_CANONICAL_1_BASED_INCLUSIVE,10,0.041322,TRACE_LBD,True,,,False,,True,PROJECT_PREFILTER_PASS,[]
Q15466,NR0B2,SHP,Orphan receptors,4DOR,4DOR_2,2,"[""X-RAY DIFFRACTION""]",True,[1.9],1.9,1.9,PASS_PROJECT_RANGE,[0.2196],0.2196,0.2196,PASS_ALL_LE_0_30,16,257,242,UNIPROT_PROSITE_NR_LBD,UNIPROT_CANONICAL_1_BASED_INCLUSIVE,13,0.053719,TRACE_LBD,True,,,False,,True,PROJECT_PREFILTER_PASS,[]
Q15466,NR0B2,SHP,Orphan receptors,4ONI,4ONI_2,2,"[""X-RAY DIFFRACTION""]",True,[1.8],1.8,1.8,PASS_PROJECT_RANGE,[0.2023],0.2023,0.2023,PASS_ALL_LE_0_30,16,257,242,UNIPROT_PROSITE_NR_LBD,UNIPROT_CANONICAL_1_BASED_INCLUSIVE,15,0.061983,TRACE_LBD,True,,,False,,True,PROJECT_PREFILTER_PASS,[]
Q15466,NR0B2,SHP,Orphan receptors,5UFS,5UFS_2,2,"[""X-RAY DIFFRACTION""]",True,[2.118],2.118,2.118,PASS_PROJECT_RANGE,[0.2499],0.2499,0.2499,PASS_ALL_LE_0_30,16,257,242,UNIPROT_PROSITE_NR_LBD,UNIPROT_CANONICAL_1_BASED_INCLUSIVE,10,0.041322,TRACE_LBD,True,,,False,,True,PROJECT_PREFILTER_PASS,[]
Q15466,NR0B2,SHP,Orphan receptors,6W9M,6W9M_2,2,"[""X-RAY DIFFRACTION""]",True,[1.59],1.59,1.59,ULTRAHIGH_LT_1_8,[0.2197],0.2197,0.2197,PASS_ALL_LE_0_30,16,257,242,UNIPROT_PROSITE_NR_LBD,UNIPROT_CANONICAL_1_BASED_INCLUSIVE,11,0.045455,TRACE_LBD,True,,,False,,False,RESOLUTION_REVIEW,"[""RESOLUTION_REVIEW""]"
Q15466,NR0B2,SHP,Orphan receptors,7YXC,7YXC_2,2,"[""X-RAY DIFFRACTION""]",True,[2.25],2.25,2.25,PASS_PROJECT_RANGE,[0.2452],0.2452,0.2452,PASS_ALL_LE_0_30,16,257,242,UNIPROT_PROSITE_NR_LBD,UNIPROT_CANONICAL_1_BASED_INCLUSIVE,11,0.045455,TRACE_LBD,True,,,False,,True,PROJECT_PREFILTER_PASS,[]
Q15466,NR0B2,SHP,Orphan receptors,7YXD,7YXD_2,2,"[""X-RAY DIFFRACTION""]",True,[2.3],2.3,2.3,PASS_PROJECT_RANGE,[0.221],0.221,0.221,PASS_ALL_LE_0_30,16,257,242,UNIPROT_PROSITE_NR_LBD,UNIPROT_CANONICAL_1_BASED_INCLUSIVE,12,0.049587,TRACE_LBD,True,,,False,,True,PROJECT_PREFILTER_PASS,[]
Q15466,NR0B2,SHP,Orphan receptors,7YXN,7YXN_2,2,"[""X-RAY DIFFRACTION""]",True,[2.46],2.46,2.46,PASS_PROJECT_RANGE,[0.247],0.247,0.247,PASS_ALL_LE_0_30,16,257,242,UNIPROT_PROSITE_NR_LBD,UNIPROT_CANONICAL_1_BASED_INCLUSIVE,11,0.045455,TRACE_LBD,True,,,False,,True,PROJECT_PREFILTER_PASS,[]
Q15466,NR0B2,SHP,Orphan receptors,7YXO,7YXO_2,2,"[""X-RAY DIFFRACTION""]",True,[2.99],2.99,2.99,PASS_PROJECT_RANGE,[0.2801],0.2801,0.2801,PASS_ALL_LE_0_30,16,257,242,UNIPROT_PROSITE_NR_LBD,UNIPROT_CANONICAL_1_BASED_INCLUSIVE,11,0.045455,TRACE_LBD,True,,,False,,True,PROJECT_PREFILTER_PASS,[]
Q15466,NR0B2,SHP,Orphan receptors,7YXP,7YXP_2,2,"[""X-RAY DIFFRACTION""]",True,[3.36],3.36,3.36,PASS_PROJECT_RANGE,[0.2882],0.2882,0.2882,PASS_ALL_LE_0_30,16,257,242,UNIPROT_PROSITE_NR_LBD,UNIPROT_CANONICAL_1_BASED_INCLUSIVE,13,0.053719,TRACE_LBD,True,,,False,,True,PROJECT_PREFILTER_PASS,[]
Q15466,NR0B2,SHP,Orphan receptors,7YXR,7YXR_2,2,"[""X-RAY DIFFRACTION""]",True,[2.5],2.5,2.5,PASS_PROJECT_RANGE,[0.2239],0.2239,0.2239,PASS_ALL_LE_0_30,16,257,242,UNIPROT_PROSITE_NR_LBD,UNIPROT_CANONICAL_1_BASED_INCLUSIVE,12,0.049587,TRACE_LBD,True,,,False,,True,PROJECT_PREFILTER_PASS,[]
Q15466,NR0B2,SHP,Orphan receptors,9HDF,9HDF_3,3,"[""X-RAY DIFFRACTION""]",True,[2.78],2.78,2.78,PASS_PROJECT_RANGE,[0.24431],0.24431,0.24431,PASS_ALL_LE_0_30,16,257,242,UNIPROT_PROSITE_NR_LBD,UNIPROT_CANONICAL_1_BASED_INCLUSIVE,14,0.057851,TRACE_LBD,True,,,False,,True,PROJECT_PREFILTER_PASS,[]
Q9Y466,NR2E1,TLX,Orphan receptors,4XAJ,4XAJ_1,1,"[""X-RAY DIFFRACTION""]",True,[3.551],3.551,3.551,TOO_LOW_RESOLUTION_GT_3_5,[0.3136],0.3136,0.3136,FAIL_ALL_GT_0_30,155,383,229,UNIPROT_PROSITE_NR_LBD,UNIPROT_CANONICAL_1_BASED_INCLUSIVE,202,0.882096,SUBSTANTIAL_LBD,True,0.0,0.0,True,,False,MULTIPLE_REASONS,"[""RESOLUTION_REVIEW"", ""RFREE_REVIEW""]"
